Iteration	CindexClinical	CindexMicrobiome	AUC180Clinical	AUC180Microbiome	AUC365Clinical	AUC365Microbiome	AUC548Clinical	AUC548Microbiome	CindexDelta	AUC180Delta	AUC365Delta	AUC548Delta
1	0.665673693858845	0.662923923006416	0.698169433801618	0.719029374201788	0.618865513647066	0.628277685986655	0.668233006782541	0.708693880974465	-0.002749770852429	0.0208599404001703	0.00941217233958891	0.040460874191924
2	0.708487084870849	0.726720208378554	0.742506319971109	0.775370169736367	0.711525343084345	0.745803555301011	0.706990244471662	0.746032944712348	0.0182331235077057	0.0328638497652582	0.0342782122166663	0.0390427002406863
3	0.636652302109322	0.654570197323656	0.658783783783784	0.682432432432432	0.665860908937035	0.69112855450237	0.628352028768905	0.666038755872203	0.0179178952143344	0.0236486486486487	0.0252676455653351	0.0376867271032987
4	0.653763440860215	0.675507765830346	0.696610861576153	0.760310330747244	0.652487663335227	0.697621187262581	0.630156098175499	0.698726373387719	0.0217443249701313	0.0636994691710903	0.0451335239273548	0.0685702752122208
5	0.677909639808453	0.694774099521133	0.687142857142857	0.76	0.652263374485597	0.723593964334705	0.653493954480797	0.744310099573258	0.0168644597126796	0.0728571428571428	0.0713305898491083	0.0908161450924609
6	0.624809243514279	0.665140614780903	0.585960960960961	0.667417417417417	0.596790641338079	0.662358440373945	0.655798351593438	0.725482895439549	0.0403313712666231	0.0814564564564564	0.0655677990358664	0.0696845438461118
7	0.623975851660198	0.68132815868909	0.575841721624436	0.673377299548768	0.566405316389286	0.663487714593838	0.619476789274379	0.719450272661242	0.0573523070288918	0.0975355779243318	0.0970823982045528	0.0999734833868631
8	0.650229943791518	0.672713336739908	0.630117647058824	0.645176470588235	0.642745098039216	0.65921568627451	0.641156472376908	0.703013575393363	0.0224833929483904	0.0150588235294117	0.0164705882352941	0.0618571030164542
9	0.700639752923009	0.71255239355835	0.696778711484594	0.738445378151261	0.69469537873265	0.72908051439135	0.749691486144638	0.794778182921144	0.0119126406353408	0.0416666666666666	0.0343851356587002	0.0450866967765067
10	0.694196428571429	0.699330357142857	0.657163742690059	0.695906432748538	0.703364458757464	0.70833265903905	0.770095202671561	0.79549324428129	0.00513392857142858	0.0387426900584795	0.00496820028158529	0.0253980416097288
11	0.616088947024199	0.659690429474602	0.628654970760234	0.710526315789474	0.582033898305085	0.656949152542373	0.600347985347985	0.680054945054945	0.0436014824504033	0.0818713450292398	0.0749152542372881	0.0797069597069596
12	0.623374024414649	0.6513908345007	0.638305322128852	0.679621848739496	0.645736129627141	0.670790169701261	0.690042163104542	0.717157867101163	0.0280168100860516	0.0413165266106442	0.0250540400741209	0.0271157039966207
13	0.672479320366644	0.68790520903197	0.693347953216374	0.740497076023392	0.655046326166039	0.699740710991364	0.660714074724676	0.734849960266151	0.0154258886653252	0.0471491228070176	0.0446943848253242	0.0741358855414747
14	0.654033687943262	0.68218085106383	0.606039569593891	0.683096147171121	0.641779695042812	0.712463934563993	0.640083962608173	0.734018228011332	0.0281471631205673	0.0770565775772301	0.0706842395211817	0.0939342654031589
15	0.64769756686105	0.670420269455057	0.658627717391304	0.720448369565217	0.6706224264556	0.729685962061515	0.676966003834709	0.747151948153354	0.0227227025940077	0.0618206521739131	0.059063535605915	0.0701859443186452
16	0.656481689507976	0.683217254549539	0.693571428571429	0.737142857142857	0.707295965916656	0.732880663915147	0.716913951840065	0.759451996430705	0.0267355650415637	0.0435714285714286	0.0255846979984912	0.0425380445906395
17	0.601636806016368	0.678389736783897	0.627450980392157	0.740546218487395	0.585760223059394	0.70921474490168	0.560523914247933	0.684746080058134	0.0767529307675293	0.113095238095238	0.123454521842287	0.124222165810201
18	0.646227354170814	0.671311964961179	0.636363636363636	0.707988980716253	0.632096268659608	0.685374165034079	0.654779910512177	0.745589270576637	0.0250846107903644	0.071625344352617	0.0532778963744711	0.0908093600644601
19	0.616279069767442	0.640396210163652	0.568045245669848	0.620007069635914	0.618902894437486	0.663376575624217	0.665776025466241	0.734626713203873	0.0241171403962102	0.0519618239660657	0.0444736811867309	0.0688506877376321
20	0.549498746867168	0.601294903926483	0.533404029692471	0.623895369388477	0.507056585409017	0.579480599920365	0.570282792391741	0.660897189621769	0.051796157059315	0.0904913396960058	0.0724240145113481	0.0906143972300286
21	0.585442329227324	0.612318029115342	0.538011695906433	0.596125730994152	0.513222609540321	0.542582704709911	0.585641426226517	0.66578065464266	0.026875699888018	0.0581140350877193	0.0293600951695899	0.0801392284161427
22	0.598503191723531	0.611930442438917	0.591262495372084	0.639022584228064	0.566044022412148	0.601096246371221	0.593897728171319	0.633541700120781	0.0134272507153863	0.0477600888559793	0.0350522239590735	0.0396439719494612
23	0.632451000202061	0.663770458678521	0.700980392156863	0.73984593837535	0.623389830508475	0.649491525423729	0.644299828503444	0.67982020714874	0.0313194584764599	0.0388655462184875	0.0261016949152543	0.0355203786452966
24	0.636346042190826	0.636152506289917	0.634920634920635	0.6875	0.711134453781513	0.751050420168067	0.697387191230573	0.739132066971995	-0.000193535900909647	0.0525793650793651	0.0399159663865547	0.041744875741422
25	0.609321305841924	0.641752577319588	0.587296077750781	0.669212079139188	0.587790182527025	0.648331265875126	0.621934519437298	0.692684008949846	0.0324312714776631	0.0819160013884068	0.0605410833481009	0.070749489512548
26	0.61317813344419	0.638744543753897	0.632766400555363	0.644220756681708	0.598186559203508	0.609582790091265	0.696814462130829	0.759970436261453	0.025566410309707	0.011454356126345	0.0113962308877562	0.0631559741306241
27	0.64055011460721	0.672015003125651	0.632352941176471	0.692577030812325	0.61090515909793	0.681064919016726	0.594480197789584	0.705588573373141	0.0314648885184413	0.0602240896358542	0.0701597599187961	0.111108375583556
28	0.689251820790113	0.716839549768263	0.675857193354542	0.738776952986921	0.685728004389976	0.742534753978416	0.720293980027521	0.774065867103739	0.0275877289781505	0.0629197596323789	0.0568067495884397	0.0537718870762181
29	0.604744757466638	0.619148485490362	0.6005655708731	0.632732414280665	0.590151040182388	0.605654032487888	0.612623214370954	0.664358955800039	0.0144037280237237	0.0321668434075646	0.0155029923055001	0.0517357414290843
30	0.69854514334617	0.69084296106119	0.681159420289855	0.692470837751856	0.703728813559322	0.728813559322034	0.704484464286444	0.778435849572957	-0.00770218228498065	0.0113114174620007	0.0250847457627119	0.0739513852865131
31	0.631669907107367	0.661914020306762	0.581140350877193	0.66483918128655	0.612431444241316	0.668697948405444	0.631003798860884	0.694562011029883	0.0302441131993951	0.0836988304093568	0.0562665041641275	0.0635582121689997
32	0.604035308953342	0.651534258091635	0.59263085399449	0.664944903581267	0.605408008443292	0.68718695420262	0.611206101673054	0.706233308339636	0.0474989491382934	0.0723140495867769	0.0817789457593271	0.0950272066665823
33	0.627524752475248	0.676831683168317	0.662298387096774	0.710349462365591	0.664124668435013	0.704244031830239	0.656456937633814	0.745648870778369	0.0493069306930692	0.0480510752688172	0.0401193633952255	0.0891919331445543
34	0.650253919187459	0.681165820269375	0.639581076200795	0.710003611412062	0.703109694583568	0.758452205586951	0.677600587743078	0.767498357801291	0.0309119010819165	0.0704225352112675	0.0553425110033835	0.0898977700582133
35	0.671952877208881	0.674444947893068	0.579809523809524	0.614857142857143	0.700502777905322	0.731346710133615	0.702107956736898	0.745995155944591	0.00249207068418666	0.035047619047619	0.0308439322282933	0.0438871992076929
36	0.599957328781737	0.623853211009174	0.597222222222222	0.635510510510511	0.581522723157704	0.62032007564327	0.604192121127693	0.688767889106836	0.0238958822274377	0.0382882882882883	0.0387973524855655	0.0845757679791432
37	0.66870777027027	0.67504222972973	0.675675675675676	0.709366901147723	0.614766313478146	0.649885606708126	0.684029967024838	0.730904244841899	0.00633445945945943	0.0336912254720474	0.0351192932299803	0.0468742778170606
38	0.535947712418301	0.57796451914099	0.502951593860685	0.567099567099567	0.474008831048106	0.538057169416686	0.45962273131308	0.52955069124424	0.042016806722689	0.0641479732388823	0.06404833836858	0.0699279599311593
39	0.684845671849617	0.676491065212346	0.686857142857143	0.696	0.701066896717409	0.70450127765523	0.706367342877568	0.754289390901104	-0.00835460663727083	0.00914285714285712	0.00343438093782078	0.0479220480235354
40	0.621448579431773	0.632252901160464	0.630769230769231	0.64957264957265	0.588811188811189	0.605244755244755	0.661394432126139	0.720803857389223	0.0108043217286914	0.0188034188034188	0.0164335664335664	0.0594094252630838
41	0.664876033057851	0.670247933884297	0.68801652892562	0.717286501377411	0.65707671957672	0.666335978835979	0.667922842940087	0.696591146335727	0.00537190082644623	0.0292699724517906	0.00925925925925919	0.0286683033956401
42	0.587095524123232	0.652586708002325	0.616752136752137	0.699145299145299	0.567543494188803	0.647176289740974	0.549567109378541	0.677318948974812	0.0654911838790931	0.0823931623931624	0.0796327955521715	0.127751839596271
43	0.650584484590861	0.667162592986185	0.617493925720236	0.648385977091288	0.593469111156226	0.628891370222493	0.643835786743174	0.719438005071975	0.016578108395324	0.0308920513710518	0.0354222590662666	0.0756022183288012
44	0.574149108589951	0.604943273905997	0.56	0.611965811965812	0.565319865319865	0.625925925925926	0.569882864343798	0.67826932467721	0.0307941653160454	0.0519658119658121	0.0606060606060606	0.108386460333412
45	0.630826600372902	0.671845866998136	0.613636363636364	0.668044077134986	0.644451788205919	0.689585322268733	0.610483489185271	0.679680359623327	0.0410192666252331	0.0544077134986225	0.0451335340628137	0.0691968704380562
46	0.670596904937362	0.698845492507983	0.664568678267308	0.750462791558682	0.626872895622896	0.698500631313131	0.649305168982017	0.730161119271514	0.0282485875706215	0.0858941132913735	0.0716277356902357	0.0808559502894974
47	0.648881914476265	0.660847391133778	0.620943459350954	0.694546671127467	0.651802507836991	0.721623563218391	0.612390515438553	0.701524172714971	0.0119654766575128	0.0736032117765139	0.0698210553814003	0.0891336572764178
48	0.618830525272547	0.652923686818632	0.651388424222148	0.691201070592171	0.610026493646932	0.646860232495269	0.669899061042049	0.739221260960922	0.0340931615460853	0.0398126463700234	0.0368337388483374	0.0693221999188731
49	0.616283924843424	0.648016701461378	0.582633053221289	0.667016806722689	0.644204851752022	0.717991913746631	0.628495423473526	0.714195805816244	0.0317327766179542	0.0843837535014006	0.0737870619946093	0.085700382342718
50	0.609973646868032	0.639570241232516	0.580981182795699	0.64616935483871	0.590842886041807	0.640687795010115	0.628331547769095	0.682741996470885	0.029596594364484	0.0651881720430108	0.0498449089683074	0.0544104487017897
51	0.638446432467816	0.675758236962688	0.668168168168168	0.73536036036036	0.662601256638913	0.729710282743755	0.645412184914444	0.713473943953461	0.0373118044948724	0.0671921921921922	0.067109026104842	0.0680617590390171
52	0.650107066381156	0.659743040685225	0.626071428571429	0.664642857142857	0.641106442577031	0.669817927170868	0.664003302050747	0.740193778241223	0.00963597430406848	0.0385714285714285	0.0287114845938375	0.0761904761904761
53	0.617822203317737	0.675669927690345	0.613940050559769	0.717226435536295	0.641772212296486	0.721317124634854	0.646235632739666	0.742003776042944	0.0578477243726073	0.103286384976526	0.079544912338368	0.0957681433032783
54	0.614893617021277	0.636595744680851	0.611940298507463	0.669212079139188	0.630965236045302	0.694903501675719	0.604552153034263	0.695336069604055	0.0217021276595744	0.0572717806317251	0.0639382656304172	0.0907839165697923
55	0.572842105263158	0.603157894736842	0.545	0.588214285714286	0.569748371410221	0.613880860629416	0.593388426245175	0.660968791100672	0.0303157894736843	0.0432142857142856	0.0441324892191944	0.0675803648554969
56	0.643770314192849	0.67670639219935	0.67530544242873	0.724176231025546	0.677224932249322	0.725544715447154	0.673224358662035	0.744952370661627	0.0329360780065004	0.048870788596816	0.048319783197832	0.0717280119995929
57	0.621464997681966	0.626796476587854	0.595352564102564	0.59375	0.584911725313527	0.603142485178282	0.62096384684418	0.68927512156736	0.00533147890588781	-0.0016025641025641	0.0182307598647548	0.0683112747231792
58	0.691152263374486	0.720987654320988	0.73550850399167	0.763970843457133	0.726003541912633	0.749923258559622	0.723100348895305	0.77976575737074	0.0298353909465021	0.0284623394654634	0.0239197166469894	0.0566654084754346
59	0.627134502923977	0.630409356725146	0.671052631578947	0.672600619195046	0.628348214285714	0.621808978873239	0.586367391467074	0.630898346037887	0.00327485380116965	0.00154798761609909	-0.00653923541247492	0.0445309545708127
60	0.614254385964912	0.619078947368421	0.605994152046784	0.626827485380117	0.593935996374003	0.612925856809968	0.623165044247788	0.684442477876106	0.00482456140350873	0.0208333333333333	0.0189898604359655	0.0612774336283185
61	0.611123421227565	0.650121870152892	0.635674931129477	0.697314049586777	0.604870118269196	0.662968521099082	0.606135495884834	0.677086669189787	0.0389984489253269	0.0616391184573003	0.0580984028298853	0.0709511733049536
62	0.627595846645367	0.636781150159744	0.591016548463357	0.645052347180007	0.582019039499858	0.608133229137065	0.655009753528848	0.696945949587955	0.00918530351437707	0.0540357987166498	0.0261141896372076	0.0419361960591069
63	0.595346715328467	0.632299270072993	0.574195906432749	0.625365497076023	0.630674926573041	0.680564605142839	0.604629335696287	0.664626311854457	0.0369525547445255	0.0511695906432749	0.0498896785697976	0.0599969761581701
64	0.654496883348175	0.671193232413179	0.699809523809524	0.730285714285714	0.603675856307435	0.62546992481203	0.633444337865009	0.682066499418937	0.0166963490650044	0.0304761904761905	0.0217940685045948	0.0486221615539282
65	0.667938165027103	0.692832764505119	0.669059829059829	0.718632478632479	0.689256198347107	0.739173553719008	0.688666666666667	0.762	0.0248945994780164	0.0495726495726495	0.0499173553719009	0.0733333333333334
66	0.598958333333333	0.642227564102564	0.605298913043478	0.683084239130435	0.578494139829873	0.653154349953219	0.594426425768125	0.688889141989246	0.0432692307692308	0.0777853260869565	0.0746602101233457	0.0944627162211211
67	0.629674796747967	0.647967479674797	0.612634501909059	0.666088163832003	0.629310344827586	0.668766578249337	0.622734168102229	0.696661352942689	0.0182926829268293	0.0534536619229434	0.0394562334217506	0.0739271848404598
68	0.671317829457364	0.646068660022148	0.684191040355424	0.686042206590152	0.648452584742548	0.646720792392713	0.657212927689124	0.680335162639529	-0.0252491694352159	0.00185116623472792	-0.001731792349835	0.0231222349504046
69	0.684005499541705	0.733501374885426	0.697142857142857	0.7575	0.667332916077065	0.723131236167048	0.714931182002279	0.790868378475464	0.0494958753437214	0.0603571428571429	0.0557983200899823	0.0759371964731852
70	0.64980633401686	0.678742310321258	0.647058823529412	0.693498452012384	0.621457658974627	0.665208311579827	0.65792835132297	0.719482173905559	0.0289359763043975	0.0464396284829721	0.0437506526052001	0.0615538225825888
71	0.590514362057448	0.661545312847918	0.568977591036415	0.682773109243697	0.608522096380191	0.71402398401066	0.620287049052686	0.739240591746691	0.0710309507904698	0.113795518207283	0.105501887630469	0.118953542694005
72	0.603339839514205	0.640425070483626	0.69982905982906	0.743589743589744	0.62570493753718	0.680333135038668	0.578286324494471	0.634110226052189	0.037085230969421	0.0437606837606838	0.0546281975014873	0.0558239015577174
73	0.55394907207596	0.606387570133794	0.574800416522041	0.656369316209649	0.505984785036293	0.583170482039829	0.519523017316519	0.606213269784009	0.0524384980578334	0.0815688996876085	0.0771856970035362	0.0866902524674905
74	0.670921080621144	0.681769836205063	0.694187338022954	0.720103665309145	0.683982608031908	0.696321039371173	0.697004134264499	0.721786422906016	0.0108487555839184	0.0259163272861903	0.0123384313392647	0.0247822886415173
75	0.6609375	0.683482142857143	0.699893955461294	0.789324849770237	0.603204347333862	0.672400316993094	0.588074737066473	0.669920042506605	0.0225446428571429	0.089430894308943	0.0691959696592324	0.0818453054401312
76	0.637068789548888	0.674015105123495	0.627634660421546	0.706590833054533	0.619630422200688	0.694595103986496	0.640003011296872	0.730540575608577	0.036946315574607	0.0789561726329876	0.074964681785809	0.0905375643117052
77	0.632031767041694	0.667328480035297	0.603650137741047	0.679063360881543	0.619217142083409	0.710309848348077	0.649418419144308	0.746195794053662	0.0352967129936025	0.0754132231404958	0.0910927062646687	0.0967773749093546
78	0.629755028878709	0.629555865365465	0.611593196806664	0.635196112460951	0.620254279959718	0.629506545820745	0.659375303195928	0.706707179032748	-0.000199163513244449	0.0236029156542867	0.00925226586102712	0.0473318758368209
79	0.631535947712418	0.67422385620915	0.619834710743802	0.724517906336088	0.571286546581859	0.662162595542252	0.579287549521773	0.696181146087158	0.042687908496732	0.104683195592286	0.0908760489603934	0.116893596565385
80	0.639835994820889	0.654725938713854	0.658613445378151	0.653711484593838	0.630637711790629	0.621727598928015	0.651943353413658	0.713913320119022	0.0148899438929651	-0.00490196078431382	-0.00891011286261412	0.061969966705364
81	0.709430756159728	0.693288020390824	0.743247863247863	0.746666666666667	0.713492877492877	0.711868945868946	0.704962790304161	0.734558169378921	-0.016142735768904	0.00341880341880352	-0.0016239316239316	0.02959537907476
82	0.617296423519903	0.64417053950293	0.64885752688172	0.698924731182796	0.702069895982939	0.723285024154589	0.67972948099341	0.721365808844251	0.0268741159830269	0.0500672043010753	0.0212151281716499	0.0416363278508401
83	0.705787781350482	0.710840606338999	0.724952380952381	0.740190476190476	0.725152745023868	0.735289372646468	0.719539218958968	0.74574219337564	0.00505282498851634	0.0152380952380953	0.0101366276225994	0.026202974416672
84	0.673970919516691	0.703665779234077	0.699757028809441	0.741409232905241	0.730703259005146	0.783190394511149	0.688164108618654	0.776232290436836	0.0296948597173869	0.0416522040958001	0.0524871355060035	0.0880681818181818
85	0.663722267871816	0.66721446179129	0.661428571428571	0.677857142857143	0.730318550905684	0.73947532792005	0.74389167001312	0.768022039046782	0.00349219391947408	0.0164285714285715	0.00915677701436612	0.0241303690336624
86	0.598469988230679	0.593369948999608	0.566915760869565	0.577445652173913	0.615407212636267	0.622940033087796	0.66329517584581	0.703003053810832	-0.00510003923107105	0.0105298913043479	0.00753282045152892	0.0397078779650211
87	0.631380674326615	0.644189112827274	0.611772486772487	0.659391534391534	0.660418528839582	0.703077624130256	0.697412085080674	0.766149202146563	0.0128084385006593	0.0476190476190476	0.0426590952906742	0.0687371170658896
88	0.709984502988709	0.717290236882887	0.719754423979776	0.730949801372337	0.737389676762935	0.743290857052788	0.761810855167216	0.822644381826503	0.00730573389417755	0.0111953773925605	0.00590118028985342	0.060833526659287
89	0.631397849462366	0.665376344086022	0.605701592002962	0.661236579044798	0.677055702917772	0.71551724137931	0.643354288159502	0.713627410503862	0.033978494623656	0.0555349870418363	0.0384615384615384	0.0702731223443601
90	0.710239145576968	0.7369398653355	0.688761904761905	0.718857142857143	0.744932255625981	0.765976623829738	0.78203608529251	0.833798797156916	0.0267007197585326	0.0300952380952382	0.0210443682037564	0.0517627118644067
91	0.652786282914881	0.677689324351909	0.698002754820937	0.736914600550964	0.687358890524133	0.724058852058735	0.691317027946831	0.742396182449158	0.0249030414370279	0.0389118457300275	0.0366999615346022	0.0510791545023265
92	0.669071669071669	0.711399711399711	0.677857142857143	0.747142857142857	0.6666407620401	0.730421653307281	0.6581127845848	0.721258971462928	0.0423280423280423	0.0692857142857143	0.0637808912671802	0.0631461868781282
93	0.697415329768271	0.72482174688057	0.73536036036036	0.761261261261261	0.772404526301977	0.795838746336165	0.779496799281309	0.814749233285438	0.0274064171122995	0.0259009009009009	0.023434220034188	0.0352524340041289
94	0.677101306384028	0.719743652945526	0.707207207207207	0.766891891891892	0.675046904315197	0.74108818011257	0.659756927564414	0.765308701993194	0.0426423465614986	0.0596846846846847	0.0660412757973733	0.10555177442878
95	0.653650599959325	0.69269880008135	0.670600485942381	0.726136758070115	0.696508143322476	0.753817589576547	0.626102214403598	0.69820166609236	0.0390482001220257	0.0555362721277335	0.0573094462540717	0.0720994516887623
96	0.636301835486064	0.694085656016315	0.572609208972845	0.68280204643841	0.629536406831899	0.699108771028637	0.689189495722252	0.762261699094189	0.0577838205302516	0.110192837465565	0.0695723641967381	0.0730722033719371
97	0.640718562874252	0.670245715465621	0.613997879109226	0.677978084128667	0.622826049635996	0.66477485829206	0.648734790129365	0.714529795300347	0.029527152591369	0.0639802050194416	0.0419488086560648	0.0657950051709819
98	0.610327619874159	0.642872640486006	0.581949765857812	0.636015325670498	0.546324786324786	0.583247863247863	0.616584823678287	0.696554195549683	0.0325450206118465	0.0540655598126862	0.0369230769230769	0.0799693718713954
99	0.64573268921095	0.665458937198068	0.656022214508851	0.706699062825408	0.603027057497182	0.648286358511838	0.683006511726402	0.727626793371804	0.0197262479871176	0.0506768483165567	0.0452593010146561	0.044620281645402
100	0.665387076135637	0.674130944764342	0.634154807358556	0.686567164179104	0.629553771600858	0.659817553314853	0.647823422397719	0.708971420975557	0.00874386862870546	0.0524123568205483	0.0302637817139955	0.0611479985778383
101	0.6297402895886	0.692484486324983	0.599407626804887	0.694927804516846	0.649266004415011	0.746578366445916	0.662868638815981	0.759696565971079	0.0627441967363825	0.0955201777119585	0.0973123620309051	0.0968279271550974
102	0.55264367816092	0.590804597701149	0.500590318772137	0.567493112947658	0.447039107019676	0.523460170982707	0.501381317594424	0.624684837854622	0.0381609195402299	0.0669027941755215	0.0764210639630314	0.123303520260198
103	0.653015937058705	0.670163405285455	0.648380952380952	0.665904761904762	0.684844429575109	0.686851789896286	0.700664246716836	0.767349092518814	0.0171474682267501	0.0175238095238095	0.00200736032117765	0.0666848458019772
104	0.584089035449299	0.590478153338829	0.569285714285714	0.586428571428571	0.536372116088507	0.553988476161239	0.577624172655336	0.638914205919417	0.00638911788953012	0.0171428571428571	0.0176163600727324	0.0612900332640803
105	0.647021812080537	0.689597315436242	0.650382186773014	0.728148886673313	0.682295623990882	0.768962755643144	0.679425921921825	0.763693436365216	0.0425755033557047	0.0777666999002991	0.086667131652262	0.0842675144433913
106	0.628457623368002	0.640628457623368	0.55847619047619	0.584761904761905	0.6061335089141	0.631665316045381	0.662527945702402	0.748819780225724	0.0121708342553664	0.0262857142857144	0.0255318071312804	0.0862918345233223
107	0.608479299363057	0.630971337579618	0.62428905988625	0.656072264971562	0.61833829857663	0.635882158225753	0.577270141490046	0.635295749113835	0.0224920382165605	0.0317832050853128	0.0175438596491228	0.0580256076237893
108	0.640978964401295	0.651901294498382	0.603039943442913	0.660303994344291	0.642738451312728	0.665337321369226	0.651115413512108	0.693673062474715	0.0109223300970873	0.0572640509013785	0.0225988700564972	0.0425576489626076
109	0.591678097850937	0.612711476909008	0.576754385964912	0.622441520467836	0.558894892985802	0.592493112947658	0.6121942082804	0.675372902285831	0.0210333790580705	0.0456871345029239	0.0335982199618563	0.063178694005431
110	0.613784408489178	0.640470687119143	0.606231231231231	0.641516516516517	0.608327218665165	0.644444892890201	0.661826552996296	0.719597764448978	0.0266862786299643	0.0352852852852853	0.0361176742250361	0.0577712114526825
111	0.655907303951997	0.674736188702669	0.661610689779704	0.705308775731311	0.619826620217846	0.657757705542133	0.640187983544008	0.702254521559207	0.0188288847506725	0.0436980859516071	0.0379310853242877	0.0620665380151985
112	0.592578275995361	0.625821414766138	0.625454545454545	0.655867768595041	0.648399122807018	0.681732456140351	0.668027050067651	0.698213639787374	0.033243138770777	0.0304132231404959	0.0333333333333333	0.030186589719723
113	0.675717439293598	0.683664459161148	0.710498409331919	0.736302580417109	0.686469072164948	0.715169366715758	0.678510455593004	0.705536152491116	0.00794701986754964	0.0258041710851892	0.02870029455081	0.0270256968981117
114	0.629079450821517	0.638082376772451	0.669891640866873	0.65905572755418	0.587951994295647	0.589653599620647	0.665674833671596	0.69427302775727	0.0090029259509341	-0.0108359133126935	0.00170160532500008	0.028598194085674
115	0.635284315767548	0.664653197250573	0.663911845730028	0.747245179063361	0.628845835403212	0.711420213059557	0.623245244636379	0.728579988224461	0.0293688814830244	0.0833333333333333	0.0825743776563449	0.105334743588082
116	0.620292241201893	0.658160115250051	0.628034188034188	0.677606837606838	0.667328042328042	0.716269841269841	0.676161735913682	0.760203454570192	0.0378678740481581	0.0495726495726496	0.048941798941799	0.0840417186565099
117	0.685898970553029	0.700502753172133	0.677011024908126	0.703144140465496	0.683637037461958	0.703192705062557	0.710850869054018	0.773051846309818	0.0146037826191046	0.0261331155573703	0.019555667600599	0.0622009772558006
118	0.613671107228652	0.659314260755623	0.616472251679039	0.701661364439731	0.60435910613417	0.699587809499766	0.609830650941092	0.71696632813379	0.045643153526971	0.0851891127606927	0.0952287033655963	0.107135677192698
119	0.597955301949596	0.634094151212554	0.620192307692308	0.675080128205128	0.615706557086265	0.651978064210962	0.579118655105962	0.646742350547001	0.0361388492629577	0.0548878205128205	0.036271507124697	0.0676236954410395
120	0.65168776371308	0.668987341772152	0.616959064327485	0.682017543859649	0.677750846277469	0.723581632079508	0.691296860196938	0.758201188140888	0.0172995780590717	0.0650584795321637	0.0458307858020394	0.0669043279439493
121	0.660851505711319	0.677258566978193	0.710585585585586	0.716591591591592	0.690454129013451	0.69500374796985	0.676909583836102	0.73470160971477	0.0164070612668744	0.00600600600600598	0.0045496189563986	0.0577920258786681
122	0.609771440553575	0.61732019291256	0.676785714285714	0.6925	0.548828428102408	0.544882207948469	0.56150252499793	0.596737510684084	0.007548752358985	0.0157142857142857	-0.00394622015393886	0.0352349856861538
123	0.604842018875667	0.609971276159212	0.618457300275482	0.661157024793388	0.573601890161113	0.605402140329495	0.637009514441377	0.69082821525941	0.00512925728354541	0.0426997245179063	0.0318002501683826	0.0538187008180324
124	0.638456751711263	0.68160132752541	0.67621067515023	0.760692824319548	0.616451969083548	0.697129186602871	0.663484288206951	0.763861115113096	0.0431445758141464	0.0844821491693178	0.0806772175193229	0.100376826906145
125	0.703835673862922	0.701530077551876	0.693817104776009	0.685671973343206	0.789046653144016	0.78262339418526	0.7583770937209	0.79605265096597	-0.00230559631104588	-0.00814513143280271	-0.00642325895875584	0.03767555724507
126	0.670972793110198	0.66412213740458	0.704301075268817	0.70866935483871	0.686893762421115	0.696405285729228	0.691852759562481	0.714377696560278	-0.00685065570561749	0.00436827956989239	0.00951152330811345	0.0225249369977967
127	0.566920064501267	0.623358673116793	0.55293191656828	0.680834317197954	0.510157939119573	0.61158769710688	0.484645074265393	0.589941702049388	0.0564386086155264	0.127902400629673	0.101429757987306	0.105296627783994
128	0.616131756756757	0.644425675675676	0.585960960960961	0.641516516516517	0.632869877870952	0.660615570724046	0.613559482027765	0.698805250812321	0.0282939189189189	0.0555555555555556	0.027745692853094	0.0852457687845561
129	0.570071719325451	0.613878658654778	0.556681681681682	0.621621621621622	0.497377065254694	0.5426104329068	0.55604093786382	0.639462072146376	0.0438069393293274	0.06493993993994	0.0452333676521056	0.0834211342825562
130	0.634778721502012	0.6727760393384	0.647857142857143	0.734285714285714	0.641227285736221	0.694459624365915	0.648073894417415	0.690233107033319	0.037997317836388	0.0864285714285715	0.0532323386296939	0.0421592126159038
131	0.652977412731006	0.693223819301848	0.686820652173913	0.73539402173913	0.660842450886921	0.719013072847609	0.699433945947355	0.783870776674076	0.0402464065708419	0.0485733695652174	0.0581706219606875	0.0844368307267211
132	0.685018050541516	0.667193140794224	0.699000370233247	0.672713809700111	0.680459767451985	0.629715007002929	0.695197117134369	0.724090953337847	-0.0178249097472925	-0.0262865605331358	-0.0507447604490562	0.0288938362034783
133	0.654670599803343	0.68062930186824	0.66677818668451	0.726998996319839	0.638988305683982	0.697093645181761	0.67411727530882	0.738666616443487	0.0259587020648967	0.0602208096353296	0.058105339497779	0.0645493411346671
134	0.64866760168303	0.691912108461898	0.688214285714286	0.778571428571429	0.622563835330902	0.715708412946558	0.615254145910159	0.713042634405124	0.0432445067788686	0.0903571428571429	0.0931445776156563	0.0977884884949645
135	0.598357450136879	0.647829487680876	0.594758064516129	0.658938172043011	0.632550836350424	0.694806711566162	0.581966332378223	0.711883954154728	0.0494720375439969	0.0641801075268817	0.0622558752157383	0.129917621776504
136	0.646979564338648	0.677745340220076	0.633406432748538	0.729897660818713	0.593551178296941	0.671379854430702	0.612519954792682	0.711802465211556	0.0307657758814283	0.0964912280701754	0.0778286761337609	0.0992825104188741
137	0.641598119858989	0.677790834312573	0.647058823529412	0.680727554179567	0.612903225806452	0.664378860672615	0.621876351307259	0.694079454536197	0.0361927144535841	0.0336687306501547	0.0514756348661634	0.0722031032289385
138	0.670043415340087	0.683688236510234	0.737603305785124	0.760330578512397	0.652482933579336	0.674791628228782	0.659811908335308	0.728542621900214	0.0136448211701468	0.0227272727272728	0.0223086946494465	0.0687307135649068
139	0.64802765351769	0.695607970719805	0.581521739130435	0.658627717391304	0.693925957207207	0.76615990990991	0.699899506542825	0.792501495773548	0.0475803172021148	0.0771059782608695	0.0722339527027027	0.092601989230723
140	0.709200085781686	0.688398027021231	0.670868347338936	0.697478991596639	0.644807911753518	0.680948758354616	0.721173434439223	0.74411975069878	-0.0208020587604546	0.0266106442577032	0.0361408466010977	0.0229463162595566
141	0.669264069264069	0.676839826839827	0.641785714285714	0.677142857142857	0.65531475748194	0.683866529067767	0.698441580696538	0.733762303249678	0.00757575757575757	0.0353571428571428	0.0285517715858273	0.03532072255314
142	0.604127579737336	0.648530331457161	0.574285714285714	0.638571428571429	0.643271291716841	0.725095150760214	0.619433258990984	0.712396187708145	0.0444027517198249	0.0642857142857143	0.081823859043373	0.0929629287171614
143	0.643514460999124	0.661262050832603	0.648026315789474	0.690789473684211	0.608094094746334	0.647296401857118	0.645779651868365	0.734487034286586	0.0177475898334795	0.0427631578947368	0.0392023071107847	0.0887073824182206
144	0.584625052366988	0.625052366987851	0.544871794871795	0.604967948717949	0.525904361285884	0.581506814957075	0.606264634335764	0.682789678073892	0.040427314620863	0.0600961538461539	0.0556024536711909	0.076525043738128
145	0.686325802615933	0.715576694411415	0.712462462462462	0.767642642642643	0.692565416303379	0.740812763349672	0.683993282057918	0.751853769418172	0.0292508917954817	0.0551801801801801	0.0482473470462929	0.0678604873602537
146	0.623797230697019	0.672612062896034	0.60874613003096	0.69233746130031	0.608868997818119	0.686292262972179	0.602761482617748	0.695745076282663	0.0488148321990144	0.0835913312693498	0.0774232651540601	0.0929835936649143
147	0.661563584404981	0.69034496836089	0.68698347107438	0.734848484848485	0.660952811408121	0.709797412765343	0.655633086419331	0.702622597431676	0.0287813839559093	0.0478650137741047	0.0488446013572221	0.0469895110123446
148	0.583408273381295	0.602967625899281	0.606231231231231	0.619369369369369	0.552683441037628	0.565434814712967	0.582153699951171	0.655769915323722	0.0195593525179856	0.0131381381381381	0.0127513736753391	0.0736162153725513
149	0.66403246475865	0.689021785561726	0.669871794871795	0.705128205128205	0.655733943660724	0.686008792387986	0.707075340067002	0.769976651569631	0.0249893208030756	0.0352564102564102	0.0302748487272626	0.0629013115026295
150	0.627326266195524	0.651825677267373	0.650053022269353	0.729232944503358	0.634845875483474	0.706623457954234	0.614793492755967	0.70076030088661	0.0244994110718493	0.0791799222340049	0.0717775824707603	0.0859668081306433
151	0.656045751633987	0.676674836601307	0.665	0.695	0.673340139140956	0.731649526114136	0.6707536820205	0.741056927459637	0.0206290849673203	0.03	0.05830938697318	0.0703032454391371
152	0.630454754248966	0.663527790537437	0.592993860599494	0.645720476706392	0.656832917297094	0.709777853034516	0.681479236288129	0.725409076910881	0.0330730362884704	0.0527266161068978	0.052944935737422	0.0439298406227514
153	0.645788757051157	0.687414899824937	0.73	0.77	0.690209622427074	0.739366362195002	0.668958633706538	0.729654466591838	0.0416261427737794	0.04	0.0491567397679281	0.0606958328853
154	0.628119293974437	0.689592209373098	0.581048247136411	0.693509198195071	0.588453377746344	0.681908922908444	0.693799696585617	0.823018446152267	0.061472915398661	0.11246095105866	0.0934555451620999	0.12921874956665
155	0.611851262676476	0.657784847882283	0.615591397849462	0.657258064516129	0.612477718360071	0.662032085561497	0.646386049072035	0.710374724756213	0.0459335852058063	0.0416666666666666	0.049554367201426	0.0639886756841774
156	0.612872238232469	0.62463976945245	0.589220089832585	0.614128215598203	0.564012371884286	0.585117350961247	0.587319669734913	0.62974624412598	0.0117675312199809	0.0249081257656185	0.0211049790769604	0.0424265743910667
157	0.627939142461964	0.668971876440756	0.661377708978328	0.719814241486068	0.576218053618421	0.653549827808282	0.583789274468188	0.698511861052661	0.0410327339787921	0.0584365325077399	0.0773317741898606	0.114722586584474
158	0.666075388026607	0.661640798226164	0.654202147352832	0.681229174379859	0.659807572936065	0.666066625284502	0.700762406232051	0.756329509938244	-0.00443458980044342	0.0270270270270271	0.00625905234843782	0.0555671037061928
159	0.671514880286417	0.686283284851197	0.662694113398339	0.688335139039364	0.64695985147366	0.678859258634148	0.681684535532882	0.727540945371618	0.0147684045647797	0.0256410256410257	0.0318994071604886	0.045856409838736
160	0.626490066225166	0.626048565121413	0.595616825733475	0.599505125486038	0.613816641167471	0.597699187948688	0.67297499066816	0.686219982580565	-0.000441501103752739	0.00388829975256277	-0.0161174532187831	0.0132449919124051
161	0.686079237930288	0.708811431045681	0.687524596615506	0.757969303423849	0.667582649422984	0.730047047406064	0.679287314947153	0.75373468572611	0.022732193115393	0.0704447068083431	0.0624643979830799	0.0744473707789572
162	0.660016286644951	0.683631921824104	0.662346294449983	0.724825523429711	0.657549401083391	0.716029602502479	0.70443387660249	0.783334872339443	0.0236156351791531	0.0624792289797275	0.0584802014190889	0.078900995736953
163	0.644683714670256	0.664647824136384	0.675807011454356	0.727872266574106	0.649737601710613	0.693406046558917	0.641148389377968	0.684092129621863	0.0199641094661283	0.05206525511975	0.0436684448483038	0.0429437402438949
164	0.627560923010567	0.633383653224067	0.587353801169591	0.608187134502924	0.593913275582681	0.607908595962502	0.64134992696445	0.708493391015163	0.0058227302135001	0.0208333333333333	0.0139953203798217	0.0671434640507121
165	0.61851475076297	0.646592065106816	0.535292131036812	0.608915906788247	0.59757477243173	0.665884265279584	0.598698351220965	0.67585740754802	0.0280773143438454	0.0736237757514353	0.0683094928478544	0.0771590563270558
166	0.665432367675888	0.68743193204095	0.666666666666667	0.715420729505236	0.662323201079774	0.706891994488654	0.674990173897626	0.76000027541776	0.0219995643650621	0.0487540628385699	0.0445687934088801	0.085010101520134
167	0.636431411530815	0.655566600397614	0.627916666666667	0.683333333333333	0.56327245793628	0.606839638285171	0.558080890281483	0.620290196674864	0.0191351888667991	0.0554166666666667	0.0435671803488913	0.0622093063933811
168	0.621289424860853	0.657003710575139	0.586711711711712	0.666666666666667	0.590758340758341	0.654570622427765	0.652905674704019	0.703910143967443	0.0357142857142858	0.079954954954955	0.0638122816694245	0.0510044692634239
169	0.740574506283663	0.758752244165171	0.731428571428571	0.804952380952381	0.769908386187456	0.813953488372093	0.805025566260987	0.872369421906694	0.0181777378815081	0.0735238095238095	0.0440451021846371	0.0673438556457066
170	0.597370210836545	0.632736340965767	0.590840840840841	0.636636636636637	0.575367860787784	0.619421531644425	0.662293191170828	0.733329982484199	0.0353661301292223	0.0457957957957957	0.0440536708566409	0.0710367913133713
171	0.639355424421244	0.668179754879709	0.624950806768989	0.650924832743014	0.638244529983793	0.666693679092383	0.668918344543582	0.748621645219686	0.0288243304584657	0.025974025974026	0.02844914910859	0.0797033006761041
172	0.638107695661652	0.667320688903423	0.661922943422423	0.700451232211038	0.660362952307182	0.693310507781734	0.611467064573976	0.656726786657885	0.0292129932417702	0.0385282887886151	0.0329475554745524	0.0452597220839085
173	0.606005042402017	0.650011460004584	0.586601874349184	0.644914960083304	0.587144920558498	0.624567776951022	0.6104741023832	0.684024019752023	0.0440064176025671	0.0583130857341201	0.0374228563925242	0.0735499173688234
174	0.60210855134713	0.63334634908239	0.499487179487179	0.577777777777778	0.560201320872863	0.62170815562198	0.721388959300636	0.768186581513104	0.0312377977352596	0.0782905982905983	0.0615068347491169	0.0467976222124676
175	0.707554417413572	0.733674775928297	0.679052674561045	0.728052266231115	0.671705890714155	0.712637318009219	0.720163489129219	0.809605567516815	0.0261203585147247	0.0489995916700694	0.0409314272950636	0.0894420783875957
176	0.675286041189931	0.682151029748284	0.713142857142857	0.732190476190476	0.652906411976452	0.669695969970895	0.688155786306813	0.71361168372624	0.00686498855835249	0.0190476190476191	0.0167895579944428	0.0254558974194264
177	0.616762635956494	0.656856472595436	0.634154807358556	0.703228045817424	0.59252787616424	0.655715597533779	0.596608068457931	0.673222346059927	0.0400938366389422	0.0690732384588684	0.0631877213695394	0.0766142776019955
178	0.599294688119903	0.620013224597752	0.542670477746019	0.607594936708861	0.545848115357812	0.593510874833149	0.652017860434172	0.714786146506066	0.0207185364778488	0.064924458962842	0.047662759475337	0.0627682860718938
179	0.582412822178904	0.588260775395278	0.550156195765359	0.585213467545991	0.535124725149746	0.57489616002316	0.508839532856408	0.560224220816579	0.00584795321637432	0.0350572717806318	0.0397714348734138	0.0513846879601707
180	0.599733747503883	0.597736853783004	0.573948948948949	0.599099099099099	0.595690235690236	0.624006734006734	0.578324379145626	0.626971004672921	-0.00199689372087863	0.0251501501501502	0.0283164983164983	0.0486466255272959
181	0.594785336208587	0.607135855714566	0.532928064842959	0.570415400202634	0.597719015453894	0.608362757138471	0.649460929298371	0.6973071652842	0.0123505195059792	0.0374873353596757	0.0106437416845768	0.0478462359858293
182	0.659376454164728	0.67194043741275	0.665915915915916	0.677552552552553	0.657770232031692	0.673005093378608	0.696863740454633	0.733143329304184	0.0125639832480223	0.0116366366366366	0.0152348613469157	0.0362795888495518
183	0.644545651702451	0.668618520928215	0.691885964912281	0.72953216374269	0.641134198651886	0.670319202272854	0.630328200475339	0.712415924128427	0.0240728692257646	0.0376461988304093	0.0291850036209682	0.0820877236530885
184	0.589424254797877	0.626173948550429	0.602453580901857	0.63395225464191	0.64786838012188	0.675909635635789	0.642584026902943	0.694531397079153	0.036749693752552	0.0314986737400531	0.0280412555139091	0.0519473701762099
185	0.655342937002795	0.656632982154375	0.633053221288515	0.670168067226891	0.697282649779902	0.734719629700702	0.675227828593076	0.761695893405893	0.00129004515158027	0.0371148459383753	0.0374369799207996	0.0864680648128172
186	0.596238244514107	0.639498432601881	0.598484848484849	0.669421487603306	0.66995603668337	0.707378037250638	0.621217107701431	0.698634645319102	0.0432601880877743	0.0709366391184573	0.0374220005672686	0.0774175376176711
187	0.630733944954128	0.651605504587156	0.590643274853801	0.638888888888889	0.631398486618817	0.665077576682484	0.645267899754459	0.722599540867589	0.0208715596330274	0.0482456140350876	0.0336790900636669	0.0773316411131301
188	0.642797144057119	0.679966400671987	0.646427249166975	0.709366901147723	0.641623625590165	0.704537532874933	0.595639830581894	0.688140098769471	0.0371692566148677	0.0629396519807479	0.0629139072847682	0.0925002681875768
189	0.64276048714479	0.664604678136478	0.621947139511542	0.711274673803948	0.627996913228902	0.691873200877227	0.639337801577774	0.719841746519549	0.0218441909916876	0.0893275342924055	0.0638762876483245	0.0805039449417755
190	0.68835990390915	0.712382616291767	0.701680672268908	0.74124649859944	0.66995310469518	0.698446239900559	0.703716118678686	0.725453203464533	0.0240227123826163	0.0395658263305323	0.0284931352053789	0.021737084785847
191	0.597614840989399	0.621687279151943	0.58296783625731	0.617690058479532	0.526585089082627	0.569676729383179	0.571673280760955	0.652111952172563	0.0240724381625441	0.0347222222222222	0.0430916403005518	0.0804386714116081
192	0.587781611528313	0.623909072457885	0.659814323607427	0.707228116710875	0.606865619725797	0.663019275567869	0.598029967341656	0.665380074363543	0.0361274609295716	0.0474137931034483	0.0561536558420721	0.0673501070218867
193	0.709638842382205	0.712030614685482	0.749714285714286	0.752	0.701578192252511	0.709469153515065	0.72166767178454	0.752972634673425	0.00239177230327681	0.00228571428571434	0.00789096126255373	0.0313049628888847
194	0.583943224661787	0.639166112220004	0.528380952380952	0.626285714285714	0.534712482468443	0.626577840112202	0.594024316109423	0.701854103343465	0.0552228875582169	0.0979047619047618	0.0918653576437588	0.107829787234043
195	0.622645641699518	0.636662286465177	0.617142857142857	0.672761904761905	0.570528225613929	0.604995251964201	0.615924653641796	0.660175900126718	0.0140166447656592	0.0556190476190477	0.0344670263502723	0.0442512464849217
196	0.663185378590078	0.696123719622414	0.736	0.763666666666667	0.71399209486166	0.749321475625823	0.745924891774892	0.785683766233766	0.0329383410323358	0.0276666666666666	0.0353293807641634	0.0397588744588744
197	0.691036236490782	0.674295401568129	0.709059829059829	0.711794871794872	0.718133905914503	0.699941440562171	0.728863631186935	0.721278728105141	-0.0167408349226531	0.00273504273504277	-0.0181924653523327	-0.00758490308179383
198	0.597840172786177	0.628077753779698	0.573573573573574	0.642642642642643	0.521133715188623	0.567855546430762	0.608616620658682	0.678804933903337	0.0302375809935206	0.0690690690690691	0.0467218312421386	0.0701883132446552
199	0.663988983245352	0.705760844617856	0.70552380952381	0.764571428571429	0.655604031543092	0.71710839438197	0.646809138898626	0.72729873564455	0.041771861372504	0.059047619047619	0.0615043628388783	0.0804895967459246
200	0.646954201867497	0.664517563361494	0.588928571428571	0.639642857142857	0.642103437289169	0.68487678581373	0.621492853470799	0.717443715288824	0.0175633614939974	0.0507142857142856	0.0427733485245612	0.0959508618180259
201	0.616116622798137	0.630896942700952	0.634660421545667	0.662763466042155	0.575629405840886	0.613232628398791	0.643383596229125	0.72141153035462	0.0147803199028144	0.0281030444964872	0.0376032225579053	0.0780279341254951
202	0.597718925188479	0.615890199110767	0.55048969942587	0.573454913880446	0.617233256939139	0.632028265851795	0.673028004667445	0.750536623528164	0.0181712739222888	0.0229652144545761	0.0147950089126559	0.0775086188607192
203	0.614016736401674	0.633054393305439	0.608471074380165	0.646005509641873	0.612400932400932	0.651025641025641	0.607860791044786	0.676809363971422	0.0190376569037657	0.037534435261708	0.0386247086247087	0.0689485729266356
204	0.642547660311958	0.674176776429809	0.633771929824561	0.66483918128655	0.647380206000896	0.682769816390506	0.71129651390521	0.800151020585803	0.0316291161178509	0.0310672514619883	0.0353896103896104	0.0888545066805936
205	0.600088086324598	0.62277031490861	0.580714285714286	0.646071428571429	0.564945305125215	0.620784052418235	0.556598960330747	0.659218862548866	0.0226822285840124	0.0653571428571428	0.0558387472930202	0.102619902218119
206	0.606236559139785	0.661935483870968	0.609049133969601	0.677271120537292	0.592101604879116	0.664922772956633	0.646367456154255	0.767591739238083	0.0556989247311828	0.0682219865676917	0.0728211680775169	0.121224283083829
207	0.574177668382188	0.605057059744909	0.54315637414229	0.634525099313832	0.505392729396306	0.56573326520184	0.506687002764942	0.585412739152132	0.030879391362721	0.091368725171542	0.0603405358055332	0.07872573638719
208	0.643033800494641	0.664880461665293	0.680785123966942	0.730371900826446	0.664202072861788	0.708111172621572	0.679111619696663	0.737231142890185	0.0218466611706513	0.0495867768595042	0.0439090997597833	0.0581195231935218
209	0.611773117254528	0.660390848427073	0.604486422668241	0.679260133805588	0.62788127920903	0.703863763350276	0.627619077874258	0.743632336122325	0.0486177311725453	0.0747737111373475	0.0759824841412469	0.116013258248067
210	0.677232142857143	0.727008928571429	0.678928571428571	0.734285714285714	0.6680489446529	0.73538391181904	0.723343730958679	0.810204377061466	0.0497767857142857	0.0553571428571429	0.0673349671661393	0.0868606461027864
211	0.632869449966865	0.672409984537221	0.671439628482972	0.77438080495356	0.569910698013486	0.660930490249681	0.601998345502115	0.683982702734543	0.0395405345703557	0.102941176470588	0.0910197922361947	0.0819843572324281
212	0.664394878149525	0.677819083023544	0.692952380952381	0.697142857142857	0.677324675496894	0.686521048222941	0.691490620307652	0.730605236339876	0.013424204874019	0.0041904761904763	0.00919637272604712	0.039114616032224
213	0.663901297596256	0.700489257604765	0.686153846153846	0.743931623931624	0.700031102264245	0.762110206112801	0.713245383190267	0.789796793398857	0.0365879600085088	0.0577777777777777	0.0620791038485561	0.0765514102085897
214	0.608347039473684	0.622327302631579	0.5920820077766	0.601626016260163	0.586993251363756	0.604732785995422	0.639997092144703	0.696825261277907	0.0139802631578948	0.00954400848356307	0.0177395346316657	0.056828169133204
215	0.583395848962241	0.642160540135034	0.556190476190476	0.644190476190476	0.585401116968527	0.670379456130278	0.589922624442461	0.667593143379342	0.0587646911727931	0.0880000000000001	0.0849783391617517	0.077670518936881
216	0.60355276907001	0.642842215256008	0.616472251679039	0.682926829268293	0.554246173667726	0.624808405713397	0.59702564505178	0.678285273135908	0.0392894461859979	0.0664545775892541	0.0705622320456716	0.0812596280841283
217	0.698662136334678	0.700361010830325	0.714396284829721	0.721749226006192	0.762528992710404	0.760856734592445	0.782411337727148	0.799769683153882	0.00169887449564654	0.00735294117647056	-0.00167225811795901	0.0173583454267342
218	0.680416755262598	0.679353604082501	0.693214285714286	0.751785714285714	0.679541016176188	0.719157438450337	0.669983613998108	0.742170491349268	-0.00106315118009781	0.0585714285714285	0.0396164222741485	0.0721868773511605
219	0.62389486260454	0.663321385902031	0.622596153846154	0.672676282051282	0.617686759896943	0.649343506911757	0.670239969503261	0.742077939282746	0.0394265232974911	0.0500801282051282	0.0316567470148145	0.0718379697794845
220	0.63533433027131	0.662038026062807	0.544761904761905	0.609142857142857	0.637969040854316	0.682129910845498	0.70924554161867	0.763041120923816	0.0267036957914976	0.0643809523809524	0.0441608699911824	0.0537955793051468
221	0.647968197879859	0.668507067137809	0.63849765258216	0.658721560130011	0.687626752966559	0.708435814455232	0.700460078803182	0.745678400784957	0.0205388692579506	0.0202239075478513	0.0208090614886732	0.0452183219817749
222	0.663934426229508	0.687909836065574	0.655913978494624	0.70497311827957	0.64379840196681	0.703835279655808	0.685980755814608	0.772704421331815	0.0239754098360656	0.0490591397849462	0.0600368776889981	0.0867236655172062
223	0.615732368896926	0.622965641952984	0.63346908552388	0.6653091447612	0.562703997287101	0.593605612309779	0.548297323675324	0.5773522516127	0.00723327305605781	0.0318400592373195	0.0309016150226782	0.0290549279373761
224	0.64846721861714	0.654508838666368	0.626461988304094	0.651315789473684	0.670442561662071	0.706061053539528	0.660807922330764	0.717212274787975	0.00604162004922804	0.0248538011695906	0.0356184918774579	0.0564043524572106
225	0.622493985565357	0.651563753007217	0.618034447821682	0.701789935832489	0.64344262295082	0.727117486338798	0.636747236275061	0.722038598463556	0.0290697674418605	0.0837554880108071	0.0836748633879782	0.0852913621884955
226	0.626652675760756	0.653095487932844	0.628137150936727	0.688229056203606	0.584557522244429	0.64834271175452	0.615584333821126	0.70371521638704	0.0264428121720881	0.0600919052668787	0.0637851895100914	0.0881308825659145
227	0.667190305206463	0.689631956912029	0.693627450980392	0.741596638655462	0.701154137216689	0.751600939282643	0.690164176483573	0.768701460547134	0.0224416517055656	0.04796918767507	0.0504468020659543	0.0785372840635602
228	0.617178984085459	0.666012644429911	0.635964912280702	0.68859649122807	0.628965913387194	0.68263671073192	0.66663920007015	0.725182824332751	0.0488336603444517	0.0526315789473685	0.0536707973447265	0.0585436242626004
229	0.576637948306953	0.612903225806452	0.52766106442577	0.573529411764706	0.586526449968133	0.637087316762269	0.566272497449563	0.681417972514178	0.036265277499499	0.0458683473389356	0.0505608667941363	0.115145475064615
230	0.639366515837104	0.670814479638009	0.650357142857143	0.715	0.632828814077486	0.708739876366011	0.658643765292904	0.740034639927074	0.0314479638009051	0.0646428571428571	0.0759110622885243	0.0813908746341697
231	0.684222075927145	0.71450515690147	0.709033613445378	0.75875350140056	0.721136740206662	0.767144994627597	0.727800377931075	0.790224147444683	0.0302830809743252	0.0497198879551821	0.0460082544209353	0.0624237695136083
232	0.717196596506941	0.731974921630094	0.704642857142857	0.742142857142857	0.746092090100889	0.758808569938784	0.783315623763247	0.808734136581505	0.0147783251231527	0.0375	0.0127164798378941	0.0254185128182578
233	0.616963064295486	0.642270861833105	0.628571428571429	0.691785714285714	0.599718905972093	0.651556766956704	0.640326338004632	0.697378464018183	0.0253077975376197	0.0632142857142857	0.0518378609846109	0.0570521260135505
234	0.585013839462238	0.634835903519178	0.564639415088069	0.640079760717846	0.60724043715847	0.681010928961749	0.62552215136119	0.701244489356027	0.0498220640569395	0.0754403456297773	0.0737704918032787	0.0757223379948375
235	0.589416058394161	0.619525547445255	0.592717717717718	0.599099099099099	0.582170203645641	0.604685388053665	0.597813038312344	0.668755119251918	0.0301094890510949	0.00638138138138133	0.0225151844080241	0.0709420809395738
236	0.617419617419617	0.62962962962963	0.600600600600601	0.625375375375375	0.583670715249663	0.607287449392713	0.629916231171227	0.709001383338457	0.0122100122100123	0.0247747747747747	0.0236167341430499	0.0790851521672302
237	0.641288433382138	0.683329847312278	0.639219934994583	0.703141928494041	0.620486111111111	0.690972222222222	0.711632634151426	0.803705972967025	0.0420414139301402	0.0639219934994583	0.0704861111111111	0.092073338815599
238	0.596573208722741	0.63142523364486	0.602486559139785	0.689180107526882	0.578726580193535	0.658894379246448	0.603817788968812	0.697147225905466	0.0348520249221184	0.0866935483870969	0.0801677990529134	0.0933294369366537
239	0.631708517971443	0.639586410635155	0.613846723435765	0.640873750462791	0.611678131137615	0.646057517750469	0.596081422112774	0.651485287479936	0.00787789266371242	0.027027027027027	0.0343793866128544	0.0554038653671615
240	0.603226465182765	0.638962630181744	0.625666666666667	0.669666666666667	0.608227503071132	0.657746781516155	0.623452460583197	0.703304281954556	0.0357361649989789	0.044	0.0495192784450236	0.0798518213713594
241	0.667560874948411	0.69026000825423	0.64991452991453	0.706324786324786	0.723600135028422	0.76564280159864	0.748541897555635	0.789956414538902	0.0226991333058192	0.0564102564102564	0.0420426665702178	0.041414516983266
242	0.721111344980004	0.718796042938329	0.678223185265439	0.721921271217046	0.748224109190985	0.761838016090478	0.771164058014743	0.82135685354087	-0.0023153020416754	0.0436980859516072	0.0136139068994933	0.0501927955261268
243	0.605848696757788	0.620258529349438	0.596125730994152	0.645102339181287	0.626189905678873	0.630905962053717	0.621460658500842	0.664587373055907	0.0144098325916509	0.0489766081871346	0.00471605637484473	0.0431267145550646
244	0.664278403275333	0.701944728761515	0.661364439731354	0.707317073170732	0.692307692307692	0.756631299734748	0.686064730651502	0.763641448748427	0.0376663254861822	0.0459526334393777	0.0643236074270558	0.077576718096925
245	0.684882895670688	0.714927844807192	0.620510921880785	0.69788967049241	0.70450901358972	0.754556901174078	0.745575971839571	0.809590493248911	0.0300449491365034	0.0773787486116253	0.050047887584358	0.0640145214093406
246	0.599363057324841	0.639065817409766	0.575280112044818	0.667016806722689	0.639444127165429	0.725166571482962	0.57744115114633	0.67983499457603	0.0397027600849257	0.0917366946778712	0.085722444317533	0.1023938434297
247	0.619133937562941	0.651762336354481	0.645150612380007	0.697120158887785	0.61957856432227	0.672512470883015	0.656380726121948	0.728851217066686	0.0326283987915408	0.0519695465077789	0.0529339065607451	0.0724704909447373
248	0.661829652996845	0.69484752891693	0.660888407367281	0.729144095341278	0.674680134680135	0.739577594123049	0.681072095661576	0.745600962910463	0.0330178759200841	0.0682556879739978	0.0648974594429139	0.0645288672488871
249	0.689630340854537	0.703792606817091	0.670673076923077	0.714342948717949	0.698370882229931	0.728372096956725	0.730301961532573	0.797849993220072	0.014162265962554	0.0436698717948718	0.0300012147267941	0.067548031687499
250	0.687181577338496	0.697167312003261	0.648385977091288	0.708087469628601	0.692307692307692	0.71958041958042	0.7371484375	0.820625	0.0099857346647646	0.0597014925373134	0.0272727272727272	0.0834765625
251	0.632869785082175	0.675853350189633	0.672467648371263	0.717090584560464	0.607607513386881	0.647885814089692	0.609218835863061	0.664567520312112	0.0429835651074588	0.0446229361892012	0.0402783007028112	0.0553486844490511
252	0.579185520361991	0.622052869730888	0.534912209064924	0.622294814209882	0.53921568627451	0.613095238095238	0.566565522338714	0.652567286582754	0.0428673493688974	0.0873826051449571	0.0738795518207283	0.0860017642440406
253	0.667979002624672	0.680446194225722	0.649230769230769	0.676239316239316	0.646036885275268	0.672011759395079	0.71187488520884	0.749269850991768	0.0124671916010499	0.0270085470085469	0.0259748741198111	0.0373949657829284
254	0.623658222413053	0.666809789609274	0.633080534488985	0.713615023474178	0.646801346801347	0.70989898989899	0.629023919753086	0.723257225028058	0.0431515671962216	0.0805344889851932	0.0630976430976431	0.0942333052749719
255	0.618402615600187	0.656235404016815	0.587462462462462	0.64527027027027	0.598586906648977	0.638392909048874	0.629484527912863	0.714228913309476	0.0378327884166277	0.0578078078078078	0.039806002399897	0.0847443853966131
256	0.591902834008097	0.616801619433198	0.599184782608696	0.650135869565217	0.611199018705918	0.656228150873965	0.618587227563802	0.702539252015338	0.0248987854251013	0.0509510869565217	0.0450291321680466	0.083952024451536
257	0.707731718677224	0.698416394969725	0.707957957957958	0.6996996996997	0.711776529944455	0.718715231297134	0.743567873276611	0.757217434311945	-0.00931532370749888	-0.00825825825825821	0.00693870135267916	0.0136495610353342
258	0.633090346808041	0.661586039319638	0.610109579356663	0.664899257688229	0.618567697932348	0.672794863129436	0.640568592138594	0.706032376031565	0.0284956925115971	0.0547896783315659	0.0542271651970875	0.0654637838929711
259	0.61619951445597	0.668505848598543	0.633571428571429	0.72	0.64531034934784	0.709117126564855	0.657171430952579	0.741870360408822	0.0523063341425734	0.0864285714285714	0.0638067772170152	0.0846989294562426
260	0.633056796426292	0.690704105509466	0.602383531960997	0.699891657638136	0.617232172527989	0.709025175610483	0.64629198924346	0.763458134982325	0.0576473090831737	0.0975081256771397	0.0917930030824939	0.117166145738865
261	0.662606297402896	0.709721903010802	0.656434474616293	0.719401810310901	0.670607051492738	0.726054409202175	0.728152844907906	0.790532063928258	0.0471156056079063	0.0629673356946084	0.0554473577094364	0.0623792190203519
262	0.63768115942029	0.661155337824046	0.652819993245525	0.734886862546437	0.610898802276624	0.675684141326905	0.621780510787225	0.681749503749087	0.023474178403756	0.0820668693009119	0.0647853390502819	0.0599689929618629
263	0.605004277159966	0.647989734816082	0.610328638497653	0.664138678223185	0.583145405449636	0.632773095491367	0.609864076117374	0.682386396951041	0.0429854576561164	0.0538100397255327	0.0496276900417314	0.0725223208336665
264	0.621930202498923	0.624084446359328	0.617079889807162	0.636363636363636	0.572305776245735	0.609918072459833	0.601512790303375	0.663184977292206	0.00215424386040497	0.0192837465564739	0.0376122962140977	0.0616721869888309
265	0.699296084469864	0.690937087549494	0.725225225225225	0.755255255255255	0.702657061880019	0.720683750590458	0.675804522280419	0.714572525213646	-0.00835899692036957	0.03003003003003	0.0180266887104392	0.0387680029332276
266	0.648395721925134	0.682040998217469	0.608918128654971	0.658991228070175	0.650004730145215	0.695910789461236	0.674904095789701	0.715046384756503	0.033645276292335	0.0500730994152047	0.045906059316021	0.0401422889668023
267	0.628672409984537	0.666445769825492	0.641456582633053	0.709033613445378	0.616671390510742	0.663703871662604	0.676959428126793	0.739854280796347	0.0377733598409543	0.0675770308123249	0.0470324811518621	0.0628948526695539
268	0.69958071278826	0.711530398322851	0.695906432748538	0.72843567251462	0.677632416603005	0.710105254222901	0.76765313852511	0.823536025666007	0.0119496855345912	0.0325292397660819	0.0324728376198965	0.0558828871408971
269	0.644831115660184	0.666530194472876	0.603	0.653333333333333	0.62	0.665825242718447	0.660888942012158	0.722742640530018	0.0216990788126918	0.0503333333333333	0.0458252427184466	0.0618536985178608
270	0.622115984202868	0.622531698191644	0.580357142857143	0.591428571428571	0.627867731403865	0.637717285802524	0.670074115639386	0.725037768187756	0.000415713988775823	0.0110714285714285	0.00984955439865887	0.0549636525483698
271	0.596203071672355	0.628839590443686	0.608293224731581	0.653461680858941	0.541477585775106	0.589952416729276	0.570176367494531	0.688048711413197	0.032636518771331	0.0451684561273602	0.0484748309541698	0.117872343918667
272	0.648047039059219	0.666316673666527	0.653214285714286	0.689285714285714	0.633752130235398	0.677390266105309	0.623745323891892	0.701894647718256	0.0182696346073079	0.0360714285714286	0.0436381358699118	0.078149323826364
273	0.638544077424784	0.687986534820114	0.643928571428571	0.741428571428571	0.593838110902256	0.677302631578947	0.645180426846391	0.725767867172143	0.0494424573953293	0.0975	0.0834645206766916	0.0805874403257513
274	0.638545793521324	0.700069913773013	0.668634395907123	0.782762691853601	0.596870755144136	0.692745384112291	0.624963367379058	0.714282166730311	0.0615241202516896	0.114128295946478	0.0958746289681541	0.0893187993512532
275	0.567793074676679	0.573007926574885	0.563438438438438	0.573573573573574	0.522953353933602	0.544924824261653	0.508158321118746	0.575171096189417	0.00521485189820614	0.0101351351351351	0.0219714703280508	0.0670127750706707
276	0.617724288840263	0.647921225382932	0.606495726495726	0.674871794871795	0.617391304347826	0.682097186700767	0.63876489720293	0.700833087625038	0.0301969365426696	0.0683760683760685	0.0647058823529413	0.0620681904221086
277	0.670776552022496	0.685918234912395	0.646198830409357	0.70577485380117	0.670548221452743	0.707260621254876	0.677351059144276	0.761838052268419	0.0151416828898984	0.0595760233918129	0.0367123998021337	0.084486993124143
278	0.544544340008173	0.588067020841847	0.578788892606223	0.623285379725661	0.55694268558422	0.586564357639587	0.550081813537767	0.630131855230212	0.0435226808336738	0.0444964871194379	0.0296216720553675	0.0800500416924456
279	0.665225848281824	0.696131402636698	0.684566024991557	0.775413711583924	0.631545315772658	0.72060302696818	0.644377442103168	0.732717236970867	0.0309055543548735	0.0908476865923674	0.0890577111955222	0.0883397948676987
280	0.649458400553123	0.686102788660982	0.672176308539945	0.738292011019284	0.595463214956115	0.668533083028846	0.584915895791688	0.659083578378399	0.036644388107859	0.066115702479339	0.0730698680727316	0.0741676825867106
281	0.673843530164144	0.693455553186954	0.692142857142857	0.729642857142857	0.662178410297613	0.705337026569953	0.690915341616501	0.767623425144949	0.0196120230228096	0.0375000000000001	0.0431586162723406	0.0767080835284476
282	0.650418724500752	0.671247584281726	0.678685047720042	0.716861081654295	0.626218743271922	0.673267923599791	0.640031923303442	0.697995360149794	0.0208288597809749	0.0381760339342524	0.0470491803278689	0.0579634368463519
283	0.637951334379906	0.660321821036107	0.652057544329207	0.72632987621278	0.651958456973294	0.716207715133531	0.694829989425653	0.786743288338426	0.022370486656201	0.074272331883573	0.0642492581602374	0.0919132989127731
284	0.623762376237624	0.657029702970297	0.595108695652174	0.682404891304348	0.579995754391551	0.655340657007907	0.61681911944882	0.714338489187913	0.0332673267326733	0.0872961956521738	0.0753449026163562	0.0975193697390929
285	0.662183724640985	0.676544335536813	0.638523391812865	0.675804093567251	0.634169083242085	0.665556445793955	0.701623461068186	0.746412602289627	0.0143606108958285	0.037280701754386	0.0313873625518705	0.0447891412214416
286	0.492307692307692	0.527589743589744	0.450885109337036	0.510239500173551	0.436970992195872	0.495696844345965	0.487261010684732	0.550608815542102	0.0352820512820513	0.0593543908365152	0.058725852150093	0.0633478048573693
287	0.635416666666667	0.668541666666667	0.633403361344538	0.692226890756303	0.616785339736159	0.673301319202959	0.649291678948965	0.734924079257941	0.0331250000000001	0.0588235294117647	0.0565159794667991	0.085632400308976
288	0.671547096144461	0.720107369448512	0.665486029122393	0.759149940968123	0.709800443781337	0.783607713290361	0.67562159837361	0.764685439700424	0.0485602733040508	0.09366391184573	0.0738072695090237	0.0890638413268136
289	0.63239289446186	0.666039707419018	0.651856994099271	0.707393266227004	0.591644204851752	0.650269541778976	0.611019867549669	0.682437086092715	0.0336468129571578	0.0555362721277334	0.0586253369272237	0.0714172185430463
290	0.560609056753016	0.622107969151671	0.552387267904509	0.631631299734748	0.531867549668874	0.605377483443709	0.555509668646738	0.684965722827769	0.0614989123986552	0.0792440318302388	0.0735099337748344	0.12945605418103
291	0.588061590381776	0.628559375659144	0.5375	0.619642857142857	0.572868922681516	0.63847718997644	0.569008232096367	0.681604427959304	0.0404977852773677	0.0821428571428571	0.065608267294924	0.112596195862937
292	0.594278555021925	0.632282313635415	0.529794149512459	0.615745756590827	0.548427831106641	0.614895152297028	0.612993415489385	0.710090988014838	0.0380037586134894	0.0859516070783677	0.0664673211903877	0.0970975725254529
293	0.599822143174744	0.644064028457092	0.557807807807808	0.635135135135135	0.602799537691024	0.648681135225376	0.66414221778401	0.747028504878466	0.0442418852823476	0.0773273273273273	0.0458815975343521	0.0828862870944559
294	0.673549452818501	0.677059673755936	0.665583243048032	0.703864210906464	0.651267669433379	0.692028937236041	0.631714407077958	0.662926113993473	0.00351022093743558	0.0382809678584327	0.0407612678026619	0.0312117069155153
295	0.564373897707231	0.6086860670194	0.517909356725146	0.585526315789474	0.544454239313654	0.620495948243747	0.55619762644017	0.65745127653828	0.0443121693121693	0.0676169590643275	0.0760417089300929	0.10125365009811
296	0.606683271066833	0.647779161477792	0.624615384615385	0.695042735042735	0.591175817415089	0.657141017593996	0.595988151546032	0.67630660618834	0.0410958904109588	0.0704273504273504	0.0659652001789072	0.0803184546423088
297	0.631459280694502	0.67920628358826	0.61764705882353	0.686624649859944	0.649541743042826	0.716191745820141	0.662014006814836	0.767382248728789	0.0477470028937578	0.0689775910364144	0.0666500027773149	0.105368241913953
298	0.689882352941177	0.681411764705882	0.683195592286501	0.69185360094451	0.689217758985201	0.687808315715292	0.740508844608846	0.776266568451834	-0.00847058823529412	0.00865800865800859	-0.00140944326990844	0.0357577238429879
299	0.66983635559487	0.697478991596639	0.644283746556474	0.695592286501377	0.658846621977129	0.721265243394806	0.668105742858247	0.758948380429954	0.0276426360017691	0.0513085399449036	0.0624186214176774	0.0908426375717072
300	0.598230088495575	0.642477876106195	0.539059607552758	0.595705294335431	0.514348195096576	0.575656048514052	0.559051336817076	0.653991442711789	0.0442477876106194	0.0566456867826731	0.0613078534174754	0.0949401058947135
301	0.609855426593362	0.656281816330686	0.528982992016661	0.612287400208261	0.60745352055181	0.679185251442259	0.693307891565044	0.766666177059509	0.0464263897373245	0.0833044081916001	0.0717317308904484	0.0733582854944653
302	0.664230438521066	0.679707652622528	0.671071428571429	0.702857142857143	0.627095893527471	0.653281765441929	0.685907109689216	0.762864727459095	0.0154772141014617	0.0317857142857143	0.026185871914458	0.0769576177698792
303	0.682297268229727	0.680361368036137	0.641071428571429	0.682142857142857	0.678450075239066	0.696580263094025	0.718110097794991	0.779480678145725	-0.00193590019359002	0.0410714285714285	0.0181301878549586	0.0613705803507335
304	0.574696356275304	0.622064777327935	0.566410170625627	0.631649381063901	0.603239416475973	0.667112414187643	0.58896751137552	0.671870424686091	0.0473684210526316	0.0652392104382737	0.0638729977116704	0.0829029133105708
305	0.589527401819392	0.645440426003994	0.568214285714286	0.636428571428571	0.58908228194083	0.641172676185687	0.616281369192604	0.689246142757384	0.0559130241846016	0.0682142857142857	0.0520903942448561	0.07296477356478
306	0.708249944407383	0.716255281298644	0.667129468934398	0.706004859423811	0.71278140885984	0.747993421482434	0.700716627864973	0.749593445265483	0.00800533689126093	0.0388753904894135	0.0352120126225938	0.0488768174005095
307	0.651936026936027	0.69297138047138	0.717470760233918	0.767543859649123	0.628189433762992	0.676087947960923	0.616687929250165	0.698879668830558	0.0410353535353535	0.0500730994152047	0.0478985141979309	0.0821917395803933
308	0.63963963963964	0.685757185757186	0.681071428571429	0.745714285714286	0.636941273900865	0.711052295700889	0.627634150291989	0.732400944800483	0.0461175461175461	0.0646428571428571	0.0741110218000244	0.104766794508494
309	0.632674516400336	0.632884777123633	0.650219298245614	0.645102339181287	0.65678496868476	0.681167274695458	0.630698092728059	0.688007258440237	0.000210260723296884	-0.00511695906432741	0.0243823060106985	0.0573091657121788
310	0.675313807531381	0.689958158995816	0.67547674807628	0.732351957176313	0.651879455605962	0.722177576150356	0.676152993241786	0.755641707924719	0.0146443514644352	0.0568752091000335	0.0702981205443941	0.0794887146829323
311	0.632487975513774	0.644075207695671	0.598318713450292	0.628654970760234	0.608620833279308	0.634617983960191	0.653267914161903	0.718204604985482	0.0115872321818976	0.0303362573099415	0.0259971506808829	0.0649366908235798
312	0.613092825293879	0.64471017430077	0.606574761399788	0.666313184870979	0.550841750841751	0.603703703703704	0.578092232515525	0.668397298856425	0.0316173490068909	0.0597384234711912	0.0528619528619528	0.0903050663409006
313	0.686216339570972	0.708352350524875	0.672880116959064	0.70796783625731	0.678421992754048	0.707743555965308	0.701019535886966	0.749127595364912	0.0221360109539024	0.0350877192982457	0.0293215632112597	0.0481080594779462
314	0.649532710280374	0.678844519966015	0.643873654980909	0.69802152030545	0.657903797381515	0.698486664251275	0.659265202770493	0.707845252078732	0.0293118096856415	0.0541478653245401	0.0405828668697596	0.0485800493082386
315	0.665193602693603	0.68287037037037	0.667459239130435	0.716032608695652	0.715711772304129	0.749069529196918	0.70515570829264	0.760341770799923	0.0176767676767676	0.0485733695652174	0.0333577568927887	0.0551860625072839
316	0.628859348198971	0.648156089193825	0.601071428571429	0.670714285714286	0.609907120743034	0.651186790505676	0.631010514011302	0.710214442312096	0.0192967409948542	0.0696428571428571	0.041279669762642	0.0792039283007936
317	0.654934437543133	0.679319070623418	0.670665634674923	0.744969040247678	0.654761211368019	0.716544184614367	0.634784613241944	0.728145932632208	0.0243846330802853	0.0743034055727555	0.0617829732463478	0.0933613193902643
318	0.59236197592362	0.629514321295143	0.563660925363053	0.612968591691996	0.589090909090909	0.625454545454545	0.595271682340648	0.676893939393939	0.0371523453715233	0.0493076663289428	0.0363636363636364	0.0816222570532915
319	0.673559479553903	0.694237918215613	0.691154970760234	0.722953216374269	0.678765409113531	0.715775029627747	0.664954963094155	0.707264880801941	0.0206784386617099	0.0317982456140351	0.0370096205142159	0.0423099177077866
320	0.616831491177041	0.659298041496994	0.598389355742297	0.677170868347339	0.587449311972346	0.665977531077578	0.625559751903709	0.728624723655122	0.0424665503199534	0.078781512605042	0.0785282191052317	0.103064971751412
321	0.612922827628114	0.634798460603605	0.626518569940993	0.680319333564735	0.573420954279307	0.614924629375856	0.579863007062184	0.65102025826435	0.0218756329754912	0.0538007636237418	0.0415036750965492	0.0711572512021653
322	0.644853442399455	0.663712792547148	0.670862643465383	0.695298037763791	0.620235257801593	0.647455953920031	0.633247534890138	0.711200302970844	0.0188593501476938	0.024435394298408	0.0272206961184381	0.0779527680807065
323	0.629750524597808	0.680345068780602	0.614164086687307	0.700077399380805	0.636736214605067	0.708183913934426	0.63922365203702	0.737609408072252	0.0505945441827932	0.0859133126934983	0.0714476993293592	0.0983857560352323
324	0.715468940316687	0.719366626065773	0.681621408894136	0.707988980716253	0.72091649811589	0.721700455217757	0.725958633863441	0.764628613885081	0.00389768574908644	0.0263675718221172	0.000783957101867294	0.0386699800216396
325	0.631544925662573	0.679379444085326	0.622245179063361	0.690426997245179	0.573983298562229	0.641032164684996	0.661458757024805	0.743012798024581	0.0478345184227538	0.0681818181818182	0.0670488661227674	0.0815540409997763
326	0.646286417726713	0.69798933114485	0.682393162393162	0.754188034188034	0.713093033638075	0.757125332401638	0.684046034367505	0.732625297840078	0.051702913418137	0.0717948717948718	0.044032298763563	0.0485792634725731
327	0.59184473632621	0.636149774554009	0.613111413043478	0.654891304347826	0.598764846892479	0.642861979766242	0.619133319644245	0.699612578661932	0.0443050382277985	0.0417798913043478	0.0440971328737625	0.0804792590176872
328	0.636132315521629	0.639737065309584	0.587563951200315	0.61314443132625	0.591496598639456	0.603401360544218	0.662411547160387	0.718787399011465	0.00360474978795589	0.0255804801259346	0.011904761904762	0.0563758518510779
329	0.608618654073199	0.633608815426997	0.57843137254902	0.634103641456583	0.591	0.612666666666667	0.646005509641873	0.689738292011019	0.0249901613537977	0.055672268907563	0.0216666666666666	0.043732782369146
330	0.592088740058602	0.617831728756802	0.523571428571429	0.582857142857143	0.613252197430696	0.655510480054091	0.590442621257377	0.651755465095917	0.0257429886982001	0.0592857142857143	0.0422582826233943	0.0613128438385403
331	0.648996165125197	0.668847281750508	0.591238095238095	0.637333333333333	0.643433159758963	0.67443633316249	0.700507400424724	0.754559940006027	0.0198511166253101	0.0460952380952381	0.0310031734035275	0.0540525395813037
332	0.616515348032858	0.655425853869434	0.611876988335101	0.667020148462354	0.626191858108357	0.668075025243033	0.642442209504929	0.697518315866717	0.0389105058365758	0.0551431601272535	0.0418831671346762	0.0550761063617885
333	0.646919431279621	0.691153238546603	0.639666666666667	0.719333333333333	0.642527671366553	0.720427124768169	0.671959563548523	0.769029782534602	0.0442338072669827	0.0796666666666667	0.0778994534016165	0.0970702189860789
334	0.609424083769634	0.615706806282722	0.601999259533506	0.638282117734172	0.560096513903317	0.595447901819148	0.57019303376083	0.659363192003927	0.00628272251308892	0.0362828582006663	0.0353513879158311	0.0891701582430977
335	0.693216022227367	0.711275758277379	0.648992576882291	0.692117355956168	0.699407809822912	0.737500690861447	0.734562922466234	0.769638670165424	0.0180597360500115	0.0431247790738777	0.0380928810385354	0.0350757476991898
336	0.65210843373494	0.680471887550201	0.670664667666167	0.721639180409795	0.688773565984757	0.73085138387485	0.641783831380123	0.709975685050635	0.0283634538152611	0.0509745127436282	0.0420778178900922	0.0681918536705116
337	0.635218685596519	0.656972750171743	0.583708708708709	0.630630630630631	0.586069489685125	0.642519001085776	0.644542878243392	0.717047465540965	0.0217540645752232	0.0469219219219219	0.0564495114006515	0.0725045872975737
338	0.61285108102647	0.642756112345928	0.596125730994152	0.615862573099415	0.663152565053073	0.66928265311658	0.658255601341979	0.719003929238123	0.0299050313194584	0.0197368421052632	0.00613008806350701	0.060748327896144
339	0.659262454172957	0.704550355833513	0.636424731182796	0.740927419354839	0.67761855751722	0.756129100361544	0.665363199880541	0.747947703869193	0.0452879016605565	0.104502688172043	0.0785105428443249	0.0825845039886515
340	0.670290658974928	0.700465941868205	0.651466949452103	0.71474019088017	0.672482384823848	0.714878048780488	0.70430607381145	0.749935353276393	0.0301752828932771	0.0632732414280665	0.0423956639566396	0.0456292794649429
341	0.607080799304952	0.636620330147698	0.569444444444444	0.649488304093567	0.593629740332524	0.646926956846628	0.649237392735394	0.702384800752322	0.0295395308427453	0.0800438596491229	0.0532972165141042	0.0531474080169272
342	0.665949666594967	0.696924069692407	0.686168291802095	0.735283495846876	0.698705695712738	0.723877790552841	0.701166737089057	0.745158947153687	0.0309744030974403	0.0491152040447815	0.0251720948401029	0.0439922100646301
343	0.663430420711974	0.6957928802589	0.680858941132914	0.73306182895224	0.623823538531139	0.688821361073254	0.663718964336643	0.733873237420365	0.0323624595469256	0.0522028878193261	0.0649978225421152	0.0701542730837216
344	0.627021276595745	0.648510638297872	0.560283687943263	0.611279972982101	0.571069182389937	0.621154945683248	0.621360668031058	0.683805402365292	0.0214893617021277	0.0509962850388381	0.0500857632933105	0.0624447343342343
345	0.664406038066069	0.667031284182892	0.641081871345029	0.655701754385965	0.660485565589045	0.696870813767724	0.667442594489933	0.708500777984593	0.00262524611682347	0.0146198830409356	0.0363852481786793	0.0410581834946606
346	0.630346013324737	0.679991403395659	0.64250700280112	0.746148459383754	0.603252922975822	0.69736863722242	0.588386430360126	0.702997777889461	0.0496453900709219	0.103641456582633	0.0941157142465979	0.114611347529335
347	0.657985059559863	0.659802140117101	0.661364439731354	0.664545775892542	0.691259554669325	0.696244599534729	0.728160643567772	0.781515502752825	0.00181708055723806	0.00318133616118765	0.00498504486540374	0.0533548591850533
348	0.661829907295445	0.689238210399033	0.650382186773014	0.729478231970754	0.713196408805805	0.790370188168737	0.730802071543928	0.81076042272084	0.0274083031035872	0.0790960451977401	0.077173779362932	0.0799583511769119
349	0.651783659378596	0.66029919447641	0.645977950183748	0.66598611678236	0.671394171703769	0.701395645977689	0.627560699539273	0.699373287982753	0.00851553509781355	0.0200081665986116	0.0300014742739201	0.0718125884434792
350	0.612384398874146	0.639123441897869	0.551970108695652	0.607336956521739	0.60979020979021	0.656643356643357	0.668786933057546	0.750167028179713	0.0267390430237233	0.0553668478260869	0.0468531468531469	0.081380095122167
351	0.623188405797101	0.623404715552671	0.605714285714286	0.627428571428571	0.623809523809524	0.616666666666667	0.658834006944456	0.691715930973251	0.000216309755569966	0.0217142857142858	-0.00714285714285723	0.0328819240287953
352	0.65375758844463	0.661921708185053	0.645104277129728	0.692117355956168	0.677368014421839	0.699374438165394	0.66020039283506	0.719609117166278	0.00816411974042286	0.0470130788264405	0.0220064237435555	0.0594087243312177
353	0.611123275673308	0.656886358659952	0.603305785123967	0.662878787878788	0.606994190567678	0.65886738941494	0.589915455126839	0.684640618814143	0.0457630829866433	0.059573002754821	0.0518731988472623	0.094725163687304
354	0.647848898216159	0.660440713536201	0.673048048048048	0.701951951951952	0.667021796976441	0.668118944750773	0.660986593886547	0.721160558242034	0.0125918153200421	0.028903903903904	0.00109714777433167	0.0601739643554867
355	0.596166271807021	0.611673486969632	0.577850877192982	0.635233918128655	0.568095377081168	0.583962764240505	0.568839077873148	0.65268231402398	0.0155072151626103	0.0573830409356725	0.0158673871593368	0.0838432361508321
356	0.65160284951024	0.672528940338379	0.662857142857143	0.743571428571429	0.588127760861174	0.670074409229318	0.594535032172482	0.700055418334576	0.020926090828139	0.0807142857142857	0.0819466483681435	0.105520386162094
357	0.568335588633288	0.601939557961209	0.584380952380952	0.672761904761905	0.489495518781651	0.568502389385156	0.490056612549892	0.611796730675243	0.0336039693279205	0.0883809523809524	0.0790068706035041	0.121740118125351
358	0.6229727151307	0.63155886281244	0.666997682886461	0.648791790797749	0.640379145046201	0.617659900865971	0.674686391465087	0.702826507475599	0.00858614768174004	-0.0182058920887124	-0.0227192441802296	0.0281401160105124
359	0.619968114786768	0.658429653248306	0.637775370169736	0.692307692307692	0.619173553719008	0.626115702479339	0.632372288634714	0.712038877844047	0.0384615384615384	0.054532322137956	0.0069421487603305	0.0796665892093328
360	0.579798776879069	0.600710199250345	0.543247863247863	0.612649572649573	0.510269257247763	0.577513450113465	0.529966407355021	0.611653995756719	0.0209114223712763	0.0694017094017094	0.0672441928657028	0.0816875884016973
361	0.650724001755156	0.681219833260202	0.652777777777778	0.714546783625731	0.625285774652465	0.686433423986651	0.672703499553193	0.736605916358915	0.0304958315050461	0.0617690058479532	0.0611476493341857	0.0639024168057215
362	0.626026272577997	0.658866995073892	0.656068376068376	0.703247863247863	0.59890345503553	0.656603773584906	0.593775975548127	0.659329156544346	0.032840722495895	0.0471794871794872	0.0577003185493752	0.065553180996219
363	0.57188772230555	0.639168630812085	0.567142857142857	0.667142857142857	0.534160394415352	0.626888271696969	0.551628948887513	0.668440969494997	0.0672809085065352	0.1	0.0927278772816164	0.116812020607484
364	0.666462793068298	0.685830784913354	0.691320499831138	0.735224586288416	0.651193805676404	0.707931945307644	0.701646149561509	0.749731956840569	0.0193679918450561	0.0439040864572778	0.056738139631241	0.0480858072790601
365	0.614890087100788	0.627955205309	0.616593567251462	0.633771929824561	0.550314465408805	0.583158630328442	0.583694233787847	0.65563477504397	0.0130651182082123	0.0171783625730995	0.0328441649196366	0.0719405412561227
366	0.601130926489778	0.646367986080905	0.629901960784314	0.70203081232493	0.65189444377194	0.71659605374652	0.596133594847361	0.687627963944769	0.0452370595911266	0.0721288515406162	0.0647016099745794	0.0914943690974079
367	0.579479768786127	0.595788604459125	0.566495726495726	0.60034188034188	0.531333507006197	0.577702909187461	0.524286689585324	0.597449216601845	0.0163088356729976	0.0338461538461539	0.0463694021812644	0.0731625270165214
368	0.594991364421416	0.617443868739206	0.55868544600939	0.588660166124955	0.571366840262189	0.623546511627907	0.588974331350905	0.668100435167603	0.0224525043177893	0.0299747201155651	0.0521796713657179	0.0791261038166977
369	0.653862300587741	0.671494542401343	0.660477453580902	0.697944297082228	0.671967426710098	0.702814332247557	0.691974656654114	0.728672296870706	0.017632241813602	0.0374668435013262	0.0308469055374594	0.0366976402165919
370	0.610740965071674	0.625479507369271	0.592333333333333	0.635666666666667	0.578091852375899	0.613548284400424	0.596018832566981	0.668042820999117	0.0147385422975974	0.0433333333333333	0.0354564320245254	0.0720239884321362
371	0.637399746728577	0.658083579569439	0.603512326916582	0.696724079702803	0.609501347708895	0.683288409703504	0.632707605980676	0.766062395488606	0.0206838328408612	0.0932117527862208	0.0737870619946092	0.133354789507931
372	0.543008474576271	0.580720338983051	0.51042735042735	0.57948717948718	0.492475184117835	0.557628461162512	0.561652856702678	0.642229040251793	0.0377118644067796	0.0690598290598291	0.065153277044677	0.080576183549115
373	0.685263947960971	0.740055041280961	0.651702786377709	0.734907120743034	0.675833647674615	0.750876614857385	0.709321046979418	0.789561468575962	0.05479109331999	0.0832043343653251	0.0750429671827701	0.0802404215965438
374	0.693581310954865	0.753232025402586	0.687918142463597	0.784730421094057	0.693006993006993	0.760489510489511	0.70964145964146	0.79959504959505	0.0596507144477205	0.0968122786304605	0.0674825174825174	0.0899535899535899
375	0.610354223433243	0.64829176273318	0.617886178861789	0.683633792859668	0.601007190089405	0.670756366140332	0.578261386239777	0.646482504275625	0.0379375392999372	0.0657476139978791	0.0697491760509273	0.0682211180358483
376	0.616497175141243	0.672090395480226	0.577485380116959	0.668859649122807	0.586570639519142	0.676254941246548	0.586147348163124	0.709792214559962	0.0555932203389831	0.091374269005848	0.0896843017274056	0.123644866396838
377	0.628421283118021	0.662360411648785	0.602383531960997	0.667750090285302	0.649122807017544	0.699649122807018	0.638434447300771	0.711596401028278	0.0339391285307642	0.0653665583243048	0.0505263157894736	0.0731619537275063
378	0.628805873461455	0.651263226085079	0.566785714285714	0.622857142857143	0.587548301723666	0.648772140453012	0.66304117822894	0.725376668632536	0.0224573526236234	0.0560714285714285	0.0612238387293461	0.0623354904035957
379	0.569550466497031	0.604537743850721	0.575468363379286	0.612937433722163	0.523928998555826	0.570632220868309	0.52098568448703	0.598296591500935	0.0349872773536894	0.0374690703428774	0.046703222312483	0.0773109070139053
380	0.632041884816754	0.679371727748691	0.545868347338936	0.657563025210084	0.661508766248688	0.741072049747581	0.693923890633723	0.77532693898452	0.0473298429319371	0.111694677871149	0.079563283498893	0.0814030483507967
381	0.636586361780318	0.631073907717436	0.596074380165289	0.629476584022039	0.586502451414732	0.602699509717054	0.661229543289814	0.722017842195903	-0.00551245406288281	0.0334022038567492	0.0161970583023215	0.0607882989060892
382	0.632562088728508	0.67544045850138	0.633928571428571	0.7075	0.62305454130534	0.69481971702419	0.673031045304432	0.747224921086722	0.0428783697728721	0.0735714285714285	0.0717651757188498	0.0741938757822905
383	0.638952400748285	0.714404489711079	0.652173913043478	0.739809782608696	0.65009811135639	0.730672062791268	0.661735204632447	0.755840612425164	0.0754520889627937	0.0876358695652174	0.0805739514348786	0.0941054077927176
384	0.638334041648959	0.651933701657459	0.642217630853995	0.664256198347107	0.626796136736171	0.647638113914559	0.668909385909962	0.723921187486195	0.0135996600084998	0.0220385674931129	0.0208419771783885	0.0550118015762335
385	0.611122224444889	0.632326465293059	0.622607439508848	0.641386782231853	0.601415094339623	0.610849056603774	0.655078907341514	0.697006820512468	0.0212042408481696	0.0187793427230047	0.00943396226415094	0.0419279131709533
386	0.64328231292517	0.691964285714286	0.648888888888889	0.743589743589744	0.661044973544973	0.751653439153439	0.640777070063694	0.744305732484076	0.0486819727891156	0.0947008547008548	0.0906084656084656	0.103528662420382
387	0.688829787234043	0.706479690522244	0.713963963963964	0.740615615615616	0.69122790253225	0.735026278069756	0.672186208603315	0.733201279381101	0.0176499032882012	0.0266516516516516	0.043798375537506	0.0610150707777858
388	0.63402489626556	0.666804979253112	0.630683790350573	0.682054842068726	0.598681419683258	0.645061510180995	0.608542624042624	0.665488636363636	0.0327800829875519	0.0513710517181534	0.0463800904977375	0.0569460123210123
389	0.66252993686044	0.674286958414979	0.687152906330988	0.72639763050722	0.65298747022885	0.691420731075904	0.667061872808608	0.759080295611172	0.0117570215545395	0.039244724176231	0.038433260847054	0.0920184228025631
390	0.632561000615132	0.637892146811564	0.667373630258042	0.675503711558855	0.632904915904154	0.641652657811143	0.619097802119882	0.658420972337623	0.00533114619643216	0.00813008130081305	0.00874774190698913	0.0393231702177408
391	0.61915797605253	0.646967941290073	0.6005291005291	0.636904761904762	0.626640102397569	0.659512537370137	0.665737143300373	0.732685817244475	0.0278099652375435	0.0363756613756614	0.0328724349725689	0.0669486739441028
392	0.669510114550329	0.691201559834268	0.642227564102564	0.67948717948718	0.687694050516069	0.71595200134262	0.697567498826472	0.752820549794437	0.0216914452839385	0.0372596153846154	0.0282579508265504	0.0552530509679656
393	0.608607799555466	0.616892301475045	0.571	0.618666666666667	0.587477718360071	0.624286987522282	0.654704023174172	0.716337145441623	0.00828450191957975	0.0476666666666666	0.0368092691622103	0.0616331222674507
394	0.702817901965427	0.73241771252664	0.668369518944232	0.722435078756918	0.697777324632953	0.762341965742251	0.713148414514547	0.794582543314809	0.0295998105612123	0.0540655598126862	0.0645646411092985	0.0814341288002615
395	0.602838258164852	0.618001555209953	0.630095108695652	0.654211956521739	0.639333333333333	0.653333333333333	0.66939898686357	0.760966772559457	0.0151632970451011	0.0241168478260869	0.0139999999999999	0.0915677856958873
396	0.646511627906977	0.68327796234773	0.638095238095238	0.67047619047619	0.663160634749243	0.698243449087018	0.678142820858988	0.745428106254461	0.0367663344407531	0.0323809523809524	0.0350828143377745	0.0672852853954733
397	0.562849763237193	0.6041756349548	0.455705705705706	0.522897897897898	0.51660382141386	0.56574458421792	0.56284976076555	0.633952153110048	0.0413258717176065	0.0671921921921921	0.0491407628040602	0.0711023923444977
398	0.709390298175345	0.7543391188251	0.688263606071825	0.788596815994076	0.743057878889261	0.819337571094011	0.801134353772086	0.879591824498924	0.0449488206497551	0.100333209922251	0.0762796922047507	0.0784574707268378
399	0.706632101965867	0.731043421905379	0.742943548387097	0.810483870967742	0.722938961977556	0.780131809120503	0.710590450740314	0.770068224781654	0.0244113199395118	0.0675403225806451	0.0571928471429476	0.0594777740413401
400	0.678303137428193	0.68935041979673	0.700407608695652	0.726222826086957	0.679838357996337	0.713114515800797	0.653883591083747	0.693124592546377	0.0110472823685372	0.0258152173913043	0.0332761578044596	0.0392410014626301
401	0.699836103956919	0.720206040739874	0.761142857142857	0.81447619047619	0.735741083835109	0.77814188667593	0.717524824041059	0.768165463994541	0.0203699367829548	0.0533333333333333	0.0424008028408214	0.0506406399534814
402	0.720105927887553	0.724180077408841	0.715	0.736071428571428	0.793442697966001	0.808617612739378	0.755608846761453	0.80970102685624	0.00407414952128748	0.0210714285714285	0.0151749147733772	0.0540921800947867
403	0.632938643702906	0.657050592034446	0.658402203856749	0.722107438016529	0.605278613905	0.649328243153953	0.603466565362164	0.671666500593711	0.0241119483315393	0.0637052341597797	0.0440496292489538	0.0681999352315472
404	0.62507608034084	0.648204503956178	0.638297872340426	0.698412698412698	0.621316425120773	0.679969806763285	0.648908245424657	0.728449623873048	0.0231284236153377	0.0601148260722729	0.0586533816425121	0.0795413784483908
405	0.618778280542986	0.645248868778281	0.58830062939652	0.640873750462791	0.584381962864722	0.628307692307692	0.619665612291008	0.71275681135536	0.0264705882352941	0.0525731210662718	0.0439257294429707	0.0930911990643524
406	0.66626154594069	0.704910063198833	0.671439628482972	0.736842105263158	0.676784430621463	0.742343993391688	0.69344927950496	0.764239603422866	0.0386485172581429	0.0654024767801857	0.0655595627702249	0.0707903239179057
407	0.583724250458903	0.633897613705894	0.595766129032258	0.66633064516129	0.600529100529101	0.658730158730159	0.637044026783175	0.707078410589178	0.0501733632469917	0.0705645161290321	0.0582010582010583	0.0700343838060029
408	0.591648822269807	0.642612419700214	0.563928571428571	0.676785714285714	0.525978407557355	0.625168690958165	0.553769704358427	0.67238354160317	0.0509635974304068	0.112857142857143	0.0991902834008097	0.118613837244743
409	0.597337770382696	0.604409317803661	0.604651162790698	0.640055536272128	0.577529314902841	0.610065158522387	0.577666786591183	0.636515328998326	0.00707154742096505	0.0354043734814301	0.0325358436195463	0.0588485424071428
410	0.652497985495568	0.69218372280419	0.659610215053763	0.709341397849462	0.649519890260631	0.698216735253772	0.694139998966034	0.771868376156749	0.039685737308622	0.0497311827956989	0.0486968449931413	0.0777283771907149
411	0.671717171717172	0.695212999560826	0.716331269349845	0.760448916408669	0.666566959634296	0.700960879591243	0.678639730835049	0.733600208834875	0.0234958278436539	0.0441176470588235	0.0343939199569466	0.054960477999826
412	0.570946658233186	0.616276618174151	0.538722826086957	0.62601902173913	0.490711138043761	0.588804898491772	0.547940166714341	0.643822343964987	0.0453299599409657	0.0872961956521738	0.0980937604480107	0.0958821772506467
413	0.677704194260486	0.685871964679912	0.675334055615746	0.726616106897797	0.668314873417722	0.710115280289331	0.682867166279793	0.736743006303003	0.00816777041942607	0.0512820512820513	0.0418004068716094	0.0538758400232098
414	0.674590163934426	0.685040983606557	0.637142857142857	0.657142857142857	0.642733182349663	0.671210860807262	0.684710040828388	0.778867077996534	0.0104508196721311	0.02	0.028477678457599	0.0941570371681457
415	0.64016433059449	0.638714354760754	0.640503517215846	0.641614216956683	0.611989576706372	0.620318209555519	0.62174688399229	0.660307143843788	-0.00144997583373607	0.00111069974083666	0.00832863284914742	0.0385602598514979
416	0.664484451718494	0.709141921907879	0.682219865676918	0.752562743018735	0.671315251465177	0.737496933351506	0.717923699466448	0.786648315120733	0.0446574701893852	0.0703428773418169	0.0661816818863296	0.0687246156542856
417	0.653347969264545	0.693304061470911	0.689189189189189	0.751876876876877	0.614795893160414	0.662410683958623	0.63583734496197	0.705539086857408	0.0399560922063665	0.0626876876876877	0.0476147907982091	0.0697017418954384
418	0.588541666666667	0.625434027777778	0.568713450292398	0.632675438596491	0.601383634201708	0.654194141173927	0.595936206292302	0.694308903021055	0.036892361111111	0.0639619883040936	0.0528105069722192	0.0983726967287525
419	0.595765158806545	0.632916265640038	0.585145533623285	0.64135162261626	0.576844262295082	0.625	0.619345794392523	0.728831775700935	0.0371511068334938	0.0562060889929742	0.0481557377049181	0.109485981308411
420	0.638139126618389	0.681149879306561	0.638214285714286	0.708928571428571	0.651	0.699666666666667	0.687945270110875	0.744585987261147	0.043010752688172	0.0707142857142856	0.0486666666666667	0.0566407171502713
421	0.593284411830109	0.616188570157883	0.594594594594595	0.634209552017771	0.536364983847869	0.58078579705747	0.578403041649439	0.632288420804623	0.0229041583277741	0.0396149574231767	0.0444208132096015	0.0538853791551847
422	0.57875386996904	0.609326625386997	0.574214876033058	0.619173553719008	0.606310803891449	0.65275377624168	0.566484926504923	0.642402529981267	0.0305727554179567	0.0449586776859504	0.0464429723502305	0.0759176034763436
423	0.698302954116908	0.691389063482087	0.701428571428571	0.7	0.706819630337795	0.701696790408504	0.755282533150412	0.767150361794781	-0.00691389063482084	-0.00142857142857145	-0.0051228399292903	0.0118678286443685
424	0.635840809753853	0.691281343455256	0.593093093093093	0.68506006006006	0.593329314848302	0.685118210434666	0.620656296993531	0.743865832145735	0.0554405337014032	0.0919669669669669	0.0917888955863639	0.123209535152204
425	0.607713283989092	0.633034670821971	0.57914402173913	0.645380434782609	0.570334453512562	0.634476982983944	0.608922652412497	0.695825455755572	0.0253213868328789	0.0662364130434784	0.0641425294713821	0.0869028033430742
426	0.70040899795501	0.677300613496932	0.684175309468049	0.703914352626296	0.687383620191752	0.706152246736745	0.732512920358537	0.775306860832543	-0.0231083844580777	0.0197390431582469	0.0187686265449925	0.0427939404740062
427	0.698731068358575	0.726361031518625	0.747309961818813	0.801457827143353	0.735725299199687	0.772106512641034	0.73795259345043	0.798455082304185	0.0276299631600492	0.0541478653245401	0.0363812134413471	0.0605024888537558
428	0.630703624733476	0.66908315565032	0.601584022038568	0.661845730027548	0.623775215300432	0.671667567991906	0.688744668805309	0.761624271321318	0.0383795309168443	0.0602617079889807	0.0478923526914735	0.0728796025160096
429	0.61017604952602	0.661443219191333	0.608342170378226	0.667373630258042	0.613829949896039	0.672831929085876	0.652330318483173	0.747269172667646	0.0512671696653125	0.0590314598798162	0.0590019791898375	0.094938854184473
430	0.743260590500642	0.75053487376979	0.72180982679392	0.755037115588547	0.795645314634217	0.806928719999004	0.848606265980599	0.862880801974354	0.00727428326914847	0.0332272887946271	0.0112834053647863	0.0142745359937553
431	0.605666316894019	0.627492130115425	0.623641304347826	0.684103260869565	0.583175490643542	0.630345732542218	0.550791088149822	0.602059267362095	0.0218258132214062	0.060461956521739	0.0471702418986764	0.0512681792122726
432	0.60343347639485	0.631330472103004	0.618571428571429	0.659642857142857	0.559375565046607	0.606000249399882	0.590415475180425	0.646222203018781	0.0278969957081545	0.0410714285714285	0.0466246843532749	0.0558067278383559
433	0.621085134539038	0.644022937803264	0.633802816901408	0.687973997833153	0.619359351773587	0.679320294966335	0.592272305538916	0.643856877288614	0.0229378032642259	0.0541711809317443	0.0599609431927484	0.0515845717496979
434	0.608905692081495	0.61100609115732	0.581785714285714	0.5925	0.609745127436282	0.61924230192596	0.675098227426889	0.718552078667264	0.00210039907582438	0.0107142857142857	0.00949717448967824	0.0434538512403746
435	0.568623676612127	0.605967276227142	0.578666666666667	0.631666666666667	0.558763586956522	0.597486413043478	0.589061062760914	0.662599589612963	0.0373435996150144	0.0529999999999999	0.0387228260869565	0.0735385268520484
436	0.673859432799014	0.650842581175504	0.700776764606552	0.664978047956771	0.708642776455885	0.66763405196241	0.706466380556414	0.726477635549226	-0.02301685162351	-0.0357987166497804	-0.0410087244934747	0.0200112549928118
437	0.672964169381107	0.707491856677524	0.650129581636431	0.728619029988893	0.663001977780868	0.711140082510546	0.663817508519038	0.719324701108796	0.034527687296417	0.078489448352462	0.0481381047296775	0.0555071925897576
438	0.631374243733794	0.633967156439067	0.556785714285714	0.585357142857143	0.606844262295082	0.635298594847775	0.672103290244877	0.726561574502702	0.00259291270527218	0.0285714285714286	0.0284543325526931	0.0544582842578252
439	0.706723585912487	0.697972251867663	0.671000361141206	0.677500902853015	0.766719219769744	0.776190999975557	0.804153169048948	0.827084370990021	-0.00875133404482387	0.00650054171180925	0.00947178020581252	0.0229312019410738
440	0.597207965510162	0.619995894066927	0.608571428571429	0.639642857142857	0.592105263157895	0.628542510121457	0.605060885094262	0.661401945830196	0.0227879285567645	0.0310714285714285	0.0364372469635628	0.0563410607359337
441	0.611980238781392	0.64615067929189	0.611752717391304	0.661005434782609	0.645874401577021	0.687687485460311	0.658416559862646	0.714442573694774	0.0341704405104981	0.0492527173913043	0.0418130838832907	0.0560260138321282
442	0.606911447084233	0.611879049676026	0.56788665879575	0.615899252262889	0.599134823359769	0.633846378901393	0.615015698324122	0.662531303964972	0.00496760259179263	0.0480125934671388	0.0347115555416235	0.0475156056408506
443	0.63284323876579	0.650238144543384	0.648214285714286	0.725	0.625379762981516	0.678355249426007	0.63322485664192	0.691795879350718	0.0173949057775936	0.0767857142857142	0.0529754864444908	0.0585710227087989
444	0.594043528064147	0.632760595647194	0.549055905220289	0.600518326545724	0.555042613636364	0.602982954545455	0.560347950191197	0.693988774727448	0.0387170675830469	0.0514624213254351	0.0479403409090909	0.133640824536251
445	0.658308542286443	0.669783255418614	0.652350981118104	0.674935209181785	0.696962837200528	0.710065486296386	0.659334212015915	0.699564928169765	0.0114747131321716	0.0225842280636801	0.0131026490958579	0.0402307161538493
446	0.685521748008985	0.683888094751889	0.65736914600551	0.695936639118457	0.711652773785571	0.739333141707387	0.724380450001024	0.766827279253178	-0.00163365325709619	0.0385674931129477	0.0276803679218166	0.0424468292521544
447	0.671195075355551	0.697091912545107	0.669212079139188	0.723707046164526	0.678054124234187	0.711675033288211	0.706942773387146	0.750390356712469	0.0258968371895563	0.0544949670253384	0.0336209090540247	0.0434475833253232
448	0.724974721941355	0.754802831142568	0.671703296703297	0.735805860805861	0.68169014084507	0.725468674113647	0.740358199774829	0.816989517440384	0.0298281092012134	0.0641025641025641	0.0437785332685769	0.0766313176655543
449	0.607106803957198	0.633353523117303	0.629551820728291	0.6656162464986	0.609256198347107	0.653553719008264	0.637011579228152	0.689120084724901	0.026246719160105	0.0360644257703081	0.044297520661157	0.0521085054967496
450	0.601424979044426	0.638306789606035	0.579642857142857	0.608571428571429	0.578574561403509	0.610296052631579	0.604033462167245	0.688828540648831	0.0368818105616094	0.0289285714285714	0.0317214912280702	0.0847950784815868
451	0.606584169974317	0.678729862246089	0.61524024024024	0.717342342342342	0.559071284149039	0.670815039736271	0.638298242111409	0.735144192470412	0.0721456922717721	0.102102102102102	0.111743755587231	0.0968459503590037
452	0.669243986254296	0.706829896907216	0.692952380952381	0.779047619047619	0.61299559578558	0.693445750298075	0.701112608232834	0.785229127540784	0.0375859106529208	0.086095238095238	0.0804501545124948	0.0841165193079503
453	0.681712718835689	0.687196793925332	0.635330578512397	0.672865013774105	0.699280876645613	0.729713618953403	0.73806867343686	0.786361324893362	0.00548407508964355	0.037534435261708	0.0304327423077899	0.0482926514565022
454	0.661057692307692	0.697516025641026	0.673889490790899	0.745756590827013	0.64495867768595	0.705785123966942	0.682568870523416	0.766818181818182	0.0364583333333334	0.0718671000361141	0.0608264462809918	0.0842493112947658
455	0.601730688054031	0.661460531869987	0.530598290598291	0.655042735042735	0.562045268345174	0.670386040426026	0.632564343055046	0.758294262016007	0.0597298438159561	0.124444444444444	0.108340772080852	0.125729918960961
456	0.69354488154749	0.704629428385134	0.693076638282118	0.754535357275083	0.639998958224815	0.693040941764767	0.688260184142262	0.775561898423101	0.011084546837644	0.0614587189929655	0.053041983539952	0.0873017142808382
457	0.628362341772152	0.657238924050633	0.611333333333333	0.683666666666667	0.64375	0.709722222222222	0.666927440846322	0.74545728014213	0.028876582278481	0.0723333333333334	0.0659722222222222	0.0785298392958088
458	0.623503808487486	0.666811751904244	0.650598290598291	0.730598290598291	0.625471307298672	0.710574980374096	0.631703769113452	0.745793343446598	0.0433079434167574	0.08	0.0851036730754238	0.114089574333146
459	0.649122807017544	0.668780384696681	0.660468319559229	0.701446280991736	0.631325553692756	0.66978624371305	0.653105452515997	0.720276215643581	0.0196575776791376	0.0409779614325069	0.0384606900202947	0.0671707631275842
460	0.634821811936453	0.635895234006011	0.657857142857143	0.688928571428571	0.588813421572042	0.621972599558806	0.630699701636718	0.694215283169988	0.00107342206955774	0.0310714285714286	0.0331591779867643	0.0635155815332693
461	0.675123885034688	0.695738354806739	0.633264462809917	0.6866391184573	0.671324354657688	0.733003647586981	0.741306490814981	0.816184923870357	0.0206144697720515	0.0533746556473829	0.061679292929293	0.0748784330553768
462	0.607292817679558	0.653038674033149	0.614587189929656	0.645686782673084	0.601983396616182	0.641848292682467	0.624741431896265	0.724856553629613	0.0457458563535912	0.0310995927434283	0.0398648960662854	0.100115121733348
463	0.684301075268817	0.711612903225807	0.697128851540616	0.748949579831933	0.661455762163348	0.720306072075037	0.668715649525116	0.753105323762158	0.0273118279569893	0.0518207282913165	0.0588503099116888	0.0843896742370417
464	0.673299398426654	0.701064322073114	0.64952380952381	0.68647619047619	0.637127520338472	0.675350038291568	0.672612538853933	0.746049004387771	0.02776492364646	0.036952380952381	0.0382225179530959	0.0734364655338381
465	0.636443661971831	0.67737676056338	0.622441520467836	0.68969298245614	0.633669927119294	0.698658739291651	0.678986458660558	0.755424926779987	0.0409330985915493	0.067251461988304	0.0649888121723565	0.0764384681194287
466	0.62938368956215	0.634778999792488	0.622087132725431	0.635933806146572	0.681093413056263	0.683976671240933	0.661724122929282	0.702639831560573	0.00539531023033823	0.0138466734211415	0.00288325818466961	0.0409157086312915
467	0.638078525992542	0.674709366089055	0.614400584795322	0.715277777777778	0.596812411545225	0.679477419908222	0.662992335169668	0.746567212672218	0.0366308400965124	0.100877192982456	0.082665008362997	0.0835748775025504
468	0.587905486583901	0.610132158590308	0.597948717948718	0.661880341880342	0.554700568752091	0.605888256942121	0.564010703989306	0.626281885019403	0.0222266720064077	0.0639316239316239	0.0511876881900302	0.0622711810300969
469	0.553312426499412	0.583496667973344	0.440577563865235	0.478711588300629	0.487205387205387	0.532659932659933	0.605942092584736	0.713063618520283	0.0301842414739317	0.0381340244353943	0.0454545454545455	0.107121525935546
470	0.544130248500428	0.611825192802057	0.513143280266568	0.586819696408737	0.503448060984982	0.587224518621607	0.561276767027182	0.662226781327783	0.0676949443016281	0.0736764161421695	0.0837764576366242	0.100950014300602
471	0.635173824130879	0.666871165644172	0.642857142857143	0.717086834733894	0.607744107744108	0.661279461279461	0.635400076546045	0.710995468967986	0.0316973415132925	0.0742296918767507	0.0535353535353535	0.0755953924219415
472	0.663317704844831	0.677383344496539	0.630630630630631	0.668168168168168	0.736837348036336	0.759925656437836	0.686186644375724	0.752283796253901	0.0140656396517079	0.0375375375375375	0.0230883084015003	0.0660971518781762
473	0.714378518839324	0.737332178432222	0.717836257309941	0.738669590643275	0.707484711370012	0.734681813785024	0.768364651878311	0.788915684565129	0.0229536595928974	0.0208333333333334	0.0271971024150125	0.0205510326868171
474	0.599444958371878	0.649167437557817	0.590144230769231	0.668669871794872	0.599907960422982	0.673139449963484	0.546077827895704	0.65781436135103	0.0497224791859389	0.078525641025641	0.0732314895405024	0.111736533455326
475	0.725825063466421	0.714516501269328	0.721954831543873	0.745649759348389	0.75548492115824	0.774505850938371	0.73371279974591	0.771369046711384	-0.0113085621970921	0.0236949278045168	0.0190209297801315	0.0376562469654739
476	0.640180265654649	0.707068311195446	0.651809523809524	0.725714285714286	0.601993817700624	0.673355813969127	0.64832256276052	0.752267359586459	0.066888045540797	0.0739047619047619	0.0713619962685034	0.103944796825939
477	0.618042623629216	0.61576660459342	0.594187675070028	0.637605042016807	0.563861352122882	0.613602433646284	0.559871021175112	0.625576985762313	-0.00227601903579555	0.0434173669467788	0.0497410815234026	0.0657059645872016
478	0.655644985860344	0.675222971503154	0.625350140056022	0.679971988795518	0.624771376314586	0.665946502057613	0.706089152351306	0.784374879904692	0.0195779856428105	0.0546218487394958	0.041175125743027	0.0782857275533864
479	0.620129193581996	0.665138570535528	0.616785714285714	0.68	0.588294337832088	0.639880011872024	0.6237609354761	0.735453175790958	0.045009376953532	0.0632142857142857	0.0515856740399364	0.111692240314858
480	0.650885137916838	0.681556195965418	0.677542519958348	0.732731690385283	0.693882292520085	0.730236368749924	0.688994629001019	0.721227457396866	0.0306710580485796	0.0551891704269352	0.036354076229839	0.0322328283958466
481	0.642587939698492	0.645938023450586	0.611861861861862	0.651651651651652	0.648018400566171	0.665204057560745	0.661959487825357	0.685461157960063	0.00335008375209378	0.0397897897897898	0.0171856569945742	0.0235016701347059
482	0.592100039698293	0.650853513298928	0.602921195652174	0.68070652173913	0.582568721268412	0.655858898583357	0.616054687909164	0.708097000073322	0.0587534736006352	0.0777853260869565	0.0732901773149451	0.092042312164158
483	0.669160768452983	0.67098078867543	0.701071428571429	0.685	0.664522982128884	0.640935924462881	0.726900302045086	0.782067934503908	0.00182002022244698	-0.0160714285714286	-0.0235870576660036	0.0551676324588214
484	0.593491124260355	0.630769230769231	0.600132625994695	0.650862068965517	0.574458886156673	0.628259518469479	0.604889686272608	0.687587644862532	0.0372781065088758	0.0507294429708222	0.0538006323128056	0.0826979585899239
485	0.584232547896939	0.6185862144902	0.562675070028011	0.620798319327731	0.610893341076268	0.678765001935734	0.580327634839438	0.673634087453727	0.0343536665932613	0.05812324929972	0.0678716608594658	0.0933064526142889
486	0.679788871783594	0.708819001539477	0.638724911452184	0.67965367965368	0.718367346938775	0.756802721088435	0.724745027907585	0.784199287269668	0.029030129755883	0.0409287682014955	0.0384353741496599	0.0594542593620827
487	0.670152687722234	0.67308094540891	0.739256049115204	0.748284579270495	0.66564155226462	0.682223543400713	0.664483655434912	0.708130956579262	0.00292825768667637	0.0090285301552907	0.0165819911360934	0.0436473011443496
488	0.638504753673293	0.661624891961971	0.620357142857143	0.6875	0.597950459662402	0.659429421500154	0.617246932216387	0.679240251412293	0.0231201382886775	0.0671428571428572	0.0614789618377521	0.061993319195906
489	0.617308067982028	0.63781988669662	0.622222222222222	0.67042735042735	0.573175257731959	0.625092783505155	0.676045895689947	0.743335593903791	0.0205118187145927	0.0482051282051281	0.051917525773196	0.0672896982138439
490	0.629342821264127	0.650062787777313	0.59263085399449	0.634297520661157	0.627937768950679	0.675604104601125	0.651134730927389	0.731630527351271	0.0207199665131854	0.0416666666666666	0.0476663356504469	0.080495796423882
491	0.683886255924171	0.707345971563981	0.676900584795322	0.732456140350877	0.71724277690927	0.775357535753575	0.707508774206806	0.768762742203259	0.0234597156398104	0.0555555555555556	0.0581147588443054	0.0612539679964524
492	0.659101225601453	0.684975034044485	0.61609907120743	0.709365325077399	0.649182602400917	0.705158754097042	0.674993312770211	0.765172331932097	0.0258738084430322	0.093266253869969	0.0559761516961251	0.0901790191618865
493	0.630220861578832	0.661710037174721	0.653846153846154	0.678285256410256	0.625152312591515	0.64832430550578	0.639170964904241	0.70279124674246	0.0314891755958889	0.0244391025641025	0.0231719929142646	0.0636202818382191
494	0.702461799660441	0.713921901528014	0.71016081871345	0.718932748538012	0.697062841530055	0.703893442622951	0.778837368989611	0.78203625386902	0.0114601018675722	0.00877192982456143	0.00683060109289613	0.00319888487940923
495	0.628202581926514	0.66772591857001	0.642217630853995	0.728994490358127	0.621829639409528	0.72397575950417	0.591701017252407	0.701707701151079	0.0395233366434955	0.0867768595041323	0.102146120094642	0.110006683898672
496	0.592766242464836	0.639651707970529	0.571428571428571	0.659189295552932	0.566800145613397	0.643611212231525	0.621267492646403	0.722468580087352	0.0468854655056933	0.0877607241243605	0.0768110666181289	0.101201087440948
497	0.645078824030678	0.671921602045164	0.639285714285714	0.675	0.619974203878313	0.647182440846824	0.63870338186451	0.702812543868439	0.0268427780144865	0.0357142857142856	0.027208236968511	0.0641091620039296
498	0.677530757608461	0.676883229009281	0.706031058143734	0.740339472733839	0.663647114474929	0.675437559129612	0.681726204890332	0.739840169044756	-0.000647528599179825	0.0343084145901047	0.011790444654683	0.0581139641544236
499	0.675669788717055	0.707688956654324	0.632378932484977	0.68328031106398	0.69886045875443	0.763148155941866	0.712694949780232	0.793134195963331	0.0320191679372686	0.0509013785790031	0.0642876971874361	0.0804392461830989
500	0.613062098501071	0.645610278372591	0.576428571428571	0.672142857142857	0.598518135607823	0.664057403783431	0.596519452773965	0.664842724431503	0.0325481798715204	0.0957142857142858	0.0655392681756083	0.0683232716575373
501	0.63648753894081	0.666082554517134	0.646666666666667	0.700666666666667	0.668699563832894	0.714156716556273	0.681377919407884	0.7426314303754	0.0295950155763239	0.054	0.0454571527233792	0.0612535109675162
502	0.564836003051106	0.61441647597254	0.565071930411509	0.640347942455671	0.519142064576988	0.591153640149971	0.534089679454632	0.621288673952672	0.0495804729214341	0.0752760120441619	0.0720115755729829	0.0871989944980398
503	0.723001558672901	0.715653529280784	0.745756590827013	0.744312026002167	0.73593175511291	0.749389880613794	0.752479528939437	0.782850141507653	-0.00734802939211765	-0.00144456482484645	0.0134581255008837	0.030370612568216
504	0.673986486486487	0.693412162162162	0.656193571686529	0.671361502347418	0.714814814814815	0.736700336700337	0.720676826614825	0.77194970181262	0.0194256756756757	0.0151679306608884	0.021885521885522	0.051272875197795
505	0.634511536573392	0.65979381443299	0.637053087757313	0.693029974720116	0.632344731332868	0.675215166317748	0.642819918140453	0.722527832550598	0.0252822778595975	0.0559768869628025	0.0428704349848802	0.0797079144101449
506	0.629157538338976	0.647679745070703	0.637753406447325	0.690262545696245	0.626919138898609	0.678256541856215	0.663323087641722	0.742032671432018	0.0185222067317268	0.0525091392489199	0.0513374029576059	0.078709583790296
507	0.62045813586098	0.655608214849921	0.633569739952719	0.65822357311719	0.635451355661882	0.648625199362041	0.662455551828246	0.71885119646651	0.0351500789889415	0.0246538331644715	0.0131738437001595	0.0563956446382646
508	0.598034836980795	0.636891469405985	0.608	0.652190476190476	0.567947838023336	0.618050789293068	0.613541716528649	0.681645206069599	0.0388566324251898	0.0441904761904762	0.0501029512697324	0.0681034895409506
509	0.673414583763685	0.669696343730634	0.705641025641026	0.691282051282051	0.692096429661276	0.691667911101877	0.711591025986763	0.735300104214784	-0.00371824003305099	-0.0143589743589744	-0.000428518559398516	0.0237090782280205
510	0.658404000869754	0.703631224179169	0.670687134502924	0.741593567251462	0.69009718015792	0.738641615864145	0.677109671364989	0.749137085048091	0.0452272233094151	0.070906432748538	0.0485444357062248	0.0720274136831025
511	0.700928381962865	0.723916887709991	0.737142857142857	0.746666666666667	0.712488742832404	0.721122739204536	0.744423766182673	0.813236168913267	0.0229885057471265	0.00952380952380949	0.00863399637213225	0.0688124027305944
512	0.678907505164104	0.696580215744778	0.672111065741119	0.71090240914659	0.69502180649604	0.722354527717204	0.677346317253744	0.728412608893268	0.0176727105806747	0.0387913434054716	0.0273327212211638	0.0510662916395239
513	0.652805723228258	0.682986809747373	0.647435897435897	0.703926282051282	0.683916083916084	0.731818181818182	0.670991532086242	0.750473192372106	0.0301810865191147	0.0564903846153846	0.0479020979020979	0.0794816602858643
514	0.688953488372093	0.708407871198569	0.750350140056023	0.783613445378151	0.735918437030779	0.759100065517699	0.692218129653366	0.73086266996033	0.0194543828264758	0.0332633053221288	0.0231816284869205	0.0386445403069641
515	0.705162211793511	0.71434401142624	0.741880341880342	0.768547008547009	0.77339803285224	0.78272298597831	0.771373757380021	0.792264134042735	0.00918179963272814	0.0266666666666666	0.00932495312607062	0.020890376662714
516	0.661836825679893	0.68970129291128	0.648459383753501	0.720238095238095	0.675823773684403	0.724256942491572	0.684125567703931	0.727108194958282	0.0278644672313866	0.0717787114845939	0.0484331688071691	0.0429826272543513
517	0.600697292863002	0.644790812141099	0.595213675213675	0.674188034188034	0.605227103845439	0.658792727103845	0.623701023155627	0.690008400646204	0.0440935192780968	0.078974358974359	0.053565623258406	0.0663073774905761
518	0.569651233938405	0.62084438099123	0.525815217391304	0.625	0.585454545454545	0.678347107438017	0.559400714683802	0.663587188145428	0.0511931470528249	0.0991847826086956	0.0928925619834711	0.104186473461627
519	0.670369622298526	0.702282367198546	0.661249548573492	0.71180931744312	0.744288895959275	0.785816099268215	0.671247694413042	0.728716457428452	0.0319127449000202	0.0505597688696281	0.0415272033089406	0.0574687630154103
520	0.660401002506266	0.670634920634921	0.618928571428571	0.639285714285714	0.647690409557341	0.660569949745719	0.724239955048248	0.766900788780975	0.010233918128655	0.0203571428571429	0.0128795401883783	0.0426608337327267
521	0.663300343364977	0.673399313270046	0.691658223573117	0.718676122931442	0.701544743802559	0.730535456625177	0.697428001887747	0.727023505829409	0.0100989699050696	0.0270178993583249	0.0289907128226172	0.0295955039416621
522	0.635640061905815	0.6535485297369	0.585891812865497	0.600877192982456	0.6434646266773	0.671143338675917	0.675984524787261	0.761126424027548	0.0179084678310856	0.014985380116959	0.0276787119986166	0.0851418992402866
523	0.651091703056769	0.661353711790393	0.623843021103295	0.66271751203258	0.58301745440721	0.619441369516845	0.615261307476958	0.668023943063974	0.0102620087336245	0.0388744909292854	0.0364239151096352	0.0527626355870163
524	0.621067880794702	0.670322847682119	0.637768817204301	0.70497311827957	0.568406054663562	0.628143256935082	0.646713202894911	0.730103878906874	0.0492549668874173	0.0672043010752689	0.0597372022715202	0.0833906760119631
525	0.603433098591549	0.646566901408451	0.591374269005848	0.660453216374269	0.618858181360019	0.678939772560234	0.61044493726135	0.69192489862073	0.0431338028169015	0.069078947368421	0.0600815912002153	0.0814799613593796
526	0.602582846003899	0.625243664717349	0.585953450387913	0.614536545528787	0.611146198830409	0.640210526315789	0.575545276890306	0.629023128797154	0.0226608187134503	0.0285830951408738	0.0290643274853801	0.0534778519068481
527	0.665438786565547	0.712892741061755	0.665658602150538	0.750336021505376	0.668707413939678	0.755307000291838	0.733954002213454	0.823938571017244	0.047453954496208	0.0846774193548387	0.086599586352159	0.0899845688037899
528	0.60291011499648	0.660173668153016	0.591374269005848	0.663011695906433	0.586979007433584	0.656914012272305	0.606728765414424	0.697635391560092	0.057263553156536	0.0716374269005848	0.0699350048387205	0.0909066261456677
529	0.578225460780111	0.610158594084869	0.577577230128428	0.643179451579313	0.606875371507826	0.643471369130176	0.624505695037063	0.689646611021642	0.0319331333047579	0.0656022214508851	0.0365959976223499	0.0651409159845784
530	0.621461765948458	0.66687790452049	0.655726495726496	0.704615384615385	0.661131078816721	0.709437699720314	0.654012741574963	0.725901735518615	0.045416138572032	0.048888888888889	0.0483066209035924	0.0718889939436519
531	0.616598227793387	0.636481521504214	0.591331269349845	0.627321981424149	0.596547743114716	0.625459478397623	0.608177053163925	0.662434642457406	0.0198832937108278	0.0359907120743035	0.0289117352829065	0.0542575892934806
532	0.690872210953347	0.689655172413793	0.692120791391878	0.728913571676501	0.742514395465419	0.7477448166204	0.735454156985806	0.778215591014679	-0.00121703853955368	0.0367927802846234	0.00523042115498085	0.0427614340288722
533	0.664182376150811	0.690267426567295	0.670278078728783	0.710364752618274	0.674548854287074	0.705948382208666	0.713204262804778	0.749895577646866	0.026085050416484	0.0400866738894907	0.0313995279215922	0.036691314842088
534	0.641745894554883	0.673509075194468	0.64757864969954	0.695652173913044	0.644982680663159	0.701620878394458	0.611414658023945	0.686071988387314	0.0317631806395852	0.0480735242135031	0.0566381977312991	0.0746573303633692
535	0.67487582781457	0.675703642384106	0.667727112053729	0.661717921527041	0.668802919735355	0.66191517784442	0.750221065434494	0.788050621219974	0.0008278145695364	-0.0060091905266878	-0.00688774189093544	0.0378295557854796
536	0.592093831450912	0.612510860121633	0.595041322314049	0.628099173553719	0.605803667745415	0.638085221143474	0.584774782202435	0.654848612707512	0.020417028670721	0.0330578512396695	0.0322815533980583	0.070073830505077
537	0.630696474634566	0.649828030954428	0.674089784376105	0.716507599858607	0.615604929699705	0.648319519180698	0.63537340417281	0.674641231484908	0.0191315563198624	0.0424178154825027	0.0327145894809929	0.0392678273120983
538	0.606545454545454	0.629090909090909	0.59496996996997	0.638138138138138	0.576154765292515	0.609808619877419	0.572828998397004	0.627942095145142	0.0225454545454546	0.0431681681681682	0.0336538545849046	0.0551130967481387
539	0.645100105374078	0.668703898840885	0.62637741046832	0.697314049586777	0.63907967032967	0.705357142857143	0.679710010223999	0.732848246650645	0.0236037934668072	0.0709366391184573	0.0662774725274725	0.0531382364266461
540	0.657280069853744	0.67212399039511	0.6401332839689	0.674194742687893	0.686555910065307	0.722655665785931	0.657735116973749	0.715224662798104	0.0148439205413664	0.034061458718993	0.0360997557206241	0.0574895458243548
541	0.607389362565976	0.654080389768575	0.622983870967742	0.693884408602151	0.619675456389452	0.679851250845166	0.628231540462243	0.682200069759243	0.0466910272025985	0.0709005376344086	0.0601757944557133	0.053968529297
542	0.59978354978355	0.63961038961039	0.611071428571429	0.681428571428571	0.596396813190193	0.670195207481005	0.606422642065865	0.691926189868404	0.0398268398268399	0.0703571428571428	0.0737983942908118	0.0855035478025385
543	0.622295487327426	0.66227076035442	0.594731509625127	0.668693009118541	0.583616740754276	0.662572420506778	0.634618137949376	0.716914365561398	0.0399752730269937	0.0739614994934144	0.0789556797525022	0.0822962276120215
544	0.654046997389034	0.664926022628373	0.679378008145131	0.708256201406886	0.652310292570975	0.686505275187968	0.598380137561818	0.674963262930248	0.0108790252393386	0.0288781932617549	0.0341949826169922	0.0765831253684298
545	0.642926122646065	0.670931916948334	0.639421030225628	0.687100893997446	0.585813034891376	0.64506254114549	0.617611916828882	0.684781170901371	0.0280057943022693	0.0476798637718179	0.0592495062541145	0.0671692540724894
546	0.617591225479857	0.637207340223581	0.631247686042207	0.681599407626805	0.565750049989121	0.600992419745632	0.605716882836418	0.671173482091483	0.0196161147437249	0.0503517215845982	0.0352423697565108	0.0654565992550648
547	0.674139930421337	0.661963664476227	0.668785547005688	0.686517229842757	0.632604088755921	0.636821828813738	0.673971193478901	0.69899534444411	-0.0121762659451102	0.0177316828370692	0.00421774005781617	0.0250241509652085
548	0.578767901795863	0.636735621732212	0.550804093567251	0.634137426900585	0.541969160868605	0.636916217807913	0.574883158115073	0.687503884838678	0.0579677199363492	0.0833333333333334	0.0949470569393082	0.112620726723605
549	0.66780199818347	0.685967302452316	0.6525	0.701071428571429	0.632141339477229	0.676959089516255	0.656063617696497	0.717167023379552	0.0181653042688465	0.0485714285714286	0.0448177500390257	0.0611034056830546
550	0.683152299514675	0.702565287728218	0.67375049193231	0.71310507674144	0.642510249132766	0.685840428886787	0.7013478390462	0.748637853949329	0.0194129882135429	0.0393545848091303	0.0433301797540209	0.0472900149031298
551	0.642751322751323	0.645502645502645	0.64039039039039	0.673423423423423	0.622855207083796	0.629709479930104	0.645780078801306	0.702255348987283	0.00275132275132273	0.0330330330330331	0.00685427284630802	0.0564752701859772
552	0.617341746387136	0.655607571748423	0.642355302776848	0.694212111073938	0.630170530260497	0.684028599839008	0.588281022554047	0.664399128037185	0.0382658253612863	0.0518568082970893	0.053858069578511	0.0761181054831382
553	0.623828369089773	0.625702978546136	0.642543859649123	0.641081871345029	0.613084871705561	0.613224195982817	0.638092915654985	0.673484699629947	0.0018746094563632	-0.0014619883040935	0.000139324277255271	0.0353917839749618
554	0.600320064012803	0.645929185837167	0.563693162096494	0.635543214161749	0.639455782312925	0.706802721088435	0.668863651747968	0.763585749186169	0.0456091218243648	0.0718500520652552	0.0673469387755102	0.0947220974382011
555	0.623228052723203	0.673713006714748	0.608173076923077	0.698317307692308	0.642958860369661	0.71572806157394	0.617421368922827	0.708007660053261	0.0504849539915443	0.0901442307692307	0.072769201204279	0.090586291130434
556	0.667981727574751	0.683970099667774	0.664192294096854	0.697773064687169	0.660112967191443	0.691251051556303	0.702260215284802	0.756191796328419	0.0159883720930233	0.0335807705903146	0.03113808436486	0.0539315810436176
557	0.691339748334567	0.708857636318776	0.66506968641115	0.700348432055749	0.751781202160639	0.786511418677881	0.691135810516201	0.760714022360574	0.0175178879842092	0.0352787456445993	0.0347302165172422	0.0695782118443734
558	0.614770459081836	0.682191173209137	0.627003205128205	0.740785256410256	0.577451525917048	0.668129093010315	0.631250778927001	0.716720283401386	0.0674207141273009	0.113782051282051	0.0906775670932671	0.0854695044743843
559	0.65948275862069	0.674784482758621	0.683884297520661	0.721418732782369	0.643519394512772	0.664853358561968	0.636220951640619	0.704797070616152	0.015301724137931	0.037534435261708	0.0213339640491959	0.068576118975534
560	0.672218520986009	0.703086831001555	0.678728070175439	0.728801169590643	0.669068527933631	0.731115180519883	0.728173697109727	0.811351335010419	0.0308683100155452	0.0500730994152047	0.0620466525862523	0.083177637900692
561	0.686580674360715	0.672324055216112	0.623839009287926	0.623839009287926	0.649217683942639	0.644245016868559	0.744865146051449	0.752225673435313	-0.0142566191446029	0	-0.0049726670740794	0.00736052738386361
562	0.621151832460733	0.630785340314136	0.600714285714286	0.624285714285714	0.583502366463827	0.595334685598377	0.688002957145627	0.70610941438821	0.00963350785340311	0.0235714285714286	0.0118323191345503	0.0181064572425829
563	0.643548387096774	0.642338709677419	0.646428571428571	0.674285714285714	0.666872138570252	0.68409255201708	0.643720933819232	0.675929236487463	-0.00120967741935485	0.0278571428571429	0.0172204134468286	0.0322083026682302
564	0.678347934918648	0.681476846057572	0.648648648648649	0.686042206590152	0.711658314789193	0.723537475789739	0.683433709539239	0.74239397364328	0.00312891113892366	0.0373935579415032	0.011879161000546	0.0589602641040416
565	0.716500809997686	0.74265216385096	0.766476190476191	0.815238095238095	0.694960300322248	0.741619879738215	0.715570382510901	0.77088256622228	0.0261513538532747	0.0487619047619047	0.0466595794159662	0.0553121837113787
566	0.567487892187829	0.617182564750474	0.565714285714286	0.633142857142857	0.567961465148627	0.621936015661223	0.466258804557997	0.60404093680389	0.0496946725626448	0.0674285714285715	0.0539745505125959	0.137782132245893
567	0.646711635750422	0.68570826306914	0.629551078119477	0.709791445740544	0.598539351586665	0.665511513346317	0.660007796282106	0.735101224599066	0.0389966273187184	0.0802403676210676	0.0669721617596517	0.0750934283169609
568	0.615419708029197	0.631386861313869	0.598976780794963	0.644234553325462	0.581810440820069	0.583000371170935	0.631270046835974	0.666411174697824	0.0159671532846716	0.0452577725304999	0.00118993035086579	0.03514112786185
569	0.69266875279392	0.704067948144837	0.705128205128205	0.725560897435897	0.686539963551159	0.705895504495798	0.729076660013549	0.78798059715438	0.0113991953509165	0.0204326923076923	0.0193555409446399	0.0589039371408308
570	0.600282153773807	0.626851634140607	0.6005655708731	0.657476139978791	0.606523127247471	0.665520293053424	0.607721788444857	0.660745451502618	0.0265694803667998	0.056910569105691	0.0589971658059529	0.0530236630577612
571	0.644811320754717	0.650943396226415	0.568395263372805	0.605144957125357	0.666305916305916	0.663780663780664	0.713866242175232	0.751140103684901	0.00613207547169803	0.0367496937525521	-0.0025252525252526	0.0372738615096693
572	0.571457125724565	0.60643613831701	0.563760683760684	0.595897435897436	0.554630775190892	0.595939714317849	0.573793445346625	0.654139821375934	0.0349790125924445	0.032136752136752	0.0413089391269573	0.0803463760293087
573	0.669369931378665	0.712206279891869	0.696359137504419	0.752562743018735	0.708349957252779	0.748452550584212	0.728659444568535	0.784903004844354	0.0428363485132044	0.056203605514316	0.0401025933314335	0.0562435602758184
574	0.721594684385382	0.719158361018826	0.758928571428571	0.784642857142857	0.630363442760705	0.667328663547194	0.679533956405483	0.765973296418989	-0.00243632336655597	0.0257142857142857	0.036965220786489	0.0864393400135064
575	0.625836120401338	0.655936454849498	0.627352150537634	0.688172043010753	0.629982517482517	0.691733266733267	0.579093942731926	0.643162379317048	0.0301003344481605	0.0608198924731183	0.0617507492507493	0.0640684365851216
576	0.592077538980194	0.599662873999157	0.578909353557241	0.587937883712532	0.556900924933855	0.577312881289222	0.622197440522173	0.659625014827803	0.00758533501896341	0.0090285301552907	0.020411956355367	0.0374275743056293
577	0.601608806096528	0.608171041490262	0.56140350877193	0.618055555555556	0.567561983471074	0.583090474119182	0.575349028418552	0.612464770921696	0.00656223539373413	0.0566520467836258	0.0155284906481079	0.0371157425031441
578	0.604701273261508	0.644270323212537	0.65841418534627	0.678822348611576	0.606333333333333	0.615333333333333	0.651036001468086	0.691679456808248	0.0395690499510284	0.0204081632653061	0.00900000000000001	0.0406434553401621
579	0.626033871602993	0.643560456872785	0.644701086956522	0.679347826086957	0.672496597571189	0.698224193886097	0.69544002009692	0.736040106828041	0.0175265852697913	0.0346467391304348	0.025727596314908	0.0406000867311209
580	0.664484082185595	0.67035448182434	0.64437134502924	0.694078947368421	0.613917884567026	0.665153521612403	0.663813013977095	0.715300400225009	0.00587039963874458	0.0497076023391814	0.0512356370453771	0.0514873862479136
581	0.611463743027505	0.600500096172341	0.580461692873871	0.58949481431917	0.616287094547964	0.616977225672878	0.663376191768877	0.683546802892327	-0.0109636468551645	0.00903312144529933	0.000690131124913784	0.0201706111234504
582	0.647200966572694	0.672573499798631	0.678030303030303	0.728994490358127	0.649388256993544	0.674589609591147	0.67430692908479	0.736565667711665	0.0253725332259364	0.0509641873278237	0.0252013525976023	0.0622587386268747
583	0.67737843551797	0.69492600422833	0.649142857142857	0.699428571428571	0.679706402382282	0.722007025870091	0.741937807879761	0.783846523471593	0.0175475687103595	0.0502857142857143	0.0423006234878095	0.0419087155918318
584	0.641543026706231	0.630860534124629	0.625309296571227	0.635206786850477	0.584990296645412	0.600942611588578	0.672104362319534	0.714392893380009	-0.0106824925816024	0.00989749027925058	0.0159523149431661	0.0422885310604758
585	0.657595886008142	0.667880865652453	0.660818713450292	0.688230994152047	0.638234845679685	0.660544313998824	0.672778358829422	0.732284820743935	0.0102849796443111	0.0274122807017544	0.0223094683191392	0.0595064619145129
586	0.593870552936134	0.61358765537934	0.519958347795904	0.587296077750781	0.543795857538044	0.598691640782295	0.644044171308452	0.686434318518895	0.0197171024432062	0.0673377299548767	0.054895783244251	0.042390147210443
587	0.59542323928016	0.658520328815819	0.551891704269351	0.640749739673724	0.596366693232311	0.690758430952979	0.610517650043983	0.708943011267107	0.0630970895356587	0.0888580354043734	0.0943917377206677	0.0984253612231236
588	0.623480167430736	0.6639425951764	0.666322314049587	0.71728650137741	0.677579365079365	0.714616402116402	0.686055693004158	0.744499131441807	0.0404624277456647	0.0509641873278236	0.0370370370370371	0.0584434384376481
589	0.612807463952502	0.633799830364716	0.603070175438597	0.641081871345029	0.588811188811189	0.653496503496503	0.558011260142408	0.642091405861898	0.0209923664122138	0.0380116959064327	0.0646853146853147	0.08408014571949
590	0.616721177432543	0.634914145543745	0.656752136752137	0.718974358974359	0.597904453665632	0.648920428428403	0.555557951610314	0.635261860288645	0.018192968111202	0.0622222222222222	0.0510159747627713	0.0797039086783312
591	0.607632300231921	0.669618384988404	0.592155501561958	0.679625130163138	0.616949152542373	0.691864406779661	0.706780061422159	0.791637136782424	0.0619860847564833	0.0874696286011801	0.0749152542372882	0.0848570753602645
592	0.598586733530887	0.659676316389332	0.597689075630252	0.687324929971989	0.606342691367019	0.705554605669088	0.643312510026539	0.735802469135802	0.0610895828584453	0.0896358543417366	0.0992119143020689	0.0924899591092638
593	0.669050051072523	0.674361593462717	0.630602240896359	0.636904761904762	0.648713464295246	0.648089526387352	0.693353555447189	0.756798110406727	0.00531154239019405	0.00630252100840334	-0.000623937907893501	0.0634445549595379
594	0.708296751536435	0.734855136084284	0.739470108695652	0.772078804347826	0.731203976435935	0.766550073637703	0.740257372352183	0.804272409205145	0.026558384547849	0.0326086956521738	0.0353460972017673	0.0640150368529612
595	0.644310306282137	0.67695059244355	0.618697478991597	0.692927170868347	0.688709043213459	0.75837597945068	0.684913068779354	0.770124999015679	0.0326402861614129	0.0742296918767508	0.0696669362372215	0.0852119302363256
596	0.641781936533767	0.666192026037429	0.614704842700601	0.652173913043478	0.643570536828964	0.690423735037086	0.659001572133078	0.720222980381398	0.0244100895036615	0.0374690703428773	0.0468531982081222	0.0612214082483201
597	0.644218551461245	0.639135959339263	0.614495798319328	0.653361344537815	0.608413641555799	0.630104237941824	0.626121098671352	0.687788522912558	-0.00508259212198225	0.0388655462184874	0.0216905963860247	0.0616674242412057
598	0.611917983767621	0.673643741990602	0.570936639118457	0.641873278236915	0.638827172166021	0.709588021178028	0.681211980825173	0.76098590540406	0.0617257582229815	0.0709366391184574	0.0707608490120073	0.0797739245788878
599	0.63248421510995	0.655998258219029	0.634384384384384	0.686561561561562	0.586166365280289	0.609018987341772	0.629484244023595	0.678132222567181	0.023514043109079	0.0521771771771772	0.0228526220614829	0.0486479785435855
600	0.571212448670845	0.625891506375621	0.571785714285714	0.671071428571429	0.489008567931457	0.57484020127839	0.532908808150241	0.65578401866733	0.0546790577047764	0.0992857142857143	0.0858316333469332	0.122875210517089
601	0.635259631490787	0.65891959798995	0.660086985613918	0.723318835731014	0.642024862595896	0.708827247888982	0.682459064552292	0.77057531118438	0.0236599664991626	0.0632318501170961	0.0668023852930867	0.0881162466320879
602	0.685363357215967	0.703582395087001	0.753799392097264	0.814927389395474	0.702427604458242	0.769129472237773	0.677764467759924	0.760426706550824	0.0182190378710338	0.0611279972982101	0.0667018677795308	0.0826622387908996
603	0.623935558112773	0.666283084004603	0.668571428571429	0.729285714285714	0.648725393064095	0.705499322479385	0.638106908608713	0.727276580468559	0.0423475258918298	0.0607142857142856	0.0567739294152895	0.0891696718598465
604	0.59141668491351	0.625355813444274	0.569444444444444	0.653874269005848	0.548740053050398	0.617705570291777	0.528073767742628	0.593332707254465	0.0339391285307642	0.0844298245614036	0.0689655172413793	0.0652589395118374
605	0.696149843912591	0.716961498439126	0.667569659442725	0.71671826625387	0.701754385964912	0.734434124527004	0.730897706998779	0.799373158871691	0.0208116545265349	0.0491486068111454	0.0326797385620916	0.0684754518729123
606	0.662292213473316	0.674978127734033	0.666790077748982	0.702332469455757	0.653514588859416	0.701259946949602	0.656178750569995	0.698961937716263	0.0126859142607174	0.0355423917067753	0.0477453580901858	0.0427831871462676
607	0.662663998221036	0.654436290860574	0.660571428571429	0.683047619047619	0.640678441267171	0.669470142977292	0.687319000641725	0.748179700885956	-0.00822770736046252	0.0224761904761904	0.0287917017101206	0.0608607002442301
608	0.593608291945584	0.620600302310516	0.609756097560976	0.655001767408979	0.533510367817391	0.578382959489237	0.584249163466047	0.660044483306522	0.026992010364932	0.0452456698480028	0.0448725916718459	0.0757953198404743
609	0.648395061728395	0.68716049382716	0.613476490188819	0.700111069974084	0.640671953255426	0.710632303839733	0.666606897683859	0.731646577854717	0.0387654320987654	0.0866345797852648	0.0699603505843072	0.0650396801708585
610	0.650765475926337	0.671400044375416	0.589382448537378	0.663416395810762	0.654285554436612	0.720650106299653	0.663807351677972	0.726551346227896	0.0206345684490792	0.0740339472733839	0.0663645518630412	0.0627439945499245
611	0.608291945584107	0.63895486935867	0.574229691876751	0.638305322128852	0.591757084649544	0.668440690381358	0.588533435338883	0.704131191631038	0.0306629237745627	0.0640756302521008	0.0766836057318133	0.115597756292155
612	0.660334690185436	0.679556761646314	0.652102899142507	0.716210698244181	0.621097381582818	0.667520839462587	0.688478293518175	0.747945537814086	0.0192220714608774	0.0641077991016741	0.0464234578797685	0.0594672442959112
613	0.668887963348605	0.683465222823823	0.727240896358543	0.766456582633053	0.642731473362287	0.691643400616531	0.646701755074315	0.739114205870305	0.0145772594752186	0.0392156862745098	0.0489119272542434	0.09241245079599
614	0.593983402489627	0.623651452282158	0.53781512605042	0.607142857142857	0.580025125628141	0.620203289173138	0.627976826310665	0.712252877445779	0.0296680497925311	0.069327731092437	0.0401781635449977	0.0842760511351144
615	0.588935419880979	0.644258320476086	0.576082932247316	0.66864124398371	0.535198806097431	0.617876559002239	0.598991566117049	0.679976071060404	0.0553229005951069	0.092558311736394	0.0826777529048076	0.0809845049433556
616	0.735857561415371	0.74149199909849	0.689098780007871	0.748130657221566	0.73563319160128	0.770947486082497	0.787209944144921	0.851878045483228	0.00563443768311922	0.0590318772136954	0.0353142944812168	0.0646681013383069
617	0.633962264150943	0.681021087680355	0.657410621312044	0.76258243665394	0.621907994277445	0.722429358207958	0.653120215258488	0.777154557659144	0.0470588235294118	0.105171815341895	0.100521363930513	0.124034342400656
618	0.66412213740458	0.663196854036549	0.648648648648649	0.690690690690691	0.620910112653232	0.632212028542304	0.640191367483587	0.707608500123346	-0.000925283368031438	0.042042042042042	0.0113019158890719	0.067417132639759
619	0.641406740632196	0.683064684948713	0.63416395810762	0.722643553629469	0.626696224640602	0.704549016973443	0.647849465859737	0.731855565491974	0.0416579443165166	0.088479595521849	0.0778527923328407	0.0840060996322369
620	0.596442348906987	0.610801543077582	0.622732321362458	0.639763050721955	0.612102300538424	0.629247954688483	0.554426467498332	0.574076324744774	0.0143591941705957	0.0170307293594966	0.0171456541500594	0.0196498572464424
621	0.64494337373336	0.672362408106497	0.679407713498623	0.743801652892562	0.602280693027866	0.64691259021652	0.622193767061222	0.698842078175625	0.0274190343731373	0.0643939393939394	0.0446318971886537	0.0766483111144033
622	0.577317385732593	0.588210166595472	0.56771397616468	0.60527266161069	0.503758460961722	0.533224408758372	0.560442038188178	0.598859949448814	0.0108927808628791	0.0375586854460094	0.0294659477966505	0.0384179112606358
623	0.621263079222721	0.648355754857997	0.651711532070455	0.685609837155201	0.591027214569291	0.630529137896751	0.661904181096421	0.72346524728534	0.0270926756352765	0.0338983050847458	0.0395019233274594	0.0615610661889185
624	0.613307823129252	0.630102040816326	0.612745098039216	0.63655462184874	0.616411903975641	0.655580618258957	0.622533707865168	0.66714606741573	0.0167942176870748	0.0238095238095238	0.0391687142833155	0.0446123595505619
625	0.634076204169662	0.666906302420321	0.640092879256966	0.687306501547988	0.625042490956609	0.67305588729079	0.647582737286588	0.71092133785132	0.032830098250659	0.0472136222910217	0.0480133963341814	0.063338600564732
626	0.605418138987044	0.622614840989399	0.551900584795322	0.604897660818713	0.543325526932084	0.589429983304013	0.557183273503444	0.629419423692636	0.0171967020023557	0.0529970760233918	0.0461044563719284	0.0722361501891918
627	0.680329476367915	0.715826632673073	0.70854441067207	0.750759878419453	0.744104084321476	0.791152832674572	0.732967458315819	0.79577553593947	0.0354971563051578	0.0422154677473826	0.0470487483530961	0.0628080776236514
628	0.634401843704169	0.678818353236958	0.64250700280112	0.725840336134454	0.614035087719298	0.692154915590864	0.690976102256465	0.771288726825985	0.0444165095327885	0.0833333333333333	0.0781198278715657	0.0803126245695204
629	0.614149305555556	0.629991319444444	0.566154970760234	0.637792397660819	0.606915144678843	0.665642674858601	0.614315596449457	0.67007349445548	0.0158420138888888	0.0716374269005848	0.0587275301797586	0.0557578980060225
630	0.665585117888817	0.692840147090634	0.600577825929939	0.676056338028169	0.640430755496038	0.693979466577391	0.677943359418795	0.74184025831334	0.027255029201817	0.0754785120982304	0.0535487110813525	0.0638968988945445
631	0.658897446291042	0.664775030401297	0.652898299201666	0.704616452620618	0.673444193912063	0.716251409244645	0.641202974763595	0.69240196795316	0.00587758411025541	0.0517181534189518	0.0428072153325817	0.051198993189565
632	0.664254385964912	0.684868421052632	0.707836764174792	0.740339472733839	0.684928224453787	0.71809854706254	0.668707813857059	0.729769534642647	0.0206140350877193	0.0325027085590467	0.0331703226087525	0.0610617207855882
633	0.578125	0.591242283950617	0.557919621749409	0.593042890915231	0.573855899033935	0.602578528252412	0.589711364049099	0.674560580676409	0.0131172839506173	0.0351232691658224	0.0287226292184768	0.0848492166273103
634	0.632648694908002	0.650192554557125	0.672083784759841	0.69844709281329	0.647804892985088	0.679246455800851	0.600261204087383	0.665771038464966	0.0175438596491229	0.0263633080534489	0.0314415628157629	0.0655098343775826
635	0.654362416107383	0.683095637583893	0.613095238095238	0.669467787114846	0.57523852884558	0.635732140449674	0.631207480556512	0.7267728880579	0.02873322147651	0.0563725490196079	0.0604936116040941	0.0955654075013879
636	0.630954947186894	0.644319896529424	0.548957228702722	0.595970307529162	0.60336918696615	0.639207755231165	0.622045248467706	0.68505232262863	0.0133649493425307	0.0470130788264405	0.0358385682650155	0.063007074160924
637	0.647797403702915	0.65716109810598	0.637254901960784	0.660364145658263	0.630605745398248	0.636512660865941	0.665033023111277	0.722943395587382	0.0093636944030645	0.023109243697479	0.00590691546769284	0.057910372476105
638	0.635587508425073	0.651089642776904	0.592271578187071	0.591910436980859	0.636331569664903	0.656084656084656	0.67830544344602	0.746350750797304	0.015502134351831	-0.000361141206211668	0.019753086419753	0.0680453073512841
639	0.604347826086957	0.624430641821946	0.579312738632419	0.600138840680319	0.602987167800295	0.623646658719585	0.619408458851186	0.691256109763347	0.0200828157349896	0.0208261020479	0.0206594909192903	0.0718476509121616
640	0.672279520101031	0.702378446642812	0.671487603305785	0.722451790633609	0.685381058733346	0.729835885948577	0.737940103970495	0.784976890806133	0.0300989265417806	0.0509641873278237	0.0444548272152304	0.0470367868356384
641	0.664395604395604	0.702417582417582	0.613390092879257	0.681501547987616	0.697798027164967	0.773802305982845	0.731621330305991	0.817797021721658	0.038021978021978	0.0681114551083591	0.076004278817878	0.0861756914156671
642	0.664454766644548	0.706923247069232	0.685671973343206	0.745279526101444	0.698368357564599	0.754692823736059	0.673687954772819	0.783353141107555	0.0424684804246848	0.0596075527582377	0.05632446617146	0.109665186334736
643	0.539383181717329	0.581761704015975	0.514666666666667	0.567619047619048	0.501874295701769	0.563070625301842	0.490436637645586	0.58962790033598	0.0423785222986466	0.052952380952381	0.0611963296000736	0.0991912626903939
644	0.618464730290456	0.647095435684647	0.53133608815427	0.575413223140496	0.593722075839157	0.61772826211479	0.655257257832711	0.754348950847945	0.0286307053941909	0.0440771349862259	0.024006186275633	0.0990916930152341
645	0.632987910189983	0.657167530224525	0.623102554609404	0.671232876712329	0.649810801513588	0.690746474028208	0.654212611327447	0.721546841063603	0.0241796200345423	0.0481303221029248	0.0409356725146199	0.0673342297361555
646	0.68585237258348	0.700131810193322	0.719887955182073	0.734593837535014	0.713394229375091	0.728165869218501	0.71426548046898	0.75588475814529	0.0142794376098418	0.0147058823529411	0.0147716398434102	0.0416192776763095
647	0.589882761615284	0.64502822405558	0.544956140350877	0.64327485380117	0.556076641731762	0.619634318994259	0.617276155157987	0.701989832861947	0.0551454624402953	0.0983187134502923	0.0635576772624965	0.0847136777039602
648	0.6458157227388	0.673922231614539	0.726136758070115	0.754599097535578	0.701566951566951	0.712250712250712	0.666512325459812	0.734482825512601	0.0281065088757396	0.0284623394654634	0.0106837606837608	0.0679705000527898
649	0.586481519297529	0.623034510925056	0.596102150537634	0.648185483870968	0.576122819310268	0.62990795443314	0.571550094238108	0.643448020285046	0.036552991627527	0.0520833333333334	0.0537851351228725	0.0718979260469373
650	0.641972053783285	0.670709201160032	0.632183908045977	0.672200936568753	0.631366302233159	0.676165536830388	0.609474504001817	0.661665303497207	0.0287371473767466	0.0400170285227757	0.0447992345972288	0.0521907994953908
651	0.602781399391569	0.655367231638418	0.575	0.664642857142857	0.619425068695836	0.692531900455006	0.622086267299799	0.703806530988226	0.0525858322468491	0.0896428571428571	0.0731068317591697	0.0817202636884266
652	0.633714655730628	0.677746600474854	0.607821637426901	0.683114035087719	0.617827868852459	0.677937158469945	0.638295247655144	0.717889254444718	0.0440319447442261	0.0752923976608187	0.0601092896174864	0.0795940067895744
653	0.647529411764706	0.678823529411765	0.614864864864865	0.663663663663664	0.69998504784689	0.739933996924129	0.674751505588374	0.744394561344605	0.0312941176470588	0.0487987987987988	0.0399489490772386	0.0696430557562313
654	0.613587604290822	0.654112038140644	0.550177095631641	0.647382920110193	0.609232235587984	0.68993623874318	0.626474615096515	0.727947404164588	0.0405244338498212	0.0972058244785518	0.0807040031551962	0.101472789068073
655	0.668937969924812	0.694078947368421	0.65	0.71875	0.646429383231761	0.706003636878289	0.614350745972058	0.715949162725409	0.025140977443609	0.06875	0.059574253646528	0.101598416753351
656	0.698342773232641	0.728340675477239	0.778581267217631	0.793388429752066	0.740924479651088	0.765786468781927	0.729193499523229	0.807740589663893	0.0299979022445983	0.0148071625344353	0.0248619891308391	0.0785470901406637
657	0.634069400630915	0.665164488508337	0.663838812301166	0.698126546482856	0.655738862143452	0.694495948865019	0.650703309085794	0.692779412039374	0.0310950878774222	0.0342877341816897	0.0387570867215665	0.0420761029535798
658	0.655806182121972	0.680033416875522	0.690789473684211	0.701754385964912	0.608513241402386	0.626420097226786	0.669634058937022	0.724817457043282	0.0242272347535505	0.0109649122807017	0.0179068558243995	0.0551833981062605
659	0.592773892773893	0.627505827505828	0.552631578947368	0.636996904024768	0.522264466599032	0.586870927306071	0.526757950708118	0.615108418487805	0.0347319347319347	0.0843653250773994	0.0646064607070392	0.0883504677796866
660	0.603585657370518	0.658117529880478	0.589220089832585	0.69620253164557	0.605961745634896	0.693009736366039	0.583945599065881	0.666047366330569	0.0545318725099602	0.106982441812985	0.0870479907311422	0.0821017672646878
661	0.632941645090619	0.635331607249552	0.595555555555556	0.614017094017094	0.601936064280785	0.606243221926452	0.660665787832398	0.713206752849124	0.0023899621589325	0.0184615384615385	0.00430715764566691	0.0525409650167261
662	0.624119530416222	0.67641408751334	0.60422065901518	0.731580895964458	0.568474686081051	0.661972294971257	0.626581555592181	0.72031821063164	0.0522945570971185	0.127360236949278	0.0934976088902065	0.0937366550394587
663	0.678548695098663	0.679609590494377	0.628151260504202	0.673669467787115	0.65839705245177	0.680469999283063	0.689448460670458	0.732540234336638	0.00106089539571408	0.0455182072829132	0.0220729468312921	0.0430917736661808
664	0.544724272687799	0.613981762917933	0.535014005602241	0.616946778711485	0.522233370335582	0.601128212791393	0.529645927719177	0.61929488105531	0.0692574902301346	0.0819327731092437	0.0788948424558108	0.0896489533361331
665	0.700167855644146	0.702266051195972	0.666313184870979	0.709791445740544	0.696598639455782	0.739455782312925	0.709279968762202	0.78351536788085	0.00209819555182544	0.0434782608695652	0.0428571428571428	0.0742353991186478
666	0.624085302111645	0.645619903826051	0.642629904559915	0.67196889360198	0.618807486631016	0.645251336898396	0.597626853661927	0.662722474499197	0.0215346017144051	0.0293389890420643	0.0264438502673797	0.0650956208372705
667	0.625347296430861	0.648642872408634	0.597523219814242	0.651315789473684	0.611020113034368	0.64232345143408	0.640321476774297	0.713158571857816	0.0232955759777731	0.0537925696594427	0.0313033383997127	0.0728370950835187
668	0.605337646583098	0.641326324302467	0.555322128851541	0.629201680672269	0.555874198870843	0.611164737970435	0.639053610815672	0.701400587466897	0.0359886777193691	0.0738795518207284	0.0552905390995926	0.0623469766512245
669	0.600356294536817	0.620942201108472	0.561	0.626333333333333	0.582934952978056	0.630949582027168	0.623090568783087	0.696506547434463	0.0205859065716548	0.0653333333333334	0.0480146290491118	0.0734159786513762
670	0.667680454176805	0.671735604217356	0.647727272727273	0.68904958677686	0.702526527311491	0.738678413017374	0.723504894700347	0.774430234246211	0.00405515004055146	0.0413223140495869	0.0361518857058838	0.0509253395458635
671	0.682026643371915	0.727451408604499	0.68452380952381	0.740546218487395	0.691665996392007	0.754053246618943	0.749145900701665	0.816984306857494	0.0454247652325834	0.0560224089635853	0.0623872502269358	0.0678384061558297
672	0.598835956025005	0.643888769131278	0.553199010250972	0.626723223753977	0.58361598128055	0.659050640387439	0.611426877865079	0.720826882375112	0.0450528131062728	0.0735242135030045	0.0754346591068887	0.109400004510033
673	0.693734939759036	0.693253012048193	0.692829457364341	0.712209302325581	0.663533834586466	0.678947368421053	0.649169272560725	0.72324220600777	-0.000481927710843322	0.0193798449612402	0.0154135338345865	0.0740729334470451
674	0.701800043374539	0.685317718499241	0.728060671722644	0.738172625496569	0.703146853146853	0.708391608391608	0.741190958843279	0.809324603503949	-0.0164823248752982	0.0101119537739256	0.00524475524475521	0.0681336446606707
675	0.649342105263158	0.673464912280702	0.599780701754386	0.680190058479532	0.630975154730048	0.707607797636161	0.666910031851676	0.752115388089744	0.0241228070175439	0.0804093567251463	0.076632642906113	0.0852053562380681
676	0.541936751129444	0.540954625810253	0.520240883238541	0.527935764469722	0.564233826393641	0.577985997789125	0.5691315574611	0.59273920949324	-0.000982125319190841	0.00769488123118101	0.0137521713954835	0.0236076520321402
677	0.648216721886572	0.653868641590333	0.599459642012834	0.62951705504897	0.674093121859296	0.7095045540201	0.728949110240973	0.797708391986058	0.00565191970376144	0.0300574130361364	0.035411432160804	0.0687592817450858
678	0.615776081424936	0.625742154368109	0.573131094257855	0.59877211989888	0.63351238568765	0.653145254372725	0.63630579768138	0.688858544953957	0.00996607294317209	0.0256410256410257	0.019632868685075	0.0525527472725774
679	0.690311031550683	0.734616245245021	0.694559228650138	0.78133608815427	0.684984922533014	0.767477730407958	0.674953616590835	0.782150888524424	0.0443052136943387	0.0867768595041323	0.0824928078749437	0.107197271933589
680	0.655688622754491	0.68885306310456	0.649652919559004	0.743568803593303	0.626555038632591	0.710522001106716	0.586071830933416	0.68366197333098	0.033164440350069	0.0939158840342996	0.0839669624741255	0.0975901423975646
681	0.623473977297066	0.669950738916256	0.624613003095975	0.712074303405573	0.561554189164664	0.617491912375605	0.628613467506444	0.718819850290217	0.0464767616191903	0.0874613003095975	0.0559377232109409	0.0902063827837734
682	0.652840212505108	0.675725378013895	0.649230769230769	0.691282051282051	0.62697476071038	0.679131484206804	0.680478002154629	0.745533460319925	0.0228851655087863	0.0420512820512819	0.0521567234964235	0.0650554581652959
683	0.63448275862069	0.664008620689655	0.658285714285714	0.701714285714286	0.630305039787798	0.661472148541114	0.642148657089319	0.680424734540912	0.0295258620689656	0.0434285714285715	0.0311671087533156	0.0382760774515928
684	0.683000214915109	0.701912744465936	0.6401332839689	0.67863754165124	0.702147020730988	0.732545567884519	0.773990642902517	0.824042377709431	0.0189125295508275	0.0385042576823399	0.0303985471535311	0.0500517348069132
685	0.674089490114464	0.700312174817898	0.691868279569892	0.728158602150538	0.709960521961136	0.770383197011962	0.687869678953889	0.770127653543403	0.0262226847034339	0.0362903225806451	0.0604226750508251	0.0822579745895137
686	0.574943566591422	0.608577878103837	0.593571428571429	0.664642857142857	0.482218894559614	0.56141481026758	0.484376494993402	0.554682419736693	0.0336343115124154	0.0710714285714286	0.0791959157079659	0.0703059247432908
687	0.680815647107782	0.71057012068248	0.72554347826087	0.763247282608696	0.714408547216858	0.758247834605073	0.699447022643764	0.775412677786599	0.0297544735746983	0.0377038043478261	0.043839287388215	0.0759656551428349
688	0.699707846410685	0.733931552587646	0.734814300590073	0.783755640402638	0.72790989039614	0.76360518469727	0.763994269802982	0.81477413437287	0.0342237061769616	0.0489413398125651	0.0356952943011302	0.0507798645698877
689	0.565318162663295	0.607458912768647	0.56203605514316	0.650053022269353	0.543650793650794	0.634920634920635	0.535454754073281	0.62805017975981	0.0421407501053519	0.088016967126193	0.0912698412698413	0.0925954256865296
690	0.581919735208937	0.603434009102193	0.52492046659597	0.609402615765288	0.490909355394983	0.563855886926991	0.584765867706751	0.692467402888954	0.0215142738932561	0.0844821491693177	0.0729465315320081	0.107701535182204
691	0.634373733279287	0.650993109039319	0.675604104601125	0.705395564382655	0.685460992907801	0.714893617021277	0.693714788732394	0.735510563380282	0.0166193757600325	0.0297914597815293	0.0294326241134751	0.0417957746478873
692	0.591623036649215	0.631180919139034	0.588877855014896	0.640847401522675	0.572730126470453	0.623984439655119	0.638065701952933	0.724976815293349	0.0395578824898196	0.0519695465077789	0.0512543131846657	0.0869111133404157
693	0.566908935442497	0.600684053014109	0.56404958677686	0.623278236914601	0.546459570580174	0.573172681589767	0.581095092531733	0.607695057086622	0.0337751175716119	0.059228650137741	0.0267131110095935	0.0265999645548886
694	0.643384822028207	0.656592791582718	0.656798245614035	0.658991228070175	0.672316384180791	0.68361581920904	0.676804743125117	0.734313175118596	0.0132079695545109	0.0021929824561403	0.0112994350282486	0.0575084319934785
695	0.656369731800766	0.671695402298851	0.710833333333333	0.746666666666667	0.638831143649525	0.662776746263044	0.619209078665461	0.708124671255697	0.0153256704980843	0.0358333333333334	0.0239456026135189	0.0889155925902354
696	0.58974358974359	0.648866285229922	0.544467787114846	0.65406162464986	0.58855585080809	0.672163891843532	0.567375868340181	0.682030991225728	0.0591226954863319	0.109593837535014	0.0836080410354426	0.114655122885547
697	0.616899097621001	0.687243642329779	0.608469281499479	0.710864283234988	0.644015103619881	0.745691930235661	0.626076916079599	0.767373694161599	0.0703445447087777	0.102395001735509	0.10167682661578	0.141296778082
698	0.65034122842232	0.679446005620233	0.638136511375948	0.701336222462983	0.683468350787079	0.70697467177364	0.691052687718964	0.768531865360191	0.0291047771979125	0.063199711087035	0.023506320986561	0.0774791776412275
699	0.68075117370892	0.689936721779955	0.668434075645104	0.711205372923294	0.690742900198585	0.727007884185702	0.677779076906328	0.782825391498606	0.00918554807103489	0.0427712972781901	0.0362649839871173	0.105046314592278
700	0.642071881606765	0.6553911205074	0.666666666666667	0.688229056203606	0.646985800527166	0.655970297310319	0.642643706290442	0.695906279157789	0.0133192389006342	0.0215623895369388	0.00898449678315338	0.053262572867347
701	0.677966101694915	0.693120638085743	0.702380952380952	0.732142857142857	0.703703703703704	0.733333333333333	0.697870508362312	0.743553568471601	0.0151545363908275	0.0297619047619049	0.0296296296296296	0.0456830601092897
702	0.701726487960018	0.743525670149932	0.73374613003096	0.80766253869969	0.700963446314971	0.7661801705975	0.741116202032666	0.813513991425914	0.0417991821899136	0.0739164086687306	0.0652167242825291	0.0723977893932477
703	0.641429179072735	0.673117822203318	0.668787557440792	0.740897843761046	0.623570247933884	0.683851239669421	0.626137823185988	0.693710592160133	0.0316886431305827	0.0721102863202545	0.0602809917355371	0.0675727689741451
704	0.634099205497101	0.673394889413786	0.63655462184874	0.713585434173669	0.567637573761493	0.654493161337542	0.594992085347295	0.71256066840155	0.0392956839166846	0.0770308123249299	0.0868555875760486	0.117568583054254
705	0.631144238517325	0.643029814665592	0.659912191827085	0.689631881121243	0.651112839794287	0.69332080038031	0.633098428559544	0.695710887572697	0.0118855761482676	0.0297196892941574	0.0422079605860235	0.0626124590131528
706	0.662830349531117	0.708226768968457	0.656022214508851	0.730301978479695	0.669078045331909	0.735952266190078	0.669409387897772	0.75808342133597	0.0453964194373402	0.0742797639708435	0.0668742208581685	0.0886740334381984
707	0.598530954879329	0.618048268625394	0.568870523415978	0.606404958677686	0.609504269344777	0.649692518692209	0.638792595641264	0.71542579395054	0.019517313746065	0.037534435261708	0.0401882493474318	0.0766331983092761
708	0.658625730994152	0.678362573099415	0.636222910216718	0.705108359133127	0.646298889768414	0.69175343522296	0.692271285536309	0.737310781680622	0.0197368421052631	0.0688854489164087	0.0454545454545454	0.0450394961443137
709	0.614381667325168	0.635124456736468	0.561391769822683	0.625961860153898	0.624	0.673	0.645947315096251	0.693942683456361	0.0207427894112999	0.0645700903312144	0.049	0.0479953683601101
710	0.612274024738344	0.637012369172217	0.609907120743034	0.648219814241486	0.598268865644295	0.639846048399183	0.604367650912598	0.654595549412417	0.0247383444338725	0.038312693498452	0.0415771827548882	0.0502278984998191
711	0.693595342066958	0.68874332848132	0.687312312312312	0.714339339339339	0.69688668025824	0.71028712198437	0.726778581140451	0.764340913054968	-0.00485201358563803	0.0270270270270271	0.0134004417261299	0.0375623319145164
712	0.670798898071625	0.682736455463728	0.723809523809524	0.743238095238095	0.705117497008962	0.721331181290774	0.637779798769751	0.696642218969853	0.0119375573921029	0.0194285714285715	0.0162136842818122	0.0588624202001014
713	0.605496040987424	0.633674895202608	0.536009445100354	0.605667060212515	0.578097537576253	0.635480897815399	0.604751803925413	0.698979156416123	0.028178854215184	0.0696576151121606	0.0573833602391459	0.0942273524907107
714	0.658310749774164	0.672538392050587	0.645316549426138	0.666790077748982	0.6783988957902	0.689095928226363	0.677180636728441	0.735128190718817	0.0142276422764228	0.0214735283228434	0.0106970324361629	0.0579475539903758
715	0.613294408264092	0.657758814282506	0.641812865497076	0.701388888888889	0.641436335661549	0.685740693594271	0.575916263071593	0.663098644568246	0.0444644060184145	0.0595760233918128	0.0443043579327216	0.0871823814966527
716	0.597470387472395	0.624974904637623	0.606386671294689	0.650468587296078	0.568796133107648	0.596471635227808	0.576295413185475	0.636103210423231	0.0275045171652278	0.0440819160013883	0.0276755021201598	0.0598077972377554
717	0.708155583437892	0.761856963613551	0.71509009009009	0.776651651651652	0.708610489771876	0.772570270042838	0.677932071410569	0.755017785800033	0.0537013801756587	0.0615615615615616	0.0639597802709626	0.0770857143894647
718	0.62434668989547	0.642857142857143	0.587990281152378	0.617841027421034	0.62995221643934	0.645790335606604	0.647145135009311	0.667893272811918	0.0185104529616724	0.0298507462686568	0.0158381191672649	0.0207481378026071
719	0.648512685914261	0.684820647419073	0.667042042042042	0.721471471471471	0.627487187217365	0.685866101037943	0.647624333642922	0.720646984731882	0.0363079615048119	0.0544294294294294	0.058378913820578	0.0730226510889601
720	0.660099588655553	0.705780471963628	0.679093567251462	0.733187134502924	0.657611424984306	0.716588198367859	0.683658918143517	0.754515265494223	0.0456808833080753	0.054093567251462	0.0589767733835529	0.0708563473507055
721	0.636171561377562	0.664694696809634	0.679824561403509	0.733918128654971	0.648027444253859	0.690222984562607	0.613478229631706	0.687677663025945	0.0285231354320726	0.054093567251462	0.0421955403087478	0.074199433394239
722	0.718142769482512	0.719574555123747	0.703293010752688	0.756048387096774	0.718140017190095	0.760948424885077	0.776294706330368	0.833043284154788	0.00143178564123536	0.0527553763440861	0.042808407694982	0.0567485778244203
723	0.655187445510026	0.673714036617262	0.690863127482846	0.720837847598411	0.670834682429125	0.691892624524679	0.676275310926666	0.711028378895179	0.0185265911072363	0.0299747201155652	0.0210579420955537	0.034753067968513
724	0.632634457611668	0.672060164083865	0.676666666666667	0.71625	0.586592487889778	0.625194291721789	0.605566291832732	0.662697490646958	0.0394257064721968	0.0395833333333334	0.0386018038320113	0.0571311988142269
725	0.719682959048877	0.732892998678996	0.710843373493976	0.750111557340473	0.724735867860617	0.716382779663742	0.75724230504908	0.784733960692543	0.0132100396301189	0.0392681838464971	-0.0083530881968753	0.0274916556434633
726	0.650807136788445	0.663338997451147	0.584866365845193	0.629295383547379	0.637728327214577	0.681355435933242	0.696997559211203	0.75670192991026	0.0125318606627018	0.0444290177021867	0.0436271087186648	0.059704370699057
727	0.651759093619559	0.67998409858875	0.67547674807628	0.714954834392774	0.645406593406593	0.698097331240188	0.638166683507921	0.733535048377583	0.028225004969191	0.0394780863164939	0.052690737833595	0.0953683648696617
728	0.632063356164384	0.67166095890411	0.623895369388477	0.694945210321669	0.630916914928832	0.690830850711685	0.655019246005752	0.715558383709831	0.039597602739726	0.071049840933192	0.0599139357828533	0.0605391377040794
729	0.649429147078576	0.684128050145512	0.632132132132132	0.681306306306306	0.604238108033564	0.668034893243139	0.646010554022302	0.732250602739927	0.0346989030669353	0.0491741741741742	0.0637967852095755	0.0862400487176251
730	0.618508655126498	0.6491344873502	0.596075527582377	0.663457978526472	0.60558937400877	0.671366265509842	0.620754409227082	0.695271716702661	0.0306258322237017	0.0673824509440948	0.0657768915010728	0.0745173074755792
731	0.637322427894963	0.666810159276797	0.645316549426138	0.677156608663458	0.648666666666667	0.668333333333333	0.682246633593196	0.731053626269785	0.0294877313818338	0.0318400592373196	0.0196666666666667	0.0488069926765887
732	0.638610696782442	0.652034945663755	0.642909356725146	0.679824561403509	0.631267477030189	0.659139416766535	0.653308742592948	0.704910830909423	0.0134242488813127	0.0369152046783626	0.0278719397363465	0.0516020883164747
733	0.687101185050137	0.67661804922516	0.656067251461988	0.681652046783626	0.695781318156326	0.694805059925638	0.706548407088695	0.725785985893296	-0.0104831358249772	0.0255847953216375	-0.000976258230687699	0.0192375788046001
734	0.651377952755905	0.665157480314961	0.712346904998345	0.760675273088381	0.692063492063492	0.727336860670194	0.724624997812123	0.735371851644409	0.0137795275590552	0.0483283680900365	0.035273368606702	0.010746853832286
735	0.625971143174251	0.656825749167592	0.626785714285714	0.675714285714286	0.617306476822209	0.658912646955732	0.628256372785607	0.687324096337916	0.0308546059933407	0.0489285714285714	0.0416061701335232	0.0590677235523097
736	0.614551754006063	0.650281507145951	0.628490632732414	0.700954400848356	0.600454708627498	0.659262240690983	0.640663317475585	0.698381621476417	0.0357297531398875	0.072463768115942	0.0588075320634852	0.057718304000832
737	0.668365180467091	0.670700636942675	0.651651651651652	0.667792792792793	0.673137919698344	0.67801279740804	0.710489123998672	0.77079915108073	0.00233545647558386	0.0161411411411412	0.00487487770969575	0.0603100270820576
738	0.653897254207263	0.685783879539415	0.599415204678363	0.68859649122807	0.605242395020601	0.682113322229041	0.6726100116775	0.782913903231242	0.0318866253321524	0.0891812865497076	0.0768709272084392	0.110303891553742
739	0.619821826280624	0.641425389755011	0.629504504504504	0.691066066066066	0.622005564716749	0.671904413806391	0.615217617668052	0.675399336608305	0.0216035634743875	0.0615615615615616	0.0498988490896418	0.0601817189402527
740	0.626021119744969	0.649531779238892	0.591794871794872	0.667692307692308	0.583437426829622	0.645739130543565	0.659382613620548	0.726511802489981	0.0235106594939231	0.0758974358974359	0.0623017037139434	0.0671291888694329
741	0.71638418079096	0.734237288135593	0.66	0.718928571428571	0.754046560352533	0.795004640093827	0.77610622833131	0.839036573773701	0.0178531073446327	0.0589285714285713	0.0409580797412935	0.0629303454423908
742	0.657308186883841	0.68302614659237	0.619747899159664	0.689775910364146	0.681404282856414	0.750830026011743	0.665447605297543	0.742846322266722	0.0257179597085299	0.0700280112044819	0.0694257431553282	0.0773987169691788
743	0.679981528515354	0.673747402447472	0.704980842911877	0.722009365687527	0.680540838852097	0.683145695364238	0.675296759929525	0.688408122310888	-0.00623412606788276	0.0170285227756491	0.00260485651214126	0.0131113623813629
744	0.631077594760865	0.67176026989482	0.679971988795518	0.738795518207283	0.625352877307275	0.679085233441911	0.649776578233537	0.707519728662724	0.0406826751339552	0.0588235294117646	0.0537323561346362	0.0577431504291873
745	0.594016206108456	0.63619364221899	0.621312044429018	0.669906282540784	0.550750988142293	0.62398131512756	0.557360850993996	0.640238086435728	0.0421774361105339	0.0485942381117667	0.0732303269852677	0.0828772354417322
746	0.627093802345059	0.664363484087102	0.621067515022976	0.67621067515023	0.649705188679245	0.679799528301887	0.703516979820504	0.768887052660759	0.0372696817420436	0.0551431601272534	0.0300943396226415	0.065370072840255
747	0.660542432195976	0.707349081364829	0.664545775892542	0.739837398373984	0.65086113781766	0.715471004601439	0.674054475511534	0.741092950996976	0.0468066491688539	0.0752916224814422	0.0646098667837798	0.0670384754854417
748	0.628861788617886	0.646138211382114	0.594529914529915	0.62017094017094	0.636396911233381	0.654916523012256	0.683140074385519	0.734681935624261	0.0172764227642276	0.0256410256410255	0.0185196117788745	0.0515418612387415
749	0.623300564735411	0.641079272118804	0.602102102102102	0.642642642642643	0.599250485479819	0.644177834487132	0.612487052082852	0.686952690958498	0.0177787073833926	0.0405405405405405	0.0449273490073138	0.0744656388756461
750	0.582456878418174	0.656079091291544	0.490986214209968	0.595970307529162	0.553332318928789	0.664677281026946	0.607798092091714	0.729378942518583	0.0736222128733698	0.104984093319194	0.111344962098157	0.12158085042687
751	0.639009287925697	0.654695562435501	0.657435897435897	0.683418803418803	0.641449683321604	0.652005629838142	0.65405524487375	0.675302491103203	0.015686274509804	0.0259829059829061	0.0105559465165377	0.0212472462294527
752	0.676923076923077	0.664410256410256	0.672619047619048	0.689775910364146	0.707819810012571	0.721051540245973	0.68805607718606	0.746381472436752	-0.0125128205128205	0.0171568627450981	0.0132317302334021	0.0583253952506914
753	0.72	0.719518072289157	0.711687306501548	0.713235294117647	0.765807962529274	0.770491803278689	0.784906270200388	0.842046433958199	-0.000481927710843322	0.00154798761609909	0.00468384074941453	0.0571401637578108
754	0.552462955546656	0.564677613135763	0.533623285379726	0.581799933087989	0.550215089344805	0.607570126762714	0.56412993061039	0.629764621382176	0.0122146575891069	0.0481766477082637	0.0573550374179097	0.0656346907717869
755	0.65984602917342	0.68030794165316	0.738461538461538	0.765128205128205	0.674403183023873	0.694297082228117	0.718056405028882	0.743798844716276	0.0204619124797406	0.0266666666666667	0.019893899204244	0.0257424396873939
756	0.624800637958533	0.654904306220096	0.592069892473118	0.675403225806452	0.600911304430051	0.664342111484091	0.69052283383647	0.755193725423027	0.030103668261563	0.0833333333333334	0.0634308070540399	0.0646708915865574
757	0.653056516724337	0.728258362168397	0.671232876712329	0.761569788967049	0.70363031071655	0.783375607693934	0.686493423690172	0.762964676787534	0.0752018454440601	0.0903369122547204	0.0797452969773833	0.0764712530973622
758	0.610033313737017	0.624926513815403	0.579333333333333	0.627	0.572283150548355	0.619807244931871	0.645479673888765	0.705299307572035	0.0148932000783853	0.0476666666666666	0.0475240943835161	0.05981963368327
759	0.657575757575758	0.692640692640693	0.648957103502558	0.707595434868162	0.669339485614296	0.702461342190353	0.65591379560254	0.701556357584861	0.035064935064935	0.0586383313656041	0.0331218565760562	0.045642561982321
760	0.647325692454632	0.666905444126074	0.579395487441465	0.627075351213282	0.624648633575014	0.662811574928139	0.664197759311892	0.710806135026741	0.0195797516714422	0.0476798637718178	0.0381629413531254	0.0466083757148495
761	0.593369702056232	0.629668485102812	0.590857142857143	0.631619047619048	0.554271941544802	0.616989025642189	0.607722705303159	0.693285471333703	0.03629878304658	0.0407619047619048	0.0627170840973871	0.0855627660305439
762	0.67009617535227	0.691120554685753	0.654387865655471	0.703503069700253	0.666959370461684	0.695143368570367	0.687564252793126	0.770844291794996	0.0210243793334824	0.0491152040447815	0.0281839981086831	0.08328003900187
763	0.618632075471698	0.661792452830189	0.624269005847953	0.691885964912281	0.622961956521739	0.685122282608696	0.629287756474314	0.698749355385914	0.0431603773584905	0.0676169590643275	0.0621603260869565	0.0694615989116004
764	0.590355329949239	0.633756345177665	0.581333333333333	0.667428571428571	0.549403054681852	0.618824832775398	0.520769080846575	0.611480833715655	0.0434010152284264	0.0860952380952381	0.0694217780935459	0.0907117528690802
765	0.594135146621334	0.596472588185295	0.597910216718266	0.606037151702786	0.521597366105252	0.507638041826957	0.574896297529982	0.647998027888553	0.00233744156396087	0.00812693498452011	-0.0139593242782946	0.073101730358571
766	0.648878240034851	0.675016336310172	0.672880116959064	0.735014619883041	0.678232356786181	0.723527142581599	0.641608949210052	0.69426232637048	0.0261380962753214	0.0621345029239766	0.0452947857954181	0.0526533771604284
767	0.603409782829308	0.644611325350112	0.603494623655914	0.663978494623656	0.557688417128534	0.61759874032912	0.601710988127126	0.659767287622051	0.0412015425208037	0.0604838709677419	0.0599103232005864	0.0580562994949245
768	0.676803691275168	0.694421140939597	0.691946551101481	0.721198988804623	0.694903053523743	0.70897480552653	0.712767451736191	0.767736629163147	0.0176174496644295	0.0292524377031419	0.0140717520027864	0.0549691774269567
769	0.618656559275637	0.63571278163824	0.608816383200278	0.625824366539396	0.627016129032258	0.631384408602151	0.636866524837415	0.681918067662931	0.0170562223626026	0.0170079833391182	0.00436827956989239	0.0450515428255154
770	0.605291231064647	0.66865799018562	0.584519264144394	0.71259979173898	0.620926243567753	0.719382504288165	0.629468013468014	0.745737373737374	0.0633667591209729	0.128080527594585	0.0984562607204117	0.11626936026936
771	0.672044198895028	0.693480662983425	0.691520467836257	0.722953216374269	0.685271770894214	0.707825415379477	0.733715827254517	0.776999126743254	0.0214364640883977	0.0314327485380117	0.0225536444852634	0.0432832994887371
772	0.6729070256626	0.694362641985696	0.676564156945917	0.732767762460233	0.677800269905533	0.741902834008097	0.683943937815041	0.756190422789337	0.0214556163230963	0.056203605514316	0.0641025641025641	0.0722464849742961
773	0.67339008142117	0.680977054034049	0.65683023872679	0.665450928381963	0.653822720855933	0.664878519949476	0.754269570885006	0.817556986330327	0.00758697261287933	0.00862068965517238	0.0110557990935435	0.0632874154453212
774	0.673562717770035	0.737151567944251	0.695	0.801071428571429	0.650121288659603	0.763889125499506	0.680796510117055	0.804454355785099	0.063588850174216	0.106071428571429	0.113767836839903	0.123657845668044
775	0.68952847519902	0.714023270055113	0.759642857142857	0.817857142857143	0.667820559775995	0.747817251686535	0.663736782957277	0.750158177863632	0.024494794856093	0.0582142857142858	0.0799966919105398	0.0864213949063551
776	0.65468264536174	0.698180204172215	0.656415694591729	0.743372216330859	0.665851599569179	0.724484033417751	0.677184359202449	0.74841817659578	0.0434975588104749	0.0869565217391305	0.0586324338485722	0.0712338173933308
777	0.602495543672014	0.658199643493761	0.64875730994152	0.711622807017544	0.613131040322345	0.684676924873719	0.578971589724058	0.693024440726534	0.0557040998217468	0.0628654970760234	0.0715458845513738	0.114052851002476
778	0.680729060004096	0.703870571370059	0.671071428571429	0.700714285714286	0.675722148029371	0.701099892330513	0.765625213117778	0.845808155790084	0.0231415113659635	0.0296428571428571	0.0253777443011419	0.0801829426723059
779	0.704136885423435	0.735975741823695	0.7525	0.808928571428571	0.703638570876297	0.7649928988362	0.66595961494131	0.740529867816453	0.03183885640026	0.0564285714285715	0.0613543279599035	0.0745702528751425
780	0.645803698435277	0.691559981033665	0.635047619047619	0.701333333333333	0.667692307692308	0.718974358974359	0.693593146718147	0.769908301158301	0.0457562825983878	0.0662857142857143	0.0512820512820512	0.0763151544401545
781	0.653274743670224	0.692613517472275	0.656062212796041	0.704135737009544	0.687463991933344	0.745019158308125	0.670385764019429	0.753566132907487	0.0393387738020506	0.048073524213503	0.0575551663747811	0.0831803688880587
782	0.615477874318044	0.643766417458072	0.625857710364753	0.674250631997111	0.589358520267611	0.624714679260134	0.655004203158314	0.731479412680949	0.0282885431400284	0.0483929216323583	0.0353561589925226	0.0764752095226353
783	0.665151828134683	0.678785374922537	0.654286706004859	0.691426587990281	0.687011285581193	0.710747404004662	0.735925472703588	0.788934816811499	0.0136335467878538	0.0371398819854217	0.0237361184234691	0.0530093441079111
784	0.674828178694158	0.680197594501718	0.665583243048032	0.69411339833875	0.648545227809531	0.650055559283753	0.706519772014182	0.749714149277248	0.00536941580756012	0.0285301552907187	0.00151033147422108	0.0431943772630669
785	0.610806577916993	0.625880971025842	0.622006247830614	0.663658451926414	0.578098832348427	0.603814475152136	0.562335886450645	0.644702989494925	0.0150743931088489	0.0416522040958001	0.0257156428037099	0.0823671030442806
786	0.685461222726291	0.701447396845971	0.64969302997472	0.710364752618274	0.705447680690399	0.731343042071197	0.750929806413477	0.812865671641791	0.0159861741196802	0.0606717226435537	0.0258953613807983	0.0619358652283138
787	0.61671469740634	0.647084903569053	0.58757674250632	0.643553629469122	0.577886405959032	0.646963583695427	0.612783769805821	0.695230523296817	0.0303702061627135	0.0559768869628023	0.0690771777363955	0.0824467534909964
788	0.668766658589775	0.705597286164284	0.680761904761905	0.736380952380952	0.644099493132767	0.706573945389143	0.667664505559129	0.769337504630038	0.0368306275745093	0.0556190476190476	0.0624744522563766	0.101672999070909
789	0.692417061611374	0.73436018957346	0.667900777489818	0.733802295446131	0.698265744587147	0.75612583766798	0.729488117241369	0.791929020603135	0.0419431279620853	0.0659015179563125	0.0578600930808327	0.0624409033617653
790	0.614487553263063	0.667862749495403	0.600212089077413	0.696005655708731	0.540656678947392	0.626681802321102	0.587564576751827	0.660463167223147	0.0533751962323391	0.0957935666313185	0.0860251233737102	0.0728985904713202
791	0.628426395939086	0.656852791878173	0.634803921568628	0.669117647058824	0.634314061240935	0.675915144596651	0.648020557580814	0.73367041450873	0.0284263959390862	0.0343137254901961	0.0416010833557167	0.0856498569279165
792	0.695670274771024	0.698584512905912	0.756213450292398	0.786915204678363	0.719763909181567	0.756511050812867	0.687217781874782	0.722607674668309	0.00291423813488756	0.0307017543859649	0.0367471416312994	0.0353898927935277
793	0.618589025755879	0.641433370660694	0.532529239766082	0.595029239766082	0.546079779917469	0.587313015818432	0.665336056112936	0.727444552961023	0.0228443449048152	0.0625000000000001	0.0412332359009628	0.0621084968480866
794	0.650722572766131	0.658253612863831	0.660187434918431	0.691079486289483	0.645117845117845	0.669023569023569	0.643652381328255	0.694962925871476	0.0075310400977	0.0308920513710517	0.0239057239057239	0.0513105445432211
795	0.585420944558522	0.63347022587269	0.527179487179487	0.594529914529915	0.585323927098497	0.650813086326443	0.644541251272107	0.735738391270167	0.0480492813141684	0.0673504273504274	0.0654891592279466	0.0911971399980599
796	0.675647881530234	0.678321678321678	0.629295383547379	0.649427282193683	0.679546366920915	0.700994167237349	0.729917659845616	0.779536234806426	0.00267379679144386	0.0201318986463034	0.0214478003164332	0.0496185749608098
797	0.653029632905794	0.693056169836356	0.626160990712074	0.704721362229102	0.62242441444332	0.69703778660809	0.688035964435696	0.764544655287186	0.0400265369305617	0.0785603715170279	0.0746133721647703	0.0765086908514895
798	0.647881530234471	0.645207733443028	0.653091447611996	0.684191040355424	0.609766527766834	0.629867852027644	0.676952965813471	0.70965049844016	-0.00267379679144386	0.0310995927434283	0.0201013242608103	0.03269753262669
799	0.626600130180082	0.630071599045346	0.626827485380117	0.664108187134503	0.612545523259809	0.635250750131703	0.531428443684468	0.557086607156164	0.00347146886526362	0.037280701754386	0.0227052268718936	0.0256581634716954
800	0.618097837497376	0.668696199874029	0.64656432748538	0.702119883040936	0.586620926243568	0.659691252144082	0.625374961738598	0.69126109580655	0.0505983623766534	0.0555555555555556	0.0730703259005145	0.0658861340679523
801	0.682656826568266	0.709572389841545	0.646671826625387	0.720975232198142	0.697892271662763	0.737704918032787	0.735193678647988	0.799154992771325	0.0269155632732798	0.0743034055727554	0.0398126463700235	0.0639613141233361
802	0.586255828096493	0.633488749239813	0.554271708683473	0.620098039215686	0.604519672170548	0.675913908717283	0.623285979419289	0.704163333612819	0.0472329211433204	0.0658263305322129	0.0713942365467349	0.0808773541935294
803	0.630209588051072	0.661286437003132	0.665464743589744	0.702724358974359	0.650680345542206	0.682908896728491	0.652593839472367	0.707238706021983	0.0310768489520596	0.0372596153846154	0.0322285511862853	0.054644866549616
804	0.66710904667109	0.697190886971909	0.710725893824485	0.76489707475623	0.654082540233589	0.707723167897732	0.708416245555304	0.760056092441086	0.0300818403008184	0.0541711809317442	0.0536406276641437	0.0516398468857819
805	0.628915662650602	0.668346111719606	0.589985994397759	0.650210084033613	0.615372054464151	0.684997236597498	0.580063347865628	0.679708619552651	0.0394304490690033	0.0602240896358543	0.0696251821333468	0.0996452716870234
806	0.65102000396118	0.683699742523272	0.6328125	0.679347826086957	0.703078450844091	0.757696127110228	0.731118127213923	0.828807947019868	0.0326797385620915	0.0465353260869565	0.0546176762661371	0.0976898198059449
807	0.598903416280051	0.62610712779418	0.596763085399449	0.638085399449036	0.602178510602459	0.651082704796841	0.614746861073868	0.666078075050541	0.027203711514129	0.0413223140495868	0.0489041941943815	0.0513312139766725
808	0.60437205315045	0.614659237033862	0.570288094411663	0.600833044081916	0.612528617012443	0.62602754350379	0.621756041695307	0.659465376666102	0.0102871838834119	0.0305449496702533	0.0134989264913468	0.0377093349707948
809	0.656937225109956	0.690323870451819	0.688375350140056	0.74859943977591	0.649963786855586	0.70517079683998	0.717760359444008	0.805575813494512	0.0333866453418633	0.0602240896358543	0.055207009984394	0.0878154540505044
810	0.616279069767442	0.630991931656383	0.637387387387387	0.664414414414414	0.638588888888889	0.651844444444444	0.606874478405534	0.650014212879785	0.0147128618889416	0.027027027027027	0.0132555555555556	0.043139734474251
811	0.652655320893992	0.677055566946894	0.62951705504897	0.68355285376562	0.695284274378351	0.737371803573894	0.727506226239219	0.799751085393051	0.0244002460529014	0.0540357987166498	0.0420875291955431	0.0722448591538314
812	0.636183340678713	0.652710445130013	0.593854128100703	0.647537948907812	0.625464370145221	0.668017561634583	0.672314684726875	0.734926810523914	0.0165271044513001	0.0536838208071085	0.0425531914893617	0.0626121257970388
813	0.606565064478312	0.634232121922626	0.554054054054054	0.614864864864865	0.549019607843137	0.589985994397759	0.564972855591748	0.658089033659066	0.0276670574443142	0.0608108108108107	0.0409663865546218	0.0931161780673181
814	0.66569696969697	0.696	0.695668271010737	0.750462791558682	0.677389277389277	0.724247604247604	0.684604731311054	0.763469567398733	0.0303030303030303	0.0547945205479452	0.0468583268583268	0.0788648360876788
815	0.713257487810541	0.722776874854887	0.696761904761905	0.733714285714286	0.740973597359736	0.771424642464246	0.734892707260162	0.778434712598	0.00951938704434641	0.0369523809523811	0.0304510451045105	0.0435420053378379
816	0.620731217356368	0.671956609079952	0.61624649859944	0.702380952380952	0.599931318681319	0.665865384615385	0.664118952110076	0.743978970204486	0.0512253917235838	0.0861344537815126	0.0659340659340659	0.0798600180944097
817	0.640253938396426	0.648718551610628	0.616686343959071	0.662731208185754	0.617579531327474	0.657523408475198	0.645327757283856	0.712666584294724	0.00846461321420167	0.0460448642266824	0.0399438771477232	0.0673388270108677
818	0.664817580541925	0.678472370386175	0.650415312387143	0.69411339833875	0.639208051812548	0.665941392780344	0.645697739748405	0.68206900679969	0.0136547898442501	0.0436980859516071	0.0267333409677953	0.0363712670512853
819	0.625300415119074	0.654140266550142	0.669381710477601	0.704924102184376	0.621170354648037	0.658773971364232	0.648694041062286	0.708222086266281	0.0288398514310684	0.0355423917067753	0.0376036167161954	0.0595280452039955
820	0.649311531841652	0.682228915662651	0.701307882644044	0.728879462707671	0.663549631764884	0.689114745919502	0.709865219690144	0.791466371778933	0.0329173838209983	0.0275715800636267	0.0255651141546184	0.081601152088789
821	0.583972911963883	0.625959367945824	0.495384615384615	0.598290598290598	0.49925929302368	0.604086423410899	0.542556865608483	0.657210477842036	0.0419864559819414	0.102905982905983	0.104827130387219	0.114653612233553
822	0.603609083536091	0.628548256285482	0.603609857688303	0.648385977091288	0.601127320954907	0.631962864721485	0.595096720630967	0.651910128684101	0.0249391727493917	0.0447761194029851	0.0308355437665783	0.0568134080531341
823	0.636031092821216	0.663237311385459	0.568	0.624761904761905	0.597207918526147	0.644794271982737	0.669363439989199	0.741448967193196	0.0272062185642432	0.0567619047619048	0.0475863534565903	0.0720855272039962
824	0.567164179104478	0.617665099161726	0.56440281030445	0.634660421545667	0.583974649162517	0.639908928714084	0.561304944749539	0.636109631247424	0.050500920057248	0.0702576112412178	0.0559342795515672	0.0748046864978853
825	0.658801758038399	0.701827434651862	0.64050901378579	0.709437963944857	0.647721742977217	0.711811546118115	0.640110122522183	0.719108408806901	0.0430256766134629	0.0689289501590669	0.0640898031408981	0.0789982862847184
826	0.599603076159762	0.626395435375837	0.581445993031359	0.619773519163763	0.551065300123612	0.587097653322432	0.608020341044137	0.664114823720163	0.0267923592160754	0.0383275261324042	0.0360323531988203	0.0560944826760265
827	0.69685478474236	0.68993977247379	0.703659976387249	0.711924439197166	0.746975806451613	0.729502688172043	0.711025781928362	0.721409748070606	-0.00691501226857016	0.00826446280991733	-0.0174731182795699	0.0103839661422439
828	0.61886871216865	0.626800250469631	0.541071428571429	0.604642857142857	0.604182888288371	0.658286767736912	0.657711035898375	0.748963452676802	0.00793153830098103	0.0635714285714286	0.0541038794485412	0.0912524167784271
829	0.648088831945334	0.695921417894512	0.655675112808053	0.749739673724401	0.627880282191322	0.717946422217172	0.620416985685657	0.712966336859464	0.0478325859491779	0.0940645609163485	0.0900661400258499	0.0925493511738075
830	0.688570758038019	0.709927247125088	0.680357142857143	0.7125	0.755842343913498	0.790024415765609	0.747281983604379	0.814401385700342	0.0213564890870688	0.0321428571428571	0.0341820718521103	0.0671194020959633
831	0.640600136394635	0.660377358490566	0.712837837837838	0.74512012012012	0.619264460046807	0.647764404324083	0.590767944246281	0.638145892411921	0.0197772220959308	0.0322822822822822	0.0284999442772762	0.0473779481656407
832	0.617043998291328	0.674498077744554	0.627142857142857	0.7	0.592142505185236	0.656141496785727	0.584929558969276	0.677812834489594	0.0574540794532251	0.0728571428571428	0.0639989916004905	0.0928832755203172
833	0.6245091961149	0.631535441206861	0.617532697066101	0.644043831742665	0.586004954628739	0.604579469949702	0.631518769950378	0.674768229633901	0.00702624509196115	0.0265111346765641	0.0185745153209625	0.0432494596835229
834	0.633628318584071	0.657079646017699	0.653250773993808	0.684597523219814	0.618912559870803	0.657016789130545	0.610584279299813	0.700030984819776	0.0234513274336283	0.0313467492260062	0.0381042292597416	0.0894467055199629
835	0.549549549549549	0.613288288288288	0.521785714285714	0.588571428571429	0.545051936060501	0.609606996168664	0.539910646602052	0.652071576381958	0.0637387387387388	0.0667857142857142	0.0645550601081629	0.112160929779907
836	0.677359271523179	0.731995033112583	0.675503711558855	0.772004241781548	0.614704081548225	0.720688780224114	0.694903879373517	0.807142132871024	0.054635761589404	0.0965005302226936	0.105984698675889	0.112238253497507
837	0.650208623087622	0.677097821047752	0.630913687251715	0.690863127482846	0.659187622894367	0.727938841827472	0.658396485801682	0.724372726424774	0.0268891979601298	0.0599494402311304	0.068751218933105	0.0659762406230915
838	0.636384650947758	0.661118816458622	0.593349358974359	0.660657051282051	0.584659919393324	0.64458444057925	0.622071995710219	0.705136826956371	0.0247341655108645	0.0673076923076923	0.0599245211859255	0.0830648312461526
839	0.67443887557202	0.680540422750054	0.690038181187088	0.715029503644568	0.640218769816106	0.668855874626325	0.700652758692409	0.745443545945888	0.00610154717803435	0.02499132245748	0.0286371048102183	0.0447907872534786
840	0.594143122293256	0.612703650237162	0.592478632478633	0.625299145299145	0.561427473747119	0.582063885060556	0.603183468151439	0.674542561632868	0.0185605279439061	0.0328205128205128	0.020636411313437	0.0713590934814294
841	0.666390728476821	0.684188741721854	0.71797520661157	0.752066115702479	0.71654001313444	0.74803765206242	0.727372813500862	0.777915075552271	0.0177980132450332	0.0340909090909091	0.0314976389279794	0.0505422620514084
842	0.601312724962947	0.601100995130214	0.541666666666667	0.548976608187134	0.56488563054655	0.566571904574778	0.604678553123119	0.662925768853331	-0.000211729832733432	0.00730994152046782	0.00168627402822807	0.0582472157302125
843	0.616303883909518	0.654502774221084	0.58296783625731	0.674342105263158	0.592424242424242	0.671986914600551	0.617126014748714	0.72543301109252	0.0381988903115663	0.0913742690058479	0.0795626721763085	0.108306996343806
844	0.60122440363099	0.641967489972556	0.57421451787649	0.637414228963525	0.618734052673791	0.667352700780785	0.607205603656262	0.700016032013312	0.0407430863415664	0.063199711087035	0.0486186481069938	0.0928104283570498
845	0.628519527702089	0.639872842870118	0.615899252262889	0.667847304210941	0.584885584989417	0.628491379977202	0.606797470427853	0.670212790270878	0.0113533151680292	0.051948051948052	0.0436057949877851	0.0634153198430255
846	0.649151841125362	0.66652875465453	0.635752688172043	0.707997311827957	0.636879139241331	0.684690811138655	0.66755544603816	0.721628345889242	0.0173769135291684	0.072244623655914	0.0478116718973245	0.0540728998510821
847	0.648733467832325	0.669580811477247	0.654073199527745	0.720188902007084	0.644031612448119	0.671469560509868	0.649983793541968	0.693650300529623	0.0208473436449227	0.066115702479339	0.0274379480617485	0.0436665069876556
848	0.619546621043627	0.658896492728828	0.644972451790634	0.710743801652893	0.588487698884548	0.660675712020837	0.607394742168919	0.699864252821214	0.0393498716852011	0.065771349862259	0.0721880131362891	0.092469510652295
849	0.646381221473593	0.643990436861552	0.631578947368421	0.653508771929825	0.640745953553835	0.652005629838142	0.638940188947189	0.689543899885992	-0.00239078461204079	0.0219298245614036	0.0112596762843069	0.0506037109388022
850	0.594086589229145	0.612882787750792	0.630482456140351	0.654239766081871	0.612400530503979	0.646220159151194	0.629943398774663	0.675187545274841	0.0187961985216473	0.0237573099415205	0.0338196286472148	0.0452441465001779
851	0.671363537827878	0.68133535660091	0.668111231491513	0.682195738533767	0.637558889331649	0.646031042136743	0.692711048158186	0.740919038380684	0.00997181877303277	0.0140845070422536	0.00847215280509339	0.0482079902224988
852	0.719739067407586	0.75187243295482	0.779024767801858	0.803018575851393	0.747869368169158	0.779562870134832	0.757312169830362	0.804860683027762	0.0321333655472337	0.0239938080495355	0.0316935019656736	0.0475485131974007
853	0.641294642857143	0.660044642857143	0.59775641025641	0.608173076923077	0.622928037194259	0.629371336163331	0.698771037527594	0.74141298013245	0.0187499999999999	0.0104166666666667	0.00644329896907214	0.0426419426048565
854	0.545943619539488	0.578652894340435	0.506428571428571	0.57	0.494451818329903	0.547414971392593	0.562237098177696	0.647692224108797	0.032709274800947	0.0635714285714286	0.0529631530626895	0.0854551259311012
855	0.643269657929809	0.651043980453132	0.636609907120743	0.667569659442725	0.638601319145721	0.655407690882885	0.666806412114958	0.699961479257922	0.007774322523323	0.0309597523219814	0.0168063717371643	0.0331550671429646
856	0.670889101338432	0.717973231357553	0.687152906330988	0.764161421695668	0.626247086247086	0.71045843045843	0.649250116182199	0.77275198687623	0.0470841300191205	0.0770085153646798	0.0842113442113442	0.123501870694031
857	0.645964125560538	0.682062780269058	0.653245400902464	0.690732384588684	0.637497959849845	0.686954652170092	0.636540535314579	0.683456000684894	0.0360986547085201	0.0374869836862201	0.0494566923202471	0.046915465370315
858	0.585876587213188	0.621519269325017	0.523047619047619	0.58247619047619	0.508614487016613	0.58031063483876	0.560102141831866	0.65204104656258	0.0356426821118289	0.0594285714285715	0.0716961478221466	0.0919389047307148
859	0.60327677004096	0.654963916520382	0.588373655913978	0.652217741935484	0.597669498421378	0.66915340298799	0.635643517873477	0.708005203632244	0.0516871464794227	0.0638440860215054	0.0714839045666114	0.0723616857587671
860	0.572626331293904	0.603444368910038	0.577589254153411	0.664545775892542	0.53190053663461	0.616981031826152	0.50975790872339	0.594480243504811	0.0308180376161341	0.0869565217391305	0.0850804951915414	0.0847223347814204
861	0.694103194103194	0.703316953316953	0.700798333911836	0.681707740367928	0.723328680392841	0.723104342190538	0.745741820800293	0.785310963419247	0.00921375921375922	-0.0190905935439084	-0.000224338202303165	0.0395691426189539
862	0.573427951902228	0.610684013404297	0.606854838709677	0.673051075268817	0.574	0.629666666666667	0.580190144783446	0.641008513018082	0.0372560615020697	0.0661962365591398	0.0556666666666666	0.0608183682346362
863	0.635852592129919	0.654382677493233	0.630116959064327	0.681652046783626	0.581798121824806	0.635226048134654	0.600371487996967	0.662600715244076	0.0185300853633147	0.0515350877192983	0.0534279263098476	0.0622292272471083
864	0.651947463768116	0.665534420289855	0.670278637770898	0.725232198142415	0.640878448744456	0.700036068621823	0.629085550721859	0.682731505573589	0.0135869565217391	0.0549535603715171	0.0591576198773667	0.0536459548517295
865	0.67425641025641	0.68	0.673824509440948	0.698630136986301	0.715396178555835	0.724779092251076	0.709411111200484	0.758033258264441	0.00574358974358968	0.0248056275453536	0.00938291369524091	0.048622147063957
866	0.574173369079535	0.615281501340483	0.501333333333333	0.576761904761905	0.524878059644981	0.593598966569411	0.626136385570075	0.702045109962377	0.0411081322609472	0.0754285714285715	0.0687209069244304	0.0759087243923028
867	0.658123278966321	0.687778013132811	0.668044077134986	0.708677685950413	0.656791720939553	0.698823316109147	0.662749681092548	0.751370748385811	0.0296547341664901	0.040633608815427	0.0420315951695939	0.0886210672932631
868	0.61541701769166	0.634161752316765	0.594594594594595	0.675675675675676	0.5219155323676	0.564843044099216	0.596048154012308	0.670276241279353	0.0187447346251054	0.0810810810810811	0.0429275117316156	0.0742280872670442
869	0.693635607321131	0.726913477537438	0.654648285613291	0.72605160834217	0.707223033068496	0.771827411944518	0.728212493017588	0.808306465922036	0.0332778702163062	0.0714033227288794	0.0646043788760218	0.0800939729044478
870	0.599399528200729	0.633712202444778	0.603746907034288	0.651113467656416	0.581389251517121	0.633618641336705	0.606459536392688	0.667912423251639	0.0343126742440489	0.047366560622128	0.052229389819584	0.0614528868589514
871	0.622821929451764	0.649383765405865	0.601239669421488	0.647727272727273	0.621226111696439	0.684932858230835	0.633925575693897	0.723837142106646	0.0265618359541011	0.0464876033057851	0.0637067465343957	0.0899115664127484
872	0.609225239616613	0.679712460063898	0.631299734748011	0.720822281167109	0.641437042204395	0.72514823857691	0.664812016851732	0.761517615176152	0.0704872204472844	0.0895225464190982	0.0837111963725148	0.0967055983244198
873	0.644191343963554	0.649430523917995	0.622372372372372	0.61524024024024	0.626163430592056	0.633036679790658	0.688660103569337	0.736014267940038	0.00523917995444179	-0.00713213213213204	0.00687324919860222	0.0473541643707009
874	0.572278039778552	0.614312077096576	0.527853260869565	0.627377717391304	0.54485141838848	0.632513365120647	0.574665113004637	0.686750176000777	0.0420340373180234	0.0995244565217391	0.0876619467321678	0.11208506299614
875	0.613374667847653	0.659654561558902	0.5625	0.63301282051282	0.574018511532027	0.638975977322577	0.610741669942164	0.701067954405076	0.0462798937112489	0.0705128205128205	0.0649574657905503	0.090326284462912
876	0.581599347205222	0.614035087719298	0.631881121242823	0.666666666666667	0.621641493302935	0.648600740951838	0.606737038363375	0.665616207090602	0.0324357405140759	0.0347855454238433	0.0269592476489028	0.0588791687272272
877	0.632724286594128	0.662081708068158	0.643179451579313	0.707740367927803	0.648070175438596	0.717543859649123	0.68958742632613	0.759955717716032	0.02935742147403	0.06456091634849	0.0694736842105262	0.0703682913899024
878	0.602157639806253	0.618229854689564	0.58757674250632	0.611773203322499	0.605528134254689	0.625468904244817	0.576823235648835	0.64124309180971	0.0160722148833113	0.0241964608161792	0.0199407699901284	0.0644198561608749
879	0.635450774939969	0.668849596158044	0.659950512548604	0.732060798868858	0.656531823085221	0.703856526429342	0.64052539477276	0.715378330432509	0.0333988212180747	0.0721102863202545	0.0473247033441209	0.0748529356597493
880	0.641926814140997	0.673144511060575	0.638667129468934	0.727525164873308	0.606997101792157	0.681782693558881	0.620383036935704	0.69890560875513	0.0312176969195782	0.0888580354043735	0.0747855917667237	0.0785225718194255
881	0.625105663567202	0.640532544378698	0.602739726027397	0.614957423176601	0.667862384856767	0.682451412086243	0.634835892473684	0.670437348573362	0.0154268808114961	0.012217697149204	0.0145890272294766	0.0356014560996784
882	0.597356828193833	0.64295154185022	0.563428571428571	0.646095238095238	0.637147146201409	0.724663548851027	0.589014820964944	0.700760107343739	0.0455947136563877	0.0826666666666667	0.0875164026496184	0.111745286378795
883	0.612667478684531	0.630937880633374	0.669666666666667	0.699	0.667908248030441	0.706575915107991	0.646562028125704	0.696694953714115	0.0182704019488429	0.0293333333333333	0.0386676670775497	0.0501329255884115
884	0.632385606397157	0.673700577521102	0.617179215270414	0.681159420289855	0.614998811504635	0.681227715711909	0.658729881592031	0.755972502345288	0.041314971123945	0.0639802050194415	0.0662289042072737	0.0972426207532562
885	0.61994121636898	0.661089758082749	0.589628419763169	0.654552878726011	0.635871773179813	0.691835983615568	0.644520113659825	0.731777985960334	0.0411485417137689	0.064924458962842	0.0559642104357552	0.087257872300509
886	0.666811279826464	0.690238611713666	0.631191950464396	0.698142414860681	0.634892382678535	0.682967734833651	0.669054247049578	0.754425815931843	0.0234273318872017	0.0669504643962848	0.0480753521551158	0.0853715688822647
887	0.639320184641209	0.715484683172472	0.644972451790634	0.766873278236915	0.672585141923234	0.763164852068162	0.674136922773685	0.811917816267875	0.0761644985312632	0.121900826446281	0.0905797101449275	0.13778089349419
888	0.667945823927765	0.656884875846501	0.714285714285714	0.704761904761905	0.667275097783572	0.67258409387223	0.62651527480827	0.654822807882472	-0.0110609480812641	-0.0095238095238096	0.00530899608865709	0.0283075330742014
889	0.700389948006932	0.699523396880416	0.697002527988443	0.71614301191766	0.758411333164685	0.767702320447071	0.800651453599801	0.834386410599357	-0.000866551126516457	0.0191404839292164	0.0092909872823862	0.0337349569995563
890	0.64709595959596	0.674031986531987	0.665741062131204	0.695591808399861	0.672101897771258	0.699018631817276	0.678794263185284	0.740413367661907	0.026936026936027	0.0298507462686568	0.0269167340460181	0.0616191044766229
891	0.700104712041885	0.715811518324607	0.673167208378476	0.724088118454316	0.698770491803279	0.729508196721312	0.714791932976043	0.780457079641541	0.0157068062827225	0.0509209100758397	0.0307377049180328	0.0656651466654974
892	0.703101920236337	0.692129141169023	0.737811484290357	0.706753340556157	0.665458232264533	0.637490361464743	0.711296777937543	0.763820727464027	-0.0109727790673138	-0.0310581437342	-0.0279678707997905	0.0525239495264839
893	0.592266728409354	0.635332252836305	0.576388888888889	0.64875730994152	0.571888837663103	0.640593337550526	0.587093255141156	0.659253585978323	0.0430655244269507	0.0723684210526316	0.0687044998874224	0.0721603308371666
894	0.613286577050458	0.661601402688486	0.608	0.691333333333333	0.599531615925059	0.674138507862161	0.662612239699421	0.772113608864548	0.0483148256380284	0.0833333333333333	0.0746068919371027	0.109501369165128
895	0.571335927367056	0.592088197146563	0.548214285714286	0.597857142857143	0.524300720779753	0.567997993283643	0.549326008910964	0.65598187218829	0.0207522697795072	0.0496428571428572	0.0436972725038905	0.106655863277326
896	0.623357354811361	0.668079694785926	0.67094758764318	0.73134328358209	0.641010482275632	0.687858599179912	0.642266613139597	0.718056080525048	0.0447223399745655	0.06039569593891	0.04684811690428	0.0757894673854514
897	0.703729281767956	0.718462246777164	0.705904761904762	0.729523809523809	0.682564008687965	0.714443414005133	0.727029455962485	0.801508402189812	0.0147329650092082	0.0236190476190475	0.0318794053171677	0.0744789462273275
898	0.632911392405063	0.670273581053491	0.64616472251679	0.686461647225168	0.615039025318865	0.662478583666476	0.675365456673134	0.723394944786024	0.0373621886484279	0.0402969247083775	0.0474395583476109	0.0480294881128903
899	0.625051931865393	0.637723307021188	0.59273097826087	0.6328125	0.655906593406594	0.683035714285714	0.68053850078194	0.727854499625983	0.0126713751557955	0.0400815217391305	0.0271291208791208	0.0473159988440428
900	0.669071669071669	0.707311207311207	0.678135888501742	0.738675958188153	0.667160397583317	0.72612551159618	0.723976883307378	0.784164937245475	0.0382395382395383	0.0605400696864111	0.058965114012863	0.0601880539380967
901	0.674126172208014	0.71227621483376	0.672619047619048	0.735994397759104	0.671413728016842	0.732979273671029	0.724402020931543	0.791173169506441	0.038150042625746	0.063375350140056	0.0615655456541861	0.0667711485748982
902	0.632401705352913	0.676456655613453	0.606971153846154	0.683894230769231	0.553903064314264	0.628512455084985	0.625020880269323	0.739029751247921	0.0440549502605401	0.076923076923077	0.0746093907707215	0.114008870978598
903	0.636228498619664	0.660225100870673	0.67847619047619	0.693714285714286	0.663997840683882	0.66474374143422	0.625856555341606	0.702346645088475	0.0239966022510087	0.0152380952380953	0.000745900750337758	0.076490089746869
904	0.651957456438108	0.682733650147092	0.714396284829721	0.761222910216718	0.605751020871697	0.654203427453489	0.645964898932535	0.72340600360378	0.0307761937089839	0.0468266253869969	0.048452406581792	0.0774411046712457
905	0.631258162821071	0.678276012189813	0.616472251679039	0.689642983386356	0.675491228873723	0.755627948518298	0.701089169774031	0.779319115694312	0.0470178493687419	0.0731707317073171	0.0801367196445747	0.0782299459202815
906	0.727125506072875	0.710526315789474	0.796535326086957	0.814538043478261	0.707855224976822	0.724422958833516	0.69042179052096	0.753023288628055	-0.0165991902834008	0.0180027173913043	0.016567733856694	0.0626014981070948
907	0.672512148742869	0.724276357489964	0.71976902173913	0.8046875	0.668011677704455	0.743057017994599	0.69243265689801	0.774481374157987	0.0517642087470949	0.0849184782608695	0.0750453402901442	0.0820487172599775
908	0.620387359836901	0.649337410805301	0.575494619923638	0.644914960083304	0.638634764250528	0.690007037297678	0.620554651867445	0.685476668899308	0.0289500509683995	0.0694203401596668	0.05137227304715	0.064922017031863
909	0.662687215107445	0.685912741480356	0.659047619047619	0.716952380952381	0.619940769990128	0.658212060418856	0.708049226219506	0.758888750253403	0.0232255263729108	0.0579047619047619	0.0382712904287277	0.0508395240338969
910	0.648353909465021	0.674897119341564	0.656769176387416	0.72039589961117	0.643020370854009	0.679088317228171	0.684482722780691	0.745743515310995	0.0265432098765432	0.0636267232237541	0.0360679463741621	0.0612607925303035
911	0.61245104102247	0.624613481756339	0.628443526170799	0.650482093663912	0.635270140664962	0.662390771526002	0.638386077424515	0.669462115766308	0.0121624407338693	0.0220385674931129	0.0271206308610401	0.0310760383417935
912	0.694495226487914	0.691651432053626	0.700666666666667	0.728333333333333	0.688538647342995	0.72542270531401	0.710370328553686	0.797955430732754	-0.00284379443428806	0.0276666666666667	0.0368840579710145	0.0875851021790675
913	0.716985230234579	0.718288444830582	0.669070512820513	0.699919871794872	0.701453366792137	0.725564617314931	0.797619580342549	0.844254350063885	0.00130321459600347	0.0308493589743589	0.0241112505227937	0.0466347697213361
914	0.63852131905062	0.665826507036337	0.633113502256161	0.672683096147171	0.610309557677979	0.653220890062995	0.648731883680193	0.77314449817586	0.0273051879857173	0.03956959389101	0.0429113323850165	0.124412614495668
915	0.611218985976268	0.670118662351672	0.552907186710004	0.641025641025641	0.624931476198467	0.706550316048554	0.621160875291586	0.728240935321211	0.0588996763754045	0.0881184543156374	0.0816188398500867	0.107080060029626
916	0.646043165467626	0.671120246659815	0.656162464985995	0.717086834733894	0.667757195782274	0.706469079509832	0.704647166934481	0.752387582304226	0.025077081192189	0.0609243697478992	0.0387118837275577	0.0477404153697446
917	0.641168289290681	0.68746274587721	0.662333333333333	0.724	0.687335522030277	0.738232421194488	0.664953132903388	0.714519104519888	0.046294456586529	0.0616666666666666	0.050896899164211	0.0495659716165007
918	0.621218961625282	0.684198645598194	0.621428571428571	0.714642857142857	0.680067728910693	0.761027655971867	0.68555036843659	0.791479505895564	0.062979683972912	0.0932142857142857	0.0809599270611731	0.105929137458974
919	0.690988106129918	0.719350411710887	0.688633839318771	0.746760459089226	0.692601566897731	0.749268058153497	0.679340688885812	0.782927734606209	0.0283623055809697	0.0581266197704554	0.0566664912557667	0.103587045720397
920	0.578433409515895	0.615624350716809	0.575292397660819	0.633040935672515	0.581362634651561	0.607831555375269	0.606107146876883	0.671273654393442	0.0371909412009142	0.0577485380116959	0.0264689207237083	0.0651665075165587
921	0.56013316687474	0.562630045776113	0.5275	0.559642857142857	0.512857417002495	0.54768225335295	0.525263244675716	0.570227507183838	0.00249687890137329	0.0321428571428571	0.0348248363504552	0.0449642625081222
922	0.697521497218007	0.737733940313607	0.617135207496653	0.71173583221776	0.673760785640769	0.749753887163082	0.729517662473059	0.825831435882588	0.0402124430955995	0.0946006247211066	0.0759931015223136	0.0963137734095292
923	0.670349094122846	0.699955810870526	0.642857142857143	0.709733893557423	0.66785662434393	0.737359311086464	0.648289982566868	0.742886844719733	0.02960671674768	0.0668767507002801	0.0695026867425336	0.0945968621528651
924	0.652268760907504	0.698516579406632	0.65025641025641	0.715897435897436	0.689802599433206	0.748668523404671	0.7181876753169	0.812829170300899	0.0462478184991273	0.0656410256410257	0.0588659239714648	0.0946414949839993
925	0.592302674494455	0.647966949336812	0.57204767063922	0.666305525460455	0.561760403085733	0.652439262092355	0.604676549890972	0.718229416451624	0.055664274842357	0.0942578548212351	0.0906788590066228	0.113552866560652
926	0.671717171717172	0.69631093544137	0.711558486636584	0.759458521346755	0.683819431543749	0.708712613784135	0.668916426512968	0.72963976945245	0.0245937637241985	0.0479000347101701	0.0248931822403864	0.0607233429394812
927	0.716201830955929	0.727059825420481	0.72	0.763076923076923	0.725865805413648	0.742596605814658	0.740495705462853	0.765199658493065	0.0108579944645519	0.0430769230769231	0.0167308004010109	0.0247039530302129
928	0.66752688172043	0.667311827956989	0.675951086956522	0.685801630434783	0.741248910833575	0.753650885855359	0.756249568994243	0.775466717662978	-0.000215053763440887	0.00985054347826086	0.0124019750217834	0.0192171486687355
929	0.620447284345048	0.626198083067093	0.606386671294689	0.624435959736203	0.6471145411006	0.652793206982694	0.617814208123685	0.632611733655578	0.00575079872204476	0.0180492884415133	0.00567866588209431	0.0147975255318933
930	0.576855296651655	0.623849618171138	0.511876881900301	0.607895617263299	0.559767759562842	0.645491803278688	0.576229222554048	0.695880358692045	0.0469943215194831	0.0960187353629977	0.085724043715847	0.119651136137997
931	0.590234857849196	0.599505562422744	0.581932773109244	0.580882352941177	0.560994379014989	0.56086233047823	0.584938046536922	0.631931251181927	0.00927070457354762	-0.00105042016806722	-0.00013204853675941	0.0469932046450044
932	0.669730654125695	0.686404446344592	0.7125	0.738928571428571	0.646843404187565	0.675281767830132	0.668308049392386	0.721010447422008	0.016673792218897	0.0264285714285714	0.0284383636425671	0.0527023980296222
933	0.657362637362637	0.687032967032967	0.636996904024768	0.671826625386997	0.668343819810219	0.717213534728342	0.698705787302602	0.756389369518472	0.0296703296703297	0.0348297213622291	0.0488697149181235	0.0576835822158696
934	0.705122686181662	0.693715023676281	0.707885968159941	0.694927804516846	0.665699751394489	0.654224726847306	0.749786784651845	0.768063775629237	-0.0114076625053809	-0.0129581636430952	-0.0114750245471829	0.0182769909773918
935	0.636327739387957	0.646989141164857	0.631	0.690666666666667	0.636243573083225	0.697327532628962	0.70314311524368	0.756954435229889	0.0106614017769003	0.0596666666666666	0.0610839595457371	0.0538113199862097
936	0.600841219768665	0.611356466876972	0.628851540616247	0.657563025210084	0.585579514824798	0.602425876010782	0.619928214731586	0.647335362047441	0.010515247108307	0.0287114845938375	0.0168463611859838	0.0274071473158551
937	0.659854309995953	0.695062727640631	0.644361413043478	0.728940217391304	0.638879535558781	0.710896952104499	0.71035796409304	0.789162907933139	0.0352084176446783	0.0845788043478261	0.0720174165457184	0.0788049438400991
938	0.632063356164384	0.662029109589041	0.661228740020826	0.726483859770913	0.641792621227965	0.715432470399358	0.644926736540131	0.732725049059637	0.0299657534246576	0.0652551197500868	0.0736398491713933	0.0877983125195063
939	0.641811846689895	0.673635307781649	0.685371517027864	0.728328173374613	0.658056456650078	0.689070339102577	0.64630431104113	0.692628344700596	0.0318234610917538	0.0429566563467492	0.0310138824524995	0.0463240336594666
940	0.632239594802907	0.659766571239815	0.603228228228228	0.670045045045045	0.624660421545667	0.659320843091335	0.625687693520413	0.71808397468586	0.0275269764369083	0.0668168168168168	0.0346604215456675	0.092396281165448
941	0.611855886049434	0.653958944281525	0.676997245179063	0.738636363636364	0.579243210910396	0.654440722574471	0.616448163858529	0.702405787390964	0.0421030582320905	0.0616391184573003	0.0751975116640747	0.0859576235324344
942	0.669613486842105	0.693667763157895	0.671796587487454	0.747072599531616	0.671504539559014	0.730038910505836	0.697438111277711	0.770904839057344	0.0240542763157894	0.0752760120441619	0.0585343709468222	0.0734667277796333
943	0.599918847636437	0.616757963075675	0.601904761904762	0.656380952380952	0.539377562722888	0.566336229242927	0.554085762534723	0.613783923458175	0.0168391154392371	0.0544761904761906	0.0269586665200384	0.0596981609234524
944	0.660914581535807	0.671484037963762	0.639022584228064	0.64605701592003	0.693331376290425	0.711201624345614	0.683337949299969	0.714082546134064	0.0105694564279551	0.00703443169196594	0.0178702480551887	0.0307445968340945
945	0.615736704446382	0.634917175239756	0.557240881184543	0.617190321415674	0.616201620162016	0.673879387938794	0.643102339830525	0.737150668948012	0.019180470793374	0.0599494402311304	0.0576777677767778	0.0940483291174878
946	0.680673974827446	0.681079983759643	0.702	0.730666666666667	0.699810810810811	0.727047297297297	0.741875410491448	0.778142436962792	0.000406008932196555	0.0286666666666666	0.0272364864864865	0.0362670264713442
947	0.625888749477206	0.624634044332915	0.606071428571428	0.628928571428571	0.64878892733564	0.666359910672655	0.681765775918812	0.725294006446727	-0.00125470514429116	0.0228571428571429	0.0175709833370145	0.0435282305279148
948	0.636802899134286	0.669216831085162	0.593137254901961	0.646358543417367	0.648395931824922	0.688193802371358	0.721058197922679	0.801596146640051	0.0324139319508758	0.0532212885154061	0.0397978705464357	0.0805379487173727
949	0.62208067940552	0.655626326963907	0.633264462809917	0.720385674931129	0.621818181818182	0.71059520284276	0.663295319085436	0.76497589886041	0.0335456475583864	0.087121212121212	0.0887770210245781	0.101680579774975
950	0.6484375	0.674609375	0.64945652173913	0.736073369565217	0.653968253968254	0.720987654320988	0.7045476022211	0.778953659767794	0.026171875	0.0866168478260869	0.0670194003527337	0.0744060575466936
951	0.631103816167419	0.678498153467378	0.601367521367521	0.693675213675214	0.632001637528296	0.704654914993016	0.67560477378663	0.767160967781977	0.047394337299959	0.0923076923076923	0.0726532774647209	0.0915561939953479
952	0.642276422764228	0.660074708855197	0.687918142463597	0.71900826446281	0.586323572846121	0.613967635461088	0.64207705397329	0.691408940056322	0.017798286090969	0.0310901219992129	0.0276440626149677	0.0493318860830321
953	0.624973678669194	0.66034954727311	0.617841027421034	0.660534536619229	0.660922346190244	0.712337932406286	0.667025950577024	0.74749757601425	0.0353758686039166	0.042693509198195	0.0514155862160419	0.0804716254372261
954	0.677078440582433	0.658994833255049	0.620571428571429	0.659047619047619	0.682638888888889	0.690277777777778	0.688802170531255	0.716246177995985	-0.0180836073273838	0.0384761904761904	0.00763888888888886	0.0274440074647302
955	0.585376073748167	0.613869683637126	0.556046195652174	0.609375	0.509260626017183	0.573246186745392	0.478780212990567	0.554675207390041	0.0284936098889588	0.0533288043478261	0.0639855607282086	0.0758949943994739
956	0.646163601775523	0.656732191925597	0.648639095086603	0.688229056203606	0.683813443072702	0.720164609053498	0.647740180403761	0.714900014317759	0.0105685901500739	0.0395899611170024	0.0363511659807956	0.0671598339139979
957	0.666736842105263	0.693052631578947	0.685950413223141	0.706611570247934	0.673103627842389	0.70630098941156	0.700847730017281	0.743545457778981	0.0263157894736842	0.0206611570247933	0.033197361569172	0.0426977277616994
958	0.621329211746522	0.655332302936631	0.655714285714286	0.696428571428571	0.608057636757537	0.64694665102004	0.599911927604997	0.6544943285219	0.0340030911901082	0.0407142857142857	0.0388890142625022	0.0545824009169037
959	0.628638198427873	0.678988740174209	0.598739495798319	0.675420168067227	0.62568991783422	0.732567867935366	0.671070540545125	0.770943831023819	0.0503505417463352	0.0766806722689076	0.106877950101146	0.0998732904786942
960	0.61623389899816	0.625843385810673	0.59877211989888	0.640303358613218	0.565031064218795	0.59812741279019	0.577900480224345	0.623614845111715	0.00960948681251272	0.0415312387143373	0.0330963485713952	0.0457143648873704
961	0.604840392238681	0.630085541414563	0.59453781512605	0.620448179271709	0.607188548649173	0.630992426501865	0.636937026703438	0.707763282810412	0.0252451491758816	0.0259103641456584	0.0238038778526924	0.0708262561069745
962	0.590480368501864	0.620311471813994	0.577934098482044	0.645686782673084	0.548745958655824	0.615984128539238	0.557106310137087	0.637499882784095	0.0298311033121298	0.0677526841910403	0.0672381698834134	0.080393572647008
963	0.677222100895392	0.683773749727015	0.659804983748646	0.687612856626941	0.687221673796205	0.6904683558188	0.737020342792324	0.799776577171882	0.00655164883162263	0.0278078728782953	0.00324668202259515	0.062756234379558
964	0.689825718323128	0.712906264719736	0.7175	0.77125	0.6682240182162	0.72075773789455	0.667972796035156	0.733016672509274	0.0230805463966085	0.05375	0.0525337196783499	0.0650438764741182
965	0.631474498908514	0.678706092478666	0.624958179993309	0.724322515891603	0.636535523300229	0.732894066717596	0.645383122416611	0.753422466704216	0.0472315935701528	0.0993643358982937	0.0963585434173669	0.108039344287604
966	0.682652840786347	0.69302225102614	0.725698126546483	0.766348533050548	0.67307853724706	0.710181741814303	0.695547446124531	0.748474967399676	0.0103694102397927	0.040650406504065	0.0371032045672431	0.0529275212751447
967	0.684860557768924	0.690836653386454	0.697120158887786	0.726249586229725	0.705219376426807	0.721143321762517	0.743454031238097	0.786874481444988	0.00597609561752988	0.0291294273419397	0.0159239453357101	0.0434204502068913
968	0.679754114614317	0.673408685306365	0.660866345797853	0.680858941132914	0.660135254207419	0.669937879989426	0.7015732546706	0.75768905353182	-0.00634542930795168	0.019992595335061	0.0098026257820073	0.0561157988612198
969	0.684586308273834	0.713355732885342	0.66864124398371	0.723435764531655	0.679861111111111	0.714930555555556	0.753686707843142	0.796950590611668	0.0287694246115078	0.0547945205479452	0.0350694444444444	0.0432638827685264
970	0.638728989177988	0.669352981809809	0.656793780081451	0.734172528693077	0.581837974331189	0.657442662716599	0.549545960573473	0.644220202670401	0.0306239926318214	0.0773787486116253	0.0756046883854099	0.0946742420969283
971	0.575929283771532	0.620580235720761	0.541785714285714	0.616785714285714	0.53125	0.610054347826087	0.556519034893342	0.659579073505216	0.0446509519492293	0.0750000000000001	0.078804347826087	0.103060038611875
972	0.617349092444069	0.658716758125791	0.607857142857143	0.680714285714286	0.597908041952118	0.655521605792419	0.632461610771906	0.71198769971747	0.0413676656817222	0.0728571428571428	0.0576135638403018	0.0795260889455643
973	0.620378331900258	0.640154772141015	0.664938911514254	0.706775268419104	0.595294160838832	0.633850673683689	0.590167473325555	0.6731356916011	0.0197764402407566	0.0418363569048501	0.0385565128448568	0.0829682182755448
974	0.662549625055139	0.705558006175562	0.688582537999293	0.738776952986921	0.703782355995342	0.763891137670822	0.653702297144604	0.726483383697466	0.0430083811204235	0.0501944149876281	0.0601087816754798	0.072781086552862
975	0.631257631257631	0.649165649165649	0.599	0.644333333333333	0.608277361783897	0.657566803613982	0.663179353734039	0.737722006427894	0.017908017908018	0.0453333333333333	0.0492894418300858	0.0745426526938555
976	0.694856896922746	0.727135786528943	0.703782255213857	0.740897843761046	0.750267859095183	0.779551964664466	0.758160244488351	0.8289256561156	0.0322788896061975	0.0371155885471898	0.0292841055692826	0.0707654116272496
977	0.605996621621622	0.67652027027027	0.637948717948718	0.713846153846154	0.632518405068968	0.708561231744032	0.67976815629409	0.781862839906207	0.0705236486486487	0.0758974358974359	0.0760428266750641	0.102094683612117
978	0.620929222752931	0.661962657403387	0.594202898550725	0.684340756451043	0.635198813987493	0.692098152397981	0.66192962882135	0.748347489625154	0.0410334346504559	0.0901378579003183	0.0568993384104876	0.0864178608038035
979	0.666959964804223	0.690057193136824	0.657829621774479	0.733474726051608	0.621422752462724	0.689937936135319	0.639792195169484	0.744303879029732	0.0230972283326001	0.0756451042771297	0.0685151836725943	0.104511683860248
980	0.686265808741957	0.695806523186155	0.729586426299046	0.743725698126547	0.723560404617436	0.7414971555268	0.696540935259386	0.73681623037613	0.00954071444419791	0.0141392718275009	0.0179367509093635	0.0402752951167432
981	0.656005083668714	0.685871637364965	0.597384234711912	0.68469423824673	0.658300019265967	0.715670455640112	0.712142980558376	0.778441939907707	0.0298665536962508	0.087310003534818	0.0573704363741451	0.0662989593493314
982	0.584255042290176	0.608978529603123	0.558854718981972	0.614704842700601	0.551275768224143	0.60377151913913	0.589862830896591	0.653779660718577	0.0247234873129473	0.0558501237186285	0.052495750914987	0.063916829821986
983	0.63124576079584	0.650011304544427	0.607238095238095	0.649142857142857	0.643237147936471	0.675205324478792	0.657899535451303	0.715548588086787	0.018765543748587	0.0419047619047619	0.0319681765423211	0.057649052635484
984	0.688380281690141	0.720290492957746	0.75185577942736	0.785436550017674	0.726253706868478	0.770850170259665	0.732891679774713	0.791890827245832	0.0319102112676056	0.0335807705903146	0.0445964633911872	0.0589991474711186
985	0.702671040299906	0.743908153701968	0.718093093093093	0.771396396396396	0.745689655172414	0.796290417114389	0.720207586265146	0.778515053366604	0.0412371134020618	0.0533033033033032	0.0506007619419753	0.0583074671014582
986	0.655583437892095	0.659765788373066	0.622481442205726	0.656769176387416	0.657289879931389	0.683704974271012	0.686886142168936	0.758402697901895	0.00418235048097026	0.0342877341816896	0.0264150943396226	0.0715165557329589
987	0.725875845113706	0.735505019463225	0.758632478632479	0.796581196581197	0.70749288087328	0.762666112956811	0.708695141985449	0.790043417038254	0.0096291743495186	0.0379487179487179	0.055173232083531	0.0813482750528045
988	0.656683710737765	0.689067445824203	0.61260110685398	0.696892294593444	0.645982783357245	0.703371592539455	0.666214861881983	0.739564280441309	0.0323837350864378	0.0842911877394636	0.0573888091822095	0.0733494185593263
989	0.635213381942955	0.649581814282651	0.693076638282118	0.711588300629396	0.617323490517534	0.631929242787211	0.623950432620943	0.68236239841525	0.0143684323396954	0.0185116623472787	0.0146057522696776	0.0584119657943065
990	0.659106373327285	0.687911090950329	0.652571428571429	0.713142857142857	0.674815049672374	0.717712957091524	0.688931481394689	0.750208958817524	0.0288047176230438	0.0605714285714285	0.0428979074191502	0.0612774774228351
991	0.667365771812081	0.673657718120805	0.657212885154062	0.692226890756303	0.652432824981845	0.705824255628177	0.655697924893938	0.738819828509968	0.00629194630872487	0.0350140056022409	0.0533914306463327	0.0831219036160296
992	0.607311056290648	0.662704642296479	0.591008771929825	0.695540935672515	0.550769230769231	0.657777777777778	0.542169012354815	0.704872806969205	0.055393586005831	0.10453216374269	0.107008547008547	0.16270379461439
993	0.647260966242167	0.673539518900344	0.641337386018237	0.69436001350895	0.595593220338983	0.665084745762712	0.616061229152387	0.716994679983028	0.0262785526581767	0.0530226274907126	0.0694915254237288	0.100933450830641
994	0.701665312753859	0.726035743298132	0.772649572649573	0.814358974358974	0.74867374005305	0.778514588859416	0.752509652509653	0.78039468039468	0.0243704305442729	0.0417094017094017	0.0298408488063661	0.0278850278850279
995	0.644043321299639	0.660649819494585	0.640243902439024	0.694250871080139	0.667106334473213	0.678977365249959	0.668324307784519	0.725746869097014	0.0166064981949459	0.054006968641115	0.0118710307767464	0.0574225613124948
996	0.702504581551619	0.717776420281002	0.718000675447484	0.73725092874029	0.681697612732096	0.717506631299735	0.700679206653044	0.744245957900974	0.015271838729383	0.0192502532928064	0.0358090185676393	0.0435667512479302
997	0.703659976387249	0.684376229830775	0.743768693918245	0.757394483217016	0.691360407659049	0.699615246036648	0.705827360633628	0.735593673391047	-0.0192837465564738	0.0136257892987703	0.00825483837759933	0.0297663127574187
998	0.642842842842843	0.679279279279279	0.561610551891704	0.652204095800069	0.641772100069606	0.720866162458104	0.652007873882347	0.74521980690156	0.0364364364364363	0.0905935439083652	0.0790940623884979	0.0932119330192127
999	0.647431962349089	0.668099038264784	0.645700903312145	0.691535630645701	0.625628409287821	0.68048542012044	0.61655023800623	0.68402742666421	0.0206670759156947	0.0458347273335563	0.0548570108326196	0.0674771886579797
1000	0.658800176444641	0.677106307895898	0.666071428571429	0.713571428571429	0.657076293750303	0.698502928789272	0.646864480647504	0.714840406765591	0.0183061314512571	0.0475	0.0414266350389698	0.0679759261180866
