[M::CommandLine_process] Forced pre-ovec read selection. Ignoring count of ovlp.
[M::main] Start: Sun Jul 26 18:03:51 2026

[prof::yak_count] step 1 total 75.78 s, step2 61.43 s, step3 68.47 s.
[M::ha_analyze_count] lowest: count[18] = 782851
[M::ha_analyze_count] highest: count[29] = 1603447
[M::ha_hist_line]     2: ****************************************************************************************************> 12461637
[M::ha_hist_line]     3: ****************************************************************************************************> 8525690
[M::ha_hist_line]     4: ****************************************************************************************************> 7429749
[M::ha_hist_line]     5: ****************************************************************************************************> 6694541
[M::ha_hist_line]     6: ****************************************************************************************************> 5996403
[M::ha_hist_line]     7: ****************************************************************************************************> 5493454
[M::ha_hist_line]     8: ****************************************************************************************************> 4836535
[M::ha_hist_line]     9: ****************************************************************************************************> 4341425
[M::ha_hist_line]    10: ****************************************************************************************************> 3773622
[M::ha_hist_line]    11: ****************************************************************************************************> 3110963
[M::ha_hist_line]    12: ****************************************************************************************************> 2514978
[M::ha_hist_line]    13: ****************************************************************************************************> 2013226
[M::ha_hist_line]    14: **************************************************************************************************** 1601677
[M::ha_hist_line]    15: ******************************************************************************** 1285854
[M::ha_hist_line]    16: ****************************************************************** 1052814
[M::ha_hist_line]    17: ****************************************************** 872407
[M::ha_hist_line]    18: ************************************************* 782851
[M::ha_hist_line]    19: ************************************************* 789906
[M::ha_hist_line]    20: ******************************************************* 878886
[M::ha_hist_line]    21: ************************************************************ 966597
[M::ha_hist_line]    22: ******************************************************************** 1084398
[M::ha_hist_line]    23: ************************************************************************** 1190809
[M::ha_hist_line]    24: ******************************************************************************** 1289447
[M::ha_hist_line]    25: ************************************************************************************* 1366937
[M::ha_hist_line]    26: ***************************************************************************************** 1422443
[M::ha_hist_line]    27: ******************************************************************************************* 1466949
[M::ha_hist_line]    28: ************************************************************************************************* 1562681
[M::ha_hist_line]    29: **************************************************************************************************** 1603447
[M::ha_hist_line]    30: *************************************************************************************************** 1594586
[M::ha_hist_line]    31: **************************************************************************************************** 1602905
[M::ha_hist_line]    32: **************************************************************************************************** 1595610
[M::ha_hist_line]    33: ************************************************************************************************* 1560885
[M::ha_hist_line]    34: ******************************************************************************************** 1477011
[M::ha_hist_line]    35: *************************************************************************************** 1400251
[M::ha_hist_line]    36: *********************************************************************************** 1329539
[M::ha_hist_line]    37: ***************************************************************************** 1240999
[M::ha_hist_line]    38: *********************************************************************** 1137661
[M::ha_hist_line]    39: ******************************************************************** 1088956
[M::ha_hist_line]    40: ****************************************************************** 1056172
[M::ha_hist_line]    41: *************************************************************** 1006106
[M::ha_hist_line]    42: ************************************************************ 957886
[M::ha_hist_line]    43: ********************************************************* 919214
[M::ha_hist_line]    44: ****************************************************** 860765
[M::ha_hist_line]    45: *************************************************** 818643
[M::ha_hist_line]    46: *********************************************** 759221
[M::ha_hist_line]    47: ********************************************* 716220
[M::ha_hist_line]    48: ******************************************* 687542
[M::ha_hist_line]    49: ***************************************** 657701
[M::ha_hist_line]    50: ************************************** 616930
[M::ha_hist_line]    51: ************************************ 580343
[M::ha_hist_line]    52: ********************************** 551845
[M::ha_hist_line]    53: ******************************** 506828
[M::ha_hist_line]    54: ****************************** 483163
[M::ha_hist_line]    55: **************************** 441625
[M::ha_hist_line]    56: ************************** 414730
[M::ha_hist_line]    57: ************************ 388080
[M::ha_hist_line]    58: ************************ 380353
[M::ha_hist_line]    59: *********************** 365150
[M::ha_hist_line]    60: ********************** 351301
[M::ha_hist_line]    61: ********************* 343511
[M::ha_hist_line]    62: ********************* 338958
[M::ha_hist_line]    63: ******************** 321866
[M::ha_hist_line]    64: ******************** 317029
[M::ha_hist_line]    65: ******************* 309770
[M::ha_hist_line]    66: ****************** 296146
[M::ha_hist_line]    67: ****************** 285887
[M::ha_hist_line]    68: ***************** 280154
[M::ha_hist_line]    69: ***************** 267675
[M::ha_hist_line]    70: ***************** 265143
[M::ha_hist_line]    71: **************** 256845
[M::ha_hist_line]    72: *************** 246956
[M::ha_hist_line]    73: *************** 237930
[M::ha_hist_line]    74: ************** 228859
[M::ha_hist_line]    75: ************** 220732
[M::ha_hist_line]    76: ************* 213534
[M::ha_hist_line]    77: ************* 202352
[M::ha_hist_line]    78: ************ 194912
[M::ha_hist_line]    79: ************ 187398
[M::ha_hist_line]    80: *********** 178541
[M::ha_hist_line]    81: ********** 167894
[M::ha_hist_line]    82: ********** 159968
[M::ha_hist_line]    83: ********* 147386
[M::ha_hist_line]    84: ********* 139355
[M::ha_hist_line]    85: ******** 128283
[M::ha_hist_line]    86: ******* 117294
[M::ha_hist_line]    87: ******* 109619
[M::ha_hist_line]    88: ****** 102713
[M::ha_hist_line]    89: ****** 98542
[M::ha_hist_line]    90: ****** 93058
[M::ha_hist_line]    91: ***** 86314
[M::ha_hist_line]    92: ***** 80063
[M::ha_hist_line]    93: **** 71895
[M::ha_hist_line]    94: **** 63520
[M::ha_hist_line]    95: **** 58920
[M::ha_hist_line]    96: *** 55071
[M::ha_hist_line]    97: *** 55111
[M::ha_hist_line]    98: *** 55978
[M::ha_hist_line]    99: *** 50860
[M::ha_hist_line]   100: *** 48125
[M::ha_hist_line]   101: *** 43890
[M::ha_hist_line]   102: ** 39830
[M::ha_hist_line]   103: *** 41190
[M::ha_hist_line]   104: *** 40728
[M::ha_hist_line]   105: *** 42047
[M::ha_hist_line]   106: *** 44023
[M::ha_hist_line]   107: *** 44146
[M::ha_hist_line]   108: *** 47906
[M::ha_hist_line]   109: *** 51191
[M::ha_hist_line]   110: **** 57005
[M::ha_hist_line]   111: **** 59961
[M::ha_hist_line]   112: **** 64805
[M::ha_hist_line]   113: **** 70331
[M::ha_hist_line]   114: ***** 75499
[M::ha_hist_line]   115: ***** 80109
[M::ha_hist_line]   116: ***** 85993
[M::ha_hist_line]   117: ****** 89740
[M::ha_hist_line]   118: ****** 93272
[M::ha_hist_line]   119: ****** 100076
[M::ha_hist_line]   120: ******* 108336
[M::ha_hist_line]   121: ******* 116378
[M::ha_hist_line]   122: ******** 124329
[M::ha_hist_line]   123: ******** 124334
[M::ha_hist_line]   124: ******** 128066
[M::ha_hist_line]   125: ********* 140406
[M::ha_hist_line]   126: ********* 146061
[M::ha_hist_line]   127: ********* 151443
[M::ha_hist_line]   128: ********** 157129
[M::ha_hist_line]   129: ********** 158923
[M::ha_hist_line]   130: ********** 158547
[M::ha_hist_line]   131: ********** 161286
[M::ha_hist_line]   132: ********** 159550
[M::ha_hist_line]   133: ********** 159681
[M::ha_hist_line]   134: ********** 156798
[M::ha_hist_line]   135: ********** 152922
[M::ha_hist_line]   136: ********* 148412
[M::ha_hist_line]   137: ********* 145032
[M::ha_hist_line]   138: ********* 141709
[M::ha_hist_line]   139: ********* 141062
[M::ha_hist_line]   140: ********* 140693
[M::ha_hist_line]   141: ********* 142077
[M::ha_hist_line]   142: ********* 138530
[M::ha_hist_line]   143: ******** 135966
[M::ha_hist_line]   144: ******** 129944
[M::ha_hist_line]   145: ******** 121113
[M::ha_hist_line]   146: ******* 119152
[M::ha_hist_line]   147: ******* 115794
[M::ha_hist_line]   148: ******* 110141
[M::ha_hist_line]   149: ******* 108753
[M::ha_hist_line]   150: ****** 103385
[M::ha_hist_line]   151: ****** 97689
[M::ha_hist_line]   152: ****** 94132
[M::ha_hist_line]   153: ****** 89612
[M::ha_hist_line]   154: ***** 84317
[M::ha_hist_line]   155: ***** 78422
[M::ha_hist_line]   156: ***** 74835
[M::ha_hist_line]   157: ***** 72897
[M::ha_hist_line]   158: **** 69416
[M::ha_hist_line]   159: **** 68816
[M::ha_hist_line]   160: **** 67766
[M::ha_hist_line]   161: **** 65988
[M::ha_hist_line]   162: **** 66555
[M::ha_hist_line]   163: **** 63608
[M::ha_hist_line]   164: **** 61536
[M::ha_hist_line]   165: **** 59882
[M::ha_hist_line]   166: **** 56629
[M::ha_hist_line]   167: *** 52757
[M::ha_hist_line]   168: *** 50916
[M::ha_hist_line]   169: *** 47775
[M::ha_hist_line]   170: *** 46576
[M::ha_hist_line]   171: *** 44979
[M::ha_hist_line]   172: *** 43820
[M::ha_hist_line]   173: *** 45207
[M::ha_hist_line]   174: *** 41739
[M::ha_hist_line]   175: *** 41454
[M::ha_hist_line]   176: ** 38711
[M::ha_hist_line]   177: ** 37290
[M::ha_hist_line]   178: ** 36360
[M::ha_hist_line]   179: ** 34890
[M::ha_hist_line]   180: ** 34063
[M::ha_hist_line]   181: ** 35157
[M::ha_hist_line]   182: ** 34447
[M::ha_hist_line]   183: ** 32179
[M::ha_hist_line]   184: ** 32358
[M::ha_hist_line]   185: ** 30964
[M::ha_hist_line]   186: ** 30607
[M::ha_hist_line]   187: ** 29408
[M::ha_hist_line]   188: ** 29221
[M::ha_hist_line]   189: ** 27860
[M::ha_hist_line]   190: ** 28580
[M::ha_hist_line]   191: ** 28114
[M::ha_hist_line]   192: ** 27909
[M::ha_hist_line]   193: ** 27339
[M::ha_hist_line]   194: ** 26912
[M::ha_hist_line]   195: ** 26717
[M::ha_hist_line]   196: ** 26771
[M::ha_hist_line]   197: ** 28898
[M::ha_hist_line]   198: ** 30168
[M::ha_hist_line]   199: ** 29794
[M::ha_hist_line]   200: ** 29877
[M::ha_hist_line]   201: ** 28535
[M::ha_hist_line]   202: ** 26760
[M::ha_hist_line]   203: ** 26815
[M::ha_hist_line]   204: ** 26632
[M::ha_hist_line]   205: ** 25896
[M::ha_hist_line]   206: ** 27161
[M::ha_hist_line]   207: ** 26807
[M::ha_hist_line]   208: ** 26736
[M::ha_hist_line]   209: ** 25909
[M::ha_hist_line]   210: ** 25144
[M::ha_hist_line]   211: ** 25838
[M::ha_hist_line]   212: ** 25070
[M::ha_hist_line]   213: ** 24623
[M::ha_hist_line]   214: ** 25005
[M::ha_hist_line]   215: * 23440
[M::ha_hist_line]   216: * 23063
[M::ha_hist_line]   217: * 20497
[M::ha_hist_line]   218: * 20122
[M::ha_hist_line]   219: * 19466
[M::ha_hist_line]   220: * 17314
[M::ha_hist_line]   221: * 16718
[M::ha_hist_line]   222: * 16690
[M::ha_hist_line]   223: * 15721
[M::ha_hist_line]   224: * 13506
[M::ha_hist_line]   225: * 11577
[M::ha_hist_line]   226: * 11048
[M::ha_hist_line]   227: * 10705
[M::ha_hist_line]   228: * 11183
[M::ha_hist_line]   229: * 10617
[M::ha_hist_line]   230: * 10480
[M::ha_hist_line]   231: * 9437
[M::ha_hist_line]   232: * 8820
[M::ha_hist_line]   233: * 8375
[M::ha_hist_line]  rest: ********************* 342473
[M::ha_analyze_count] left: none
[M::ha_analyze_count] right: none
[prof::hamt_mark] step1 total 71.06 s, step2 30.30 s
[M::hamt_flt_withsorting] Reads sorted. 
[M::hamt_assemble] read kmer stats collected.
[prof::yak_count] step 1 total 84.41 s, step2 61.17 s, step3 66.79 s.
[M::ha_analyze_count] lowest: count[18] = 782851
[M::ha_analyze_count] highest: count[29] = 1603447
[M::ha_hist_line]     2: ****************************************************************************************************> 12461637
[M::ha_hist_line]     3: ****************************************************************************************************> 8525690
[M::ha_hist_line]     4: ****************************************************************************************************> 7429749
[M::ha_hist_line]     5: ****************************************************************************************************> 6694541
[M::ha_hist_line]     6: ****************************************************************************************************> 5996403
[M::ha_hist_line]     7: ****************************************************************************************************> 5493454
[M::ha_hist_line]     8: ****************************************************************************************************> 4836535
[M::ha_hist_line]     9: ****************************************************************************************************> 4341425
[M::ha_hist_line]    10: ****************************************************************************************************> 3773622
[M::ha_hist_line]    11: ****************************************************************************************************> 3110963
[M::ha_hist_line]    12: ****************************************************************************************************> 2514978
[M::ha_hist_line]    13: ****************************************************************************************************> 2013226
[M::ha_hist_line]    14: **************************************************************************************************** 1601677
[M::ha_hist_line]    15: ******************************************************************************** 1285854
[M::ha_hist_line]    16: ****************************************************************** 1052814
[M::ha_hist_line]    17: ****************************************************** 872407
[M::ha_hist_line]    18: ************************************************* 782851
[M::ha_hist_line]    19: ************************************************* 789906
[M::ha_hist_line]    20: ******************************************************* 878886
[M::ha_hist_line]    21: ************************************************************ 966597
[M::ha_hist_line]    22: ******************************************************************** 1084398
[M::ha_hist_line]    23: ************************************************************************** 1190809
[M::ha_hist_line]    24: ******************************************************************************** 1289447
[M::ha_hist_line]    25: ************************************************************************************* 1366937
[M::ha_hist_line]    26: ***************************************************************************************** 1422443
[M::ha_hist_line]    27: ******************************************************************************************* 1466949
[M::ha_hist_line]    28: ************************************************************************************************* 1562681
[M::ha_hist_line]    29: **************************************************************************************************** 1603447
[M::ha_hist_line]    30: *************************************************************************************************** 1594586
[M::ha_hist_line]    31: **************************************************************************************************** 1602905
[M::ha_hist_line]    32: **************************************************************************************************** 1595610
[M::ha_hist_line]    33: ************************************************************************************************* 1560885
[M::ha_hist_line]    34: ******************************************************************************************** 1477011
[M::ha_hist_line]    35: *************************************************************************************** 1400251
[M::ha_hist_line]    36: *********************************************************************************** 1329539
[M::ha_hist_line]    37: ***************************************************************************** 1240999
[M::ha_hist_line]    38: *********************************************************************** 1137661
[M::ha_hist_line]    39: ******************************************************************** 1088956
[M::ha_hist_line]    40: ****************************************************************** 1056172
[M::ha_hist_line]    41: *************************************************************** 1006106
[M::ha_hist_line]    42: ************************************************************ 957886
[M::ha_hist_line]    43: ********************************************************* 919214
[M::ha_hist_line]    44: ****************************************************** 860765
[M::ha_hist_line]    45: *************************************************** 818643
[M::ha_hist_line]    46: *********************************************** 759221
[M::ha_hist_line]    47: ********************************************* 716220
[M::ha_hist_line]    48: ******************************************* 687542
[M::ha_hist_line]    49: ***************************************** 657701
[M::ha_hist_line]    50: ************************************** 616930
[M::ha_hist_line]    51: ************************************ 580343
[M::ha_hist_line]    52: ********************************** 551845
[M::ha_hist_line]    53: ******************************** 506828
[M::ha_hist_line]    54: ****************************** 483163
[M::ha_hist_line]    55: **************************** 441625
[M::ha_hist_line]    56: ************************** 414730
[M::ha_hist_line]    57: ************************ 388080
[M::ha_hist_line]    58: ************************ 380353
[M::ha_hist_line]    59: *********************** 365150
[M::ha_hist_line]    60: ********************** 351301
[M::ha_hist_line]    61: ********************* 343511
[M::ha_hist_line]    62: ********************* 338958
[M::ha_hist_line]    63: ******************** 321866
[M::ha_hist_line]    64: ******************** 317029
[M::ha_hist_line]    65: ******************* 309770
[M::ha_hist_line]    66: ****************** 296146
[M::ha_hist_line]    67: ****************** 285887
[M::ha_hist_line]    68: ***************** 280154
[M::ha_hist_line]    69: ***************** 267675
[M::ha_hist_line]    70: ***************** 265143
[M::ha_hist_line]    71: **************** 256845
[M::ha_hist_line]    72: *************** 246956
[M::ha_hist_line]    73: *************** 237930
[M::ha_hist_line]    74: ************** 228859
[M::ha_hist_line]    75: ************** 220732
[M::ha_hist_line]    76: ************* 213534
[M::ha_hist_line]    77: ************* 202352
[M::ha_hist_line]    78: ************ 194912
[M::ha_hist_line]    79: ************ 187398
[M::ha_hist_line]    80: *********** 178541
[M::ha_hist_line]    81: ********** 167894
[M::ha_hist_line]    82: ********** 159968
[M::ha_hist_line]    83: ********* 147386
[M::ha_hist_line]    84: ********* 139355
[M::ha_hist_line]    85: ******** 128283
[M::ha_hist_line]    86: ******* 117294
[M::ha_hist_line]    87: ******* 109619
[M::ha_hist_line]    88: ****** 102713
[M::ha_hist_line]    89: ****** 98542
[M::ha_hist_line]    90: ****** 93058
[M::ha_hist_line]    91: ***** 86314
[M::ha_hist_line]    92: ***** 80063
[M::ha_hist_line]    93: **** 71895
[M::ha_hist_line]    94: **** 63520
[M::ha_hist_line]    95: **** 58920
[M::ha_hist_line]    96: *** 55071
[M::ha_hist_line]    97: *** 55111
[M::ha_hist_line]    98: *** 55978
[M::ha_hist_line]    99: *** 50860
[M::ha_hist_line]   100: *** 48125
[M::ha_hist_line]   101: *** 43890
[M::ha_hist_line]   102: ** 39830
[M::ha_hist_line]   103: *** 41190
[M::ha_hist_line]   104: *** 40728
[M::ha_hist_line]   105: *** 42047
[M::ha_hist_line]   106: *** 44023
[M::ha_hist_line]   107: *** 44146
[M::ha_hist_line]   108: *** 47906
[M::ha_hist_line]   109: *** 51191
[M::ha_hist_line]   110: **** 57005
[M::ha_hist_line]   111: **** 59961
[M::ha_hist_line]   112: **** 64805
[M::ha_hist_line]   113: **** 70331
[M::ha_hist_line]   114: ***** 75499
[M::ha_hist_line]   115: ***** 80109
[M::ha_hist_line]   116: ***** 85993
[M::ha_hist_line]   117: ****** 89740
[M::ha_hist_line]   118: ****** 93272
[M::ha_hist_line]   119: ****** 100076
[M::ha_hist_line]   120: ******* 108336
[M::ha_hist_line]   121: ******* 116378
[M::ha_hist_line]   122: ******** 124329
[M::ha_hist_line]   123: ******** 124334
[M::ha_hist_line]   124: ******** 128066
[M::ha_hist_line]   125: ********* 140406
[M::ha_hist_line]   126: ********* 146061
[M::ha_hist_line]   127: ********* 151443
[M::ha_hist_line]   128: ********** 157129
[M::ha_hist_line]   129: ********** 158923
[M::ha_hist_line]   130: ********** 158547
[M::ha_hist_line]   131: ********** 161286
[M::ha_hist_line]   132: ********** 159550
[M::ha_hist_line]   133: ********** 159681
[M::ha_hist_line]   134: ********** 156798
[M::ha_hist_line]   135: ********** 152922
[M::ha_hist_line]   136: ********* 148412
[M::ha_hist_line]   137: ********* 145032
[M::ha_hist_line]   138: ********* 141709
[M::ha_hist_line]   139: ********* 141062
[M::ha_hist_line]   140: ********* 140693
[M::ha_hist_line]   141: ********* 142077
[M::ha_hist_line]   142: ********* 138530
[M::ha_hist_line]   143: ******** 135966
[M::ha_hist_line]   144: ******** 129944
[M::ha_hist_line]   145: ******** 121113
[M::ha_hist_line]   146: ******* 119152
[M::ha_hist_line]   147: ******* 115794
[M::ha_hist_line]   148: ******* 110141
[M::ha_hist_line]   149: ******* 108753
[M::ha_hist_line]   150: ****** 103385
[M::ha_hist_line]   151: ****** 97689
[M::ha_hist_line]   152: ****** 94132
[M::ha_hist_line]   153: ****** 89612
[M::ha_hist_line]   154: ***** 84317
[M::ha_hist_line]   155: ***** 78422
[M::ha_hist_line]   156: ***** 74835
[M::ha_hist_line]   157: ***** 72897
[M::ha_hist_line]   158: **** 69416
[M::ha_hist_line]   159: **** 68816
[M::ha_hist_line]   160: **** 67766
[M::ha_hist_line]   161: **** 65988
[M::ha_hist_line]   162: **** 66555
[M::ha_hist_line]   163: **** 63608
[M::ha_hist_line]   164: **** 61536
[M::ha_hist_line]   165: **** 59882
[M::ha_hist_line]   166: **** 56629
[M::ha_hist_line]   167: *** 52757
[M::ha_hist_line]   168: *** 50916
[M::ha_hist_line]   169: *** 47775
[M::ha_hist_line]   170: *** 46576
[M::ha_hist_line]   171: *** 44979
[M::ha_hist_line]   172: *** 43820
[M::ha_hist_line]   173: *** 45207
[M::ha_hist_line]   174: *** 41739
[M::ha_hist_line]   175: *** 41454
[M::ha_hist_line]   176: ** 38711
[M::ha_hist_line]   177: ** 37290
[M::ha_hist_line]   178: ** 36360
[M::ha_hist_line]   179: ** 34890
[M::ha_hist_line]   180: ** 34063
[M::ha_hist_line]   181: ** 35157
[M::ha_hist_line]   182: ** 34447
[M::ha_hist_line]   183: ** 32179
[M::ha_hist_line]   184: ** 32358
[M::ha_hist_line]   185: ** 30964
[M::ha_hist_line]   186: ** 30607
[M::ha_hist_line]   187: ** 29408
[M::ha_hist_line]   188: ** 29221
[M::ha_hist_line]   189: ** 27860
[M::ha_hist_line]   190: ** 28580
[M::ha_hist_line]   191: ** 28114
[M::ha_hist_line]   192: ** 27909
[M::ha_hist_line]   193: ** 27339
[M::ha_hist_line]   194: ** 26912
[M::ha_hist_line]   195: ** 26717
[M::ha_hist_line]   196: ** 26771
[M::ha_hist_line]   197: ** 28898
[M::ha_hist_line]   198: ** 30168
[M::ha_hist_line]   199: ** 29794
[M::ha_hist_line]   200: ** 29877
[M::ha_hist_line]   201: ** 28535
[M::ha_hist_line]   202: ** 26760
[M::ha_hist_line]   203: ** 26815
[M::ha_hist_line]   204: ** 26632
[M::ha_hist_line]   205: ** 25896
[M::ha_hist_line]   206: ** 27161
[M::ha_hist_line]   207: ** 26807
[M::ha_hist_line]   208: ** 26736
[M::ha_hist_line]   209: ** 25909
[M::ha_hist_line]   210: ** 25144
[M::ha_hist_line]   211: ** 25838
[M::ha_hist_line]   212: ** 25070
[M::ha_hist_line]   213: ** 24623
[M::ha_hist_line]   214: ** 25005
[M::ha_hist_line]   215: * 23440
[M::ha_hist_line]   216: * 23063
[M::ha_hist_line]   217: * 20497
[M::ha_hist_line]   218: * 20122
[M::ha_hist_line]   219: * 19466
[M::ha_hist_line]   220: * 17314
[M::ha_hist_line]   221: * 16718
[M::ha_hist_line]   222: * 16690
[M::ha_hist_line]   223: * 15721
[M::ha_hist_line]   224: * 13506
[M::ha_hist_line]   225: * 11577
[M::ha_hist_line]   226: * 11048
[M::ha_hist_line]   227: * 10705
[M::ha_hist_line]   228: * 11183
[M::ha_hist_line]   229: * 10617
[M::ha_hist_line]   230: * 10480
[M::ha_hist_line]   231: * 9437
[M::ha_hist_line]   232: * 8820
[M::ha_hist_line]   233: * 8375
[M::ha_hist_line]  rest: ********************* 342473
[M::ha_analyze_count] left: none
[M::ha_analyze_count] right: none
[M::hamt_ft_gen] peak_hom: 29; peak_het: -1
[M::hamt_ft_gen::269.464*17.26@44.800GB] ==> filtered out 3267 k-mers occurring 1500 or more times
[M::hamt_assemble] generated flt tab.
[M::hamt_pre_ovec_v2] Entered pre-ovec read selection.
[M::ha_pt_gen] counting - minimzers
[prof::yak_count] step 1 total 5.25 s, step2 52.86 s, step3 20.95 s.
[M::ha_pt_gen::322.425*15.61] ==> counted 7565020 distinct minimizer k-mers
[M::ha_pt_gen] count[16383] = 0 (for sanity check)
[M::ha_analyze_count] lowest: count[18] = 30445
[M::ha_analyze_count] highest: count[29] = 62951
[M::ha_hist_line]     1: ****************************************************************************************************> 2533472
[M::ha_hist_line]     2: ****************************************************************************************************> 501444
[M::ha_hist_line]     3: ****************************************************************************************************> 332919
[M::ha_hist_line]     4: ****************************************************************************************************> 287918
[M::ha_hist_line]     5: ****************************************************************************************************> 259236
[M::ha_hist_line]     6: ****************************************************************************************************> 231669
[M::ha_hist_line]     7: ****************************************************************************************************> 212068
[M::ha_hist_line]     8: ****************************************************************************************************> 186505
[M::ha_hist_line]     9: ****************************************************************************************************> 167042
[M::ha_hist_line]    10: ****************************************************************************************************> 144747
[M::ha_hist_line]    11: ****************************************************************************************************> 119612
[M::ha_hist_line]    12: ****************************************************************************************************> 95949
[M::ha_hist_line]    13: ****************************************************************************************************> 76721
[M::ha_hist_line]    14: ************************************************************************************************* 61067
[M::ha_hist_line]    15: ****************************************************************************** 48957
[M::ha_hist_line]    16: **************************************************************** 40378
[M::ha_hist_line]    17: ***************************************************** 33645
[M::ha_hist_line]    18: ************************************************ 30445
[M::ha_hist_line]    19: ************************************************* 31142
[M::ha_hist_line]    20: ******************************************************* 34815
[M::ha_hist_line]    21: ************************************************************* 38414
[M::ha_hist_line]    22: ******************************************************************** 42994
[M::ha_hist_line]    23: ************************************************************************** 46839
[M::ha_hist_line]    24: ********************************************************************************* 51058
[M::ha_hist_line]    25: ************************************************************************************* 53570
[M::ha_hist_line]    26: ***************************************************************************************** 56299
[M::ha_hist_line]    27: ******************************************************************************************* 57496
[M::ha_hist_line]    28: ************************************************************************************************** 61466
[M::ha_hist_line]    29: **************************************************************************************************** 62951
[M::ha_hist_line]    30: *************************************************************************************************** 62149
[M::ha_hist_line]    31: **************************************************************************************************** 62656
[M::ha_hist_line]    32: *************************************************************************************************** 62225
[M::ha_hist_line]    33: ************************************************************************************************ 60336
[M::ha_hist_line]    34: ******************************************************************************************* 56994
[M::ha_hist_line]    35: ************************************************************************************** 54123
[M::ha_hist_line]    36: ********************************************************************************* 51131
[M::ha_hist_line]    37: **************************************************************************** 47871
[M::ha_hist_line]    38: ********************************************************************* 43434
[M::ha_hist_line]    39: ******************************************************************* 42110
[M::ha_hist_line]    40: **************************************************************** 40536
[M::ha_hist_line]    41: ************************************************************* 38493
[M::ha_hist_line]    42: ********************************************************** 36598
[M::ha_hist_line]    43: ******************************************************** 35190
[M::ha_hist_line]    44: **************************************************** 32738
[M::ha_hist_line]    45: ************************************************** 31356
[M::ha_hist_line]    46: ********************************************** 29109
[M::ha_hist_line]    47: ******************************************* 27290
[M::ha_hist_line]    48: ***************************************** 26115
[M::ha_hist_line]    49: **************************************** 24923
[M::ha_hist_line]    50: ************************************* 23561
[M::ha_hist_line]    51: *********************************** 22068
[M::ha_hist_line]    52: ********************************* 20913
[M::ha_hist_line]    53: ****************************** 19028
[M::ha_hist_line]    54: ***************************** 18308
[M::ha_hist_line]    55: ************************** 16587
[M::ha_hist_line]    56: ************************* 15555
[M::ha_hist_line]    57: ************************ 14797
[M::ha_hist_line]    58: *********************** 14422
[M::ha_hist_line]    59: ********************** 13833
[M::ha_hist_line]    60: ********************* 13278
[M::ha_hist_line]    61: ********************* 13091
[M::ha_hist_line]    62: ******************** 12677
[M::ha_hist_line]    63: ******************* 12255
[M::ha_hist_line]    64: ******************* 12069
[M::ha_hist_line]    65: ******************* 11709
[M::ha_hist_line]    66: ****************** 11255
[M::ha_hist_line]    67: ***************** 10864
[M::ha_hist_line]    68: ***************** 10791
[M::ha_hist_line]    69: **************** 10243
[M::ha_hist_line]    70: **************** 10059
[M::ha_hist_line]    71: **************** 9763
[M::ha_hist_line]    72: *************** 9316
[M::ha_hist_line]    73: ************** 9081
[M::ha_hist_line]    74: ************** 8877
[M::ha_hist_line]    75: ************* 8394
[M::ha_hist_line]    76: ************* 7989
[M::ha_hist_line]    77: ************ 7813
[M::ha_hist_line]    78: ************ 7265
[M::ha_hist_line]    79: *********** 7238
[M::ha_hist_line]    80: *********** 6795
[M::ha_hist_line]    81: ********** 6302
[M::ha_hist_line]    82: ********* 5962
[M::ha_hist_line]    83: ********* 5560
[M::ha_hist_line]    84: ******** 5218
[M::ha_hist_line]    85: ******** 4811
[M::ha_hist_line]    86: ******* 4492
[M::ha_hist_line]    87: ******* 4163
[M::ha_hist_line]    88: ****** 3880
[M::ha_hist_line]    89: ****** 3748
[M::ha_hist_line]    90: ****** 3535
[M::ha_hist_line]    91: ***** 3259
[M::ha_hist_line]    92: ***** 2913
[M::ha_hist_line]    93: **** 2676
[M::ha_hist_line]    94: **** 2412
[M::ha_hist_line]    95: **** 2220
[M::ha_hist_line]    96: *** 2168
[M::ha_hist_line]    97: *** 2135
[M::ha_hist_line]    98: *** 2105
[M::ha_hist_line]    99: *** 1919
[M::ha_hist_line]   100: *** 1759
[M::ha_hist_line]   101: *** 1684
[M::ha_hist_line]   102: *** 1586
[M::ha_hist_line]   103: ** 1503
[M::ha_hist_line]   104: *** 1607
[M::ha_hist_line]   105: *** 1665
[M::ha_hist_line]   106: *** 1782
[M::ha_hist_line]   107: *** 1728
[M::ha_hist_line]   108: *** 1976
[M::ha_hist_line]   109: *** 2141
[M::ha_hist_line]   110: **** 2315
[M::ha_hist_line]   111: **** 2438
[M::ha_hist_line]   112: **** 2654
[M::ha_hist_line]   113: ***** 2838
[M::ha_hist_line]   114: ***** 3061
[M::ha_hist_line]   115: ***** 3264
[M::ha_hist_line]   116: ***** 3444
[M::ha_hist_line]   117: ****** 3616
[M::ha_hist_line]   118: ****** 3741
[M::ha_hist_line]   119: ****** 4026
[M::ha_hist_line]   120: ******* 4433
[M::ha_hist_line]   121: ******* 4619
[M::ha_hist_line]   122: ******** 5018
[M::ha_hist_line]   123: ******** 4847
[M::ha_hist_line]   124: ******** 5280
[M::ha_hist_line]   125: ********* 5530
[M::ha_hist_line]   126: ********* 5705
[M::ha_hist_line]   127: ********* 5949
[M::ha_hist_line]   128: ********** 6227
[M::ha_hist_line]   129: ********** 6110
[M::ha_hist_line]   130: ********** 6263
[M::ha_hist_line]   131: ********** 6248
[M::ha_hist_line]   132: ********** 6010
[M::ha_hist_line]   133: ********** 6079
[M::ha_hist_line]   134: ********** 6100
[M::ha_hist_line]   135: ********* 5793
[M::ha_hist_line]   136: ********* 5584
[M::ha_hist_line]   137: ********* 5552
[M::ha_hist_line]   138: ********* 5434
[M::ha_hist_line]   139: ********* 5543
[M::ha_hist_line]   140: ********* 5434
[M::ha_hist_line]   141: ********* 5390
[M::ha_hist_line]   142: ******** 5311
[M::ha_hist_line]   143: ******** 5017
[M::ha_hist_line]   144: ******** 4871
[M::ha_hist_line]   145: ******* 4554
[M::ha_hist_line]   146: ******* 4634
[M::ha_hist_line]   147: ******* 4258
[M::ha_hist_line]   148: ******* 4146
[M::ha_hist_line]   149: ******* 4120
[M::ha_hist_line]   150: ****** 3876
[M::ha_hist_line]   151: ****** 3676
[M::ha_hist_line]   152: ****** 3590
[M::ha_hist_line]   153: ***** 3337
[M::ha_hist_line]   154: ***** 3162
[M::ha_hist_line]   155: ***** 2947
[M::ha_hist_line]   156: **** 2799
[M::ha_hist_line]   157: ***** 2868
[M::ha_hist_line]   158: **** 2631
[M::ha_hist_line]   159: **** 2638
[M::ha_hist_line]   160: **** 2560
[M::ha_hist_line]   161: **** 2581
[M::ha_hist_line]   162: **** 2475
[M::ha_hist_line]   163: **** 2403
[M::ha_hist_line]   164: **** 2308
[M::ha_hist_line]   165: *** 2144
[M::ha_hist_line]   166: *** 2133
[M::ha_hist_line]   167: *** 1967
[M::ha_hist_line]   168: *** 1971
[M::ha_hist_line]   169: *** 1805
[M::ha_hist_line]   170: *** 1761
[M::ha_hist_line]   171: *** 1703
[M::ha_hist_line]   172: *** 1688
[M::ha_hist_line]   173: *** 1691
[M::ha_hist_line]   174: *** 1586
[M::ha_hist_line]   175: ** 1491
[M::ha_hist_line]   176: ** 1479
[M::ha_hist_line]   177: ** 1387
[M::ha_hist_line]   178: ** 1369
[M::ha_hist_line]   179: ** 1352
[M::ha_hist_line]   180: ** 1331
[M::ha_hist_line]   181: ** 1280
[M::ha_hist_line]   182: ** 1276
[M::ha_hist_line]   183: ** 1231
[M::ha_hist_line]   184: ** 1262
[M::ha_hist_line]   185: ** 1181
[M::ha_hist_line]   186: ** 1142
[M::ha_hist_line]   187: ** 1131
[M::ha_hist_line]   188: ** 1089
[M::ha_hist_line]   189: ** 1128
[M::ha_hist_line]   190: ** 1045
[M::ha_hist_line]   191: ** 1089
[M::ha_hist_line]   192: ** 1005
[M::ha_hist_line]   193: ** 1022
[M::ha_hist_line]   194: ** 1063
[M::ha_hist_line]   195: ** 1087
[M::ha_hist_line]   196: ** 1079
[M::ha_hist_line]   197: ** 1175
[M::ha_hist_line]   198: ** 1137
[M::ha_hist_line]   199: ** 1191
[M::ha_hist_line]   200: ** 1168
[M::ha_hist_line]   201: ** 1072
[M::ha_hist_line]   202: ** 995
[M::ha_hist_line]   203: ** 1008
[M::ha_hist_line]   204: ** 1016
[M::ha_hist_line]   205: ** 1055
[M::ha_hist_line]   206: ** 1108
[M::ha_hist_line]   207: ** 1027
[M::ha_hist_line]   208: ** 985
[M::ha_hist_line]   209: ** 1015
[M::ha_hist_line]   210: ** 973
[M::ha_hist_line]   211: ** 979
[M::ha_hist_line]   212: * 938
[M::ha_hist_line]   213: ** 976
[M::ha_hist_line]   214: * 935
[M::ha_hist_line]   215: * 843
[M::ha_hist_line]   216: * 799
[M::ha_hist_line]   217: * 779
[M::ha_hist_line]   218: * 770
[M::ha_hist_line]   219: * 666
[M::ha_hist_line]   220: * 693
[M::ha_hist_line]   221: * 587
[M::ha_hist_line]   222: * 607
[M::ha_hist_line]   223: * 558
[M::ha_hist_line]   224: * 484
[M::ha_hist_line]   225: * 424
[M::ha_hist_line]   226: * 425
[M::ha_hist_line]   227: * 414
[M::ha_hist_line]   228: * 456
[M::ha_hist_line]   229: * 386
[M::ha_hist_line]   230: * 359
[M::ha_hist_line]   231: * 319
[M::ha_hist_line]   232: * 335
[M::ha_hist_line]  rest: ********************* 13070
[M::ha_analyze_count] left: none
[M::ha_analyze_count] right: none
[M::ha_pt_gen] peak_hom: 29; peak_het: -1
[M::ha_pt_gen] counting - minimzer positions
[prof::yak_count] step 1 total 5.29 s, step2 78.10 s, step3 27.54 s.
[debug::ha_pt_gen] tot_cnt is 147459448, pt->tot_pos is 147459448
[M::ha_pt_gen::400.730*13.66] ==> indexed 147459448 positions
[prof::hamt_pre_ovec_v2] start ~ done ha_idx: 131.27 s
[M::hamt_pre_ovec_v2] 134312 reads with more than desired targets(150). (Total reads: 524805)
[prof::hamt_pre_ovec_v2] ha_idx ~ done estimation: 40.71 s
[M::hamt_pre_ovec_v2] Ignore estimated total number of overlaps and proceed to read selection.
[M::hamt_pre_ovec_v2] plan to keep 349870 out of 524805 reads (66.67%).
[M::hamt_flt_withsorting_supervised] entering round#2, pass#0...
[W::worker_process_one_read_inclusive2] read limit reached in round#2.
[prof::hamt_flt_withsorting_supervised] step1 48.99 s, step2 243.56 s, step3 262.14 s
[prof::hamt_flt_withsorting_supervised] used 278.17 s
[M::hamt_flt_withsorting_supervised] finished selection, retained 349873 reads (goal was 349870; total read count is 524805).
[prof::hamt_pre_ovec_v2]     ~ done supervised: 278.55 s
[M::hamt_pre_ovec_v2] finished read selection, took 450.53s.
[M::hamt_assemble] read selection dropped reads, recalculate ha_flt_tab...
[prof::yak_count] step 1 total 5.67 s, step2 55.92 s, step3 55.90 s.
[M::ha_analyze_count] lowest: count[18] = 796778
[M::ha_analyze_count] highest: count[29] = 1617726
[M::ha_hist_line]     2: ****************************************************************************************************> 12337243
[M::ha_hist_line]     3: ****************************************************************************************************> 8570629
[M::ha_hist_line]     4: ****************************************************************************************************> 7469101
[M::ha_hist_line]     5: ****************************************************************************************************> 6727708
[M::ha_hist_line]     6: ****************************************************************************************************> 6029074
[M::ha_hist_line]     7: ****************************************************************************************************> 5524899
[M::ha_hist_line]     8: ****************************************************************************************************> 4861919
[M::ha_hist_line]     9: ****************************************************************************************************> 4367784
[M::ha_hist_line]    10: ****************************************************************************************************> 3793065
[M::ha_hist_line]    11: ****************************************************************************************************> 3128191
[M::ha_hist_line]    12: ****************************************************************************************************> 2531254
[M::ha_hist_line]    13: ****************************************************************************************************> 2029285
[M::ha_hist_line]    14: **************************************************************************************************** 1620538
[M::ha_hist_line]    15: ******************************************************************************** 1302196
[M::ha_hist_line]    16: ****************************************************************** 1071222
[M::ha_hist_line]    17: ******************************************************* 887646
[M::ha_hist_line]    18: ************************************************* 796778
[M::ha_hist_line]    19: ************************************************** 802976
[M::ha_hist_line]    20: ******************************************************* 895294
[M::ha_hist_line]    21: ************************************************************* 982346
[M::ha_hist_line]    22: ******************************************************************** 1101298
[M::ha_hist_line]    23: *************************************************************************** 1206088
[M::ha_hist_line]    24: ********************************************************************************* 1307597
[M::ha_hist_line]    25: ************************************************************************************** 1386245
[M::ha_hist_line]    26: ***************************************************************************************** 1433810
[M::ha_hist_line]    27: ******************************************************************************************** 1480954
[M::ha_hist_line]    28: ************************************************************************************************* 1576820
[M::ha_hist_line]    29: **************************************************************************************************** 1617726
[M::ha_hist_line]    30: *************************************************************************************************** 1606758
[M::ha_hist_line]    31: **************************************************************************************************** 1616275
[M::ha_hist_line]    32: *************************************************************************************************** 1607148
[M::ha_hist_line]    33: ************************************************************************************************* 1576799
[M::ha_hist_line]    34: ******************************************************************************************** 1490540
[M::ha_hist_line]    35: *************************************************************************************** 1407618
[M::ha_hist_line]    36: *********************************************************************************** 1338248
[M::ha_hist_line]    37: ***************************************************************************** 1251330
[M::ha_hist_line]    38: *********************************************************************** 1145846
[M::ha_hist_line]    39: ******************************************************************** 1098853
[M::ha_hist_line]    40: ****************************************************************** 1065247
[M::ha_hist_line]    41: *************************************************************** 1013294
[M::ha_hist_line]    42: ************************************************************ 965692
[M::ha_hist_line]    43: ********************************************************* 927757
[M::ha_hist_line]    44: ****************************************************** 868236
[M::ha_hist_line]    45: *************************************************** 825641
[M::ha_hist_line]    46: *********************************************** 767430
[M::ha_hist_line]    47: ********************************************* 722585
[M::ha_hist_line]    48: ******************************************* 695190
[M::ha_hist_line]    49: ***************************************** 669779
[M::ha_hist_line]    50: *************************************** 631610
[M::ha_hist_line]    51: ************************************** 612732
[M::ha_hist_line]    52: ************************************** 609908
[M::ha_hist_line]    53: ************************************* 593251
[M::ha_hist_line]    54: ************************************* 596453
[M::ha_hist_line]    55: *********************************** 574299
[M::ha_hist_line]    56: ********************************** 556044
[M::ha_hist_line]    57: ********************************* 535569
[M::ha_hist_line]    58: ******************************** 525126
[M::ha_hist_line]    59: ******************************* 498502
[M::ha_hist_line]    60: ***************************** 477038
[M::ha_hist_line]    61: *************************** 441670
[M::ha_hist_line]    62: ************************** 427348
[M::ha_hist_line]    63: ************************ 393383
[M::ha_hist_line]    64: ************************ 382622
[M::ha_hist_line]    65: ********************** 362395
[M::ha_hist_line]    66: ********************* 339320
[M::ha_hist_line]    67: ******************** 320020
[M::ha_hist_line]    68: ****************** 294093
[M::ha_hist_line]    69: ***************** 271168
[M::ha_hist_line]    70: **************** 259495
[M::ha_hist_line]    71: *************** 248684
[M::ha_hist_line]    72: ************** 230243
[M::ha_hist_line]    73: ************* 211154
[M::ha_hist_line]    74: ************ 195801
[M::ha_hist_line]    75: *********** 182784
[M::ha_hist_line]    76: ********** 164267
[M::ha_hist_line]    77: ********* 152214
[M::ha_hist_line]    78: ********* 145910
[M::ha_hist_line]    79: ********* 138690
[M::ha_hist_line]    80: ******** 128804
[M::ha_hist_line]    81: ******* 120532
[M::ha_hist_line]    82: ******* 111434
[M::ha_hist_line]    83: ****** 104882
[M::ha_hist_line]    84: ****** 92491
[M::ha_hist_line]    85: ***** 82888
[M::ha_hist_line]    86: ***** 75749
[M::ha_hist_line]    87: **** 63226
[M::ha_hist_line]    88: *** 55329
[M::ha_hist_line]    89: *** 50770
[M::ha_hist_line]    90: *** 44901
[M::ha_hist_line]    91: *** 42015
[M::ha_hist_line]    92: *** 40760
[M::ha_hist_line]    93: ** 37889
[M::ha_hist_line]    94: ** 34493
[M::ha_hist_line]    95: ** 29686
[M::ha_hist_line]    96: ** 27024
[M::ha_hist_line]    97: ** 26203
[M::ha_hist_line]    98: ** 25828
[M::ha_hist_line]    99: ** 26114
[M::ha_hist_line]   100: ** 25295
[M::ha_hist_line]   101: ** 24421
[M::ha_hist_line]   102: * 22122
[M::ha_hist_line]   103: * 21153
[M::ha_hist_line]   104: * 18063
[M::ha_hist_line]   105: * 14730
[M::ha_hist_line]   106: * 13311
[M::ha_hist_line]   107: * 10683
[M::ha_hist_line]   108: * 8491
[M::ha_hist_line]  rest: ********** 165896
[M::ha_analyze_count] left: none
[M::ha_analyze_count] right: none
[M::hamt_ft_gen] peak_hom: 29; peak_het: -1
[M::hamt_ft_gen::799.416*13.73@85.544GB] ==> filtered out 22 k-mers occurring 1500 or more times
[M::hamt_assemble] finished redo ha_flt_tab.


[M::hamt_assemble] entered read correction round 1
[M::ha_pt_gen] counting - minimzers
[prof::yak_count] step 1 total 4.49 s, step2 47.31 s, step3 20.53 s.
[M::ha_pt_gen::846.866*13.38] ==> counted 7565020 distinct minimizer k-mers
[M::ha_pt_gen] count[16383] = 0 (for sanity check)
[M::ha_analyze_count] lowest: count[18] = 30445
[M::ha_analyze_count] highest: count[29] = 62951
[M::ha_hist_line]     1: ****************************************************************************************************> 2533472
[M::ha_hist_line]     2: ****************************************************************************************************> 501444
[M::ha_hist_line]     3: ****************************************************************************************************> 332919
[M::ha_hist_line]     4: ****************************************************************************************************> 287918
[M::ha_hist_line]     5: ****************************************************************************************************> 259236
[M::ha_hist_line]     6: ****************************************************************************************************> 231669
[M::ha_hist_line]     7: ****************************************************************************************************> 212068
[M::ha_hist_line]     8: ****************************************************************************************************> 186505
[M::ha_hist_line]     9: ****************************************************************************************************> 167042
[M::ha_hist_line]    10: ****************************************************************************************************> 144747
[M::ha_hist_line]    11: ****************************************************************************************************> 119612
[M::ha_hist_line]    12: ****************************************************************************************************> 95949
[M::ha_hist_line]    13: ****************************************************************************************************> 76721
[M::ha_hist_line]    14: ************************************************************************************************* 61067
[M::ha_hist_line]    15: ****************************************************************************** 48957
[M::ha_hist_line]    16: **************************************************************** 40378
[M::ha_hist_line]    17: ***************************************************** 33645
[M::ha_hist_line]    18: ************************************************ 30445
[M::ha_hist_line]    19: ************************************************* 31142
[M::ha_hist_line]    20: ******************************************************* 34815
[M::ha_hist_line]    21: ************************************************************* 38414
[M::ha_hist_line]    22: ******************************************************************** 42994
[M::ha_hist_line]    23: ************************************************************************** 46839
[M::ha_hist_line]    24: ********************************************************************************* 51058
[M::ha_hist_line]    25: ************************************************************************************* 53570
[M::ha_hist_line]    26: ***************************************************************************************** 56299
[M::ha_hist_line]    27: ******************************************************************************************* 57496
[M::ha_hist_line]    28: ************************************************************************************************** 61466
[M::ha_hist_line]    29: **************************************************************************************************** 62951
[M::ha_hist_line]    30: *************************************************************************************************** 62149
[M::ha_hist_line]    31: **************************************************************************************************** 62656
[M::ha_hist_line]    32: *************************************************************************************************** 62225
[M::ha_hist_line]    33: ************************************************************************************************ 60336
[M::ha_hist_line]    34: ******************************************************************************************* 56994
[M::ha_hist_line]    35: ************************************************************************************** 54123
[M::ha_hist_line]    36: ********************************************************************************* 51131
[M::ha_hist_line]    37: **************************************************************************** 47871
[M::ha_hist_line]    38: ********************************************************************* 43434
[M::ha_hist_line]    39: ******************************************************************* 42110
[M::ha_hist_line]    40: **************************************************************** 40536
[M::ha_hist_line]    41: ************************************************************* 38493
[M::ha_hist_line]    42: ********************************************************** 36598
[M::ha_hist_line]    43: ******************************************************** 35190
[M::ha_hist_line]    44: **************************************************** 32738
[M::ha_hist_line]    45: ************************************************** 31356
[M::ha_hist_line]    46: ********************************************** 29109
[M::ha_hist_line]    47: ******************************************* 27290
[M::ha_hist_line]    48: ***************************************** 26115
[M::ha_hist_line]    49: **************************************** 24923
[M::ha_hist_line]    50: ************************************* 23561
[M::ha_hist_line]    51: *********************************** 22068
[M::ha_hist_line]    52: ********************************* 20913
[M::ha_hist_line]    53: ****************************** 19028
[M::ha_hist_line]    54: ***************************** 18308
[M::ha_hist_line]    55: ************************** 16587
[M::ha_hist_line]    56: ************************* 15555
[M::ha_hist_line]    57: ************************ 14797
[M::ha_hist_line]    58: *********************** 14422
[M::ha_hist_line]    59: ********************** 13833
[M::ha_hist_line]    60: ********************* 13278
[M::ha_hist_line]    61: ********************* 13091
[M::ha_hist_line]    62: ******************** 12677
[M::ha_hist_line]    63: ******************* 12255
[M::ha_hist_line]    64: ******************* 12069
[M::ha_hist_line]    65: ******************* 11709
[M::ha_hist_line]    66: ****************** 11255
[M::ha_hist_line]    67: ***************** 10864
[M::ha_hist_line]    68: ***************** 10791
[M::ha_hist_line]    69: **************** 10243
[M::ha_hist_line]    70: **************** 10059
[M::ha_hist_line]    71: **************** 9763
[M::ha_hist_line]    72: *************** 9316
[M::ha_hist_line]    73: ************** 9081
[M::ha_hist_line]    74: ************** 8877
[M::ha_hist_line]    75: ************* 8394
[M::ha_hist_line]    76: ************* 7989
[M::ha_hist_line]    77: ************ 7813
[M::ha_hist_line]    78: ************ 7265
[M::ha_hist_line]    79: *********** 7238
[M::ha_hist_line]    80: *********** 6795
[M::ha_hist_line]    81: ********** 6302
[M::ha_hist_line]    82: ********* 5962
[M::ha_hist_line]    83: ********* 5560
[M::ha_hist_line]    84: ******** 5218
[M::ha_hist_line]    85: ******** 4811
[M::ha_hist_line]    86: ******* 4492
[M::ha_hist_line]    87: ******* 4163
[M::ha_hist_line]    88: ****** 3880
[M::ha_hist_line]    89: ****** 3748
[M::ha_hist_line]    90: ****** 3535
[M::ha_hist_line]    91: ***** 3259
[M::ha_hist_line]    92: ***** 2913
[M::ha_hist_line]    93: **** 2676
[M::ha_hist_line]    94: **** 2412
[M::ha_hist_line]    95: **** 2220
[M::ha_hist_line]    96: *** 2168
[M::ha_hist_line]    97: *** 2135
[M::ha_hist_line]    98: *** 2105
[M::ha_hist_line]    99: *** 1919
[M::ha_hist_line]   100: *** 1759
[M::ha_hist_line]   101: *** 1684
[M::ha_hist_line]   102: *** 1586
[M::ha_hist_line]   103: ** 1503
[M::ha_hist_line]   104: *** 1607
[M::ha_hist_line]   105: *** 1665
[M::ha_hist_line]   106: *** 1782
[M::ha_hist_line]   107: *** 1728
[M::ha_hist_line]   108: *** 1976
[M::ha_hist_line]   109: *** 2141
[M::ha_hist_line]   110: **** 2315
[M::ha_hist_line]   111: **** 2438
[M::ha_hist_line]   112: **** 2654
[M::ha_hist_line]   113: ***** 2838
[M::ha_hist_line]   114: ***** 3061
[M::ha_hist_line]   115: ***** 3264
[M::ha_hist_line]   116: ***** 3444
[M::ha_hist_line]   117: ****** 3616
[M::ha_hist_line]   118: ****** 3741
[M::ha_hist_line]   119: ****** 4026
[M::ha_hist_line]   120: ******* 4433
[M::ha_hist_line]   121: ******* 4619
[M::ha_hist_line]   122: ******** 5018
[M::ha_hist_line]   123: ******** 4847
[M::ha_hist_line]   124: ******** 5280
[M::ha_hist_line]   125: ********* 5530
[M::ha_hist_line]   126: ********* 5705
[M::ha_hist_line]   127: ********* 5949
[M::ha_hist_line]   128: ********** 6227
[M::ha_hist_line]   129: ********** 6110
[M::ha_hist_line]   130: ********** 6263
[M::ha_hist_line]   131: ********** 6248
[M::ha_hist_line]   132: ********** 6010
[M::ha_hist_line]   133: ********** 6079
[M::ha_hist_line]   134: ********** 6100
[M::ha_hist_line]   135: ********* 5793
[M::ha_hist_line]   136: ********* 5584
[M::ha_hist_line]   137: ********* 5552
[M::ha_hist_line]   138: ********* 5434
[M::ha_hist_line]   139: ********* 5543
[M::ha_hist_line]   140: ********* 5434
[M::ha_hist_line]   141: ********* 5390
[M::ha_hist_line]   142: ******** 5311
[M::ha_hist_line]   143: ******** 5017
[M::ha_hist_line]   144: ******** 4871
[M::ha_hist_line]   145: ******* 4554
[M::ha_hist_line]   146: ******* 4634
[M::ha_hist_line]   147: ******* 4258
[M::ha_hist_line]   148: ******* 4146
[M::ha_hist_line]   149: ******* 4120
[M::ha_hist_line]   150: ****** 3876
[M::ha_hist_line]   151: ****** 3676
[M::ha_hist_line]   152: ****** 3590
[M::ha_hist_line]   153: ***** 3337
[M::ha_hist_line]   154: ***** 3162
[M::ha_hist_line]   155: ***** 2947
[M::ha_hist_line]   156: **** 2799
[M::ha_hist_line]   157: ***** 2868
[M::ha_hist_line]   158: **** 2631
[M::ha_hist_line]   159: **** 2638
[M::ha_hist_line]   160: **** 2560
[M::ha_hist_line]   161: **** 2581
[M::ha_hist_line]   162: **** 2475
[M::ha_hist_line]   163: **** 2403
[M::ha_hist_line]   164: **** 2308
[M::ha_hist_line]   165: *** 2144
[M::ha_hist_line]   166: *** 2133
[M::ha_hist_line]   167: *** 1967
[M::ha_hist_line]   168: *** 1971
[M::ha_hist_line]   169: *** 1805
[M::ha_hist_line]   170: *** 1761
[M::ha_hist_line]   171: *** 1703
[M::ha_hist_line]   172: *** 1688
[M::ha_hist_line]   173: *** 1691
[M::ha_hist_line]   174: *** 1586
[M::ha_hist_line]   175: ** 1491
[M::ha_hist_line]   176: ** 1479
[M::ha_hist_line]   177: ** 1387
[M::ha_hist_line]   178: ** 1369
[M::ha_hist_line]   179: ** 1352
[M::ha_hist_line]   180: ** 1331
[M::ha_hist_line]   181: ** 1280
[M::ha_hist_line]   182: ** 1276
[M::ha_hist_line]   183: ** 1231
[M::ha_hist_line]   184: ** 1262
[M::ha_hist_line]   185: ** 1181
[M::ha_hist_line]   186: ** 1142
[M::ha_hist_line]   187: ** 1131
[M::ha_hist_line]   188: ** 1089
[M::ha_hist_line]   189: ** 1128
[M::ha_hist_line]   190: ** 1045
[M::ha_hist_line]   191: ** 1089
[M::ha_hist_line]   192: ** 1005
[M::ha_hist_line]   193: ** 1022
[M::ha_hist_line]   194: ** 1063
[M::ha_hist_line]   195: ** 1087
[M::ha_hist_line]   196: ** 1079
[M::ha_hist_line]   197: ** 1175
[M::ha_hist_line]   198: ** 1137
[M::ha_hist_line]   199: ** 1191
[M::ha_hist_line]   200: ** 1168
[M::ha_hist_line]   201: ** 1072
[M::ha_hist_line]   202: ** 995
[M::ha_hist_line]   203: ** 1008
[M::ha_hist_line]   204: ** 1016
[M::ha_hist_line]   205: ** 1055
[M::ha_hist_line]   206: ** 1108
[M::ha_hist_line]   207: ** 1027
[M::ha_hist_line]   208: ** 985
[M::ha_hist_line]   209: ** 1015
[M::ha_hist_line]   210: ** 973
[M::ha_hist_line]   211: ** 979
[M::ha_hist_line]   212: * 938
[M::ha_hist_line]   213: ** 976
[M::ha_hist_line]   214: * 935
[M::ha_hist_line]   215: * 843
[M::ha_hist_line]   216: * 799
[M::ha_hist_line]   217: * 779
[M::ha_hist_line]   218: * 770
[M::ha_hist_line]   219: * 666
[M::ha_hist_line]   220: * 693
[M::ha_hist_line]   221: * 587
[M::ha_hist_line]   222: * 607
[M::ha_hist_line]   223: * 558
[M::ha_hist_line]   224: * 484
[M::ha_hist_line]   225: * 424
[M::ha_hist_line]   226: * 425
[M::ha_hist_line]   227: * 414
[M::ha_hist_line]   228: * 456
[M::ha_hist_line]   229: * 386
[M::ha_hist_line]   230: * 359
[M::ha_hist_line]   231: * 319
[M::ha_hist_line]   232: * 335
[M::ha_hist_line]  rest: ********************* 13070
[M::ha_analyze_count] left: none
[M::ha_analyze_count] right: none
[M::ha_pt_gen] peak_hom: 29; peak_het: -1
[M::ha_pt_gen] counting - minimzer positions
[prof::yak_count] step 1 total 5.05 s, step2 74.06 s, step3 24.39 s.
[debug::ha_pt_gen] tot_cnt is 147459448, pt->tot_pos is 147459448
[M::ha_pt_gen::921.285*12.76] ==> indexed 147459448 positions
[M::hamt_assemble::1163.893*16.71@108.262GB] ==> corrected reads for round 1
[M::hamt_assemble] # bases: 3584189245; # corrected bases: 6456261; # recorrected bases: 8835
[M::hamt_assemble] size of buffer: 1.708GB
[probe::hamt_assemble] used 364.48 s


[M::hamt_assemble] entered read correction round 2
[M::ha_pt_gen] counting - minimzers
[prof::yak_count] step 1 total 5.09 s, step2 95.87 s, step3 25.62 s.
[M::ha_pt_gen::1259.907*15.77] ==> counted 6424020 distinct minimizer k-mers
[M::ha_pt_gen] count[16383] = 0 (for sanity check)
[M::ha_analyze_count] lowest: count[19] = 30005
[M::ha_analyze_count] highest: count[29] = 62149
[M::ha_hist_line]     1: ****************************************************************************************************> 1409200
[M::ha_hist_line]     2: ****************************************************************************************************> 484497
[M::ha_hist_line]     3: ****************************************************************************************************> 321969
[M::ha_hist_line]     4: ****************************************************************************************************> 285087
[M::ha_hist_line]     5: ****************************************************************************************************> 257391
[M::ha_hist_line]     6: ****************************************************************************************************> 230814
[M::ha_hist_line]     7: ****************************************************************************************************> 211974
[M::ha_hist_line]     8: ****************************************************************************************************> 186216
[M::ha_hist_line]     9: ****************************************************************************************************> 167851
[M::ha_hist_line]    10: ****************************************************************************************************> 146451
[M::ha_hist_line]    11: ****************************************************************************************************> 121382
[M::ha_hist_line]    12: ****************************************************************************************************> 97827
[M::ha_hist_line]    13: ****************************************************************************************************> 78378
[M::ha_hist_line]    14: **************************************************************************************************** 62229
[M::ha_hist_line]    15: ********************************************************************************* 50132
[M::ha_hist_line]    16: ****************************************************************** 40822
[M::ha_hist_line]    17: ****************************************************** 33762
[M::ha_hist_line]    18: ************************************************ 30082
[M::ha_hist_line]    19: ************************************************ 30005
[M::ha_hist_line]    20: ****************************************************** 33472
[M::ha_hist_line]    21: *********************************************************** 36786
[M::ha_hist_line]    22: ******************************************************************* 41753
[M::ha_hist_line]    23: ************************************************************************* 45418
[M::ha_hist_line]    24: ******************************************************************************* 49093
[M::ha_hist_line]    25: ************************************************************************************ 52472
[M::ha_hist_line]    26: **************************************************************************************** 54482
[M::ha_hist_line]    27: ****************************************************************************************** 56196
[M::ha_hist_line]    28: ************************************************************************************************ 59971
[M::ha_hist_line]    29: **************************************************************************************************** 62149
[M::ha_hist_line]    30: *************************************************************************************************** 61641
[M::ha_hist_line]    31: **************************************************************************************************** 61999
[M::ha_hist_line]    32: *************************************************************************************************** 61812
[M::ha_hist_line]    33: ************************************************************************************************** 60728
[M::ha_hist_line]    34: ********************************************************************************************* 57926
[M::ha_hist_line]    35: **************************************************************************************** 54457
[M::ha_hist_line]    36: ************************************************************************************ 51954
[M::ha_hist_line]    37: ****************************************************************************** 48661
[M::ha_hist_line]    38: ************************************************************************ 44897
[M::ha_hist_line]    39: ******************************************************************** 42079
[M::ha_hist_line]    40: ****************************************************************** 41080
[M::ha_hist_line]    41: *************************************************************** 38912
[M::ha_hist_line]    42: ************************************************************ 37108
[M::ha_hist_line]    43: ********************************************************* 35722
[M::ha_hist_line]    44: ***************************************************** 33226
[M::ha_hist_line]    45: *************************************************** 31899
[M::ha_hist_line]    46: ************************************************ 29719
[M::ha_hist_line]    47: ********************************************* 27658
[M::ha_hist_line]    48: ******************************************* 26959
[M::ha_hist_line]    49: ***************************************** 25173
[M::ha_hist_line]    50: *************************************** 24218
[M::ha_hist_line]    51: ************************************ 22682
[M::ha_hist_line]    52: *********************************** 21771
[M::ha_hist_line]    53: ******************************** 19666
[M::ha_hist_line]    54: ****************************** 18513
[M::ha_hist_line]    55: **************************** 17123
[M::ha_hist_line]    56: ************************** 16229
[M::ha_hist_line]    57: ************************ 15098
[M::ha_hist_line]    58: *********************** 14309
[M::ha_hist_line]    59: ********************** 13816
[M::ha_hist_line]    60: ********************** 13521
[M::ha_hist_line]    61: ********************* 13099
[M::ha_hist_line]    62: ********************* 12766
[M::ha_hist_line]    63: ******************** 12738
[M::ha_hist_line]    64: ******************* 11947
[M::ha_hist_line]    65: ******************* 11980
[M::ha_hist_line]    66: ****************** 11261
[M::ha_hist_line]    67: ***************** 10750
[M::ha_hist_line]    68: ***************** 10519
[M::ha_hist_line]    69: ***************** 10627
[M::ha_hist_line]    70: **************** 10106
[M::ha_hist_line]    71: **************** 10069
[M::ha_hist_line]    72: *************** 9627
[M::ha_hist_line]    73: *************** 9184
[M::ha_hist_line]    74: ************** 8887
[M::ha_hist_line]    75: ************** 8681
[M::ha_hist_line]    76: ************* 8301
[M::ha_hist_line]    77: ************* 8101
[M::ha_hist_line]    78: ************ 7678
[M::ha_hist_line]    79: ************ 7299
[M::ha_hist_line]    80: ************ 7152
[M::ha_hist_line]    81: *********** 6555
[M::ha_hist_line]    82: ********** 6286
[M::ha_hist_line]    83: ********* 5777
[M::ha_hist_line]    84: ********* 5643
[M::ha_hist_line]    85: ******** 5196
[M::ha_hist_line]    86: ******** 4728
[M::ha_hist_line]    87: ******* 4206
[M::ha_hist_line]    88: ******* 4119
[M::ha_hist_line]    89: ****** 3938
[M::ha_hist_line]    90: ****** 3589
[M::ha_hist_line]    91: ****** 3516
[M::ha_hist_line]    92: ***** 3255
[M::ha_hist_line]    93: ***** 3012
[M::ha_hist_line]    94: **** 2594
[M::ha_hist_line]    95: **** 2310
[M::ha_hist_line]    96: **** 2247
[M::ha_hist_line]    97: *** 2035
[M::ha_hist_line]    98: *** 2165
[M::ha_hist_line]    99: **** 2263
[M::ha_hist_line]   100: *** 1927
[M::ha_hist_line]   101: *** 1791
[M::ha_hist_line]   102: *** 1607
[M::ha_hist_line]   103: ** 1553
[M::ha_hist_line]   104: ** 1529
[M::ha_hist_line]   105: *** 1716
[M::ha_hist_line]   106: *** 1744
[M::ha_hist_line]   107: *** 1722
[M::ha_hist_line]   108: *** 1921
[M::ha_hist_line]   109: *** 2035
[M::ha_hist_line]   110: **** 2297
[M::ha_hist_line]   111: **** 2482
[M::ha_hist_line]   112: **** 2646
[M::ha_hist_line]   113: ***** 2887
[M::ha_hist_line]   114: ***** 3201
[M::ha_hist_line]   115: ****** 3470
[M::ha_hist_line]   116: ****** 3654
[M::ha_hist_line]   117: ****** 3754
[M::ha_hist_line]   118: ****** 3833
[M::ha_hist_line]   119: ******* 4098
[M::ha_hist_line]   120: ******* 4521
[M::ha_hist_line]   121: ******** 4765
[M::ha_hist_line]   122: ******** 5126
[M::ha_hist_line]   123: ******** 4917
[M::ha_hist_line]   124: ********* 5311
[M::ha_hist_line]   125: ********* 5608
[M::ha_hist_line]   126: ********* 5707
[M::ha_hist_line]   127: ********** 6041
[M::ha_hist_line]   128: ********** 6279
[M::ha_hist_line]   129: ********** 6114
[M::ha_hist_line]   130: ********** 6309
[M::ha_hist_line]   131: ********** 6252
[M::ha_hist_line]   132: ********** 6039
[M::ha_hist_line]   133: ********** 6100
[M::ha_hist_line]   134: ********** 6103
[M::ha_hist_line]   135: ********* 5772
[M::ha_hist_line]   136: ********* 5620
[M::ha_hist_line]   137: ********* 5558
[M::ha_hist_line]   138: ********* 5455
[M::ha_hist_line]   139: ********* 5545
[M::ha_hist_line]   140: ********* 5441
[M::ha_hist_line]   141: ********* 5404
[M::ha_hist_line]   142: ********* 5312
[M::ha_hist_line]   143: ******** 5007
[M::ha_hist_line]   144: ******** 4898
[M::ha_hist_line]   145: ******* 4531
[M::ha_hist_line]   146: ******* 4636
[M::ha_hist_line]   147: ******* 4276
[M::ha_hist_line]   148: ******* 4139
[M::ha_hist_line]   149: ******* 4104
[M::ha_hist_line]   150: ****** 3886
[M::ha_hist_line]   151: ****** 3677
[M::ha_hist_line]   152: ****** 3588
[M::ha_hist_line]   153: ***** 3349
[M::ha_hist_line]   154: ***** 3154
[M::ha_hist_line]   155: ***** 2958
[M::ha_hist_line]   156: **** 2783
[M::ha_hist_line]   157: ***** 2861
[M::ha_hist_line]   158: **** 2630
[M::ha_hist_line]   159: **** 2633
[M::ha_hist_line]   160: **** 2536
[M::ha_hist_line]   161: **** 2573
[M::ha_hist_line]   162: **** 2482
[M::ha_hist_line]   163: **** 2401
[M::ha_hist_line]   164: **** 2316
[M::ha_hist_line]   165: *** 2145
[M::ha_hist_line]   166: *** 2125
[M::ha_hist_line]   167: *** 1960
[M::ha_hist_line]   168: *** 1966
[M::ha_hist_line]   169: *** 1801
[M::ha_hist_line]   170: *** 1764
[M::ha_hist_line]   171: *** 1732
[M::ha_hist_line]   172: *** 1703
[M::ha_hist_line]   173: *** 1703
[M::ha_hist_line]   174: *** 1600
[M::ha_hist_line]   175: ** 1491
[M::ha_hist_line]   176: ** 1475
[M::ha_hist_line]   177: ** 1403
[M::ha_hist_line]   178: ** 1355
[M::ha_hist_line]   179: ** 1342
[M::ha_hist_line]   180: ** 1348
[M::ha_hist_line]   181: ** 1277
[M::ha_hist_line]   182: ** 1284
[M::ha_hist_line]   183: ** 1252
[M::ha_hist_line]   184: ** 1263
[M::ha_hist_line]   185: ** 1186
[M::ha_hist_line]   186: ** 1129
[M::ha_hist_line]   187: ** 1129
[M::ha_hist_line]   188: ** 1090
[M::ha_hist_line]   189: ** 1121
[M::ha_hist_line]   190: ** 1039
[M::ha_hist_line]   191: ** 1097
[M::ha_hist_line]   192: ** 1013
[M::ha_hist_line]   193: ** 1023
[M::ha_hist_line]   194: ** 1060
[M::ha_hist_line]   195: ** 1090
[M::ha_hist_line]   196: ** 1084
[M::ha_hist_line]   197: ** 1167
[M::ha_hist_line]   198: ** 1150
[M::ha_hist_line]   199: ** 1196
[M::ha_hist_line]   200: ** 1177
[M::ha_hist_line]   201: ** 1066
[M::ha_hist_line]   202: ** 996
[M::ha_hist_line]   203: ** 1012
[M::ha_hist_line]   204: ** 1005
[M::ha_hist_line]   205: ** 1061
[M::ha_hist_line]   206: ** 1104
[M::ha_hist_line]   207: ** 1022
[M::ha_hist_line]   208: ** 994
[M::ha_hist_line]   209: ** 1021
[M::ha_hist_line]   210: ** 962
[M::ha_hist_line]   211: ** 971
[M::ha_hist_line]   212: * 932
[M::ha_hist_line]   213: ** 977
[M::ha_hist_line]   214: ** 944
[M::ha_hist_line]   215: * 845
[M::ha_hist_line]   216: * 810
[M::ha_hist_line]   217: * 780
[M::ha_hist_line]   218: * 767
[M::ha_hist_line]   219: * 670
[M::ha_hist_line]   220: * 688
[M::ha_hist_line]   221: * 595
[M::ha_hist_line]   222: * 605
[M::ha_hist_line]   223: * 549
[M::ha_hist_line]   224: * 485
[M::ha_hist_line]   225: * 416
[M::ha_hist_line]   226: * 420
[M::ha_hist_line]   227: * 412
[M::ha_hist_line]   228: * 452
[M::ha_hist_line]   229: * 400
[M::ha_hist_line]   230: * 370
[M::ha_hist_line]   231: * 317
[M::ha_hist_line]   232: * 341
[M::ha_hist_line]   233: * 315
[M::ha_hist_line]  rest: ********************* 12769
[M::ha_analyze_count] left: none
[M::ha_analyze_count] right: none
[M::ha_pt_gen] peak_hom: 29; peak_het: -1
[M::ha_pt_gen] counting - minimzer positions
[prof::yak_count] step 1 total 5.52 s, step2 140.15 s, step3 29.87 s.
[debug::ha_pt_gen] tot_cnt is 148552150, pt->tot_pos is 148552150
[M::ha_pt_gen::1400.299*14.54] ==> indexed 148552150 positions
[M::hamt_assemble::1597.632*16.69@108.262GB] ==> corrected reads for round 2
[M::hamt_assemble] # bases: 3581814461; # corrected bases: 79109; # recorrected bases: 771
[M::hamt_assemble] size of buffer: 1.716GB
[probe::hamt_assemble] used 433.74 s


[M::hamt_assemble] entered read correction round 3
[M::ha_pt_gen] counting - minimzers
[prof::yak_count] step 1 total 4.23 s, step2 89.35 s, step3 22.82 s.
[M::ha_pt_gen::1687.119*16.04] ==> counted 6418535 distinct minimizer k-mers
[M::ha_pt_gen] count[16383] = 0 (for sanity check)
[M::ha_analyze_count] lowest: count[19] = 29990
[M::ha_analyze_count] highest: count[29] = 62118
[M::ha_hist_line]     1: ****************************************************************************************************> 1403801
[M::ha_hist_line]     2: ****************************************************************************************************> 484037
[M::ha_hist_line]     3: ****************************************************************************************************> 321984
[M::ha_hist_line]     4: ****************************************************************************************************> 285240
[M::ha_hist_line]     5: ****************************************************************************************************> 257494
[M::ha_hist_line]     6: ****************************************************************************************************> 230799
[M::ha_hist_line]     7: ****************************************************************************************************> 212054
[M::ha_hist_line]     8: ****************************************************************************************************> 186221
[M::ha_hist_line]     9: ****************************************************************************************************> 167785
[M::ha_hist_line]    10: ****************************************************************************************************> 146509
[M::ha_hist_line]    11: ****************************************************************************************************> 121390
[M::ha_hist_line]    12: ****************************************************************************************************> 97836
[M::ha_hist_line]    13: ****************************************************************************************************> 78374
[M::ha_hist_line]    14: **************************************************************************************************** 62227
[M::ha_hist_line]    15: ********************************************************************************* 50132
[M::ha_hist_line]    16: ****************************************************************** 40829
[M::ha_hist_line]    17: ****************************************************** 33782
[M::ha_hist_line]    18: ************************************************ 30083
[M::ha_hist_line]    19: ************************************************ 29990
[M::ha_hist_line]    20: ****************************************************** 33444
[M::ha_hist_line]    21: *********************************************************** 36775
[M::ha_hist_line]    22: ******************************************************************* 41775
[M::ha_hist_line]    23: ************************************************************************* 45424
[M::ha_hist_line]    24: ******************************************************************************* 49064
[M::ha_hist_line]    25: ************************************************************************************ 52488
[M::ha_hist_line]    26: **************************************************************************************** 54470
[M::ha_hist_line]    27: ****************************************************************************************** 56194
[M::ha_hist_line]    28: ************************************************************************************************* 59990
[M::ha_hist_line]    29: **************************************************************************************************** 62118
[M::ha_hist_line]    30: *************************************************************************************************** 61613
[M::ha_hist_line]    31: **************************************************************************************************** 62021
[M::ha_hist_line]    32: **************************************************************************************************** 61826
[M::ha_hist_line]    33: ************************************************************************************************** 60720
[M::ha_hist_line]    34: ********************************************************************************************* 57955
[M::ha_hist_line]    35: **************************************************************************************** 54442
[M::ha_hist_line]    36: ************************************************************************************ 51948
[M::ha_hist_line]    37: ****************************************************************************** 48645
[M::ha_hist_line]    38: ************************************************************************ 44921
[M::ha_hist_line]    39: ******************************************************************** 42080
[M::ha_hist_line]    40: ****************************************************************** 41080
[M::ha_hist_line]    41: *************************************************************** 38906
[M::ha_hist_line]    42: ************************************************************ 37087
[M::ha_hist_line]    43: ********************************************************** 35747
[M::ha_hist_line]    44: ***************************************************** 33229
[M::ha_hist_line]    45: *************************************************** 31896
[M::ha_hist_line]    46: ************************************************ 29723
[M::ha_hist_line]    47: ********************************************* 27649
[M::ha_hist_line]    48: ******************************************* 26975
[M::ha_hist_line]    49: ***************************************** 25164
[M::ha_hist_line]    50: *************************************** 24222
[M::ha_hist_line]    51: ************************************* 22681
[M::ha_hist_line]    52: *********************************** 21749
[M::ha_hist_line]    53: ******************************** 19706
[M::ha_hist_line]    54: ****************************** 18498
[M::ha_hist_line]    55: **************************** 17113
[M::ha_hist_line]    56: ************************** 16222
[M::ha_hist_line]    57: ************************ 15127
[M::ha_hist_line]    58: *********************** 14315
[M::ha_hist_line]    59: ********************** 13795
[M::ha_hist_line]    60: ********************** 13515
[M::ha_hist_line]    61: ********************* 13106
[M::ha_hist_line]    62: ********************* 12757
[M::ha_hist_line]    63: ********************* 12762
[M::ha_hist_line]    64: ******************* 11929
[M::ha_hist_line]    65: ******************* 11994
[M::ha_hist_line]    66: ****************** 11257
[M::ha_hist_line]    67: ***************** 10739
[M::ha_hist_line]    68: ***************** 10529
[M::ha_hist_line]    69: ***************** 10636
[M::ha_hist_line]    70: **************** 10104
[M::ha_hist_line]    71: **************** 10073
[M::ha_hist_line]    72: *************** 9618
[M::ha_hist_line]    73: *************** 9173
[M::ha_hist_line]    74: ************** 8886
[M::ha_hist_line]    75: ************** 8670
[M::ha_hist_line]    76: ************* 8322
[M::ha_hist_line]    77: ************* 8115
[M::ha_hist_line]    78: ************ 7684
[M::ha_hist_line]    79: ************ 7311
[M::ha_hist_line]    80: *********** 7135
[M::ha_hist_line]    81: *********** 6555
[M::ha_hist_line]    82: ********** 6279
[M::ha_hist_line]    83: ********* 5784
[M::ha_hist_line]    84: ********* 5643
[M::ha_hist_line]    85: ******** 5190
[M::ha_hist_line]    86: ******** 4738
[M::ha_hist_line]    87: ******* 4204
[M::ha_hist_line]    88: ******* 4123
[M::ha_hist_line]    89: ****** 3937
[M::ha_hist_line]    90: ****** 3599
[M::ha_hist_line]    91: ****** 3511
[M::ha_hist_line]    92: ***** 3249
[M::ha_hist_line]    93: ***** 3029
[M::ha_hist_line]    94: **** 2589
[M::ha_hist_line]    95: **** 2305
[M::ha_hist_line]    96: **** 2258
[M::ha_hist_line]    97: *** 2033
[M::ha_hist_line]    98: *** 2157
[M::ha_hist_line]    99: **** 2260
[M::ha_hist_line]   100: *** 1937
[M::ha_hist_line]   101: *** 1789
[M::ha_hist_line]   102: *** 1606
[M::ha_hist_line]   103: *** 1560
[M::ha_hist_line]   104: ** 1531
[M::ha_hist_line]   105: *** 1699
[M::ha_hist_line]   106: *** 1755
[M::ha_hist_line]   107: *** 1715
[M::ha_hist_line]   108: *** 1923
[M::ha_hist_line]   109: *** 2030
[M::ha_hist_line]   110: **** 2304
[M::ha_hist_line]   111: **** 2470
[M::ha_hist_line]   112: **** 2638
[M::ha_hist_line]   113: ***** 2903
[M::ha_hist_line]   114: ***** 3204
[M::ha_hist_line]   115: ****** 3472
[M::ha_hist_line]   116: ****** 3656
[M::ha_hist_line]   117: ****** 3749
[M::ha_hist_line]   118: ****** 3834
[M::ha_hist_line]   119: ******* 4102
[M::ha_hist_line]   120: ******* 4518
[M::ha_hist_line]   121: ******** 4765
[M::ha_hist_line]   122: ******** 5131
[M::ha_hist_line]   123: ******** 4920
[M::ha_hist_line]   124: ********* 5306
[M::ha_hist_line]   125: ********* 5608
[M::ha_hist_line]   126: ********* 5706
[M::ha_hist_line]   127: ********** 6038
[M::ha_hist_line]   128: ********** 6281
[M::ha_hist_line]   129: ********** 6119
[M::ha_hist_line]   130: ********** 6308
[M::ha_hist_line]   131: ********** 6245
[M::ha_hist_line]   132: ********** 6046
[M::ha_hist_line]   133: ********** 6102
[M::ha_hist_line]   134: ********** 6104
[M::ha_hist_line]   135: ********* 5769
[M::ha_hist_line]   136: ********* 5624
[M::ha_hist_line]   137: ********* 5555
[M::ha_hist_line]   138: ********* 5459
[M::ha_hist_line]   139: ********* 5541
[M::ha_hist_line]   140: ********* 5445
[M::ha_hist_line]   141: ********* 5403
[M::ha_hist_line]   142: ********* 5311
[M::ha_hist_line]   143: ******** 5006
[M::ha_hist_line]   144: ******** 4888
[M::ha_hist_line]   145: ******* 4542
[M::ha_hist_line]   146: ******* 4636
[M::ha_hist_line]   147: ******* 4272
[M::ha_hist_line]   148: ******* 4138
[M::ha_hist_line]   149: ******* 4100
[M::ha_hist_line]   150: ****** 3885
[M::ha_hist_line]   151: ****** 3681
[M::ha_hist_line]   152: ****** 3588
[M::ha_hist_line]   153: ***** 3347
[M::ha_hist_line]   154: ***** 3159
[M::ha_hist_line]   155: ***** 2960
[M::ha_hist_line]   156: **** 2785
[M::ha_hist_line]   157: ***** 2861
[M::ha_hist_line]   158: **** 2631
[M::ha_hist_line]   159: **** 2631
[M::ha_hist_line]   160: **** 2535
[M::ha_hist_line]   161: **** 2573
[M::ha_hist_line]   162: **** 2484
[M::ha_hist_line]   163: **** 2399
[M::ha_hist_line]   164: **** 2318
[M::ha_hist_line]   165: *** 2143
[M::ha_hist_line]   166: *** 2125
[M::ha_hist_line]   167: *** 1960
[M::ha_hist_line]   168: *** 1968
[M::ha_hist_line]   169: *** 1800
[M::ha_hist_line]   170: *** 1765
[M::ha_hist_line]   171: *** 1732
[M::ha_hist_line]   172: *** 1703
[M::ha_hist_line]   173: *** 1702
[M::ha_hist_line]   174: *** 1601
[M::ha_hist_line]   175: ** 1491
[M::ha_hist_line]   176: ** 1475
[M::ha_hist_line]   177: ** 1403
[M::ha_hist_line]   178: ** 1356
[M::ha_hist_line]   179: ** 1341
[M::ha_hist_line]   180: ** 1348
[M::ha_hist_line]   181: ** 1277
[M::ha_hist_line]   182: ** 1284
[M::ha_hist_line]   183: ** 1252
[M::ha_hist_line]   184: ** 1263
[M::ha_hist_line]   185: ** 1186
[M::ha_hist_line]   186: ** 1129
[M::ha_hist_line]   187: ** 1129
[M::ha_hist_line]   188: ** 1089
[M::ha_hist_line]   189: ** 1122
[M::ha_hist_line]   190: ** 1039
[M::ha_hist_line]   191: ** 1097
[M::ha_hist_line]   192: ** 1013
[M::ha_hist_line]   193: ** 1023
[M::ha_hist_line]   194: ** 1060
[M::ha_hist_line]   195: ** 1090
[M::ha_hist_line]   196: ** 1085
[M::ha_hist_line]   197: ** 1166
[M::ha_hist_line]   198: ** 1149
[M::ha_hist_line]   199: ** 1195
[M::ha_hist_line]   200: ** 1179
[M::ha_hist_line]   201: ** 1066
[M::ha_hist_line]   202: ** 996
[M::ha_hist_line]   203: ** 1012
[M::ha_hist_line]   204: ** 1005
[M::ha_hist_line]   205: ** 1061
[M::ha_hist_line]   206: ** 1104
[M::ha_hist_line]   207: ** 1022
[M::ha_hist_line]   208: ** 994
[M::ha_hist_line]   209: ** 1021
[M::ha_hist_line]   210: ** 962
[M::ha_hist_line]   211: ** 970
[M::ha_hist_line]   212: ** 933
[M::ha_hist_line]   213: ** 977
[M::ha_hist_line]   214: ** 944
[M::ha_hist_line]   215: * 845
[M::ha_hist_line]   216: * 810
[M::ha_hist_line]   217: * 780
[M::ha_hist_line]   218: * 767
[M::ha_hist_line]   219: * 670
[M::ha_hist_line]   220: * 688
[M::ha_hist_line]   221: * 595
[M::ha_hist_line]   222: * 605
[M::ha_hist_line]   223: * 550
[M::ha_hist_line]   224: * 484
[M::ha_hist_line]   225: * 416
[M::ha_hist_line]   226: * 420
[M::ha_hist_line]   227: * 412
[M::ha_hist_line]   228: * 452
[M::ha_hist_line]   229: * 400
[M::ha_hist_line]   230: * 370
[M::ha_hist_line]   231: * 317
[M::ha_hist_line]   232: * 341
[M::ha_hist_line]   233: * 315
[M::ha_hist_line]  rest: ********************* 12769
[M::ha_analyze_count] left: none
[M::ha_analyze_count] right: none
[M::ha_pt_gen] peak_hom: 29; peak_het: -1
[M::ha_pt_gen] counting - minimzer positions
[prof::yak_count] step 1 total 4.70 s, step2 132.69 s, step3 28.39 s.
[debug::ha_pt_gen] tot_cnt is 148557264, pt->tot_pos is 148557264
[M::ha_pt_gen::1820.041*15.12] ==> indexed 148557264 positions
[M::hamt_assemble::2014.524*16.75@123.463GB] ==> corrected reads for round 3
[M::hamt_assemble] # bases: 3581760384; # corrected bases: 5442; # recorrected bases: 577
[M::hamt_assemble] size of buffer: 1.699GB
[probe::hamt_assemble] used 416.89 s
[M::ha_pt_gen] counting - minimzers
[prof::yak_count] step 1 total 4.11 s, step2 116.90 s, step3 24.50 s.
[M::ha_pt_gen::2131.560*16.02] ==> counted 6418184 distinct minimizer k-mers
[M::ha_pt_gen] count[16383] = 0 (for sanity check)
[M::ha_analyze_count] lowest: count[19] = 29991
[M::ha_analyze_count] highest: count[29] = 62122
[M::ha_hist_line]     1: ****************************************************************************************************> 1403527
[M::ha_hist_line]     2: ****************************************************************************************************> 483945
[M::ha_hist_line]     3: ****************************************************************************************************> 321974
[M::ha_hist_line]     4: ****************************************************************************************************> 285262
[M::ha_hist_line]     5: ****************************************************************************************************> 257481
[M::ha_hist_line]     6: ****************************************************************************************************> 230813
[M::ha_hist_line]     7: ****************************************************************************************************> 212042
[M::ha_hist_line]     8: ****************************************************************************************************> 186237
[M::ha_hist_line]     9: ****************************************************************************************************> 167783
[M::ha_hist_line]    10: ****************************************************************************************************> 146507
[M::ha_hist_line]    11: ****************************************************************************************************> 121381
[M::ha_hist_line]    12: ****************************************************************************************************> 97842
[M::ha_hist_line]    13: ****************************************************************************************************> 78370
[M::ha_hist_line]    14: **************************************************************************************************** 62223
[M::ha_hist_line]    15: ********************************************************************************* 50144
[M::ha_hist_line]    16: ****************************************************************** 40820
[M::ha_hist_line]    17: ****************************************************** 33787
[M::ha_hist_line]    18: ************************************************ 30087
[M::ha_hist_line]    19: ************************************************ 29991
[M::ha_hist_line]    20: ****************************************************** 33441
[M::ha_hist_line]    21: *********************************************************** 36780
[M::ha_hist_line]    22: ******************************************************************* 41770
[M::ha_hist_line]    23: ************************************************************************* 45427
[M::ha_hist_line]    24: ******************************************************************************* 49063
[M::ha_hist_line]    25: ************************************************************************************ 52491
[M::ha_hist_line]    26: **************************************************************************************** 54455
[M::ha_hist_line]    27: ****************************************************************************************** 56200
[M::ha_hist_line]    28: ************************************************************************************************* 59988
[M::ha_hist_line]    29: **************************************************************************************************** 62122
[M::ha_hist_line]    30: *************************************************************************************************** 61611
[M::ha_hist_line]    31: **************************************************************************************************** 62027
[M::ha_hist_line]    32: **************************************************************************************************** 61827
[M::ha_hist_line]    33: ************************************************************************************************** 60713
[M::ha_hist_line]    34: ********************************************************************************************* 57955
[M::ha_hist_line]    35: **************************************************************************************** 54444
[M::ha_hist_line]    36: ************************************************************************************ 51945
[M::ha_hist_line]    37: ****************************************************************************** 48650
[M::ha_hist_line]    38: ************************************************************************ 44921
[M::ha_hist_line]    39: ******************************************************************** 42080
[M::ha_hist_line]    40: ****************************************************************** 41077
[M::ha_hist_line]    41: *************************************************************** 38911
[M::ha_hist_line]    42: ************************************************************ 37085
[M::ha_hist_line]    43: ********************************************************** 35745
[M::ha_hist_line]    44: ***************************************************** 33228
[M::ha_hist_line]    45: *************************************************** 31899
[M::ha_hist_line]    46: ************************************************ 29721
[M::ha_hist_line]    47: ********************************************* 27648
[M::ha_hist_line]    48: ******************************************* 26980
[M::ha_hist_line]    49: ***************************************** 25163
[M::ha_hist_line]    50: *************************************** 24221
[M::ha_hist_line]    51: ************************************* 22684
[M::ha_hist_line]    52: *********************************** 21750
[M::ha_hist_line]    53: ******************************** 19703
[M::ha_hist_line]    54: ****************************** 18498
[M::ha_hist_line]    55: **************************** 17110
[M::ha_hist_line]    56: ************************** 16223
[M::ha_hist_line]    57: ************************ 15129
[M::ha_hist_line]    58: *********************** 14318
[M::ha_hist_line]    59: ********************** 13790
[M::ha_hist_line]    60: ********************** 13523
[M::ha_hist_line]    61: ********************* 13101
[M::ha_hist_line]    62: ********************* 12758
[M::ha_hist_line]    63: ********************* 12760
[M::ha_hist_line]    64: ******************* 11931
[M::ha_hist_line]    65: ******************* 11993
[M::ha_hist_line]    66: ****************** 11256
[M::ha_hist_line]    67: ***************** 10735
[M::ha_hist_line]    68: ***************** 10533
[M::ha_hist_line]    69: ***************** 10634
[M::ha_hist_line]    70: **************** 10108
[M::ha_hist_line]    71: **************** 10073
[M::ha_hist_line]    72: *************** 9618
[M::ha_hist_line]    73: *************** 9173
[M::ha_hist_line]    74: ************** 8886
[M::ha_hist_line]    75: ************** 8670
[M::ha_hist_line]    76: ************* 8321
[M::ha_hist_line]    77: ************* 8115
[M::ha_hist_line]    78: ************ 7684
[M::ha_hist_line]    79: ************ 7311
[M::ha_hist_line]    80: *********** 7137
[M::ha_hist_line]    81: *********** 6554
[M::ha_hist_line]    82: ********** 6277
[M::ha_hist_line]    83: ********* 5782
[M::ha_hist_line]    84: ********* 5641
[M::ha_hist_line]    85: ******** 5195
[M::ha_hist_line]    86: ******** 4740
[M::ha_hist_line]    87: ******* 4204
[M::ha_hist_line]    88: ******* 4121
[M::ha_hist_line]    89: ****** 3938
[M::ha_hist_line]    90: ****** 3598
[M::ha_hist_line]    91: ****** 3513
[M::ha_hist_line]    92: ***** 3251
[M::ha_hist_line]    93: ***** 3028
[M::ha_hist_line]    94: **** 2589
[M::ha_hist_line]    95: **** 2305
[M::ha_hist_line]    96: **** 2257
[M::ha_hist_line]    97: *** 2033
[M::ha_hist_line]    98: *** 2156
[M::ha_hist_line]    99: **** 2260
[M::ha_hist_line]   100: *** 1936
[M::ha_hist_line]   101: *** 1786
[M::ha_hist_line]   102: *** 1607
[M::ha_hist_line]   103: *** 1563
[M::ha_hist_line]   104: ** 1532
[M::ha_hist_line]   105: *** 1699
[M::ha_hist_line]   106: *** 1753
[M::ha_hist_line]   107: *** 1717
[M::ha_hist_line]   108: *** 1922
[M::ha_hist_line]   109: *** 2030
[M::ha_hist_line]   110: **** 2303
[M::ha_hist_line]   111: **** 2471
[M::ha_hist_line]   112: **** 2639
[M::ha_hist_line]   113: ***** 2902
[M::ha_hist_line]   114: ***** 3203
[M::ha_hist_line]   115: ****** 3473
[M::ha_hist_line]   116: ****** 3656
[M::ha_hist_line]   117: ****** 3749
[M::ha_hist_line]   118: ****** 3834
[M::ha_hist_line]   119: ******* 4105
[M::ha_hist_line]   120: ******* 4515
[M::ha_hist_line]   121: ******** 4765
[M::ha_hist_line]   122: ******** 5132
[M::ha_hist_line]   123: ******** 4919
[M::ha_hist_line]   124: ********* 5306
[M::ha_hist_line]   125: ********* 5608
[M::ha_hist_line]   126: ********* 5704
[M::ha_hist_line]   127: ********** 6038
[M::ha_hist_line]   128: ********** 6283
[M::ha_hist_line]   129: ********** 6119
[M::ha_hist_line]   130: ********** 6308
[M::ha_hist_line]   131: ********** 6245
[M::ha_hist_line]   132: ********** 6043
[M::ha_hist_line]   133: ********** 6105
[M::ha_hist_line]   134: ********** 6100
[M::ha_hist_line]   135: ********* 5771
[M::ha_hist_line]   136: ********* 5624
[M::ha_hist_line]   137: ********* 5557
[M::ha_hist_line]   138: ********* 5459
[M::ha_hist_line]   139: ********* 5541
[M::ha_hist_line]   140: ********* 5444
[M::ha_hist_line]   141: ********* 5404
[M::ha_hist_line]   142: ********* 5310
[M::ha_hist_line]   143: ******** 5000
[M::ha_hist_line]   144: ******** 4886
[M::ha_hist_line]   145: ******* 4541
[M::ha_hist_line]   146: ******* 4635
[M::ha_hist_line]   147: ******* 4274
[M::ha_hist_line]   148: ******* 4141
[M::ha_hist_line]   149: ******* 4105
[M::ha_hist_line]   150: ****** 3883
[M::ha_hist_line]   151: ****** 3681
[M::ha_hist_line]   152: ****** 3587
[M::ha_hist_line]   153: ***** 3348
[M::ha_hist_line]   154: ***** 3158
[M::ha_hist_line]   155: ***** 2963
[M::ha_hist_line]   156: **** 2786
[M::ha_hist_line]   157: ***** 2861
[M::ha_hist_line]   158: **** 2631
[M::ha_hist_line]   159: **** 2631
[M::ha_hist_line]   160: **** 2534
[M::ha_hist_line]   161: **** 2574
[M::ha_hist_line]   162: **** 2485
[M::ha_hist_line]   163: **** 2398
[M::ha_hist_line]   164: **** 2318
[M::ha_hist_line]   165: *** 2143
[M::ha_hist_line]   166: *** 2125
[M::ha_hist_line]   167: *** 1960
[M::ha_hist_line]   168: *** 1968
[M::ha_hist_line]   169: *** 1800
[M::ha_hist_line]   170: *** 1765
[M::ha_hist_line]   171: *** 1732
[M::ha_hist_line]   172: *** 1703
[M::ha_hist_line]   173: *** 1702
[M::ha_hist_line]   174: *** 1601
[M::ha_hist_line]   175: ** 1491
[M::ha_hist_line]   176: ** 1474
[M::ha_hist_line]   177: ** 1404
[M::ha_hist_line]   178: ** 1355
[M::ha_hist_line]   179: ** 1341
[M::ha_hist_line]   180: ** 1349
[M::ha_hist_line]   181: ** 1277
[M::ha_hist_line]   182: ** 1284
[M::ha_hist_line]   183: ** 1252
[M::ha_hist_line]   184: ** 1263
[M::ha_hist_line]   185: ** 1186
[M::ha_hist_line]   186: ** 1129
[M::ha_hist_line]   187: ** 1129
[M::ha_hist_line]   188: ** 1089
[M::ha_hist_line]   189: ** 1122
[M::ha_hist_line]   190: ** 1039
[M::ha_hist_line]   191: ** 1097
[M::ha_hist_line]   192: ** 1013
[M::ha_hist_line]   193: ** 1023
[M::ha_hist_line]   194: ** 1060
[M::ha_hist_line]   195: ** 1090
[M::ha_hist_line]   196: ** 1085
[M::ha_hist_line]   197: ** 1166
[M::ha_hist_line]   198: ** 1149
[M::ha_hist_line]   199: ** 1195
[M::ha_hist_line]   200: ** 1179
[M::ha_hist_line]   201: ** 1066
[M::ha_hist_line]   202: ** 996
[M::ha_hist_line]   203: ** 1012
[M::ha_hist_line]   204: ** 1005
[M::ha_hist_line]   205: ** 1061
[M::ha_hist_line]   206: ** 1104
[M::ha_hist_line]   207: ** 1022
[M::ha_hist_line]   208: ** 994
[M::ha_hist_line]   209: ** 1021
[M::ha_hist_line]   210: ** 962
[M::ha_hist_line]   211: ** 970
[M::ha_hist_line]   212: ** 933
[M::ha_hist_line]   213: ** 978
[M::ha_hist_line]   214: ** 943
[M::ha_hist_line]   215: * 845
[M::ha_hist_line]   216: * 810
[M::ha_hist_line]   217: * 780
[M::ha_hist_line]   218: * 767
[M::ha_hist_line]   219: * 671
[M::ha_hist_line]   220: * 688
[M::ha_hist_line]   221: * 594
[M::ha_hist_line]   222: * 605
[M::ha_hist_line]   223: * 550
[M::ha_hist_line]   224: * 484
[M::ha_hist_line]   225: * 416
[M::ha_hist_line]   226: * 420
[M::ha_hist_line]   227: * 412
[M::ha_hist_line]   228: * 452
[M::ha_hist_line]   229: * 400
[M::ha_hist_line]   230: * 370
[M::ha_hist_line]   231: * 317
[M::ha_hist_line]   232: * 341
[M::ha_hist_line]   233: * 315
[M::ha_hist_line]  rest: ********************* 12769
[M::ha_analyze_count] left: none
[M::ha_analyze_count] right: none
[M::ha_pt_gen] peak_hom: 29; peak_het: -1
[M::ha_pt_gen] counting - minimzer positions
[prof::yak_count] step 1 total 5.05 s, step2 101.33 s, step3 25.30 s.
[debug::ha_pt_gen] tot_cnt is 148557507, pt->tot_pos is 148557507
[M::ha_pt_gen::2233.131*15.49] ==> indexed 148557507 positions
[M::hamt_assemble::2265.302*15.70@135.720GB] ==> found overlaps for the final round
[probe::hamt_assemble] used 250.78 s
[M::ha_print_ovlp_stat] # overlaps: 27095669
[M::ha_print_ovlp_stat] # strong overlaps: 1316131
[M::ha_print_ovlp_stat] # weak overlaps: 25779538
[M::ha_print_ovlp_stat] # exact overlaps: 25385511
[M::ha_print_ovlp_stat] # inexact overlaps: 1710158
[M::ha_print_ovlp_stat] # overlaps without large indels: 27073890
[M::ha_print_ovlp_stat] # reverse overlaps: 627967
[M::hist_readlength] <  1.0k:  0
[M::hist_readlength] 1.0k: ] 58
[M::hist_readlength] 1.5k: ] 236
[M::hist_readlength] 2.0k: ] 889
[M::hist_readlength] 2.5k: ] 3111
[M::hist_readlength] 3.0k: ]] 6627
[M::hist_readlength] 3.5k: ]] 9817
[M::hist_readlength] 4.0k: ]]] 11805
[M::hist_readlength] 4.5k: ]]] 13790
[M::hist_readlength] 5.0k: ]]]] 15196
[M::hist_readlength] 5.5k: ]]]] 17021
[M::hist_readlength] 6.0k: ]]]] 18756
[M::hist_readlength] 6.5k: ]]]]] 20498
[M::hist_readlength] 7.0k: ]]]]] 22101
[M::hist_readlength] 7.5k: ]]]]] 23552
[M::hist_readlength] 8.0k: ]]]]] 24300
[M::hist_readlength] 8.5k: ]]]]]] 25374
[M::hist_readlength] 9.0k: ]]]]]] 25614
[M::hist_readlength] 9.5k: ]]]]]] 25500
[M::hist_readlength] 10.0k: ]]]]]] 25620
[M::hist_readlength] 10.5k: ]]]]] 24588
[M::hist_readlength] 11.0k: ]]]]] 23412
[M::hist_readlength] 11.5k: ]]]]] 21845
[M::hist_readlength] 12.0k: ]]]]] 20656
[M::hist_readlength] 12.5k: ]]]] 18664
[M::hist_readlength] 13.0k: ]]]] 17218
[M::hist_readlength] 13.5k: ]]]] 15237
[M::hist_readlength] 14.0k: ]]] 13771
[M::hist_readlength] 14.5k: ]]] 12109
[M::hist_readlength] 15.0k: ]]] 10705
[M::hist_readlength] 15.5k: ]] 9365
[M::hist_readlength] 16.0k: ]] 8009
[M::hist_readlength] 16.5k: ]] 6837
[M::hist_readlength] 17.0k: ]] 5856
[M::hist_readlength] 17.5k: ] 4991
[M::hist_readlength] 18.0k: ] 4335
[M::hist_readlength] 18.5k: ] 3543
[M::hist_readlength] 19.0k: ] 2898
[M::hist_readlength] 19.5k: ] 2441
[M::hist_readlength] 20.0k: ] 1956
[M::hist_readlength] 20.5k: ] 1495
[M::hist_readlength] 21.0k: ] 1191
[M::hist_readlength] 21.5k: ] 1028
[M::hist_readlength] 22.0k: ] 731
[M::hist_readlength] 22.5k: ] 562
[M::hist_readlength] 23.0k: ] 387
[M::hist_readlength] 23.5k: ] 294
[M::hist_readlength] 24.0k: ] 227
[M::hist_readlength] 24.5k: ] 160
[M::hist_readlength] 25.0k: ] 147
[M::hist_readlength] 25.5k: ] 80
[M::hist_readlength] 26.0k: ] 60
[M::hist_readlength] 26.5k: ] 43
[M::hist_readlength] 27.0k: ] 27
[M::hist_readlength] 27.5k: ] 9
[M::hist_readlength] 28.0k: ] 17
[M::hist_readlength] 28.5k: ] 9
[M::hist_readlength] 29.0k: ] 7
[M::hist_readlength] 29.5k: ] 4
[M::hist_readlength] 30.0k: ] 3
[M::hist_readlength] 30.5k: ] 3
[M::hist_readlength] 31.0k: 0
[M::hist_readlength] 31.5k: ] 3
[M::hist_readlength] 32.0k: 0
[M::hist_readlength] 32.5k: 0
[M::hist_readlength] 33.0k: ] 2
[M::hist_readlength] 33.5k: 0
[M::hist_readlength] 34.0k: 0
[M::hist_readlength] 34.5k: 0
[M::hist_readlength] 35.0k: ] 1
[M::hist_readlength] 35.5k: ] 1
[M::hist_readlength] 36.0k: 0
[M::hist_readlength] 36.5k: 0
[M::hist_readlength] 37.0k: ] 1
[M::hist_readlength] >50.0k: 0
Writing reads to disk... 
wrote cmd of length 461: hamt version=0.3-r079, ha base version=0.13-r308, CMD= ${ARTICLE31_RAW_DIR}/tools/bin/hifiasm_meta -t 32 --force-rs --tsne-seed 20260731 -o ${ARTICLE31_WORK_DIR}/assemblies/hifiasm-meta-hifi/asm ${ARTICLE31_RAW_DIR}/full/ERR9765783.fastq.gz
Bin file was created on Sun Jul 26 18:41:38 2026
Hifiasm_meta 0.3-r079 (hifiasm code base 0.13-r308).
Reads has been written.
[hamt::write_All_reads] Writing per-read coverage info...
[hamt::write_All_reads] Finished writing.
Writing ma_hit_ts to disk... 
ma_hit_ts has been written.
Writing ma_hit_ts to disk... 
ma_hit_ts has been written.
bin files have been written.
[M::hamt_clean_graph] (peak RSS so far: 135.7 GB)
[M::hamt_clean_graph] no debug gfa
[M::hamt_clean_graph] (peak RSS so far: 135.7 GB)
[M::hamt_clean_graph] generated paf index, used 2.40 s
[M::hamt_clean_graph] (peak RSS so far: 135.7 GB)
[M::hamt_symmetrize_paf] step1, total 1802867 . used 0.08 s
[M::hamt_symmetrize_paf] step1, total 48413 . used 0.01 s
[M::hamt_clean_graph] symmetrize used 0.09 s total.
[M::hamt_clean_graph] (peak RSS so far: 135.7 GB)
[debug::hamt_normalize_ma_hit_t_single_side_advance] nb_batch: 257
[M::hamt_normalize_ma_hit_t_single_side_advance] typeA 12897243 B 1749612, used 2.8s

[debug::hamt_normalize_ma_hit_t_single_side_advance] nb_batch: 257
[M::hamt_normalize_ma_hit_t_single_side_advance] typeA 294579 B 46790, used 0.4s

[M::hamt_clean_graph] (peak RSS so far: 135.7 GB)
[T::hamt_clean_weak_ma_hit_t2] step 1 used 0.21 s. (cpu time 6.524880 s, trans check used 0.482961 s)
[T::hamt_clean_weak_ma_hit_t2] step2 used 0.23 s (should be short, otherwise read comments.
[M::hamt_clean_weak_ma_hit_t2] treated 18034, used 0.43 s
[M::ma_hit_sub] remained 524805, deleted 0, used 0.0s
[M::hamt_clean_graph] (peak RSS so far: 135.7 GB)
[M::detect_chimeric_reads_conservative] n_simple_remove: 250, n_complex_remove: 270/678, used 0.5
[M::ma_hit_cut] typeA 0 , typeB 177335, used 0.8
[M::ma_hit_flt] typeA 0 , typeB 177335, used 0.9s
[M::hamt_hit_contained_multi] treated roughly 2 spots, used 0.0s
[M::hamt_hit_contained_drop_singleton_multi] treated roughly 164 spots, used 0.0s
[T::hamt_ma_hit_contained_advance] step1: used 0.05 s, marked 288777 in bit array
[T::hamt_ma_hit_contained_advance] step2: used 0.22 s; deleted 19361702 (tried 347468reads))
[T::hamt_ma_hit_contained_advance] step2.5 used 0.01 s
[T::hamt_ma_hit_contained_advance] step3 used 0.19 s
[M::hamt_ma_hit_contained_advance] dropped 466377 reads, used total of 0.47 s

[M::hamt_clean_graph] (peak RSS so far: 135.7 GB)
[M::asg_arc_del_trans] reduced 436915 arcs, used 0.0s
[M::asg_cut_tip] cut 1504 tips, used 0.0 s
[M::hamt_clean_graph] ====== initial clean ======
[M::hamt_clean_graph] (peak RSS so far: 135.7 GB)


**********0-th round drop: drop_ratio = 0.200000**********
[M::asg_arc_del_simple_circle_untig] removed 7 self-circles, used 0.0s
[M::asg_cut_tip] cut 21 tips, used 0.0 s
[M::asg_arc_del_simple_circle_untig] removed 0 self-circles, used 0.0s
[M::asg_cut_tip] cut 0 tips, used 0.0 s
[M::hamt_asgarc_drop_tips_and_bubbles] did 1 rounds, dropped 116 spots, used 0.0 s

[M::asg_arc_identify_simple_bubbles_multi] dropped total of 1509, used 0.0s
[M::asg_arc_del_false_node_meta] removed 27 single nodes, used 0.0
[M::asg_cut_tip] cut 0 tips, used 0.0 s
[M::asg_arc_identify_simple_bubbles_multi] dropped total of 1561, used 0.0s
[M::asg_arc_del_short_diploid_by_exact] removed 45 inexact overlaps, used 0.0s
[M::asg_cut_tip] cut 3 tips, used 0.0 s
[M::asg_arc_identify_simple_bubbles_multi] dropped total of 1575, used 0.0s
[M::asg_arc_del_short_diploid_by_length] removed 132 short overlaps, used 0.0
[M::asg_cut_tip] cut 21 tips, used 0.0 s
[M::asg_arc_identify_simple_bubbles_multi] dropped total of 2767, used 0.0s
[M::asg_arc_del_short_false_link] removed 6 false overlaps, used 0.1s
[M::asg_arc_identify_simple_bubbles_multi] dropped total of 2785, used 0.0s
[M::asg_arc_del_complex_false_link] removed 6 false overlaps, used 0.1s
[M::asg_cut_tip] cut 2 tips, used 0.0 s


**********1-th round drop: drop_ratio = 0.400000**********
[M::asg_arc_del_simple_circle_untig] removed 1 self-circles, used 0.0s
[M::asg_cut_tip] cut 0 tips, used 0.0 s
[M::asg_arc_del_simple_circle_untig] removed 0 self-circles, used 0.0s
[M::asg_cut_tip] cut 0 tips, used 0.0 s
[M::hamt_asgarc_drop_tips_and_bubbles] did 1 rounds, dropped 4 spots, used 0.0 s

[M::asg_arc_identify_simple_bubbles_multi] dropped total of 2777, used 0.0s
[M::asg_arc_del_false_node_meta] removed 1 single nodes, used 0.0
[M::asg_cut_tip] cut 0 tips, used 0.0 s
[M::asg_arc_identify_simple_bubbles_multi] dropped total of 2793, used 0.0s
[M::asg_arc_del_short_diploid_by_exact] removed 0 inexact overlaps, used 0.0s
[M::asg_cut_tip] cut 0 tips, used 0.0 s
[M::asg_arc_identify_simple_bubbles_multi] dropped total of 2793, used 0.0s
[M::asg_arc_del_short_diploid_by_length] removed 40 short overlaps, used 0.0
[M::asg_cut_tip] cut 10 tips, used 0.0 s
[M::asg_arc_identify_simple_bubbles_multi] dropped total of 5655, used 0.0s
[M::asg_arc_del_short_false_link] removed 0 false overlaps, used 0.1s
[M::asg_arc_identify_simple_bubbles_multi] dropped total of 5655, used 0.0s
[M::asg_arc_del_complex_false_link] removed 9 false overlaps, used 0.1s
[M::asg_cut_tip] cut 2 tips, used 0.0 s


**********2-th round drop: drop_ratio = 0.600000**********
[M::asg_arc_del_simple_circle_untig] removed 1 self-circles, used 0.0s
[M::asg_cut_tip] cut 0 tips, used 0.0 s
[M::asg_arc_del_simple_circle_untig] removed 0 self-circles, used 0.0s
[M::asg_cut_tip] cut 0 tips, used 0.0 s
[M::hamt_asgarc_drop_tips_and_bubbles] did 1 rounds, dropped 1 spots, used 0.0 s

[M::asg_arc_identify_simple_bubbles_multi] dropped total of 5655, used 0.0s
[M::asg_arc_del_false_node_meta] removed 0 single nodes, used 0.0
[M::asg_cut_tip] cut 0 tips, used 0.0 s
[M::asg_arc_identify_simple_bubbles_multi] dropped total of 5655, used 0.0s
[M::asg_arc_del_short_diploid_by_exact] removed 0 inexact overlaps, used 0.0s
[M::asg_cut_tip] cut 0 tips, used 0.0 s
[M::asg_arc_identify_simple_bubbles_multi] dropped total of 5655, used 0.0s
[M::asg_arc_del_short_diploid_by_length] removed 12 short overlaps, used 0.0
[M::asg_cut_tip] cut 6 tips, used 0.0 s
[M::asg_arc_identify_simple_bubbles_multi] dropped total of 5655, used 0.0s
[M::asg_arc_del_short_false_link] removed 0 false overlaps, used 0.1s
[M::asg_arc_identify_simple_bubbles_multi] dropped total of 5655, used 0.0s
[M::asg_arc_del_complex_false_link] removed 4 false overlaps, used 0.1s
[M::asg_cut_tip] cut 1 tips, used 0.0 s


**********3-th round drop: drop_ratio = 0.800000**********
[M::asg_arc_del_simple_circle_untig] removed 0 self-circles, used 0.0s
[M::asg_cut_tip] cut 0 tips, used 0.0 s
[M::hamt_asgarc_drop_tips_and_bubbles] did 0 rounds, dropped 0 spots, used 0.0 s

[M::asg_arc_identify_simple_bubbles_multi] dropped total of 5655, used 0.0s
[M::asg_arc_del_false_node_meta] removed 0 single nodes, used 0.0
[M::asg_cut_tip] cut 0 tips, used 0.0 s
[M::asg_arc_identify_simple_bubbles_multi] dropped total of 5655, used 0.0s
[M::asg_arc_del_short_diploid_by_exact] removed 0 inexact overlaps, used 0.0s
[M::asg_cut_tip] cut 0 tips, used 0.0 s
[M::asg_arc_identify_simple_bubbles_multi] dropped total of 5655, used 0.0s
[M::asg_arc_del_short_diploid_by_length] removed 17 short overlaps, used 0.0
[M::asg_cut_tip] cut 6 tips, used 0.0 s
[M::asg_arc_identify_simple_bubbles_multi] dropped total of 5661, used 0.0s
[M::asg_arc_del_short_false_link] removed 2 false overlaps, used 0.1s
[M::asg_arc_identify_simple_bubbles_multi] dropped total of 5661, used 0.0s
[M::asg_arc_del_complex_false_link] removed 0 false overlaps, used 0.1s
[M::asg_cut_tip] cut 1 tips, used 0.0 s


********** last round **********
[M::asg_arc_del_simple_circle_untig] removed 0 self-circles, used 0.0s
[M::asg_cut_tip] cut 0 tips, used 0.0 s
[M::asg_arc_del_simple_circle_untig] removed 0 self-circles, used 0.0s
[M::asg_cut_tip] cut 0 tips, used 0.0 s
[M::hamt_asgarc_drop_tips_and_bubbles] did 1 rounds, dropped 2 spots, used 0.0 s

[M::asg_arc_del_short_diploi_by_suspect_edge] removed 4 suspect overlaps, used 0.0s
[M::asg_cut_tip] cut 4 tips, used 0.0 s
[M::asg_arc_del_triangular_directly] removed 1 triangular overlaps, used 0.0s
[M::asg_arc_identify_simple_bubbles_multi] dropped total of 5683, used 0.0s
[M::asg_cut_tip] cut 0 tips, used 0.0 s
[M::asg_arc_identify_simple_bubbles_multi] dropped total of 5683, used 0.0s
[M::asg_arc_del_too_short_overlaps] removed 10 short overlaps, used 0.0s
[M::asg_cut_tip] cut 1 tips, used 0.0 s
[M::asg_arc_del_simple_circle_untig] removed 0 self-circles, used 0.0s


********** checkpoint: r_utg **********
[M::hamt_clean_graph] (peak RSS so far: 135.7 GB)
Writing raw unitig GFA to disk... 
[M::hamt_clean_graph] ======= preclean =======
[M::hamt_clean_graph] (peak RSS so far: 135.7 GB)
[M::hamt_ug_pop_simpleInvertBubble] popped 1 locations
[M::hamt_ug_oneutgCircleCut] treated 0 spots
[W::hamt_ug_utg_softdel] (tried to mark a very long utg (000035 l 3116151) as alt; blocked)
[W::hamt_ug_utg_softdel] (tried to mark a very long utg (000055 l 1170192) as alt; blocked)
[M::hamt_clean_graph] round 0, dropped 111, used 0.2s
[M::hamt_ug_pop_simpleInvertBubble] popped 0 locations
[W::hamt_ug_utg_softdel] (tried to mark a very long utg (000041 l 1556279) as alt; blocked)
[M::hamt_ug_oneutgCircleCut] treated 0 spots
[M::hamt_clean_graph] round 1, dropped 4, used 0.2s
[M::hamt_ug_pop_simpleInvertBubble] popped 0 locations
[M::hamt_ug_oneutgCircleCut] treated 0 spots
[M::hamt_clean_graph] round 2, dropped 0, used 0.2s


********** checkpoint: p_utg **********

[M::hamt_clean_graph] (peak RSS so far: 135.7 GB)
[M::hamt_output_unitig_graph_advance] Writing GFA... 
[M::hamt_ug_covCutByBridges] cut 0 bridges outof 0, used 0.0s.
[M::hamt_circle_cleaning] done
[M::hamt_ug_rescue_bifurTip] treated 0
[M::hamt_ug_drop_shorter_ovlp] cut 3
[M::hamt_asgarc_ugCovCutDFSCircle_aggressive] cut 0.


[M::hamt_clean_graph] time check #1, 0.3s
[M::hamt_ug_oneutgCircleCut] treated 0 spots
[M::hamt_ug_basic_topoclean_simple] total cut: 0


[M::hamt_clean_graph] time check #2, 0.2s
[M::hamt_ug_pop_simpleInvertBubble] popped 0 locations
[M::hamt_ug_prectgTopoClean] popped total 1852 locations (round 0).
[M::hamt_ug_pop_simpleInvertBubble] popped 0 locations
[M::hamt_ug_prectgTopoClean] popped total 1852 locations (round 1).
[M::hamt_ug_pop_simpleInvertBubble] popped 0 locations
[M::hamt_ug_prectgTopoClean] popped total 1852 locations (round 2).
[M::hamt_ug_oneutgCircleCut] treated 0 spots
[M::hamt_ug_oneutgCircleCut] treated 0 spots
[M::hamt_ug_basic_topoclean_simple] total cut: 1


[M::hamt_clean_graph] time check #3, 0.7s


[M::hamt_clean_graph] ======= complex bubbles =======
[M::hamt_clean_graph] (peak RSS so far: 135.7 GB)
[M::hamt_ug_prectg_resolve_complex_bubble] dropped 3 arcs for 3 complex bubbles
[M::hamt_ug_drop_midsizeTips] dropped 0 mid length tips.
[M::hamt_ug_drop_midsizeTips_aggressive] dropped 0 mid length tips.
[M::hamt_ug_resolve_oneMultiLeafSoapBubble] treated 0 spots
[M::hamt_ug_resolve_small_multileaf_with_covcut] dropped 4 arcs
[M::hamt_ug_pop_simpleInvertBubble] popped 0 locations
[M::hamt_clean_graph] dropped 7, used 0.2s
[M::hamt_ug_prectg_resolve_complex_bubble] dropped 0 arcs for 1 complex bubbles
[M::hamt_ug_drop_midsizeTips] dropped 0 mid length tips.
[M::hamt_ug_drop_midsizeTips_aggressive] dropped 0 mid length tips.
[M::hamt_ug_resolve_oneMultiLeafSoapBubble] treated 0 spots
[M::hamt_ug_resolve_small_multileaf_with_covcut] dropped 0 arcs
[M::hamt_ug_pop_simpleInvertBubble] popped 0 locations
[M::hamt_clean_graph] dropped 0, used 0.2s


[M::hamt_clean_graph] ======= circle cut and topo cleans =======
[M::hamt_clean_graph] (peak RSS so far: 135.7 GB)
[M::hamt_ug_oneutgCircleCut] treated 0 spots
[M::hamt_clean_graph] treated 0, used 0.3s


[M::hamt_clean_graph] ======= tangles =======
[M::hamt_clean_graph] (peak RSS so far: 135.7 GB)
[M::hamt_ug_resolveTangles_threaded]   cleaning used 0.0s
[M::hamt_ug_resolveTangles_threaded] treated 2 spots
[M::hamt_clean_graph] segment #1: will extend one round
[M::hamt_clean_graph] segment #1: 0.1s
[M::hamt_clean_graph] segment #2: 0.0s
[M::hamt_clean_graph] segment #3: 0.1s
[M::hamt_clean_graph] segment #4: 0.1s
[M::hamt_ug_covCutByBridges] cut 0 bridges outof 0, used 0.0s.
[M::hamt_circle_cleaning] done
[M::hamt_clean_graph] segment #5: 0.1s
[M::hamt_ug_disconnect_long_contig_pairs_by_cov] treated 0, used 0.0s.
[M::hamt_clean_graph] segment #6: 0.1s
[M::hamt_clean_graph] round 0, cut 4, used 0.1s
[M::hamt_ug_resolveTangles_threaded]   cleaning used 0.0s
[M::hamt_ug_resolveTangles_threaded] treated 1 spots
[M::hamt_clean_graph] segment #1: will extend one round
[M::hamt_clean_graph] segment #1: 0.1s
[M::hamt_clean_graph] segment #2: 0.0s
[M::hamt_clean_graph] segment #3: 0.1s
[M::hamt_clean_graph] segment #4: 0.1s
[M::hamt_ug_covCutByBridges] cut 0 bridges outof 0, used 0.0s.
[M::hamt_circle_cleaning] done
[M::hamt_clean_graph] segment #5: 0.1s
[M::hamt_ug_disconnect_long_contig_pairs_by_cov] treated 0, used 0.0s.
[M::hamt_clean_graph] segment #6: 0.1s
[M::hamt_clean_graph] round 0, cut 0, used 0.1s


[M::hamt_clean_graph] ======= rescues and coverage-based cut =======
[M::hamt_clean_graph] (peak RSS so far: 135.7 GB)
[M::hamt_clean_graph] treated 0, used 0.3s
[M::hamt_clean_graph] time check #1: used 0.2s
[M::hamt_clean_graph] time check #2: used 0.1s
[M::hamt_clean_graph] time check #3: used 0.1s
[M::hamt_clean_graph] time check #4: used 0.1s
[M::hamt_clean_graph] time check #5: used 0.1s
[M::hamt_clean_graph] time check #6: used 0.1s
[M::hamt_clean_graph] time check #7: used 0.1s
[M::hamt_ug_pop_simpleInvertBubble] popped 0 locations
[M::hamt_clean_graph] time check #8: used 0.1s
[M::hamt_clean_graph] time check #9: used 0.2s


********** checkpoint: p_ctg **********

[M::hamt_clean_graph] (peak RSS so far: 135.7 GB)
[M::hamt_clean_graph] removed single-read unconnected contigs, 27 on primary, 0 on alt.
[M::hamt_output_unitig_graph_advance] Writing GFA... 
[M::hamt_output_unitig_graph_advance] Writing GFA... 


********** checkpoint: post-assembly **********

[M::hamt_clean_graph] (peak RSS so far: 135.7 GB)
[M::hamt_ug_opportunistic_elementary_circuits] collected 0 circuits, used 0.00s
[M::hamt_ug_opportunistic_elementary_circuits] wrote all rescued circles, used 0.00s
[T::hamt_ug_opportunistic_elementary_circuits_helper_deduplicate_minhash] got the sequences, used 0.0s
[T::hamt_minhash_mashdist] sketched - 0.0s.
[T::hamt_minhash_mashdist] compared - 0.0s.
[T::hamt_ug_opportunistic_elementary_circuits_helper_deduplicate_minhash] collected mash distances for 0 seqs, used 0.0s
[M::hamt_ug_opportunistic_elementary_circuits_helper_deduplicate_minhash] had 0 paths, 0 remained (0 dropped by length diff, 0 by length abs),used 0.0s after sketching.
[M::hamt_ug_opportunistic_elementary_circuits] deduplicated rescued circles, used 0.00s
[M::hamt_ug_opportunistic_elementary_circuits] wrote deduplicated rescued circles, used 0.00s
[M::hamt_simple_binning] Too few contigs, skip tsne binning.
[M::main] Hifiasm code base version: 0.13-r308
[M::main] Hifiasm_meta version: 0.3-r079
[M::main] CMD: ${ARTICLE31_RAW_DIR}/tools/bin/hifiasm_meta -t 32 --force-rs --tsne-seed 20260731 -o ${ARTICLE31_WORK_DIR}/assemblies/hifiasm-meta-hifi/asm ${ARTICLE31_RAW_DIR}/full/ERR9765783.fastq.gz
[M::main] Real time: 2297.973 sec; CPU: 35647.770 sec; Peak RSS: 135.720 GB
