contigs	predictions
k141_7260	Bacteria;Pseudomonadota;Gammaproteobacteria;Pseudomonadales;Pseudomonadaceae;Pseudomonas
k141_47183	Bacteria;Pseudomonadota;Gammaproteobacteria;Pseudomonadales;Pseudomonadaceae;Pseudomonas
k141_39928	Bacteria;Thermodesulfobacteriota;Desulfovibrionia;Desulfovibrionales;Desulfovibrionaceae;Desulfovibrio;Desulfovibrio piger
k141_3632	Bacteria;Thermodesulfobacteriota;Desulfobulbia;Desulfobulbales;Desulfobulbaceae;Desulfobulbus;Desulfobulbus oralis
k141_10892	Bacteria;Pseudomonadota;Gammaproteobacteria;Pseudomonadales;Pseudomonadaceae;Pseudomonas
k141_29042	Bacteria;Pseudomonadota;Gammaproteobacteria;Alteromonadales;Shewanellaceae;Shewanella
k141_3633	Bacteria;Thermodesulfobacteriota
k141_54445	Bacteria;Pseudomonadota;Gammaproteobacteria;Pseudomonadales;Pseudomonadaceae;Pseudomonas
k141_14526	Bacteria;Pseudomonadota;Gammaproteobacteria;Pseudomonadales;Pseudomonadaceae;Pseudomonas
k141_39930	Bacteria;Planctomycetota;Planctomycetia;Pirellulales;Pirellulaceae;Rhodopirellula;Rhodopirellula baltica
k141_47190	
k141_18150	Bacteria;Planctomycetota;Planctomycetia;Pirellulales;Pirellulaceae;Rhodopirellula;Rhodopirellula baltica
k141_3636	Bacteria;Bacteroidota;Bacteroidia;Bacteroidales;Porphyromonadaceae;Porphyromonas;Porphyromonas gingivalis
k141_14529	
k141_29045	Bacteria;Pseudomonadota;Gammaproteobacteria;Alteromonadales;Shewanellaceae;Shewanella
k141_54450	Bacteria;Aquificota;Aquificia;Aquificales;Hydrogenothermaceae;Sulfurihydrogenibium;Sulfurihydrogenibium sp. YO3AOP1
k141_47192	Archaea;Thermoproteota;Thermoprotei;Thermoproteales;Thermoproteaceae;Pyrobaculum;Pyrobaculum calidifontis
k141_54451	
k141_29047	Bacteria;Aquificota;Aquificia;Aquificales;Aquificaceae;Hydrogenobaculum
k141_18155	Bacteria;Chloroflexota;Chloroflexia;Chloroflexales;Chloroflexaceae;Chloroflexus;Chloroflexus aurantiacus
k141_10893	Bacteria;Pseudomonadota;Gammaproteobacteria;Alteromonadales;Shewanellaceae;Shewanella
k141_47195	Bacteria;Pseudomonadota;Gammaproteobacteria;Pseudomonadales;Pseudomonadaceae;Pseudomonas
k141_7276	Archaea;Methanobacteriota;Halobacteria;Halobacteriales;Halobacteriaceae;Halobacterium
k141_43557	Bacteria;Planctomycetota;Planctomycetia;Pirellulales;Pirellulaceae;Rhodopirellula;Rhodopirellula baltica
k141_3644	Bacteria;Verrucomicrobiota;Verrucomicrobiia;Verrucomicrobiales;Akkermansiaceae;Akkermansia;Akkermansia muciniphila
k141_29050	Bacteria;Thermotogota;Thermotogae;Thermotogales;Thermotogaceae;Thermotoga
k141_18159	Archaea;Thermoproteota;Thermoprotei;Desulfurococcales;Desulfurococcaceae;Ignicoccus;Ignicoccus hospitalis
k141_50831	Bacteria;Pseudomonadota;Gammaproteobacteria;Alteromonadales;Shewanellaceae;Shewanella
k141_17	Bacteria;Pseudomonadota;Gammaproteobacteria;Alteromonadales;Shewanellaceae;Shewanella
k141_7282	Bacteria;Chloroflexota;Chloroflexia;Chloroflexales;Chloroflexaceae;Chloroflexus;Chloroflexus aurantiacus
k141_47200	Bacteria;Aquificota;Aquificia;Aquificales;Aquificaceae;Hydrogenobaculum
k141_3645	Bacteria;Pseudomonadota;Betaproteobacteria;Burkholderiales;Burkholderiaceae;Paraburkholderia;Paraburkholderia xenovorans
k141_43561	Archaea;Methanobacteriota;Methanococci;Methanococcales;Methanococcaceae;Methanococcus;Methanococcus maripaludis
k141_32671	Bacteria;Pseudomonadota;Gammaproteobacteria;Alteromonadales;Shewanellaceae;Shewanella
k141_43566	Bacteria;Planctomycetota;Planctomycetia;Pirellulales;Pirellulaceae;Rhodopirellula;Rhodopirellula baltica
k141_10908	Bacteria;Pseudomonadota;Gammaproteobacteria;Alteromonadales;Shewanellaceae;Shewanella
k141_24	Bacteria;Chlorobiota;Chlorobiia;Chlorobiales;Chlorobiaceae;Chlorobium;Chlorobium phaeobacteroides
k141_29063	Bacteria;Pseudomonadota;Gammaproteobacteria;Pseudomonadales;Pseudomonadaceae;Pseudomonas
k141_47208	Bacteria;Pseudomonadota;Gammaproteobacteria;Pseudomonadales;Pseudomonadaceae;Pseudomonas
k141_54464	
k141_32674	Bacteria;Chlorobiota;Chlorobiia;Chlorobiales;Chlorobiaceae;Chlorobium;Chlorobium limicola
k141_29064	Archaea;Methanobacteriota;Methanococci;Methanococcales;Methanococcaceae;Methanococcus;Methanococcus maripaludis
k141_14544	Bacteria;Planctomycetota;Planctomycetia;Pirellulales;Pirellulaceae;Rhodopirellula;Rhodopirellula baltica
k141_43571	Bacteria;Pseudomonadota;Betaproteobacteria;Burkholderiales;Burkholderiaceae;Paraburkholderia
k141_47212	Archaea;Thermoproteota;Thermoprotei;Desulfurococcales;Desulfurococcaceae;Ignicoccus;Ignicoccus islandicus
k141_32677	Archaea
k141_25415	
k141_3663	Bacteria;Verrucomicrobiota;Verrucomicrobiia;Verrucomicrobiales;Akkermansiaceae;Akkermansia;Akkermansia muciniphila
k141_32678	Bacteria;Pseudomonadota;Gammaproteobacteria;Pseudomonadales;Pseudomonadaceae;Pseudomonas
k141_14547	Archaea;Methanobacteriota;Halobacteria;Halobacteriales;Halobacteriaceae;Halobacterium
k141_29065	Bacteria;Pseudomonadota;Gammaproteobacteria;Alteromonadales;Shewanellaceae;Shewanella
k141_43575	Bacteria;Chlorobiota;Chlorobiia;Chlorobiales;Chlorobiaceae;Chlorobaculum;Chlorobaculum tepidum
k141_32682	Bacteria;Aquificota;Aquificia;Aquificales;Hydrogenothermaceae;Sulfurihydrogenibium;Sulfurihydrogenibium sp. YO3AOP1
k141_47221	Bacteria;Chlorobiota;Chlorobiia;Chlorobiales;Chlorobiaceae;Chlorobium;Chlorobium phaeobacteroides
k141_18177	
k141_10919	Bacteria;Planctomycetota;Planctomycetia;Pirellulales;Pirellulaceae;Rhodopirellula;Rhodopirellula baltica
k141_54483	Archaea;Methanobacteriota;Methanococci;Methanococcales;Methanococcaceae;Methanococcus
k141_10920	Bacteria;Chloroflexota;Chloroflexia;Chloroflexales;Chloroflexaceae;Chloroflexus;Chloroflexus aurantiacus
k141_29070	Bacteria
k141_47226	Bacteria;Pseudomonadota;Gammaproteobacteria
k141_7295	Bacteria;Bacteroidota;Bacteroidia;Bacteroidales;Porphyromonadaceae;Porphyromonas;Porphyromonas gingivalis
k141_18181	Bacteria;Pseudomonadota;Betaproteobacteria;Burkholderiales;Burkholderiaceae;Paraburkholderia;Paraburkholderia xenovorans
k141_43582	Bacteria;Planctomycetota;Planctomycetia;Pirellulales;Pirellulaceae;Rhodopirellula;Rhodopirellula baltica
k141_10922	
k141_29074	Bacteria;Pseudomonadota;Gammaproteobacteria;Pseudomonadales;Pseudomonadaceae;Pseudomonas
k141_28	Bacteria;Bacillota;Clostridia;Thermoanaerobacterales;Thermoanaerobacteraceae;Thermoanaerobacter
k141_54488	Bacteria;Chlorobiota;Chlorobiia;Chlorobiales;Chlorobiaceae;Chlorobaculum;Chlorobaculum tepidum
k141_32695	Bacteria;Chloroflexota;Chloroflexia;Chloroflexales;Chloroflexaceae;Chloroflexus;Chloroflexus aurantiacus
k141_25422	Bacteria;Planctomycetota;Planctomycetia;Pirellulales;Pirellulaceae;Rhodopirellula;Rhodopirellula baltica
k141_47229	Bacteria;Pseudomonadota;Gammaproteobacteria;Pseudomonadales;Pseudomonadaceae;Pseudomonas
k141_3670	
k141_10925	Bacteria;Planctomycetota;Planctomycetia;Pirellulales;Pirellulaceae;Rhodopirellula;Rhodopirellula baltica
k141_25424	Bacteria;Pseudomonadota;Gammaproteobacteria;Alteromonadales;Shewanellaceae;Shewanella
k141_43587	Bacteria;Chlorobiota;Chlorobiia;Chlorobiales;Chlorobiaceae;Chlorobaculum
k141_7297	Archaea;Thermoproteota;Thermoprotei;Desulfurococcales;Desulfurococcaceae;Ignicoccus;Ignicoccus hospitalis
k141_47232	Archaea;Methanobacteriota;Methanococci;Methanococcales;Methanococcaceae;Methanococcus;Methanococcus maripaludis
k141_54495	Archaea;Thermoproteota;Thermoprotei;Desulfurococcales;Desulfurococcaceae;Ignicoccus;Ignicoccus hospitalis
k141_3674	Bacteria;Cyanobacteriota;Cyanophyceae;Nostocales;Nostocaceae
k141_47234	Archaea;Thermoproteota;Thermoprotei;Desulfurococcales;Desulfurococcaceae;Ignicoccus;Ignicoccus islandicus
k141_18186	Bacteria;Pseudomonadota;Gammaproteobacteria;Alteromonadales;Shewanellaceae;Shewanella
k141_33	Bacteria;Pseudomonadota;Gammaproteobacteria;Alteromonadales;Shewanellaceae;Shewanella
k141_18187	Bacteria;Pseudomonadota;Gammaproteobacteria;Pseudomonadales;Pseudomonadaceae;Pseudomonas
k141_47238	Bacteria;Pseudomonadota;Gammaproteobacteria;Pseudomonadales;Pseudomonadaceae;Pseudomonas
k141_54498	Bacteria;Chlorobiota;Chlorobiia;Chlorobiales;Chlorobiaceae;Chlorobium;Chlorobium phaeobacteroides
k141_43598	Archaea;Thermoproteota;Thermoprotei;Desulfurococcales;Desulfurococcaceae;Ignicoccus;Ignicoccus islandicus
k141_3683	Bacteria
k141_29082	Bacteria;Fusobacteriota;Fusobacteriia;Fusobacteriales;Fusobacteriaceae;Fusobacterium
k141_39936	Bacteria;Thermodesulfobacteriota;Desulfobulbia;Desulfobulbales;Desulfobulbaceae;Desulfobulbus;Desulfobulbus oralis
k141_32716	Bacteria;Chlorobiota;Chlorobiia;Chlorobiales;Chlorobiaceae;Chlorobium;Chlorobium phaeobacteroides
k141_10934	Bacteria;Pseudomonadota;Gammaproteobacteria;Alteromonadales;Shewanellaceae;Shewanella
k141_18194	Bacteria;Pseudomonadota;Gammaproteobacteria;Pseudomonadales;Pseudomonadaceae;Pseudomonas
k141_39943	
k141_43602	Bacteria;Pseudomonadota;Gammaproteobacteria;Alteromonadales;Shewanellaceae;Shewanella
k141_32723	Archaea;Methanobacteriota;Methanococci;Methanococcales;Methanococcaceae;Methanococcus;Methanococcus maripaludis
k141_54500	Bacteria;Aquificota;Aquificia;Aquificales;Aquificaceae;Hydrogenobaculum
k141_29094	Archaea;Thermoproteota;Thermoprotei;Thermoproteales;Thermoproteaceae;Pyrobaculum;Pyrobaculum calidifontis
k141_43606	
k141_18198	Archaea;Thermoproteota;Thermoprotei;Desulfurococcales;Desulfurococcaceae;Ignicoccus;Ignicoccus hospitalis
k141_3697	Bacteria;Pseudomonadota;Gammaproteobacteria;Pseudomonadales;Pseudomonadaceae;Pseudomonas
k141_50	Bacteria;Pseudomonadota;Gammaproteobacteria;Pseudomonadales;Pseudomonadaceae;Pseudomonas
k141_43607	Bacteria;Pseudomonadota;Gammaproteobacteria;Alteromonadales;Shewanellaceae;Shewanella
k141_10945	Bacteria;Chlorobiota;Chlorobiia;Chlorobiales;Chlorobiaceae;Chlorobium;Chlorobium phaeobacteroides
k141_18199	Archaea;Methanobacteriota;Methanococci;Methanococcales;Methanococcaceae;Methanococcus;Methanococcus maripaludis
k141_51	Bacteria;Bacteroidota;Bacteroidia;Bacteroidales;Bacteroidaceae;Phocaeicola
k141_54504	Bacteria;Pseudomonadota;Gammaproteobacteria;Pseudomonadales;Pseudomonadaceae;Pseudomonas
k141_32727	Bacteria;Pseudomonadota;Gammaproteobacteria;Alteromonadales;Shewanellaceae;Shewanella;Shewanella baltica
k141_18201	Bacteria;Pseudomonadota;Gammaproteobacteria;Alteromonadales;Shewanellaceae;Shewanella
k141_54508	Bacteria;Chloroflexota;Chloroflexia;Chloroflexales;Chloroflexaceae;Chloroflexus;Chloroflexus aurantiacus
k141_47249	Bacteria;Planctomycetota;Planctomycetia;Pirellulales;Pirellulaceae;Rhodopirellula;Rhodopirellula baltica
k141_54	Bacteria;Aquificota;Aquificia;Aquificales;Aquificaceae;Hydrogenobaculum;Hydrogenobaculum sp. Y04AAS1
k141_3703	
k141_18202	Bacteria;Pseudomonadota;Gammaproteobacteria;Alteromonadales;Shewanellaceae;Shewanella
k141_47253	Bacteria;Pseudomonadota;Gammaproteobacteria;Pseudomonadales;Pseudomonadaceae;Pseudomonas
k141_54515	Bacteria;Aquificota;Aquificia;Aquificales;Aquificaceae;Hydrogenobaculum
k141_43620	Bacteria;Pseudomonadota;Gammaproteobacteria;Pseudomonadales;Pseudomonadaceae;Pseudomonas
k141_39944	Archaea;Methanobacteriota;Halobacteria;Halobacteriales;Halobacteriaceae;Halobacterium
k141_32731	Bacteria;Chlorobiota;Chlorobiia;Chlorobiales;Chlorobiaceae;Chlorobium;Chlorobium limicola
k141_3707	Bacteria;Fusobacteriota;Fusobacteriia;Fusobacteriales;Fusobacteriaceae;Fusobacterium
k141_10957	Bacteria;Planctomycetota;Planctomycetia;Pirellulales;Pirellulaceae;Rhodopirellula;Rhodopirellula baltica
k141_3709	
k141_18213	Archaea;Thermoproteota;Thermoprotei;Thermoproteales;Thermoproteaceae;Pyrobaculum;Pyrobaculum calidifontis
k141_39946	Bacteria;Planctomycetota;Planctomycetia;Pirellulales;Pirellulaceae;Rhodopirellula;Rhodopirellula baltica
k141_62	Bacteria;Bacillota
k141_54522	
k141_21780	Archaea;Methanobacteriota;Methanococci;Methanococcales;Methanocaldococcaceae;Methanocaldococcus;Methanocaldococcus jannaschii
k141_18215	Bacteria;Chlorobiota;Chlorobiia;Chlorobiales;Chlorobiaceae;Chlorobaculum
k141_54525	Bacteria;Chlorobiota;Chlorobiia;Chlorobiales;Chlorobiaceae;Chlorobium;Chlorobium phaeobacteroides
k141_7310	Bacteria;Thermotogota;Thermotogae;Thermotogales;Thermotogaceae;Thermotoga;Thermotoga neapolitana
k141_10963	Bacteria;Fusobacteriota;Fusobacteriia;Fusobacteriales;Fusobacteriaceae;Fusobacterium
k141_3724	Bacteria;Cyanobacteriota;Cyanophyceae;Nostocales;Nostocaceae
k141_43635	Bacteria;Aquificota;Aquificia;Aquificales;Aquificaceae;Hydrogenobaculum;Hydrogenobaculum sp. Y04AAS1
k141_7313	Bacteria;Pseudomonadota;Gammaproteobacteria;Alteromonadales;Shewanellaceae;Shewanella
k141_32732	Bacteria;Fusobacteriota;Fusobacteriia;Fusobacteriales;Fusobacteriaceae;Fusobacterium
k141_18225	
k141_7317	Bacteria;Spirochaetota;Spirochaetia;Treponematales;Treponemataceae;Treponema
k141_50836	Bacteria;Thermodesulfobacteriota;Desulfobulbia;Desulfobulbales;Desulfobulbaceae;Desulfobulbus;Desulfobulbus oralis
k141_32736	Bacteria;Pseudomonadota;Gammaproteobacteria;Pseudomonadales;Pseudomonadaceae;Pseudomonas
k141_54534	Bacteria;Pseudomonadota;Gammaproteobacteria;Pseudomonadales;Pseudomonadaceae;Pseudomonas
k141_50840	Bacteria;Chlorobiota;Chlorobiia;Chlorobiales;Chlorobiaceae;Chlorobaculum;Chlorobaculum tepidum
k141_10967	Bacteria;Planctomycetota;Planctomycetia;Pirellulales;Pirellulaceae;Rhodopirellula;Rhodopirellula baltica
k141_32741	Bacteria;Chlorobiota;Chlorobiia;Chlorobiales;Chlorobiaceae;Chlorobium;Chlorobium limicola
k141_7322	Archaea;Methanobacteriota;Methanococci;Methanococcales;Methanococcaceae;Methanococcus;Methanococcus maripaludis
k141_50841	Bacteria;Verrucomicrobiota;Verrucomicrobiia;Verrucomicrobiales;Akkermansiaceae;Akkermansia;Akkermansia muciniphila
k141_10969	Bacteria;Pseudomonadota;Gammaproteobacteria;Pseudomonadales;Pseudomonadaceae;Pseudomonas
k141_7325	Bacteria;Aquificota;Aquificia;Aquificales;Aquificaceae;Hydrogenobaculum;Hydrogenobaculum sp. Y04AAS1
k141_50842	
k141_29097	Bacteria;Planctomycetota;Planctomycetia;Pirellulales;Pirellulaceae;Rhodopirellula;Rhodopirellula baltica
k141_18233	Bacteria;Planctomycetota;Planctomycetia;Pirellulales;Pirellulaceae;Rhodopirellula;Rhodopirellula baltica
k141_47257	Bacteria;Fusobacteriota;Fusobacteriia;Fusobacteriales;Fusobacteriaceae;Fusobacterium
k141_32743	Bacteria;Pseudomonadota;Gammaproteobacteria;Alteromonadales;Shewanellaceae;Shewanella
k141_39955	Bacteria;Planctomycetota;Planctomycetia;Pirellulales;Pirellulaceae;Rhodopirellula;Rhodopirellula baltica
k141_50844	
k141_7332	Archaea;Thermoproteota;Thermoprotei;Thermoproteales;Thermoproteaceae;Pyrobaculum;Pyrobaculum calidifontis
k141_18234	Archaea;Thermoproteota;Thermoprotei;Desulfurococcales;Desulfurococcaceae;Ignicoccus;Ignicoccus islandicus
k141_54549	Bacteria;Chloroflexota;Chloroflexia;Chloroflexales;Chloroflexaceae;Chloroflexus;Chloroflexus aurantiacus
k141_18235	Archaea;Thermoproteota;Thermoprotei;Desulfurococcales;Desulfurococcaceae;Ignicoccus;Ignicoccus islandicus
k141_50845	Bacteria;Pseudomonadota;Gammaproteobacteria;Alteromonadales;Shewanellaceae;Shewanella
k141_29103	Bacteria;Aquificota;Aquificia;Aquificales;Aquificaceae;Hydrogenobaculum;Hydrogenobaculum sp. Y04AAS1
k141_32747	Archaea;Thermoproteota;Thermoprotei;Desulfurococcales;Desulfurococcaceae;Ignicoccus;Ignicoccus islandicus
k141_32748	Bacteria;Pseudomonadota;Gammaproteobacteria;Pseudomonadales;Pseudomonadaceae;Pseudomonas
k141_54550	Bacteria;Pseudomonadota;Gammaproteobacteria;Pseudomonadales;Pseudomonadaceae;Pseudomonas
k141_39965	Bacteria;Thermotogota;Thermotogae;Thermotogales;Thermotogaceae;Thermotoga
k141_18236	Bacteria;Planctomycetota;Planctomycetia;Pirellulales;Pirellulaceae;Rhodopirellula;Rhodopirellula baltica
k141_21793	Bacteria;Pseudomonadota;Betaproteobacteria;Nitrosomonadales;Nitrosomonadaceae;Nitrosomonas
k141_32749	Bacteria;Pseudomonadota;Gammaproteobacteria;Pseudomonadales;Pseudomonadaceae;Pseudomonas
k141_18238	Bacteria;Chlorobiota;Chlorobiia;Chlorobiales;Chlorobiaceae;Chlorobium;Chlorobium limicola
k141_50846	Bacteria;Pseudomonadota;Gammaproteobacteria;Alteromonadales;Shewanellaceae;Shewanella
k141_21796	Bacteria;Pseudomonadota;Gammaproteobacteria;Pseudomonadales;Pseudomonadaceae;Pseudomonas
k141_29116	Bacteria;Aquificota;Aquificia;Aquificales;Aquificaceae;Hydrogenobaculum;Hydrogenobaculum sp. Y04AAS1
k141_54555	Bacteria;Pseudomonadota;Gammaproteobacteria;Pseudomonadales;Pseudomonadaceae;Pseudomonas
k141_32752	Bacteria;Pseudomonadota;Gammaproteobacteria;Alteromonadales;Shewanellaceae;Shewanella
k141_39974	Bacteria;Campylobacterota;Epsilonproteobacteria;Campylobacterales;Helicobacteraceae;Wolinella;Wolinella succinogenes
k141_29117	Bacteria;Chlorobiota;Chlorobiia;Chlorobiales;Chlorobiaceae;Chlorobium;Chlorobium phaeobacteroides
k141_54558	Bacteria;Pseudomonadota;Gammaproteobacteria;Pseudomonadales;Pseudomonadaceae;Pseudomonas
k141_21797	Bacteria;Pseudomonadota;Gammaproteobacteria;Alteromonadales;Shewanellaceae;Shewanella
k141_39977	Bacteria;Pseudomonadota;Gammaproteobacteria;Alteromonadales;Shewanellaceae;Shewanella
k141_54559	Bacteria;Verrucomicrobiota;Verrucomicrobiia;Verrucomicrobiales;Akkermansiaceae;Akkermansia;Akkermansia muciniphila
k141_7343	Bacteria;Bacillota;Clostridia;Thermoanaerobacterales;Thermoanaerobacteraceae;Thermoanaerobacter
k141_32758	Bacteria;Pseudomonadota;Gammaproteobacteria;Pseudomonadales;Pseudomonadaceae;Pseudomonas
k141_39979	Bacteria;Pseudomonadota;Gammaproteobacteria;Pseudomonadales;Pseudomonadaceae;Pseudomonas
k141_29119	Bacteria;Pseudomonadota;Gammaproteobacteria;Alteromonadales;Shewanellaceae;Shewanella
k141_54561	Bacteria;Verrucomicrobiota;Verrucomicrobiia;Verrucomicrobiales;Akkermansiaceae;Akkermansia;Akkermansia muciniphila
k141_7347	Bacteria;Cyanobacteriota;Cyanophyceae;Nostocales;Nostocaceae
k141_7349	Bacteria;Chloroflexota;Chloroflexia;Chloroflexales;Chloroflexaceae;Chloroflexus;Chloroflexus aurantiacus
k141_32766	Bacteria;Chlorobiota;Chlorobiia;Chlorobiales;Chlorobiaceae;Chlorobaculum;Chlorobaculum tepidum
k141_39986	Bacteria;Pseudomonadota;Gammaproteobacteria;Pseudomonadales;Pseudomonadaceae;Pseudomonas
k141_54562	Bacteria;Fusobacteriota;Fusobacteriia;Fusobacteriales;Fusobacteriaceae;Fusobacterium;Fusobacterium nucleatum
k141_3728	Bacteria;Chlorobiota;Chlorobiia;Chlorobiales;Chlorobiaceae;Chlorobium;Chlorobium limicola
k141_54563	Bacteria;Chlorobiota;Chlorobiia;Chlorobiales;Chlorobiaceae;Chlorobium;Chlorobium phaeobacteroides
k141_3732	Bacteria;Verrucomicrobiota;Verrucomicrobiia;Verrucomicrobiales;Akkermansiaceae;Akkermansia
k141_32772	Bacteria;Chlorobiota;Chlorobiia;Chlorobiales;Chlorobiaceae;Chlorobium;Chlorobium phaeobacteroides
k141_25437	
k141_50848	Bacteria;Planctomycetota;Planctomycetia;Pirellulales;Pirellulaceae;Rhodopirellula;Rhodopirellula baltica
k141_43636	Bacteria;Thermodesulfobacteriota;Desulfobulbia;Desulfobulbales;Desulfobulbaceae;Desulfobulbus;Desulfobulbus oralis
k141_21819	Bacteria;Pseudomonadota;Gammaproteobacteria;Pseudomonadales;Pseudomonadaceae;Pseudomonas
k141_7350	Bacteria;Pseudomonadota;Gammaproteobacteria;Alteromonadales;Shewanellaceae;Shewanella
k141_32779	Bacteria;Pseudomonadota;Gammaproteobacteria;Pseudomonadales;Pseudomonadaceae;Pseudomonas
k141_43639	Bacteria;Bacillota
k141_18262	Archaea;Methanobacteriota;Halobacteria;Halobacteriales;Halobacteriaceae;Halobacterium;Halobacterium salinarum
k141_18263	
k141_32781	Bacteria;Pseudomonadota;Gammaproteobacteria;Pseudomonadales;Pseudomonadaceae;Pseudomonas
k141_25445	Bacteria;Aquificota;Aquificia;Aquificales;Aquificaceae;Hydrogenobaculum
k141_50852	Bacteria;Planctomycetota;Planctomycetia;Pirellulales;Pirellulaceae;Rhodopirellula
k141_21829	Archaea;Thermoproteota;Thermoprotei;Desulfurococcales;Desulfurococcaceae;Ignicoccus;Ignicoccus islandicus
k141_40009	Bacteria;Pseudomonadota;Gammaproteobacteria;Pseudomonadales;Pseudomonadaceae;Pseudomonas
k141_50853	Archaea;Methanobacteriota;Methanopyri;Methanopyrales;Methanopyraceae;Methanopyrus;Methanopyrus kandleri
k141_25450	Bacteria;Chlorobiota;Chlorobiia;Chlorobiales;Chlorobiaceae;Chlorobium;Chlorobium phaeobacteroides
k141_3735	Bacteria;Pseudomonadota;Gammaproteobacteria;Alteromonadales;Shewanellaceae;Shewanella
k141_32789	Archaea;Thermoproteota;Thermoprotei;Desulfurococcales;Desulfurococcaceae;Ignicoccus;Ignicoccus hospitalis
k141_29123	
k141_18274	Bacteria;Chlorobiota;Chlorobiia;Chlorobiales;Chlorobiaceae;Chlorobium;Chlorobium phaeobacteroides
k141_7374	Archaea;Thermoproteota;Thermoprotei;Desulfurococcales;Desulfurococcaceae;Ignicoccus;Ignicoccus islandicus
k141_25452	Bacteria;Pseudomonadota;Gammaproteobacteria;Alteromonadales;Shewanellaceae;Shewanella
k141_79	Bacteria;Planctomycetota;Planctomycetia;Pirellulales;Pirellulaceae;Rhodopirellula;Rhodopirellula baltica
k141_18275	Bacteria;Planctomycetota;Planctomycetia;Pirellulales;Pirellulaceae;Rhodopirellula;Rhodopirellula baltica
k141_18276	
k141_3739	Bacteria;Planctomycetota;Planctomycetia;Pirellulales;Pirellulaceae;Rhodopirellula;Rhodopirellula baltica
k141_29128	Bacteria;Chlorobiota;Chlorobiia;Chlorobiales;Chlorobiaceae;Chlorobaculum;Chlorobaculum tepidum
k141_25460	Bacteria;Chloroflexota;Chloroflexia;Chloroflexales;Chloroflexaceae;Chloroflexus;Chloroflexus aurantiacus
k141_32800	Bacteria;Campylobacterota;Epsilonproteobacteria;Campylobacterales;Helicobacteraceae;Wolinella;Wolinella succinogenes
k141_29131	Bacteria;Pseudomonadota;Gammaproteobacteria;Alteromonadales;Shewanellaceae;Shewanella
k141_3743	Bacteria;Pseudomonadota;Gammaproteobacteria;Alteromonadales;Shewanellaceae;Shewanella
k141_40019	Archaea;Methanobacteriota;Halobacteria;Halobacteriales
k141_94	Archaea;Methanobacteriota;Methanococci;Methanococcales;Methanococcaceae;Methanococcus;Methanococcus maripaludis
k141_3744	
k141_50857	Bacteria;Bacteroidota;Bacteroidia;Bacteroidales;Porphyromonadaceae;Porphyromonas;Porphyromonas gingivalis
k141_29136	Bacteria;Pseudomonadota;Gammaproteobacteria;Pseudomonadales;Pseudomonadaceae;Pseudomonas
k141_32811	Bacteria;Cyanobacteriota;Cyanophyceae;Nostocales;Nostocaceae
k141_32812	Bacteria;Campylobacterota;Epsilonproteobacteria;Campylobacterales;Helicobacteraceae;Wolinella;Wolinella succinogenes
k141_50858	Bacteria;Chlorobiota;Chlorobiia;Chlorobiales;Chlorobiaceae;Chlorobium;Chlorobium phaeobacteroides
k141_100	Bacteria;Verrucomicrobiota;Verrucomicrobiia;Verrucomicrobiales;Akkermansiaceae;Akkermansia;Akkermansia muciniphila
k141_21837	Bacteria;Pseudomonadota;Gammaproteobacteria
k141_25464	Bacteria;Planctomycetota;Planctomycetia;Pirellulales;Pirellulaceae;Rhodopirellula;Rhodopirellula baltica
k141_29137	Bacteria;Planctomycetota;Planctomycetia;Pirellulales;Pirellulaceae
k141_21840	Bacteria;Chlorobiota;Chlorobiia;Chlorobiales;Chlorobiaceae;Chlorobaculum;Chlorobaculum tepidum
k141_105	Bacteria;Chlorobiota;Chlorobiia;Chlorobiales;Chlorobiaceae;Chlorobaculum;Chlorobaculum tepidum
k141_25465	Bacteria;Pseudomonadota;Gammaproteobacteria;Pseudomonadales;Pseudomonadaceae;Pseudomonas
k141_50869	Bacteria;Pseudomonadota;Gammaproteobacteria;Pseudomonadales;Pseudomonadaceae;Pseudomonas
k141_3764	Bacteria;Planctomycetota;Planctomycetia;Pirellulales;Pirellulaceae;Rhodopirellula;Rhodopirellula baltica
k141_18306	Bacteria;Chlorobiota;Chlorobiia;Chlorobiales;Chlorobiaceae;Chlorobaculum;Chlorobaculum tepidum
k141_29147	Bacteria;Planctomycetota;Planctomycetia;Pirellulales;Pirellulaceae;Rhodopirellula;Rhodopirellula baltica
k141_21844	Bacteria;Planctomycetota;Planctomycetia;Pirellulales;Pirellulaceae;Rhodopirellula;Rhodopirellula baltica
k141_109	
k141_3767	Archaea;Thermoproteota;Thermoprotei;Desulfurococcales;Desulfurococcaceae;Ignicoccus;Ignicoccus hospitalis
k141_40022	Bacteria;Bacillota
k141_21846	Bacteria;Aquificota;Aquificia;Aquificales;Aquificaceae;Hydrogenobaculum
k141_40023	Bacteria;Pseudomonadota;Betaproteobacteria;Nitrosomonadales;Nitrosomonadaceae;Nitrosomonas
k141_3770	Bacteria;Cyanobacteriota;Cyanophyceae;Nostocales;Nostocaceae
k141_29148	Bacteria;Pseudomonadota;Gammaproteobacteria;Alteromonadales;Shewanellaceae;Shewanella
k141_18318	Bacteria;Pseudomonadota;Gammaproteobacteria;Alteromonadales;Shewanellaceae;Shewanella
k141_21848	Bacteria;Pseudomonadota;Gammaproteobacteria;Pseudomonadales;Pseudomonadaceae;Pseudomonas
k141_29149	Bacteria;Cyanobacteriota;Cyanophyceae;Nostocales;Nostocaceae
k141_110	
k141_18319	Archaea;Thermoproteota;Thermoprotei;Thermoproteales;Thermoproteaceae;Pyrobaculum;Pyrobaculum calidifontis
k141_47259	Archaea;Methanobacteriota;Methanobacteria;Methanobacteriales;Methanothermaceae;Methanothermus;Methanothermus sociabilis
k141_10972	Bacteria;Pseudomonadota;Betaproteobacteria;Nitrosomonadales;Nitrosomonadaceae;Nitrosomonas
k141_40042	Bacteria;Aquificota;Aquificia;Aquificales;Aquificaceae;Hydrogenobaculum;Hydrogenobaculum sp. Y04AAS1
k141_21857	Archaea;Methanobacteriota;Methanococci;Methanococcales;Methanococcaceae;Methanococcus;Methanococcus maripaludis
k141_112	Bacteria;Fusobacteriota;Fusobacteriia;Fusobacteriales;Fusobacteriaceae;Fusobacterium
k141_29150	Bacteria;Pseudomonadota;Gammaproteobacteria;Alteromonadales;Shewanellaceae;Shewanella
k141_14549	Bacteria;Bacillota
k141_29151	
k141_18326	Bacteria;Planctomycetota;Planctomycetia;Pirellulales;Pirellulaceae;Rhodopirellula;Rhodopirellula baltica
k141_50872	Bacteria;Pseudomonadota;Gammaproteobacteria;Alteromonadales;Shewanellaceae;Shewanella
k141_40048	Bacteria;Pseudomonadota;Gammaproteobacteria;Pseudomonadales;Pseudomonadaceae;Pseudomonas
k141_32820	
k141_119	Bacteria;Pseudomonadota;Gammaproteobacteria;Pseudomonadales;Pseudomonadaceae;Pseudomonas
k141_29153	Bacteria;Pseudomonadota;Gammaproteobacteria;Pseudomonadales;Pseudomonadaceae;Pseudomonas
k141_3782	Bacteria;Pseudomonadota;Gammaproteobacteria;Alteromonadales;Shewanellaceae;Shewanella
k141_40050	Archaea;Thermoproteota;Thermoprotei;Desulfurococcales;Desulfurococcaceae;Ignicoccus;Ignicoccus islandicus
k141_47275	Bacteria;Pseudomonadota;Gammaproteobacteria;Alteromonadales;Shewanellaceae;Shewanella
k141_10981	Bacteria;Chlorobiota;Chlorobiia;Chlorobiales;Chlorobiaceae;Chlorobaculum;Chlorobaculum tepidum
k141_32824	Bacteria;Cyanobacteriota;Cyanophyceae;Nostocales;Nostocaceae
k141_3785	Bacteria;Cyanobacteriota;Cyanophyceae;Nostocales;Nostocaceae
k141_21863	
k141_40054	Bacteria;Pseudomonadota;Gammaproteobacteria;Pseudomonadales;Pseudomonadaceae;Pseudomonas
k141_32825	Bacteria;Pseudomonadota;Gammaproteobacteria;Pseudomonadales;Pseudomonadaceae;Pseudomonas
k141_125	Bacteria;Pseudomonadota;Gammaproteobacteria;Alteromonadales;Shewanellaceae;Shewanella
k141_10983	Archaea;Thermoproteota;Thermoprotei;Desulfurococcales;Desulfurococcaceae;Ignicoccus;Ignicoccus islandicus
k141_21865	Bacteria;Pseudomonadota;Gammaproteobacteria;Pseudomonadales;Pseudomonadaceae;Pseudomonas
k141_14563	Bacteria
k141_29165	Bacteria;Thermodesulfobacteriota;Desulfobulbia;Desulfobulbales;Desulfobulbaceae;Desulfobulbus;Desulfobulbus oralis
k141_130	Bacteria;Aquificota;Aquificia;Aquificales;Aquificaceae;Hydrogenobaculum
k141_32829	Bacteria;Aquificota;Aquificia;Aquificales;Aquificaceae;Hydrogenobaculum;Hydrogenobaculum sp. Y04AAS1
k141_3790	Bacteria;Pseudomonadota;Gammaproteobacteria;Alteromonadales;Shewanellaceae;Shewanella
k141_7380	
k141_10986	Bacteria;Pseudomonadota;Gammaproteobacteria;Alteromonadales;Shewanellaceae;Shewanella;Shewanella baltica
k141_21866	Bacteria;Verrucomicrobiota;Verrucomicrobiia;Verrucomicrobiales;Akkermansiaceae;Akkermansia;Akkermansia muciniphila
k141_14568	Bacteria;Chlorobiota;Chlorobiia;Chlorobiales;Chlorobiaceae;Chlorobium;Chlorobium phaeobacteroides
k141_40056	Bacteria;Chlorobiota;Chlorobiia;Chlorobiales;Chlorobiaceae;Chlorobaculum
k141_43641	Archaea;Methanobacteriota;Methanobacteria;Methanobacteriales;Methanothermaceae;Methanothermus;Methanothermus sociabilis
k141_132	Archaea;Methanobacteriota;Methanococci;Methanococcales;Methanococcaceae;Methanococcus
k141_50875	
k141_18327	Archaea;Methanobacteriota;Halobacteria;Halobacteriales;Halobacteriaceae;Halobacterium
k141_32835	Bacteria;Pseudomonadota;Gammaproteobacteria;Alteromonadales;Shewanellaceae;Shewanella
k141_134	Bacteria;Chloroflexota;Chloroflexia;Chloroflexales;Chloroflexaceae;Chloroflexus;Chloroflexus aurantiacus
k141_40061	Bacteria;Pseudomonadota;Gammaproteobacteria;Alteromonadales;Shewanellaceae;Shewanella
k141_47289	Bacteria;Pseudomonadota;Gammaproteobacteria;Alteromonadales;Shewanellaceae;Shewanella
k141_50880	Bacteria;Pseudomonadota;Gammaproteobacteria;Alteromonadales;Shewanellaceae;Shewanella
k141_21872	Bacteria;Pseudomonadota;Gammaproteobacteria;Pseudomonadales;Pseudomonadaceae;Pseudomonas
k141_135	Bacteria;Pseudomonadota;Gammaproteobacteria;Alteromonadales;Shewanellaceae;Shewanella
k141_32837	Archaea;Methanobacteriota;Methanococci;Methanococcales;Methanococcaceae;Methanococcus
k141_7386	Bacteria;Pseudomonadota;Gammaproteobacteria;Pseudomonadales;Pseudomonadaceae;Pseudomonas
k141_136	Bacteria;Spirochaetota;Spirochaetia;Treponematales;Treponemataceae;Treponema
k141_50881	Bacteria;Pseudomonadota;Gammaproteobacteria;Pseudomonadales;Pseudomonadaceae;Pseudomonas
k141_7387	Archaea;Thermoproteota;Thermoprotei;Thermoproteales;Thermoproteaceae;Pyrobaculum;Pyrobaculum calidifontis
k141_32839	Bacteria;Pseudomonadota;Gammaproteobacteria;Pseudomonadales;Pseudomonadaceae;Pseudomonas
k141_40068	Bacteria;Chlorobiota;Chlorobiia;Chlorobiales;Chlorobiaceae;Chlorobaculum;Chlorobaculum tepidum
k141_3793	Bacteria;Chlorobiota;Chlorobiia;Chlorobiales;Chlorobiaceae;Chlorobium;Chlorobium limicola
k141_47296	Bacteria;Planctomycetota;Planctomycetia;Pirellulales;Pirellulaceae;Rhodopirellula;Rhodopirellula baltica
k141_40070	Bacteria;Pseudomonadota;Gammaproteobacteria;Pseudomonadales;Pseudomonadaceae;Pseudomonas
k141_29179	Bacteria;Planctomycetota;Planctomycetia;Pirellulales;Pirellulaceae;Rhodopirellula;Rhodopirellula baltica
k141_18348	Bacteria;Pseudomonadota;Gammaproteobacteria;Pseudomonadales;Pseudomonadaceae;Pseudomonas
k141_7394	Bacteria;Bacteroidota;Bacteroidia;Bacteroidales;Bacteroidaceae
k141_29180	Bacteria;Bacillota
k141_3794	Archaea;Thermoproteota;Thermoprotei;Desulfurococcales;Desulfurococcaceae;Ignicoccus;Ignicoccus hospitalis
k141_7399	Bacteria;Pseudomonadota;Gammaproteobacteria;Alteromonadales;Shewanellaceae;Shewanella
k141_11014	Bacteria;Chlorobiota;Chlorobiia;Chlorobiales;Chlorobiaceae;Chlorobium;Chlorobium phaeobacteroides
k141_14574	Bacteria;Pseudomonadota;Gammaproteobacteria;Alteromonadales;Shewanellaceae;Shewanella
k141_3797	Bacteria;Pseudomonadota;Gammaproteobacteria;Alteromonadales;Shewanellaceae;Shewanella
k141_40077	Bacteria;Pseudomonadota;Gammaproteobacteria;Alteromonadales;Shewanellaceae;Shewanella
k141_50899	Bacteria;Pseudomonadota;Gammaproteobacteria;Pseudomonadales;Pseudomonadaceae;Pseudomonas
k141_11016	Bacteria;Cyanobacteriota;Cyanophyceae;Nostocales;Nostocaceae
k141_47313	Bacteria;Cyanobacteriota;Cyanophyceae;Nostocales;Nostocaceae
k141_40081	Bacteria;Pseudomonadota;Gammaproteobacteria;Pseudomonadales;Pseudomonadaceae;Pseudomonas
k141_50902	Bacteria;Pseudomonadota;Gammaproteobacteria;Pseudomonadales;Pseudomonadaceae;Pseudomonas;Pseudomonas marginalis
k141_21878	
k141_7402	Bacteria;Pseudomonadota;Gammaproteobacteria;Alteromonadales;Shewanellaceae;Shewanella
k141_11017	Archaea;Methanobacteriota;Methanococci;Methanococcales;Methanococcaceae;Methanococcus
k141_18357	Bacteria;Pseudomonadota;Gammaproteobacteria;Alteromonadales;Shewanellaceae;Shewanella
k141_7406	Archaea;Thermoproteota;Thermoprotei;Desulfurococcales;Desulfurococcaceae;Ignicoccus;Ignicoccus hospitalis
k141_40086	Bacteria;Aquificota;Aquificia;Aquificales;Aquificaceae;Hydrogenobaculum
k141_14578	Bacteria;Planctomycetota;Planctomycetia;Pirellulales;Pirellulaceae;Rhodopirellula;Rhodopirellula baltica
k141_18359	Bacteria;Pseudomonadota;Gammaproteobacteria;Alteromonadales;Shewanellaceae;Shewanella
k141_32847	Bacteria;Planctomycetota;Planctomycetia;Pirellulales;Pirellulaceae;Rhodopirellula;Rhodopirellula baltica
k141_36301	Bacteria;Thermotogota;Thermotogae;Thermotogales;Thermotogaceae;Thermotoga
k141_40091	Bacteria;Verrucomicrobiota;Verrucomicrobiia;Verrucomicrobiales;Akkermansiaceae;Akkermansia
k141_47316	Bacteria;Pseudomonadota;Gammaproteobacteria;Alteromonadales;Shewanellaceae;Shewanella
k141_7409	Bacteria;Chloroflexota;Chloroflexia;Chloroflexales;Chloroflexaceae;Chloroflexus;Chloroflexus aurantiacus
k141_50920	Bacteria;Pseudomonadota;Gammaproteobacteria;Alteromonadales;Shewanellaceae;Shewanella
k141_21888	Bacteria;Pseudomonadota;Gammaproteobacteria;Alteromonadales;Shewanellaceae;Shewanella
k141_50922	Bacteria;Bacteroidota;Bacteroidia;Bacteroidales;Bacteroidaceae
k141_18365	Archaea;Thermoproteota;Thermoprotei;Desulfurococcales;Desulfurococcaceae;Ignicoccus;Ignicoccus islandicus
k141_36306	Bacteria;Pseudomonadota;Gammaproteobacteria;Pseudomonadales;Pseudomonadaceae;Pseudomonas;Pseudomonas marginalis
k141_40095	Bacteria;Chlorobiota;Chlorobiia;Chlorobiales;Chlorobiaceae;Chlorobaculum;Chlorobaculum tepidum
k141_14579	Bacteria;Pseudomonadota;Gammaproteobacteria;Alteromonadales;Shewanellaceae;Shewanella
k141_21889	Bacteria;Pseudomonadota;Gammaproteobacteria;Pseudomonadales;Pseudomonadaceae;Pseudomonas
k141_138	Bacteria;Chlorobiota;Chlorobiia;Chlorobiales;Chlorobiaceae;Chlorobium;Chlorobium limicola
k141_7416	Archaea;Thermoproteota;Thermoprotei;Desulfurococcales;Desulfurococcaceae;Ignicoccus;Ignicoccus hospitalis
k141_32856	Bacteria;Chlorobiota;Chlorobiia;Chlorobiales;Chlorobiaceae;Chlorobium;Chlorobium phaeobacteroides
k141_18368	Bacteria;Chlorobiota;Chlorobiia;Chlorobiales;Chlorobiaceae;Chlorobium;Chlorobium phaeobacteroides
k141_47323	Bacteria;Pseudomonadota;Gammaproteobacteria;Pseudomonadales;Pseudomonadaceae;Pseudomonas
k141_40096	Bacteria;Chlorobiota;Chlorobiia;Chlorobiales;Chlorobiaceae;Chlorobium;Chlorobium phaeobacteroides
k141_139	
k141_54566	Bacteria;Thermotogota;Thermotogae;Thermotogales;Thermotogaceae;Thermotoga
k141_14588	Bacteria;Pseudomonadota;Gammaproteobacteria;Pseudomonadales;Pseudomonadaceae;Pseudomonas
k141_50934	Bacteria;Pseudomonadota;Gammaproteobacteria;Pseudomonadales;Pseudomonadaceae;Pseudomonas
k141_36317	Bacteria;Chlorobiota;Chlorobiia;Chlorobiales;Chlorobiaceae;Chlorobaculum;Chlorobaculum tepidum
k141_54567	Archaea;Methanobacteriota;Methanococci;Methanococcales;Methanococcaceae;Methanococcus;Methanococcus maripaludis
k141_47332	Bacteria;Pseudomonadota;Gammaproteobacteria;Alteromonadales;Shewanellaceae;Shewanella
k141_14590	
k141_32866	Bacteria;Pseudomonadota;Gammaproteobacteria;Pseudomonadales;Pseudomonadaceae;Pseudomonas
k141_7426	Bacteria;Pseudomonadota;Gammaproteobacteria;Alteromonadales;Shewanellaceae;Shewanella
k141_40108	Bacteria;Verrucomicrobiota;Verrucomicrobiia;Verrucomicrobiales;Akkermansiaceae;Akkermansia;Akkermansia muciniphila
k141_25469	Bacteria;Bacillota
k141_36321	
k141_54569	Archaea;Methanobacteriota;Methanococci;Methanococcales;Methanococcaceae;Methanococcus;Methanococcus maripaludis
k141_47336	Bacteria;Planctomycetota;Planctomycetia;Pirellulales;Pirellulaceae;Rhodopirellula;Rhodopirellula baltica
k141_7428	Archaea;Methanobacteriota;Halobacteria;Halobacteriales;Halobacteriaceae;Halobacterium
k141_40109	
k141_151	Archaea;Methanobacteriota;Methanococci;Methanococcales;Methanococcaceae;Methanococcus;Methanococcus maripaludis
k141_32872	Bacteria;Cyanobacteriota;Cyanophyceae;Nostocales;Nostocaceae
k141_50935	Bacteria;Pseudomonadota;Gammaproteobacteria;Alteromonadales;Shewanellaceae;Shewanella
k141_14591	Archaea;Thermoproteota;Thermoprotei;Desulfurococcales;Desulfurococcaceae;Ignicoccus;Ignicoccus islandicus
k141_47339	
k141_11025	Bacteria;Fusobacteriota;Fusobacteriia;Fusobacteriales;Fusobacteriaceae;Fusobacterium
k141_40110	Bacteria;Pseudomonadota;Gammaproteobacteria;Alteromonadales;Shewanellaceae;Shewanella
k141_25470	Archaea;Methanobacteriota;Halobacteria;Halobacteriales;Halobacteriaceae;Halobacterium
k141_11026	Bacteria;Chloroflexota;Chloroflexia;Chloroflexales;Chloroflexaceae;Chloroflexus;Chloroflexus aurantiacus
k141_43642	Bacteria;Bacillota
k141_25471	Bacteria;Pseudomonadota;Gammaproteobacteria;Pseudomonadales;Pseudomonadaceae
k141_14592	Archaea;Methanobacteriota;Halobacteria;Halobacteriales;Halobacteriaceae;Halobacterium
k141_36328	Bacteria;Planctomycetota;Planctomycetia;Pirellulales;Pirellulaceae;Rhodopirellula;Rhodopirellula baltica
k141_47349	Bacteria;Pseudomonadota
k141_40115	Bacteria;Bacteroidota;Bacteroidia;Bacteroidales;Bacteroidaceae
k141_11029	Archaea;Methanobacteriota;Archaeoglobi;Archaeoglobales;Archaeoglobaceae;Archaeoglobus;Archaeoglobus fulgidus
k141_54571	Archaea;Methanobacteriota;Methanobacteria;Methanobacteriales;Methanothermaceae;Methanothermus;Methanothermus sociabilis
k141_3799	
k141_25475	Bacteria;Pseudomonadota
k141_50945	
k141_47350	Bacteria;Verrucomicrobiota;Verrucomicrobiia;Verrucomicrobiales;Akkermansiaceae;Akkermansia;Akkermansia muciniphila
k141_14594	Archaea;Methanobacteriota;Methanococci;Methanococcales;Methanococcaceae;Methanococcus;Methanococcus maripaludis
k141_36331	Archaea;Thermoproteota;Thermoprotei;Desulfurococcales;Desulfurococcaceae;Ignicoccus;Ignicoccus islandicus
k141_40122	Bacteria;Pseudomonadota;Gammaproteobacteria;Pseudomonadales;Pseudomonadaceae;Pseudomonas
k141_14595	Bacteria;Cyanobacteriota;Cyanophyceae;Nostocales;Nostocaceae
k141_7442	Bacteria;Planctomycetota;Planctomycetia;Pirellulales;Pirellulaceae;Rhodopirellula;Rhodopirellula baltica
k141_25481	Archaea;Methanobacteriota;Methanococci;Methanococcales;Methanococcaceae;Methanococcus
k141_43644	
k141_36333	Bacteria;Chlorobiota;Chlorobiia;Chlorobiales;Chlorobiaceae;Chlorobium;Chlorobium phaeobacteroides
k141_11036	Archaea;Thermoproteota;Thermoprotei;Desulfurococcales;Desulfurococcaceae;Ignicoccus;Ignicoccus hospitalis
k141_25482	
k141_3806	Bacteria;Chlorobiota;Chlorobiia;Chlorobiales;Chlorobiaceae;Chlorobium;Chlorobium phaeobacteroides
k141_36334	Bacteria;Pseudomonadota;Gammaproteobacteria;Pseudomonadales;Pseudomonadaceae;Pseudomonas
k141_40130	Bacteria;Pseudomonadota;Gammaproteobacteria;Pseudomonadales;Pseudomonadaceae;Pseudomonas
k141_50952	Bacteria;Pseudomonadota;Gammaproteobacteria;Alteromonadales;Shewanellaceae;Shewanella;Shewanella baltica
k141_43652	Bacteria;Chlorobiota;Chlorobiia;Chlorobiales;Chlorobiaceae;Chlorobaculum;Chlorobaculum tepidum
k141_36339	Archaea;Methanobacteriota;Halobacteria;Halobacteriales;Halobacteriaceae;Halobacterium
k141_40134	Archaea;Thermoproteota;Thermoprotei;Desulfurococcales;Desulfurococcaceae;Ignicoccus;Ignicoccus islandicus
k141_14607	Archaea;Methanobacteriota;Halobacteria;Halobacteriales;Halobacteriaceae;Halobacterium
k141_50959	
k141_25491	Bacteria;Verrucomicrobiota;Verrucomicrobiia;Verrucomicrobiales;Akkermansiaceae;Akkermansia;Akkermansia muciniphila
k141_7455	Bacteria;Chlorobiota;Chlorobiia;Chlorobiales;Chlorobiaceae;Chlorobaculum
k141_54572	Bacteria;Planctomycetota;Planctomycetia;Pirellulales;Pirellulaceae;Rhodopirellula;Rhodopirellula baltica
k141_40135	Bacteria;Fusobacteriota;Fusobacteriia;Fusobacteriales;Fusobacteriaceae;Fusobacterium
k141_43657	Bacteria;Pseudomonadota;Gammaproteobacteria;Pseudomonadales;Pseudomonadaceae;Pseudomonas
k141_14608	Bacteria;Pseudomonadota;Gammaproteobacteria;Pseudomonadales;Pseudomonadaceae;Pseudomonas
k141_25497	
k141_40139	Archaea;Methanobacteriota;Methanococci;Methanococcales;Methanococcaceae;Methanococcus;Methanococcus maripaludis
k141_36351	Bacteria;Chlorobiota;Chlorobiia;Chlorobiales;Chlorobiaceae;Chlorobaculum;Chlorobaculum tepidum
k141_47377	Bacteria;Bacteroidota;Bacteroidia;Bacteroidales;Porphyromonadaceae;Porphyromonas;Porphyromonas gingivalis
k141_32882	
k141_40140	Bacteria;Planctomycetota;Planctomycetia;Pirellulales;Pirellulaceae;Rhodopirellula;Rhodopirellula baltica
k141_47379	Archaea;Thermoproteota;Thermoprotei;Desulfurococcales;Desulfurococcaceae;Ignicoccus;Ignicoccus islandicus
k141_32885	Bacteria;Thermodesulfobacteriota;Desulfovibrionia;Desulfovibrionales;Desulfovibrionaceae;Desulfovibrio;Desulfovibrio piger
k141_29181	Bacteria;Pseudomonadota;Betaproteobacteria;Nitrosomonadales;Nitrosomonadaceae;Nitrosomonas
k141_32886	Bacteria;Pseudomonadota;Gammaproteobacteria;Pseudomonadales;Pseudomonadaceae;Pseudomonas
k141_25510	Archaea;Methanobacteriota;Methanococci;Methanococcales;Methanococcaceae;Methanococcus;Methanococcus maripaludis
k141_54588	Bacteria;Bacillota
k141_47381	Bacteria;Aquificota;Aquificia;Aquificales;Aquificaceae;Hydrogenobaculum
k141_40153	Bacteria;Cyanobacteriota;Cyanophyceae;Nostocales;Nostocaceae
k141_14612	Archaea;Methanobacteriota;Methanobacteria;Methanobacteriales;Methanothermaceae;Methanothermus;Methanothermus sociabilis
k141_54596	Bacteria;Cyanobacteriota;Cyanophyceae;Nostocales;Nostocaceae
k141_32893	Bacteria
k141_29184	Bacteria;Chlorobiota;Chlorobiia;Chlorobiales;Chlorobiaceae;Chlorobaculum
k141_36353	Bacteria;Planctomycetota;Planctomycetia;Pirellulales;Pirellulaceae;Rhodopirellula;Rhodopirellula baltica
k141_40156	Bacteria;Planctomycetota;Planctomycetia;Pirellulales;Pirellulaceae;Rhodopirellula;Rhodopirellula baltica
k141_29185	Archaea;Methanobacteriota;Halobacteria;Halobacteriales;Halobacteriaceae;Halobacterium
k141_47389	
k141_50962	
k141_3808	
k141_36356	Archaea;Methanobacteriota;Methanococci;Methanococcales;Methanococcaceae;Methanococcus;Methanococcus maripaludis
k141_25521	Bacteria;Bacteroidota;Bacteroidia;Bacteroidales;Porphyromonadaceae;Porphyromonas;Porphyromonas gingivalis
k141_29186	Bacteria;Pseudomonadota;Gammaproteobacteria;Alteromonadales;Shewanellaceae;Shewanella
k141_7461	Bacteria;Thermodesulfobacteriota;Desulfobulbia;Desulfobulbales;Desulfobulbaceae;Desulfobulbus;Desulfobulbus oralis
k141_14625	Bacteria;Pseudomonadota;Gammaproteobacteria;Alteromonadales;Shewanellaceae;Shewanella
k141_54604	Bacteria;Pseudomonadota;Gammaproteobacteria;Alteromonadales;Shewanellaceae;Shewanella
k141_158	Bacteria;Planctomycetota;Planctomycetia;Pirellulales;Pirellulaceae;Rhodopirellula;Rhodopirellula baltica
k141_40169	Bacteria;Bacillota;Clostridia;Thermoanaerobacterales;Thermoanaerobacteraceae;Thermoanaerobacter
k141_11041	Bacteria;Planctomycetota;Planctomycetia;Pirellulales;Pirellulaceae;Rhodopirellula;Rhodopirellula baltica
k141_25523	Bacteria;Pseudomonadota;Gammaproteobacteria;Pseudomonadales;Pseudomonadaceae;Pseudomonas
k141_36363	Bacteria;Cyanobacteriota;Cyanophyceae;Nostocales
k141_7463	
k141_14632	Bacteria;Bacteroidota;Bacteroidia;Bacteroidales;Bacteroidaceae;Phocaeicola;Phocaeicola vulgatus
k141_11043	Bacteria;Chlorobiota;Chlorobiia;Chlorobiales;Chlorobiaceae;Chlorobium;Chlorobium phaeobacteroides
k141_29189	Archaea;Methanobacteriota;Methanococci;Methanococcales;Methanococcaceae;Methanococcus;Methanococcus maripaludis
k141_7468	Bacteria;Thermodesulfobacteriota;Desulfobulbia;Desulfobulbales;Desulfobulbaceae;Desulfobulbus;Desulfobulbus oralis
k141_171	Bacteria;Chlorobiota;Chlorobiia;Chlorobiales;Chlorobiaceae;Chlorobaculum
k141_50972	Bacteria;Planctomycetota;Planctomycetia;Pirellulales;Pirellulaceae;Rhodopirellula;Rhodopirellula baltica
k141_11045	Bacteria;Fusobacteriota;Fusobacteriia;Fusobacteriales;Fusobacteriaceae;Fusobacterium
k141_25533	Bacteria;Pseudomonadota;Gammaproteobacteria;Alteromonadales;Shewanellaceae;Shewanella
k141_3812	
k141_36366	Bacteria;Aquificota;Aquificia;Aquificales;Aquificaceae;Hydrogenobaculum
k141_176	Archaea;Methanobacteriota;Methanococci;Methanococcales;Methanococcaceae;Methanococcus;Methanococcus maripaludis
k141_50975	Bacteria;Cyanobacteriota;Cyanophyceae;Nostocales;Nostocaceae
k141_3814	Bacteria;Chloroflexota;Chloroflexia;Chloroflexales;Chloroflexaceae;Chloroflexus;Chloroflexus aurantiacus
k141_29196	Archaea;Methanobacteriota;Methanococci;Methanococcales;Methanococcaceae;Methanococcus
k141_177	Bacteria;Chlorobiota;Chlorobiia;Chlorobiales;Chlorobiaceae;Chlorobaculum;Chlorobaculum tepidum
k141_11047	Bacteria;Pseudomonadota;Gammaproteobacteria;Alteromonadales;Shewanellaceae;Shewanella
k141_3815	Bacteria;Chlorobiota;Chlorobiia;Chlorobiales;Chlorobiaceae;Chlorobium;Chlorobium phaeobacteroides
k141_7479	Bacteria;Pseudomonadota;Gammaproteobacteria;Pseudomonadales;Pseudomonadaceae;Pseudomonas
k141_29198	Bacteria;Pseudomonadota;Gammaproteobacteria;Pseudomonadales;Pseudomonadaceae;Pseudomonas
k141_36375	Bacteria;Pseudomonadota;Gammaproteobacteria;Pseudomonadales;Pseudomonadaceae;Pseudomonas
k141_7480	Bacteria;Pseudomonadota;Gammaproteobacteria;Pseudomonadales;Pseudomonadaceae;Pseudomonas
k141_29200	Bacteria;Pseudomonadota
k141_3817	Bacteria;Pseudomonadota;Gammaproteobacteria;Pseudomonadales;Pseudomonadaceae;Pseudomonas
k141_50976	Bacteria;Pseudomonadota;Gammaproteobacteria;Alteromonadales;Shewanellaceae;Shewanella
k141_7481	Bacteria;Pseudomonadota;Gammaproteobacteria;Pseudomonadales;Pseudomonadaceae;Pseudomonas
k141_36376	Archaea;Thermoproteota;Thermoprotei;Desulfurococcales;Desulfurococcaceae;Ignicoccus;Ignicoccus islandicus
k141_40176	Bacteria;Planctomycetota;Planctomycetia;Pirellulales;Pirellulaceae;Rhodopirellula;Rhodopirellula baltica
k141_186	Bacteria;Verrucomicrobiota;Verrucomicrobiia;Verrucomicrobiales;Akkermansiaceae;Akkermansia;Akkermansia muciniphila
k141_3818	Bacteria;Bacillota
k141_50977	Bacteria;Pseudomonadota;Gammaproteobacteria;Pseudomonadales;Pseudomonadaceae;Pseudomonas
k141_29206	Bacteria;Pseudomonadota;Gammaproteobacteria;Alteromonadales;Shewanellaceae;Shewanella
k141_54626	Bacteria;Pseudomonadota;Gammaproteobacteria;Alteromonadales;Shewanellaceae;Shewanella
k141_7492	Bacteria;Pseudomonadota;Gammaproteobacteria;Pseudomonadales;Pseudomonadaceae;Pseudomonas
k141_32908	
k141_193	Bacteria;Bacteroidota;Bacteroidia;Bacteroidales;Porphyromonadaceae;Porphyromonas;Porphyromonas gingivalis
k141_50978	Bacteria;Chlorobiota;Chlorobiia;Chlorobiales;Chlorobiaceae;Chlorobaculum;Chlorobaculum tepidum
k141_11073	Bacteria;Aquificota;Aquificia;Aquificales;Aquificaceae;Hydrogenobaculum
k141_29219	Bacteria;Chlorobiota;Chlorobiia;Chlorobiales;Chlorobiaceae;Chlorobaculum;Chlorobaculum tepidum
k141_7496	Bacteria;Bacteroidota;Bacteroidia;Bacteroidales;Porphyromonadaceae;Porphyromonas;Porphyromonas gingivalis
k141_50980	Bacteria;Pseudomonadota;Betaproteobacteria;Burkholderiales;Burkholderiaceae;Paraburkholderia;Paraburkholderia xenovorans
k141_3820	Bacteria;Planctomycetota;Planctomycetia;Pirellulales;Pirellulaceae;Rhodopirellula;Rhodopirellula baltica
k141_54635	Bacteria;Aquificota;Aquificia;Aquificales;Aquificaceae;Hydrogenobaculum
k141_7499	Archaea;Methanobacteriota;Halobacteria;Halobacteriales
k141_29225	Bacteria;Chlorobiota;Chlorobiia;Chlorobiales;Chlorobiaceae;Chlorobium;Chlorobium phaeobacteroides
k141_43673	Bacteria;Thermotogota;Thermotogae;Thermotogales;Thermotogaceae;Thermotoga
k141_50983	Archaea;Thermoproteota;Thermoprotei;Desulfurococcales;Desulfurococcaceae;Ignicoccus;Ignicoccus islandicus
k141_200	Bacteria;Chlorobiota;Chlorobiia;Chlorobiales;Chlorobiaceae;Chlorobaculum;Chlorobaculum tepidum
k141_3827	Bacteria;Pseudomonadota;Gammaproteobacteria;Pseudomonadales;Pseudomonadaceae;Pseudomonas
k141_201	Bacteria;Chlorobiota;Chlorobiia;Chlorobiales;Chlorobiaceae;Chlorobium;Chlorobium phaeobacteroides
k141_50985	Archaea;Methanobacteriota;Methanococci;Methanococcales;Methanococcaceae;Methanococcus;Methanococcus maripaludis
k141_11077	Bacteria;Cyanobacteriota;Cyanophyceae;Nostocales;Nostocaceae
k141_7503	Bacteria;Pseudomonadota;Gammaproteobacteria;Alteromonadales;Shewanellaceae;Shewanella
k141_202	
k141_43676	Bacteria;Planctomycetota;Planctomycetia;Pirellulales;Pirellulaceae;Rhodopirellula;Rhodopirellula baltica
k141_3833	Bacteria;Pseudomonadota;Gammaproteobacteria;Pseudomonadales;Pseudomonadaceae;Pseudomonas
k141_7505	Bacteria;Pseudomonadota;Betaproteobacteria;Burkholderiales;Burkholderiaceae
k141_25547	Bacteria;Pseudomonadota;Betaproteobacteria;Nitrosomonadales;Nitrosomonadaceae;Nitrosomonas
k141_11080	Bacteria;Pseudomonadota;Gammaproteobacteria;Pseudomonadales;Pseudomonadaceae
k141_43679	Bacteria;Pseudomonadota;Gammaproteobacteria;Pseudomonadales;Pseudomonadaceae;Pseudomonas
k141_29235	Bacteria;Chlorobiota;Chlorobiia;Chlorobiales;Chlorobiaceae;Chlorobium;Chlorobium phaeobacteroides
k141_205	Bacteria;Pseudomonadota;Gammaproteobacteria;Alteromonadales;Shewanellaceae;Shewanella
k141_50988	Bacteria;Pseudomonadota;Gammaproteobacteria;Pseudomonadales;Pseudomonadaceae;Pseudomonas
k141_32909	Bacteria;Thermotogota;Thermotogae;Thermotogales;Thermotogaceae;Thermotoga
k141_54636	
k141_43681	Bacteria;Chlorobiota;Chlorobiia;Chlorobiales;Chlorobiaceae;Chlorobium;Chlorobium phaeobacteroides
k141_11083	
k141_7508	Archaea;Methanobacteriota;Methanococci;Methanococcales;Methanococcaceae;Methanococcus;Methanococcus maripaludis
k141_54640	Archaea;Methanobacteriota;Methanococci;Methanococcales;Methanococcaceae;Methanococcus
k141_3838	Bacteria;Chlorobiota;Chlorobiia;Chlorobiales;Chlorobiaceae;Chlorobium;Chlorobium phaeobacteroides
k141_11088	Bacteria;Pseudomonadota;Gammaproteobacteria;Alteromonadales;Shewanellaceae;Shewanella
k141_18370	Bacteria;Bacillota;Clostridia;Thermoanaerobacterales;Thermoanaerobacteraceae;Thermoanaerobacter
k141_47395	Bacteria;Chlorobiota;Chlorobiia;Chlorobiales;Chlorobiaceae;Chlorobium;Chlorobium limicola
k141_14635	
k141_25549	Bacteria;Pseudomonadota;Gammaproteobacteria;Alteromonadales;Shewanellaceae;Shewanella
k141_40178	Bacteria;Bacteroidota;Bacteroidia;Bacteroidales;Porphyromonadaceae;Porphyromonas;Porphyromonas gingivalis
k141_47396	Bacteria;Pseudomonadota;Gammaproteobacteria;Pseudomonadales;Pseudomonadaceae;Pseudomonas
k141_3845	
k141_43692	Bacteria;Planctomycetota;Planctomycetia;Pirellulales;Pirellulaceae;Rhodopirellula;Rhodopirellula baltica
k141_47397	Bacteria;Planctomycetota;Planctomycetia;Pirellulales;Pirellulaceae;Rhodopirellula;Rhodopirellula baltica
k141_32922	Archaea;Thermoproteota;Thermoprotei;Desulfurococcales;Desulfurococcaceae;Ignicoccus;Ignicoccus hospitalis
k141_50998	Bacteria;Pseudomonadota;Gammaproteobacteria;Alteromonadales;Shewanellaceae;Shewanella
k141_211	Bacteria;Pseudomonadota;Gammaproteobacteria;Alteromonadales;Shewanellaceae;Shewanella
k141_25558	Bacteria;Pseudomonadota;Gammaproteobacteria;Alteromonadales;Shewanellaceae;Shewanella;Shewanella baltica
k141_32923	Bacteria;Pseudomonadota;Gammaproteobacteria;Pseudomonadales;Pseudomonadaceae;Pseudomonas
k141_29242	Bacteria;Pseudomonadota;Gammaproteobacteria;Alteromonadales;Shewanellaceae;Shewanella
k141_43697	Bacteria;Pseudomonadota;Gammaproteobacteria;Pseudomonadales;Pseudomonadaceae;Pseudomonas
k141_40187	
k141_11093	Bacteria;Chlorobiota;Chlorobiia;Chlorobiales;Chlorobiaceae;Chlorobium;Chlorobium limicola
k141_213	Bacteria;Pseudomonadota;Gammaproteobacteria;Pseudomonadales;Pseudomonadaceae;Pseudomonas
k141_54645	Bacteria;Thermotogota;Thermotogae;Thermotogales;Thermotogaceae;Thermotoga
k141_14640	Archaea;Methanobacteriota;Halobacteria;Halobacteriales;Halobacteriaceae;Halobacterium
k141_3847	Archaea;Methanobacteriota;Methanococci;Methanococcales;Methanococcaceae;Methanococcus;Methanococcus maripaludis
k141_32925	Archaea;Thermoproteota;Thermoprotei;Thermoproteales;Thermoproteaceae;Pyrobaculum;Pyrobaculum calidifontis
k141_40188	Bacteria;Verrucomicrobiota;Verrucomicrobiia;Verrucomicrobiales;Akkermansiaceae;Akkermansia;Akkermansia muciniphila
k141_43700	Archaea;Thermoproteota;Thermoprotei;Desulfurococcales;Desulfurococcaceae;Ignicoccus;Ignicoccus islandicus
k141_29246	Bacteria;Pseudomonadota;Gammaproteobacteria;Pseudomonadales;Pseudomonadaceae;Pseudomonas
k141_25560	Bacteria
k141_11098	Bacteria;Cyanobacteriota;Cyanophyceae;Nostocales;Nostocaceae
k141_40191	Bacteria;Pseudomonadota;Gammaproteobacteria;Alteromonadales;Shewanellaceae;Shewanella
k141_29250	
k141_51008	Archaea;Thermoproteota;Thermoprotei;Desulfurococcales;Desulfurococcaceae;Ignicoccus;Ignicoccus islandicus
k141_32932	Archaea;Methanobacteriota;Halobacteria;Halobacteriales;Halobacteriaceae;Halobacterium
k141_43706	Archaea;Thermoproteota;Thermoprotei;Desulfurococcales;Desulfurococcaceae;Ignicoccus;Ignicoccus hospitalis
k141_3855	Archaea;Methanobacteriota;Halobacteria;Halobacteriales;Halobacteriaceae;Halobacterium
k141_25566	Bacteria;Pseudomonadota;Gammaproteobacteria;Pseudomonadales;Pseudomonadaceae;Pseudomonas
k141_54655	Bacteria;Pseudomonadota;Gammaproteobacteria;Pseudomonadales;Pseudomonadaceae;Pseudomonas
k141_47403	Bacteria;Planctomycetota;Planctomycetia;Pirellulales;Pirellulaceae;Rhodopirellula;Rhodopirellula baltica
k141_14642	Bacteria;Pseudomonadota;Gammaproteobacteria;Alteromonadales;Shewanellaceae;Shewanella
k141_32933	Archaea;Thermoproteota;Thermoprotei;Desulfurococcales;Desulfurococcaceae;Ignicoccus;Ignicoccus islandicus
k141_40199	Bacteria;Cyanobacteriota;Cyanophyceae;Nostocales;Nostocaceae
k141_51011	Bacteria;Pseudomonadota;Gammaproteobacteria;Alteromonadales;Shewanellaceae;Shewanella
k141_29261	Bacteria;Pseudomonadota;Gammaproteobacteria;Pseudomonadales;Pseudomonadaceae;Pseudomonas
k141_25569	Bacteria;Pseudomonadota;Gammaproteobacteria;Pseudomonadales;Pseudomonadaceae
k141_43715	Bacteria;Verrucomicrobiota;Verrucomicrobiia;Verrucomicrobiales;Akkermansiaceae;Akkermansia;Akkermansia muciniphila
k141_14646	Bacteria;Pseudomonadota;Gammaproteobacteria;Pseudomonadales;Pseudomonadaceae;Pseudomonas
k141_47406	Bacteria;Chlorobiota;Chlorobiia;Chlorobiales;Chlorobiaceae;Chlorobaculum;Chlorobaculum tepidum
k141_32939	Bacteria;Aquificota;Aquificia;Aquificales;Aquificaceae;Hydrogenobaculum
k141_25571	Bacteria;Pseudomonadota;Gammaproteobacteria;Pseudomonadales;Pseudomonadaceae;Pseudomonas
k141_54667	Bacteria;Chlorobiota;Chlorobiia;Chlorobiales;Chlorobiaceae;Chlorobaculum;Chlorobaculum tepidum
k141_11100	Bacteria;Planctomycetota;Planctomycetia;Pirellulales;Pirellulaceae;Rhodopirellula;Rhodopirellula baltica
k141_47409	Bacteria;Pseudomonadota
k141_29263	Archaea;Methanobacteriota;Methanococci;Methanococcales;Methanococcaceae;Methanococcus
k141_219	Bacteria;Fusobacteriota;Fusobacteriia;Fusobacteriales;Fusobacteriaceae;Fusobacterium
k141_43716	Bacteria;Pseudomonadota;Gammaproteobacteria;Alteromonadales;Shewanellaceae;Shewanella
k141_32944	Archaea;Thermoproteota;Thermoprotei;Desulfurococcales;Desulfurococcaceae;Ignicoccus;Ignicoccus hospitalis
k141_7517	Bacteria;Chlorobiota;Chlorobiia;Chlorobiales;Chlorobiaceae;Chlorobium;Chlorobium phaeovibrioides
k141_43717	Bacteria;Pseudomonadota;Gammaproteobacteria;Alteromonadales;Shewanellaceae;Shewanella
k141_14648	Bacteria;Planctomycetota;Planctomycetia;Pirellulales;Pirellulaceae;Rhodopirellula;Rhodopirellula baltica
k141_25579	Bacteria;Spirochaetota;Spirochaetia;Treponematales;Treponemataceae;Treponema
k141_11107	Bacteria;Chlorobiota;Chlorobiia;Chlorobiales;Chlorobiaceae;Chlorobium;Chlorobium limicola
k141_32946	Bacteria;Pseudomonadota;Gammaproteobacteria;Pseudomonadales;Pseudomonadaceae;Pseudomonas
k141_43719	Bacteria;Campylobacterota;Epsilonproteobacteria;Campylobacterales;Helicobacteraceae;Wolinella;Wolinella succinogenes
k141_47419	Bacteria;Pseudomonadota;Gammaproteobacteria;Pseudomonadales;Pseudomonadaceae;Pseudomonas
k141_32949	
k141_43720	Bacteria;Pseudomonadota;Gammaproteobacteria;Alteromonadales;Shewanellaceae;Shewanella
k141_47420	Bacteria;Chlorobiota;Chlorobiia;Chlorobiales;Chlorobiaceae;Chlorobium;Chlorobium phaeobacteroides
k141_29275	
k141_54677	Bacteria;Chlorobiota;Chlorobiia;Chlorobiales;Chlorobiaceae;Chlorobium;Chlorobium phaeobacteroides
k141_233	
k141_54679	
k141_47421	
k141_51022	Bacteria;Pseudomonadota;Gammaproteobacteria
k141_25595	Bacteria;Cyanobacteriota;Cyanophyceae;Nostocales;Nostocaceae
k141_14653	Bacteria;Planctomycetota;Planctomycetia;Pirellulales;Pirellulaceae;Rhodopirellula;Rhodopirellula baltica
k141_32953	Bacteria;Chlorobiota;Chlorobiia;Chlorobiales;Chlorobiaceae;Chlorobium;Chlorobium phaeovibrioides
k141_43729	Bacteria;Chlorobiota;Chlorobiia;Chlorobiales;Chlorobiaceae;Chlorobium;Chlorobium phaeobacteroides
k141_32955	Bacteria;Pseudomonadota;Gammaproteobacteria;Pseudomonadales;Pseudomonadaceae;Pseudomonas
k141_40209	Bacteria;Bacteroidota;Bacteroidia;Bacteroidales;Porphyromonadaceae;Porphyromonas;Porphyromonas gingivalis
k141_240	Archaea;Methanobacteriota;Methanococci;Methanococcales;Methanococcaceae;Methanococcus;Methanococcus maripaludis
k141_51027	Bacteria;Chlorobiota;Chlorobiia;Chlorobiales;Chlorobiaceae;Chlorobaculum;Chlorobaculum tepidum
k141_47430	Bacteria;Aquificota;Aquificia;Aquificales;Aquificaceae;Hydrogenobaculum
k141_18373	
k141_54683	Archaea;Methanobacteriota;Methanococci;Methanococcales;Methanococcaceae;Methanococcus
k141_7533	Bacteria;Pseudomonadota;Gammaproteobacteria;Alteromonadales;Shewanellaceae;Shewanella
k141_14661	Archaea;Methanobacteriota;Halobacteria;Halobacteriales;Halobacteriaceae;Halobacterium
k141_47431	Bacteria;Pseudomonadota;Gammaproteobacteria;Pseudomonadales;Pseudomonadaceae;Pseudomonas
k141_11132	Archaea;Methanobacteriota;Methanococci;Methanococcales;Methanococcaceae;Methanococcus;Methanococcus maripaludis
k141_7535	Bacteria;Pseudomonadota;Gammaproteobacteria;Pseudomonadales;Pseudomonadaceae;Pseudomonas
k141_7536	Archaea;Thermoproteota;Thermoprotei;Desulfurococcales;Desulfurococcaceae;Ignicoccus;Ignicoccus islandicus
k141_51033	Archaea;Thermoproteota;Thermoprotei;Desulfurococcales;Desulfurococcaceae;Ignicoccus;Ignicoccus islandicus
k141_54685	Bacteria;Chlorobiota;Chlorobiia;Chlorobiales;Chlorobiaceae;Chlorobium;Chlorobium phaeobacteroides
k141_11135	Bacteria;Bacteroidota;Bacteroidia;Bacteroidales;Bacteroidaceae
k141_247	Bacteria;Pseudomonadota;Gammaproteobacteria;Pseudomonadales;Pseudomonadaceae;Pseudomonas;Pseudomonas marginalis
k141_32965	Bacteria;Pseudomonadota;Gammaproteobacteria;Pseudomonadales;Pseudomonadaceae;Pseudomonas
k141_18375	Bacteria;Pseudomonadota;Gammaproteobacteria;Pseudomonadales;Pseudomonadaceae;Pseudomonas
k141_7537	Bacteria;Pseudomonadota;Gammaproteobacteria;Alteromonadales;Shewanellaceae;Shewanella
k141_51034	Bacteria;Pseudomonadota;Gammaproteobacteria;Pseudomonadales;Pseudomonadaceae;Pseudomonas
k141_54686	Bacteria;Cyanobacteriota;Cyanophyceae;Nostocales;Nostocaceae
k141_40216	Bacteria;Pseudomonadota;Gammaproteobacteria;Alteromonadales;Shewanellaceae;Shewanella
k141_14666	Archaea;Methanobacteriota;Methanococci;Methanococcales;Methanococcaceae;Methanococcus;Methanococcus maripaludis
k141_25603	
k141_54687	Archaea;Thermoproteota;Thermoprotei;Thermoproteales;Thermoproteaceae;Pyrobaculum;Pyrobaculum calidifontis
k141_29280	Bacteria;Pseudomonadota;Gammaproteobacteria;Alteromonadales;Shewanellaceae;Shewanella
k141_43734	Archaea;Methanobacteriota;Methanobacteria;Methanobacteriales;Methanothermaceae;Methanothermus;Methanothermus sociabilis
k141_51036	Archaea;Methanobacteriota;Methanococci;Methanococcales;Methanococcaceae;Methanococcus;Methanococcus maripaludis
k141_36377	Bacteria;Thermotogota;Thermotogae;Thermotogales;Thermotogaceae;Thermotoga
k141_47438	Archaea;Methanobacteriota;Halobacteria;Halobacteriales;Halobacteriaceae;Halobacterium
k141_40218	Bacteria;Aquificota;Aquificia;Aquificales;Aquificaceae;Hydrogenobaculum;Hydrogenobaculum sp. Y04AAS1
k141_11137	
k141_47440	Bacteria;Pseudomonadota;Gammaproteobacteria;Pseudomonadales;Pseudomonadaceae;Pseudomonas
k141_7540	Bacteria;Pseudomonadota;Gammaproteobacteria;Alteromonadales;Shewanellaceae;Shewanella
k141_29283	Archaea;Methanobacteriota;Methanococci;Methanococcales;Methanococcaceae;Methanococcus;Methanococcus maripaludis
k141_40221	Bacteria;Pseudomonadota;Gammaproteobacteria;Pseudomonadales;Pseudomonadaceae;Pseudomonas
k141_11139	Bacteria;Pseudomonadota;Gammaproteobacteria;Pseudomonadales;Pseudomonadaceae;Pseudomonas
k141_7542	Bacteria;Planctomycetota;Planctomycetia;Pirellulales;Pirellulaceae;Rhodopirellula;Rhodopirellula baltica
k141_32976	Bacteria;Chlorobiota;Chlorobiia;Chlorobiales;Chlorobiaceae;Chlorobaculum;Chlorobaculum tepidum
k141_18382	Bacteria;Aquificota;Aquificia;Aquificales;Aquificaceae;Hydrogenobaculum
k141_51037	Bacteria;Pseudomonadota;Gammaproteobacteria;Pseudomonadales;Pseudomonadaceae;Pseudomonas
k141_7543	Bacteria;Pseudomonadota;Gammaproteobacteria;Pseudomonadales;Pseudomonadaceae;Pseudomonas
k141_36385	Bacteria;Pseudomonadota;Gammaproteobacteria;Alteromonadales;Shewanellaceae;Shewanella
k141_18386	Bacteria;Pseudomonadota;Gammaproteobacteria;Pseudomonadales;Pseudomonadaceae;Pseudomonas
k141_32983	Bacteria;Chlorobiota;Chlorobiia;Chlorobiales;Chlorobiaceae;Chlorobium;Chlorobium phaeobacteroides
k141_11149	Bacteria;Aquificota;Aquificia;Aquificales;Aquificaceae;Hydrogenobaculum;Hydrogenobaculum sp. Y04AAS1
k141_47447	Archaea;Thermoproteota;Thermoprotei;Desulfurococcales;Desulfurococcaceae;Ignicoccus;Ignicoccus islandicus
k141_14672	Bacteria;Thermotogota;Thermotogae;Thermotogales;Thermotogaceae
k141_29293	Bacteria;Pseudomonadota;Gammaproteobacteria;Alteromonadales;Shewanellaceae;Shewanella
k141_32988	
k141_25624	Bacteria;Pseudomonadota;Gammaproteobacteria;Pseudomonadales;Pseudomonadaceae;Pseudomonas
k141_40234	Bacteria;Thermodesulfobacteriota;Desulfobulbia;Desulfobulbales;Desulfobulbaceae;Desulfobulbus;Desulfobulbus oralis
k141_18390	Bacteria;Pseudomonadota;Gammaproteobacteria;Pseudomonadales;Pseudomonadaceae;Pseudomonas
k141_249	
k141_36391	Bacteria;Pseudomonadota;Gammaproteobacteria;Pseudomonadales;Pseudomonadaceae;Pseudomonas
k141_14676	Archaea;Methanobacteriota;Halobacteria;Halobacteriales;Halobacteriaceae;Halobacterium
k141_11150	Bacteria;Planctomycetota;Planctomycetia;Pirellulales;Pirellulaceae;Rhodopirellula;Rhodopirellula baltica
k141_3857	
k141_18394	Bacteria;Pseudomonadota;Gammaproteobacteria;Pseudomonadales;Pseudomonadaceae;Pseudomonas;Pseudomonas marginalis
k141_47448	Bacteria;Pseudomonadota;Gammaproteobacteria;Alteromonadales;Shewanellaceae;Shewanella
k141_54692	
k141_40254	Bacteria;Campylobacterota;Epsilonproteobacteria;Campylobacterales;Helicobacteraceae;Wolinella;Wolinella succinogenes
k141_3863	Bacteria;Chlorobiota;Chlorobiia;Chlorobiales;Chlorobiaceae;Chlorobium;Chlorobium phaeobacteroides
k141_256	Bacteria;Pseudomonadota;Gammaproteobacteria;Alteromonadales;Shewanellaceae;Shewanella
k141_14688	
k141_51069	
k141_47451	
k141_7550	Bacteria;Planctomycetota;Planctomycetia;Pirellulales;Pirellulaceae;Rhodopirellula;Rhodopirellula baltica
k141_14692	Bacteria;Chlorobiota;Chlorobiia;Chlorobiales;Chlorobiaceae;Chlorobium;Chlorobium phaeobacteroides
k141_7551	Bacteria;Pseudomonadota;Gammaproteobacteria;Pseudomonadales;Pseudomonadaceae;Pseudomonas
k141_3871	Bacteria;Pseudomonadota;Gammaproteobacteria;Pseudomonadales;Pseudomonadaceae;Pseudomonas
k141_18407	Archaea;Methanobacteriota;Halobacteria;Halobacteriales;Halobacteriaceae;Halobacterium
k141_263	Archaea;Thermoproteota;Thermoprotei;Desulfurococcales;Desulfurococcaceae;Ignicoccus;Ignicoccus islandicus
k141_40264	Archaea;Methanobacteriota;Halobacteria;Halobacteriales;Halobacteriaceae;Halobacterium
k141_51076	
k141_7554	Bacteria;Aquificota;Aquificia;Aquificales;Aquificaceae;Hydrogenobaculum;Hydrogenobaculum sp. Y04AAS1
k141_14694	Bacteria;Pseudomonadota;Gammaproteobacteria;Alteromonadales;Shewanellaceae;Shewanella
k141_32995	Archaea;Methanobacteriota;Halobacteria;Halobacteriales;Halobacteriaceae;Halobacterium
k141_36399	Bacteria;Chlorobiota;Chlorobiia;Chlorobiales;Chlorobiaceae;Chlorobium;Chlorobium phaeovibrioides
k141_18413	Bacteria;Chlorobiota;Chlorobiia;Chlorobiales;Chlorobiaceae;Chlorobium;Chlorobium phaeobacteroides
k141_40266	Bacteria;Pseudomonadota;Gammaproteobacteria;Alteromonadales;Shewanellaceae;Shewanella
k141_3872	
k141_265	Bacteria;Pseudomonadota;Gammaproteobacteria;Alteromonadales;Shewanellaceae;Shewanella
k141_18415	Bacteria;Pseudomonadota;Gammaproteobacteria;Alteromonadales;Shewanellaceae;Shewanella
k141_36405	
k141_51090	
k141_7569	Bacteria;Chlorobiota;Chlorobiia;Chlorobiales;Chlorobiaceae;Chlorobaculum;Chlorobaculum tepidum
k141_14708	
k141_40271	
k141_47453	Bacteria;Planctomycetota;Planctomycetia;Pirellulales;Pirellulaceae;Rhodopirellula;Rhodopirellula baltica
k141_266	Archaea;Methanobacteriota;Methanococci;Methanococcales;Methanococcaceae;Methanococcus;Methanococcus maripaludis
k141_14709	Bacteria;Aquificota;Aquificia;Aquificales;Aquificaceae;Hydrogenobaculum
k141_29297	Bacteria;Chlorobiota;Chlorobiia;Chlorobiales;Chlorobiaceae;Chlorobium;Chlorobium phaeovibrioides
k141_18421	Bacteria;Pseudomonadota;Gammaproteobacteria;Pseudomonadales;Pseudomonadaceae
k141_7573	Bacteria;Pseudomonadota;Gammaproteobacteria;Alteromonadales;Shewanellaceae;Shewanella
k141_40278	Bacteria;Campylobacterota;Epsilonproteobacteria;Campylobacterales;Helicobacteraceae;Wolinella;Wolinella succinogenes
k141_43739	
k141_36417	Bacteria;Chloroflexota;Chloroflexia;Chloroflexales;Chloroflexaceae;Chloroflexus;Chloroflexus aurantiacus
k141_33000	Bacteria;Thermotogota;Thermotogae;Thermotogales;Thermotogaceae;Thermotoga
k141_7575	Bacteria;Verrucomicrobiota;Verrucomicrobiia;Verrucomicrobiales;Akkermansiaceae;Akkermansia
k141_36418	Bacteria;Cyanobacteriota;Cyanophyceae;Nostocales;Nostocaceae
k141_43741	Bacteria;Chlorobiota;Chlorobiia;Chlorobiales;Chlorobiaceae;Chlorobium;Chlorobium phaeobacteroides
k141_47463	Bacteria;Pseudomonadota;Gammaproteobacteria;Alteromonadales;Shewanellaceae;Shewanella
k141_40283	Bacteria;Planctomycetota;Planctomycetia;Pirellulales;Pirellulaceae;Rhodopirellula
k141_3880	Bacteria;Planctomycetota;Planctomycetia;Pirellulales;Pirellulaceae;Rhodopirellula;Rhodopirellula baltica
k141_271	Bacteria;Planctomycetota;Planctomycetia;Pirellulales;Pirellulaceae;Rhodopirellula
k141_47468	Archaea;Thermoproteota;Thermoprotei;Thermoproteales;Thermoproteaceae;Pyrobaculum;Pyrobaculum calidifontis
k141_36422	Bacteria;Chlorobiota;Chlorobiia;Chlorobiales;Chlorobiaceae;Chlorobaculum;Chlorobaculum tepidum
k141_47471	Bacteria;Cyanobacteriota;Cyanophyceae;Nostocales;Nostocaceae
k141_40291	Bacteria;Spirochaetota;Spirochaetia;Treponematales;Treponemataceae;Treponema
k141_3888	Bacteria;Chlorobiota;Chlorobiia;Chlorobiales;Chlorobiaceae;Chlorobium;Chlorobium phaeobacteroides
k141_47472	Bacteria;Pseudomonadota;Gammaproteobacteria;Pseudomonadales;Pseudomonadaceae;Pseudomonas
k141_18437	Bacteria;Pseudomonadota;Gammaproteobacteria;Pseudomonadales;Pseudomonadaceae
k141_36426	Bacteria;Pseudomonadota;Gammaproteobacteria;Pseudomonadales;Pseudomonadaceae;Pseudomonas
k141_272	Bacteria;Pseudomonadota;Gammaproteobacteria;Alteromonadales;Shewanellaceae;Shewanella
k141_40295	Archaea;Thermoproteota;Thermoprotei;Desulfurococcales;Desulfurococcaceae;Ignicoccus;Ignicoccus islandicus
k141_273	Bacteria;Pseudomonadota;Gammaproteobacteria;Pseudomonadales;Pseudomonadaceae;Pseudomonas
k141_29315	Bacteria;Planctomycetota;Planctomycetia;Pirellulales;Pirellulaceae;Rhodopirellula;Rhodopirellula baltica
k141_14710	
k141_43744	
k141_29316	Bacteria;Chlorobiota;Chlorobiia;Chlorobiales;Chlorobiaceae;Chlorobaculum;Chlorobaculum tepidum
k141_18443	Bacteria;Pseudomonadota;Gammaproteobacteria;Alteromonadales;Shewanellaceae
k141_40296	Bacteria;Pseudomonadota;Gammaproteobacteria;Pseudomonadales;Pseudomonadaceae;Pseudomonas
k141_51095	Bacteria;Planctomycetota;Planctomycetia;Pirellulales;Pirellulaceae;Rhodopirellula;Rhodopirellula baltica
k141_47483	Bacteria;Pseudomonadota;Gammaproteobacteria;Pseudomonadales;Pseudomonadaceae;Pseudomonas
k141_36432	Bacteria;Pseudomonadota;Gammaproteobacteria;Alteromonadales;Shewanellaceae;Shewanella
k141_33006	Bacteria;Fusobacteriota;Fusobacteriia;Fusobacteriales;Fusobacteriaceae;Fusobacterium
k141_7580	
k141_14713	Bacteria;Chlorobiota;Chlorobiia;Chlorobiales;Chlorobiaceae;Chlorobaculum;Chlorobaculum tepidum
k141_51103	Bacteria;Pseudomonadota;Gammaproteobacteria;Alteromonadales;Shewanellaceae;Shewanella
k141_40301	Bacteria;Pseudomonadota;Gammaproteobacteria;Pseudomonadales;Pseudomonadaceae;Pseudomonas
k141_7584	Bacteria;Pseudomonadota;Gammaproteobacteria;Alteromonadales;Shewanellaceae;Shewanella
k141_47486	Archaea;Methanobacteriota;Methanococci;Methanococcales;Methanococcaceae;Methanococcus;Methanococcus maripaludis
k141_3894	Bacteria;Pseudomonadota;Gammaproteobacteria;Alteromonadales;Shewanellaceae;Shewanella
k141_284	Bacteria;Chlorobiota;Chlorobiia;Chlorobiales;Chlorobiaceae;Chlorobium;Chlorobium phaeobacteroides
k141_14714	Bacteria;Chlorobiota;Chlorobiia;Chlorobiales;Chlorobiaceae;Chlorobium;Chlorobium phaeobacteroides
k141_51104	Bacteria;Aquificota;Aquificia;Aquificales;Aquificaceae;Hydrogenobaculum
k141_47487	Bacteria;Pseudomonadota;Gammaproteobacteria;Alteromonadales;Shewanellaceae;Shewanella
k141_7589	Bacteria;Pseudomonadota;Gammaproteobacteria;Alteromonadales;Shewanellaceae;Shewanella
k141_286	Bacteria
k141_40305	Bacteria;Planctomycetota;Planctomycetia;Pirellulales;Pirellulaceae;Rhodopirellula;Rhodopirellula baltica
k141_36437	Bacteria;Verrucomicrobiota
k141_3899	Bacteria;Pseudomonadota;Gammaproteobacteria;Alteromonadales;Shewanellaceae;Shewanella
k141_33021	Bacteria;Chlorobiota;Chlorobiia;Chlorobiales;Chlorobiaceae;Chlorobaculum;Chlorobaculum tepidum
k141_7591	Bacteria;Pseudomonadota;Gammaproteobacteria;Alteromonadales;Shewanellaceae;Shewanella
k141_14718	Bacteria;Planctomycetota;Planctomycetia;Pirellulales;Pirellulaceae;Rhodopirellula;Rhodopirellula baltica
k141_29318	Bacteria;Fusobacteriota;Fusobacteriia;Fusobacteriales;Fusobacteriaceae;Fusobacterium
k141_54714	Bacteria;Planctomycetota;Planctomycetia;Pirellulales;Pirellulaceae;Rhodopirellula;Rhodopirellula baltica
k141_3908	Bacteria;Cyanobacteriota;Cyanophyceae;Nostocales;Nostocaceae
k141_29324	Bacteria;Chlorobiota;Chlorobiia;Chlorobiales;Chlorobiaceae;Chlorobium;Chlorobium phaeobacteroides
k141_7594	Bacteria;Aquificota;Aquificia;Aquificales;Aquificaceae;Hydrogenobaculum;Hydrogenobaculum sp. Y04AAS1
k141_14720	Bacteria;Bacteroidota;Bacteroidia;Bacteroidales;Porphyromonadaceae;Porphyromonas;Porphyromonas gingivalis
k141_47505	Bacteria;Chlorobiota;Chlorobiia;Chlorobiales;Chlorobiaceae;Chlorobium;Chlorobium phaeobacteroides
k141_54715	Bacteria;Chlorobiota;Chlorobiia;Chlorobiales;Chlorobiaceae;Chlorobium;Chlorobium phaeobacteroides
k141_3910	Bacteria;Pseudomonadota;Gammaproteobacteria;Alteromonadales;Shewanellaceae;Shewanella
k141_287	Bacteria;Bacteroidota;Bacteroidia;Bacteroidales;Porphyromonadaceae;Porphyromonas;Porphyromonas gingivalis
k141_36445	Archaea;Thermoproteota;Thermoprotei;Desulfurococcales;Desulfurococcaceae;Ignicoccus;Ignicoccus hospitalis
k141_29329	Bacteria;Verrucomicrobiota;Verrucomicrobiia;Verrucomicrobiales;Akkermansiaceae;Akkermansia;Akkermansia muciniphila
k141_3915	Bacteria;Chlorobiota;Chlorobiia;Chlorobiales;Chlorobiaceae;Chlorobaculum
k141_51118	Bacteria;Pseudomonadota;Gammaproteobacteria;Alteromonadales;Shewanellaceae;Shewanella
k141_43756	Bacteria;Pseudomonadota;Gammaproteobacteria;Alteromonadales;Shewanellaceae;Shewanella
k141_14729	Bacteria;Bacteroidota;Bacteroidia;Bacteroidales;Bacteroidaceae
k141_7603	Bacteria;Pseudomonadota;Gammaproteobacteria;Pseudomonadales;Pseudomonadaceae;Pseudomonas
k141_40306	
k141_29333	Bacteria;Cyanobacteriota;Cyanophyceae;Nostocales;Nostocaceae
k141_7604	Bacteria;Aquificota;Aquificia;Aquificales;Aquificaceae;Hydrogenobaculum;Hydrogenobaculum sp. Y04AAS1
k141_47514	
k141_14732	
k141_33025	Bacteria;Chlorobiota;Chlorobiia;Chlorobiales;Chlorobiaceae;Chlorobium;Chlorobium limicola
k141_7606	Bacteria;Aquificota;Aquificia;Aquificales;Aquificaceae;Hydrogenobaculum
k141_47515	Bacteria;Pseudomonadota;Gammaproteobacteria;Pseudomonadales;Pseudomonadaceae;Pseudomonas
k141_51125	Bacteria;Cyanobacteriota;Cyanophyceae;Nostocales;Nostocaceae
k141_40309	
k141_33026	Bacteria;Chlorobiota;Chlorobiia;Chlorobiales;Chlorobiaceae;Chlorobium;Chlorobium phaeobacteroides
k141_43766	Bacteria;Chlorobiota;Chlorobiia;Chlorobiales;Chlorobiaceae;Chlorobium;Chlorobium phaeobacteroides
k141_18457	Archaea;Methanobacteriota;Halobacteria;Halobacteriales;Halobacteriaceae;Halobacterium
k141_47520	Bacteria;Chloroflexota;Chloroflexia;Chloroflexales;Chloroflexaceae;Chloroflexus;Chloroflexus aurantiacus
k141_291	Archaea;Methanobacteriota;Halobacteria;Halobacteriales;Halobacteriaceae;Halobacterium
k141_47522	Bacteria;Pseudomonadota;Gammaproteobacteria;Pseudomonadales;Pseudomonadaceae;Pseudomonas
k141_40314	Bacteria;Pseudomonadota;Gammaproteobacteria;Pseudomonadales;Pseudomonadaceae;Pseudomonas
k141_3921	
k141_29348	Bacteria;Pseudomonadota;Gammaproteobacteria;Pseudomonadales;Pseudomonadaceae;Pseudomonas
k141_47524	Bacteria;Pseudomonadota;Gammaproteobacteria;Pseudomonadales;Pseudomonadaceae;Pseudomonas
k141_43773	Bacteria;Chlorobiota;Chlorobiia;Chlorobiales;Chlorobiaceae;Chlorobium;Chlorobium phaeobacteroides
k141_3924	Archaea;Thermoproteota;Thermoprotei;Desulfurococcales;Desulfurococcaceae;Ignicoccus;Ignicoccus islandicus
k141_7613	Archaea;Methanobacteriota;Halobacteria;Halobacteriales;Halobacteriaceae;Halobacterium
k141_29349	Bacteria;Pseudomonadota;Gammaproteobacteria;Alteromonadales;Shewanellaceae;Shewanella
k141_47530	Bacteria;Pseudomonadota;Gammaproteobacteria;Pseudomonadales;Pseudomonadaceae;Pseudomonas
k141_3928	Bacteria;Thermodesulfobacteriota;Desulfobulbia;Desulfobulbales;Desulfobulbaceae;Desulfobulbus;Desulfobulbus oralis
k141_43782	
k141_43783	
k141_47533	
k141_54716	
k141_3947	Bacteria;Pseudomonadota;Gammaproteobacteria;Alteromonadales;Shewanellaceae;Shewanella
k141_43785	Bacteria;Pseudomonadota;Betaproteobacteria;Nitrosomonadales;Nitrosomonadaceae;Nitrosomonas
k141_54719	
k141_3951	
k141_29353	Bacteria;Pseudomonadota;Gammaproteobacteria;Alteromonadales;Shewanellaceae;Shewanella
k141_43788	Bacteria;Pseudomonadota;Gammaproteobacteria;Alteromonadales;Shewanellaceae;Shewanella
k141_36446	Bacteria;Chlorobiota;Chlorobiia;Chlorobiales;Chlorobiaceae;Chlorobium;Chlorobium phaeovibrioides
k141_33027	Bacteria;Chlorobiota;Chlorobiia;Chlorobiales;Chlorobiaceae;Chlorobium;Chlorobium phaeovibrioides
k141_51132	Bacteria;Chlorobiota;Chlorobiia;Chlorobiales;Chlorobiaceae;Chlorobium;Chlorobium phaeovibrioides
k141_29358	Bacteria;Chlorobiota;Chlorobiia;Chlorobiales;Chlorobiaceae;Chlorobium;Chlorobium phaeobacteroides
k141_54720	
k141_3958	Archaea;Methanobacteriota;Methanococci;Methanococcales;Methanococcaceae;Methanococcus;Methanococcus maripaludis
k141_43791	Bacteria;Chlorobiota;Chlorobiia;Chlorobiales;Chlorobiaceae;Chlorobium;Chlorobium phaeobacteroides
k141_40327	
k141_3959	Bacteria
k141_29362	Bacteria;Pseudomonadota;Gammaproteobacteria;Pseudomonadales;Pseudomonadaceae;Pseudomonas
k141_54722	Bacteria;Spirochaetota;Spirochaetia;Treponematales;Treponemataceae;Treponema
k141_33033	
k141_40328	Bacteria;Pseudomonadota;Gammaproteobacteria
k141_36452	Bacteria;Bacillota
k141_54723	
k141_29367	Bacteria;Pseudomonadota;Gammaproteobacteria;Pseudomonadales;Pseudomonadaceae
k141_51139	
k141_33035	Bacteria;Chlorobiota;Chlorobiia;Chlorobiales;Chlorobiaceae;Chlorobium;Chlorobium phaeobacteroides
k141_40332	Archaea;Methanobacteriota;Methanococci;Methanococcales;Methanococcaceae;Methanococcus;Methanococcus maripaludis
k141_33038	Bacteria;Cyanobacteriota;Cyanophyceae;Nostocales;Nostocaceae
k141_54725	Bacteria;Pseudomonadota;Gammaproteobacteria;Alteromonadales;Shewanellaceae;Shewanella
k141_40334	Bacteria;Chlorobiota;Chlorobiia;Chlorobiales;Chlorobiaceae;Chlorobium;Chlorobium phaeobacteroides
k141_29373	Archaea;Thermoproteota;Thermoprotei;Desulfurococcales;Desulfurococcaceae;Ignicoccus;Ignicoccus islandicus
k141_51148	Bacteria;Cyanobacteriota;Cyanophyceae;Nostocales;Nostocaceae
k141_43805	Bacteria;Planctomycetota;Planctomycetia;Pirellulales;Pirellulaceae;Rhodopirellula;Rhodopirellula baltica
k141_36468	
k141_29381	Bacteria;Planctomycetota;Planctomycetia;Pirellulales;Pirellulaceae;Rhodopirellula;Rhodopirellula baltica
k141_298	Bacteria;Bacillota;Clostridia;Thermoanaerobacterales;Thermoanaerobacteraceae;Thermoanaerobacter
k141_3969	Bacteria;Pseudomonadota;Gammaproteobacteria;Alteromonadales;Shewanellaceae;Shewanella
k141_40338	Bacteria;Pseudomonadota;Gammaproteobacteria;Alteromonadales;Shewanellaceae;Shewanella
k141_51152	Bacteria;Pseudomonadota;Gammaproteobacteria;Pseudomonadales;Pseudomonadaceae;Pseudomonas
k141_33041	Bacteria;Fusobacteriota;Fusobacteriia;Fusobacteriales;Fusobacteriaceae;Fusobacterium
k141_36475	Bacteria;Chlorobiota;Chlorobiia;Chlorobiales;Chlorobiaceae;Chlorobaculum;Chlorobaculum tepidum
k141_51153	Bacteria;Pseudomonadota;Gammaproteobacteria;Alteromonadales;Shewanellaceae;Shewanella;Shewanella baltica
k141_40341	Bacteria;Spirochaetota;Spirochaetia;Treponematales;Treponemataceae;Treponema;Treponema denticola
k141_29388	Bacteria;Chloroflexota;Chloroflexia;Chloroflexales;Chloroflexaceae;Chloroflexus;Chloroflexus aurantiacus
k141_33042	Archaea;Methanobacteriota;Archaeoglobi;Archaeoglobales;Archaeoglobaceae;Archaeoglobus;Archaeoglobus fulgidus
k141_11151	Bacteria;Thermotogota;Thermotogae;Thermotogales;Thermotogaceae;Thermotoga
k141_36479	Bacteria;Pseudomonadota;Gammaproteobacteria;Pseudomonadales;Pseudomonadaceae;Pseudomonas
k141_40345	
k141_43812	Bacteria;Pseudomonadota;Gammaproteobacteria;Alteromonadales;Shewanellaceae;Shewanella
k141_11153	Bacteria;Bacillota;Clostridia;Thermoanaerobacterales;Thermoanaerobacteraceae
k141_314	Bacteria;Fusobacteriota;Fusobacteriia;Fusobacteriales;Fusobacteriaceae;Fusobacterium
k141_29390	Bacteria;Fusobacteriota;Fusobacteriia;Fusobacteriales;Fusobacteriaceae;Fusobacterium
k141_54726	Bacteria;Bacteroidota;Bacteroidia;Bacteroidales;Porphyromonadaceae;Porphyromonas;Porphyromonas gingivalis
k141_40349	Bacteria;Chlorobiota;Chlorobiia;Chlorobiales;Chlorobiaceae;Chlorobium;Chlorobium phaeobacteroides
k141_33049	Bacteria;Chlorobiota;Chlorobiia;Chlorobiales;Chlorobiaceae;Chlorobaculum;Chlorobaculum tepidum
k141_43815	Bacteria;Campylobacterota;Epsilonproteobacteria;Campylobacterales;Helicobacteraceae;Wolinella;Wolinella succinogenes
k141_29391	Bacteria;Spirochaetota;Spirochaetia;Treponematales;Treponemataceae;Treponema
k141_11155	Bacteria;Pseudomonadota;Betaproteobacteria;Nitrosomonadales;Nitrosomonadaceae;Nitrosomonas
k141_40351	Bacteria;Pseudomonadota;Gammaproteobacteria;Pseudomonadales;Pseudomonadaceae;Pseudomonas
k141_54729	Bacteria;Chlorobiota;Chlorobiia;Chlorobiales;Chlorobiaceae;Chlorobaculum
k141_54730	Bacteria;Cyanobacteriota;Cyanophyceae;Nostocales;Nostocaceae
k141_33054	Bacteria;Pseudomonadota;Gammaproteobacteria;Pseudomonadales;Pseudomonadaceae;Pseudomonas
k141_40354	Archaea;Methanobacteriota;Halobacteria;Halobacteriales;Halobacteriaceae;Halobacterium
k141_323	Bacteria;Chlorobiota;Chlorobiia;Chlorobiales;Chlorobiaceae;Chlorobium;Chlorobium phaeobacteroides
k141_29396	Bacteria
k141_36493	Archaea;Methanobacteriota;Halobacteria;Halobacteriales;Halobacteriaceae;Halobacterium
k141_25627	Bacteria;Chlorobiota;Chlorobiia;Chlorobiales;Chlorobiaceae;Chlorobium;Chlorobium phaeovibrioides
k141_11160	Bacteria;Campylobacterota;Epsilonproteobacteria;Campylobacterales;Helicobacteraceae;Wolinella;Wolinella succinogenes
k141_40356	Bacteria;Pseudomonadota;Gammaproteobacteria;Pseudomonadales;Pseudomonadaceae;Pseudomonas
k141_51171	Bacteria;Pseudomonadota;Gammaproteobacteria;Alteromonadales;Shewanellaceae;Shewanella;Shewanella baltica
k141_40357	Bacteria;Pseudomonadota;Gammaproteobacteria;Pseudomonadales;Pseudomonadaceae;Pseudomonas
k141_25630	Archaea;Methanobacteriota;Methanococci;Methanococcales;Methanococcaceae;Methanococcus
k141_11164	Bacteria;Campylobacterota;Epsilonproteobacteria;Campylobacterales;Helicobacteraceae;Wolinella;Wolinella succinogenes
k141_329	Bacteria;Chlorobiota;Chlorobiia;Chlorobiales;Chlorobiaceae;Chlorobium;Chlorobium phaeobacteroides
k141_40358	Bacteria;Verrucomicrobiota;Verrucomicrobiia;Verrucomicrobiales;Akkermansiaceae;Akkermansia;Akkermansia muciniphila
k141_25634	Bacteria;Aquificota;Aquificia;Aquificales;Aquificaceae;Hydrogenobaculum;Hydrogenobaculum sp. Y04AAS1
k141_54736	Bacteria;Pseudomonadota;Gammaproteobacteria;Alteromonadales;Shewanellaceae;Shewanella
k141_40359	Bacteria;Bacillota;Clostridia;Thermoanaerobacterales;Thermoanaerobacteraceae;Thermoanaerobacter
k141_33055	Bacteria;Pseudomonadota;Gammaproteobacteria;Alteromonadales;Shewanellaceae;Shewanella
k141_54737	Bacteria;Cyanobacteriota;Cyanophyceae;Nostocales;Nostocaceae
k141_36496	Bacteria;Fusobacteriota;Fusobacteriia;Fusobacteriales;Fusobacteriaceae;Fusobacterium
k141_51182	Archaea;Thermoproteota;Thermoprotei;Desulfurococcales;Desulfurococcaceae;Ignicoccus;Ignicoccus hospitalis
k141_25637	Bacteria
k141_29414	Bacteria;Pseudomonadota;Gammaproteobacteria;Pseudomonadales;Pseudomonadaceae;Pseudomonas
k141_18458	Bacteria;Bacillota;Clostridia;Thermoanaerobacterales;Thermoanaerobacteraceae;Thermoanaerobacter
k141_11177	Bacteria;Chlorobiota;Chlorobiia;Chlorobiales;Chlorobiaceae;Chlorobaculum
k141_43816	Bacteria;Thermotogota;Thermotogae;Thermotogales;Thermotogaceae;Thermotoga
k141_33059	Bacteria;Aquificota;Aquificia;Aquificales;Aquificaceae;Hydrogenobaculum
k141_7614	Bacteria;Thermotogota;Thermotogae;Thermotogales;Thermotogaceae;Thermotoga
k141_29416	Bacteria;Pseudomonadota;Gammaproteobacteria;Alteromonadales;Shewanellaceae;Shewanella
k141_25638	Bacteria;Pseudomonadota;Gammaproteobacteria;Alteromonadales;Shewanellaceae;Shewanella
k141_7615	Archaea;Methanobacteriota;Methanococci;Methanococcales;Methanococcaceae;Methanococcus;Methanococcus maripaludis
k141_332	
k141_33063	Bacteria;Spirochaetota;Spirochaetia;Treponematales;Treponemataceae;Treponema
k141_36512	Bacteria;Spirochaetota;Spirochaetia;Treponematales;Treponemataceae;Treponema
k141_40370	Bacteria;Planctomycetota;Planctomycetia;Pirellulales;Pirellulaceae;Rhodopirellula;Rhodopirellula baltica
k141_54738	
k141_333	Bacteria;Verrucomicrobiota;Verrucomicrobiia;Verrucomicrobiales;Akkermansiaceae;Akkermansia
k141_43824	Bacteria;Cyanobacteriota;Cyanophyceae;Nostocales;Nostocaceae
k141_11179	Bacteria;Pseudomonadota;Gammaproteobacteria;Alteromonadales;Shewanellaceae;Shewanella
k141_25647	Bacteria;Pseudomonadota;Gammaproteobacteria;Pseudomonadales;Pseudomonadaceae
k141_36516	Bacteria;Chlorobiota;Chlorobiia;Chlorobiales;Chlorobiaceae;Chlorobaculum;Chlorobaculum tepidum
k141_33070	
k141_43828	Bacteria;Verrucomicrobiota;Verrucomicrobiia;Verrucomicrobiales;Akkermansiaceae;Akkermansia;Akkermansia muciniphila
k141_335	Bacteria;Pseudomonadota;Gammaproteobacteria;Alteromonadales;Shewanellaceae;Shewanella
k141_54742	Bacteria;Pseudomonadota
k141_43830	Bacteria;Chlorobiota;Chlorobiia;Chlorobiales;Chlorobiaceae;Chlorobaculum
k141_29418	Archaea;Methanobacteriota;Methanococci;Methanococcales;Methanococcaceae;Methanococcus;Methanococcus maripaludis
k141_54745	Bacteria;Pseudomonadota;Gammaproteobacteria;Pseudomonadales;Pseudomonadaceae;Pseudomonas
k141_25653	Bacteria;Pseudomonadota;Gammaproteobacteria;Pseudomonadales;Pseudomonadaceae;Pseudomonas
k141_11185	Bacteria;Pseudomonadota;Gammaproteobacteria;Pseudomonadales;Pseudomonadaceae;Pseudomonas;Pseudomonas marginalis
k141_342	Bacteria;Pseudomonadota;Gammaproteobacteria;Pseudomonadales;Pseudomonadaceae;Pseudomonas
k141_18465	Bacteria;Chlorobiota;Chlorobiia;Chlorobiales;Chlorobiaceae;Chlorobium;Chlorobium limicola
k141_43832	Bacteria;Planctomycetota;Planctomycetia;Pirellulales;Pirellulaceae;Rhodopirellula;Rhodopirellula baltica
k141_29422	
k141_33082	Archaea;Methanobacteriota
k141_18468	Bacteria;Aquificota;Aquificia;Aquificales;Aquificaceae;Hydrogenobaculum
k141_43835	Bacteria;Pseudomonadota;Gammaproteobacteria;Pseudomonadales;Pseudomonadaceae;Pseudomonas
k141_51188	Bacteria;Planctomycetota;Planctomycetia;Pirellulales;Pirellulaceae;Rhodopirellula;Rhodopirellula baltica
k141_33083	Bacteria;Cyanobacteriota;Cyanophyceae;Nostocales;Nostocaceae
k141_36530	Bacteria;Pseudomonadota;Gammaproteobacteria;Alteromonadales;Shewanellaceae;Shewanella;Shewanella baltica
k141_29428	Bacteria;Chloroflexota;Chloroflexia;Chloroflexales;Chloroflexaceae;Chloroflexus;Chloroflexus aurantiacus
k141_33084	Bacteria;Spirochaetota;Spirochaetia;Treponematales;Treponemataceae;Treponema
k141_11193	Bacteria;Planctomycetota;Planctomycetia;Pirellulales;Pirellulaceae;Rhodopirellula;Rhodopirellula baltica
k141_346	Bacteria;Aquificota;Aquificia;Aquificales;Aquificaceae;Hydrogenobaculum
k141_47536	Bacteria;Chlorobiota;Chlorobiia;Chlorobiales;Chlorobiaceae;Chlorobium;Chlorobium limicola
k141_36536	Bacteria;Pseudomonadota;Gammaproteobacteria;Pseudomonadales;Pseudomonadaceae;Pseudomonas
k141_25658	Bacteria;Bacillota;Clostridia;Thermoanaerobacterales;Thermoanaerobacteraceae;Thermoanaerobacter
k141_51196	Bacteria;Pseudomonadota;Gammaproteobacteria;Pseudomonadales;Pseudomonadaceae
k141_36537	Bacteria;Aquificota;Aquificia;Aquificales;Aquificaceae;Hydrogenobaculum
k141_54747	Bacteria;Fusobacteriota;Fusobacteriia;Fusobacteriales;Fusobacteriaceae;Fusobacterium
k141_29430	Bacteria;Pseudomonadota;Gammaproteobacteria;Alteromonadales;Shewanellaceae;Shewanella
k141_54748	Bacteria;Chlorobiota;Chlorobiia;Chlorobiales;Chlorobiaceae;Chlorobium;Chlorobium phaeobacteroides
k141_43843	Bacteria;Chlorobiota;Chlorobiia;Chlorobiales;Chlorobiaceae;Chlorobaculum;Chlorobaculum tepidum
k141_11201	Bacteria;Aquificota;Aquificia;Aquificales;Aquificaceae;Hydrogenobaculum
k141_18484	Archaea;Thermoproteota;Thermoprotei;Desulfurococcales;Desulfurococcaceae;Ignicoccus;Ignicoccus hospitalis
k141_358	Archaea;Methanobacteriota;Methanococci;Methanococcales;Methanococcaceae;Methanococcus
k141_47547	
k141_51202	Bacteria;Pseudomonadota;Gammaproteobacteria;Alteromonadales;Shewanellaceae;Shewanella
k141_11202	Bacteria;Chlorobiota;Chlorobiia;Chlorobiales;Chlorobiaceae;Chlorobium;Chlorobium phaeobacteroides
k141_43846	Archaea;Methanobacteriota;Methanococci;Methanococcales;Methanococcaceae;Methanococcus;Methanococcus maripaludis
k141_18485	Bacteria;Fusobacteriota;Fusobacteriia;Fusobacteriales;Fusobacteriaceae;Fusobacterium
k141_51203	Bacteria;Cyanobacteriota;Cyanophyceae;Nostocales;Nostocaceae
k141_36545	Bacteria;Pseudomonadota;Gammaproteobacteria;Alteromonadales;Shewanellaceae;Shewanella
k141_40377	Bacteria;Planctomycetota;Planctomycetia;Pirellulales;Pirellulaceae;Rhodopirellula;Rhodopirellula baltica
k141_25672	Archaea;Methanobacteriota;Methanococci;Methanococcales;Methanococcaceae;Methanococcus
k141_43850	Bacteria;Planctomycetota;Planctomycetia;Pirellulales;Pirellulaceae;Rhodopirellula;Rhodopirellula baltica
k141_51204	Archaea;Methanobacteriota;Thermococci;Thermococcales;Thermococcaceae;Pyrococcus;Pyrococcus horikoshii
k141_47554	Bacteria;Planctomycetota;Planctomycetia;Pirellulales;Pirellulaceae;Rhodopirellula;Rhodopirellula baltica
k141_40381	Bacteria;Pseudomonadota;Gammaproteobacteria;Pseudomonadales;Pseudomonadaceae;Pseudomonas
k141_29432	Bacteria;Cyanobacteriota;Cyanophyceae;Nostocales;Nostocaceae
k141_33092	Bacteria;Fusobacteriota;Fusobacteriia;Fusobacteriales;Fusobacteriaceae;Fusobacterium
k141_18486	Archaea;Methanobacteriota;Halobacteria;Halobacteriales;Halobacteriaceae;Halobacterium
k141_54754	Archaea;Thermoproteota;Thermoprotei;Desulfurococcales;Desulfurococcaceae;Ignicoccus;Ignicoccus hospitalis
k141_11206	Bacteria;Pseudomonadota;Gammaproteobacteria;Pseudomonadales;Pseudomonadaceae;Pseudomonas
k141_33094	Bacteria;Pseudomonadota;Gammaproteobacteria;Pseudomonadales;Pseudomonadaceae;Pseudomonas
k141_47557	Bacteria;Chlorobiota;Chlorobiia;Chlorobiales;Chlorobiaceae;Chlorobium
k141_11209	Bacteria;Pseudomonadota;Gammaproteobacteria;Pseudomonadales;Pseudomonadaceae;Pseudomonas
k141_33096	Bacteria;Pseudomonadota;Gammaproteobacteria;Pseudomonadales;Pseudomonadaceae;Pseudomonas
k141_363	Bacteria;Pseudomonadota;Gammaproteobacteria;Alteromonadales;Shewanellaceae;Shewanella
k141_54760	Bacteria;Pseudomonadota;Gammaproteobacteria;Pseudomonadales;Pseudomonadaceae;Pseudomonas
k141_36557	Bacteria;Chlorobiota;Chlorobiia;Chlorobiales;Chlorobiaceae;Chlorobaculum;Chlorobaculum tepidum
k141_3973	Archaea;Methanobacteriota;Methanococci;Methanococcales;Methanocaldococcaceae;Methanocaldococcus;Methanocaldococcus jannaschii
k141_14745	Bacteria;Chlorobiota;Chlorobiia;Chlorobiales;Chlorobiaceae;Chlorobium;Chlorobium limicola
k141_3974	Bacteria;Pseudomonadota;Gammaproteobacteria;Alteromonadales;Shewanellaceae;Shewanella
k141_11211	Bacteria;Pseudomonadota;Gammaproteobacteria;Alteromonadales;Shewanellaceae;Shewanella;Shewanella baltica
k141_54765	Bacteria;Chlorobiota;Chlorobiia;Chlorobiales;Chlorobiaceae;Chlorobaculum;Chlorobaculum tepidum
k141_47565	
k141_51206	Bacteria;Fusobacteriota;Fusobacteriia;Fusobacteriales;Fusobacteriaceae;Fusobacterium
k141_36560	Archaea;Thermoproteota;Thermoprotei;Desulfurococcales;Desulfurococcaceae;Ignicoccus;Ignicoccus islandicus
k141_40396	Bacteria;Pseudomonadota;Gammaproteobacteria;Pseudomonadales;Pseudomonadaceae;Pseudomonas
k141_54767	Bacteria;Pseudomonadota;Gammaproteobacteria;Pseudomonadales;Pseudomonadaceae;Pseudomonas
k141_36562	Bacteria;Chlorobiota;Chlorobiia;Chlorobiales;Chlorobiaceae;Chlorobium;Chlorobium phaeobacteroides
k141_14749	Bacteria;Pseudomonadota;Gammaproteobacteria;Pseudomonadales;Pseudomonadaceae;Pseudomonas
k141_47568	Bacteria;Pseudomonadota;Gammaproteobacteria;Pseudomonadales;Pseudomonadaceae;Pseudomonas
k141_377	Archaea;Thermoproteota;Thermoprotei;Desulfurococcales;Desulfurococcaceae;Ignicoccus;Ignicoccus islandicus
k141_3981	Bacteria;Bacillota
k141_25682	Bacteria;Planctomycetota;Planctomycetia;Pirellulales;Pirellulaceae;Rhodopirellula;Rhodopirellula baltica
k141_54769	Bacteria;Pseudomonadota;Gammaproteobacteria;Alteromonadales;Shewanellaceae;Shewanella;Shewanella baltica
k141_40400	Archaea;Methanobacteriota;Methanococci;Methanococcales;Methanocaldococcaceae
k141_3985	Archaea;Methanobacteriota;Halobacteria;Halobacteriales;Halobacteriaceae;Halobacterium
k141_378	Bacteria;Pseudomonadota;Gammaproteobacteria;Alteromonadales;Shewanellaceae;Shewanella
k141_29435	Bacteria;Bacillota;Clostridia;Thermoanaerobacterales;Thermoanaerobacteraceae;Thermoanaerobacter
k141_36570	Bacteria;Pseudomonadota;Gammaproteobacteria;Pseudomonadales;Pseudomonadaceae;Pseudomonas
k141_11221	Bacteria;Pseudomonadota;Gammaproteobacteria;Alteromonadales;Shewanellaceae;Shewanella
k141_379	Bacteria;Chlorobiota;Chlorobiia;Chlorobiales;Chlorobiaceae;Chlorobaculum;Chlorobaculum tepidum
k141_3988	
k141_18488	Bacteria;Planctomycetota;Planctomycetia;Pirellulales;Pirellulaceae;Rhodopirellula;Rhodopirellula baltica
k141_51212	Bacteria;Chlorobiota;Chlorobiia;Chlorobiales;Chlorobiaceae;Chlorobaculum;Chlorobaculum tepidum
k141_25696	Bacteria;Pseudomonadota;Gammaproteobacteria;Pseudomonadales;Pseudomonadaceae;Pseudomonas
k141_29438	Bacteria;Chlorobiota;Chlorobiia;Chlorobiales;Chlorobiaceae;Chlorobium;Chlorobium phaeobacteroides
k141_11225	Bacteria;Pseudomonadota;Gammaproteobacteria;Pseudomonadales;Pseudomonadaceae
k141_40415	Bacteria;Aquificota;Aquificia;Aquificales;Aquificaceae;Hydrogenobaculum;Hydrogenobaculum sp. Y04AAS1
k141_29440	Bacteria;Planctomycetota;Planctomycetia;Pirellulales;Pirellulaceae;Rhodopirellula;Rhodopirellula baltica
k141_25698	Bacteria;Chlorobiota;Chlorobiia;Chlorobiales;Chlorobiaceae;Chlorobium;Chlorobium phaeobacteroides
k141_3991	Bacteria;Aquificota;Aquificia;Aquificales;Aquificaceae;Hydrogenobaculum
k141_29442	Bacteria;Pseudomonadota;Gammaproteobacteria;Pseudomonadales;Pseudomonadaceae;Pseudomonas
k141_51221	Bacteria;Pseudomonadota;Gammaproteobacteria;Pseudomonadales;Pseudomonadaceae;Pseudomonas
k141_18493	Bacteria;Pseudomonadota;Gammaproteobacteria;Alteromonadales;Shewanellaceae;Shewanella
k141_11231	Bacteria;Pseudomonadota;Gammaproteobacteria;Alteromonadales;Shewanellaceae;Shewanella
k141_3996	Bacteria;Pseudomonadota;Gammaproteobacteria;Pseudomonadales;Pseudomonadaceae;Pseudomonas
k141_40419	Bacteria;Chlorobiota;Chlorobiia;Chlorobiales;Chlorobiaceae;Chlorobaculum;Chlorobaculum tepidum
k141_29444	Bacteria
k141_18496	Bacteria;Pseudomonadota;Gammaproteobacteria;Alteromonadales;Shewanellaceae;Shewanella
k141_47597	Bacteria;Chlorobiota;Chlorobiia;Chlorobiales;Chlorobiaceae;Chlorobaculum;Chlorobaculum tepidum
k141_51227	Archaea;Methanobacteriota;Methanococci;Methanococcales;Methanococcaceae;Methanococcus;Methanococcus maripaludis
k141_36591	Bacteria;Cyanobacteriota;Cyanophyceae;Nostocales;Nostocaceae
k141_11232	Bacteria;Pseudomonadota;Gammaproteobacteria;Pseudomonadales;Pseudomonadaceae;Pseudomonas
k141_51228	
k141_47603	Bacteria;Pseudomonadota;Gammaproteobacteria;Pseudomonadales;Pseudomonadaceae;Pseudomonas
k141_36594	Archaea;Thermoproteota;Thermoprotei;Desulfurococcales;Desulfurococcaceae;Ignicoccus;Ignicoccus hospitalis
k141_25713	Bacteria;Pseudomonadota;Gammaproteobacteria;Alteromonadales;Shewanellaceae;Shewanella
k141_18497	Bacteria;Planctomycetota;Planctomycetia;Pirellulales;Pirellulaceae;Rhodopirellula;Rhodopirellula baltica
k141_36597	
k141_29460	Bacteria;Cyanobacteriota;Cyanophyceae;Nostocales;Nostocaceae
k141_396	Bacteria;Pseudomonadota;Gammaproteobacteria;Alteromonadales;Shewanellaceae;Shewanella
k141_18499	Bacteria;Pseudomonadota;Gammaproteobacteria;Pseudomonadales;Pseudomonadaceae;Pseudomonas
k141_11238	Bacteria;Planctomycetota;Planctomycetia;Pirellulales;Pirellulaceae;Rhodopirellula;Rhodopirellula baltica
k141_25714	
k141_397	
k141_14753	Bacteria;Bacillota;Clostridia;Thermoanaerobacterales;Thermoanaerobacteraceae;Thermoanaerobacter
k141_47609	Bacteria;Pseudomonadota;Gammaproteobacteria;Alteromonadales;Shewanellaceae;Shewanella
k141_29467	Bacteria;Chlorobiota;Chlorobiia;Chlorobiales;Chlorobiaceae;Chlorobium;Chlorobium phaeobacteroides
k141_29468	Bacteria;Pseudomonadota;Gammaproteobacteria;Pseudomonadales;Pseudomonadaceae;Pseudomonas
k141_14756	Bacteria;Pseudomonadota;Gammaproteobacteria;Pseudomonadales;Pseudomonadaceae;Pseudomonas
k141_25719	Bacteria;Pseudomonadota;Gammaproteobacteria;Alteromonadales;Shewanellaceae;Shewanella;Shewanella baltica
k141_54770	Bacteria;Cyanobacteriota;Cyanophyceae;Nostocales;Nostocaceae
k141_43852	Bacteria;Bacteroidota;Bacteroidia;Bacteroidales;Porphyromonadaceae;Porphyromonas;Porphyromonas gingivalis
k141_36609	Bacteria;Pseudomonadota;Gammaproteobacteria;Pseudomonadales;Pseudomonadaceae;Pseudomonas
k141_14758	Bacteria;Pseudomonadota;Gammaproteobacteria;Pseudomonadales;Pseudomonadaceae;Pseudomonas
k141_47615	Archaea;Thermoproteota;Thermoprotei;Desulfurococcales;Desulfurococcaceae;Ignicoccus;Ignicoccus hospitalis
k141_29471	Bacteria;Thermodesulfobacteriota;Desulfovibrionia;Desulfovibrionales;Desulfovibrionaceae;Desulfovibrio
k141_54771	Bacteria;Pseudomonadota;Gammaproteobacteria;Pseudomonadales;Pseudomonadaceae
k141_14761	
k141_29472	Bacteria;Chlorobiota;Chlorobiia;Chlorobiales;Chlorobiaceae;Chlorobium;Chlorobium phaeobacteroides
k141_36617	Bacteria;Cyanobacteriota;Cyanophyceae;Nostocales;Nostocaceae
k141_47620	Archaea;Methanobacteriota;Archaeoglobi;Archaeoglobales;Archaeoglobaceae;Archaeoglobus;Archaeoglobus fulgidus
k141_54775	Bacteria;Chlorobiota;Chlorobiia;Chlorobiales;Chlorobiaceae;Chlorobaculum
k141_40422	Bacteria;Planctomycetota;Planctomycetia;Pirellulales;Pirellulaceae;Rhodopirellula;Rhodopirellula baltica
k141_25728	Bacteria;Aquificota;Aquificia;Aquificales;Aquificaceae;Hydrogenobaculum
k141_3997	Bacteria;Bacillota
k141_43871	Bacteria;Thermodesulfobacteriota;Desulfuromonadia;Geobacterales;Geobacteraceae;Geobacter
k141_11239	Bacteria;Pseudomonadota;Gammaproteobacteria;Alteromonadales;Shewanellaceae;Shewanella
k141_4000	Archaea;Methanobacteriota;Archaeoglobi;Archaeoglobales;Archaeoglobaceae;Archaeoglobus;Archaeoglobus fulgidus
k141_54778	Archaea;Thermoproteota;Thermoprotei;Desulfurococcales;Desulfurococcaceae;Ignicoccus;Ignicoccus hospitalis
k141_14768	Bacteria;Pseudomonadota;Gammaproteobacteria;Alteromonadales;Shewanellaceae;Shewanella
k141_29473	Bacteria;Bacteroidota;Bacteroidia;Bacteroidales;Porphyromonadaceae;Porphyromonas;Porphyromonas gingivalis
k141_36632	Bacteria;Pseudomonadota;Gammaproteobacteria;Pseudomonadales;Pseudomonadaceae;Pseudomonas
k141_40436	Bacteria;Pseudomonadota;Gammaproteobacteria;Alteromonadales;Shewanellaceae;Shewanella
k141_25744	Bacteria;Aquificota;Aquificia;Aquificales;Aquificaceae;Hydrogenobaculum
k141_51229	Bacteria;Bacteroidota;Bacteroidia;Bacteroidales;Porphyromonadaceae;Porphyromonas;Porphyromonas gingivalis
k141_18500	Bacteria;Planctomycetota;Planctomycetia;Pirellulales;Pirellulaceae;Rhodopirellula;Rhodopirellula baltica
k141_400	Bacteria;Fusobacteriota;Fusobacteriia;Fusobacteriales;Fusobacteriaceae;Fusobacterium
k141_29480	Bacteria;Spirochaetota;Spirochaetia;Treponematales;Treponemataceae;Treponema
k141_40440	Bacteria;Spirochaetota;Spirochaetia;Treponematales;Treponemataceae;Treponema
k141_4002	Bacteria;Planctomycetota;Planctomycetia;Pirellulales;Pirellulaceae;Rhodopirellula;Rhodopirellula baltica
k141_47639	Bacteria;Pseudomonadota;Gammaproteobacteria;Alteromonadales;Shewanellaceae;Shewanella
k141_36633	Bacteria;Pseudomonadota;Gammaproteobacteria;Alteromonadales;Shewanellaceae;Shewanella
k141_40443	Bacteria
k141_405	Bacteria;Pseudomonadota;Gammaproteobacteria;Pseudomonadales;Pseudomonadaceae;Pseudomonas
k141_11250	Bacteria;Bacillota;Clostridia;Thermoanaerobacterales;Thermoanaerobacteraceae;Thermoanaerobacter
k141_40444	Bacteria;Pseudomonadota;Gammaproteobacteria;Alteromonadales;Shewanellaceae;Shewanella
k141_33110	Archaea;Methanobacteriota;Methanococci;Methanococcales;Methanocaldococcaceae;Methanocaldococcus;Methanocaldococcus jannaschii
k141_47643	Bacteria;Cyanobacteriota;Cyanophyceae;Nostocales;Nostocaceae
k141_33113	Bacteria;Aquificota;Aquificia;Aquificales;Aquificaceae;Hydrogenobaculum
k141_40450	
k141_29494	Bacteria;Pseudomonadota;Gammaproteobacteria;Alteromonadales;Shewanellaceae;Shewanella
k141_47647	Bacteria;Aquificota;Aquificia;Aquificales;Aquificaceae;Hydrogenobaculum
k141_18513	Bacteria;Pseudomonadota;Gammaproteobacteria;Pseudomonadales;Pseudomonadaceae;Pseudomonas
k141_415	Bacteria;Pseudomonadota;Gammaproteobacteria;Pseudomonadales;Pseudomonadaceae;Pseudomonas
k141_36639	Archaea;Thermoproteota;Thermoprotei;Desulfurococcales;Desulfurococcaceae;Ignicoccus;Ignicoccus hospitalis
k141_54799	Archaea;Thermoproteota;Thermoprotei;Desulfurococcales;Desulfurococcaceae;Ignicoccus;Ignicoccus hospitalis
k141_11252	Bacteria;Planctomycetota;Planctomycetia;Pirellulales;Pirellulaceae;Rhodopirellula;Rhodopirellula baltica
k141_51238	Bacteria;Pseudomonadota;Gammaproteobacteria;Alteromonadales;Shewanellaceae;Shewanella
k141_29495	Bacteria;Chlorobiota;Chlorobiia;Chlorobiales;Chlorobiaceae;Chlorobaculum
k141_14798	Bacteria;Pseudomonadota;Gammaproteobacteria;Pseudomonadales;Pseudomonadaceae;Pseudomonas
k141_47653	Bacteria;Pseudomonadota;Gammaproteobacteria;Alteromonadales;Shewanellaceae;Shewanella
k141_51245	Bacteria;Chlorobiota;Chlorobiia;Chlorobiales;Chlorobiaceae;Chlorobaculum;Chlorobaculum tepidum
k141_11256	Bacteria;Pseudomonadota;Gammaproteobacteria;Alteromonadales;Shewanellaceae;Shewanella
k141_40461	
k141_425	Bacteria;Pseudomonadota;Gammaproteobacteria;Alteromonadales;Shewanellaceae;Shewanella
k141_51246	Bacteria;Chlorobiota;Chlorobiia;Chlorobiales;Chlorobiaceae;Chlorobium;Chlorobium phaeobacteroides
k141_11257	Bacteria;Aquificota;Aquificia;Aquificales;Aquificaceae;Hydrogenobaculum;Hydrogenobaculum sp. Y04AAS1
k141_18525	Archaea;Methanobacteriota;Methanococci;Methanococcales;Methanococcaceae;Methanococcus;Methanococcus maripaludis
k141_18526	Bacteria;Pseudomonadota;Gammaproteobacteria;Pseudomonadales;Pseudomonadaceae;Pseudomonas
k141_51247	Bacteria;Pseudomonadota;Gammaproteobacteria;Alteromonadales;Shewanellaceae;Shewanella
k141_54813	Bacteria;Chlorobiota;Chlorobiia;Chlorobiales;Chlorobiaceae;Chlorobium;Chlorobium phaeobacteroides
k141_18527	Bacteria;Pseudomonadota;Gammaproteobacteria;Pseudomonadales;Pseudomonadaceae;Pseudomonas
k141_11258	Archaea;Methanobacteriota;Methanobacteria;Methanobacteriales;Methanothermaceae;Methanothermus;Methanothermus sociabilis
k141_40473	Bacteria;Pseudomonadota;Gammaproteobacteria;Alteromonadales;Shewanellaceae;Shewanella
k141_51256	Archaea;Thermoproteota;Thermoprotei;Desulfurococcales;Desulfurococcaceae;Ignicoccus;Ignicoccus islandicus
k141_18530	Bacteria;Pseudomonadota;Gammaproteobacteria;Pseudomonadales;Pseudomonadaceae;Pseudomonas
k141_40477	Bacteria;Cyanobacteriota;Cyanophyceae;Nostocales;Nostocaceae
k141_18533	Bacteria;Pseudomonadota;Gammaproteobacteria;Pseudomonadales;Pseudomonadaceae;Pseudomonas
k141_51260	
k141_430	Bacteria;Bacteroidota;Bacteroidia;Bacteroidales;Porphyromonadaceae;Porphyromonas;Porphyromonas gingivalis
k141_54816	Bacteria;Planctomycetota;Planctomycetia;Pirellulales;Pirellulaceae;Rhodopirellula;Rhodopirellula baltica
k141_14800	Bacteria;Planctomycetota;Planctomycetia;Pirellulales;Pirellulaceae;Rhodopirellula;Rhodopirellula baltica
k141_29518	Bacteria;Bacteroidota;Bacteroidia;Bacteroidales;Porphyromonadaceae;Porphyromonas;Porphyromonas gingivalis
k141_51261	Bacteria;Cyanobacteriota;Cyanophyceae;Nostocales;Nostocaceae
k141_11259	Bacteria;Bacillota
k141_40483	Bacteria;Verrucomicrobiota;Verrucomicrobiia;Verrucomicrobiales;Akkermansiaceae;Akkermansia
k141_18536	Bacteria;Chlorobiota;Chlorobiia;Chlorobiales;Chlorobiaceae;Chlorobium;Chlorobium phaeobacteroides
k141_4004	Bacteria;Fusobacteriota;Fusobacteriia;Fusobacteriales;Fusobacteriaceae;Fusobacterium
k141_54821	Archaea;Thermoproteota;Thermoprotei;Desulfurococcales;Desulfurococcaceae;Ignicoccus;Ignicoccus islandicus
k141_40485	Bacteria;Pseudomonadota;Gammaproteobacteria;Pseudomonadales;Pseudomonadaceae;Pseudomonas
k141_437	Bacteria;Pseudomonadota;Gammaproteobacteria;Alteromonadales;Shewanellaceae;Shewanella
k141_51267	Bacteria;Chlorobiota;Chlorobiia;Chlorobiales;Chlorobiaceae;Chlorobium;Chlorobium phaeobacteroides
k141_18542	Bacteria;Pseudomonadota;Gammaproteobacteria;Pseudomonadales;Pseudomonadaceae;Pseudomonas
k141_14801	Bacteria;Pseudomonadota;Gammaproteobacteria;Alteromonadales;Shewanellaceae;Shewanella
k141_40489	Archaea;Thermoproteota;Thermoprotei;Thermoproteales;Thermoproteaceae;Pyrobaculum;Pyrobaculum calidifontis
k141_11260	Bacteria;Pseudomonadota;Gammaproteobacteria;Alteromonadales;Shewanellaceae;Shewanella
k141_14804	Bacteria;Pseudomonadota;Gammaproteobacteria;Pseudomonadales;Pseudomonadaceae;Pseudomonas;Pseudomonas marginalis
k141_441	Bacteria;Cyanobacteriota;Cyanophyceae;Nostocales;Nostocaceae
k141_18546	Bacteria;Pseudomonadota;Gammaproteobacteria;Pseudomonadales;Pseudomonadaceae
k141_11263	Bacteria;Chlorobiota;Chlorobiia;Chlorobiales;Chlorobiaceae;Chlorobium;Chlorobium phaeobacteroides
k141_29519	Bacteria;Bacteroidota;Bacteroidia;Bacteroidales;Porphyromonadaceae;Porphyromonas;Porphyromonas gingivalis
k141_40500	Bacteria;Pseudomonadota;Gammaproteobacteria;Alteromonadales;Shewanellaceae;Shewanella
k141_11268	Bacteria;Chlorobiota;Chlorobiia;Chlorobiales;Chlorobiaceae;Chlorobium;Chlorobium phaeobacteroides
k141_36649	Archaea;Methanobacteriota;Methanococci;Methanococcales;Methanocaldococcaceae;Methanocaldococcus;Methanocaldococcus jannaschii
k141_18554	Bacteria;Planctomycetota;Planctomycetia;Pirellulales;Pirellulaceae;Rhodopirellula;Rhodopirellula baltica
k141_14816	Bacteria;Chloroflexota;Chloroflexia;Chloroflexales;Chloroflexaceae;Chloroflexus;Chloroflexus aurantiacus
k141_33114	Bacteria;Bacillota
k141_29521	Bacteria;Planctomycetota;Planctomycetia;Pirellulales;Pirellulaceae;Rhodopirellula;Rhodopirellula baltica
k141_18560	Bacteria;Pseudomonadota;Gammaproteobacteria;Pseudomonadales;Pseudomonadaceae;Pseudomonas
k141_40509	Bacteria;Pseudomonadota;Gammaproteobacteria;Alteromonadales;Shewanellaceae;Shewanella
k141_29522	Bacteria;Chlorobiota;Chlorobiia;Chlorobiales;Chlorobiaceae;Chlorobium;Chlorobium phaeobacteroides
k141_14825	
k141_36659	Bacteria;Chlorobiota;Chlorobiia;Chlorobiales;Chlorobiaceae;Chlorobaculum
k141_467	Bacteria
k141_33126	
k141_36661	
k141_14826	
k141_18569	Bacteria;Pseudomonadota;Gammaproteobacteria;Pseudomonadales;Pseudomonadaceae;Pseudomonas
k141_43874	Archaea;Methanobacteriota;Halobacteria;Halobacteriales;Halobacteriaceae;Halobacterium
k141_470	Bacteria;Pseudomonadota;Gammaproteobacteria;Alteromonadales;Shewanellaceae;Shewanella
k141_47662	Archaea;Methanobacteriota;Methanococci;Methanococcales;Methanocaldococcaceae;Methanocaldococcus;Methanocaldococcus jannaschii
k141_36666	Bacteria;Thermodesulfobacteriota;Desulfovibrionia;Desulfovibrionales;Desulfovibrionaceae;Desulfovibrio
k141_473	Bacteria;Cyanobacteriota;Cyanophyceae;Nostocales;Nostocaceae
k141_29529	Bacteria;Pseudomonadota;Gammaproteobacteria;Pseudomonadales;Pseudomonadaceae;Pseudomonas
k141_29530	Bacteria;Pseudomonadota;Gammaproteobacteria;Pseudomonadales;Pseudomonadaceae;Pseudomonas
k141_33132	Bacteria;Pseudomonadota;Gammaproteobacteria;Alteromonadales;Shewanellaceae;Shewanella
k141_11286	Bacteria;Chlorobiota;Chlorobiia;Chlorobiales;Chlorobiaceae;Chlorobium;Chlorobium phaeobacteroides
k141_18572	Bacteria;Planctomycetota;Planctomycetia;Pirellulales;Pirellulaceae;Rhodopirellula;Rhodopirellula baltica
k141_43882	Bacteria;Pseudomonadota;Gammaproteobacteria;Pseudomonadales;Pseudomonadaceae;Pseudomonas
k141_29535	Bacteria;Pseudomonadota;Gammaproteobacteria;Alteromonadales;Shewanellaceae;Shewanella
k141_14828	Archaea;Thermoproteota;Thermoprotei;Desulfurococcales;Desulfurococcaceae;Ignicoccus;Ignicoccus hospitalis
k141_477	Archaea;Methanobacteriota;Methanococci;Methanococcales;Methanococcaceae;Methanococcus
k141_18573	Bacteria;Pseudomonadota;Gammaproteobacteria;Pseudomonadales;Pseudomonadaceae;Pseudomonas
k141_47669	Bacteria;Aquificota;Aquificia;Aquificales;Aquificaceae;Hydrogenobaculum
k141_36671	Archaea;Methanobacteriota;Halobacteria;Halobacteriales;Halobacteriaceae;Halobacterium
k141_43886	Bacteria;Pseudomonadota;Gammaproteobacteria;Alteromonadales;Shewanellaceae;Shewanella
k141_485	Bacteria;Pseudomonadota;Gammaproteobacteria;Pseudomonadales;Pseudomonadaceae;Pseudomonas
k141_14832	Bacteria;Chlorobiota;Chlorobiia;Chlorobiales;Chlorobiaceae;Chlorobaculum;Chlorobaculum tepidum
k141_11287	Archaea;Methanobacteriota;Methanococci;Methanococcales;Methanococcaceae;Methanococcus;Methanococcus maripaludis
k141_54823	Bacteria;Bacillota
k141_47671	Bacteria;Pseudomonadota;Gammaproteobacteria;Alteromonadales;Shewanellaceae;Shewanella
k141_487	Bacteria;Cyanobacteriota;Cyanophyceae;Nostocales
k141_14833	Archaea;Thermoproteota;Thermoprotei;Desulfurococcales;Desulfurococcaceae;Ignicoccus;Ignicoccus islandicus
k141_11288	Bacteria;Pseudomonadota;Gammaproteobacteria;Alteromonadales;Shewanellaceae;Shewanella
k141_488	Bacteria;Pseudomonadota;Gammaproteobacteria;Alteromonadales;Shewanellaceae;Shewanella
k141_29546	Bacteria;Bacteroidota;Bacteroidia;Bacteroidales
k141_14834	Bacteria;Pseudomonadota;Gammaproteobacteria;Pseudomonadales;Pseudomonadaceae;Pseudomonas
k141_11289	Bacteria;Chlorobiota;Chlorobiia;Chlorobiales;Chlorobiaceae;Chlorobium;Chlorobium phaeobacteroides
k141_29547	Archaea;Thermoproteota;Thermoprotei;Desulfurococcales;Desulfurococcaceae;Ignicoccus;Ignicoccus islandicus
k141_47678	Archaea;Thermoproteota;Thermoprotei;Desulfurococcales;Desulfurococcaceae;Ignicoccus;Ignicoccus hospitalis
k141_43890	Archaea;Thermoproteota;Thermoprotei;Desulfurococcales;Desulfurococcaceae;Ignicoccus;Ignicoccus islandicus
k141_33139	Bacteria;Pseudomonadota;Gammaproteobacteria;Alteromonadales;Shewanellaceae;Shewanella
k141_36686	Bacteria;Cyanobacteriota;Cyanophyceae;Nostocales;Nostocaceae
k141_29548	Bacteria;Chlorobiota;Chlorobiia;Chlorobiales;Chlorobiaceae;Chlorobaculum;Chlorobaculum tepidum
k141_54834	Bacteria;Planctomycetota;Planctomycetia;Pirellulales;Pirellulaceae;Rhodopirellula;Rhodopirellula baltica
k141_14835	Bacteria;Pseudomonadota;Gammaproteobacteria;Alteromonadales;Shewanellaceae;Shewanella
k141_11291	Bacteria;Chlorobiota;Chlorobiia;Chlorobiales;Chlorobiaceae;Chlorobaculum;Chlorobaculum tepidum
k141_29550	Bacteria;Pseudomonadota;Gammaproteobacteria;Pseudomonadales;Pseudomonadaceae;Pseudomonas
k141_489	Bacteria;Aquificota;Aquificia;Aquificales;Aquificaceae;Hydrogenobaculum;Hydrogenobaculum sp. Y04AAS1
k141_11292	Bacteria;Planctomycetota;Planctomycetia;Pirellulales;Pirellulaceae;Rhodopirellula;Rhodopirellula baltica
k141_33143	Bacteria;Pseudomonadota;Gammaproteobacteria;Pseudomonadales;Pseudomonadaceae;Pseudomonas;Pseudomonas marginalis
k141_29555	Bacteria;Pseudomonadota;Gammaproteobacteria;Pseudomonadales;Pseudomonadaceae;Pseudomonas
k141_40510	Bacteria;Bacteroidota;Bacteroidia;Bacteroidales;Porphyromonadaceae;Porphyromonas;Porphyromonas gingivalis
k141_54842	Bacteria;Bacteroidota;Bacteroidia;Bacteroidales;Bacteroidaceae;Phocaeicola
k141_7626	Archaea;Methanobacteriota;Methanococci;Methanococcales;Methanocaldococcaceae;Methanocaldococcus;Methanocaldococcus jannaschii
k141_14839	Bacteria;Pseudomonadota;Gammaproteobacteria;Alteromonadales;Shewanellaceae;Shewanella
k141_36699	Bacteria;Pseudomonadota;Gammaproteobacteria;Pseudomonadales;Pseudomonadaceae;Pseudomonas
k141_11294	Archaea;Methanobacteriota;Halobacteria;Halobacteriales;Halobacteriaceae;Halobacterium
k141_7628	
k141_494	Bacteria;Pseudomonadota;Gammaproteobacteria;Pseudomonadales;Pseudomonadaceae;Pseudomonas
k141_43900	Archaea;Methanobacteriota;Halobacteria;Halobacteriales;Halobacteriaceae;Halobacterium
k141_40521	Bacteria;Chlorobiota;Chlorobiia;Chlorobiales;Chlorobiaceae;Chlorobaculum
k141_47707	Bacteria;Chlorobiota;Chlorobiia;Chlorobiales;Chlorobiaceae;Chlorobium;Chlorobium phaeobacteroides
k141_43903	Bacteria;Aquificota;Aquificia;Aquificales;Aquificaceae;Hydrogenobaculum;Hydrogenobaculum sp. Y04AAS1
k141_40522	
k141_33144	Bacteria;Aquificota;Aquificia;Aquificales;Aquificaceae;Hydrogenobaculum
k141_54856	Bacteria;Planctomycetota;Planctomycetia;Pirellulales;Pirellulaceae;Rhodopirellula;Rhodopirellula baltica
k141_29560	Bacteria;Planctomycetota;Planctomycetia;Pirellulales;Pirellulaceae;Rhodopirellula;Rhodopirellula baltica
k141_43905	Bacteria;Pseudomonadota;Gammaproteobacteria;Pseudomonadales;Pseudomonadaceae;Pseudomonas
k141_18579	Bacteria;Pseudomonadota;Betaproteobacteria;Nitrosomonadales;Nitrosomonadaceae;Nitrosomonas
k141_54857	
k141_11298	
k141_33146	Bacteria;Cyanobacteriota;Cyanophyceae;Nostocales;Nostocaceae
k141_29563	Bacteria;Pseudomonadota;Gammaproteobacteria;Pseudomonadales;Pseudomonadaceae;Pseudomonas
k141_36718	Bacteria;Pseudomonadota;Gammaproteobacteria;Pseudomonadales;Pseudomonadaceae;Pseudomonas
k141_47713	Bacteria;Pseudomonadota;Gammaproteobacteria;Alteromonadales;Shewanellaceae;Shewanella
k141_509	Bacteria;Aquificota;Aquificia;Aquificales;Aquificaceae;Hydrogenobaculum
k141_33153	Bacteria;Fusobacteriota;Fusobacteriia;Fusobacteriales;Fusobacteriaceae;Fusobacterium
k141_54865	Archaea;Methanobacteriota;Methanococci;Methanococcales;Methanococcaceae;Methanococcus;Methanococcus maripaludis
k141_29570	Bacteria;Bacteroidota;Bacteroidia;Bacteroidales
k141_18580	Bacteria;Planctomycetota;Planctomycetia;Pirellulales;Pirellulaceae;Rhodopirellula;Rhodopirellula baltica
k141_510	Bacteria;Chlorobiota;Chlorobiia;Chlorobiales;Chlorobiaceae;Chlorobaculum;Chlorobaculum tepidum
k141_43913	Bacteria;Chlorobiota;Chlorobiia;Chlorobiales;Chlorobiaceae;Chlorobaculum;Chlorobaculum tepidum
k141_29574	Bacteria;Thermodesulfobacteriota;Desulfovibrionia;Desulfovibrionales;Desulfovibrionaceae;Desulfovibrio;Desulfovibrio piger
k141_47717	Bacteria;Pseudomonadota;Gammaproteobacteria;Alteromonadales;Shewanellaceae;Shewanella
k141_54872	Archaea;Thermoproteota;Thermoprotei;Desulfurococcales;Desulfurococcaceae;Ignicoccus;Ignicoccus hospitalis
k141_33158	Bacteria;Pseudomonadota;Gammaproteobacteria;Alteromonadales;Shewanellaceae;Shewanella
k141_515	Bacteria;Pseudomonadota;Gammaproteobacteria;Pseudomonadales;Pseudomonadaceae;Pseudomonas
k141_18584	Bacteria;Planctomycetota;Planctomycetia;Pirellulales;Pirellulaceae;Rhodopirellula;Rhodopirellula baltica
k141_11320	Bacteria;Chlorobiota;Chlorobiia;Chlorobiales;Chlorobiaceae;Chlorobaculum
k141_54873	Bacteria;Pseudomonadota;Gammaproteobacteria;Pseudomonadales;Pseudomonadaceae;Pseudomonas
k141_43916	
k141_36727	
k141_14842	Archaea;Methanobacteriota;Halobacteria;Halobacteriales;Halobacteriaceae;Halobacterium
k141_516	Bacteria;Chlorobiota;Chlorobiia;Chlorobiales;Chlorobiaceae;Chlorobaculum;Chlorobaculum tepidum
k141_29580	Archaea;Thermoproteota;Thermoprotei;Thermoproteales;Thermoproteaceae;Pyrobaculum;Pyrobaculum calidifontis
k141_54874	Bacteria;Aquificota;Aquificia;Aquificales;Aquificaceae;Hydrogenobaculum
k141_518	Bacteria;Pseudomonadota;Gammaproteobacteria;Alteromonadales;Shewanellaceae;Shewanella
k141_33164	Bacteria;Pseudomonadota;Gammaproteobacteria
k141_43920	Bacteria;Pseudomonadota;Gammaproteobacteria;Pseudomonadales;Pseudomonadaceae;Pseudomonas
k141_520	Bacteria;Pseudomonadota;Gammaproteobacteria;Alteromonadales;Shewanellaceae;Shewanella
k141_40523	Bacteria;Bacteroidota;Bacteroidia;Bacteroidales;Porphyromonadaceae;Porphyromonas;Porphyromonas gingivalis
k141_54876	Bacteria;Pseudomonadota;Gammaproteobacteria;Pseudomonadales;Pseudomonadaceae;Pseudomonas
k141_521	Bacteria;Chlorobiota;Chlorobiia;Chlorobiales;Chlorobiaceae;Chlorobaculum
k141_14849	Bacteria;Chlorobiota;Chlorobiia;Chlorobiales;Chlorobiaceae;Chlorobaculum;Chlorobaculum tepidum
k141_29585	Bacteria;Pseudomonadota;Gammaproteobacteria;Pseudomonadales;Pseudomonadaceae;Pseudomonas
k141_522	Bacteria;Aquificota;Aquificia;Aquificales;Hydrogenothermaceae;Sulfurihydrogenibium;Sulfurihydrogenibium sp. YO3AOP1
k141_18597	Archaea;Methanobacteriota;Methanococci;Methanococcales;Methanococcaceae;Methanococcus;Methanococcus maripaludis
k141_29586	Archaea;Thermoproteota;Thermoprotei;Thermoproteales;Thermoproteaceae;Pyrobaculum;Pyrobaculum calidifontis
k141_36739	Archaea;Thermoproteota;Thermoprotei;Thermoproteales;Thermoproteaceae;Pyrobaculum;Pyrobaculum calidifontis
k141_18600	Bacteria;Verrucomicrobiota;Verrucomicrobiia;Verrucomicrobiales;Akkermansiaceae;Akkermansia;Akkermansia muciniphila
k141_33170	
k141_36740	Bacteria;Pseudomonadota;Gammaproteobacteria;Pseudomonadales;Pseudomonadaceae;Pseudomonas
k141_14850	Archaea;Methanobacteriota;Methanococci;Methanococcales;Methanococcaceae;Methanococcus
k141_36742	Archaea;Methanobacteriota;Methanococci;Methanococcales;Methanococcaceae;Methanococcus;Methanococcus maripaludis
k141_18603	Archaea;Thermoproteota;Thermoprotei;Desulfurococcales;Desulfurococcaceae;Ignicoccus;Ignicoccus hospitalis
k141_36745	
k141_18606	Bacteria;Pseudomonadota;Gammaproteobacteria;Pseudomonadales;Pseudomonadaceae;Pseudomonas
k141_47720	Archaea;Methanobacteriota;Methanobacteria;Methanobacteriales;Methanothermaceae;Methanothermus;Methanothermus sociabilis
k141_36746	Bacteria;Campylobacterota;Epsilonproteobacteria;Campylobacterales;Helicobacteraceae;Wolinella;Wolinella succinogenes
k141_33180	
k141_43924	Archaea;Methanobacteriota;Halobacteria;Halobacteriales;Halobacteriaceae;Halobacterium
k141_54890	Bacteria;Fusobacteriota;Fusobacteriia;Fusobacteriales
k141_541	Bacteria;Pseudomonadota;Gammaproteobacteria;Pseudomonadales;Pseudomonadaceae;Pseudomonas
k141_43925	Bacteria;Pseudomonadota;Gammaproteobacteria;Pseudomonadales;Pseudomonadaceae;Pseudomonas
k141_542	Bacteria;Chlorobiota;Chlorobiia;Chlorobiales;Chlorobiaceae;Chlorobium;Chlorobium phaeobacteroides
k141_47722	Bacteria;Campylobacterota;Epsilonproteobacteria;Campylobacterales;Helicobacteraceae;Wolinella;Wolinella succinogenes
k141_29594	Bacteria;Pseudomonadota;Gammaproteobacteria;Alteromonadales;Shewanellaceae;Shewanella
k141_33184	Bacteria;Chlorobiota;Chlorobiia;Chlorobiales;Chlorobiaceae;Chlorobaculum;Chlorobaculum tepidum
k141_14860	Bacteria;Pseudomonadota;Gammaproteobacteria;Alteromonadales;Shewanellaceae;Shewanella
k141_544	Bacteria;Aquificota;Aquificia;Aquificales;Aquificaceae;Hydrogenobaculum
k141_18614	Bacteria;Pseudomonadota;Gammaproteobacteria;Alteromonadales;Shewanellaceae;Shewanella
k141_33187	Bacteria;Pseudomonadota;Gammaproteobacteria;Pseudomonadales;Pseudomonadaceae;Pseudomonas
k141_47726	Bacteria;Pseudomonadota;Gammaproteobacteria
k141_545	Bacteria;Pseudomonadota;Gammaproteobacteria;Pseudomonadales;Pseudomonadaceae
k141_29595	Archaea;Methanobacteriota;Halobacteria;Halobacteriales;Halobacteriaceae;Halobacterium
k141_18617	Archaea;Methanobacteriota;Methanococci;Methanococcales;Methanococcaceae;Methanococcus
k141_47728	Bacteria;Pseudomonadota;Gammaproteobacteria;Pseudomonadales;Pseudomonadaceae;Pseudomonas
k141_14864	Bacteria;Pseudomonadota;Gammaproteobacteria;Pseudomonadales;Pseudomonadaceae;Pseudomonas
k141_33193	Bacteria;Pseudomonadota;Gammaproteobacteria;Alteromonadales;Shewanellaceae;Shewanella
k141_43937	Bacteria;Pseudomonadota;Gammaproteobacteria;Pseudomonadales;Pseudomonadaceae;Pseudomonas
k141_29599	Bacteria;Chloroflexota;Chloroflexia;Chloroflexales;Chloroflexaceae;Chloroflexus;Chloroflexus aurantiacus
k141_14869	Bacteria;Bacillota;Clostridia
k141_33198	Archaea;Methanobacteriota;Methanococci;Methanococcales;Methanococcaceae;Methanococcus;Methanococcus maripaludis
k141_43941	Bacteria;Chlorobiota;Chlorobiia;Chlorobiales;Chlorobiaceae;Chlorobaculum;Chlorobaculum tepidum
k141_36750	Bacteria;Pseudomonadota;Gammaproteobacteria;Alteromonadales;Shewanellaceae;Shewanella
k141_47735	Archaea;Thermoproteota;Thermoprotei;Desulfurococcales;Desulfurococcaceae;Ignicoccus;Ignicoccus islandicus
k141_7630	Bacteria;Chlorobiota;Chlorobiia;Chlorobiales;Chlorobiaceae;Chlorobium;Chlorobium limicola
k141_29605	Archaea;Thermoproteota;Thermoprotei;Desulfurococcales;Desulfurococcaceae;Ignicoccus;Ignicoccus hospitalis
k141_33201	Bacteria;Chlorobiota;Chlorobiia;Chlorobiales;Chlorobiaceae;Chlorobaculum;Chlorobaculum tepidum
k141_18618	Bacteria;Fusobacteriota;Fusobacteriia;Fusobacteriales;Fusobacteriaceae;Fusobacterium
k141_564	Bacteria;Pseudomonadota;Gammaproteobacteria;Alteromonadales;Shewanellaceae;Shewanella
k141_14872	Bacteria;Pseudomonadota;Gammaproteobacteria;Alteromonadales;Shewanellaceae;Shewanella;Shewanella baltica
k141_47739	Bacteria;Pseudomonadota;Gammaproteobacteria;Alteromonadales;Shewanellaceae;Shewanella;Shewanella baltica
k141_43942	
k141_18620	Bacteria;Pseudomonadota;Gammaproteobacteria;Pseudomonadales;Pseudomonadaceae;Pseudomonas
k141_29612	Bacteria;Bacteroidota;Bacteroidia;Bacteroidales;Bacteroidaceae
k141_11329	Bacteria;Pseudomonadota;Betaproteobacteria;Nitrosomonadales;Nitrosomonadaceae;Nitrosomonas
k141_33208	Bacteria;Chlorobiota;Chlorobiia;Chlorobiales;Chlorobiaceae;Chlorobium;Chlorobium phaeobacteroides
k141_14876	Bacteria;Planctomycetota;Planctomycetia;Pirellulales;Pirellulaceae;Rhodopirellula;Rhodopirellula baltica
k141_43945	Bacteria;Pseudomonadota;Gammaproteobacteria;Pseudomonadales;Pseudomonadaceae;Pseudomonas
k141_18622	Archaea;Methanobacteriota;Methanococci;Methanococcales;Methanococcaceae;Methanococcus;Methanococcus maripaludis
k141_47743	Bacteria;Planctomycetota;Planctomycetia;Pirellulales;Pirellulaceae;Rhodopirellula;Rhodopirellula baltica
k141_29618	Bacteria;Pseudomonadota;Gammaproteobacteria;Pseudomonadales;Pseudomonadaceae;Pseudomonas
k141_7637	Bacteria;Planctomycetota;Planctomycetia;Pirellulales;Pirellulaceae;Rhodopirellula;Rhodopirellula baltica
k141_33213	Bacteria;Pseudomonadota;Gammaproteobacteria;Pseudomonadales;Pseudomonadaceae;Pseudomonas
k141_36766	Bacteria;Pseudomonadota;Gammaproteobacteria;Alteromonadales;Shewanellaceae;Shewanella
k141_47744	Bacteria;Pseudomonadota;Gammaproteobacteria;Pseudomonadales;Pseudomonadaceae;Pseudomonas
k141_29620	Bacteria;Pseudomonadota;Gammaproteobacteria;Pseudomonadales;Pseudomonadaceae;Pseudomonas
k141_33214	Archaea;Thermoproteota;Thermoprotei;Desulfurococcales;Desulfurococcaceae;Ignicoccus;Ignicoccus islandicus
k141_54891	Archaea;Methanobacteriota;Halobacteria;Halobacteriales;Halobacteriaceae;Halobacterium
k141_18628	
k141_29621	Bacteria;Verrucomicrobiota;Verrucomicrobiia;Verrucomicrobiales;Akkermansiaceae;Akkermansia;Akkermansia muciniphila
k141_54892	Bacteria;Chlorobiota;Chlorobiia;Chlorobiales;Chlorobiaceae;Chlorobium;Chlorobium phaeobacteroides
k141_11339	Bacteria;Cyanobacteriota;Cyanophyceae;Nostocales;Nostocaceae
k141_47749	Bacteria;Planctomycetota;Planctomycetia;Pirellulales;Pirellulaceae;Rhodopirellula;Rhodopirellula baltica
k141_7646	Bacteria;Pseudomonadota;Gammaproteobacteria;Pseudomonadales;Pseudomonadaceae
k141_43954	Bacteria;Chloroflexota;Chloroflexia;Chloroflexales;Chloroflexaceae;Chloroflexus;Chloroflexus aurantiacus
k141_18631	Bacteria;Pseudomonadota;Gammaproteobacteria;Pseudomonadales;Pseudomonadaceae
k141_588	Bacteria;Aquificota;Aquificia;Aquificales;Hydrogenothermaceae
k141_589	Bacteria;Pseudomonadota;Gammaproteobacteria;Alteromonadales;Shewanellaceae;Shewanella
k141_54898	Archaea;Methanobacteriota;Archaeoglobi;Archaeoglobales;Archaeoglobaceae;Archaeoglobus;Archaeoglobus fulgidus
k141_47750	
k141_33224	Bacteria;Pseudomonadota;Gammaproteobacteria;Pseudomonadales;Pseudomonadaceae;Pseudomonas
k141_36775	Archaea;Methanobacteriota;Methanococci;Methanococcales;Methanococcaceae;Methanococcus;Methanococcus maripaludis
k141_33225	Bacteria;Pseudomonadota;Gammaproteobacteria
k141_29630	Bacteria;Pseudomonadota;Gammaproteobacteria;Pseudomonadales;Pseudomonadaceae;Pseudomonas
k141_18632	Bacteria;Chlorobiota;Chlorobiia;Chlorobiales;Chlorobiaceae;Chlorobium;Chlorobium phaeobacteroides
k141_7650	Bacteria;Pseudomonadota;Gammaproteobacteria;Alteromonadales;Shewanellaceae;Shewanella
k141_33226	Archaea;Methanobacteriota;Methanopyri;Methanopyrales;Methanopyraceae;Methanopyrus;Methanopyrus kandleri
k141_47754	Bacteria;Pseudomonadota;Gammaproteobacteria;Alteromonadales;Shewanellaceae;Shewanella
k141_36776	Bacteria;Bacillota
k141_54904	Bacteria;Pseudomonadota;Gammaproteobacteria;Pseudomonadales;Pseudomonadaceae;Pseudomonas
k141_593	Bacteria;Pseudomonadota;Gammaproteobacteria;Pseudomonadales;Pseudomonadaceae;Pseudomonas
k141_29631	Archaea;Thermoproteota;Thermoprotei;Desulfurococcales;Desulfurococcaceae;Ignicoccus;Ignicoccus islandicus
k141_43959	Bacteria;Planctomycetota;Planctomycetia;Pirellulales;Pirellulaceae;Rhodopirellula;Rhodopirellula baltica
k141_33229	Bacteria;Pseudomonadota;Gammaproteobacteria;Pseudomonadales;Pseudomonadaceae
k141_36777	Bacteria;Campylobacterota;Epsilonproteobacteria;Campylobacterales;Helicobacteraceae;Wolinella;Wolinella succinogenes
k141_47756	
k141_14905	Bacteria;Chlorobiota;Chlorobiia;Chlorobiales;Chlorobiaceae;Chlorobaculum;Chlorobaculum tepidum
k141_18635	Bacteria;Planctomycetota;Planctomycetia;Pirellulales;Pirellulaceae;Rhodopirellula;Rhodopirellula baltica
k141_36780	Bacteria;Chlorobiota;Chlorobiia;Chlorobiales;Chlorobiaceae;Chlorobaculum;Chlorobaculum tepidum
k141_601	Archaea;Methanobacteriota;Methanococci;Methanococcales;Methanococcaceae;Methanococcus;Methanococcus maripaludis
k141_43963	Bacteria;Pseudomonadota;Gammaproteobacteria;Alteromonadales;Shewanellaceae;Shewanella
k141_11340	
k141_14910	Bacteria;Pseudomonadota;Gammaproteobacteria;Pseudomonadales;Pseudomonadaceae;Pseudomonas
k141_36782	Bacteria;Pseudomonadota;Gammaproteobacteria;Pseudomonadales;Pseudomonadaceae;Pseudomonas
k141_29638	Archaea;Thermoproteota;Thermoprotei;Desulfurococcales;Desulfurococcaceae;Ignicoccus;Ignicoccus islandicus
k141_47759	Bacteria;Pseudomonadota;Gammaproteobacteria;Alteromonadales;Shewanellaceae;Shewanella
k141_18640	Bacteria;Pseudomonadota;Gammaproteobacteria;Pseudomonadales;Pseudomonadaceae;Pseudomonas
k141_43965	Bacteria;Chlorobiota;Chlorobiia;Chlorobiales;Chlorobiaceae;Chlorobaculum;Chlorobaculum tepidum
k141_608	Bacteria;Pseudomonadota;Gammaproteobacteria;Pseudomonadales;Pseudomonadaceae;Pseudomonas
k141_11344	Bacteria;Pseudomonadota;Betaproteobacteria;Nitrosomonadales;Nitrosomonadaceae;Nitrosomonas;Nitrosomonas europaea
k141_54914	Bacteria;Pseudomonadota;Gammaproteobacteria;Pseudomonadales;Pseudomonadaceae;Pseudomonas
k141_609	
k141_43966	Bacteria;Pseudomonadota;Gammaproteobacteria;Pseudomonadales;Pseudomonadaceae;Pseudomonas
k141_11345	Archaea;Methanobacteriota;Methanococci;Methanococcales;Methanococcaceae;Methanococcus;Methanococcus maripaludis
k141_47765	
k141_14918	Bacteria;Pseudomonadota;Gammaproteobacteria;Alteromonadales;Shewanellaceae;Shewanella
k141_33232	Bacteria;Fusobacteriota;Fusobacteriia;Fusobacteriales;Fusobacteriaceae;Fusobacterium
k141_40532	Bacteria;Chlorobiota;Chlorobiia;Chlorobiales;Chlorobiaceae;Chlorobium;Chlorobium limicola
k141_14919	Bacteria;Pseudomonadota;Gammaproteobacteria;Alteromonadales;Shewanellaceae;Shewanella
k141_7660	
k141_33233	Bacteria;Chlorobiota;Chlorobiia;Chlorobiales;Chlorobiaceae;Chlorobaculum;Chlorobaculum tepidum
k141_47773	Bacteria;Chlorobiota;Chlorobiia;Chlorobiales;Chlorobiaceae;Chlorobium;Chlorobium phaeobacteroides
k141_43975	Archaea;Thermoproteota;Thermoprotei;Desulfurococcales;Desulfurococcaceae;Ignicoccus;Ignicoccus islandicus
k141_54923	
k141_7662	Bacteria;Chlorobiota;Chlorobiia;Chlorobiales;Chlorobiaceae;Chlorobium;Chlorobium phaeobacteroides
k141_43976	Bacteria;Aquificota;Aquificia;Aquificales;Aquificaceae;Hydrogenobaculum
k141_33239	
k141_14926	Bacteria;Pseudomonadota;Gammaproteobacteria;Alteromonadales;Shewanellaceae;Shewanella
k141_40536	Bacteria;Pseudomonadota;Gammaproteobacteria;Pseudomonadales;Pseudomonadaceae;Pseudomonas
k141_621	Bacteria;Planctomycetota;Planctomycetia;Pirellulales;Pirellulaceae;Rhodopirellula;Rhodopirellula baltica
k141_29644	Bacteria;Pseudomonadota;Gammaproteobacteria;Alteromonadales;Shewanellaceae;Shewanella
k141_54927	Bacteria;Pseudomonadota;Gammaproteobacteria;Alteromonadales;Shewanellaceae;Shewanella
k141_43980	Archaea;Methanobacteriota;Methanopyri;Methanopyrales;Methanopyraceae;Methanopyrus;Methanopyrus kandleri
k141_33243	
k141_11364	Bacteria
k141_14929	
k141_54931	Bacteria;Cyanobacteriota;Cyanophyceae;Nostocales;Nostocaceae
k141_47785	Bacteria;Pseudomonadota;Gammaproteobacteria;Alteromonadales;Shewanellaceae;Shewanella
k141_628	Bacteria;Pseudomonadota;Gammaproteobacteria;Pseudomonadales;Pseudomonadaceae;Pseudomonas
k141_18643	Bacteria;Chlorobiota;Chlorobiia;Chlorobiales;Chlorobiaceae;Chlorobium;Chlorobium phaeovibrioides
k141_54934	Bacteria;Pseudomonadota;Gammaproteobacteria;Pseudomonadales;Pseudomonadaceae;Pseudomonas
k141_11365	Bacteria;Planctomycetota;Planctomycetia;Pirellulales;Pirellulaceae;Rhodopirellula;Rhodopirellula baltica
k141_33245	Bacteria;Pseudomonadota;Gammaproteobacteria;Alteromonadales;Shewanellaceae;Shewanella
k141_7677	Bacteria;Bacteroidota;Bacteroidia;Bacteroidales;Porphyromonadaceae;Porphyromonas;Porphyromonas gingivalis
k141_18646	Bacteria;Pseudomonadota;Gammaproteobacteria;Alteromonadales;Shewanellaceae;Shewanella;Shewanella baltica
k141_7678	Bacteria;Spirochaetota;Spirochaetia;Treponematales;Treponemataceae;Treponema;Treponema denticola
k141_47795	Bacteria;Pseudomonadota;Gammaproteobacteria;Pseudomonadales;Pseudomonadaceae;Pseudomonas
k141_629	Bacteria;Fusobacteriota;Fusobacteriia;Fusobacteriales;Fusobacteriaceae;Fusobacterium
k141_43989	Bacteria;Aquificota;Aquificia;Aquificales;Aquificaceae;Hydrogenobaculum
k141_11367	Bacteria;Pseudomonadota;Betaproteobacteria;Nitrosomonadales;Nitrosomonadaceae;Nitrosomonas
k141_630	Bacteria;Chlorobiota;Chlorobiia;Chlorobiales;Chlorobiaceae;Chlorobium;Chlorobium phaeobacteroides
k141_47800	Bacteria;Chlorobiota;Chlorobiia;Chlorobiales;Chlorobiaceae;Chlorobaculum;Chlorobaculum tepidum
k141_40537	Bacteria;Planctomycetota;Planctomycetia;Pirellulales;Pirellulaceae;Rhodopirellula;Rhodopirellula baltica
k141_14933	Bacteria;Chlorobiota;Chlorobiia;Chlorobiales;Chlorobiaceae;Chlorobaculum;Chlorobaculum tepidum
k141_632	Bacteria;Pseudomonadota;Gammaproteobacteria;Alteromonadales;Shewanellaceae;Shewanella
k141_29645	Archaea;Thermoproteota;Thermoprotei;Desulfurococcales;Desulfurococcaceae;Ignicoccus;Ignicoccus hospitalis
k141_47801	Archaea;Thermoproteota;Thermoprotei;Thermoproteales;Thermoproteaceae;Pyrobaculum;Pyrobaculum calidifontis
k141_54945	
k141_40538	Bacteria;Cyanobacteriota;Cyanophyceae;Nostocales;Nostocaceae
k141_11373	Bacteria;Cyanobacteriota;Cyanophyceae;Nostocales;Nostocaceae
k141_33248	Bacteria;Planctomycetota;Planctomycetia;Pirellulales;Pirellulaceae;Rhodopirellula;Rhodopirellula baltica
k141_635	Archaea;Thermoproteota;Thermoprotei;Desulfurococcales;Desulfurococcaceae;Ignicoccus;Ignicoccus islandicus
k141_29650	
k141_11374	Bacteria;Chlorobiota;Chlorobiia;Chlorobiales;Chlorobiaceae;Chlorobium;Chlorobium phaeobacteroides
k141_14937	Archaea;Thermoproteota;Thermoprotei;Thermoproteales;Thermoproteaceae;Pyrobaculum;Pyrobaculum calidifontis
k141_47806	
k141_18653	Archaea;Methanobacteriota;Halobacteria;Halobacteriales;Halobacteriaceae;Halobacterium
k141_43996	
k141_640	Bacteria;Verrucomicrobiota;Verrucomicrobiia;Verrucomicrobiales;Akkermansiaceae;Akkermansia;Akkermansia muciniphila
k141_29655	Bacteria;Pseudomonadota;Gammaproteobacteria;Pseudomonadales;Pseudomonadaceae;Pseudomonas
k141_33254	Archaea;Thermoproteota;Thermoprotei;Desulfurococcales;Desulfurococcaceae;Ignicoccus;Ignicoccus islandicus
k141_18654	Bacteria;Pseudomonadota;Gammaproteobacteria;Alteromonadales;Shewanellaceae;Shewanella
k141_7703	Bacteria;Pseudomonadota;Gammaproteobacteria;Alteromonadales;Shewanellaceae;Shewanella;Shewanella loihica
k141_641	Bacteria;Chlorobiota;Chlorobiia;Chlorobiales;Chlorobiaceae;Chlorobaculum;Chlorobaculum tepidum
k141_14941	Archaea;Thermoproteota;Thermoprotei;Desulfurococcales;Desulfurococcaceae;Ignicoccus;Ignicoccus hospitalis
k141_33256	Bacteria;Chlorobiota;Chlorobiia;Chlorobiales;Chlorobiaceae;Chlorobium;Chlorobium phaeobacteroides
k141_40548	Bacteria;Planctomycetota;Planctomycetia;Pirellulales;Pirellulaceae;Rhodopirellula
k141_18659	Bacteria;Pseudomonadota;Gammaproteobacteria;Pseudomonadales;Pseudomonadaceae;Pseudomonas
k141_25746	Bacteria;Gemmatimonadota;Gemmatimonadia;Gemmatimonadales;Gemmatimonadaceae;Gemmatimonas;Gemmatimonas aurantiaca
k141_54947	Bacteria;Chlorobiota;Chlorobiia;Chlorobiales;Chlorobiaceae;Chlorobium;Chlorobium limicola
k141_646	Bacteria;Chlorobiota;Chlorobiia;Chlorobiales;Chlorobiaceae;Chlorobaculum;Chlorobaculum tepidum
k141_29661	Bacteria;Chlorobiota;Chlorobiia;Chlorobiales;Chlorobiaceae;Chlorobium;Chlorobium phaeobacteroides
k141_40552	Bacteria;Pseudomonadota;Gammaproteobacteria;Pseudomonadales;Pseudomonadaceae;Pseudomonas
k141_33260	Bacteria;Chlorobiota;Chlorobiia;Chlorobiales;Chlorobiaceae;Chlorobaculum;Chlorobaculum tepidum
k141_36783	
k141_18664	Bacteria;Chlorobiota;Chlorobiia;Chlorobiales;Chlorobiaceae;Chlorobium;Chlorobium phaeobacteroides
k141_21892	Archaea;Methanobacteriota;Thermococci;Thermococcales;Thermococcaceae;Pyrococcus;Pyrococcus horikoshii
k141_40554	Bacteria;Pseudomonadota;Gammaproteobacteria;Pseudomonadales;Pseudomonadaceae;Pseudomonas
k141_4007	Bacteria;Gemmatimonadota;Gemmatimonadia;Gemmatimonadales;Gemmatimonadaceae;Gemmatimonas;Gemmatimonas aurantiaca
k141_33265	Archaea;Thermoproteota;Thermoprotei;Thermoproteales;Thermoproteaceae;Pyrobaculum;Pyrobaculum calidifontis
k141_47826	Bacteria;Chlorobiota;Chlorobiia;Chlorobiales;Chlorobiaceae;Chlorobium;Chlorobium phaeobacteroides
k141_653	Bacteria;Pseudomonadota;Gammaproteobacteria;Alteromonadales;Shewanellaceae;Shewanella
k141_21896	Bacteria;Pseudomonadota;Gammaproteobacteria;Pseudomonadales;Pseudomonadaceae;Pseudomonas
k141_18667	Bacteria;Pseudomonadota;Gammaproteobacteria;Pseudomonadales;Pseudomonadaceae;Pseudomonas
k141_11381	Archaea;Methanobacteriota;Methanococci;Methanococcales;Methanocaldococcaceae;Methanocaldococcus
k141_54954	Bacteria;Fusobacteriota;Fusobacteriia;Fusobacteriales;Fusobacteriaceae;Fusobacterium
k141_33267	Bacteria;Aquificota;Aquificia;Aquificales;Aquificaceae;Hydrogenobaculum
k141_4011	Bacteria;Bacillota
k141_7708	
k141_655	Bacteria;Pseudomonadota;Gammaproteobacteria;Alteromonadales;Shewanellaceae;Shewanella;Shewanella baltica
k141_21897	Archaea;Methanobacteriota;Halobacteria;Halobacteriales;Halobacteriaceae;Halobacterium
k141_33270	Bacteria;Verrucomicrobiota;Verrucomicrobiia;Verrucomicrobiales;Akkermansiaceae;Akkermansia;Akkermansia muciniphila
k141_14946	Bacteria;Pseudomonadota;Gammaproteobacteria;Alteromonadales;Shewanellaceae;Shewanella
k141_18672	Bacteria;Pseudomonadota;Gammaproteobacteria;Pseudomonadales;Pseudomonadaceae;Pseudomonas
k141_47829	Bacteria;Pseudomonadota;Gammaproteobacteria;Alteromonadales;Shewanellaceae;Shewanella
k141_18673	Archaea;Methanobacteriota;Methanococci;Methanococcales;Methanococcaceae;Methanococcus
k141_11388	Bacteria;Pseudomonadota;Gammaproteobacteria;Pseudomonadales;Pseudomonadaceae;Pseudomonas
k141_54964	Bacteria;Pseudomonadota;Gammaproteobacteria;Pseudomonadales;Pseudomonadaceae
k141_40574	Bacteria;Pseudomonadota;Gammaproteobacteria;Alteromonadales;Shewanellaceae;Shewanella
k141_36805	Bacteria;Aquificota;Aquificia;Aquificales;Aquificaceae;Hydrogenobaculum
k141_664	Archaea;Methanobacteriota;Methanococci;Methanococcales;Methanococcaceae;Methanococcus;Methanococcus maripaludis
k141_21904	Archaea;Thermoproteota;Thermoprotei;Desulfurococcales;Desulfurococcaceae;Ignicoccus;Ignicoccus hospitalis
k141_33279	Archaea;Methanobacteriota;Methanococci;Methanococcales;Methanococcaceae;Methanococcus;Methanococcus maripaludis
k141_665	Bacteria;Pseudomonadota;Gammaproteobacteria;Alteromonadales;Shewanellaceae;Shewanella
k141_33282	Bacteria;Chlorobiota;Chlorobiia;Chlorobiales;Chlorobiaceae;Chlorobium;Chlorobium phaeobacteroides
k141_36812	Bacteria;Pseudomonadota;Gammaproteobacteria;Alteromonadales;Shewanellaceae;Shewanella
k141_18683	Bacteria;Pseudomonadota;Gammaproteobacteria;Pseudomonadales;Pseudomonadaceae;Pseudomonas
k141_11390	Bacteria;Fusobacteriota;Fusobacteriia;Fusobacteriales;Fusobacteriaceae;Fusobacterium
k141_14967	Bacteria;Aquificota;Aquificia;Aquificales;Aquificaceae;Hydrogenobaculum;Hydrogenobaculum sp. Y04AAS1
k141_33286	Bacteria;Pseudomonadota;Gammaproteobacteria;Alteromonadales;Shewanellaceae;Shewanella
k141_44004	Bacteria;Cyanobacteriota;Cyanophyceae;Nostocales;Nostocaceae
k141_4019	Archaea;Methanobacteriota;Methanococci;Methanococcales;Methanococcaceae;Methanococcus;Methanococcus maripaludis
k141_36817	Bacteria;Pseudomonadota;Gammaproteobacteria;Pseudomonadales;Pseudomonadaceae;Pseudomonas
k141_44005	Bacteria;Verrucomicrobiota;Verrucomicrobiia;Verrucomicrobiales;Akkermansiaceae;Akkermansia;Akkermansia muciniphila
k141_675	Archaea;Thermoproteota;Thermoprotei;Thermoproteales;Thermoproteaceae;Pyrobaculum;Pyrobaculum calidifontis
k141_7722	Archaea;Methanobacteriota;Methanococci;Methanococcales;Methanococcaceae;Methanococcus
k141_29663	
k141_4020	Bacteria;Planctomycetota;Planctomycetia;Pirellulales;Pirellulaceae;Rhodopirellula;Rhodopirellula baltica
k141_40579	Bacteria;Thermotogota;Thermotogae;Thermotogales;Thermotogaceae;Thermotoga
k141_36823	Bacteria;Campylobacterota;Epsilonproteobacteria;Campylobacterales;Helicobacteraceae;Wolinella;Wolinella succinogenes
k141_680	Archaea;Methanobacteriota;Methanococci;Methanococcales;Methanococcaceae;Methanococcus;Methanococcus maripaludis
k141_33287	Bacteria;Bacteroidota;Bacteroidia;Bacteroidales;Porphyromonadaceae;Porphyromonas;Porphyromonas gingivalis
k141_18695	Bacteria;Pseudomonadota;Gammaproteobacteria;Pseudomonadales;Pseudomonadaceae;Pseudomonas
k141_47836	Archaea;Methanobacteriota;Halobacteria;Halobacteriales;Halobacteriaceae;Halobacterium
k141_7727	
k141_44010	Bacteria;Chlorobiota;Chlorobiia;Chlorobiales;Chlorobiaceae;Chlorobium;Chlorobium phaeobacteroides
k141_21922	Bacteria;Pseudomonadota;Gammaproteobacteria;Alteromonadales;Shewanellaceae;Shewanella
k141_33288	Bacteria;Pseudomonadota;Gammaproteobacteria;Pseudomonadales;Pseudomonadaceae;Pseudomonas
k141_14975	Archaea;Thermoproteota;Thermoprotei;Desulfurococcales;Desulfurococcaceae;Ignicoccus;Ignicoccus islandicus
k141_54968	Bacteria;Thermotogota;Thermotogae;Thermotogales;Thermotogaceae;Thermotoga
k141_47839	Bacteria;Pseudomonadota;Gammaproteobacteria;Pseudomonadales;Pseudomonadaceae;Pseudomonas
k141_40583	Bacteria;Pseudomonadota;Gammaproteobacteria;Alteromonadales;Shewanellaceae;Shewanella
k141_36829	
k141_33289	Archaea;Thermoproteota;Thermoprotei;Desulfurococcales;Desulfurococcaceae;Ignicoccus;Ignicoccus islandicus
k141_44013	Archaea;Thermoproteota;Thermoprotei;Desulfurococcales;Desulfurococcaceae;Ignicoccus;Ignicoccus islandicus
k141_14979	Bacteria;Pseudomonadota;Gammaproteobacteria;Alteromonadales;Shewanellaceae;Shewanella
k141_29667	Archaea;Methanobacteriota;Halobacteria;Halobacteriales;Halobacteriaceae;Halobacterium
k141_18697	Bacteria;Aquificota;Aquificia;Aquificales;Aquificaceae;Hydrogenobaculum;Hydrogenobaculum sp. Y04AAS1
k141_54973	Bacteria;Aquificota;Aquificia;Aquificales;Aquificaceae;Hydrogenobaculum
k141_11408	Bacteria;Pseudomonadota;Gammaproteobacteria;Pseudomonadales;Pseudomonadaceae;Pseudomonas
k141_40589	Bacteria;Pseudomonadota;Gammaproteobacteria;Pseudomonadales;Pseudomonadaceae;Pseudomonas
k141_40591	Bacteria;Pseudomonadota;Gammaproteobacteria;Alteromonadales;Shewanellaceae;Shewanella;Shewanella baltica
k141_47846	Archaea;Methanobacteriota;Methanococci;Methanococcales;Methanococcaceae;Methanococcus;Methanococcus maripaludis
k141_29673	Bacteria;Pseudomonadota;Gammaproteobacteria;Pseudomonadales;Pseudomonadaceae;Pseudomonas
k141_7736	Bacteria;Pseudomonadota;Gammaproteobacteria;Alteromonadales;Shewanellaceae;Shewanella
k141_44023	Bacteria;Chloroflexota;Chloroflexia;Chloroflexales;Chloroflexaceae;Chloroflexus;Chloroflexus aurantiacus
k141_54978	Bacteria;Planctomycetota;Planctomycetia;Pirellulales;Pirellulaceae;Rhodopirellula;Rhodopirellula baltica
k141_47847	Bacteria;Pseudomonadota;Gammaproteobacteria;Pseudomonadales;Pseudomonadaceae;Pseudomonas
k141_4021	Bacteria;Bacillota
k141_33299	Bacteria;Pseudomonadota;Betaproteobacteria;Nitrosomonadales;Nitrosomonadaceae;Nitrosomonas;Nitrosomonas europaea
k141_54980	Bacteria;Pseudomonadota;Gammaproteobacteria;Pseudomonadales;Pseudomonadaceae;Pseudomonas
k141_47849	Bacteria;Chlorobiota;Chlorobiia;Chlorobiales;Chlorobiaceae;Chlorobium;Chlorobium phaeobacteroides
k141_44024	Bacteria;Pseudomonadota;Gammaproteobacteria;Alteromonadales;Shewanellaceae;Shewanella
k141_4023	Bacteria;Fusobacteriota;Fusobacteriia;Fusobacteriales;Fusobacteriaceae;Fusobacterium
k141_47850	Bacteria;Pseudomonadota;Gammaproteobacteria;Alteromonadales;Shewanellaceae;Shewanella
k141_36840	Bacteria;Thermodesulfobacteriota;Desulfobulbia;Desulfobulbales;Desulfobulbaceae;Desulfobulbus;Desulfobulbus oralis
k141_18712	Bacteria;Pseudomonadota;Gammaproteobacteria;Alteromonadales;Shewanellaceae;Shewanella
k141_29677	Bacteria;Pseudomonadota;Gammaproteobacteria;Alteromonadales;Shewanellaceae;Shewanella
k141_7749	Bacteria;Chlorobiota;Chlorobiia;Chlorobiales;Chlorobiaceae;Chlorobium;Chlorobium phaeobacteroides
k141_4030	
k141_18716	Bacteria;Pseudomonadota;Gammaproteobacteria
k141_47859	Bacteria;Chloroflexota;Chloroflexia;Chloroflexales;Chloroflexaceae;Chloroflexus;Chloroflexus aurantiacus
k141_14989	Bacteria;Planctomycetota;Planctomycetia;Pirellulales;Pirellulaceae;Rhodopirellula;Rhodopirellula baltica
k141_7752	Bacteria;Pseudomonadota;Gammaproteobacteria;Pseudomonadales;Pseudomonadaceae;Pseudomonas
k141_29679	Archaea;Thermoproteota;Thermoprotei;Desulfurococcales;Desulfurococcaceae;Ignicoccus;Ignicoccus hospitalis
k141_4033	Bacteria;Cyanobacteriota;Cyanophyceae;Nostocales;Nostocaceae
k141_40601	Bacteria;Bacteroidota;Bacteroidia;Bacteroidales;Porphyromonadaceae;Porphyromonas;Porphyromonas gingivalis
k141_14992	Bacteria
k141_29683	Bacteria;Pseudomonadota;Gammaproteobacteria;Pseudomonadales;Pseudomonadaceae;Pseudomonas
k141_25748	
k141_36852	Bacteria;Chlorobiota;Chlorobiia;Chlorobiales;Chlorobiaceae;Chlorobaculum;Chlorobaculum tepidum
k141_18722	Bacteria;Pseudomonadota;Gammaproteobacteria;Pseudomonadales;Pseudomonadaceae;Pseudomonas
k141_14995	Bacteria;Pseudomonadota;Gammaproteobacteria;Pseudomonadales;Pseudomonadaceae;Pseudomonas
k141_40609	Bacteria;Cyanobacteriota;Cyanophyceae;Nostocales;Nostocaceae
k141_36855	Bacteria;Pseudomonadota;Gammaproteobacteria;Pseudomonadales;Pseudomonadaceae;Pseudomonas
k141_18724	Bacteria;Pseudomonadota;Gammaproteobacteria;Pseudomonadales;Pseudomonadaceae;Pseudomonas
k141_14997	Bacteria;Pseudomonadota;Gammaproteobacteria;Pseudomonadales;Pseudomonadaceae;Pseudomonas
k141_36856	Bacteria;Chloroflexota;Chloroflexia;Chloroflexales;Chloroflexaceae;Chloroflexus;Chloroflexus aurantiacus
k141_696	Bacteria;Bacteroidota;Bacteroidia;Bacteroidales;Porphyromonadaceae;Porphyromonas;Porphyromonas gingivalis
k141_11414	Bacteria;Bacillota;Clostridia;Thermoanaerobacterales;Thermoanaerobacteraceae;Thermoanaerobacter
k141_40616	Bacteria;Pseudomonadota;Gammaproteobacteria;Pseudomonadales;Pseudomonadaceae;Pseudomonas
k141_36859	Bacteria;Pseudomonadota;Gammaproteobacteria;Alteromonadales;Shewanellaceae;Shewanella
k141_25762	Bacteria;Chloroflexota;Chloroflexia;Chloroflexales;Chloroflexaceae;Chloroflexus;Chloroflexus aurantiacus
k141_15002	Bacteria;Chlorobiota;Chlorobiia;Chlorobiales;Chlorobiaceae;Chlorobaculum;Chlorobaculum tepidum
k141_54983	Bacteria;Bacillota
k141_7761	Bacteria;Pseudomonadota;Gammaproteobacteria;Pseudomonadales;Pseudomonadaceae;Pseudomonas
k141_701	Bacteria;Pseudomonadota;Gammaproteobacteria;Pseudomonadales;Pseudomonadaceae;Pseudomonas
k141_11415	Archaea;Thermoproteota;Thermoprotei;Desulfurococcales;Desulfurococcaceae;Ignicoccus;Ignicoccus hospitalis
k141_47880	Bacteria;Pseudomonadota;Gammaproteobacteria;Pseudomonadales;Pseudomonadaceae;Pseudomonas
k141_25764	Bacteria;Pseudomonadota;Gammaproteobacteria;Pseudomonadales;Pseudomonadaceae;Pseudomonas
k141_44056	Bacteria;Pseudomonadota;Gammaproteobacteria;Alteromonadales;Shewanellaceae;Shewanella
k141_40618	Bacteria;Planctomycetota;Planctomycetia;Pirellulales;Pirellulaceae;Rhodopirellula;Rhodopirellula baltica
k141_15007	Bacteria;Chlorobiota;Chlorobiia;Chlorobiales;Chlorobiaceae;Chlorobaculum;Chlorobaculum tepidum
k141_47886	Archaea;Methanobacteriota;Methanobacteria;Methanobacteriales;Methanothermaceae;Methanothermus;Methanothermus sociabilis
k141_36870	Archaea;Thermoproteota;Thermoprotei;Desulfurococcales;Desulfurococcaceae;Ignicoccus;Ignicoccus islandicus
k141_710	Bacteria;Chlorobiota;Chlorobiia;Chlorobiales;Chlorobiaceae;Chlorobium;Chlorobium phaeobacteroides
k141_54989	Bacteria;Aquificota;Aquificia;Aquificales;Aquificaceae;Hydrogenobaculum
k141_40621	Bacteria;Chlorobiota;Chlorobiia;Chlorobiales;Chlorobiaceae;Chlorobium;Chlorobium phaeobacteroides
k141_36872	
k141_11416	Bacteria;Pseudomonadota;Gammaproteobacteria;Alteromonadales;Shewanellaceae;Shewanella
k141_44061	Bacteria;Pseudomonadota;Gammaproteobacteria;Pseudomonadales;Pseudomonadaceae;Pseudomonas
k141_15013	Archaea;Thermoproteota;Thermoprotei;Thermoproteales;Thermoproteaceae;Pyrobaculum;Pyrobaculum calidifontis
k141_7776	Archaea;Thermoproteota;Thermoprotei;Desulfurococcales;Desulfurococcaceae;Ignicoccus;Ignicoccus hospitalis
k141_40622	Bacteria;Chlorobiota;Chlorobiia;Chlorobiales;Chlorobiaceae;Chlorobium;Chlorobium phaeobacteroides
k141_15014	Bacteria;Pseudomonadota;Gammaproteobacteria;Alteromonadales;Shewanellaceae;Shewanella
k141_44063	Bacteria;Spirochaetota;Spirochaetia;Treponematales;Treponemataceae;Treponema
k141_36873	Bacteria;Chlorobiota;Chlorobiia;Chlorobiales;Chlorobiaceae;Chlorobium;Chlorobium phaeobacteroides
k141_11421	Bacteria;Pseudomonadota;Gammaproteobacteria;Alteromonadales;Shewanellaceae;Shewanella;Shewanella baltica
k141_25772	
k141_33300	Bacteria;Pseudomonadota;Betaproteobacteria;Nitrosomonadales;Nitrosomonadaceae;Nitrosomonas
k141_25774	Archaea;Methanobacteriota;Methanococci;Methanococcales;Methanococcaceae;Methanococcus;Methanococcus maripaludis
k141_36875	Bacteria;Pseudomonadota;Gammaproteobacteria;Pseudomonadales;Pseudomonadaceae;Pseudomonas
k141_40625	Bacteria;Pseudomonadota;Gammaproteobacteria;Alteromonadales;Shewanellaceae;Shewanella
k141_33306	Archaea;Thermoproteota;Thermoprotei;Desulfurococcales;Desulfurococcaceae;Ignicoccus;Ignicoccus hospitalis
k141_25777	Bacteria;Pseudomonadota;Gammaproteobacteria;Pseudomonadales;Pseudomonadaceae;Pseudomonas
k141_722	Bacteria;Campylobacterota;Epsilonproteobacteria;Campylobacterales;Helicobacteraceae;Wolinella;Wolinella succinogenes
k141_47892	Bacteria;Thermodesulfobacteriota;Desulfobulbia;Desulfobulbales;Desulfobulbaceae;Desulfobulbus;Desulfobulbus oralis
k141_36877	Bacteria;Chlorobiota;Chlorobiia;Chlorobiales;Chlorobiaceae;Chlorobaculum;Chlorobaculum tepidum
k141_15016	
k141_11428	Archaea;Thermoproteota;Thermoprotei;Desulfurococcales;Desulfurococcaceae;Ignicoccus;Ignicoccus islandicus
k141_47893	Bacteria;Pseudomonadota;Gammaproteobacteria;Pseudomonadales;Pseudomonadaceae;Pseudomonas
k141_724	Archaea;Methanobacteriota;Methanococci;Methanococcales;Methanococcaceae;Methanococcus;Methanococcus maripaludis
k141_40628	Archaea;Methanobacteriota;Methanococci;Methanococcales;Methanococcaceae;Methanococcus;Methanococcus maripaludis
k141_4037	
k141_25781	Bacteria;Fusobacteriota;Fusobacteriia;Fusobacteriales;Fusobacteriaceae;Fusobacterium
k141_47895	Bacteria;Chlorobiota;Chlorobiia;Chlorobiales;Chlorobiaceae;Chlorobium;Chlorobium phaeobacteroides
k141_40631	Bacteria;Pseudomonadota;Gammaproteobacteria;Pseudomonadales;Pseudomonadaceae;Pseudomonas
k141_4041	
k141_29684	Bacteria;Chlorobiota;Chlorobiia;Chlorobiales;Chlorobiaceae;Chlorobium;Chlorobium limicola
k141_33316	Archaea;Methanobacteriota;Methanococci;Methanococcales;Methanococcaceae;Methanococcus
k141_25786	
k141_21924	Bacteria;Pseudomonadota;Betaproteobacteria;Nitrosomonadales;Nitrosomonadaceae;Nitrosomonas
k141_29685	Bacteria;Aquificota;Aquificia;Aquificales;Aquificaceae;Hydrogenobaculum;Hydrogenobaculum sp. Y04AAS1
k141_7794	Bacteria;Chlorobiota;Chlorobiia;Chlorobiales;Chlorobiaceae;Chlorobaculum;Chlorobaculum tepidum
k141_730	
k141_25787	Bacteria;Pseudomonadota;Gammaproteobacteria;Pseudomonadales;Pseudomonadaceae;Pseudomonas
k141_4049	Bacteria;Pseudomonadota;Gammaproteobacteria;Pseudomonadales;Pseudomonadaceae;Pseudomonas;Pseudomonas marginalis
k141_11439	Bacteria;Pseudomonadota;Gammaproteobacteria;Pseudomonadales;Pseudomonadaceae;Pseudomonas
k141_47902	Bacteria;Verrucomicrobiota;Verrucomicrobiia;Verrucomicrobiales;Akkermansiaceae;Akkermansia;Akkermansia muciniphila
k141_7797	Bacteria;Spirochaetota;Spirochaetia;Treponematales;Treponemataceae;Treponema
k141_4052	Bacteria;Pseudomonadota;Gammaproteobacteria;Pseudomonadales;Pseudomonadaceae;Pseudomonas
k141_47906	Bacteria;Pseudomonadota;Betaproteobacteria;Burkholderiales;Burkholderiaceae;Paraburkholderia
k141_15032	Bacteria;Chlorobiota;Chlorobiia;Chlorobiales;Chlorobiaceae;Chlorobium;Chlorobium phaeobacteroides
k141_25796	Bacteria;Chlorobiota;Chlorobiia;Chlorobiales;Chlorobiaceae;Chlorobaculum;Chlorobaculum tepidum
k141_7803	Bacteria;Planctomycetota;Planctomycetia;Pirellulales;Pirellulaceae;Rhodopirellula;Rhodopirellula baltica
k141_11448	
k141_21937	Bacteria;Verrucomicrobiota;Verrucomicrobiia;Verrucomicrobiales;Akkermansiaceae;Akkermansia;Akkermansia muciniphila
k141_7805	Bacteria;Pseudomonadota;Gammaproteobacteria;Pseudomonadales;Pseudomonadaceae;Pseudomonas
k141_44064	
k141_29704	Archaea;Methanobacteriota;Archaeoglobi;Archaeoglobales;Archaeoglobaceae;Archaeoglobus;Archaeoglobus fulgidus
k141_11450	Bacteria;Pseudomonadota;Gammaproteobacteria;Alteromonadales;Shewanellaceae;Shewanella
k141_25800	Archaea;Methanobacteriota;Methanococci;Methanococcales;Methanococcaceae;Methanococcus;Methanococcus maripaludis
k141_21941	Bacteria;Planctomycetota;Planctomycetia;Pirellulales;Pirellulaceae;Rhodopirellula;Rhodopirellula baltica
k141_4054	Bacteria;Planctomycetota;Planctomycetia;Pirellulales;Pirellulaceae;Rhodopirellula;Rhodopirellula baltica
k141_15034	Bacteria;Pseudomonadota;Gammaproteobacteria;Alteromonadales;Shewanellaceae;Shewanella
k141_7814	Archaea;Thermoproteota;Thermoprotei;Desulfurococcales;Desulfurococcaceae;Ignicoccus;Ignicoccus hospitalis
k141_25807	Bacteria;Chlorobiota;Chlorobiia;Chlorobiales;Chlorobiaceae;Chlorobium;Chlorobium phaeobacteroides
k141_15038	Bacteria;Bacteroidota;Bacteroidia;Bacteroidales;Bacteroidaceae;Phocaeicola;Phocaeicola vulgatus
k141_7815	
k141_21943	Bacteria;Pseudomonadota;Gammaproteobacteria;Alteromonadales;Shewanellaceae;Shewanella
k141_40645	Bacteria;Bacteroidota;Bacteroidia;Bacteroidales
k141_11451	Bacteria;Planctomycetota;Planctomycetia;Pirellulales;Pirellulaceae;Rhodopirellula;Rhodopirellula baltica
k141_33326	Bacteria;Planctomycetota;Planctomycetia;Pirellulales;Pirellulaceae;Rhodopirellula;Rhodopirellula baltica
k141_7816	Bacteria;Pseudomonadota
k141_29717	Archaea;Methanobacteriota;Halobacteria;Halobacteriales;Halobacteriaceae;Halobacterium
k141_11453	Bacteria;Cyanobacteriota;Cyanophyceae;Nostocales;Nostocaceae
k141_47917	Bacteria;Bacteroidota;Bacteroidia;Bacteroidales;Porphyromonadaceae;Porphyromonas;Porphyromonas gingivalis
k141_15043	Bacteria;Pseudomonadota;Gammaproteobacteria;Pseudomonadales;Pseudomonadaceae;Pseudomonas
k141_731	Archaea;Methanobacteriota;Methanococci;Methanococcales;Methanocaldococcaceae;Methanocaldococcus;Methanocaldococcus jannaschii
k141_11455	Bacteria;Pseudomonadota;Gammaproteobacteria;Pseudomonadales;Pseudomonadaceae;Pseudomonas
k141_4059	Archaea;Methanobacteriota;Halobacteria;Halobacteriales;Halobacteriaceae;Halobacterium
k141_25816	Bacteria;Aquificota;Aquificia;Aquificales;Aquificaceae;Hydrogenobaculum
k141_54995	
k141_4061	Bacteria;Planctomycetota;Planctomycetia;Pirellulales;Pirellulaceae;Rhodopirellula;Rhodopirellula baltica
k141_47919	Bacteria;Planctomycetota;Planctomycetia;Pirellulales;Pirellulaceae;Rhodopirellula;Rhodopirellula baltica
k141_40657	Bacteria;Bacillota;Clostridia
k141_11458	Bacteria;Pseudomonadota;Gammaproteobacteria;Pseudomonadales;Pseudomonadaceae;Pseudomonas
k141_25819	Bacteria;Pseudomonadota;Gammaproteobacteria;Pseudomonadales;Pseudomonadaceae;Pseudomonas
k141_11459	Bacteria;Cyanobacteriota;Cyanophyceae;Nostocales;Nostocaceae
k141_21958	Bacteria;Pseudomonadota;Gammaproteobacteria;Pseudomonadales;Pseudomonadaceae;Pseudomonas
k141_47920	Archaea;Methanobacteriota;Methanococci;Methanococcales;Methanococcaceae;Methanococcus;Methanococcus maripaludis
k141_4065	Bacteria;Pseudomonadota;Gammaproteobacteria;Pseudomonadales;Pseudomonadaceae;Pseudomonas
k141_29725	Bacteria;Pseudomonadota;Gammaproteobacteria;Alteromonadales;Shewanellaceae;Shewanella;Shewanella baltica
k141_21959	Bacteria;Pseudomonadota;Gammaproteobacteria;Pseudomonadales;Pseudomonadaceae;Pseudomonas
k141_44093	Bacteria;Pseudomonadota;Gammaproteobacteria;Alteromonadales;Shewanellaceae;Shewanella
k141_33327	Bacteria;Planctomycetota;Planctomycetia;Pirellulales;Pirellulaceae;Rhodopirellula;Rhodopirellula baltica
k141_15057	Bacteria;Pseudomonadota;Gammaproteobacteria;Alteromonadales;Shewanellaceae;Shewanella
k141_40665	Bacteria;Chlorobiota;Chlorobiia;Chlorobiales;Chlorobiaceae;Chlorobaculum;Chlorobaculum tepidum
k141_40667	Bacteria;Aquificota;Aquificia;Aquificales;Aquificaceae;Hydrogenobaculum;Hydrogenobaculum sp. Y04AAS1
k141_44100	Archaea;Thermoproteota;Thermoprotei;Thermoproteales;Thermoproteaceae;Pyrobaculum;Pyrobaculum calidifontis
k141_15060	Archaea;Thermoproteota;Thermoprotei;Desulfurococcales;Desulfurococcaceae;Ignicoccus;Ignicoccus hospitalis
k141_55002	Bacteria;Cyanobacteriota;Cyanophyceae;Nostocales;Nostocaceae
k141_7817	Archaea;Methanobacteriota;Halobacteria;Halobacteriales;Halobacteriaceae;Halobacterium
k141_734	Bacteria;Pseudomonadota;Gammaproteobacteria;Alteromonadales;Shewanellaceae;Shewanella;Shewanella baltica
k141_44103	Bacteria;Cyanobacteriota;Cyanophyceae;Nostocales;Nostocaceae
k141_15062	Bacteria;Pseudomonadota;Gammaproteobacteria;Pseudomonadales;Pseudomonadaceae;Pseudomonas
k141_29731	Archaea;Thermoproteota;Thermoprotei;Desulfurococcales;Desulfurococcaceae;Ignicoccus;Ignicoccus hospitalis
k141_7820	
k141_33337	Bacteria;Chlorobiota;Chlorobiia;Chlorobiales;Chlorobiaceae;Chlorobaculum
k141_4077	Bacteria;Chlorobiota;Chlorobiia;Chlorobiales;Chlorobiaceae;Chlorobaculum;Chlorobaculum tepidum
k141_25820	Bacteria;Planctomycetota;Planctomycetia;Pirellulales;Pirellulaceae;Rhodopirellula;Rhodopirellula baltica
k141_15063	Bacteria;Pseudomonadota;Gammaproteobacteria;Pseudomonadales;Pseudomonadaceae;Pseudomonas
k141_44104	Bacteria;Pseudomonadota;Gammaproteobacteria;Alteromonadales;Shewanellaceae;Shewanella
k141_36879	Bacteria;Thermodesulfobacteriota;Desulfobulbia;Desulfobulbales;Desulfobulbaceae;Desulfobulbus;Desulfobulbus oralis
k141_47926	Bacteria;Pseudomonadota;Gammaproteobacteria;Alteromonadales;Shewanellaceae;Shewanella
k141_11465	Bacteria;Pseudomonadota;Gammaproteobacteria;Alteromonadales;Shewanellaceae;Shewanella
k141_7822	Bacteria;Thermodesulfobacteriota;Desulfovibrionia;Desulfovibrionales;Desulfovibrionaceae
k141_36883	Archaea;Thermoproteota;Thermoprotei;Thermoproteales;Thermoproteaceae;Pyrobaculum;Pyrobaculum calidifontis
k141_11468	Bacteria;Aquificota;Aquificia;Aquificales;Aquificaceae;Hydrogenobaculum
k141_4084	Bacteria;Pseudomonadota;Gammaproteobacteria;Pseudomonadales;Pseudomonadaceae;Pseudomonas
k141_7827	Bacteria;Pseudomonadota
k141_44109	Archaea;Methanobacteriota;Methanococci;Methanococcales;Methanococcaceae;Methanococcus;Methanococcus maripaludis
k141_40676	Bacteria;Pseudomonadota;Gammaproteobacteria;Alteromonadales;Shewanellaceae;Shewanella
k141_36886	Archaea;Thermoproteota;Thermoprotei;Thermoproteales;Thermoproteaceae;Pyrobaculum;Pyrobaculum calidifontis
k141_7828	Archaea;Methanobacteriota;Archaeoglobi;Archaeoglobales;Archaeoglobaceae;Archaeoglobus;Archaeoglobus fulgidus
k141_25822	Bacteria;Pseudomonadota;Gammaproteobacteria;Alteromonadales;Shewanellaceae;Shewanella
k141_4086	Bacteria;Bacillota
k141_15073	Bacteria;Pseudomonadota;Gammaproteobacteria;Pseudomonadales;Pseudomonadaceae;Pseudomonas
k141_55019	Bacteria;Verrucomicrobiota;Verrucomicrobiia;Verrucomicrobiales;Akkermansiaceae;Akkermansia;Akkermansia muciniphila
k141_47928	Archaea;Methanobacteriota;Halobacteria;Halobacteriales;Halobacteriaceae;Halobacterium
k141_15074	Archaea;Methanobacteriota;Methanococci;Methanococcales;Methanococcaceae;Methanococcus;Methanococcus maripaludis
k141_7832	Bacteria;Fusobacteriota;Fusobacteriia;Fusobacteriales;Fusobacteriaceae;Fusobacterium
k141_40686	Bacteria;Pseudomonadota;Gammaproteobacteria;Alteromonadales;Shewanellaceae;Shewanella
k141_29732	Bacteria;Planctomycetota;Planctomycetia;Pirellulales;Pirellulaceae;Rhodopirellula;Rhodopirellula baltica
k141_33338	Bacteria;Aquificota;Aquificia;Aquificales;Hydrogenothermaceae;Persephonella;Persephonella marina
k141_15082	Bacteria;Pseudomonadota;Gammaproteobacteria
k141_7833	Archaea;Thermoproteota;Thermoprotei;Desulfurococcales;Desulfurococcaceae;Ignicoccus;Ignicoccus islandicus
k141_47931	
k141_33341	Archaea;Thermoproteota;Thermoprotei;Desulfurococcales;Desulfurococcaceae;Ignicoccus;Ignicoccus hospitalis
k141_7835	Bacteria;Pseudomonadota;Gammaproteobacteria;Pseudomonadales;Pseudomonadaceae;Pseudomonas
k141_7836	Bacteria;Chlorobiota;Chlorobiia;Chlorobiales;Chlorobiaceae;Chlorobaculum;Chlorobaculum tepidum
k141_40696	Bacteria;Pseudomonadota;Gammaproteobacteria;Alteromonadales;Shewanellaceae;Shewanella
k141_25829	Archaea;Methanobacteriota;Halobacteria;Halobacteriales;Halobacteriaceae;Halobacterium
k141_15083	Bacteria;Cyanobacteriota;Cyanophyceae
k141_47938	Bacteria;Bacteroidota;Bacteroidia;Bacteroidales;Porphyromonadaceae;Porphyromonas;Porphyromonas gingivalis
k141_40702	Bacteria;Cyanobacteriota;Cyanophyceae;Nostocales;Nostocaceae
k141_25834	Bacteria;Pseudomonadota;Gammaproteobacteria;Pseudomonadales;Pseudomonadaceae;Pseudomonas
k141_4101	Bacteria;Pseudomonadota;Gammaproteobacteria;Alteromonadales;Shewanellaceae;Shewanella
k141_15086	
k141_47941	Archaea;Methanobacteriota;Halobacteria;Halobacteriales;Halobacteriaceae;Halobacterium
k141_4104	Bacteria;Pseudomonadota;Gammaproteobacteria;Pseudomonadales;Pseudomonadaceae;Pseudomonas
k141_25839	Bacteria;Verrucomicrobiota;Verrucomicrobiia;Verrucomicrobiales;Akkermansiaceae;Akkermansia
k141_15088	Bacteria;Pseudomonadota;Gammaproteobacteria;Alteromonadales;Shewanellaceae;Shewanella
k141_36888	Bacteria;Planctomycetota;Planctomycetia;Pirellulales;Pirellulaceae
k141_33345	Archaea;Methanobacteriota;Methanococci;Methanococcales;Methanococcaceae;Methanococcus;Methanococcus maripaludis
k141_44128	Archaea;Methanobacteriota;Halobacteria;Halobacteriales;Halobacteriaceae;Halobacterium
k141_25840	Bacteria;Pseudomonadota;Gammaproteobacteria;Pseudomonadales;Pseudomonadaceae;Pseudomonas
k141_29739	Bacteria;Pseudomonadota;Gammaproteobacteria;Alteromonadales;Shewanellaceae;Shewanella
k141_4107	
k141_15091	Bacteria;Chlorobiota;Chlorobiia;Chlorobiales;Chlorobiaceae;Chlorobium;Chlorobium phaeobacteroides
k141_44129	Bacteria;Pseudomonadota;Gammaproteobacteria;Pseudomonadales;Pseudomonadaceae;Pseudomonas
k141_7845	
k141_21962	
k141_7846	
k141_15093	Archaea;Thermoproteota;Thermoprotei;Desulfurococcales;Desulfurococcaceae;Ignicoccus;Ignicoccus islandicus
k141_47958	Bacteria;Pseudomonadota;Gammaproteobacteria;Pseudomonadales;Pseudomonadaceae
k141_33354	Bacteria;Chlorobiota;Chlorobiia;Chlorobiales;Chlorobiaceae;Chlorobium;Chlorobium phaeobacteroides
k141_7847	Bacteria;Pseudomonadota;Gammaproteobacteria;Pseudomonadales
k141_44135	Bacteria;Pseudomonadota;Gammaproteobacteria;Pseudomonadales;Pseudomonadaceae;Pseudomonas
k141_29748	Bacteria;Pseudomonadota;Gammaproteobacteria
k141_4112	Bacteria;Pseudomonadota;Gammaproteobacteria;Alteromonadales;Shewanellaceae;Shewanella
k141_40708	Bacteria;Planctomycetota;Planctomycetia;Pirellulales;Pirellulaceae;Rhodopirellula;Rhodopirellula baltica
k141_25853	Bacteria;Chlorobiota;Chlorobiia;Chlorobiales;Chlorobiaceae;Chlorobium;Chlorobium phaeobacteroides
k141_4113	Bacteria;Pseudomonadota;Gammaproteobacteria;Pseudomonadales;Pseudomonadaceae;Pseudomonas
k141_4114	Bacteria;Pseudomonadota;Gammaproteobacteria;Alteromonadales;Shewanellaceae;Shewanella;Shewanella baltica
k141_25855	Bacteria;Aquificota;Aquificia;Aquificales;Aquificaceae;Hydrogenobaculum
k141_36907	Bacteria;Pseudomonadota;Gammaproteobacteria;Alteromonadales;Shewanellaceae;Shewanella
k141_25856	Bacteria;Pseudomonadota;Gammaproteobacteria;Pseudomonadales;Pseudomonadaceae;Pseudomonas
k141_29757	Bacteria;Verrucomicrobiota;Verrucomicrobiia;Verrucomicrobiales;Akkermansiaceae;Akkermansia;Akkermansia muciniphila
k141_40710	Bacteria;Pseudomonadota;Gammaproteobacteria;Alteromonadales;Shewanellaceae;Shewanella
k141_15094	Bacteria;Bacteroidota;Bacteroidia;Bacteroidales;Porphyromonadaceae;Porphyromonas;Porphyromonas gingivalis
k141_25857	Bacteria;Pseudomonadota;Gammaproteobacteria;Pseudomonadales;Pseudomonadaceae;Pseudomonas
k141_4116	Bacteria;Pseudomonadota;Gammaproteobacteria;Pseudomonadales;Pseudomonadaceae;Pseudomonas
k141_44143	
k141_29758	Bacteria;Thermodesulfobacteriota
k141_55030	Bacteria;Planctomycetota;Planctomycetia;Pirellulales;Pirellulaceae;Rhodopirellula;Rhodopirellula baltica
k141_21966	Archaea;Methanobacteriota;Halobacteria;Halobacteriales;Halobacteriaceae;Halobacterium
k141_4118	Bacteria;Pseudomonadota;Gammaproteobacteria;Pseudomonadales;Pseudomonadaceae;Pseudomonas
k141_29759	Archaea;Methanobacteriota;Methanococci;Methanococcales;Methanococcaceae;Methanococcus;Methanococcus maripaludis
k141_15100	Archaea;Thermoproteota;Thermoprotei;Desulfurococcales;Desulfurococcaceae;Ignicoccus;Ignicoccus islandicus
k141_21967	Bacteria;Aquificota;Aquificia;Aquificales;Aquificaceae;Hydrogenobaculum
k141_44148	Archaea;Methanobacteriota;Methanococci;Methanococcales;Methanococcaceae;Methanococcus;Methanococcus maripaludis
k141_29760	Bacteria;Pseudomonadota;Gammaproteobacteria;Pseudomonadales;Pseudomonadaceae;Pseudomonas
k141_7853	Bacteria;Fusobacteriota;Fusobacteriia;Fusobacteriales;Fusobacteriaceae;Fusobacterium
k141_40718	Archaea;Thermoproteota;Thermoprotei;Desulfurococcales;Desulfurococcaceae;Ignicoccus;Ignicoccus hospitalis
k141_11472	Bacteria;Chlorobiota;Chlorobiia;Chlorobiales;Chlorobiaceae
k141_15103	Bacteria;Chloroflexota;Chloroflexia;Chloroflexales;Chloroflexaceae;Chloroflexus;Chloroflexus aurantiacus
k141_21971	Bacteria;Pseudomonadota;Gammaproteobacteria;Alteromonadales;Shewanellaceae;Shewanella
k141_7855	Bacteria;Aquificota;Aquificia;Aquificales;Aquificaceae;Hydrogenobaculum
k141_44155	Bacteria;Chlorobiota;Chlorobiia;Chlorobiales;Chlorobiaceae;Chlorobaculum;Chlorobaculum tepidum
k141_36908	Bacteria;Pseudomonadota;Gammaproteobacteria;Alteromonadales;Shewanellaceae;Shewanella
k141_25866	Bacteria;Pseudomonadota;Gammaproteobacteria;Alteromonadales;Shewanellaceae;Shewanella;Shewanella baltica
k141_21975	Bacteria;Pseudomonadota;Gammaproteobacteria;Pseudomonadales;Pseudomonadaceae;Pseudomonas
k141_4120	Bacteria;Bacillota
k141_25868	Archaea;Methanobacteriota;Methanopyri;Methanopyrales;Methanopyraceae;Methanopyrus;Methanopyrus kandleri
k141_40727	Bacteria;Pseudomonadota;Gammaproteobacteria;Pseudomonadales;Pseudomonadaceae;Pseudomonas
k141_36911	Bacteria;Chlorobiota;Chlorobiia;Chlorobiales;Chlorobiaceae;Chlorobium;Chlorobium phaeobacteroides
k141_47985	Bacteria;Bacillota;Clostridia;Thermoanaerobacterales;Thermoanaerobacteraceae;Thermoanaerobacter
k141_51277	Bacteria;Gemmatimonadota;Gemmatimonadia;Gemmatimonadales;Gemmatimonadaceae;Gemmatimonas;Gemmatimonas aurantiaca
k141_25870	Bacteria;Pseudomonadota;Gammaproteobacteria;Pseudomonadales;Pseudomonadaceae;Pseudomonas
k141_44162	Bacteria;Pseudomonadota;Gammaproteobacteria;Pseudomonadales;Pseudomonadaceae;Pseudomonas
k141_40731	Bacteria;Pseudomonadota;Gammaproteobacteria;Pseudomonadales;Pseudomonadaceae;Pseudomonas
k141_29763	Bacteria;Pseudomonadota;Gammaproteobacteria;Alteromonadales;Shewanellaceae;Shewanella
k141_21983	Bacteria;Chlorobiota;Chlorobiia;Chlorobiales;Chlorobiaceae;Chlorobaculum;Chlorobaculum tepidum
k141_4126	Bacteria;Bacillota
k141_40733	
k141_47987	Bacteria;Aquificota;Aquificia;Aquificales;Aquificaceae;Hydrogenobaculum
k141_25871	Bacteria;Planctomycetota;Planctomycetia;Pirellulales;Pirellulaceae;Rhodopirellula
k141_51284	Bacteria;Pseudomonadota;Gammaproteobacteria;Alteromonadales;Shewanellaceae;Shewanella
k141_15117	
k141_36912	Archaea;Methanobacteriota;Halobacteria;Halobacteriales;Halobacteriaceae;Halobacterium
k141_33368	Bacteria;Planctomycetota;Planctomycetia;Pirellulales;Pirellulaceae;Rhodopirellula;Rhodopirellula baltica
k141_7861	Bacteria;Aquificota;Aquificia;Aquificales;Aquificaceae;Hydrogenobaculum;Hydrogenobaculum sp. Y04AAS1
k141_4130	Bacteria;Bacteroidota;Bacteroidia;Bacteroidales;Bacteroidaceae;Phocaeicola
k141_29767	Bacteria;Pseudomonadota;Gammaproteobacteria;Pseudomonadales;Pseudomonadaceae;Pseudomonas
k141_36916	Bacteria;Bacillota;Clostridia
k141_44179	Bacteria;Pseudomonadota;Gammaproteobacteria;Pseudomonadales;Pseudomonadaceae;Pseudomonas
k141_7866	Bacteria;Pseudomonadota;Gammaproteobacteria;Pseudomonadales;Pseudomonadaceae;Pseudomonas
k141_29770	Bacteria;Cyanobacteriota;Cyanophyceae;Nostocales;Nostocaceae
k141_44181	Bacteria;Chloroflexota;Chloroflexia;Chloroflexales;Chloroflexaceae;Chloroflexus;Chloroflexus aurantiacus
k141_33376	Bacteria;Pseudomonadota;Gammaproteobacteria;Pseudomonadales;Pseudomonadaceae;Pseudomonas
k141_25881	Bacteria;Chlorobiota;Chlorobiia;Chlorobiales;Chlorobiaceae;Chlorobaculum;Chlorobaculum tepidum
k141_21993	Bacteria;Chlorobiota;Chlorobiia;Chlorobiales;Chlorobiaceae;Chlorobium;Chlorobium phaeobacteroides
k141_7871	Bacteria;Chlorobiota;Chlorobiia;Chlorobiales;Chlorobiaceae;Chlorobium;Chlorobium phaeobacteroides
k141_29774	Bacteria;Pseudomonadota;Gammaproteobacteria;Pseudomonadales;Pseudomonadaceae;Pseudomonas
k141_11481	
k141_4137	Bacteria;Planctomycetota;Planctomycetia;Pirellulales;Pirellulaceae;Rhodopirellula;Rhodopirellula baltica
k141_51286	
k141_25885	Bacteria;Pseudomonadota;Gammaproteobacteria;Alteromonadales;Shewanellaceae;Shewanella
k141_7875	Archaea;Thermoproteota;Thermoprotei;Desulfurococcales;Desulfurococcaceae;Ignicoccus;Ignicoccus islandicus
k141_33389	Bacteria;Pseudomonadota;Gammaproteobacteria;Alteromonadales;Shewanellaceae;Shewanella
k141_44193	Archaea;Thermoproteota;Thermoprotei;Desulfurococcales;Desulfurococcaceae;Ignicoccus;Ignicoccus islandicus
k141_36933	Bacteria;Pseudomonadota;Gammaproteobacteria;Alteromonadales;Shewanellaceae;Shewanella
k141_29784	Bacteria;Pseudomonadota;Gammaproteobacteria;Alteromonadales;Shewanellaceae;Shewanella
k141_11483	Bacteria;Chlorobiota;Chlorobiia;Chlorobiales;Chlorobiaceae;Chlorobium;Chlorobium phaeobacteroides
k141_4145	Bacteria;Spirochaetota;Spirochaetia;Treponematales;Treponemataceae;Treponema
k141_44196	Bacteria;Pseudomonadota;Gammaproteobacteria;Pseudomonadales;Pseudomonadaceae;Pseudomonas
k141_36937	Bacteria;Pseudomonadota;Gammaproteobacteria;Pseudomonadales;Pseudomonadaceae;Pseudomonas
k141_33394	Bacteria;Pseudomonadota;Gammaproteobacteria;Pseudomonadales;Pseudomonadaceae;Pseudomonas
k141_29787	Bacteria;Pseudomonadota;Gammaproteobacteria;Pseudomonadales;Pseudomonadaceae
k141_4147	Bacteria;Planctomycetota;Planctomycetia;Pirellulales;Pirellulaceae;Rhodopirellula;Rhodopirellula baltica
k141_25895	Bacteria;Pseudomonadota;Gammaproteobacteria;Pseudomonadales;Pseudomonadaceae;Pseudomonas
k141_51295	Bacteria;Pseudomonadota;Gammaproteobacteria;Alteromonadales;Shewanellaceae;Shewanella
k141_36940	Bacteria;Pseudomonadota;Gammaproteobacteria;Pseudomonadales;Pseudomonadaceae;Pseudomonas
k141_55031	
k141_25897	Bacteria;Chlorobiota;Chlorobiia;Chlorobiales;Chlorobiaceae;Chlorobaculum;Chlorobaculum tepidum
k141_21995	Bacteria;Bacteroidota;Bacteroidia;Bacteroidales;Porphyromonadaceae;Porphyromonas;Porphyromonas gingivalis
k141_4149	Bacteria;Pseudomonadota;Gammaproteobacteria;Pseudomonadales;Pseudomonadaceae;Pseudomonas
k141_33399	Bacteria;Pseudomonadota;Gammaproteobacteria;Pseudomonadales;Pseudomonadaceae;Pseudomonas
k141_51299	Bacteria;Pseudomonadota;Gammaproteobacteria;Pseudomonadales;Pseudomonadaceae;Pseudomonas
k141_44199	Bacteria;Pseudomonadota;Gammaproteobacteria;Alteromonadales;Shewanellaceae;Shewanella;Shewanella baltica
k141_36942	Bacteria;Pseudomonadota;Gammaproteobacteria;Pseudomonadales;Pseudomonadaceae;Pseudomonas
k141_21998	Bacteria;Pseudomonadota;Gammaproteobacteria;Pseudomonadales;Pseudomonadaceae;Pseudomonas
k141_44200	Bacteria;Chloroflexota;Chloroflexia;Chloroflexales;Chloroflexaceae;Chloroflexus;Chloroflexus aurantiacus
k141_29796	
k141_55037	Bacteria;Bacteroidota;Bacteroidia;Bacteroidales;Bacteroidaceae;Phocaeicola
k141_44201	Bacteria;Chlorobiota;Chlorobiia;Chlorobiales;Chlorobiaceae;Chlorobaculum;Chlorobaculum tepidum
k141_7876	Archaea;Methanobacteriota;Halobacteria;Halobacteriales;Halobacteriaceae;Halobacterium
k141_29799	Bacteria;Pseudomonadota;Gammaproteobacteria;Pseudomonadales;Pseudomonadaceae
k141_4154	Bacteria;Pseudomonadota;Gammaproteobacteria;Alteromonadales;Shewanellaceae;Shewanella
k141_44204	Bacteria;Chlorobiota;Chlorobiia;Chlorobiales;Chlorobiaceae;Chlorobium;Chlorobium phaeobacteroides
k141_7877	Bacteria;Cyanobacteriota;Cyanophyceae;Nostocales;Nostocaceae
k141_51304	Bacteria;Chlorobiota;Chlorobiia;Chlorobiales;Chlorobiaceae;Chlorobium;Chlorobium phaeobacteroides
k141_40736	Bacteria;Thermotogota;Thermotogae;Thermotogales;Thermotogaceae;Thermotoga
k141_25910	
k141_33402	Bacteria;Planctomycetota;Planctomycetia;Pirellulales;Pirellulaceae;Rhodopirellula;Rhodopirellula baltica
k141_40737	Bacteria;Pseudomonadota;Gammaproteobacteria;Pseudomonadales;Pseudomonadaceae;Pseudomonas
k141_4159	Bacteria;Fusobacteriota;Fusobacteriia;Fusobacteriales;Fusobacteriaceae;Fusobacterium
k141_51310	Bacteria;Pseudomonadota;Gammaproteobacteria;Pseudomonadales;Pseudomonadaceae;Pseudomonas
k141_25914	Bacteria;Chlorobiota;Chlorobiia;Chlorobiales;Chlorobiaceae;Chlorobaculum;Chlorobaculum tepidum
k141_33406	Bacteria;Chlorobiota;Chlorobiia;Chlorobiales;Chlorobiaceae;Chlorobium;Chlorobium phaeobacteroides
k141_4160	Bacteria;Pseudomonadota;Gammaproteobacteria;Pseudomonadales;Pseudomonadaceae;Pseudomonas
k141_55049	
k141_44207	Archaea;Methanobacteriota;Halobacteria;Halobacteriales;Halobacteriaceae;Halobacterium
k141_4161	
k141_36949	
k141_40741	Bacteria;Bacteroidota;Bacteroidia;Bacteroidales
k141_33409	Archaea;Methanobacteriota;Methanococci;Methanococcales;Methanococcaceae;Methanococcus;Methanococcus maripaludis
k141_22004	Bacteria;Pseudomonadota;Betaproteobacteria;Nitrosomonadales;Nitrosomonadaceae;Nitrosomonas;Nitrosomonas europaea
k141_33411	Bacteria;Pseudomonadota;Betaproteobacteria;Burkholderiales;Burkholderiaceae;Paraburkholderia;Paraburkholderia xenovorans
k141_25916	Bacteria;Chlorobiota;Chlorobiia;Chlorobiales;Chlorobiaceae;Chlorobaculum
k141_25918	Bacteria;Spirochaetota;Spirochaetia;Treponematales;Treponemataceae;Treponema
k141_55058	Bacteria;Verrucomicrobiota;Verrucomicrobiia;Verrucomicrobiales;Akkermansiaceae;Akkermansia;Akkermansia muciniphila
k141_29807	Bacteria;Planctomycetota;Planctomycetia;Pirellulales;Pirellulaceae;Rhodopirellula;Rhodopirellula baltica
k141_55059	Bacteria;Thermotogota;Thermotogae;Thermotogales;Thermotogaceae;Thermotoga
k141_44216	Bacteria;Pseudomonadota;Gammaproteobacteria;Alteromonadales;Shewanellaceae;Shewanella
k141_40751	Archaea;Thermoproteota;Thermoprotei;Desulfurococcales;Desulfurococcaceae;Ignicoccus;Ignicoccus islandicus
k141_22009	Bacteria;Pseudomonadota;Gammaproteobacteria;Pseudomonadales;Pseudomonadaceae;Pseudomonas
k141_47989	
k141_33422	Bacteria;Pseudomonadota;Gammaproteobacteria;Pseudomonadales;Pseudomonadaceae;Pseudomonas
k141_11485	
k141_44220	Bacteria;Aquificota;Aquificia;Aquificales;Aquificaceae;Hydrogenobaculum;Hydrogenobaculum sp. Y04AAS1
k141_51320	Bacteria;Pseudomonadota;Gammaproteobacteria;Alteromonadales;Shewanellaceae;Shewanella
k141_29813	Bacteria;Pseudomonadota;Gammaproteobacteria;Alteromonadales;Shewanellaceae;Shewanella;Shewanella baltica
k141_51321	
k141_22010	Archaea;Thermoproteota;Thermoprotei;Desulfurococcales;Desulfurococcaceae;Ignicoccus;Ignicoccus islandicus
k141_55060	Bacteria;Planctomycetota;Planctomycetia;Pirellulales;Pirellulaceae;Rhodopirellula;Rhodopirellula baltica
k141_44223	Bacteria;Thermotogota;Thermotogae;Thermotogales;Thermotogaceae;Thermotoga
k141_33429	Bacteria;Chlorobiota;Chlorobiia;Chlorobiales;Chlorobiaceae;Chlorobium;Chlorobium phaeobacteroides
k141_44224	Bacteria;Pseudomonadota;Gammaproteobacteria;Pseudomonadales;Pseudomonadaceae
k141_51331	Archaea;Thermoproteota;Thermoprotei;Thermoproteales;Thermoproteaceae;Pyrobaculum;Pyrobaculum calidifontis
k141_737	Bacteria;Thermodesulfobacteriota;Desulfobulbia;Desulfobulbales;Desulfobulbaceae;Desulfobulbus;Desulfobulbus oralis
k141_55066	Bacteria;Cyanobacteriota;Cyanophyceae;Nostocales;Nostocaceae
k141_33432	Bacteria;Pseudomonadota;Gammaproteobacteria;Alteromonadales;Shewanellaceae;Shewanella
k141_738	Archaea;Thermoproteota;Thermoprotei;Thermoproteales;Thermoproteaceae;Pyrobaculum;Pyrobaculum calidifontis
k141_22019	Bacteria;Chlorobiota;Chlorobiia;Chlorobiales;Chlorobiaceae;Chlorobium;Chlorobium phaeobacteroides
k141_33434	Bacteria;Pseudomonadota;Gammaproteobacteria;Pseudomonadales;Pseudomonadaceae;Pseudomonas
k141_33435	Bacteria;Chlorobiota;Chlorobiia;Chlorobiales;Chlorobiaceae;Chlorobaculum;Chlorobaculum tepidum
k141_29814	
k141_40766	Bacteria;Planctomycetota;Planctomycetia;Pirellulales;Pirellulaceae;Rhodopirellula;Rhodopirellula baltica
k141_51338	Bacteria;Aquificota;Aquificia;Aquificales;Aquificaceae;Hydrogenobaculum
k141_47997	Bacteria;Pseudomonadota;Gammaproteobacteria;Alteromonadales;Shewanellaceae;Shewanella
k141_55075	Bacteria;Aquificota;Aquificia;Aquificales;Aquificaceae;Hydrogenobaculum
k141_51339	Bacteria;Chlorobiota;Chlorobiia;Chlorobiales;Chlorobiaceae;Chlorobaculum;Chlorobaculum tepidum
k141_40772	Bacteria;Pseudomonadota;Gammaproteobacteria;Pseudomonadales;Pseudomonadaceae;Pseudomonas
k141_47998	Bacteria;Pseudomonadota;Gammaproteobacteria;Pseudomonadales;Pseudomonadaceae;Pseudomonas
k141_48000	Bacteria;Aquificota;Aquificia;Aquificales;Aquificaceae;Hydrogenobaculum
k141_22029	Bacteria;Pseudomonadota;Gammaproteobacteria;Alteromonadales;Shewanellaceae;Shewanella
k141_40778	Bacteria;Pseudomonadota;Gammaproteobacteria;Alteromonadales;Shewanellaceae;Shewanella
k141_40779	Bacteria;Cyanobacteriota;Cyanophyceae;Nostocales
k141_51343	
k141_22034	Bacteria;Planctomycetota;Planctomycetia;Pirellulales;Pirellulaceae;Rhodopirellula;Rhodopirellula baltica
k141_48012	Archaea;Thermoproteota;Thermoprotei;Desulfurococcales;Desulfurococcaceae;Ignicoccus;Ignicoccus islandicus
k141_40787	Bacteria;Pseudomonadota;Gammaproteobacteria;Pseudomonadales;Pseudomonadaceae;Pseudomonas
k141_22035	
k141_51352	Bacteria;Pseudomonadota;Gammaproteobacteria;Alteromonadales;Shewanellaceae;Shewanella
k141_48013	Bacteria;Pseudomonadota;Gammaproteobacteria;Pseudomonadales;Pseudomonadaceae;Pseudomonas
k141_11488	
k141_44230	
k141_51353	Bacteria;Verrucomicrobiota;Verrucomicrobiia;Verrucomicrobiales;Akkermansiaceae;Akkermansia;Akkermansia muciniphila
k141_40790	Bacteria;Aquificota;Aquificia;Aquificales;Aquificaceae;Hydrogenobaculum
k141_11491	
k141_11492	Bacteria;Pseudomonadota;Gammaproteobacteria;Pseudomonadales;Pseudomonadaceae;Pseudomonas
k141_44233	Bacteria;Pseudomonadota;Gammaproteobacteria;Pseudomonadales;Pseudomonadaceae;Pseudomonas
k141_51360	Bacteria;Bacillota;Clostridia;Thermoanaerobacterales;Thermoanaerobacteraceae;Thermoanaerobacter
k141_48020	Bacteria;Pseudomonadota;Gammaproteobacteria;Alteromonadales;Shewanellaceae;Shewanella
k141_33444	Bacteria;Pseudomonadota;Gammaproteobacteria;Alteromonadales;Shewanellaceae;Shewanella
k141_22037	Archaea;Methanobacteriota;Methanococci;Methanococcales;Methanococcaceae;Methanococcus
k141_44235	Bacteria;Cyanobacteriota;Cyanophyceae;Nostocales;Nostocaceae
k141_11493	Archaea;Thermoproteota;Thermoprotei;Desulfurococcales;Desulfurococcaceae;Ignicoccus;Ignicoccus islandicus
k141_25938	Bacteria;Planctomycetota;Planctomycetia;Pirellulales;Pirellulaceae;Rhodopirellula;Rhodopirellula baltica
k141_48021	Bacteria;Chloroflexota;Chloroflexia;Chloroflexales;Chloroflexaceae;Chloroflexus;Chloroflexus aurantiacus
k141_742	
k141_22038	Bacteria;Pseudomonadota;Gammaproteobacteria;Pseudomonadales;Pseudomonadaceae;Pseudomonas
k141_51365	Bacteria;Chlorobiota;Chlorobiia;Chlorobiales;Chlorobiaceae;Chlorobium;Chlorobium phaeobacteroides
k141_25939	Bacteria;Pseudomonadota;Gammaproteobacteria;Alteromonadales;Shewanellaceae;Shewanella
k141_40799	Archaea;Thermoproteota;Thermoprotei;Thermoproteales;Thermoproteaceae;Pyrobaculum;Pyrobaculum calidifontis
k141_33451	Archaea;Thermoproteota;Thermoprotei;Desulfurococcales;Desulfurococcaceae;Ignicoccus;Ignicoccus hospitalis
k141_22040	Bacteria;Bacillota
k141_44236	Bacteria;Planctomycetota;Planctomycetia;Pirellulales;Pirellulaceae;Rhodopirellula;Rhodopirellula baltica
k141_746	Archaea;Thermoproteota;Thermoprotei;Thermoproteales;Thermoproteaceae;Pyrobaculum;Pyrobaculum calidifontis
k141_7895	Bacteria;Bacillota;Clostridia;Thermoanaerobacterales;Thermoanaerobacteraceae;Thermoanaerobacter
k141_25941	Bacteria;Pseudomonadota;Gammaproteobacteria;Pseudomonadales;Pseudomonadaceae;Pseudomonas
k141_51366	Bacteria;Pseudomonadota;Gammaproteobacteria;Pseudomonadales;Pseudomonadaceae;Pseudomonas
k141_29817	
k141_25943	Bacteria;Chlorobiota;Chlorobiia;Chlorobiales;Chlorobiaceae;Chlorobium;Chlorobium phaeobacteroides
k141_51367	Bacteria;Chloroflexota;Chloroflexia;Chloroflexales;Chloroflexaceae;Chloroflexus;Chloroflexus aurantiacus
k141_44239	Archaea;Thermoproteota;Thermoprotei;Desulfurococcales;Desulfurococcaceae;Ignicoccus;Ignicoccus islandicus
k141_753	Bacteria;Pseudomonadota;Gammaproteobacteria;Alteromonadales;Shewanellaceae;Shewanella
k141_48030	Bacteria;Pseudomonadota;Gammaproteobacteria;Alteromonadales;Shewanellaceae;Shewanella
k141_51368	Archaea;Methanobacteriota;Methanopyri;Methanopyrales;Methanopyraceae;Methanopyrus;Methanopyrus kandleri
k141_29818	Bacteria;Aquificota;Aquificia;Aquificales;Aquificaceae;Hydrogenobaculum;Hydrogenobaculum sp. Y04AAS1
k141_25946	Bacteria;Pseudomonadota;Gammaproteobacteria;Pseudomonadales;Pseudomonadaceae;Pseudomonas
k141_40809	Bacteria;Pseudomonadota;Gammaproteobacteria;Pseudomonadales;Pseudomonadaceae;Pseudomonas
k141_48035	Bacteria;Chlorobiota;Chlorobiia;Chlorobiales;Chlorobiaceae;Chlorobium;Chlorobium phaeobacteroides
k141_40813	Bacteria;Aquificota;Aquificia;Aquificales;Hydrogenothermaceae;Sulfurihydrogenibium;Sulfurihydrogenibium sp. YO3AOP1
k141_55087	Bacteria;Bacteroidota;Bacteroidia;Bacteroidales;Porphyromonadaceae;Porphyromonas;Porphyromonas gingivalis
k141_7910	Bacteria;Pseudomonadota;Gammaproteobacteria;Alteromonadales;Shewanellaceae;Shewanella;Shewanella baltica
k141_760	Bacteria;Pseudomonadota;Gammaproteobacteria;Alteromonadales;Shewanellaceae;Shewanella
k141_48040	Bacteria;Cyanobacteriota;Cyanophyceae;Nostocales;Nostocaceae
k141_15119	Bacteria;Thermodesulfobacteriota;Desulfobulbia;Desulfobulbales;Desulfobulbaceae;Desulfobulbus;Desulfobulbus oralis
k141_7918	Bacteria;Pseudomonadota;Betaproteobacteria;Burkholderiales;Burkholderiaceae;Paraburkholderia;Paraburkholderia xenovorans
k141_25949	
k141_29829	Bacteria;Bacteroidota;Bacteroidia;Bacteroidales;Porphyromonadaceae;Porphyromonas;Porphyromonas gingivalis
k141_25951	Archaea;Methanobacteriota;Methanococci;Methanococcales;Methanococcaceae;Methanococcus;Methanococcus maripaludis
k141_40827	Bacteria;Bacteroidota;Bacteroidia;Bacteroidales;Bacteroidaceae;Phocaeicola
k141_29830	Bacteria;Chlorobiota;Chlorobiia;Chlorobiales;Chlorobiaceae;Chlorobaculum;Chlorobaculum tepidum
k141_11495	Bacteria;Planctomycetota;Planctomycetia;Pirellulales;Pirellulaceae;Rhodopirellula;Rhodopirellula baltica
k141_15126	Bacteria;Pseudomonadota;Gammaproteobacteria;Pseudomonadales;Pseudomonadaceae;Pseudomonas
k141_22058	Bacteria;Planctomycetota;Planctomycetia;Pirellulales;Pirellulaceae;Rhodopirellula;Rhodopirellula baltica
k141_48056	Bacteria;Chlorobiota;Chlorobiia;Chlorobiales;Chlorobiaceae;Chlorobium;Chlorobium phaeobacteroides
k141_55107	Archaea;Methanobacteriota;Methanopyri;Methanopyrales;Methanopyraceae;Methanopyrus;Methanopyrus kandleri
k141_25954	Archaea;Thermoproteota;Thermoprotei;Desulfurococcales;Desulfurococcaceae;Ignicoccus;Ignicoccus hospitalis
k141_40830	Bacteria;Aquificota;Aquificia;Aquificales;Aquificaceae;Hydrogenobaculum;Hydrogenobaculum sp. Y04AAS1
k141_11502	Bacteria;Pseudomonadota;Gammaproteobacteria;Alteromonadales;Shewanellaceae;Shewanella
k141_25957	Bacteria;Pseudomonadota;Gammaproteobacteria;Pseudomonadales;Pseudomonadaceae;Pseudomonas
k141_22063	Bacteria;Pseudomonadota;Gammaproteobacteria;Pseudomonadales;Pseudomonadaceae;Pseudomonas
k141_40832	Bacteria;Bacillota
k141_48059	Bacteria;Chlorobiota;Chlorobiia;Chlorobiales;Chlorobiaceae;Chlorobium;Chlorobium phaeobacteroides
k141_15128	Bacteria;Pseudomonadota;Gammaproteobacteria;Alteromonadales;Shewanellaceae;Shewanella
k141_7926	Bacteria;Pseudomonadota;Gammaproteobacteria;Alteromonadales;Shewanellaceae;Shewanella
k141_55114	
k141_40833	Bacteria;Chlorobiota;Chlorobiia;Chlorobiales;Chlorobiaceae;Chlorobium;Chlorobium phaeobacteroides
k141_25959	Bacteria;Aquificota;Aquificia;Aquificales;Aquificaceae;Hydrogenobaculum;Hydrogenobaculum sp. Y04AAS1
k141_15130	Bacteria;Pseudomonadota;Gammaproteobacteria;Pseudomonadales;Pseudomonadaceae;Pseudomonas
k141_48061	Bacteria;Planctomycetota;Planctomycetia;Pirellulales;Pirellulaceae;Rhodopirellula;Rhodopirellula baltica
k141_29834	Bacteria;Planctomycetota;Planctomycetia;Pirellulales;Pirellulaceae;Rhodopirellula;Rhodopirellula baltica
k141_15131	Archaea;Methanobacteriota;Methanococci;Methanococcales;Methanococcaceae;Methanococcus;Methanococcus maripaludis
k141_40835	Bacteria;Chlorobiota;Chlorobiia;Chlorobiales;Chlorobiaceae;Chlorobium;Chlorobium phaeobacteroides
k141_22066	Bacteria;Planctomycetota;Planctomycetia;Pirellulales;Pirellulaceae;Rhodopirellula;Rhodopirellula baltica
k141_55120	Bacteria;Pseudomonadota;Gammaproteobacteria;Alteromonadales;Shewanellaceae;Shewanella
k141_4162	Bacteria;Bacillota
k141_11517	Bacteria;Pseudomonadota;Gammaproteobacteria;Pseudomonadales;Pseudomonadaceae;Pseudomonas
k141_7932	Bacteria;Pseudomonadota;Gammaproteobacteria;Alteromonadales;Shewanellaceae;Shewanella
k141_40840	Bacteria;Chlorobiota;Chlorobiia;Chlorobiales;Chlorobiaceae;Chlorobium;Chlorobium phaeobacteroides
k141_22067	Bacteria;Chlorobiota;Chlorobiia;Chlorobiales;Chlorobiaceae;Chlorobaculum;Chlorobaculum tepidum
k141_7933	Bacteria;Pseudomonadota;Betaproteobacteria;Burkholderiales;Burkholderiaceae;Paraburkholderia
k141_25969	Bacteria;Pseudomonadota;Gammaproteobacteria;Alteromonadales;Shewanellaceae;Shewanella
k141_15143	Bacteria;Cyanobacteriota;Cyanophyceae;Nostocales;Nostocaceae
k141_11521	Archaea;Thermoproteota;Thermoprotei;Desulfurococcales;Desulfurococcaceae;Ignicoccus;Ignicoccus islandicus
k141_7935	Bacteria;Pseudomonadota;Gammaproteobacteria;Pseudomonadales;Pseudomonadaceae;Pseudomonas
k141_772	Bacteria;Bacteroidota;Bacteroidia;Bacteroidales;Porphyromonadaceae;Porphyromonas;Porphyromonas gingivalis
k141_4168	Bacteria;Planctomycetota;Planctomycetia;Pirellulales;Pirellulaceae;Rhodopirellula
k141_55128	
k141_22075	
k141_4169	Bacteria;Chlorobiota;Chlorobiia;Chlorobiales;Chlorobiaceae;Chlorobium;Chlorobium phaeobacteroides
k141_774	Bacteria;Verrucomicrobiota;Verrucomicrobiia;Verrucomicrobiales;Akkermansiaceae;Akkermansia;Akkermansia muciniphila
k141_55130	
k141_29837	Bacteria;Planctomycetota;Planctomycetia;Pirellulales;Pirellulaceae;Rhodopirellula;Rhodopirellula baltica
k141_40848	Archaea;Methanobacteriota;Methanococci;Methanococcales;Methanococcaceae;Methanococcus;Methanococcus maripaludis
k141_48077	Bacteria;Planctomycetota;Planctomycetia;Pirellulales;Pirellulaceae;Rhodopirellula
k141_55131	Bacteria;Aquificota;Aquificia;Aquificales;Hydrogenothermaceae;Sulfurihydrogenibium;Sulfurihydrogenibium sp. YO3AOP1
k141_7939	Bacteria;Pseudomonadota;Gammaproteobacteria;Alteromonadales;Shewanellaceae;Shewanella
k141_25981	
k141_4176	Bacteria;Pseudomonadota;Gammaproteobacteria;Pseudomonadales;Pseudomonadaceae
k141_779	Bacteria;Bacillota;Clostridia;Acetivibrionales;Acetivibrionaceae;Acetivibrio;Acetivibrio thermocellus
k141_15144	Bacteria;Pseudomonadota;Gammaproteobacteria;Alteromonadales;Shewanellaceae;Shewanella
k141_51376	Bacteria;Thermotogota;Thermotogae;Thermotogales;Thermotogaceae;Thermotoga;Thermotoga petrophila
k141_15146	Bacteria;Pseudomonadota;Gammaproteobacteria;Alteromonadales;Shewanellaceae;Shewanella;Shewanella baltica
k141_55134	Bacteria;Pseudomonadota;Gammaproteobacteria;Pseudomonadales;Pseudomonadaceae;Pseudomonas
k141_25986	Bacteria;Aquificota;Aquificia;Aquificales;Aquificaceae;Hydrogenobaculum
k141_29847	Bacteria;Pseudomonadota;Gammaproteobacteria;Pseudomonadales;Pseudomonadaceae;Pseudomonas
k141_55136	Bacteria;Bacteroidota;Bacteroidia;Bacteroidales;Porphyromonadaceae;Porphyromonas;Porphyromonas gingivalis
k141_48084	
k141_22088	Bacteria;Chlorobiota;Chlorobiia;Chlorobiales;Chlorobiaceae;Chlorobium;Chlorobium phaeobacteroides
k141_55137	Archaea;Thermoproteota;Thermoprotei;Desulfurococcales;Desulfurococcaceae;Ignicoccus;Ignicoccus islandicus
k141_22089	Bacteria;Chlorobiota;Chlorobiia;Chlorobiales;Chlorobiaceae;Chlorobaculum;Chlorobaculum tepidum
k141_790	Archaea;Thermoproteota;Thermoprotei;Desulfurococcales;Desulfurococcaceae;Ignicoccus;Ignicoccus islandicus
k141_40866	Archaea;Methanobacteriota;Methanococci;Methanococcales;Methanococcaceae;Methanococcus;Methanococcus maripaludis
k141_25998	Bacteria;Pseudomonadota;Gammaproteobacteria
k141_55138	Bacteria;Spirochaetota;Spirochaetia;Treponematales;Treponemataceae;Treponema;Treponema denticola
k141_22090	Bacteria;Pseudomonadota;Gammaproteobacteria;Pseudomonadales;Pseudomonadaceae;Pseudomonas
k141_51379	Archaea;Methanobacteriota;Halobacteria;Halobacteriales;Halobacteriaceae;Halobacterium
k141_7941	Archaea;Methanobacteriota;Halobacteria;Halobacteriales;Halobacteriaceae;Halobacterium
k141_26001	Bacteria;Chloroflexota;Chloroflexia;Chloroflexales;Chloroflexaceae;Chloroflexus;Chloroflexus aurantiacus
k141_40871	Bacteria;Pseudomonadota
k141_51381	Bacteria;Pseudomonadota;Gammaproteobacteria;Pseudomonadales;Pseudomonadaceae;Pseudomonas
k141_48097	Bacteria;Cyanobacteriota;Cyanophyceae;Nostocales;Nostocaceae
k141_7942	Bacteria;Bacteroidota;Bacteroidia;Bacteroidales;Bacteroidaceae;Phocaeicola
k141_40872	Bacteria;Pseudomonadota;Gammaproteobacteria;Pseudomonadales;Pseudomonadaceae;Pseudomonas
k141_55145	Bacteria;Cyanobacteriota;Cyanophyceae;Nostocales;Nostocaceae
k141_26006	Bacteria;Chlorobiota;Chlorobiia;Chlorobiales;Chlorobiaceae;Chlorobium;Chlorobium phaeobacteroides
k141_11531	Bacteria;Pseudomonadota;Gammaproteobacteria;Alteromonadales;Shewanellaceae;Shewanella
k141_22096	Bacteria;Cyanobacteriota;Cyanophyceae;Nostocales;Nostocaceae
k141_48101	Bacteria;Chloroflexota;Chloroflexia;Chloroflexales;Chloroflexaceae;Chloroflexus;Chloroflexus aurantiacus
k141_7946	Bacteria;Cyanobacteriota;Cyanophyceae;Nostocales
k141_48103	Bacteria;Pseudomonadota;Gammaproteobacteria;Pseudomonadales;Pseudomonadaceae;Pseudomonas
k141_11534	Bacteria;Thermodesulfobacteriota;Desulfobulbia;Desulfobulbales;Desulfobulbaceae;Desulfobulbus;Desulfobulbus oralis
k141_51390	Bacteria;Pseudomonadota;Gammaproteobacteria;Pseudomonadales;Pseudomonadaceae;Pseudomonas
k141_7947	Bacteria;Planctomycetota;Planctomycetia;Pirellulales;Pirellulaceae;Rhodopirellula;Rhodopirellula baltica
k141_40880	Bacteria;Campylobacterota;Epsilonproteobacteria;Campylobacterales;Helicobacteraceae;Wolinella;Wolinella succinogenes
k141_55151	Bacteria;Pseudomonadota;Gammaproteobacteria;Alteromonadales;Shewanellaceae;Shewanella
k141_48107	Bacteria;Planctomycetota;Planctomycetia;Pirellulales;Pirellulaceae;Rhodopirellula;Rhodopirellula baltica
k141_51392	Bacteria;Pseudomonadota;Gammaproteobacteria;Pseudomonadales;Pseudomonadaceae;Pseudomonas
k141_29852	Bacteria;Pseudomonadota;Gammaproteobacteria;Alteromonadales;Shewanellaceae;Shewanella
k141_22098	Bacteria;Pseudomonadota;Gammaproteobacteria;Alteromonadales;Shewanellaceae;Shewanella
k141_55154	Bacteria;Pseudomonadota;Gammaproteobacteria;Alteromonadales;Shewanellaceae;Shewanella
k141_22099	Bacteria;Bacteroidota;Bacteroidia;Bacteroidales
k141_793	
k141_26008	Bacteria;Bacillota;Clostridia;Thermoanaerobacterales;Thermoanaerobacteraceae;Thermoanaerobacter
k141_51397	Archaea;Thermoproteota;Thermoprotei;Thermoproteales;Thermoproteaceae;Pyrobaculum;Pyrobaculum calidifontis
k141_55155	Bacteria;Pseudomonadota;Gammaproteobacteria;Pseudomonadales;Pseudomonadaceae;Pseudomonas
k141_7956	Bacteria;Cyanobacteriota;Cyanophyceae;Nostocales;Nostocaceae
k141_40891	Bacteria;Pseudomonadota;Gammaproteobacteria;Pseudomonadales;Pseudomonadaceae;Pseudomonas
k141_48114	Bacteria;Pseudomonadota;Gammaproteobacteria;Alteromonadales;Shewanellaceae;Shewanella;Shewanella baltica
k141_11548	Bacteria;Pseudomonadota;Gammaproteobacteria;Pseudomonadales;Pseudomonadaceae;Pseudomonas
k141_7957	Bacteria;Pseudomonadota;Gammaproteobacteria;Pseudomonadales;Pseudomonadaceae;Pseudomonas
k141_795	Bacteria;Chlorobiota;Chlorobiia;Chlorobiales;Chlorobiaceae;Chlorobaculum;Chlorobaculum tepidum
k141_29853	
k141_48116	Bacteria;Pseudomonadota;Gammaproteobacteria;Pseudomonadales;Pseudomonadaceae;Pseudomonas
k141_11550	Bacteria;Cyanobacteriota;Cyanophyceae;Nostocales;Nostocaceae
k141_44250	Bacteria;Chlorobiota;Chlorobiia;Chlorobiales;Chlorobiaceae;Chlorobium;Chlorobium limicola
k141_26010	Bacteria;Chloroflexota;Chloroflexia;Chloroflexales;Chloroflexaceae;Chloroflexus;Chloroflexus aurantiacus
k141_22110	Archaea;Methanobacteriota;Methanococci;Methanococcales;Methanococcaceae;Methanococcus;Methanococcus maripaludis
k141_48119	Archaea;Methanobacteriota;Archaeoglobi;Archaeoglobales;Archaeoglobaceae;Archaeoglobus;Archaeoglobus fulgidus
k141_7962	Archaea;Thermoproteota;Thermoprotei;Desulfurococcales;Desulfurococcaceae;Ignicoccus;Ignicoccus islandicus
k141_55164	Bacteria;Cyanobacteriota;Cyanophyceae;Nostocales;Nostocaceae
k141_15153	
k141_15154	Archaea;Methanobacteriota;Methanococci;Methanococcales;Methanococcaceae;Methanococcus;Methanococcus maripaludis
k141_29857	Bacteria;Pseudomonadota;Gammaproteobacteria;Pseudomonadales;Pseudomonadaceae;Pseudomonas
k141_51412	Bacteria;Pseudomonadota;Gammaproteobacteria;Alteromonadales;Shewanellaceae;Shewanella
k141_15155	Bacteria;Pseudomonadota;Gammaproteobacteria;Pseudomonadales;Pseudomonadaceae;Pseudomonas
k141_4178	
k141_796	Bacteria;Bacteroidota;Bacteroidia;Bacteroidales;Porphyromonadaceae;Porphyromonas;Porphyromonas gingivalis
k141_29861	Bacteria;Pseudomonadota;Gammaproteobacteria;Pseudomonadales;Pseudomonadaceae;Pseudomonas
k141_48128	Bacteria;Chlorobiota;Chlorobiia;Chlorobiales;Chlorobiaceae;Chlorobaculum;Chlorobaculum tepidum
k141_15156	Bacteria;Pseudomonadota;Gammaproteobacteria;Alteromonadales;Shewanellaceae;Shewanella
k141_44254	Archaea;Thermoproteota;Thermoprotei;Desulfurococcales;Desulfurococcaceae;Ignicoccus;Ignicoccus hospitalis
k141_51413	Archaea;Methanobacteriota;Methanobacteria;Methanobacteriales;Methanothermaceae;Methanothermus;Methanothermus sociabilis
k141_15159	Archaea;Methanobacteriota;Methanococci;Methanococcales;Methanococcaceae;Methanococcus;Methanococcus maripaludis
k141_48133	Bacteria;Pseudomonadota;Gammaproteobacteria;Pseudomonadales;Pseudomonadaceae;Pseudomonas
k141_802	Bacteria;Chloroflexota;Chloroflexia;Chloroflexales;Chloroflexaceae;Chloroflexus;Chloroflexus aurantiacus
k141_29868	Bacteria;Chlorobiota;Chlorobiia;Chlorobiales;Chlorobiaceae;Chlorobium;Chlorobium phaeobacteroides
k141_48134	Bacteria;Cyanobacteriota;Cyanophyceae;Nostocales;Nostocaceae
k141_26031	Bacteria;Pseudomonadota;Gammaproteobacteria;Alteromonadales;Shewanellaceae;Shewanella
k141_15160	Bacteria;Pseudomonadota;Gammaproteobacteria;Pseudomonadales;Pseudomonadaceae;Pseudomonas
k141_55183	Bacteria;Pseudomonadota;Gammaproteobacteria;Pseudomonadales;Pseudomonadaceae;Pseudomonas
k141_11571	Bacteria;Chlorobiota;Chlorobiia;Chlorobiales;Chlorobiaceae;Chlorobaculum;Chlorobaculum tepidum
k141_44259	Bacteria;Planctomycetota;Planctomycetia;Pirellulales;Pirellulaceae;Rhodopirellula;Rhodopirellula baltica
k141_7964	Bacteria;Planctomycetota;Planctomycetia;Pirellulales;Pirellulaceae;Rhodopirellula;Rhodopirellula baltica
k141_4179	Bacteria;Pseudomonadota;Gammaproteobacteria;Alteromonadales;Shewanellaceae;Shewanella
k141_29873	Archaea;Thermoproteota;Thermoprotei;Desulfurococcales;Desulfurococcaceae;Ignicoccus;Ignicoccus islandicus
k141_807	Bacteria;Aquificota;Aquificia;Aquificales;Aquificaceae;Hydrogenobaculum
k141_51415	Archaea;Methanobacteriota;Methanococci;Methanococcales;Methanococcaceae;Methanococcus
k141_48141	Bacteria;Aquificota;Aquificia;Aquificales;Aquificaceae;Hydrogenobaculum;Hydrogenobaculum sp. Y04AAS1
k141_15170	Bacteria;Chlorobiota;Chlorobiia;Chlorobiales;Chlorobiaceae;Chlorobaculum
k141_51416	Bacteria;Pseudomonadota;Gammaproteobacteria;Pseudomonadales;Pseudomonadaceae;Pseudomonas
k141_33459	Bacteria;Thermotogota;Thermotogae;Thermotogales;Thermotogaceae;Thermotoga
k141_15171	
k141_51417	
k141_26033	Bacteria;Pseudomonadota;Gammaproteobacteria;Alteromonadales;Shewanellaceae;Shewanella
k141_44263	Bacteria;Pseudomonadota;Gammaproteobacteria;Alteromonadales;Shewanellaceae;Shewanella
k141_51418	Bacteria;Pseudomonadota;Gammaproteobacteria;Pseudomonadales;Pseudomonadaceae
k141_813	Bacteria;Chlorobiota;Chlorobiia;Chlorobiales;Chlorobiaceae;Chlorobaculum;Chlorobaculum tepidum
k141_15176	Archaea;Thermoproteota;Thermoprotei;Thermoproteales;Thermoproteaceae;Pyrobaculum;Pyrobaculum calidifontis
k141_48154	Bacteria;Aquificota;Aquificia;Aquificales;Aquificaceae;Hydrogenobaculum
k141_4187	Bacteria;Thermodesulfobacteriota;Desulfobulbia;Desulfobulbales;Desulfobulbaceae;Desulfobulbus;Desulfobulbus oralis
k141_51419	Bacteria;Pseudomonadota;Gammaproteobacteria;Alteromonadales;Shewanellaceae;Shewanella
k141_7985	Archaea;Thermoproteota;Thermoprotei;Desulfurococcales;Desulfurococcaceae;Ignicoccus;Ignicoccus hospitalis
k141_817	Archaea;Methanobacteriota;Methanococci;Methanococcales;Methanococcaceae;Methanococcus;Methanococcus maripaludis
k141_15179	Bacteria;Cyanobacteriota;Cyanophyceae;Nostocales;Nostocaceae
k141_48156	Bacteria;Chlorobiota;Chlorobiia;Chlorobiales;Chlorobiaceae;Chlorobium;Chlorobium phaeobacteroides
k141_15183	Bacteria;Pseudomonadota;Gammaproteobacteria;Pseudomonadales;Pseudomonadaceae;Pseudomonas
k141_4194	Archaea;Methanobacteriota;Methanococci;Methanococcales;Methanococcaceae;Methanococcus;Methanococcus maripaludis
k141_48163	Archaea;Thermoproteota;Thermoprotei;Desulfurococcales;Desulfurococcaceae;Ignicoccus;Ignicoccus islandicus
k141_827	Bacteria;Pseudomonadota;Gammaproteobacteria;Alteromonadales;Shewanellaceae;Shewanella;Shewanella baltica
k141_40894	Bacteria;Pseudomonadota;Betaproteobacteria;Nitrosomonadales;Nitrosomonadaceae;Nitrosomonas
k141_4197	Bacteria;Chlorobiota;Chlorobiia;Chlorobiales;Chlorobiaceae;Chlorobium;Chlorobium phaeobacteroides
k141_51432	Archaea;Thermoproteota;Thermoprotei;Desulfurococcales;Desulfurococcaceae;Ignicoccus;Ignicoccus islandicus
k141_48171	Bacteria;Pseudomonadota;Gammaproteobacteria;Pseudomonadales;Pseudomonadaceae;Pseudomonas
k141_40901	Bacteria;Pseudomonadota;Gammaproteobacteria;Pseudomonadales;Pseudomonadaceae;Pseudomonas
k141_48172	Bacteria;Pseudomonadota;Gammaproteobacteria;Pseudomonadales;Pseudomonadaceae;Pseudomonas
k141_837	Bacteria;Chlorobiota;Chlorobiia;Chlorobiales;Chlorobiaceae;Chlorobium;Chlorobium phaeobacteroides
k141_4201	Bacteria;Bacillota
k141_11585	
k141_55187	Bacteria;Fusobacteriota;Fusobacteriia;Fusobacteriales;Fusobacteriaceae;Fusobacterium
k141_4202	Bacteria;Thermotogota;Thermotogae;Thermotogales;Thermotogaceae;Thermotoga
k141_40907	Bacteria;Pseudomonadota;Gammaproteobacteria;Pseudomonadales;Pseudomonadaceae;Pseudomonas
k141_48177	Bacteria;Chlorobiota;Chlorobiia;Chlorobiales;Chlorobiaceae;Chlorobium;Chlorobium phaeobacteroides
k141_4205	Bacteria;Chlorobiota;Chlorobiia;Chlorobiales;Chlorobiaceae;Chlorobaculum;Chlorobaculum tepidum
k141_33461	Bacteria;Pseudomonadota;Betaproteobacteria;Nitrosomonadales;Nitrosomonadaceae;Nitrosomonas
k141_48178	Bacteria;Chlorobiota;Chlorobiia;Chlorobiales;Chlorobiaceae;Chlorobium;Chlorobium phaeobacteroides
k141_7990	Bacteria;Planctomycetota;Planctomycetia;Pirellulales;Pirellulaceae;Rhodopirellula;Rhodopirellula baltica
k141_44268	Archaea;Methanobacteriota;Halobacteria;Halobacteriales;Halobacteriaceae;Halobacterium
k141_51446	Bacteria;Chlorobiota;Chlorobiia;Chlorobiales;Chlorobiaceae;Chlorobaculum;Chlorobaculum tepidum
k141_11590	Archaea;Thermoproteota;Thermoprotei;Thermoproteales;Thermoproteaceae;Pyrobaculum;Pyrobaculum calidifontis
k141_40909	Bacteria;Pseudomonadota;Gammaproteobacteria;Alteromonadales;Shewanellaceae;Shewanella
k141_33463	Bacteria;Pseudomonadota;Betaproteobacteria;Nitrosomonadales;Nitrosomonadaceae;Nitrosomonas
k141_51449	
k141_40912	Bacteria;Fusobacteriota;Fusobacteriia;Fusobacteriales;Fusobacteriaceae;Fusobacterium
k141_15188	
k141_44277	Bacteria;Chloroflexota;Chloroflexia;Chloroflexales;Chloroflexaceae;Chloroflexus;Chloroflexus aurantiacus
k141_48179	Bacteria;Pseudomonadota;Gammaproteobacteria;Alteromonadales;Shewanellaceae;Shewanella
k141_26045	Bacteria;Thermodesulfobacteriota;Desulfobulbia;Desulfobulbales;Desulfobulbaceae;Desulfobulbus;Desulfobulbus oralis
k141_8000	Archaea;Methanobacteriota;Halobacteria;Halobacteriales;Halobacteriaceae;Halobacterium
k141_850	Bacteria;Bacteroidota;Bacteroidia;Bacteroidales;Porphyromonadaceae;Porphyromonas;Porphyromonas gingivalis
k141_11594	Bacteria;Pseudomonadota;Gammaproteobacteria;Alteromonadales;Shewanellaceae;Shewanella
k141_8001	Bacteria;Verrucomicrobiota;Verrucomicrobiia;Verrucomicrobiales;Akkermansiaceae;Akkermansia;Akkermansia muciniphila
k141_51452	Archaea;Methanobacteriota;Methanococci;Methanococcales;Methanococcaceae;Methanococcus;Methanococcus maripaludis
k141_851	Archaea;Methanobacteriota;Methanococci;Methanococcales;Methanococcaceae;Methanococcus;Methanococcus maripaludis
k141_29874	Bacteria;Pseudomonadota;Betaproteobacteria;Nitrosomonadales;Nitrosomonadaceae;Nitrosomonas
k141_51454	Bacteria;Pseudomonadota;Gammaproteobacteria;Alteromonadales;Shewanellaceae;Shewanella
k141_40919	Bacteria;Fusobacteriota;Fusobacteriia;Fusobacteriales;Fusobacteriaceae;Fusobacterium
k141_33465	Archaea;Thermoproteota;Thermoprotei;Desulfurococcales;Desulfurococcaceae;Ignicoccus;Ignicoccus hospitalis
k141_48184	Bacteria;Pseudomonadota;Gammaproteobacteria;Alteromonadales;Shewanellaceae;Shewanella
k141_8007	Bacteria;Pseudomonadota;Gammaproteobacteria;Alteromonadales;Shewanellaceae;Shewanella;Shewanella baltica
k141_48188	Bacteria
k141_40924	Bacteria;Pseudomonadota;Gammaproteobacteria;Pseudomonadales;Pseudomonadaceae;Pseudomonas
k141_44279	Bacteria;Planctomycetota;Planctomycetia;Pirellulales;Pirellulaceae;Rhodopirellula;Rhodopirellula baltica
k141_858	Bacteria;Aquificota;Aquificia;Aquificales;Aquificaceae;Hydrogenobaculum;Hydrogenobaculum sp. Y04AAS1
k141_8013	Bacteria;Pseudomonadota;Gammaproteobacteria;Pseudomonadales;Pseudomonadaceae;Pseudomonas
k141_44280	Archaea;Thermoproteota;Thermoprotei;Desulfurococcales;Desulfurococcaceae;Ignicoccus;Ignicoccus islandicus
k141_48192	Bacteria;Pseudomonadota;Gammaproteobacteria;Pseudomonadales;Pseudomonadaceae;Pseudomonas
k141_33466	Bacteria;Planctomycetota;Planctomycetia;Pirellulales;Pirellulaceae;Rhodopirellula;Rhodopirellula baltica
k141_40932	Bacteria;Aquificota;Aquificia;Aquificales;Hydrogenothermaceae;Sulfurihydrogenibium;Sulfurihydrogenibium sp. YO3AOP1
k141_44283	Bacteria;Pseudomonadota;Gammaproteobacteria;Alteromonadales;Shewanellaceae;Shewanella
k141_51455	Bacteria;Pseudomonadota;Gammaproteobacteria;Alteromonadales;Shewanellaceae;Shewanella
k141_29894	
k141_33468	Bacteria;Pseudomonadota;Betaproteobacteria;Nitrosomonadales;Nitrosomonadaceae;Nitrosomonas
k141_15191	Archaea;Methanobacteriota;Methanococci;Methanococcales;Methanocaldococcaceae;Methanocaldococcus;Methanocaldococcus jannaschii
k141_48197	Bacteria;Pseudomonadota;Gammaproteobacteria;Pseudomonadales;Pseudomonadaceae;Pseudomonas
k141_40934	Bacteria;Chlorobiota;Chlorobiia;Chlorobiales;Chlorobiaceae;Chlorobium;Chlorobium phaeobacteroides
k141_44284	Bacteria;Cyanobacteriota;Cyanophyceae;Nostocales;Nostocaceae
k141_33469	Bacteria;Chlorobiota;Chlorobiia;Chlorobiales;Chlorobiaceae;Chlorobaculum;Chlorobaculum tepidum
k141_4206	Bacteria;Bacillota
k141_8022	Bacteria;Chlorobiota;Chlorobiia;Chlorobiales;Chlorobiaceae;Chlorobium;Chlorobium phaeobacteroides
k141_22112	Bacteria;Pseudomonadota;Betaproteobacteria;Nitrosomonadales;Nitrosomonadaceae;Nitrosomonas
k141_40935	Bacteria
k141_44285	Bacteria;Planctomycetota;Planctomycetia;Pirellulales;Pirellulaceae;Rhodopirellula;Rhodopirellula baltica
k141_55189	
k141_40937	Bacteria;Fusobacteriota;Fusobacteriia;Fusobacteriales;Fusobacteriaceae;Fusobacterium
k141_18728	Bacteria;Aquificota;Aquificia;Aquificales;Hydrogenothermaceae;Persephonella;Persephonella marina
k141_48209	
k141_15199	Bacteria;Pseudomonadota;Gammaproteobacteria;Pseudomonadales;Pseudomonadaceae
k141_44287	
k141_55190	Bacteria;Pseudomonadota;Gammaproteobacteria;Pseudomonadales;Pseudomonadaceae
k141_22113	Bacteria;Aquificota;Aquificia;Aquificales;Aquificaceae;Hydrogenobaculum;Hydrogenobaculum sp. Y04AAS1
k141_51464	Bacteria;Pseudomonadota;Gammaproteobacteria;Pseudomonadales;Pseudomonadaceae;Pseudomonas
k141_18729	Bacteria;Pseudomonadota;Gammaproteobacteria;Pseudomonadales;Pseudomonadaceae;Pseudomonas
k141_40940	Bacteria;Pseudomonadota;Gammaproteobacteria;Pseudomonadales;Pseudomonadaceae;Pseudomonas
k141_48217	Bacteria;Chlorobiota;Chlorobiia;Chlorobiales;Chlorobiaceae;Chlorobaculum;Chlorobaculum tepidum
k141_8032	Bacteria;Pseudomonadota;Gammaproteobacteria;Alteromonadales;Shewanellaceae;Shewanella
k141_48218	Bacteria;Pseudomonadota;Gammaproteobacteria;Pseudomonadales;Pseudomonadaceae;Pseudomonas
k141_15208	Bacteria;Pseudomonadota;Gammaproteobacteria;Pseudomonadales;Pseudomonadaceae;Pseudomonas
k141_11603	Bacteria;Bacillota;Clostridia;Thermoanaerobacterales;Thermoanaerobacteraceae;Thermoanaerobacter
k141_40947	Bacteria;Fusobacteriota;Fusobacteriia;Fusobacteriales;Fusobacteriaceae;Fusobacterium
k141_44298	Bacteria;Pseudomonadota;Gammaproteobacteria;Pseudomonadales;Pseudomonadaceae;Pseudomonas
k141_48226	Bacteria;Planctomycetota;Planctomycetia;Pirellulales;Pirellulaceae;Rhodopirellula
k141_22124	Archaea;Methanobacteriota;Methanococci;Methanococcales;Methanococcaceae;Methanococcus;Methanococcus maripaludis
k141_44300	Bacteria;Planctomycetota;Planctomycetia;Pirellulales;Pirellulaceae;Rhodopirellula;Rhodopirellula baltica
k141_11604	Bacteria;Chlorobiota;Chlorobiia;Chlorobiales;Chlorobiaceae;Chlorobium;Chlorobium phaeobacteroides
k141_55194	Bacteria;Pseudomonadota;Gammaproteobacteria;Alteromonadales;Shewanellaceae;Shewanella
k141_11605	Bacteria;Pseudomonadota
k141_48233	
k141_22129	Bacteria;Pseudomonadota;Gammaproteobacteria;Pseudomonadales;Pseudomonadaceae;Pseudomonas
k141_868	Bacteria;Planctomycetota;Planctomycetia;Pirellulales;Pirellulaceae;Rhodopirellula;Rhodopirellula baltica
k141_55199	Bacteria;Cyanobacteriota;Cyanophyceae;Nostocales;Nostocaceae
k141_40961	Bacteria;Chloroflexota;Chloroflexia;Chloroflexales;Chloroflexaceae;Chloroflexus;Chloroflexus aurantiacus
k141_11608	Bacteria;Pseudomonadota;Gammaproteobacteria;Pseudomonadales;Pseudomonadaceae;Pseudomonas
k141_51469	Archaea;Methanobacteriota;Halobacteria;Halobacteriales;Halobacteriaceae;Halobacterium
k141_48235	Archaea;Methanobacteriota;Methanococci;Methanococcales;Methanococcaceae;Methanococcus;Methanococcus maripaludis
k141_15213	Archaea;Methanobacteriota;Halobacteria;Halobacteriales;Halobacteriaceae;Halobacterium
k141_8043	Bacteria;Chlorobiota;Chlorobiia;Chlorobiales;Chlorobiaceae;Chlorobium;Chlorobium phaeobacteroides
k141_869	Bacteria;Pseudomonadota;Gammaproteobacteria;Alteromonadales;Shewanellaceae;Shewanella;Shewanella baltica
k141_55203	Archaea;Methanobacteriota;Methanococci;Methanococcales;Methanococcaceae;Methanococcus;Methanococcus maripaludis
k141_872	Bacteria;Chlorobiota;Chlorobiia;Chlorobiales;Chlorobiaceae;Chlorobium;Chlorobium phaeobacteroides
k141_15214	Bacteria;Pseudomonadota;Gammaproteobacteria;Pseudomonadales;Pseudomonadaceae;Pseudomonas
k141_11609	Archaea;Methanobacteriota;Methanococci;Methanococcales;Methanococcaceae;Methanococcus;Methanococcus maripaludis
k141_18736	Bacteria;Planctomycetota;Planctomycetia;Pirellulales;Pirellulaceae;Rhodopirellula;Rhodopirellula baltica
k141_22137	Bacteria;Pseudomonadota;Gammaproteobacteria;Alteromonadales;Shewanellaceae;Shewanella
k141_40969	Bacteria;Pseudomonadota;Gammaproteobacteria;Pseudomonadales;Pseudomonadaceae
k141_8052	Bacteria;Pseudomonadota;Gammaproteobacteria;Pseudomonadales;Pseudomonadaceae;Pseudomonas
k141_26061	Archaea;Methanobacteriota;Halobacteria;Halobacteriales;Halobacteriaceae;Halobacterium
k141_18738	Bacteria;Pseudomonadota;Gammaproteobacteria;Pseudomonadales;Pseudomonadaceae;Pseudomonas
k141_8053	Bacteria;Thermotogota;Thermotogae;Thermotogales;Thermotogaceae;Thermotoga
k141_40972	Bacteria;Pseudomonadota;Gammaproteobacteria;Pseudomonadales;Pseudomonadaceae;Pseudomonas
k141_26067	Bacteria;Pseudomonadota;Gammaproteobacteria;Pseudomonadales;Pseudomonadaceae;Pseudomonas
k141_18744	Bacteria;Pseudomonadota;Gammaproteobacteria;Pseudomonadales;Pseudomonadaceae;Pseudomonas
k141_11611	Bacteria;Pseudomonadota;Gammaproteobacteria;Alteromonadales;Shewanellaceae;Shewanella
k141_22140	Archaea;Methanobacteriota;Methanococci;Methanococcales;Methanococcaceae;Methanococcus;Methanococcus maripaludis
k141_882	Bacteria;Chlorobiota;Chlorobiia;Chlorobiales;Chlorobiaceae;Chlorobaculum;Chlorobaculum tepidum
k141_11612	
k141_40976	Bacteria;Cyanobacteriota;Cyanophyceae;Nostocales;Nostocaceae
k141_8059	Bacteria;Pseudomonadota;Gammaproteobacteria;Alteromonadales;Shewanellaceae;Shewanella
k141_40980	Bacteria;Pseudomonadota;Gammaproteobacteria;Pseudomonadales;Pseudomonadaceae;Pseudomonas
k141_48256	Bacteria;Chlorobiota;Chlorobiia;Chlorobiales;Chlorobiaceae;Chlorobium;Chlorobium phaeobacteroides
k141_22149	Bacteria;Pseudomonadota;Gammaproteobacteria;Pseudomonadales;Pseudomonadaceae;Pseudomonas
k141_892	Bacteria;Cyanobacteriota;Cyanophyceae;Nostocales;Nostocaceae
k141_11615	
k141_8063	Archaea;Methanobacteriota;Methanopyri;Methanopyrales;Methanopyraceae;Methanopyrus;Methanopyrus kandleri
k141_48258	Bacteria;Pseudomonadota;Gammaproteobacteria;Pseudomonadales;Pseudomonadaceae;Pseudomonas
k141_26079	Archaea;Methanobacteriota;Methanococci;Methanococcales;Methanococcaceae;Methanococcus;Methanococcus maripaludis
k141_33473	Bacteria;Pseudomonadota;Betaproteobacteria;Nitrosomonadales;Nitrosomonadaceae;Nitrosomonas
k141_8064	Bacteria;Bacteroidota;Bacteroidia;Bacteroidales
k141_15219	Bacteria;Fusobacteriota;Fusobacteriia;Fusobacteriales;Fusobacteriaceae;Fusobacterium
k141_26081	Bacteria;Cyanobacteriota;Cyanophyceae;Nostocales
k141_11616	Bacteria;Aquificota;Aquificia;Aquificales;Aquificaceae;Hydrogenobaculum;Hydrogenobaculum sp. Y04AAS1
k141_901	Bacteria;Pseudomonadota;Gammaproteobacteria;Alteromonadales;Shewanellaceae;Shewanella
k141_18762	Bacteria;Aquificota;Aquificia;Aquificales;Aquificaceae;Hydrogenobaculum;Hydrogenobaculum sp. Y04AAS1
k141_40995	Bacteria;Chlorobiota;Chlorobiia;Chlorobiales;Chlorobiaceae;Chlorobium;Chlorobium phaeobacteroides
k141_33477	Bacteria;Planctomycetota;Planctomycetia;Pirellulales;Pirellulaceae;Rhodopirellula;Rhodopirellula baltica
k141_8069	Bacteria;Chlorobiota;Chlorobiia;Chlorobiales;Chlorobiaceae;Chlorobium;Chlorobium phaeobacteroides
k141_18763	Bacteria;Planctomycetota;Planctomycetia;Pirellulales;Pirellulaceae;Rhodopirellula;Rhodopirellula baltica
k141_903	Bacteria;Chlorobiota;Chlorobiia;Chlorobiales;Chlorobiaceae;Chlorobium;Chlorobium phaeobacteroides
k141_33479	Bacteria;Pseudomonadota;Gammaproteobacteria;Pseudomonadales;Pseudomonadaceae;Pseudomonas
k141_18767	Archaea;Thermoproteota;Thermoprotei;Desulfurococcales;Desulfurococcaceae;Ignicoccus;Ignicoccus hospitalis
k141_41002	Bacteria;Cyanobacteriota;Cyanophyceae;Nostocales;Nostocaceae
k141_11627	Archaea;Thermoproteota;Thermoprotei;Desulfurococcales;Desulfurococcaceae;Ignicoccus;Ignicoccus hospitalis
k141_8074	Archaea;Thermoproteota;Thermoprotei;Desulfurococcales;Desulfurococcaceae;Ignicoccus;Ignicoccus hospitalis
k141_904	
k141_11628	Bacteria;Thermodesulfobacteriota;Desulfovibrionia;Desulfovibrionales;Desulfovibrionaceae;Desulfovibrio
k141_36959	Bacteria;Gemmatimonadota;Gemmatimonadia;Gemmatimonadales;Gemmatimonadaceae;Gemmatimonas;Gemmatimonas aurantiaca
k141_33482	Bacteria;Pseudomonadota;Gammaproteobacteria;Alteromonadales;Shewanellaceae;Shewanella
k141_18768	Archaea;Thermoproteota;Thermoprotei;Desulfurococcales;Desulfurococcaceae;Ignicoccus;Ignicoccus islandicus
k141_22157	Bacteria;Pseudomonadota;Gammaproteobacteria;Alteromonadales;Shewanellaceae;Shewanella
k141_11629	Bacteria;Campylobacterota;Epsilonproteobacteria;Campylobacterales;Helicobacteraceae;Wolinella;Wolinella succinogenes
k141_41007	Bacteria;Pseudomonadota;Gammaproteobacteria;Pseudomonadales;Pseudomonadaceae;Pseudomonas
k141_33485	Bacteria;Chlorobiota;Chlorobiia;Chlorobiales;Chlorobiaceae;Chlorobaculum;Chlorobaculum tepidum
k141_22159	
k141_8076	Archaea;Thermoproteota;Thermoprotei;Desulfurococcales;Desulfurococcaceae;Ignicoccus;Ignicoccus hospitalis
k141_908	Bacteria;Pseudomonadota;Gammaproteobacteria;Pseudomonadales;Pseudomonadaceae;Pseudomonas
k141_18771	Bacteria;Chloroflexota;Chloroflexia;Chloroflexales;Chloroflexaceae;Chloroflexus;Chloroflexus aurantiacus
k141_26089	Bacteria;Pseudomonadota;Gammaproteobacteria;Alteromonadales;Shewanellaceae;Shewanella
k141_41009	Bacteria;Aquificota;Aquificia;Aquificales;Aquificaceae;Hydrogenobaculum
k141_33486	Bacteria;Pseudomonadota;Betaproteobacteria;Nitrosomonadales;Nitrosomonadaceae;Nitrosomonas;Nitrosomonas europaea
k141_44305	Bacteria;Thermotogota;Thermotogae;Thermotogales;Thermotogaceae;Thermotoga
k141_36967	Bacteria;Pseudomonadota;Gammaproteobacteria;Alteromonadales;Shewanellaceae;Shewanella
k141_11631	Bacteria;Pseudomonadota;Gammaproteobacteria;Alteromonadales;Shewanellaceae;Shewanella
k141_33488	Bacteria;Pseudomonadota;Gammaproteobacteria;Pseudomonadales;Pseudomonadaceae;Pseudomonas
k141_912	Bacteria;Planctomycetota;Planctomycetia;Pirellulales;Pirellulaceae;Rhodopirellula;Rhodopirellula baltica
k141_18774	Bacteria;Chlorobiota;Chlorobiia;Chlorobiales;Chlorobiaceae;Chlorobaculum;Chlorobaculum tepidum
k141_41011	Bacteria;Pseudomonadota;Gammaproteobacteria;Pseudomonadales;Pseudomonadaceae;Pseudomonas
k141_36969	Bacteria
k141_55216	Bacteria;Planctomycetota;Planctomycetia;Pirellulales;Pirellulaceae;Rhodopirellula;Rhodopirellula baltica
k141_44308	Archaea;Thermoproteota;Thermoprotei;Desulfurococcales;Desulfurococcaceae;Ignicoccus;Ignicoccus islandicus
k141_48281	Bacteria;Planctomycetota;Planctomycetia;Pirellulales;Pirellulaceae;Rhodopirellula;Rhodopirellula baltica
k141_15222	Bacteria;Bacteroidota;Bacteroidia;Bacteroidales;Porphyromonadaceae;Porphyromonas;Porphyromonas gingivalis
k141_55219	Bacteria;Pseudomonadota;Gammaproteobacteria;Pseudomonadales;Pseudomonadaceae;Pseudomonas
k141_18777	Archaea;Thermoproteota;Thermoprotei;Desulfurococcales;Desulfurococcaceae;Ignicoccus;Ignicoccus islandicus
k141_29905	Bacteria;Bacillota;Clostridia;Thermoanaerobacterales;Thermoanaerobacteraceae;Thermoanaerobacter
k141_26092	Bacteria;Fusobacteriota;Fusobacteriia;Fusobacteriales;Fusobacteriaceae;Fusobacterium
k141_22172	Bacteria;Pseudomonadota;Gammaproteobacteria;Alteromonadales;Shewanellaceae;Shewanella
k141_8086	Bacteria;Aquificota;Aquificia;Aquificales;Aquificaceae;Hydrogenobaculum
k141_41017	Bacteria;Pseudomonadota;Gammaproteobacteria;Pseudomonadales;Pseudomonadaceae;Pseudomonas
k141_36973	Bacteria;Pseudomonadota;Gammaproteobacteria;Pseudomonadales;Pseudomonadaceae;Pseudomonas
k141_26097	Bacteria;Aquificota;Aquificia;Aquificales;Aquificaceae;Hydrogenobaculum;Hydrogenobaculum sp. Y04AAS1
k141_8089	Archaea;Methanobacteriota;Archaeoglobi;Archaeoglobales;Archaeoglobaceae;Archaeoglobus;Archaeoglobus fulgidus
k141_48285	Archaea;Thermoproteota;Thermoprotei;Desulfurococcales;Desulfurococcaceae;Ignicoccus;Ignicoccus hospitalis
k141_44317	Archaea;Thermoproteota;Thermoprotei;Desulfurococcales;Desulfurococcaceae;Ignicoccus;Ignicoccus islandicus
k141_18783	Archaea;Methanobacteriota;Methanococci;Methanococcales;Methanococcaceae;Methanococcus;Methanococcus maripaludis
k141_8091	Bacteria;Pseudomonadota;Gammaproteobacteria;Pseudomonadales;Pseudomonadaceae;Pseudomonas
k141_36978	Bacteria;Chlorobiota;Chlorobiia;Chlorobiales;Chlorobiaceae;Chlorobaculum;Chlorobaculum tepidum
k141_917	Bacteria;Chlorobiota;Chlorobiia;Chlorobiales;Chlorobiaceae;Chlorobium;Chlorobium limicola
k141_15232	Bacteria;Planctomycetota;Planctomycetia;Pirellulales;Pirellulaceae;Rhodopirellula;Rhodopirellula baltica
k141_36981	Bacteria;Pseudomonadota;Gammaproteobacteria;Pseudomonadales;Pseudomonadaceae;Pseudomonas
k141_44320	Bacteria;Chlorobiota;Chlorobiia;Chlorobiales;Chlorobiaceae;Chlorobaculum;Chlorobaculum tepidum
k141_918	
k141_4213	
k141_55238	Bacteria;Chlorobiota;Chlorobiia;Chlorobiales;Chlorobiaceae;Chlorobaculum;Chlorobaculum tepidum
k141_26104	Bacteria;Pseudomonadota;Gammaproteobacteria;Pseudomonadales;Pseudomonadaceae;Pseudomonas
k141_51470	Bacteria;Pseudomonadota;Betaproteobacteria;Nitrosomonadales;Nitrosomonadaceae;Nitrosomonas
k141_48295	Bacteria;Verrucomicrobiota;Verrucomicrobiia;Verrucomicrobiales;Akkermansiaceae;Akkermansia;Akkermansia muciniphila
k141_18786	Bacteria;Chlorobiota;Chlorobiia;Chlorobiales;Chlorobiaceae;Chlorobium;Chlorobium limicola
k141_55239	Bacteria;Pseudomonadota;Gammaproteobacteria;Pseudomonadales;Pseudomonadaceae
k141_11634	Archaea;Methanobacteriota;Methanobacteria;Methanobacteriales;Methanothermaceae;Methanothermus;Methanothermus sociabilis
k141_8101	Bacteria;Chlorobiota;Chlorobiia;Chlorobiales;Chlorobiaceae;Chlorobium;Chlorobium limicola
k141_44327	Bacteria;Aquificota;Aquificia;Aquificales;Aquificaceae;Hydrogenobaculum
k141_926	Bacteria;Chlorobiota;Chlorobiia;Chlorobiales;Chlorobiaceae;Chlorobium;Chlorobium phaeobacteroides
k141_15246	Bacteria;Pseudomonadota;Gammaproteobacteria;Pseudomonadales;Pseudomonadaceae;Pseudomonas
k141_4215	Bacteria;Pseudomonadota;Gammaproteobacteria;Alteromonadales;Shewanellaceae;Shewanella
k141_55240	Bacteria;Pseudomonadota;Gammaproteobacteria;Alteromonadales;Shewanellaceae;Shewanella;Shewanella baltica
k141_8105	Bacteria;Pseudomonadota;Gammaproteobacteria;Alteromonadales;Shewanellaceae;Shewanella
k141_929	
k141_36998	Bacteria;Pseudomonadota;Gammaproteobacteria;Pseudomonadales;Pseudomonadaceae;Pseudomonas
k141_18792	Archaea;Methanobacteriota;Methanococci;Methanococcales;Methanococcaceae;Methanococcus;Methanococcus maripaludis
k141_29906	Bacteria;Thermodesulfobacteriota;Desulfobulbia;Desulfobulbales;Desulfobulbaceae;Desulfobulbus;Desulfobulbus oralis
k141_48299	Bacteria;Planctomycetota;Planctomycetia;Pirellulales;Pirellulaceae;Rhodopirellula;Rhodopirellula baltica
k141_44332	Bacteria;Fusobacteriota;Fusobacteriia;Fusobacteriales;Fusobacteriaceae;Fusobacterium
k141_48300	Bacteria;Pseudomonadota;Gammaproteobacteria;Pseudomonadales;Pseudomonadaceae;Pseudomonas
k141_18793	Bacteria;Chloroflexota;Chloroflexia;Chloroflexales;Chloroflexaceae;Chloroflexus;Chloroflexus aurantiacus
k141_33495	Bacteria;Aquificota;Aquificia;Aquificales;Hydrogenothermaceae;Persephonella;Persephonella marina
k141_26111	Archaea;Thermoproteota;Thermoprotei;Desulfurococcales;Desulfurococcaceae;Ignicoccus;Ignicoccus hospitalis
k141_8111	Archaea;Thermoproteota;Thermoprotei;Desulfurococcales;Desulfurococcaceae;Ignicoccus;Ignicoccus islandicus
k141_44334	Bacteria;Bacillota
k141_51487	Bacteria;Pseudomonadota;Gammaproteobacteria;Alteromonadales;Shewanellaceae;Shewanella
k141_55251	Bacteria;Pseudomonadota;Gammaproteobacteria;Alteromonadales;Shewanellaceae;Shewanella;Shewanella baltica
k141_26112	Bacteria;Pseudomonadota;Gammaproteobacteria;Pseudomonadales;Pseudomonadaceae;Pseudomonas
k141_48303	Bacteria;Chlorobiota;Chlorobiia;Chlorobiales;Chlorobiaceae;Chlorobaculum
k141_26113	Bacteria;Pseudomonadota;Gammaproteobacteria;Pseudomonadales;Pseudomonadaceae;Pseudomonas
k141_935	Bacteria;Planctomycetota;Planctomycetia;Pirellulales;Pirellulaceae;Rhodopirellula;Rhodopirellula baltica
k141_44336	
k141_29907	Bacteria;Pseudomonadota;Betaproteobacteria;Nitrosomonadales;Nitrosomonadaceae;Nitrosomonas;Nitrosomonas europaea
k141_51491	Bacteria;Pseudomonadota;Gammaproteobacteria;Pseudomonadales;Pseudomonadaceae;Pseudomonas
k141_33502	Bacteria;Pseudomonadota;Gammaproteobacteria;Alteromonadales;Shewanellaceae;Shewanella
k141_29908	Archaea;Methanobacteriota;Archaeoglobi;Archaeoglobales;Archaeoglobaceae;Archaeoglobus;Archaeoglobus fulgidus
k141_8124	Bacteria;Chlorobiota;Chlorobiia;Chlorobiales;Chlorobiaceae;Chlorobaculum;Chlorobaculum tepidum
k141_18803	Bacteria;Pseudomonadota;Gammaproteobacteria;Pseudomonadales;Pseudomonadaceae;Pseudomonas
k141_44343	Bacteria;Pseudomonadota;Gammaproteobacteria;Pseudomonadales;Pseudomonadaceae;Pseudomonas
k141_51492	Bacteria;Chlorobiota;Chlorobiia;Chlorobiales;Chlorobiaceae;Chlorobium;Chlorobium phaeobacteroides
k141_29909	Bacteria;Pseudomonadota;Gammaproteobacteria;Pseudomonadales;Pseudomonadaceae;Pseudomonas
k141_51493	Bacteria;Aquificota;Aquificia;Aquificales;Hydrogenothermaceae;Sulfurihydrogenibium;Sulfurihydrogenibium sp. YO3AOP1
k141_48304	Bacteria;Bacteroidota;Bacteroidia;Bacteroidales;Porphyromonadaceae;Porphyromonas;Porphyromonas gingivalis
k141_11640	Bacteria;Bacteroidota;Bacteroidia;Bacteroidales;Porphyromonadaceae;Porphyromonas;Porphyromonas gingivalis
k141_8130	Bacteria;Pseudomonadota;Gammaproteobacteria;Pseudomonadales;Pseudomonadaceae;Pseudomonas
k141_48307	Bacteria;Chlorobiota;Chlorobiia;Chlorobiales;Chlorobiaceae;Chlorobium;Chlorobium phaeobacteroides
k141_8131	Bacteria;Spirochaetota;Spirochaetia;Treponematales;Treponemataceae;Treponema
k141_15275	Bacteria;Pseudomonadota;Gammaproteobacteria;Alteromonadales;Shewanellaceae;Shewanella
k141_11645	Bacteria;Verrucomicrobiota;Verrucomicrobiia;Verrucomicrobiales;Akkermansiaceae;Akkermansia;Akkermansia muciniphila
k141_15276	Bacteria;Verrucomicrobiota;Verrucomicrobiia;Verrucomicrobiales;Akkermansiaceae;Akkermansia;Akkermansia muciniphila
k141_11646	Bacteria;Aquificota;Aquificia;Aquificales;Aquificaceae;Hydrogenobaculum
k141_8134	Bacteria;Bacteroidota;Bacteroidia;Bacteroidales;Porphyromonadaceae;Porphyromonas;Porphyromonas gingivalis
k141_29910	
k141_18819	Bacteria;Pseudomonadota;Gammaproteobacteria;Pseudomonadales;Pseudomonadaceae;Pseudomonas
k141_55280	Archaea;Thermoproteota;Thermoprotei;Desulfurococcales;Desulfurococcaceae;Ignicoccus;Ignicoccus hospitalis
k141_26130	Bacteria;Pseudomonadota;Gammaproteobacteria;Alteromonadales;Shewanellaceae;Shewanella
k141_48315	Archaea;Thermoproteota;Thermoprotei;Desulfurococcales;Desulfurococcaceae;Ignicoccus;Ignicoccus islandicus
k141_37003	Archaea;Methanobacteriota;Halobacteria;Halobacteriales;Halobacteriaceae;Halobacterium
k141_8136	Bacteria;Pseudomonadota;Gammaproteobacteria;Pseudomonadales;Pseudomonadaceae;Pseudomonas
k141_946	Bacteria;Bacteroidota;Bacteroidia;Bacteroidales;Porphyromonadaceae;Porphyromonas;Porphyromonas gingivalis
k141_51495	Bacteria;Planctomycetota;Planctomycetia;Pirellulales;Pirellulaceae;Rhodopirellula;Rhodopirellula baltica
k141_26134	Bacteria;Pseudomonadota;Gammaproteobacteria;Pseudomonadales;Pseudomonadaceae;Pseudomonas
k141_22175	Archaea;Methanobacteriota;Thermococci;Thermococcales;Thermococcaceae;Pyrococcus;Pyrococcus horikoshii
k141_18826	Bacteria;Pseudomonadota;Gammaproteobacteria;Pseudomonadales;Pseudomonadaceae;Pseudomonas
k141_55286	Archaea;Thermoproteota;Thermoprotei;Desulfurococcales;Desulfurococcaceae;Ignicoccus;Ignicoccus islandicus
k141_948	
k141_26136	Bacteria;Chloroflexota;Chloroflexia;Chloroflexales;Chloroflexaceae;Chloroflexus;Chloroflexus aurantiacus
k141_22178	Bacteria;Planctomycetota;Planctomycetia;Pirellulales;Pirellulaceae;Rhodopirellula;Rhodopirellula baltica
k141_44356	Archaea;Methanobacteriota;Halobacteria;Halobacteriales;Halobacteriaceae;Halobacterium
k141_15291	Bacteria;Chloroflexota;Chloroflexia;Chloroflexales;Chloroflexaceae;Chloroflexus;Chloroflexus aurantiacus
k141_18829	Bacteria;Cyanobacteriota;Cyanophyceae;Nostocales;Nostocaceae
k141_55288	Bacteria
k141_33504	Bacteria;Bacteroidota;Bacteroidia;Bacteroidales;Porphyromonadaceae;Porphyromonas;Porphyromonas gingivalis
k141_48325	Bacteria;Chlorobiota;Chlorobiia;Chlorobiales;Chlorobiaceae;Chlorobium;Chlorobium phaeobacteroides
k141_11652	Bacteria;Planctomycetota;Planctomycetia;Pirellulales;Pirellulaceae;Rhodopirellula;Rhodopirellula baltica
k141_29913	Bacteria;Planctomycetota;Planctomycetia;Pirellulales;Pirellulaceae;Rhodopirellula;Rhodopirellula baltica
k141_22183	
k141_55289	Bacteria;Chlorobiota;Chlorobiia;Chlorobiales;Chlorobiaceae;Chlorobaculum
k141_48327	
k141_8151	Bacteria;Chlorobiota;Chlorobiia;Chlorobiales;Chlorobiaceae;Chlorobaculum;Chlorobaculum tepidum
k141_33508	Bacteria;Pseudomonadota;Gammaproteobacteria;Alteromonadales;Shewanellaceae;Shewanella
k141_44359	Bacteria;Pseudomonadota;Gammaproteobacteria;Pseudomonadales;Pseudomonadaceae;Pseudomonas
k141_51497	
k141_11655	Bacteria;Pseudomonadota;Gammaproteobacteria;Pseudomonadales;Pseudomonadaceae;Pseudomonas
k141_29918	Archaea;Thermoproteota;Thermoprotei;Desulfurococcales;Desulfurococcaceae;Ignicoccus;Ignicoccus islandicus
k141_48330	Bacteria;Chlorobiota;Chlorobiia;Chlorobiales;Chlorobiaceae;Chlorobaculum
k141_33509	Bacteria;Planctomycetota;Planctomycetia;Pirellulales;Pirellulaceae;Rhodopirellula;Rhodopirellula baltica
k141_18834	Bacteria;Pseudomonadota;Gammaproteobacteria;Alteromonadales;Shewanellaceae;Shewanella;Shewanella baltica
k141_29919	Bacteria;Pseudomonadota
k141_55291	Bacteria;Planctomycetota;Planctomycetia;Pirellulales;Pirellulaceae;Rhodopirellula;Rhodopirellula baltica
k141_11660	Archaea;Thermoproteota;Thermoprotei;Desulfurococcales;Desulfurococcaceae;Ignicoccus;Ignicoccus hospitalis
k141_37032	Archaea;Thermoproteota;Thermoprotei;Desulfurococcales;Desulfurococcaceae;Ignicoccus;Ignicoccus islandicus
k141_51499	Archaea;Methanobacteriota;Methanococci;Methanococcales;Methanococcaceae;Methanococcus;Methanococcus maripaludis
k141_26148	Bacteria;Planctomycetota;Planctomycetia;Pirellulales;Pirellulaceae;Rhodopirellula;Rhodopirellula baltica
k141_11662	Bacteria;Pseudomonadota;Gammaproteobacteria;Alteromonadales;Shewanellaceae;Shewanella
k141_55295	Bacteria;Chlorobiota;Chlorobiia;Chlorobiales;Chlorobiaceae;Chlorobium;Chlorobium phaeobacteroides
k141_37034	Bacteria;Pseudomonadota;Gammaproteobacteria;Pseudomonadales;Pseudomonadaceae;Pseudomonas
k141_33511	Bacteria;Pseudomonadota;Gammaproteobacteria;Alteromonadales;Shewanellaceae;Shewanella
k141_26149	Bacteria;Pseudomonadota
k141_11664	Bacteria;Chlorobiota;Chlorobiia;Chlorobiales;Chlorobiaceae;Chlorobaculum;Chlorobaculum tepidum
k141_22184	Bacteria;Pseudomonadota;Betaproteobacteria;Nitrosomonadales;Nitrosomonadaceae;Nitrosomonas
k141_37037	Bacteria;Chlorobiota;Chlorobiia;Chlorobiales;Chlorobiaceae;Chlorobium;Chlorobium phaeobacteroides
k141_55297	
k141_8153	Bacteria;Fusobacteriota;Fusobacteriia;Fusobacteriales;Fusobacteriaceae;Fusobacterium
k141_48337	Archaea;Methanobacteriota;Halobacteria;Halobacteriales;Halobacteriaceae;Halobacterium
k141_51502	Bacteria;Planctomycetota;Planctomycetia;Pirellulales;Pirellulaceae;Rhodopirellula;Rhodopirellula baltica
k141_37038	Bacteria;Chloroflexota;Chloroflexia;Chloroflexales;Chloroflexaceae;Chloroflexus;Chloroflexus aurantiacus
k141_22185	
k141_48338	Bacteria;Chloroflexota;Chloroflexia;Chloroflexales;Chloroflexaceae;Chloroflexus;Chloroflexus aurantiacus
k141_37040	Bacteria;Pseudomonadota;Gammaproteobacteria;Pseudomonadales;Pseudomonadaceae;Pseudomonas
k141_26158	Bacteria;Verrucomicrobiota;Verrucomicrobiia;Verrucomicrobiales;Akkermansiaceae;Akkermansia;Akkermansia muciniphila
k141_11672	Bacteria;Bacteroidota;Bacteroidia;Bacteroidales;Bacteroidaceae
k141_8157	Bacteria;Pseudomonadota;Gammaproteobacteria;Pseudomonadales;Pseudomonadaceae;Pseudomonas
k141_954	Bacteria;Pseudomonadota;Gammaproteobacteria;Alteromonadales;Shewanellaceae;Shewanella
k141_33522	Bacteria;Pseudomonadota;Gammaproteobacteria;Alteromonadales;Shewanellaceae;Shewanella
k141_55304	Bacteria;Aquificota;Aquificia;Aquificales;Aquificaceae;Hydrogenobaculum
k141_11674	Bacteria;Chlorobiota;Chlorobiia;Chlorobiales;Chlorobiaceae;Chlorobium;Chlorobium phaeobacteroides
k141_48344	Bacteria;Pseudomonadota;Gammaproteobacteria;Pseudomonadales;Pseudomonadaceae;Pseudomonas
k141_18850	Archaea;Methanobacteriota;Halobacteria;Halobacteriales
k141_51510	
k141_33523	Bacteria;Chlorobiota;Chlorobiia;Chlorobiales;Chlorobiaceae;Chlorobium;Chlorobium phaeobacteroides
k141_37048	Bacteria;Chlorobiota;Chlorobiia;Chlorobiales;Chlorobiaceae
k141_4222	Bacteria;Thermodesulfobacteriota;Desulfobulbia;Desulfobulbales;Desulfobulbaceae;Desulfobulbus;Desulfobulbus oralis
k141_33524	Bacteria;Pseudomonadota;Gammaproteobacteria;Pseudomonadales;Pseudomonadaceae;Pseudomonas
k141_958	Bacteria;Spirochaetota;Spirochaetia;Treponematales;Treponemataceae;Treponema
k141_11677	Bacteria;Pseudomonadota;Gammaproteobacteria;Pseudomonadales;Pseudomonadaceae;Pseudomonas
k141_8163	Bacteria;Cyanobacteriota;Cyanophyceae;Nostocales;Nostocaceae
k141_33526	Bacteria;Pseudomonadota;Gammaproteobacteria
k141_55312	Bacteria;Pseudomonadota;Gammaproteobacteria;Pseudomonadales;Pseudomonadaceae;Pseudomonas
k141_37054	Bacteria;Pseudomonadota;Gammaproteobacteria;Alteromonadales;Shewanellaceae;Shewanella
k141_51520	
k141_4225	Bacteria;Chlorobiota;Chlorobiia;Chlorobiales;Chlorobiaceae;Chlorobaculum;Chlorobaculum tepidum
k141_8164	Bacteria;Chlorobiota;Chlorobiia;Chlorobiales;Chlorobiaceae;Chlorobium;Chlorobium phaeobacteroides
k141_51521	Bacteria;Chlorobiota;Chlorobiia;Chlorobiales;Chlorobiaceae;Chlorobaculum;Chlorobaculum tepidum
k141_33533	Bacteria;Cyanobacteriota;Cyanophyceae;Nostocales
k141_11689	Bacteria;Chloroflexota;Chloroflexia;Chloroflexales;Chloroflexaceae;Chloroflexus;Chloroflexus aurantiacus
k141_37057	Archaea;Thermoproteota;Thermoprotei;Desulfurococcales;Desulfurococcaceae;Ignicoccus;Ignicoccus hospitalis
k141_11690	Bacteria;Chlorobiota;Chlorobiia;Chlorobiales;Chlorobiaceae;Chlorobium;Chlorobium phaeobacteroides
k141_44366	Bacteria;Fusobacteriota;Fusobacteriia;Fusobacteriales;Fusobacteriaceae;Fusobacterium
k141_51522	
k141_55319	Bacteria;Pseudomonadota;Gammaproteobacteria;Alteromonadales;Shewanellaceae;Shewanella
k141_48355	
k141_4228	Bacteria;Chlorobiota;Chlorobiia;Chlorobiales;Chlorobiaceae;Chlorobium;Chlorobium limicola
k141_51523	
k141_11692	
k141_963	Archaea;Thermoproteota;Thermoprotei;Desulfurococcales;Desulfurococcaceae;Ignicoccus;Ignicoccus hospitalis
k141_8168	
k141_18873	Bacteria;Pseudomonadota;Gammaproteobacteria;Pseudomonadales;Pseudomonadaceae;Pseudomonas
k141_51524	Bacteria;Pseudomonadota;Gammaproteobacteria;Pseudomonadales;Pseudomonadaceae;Pseudomonas
k141_4229	Bacteria;Cyanobacteriota;Cyanophyceae;Nostocales;Nostocaceae
k141_48357	Bacteria;Bacillota
k141_33540	Bacteria;Chlorobiota;Chlorobiia;Chlorobiales;Chlorobiaceae;Chlorobaculum;Chlorobaculum tepidum
k141_44373	Bacteria;Chlorobiota;Chlorobiia;Chlorobiales;Chlorobiaceae;Chlorobium;Chlorobium limicola
k141_55324	Bacteria;Bacteroidota;Bacteroidia;Bacteroidales;Porphyromonadaceae;Porphyromonas;Porphyromonas gingivalis
k141_968	Bacteria;Aquificota;Aquificia;Aquificales;Aquificaceae;Hydrogenobaculum
k141_55326	Bacteria;Pseudomonadota;Gammaproteobacteria;Pseudomonadales;Pseudomonadaceae;Pseudomonas
k141_8172	Bacteria;Pseudomonadota;Gammaproteobacteria;Alteromonadales;Shewanellaceae;Shewanella
k141_18874	Bacteria;Pseudomonadota;Gammaproteobacteria
k141_44375	Bacteria;Planctomycetota;Planctomycetia;Pirellulales;Pirellulaceae
k141_11704	Bacteria;Fusobacteriota;Fusobacteriia;Fusobacteriales;Fusobacteriaceae;Fusobacterium
k141_48360	Bacteria;Aquificota;Aquificia;Aquificales;Aquificaceae;Hydrogenobaculum;Hydrogenobaculum sp. Y04AAS1
k141_37081	Bacteria;Cyanobacteriota;Cyanophyceae;Nostocales;Nostocaceae
k141_4230	
k141_55327	Archaea;Thermoproteota;Thermoprotei;Thermoproteales;Thermoproteaceae;Pyrobaculum;Pyrobaculum calidifontis
k141_974	Bacteria;Chlorobiota;Chlorobiia;Chlorobiales;Chlorobiaceae;Chlorobium;Chlorobium phaeobacteroides
k141_8176	Bacteria;Chloroflexota;Chloroflexia;Chloroflexales;Chloroflexaceae;Chloroflexus;Chloroflexus aurantiacus
k141_51528	Bacteria;Aquificota;Aquificia;Aquificales;Hydrogenothermaceae;Persephonella;Persephonella marina
k141_975	Bacteria;Pseudomonadota;Gammaproteobacteria;Pseudomonadales;Pseudomonadaceae;Pseudomonas
k141_4234	Bacteria;Thermodesulfobacteriota;Desulfobulbia;Desulfobulbales;Desulfobulbaceae;Desulfobulbus;Desulfobulbus oralis
k141_11706	Bacteria;Pseudomonadota;Gammaproteobacteria;Pseudomonadales;Pseudomonadaceae;Pseudomonas
k141_33558	Bacteria;Pseudomonadota;Gammaproteobacteria;Pseudomonadales;Pseudomonadaceae;Pseudomonas
k141_55332	Bacteria;Pseudomonadota;Gammaproteobacteria;Alteromonadales;Shewanellaceae;Shewanella
k141_11708	Archaea;Methanobacteriota;Methanococci;Methanococcales;Methanococcaceae;Methanococcus;Methanococcus maripaludis
k141_8180	Bacteria;Pseudomonadota;Gammaproteobacteria;Pseudomonadales;Pseudomonadaceae;Pseudomonas
k141_48363	Bacteria;Bacteroidota;Bacteroidia;Bacteroidales
k141_48364	Bacteria;Pseudomonadota;Gammaproteobacteria;Pseudomonadales;Pseudomonadaceae;Pseudomonas
k141_8181	Bacteria;Bacteroidota;Bacteroidia;Bacteroidales;Porphyromonadaceae;Porphyromonas;Porphyromonas gingivalis
k141_4235	Bacteria;Bacillota
k141_984	Archaea;Thermoproteota;Thermoprotei;Desulfurococcales;Desulfurococcaceae;Ignicoccus;Ignicoccus hospitalis
k141_55333	Archaea;Methanobacteriota;Methanococci;Methanococcales;Methanococcaceae;Methanococcus;Methanococcus maripaludis
k141_48365	Bacteria;Pseudomonadota;Gammaproteobacteria;Pseudomonadales;Pseudomonadaceae;Pseudomonas
k141_33562	Bacteria;Aquificota;Aquificia;Aquificales;Aquificaceae;Hydrogenobaculum;Hydrogenobaculum sp. Y04AAS1
k141_11710	Bacteria;Fusobacteriota;Fusobacteriia;Fusobacteriales;Fusobacteriaceae;Fusobacterium
k141_29932	Bacteria;Planctomycetota;Planctomycetia;Pirellulales;Pirellulaceae;Rhodopirellula;Rhodopirellula baltica
k141_985	Bacteria;Pseudomonadota;Betaproteobacteria;Burkholderiales;Burkholderiaceae
k141_4238	Archaea;Methanobacteriota;Methanococci;Methanococcales;Methanococcaceae;Methanococcus;Methanococcus maripaludis
k141_15297	
k141_33563	Bacteria;Cyanobacteriota;Cyanophyceae;Nostocales
k141_37104	Bacteria;Pseudomonadota;Betaproteobacteria;Burkholderiales;Burkholderiaceae;Paraburkholderia;Paraburkholderia xenovorans
k141_18892	Bacteria;Pseudomonadota;Gammaproteobacteria;Alteromonadales;Shewanellaceae;Shewanella
k141_11711	Bacteria;Pseudomonadota;Gammaproteobacteria;Alteromonadales;Shewanellaceae;Shewanella
k141_988	Bacteria;Pseudomonadota;Gammaproteobacteria;Pseudomonadales;Pseudomonadaceae;Pseudomonas
k141_18893	Bacteria;Pseudomonadota;Gammaproteobacteria;Pseudomonadales;Pseudomonadaceae;Pseudomonas
k141_8183	Bacteria;Chlorobiota;Chlorobiia;Chlorobiales;Chlorobiaceae;Chlorobaculum;Chlorobaculum tepidum
k141_33565	Bacteria;Pseudomonadota;Gammaproteobacteria
k141_989	Bacteria;Chlorobiota;Chlorobiia;Chlorobiales;Chlorobiaceae;Chlorobium;Chlorobium phaeobacteroides
k141_48374	Bacteria;Pseudomonadota;Gammaproteobacteria;Pseudomonadales;Pseudomonadaceae;Pseudomonas
k141_51548	Bacteria;Pseudomonadota;Gammaproteobacteria;Pseudomonadales;Pseudomonadaceae;Pseudomonas
k141_15299	Archaea;Thermoproteota;Thermoprotei;Desulfurococcales;Desulfurococcaceae;Ignicoccus;Ignicoccus islandicus
k141_55341	Archaea;Thermoproteota;Thermoprotei;Desulfurococcales;Desulfurococcaceae;Ignicoccus;Ignicoccus hospitalis
k141_48376	Bacteria;Pseudomonadota;Gammaproteobacteria;Pseudomonadales;Pseudomonadaceae;Pseudomonas
k141_990	Bacteria;Pseudomonadota;Gammaproteobacteria;Alteromonadales;Shewanellaceae;Shewanella
k141_29943	
k141_37112	
k141_11718	Bacteria;Planctomycetota;Planctomycetia;Pirellulales;Pirellulaceae;Rhodopirellula;Rhodopirellula baltica
k141_48379	Bacteria
k141_4248	Bacteria;Chlorobiota;Chlorobiia;Chlorobiales;Chlorobiaceae;Chlorobium;Chlorobium limicola
k141_18900	Archaea;Methanobacteriota;Methanococci;Methanococcales;Methanococcaceae;Methanococcus
k141_33570	Bacteria;Pseudomonadota;Gammaproteobacteria;Pseudomonadales;Pseudomonadaceae
k141_15300	Bacteria;Pseudomonadota;Gammaproteobacteria;Alteromonadales;Shewanellaceae;Shewanella
k141_51555	Bacteria;Chlorobiota;Chlorobiia;Chlorobiales;Chlorobiaceae;Chlorobium;Chlorobium phaeobacteroides
k141_8188	Bacteria;Chlorobiota;Chlorobiia;Chlorobiales;Chlorobiaceae;Chlorobaculum;Chlorobaculum tepidum
k141_29947	Bacteria;Pseudomonadota;Gammaproteobacteria;Pseudomonadales;Pseudomonadaceae;Pseudomonas
k141_55349	Bacteria;Bacteroidota;Bacteroidia;Bacteroidales
k141_4254	Archaea;Methanobacteriota;Methanococci;Methanococcales;Methanococcaceae;Methanococcus;Methanococcus maripaludis
k141_48388	Bacteria;Pseudomonadota;Gammaproteobacteria;Pseudomonadales;Pseudomonadaceae;Pseudomonas
k141_15307	Bacteria;Verrucomicrobiota;Verrucomicrobiia;Verrucomicrobiales;Akkermansiaceae;Akkermansia;Akkermansia muciniphila
k141_29950	Bacteria;Pseudomonadota;Gammaproteobacteria;Pseudomonadales;Pseudomonadaceae;Pseudomonas
k141_4255	Bacteria;Chlorobiota;Chlorobiia;Chlorobiales;Chlorobiaceae;Chlorobium;Chlorobium phaeobacteroides
k141_8197	Bacteria;Pseudomonadota;Gammaproteobacteria;Pseudomonadales;Pseudomonadaceae;Pseudomonas
k141_18906	Archaea;Thermoproteota;Thermoprotei;Desulfurococcales;Desulfurococcaceae;Ignicoccus;Ignicoccus hospitalis
k141_999	Archaea;Methanobacteriota;Methanococci;Methanococcales;Methanococcaceae;Methanococcus;Methanococcus maripaludis
k141_33582	Bacteria;Pseudomonadota;Gammaproteobacteria;Pseudomonadales;Pseudomonadaceae;Pseudomonas
k141_18907	
k141_4257	Bacteria;Pseudomonadota;Gammaproteobacteria;Alteromonadales;Shewanellaceae;Shewanella
k141_37128	Bacteria;Pseudomonadota;Gammaproteobacteria;Pseudomonadales;Pseudomonadaceae
k141_15312	Bacteria;Pseudomonadota;Gammaproteobacteria;Alteromonadales;Shewanellaceae;Shewanella
k141_29960	Bacteria;Chlorobiota;Chlorobiia;Chlorobiales;Chlorobiaceae;Chlorobaculum;Chlorobaculum tepidum
k141_11741	Bacteria;Thermodesulfobacteriota;Desulfuromonadia;Geobacterales;Geobacteraceae;Geobacter
k141_37133	Bacteria;Pseudomonadota;Gammaproteobacteria;Pseudomonadales;Pseudomonadaceae;Pseudomonas
k141_4261	Bacteria;Pseudomonadota;Gammaproteobacteria;Pseudomonadales;Pseudomonadaceae;Pseudomonas
k141_33592	Bacteria;Pseudomonadota;Gammaproteobacteria;Pseudomonadales;Pseudomonadaceae;Pseudomonas
k141_51563	Archaea;Methanobacteriota;Methanococci;Methanococcales;Methanococcaceae;Methanococcus;Methanococcus maripaludis
k141_15315	Bacteria;Fusobacteriota;Fusobacteriia;Fusobacteriales;Fusobacteriaceae;Fusobacterium
k141_11742	Bacteria;Pseudomonadota;Gammaproteobacteria;Pseudomonadales;Pseudomonadaceae;Pseudomonas
k141_48391	Bacteria;Planctomycetota;Planctomycetia;Pirellulales;Pirellulaceae;Rhodopirellula;Rhodopirellula baltica
k141_29966	Bacteria;Chlorobiota;Chlorobiia;Chlorobiales;Chlorobiaceae;Chlorobium;Chlorobium phaeobacteroides
k141_1005	Bacteria;Pseudomonadota;Gammaproteobacteria;Alteromonadales;Shewanellaceae;Shewanella
k141_15317	Bacteria;Pseudomonadota;Gammaproteobacteria;Alteromonadales;Shewanellaceae;Shewanella
k141_18910	Archaea;Methanobacteriota;Methanococci;Methanococcales;Methanococcaceae;Methanococcus;Methanococcus maripaludis
k141_41027	Bacteria;Thermotogota;Thermotogae;Thermotogales;Thermotogaceae;Thermotoga
k141_11743	Bacteria;Pseudomonadota;Gammaproteobacteria;Alteromonadales;Shewanellaceae;Shewanella
k141_4265	Bacteria;Thermodesulfobacteriota;Desulfobulbia;Desulfobulbales;Desulfobulbaceae;Desulfobulbus;Desulfobulbus oralis
k141_48394	Bacteria;Pseudomonadota;Gammaproteobacteria;Alteromonadales;Shewanellaceae;Shewanella
k141_18914	Bacteria;Pseudomonadota;Gammaproteobacteria
k141_48396	
k141_29973	Bacteria;Pseudomonadota;Gammaproteobacteria;Pseudomonadales;Pseudomonadaceae;Pseudomonas
k141_37148	Bacteria;Pseudomonadota;Gammaproteobacteria;Pseudomonadales;Pseudomonadaceae;Pseudomonas
k141_4267	Bacteria;Pseudomonadota;Gammaproteobacteria;Pseudomonadales;Pseudomonadaceae;Pseudomonas
k141_11749	Bacteria;Pseudomonadota;Gammaproteobacteria;Pseudomonadales;Pseudomonadaceae;Pseudomonas
k141_37149	Archaea;Thermoproteota;Thermoprotei;Thermoproteales;Thermoproteaceae;Pyrobaculum;Pyrobaculum calidifontis
k141_51576	Bacteria;Aquificota;Aquificia;Aquificales;Aquificaceae;Hydrogenobaculum;Hydrogenobaculum sp. Y04AAS1
k141_48399	Bacteria;Aquificota;Aquificia;Aquificales;Aquificaceae;Hydrogenobaculum
k141_29974	Bacteria;Pseudomonadota;Gammaproteobacteria;Alteromonadales;Shewanellaceae;Shewanella
k141_18916	Bacteria;Pseudomonadota;Gammaproteobacteria;Alteromonadales;Shewanellaceae;Shewanella
k141_4272	
k141_51579	Bacteria;Pseudomonadota;Gammaproteobacteria;Pseudomonadales;Pseudomonadaceae;Pseudomonas
k141_15326	Bacteria;Pseudomonadota;Gammaproteobacteria;Alteromonadales;Shewanellaceae;Shewanella
k141_48404	Bacteria;Aquificota;Aquificia;Aquificales;Aquificaceae;Hydrogenobaculum
k141_11759	Bacteria;Planctomycetota;Planctomycetia;Pirellulales;Pirellulaceae;Rhodopirellula;Rhodopirellula baltica
k141_29983	Bacteria;Cyanobacteriota;Cyanophyceae;Nostocales;Nostocaceae
k141_51586	Bacteria;Pseudomonadota;Gammaproteobacteria;Alteromonadales;Shewanellaceae;Shewanella
k141_15332	Bacteria;Aquificota;Aquificia;Aquificales;Aquificaceae;Hydrogenobaculum
k141_29988	Bacteria;Chlorobiota;Chlorobiia;Chlorobiales;Chlorobiaceae;Chlorobium;Chlorobium phaeobacteroides
k141_48412	Bacteria;Pseudomonadota;Gammaproteobacteria;Alteromonadales;Shewanellaceae;Shewanella
k141_51591	Bacteria;Campylobacterota;Epsilonproteobacteria;Campylobacterales;Helicobacteraceae;Wolinella;Wolinella succinogenes
k141_4286	Bacteria;Bacillota
k141_1023	Bacteria;Bacteroidota;Bacteroidia;Bacteroidales;Porphyromonadaceae;Porphyromonas;Porphyromonas gingivalis
k141_15339	Bacteria;Pseudomonadota;Gammaproteobacteria;Pseudomonadales;Pseudomonadaceae;Pseudomonas
k141_4287	
k141_48414	Bacteria;Pseudomonadota
k141_1024	Bacteria;Chloroflexota;Chloroflexia;Chloroflexales;Chloroflexaceae;Chloroflexus;Chloroflexus aurantiacus
k141_48415	Bacteria;Chloroflexota;Chloroflexia;Chloroflexales;Chloroflexaceae;Chloroflexus;Chloroflexus aurantiacus
k141_15342	Archaea;Methanobacteriota;Methanococci;Methanococcales;Methanococcaceae;Methanococcus
k141_4289	Bacteria;Chlorobiota;Chlorobiia;Chlorobiales;Chlorobiaceae;Chlorobaculum;Chlorobaculum tepidum
k141_26169	Bacteria;Bacillota;Clostridia;Thermoanaerobacterales;Thermoanaerobacteraceae;Thermoanaerobacter
k141_48418	Bacteria;Pseudomonadota;Gammaproteobacteria;Pseudomonadales;Pseudomonadaceae;Pseudomonas
k141_37150	Bacteria;Pseudomonadota;Betaproteobacteria;Nitrosomonadales;Nitrosomonadaceae;Nitrosomonas
k141_29989	Bacteria;Pseudomonadota;Gammaproteobacteria;Alteromonadales;Shewanellaceae;Shewanella
k141_1027	Bacteria;Chlorobiota;Chlorobiia;Chlorobiales;Chlorobiaceae;Chlorobaculum;Chlorobaculum tepidum
k141_4293	Bacteria;Pseudomonadota;Gammaproteobacteria;Alteromonadales;Shewanellaceae;Shewanella
k141_44379	Bacteria;Thermodesulfobacteriota;Desulfobulbia;Desulfobulbales;Desulfobulbaceae;Desulfobulbus;Desulfobulbus oralis
k141_15348	
k141_48422	Bacteria;Pseudomonadota;Gammaproteobacteria;Pseudomonadales;Pseudomonadaceae
k141_37154	Bacteria;Planctomycetota;Planctomycetia;Pirellulales;Pirellulaceae;Rhodopirellula;Rhodopirellula baltica
k141_44380	
k141_1030	Bacteria;Thermodesulfobacteriota;Desulfobulbia;Desulfobulbales;Desulfobulbaceae;Desulfobulbus;Desulfobulbus oralis
k141_51606	Bacteria;Pseudomonadota;Gammaproteobacteria;Pseudomonadales;Pseudomonadaceae;Pseudomonas
k141_11768	Bacteria;Fusobacteriota;Fusobacteriia;Fusobacteriales;Fusobacteriaceae;Fusobacterium
k141_37155	Bacteria;Pseudomonadota;Gammaproteobacteria;Alteromonadales;Shewanellaceae;Shewanella
k141_48424	Bacteria;Pseudomonadota;Gammaproteobacteria;Pseudomonadales;Pseudomonadaceae;Pseudomonas
k141_44383	Bacteria;Chlorobiota;Chlorobiia;Chlorobiales;Chlorobiaceae;Chlorobium;Chlorobium phaeobacteroides
k141_51608	Bacteria;Pseudomonadota;Gammaproteobacteria;Pseudomonadales;Pseudomonadaceae;Pseudomonas
k141_4302	Bacteria;Aquificota;Aquificia;Aquificales;Aquificaceae;Hydrogenobaculum
k141_1033	Archaea;Methanobacteriota;Methanococci;Methanococcales;Methanococcaceae;Methanococcus;Methanococcus maripaludis
k141_29996	Bacteria;Planctomycetota;Planctomycetia;Pirellulales;Pirellulaceae;Rhodopirellula;Rhodopirellula baltica
k141_15349	Bacteria;Bacillota
k141_4306	Bacteria;Chlorobiota;Chlorobiia;Chlorobiales;Chlorobiaceae;Chlorobium;Chlorobium phaeobacteroides
k141_1039	Archaea;Thermoproteota;Thermoprotei;Desulfurococcales;Desulfurococcaceae;Ignicoccus;Ignicoccus islandicus
k141_37164	Bacteria;Verrucomicrobiota;Verrucomicrobiia;Verrucomicrobiales;Akkermansiaceae;Akkermansia;Akkermansia muciniphila
k141_4307	Bacteria;Pseudomonadota;Gammaproteobacteria;Alteromonadales;Shewanellaceae;Shewanella
k141_11776	Bacteria;Pseudomonadota;Gammaproteobacteria;Alteromonadales;Shewanellaceae;Shewanella
k141_48439	Bacteria;Chlorobiota;Chlorobiia;Chlorobiales;Chlorobiaceae;Chlorobaculum;Chlorobaculum tepidum
k141_41032	Bacteria;Thermodesulfobacteriota;Desulfobulbia;Desulfobulbales;Desulfobulbaceae;Desulfobulbus;Desulfobulbus oralis
k141_15350	Bacteria;Pseudomonadota;Gammaproteobacteria;Alteromonadales;Shewanellaceae;Shewanella
k141_48440	Bacteria;Cyanobacteriota;Cyanophyceae;Nostocales;Nostocaceae
k141_4310	Bacteria;Thermodesulfobacteriota;Desulfovibrionia;Desulfovibrionales;Desulfovibrionaceae;Desulfovibrio;Desulfovibrio piger
k141_51615	
k141_37169	Bacteria;Pseudomonadota;Gammaproteobacteria;Pseudomonadales;Pseudomonadaceae;Pseudomonas
k141_11780	Bacteria;Chlorobiota;Chlorobiia;Chlorobiales;Chlorobiaceae;Chlorobium;Chlorobium phaeobacteroides
k141_15354	Bacteria;Bacteroidota;Bacteroidia;Bacteroidales;Bacteroidaceae;Phocaeicola;Phocaeicola vulgatus
k141_26170	Bacteria;Thermotogota;Thermotogae;Thermotogales;Thermotogaceae;Thermotoga
k141_41036	Bacteria;Pseudomonadota;Gammaproteobacteria;Pseudomonadales;Pseudomonadaceae;Pseudomonas
k141_37170	Bacteria;Pseudomonadota;Gammaproteobacteria;Pseudomonadales;Pseudomonadaceae;Pseudomonas
k141_48442	Bacteria;Chloroflexota;Chloroflexia;Chloroflexales;Chloroflexaceae;Chloroflexus;Chloroflexus aurantiacus
k141_15355	Bacteria;Cyanobacteriota;Cyanophyceae;Nostocales;Nostocaceae
k141_11781	Bacteria;Cyanobacteriota;Cyanophyceae;Nostocales;Nostocaceae
k141_41038	Bacteria;Pseudomonadota;Gammaproteobacteria;Pseudomonadales;Pseudomonadaceae;Pseudomonas
k141_44394	Bacteria;Pseudomonadota;Gammaproteobacteria;Alteromonadales;Shewanellaceae;Shewanella
k141_1049	
k141_11782	Bacteria;Pseudomonadota;Gammaproteobacteria;Alteromonadales;Shewanellaceae;Shewanella
k141_55353	Bacteria;Pseudomonadota;Betaproteobacteria;Nitrosomonadales;Nitrosomonadaceae;Nitrosomonas
k141_8199	Bacteria;Thermotogota;Thermotogae;Thermotogales;Thermotogaceae;Thermotoga
k141_1050	Bacteria;Bacteroidota;Bacteroidia;Bacteroidales;Bacteroidaceae;Phocaeicola;Phocaeicola vulgatus
k141_4317	
k141_37174	Bacteria;Thermodesulfobacteriota;Desulfobulbia;Desulfobulbales;Desulfobulbaceae;Desulfobulbus;Desulfobulbus oralis
k141_55354	Archaea;Methanobacteriota;Methanococci;Methanococcales;Methanococcaceae;Methanococcus
k141_44398	Bacteria;Spirochaetota;Spirochaetia;Treponematales;Treponemataceae;Treponema
k141_48449	Bacteria;Pseudomonadota;Gammaproteobacteria;Pseudomonadales;Pseudomonadaceae;Pseudomonas
k141_55355	Bacteria;Fusobacteriota;Fusobacteriia;Fusobacteriales;Fusobacteriaceae;Fusobacterium
k141_15365	Bacteria;Pseudomonadota;Gammaproteobacteria;Pseudomonadales;Pseudomonadaceae;Pseudomonas
k141_1058	Bacteria;Bacillota;Clostridia;Acetivibrionales;Acetivibrionaceae;Acetivibrio;Acetivibrio thermocellus
k141_37182	Bacteria;Pseudomonadota;Gammaproteobacteria;Alteromonadales;Shewanellaceae;Shewanella
k141_30010	Bacteria;Pseudomonadota;Gammaproteobacteria;Alteromonadales;Shewanellaceae;Shewanella
k141_51633	Bacteria;Pseudomonadota;Gammaproteobacteria;Pseudomonadales;Pseudomonadaceae;Pseudomonas
k141_26192	Bacteria;Pseudomonadota;Gammaproteobacteria;Alteromonadales;Shewanellaceae;Shewanella
k141_55361	Bacteria;Bacillota;Clostridia;Thermoanaerobacterales;Thermoanaerobacteraceae;Thermoanaerobacter
k141_8215	
k141_15368	Bacteria;Bacillota
k141_4333	Bacteria;Pseudomonadota;Gammaproteobacteria;Pseudomonadales;Pseudomonadaceae;Pseudomonas
k141_30013	
k141_8218	Bacteria;Pseudomonadota;Gammaproteobacteria;Pseudomonadales;Pseudomonadaceae;Pseudomonas
k141_30014	Bacteria;Campylobacterota;Epsilonproteobacteria;Campylobacterales;Helicobacteraceae;Wolinella;Wolinella succinogenes
k141_1069	Bacteria;Chlorobiota;Chlorobiia;Chlorobiales;Chlorobiaceae;Chlorobaculum;Chlorobaculum tepidum
k141_51640	Bacteria;Bacteroidota;Bacteroidia;Bacteroidales;Porphyromonadaceae;Porphyromonas;Porphyromonas gingivalis
k141_41066	Bacteria;Pseudomonadota;Gammaproteobacteria;Pseudomonadales;Pseudomonadaceae;Pseudomonas
k141_55365	Bacteria;Pseudomonadota;Gammaproteobacteria;Alteromonadales;Shewanellaceae;Shewanella
k141_8226	Bacteria;Pseudomonadota;Gammaproteobacteria;Alteromonadales;Shewanellaceae;Shewanella
k141_44417	Bacteria;Chlorobiota;Chlorobiia;Chlorobiales;Chlorobiaceae;Chlorobium;Chlorobium limicola
k141_41069	Bacteria;Cyanobacteriota;Cyanophyceae;Nostocales;Nostocaceae
k141_30022	Bacteria;Aquificota;Aquificia;Aquificales;Aquificaceae;Hydrogenobaculum;Hydrogenobaculum sp. Y04AAS1
k141_1075	Bacteria;Bacillota
k141_41070	Bacteria;Pseudomonadota;Gammaproteobacteria;Pseudomonadales;Pseudomonadaceae;Pseudomonas
k141_8232	Bacteria;Chlorobiota;Chlorobiia;Chlorobiales;Chlorobiaceae;Chlorobium;Chlorobium phaeobacteroides
k141_26194	Bacteria;Bacillota;Clostridia;Thermoanaerobacterales;Thermoanaerobacteraceae;Thermoanaerobacter
k141_1079	Archaea;Methanobacteriota;Methanococci;Methanococcales;Methanococcaceae;Methanococcus;Methanococcus maripaludis
k141_8234	Bacteria;Pseudomonadota;Gammaproteobacteria;Alteromonadales;Shewanellaceae;Shewanella;Shewanella baltica
k141_30024	Bacteria;Chlorobiota;Chlorobiia;Chlorobiales;Chlorobiaceae;Chlorobaculum;Chlorobaculum tepidum
k141_51649	Bacteria;Chlorobiota;Chlorobiia;Chlorobiales;Chlorobiaceae;Chlorobium;Chlorobium phaeobacteroides
k141_15382	Bacteria;Thermotogota;Thermotogae;Thermotogales;Thermotogaceae;Thermotoga
k141_4345	Bacteria;Pseudomonadota;Gammaproteobacteria;Alteromonadales;Shewanellaceae;Shewanella
k141_15383	
k141_41072	Bacteria;Pseudomonadota;Gammaproteobacteria;Alteromonadales;Shewanellaceae;Shewanella
k141_1082	Bacteria;Bacillota
k141_48459	Bacteria;Chlorobiota;Chlorobiia;Chlorobiales;Chlorobiaceae;Chlorobium;Chlorobium limicola
k141_26198	Archaea;Thermoproteota;Thermoprotei;Desulfurococcales;Desulfurococcaceae;Ignicoccus;Ignicoccus islandicus
k141_51652	Bacteria;Pseudomonadota;Gammaproteobacteria;Pseudomonadales;Pseudomonadaceae;Pseudomonas
k141_30030	Bacteria;Pseudomonadota;Gammaproteobacteria;Pseudomonadales;Pseudomonadaceae;Pseudomonas
k141_44427	Bacteria;Pseudomonadota;Gammaproteobacteria;Alteromonadales;Shewanellaceae;Shewanella
k141_8235	Bacteria;Pseudomonadota;Gammaproteobacteria;Alteromonadales;Shewanellaceae;Shewanella
k141_1083	
k141_15388	Bacteria;Pseudomonadota;Gammaproteobacteria;Pseudomonadales;Pseudomonadaceae;Pseudomonas
k141_55369	Bacteria;Thermotogota;Thermotogae;Thermotogales;Thermotogaceae;Thermotoga
k141_48462	Bacteria;Planctomycetota;Planctomycetia;Pirellulales;Pirellulaceae;Rhodopirellula;Rhodopirellula baltica
k141_4350	
k141_41078	Archaea;Methanobacteriota;Halobacteria;Halobacteriales;Halobacteriaceae;Halobacterium
k141_30036	Bacteria;Pseudomonadota;Gammaproteobacteria
k141_37197	Bacteria;Planctomycetota;Planctomycetia;Pirellulales;Pirellulaceae;Rhodopirellula;Rhodopirellula baltica
k141_8238	Bacteria;Pseudomonadota;Gammaproteobacteria;Pseudomonadales;Pseudomonadaceae;Pseudomonas
k141_26199	Bacteria;Pseudomonadota;Gammaproteobacteria;Pseudomonadales;Pseudomonadaceae;Pseudomonas
k141_4351	
k141_30040	Bacteria;Pseudomonadota;Gammaproteobacteria;Pseudomonadales;Pseudomonadaceae;Pseudomonas
k141_51661	Bacteria;Aquificota;Aquificia;Aquificales;Aquificaceae;Hydrogenobaculum
k141_8241	Bacteria;Chlorobiota;Chlorobiia;Chlorobiales;Chlorobiaceae;Chlorobaculum;Chlorobaculum tepidum
k141_26201	Bacteria;Pseudomonadota;Gammaproteobacteria;Pseudomonadales;Pseudomonadaceae;Pseudomonas
k141_51662	Bacteria;Chloroflexota;Chloroflexia;Chloroflexales;Chloroflexaceae;Chloroflexus;Chloroflexus aurantiacus
k141_37201	Bacteria;Aquificota;Aquificia;Aquificales;Aquificaceae;Hydrogenobaculum
k141_33595	
k141_8242	
k141_55371	Bacteria;Fusobacteriota;Fusobacteriia;Fusobacteriales;Fusobacteriaceae;Fusobacterium
k141_48471	Bacteria;Verrucomicrobiota;Verrucomicrobiia;Verrucomicrobiales;Akkermansiaceae;Akkermansia;Akkermansia muciniphila
k141_44434	Bacteria
k141_4358	Bacteria;Chlorobiota;Chlorobiia;Chlorobiales;Chlorobiaceae;Chlorobium;Chlorobium phaeobacteroides
k141_26206	Bacteria;Pseudomonadota;Gammaproteobacteria;Pseudomonadales;Pseudomonadaceae;Pseudomonas
k141_37202	Bacteria;Pseudomonadota;Gammaproteobacteria;Pseudomonadales;Pseudomonadaceae;Pseudomonas;Pseudomonas marginalis
k141_1095	Bacteria;Fusobacteriota;Fusobacteriia;Fusobacteriales;Fusobacteriaceae;Fusobacterium
k141_55373	Bacteria;Pseudomonadota;Gammaproteobacteria;Alteromonadales;Shewanellaceae;Shewanella
k141_8245	Bacteria;Chlorobiota;Chlorobiia;Chlorobiales;Chlorobiaceae;Chlorobium;Chlorobium phaeobacteroides
k141_48480	Bacteria;Pseudomonadota;Gammaproteobacteria;Pseudomonadales;Pseudomonadaceae;Pseudomonas
k141_55377	
k141_8249	Bacteria;Pseudomonadota;Gammaproteobacteria;Pseudomonadales;Pseudomonadaceae;Pseudomonas
k141_8250	Bacteria;Campylobacterota;Epsilonproteobacteria;Campylobacterales;Helicobacteraceae;Wolinella;Wolinella succinogenes
k141_51668	Bacteria;Planctomycetota;Planctomycetia;Pirellulales;Pirellulaceae;Rhodopirellula;Rhodopirellula baltica
k141_1102	Bacteria;Thermodesulfobacteriota;Desulfovibrionia;Desulfovibrionales;Desulfovibrionaceae;Desulfovibrio;Desulfovibrio piger
k141_41085	Bacteria;Bacteroidota;Bacteroidia;Bacteroidales;Porphyromonadaceae;Porphyromonas;Porphyromonas gingivalis
k141_48483	Bacteria;Pseudomonadota;Gammaproteobacteria;Pseudomonadales;Pseudomonadaceae;Pseudomonas
k141_44453	Bacteria;Bacteroidota;Bacteroidia;Bacteroidales;Bacteroidaceae
k141_48484	Bacteria
k141_8252	Archaea;Thermoproteota;Thermoprotei;Desulfurococcales;Desulfurococcaceae;Ignicoccus;Ignicoccus hospitalis
k141_41086	Bacteria;Cyanobacteriota;Cyanophyceae;Nostocales;Nostocaceae
k141_15399	
k141_11788	Bacteria;Thermodesulfobacteriota;Desulfobulbia;Desulfobulbales;Desulfobulbaceae;Desulfobulbus;Desulfobulbus oralis
k141_55386	Archaea;Thermoproteota;Thermoprotei;Desulfurococcales;Desulfurococcaceae;Ignicoccus;Ignicoccus hospitalis
k141_51675	Bacteria;Chlorobiota;Chlorobiia;Chlorobiales;Chlorobiaceae;Chlorobaculum
k141_37218	Bacteria;Pseudomonadota;Gammaproteobacteria;Pseudomonadales;Pseudomonadaceae;Pseudomonas
k141_41091	Bacteria;Planctomycetota;Planctomycetia;Pirellulales;Pirellulaceae;Rhodopirellula;Rhodopirellula baltica
k141_48491	Bacteria;Pseudomonadota;Gammaproteobacteria;Alteromonadales;Shewanellaceae;Shewanella
k141_44462	Bacteria;Pseudomonadota
k141_37220	Bacteria;Chlorobiota;Chlorobiia;Chlorobiales;Chlorobiaceae;Chlorobium;Chlorobium phaeobacteroides
k141_55388	Bacteria;Fusobacteriota;Fusobacteriia;Fusobacteriales;Fusobacteriaceae;Fusobacterium
k141_48495	Bacteria;Aquificota;Aquificia;Aquificales;Aquificaceae;Hydrogenobaculum;Hydrogenobaculum sp. Y04AAS1
k141_51679	Bacteria;Verrucomicrobiota;Verrucomicrobiia;Verrucomicrobiales;Akkermansiaceae;Akkermansia;Akkermansia muciniphila
k141_11795	Bacteria;Planctomycetota;Planctomycetia;Pirellulales;Pirellulaceae;Rhodopirellula;Rhodopirellula baltica
k141_1114	Archaea;Thermoproteota;Thermoprotei;Desulfurococcales;Desulfurococcaceae;Ignicoccus;Ignicoccus islandicus
k141_48497	Archaea;Thermoproteota;Thermoprotei;Thermoproteales;Thermoproteaceae;Pyrobaculum;Pyrobaculum calidifontis
k141_37221	Bacteria;Pseudomonadota;Gammaproteobacteria;Alteromonadales;Shewanellaceae;Shewanella
k141_30041	Bacteria;Bacillota;Clostridia;Thermoanaerobacterales;Thermoanaerobacteraceae;Thermoanaerobacter
k141_51681	Archaea;Thermoproteota;Thermoprotei;Thermoproteales;Thermoproteaceae;Pyrobaculum;Pyrobaculum calidifontis
k141_4361	Bacteria;Planctomycetota;Planctomycetia;Pirellulales;Pirellulaceae;Rhodopirellula;Rhodopirellula baltica
k141_44472	Bacteria;Pseudomonadota;Gammaproteobacteria;Alteromonadales;Shewanellaceae;Shewanella
k141_51682	Archaea;Methanobacteriota;Halobacteria;Halobacteriales;Halobacteriaceae;Halobacterium
k141_1119	Bacteria;Thermodesulfobacteriota;Desulfovibrionia;Desulfovibrionales;Desulfovibrionaceae;Desulfovibrio;Desulfovibrio piger
k141_55392	Archaea;Methanobacteriota;Halobacteria;Halobacteriales
k141_48501	Bacteria;Chlorobiota;Chlorobiia;Chlorobiales;Chlorobiaceae;Chlorobium;Chlorobium phaeobacteroides
k141_30044	Archaea;Thermoproteota;Thermoprotei;Thermoproteales;Thermoproteaceae;Pyrobaculum;Pyrobaculum calidifontis
k141_41102	Archaea;Methanobacteriota;Halobacteria;Halobacteriales;Halobacteriaceae;Halobacterium;Halobacterium salinarum
k141_37222	Bacteria;Planctomycetota;Planctomycetia;Pirellulales;Pirellulaceae;Rhodopirellula;Rhodopirellula baltica
k141_48504	Bacteria;Pseudomonadota;Gammaproteobacteria;Pseudomonadales;Pseudomonadaceae;Pseudomonas
k141_37225	Bacteria;Chloroflexota;Chloroflexia;Chloroflexales;Chloroflexaceae;Chloroflexus;Chloroflexus aurantiacus
k141_33607	Bacteria;Pseudomonadota;Betaproteobacteria;Nitrosomonadales;Nitrosomonadaceae;Nitrosomonas
k141_26212	Bacteria;Thermotogota;Thermotogae;Thermotogales;Thermotogaceae;Thermotoga
k141_51690	Bacteria;Pseudomonadota;Gammaproteobacteria;Pseudomonadales;Pseudomonadaceae;Pseudomonas
k141_41110	
k141_37226	Archaea;Thermoproteota;Thermoprotei;Desulfurococcales;Desulfurococcaceae;Ignicoccus;Ignicoccus islandicus
k141_51691	Bacteria;Chlorobiota;Chlorobiia;Chlorobiales;Chlorobiaceae;Chlorobium;Chlorobium phaeobacteroides
k141_18918	Bacteria;Chlorobiota;Chlorobiia;Chlorobiales;Chlorobiaceae;Chlorobium;Chlorobium limicola
k141_26213	Bacteria;Planctomycetota;Planctomycetia;Pirellulales;Pirellulaceae;Rhodopirellula;Rhodopirellula baltica
k141_4375	Bacteria;Pseudomonadota;Gammaproteobacteria;Pseudomonadales;Pseudomonadaceae;Pseudomonas
k141_37229	Bacteria;Chloroflexota;Chloroflexia;Chloroflexales;Chloroflexaceae;Chloroflexus;Chloroflexus aurantiacus
k141_48509	Bacteria;Aquificota;Aquificia;Aquificales;Aquificaceae;Hydrogenobaculum;Hydrogenobaculum sp. Y04AAS1
k141_41115	Archaea;Methanobacteriota;Halobacteria;Halobacteriales;Halobacteriaceae;Halobacterium
k141_18924	Bacteria;Pseudomonadota;Gammaproteobacteria;Pseudomonadales;Pseudomonadaceae;Pseudomonas
k141_26221	Bacteria;Aquificota;Aquificia;Aquificales;Aquificaceae;Hydrogenobaculum
k141_44495	Bacteria;Pseudomonadota
k141_55409	Bacteria;Pseudomonadota;Gammaproteobacteria;Alteromonadales;Shewanellaceae;Shewanella
k141_41116	Bacteria;Pseudomonadota;Gammaproteobacteria;Pseudomonadales;Pseudomonadaceae;Pseudomonas
k141_11802	Bacteria;Planctomycetota;Planctomycetia;Pirellulales;Pirellulaceae;Rhodopirellula;Rhodopirellula baltica
k141_48515	Bacteria;Aquificota;Aquificia;Aquificales;Hydrogenothermaceae;Sulfurihydrogenibium;Sulfurihydrogenibium sp. YO3AOP1
k141_44496	Bacteria;Pseudomonadota;Gammaproteobacteria;Pseudomonadales;Pseudomonadaceae;Pseudomonas
k141_51696	Archaea;Methanobacteriota;Halobacteria;Halobacteriales;Halobacteriaceae;Halobacterium
k141_55410	Bacteria;Aquificota;Aquificia;Aquificales;Aquificaceae;Hydrogenobaculum;Hydrogenobaculum sp. Y04AAS1
k141_37239	Bacteria
k141_26228	Archaea;Thermoproteota;Thermoprotei;Desulfurococcales;Desulfurococcaceae;Ignicoccus;Ignicoccus hospitalis
k141_33609	
k141_41120	Bacteria;Chlorobiota;Chlorobiia;Chlorobiales;Chlorobiaceae;Chlorobaculum;Chlorobaculum tepidum
k141_11808	Bacteria;Chloroflexota;Chloroflexia;Chloroflexales;Chloroflexaceae;Chloroflexus;Chloroflexus aurantiacus
k141_26229	Bacteria;Chloroflexota;Chloroflexia;Chloroflexales;Chloroflexaceae;Chloroflexus;Chloroflexus aurantiacus
k141_44501	Bacteria;Chlorobiota;Chlorobiia;Chlorobiales;Chlorobiaceae;Chlorobium;Chlorobium phaeobacteroides
k141_48523	Archaea;Methanobacteriota;Methanococci;Methanococcales;Methanococcaceae;Methanococcus;Methanococcus maripaludis
k141_18937	Bacteria;Chlorobiota;Chlorobiia;Chlorobiales;Chlorobiaceae;Chlorobaculum;Chlorobaculum tepidum
k141_41124	Bacteria;Cyanobacteriota;Cyanophyceae;Nostocales;Nostocaceae
k141_55415	Archaea;Thermoproteota;Thermoprotei;Desulfurococcales;Desulfurococcaceae;Ignicoccus;Ignicoccus islandicus
k141_51702	Archaea;Thermoproteota;Thermoprotei;Desulfurococcales;Desulfurococcaceae;Ignicoccus;Ignicoccus hospitalis
k141_4386	Bacteria;Pseudomonadota;Gammaproteobacteria;Alteromonadales;Shewanellaceae;Shewanella
k141_33611	
k141_51703	Bacteria;Pseudomonadota;Gammaproteobacteria;Pseudomonadales;Pseudomonadaceae;Pseudomonas
k141_26234	Bacteria;Verrucomicrobiota;Verrucomicrobiia;Verrucomicrobiales;Akkermansiaceae;Akkermansia;Akkermansia muciniphila
k141_48525	
k141_11816	Archaea;Methanobacteriota;Methanococci;Methanococcales;Methanococcaceae;Methanococcus;Methanococcus maripaludis
k141_41126	Bacteria;Pseudomonadota;Gammaproteobacteria;Pseudomonadales;Pseudomonadaceae;Pseudomonas
k141_55422	Bacteria;Planctomycetota;Planctomycetia;Pirellulales;Pirellulaceae;Rhodopirellula;Rhodopirellula baltica
k141_18945	Bacteria;Pseudomonadota;Gammaproteobacteria;Alteromonadales;Shewanellaceae;Shewanella
k141_11820	Bacteria;Pseudomonadota;Gammaproteobacteria;Pseudomonadales;Pseudomonadaceae;Pseudomonas
k141_41128	Archaea;Thermoproteota;Thermoprotei;Thermoproteales;Thermoproteaceae;Pyrobaculum;Pyrobaculum calidifontis
k141_51709	Bacteria;Chlorobiota;Chlorobiia;Chlorobiales;Chlorobiaceae;Chlorobaculum;Chlorobaculum tepidum
k141_15405	Bacteria;Thermodesulfobacteriota;Desulfobulbia;Desulfobulbales;Desulfobulbaceae;Desulfobulbus;Desulfobulbus oralis
k141_18947	Bacteria;Pseudomonadota;Gammaproteobacteria;Alteromonadales;Shewanellaceae;Shewanella
k141_4398	Archaea;Thermoproteota;Thermoprotei;Desulfurococcales;Desulfurococcaceae;Ignicoccus;Ignicoccus islandicus
k141_11821	Bacteria;Bacteroidota;Bacteroidia;Bacteroidales;Porphyromonadaceae;Porphyromonas;Porphyromonas gingivalis
k141_55430	
k141_33628	Bacteria;Pseudomonadota;Gammaproteobacteria;Pseudomonadales;Pseudomonadaceae;Pseudomonas
k141_4399	Archaea;Thermoproteota;Thermoprotei;Desulfurococcales;Desulfurococcaceae;Ignicoccus;Ignicoccus islandicus
k141_26240	Bacteria;Pseudomonadota;Gammaproteobacteria;Alteromonadales;Shewanellaceae;Shewanella
k141_18948	Archaea;Thermoproteota;Thermoprotei;Desulfurococcales;Desulfurococcaceae;Ignicoccus;Ignicoccus hospitalis
k141_44512	Bacteria;Thermodesulfobacteriota;Desulfobulbia;Desulfobulbales;Desulfobulbaceae;Desulfobulbus;Desulfobulbus oralis
k141_4402	Bacteria;Chlorobiota;Chlorobiia;Chlorobiales;Chlorobiaceae;Chlorobium;Chlorobium phaeobacteroides
k141_51712	Bacteria;Pseudomonadota;Gammaproteobacteria;Alteromonadales;Shewanellaceae;Shewanella
k141_55434	Bacteria;Pseudomonadota;Gammaproteobacteria;Pseudomonadales;Pseudomonadaceae
k141_48550	Bacteria;Pseudomonadota;Gammaproteobacteria;Pseudomonadales;Pseudomonadaceae;Pseudomonas
k141_41137	Bacteria;Pseudomonadota;Gammaproteobacteria;Alteromonadales;Shewanellaceae;Shewanella
k141_55436	Bacteria;Verrucomicrobiota;Verrucomicrobiia;Verrucomicrobiales;Akkermansiaceae;Akkermansia;Akkermansia muciniphila
k141_44518	Bacteria;Chlorobiota;Chlorobiia;Chlorobiales;Chlorobiaceae;Chlorobaculum;Chlorobaculum tepidum
k141_41139	Archaea;Thermoproteota;Thermoprotei;Desulfurococcales;Desulfurococcaceae;Ignicoccus;Ignicoccus islandicus
k141_26253	Bacteria;Pseudomonadota;Gammaproteobacteria;Pseudomonadales;Pseudomonadaceae;Pseudomonas
k141_37244	
k141_18952	Bacteria;Pseudomonadota;Gammaproteobacteria;Pseudomonadales;Pseudomonadaceae;Pseudomonas
k141_48551	Bacteria;Chlorobiota;Chlorobiia;Chlorobiales;Chlorobiaceae;Chlorobaculum;Chlorobaculum tepidum
k141_51723	Bacteria;Pseudomonadota;Gammaproteobacteria;Alteromonadales;Shewanellaceae;Shewanella
k141_4412	Bacteria;Chlorobiota;Chlorobiia;Chlorobiales;Chlorobiaceae;Chlorobaculum;Chlorobaculum tepidum
k141_41144	Bacteria;Verrucomicrobiota;Verrucomicrobiia;Verrucomicrobiales;Akkermansiaceae;Akkermansia;Akkermansia muciniphila
k141_55443	Bacteria;Pseudomonadota;Gammaproteobacteria;Pseudomonadales;Pseudomonadaceae;Pseudomonas
k141_37249	
k141_51724	Bacteria;Pseudomonadota;Gammaproteobacteria;Pseudomonadales;Pseudomonadaceae;Pseudomonas
k141_55444	Bacteria;Pseudomonadota;Gammaproteobacteria;Pseudomonadales;Pseudomonadaceae;Pseudomonas
k141_41148	Bacteria;Verrucomicrobiota;Verrucomicrobiia;Verrucomicrobiales;Akkermansiaceae;Akkermansia;Akkermansia muciniphila
k141_18958	Bacteria;Pseudomonadota;Gammaproteobacteria
k141_26264	Archaea;Methanobacteriota;Methanococci;Methanococcales;Methanococcaceae;Methanococcus;Methanococcus maripaludis
k141_37250	Bacteria;Pseudomonadota;Gammaproteobacteria;Pseudomonadales;Pseudomonadaceae;Pseudomonas
k141_41149	Bacteria;Pseudomonadota;Gammaproteobacteria;Alteromonadales;Shewanellaceae;Shewanella
k141_51727	Bacteria;Aquificota;Aquificia;Aquificales;Aquificaceae;Hydrogenobaculum
k141_1125	Bacteria;Chlorobiota;Chlorobiia;Chlorobiales;Chlorobiaceae;Chlorobium;Chlorobium phaeovibrioides
k141_48557	Archaea;Thermoproteota;Thermoprotei;Desulfurococcales;Desulfurococcaceae;Ignicoccus;Ignicoccus hospitalis
k141_55446	Bacteria;Chlorobiota;Chlorobiia;Chlorobiales;Chlorobiaceae;Chlorobium;Chlorobium phaeobacteroides
k141_18963	Bacteria;Pseudomonadota;Gammaproteobacteria;Pseudomonadales;Pseudomonadaceae
k141_41152	Bacteria;Chlorobiota;Chlorobiia;Chlorobiales;Chlorobiaceae;Chlorobium;Chlorobium phaeobacteroides
k141_37256	Bacteria;Pseudomonadota;Gammaproteobacteria;Pseudomonadales;Pseudomonadaceae;Pseudomonas
k141_44520	Bacteria;Bacteroidota;Bacteroidia;Bacteroidales;Porphyromonadaceae;Porphyromonas;Porphyromonas gingivalis
k141_15406	Bacteria;Planctomycetota;Planctomycetia;Pirellulales;Pirellulaceae;Rhodopirellula;Rhodopirellula baltica
k141_11833	Bacteria;Planctomycetota;Planctomycetia;Pirellulales;Pirellulaceae;Rhodopirellula;Rhodopirellula baltica
k141_55449	Archaea;Thermoproteota;Thermoprotei;Desulfurococcales;Desulfurococcaceae;Ignicoccus;Ignicoccus islandicus
k141_51730	Bacteria;Bacteroidota;Bacteroidia;Bacteroidales;Porphyromonadaceae;Porphyromonas;Porphyromonas gingivalis
k141_4420	
k141_37259	Bacteria;Pseudomonadota;Gammaproteobacteria;Pseudomonadales;Pseudomonadaceae;Pseudomonas
k141_18972	Bacteria;Planctomycetota;Planctomycetia;Pirellulales;Pirellulaceae;Rhodopirellula;Rhodopirellula baltica
k141_44527	Bacteria;Pseudomonadota;Gammaproteobacteria;Pseudomonadales;Pseudomonadaceae;Pseudomonas
k141_37260	Bacteria;Pseudomonadota;Gammaproteobacteria;Pseudomonadales;Pseudomonadaceae;Pseudomonas
k141_51737	Bacteria;Pseudomonadota;Gammaproteobacteria;Pseudomonadales;Pseudomonadaceae;Pseudomonas
k141_26265	Archaea;Methanobacteriota;Methanococci;Methanococcales;Methanocaldococcaceae;Methanocaldococcus;Methanocaldococcus jannaschii
k141_1135	Bacteria;Planctomycetota;Planctomycetia;Pirellulales;Pirellulaceae;Rhodopirellula;Rhodopirellula baltica
k141_15407	Archaea;Methanobacteriota;Methanococci;Methanococcales;Methanococcaceae;Methanococcus;Methanococcus maripaludis
k141_18975	Archaea;Methanobacteriota;Methanococci;Methanococcales;Methanococcaceae;Methanococcus;Methanococcus maripaludis
k141_11844	Bacteria;Fusobacteriota;Fusobacteriia;Fusobacteriales;Fusobacteriaceae;Fusobacterium
k141_51738	Bacteria;Chlorobiota;Chlorobiia;Chlorobiales;Chlorobiaceae;Chlorobium;Chlorobium phaeobacteroides
k141_55450	Bacteria;Fusobacteriota;Fusobacteriia;Fusobacteriales;Fusobacteriaceae;Fusobacterium
k141_26267	Bacteria;Pseudomonadota;Gammaproteobacteria;Pseudomonadales;Pseudomonadaceae;Pseudomonas
k141_37264	Bacteria;Pseudomonadota;Gammaproteobacteria;Alteromonadales;Shewanellaceae;Shewanella
k141_18978	Bacteria;Pseudomonadota;Gammaproteobacteria;Pseudomonadales;Pseudomonadaceae;Pseudomonas
k141_26268	Bacteria;Verrucomicrobiota;Verrucomicrobiia;Verrucomicrobiales;Akkermansiaceae;Akkermansia;Akkermansia muciniphila
k141_1138	Archaea;Thermoproteota;Thermoprotei;Desulfurococcales;Desulfurococcaceae;Ignicoccus;Ignicoccus islandicus
k141_51741	Bacteria;Pseudomonadota;Gammaproteobacteria;Pseudomonadales;Pseudomonadaceae;Pseudomonas
k141_41165	Bacteria;Pseudomonadota;Gammaproteobacteria;Alteromonadales;Shewanellaceae;Shewanella;Shewanella baltica
k141_48559	
k141_41166	Bacteria;Bacillota
k141_26275	Bacteria;Chlorobiota;Chlorobiia;Chlorobiales;Chlorobiaceae;Chlorobium;Chlorobium phaeobacteroides
k141_37273	Bacteria;Chlorobiota;Chlorobiia;Chlorobiales;Chlorobiaceae;Chlorobium;Chlorobium phaeobacteroides
k141_15422	Archaea;Thermoproteota;Thermoprotei;Thermoproteales;Thermoproteaceae;Pyrobaculum;Pyrobaculum calidifontis
k141_1139	Archaea;Thermoproteota;Thermoprotei;Desulfurococcales;Desulfurococcaceae;Ignicoccus;Ignicoccus hospitalis
k141_51749	Bacteria;Pseudomonadota;Gammaproteobacteria;Pseudomonadales;Pseudomonadaceae;Pseudomonas
k141_55465	Bacteria;Pseudomonadota;Gammaproteobacteria;Pseudomonadales;Pseudomonadaceae;Pseudomonas
k141_44533	Bacteria;Bacteroidota;Bacteroidia;Bacteroidales;Porphyromonadaceae;Porphyromonas;Porphyromonas gingivalis
k141_37278	Bacteria;Pseudomonadota;Gammaproteobacteria;Pseudomonadales;Pseudomonadaceae;Pseudomonas
k141_11850	Bacteria;Pseudomonadota;Gammaproteobacteria;Alteromonadales;Shewanellaceae;Shewanella
k141_1143	Bacteria;Aquificota;Aquificia;Aquificales;Aquificaceae;Hydrogenobaculum
k141_51753	Bacteria;Pseudomonadota;Gammaproteobacteria;Pseudomonadales;Pseudomonadaceae;Pseudomonas
k141_18992	Bacteria;Thermodesulfobacteriota;Desulfovibrionia;Desulfovibrionales;Desulfovibrionaceae;Desulfovibrio;Desulfovibrio piger
k141_41169	Archaea;Methanobacteriota;Halobacteria;Halobacteriales
k141_1145	Bacteria;Cyanobacteriota;Cyanophyceae;Nostocales;Nostocaceae
k141_33631	Archaea;Methanobacteriota;Methanobacteria;Methanobacteriales;Methanothermaceae;Methanothermus;Methanothermus sociabilis
k141_11851	Bacteria;Pseudomonadota;Gammaproteobacteria;Pseudomonadales;Pseudomonadaceae;Pseudomonas
k141_55467	Bacteria;Pseudomonadota;Gammaproteobacteria;Pseudomonadales;Pseudomonadaceae;Pseudomonas
k141_26276	Bacteria;Bacteroidota;Bacteroidia;Bacteroidales;Porphyromonadaceae;Porphyromonas;Porphyromonas gingivalis
k141_18994	Bacteria;Pseudomonadota;Gammaproteobacteria;Pseudomonadales;Pseudomonadaceae;Pseudomonas
k141_41170	Bacteria;Cyanobacteriota;Cyanophyceae;Nostocales;Nostocaceae
k141_37282	Bacteria;Pseudomonadota;Gammaproteobacteria;Pseudomonadales;Pseudomonadaceae;Pseudomonas
k141_26278	
k141_33633	Archaea;Methanobacteriota;Halobacteria;Halobacteriales;Halobacteriaceae;Halobacterium
k141_41172	Bacteria;Pseudomonadota;Gammaproteobacteria;Pseudomonadales;Pseudomonadaceae;Pseudomonas
k141_55473	Bacteria;Pseudomonadota;Gammaproteobacteria;Pseudomonadales;Pseudomonadaceae;Pseudomonas
k141_51760	Bacteria;Pseudomonadota;Gammaproteobacteria;Alteromonadales;Shewanellaceae;Shewanella;Shewanella baltica
k141_18996	Bacteria
k141_41174	Bacteria;Aquificota;Aquificia;Aquificales;Aquificaceae;Hydrogenobaculum
k141_37285	Bacteria;Pseudomonadota;Gammaproteobacteria;Pseudomonadales;Pseudomonadaceae;Pseudomonas
k141_33637	Bacteria;Pseudomonadota;Gammaproteobacteria;Alteromonadales;Shewanellaceae;Shewanella
k141_51764	Bacteria;Bacteroidota;Bacteroidia;Bacteroidales;Bacteroidaceae;Phocaeicola
k141_19003	Bacteria;Cyanobacteriota;Cyanophyceae;Nostocales;Nostocaceae
k141_41180	Bacteria;Pseudomonadota;Gammaproteobacteria;Pseudomonadales;Pseudomonadaceae;Pseudomonas
k141_55481	Archaea;Methanobacteriota;Methanococci;Methanococcales;Methanococcaceae;Methanococcus;Methanococcus maripaludis
k141_15426	Bacteria;Pseudomonadota;Betaproteobacteria;Nitrosomonadales;Nitrosomonadaceae;Nitrosomonas;Nitrosomonas europaea
k141_37287	Bacteria;Pseudomonadota;Gammaproteobacteria;Alteromonadales;Shewanellaceae;Shewanella
k141_26285	Bacteria;Pseudomonadota;Gammaproteobacteria;Alteromonadales;Shewanellaceae;Shewanella
k141_51765	Bacteria;Fusobacteriota;Fusobacteriia;Fusobacteriales;Fusobacteriaceae;Fusobacterium
k141_55484	Bacteria;Cyanobacteriota;Cyanophyceae;Nostocales;Nostocaceae
k141_15429	
k141_33640	Bacteria;Bacteroidota;Bacteroidia;Bacteroidales
k141_41185	Bacteria;Pseudomonadota;Gammaproteobacteria;Alteromonadales;Shewanellaceae;Shewanella
k141_37288	Archaea;Thermoproteota;Thermoprotei;Desulfurococcales;Desulfurococcaceae;Ignicoccus;Ignicoccus islandicus
k141_51770	Bacteria;Pseudomonadota;Gammaproteobacteria;Pseudomonadales;Pseudomonadaceae;Pseudomonas
k141_15434	Archaea;Thermoproteota;Thermoprotei;Desulfurococcales;Desulfurococcaceae;Ignicoccus;Ignicoccus islandicus
k141_41187	
k141_26295	Bacteria;Chlorobiota;Chlorobiia;Chlorobiales;Chlorobiaceae;Chlorobaculum;Chlorobaculum tepidum
k141_44540	
k141_37296	Bacteria;Pseudomonadota;Gammaproteobacteria;Pseudomonadales;Pseudomonadaceae;Pseudomonas
k141_15439	Bacteria;Pseudomonadota;Gammaproteobacteria;Pseudomonadales;Pseudomonadaceae;Pseudomonas
k141_19005	Archaea;Methanobacteriota;Halobacteria;Halobacteriales;Halobacteriaceae;Halobacterium
k141_55497	Bacteria;Pseudomonadota;Gammaproteobacteria;Pseudomonadales;Pseudomonadaceae;Pseudomonas
k141_41195	Bacteria;Cyanobacteriota;Cyanophyceae;Nostocales;Nostocaceae
k141_44545	Bacteria;Aquificota;Aquificia;Aquificales;Aquificaceae;Hydrogenobaculum
k141_15441	Bacteria;Cyanobacteriota;Cyanophyceae;Nostocales;Nostocaceae
k141_37299	Bacteria;Verrucomicrobiota;Verrucomicrobiia;Verrucomicrobiales;Akkermansiaceae;Akkermansia;Akkermansia muciniphila
k141_55498	Bacteria;Pseudomonadota;Gammaproteobacteria;Alteromonadales;Shewanellaceae;Shewanella
k141_37301	Bacteria
k141_33646	
k141_26302	Bacteria;Pseudomonadota;Gammaproteobacteria;Alteromonadales;Shewanellaceae;Shewanella
k141_19013	Bacteria;Pseudomonadota;Gammaproteobacteria;Alteromonadales;Shewanellaceae;Shewanella
k141_41200	Bacteria;Verrucomicrobiota;Verrucomicrobiia;Verrucomicrobiales;Akkermansiaceae;Akkermansia
k141_22188	Bacteria;Gemmatimonadota;Gemmatimonadia;Gemmatimonadales;Gemmatimonadaceae;Gemmatimonas;Gemmatimonas aurantiaca
k141_15443	Bacteria;Chlorobiota;Chlorobiia;Chlorobiales;Chlorobiaceae;Chlorobaculum;Chlorobaculum tepidum
k141_44549	
k141_37302	Bacteria;Chlorobiota;Chlorobiia;Chlorobiales;Chlorobiaceae;Chlorobium;Chlorobium phaeobacteroides
k141_15444	Bacteria;Thermodesulfobacteriota;Desulfovibrionia;Desulfovibrionales;Desulfovibrionaceae;Desulfovibrio;Desulfovibrio piger
k141_22189	Bacteria;Cyanobacteriota;Cyanophyceae;Nostocales;Nostocaceae
k141_55502	Archaea;Thermoproteota;Thermoprotei;Desulfurococcales;Desulfurococcaceae;Ignicoccus;Ignicoccus islandicus
k141_4423	
k141_11862	Archaea;Methanobacteriota;Methanobacteria;Methanobacteriales;Methanothermaceae;Methanothermus;Methanothermus sociabilis
k141_44554	Bacteria;Pseudomonadota;Gammaproteobacteria;Pseudomonadales;Pseudomonadaceae;Pseudomonas
k141_41207	Bacteria;Pseudomonadota;Gammaproteobacteria
k141_33655	Bacteria;Chlorobiota;Chlorobiia;Chlorobiales;Chlorobiaceae;Chlorobium;Chlorobium phaeobacteroides
k141_22192	Archaea;Thermoproteota;Thermoprotei;Desulfurococcales;Desulfurococcaceae;Ignicoccus;Ignicoccus hospitalis
k141_4428	Archaea;Thermoproteota;Thermoprotei;Desulfurococcales;Desulfurococcaceae;Ignicoccus;Ignicoccus islandicus
k141_1151	Bacteria;Bacteroidota;Bacteroidia;Bacteroidales;Porphyromonadaceae;Porphyromonas;Porphyromonas gingivalis
k141_37309	Bacteria;Pseudomonadota;Gammaproteobacteria;Pseudomonadales;Pseudomonadaceae;Pseudomonas
k141_15451	Bacteria;Cyanobacteriota;Cyanophyceae;Nostocales
k141_44557	Bacteria;Pseudomonadota;Gammaproteobacteria;Pseudomonadales;Pseudomonadaceae;Pseudomonas
k141_37311	Archaea;Methanobacteriota;Methanococci;Methanococcales;Methanococcaceae;Methanococcus;Methanococcus maripaludis
k141_22195	Bacteria;Pseudomonadota;Gammaproteobacteria;Pseudomonadales;Pseudomonadaceae;Pseudomonas
k141_44559	Bacteria;Pseudomonadota;Gammaproteobacteria;Pseudomonadales;Pseudomonadaceae;Pseudomonas
k141_33658	Bacteria;Planctomycetota;Planctomycetia;Pirellulales;Pirellulaceae;Rhodopirellula;Rhodopirellula baltica
k141_1155	Bacteria;Chlorobiota;Chlorobiia;Chlorobiales;Chlorobiaceae;Chlorobium;Chlorobium phaeobacteroides
k141_11871	Bacteria;Cyanobacteriota;Cyanophyceae;Nostocales;Nostocaceae
k141_37312	Bacteria;Bacteroidota;Bacteroidia;Bacteroidales;Bacteroidaceae;Phocaeicola
k141_41218	Bacteria;Pseudomonadota;Gammaproteobacteria;Pseudomonadales;Pseudomonadaceae;Pseudomonas
k141_15455	Bacteria;Pseudomonadota;Gammaproteobacteria;Pseudomonadales;Pseudomonadaceae
k141_1156	Bacteria;Chlorobiota;Chlorobiia;Chlorobiales;Chlorobiaceae;Chlorobaculum
k141_41220	Bacteria;Cyanobacteriota;Cyanophyceae;Nostocales;Nostocaceae
k141_51776	Bacteria;Bacillota;Clostridia;Thermoanaerobacterales;Thermoanaerobacteraceae;Thermoanaerobacter
k141_37313	Bacteria;Pseudomonadota;Gammaproteobacteria;Pseudomonadales;Pseudomonadaceae;Pseudomonas
k141_30050	Archaea;Methanobacteriota;Methanococci;Methanococcales;Methanocaldococcaceae;Methanocaldococcus
k141_51777	Bacteria;Pseudomonadota;Gammaproteobacteria;Pseudomonadales;Pseudomonadaceae;Pseudomonas
k141_1161	Bacteria;Pseudomonadota;Gammaproteobacteria
k141_44565	Bacteria;Planctomycetota;Planctomycetia;Pirellulales;Pirellulaceae;Rhodopirellula;Rhodopirellula baltica
k141_55518	
k141_22208	Archaea;Methanobacteriota;Methanopyri;Methanopyrales;Methanopyraceae;Methanopyrus;Methanopyrus kandleri
k141_33672	Bacteria;Fusobacteriota;Fusobacteriia;Fusobacteriales;Fusobacteriaceae;Fusobacterium
k141_51781	Bacteria;Chlorobiota;Chlorobiia;Chlorobiales;Chlorobiaceae
k141_11887	
k141_15465	Bacteria;Pseudomonadota;Gammaproteobacteria;Pseudomonadales;Pseudomonadaceae;Pseudomonas
k141_26305	Bacteria;Thermotogota;Thermotogae;Thermotogales;Thermotogaceae;Thermotoga
k141_22211	Bacteria;Pseudomonadota;Gammaproteobacteria;Pseudomonadales;Pseudomonadaceae;Pseudomonas
k141_44566	Bacteria;Planctomycetota;Planctomycetia;Pirellulales;Pirellulaceae;Rhodopirellula;Rhodopirellula baltica
k141_1168	Archaea;Methanobacteriota;Methanococci;Methanococcales;Methanococcaceae;Methanococcus;Methanococcus maripaludis
k141_15466	Bacteria;Chloroflexota;Chloroflexia;Chloroflexales;Chloroflexaceae;Chloroflexus;Chloroflexus aurantiacus
k141_55520	Bacteria;Fusobacteriota;Fusobacteriia;Fusobacteriales;Fusobacteriaceae;Fusobacterium
k141_44567	Bacteria;Pseudomonadota;Gammaproteobacteria;Alteromonadales;Shewanellaceae;Shewanella
k141_26308	Archaea;Thermoproteota;Thermoprotei;Desulfurococcales;Desulfurococcaceae;Ignicoccus;Ignicoccus islandicus
k141_11891	Bacteria;Pseudomonadota;Gammaproteobacteria;Alteromonadales;Shewanellaceae;Shewanella
k141_1171	Bacteria;Verrucomicrobiota;Verrucomicrobiia;Verrucomicrobiales;Akkermansiaceae;Akkermansia;Akkermansia muciniphila
k141_44568	Bacteria;Pseudomonadota;Gammaproteobacteria;Pseudomonadales;Pseudomonadaceae;Pseudomonas
k141_22221	Archaea;Methanobacteriota;Thermococci;Thermococcales;Thermococcaceae;Pyrococcus;Pyrococcus horikoshii
k141_37316	Bacteria;Planctomycetota;Planctomycetia;Pirellulales;Pirellulaceae;Rhodopirellula;Rhodopirellula baltica
k141_15473	
k141_11892	Archaea;Methanobacteriota;Methanococci;Methanococcales;Methanococcaceae;Methanococcus;Methanococcus maripaludis
k141_22223	
k141_44571	Bacteria;Pseudomonadota;Gammaproteobacteria;Pseudomonadales;Pseudomonadaceae;Pseudomonas
k141_26313	Bacteria;Planctomycetota;Planctomycetia;Pirellulales;Pirellulaceae;Rhodopirellula;Rhodopirellula baltica
k141_19014	Bacteria;Pseudomonadota;Gammaproteobacteria;Alteromonadales;Shewanellaceae;Shewanella
k141_41226	Bacteria;Fusobacteriota;Fusobacteriia;Fusobacteriales;Fusobacteriaceae;Fusobacterium
k141_37320	Bacteria;Pseudomonadota;Gammaproteobacteria;Pseudomonadales;Pseudomonadaceae;Pseudomonas
k141_51798	Bacteria;Spirochaetota;Spirochaetia;Treponematales;Treponemataceae;Treponema
k141_1179	Archaea;Thermoproteota;Thermoprotei;Desulfurococcales;Desulfurococcaceae;Ignicoccus;Ignicoccus islandicus
k141_41227	Bacteria;Cyanobacteriota;Cyanophyceae;Nostocales;Nostocaceae
k141_19015	Bacteria;Pseudomonadota;Gammaproteobacteria;Pseudomonadales;Pseudomonadaceae;Pseudomonas
k141_33674	Bacteria;Planctomycetota;Planctomycetia;Pirellulales;Pirellulaceae;Rhodopirellula;Rhodopirellula baltica
k141_44578	Bacteria;Pseudomonadota;Gammaproteobacteria;Pseudomonadales;Pseudomonadaceae
k141_55524	Bacteria;Pseudomonadota;Gammaproteobacteria;Alteromonadales;Shewanellaceae;Shewanella;Shewanella baltica
k141_41228	Bacteria;Cyanobacteriota;Cyanophyceae;Nostocales;Nostocaceae
k141_11894	Bacteria;Pseudomonadota;Gammaproteobacteria;Alteromonadales;Shewanellaceae;Shewanella
k141_41231	Bacteria;Pseudomonadota
k141_15477	Bacteria;Planctomycetota;Planctomycetia;Pirellulales;Pirellulaceae;Rhodopirellula;Rhodopirellula baltica
k141_30052	Bacteria;Planctomycetota;Planctomycetia;Pirellulales;Pirellulaceae;Rhodopirellula;Rhodopirellula baltica
k141_41232	Bacteria;Pseudomonadota;Gammaproteobacteria;Alteromonadales;Shewanellaceae;Shewanella
k141_19020	Archaea;Thermoproteota;Thermoprotei;Desulfurococcales;Desulfurococcaceae;Ignicoccus;Ignicoccus islandicus
k141_33675	Bacteria;Chlorobiota;Chlorobiia;Chlorobiales;Chlorobiaceae;Chlorobium;Chlorobium limicola
k141_4432	Bacteria;Bacillota
k141_26330	Bacteria;Chlorobiota;Chlorobiia;Chlorobiales;Chlorobiaceae;Chlorobaculum;Chlorobaculum tepidum
k141_19022	Archaea;Thermoproteota;Thermoprotei;Desulfurococcales;Desulfurococcaceae;Ignicoccus;Ignicoccus hospitalis
k141_33677	Bacteria;Pseudomonadota;Gammaproteobacteria;Pseudomonadales;Pseudomonadaceae;Pseudomonas
k141_15482	
k141_41235	Archaea;Thermoproteota;Thermoprotei;Desulfurococcales;Desulfurococcaceae;Ignicoccus;Ignicoccus islandicus
k141_37341	Bacteria;Chlorobiota;Chlorobiia;Chlorobiales;Chlorobiaceae;Chlorobium;Chlorobium phaeobacteroides
k141_11903	Bacteria;Pseudomonadota;Gammaproteobacteria;Pseudomonadales;Pseudomonadaceae;Pseudomonas
k141_26332	Bacteria;Pseudomonadota;Gammaproteobacteria;Pseudomonadales;Pseudomonadaceae;Pseudomonas;Pseudomonas marginalis
k141_33678	Bacteria;Cyanobacteriota;Cyanophyceae;Nostocales
k141_37344	Bacteria;Pseudomonadota;Gammaproteobacteria;Alteromonadales;Shewanellaceae;Shewanella;Shewanella loihica
k141_19026	Bacteria;Pseudomonadota;Gammaproteobacteria;Pseudomonadales;Pseudomonadaceae;Pseudomonas
k141_8264	Bacteria;Bacillota;Clostridia;Thermoanaerobacterales;Thermoanaerobacteraceae;Thermoanaerobacter
k141_4433	Bacteria;Bacteroidota;Bacteroidia;Bacteroidales;Porphyromonadaceae;Porphyromonas;Porphyromonas gingivalis
k141_44596	Archaea;Thermoproteota;Thermoprotei;Thermoproteales;Thermoproteaceae;Pyrobaculum;Pyrobaculum calidifontis
k141_26336	Bacteria;Campylobacterota;Epsilonproteobacteria;Campylobacterales;Helicobacteraceae;Wolinella;Wolinella succinogenes
k141_33683	Bacteria;Cyanobacteriota;Cyanophyceae;Nostocales
k141_1187	Bacteria;Pseudomonadota;Gammaproteobacteria;Alteromonadales;Shewanellaceae;Shewanella
k141_11907	Bacteria;Chlorobiota;Chlorobiia;Chlorobiales;Chlorobiaceae;Chlorobium;Chlorobium phaeobacteroides
k141_41240	Bacteria;Planctomycetota;Planctomycetia;Pirellulales;Pirellulaceae;Rhodopirellula;Rhodopirellula baltica
k141_1188	Bacteria;Pseudomonadota;Gammaproteobacteria;Pseudomonadales;Pseudomonadaceae;Pseudomonas
k141_19027	Bacteria;Pseudomonadota;Gammaproteobacteria;Alteromonadales;Shewanellaceae;Shewanella
k141_33686	Bacteria;Cyanobacteriota;Cyanophyceae;Nostocales;Nostocaceae
k141_51808	Bacteria;Planctomycetota;Planctomycetia;Pirellulales;Pirellulaceae;Rhodopirellula;Rhodopirellula baltica
k141_44604	Bacteria;Pseudomonadota;Gammaproteobacteria;Pseudomonadales;Pseudomonadaceae;Pseudomonas
k141_37352	Bacteria;Chlorobiota;Chlorobiia;Chlorobiales;Chlorobiaceae;Chlorobaculum;Chlorobaculum tepidum
k141_11917	Bacteria;Pseudomonadota;Gammaproteobacteria;Alteromonadales;Shewanellaceae;Shewanella
k141_33694	Archaea;Thermoproteota;Thermoprotei;Thermoproteales;Thermoproteaceae;Pyrobaculum;Pyrobaculum calidifontis
k141_30053	Bacteria;Chlorobiota;Chlorobiia;Chlorobiales;Chlorobiaceae;Chlorobium;Chlorobium phaeovibrioides
k141_11919	Bacteria;Fusobacteriota;Fusobacteriia;Fusobacteriales;Fusobacteriaceae;Fusobacterium
k141_51817	
k141_44609	Archaea;Methanobacteriota;Halobacteria;Halobacteriales;Halobacteriaceae;Halobacterium
k141_55525	Bacteria;Planctomycetota;Planctomycetia;Pirellulales;Pirellulaceae;Rhodopirellula;Rhodopirellula baltica
k141_1189	Bacteria;Pseudomonadota;Gammaproteobacteria;Alteromonadales;Shewanellaceae;Shewanella
k141_51818	Bacteria;Pseudomonadota;Gammaproteobacteria;Alteromonadales;Shewanellaceae;Shewanella
k141_8289	Bacteria;Pseudomonadota;Gammaproteobacteria;Pseudomonadales;Pseudomonadaceae;Pseudomonas
k141_22237	
k141_1190	Bacteria;Pseudomonadota;Gammaproteobacteria;Pseudomonadales;Pseudomonadaceae;Pseudomonas
k141_41254	Bacteria;Planctomycetota;Planctomycetia;Pirellulales;Pirellulaceae;Rhodopirellula;Rhodopirellula baltica
k141_30056	Bacteria;Chlorobiota;Chlorobiia;Chlorobiales;Chlorobiaceae;Chlorobaculum;Chlorobaculum tepidum
k141_19034	Bacteria;Pseudomonadota;Gammaproteobacteria;Alteromonadales;Shewanellaceae;Shewanella
k141_8292	Bacteria;Pseudomonadota;Gammaproteobacteria;Pseudomonadales;Pseudomonadaceae
k141_33695	Bacteria;Planctomycetota;Planctomycetia;Pirellulales;Pirellulaceae;Rhodopirellula;Rhodopirellula baltica
k141_41255	Bacteria;Pseudomonadota;Gammaproteobacteria;Alteromonadales;Shewanellaceae;Shewanella
k141_4441	Bacteria;Bacillota;Clostridia;Thermoanaerobacterales;Thermoanaerobacteraceae;Thermoanaerobacter
k141_30060	Bacteria;Pseudomonadota;Gammaproteobacteria;Alteromonadales;Shewanellaceae;Shewanella
k141_55528	Bacteria;Bacteroidota;Bacteroidia;Bacteroidales;Porphyromonadaceae;Porphyromonas;Porphyromonas gingivalis
k141_4444	Bacteria;Cyanobacteriota;Cyanophyceae;Nostocales;Nostocaceae
k141_33697	Archaea;Thermoproteota;Thermoprotei;Desulfurococcales;Desulfurococcaceae;Ignicoccus;Ignicoccus islandicus
k141_30063	Bacteria;Pseudomonadota;Gammaproteobacteria;Alteromonadales;Shewanellaceae;Shewanella
k141_11920	Bacteria;Pseudomonadota;Gammaproteobacteria
k141_19042	Bacteria;Pseudomonadota;Gammaproteobacteria;Alteromonadales;Shewanellaceae;Shewanella
k141_51831	
k141_44620	
k141_51832	Bacteria;Thermodesulfobacteriota;Desulfovibrionia;Desulfovibrionales;Desulfovibrionaceae;Desulfovibrio;Desulfovibrio piger
k141_19046	Bacteria;Chlorobiota;Chlorobiia;Chlorobiales;Chlorobiaceae;Chlorobium;Chlorobium phaeobacteroides
k141_11921	Bacteria;Bacillota;Clostridia;Thermoanaerobacterales;Thermoanaerobacteraceae;Thermoanaerobacter
k141_30071	Bacteria;Pseudomonadota;Gammaproteobacteria;Pseudomonadales;Pseudomonadaceae;Pseudomonas
k141_1197	Bacteria;Planctomycetota;Planctomycetia;Pirellulales;Pirellulaceae;Rhodopirellula;Rhodopirellula baltica
k141_55538	Archaea;Thermoproteota;Thermoprotei;Desulfurococcales;Desulfurococcaceae;Ignicoccus;Ignicoccus islandicus
k141_1198	Archaea;Thermoproteota;Thermoprotei;Desulfurococcales;Desulfurococcaceae;Ignicoccus;Ignicoccus islandicus
k141_30074	Bacteria;Pseudomonadota;Gammaproteobacteria;Pseudomonadales;Pseudomonadaceae;Pseudomonas
k141_33698	Bacteria;Planctomycetota;Planctomycetia;Pirellulales;Pirellulaceae;Rhodopirellula;Rhodopirellula baltica
k141_55542	Bacteria;Pseudomonadota;Gammaproteobacteria;Pseudomonadales;Pseudomonadaceae;Pseudomonas
k141_1204	Bacteria;Bacteroidota;Bacteroidia;Bacteroidales;Bacteroidaceae;Phocaeicola
k141_37359	Bacteria;Planctomycetota;Planctomycetia;Pirellulales;Pirellulaceae;Rhodopirellula;Rhodopirellula baltica
k141_51843	Bacteria;Aquificota;Aquificia;Aquificales;Aquificaceae;Hydrogenobaculum
k141_22241	
k141_1208	Bacteria;Pseudomonadota;Gammaproteobacteria;Pseudomonadales;Pseudomonadaceae;Pseudomonas
k141_55545	Bacteria;Cyanobacteriota;Cyanophyceae;Nostocales;Nostocaceae
k141_11923	Bacteria;Aquificota;Aquificia;Aquificales;Aquificaceae;Hydrogenobaculum;Hydrogenobaculum sp. Y04AAS1
k141_51847	Bacteria;Chlorobiota;Chlorobiia;Chlorobiales;Chlorobiaceae;Chlorobium;Chlorobium phaeobacteroides
k141_37366	Bacteria;Pseudomonadota;Gammaproteobacteria;Pseudomonadales;Pseudomonadaceae;Pseudomonas
k141_4445	
k141_22243	Archaea;Methanobacteriota;Thermococci;Thermococcales;Thermococcaceae;Pyrococcus;Pyrococcus horikoshii
k141_1210	
k141_37368	Bacteria;Planctomycetota;Planctomycetia;Pirellulales;Pirellulaceae;Rhodopirellula;Rhodopirellula baltica
k141_30089	Bacteria;Pseudomonadota;Gammaproteobacteria;Alteromonadales;Shewanellaceae;Shewanella
k141_1211	Bacteria;Bacteroidota;Bacteroidia;Bacteroidales
k141_22245	Bacteria;Cyanobacteriota;Cyanophyceae;Nostocales;Nostocaceae
k141_4449	Bacteria;Pseudomonadota;Gammaproteobacteria;Pseudomonadales;Pseudomonadaceae
k141_30092	Bacteria;Pseudomonadota;Gammaproteobacteria;Pseudomonadales;Pseudomonadaceae;Pseudomonas
k141_41260	Bacteria;Planctomycetota;Planctomycetia;Pirellulales;Pirellulaceae;Rhodopirellula;Rhodopirellula baltica
k141_33722	Bacteria;Pseudomonadota;Gammaproteobacteria;Pseudomonadales;Pseudomonadaceae;Pseudomonas
k141_4451	Bacteria;Campylobacterota;Epsilonproteobacteria;Campylobacterales;Helicobacteraceae;Wolinella;Wolinella succinogenes
k141_19071	Bacteria;Bacteroidota;Bacteroidia;Bacteroidales;Porphyromonadaceae;Porphyromonas;Porphyromonas gingivalis
k141_11927	Bacteria;Pseudomonadota;Gammaproteobacteria;Alteromonadales;Shewanellaceae;Shewanella
k141_30094	Bacteria;Pseudomonadota;Gammaproteobacteria;Pseudomonadales;Pseudomonadaceae;Pseudomonas
k141_1213	Bacteria;Planctomycetota;Planctomycetia;Pirellulales;Pirellulaceae;Rhodopirellula;Rhodopirellula baltica
k141_4456	Bacteria;Bacillota;Clostridia;Thermoanaerobacterales;Thermoanaerobacteraceae;Thermoanaerobacter
k141_22248	Bacteria;Planctomycetota;Planctomycetia;Pirellulales;Pirellulaceae;Rhodopirellula;Rhodopirellula baltica
k141_11929	
k141_37381	Bacteria;Chloroflexota;Chloroflexia;Chloroflexales;Chloroflexaceae;Chloroflexus;Chloroflexus aurantiacus
k141_4458	Bacteria;Chlorobiota;Chlorobiia;Chlorobiales;Chlorobiaceae;Chlorobaculum;Chlorobaculum tepidum
k141_44621	Archaea;Methanobacteriota;Halobacteria;Halobacteriales;Halobacteriaceae;Halobacterium
k141_11930	Bacteria;Planctomycetota;Planctomycetia;Pirellulales;Pirellulaceae;Rhodopirellula;Rhodopirellula baltica
k141_19081	Bacteria;Pseudomonadota;Gammaproteobacteria;Pseudomonadales;Pseudomonadaceae;Pseudomonas
k141_55547	Bacteria;Bacillota;Clostridia;Thermoanaerobacterales;Thermoanaerobacteraceae;Thermoanaerobacter
k141_37384	Bacteria;Pseudomonadota;Gammaproteobacteria;Pseudomonadales;Pseudomonadaceae;Pseudomonas
k141_55551	Bacteria;Pseudomonadota;Gammaproteobacteria;Pseudomonadales;Pseudomonadaceae;Pseudomonas
k141_4461	Bacteria;Pseudomonadota;Gammaproteobacteria;Alteromonadales;Shewanellaceae;Shewanella
k141_11931	Archaea;Thermoproteota;Thermoprotei;Desulfurococcales;Desulfurococcaceae;Ignicoccus;Ignicoccus hospitalis
k141_41262	Bacteria;Chlorobiota;Chlorobiia;Chlorobiales;Chlorobiaceae;Chlorobium;Chlorobium limicola
k141_22261	Bacteria;Pseudomonadota;Gammaproteobacteria;Alteromonadales;Shewanellaceae;Shewanella
k141_33742	Bacteria;Chlorobiota;Chlorobiia;Chlorobiales;Chlorobiaceae
k141_55553	Bacteria;Pseudomonadota;Gammaproteobacteria;Alteromonadales;Shewanellaceae;Shewanella
k141_19085	Bacteria;Chloroflexota;Chloroflexia;Chloroflexales;Chloroflexaceae;Chloroflexus
k141_37396	Bacteria;Cyanobacteriota;Cyanophyceae;Nostocales;Nostocaceae
k141_41263	Archaea;Thermoproteota;Thermoprotei;Desulfurococcales;Desulfurococcaceae;Ignicoccus;Ignicoccus islandicus
k141_4464	Bacteria;Pseudomonadota;Gammaproteobacteria;Alteromonadales;Shewanellaceae;Shewanella;Shewanella baltica
k141_55555	Bacteria;Pseudomonadota;Gammaproteobacteria;Alteromonadales;Shewanellaceae;Shewanella
k141_51849	Bacteria;Planctomycetota;Planctomycetia;Pirellulales;Pirellulaceae;Rhodopirellula;Rhodopirellula baltica
k141_22263	Bacteria;Fusobacteriota;Fusobacteriia;Fusobacteriales;Fusobacteriaceae;Fusobacterium
k141_37399	Bacteria;Pseudomonadota;Gammaproteobacteria;Pseudomonadales;Pseudomonadaceae;Pseudomonas
k141_41265	Bacteria;Pseudomonadota;Gammaproteobacteria;Alteromonadales;Shewanellaceae;Shewanella
k141_22264	Bacteria;Pseudomonadota;Gammaproteobacteria;Pseudomonadales;Pseudomonadaceae;Pseudomonas
k141_30113	Archaea;Methanobacteriota;Methanococci;Methanococcales;Methanocaldococcaceae;Methanocaldococcus;Methanocaldococcus jannaschii
k141_19093	Bacteria;Pseudomonadota;Gammaproteobacteria;Pseudomonadales;Pseudomonadaceae;Pseudomonas
k141_30114	Bacteria;Pseudomonadota;Gammaproteobacteria;Alteromonadales;Shewanellaceae;Shewanella
k141_4471	
k141_33757	Bacteria;Chlorobiota;Chlorobiia;Chlorobiales;Chlorobiaceae;Chlorobaculum;Chlorobaculum tepidum
k141_41272	Bacteria;Chlorobiota;Chlorobiia;Chlorobiales;Chlorobiaceae;Chlorobaculum
k141_37408	Bacteria;Fusobacteriota;Fusobacteriia;Fusobacteriales;Fusobacteriaceae;Fusobacterium
k141_41273	Archaea;Thermoproteota;Thermoprotei;Desulfurococcales;Desulfurococcaceae;Ignicoccus;Ignicoccus islandicus
k141_30121	
k141_33765	Bacteria;Chlorobiota;Chlorobiia;Chlorobiales;Chlorobiaceae;Chlorobaculum;Chlorobaculum tepidum
k141_19096	Bacteria;Planctomycetota;Planctomycetia;Pirellulales;Pirellulaceae;Rhodopirellula;Rhodopirellula baltica
k141_1214	Bacteria;Bacillota
k141_41277	Bacteria;Chlorobiota;Chlorobiia;Chlorobiales;Chlorobiaceae;Chlorobium;Chlorobium phaeobacteroides
k141_55565	Bacteria;Pseudomonadota;Gammaproteobacteria;Alteromonadales;Shewanellaceae;Shewanella
k141_4475	Bacteria;Bacteroidota;Bacteroidia;Bacteroidales;Porphyromonadaceae;Porphyromonas;Porphyromonas gingivalis
k141_41278	Bacteria;Cyanobacteriota;Cyanophyceae;Nostocales;Nostocaceae
k141_19101	Bacteria;Pseudomonadota;Gammaproteobacteria;Pseudomonadales;Pseudomonadaceae;Pseudomonas
k141_33771	Bacteria;Pseudomonadota;Gammaproteobacteria;Pseudomonadales;Pseudomonadaceae;Pseudomonas
k141_11961	Bacteria;Cyanobacteriota;Cyanophyceae;Nostocales;Nostocaceae
k141_41284	Bacteria;Pseudomonadota;Gammaproteobacteria;Pseudomonadales;Pseudomonadaceae;Pseudomonas
k141_4481	
k141_15492	Bacteria;Thermotogota;Thermotogae;Thermotogales;Thermotogaceae;Thermotoga
k141_41287	Bacteria;Pseudomonadota;Gammaproteobacteria;Pseudomonadales;Pseudomonadaceae;Pseudomonas
k141_37410	Bacteria;Pseudomonadota;Gammaproteobacteria;Alteromonadales;Shewanellaceae;Shewanella
k141_19106	Bacteria;Chlorobiota;Chlorobiia;Chlorobiales;Chlorobiaceae;Chlorobaculum;Chlorobaculum tepidum
k141_1218	Bacteria;Planctomycetota;Planctomycetia;Pirellulales;Pirellulaceae;Rhodopirellula;Rhodopirellula baltica
k141_15495	Bacteria;Pseudomonadota;Gammaproteobacteria;Alteromonadales;Shewanellaceae;Shewanella
k141_30147	Bacteria;Spirochaetota;Spirochaetia;Treponematales;Treponemataceae;Treponema
k141_4488	Bacteria;Pseudomonadota;Gammaproteobacteria;Pseudomonadales;Pseudomonadaceae;Pseudomonas
k141_33790	Bacteria;Verrucomicrobiota;Verrucomicrobiia;Verrucomicrobiales;Akkermansiaceae;Akkermansia;Akkermansia muciniphila
k141_1226	
k141_55575	Archaea;Methanobacteriota;Methanococci;Methanococcales;Methanocaldococcaceae;Methanocaldococcus
k141_30149	Bacteria;Pseudomonadota;Gammaproteobacteria;Pseudomonadales;Pseudomonadaceae;Pseudomonas
k141_4494	Bacteria;Chlorobiota;Chlorobiia;Chlorobiales;Chlorobiaceae;Chlorobium;Chlorobium phaeobacteroides
k141_37421	Bacteria;Verrucomicrobiota;Verrucomicrobiia;Verrucomicrobiales;Akkermansiaceae;Akkermansia;Akkermansia muciniphila
k141_19116	
k141_33794	Bacteria;Pseudomonadota;Gammaproteobacteria;Pseudomonadales;Pseudomonadaceae;Pseudomonas
k141_1229	Bacteria;Pseudomonadota;Gammaproteobacteria;Alteromonadales;Shewanellaceae;Shewanella
k141_41306	
k141_4495	Bacteria;Aquificota;Aquificia;Aquificales
k141_37422	Bacteria;Chloroflexota;Chloroflexia;Chloroflexales;Chloroflexaceae;Chloroflexus;Chloroflexus aurantiacus
k141_55579	
k141_22266	Bacteria;Pseudomonadota;Gammaproteobacteria;Alteromonadales;Shewanellaceae;Shewanella;Shewanella baltica
k141_41308	Archaea;Thermoproteota;Thermoprotei;Desulfurococcales;Desulfurococcaceae;Ignicoccus;Ignicoccus hospitalis
k141_11968	Bacteria;Pseudomonadota;Gammaproteobacteria;Alteromonadales;Shewanellaceae;Shewanella
k141_44623	Bacteria;Thermotogota;Thermotogae;Thermotogales;Thermotogaceae;Thermotoga
k141_15507	Bacteria;Aquificota;Aquificia;Aquificales;Hydrogenothermaceae;Sulfurihydrogenibium;Sulfurihydrogenibium sp. YO3AOP1
k141_48560	Bacteria;Chlorobiota;Chlorobiia;Chlorobiales;Chlorobiaceae;Chlorobium;Chlorobium limicola
k141_37425	Bacteria;Pseudomonadota;Gammaproteobacteria;Pseudomonadales;Pseudomonadaceae;Pseudomonas
k141_11969	Bacteria;Chlorobiota;Chlorobiia;Chlorobiales;Chlorobiaceae;Chlorobium;Chlorobium phaeobacteroides
k141_30150	Archaea;Methanobacteriota;Methanococci;Methanococcales;Methanococcaceae;Methanococcus;Methanococcus maripaludis
k141_4498	Archaea;Thermoproteota;Thermoprotei;Desulfurococcales;Desulfurococcaceae;Ignicoccus;Ignicoccus islandicus
k141_44625	Bacteria;Chlorobiota;Chlorobiia;Chlorobiales;Chlorobiaceae;Chlorobaculum
k141_33798	Archaea;Thermoproteota;Thermoprotei;Desulfurococcales;Desulfurococcaceae;Ignicoccus;Ignicoccus hospitalis
k141_55583	
k141_30151	Bacteria;Pseudomonadota;Gammaproteobacteria;Pseudomonadales;Pseudomonadaceae;Pseudomonas
k141_19122	Bacteria;Pseudomonadota;Gammaproteobacteria;Pseudomonadales;Pseudomonadaceae;Pseudomonas
k141_11970	Bacteria;Pseudomonadota;Gammaproteobacteria;Pseudomonadales;Pseudomonadaceae;Pseudomonas
k141_44626	Archaea;Thermoproteota;Thermoprotei;Thermoproteales;Thermoproteaceae;Pyrobaculum;Pyrobaculum calidifontis
k141_37430	Bacteria;Aquificota;Aquificia;Aquificales;Aquificaceae;Hydrogenobaculum
k141_30153	Bacteria;Chlorobiota;Chlorobiia;Chlorobiales;Chlorobiaceae;Chlorobaculum;Chlorobaculum tepidum
k141_11971	Archaea;Thermoproteota;Thermoprotei;Desulfurococcales;Desulfurococcaceae;Ignicoccus;Ignicoccus hospitalis
k141_33803	Bacteria;Spirochaetota;Spirochaetia;Treponematales;Treponemataceae;Treponema
k141_19125	Bacteria;Pseudomonadota;Gammaproteobacteria;Pseudomonadales;Pseudomonadaceae;Pseudomonas
k141_11972	Bacteria;Pseudomonadota;Gammaproteobacteria;Pseudomonadales;Pseudomonadaceae;Pseudomonas
k141_41321	Bacteria;Chlorobiota;Chlorobiia;Chlorobiales;Chlorobiaceae;Chlorobaculum;Chlorobaculum tepidum
k141_4501	Bacteria;Pseudomonadota;Gammaproteobacteria;Alteromonadales;Shewanellaceae;Shewanella
k141_37436	Bacteria;Pseudomonadota;Gammaproteobacteria;Pseudomonadales;Pseudomonadaceae;Pseudomonas
k141_33805	Bacteria;Pseudomonadota;Gammaproteobacteria;Alteromonadales;Shewanellaceae;Shewanella
k141_30159	
k141_41323	Archaea;Methanobacteriota;Methanococci;Methanococcales;Methanococcaceae;Methanococcus;Methanococcus maripaludis
k141_19130	Bacteria;Chlorobiota;Chlorobiia;Chlorobiales;Chlorobiaceae;Chlorobium;Chlorobium phaeobacteroides
k141_30162	Archaea;Thermoproteota;Thermoprotei;Desulfurococcales;Desulfurococcaceae;Ignicoccus;Ignicoccus islandicus
k141_4508	Bacteria;Pseudomonadota;Gammaproteobacteria;Alteromonadales;Shewanellaceae;Shewanella;Shewanella baltica
k141_37442	Bacteria;Bacteroidota;Bacteroidia;Bacteroidales;Bacteroidaceae;Phocaeicola;Phocaeicola vulgatus
k141_48563	Bacteria;Fusobacteriota;Fusobacteriia;Fusobacteriales;Fusobacteriaceae;Fusobacterium
k141_15510	Bacteria;Pseudomonadota;Gammaproteobacteria
k141_11974	Bacteria;Pseudomonadota;Gammaproteobacteria;Alteromonadales;Shewanellaceae;Shewanella;Shewanella baltica
k141_55600	Archaea;Thermoproteota;Thermoprotei;Desulfurococcales;Desulfurococcaceae;Ignicoccus;Ignicoccus islandicus
k141_37443	Bacteria;Thermodesulfobacteriota;Desulfovibrionia;Desulfovibrionales;Desulfovibrionaceae;Desulfovibrio
k141_22273	Archaea;Methanobacteriota;Halobacteria;Halobacteriales;Halobacteriaceae;Halobacterium
k141_48565	Bacteria;Pseudomonadota;Gammaproteobacteria;Pseudomonadales;Pseudomonadaceae;Pseudomonas
k141_30164	Bacteria;Pseudomonadota;Gammaproteobacteria;Alteromonadales;Shewanellaceae;Shewanella;Shewanella baltica
k141_26337	Bacteria;Bacillota
k141_41331	
k141_4512	Bacteria;Pseudomonadota;Gammaproteobacteria;Pseudomonadales;Pseudomonadaceae;Pseudomonas
k141_37444	Bacteria;Pseudomonadota;Gammaproteobacteria;Pseudomonadales;Pseudomonadaceae;Pseudomonas
k141_30165	Bacteria;Campylobacterota;Epsilonproteobacteria;Campylobacterales;Helicobacteraceae;Wolinella;Wolinella succinogenes
k141_48566	Bacteria;Pseudomonadota;Gammaproteobacteria;Pseudomonadales;Pseudomonadaceae
k141_15511	Bacteria;Planctomycetota;Planctomycetia;Pirellulales;Pirellulaceae;Rhodopirellula;Rhodopirellula baltica
k141_19139	Bacteria;Pseudomonadota;Gammaproteobacteria;Pseudomonadales;Pseudomonadaceae;Pseudomonas
k141_15513	Bacteria;Pseudomonadota
k141_41334	Bacteria;Pseudomonadota;Gammaproteobacteria;Pseudomonadales;Pseudomonadaceae;Pseudomonas
k141_11981	
k141_55606	Archaea;Methanobacteriota;Methanococci;Methanococcales;Methanococcaceae;Methanococcus
k141_4514	Bacteria;Cyanobacteriota;Cyanophyceae;Nostocales;Nostocaceae
k141_33811	Bacteria;Planctomycetota;Planctomycetia;Pirellulales;Pirellulaceae;Rhodopirellula;Rhodopirellula baltica
k141_44632	Archaea;Methanobacteriota;Halobacteria;Halobacteriales;Halobacteriaceae;Halobacterium
k141_22285	Archaea;Thermoproteota;Thermoprotei;Thermoproteales;Thermoproteaceae;Pyrobaculum;Pyrobaculum calidifontis
k141_55610	Bacteria;Cyanobacteriota;Cyanophyceae;Nostocales;Nostocaceae
k141_37456	Bacteria;Pseudomonadota;Gammaproteobacteria;Pseudomonadales;Pseudomonadaceae;Pseudomonas
k141_26343	Bacteria;Chlorobiota;Chlorobiia;Chlorobiales;Chlorobiaceae;Chlorobium;Chlorobium phaeobacteroides
k141_30178	Bacteria;Aquificota;Aquificia;Aquificales;Aquificaceae;Hydrogenobaculum;Hydrogenobaculum sp. Y04AAS1
k141_11985	Bacteria;Aquificota;Aquificia;Aquificales;Aquificaceae;Hydrogenobaculum
k141_48582	Bacteria;Cyanobacteriota;Cyanophyceae;Nostocales;Nostocaceae
k141_19152	Bacteria;Cyanobacteriota;Cyanophyceae;Nostocales;Nostocaceae
k141_55611	
k141_33821	Bacteria;Fusobacteriota;Fusobacteriia;Fusobacteriales;Fusobacteriaceae;Fusobacterium
k141_11986	Bacteria;Chlorobiota;Chlorobiia;Chlorobiales;Chlorobiaceae;Chlorobaculum;Chlorobaculum tepidum
k141_37460	Archaea;Thermoproteota;Thermoprotei;Desulfurococcales;Desulfurococcaceae;Ignicoccus;Ignicoccus islandicus
k141_44639	Bacteria
k141_22293	Bacteria;Pseudomonadota;Gammaproteobacteria;Alteromonadales;Shewanellaceae;Shewanella
k141_48585	Bacteria;Pseudomonadota;Gammaproteobacteria;Pseudomonadales;Pseudomonadaceae;Pseudomonas
k141_55614	Bacteria;Chlorobiota;Chlorobiia;Chlorobiales;Chlorobiaceae;Chlorobium;Chlorobium phaeobacteroides
k141_1237	Bacteria;Chlorobiota;Chlorobiia;Chlorobiales;Chlorobiaceae;Chlorobium;Chlorobium limicola
k141_33824	Bacteria;Pseudomonadota;Gammaproteobacteria;Alteromonadales;Shewanellaceae;Shewanella
k141_15516	Bacteria;Fusobacteriota;Fusobacteriia;Fusobacteriales;Fusobacteriaceae;Fusobacterium
k141_8294	Bacteria;Bacillota;Clostridia;Thermoanaerobacterales;Thermoanaerobacteraceae;Thermoanaerobacter
k141_37465	Bacteria;Chlorobiota;Chlorobiia;Chlorobiales;Chlorobiaceae;Chlorobium;Chlorobium phaeobacteroides
k141_26356	Bacteria;Planctomycetota;Planctomycetia;Pirellulales;Pirellulaceae;Rhodopirellula;Rhodopirellula baltica
k141_4533	Bacteria;Chlorobiota;Chlorobiia;Chlorobiales;Chlorobiaceae;Chlorobium;Chlorobium phaeobacteroides
k141_30187	Archaea;Methanobacteriota;Methanococci;Methanococcales;Methanococcaceae;Methanococcus;Methanococcus maripaludis
k141_19159	Bacteria;Chlorobiota;Chlorobiia;Chlorobiales;Chlorobiaceae;Chlorobaculum
k141_44641	Bacteria;Bacillota
k141_33830	Bacteria;Pseudomonadota;Gammaproteobacteria;Pseudomonadales;Pseudomonadaceae;Pseudomonas
k141_15521	
k141_1243	Bacteria;Verrucomicrobiota;Verrucomicrobiia;Verrucomicrobiales;Akkermansiaceae;Akkermansia;Akkermansia muciniphila
k141_55615	Bacteria;Fusobacteriota;Fusobacteriia;Fusobacteriales;Fusobacteriaceae;Fusobacterium
k141_22305	Bacteria;Pseudomonadota;Gammaproteobacteria;Pseudomonadales;Pseudomonadaceae
k141_41337	Archaea;Methanobacteriota;Halobacteria;Halobacteriales;Halobacteriaceae;Halobacterium
k141_26362	Archaea;Thermoproteota;Thermoprotei;Desulfurococcales;Desulfurococcaceae;Ignicoccus;Ignicoccus islandicus
k141_33831	Bacteria;Planctomycetota;Planctomycetia;Pirellulales;Pirellulaceae;Rhodopirellula;Rhodopirellula baltica
k141_44646	Bacteria;Chlorobiota;Chlorobiia;Chlorobiales;Chlorobiaceae;Chlorobaculum;Chlorobaculum tepidum
k141_15524	Bacteria;Bacillota
k141_19160	Archaea;Methanobacteriota;Methanococci;Methanococcales;Methanococcaceae;Methanococcus;Methanococcus maripaludis
k141_51852	Bacteria;Thermodesulfobacteriota;Desulfobulbia;Desulfobulbales;Desulfobulbaceae;Desulfobulbus;Desulfobulbus oralis
k141_37468	Bacteria;Fusobacteriota;Fusobacteriia;Fusobacteriales;Fusobacteriaceae;Fusobacterium
k141_8300	Archaea;Methanobacteriota;Halobacteria;Halobacteriales;Halobacteriaceae;Halobacterium
k141_26367	Bacteria;Thermodesulfobacteriota;Desulfovibrionia;Desulfovibrionales;Desulfovibrionaceae;Desulfovibrio;Desulfovibrio piger
k141_15526	Bacteria;Pseudomonadota;Gammaproteobacteria;Pseudomonadales;Pseudomonadaceae;Pseudomonas
k141_51854	Bacteria;Pseudomonadota;Gammaproteobacteria;Alteromonadales;Shewanellaceae;Shewanella;Shewanella baltica
k141_33834	Bacteria;Pseudomonadota;Gammaproteobacteria;Alteromonadales;Shewanellaceae;Shewanella
k141_4553	Bacteria;Cyanobacteriota;Cyanophyceae;Nostocales;Nostocaceae
k141_8301	Bacteria;Chlorobiota;Chlorobiia;Chlorobiales;Chlorobiaceae;Chlorobium;Chlorobium phaeobacteroides
k141_41339	Archaea;Methanobacteriota;Methanococci;Methanococcales;Methanococcaceae;Methanococcus
k141_44653	Bacteria;Pseudomonadota;Gammaproteobacteria;Pseudomonadales;Pseudomonadaceae;Pseudomonas
k141_1254	Bacteria;Pseudomonadota;Gammaproteobacteria;Alteromonadales;Shewanellaceae;Shewanella
k141_55625	Bacteria;Chloroflexota;Chloroflexia;Chloroflexales;Chloroflexaceae;Chloroflexus;Chloroflexus aurantiacus
k141_8302	Bacteria;Pseudomonadota;Gammaproteobacteria;Pseudomonadales;Pseudomonadaceae;Pseudomonas
k141_51858	Bacteria;Chlorobiota;Chlorobiia;Chlorobiales;Chlorobiaceae;Chlorobium;Chlorobium phaeobacteroides
k141_41341	Bacteria;Chloroflexota;Chloroflexia;Chloroflexales;Chloroflexaceae;Chloroflexus
k141_1255	Bacteria;Chlorobiota;Chlorobiia;Chlorobiales;Chlorobiaceae;Chlorobium;Chlorobium phaeobacteroides
k141_37476	Bacteria;Aquificota;Aquificia;Aquificales;Aquificaceae;Hydrogenobaculum
k141_15527	
k141_19171	Bacteria;Chloroflexota;Chloroflexia;Chloroflexales;Chloroflexaceae;Chloroflexus;Chloroflexus aurantiacus
k141_37477	Bacteria;Cyanobacteriota;Cyanophyceae;Nostocales;Nostocaceae
k141_15528	Bacteria;Cyanobacteriota;Cyanophyceae;Nostocales;Nostocaceae
k141_30188	Bacteria;Chlorobiota;Chlorobiia;Chlorobiales;Chlorobiaceae;Chlorobium;Chlorobium limicola
k141_4563	Archaea;Methanobacteriota;Halobacteria;Halobacteriales;Halobacteriaceae;Halobacterium
k141_48586	Archaea;Methanobacteriota;Methanococci;Methanococcales;Methanocaldococcaceae;Methanocaldococcus;Methanocaldococcus jannaschii
k141_41344	Bacteria;Pseudomonadota;Gammaproteobacteria;Alteromonadales;Shewanellaceae;Shewanella
k141_8310	
k141_55627	Bacteria;Aquificota;Aquificia;Aquificales;Aquificaceae;Hydrogenobaculum;Hydrogenobaculum sp. Y04AAS1
k141_37484	
k141_11989	
k141_15531	Bacteria;Pseudomonadota;Gammaproteobacteria;Pseudomonadales;Pseudomonadaceae;Pseudomonas
k141_55629	Bacteria;Aquificota;Aquificia;Aquificales;Aquificaceae;Hydrogenobaculum;Hydrogenobaculum sp. Y04AAS1
k141_51868	Archaea;Thermoproteota;Thermoprotei;Desulfurococcales;Desulfurococcaceae;Ignicoccus;Ignicoccus hospitalis
k141_26372	Bacteria;Pseudomonadota;Gammaproteobacteria;Alteromonadales;Shewanellaceae;Shewanella
k141_33841	Bacteria;Fusobacteriota;Fusobacteriia;Fusobacteriales;Fusobacteriaceae;Fusobacterium
k141_48589	
k141_15536	Bacteria;Pseudomonadota;Gammaproteobacteria;Pseudomonadales;Pseudomonadaceae;Pseudomonas
k141_4573	Bacteria;Pseudomonadota;Gammaproteobacteria;Alteromonadales;Shewanellaceae;Shewanella
k141_55630	Bacteria;Fusobacteriota;Fusobacteriia;Fusobacteriales;Fusobacteriaceae;Fusobacterium
k141_51872	Archaea;Methanobacteriota;Methanococci;Methanococcales;Methanococcaceae;Methanococcus;Methanococcus maripaludis
k141_11990	Bacteria;Chlorobiota;Chlorobiia;Chlorobiales;Chlorobiaceae;Chlorobaculum;Chlorobaculum tepidum
k141_48591	Archaea;Methanobacteriota;Methanococci;Methanococcales;Methanococcaceae;Methanococcus
k141_33848	Bacteria;Chlorobiota;Chlorobiia;Chlorobiales;Chlorobiaceae;Chlorobium;Chlorobium phaeobacteroides
k141_37487	Bacteria;Pseudomonadota;Gammaproteobacteria;Alteromonadales;Shewanellaceae;Shewanella
k141_55631	Bacteria;Aquificota;Aquificia;Aquificales;Aquificaceae;Hydrogenobaculum
k141_1268	Bacteria;Fusobacteriota;Fusobacteriia;Fusobacteriales;Fusobacteriaceae;Fusobacterium
k141_8322	Bacteria;Pseudomonadota;Gammaproteobacteria;Alteromonadales;Shewanellaceae;Shewanella
k141_33852	Bacteria;Pseudomonadota;Gammaproteobacteria;Alteromonadales;Shewanellaceae;Shewanella
k141_41346	Bacteria;Pseudomonadota;Gammaproteobacteria;Alteromonadales;Shewanellaceae;Shewanella
k141_26393	Bacteria;Chlorobiota;Chlorobiia;Chlorobiales;Chlorobiaceae;Chlorobium;Chlorobium phaeobacteroides
k141_8326	Bacteria;Pseudomonadota;Gammaproteobacteria;Pseudomonadales;Pseudomonadaceae;Pseudomonas
k141_41347	Bacteria;Chlorobiota;Chlorobiia;Chlorobiales;Chlorobiaceae;Chlorobium;Chlorobium phaeobacteroides
k141_55633	Archaea;Thermoproteota;Thermoprotei;Desulfurococcales;Desulfurococcaceae;Ignicoccus;Ignicoccus hospitalis
k141_12000	
k141_37498	Bacteria;Pseudomonadota;Gammaproteobacteria;Pseudomonadales;Pseudomonadaceae;Pseudomonas
k141_48598	Archaea;Methanobacteriota;Methanococci;Methanococcales;Methanococcaceae;Methanococcus;Methanococcus maripaludis
k141_4595	Bacteria;Pseudomonadota;Gammaproteobacteria;Pseudomonadales;Pseudomonadaceae;Pseudomonas
k141_26395	Archaea;Thermoproteota;Thermoprotei;Desulfurococcales;Desulfurococcaceae;Ignicoccus;Ignicoccus hospitalis
k141_30190	Bacteria;Pseudomonadota;Betaproteobacteria;Nitrosomonadales;Nitrosomonadaceae;Nitrosomonas
k141_55634	Bacteria;Fusobacteriota;Fusobacteriia;Fusobacteriales;Fusobacteriaceae;Fusobacterium
k141_41356	Bacteria;Pseudomonadota;Gammaproteobacteria;Pseudomonadales;Pseudomonadaceae;Pseudomonas
k141_48603	Bacteria;Pseudomonadota;Gammaproteobacteria;Pseudomonadales;Pseudomonadaceae;Pseudomonas
k141_44654	Bacteria;Chlorobiota;Chlorobiia;Chlorobiales;Chlorobiaceae;Chlorobium;Chlorobium limicola
k141_1287	Bacteria;Pseudomonadota;Gammaproteobacteria;Pseudomonadales;Pseudomonadaceae
k141_44656	Bacteria;Pseudomonadota;Gammaproteobacteria;Pseudomonadales;Pseudomonadaceae;Pseudomonas
k141_48607	Bacteria;Chlorobiota;Chlorobiia;Chlorobiales;Chlorobiaceae;Chlorobaculum;Chlorobaculum tepidum
k141_8328	Bacteria;Pseudomonadota;Gammaproteobacteria;Alteromonadales;Shewanellaceae;Shewanella
k141_1289	Bacteria;Fusobacteriota;Fusobacteriia;Fusobacteriales;Fusobacteriaceae;Fusobacterium
k141_4604	Bacteria;Fusobacteriota;Fusobacteriia;Fusobacteriales;Fusobacteriaceae;Fusobacterium
k141_48608	Archaea;Thermoproteota;Thermoprotei;Desulfurococcales;Desulfurococcaceae;Ignicoccus;Ignicoccus hospitalis
k141_33883	Bacteria;Pseudomonadota;Gammaproteobacteria;Pseudomonadales;Pseudomonadaceae;Pseudomonas
k141_26401	Bacteria;Fusobacteriota;Fusobacteriia;Fusobacteriales;Fusobacteriaceae;Fusobacterium
k141_8341	Bacteria;Verrucomicrobiota;Verrucomicrobiia;Verrucomicrobiales;Akkermansiaceae;Akkermansia;Akkermansia muciniphila
k141_22307	Bacteria;Thermodesulfobacteriota;Desulfobulbia;Desulfobulbales;Desulfobulbaceae;Desulfobulbus;Desulfobulbus oralis
k141_4610	Bacteria;Pseudomonadota;Gammaproteobacteria;Pseudomonadales;Pseudomonadaceae;Pseudomonas
k141_30207	Bacteria;Planctomycetota;Planctomycetia;Pirellulales;Pirellulaceae;Rhodopirellula;Rhodopirellula baltica
k141_48611	Bacteria;Chlorobiota;Chlorobiia;Chlorobiales;Chlorobiaceae;Chlorobium;Chlorobium phaeobacteroides
k141_22308	
k141_55650	Bacteria;Aquificota;Aquificia;Aquificales;Aquificaceae;Hydrogenobaculum
k141_55651	Bacteria;Pseudomonadota;Gammaproteobacteria;Pseudomonadales;Pseudomonadaceae;Pseudomonas
k141_48612	Bacteria;Chlorobiota;Chlorobiia;Chlorobiales;Chlorobiaceae;Chlorobium;Chlorobium phaeobacteroides
k141_30211	
k141_1304	Bacteria;Bacillota;Clostridia
k141_8354	Bacteria;Chlorobiota;Chlorobiia;Chlorobiales;Chlorobiaceae;Chlorobium;Chlorobium phaeobacteroides
k141_37514	Archaea;Methanobacteriota;Halobacteria;Halobacteriales;Halobacteriaceae;Halobacterium
k141_4623	
k141_30215	Archaea;Thermoproteota;Thermoprotei;Thermoproteales;Thermoproteaceae;Pyrobaculum;Pyrobaculum calidifontis
k141_48618	Bacteria;Pseudomonadota;Gammaproteobacteria;Pseudomonadales;Pseudomonadaceae;Pseudomonas
k141_22314	Bacteria;Pseudomonadota;Gammaproteobacteria;Pseudomonadales;Pseudomonadaceae;Pseudomonas
k141_22315	Bacteria;Pseudomonadota;Gammaproteobacteria;Pseudomonadales;Pseudomonadaceae;Pseudomonas
k141_4628	Bacteria;Verrucomicrobiota;Verrucomicrobiia;Verrucomicrobiales;Akkermansiaceae;Akkermansia;Akkermansia muciniphila
k141_37517	Bacteria;Fusobacteriota;Fusobacteriia;Fusobacteriales;Fusobacteriaceae;Fusobacterium
k141_44660	Archaea;Methanobacteriota;Halobacteria;Halobacteriales;Halobacteriaceae;Halobacterium
k141_12031	Archaea;Methanobacteriota;Methanococci;Methanococcales;Methanococcaceae;Methanococcus
k141_26418	Archaea;Methanobacteriota;Halobacteria;Halobacteriales;Halobacteriaceae;Halobacterium
k141_37520	Bacteria;Pseudomonadota;Gammaproteobacteria;Alteromonadales;Shewanellaceae;Shewanella
k141_22321	Bacteria;Chlorobiota;Chlorobiia;Chlorobiales;Chlorobiaceae;Chlorobium;Chlorobium phaeobacteroides
k141_4634	
k141_1318	Bacteria;Bacillota
k141_30227	Bacteria;Chlorobiota;Chlorobiia;Chlorobiales;Chlorobiaceae;Chlorobaculum
k141_12032	Bacteria;Planctomycetota;Planctomycetia;Pirellulales;Pirellulaceae;Rhodopirellula;Rhodopirellula baltica
k141_26424	Bacteria;Pseudomonadota;Gammaproteobacteria;Pseudomonadales;Pseudomonadaceae;Pseudomonas
k141_55652	Bacteria;Bacillota
k141_44664	Bacteria;Pseudomonadota;Gammaproteobacteria;Pseudomonadales;Pseudomonadaceae;Pseudomonas
k141_4635	Bacteria;Fusobacteriota;Fusobacteriia;Fusobacteriales;Fusobacteriaceae;Fusobacterium
k141_1322	Bacteria;Planctomycetota;Planctomycetia;Pirellulales;Pirellulaceae;Rhodopirellula;Rhodopirellula baltica
k141_33884	Bacteria;Chlorobiota;Chlorobiia;Chlorobiales;Chlorobiaceae;Chlorobium;Chlorobium limicola
k141_26425	Bacteria;Pseudomonadota;Gammaproteobacteria;Alteromonadales;Shewanellaceae;Shewanella
k141_37531	Bacteria;Thermodesulfobacteriota;Desulfuromonadia;Geobacterales;Geobacteraceae;Geobacter
k141_41363	Archaea;Methanobacteriota;Halobacteria;Halobacteriales;Halobacteriaceae;Halobacterium
k141_44666	Bacteria;Aquificota;Aquificia;Aquificales;Aquificaceae;Hydrogenobaculum
k141_26426	Archaea;Thermoproteota;Thermoprotei;Desulfurococcales;Desulfurococcaceae;Ignicoccus;Ignicoccus hospitalis
k141_37535	Archaea;Methanobacteriota;Methanococci;Methanococcales;Methanococcaceae;Methanococcus;Methanococcus maripaludis
k141_30239	Bacteria;Cyanobacteriota;Cyanophyceae;Nostocales;Nostocaceae
k141_48628	Bacteria;Bacillota
k141_4642	Archaea;Thermoproteota;Thermoprotei;Desulfurococcales;Desulfurococcaceae;Ignicoccus;Ignicoccus islandicus
k141_37539	Bacteria;Pseudomonadota;Gammaproteobacteria;Alteromonadales;Shewanellaceae;Shewanella
k141_41372	Archaea;Thermoproteota;Thermoprotei;Thermoproteales;Thermoproteaceae;Pyrobaculum;Pyrobaculum calidifontis
k141_44672	
k141_55658	Archaea;Thermoproteota;Thermoprotei;Desulfurococcales;Desulfurococcaceae;Ignicoccus;Ignicoccus islandicus
k141_44673	
k141_33885	Bacteria;Pseudomonadota;Gammaproteobacteria;Alteromonadales;Shewanellaceae;Shewanella;Shewanella baltica
k141_55661	
k141_37540	Bacteria;Pseudomonadota;Gammaproteobacteria;Pseudomonadales;Pseudomonadaceae;Pseudomonas
k141_48640	Bacteria;Pseudomonadota;Gammaproteobacteria;Pseudomonadales;Pseudomonadaceae;Pseudomonas
k141_1342	Bacteria;Pseudomonadota;Gammaproteobacteria;Alteromonadales;Shewanellaceae;Shewanella;Shewanella baltica
k141_41376	Bacteria;Pseudomonadota;Gammaproteobacteria;Alteromonadales;Shewanellaceae;Shewanella
k141_37541	Bacteria;Fusobacteriota;Fusobacteriia;Fusobacteriales;Fusobacteriaceae;Fusobacterium
k141_33892	
k141_30242	Bacteria;Pseudomonadota;Betaproteobacteria;Nitrosomonadales;Nitrosomonadaceae;Nitrosomonas
k141_26440	Bacteria;Aquificota;Aquificia;Aquificales;Aquificaceae;Hydrogenobaculum
k141_44685	Bacteria;Pseudomonadota;Gammaproteobacteria;Alteromonadales;Shewanellaceae;Shewanella
k141_30247	Archaea;Thermoproteota;Thermoprotei;Desulfurococcales;Desulfurococcaceae;Ignicoccus;Ignicoccus islandicus
k141_48646	Archaea;Methanobacteriota;Methanococci;Methanococcales;Methanococcaceae;Methanococcus;Methanococcus maripaludis
k141_1350	Bacteria;Verrucomicrobiota;Verrucomicrobiia;Verrucomicrobiales;Akkermansiaceae;Akkermansia;Akkermansia muciniphila
k141_41378	Bacteria;Pseudomonadota;Gammaproteobacteria;Alteromonadales;Shewanellaceae;Shewanella
k141_26443	Bacteria;Pseudomonadota;Gammaproteobacteria;Pseudomonadales;Pseudomonadaceae;Pseudomonas
k141_4645	Bacteria;Planctomycetota;Planctomycetia;Pirellulales;Pirellulaceae;Rhodopirellula;Rhodopirellula baltica
k141_44690	Bacteria;Chlorobiota;Chlorobiia;Chlorobiales;Chlorobiaceae;Chlorobium;Chlorobium phaeobacteroides
k141_12034	Bacteria;Bacillota
k141_44693	Bacteria;Chlorobiota;Chlorobiia;Chlorobiales;Chlorobiaceae;Chlorobaculum
k141_55665	
k141_26444	Archaea;Thermoproteota;Thermoprotei;Desulfurococcales;Desulfurococcaceae;Ignicoccus;Ignicoccus hospitalis
k141_15541	
k141_41381	Bacteria;Planctomycetota;Planctomycetia;Pirellulales;Pirellulaceae;Rhodopirellula;Rhodopirellula baltica
k141_33913	Bacteria;Pseudomonadota;Gammaproteobacteria;Alteromonadales;Shewanellaceae;Shewanella
k141_30261	Bacteria;Chlorobiota;Chlorobiia;Chlorobiales;Chlorobiaceae;Chlorobium;Chlorobium phaeobacteroides
k141_44698	
k141_41383	Bacteria;Pseudomonadota;Gammaproteobacteria;Alteromonadales;Shewanellaceae;Shewanella
k141_30262	Bacteria;Pseudomonadota;Gammaproteobacteria;Alteromonadales;Shewanellaceae;Shewanella;Shewanella baltica
k141_48666	Bacteria;Pseudomonadota;Gammaproteobacteria;Pseudomonadales;Pseudomonadaceae;Pseudomonas
k141_1368	
k141_15543	Bacteria;Aquificota;Aquificia;Aquificales;Aquificaceae;Hydrogenobaculum;Hydrogenobaculum sp. Y04AAS1
k141_4648	Archaea;Thermoproteota;Thermoprotei;Desulfurococcales;Desulfurococcaceae;Ignicoccus;Ignicoccus hospitalis
k141_33914	Bacteria;Planctomycetota;Planctomycetia;Pirellulales;Pirellulaceae;Rhodopirellula;Rhodopirellula baltica
k141_22323	Bacteria;Thermodesulfobacteriota;Desulfobulbia;Desulfobulbales;Desulfobulbaceae;Desulfobulbus;Desulfobulbus oralis
k141_1369	Bacteria;Aquificota;Aquificia;Aquificales;Aquificaceae;Hydrogenobaculum
k141_44701	Bacteria;Pseudomonadota;Gammaproteobacteria;Pseudomonadales;Pseudomonadaceae;Pseudomonas
k141_55671	Bacteria;Chlorobiota;Chlorobiia;Chlorobiales;Chlorobiaceae;Chlorobaculum;Chlorobaculum tepidum
k141_30264	Bacteria;Planctomycetota;Planctomycetia;Pirellulales;Pirellulaceae;Rhodopirellula;Rhodopirellula baltica
k141_33916	Bacteria;Pseudomonadota;Gammaproteobacteria;Pseudomonadales;Pseudomonadaceae;Pseudomonas
k141_55673	Bacteria;Pseudomonadota;Gammaproteobacteria;Pseudomonadales;Pseudomonadaceae;Pseudomonas
k141_48667	Bacteria;Planctomycetota;Planctomycetia;Pirellulales;Pirellulaceae;Rhodopirellula;Rhodopirellula baltica
k141_37564	Bacteria;Planctomycetota;Planctomycetia;Pirellulales;Pirellulaceae;Rhodopirellula;Rhodopirellula baltica
k141_41388	
k141_55674	Archaea;Thermoproteota;Thermoprotei;Desulfurococcales;Desulfurococcaceae;Ignicoccus;Ignicoccus islandicus
k141_15552	Bacteria;Pseudomonadota;Gammaproteobacteria;Alteromonadales;Shewanellaceae;Shewanella
k141_30268	Bacteria;Pseudomonadota;Gammaproteobacteria;Pseudomonadales;Pseudomonadaceae;Pseudomonas
k141_26451	Bacteria;Fusobacteriota;Fusobacteriia;Fusobacteriales;Fusobacteriaceae;Fusobacterium
k141_1377	Bacteria;Pseudomonadota;Gammaproteobacteria;Alteromonadales;Shewanellaceae;Shewanella
k141_22333	Bacteria;Pseudomonadota;Gammaproteobacteria;Pseudomonadales;Pseudomonadaceae;Pseudomonas
k141_15553	Bacteria;Pseudomonadota;Gammaproteobacteria;Pseudomonadales;Pseudomonadaceae;Pseudomonas
k141_48672	Bacteria;Pseudomonadota;Gammaproteobacteria
k141_26454	Bacteria;Fusobacteriota;Fusobacteriia;Fusobacteriales;Fusobacteriaceae;Fusobacterium
k141_1379	Archaea;Thermoproteota;Thermoprotei;Desulfurococcales;Desulfurococcaceae;Ignicoccus;Ignicoccus hospitalis
k141_22334	Bacteria;Pseudomonadota;Gammaproteobacteria;Pseudomonadales;Pseudomonadaceae;Pseudomonas
k141_41394	Bacteria;Pseudomonadota;Gammaproteobacteria;Pseudomonadales;Pseudomonadaceae;Pseudomonas
k141_30272	Bacteria;Planctomycetota;Planctomycetia;Pirellulales;Pirellulaceae;Rhodopirellula;Rhodopirellula baltica
k141_26458	Bacteria;Pseudomonadota;Gammaproteobacteria;Alteromonadales;Shewanellaceae;Shewanella;Shewanella baltica
k141_37577	Archaea;Methanobacteriota;Methanococci;Methanococcales;Methanococcaceae;Methanococcus;Methanococcus maripaludis
k141_30274	Bacteria;Planctomycetota;Planctomycetia;Pirellulales;Pirellulaceae;Rhodopirellula;Rhodopirellula baltica
k141_33927	Bacteria;Fusobacteriota;Fusobacteriia;Fusobacteriales;Fusobacteriaceae;Fusobacterium
k141_1386	Bacteria;Cyanobacteriota;Cyanophyceae;Nostocales;Nostocaceae
k141_8357	
k141_15559	Bacteria;Aquificota;Aquificia;Aquificales;Aquificaceae;Hydrogenobaculum;Hydrogenobaculum sp. Y04AAS1
k141_30276	
k141_37578	Bacteria;Planctomycetota;Planctomycetia;Pirellulales;Pirellulaceae;Rhodopirellula;Rhodopirellula baltica
k141_26462	Bacteria;Bacillota
k141_44713	Archaea;Methanobacteriota;Halobacteria;Halobacteriales;Halobacteriaceae;Halobacterium
k141_1388	Bacteria;Pseudomonadota;Gammaproteobacteria;Alteromonadales;Shewanellaceae;Shewanella
k141_33929	Archaea;Methanobacteriota;Halobacteria;Halobacteriales;Halobacteriaceae;Halobacterium
k141_33930	Archaea;Thermoproteota;Thermoprotei;Desulfurococcales;Desulfurococcaceae;Ignicoccus;Ignicoccus islandicus
k141_1391	Bacteria;Chlorobiota;Chlorobiia;Chlorobiales;Chlorobiaceae;Chlorobium;Chlorobium phaeobacteroides
k141_30282	Bacteria;Campylobacterota;Epsilonproteobacteria;Campylobacterales;Helicobacteraceae;Wolinella;Wolinella succinogenes
k141_22350	Bacteria;Pseudomonadota;Gammaproteobacteria;Pseudomonadales;Pseudomonadaceae;Pseudomonas
k141_26465	Bacteria;Chlorobiota;Chlorobiia;Chlorobiales;Chlorobiaceae;Chlorobium;Chlorobium phaeobacteroides
k141_55680	Bacteria;Planctomycetota;Planctomycetia;Pirellulales;Pirellulaceae;Rhodopirellula;Rhodopirellula baltica
k141_1392	Bacteria;Pseudomonadota;Gammaproteobacteria;Pseudomonadales;Pseudomonadaceae;Pseudomonas
k141_26467	Bacteria;Planctomycetota;Planctomycetia;Pirellulales;Pirellulaceae;Rhodopirellula;Rhodopirellula baltica
k141_8366	Bacteria;Pseudomonadota;Gammaproteobacteria;Pseudomonadales;Pseudomonadaceae;Pseudomonas
k141_15571	Bacteria;Chlorobiota;Chlorobiia;Chlorobiales;Chlorobiaceae;Chlorobaculum
k141_26469	Archaea;Thermoproteota;Thermoprotei;Desulfurococcales;Desulfurococcaceae;Ignicoccus;Ignicoccus islandicus
k141_8367	Bacteria;Pseudomonadota;Gammaproteobacteria;Alteromonadales;Shewanellaceae;Shewanella
k141_37588	
k141_37589	Bacteria;Pseudomonadota;Gammaproteobacteria;Pseudomonadales;Pseudomonadaceae;Pseudomonas
k141_33940	Archaea;Thermoproteota;Thermoprotei;Desulfurococcales;Desulfurococcaceae;Ignicoccus;Ignicoccus hospitalis
k141_55681	Bacteria;Bacillota;Clostridia;Thermoanaerobacterales;Thermoanaerobacteraceae;Thermoanaerobacter
k141_26476	Bacteria;Pseudomonadota;Gammaproteobacteria;Pseudomonadales;Pseudomonadaceae;Pseudomonas
k141_48685	Bacteria;Pseudomonadota;Betaproteobacteria;Nitrosomonadales;Nitrosomonadaceae;Nitrosomonas
k141_15581	Bacteria;Campylobacterota;Epsilonproteobacteria;Campylobacterales;Helicobacteraceae;Wolinella;Wolinella succinogenes
k141_8380	Bacteria;Pseudomonadota;Gammaproteobacteria;Alteromonadales;Shewanellaceae;Shewanella
k141_33943	Bacteria
k141_30284	Bacteria;Thermotogota;Thermotogae;Thermotogales;Thermotogaceae;Thermotoga
k141_15589	Bacteria;Pseudomonadota;Gammaproteobacteria;Pseudomonadales;Pseudomonadaceae;Pseudomonas
k141_55690	Bacteria;Chlorobiota;Chlorobiia;Chlorobiales;Chlorobiaceae
k141_26491	Bacteria;Pseudomonadota;Gammaproteobacteria;Pseudomonadales;Pseudomonadaceae;Pseudomonas
k141_8383	Bacteria;Pseudomonadota;Gammaproteobacteria;Pseudomonadales;Pseudomonadaceae;Pseudomonas
k141_30289	Bacteria;Chlorobiota;Chlorobiia;Chlorobiales;Chlorobiaceae;Chlorobium;Chlorobium phaeobacteroides
k141_8384	Bacteria;Verrucomicrobiota;Verrucomicrobiia;Verrucomicrobiales;Akkermansiaceae;Akkermansia
k141_30290	Bacteria;Thermodesulfobacteriota;Desulfovibrionia;Desulfovibrionales;Desulfovibrionaceae;Desulfovibrio;Desulfovibrio piger
k141_44714	Bacteria;Bacillota;Clostridia;Thermoanaerobacterales;Thermoanaerobacteraceae;Thermoanaerobacter
k141_55697	Bacteria;Chlorobiota;Chlorobiia;Chlorobiales;Chlorobiaceae;Chlorobaculum;Chlorobaculum tepidum
k141_44719	Bacteria;Cyanobacteriota;Cyanophyceae;Nostocales;Nostocaceae
k141_37618	Bacteria;Pseudomonadota;Gammaproteobacteria;Pseudomonadales;Pseudomonadaceae;Pseudomonas
k141_55700	Bacteria;Pseudomonadota;Gammaproteobacteria;Alteromonadales;Shewanellaceae;Shewanella
k141_8393	Bacteria;Chlorobiota;Chlorobiia;Chlorobiales;Chlorobiaceae;Chlorobaculum
k141_15609	
k141_37620	Bacteria;Pseudomonadota;Gammaproteobacteria;Pseudomonadales;Pseudomonadaceae;Pseudomonas
k141_8396	Bacteria;Pseudomonadota;Gammaproteobacteria;Pseudomonadales;Pseudomonadaceae;Pseudomonas
k141_44721	Bacteria;Pseudomonadota;Betaproteobacteria;Burkholderiales;Burkholderiaceae;Paraburkholderia;Paraburkholderia xenovorans
k141_30303	Bacteria;Chlorobiota;Chlorobiia;Chlorobiales;Chlorobiaceae;Chlorobium;Chlorobium phaeobacteroides
k141_12050	Bacteria;Bacillota;Clostridia;Thermoanaerobacterales;Thermoanaerobacteraceae;Thermoanaerobacter
k141_55703	Bacteria;Pseudomonadota
k141_4649	Bacteria;Bacteroidota;Bacteroidia;Bacteroidales;Porphyromonadaceae;Porphyromonas;Porphyromonas gingivalis
k141_15613	Bacteria;Cyanobacteriota;Cyanophyceae;Nostocales;Nostocaceae
k141_44724	Bacteria;Pseudomonadota;Gammaproteobacteria;Pseudomonadales;Pseudomonadaceae;Pseudomonas
k141_55704	Bacteria;Pseudomonadota;Gammaproteobacteria;Alteromonadales;Shewanellaceae;Shewanella
k141_15614	Bacteria;Pseudomonadota;Gammaproteobacteria;Pseudomonadales;Pseudomonadaceae;Pseudomonas
k141_30306	Bacteria;Pseudomonadota;Gammaproteobacteria;Pseudomonadales;Pseudomonadaceae;Pseudomonas
k141_37629	Archaea;Thermoproteota;Thermoprotei;Thermoproteales;Thermoproteaceae;Pyrobaculum;Pyrobaculum calidifontis
k141_55705	Bacteria;Pseudomonadota
k141_4657	Archaea;Thermoproteota;Thermoprotei;Desulfurococcales;Desulfurococcaceae;Ignicoccus;Ignicoccus hospitalis
k141_8408	Bacteria;Thermodesulfobacteriota;Desulfuromonadia;Geobacterales;Geobacteraceae;Geobacter;Geobacter sulfurreducens
k141_37631	Bacteria;Pseudomonadota;Gammaproteobacteria;Alteromonadales;Shewanellaceae;Shewanella;Shewanella baltica
k141_12059	Archaea;Thermoproteota;Thermoprotei;Desulfurococcales;Desulfurococcaceae;Ignicoccus;Ignicoccus hospitalis
k141_26498	Bacteria;Pseudomonadota;Betaproteobacteria;Nitrosomonadales;Nitrosomonadaceae;Nitrosomonas
k141_55707	Bacteria;Pseudomonadota;Gammaproteobacteria;Pseudomonadales;Pseudomonadaceae;Pseudomonas
k141_8411	Archaea;Methanobacteriota;Methanococci;Methanococcales;Methanococcaceae;Methanococcus;Methanococcus maripaludis
k141_4659	Bacteria;Chlorobiota;Chlorobiia;Chlorobiales;Chlorobiaceae;Chlorobium;Chlorobium phaeobacteroides
k141_15617	Bacteria;Bacteroidota;Bacteroidia;Bacteroidales;Porphyromonadaceae;Porphyromonas;Porphyromonas gingivalis
k141_37634	Bacteria;Thermodesulfobacteriota;Desulfovibrionia;Desulfovibrionales;Desulfovibrionaceae;Desulfovibrio;Desulfovibrio piger
k141_30313	Bacteria;Chlorobiota;Chlorobiia;Chlorobiales;Chlorobiaceae;Chlorobaculum;Chlorobaculum tepidum
k141_51873	Archaea;Methanobacteriota;Thermococci;Thermococcales;Thermococcaceae;Pyrococcus;Pyrococcus horikoshii
k141_4661	Bacteria;Pseudomonadota;Gammaproteobacteria;Alteromonadales;Shewanellaceae;Shewanella;Shewanella baltica
k141_8412	Bacteria;Pseudomonadota;Gammaproteobacteria;Pseudomonadales;Pseudomonadaceae;Pseudomonas
k141_12066	Bacteria;Chlorobiota;Chlorobiia;Chlorobiales;Chlorobiaceae;Chlorobium;Chlorobium phaeobacteroides
k141_15619	Archaea;Thermoproteota;Thermoprotei;Desulfurococcales;Desulfurococcaceae;Ignicoccus;Ignicoccus islandicus
k141_37635	
k141_51875	Archaea;Thermoproteota;Thermoprotei;Desulfurococcales;Desulfurococcaceae;Ignicoccus;Ignicoccus hospitalis
k141_26501	Bacteria;Pseudomonadota;Gammaproteobacteria;Alteromonadales;Shewanellaceae;Shewanella;Shewanella baltica
k141_4667	Bacteria;Pseudomonadota;Gammaproteobacteria;Pseudomonadales;Pseudomonadaceae;Pseudomonas
k141_22353	Bacteria;Bacillota;Clostridia;Thermoanaerobacterales;Thermoanaerobacteraceae;Thermoanaerobacter
k141_37638	
k141_12082	Bacteria;Pseudomonadota;Gammaproteobacteria;Pseudomonadales;Pseudomonadaceae;Pseudomonas
k141_26511	Archaea;Thermoproteota;Thermoprotei;Desulfurococcales;Desulfurococcaceae;Ignicoccus;Ignicoccus islandicus
k141_30315	
k141_33948	Bacteria;Bacteroidota;Bacteroidia;Bacteroidales;Porphyromonadaceae;Porphyromonas;Porphyromonas gingivalis
k141_12085	Bacteria;Pseudomonadota;Gammaproteobacteria;Pseudomonadales;Pseudomonadaceae;Pseudomonas
k141_22354	Bacteria;Planctomycetota;Planctomycetia;Pirellulales;Pirellulaceae;Rhodopirellula;Rhodopirellula baltica
k141_48689	Bacteria;Pseudomonadota;Betaproteobacteria;Nitrosomonadales;Nitrosomonadaceae;Nitrosomonas
k141_4672	Bacteria;Thermotogota;Thermotogae;Thermotogales;Thermotogaceae;Thermotoga
k141_26516	Bacteria;Pseudomonadota;Gammaproteobacteria;Alteromonadales;Shewanellaceae;Shewanella
k141_51890	Bacteria;Pseudomonadota;Gammaproteobacteria;Pseudomonadales;Pseudomonadaceae;Pseudomonas
k141_19177	Archaea;Methanobacteriota;Methanococci;Methanococcales;Methanocaldococcaceae;Methanocaldococcus;Methanocaldococcus jannaschii
k141_33949	Bacteria;Aquificota;Aquificia;Aquificales;Aquificaceae;Hydrogenobaculum
k141_26517	Bacteria;Pseudomonadota;Gammaproteobacteria;Pseudomonadales;Pseudomonadaceae;Pseudomonas
k141_8414	
k141_12093	Bacteria;Pseudomonadota;Gammaproteobacteria;Pseudomonadales;Pseudomonadaceae;Pseudomonas
k141_19180	Bacteria;Pseudomonadota;Gammaproteobacteria;Pseudomonadales;Pseudomonadaceae;Pseudomonas
k141_26520	Bacteria;Pseudomonadota;Gammaproteobacteria;Alteromonadales;Shewanellaceae;Shewanella
k141_12094	Bacteria;Pseudomonadota;Gammaproteobacteria;Alteromonadales;Shewanellaceae;Shewanella;Shewanella baltica
k141_4678	Bacteria;Pseudomonadota;Gammaproteobacteria;Alteromonadales;Shewanellaceae;Shewanella
k141_19181	Archaea;Thermoproteota;Thermoprotei;Desulfurococcales;Desulfurococcaceae;Ignicoccus;Ignicoccus islandicus
k141_30327	Archaea;Methanobacteriota;Halobacteria;Halobacteriales
k141_15620	Bacteria;Planctomycetota;Planctomycetia;Pirellulales;Pirellulaceae;Rhodopirellula;Rhodopirellula baltica
k141_37642	Bacteria;Bacillota;Clostridia;Thermoanaerobacterales;Thermoanaerobacteraceae;Thermoanaerobacter
k141_33952	Bacteria;Chlorobiota;Chlorobiia;Chlorobiales;Chlorobiaceae;Chlorobaculum;Chlorobaculum tepidum
k141_22362	Bacteria;Pseudomonadota;Gammaproteobacteria;Pseudomonadales;Pseudomonadaceae;Pseudomonas
k141_1398	Bacteria;Chlorobiota;Chlorobiia;Chlorobiales;Chlorobiaceae;Chlorobium;Chlorobium limicola
k141_4680	Bacteria;Pseudomonadota;Gammaproteobacteria;Alteromonadales;Shewanellaceae;Shewanella
k141_15624	Bacteria;Chlorobiota;Chlorobiia;Chlorobiales;Chlorobiaceae;Chlorobaculum
k141_30333	Bacteria;Cyanobacteriota;Cyanophyceae;Nostocales;Nostocaceae
k141_51902	Archaea;Thermoproteota;Thermoprotei;Desulfurococcales;Desulfurococcaceae;Ignicoccus;Ignicoccus hospitalis
k141_33953	Bacteria;Pseudomonadota;Gammaproteobacteria;Pseudomonadales;Pseudomonadaceae;Pseudomonas
k141_19184	Archaea;Thermoproteota;Thermoprotei;Desulfurococcales;Desulfurococcaceae;Ignicoccus;Ignicoccus hospitalis
k141_22369	
k141_37655	Bacteria;Campylobacterota;Epsilonproteobacteria;Campylobacterales;Helicobacteraceae;Wolinella;Wolinella succinogenes
k141_8422	Bacteria;Pseudomonadota;Gammaproteobacteria;Alteromonadales;Shewanellaceae;Shewanella
k141_30335	Bacteria;Chlorobiota;Chlorobiia;Chlorobiales;Chlorobiaceae;Chlorobium;Chlorobium phaeobacteroides
k141_4681	Bacteria;Pseudomonadota;Gammaproteobacteria;Pseudomonadales;Pseudomonadaceae;Pseudomonas
k141_37656	Bacteria;Bacillota;Clostridia;Thermoanaerobacterales;Thermoanaerobacteraceae;Thermoanaerobacter
k141_1408	Bacteria;Pseudomonadota;Gammaproteobacteria;Pseudomonadales;Pseudomonadaceae;Pseudomonas
k141_37657	Bacteria;Pseudomonadota;Gammaproteobacteria;Pseudomonadales;Pseudomonadaceae;Pseudomonas
k141_33955	Bacteria;Chlorobiota;Chlorobiia;Chlorobiales;Chlorobiaceae;Chlorobaculum;Chlorobaculum tepidum
k141_30337	Archaea;Methanobacteriota;Halobacteria;Halobacteriales
k141_12104	Bacteria;Pseudomonadota;Gammaproteobacteria;Alteromonadales;Shewanellaceae;Shewanella
k141_51903	Bacteria;Planctomycetota;Planctomycetia;Pirellulales;Pirellulaceae;Rhodopirellula;Rhodopirellula baltica
k141_37660	Bacteria;Cyanobacteriota;Cyanophyceae;Nostocales;Nostocaceae
k141_19187	
k141_4687	Archaea;Thermoproteota;Thermoprotei;Desulfurococcales;Desulfurococcaceae;Ignicoccus;Ignicoccus islandicus
k141_33957	Bacteria;Pseudomonadota;Gammaproteobacteria;Pseudomonadales;Pseudomonadaceae;Pseudomonas;Pseudomonas marginalis
k141_51905	Bacteria;Chlorobiota;Chlorobiia;Chlorobiales;Chlorobiaceae;Chlorobaculum;Chlorobaculum tepidum
k141_1416	Archaea;Thermoproteota;Thermoprotei;Thermoproteales;Thermoproteaceae;Pyrobaculum;Pyrobaculum calidifontis
k141_4688	Bacteria;Chloroflexota;Chloroflexia;Chloroflexales;Chloroflexaceae;Chloroflexus;Chloroflexus aurantiacus
k141_19189	Archaea;Methanobacteriota;Methanococci;Methanococcales;Methanococcaceae;Methanococcus;Methanococcus maripaludis
k141_33959	
k141_4689	Archaea;Thermoproteota;Thermoprotei;Desulfurococcales;Desulfurococcaceae;Ignicoccus;Ignicoccus hospitalis
k141_48695	Archaea;Methanobacteriota;Halobacteria;Halobacteriales;Halobacteriaceae;Halobacterium
k141_30340	Bacteria;Pseudomonadota;Gammaproteobacteria;Alteromonadales;Shewanellaceae;Shewanella
k141_12108	
k141_1419	Bacteria;Pseudomonadota;Gammaproteobacteria;Pseudomonadales;Pseudomonadaceae;Pseudomonas
k141_22389	Bacteria;Pseudomonadota;Gammaproteobacteria;Pseudomonadales;Pseudomonadaceae
k141_48697	Bacteria;Spirochaetota;Spirochaetia;Treponematales;Treponemataceae;Treponema;Treponema denticola
k141_30342	Bacteria;Thermodesulfobacteriota;Desulfovibrionia;Desulfovibrionales;Desulfovibrionaceae
k141_12110	Bacteria;Chlorobiota;Chlorobiia;Chlorobiales;Chlorobiaceae;Chlorobium;Chlorobium phaeobacteroides
k141_8436	Bacteria;Aquificota;Aquificia;Aquificales;Aquificaceae;Hydrogenobaculum;Hydrogenobaculum sp. Y04AAS1
k141_33964	Bacteria;Verrucomicrobiota;Verrucomicrobiia;Verrucomicrobiales;Akkermansiaceae;Akkermansia;Akkermansia muciniphila
k141_37673	
k141_1420	Archaea;Methanobacteriota;Halobacteria;Halobacteriales;Halobacteriaceae;Halobacterium;Halobacterium salinarum
k141_22390	Bacteria;Aquificota;Aquificia;Aquificales;Aquificaceae;Hydrogenobaculum;Hydrogenobaculum sp. Y04AAS1
k141_4696	Bacteria;Pseudomonadota;Gammaproteobacteria;Pseudomonadales;Pseudomonadaceae;Pseudomonas
k141_30348	Bacteria;Pseudomonadota;Gammaproteobacteria;Pseudomonadales;Pseudomonadaceae;Pseudomonas
k141_37674	Bacteria;Planctomycetota;Planctomycetia;Pirellulales;Pirellulaceae;Rhodopirellula;Rhodopirellula baltica
k141_8442	
k141_37675	Bacteria;Pseudomonadota;Gammaproteobacteria;Pseudomonadales;Pseudomonadaceae
k141_8443	Bacteria;Chlorobiota;Chlorobiia;Chlorobiales;Chlorobiaceae;Chlorobium;Chlorobium phaeobacteroides
k141_22393	Bacteria;Pseudomonadota;Gammaproteobacteria;Pseudomonadales;Pseudomonadaceae;Pseudomonas
k141_1423	Bacteria;Spirochaetota;Spirochaetia;Treponematales;Treponemataceae;Treponema;Treponema denticola
k141_4699	Bacteria;Planctomycetota;Planctomycetia;Pirellulales;Pirellulaceae;Rhodopirellula;Rhodopirellula baltica
k141_48699	Bacteria;Planctomycetota;Planctomycetia;Pirellulales;Pirellulaceae;Rhodopirellula;Rhodopirellula baltica
k141_4700	Archaea;Methanobacteriota;Methanococci;Methanococcales;Methanococcaceae;Methanococcus;Methanococcus maripaludis
k141_1425	Bacteria;Pseudomonadota;Gammaproteobacteria;Alteromonadales;Shewanellaceae;Shewanella
k141_51929	Bacteria;Pseudomonadota;Gammaproteobacteria;Pseudomonadales;Pseudomonadaceae;Pseudomonas
k141_22397	Archaea;Methanobacteriota;Methanococci;Methanococcales;Methanococcaceae;Methanococcus;Methanococcus maripaludis
k141_8451	Archaea;Methanobacteriota;Methanopyri;Methanopyrales;Methanopyraceae;Methanopyrus
k141_33974	
k141_30349	Bacteria;Bacteroidota;Bacteroidia;Bacteroidales;Porphyromonadaceae;Porphyromonas;Porphyromonas gingivalis
k141_48701	Bacteria;Pseudomonadota;Gammaproteobacteria;Pseudomonadales;Pseudomonadaceae;Pseudomonas
k141_22399	Bacteria;Planctomycetota;Planctomycetia;Pirellulales;Pirellulaceae;Rhodopirellula;Rhodopirellula baltica
k141_51930	Bacteria;Chlorobiota;Chlorobiia;Chlorobiales;Chlorobiaceae;Chlorobium;Chlorobium limicola
k141_8455	Bacteria;Pseudomonadota;Gammaproteobacteria;Pseudomonadales;Pseudomonadaceae;Pseudomonas
k141_33975	Bacteria;Chlorobiota;Chlorobiia;Chlorobiales;Chlorobiaceae;Chlorobaculum;Chlorobaculum tepidum
k141_37689	Bacteria;Chlorobiota;Chlorobiia;Chlorobiales;Chlorobiaceae;Chlorobium;Chlorobium phaeobacteroides
k141_8457	Bacteria;Bacteroidota;Bacteroidia;Bacteroidales;Bacteroidaceae;Phocaeicola
k141_1434	Bacteria;Pseudomonadota;Gammaproteobacteria;Pseudomonadales;Pseudomonadaceae;Pseudomonas
k141_22402	
k141_8459	Bacteria;Thermodesulfobacteriota;Desulfuromonadia;Geobacterales;Geobacteraceae;Geobacter
k141_33977	Bacteria;Pseudomonadota;Gammaproteobacteria;Pseudomonadales;Pseudomonadaceae;Pseudomonas
k141_22403	Archaea;Thermoproteota;Thermoprotei;Desulfurococcales;Desulfurococcaceae;Ignicoccus;Ignicoccus islandicus
k141_1438	Archaea;Thermoproteota;Thermoprotei;Desulfurococcales;Desulfurococcaceae;Ignicoccus;Ignicoccus islandicus
k141_8464	Bacteria;Pseudomonadota;Gammaproteobacteria;Pseudomonadales;Pseudomonadaceae;Pseudomonas
k141_22405	Bacteria;Pseudomonadota;Gammaproteobacteria;Pseudomonadales;Pseudomonadaceae;Pseudomonas
k141_51941	Bacteria;Pseudomonadota;Gammaproteobacteria;Pseudomonadales;Pseudomonadaceae;Pseudomonas
k141_48705	Bacteria;Pseudomonadota;Gammaproteobacteria;Alteromonadales;Shewanellaceae;Shewanella
k141_44725	
k141_30368	Bacteria;Pseudomonadota;Gammaproteobacteria;Alteromonadales;Shewanellaceae;Shewanella
k141_33980	Bacteria;Cyanobacteriota;Cyanophyceae;Nostocales
k141_44726	Bacteria;Chlorobiota;Chlorobiia;Chlorobiales;Chlorobiaceae;Chlorobaculum
k141_1447	Bacteria;Pseudomonadota;Gammaproteobacteria;Pseudomonadales;Pseudomonadaceae;Pseudomonas
k141_22411	Bacteria;Pseudomonadota;Gammaproteobacteria;Pseudomonadales;Pseudomonadaceae;Pseudomonas
k141_37697	Archaea;Methanobacteriota;Halobacteria;Halobacteriales;Halobacteriaceae;Halobacterium
k141_15625	Bacteria;Planctomycetota;Planctomycetia;Pirellulales;Pirellulaceae;Rhodopirellula;Rhodopirellula baltica
k141_33983	
k141_8476	Bacteria;Pseudomonadota;Gammaproteobacteria;Alteromonadales;Shewanellaceae;Shewanella
k141_48709	Bacteria;Pseudomonadota;Gammaproteobacteria;Pseudomonadales;Pseudomonadaceae;Pseudomonas
k141_1452	Archaea;Thermoproteota;Thermoprotei;Thermoproteales;Thermoproteaceae;Pyrobaculum;Pyrobaculum calidifontis
k141_22414	Bacteria;Pseudomonadota;Gammaproteobacteria;Pseudomonadales;Pseudomonadaceae;Pseudomonas
k141_33984	Bacteria;Aquificota;Aquificia;Aquificales;Aquificaceae;Hydrogenobaculum
k141_15627	Bacteria;Pseudomonadota;Gammaproteobacteria;Pseudomonadales;Pseudomonadaceae;Pseudomonas
k141_48711	Bacteria;Chloroflexota;Chloroflexia;Chloroflexales;Chloroflexaceae;Chloroflexus;Chloroflexus aurantiacus
k141_37705	Bacteria;Cyanobacteriota;Cyanophyceae;Nostocales
k141_8480	Bacteria;Pseudomonadota;Gammaproteobacteria;Pseudomonadales;Pseudomonadaceae;Pseudomonas
k141_1454	
k141_44736	Bacteria;Bacillota
k141_1456	Bacteria;Pseudomonadota;Gammaproteobacteria;Alteromonadales;Shewanellaceae;Shewanella
k141_48714	Bacteria;Pseudomonadota;Gammaproteobacteria;Alteromonadales;Shewanellaceae;Shewanella
k141_37709	Bacteria;Chlorobiota;Chlorobiia;Chlorobiales;Chlorobiaceae;Chlorobium;Chlorobium phaeobacteroides
k141_15632	Bacteria;Aquificota;Aquificia;Aquificales;Hydrogenothermaceae;Sulfurihydrogenibium;Sulfurihydrogenibium sp. YO3AOP1
k141_1458	Bacteria;Pseudomonadota;Gammaproteobacteria;Pseudomonadales;Pseudomonadaceae;Pseudomonas
k141_33989	Bacteria;Planctomycetota;Planctomycetia;Pirellulales;Pirellulaceae;Rhodopirellula;Rhodopirellula baltica
k141_26521	Bacteria;Thermotogota;Thermotogae;Thermotogales;Thermotogaceae;Thermotoga
k141_8485	Bacteria;Chlorobiota;Chlorobiia;Chlorobiales;Chlorobiaceae;Chlorobaculum;Chlorobaculum tepidum
k141_1459	Bacteria;Pseudomonadota;Gammaproteobacteria;Pseudomonadales;Pseudomonadaceae;Pseudomonas
k141_15639	
k141_37715	Bacteria;Pseudomonadota;Gammaproteobacteria;Pseudomonadales;Pseudomonadaceae;Pseudomonas
k141_44747	Bacteria;Planctomycetota;Planctomycetia;Pirellulales;Pirellulaceae;Rhodopirellula;Rhodopirellula baltica
k141_1462	
k141_8488	Bacteria;Chlorobiota;Chlorobiia;Chlorobiales;Chlorobiaceae;Chlorobium;Chlorobium phaeobacteroides
k141_48724	Archaea;Methanobacteriota;Halobacteria;Halobacteriales;Halobacteriaceae;Halobacterium;Halobacterium salinarum
k141_15640	Archaea;Thermoproteota;Thermoprotei;Desulfurococcales;Desulfurococcaceae;Ignicoccus;Ignicoccus hospitalis
k141_30375	
k141_37718	Bacteria;Pseudomonadota;Betaproteobacteria;Nitrosomonadales;Nitrosomonadaceae;Nitrosomonas
k141_26534	Bacteria;Cyanobacteriota;Cyanophyceae;Nostocales;Nostocaceae
k141_37719	Bacteria;Chloroflexota;Chloroflexia;Chloroflexales;Chloroflexaceae;Chloroflexus;Chloroflexus aurantiacus
k141_30377	Bacteria;Pseudomonadota;Gammaproteobacteria;Pseudomonadales;Pseudomonadaceae;Pseudomonas
k141_8496	Bacteria;Bacillota;Clostridia;Acetivibrionales;Acetivibrionaceae;Acetivibrio
k141_26536	Archaea;Thermoproteota;Thermoprotei;Desulfurococcales;Desulfurococcaceae;Ignicoccus;Ignicoccus hospitalis
k141_44758	Bacteria;Pseudomonadota;Gammaproteobacteria;Alteromonadales;Shewanellaceae;Shewanella
k141_30378	Bacteria;Pseudomonadota;Gammaproteobacteria;Pseudomonadales;Pseudomonadaceae;Pseudomonas
k141_15645	Bacteria;Pseudomonadota
k141_37723	
k141_30380	Bacteria;Chloroflexota;Chloroflexia;Chloroflexales;Chloroflexaceae;Chloroflexus;Chloroflexus aurantiacus
k141_1476	Archaea;Methanobacteriota;Methanococci;Methanococcales;Methanococcaceae;Methanococcus;Methanococcus maripaludis
k141_37724	Bacteria;Pseudomonadota;Betaproteobacteria
k141_15650	Bacteria;Pseudomonadota
k141_44759	Bacteria;Pseudomonadota;Gammaproteobacteria;Alteromonadales;Shewanellaceae;Shewanella
k141_48725	
k141_26545	Archaea;Methanobacteriota;Halobacteria;Halobacteriales;Halobacteriaceae;Halobacterium
k141_37727	Archaea;Thermoproteota;Thermoprotei;Thermoproteales;Thermoproteaceae;Pyrobaculum;Pyrobaculum calidifontis
k141_37728	Bacteria;Pseudomonadota;Gammaproteobacteria;Pseudomonadales;Pseudomonadaceae;Pseudomonas
k141_30390	Archaea;Thermoproteota;Thermoprotei;Thermoproteales;Thermoproteaceae;Pyrobaculum;Pyrobaculum calidifontis
k141_48728	Bacteria;Pseudomonadota;Gammaproteobacteria;Pseudomonadales;Pseudomonadaceae;Pseudomonas
k141_1480	Bacteria;Pseudomonadota;Gammaproteobacteria;Alteromonadales;Shewanellaceae;Shewanella
k141_51945	Bacteria;Bacillota;Clostridia;Thermoanaerobacterales;Thermoanaerobacteraceae;Thermoanaerobacter
k141_37731	Bacteria;Chlorobiota;Chlorobiia;Chlorobiales;Chlorobiaceae;Chlorobium;Chlorobium phaeobacteroides
k141_1482	Bacteria;Chlorobiota;Chlorobiia;Chlorobiales;Chlorobiaceae;Chlorobium;Chlorobium phaeobacteroides
k141_44772	Bacteria;Cyanobacteriota;Cyanophyceae;Nostocales
k141_51946	Archaea;Methanobacteriota;Methanococci;Methanococcales;Methanococcaceae;Methanococcus;Methanococcus maripaludis
k141_48734	Bacteria;Fusobacteriota;Fusobacteriia;Fusobacteriales;Fusobacteriaceae;Fusobacterium
k141_1485	Bacteria;Pseudomonadota;Gammaproteobacteria;Pseudomonadales;Pseudomonadaceae;Pseudomonas
k141_51947	Bacteria;Pseudomonadota;Gammaproteobacteria;Pseudomonadales;Pseudomonadaceae;Pseudomonas
k141_48735	Bacteria;Pseudomonadota;Gammaproteobacteria;Pseudomonadales;Pseudomonadaceae;Pseudomonas
k141_22422	Bacteria;Planctomycetota;Planctomycetia;Pirellulales;Pirellulaceae;Rhodopirellula;Rhodopirellula baltica
k141_8502	Bacteria;Pseudomonadota;Gammaproteobacteria;Alteromonadales;Shewanellaceae;Shewanella
k141_51948	Bacteria;Bacteroidota;Bacteroidia;Bacteroidales
k141_4702	Bacteria;Bacteroidota;Bacteroidia;Bacteroidales;Porphyromonadaceae;Porphyromonas;Porphyromonas gingivalis
k141_48737	Bacteria;Aquificota;Aquificia;Aquificales;Aquificaceae;Hydrogenobaculum
k141_1488	Bacteria;Cyanobacteriota;Cyanophyceae;Nostocales;Nostocaceae
k141_37740	Bacteria;Pseudomonadota;Gammaproteobacteria;Alteromonadales;Shewanellaceae;Shewanella
k141_48738	Bacteria;Chloroflexota;Chloroflexia;Chloroflexales;Chloroflexaceae;Chloroflexus;Chloroflexus aurantiacus
k141_44783	Bacteria;Pseudomonadota
k141_1490	Bacteria;Pseudomonadota;Gammaproteobacteria;Alteromonadales;Shewanellaceae;Shewanella
k141_55716	Bacteria;Thermotogota;Thermotogae;Thermotogales;Thermotogaceae;Thermotoga
k141_37743	Bacteria;Pseudomonadota;Gammaproteobacteria;Pseudomonadales;Pseudomonadaceae;Pseudomonas
k141_51954	Bacteria;Pseudomonadota;Gammaproteobacteria;Alteromonadales;Shewanellaceae;Shewanella;Shewanella baltica
k141_8507	Bacteria;Chlorobiota;Chlorobiia;Chlorobiales;Chlorobiaceae;Chlorobaculum
k141_44786	Archaea;Thermoproteota;Thermoprotei;Desulfurococcales;Desulfurococcaceae;Ignicoccus;Ignicoccus islandicus
k141_1491	Bacteria;Verrucomicrobiota;Verrucomicrobiia;Verrucomicrobiales;Akkermansiaceae;Akkermansia;Akkermansia muciniphila
k141_15654	Bacteria;Pseudomonadota;Gammaproteobacteria;Alteromonadales;Shewanellaceae;Shewanella
k141_55717	Bacteria;Pseudomonadota;Gammaproteobacteria;Pseudomonadales;Pseudomonadaceae;Pseudomonas
k141_22429	Bacteria;Bacteroidota;Bacteroidia;Bacteroidales;Porphyromonadaceae;Porphyromonas;Porphyromonas gingivalis
k141_33992	Archaea;Methanobacteriota;Thermococci;Thermococcales;Thermococcaceae;Pyrococcus;Pyrococcus horikoshii
k141_8508	Archaea;Thermoproteota;Thermoprotei;Thermoproteales;Thermoproteaceae;Pyrobaculum;Pyrobaculum calidifontis
k141_4713	Bacteria;Chlorobiota;Chlorobiia;Chlorobiales;Chlorobiaceae;Chlorobaculum;Chlorobaculum tepidum
k141_1494	Archaea;Thermoproteota;Thermoprotei;Desulfurococcales;Desulfurococcaceae;Ignicoccus;Ignicoccus islandicus
k141_37744	Bacteria;Pseudomonadota;Gammaproteobacteria;Alteromonadales;Shewanellaceae;Shewanella
k141_22434	Bacteria;Pseudomonadota;Gammaproteobacteria;Alteromonadales;Shewanellaceae;Shewanella
k141_51959	Bacteria;Pseudomonadota;Gammaproteobacteria;Pseudomonadales;Pseudomonadaceae;Pseudomonas;Pseudomonas marginalis
k141_33998	Bacteria;Campylobacterota;Epsilonproteobacteria;Campylobacterales;Helicobacteraceae;Wolinella;Wolinella succinogenes
k141_4714	Bacteria;Pseudomonadota;Gammaproteobacteria;Pseudomonadales;Pseudomonadaceae;Pseudomonas
k141_8510	Bacteria;Pseudomonadota;Gammaproteobacteria;Alteromonadales;Shewanellaceae;Shewanella
k141_55723	Bacteria;Planctomycetota;Planctomycetia;Pirellulales;Pirellulaceae;Rhodopirellula;Rhodopirellula baltica
k141_4715	Bacteria;Thermodesulfobacteriota;Desulfobulbia;Desulfobulbales;Desulfobulbaceae;Desulfobulbus;Desulfobulbus oralis
k141_34003	Bacteria;Pseudomonadota;Gammaproteobacteria;Pseudomonadales;Pseudomonadaceae;Pseudomonas
k141_44803	
k141_51966	Archaea;Methanobacteriota;Methanococci;Methanococcales;Methanococcaceae;Methanococcus;Methanococcus maripaludis
k141_22439	Archaea;Methanobacteriota;Methanococci;Methanococcales;Methanococcaceae;Methanococcus;Methanococcus maripaludis
k141_1495	
k141_34004	Archaea;Thermoproteota;Thermoprotei;Desulfurococcales;Desulfurococcaceae;Ignicoccus;Ignicoccus islandicus
k141_37754	Bacteria;Pseudomonadota;Gammaproteobacteria;Pseudomonadales;Pseudomonadaceae;Pseudomonas
k141_55730	Bacteria;Aquificota;Aquificia;Aquificales;Aquificaceae;Hydrogenobaculum
k141_51967	Bacteria;Pseudomonadota;Gammaproteobacteria;Alteromonadales;Shewanellaceae;Shewanella;Shewanella baltica
k141_44805	Bacteria;Aquificota;Aquificia;Aquificales;Aquificaceae;Hydrogenobaculum;Hydrogenobaculum sp. Y04AAS1
k141_22441	Bacteria;Chlorobiota;Chlorobiia;Chlorobiales;Chlorobiaceae;Chlorobium;Chlorobium phaeobacteroides
k141_4721	Bacteria;Pseudomonadota;Gammaproteobacteria;Pseudomonadales;Pseudomonadaceae;Pseudomonas
k141_34006	
k141_51968	Bacteria;Planctomycetota;Planctomycetia;Pirellulales;Pirellulaceae;Rhodopirellula;Rhodopirellula baltica
k141_44806	Archaea;Thermoproteota;Thermoprotei;Thermoproteales;Thermoproteaceae;Pyrobaculum;Pyrobaculum calidifontis
k141_4724	Bacteria;Pseudomonadota;Gammaproteobacteria;Alteromonadales;Shewanellaceae;Shewanella
k141_34007	Bacteria;Pseudomonadota;Gammaproteobacteria;Pseudomonadales;Pseudomonadaceae;Pseudomonas
k141_37765	Bacteria;Cyanobacteriota;Cyanophyceae;Nostocales
k141_12114	Bacteria;Cyanobacteriota;Cyanophyceae;Nostocales;Nostocaceae
k141_8511	Bacteria;Planctomycetota;Planctomycetia;Pirellulales;Pirellulaceae;Rhodopirellula;Rhodopirellula baltica
k141_55733	Bacteria;Aquificota;Aquificia;Aquificales;Hydrogenothermaceae
k141_51974	Archaea;Methanobacteriota;Methanococci;Methanococcales;Methanococcaceae;Methanococcus
k141_44813	Bacteria;Cyanobacteriota;Cyanophyceae
k141_34009	Bacteria;Pseudomonadota;Gammaproteobacteria;Alteromonadales;Shewanellaceae;Shewanella
k141_22452	Bacteria;Pseudomonadota;Gammaproteobacteria;Pseudomonadales;Pseudomonadaceae;Pseudomonas
k141_1502	Archaea;Methanobacteriota;Methanococci;Methanococcales;Methanococcaceae;Methanococcus;Methanococcus maripaludis
k141_51978	Bacteria;Chlorobiota;Chlorobiia;Chlorobiales;Chlorobiaceae;Chlorobaculum
k141_19200	Bacteria;Thermodesulfobacteriota;Desulfobulbia;Desulfobulbales;Desulfobulbaceae;Desulfobulbus;Desulfobulbus oralis
k141_12120	Bacteria;Fusobacteriota;Fusobacteriia;Fusobacteriales;Fusobacteriaceae;Fusobacterium
k141_1504	Bacteria;Pseudomonadota;Gammaproteobacteria;Pseudomonadales;Pseudomonadaceae;Pseudomonas
k141_22454	Bacteria;Pseudomonadota;Gammaproteobacteria;Pseudomonadales;Pseudomonadaceae;Pseudomonas
k141_55734	Bacteria;Pseudomonadota;Gammaproteobacteria;Alteromonadales;Shewanellaceae;Shewanella
k141_8519	Bacteria;Pseudomonadota;Gammaproteobacteria;Pseudomonadales;Pseudomonadaceae;Pseudomonas
k141_51982	Archaea;Thermoproteota;Thermoprotei;Desulfurococcales;Desulfurococcaceae;Ignicoccus;Ignicoccus islandicus
k141_1505	Bacteria;Pseudomonadota;Gammaproteobacteria;Alteromonadales;Shewanellaceae;Shewanella;Shewanella baltica
k141_8520	Bacteria;Bacteroidota;Bacteroidia;Bacteroidales;Bacteroidaceae;Phocaeicola
k141_15683	Bacteria;Pseudomonadota;Gammaproteobacteria;Alteromonadales;Shewanellaceae;Shewanella
k141_44818	Bacteria;Chlorobiota;Chlorobiia;Chlorobiales;Chlorobiaceae;Chlorobium;Chlorobium limicola
k141_4729	Archaea;Methanobacteriota;Halobacteria;Halobacteriales;Halobacteriaceae;Halobacterium
k141_34019	Bacteria;Pseudomonadota;Gammaproteobacteria;Pseudomonadales;Pseudomonadaceae
k141_37767	Bacteria;Planctomycetota;Planctomycetia;Pirellulales;Pirellulaceae;Rhodopirellula;Rhodopirellula baltica
k141_51983	Bacteria;Pseudomonadota;Gammaproteobacteria;Pseudomonadales;Pseudomonadaceae;Pseudomonas
k141_22459	Bacteria;Chlorobiota;Chlorobiia;Chlorobiales;Chlorobiaceae;Chlorobium;Chlorobium phaeobacteroides
k141_34021	Bacteria;Planctomycetota;Planctomycetia;Pirellulales;Pirellulaceae;Rhodopirellula;Rhodopirellula baltica
k141_22461	Bacteria;Campylobacterota;Epsilonproteobacteria;Campylobacterales;Helicobacteraceae;Wolinella;Wolinella succinogenes
k141_1515	Bacteria;Pseudomonadota;Gammaproteobacteria;Alteromonadales;Shewanellaceae;Shewanella
k141_12132	
k141_15690	Bacteria;Pseudomonadota;Gammaproteobacteria;Pseudomonadales;Pseudomonadaceae;Pseudomonas
k141_34023	Bacteria;Planctomycetota;Planctomycetia;Pirellulales;Pirellulaceae;Rhodopirellula;Rhodopirellula baltica
k141_26550	
k141_1516	Bacteria;Pseudomonadota;Gammaproteobacteria;Pseudomonadales;Pseudomonadaceae;Pseudomonas
k141_37770	Bacteria;Pseudomonadota;Gammaproteobacteria;Alteromonadales;Shewanellaceae;Shewanella
k141_51984	Bacteria;Planctomycetota;Planctomycetia;Pirellulales;Pirellulaceae;Rhodopirellula;Rhodopirellula baltica
k141_44821	Bacteria;Pseudomonadota;Gammaproteobacteria;Alteromonadales;Shewanellaceae;Shewanella
k141_12134	Bacteria;Chlorobiota;Chlorobiia;Chlorobiales;Chlorobiaceae;Chlorobaculum;Chlorobaculum tepidum
k141_8535	Bacteria;Pseudomonadota;Gammaproteobacteria;Pseudomonadales;Pseudomonadaceae;Pseudomonas
k141_34028	Bacteria;Pseudomonadota;Gammaproteobacteria;Pseudomonadales;Pseudomonadaceae;Pseudomonas
k141_22464	Bacteria;Aquificota;Aquificia;Aquificales;Aquificaceae;Hydrogenobaculum
k141_26553	Archaea;Thermoproteota;Thermoprotei;Desulfurococcales;Desulfurococcaceae;Ignicoccus;Ignicoccus hospitalis
k141_37774	Archaea;Methanobacteriota;Methanococci;Methanococcales;Methanococcaceae;Methanococcus
k141_8539	Bacteria;Chlorobiota;Chlorobiia;Chlorobiales;Chlorobiaceae;Chlorobaculum;Chlorobaculum tepidum
k141_12136	Bacteria;Pseudomonadota;Gammaproteobacteria;Alteromonadales;Shewanellaceae;Shewanella;Shewanella baltica
k141_34029	Archaea;Methanobacteriota;Methanococci;Methanococcales;Methanococcaceae;Methanococcus;Methanococcus maripaludis
k141_44825	Bacteria;Chlorobiota;Chlorobiia;Chlorobiales;Chlorobiaceae;Chlorobaculum;Chlorobaculum tepidum
k141_26557	Bacteria;Pseudomonadota;Gammaproteobacteria;Pseudomonadales;Pseudomonadaceae;Pseudomonas
k141_15691	Bacteria;Pseudomonadota;Gammaproteobacteria;Alteromonadales;Shewanellaceae;Shewanella
k141_8547	Bacteria;Pseudomonadota;Gammaproteobacteria;Pseudomonadales;Pseudomonadaceae
k141_26559	Archaea;Methanobacteriota;Methanococci;Methanococcales;Methanococcaceae;Methanococcus;Methanococcus maripaludis
k141_44827	Bacteria;Verrucomicrobiota;Verrucomicrobiia;Verrucomicrobiales;Akkermansiaceae;Akkermansia;Akkermansia muciniphila
k141_37781	Bacteria;Pseudomonadota;Gammaproteobacteria;Pseudomonadales;Pseudomonadaceae;Pseudomonas
k141_34035	Archaea;Thermoproteota;Thermoprotei;Desulfurococcales;Desulfurococcaceae;Ignicoccus;Ignicoccus islandicus
k141_22466	Bacteria;Planctomycetota;Planctomycetia;Pirellulales;Pirellulaceae;Rhodopirellula;Rhodopirellula baltica
k141_8548	Bacteria;Pseudomonadota;Gammaproteobacteria;Pseudomonadales;Pseudomonadaceae;Pseudomonas
k141_52000	Bacteria;Pseudomonadota;Gammaproteobacteria;Pseudomonadales;Pseudomonadaceae;Pseudomonas
k141_15699	Bacteria;Chlorobiota;Chlorobiia;Chlorobiales;Chlorobiaceae;Chlorobaculum
k141_34036	Bacteria;Chlorobiota;Chlorobiia;Chlorobiales;Chlorobiaceae;Chlorobium;Chlorobium phaeobacteroides
k141_4740	Bacteria;Planctomycetota;Planctomycetia;Pirellulales;Pirellulaceae;Rhodopirellula;Rhodopirellula baltica
k141_12144	Bacteria;Cyanobacteriota;Cyanophyceae;Nostocales;Nostocaceae
k141_37784	
k141_55746	Bacteria;Fusobacteriota;Fusobacteriia;Fusobacteriales;Fusobacteriaceae;Fusobacterium
k141_12145	Bacteria;Bacillota
k141_15701	Bacteria;Cyanobacteriota;Cyanophyceae;Nostocales;Nostocaceae
k141_52003	Bacteria;Aquificota;Aquificia;Aquificales;Aquificaceae;Hydrogenobaculum
k141_4741	Bacteria;Pseudomonadota;Gammaproteobacteria;Pseudomonadales;Pseudomonadaceae;Pseudomonas
k141_22472	Bacteria;Chlorobiota;Chlorobiia;Chlorobiales;Chlorobiaceae;Chlorobium;Chlorobium phaeobacteroides
k141_26571	Bacteria;Planctomycetota;Planctomycetia;Pirellulales;Pirellulaceae;Rhodopirellula;Rhodopirellula baltica
k141_15702	Bacteria;Aquificota;Aquificia;Aquificales;Aquificaceae;Hydrogenobaculum;Hydrogenobaculum sp. Y04AAS1
k141_12146	Archaea;Thermoproteota;Thermoprotei;Desulfurococcales;Desulfurococcaceae;Ignicoccus;Ignicoccus hospitalis
k141_22474	Archaea;Thermoproteota;Thermoprotei;Desulfurococcales;Desulfurococcaceae;Ignicoccus;Ignicoccus hospitalis
k141_8555	Bacteria;Fusobacteriota;Fusobacteriia;Fusobacteriales;Fusobacteriaceae;Fusobacterium
k141_4745	Bacteria;Planctomycetota;Planctomycetia;Pirellulales;Pirellulaceae;Rhodopirellula;Rhodopirellula baltica
k141_19217	
k141_8558	Bacteria;Pseudomonadota;Gammaproteobacteria;Pseudomonadales;Pseudomonadaceae;Pseudomonas
k141_37786	Bacteria;Planctomycetota;Planctomycetia;Pirellulales;Pirellulaceae;Rhodopirellula;Rhodopirellula baltica
k141_4749	Bacteria;Chlorobiota;Chlorobiia;Chlorobiales;Chlorobiaceae;Chlorobium;Chlorobium phaeobacteroides
k141_52005	Bacteria;Chlorobiota;Chlorobiia;Chlorobiales;Chlorobiaceae;Chlorobium;Chlorobium limicola
k141_8560	Archaea;Thermoproteota;Thermoprotei;Desulfurococcales;Desulfurococcaceae;Ignicoccus;Ignicoccus islandicus
k141_44828	Bacteria;Pseudomonadota;Gammaproteobacteria;Alteromonadales;Shewanellaceae;Shewanella
k141_15715	
k141_8561	Bacteria;Pseudomonadota;Gammaproteobacteria;Alteromonadales;Shewanellaceae;Shewanella
k141_19223	Bacteria;Chlorobiota;Chlorobiia;Chlorobiales;Chlorobiaceae;Chlorobaculum;Chlorobaculum tepidum
k141_4753	Bacteria;Spirochaetota;Spirochaetia;Treponematales;Treponemataceae;Treponema;Treponema denticola
k141_37793	Bacteria;Pseudomonadota;Gammaproteobacteria;Alteromonadales;Shewanellaceae;Shewanella
k141_15720	
k141_4755	Bacteria;Chloroflexota;Chloroflexia;Chloroflexales;Chloroflexaceae;Chloroflexus;Chloroflexus aurantiacus
k141_55747	Bacteria;Fusobacteriota;Fusobacteriia;Fusobacteriales;Fusobacteriaceae;Fusobacterium
k141_26572	Bacteria;Planctomycetota;Planctomycetia;Pirellulales;Pirellulaceae;Rhodopirellula;Rhodopirellula baltica
k141_8568	Bacteria;Pseudomonadota;Gammaproteobacteria;Pseudomonadales;Pseudomonadaceae;Pseudomonas
k141_37796	Bacteria;Pseudomonadota;Gammaproteobacteria;Pseudomonadales;Pseudomonadaceae;Pseudomonas
k141_52014	Bacteria;Chlorobiota;Chlorobiia;Chlorobiales;Chlorobiaceae;Chlorobaculum;Chlorobaculum tepidum
k141_34044	Bacteria;Planctomycetota;Planctomycetia;Pirellulales;Pirellulaceae;Rhodopirellula;Rhodopirellula baltica
k141_4759	Bacteria;Pseudomonadota;Gammaproteobacteria;Alteromonadales;Shewanellaceae;Shewanella;Shewanella baltica
k141_30392	
k141_37797	
k141_8578	
k141_55756	Archaea;Methanobacteriota;Halobacteria;Halobacteriales
k141_22502	Bacteria;Cyanobacteriota;Cyanophyceae;Nostocales;Nostocaceae
k141_8582	Bacteria;Pseudomonadota;Gammaproteobacteria;Pseudomonadales;Pseudomonadaceae;Pseudomonas
k141_55759	Archaea;Methanobacteriota;Methanococci;Methanococcales;Methanococcaceae;Methanococcus
k141_37800	Archaea;Methanobacteriota;Methanococci;Methanococcales;Methanococcaceae;Methanococcus;Methanococcus maripaludis
k141_4769	Bacteria;Campylobacterota;Epsilonproteobacteria;Campylobacterales;Helicobacteraceae;Wolinella;Wolinella succinogenes
k141_8586	Archaea;Thermoproteota;Thermoprotei;Desulfurococcales;Desulfurococcaceae;Ignicoccus;Ignicoccus islandicus
k141_55760	Archaea;Methanobacteriota;Methanococci;Methanococcales;Methanococcaceae;Methanococcus;Methanococcus maripaludis
k141_52025	Bacteria;Planctomycetota;Planctomycetia;Pirellulales;Pirellulaceae;Rhodopirellula;Rhodopirellula baltica
k141_4773	Archaea;Thermoproteota;Thermoprotei;Thermoproteales;Thermoproteaceae;Pyrobaculum;Pyrobaculum calidifontis
k141_34059	Archaea;Methanobacteriota;Halobacteria;Halobacteriales;Halobacteriaceae;Halobacterium
k141_52027	Bacteria;Verrucomicrobiota;Verrucomicrobiia;Verrucomicrobiales;Akkermansiaceae;Akkermansia;Akkermansia muciniphila
k141_26578	Bacteria;Pseudomonadota;Gammaproteobacteria;Alteromonadales;Shewanellaceae;Shewanella
k141_55762	Archaea;Methanobacteriota;Methanococci;Methanococcales;Methanococcaceae;Methanococcus;Methanococcus maripaludis
k141_4776	Bacteria;Pseudomonadota;Gammaproteobacteria;Pseudomonadales;Pseudomonadaceae;Pseudomonas
k141_12151	Bacteria;Bacillota
k141_30414	Bacteria;Chlorobiota;Chlorobiia;Chlorobiales;Chlorobiaceae;Chlorobium;Chlorobium phaeobacteroides
k141_8593	Bacteria;Pseudomonadota;Gammaproteobacteria;Pseudomonadales;Pseudomonadaceae;Pseudomonas
k141_15749	
k141_22512	Bacteria;Pseudomonadota;Gammaproteobacteria;Pseudomonadales;Pseudomonadaceae;Pseudomonas
k141_48779	Bacteria;Cyanobacteriota;Cyanophyceae;Nostocales;Nostocaceae
k141_26579	Bacteria;Chlorobiota;Chlorobiia;Chlorobiales;Chlorobiaceae;Chlorobium;Chlorobium phaeobacteroides
k141_37812	Bacteria;Pseudomonadota;Betaproteobacteria;Nitrosomonadales;Nitrosomonadaceae;Nitrosomonas
k141_34063	Bacteria;Pseudomonadota;Gammaproteobacteria;Pseudomonadales;Pseudomonadaceae;Pseudomonas
k141_55768	Bacteria;Chloroflexota;Chloroflexia;Chloroflexales;Chloroflexaceae;Chloroflexus;Chloroflexus aurantiacus
k141_8598	Bacteria;Bacillota;Clostridia;Acetivibrionales;Acetivibrionaceae;Acetivibrio;Acetivibrio thermocellus
k141_37816	Bacteria;Pseudomonadota;Gammaproteobacteria;Alteromonadales;Shewanellaceae;Shewanella
k141_26581	Bacteria;Cyanobacteriota;Cyanophyceae;Nostocales;Nostocaceae
k141_34064	Bacteria;Pseudomonadota;Gammaproteobacteria;Pseudomonadales;Pseudomonadaceae;Pseudomonas
k141_44841	Bacteria;Planctomycetota;Planctomycetia;Pirellulales;Pirellulaceae;Rhodopirellula;Rhodopirellula baltica
k141_52035	Bacteria;Planctomycetota;Planctomycetia;Pirellulales;Pirellulaceae;Rhodopirellula;Rhodopirellula baltica
k141_37819	Bacteria;Pseudomonadota;Gammaproteobacteria;Alteromonadales;Shewanellaceae;Shewanella;Shewanella baltica
k141_12161	Bacteria;Pseudomonadota;Gammaproteobacteria;Pseudomonadales;Pseudomonadaceae;Pseudomonas
k141_15751	Bacteria;Pseudomonadota;Gammaproteobacteria;Alteromonadales;Shewanellaceae;Shewanella
k141_26585	Bacteria;Chlorobiota;Chlorobiia;Chlorobiales;Chlorobiaceae;Chlorobium;Chlorobium phaeobacteroides
k141_55770	Bacteria;Aquificota;Aquificia;Aquificales;Aquificaceae;Hydrogenobaculum
k141_52039	Bacteria;Cyanobacteriota;Cyanophyceae;Nostocales;Nostocaceae
k141_34071	Archaea;Thermoproteota;Thermoprotei;Desulfurococcales;Desulfurococcaceae;Ignicoccus;Ignicoccus islandicus
k141_37821	Bacteria;Pseudomonadota;Gammaproteobacteria;Alteromonadales;Shewanellaceae;Shewanella
k141_12164	Bacteria;Pseudomonadota
k141_4797	Archaea;Methanobacteriota;Halobacteria;Halobacteriales;Halobacteriaceae;Halobacterium
k141_34072	Bacteria;Pseudomonadota;Gammaproteobacteria;Pseudomonadales;Pseudomonadaceae;Pseudomonas
k141_26587	Bacteria;Cyanobacteriota;Cyanophyceae;Nostocales
k141_12166	
k141_26588	
k141_30425	Archaea;Thermoproteota;Thermoprotei;Desulfurococcales;Desulfurococcaceae;Ignicoccus;Ignicoccus hospitalis
k141_8607	Archaea;Methanobacteriota;Halobacteria;Halobacteriales;Halobacteriaceae;Halobacterium
k141_34074	
k141_30426	Archaea;Methanobacteriota;Methanococci;Methanococcales;Methanococcaceae;Methanococcus;Methanococcus maripaludis
k141_26589	Bacteria;Chlorobiota;Chlorobiia;Chlorobiales;Chlorobiaceae;Chlorobium;Chlorobium phaeobacteroides
k141_37832	Bacteria;Pseudomonadota;Gammaproteobacteria;Alteromonadales;Shewanellaceae;Shewanella
k141_26590	
k141_30431	Bacteria;Planctomycetota;Planctomycetia;Pirellulales;Pirellulaceae;Rhodopirellula;Rhodopirellula baltica
k141_15755	Archaea;Methanobacteriota;Halobacteria;Halobacteriales;Halobacteriaceae;Halobacterium
k141_8609	Archaea;Thermoproteota;Thermoprotei;Desulfurococcales;Desulfurococcaceae;Ignicoccus;Ignicoccus islandicus
k141_37836	Bacteria;Verrucomicrobiota;Verrucomicrobiia;Verrucomicrobiales;Akkermansiaceae;Akkermansia
k141_44866	Bacteria;Pseudomonadota;Gammaproteobacteria;Pseudomonadales;Pseudomonadaceae;Pseudomonas
k141_15757	Archaea;Methanobacteriota;Methanopyri;Methanopyrales;Methanopyraceae;Methanopyrus;Methanopyrus kandleri
k141_34089	Bacteria;Pseudomonadota;Gammaproteobacteria;Alteromonadales;Shewanellaceae;Shewanella
k141_44868	Bacteria;Pseudomonadota;Gammaproteobacteria;Alteromonadales;Shewanellaceae;Shewanella;Shewanella baltica
k141_22527	Archaea;Thermoproteota;Thermoprotei;Desulfurococcales;Desulfurococcaceae;Ignicoccus;Ignicoccus hospitalis
k141_37840	Archaea;Thermoproteota;Thermoprotei;Desulfurococcales;Desulfurococcaceae;Ignicoccus;Ignicoccus islandicus
k141_4816	Archaea;Thermoproteota;Thermoprotei;Desulfurococcales;Desulfurococcaceae;Ignicoccus;Ignicoccus hospitalis
k141_8617	Archaea;Thermoproteota;Thermoprotei;Desulfurococcales;Desulfurococcaceae;Ignicoccus;Ignicoccus hospitalis
k141_30442	
k141_22530	Bacteria;Pseudomonadota;Gammaproteobacteria;Pseudomonadales;Pseudomonadaceae;Pseudomonas
k141_37853	Bacteria;Bacteroidota;Bacteroidia;Bacteroidales;Bacteroidaceae;Phocaeicola
k141_44878	Bacteria;Pseudomonadota;Gammaproteobacteria;Pseudomonadales;Pseudomonadaceae;Pseudomonas
k141_34100	Bacteria;Thermodesulfobacteriota;Desulfovibrionia;Desulfovibrionales;Desulfovibrionaceae;Desulfovibrio
k141_8624	Archaea;Thermoproteota;Thermoprotei;Desulfurococcales;Desulfurococcaceae;Ignicoccus;Ignicoccus islandicus
k141_30454	Bacteria;Pseudomonadota;Gammaproteobacteria;Pseudomonadales;Pseudomonadaceae;Pseudomonas;Pseudomonas marginalis
k141_8626	Bacteria;Bacteroidota;Bacteroidia;Bacteroidales;Porphyromonadaceae;Porphyromonas;Porphyromonas gingivalis
k141_22541	Bacteria;Aquificota;Aquificia;Aquificales;Aquificaceae;Hydrogenobaculum
k141_19229	Bacteria;Thermodesulfobacteriota;Desulfobulbia;Desulfobulbales;Desulfobulbaceae;Desulfobulbus;Desulfobulbus oralis
k141_12179	Bacteria;Planctomycetota;Planctomycetia;Pirellulales;Pirellulaceae;Rhodopirellula;Rhodopirellula baltica
k141_4822	Bacteria;Planctomycetota;Planctomycetia;Pirellulales;Pirellulaceae;Rhodopirellula;Rhodopirellula baltica
k141_8630	Bacteria;Cyanobacteriota;Cyanophyceae;Nostocales;Nostocaceae
k141_37872	
k141_22543	Bacteria;Pseudomonadota;Gammaproteobacteria;Pseudomonadales;Pseudomonadaceae;Pseudomonas
k141_4825	Bacteria;Aquificota;Aquificia;Aquificales;Hydrogenothermaceae;Sulfurihydrogenibium;Sulfurihydrogenibium sp. YO3AOP1
k141_12183	Bacteria;Pseudomonadota;Gammaproteobacteria;Pseudomonadales;Pseudomonadaceae;Pseudomonas
k141_34113	Archaea;Methanobacteriota;Methanococci;Methanococcales;Methanococcaceae;Methanococcus
k141_19237	Bacteria;Cyanobacteriota;Cyanophyceae;Nostocales;Nostocaceae
k141_30460	Bacteria;Pseudomonadota;Gammaproteobacteria;Pseudomonadales;Pseudomonadaceae;Pseudomonas
k141_4828	Bacteria;Pseudomonadota;Gammaproteobacteria;Pseudomonadales;Pseudomonadaceae;Pseudomonas
k141_8633	Archaea;Methanobacteriota;Methanococci;Methanococcales;Methanococcaceae;Methanococcus;Methanococcus maripaludis
k141_48800	Bacteria;Chlorobiota;Chlorobiia;Chlorobiales;Chlorobiaceae;Chlorobium;Chlorobium phaeovibrioides
k141_55779	Bacteria;Bacillota;Clostridia;Thermoanaerobacterales;Thermoanaerobacteraceae;Thermoanaerobacter
k141_30461	Archaea;Methanobacteriota;Halobacteria;Halobacteriales;Halobacteriaceae;Halobacterium
k141_55783	Bacteria;Cyanobacteriota;Cyanophyceae;Nostocales;Nostocaceae
k141_4840	Bacteria;Pseudomonadota;Gammaproteobacteria;Pseudomonadales;Pseudomonadaceae;Pseudomonas
k141_8645	Bacteria;Pseudomonadota;Gammaproteobacteria;Pseudomonadales;Pseudomonadaceae;Pseudomonas
k141_44908	Bacteria;Pseudomonadota;Gammaproteobacteria;Alteromonadales;Shewanellaceae;Shewanella
k141_4844	Bacteria;Chlorobiota;Chlorobiia;Chlorobiales;Chlorobiaceae;Chlorobium;Chlorobium phaeobacteroides
k141_52048	Bacteria;Pseudomonadota;Betaproteobacteria;Nitrosomonadales;Nitrosomonadaceae;Nitrosomonas
k141_48812	Bacteria;Pseudomonadota;Gammaproteobacteria;Pseudomonadales;Pseudomonadaceae;Pseudomonas
k141_19242	Bacteria;Planctomycetota;Planctomycetia;Pirellulales;Pirellulaceae;Rhodopirellula;Rhodopirellula baltica
k141_55788	
k141_44915	Bacteria;Pseudomonadota;Gammaproteobacteria;Pseudomonadales;Pseudomonadaceae;Pseudomonas
k141_52052	Bacteria;Chlorobiota;Chlorobiia;Chlorobiales;Chlorobiaceae;Chlorobaculum;Chlorobaculum tepidum
k141_8656	Bacteria;Chlorobiota;Chlorobiia;Chlorobiales;Chlorobiaceae;Chlorobium;Chlorobium phaeobacteroides
k141_37905	Bacteria;Aquificota;Aquificia;Aquificales;Aquificaceae;Hydrogenobaculum;Hydrogenobaculum sp. Y04AAS1
k141_19243	Bacteria;Spirochaetota;Spirochaetia;Treponematales;Treponemataceae;Treponema
k141_48815	Bacteria;Pseudomonadota;Gammaproteobacteria;Alteromonadales;Shewanellaceae;Shewanella
k141_8660	Bacteria;Pseudomonadota;Gammaproteobacteria;Pseudomonadales;Pseudomonadaceae;Pseudomonas
k141_44924	Bacteria;Pseudomonadota;Gammaproteobacteria;Pseudomonadales;Pseudomonadaceae;Pseudomonas
k141_55794	Bacteria;Bacillota;Clostridia;Acetivibrionales;Acetivibrionaceae;Acetivibrio
k141_48819	Archaea;Methanobacteriota;Halobacteria;Halobacteriales;Halobacteriaceae;Halobacterium
k141_12191	Bacteria;Pseudomonadota;Gammaproteobacteria;Alteromonadales;Shewanellaceae;Shewanella
k141_15759	Bacteria;Pseudomonadota;Betaproteobacteria;Nitrosomonadales;Nitrosomonadaceae;Nitrosomonas
k141_4858	Bacteria;Cyanobacteriota;Cyanophyceae;Nostocales;Nostocaceae
k141_52063	Bacteria;Cyanobacteriota;Cyanophyceae;Nostocales;Nostocaceae
k141_19246	Bacteria;Chlorobiota;Chlorobiia;Chlorobiales;Chlorobiaceae;Chlorobaculum;Chlorobaculum tepidum
k141_15761	Bacteria;Chloroflexota;Chloroflexia;Chloroflexales;Chloroflexaceae;Chloroflexus;Chloroflexus aurantiacus
k141_55796	
k141_8669	Bacteria;Pseudomonadota;Gammaproteobacteria;Pseudomonadales;Pseudomonadaceae;Pseudomonas
k141_19247	Bacteria;Pseudomonadota;Gammaproteobacteria;Pseudomonadales;Pseudomonadaceae;Pseudomonas
k141_30463	Bacteria;Bacteroidota;Bacteroidia;Bacteroidales;Porphyromonadaceae;Porphyromonas;Porphyromonas gingivalis
k141_12193	Bacteria;Pseudomonadota;Gammaproteobacteria;Pseudomonadales;Pseudomonadaceae;Pseudomonas
k141_4865	
k141_48824	Archaea;Thermoproteota;Thermoprotei;Desulfurococcales;Desulfurococcaceae;Ignicoccus;Ignicoccus islandicus
k141_52068	Bacteria;Pseudomonadota;Gammaproteobacteria;Pseudomonadales;Pseudomonadaceae;Pseudomonas
k141_12194	Bacteria;Chlorobiota;Chlorobiia;Chlorobiales;Chlorobiaceae;Chlorobium;Chlorobium phaeobacteroides
k141_19252	Archaea;Thermoproteota;Thermoprotei;Desulfurococcales;Desulfurococcaceae;Ignicoccus;Ignicoccus islandicus
k141_48830	Bacteria;Pseudomonadota;Gammaproteobacteria;Pseudomonadales;Pseudomonadaceae;Pseudomonas
k141_55799	Archaea;Methanobacteriota;Methanococci;Methanococcales;Methanococcaceae;Methanococcus;Methanococcus maripaludis
k141_4868	Bacteria;Pseudomonadota;Gammaproteobacteria;Pseudomonadales;Pseudomonadaceae;Pseudomonas
k141_30473	Bacteria;Fusobacteriota;Fusobacteriia;Fusobacteriales;Fusobacteriaceae;Fusobacterium
k141_48832	Bacteria;Pseudomonadota;Gammaproteobacteria;Pseudomonadales;Pseudomonadaceae;Pseudomonas
k141_1521	Bacteria;Thermotogota;Thermotogae;Thermotogales;Thermotogaceae;Thermotoga
k141_52076	Archaea;Methanobacteriota;Archaeoglobi;Archaeoglobales;Archaeoglobaceae;Archaeoglobus;Archaeoglobus fulgidus
k141_15773	Bacteria;Pseudomonadota;Gammaproteobacteria;Alteromonadales;Shewanellaceae;Shewanella
k141_1523	Bacteria;Pseudomonadota;Gammaproteobacteria
k141_12202	
k141_15775	Bacteria;Pseudomonadota;Gammaproteobacteria;Alteromonadales;Shewanellaceae;Shewanella
k141_4869	Bacteria;Pseudomonadota;Gammaproteobacteria;Alteromonadales;Shewanellaceae;Shewanella
k141_52080	Bacteria;Chlorobiota;Chlorobiia;Chlorobiales;Chlorobiaceae
k141_37908	Bacteria;Planctomycetota;Planctomycetia;Pirellulales;Pirellulaceae;Rhodopirellula;Rhodopirellula baltica
k141_19269	Bacteria;Aquificota;Aquificia;Aquificales;Aquificaceae;Hydrogenobaculum
k141_44931	Bacteria;Bacteroidota;Bacteroidia;Bacteroidales;Porphyromonadaceae;Porphyromonas;Porphyromonas gingivalis
k141_1530	Bacteria;Bacillota
k141_15779	Bacteria;Pseudomonadota;Gammaproteobacteria;Pseudomonadales;Pseudomonadaceae;Pseudomonas
k141_12206	Bacteria;Fusobacteriota;Fusobacteriia;Fusobacteriales;Fusobacteriaceae;Fusobacterium
k141_1532	
k141_15781	Bacteria;Deinococcota;Deinococci;Deinococcales;Deinococcaceae;Deinococcus
k141_37918	Bacteria
k141_15783	Bacteria;Pseudomonadota;Gammaproteobacteria;Pseudomonadales;Pseudomonadaceae;Pseudomonas
k141_48835	Bacteria;Planctomycetota;Planctomycetia;Pirellulales;Pirellulaceae;Rhodopirellula;Rhodopirellula baltica
k141_12208	
k141_15786	Bacteria;Pseudomonadota;Gammaproteobacteria;Pseudomonadales;Pseudomonadaceae;Pseudomonas
k141_48837	Bacteria;Pseudomonadota;Gammaproteobacteria;Pseudomonadales;Pseudomonadaceae;Pseudomonas
k141_12211	Bacteria;Spirochaetota;Spirochaetia;Treponematales;Treponemataceae;Treponema
k141_37919	Bacteria;Planctomycetota;Planctomycetia;Pirellulales;Pirellulaceae;Rhodopirellula
k141_26591	Bacteria;Cyanobacteriota;Cyanophyceae;Nostocales;Nostocaceae
k141_19271	Bacteria;Thermodesulfobacteriota;Desulfobulbia;Desulfobulbales;Desulfobulbaceae;Desulfobulbus;Desulfobulbus oralis
k141_48840	Bacteria;Chlorobiota;Chlorobiia;Chlorobiales;Chlorobiaceae;Chlorobium;Chlorobium phaeobacteroides
k141_44941	Bacteria;Pseudomonadota;Gammaproteobacteria;Alteromonadales;Shewanellaceae;Shewanella
k141_1548	Bacteria;Cyanobacteriota;Cyanophyceae;Nostocales;Nostocaceae
k141_19274	Bacteria;Pseudomonadota;Gammaproteobacteria;Pseudomonadales;Pseudomonadaceae;Pseudomonas
k141_12215	Archaea;Methanobacteriota;Methanococci;Methanococcales;Methanococcaceae;Methanococcus;Methanococcus maripaludis
k141_52083	Bacteria;Planctomycetota;Planctomycetia;Pirellulales;Pirellulaceae;Rhodopirellula;Rhodopirellula baltica
k141_15794	Bacteria;Chlorobiota;Chlorobiia;Chlorobiales;Chlorobiaceae;Chlorobaculum;Chlorobaculum tepidum
k141_52084	Bacteria;Chlorobiota;Chlorobiia;Chlorobiales;Chlorobiaceae;Chlorobaculum;Chlorobaculum tepidum
k141_12218	Bacteria;Pseudomonadota;Gammaproteobacteria;Pseudomonadales;Pseudomonadaceae;Pseudomonas
k141_15796	Archaea;Thermoproteota;Thermoprotei;Desulfurococcales;Desulfurococcaceae;Ignicoccus;Ignicoccus islandicus
k141_37927	
k141_12220	Archaea;Methanobacteriota;Methanococci;Methanococcales;Methanococcaceae;Methanococcus;Methanococcus maripaludis
k141_15797	
k141_26593	Archaea;Methanobacteriota;Halobacteria;Halobacteriales;Halobacteriaceae;Halobacterium
k141_15798	Bacteria;Cyanobacteriota;Cyanophyceae;Nostocales;Nostocaceae
k141_1560	
k141_26595	Bacteria;Chlorobiota;Chlorobiia;Chlorobiales;Chlorobiaceae;Chlorobaculum;Chlorobaculum tepidum
k141_12222	Archaea;Methanobacteriota;Methanococci;Methanococcales;Methanococcaceae;Methanococcus;Methanococcus maripaludis
k141_8671	Bacteria;Thermotogota;Thermotogae;Thermotogales;Thermotogaceae;Thermotoga
k141_52100	Bacteria;Chlorobiota;Chlorobiia;Chlorobiales;Chlorobiaceae;Chlorobaculum
k141_19287	Bacteria;Planctomycetota;Planctomycetia;Pirellulales;Pirellulaceae;Rhodopirellula;Rhodopirellula baltica
k141_8672	Bacteria;Pseudomonadota;Gammaproteobacteria;Pseudomonadales;Pseudomonadaceae;Pseudomonas
k141_12225	Bacteria;Pseudomonadota;Gammaproteobacteria;Alteromonadales;Shewanellaceae;Shewanella
k141_15801	Bacteria;Pseudomonadota;Gammaproteobacteria;Pseudomonadales;Pseudomonadaceae;Pseudomonas
k141_48844	Bacteria;Thermodesulfobacteriota;Desulfobulbia;Desulfobulbales;Desulfobulbaceae;Desulfobulbus;Desulfobulbus oralis
k141_15806	Bacteria;Pseudomonadota;Gammaproteobacteria;Pseudomonadales;Pseudomonadaceae;Pseudomonas
k141_15807	Bacteria;Pseudomonadota;Gammaproteobacteria;Pseudomonadales;Pseudomonadaceae;Pseudomonas
k141_1565	Archaea;Methanobacteriota;Halobacteria;Halobacteriales;Halobacteriaceae;Halobacterium
k141_52108	Bacteria;Pseudomonadota;Gammaproteobacteria;Pseudomonadales;Pseudomonadaceae;Pseudomonas
k141_8682	Bacteria;Pseudomonadota;Betaproteobacteria;Burkholderiales;Burkholderiaceae;Paraburkholderia
k141_15812	Bacteria;Campylobacterota;Epsilonproteobacteria;Campylobacterales;Helicobacteraceae;Wolinella;Wolinella succinogenes
k141_44956	Bacteria;Pseudomonadota;Gammaproteobacteria;Alteromonadales;Shewanellaceae;Shewanella
k141_1573	
k141_19315	Bacteria;Pseudomonadota;Gammaproteobacteria;Pseudomonadales;Pseudomonadaceae
k141_15813	Bacteria;Chlorobiota;Chlorobiia;Chlorobiales;Chlorobiaceae;Chlorobium;Chlorobium phaeobacteroides
k141_12231	
k141_8688	Bacteria;Planctomycetota;Planctomycetia;Pirellulales;Pirellulaceae;Rhodopirellula;Rhodopirellula baltica
k141_52116	Bacteria;Chloroflexota;Chloroflexia;Chloroflexales;Chloroflexaceae;Chloroflexus;Chloroflexus aurantiacus
k141_12232	Archaea;Thermoproteota;Thermoprotei;Desulfurococcales;Desulfurococcaceae;Ignicoccus;Ignicoccus islandicus
k141_44960	Bacteria;Chloroflexota;Chloroflexia;Chloroflexales;Chloroflexaceae;Chloroflexus;Chloroflexus aurantiacus
k141_26610	
k141_30476	Bacteria;Bacteroidota;Bacteroidia;Bacteroidales;Porphyromonadaceae;Porphyromonas;Porphyromonas gingivalis
k141_52118	Bacteria;Planctomycetota;Planctomycetia;Pirellulales;Pirellulaceae;Rhodopirellula;Rhodopirellula baltica
k141_44965	Bacteria;Pseudomonadota;Gammaproteobacteria;Alteromonadales;Shewanellaceae;Shewanella
k141_26612	Bacteria;Chlorobiota;Chlorobiia;Chlorobiales;Chlorobiaceae;Chlorobium;Chlorobium phaeobacteroides
k141_30477	Archaea;Thermoproteota;Thermoprotei;Desulfurococcales;Desulfurococcaceae;Ignicoccus;Ignicoccus islandicus
k141_15816	Bacteria;Planctomycetota;Planctomycetia;Pirellulales;Pirellulaceae;Rhodopirellula;Rhodopirellula baltica
k141_44968	Bacteria;Pseudomonadota;Gammaproteobacteria;Pseudomonadales;Pseudomonadaceae;Pseudomonas
k141_12242	Bacteria;Pseudomonadota;Gammaproteobacteria;Pseudomonadales;Pseudomonadaceae;Pseudomonas
k141_34119	Bacteria;Chlorobiota;Chlorobiia;Chlorobiales;Chlorobiaceae;Chlorobium;Chlorobium phaeovibrioides
k141_30482	
k141_19316	Bacteria;Fusobacteriota;Fusobacteriia;Fusobacteriales;Fusobacteriaceae;Fusobacterium
k141_34121	Bacteria;Chlorobiota;Chlorobiia;Chlorobiales;Chlorobiaceae;Chlorobaculum;Chlorobaculum tepidum
k141_44970	Bacteria;Pseudomonadota;Gammaproteobacteria;Pseudomonadales;Pseudomonadaceae;Pseudomonas
k141_30484	Bacteria;Pseudomonadota;Gammaproteobacteria;Pseudomonadales;Pseudomonadaceae;Pseudomonas
k141_12244	
k141_34122	Bacteria;Chlorobiota;Chlorobiia;Chlorobiales;Chlorobiaceae;Chlorobium;Chlorobium phaeobacteroides
k141_30486	Bacteria;Spirochaetota;Spirochaetia;Treponematales;Treponemataceae;Treponema
k141_8692	Bacteria;Chlorobiota;Chlorobiia;Chlorobiales;Chlorobiaceae;Chlorobium;Chlorobium phaeovibrioides
k141_34126	Bacteria;Pseudomonadota;Gammaproteobacteria;Alteromonadales;Shewanellaceae;Shewanella
k141_26615	Archaea;Methanobacteriota;Halobacteria;Halobacteriales;Halobacteriaceae;Halobacterium
k141_44973	Bacteria;Spirochaetota;Spirochaetia;Treponematales;Treponemataceae;Treponema
k141_37930	
k141_15827	Bacteria;Pseudomonadota;Gammaproteobacteria;Alteromonadales;Shewanellaceae;Shewanella
k141_34130	Archaea;Thermoproteota;Thermoprotei;Desulfurococcales;Desulfurococcaceae;Ignicoccus;Ignicoccus islandicus
k141_30487	Archaea;Thermoproteota;Thermoprotei;Desulfurococcales;Desulfurococcaceae;Ignicoccus;Ignicoccus hospitalis
k141_8702	Bacteria;Chlorobiota;Chlorobiia;Chlorobiales;Chlorobiaceae;Chlorobium;Chlorobium phaeobacteroides
k141_44978	Bacteria;Chlorobiota;Chlorobiia;Chlorobiales;Chlorobiaceae;Chlorobaculum;Chlorobaculum tepidum
k141_55803	Archaea;Methanobacteriota;Methanococci;Methanococcales;Methanocaldococcaceae;Methanocaldococcus;Methanocaldococcus jannaschii
k141_26624	
k141_19334	
k141_34131	Bacteria;Pseudomonadota;Gammaproteobacteria;Alteromonadales;Shewanellaceae;Shewanella
k141_8707	Bacteria;Cyanobacteriota;Cyanophyceae;Nostocales
k141_4872	Bacteria;Bacillota
k141_8708	Archaea;Thermoproteota;Thermoprotei;Thermoproteales;Thermoproteaceae;Pyrobaculum;Pyrobaculum calidifontis
k141_55805	Bacteria;Chlorobiota;Chlorobiia;Chlorobiales;Chlorobiaceae;Chlorobium;Chlorobium phaeobacteroides
k141_15838	Bacteria;Pseudomonadota;Gammaproteobacteria;Pseudomonadales;Pseudomonadaceae;Pseudomonas
k141_34135	Bacteria;Pseudomonadota;Gammaproteobacteria;Pseudomonadales;Pseudomonadaceae;Pseudomonas
k141_37939	Bacteria;Chlorobiota;Chlorobiia;Chlorobiales;Chlorobiaceae;Chlorobium;Chlorobium phaeobacteroides
k141_8709	Bacteria;Chlorobiota;Chlorobiia;Chlorobiales;Chlorobiaceae;Chlorobium;Chlorobium phaeobacteroides
k141_55807	Bacteria;Cyanobacteriota;Cyanophyceae;Nostocales;Nostocaceae
k141_26627	
k141_55808	Bacteria;Pseudomonadota;Gammaproteobacteria;Pseudomonadales;Pseudomonadaceae;Pseudomonas
k141_4883	Bacteria;Pseudomonadota;Gammaproteobacteria;Alteromonadales;Shewanellaceae;Shewanella
k141_55809	Bacteria;Pseudomonadota;Gammaproteobacteria;Pseudomonadales;Pseudomonadaceae;Pseudomonas
k141_44982	Bacteria;Planctomycetota;Planctomycetia;Pirellulales;Pirellulaceae;Rhodopirellula;Rhodopirellula baltica
k141_8721	Bacteria
k141_34136	Bacteria;Pseudomonadota;Gammaproteobacteria;Alteromonadales;Shewanellaceae;Shewanella
k141_12246	Bacteria;Bacillota;Clostridia;Thermoanaerobacterales;Thermoanaerobacteraceae;Thermoanaerobacter
k141_30516	Archaea;Thermoproteota;Thermoprotei;Thermoproteales;Thermoproteaceae;Pyrobaculum;Pyrobaculum calidifontis
k141_52122	Bacteria;Planctomycetota;Planctomycetia;Pirellulales;Pirellulaceae;Rhodopirellula;Rhodopirellula baltica
k141_37946	Archaea;Methanobacteriota;Halobacteria;Halobacteriales;Halobacteriaceae;Halobacterium
k141_44984	Archaea;Thermoproteota;Thermoprotei;Desulfurococcales;Desulfurococcaceae;Ignicoccus;Ignicoccus islandicus
k141_30520	Bacteria;Verrucomicrobiota;Verrucomicrobiia;Verrucomicrobiales;Akkermansiaceae;Akkermansia;Akkermansia muciniphila
k141_37949	Bacteria;Chloroflexota;Chloroflexia;Chloroflexales;Chloroflexaceae;Chloroflexus;Chloroflexus aurantiacus
k141_8726	Bacteria;Chlorobiota;Chlorobiia;Chlorobiales;Chlorobiaceae;Chlorobium;Chlorobium phaeobacteroides
k141_55812	Bacteria;Chlorobiota;Chlorobiia;Chlorobiales;Chlorobiaceae;Chlorobaculum;Chlorobaculum tepidum
k141_12254	Bacteria;Pseudomonadota;Gammaproteobacteria;Pseudomonadales;Pseudomonadaceae;Pseudomonas
k141_52132	Bacteria;Cyanobacteriota;Cyanophyceae;Nostocales
k141_37957	Bacteria;Planctomycetota;Planctomycetia;Pirellulales;Pirellulaceae;Rhodopirellula;Rhodopirellula baltica
k141_22559	Bacteria;Thermodesulfobacteriota;Desulfobulbia;Desulfobulbales;Desulfobulbaceae;Desulfobulbus;Desulfobulbus oralis
k141_55813	Bacteria;Thermodesulfobacteriota;Desulfuromonadia;Geobacterales;Geobacteraceae;Geobacter
k141_22562	Bacteria;Verrucomicrobiota;Verrucomicrobiia;Verrucomicrobiales;Akkermansiaceae;Akkermansia;Akkermansia muciniphila
k141_44998	Bacteria;Chlorobiota;Chlorobiia;Chlorobiales;Chlorobiaceae;Chlorobium;Chlorobium phaeobacteroides
k141_19343	Archaea;Methanobacteriota;Halobacteria;Halobacteriales;Halobacteriaceae;Halobacterium
k141_52133	Bacteria;Fusobacteriota;Fusobacteriia;Fusobacteriales;Fusobacteriaceae;Fusobacterium
k141_55818	Bacteria;Chloroflexota;Chloroflexia;Chloroflexales;Chloroflexaceae;Chloroflexus;Chloroflexus aurantiacus
k141_30529	Bacteria;Planctomycetota;Planctomycetia;Pirellulales;Pirellulaceae;Rhodopirellula;Rhodopirellula baltica
k141_34146	Bacteria;Planctomycetota;Planctomycetia;Pirellulales;Pirellulaceae;Rhodopirellula;Rhodopirellula baltica
k141_12262	Archaea;Thermoproteota;Thermoprotei;Desulfurococcales;Desulfurococcaceae;Ignicoccus;Ignicoccus islandicus
k141_48847	Bacteria;Thermotogota;Thermotogae;Thermotogales;Thermotogaceae;Thermotoga
k141_34148	Archaea;Thermoproteota;Thermoprotei;Desulfurococcales;Desulfurococcaceae;Ignicoccus;Ignicoccus hospitalis
k141_45004	Bacteria;Chlorobiota;Chlorobiia;Chlorobiales;Chlorobiaceae;Chlorobium;Chlorobium phaeobacteroides
k141_12264	Bacteria;Pseudomonadota;Gammaproteobacteria;Alteromonadales;Shewanellaceae;Shewanella;Shewanella baltica
k141_15852	
k141_37974	Bacteria;Bacteroidota;Bacteroidia;Bacteroidales;Porphyromonadaceae;Porphyromonas;Porphyromonas gingivalis
k141_55822	Bacteria;Chlorobiota;Chlorobiia;Chlorobiales;Chlorobiaceae;Chlorobium;Chlorobium phaeobacteroides
k141_45008	Bacteria;Cyanobacteriota;Cyanophyceae;Nostocales;Nostocaceae
k141_26639	
k141_52138	Bacteria;Fusobacteriota;Fusobacteriia;Fusobacteriales;Fusobacteriaceae;Fusobacterium
k141_12267	Bacteria;Pseudomonadota;Gammaproteobacteria
k141_34154	Bacteria;Pseudomonadota;Gammaproteobacteria;Pseudomonadales;Pseudomonadaceae;Pseudomonas
k141_55827	
k141_19354	Bacteria;Bacteroidota;Bacteroidia;Bacteroidales;Porphyromonadaceae;Porphyromonas;Porphyromonas gingivalis
k141_37977	Bacteria;Chlorobiota;Chlorobiia;Chlorobiales;Chlorobiaceae;Chlorobaculum;Chlorobaculum tepidum
k141_30533	Bacteria;Pseudomonadota;Gammaproteobacteria;Alteromonadales;Shewanellaceae;Shewanella
k141_26640	
k141_15858	Bacteria;Fusobacteriota;Fusobacteriia;Fusobacteriales;Fusobacteriaceae;Fusobacterium
k141_55828	Bacteria;Cyanobacteriota;Cyanophyceae;Nostocales;Nostocaceae
k141_26641	Bacteria;Cyanobacteriota;Cyanophyceae;Nostocales;Nostocaceae
k141_8746	Bacteria;Pseudomonadota;Gammaproteobacteria;Alteromonadales;Shewanellaceae;Shewanella
k141_52142	Bacteria;Cyanobacteriota;Cyanophyceae;Nostocales;Nostocaceae
k141_34158	Bacteria;Cyanobacteriota;Cyanophyceae;Nostocales
k141_19356	
k141_45016	Bacteria;Pseudomonadota;Gammaproteobacteria;Pseudomonadales;Pseudomonadaceae;Pseudomonas
k141_26642	Bacteria;Cyanobacteriota;Cyanophyceae;Nostocales;Nostocaceae
k141_15860	
k141_37985	Bacteria;Pseudomonadota;Gammaproteobacteria;Pseudomonadales;Pseudomonadaceae;Pseudomonas
k141_12276	Bacteria;Pseudomonadota;Gammaproteobacteria;Pseudomonadales;Pseudomonadaceae;Pseudomonas
k141_52145	Bacteria;Aquificota;Aquificia;Aquificales;Aquificaceae;Hydrogenobaculum
k141_19362	Bacteria;Pseudomonadota;Gammaproteobacteria;Alteromonadales;Shewanellaceae;Shewanella;Shewanella baltica
k141_26644	Bacteria;Pseudomonadota;Gammaproteobacteria;Alteromonadales;Shewanellaceae;Shewanella
k141_19363	Bacteria;Pseudomonadota;Gammaproteobacteria;Pseudomonadales;Pseudomonadaceae;Pseudomonas
k141_8755	Bacteria;Campylobacterota;Epsilonproteobacteria;Campylobacterales;Helicobacteraceae;Wolinella;Wolinella succinogenes
k141_15863	Bacteria;Aquificota;Aquificia;Aquificales;Aquificaceae;Hydrogenobaculum;Hydrogenobaculum sp. Y04AAS1
k141_55835	Bacteria;Pseudomonadota;Gammaproteobacteria;Pseudomonadales;Pseudomonadaceae;Pseudomonas
k141_30550	Archaea;Methanobacteriota;Methanococci;Methanococcales;Methanococcaceae;Methanococcus;Methanococcus maripaludis
k141_26651	Bacteria;Cyanobacteriota;Cyanophyceae;Nostocales;Nostocaceae
k141_55837	Bacteria;Pseudomonadota;Gammaproteobacteria;Pseudomonadales;Pseudomonadaceae;Pseudomonas
k141_37987	Bacteria;Chlorobiota;Chlorobiia;Chlorobiales;Chlorobiaceae;Chlorobaculum;Chlorobaculum tepidum
k141_15865	Bacteria;Chlorobiota;Chlorobiia;Chlorobiales;Chlorobiaceae;Chlorobaculum
k141_26655	Bacteria;Chlorobiota;Chlorobiia;Chlorobiales;Chlorobiaceae;Chlorobium;Chlorobium phaeobacteroides
k141_8762	Bacteria;Cyanobacteriota;Cyanophyceae;Nostocales;Nostocaceae
k141_30561	Bacteria;Pseudomonadota;Gammaproteobacteria;Pseudomonadales;Pseudomonadaceae;Pseudomonas
k141_55843	Archaea;Methanobacteriota;Methanococci;Methanococcales;Methanococcaceae;Methanococcus;Methanococcus maripaludis
k141_8763	Bacteria;Planctomycetota;Planctomycetia;Pirellulales;Pirellulaceae
k141_30565	Bacteria;Pseudomonadota;Gammaproteobacteria;Alteromonadales;Shewanellaceae;Shewanella
k141_37994	Bacteria;Thermodesulfobacteriota;Desulfovibrionia;Desulfovibrionales;Desulfovibrionaceae;Desulfovibrio;Desulfovibrio piger
k141_34174	Bacteria;Planctomycetota;Planctomycetia;Pirellulales;Pirellulaceae;Rhodopirellula;Rhodopirellula baltica
k141_26662	Bacteria;Chlorobiota;Chlorobiia;Chlorobiales;Chlorobiaceae;Chlorobaculum;Chlorobaculum tepidum
k141_37998	Bacteria;Chlorobiota;Chlorobiia;Chlorobiales;Chlorobiaceae;Chlorobaculum;Chlorobaculum tepidum
k141_48871	Bacteria;Fusobacteriota;Fusobacteriia;Fusobacteriales;Fusobacteriaceae;Fusobacterium
k141_52154	Archaea;Methanobacteriota;Halobacteria;Halobacteriales;Halobacteriaceae;Halobacterium
k141_30573	Bacteria;Pseudomonadota;Gammaproteobacteria;Pseudomonadales;Pseudomonadaceae;Pseudomonas
k141_8764	Bacteria;Planctomycetota;Planctomycetia;Pirellulales;Pirellulaceae;Rhodopirellula;Rhodopirellula baltica
k141_37999	Bacteria;Pseudomonadota;Gammaproteobacteria;Pseudomonadales;Pseudomonadaceae;Pseudomonas
k141_8765	Archaea;Methanobacteriota;Methanococci;Methanococcales;Methanococcaceae;Methanococcus;Methanococcus maripaludis
k141_45018	Bacteria;Planctomycetota;Planctomycetia;Pirellulales;Pirellulaceae;Rhodopirellula;Rhodopirellula baltica
k141_48874	
k141_55849	Bacteria;Pseudomonadota;Gammaproteobacteria;Alteromonadales;Shewanellaceae;Shewanella
k141_22567	
k141_52155	Bacteria;Aquificota;Aquificia;Aquificales;Aquificaceae;Hydrogenobaculum
k141_1574	
k141_19365	Bacteria;Fusobacteriota;Fusobacteriia;Fusobacteriales;Fusobacteriaceae;Fusobacterium
k141_34175	Bacteria;Thermodesulfobacteriota;Desulfobulbia;Desulfobulbales;Desulfobulbaceae;Desulfobulbus;Desulfobulbus oralis
k141_26679	Bacteria;Pseudomonadota;Gammaproteobacteria;Pseudomonadales;Pseudomonadaceae;Pseudomonas
k141_55851	Bacteria;Pseudomonadota;Gammaproteobacteria;Alteromonadales;Shewanellaceae;Shewanella
k141_48878	
k141_12280	Bacteria;Bacillota
k141_38002	Bacteria;Pseudomonadota;Gammaproteobacteria;Alteromonadales;Shewanellaceae;Shewanella
k141_52157	Archaea;Methanobacteriota;Methanococci;Methanococcales;Methanococcaceae;Methanococcus;Methanococcus maripaludis
k141_45025	Bacteria;Pseudomonadota;Gammaproteobacteria;Pseudomonadales;Pseudomonadaceae;Pseudomonas
k141_30583	Bacteria;Pseudomonadota;Gammaproteobacteria;Pseudomonadales;Pseudomonadaceae;Pseudomonas
k141_34179	Bacteria;Chlorobiota;Chlorobiia;Chlorobiales;Chlorobiaceae;Chlorobaculum;Chlorobaculum tepidum
k141_48881	Bacteria;Verrucomicrobiota;Verrucomicrobiia;Verrucomicrobiales;Akkermansiaceae;Akkermansia;Akkermansia muciniphila
k141_30584	Bacteria;Pseudomonadota;Gammaproteobacteria;Pseudomonadales;Pseudomonadaceae;Pseudomonas
k141_26682	Bacteria;Chlorobiota;Chlorobiia;Chlorobiales;Chlorobiaceae;Chlorobaculum;Chlorobaculum tepidum
k141_38006	Bacteria;Pseudomonadota;Gammaproteobacteria;Pseudomonadales;Pseudomonadaceae;Pseudomonas
k141_34180	Archaea;Thermoproteota;Thermoprotei;Desulfurococcales;Desulfurococcaceae;Ignicoccus;Ignicoccus islandicus
k141_48882	Archaea;Thermoproteota;Thermoprotei;Thermoproteales;Thermoproteaceae;Pyrobaculum;Pyrobaculum calidifontis
k141_48885	Archaea;Thermoproteota;Thermoprotei;Desulfurococcales;Desulfurococcaceae;Ignicoccus;Ignicoccus hospitalis
k141_8775	Bacteria;Pseudomonadota;Gammaproteobacteria;Alteromonadales;Shewanellaceae;Shewanella
k141_8777	Bacteria;Cyanobacteriota;Cyanophyceae;Nostocales;Nostocaceae
k141_34190	Bacteria;Chlorobiota;Chlorobiia;Chlorobiales;Chlorobiaceae;Chlorobaculum;Chlorobaculum tepidum
k141_1575	Bacteria;Bacteroidota;Bacteroidia;Bacteroidales;Porphyromonadaceae;Porphyromonas;Porphyromonas gingivalis
k141_38013	Bacteria;Planctomycetota;Planctomycetia;Pirellulales;Pirellulaceae;Rhodopirellula;Rhodopirellula baltica
k141_26686	Bacteria;Planctomycetota;Planctomycetia;Pirellulales;Pirellulaceae;Rhodopirellula;Rhodopirellula baltica
k141_19387	Bacteria;Fusobacteriota;Fusobacteriia;Fusobacteriales;Fusobacteriaceae;Fusobacterium
k141_34191	Bacteria;Pseudomonadota;Gammaproteobacteria;Pseudomonadales;Pseudomonadaceae;Pseudomonas
k141_12288	Bacteria;Chlorobiota;Chlorobiia;Chlorobiales;Chlorobiaceae;Chlorobium;Chlorobium phaeovibrioides
k141_22593	Archaea;Methanobacteriota;Methanococci;Methanococcales;Methanococcaceae;Methanococcus;Methanococcus maripaludis
k141_52167	Bacteria;Planctomycetota;Planctomycetia;Pirellulales;Pirellulaceae;Rhodopirellula;Rhodopirellula baltica
k141_8781	Bacteria;Chlorobiota;Chlorobiia;Chlorobiales;Chlorobiaceae
k141_34192	Archaea;Thermoproteota;Thermoprotei;Desulfurococcales;Desulfurococcaceae;Ignicoccus;Ignicoccus islandicus
k141_22595	Bacteria;Bacteroidota;Bacteroidia;Bacteroidales;Bacteroidaceae;Phocaeicola
k141_26690	Bacteria;Chlorobiota;Chlorobiia;Chlorobiales;Chlorobiaceae;Chlorobaculum;Chlorobaculum tepidum
k141_52168	Bacteria;Pseudomonadota;Gammaproteobacteria;Alteromonadales;Shewanellaceae;Shewanella
k141_38022	Bacteria;Pseudomonadota;Gammaproteobacteria;Pseudomonadales;Pseudomonadaceae;Pseudomonas
k141_12292	
k141_22597	Bacteria;Chlorobiota;Chlorobiia;Chlorobiales;Chlorobiaceae;Chlorobium;Chlorobium phaeobacteroides
k141_45030	Bacteria;Fusobacteriota;Fusobacteriia;Fusobacteriales;Fusobacteriaceae;Fusobacterium
k141_22598	Bacteria;Pseudomonadota
k141_38025	Bacteria;Planctomycetota;Planctomycetia;Pirellulales;Pirellulaceae;Rhodopirellula;Rhodopirellula baltica
k141_26693	
k141_34203	Bacteria;Chlorobiota;Chlorobiia;Chlorobiales;Chlorobiaceae;Chlorobium;Chlorobium phaeobacteroides
k141_38026	Bacteria;Spirochaetota;Spirochaetia;Treponematales;Treponemataceae;Treponema;Treponema denticola
k141_12297	Bacteria;Pseudomonadota;Gammaproteobacteria;Alteromonadales;Shewanellaceae;Shewanella;Shewanella baltica
k141_1593	Bacteria;Spirochaetota;Spirochaetia;Treponematales;Treponemataceae;Treponema
k141_22601	Bacteria;Pseudomonadota;Gammaproteobacteria;Pseudomonadales;Pseudomonadaceae;Pseudomonas
k141_19397	Bacteria;Pseudomonadota;Gammaproteobacteria;Alteromonadales;Shewanellaceae;Shewanella
k141_45032	Bacteria;Chlorobiota;Chlorobiia;Chlorobiales;Chlorobiaceae;Chlorobaculum;Chlorobaculum tepidum
k141_52179	Bacteria;Pseudomonadota;Gammaproteobacteria;Pseudomonadales;Pseudomonadaceae;Pseudomonas
k141_12299	Bacteria;Chlorobiota;Chlorobiia;Chlorobiales;Chlorobiaceae;Chlorobium;Chlorobium phaeobacteroides
k141_30590	Bacteria;Bacillota
k141_38034	Bacteria;Cyanobacteriota;Cyanophyceae;Nostocales;Nostocaceae
k141_26703	Bacteria;Pseudomonadota;Gammaproteobacteria;Pseudomonadales;Pseudomonadaceae;Pseudomonas
k141_1598	Bacteria;Aquificota;Aquificia;Aquificales;Aquificaceae;Hydrogenobaculum
k141_55853	
k141_12303	Bacteria;Aquificota;Aquificia;Aquificales;Aquificaceae;Hydrogenobaculum
k141_52181	Archaea;Methanobacteriota;Methanococci;Methanococcales;Methanococcaceae;Methanococcus;Methanococcus maripaludis
k141_22608	Bacteria;Campylobacterota;Epsilonproteobacteria;Campylobacterales;Helicobacteraceae;Wolinella;Wolinella succinogenes
k141_8784	
k141_26707	Archaea;Methanobacteriota;Methanopyri;Methanopyrales;Methanopyraceae;Methanopyrus;Methanopyrus kandleri
k141_30598	Bacteria;Pseudomonadota;Gammaproteobacteria;Pseudomonadales;Pseudomonadaceae;Pseudomonas
k141_52185	Bacteria;Pseudomonadota;Gammaproteobacteria;Pseudomonadales;Pseudomonadaceae;Pseudomonas
k141_1602	Bacteria;Pseudomonadota;Gammaproteobacteria;Pseudomonadales;Pseudomonadaceae;Pseudomonas
k141_26708	Bacteria;Pseudomonadota;Gammaproteobacteria;Alteromonadales;Shewanellaceae;Shewanella
k141_38039	Bacteria;Chlorobiota;Chlorobiia;Chlorobiales;Chlorobiaceae;Chlorobium;Chlorobium phaeobacteroides
k141_8787	Bacteria;Pseudomonadota;Gammaproteobacteria;Pseudomonadales;Pseudomonadaceae
k141_38042	Bacteria;Spirochaetota;Spirochaetia;Treponematales;Treponemataceae;Treponema
k141_19409	Bacteria;Planctomycetota;Planctomycetia;Pirellulales;Pirellulaceae;Rhodopirellula;Rhodopirellula baltica
k141_30603	Bacteria;Pseudomonadota;Gammaproteobacteria;Pseudomonadales;Pseudomonadaceae;Pseudomonas
k141_34224	Archaea;Methanobacteriota;Methanococci;Methanococcales;Methanococcaceae;Methanococcus;Methanococcus maripaludis
k141_22610	Bacteria;Aquificota;Aquificia;Aquificales;Aquificaceae;Hydrogenobaculum
k141_26712	Archaea;Thermoproteota;Thermoprotei;Desulfurococcales;Desulfurococcaceae;Ignicoccus;Ignicoccus islandicus
k141_1610	Bacteria;Pseudomonadota;Gammaproteobacteria;Pseudomonadales;Pseudomonadaceae;Pseudomonas
k141_45049	Bacteria;Pseudomonadota;Gammaproteobacteria;Pseudomonadales;Pseudomonadaceae;Pseudomonas
k141_19410	Bacteria;Pseudomonadota;Gammaproteobacteria;Pseudomonadales;Pseudomonadaceae;Pseudomonas
k141_30606	Bacteria;Verrucomicrobiota;Verrucomicrobiia;Verrucomicrobiales;Akkermansiaceae;Akkermansia;Akkermansia muciniphila
k141_1615	Bacteria;Cyanobacteriota;Cyanophyceae;Nostocales;Nostocaceae
k141_45053	Bacteria;Bacteroidota;Bacteroidia;Bacteroidales;Bacteroidaceae;Phocaeicola;Phocaeicola vulgatus
k141_48887	Bacteria;Chlorobiota;Chlorobiia;Chlorobiales;Chlorobiaceae;Chlorobium;Chlorobium limicola
k141_34232	Bacteria;Campylobacterota;Epsilonproteobacteria;Campylobacterales;Helicobacteraceae;Wolinella;Wolinella succinogenes
k141_26719	
k141_8796	Archaea;Thermoproteota;Thermoprotei;Desulfurococcales;Desulfurococcaceae;Ignicoccus;Ignicoccus hospitalis
k141_19411	Bacteria;Pseudomonadota;Gammaproteobacteria;Alteromonadales;Shewanellaceae;Shewanella
k141_22618	Bacteria;Pseudomonadota;Gammaproteobacteria;Pseudomonadales;Pseudomonadaceae;Pseudomonas
k141_55858	
k141_48891	Bacteria;Pseudomonadota;Gammaproteobacteria;Pseudomonadales;Pseudomonadaceae;Pseudomonas
k141_12305	Bacteria;Fusobacteriota;Fusobacteriia;Fusobacteriales;Fusobacteriaceae;Fusobacterium
k141_30614	Bacteria;Pseudomonadota;Gammaproteobacteria;Pseudomonadales;Pseudomonadaceae;Pseudomonas
k141_52186	Bacteria;Planctomycetota;Planctomycetia;Pirellulales;Pirellulaceae;Rhodopirellula;Rhodopirellula baltica
k141_45058	
k141_19415	Bacteria;Chloroflexota;Chloroflexia;Chloroflexales;Chloroflexaceae;Chloroflexus;Chloroflexus aurantiacus
k141_34236	Bacteria;Pseudomonadota;Gammaproteobacteria;Alteromonadales;Shewanellaceae;Shewanella
k141_8801	Bacteria;Pseudomonadota;Gammaproteobacteria;Pseudomonadales;Pseudomonadaceae;Pseudomonas
k141_4887	Archaea;Methanobacteriota;Methanococci;Methanococcales;Methanocaldococcaceae;Methanocaldococcus;Methanocaldococcus jannaschii
k141_30616	Archaea;Methanobacteriota;Methanococci;Methanococcales;Methanococcaceae;Methanococcus;Methanococcus maripaludis
k141_22623	Bacteria;Planctomycetota;Planctomycetia;Pirellulales;Pirellulaceae;Rhodopirellula;Rhodopirellula baltica
k141_34238	Archaea;Thermoproteota;Thermoprotei;Desulfurococcales;Desulfurococcaceae;Ignicoccus;Ignicoccus islandicus
k141_1624	Bacteria;Aquificota;Aquificia;Aquificales;Aquificaceae;Hydrogenobaculum
k141_19420	Bacteria;Chlorobiota;Chlorobiia;Chlorobiales;Chlorobiaceae;Chlorobium;Chlorobium phaeobacteroides
k141_22625	Bacteria;Pseudomonadota;Gammaproteobacteria;Pseudomonadales;Pseudomonadaceae;Pseudomonas
k141_30617	Archaea;Thermoproteota;Thermoprotei;Desulfurococcales;Desulfurococcaceae;Ignicoccus;Ignicoccus hospitalis
k141_48902	Bacteria;Pseudomonadota;Gammaproteobacteria;Alteromonadales;Shewanellaceae;Shewanella;Shewanella baltica
k141_22626	Archaea;Methanobacteriota;Methanococci;Methanococcales;Methanococcaceae;Methanococcus;Methanococcus maripaludis
k141_12322	
k141_4895	Bacteria;Chlorobiota;Chlorobiia;Chlorobiales;Chlorobiaceae;Chlorobium;Chlorobium phaeobacteroides
k141_8814	Bacteria;Pseudomonadota;Gammaproteobacteria;Pseudomonadales;Pseudomonadaceae;Pseudomonas
k141_26720	
k141_55861	
k141_26721	
k141_4897	Archaea;Thermoproteota;Thermoprotei;Thermoproteales;Thermoproteaceae;Pyrobaculum;Pyrobaculum calidifontis
k141_48905	Bacteria;Pseudomonadota;Gammaproteobacteria;Pseudomonadales;Pseudomonadaceae;Pseudomonas
k141_30627	Bacteria;Bacteroidota;Bacteroidia;Bacteroidales;Bacteroidaceae
k141_34250	Bacteria;Cyanobacteriota;Cyanophyceae;Nostocales;Nostocaceae
k141_52196	Archaea;Methanobacteriota;Halobacteria;Halobacteriales;Halobacteriaceae;Halobacterium
k141_4899	Bacteria;Bacillota
k141_48907	Archaea;Thermoproteota;Thermoprotei;Desulfurococcales;Desulfurococcaceae;Ignicoccus;Ignicoccus islandicus
k141_19437	Bacteria;Pseudomonadota;Gammaproteobacteria;Pseudomonadales;Pseudomonadaceae;Pseudomonas
k141_1642	Bacteria;Pseudomonadota;Gammaproteobacteria;Pseudomonadales;Pseudomonadaceae;Pseudomonas
k141_26725	Bacteria;Pseudomonadota;Gammaproteobacteria;Pseudomonadales;Pseudomonadaceae;Pseudomonas
k141_30635	Bacteria;Cyanobacteriota;Cyanophyceae;Nostocales;Nostocaceae
k141_8828	Bacteria;Pseudomonadota;Gammaproteobacteria;Alteromonadales;Shewanellaceae;Shewanella;Shewanella baltica
k141_1643	Bacteria;Verrucomicrobiota;Verrucomicrobiia;Verrucomicrobiales;Akkermansiaceae;Akkermansia;Akkermansia muciniphila
k141_45062	Bacteria;Pseudomonadota;Gammaproteobacteria;Alteromonadales;Shewanellaceae;Shewanella
k141_48909	Bacteria;Chlorobiota;Chlorobiia;Chlorobiales;Chlorobiaceae;Chlorobium;Chlorobium phaeobacteroides
k141_34259	Bacteria;Pseudomonadota;Gammaproteobacteria;Pseudomonadales;Pseudomonadaceae;Pseudomonas
k141_26728	Bacteria;Chloroflexota;Chloroflexia;Chloroflexales;Chloroflexaceae;Chloroflexus;Chloroflexus aurantiacus
k141_12329	Bacteria;Pseudomonadota;Gammaproteobacteria;Alteromonadales;Shewanellaceae;Shewanella
k141_48910	Bacteria;Bacteroidota;Bacteroidia;Bacteroidales
k141_52200	Archaea;Methanobacteriota;Methanococci;Methanococcales;Methanococcaceae;Methanococcus;Methanococcus maripaludis
k141_4900	Bacteria;Pseudomonadota;Gammaproteobacteria;Alteromonadales;Shewanellaceae;Shewanella
k141_12330	Bacteria;Pseudomonadota;Gammaproteobacteria;Alteromonadales;Shewanellaceae;Shewanella
k141_45066	Bacteria;Pseudomonadota
k141_30639	Bacteria;Pseudomonadota;Gammaproteobacteria;Alteromonadales;Shewanellaceae;Shewanella
k141_26733	
k141_34268	Bacteria;Cyanobacteriota;Cyanophyceae;Nostocales;Nostocaceae
k141_8831	Bacteria;Pseudomonadota;Gammaproteobacteria;Alteromonadales;Shewanellaceae;Shewanella
k141_45068	Bacteria;Verrucomicrobiota;Verrucomicrobiia;Verrucomicrobiales;Akkermansiaceae;Akkermansia
k141_12335	Bacteria;Aquificota;Aquificia;Aquificales;Aquificaceae;Hydrogenobaculum
k141_48917	Bacteria;Pseudomonadota;Gammaproteobacteria;Pseudomonadales;Pseudomonadaceae;Pseudomonas
k141_34270	Bacteria;Fusobacteriota;Fusobacteriia;Fusobacteriales;Fusobacteriaceae;Fusobacterium
k141_45070	Bacteria;Chlorobiota;Chlorobiia;Chlorobiales;Chlorobiaceae
k141_1648	Bacteria;Pseudomonadota;Gammaproteobacteria;Alteromonadales;Shewanellaceae;Shewanella
k141_8834	Bacteria;Pseudomonadota;Gammaproteobacteria;Pseudomonadales;Pseudomonadaceae
k141_30644	Bacteria;Chlorobiota;Chlorobiia;Chlorobiales;Chlorobiaceae;Chlorobium;Chlorobium phaeobacteroides
k141_45072	Bacteria;Chlorobiota;Chlorobiia;Chlorobiales;Chlorobiaceae;Chlorobaculum;Chlorobaculum tepidum
k141_55862	
k141_15871	Bacteria;Thermotogota;Thermotogae;Thermotogales;Thermotogaceae;Thermotoga
k141_1652	Bacteria;Aquificota;Aquificia;Aquificales;Aquificaceae;Hydrogenobaculum
k141_12339	Bacteria;Pseudomonadota;Gammaproteobacteria;Pseudomonadales;Pseudomonadaceae;Pseudomonas
k141_15872	Bacteria;Pseudomonadota;Gammaproteobacteria;Pseudomonadales;Pseudomonadaceae;Pseudomonas
k141_19451	
k141_12340	
k141_48925	Bacteria;Chlorobiota;Chlorobiia;Chlorobiales;Chlorobiaceae;Chlorobaculum;Chlorobaculum tepidum
k141_34280	
k141_4917	Bacteria;Campylobacterota;Epsilonproteobacteria;Campylobacterales;Helicobacteraceae;Wolinella;Wolinella succinogenes
k141_45077	Bacteria;Chlorobiota;Chlorobiia;Chlorobiales;Chlorobiaceae;Chlorobium;Chlorobium phaeobacteroides
k141_30651	Archaea;Thermoproteota;Thermoprotei;Desulfurococcales;Desulfurococcaceae;Ignicoccus;Ignicoccus hospitalis
k141_8846	Bacteria;Pseudomonadota;Gammaproteobacteria;Pseudomonadales;Pseudomonadaceae;Pseudomonas
k141_38044	
k141_48928	
k141_19453	Bacteria;Bacteroidota;Bacteroidia;Bacteroidales;Bacteroidaceae;Phocaeicola
k141_4918	Bacteria;Pseudomonadota;Gammaproteobacteria;Alteromonadales;Shewanellaceae;Shewanella
k141_38045	Bacteria;Aquificota;Aquificia;Aquificales;Aquificaceae;Hydrogenobaculum
k141_34282	Bacteria;Planctomycetota;Planctomycetia;Pirellulales;Pirellulaceae;Rhodopirellula;Rhodopirellula baltica
k141_30653	Bacteria;Pseudomonadota;Gammaproteobacteria;Alteromonadales;Shewanellaceae;Shewanella
k141_55870	Bacteria;Pseudomonadota;Betaproteobacteria;Burkholderiales;Burkholderiaceae;Paraburkholderia;Paraburkholderia xenovorans
k141_45084	Bacteria;Pseudomonadota;Gammaproteobacteria;Alteromonadales;Shewanellaceae;Shewanella
k141_34285	Bacteria;Chlorobiota;Chlorobiia;Chlorobiales;Chlorobiaceae;Chlorobaculum;Chlorobaculum tepidum
k141_4920	Archaea;Thermoproteota;Thermoprotei;Desulfurococcales;Desulfurococcaceae;Ignicoccus;Ignicoccus hospitalis
k141_30657	
k141_52203	Bacteria;Chlorobiota;Chlorobiia;Chlorobiales;Chlorobiaceae
k141_48931	Archaea;Thermoproteota;Thermoprotei;Desulfurococcales;Desulfurococcaceae;Ignicoccus;Ignicoccus hospitalis
k141_38052	Bacteria;Pseudomonadota;Gammaproteobacteria;Pseudomonadales;Pseudomonadaceae;Pseudomonas
k141_12344	
k141_45087	Bacteria;Pseudomonadota;Gammaproteobacteria;Pseudomonadales;Pseudomonadaceae;Pseudomonas
k141_52205	Bacteria;Pseudomonadota;Gammaproteobacteria;Pseudomonadales;Pseudomonadaceae;Pseudomonas
k141_1664	Bacteria;Pseudomonadota;Gammaproteobacteria;Alteromonadales;Shewanellaceae;Shewanella
k141_8848	Bacteria;Planctomycetota;Planctomycetia;Pirellulales;Pirellulaceae;Rhodopirellula;Rhodopirellula baltica
k141_55872	Archaea;Thermoproteota;Thermoprotei;Desulfurococcales;Desulfurococcaceae;Ignicoccus;Ignicoccus islandicus
k141_19458	Archaea;Methanobacteriota;Methanococci;Methanococcales;Methanococcaceae;Methanococcus
k141_30664	Bacteria;Chlorobiota;Chlorobiia;Chlorobiales;Chlorobiaceae;Chlorobaculum;Chlorobaculum tepidum
k141_52207	
k141_12347	Bacteria;Pseudomonadota;Gammaproteobacteria;Pseudomonadales;Pseudomonadaceae;Pseudomonas
k141_45092	Bacteria;Verrucomicrobiota;Verrucomicrobiia;Verrucomicrobiales;Akkermansiaceae;Akkermansia;Akkermansia muciniphila
k141_48936	Bacteria;Pseudomonadota;Gammaproteobacteria;Alteromonadales;Shewanellaceae;Shewanella
k141_22628	
k141_55874	Bacteria;Bacteroidota;Bacteroidia;Bacteroidales;Bacteroidaceae;Phocaeicola
k141_1665	Bacteria;Pseudomonadota;Gammaproteobacteria;Pseudomonadales;Pseudomonadaceae;Pseudomonas
k141_26764	Archaea;Thermoproteota;Thermoprotei;Desulfurococcales;Desulfurococcaceae;Ignicoccus;Ignicoccus hospitalis
k141_55880	
k141_22632	Archaea;Thermoproteota;Thermoprotei;Desulfurococcales;Desulfurococcaceae;Ignicoccus;Ignicoccus hospitalis
k141_30670	Bacteria;Planctomycetota;Planctomycetia;Pirellulales;Pirellulaceae;Rhodopirellula;Rhodopirellula baltica
k141_8860	Bacteria;Pseudomonadota;Gammaproteobacteria;Alteromonadales;Shewanellaceae;Shewanella
k141_52215	Bacteria;Pseudomonadota;Gammaproteobacteria;Pseudomonadales;Pseudomonadaceae;Pseudomonas
k141_4924	Bacteria;Chlorobiota;Chlorobiia;Chlorobiales;Chlorobiaceae;Chlorobium;Chlorobium limicola
k141_26768	Bacteria;Spirochaetota;Spirochaetia;Treponematales;Treponemataceae;Treponema
k141_38065	Archaea;Methanobacteriota;Halobacteria;Halobacteriales
k141_52217	Bacteria;Pseudomonadota;Gammaproteobacteria;Pseudomonadales;Pseudomonadaceae;Pseudomonas
k141_45097	Bacteria;Fusobacteriota;Fusobacteriia;Fusobacteriales;Fusobacteriaceae;Fusobacterium
k141_22635	Bacteria;Pseudomonadota
k141_8861	Archaea;Methanobacteriota;Methanococci;Methanococcales;Methanococcaceae;Methanococcus;Methanococcus maripaludis
k141_12360	Bacteria;Fusobacteriota;Fusobacteriia;Fusobacteriales;Fusobacteriaceae;Fusobacterium
k141_8863	Bacteria;Cyanobacteriota;Cyanophyceae;Nostocales;Nostocaceae
k141_34299	Bacteria;Pseudomonadota;Gammaproteobacteria;Alteromonadales;Shewanellaceae;Shewanella
k141_30682	Bacteria;Aquificota;Aquificia;Aquificales;Aquificaceae;Hydrogenobaculum;Hydrogenobaculum sp. Y04AAS1
k141_12364	Bacteria;Chlorobiota;Chlorobiia;Chlorobiales;Chlorobiaceae;Chlorobium;Chlorobium phaeobacteroides
k141_34300	Archaea;Thermoproteota;Thermoprotei;Desulfurococcales;Desulfurococcaceae;Ignicoccus;Ignicoccus hospitalis
k141_1669	Bacteria;Fusobacteriota;Fusobacteriia;Fusobacteriales;Fusobacteriaceae;Fusobacterium
k141_38072	Bacteria;Planctomycetota;Planctomycetia;Pirellulales;Pirellulaceae;Rhodopirellula;Rhodopirellula baltica
k141_48948	Bacteria;Planctomycetota;Planctomycetia;Pirellulales;Pirellulaceae;Rhodopirellula;Rhodopirellula baltica
k141_8870	Bacteria;Campylobacterota;Epsilonproteobacteria;Campylobacterales;Helicobacteraceae;Wolinella;Wolinella succinogenes
k141_34304	
k141_19484	Bacteria;Pseudomonadota;Gammaproteobacteria;Pseudomonadales;Pseudomonadaceae;Pseudomonas
k141_45100	
k141_34307	Bacteria;Chlorobiota;Chlorobiia;Chlorobiales;Chlorobiaceae;Chlorobaculum;Chlorobaculum tepidum
k141_4930	Archaea;Methanobacteriota;Methanococci;Methanococcales;Methanococcaceae;Methanococcus;Methanococcus maripaludis
k141_38081	Bacteria;Campylobacterota;Epsilonproteobacteria;Campylobacterales;Helicobacteraceae;Wolinella;Wolinella succinogenes
k141_48950	Bacteria;Pseudomonadota;Gammaproteobacteria;Alteromonadales;Shewanellaceae;Shewanella;Shewanella baltica
k141_8875	Bacteria;Pseudomonadota;Gammaproteobacteria;Pseudomonadales;Pseudomonadaceae;Pseudomonas
k141_12371	Archaea;Thermoproteota;Thermoprotei;Desulfurococcales;Desulfurococcaceae;Ignicoccus;Ignicoccus islandicus
k141_38084	Bacteria;Chloroflexota;Chloroflexia;Chloroflexales;Chloroflexaceae;Chloroflexus;Chloroflexus aurantiacus
k141_19492	Archaea;Thermoproteota;Thermoprotei;Thermoproteales;Thermoproteaceae;Pyrobaculum;Pyrobaculum calidifontis
k141_26783	Archaea;Methanobacteriota;Methanococci;Methanococcales;Methanococcaceae;Methanococcus;Methanococcus maripaludis
k141_34313	Bacteria;Pseudomonadota;Gammaproteobacteria;Pseudomonadales;Pseudomonadaceae;Pseudomonas
k141_19493	Bacteria;Pseudomonadota;Betaproteobacteria;Burkholderiales;Burkholderiaceae;Paraburkholderia;Paraburkholderia xenovorans
k141_15875	Bacteria;Bacteroidota;Bacteroidia;Bacteroidales;Porphyromonadaceae;Porphyromonas;Porphyromonas gingivalis
k141_48956	
k141_26784	Bacteria;Pseudomonadota;Gammaproteobacteria;Pseudomonadales;Pseudomonadaceae;Pseudomonas
k141_45105	Bacteria;Chlorobiota;Chlorobiia;Chlorobiales;Chlorobiaceae;Chlorobium;Chlorobium phaeobacteroides
k141_12378	Bacteria;Cyanobacteriota;Cyanophyceae;Nostocales;Nostocaceae
k141_19496	Bacteria;Pseudomonadota
k141_4941	Archaea;Methanobacteriota;Methanococci;Methanococcales;Methanococcaceae;Methanococcus;Methanococcus maripaludis
k141_52219	Archaea;Methanobacteriota;Methanococci;Methanococcales;Methanocaldococcaceae;Methanocaldococcus;Methanocaldococcus jannaschii
k141_48960	Bacteria;Aquificota;Aquificia;Aquificales;Aquificaceae;Hydrogenobaculum
k141_34322	Bacteria;Pseudomonadota;Gammaproteobacteria;Pseudomonadales;Pseudomonadaceae;Pseudomonas
k141_1680	Bacteria;Pseudomonadota;Gammaproteobacteria;Alteromonadales;Shewanellaceae;Shewanella
k141_12381	Bacteria;Planctomycetota;Planctomycetia;Pirellulales;Pirellulaceae;Rhodopirellula;Rhodopirellula baltica
k141_30688	Archaea;Methanobacteriota;Halobacteria;Halobacteriales;Halobacteriaceae;Halobacterium
k141_52224	Bacteria;Planctomycetota;Planctomycetia;Pirellulales;Pirellulaceae;Rhodopirellula;Rhodopirellula baltica
k141_30689	Bacteria;Pseudomonadota;Gammaproteobacteria;Pseudomonadales;Pseudomonadaceae;Pseudomonas
k141_38100	Bacteria;Chlorobiota;Chlorobiia;Chlorobiales;Chlorobiaceae;Chlorobium;Chlorobium phaeobacteroides
k141_1683	Archaea;Thermoproteota;Thermoprotei;Desulfurococcales;Desulfurococcaceae;Ignicoccus;Ignicoccus islandicus
k141_19497	Bacteria;Fusobacteriota;Fusobacteriia;Fusobacteriales;Fusobacteriaceae;Fusobacterium
k141_1685	Bacteria;Bacteroidota;Bacteroidia;Bacteroidales;Bacteroidaceae
k141_12386	Archaea;Methanobacteriota;Halobacteria;Halobacteriales;Halobacteriaceae;Halobacterium
k141_4947	Archaea;Methanobacteriota;Halobacteria;Halobacteriales
k141_48979	Bacteria;Thermodesulfobacteriota;Desulfovibrionia;Desulfovibrionales;Desulfovibrionaceae;Desulfovibrio;Desulfovibrio piger
k141_52233	Bacteria;Pseudomonadota;Gammaproteobacteria;Pseudomonadales;Pseudomonadaceae;Pseudomonas
k141_4948	Bacteria;Pseudomonadota;Gammaproteobacteria;Pseudomonadales;Pseudomonadaceae;Pseudomonas
k141_12387	Bacteria;Pseudomonadota;Gammaproteobacteria;Pseudomonadales;Pseudomonadaceae;Pseudomonas
k141_1687	Bacteria;Pseudomonadota;Gammaproteobacteria;Pseudomonadales;Pseudomonadaceae;Pseudomonas
k141_26790	Archaea;Methanobacteriota;Halobacteria;Halobacteriales;Halobacteriaceae;Halobacterium
k141_52234	Bacteria;Pseudomonadota;Gammaproteobacteria;Pseudomonadales;Pseudomonadaceae;Pseudomonas
k141_22640	
k141_38101	Bacteria;Thermotogota;Thermotogae;Thermotogales;Thermotogaceae;Thermotoga
k141_26794	Bacteria;Pseudomonadota;Gammaproteobacteria;Pseudomonadales;Pseudomonadaceae;Pseudomonas
k141_22641	Bacteria;Pseudomonadota;Gammaproteobacteria;Alteromonadales;Shewanellaceae;Shewanella
k141_48981	Bacteria;Pseudomonadota;Gammaproteobacteria;Alteromonadales;Shewanellaceae;Shewanella
k141_4953	Bacteria;Chlorobiota;Chlorobiia;Chlorobiales;Chlorobiaceae;Chlorobium;Chlorobium phaeobacteroides
k141_34333	Bacteria;Fusobacteriota;Fusobacteriia;Fusobacteriales;Fusobacteriaceae;Fusobacterium
k141_26795	Bacteria;Spirochaetota;Spirochaetia;Treponematales;Treponemataceae;Treponema
k141_1691	Bacteria;Pseudomonadota;Gammaproteobacteria;Alteromonadales;Shewanellaceae;Shewanella
k141_48982	Bacteria;Verrucomicrobiota;Verrucomicrobiia;Verrucomicrobiales;Akkermansiaceae;Akkermansia;Akkermansia muciniphila
k141_12393	Bacteria;Pseudomonadota;Gammaproteobacteria;Alteromonadales;Shewanellaceae;Shewanella
k141_19500	Bacteria;Pseudomonadota;Gammaproteobacteria;Alteromonadales;Shewanellaceae;Shewanella
k141_1693	Bacteria;Chlorobiota;Chlorobiia;Chlorobiales;Chlorobiaceae;Chlorobaculum;Chlorobaculum tepidum
k141_1694	Bacteria;Pseudomonadota;Gammaproteobacteria;Alteromonadales;Shewanellaceae;Shewanella
k141_19503	Bacteria;Planctomycetota;Planctomycetia;Pirellulales;Pirellulaceae;Rhodopirellula;Rhodopirellula baltica
k141_12396	Archaea;Methanobacteriota;Methanopyri;Methanopyrales;Methanopyraceae;Methanopyrus;Methanopyrus kandleri
k141_8876	Bacteria;Thermodesulfobacteriota;Desulfobulbia;Desulfobulbales;Desulfobulbaceae;Desulfobulbus;Desulfobulbus oralis
k141_4960	Bacteria;Aquificota;Aquificia;Aquificales;Aquificaceae;Hydrogenobaculum
k141_26805	Bacteria;Pseudomonadota;Gammaproteobacteria;Alteromonadales;Shewanellaceae;Shewanella
k141_8877	Archaea;Thermoproteota;Thermoprotei;Thermoproteales;Thermoproteaceae;Pyrobaculum;Pyrobaculum calidifontis
k141_48986	Archaea;Methanobacteriota;Halobacteria;Halobacteriales;Halobacteriaceae;Halobacterium
k141_34346	Bacteria;Pseudomonadota;Gammaproteobacteria;Pseudomonadales;Pseudomonadaceae;Pseudomonas
k141_4963	Archaea;Thermoproteota;Thermoprotei;Desulfurococcales;Desulfurococcaceae;Ignicoccus;Ignicoccus islandicus
k141_26807	Bacteria;Chlorobiota;Chlorobiia;Chlorobiales;Chlorobiaceae;Chlorobaculum;Chlorobaculum tepidum
k141_34347	
k141_48989	Bacteria;Cyanobacteriota;Cyanophyceae;Nostocales;Nostocaceae
k141_19508	Bacteria;Chlorobiota;Chlorobiia;Chlorobiales;Chlorobiaceae;Chlorobium;Chlorobium phaeobacteroides
k141_1701	Bacteria;Planctomycetota;Planctomycetia;Pirellulales;Pirellulaceae;Rhodopirellula;Rhodopirellula baltica
k141_12402	Bacteria;Pseudomonadota;Gammaproteobacteria;Alteromonadales;Shewanellaceae;Shewanella;Shewanella baltica
k141_1702	Bacteria;Pseudomonadota;Gammaproteobacteria;Pseudomonadales;Pseudomonadaceae;Pseudomonas
k141_55900	Bacteria;Thermodesulfobacteriota;Desulfobulbia;Desulfobulbales;Desulfobulbaceae;Desulfobulbus;Desulfobulbus oralis
k141_26813	Bacteria;Pseudomonadota;Gammaproteobacteria;Pseudomonadales;Pseudomonadaceae;Pseudomonas
k141_34349	Bacteria;Thermotogota;Thermotogae;Thermotogales;Thermotogaceae;Thermotoga
k141_8881	Bacteria;Planctomycetota;Planctomycetia;Pirellulales;Pirellulaceae;Rhodopirellula;Rhodopirellula baltica
k141_4969	Bacteria;Pseudomonadota;Gammaproteobacteria;Pseudomonadales;Pseudomonadaceae;Pseudomonas
k141_30723	
k141_4970	Bacteria;Pseudomonadota;Gammaproteobacteria;Pseudomonadales;Pseudomonadaceae;Pseudomonas
k141_34351	Bacteria;Planctomycetota;Planctomycetia;Pirellulales;Pirellulaceae;Rhodopirellula;Rhodopirellula baltica
k141_1704	
k141_4972	Bacteria;Bacillota
k141_12403	Bacteria;Fusobacteriota;Fusobacteriia;Fusobacteriales;Fusobacteriaceae;Fusobacterium
k141_19514	Archaea;Methanobacteriota;Methanococci;Methanococcales;Methanococcaceae;Methanococcus;Methanococcus maripaludis
k141_30731	Bacteria;Chlorobiota;Chlorobiia;Chlorobiales;Chlorobiaceae;Chlorobium;Chlorobium phaeobacteroides
k141_26819	Bacteria;Pseudomonadota;Gammaproteobacteria;Pseudomonadales;Pseudomonadaceae;Pseudomonas
k141_55910	Archaea;Methanobacteriota;Methanococci;Methanococcales;Methanococcaceae;Methanococcus;Methanococcus maripaludis
k141_19515	Bacteria;Pseudomonadota;Gammaproteobacteria;Pseudomonadales;Pseudomonadaceae;Pseudomonas
k141_30733	Bacteria;Pseudomonadota;Gammaproteobacteria;Pseudomonadales;Pseudomonadaceae;Pseudomonas
k141_4976	Archaea;Methanobacteriota;Methanococci;Methanococcales;Methanococcaceae;Methanococcus;Methanococcus maripaludis
k141_1709	Bacteria;Pseudomonadota;Gammaproteobacteria;Alteromonadales;Shewanellaceae;Shewanella
k141_19517	Bacteria;Aquificota;Aquificia;Aquificales;Aquificaceae;Hydrogenobaculum
k141_30736	Bacteria;Pseudomonadota;Gammaproteobacteria;Pseudomonadales;Pseudomonadaceae;Pseudomonas
k141_1712	Bacteria;Pseudomonadota;Gammaproteobacteria;Pseudomonadales;Pseudomonadaceae;Pseudomonas
k141_4981	Bacteria;Pseudomonadota;Gammaproteobacteria;Alteromonadales;Shewanellaceae;Shewanella
k141_34361	Bacteria;Aquificota;Aquificia;Aquificales;Aquificaceae;Hydrogenobaculum
k141_30741	Bacteria;Pseudomonadota;Gammaproteobacteria;Pseudomonadales;Pseudomonadaceae;Pseudomonas
k141_41396	Bacteria;Aquificota;Aquificia;Aquificales;Hydrogenothermaceae;Persephonella;Persephonella marina
k141_45116	Archaea;Methanobacteriota;Thermococci;Thermococcales;Thermococcaceae;Pyrococcus;Pyrococcus horikoshii
k141_19525	Bacteria;Pseudomonadota;Gammaproteobacteria;Pseudomonadales;Pseudomonadaceae;Pseudomonas
k141_1714	Archaea;Methanobacteriota;Methanococci;Methanococcales;Methanococcaceae;Methanococcus;Methanococcus maripaludis
k141_49002	Bacteria;Planctomycetota;Planctomycetia;Pirellulales;Pirellulaceae;Rhodopirellula;Rhodopirellula baltica
k141_34368	Bacteria;Fusobacteriota;Fusobacteriia;Fusobacteriales;Fusobacteriaceae;Fusobacterium
k141_19527	Bacteria;Pseudomonadota;Gammaproteobacteria;Pseudomonadales;Pseudomonadaceae;Pseudomonas
k141_49004	Bacteria;Pseudomonadota;Gammaproteobacteria;Pseudomonadales;Pseudomonadaceae;Pseudomonas
k141_34371	Bacteria;Bacteroidota;Bacteroidia;Bacteroidales;Bacteroidaceae;Phocaeicola;Phocaeicola vulgatus
k141_45124	Bacteria;Pseudomonadota;Gammaproteobacteria;Alteromonadales;Shewanellaceae;Shewanella;Shewanella baltica
k141_1716	Bacteria;Chlorobiota;Chlorobiia;Chlorobiales;Chlorobiaceae;Chlorobaculum
k141_19530	Archaea;Methanobacteriota;Methanococci;Methanococcales;Methanococcaceae;Methanococcus;Methanococcus maripaludis
k141_12404	Bacteria;Bacillota
k141_34373	Bacteria;Bacteroidota;Bacteroidia;Bacteroidales;Bacteroidaceae;Phocaeicola
k141_49008	Bacteria;Pseudomonadota;Gammaproteobacteria;Alteromonadales;Shewanellaceae;Shewanella;Shewanella baltica
k141_22645	
k141_34374	Bacteria;Thermotogota;Thermotogae;Thermotogales;Thermotogaceae;Thermotoga
k141_5003	Bacteria;Planctomycetota;Planctomycetia;Pirellulales;Pirellulaceae;Rhodopirellula;Rhodopirellula baltica
k141_26827	Bacteria;Pseudomonadota;Gammaproteobacteria;Alteromonadales;Shewanellaceae;Shewanella
k141_30760	Bacteria;Verrucomicrobiota;Verrucomicrobiia;Verrucomicrobiales;Akkermansiaceae;Akkermansia;Akkermansia muciniphila
k141_8888	Bacteria;Thermotogota;Thermotogae;Thermotogales;Thermotogaceae;Thermotoga
k141_1722	Bacteria;Chlorobiota;Chlorobiia;Chlorobiales;Chlorobiaceae;Chlorobaculum
k141_12412	Bacteria;Chlorobiota;Chlorobiia;Chlorobiales;Chlorobiaceae;Chlorobium;Chlorobium phaeobacteroides
k141_8891	Bacteria;Chlorobiota;Chlorobiia;Chlorobiales;Chlorobiaceae;Chlorobium;Chlorobium phaeobacteroides
k141_1723	Archaea;Thermoproteota;Thermoprotei;Desulfurococcales;Desulfurococcaceae;Ignicoccus;Ignicoccus islandicus
k141_26830	Bacteria;Chlorobiota;Chlorobiia;Chlorobiales;Chlorobiaceae;Chlorobium;Chlorobium phaeobacteroides
k141_30764	Bacteria;Chlorobiota;Chlorobiia;Chlorobiales;Chlorobiaceae;Chlorobium;Chlorobium phaeobacteroides
k141_5011	Bacteria;Fusobacteriota;Fusobacteriia;Fusobacteriales;Fusobacteriaceae;Fusobacterium
k141_5013	
k141_45141	
k141_34380	Bacteria;Fusobacteriota;Fusobacteriia;Fusobacteriales;Fusobacteriaceae;Fusobacterium
k141_22654	Bacteria;Pseudomonadota;Gammaproteobacteria;Pseudomonadales;Pseudomonadaceae;Pseudomonas
k141_49021	Bacteria;Pseudomonadota;Gammaproteobacteria
k141_30770	Bacteria;Aquificota;Aquificia;Aquificales;Aquificaceae;Hydrogenobaculum;Hydrogenobaculum sp. Y04AAS1
k141_45144	Bacteria;Pseudomonadota;Gammaproteobacteria;Pseudomonadales;Pseudomonadaceae
k141_41402	Bacteria;Planctomycetota;Planctomycetia;Pirellulales;Pirellulaceae;Rhodopirellula;Rhodopirellula baltica
k141_30773	Bacteria;Pseudomonadota;Gammaproteobacteria;Pseudomonadales;Pseudomonadaceae;Pseudomonas
k141_49026	Bacteria;Chlorobiota;Chlorobiia;Chlorobiales;Chlorobiaceae;Chlorobaculum
k141_34386	Bacteria;Pseudomonadota;Gammaproteobacteria;Pseudomonadales;Pseudomonadaceae;Pseudomonas
k141_5020	Archaea;Methanobacteriota;Methanococci;Methanococcales;Methanococcaceae;Methanococcus;Methanococcus maripaludis
k141_22659	Bacteria;Pseudomonadota;Gammaproteobacteria;Pseudomonadales;Pseudomonadaceae;Pseudomonas
k141_12427	Bacteria;Aquificota;Aquificia;Aquificales;Aquificaceae;Hydrogenobaculum
k141_26834	Bacteria;Bacteroidota;Bacteroidia;Bacteroidales;Porphyromonadaceae;Porphyromonas;Porphyromonas gingivalis
k141_41406	
k141_52250	Archaea;Methanobacteriota;Methanococci;Methanococcales;Methanocaldococcaceae;Methanocaldococcus;Methanocaldococcus jannaschii
k141_8894	Bacteria;Pseudomonadota;Betaproteobacteria;Nitrosomonadales;Nitrosomonadaceae;Nitrosomonas
k141_5023	Bacteria;Bacillota;Clostridia
k141_49033	Bacteria;Pseudomonadota;Gammaproteobacteria;Pseudomonadales;Pseudomonadaceae
k141_26835	Bacteria;Pseudomonadota;Gammaproteobacteria;Alteromonadales;Shewanellaceae;Shewanella;Shewanella baltica
k141_8899	Bacteria;Planctomycetota;Planctomycetia;Pirellulales;Pirellulaceae;Rhodopirellula
k141_5026	
k141_8902	Bacteria;Spirochaetota;Spirochaetia;Treponematales;Treponemataceae;Treponema
k141_52258	Bacteria;Spirochaetota;Spirochaetia;Treponematales;Treponemataceae;Treponema
k141_49039	Archaea;Thermoproteota;Thermoprotei;Desulfurococcales;Desulfurococcaceae;Ignicoccus;Ignicoccus hospitalis
k141_34397	Bacteria;Pseudomonadota;Gammaproteobacteria;Alteromonadales;Shewanellaceae;Shewanella
k141_41421	
k141_12439	Bacteria;Pseudomonadota;Gammaproteobacteria;Pseudomonadales;Pseudomonadaceae;Pseudomonas
k141_52259	Bacteria;Spirochaetota;Spirochaetia;Treponematales;Treponemataceae;Treponema
k141_22675	Bacteria;Pseudomonadota;Gammaproteobacteria;Pseudomonadales;Pseudomonadaceae;Pseudomonas
k141_5030	Archaea;Methanobacteriota;Methanococci;Methanococcales;Methanococcaceae;Methanococcus;Methanococcus maripaludis
k141_52261	Archaea;Thermoproteota;Thermoprotei;Desulfurococcales;Desulfurococcaceae;Ignicoccus;Ignicoccus hospitalis
k141_49046	Bacteria;Pseudomonadota;Gammaproteobacteria;Alteromonadales;Shewanellaceae;Shewanella
k141_41426	Bacteria;Bacillota
k141_22676	Bacteria;Chlorobiota;Chlorobiia;Chlorobiales;Chlorobiaceae;Chlorobium;Chlorobium phaeobacteroides
k141_30783	Bacteria;Pseudomonadota;Gammaproteobacteria;Alteromonadales;Shewanellaceae;Shewanella
k141_26841	Bacteria;Thermotogota;Thermotogae;Thermotogales;Thermotogaceae;Thermotoga
k141_12445	Bacteria;Chloroflexota;Chloroflexia;Chloroflexales;Chloroflexaceae;Chloroflexus;Chloroflexus aurantiacus
k141_49049	Bacteria;Pseudomonadota;Gammaproteobacteria;Pseudomonadales;Pseudomonadaceae
k141_30784	Bacteria;Pseudomonadota;Gammaproteobacteria;Pseudomonadales;Pseudomonadaceae;Pseudomonas
k141_26843	Bacteria;Pseudomonadota;Gammaproteobacteria;Pseudomonadales;Pseudomonadaceae;Pseudomonas
k141_34413	Bacteria;Chlorobiota;Chlorobiia;Chlorobiales;Chlorobiaceae;Chlorobium;Chlorobium phaeobacteroides
k141_22678	Bacteria;Pseudomonadota;Gammaproteobacteria;Pseudomonadales;Pseudomonadaceae;Pseudomonas
k141_5034	Bacteria;Chlorobiota;Chlorobiia;Chlorobiales;Chlorobiaceae;Chlorobaculum;Chlorobaculum tepidum
k141_49051	Bacteria;Fusobacteriota;Fusobacteriia;Fusobacteriales;Fusobacteriaceae;Fusobacterium
k141_8905	Archaea;Methanobacteriota;Methanobacteria;Methanobacteriales;Methanothermaceae;Methanothermus;Methanothermus sociabilis
k141_34415	Bacteria;Cyanobacteriota;Cyanophyceae;Nostocales;Nostocaceae
k141_22680	Bacteria;Aquificota;Aquificia;Aquificales;Aquificaceae;Hydrogenobaculum
k141_5038	Bacteria;Aquificota;Aquificia;Aquificales;Hydrogenothermaceae;Sulfurihydrogenibium;Sulfurihydrogenibium sp. YO3AOP1
k141_55915	
k141_49058	Archaea;Thermoproteota;Thermoprotei;Thermoproteales;Thermoproteaceae;Pyrobaculum;Pyrobaculum calidifontis
k141_5042	Archaea;Methanobacteriota;Methanococci;Methanococcales;Methanococcaceae;Methanococcus;Methanococcus maripaludis
k141_26848	Bacteria;Pseudomonadota;Gammaproteobacteria;Alteromonadales;Shewanellaceae;Shewanella
k141_8908	Bacteria;Pseudomonadota;Gammaproteobacteria;Alteromonadales;Shewanellaceae;Shewanella;Shewanella baltica
k141_41430	Bacteria;Planctomycetota;Planctomycetia;Pirellulales;Pirellulaceae;Rhodopirellula;Rhodopirellula baltica
k141_22686	Bacteria;Pseudomonadota;Gammaproteobacteria;Pseudomonadales;Pseudomonadaceae
k141_52265	
k141_41432	Bacteria;Pseudomonadota;Gammaproteobacteria;Alteromonadales;Shewanellaceae;Shewanella
k141_22689	
k141_30803	Bacteria;Cyanobacteriota;Cyanophyceae;Nostocales;Nostocaceae
k141_8913	Bacteria;Chlorobiota;Chlorobiia;Chlorobiales;Chlorobiaceae;Chlorobaculum
k141_55916	Bacteria;Pseudomonadota;Gammaproteobacteria;Alteromonadales;Shewanellaceae;Shewanella
k141_52270	
k141_34440	Bacteria;Pseudomonadota;Gammaproteobacteria;Alteromonadales;Shewanellaceae;Shewanella
k141_8915	Bacteria;Pseudomonadota;Gammaproteobacteria;Pseudomonadales;Pseudomonadaceae;Pseudomonas
k141_55920	Bacteria;Planctomycetota;Planctomycetia;Pirellulales;Pirellulaceae;Rhodopirellula;Rhodopirellula baltica
k141_19540	Bacteria;Thermodesulfobacteriota;Desulfobulbia;Desulfobulbales;Desulfobulbaceae;Desulfobulbus;Desulfobulbus oralis
k141_52273	Bacteria;Planctomycetota;Planctomycetia;Pirellulales;Pirellulaceae;Rhodopirellula;Rhodopirellula baltica
k141_34442	Bacteria;Pseudomonadota;Gammaproteobacteria;Pseudomonadales;Pseudomonadaceae;Pseudomonas
k141_49072	Archaea;Methanobacteriota;Halobacteria;Halobacteriales;Halobacteriaceae;Halobacterium
k141_41439	Archaea;Thermoproteota;Thermoprotei;Desulfurococcales;Desulfurococcaceae;Ignicoccus;Ignicoccus islandicus
k141_26866	
k141_55923	Bacteria
k141_30815	Bacteria;Pseudomonadota;Gammaproteobacteria;Pseudomonadales;Pseudomonadaceae;Pseudomonas
k141_49075	
k141_52274	Bacteria;Pseudomonadota;Gammaproteobacteria;Pseudomonadales;Pseudomonadaceae
k141_8922	Archaea;Thermoproteota;Thermoprotei;Desulfurococcales;Desulfurococcaceae;Ignicoccus;Ignicoccus islandicus
k141_49076	
k141_8924	Bacteria;Pseudomonadota;Gammaproteobacteria;Pseudomonadales;Pseudomonadaceae;Pseudomonas
k141_55928	Bacteria;Chlorobiota;Chlorobiia;Chlorobiales;Chlorobiaceae;Chlorobium;Chlorobium phaeobacteroides
k141_5044	Bacteria;Pseudomonadota;Gammaproteobacteria;Alteromonadales;Shewanellaceae;Shewanella;Shewanella baltica
k141_8927	Archaea;Thermoproteota;Thermoprotei;Desulfurococcales;Desulfurococcaceae;Ignicoccus;Ignicoccus hospitalis
k141_34453	Bacteria;Chlorobiota;Chlorobiia;Chlorobiales;Chlorobiaceae;Chlorobaculum;Chlorobaculum tepidum
k141_22692	Archaea;Methanobacteriota;Methanobacteria;Methanobacteriales;Methanothermaceae;Methanothermus;Methanothermus sociabilis
k141_49081	Bacteria;Bacillota;Clostridia;Thermoanaerobacterales;Thermoanaerobacteraceae;Thermoanaerobacter
k141_52283	Bacteria;Chlorobiota;Chlorobiia;Chlorobiales;Chlorobiaceae;Chlorobaculum
k141_19549	Bacteria;Planctomycetota;Planctomycetia;Pirellulales;Pirellulaceae;Rhodopirellula;Rhodopirellula baltica
k141_30820	Archaea;Thermoproteota;Thermoprotei;Desulfurococcales;Desulfurococcaceae;Ignicoccus;Ignicoccus hospitalis
k141_12454	
k141_52285	Bacteria;Pseudomonadota;Gammaproteobacteria;Pseudomonadales;Pseudomonadaceae;Pseudomonas
k141_22693	Bacteria;Planctomycetota;Planctomycetia;Pirellulales;Pirellulaceae;Rhodopirellula;Rhodopirellula baltica
k141_49084	Bacteria;Pseudomonadota
k141_12455	Bacteria;Pseudomonadota;Gammaproteobacteria;Alteromonadales;Shewanellaceae;Shewanella
k141_55938	
k141_8935	Bacteria;Pseudomonadota;Gammaproteobacteria;Pseudomonadales;Pseudomonadaceae;Pseudomonas
k141_12457	Bacteria;Chloroflexota;Chloroflexia;Chloroflexales;Chloroflexaceae;Chloroflexus;Chloroflexus aurantiacus
k141_26886	Archaea;Thermoproteota;Thermoprotei;Thermoproteales;Thermoproteaceae;Pyrobaculum;Pyrobaculum calidifontis
k141_5049	Bacteria;Pseudomonadota;Gammaproteobacteria;Alteromonadales;Shewanellaceae;Shewanella
k141_52289	
k141_8937	Bacteria;Cyanobacteriota;Cyanophyceae;Nostocales;Nostocaceae
k141_49090	Archaea;Methanobacteriota;Halobacteria;Halobacteriales;Halobacteriaceae;Halobacterium
k141_30837	Bacteria;Pseudomonadota;Gammaproteobacteria;Alteromonadales;Shewanellaceae;Shewanella
k141_38106	
k141_22701	Bacteria;Pseudomonadota;Gammaproteobacteria;Alteromonadales;Shewanellaceae;Shewanella
k141_52295	Archaea;Methanobacteriota;Methanopyri;Methanopyrales;Methanopyraceae;Methanopyrus;Methanopyrus kandleri
k141_12459	Bacteria;Chlorobiota;Chlorobiia;Chlorobiales;Chlorobiaceae;Chlorobaculum;Chlorobaculum tepidum
k141_30842	Bacteria;Chlorobiota;Chlorobiia;Chlorobiales;Chlorobiaceae;Chlorobium;Chlorobium phaeobacteroides
k141_12460	Bacteria;Aquificota;Aquificia;Aquificales;Aquificaceae;Hydrogenobaculum
k141_41443	Bacteria;Fusobacteriota;Fusobacteriia;Fusobacteriales;Fusobacteriaceae;Fusobacterium
k141_19575	Bacteria;Pseudomonadota;Gammaproteobacteria;Pseudomonadales;Pseudomonadaceae;Pseudomonas
k141_22703	Bacteria;Chlorobiota;Chlorobiia;Chlorobiales;Chlorobiaceae;Chlorobaculum
k141_52296	Bacteria
k141_8948	
k141_12461	Bacteria;Pseudomonadota;Gammaproteobacteria;Pseudomonadales;Pseudomonadaceae;Pseudomonas
k141_41444	Archaea;Thermoproteota;Thermoprotei;Thermoproteales;Thermoproteaceae;Pyrobaculum;Pyrobaculum calidifontis
k141_1728	Bacteria;Bacillota;Clostridia;Thermoanaerobacterales;Thermoanaerobacteraceae;Thermoanaerobacter
k141_19579	Bacteria;Pseudomonadota;Gammaproteobacteria;Pseudomonadales;Pseudomonadaceae;Pseudomonas
k141_8951	Bacteria;Pseudomonadota
k141_38119	Bacteria;Chlorobiota;Chlorobiia;Chlorobiales;Chlorobiaceae;Chlorobaculum;Chlorobaculum tepidum
k141_1729	Bacteria;Pseudomonadota;Gammaproteobacteria;Alteromonadales;Shewanellaceae;Shewanella
k141_30853	Bacteria;Pseudomonadota;Gammaproteobacteria;Pseudomonadales;Pseudomonadaceae;Pseudomonas
k141_22711	Bacteria;Chloroflexota;Chloroflexia;Chloroflexales;Chloroflexaceae;Chloroflexus;Chloroflexus aurantiacus
k141_52302	Bacteria;Pseudomonadota;Gammaproteobacteria;Pseudomonadales;Pseudomonadaceae;Pseudomonas
k141_12468	Bacteria;Cyanobacteriota;Cyanophyceae;Nostocales;Nostocaceae
k141_8956	Archaea;Thermoproteota;Thermoprotei;Thermoproteales;Thermoproteaceae;Pyrobaculum;Pyrobaculum calidifontis
k141_30854	
k141_45155	Bacteria;Planctomycetota;Planctomycetia;Pirellulales;Pirellulaceae;Rhodopirellula;Rhodopirellula baltica
k141_49117	Bacteria;Cyanobacteriota;Cyanophyceae;Nostocales;Nostocaceae
k141_19583	Bacteria;Pseudomonadota;Gammaproteobacteria;Pseudomonadales;Pseudomonadaceae;Pseudomonas
k141_26889	Bacteria;Thermodesulfobacteriota;Desulfobulbia;Desulfobulbales;Desulfobulbaceae;Desulfobulbus;Desulfobulbus oralis
k141_41447	Archaea;Thermoproteota;Thermoprotei;Desulfurococcales;Desulfurococcaceae;Ignicoccus;Ignicoccus hospitalis
k141_45156	Bacteria;Campylobacterota;Epsilonproteobacteria;Campylobacterales;Helicobacteraceae;Wolinella;Wolinella succinogenes
k141_22716	Bacteria;Chlorobiota;Chlorobiia;Chlorobiales;Chlorobiaceae;Chlorobium;Chlorobium phaeobacteroides
k141_41449	Bacteria;Chlorobiota;Chlorobiia;Chlorobiales;Chlorobiaceae;Chlorobium;Chlorobium phaeobacteroides
k141_30861	Bacteria;Pseudomonadota;Gammaproteobacteria;Pseudomonadales;Pseudomonadaceae;Pseudomonas
k141_34457	Archaea;Methanobacteriota;Methanococci;Methanococcales;Methanocaldococcaceae;Methanocaldococcus;Methanocaldococcus jannaschii
k141_5058	Bacteria;Fusobacteriota;Fusobacteriia;Fusobacteriales;Fusobacteriaceae;Fusobacterium
k141_22718	Bacteria;Campylobacterota;Epsilonproteobacteria;Campylobacterales;Helicobacteraceae;Wolinella;Wolinella succinogenes
k141_30863	Bacteria;Chlorobiota;Chlorobiia;Chlorobiales;Chlorobiaceae;Chlorobaculum;Chlorobaculum tepidum
k141_22719	Bacteria;Pseudomonadota;Betaproteobacteria;Burkholderiales;Burkholderiaceae;Paraburkholderia
k141_26898	Bacteria;Gemmatimonadota;Gemmatimonadia;Gemmatimonadales;Gemmatimonadaceae;Gemmatimonas;Gemmatimonas aurantiaca
k141_55940	
k141_30868	Bacteria;Cyanobacteriota;Cyanophyceae;Nostocales;Nostocaceae
k141_1731	Bacteria;Planctomycetota;Planctomycetia;Pirellulales;Pirellulaceae;Rhodopirellula;Rhodopirellula baltica
k141_45159	
k141_26903	Bacteria;Pseudomonadota;Gammaproteobacteria;Pseudomonadales;Pseudomonadaceae;Pseudomonas
k141_19596	Archaea;Thermoproteota;Thermoprotei;Thermoproteales;Thermoproteaceae;Pyrobaculum;Pyrobaculum calidifontis
k141_41453	Bacteria;Planctomycetota;Planctomycetia;Pirellulales;Pirellulaceae;Rhodopirellula;Rhodopirellula baltica
k141_22723	Bacteria;Fusobacteriota;Fusobacteriia;Fusobacteriales;Fusobacteriaceae;Fusobacterium
k141_19597	Bacteria;Aquificota;Aquificia;Aquificales;Aquificaceae;Hydrogenobaculum
k141_26905	Bacteria;Bacteroidota;Bacteroidia;Bacteroidales;Bacteroidaceae
k141_22724	Bacteria;Chlorobiota;Chlorobiia;Chlorobiales;Chlorobiaceae;Chlorobium;Chlorobium phaeobacteroides
k141_1733	Bacteria;Verrucomicrobiota;Verrucomicrobiia;Verrucomicrobiales;Akkermansiaceae;Akkermansia;Akkermansia muciniphila
k141_30878	Bacteria;Cyanobacteriota;Cyanophyceae;Nostocales;Nostocaceae
k141_8964	Bacteria;Pseudomonadota;Gammaproteobacteria;Alteromonadales;Shewanellaceae;Shewanella
k141_34458	Bacteria;Bacteroidota;Bacteroidia;Bacteroidales;Porphyromonadaceae;Porphyromonas;Porphyromonas gingivalis
k141_19602	Bacteria;Verrucomicrobiota;Verrucomicrobiia;Verrucomicrobiales;Akkermansiaceae;Akkermansia;Akkermansia muciniphila
k141_52311	
k141_26909	Archaea;Methanobacteriota;Halobacteria;Halobacteriales;Halobacteriaceae;Halobacterium
k141_12475	Bacteria
k141_55943	Bacteria;Pseudomonadota;Gammaproteobacteria;Alteromonadales;Shewanellaceae;Shewanella
k141_19603	Bacteria;Pseudomonadota;Gammaproteobacteria;Pseudomonadales;Pseudomonadaceae
k141_30882	Bacteria;Chloroflexota;Chloroflexia;Chloroflexales;Chloroflexaceae;Chloroflexus;Chloroflexus aurantiacus
k141_8967	Bacteria;Aquificota;Aquificia;Aquificales;Aquificaceae;Hydrogenobaculum
k141_52317	
k141_1740	Bacteria;Chlorobiota;Chlorobiia;Chlorobiales;Chlorobiaceae;Chlorobium;Chlorobium phaeobacteroides
k141_26912	Bacteria;Pseudomonadota;Gammaproteobacteria;Pseudomonadales;Pseudomonadaceae;Pseudomonas
k141_52319	Bacteria;Chlorobiota;Chlorobiia;Chlorobiales;Chlorobiaceae;Chlorobium;Chlorobium phaeobacteroides
k141_49121	Bacteria;Bacteroidota;Bacteroidia;Bacteroidales;Porphyromonadaceae;Porphyromonas;Porphyromonas gingivalis
k141_55951	Bacteria;Verrucomicrobiota;Verrucomicrobiia;Verrucomicrobiales;Akkermansiaceae;Akkermansia;Akkermansia muciniphila
k141_22739	Archaea;Thermoproteota;Thermoprotei;Thermoproteales;Thermoproteaceae;Pyrobaculum;Pyrobaculum calidifontis
k141_34477	Bacteria;Thermotogota;Thermotogae;Thermotogales;Thermotogaceae;Thermotoga
k141_19609	Archaea;Methanobacteriota;Methanococci;Methanococcales;Methanococcaceae;Methanococcus;Methanococcus maripaludis
k141_41456	Bacteria;Pseudomonadota;Gammaproteobacteria;Alteromonadales;Shewanellaceae;Shewanella
k141_8974	Bacteria;Pseudomonadota;Gammaproteobacteria;Pseudomonadales;Pseudomonadaceae;Pseudomonas
k141_26914	Bacteria;Pseudomonadota;Gammaproteobacteria;Alteromonadales;Shewanellaceae;Shewanella
k141_1746	Bacteria;Cyanobacteriota;Cyanophyceae;Nostocales;Nostocaceae
k141_22743	Bacteria;Pseudomonadota
k141_49124	Bacteria;Aquificota;Aquificia;Aquificales;Aquificaceae;Hydrogenobaculum
k141_1747	Bacteria;Cyanobacteriota;Cyanophyceae;Nostocales;Nostocaceae
k141_34484	Bacteria;Chlorobiota;Chlorobiia;Chlorobiales;Chlorobiaceae;Chlorobaculum;Chlorobaculum tepidum
k141_19615	Bacteria;Pseudomonadota;Gammaproteobacteria;Pseudomonadales;Pseudomonadaceae;Pseudomonas
k141_52330	Archaea;Methanobacteriota;Methanococci;Methanococcales;Methanococcaceae;Methanococcus
k141_22747	Bacteria;Chloroflexota;Chloroflexia;Chloroflexales;Chloroflexaceae;Chloroflexus;Chloroflexus aurantiacus
k141_30896	Bacteria;Pseudomonadota;Gammaproteobacteria;Alteromonadales;Shewanellaceae;Shewanella
k141_8986	Bacteria;Chlorobiota;Chlorobiia;Chlorobiales;Chlorobiaceae;Chlorobium;Chlorobium phaeobacteroides
k141_41460	Archaea;Thermoproteota;Thermoprotei;Desulfurococcales;Desulfurococcaceae;Ignicoccus;Ignicoccus hospitalis
k141_45195	
k141_1751	Archaea;Thermoproteota;Thermoprotei;Desulfurococcales;Desulfurococcaceae;Ignicoccus
k141_30900	Bacteria;Pseudomonadota;Gammaproteobacteria;Pseudomonadales;Pseudomonadaceae;Pseudomonas
k141_8991	Bacteria;Aquificota;Aquificia;Aquificales;Aquificaceae;Hydrogenobaculum
k141_45196	Archaea;Thermoproteota;Thermoprotei;Desulfurococcales;Desulfurococcaceae;Ignicoccus;Ignicoccus islandicus
k141_38121	Bacteria;Pseudomonadota;Betaproteobacteria;Nitrosomonadales;Nitrosomonadaceae;Nitrosomonas
k141_49135	Bacteria;Pseudomonadota;Gammaproteobacteria;Alteromonadales;Shewanellaceae;Shewanella
k141_30903	Bacteria;Verrucomicrobiota;Verrucomicrobiia;Verrucomicrobiales;Akkermansiaceae;Akkermansia;Akkermansia muciniphila
k141_41466	Bacteria;Pseudomonadota;Gammaproteobacteria;Pseudomonadales;Pseudomonadaceae;Pseudomonas
k141_22761	Archaea;Thermoproteota;Thermoprotei;Desulfurococcales;Desulfurococcaceae;Ignicoccus;Ignicoccus hospitalis
k141_38125	Bacteria;Campylobacterota;Epsilonproteobacteria;Campylobacterales;Helicobacteraceae;Wolinella;Wolinella succinogenes
k141_38126	Bacteria;Pseudomonadota;Gammaproteobacteria;Alteromonadales;Shewanellaceae;Shewanella
k141_52338	Bacteria;Bacillota;Clostridia;Thermoanaerobacterales;Thermoanaerobacteraceae;Thermoanaerobacter
k141_45199	Archaea;Thermoproteota;Thermoprotei;Desulfurococcales;Desulfurococcaceae;Ignicoccus;Ignicoccus islandicus
k141_22766	Bacteria;Chlorobiota;Chlorobiia;Chlorobiales;Chlorobiaceae;Chlorobium;Chlorobium phaeobacteroides
k141_34487	
k141_49146	Bacteria;Pseudomonadota;Gammaproteobacteria;Pseudomonadales;Pseudomonadaceae;Pseudomonas
k141_38128	Bacteria;Pseudomonadota;Gammaproteobacteria;Pseudomonadales;Pseudomonadaceae;Pseudomonas
k141_55961	Bacteria;Planctomycetota;Planctomycetia;Pirellulales;Pirellulaceae;Rhodopirellula;Rhodopirellula baltica
k141_12477	Archaea;Methanobacteriota;Halobacteria;Halobacteriales;Halobacteriaceae;Halobacterium
k141_49147	Bacteria;Pseudomonadota;Gammaproteobacteria;Pseudomonadales;Pseudomonadaceae;Pseudomonas
k141_55964	Bacteria;Chloroflexota;Chloroflexia;Chloroflexales;Chloroflexaceae;Chloroflexus;Chloroflexus aurantiacus
k141_30915	Bacteria;Pseudomonadota;Gammaproteobacteria;Alteromonadales;Shewanellaceae;Shewanella
k141_52343	Bacteria;Fusobacteriota;Fusobacteriia;Fusobacteriales;Fusobacteriaceae;Fusobacterium
k141_38133	
k141_22770	Bacteria;Pseudomonadota;Gammaproteobacteria;Pseudomonadales;Pseudomonadaceae;Pseudomonas
k141_41481	Bacteria
k141_12483	Bacteria;Aquificota;Aquificia;Aquificales;Hydrogenothermaceae;Sulfurihydrogenibium;Sulfurihydrogenibium sp. YO3AOP1
k141_38134	Archaea;Thermoproteota;Thermoprotei;Desulfurococcales;Desulfurococcaceae;Ignicoccus;Ignicoccus hospitalis
k141_55968	Bacteria;Campylobacterota;Epsilonproteobacteria;Campylobacterales;Helicobacteraceae;Wolinella;Wolinella succinogenes
k141_30918	
k141_22774	Bacteria;Pseudomonadota;Gammaproteobacteria;Pseudomonadales;Pseudomonadaceae;Pseudomonas
k141_49153	Bacteria;Pseudomonadota;Gammaproteobacteria;Pseudomonadales;Pseudomonadaceae;Pseudomonas
k141_41482	Bacteria;Pseudomonadota;Gammaproteobacteria;Pseudomonadales;Pseudomonadaceae;Pseudomonas
k141_52346	Bacteria;Pseudomonadota;Gammaproteobacteria;Alteromonadales;Shewanellaceae;Shewanella
k141_30922	Bacteria;Chlorobiota;Chlorobiia;Chlorobiales;Chlorobiaceae;Chlorobium;Chlorobium phaeobacteroides
k141_5060	
k141_38141	Bacteria;Aquificota;Aquificia;Aquificales;Aquificaceae;Hydrogenobaculum
k141_22776	Bacteria;Planctomycetota;Planctomycetia;Pirellulales;Pirellulaceae;Rhodopirellula;Rhodopirellula baltica
k141_45214	Bacteria;Aquificota;Aquificia;Aquificales;Aquificaceae;Hydrogenobaculum
k141_5061	Bacteria;Bacteroidota;Bacteroidia;Bacteroidales
k141_49155	Archaea;Methanobacteriota;Halobacteria;Halobacteriales;Halobacteriaceae;Halobacterium
k141_30927	Bacteria;Fusobacteriota;Fusobacteriia;Fusobacteriales;Fusobacteriaceae;Fusobacterium
k141_30928	Bacteria;Pseudomonadota;Gammaproteobacteria;Pseudomonadales;Pseudomonadaceae;Pseudomonas
k141_55979	Bacteria;Pseudomonadota;Gammaproteobacteria;Alteromonadales;Shewanellaceae;Shewanella
k141_38144	Bacteria;Pseudomonadota;Gammaproteobacteria;Pseudomonadales;Pseudomonadaceae;Pseudomonas
k141_41494	Bacteria
k141_49156	Bacteria;Chlorobiota;Chlorobiia;Chlorobiales;Chlorobiaceae;Chlorobaculum;Chlorobaculum tepidum
k141_38145	Bacteria;Pseudomonadota;Gammaproteobacteria;Pseudomonadales;Pseudomonadaceae;Pseudomonas
k141_26936	
k141_5063	Bacteria;Bacteroidota;Bacteroidia;Bacteroidales;Porphyromonadaceae;Porphyromonas;Porphyromonas gingivalis
k141_30932	Bacteria;Pseudomonadota;Gammaproteobacteria;Pseudomonadales;Pseudomonadaceae;Pseudomonas
k141_41496	Bacteria;Aquificota;Aquificia;Aquificales;Aquificaceae;Hydrogenobaculum
k141_22777	Bacteria;Bacillota;Clostridia;Thermoanaerobacterales;Thermoanaerobacteraceae;Thermoanaerobacter
k141_49164	Bacteria;Chlorobiota;Chlorobiia;Chlorobiales;Chlorobiaceae;Chlorobium;Chlorobium phaeobacteroides
k141_41498	Bacteria;Pseudomonadota;Gammaproteobacteria;Pseudomonadales;Pseudomonadaceae;Pseudomonas
k141_38150	Bacteria;Pseudomonadota;Gammaproteobacteria;Pseudomonadales;Pseudomonadaceae
k141_26938	Bacteria;Aquificota;Aquificia;Aquificales;Aquificaceae;Hydrogenobaculum
k141_34491	Bacteria;Bacillota;Clostridia;Thermoanaerobacterales;Thermoanaerobacteraceae;Thermoanaerobacter
k141_12484	Archaea;Methanobacteriota;Methanobacteria;Methanobacteriales;Methanothermaceae;Methanothermus;Methanothermus sociabilis
k141_38151	Bacteria;Verrucomicrobiota;Verrucomicrobiia;Verrucomicrobiales;Akkermansiaceae;Akkermansia;Akkermansia muciniphila
k141_26941	
k141_49169	Bacteria;Pseudomonadota;Gammaproteobacteria;Alteromonadales;Shewanellaceae;Shewanella
k141_38152	Bacteria;Verrucomicrobiota;Verrucomicrobiia;Verrucomicrobiales;Akkermansiaceae;Akkermansia;Akkermansia muciniphila
k141_45217	Archaea;Thermoproteota;Thermoprotei;Desulfurococcales;Desulfurococcaceae;Ignicoccus;Ignicoccus hospitalis
k141_34493	Bacteria;Pseudomonadota;Gammaproteobacteria;Pseudomonadales;Pseudomonadaceae;Pseudomonas
k141_41508	Archaea;Thermoproteota;Thermoprotei;Thermoproteales;Thermoproteaceae;Pyrobaculum;Pyrobaculum calidifontis
k141_55981	Bacteria;Bacteroidota;Bacteroidia;Bacteroidales;Porphyromonadaceae;Porphyromonas;Porphyromonas gingivalis
k141_41509	
k141_1760	Bacteria;Bacillota
k141_5074	Bacteria;Bacteroidota;Bacteroidia;Bacteroidales;Porphyromonadaceae;Porphyromonas;Porphyromonas gingivalis
k141_45221	Bacteria;Chlorobiota;Chlorobiia;Chlorobiales;Chlorobiaceae;Chlorobaculum;Chlorobaculum tepidum
k141_1761	Archaea;Thermoproteota;Thermoprotei;Desulfurococcales;Desulfurococcaceae;Ignicoccus;Ignicoccus islandicus
k141_34500	Bacteria;Pseudomonadota;Gammaproteobacteria;Pseudomonadales;Pseudomonadaceae;Pseudomonas
k141_1764	
k141_22782	
k141_34501	Bacteria;Bacillota
k141_26946	Bacteria;Fusobacteriota;Fusobacteriia;Fusobacteriales;Fusobacteriaceae;Fusobacterium
k141_34503	Bacteria;Pseudomonadota;Gammaproteobacteria;Pseudomonadales;Pseudomonadaceae;Pseudomonas
k141_41510	Bacteria;Pseudomonadota;Gammaproteobacteria;Alteromonadales;Shewanellaceae;Shewanella
k141_34504	Bacteria;Chlorobiota;Chlorobiia;Chlorobiales;Chlorobiaceae;Chlorobaculum;Chlorobaculum tepidum
k141_38157	Bacteria;Planctomycetota;Planctomycetia;Pirellulales;Pirellulaceae;Rhodopirellula;Rhodopirellula baltica
k141_9008	
k141_41511	Bacteria;Pseudomonadota;Gammaproteobacteria;Pseudomonadales;Pseudomonadaceae;Pseudomonas
k141_5075	Bacteria;Planctomycetota;Planctomycetia;Pirellulales;Pirellulaceae;Rhodopirellula;Rhodopirellula baltica
k141_52355	Bacteria;Planctomycetota;Planctomycetia;Pirellulales;Pirellulaceae;Rhodopirellula;Rhodopirellula baltica
k141_9010	
k141_26959	Bacteria;Pseudomonadota;Gammaproteobacteria;Pseudomonadales;Pseudomonadaceae;Pseudomonas
k141_55986	Archaea;Methanobacteriota;Methanococci;Methanococcales;Methanococcaceae;Methanococcus
k141_41516	Bacteria;Chlorobiota;Chlorobiia;Chlorobiales;Chlorobiaceae;Chlorobium;Chlorobium phaeobacteroides
k141_5078	Bacteria;Cyanobacteriota;Cyanophyceae;Nostocales;Nostocaceae
k141_1770	Archaea;Thermoproteota;Thermoprotei;Desulfurococcales;Desulfurococcaceae;Ignicoccus;Ignicoccus islandicus
k141_34508	Bacteria;Planctomycetota;Planctomycetia;Pirellulales;Pirellulaceae;Rhodopirellula;Rhodopirellula baltica
k141_9013	Bacteria;Chlorobiota;Chlorobiia;Chlorobiales;Chlorobiaceae;Chlorobium;Chlorobium phaeobacteroides
k141_45222	Bacteria;Planctomycetota;Planctomycetia;Pirellulales;Pirellulaceae;Rhodopirellula;Rhodopirellula baltica
k141_55989	Bacteria;Chlorobiota;Chlorobiia;Chlorobiales;Chlorobiaceae;Chlorobium;Chlorobium phaeobacteroides
k141_5082	
k141_9017	Bacteria;Pseudomonadota;Gammaproteobacteria;Pseudomonadales;Pseudomonadaceae
k141_26968	Archaea;Thermoproteota;Thermoprotei;Desulfurococcales;Desulfurococcaceae;Ignicoccus;Ignicoccus hospitalis
k141_22802	Archaea;Thermoproteota;Thermoprotei;Desulfurococcales;Desulfurococcaceae;Ignicoccus;Ignicoccus hospitalis
k141_55993	Bacteria;Chlorobiota;Chlorobiia;Chlorobiales;Chlorobiaceae;Chlorobium;Chlorobium phaeobacteroides
k141_45223	Archaea;Methanobacteriota;Methanococci;Methanococcales;Methanococcaceae;Methanococcus;Methanococcus maripaludis
k141_5084	Archaea;Methanobacteriota;Methanococci;Methanococcales;Methanococcaceae;Methanococcus;Methanococcus maripaludis
k141_55998	Bacteria;Cyanobacteriota;Cyanophyceae;Nostocales;Nostocaceae
k141_56000	
k141_19622	Bacteria;Thermodesulfobacteriota;Desulfobulbia;Desulfobulbales;Desulfobulbaceae;Desulfobulbus;Desulfobulbus oralis
k141_38164	Bacteria;Chlorobiota;Chlorobiia;Chlorobiales;Chlorobiaceae;Chlorobium;Chlorobium limicola
k141_26974	Bacteria;Pseudomonadota;Gammaproteobacteria;Alteromonadales;Shewanellaceae;Shewanella
k141_9026	Bacteria;Pseudomonadota;Gammaproteobacteria;Alteromonadales;Shewanellaceae;Shewanella;Shewanella baltica
k141_45227	Bacteria;Pseudomonadota;Gammaproteobacteria;Pseudomonadales;Pseudomonadaceae;Pseudomonas
k141_56002	
k141_9027	Bacteria;Aquificota;Aquificia;Aquificales;Aquificaceae;Hydrogenobaculum;Hydrogenobaculum sp. Y04AAS1
k141_38168	Bacteria;Pseudomonadota;Gammaproteobacteria;Pseudomonadales;Pseudomonadaceae;Pseudomonas
k141_5086	Bacteria;Pseudomonadota;Gammaproteobacteria;Alteromonadales;Shewanellaceae;Shewanella
k141_22820	
k141_5090	
k141_56003	Bacteria;Aquificota;Aquificia;Aquificales;Aquificaceae;Hydrogenobaculum
k141_22821	Bacteria;Chlorobiota;Chlorobiia;Chlorobiales;Chlorobiaceae;Chlorobium;Chlorobium phaeobacteroides
k141_34509	Archaea;Methanobacteriota;Halobacteria;Halobacteriales;Halobacteriaceae;Halobacterium
k141_19636	Bacteria;Pseudomonadota;Betaproteobacteria;Burkholderiales;Burkholderiaceae;Paraburkholderia;Paraburkholderia xenovorans
k141_56004	Bacteria;Cyanobacteriota;Cyanophyceae;Nostocales;Nostocaceae
k141_38173	Bacteria;Pseudomonadota;Gammaproteobacteria;Alteromonadales;Shewanellaceae;Shewanella
k141_30952	Bacteria;Bacteroidota;Bacteroidia;Bacteroidales;Porphyromonadaceae;Porphyromonas;Porphyromonas gingivalis
k141_22825	Bacteria;Pseudomonadota;Gammaproteobacteria;Pseudomonadales;Pseudomonadaceae;Pseudomonas
k141_34517	Bacteria;Pseudomonadota;Gammaproteobacteria;Pseudomonadales;Pseudomonadaceae;Pseudomonas
k141_38175	Bacteria;Planctomycetota;Planctomycetia;Pirellulales;Pirellulaceae;Rhodopirellula;Rhodopirellula baltica
k141_56005	Bacteria;Verrucomicrobiota;Verrucomicrobiia;Verrucomicrobiales;Akkermansiaceae;Akkermansia;Akkermansia muciniphila
k141_49171	Bacteria;Pseudomonadota;Betaproteobacteria;Nitrosomonadales;Nitrosomonadaceae;Nitrosomonas
k141_9040	Bacteria;Pseudomonadota;Gammaproteobacteria;Alteromonadales;Shewanellaceae;Shewanella
k141_22829	
k141_45235	Bacteria;Pseudomonadota;Gammaproteobacteria;Alteromonadales;Shewanellaceae;Shewanella
k141_5106	Bacteria;Pseudomonadota;Gammaproteobacteria;Pseudomonadales;Pseudomonadaceae;Pseudomonas
k141_30964	Bacteria;Bacillota
k141_34518	Bacteria;Pseudomonadota;Gammaproteobacteria;Alteromonadales;Shewanellaceae;Shewanella;Shewanella baltica
k141_38181	Archaea;Thermoproteota;Thermoprotei;Desulfurococcales;Desulfurococcaceae;Ignicoccus;Ignicoccus islandicus
k141_49173	Bacteria;Aquificota;Aquificia;Aquificales;Aquificaceae;Hydrogenobaculum
k141_9044	Bacteria;Pseudomonadota;Gammaproteobacteria;Pseudomonadales;Pseudomonadaceae;Pseudomonas
k141_45238	Bacteria;Pseudomonadota;Gammaproteobacteria;Pseudomonadales;Pseudomonadaceae;Pseudomonas
k141_19651	Archaea;Methanobacteriota;Methanococci;Methanococcales;Methanococcaceae;Methanococcus
k141_38182	Bacteria;Campylobacterota;Epsilonproteobacteria;Campylobacterales;Helicobacteraceae;Wolinella;Wolinella succinogenes
k141_12488	Bacteria;Thermotogota;Thermotogae;Thermotogales;Thermotogaceae;Thermotoga
k141_22834	Archaea;Methanobacteriota;Methanococci;Methanococcales;Methanococcaceae;Methanococcus;Methanococcus maripaludis
k141_5111	Bacteria;Chlorobiota;Chlorobiia;Chlorobiales;Chlorobiaceae;Chlorobium;Chlorobium phaeobacteroides
k141_45239	Bacteria;Pseudomonadota;Gammaproteobacteria;Pseudomonadales;Pseudomonadaceae;Pseudomonas
k141_52361	Bacteria;Planctomycetota;Planctomycetia;Pirellulales;Pirellulaceae;Rhodopirellula;Rhodopirellula baltica
k141_34521	Bacteria;Chlorobiota;Chlorobiia;Chlorobiales;Chlorobiaceae;Chlorobium;Chlorobium phaeobacteroides
k141_19652	Bacteria;Chlorobiota;Chlorobiia;Chlorobiales;Chlorobiaceae;Chlorobaculum;Chlorobaculum tepidum
k141_22835	Bacteria;Pseudomonadota;Gammaproteobacteria;Pseudomonadales;Pseudomonadaceae;Pseudomonas
k141_30967	Archaea;Methanobacteriota;Methanococci;Methanococcales;Methanococcaceae;Methanococcus
k141_12489	Bacteria;Pseudomonadota;Betaproteobacteria;Burkholderiales;Burkholderiaceae;Paraburkholderia;Paraburkholderia xenovorans
k141_52362	Bacteria;Pseudomonadota;Gammaproteobacteria;Pseudomonadales;Pseudomonadaceae;Pseudomonas
k141_19655	Bacteria;Pseudomonadota;Betaproteobacteria;Nitrosomonadales;Nitrosomonadaceae;Nitrosomonas;Nitrosomonas europaea
k141_30968	Bacteria;Pseudomonadota;Gammaproteobacteria;Pseudomonadales;Pseudomonadaceae;Pseudomonas
k141_45245	Archaea;Methanobacteriota;Methanococci;Methanococcales;Methanococcaceae;Methanococcus;Methanococcus maripaludis
k141_22841	Bacteria;Pseudomonadota;Gammaproteobacteria;Pseudomonadales;Pseudomonadaceae;Pseudomonas
k141_12491	Bacteria;Pseudomonadota;Gammaproteobacteria;Alteromonadales;Shewanellaceae;Shewanella
k141_56008	Bacteria;Planctomycetota;Planctomycetia;Pirellulales;Pirellulaceae;Rhodopirellula;Rhodopirellula baltica
k141_9049	Bacteria;Thermotogota;Thermotogae;Thermotogales;Thermotogaceae;Thermotoga
k141_22843	Bacteria;Pseudomonadota;Gammaproteobacteria;Alteromonadales;Shewanellaceae;Shewanella
k141_5122	Bacteria;Pseudomonadota;Gammaproteobacteria;Alteromonadales;Shewanellaceae;Shewanella
k141_38192	
k141_49192	Bacteria;Pseudomonadota;Gammaproteobacteria;Pseudomonadales;Pseudomonadaceae
k141_5124	
k141_41521	Archaea;Methanobacteriota;Halobacteria;Halobacteriales;Halobacteriaceae;Halobacterium
k141_49194	Archaea;Methanobacteriota;Methanococci;Methanococcales;Methanococcaceae;Methanococcus;Methanococcus maripaludis
k141_45249	Bacteria;Pseudomonadota;Gammaproteobacteria;Alteromonadales;Shewanellaceae;Shewanella
k141_9050	Bacteria;Thermotogota;Thermotogae;Thermotogales;Thermotogaceae;Thermotoga
k141_34538	Bacteria;Pseudomonadota;Gammaproteobacteria;Alteromonadales;Shewanellaceae;Shewanella;Shewanella baltica
k141_56019	Bacteria;Aquificota;Aquificia;Aquificales;Aquificaceae;Hydrogenobaculum
k141_9051	Bacteria;Pseudomonadota;Betaproteobacteria;Burkholderiales;Burkholderiaceae;Paraburkholderia;Paraburkholderia xenovorans
k141_41522	Bacteria;Pseudomonadota;Gammaproteobacteria;Pseudomonadales;Pseudomonadaceae;Pseudomonas
k141_45250	Bacteria;Pseudomonadota;Gammaproteobacteria;Alteromonadales;Shewanellaceae;Shewanella
k141_34540	Bacteria;Chloroflexota;Chloroflexia;Chloroflexales;Chloroflexaceae;Chloroflexus;Chloroflexus aurantiacus
k141_19657	Bacteria;Pseudomonadota;Betaproteobacteria;Nitrosomonadales;Nitrosomonadaceae;Nitrosomonas
k141_12495	
k141_30979	
k141_22861	Bacteria;Aquificota;Aquificia;Aquificales;Aquificaceae;Hydrogenobaculum
k141_5137	Archaea;Methanobacteriota;Methanococci;Methanococcales;Methanococcaceae;Methanococcus;Methanococcus maripaludis
k141_12497	Bacteria;Pseudomonadota;Gammaproteobacteria;Alteromonadales;Shewanellaceae;Shewanella
k141_1773	Bacteria;Planctomycetota;Planctomycetia;Pirellulales;Pirellulaceae;Rhodopirellula
k141_9060	Bacteria;Pseudomonadota;Gammaproteobacteria;Pseudomonadales;Pseudomonadaceae;Pseudomonas
k141_30980	Bacteria;Pseudomonadota;Gammaproteobacteria;Pseudomonadales;Pseudomonadaceae;Pseudomonas
k141_45253	Bacteria;Pseudomonadota;Gammaproteobacteria;Pseudomonadales;Pseudomonadaceae
k141_38206	Archaea;Thermoproteota;Thermoprotei;Desulfurococcales;Desulfurococcaceae;Ignicoccus;Ignicoccus islandicus
k141_19661	Bacteria;Pseudomonadota;Gammaproteobacteria;Pseudomonadales;Pseudomonadaceae;Pseudomonas
k141_30982	Bacteria;Aquificota;Aquificia;Aquificales;Aquificaceae;Hydrogenobaculum;Hydrogenobaculum sp. Y04AAS1
k141_19663	Bacteria;Pseudomonadota;Gammaproteobacteria
k141_34543	Bacteria;Planctomycetota;Planctomycetia;Pirellulales;Pirellulaceae;Rhodopirellula;Rhodopirellula baltica
k141_45254	Archaea;Methanobacteriota;Methanococci;Methanococcales;Methanococcaceae;Methanococcus;Methanococcus maripaludis
k141_5141	Bacteria;Pseudomonadota
k141_38210	Bacteria;Campylobacterota;Epsilonproteobacteria;Campylobacterales;Helicobacteraceae;Wolinella;Wolinella succinogenes
k141_1779	Bacteria;Spirochaetota;Spirochaetia;Treponematales;Treponemataceae;Treponema
k141_45255	Archaea;Thermoproteota;Thermoprotei;Desulfurococcales;Desulfurococcaceae;Ignicoccus;Ignicoccus hospitalis
k141_5142	Bacteria;Chlorobiota;Chlorobiia;Chlorobiales;Chlorobiaceae;Chlorobaculum;Chlorobaculum tepidum
k141_1781	Bacteria;Cyanobacteriota;Cyanophyceae;Nostocales;Nostocaceae
k141_41527	Bacteria;Pseudomonadota;Gammaproteobacteria;Alteromonadales;Shewanellaceae;Shewanella
k141_12508	Bacteria;Cyanobacteriota;Cyanophyceae;Nostocales;Nostocaceae
k141_30985	Bacteria;Chlorobiota;Chlorobiia;Chlorobiales;Chlorobiaceae;Chlorobaculum
k141_38215	Archaea;Methanobacteriota;Methanococci;Methanococcales;Methanococcaceae;Methanococcus;Methanococcus maripaludis
k141_5144	Bacteria;Planctomycetota;Planctomycetia;Pirellulales;Pirellulaceae;Rhodopirellula;Rhodopirellula baltica
k141_19667	Bacteria;Chlorobiota;Chlorobiia;Chlorobiales;Chlorobiaceae;Chlorobaculum;Chlorobaculum tepidum
k141_49209	Bacteria;Aquificota;Aquificia;Aquificales;Aquificaceae;Hydrogenobaculum
k141_26984	
k141_38217	Bacteria;Pseudomonadota;Betaproteobacteria;Burkholderiales;Burkholderiaceae
k141_30989	Bacteria;Bacillota;Clostridia
k141_52364	Bacteria;Chlorobiota;Chlorobiia;Chlorobiales;Chlorobiaceae;Chlorobium;Chlorobium limicola
k141_41532	Bacteria;Pseudomonadota;Gammaproteobacteria;Pseudomonadales;Pseudomonadaceae;Pseudomonas;Pseudomonas marginalis
k141_19668	Archaea;Thermoproteota;Thermoprotei;Desulfurococcales;Desulfurococcaceae;Ignicoccus;Ignicoccus hospitalis
k141_1789	Bacteria;Pseudomonadota;Gammaproteobacteria;Pseudomonadales;Pseudomonadaceae;Pseudomonas
k141_12509	Archaea;Thermoproteota;Thermoprotei;Thermoproteales;Thermoproteaceae;Pyrobaculum;Pyrobaculum calidifontis
k141_49210	Bacteria;Pseudomonadota
k141_52365	Bacteria;Pseudomonadota
k141_19669	Bacteria;Chlorobiota;Chlorobiia;Chlorobiales;Chlorobiaceae;Chlorobium;Chlorobium phaeobacteroides
k141_12510	Bacteria;Chlorobiota;Chlorobiia;Chlorobiales;Chlorobiaceae;Chlorobaculum;Chlorobaculum tepidum
k141_19673	Archaea;Methanobacteriota;Methanococci;Methanococcales;Methanococcaceae;Methanococcus;Methanococcus maripaludis
k141_26994	Archaea;Methanobacteriota;Methanococci;Methanococcales;Methanococcaceae;Methanococcus;Methanococcus maripaludis
k141_45265	Bacteria;Pseudomonadota;Gammaproteobacteria;Pseudomonadales;Pseudomonadaceae;Pseudomonas
k141_49218	Bacteria;Pseudomonadota;Gammaproteobacteria;Pseudomonadales;Pseudomonadaceae;Pseudomonas
k141_1800	Bacteria;Chlorobiota;Chlorobiia;Chlorobiales;Chlorobiaceae;Chlorobaculum
k141_45267	Bacteria;Bacteroidota;Bacteroidia;Bacteroidales;Porphyromonadaceae;Porphyromonas;Porphyromonas gingivalis
k141_26999	Bacteria;Pseudomonadota;Gammaproteobacteria;Alteromonadales;Shewanellaceae;Shewanella
k141_34545	Archaea;Methanobacteriota;Halobacteria;Halobacteriales;Halobacteriaceae;Halobacterium
k141_5160	Bacteria;Fusobacteriota;Fusobacteriia;Fusobacteriales;Fusobacteriaceae;Fusobacterium
k141_49229	Bacteria;Chlorobiota;Chlorobiia;Chlorobiales;Chlorobiaceae;Chlorobium;Chlorobium phaeobacteroides
k141_1805	Bacteria;Chlorobiota;Chlorobiia;Chlorobiales;Chlorobiaceae;Chlorobium;Chlorobium phaeobacteroides
k141_34547	Bacteria;Cyanobacteriota;Cyanophyceae;Nostocales;Nostocaceae
k141_5164	Bacteria;Chlorobiota;Chlorobiia;Chlorobiales;Chlorobiaceae;Chlorobium
k141_34550	Bacteria;Pseudomonadota;Gammaproteobacteria;Pseudomonadales;Pseudomonadaceae;Pseudomonas
k141_5165	Bacteria;Cyanobacteriota;Cyanophyceae;Nostocales;Nostocaceae
k141_41555	Bacteria;Planctomycetota;Planctomycetia;Pirellulales;Pirellulaceae;Rhodopirellula;Rhodopirellula baltica
k141_1811	Bacteria;Verrucomicrobiota;Verrucomicrobiia;Verrucomicrobiales;Akkermansiaceae;Akkermansia;Akkermansia muciniphila
k141_30990	Archaea;Methanobacteriota;Methanococci;Methanococcales;Methanocaldococcaceae;Methanocaldococcus;Methanocaldococcus jannaschii
k141_34553	
k141_41557	Bacteria;Pseudomonadota;Gammaproteobacteria;Pseudomonadales;Pseudomonadaceae;Pseudomonas
k141_49237	Bacteria;Pseudomonadota;Gammaproteobacteria;Pseudomonadales;Pseudomonadaceae;Pseudomonas
k141_52386	Bacteria;Planctomycetota;Planctomycetia;Pirellulales;Pirellulaceae;Rhodopirellula;Rhodopirellula baltica
k141_5169	Archaea;Methanobacteriota;Methanococci;Methanococcales;Methanococcaceae;Methanococcus;Methanococcus maripaludis
k141_1814	Bacteria;Thermodesulfobacteriota;Desulfovibrionia;Desulfovibrionales;Desulfovibrionaceae;Desulfovibrio
k141_30993	Bacteria;Bacteroidota;Bacteroidia;Bacteroidales;Bacteroidaceae;Phocaeicola
k141_34556	Bacteria;Chlorobiota;Chlorobiia;Chlorobiales;Chlorobiaceae;Chlorobium;Chlorobium phaeobacteroides
k141_19676	Bacteria;Thermodesulfobacteriota;Desulfobulbia;Desulfobulbales;Desulfobulbaceae;Desulfobulbus;Desulfobulbus oralis
k141_49240	Bacteria;Thermodesulfobacteriota;Desulfovibrionia;Desulfovibrionales;Desulfovibrionaceae;Desulfovibrio;Desulfovibrio piger
k141_22863	Bacteria;Thermodesulfobacteriota;Desulfobulbia;Desulfobulbales;Desulfobulbaceae;Desulfobulbus;Desulfobulbus oralis
k141_19677	Bacteria;Pseudomonadota;Gammaproteobacteria;Pseudomonadales;Pseudomonadaceae;Pseudomonas
k141_41561	Bacteria;Chlorobiota;Chlorobiia;Chlorobiales;Chlorobiaceae;Chlorobaculum;Chlorobaculum tepidum
k141_30996	Bacteria;Cyanobacteriota;Cyanophyceae;Nostocales;Nostocaceae
k141_49241	Bacteria;Cyanobacteriota;Cyanophyceae;Nostocales;Nostocaceae
k141_34559	Archaea;Thermoproteota;Thermoprotei;Desulfurococcales;Desulfurococcaceae;Ignicoccus;Ignicoccus hospitalis
k141_27027	
k141_19678	Bacteria;Pseudomonadota;Gammaproteobacteria;Alteromonadales;Shewanellaceae;Shewanella
k141_5175	Bacteria;Aquificota;Aquificia;Aquificales;Aquificaceae;Hydrogenobaculum;Hydrogenobaculum sp. Y04AAS1
k141_52387	
k141_1822	
k141_38218	Bacteria;Planctomycetota;Planctomycetia;Pirellulales;Pirellulaceae;Rhodopirellula;Rhodopirellula baltica
k141_45268	Bacteria;Planctomycetota;Planctomycetia;Pirellulales;Pirellulaceae;Rhodopirellula;Rhodopirellula baltica
k141_22866	Bacteria;Thermodesulfobacteriota;Desulfobulbia;Desulfobulbales;Desulfobulbaceae;Desulfobulbus;Desulfobulbus oralis
k141_49247	Bacteria;Chlorobiota;Chlorobiia;Chlorobiales;Chlorobiaceae;Chlorobium;Chlorobium phaeobacteroides
k141_45269	
k141_19679	Bacteria;Pseudomonadota;Betaproteobacteria;Nitrosomonadales;Nitrosomonadaceae;Nitrosomonas
k141_52389	Archaea;Thermoproteota;Thermoprotei;Desulfurococcales;Desulfurococcaceae;Ignicoccus;Ignicoccus hospitalis
k141_27030	Bacteria;Pseudomonadota;Gammaproteobacteria;Pseudomonadales;Pseudomonadaceae;Pseudomonas
k141_38224	
k141_34568	Bacteria;Pseudomonadota;Gammaproteobacteria;Pseudomonadales;Pseudomonadaceae;Pseudomonas
k141_19681	Bacteria;Verrucomicrobiota;Verrucomicrobiia;Verrucomicrobiales;Akkermansiaceae;Akkermansia;Akkermansia muciniphila
k141_52391	Bacteria;Pseudomonadota;Gammaproteobacteria;Pseudomonadales;Pseudomonadaceae;Pseudomonas
k141_1823	
k141_38225	Bacteria;Pseudomonadota;Gammaproteobacteria;Pseudomonadales;Pseudomonadaceae;Pseudomonas
k141_41578	Bacteria;Pseudomonadota;Gammaproteobacteria;Pseudomonadales;Pseudomonadaceae;Pseudomonas
k141_45277	Bacteria;Chlorobiota;Chlorobiia;Chlorobiales;Chlorobiaceae;Chlorobaculum;Chlorobaculum tepidum
k141_5189	Bacteria;Pseudomonadota;Gammaproteobacteria;Alteromonadales;Shewanellaceae;Shewanella
k141_38231	Bacteria;Chlorobiota;Chlorobiia;Chlorobiales;Chlorobiaceae;Chlorobium
k141_56021	Archaea;Methanobacteriota;Methanococci;Methanococcales;Methanocaldococcaceae;Methanocaldococcus;Methanocaldococcus jannaschii
k141_45279	Bacteria;Pseudomonadota;Gammaproteobacteria;Pseudomonadales;Pseudomonadaceae;Pseudomonas
k141_5192	Archaea;Thermoproteota;Thermoprotei;Thermoproteales;Thermoproteaceae;Pyrobaculum;Pyrobaculum calidifontis
k141_27043	Bacteria;Chlorobiota;Chlorobiia;Chlorobiales;Chlorobiaceae;Chlorobium
k141_45282	Bacteria;Pseudomonadota;Gammaproteobacteria;Pseudomonadales;Pseudomonadaceae;Pseudomonas
k141_41583	Archaea;Methanobacteriota;Halobacteria;Halobacteriales;Halobacteriaceae;Halobacterium;Halobacterium salinarum
k141_19688	Archaea;Thermoproteota;Thermoprotei;Desulfurococcales;Desulfurococcaceae;Ignicoccus;Ignicoccus hospitalis
k141_34587	Bacteria;Cyanobacteriota;Cyanophyceae;Nostocales;Nostocaceae
k141_5197	Archaea;Methanobacteriota;Methanococci;Methanococcales;Methanococcaceae;Methanococcus;Methanococcus maripaludis
k141_49266	Bacteria;Pseudomonadota;Gammaproteobacteria;Alteromonadales;Shewanellaceae;Shewanella
k141_38233	Archaea;Methanobacteriota;Halobacteria;Halobacteriales;Halobacteriaceae;Halobacterium
k141_41587	Bacteria;Pseudomonadota;Gammaproteobacteria;Pseudomonadales;Pseudomonadaceae;Pseudomonas;Pseudomonas marginalis
k141_22868	
k141_45284	Archaea;Methanobacteriota;Halobacteria;Halobacteriales;Halobacteriaceae;Halobacterium
k141_27050	Archaea;Thermoproteota;Thermoprotei;Desulfurococcales;Desulfurococcaceae;Ignicoccus;Ignicoccus hospitalis
k141_41588	Bacteria;Thermodesulfobacteriota;Desulfovibrionia;Desulfovibrionales;Desulfovibrionaceae;Desulfovibrio;Desulfovibrio piger
k141_38238	
k141_19695	Archaea;Methanobacteriota;Methanococci;Methanococcales;Methanococcaceae;Methanococcus;Methanococcus maripaludis
k141_34589	Archaea;Methanobacteriota;Halobacteria;Halobacteriales;Halobacteriaceae;Halobacterium
k141_38240	
k141_5205	Bacteria;Pseudomonadota;Gammaproteobacteria;Pseudomonadales;Pseudomonadaceae;Pseudomonas
k141_49274	Bacteria;Pseudomonadota;Gammaproteobacteria;Pseudomonadales;Pseudomonadaceae;Pseudomonas
k141_19696	Bacteria;Pseudomonadota;Gammaproteobacteria;Pseudomonadales;Pseudomonadaceae;Pseudomonas
k141_41593	Bacteria;Cyanobacteriota;Cyanophyceae;Nostocales;Nostocaceae
k141_45288	Bacteria;Chlorobiota;Chlorobiia;Chlorobiales;Chlorobiaceae;Chlorobium;Chlorobium phaeobacteroides
k141_19698	Bacteria;Pseudomonadota;Gammaproteobacteria;Alteromonadales;Shewanellaceae;Shewanella
k141_1829	Bacteria;Fusobacteriota;Fusobacteriia;Fusobacteriales;Fusobacteriaceae;Fusobacterium
k141_31001	Bacteria;Planctomycetota;Planctomycetia;Pirellulales;Pirellulaceae;Rhodopirellula;Rhodopirellula baltica
k141_41595	Bacteria;Pseudomonadota;Gammaproteobacteria;Pseudomonadales;Pseudomonadaceae;Pseudomonas
k141_5210	Bacteria;Bacillota
k141_41596	Bacteria;Pseudomonadota;Gammaproteobacteria;Pseudomonadales;Pseudomonadaceae;Pseudomonas
k141_45290	
k141_22878	Archaea;Thermoproteota;Thermoprotei;Desulfurococcales;Desulfurococcaceae;Ignicoccus;Ignicoccus islandicus
k141_27057	Bacteria;Pseudomonadota;Gammaproteobacteria;Alteromonadales;Shewanellaceae;Shewanella
k141_52402	
k141_38255	Bacteria;Pseudomonadota;Gammaproteobacteria;Alteromonadales;Shewanellaceae;Shewanella
k141_1832	Bacteria;Pseudomonadota;Gammaproteobacteria
k141_38256	Archaea;Thermoproteota;Thermoprotei;Desulfurococcales;Desulfurococcaceae;Ignicoccus;Ignicoccus islandicus
k141_45294	Bacteria;Pseudomonadota;Gammaproteobacteria;Pseudomonadales;Pseudomonadaceae;Pseudomonas
k141_41599	Archaea;Thermoproteota;Thermoprotei;Thermoproteales;Thermoproteaceae;Pyrobaculum;Pyrobaculum calidifontis
k141_22881	Bacteria;Pseudomonadota;Gammaproteobacteria;Pseudomonadales;Pseudomonadaceae;Pseudomonas
k141_31009	Archaea;Thermoproteota;Thermoprotei;Desulfurococcales;Desulfurococcaceae;Ignicoccus;Ignicoccus islandicus
k141_27059	Archaea;Thermoproteota;Thermoprotei;Desulfurococcales;Desulfurococcaceae;Ignicoccus;Ignicoccus hospitalis
k141_1835	Bacteria;Verrucomicrobiota;Verrucomicrobiia;Verrucomicrobiales;Akkermansiaceae;Akkermansia;Akkermansia muciniphila
k141_22882	Bacteria;Pseudomonadota;Gammaproteobacteria;Pseudomonadales;Pseudomonadaceae;Pseudomonas
k141_49292	Bacteria;Chloroflexota;Chloroflexia;Chloroflexales;Chloroflexaceae;Chloroflexus;Chloroflexus aurantiacus
k141_41601	Bacteria;Pseudomonadota;Gammaproteobacteria;Pseudomonadales;Pseudomonadaceae;Pseudomonas
k141_12516	Archaea;Methanobacteriota;Methanobacteria;Methanobacteriales;Methanothermaceae;Methanothermus;Methanothermus sociabilis
k141_1837	Bacteria;Pseudomonadota;Gammaproteobacteria;Pseudomonadales;Pseudomonadaceae;Pseudomonas
k141_5223	Bacteria;Pseudomonadota;Gammaproteobacteria;Alteromonadales;Shewanellaceae;Shewanella;Shewanella baltica
k141_38263	
k141_31017	Archaea;Methanobacteriota;Methanococci;Methanococcales;Methanococcaceae;Methanococcus;Methanococcus maripaludis
k141_19711	Bacteria;Pseudomonadota;Gammaproteobacteria;Alteromonadales;Shewanellaceae;Shewanella
k141_45295	
k141_27065	Bacteria
k141_5226	Archaea;Methanobacteriota;Methanococci;Methanococcales;Methanococcaceae;Methanococcus;Methanococcus maripaludis
k141_1840	
k141_49299	Bacteria;Pseudomonadota;Gammaproteobacteria;Alteromonadales;Shewanellaceae;Shewanella
k141_45296	Bacteria
k141_12518	
k141_38271	Bacteria;Chlorobiota;Chlorobiia;Chlorobiales;Chlorobiaceae;Chlorobium;Chlorobium limicola
k141_1844	Archaea;Thermoproteota;Thermoprotei;Desulfurococcales;Desulfurococcaceae;Ignicoccus;Ignicoccus hospitalis
k141_5230	Bacteria;Pseudomonadota;Gammaproteobacteria;Pseudomonadales;Pseudomonadaceae;Pseudomonas
k141_27069	Bacteria;Pseudomonadota;Gammaproteobacteria;Pseudomonadales;Pseudomonadaceae;Pseudomonas
k141_34594	
k141_41611	Bacteria;Planctomycetota;Planctomycetia;Pirellulales;Pirellulaceae;Rhodopirellula;Rhodopirellula baltica
k141_52406	Bacteria;Chlorobiota;Chlorobiia;Chlorobiales;Chlorobiaceae;Chlorobium;Chlorobium limicola
k141_38274	Bacteria;Chloroflexota;Chloroflexia;Chloroflexales;Chloroflexaceae;Chloroflexus;Chloroflexus aurantiacus
k141_1847	Bacteria;Pseudomonadota;Gammaproteobacteria;Alteromonadales;Shewanellaceae;Shewanella
k141_34596	Bacteria;Cyanobacteriota;Cyanophyceae;Nostocales;Nostocaceae
k141_34597	Bacteria;Pseudomonadota;Gammaproteobacteria;Pseudomonadales;Pseudomonadaceae;Pseudomonas
k141_38278	Bacteria;Pseudomonadota;Gammaproteobacteria;Pseudomonadales;Pseudomonadaceae;Pseudomonas
k141_5237	Archaea;Thermoproteota;Thermoprotei;Thermoproteales;Thermoproteaceae;Pyrobaculum;Pyrobaculum calidifontis
k141_49310	Bacteria;Pseudomonadota;Gammaproteobacteria;Pseudomonadales;Pseudomonadaceae;Pseudomonas
k141_22900	Bacteria;Pseudomonadota;Gammaproteobacteria;Pseudomonadales;Pseudomonadaceae;Pseudomonas
k141_27077	Bacteria;Pseudomonadota;Gammaproteobacteria;Pseudomonadales;Pseudomonadaceae;Pseudomonas
k141_41615	Bacteria;Pseudomonadota;Gammaproteobacteria;Pseudomonadales;Pseudomonadaceae;Pseudomonas
k141_52408	Archaea;Methanobacteriota;Methanococci;Methanococcales;Methanococcaceae;Methanococcus;Methanococcus maripaludis
k141_5240	Bacteria;Pseudomonadota;Gammaproteobacteria;Alteromonadales;Shewanellaceae;Shewanella
k141_19717	Archaea;Thermoproteota;Thermoprotei;Desulfurococcales;Desulfurococcaceae;Ignicoccus;Ignicoccus islandicus
k141_38280	Bacteria;Pseudomonadota
k141_38285	Bacteria;Verrucomicrobiota;Verrucomicrobiia;Verrucomicrobiales;Akkermansiaceae;Akkermansia;Akkermansia muciniphila
k141_49313	Bacteria;Planctomycetota;Planctomycetia;Pirellulales;Pirellulaceae;Rhodopirellula;Rhodopirellula baltica
k141_19722	Bacteria;Chlorobiota;Chlorobiia;Chlorobiales;Chlorobiaceae;Chlorobaculum
k141_1863	Bacteria;Pseudomonadota;Gammaproteobacteria;Pseudomonadales;Pseudomonadaceae;Pseudomonas
k141_41622	Bacteria;Pseudomonadota;Gammaproteobacteria;Pseudomonadales;Pseudomonadaceae;Pseudomonas
k141_45306	Bacteria;Pseudomonadota;Gammaproteobacteria;Alteromonadales;Shewanellaceae;Shewanella
k141_38289	Bacteria;Pseudomonadota;Gammaproteobacteria;Pseudomonadales;Pseudomonadaceae;Pseudomonas
k141_27085	Bacteria;Fusobacteriota;Fusobacteriia;Fusobacteriales;Fusobacteriaceae;Fusobacterium
k141_52416	Archaea;Thermoproteota;Thermoprotei;Desulfurococcales;Desulfurococcaceae;Ignicoccus;Ignicoccus islandicus
k141_5245	Bacteria;Planctomycetota;Planctomycetia;Pirellulales;Pirellulaceae;Rhodopirellula;Rhodopirellula baltica
k141_22911	Bacteria;Pseudomonadota;Gammaproteobacteria;Alteromonadales;Shewanellaceae;Shewanella
k141_27086	Archaea;Methanobacteriota;Methanococci;Methanococcales;Methanococcaceae;Methanococcus;Methanococcus maripaludis
k141_38291	Bacteria;Pseudomonadota;Gammaproteobacteria;Pseudomonadales;Pseudomonadaceae;Pseudomonas
k141_49315	Bacteria;Pseudomonadota;Gammaproteobacteria;Alteromonadales;Shewanellaceae;Shewanella
k141_56029	Bacteria;Pseudomonadota;Betaproteobacteria;Nitrosomonadales;Nitrosomonadaceae;Nitrosomonas
k141_45308	
k141_34598	
k141_27087	Bacteria;Cyanobacteriota;Cyanophyceae;Nostocales;Nostocaceae
k141_12520	Bacteria;Planctomycetota;Planctomycetia;Pirellulales;Pirellulaceae;Rhodopirellula;Rhodopirellula baltica
k141_5248	Bacteria;Pseudomonadota;Gammaproteobacteria;Alteromonadales;Shewanellaceae;Shewanella
k141_19731	Bacteria;Pseudomonadota;Gammaproteobacteria;Pseudomonadales;Pseudomonadaceae;Pseudomonas
k141_27089	Bacteria;Pseudomonadota;Gammaproteobacteria;Pseudomonadales;Pseudomonadaceae;Pseudomonas
k141_22917	
k141_1876	Bacteria;Chlorobiota;Chlorobiia;Chlorobiales;Chlorobiaceae;Chlorobium;Chlorobium phaeobacteroides
k141_38294	Bacteria;Chlorobiota;Chlorobiia;Chlorobiales;Chlorobiaceae;Chlorobaculum;Chlorobaculum tepidum
k141_41636	Bacteria;Pseudomonadota;Gammaproteobacteria;Pseudomonadales;Pseudomonadaceae;Pseudomonas
k141_49320	Bacteria;Pseudomonadota
k141_52420	
k141_12521	Bacteria;Chlorobiota;Chlorobiia;Chlorobiales;Chlorobiaceae
k141_22918	Bacteria;Pseudomonadota;Gammaproteobacteria;Pseudomonadales;Pseudomonadaceae;Pseudomonas
k141_27094	Bacteria;Pseudomonadota;Betaproteobacteria;Burkholderiales;Burkholderiaceae;Paraburkholderia;Paraburkholderia xenovorans
k141_9063	Bacteria;Bacillota
k141_31023	Bacteria;Bacteroidota;Bacteroidia;Bacteroidales;Porphyromonadaceae;Porphyromonas;Porphyromonas gingivalis
k141_56032	Bacteria;Pseudomonadota;Gammaproteobacteria;Alteromonadales;Shewanellaceae;Shewanella
k141_34609	Bacteria;Pseudomonadota;Gammaproteobacteria;Alteromonadales;Shewanellaceae;Shewanella;Shewanella baltica
k141_5252	Archaea;Methanobacteriota;Methanococci;Methanococcales;Methanococcaceae;Methanococcus
k141_49325	Bacteria;Pseudomonadota;Gammaproteobacteria;Alteromonadales;Shewanellaceae;Shewanella
k141_27096	
k141_45318	Bacteria;Pseudomonadota;Gammaproteobacteria;Alteromonadales;Shewanellaceae;Shewanella
k141_38301	Bacteria;Pseudomonadota;Gammaproteobacteria;Pseudomonadales;Pseudomonadaceae;Pseudomonas
k141_34610	Bacteria;Pseudomonadota;Gammaproteobacteria;Alteromonadales;Shewanellaceae;Shewanella;Shewanella baltica
k141_1885	Archaea;Methanobacteriota;Methanococci;Methanococcales;Methanococcaceae;Methanococcus;Methanococcus maripaludis
k141_45320	Bacteria;Pseudomonadota;Gammaproteobacteria;Pseudomonadales;Pseudomonadaceae;Pseudomonas
k141_56035	Bacteria;Planctomycetota;Planctomycetia;Pirellulales;Pirellulaceae;Rhodopirellula;Rhodopirellula baltica
k141_31028	Archaea;Thermoproteota;Thermoprotei;Desulfurococcales;Desulfurococcaceae;Ignicoccus;Ignicoccus islandicus
k141_49332	Bacteria;Chloroflexota;Chloroflexia;Chloroflexales;Chloroflexaceae;Chloroflexus;Chloroflexus aurantiacus
k141_19750	Bacteria;Pseudomonadota;Gammaproteobacteria;Pseudomonadales;Pseudomonadaceae;Pseudomonas
k141_38309	Bacteria;Campylobacterota;Epsilonproteobacteria;Campylobacterales;Helicobacteraceae;Wolinella;Wolinella succinogenes
k141_52423	Bacteria;Fusobacteriota;Fusobacteriia;Fusobacteriales;Fusobacteriaceae;Fusobacterium
k141_41645	Bacteria;Pseudomonadota;Gammaproteobacteria;Alteromonadales;Shewanellaceae;Shewanella
k141_1888	Bacteria;Bacillota
k141_41646	Bacteria;Pseudomonadota;Gammaproteobacteria;Pseudomonadales;Pseudomonadaceae;Pseudomonas
k141_56036	Bacteria;Pseudomonadota;Gammaproteobacteria;Pseudomonadales;Pseudomonadaceae;Pseudomonas
k141_45324	
k141_27108	Bacteria;Bacteroidota;Bacteroidia;Bacteroidales;Porphyromonadaceae;Porphyromonas;Porphyromonas gingivalis
k141_49338	Bacteria;Cyanobacteriota;Cyanophyceae;Nostocales;Nostocaceae
k141_19755	Bacteria;Pseudomonadota;Gammaproteobacteria;Alteromonadales
k141_41648	Bacteria;Verrucomicrobiota;Verrucomicrobiia;Verrucomicrobiales;Akkermansiaceae;Akkermansia;Akkermansia muciniphila
k141_52426	Bacteria;Pseudomonadota;Gammaproteobacteria;Pseudomonadales;Pseudomonadaceae;Pseudomonas
k141_56037	Bacteria;Pseudomonadota;Gammaproteobacteria;Pseudomonadales;Pseudomonadaceae;Pseudomonas
k141_9075	Archaea;Thermoproteota;Thermoprotei;Desulfurococcales;Desulfurococcaceae;Ignicoccus;Ignicoccus islandicus
k141_49340	
k141_56039	Bacteria;Chlorobiota;Chlorobiia;Chlorobiales;Chlorobiaceae;Chlorobaculum
k141_52429	Bacteria;Planctomycetota;Planctomycetia;Pirellulales;Pirellulaceae;Rhodopirellula;Rhodopirellula baltica
k141_9077	Bacteria;Pseudomonadota;Gammaproteobacteria;Pseudomonadales;Pseudomonadaceae;Pseudomonas
k141_1896	Bacteria;Chlorobiota;Chlorobiia;Chlorobiales;Chlorobiaceae;Chlorobaculum;Chlorobaculum tepidum
k141_12528	Bacteria;Bacteroidota;Bacteroidia;Bacteroidales;Porphyromonadaceae;Porphyromonas;Porphyromonas gingivalis
k141_34628	Bacteria;Pseudomonadota;Gammaproteobacteria;Pseudomonadales;Pseudomonadaceae;Pseudomonas
k141_9078	Bacteria;Pseudomonadota;Gammaproteobacteria;Pseudomonadales;Pseudomonadaceae;Pseudomonas
k141_52433	
k141_38310	
k141_27110	Bacteria;Planctomycetota;Planctomycetia;Pirellulales;Pirellulaceae;Rhodopirellula;Rhodopirellula baltica
k141_19765	Archaea;Thermoproteota;Thermoprotei;Thermoproteales;Thermoproteaceae;Pyrobaculum;Pyrobaculum calidifontis
k141_22919	Bacteria;Planctomycetota;Planctomycetia;Pirellulales;Pirellulaceae;Rhodopirellula;Rhodopirellula baltica
k141_31037	
k141_49342	Bacteria;Pseudomonadota;Gammaproteobacteria;Alteromonadales;Shewanellaceae;Shewanella;Shewanella baltica
k141_56050	Bacteria;Chloroflexota;Chloroflexia;Chloroflexales;Chloroflexaceae;Chloroflexus;Chloroflexus aurantiacus
k141_34632	Bacteria;Chlorobiota;Chlorobiia;Chlorobiales;Chlorobiaceae;Chlorobaculum
k141_9080	Archaea;Methanobacteriota;Methanococci;Methanococcales;Methanococcaceae;Methanococcus;Methanococcus maripaludis
k141_12534	Bacteria;Bacillota;Clostridia;Thermoanaerobacterales;Thermoanaerobacteraceae;Thermoanaerobacter
k141_45345	Bacteria;Pseudomonadota;Gammaproteobacteria;Pseudomonadales;Pseudomonadaceae;Pseudomonas
k141_31045	Bacteria;Pseudomonadota;Gammaproteobacteria;Pseudomonadales;Pseudomonadaceae;Pseudomonas
k141_27114	Bacteria;Pseudomonadota;Gammaproteobacteria;Pseudomonadales;Pseudomonadaceae;Pseudomonas
k141_1903	Bacteria;Aquificota;Aquificia;Aquificales;Aquificaceae;Hydrogenobaculum;Hydrogenobaculum sp. Y04AAS1
k141_22927	Bacteria;Bacteroidota;Bacteroidia;Bacteroidales;Bacteroidaceae;Phocaeicola
k141_1904	Bacteria;Cyanobacteriota;Cyanophyceae;Nostocales;Nostocaceae
k141_9085	Bacteria;Pseudomonadota;Gammaproteobacteria;Pseudomonadales;Pseudomonadaceae;Pseudomonas
k141_19776	Bacteria;Pseudomonadota;Gammaproteobacteria;Alteromonadales;Shewanellaceae;Shewanella
k141_27116	Bacteria;Pseudomonadota;Gammaproteobacteria;Pseudomonadales;Pseudomonadaceae;Pseudomonas
k141_31046	Bacteria;Chlorobiota;Chlorobiia;Chlorobiales;Chlorobiaceae;Chlorobium;Chlorobium phaeobacteroides
k141_49353	Archaea;Thermoproteota;Thermoprotei;Desulfurococcales;Desulfurococcaceae;Ignicoccus;Ignicoccus hospitalis
k141_1908	Bacteria
k141_31047	Bacteria;Pseudomonadota;Gammaproteobacteria;Pseudomonadales;Pseudomonadaceae;Pseudomonas
k141_45347	Bacteria;Planctomycetota;Planctomycetia;Pirellulales;Pirellulaceae;Rhodopirellula;Rhodopirellula baltica
k141_41649	Bacteria;Bacillota
k141_56051	
k141_9093	Bacteria;Chlorobiota;Chlorobiia;Chlorobiales;Chlorobiaceae;Chlorobium;Chlorobium phaeobacteroides
k141_56052	
k141_19777	
k141_41651	Bacteria;Pseudomonadota;Gammaproteobacteria;Alteromonadales;Shewanellaceae;Shewanella
k141_12547	Bacteria;Planctomycetota;Planctomycetia;Pirellulales;Pirellulaceae;Rhodopirellula;Rhodopirellula baltica
k141_52442	Bacteria;Planctomycetota;Planctomycetia;Pirellulales;Pirellulaceae;Rhodopirellula;Rhodopirellula baltica
k141_41652	Bacteria;Aquificota;Aquificia;Aquificales;Aquificaceae;Hydrogenobaculum
k141_22933	Bacteria;Fusobacteriota;Fusobacteriia;Fusobacteriales;Fusobacteriaceae;Fusobacterium
k141_31054	Bacteria;Chlorobiota;Chlorobiia;Chlorobiales;Chlorobiaceae;Chlorobium;Chlorobium phaeobacteroides
k141_56055	Bacteria;Campylobacterota;Epsilonproteobacteria;Campylobacterales;Helicobacteraceae;Wolinella;Wolinella succinogenes
k141_1915	Bacteria;Verrucomicrobiota;Verrucomicrobiia;Verrucomicrobiales;Akkermansiaceae;Akkermansia;Akkermansia muciniphila
k141_49363	Archaea;Thermoproteota;Thermoprotei;Thermoproteales;Thermoproteaceae;Pyrobaculum;Pyrobaculum calidifontis
k141_45351	Bacteria;Planctomycetota;Planctomycetia;Pirellulales;Pirellulaceae;Rhodopirellula;Rhodopirellula baltica
k141_22935	Bacteria;Pseudomonadota;Gammaproteobacteria;Pseudomonadales;Pseudomonadaceae
k141_19783	
k141_52443	Bacteria;Pseudomonadota;Gammaproteobacteria;Pseudomonadales;Pseudomonadaceae;Pseudomonas
k141_56057	
k141_31058	Bacteria;Verrucomicrobiota;Verrucomicrobiia;Verrucomicrobiales;Akkermansiaceae;Akkermansia;Akkermansia muciniphila
k141_1917	Bacteria;Campylobacterota;Epsilonproteobacteria;Campylobacterales;Helicobacteraceae;Wolinella;Wolinella succinogenes
k141_9100	Archaea;Methanobacteriota;Methanococci;Methanococcales;Methanococcaceae;Methanococcus;Methanococcus maripaludis
k141_52447	Bacteria;Aquificota;Aquificia;Aquificales;Hydrogenothermaceae;Sulfurihydrogenibium;Sulfurihydrogenibium sp. YO3AOP1
k141_19786	Bacteria;Pseudomonadota;Gammaproteobacteria;Pseudomonadales;Pseudomonadaceae;Pseudomonas
k141_45356	Bacteria;Pseudomonadota;Gammaproteobacteria;Alteromonadales;Shewanellaceae;Shewanella
k141_34646	Bacteria;Thermotogota;Thermotogae;Thermotogales;Thermotogaceae;Thermotoga
k141_56062	Bacteria;Verrucomicrobiota;Verrucomicrobiia;Verrucomicrobiales;Akkermansiaceae;Akkermansia;Akkermansia muciniphila
k141_19788	Bacteria;Verrucomicrobiota;Verrucomicrobiia;Verrucomicrobiales;Akkermansiaceae;Akkermansia;Akkermansia muciniphila
k141_49374	Archaea;Methanobacteriota;Methanococci;Methanococcales;Methanococcaceae;Methanococcus
k141_41663	Bacteria;Chlorobiota;Chlorobiia;Chlorobiales;Chlorobiaceae;Chlorobaculum
k141_34648	Archaea;Thermoproteota;Thermoprotei;Desulfurococcales;Desulfurococcaceae;Ignicoccus;Ignicoccus hospitalis
k141_45358	Bacteria;Pseudomonadota;Gammaproteobacteria;Pseudomonadales;Pseudomonadaceae;Pseudomonas
k141_1925	Bacteria;Chloroflexota;Chloroflexia;Chloroflexales;Chloroflexaceae;Chloroflexus;Chloroflexus aurantiacus
k141_15880	Archaea;Methanobacteriota;Thermococci;Thermococcales;Thermococcaceae;Pyrococcus;Pyrococcus horikoshii
k141_49376	Bacteria;Bacteroidota;Bacteroidia;Bacteroidales;Porphyromonadaceae;Porphyromonas;Porphyromonas gingivalis
k141_56065	
k141_52449	Bacteria;Pseudomonadota;Gammaproteobacteria;Alteromonadales;Shewanellaceae;Shewanella
k141_31066	Bacteria;Fusobacteriota;Fusobacteriia;Fusobacteriales;Fusobacteriaceae;Fusobacterium
k141_12569	Bacteria;Cyanobacteriota;Cyanophyceae;Nostocales;Nostocaceae
k141_19794	Bacteria;Pseudomonadota
k141_41670	Bacteria;Cyanobacteriota;Cyanophyceae;Nostocales
k141_49379	Archaea;Thermoproteota;Thermoprotei;Desulfurococcales;Desulfurococcaceae;Ignicoccus;Ignicoccus islandicus
k141_15882	Bacteria;Aquificota;Aquificia;Aquificales;Aquificaceae;Hydrogenobaculum
k141_45364	Bacteria;Pseudomonadota;Gammaproteobacteria;Alteromonadales;Shewanellaceae;Shewanella
k141_56070	Archaea;Methanobacteriota;Methanococci;Methanococcales;Methanococcaceae;Methanococcus;Methanococcus maripaludis
k141_15884	Bacteria;Pseudomonadota;Gammaproteobacteria;Pseudomonadales;Pseudomonadaceae;Pseudomonas
k141_22947	Bacteria;Bacteroidota;Bacteroidia;Bacteroidales;Porphyromonadaceae;Porphyromonas;Porphyromonas gingivalis
k141_27128	Bacteria;Fusobacteriota;Fusobacteriia;Fusobacteriales;Fusobacteriaceae;Fusobacterium
k141_1934	
k141_34662	
k141_31067	Bacteria;Planctomycetota;Planctomycetia;Pirellulales;Pirellulaceae;Rhodopirellula;Rhodopirellula baltica
k141_15887	Bacteria;Spirochaetota;Spirochaetia;Treponematales;Treponemataceae;Treponema
k141_19801	Bacteria;Pseudomonadota;Gammaproteobacteria;Pseudomonadales;Pseudomonadaceae;Pseudomonas
k141_27130	Bacteria;Pseudomonadota;Gammaproteobacteria;Pseudomonadales;Pseudomonadaceae;Pseudomonas
k141_49389	Bacteria;Pseudomonadota;Gammaproteobacteria;Pseudomonadales;Pseudomonadaceae;Pseudomonas
k141_1939	Bacteria;Verrucomicrobiota;Verrucomicrobiia;Verrucomicrobiales;Akkermansiaceae;Akkermansia
k141_49390	Bacteria;Chloroflexota;Chloroflexia;Chloroflexales;Chloroflexaceae;Chloroflexus;Chloroflexus aurantiacus
k141_22957	Bacteria;Cyanobacteriota;Cyanophyceae;Nostocales
k141_56079	Bacteria;Pseudomonadota;Gammaproteobacteria;Pseudomonadales;Pseudomonadaceae;Pseudomonas
k141_34663	Bacteria;Pseudomonadota;Gammaproteobacteria;Pseudomonadales;Pseudomonadaceae;Pseudomonas
k141_19806	
k141_15890	Bacteria;Pseudomonadota;Gammaproteobacteria;Pseudomonadales;Pseudomonadaceae;Pseudomonas
k141_31071	Bacteria;Aquificota;Aquificia;Aquificales;Aquificaceae;Hydrogenobaculum;Hydrogenobaculum sp. Y04AAS1
k141_56080	Bacteria;Pseudomonadota;Gammaproteobacteria;Pseudomonadales;Pseudomonadaceae;Pseudomonas
k141_41678	Bacteria;Planctomycetota;Planctomycetia;Pirellulales;Pirellulaceae;Rhodopirellula;Rhodopirellula baltica
k141_15892	Archaea;Thermoproteota;Thermoprotei;Desulfurococcales;Desulfurococcaceae;Ignicoccus;Ignicoccus islandicus
k141_31074	Archaea;Thermoproteota;Thermoprotei;Desulfurococcales;Desulfurococcaceae;Ignicoccus;Ignicoccus islandicus
k141_19811	
k141_34669	Archaea;Thermoproteota;Thermoprotei;Thermoproteales;Thermoproteaceae;Pyrobaculum;Pyrobaculum calidifontis
k141_56081	
k141_38315	
k141_9106	Bacteria;Chlorobiota;Chlorobiia;Chlorobiales;Chlorobiaceae;Chlorobium;Chlorobium limicola
k141_12593	Bacteria;Thermotogota;Thermotogae;Thermotogales;Thermotogaceae;Thermotoga
k141_19813	Bacteria;Pseudomonadota;Gammaproteobacteria;Alteromonadales;Shewanellaceae;Shewanella
k141_49396	Bacteria;Chlorobiota;Chlorobiia;Chlorobiales;Chlorobiaceae;Chlorobaculum;Chlorobaculum tepidum
k141_34671	Bacteria;Pseudomonadota;Gammaproteobacteria;Pseudomonadales;Pseudomonadaceae;Pseudomonas
k141_56083	Bacteria;Aquificota;Aquificia;Aquificales;Aquificaceae;Hydrogenobaculum
k141_15901	Bacteria;Bacteroidota;Bacteroidia;Bacteroidales;Bacteroidaceae;Phocaeicola
k141_41692	Bacteria;Cyanobacteriota;Cyanophyceae;Nostocales;Nostocaceae
k141_49397	
k141_1951	Archaea;Methanobacteriota;Methanococci;Methanococcales;Methanococcaceae;Methanococcus;Methanococcus maripaludis
k141_31075	Bacteria;Chlorobiota;Chlorobiia;Chlorobiales;Chlorobiaceae;Chlorobaculum
k141_41694	Archaea;Thermoproteota;Thermoprotei;Desulfurococcales;Desulfurococcaceae;Ignicoccus;Ignicoccus hospitalis
k141_34679	Bacteria;Pseudomonadota;Gammaproteobacteria;Pseudomonadales;Pseudomonadaceae;Pseudomonas
k141_1953	Bacteria;Cyanobacteriota;Cyanophyceae;Nostocales;Nostocaceae
k141_1954	Bacteria;Campylobacterota;Epsilonproteobacteria;Campylobacterales;Helicobacteraceae;Wolinella;Wolinella succinogenes
k141_27134	
k141_19819	Archaea;Methanobacteriota;Methanococci;Methanococcales;Methanococcaceae;Methanococcus
k141_15907	Bacteria;Pseudomonadota;Gammaproteobacteria;Pseudomonadales;Pseudomonadaceae;Pseudomonas
k141_56094	Archaea;Methanobacteriota;Methanococci;Methanococcales;Methanococcaceae;Methanococcus;Methanococcus maripaludis
k141_31076	Bacteria;Chlorobiota;Chlorobiia;Chlorobiales;Chlorobiaceae;Chlorobium;Chlorobium phaeobacteroides
k141_19822	Bacteria;Pseudomonadota;Gammaproteobacteria;Pseudomonadales;Pseudomonadaceae;Pseudomonas
k141_34683	
k141_1956	Bacteria;Pseudomonadota;Gammaproteobacteria;Pseudomonadales;Pseudomonadaceae
k141_19823	Bacteria;Pseudomonadota;Gammaproteobacteria;Pseudomonadales;Pseudomonadaceae;Pseudomonas
k141_56098	Bacteria;Chlorobiota;Chlorobiia;Chlorobiales;Chlorobiaceae;Chlorobaculum;Chlorobaculum tepidum
k141_27143	Bacteria
k141_49414	Bacteria;Pseudomonadota;Gammaproteobacteria;Alteromonadales;Shewanellaceae;Shewanella
k141_41707	Bacteria;Planctomycetota;Planctomycetia;Pirellulales;Pirellulaceae;Rhodopirellula;Rhodopirellula baltica
k141_19826	Bacteria;Pseudomonadota;Gammaproteobacteria;Alteromonadales;Shewanellaceae;Shewanella
k141_56102	Bacteria;Campylobacterota;Epsilonproteobacteria;Campylobacterales;Helicobacteraceae;Wolinella;Wolinella succinogenes
k141_38341	Archaea;Thermoproteota;Thermoprotei;Desulfurococcales;Desulfurococcaceae;Ignicoccus;Ignicoccus hospitalis
k141_12612	Bacteria;Planctomycetota;Planctomycetia;Pirellulales;Pirellulaceae;Rhodopirellula;Rhodopirellula baltica
k141_22964	Bacteria;Thermodesulfobacteriota;Desulfobulbia;Desulfobulbales;Desulfobulbaceae;Desulfobulbus;Desulfobulbus oralis
k141_15911	Bacteria;Thermodesulfobacteriota;Desulfobulbia;Desulfobulbales;Desulfobulbaceae;Desulfobulbus;Desulfobulbus oralis
k141_27151	Bacteria;Pseudomonadota;Gammaproteobacteria;Pseudomonadales;Pseudomonadaceae;Pseudomonas
k141_38346	
k141_9112	Archaea;Methanobacteriota;Halobacteria;Halobacteriales;Halobacteriaceae;Halobacterium
k141_56109	Bacteria;Chlorobiota;Chlorobiia;Chlorobiales;Chlorobiaceae;Chlorobium;Chlorobium phaeobacteroides
k141_22965	Bacteria;Chlorobiota;Chlorobiia;Chlorobiales;Chlorobiaceae;Chlorobaculum;Chlorobaculum tepidum
k141_12615	Bacteria;Pseudomonadota;Gammaproteobacteria;Pseudomonadales;Pseudomonadaceae;Pseudomonas
k141_38347	Bacteria;Pseudomonadota;Gammaproteobacteria;Pseudomonadales;Pseudomonadaceae;Pseudomonas
k141_19833	Bacteria;Pseudomonadota;Gammaproteobacteria;Pseudomonadales;Pseudomonadaceae;Pseudomonas
k141_49426	Bacteria;Planctomycetota;Planctomycetia;Pirellulales;Pirellulaceae;Rhodopirellula;Rhodopirellula baltica
k141_15916	Archaea;Thermoproteota;Thermoprotei;Desulfurococcales;Desulfurococcaceae;Ignicoccus;Ignicoccus hospitalis
k141_9113	Bacteria;Pseudomonadota;Gammaproteobacteria;Pseudomonadales;Pseudomonadaceae;Pseudomonas
k141_12618	Bacteria;Chlorobiota;Chlorobiia;Chlorobiales;Chlorobiaceae;Chlorobaculum;Chlorobaculum tepidum
k141_22969	Bacteria;Pseudomonadota;Gammaproteobacteria;Alteromonadales;Shewanellaceae;Shewanella;Shewanella baltica
k141_56112	Bacteria;Chlorobiota;Chlorobiia;Chlorobiales;Chlorobiaceae;Chlorobium;Chlorobium phaeobacteroides
k141_15920	Bacteria;Chlorobiota;Chlorobiia;Chlorobiales;Chlorobiaceae;Chlorobium;Chlorobium phaeobacteroides
k141_22972	Bacteria;Pseudomonadota;Gammaproteobacteria;Alteromonadales;Shewanellaceae;Shewanella
k141_19838	
k141_27158	Bacteria;Chlorobiota;Chlorobiia;Chlorobiales;Chlorobiaceae;Chlorobaculum;Chlorobaculum tepidum
k141_15921	Bacteria;Chlorobiota;Chlorobiia;Chlorobiales;Chlorobiaceae;Chlorobium;Chlorobium phaeobacteroides
k141_49431	Bacteria;Fusobacteriota;Fusobacteriia;Fusobacteriales;Fusobacteriaceae;Fusobacterium
k141_56114	Bacteria;Pseudomonadota;Gammaproteobacteria;Alteromonadales;Shewanellaceae;Shewanella
k141_15922	Bacteria;Chlorobiota;Chlorobiia;Chlorobiales;Chlorobiaceae;Chlorobium;Chlorobium phaeobacteroides
k141_12628	Bacteria;Pseudomonadota;Gammaproteobacteria;Alteromonadales;Shewanellaceae;Shewanella
k141_9127	Bacteria;Pseudomonadota;Gammaproteobacteria;Pseudomonadales;Pseudomonadaceae;Pseudomonas
k141_49436	Bacteria;Verrucomicrobiota;Verrucomicrobiia;Verrucomicrobiales;Akkermansiaceae;Akkermansia;Akkermansia muciniphila
k141_41722	Bacteria;Planctomycetota;Planctomycetia;Pirellulales;Pirellulaceae;Rhodopirellula;Rhodopirellula baltica
k141_38363	Archaea;Thermoproteota;Thermoprotei;Desulfurococcales;Desulfurococcaceae;Ignicoccus;Ignicoccus hospitalis
k141_12629	Archaea;Methanobacteriota;Methanococci;Methanococcales;Methanococcaceae;Methanococcus
k141_22978	Bacteria;Chlorobiota;Chlorobiia;Chlorobiales;Chlorobiaceae;Chlorobium;Chlorobium phaeobacteroides
k141_41727	Bacteria;Bacillota;Clostridia;Acetivibrionales;Acetivibrionaceae;Acetivibrio
k141_15924	Bacteria;Pseudomonadota;Gammaproteobacteria;Alteromonadales;Shewanellaceae;Shewanella
k141_1971	Bacteria;Bacillota
k141_38365	Bacteria;Pseudomonadota;Gammaproteobacteria;Pseudomonadales;Pseudomonadaceae;Pseudomonas
k141_34688	Bacteria;Planctomycetota;Planctomycetia;Pirellulales;Pirellulaceae;Rhodopirellula;Rhodopirellula baltica
k141_1973	Bacteria;Spirochaetota;Spirochaetia;Treponematales;Treponemataceae;Treponema
k141_45374	Bacteria;Pseudomonadota;Betaproteobacteria;Nitrosomonadales;Nitrosomonadaceae;Nitrosomonas
k141_9135	Bacteria;Verrucomicrobiota;Verrucomicrobiia;Verrucomicrobiales;Akkermansiaceae;Akkermansia
k141_22981	
k141_19842	Bacteria;Planctomycetota;Planctomycetia;Pirellulales;Pirellulaceae;Rhodopirellula;Rhodopirellula baltica
k141_38367	Bacteria;Pseudomonadota;Gammaproteobacteria;Alteromonadales;Shewanellaceae;Shewanella
k141_56131	Bacteria;Pseudomonadota;Gammaproteobacteria;Pseudomonadales;Pseudomonadaceae
k141_15929	Bacteria;Fusobacteriota;Fusobacteriia;Fusobacteriales;Fusobacteriaceae;Fusobacterium
k141_49446	Bacteria;Chlorobiota;Chlorobiia;Chlorobiales;Chlorobiaceae;Chlorobium;Chlorobium phaeobacteroides
k141_27175	Archaea;Methanobacteriota;Methanococci;Methanococcales;Methanococcaceae;Methanococcus;Methanococcus maripaludis
k141_15930	Bacteria;Pseudomonadota;Gammaproteobacteria;Pseudomonadales;Pseudomonadaceae;Pseudomonas
k141_38368	Bacteria;Pseudomonadota;Gammaproteobacteria;Pseudomonadales;Pseudomonadaceae;Pseudomonas
k141_34696	Bacteria;Pseudomonadota;Gammaproteobacteria;Pseudomonadales;Pseudomonadaceae
k141_12645	Bacteria;Pseudomonadota;Gammaproteobacteria;Pseudomonadales;Pseudomonadaceae;Pseudomonas
k141_41742	Bacteria;Pseudomonadota;Gammaproteobacteria;Pseudomonadales;Pseudomonadaceae;Pseudomonas
k141_12646	Bacteria;Aquificota;Aquificia;Aquificales;Aquificaceae;Hydrogenobaculum
k141_27178	
k141_9145	Bacteria;Planctomycetota;Planctomycetia;Pirellulales;Pirellulaceae;Rhodopirellula;Rhodopirellula baltica
k141_15934	Bacteria;Chlorobiota;Chlorobiia;Chlorobiales;Chlorobiaceae;Chlorobium;Chlorobium phaeobacteroides
k141_45384	Archaea;Thermoproteota;Thermoprotei;Thermoproteales;Thermoproteaceae;Pyrobaculum;Pyrobaculum calidifontis
k141_41743	Bacteria;Cyanobacteriota;Cyanophyceae;Nostocales;Nostocaceae
k141_1980	Bacteria;Pseudomonadota;Gammaproteobacteria;Alteromonadales;Shewanellaceae;Shewanella
k141_38376	Bacteria;Chloroflexota;Chloroflexia;Chloroflexales;Chloroflexaceae;Chloroflexus;Chloroflexus aurantiacus
k141_22983	Bacteria;Pseudomonadota;Gammaproteobacteria;Alteromonadales;Shewanellaceae;Shewanella
k141_15937	Archaea;Methanobacteriota;Methanococci;Methanococcales;Methanococcaceae;Methanococcus;Methanococcus maripaludis
k141_49457	Bacteria;Bacteroidota;Bacteroidia;Bacteroidales
k141_1981	Bacteria;Planctomycetota;Planctomycetia;Pirellulales;Pirellulaceae;Rhodopirellula;Rhodopirellula baltica
k141_22988	Bacteria;Pseudomonadota;Gammaproteobacteria;Pseudomonadales;Pseudomonadaceae;Pseudomonas
k141_34700	Bacteria;Thermotogota;Thermotogae;Thermotogales;Thermotogaceae;Thermotoga
k141_22990	Bacteria;Chlorobiota;Chlorobiia;Chlorobiales;Chlorobiaceae;Chlorobium;Chlorobium phaeobacteroides
k141_19864	
k141_12648	Bacteria;Pseudomonadota;Gammaproteobacteria;Alteromonadales;Shewanellaceae;Shewanella
k141_49462	Bacteria;Chlorobiota;Chlorobiia;Chlorobiales;Chlorobiaceae;Chlorobium;Chlorobium phaeobacteroides
k141_9159	Bacteria;Cyanobacteriota;Cyanophyceae;Nostocales
k141_38377	Bacteria;Pseudomonadota;Gammaproteobacteria;Alteromonadales;Shewanellaceae;Shewanella
k141_1986	Bacteria;Pseudomonadota;Gammaproteobacteria;Alteromonadales;Shewanellaceae;Shewanella
k141_22991	Bacteria;Pseudomonadota
k141_5254	
k141_34708	Bacteria;Pseudomonadota;Gammaproteobacteria;Pseudomonadales;Pseudomonadaceae;Pseudomonas
k141_49464	Bacteria;Pseudomonadota;Gammaproteobacteria;Alteromonadales;Shewanellaceae;Shewanella
k141_38378	Bacteria;Pseudomonadota;Gammaproteobacteria;Pseudomonadales;Pseudomonadaceae;Pseudomonas
k141_19867	Archaea;Thermoproteota;Thermoprotei;Desulfurococcales;Desulfurococcaceae;Ignicoccus;Ignicoccus islandicus
k141_27195	Bacteria;Pseudomonadota;Gammaproteobacteria;Pseudomonadales;Pseudomonadaceae;Pseudomonas
k141_12654	Bacteria;Pseudomonadota;Gammaproteobacteria;Pseudomonadales;Pseudomonadaceae;Pseudomonas
k141_56134	Bacteria;Fusobacteriota;Fusobacteriia;Fusobacteriales;Fusobacteriaceae;Fusobacterium
k141_49466	Archaea;Thermoproteota;Thermoprotei;Desulfurococcales;Desulfurococcaceae;Ignicoccus;Ignicoccus hospitalis
k141_34713	Bacteria;Chlorobiota;Chlorobiia;Chlorobiales;Chlorobiaceae;Chlorobaculum;Chlorobaculum tepidum
k141_22996	Bacteria;Pseudomonadota;Gammaproteobacteria;Alteromonadales;Shewanellaceae;Shewanella
k141_38384	Bacteria;Pseudomonadota;Gammaproteobacteria;Pseudomonadales;Pseudomonadaceae;Pseudomonas
k141_12656	Bacteria;Pseudomonadota;Gammaproteobacteria;Pseudomonadales;Pseudomonadaceae;Pseudomonas
k141_1993	Bacteria;Chlorobiota;Chlorobiia;Chlorobiales;Chlorobiaceae;Chlorobaculum;Chlorobaculum tepidum
k141_56136	
k141_12657	Bacteria;Pseudomonadota;Gammaproteobacteria;Pseudomonadales;Pseudomonadaceae;Pseudomonas
k141_49470	
k141_52455	Bacteria;Chlorobiota;Chlorobiia;Chlorobiales;Chlorobiaceae;Chlorobium;Chlorobium limicola
k141_45386	Bacteria;Pseudomonadota;Gammaproteobacteria;Alteromonadales;Shewanellaceae;Shewanella
k141_41753	Archaea;Methanobacteriota;Halobacteria;Halobacteriales;Halobacteriaceae;Halobacterium;Halobacterium salinarum
k141_56137	Archaea;Thermoproteota;Thermoprotei;Desulfurococcales;Desulfurococcaceae;Ignicoccus;Ignicoccus islandicus
k141_34722	
k141_19883	
k141_49476	Bacteria;Fusobacteriota;Fusobacteriia;Fusobacteriales;Fusobacteriaceae;Fusobacterium
k141_5271	Archaea;Methanobacteriota;Halobacteria;Halobacteriales;Halobacteriaceae;Halobacterium
k141_56140	Bacteria;Pseudomonadota;Gammaproteobacteria;Pseudomonadales;Pseudomonadaceae;Pseudomonas
k141_38397	Bacteria;Pseudomonadota;Gammaproteobacteria;Pseudomonadales;Pseudomonadaceae;Pseudomonas
k141_9166	Archaea;Methanobacteriota;Halobacteria;Halobacteriales;Halobacteriaceae;Halobacterium
k141_34726	Bacteria;Pseudomonadota;Gammaproteobacteria;Alteromonadales;Shewanellaceae;Shewanella
k141_56141	Bacteria;Pseudomonadota;Gammaproteobacteria;Pseudomonadales;Pseudomonadaceae;Pseudomonas
k141_2008	Bacteria;Pseudomonadota;Gammaproteobacteria;Pseudomonadales;Pseudomonadaceae;Pseudomonas
k141_38398	Bacteria;Bacteroidota;Bacteroidia;Bacteroidales;Bacteroidaceae;Phocaeicola
k141_31077	Bacteria;Pseudomonadota;Betaproteobacteria;Nitrosomonadales;Nitrosomonadaceae;Nitrosomonas
k141_56143	Bacteria;Aquificota;Aquificia;Aquificales;Aquificaceae;Hydrogenobaculum
k141_22997	Bacteria;Pseudomonadota;Betaproteobacteria;Nitrosomonadales;Nitrosomonadaceae;Nitrosomonas
k141_49489	Archaea;Methanobacteriota;Methanococci;Methanococcales;Methanococcaceae;Methanococcus;Methanococcus maripaludis
k141_34731	Bacteria;Bacteroidota;Bacteroidia;Bacteroidales
k141_45404	Bacteria;Pseudomonadota;Betaproteobacteria;Nitrosomonadales;Nitrosomonadaceae;Nitrosomonas;Nitrosomonas europaea
k141_2014	Bacteria;Pseudomonadota;Gammaproteobacteria;Pseudomonadales;Pseudomonadaceae;Pseudomonas
k141_22999	Bacteria;Pseudomonadota;Gammaproteobacteria;Pseudomonadales;Pseudomonadaceae;Pseudomonas
k141_27215	Archaea;Methanobacteriota;Halobacteria;Halobacteriales;Halobacteriaceae;Halobacterium
k141_45407	Bacteria;Chlorobiota;Chlorobiia;Chlorobiales;Chlorobiaceae;Chlorobium;Chlorobium phaeobacteroides
k141_12659	Bacteria;Pseudomonadota;Gammaproteobacteria;Alteromonadales;Shewanellaceae;Shewanella
k141_19901	
k141_15954	Bacteria;Planctomycetota;Planctomycetia;Pirellulales;Pirellulaceae;Rhodopirellula;Rhodopirellula baltica
k141_5277	Bacteria;Bacillota
k141_56145	Bacteria;Pseudomonadota;Gammaproteobacteria;Alteromonadales;Shewanellaceae;Shewanella
k141_41759	Bacteria;Pseudomonadota;Gammaproteobacteria;Alteromonadales;Shewanellaceae;Shewanella
k141_23000	Bacteria;Pseudomonadota;Gammaproteobacteria;Pseudomonadales;Pseudomonadaceae;Pseudomonas
k141_5278	Bacteria;Pseudomonadota;Gammaproteobacteria;Alteromonadales;Shewanellaceae;Shewanella;Shewanella baltica
k141_45410	
k141_19905	Archaea;Thermoproteota;Thermoprotei;Desulfurococcales;Desulfurococcaceae;Ignicoccus;Ignicoccus islandicus
k141_15957	Bacteria;Pseudomonadota;Gammaproteobacteria;Alteromonadales;Shewanellaceae;Shewanella
k141_56147	Bacteria;Pseudomonadota;Gammaproteobacteria;Alteromonadales;Shewanellaceae;Shewanella
k141_27223	Bacteria;Verrucomicrobiota;Verrucomicrobiia;Verrucomicrobiales;Akkermansiaceae;Akkermansia;Akkermansia muciniphila
k141_31088	Bacteria;Pseudomonadota;Gammaproteobacteria;Alteromonadales;Shewanellaceae;Shewanella
k141_34744	
k141_2022	Archaea;Thermoproteota;Thermoprotei;Thermoproteales;Thermoproteaceae;Pyrobaculum;Pyrobaculum calidifontis
k141_41763	Bacteria;Pseudomonadota;Gammaproteobacteria;Alteromonadales;Shewanellaceae;Shewanella
k141_9172	Bacteria;Pseudomonadota;Gammaproteobacteria;Alteromonadales;Shewanellaceae;Shewanella
k141_52480	Archaea;Thermoproteota;Thermoprotei;Desulfurococcales;Desulfurococcaceae;Ignicoccus;Ignicoccus islandicus
k141_23008	Bacteria;Spirochaetota;Spirochaetia;Treponematales;Treponemataceae;Treponema
k141_5283	Bacteria;Chlorobiota;Chlorobiia;Chlorobiales;Chlorobiaceae;Chlorobaculum
k141_49495	Archaea;Methanobacteriota;Halobacteria;Halobacteriales;Halobacteriaceae;Halobacterium
k141_45417	Bacteria;Pseudomonadota;Gammaproteobacteria;Pseudomonadales;Pseudomonadaceae;Pseudomonas
k141_31091	Bacteria;Chlorobiota;Chlorobiia;Chlorobiales;Chlorobiaceae;Chlorobium;Chlorobium phaeobacteroides
k141_15959	Bacteria;Pseudomonadota;Gammaproteobacteria;Alteromonadales;Shewanellaceae;Shewanella
k141_19909	Bacteria;Chlorobiota;Chlorobiia;Chlorobiales;Chlorobiaceae;Chlorobium;Chlorobium phaeobacteroides
k141_9179	Bacteria;Pseudomonadota;Gammaproteobacteria;Pseudomonadales;Pseudomonadaceae;Pseudomonas
k141_49496	
k141_27227	Bacteria;Pseudomonadota;Gammaproteobacteria;Pseudomonadales;Pseudomonadaceae;Pseudomonas
k141_31093	Bacteria;Cyanobacteriota;Cyanophyceae;Nostocales;Nostocaceae
k141_5287	
k141_27228	Bacteria;Aquificota;Aquificia;Aquificales;Hydrogenothermaceae;Sulfurihydrogenibium;Sulfurihydrogenibium sp. YO3AOP1
k141_9181	
k141_31094	Archaea;Thermoproteota;Thermoprotei;Thermoproteales;Thermoproteaceae;Pyrobaculum;Pyrobaculum calidifontis
k141_52491	Bacteria;Bacillota;Clostridia;Acetivibrionales;Acetivibrionaceae;Acetivibrio;Acetivibrio thermocellus
k141_23015	Bacteria;Pseudomonadota
k141_15963	Bacteria;Pseudomonadota;Gammaproteobacteria;Pseudomonadales;Pseudomonadaceae;Pseudomonas
k141_41775	Bacteria;Pseudomonadota;Gammaproteobacteria;Pseudomonadales;Pseudomonadaceae;Pseudomonas
k141_31095	Bacteria;Chlorobiota;Chlorobiia;Chlorobiales;Chlorobiaceae;Chlorobaculum;Chlorobaculum tepidum
k141_49503	Bacteria;Chlorobiota;Chlorobiia;Chlorobiales;Chlorobiaceae;Chlorobaculum
k141_5290	
k141_15964	Bacteria;Pseudomonadota;Gammaproteobacteria;Pseudomonadales;Pseudomonadaceae
k141_23018	Archaea;Thermoproteota;Thermoprotei;Desulfurococcales;Desulfurococcaceae;Ignicoccus;Ignicoccus islandicus
k141_9187	
k141_34757	Bacteria;Pseudomonadota;Gammaproteobacteria;Alteromonadales;Shewanellaceae;Shewanella
k141_52495	Bacteria;Planctomycetota;Planctomycetia;Pirellulales;Pirellulaceae;Rhodopirellula
k141_49510	Bacteria;Chlorobiota;Chlorobiia;Chlorobiales;Chlorobiaceae;Chlorobaculum;Chlorobaculum tepidum
k141_31102	
k141_2032	Archaea;Methanobacteriota;Halobacteria;Halobacteriales;Halobacteriaceae;Halobacterium
k141_34760	Archaea;Thermoproteota;Thermoprotei;Desulfurococcales;Desulfurococcaceae;Ignicoccus;Ignicoccus hospitalis
k141_49512	Bacteria;Pseudomonadota;Gammaproteobacteria;Alteromonadales;Shewanellaceae;Shewanella
k141_41792	Bacteria;Pseudomonadota;Gammaproteobacteria;Alteromonadales;Shewanellaceae;Shewanella
k141_5294	Bacteria;Fusobacteriota;Fusobacteriia;Fusobacteriales;Fusobacteriaceae;Fusobacterium
k141_15969	Bacteria;Pseudomonadota;Gammaproteobacteria;Alteromonadales;Shewanellaceae;Shewanella;Shewanella baltica
k141_27250	Bacteria;Pseudomonadota;Gammaproteobacteria;Pseudomonadales;Pseudomonadaceae;Pseudomonas
k141_2033	Archaea;Thermoproteota;Thermoprotei;Desulfurococcales;Desulfurococcaceae;Ignicoccus;Ignicoccus islandicus
k141_15970	Bacteria;Pseudomonadota;Gammaproteobacteria;Pseudomonadales;Pseudomonadaceae;Pseudomonas
k141_19924	Bacteria;Pseudomonadota;Gammaproteobacteria;Alteromonadales;Shewanellaceae;Shewanella
k141_5295	Bacteria;Pseudomonadota;Gammaproteobacteria;Pseudomonadales;Pseudomonadaceae;Pseudomonas
k141_45418	Bacteria;Pseudomonadota;Gammaproteobacteria;Alteromonadales;Shewanellaceae;Shewanella
k141_41795	Bacteria;Chloroflexota;Chloroflexia;Chloroflexales;Chloroflexaceae;Chloroflexus;Chloroflexus aurantiacus
k141_2036	Bacteria;Pseudomonadota;Betaproteobacteria;Burkholderiales;Burkholderiaceae;Paraburkholderia;Paraburkholderia xenovorans
k141_27251	Bacteria;Chlorobiota;Chlorobiia;Chlorobiales;Chlorobiaceae;Chlorobium;Chlorobium phaeobacteroides
k141_15973	Bacteria;Cyanobacteriota;Cyanophyceae;Nostocales;Nostocaceae
k141_49520	Bacteria;Pseudomonadota;Gammaproteobacteria;Pseudomonadales;Pseudomonadaceae;Pseudomonas
k141_56149	Bacteria;Pseudomonadota;Betaproteobacteria;Nitrosomonadales;Nitrosomonadaceae;Nitrosomonas
k141_27253	Bacteria;Pseudomonadota;Gammaproteobacteria
k141_41801	Bacteria;Pseudomonadota;Gammaproteobacteria;Pseudomonadales;Pseudomonadaceae;Pseudomonas
k141_2042	Bacteria;Campylobacterota;Epsilonproteobacteria;Campylobacterales;Helicobacteraceae;Wolinella;Wolinella succinogenes
k141_19927	Bacteria;Pseudomonadota;Gammaproteobacteria;Alteromonadales;Shewanellaceae;Shewanella
k141_27254	Archaea;Thermoproteota;Thermoprotei;Desulfurococcales;Desulfurococcaceae;Ignicoccus;Ignicoccus hospitalis
k141_5304	Bacteria;Pseudomonadota;Gammaproteobacteria;Pseudomonadales;Pseudomonadaceae;Pseudomonas
k141_52498	Bacteria;Cyanobacteriota;Cyanophyceae;Nostocales;Nostocaceae
k141_15981	
k141_2046	Bacteria;Pseudomonadota;Gammaproteobacteria;Pseudomonadales;Pseudomonadaceae;Pseudomonas
k141_45432	Bacteria;Chlorobiota;Chlorobiia;Chlorobiales;Chlorobiaceae;Chlorobaculum;Chlorobaculum tepidum
k141_34767	Bacteria;Bacteroidota;Bacteroidia;Bacteroidales;Porphyromonadaceae;Porphyromonas;Porphyromonas gingivalis
k141_49530	Bacteria;Chlorobiota;Chlorobiia;Chlorobiales;Chlorobiaceae;Chlorobium;Chlorobium phaeobacteroides
k141_34768	Bacteria;Pseudomonadota;Gammaproteobacteria;Pseudomonadales;Pseudomonadaceae;Pseudomonas
k141_41813	Bacteria;Pseudomonadota;Gammaproteobacteria;Pseudomonadales;Pseudomonadaceae;Pseudomonas;Pseudomonas marginalis
k141_15985	Bacteria;Cyanobacteriota;Cyanophyceae;Nostocales;Nostocaceae
k141_27263	Archaea;Thermoproteota;Thermoprotei;Thermoproteales;Thermoproteaceae;Pyrobaculum;Pyrobaculum calidifontis
k141_19935	Archaea;Methanobacteriota;Methanococci;Methanococcales;Methanococcaceae;Methanococcus;Methanococcus maripaludis
k141_38405	
k141_27268	Archaea;Methanobacteriota;Methanococci;Methanococcales;Methanococcaceae;Methanococcus;Methanococcus maripaludis
k141_45436	Bacteria;Planctomycetota;Planctomycetia;Pirellulales;Pirellulaceae;Rhodopirellula;Rhodopirellula baltica
k141_41818	Archaea;Thermoproteota;Thermoprotei;Thermoproteales;Thermoproteaceae;Pyrobaculum;Pyrobaculum calidifontis
k141_56156	Bacteria;Bacteroidota;Bacteroidia;Bacteroidales;Porphyromonadaceae;Porphyromonas;Porphyromonas gingivalis
k141_41820	Bacteria;Verrucomicrobiota;Verrucomicrobiia;Verrucomicrobiales;Akkermansiaceae;Akkermansia;Akkermansia muciniphila
k141_2051	Bacteria;Pseudomonadota;Gammaproteobacteria;Alteromonadales;Shewanellaceae;Shewanella
k141_56157	Bacteria;Pseudomonadota;Gammaproteobacteria;Pseudomonadales;Pseudomonadaceae;Pseudomonas
k141_19938	Archaea;Thermoproteota;Thermoprotei;Desulfurococcales;Desulfurococcaceae;Ignicoccus;Ignicoccus hospitalis
k141_49531	Bacteria;Fusobacteriota;Fusobacteriia;Fusobacteriales;Fusobacteriaceae;Fusobacterium
k141_16000	Bacteria;Pseudomonadota;Gammaproteobacteria;Alteromonadales;Shewanellaceae;Shewanella
k141_38415	Bacteria;Pseudomonadota;Gammaproteobacteria;Pseudomonadales;Pseudomonadaceae;Pseudomonas
k141_27275	Bacteria;Chlorobiota;Chlorobiia;Chlorobiales;Chlorobiaceae;Chlorobium;Chlorobium phaeobacteroides
k141_34783	
k141_45447	
k141_56159	Bacteria;Pseudomonadota;Gammaproteobacteria;Pseudomonadales;Pseudomonadaceae;Pseudomonas
k141_49534	Bacteria;Pseudomonadota;Gammaproteobacteria;Pseudomonadales;Pseudomonadaceae;Pseudomonas
k141_19943	Bacteria;Pseudomonadota;Gammaproteobacteria;Pseudomonadales;Pseudomonadaceae
k141_41822	Bacteria;Chlorobiota;Chlorobiia;Chlorobiales;Chlorobiaceae;Chlorobaculum;Chlorobaculum tepidum
k141_27278	Bacteria;Aquificota;Aquificia;Aquificales;Aquificaceae;Hydrogenobaculum
k141_27279	
k141_56162	Bacteria;Pseudomonadota;Gammaproteobacteria;Pseudomonadales;Pseudomonadaceae;Pseudomonas
k141_19944	Bacteria;Pseudomonadota;Gammaproteobacteria;Alteromonadales;Shewanellaceae;Shewanella
k141_23022	
k141_38423	Bacteria;Chlorobiota;Chlorobiia;Chlorobiales;Chlorobiaceae;Chlorobaculum;Chlorobaculum tepidum
k141_52501	Bacteria;Pseudomonadota
k141_34790	Bacteria;Chlorobiota;Chlorobiia;Chlorobiales;Chlorobiaceae;Chlorobium;Chlorobium phaeobacteroides
k141_38424	Archaea;Thermoproteota;Thermoprotei;Thermoproteales;Thermoproteaceae;Pyrobaculum;Pyrobaculum calidifontis
k141_45459	Bacteria;Planctomycetota;Planctomycetia;Pirellulales;Pirellulaceae;Rhodopirellula;Rhodopirellula baltica
k141_38425	Bacteria;Chlorobiota;Chlorobiia;Chlorobiales;Chlorobiaceae;Chlorobium;Chlorobium phaeobacteroides
k141_41832	Bacteria;Chlorobiota;Chlorobiia;Chlorobiales;Chlorobiaceae;Chlorobium;Chlorobium phaeobacteroides
k141_31116	Bacteria;Thermotogota;Thermotogae;Thermotogales;Thermotogaceae;Thermotoga
k141_52504	Bacteria;Chlorobiota;Chlorobiia;Chlorobiales;Chlorobiaceae;Chlorobaculum;Chlorobaculum tepidum
k141_23030	Bacteria;Cyanobacteriota;Cyanophyceae;Nostocales;Nostocaceae
k141_45464	Bacteria;Chlorobiota;Chlorobiia;Chlorobiales;Chlorobiaceae;Chlorobaculum;Chlorobaculum tepidum
k141_27291	Bacteria;Pseudomonadota;Gammaproteobacteria;Pseudomonadales;Pseudomonadaceae
k141_56163	Bacteria;Planctomycetota;Planctomycetia;Pirellulales;Pirellulaceae;Rhodopirellula;Rhodopirellula baltica
k141_49546	
k141_16003	
k141_27292	Bacteria;Chlorobiota;Chlorobiia;Chlorobiales;Chlorobiaceae;Chlorobaculum
k141_31119	Bacteria;Pseudomonadota;Gammaproteobacteria;Alteromonadales;Shewanellaceae;Shewanella
k141_56166	Bacteria;Chloroflexota;Chloroflexia;Chloroflexales;Chloroflexaceae;Chloroflexus;Chloroflexus aurantiacus
k141_41838	Archaea;Methanobacteriota;Halobacteria;Halobacteriales;Halobacteriaceae;Halobacterium
k141_19954	Bacteria;Pseudomonadota;Gammaproteobacteria;Alteromonadales;Shewanellaceae;Shewanella
k141_27294	Bacteria;Pseudomonadota;Gammaproteobacteria;Pseudomonadales;Pseudomonadaceae;Pseudomonas
k141_31120	
k141_45468	Bacteria;Pseudomonadota;Gammaproteobacteria;Pseudomonadales;Pseudomonadaceae;Pseudomonas
k141_34797	Bacteria;Planctomycetota;Planctomycetia;Pirellulales;Pirellulaceae;Rhodopirellula;Rhodopirellula baltica
k141_2061	
k141_38441	Bacteria;Chlorobiota;Chlorobiia;Chlorobiales;Chlorobiaceae;Chlorobium;Chlorobium phaeobacteroides
k141_56167	Archaea;Methanobacteriota;Methanococci;Methanococcales;Methanococcaceae;Methanococcus
k141_52517	Bacteria;Pseudomonadota;Gammaproteobacteria;Pseudomonadales;Pseudomonadaceae
k141_16010	Bacteria;Aquificota;Aquificia;Aquificales;Aquificaceae;Hydrogenobaculum;Hydrogenobaculum sp. Y04AAS1
k141_41844	
k141_34801	Bacteria;Bacillota
k141_27300	Bacteria;Aquificota;Aquificia;Aquificales;Aquificaceae;Hydrogenobaculum
k141_49558	Bacteria;Pseudomonadota;Gammaproteobacteria;Alteromonadales;Shewanellaceae;Shewanella
k141_16013	Bacteria;Chlorobiota;Chlorobiia;Chlorobiales;Chlorobiaceae;Chlorobium;Chlorobium phaeobacteroides
k141_31132	Bacteria;Pseudomonadota;Gammaproteobacteria;Pseudomonadales;Pseudomonadaceae;Pseudomonas
k141_12661	
k141_34806	Bacteria;Verrucomicrobiota;Verrucomicrobiia;Verrucomicrobiales;Akkermansiaceae;Akkermansia;Akkermansia muciniphila
k141_23032	Bacteria;Planctomycetota;Planctomycetia;Pirellulales;Pirellulaceae;Rhodopirellula;Rhodopirellula baltica
k141_52522	Bacteria;Pseudomonadota;Gammaproteobacteria;Pseudomonadales;Pseudomonadaceae;Pseudomonas
k141_2070	Bacteria;Cyanobacteriota;Cyanophyceae;Nostocales;Nostocaceae
k141_56177	Bacteria;Pseudomonadota;Gammaproteobacteria;Pseudomonadales;Pseudomonadaceae;Pseudomonas
k141_31133	Bacteria;Chlorobiota;Chlorobiia;Chlorobiales;Chlorobiaceae;Chlorobium;Chlorobium phaeobacteroides
k141_27306	Bacteria;Pseudomonadota;Gammaproteobacteria;Pseudomonadales;Pseudomonadaceae;Pseudomonas
k141_19966	Bacteria;Pseudomonadota;Gammaproteobacteria;Alteromonadales;Shewanellaceae;Shewanella
k141_16017	Bacteria;Pseudomonadota;Gammaproteobacteria;Alteromonadales;Shewanellaceae;Shewanella
k141_12666	Archaea;Thermoproteota;Thermoprotei;Desulfurococcales;Desulfurococcaceae;Ignicoccus;Ignicoccus hospitalis
k141_52525	Bacteria;Pseudomonadota;Gammaproteobacteria;Pseudomonadales;Pseudomonadaceae;Pseudomonas
k141_31137	Bacteria;Pseudomonadota;Gammaproteobacteria;Pseudomonadales;Pseudomonadaceae;Pseudomonas
k141_52529	Bacteria;Pseudomonadota;Gammaproteobacteria;Pseudomonadales;Pseudomonadaceae;Pseudomonas
k141_27311	Bacteria;Pseudomonadota;Gammaproteobacteria;Pseudomonadales;Pseudomonadaceae;Pseudomonas
k141_12668	Bacteria;Chlorobiota;Chlorobiia;Chlorobiales;Chlorobiaceae;Chlorobaculum;Chlorobaculum tepidum
k141_31138	Bacteria;Chloroflexota;Chloroflexia;Chloroflexales;Chloroflexaceae;Chloroflexus;Chloroflexus aurantiacus
k141_2078	Bacteria;Pseudomonadota;Gammaproteobacteria;Alteromonadales;Shewanellaceae;Shewanella
k141_56185	Archaea;Methanobacteriota;Methanococci;Methanococcales;Methanococcaceae;Methanococcus;Methanococcus maripaludis
k141_49565	Archaea;Methanobacteriota;Halobacteria;Halobacteriales;Halobacteriaceae;Halobacterium
k141_34808	Bacteria;Pseudomonadota;Gammaproteobacteria;Alteromonadales;Shewanellaceae;Shewanella
k141_23043	
k141_41845	Bacteria;Planctomycetota;Planctomycetia;Pirellulales;Pirellulaceae;Rhodopirellula;Rhodopirellula baltica
k141_2084	Bacteria;Deinococcota;Deinococci;Deinococcales;Deinococcaceae;Deinococcus;Deinococcus radiodurans
k141_34811	Bacteria;Pseudomonadota;Gammaproteobacteria;Pseudomonadales;Pseudomonadaceae;Pseudomonas
k141_16023	
k141_31143	Bacteria;Aquificota;Aquificia;Aquificales;Aquificaceae;Hydrogenobaculum
k141_12675	Archaea;Methanobacteriota;Halobacteria;Halobacteriales;Halobacteriaceae;Halobacterium
k141_19976	Bacteria;Pseudomonadota;Gammaproteobacteria;Alteromonadales;Shewanellaceae;Shewanella
k141_31145	Bacteria;Pseudomonadota;Gammaproteobacteria;Alteromonadales;Shewanellaceae;Shewanella
k141_23045	
k141_12676	
k141_56191	Bacteria;Planctomycetota;Planctomycetia;Pirellulales;Pirellulaceae;Rhodopirellula;Rhodopirellula baltica
k141_31146	Bacteria;Pseudomonadota;Gammaproteobacteria;Alteromonadales;Shewanellaceae;Shewanella
k141_9195	Bacteria;Chlorobiota;Chlorobiia;Chlorobiales;Chlorobiaceae;Chlorobium;Chlorobium limicola
k141_31147	Bacteria;Chlorobiota;Chlorobiia;Chlorobiales;Chlorobiaceae;Chlorobaculum;Chlorobaculum tepidum
k141_49581	Bacteria;Pseudomonadota;Gammaproteobacteria;Pseudomonadales;Pseudomonadaceae;Pseudomonas
k141_23049	Archaea;Methanobacteriota;Methanopyri;Methanopyrales;Methanopyraceae;Methanopyrus;Methanopyrus kandleri
k141_27322	Bacteria;Planctomycetota;Planctomycetia;Pirellulales;Pirellulaceae;Rhodopirellula;Rhodopirellula baltica
k141_41846	Bacteria;Chlorobiota;Chlorobiia;Chlorobiales;Chlorobiaceae;Chlorobium;Chlorobium phaeovibrioides
k141_9199	Bacteria;Pseudomonadota;Gammaproteobacteria;Pseudomonadales;Pseudomonadaceae;Pseudomonas
k141_9202	Bacteria;Pseudomonadota;Gammaproteobacteria;Pseudomonadales;Pseudomonadaceae;Pseudomonas
k141_27327	Archaea;Methanobacteriota;Methanococci;Methanococcales;Methanococcaceae;Methanococcus;Methanococcus maripaludis
k141_38453	Archaea;Methanobacteriota;Halobacteria;Halobacteriales;Halobacteriaceae;Halobacterium
k141_56209	Archaea;Thermoproteota;Thermoprotei;Desulfurococcales;Desulfurococcaceae;Ignicoccus;Ignicoccus islandicus
k141_2085	Bacteria;Pseudomonadota;Gammaproteobacteria;Alteromonadales;Shewanellaceae;Shewanella
k141_49584	
k141_16030	Bacteria;Fusobacteriota;Fusobacteriia;Fusobacteriales;Fusobacteriaceae;Fusobacterium
k141_49586	Bacteria;Chloroflexota;Chloroflexia;Chloroflexales;Chloroflexaceae;Chloroflexus;Chloroflexus aurantiacus
k141_56210	Bacteria;Pseudomonadota;Gammaproteobacteria;Alteromonadales;Shewanellaceae;Shewanella
k141_19979	Bacteria;Planctomycetota;Planctomycetia;Pirellulales;Pirellulaceae;Rhodopirellula;Rhodopirellula baltica
k141_31163	Bacteria;Pseudomonadota;Gammaproteobacteria;Alteromonadales;Shewanellaceae;Shewanella
k141_16033	Bacteria;Pseudomonadota;Gammaproteobacteria;Pseudomonadales;Pseudomonadaceae;Pseudomonas
k141_34814	Bacteria;Planctomycetota;Planctomycetia;Pirellulales;Pirellulaceae;Rhodopirellula;Rhodopirellula baltica
k141_9206	Bacteria;Planctomycetota;Planctomycetia;Pirellulales;Pirellulaceae;Rhodopirellula;Rhodopirellula baltica
k141_16034	Bacteria;Pseudomonadota;Gammaproteobacteria;Pseudomonadales;Pseudomonadaceae;Pseudomonas
k141_19985	
k141_27342	Archaea;Methanobacteriota;Halobacteria;Halobacteriales;Halobacteriaceae;Halobacterium
k141_56220	Bacteria;Fusobacteriota;Fusobacteriia;Fusobacteriales;Fusobacteriaceae;Fusobacterium
k141_31164	Bacteria;Planctomycetota;Planctomycetia;Pirellulales;Pirellulaceae;Rhodopirellula;Rhodopirellula baltica
k141_9209	Bacteria;Pseudomonadota;Gammaproteobacteria;Pseudomonadales;Pseudomonadaceae;Pseudomonas
k141_16037	Bacteria;Chlorobiota;Chlorobiia;Chlorobiales;Chlorobiaceae;Chlorobium;Chlorobium phaeobacteroides
k141_49602	Archaea;Thermoproteota;Thermoprotei;Thermoproteales;Thermoproteaceae;Pyrobaculum;Pyrobaculum calidifontis
k141_34820	Bacteria;Bacillota
k141_9210	Archaea;Methanobacteriota;Methanococci;Methanococcales;Methanococcaceae;Methanococcus
k141_31168	Bacteria;Cyanobacteriota;Cyanophyceae;Nostocales;Nostocaceae
k141_52544	Bacteria;Chlorobiota;Chlorobiia;Chlorobiales;Chlorobiaceae;Chlorobium;Chlorobium limicola
k141_16039	Bacteria;Cyanobacteriota;Cyanophyceae;Nostocales;Nostocaceae
k141_41855	Bacteria;Planctomycetota;Planctomycetia;Pirellulales;Pirellulaceae;Rhodopirellula;Rhodopirellula baltica
k141_49604	Bacteria;Aquificota;Aquificia;Aquificales;Aquificaceae;Hydrogenobaculum
k141_5321	
k141_9213	Archaea;Thermoproteota;Thermoprotei;Desulfurococcales;Desulfurococcaceae;Ignicoccus;Ignicoccus hospitalis
k141_31172	Bacteria;Pseudomonadota;Gammaproteobacteria;Pseudomonadales;Pseudomonadaceae;Pseudomonas
k141_41857	Bacteria;Pseudomonadota;Gammaproteobacteria;Pseudomonadales;Pseudomonadaceae;Pseudomonas
k141_31174	
k141_52548	Bacteria;Chlorobiota;Chlorobiia;Chlorobiales;Chlorobiaceae;Chlorobaculum;Chlorobaculum tepidum
k141_5324	Archaea;Methanobacteriota;Methanococci;Methanococcales;Methanococcaceae;Methanococcus;Methanococcus maripaludis
k141_9218	Bacteria;Verrucomicrobiota;Verrucomicrobiia;Verrucomicrobiales;Akkermansiaceae;Akkermansia;Akkermansia muciniphila
k141_41859	Bacteria;Pseudomonadota;Gammaproteobacteria;Pseudomonadales;Pseudomonadaceae;Pseudomonas
k141_52551	Bacteria;Cyanobacteriota;Cyanophyceae;Nostocales;Nostocaceae
k141_38456	
k141_31177	Archaea;Methanobacteriota;Methanococci;Methanococcales;Methanococcaceae;Methanococcus;Methanococcus maripaludis
k141_41862	Bacteria;Pseudomonadota;Gammaproteobacteria;Alteromonadales;Shewanellaceae;Shewanella
k141_2092	Bacteria;Bacillota
k141_56238	Bacteria;Pseudomonadota;Gammaproteobacteria;Pseudomonadales;Pseudomonadaceae;Pseudomonas
k141_52555	Bacteria;Chlorobiota;Chlorobiia;Chlorobiales;Chlorobiaceae;Chlorobaculum
k141_19991	Bacteria;Fusobacteriota;Fusobacteriia;Fusobacteriales;Fusobacteriaceae;Fusobacterium
k141_5325	Bacteria;Pseudomonadota;Gammaproteobacteria;Alteromonadales;Shewanellaceae;Shewanella
k141_16055	Archaea;Thermoproteota;Thermoprotei;Desulfurococcales;Desulfurococcaceae;Ignicoccus;Ignicoccus hospitalis
k141_41866	Bacteria;Pseudomonadota;Gammaproteobacteria;Pseudomonadales;Pseudomonadaceae;Pseudomonas
k141_2096	Bacteria;Pseudomonadota;Gammaproteobacteria;Pseudomonadales;Pseudomonadaceae;Pseudomonas
k141_5328	Bacteria;Planctomycetota;Planctomycetia;Pirellulales;Pirellulaceae;Rhodopirellula;Rhodopirellula baltica
k141_5329	Bacteria;Cyanobacteriota;Cyanophyceae;Nostocales;Nostocaceae
k141_56242	Bacteria;Pseudomonadota;Gammaproteobacteria;Alteromonadales;Shewanellaceae;Shewanella
k141_49611	Bacteria;Fusobacteriota;Fusobacteriia;Fusobacteriales;Fusobacteriaceae;Fusobacterium
k141_9239	Bacteria;Cyanobacteriota;Cyanophyceae;Nostocales;Nostocaceae
k141_45469	Archaea;Methanobacteriota;Halobacteria;Halobacteriales;Halobacteriaceae;Halobacterium
k141_38473	Bacteria;Chlorobiota;Chlorobiia;Chlorobiales;Chlorobiaceae;Chlorobaculum
k141_52563	Bacteria;Chlorobiota;Chlorobiia;Chlorobiales;Chlorobiaceae;Chlorobium;Chlorobium limicola
k141_20002	Bacteria;Pseudomonadota;Gammaproteobacteria;Pseudomonadales;Pseudomonadaceae;Pseudomonas
k141_16062	Bacteria;Pseudomonadota;Gammaproteobacteria;Pseudomonadales;Pseudomonadaceae;Pseudomonas
k141_5333	Bacteria;Pseudomonadota;Gammaproteobacteria;Pseudomonadales;Pseudomonadaceae;Pseudomonas
k141_41869	Bacteria;Fusobacteriota;Fusobacteriia;Fusobacteriales;Fusobacteriaceae;Fusobacterium
k141_2100	Archaea;Methanobacteriota;Methanococci;Methanococcales;Methanococcaceae;Methanococcus;Methanococcus maripaludis
k141_49612	Bacteria;Pseudomonadota;Gammaproteobacteria;Pseudomonadales;Pseudomonadaceae;Pseudomonas
k141_27349	Bacteria;Thermodesulfobacteriota;Desulfobulbia;Desulfobulbales;Desulfobulbaceae;Desulfobulbus;Desulfobulbus oralis
k141_20004	Bacteria;Campylobacterota;Epsilonproteobacteria;Campylobacterales;Helicobacteraceae;Wolinella;Wolinella succinogenes
k141_9247	Bacteria
k141_2102	Bacteria;Bacillota
k141_16065	Bacteria;Bacteroidota;Bacteroidia;Bacteroidales;Porphyromonadaceae;Porphyromonas;Porphyromonas gingivalis
k141_2104	Bacteria;Aquificota;Aquificia;Aquificales;Aquificaceae;Hydrogenobaculum;Hydrogenobaculum sp. Y04AAS1
k141_20014	
k141_49621	Bacteria;Pseudomonadota;Gammaproteobacteria;Pseudomonadales;Pseudomonadaceae;Pseudomonas
k141_9257	Bacteria;Pseudomonadota;Gammaproteobacteria;Pseudomonadales;Pseudomonadaceae;Pseudomonas
k141_5339	Bacteria;Fusobacteriota;Fusobacteriia;Fusobacteriales;Fusobacteriaceae;Fusobacterium
k141_38491	Bacteria;Pseudomonadota;Gammaproteobacteria;Pseudomonadales;Pseudomonadaceae;Pseudomonas
k141_27361	
k141_45484	Bacteria;Chlorobiota;Chlorobiia;Chlorobiales;Chlorobiaceae;Chlorobium;Chlorobium phaeobacteroides
k141_20015	Bacteria;Pseudomonadota;Gammaproteobacteria;Alteromonadales;Shewanellaceae;Shewanella
k141_27362	Bacteria;Planctomycetota;Planctomycetia;Pirellulales;Pirellulaceae;Rhodopirellula;Rhodopirellula baltica
k141_2113	Bacteria;Pseudomonadota;Betaproteobacteria;Nitrosomonadales;Nitrosomonadaceae;Nitrosomonas;Nitrosomonas europaea
k141_2114	Bacteria;Pseudomonadota;Betaproteobacteria;Burkholderiales;Burkholderiaceae;Paraburkholderia
k141_20018	Bacteria;Cyanobacteriota;Cyanophyceae;Nostocales;Nostocaceae
k141_49628	Bacteria;Pseudomonadota;Gammaproteobacteria;Alteromonadales;Shewanellaceae;Shewanella
k141_38496	Bacteria;Chloroflexota;Chloroflexia;Chloroflexales;Chloroflexaceae;Chloroflexus;Chloroflexus aurantiacus
k141_16068	
k141_5347	Bacteria;Chlorobiota;Chlorobiia;Chlorobiales;Chlorobiaceae;Chlorobium;Chlorobium phaeobacteroides
k141_23055	Bacteria;Thermotogota;Thermotogae;Thermotogales;Thermotogaceae;Thermotoga
k141_38499	Bacteria;Chlorobiota;Chlorobiia;Chlorobiales;Chlorobiaceae;Chlorobaculum
k141_2119	Archaea;Methanobacteriota;Halobacteria;Halobacteriales;Halobacteriaceae;Halobacterium
k141_16071	Archaea;Thermoproteota;Thermoprotei;Desulfurococcales;Desulfurococcaceae;Ignicoccus;Ignicoccus islandicus
k141_27367	Archaea;Thermoproteota;Thermoprotei;Desulfurococcales;Desulfurococcaceae;Ignicoccus;Ignicoccus hospitalis
k141_5357	
k141_45500	Bacteria;Chlorobiota;Chlorobiia;Chlorobiales;Chlorobiaceae;Chlorobium;Chlorobium phaeobacteroides
k141_23067	Bacteria;Chlorobiota;Chlorobiia;Chlorobiales;Chlorobiaceae;Chlorobium;Chlorobium phaeobacteroides
k141_16077	Bacteria;Fusobacteriota;Fusobacteriia;Fusobacteriales;Fusobacteriaceae;Fusobacterium
k141_5363	Bacteria;Chlorobiota;Chlorobiia;Chlorobiales;Chlorobiaceae;Chlorobaculum;Chlorobaculum tepidum
k141_45502	Bacteria;Pseudomonadota;Gammaproteobacteria;Pseudomonadales;Pseudomonadaceae
k141_56247	Bacteria;Planctomycetota;Planctomycetia;Pirellulales;Pirellulaceae;Rhodopirellula;Rhodopirellula baltica
k141_20024	Bacteria;Chlorobiota;Chlorobiia;Chlorobiales;Chlorobiaceae;Chlorobium;Chlorobium limicola
k141_38516	Bacteria;Pseudomonadota;Gammaproteobacteria;Alteromonadales;Shewanellaceae;Shewanella
k141_23068	Bacteria;Pseudomonadota;Gammaproteobacteria;Pseudomonadales;Pseudomonadaceae;Pseudomonas
k141_16082	Bacteria;Pseudomonadota;Gammaproteobacteria;Pseudomonadales;Pseudomonadaceae
k141_41875	Bacteria;Bacteroidota;Bacteroidia;Bacteroidales;Porphyromonadaceae;Porphyromonas;Porphyromonas gingivalis
k141_27377	Archaea;Methanobacteriota;Halobacteria;Halobacteriales;Halobacteriaceae;Halobacterium
k141_45504	Archaea;Thermoproteota;Thermoprotei;Desulfurococcales;Desulfurococcaceae;Ignicoccus;Ignicoccus islandicus
k141_5368	Archaea;Thermoproteota;Thermoprotei;Desulfurococcales;Desulfurococcaceae;Ignicoccus;Ignicoccus islandicus
k141_23072	Bacteria;Verrucomicrobiota;Verrucomicrobiia;Verrucomicrobiales;Akkermansiaceae;Akkermansia;Akkermansia muciniphila
k141_41876	Bacteria;Pseudomonadota;Gammaproteobacteria;Pseudomonadales;Pseudomonadaceae;Pseudomonas
k141_56254	Bacteria;Pseudomonadota;Gammaproteobacteria
k141_38523	Archaea;Thermoproteota;Thermoprotei;Thermoproteales;Thermoproteaceae;Pyrobaculum;Pyrobaculum calidifontis
k141_2127	Archaea;Methanobacteriota;Halobacteria;Halobacteriales;Halobacteriaceae;Halobacterium
k141_41878	Bacteria;Chloroflexota;Chloroflexia;Chloroflexales;Chloroflexaceae;Chloroflexus;Chloroflexus aurantiacus
k141_27378	Archaea;Thermoproteota;Thermoprotei;Desulfurococcales;Desulfurococcaceae;Ignicoccus;Ignicoccus islandicus
k141_20036	
k141_2128	Bacteria;Chlorobiota;Chlorobiia;Chlorobiales;Chlorobiaceae;Chlorobium;Chlorobium phaeobacteroides
k141_56255	Bacteria;Planctomycetota;Planctomycetia;Pirellulales;Pirellulaceae;Rhodopirellula;Rhodopirellula baltica
k141_16101	Bacteria;Aquificota;Aquificia;Aquificales;Aquificaceae;Hydrogenobaculum;Hydrogenobaculum sp. Y04AAS1
k141_52564	Bacteria;Thermotogota;Thermotogae;Thermotogales;Thermotogaceae;Thermotoga
k141_5382	Archaea;Methanobacteriota;Archaeoglobi;Archaeoglobales;Archaeoglobaceae;Archaeoglobus;Archaeoglobus fulgidus
k141_49629	Bacteria;Thermotogota;Thermotogae;Thermotogales;Thermotogaceae;Thermotoga
k141_31184	Bacteria;Chlorobiota;Chlorobiia;Chlorobiales;Chlorobiaceae
k141_34821	Bacteria;Thermodesulfobacteriota;Desulfobulbia;Desulfobulbales;Desulfobulbaceae;Desulfobulbus;Desulfobulbus oralis
k141_45506	Bacteria;Bacteroidota;Bacteroidia;Bacteroidales;Porphyromonadaceae;Porphyromonas;Porphyromonas gingivalis
k141_23086	Bacteria;Pseudomonadota;Gammaproteobacteria;Pseudomonadales;Pseudomonadaceae;Pseudomonas
k141_38534	Bacteria;Pseudomonadota;Gammaproteobacteria;Pseudomonadales;Pseudomonadaceae;Pseudomonas;Pseudomonas marginalis
k141_5387	Bacteria;Chlorobiota;Chlorobiia;Chlorobiales;Chlorobiaceae;Chlorobium;Chlorobium phaeobacteroides
k141_41879	Bacteria;Pseudomonadota;Gammaproteobacteria;Alteromonadales;Shewanellaceae;Shewanella
k141_52566	Bacteria;Pseudomonadota;Gammaproteobacteria;Alteromonadales;Shewanellaceae;Shewanella
k141_31187	Archaea;Methanobacteriota;Halobacteria;Halobacteriales;Halobacteriaceae;Halobacterium
k141_49634	Bacteria;Pseudomonadota;Gammaproteobacteria;Pseudomonadales;Pseudomonadaceae;Pseudomonas
k141_16106	Bacteria;Pseudomonadota;Gammaproteobacteria;Alteromonadales;Shewanellaceae;Shewanella
k141_34827	Bacteria;Pseudomonadota;Gammaproteobacteria;Pseudomonadales;Pseudomonadaceae;Pseudomonas
k141_45513	Bacteria;Campylobacterota;Epsilonproteobacteria;Campylobacterales;Helicobacteraceae;Wolinella;Wolinella succinogenes
k141_5388	Archaea;Methanobacteriota;Methanococci;Methanococcales;Methanococcaceae;Methanococcus;Methanococcus maripaludis
k141_20058	Bacteria;Chlorobiota;Chlorobiia;Chlorobiales;Chlorobiaceae;Chlorobium;Chlorobium phaeobacteroides
k141_23089	
k141_34834	Bacteria;Pseudomonadota;Gammaproteobacteria;Pseudomonadales;Pseudomonadaceae;Pseudomonas
k141_49639	Bacteria;Chlorobiota;Chlorobiia;Chlorobiales;Chlorobiaceae;Chlorobaculum
k141_16115	Bacteria;Pseudomonadota;Gammaproteobacteria;Alteromonadales;Shewanellaceae;Shewanella
k141_34835	Bacteria;Pseudomonadota;Gammaproteobacteria;Pseudomonadales;Pseudomonadaceae;Pseudomonas
k141_45518	Archaea;Thermoproteota;Thermoprotei;Desulfurococcales;Desulfurococcaceae;Ignicoccus;Ignicoccus islandicus
k141_41887	Bacteria;Pseudomonadota;Gammaproteobacteria;Alteromonadales;Shewanellaceae;Shewanella
k141_27389	Bacteria;Planctomycetota;Planctomycetia;Pirellulales;Pirellulaceae;Rhodopirellula;Rhodopirellula baltica
k141_5391	Bacteria;Fusobacteriota;Fusobacteriia;Fusobacteriales;Fusobacteriaceae
k141_34837	Bacteria;Cyanobacteriota;Cyanophyceae;Nostocales;Nostocaceae
k141_56274	Bacteria;Chlorobiota;Chlorobiia;Chlorobiales;Chlorobiaceae;Chlorobaculum;Chlorobaculum tepidum
k141_20065	Bacteria;Cyanobacteriota;Cyanophyceae;Nostocales
k141_31188	
k141_41888	Bacteria;Pseudomonadota;Gammaproteobacteria;Pseudomonadales;Pseudomonadaceae
k141_38555	Bacteria;Pseudomonadota;Gammaproteobacteria;Pseudomonadales;Pseudomonadaceae;Pseudomonas
k141_45520	Bacteria;Planctomycetota;Planctomycetia;Pirellulales;Pirellulaceae;Rhodopirellula;Rhodopirellula baltica
k141_23094	Bacteria;Fusobacteriota;Fusobacteriia;Fusobacteriales;Fusobacteriaceae;Fusobacterium
k141_27392	Bacteria;Pseudomonadota;Gammaproteobacteria;Pseudomonadales;Pseudomonadaceae;Pseudomonas
k141_5394	Bacteria;Pseudomonadota;Gammaproteobacteria;Alteromonadales;Shewanellaceae;Shewanella
k141_34841	Bacteria;Aquificota;Aquificia;Aquificales;Aquificaceae;Hydrogenobaculum;Hydrogenobaculum sp. Y04AAS1
k141_56278	Bacteria;Cyanobacteriota;Cyanophyceae;Nostocales;Nostocaceae
k141_31191	Bacteria;Pseudomonadota;Gammaproteobacteria;Pseudomonadales;Pseudomonadaceae;Pseudomonas
k141_27395	Bacteria;Chlorobiota;Chlorobiia;Chlorobiales;Chlorobiaceae;Chlorobaculum;Chlorobaculum tepidum
k141_9260	
k141_38559	Bacteria;Cyanobacteriota;Cyanophyceae;Nostocales;Nostocaceae
k141_20069	Bacteria;Aquificota;Aquificia;Aquificales;Aquificaceae;Hydrogenobaculum
k141_16118	
k141_27396	Bacteria;Bacteroidota;Bacteroidia;Bacteroidales;Bacteroidaceae;Phocaeicola
k141_34842	Archaea;Methanobacteriota;Methanococci;Methanococcales;Methanococcaceae;Methanococcus;Methanococcus maripaludis
k141_52567	Bacteria;Cyanobacteriota;Cyanophyceae;Nostocales;Nostocaceae
k141_49653	Bacteria;Fusobacteriota;Fusobacteriia;Fusobacteriales;Fusobacteriaceae;Fusobacterium
k141_56281	Bacteria;Pseudomonadota;Gammaproteobacteria;Alteromonadales;Shewanellaceae;Shewanella
k141_45524	
k141_5403	Bacteria;Bacteroidota;Bacteroidia;Bacteroidales;Bacteroidaceae;Phocaeicola;Phocaeicola vulgatus
k141_9264	Bacteria;Pseudomonadota;Gammaproteobacteria;Pseudomonadales;Pseudomonadaceae;Pseudomonas
k141_41902	Bacteria;Planctomycetota;Planctomycetia;Pirellulales;Pirellulaceae;Rhodopirellula;Rhodopirellula baltica
k141_34846	Bacteria;Verrucomicrobiota;Verrucomicrobiia;Verrucomicrobiales;Akkermansiaceae;Akkermansia;Akkermansia muciniphila
k141_49656	
k141_27398	
k141_23095	Bacteria;Planctomycetota;Planctomycetia;Pirellulales;Pirellulaceae;Rhodopirellula;Rhodopirellula baltica
k141_5407	Bacteria;Verrucomicrobiota;Verrucomicrobiia;Verrucomicrobiales;Akkermansiaceae;Akkermansia;Akkermansia muciniphila
k141_49657	Bacteria;Spirochaetota;Spirochaetia;Treponematales;Treponemataceae;Treponema
k141_38565	Bacteria;Thermotogota;Thermotogae;Thermotogales;Thermotogaceae;Thermotoga
k141_41905	Bacteria;Fusobacteriota;Fusobacteriia;Fusobacteriales;Fusobacteriaceae;Fusobacterium
k141_9265	Bacteria;Fusobacteriota;Fusobacteriia;Fusobacteriales;Fusobacteriaceae;Fusobacterium
k141_12680	Archaea;Methanobacteriota;Methanobacteria;Methanobacteriales;Methanothermaceae;Methanothermus;Methanothermus sociabilis
k141_20077	Bacteria;Pseudomonadota;Gammaproteobacteria;Pseudomonadales;Pseudomonadaceae;Pseudomonas
k141_34848	Bacteria;Pseudomonadota;Gammaproteobacteria;Alteromonadales;Shewanellaceae;Shewanella;Shewanella baltica
k141_31211	Bacteria;Pseudomonadota;Gammaproteobacteria;Alteromonadales;Shewanellaceae;Shewanella
k141_38566	Bacteria;Pseudomonadota;Gammaproteobacteria;Pseudomonadales;Pseudomonadaceae;Pseudomonas
k141_45529	Bacteria;Pseudomonadota;Gammaproteobacteria;Pseudomonadales;Pseudomonadaceae;Pseudomonas
k141_16129	Bacteria;Pseudomonadota;Gammaproteobacteria;Alteromonadales;Shewanellaceae;Shewanella
k141_41912	Bacteria;Cyanobacteriota;Cyanophyceae;Nostocales;Nostocaceae
k141_23101	
k141_5413	Bacteria;Chlorobiota;Chlorobiia;Chlorobiales;Chlorobiaceae;Chlorobaculum;Chlorobaculum tepidum
k141_9270	Bacteria;Pseudomonadota;Gammaproteobacteria;Pseudomonadales;Pseudomonadaceae;Pseudomonas
k141_34850	Bacteria;Chlorobiota;Chlorobiia;Chlorobiales;Chlorobiaceae;Chlorobium;Chlorobium phaeobacteroides
k141_41913	Bacteria;Pseudomonadota;Gammaproteobacteria;Pseudomonadales;Pseudomonadaceae;Pseudomonas
k141_2138	Bacteria;Bacteroidota;Bacteroidia;Bacteroidales;Porphyromonadaceae;Porphyromonas;Porphyromonas gingivalis
k141_12682	Bacteria;Verrucomicrobiota;Verrucomicrobiia;Verrucomicrobiales;Akkermansiaceae;Akkermansia
k141_23105	Bacteria;Chlorobiota;Chlorobiia;Chlorobiales;Chlorobiaceae;Chlorobium;Chlorobium phaeobacteroides
k141_31216	Bacteria;Pseudomonadota;Gammaproteobacteria;Alteromonadales;Shewanellaceae;Shewanella
k141_9272	
k141_45536	Bacteria;Chlorobiota;Chlorobiia;Chlorobiales;Chlorobiaceae;Chlorobium;Chlorobium phaeobacteroides
k141_41917	Bacteria
k141_31217	Bacteria;Bacteroidota;Bacteroidia;Bacteroidales;Bacteroidaceae;Phocaeicola
k141_41918	Archaea;Thermoproteota;Thermoprotei;Thermoproteales;Thermoproteaceae;Pyrobaculum;Pyrobaculum calidifontis
k141_23107	Bacteria;Chloroflexota;Chloroflexia;Chloroflexales;Chloroflexaceae;Chloroflexus;Chloroflexus aurantiacus
k141_38574	
k141_20080	Bacteria;Pseudomonadota;Gammaproteobacteria;Alteromonadales;Shewanellaceae;Shewanella
k141_5415	Archaea;Methanobacteriota;Methanococci;Methanococcales;Methanococcaceae;Methanococcus;Methanococcus maripaludis
k141_45538	Bacteria;Pseudomonadota;Gammaproteobacteria;Pseudomonadales;Pseudomonadaceae;Pseudomonas
k141_56305	Bacteria;Chloroflexota;Chloroflexia;Chloroflexales;Chloroflexaceae;Chloroflexus;Chloroflexus aurantiacus
k141_9276	Bacteria;Pseudomonadota;Gammaproteobacteria;Pseudomonadales;Pseudomonadaceae;Pseudomonas
k141_34860	
k141_56308	Archaea;Methanobacteriota;Halobacteria;Halobacteriales;Halobacteriaceae;Halobacterium
k141_16137	Archaea;Methanobacteriota;Halobacteria;Halobacteriales;Halobacteriaceae;Halobacterium
k141_23113	Bacteria;Pseudomonadota;Gammaproteobacteria;Alteromonadales;Shewanellaceae;Shewanella
k141_31226	Bacteria;Pseudomonadota;Gammaproteobacteria;Pseudomonadales;Pseudomonadaceae;Pseudomonas
k141_9281	Bacteria;Pseudomonadota;Gammaproteobacteria;Alteromonadales;Shewanellaceae;Shewanella
k141_38583	
k141_56309	Archaea;Methanobacteriota;Methanococci;Methanococcales;Methanococcaceae;Methanococcus
k141_27401	Bacteria;Planctomycetota;Planctomycetia;Pirellulales;Pirellulaceae;Rhodopirellula;Rhodopirellula baltica
k141_16142	Bacteria;Chlorobiota;Chlorobiia;Chlorobiales;Chlorobiaceae;Chlorobium;Chlorobium phaeobacteroides
k141_2155	Bacteria;Pseudomonadota;Gammaproteobacteria;Pseudomonadales;Pseudomonadaceae;Pseudomonas
k141_38584	Archaea;Thermoproteota;Thermoprotei;Thermoproteales;Thermoproteaceae;Pyrobaculum;Pyrobaculum calidifontis
k141_34861	Bacteria;Chlorobiota;Chlorobiia;Chlorobiales;Chlorobiaceae;Chlorobaculum;Chlorobaculum tepidum
k141_20083	Bacteria;Pseudomonadota;Gammaproteobacteria;Alteromonadales;Shewanellaceae;Shewanella
k141_16144	Bacteria;Chlorobiota;Chlorobiia;Chlorobiales;Chlorobiaceae;Chlorobium;Chlorobium phaeobacteroides
k141_2156	Bacteria;Fusobacteriota;Fusobacteriia;Fusobacteriales;Fusobacteriaceae;Fusobacterium;Fusobacterium nucleatum
k141_34864	Bacteria;Aquificota;Aquificia;Aquificales;Aquificaceae;Hydrogenobaculum
k141_9283	Bacteria;Pseudomonadota;Gammaproteobacteria;Alteromonadales;Shewanellaceae;Shewanella
k141_5430	
k141_41931	Bacteria;Fusobacteriota;Fusobacteriia;Fusobacteriales;Fusobacteriaceae;Fusobacterium
k141_56318	Bacteria;Chlorobiota;Chlorobiia;Chlorobiales;Chlorobiaceae;Chlorobium;Chlorobium phaeobacteroides
k141_45554	Bacteria;Pseudomonadota;Gammaproteobacteria;Pseudomonadales;Pseudomonadaceae;Pseudomonas
k141_52569	Bacteria;Planctomycetota;Planctomycetia;Pirellulales;Pirellulaceae;Rhodopirellula;Rhodopirellula baltica
k141_23120	Bacteria;Pseudomonadota;Gammaproteobacteria;Alteromonadales;Shewanellaceae;Shewanella
k141_31229	Archaea;Methanobacteriota;Methanococci;Methanococcales;Methanococcaceae;Methanococcus;Methanococcus maripaludis
k141_5433	Bacteria;Pseudomonadota;Gammaproteobacteria;Pseudomonadales;Pseudomonadaceae;Pseudomonas
k141_52570	Archaea;Thermoproteota;Thermoprotei;Desulfurococcales;Desulfurococcaceae;Ignicoccus;Ignicoccus hospitalis
k141_34869	Bacteria;Pseudomonadota;Gammaproteobacteria;Alteromonadales;Shewanellaceae;Shewanella
k141_20088	Archaea;Thermoproteota;Thermoprotei;Desulfurococcales;Desulfurococcaceae;Ignicoccus;Ignicoccus hospitalis
k141_31231	Bacteria;Pseudomonadota;Gammaproteobacteria;Pseudomonadales;Pseudomonadaceae;Pseudomonas
k141_2159	Archaea;Methanobacteriota;Methanococci;Methanococcales;Methanococcaceae;Methanococcus;Methanococcus maripaludis
k141_27413	Bacteria;Bacillota
k141_16153	Bacteria;Planctomycetota;Planctomycetia;Pirellulales;Pirellulaceae;Rhodopirellula;Rhodopirellula baltica
k141_23125	Bacteria;Pseudomonadota;Gammaproteobacteria;Pseudomonadales;Pseudomonadaceae;Pseudomonas
k141_5438	Bacteria;Pseudomonadota;Gammaproteobacteria;Alteromonadales;Shewanellaceae;Shewanella
k141_31232	Bacteria;Pseudomonadota;Gammaproteobacteria;Alteromonadales;Shewanellaceae;Shewanella
k141_34873	Archaea;Thermoproteota;Thermoprotei;Desulfurococcales;Desulfurococcaceae;Ignicoccus;Ignicoccus islandicus
k141_2161	Bacteria;Pseudomonadota;Gammaproteobacteria;Pseudomonadales;Pseudomonadaceae;Pseudomonas
k141_9288	Bacteria;Planctomycetota;Planctomycetia;Pirellulales;Pirellulaceae;Rhodopirellula;Rhodopirellula baltica
k141_41942	Bacteria;Pseudomonadota;Betaproteobacteria;Nitrosomonadales;Nitrosomonadaceae;Nitrosomonas
k141_45564	Bacteria;Pseudomonadota
k141_34877	Bacteria;Pseudomonadota;Gammaproteobacteria;Alteromonadales;Shewanellaceae;Shewanella
k141_5442	Bacteria;Pseudomonadota;Gammaproteobacteria;Pseudomonadales;Pseudomonadaceae;Pseudomonas
k141_31237	Archaea;Methanobacteriota;Archaeoglobi;Archaeoglobales;Archaeoglobaceae;Archaeoglobus;Archaeoglobus fulgidus
k141_27416	Archaea;Methanobacteriota;Methanococci;Methanococcales;Methanococcaceae;Methanococcus;Methanococcus maripaludis
k141_41946	Archaea;Thermoproteota;Thermoprotei;Desulfurococcales;Desulfurococcaceae;Ignicoccus;Ignicoccus islandicus
k141_45567	Bacteria;Verrucomicrobiota;Verrucomicrobiia;Verrucomicrobiales;Akkermansiaceae;Akkermansia;Akkermansia muciniphila
k141_34881	Archaea;Methanobacteriota;Methanococci;Methanococcales;Methanococcaceae;Methanococcus;Methanococcus maripaludis
k141_23131	Archaea;Methanobacteriota;Methanococci;Methanococcales;Methanococcaceae;Methanococcus
k141_9300	Bacteria;Pseudomonadota;Gammaproteobacteria;Pseudomonadales;Pseudomonadaceae;Pseudomonas
k141_27420	Bacteria;Pseudomonadota;Gammaproteobacteria;Alteromonadales;Shewanellaceae;Shewanella
k141_12691	Bacteria;Chlorobiota;Chlorobiia;Chlorobiales;Chlorobiaceae;Chlorobium;Chlorobium limicola
k141_20089	Bacteria;Planctomycetota;Planctomycetia;Pirellulales;Pirellulaceae;Rhodopirellula;Rhodopirellula baltica
k141_31250	
k141_27423	Bacteria;Bacteroidota;Bacteroidia;Bacteroidales;Bacteroidaceae
k141_23132	Bacteria;Fusobacteriota;Fusobacteriia;Fusobacteriales;Fusobacteriaceae;Fusobacterium
k141_5446	
k141_9301	Bacteria;Pseudomonadota;Gammaproteobacteria;Alteromonadales;Shewanellaceae;Shewanella
k141_41958	Bacteria;Aquificota;Aquificia;Aquificales;Aquificaceae;Hydrogenobaculum;Hydrogenobaculum sp. Y04AAS1
k141_27427	
k141_52589	Bacteria;Thermotogota;Thermotogae;Thermotogales;Thermotogaceae;Thermotoga
k141_12695	Bacteria;Pseudomonadota;Gammaproteobacteria;Alteromonadales;Shewanellaceae;Shewanella
k141_31261	Bacteria;Chlorobiota;Chlorobiia;Chlorobiales;Chlorobiaceae;Chlorobaculum;Chlorobaculum tepidum
k141_20098	Bacteria;Pseudomonadota;Gammaproteobacteria;Pseudomonadales;Pseudomonadaceae;Pseudomonas
k141_41961	
k141_45579	Bacteria;Bacillota
k141_52595	Bacteria;Pseudomonadota;Gammaproteobacteria;Pseudomonadales;Pseudomonadaceae;Pseudomonas
k141_12706	Bacteria;Campylobacterota;Epsilonproteobacteria;Campylobacterales;Helicobacteraceae;Wolinella;Wolinella succinogenes
k141_16157	
k141_45580	Archaea;Methanobacteriota;Methanococci;Methanococcales;Methanococcaceae;Methanococcus;Methanococcus maripaludis
k141_31262	
k141_23151	Bacteria;Pseudomonadota;Gammaproteobacteria;Pseudomonadales;Pseudomonadaceae;Pseudomonas
k141_45581	Bacteria;Pseudomonadota;Gammaproteobacteria;Alteromonadales;Shewanellaceae;Shewanella
k141_41975	Bacteria;Pseudomonadota;Gammaproteobacteria;Pseudomonadales;Pseudomonadaceae;Pseudomonas
k141_41976	Bacteria;Chloroflexota;Chloroflexia;Chloroflexales;Chloroflexaceae;Chloroflexus;Chloroflexus aurantiacus
k141_5471	Bacteria;Spirochaetota;Spirochaetia;Treponematales;Treponemataceae;Treponema
k141_41977	Bacteria;Bacteroidota;Bacteroidia;Bacteroidales;Porphyromonadaceae;Porphyromonas;Porphyromonas gingivalis
k141_12715	Bacteria;Chlorobiota;Chlorobiia;Chlorobiales;Chlorobiaceae;Chlorobium;Chlorobium phaeobacteroides
k141_31272	Archaea;Thermoproteota;Thermoprotei;Desulfurococcales;Desulfurococcaceae;Ignicoccus;Ignicoccus hospitalis
k141_41978	Bacteria;Pseudomonadota;Gammaproteobacteria;Pseudomonadales;Pseudomonadaceae;Pseudomonas
k141_45587	Bacteria;Pseudomonadota;Gammaproteobacteria;Pseudomonadales;Pseudomonadaceae;Pseudomonas
k141_2173	Bacteria;Chlorobiota;Chlorobiia;Chlorobiales;Chlorobiaceae;Chlorobium;Chlorobium limicola
k141_52602	Bacteria;Bacillota
k141_31274	Bacteria;Planctomycetota;Planctomycetia;Pirellulales;Pirellulaceae;Rhodopirellula;Rhodopirellula baltica
k141_5475	Bacteria;Pseudomonadota;Gammaproteobacteria;Alteromonadales;Shewanellaceae;Shewanella
k141_45588	Bacteria;Cyanobacteriota;Cyanophyceae;Nostocales;Nostocaceae
k141_27429	Bacteria;Planctomycetota;Planctomycetia;Pirellulales;Pirellulaceae;Rhodopirellula;Rhodopirellula baltica
k141_52604	Bacteria;Aquificota;Aquificia;Aquificales;Aquificaceae;Hydrogenobaculum;Hydrogenobaculum sp. Y04AAS1
k141_23165	Archaea;Thermoproteota;Thermoprotei;Desulfurococcales;Desulfurococcaceae;Ignicoccus;Ignicoccus islandicus
k141_27431	Bacteria;Verrucomicrobiota;Verrucomicrobiia;Verrucomicrobiales;Akkermansiaceae;Akkermansia;Akkermansia muciniphila
k141_9303	Bacteria;Thermodesulfobacteriota;Desulfobulbia;Desulfobulbales;Desulfobulbaceae;Desulfobulbus;Desulfobulbus oralis
k141_41988	Bacteria;Bacillota
k141_45594	Bacteria;Pseudomonadota;Gammaproteobacteria;Pseudomonadales;Pseudomonadaceae;Pseudomonas
k141_12729	Archaea;Thermoproteota;Thermoprotei;Thermoproteales;Thermoproteaceae;Pyrobaculum;Pyrobaculum calidifontis
k141_23169	Bacteria;Pseudomonadota;Gammaproteobacteria;Alteromonadales;Shewanellaceae;Shewanella
k141_5484	Archaea;Thermoproteota;Thermoprotei;Desulfurococcales;Desulfurococcaceae;Ignicoccus;Ignicoccus islandicus
k141_45596	Bacteria;Chloroflexota;Chloroflexia;Chloroflexales;Chloroflexaceae;Chloroflexus;Chloroflexus aurantiacus
k141_52607	Bacteria;Pseudomonadota;Gammaproteobacteria;Pseudomonadales;Pseudomonadaceae;Pseudomonas
k141_23170	Bacteria;Pseudomonadota;Gammaproteobacteria;Pseudomonadales;Pseudomonadaceae;Pseudomonas
k141_27436	Bacteria;Planctomycetota;Planctomycetia;Pirellulales;Pirellulaceae;Rhodopirellula;Rhodopirellula baltica
k141_5488	Archaea;Thermoproteota;Thermoprotei;Desulfurococcales;Desulfurococcaceae;Ignicoccus;Ignicoccus islandicus
k141_9313	
k141_31292	Bacteria;Cyanobacteriota;Cyanophyceae;Nostocales;Nostocaceae
k141_38587	Bacteria;Bacteroidota;Bacteroidia;Bacteroidales;Porphyromonadaceae;Porphyromonas;Porphyromonas gingivalis
k141_45597	Bacteria;Pseudomonadota;Gammaproteobacteria;Alteromonadales;Shewanellaceae;Shewanella
k141_9314	Bacteria;Chlorobiota;Chlorobiia;Chlorobiales;Chlorobiaceae;Chlorobaculum
k141_12734	Bacteria;Planctomycetota;Planctomycetia;Pirellulales;Pirellulaceae;Rhodopirellula;Rhodopirellula baltica
k141_27440	Bacteria;Pseudomonadota;Gammaproteobacteria;Pseudomonadales;Pseudomonadaceae;Pseudomonas
k141_5492	Bacteria;Pseudomonadota;Gammaproteobacteria;Pseudomonadales;Pseudomonadaceae;Pseudomonas
k141_52608	Bacteria;Cyanobacteriota;Cyanophyceae;Nostocales;Nostocaceae
k141_31297	Archaea;Thermoproteota;Thermoprotei;Desulfurococcales;Desulfurococcaceae;Ignicoccus;Ignicoccus hospitalis
k141_45600	Bacteria;Cyanobacteriota;Cyanophyceae;Nostocales
k141_38592	Bacteria;Chlorobiota;Chlorobiia;Chlorobiales;Chlorobiaceae;Chlorobaculum;Chlorobaculum tepidum
k141_34883	Archaea;Methanobacteriota;Methanobacteria;Methanobacteriales;Methanothermaceae;Methanothermus;Methanothermus sociabilis
k141_42008	Archaea;Thermoproteota;Thermoprotei;Desulfurococcales;Desulfurococcaceae;Ignicoccus;Ignicoccus islandicus
k141_45601	Archaea;Thermoproteota;Thermoprotei;Desulfurococcales;Desulfurococcaceae;Ignicoccus;Ignicoccus islandicus
k141_38594	Bacteria;Pseudomonadota;Gammaproteobacteria;Pseudomonadales;Pseudomonadaceae;Pseudomonas
k141_12740	Bacteria;Aquificota;Aquificia;Aquificales;Aquificaceae;Hydrogenobaculum;Hydrogenobaculum sp. Y04AAS1
k141_31306	Bacteria;Chloroflexota;Chloroflexia;Chloroflexales;Chloroflexaceae;Chloroflexus;Chloroflexus aurantiacus
k141_38596	Bacteria;Pseudomonadota;Gammaproteobacteria;Pseudomonadales;Pseudomonadaceae;Pseudomonas
k141_45602	Bacteria;Pseudomonadota;Gammaproteobacteria;Pseudomonadales;Pseudomonadaceae;Pseudomonas
k141_9325	Archaea;Methanobacteriota;Methanococci;Methanococcales;Methanococcaceae;Methanococcus;Methanococcus maripaludis
k141_5508	Bacteria;Aquificota;Aquificia;Aquificales;Aquificaceae;Hydrogenobaculum;Hydrogenobaculum sp. Y04AAS1
k141_12743	
k141_27455	
k141_31314	Bacteria;Chlorobiota;Chlorobiia;Chlorobiales;Chlorobiaceae;Chlorobium;Chlorobium phaeobacteroides
k141_23176	Bacteria;Planctomycetota;Planctomycetia;Pirellulales;Pirellulaceae;Rhodopirellula;Rhodopirellula baltica
k141_34897	Bacteria;Pseudomonadota;Gammaproteobacteria;Alteromonadales;Shewanellaceae;Shewanella
k141_5514	Bacteria;Planctomycetota;Planctomycetia;Pirellulales;Pirellulaceae;Rhodopirellula;Rhodopirellula baltica
k141_45609	
k141_42025	Bacteria;Planctomycetota;Planctomycetia;Pirellulales;Pirellulaceae
k141_45613	Bacteria;Chlorobiota;Chlorobiia;Chlorobiales;Chlorobiaceae;Chlorobaculum;Chlorobaculum tepidum
k141_5520	Bacteria;Chlorobiota;Chlorobiia;Chlorobiales;Chlorobiaceae;Chlorobium;Chlorobium phaeobacteroides
k141_34898	Archaea;Thermoproteota;Thermoprotei;Desulfurococcales;Desulfurococcaceae;Ignicoccus;Ignicoccus islandicus
k141_38600	Bacteria;Bacillota
k141_23185	Bacteria;Pseudomonadota;Gammaproteobacteria;Pseudomonadales;Pseudomonadaceae;Pseudomonas
k141_31323	Archaea;Thermoproteota;Thermoprotei;Desulfurococcales;Desulfurococcaceae;Ignicoccus;Ignicoccus hospitalis
k141_42035	Bacteria;Pseudomonadota;Gammaproteobacteria;Pseudomonadales;Pseudomonadaceae;Pseudomonas
k141_49665	Bacteria;Chlorobiota;Chlorobiia;Chlorobiales;Chlorobiaceae;Chlorobium;Chlorobium limicola
k141_45615	Bacteria;Spirochaetota;Spirochaetia;Treponematales;Treponemataceae;Treponema
k141_23186	Bacteria;Verrucomicrobiota;Verrucomicrobiia;Verrucomicrobiales;Akkermansiaceae;Akkermansia;Akkermansia muciniphila
k141_42039	Bacteria
k141_34904	Bacteria;Chlorobiota;Chlorobiia;Chlorobiales;Chlorobiaceae;Chlorobaculum
k141_31325	Bacteria;Chlorobiota;Chlorobiia;Chlorobiales;Chlorobiaceae;Chlorobium;Chlorobium phaeobacteroides
k141_45617	Bacteria;Pseudomonadota;Gammaproteobacteria;Pseudomonadales;Pseudomonadaceae;Pseudomonas
k141_38609	Bacteria;Pseudomonadota;Gammaproteobacteria;Pseudomonadales;Pseudomonadaceae;Pseudomonas
k141_23191	
k141_42042	Bacteria;Pseudomonadota;Gammaproteobacteria;Pseudomonadales;Pseudomonadaceae;Pseudomonas
k141_31329	Bacteria;Pseudomonadota;Gammaproteobacteria;Pseudomonadales;Pseudomonadaceae;Pseudomonas
k141_49668	Bacteria;Aquificota;Aquificia;Aquificales;Aquificaceae;Hydrogenobaculum
k141_45619	Bacteria;Pseudomonadota;Gammaproteobacteria;Alteromonadales;Shewanellaceae;Shewanella
k141_34910	Archaea;Thermoproteota;Thermoprotei;Desulfurococcales;Desulfurococcaceae;Ignicoccus;Ignicoccus islandicus
k141_45620	Bacteria;Planctomycetota;Planctomycetia;Pirellulales;Pirellulaceae;Rhodopirellula;Rhodopirellula baltica
k141_31334	Bacteria;Chlorobiota;Chlorobiia;Chlorobiales;Chlorobiaceae;Chlorobaculum;Chlorobaculum tepidum
k141_38611	Archaea;Thermoproteota;Thermoprotei;Desulfurococcales;Desulfurococcaceae;Ignicoccus;Ignicoccus hospitalis
k141_2175	Bacteria;Chlorobiota;Chlorobiia;Chlorobiales;Chlorobiaceae;Chlorobium;Chlorobium limicola
k141_42045	Archaea;Thermoproteota;Thermoprotei;Desulfurococcales;Desulfurococcaceae;Ignicoccus;Ignicoccus islandicus
k141_5523	Bacteria;Thermodesulfobacteriota;Desulfobulbia;Desulfobulbales;Desulfobulbaceae;Desulfobulbus;Desulfobulbus oralis
k141_49677	Bacteria;Pseudomonadota;Gammaproteobacteria;Alteromonadales;Shewanellaceae;Shewanella
k141_34913	Bacteria;Chlorobiota;Chlorobiia;Chlorobiales;Chlorobiaceae;Chlorobium;Chlorobium phaeobacteroides
k141_20108	Bacteria;Planctomycetota;Planctomycetia;Pirellulales;Pirellulaceae;Rhodopirellula;Rhodopirellula baltica
k141_9335	Bacteria;Pseudomonadota;Gammaproteobacteria;Alteromonadales;Shewanellaceae;Shewanella
k141_5525	Bacteria;Cyanobacteriota;Cyanophyceae;Nostocales
k141_42050	
k141_20110	Bacteria;Pseudomonadota;Gammaproteobacteria;Pseudomonadales;Pseudomonadaceae;Pseudomonas
k141_49684	Bacteria;Aquificota;Aquificia;Aquificales;Aquificaceae;Hydrogenobaculum
k141_9340	Bacteria;Pseudomonadota;Gammaproteobacteria;Pseudomonadales;Pseudomonadaceae;Pseudomonas
k141_27464	
k141_16170	Bacteria;Pseudomonadota;Betaproteobacteria;Nitrosomonadales;Nitrosomonadaceae;Nitrosomonas
k141_42055	Bacteria;Pseudomonadota;Gammaproteobacteria;Pseudomonadales;Pseudomonadaceae
k141_9341	Archaea;Methanobacteriota;Archaeoglobi;Archaeoglobales;Archaeoglobaceae;Archaeoglobus;Archaeoglobus fulgidus
k141_5528	Bacteria;Aquificota;Aquificia;Aquificales;Aquificaceae;Hydrogenobaculum
k141_27465	Bacteria;Pseudomonadota;Gammaproteobacteria;Pseudomonadales;Pseudomonadaceae;Pseudomonas
k141_31341	Bacteria;Planctomycetota;Planctomycetia;Pirellulales;Pirellulaceae;Rhodopirellula;Rhodopirellula baltica
k141_45628	Bacteria;Planctomycetota;Planctomycetia;Pirellulales;Pirellulaceae;Rhodopirellula;Rhodopirellula baltica
k141_34916	Bacteria;Pseudomonadota;Gammaproteobacteria;Alteromonadales;Shewanellaceae;Shewanella;Shewanella baltica
k141_5531	
k141_9344	Bacteria;Spirochaetota;Spirochaetia;Treponematales;Treponemataceae;Treponema
k141_45630	Bacteria;Cyanobacteriota;Cyanophyceae;Nostocales;Nostocaceae
k141_42059	Archaea;Thermoproteota;Thermoprotei;Desulfurococcales;Desulfurococcaceae;Ignicoccus;Ignicoccus islandicus
k141_20114	Archaea;Methanobacteriota;Halobacteria;Halobacteriales;Halobacteriaceae;Halobacterium;Halobacterium salinarum
k141_9345	Bacteria;Verrucomicrobiota;Verrucomicrobiia;Verrucomicrobiales;Akkermansiaceae;Akkermansia;Akkermansia muciniphila
k141_27470	Bacteria;Campylobacterota;Epsilonproteobacteria;Campylobacterales;Helicobacteraceae;Wolinella;Wolinella succinogenes
k141_49696	Archaea;Methanobacteriota;Halobacteria;Halobacteriales;Halobacteriaceae;Halobacterium
k141_34922	Archaea;Thermoproteota;Thermoprotei;Desulfurococcales;Desulfurococcaceae;Ignicoccus;Ignicoccus hospitalis
k141_23194	Bacteria;Chlorobiota;Chlorobiia;Chlorobiales;Chlorobiaceae;Chlorobium;Chlorobium phaeovibrioides
k141_45639	Bacteria;Pseudomonadota;Gammaproteobacteria;Pseudomonadales;Pseudomonadaceae;Pseudomonas;Pseudomonas marginalis
k141_20118	Bacteria;Pseudomonadota;Gammaproteobacteria;Alteromonadales;Shewanellaceae;Shewanella
k141_9350	Archaea;Methanobacteriota;Methanococci;Methanococcales;Methanococcaceae;Methanococcus;Methanococcus maripaludis
k141_27475	Bacteria;Chlorobiota;Chlorobiia;Chlorobiales;Chlorobiaceae;Chlorobaculum
k141_31353	Bacteria;Pseudomonadota;Gammaproteobacteria;Pseudomonadales;Pseudomonadaceae;Pseudomonas
k141_45640	Bacteria;Pseudomonadota;Gammaproteobacteria;Pseudomonadales;Pseudomonadaceae;Pseudomonas
k141_38614	
k141_23196	Bacteria;Pseudomonadota;Gammaproteobacteria;Alteromonadales;Shewanellaceae;Shewanella
k141_5545	Bacteria;Aquificota;Aquificia;Aquificales;Aquificaceae;Hydrogenobaculum
k141_49702	Bacteria;Chlorobiota;Chlorobiia;Chlorobiales;Chlorobiaceae;Chlorobaculum
k141_52613	Bacteria;Fusobacteriota;Fusobacteriia;Fusobacteriales;Fusobacteriaceae;Fusobacterium
k141_9354	Archaea;Methanobacteriota;Halobacteria;Halobacteriales;Halobacteriaceae;Halobacterium
k141_45643	Archaea;Thermoproteota;Thermoprotei;Desulfurococcales;Desulfurococcaceae;Ignicoccus;Ignicoccus hospitalis
k141_38615	Bacteria;Pseudomonadota;Gammaproteobacteria;Pseudomonadales;Pseudomonadaceae;Pseudomonas
k141_34935	
k141_42078	Bacteria;Thermotogota;Thermotogae;Thermotogales;Thermotogaceae;Thermotoga
k141_52616	Bacteria;Pseudomonadota;Gammaproteobacteria;Pseudomonadales;Pseudomonadaceae;Pseudomonas
k141_34937	Bacteria;Pseudomonadota;Gammaproteobacteria;Pseudomonadales;Pseudomonadaceae;Pseudomonas
k141_20130	Bacteria;Pseudomonadota;Gammaproteobacteria;Pseudomonadales;Pseudomonadaceae;Pseudomonas
k141_45647	Bacteria;Chlorobiota;Chlorobiia;Chlorobiales;Chlorobiaceae;Chlorobium;Chlorobium phaeobacteroides
k141_38622	Bacteria;Pseudomonadota;Gammaproteobacteria;Pseudomonadales;Pseudomonadaceae;Pseudomonas
k141_9363	Bacteria;Aquificota;Aquificia;Aquificales;Aquificaceae;Hydrogenobaculum;Hydrogenobaculum sp. Y04AAS1
k141_31359	Bacteria;Fusobacteriota;Fusobacteriia;Fusobacteriales;Fusobacteriaceae;Fusobacterium;Fusobacterium nucleatum
k141_23203	
k141_34940	Archaea;Thermoproteota;Thermoprotei;Desulfurococcales;Desulfurococcaceae;Ignicoccus;Ignicoccus hospitalis
k141_49715	Bacteria;Chloroflexota;Chloroflexia;Chloroflexales;Chloroflexaceae;Chloroflexus;Chloroflexus aurantiacus
k141_45650	Bacteria;Pseudomonadota;Gammaproteobacteria;Alteromonadales;Shewanellaceae;Shewanella
k141_38624	Bacteria;Pseudomonadota;Gammaproteobacteria;Pseudomonadales;Pseudomonadaceae;Pseudomonas
k141_34941	
k141_49716	Bacteria;Pseudomonadota;Gammaproteobacteria;Pseudomonadales;Pseudomonadaceae;Pseudomonas
k141_52626	Bacteria;Pseudomonadota;Gammaproteobacteria;Pseudomonadales;Pseudomonadaceae;Pseudomonas
k141_9368	Bacteria;Chlorobiota;Chlorobiia;Chlorobiales;Chlorobiaceae;Chlorobium;Chlorobium phaeobacteroides
k141_23204	Bacteria;Chlorobiota;Chlorobiia;Chlorobiales;Chlorobiaceae;Chlorobaculum;Chlorobaculum tepidum
k141_5546	Bacteria;Fusobacteriota;Fusobacteriia;Fusobacteriales;Fusobacteriaceae;Fusobacterium
k141_38629	
k141_34945	Bacteria;Pseudomonadota;Gammaproteobacteria;Alteromonadales;Shewanellaceae;Shewanella
k141_5549	Archaea;Methanobacteriota;Methanococci;Methanococcales;Methanococcaceae;Methanococcus;Methanococcus maripaludis
k141_45655	Bacteria;Fusobacteriota;Fusobacteriia;Fusobacteriales;Fusobacteriaceae;Fusobacterium
k141_31363	Bacteria;Fusobacteriota;Fusobacteriia;Fusobacteriales;Fusobacteriaceae;Fusobacterium
k141_9379	Bacteria;Chlorobiota;Chlorobiia;Chlorobiales;Chlorobiaceae;Chlorobium;Chlorobium phaeobacteroides
k141_5550	Bacteria;Pseudomonadota;Gammaproteobacteria;Alteromonadales;Shewanellaceae;Shewanella
k141_49722	Archaea;Thermoproteota;Thermoprotei;Desulfurococcales;Desulfurococcaceae;Ignicoccus;Ignicoccus islandicus
k141_52629	Archaea;Methanobacteriota;Halobacteria;Halobacteriales;Halobacteriaceae;Halobacterium
k141_31365	Bacteria;Pseudomonadota;Gammaproteobacteria;Pseudomonadales;Pseudomonadaceae;Pseudomonas
k141_23214	
k141_12747	Bacteria;Planctomycetota;Planctomycetia;Pirellulales;Pirellulaceae;Rhodopirellula;Rhodopirellula baltica
k141_5556	Bacteria;Pseudomonadota;Gammaproteobacteria;Alteromonadales;Shewanellaceae;Shewanella
k141_45662	Bacteria
k141_38645	
k141_5557	Archaea;Methanobacteriota;Methanococci;Methanococcales;Methanococcaceae;Methanococcus;Methanococcus maripaludis
k141_52636	Archaea;Thermoproteota;Thermoprotei;Desulfurococcales;Desulfurococcaceae;Ignicoccus;Ignicoccus hospitalis
k141_12748	Archaea;Thermoproteota;Thermoprotei;Desulfurococcales;Desulfurococcaceae;Ignicoccus;Ignicoccus islandicus
k141_45664	Bacteria;Chlorobiota;Chlorobiia;Chlorobiales;Chlorobiaceae;Chlorobaculum;Chlorobaculum tepidum
k141_23218	Bacteria;Pseudomonadota;Gammaproteobacteria;Pseudomonadales;Pseudomonadaceae
k141_34969	Archaea;Thermoproteota;Thermoprotei;Desulfurococcales;Desulfurococcaceae;Ignicoccus;Ignicoccus hospitalis
k141_27481	Bacteria;Planctomycetota;Planctomycetia;Pirellulales;Pirellulaceae;Rhodopirellula;Rhodopirellula baltica
k141_42083	Bacteria;Planctomycetota;Planctomycetia;Pirellulales;Pirellulaceae;Rhodopirellula;Rhodopirellula baltica
k141_5561	Bacteria;Pseudomonadota;Gammaproteobacteria;Pseudomonadales;Pseudomonadaceae;Pseudomonas
k141_45667	
k141_52637	Archaea;Methanobacteriota;Halobacteria;Halobacteriales;Halobacteriaceae;Halobacterium
k141_38653	
k141_56331	Bacteria;Bacillota;Clostridia;Thermoanaerobacterales;Thermoanaerobacteraceae;Thermoanaerobacter
k141_31378	Bacteria;Planctomycetota;Planctomycetia;Pirellulales;Pirellulaceae;Rhodopirellula;Rhodopirellula baltica
k141_45669	Bacteria;Pseudomonadota;Gammaproteobacteria;Pseudomonadales;Pseudomonadaceae;Pseudomonas
k141_52639	Bacteria;Pseudomonadota;Gammaproteobacteria;Pseudomonadales;Pseudomonadaceae;Pseudomonas
k141_12749	Bacteria;Bacteroidota;Bacteroidia;Bacteroidales;Porphyromonadaceae;Porphyromonas;Porphyromonas gingivalis
k141_52641	Archaea;Methanobacteriota;Methanopyri;Methanopyrales;Methanopyraceae;Methanopyrus;Methanopyrus kandleri
k141_34982	Archaea;Methanobacteriota;Methanococci;Methanococcales;Methanococcaceae;Methanococcus
k141_23237	Bacteria;Aquificota;Aquificia;Aquificales;Aquificaceae;Hydrogenobaculum;Hydrogenobaculum sp. Y04AAS1
k141_31380	Archaea;Thermoproteota;Thermoprotei;Desulfurococcales;Desulfurococcaceae;Ignicoccus;Ignicoccus hospitalis
k141_38662	Bacteria;Pseudomonadota;Gammaproteobacteria;Pseudomonadales;Pseudomonadaceae;Pseudomonas
k141_52642	Archaea;Thermoproteota;Thermoprotei;Desulfurococcales;Desulfurococcaceae;Ignicoccus;Ignicoccus islandicus
k141_45674	Bacteria;Pseudomonadota;Gammaproteobacteria;Alteromonadales;Shewanellaceae;Shewanella
k141_56338	Bacteria;Pseudomonadota;Gammaproteobacteria;Pseudomonadales;Pseudomonadaceae;Pseudomonas
k141_42086	Bacteria;Planctomycetota;Planctomycetia;Pirellulales;Pirellulaceae;Rhodopirellula
k141_12751	Bacteria;Pseudomonadota;Gammaproteobacteria;Alteromonadales;Shewanellaceae;Shewanella
k141_34988	Bacteria;Pseudomonadota;Gammaproteobacteria;Pseudomonadales;Pseudomonadaceae;Pseudomonas
k141_31381	Bacteria;Planctomycetota;Planctomycetia;Pirellulales;Pirellulaceae;Rhodopirellula;Rhodopirellula baltica
k141_42088	Archaea;Methanobacteriota;Methanococci;Methanococcales;Methanococcaceae;Methanococcus;Methanococcus maripaludis
k141_9380	Bacteria;Chlorobiota;Chlorobiia;Chlorobiales;Chlorobiaceae;Chlorobium;Chlorobium limicola
k141_38672	Archaea;Thermoproteota;Thermoprotei;Desulfurococcales;Desulfurococcaceae;Ignicoccus;Ignicoccus islandicus
k141_5579	Bacteria;Fusobacteriota;Fusobacteriia;Fusobacteriales;Fusobacteriaceae;Fusobacterium
k141_45676	Bacteria;Aquificota;Aquificia;Aquificales;Aquificaceae;Hydrogenobaculum;Hydrogenobaculum sp. Y04AAS1
k141_42089	Bacteria;Pseudomonadota;Gammaproteobacteria;Pseudomonadales;Pseudomonadaceae;Pseudomonas
k141_23241	Bacteria;Planctomycetota;Planctomycetia;Pirellulales;Pirellulaceae;Rhodopirellula;Rhodopirellula baltica
k141_27505	Bacteria;Pseudomonadota;Gammaproteobacteria;Pseudomonadales;Pseudomonadaceae;Pseudomonas
k141_5582	Bacteria;Pseudomonadota;Gammaproteobacteria;Pseudomonadales;Pseudomonadaceae;Pseudomonas
k141_56342	Bacteria;Pseudomonadota;Gammaproteobacteria;Alteromonadales;Shewanellaceae;Shewanella
k141_34993	Bacteria;Aquificota;Aquificia;Aquificales;Aquificaceae;Hydrogenobaculum;Hydrogenobaculum sp. Y04AAS1
k141_45679	Bacteria;Pseudomonadota;Gammaproteobacteria;Pseudomonadales;Pseudomonadaceae;Pseudomonas
k141_38679	Bacteria;Pseudomonadota;Gammaproteobacteria;Alteromonadales;Shewanellaceae;Shewanella
k141_31392	Bacteria;Pseudomonadota;Gammaproteobacteria;Alteromonadales;Shewanellaceae;Shewanella
k141_9391	Bacteria;Chlorobiota;Chlorobiia;Chlorobiales;Chlorobiaceae;Chlorobium;Chlorobium phaeobacteroides
k141_23248	Bacteria;Pseudomonadota;Gammaproteobacteria;Pseudomonadales;Pseudomonadaceae
k141_56346	Bacteria;Pseudomonadota;Gammaproteobacteria;Pseudomonadales;Pseudomonadaceae;Pseudomonas
k141_5588	Bacteria;Chlorobiota;Chlorobiia;Chlorobiales;Chlorobiaceae;Chlorobaculum;Chlorobaculum tepidum
k141_31393	Bacteria;Pseudomonadota;Gammaproteobacteria;Pseudomonadales;Pseudomonadaceae;Pseudomonas
k141_35001	Bacteria;Pseudomonadota;Gammaproteobacteria;Pseudomonadales;Pseudomonadaceae;Pseudomonas
k141_42101	Bacteria;Pseudomonadota;Gammaproteobacteria;Pseudomonadales;Pseudomonadaceae;Pseudomonas
k141_5592	Bacteria;Aquificota;Aquificia;Aquificales;Aquificaceae;Hydrogenobaculum;Hydrogenobaculum sp. Y04AAS1
k141_31396	Bacteria;Pseudomonadota;Gammaproteobacteria;Alteromonadales;Shewanellaceae;Shewanella
k141_45689	Bacteria;Chlorobiota;Chlorobiia;Chlorobiales;Chlorobiaceae;Chlorobaculum;Chlorobaculum tepidum
k141_35005	Archaea;Thermoproteota;Thermoprotei;Desulfurococcales;Desulfurococcaceae;Ignicoccus;Ignicoccus islandicus
k141_9404	Archaea;Methanobacteriota;Halobacteria;Halobacteriales;Halobacteriaceae;Halobacterium
k141_52672	Bacteria;Pseudomonadota;Gammaproteobacteria;Pseudomonadales;Pseudomonadaceae
k141_23260	Bacteria;Pseudomonadota;Gammaproteobacteria;Pseudomonadales;Pseudomonadaceae;Pseudomonas
k141_35006	Bacteria;Pseudomonadota;Gammaproteobacteria;Pseudomonadales;Pseudomonadaceae;Pseudomonas
k141_23261	Bacteria;Pseudomonadota;Gammaproteobacteria;Pseudomonadales;Pseudomonadaceae;Pseudomonas
k141_38683	
k141_52674	Bacteria;Chlorobiota;Chlorobiia;Chlorobiales;Chlorobiaceae;Chlorobaculum
k141_5602	
k141_38684	Bacteria;Pseudomonadota;Gammaproteobacteria;Pseudomonadales;Pseudomonadaceae;Pseudomonas
k141_31402	Archaea;Methanobacteriota;Halobacteria;Halobacteriales
k141_35014	Bacteria;Chlorobiota;Chlorobiia;Chlorobiales;Chlorobiaceae;Chlorobaculum;Chlorobaculum tepidum
k141_23263	Bacteria;Chlorobiota;Chlorobiia;Chlorobiales;Chlorobiaceae;Chlorobaculum
k141_27520	
k141_5608	Bacteria;Verrucomicrobiota;Verrucomicrobiia;Verrucomicrobiales;Akkermansiaceae;Akkermansia;Akkermansia muciniphila
k141_56361	Bacteria;Chlorobiota;Chlorobiia;Chlorobiales;Chlorobiaceae;Chlorobium;Chlorobium phaeobacteroides
k141_35016	Bacteria;Chlorobiota;Chlorobiia;Chlorobiales;Chlorobiaceae;Chlorobaculum
k141_31406	
k141_5609	Bacteria;Pseudomonadota;Gammaproteobacteria;Alteromonadales;Shewanellaceae;Shewanella;Shewanella baltica
k141_38689	Bacteria;Pseudomonadota;Gammaproteobacteria;Alteromonadales;Shewanellaceae;Shewanella
k141_16176	Bacteria;Bacteroidota;Bacteroidia;Bacteroidales;Porphyromonadaceae;Porphyromonas;Porphyromonas gingivalis
k141_23266	Bacteria;Pseudomonadota;Gammaproteobacteria;Pseudomonadales;Pseudomonadaceae;Pseudomonas
k141_9406	Bacteria;Pseudomonadota;Gammaproteobacteria;Alteromonadales;Shewanellaceae;Shewanella
k141_38692	Bacteria;Pseudomonadota;Gammaproteobacteria;Alteromonadales;Shewanellaceae;Shewanella
k141_23268	Bacteria;Cyanobacteriota;Cyanophyceae;Nostocales;Nostocaceae
k141_31412	Bacteria;Campylobacterota;Epsilonproteobacteria;Campylobacterales;Helicobacteraceae;Wolinella;Wolinella succinogenes
k141_16182	
k141_27538	
k141_2179	Bacteria;Thermotogota;Thermotogae;Thermotogales;Thermotogaceae;Thermotoga
k141_9409	Archaea;Methanobacteriota;Methanococci;Methanococcales;Methanococcaceae;Methanococcus;Methanococcus maripaludis
k141_5622	Bacteria;Pseudomonadota;Gammaproteobacteria;Alteromonadales;Shewanellaceae;Shewanella
k141_42102	Bacteria;Pseudomonadota;Betaproteobacteria;Nitrosomonadales;Nitrosomonadaceae;Nitrosomonas
k141_35027	Bacteria;Planctomycetota;Planctomycetia;Pirellulales;Pirellulaceae;Rhodopirellula;Rhodopirellula baltica
k141_35029	Bacteria;Cyanobacteriota;Cyanophyceae;Nostocales;Nostocaceae
k141_31413	Bacteria;Planctomycetota;Planctomycetia;Pirellulales;Pirellulaceae;Rhodopirellula;Rhodopirellula baltica
k141_16191	Bacteria;Campylobacterota;Epsilonproteobacteria;Campylobacterales;Helicobacteraceae;Wolinella;Wolinella succinogenes
k141_23280	Bacteria;Chlorobiota;Chlorobiia;Chlorobiales;Chlorobiaceae;Chlorobaculum;Chlorobaculum tepidum
k141_35031	Bacteria;Pseudomonadota;Gammaproteobacteria;Pseudomonadales;Pseudomonadaceae
k141_9419	Bacteria;Cyanobacteriota;Cyanophyceae;Nostocales;Nostocaceae
k141_42110	Bacteria;Pseudomonadota;Gammaproteobacteria;Pseudomonadales;Pseudomonadaceae;Pseudomonas
k141_35033	Bacteria;Pseudomonadota;Gammaproteobacteria;Alteromonadales;Shewanellaceae;Shewanella
k141_31418	Archaea;Methanobacteriota;Methanococci;Methanococcales;Methanococcaceae;Methanococcus;Methanococcus maripaludis
k141_23282	Bacteria;Verrucomicrobiota;Verrucomicrobiia;Verrucomicrobiales;Akkermansiaceae;Akkermansia;Akkermansia muciniphila
k141_56363	Bacteria;Planctomycetota;Planctomycetia;Pirellulales;Pirellulaceae;Rhodopirellula;Rhodopirellula baltica
k141_2182	Bacteria;Pseudomonadota;Betaproteobacteria;Nitrosomonadales;Nitrosomonadaceae;Nitrosomonas;Nitrosomonas europaea
k141_12756	Archaea;Methanobacteriota;Methanobacteria;Methanobacteriales;Methanothermaceae;Methanothermus;Methanothermus sociabilis
k141_31420	Bacteria;Pseudomonadota;Gammaproteobacteria;Alteromonadales;Shewanellaceae;Shewanella;Shewanella baltica
k141_5637	Bacteria;Pseudomonadota;Gammaproteobacteria;Alteromonadales;Shewanellaceae;Shewanella
k141_56364	
k141_35034	Archaea;Thermoproteota;Thermoprotei;Desulfurococcales;Desulfurococcaceae;Ignicoccus;Ignicoccus hospitalis
k141_9427	
k141_31421	Bacteria;Bacillota
k141_49724	
k141_23288	Bacteria;Pseudomonadota;Gammaproteobacteria;Pseudomonadales;Pseudomonadaceae;Pseudomonas
k141_5640	
k141_27544	
k141_2188	Bacteria;Planctomycetota;Planctomycetia;Pirellulales;Pirellulaceae;Rhodopirellula;Rhodopirellula baltica
k141_45707	
k141_9434	Bacteria;Verrucomicrobiota;Verrucomicrobiia;Verrucomicrobiales;Akkermansiaceae;Akkermansia;Akkermansia muciniphila
k141_42125	Bacteria;Chlorobiota;Chlorobiia;Chlorobiales;Chlorobiaceae;Chlorobium;Chlorobium phaeovibrioides
k141_5643	Bacteria;Chlorobiota;Chlorobiia;Chlorobiales;Chlorobiaceae;Chlorobium;Chlorobium phaeobacteroides
k141_31427	Bacteria;Pseudomonadota;Gammaproteobacteria;Pseudomonadales;Pseudomonadaceae;Pseudomonas
k141_45710	Bacteria;Pseudomonadota;Gammaproteobacteria;Pseudomonadales;Pseudomonadaceae;Pseudomonas
k141_2195	Bacteria;Cyanobacteriota;Cyanophyceae;Nostocales;Nostocaceae
k141_23295	Bacteria;Chloroflexota;Chloroflexia;Chloroflexales;Chloroflexaceae;Chloroflexus;Chloroflexus aurantiacus
k141_49732	Archaea;Thermoproteota;Thermoprotei;Desulfurococcales;Desulfurococcaceae;Ignicoccus;Ignicoccus islandicus
k141_9437	Bacteria;Pseudomonadota;Gammaproteobacteria;Alteromonadales;Shewanellaceae;Shewanella
k141_27551	Bacteria;Chloroflexota;Chloroflexia;Chloroflexales;Chloroflexaceae;Chloroflexus;Chloroflexus aurantiacus
k141_12760	Bacteria;Pseudomonadota;Gammaproteobacteria;Alteromonadales;Shewanellaceae;Shewanella
k141_9439	
k141_42135	Bacteria;Pseudomonadota;Gammaproteobacteria;Pseudomonadales;Pseudomonadaceae;Pseudomonas
k141_23298	Bacteria;Pseudomonadota;Gammaproteobacteria;Pseudomonadales;Pseudomonadaceae;Pseudomonas
k141_45718	Archaea;Thermoproteota;Thermoprotei;Thermoproteales;Thermoproteaceae;Pyrobaculum;Pyrobaculum calidifontis
k141_5651	Bacteria;Planctomycetota;Planctomycetia;Pirellulales;Pirellulaceae;Rhodopirellula;Rhodopirellula baltica
k141_12765	
k141_2207	Bacteria;Chloroflexota;Chloroflexia;Chloroflexales;Chloroflexaceae;Chloroflexus;Chloroflexus aurantiacus
k141_16205	Archaea;Methanobacteriota;Methanococci;Methanococcales;Methanococcaceae;Methanococcus;Methanococcus maripaludis
k141_45719	Bacteria;Pseudomonadota;Gammaproteobacteria;Alteromonadales;Shewanellaceae;Shewanella
k141_49742	Archaea;Thermoproteota;Thermoprotei;Desulfurococcales;Desulfurococcaceae;Ignicoccus;Ignicoccus islandicus
k141_2208	Bacteria;Verrucomicrobiota;Verrucomicrobiia;Verrucomicrobiales;Akkermansiaceae;Akkermansia
k141_12769	Bacteria;Fusobacteriota;Fusobacteriia;Fusobacteriales;Fusobacteriaceae;Fusobacterium
k141_56381	Bacteria;Pseudomonadota;Gammaproteobacteria;Alteromonadales;Shewanellaceae;Shewanella
k141_42138	Bacteria;Pseudomonadota;Gammaproteobacteria;Alteromonadales;Shewanellaceae;Shewanella
k141_5657	Archaea;Thermoproteota;Thermoprotei;Desulfurococcales;Desulfurococcaceae;Ignicoccus;Ignicoccus islandicus
k141_2210	Bacteria;Pseudomonadota;Gammaproteobacteria;Pseudomonadales;Pseudomonadaceae;Pseudomonas
k141_9449	Archaea;Thermoproteota;Thermoprotei;Desulfurococcales;Desulfurococcaceae;Ignicoccus;Ignicoccus hospitalis
k141_35036	Archaea;Methanobacteriota;Halobacteria;Halobacteriales;Halobacteriaceae;Halobacterium
k141_49745	Archaea;Thermoproteota;Thermoprotei;Thermoproteales;Thermoproteaceae;Pyrobaculum;Pyrobaculum calidifontis
k141_23306	Bacteria;Aquificota;Aquificia;Aquificales;Aquificaceae;Hydrogenobaculum;Hydrogenobaculum sp. Y04AAS1
k141_42140	Bacteria;Chlorobiota;Chlorobiia;Chlorobiales;Chlorobiaceae;Chlorobium;Chlorobium phaeobacteroides
k141_5658	Bacteria;Pseudomonadota;Gammaproteobacteria;Pseudomonadales;Pseudomonadaceae;Pseudomonas
k141_45722	
k141_38696	Bacteria;Pseudomonadota;Betaproteobacteria;Nitrosomonadales;Nitrosomonadaceae;Nitrosomonas
k141_35037	Bacteria;Planctomycetota;Planctomycetia;Pirellulales;Pirellulaceae;Rhodopirellula;Rhodopirellula baltica
k141_52675	Bacteria;Pseudomonadota;Betaproteobacteria;Nitrosomonadales;Nitrosomonadaceae;Nitrosomonas
k141_49747	Archaea;Thermoproteota;Thermoprotei;Desulfurococcales;Desulfurococcaceae;Ignicoccus;Ignicoccus islandicus
k141_12774	Archaea;Methanobacteriota;Methanococci;Methanococcales;Methanocaldococcaceae;Methanocaldococcus;Methanocaldococcus jannaschii
k141_42143	Archaea;Methanobacteriota;Halobacteria;Halobacteriales;Halobacteriaceae;Halobacterium
k141_35039	Archaea;Thermoproteota;Thermoprotei;Thermoproteales;Thermoproteaceae;Pyrobaculum;Pyrobaculum calidifontis
k141_45724	Bacteria;Pseudomonadota;Gammaproteobacteria;Alteromonadales;Shewanellaceae;Shewanella
k141_5663	Bacteria;Pseudomonadota;Gammaproteobacteria;Alteromonadales;Shewanellaceae;Shewanella
k141_38698	Bacteria;Pseudomonadota;Gammaproteobacteria;Alteromonadales;Shewanellaceae;Shewanella
k141_49749	Archaea;Methanobacteriota;Methanococci;Methanococcales;Methanococcaceae;Methanococcus;Methanococcus maripaludis
k141_56393	Bacteria;Chloroflexota;Chloroflexia;Chloroflexales;Chloroflexaceae;Chloroflexus;Chloroflexus aurantiacus
k141_5666	Bacteria;Pseudomonadota;Gammaproteobacteria;Alteromonadales;Shewanellaceae;Shewanella
k141_49751	Archaea;Methanobacteriota;Methanococci;Methanococcales;Methanococcaceae;Methanococcus;Methanococcus maripaludis
k141_38700	Archaea;Methanobacteriota;Methanococci;Methanococcales;Methanococcaceae;Methanococcus
k141_9464	Bacteria;Cyanobacteriota;Cyanophyceae;Nostocales
k141_16218	Bacteria;Chlorobiota;Chlorobiia;Chlorobiales;Chlorobiaceae;Chlorobaculum
k141_23308	Bacteria;Planctomycetota;Planctomycetia;Pirellulales;Pirellulaceae;Rhodopirellula;Rhodopirellula baltica
k141_38701	Archaea;Methanobacteriota;Methanopyri;Methanopyrales;Methanopyraceae;Methanopyrus;Methanopyrus kandleri
k141_12778	Bacteria;Pseudomonadota;Gammaproteobacteria;Pseudomonadales;Pseudomonadaceae;Pseudomonas
k141_56395	Bacteria;Cyanobacteriota;Cyanophyceae;Nostocales;Nostocaceae
k141_5671	Bacteria;Chlorobiota;Chlorobiia;Chlorobiales;Chlorobiaceae;Chlorobium;Chlorobium phaeobacteroides
k141_23312	
k141_56398	Bacteria;Pseudomonadota;Gammaproteobacteria;Alteromonadales;Shewanellaceae;Shewanella
k141_38706	Bacteria;Chlorobiota;Chlorobiia;Chlorobiales;Chlorobiaceae;Chlorobium;Chlorobium phaeobacteroides
k141_35041	Bacteria;Pseudomonadota;Gammaproteobacteria;Alteromonadales;Shewanellaceae;Shewanella
k141_56400	Bacteria;Pseudomonadota;Gammaproteobacteria;Alteromonadales;Shewanellaceae;Shewanella
k141_42162	Archaea;Thermoproteota;Thermoprotei;Thermoproteales;Thermoproteaceae;Pyrobaculum;Pyrobaculum calidifontis
k141_38711	Bacteria;Pseudomonadota;Gammaproteobacteria;Pseudomonadales;Pseudomonadaceae;Pseudomonas
k141_12785	Bacteria;Spirochaetota;Spirochaetia;Treponematales;Treponemataceae;Treponema
k141_42163	Bacteria;Chlorobiota;Chlorobiia;Chlorobiales;Chlorobiaceae;Chlorobium;Chlorobium phaeobacteroides
k141_31431	Bacteria;Planctomycetota;Planctomycetia;Pirellulales;Pirellulaceae;Rhodopirellula;Rhodopirellula baltica
k141_5683	Bacteria;Cyanobacteriota;Cyanophyceae;Nostocales;Nostocaceae
k141_38715	Bacteria;Bacteroidota;Bacteroidia;Bacteroidales;Bacteroidaceae;Phocaeicola
k141_12786	Archaea;Methanobacteriota;Halobacteria;Halobacteriales;Halobacteriaceae;Halobacterium
k141_35052	
k141_56406	Archaea;Methanobacteriota;Methanococci;Methanococcales;Methanococcaceae;Methanococcus;Methanococcus maripaludis
k141_5687	Bacteria;Pseudomonadota;Gammaproteobacteria;Pseudomonadales;Pseudomonadaceae;Pseudomonas
k141_52677	Bacteria;Chlorobiota;Chlorobiia;Chlorobiales;Chlorobiaceae;Chlorobium;Chlorobium limicola
k141_38716	Bacteria;Pseudomonadota;Gammaproteobacteria;Pseudomonadales;Pseudomonadaceae;Pseudomonas
k141_23320	Bacteria;Pseudomonadota;Gammaproteobacteria;Alteromonadales;Shewanellaceae;Shewanella;Shewanella baltica
k141_12788	Bacteria;Bacillota
k141_5688	Bacteria;Pseudomonadota;Gammaproteobacteria;Alteromonadales;Shewanellaceae;Shewanella
k141_52678	Bacteria;Bacteroidota;Bacteroidia;Bacteroidales;Bacteroidaceae;Phocaeicola;Phocaeicola vulgatus
k141_16226	Bacteria;Bacillota;Clostridia;Thermoanaerobacterales;Thermoanaerobacteraceae;Thermoanaerobacter
k141_42170	
k141_56407	
k141_9467	Bacteria;Chlorobiota;Chlorobiia;Chlorobiales;Chlorobiaceae;Chlorobium;Chlorobium limicola
k141_12794	Archaea;Methanobacteriota;Methanopyri;Methanopyrales;Methanopyraceae;Methanopyrus;Methanopyrus kandleri
k141_35061	Bacteria;Chlorobiota;Chlorobiia;Chlorobiales;Chlorobiaceae;Chlorobaculum;Chlorobaculum tepidum
k141_16227	Bacteria;Chlorobiota;Chlorobiia;Chlorobiales;Chlorobiaceae;Chlorobium;Chlorobium phaeobacteroides
k141_9468	Bacteria;Pseudomonadota;Gammaproteobacteria;Pseudomonadales;Pseudomonadaceae;Pseudomonas
k141_5689	Bacteria;Chlorobiota;Chlorobiia;Chlorobiales;Chlorobiaceae;Chlorobium;Chlorobium phaeobacteroides
k141_42175	Bacteria;Chloroflexota;Chloroflexia;Chloroflexales;Chloroflexaceae;Chloroflexus;Chloroflexus aurantiacus
k141_52687	
k141_16230	Bacteria;Chloroflexota;Chloroflexia;Chloroflexales;Chloroflexaceae;Chloroflexus;Chloroflexus aurantiacus
k141_23332	
k141_5691	Archaea;Thermoproteota;Thermoprotei;Desulfurococcales;Desulfurococcaceae;Ignicoccus;Ignicoccus hospitalis
k141_56416	Bacteria;Pseudomonadota;Gammaproteobacteria;Alteromonadales;Shewanellaceae;Shewanella
k141_52693	Bacteria;Verrucomicrobiota;Verrucomicrobiia;Verrucomicrobiales;Akkermansiaceae;Akkermansia;Akkermansia muciniphila
k141_9473	Bacteria;Pseudomonadota;Gammaproteobacteria;Alteromonadales;Shewanellaceae;Shewanella
k141_56419	Bacteria;Pseudomonadota;Gammaproteobacteria;Alteromonadales;Shewanellaceae;Shewanella
k141_49752	Bacteria;Planctomycetota;Planctomycetia;Pirellulales;Pirellulaceae;Rhodopirellula;Rhodopirellula baltica
k141_35081	Bacteria;Pseudomonadota;Gammaproteobacteria;Pseudomonadales;Pseudomonadaceae;Pseudomonas
k141_9476	
k141_45746	Bacteria;Planctomycetota;Planctomycetia;Pirellulales;Pirellulaceae;Rhodopirellula;Rhodopirellula baltica
k141_42177	Bacteria;Planctomycetota;Planctomycetia;Pirellulales;Pirellulaceae;Rhodopirellula;Rhodopirellula baltica
k141_56420	Bacteria;Bacteroidota;Bacteroidia;Bacteroidales;Bacteroidaceae
k141_52698	Bacteria;Cyanobacteriota;Cyanophyceae;Nostocales
k141_45747	
k141_42181	Bacteria;Chloroflexota;Chloroflexia;Chloroflexales;Chloroflexaceae;Chloroflexus;Chloroflexus aurantiacus
k141_52699	Bacteria;Thermotogota;Thermotogae;Thermotogales;Thermotogaceae;Thermotoga
k141_49753	Bacteria;Planctomycetota;Planctomycetia;Pirellulales;Pirellulaceae;Rhodopirellula;Rhodopirellula baltica
k141_42183	Archaea;Thermoproteota;Thermoprotei;Desulfurococcales;Desulfurococcaceae;Ignicoccus;Ignicoccus hospitalis
k141_5707	Bacteria;Chlorobiota;Chlorobiia;Chlorobiales;Chlorobiaceae;Chlorobaculum
k141_56423	Bacteria;Planctomycetota;Planctomycetia;Pirellulales;Pirellulaceae;Rhodopirellula;Rhodopirellula baltica
k141_38720	Bacteria;Pseudomonadota;Gammaproteobacteria;Alteromonadales;Shewanellaceae;Shewanella
k141_52703	Bacteria;Pseudomonadota;Gammaproteobacteria;Pseudomonadales;Pseudomonadaceae;Pseudomonas
k141_45750	Bacteria;Pseudomonadota;Gammaproteobacteria;Pseudomonadales;Pseudomonadaceae;Pseudomonas
k141_9485	Bacteria;Pseudomonadota;Gammaproteobacteria;Pseudomonadales;Pseudomonadaceae;Pseudomonas
k141_56424	Bacteria;Chloroflexota;Chloroflexia;Chloroflexales;Chloroflexaceae;Chloroflexus;Chloroflexus aurantiacus
k141_49760	Bacteria;Pseudomonadota;Gammaproteobacteria;Pseudomonadales;Pseudomonadaceae;Pseudomonas
k141_52706	
k141_5710	Bacteria;Planctomycetota;Planctomycetia;Pirellulales;Pirellulaceae;Rhodopirellula;Rhodopirellula baltica
k141_45753	Bacteria;Cyanobacteriota;Cyanophyceae;Nostocales;Nostocaceae
k141_52708	Bacteria;Chloroflexota;Chloroflexia;Chloroflexales;Chloroflexaceae;Chloroflexus;Chloroflexus aurantiacus
k141_38727	Bacteria;Pseudomonadota;Gammaproteobacteria;Pseudomonadales;Pseudomonadaceae;Pseudomonas
k141_49763	Bacteria;Pseudomonadota;Gammaproteobacteria;Alteromonadales;Shewanellaceae;Shewanella
k141_42191	Bacteria;Pseudomonadota;Gammaproteobacteria;Pseudomonadales;Pseudomonadaceae;Pseudomonas
k141_56430	Archaea;Thermoproteota;Thermoprotei;Desulfurococcales;Desulfurococcaceae;Ignicoccus;Ignicoccus islandicus
k141_12816	Bacteria;Fusobacteriota;Fusobacteriia;Fusobacteriales;Fusobacteriaceae;Fusobacterium
k141_56432	Bacteria;Pseudomonadota;Gammaproteobacteria;Pseudomonadales;Pseudomonadaceae;Pseudomonas
k141_12818	
k141_52719	Bacteria;Verrucomicrobiota;Verrucomicrobiia;Verrucomicrobiales;Akkermansiaceae;Akkermansia;Akkermansia muciniphila
k141_49771	Bacteria;Pseudomonadota;Gammaproteobacteria
k141_56437	
k141_16231	
k141_49773	Bacteria;Pseudomonadota;Gammaproteobacteria;Pseudomonadales;Pseudomonadaceae;Pseudomonas
k141_42201	Archaea;Methanobacteriota;Halobacteria;Halobacteriales;Halobacteriaceae;Halobacterium
k141_49774	Bacteria;Pseudomonadota;Gammaproteobacteria;Pseudomonadales;Pseudomonadaceae;Pseudomonas
k141_16232	Bacteria;Pseudomonadota;Gammaproteobacteria;Pseudomonadales;Pseudomonadaceae;Pseudomonas
k141_5726	Bacteria;Pseudomonadota;Gammaproteobacteria;Pseudomonadales;Pseudomonadaceae;Pseudomonas
k141_45756	Bacteria;Planctomycetota;Planctomycetia;Pirellulales;Pirellulaceae;Rhodopirellula;Rhodopirellula baltica
k141_56442	Bacteria;Pseudomonadota;Gammaproteobacteria;Alteromonadales;Shewanellaceae;Shewanella;Shewanella baltica
k141_12829	Bacteria;Pseudomonadota;Gammaproteobacteria;Alteromonadales;Shewanellaceae;Shewanella;Shewanella baltica
k141_5727	Bacteria;Pseudomonadota;Gammaproteobacteria;Alteromonadales;Shewanellaceae;Shewanella
k141_42204	Bacteria;Bacillota
k141_16241	Bacteria;Pseudomonadota;Gammaproteobacteria;Alteromonadales;Shewanellaceae;Shewanella
k141_56445	Archaea;Thermoproteota;Thermoprotei;Desulfurococcales;Desulfurococcaceae;Ignicoccus;Ignicoccus islandicus
k141_27558	
k141_12830	Bacteria;Chlorobiota;Chlorobiia;Chlorobiales;Chlorobiaceae;Chlorobium;Chlorobium limicola
k141_56447	Bacteria;Aquificota;Aquificia;Aquificales;Aquificaceae;Hydrogenobaculum
k141_16242	Bacteria;Planctomycetota;Planctomycetia;Pirellulales;Pirellulaceae;Rhodopirellula
k141_5740	Archaea;Thermoproteota;Thermoprotei;Desulfurococcales;Desulfurococcaceae;Ignicoccus;Ignicoccus islandicus
k141_42210	Bacteria;Pseudomonadota;Gammaproteobacteria;Alteromonadales;Shewanellaceae;Shewanella
k141_12833	
k141_12836	Bacteria;Bacteroidota;Bacteroidia;Bacteroidales;Bacteroidaceae;Phocaeicola
k141_42217	Archaea;Thermoproteota;Thermoprotei;Thermoproteales;Thermoproteaceae;Pyrobaculum;Pyrobaculum calidifontis
k141_27570	Bacteria;Bacillota;Clostridia;Thermoanaerobacterales;Thermoanaerobacteraceae;Thermoanaerobacter
k141_45776	Bacteria;Pseudomonadota;Gammaproteobacteria;Pseudomonadales;Pseudomonadaceae;Pseudomonas
k141_35097	
k141_5742	Bacteria;Chlorobiota;Chlorobiia;Chlorobiales;Chlorobiaceae;Chlorobaculum;Chlorobaculum tepidum
k141_27571	Archaea;Methanobacteriota;Halobacteria;Halobacteriales;Halobacteriaceae;Halobacterium
k141_35098	Bacteria;Thermodesulfobacteriota;Desulfuromonadia;Geobacterales;Geobacteraceae;Geobacter
k141_16260	Bacteria;Cyanobacteriota;Cyanophyceae;Nostocales;Nostocaceae
k141_42220	Bacteria;Pseudomonadota;Gammaproteobacteria;Alteromonadales;Shewanellaceae;Shewanella;Shewanella baltica
k141_42221	Bacteria;Planctomycetota;Planctomycetia;Pirellulales;Pirellulaceae;Rhodopirellula;Rhodopirellula baltica
k141_5749	Bacteria;Chlorobiota;Chlorobiia;Chlorobiales;Chlorobiaceae;Chlorobium;Chlorobium phaeobacteroides
k141_56449	Bacteria;Chlorobiota;Chlorobiia;Chlorobiales;Chlorobiaceae;Chlorobium;Chlorobium limicola
k141_16267	Bacteria;Pseudomonadota;Gammaproteobacteria;Pseudomonadales;Pseudomonadaceae;Pseudomonas
k141_42225	Bacteria;Chlorobiota;Chlorobiia;Chlorobiales;Chlorobiaceae;Chlorobium;Chlorobium phaeobacteroides
k141_35109	Bacteria;Campylobacterota;Epsilonproteobacteria;Campylobacterales;Helicobacteraceae;Wolinella;Wolinella succinogenes
k141_5754	Bacteria;Pseudomonadota;Betaproteobacteria;Burkholderiales;Burkholderiaceae;Paraburkholderia
k141_42227	Bacteria;Chloroflexota;Chloroflexia;Chloroflexales;Chloroflexaceae;Chloroflexus;Chloroflexus aurantiacus
k141_27584	Bacteria;Pseudomonadota;Gammaproteobacteria;Alteromonadales;Shewanellaceae;Shewanella;Shewanella baltica
k141_56451	Bacteria;Pseudomonadota;Gammaproteobacteria;Pseudomonadales;Pseudomonadaceae;Pseudomonas
k141_5755	
k141_27586	
k141_42233	Archaea;Thermoproteota;Thermoprotei;Desulfurococcales;Desulfurococcaceae;Ignicoccus;Ignicoccus islandicus
k141_56455	Bacteria;Bacillota
k141_42234	Bacteria;Pseudomonadota;Gammaproteobacteria
k141_27590	Bacteria;Pseudomonadota;Gammaproteobacteria;Pseudomonadales;Pseudomonadaceae;Pseudomonas
k141_35110	Bacteria;Pseudomonadota;Gammaproteobacteria;Alteromonadales;Shewanellaceae;Shewanella
k141_56458	Bacteria;Spirochaetota;Spirochaetia;Treponematales;Treponemataceae;Treponema
k141_45777	Bacteria;Thermotogota;Thermotogae;Thermotogales;Thermotogaceae;Thermotoga
k141_42235	Bacteria;Pseudomonadota;Gammaproteobacteria;Pseudomonadales;Pseudomonadaceae;Pseudomonas
k141_35115	Archaea;Methanobacteriota;Methanopyri;Methanopyrales;Methanopyraceae;Methanopyrus;Methanopyrus kandleri
k141_16279	Bacteria;Pseudomonadota;Gammaproteobacteria;Alteromonadales;Shewanellaceae;Shewanella
k141_5764	Bacteria;Pseudomonadota;Gammaproteobacteria;Alteromonadales;Shewanellaceae;Shewanella
k141_52724	Archaea;Methanobacteriota;Methanococci;Methanococcales;Methanocaldococcaceae;Methanocaldococcus;Methanocaldococcus jannaschii
k141_35116	Bacteria;Chlorobiota;Chlorobiia;Chlorobiales;Chlorobiaceae;Chlorobium;Chlorobium phaeobacteroides
k141_23333	Bacteria;Bacillota
k141_42239	Bacteria;Pseudomonadota;Gammaproteobacteria;Pseudomonadales;Pseudomonadaceae;Pseudomonas
k141_35117	Bacteria;Fusobacteriota;Fusobacteriia;Fusobacteriales;Fusobacteriaceae;Fusobacterium
k141_5765	Archaea;Methanobacteriota;Methanococci;Methanococcales;Methanococcaceae;Methanococcus;Methanococcus maripaludis
k141_23336	Bacteria;Pseudomonadota;Gammaproteobacteria;Pseudomonadales;Pseudomonadaceae;Pseudomonas
k141_56468	Bacteria;Thermodesulfobacteriota;Desulfobulbia;Desulfobulbales;Desulfobulbaceae;Desulfobulbus;Desulfobulbus oralis
k141_27591	
k141_52729	Bacteria;Pseudomonadota;Gammaproteobacteria;Pseudomonadales;Pseudomonadaceae;Pseudomonas
k141_45789	Bacteria;Pseudomonadota;Gammaproteobacteria;Pseudomonadales;Pseudomonadaceae;Pseudomonas
k141_9490	
k141_27592	Bacteria;Pseudomonadota;Gammaproteobacteria;Alteromonadales;Shewanellaceae;Shewanella
k141_45791	
k141_56474	Bacteria;Bacteroidota;Bacteroidia;Bacteroidales;Porphyromonadaceae;Porphyromonas;Porphyromonas gingivalis
k141_5775	Bacteria;Cyanobacteriota;Cyanophyceae;Nostocales;Nostocaceae
k141_45792	
k141_45793	Bacteria;Pseudomonadota;Gammaproteobacteria;Pseudomonadales;Pseudomonadaceae;Pseudomonas
k141_9491	Archaea;Methanobacteriota;Methanococci;Methanococcales;Methanococcaceae;Methanococcus;Methanococcus maripaludis
k141_56481	Bacteria;Pseudomonadota;Gammaproteobacteria;Pseudomonadales;Pseudomonadaceae
k141_9494	Bacteria;Planctomycetota;Planctomycetia;Pirellulales;Pirellulaceae;Rhodopirellula;Rhodopirellula baltica
k141_9495	Bacteria;Verrucomicrobiota;Verrucomicrobiia;Verrucomicrobiales;Akkermansiaceae;Akkermansia
k141_12839	Bacteria;Bacillota;Clostridia;Thermoanaerobacterales;Thermoanaerobacteraceae;Thermoanaerobacter
k141_52732	Bacteria;Pseudomonadota;Betaproteobacteria;Nitrosomonadales;Nitrosomonadaceae;Nitrosomonas
k141_9496	
k141_45794	Bacteria;Pseudomonadota;Gammaproteobacteria;Alteromonadales;Shewanellaceae;Shewanella
k141_12843	Bacteria;Pseudomonadota;Gammaproteobacteria;Pseudomonadales;Pseudomonadaceae;Pseudomonas
k141_52734	Bacteria;Planctomycetota;Planctomycetia;Pirellulales;Pirellulaceae;Rhodopirellula;Rhodopirellula baltica
k141_45795	Archaea;Methanobacteriota;Methanopyri;Methanopyrales;Methanopyraceae;Methanopyrus;Methanopyrus kandleri
k141_5800	Bacteria;Pseudomonadota;Gammaproteobacteria;Alteromonadales;Shewanellaceae;Shewanella;Shewanella baltica
k141_16288	
k141_27611	Bacteria;Pseudomonadota;Gammaproteobacteria;Alteromonadales;Shewanellaceae;Shewanella
k141_9509	
k141_45799	Bacteria;Chlorobiota;Chlorobiia;Chlorobiales;Chlorobiaceae;Chlorobium;Chlorobium phaeobacteroides
k141_52737	Bacteria;Pseudomonadota;Gammaproteobacteria;Alteromonadales;Shewanellaceae;Shewanella
k141_12847	Bacteria;Verrucomicrobiota;Verrucomicrobiia;Verrucomicrobiales;Akkermansiaceae;Akkermansia;Akkermansia muciniphila
k141_52739	Bacteria;Chlorobiota;Chlorobiia;Chlorobiales;Chlorobiaceae;Chlorobium;Chlorobium phaeobacteroides
k141_56494	Bacteria;Aquificota;Aquificia;Aquificales;Aquificaceae;Hydrogenobaculum
k141_45802	Archaea;Thermoproteota;Thermoprotei;Desulfurococcales;Desulfurococcaceae;Ignicoccus;Ignicoccus islandicus
k141_12851	Bacteria;Pseudomonadota;Gammaproteobacteria;Alteromonadales;Shewanellaceae;Shewanella
k141_52740	Bacteria;Chlorobiota;Chlorobiia;Chlorobiales;Chlorobiaceae;Chlorobaculum
k141_5812	Bacteria;Chlorobiota;Chlorobiia;Chlorobiales;Chlorobiaceae;Chlorobium;Chlorobium phaeobacteroides
k141_16297	Archaea;Thermoproteota;Thermoprotei;Desulfurococcales;Desulfurococcaceae;Ignicoccus;Ignicoccus islandicus
k141_27623	Bacteria;Chlorobiota;Chlorobiia;Chlorobiales;Chlorobiaceae;Chlorobaculum;Chlorobaculum tepidum
k141_56495	Bacteria;Fusobacteriota;Fusobacteriia;Fusobacteriales;Fusobacteriaceae;Fusobacterium
k141_16298	Bacteria;Chlorobiota;Chlorobiia;Chlorobiales;Chlorobiaceae;Chlorobium;Chlorobium phaeobacteroides
k141_5815	Bacteria;Planctomycetota;Planctomycetia;Pirellulales;Pirellulaceae;Rhodopirellula;Rhodopirellula baltica
k141_52747	Bacteria;Pseudomonadota;Gammaproteobacteria;Pseudomonadales;Pseudomonadaceae
k141_9513	
k141_12857	Bacteria;Cyanobacteriota;Cyanophyceae;Nostocales;Nostocaceae
k141_16302	Bacteria;Pseudomonadota;Gammaproteobacteria;Pseudomonadales;Pseudomonadaceae;Pseudomonas
k141_9516	Bacteria;Chlorobiota;Chlorobiia;Chlorobiales;Chlorobiaceae;Chlorobium;Chlorobium phaeobacteroides
k141_45812	Archaea;Thermoproteota;Thermoprotei;Desulfurococcales;Desulfurococcaceae;Ignicoccus;Ignicoccus islandicus
k141_5819	
k141_56506	Bacteria;Pseudomonadota;Gammaproteobacteria;Pseudomonadales;Pseudomonadaceae;Pseudomonas
k141_27639	Bacteria;Pseudomonadota
k141_9520	Bacteria;Verrucomicrobiota;Verrucomicrobiia;Verrucomicrobiales;Akkermansiaceae;Akkermansia;Akkermansia muciniphila
k141_23338	Bacteria;Pseudomonadota;Betaproteobacteria;Nitrosomonadales;Nitrosomonadaceae;Nitrosomonas
k141_16308	Bacteria;Bacteroidota;Bacteroidia;Bacteroidales;Bacteroidaceae;Phocaeicola
k141_45819	Archaea;Thermoproteota;Thermoprotei;Desulfurococcales;Desulfurococcaceae;Ignicoccus;Ignicoccus islandicus
k141_52757	Bacteria;Cyanobacteriota;Cyanophyceae;Nostocales;Nostocaceae
k141_27642	Bacteria;Pseudomonadota;Gammaproteobacteria;Pseudomonadales;Pseudomonadaceae;Pseudomonas
k141_16312	Bacteria;Chloroflexota;Chloroflexia;Chloroflexales;Chloroflexaceae;Chloroflexus;Chloroflexus aurantiacus
k141_23341	Bacteria;Cyanobacteriota;Cyanophyceae;Nostocales;Nostocaceae
k141_49775	
k141_45821	Archaea;Methanobacteriota;Methanopyri;Methanopyrales;Methanopyraceae;Methanopyrus;Methanopyrus kandleri
k141_5827	Bacteria;Aquificota;Aquificia;Aquificales;Aquificaceae;Hydrogenobaculum
k141_27646	Bacteria;Chlorobiota;Chlorobiia;Chlorobiales;Chlorobiaceae;Chlorobaculum;Chlorobaculum tepidum
k141_56518	Bacteria;Pseudomonadota;Gammaproteobacteria;Pseudomonadales;Pseudomonadaceae
k141_42241	Bacteria;Bacillota
k141_49778	Bacteria;Chlorobiota;Chlorobiia;Chlorobiales;Chlorobiaceae;Chlorobium;Chlorobium phaeobacteroides
k141_52762	Bacteria;Thermodesulfobacteriota;Desulfovibrionia;Desulfovibrionales;Desulfovibrionaceae;Desulfovibrio;Desulfovibrio piger
k141_16319	Archaea;Thermoproteota;Thermoprotei;Desulfurococcales;Desulfurococcaceae;Ignicoccus;Ignicoccus hospitalis
k141_56521	Archaea;Methanobacteriota;Methanococci;Methanococcales;Methanococcaceae;Methanococcus
k141_45829	Bacteria;Chlorobiota;Chlorobiia;Chlorobiales;Chlorobiaceae;Chlorobaculum;Chlorobaculum tepidum
k141_9530	Bacteria;Chlorobiota;Chlorobiia;Chlorobiales;Chlorobiaceae;Chlorobaculum;Chlorobaculum tepidum
k141_49781	Bacteria;Chlorobiota;Chlorobiia;Chlorobiales;Chlorobiaceae;Chlorobium;Chlorobium phaeobacteroides
k141_56522	
k141_35122	
k141_45830	Bacteria;Pseudomonadota;Gammaproteobacteria;Pseudomonadales;Pseudomonadaceae;Pseudomonas
k141_5839	Bacteria;Cyanobacteriota;Cyanophyceae;Nostocales;Nostocaceae
k141_45832	Bacteria;Chlorobiota;Chlorobiia;Chlorobiales;Chlorobiaceae;Chlorobaculum;Chlorobaculum tepidum
k141_42251	Bacteria;Bacteroidota;Bacteroidia;Bacteroidales;Porphyromonadaceae;Porphyromonas;Porphyromonas gingivalis
k141_16332	Bacteria;Pseudomonadota;Gammaproteobacteria;Pseudomonadales;Pseudomonadaceae;Pseudomonas
k141_49786	Archaea;Thermoproteota;Thermoprotei;Desulfurococcales;Desulfurococcaceae;Ignicoccus;Ignicoccus islandicus
k141_52763	Bacteria;Pseudomonadota;Gammaproteobacteria;Alteromonadales;Shewanellaceae;Shewanella
k141_16334	Bacteria;Verrucomicrobiota;Verrucomicrobiia;Verrucomicrobiales;Akkermansiaceae;Akkermansia;Akkermansia muciniphila
k141_2230	Bacteria;Chlorobiota;Chlorobiia;Chlorobiales;Chlorobiaceae;Chlorobium;Chlorobium limicola
k141_45837	Bacteria;Cyanobacteriota;Cyanophyceae
k141_56535	Bacteria;Bacteroidota;Bacteroidia;Bacteroidales;Bacteroidaceae;Phocaeicola
k141_52764	Bacteria;Campylobacterota;Epsilonproteobacteria;Campylobacterales;Helicobacteraceae;Wolinella;Wolinella succinogenes
k141_9541	Bacteria;Pseudomonadota;Gammaproteobacteria;Pseudomonadales;Pseudomonadaceae;Pseudomonas
k141_12863	Bacteria;Chlorobiota;Chlorobiia;Chlorobiales;Chlorobiaceae;Chlorobium;Chlorobium phaeovibrioides
k141_23348	Bacteria;Planctomycetota;Planctomycetia;Pirellulales;Pirellulaceae;Rhodopirellula;Rhodopirellula baltica
k141_49787	Bacteria;Pseudomonadota;Gammaproteobacteria;Alteromonadales;Shewanellaceae;Shewanella;Shewanella baltica
k141_5848	Bacteria;Aquificota;Aquificia;Aquificales;Aquificaceae;Hydrogenobaculum;Hydrogenobaculum sp. Y04AAS1
k141_23349	Bacteria;Pseudomonadota;Gammaproteobacteria;Pseudomonadales;Pseudomonadaceae;Pseudomonas
k141_12865	Archaea;Methanobacteriota;Methanococci;Methanococcales;Methanococcaceae;Methanococcus;Methanococcus maripaludis
k141_2235	Bacteria;Pseudomonadota;Gammaproteobacteria
k141_38729	Archaea;Methanobacteriota;Methanobacteria;Methanobacteriales;Methanothermaceae;Methanothermus;Methanothermus sociabilis
k141_49792	Bacteria;Pseudomonadota
k141_12867	Bacteria;Pseudomonadota;Gammaproteobacteria;Pseudomonadales;Pseudomonadaceae;Pseudomonas
k141_5850	Bacteria;Chlorobiota;Chlorobiia;Chlorobiales;Chlorobiaceae;Chlorobaculum
k141_49795	Bacteria;Cyanobacteriota;Cyanophyceae
k141_38732	Bacteria;Pseudomonadota;Gammaproteobacteria;Pseudomonadales;Pseudomonadaceae;Pseudomonas
k141_2243	Bacteria;Cyanobacteriota;Cyanophyceae;Nostocales
k141_35124	
k141_23352	Bacteria;Pseudomonadota;Gammaproteobacteria;Alteromonadales;Shewanellaceae;Shewanella
k141_56549	
k141_52779	Archaea;Thermoproteota;Thermoprotei;Thermoproteales;Thermoproteaceae;Pyrobaculum;Pyrobaculum calidifontis
k141_49800	Archaea;Thermoproteota;Thermoprotei;Desulfurococcales;Desulfurococcaceae;Ignicoccus;Ignicoccus hospitalis
k141_5858	Bacteria;Aquificota;Aquificia;Aquificales;Hydrogenothermaceae;Sulfurihydrogenibium;Sulfurihydrogenibium sp. YO3AOP1
k141_12868	Bacteria;Bacillota;Clostridia;Thermoanaerobacterales;Thermoanaerobacteraceae;Thermoanaerobacter
k141_9549	
k141_12869	Bacteria;Pseudomonadota;Gammaproteobacteria;Pseudomonadales;Pseudomonadaceae;Pseudomonas
k141_35130	
k141_23359	Archaea;Methanobacteriota;Methanococci;Methanococcales;Methanococcaceae;Methanococcus
k141_52781	Archaea;Thermoproteota;Thermoprotei;Desulfurococcales;Desulfurococcaceae;Ignicoccus;Ignicoccus hospitalis
k141_35136	
k141_56557	Bacteria;Planctomycetota;Planctomycetia;Pirellulales;Pirellulaceae;Rhodopirellula;Rhodopirellula baltica
k141_52782	Bacteria;Pseudomonadota;Gammaproteobacteria;Alteromonadales;Shewanellaceae;Shewanella
k141_49807	Archaea;Thermoproteota;Thermoprotei;Desulfurococcales;Desulfurococcaceae;Ignicoccus;Ignicoccus islandicus
k141_9559	
k141_56560	Bacteria;Spirochaetota;Spirochaetia;Treponematales;Treponemataceae;Treponema
k141_16343	Bacteria;Planctomycetota;Planctomycetia;Pirellulales;Pirellulaceae;Rhodopirellula;Rhodopirellula baltica
k141_52786	Bacteria;Pseudomonadota;Gammaproteobacteria;Pseudomonadales;Pseudomonadaceae;Pseudomonas
k141_35143	Bacteria;Chloroflexota;Chloroflexia;Chloroflexales;Chloroflexaceae;Chloroflexus;Chloroflexus aurantiacus
k141_49810	Bacteria;Pseudomonadota;Gammaproteobacteria;Pseudomonadales;Pseudomonadaceae;Pseudomonas
k141_2255	
k141_12878	Bacteria;Bacillota
k141_23370	Bacteria;Pseudomonadota;Gammaproteobacteria;Pseudomonadales;Pseudomonadaceae;Pseudomonas
k141_56561	Bacteria;Pseudomonadota;Gammaproteobacteria;Alteromonadales;Shewanellaceae;Shewanella
k141_23371	
k141_16348	Bacteria;Pseudomonadota;Gammaproteobacteria;Pseudomonadales;Pseudomonadaceae;Pseudomonas
k141_52795	
k141_16350	Archaea;Thermoproteota;Thermoprotei;Thermoproteales;Thermoproteaceae;Pyrobaculum;Pyrobaculum calidifontis
k141_23372	Bacteria;Pseudomonadota;Gammaproteobacteria;Alteromonadales
k141_12888	Bacteria;Pseudomonadota;Gammaproteobacteria;Pseudomonadales;Pseudomonadaceae;Pseudomonas
k141_49815	Bacteria;Pseudomonadota;Gammaproteobacteria;Alteromonadales;Shewanellaceae;Shewanella
k141_23373	Bacteria;Pseudomonadota;Gammaproteobacteria;Pseudomonadales;Pseudomonadaceae;Pseudomonas
k141_2267	Bacteria;Pseudomonadota;Gammaproteobacteria;Pseudomonadales;Pseudomonadaceae;Pseudomonas
k141_49816	
k141_9576	Bacteria;Chlorobiota;Chlorobiia;Chlorobiales;Chlorobiaceae;Chlorobaculum;Chlorobaculum tepidum
k141_49817	Bacteria;Chlorobiota;Chlorobiia;Chlorobiales;Chlorobiaceae;Chlorobium;Chlorobium phaeobacteroides
k141_52802	Archaea;Methanobacteriota;Methanococci;Methanococcales;Methanococcaceae;Methanococcus;Methanococcus maripaludis
k141_23379	
k141_23382	Bacteria;Chloroflexota;Chloroflexia;Chloroflexales;Chloroflexaceae;Chloroflexus;Chloroflexus aurantiacus
k141_16351	Archaea;Thermoproteota;Thermoprotei;Desulfurococcales;Desulfurococcaceae;Ignicoccus;Ignicoccus hospitalis
k141_45838	
k141_12898	
k141_45839	Bacteria;Spirochaetota;Spirochaetia;Treponematales;Treponemataceae;Treponema
k141_9588	Bacteria;Planctomycetota;Planctomycetia;Pirellulales;Pirellulaceae;Rhodopirellula;Rhodopirellula baltica
k141_42258	
k141_16355	Bacteria;Pseudomonadota;Gammaproteobacteria;Alteromonadales;Shewanellaceae;Shewanella
k141_49824	Bacteria;Planctomycetota;Planctomycetia;Pirellulales;Pirellulaceae;Rhodopirellula;Rhodopirellula baltica
k141_9589	Bacteria;Pseudomonadota;Gammaproteobacteria;Pseudomonadales;Pseudomonadaceae;Pseudomonas
k141_52815	Bacteria;Chlorobiota;Chlorobiia;Chlorobiales;Chlorobiaceae;Chlorobaculum
k141_45841	
k141_9591	Bacteria;Chlorobiota;Chlorobiia;Chlorobiales;Chlorobiaceae;Chlorobium;Chlorobium phaeobacteroides
k141_42261	Bacteria;Bacillota
k141_9592	Bacteria;Pseudomonadota;Gammaproteobacteria;Alteromonadales;Shewanellaceae;Shewanella;Shewanella baltica
k141_16356	Bacteria;Pseudomonadota;Gammaproteobacteria;Alteromonadales;Shewanellaceae;Shewanella;Shewanella baltica
k141_49829	Bacteria;Pseudomonadota;Gammaproteobacteria;Alteromonadales;Shewanellaceae;Shewanella
k141_45848	Bacteria;Bacillota
k141_23395	Bacteria;Pseudomonadota;Gammaproteobacteria;Alteromonadales;Shewanellaceae;Shewanella;Shewanella baltica
k141_16359	Archaea;Methanobacteriota;Methanococci;Methanococcales;Methanococcaceae;Methanococcus;Methanococcus maripaludis
k141_9599	Archaea;Thermoproteota;Thermoprotei;Thermoproteales;Thermoproteaceae;Pyrobaculum;Pyrobaculum calidifontis
k141_35146	Bacteria;Thermotogota;Thermotogae;Thermotogales;Thermotogaceae;Thermotoga
k141_45851	Bacteria;Pseudomonadota;Gammaproteobacteria;Pseudomonadales;Pseudomonadaceae;Pseudomonas
k141_23397	Bacteria;Pseudomonadota;Gammaproteobacteria;Pseudomonadales;Pseudomonadaceae;Pseudomonas
k141_56583	Bacteria;Bacteroidota;Bacteroidia;Bacteroidales;Porphyromonadaceae;Porphyromonas;Porphyromonas gingivalis
k141_49836	Bacteria;Pseudomonadota;Gammaproteobacteria;Alteromonadales;Shewanellaceae;Shewanella
k141_52822	Bacteria;Bacteroidota;Bacteroidia;Bacteroidales;Porphyromonadaceae;Porphyromonas;Porphyromonas gingivalis
k141_45853	Bacteria;Pseudomonadota;Gammaproteobacteria;Pseudomonadales;Pseudomonadaceae;Pseudomonas
k141_42263	Archaea;Methanobacteriota;Halobacteria;Halobacteriales;Halobacteriaceae;Halobacterium
k141_42264	Bacteria;Pseudomonadota;Gammaproteobacteria;Pseudomonadales;Pseudomonadaceae;Pseudomonas
k141_9605	Bacteria;Cyanobacteriota;Cyanophyceae;Nostocales;Nostocaceae
k141_45855	Bacteria;Chlorobiota;Chlorobiia;Chlorobiales;Chlorobiaceae;Chlorobium;Chlorobium phaeobacteroides
k141_16373	Bacteria;Pseudomonadota;Gammaproteobacteria;Pseudomonadales;Pseudomonadaceae;Pseudomonas
k141_56588	Bacteria;Pseudomonadota;Gammaproteobacteria;Pseudomonadales;Pseudomonadaceae;Pseudomonas
k141_49840	Bacteria;Pseudomonadota;Gammaproteobacteria;Pseudomonadales;Pseudomonadaceae;Pseudomonas
k141_23399	Bacteria;Pseudomonadota;Gammaproteobacteria;Alteromonadales;Shewanellaceae;Shewanella
k141_42266	
k141_16375	Bacteria;Pseudomonadota;Gammaproteobacteria;Pseudomonadales;Pseudomonadaceae;Pseudomonas
k141_23400	Bacteria;Chlorobiota;Chlorobiia;Chlorobiales;Chlorobiaceae;Chlorobaculum;Chlorobaculum tepidum
k141_42270	
k141_52829	Archaea;Thermoproteota;Thermoprotei;Desulfurococcales;Desulfurococcaceae;Ignicoccus;Ignicoccus islandicus
k141_23403	Bacteria;Chlorobiota;Chlorobiia;Chlorobiales;Chlorobiaceae;Chlorobaculum
k141_52830	Bacteria;Pseudomonadota;Gammaproteobacteria;Pseudomonadales;Pseudomonadaceae;Pseudomonas
k141_42272	Bacteria;Cyanobacteriota;Cyanophyceae;Nostocales;Nostocaceae
k141_45863	Bacteria;Planctomycetota;Planctomycetia;Pirellulales;Pirellulaceae;Rhodopirellula;Rhodopirellula baltica
k141_16380	Bacteria;Fusobacteriota;Fusobacteriia;Fusobacteriales;Fusobacteriaceae;Fusobacterium
k141_9619	
k141_2287	Bacteria;Bacillota
k141_9620	Bacteria
k141_42274	Bacteria;Pseudomonadota;Gammaproteobacteria;Pseudomonadales;Pseudomonadaceae;Pseudomonas
k141_12914	Bacteria;Pseudomonadota;Betaproteobacteria;Nitrosomonadales;Nitrosomonadaceae;Nitrosomonas
k141_49845	Bacteria;Pseudomonadota;Gammaproteobacteria;Alteromonadales;Shewanellaceae;Shewanella
k141_52835	Bacteria;Pseudomonadota;Gammaproteobacteria;Alteromonadales;Shewanellaceae;Shewanella;Shewanella baltica
k141_5860	
k141_9624	Archaea;Methanobacteriota;Methanococci;Methanococcales;Methanococcaceae;Methanococcus;Methanococcus maripaludis
k141_2291	Archaea;Methanobacteriota;Methanococci;Methanococcales;Methanococcaceae;Methanococcus;Methanococcus maripaludis
k141_35174	Bacteria;Pseudomonadota;Gammaproteobacteria;Pseudomonadales;Pseudomonadaceae;Pseudomonas
k141_45870	Bacteria;Pseudomonadota;Gammaproteobacteria;Pseudomonadales;Pseudomonadaceae;Pseudomonas
k141_42282	Bacteria;Pseudomonadota;Gammaproteobacteria;Pseudomonadales;Pseudomonadaceae;Pseudomonas
k141_12921	Archaea;Thermoproteota;Thermoprotei;Desulfurococcales;Desulfurococcaceae;Ignicoccus;Ignicoccus hospitalis
k141_35175	Bacteria;Pseudomonadota;Gammaproteobacteria;Alteromonadales;Shewanellaceae;Shewanella;Shewanella baltica
k141_52837	Bacteria;Chlorobiota;Chlorobiia;Chlorobiales;Chlorobiaceae;Chlorobaculum
k141_2297	Archaea;Thermoproteota;Thermoprotei;Thermoproteales;Thermoproteaceae;Pyrobaculum;Pyrobaculum calidifontis
k141_35176	Bacteria;Chloroflexota;Chloroflexia;Chloroflexales;Chloroflexaceae;Chloroflexus;Chloroflexus aurantiacus
k141_16392	Bacteria;Aquificota;Aquificia;Aquificales;Aquificaceae;Hydrogenobaculum;Hydrogenobaculum sp. Y04AAS1
k141_5867	Bacteria;Pseudomonadota;Gammaproteobacteria;Alteromonadales;Shewanellaceae;Shewanella
k141_49846	Bacteria;Planctomycetota;Planctomycetia;Pirellulales;Pirellulaceae;Rhodopirellula;Rhodopirellula baltica
k141_35177	Bacteria;Chlorobiota;Chlorobiia;Chlorobiales;Chlorobiaceae;Chlorobium;Chlorobium phaeobacteroides
k141_5869	Bacteria;Bacteroidota;Bacteroidia;Bacteroidales;Bacteroidaceae;Phocaeicola
k141_9633	
k141_16396	Bacteria;Campylobacterota;Epsilonproteobacteria;Campylobacterales;Helicobacteraceae;Wolinella;Wolinella succinogenes
k141_9635	Archaea;Thermoproteota;Thermoprotei;Thermoproteales;Thermoproteaceae;Pyrobaculum;Pyrobaculum calidifontis
k141_42288	Bacteria;Pseudomonadota;Gammaproteobacteria;Alteromonadales;Shewanellaceae;Shewanella
k141_5872	Bacteria;Pseudomonadota;Gammaproteobacteria;Pseudomonadales;Pseudomonadaceae;Pseudomonas
k141_35186	Bacteria;Bacteroidota;Bacteroidia;Bacteroidales;Porphyromonadaceae;Porphyromonas;Porphyromonas gingivalis
k141_2312	Bacteria;Spirochaetota;Spirochaetia;Treponematales;Treponemataceae;Treponema
k141_35189	Bacteria;Pseudomonadota;Gammaproteobacteria;Pseudomonadales;Pseudomonadaceae;Pseudomonas
k141_52848	Bacteria;Pseudomonadota;Gammaproteobacteria;Alteromonadales;Shewanellaceae;Shewanella
k141_45876	Bacteria;Planctomycetota;Planctomycetia;Pirellulales;Pirellulaceae;Rhodopirellula;Rhodopirellula baltica
k141_42290	Bacteria;Thermodesulfobacteriota;Desulfobulbia;Desulfobulbales;Desulfobulbaceae;Desulfobulbus;Desulfobulbus oralis
k141_9641	
k141_56591	Bacteria;Thermodesulfobacteriota;Desulfobulbia;Desulfobulbales;Desulfobulbaceae;Desulfobulbus;Desulfobulbus oralis
k141_12941	Bacteria;Chlorobiota;Chlorobiia;Chlorobiales;Chlorobiaceae;Chlorobium;Chlorobium phaeobacteroides
k141_52854	Bacteria;Cyanobacteriota;Cyanophyceae;Nostocales;Nostocaceae
k141_16405	Bacteria;Pseudomonadota;Gammaproteobacteria;Alteromonadales;Shewanellaceae;Shewanella;Shewanella baltica
k141_35196	
k141_42292	Bacteria;Chlorobiota;Chlorobiia;Chlorobiales;Chlorobiaceae;Chlorobium;Chlorobium phaeobacteroides
k141_49854	Archaea;Methanobacteriota;Halobacteria;Halobacteriales;Halobacteriaceae;Halobacterium
k141_5880	Bacteria;Chlorobiota;Chlorobiia;Chlorobiales;Chlorobiaceae;Chlorobium;Chlorobium limicola
k141_38734	
k141_16407	Bacteria;Pseudomonadota;Gammaproteobacteria;Pseudomonadales;Pseudomonadaceae;Pseudomonas
k141_56595	Bacteria;Chlorobiota;Chlorobiia;Chlorobiales;Chlorobiaceae;Chlorobium;Chlorobium phaeobacteroides
k141_38736	
k141_12950	Bacteria;Pseudomonadota;Gammaproteobacteria;Alteromonadales;Shewanellaceae;Shewanella
k141_42301	Archaea;Thermoproteota;Thermoprotei;Desulfurococcales;Desulfurococcaceae;Ignicoccus;Ignicoccus hospitalis
k141_49863	Bacteria;Pseudomonadota;Gammaproteobacteria;Pseudomonadales;Pseudomonadaceae;Pseudomonas
k141_56600	Bacteria;Pseudomonadota;Gammaproteobacteria;Pseudomonadales;Pseudomonadaceae;Pseudomonas
k141_38739	Bacteria;Pseudomonadota;Gammaproteobacteria;Alteromonadales;Shewanellaceae;Shewanella
k141_16417	Bacteria;Chlorobiota;Chlorobiia;Chlorobiales;Chlorobiaceae;Chlorobium;Chlorobium phaeobacteroides
k141_42310	Bacteria;Pseudomonadota;Gammaproteobacteria;Pseudomonadales;Pseudomonadaceae;Pseudomonas
k141_16418	Bacteria;Cyanobacteriota;Cyanophyceae;Nostocales;Nostocaceae
k141_5892	
k141_49871	
k141_38742	Archaea;Thermoproteota;Thermoprotei;Desulfurococcales;Desulfurococcaceae;Ignicoccus;Ignicoccus hospitalis
k141_35211	Archaea;Methanobacteriota;Halobacteria;Halobacteriales;Halobacteriaceae;Halobacterium
k141_52874	Bacteria;Pseudomonadota;Gammaproteobacteria;Pseudomonadales;Pseudomonadaceae;Pseudomonas
k141_9646	Bacteria;Chlorobiota;Chlorobiia;Chlorobiales;Chlorobiaceae;Chlorobium;Chlorobium limicola
k141_12955	Bacteria;Pseudomonadota;Gammaproteobacteria;Alteromonadales;Shewanellaceae;Shewanella
k141_52875	
k141_9648	Archaea;Thermoproteota;Thermoprotei;Desulfurococcales;Desulfurococcaceae;Ignicoccus;Ignicoccus islandicus
k141_49874	Archaea;Methanobacteriota;Methanococci;Methanococcales;Methanococcaceae;Methanococcus;Methanococcus maripaludis
k141_16426	
k141_5901	Bacteria;Chlorobiota;Chlorobiia;Chlorobiales;Chlorobiaceae;Chlorobium;Chlorobium phaeobacteroides
k141_52879	Bacteria;Pseudomonadota;Gammaproteobacteria;Alteromonadales;Shewanellaceae;Shewanella
k141_45886	Bacteria;Thermotogota;Thermotogae;Thermotogales;Thermotogaceae;Thermotoga
k141_5902	Bacteria;Chlorobiota;Chlorobiia;Chlorobiales;Chlorobiaceae;Chlorobaculum;Chlorobaculum tepidum
k141_49881	Bacteria;Pseudomonadota;Gammaproteobacteria;Alteromonadales;Shewanellaceae;Shewanella
k141_42311	Bacteria;Pseudomonadota;Gammaproteobacteria;Alteromonadales;Shewanellaceae;Shewanella
k141_9652	Archaea;Thermoproteota;Thermoprotei;Desulfurococcales;Desulfurococcaceae;Ignicoccus;Ignicoccus hospitalis
k141_16432	Bacteria;Pseudomonadota;Gammaproteobacteria;Alteromonadales;Shewanellaceae;Shewanella
k141_35226	Bacteria;Cyanobacteriota;Cyanophyceae;Nostocales;Nostocaceae
k141_52881	Bacteria;Chlorobiota;Chlorobiia;Chlorobiales;Chlorobiaceae;Chlorobium;Chlorobium phaeobacteroides
k141_16434	Bacteria;Chloroflexota;Chloroflexia;Chloroflexales;Chloroflexaceae;Chloroflexus;Chloroflexus aurantiacus
k141_5903	Bacteria;Pseudomonadota;Gammaproteobacteria;Pseudomonadales;Pseudomonadaceae;Pseudomonas
k141_42315	Bacteria;Chloroflexota;Chloroflexia;Chloroflexales;Chloroflexaceae;Chloroflexus;Chloroflexus aurantiacus
k141_5905	Bacteria;Pseudomonadota;Gammaproteobacteria;Pseudomonadales;Pseudomonadaceae;Pseudomonas
k141_35227	Archaea;Thermoproteota;Thermoprotei;Desulfurococcales;Desulfurococcaceae;Ignicoccus;Ignicoccus hospitalis
k141_52886	Archaea;Thermoproteota;Thermoprotei;Thermoproteales;Thermoproteaceae;Pyrobaculum;Pyrobaculum calidifontis
k141_9661	Bacteria;Planctomycetota;Planctomycetia;Pirellulales;Pirellulaceae;Rhodopirellula;Rhodopirellula baltica
k141_38743	Bacteria;Planctomycetota;Planctomycetia;Pirellulales;Pirellulaceae;Rhodopirellula;Rhodopirellula baltica
k141_35230	Bacteria;Spirochaetota;Spirochaetia;Treponematales;Treponemataceae;Treponema
k141_42320	Bacteria;Fusobacteriota;Fusobacteriia;Fusobacteriales;Fusobacteriaceae;Fusobacterium
k141_52887	Bacteria;Planctomycetota;Planctomycetia;Pirellulales;Pirellulaceae;Rhodopirellula;Rhodopirellula baltica
k141_56605	Bacteria;Planctomycetota;Planctomycetia;Pirellulales;Pirellulaceae;Rhodopirellula;Rhodopirellula baltica
k141_9663	Bacteria;Pseudomonadota;Gammaproteobacteria;Pseudomonadales;Pseudomonadaceae
k141_49882	Bacteria;Planctomycetota;Planctomycetia;Pirellulales;Pirellulaceae;Rhodopirellula;Rhodopirellula baltica
k141_45898	Bacteria;Chlorobiota;Chlorobiia;Chlorobiales;Chlorobiaceae;Chlorobaculum;Chlorobaculum tepidum
k141_38749	Bacteria;Chlorobiota;Chlorobiia;Chlorobiales;Chlorobiaceae;Chlorobium;Chlorobium phaeobacteroides
k141_52888	Bacteria;Pseudomonadota;Gammaproteobacteria;Pseudomonadales;Pseudomonadaceae;Pseudomonas
k141_45899	Archaea;Thermoproteota;Thermoprotei;Thermoproteales;Thermoproteaceae;Pyrobaculum;Pyrobaculum calidifontis
k141_16448	Bacteria;Pseudomonadota;Gammaproteobacteria;Alteromonadales;Shewanellaceae;Shewanella
k141_12960	Archaea;Methanobacteriota;Methanobacteria;Methanobacteriales;Methanothermaceae;Methanothermus;Methanothermus sociabilis
k141_5916	Archaea;Methanobacteriota;Methanococci;Methanococcales;Methanococcaceae;Methanococcus;Methanococcus maripaludis
k141_42328	Bacteria;Chlorobiota;Chlorobiia;Chlorobiales;Chlorobiaceae;Chlorobaculum;Chlorobaculum tepidum
k141_52889	Bacteria;Pseudomonadota;Gammaproteobacteria;Pseudomonadales;Pseudomonadaceae;Pseudomonas
k141_23405	
k141_16452	Bacteria;Pseudomonadota;Gammaproteobacteria;Pseudomonadales;Pseudomonadaceae;Pseudomonas
k141_5920	Bacteria;Cyanobacteriota;Cyanophyceae;Nostocales;Nostocaceae
k141_12962	Bacteria;Chlorobiota;Chlorobiia;Chlorobiales;Chlorobiaceae;Chlorobaculum
k141_35234	
k141_52892	Bacteria;Planctomycetota;Planctomycetia;Pirellulales;Pirellulaceae;Rhodopirellula;Rhodopirellula baltica
k141_56615	Bacteria;Pseudomonadota;Gammaproteobacteria;Alteromonadales;Shewanellaceae;Shewanella
k141_9674	Bacteria;Chlorobiota;Chlorobiia;Chlorobiales;Chlorobiaceae;Chlorobium;Chlorobium limicola
k141_56616	Bacteria;Pseudomonadota;Gammaproteobacteria;Pseudomonadales;Pseudomonadaceae;Pseudomonas
k141_16454	Archaea;Methanobacteriota;Methanococci;Methanococcales;Methanococcaceae;Methanococcus;Methanococcus maripaludis
k141_52894	
k141_35240	Bacteria;Pseudomonadota;Gammaproteobacteria;Pseudomonadales;Pseudomonadaceae;Pseudomonas
k141_16455	
k141_5927	Bacteria;Aquificota;Aquificia;Aquificales;Aquificaceae;Hydrogenobaculum;Hydrogenobaculum sp. Y04AAS1
k141_12968	Bacteria;Pseudomonadota;Gammaproteobacteria;Pseudomonadales;Pseudomonadaceae;Pseudomonas
k141_23408	Bacteria;Planctomycetota;Planctomycetia;Pirellulales;Pirellulaceae;Rhodopirellula;Rhodopirellula baltica
k141_38764	Bacteria;Planctomycetota;Planctomycetia;Pirellulales;Pirellulaceae;Rhodopirellula;Rhodopirellula baltica
k141_9677	
k141_23409	Bacteria;Pseudomonadota;Gammaproteobacteria;Pseudomonadales;Pseudomonadaceae;Pseudomonas
k141_35244	Bacteria;Pseudomonadota;Gammaproteobacteria;Pseudomonadales;Pseudomonadaceae;Pseudomonas
k141_52899	
k141_45904	Bacteria;Pseudomonadota;Gammaproteobacteria;Alteromonadales;Shewanellaceae;Shewanella
k141_9680	Bacteria;Pseudomonadota;Gammaproteobacteria;Alteromonadales;Shewanellaceae;Shewanella
k141_42351	Bacteria;Chlorobiota;Chlorobiia;Chlorobiales;Chlorobiaceae;Chlorobium;Chlorobium limicola
k141_12971	Bacteria;Pseudomonadota;Gammaproteobacteria;Pseudomonadales;Pseudomonadaceae;Pseudomonas
k141_38769	Bacteria;Thermodesulfobacteriota;Desulfovibrionia;Desulfovibrionales;Desulfovibrionaceae;Desulfovibrio;Desulfovibrio piger
k141_49883	Bacteria;Planctomycetota;Planctomycetia;Pirellulales;Pirellulaceae;Rhodopirellula;Rhodopirellula baltica
k141_9683	
k141_23417	Bacteria;Aquificota;Aquificia;Aquificales;Aquificaceae;Hydrogenobaculum
k141_52904	Bacteria;Chlorobiota;Chlorobiia;Chlorobiales;Chlorobiaceae;Chlorobium;Chlorobium phaeobacteroides
k141_35245	Archaea;Methanobacteriota;Methanococci;Methanococcales;Methanococcaceae;Methanococcus;Methanococcus maripaludis
k141_35247	Bacteria;Pseudomonadota;Gammaproteobacteria;Pseudomonadales;Pseudomonadaceae;Pseudomonas
k141_52907	Bacteria;Pseudomonadota;Gammaproteobacteria;Alteromonadales;Shewanellaceae;Shewanella
k141_12974	
k141_52908	Bacteria;Pseudomonadota;Gammaproteobacteria;Pseudomonadales;Pseudomonadaceae;Pseudomonas
k141_16456	Archaea;Methanobacteriota;Halobacteria;Halobacteriales;Halobacteriaceae;Halobacterium
k141_2323	Bacteria;Bacillota
k141_42363	Bacteria;Pseudomonadota;Gammaproteobacteria;Pseudomonadales;Pseudomonadaceae;Pseudomonas
k141_38776	Bacteria;Chlorobiota;Chlorobiia;Chlorobiales;Chlorobiaceae;Chlorobaculum;Chlorobaculum tepidum
k141_45907	Bacteria;Pseudomonadota;Gammaproteobacteria;Alteromonadales;Shewanellaceae;Shewanella
k141_5929	
k141_35251	
k141_9689	Bacteria;Planctomycetota;Planctomycetia;Pirellulales;Pirellulaceae;Rhodopirellula;Rhodopirellula baltica
k141_23419	Bacteria;Bacteroidota;Bacteroidia;Bacteroidales;Porphyromonadaceae;Porphyromonas;Porphyromonas gingivalis
k141_49896	Bacteria;Pseudomonadota;Gammaproteobacteria;Pseudomonadales;Pseudomonadaceae;Pseudomonas
k141_52912	
k141_23420	Archaea;Thermoproteota;Thermoprotei;Thermoproteales;Thermoproteaceae;Pyrobaculum;Pyrobaculum calidifontis
k141_12982	Bacteria;Chlorobiota;Chlorobiia;Chlorobiales;Chlorobiaceae;Chlorobium;Chlorobium phaeobacteroides
k141_9693	Bacteria;Chlorobiota;Chlorobiia;Chlorobiales;Chlorobiaceae;Chlorobaculum;Chlorobaculum tepidum
k141_35253	Archaea;Methanobacteriota;Methanococci;Methanococcales;Methanococcaceae;Methanococcus;Methanococcus maripaludis
k141_38782	Bacteria;Chlorobiota;Chlorobiia;Chlorobiales;Chlorobiaceae;Chlorobium;Chlorobium phaeobacteroides
k141_45912	Bacteria;Aquificota;Aquificia;Aquificales;Aquificaceae;Hydrogenobaculum
k141_27649	Bacteria;Gemmatimonadota;Gemmatimonadia;Gemmatimonadales;Gemmatimonadaceae;Gemmatimonas;Gemmatimonas aurantiaca
k141_52916	Bacteria;Chlorobiota;Chlorobiia;Chlorobiales;Chlorobiaceae;Chlorobaculum
k141_12983	Bacteria;Chlorobiota;Chlorobiia;Chlorobiales;Chlorobiaceae;Chlorobium;Chlorobium limicola
k141_49901	
k141_9694	Bacteria;Cyanobacteriota;Cyanophyceae;Nostocales;Nostocaceae
k141_2324	Bacteria;Planctomycetota;Planctomycetia;Pirellulales;Pirellulaceae;Rhodopirellula;Rhodopirellula baltica
k141_38784	
k141_23421	Bacteria;Pseudomonadota;Gammaproteobacteria;Alteromonadales;Shewanellaceae;Shewanella
k141_38785	Bacteria;Aquificota;Aquificia;Aquificales;Aquificaceae;Hydrogenobaculum
k141_5941	Bacteria;Chlorobiota;Chlorobiia;Chlorobiales;Chlorobiaceae;Chlorobium;Chlorobium phaeobacteroides
k141_16472	Archaea;Thermoproteota;Thermoprotei;Desulfurococcales;Desulfurococcaceae;Ignicoccus;Ignicoccus islandicus
k141_45921	Bacteria;Cyanobacteriota;Cyanophyceae;Nostocales;Nostocaceae
k141_35260	Bacteria;Pseudomonadota;Gammaproteobacteria;Pseudomonadales;Pseudomonadaceae;Pseudomonas
k141_2327	Bacteria;Pseudomonadota;Gammaproteobacteria;Alteromonadales;Shewanellaceae;Shewanella
k141_23423	Bacteria;Pseudomonadota;Gammaproteobacteria;Pseudomonadales;Pseudomonadaceae;Pseudomonas
k141_42381	Bacteria;Pseudomonadota;Gammaproteobacteria;Pseudomonadales;Pseudomonadaceae;Pseudomonas
k141_56617	
k141_35261	Bacteria;Chlorobiota;Chlorobiia;Chlorobiales;Chlorobiaceae;Chlorobium;Chlorobium phaeobacteroides
k141_2330	Bacteria;Pseudomonadota;Gammaproteobacteria;Pseudomonadales;Pseudomonadaceae
k141_45923	Bacteria;Cyanobacteriota;Cyanophyceae;Nostocales;Nostocaceae
k141_35262	Bacteria;Pseudomonadota;Gammaproteobacteria;Pseudomonadales;Pseudomonadaceae;Pseudomonas
k141_27661	Bacteria;Chlorobiota;Chlorobiia;Chlorobiales;Chlorobiaceae;Chlorobium;Chlorobium phaeobacteroides
k141_38793	Bacteria;Pseudomonadota;Gammaproteobacteria;Pseudomonadales;Pseudomonadaceae
k141_42387	Bacteria;Chlorobiota;Chlorobiia;Chlorobiales;Chlorobiaceae;Chlorobium;Chlorobium phaeobacteroides
k141_35263	Bacteria;Cyanobacteriota;Cyanophyceae;Nostocales;Nostocaceae
k141_56622	Bacteria;Pseudomonadota;Gammaproteobacteria;Alteromonadales;Shewanellaceae;Shewanella
k141_42389	Bacteria;Pseudomonadota;Gammaproteobacteria;Alteromonadales;Shewanellaceae;Shewanella
k141_45932	Bacteria;Pseudomonadota;Gammaproteobacteria;Alteromonadales;Shewanellaceae;Shewanella;Shewanella baltica
k141_52920	
k141_56623	Bacteria;Aquificota;Aquificia;Aquificales;Aquificaceae;Hydrogenobaculum;Hydrogenobaculum sp. Y04AAS1
k141_23434	Bacteria;Chlorobiota;Chlorobiia;Chlorobiales;Chlorobiaceae;Chlorobium;Chlorobium phaeobacteroides
k141_9714	Bacteria;Pseudomonadota;Gammaproteobacteria;Alteromonadales;Shewanellaceae;Shewanella
k141_27666	Bacteria;Cyanobacteriota;Cyanophyceae;Nostocales;Nostocaceae
k141_42391	Archaea;Thermoproteota;Thermoprotei;Desulfurococcales;Desulfurococcaceae;Ignicoccus;Ignicoccus hospitalis
k141_49928	Bacteria;Pseudomonadota;Gammaproteobacteria;Pseudomonadales;Pseudomonadaceae;Pseudomonas
k141_23436	Bacteria;Chlorobiota;Chlorobiia;Chlorobiales;Chlorobiaceae;Chlorobaculum
k141_45939	Bacteria;Thermodesulfobacteriota;Desulfovibrionia;Desulfovibrionales;Desulfovibrionaceae;Desulfovibrio
k141_56624	Archaea;Methanobacteriota;Methanococci;Methanococcales;Methanococcaceae;Methanococcus;Methanococcus maripaludis
k141_5950	Bacteria;Fusobacteriota;Fusobacteriia;Fusobacteriales;Fusobacteriaceae;Fusobacterium
k141_16476	Bacteria;Bacteroidota;Bacteroidia;Bacteroidales;Porphyromonadaceae;Porphyromonas;Porphyromonas gingivalis
k141_35272	
k141_49930	Bacteria;Campylobacterota;Epsilonproteobacteria;Campylobacterales;Helicobacteraceae;Wolinella;Wolinella succinogenes
k141_9715	Bacteria;Chlorobiota;Chlorobiia;Chlorobiales;Chlorobiaceae;Chlorobium;Chlorobium phaeobacteroides
k141_5951	Bacteria;Campylobacterota;Epsilonproteobacteria;Campylobacterales;Helicobacteraceae;Wolinella;Wolinella succinogenes
k141_45941	Bacteria;Chlorobiota;Chlorobiia;Chlorobiales;Chlorobiaceae;Chlorobium;Chlorobium phaeobacteroides
k141_38808	Bacteria;Pseudomonadota;Gammaproteobacteria;Pseudomonadales;Pseudomonadaceae;Pseudomonas
k141_56626	Bacteria;Campylobacterota;Epsilonproteobacteria;Campylobacterales;Helicobacteraceae;Wolinella;Wolinella succinogenes
k141_23443	Archaea;Thermoproteota;Thermoprotei;Desulfurococcales;Desulfurococcaceae;Ignicoccus;Ignicoccus islandicus
k141_9716	Bacteria;Pseudomonadota;Gammaproteobacteria;Alteromonadales;Shewanellaceae;Shewanella
k141_45943	Bacteria;Pseudomonadota;Gammaproteobacteria;Pseudomonadales;Pseudomonadaceae;Pseudomonas
k141_2335	Bacteria;Chlorobiota;Chlorobiia;Chlorobiales;Chlorobiaceae;Chlorobium;Chlorobium phaeovibrioides
k141_27676	Bacteria;Pseudomonadota;Gammaproteobacteria;Pseudomonadales;Pseudomonadaceae;Pseudomonas
k141_38809	Bacteria;Aquificota;Aquificia;Aquificales;Aquificaceae;Hydrogenobaculum
k141_23444	Archaea;Thermoproteota;Thermoprotei;Desulfurococcales;Desulfurococcaceae;Ignicoccus;Ignicoccus islandicus
k141_16483	Bacteria;Cyanobacteriota;Cyanophyceae;Nostocales;Nostocaceae
k141_5957	Bacteria;Pseudomonadota;Gammaproteobacteria;Pseudomonadales;Pseudomonadaceae
k141_9719	Bacteria;Pseudomonadota;Gammaproteobacteria;Alteromonadales;Shewanellaceae;Shewanella;Shewanella baltica
k141_56629	Bacteria;Chloroflexota;Chloroflexia;Chloroflexales;Chloroflexaceae;Chloroflexus;Chloroflexus aurantiacus
k141_2339	Bacteria;Chlorobiota;Chlorobiia;Chlorobiales;Chlorobiaceae;Chlorobium;Chlorobium phaeobacteroides
k141_38812	Bacteria;Chlorobiota;Chlorobiia;Chlorobiales;Chlorobiaceae;Chlorobium;Chlorobium phaeobacteroides
k141_5958	Bacteria;Aquificota;Aquificia;Aquificales;Aquificaceae;Hydrogenobaculum
k141_9721	Bacteria;Chlorobiota;Chlorobiia;Chlorobiales;Chlorobiaceae;Chlorobaculum;Chlorobaculum tepidum
k141_38814	Bacteria;Pseudomonadota;Gammaproteobacteria;Pseudomonadales;Pseudomonadaceae;Pseudomonas
k141_5960	Bacteria;Chlorobiota;Chlorobiia;Chlorobiales;Chlorobiaceae;Chlorobaculum;Chlorobaculum tepidum
k141_52925	Bacteria;Chlorobiota;Chlorobiia;Chlorobiales;Chlorobiaceae;Chlorobium;Chlorobium limicola
k141_56631	Archaea;Thermoproteota;Thermoprotei;Desulfurococcales;Desulfurococcaceae;Ignicoccus;Ignicoccus hospitalis
k141_16493	Bacteria;Aquificota;Aquificia;Aquificales;Aquificaceae;Hydrogenobaculum
k141_38815	Bacteria;Chlorobiota;Chlorobiia;Chlorobiales;Chlorobiaceae;Chlorobium;Chlorobium limicola
k141_38816	Bacteria;Pseudomonadota;Gammaproteobacteria;Pseudomonadales;Pseudomonadaceae;Pseudomonas
k141_42409	Bacteria;Planctomycetota;Planctomycetia;Pirellulales;Pirellulaceae;Rhodopirellula;Rhodopirellula baltica
k141_27687	Bacteria;Cyanobacteriota;Cyanophyceae;Nostocales;Nostocaceae
k141_56633	Bacteria;Cyanobacteriota;Cyanophyceae;Nostocales;Nostocaceae
k141_27689	Bacteria;Aquificota;Aquificia;Aquificales;Aquificaceae;Hydrogenobaculum;Hydrogenobaculum sp. Y04AAS1
k141_49949	Bacteria;Aquificota;Aquificia;Aquificales;Aquificaceae;Hydrogenobaculum;Hydrogenobaculum sp. Y04AAS1
k141_23448	Archaea;Thermoproteota;Thermoprotei;Desulfurococcales;Desulfurococcaceae;Ignicoccus;Ignicoccus hospitalis
k141_16498	Bacteria;Pseudomonadota;Gammaproteobacteria;Pseudomonadales;Pseudomonadaceae;Pseudomonas
k141_45952	
k141_56636	Bacteria;Cyanobacteriota;Cyanophyceae;Nostocales;Nostocaceae
k141_49950	Bacteria;Aquificota;Aquificia;Aquificales;Aquificaceae;Hydrogenobaculum;Hydrogenobaculum sp. Y04AAS1
k141_27692	Bacteria;Pseudomonadota;Gammaproteobacteria;Pseudomonadales;Pseudomonadaceae;Pseudomonas
k141_38827	Bacteria;Aquificota;Aquificia;Aquificales;Aquificaceae;Hydrogenobaculum
k141_9742	Bacteria;Aquificota;Aquificia;Aquificales;Aquificaceae;Hydrogenobaculum;Hydrogenobaculum sp. Y04AAS1
k141_42422	Bacteria;Chloroflexota;Chloroflexia;Chloroflexales;Chloroflexaceae;Chloroflexus;Chloroflexus aurantiacus
k141_23455	Bacteria;Fusobacteriota;Fusobacteriia;Fusobacteriales;Fusobacteriaceae;Fusobacterium
k141_23456	Bacteria;Pseudomonadota;Gammaproteobacteria;Pseudomonadales;Pseudomonadaceae;Pseudomonas
k141_56638	
k141_9745	Bacteria;Pseudomonadota;Gammaproteobacteria;Alteromonadales;Shewanellaceae;Shewanella
k141_45957	Bacteria;Planctomycetota;Planctomycetia;Pirellulales;Pirellulaceae;Rhodopirellula;Rhodopirellula baltica
k141_5982	Bacteria;Aquificota;Aquificia;Aquificales;Aquificaceae;Hydrogenobaculum
k141_38830	Bacteria;Pseudomonadota;Gammaproteobacteria;Pseudomonadales;Pseudomonadaceae;Pseudomonas
k141_9746	Archaea;Thermoproteota;Thermoprotei;Desulfurococcales;Desulfurococcaceae;Ignicoccus;Ignicoccus islandicus
k141_49961	
k141_45960	Bacteria;Chlorobiota;Chlorobiia;Chlorobiales;Chlorobiaceae;Chlorobaculum;Chlorobaculum tepidum
k141_52927	Archaea;Methanobacteriota;Methanobacteria;Methanobacteriales;Methanothermaceae;Methanothermus;Methanothermus sociabilis
k141_27705	Bacteria;Pseudomonadota;Gammaproteobacteria;Pseudomonadales;Pseudomonadaceae;Pseudomonas
k141_42430	Bacteria;Chlorobiota;Chlorobiia;Chlorobiales;Chlorobiaceae;Chlorobaculum
k141_5989	Bacteria;Chlorobiota;Chlorobiia;Chlorobiales;Chlorobiaceae;Chlorobium;Chlorobium phaeobacteroides
k141_52930	
k141_49967	Archaea;Methanobacteriota;Halobacteria;Halobacteriales;Halobacteriaceae;Halobacterium;Halobacterium salinarum
k141_16514	Bacteria;Pseudomonadota;Gammaproteobacteria;Pseudomonadales;Pseudomonadaceae;Pseudomonas
k141_42432	
k141_23465	Bacteria;Thermodesulfobacteriota;Desulfobulbia;Desulfobulbales;Desulfobulbaceae;Desulfobulbus;Desulfobulbus oralis
k141_56641	Bacteria;Chlorobiota;Chlorobiia;Chlorobiales;Chlorobiaceae;Chlorobaculum;Chlorobaculum tepidum
k141_52932	Bacteria;Pseudomonadota;Gammaproteobacteria;Alteromonadales;Shewanellaceae;Shewanella
k141_9757	Bacteria;Aquificota;Aquificia;Aquificales;Aquificaceae;Hydrogenobaculum
k141_49970	Bacteria;Verrucomicrobiota;Verrucomicrobiia;Verrucomicrobiales;Akkermansiaceae;Akkermansia;Akkermansia muciniphila
k141_23466	
k141_16516	Bacteria;Pseudomonadota;Gammaproteobacteria;Pseudomonadales;Pseudomonadaceae;Pseudomonas
k141_27716	Archaea;Thermoproteota;Thermoprotei;Thermoproteales;Thermoproteaceae;Pyrobaculum;Pyrobaculum calidifontis
k141_42439	Bacteria;Pseudomonadota;Gammaproteobacteria;Pseudomonadales;Pseudomonadaceae
k141_2340	Bacteria;Thermotogota;Thermotogae;Thermotogales;Thermotogaceae;Thermotoga
k141_9763	Bacteria;Cyanobacteriota;Cyanophyceae;Nostocales;Nostocaceae
k141_45972	Bacteria;Thermodesulfobacteriota;Desulfovibrionia;Desulfovibrionales;Desulfovibrionaceae;Desulfovibrio
k141_49977	Bacteria;Pseudomonadota;Gammaproteobacteria;Pseudomonadales;Pseudomonadaceae;Pseudomonas
k141_16520	Bacteria;Cyanobacteriota;Cyanophyceae;Nostocales;Nostocaceae
k141_56646	Archaea;Methanobacteriota;Methanococci;Methanococcales;Methanococcaceae;Methanococcus;Methanococcus maripaludis
k141_52939	Archaea;Methanobacteriota;Methanopyri;Methanopyrales;Methanopyraceae;Methanopyrus;Methanopyrus kandleri
k141_2345	Bacteria;Chlorobiota;Chlorobiia;Chlorobiales;Chlorobiaceae;Chlorobium;Chlorobium phaeobacteroides
k141_5997	Archaea;Thermoproteota;Thermoprotei;Desulfurococcales;Desulfurococcaceae;Ignicoccus;Ignicoccus hospitalis
k141_27725	Bacteria;Pseudomonadota;Gammaproteobacteria;Pseudomonadales;Pseudomonadaceae;Pseudomonas
k141_56647	Bacteria;Pseudomonadota;Gammaproteobacteria;Alteromonadales;Shewanellaceae;Shewanella
k141_2347	Bacteria;Chlorobiota;Chlorobiia;Chlorobiales;Chlorobiaceae;Chlorobaculum;Chlorobaculum tepidum
k141_49983	Bacteria;Chlorobiota;Chlorobiia;Chlorobiales;Chlorobiaceae;Chlorobaculum;Chlorobaculum tepidum
k141_2348	Bacteria;Pseudomonadota;Gammaproteobacteria;Alteromonadales;Shewanellaceae;Shewanella;Shewanella baltica
k141_49984	Bacteria;Pseudomonadota;Gammaproteobacteria;Pseudomonadales;Pseudomonadaceae;Pseudomonas
k141_38835	Bacteria;Planctomycetota;Planctomycetia;Pirellulales;Pirellulaceae;Rhodopirellula;Rhodopirellula baltica
k141_56648	Archaea;Thermoproteota;Thermoprotei;Desulfurococcales;Desulfurococcaceae;Ignicoccus;Ignicoccus islandicus
k141_6000	Archaea;Thermoproteota;Thermoprotei;Desulfurococcales;Desulfurococcaceae;Ignicoccus;Ignicoccus islandicus
k141_52948	Bacteria;Bacteroidota;Bacteroidia;Bacteroidales;Bacteroidaceae;Phocaeicola
k141_45986	Bacteria;Aquificota;Aquificia;Aquificales;Hydrogenothermaceae;Sulfurihydrogenibium;Sulfurihydrogenibium sp. YO3AOP1
k141_38836	Bacteria;Chloroflexota;Chloroflexia;Chloroflexales;Chloroflexaceae;Chloroflexus;Chloroflexus aurantiacus
k141_42442	Archaea;Methanobacteriota;Methanococci;Methanococcales;Methanococcaceae;Methanococcus;Methanococcus maripaludis
k141_6001	Bacteria;Chlorobiota;Chlorobiia;Chlorobiales;Chlorobiaceae;Chlorobaculum;Chlorobaculum tepidum
k141_9780	Archaea;Methanobacteriota;Methanococci;Methanococcales;Methanococcaceae;Methanococcus;Methanococcus maripaludis
k141_12991	Bacteria;Thermodesulfobacteriota;Desulfobulbia;Desulfobulbales;Desulfobulbaceae;Desulfobulbus;Desulfobulbus oralis
k141_49990	Archaea;Methanobacteriota;Methanococci;Methanococcales;Methanococcaceae;Methanococcus;Methanococcus maripaludis
k141_52951	
k141_27739	Bacteria;Aquificota;Aquificia;Aquificales;Aquificaceae;Hydrogenobaculum;Hydrogenobaculum sp. Y04AAS1
k141_23472	Bacteria;Fusobacteriota;Fusobacteriia;Fusobacteriales;Fusobacteriaceae;Fusobacterium
k141_42446	Bacteria;Pseudomonadota;Gammaproteobacteria;Pseudomonadales;Pseudomonadaceae;Pseudomonas
k141_12993	Bacteria;Pseudomonadota;Gammaproteobacteria;Alteromonadales;Shewanellaceae;Shewanella
k141_16531	Bacteria;Planctomycetota;Planctomycetia;Pirellulales;Pirellulaceae;Rhodopirellula;Rhodopirellula baltica
k141_45994	Bacteria;Thermodesulfobacteriota;Desulfovibrionia;Desulfovibrionales;Desulfovibrionaceae;Desulfovibrio
k141_9784	Bacteria;Pseudomonadota;Gammaproteobacteria;Pseudomonadales;Pseudomonadaceae;Pseudomonas
k141_16533	Bacteria;Pseudomonadota;Gammaproteobacteria;Pseudomonadales;Pseudomonadaceae;Pseudomonas
k141_38839	Archaea;Methanobacteriota;Halobacteria;Halobacteriales;Halobacteriaceae;Halobacterium
k141_50003	
k141_12994	Bacteria;Pseudomonadota;Gammaproteobacteria;Alteromonadales;Shewanellaceae;Shewanella
k141_6013	Bacteria;Pseudomonadota;Gammaproteobacteria;Alteromonadales;Shewanellaceae;Shewanella
k141_23478	Bacteria;Pseudomonadota;Gammaproteobacteria;Pseudomonadales;Pseudomonadaceae;Pseudomonas
k141_12995	Bacteria;Thermodesulfobacteriota;Desulfuromonadia;Geobacterales;Geobacteraceae;Geobacter
k141_46001	Bacteria;Pseudomonadota;Gammaproteobacteria;Pseudomonadales;Pseudomonadaceae;Pseudomonas
k141_9794	Bacteria;Pseudomonadota;Gammaproteobacteria;Pseudomonadales;Pseudomonadaceae;Pseudomonas
k141_46003	Bacteria;Verrucomicrobiota;Verrucomicrobiia;Verrucomicrobiales;Akkermansiaceae;Akkermansia;Akkermansia muciniphila
k141_27747	Bacteria;Pseudomonadota;Gammaproteobacteria;Alteromonadales;Shewanellaceae;Shewanella;Shewanella baltica
k141_50012	Bacteria;Pseudomonadota;Gammaproteobacteria;Pseudomonadales;Pseudomonadaceae;Pseudomonas
k141_38842	Bacteria;Chlorobiota;Chlorobiia;Chlorobiales;Chlorobiaceae;Chlorobaculum;Chlorobaculum tepidum
k141_16538	Archaea;Methanobacteriota;Halobacteria;Halobacteriales;Halobacteriaceae;Halobacterium
k141_56664	Bacteria;Fusobacteriota;Fusobacteriia;Fusobacteriales;Fusobacteriaceae;Fusobacterium
k141_46009	Archaea;Thermoproteota;Thermoprotei;Desulfurococcales;Desulfurococcaceae;Ignicoccus;Ignicoccus islandicus
k141_23482	Bacteria;Pseudomonadota;Gammaproteobacteria;Pseudomonadales;Pseudomonadaceae;Pseudomonas
k141_50017	Bacteria;Cyanobacteriota;Cyanophyceae;Nostocales;Nostocaceae
k141_38843	Archaea;Thermoproteota;Thermoprotei;Desulfurococcales;Desulfurococcaceae;Ignicoccus;Ignicoccus islandicus
k141_16540	Archaea;Thermoproteota;Thermoprotei;Desulfurococcales;Desulfurococcaceae;Ignicoccus;Ignicoccus islandicus
k141_27756	Bacteria;Pseudomonadota;Gammaproteobacteria;Pseudomonadales;Pseudomonadaceae;Pseudomonas
k141_35274	Bacteria;Bacteroidota;Bacteroidia;Bacteroidales;Porphyromonadaceae;Porphyromonas;Porphyromonas gingivalis
k141_50020	Bacteria;Cyanobacteriota;Cyanophyceae;Nostocales;Nostocaceae
k141_31432	Bacteria;Gemmatimonadota;Gemmatimonadia;Gemmatimonadales;Gemmatimonadaceae;Gemmatimonas;Gemmatimonas aurantiaca
k141_50023	Bacteria;Chlorobiota;Chlorobiia;Chlorobiales;Chlorobiaceae;Chlorobium;Chlorobium phaeobacteroides
k141_9804	Bacteria;Fusobacteriota;Fusobacteriia;Fusobacteriales;Fusobacteriaceae;Fusobacterium
k141_2354	
k141_46020	Bacteria;Planctomycetota;Planctomycetia;Pirellulales;Pirellulaceae;Rhodopirellula;Rhodopirellula baltica
k141_35278	Bacteria;Pseudomonadota;Gammaproteobacteria;Pseudomonadales;Pseudomonadaceae;Pseudomonas
k141_38853	Archaea;Thermoproteota;Thermoprotei;Desulfurococcales;Desulfurococcaceae;Ignicoccus;Ignicoccus hospitalis
k141_20140	Bacteria;Gemmatimonadota;Gemmatimonadia;Gemmatimonadales;Gemmatimonadaceae;Gemmatimonas;Gemmatimonas aurantiaca
k141_27769	Bacteria;Pseudomonadota;Gammaproteobacteria;Pseudomonadales;Pseudomonadaceae;Pseudomonas
k141_31434	Bacteria;Fusobacteriota;Fusobacteriia;Fusobacteriales;Fusobacteriaceae;Fusobacterium
k141_38854	
k141_23498	Bacteria;Cyanobacteriota;Cyanophyceae;Nostocales;Nostocaceae
k141_50032	Bacteria;Pseudomonadota;Gammaproteobacteria;Alteromonadales;Shewanellaceae;Shewanella
k141_2359	Bacteria;Spirochaetota;Spirochaetia;Treponematales;Treponemataceae;Treponema
k141_16551	Bacteria;Planctomycetota;Planctomycetia;Pirellulales;Pirellulaceae;Rhodopirellula;Rhodopirellula baltica
k141_20142	Bacteria;Planctomycetota;Planctomycetia;Pirellulales;Pirellulaceae;Rhodopirellula;Rhodopirellula baltica
k141_38859	Bacteria;Pseudomonadota;Gammaproteobacteria;Pseudomonadales;Pseudomonadaceae;Pseudomonas
k141_46024	Archaea;Methanobacteriota;Halobacteria;Halobacteriales;Halobacteriaceae;Halobacterium
k141_31437	Archaea;Thermoproteota;Thermoprotei;Desulfurococcales;Desulfurococcaceae;Ignicoccus;Ignicoccus islandicus
k141_23504	Bacteria;Pseudomonadota;Gammaproteobacteria;Alteromonadales;Shewanellaceae;Shewanella
k141_9814	Bacteria;Chlorobiota;Chlorobiia;Chlorobiales;Chlorobiaceae;Chlorobium;Chlorobium phaeobacteroides
k141_2363	Bacteria;Pseudomonadota;Gammaproteobacteria;Alteromonadales;Shewanellaceae;Shewanella
k141_31439	Bacteria;Pseudomonadota;Gammaproteobacteria;Alteromonadales;Shewanellaceae;Shewanella
k141_35285	Bacteria;Pseudomonadota;Gammaproteobacteria;Pseudomonadales;Pseudomonadaceae;Pseudomonas
k141_50035	Bacteria;Cyanobacteriota;Cyanophyceae;Nostocales;Nostocaceae
k141_23507	Archaea;Methanobacteriota;Methanococci;Methanococcales;Methanococcaceae;Methanococcus;Methanococcus maripaludis
k141_20148	Bacteria;Pseudomonadota;Gammaproteobacteria;Alteromonadales;Shewanellaceae;Shewanella
k141_2366	Archaea;Methanobacteriota;Halobacteria;Halobacteriales;Halobacteriaceae;Halobacterium;Halobacterium salinarum
k141_23509	
k141_35287	
k141_16560	Bacteria;Pseudomonadota;Gammaproteobacteria
k141_50040	Bacteria;Chlorobiota;Chlorobiia;Chlorobiales;Chlorobiaceae;Chlorobium;Chlorobium phaeobacteroides
k141_31443	Bacteria;Chlorobiota;Chlorobiia;Chlorobiales;Chlorobiaceae;Chlorobaculum
k141_2367	Bacteria;Chlorobiota;Chlorobiia;Chlorobiales;Chlorobiaceae;Chlorobaculum;Chlorobaculum tepidum
k141_46034	Bacteria;Planctomycetota;Planctomycetia;Pirellulales;Pirellulaceae;Rhodopirellula;Rhodopirellula baltica
k141_31445	Bacteria;Pseudomonadota;Gammaproteobacteria;Pseudomonadales;Pseudomonadaceae;Pseudomonas
k141_16563	Bacteria;Spirochaetota;Spirochaetia;Treponematales;Treponemataceae;Treponema
k141_16564	Bacteria;Pseudomonadota;Gammaproteobacteria;Alteromonadales;Shewanellaceae;Shewanella
k141_50043	Bacteria;Pseudomonadota;Gammaproteobacteria;Alteromonadales;Shewanellaceae;Shewanella
k141_38879	Bacteria;Chloroflexota;Chloroflexia;Chloroflexales;Chloroflexaceae;Chloroflexus;Chloroflexus aurantiacus
k141_46035	Bacteria;Pseudomonadota;Gammaproteobacteria;Pseudomonadales;Pseudomonadaceae;Pseudomonas
k141_35297	Bacteria;Aquificota;Aquificia;Aquificales;Aquificaceae;Hydrogenobaculum;Hydrogenobaculum sp. Y04AAS1
k141_9822	Bacteria;Pseudomonadota;Gammaproteobacteria;Alteromonadales;Shewanellaceae;Shewanella
k141_31448	Bacteria;Planctomycetota;Planctomycetia;Pirellulales;Pirellulaceae;Rhodopirellula;Rhodopirellula baltica
k141_50045	Archaea;Methanobacteriota;Methanopyri;Methanopyrales;Methanopyraceae;Methanopyrus;Methanopyrus kandleri
k141_16565	Bacteria;Pseudomonadota;Gammaproteobacteria;Pseudomonadales;Pseudomonadaceae;Pseudomonas
k141_56676	
k141_35301	Bacteria;Chlorobiota;Chlorobiia;Chlorobiales;Chlorobiaceae;Chlorobaculum;Chlorobaculum tepidum
k141_38884	Bacteria;Verrucomicrobiota;Verrucomicrobiia;Verrucomicrobiales;Akkermansiaceae;Akkermansia;Akkermansia muciniphila
k141_31450	Bacteria;Chloroflexota;Chloroflexia;Chloroflexales;Chloroflexaceae;Chloroflexus;Chloroflexus aurantiacus
k141_50047	Bacteria;Pseudomonadota;Gammaproteobacteria;Pseudomonadales;Pseudomonadaceae;Pseudomonas
k141_42448	Bacteria;Pseudomonadota;Betaproteobacteria;Nitrosomonadales;Nitrosomonadaceae;Nitrosomonas
k141_35303	Bacteria;Fusobacteriota;Fusobacteriia;Fusobacteriales;Fusobacteriaceae;Fusobacterium
k141_46040	Bacteria;Pseudomonadota;Gammaproteobacteria;Alteromonadales;Shewanellaceae;Shewanella
k141_38890	Bacteria;Pseudomonadota;Gammaproteobacteria;Pseudomonadales;Pseudomonadaceae;Pseudomonas
k141_20175	Bacteria;Pseudomonadota;Gammaproteobacteria;Alteromonadales
k141_35305	Archaea;Thermoproteota;Thermoprotei;Thermoproteales;Thermoproteaceae;Pyrobaculum;Pyrobaculum calidifontis
k141_46042	Bacteria;Pseudomonadota;Gammaproteobacteria
k141_31459	
k141_42453	Bacteria;Pseudomonadota;Gammaproteobacteria;Pseudomonadales;Pseudomonadaceae;Pseudomonas
k141_56689	Bacteria;Verrucomicrobiota;Verrucomicrobiia;Verrucomicrobiales;Akkermansiaceae;Akkermansia;Akkermansia muciniphila
k141_52955	Bacteria;Thermotogota;Thermotogae;Thermotogales;Thermotogaceae;Thermotoga
k141_38897	Bacteria;Planctomycetota;Planctomycetia;Pirellulales;Pirellulaceae;Rhodopirellula;Rhodopirellula baltica
k141_2369	Bacteria;Pseudomonadota;Gammaproteobacteria;Alteromonadales;Shewanellaceae;Shewanella
k141_9836	Archaea;Thermoproteota;Thermoprotei;Desulfurococcales;Desulfurococcaceae;Ignicoccus;Ignicoccus islandicus
k141_35309	Bacteria;Pseudomonadota;Gammaproteobacteria;Pseudomonadales;Pseudomonadaceae;Pseudomonas
k141_20176	Bacteria;Chlorobiota;Chlorobiia;Chlorobiales;Chlorobiaceae;Chlorobaculum;Chlorobaculum tepidum
k141_16571	Bacteria;Pseudomonadota;Gammaproteobacteria;Alteromonadales;Shewanellaceae;Shewanella
k141_46046	Bacteria;Pseudomonadota;Gammaproteobacteria;Pseudomonadales;Pseudomonadaceae;Pseudomonas
k141_16573	
k141_20178	Bacteria;Pseudomonadota;Gammaproteobacteria;Alteromonadales;Shewanellaceae;Shewanella
k141_9839	Bacteria;Chlorobiota;Chlorobiia;Chlorobiales;Chlorobiaceae;Chlorobaculum;Chlorobaculum tepidum
k141_2372	Bacteria;Pseudomonadota;Gammaproteobacteria;Pseudomonadales;Pseudomonadaceae;Pseudomonas
k141_35312	Bacteria;Verrucomicrobiota;Verrucomicrobiia;Verrucomicrobiales;Akkermansiaceae;Akkermansia;Akkermansia muciniphila
k141_50050	Bacteria;Pseudomonadota;Gammaproteobacteria;Alteromonadales;Shewanellaceae;Shewanella
k141_46049	Bacteria;Chlorobiota;Chlorobiia;Chlorobiales;Chlorobiaceae;Chlorobaculum
k141_2375	Bacteria;Pseudomonadota;Gammaproteobacteria
k141_46050	Bacteria;Fusobacteriota;Fusobacteriia;Fusobacteriales;Fusobacteriaceae;Fusobacterium
k141_9842	Bacteria;Cyanobacteriota;Cyanophyceae;Nostocales;Nostocaceae
k141_56701	Bacteria;Chlorobiota;Chlorobiia;Chlorobiales;Chlorobiaceae;Chlorobium;Chlorobium phaeobacteroides
k141_42463	Bacteria;Planctomycetota;Planctomycetia;Pirellulales;Pirellulaceae;Rhodopirellula;Rhodopirellula baltica
k141_52963	Archaea;Thermoproteota;Thermoprotei;Desulfurococcales;Desulfurococcaceae;Ignicoccus;Ignicoccus hospitalis
k141_46051	Archaea;Thermoproteota;Thermoprotei;Thermoproteales;Thermoproteaceae;Pyrobaculum;Pyrobaculum calidifontis
k141_20183	Bacteria;Pseudomonadota;Gammaproteobacteria;Pseudomonadales;Pseudomonadaceae;Pseudomonas
k141_23514	Bacteria;Planctomycetota;Planctomycetia;Pirellulales;Pirellulaceae;Rhodopirellula;Rhodopirellula baltica
k141_52964	Bacteria;Pseudomonadota;Gammaproteobacteria;Pseudomonadales;Pseudomonadaceae;Pseudomonas
k141_52966	Archaea;Methanobacteriota;Methanococci;Methanococcales;Methanococcaceae;Methanococcus;Methanococcus maripaludis
k141_42469	Archaea;Thermoproteota;Thermoprotei;Desulfurococcales;Desulfurococcaceae;Ignicoccus;Ignicoccus hospitalis
k141_23517	Bacteria;Chlorobiota;Chlorobiia;Chlorobiales;Chlorobiaceae;Chlorobaculum;Chlorobaculum tepidum
k141_56710	Archaea;Methanobacteriota;Methanococci;Methanococcales;Methanococcaceae;Methanococcus;Methanococcus maripaludis
k141_20187	Archaea;Thermoproteota;Thermoprotei;Desulfurococcales;Desulfurococcaceae;Ignicoccus;Ignicoccus islandicus
k141_9850	Bacteria;Pseudomonadota;Gammaproteobacteria;Pseudomonadales;Pseudomonadaceae;Pseudomonas
k141_27774	Bacteria;Thermotogota;Thermotogae;Thermotogales;Thermotogaceae;Thermotoga
k141_9851	Bacteria;Aquificota;Aquificia;Aquificales;Aquificaceae;Hydrogenobaculum;Hydrogenobaculum sp. Y04AAS1
k141_20188	
k141_16579	Bacteria;Planctomycetota;Planctomycetia;Pirellulales;Pirellulaceae;Rhodopirellula;Rhodopirellula baltica
k141_46053	Archaea;Methanobacteriota;Halobacteria;Halobacteriales;Halobacteriaceae;Halobacterium
k141_38900	Bacteria;Bacteroidota;Bacteroidia;Bacteroidales;Porphyromonadaceae;Porphyromonas;Porphyromonas gingivalis
k141_35314	Bacteria;Planctomycetota;Planctomycetia;Pirellulales;Pirellulaceae;Rhodopirellula;Rhodopirellula baltica
k141_56717	Bacteria;Cyanobacteriota;Cyanophyceae;Nostocales;Nostocaceae
k141_50058	Bacteria;Bacteroidota;Bacteroidia;Bacteroidales;Porphyromonadaceae;Porphyromonas;Porphyromonas gingivalis
k141_27777	Bacteria;Pseudomonadota;Gammaproteobacteria;Alteromonadales;Shewanellaceae;Shewanella;Shewanella baltica
k141_16582	Archaea;Thermoproteota;Thermoprotei;Thermoproteales;Thermoproteaceae;Pyrobaculum;Pyrobaculum calidifontis
k141_9860	Bacteria;Pseudomonadota;Gammaproteobacteria;Pseudomonadales;Pseudomonadaceae;Pseudomonas
k141_52986	Bacteria;Cyanobacteriota;Cyanophyceae;Nostocales;Nostocaceae
k141_35316	Bacteria;Bacteroidota;Bacteroidia;Bacteroidales;Bacteroidaceae;Phocaeicola;Phocaeicola vulgatus
k141_20196	
k141_16583	Bacteria;Pseudomonadota;Gammaproteobacteria;Pseudomonadales;Pseudomonadaceae;Pseudomonas
k141_9862	Bacteria;Cyanobacteriota;Cyanophyceae;Nostocales;Nostocaceae
k141_16584	Bacteria;Pseudomonadota;Gammaproteobacteria;Pseudomonadales;Pseudomonadaceae;Pseudomonas
k141_31460	Archaea;Methanobacteriota;Halobacteria;Halobacteriales
k141_52988	Bacteria;Fusobacteriota;Fusobacteriia;Fusobacteriales;Fusobacteriaceae;Fusobacterium
k141_35318	Archaea;Methanobacteriota;Methanococci;Methanococcales;Methanococcaceae;Methanococcus
k141_50066	Bacteria;Chlorobiota;Chlorobiia;Chlorobiales;Chlorobiaceae
k141_20200	Bacteria;Gemmatimonadota;Gemmatimonadia;Gemmatimonadales;Gemmatimonadaceae;Gemmatimonas;Gemmatimonas aurantiaca
k141_50067	Bacteria;Pseudomonadota;Gammaproteobacteria;Pseudomonadales;Pseudomonadaceae;Pseudomonas
k141_6022	Bacteria;Chlorobiota;Chlorobiia;Chlorobiales;Chlorobiaceae;Chlorobium;Chlorobium phaeovibrioides
k141_46055	Bacteria;Planctomycetota;Planctomycetia;Pirellulales;Pirellulaceae;Rhodopirellula;Rhodopirellula baltica
k141_52991	Bacteria;Chloroflexota;Chloroflexia;Chloroflexales;Chloroflexaceae;Chloroflexus;Chloroflexus aurantiacus
k141_56724	Bacteria;Fusobacteriota;Fusobacteriia;Fusobacteriales;Fusobacteriaceae;Fusobacterium
k141_31464	Archaea;Thermoproteota;Thermoprotei;Desulfurococcales;Desulfurococcaceae;Ignicoccus;Ignicoccus hospitalis
k141_27786	
k141_9873	Bacteria;Pseudomonadota;Gammaproteobacteria;Pseudomonadales;Pseudomonadaceae;Pseudomonas
k141_50074	Bacteria;Pseudomonadota;Gammaproteobacteria
k141_2385	
k141_6030	Bacteria;Cyanobacteriota;Cyanophyceae;Nostocales;Nostocaceae
k141_20205	Bacteria;Chlorobiota;Chlorobiia;Chlorobiales;Chlorobiaceae;Chlorobaculum
k141_46059	Bacteria;Chlorobiota;Chlorobiia;Chlorobiales;Chlorobiaceae;Chlorobium;Chlorobium phaeobacteroides
k141_56728	
k141_50077	Archaea;Methanobacteriota;Methanococci;Methanococcales;Methanococcaceae;Methanococcus
k141_16592	Archaea;Methanobacteriota;Methanococci;Methanococcales;Methanococcaceae;Methanococcus;Methanococcus maripaludis
k141_20206	Bacteria;Pseudomonadota;Gammaproteobacteria;Pseudomonadales;Pseudomonadaceae;Pseudomonas
k141_38920	Bacteria;Planctomycetota;Planctomycetia;Pirellulales;Pirellulaceae;Rhodopirellula;Rhodopirellula baltica
k141_9884	Bacteria;Aquificota;Aquificia;Aquificales;Aquificaceae;Hydrogenobaculum;Hydrogenobaculum sp. Y04AAS1
k141_6035	
k141_27802	Bacteria;Chlorobiota;Chlorobiia;Chlorobiales;Chlorobiaceae;Chlorobaculum;Chlorobaculum tepidum
k141_23521	
k141_52993	Bacteria;Planctomycetota;Planctomycetia;Pirellulales;Pirellulaceae;Rhodopirellula;Rhodopirellula baltica
k141_42473	Bacteria;Bacillota
k141_38923	Bacteria;Chlorobiota;Chlorobiia;Chlorobiales;Chlorobiaceae;Chlorobium;Chlorobium phaeobacteroides
k141_56733	Archaea;Methanobacteriota;Methanococci;Methanococcales;Methanococcaceae;Methanococcus;Methanococcus maripaludis
k141_2400	Bacteria;Chlorobiota;Chlorobiia;Chlorobiales;Chlorobiaceae;Chlorobium;Chlorobium phaeobacteroides
k141_6041	Archaea;Methanobacteriota;Methanococci;Methanococcales;Methanococcaceae;Methanococcus;Methanococcus maripaludis
k141_9895	Archaea;Methanobacteriota;Methanococci;Methanococcales;Methanococcaceae;Methanococcus;Methanococcus maripaludis
k141_56737	Bacteria;Bacteroidota;Bacteroidia;Bacteroidales;Bacteroidaceae;Phocaeicola
k141_16598	Bacteria;Pseudomonadota;Gammaproteobacteria;Alteromonadales;Shewanellaceae;Shewanella
k141_46071	Bacteria;Chlorobiota;Chlorobiia;Chlorobiales;Chlorobiaceae;Chlorobium;Chlorobium phaeobacteroides
k141_27809	Bacteria;Pseudomonadota;Gammaproteobacteria;Alteromonadales;Shewanellaceae;Shewanella
k141_42477	Archaea;Methanobacteriota;Methanococci;Methanococcales;Methanococcaceae;Methanococcus
k141_20208	Bacteria;Pseudomonadota;Gammaproteobacteria;Alteromonadales;Shewanellaceae;Shewanella
k141_56739	Archaea;Thermoproteota;Thermoprotei;Desulfurococcales;Desulfurococcaceae;Ignicoccus;Ignicoccus hospitalis
k141_13012	Archaea;Methanobacteriota;Thermococci;Thermococcales;Thermococcaceae;Pyrococcus;Pyrococcus horikoshii
k141_2407	Bacteria;Chloroflexota;Chloroflexia;Chloroflexales;Chloroflexaceae;Chloroflexus;Chloroflexus aurantiacus
k141_27811	Archaea;Methanobacteriota;Archaeoglobi;Archaeoglobales;Archaeoglobaceae;Archaeoglobus;Archaeoglobus fulgidus
k141_38935	Bacteria;Pseudomonadota;Gammaproteobacteria;Pseudomonadales;Pseudomonadaceae;Pseudomonas
k141_16599	Bacteria;Pseudomonadota;Gammaproteobacteria;Alteromonadales;Shewanellaceae;Shewanella
k141_52999	Bacteria;Thermotogota;Thermotogae;Thermotogales;Thermotogaceae;Thermotoga
k141_42480	
k141_2409	Bacteria;Aquificota;Aquificia;Aquificales;Aquificaceae;Hydrogenobaculum
k141_38938	
k141_53000	Bacteria;Verrucomicrobiota;Verrucomicrobiia;Verrucomicrobiales;Akkermansiaceae;Akkermansia;Akkermansia muciniphila
k141_6047	
k141_16603	Bacteria;Pseudomonadota;Gammaproteobacteria;Alteromonadales;Shewanellaceae;Shewanella
k141_46078	Bacteria;Chlorobiota;Chlorobiia;Chlorobiales;Chlorobiaceae;Chlorobaculum;Chlorobaculum tepidum
k141_27818	Bacteria;Thermotogota;Thermotogae;Thermotogales;Thermotogaceae;Thermotoga
k141_53001	
k141_23526	Bacteria;Pseudomonadota;Gammaproteobacteria;Alteromonadales;Shewanellaceae;Shewanella
k141_9912	Bacteria;Pseudomonadota;Gammaproteobacteria;Pseudomonadales;Pseudomonadaceae;Pseudomonas
k141_42484	Bacteria;Chlorobiota;Chlorobiia;Chlorobiales;Chlorobiaceae;Chlorobium;Chlorobium limicola
k141_27821	Bacteria;Pseudomonadota;Gammaproteobacteria;Alteromonadales;Shewanellaceae;Shewanella
k141_38939	Bacteria;Pseudomonadota;Gammaproteobacteria;Alteromonadales;Shewanellaceae;Shewanella
k141_2410	
k141_50085	
k141_27823	Bacteria;Campylobacterota;Epsilonproteobacteria;Campylobacterales;Helicobacteraceae;Wolinella;Wolinella succinogenes
k141_20229	
k141_16617	Bacteria;Chlorobiota;Chlorobiia;Chlorobiales;Chlorobiaceae;Chlorobium;Chlorobium phaeobacteroides
k141_23528	Bacteria;Pseudomonadota;Gammaproteobacteria;Alteromonadales;Shewanellaceae;Shewanella
k141_27826	Bacteria;Pseudomonadota;Gammaproteobacteria;Alteromonadales;Shewanellaceae;Shewanella;Shewanella baltica
k141_50091	Bacteria;Aquificota;Aquificia;Aquificales;Aquificaceae;Hydrogenobaculum
k141_56741	Bacteria;Pseudomonadota;Betaproteobacteria;Nitrosomonadales;Nitrosomonadaceae;Nitrosomonas
k141_38949	Bacteria;Pseudomonadota;Gammaproteobacteria;Pseudomonadales;Pseudomonadaceae
k141_50092	Bacteria;Aquificota;Aquificia;Aquificales;Aquificaceae;Hydrogenobaculum
k141_9930	Bacteria;Spirochaetota;Spirochaetia;Treponematales;Treponemataceae;Treponema;Treponema denticola
k141_16623	Bacteria;Chlorobiota;Chlorobiia;Chlorobiales;Chlorobiaceae;Chlorobium;Chlorobium phaeobacteroides
k141_31466	
k141_23533	Archaea;Methanobacteriota;Methanococci;Methanococcales;Methanococcaceae;Methanococcus;Methanococcus maripaludis
k141_56744	Bacteria;Pseudomonadota;Gammaproteobacteria;Pseudomonadales;Pseudomonadaceae;Pseudomonas
k141_2423	Archaea;Methanobacteriota;Methanococci;Methanococcales;Methanococcaceae;Methanococcus
k141_9931	Bacteria;Pseudomonadota;Gammaproteobacteria;Alteromonadales;Shewanellaceae;Shewanella
k141_27831	Bacteria;Bacteroidota;Bacteroidia;Bacteroidales;Porphyromonadaceae;Porphyromonas;Porphyromonas gingivalis
k141_23535	Bacteria;Chlorobiota;Chlorobiia;Chlorobiales;Chlorobiaceae;Chlorobium;Chlorobium phaeobacteroides
k141_13034	Bacteria;Pseudomonadota;Gammaproteobacteria;Alteromonadales;Shewanellaceae;Shewanella
k141_50099	Bacteria;Pseudomonadota;Gammaproteobacteria;Pseudomonadales;Pseudomonadaceae;Pseudomonas
k141_31472	Bacteria;Pseudomonadota;Gammaproteobacteria;Pseudomonadales;Pseudomonadaceae;Pseudomonas
k141_46102	Bacteria;Chlorobiota;Chlorobiia;Chlorobiales;Chlorobiaceae;Chlorobaculum;Chlorobaculum tepidum
k141_16628	Bacteria;Pseudomonadota;Gammaproteobacteria;Alteromonadales;Shewanellaceae;Shewanella
k141_20230	Bacteria;Bacteroidota;Bacteroidia;Bacteroidales;Porphyromonadaceae;Porphyromonas;Porphyromonas gingivalis
k141_6048	Bacteria;Bacteroidota;Bacteroidia;Bacteroidales;Porphyromonadaceae;Porphyromonas;Porphyromonas gingivalis
k141_38960	Bacteria;Pseudomonadota;Gammaproteobacteria;Pseudomonadales;Pseudomonadaceae;Pseudomonas
k141_56753	Bacteria;Pseudomonadota;Gammaproteobacteria;Pseudomonadales;Pseudomonadaceae;Pseudomonas
k141_38961	Bacteria;Chlorobiota;Chlorobiia;Chlorobiales;Chlorobiaceae;Chlorobaculum;Chlorobaculum tepidum
k141_6049	Bacteria;Bacteroidota;Bacteroidia;Bacteroidales;Bacteroidaceae
k141_50102	Archaea;Methanobacteriota;Methanococci;Methanococcales;Methanococcaceae;Methanococcus
k141_16630	
k141_50103	Bacteria;Aquificota;Aquificia;Aquificales;Aquificaceae;Hydrogenobaculum
k141_23545	Bacteria;Thermotogota;Thermotogae;Thermotogales
k141_20237	
k141_50105	Archaea;Thermoproteota;Thermoprotei;Thermoproteales;Thermoproteaceae;Pyrobaculum;Pyrobaculum calidifontis
k141_50107	Bacteria;Chloroflexota;Chloroflexia;Chloroflexales;Chloroflexaceae;Chloroflexus;Chloroflexus aurantiacus
k141_56760	Bacteria;Cyanobacteriota;Cyanophyceae;Nostocales;Nostocaceae
k141_38965	Archaea;Thermoproteota;Thermoprotei;Desulfurococcales;Desulfurococcaceae;Ignicoccus;Ignicoccus hospitalis
k141_20242	Bacteria;Cyanobacteriota;Cyanophyceae;Nostocales;Nostocaceae
k141_53003	Bacteria;Thermodesulfobacteriota;Desulfobulbia;Desulfobulbales;Desulfobulbaceae;Desulfobulbus;Desulfobulbus oralis
k141_31476	Bacteria;Fusobacteriota;Fusobacteriia;Fusobacteriales;Fusobacteriaceae;Fusobacterium
k141_16639	Bacteria;Chlorobiota;Chlorobiia;Chlorobiales;Chlorobiaceae;Chlorobaculum
k141_50109	Bacteria;Planctomycetota;Planctomycetia;Pirellulales;Pirellulaceae;Rhodopirellula;Rhodopirellula baltica
k141_35319	Bacteria;Bacteroidota;Bacteroidia;Bacteroidales;Porphyromonadaceae;Porphyromonas;Porphyromonas gingivalis
k141_13046	Archaea;Methanobacteriota;Methanococci;Methanococcales;Methanococcaceae;Methanococcus;Methanococcus maripaludis
k141_9941	Archaea;Methanobacteriota;Halobacteria;Halobacteriales;Halobacteriaceae;Halobacterium
k141_38966	Bacteria;Pseudomonadota;Gammaproteobacteria;Pseudomonadales;Pseudomonadaceae;Pseudomonas;Pseudomonas marginalis
k141_53007	Bacteria
k141_38968	Bacteria;Bacteroidota;Bacteroidia;Bacteroidales;Bacteroidaceae;Phocaeicola;Phocaeicola vulgatus
k141_50113	Bacteria;Aquificota;Aquificia;Aquificales;Aquificaceae;Hydrogenobaculum;Hydrogenobaculum sp. Y04AAS1
k141_13049	Bacteria;Pseudomonadota;Gammaproteobacteria;Pseudomonadales;Pseudomonadaceae;Pseudomonas
k141_16642	
k141_20244	Bacteria;Chlorobiota;Chlorobiia;Chlorobiales;Chlorobiaceae;Chlorobium;Chlorobium phaeobacteroides
k141_35323	Bacteria;Pseudomonadota;Gammaproteobacteria;Alteromonadales;Shewanellaceae;Shewanella
k141_56761	Bacteria;Pseudomonadota;Gammaproteobacteria;Alteromonadales;Shewanellaceae;Shewanella
k141_9943	Bacteria;Chlorobiota;Chlorobiia;Chlorobiales;Chlorobiaceae;Chlorobium;Chlorobium phaeobacteroides
k141_35324	
k141_35327	Bacteria;Pseudomonadota;Gammaproteobacteria;Pseudomonadales;Pseudomonadaceae;Pseudomonas
k141_56765	
k141_9946	Bacteria;Pseudomonadota;Gammaproteobacteria;Alteromonadales;Shewanellaceae;Shewanella
k141_50114	Bacteria;Pseudomonadota;Gammaproteobacteria;Alteromonadales;Shewanellaceae;Shewanella
k141_38975	Bacteria;Chlorobiota;Chlorobiia;Chlorobiales;Chlorobiaceae;Chlorobium;Chlorobium phaeobacteroides
k141_38977	Bacteria;Pseudomonadota;Gammaproteobacteria;Pseudomonadales;Pseudomonadaceae;Pseudomonas
k141_56769	Bacteria;Chlorobiota;Chlorobiia;Chlorobiales;Chlorobiaceae;Chlorobium;Chlorobium phaeobacteroides
k141_9948	Bacteria;Pseudomonadota;Gammaproteobacteria;Alteromonadales;Shewanellaceae;Shewanella
k141_50124	Bacteria;Pseudomonadota;Gammaproteobacteria;Alteromonadales;Shewanellaceae;Shewanella
k141_13060	Bacteria;Pseudomonadota;Gammaproteobacteria;Pseudomonadales;Pseudomonadaceae;Pseudomonas
k141_35338	Bacteria;Verrucomicrobiota;Verrucomicrobiia;Verrucomicrobiales;Akkermansiaceae;Akkermansia
k141_53016	Bacteria;Planctomycetota;Planctomycetia;Pirellulales;Pirellulaceae;Rhodopirellula;Rhodopirellula baltica
k141_35340	Bacteria;Pseudomonadota;Gammaproteobacteria;Pseudomonadales;Pseudomonadaceae;Pseudomonas
k141_20263	Bacteria;Pseudomonadota;Gammaproteobacteria;Pseudomonadales;Pseudomonadaceae;Pseudomonas
k141_31491	Bacteria;Bacillota
k141_9951	Archaea;Thermoproteota;Thermoprotei;Desulfurococcales;Desulfurococcaceae;Ignicoccus;Ignicoccus hospitalis
k141_13068	Bacteria;Pseudomonadota;Gammaproteobacteria;Pseudomonadales;Pseudomonadaceae;Pseudomonas
k141_23585	Bacteria;Planctomycetota;Planctomycetia;Pirellulales;Pirellulaceae;Rhodopirellula;Rhodopirellula baltica
k141_9952	Bacteria;Chloroflexota;Chloroflexia;Chloroflexales;Chloroflexaceae;Chloroflexus;Chloroflexus aurantiacus
k141_53023	Bacteria;Chlorobiota;Chlorobiia;Chlorobiales;Chlorobiaceae;Chlorobaculum;Chlorobaculum tepidum
k141_50130	
k141_6061	Bacteria;Fusobacteriota;Fusobacteriia;Fusobacteriales;Fusobacteriaceae;Fusobacterium
k141_9953	Archaea;Thermoproteota;Thermoprotei;Desulfurococcales;Desulfurococcaceae;Ignicoccus;Ignicoccus islandicus
k141_20272	Bacteria;Chlorobiota;Chlorobiia;Chlorobiales;Chlorobiaceae;Chlorobium;Chlorobium phaeobacteroides
k141_23589	Bacteria;Pseudomonadota;Gammaproteobacteria;Pseudomonadales;Pseudomonadaceae;Pseudomonas
k141_6062	Bacteria;Pseudomonadota;Gammaproteobacteria;Alteromonadales;Shewanellaceae;Shewanella
k141_53024	Archaea;Methanobacteriota;Halobacteria;Halobacteriales
k141_35354	Archaea;Methanobacteriota;Methanopyri;Methanopyrales;Methanopyraceae;Methanopyrus;Methanopyrus kandleri
k141_13076	Bacteria;Pseudomonadota;Gammaproteobacteria;Pseudomonadales;Pseudomonadaceae;Pseudomonas
k141_6064	Bacteria;Bacteroidota;Bacteroidia;Bacteroidales;Bacteroidaceae;Phocaeicola
k141_23597	Bacteria;Cyanobacteriota;Cyanophyceae;Nostocales;Nostocaceae
k141_53033	Bacteria;Cyanobacteriota;Cyanophyceae;Nostocales
k141_38991	Archaea;Methanobacteriota;Halobacteria;Halobacteriales;Halobacteriaceae;Halobacterium
k141_42489	Bacteria;Bacillota
k141_13081	Archaea;Thermoproteota;Thermoprotei;Desulfurococcales;Desulfurococcaceae;Ignicoccus;Ignicoccus hospitalis
k141_42494	Bacteria;Pseudomonadota;Gammaproteobacteria;Pseudomonadales;Pseudomonadaceae;Pseudomonas
k141_20278	Bacteria;Thermodesulfobacteriota;Desulfobulbia;Desulfobulbales;Desulfobulbaceae;Desulfobulbus;Desulfobulbus oralis
k141_27838	Bacteria;Thermodesulfobacteriota;Desulfobulbia;Desulfobulbales;Desulfobulbaceae;Desulfobulbus;Desulfobulbus oralis
k141_42501	Bacteria;Pseudomonadota;Gammaproteobacteria;Pseudomonadales;Pseudomonadaceae;Pseudomonas
k141_20281	Bacteria;Pseudomonadota;Gammaproteobacteria;Pseudomonadales;Pseudomonadaceae;Pseudomonas
k141_35359	Bacteria;Bacteroidota;Bacteroidia;Bacteroidales;Porphyromonadaceae;Porphyromonas;Porphyromonas gingivalis
k141_13091	Bacteria;Chlorobiota;Chlorobiia;Chlorobiales;Chlorobiaceae;Chlorobaculum;Chlorobaculum tepidum
k141_53055	Bacteria;Pseudomonadota;Gammaproteobacteria;Alteromonadales;Shewanellaceae;Shewanella
k141_35360	Bacteria;Thermotogota;Thermotogae;Thermotogales;Thermotogaceae;Thermotoga
k141_42503	Bacteria;Aquificota;Aquificia;Aquificales;Aquificaceae;Hydrogenobaculum;Hydrogenobaculum sp. Y04AAS1
k141_23619	Archaea;Thermoproteota;Thermoprotei;Desulfurococcales;Desulfurococcaceae;Ignicoccus;Ignicoccus hospitalis
k141_13092	Bacteria;Aquificota;Aquificia;Aquificales;Aquificaceae;Hydrogenobaculum
k141_53058	Bacteria;Aquificota;Aquificia;Aquificales;Aquificaceae;Hydrogenobaculum
k141_46108	
k141_2431	Bacteria;Pseudomonadota;Betaproteobacteria;Nitrosomonadales;Nitrosomonadaceae;Nitrosomonas
k141_35365	Bacteria;Spirochaetota;Spirochaetia;Treponematales;Treponemataceae;Treponema
k141_23623	Bacteria;Bacillota
k141_13097	Bacteria;Pseudomonadota;Gammaproteobacteria;Pseudomonadales;Pseudomonadaceae;Pseudomonas
k141_13098	Bacteria;Pseudomonadota;Gammaproteobacteria;Alteromonadales;Shewanellaceae;Shewanella
k141_2432	Bacteria;Chlorobiota;Chlorobiia;Chlorobiales;Chlorobiaceae;Chlorobium;Chlorobium phaeobacteroides
k141_20289	
k141_23628	
k141_13099	Bacteria;Pseudomonadota;Gammaproteobacteria;Pseudomonadales;Pseudomonadaceae;Pseudomonas
k141_35369	Bacteria;Pseudomonadota;Gammaproteobacteria;Alteromonadales;Shewanellaceae;Shewanella
k141_13100	Bacteria;Pseudomonadota;Gammaproteobacteria;Pseudomonadales;Pseudomonadaceae;Pseudomonas
k141_2436	
k141_42507	
k141_23632	Archaea;Methanobacteriota;Methanococci;Methanococcales;Methanococcaceae;Methanococcus;Methanococcus maripaludis
k141_27856	
k141_42508	Bacteria;Pseudomonadota;Gammaproteobacteria;Alteromonadales;Shewanellaceae;Shewanella
k141_6068	Bacteria;Planctomycetota;Planctomycetia;Pirellulales;Pirellulaceae;Rhodopirellula;Rhodopirellula baltica
k141_20297	Archaea;Methanobacteriota;Methanococci;Methanococcales;Methanocaldococcaceae;Methanocaldococcus;Methanocaldococcus jannaschii
k141_6070	Bacteria;Bacteroidota;Bacteroidia;Bacteroidales;Bacteroidaceae;Phocaeicola;Phocaeicola vulgatus
k141_9954	
k141_13108	Bacteria;Pseudomonadota;Gammaproteobacteria;Pseudomonadales;Pseudomonadaceae;Pseudomonas
k141_6071	Bacteria;Bacteroidota;Bacteroidia;Bacteroidales;Bacteroidaceae;Phocaeicola;Phocaeicola vulgatus
k141_2444	Bacteria;Planctomycetota;Planctomycetia;Pirellulales;Pirellulaceae;Rhodopirellula;Rhodopirellula baltica
k141_35387	Bacteria;Cyanobacteriota;Cyanophyceae;Nostocales;Nostocaceae
k141_42512	Archaea;Thermoproteota;Thermoprotei;Thermoproteales;Thermoproteaceae;Pyrobaculum;Pyrobaculum calidifontis
k141_9955	Bacteria;Bacteroidota;Bacteroidia;Bacteroidales;Bacteroidaceae
k141_23634	Bacteria;Pseudomonadota;Gammaproteobacteria;Alteromonadales;Shewanellaceae;Shewanella
k141_6075	Bacteria;Cyanobacteriota;Cyanophyceae;Nostocales;Nostocaceae
k141_20301	Bacteria;Planctomycetota;Planctomycetia;Pirellulales;Pirellulaceae;Rhodopirellula;Rhodopirellula baltica
k141_42516	Bacteria;Pseudomonadota;Gammaproteobacteria;Alteromonadales;Shewanellaceae;Shewanella
k141_6078	Bacteria;Aquificota;Aquificia;Aquificales;Aquificaceae;Hydrogenobaculum;Hydrogenobaculum sp. Y04AAS1
k141_9960	Bacteria;Pseudomonadota;Gammaproteobacteria;Pseudomonadales;Pseudomonadaceae;Pseudomonas
k141_23641	Bacteria;Campylobacterota;Epsilonproteobacteria;Campylobacterales;Helicobacteraceae;Wolinella;Wolinella succinogenes
k141_2456	
k141_42519	Bacteria;Chloroflexota;Chloroflexia;Chloroflexales;Chloroflexaceae;Chloroflexus;Chloroflexus aurantiacus
k141_13119	Bacteria;Pseudomonadota;Gammaproteobacteria;Pseudomonadales;Pseudomonadaceae;Pseudomonas
k141_6084	Bacteria;Chlorobiota;Chlorobiia;Chlorobiales;Chlorobiaceae;Chlorobium;Chlorobium phaeobacteroides
k141_9964	Bacteria;Bacteroidota;Bacteroidia;Bacteroidales;Bacteroidaceae;Phocaeicola
k141_35400	Archaea;Thermoproteota;Thermoprotei;Desulfurococcales;Desulfurococcaceae;Ignicoccus;Ignicoccus islandicus
k141_20306	Archaea;Methanobacteriota;Halobacteria;Halobacteriales;Halobacteriaceae;Halobacterium
k141_2459	Archaea;Methanobacteriota;Methanococci;Methanococcales;Methanococcaceae;Methanococcus;Methanococcus maripaludis
k141_2460	Archaea;Thermoproteota;Thermoprotei;Thermoproteales;Thermoproteaceae;Pyrobaculum;Pyrobaculum calidifontis
k141_23645	Bacteria;Pseudomonadota;Gammaproteobacteria;Alteromonadales;Shewanellaceae;Shewanella
k141_20308	Archaea;Methanobacteriota;Methanococci;Methanococcales;Methanococcaceae;Methanococcus;Methanococcus maripaludis
k141_35405	Bacteria;Pseudomonadota;Gammaproteobacteria;Pseudomonadales;Pseudomonadaceae;Pseudomonas
k141_42520	
k141_9968	Bacteria;Pseudomonadota;Gammaproteobacteria;Alteromonadales;Shewanellaceae;Shewanella
k141_20310	Bacteria;Pseudomonadota;Gammaproteobacteria;Pseudomonadales;Pseudomonadaceae;Pseudomonas
k141_13121	Bacteria;Planctomycetota;Planctomycetia;Pirellulales;Pirellulaceae;Rhodopirellula;Rhodopirellula baltica
k141_6094	Bacteria;Pseudomonadota;Gammaproteobacteria;Pseudomonadales;Pseudomonadaceae;Pseudomonas
k141_35411	Archaea;Thermoproteota;Thermoprotei;Desulfurococcales;Desulfurococcaceae;Ignicoccus;Ignicoccus islandicus
k141_6095	Bacteria;Bacteroidota;Bacteroidia;Bacteroidales;Bacteroidaceae;Phocaeicola
k141_23649	Archaea;Methanobacteriota;Methanococci;Methanococcales;Methanococcaceae;Methanococcus
k141_13123	Bacteria;Planctomycetota;Planctomycetia;Pirellulales;Pirellulaceae;Rhodopirellula;Rhodopirellula baltica
k141_42528	Bacteria;Pseudomonadota;Gammaproteobacteria;Pseudomonadales;Pseudomonadaceae
k141_23651	Bacteria;Pseudomonadota;Gammaproteobacteria;Pseudomonadales;Pseudomonadaceae;Pseudomonas
k141_35416	Bacteria;Pseudomonadota;Gammaproteobacteria;Pseudomonadales;Pseudomonadaceae;Pseudomonas
k141_20315	
k141_20316	Bacteria;Pseudomonadota;Betaproteobacteria;Burkholderiales;Burkholderiaceae;Paraburkholderia;Paraburkholderia xenovorans
k141_35417	
k141_23654	Bacteria;Pseudomonadota;Gammaproteobacteria;Pseudomonadales;Pseudomonadaceae;Pseudomonas
k141_2466	Bacteria;Fusobacteriota;Fusobacteriia;Fusobacteriales;Fusobacteriaceae;Fusobacterium
k141_46127	Bacteria;Planctomycetota;Planctomycetia;Pirellulales;Pirellulaceae;Rhodopirellula;Rhodopirellula baltica
k141_42537	Bacteria;Pseudomonadota;Gammaproteobacteria;Alteromonadales;Shewanellaceae;Shewanella
k141_6101	Bacteria;Fusobacteriota;Fusobacteriia;Fusobacteriales;Fusobacteriaceae;Fusobacterium
k141_20321	Archaea;Thermoproteota;Thermoprotei;Desulfurococcales;Desulfurococcaceae;Ignicoccus;Ignicoccus islandicus
k141_27869	
k141_13135	
k141_6103	Bacteria;Chlorobiota;Chlorobiia;Chlorobiales;Chlorobiaceae;Chlorobaculum;Chlorobaculum tepidum
k141_27873	Bacteria;Pseudomonadota;Gammaproteobacteria;Pseudomonadales;Pseudomonadaceae;Pseudomonas
k141_35427	Bacteria;Pseudomonadota;Gammaproteobacteria;Pseudomonadales;Pseudomonadaceae;Pseudomonas
k141_46134	Bacteria;Pseudomonadota;Gammaproteobacteria;Pseudomonadales;Pseudomonadaceae;Pseudomonas
k141_20327	Bacteria;Bacillota;Clostridia;Acetivibrionales;Acetivibrionaceae;Acetivibrio
k141_23660	Bacteria;Pseudomonadota;Gammaproteobacteria;Alteromonadales;Shewanellaceae;Shewanella
k141_6105	Bacteria;Pseudomonadota;Gammaproteobacteria;Pseudomonadales;Pseudomonadaceae;Pseudomonas;Pseudomonas marginalis
k141_27874	Bacteria;Chlorobiota;Chlorobiia;Chlorobiales;Chlorobiaceae;Chlorobaculum
k141_46135	Archaea;Thermoproteota;Thermoprotei;Desulfurococcales;Desulfurococcaceae;Ignicoccus;Ignicoccus islandicus
k141_42543	Bacteria;Bacillota
k141_20329	Bacteria;Campylobacterota;Epsilonproteobacteria;Campylobacterales;Helicobacteraceae;Wolinella;Wolinella succinogenes
k141_46136	Archaea;Methanobacteriota;Methanopyri;Methanopyrales;Methanopyraceae;Methanopyrus
k141_2477	Bacteria;Pseudomonadota;Gammaproteobacteria;Alteromonadales;Shewanellaceae;Shewanella
k141_16648	Archaea;Methanobacteriota;Thermococci;Thermococcales;Thermococcaceae;Pyrococcus;Pyrococcus horikoshii
k141_42548	Bacteria;Bacteroidota;Bacteroidia;Bacteroidales;Bacteroidaceae;Phocaeicola
k141_23666	
k141_23667	Bacteria;Cyanobacteriota;Cyanophyceae;Nostocales;Nostocaceae
k141_46140	Bacteria;Campylobacterota;Epsilonproteobacteria;Campylobacterales;Helicobacteraceae;Wolinella;Wolinella succinogenes
k141_42550	Bacteria;Pseudomonadota;Gammaproteobacteria;Pseudomonadales;Pseudomonadaceae;Pseudomonas
k141_13150	Bacteria;Bacteroidota;Bacteroidia;Bacteroidales;Bacteroidaceae;Phocaeicola
k141_2480	Bacteria;Pseudomonadota;Gammaproteobacteria;Pseudomonadales;Pseudomonadaceae;Pseudomonas
k141_20336	Bacteria;Planctomycetota;Planctomycetia;Pirellulales;Pirellulaceae;Rhodopirellula;Rhodopirellula baltica
k141_16650	Bacteria;Pseudomonadota;Gammaproteobacteria;Pseudomonadales;Pseudomonadaceae;Pseudomonas
k141_9974	
k141_46142	
k141_23671	Archaea;Thermoproteota;Thermoprotei;Desulfurococcales;Desulfurococcaceae;Ignicoccus;Ignicoccus islandicus
k141_9977	Bacteria;Verrucomicrobiota;Verrucomicrobiia;Verrucomicrobiales;Akkermansiaceae;Akkermansia
k141_46143	Bacteria;Chlorobiota;Chlorobiia;Chlorobiales;Chlorobiaceae;Chlorobium;Chlorobium phaeobacteroides
k141_16657	Bacteria;Pseudomonadota;Gammaproteobacteria;Alteromonadales;Shewanellaceae;Shewanella
k141_46145	
k141_20341	Bacteria;Pseudomonadota;Gammaproteobacteria;Pseudomonadales;Pseudomonadaceae;Pseudomonas
k141_42554	Bacteria;Fusobacteriota;Fusobacteriia;Fusobacteriales;Fusobacteriaceae;Fusobacterium
k141_9984	Bacteria;Aquificota;Aquificia;Aquificales;Aquificaceae;Hydrogenobaculum;Hydrogenobaculum sp. Y04AAS1
k141_23681	Bacteria;Chlorobiota;Chlorobiia;Chlorobiales;Chlorobiaceae;Chlorobium;Chlorobium limicola
k141_9986	Bacteria;Chlorobiota;Chlorobiia;Chlorobiales;Chlorobiaceae;Chlorobium;Chlorobium phaeobacteroides
k141_16661	Bacteria;Pseudomonadota;Gammaproteobacteria;Pseudomonadales;Pseudomonadaceae;Pseudomonas
k141_6108	Bacteria;Bacillota
k141_23682	Archaea;Methanobacteriota;Methanococci;Methanococcales;Methanococcaceae;Methanococcus;Methanococcus maripaludis
k141_9990	Bacteria;Verrucomicrobiota;Verrucomicrobiia;Verrucomicrobiales;Akkermansiaceae;Akkermansia;Akkermansia muciniphila
k141_16665	Bacteria;Chlorobiota;Chlorobiia;Chlorobiales;Chlorobiaceae;Chlorobium;Chlorobium phaeobacteroides
k141_53060	Bacteria;Bacillota
k141_23685	Bacteria;Acidobacteriota;Terriglobia;Terriglobales;Acidobacteriaceae;Acidobacterium;Acidobacterium capsulatum
k141_46155	Bacteria;Pseudomonadota;Gammaproteobacteria;Alteromonadales;Shewanellaceae;Shewanella
k141_9995	Bacteria;Aquificota;Aquificia;Aquificales;Aquificaceae;Hydrogenobaculum
k141_35440	Bacteria;Planctomycetota;Planctomycetia;Pirellulales;Pirellulaceae;Rhodopirellula;Rhodopirellula baltica
k141_20347	Bacteria;Fusobacteriota;Fusobacteriia;Fusobacteriales;Fusobacteriaceae;Fusobacterium
k141_23686	Bacteria;Chlorobiota;Chlorobiia;Chlorobiales;Chlorobiaceae;Chlorobium;Chlorobium phaeobacteroides
k141_16667	Bacteria;Verrucomicrobiota;Verrucomicrobiia;Verrucomicrobiales;Akkermansiaceae;Akkermansia;Akkermansia muciniphila
k141_53061	Bacteria;Planctomycetota;Planctomycetia;Pirellulales;Pirellulaceae;Rhodopirellula;Rhodopirellula baltica
k141_46157	Bacteria;Deinococcota;Deinococci;Deinococcales;Deinococcaceae;Deinococcus
k141_13179	Bacteria;Chloroflexota;Chloroflexia;Chloroflexales;Chloroflexaceae;Chloroflexus;Chloroflexus aurantiacus
k141_2482	Bacteria;Bacillota
k141_46160	Bacteria
k141_16673	Bacteria;Pseudomonadota;Gammaproteobacteria;Alteromonadales;Shewanellaceae;Shewanella
k141_35445	Bacteria;Chlorobiota;Chlorobiia;Chlorobiales;Chlorobiaceae;Chlorobium;Chlorobium phaeobacteroides
k141_10001	Bacteria;Pseudomonadota;Gammaproteobacteria;Alteromonadales;Shewanellaceae;Shewanella
k141_13182	Bacteria;Cyanobacteriota;Cyanophyceae;Nostocales;Nostocaceae
k141_6110	Bacteria;Planctomycetota;Planctomycetia;Pirellulales;Pirellulaceae;Rhodopirellula;Rhodopirellula baltica
k141_2485	Bacteria;Aquificota;Aquificia;Aquificales;Aquificaceae;Hydrogenobaculum
k141_42577	Bacteria;Chlorobiota;Chlorobiia;Chlorobiales;Chlorobiaceae;Chlorobium
k141_35447	Bacteria;Pseudomonadota;Gammaproteobacteria;Pseudomonadales;Pseudomonadaceae;Pseudomonas
k141_23692	Bacteria;Chlorobiota;Chlorobiia;Chlorobiales;Chlorobiaceae;Chlorobium;Chlorobium phaeobacteroides
k141_53070	Bacteria;Pseudomonadota;Gammaproteobacteria;Alteromonadales;Shewanellaceae;Shewanella
k141_13186	
k141_6112	
k141_10009	Bacteria;Pseudomonadota;Gammaproteobacteria;Alteromonadales;Shewanellaceae;Shewanella
k141_13187	Bacteria;Pseudomonadota;Gammaproteobacteria
k141_6113	Bacteria;Pseudomonadota;Gammaproteobacteria;Alteromonadales;Shewanellaceae;Shewanella
k141_35451	Bacteria;Chlorobiota;Chlorobiia;Chlorobiales;Chlorobiaceae;Chlorobaculum;Chlorobaculum tepidum
k141_23695	Bacteria;Pseudomonadota;Gammaproteobacteria;Pseudomonadales;Pseudomonadaceae
k141_6115	Bacteria;Chloroflexota;Chloroflexia;Chloroflexales;Chloroflexaceae;Chloroflexus;Chloroflexus aurantiacus
k141_13190	Bacteria;Cyanobacteriota;Cyanophyceae;Nostocales
k141_2488	Archaea;Thermoproteota;Thermoprotei;Desulfurococcales;Desulfurococcaceae;Ignicoccus;Ignicoccus hospitalis
k141_10016	Bacteria;Pseudomonadota;Gammaproteobacteria;Pseudomonadales;Pseudomonadaceae;Pseudomonas
k141_35455	Bacteria;Pseudomonadota;Gammaproteobacteria;Pseudomonadales;Pseudomonadaceae;Pseudomonas
k141_10017	Bacteria;Planctomycetota;Planctomycetia;Pirellulales;Pirellulaceae;Rhodopirellula;Rhodopirellula baltica
k141_16690	Bacteria;Verrucomicrobiota;Verrucomicrobiia;Verrucomicrobiales;Akkermansiaceae;Akkermansia
k141_6121	Bacteria;Pseudomonadota;Gammaproteobacteria;Pseudomonadales;Pseudomonadaceae;Pseudomonas
k141_42593	Bacteria;Pseudomonadota;Gammaproteobacteria;Pseudomonadales;Pseudomonadaceae;Pseudomonas
k141_13194	Bacteria;Pseudomonadota;Gammaproteobacteria;Pseudomonadales;Pseudomonadaceae;Pseudomonas
k141_35456	Bacteria;Pseudomonadota;Gammaproteobacteria;Pseudomonadales;Pseudomonadaceae;Pseudomonas
k141_10019	
k141_35457	Bacteria;Pseudomonadota;Gammaproteobacteria;Pseudomonadales;Pseudomonadaceae;Pseudomonas
k141_42596	Bacteria;Pseudomonadota;Gammaproteobacteria;Pseudomonadales;Pseudomonadaceae;Pseudomonas
k141_13196	
k141_42599	Bacteria;Pseudomonadota
k141_6127	Bacteria;Pseudomonadota;Gammaproteobacteria;Pseudomonadales;Pseudomonadaceae;Pseudomonas
k141_10027	Bacteria
k141_2500	Bacteria;Planctomycetota;Planctomycetia;Pirellulales;Pirellulaceae;Rhodopirellula;Rhodopirellula baltica
k141_6128	Bacteria;Pseudomonadota;Gammaproteobacteria;Pseudomonadales;Pseudomonadaceae;Pseudomonas
k141_16694	Bacteria;Planctomycetota;Planctomycetia;Pirellulales;Pirellulaceae;Rhodopirellula;Rhodopirellula baltica
k141_35460	
k141_20350	Bacteria;Planctomycetota;Planctomycetia;Pirellulales;Pirellulaceae;Rhodopirellula;Rhodopirellula baltica
k141_10030	Bacteria;Pseudomonadota;Gammaproteobacteria;Pseudomonadales;Pseudomonadaceae;Pseudomonas
k141_53082	Archaea;Thermoproteota;Thermoprotei;Desulfurococcales;Desulfurococcaceae;Ignicoccus;Ignicoccus hospitalis
k141_42607	Bacteria;Pseudomonadota;Gammaproteobacteria;Pseudomonadales;Pseudomonadaceae;Pseudomonas
k141_20351	Archaea;Thermoproteota;Thermoprotei;Thermoproteales;Thermoproteaceae;Pyrobaculum;Pyrobaculum calidifontis
k141_16699	Bacteria;Pseudomonadota;Gammaproteobacteria;Pseudomonadales;Pseudomonadaceae
k141_53083	Bacteria;Aquificota;Aquificia;Aquificales;Aquificaceae;Hydrogenobaculum
k141_16700	Bacteria;Chloroflexota;Chloroflexia;Chloroflexales;Chloroflexaceae;Chloroflexus;Chloroflexus aurantiacus
k141_6135	Archaea;Thermoproteota;Thermoprotei;Desulfurococcales;Desulfurococcaceae;Ignicoccus;Ignicoccus hospitalis
k141_23699	Archaea;Methanobacteriota;Halobacteria;Halobacteriales;Halobacteriaceae;Halobacterium
k141_35463	Bacteria;Pseudomonadota;Gammaproteobacteria;Alteromonadales;Shewanellaceae;Shewanella
k141_6140	Bacteria;Pseudomonadota;Gammaproteobacteria;Pseudomonadales;Pseudomonadaceae;Pseudomonas
k141_42621	
k141_53089	Archaea;Thermoproteota;Thermoprotei;Desulfurococcales;Desulfurococcaceae;Ignicoccus;Ignicoccus hospitalis
k141_16704	Bacteria;Chlorobiota;Chlorobiia;Chlorobiales;Chlorobiaceae;Chlorobium;Chlorobium phaeobacteroides
k141_10036	Bacteria;Planctomycetota;Planctomycetia;Pirellulales;Pirellulaceae;Rhodopirellula;Rhodopirellula baltica
k141_35470	Bacteria;Pseudomonadota;Gammaproteobacteria;Pseudomonadales;Pseudomonadaceae
k141_53091	
k141_6145	Bacteria;Aquificota;Aquificia;Aquificales;Aquificaceae;Hydrogenobaculum
k141_35472	Archaea;Methanobacteriota;Methanococci;Methanococcales;Methanococcaceae;Methanococcus;Methanococcus maripaludis
k141_42630	Bacteria;Chlorobiota;Chlorobiia;Chlorobiales;Chlorobiaceae;Chlorobium;Chlorobium phaeobacteroides
k141_6146	Bacteria;Bacillota
k141_6147	Bacteria;Pseudomonadota;Gammaproteobacteria;Pseudomonadales;Pseudomonadaceae;Pseudomonas
k141_42631	Bacteria;Pseudomonadota;Gammaproteobacteria;Pseudomonadales;Pseudomonadaceae;Pseudomonas
k141_16705	Bacteria;Planctomycetota;Planctomycetia;Pirellulales;Pirellulaceae;Rhodopirellula;Rhodopirellula baltica
k141_2502	Bacteria;Bacillota
k141_16710	Bacteria;Pseudomonadota;Gammaproteobacteria;Pseudomonadales;Pseudomonadaceae;Pseudomonas
k141_2503	Bacteria;Pseudomonadota
k141_42634	Bacteria;Planctomycetota;Planctomycetia;Pirellulales;Pirellulaceae;Rhodopirellula;Rhodopirellula baltica
k141_10044	Bacteria;Planctomycetota;Planctomycetia;Pirellulales;Pirellulaceae;Rhodopirellula;Rhodopirellula baltica
k141_50134	Bacteria;Pseudomonadota;Betaproteobacteria;Nitrosomonadales;Nitrosomonadaceae;Nitrosomonas
k141_2506	Bacteria;Pseudomonadota;Gammaproteobacteria;Pseudomonadales;Pseudomonadaceae;Pseudomonas
k141_53105	Archaea;Methanobacteriota;Methanococci;Methanococcales;Methanococcaceae;Methanococcus;Methanococcus maripaludis
k141_10046	Bacteria;Pseudomonadota
k141_2507	Bacteria;Chlorobiota;Chlorobiia;Chlorobiales;Chlorobiaceae;Chlorobaculum
k141_46163	
k141_42641	Bacteria;Chlorobiota;Chlorobiia;Chlorobiales;Chlorobiaceae;Chlorobium;Chlorobium phaeobacteroides
k141_50138	Bacteria;Pseudomonadota;Gammaproteobacteria;Pseudomonadales;Pseudomonadaceae;Pseudomonas
k141_16712	
k141_50140	Bacteria;Pseudomonadota;Gammaproteobacteria;Pseudomonadales;Pseudomonadaceae;Pseudomonas
k141_42644	Bacteria;Chlorobiota;Chlorobiia;Chlorobiales;Chlorobiaceae;Chlorobium;Chlorobium phaeobacteroides
k141_35473	
k141_50141	Bacteria;Chlorobiota;Chlorobiia;Chlorobiales;Chlorobiaceae;Chlorobaculum;Chlorobaculum tepidum
k141_2511	Bacteria;Bacillota
k141_10055	Bacteria;Chlorobiota;Chlorobiia;Chlorobiales;Chlorobiaceae;Chlorobium;Chlorobium limicola
k141_35475	Bacteria;Cyanobacteriota;Cyanophyceae;Nostocales;Nostocaceae
k141_53107	Bacteria;Pseudomonadota;Gammaproteobacteria;Alteromonadales;Shewanellaceae;Shewanella;Shewanella baltica
k141_2514	Bacteria;Chlorobiota;Chlorobiia;Chlorobiales;Chlorobiaceae;Chlorobium;Chlorobium phaeobacteroides
k141_31494	Bacteria;Thermotogota;Thermotogae;Thermotogales;Thermotogaceae;Thermotoga
k141_16717	Archaea;Methanobacteriota;Methanococci;Methanococcales;Methanococcaceae;Methanococcus;Methanococcus maripaludis
k141_20356	Archaea;Methanobacteriota;Halobacteria;Halobacteriales;Halobacteriaceae;Halobacterium
k141_50143	Bacteria;Fusobacteriota;Fusobacteriia;Fusobacteriales;Fusobacteriaceae;Fusobacterium
k141_42655	
k141_10060	Archaea;Thermoproteota;Thermoprotei;Desulfurococcales;Desulfurococcaceae;Ignicoccus;Ignicoccus islandicus
k141_16718	Bacteria;Cyanobacteriota;Cyanophyceae;Nostocales;Nostocaceae
k141_35484	Bacteria;Pseudomonadota;Gammaproteobacteria;Pseudomonadales;Pseudomonadaceae;Pseudomonas
k141_50147	Bacteria;Pseudomonadota;Gammaproteobacteria;Pseudomonadales;Pseudomonadaceae;Pseudomonas;Pseudomonas marginalis
k141_31496	Archaea;Methanobacteriota;Methanococci;Methanococcales;Methanococcaceae;Methanococcus
k141_27877	Bacteria;Bacillota
k141_35485	Bacteria;Chloroflexota;Chloroflexia;Chloroflexales;Chloroflexaceae;Chloroflexus;Chloroflexus aurantiacus
k141_53108	Bacteria;Chlorobiota;Chlorobiia;Chlorobiales;Chlorobiaceae;Chlorobium;Chlorobium phaeobacteroides
k141_2516	Bacteria;Bacillota
k141_53109	
k141_10073	Archaea;Thermoproteota;Thermoprotei;Desulfurococcales;Desulfurococcaceae;Ignicoccus;Ignicoccus islandicus
k141_31498	Bacteria;Chlorobiota;Chlorobiia;Chlorobiales;Chlorobiaceae;Chlorobium;Chlorobium phaeobacteroides
k141_20361	Archaea;Thermoproteota;Thermoprotei;Desulfurococcales;Desulfurococcaceae;Ignicoccus;Ignicoccus hospitalis
k141_16726	Bacteria;Chloroflexota;Chloroflexia;Chloroflexales;Chloroflexaceae;Chloroflexus;Chloroflexus aurantiacus
k141_27883	Bacteria;Chlorobiota;Chlorobiia;Chlorobiales;Chlorobiaceae;Chlorobium;Chlorobium phaeobacteroides
k141_31502	
k141_13204	Bacteria;Pseudomonadota;Betaproteobacteria;Nitrosomonadales;Nitrosomonadaceae;Nitrosomonas
k141_10076	Archaea;Thermoproteota;Thermoprotei;Desulfurococcales;Desulfurococcaceae;Ignicoccus;Ignicoccus islandicus
k141_53113	Bacteria;Chlorobiota;Chlorobiia;Chlorobiales;Chlorobiaceae;Chlorobium;Chlorobium phaeobacteroides
k141_20364	Archaea;Thermoproteota;Thermoprotei;Thermoproteales;Thermoproteaceae;Pyrobaculum;Pyrobaculum calidifontis
k141_35487	Bacteria;Planctomycetota;Planctomycetia;Pirellulales;Pirellulaceae;Rhodopirellula;Rhodopirellula baltica
k141_27885	Bacteria;Chlorobiota;Chlorobiia;Chlorobiales;Chlorobiaceae;Chlorobaculum;Chlorobaculum tepidum
k141_10077	Bacteria;Aquificota;Aquificia;Aquificales;Aquificaceae;Hydrogenobaculum;Hydrogenobaculum sp. Y04AAS1
k141_13205	Bacteria;Chlorobiota;Chlorobiia;Chlorobiales;Chlorobiaceae;Chlorobium;Chlorobium phaeobacteroides
k141_56778	Archaea;Methanobacteriota;Thermococci;Thermococcales;Thermococcaceae;Pyrococcus;Pyrococcus horikoshii
k141_2517	Bacteria;Planctomycetota;Planctomycetia;Pirellulales;Pirellulaceae;Rhodopirellula;Rhodopirellula baltica
k141_16734	Bacteria;Pseudomonadota;Gammaproteobacteria;Alteromonadales;Shewanellaceae;Shewanella;Shewanella baltica
k141_31504	Bacteria;Chlorobiota;Chlorobiia;Chlorobiales;Chlorobiaceae;Chlorobaculum
k141_42656	Bacteria;Planctomycetota;Planctomycetia;Pirellulales;Pirellulaceae;Rhodopirellula;Rhodopirellula baltica
k141_27889	Bacteria;Pseudomonadota;Gammaproteobacteria;Alteromonadales;Shewanellaceae;Shewanella
k141_2519	Bacteria;Pseudomonadota;Gammaproteobacteria;Pseudomonadales;Pseudomonadaceae;Pseudomonas
k141_13208	Bacteria;Verrucomicrobiota;Verrucomicrobiia;Verrucomicrobiales;Akkermansiaceae;Akkermansia;Akkermansia muciniphila
k141_31507	Archaea;Methanobacteriota;Methanococci;Methanococcales;Methanococcaceae;Methanococcus;Methanococcus maripaludis
k141_53125	
k141_2524	Bacteria;Pseudomonadota;Gammaproteobacteria;Pseudomonadales;Pseudomonadaceae;Pseudomonas
k141_27897	Archaea;Methanobacteriota;Methanococci;Methanococcales;Methanococcaceae;Methanococcus;Methanococcus maripaludis
k141_2527	Bacteria;Bacillota;Clostridia;Acetivibrionales;Acetivibrionaceae;Acetivibrio;Acetivibrio thermocellus
k141_16735	Bacteria;Pseudomonadota
k141_27898	Bacteria;Pseudomonadota;Gammaproteobacteria;Pseudomonadales;Pseudomonadaceae;Pseudomonas
k141_10087	Archaea;Thermoproteota;Thermoprotei;Desulfurococcales;Desulfurococcaceae;Ignicoccus;Ignicoccus hospitalis
k141_10088	Bacteria;Pseudomonadota;Gammaproteobacteria;Pseudomonadales;Pseudomonadaceae;Pseudomonas
k141_16739	Bacteria;Chlorobiota;Chlorobiia;Chlorobiales;Chlorobiaceae;Chlorobaculum
k141_50181	Bacteria;Pseudomonadota;Gammaproteobacteria;Pseudomonadales;Pseudomonadaceae;Pseudomonas
k141_27901	Bacteria;Chloroflexota;Chloroflexia;Chloroflexales;Chloroflexaceae;Chloroflexus;Chloroflexus aurantiacus
k141_6153	Bacteria;Chlorobiota;Chlorobiia;Chlorobiales;Chlorobiaceae;Chlorobium;Chlorobium phaeovibrioides
k141_16740	Bacteria;Planctomycetota;Planctomycetia;Pirellulales;Pirellulaceae;Rhodopirellula;Rhodopirellula baltica
k141_10090	Archaea;Thermoproteota;Thermoprotei;Desulfurococcales;Desulfurococcaceae;Ignicoccus;Ignicoccus islandicus
k141_53129	Bacteria;Planctomycetota;Planctomycetia;Pirellulales;Pirellulaceae;Rhodopirellula;Rhodopirellula baltica
k141_31518	Bacteria;Pseudomonadota;Gammaproteobacteria;Alteromonadales;Shewanellaceae;Shewanella
k141_2538	Archaea;Methanobacteriota;Methanococci;Methanococcales;Methanococcaceae;Methanococcus;Methanococcus maripaludis
k141_53131	Archaea;Thermoproteota;Thermoprotei;Desulfurococcales;Desulfurococcaceae;Ignicoccus;Ignicoccus islandicus
k141_16748	Archaea;Thermoproteota;Thermoprotei;Desulfurococcales;Desulfurococcaceae;Ignicoccus;Ignicoccus islandicus
k141_20368	Bacteria;Planctomycetota;Planctomycetia;Pirellulales;Pirellulaceae;Rhodopirellula;Rhodopirellula baltica
k141_2540	Bacteria;Pseudomonadota;Gammaproteobacteria;Alteromonadales;Shewanellaceae;Shewanella
k141_56780	Bacteria;Planctomycetota;Planctomycetia;Pirellulales;Pirellulaceae;Rhodopirellula;Rhodopirellula baltica
k141_10092	Bacteria;Pseudomonadota;Gammaproteobacteria;Alteromonadales;Shewanellaceae;Shewanella
k141_31525	Bacteria;Pseudomonadota;Gammaproteobacteria;Pseudomonadales;Pseudomonadaceae;Pseudomonas
k141_6165	Bacteria;Chlorobiota;Chlorobiia;Chlorobiales;Chlorobiaceae;Chlorobium;Chlorobium phaeobacteroides
k141_20371	Bacteria;Pseudomonadota;Gammaproteobacteria;Pseudomonadales;Pseudomonadaceae;Pseudomonas
k141_2542	Bacteria;Verrucomicrobiota;Verrucomicrobiia;Verrucomicrobiales;Akkermansiaceae;Akkermansia;Akkermansia muciniphila
k141_27915	Bacteria
k141_16752	Bacteria;Pseudomonadota;Gammaproteobacteria;Pseudomonadales;Pseudomonadaceae;Pseudomonas
k141_23700	Bacteria;Thermotogota;Thermotogae;Thermotogales;Thermotogaceae;Thermotoga
k141_6169	Bacteria;Spirochaetota;Spirochaetia;Treponematales;Treponemataceae;Treponema
k141_53138	Archaea;Methanobacteriota;Methanococci;Methanococcales;Methanococcaceae;Methanococcus
k141_31530	Bacteria;Fusobacteriota;Fusobacteriia;Fusobacteriales;Fusobacteriaceae;Fusobacterium
k141_16754	Bacteria;Chlorobiota;Chlorobiia;Chlorobiales;Chlorobiaceae;Chlorobaculum;Chlorobaculum tepidum
k141_23703	Bacteria;Pseudomonadota;Gammaproteobacteria;Pseudomonadales;Pseudomonadaceae;Pseudomonas
k141_10094	Archaea;Thermoproteota;Thermoprotei;Desulfurococcales;Desulfurococcaceae;Ignicoccus;Ignicoccus islandicus
k141_53140	Bacteria;Chlorobiota;Chlorobiia;Chlorobiales;Chlorobiaceae;Chlorobium;Chlorobium phaeobacteroides
k141_6174	Bacteria;Aquificota;Aquificia;Aquificales;Aquificaceae;Hydrogenobaculum
k141_23706	Bacteria;Pseudomonadota;Gammaproteobacteria;Pseudomonadales;Pseudomonadaceae;Pseudomonas
k141_27920	Bacteria;Chlorobiota;Chlorobiia;Chlorobiales;Chlorobiaceae;Chlorobium;Chlorobium phaeobacteroides
k141_16761	Bacteria;Chlorobiota;Chlorobiia;Chlorobiales;Chlorobiaceae;Chlorobium;Chlorobium phaeobacteroides
k141_35500	Bacteria;Bacteroidota;Bacteroidia;Bacteroidales;Porphyromonadaceae;Porphyromonas;Porphyromonas gingivalis
k141_6175	Archaea;Methanobacteriota;Halobacteria;Halobacteriales;Halobacteriaceae;Halobacterium
k141_53145	Bacteria;Bacteroidota;Bacteroidia;Bacteroidales;Porphyromonadaceae;Porphyromonas;Porphyromonas gingivalis
k141_10098	Bacteria;Pseudomonadota;Gammaproteobacteria;Alteromonadales;Shewanellaceae;Shewanella
k141_16765	Bacteria;Chlorobiota;Chlorobiia;Chlorobiales;Chlorobiaceae;Chlorobaculum
k141_56800	Bacteria;Pseudomonadota;Gammaproteobacteria;Pseudomonadales;Pseudomonadaceae;Pseudomonas
k141_2559	Bacteria;Pseudomonadota;Gammaproteobacteria;Alteromonadales;Shewanellaceae;Shewanella
k141_23707	Archaea;Thermoproteota;Thermoprotei;Desulfurococcales;Desulfurococcaceae;Ignicoccus;Ignicoccus islandicus
k141_56802	Archaea;Methanobacteriota;Methanococci;Methanococcales;Methanococcaceae;Methanococcus
k141_16766	Bacteria;Chlorobiota;Chlorobiia;Chlorobiales;Chlorobiaceae;Chlorobium;Chlorobium phaeobacteroides
k141_35506	Bacteria;Cyanobacteriota;Cyanophyceae;Nostocales;Nostocaceae
k141_46168	Archaea;Methanobacteriota;Methanobacteria;Methanobacteriales;Methanothermaceae;Methanothermus;Methanothermus sociabilis
k141_10105	Bacteria;Pseudomonadota;Gammaproteobacteria;Pseudomonadales;Pseudomonadaceae;Pseudomonas
k141_31536	Bacteria;Pseudomonadota;Gammaproteobacteria;Alteromonadales;Shewanellaceae;Shewanella
k141_23710	Bacteria;Campylobacterota;Epsilonproteobacteria;Campylobacterales;Helicobacteraceae;Wolinella;Wolinella succinogenes
k141_56804	Bacteria;Pseudomonadota;Gammaproteobacteria;Pseudomonadales;Pseudomonadaceae;Pseudomonas
k141_46169	
k141_6184	Bacteria;Pseudomonadota;Gammaproteobacteria;Alteromonadales;Shewanellaceae;Shewanella
k141_16771	Bacteria;Planctomycetota;Planctomycetia;Pirellulales;Pirellulaceae;Rhodopirellula;Rhodopirellula baltica
k141_31538	Bacteria;Bacteroidota;Bacteroidia;Bacteroidales;Porphyromonadaceae;Porphyromonas;Porphyromonas gingivalis
k141_53148	Bacteria;Fusobacteriota;Fusobacteriia;Fusobacteriales;Fusobacteriaceae;Fusobacterium
k141_35514	Bacteria;Pseudomonadota;Gammaproteobacteria;Pseudomonadales;Pseudomonadaceae
k141_46171	Bacteria;Chlorobiota;Chlorobiia;Chlorobiales;Chlorobiaceae;Chlorobium;Chlorobium phaeobacteroides
k141_27937	Bacteria;Chlorobiota;Chlorobiia;Chlorobiales;Chlorobiaceae;Chlorobium;Chlorobium phaeobacteroides
k141_53150	Archaea;Thermoproteota;Thermoprotei;Desulfurococcales;Desulfurococcaceae;Ignicoccus;Ignicoccus islandicus
k141_35516	Archaea;Methanobacteriota;Halobacteria;Halobacteriales;Halobacteriaceae;Halobacterium
k141_46172	Bacteria;Pseudomonadota;Gammaproteobacteria;Pseudomonadales;Pseudomonadaceae;Pseudomonas
k141_2571	Bacteria;Bacillota
k141_23714	Archaea;Thermoproteota;Thermoprotei;Desulfurococcales;Desulfurococcaceae;Ignicoccus;Ignicoccus hospitalis
k141_27938	Bacteria;Aquificota;Aquificia;Aquificales;Aquificaceae;Hydrogenobaculum
k141_31548	Bacteria;Chlorobiota;Chlorobiia;Chlorobiales;Chlorobiaceae;Chlorobium;Chlorobium phaeobacteroides
k141_16776	Bacteria;Planctomycetota;Planctomycetia;Pirellulales;Pirellulaceae;Rhodopirellula;Rhodopirellula baltica
k141_56814	Bacteria;Bacillota;Clostridia;Thermoanaerobacterales;Thermoanaerobacteraceae;Thermoanaerobacter
k141_46175	
k141_23717	Bacteria;Pseudomonadota;Gammaproteobacteria;Pseudomonadales;Pseudomonadaceae;Pseudomonas
k141_31549	Archaea;Thermoproteota;Thermoprotei;Desulfurococcales;Desulfurococcaceae;Ignicoccus;Ignicoccus hospitalis
k141_27939	Bacteria;Pseudomonadota;Betaproteobacteria;Burkholderiales;Burkholderiaceae;Paraburkholderia;Paraburkholderia xenovorans
k141_6198	Bacteria;Pseudomonadota;Gammaproteobacteria;Alteromonadales;Shewanellaceae;Shewanella
k141_2579	Bacteria;Chlorobiota;Chlorobiia;Chlorobiales;Chlorobiaceae;Chlorobium;Chlorobium phaeobacteroides
k141_46177	Bacteria;Cyanobacteriota;Cyanophyceae;Nostocales;Nostocaceae
k141_16778	Bacteria;Aquificota;Aquificia;Aquificales;Aquificaceae;Hydrogenobaculum
k141_53154	Bacteria;Aquificota;Aquificia;Aquificales;Aquificaceae;Hydrogenobaculum
k141_27941	Bacteria;Cyanobacteriota;Cyanophyceae;Nostocales;Nostocaceae
k141_35528	
k141_2581	Bacteria;Verrucomicrobiota;Verrucomicrobiia;Verrucomicrobiales;Akkermansiaceae;Akkermansia;Akkermansia muciniphila
k141_46180	
k141_23725	Bacteria;Pseudomonadota;Gammaproteobacteria;Alteromonadales;Shewanellaceae;Shewanella;Shewanella baltica
k141_16785	Bacteria;Pseudomonadota;Gammaproteobacteria;Pseudomonadales;Pseudomonadaceae
k141_27946	Bacteria;Pseudomonadota;Gammaproteobacteria;Pseudomonadales;Pseudomonadaceae;Pseudomonas
k141_53161	Bacteria;Chlorobiota;Chlorobiia;Chlorobiales;Chlorobiaceae;Chlorobium;Chlorobium phaeobacteroides
k141_2589	Bacteria;Aquificota;Aquificia;Aquificales;Aquificaceae;Hydrogenobaculum
k141_2591	Bacteria;Pseudomonadota;Gammaproteobacteria;Pseudomonadales;Pseudomonadaceae;Pseudomonas
k141_23732	Bacteria;Pseudomonadota;Gammaproteobacteria;Alteromonadales;Shewanellaceae;Shewanella
k141_53164	
k141_13218	Bacteria;Bacillota;Clostridia;Thermoanaerobacterales;Thermoanaerobacteraceae;Thermoanaerobacter
k141_27957	Archaea;Thermoproteota;Thermoprotei;Desulfurococcales;Desulfurococcaceae;Ignicoccus;Ignicoccus hospitalis
k141_6207	Bacteria;Planctomycetota;Planctomycetia;Pirellulales;Pirellulaceae;Rhodopirellula;Rhodopirellula baltica
k141_31570	Bacteria;Fusobacteriota;Fusobacteriia;Fusobacteriales;Fusobacteriaceae;Fusobacterium
k141_56815	
k141_27961	Bacteria;Pseudomonadota;Gammaproteobacteria;Pseudomonadales;Pseudomonadaceae;Pseudomonas
k141_13222	Bacteria;Chlorobiota;Chlorobiia;Chlorobiales;Chlorobiaceae;Chlorobaculum;Chlorobaculum tepidum
k141_6210	Bacteria;Planctomycetota;Planctomycetia;Pirellulales;Pirellulaceae;Rhodopirellula;Rhodopirellula baltica
k141_16797	Archaea;Methanobacteriota;Halobacteria;Halobacteriales;Halobacteriaceae;Halobacterium
k141_23745	Archaea;Thermoproteota;Thermoprotei;Desulfurococcales;Desulfurococcaceae;Ignicoccus;Ignicoccus islandicus
k141_6212	Bacteria;Pseudomonadota;Gammaproteobacteria;Pseudomonadales;Pseudomonadaceae;Pseudomonas
k141_13225	
k141_16799	Archaea;Thermoproteota;Thermoprotei;Desulfurococcales;Desulfurococcaceae;Ignicoccus;Ignicoccus islandicus
k141_35535	Archaea;Methanobacteriota;Halobacteria;Halobacteriales;Halobacteriaceae;Halobacterium
k141_23748	Bacteria;Pseudomonadota;Gammaproteobacteria;Alteromonadales;Shewanellaceae;Shewanella
k141_6220	Archaea;Methanobacteriota;Methanococci;Methanococcales;Methanococcaceae;Methanococcus;Methanococcus maripaludis
k141_56827	Bacteria;Pseudomonadota;Gammaproteobacteria;Pseudomonadales;Pseudomonadaceae;Pseudomonas
k141_46183	Bacteria;Fusobacteriota;Fusobacteriia;Fusobacteriales;Fusobacteriaceae;Fusobacterium
k141_23753	Bacteria;Verrucomicrobiota;Verrucomicrobiia;Verrucomicrobiales;Akkermansiaceae;Akkermansia;Akkermansia muciniphila
k141_46184	Bacteria;Cyanobacteriota;Cyanophyceae;Nostocales
k141_35549	
k141_6222	Bacteria;Pseudomonadota;Gammaproteobacteria;Alteromonadales;Shewanellaceae;Shewanella
k141_56831	Bacteria;Chlorobiota;Chlorobiia;Chlorobiales;Chlorobiaceae;Chlorobaculum
k141_10107	Archaea;Methanobacteriota;Methanobacteria;Methanobacteriales;Methanothermaceae;Methanothermus;Methanothermus sociabilis
k141_23754	Archaea;Methanobacteriota;Methanococci;Methanococcales;Methanococcaceae;Methanococcus;Methanococcus maripaludis
k141_35553	Bacteria;Pseudomonadota;Gammaproteobacteria;Pseudomonadales;Pseudomonadaceae;Pseudomonas
k141_13240	Archaea;Methanobacteriota;Methanococci;Methanococcales;Methanocaldococcaceae;Methanocaldococcus;Methanocaldococcus jannaschii
k141_6224	Bacteria;Pseudomonadota;Gammaproteobacteria
k141_16811	
k141_6226	Bacteria;Pseudomonadota
k141_42662	Archaea;Methanobacteriota;Methanococci;Methanococcales;Methanocaldococcaceae;Methanocaldococcus
k141_16815	Bacteria;Pseudomonadota;Gammaproteobacteria;Pseudomonadales;Pseudomonadaceae;Pseudomonas
k141_56846	Bacteria;Pseudomonadota;Gammaproteobacteria;Pseudomonadales;Pseudomonadaceae;Pseudomonas
k141_46202	Bacteria;Bacteroidota;Bacteroidia;Bacteroidales;Bacteroidaceae;Phocaeicola
k141_23759	Archaea;Methanobacteriota;Methanococci;Methanococcales;Methanococcaceae;Methanococcus
k141_16816	
k141_35556	Bacteria;Planctomycetota;Planctomycetia;Pirellulales;Pirellulaceae;Rhodopirellula;Rhodopirellula baltica
k141_23760	Bacteria;Chlorobiota;Chlorobiia;Chlorobiales;Chlorobiaceae;Chlorobaculum;Chlorobaculum tepidum
k141_27977	Archaea;Methanobacteriota;Halobacteria;Halobacteriales;Halobacteriaceae;Halobacterium
k141_35560	Archaea;Methanobacteriota;Methanococci;Methanococcales;Methanococcaceae;Methanococcus
k141_10118	Bacteria;Bacillota;Clostridia;Thermoanaerobacterales;Thermoanaerobacteraceae;Thermoanaerobacter
k141_6233	Bacteria;Planctomycetota;Planctomycetia;Pirellulales;Pirellulaceae;Rhodopirellula;Rhodopirellula baltica
k141_13254	Bacteria;Bacteroidota;Bacteroidia;Bacteroidales;Bacteroidaceae;Bacteroides;Bacteroides thetaiotaomicron
k141_27979	Archaea;Thermoproteota;Thermoprotei;Desulfurococcales;Desulfurococcaceae;Ignicoccus;Ignicoccus hospitalis
k141_23765	Archaea;Methanobacteriota;Methanococci;Methanococcales;Methanococcaceae;Methanococcus;Methanococcus maripaludis
k141_16824	Bacteria;Chloroflexota;Chloroflexia;Chloroflexales;Chloroflexaceae;Chloroflexus;Chloroflexus aurantiacus
k141_23770	Bacteria;Cyanobacteriota;Cyanophyceae;Nostocales;Nostocaceae
k141_35574	Bacteria;Cyanobacteriota;Cyanophyceae;Nostocales;Nostocaceae
k141_2594	
k141_27990	Archaea;Methanobacteriota;Halobacteria;Halobacteriales;Halobacteriaceae;Halobacterium
k141_35575	Bacteria;Pseudomonadota;Gammaproteobacteria;Pseudomonadales;Pseudomonadaceae;Pseudomonas
k141_23771	Bacteria;Planctomycetota;Planctomycetia;Pirellulales;Pirellulaceae;Rhodopirellula;Rhodopirellula baltica
k141_42691	Bacteria;Pseudomonadota;Gammaproteobacteria;Alteromonadales;Shewanellaceae;Shewanella;Shewanella baltica
k141_46204	Bacteria;Planctomycetota;Planctomycetia;Pirellulales;Pirellulaceae;Rhodopirellula;Rhodopirellula baltica
k141_53166	Bacteria;Bacillota;Clostridia;Thermoanaerobacterales;Thermoanaerobacteraceae;Thermoanaerobacter
k141_35576	Bacteria;Campylobacterota;Epsilonproteobacteria;Campylobacterales;Helicobacteraceae;Wolinella;Wolinella succinogenes
k141_27992	Archaea;Methanobacteriota;Archaeoglobi;Archaeoglobales;Archaeoglobaceae;Archaeoglobus;Archaeoglobus fulgidus
k141_10120	Bacteria;Cyanobacteriota;Cyanophyceae;Nostocales;Nostocaceae
k141_42693	Archaea;Methanobacteriota;Halobacteria;Halobacteriales;Halobacteriaceae;Halobacterium
k141_27995	Bacteria;Pseudomonadota;Gammaproteobacteria;Pseudomonadales;Pseudomonadaceae;Pseudomonas
k141_16842	Bacteria;Chlorobiota;Chlorobiia;Chlorobiales;Chlorobiaceae;Chlorobium;Chlorobium phaeobacteroides
k141_2597	Bacteria;Planctomycetota;Planctomycetia;Pirellulales;Pirellulaceae;Rhodopirellula;Rhodopirellula baltica
k141_46212	Bacteria;Chlorobiota;Chlorobiia;Chlorobiales;Chlorobiaceae;Chlorobaculum;Chlorobaculum tepidum
k141_16845	Bacteria;Spirochaetota;Spirochaetia;Treponematales;Treponemataceae;Treponema
k141_38992	Bacteria;Thermotogota;Thermotogae;Thermotogales;Thermotogaceae;Thermotoga
k141_42697	Bacteria;Chlorobiota;Chlorobiia;Chlorobiales;Chlorobiaceae;Chlorobaculum
k141_16846	Bacteria;Pseudomonadota;Gammaproteobacteria;Alteromonadales;Shewanellaceae;Shewanella
k141_35585	Bacteria;Chlorobiota;Chlorobiia;Chlorobiales;Chlorobiaceae;Chlorobaculum;Chlorobaculum tepidum
k141_46213	Archaea;Thermoproteota;Thermoprotei;Desulfurococcales;Desulfurococcaceae;Ignicoccus;Ignicoccus islandicus
k141_50188	Bacteria;Chlorobiota;Chlorobiia;Chlorobiales;Chlorobiaceae;Chlorobium;Chlorobium phaeovibrioides
k141_6235	Bacteria;Chlorobiota;Chlorobiia;Chlorobiales;Chlorobiaceae;Chlorobium;Chlorobium limicola
k141_6240	Bacteria;Aquificota;Aquificia;Aquificales;Aquificaceae;Hydrogenobaculum
k141_10128	Archaea;Methanobacteriota;Halobacteria;Halobacteriales;Halobacteriaceae;Halobacterium
k141_46221	Archaea;Thermoproteota;Thermoprotei;Desulfurococcales;Desulfurococcaceae;Ignicoccus;Ignicoccus islandicus
k141_56854	Bacteria;Chlorobiota;Chlorobiia;Chlorobiales;Chlorobiaceae;Chlorobium;Chlorobium phaeovibrioides
k141_53183	Bacteria
k141_50196	Bacteria;Aquificota;Aquificia;Aquificales;Aquificaceae;Hydrogenobaculum
k141_28014	Bacteria;Chlorobiota;Chlorobiia;Chlorobiales;Chlorobiaceae;Chlorobium;Chlorobium phaeobacteroides
k141_10131	Archaea;Thermoproteota;Thermoprotei;Thermoproteales;Thermoproteaceae;Pyrobaculum;Pyrobaculum calidifontis
k141_35601	Bacteria;Bacillota
k141_39008	Archaea;Thermoproteota;Thermoprotei;Thermoproteales;Thermoproteaceae;Pyrobaculum;Pyrobaculum calidifontis
k141_50197	Bacteria;Pseudomonadota;Gammaproteobacteria;Pseudomonadales;Pseudomonadaceae;Pseudomonas
k141_2620	Bacteria;Pseudomonadota;Gammaproteobacteria;Pseudomonadales;Pseudomonadaceae;Pseudomonas
k141_39011	
k141_6254	Bacteria;Pseudomonadota;Gammaproteobacteria;Alteromonadales;Shewanellaceae;Shewanella;Shewanella baltica
k141_23774	Bacteria;Planctomycetota;Planctomycetia;Pirellulales;Pirellulaceae;Rhodopirellula;Rhodopirellula baltica
k141_16848	Bacteria;Planctomycetota;Planctomycetia;Pirellulales;Pirellulaceae;Rhodopirellula;Rhodopirellula baltica
k141_46226	Bacteria;Chlorobiota;Chlorobiia;Chlorobiales;Chlorobiaceae;Chlorobium;Chlorobium phaeobacteroides
k141_53192	Bacteria;Fusobacteriota;Fusobacteriia;Fusobacteriales;Fusobacteriaceae;Fusobacterium
k141_28021	Bacteria;Pseudomonadota;Gammaproteobacteria;Alteromonadales;Shewanellaceae;Shewanella
k141_10134	Bacteria;Pseudomonadota;Gammaproteobacteria;Alteromonadales;Shewanellaceae;Shewanella
k141_53196	Bacteria;Bacteroidota;Bacteroidia;Bacteroidales;Bacteroidaceae;Phocaeicola
k141_6260	Bacteria;Spirochaetota;Spirochaetia;Treponematales;Treponemataceae;Treponema;Treponema denticola
k141_35602	Bacteria;Planctomycetota;Planctomycetia;Pirellulales;Pirellulaceae;Rhodopirellula;Rhodopirellula baltica
k141_16851	Archaea;Thermoproteota;Thermoprotei;Desulfurococcales;Desulfurococcaceae;Ignicoccus;Ignicoccus hospitalis
k141_2621	Bacteria;Planctomycetota;Planctomycetia;Pirellulales;Pirellulaceae;Rhodopirellula;Rhodopirellula baltica
k141_10136	Bacteria;Chlorobiota;Chlorobiia;Chlorobiales;Chlorobiaceae;Chlorobium;Chlorobium phaeobacteroides
k141_46233	Bacteria;Cyanobacteriota;Cyanophyceae;Nostocales;Nostocaceae
k141_56867	Bacteria;Bacteroidota;Bacteroidia;Bacteroidales;Porphyromonadaceae;Porphyromonas;Porphyromonas gingivalis
k141_39023	
k141_28031	Bacteria;Chlorobiota;Chlorobiia;Chlorobiales;Chlorobiaceae;Chlorobaculum;Chlorobaculum tepidum
k141_10139	
k141_50202	Bacteria;Pseudomonadota;Gammaproteobacteria;Alteromonadales;Shewanellaceae;Shewanella
k141_2622	Bacteria;Pseudomonadota;Gammaproteobacteria;Pseudomonadales;Pseudomonadaceae;Pseudomonas
k141_56868	Bacteria;Verrucomicrobiota;Verrucomicrobiia;Verrucomicrobiales;Akkermansiaceae;Akkermansia
k141_23785	Bacteria;Cyanobacteriota;Cyanophyceae;Nostocales;Nostocaceae
k141_53197	Bacteria;Pseudomonadota;Gammaproteobacteria;Alteromonadales;Shewanellaceae;Shewanella
k141_10142	Bacteria;Pseudomonadota
k141_35610	Bacteria;Pseudomonadota;Gammaproteobacteria;Alteromonadales;Shewanellaceae;Shewanella
k141_46238	Bacteria;Chlorobiota;Chlorobiia;Chlorobiales;Chlorobiaceae;Chlorobium;Chlorobium phaeobacteroides
k141_6273	
k141_50204	Bacteria;Chlorobiota;Chlorobiia;Chlorobiales;Chlorobiaceae;Chlorobium;Chlorobium phaeobacteroides
k141_50206	
k141_42713	Bacteria;Planctomycetota;Planctomycetia;Pirellulales;Pirellulaceae;Rhodopirellula;Rhodopirellula baltica
k141_2632	Bacteria;Aquificota;Aquificia;Aquificales;Aquificaceae;Hydrogenobaculum;Hydrogenobaculum sp. Y04AAS1
k141_35611	Bacteria;Pseudomonadota;Gammaproteobacteria;Alteromonadales;Shewanellaceae;Shewanella
k141_50207	Bacteria;Aquificota;Aquificia;Aquificales;Aquificaceae;Hydrogenobaculum
k141_46240	Bacteria;Planctomycetota;Planctomycetia;Pirellulales;Pirellulaceae;Rhodopirellula;Rhodopirellula baltica
k141_6274	
k141_53206	Bacteria;Verrucomicrobiota;Verrucomicrobiia;Verrucomicrobiales;Akkermansiaceae;Akkermansia;Akkermansia muciniphila
k141_56873	Bacteria;Planctomycetota;Planctomycetia;Pirellulales;Pirellulaceae;Rhodopirellula;Rhodopirellula baltica
k141_2634	
k141_39038	
k141_23792	Archaea;Methanobacteriota;Methanococci;Methanococcales;Methanococcaceae;Methanococcus;Methanococcus maripaludis
k141_53208	Archaea;Thermoproteota;Thermoprotei;Desulfurococcales;Desulfurococcaceae;Ignicoccus;Ignicoccus hospitalis
k141_50213	Archaea;Thermoproteota;Thermoprotei;Desulfurococcales;Desulfurococcaceae;Ignicoccus;Ignicoccus islandicus
k141_6275	Archaea;Methanobacteriota;Methanococci;Methanococcales;Methanococcaceae;Methanococcus;Methanococcus maripaludis
k141_35615	Archaea;Methanobacteriota;Methanococci;Methanococcales;Methanococcaceae;Methanococcus;Methanococcus maripaludis
k141_46247	Archaea;Thermoproteota;Thermoprotei;Desulfurococcales;Desulfurococcaceae;Ignicoccus;Ignicoccus hospitalis
k141_42715	Bacteria;Pseudomonadota;Gammaproteobacteria;Alteromonadales;Shewanellaceae;Shewanella;Shewanella baltica
k141_16867	Bacteria;Bacteroidota;Bacteroidia;Bacteroidales;Porphyromonadaceae;Porphyromonas;Porphyromonas gingivalis
k141_16869	Bacteria;Cyanobacteriota;Cyanophyceae;Nostocales;Nostocaceae
k141_53213	Archaea;Thermoproteota;Thermoprotei;Desulfurococcales;Desulfurococcaceae;Ignicoccus;Ignicoccus islandicus
k141_2642	Bacteria;Aquificota;Aquificia;Aquificales;Aquificaceae;Hydrogenobaculum
k141_46255	Bacteria;Pseudomonadota;Gammaproteobacteria;Pseudomonadales;Pseudomonadaceae;Pseudomonas
k141_39044	Bacteria;Planctomycetota;Planctomycetia;Pirellulales;Pirellulaceae;Rhodopirellula;Rhodopirellula baltica
k141_42716	Bacteria;Pseudomonadota;Gammaproteobacteria;Alteromonadales;Shewanellaceae;Shewanella
k141_2643	Bacteria;Pseudomonadota;Gammaproteobacteria;Pseudomonadales;Pseudomonadaceae;Pseudomonas
k141_6279	Bacteria;Aquificota;Aquificia;Aquificales;Aquificaceae;Hydrogenobaculum;Hydrogenobaculum sp. Y04AAS1
k141_42717	
k141_39046	Bacteria;Pseudomonadota;Gammaproteobacteria;Pseudomonadales;Pseudomonadaceae;Pseudomonas
k141_53218	Bacteria;Cyanobacteriota;Cyanophyceae;Nostocales;Nostocaceae
k141_16879	Bacteria;Pseudomonadota;Gammaproteobacteria;Pseudomonadales;Pseudomonadaceae;Pseudomonas
k141_2648	Bacteria;Pseudomonadota;Gammaproteobacteria
k141_6284	Bacteria;Chloroflexota;Chloroflexia;Chloroflexales;Chloroflexaceae;Chloroflexus;Chloroflexus aurantiacus
k141_23812	
k141_46257	Archaea;Thermoproteota;Thermoprotei;Desulfurococcales;Desulfurococcaceae;Ignicoccus;Ignicoccus hospitalis
k141_39051	Bacteria;Pseudomonadota;Gammaproteobacteria;Pseudomonadales;Pseudomonadaceae;Pseudomonas
k141_28037	Bacteria;Thermotogota;Thermotogae;Thermotogales;Thermotogaceae;Thermotoga
k141_53220	
k141_6287	Bacteria;Cyanobacteriota;Cyanophyceae;Nostocales;Nostocaceae
k141_23813	
k141_50235	Bacteria;Aquificota;Aquificia;Aquificales;Aquificaceae;Hydrogenobaculum
k141_20372	
k141_28038	Bacteria;Pseudomonadota;Gammaproteobacteria;Pseudomonadales;Pseudomonadaceae;Pseudomonas
k141_35631	Bacteria;Chlorobiota;Chlorobiia;Chlorobiales;Chlorobiaceae;Chlorobaculum
k141_16889	Bacteria;Pseudomonadota;Gammaproteobacteria;Pseudomonadales;Pseudomonadaceae;Pseudomonas
k141_46260	Bacteria;Pseudomonadota;Gammaproteobacteria;Pseudomonadales;Pseudomonadaceae;Pseudomonas
k141_53227	Bacteria;Bacteroidota;Bacteroidia;Bacteroidales;Porphyromonadaceae;Porphyromonas;Porphyromonas gingivalis
k141_6294	Bacteria;Chloroflexota;Chloroflexia;Chloroflexales;Chloroflexaceae;Chloroflexus;Chloroflexus aurantiacus
k141_39061	Bacteria;Pseudomonadota;Gammaproteobacteria;Alteromonadales;Shewanellaceae;Shewanella;Shewanella baltica
k141_50242	Bacteria;Chlorobiota;Chlorobiia;Chlorobiales;Chlorobiaceae;Chlorobaculum;Chlorobaculum tepidum
k141_16891	Bacteria;Pseudomonadota;Gammaproteobacteria;Pseudomonadales;Pseudomonadaceae
k141_42733	Archaea;Thermoproteota;Thermoprotei;Desulfurococcales;Desulfurococcaceae;Ignicoccus;Ignicoccus hospitalis
k141_13267	Bacteria;Bacillota
k141_23826	Bacteria;Planctomycetota;Planctomycetia;Pirellulales;Pirellulaceae;Rhodopirellula;Rhodopirellula baltica
k141_39063	Bacteria;Pseudomonadota;Gammaproteobacteria;Pseudomonadales;Pseudomonadaceae;Pseudomonas
k141_20374	Bacteria;Fusobacteriota;Fusobacteriia;Fusobacteriales;Fusobacteriaceae;Fusobacterium
k141_46262	Bacteria;Planctomycetota;Planctomycetia;Pirellulales;Pirellulaceae;Rhodopirellula;Rhodopirellula baltica
k141_35633	Bacteria;Planctomycetota;Planctomycetia;Pirellulales;Pirellulaceae;Rhodopirellula;Rhodopirellula baltica
k141_53231	Bacteria;Aquificota;Aquificia;Aquificales;Aquificaceae;Hydrogenobaculum;Hydrogenobaculum sp. Y04AAS1
k141_42740	Bacteria;Chloroflexota;Chloroflexia;Chloroflexales;Chloroflexaceae;Chloroflexus;Chloroflexus aurantiacus
k141_23827	Bacteria;Pseudomonadota;Gammaproteobacteria;Pseudomonadales;Pseudomonadaceae;Pseudomonas
k141_35639	Bacteria;Pseudomonadota;Gammaproteobacteria;Pseudomonadales;Pseudomonadaceae;Pseudomonas
k141_46263	Archaea;Thermoproteota;Thermoprotei;Desulfurococcales;Desulfurococcaceae;Ignicoccus;Ignicoccus hospitalis
k141_23829	Bacteria;Chloroflexota;Chloroflexia;Chloroflexales;Chloroflexaceae;Chloroflexus;Chloroflexus aurantiacus
k141_50260	Bacteria;Pseudomonadota;Gammaproteobacteria;Pseudomonadales;Pseudomonadaceae;Pseudomonas
k141_10148	
k141_53240	Bacteria;Pseudomonadota;Gammaproteobacteria;Alteromonadales;Shewanellaceae;Shewanella
k141_2649	Bacteria;Planctomycetota;Planctomycetia;Pirellulales;Pirellulaceae;Rhodopirellula;Rhodopirellula baltica
k141_35642	Bacteria;Pseudomonadota;Gammaproteobacteria;Pseudomonadales;Pseudomonadaceae;Pseudomonas
k141_42749	Bacteria;Chlorobiota;Chlorobiia;Chlorobiales;Chlorobiaceae;Chlorobaculum;Chlorobaculum tepidum
k141_39070	Bacteria;Bacteroidota;Bacteroidia;Bacteroidales
k141_20378	Bacteria;Chlorobiota;Chlorobiia;Chlorobiales;Chlorobiaceae
k141_10151	Bacteria;Pseudomonadota;Gammaproteobacteria;Pseudomonadales;Pseudomonadaceae;Pseudomonas
k141_28061	Bacteria;Chlorobiota;Chlorobiia;Chlorobiales;Chlorobiaceae;Chlorobaculum;Chlorobaculum tepidum
k141_23834	Bacteria;Chlorobiota;Chlorobiia;Chlorobiales;Chlorobiaceae;Chlorobium;Chlorobium phaeobacteroides
k141_16918	Bacteria;Pseudomonadota;Betaproteobacteria;Burkholderiales;Burkholderiaceae;Paraburkholderia;Paraburkholderia xenovorans
k141_46274	Bacteria;Aquificota;Aquificia;Aquificales;Aquificaceae;Hydrogenobaculum
k141_10153	Bacteria;Pseudomonadota;Gammaproteobacteria;Pseudomonadales;Pseudomonadaceae;Pseudomonas
k141_35653	
k141_10157	Bacteria;Pseudomonadota;Gammaproteobacteria;Pseudomonadales;Pseudomonadaceae;Pseudomonas
k141_28066	Bacteria;Planctomycetota;Planctomycetia;Pirellulales;Pirellulaceae;Rhodopirellula;Rhodopirellula baltica
k141_20389	Archaea;Thermoproteota;Thermoprotei;Desulfurococcales;Desulfurococcaceae;Ignicoccus;Ignicoccus islandicus
k141_50277	Bacteria;Aquificota;Aquificia;Aquificales;Aquificaceae;Hydrogenobaculum
k141_2650	
k141_16929	Bacteria;Pseudomonadota;Gammaproteobacteria;Pseudomonadales;Pseudomonadaceae;Pseudomonas
k141_39087	Bacteria;Aquificota;Aquificia;Aquificales;Aquificaceae;Hydrogenobaculum
k141_35661	Bacteria;Thermotogota;Thermotogae;Thermotogales;Thermotogaceae;Thermotoga
k141_50279	Archaea;Methanobacteriota;Methanopyri;Methanopyrales;Methanopyraceae;Methanopyrus;Methanopyrus kandleri
k141_46289	Bacteria;Pseudomonadota;Gammaproteobacteria;Pseudomonadales;Pseudomonadaceae;Pseudomonas
k141_20394	Bacteria;Verrucomicrobiota;Verrucomicrobiia;Verrucomicrobiales;Akkermansiaceae;Akkermansia;Akkermansia muciniphila
k141_28069	Bacteria;Chlorobiota;Chlorobiia;Chlorobiales;Chlorobiaceae;Chlorobaculum;Chlorobaculum tepidum
k141_10166	Bacteria;Bacteroidota;Bacteroidia;Bacteroidales;Bacteroidaceae;Bacteroides
k141_53262	Bacteria;Chlorobiota;Chlorobiia;Chlorobiales;Chlorobiaceae;Chlorobium;Chlorobium phaeobacteroides
k141_46290	Bacteria;Verrucomicrobiota;Verrucomicrobiia;Verrucomicrobiales;Akkermansiaceae;Akkermansia;Akkermansia muciniphila
k141_2655	Bacteria;Pseudomonadota;Gammaproteobacteria;Pseudomonadales;Pseudomonadaceae;Pseudomonas
k141_16938	
k141_6297	Bacteria;Bacteroidota;Bacteroidia;Bacteroidales;Porphyromonadaceae;Porphyromonas;Porphyromonas gingivalis
k141_39095	Bacteria;Chlorobiota;Chlorobiia;Chlorobiales;Chlorobiaceae;Chlorobaculum;Chlorobaculum tepidum
k141_20395	Archaea;Methanobacteriota;Methanococci;Methanococcales;Methanococcaceae;Methanococcus;Methanococcus maripaludis
k141_28071	Bacteria;Pseudomonadota;Gammaproteobacteria;Pseudomonadales;Pseudomonadaceae;Pseudomonas
k141_39096	Bacteria;Pseudomonadota;Gammaproteobacteria;Pseudomonadales;Pseudomonadaceae;Pseudomonas
k141_28072	Bacteria;Chlorobiota;Chlorobiia;Chlorobiales;Chlorobiaceae;Chlorobium;Chlorobium phaeobacteroides
k141_50288	Bacteria;Chlorobiota;Chlorobiia;Chlorobiales;Chlorobiaceae;Chlorobium;Chlorobium phaeobacteroides
k141_23850	Bacteria;Aquificota;Aquificia;Aquificales;Aquificaceae;Hydrogenobaculum
k141_2660	Archaea;Thermoproteota;Thermoprotei;Desulfurococcales;Desulfurococcaceae;Ignicoccus;Ignicoccus islandicus
k141_10170	Archaea;Thermoproteota;Thermoprotei;Desulfurococcales;Desulfurococcaceae;Ignicoccus;Ignicoccus hospitalis
k141_39097	Bacteria;Chlorobiota;Chlorobiia;Chlorobiales;Chlorobiaceae;Chlorobium;Chlorobium phaeobacteroides
k141_6304	
k141_42750	Bacteria;Bacillota
k141_50289	
k141_20403	Archaea;Methanobacteriota;Methanococci;Methanococcales;Methanococcaceae;Methanococcus;Methanococcus maripaludis
k141_10171	Bacteria;Aquificota;Aquificia;Aquificales;Aquificaceae;Hydrogenobaculum
k141_35663	Bacteria;Pseudomonadota;Gammaproteobacteria;Alteromonadales;Shewanellaceae;Shewanella
k141_50290	
k141_53271	Archaea;Methanobacteriota;Halobacteria;Halobacteriales;Halobacteriaceae;Halobacterium
k141_46302	Bacteria;Pseudomonadota;Gammaproteobacteria;Pseudomonadales;Pseudomonadaceae;Pseudomonas
k141_2663	Bacteria;Cyanobacteriota;Cyanophyceae;Nostocales;Nostocaceae
k141_28073	Bacteria;Chlorobiota;Chlorobiia;Chlorobiales;Chlorobiaceae;Chlorobium;Chlorobium phaeobacteroides
k141_35664	Bacteria;Chloroflexota;Chloroflexia;Chloroflexales;Chloroflexaceae;Chloroflexus;Chloroflexus aurantiacus
k141_16944	Archaea;Thermoproteota;Thermoprotei;Desulfurococcales;Desulfurococcaceae;Ignicoccus;Ignicoccus hospitalis
k141_6307	Bacteria;Cyanobacteriota;Cyanophyceae;Nostocales;Nostocaceae
k141_20406	Bacteria;Pseudomonadota;Gammaproteobacteria;Pseudomonadales;Pseudomonadaceae;Pseudomonas
k141_35666	Bacteria;Bacteroidota;Bacteroidia;Bacteroidales;Bacteroidaceae;Phocaeicola
k141_50291	Bacteria;Pseudomonadota;Gammaproteobacteria;Alteromonadales;Shewanellaceae;Shewanella
k141_2666	Bacteria;Spirochaetota;Spirochaetia;Treponematales;Treponemataceae;Treponema
k141_20407	Bacteria;Planctomycetota;Planctomycetia;Pirellulales;Pirellulaceae;Rhodopirellula
k141_10176	Bacteria;Chlorobiota;Chlorobiia;Chlorobiales;Chlorobiaceae;Chlorobaculum
k141_53276	Archaea;Thermoproteota;Thermoprotei;Desulfurococcales;Desulfurococcaceae;Ignicoccus;Ignicoccus hospitalis
k141_6311	Bacteria;Chlorobiota;Chlorobiia;Chlorobiales;Chlorobiaceae;Chlorobaculum;Chlorobaculum tepidum
k141_35671	Bacteria;Chlorobiota;Chlorobiia;Chlorobiales;Chlorobiaceae;Chlorobium;Chlorobium phaeobacteroides
k141_16953	Bacteria;Cyanobacteriota;Cyanophyceae;Nostocales;Nostocaceae
k141_10178	Archaea;Methanobacteriota;Methanococci;Methanococcales;Methanococcaceae;Methanococcus;Methanococcus maripaludis
k141_53281	Archaea;Thermoproteota;Thermoprotei;Thermoproteales;Thermoproteaceae;Pyrobaculum;Pyrobaculum calidifontis
k141_42754	
k141_35674	Bacteria;Chlorobiota;Chlorobiia;Chlorobiales;Chlorobiaceae;Chlorobium;Chlorobium phaeovibrioides
k141_20409	Bacteria;Pseudomonadota;Gammaproteobacteria;Alteromonadales;Shewanellaceae;Shewanella
k141_50295	Bacteria;Aquificota;Aquificia;Aquificales;Aquificaceae;Hydrogenobaculum
k141_23862	Bacteria;Planctomycetota;Planctomycetia;Pirellulales;Pirellulaceae;Rhodopirellula;Rhodopirellula baltica
k141_20411	Bacteria;Pseudomonadota;Gammaproteobacteria;Pseudomonadales;Pseudomonadaceae;Pseudomonas
k141_13268	Bacteria;Bacillota
k141_53282	Archaea;Methanobacteriota;Methanococci;Methanococcales;Methanococcaceae;Methanococcus;Methanococcus maripaludis
k141_10182	Bacteria;Pseudomonadota;Gammaproteobacteria;Alteromonadales;Shewanellaceae;Shewanella;Shewanella baltica
k141_23863	Bacteria;Pseudomonadota;Gammaproteobacteria;Pseudomonadales;Pseudomonadaceae;Pseudomonas
k141_6328	Bacteria;Chloroflexota;Chloroflexia;Chloroflexales;Chloroflexaceae;Chloroflexus;Chloroflexus aurantiacus
k141_2675	
k141_46322	Bacteria;Aquificota;Aquificia;Aquificales;Aquificaceae;Hydrogenobaculum
k141_16967	Bacteria
k141_13271	Bacteria;Pseudomonadota;Gammaproteobacteria;Pseudomonadales;Pseudomonadaceae;Pseudomonas
k141_35676	Bacteria;Pseudomonadota;Gammaproteobacteria;Alteromonadales;Shewanellaceae;Shewanella
k141_10185	Bacteria;Pseudomonadota;Gammaproteobacteria;Alteromonadales;Shewanellaceae;Shewanella
k141_53283	Archaea;Methanobacteriota;Halobacteria;Halobacteriales;Halobacteriaceae;Halobacterium
k141_28098	Bacteria;Chlorobiota;Chlorobiia;Chlorobiales;Chlorobiaceae;Chlorobaculum
k141_50297	Archaea;Methanobacteriota;Halobacteria;Halobacteriales;Halobacteriaceae;Halobacterium
k141_20421	Bacteria;Pseudomonadota;Gammaproteobacteria;Alteromonadales;Shewanellaceae;Shewanella
k141_6335	Bacteria;Chlorobiota;Chlorobiia;Chlorobiales;Chlorobiaceae;Chlorobium;Chlorobium phaeobacteroides
k141_35677	Bacteria;Pseudomonadota;Gammaproteobacteria;Pseudomonadales;Pseudomonadaceae;Pseudomonas
k141_6336	Bacteria;Bacillota
k141_2683	Bacteria;Pseudomonadota;Gammaproteobacteria;Pseudomonadales;Pseudomonadaceae;Pseudomonas
k141_28100	Bacteria;Fusobacteriota;Fusobacteriia;Fusobacteriales;Fusobacteriaceae;Fusobacterium
k141_35680	Bacteria;Pseudomonadota;Gammaproteobacteria;Pseudomonadales;Pseudomonadaceae;Pseudomonas
k141_46333	Bacteria;Pseudomonadota;Gammaproteobacteria;Pseudomonadales;Pseudomonadaceae;Pseudomonas
k141_13277	
k141_50298	Bacteria;Pseudomonadota;Gammaproteobacteria;Pseudomonadales;Pseudomonadaceae;Pseudomonas
k141_6338	Bacteria;Pseudomonadota;Gammaproteobacteria;Pseudomonadales;Pseudomonadaceae;Pseudomonas
k141_53290	Bacteria;Thermodesulfobacteriota;Desulfovibrionia;Desulfovibrionales;Desulfovibrionaceae;Desulfovibrio;Desulfovibrio piger
k141_28105	Bacteria;Campylobacterota;Epsilonproteobacteria;Campylobacterales;Helicobacteraceae;Wolinella;Wolinella succinogenes
k141_23864	
k141_16968	Bacteria;Planctomycetota;Planctomycetia;Pirellulales;Pirellulaceae;Rhodopirellula;Rhodopirellula baltica
k141_42782	Bacteria;Pseudomonadota;Gammaproteobacteria;Alteromonadales;Shewanellaceae;Shewanella
k141_53295	Bacteria;Pseudomonadota;Gammaproteobacteria;Pseudomonadales;Pseudomonadaceae;Pseudomonas
k141_50304	Bacteria;Planctomycetota;Planctomycetia;Pirellulales;Pirellulaceae;Rhodopirellula;Rhodopirellula baltica
k141_16972	Bacteria;Bacteroidota;Bacteroidia;Bacteroidales
k141_6343	Bacteria;Pseudomonadota
k141_2686	Archaea;Methanobacteriota;Methanococci;Methanococcales;Methanococcaceae;Methanococcus
k141_46341	Bacteria;Chlorobiota;Chlorobiia;Chlorobiales;Chlorobiaceae;Chlorobium;Chlorobium limicola
k141_28112	Bacteria;Chlorobiota;Chlorobiia;Chlorobiales;Chlorobiaceae;Chlorobium;Chlorobium phaeobacteroides
k141_42789	
k141_35691	Bacteria;Pseudomonadota;Gammaproteobacteria;Pseudomonadales;Pseudomonadaceae;Pseudomonas
k141_2688	Archaea;Methanobacteriota;Methanococci;Methanococcales;Methanococcaceae;Methanococcus
k141_13290	Bacteria;Chlorobiota;Chlorobiia;Chlorobiales;Chlorobiaceae;Chlorobium;Chlorobium phaeobacteroides
k141_53301	
k141_16975	Bacteria;Pseudomonadota;Gammaproteobacteria;Pseudomonadales;Pseudomonadaceae
k141_6349	Bacteria;Spirochaetota;Spirochaetia;Treponematales;Treponemataceae;Treponema;Treponema denticola
k141_42790	Archaea;Thermoproteota;Thermoprotei;Desulfurococcales;Desulfurococcaceae;Ignicoccus;Ignicoccus islandicus
k141_50311	
k141_20427	Archaea;Methanobacteriota;Halobacteria;Halobacteriales;Halobacteriaceae;Halobacterium
k141_28114	
k141_6350	Bacteria;Spirochaetota;Spirochaetia;Treponematales;Treponemataceae;Treponema
k141_46349	Bacteria;Thermodesulfobacteriota;Desulfovibrionia;Desulfovibrionales;Desulfovibrionaceae;Desulfovibrio;Desulfovibrio piger
k141_23875	Archaea;Methanobacteriota;Methanococci;Methanococcales;Methanococcaceae;Methanococcus;Methanococcus maripaludis
k141_10208	Bacteria;Chlorobiota;Chlorobiia;Chlorobiales;Chlorobiaceae;Chlorobium;Chlorobium phaeobacteroides
k141_2693	
k141_16979	Bacteria;Thermodesulfobacteriota;Desulfobulbia;Desulfobulbales;Desulfobulbaceae;Desulfobulbus;Desulfobulbus oralis
k141_42794	Bacteria;Planctomycetota;Planctomycetia;Pirellulales;Pirellulaceae;Rhodopirellula;Rhodopirellula baltica
k141_50315	Bacteria;Campylobacterota;Epsilonproteobacteria;Campylobacterales;Helicobacteraceae;Wolinella;Wolinella succinogenes
k141_16981	Bacteria;Pseudomonadota;Gammaproteobacteria;Pseudomonadales;Pseudomonadaceae;Pseudomonas
k141_46352	Bacteria;Chlorobiota;Chlorobiia;Chlorobiales;Chlorobiaceae;Chlorobaculum;Chlorobaculum tepidum
k141_23881	Archaea;Methanobacteriota;Methanococci;Methanococcales;Methanococcaceae;Methanococcus;Methanococcus maripaludis
k141_2697	Bacteria;Campylobacterota;Epsilonproteobacteria;Campylobacterales;Helicobacteraceae;Wolinella;Wolinella succinogenes
k141_20436	Bacteria;Pseudomonadota;Gammaproteobacteria;Pseudomonadales;Pseudomonadaceae;Pseudomonas
k141_46354	Bacteria;Pseudomonadota;Gammaproteobacteria;Pseudomonadales;Pseudomonadaceae;Pseudomonas
k141_13296	Bacteria;Planctomycetota;Planctomycetia;Pirellulales;Pirellulaceae;Rhodopirellula;Rhodopirellula baltica
k141_42799	Bacteria;Cyanobacteriota;Cyanophyceae;Nostocales;Nostocaceae
k141_16987	Bacteria;Pseudomonadota;Gammaproteobacteria;Pseudomonadales;Pseudomonadaceae;Pseudomonas
k141_28120	Bacteria;Pseudomonadota;Gammaproteobacteria;Alteromonadales;Shewanellaceae;Shewanella
k141_50321	Bacteria;Pseudomonadota;Gammaproteobacteria;Pseudomonadales;Pseudomonadaceae;Pseudomonas
k141_10217	Bacteria;Planctomycetota;Planctomycetia;Pirellulales;Pirellulaceae;Rhodopirellula;Rhodopirellula baltica
k141_53316	Bacteria;Fusobacteriota;Fusobacteriia;Fusobacteriales;Fusobacteriaceae;Fusobacterium
k141_13299	Bacteria;Cyanobacteriota;Cyanophyceae
k141_28121	Bacteria;Pseudomonadota;Gammaproteobacteria;Pseudomonadales;Pseudomonadaceae;Pseudomonas
k141_20440	Bacteria;Chlorobiota;Chlorobiia;Chlorobiales;Chlorobiaceae;Chlorobium;Chlorobium phaeobacteroides
k141_16992	Bacteria;Pseudomonadota;Gammaproteobacteria;Pseudomonadales;Pseudomonadaceae;Pseudomonas
k141_46358	Bacteria;Chlorobiota;Chlorobiia;Chlorobiales;Chlorobiaceae;Chlorobium;Chlorobium phaeobacteroides
k141_20442	Bacteria;Verrucomicrobiota;Verrucomicrobiia;Verrucomicrobiales;Akkermansiaceae;Akkermansia;Akkermansia muciniphila
k141_53320	Bacteria;Thermodesulfobacteriota;Desulfovibrionia;Desulfovibrionales;Desulfovibrionaceae;Desulfovibrio;Desulfovibrio piger
k141_2709	Bacteria;Cyanobacteriota;Cyanophyceae;Nostocales;Nostocaceae
k141_23893	Bacteria;Pseudomonadota;Gammaproteobacteria;Alteromonadales;Shewanellaceae;Shewanella
k141_28125	Bacteria;Pseudomonadota;Gammaproteobacteria;Pseudomonadales;Pseudomonadaceae;Pseudomonas
k141_6353	Bacteria;Aquificota;Aquificia;Aquificales;Aquificaceae;Hydrogenobaculum
k141_6355	Bacteria;Chlorobiota;Chlorobiia;Chlorobiales;Chlorobiaceae;Chlorobium;Chlorobium phaeobacteroides
k141_28130	Bacteria
k141_42817	Bacteria;Cyanobacteriota;Cyanophyceae;Nostocales;Nostocaceae
k141_46365	Bacteria;Bacteroidota;Bacteroidia;Bacteroidales;Porphyromonadaceae;Porphyromonas;Porphyromonas gingivalis
k141_35712	Bacteria;Thermodesulfobacteriota;Desulfovibrionia;Desulfovibrionales;Desulfovibrionaceae;Desulfovibrio;Desulfovibrio piger
k141_42822	Bacteria;Pseudomonadota;Gammaproteobacteria;Pseudomonadales;Pseudomonadaceae;Pseudomonas
k141_53321	
k141_35715	Bacteria;Pseudomonadota;Gammaproteobacteria;Pseudomonadales;Pseudomonadaceae;Pseudomonas
k141_23904	Bacteria;Pseudomonadota;Gammaproteobacteria;Pseudomonadales;Pseudomonadaceae;Pseudomonas
k141_56881	
k141_28136	Bacteria;Pseudomonadota
k141_17009	Bacteria;Pseudomonadota;Gammaproteobacteria;Pseudomonadales;Pseudomonadaceae;Pseudomonas
k141_2716	Archaea;Methanobacteriota;Methanococci;Methanococcales;Methanococcaceae;Methanococcus;Methanococcus maripaludis
k141_50323	Archaea;Methanobacteriota;Halobacteria;Halobacteriales;Halobacteriaceae;Halobacterium
k141_13305	
k141_42826	Bacteria;Chlorobiota;Chlorobiia;Chlorobiales;Chlorobiaceae;Chlorobaculum
k141_23906	Bacteria;Pseudomonadota;Gammaproteobacteria;Pseudomonadales;Pseudomonadaceae;Pseudomonas
k141_17015	Bacteria;Chlorobiota;Chlorobiia;Chlorobiales;Chlorobiaceae;Chlorobaculum
k141_56883	Bacteria;Pseudomonadota;Gammaproteobacteria;Alteromonadales;Shewanellaceae;Shewanella
k141_10245	Bacteria;Pseudomonadota;Gammaproteobacteria;Pseudomonadales;Pseudomonadaceae;Pseudomonas
k141_39106	Bacteria;Bacillota
k141_35727	Bacteria;Aquificota;Aquificia;Aquificales;Aquificaceae;Hydrogenobaculum;Hydrogenobaculum sp. Y04AAS1
k141_23909	Bacteria;Pseudomonadota;Gammaproteobacteria;Pseudomonadales;Pseudomonadaceae;Pseudomonas
k141_53332	Bacteria;Pseudomonadota;Gammaproteobacteria;Pseudomonadales;Pseudomonadaceae
k141_50329	Bacteria;Pseudomonadota;Gammaproteobacteria;Alteromonadales;Shewanellaceae;Shewanella
k141_42833	
k141_17021	Bacteria;Pseudomonadota;Gammaproteobacteria;Pseudomonadales;Pseudomonadaceae;Pseudomonas
k141_13308	Bacteria;Chlorobiota;Chlorobiia;Chlorobiales;Chlorobiaceae;Chlorobium;Chlorobium phaeobacteroides
k141_56888	Bacteria;Fusobacteriota;Fusobacteriia;Fusobacteriales;Fusobacteriaceae;Fusobacterium
k141_23912	Bacteria;Chlorobiota;Chlorobiia;Chlorobiales;Chlorobiaceae;Chlorobium;Chlorobium phaeobacteroides
k141_10253	Bacteria;Bacteroidota;Bacteroidia;Bacteroidales;Bacteroidaceae;Phocaeicola
k141_35730	Bacteria;Planctomycetota;Planctomycetia;Pirellulales;Pirellulaceae;Rhodopirellula;Rhodopirellula baltica
k141_2733	Bacteria;Cyanobacteriota;Cyanophyceae;Nostocales;Nostocaceae
k141_39109	Archaea;Methanobacteriota;Methanococci;Methanococcales;Methanocaldococcaceae;Methanocaldococcus;Methanocaldococcus jannaschii
k141_17025	Bacteria;Pseudomonadota;Gammaproteobacteria;Pseudomonadales;Pseudomonadaceae;Pseudomonas
k141_23914	Bacteria;Pseudomonadota;Gammaproteobacteria;Pseudomonadales;Pseudomonadaceae
k141_35731	Bacteria;Chlorobiota;Chlorobiia;Chlorobiales;Chlorobiaceae;Chlorobium;Chlorobium phaeobacteroides
k141_17026	Bacteria;Planctomycetota;Planctomycetia;Pirellulales;Pirellulaceae;Rhodopirellula;Rhodopirellula baltica
k141_23916	Archaea;Methanobacteriota;Methanococci;Methanococcales;Methanococcaceae;Methanococcus;Methanococcus maripaludis
k141_2737	Archaea;Methanobacteriota;Methanococci;Methanococcales;Methanococcaceae;Methanococcus
k141_50337	Archaea;Thermoproteota;Thermoprotei;Desulfurococcales;Desulfurococcaceae;Ignicoccus;Ignicoccus islandicus
k141_35735	Bacteria;Chlorobiota;Chlorobiia;Chlorobiales;Chlorobiaceae;Chlorobium;Chlorobium phaeobacteroides
k141_56898	Bacteria;Cyanobacteriota;Cyanophyceae;Nostocales;Nostocaceae
k141_53344	Bacteria;Spirochaetota;Spirochaetia;Treponematales;Treponemataceae;Treponema
k141_2740	
k141_53345	Archaea;Thermoproteota;Thermoprotei;Desulfurococcales;Desulfurococcaceae;Ignicoccus;Ignicoccus hospitalis
k141_56901	Bacteria;Planctomycetota;Planctomycetia;Pirellulales;Pirellulaceae;Rhodopirellula;Rhodopirellula baltica
k141_35742	Bacteria;Verrucomicrobiota;Verrucomicrobiia;Verrucomicrobiales;Akkermansiaceae;Akkermansia;Akkermansia muciniphila
k141_13326	Bacteria;Verrucomicrobiota;Verrucomicrobiia;Verrucomicrobiales;Akkermansiaceae;Akkermansia;Akkermansia muciniphila
k141_53348	Bacteria;Chlorobiota;Chlorobiia;Chlorobiales;Chlorobiaceae;Chlorobium;Chlorobium phaeobacteroides
k141_39129	Bacteria;Pseudomonadota;Gammaproteobacteria;Pseudomonadales;Pseudomonadaceae
k141_23928	Archaea;Thermoproteota;Thermoprotei;Desulfurococcales;Desulfurococcaceae;Ignicoccus;Ignicoccus hospitalis
k141_50342	Archaea;Methanobacteriota;Methanococci;Methanococcales;Methanococcaceae;Methanococcus
k141_2751	Archaea;Thermoproteota;Thermoprotei;Desulfurococcales;Desulfurococcaceae;Ignicoccus;Ignicoccus islandicus
k141_35752	Bacteria;Cyanobacteriota;Cyanophyceae;Nostocales;Nostocaceae
k141_56912	Bacteria
k141_28145	Bacteria;Thermotogota;Thermotogae;Thermotogales;Thermotogaceae;Thermotoga
k141_39135	Bacteria;Pseudomonadota;Gammaproteobacteria;Alteromonadales;Shewanellaceae;Shewanella
k141_53359	Archaea;Methanobacteriota;Methanococci;Methanococcales;Methanococcaceae;Methanococcus;Methanococcus maripaludis
k141_13337	Bacteria;Cyanobacteriota;Cyanophyceae;Nostocales;Nostocaceae
k141_2756	Bacteria;Spirochaetota;Spirochaetia;Treponematales;Treponemataceae;Treponema
k141_56913	Bacteria;Aquificota;Aquificia;Aquificales;Aquificaceae;Hydrogenobaculum;Hydrogenobaculum sp. Y04AAS1
k141_39137	Bacteria;Pseudomonadota;Betaproteobacteria;Burkholderiales;Burkholderiaceae;Paraburkholderia;Paraburkholderia xenovorans
k141_2758	Archaea;Thermoproteota;Thermoprotei;Thermoproteales;Thermoproteaceae;Pyrobaculum;Pyrobaculum calidifontis
k141_28148	Bacteria;Pseudomonadota;Gammaproteobacteria;Pseudomonadales;Pseudomonadaceae;Pseudomonas
k141_10255	Bacteria;Chlorobiota;Chlorobiia;Chlorobiales;Chlorobiaceae;Chlorobium;Chlorobium phaeovibrioides
k141_2759	
k141_46368	Bacteria;Fusobacteriota;Fusobacteriia;Fusobacteriales;Fusobacteriaceae;Fusobacterium
k141_13339	Bacteria;Pseudomonadota;Gammaproteobacteria;Pseudomonadales;Pseudomonadaceae;Pseudomonas
k141_28151	Bacteria;Chloroflexota;Chloroflexia;Chloroflexales;Chloroflexaceae;Chloroflexus;Chloroflexus aurantiacus
k141_42848	Bacteria;Planctomycetota;Planctomycetia;Pirellulales;Pirellulaceae;Rhodopirellula;Rhodopirellula baltica
k141_10257	Bacteria;Pseudomonadota;Gammaproteobacteria;Alteromonadales;Shewanellaceae;Shewanella
k141_46369	Bacteria;Pseudomonadota;Gammaproteobacteria;Pseudomonadales;Pseudomonadaceae;Pseudomonas
k141_23937	Bacteria;Fusobacteriota;Fusobacteriia;Fusobacteriales;Fusobacteriaceae;Fusobacterium
k141_50351	Archaea;Methanobacteriota;Halobacteria;Halobacteriales;Halobacteriaceae;Halobacterium
k141_53369	
k141_39141	Bacteria;Pseudomonadota;Gammaproteobacteria;Alteromonadales;Shewanellaceae;Shewanella
k141_28152	
k141_50353	Archaea;Methanobacteriota;Methanococci;Methanococcales;Methanococcaceae;Methanococcus;Methanococcus maripaludis
k141_28154	Archaea;Thermoproteota;Thermoprotei;Thermoproteales;Thermoproteaceae;Pyrobaculum;Pyrobaculum calidifontis
k141_46374	Bacteria;Chlorobiota;Chlorobiia;Chlorobiales;Chlorobiaceae;Chlorobium;Chlorobium phaeobacteroides
k141_50355	Bacteria;Chlorobiota;Chlorobiia;Chlorobiales;Chlorobiaceae;Chlorobaculum;Chlorobaculum tepidum
k141_28156	Bacteria;Chlorobiota;Chlorobiia;Chlorobiales;Chlorobiaceae;Chlorobaculum
k141_42850	
k141_2774	Bacteria;Pseudomonadota;Gammaproteobacteria;Pseudomonadales;Pseudomonadaceae;Pseudomonas
k141_13341	Bacteria;Pseudomonadota;Gammaproteobacteria;Alteromonadales;Shewanellaceae;Shewanella;Shewanella baltica
k141_53378	Archaea;Methanobacteriota;Halobacteria;Halobacteriales;Halobacteriaceae;Halobacterium
k141_17027	
k141_46379	Archaea;Methanobacteriota;Methanococci;Methanococcales;Methanococcaceae;Methanococcus;Methanococcus maripaludis
k141_2777	Bacteria;Cyanobacteriota;Cyanophyceae;Nostocales;Nostocaceae
k141_50365	Bacteria;Pseudomonadota;Gammaproteobacteria;Pseudomonadales;Pseudomonadaceae;Pseudomonas
k141_13343	Bacteria;Pseudomonadota;Gammaproteobacteria;Alteromonadales;Shewanellaceae;Shewanella
k141_53380	Bacteria;Pseudomonadota;Gammaproteobacteria;Pseudomonadales;Pseudomonadaceae;Pseudomonas
k141_23953	Bacteria;Cyanobacteriota;Cyanophyceae;Nostocales;Nostocaceae
k141_28168	Bacteria;Spirochaetota;Spirochaetia;Treponematales;Treponemataceae;Treponema
k141_35787	Bacteria;Pseudomonadota;Gammaproteobacteria;Pseudomonadales;Pseudomonadaceae;Pseudomonas
k141_2780	Archaea;Methanobacteriota;Methanococci;Methanococcales;Methanococcaceae;Methanococcus;Methanococcus maripaludis
k141_53381	Bacteria;Pseudomonadota;Gammaproteobacteria
k141_13346	Archaea;Methanobacteriota;Methanococci;Methanococcales;Methanococcaceae;Methanococcus;Methanococcus maripaludis
k141_42862	Bacteria;Chlorobiota;Chlorobiia;Chlorobiales;Chlorobiaceae;Chlorobium;Chlorobium phaeobacteroides
k141_2782	Bacteria;Pseudomonadota;Gammaproteobacteria
k141_28171	Bacteria
k141_42863	Bacteria
k141_10269	Bacteria;Planctomycetota;Planctomycetia;Pirellulales;Pirellulaceae;Rhodopirellula;Rhodopirellula baltica
k141_56918	Bacteria;Bacillota;Clostridia;Thermoanaerobacterales;Thermoanaerobacteraceae;Thermoanaerobacter
k141_13347	Bacteria;Pseudomonadota;Gammaproteobacteria;Alteromonadales;Shewanellaceae;Shewanella
k141_46380	Bacteria;Pseudomonadota;Betaproteobacteria;Nitrosomonadales;Nitrosomonadaceae;Nitrosomonas
k141_10271	Archaea;Methanobacteriota;Methanococci;Methanococcales;Methanococcaceae;Methanococcus;Methanococcus maripaludis
k141_2784	Bacteria;Aquificota;Aquificia;Aquificales;Aquificaceae;Hydrogenobaculum
k141_28174	Bacteria;Pseudomonadota;Gammaproteobacteria;Pseudomonadales;Pseudomonadaceae;Pseudomonas
k141_42869	Bacteria;Pseudomonadota;Gammaproteobacteria;Pseudomonadales;Pseudomonadaceae;Pseudomonas
k141_50371	Bacteria;Pseudomonadota;Gammaproteobacteria;Alteromonadales;Shewanellaceae;Shewanella
k141_46383	
k141_2786	
k141_23969	Bacteria;Spirochaetota;Spirochaetia;Treponematales;Treponemataceae;Treponema
k141_42871	Bacteria;Chlorobiota;Chlorobiia;Chlorobiales;Chlorobiaceae;Chlorobium;Chlorobium phaeobacteroides
k141_53388	
k141_2788	Archaea;Methanobacteriota;Archaeoglobi;Archaeoglobales;Archaeoglobaceae;Archaeoglobus;Archaeoglobus fulgidus
k141_50373	Bacteria;Pseudomonadota;Gammaproteobacteria;Alteromonadales;Shewanellaceae;Shewanella
k141_28177	Archaea;Thermoproteota;Thermoprotei;Desulfurococcales;Desulfurococcaceae;Ignicoccus;Ignicoccus islandicus
k141_50376	Archaea;Methanobacteriota;Methanococci;Methanococcales;Methanococcaceae;Methanococcus;Methanococcus maripaludis
k141_53391	
k141_42874	Bacteria;Pseudomonadota;Gammaproteobacteria;Pseudomonadales;Pseudomonadaceae;Pseudomonas
k141_10280	
k141_35803	Bacteria;Planctomycetota;Planctomycetia;Pirellulales;Pirellulaceae;Rhodopirellula;Rhodopirellula baltica
k141_46390	Bacteria;Pseudomonadota;Gammaproteobacteria;Pseudomonadales;Pseudomonadaceae;Pseudomonas
k141_28184	Bacteria;Planctomycetota;Planctomycetia;Pirellulales;Pirellulaceae;Rhodopirellula;Rhodopirellula baltica
k141_50379	Bacteria;Pseudomonadota;Gammaproteobacteria;Pseudomonadales;Pseudomonadaceae;Pseudomonas
k141_2797	Bacteria;Pseudomonadota;Gammaproteobacteria;Pseudomonadales;Pseudomonadaceae;Pseudomonas
k141_56936	Bacteria;Chloroflexota;Chloroflexia;Chloroflexales;Chloroflexaceae;Chloroflexus;Chloroflexus aurantiacus
k141_35806	Bacteria;Campylobacterota;Epsilonproteobacteria;Campylobacterales;Helicobacteraceae;Wolinella;Wolinella succinogenes
k141_17028	Bacteria;Pseudomonadota;Betaproteobacteria;Nitrosomonadales;Nitrosomonadaceae;Nitrosomonas
k141_42883	Bacteria;Aquificota;Aquificia;Aquificales;Aquificaceae;Hydrogenobaculum
k141_10283	Bacteria;Pseudomonadota;Gammaproteobacteria;Pseudomonadales;Pseudomonadaceae;Pseudomonas
k141_23984	Bacteria;Verrucomicrobiota;Verrucomicrobiia;Verrucomicrobiales;Akkermansiaceae;Akkermansia;Akkermansia muciniphila
k141_42884	Bacteria;Pseudomonadota;Gammaproteobacteria;Pseudomonadales;Pseudomonadaceae;Pseudomonas
k141_56937	Archaea;Thermoproteota;Thermoprotei;Desulfurococcales;Desulfurococcaceae;Ignicoccus;Ignicoccus hospitalis
k141_2798	Bacteria;Fusobacteriota;Fusobacteriia;Fusobacteriales;Fusobacteriaceae;Fusobacterium
k141_13350	Archaea;Methanobacteriota;Methanococci;Methanococcales;Methanocaldococcaceae;Methanocaldococcus;Methanocaldococcus jannaschii
k141_35811	Bacteria;Pseudomonadota;Gammaproteobacteria;Pseudomonadales;Pseudomonadaceae
k141_10286	Archaea;Thermoproteota;Thermoprotei;Thermoproteales;Thermoproteaceae;Pyrobaculum;Pyrobaculum calidifontis
k141_46404	Bacteria;Pseudomonadota;Gammaproteobacteria;Pseudomonadales;Pseudomonadaceae;Pseudomonas
k141_50387	Bacteria
k141_13356	Bacteria;Pseudomonadota
k141_56938	Bacteria;Pseudomonadota;Gammaproteobacteria;Pseudomonadales;Pseudomonadaceae;Pseudomonas
k141_28195	Bacteria;Pseudomonadota;Gammaproteobacteria;Pseudomonadales;Pseudomonadaceae;Pseudomonas
k141_46408	Bacteria;Pseudomonadota;Gammaproteobacteria;Pseudomonadales;Pseudomonadaceae;Pseudomonas
k141_13360	Bacteria;Pseudomonadota;Gammaproteobacteria;Pseudomonadales;Pseudomonadaceae;Pseudomonas
k141_10296	Bacteria;Pseudomonadota;Gammaproteobacteria;Pseudomonadales;Pseudomonadaceae;Pseudomonas
k141_50396	Bacteria;Pseudomonadota;Gammaproteobacteria;Pseudomonadales;Pseudomonadaceae;Pseudomonas
k141_39143	Bacteria;Pseudomonadota;Betaproteobacteria;Nitrosomonadales;Nitrosomonadaceae;Nitrosomonas
k141_13361	Bacteria;Pseudomonadota;Gammaproteobacteria;Pseudomonadales;Pseudomonadaceae;Pseudomonas
k141_53404	Bacteria;Aquificota;Aquificia;Aquificales;Aquificaceae;Hydrogenobaculum
k141_39144	Bacteria;Pseudomonadota;Gammaproteobacteria;Pseudomonadales;Pseudomonadaceae;Pseudomonas
k141_10298	Bacteria;Pseudomonadota;Gammaproteobacteria;Pseudomonadales;Pseudomonadaceae;Pseudomonas
k141_56941	Bacteria;Fusobacteriota;Fusobacteriia;Fusobacteriales;Fusobacteriaceae;Fusobacterium
k141_35814	Archaea;Methanobacteriota;Halobacteria;Halobacteriales;Halobacteriaceae;Halobacterium
k141_23999	Bacteria;Pseudomonadota;Gammaproteobacteria;Alteromonadales;Shewanellaceae;Shewanella;Shewanella baltica
k141_39146	Bacteria;Thermodesulfobacteriota;Desulfuromonadia;Geobacterales;Geobacteraceae;Geobacter
k141_17040	
k141_50398	Bacteria;Pseudomonadota;Gammaproteobacteria;Alteromonadales;Shewanellaceae;Shewanella
k141_24000	Bacteria;Planctomycetota;Planctomycetia;Pirellulales;Pirellulaceae;Rhodopirellula;Rhodopirellula baltica
k141_17041	Archaea;Methanobacteriota;Methanococci;Methanococcales;Methanocaldococcaceae;Methanocaldococcus;Methanocaldococcus jannaschii
k141_46421	Bacteria;Chloroflexota;Chloroflexia;Chloroflexales;Chloroflexaceae;Chloroflexus;Chloroflexus aurantiacus
k141_10304	Bacteria;Chlorobiota;Chlorobiia;Chlorobiales;Chlorobiaceae;Chlorobaculum;Chlorobaculum tepidum
k141_50401	Bacteria;Cyanobacteriota;Cyanophyceae;Nostocales;Nostocaceae
k141_42887	Bacteria;Planctomycetota;Planctomycetia;Pirellulales;Pirellulaceae;Rhodopirellula;Rhodopirellula baltica
k141_24002	Bacteria;Pseudomonadota;Gammaproteobacteria;Alteromonadales;Shewanellaceae;Shewanella
k141_56950	Bacteria;Pseudomonadota;Gammaproteobacteria;Pseudomonadales;Pseudomonadaceae;Pseudomonas
k141_50403	Bacteria;Pseudomonadota;Gammaproteobacteria;Pseudomonadales;Pseudomonadaceae;Pseudomonas
k141_10305	Bacteria;Chloroflexota;Chloroflexia;Chloroflexales;Chloroflexaceae;Chloroflexus;Chloroflexus aurantiacus
k141_35823	Bacteria;Pseudomonadota;Gammaproteobacteria;Pseudomonadales;Pseudomonadaceae;Pseudomonas
k141_2814	Bacteria;Chlorobiota;Chlorobiia;Chlorobiales;Chlorobiaceae;Chlorobaculum;Chlorobaculum tepidum
k141_46425	
k141_2815	Archaea;Thermoproteota;Thermoprotei;Desulfurococcales;Desulfurococcaceae;Ignicoccus;Ignicoccus islandicus
k141_13378	Archaea;Thermoproteota;Thermoprotei;Desulfurococcales;Desulfurococcaceae;Ignicoccus;Ignicoccus islandicus
k141_35825	Bacteria;Pseudomonadota;Gammaproteobacteria
k141_10306	Bacteria;Planctomycetota;Planctomycetia;Pirellulales;Pirellulaceae;Rhodopirellula;Rhodopirellula baltica
k141_56955	Bacteria;Pseudomonadota;Gammaproteobacteria;Pseudomonadales;Pseudomonadaceae
k141_17043	
k141_50407	Bacteria;Pseudomonadota;Gammaproteobacteria;Alteromonadales;Shewanellaceae;Shewanella
k141_28213	Bacteria;Thermotogota;Thermotogae;Thermotogales;Thermotogaceae;Thermotoga
k141_17044	Archaea;Methanobacteriota;Methanococci;Methanococcales;Methanococcaceae;Methanococcus;Methanococcus maripaludis
k141_35826	Bacteria;Pseudomonadota;Gammaproteobacteria;Pseudomonadales;Pseudomonadaceae;Pseudomonas
k141_42898	Bacteria;Cyanobacteriota;Cyanophyceae;Nostocales;Nostocaceae
k141_24003	Bacteria;Fusobacteriota;Fusobacteriia;Fusobacteriales;Fusobacteriaceae;Fusobacterium
k141_50410	Bacteria;Aquificota;Aquificia;Aquificales;Aquificaceae;Hydrogenobaculum
k141_28215	Bacteria;Aquificota;Aquificia;Aquificales;Aquificaceae;Hydrogenobaculum;Hydrogenobaculum sp. Y04AAS1
k141_2823	Bacteria;Aquificota;Aquificia;Aquificales;Hydrogenothermaceae;Sulfurihydrogenibium
k141_13384	Bacteria;Chloroflexota;Chloroflexia;Chloroflexales;Chloroflexaceae;Chloroflexus;Chloroflexus aurantiacus
k141_10311	Archaea;Thermoproteota;Thermoprotei;Desulfurococcales;Desulfurococcaceae;Ignicoccus;Ignicoccus islandicus
k141_46426	Bacteria;Thermotogota;Thermotogae;Thermotogales;Thermotogaceae;Thermotoga
k141_50412	Bacteria;Pseudomonadota;Gammaproteobacteria;Pseudomonadales;Pseudomonadaceae;Pseudomonas
k141_35827	Bacteria;Chlorobiota;Chlorobiia;Chlorobiales;Chlorobiaceae;Chlorobaculum;Chlorobaculum tepidum
k141_56959	Bacteria;Fusobacteriota;Fusobacteriia;Fusobacteriales;Fusobacteriaceae;Fusobacterium
k141_39170	Bacteria;Pseudomonadota;Gammaproteobacteria;Pseudomonadales;Pseudomonadaceae;Pseudomonas
k141_50414	Bacteria;Cyanobacteriota;Cyanophyceae;Nostocales;Nostocaceae
k141_17048	Bacteria;Pseudomonadota;Gammaproteobacteria;Pseudomonadales;Pseudomonadaceae;Pseudomonas
k141_46430	Bacteria;Pseudomonadota;Gammaproteobacteria;Pseudomonadales;Pseudomonadaceae;Pseudomonas
k141_28219	Bacteria;Thermotogota;Thermotogae;Thermotogales;Thermotogaceae;Thermotoga;Thermotoga neapolitana
k141_46432	Bacteria;Aquificota;Aquificia;Aquificales;Aquificaceae;Hydrogenobaculum;Hydrogenobaculum sp. Y04AAS1
k141_13391	Bacteria;Verrucomicrobiota;Verrucomicrobiia;Verrucomicrobiales;Akkermansiaceae;Akkermansia;Akkermansia muciniphila
k141_53409	Bacteria;Chlorobiota;Chlorobiia;Chlorobiales;Chlorobiaceae;Chlorobium;Chlorobium limicola
k141_35831	Bacteria;Pseudomonadota;Gammaproteobacteria;Alteromonadales;Shewanellaceae;Shewanella
k141_2832	
k141_17053	Archaea;Methanobacteriota;Halobacteria;Halobacteriales;Halobacteriaceae;Halobacterium
k141_2833	
k141_13393	Bacteria
k141_46437	Bacteria;Chlorobiota;Chlorobiia;Chlorobiales;Chlorobiaceae;Chlorobaculum;Chlorobaculum tepidum
k141_50427	
k141_39183	Archaea;Thermoproteota;Thermoprotei;Thermoproteales;Thermoproteaceae;Pyrobaculum;Pyrobaculum calidifontis
k141_56973	Bacteria;Chlorobiota;Chlorobiia;Chlorobiales;Chlorobiaceae;Chlorobaculum;Chlorobaculum tepidum
k141_28231	Bacteria;Chloroflexota;Chloroflexia;Chloroflexales;Chloroflexaceae;Chloroflexus;Chloroflexus aurantiacus
k141_50428	Bacteria;Verrucomicrobiota;Verrucomicrobiia;Verrucomicrobiales;Akkermansiaceae;Akkermansia
k141_46442	
k141_35832	Bacteria;Planctomycetota;Planctomycetia;Pirellulales;Pirellulaceae;Rhodopirellula;Rhodopirellula baltica
k141_46446	Bacteria;Pseudomonadota;Gammaproteobacteria;Pseudomonadales;Pseudomonadaceae;Pseudomonas
k141_24010	Bacteria;Planctomycetota;Planctomycetia;Pirellulales;Pirellulaceae;Rhodopirellula;Rhodopirellula baltica
k141_39187	Archaea;Thermoproteota;Thermoprotei;Desulfurococcales;Desulfurococcaceae;Ignicoccus;Ignicoccus islandicus
k141_13395	Bacteria;Fusobacteriota;Fusobacteriia;Fusobacteriales;Fusobacteriaceae;Fusobacterium
k141_50435	Archaea;Methanobacteriota;Methanococci;Methanococcales;Methanococcaceae;Methanococcus;Methanococcus maripaludis
k141_28239	Bacteria;Verrucomicrobiota;Verrucomicrobiia;Verrucomicrobiales;Akkermansiaceae;Akkermansia;Akkermansia muciniphila
k141_24013	Bacteria;Pseudomonadota;Gammaproteobacteria;Pseudomonadales;Pseudomonadaceae;Pseudomonas
k141_10313	Bacteria;Fusobacteriota;Fusobacteriia;Fusobacteriales;Fusobacteriaceae;Fusobacterium
k141_56981	Bacteria;Pseudomonadota;Gammaproteobacteria;Alteromonadales;Shewanellaceae;Shewanella
k141_46447	Bacteria;Pseudomonadota;Gammaproteobacteria;Pseudomonadales;Pseudomonadaceae;Pseudomonas
k141_17054	
k141_50439	
k141_13400	Archaea;Methanobacteriota;Methanopyri;Methanopyrales;Methanopyraceae;Methanopyrus;Methanopyrus kandleri
k141_10318	
k141_42935	Bacteria;Pseudomonadota;Gammaproteobacteria;Pseudomonadales;Pseudomonadaceae;Pseudomonas
k141_10319	Bacteria;Pseudomonadota;Gammaproteobacteria;Pseudomonadales;Pseudomonadaceae;Pseudomonas
k141_46454	Bacteria;Chlorobiota;Chlorobiia;Chlorobiales;Chlorobiaceae;Chlorobium;Chlorobium phaeobacteroides
k141_56982	Archaea;Thermoproteota;Thermoprotei;Desulfurococcales;Desulfurococcaceae;Ignicoccus;Ignicoccus hospitalis
k141_17059	Bacteria;Pseudomonadota;Gammaproteobacteria;Alteromonadales;Shewanellaceae;Shewanella
k141_24022	Bacteria;Thermodesulfobacteriota;Desulfobulbia;Desulfobulbales;Desulfobulbaceae;Desulfobulbus;Desulfobulbus oralis
k141_42939	Bacteria;Cyanobacteriota;Cyanophyceae;Nostocales;Nostocaceae
k141_13403	Bacteria;Pseudomonadota;Gammaproteobacteria;Pseudomonadales;Pseudomonadaceae;Pseudomonas
k141_24023	Bacteria;Chloroflexota;Chloroflexia;Chloroflexales;Chloroflexaceae;Chloroflexus;Chloroflexus aurantiacus
k141_28242	Bacteria;Planctomycetota;Planctomycetia;Pirellulales;Pirellulaceae;Rhodopirellula;Rhodopirellula baltica
k141_53415	Bacteria;Planctomycetota;Planctomycetia;Pirellulales;Pirellulaceae;Rhodopirellula;Rhodopirellula baltica
k141_46455	Bacteria;Bacteroidota;Bacteroidia;Bacteroidales;Porphyromonadaceae;Porphyromonas;Porphyromonas gingivalis
k141_56988	Bacteria;Bacteroidota;Bacteroidia;Bacteroidales;Bacteroidaceae;Phocaeicola
k141_42943	Archaea;Methanobacteriota;Archaeoglobi;Archaeoglobales;Archaeoglobaceae;Archaeoglobus;Archaeoglobus fulgidus
k141_17066	Bacteria;Verrucomicrobiota;Verrucomicrobiia;Verrucomicrobiales;Akkermansiaceae;Akkermansia
k141_39210	Bacteria;Verrucomicrobiota;Verrucomicrobiia;Verrucomicrobiales;Akkermansiaceae;Akkermansia;Akkermansia muciniphila
k141_13408	Bacteria;Pseudomonadota;Gammaproteobacteria;Alteromonadales;Shewanellaceae;Shewanella
k141_35855	Bacteria;Chlorobiota;Chlorobiia;Chlorobiales;Chlorobiaceae;Chlorobaculum
k141_46457	Bacteria;Chlorobiota;Chlorobiia;Chlorobiales;Chlorobiaceae;Chlorobaculum;Chlorobaculum tepidum
k141_10329	Bacteria;Pseudomonadota;Gammaproteobacteria;Pseudomonadales;Pseudomonadaceae;Pseudomonas
k141_42945	Bacteria;Bacteroidota;Bacteroidia;Bacteroidales
k141_24026	Archaea;Thermoproteota;Thermoprotei;Desulfurococcales;Desulfurococcaceae;Ignicoccus;Ignicoccus islandicus
k141_46458	Bacteria;Pseudomonadota;Gammaproteobacteria;Pseudomonadales;Pseudomonadaceae;Pseudomonas
k141_39214	Bacteria;Pseudomonadota;Gammaproteobacteria;Pseudomonadales;Pseudomonadaceae;Pseudomonas
k141_13410	Bacteria;Pseudomonadota;Gammaproteobacteria;Pseudomonadales;Pseudomonadaceae;Pseudomonas
k141_35857	Bacteria;Pseudomonadota;Gammaproteobacteria;Pseudomonadales;Pseudomonadaceae;Pseudomonas
k141_17071	Bacteria;Pseudomonadota;Gammaproteobacteria;Pseudomonadales;Pseudomonadaceae;Pseudomonas
k141_13413	Bacteria;Aquificota;Aquificia;Aquificales;Aquificaceae;Hydrogenobaculum;Hydrogenobaculum sp. Y04AAS1
k141_24031	Archaea;Thermoproteota;Thermoprotei;Desulfurococcales;Desulfurococcaceae;Ignicoccus;Ignicoccus islandicus
k141_28251	
k141_39219	Bacteria;Pseudomonadota;Betaproteobacteria;Burkholderiales;Burkholderiaceae;Paraburkholderia
k141_35858	Bacteria;Pseudomonadota;Gammaproteobacteria;Pseudomonadales;Pseudomonadaceae;Pseudomonas
k141_13414	Bacteria;Chlorobiota;Chlorobiia;Chlorobiales;Chlorobiaceae;Chlorobium;Chlorobium phaeobacteroides
k141_53431	Archaea;Methanobacteriota;Halobacteria;Halobacteriales;Halobacteriaceae;Halobacterium
k141_35865	Bacteria
k141_53436	Bacteria;Bacillota
k141_13420	Bacteria;Pseudomonadota;Gammaproteobacteria;Alteromonadales;Shewanellaceae;Shewanella
k141_39220	Bacteria
k141_39221	Bacteria;Cyanobacteriota;Cyanophyceae;Nostocales;Nostocaceae
k141_35868	Bacteria;Verrucomicrobiota;Verrucomicrobiia;Verrucomicrobiales;Akkermansiaceae;Akkermansia;Akkermansia muciniphila
k141_24042	Bacteria;Pseudomonadota;Gammaproteobacteria;Pseudomonadales;Pseudomonadaceae;Pseudomonas
k141_13422	Bacteria;Chlorobiota;Chlorobiia;Chlorobiales;Chlorobiaceae;Chlorobium;Chlorobium phaeobacteroides
k141_17078	Archaea;Methanobacteriota;Halobacteria;Halobacteriales;Halobacteriaceae;Halobacterium;Halobacterium salinarum
k141_28252	
k141_24043	Bacteria;Cyanobacteriota;Cyanophyceae;Nostocales
k141_39223	
k141_35872	Bacteria;Cyanobacteriota;Cyanophyceae;Nostocales;Nostocaceae
k141_13428	Bacteria;Cyanobacteriota;Cyanophyceae;Nostocales;Nostocaceae
k141_28257	Bacteria;Pseudomonadota;Gammaproteobacteria;Pseudomonadales;Pseudomonadaceae;Pseudomonas
k141_24045	Bacteria;Pseudomonadota;Gammaproteobacteria;Alteromonadales;Shewanellaceae;Shewanella
k141_10339	Bacteria;Chlorobiota;Chlorobiia;Chlorobiales;Chlorobiaceae;Chlorobium;Chlorobium limicola
k141_39228	Bacteria;Chlorobiota;Chlorobiia;Chlorobiales;Chlorobiaceae;Chlorobaculum;Chlorobaculum tepidum
k141_39229	Bacteria;Chloroflexota;Chloroflexia;Chloroflexales;Chloroflexaceae;Chloroflexus;Chloroflexus aurantiacus
k141_35878	Bacteria;Chlorobiota;Chlorobiia;Chlorobiales;Chlorobiaceae;Chlorobium;Chlorobium phaeobacteroides
k141_28258	Bacteria;Fusobacteriota;Fusobacteriia;Fusobacteriales;Fusobacteriaceae;Fusobacterium
k141_10342	
k141_57008	Bacteria;Fusobacteriota;Fusobacteriia;Fusobacteriales;Fusobacteriaceae;Fusobacterium
k141_17082	Bacteria;Planctomycetota;Planctomycetia;Pirellulales;Pirellulaceae;Rhodopirellula;Rhodopirellula baltica
k141_28262	Bacteria;Pseudomonadota;Gammaproteobacteria;Alteromonadales;Shewanellaceae;Shewanella
k141_10343	
k141_35886	
k141_17083	Archaea;Thermoproteota;Thermoprotei;Desulfurococcales;Desulfurococcaceae;Ignicoccus;Ignicoccus islandicus
k141_39237	Bacteria;Chloroflexota;Chloroflexia;Chloroflexales;Chloroflexaceae;Chloroflexus;Chloroflexus aurantiacus
k141_13431	Archaea;Thermoproteota;Thermoprotei;Desulfurococcales;Desulfurococcaceae;Ignicoccus;Ignicoccus hospitalis
k141_10346	Bacteria;Chlorobiota;Chlorobiia;Chlorobiales;Chlorobiaceae;Chlorobaculum;Chlorobaculum tepidum
k141_13432	Bacteria;Cyanobacteriota;Cyanophyceae;Nostocales;Nostocaceae
k141_53453	Bacteria;Planctomycetota;Planctomycetia;Pirellulales;Pirellulaceae;Rhodopirellula;Rhodopirellula baltica
k141_35889	Archaea;Methanobacteriota;Methanococci;Methanococcales;Methanococcaceae;Methanococcus;Methanococcus maripaludis
k141_57015	Bacteria;Pseudomonadota;Gammaproteobacteria;Pseudomonadales;Pseudomonadaceae;Pseudomonas
k141_10349	Bacteria;Pseudomonadota;Gammaproteobacteria;Pseudomonadales;Pseudomonadaceae;Pseudomonas
k141_35890	Bacteria;Bacteroidota;Bacteroidia;Bacteroidales;Bacteroidaceae;Phocaeicola;Phocaeicola vulgatus
k141_42954	
k141_42955	Bacteria;Cyanobacteriota;Cyanophyceae;Nostocales;Nostocaceae
k141_6357	
k141_13443	Bacteria;Pseudomonadota;Gammaproteobacteria
k141_39247	Bacteria;Pseudomonadota;Gammaproteobacteria;Pseudomonadales;Pseudomonadaceae
k141_24051	
k141_35896	Bacteria;Pseudomonadota;Gammaproteobacteria;Pseudomonadales;Pseudomonadaceae;Pseudomonas
k141_17091	Archaea;Methanobacteriota;Methanococci;Methanococcales;Methanocaldococcaceae;Methanocaldococcus;Methanocaldococcus jannaschii
k141_53466	Bacteria;Pseudomonadota;Gammaproteobacteria;Pseudomonadales;Pseudomonadaceae;Pseudomonas
k141_10356	Bacteria;Pseudomonadota;Gammaproteobacteria;Alteromonadales;Shewanellaceae;Shewanella
k141_39251	
k141_6361	Archaea;Methanobacteriota;Methanococci;Methanococcales;Methanococcaceae;Methanococcus;Methanococcus maripaludis
k141_35900	Bacteria;Chloroflexota;Chloroflexia;Chloroflexales;Chloroflexaceae;Chloroflexus;Chloroflexus aurantiacus
k141_57026	Bacteria;Spirochaetota;Spirochaetia;Treponematales;Treponemataceae;Treponema
k141_17092	
k141_28285	Bacteria;Chlorobiota;Chlorobiia;Chlorobiales;Chlorobiaceae;Chlorobium;Chlorobium phaeobacteroides
k141_6362	Bacteria;Aquificota;Aquificia;Aquificales;Hydrogenothermaceae;Sulfurihydrogenibium;Sulfurihydrogenibium sp. YO3AOP1
k141_42959	Bacteria;Pseudomonadota;Gammaproteobacteria;Alteromonadales;Shewanellaceae;Shewanella
k141_17093	Bacteria;Campylobacterota;Epsilonproteobacteria;Campylobacterales;Helicobacteraceae;Wolinella;Wolinella succinogenes
k141_57027	Bacteria;Pseudomonadota;Gammaproteobacteria;Pseudomonadales;Pseudomonadaceae;Pseudomonas
k141_39256	Archaea;Thermoproteota;Thermoprotei;Desulfurococcales;Desulfurococcaceae;Ignicoccus;Ignicoccus hospitalis
k141_10360	Bacteria;Chlorobiota;Chlorobiia;Chlorobiales;Chlorobiaceae;Chlorobium;Chlorobium phaeobacteroides
k141_57029	Archaea;Methanobacteriota;Halobacteria;Halobacteriales;Halobacteriaceae;Halobacterium
k141_42962	Bacteria;Planctomycetota;Planctomycetia;Pirellulales;Pirellulaceae;Rhodopirellula;Rhodopirellula baltica
k141_53474	Bacteria;Pseudomonadota;Gammaproteobacteria;Pseudomonadales;Pseudomonadaceae;Pseudomonas
k141_6368	Bacteria;Pseudomonadota;Gammaproteobacteria;Alteromonadales;Shewanellaceae;Shewanella
k141_42963	Bacteria;Verrucomicrobiota;Verrucomicrobiia;Verrucomicrobiales;Akkermansiaceae;Akkermansia;Akkermansia muciniphila
k141_42964	Bacteria;Campylobacterota;Epsilonproteobacteria;Campylobacterales;Helicobacteraceae;Wolinella;Wolinella succinogenes
k141_35902	Archaea;Methanobacteriota;Methanococci;Methanococcales;Methanococcaceae;Methanococcus;Methanococcus maripaludis
k141_57032	Bacteria;Aquificota;Aquificia;Aquificales;Aquificaceae;Hydrogenobaculum
k141_28299	Bacteria;Spirochaetota;Spirochaetia;Treponematales;Treponemataceae;Treponema
k141_35903	Bacteria;Chloroflexota;Chloroflexia;Chloroflexales;Chloroflexaceae;Chloroflexus;Chloroflexus aurantiacus
k141_10373	Archaea;Thermoproteota;Thermoprotei;Desulfurococcales;Desulfurococcaceae;Ignicoccus;Ignicoccus hospitalis
k141_28300	Bacteria;Chlorobiota;Chlorobiia;Chlorobiales;Chlorobiaceae;Chlorobium;Chlorobium phaeobacteroides
k141_17102	Archaea;Methanobacteriota;Methanococci;Methanococcales;Methanocaldococcaceae;Methanocaldococcus;Methanocaldococcus jannaschii
k141_57037	
k141_42973	Archaea;Thermoproteota;Thermoprotei;Desulfurococcales;Desulfurococcaceae;Ignicoccus;Ignicoccus hospitalis
k141_57038	Bacteria;Cyanobacteriota;Cyanophyceae;Nostocales;Nostocaceae
k141_39257	
k141_35911	Bacteria;Verrucomicrobiota;Verrucomicrobiia;Verrucomicrobiales;Akkermansiaceae;Akkermansia;Akkermansia muciniphila
k141_28302	Bacteria;Bacillota
k141_35913	
k141_2835	Bacteria;Planctomycetota;Planctomycetia;Pirellulales;Pirellulaceae;Rhodopirellula;Rhodopirellula baltica
k141_20443	Bacteria;Pseudomonadota;Betaproteobacteria;Nitrosomonadales;Nitrosomonadaceae;Nitrosomonas
k141_39261	Archaea;Methanobacteriota;Methanococci;Methanococcales;Methanococcaceae;Methanococcus;Methanococcus maripaludis
k141_57043	Bacteria;Pseudomonadota;Gammaproteobacteria;Alteromonadales;Shewanellaceae;Shewanella
k141_42975	Archaea;Thermoproteota;Thermoprotei;Desulfurococcales;Desulfurococcaceae;Ignicoccus;Ignicoccus islandicus
k141_2839	
k141_35917	Archaea;Thermoproteota;Thermoprotei;Desulfurococcales;Desulfurococcaceae;Ignicoccus;Ignicoccus hospitalis
k141_10374	Bacteria;Fusobacteriota;Fusobacteriia;Fusobacteriales;Fusobacteriaceae;Fusobacterium
k141_17120	Bacteria;Pseudomonadota;Gammaproteobacteria;Pseudomonadales;Pseudomonadaceae;Pseudomonas
k141_42982	Bacteria;Cyanobacteriota;Cyanophyceae;Nostocales;Nostocaceae
k141_6369	Bacteria;Chlorobiota;Chlorobiia;Chlorobiales;Chlorobiaceae;Chlorobium;Chlorobium limicola
k141_35920	Bacteria;Chlorobiota;Chlorobiia;Chlorobiales;Chlorobiaceae;Chlorobium;Chlorobium phaeobacteroides
k141_20457	Bacteria;Pseudomonadota;Gammaproteobacteria;Pseudomonadales;Pseudomonadaceae;Pseudomonas
k141_6370	Archaea;Methanobacteriota;Halobacteria;Halobacteriales;Halobacteriaceae;Halobacterium
k141_53485	Bacteria;Bacteroidota;Bacteroidia;Bacteroidales;Porphyromonadaceae;Porphyromonas;Porphyromonas gingivalis
k141_17125	Bacteria;Pseudomonadota;Gammaproteobacteria;Pseudomonadales;Pseudomonadaceae;Pseudomonas
k141_39276	Bacteria;Pseudomonadota;Gammaproteobacteria;Pseudomonadales;Pseudomonadaceae;Pseudomonas
k141_10379	Bacteria;Planctomycetota;Planctomycetia;Pirellulales;Pirellulaceae;Rhodopirellula;Rhodopirellula baltica
k141_20462	Bacteria;Pseudomonadota;Gammaproteobacteria;Pseudomonadales;Pseudomonadaceae;Pseudomonas
k141_53487	Bacteria;Pseudomonadota;Gammaproteobacteria
k141_57046	Bacteria;Planctomycetota;Planctomycetia;Pirellulales;Pirellulaceae;Rhodopirellula;Rhodopirellula baltica
k141_6375	Bacteria;Chlorobiota;Chlorobiia;Chlorobiales;Chlorobiaceae;Chlorobaculum;Chlorobaculum tepidum
k141_39280	Archaea;Thermoproteota;Thermoprotei;Desulfurococcales;Desulfurococcaceae;Ignicoccus;Ignicoccus hospitalis
k141_53488	Bacteria;Pseudomonadota;Gammaproteobacteria;Pseudomonadales;Pseudomonadaceae;Pseudomonas
k141_35924	Bacteria;Chlorobiota;Chlorobiia;Chlorobiales;Chlorobiaceae;Chlorobaculum;Chlorobaculum tepidum
k141_17127	Bacteria;Pseudomonadota;Gammaproteobacteria;Alteromonadales;Shewanellaceae;Shewanella
k141_13458	Bacteria;Pseudomonadota;Betaproteobacteria;Nitrosomonadales;Nitrosomonadaceae;Nitrosomonas
k141_57051	Bacteria;Pseudomonadota;Gammaproteobacteria;Pseudomonadales;Pseudomonadaceae;Pseudomonas;Pseudomonas marginalis
k141_24060	Bacteria;Planctomycetota;Planctomycetia;Pirellulales;Pirellulaceae;Rhodopirellula;Rhodopirellula baltica
k141_28337	Bacteria;Cyanobacteriota;Cyanophyceae;Nostocales;Nostocaceae
k141_13460	Bacteria;Pseudomonadota;Gammaproteobacteria;Pseudomonadales;Pseudomonadaceae;Pseudomonas
k141_2868	
k141_43003	Bacteria;Pseudomonadota;Gammaproteobacteria;Pseudomonadales;Pseudomonadaceae;Pseudomonas
k141_20465	
k141_43004	Bacteria;Cyanobacteriota;Cyanophyceae;Nostocales;Nostocaceae
k141_17129	Archaea;Methanobacteriota;Halobacteria;Halobacteriales
k141_20466	
k141_53497	Bacteria;Chlorobiota;Chlorobiia;Chlorobiales;Chlorobiaceae;Chlorobium;Chlorobium phaeobacteroides
k141_10399	Bacteria;Spirochaetota;Spirochaetia;Treponematales;Treponemataceae;Treponema
k141_43009	Bacteria;Cyanobacteriota;Cyanophyceae;Nostocales;Nostocaceae
k141_6385	Archaea;Methanobacteriota;Halobacteria;Halobacteriales;Halobacteriaceae;Halobacterium
k141_35930	Bacteria;Bacteroidota;Bacteroidia;Bacteroidales;Porphyromonadaceae;Porphyromonas;Porphyromonas gingivalis
k141_39294	Bacteria;Aquificota;Aquificia;Aquificales;Aquificaceae;Hydrogenobaculum
k141_43010	Bacteria;Aquificota;Aquificia;Aquificales;Aquificaceae;Hydrogenobaculum
k141_24065	Bacteria;Fusobacteriota;Fusobacteriia;Fusobacteriales;Fusobacteriaceae;Fusobacterium
k141_39296	Bacteria;Pseudomonadota;Gammaproteobacteria;Pseudomonadales;Pseudomonadaceae;Pseudomonas
k141_35931	Bacteria;Pseudomonadota;Gammaproteobacteria;Pseudomonadales;Pseudomonadaceae;Pseudomonas
k141_28347	Archaea;Methanobacteriota;Methanobacteria;Methanobacteriales;Methanothermaceae;Methanothermus;Methanothermus sociabilis
k141_17141	Bacteria;Aquificota;Aquificia;Aquificales;Aquificaceae;Hydrogenobaculum;Hydrogenobaculum sp. Y04AAS1
k141_39297	Bacteria;Pseudomonadota;Gammaproteobacteria;Pseudomonadales;Pseudomonadaceae;Pseudomonas
k141_53500	Bacteria;Pseudomonadota;Gammaproteobacteria;Alteromonadales;Shewanellaceae;Shewanella
k141_39298	Bacteria;Pseudomonadota;Gammaproteobacteria;Alteromonadales;Shewanellaceae;Shewanella;Shewanella baltica
k141_57052	Bacteria;Planctomycetota;Planctomycetia;Pirellulales;Pirellulaceae;Rhodopirellula;Rhodopirellula baltica
k141_35934	Bacteria;Planctomycetota;Planctomycetia;Pirellulales;Pirellulaceae;Rhodopirellula;Rhodopirellula baltica
k141_39302	Bacteria;Pseudomonadota;Gammaproteobacteria;Pseudomonadales;Pseudomonadaceae;Pseudomonas;Pseudomonas marginalis
k141_35935	Archaea;Thermoproteota;Thermoprotei;Desulfurococcales;Desulfurococcaceae;Ignicoccus;Ignicoccus hospitalis
k141_20489	Bacteria;Pseudomonadota;Gammaproteobacteria;Pseudomonadales;Pseudomonadaceae;Pseudomonas
k141_17151	Bacteria;Pseudomonadota;Gammaproteobacteria;Pseudomonadales;Pseudomonadaceae;Pseudomonas
k141_10411	Bacteria;Planctomycetota;Planctomycetia;Pirellulales;Pirellulaceae;Rhodopirellula;Rhodopirellula baltica
k141_35938	Bacteria;Pseudomonadota;Gammaproteobacteria;Pseudomonadales;Pseudomonadaceae;Pseudomonas
k141_39307	Archaea;Methanobacteriota;Halobacteria;Halobacteriales;Halobacteriaceae;Halobacterium
k141_53508	Bacteria;Aquificota;Aquificia;Aquificales;Aquificaceae;Hydrogenobaculum
k141_57056	Archaea;Methanobacteriota;Methanococci;Methanococcales;Methanococcaceae;Methanococcus;Methanococcus maripaludis
k141_24082	Archaea;Thermoproteota;Thermoprotei;Desulfurococcales;Desulfurococcaceae;Ignicoccus;Ignicoccus hospitalis
k141_50442	Bacteria;Chlorobiota;Chlorobiia;Chlorobiales;Chlorobiaceae;Chlorobium;Chlorobium phaeovibrioides
k141_35942	Bacteria;Pseudomonadota;Gammaproteobacteria
k141_46461	
k141_20497	Bacteria
k141_6394	Bacteria;Pseudomonadota;Gammaproteobacteria;Alteromonadales;Shewanellaceae;Shewanella
k141_28354	
k141_10417	Bacteria;Pseudomonadota;Gammaproteobacteria;Pseudomonadales;Pseudomonadaceae;Pseudomonas
k141_6395	Archaea;Methanobacteriota;Methanopyri;Methanopyrales;Methanopyraceae;Methanopyrus;Methanopyrus kandleri
k141_20498	Bacteria;Pseudomonadota;Gammaproteobacteria;Alteromonadales;Shewanellaceae;Shewanella
k141_39313	Archaea;Thermoproteota;Thermoprotei;Thermoproteales;Thermoproteaceae;Pyrobaculum;Pyrobaculum calidifontis
k141_50447	Bacteria;Chlorobiota;Chlorobiia;Chlorobiales;Chlorobiaceae;Chlorobium;Chlorobium phaeobacteroides
k141_6397	
k141_20499	Bacteria;Pseudomonadota;Gammaproteobacteria;Pseudomonadales;Pseudomonadaceae;Pseudomonas
k141_10420	Bacteria;Pseudomonadota;Gammaproteobacteria;Alteromonadales;Shewanellaceae;Shewanella
k141_24086	Bacteria;Pseudomonadota;Gammaproteobacteria;Alteromonadales;Shewanellaceae;Shewanella
k141_28360	Archaea;Thermoproteota;Thermoprotei;Desulfurococcales;Desulfurococcaceae;Ignicoccus;Ignicoccus islandicus
k141_43018	
k141_28363	Archaea;Thermoproteota;Thermoprotei;Thermoproteales;Thermoproteaceae;Pyrobaculum;Pyrobaculum calidifontis
k141_35943	Bacteria;Cyanobacteriota;Cyanophyceae;Nostocales;Nostocaceae
k141_43019	Bacteria;Pseudomonadota;Gammaproteobacteria;Pseudomonadales;Pseudomonadaceae;Pseudomonas
k141_6402	Bacteria;Pseudomonadota;Gammaproteobacteria;Alteromonadales;Shewanellaceae;Shewanella
k141_46471	Bacteria;Pseudomonadota;Gammaproteobacteria;Alteromonadales;Shewanellaceae;Shewanella
k141_20507	Bacteria;Chlorobiota;Chlorobiia;Chlorobiales;Chlorobiaceae;Chlorobium;Chlorobium phaeobacteroides
k141_24090	Bacteria;Planctomycetota;Planctomycetia;Pirellulales;Pirellulaceae;Rhodopirellula;Rhodopirellula baltica
k141_17153	Archaea;Methanobacteriota;Halobacteria;Halobacteriales;Halobacteriaceae;Halobacterium
k141_39327	Archaea;Thermoproteota;Thermoprotei;Desulfurococcales;Desulfurococcaceae;Ignicoccus;Ignicoccus hospitalis
k141_28367	Bacteria;Pseudomonadota;Gammaproteobacteria;Pseudomonadales;Pseudomonadaceae;Pseudomonas
k141_46474	Archaea;Methanobacteriota;Methanopyri;Methanopyrales;Methanopyraceae;Methanopyrus;Methanopyrus kandleri
k141_35945	Bacteria;Pseudomonadota;Gammaproteobacteria;Alteromonadales;Shewanellaceae;Shewanella;Shewanella baltica
k141_24093	Bacteria;Spirochaetota;Spirochaetia;Treponematales;Treponemataceae;Treponema
k141_10427	Archaea;Thermoproteota;Thermoprotei;Desulfurococcales;Desulfurococcaceae;Ignicoccus;Ignicoccus islandicus
k141_20510	Bacteria;Chlorobiota;Chlorobiia;Chlorobiales;Chlorobiaceae;Chlorobaculum;Chlorobaculum tepidum
k141_6407	Bacteria;Pseudomonadota;Gammaproteobacteria;Pseudomonadales;Pseudomonadaceae;Pseudomonas
k141_39329	Bacteria;Chlorobiota;Chlorobiia;Chlorobiales;Chlorobiaceae;Chlorobium;Chlorobium limicola
k141_43028	Bacteria;Pseudomonadota;Betaproteobacteria;Burkholderiales;Burkholderiaceae;Paraburkholderia
k141_10429	Bacteria;Pseudomonadota;Gammaproteobacteria;Pseudomonadales;Pseudomonadaceae;Pseudomonas
k141_46478	Bacteria;Pseudomonadota;Gammaproteobacteria;Pseudomonadales;Pseudomonadaceae;Pseudomonas
k141_50465	Archaea;Methanobacteriota;Halobacteria;Halobacteriales
k141_6409	Bacteria;Pseudomonadota;Gammaproteobacteria;Alteromonadales;Shewanellaceae;Shewanella
k141_35951	
k141_50466	Bacteria;Campylobacterota;Epsilonproteobacteria;Campylobacterales;Helicobacteraceae;Wolinella;Wolinella succinogenes
k141_20514	Bacteria;Verrucomicrobiota;Verrucomicrobiia;Verrucomicrobiales;Akkermansiaceae;Akkermansia
k141_24099	Bacteria;Chloroflexota;Chloroflexia;Chloroflexales;Chloroflexaceae;Chloroflexus;Chloroflexus aurantiacus
k141_17167	Bacteria;Pseudomonadota;Betaproteobacteria;Burkholderiales;Burkholderiaceae
k141_39342	Bacteria;Pseudomonadota;Gammaproteobacteria;Alteromonadales;Shewanellaceae;Shewanella
k141_24103	Archaea;Methanobacteriota;Methanococci;Methanococcales;Methanococcaceae;Methanococcus;Methanococcus maripaludis
k141_35956	Bacteria;Campylobacterota;Epsilonproteobacteria;Campylobacterales;Helicobacteraceae;Wolinella;Wolinella succinogenes
k141_20518	Bacteria;Chlorobiota;Chlorobiia;Chlorobiales;Chlorobiaceae;Chlorobaculum;Chlorobaculum tepidum
k141_2873	Bacteria;Bacillota
k141_39343	Bacteria;Chloroflexota;Chloroflexia;Chloroflexales;Chloroflexaceae;Chloroflexus;Chloroflexus aurantiacus
k141_20519	Bacteria;Pseudomonadota;Gammaproteobacteria;Pseudomonadales;Pseudomonadaceae;Pseudomonas
k141_6420	
k141_10439	Archaea;Methanobacteriota;Methanococci;Methanococcales;Methanococcaceae;Methanococcus;Methanococcus maripaludis
k141_24109	Bacteria;Verrucomicrobiota;Verrucomicrobiia;Verrucomicrobiales;Akkermansiaceae;Akkermansia
k141_35961	Bacteria;Chloroflexota;Chloroflexia;Chloroflexales;Chloroflexaceae;Chloroflexus;Chloroflexus aurantiacus
k141_50477	Bacteria;Verrucomicrobiota;Verrucomicrobiia;Verrucomicrobiales;Akkermansiaceae;Akkermansia;Akkermansia muciniphila
k141_57063	Bacteria;Planctomycetota;Planctomycetia;Pirellulales;Pirellulaceae;Rhodopirellula;Rhodopirellula baltica
k141_43047	Bacteria;Pseudomonadota;Betaproteobacteria
k141_24111	Bacteria;Spirochaetota;Spirochaetia;Treponematales;Treponemataceae;Treponema
k141_39349	Bacteria;Aquificota;Aquificia;Aquificales;Aquificaceae;Hydrogenobaculum
k141_10441	Bacteria;Chlorobiota;Chlorobiia;Chlorobiales;Chlorobiaceae;Chlorobaculum;Chlorobaculum tepidum
k141_53511	Archaea;Methanobacteriota;Methanococci;Methanococcales;Methanocaldococcaceae;Methanocaldococcus
k141_20525	Bacteria;Pseudomonadota;Gammaproteobacteria;Pseudomonadales;Pseudomonadaceae;Pseudomonas
k141_17174	Bacteria;Thermodesulfobacteriota;Desulfobulbia;Desulfobulbales;Desulfobulbaceae;Desulfobulbus;Desulfobulbus oralis
k141_50479	Bacteria;Pseudomonadota;Gammaproteobacteria;Alteromonadales;Shewanellaceae;Shewanella
k141_2878	Bacteria;Planctomycetota;Planctomycetia;Pirellulales;Pirellulaceae;Rhodopirellula;Rhodopirellula baltica
k141_46502	Archaea;Thermoproteota;Thermoprotei;Desulfurococcales;Desulfurococcaceae;Ignicoccus;Ignicoccus islandicus
k141_6430	Bacteria;Pseudomonadota;Gammaproteobacteria;Alteromonadales;Shewanellaceae;Shewanella
k141_28378	
k141_17176	Bacteria;Verrucomicrobiota;Verrucomicrobiia;Verrucomicrobiales;Akkermansiaceae;Akkermansia;Akkermansia muciniphila
k141_35967	Archaea;Methanobacteriota;Methanococci;Methanococcales;Methanococcaceae;Methanococcus;Methanococcus maripaludis
k141_39358	Bacteria;Pseudomonadota;Gammaproteobacteria;Pseudomonadales;Pseudomonadaceae;Pseudomonas
k141_20528	Bacteria;Pseudomonadota;Gammaproteobacteria;Pseudomonadales;Pseudomonadaceae;Pseudomonas
k141_43050	Bacteria;Pseudomonadota;Gammaproteobacteria;Alteromonadales;Shewanellaceae;Shewanella
k141_10447	Archaea;Thermoproteota;Thermoprotei;Desulfurococcales;Desulfurococcaceae;Ignicoccus;Ignicoccus islandicus
k141_2880	Archaea;Thermoproteota;Thermoprotei;Desulfurococcales;Desulfurococcaceae;Ignicoccus;Ignicoccus islandicus
k141_57069	Bacteria;Planctomycetota;Planctomycetia;Pirellulales;Pirellulaceae;Rhodopirellula;Rhodopirellula baltica
k141_39359	Bacteria;Pseudomonadota;Gammaproteobacteria;Pseudomonadales;Pseudomonadaceae;Pseudomonas
k141_17180	Bacteria;Pseudomonadota;Gammaproteobacteria;Pseudomonadales;Pseudomonadaceae;Pseudomonas
k141_24123	Bacteria;Chlorobiota;Chlorobiia;Chlorobiales;Chlorobiaceae;Chlorobaculum
k141_28384	Archaea
k141_2882	
k141_10450	Bacteria;Chlorobiota;Chlorobiia;Chlorobiales;Chlorobiaceae;Chlorobium;Chlorobium phaeobacteroides
k141_17181	Bacteria;Pseudomonadota;Gammaproteobacteria;Alteromonadales;Shewanellaceae;Shewanella
k141_6440	Bacteria;Pseudomonadota;Gammaproteobacteria;Alteromonadales;Shewanellaceae;Shewanella
k141_24128	Bacteria;Pseudomonadota;Gammaproteobacteria;Pseudomonadales;Pseudomonadaceae;Pseudomonas
k141_53528	Bacteria;Pseudomonadota;Gammaproteobacteria;Pseudomonadales;Pseudomonadaceae;Pseudomonas
k141_50485	Bacteria;Chlorobiota;Chlorobiia;Chlorobiales;Chlorobiaceae;Chlorobium;Chlorobium phaeobacteroides
k141_46508	Bacteria;Pseudomonadota;Gammaproteobacteria;Alteromonadales;Shewanellaceae;Shewanella
k141_43062	Bacteria;Cyanobacteriota;Cyanophyceae;Nostocales;Nostocaceae
k141_17186	Bacteria;Pseudomonadota;Gammaproteobacteria;Pseudomonadales;Pseudomonadaceae;Pseudomonas
k141_50488	Archaea;Methanobacteriota;Halobacteria;Halobacteriales;Halobacteriaceae;Halobacterium
k141_28395	Bacteria;Verrucomicrobiota;Verrucomicrobiia;Verrucomicrobiales;Akkermansiaceae;Akkermansia
k141_53536	Bacteria;Pseudomonadota;Gammaproteobacteria;Pseudomonadales;Pseudomonadaceae;Pseudomonas
k141_2895	Archaea;Methanobacteriota;Methanococci;Methanococcales;Methanococcaceae;Methanococcus;Methanococcus maripaludis
k141_13467	Archaea;Methanobacteriota;Methanobacteria;Methanobacteriales;Methanothermaceae;Methanothermus;Methanothermus sociabilis
k141_46512	Bacteria;Cyanobacteriota;Cyanophyceae;Nostocales;Nostocaceae
k141_28400	Bacteria;Chloroflexota;Chloroflexia;Chloroflexales;Chloroflexaceae;Chloroflexus;Chloroflexus aurantiacus
k141_20531	Bacteria;Pseudomonadota;Gammaproteobacteria;Alteromonadales;Shewanellaceae;Shewanella
k141_50490	Bacteria;Verrucomicrobiota;Verrucomicrobiia;Verrucomicrobiales;Akkermansiaceae;Akkermansia;Akkermansia muciniphila
k141_53537	Bacteria;Aquificota;Aquificia;Aquificales;Aquificaceae;Hydrogenobaculum;Hydrogenobaculum sp. Y04AAS1
k141_13469	Bacteria;Pseudomonadota;Gammaproteobacteria;Alteromonadales;Shewanellaceae;Shewanella
k141_20532	
k141_6454	Bacteria;Bacillota
k141_50492	Archaea;Methanobacteriota;Halobacteria;Halobacteriales;Halobacteriaceae;Halobacterium
k141_10453	Bacteria;Planctomycetota;Planctomycetia;Pirellulales;Pirellulaceae;Rhodopirellula;Rhodopirellula baltica
k141_39360	
k141_57077	Bacteria;Bacteroidota;Bacteroidia;Bacteroidales;Porphyromonadaceae;Porphyromonas;Porphyromonas gingivalis
k141_20537	Bacteria;Chlorobiota;Chlorobiia;Chlorobiales;Chlorobiaceae;Chlorobium;Chlorobium phaeobacteroides
k141_10455	Archaea;Methanobacteriota;Methanococci;Methanococcales;Methanococcaceae;Methanococcus;Methanococcus maripaludis
k141_39361	Bacteria
k141_53540	Bacteria;Fusobacteriota;Fusobacteriia;Fusobacteriales;Fusobacteriaceae;Fusobacterium
k141_57079	Bacteria;Pseudomonadota;Gammaproteobacteria;Pseudomonadales;Pseudomonadaceae;Pseudomonas
k141_6459	Archaea;Methanobacteriota;Methanococci;Methanococcales;Methanococcaceae;Methanococcus
k141_13472	Archaea;Methanobacteriota;Methanococci;Methanococcales;Methanococcaceae;Methanococcus;Methanococcus maripaludis
k141_2899	
k141_39362	
k141_10458	Bacteria;Pseudomonadota;Gammaproteobacteria;Pseudomonadales;Pseudomonadaceae;Pseudomonas
k141_53542	Bacteria;Pseudomonadota;Gammaproteobacteria;Pseudomonadales;Pseudomonadaceae;Pseudomonas
k141_2903	
k141_6461	Bacteria;Pseudomonadota;Gammaproteobacteria;Alteromonadales;Shewanellaceae;Shewanella
k141_28413	Bacteria;Pseudomonadota;Gammaproteobacteria;Alteromonadales;Shewanellaceae;Shewanella
k141_46517	Bacteria;Planctomycetota;Planctomycetia;Pirellulales;Pirellulaceae;Rhodopirellula;Rhodopirellula baltica
k141_53551	Bacteria;Pseudomonadota;Gammaproteobacteria;Pseudomonadales;Pseudomonadaceae;Pseudomonas
k141_2912	Bacteria;Spirochaetota;Spirochaetia;Treponematales;Treponemataceae;Treponema
k141_28416	Bacteria;Pseudomonadota;Gammaproteobacteria;Pseudomonadales;Pseudomonadaceae;Pseudomonas
k141_6467	Archaea;Thermoproteota;Thermoprotei;Desulfurococcales;Desulfurococcaceae;Ignicoccus;Ignicoccus hospitalis
k141_53552	Bacteria;Pseudomonadota;Gammaproteobacteria;Pseudomonadales;Pseudomonadaceae;Pseudomonas
k141_39379	
k141_20538	Bacteria;Planctomycetota;Planctomycetia;Pirellulales;Pirellulaceae;Rhodopirellula;Rhodopirellula baltica
k141_17212	Bacteria;Fusobacteriota;Fusobacteriia;Fusobacteriales;Fusobacteriaceae;Fusobacterium
k141_53555	Bacteria;Pseudomonadota;Gammaproteobacteria;Pseudomonadales;Pseudomonadaceae;Pseudomonas
k141_57083	
k141_2916	
k141_46526	Bacteria;Cyanobacteriota;Cyanophyceae;Nostocales;Nostocaceae
k141_13490	Bacteria;Pseudomonadota;Betaproteobacteria;Nitrosomonadales;Nitrosomonadaceae;Nitrosomonas
k141_39388	Bacteria;Pseudomonadota;Gammaproteobacteria;Pseudomonadales;Pseudomonadaceae;Pseudomonas
k141_2922	
k141_13491	Bacteria;Pseudomonadota;Gammaproteobacteria;Pseudomonadales;Pseudomonadaceae;Pseudomonas
k141_39389	
k141_6480	Bacteria;Verrucomicrobiota;Verrucomicrobiia;Verrucomicrobiales;Akkermansiaceae;Akkermansia;Akkermansia muciniphila
k141_28421	Bacteria;Pseudomonadota;Gammaproteobacteria;Alteromonadales;Shewanellaceae;Shewanella
k141_20547	Bacteria;Aquificota;Aquificia;Aquificales;Aquificaceae;Hydrogenobaculum;Hydrogenobaculum sp. Y04AAS1
k141_46533	Bacteria;Cyanobacteriota;Cyanophyceae;Nostocales;Nostocaceae
k141_17231	Bacteria;Pseudomonadota;Gammaproteobacteria;Alteromonadales;Shewanellaceae;Shewanella
k141_6484	Bacteria;Bacillota;Clostridia;Thermoanaerobacterales;Thermoanaerobacteraceae;Thermoanaerobacter
k141_17236	Bacteria;Pseudomonadota;Gammaproteobacteria;Pseudomonadales;Pseudomonadaceae;Pseudomonas
k141_13499	Bacteria;Pseudomonadota;Gammaproteobacteria;Pseudomonadales;Pseudomonadaceae;Pseudomonas
k141_53571	Bacteria;Chlorobiota;Chlorobiia;Chlorobiales;Chlorobiaceae
k141_6487	Bacteria;Bacteroidota;Bacteroidia;Bacteroidales;Bacteroidaceae;Phocaeicola;Phocaeicola vulgatus
k141_43066	Bacteria;Bacillota;Clostridia;Thermoanaerobacterales;Thermoanaerobacteraceae;Thermoanaerobacter
k141_46537	Bacteria;Chlorobiota;Chlorobiia;Chlorobiales;Chlorobiaceae;Chlorobaculum;Chlorobaculum tepidum
k141_17239	
k141_6488	Bacteria;Pseudomonadota;Gammaproteobacteria;Alteromonadales;Shewanellaceae;Shewanella
k141_2935	Bacteria;Pseudomonadota;Gammaproteobacteria;Pseudomonadales;Pseudomonadaceae;Pseudomonas
k141_53572	Bacteria;Fusobacteriota;Fusobacteriia;Fusobacteriales;Fusobacteriaceae;Fusobacterium
k141_6492	Bacteria;Spirochaetota;Spirochaetia;Treponematales;Treponemataceae;Treponema
k141_17244	Bacteria;Pseudomonadota;Gammaproteobacteria;Alteromonadales;Shewanellaceae;Shewanella
k141_13502	Bacteria;Chlorobiota;Chlorobiia;Chlorobiales;Chlorobiaceae;Chlorobaculum;Chlorobaculum tepidum
k141_57097	Bacteria;Pseudomonadota;Gammaproteobacteria;Alteromonadales;Shewanellaceae;Shewanella
k141_39392	Bacteria;Planctomycetota;Planctomycetia;Pirellulales;Pirellulaceae;Rhodopirellula;Rhodopirellula baltica
k141_24173	Archaea;Methanobacteriota;Methanobacteria;Methanobacteriales;Methanothermaceae;Methanothermus;Methanothermus sociabilis
k141_6500	Bacteria;Chloroflexota;Chloroflexia;Chloroflexales;Chloroflexaceae;Chloroflexus;Chloroflexus aurantiacus
k141_46549	Bacteria;Pseudomonadota;Gammaproteobacteria;Alteromonadales;Shewanellaceae;Shewanella;Shewanella baltica
k141_57101	
k141_39393	Bacteria;Chlorobiota;Chlorobiia;Chlorobiales;Chlorobiaceae;Chlorobium;Chlorobium phaeobacteroides
k141_43087	Bacteria;Pseudomonadota;Gammaproteobacteria;Pseudomonadales;Pseudomonadaceae;Pseudomonas
k141_6503	Bacteria;Pseudomonadota;Betaproteobacteria;Burkholderiales;Burkholderiaceae;Paraburkholderia;Paraburkholderia xenovorans
k141_28446	Bacteria;Chlorobiota;Chlorobiia;Chlorobiales;Chlorobiaceae;Chlorobaculum;Chlorobaculum tepidum
k141_10473	
k141_46552	Archaea;Thermoproteota;Thermoprotei;Thermoproteales;Thermoproteaceae;Pyrobaculum;Pyrobaculum calidifontis
k141_53580	Archaea;Thermoproteota;Thermoprotei;Desulfurococcales;Desulfurococcaceae;Ignicoccus;Ignicoccus hospitalis
k141_46556	Bacteria;Pseudomonadota;Gammaproteobacteria;Alteromonadales;Shewanellaceae;Shewanella
k141_10476	Archaea;Methanobacteriota;Methanococci;Methanococcales;Methanococcaceae;Methanococcus;Methanococcus maripaludis
k141_17250	Bacteria;Pseudomonadota;Gammaproteobacteria;Alteromonadales;Shewanellaceae;Shewanella
k141_50516	
k141_24184	Bacteria;Pseudomonadota;Gammaproteobacteria;Pseudomonadales;Pseudomonadaceae;Pseudomonas
k141_39394	Bacteria;Planctomycetota;Planctomycetia;Pirellulales;Pirellulaceae;Rhodopirellula;Rhodopirellula baltica
k141_10480	Bacteria;Pseudomonadota;Gammaproteobacteria;Pseudomonadales;Pseudomonadaceae;Pseudomonas
k141_57102	Archaea;Methanobacteriota;Halobacteria;Halobacteriales;Halobacteriaceae;Halobacterium
k141_28465	
k141_46564	
k141_6505	Bacteria;Planctomycetota;Planctomycetia;Pirellulales;Pirellulaceae;Rhodopirellula;Rhodopirellula baltica
k141_50519	
k141_53581	Bacteria;Planctomycetota;Planctomycetia;Pirellulales;Pirellulaceae;Rhodopirellula;Rhodopirellula baltica
k141_10483	Archaea;Thermoproteota;Thermoprotei;Desulfurococcales;Desulfurococcaceae;Ignicoccus;Ignicoccus hospitalis
k141_57106	Archaea;Methanobacteriota;Halobacteria;Halobacteriales
k141_13519	Bacteria;Fusobacteriota;Fusobacteriia;Fusobacteriales;Fusobacteriaceae;Fusobacterium
k141_28469	Bacteria;Pseudomonadota;Gammaproteobacteria;Pseudomonadales;Pseudomonadaceae;Pseudomonas
k141_24195	Archaea;Thermoproteota;Thermoprotei;Thermoproteales;Thermoproteaceae;Pyrobaculum;Pyrobaculum calidifontis
k141_17260	Bacteria;Planctomycetota;Planctomycetia;Pirellulales;Pirellulaceae;Rhodopirellula;Rhodopirellula baltica
k141_43104	Bacteria;Fusobacteriota;Fusobacteriia;Fusobacteriales;Fusobacteriaceae;Fusobacterium
k141_53582	Bacteria;Pseudomonadota;Gammaproteobacteria;Pseudomonadales;Pseudomonadaceae;Pseudomonas
k141_28472	
k141_46572	Bacteria;Pseudomonadota;Gammaproteobacteria;Pseudomonadales;Pseudomonadaceae;Pseudomonas
k141_39399	Bacteria;Planctomycetota;Planctomycetia;Pirellulales;Pirellulaceae;Rhodopirellula;Rhodopirellula baltica
k141_53584	
k141_46573	Bacteria;Pseudomonadota;Gammaproteobacteria;Pseudomonadales;Pseudomonadaceae;Pseudomonas;Pseudomonas marginalis
k141_24196	Bacteria;Pseudomonadota;Gammaproteobacteria;Pseudomonadales;Pseudomonadaceae;Pseudomonas
k141_13523	Bacteria;Planctomycetota;Planctomycetia;Pirellulales;Pirellulaceae;Rhodopirellula;Rhodopirellula baltica
k141_43111	Bacteria;Bacillota
k141_46574	Bacteria;Pseudomonadota;Gammaproteobacteria;Pseudomonadales;Pseudomonadaceae;Pseudomonas
k141_6518	Bacteria;Bacillota;Clostridia;Thermoanaerobacterales;Thermoanaerobacteraceae;Thermoanaerobacter
k141_24199	Bacteria;Bacillota;Clostridia
k141_2938	Archaea;Methanobacteriota;Methanococci;Methanococcales;Methanocaldococcaceae;Methanocaldococcus;Methanocaldococcus jannaschii
k141_28481	
k141_6521	Archaea;Methanobacteriota;Methanococci;Methanococcales;Methanococcaceae;Methanococcus;Methanococcus maripaludis
k141_53591	Archaea;Methanobacteriota;Halobacteria;Halobacteriales
k141_57119	Bacteria;Pseudomonadota;Gammaproteobacteria;Alteromonadales;Shewanellaceae;Shewanella
k141_39402	
k141_43117	Bacteria;Pseudomonadota;Gammaproteobacteria;Pseudomonadales;Pseudomonadaceae;Pseudomonas
k141_2942	Bacteria;Chlorobiota;Chlorobiia;Chlorobiales;Chlorobiaceae;Chlorobium;Chlorobium phaeobacteroides
k141_43119	Bacteria;Chlorobiota;Chlorobiia;Chlorobiales;Chlorobiaceae;Chlorobaculum
k141_28489	Archaea;Thermoproteota;Thermoprotei;Desulfurococcales;Desulfurococcaceae;Ignicoccus;Ignicoccus hospitalis
k141_6528	Bacteria;Aquificota;Aquificia;Aquificales;Aquificaceae;Hydrogenobaculum
k141_2945	Bacteria;Aquificota;Aquificia;Aquificales;Hydrogenothermaceae;Sulfurihydrogenibium;Sulfurihydrogenibium sp. YO3AOP1
k141_24214	Archaea;Methanobacteriota;Methanococci;Methanococcales;Methanococcaceae;Methanococcus;Methanococcus maripaludis
k141_46577	Bacteria;Planctomycetota;Planctomycetia;Pirellulales;Pirellulaceae;Rhodopirellula;Rhodopirellula baltica
k141_57123	Bacteria;Pseudomonadota;Gammaproteobacteria;Pseudomonadales;Pseudomonadaceae;Pseudomonas
k141_39409	
k141_53600	Bacteria;Pseudomonadota;Gammaproteobacteria;Alteromonadales;Shewanellaceae;Shewanella
k141_6531	Bacteria;Pseudomonadota;Gammaproteobacteria;Pseudomonadales;Pseudomonadaceae;Pseudomonas
k141_20550	Bacteria;Thermodesulfobacteriota;Desulfobulbia;Desulfobulbales;Desulfobulbaceae;Desulfobulbus;Desulfobulbus oralis
k141_28494	Bacteria;Pseudomonadota;Gammaproteobacteria;Pseudomonadales;Pseudomonadaceae;Pseudomonas
k141_2947	Archaea;Methanobacteriota;Methanococci;Methanococcales;Methanocaldococcaceae;Methanocaldococcus
k141_39412	Bacteria;Pseudomonadota;Gammaproteobacteria;Pseudomonadales;Pseudomonadaceae
k141_13547	Bacteria;Chlorobiota;Chlorobiia;Chlorobiales;Chlorobiaceae;Chlorobaculum;Chlorobaculum tepidum
k141_43124	Bacteria;Fusobacteriota;Fusobacteriia;Fusobacteriales;Fusobacteriaceae;Fusobacterium
k141_46583	Bacteria;Chlorobiota;Chlorobiia;Chlorobiales;Chlorobiaceae;Chlorobium;Chlorobium phaeobacteroides
k141_57129	Bacteria;Spirochaetota;Spirochaetia;Treponematales;Treponemataceae;Treponema
k141_53603	Bacteria;Pseudomonadota;Gammaproteobacteria;Pseudomonadales;Pseudomonadaceae;Pseudomonas
k141_24221	Bacteria;Pseudomonadota;Gammaproteobacteria;Pseudomonadales;Pseudomonadaceae;Pseudomonas
k141_39414	Archaea;Methanobacteriota;Archaeoglobi;Archaeoglobales;Archaeoglobaceae;Archaeoglobus;Archaeoglobus fulgidus
k141_13550	Bacteria;Chloroflexota;Chloroflexia;Chloroflexales;Chloroflexaceae;Chloroflexus;Chloroflexus aurantiacus
k141_2948	Bacteria;Bacteroidota;Bacteroidia;Bacteroidales;Porphyromonadaceae;Porphyromonas;Porphyromonas gingivalis
k141_46585	Bacteria;Cyanobacteriota;Cyanophyceae;Nostocales;Nostocaceae
k141_46586	Bacteria;Pseudomonadota;Gammaproteobacteria;Pseudomonadales;Pseudomonadaceae;Pseudomonas
k141_39418	Bacteria;Pseudomonadota;Gammaproteobacteria;Alteromonadales;Shewanellaceae;Shewanella
k141_57133	Bacteria;Pseudomonadota;Gammaproteobacteria;Pseudomonadales;Pseudomonadaceae;Pseudomonas
k141_20561	Bacteria;Chloroflexota;Chloroflexia;Chloroflexales;Chloroflexaceae;Chloroflexus;Chloroflexus aurantiacus
k141_2952	Bacteria;Pseudomonadota;Gammaproteobacteria;Pseudomonadales;Pseudomonadaceae;Pseudomonas
k141_53604	Archaea;Methanobacteriota;Methanococci;Methanococcales;Methanocaldococcaceae;Methanocaldococcus;Methanocaldococcus jannaschii
k141_24231	Bacteria;Chlorobiota;Chlorobiia;Chlorobiales;Chlorobiaceae;Chlorobaculum;Chlorobaculum tepidum
k141_53605	Bacteria;Verrucomicrobiota;Verrucomicrobiia;Verrucomicrobiales;Akkermansiaceae;Akkermansia;Akkermansia muciniphila
k141_39423	Bacteria;Verrucomicrobiota;Verrucomicrobiia;Verrucomicrobiales;Akkermansiaceae;Akkermansia;Akkermansia muciniphila
k141_2957	Archaea;Methanobacteriota;Methanococci;Methanococcales;Methanococcaceae;Methanococcus
k141_43134	Bacteria;Pseudomonadota;Gammaproteobacteria;Alteromonadales;Shewanellaceae;Shewanella
k141_6551	Bacteria;Bacteroidota;Bacteroidia;Bacteroidales;Bacteroidaceae;Phocaeicola;Phocaeicola vulgatus
k141_10487	Bacteria;Bacteroidota;Bacteroidia;Bacteroidales;Porphyromonadaceae;Porphyromonas;Porphyromonas gingivalis
k141_46594	
k141_6553	Bacteria;Bacillota;Clostridia;Acetivibrionales;Acetivibrionaceae;Acetivibrio;Acetivibrio thermocellus
k141_57143	
k141_13555	Bacteria;Pseudomonadota;Gammaproteobacteria;Alteromonadales;Shewanellaceae;Shewanella
k141_20571	Bacteria;Pseudomonadota;Gammaproteobacteria;Alteromonadales;Shewanellaceae;Shewanella
k141_39430	Archaea;Thermoproteota;Thermoprotei;Desulfurococcales;Desulfurococcaceae;Ignicoccus;Ignicoccus islandicus
k141_24233	Archaea;Methanobacteriota;Methanococci;Methanococcales;Methanococcaceae;Methanococcus;Methanococcus maripaludis
k141_43138	Bacteria;Pseudomonadota;Gammaproteobacteria;Pseudomonadales;Pseudomonadaceae;Pseudomonas
k141_53611	Bacteria;Chlorobiota;Chlorobiia;Chlorobiales;Chlorobiaceae;Chlorobium;Chlorobium phaeobacteroides
k141_39431	Bacteria;Pseudomonadota;Gammaproteobacteria;Pseudomonadales;Pseudomonadaceae;Pseudomonas
k141_39432	Archaea;Thermoproteota;Thermoprotei;Thermoproteales;Thermoproteaceae;Pyrobaculum;Pyrobaculum calidifontis
k141_10496	Bacteria;Pseudomonadota;Gammaproteobacteria;Pseudomonadales;Pseudomonadaceae;Pseudomonas
k141_20577	Bacteria;Chloroflexota;Chloroflexia;Chloroflexales;Chloroflexaceae;Chloroflexus;Chloroflexus aurantiacus
k141_53620	Bacteria;Chlorobiota;Chlorobiia;Chlorobiales;Chlorobiaceae;Chlorobium;Chlorobium phaeobacteroides
k141_24236	Bacteria;Fusobacteriota;Fusobacteriia;Fusobacteriales;Fusobacteriaceae;Fusobacterium
k141_10503	Bacteria;Aquificota;Aquificia;Aquificales;Aquificaceae;Hydrogenobaculum
k141_53623	Archaea;Methanobacteriota;Methanococci;Methanococcales;Methanococcaceae;Methanococcus;Methanococcus maripaludis
k141_2984	Bacteria;Chlorobiota;Chlorobiia;Chlorobiales;Chlorobiaceae;Chlorobaculum;Chlorobaculum tepidum
k141_46595	
k141_46596	
k141_39434	Bacteria;Chlorobiota;Chlorobiia;Chlorobiales;Chlorobiaceae;Chlorobium;Chlorobium limicola
k141_39438	Bacteria;Pseudomonadota;Gammaproteobacteria;Pseudomonadales;Pseudomonadaceae
k141_53625	Bacteria;Pseudomonadota;Gammaproteobacteria;Alteromonadales;Shewanellaceae;Shewanella;Shewanella baltica
k141_39440	Bacteria;Pseudomonadota;Gammaproteobacteria;Pseudomonadales;Pseudomonadaceae;Pseudomonas
k141_20601	Bacteria;Chlorobiota;Chlorobiia;Chlorobiales;Chlorobiaceae;Chlorobium;Chlorobium phaeobacteroides
k141_2999	Bacteria;Chlorobiota;Chlorobiia;Chlorobiales;Chlorobiaceae;Chlorobium;Chlorobium phaeobacteroides
k141_53626	Bacteria;Chlorobiota;Chlorobiia;Chlorobiales;Chlorobiaceae;Chlorobium;Chlorobium phaeobacteroides
k141_10506	Bacteria;Planctomycetota;Planctomycetia;Pirellulales;Pirellulaceae;Rhodopirellula;Rhodopirellula baltica
k141_20602	Archaea;Methanobacteriota;Methanococci;Methanococcales;Methanococcaceae;Methanococcus;Methanococcus maripaludis
k141_39446	Bacteria;Verrucomicrobiota;Verrucomicrobiia;Verrucomicrobiales;Akkermansiaceae;Akkermansia
k141_50523	Bacteria;Thermodesulfobacteriota;Desulfobulbia;Desulfobulbales;Desulfobulbaceae;Desulfobulbus;Desulfobulbus oralis
k141_10507	Bacteria;Pseudomonadota;Gammaproteobacteria;Alteromonadales;Shewanellaceae;Shewanella
k141_24254	Bacteria;Chlorobiota;Chlorobiia;Chlorobiales;Chlorobiaceae;Chlorobaculum;Chlorobaculum tepidum
k141_39449	Bacteria;Pseudomonadota;Gammaproteobacteria
k141_28496	
k141_10513	Bacteria;Thermodesulfobacteriota;Desulfuromonadia;Geobacterales;Geobacteraceae;Geobacter
k141_53632	Archaea;Thermoproteota;Thermoprotei;Desulfurococcales;Desulfurococcaceae;Ignicoccus;Ignicoccus islandicus
k141_50533	Archaea;Methanobacteriota;Methanopyri;Methanopyrales;Methanopyraceae;Methanopyrus;Methanopyrus kandleri
k141_6594	
k141_20604	Archaea;Methanobacteriota;Halobacteria;Halobacteriales;Halobacteriaceae;Halobacterium
k141_57152	Bacteria;Planctomycetota;Planctomycetia;Pirellulales;Pirellulaceae;Rhodopirellula;Rhodopirellula baltica
k141_50534	Bacteria;Bacteroidota;Bacteroidia;Bacteroidales;Porphyromonadaceae;Porphyromonas;Porphyromonas gingivalis
k141_28500	Bacteria;Pseudomonadota;Gammaproteobacteria;Pseudomonadales;Pseudomonadaceae;Pseudomonas
k141_3009	Bacteria;Fusobacteriota;Fusobacteriia;Fusobacteriales;Fusobacteriaceae;Fusobacterium
k141_53639	Bacteria;Verrucomicrobiota;Verrucomicrobiia;Verrucomicrobiales;Akkermansiaceae;Akkermansia;Akkermansia muciniphila
k141_46598	
k141_3014	Bacteria;Pseudomonadota;Gammaproteobacteria;Pseudomonadales;Pseudomonadaceae;Pseudomonas
k141_28508	Bacteria;Aquificota;Aquificia;Aquificales;Aquificaceae;Hydrogenobaculum
k141_46607	Bacteria;Chlorobiota;Chlorobiia;Chlorobiales;Chlorobiaceae;Chlorobaculum
k141_6612	
k141_28513	Bacteria;Pseudomonadota;Gammaproteobacteria;Pseudomonadales;Pseudomonadaceae;Pseudomonas
k141_53652	Bacteria;Pseudomonadota;Gammaproteobacteria;Pseudomonadales;Pseudomonadaceae;Pseudomonas
k141_10538	Bacteria;Pseudomonadota;Gammaproteobacteria;Alteromonadales;Shewanellaceae;Shewanella
k141_57157	Bacteria;Chlorobiota;Chlorobiia;Chlorobiales;Chlorobiaceae;Chlorobium;Chlorobium limicola
k141_39460	Archaea;Methanobacteriota;Halobacteria;Halobacteriales;Halobacteriaceae;Halobacterium
k141_10540	Bacteria;Chlorobiota;Chlorobiia;Chlorobiales;Chlorobiaceae;Chlorobium;Chlorobium phaeobacteroides
k141_20613	Bacteria;Pseudomonadota;Gammaproteobacteria;Alteromonadales;Shewanellaceae;Shewanella
k141_57158	Bacteria;Chlorobiota;Chlorobiia;Chlorobiales;Chlorobiaceae;Chlorobaculum
k141_39461	Bacteria;Verrucomicrobiota;Verrucomicrobiia;Verrucomicrobiales;Akkermansiaceae;Akkermansia;Akkermansia muciniphila
k141_10541	Archaea;Thermoproteota;Thermoprotei;Thermoproteales;Thermoproteaceae;Pyrobaculum;Pyrobaculum calidifontis
k141_20615	
k141_6623	Bacteria;Pseudomonadota;Gammaproteobacteria;Pseudomonadales;Pseudomonadaceae;Pseudomonas
k141_13575	Archaea;Methanobacteriota;Methanobacteria;Methanobacteriales;Methanothermaceae;Methanothermus;Methanothermus sociabilis
k141_39464	Bacteria;Pseudomonadota;Betaproteobacteria;Burkholderiales;Burkholderiaceae;Paraburkholderia
k141_13576	Bacteria;Aquificota;Aquificia;Aquificales;Aquificaceae;Hydrogenobaculum;Hydrogenobaculum sp. Y04AAS1
k141_6627	Bacteria;Cyanobacteriota;Cyanophyceae;Nostocales;Nostocaceae
k141_10546	Archaea;Thermoproteota;Thermoprotei;Desulfurococcales;Desulfurococcaceae;Ignicoccus;Ignicoccus hospitalis
k141_31587	Bacteria;Aquificota;Aquificia;Aquificales;Hydrogenothermaceae;Persephonella;Persephonella marina
k141_50550	Bacteria;Chlorobiota;Chlorobiia;Chlorobiales;Chlorobiaceae;Chlorobium;Chlorobium limicola
k141_28520	
k141_46618	Bacteria;Planctomycetota;Planctomycetia;Pirellulales;Pirellulaceae;Rhodopirellula;Rhodopirellula baltica
k141_43140	
k141_57169	
k141_53666	Bacteria;Pseudomonadota;Gammaproteobacteria;Alteromonadales;Shewanellaceae;Shewanella
k141_6632	Bacteria;Pseudomonadota;Gammaproteobacteria;Alteromonadales;Shewanellaceae;Shewanella
k141_43145	
k141_31592	Bacteria;Pseudomonadota;Gammaproteobacteria;Pseudomonadales;Pseudomonadaceae;Pseudomonas
k141_10552	
k141_28526	Bacteria;Chlorobiota;Chlorobiia;Chlorobiales;Chlorobiaceae;Chlorobaculum;Chlorobaculum tepidum
k141_57171	Archaea;Thermoproteota;Thermoprotei;Desulfurococcales;Desulfurococcaceae;Ignicoccus;Ignicoccus islandicus
k141_46626	Bacteria;Pseudomonadota;Gammaproteobacteria;Pseudomonadales;Pseudomonadaceae;Pseudomonas
k141_6636	Bacteria;Chlorobiota;Chlorobiia;Chlorobiales;Chlorobiaceae;Chlorobaculum;Chlorobaculum tepidum
k141_50559	Bacteria;Chlorobiota;Chlorobiia;Chlorobiales;Chlorobiaceae;Chlorobaculum
k141_53677	Bacteria;Pseudomonadota;Gammaproteobacteria;Alteromonadales;Shewanellaceae;Shewanella
k141_50561	
k141_20639	
k141_31599	Bacteria;Pseudomonadota;Gammaproteobacteria
k141_39470	Bacteria;Aquificota;Aquificia;Aquificales;Aquificaceae;Hydrogenobaculum;Hydrogenobaculum sp. Y04AAS1
k141_57176	Bacteria;Planctomycetota;Planctomycetia;Pirellulales;Pirellulaceae;Rhodopirellula;Rhodopirellula baltica
k141_50562	Bacteria;Pseudomonadota;Gammaproteobacteria;Alteromonadales;Shewanellaceae;Shewanella
k141_28528	Bacteria;Chlorobiota;Chlorobiia;Chlorobiales;Chlorobiaceae;Chlorobium;Chlorobium phaeobacteroides
k141_39472	
k141_46632	Bacteria;Planctomycetota;Planctomycetia;Pirellulales;Pirellulaceae;Rhodopirellula;Rhodopirellula baltica
k141_50563	Archaea;Thermoproteota;Thermoprotei;Desulfurococcales;Desulfurococcaceae;Ignicoccus;Ignicoccus islandicus
k141_6647	Bacteria;Pseudomonadota;Gammaproteobacteria;Pseudomonadales;Pseudomonadaceae
k141_13577	Bacteria;Planctomycetota;Planctomycetia;Pirellulales;Pirellulaceae;Rhodopirellula;Rhodopirellula baltica
k141_3018	Bacteria;Planctomycetota;Planctomycetia;Pirellulales;Pirellulaceae;Rhodopirellula;Rhodopirellula baltica
k141_10566	Bacteria;Spirochaetota;Spirochaetia;Treponematales;Treponemataceae;Treponema
k141_57183	Bacteria;Pseudomonadota;Gammaproteobacteria;Pseudomonadales;Pseudomonadaceae;Pseudomonas
k141_39476	Bacteria;Pseudomonadota;Gammaproteobacteria;Pseudomonadales;Pseudomonadaceae;Pseudomonas
k141_53683	Bacteria;Pseudomonadota;Gammaproteobacteria;Pseudomonadales;Pseudomonadaceae;Pseudomonas
k141_6649	Bacteria;Thermodesulfobacteriota;Desulfuromonadia;Geobacterales;Geobacteraceae;Geobacter;Geobacter sulfurreducens
k141_3021	
k141_57186	
k141_50572	Bacteria;Cyanobacteriota;Cyanophyceae;Nostocales;Nostocaceae
k141_28532	Bacteria;Planctomycetota;Planctomycetia;Pirellulales;Pirellulaceae;Rhodopirellula;Rhodopirellula baltica
k141_6652	Bacteria;Cyanobacteriota;Cyanophyceae;Nostocales;Nostocaceae
k141_31601	Bacteria;Pseudomonadota;Gammaproteobacteria;Alteromonadales;Shewanellaceae;Shewanella
k141_20645	Bacteria;Chlorobiota;Chlorobiia;Chlorobiales;Chlorobiaceae;Chlorobaculum;Chlorobaculum tepidum
k141_39485	Bacteria;Thermotogota;Thermotogae;Thermotogales;Thermotogaceae;Thermotoga
k141_53693	Bacteria;Bacteroidota;Bacteroidia;Bacteroidales;Bacteroidaceae;Phocaeicola
k141_39490	Bacteria;Chlorobiota;Chlorobiia;Chlorobiales;Chlorobiaceae;Chlorobaculum
k141_50579	Archaea;Thermoproteota;Thermoprotei;Desulfurococcales;Desulfurococcaceae;Ignicoccus;Ignicoccus islandicus
k141_53697	Bacteria;Pseudomonadota;Gammaproteobacteria;Pseudomonadales;Pseudomonadaceae;Pseudomonas
k141_3031	Bacteria;Fusobacteriota;Fusobacteriia;Fusobacteriales;Fusobacteriaceae;Fusobacterium
k141_46639	Archaea;Thermoproteota;Thermoprotei;Desulfurococcales;Desulfurococcaceae;Ignicoccus;Ignicoccus hospitalis
k141_31604	Archaea;Thermoproteota;Thermoprotei;Desulfurococcales;Desulfurococcaceae;Ignicoccus;Ignicoccus hospitalis
k141_28543	Bacteria;Pseudomonadota;Gammaproteobacteria;Pseudomonadales;Pseudomonadaceae;Pseudomonas
k141_57190	Archaea;Methanobacteriota;Methanobacteria;Methanobacteriales;Methanothermaceae;Methanothermus;Methanothermus sociabilis
k141_53698	Bacteria;Chlorobiota;Chlorobiia;Chlorobiales;Chlorobiaceae;Chlorobaculum;Chlorobaculum tepidum
k141_28544	Bacteria;Chloroflexota;Chloroflexia;Chloroflexales;Chloroflexaceae;Chloroflexus;Chloroflexus aurantiacus
k141_6660	Bacteria;Fusobacteriota;Fusobacteriia;Fusobacteriales;Fusobacteriaceae;Fusobacterium
k141_24255	Bacteria;Thermotogota;Thermotogae;Thermotogales;Thermotogaceae;Thermotoga
k141_3035	Bacteria;Aquificota;Aquificia;Aquificales;Hydrogenothermaceae;Sulfurihydrogenibium;Sulfurihydrogenibium sp. YO3AOP1
k141_46642	Bacteria;Aquificota;Aquificia;Aquificales;Aquificaceae;Hydrogenobaculum
k141_20662	Bacteria;Pseudomonadota;Gammaproteobacteria;Pseudomonadales;Pseudomonadaceae;Pseudomonas
k141_3036	Bacteria;Pseudomonadota;Gammaproteobacteria;Pseudomonadales;Pseudomonadaceae;Pseudomonas
k141_39493	Archaea;Thermoproteota;Thermoprotei;Desulfurococcales;Desulfurococcaceae;Ignicoccus;Ignicoccus hospitalis
k141_46643	Bacteria;Pseudomonadota;Gammaproteobacteria;Alteromonadales;Shewanellaceae;Shewanella
k141_53705	Bacteria;Bacteroidota;Bacteroidia;Bacteroidales;Bacteroidaceae;Phocaeicola;Phocaeicola vulgatus
k141_39494	Archaea;Thermoproteota;Thermoprotei;Desulfurococcales;Desulfurococcaceae;Ignicoccus;Ignicoccus hospitalis
k141_28552	Bacteria;Cyanobacteriota;Cyanophyceae;Nostocales;Nostocaceae
k141_13579	Bacteria;Planctomycetota;Planctomycetia;Pirellulales;Pirellulaceae;Rhodopirellula;Rhodopirellula baltica
k141_53706	Bacteria;Chlorobiota;Chlorobiia;Chlorobiales;Chlorobiaceae;Chlorobaculum
k141_50595	
k141_24265	Bacteria;Chlorobiota;Chlorobiia;Chlorobiales;Chlorobiaceae;Chlorobium;Chlorobium phaeobacteroides
k141_13582	Bacteria;Planctomycetota;Planctomycetia;Pirellulales;Pirellulaceae;Rhodopirellula;Rhodopirellula baltica
k141_39496	Bacteria;Pseudomonadota;Gammaproteobacteria;Pseudomonadales;Pseudomonadaceae;Pseudomonas
k141_28553	Bacteria;Chlorobiota;Chlorobiia;Chlorobiales;Chlorobiaceae;Chlorobium;Chlorobium phaeobacteroides
k141_20667	Bacteria;Aquificota;Aquificia;Aquificales;Aquificaceae;Hydrogenobaculum
k141_10568	Bacteria;Planctomycetota;Planctomycetia;Pirellulales;Pirellulaceae;Rhodopirellula;Rhodopirellula baltica
k141_6666	Bacteria;Pseudomonadota;Gammaproteobacteria;Alteromonadales;Shewanellaceae;Shewanella
k141_13585	Bacteria;Aquificota;Aquificia;Aquificales;Aquificaceae;Hydrogenobaculum;Hydrogenobaculum sp. Y04AAS1
k141_20672	Bacteria;Pseudomonadota;Gammaproteobacteria;Pseudomonadales;Pseudomonadaceae;Pseudomonas
k141_10570	Archaea;Thermoproteota;Thermoprotei;Thermoproteales;Thermoproteaceae;Pyrobaculum;Pyrobaculum calidifontis
k141_43151	
k141_50609	Archaea;Methanobacteriota;Methanococci;Methanococcales;Methanococcaceae;Methanococcus;Methanococcus maripaludis
k141_46658	Archaea;Thermoproteota;Thermoprotei;Desulfurococcales;Desulfurococcaceae;Ignicoccus;Ignicoccus hospitalis
k141_53710	Bacteria;Bacillota
k141_6671	Bacteria;Pseudomonadota;Gammaproteobacteria;Pseudomonadales;Pseudomonadaceae;Pseudomonas
k141_28556	Bacteria;Pseudomonadota;Gammaproteobacteria;Pseudomonadales;Pseudomonadaceae;Pseudomonas
k141_13590	Archaea;Thermoproteota;Thermoprotei;Thermoproteales;Thermoproteaceae;Pyrobaculum;Pyrobaculum calidifontis
k141_43152	Bacteria;Pseudomonadota;Gammaproteobacteria;Alteromonadales;Shewanellaceae;Shewanella
k141_10573	Bacteria;Campylobacterota;Epsilonproteobacteria;Campylobacterales;Helicobacteraceae;Wolinella;Wolinella succinogenes
k141_20676	Bacteria;Pseudomonadota;Gammaproteobacteria;Pseudomonadales;Pseudomonadaceae;Pseudomonas
k141_50615	Bacteria;Planctomycetota;Planctomycetia;Pirellulales;Pirellulaceae;Rhodopirellula;Rhodopirellula baltica
k141_39512	Bacteria;Chloroflexota;Chloroflexia;Chloroflexales;Chloroflexaceae;Chloroflexus;Chloroflexus aurantiacus
k141_6677	Archaea;Thermoproteota;Thermoprotei;Desulfurococcales;Desulfurococcaceae;Ignicoccus;Ignicoccus hospitalis
k141_20677	Bacteria;Fusobacteriota;Fusobacteriia;Fusobacteriales;Fusobacteriaceae;Fusobacterium
k141_10580	Bacteria;Pseudomonadota;Gammaproteobacteria;Pseudomonadales;Pseudomonadaceae;Pseudomonas
k141_50619	Bacteria;Aquificota;Aquificia;Aquificales;Aquificaceae;Hydrogenobaculum
k141_39520	Bacteria;Chlorobiota;Chlorobiia;Chlorobiales;Chlorobiaceae;Chlorobium;Chlorobium phaeobacteroides
k141_28566	Bacteria;Pseudomonadota;Gammaproteobacteria;Alteromonadales;Shewanellaceae;Shewanella
k141_20683	
k141_53722	Archaea;Methanobacteriota;Methanococci;Methanococcales;Methanococcaceae;Methanococcus;Methanococcus maripaludis
k141_43168	Archaea;Methanobacteriota;Halobacteria;Halobacteriales;Halobacteriaceae;Halobacterium
k141_39529	Bacteria;Pseudomonadota;Gammaproteobacteria;Pseudomonadales;Pseudomonadaceae;Pseudomonas
k141_6684	Bacteria;Pseudomonadota;Gammaproteobacteria;Alteromonadales;Shewanellaceae;Shewanella
k141_39530	Bacteria;Bacteroidota;Bacteroidia;Bacteroidales;Bacteroidaceae;Phocaeicola
k141_20693	Archaea;Methanobacteriota;Archaeoglobi;Archaeoglobales;Archaeoglobaceae
k141_43173	Bacteria;Cyanobacteriota;Cyanophyceae;Nostocales;Nostocaceae
k141_28573	Bacteria;Bacillota;Clostridia;Thermoanaerobacterales;Thermoanaerobacteraceae;Thermoanaerobacter
k141_24270	Bacteria;Planctomycetota;Planctomycetia;Pirellulales;Pirellulaceae;Rhodopirellula;Rhodopirellula baltica
k141_50622	Bacteria;Planctomycetota;Planctomycetia;Pirellulales;Pirellulaceae;Rhodopirellula;Rhodopirellula baltica
k141_20698	Bacteria;Chlorobiota;Chlorobiia;Chlorobiales;Chlorobiaceae;Chlorobium;Chlorobium phaeobacteroides
k141_50623	Bacteria;Pseudomonadota;Betaproteobacteria;Burkholderiales;Burkholderiaceae;Paraburkholderia
k141_6691	Bacteria;Chlorobiota;Chlorobiia;Chlorobiales;Chlorobiaceae;Chlorobaculum
k141_6693	Bacteria;Pseudomonadota;Gammaproteobacteria;Pseudomonadales;Pseudomonadaceae;Pseudomonas
k141_24272	Bacteria;Planctomycetota;Planctomycetia;Pirellulales;Pirellulaceae;Rhodopirellula;Rhodopirellula baltica
k141_13625	Archaea;Thermoproteota;Thermoprotei;Thermoproteales;Thermoproteaceae;Pyrobaculum;Pyrobaculum calidifontis
k141_53741	Archaea;Methanobacteriota;Methanopyri;Methanopyrales;Methanopyraceae;Methanopyrus;Methanopyrus kandleri
k141_20701	Bacteria;Aquificota;Aquificia;Aquificales;Aquificaceae;Hydrogenobaculum
k141_43175	Archaea;Methanobacteriota;Halobacteria;Halobacteriales;Halobacteriaceae;Halobacterium
k141_24273	Bacteria;Chlorobiota;Chlorobiia;Chlorobiales;Chlorobiaceae;Chlorobaculum
k141_28588	Bacteria;Pseudomonadota;Gammaproteobacteria;Pseudomonadales;Pseudomonadaceae;Pseudomonas
k141_10582	Bacteria;Bacillota
k141_13632	Bacteria;Chlorobiota;Chlorobiia;Chlorobiales;Chlorobiaceae;Chlorobaculum;Chlorobaculum tepidum
k141_6704	Bacteria;Pseudomonadota;Gammaproteobacteria;Pseudomonadales;Pseudomonadaceae;Pseudomonas
k141_50638	Bacteria;Cyanobacteriota;Cyanophyceae;Nostocales;Nostocaceae
k141_24276	
k141_13634	Bacteria;Chloroflexota;Chloroflexia;Chloroflexales;Chloroflexaceae;Chloroflexus;Chloroflexus aurantiacus
k141_20714	Bacteria;Aquificota;Aquificia;Aquificales;Aquificaceae;Hydrogenobaculum;Hydrogenobaculum sp. Y04AAS1
k141_6707	Bacteria;Pseudomonadota;Gammaproteobacteria;Pseudomonadales;Pseudomonadaceae;Pseudomonas
k141_10589	Bacteria;Cyanobacteriota;Cyanophyceae;Nostocales;Nostocaceae
k141_43185	Archaea;Thermoproteota;Thermoprotei;Desulfurococcales;Desulfurococcaceae;Ignicoccus;Ignicoccus hospitalis
k141_13635	
k141_17272	Bacteria;Thermodesulfobacteriota;Desulfobulbia;Desulfobulbales;Desulfobulbaceae;Desulfobulbus;Desulfobulbus oralis
k141_24281	Bacteria;Planctomycetota;Planctomycetia;Pirellulales;Pirellulaceae;Rhodopirellula;Rhodopirellula baltica
k141_17273	
k141_13641	Bacteria;Chlorobiota;Chlorobiia;Chlorobiales;Chlorobiaceae;Chlorobaculum;Chlorobaculum tepidum
k141_39540	Bacteria;Planctomycetota;Planctomycetia;Pirellulales;Pirellulaceae;Rhodopirellula;Rhodopirellula baltica
k141_28601	Bacteria;Pseudomonadota;Gammaproteobacteria;Pseudomonadales;Pseudomonadaceae;Pseudomonas
k141_43194	Bacteria;Pseudomonadota;Gammaproteobacteria;Pseudomonadales;Pseudomonadaceae;Pseudomonas
k141_24286	Bacteria;Bacteroidota;Bacteroidia;Bacteroidales
k141_3047	Bacteria;Chlorobiota;Chlorobiia;Chlorobiales;Chlorobiaceae;Chlorobium;Chlorobium phaeovibrioides
k141_17281	Archaea;Thermoproteota;Thermoprotei;Desulfurococcales;Desulfurococcaceae;Ignicoccus;Ignicoccus islandicus
k141_6723	Archaea;Methanobacteriota;Methanopyri;Methanopyrales;Methanopyraceae;Methanopyrus;Methanopyrus kandleri
k141_28608	Bacteria;Pseudomonadota;Gammaproteobacteria;Pseudomonadales;Pseudomonadaceae;Pseudomonas;Pseudomonas marginalis
k141_39547	Bacteria;Pseudomonadota;Gammaproteobacteria;Pseudomonadales;Pseudomonadaceae;Pseudomonas
k141_43201	Bacteria;Pseudomonadota;Gammaproteobacteria;Alteromonadales;Shewanellaceae;Shewanella
k141_39548	Bacteria;Pseudomonadota;Gammaproteobacteria;Pseudomonadales;Pseudomonadaceae;Pseudomonas
k141_6726	Archaea;Methanobacteriota;Archaeoglobi;Archaeoglobales;Archaeoglobaceae;Archaeoglobus;Archaeoglobus fulgidus
k141_28609	Bacteria;Planctomycetota;Planctomycetia;Pirellulales;Pirellulaceae;Rhodopirellula;Rhodopirellula baltica
k141_53745	Bacteria;Planctomycetota;Planctomycetia;Pirellulales;Pirellulaceae;Rhodopirellula;Rhodopirellula baltica
k141_6729	Bacteria;Pseudomonadota;Gammaproteobacteria;Pseudomonadales;Pseudomonadaceae;Pseudomonas
k141_3057	Bacteria
k141_13649	
k141_24296	Bacteria;Fusobacteriota;Fusobacteriia;Fusobacteriales;Fusobacteriaceae;Fusobacterium
k141_6730	
k141_31608	Bacteria;Thermodesulfobacteriota;Desulfobulbia;Desulfobulbales;Desulfobulbaceae;Desulfobulbus;Desulfobulbus oralis
k141_13652	Bacteria
k141_43212	Bacteria;Pseudomonadota;Gammaproteobacteria;Pseudomonadales;Pseudomonadaceae
k141_6731	Bacteria;Planctomycetota;Planctomycetia;Pirellulales;Pirellulaceae;Rhodopirellula;Rhodopirellula baltica
k141_10608	Bacteria;Bacteroidota;Bacteroidia;Bacteroidales;Porphyromonadaceae;Porphyromonas;Porphyromonas gingivalis
k141_57196	Archaea;Methanobacteriota;Methanobacteria;Methanobacteriales;Methanothermaceae;Methanothermus;Methanothermus sociabilis
k141_43213	Archaea;Thermoproteota;Thermoprotei;Thermoproteales;Thermoproteaceae;Pyrobaculum;Pyrobaculum calidifontis
k141_10609	Bacteria;Aquificota;Aquificia;Aquificales;Aquificaceae;Hydrogenobaculum
k141_13656	Bacteria;Chlorobiota;Chlorobiia;Chlorobiales;Chlorobiaceae;Chlorobium;Chlorobium phaeobacteroides
k141_50641	Bacteria;Thermodesulfobacteriota;Desulfobulbia;Desulfobulbales;Desulfobulbaceae;Desulfobulbus;Desulfobulbus oralis
k141_3066	Archaea;Methanobacteriota;Methanococci;Methanococcales;Methanococcaceae;Methanococcus;Methanococcus maripaludis
k141_31613	Bacteria;Chlorobiota;Chlorobiia;Chlorobiales;Chlorobiaceae;Chlorobium;Chlorobium phaeobacteroides
k141_28623	Bacteria;Planctomycetota;Planctomycetia;Pirellulales;Pirellulaceae;Rhodopirellula;Rhodopirellula baltica
k141_6732	Bacteria;Pseudomonadota;Gammaproteobacteria;Alteromonadales;Shewanellaceae;Shewanella
k141_43215	Bacteria;Pseudomonadota;Gammaproteobacteria;Pseudomonadales;Pseudomonadaceae;Pseudomonas
k141_57201	Bacteria;Pseudomonadota;Gammaproteobacteria;Pseudomonadales;Pseudomonadaceae;Pseudomonas
k141_50642	Bacteria;Pseudomonadota;Gammaproteobacteria;Pseudomonadales;Pseudomonadaceae;Pseudomonas
k141_24311	Bacteria;Aquificota;Aquificia;Aquificales;Aquificaceae;Hydrogenobaculum;Hydrogenobaculum sp. Y04AAS1
k141_13661	Bacteria;Thermodesulfobacteriota;Desulfuromonadia;Geobacterales;Geobacteraceae;Geobacter
k141_53763	Bacteria;Chlorobiota;Chlorobiia;Chlorobiales;Chlorobiaceae;Chlorobaculum
k141_28630	Bacteria;Spirochaetota;Spirochaetia;Treponematales;Treponemataceae;Treponema
k141_10613	Bacteria;Chlorobiota;Chlorobiia;Chlorobiales;Chlorobiaceae;Chlorobium;Chlorobium phaeobacteroides
k141_57204	Archaea;Methanobacteriota;Methanococci;Methanococcales;Methanococcaceae;Methanococcus;Methanococcus maripaludis
k141_13662	Bacteria;Pseudomonadota;Gammaproteobacteria;Pseudomonadales;Pseudomonadaceae;Pseudomonas
k141_3069	Bacteria;Pseudomonadota;Gammaproteobacteria;Pseudomonadales;Pseudomonadaceae;Pseudomonas
k141_6739	
k141_17308	Bacteria;Chlorobiota;Chlorobiia;Chlorobiales;Chlorobiaceae;Chlorobium;Chlorobium phaeobacteroides
k141_13664	
k141_24315	
k141_28635	Bacteria;Planctomycetota;Planctomycetia;Pirellulales;Pirellulaceae;Rhodopirellula;Rhodopirellula baltica
k141_57206	Bacteria;Pseudomonadota;Gammaproteobacteria;Pseudomonadales;Pseudomonadaceae;Pseudomonas
k141_6746	
k141_13667	Bacteria;Aquificota;Aquificia;Aquificales;Hydrogenothermaceae;Sulfurihydrogenibium;Sulfurihydrogenibium sp. YO3AOP1
k141_17310	Bacteria;Pseudomonadota;Gammaproteobacteria;Alteromonadales;Shewanellaceae;Shewanella
k141_31628	Bacteria;Chlorobiota;Chlorobiia;Chlorobiales;Chlorobiaceae;Chlorobaculum;Chlorobaculum tepidum
k141_24320	Archaea;Methanobacteriota;Methanococci;Methanococcales;Methanococcaceae;Methanococcus
k141_17311	Bacteria;Verrucomicrobiota;Verrucomicrobiia;Verrucomicrobiales;Akkermansiaceae;Akkermansia;Akkermansia muciniphila
k141_57209	Bacteria;Pseudomonadota;Gammaproteobacteria;Alteromonadales;Shewanellaceae;Shewanella
k141_31629	Archaea;Thermoproteota;Thermoprotei;Desulfurococcales;Desulfurococcaceae;Ignicoccus;Ignicoccus islandicus
k141_3083	Archaea;Methanobacteriota;Methanococci;Methanococcales;Methanococcaceae;Methanococcus
k141_6753	Bacteria;Verrucomicrobiota;Verrucomicrobiia;Verrucomicrobiales;Akkermansiaceae;Akkermansia;Akkermansia muciniphila
k141_28645	Bacteria;Cyanobacteriota;Cyanophyceae;Nostocales;Nostocaceae
k141_50663	Bacteria;Pseudomonadota;Gammaproteobacteria;Alteromonadales;Shewanellaceae;Shewanella
k141_43225	Bacteria;Planctomycetota;Planctomycetia;Pirellulales;Pirellulaceae;Rhodopirellula;Rhodopirellula baltica
k141_10615	Bacteria;Chlorobiota;Chlorobiia;Chlorobiales;Chlorobiaceae;Chlorobium;Chlorobium phaeovibrioides
k141_24326	Bacteria;Pseudomonadota;Gammaproteobacteria;Pseudomonadales;Pseudomonadaceae;Pseudomonas
k141_10617	Bacteria;Thermodesulfobacteriota;Desulfobulbia;Desulfobulbales;Desulfobulbaceae;Desulfobulbus;Desulfobulbus oralis
k141_17318	Bacteria;Pseudomonadota;Gammaproteobacteria;Pseudomonadales;Pseudomonadaceae;Pseudomonas
k141_53771	
k141_13678	
k141_57215	Bacteria;Pseudomonadota;Betaproteobacteria;Nitrosomonadales;Nitrosomonadaceae;Nitrosomonas
k141_3090	Bacteria;Cyanobacteriota;Cyanophyceae;Nostocales;Nostocaceae
k141_31638	Bacteria;Pseudomonadota;Gammaproteobacteria;Pseudomonadales;Pseudomonadaceae;Pseudomonas
k141_57216	Bacteria;Chloroflexota;Chloroflexia;Chloroflexales;Chloroflexaceae;Chloroflexus;Chloroflexus aurantiacus
k141_28651	Bacteria;Chlorobiota;Chlorobiia;Chlorobiales;Chlorobiaceae;Chlorobaculum
k141_10621	Bacteria;Pseudomonadota;Gammaproteobacteria;Pseudomonadales;Pseudomonadaceae;Pseudomonas
k141_17322	
k141_43236	Archaea;Thermoproteota;Thermoprotei;Desulfurococcales;Desulfurococcaceae;Ignicoccus;Ignicoccus islandicus
k141_6766	Bacteria;Pseudomonadota;Gammaproteobacteria;Alteromonadales;Shewanellaceae;Shewanella
k141_57219	Bacteria;Pseudomonadota;Gammaproteobacteria;Alteromonadales;Shewanellaceae;Shewanella
k141_13683	Bacteria;Pseudomonadota;Gammaproteobacteria;Pseudomonadales;Pseudomonadaceae;Pseudomonas
k141_53777	
k141_50673	Bacteria;Chlorobiota;Chlorobiia;Chlorobiales;Chlorobiaceae;Chlorobium;Chlorobium phaeobacteroides
k141_17328	Bacteria;Cyanobacteriota;Cyanophyceae;Nostocales;Nostocaceae
k141_24331	Bacteria;Pseudomonadota;Gammaproteobacteria;Alteromonadales;Shewanellaceae;Shewanella
k141_39554	Bacteria;Chlorobiota;Chlorobiia;Chlorobiales;Chlorobiaceae;Chlorobium;Chlorobium phaeovibrioides
k141_43241	Bacteria;Pseudomonadota;Gammaproteobacteria;Pseudomonadales;Pseudomonadaceae;Pseudomonas
k141_6769	Bacteria;Spirochaetota;Spirochaetia;Treponematales;Treponemataceae;Treponema
k141_53778	Archaea;Thermoproteota;Thermoprotei;Desulfurococcales;Desulfurococcaceae;Ignicoccus;Ignicoccus islandicus
k141_28659	Bacteria;Chlorobiota;Chlorobiia;Chlorobiales;Chlorobiaceae;Chlorobaculum;Chlorobaculum tepidum
k141_3099	Bacteria;Chlorobiota;Chlorobiia;Chlorobiales;Chlorobiaceae;Chlorobium;Chlorobium phaeobacteroides
k141_57223	Bacteria;Pseudomonadota;Gammaproteobacteria;Alteromonadales;Shewanellaceae;Shewanella
k141_28660	Archaea;Thermoproteota;Thermoprotei;Thermoproteales;Thermoproteaceae;Pyrobaculum;Pyrobaculum calidifontis
k141_24337	Bacteria;Cyanobacteriota;Cyanophyceae;Nostocales;Nostocaceae
k141_39557	Bacteria;Chlorobiota;Chlorobiia;Chlorobiales;Chlorobiaceae;Chlorobaculum;Chlorobaculum tepidum
k141_13692	Bacteria;Pseudomonadota;Gammaproteobacteria;Alteromonadales;Shewanellaceae;Shewanella;Shewanella baltica
k141_31655	Archaea;Thermoproteota;Thermoprotei;Thermoproteales;Thermoproteaceae;Pyrobaculum;Pyrobaculum calidifontis
k141_3104	Bacteria;Planctomycetota;Planctomycetia;Pirellulales;Pirellulaceae;Rhodopirellula;Rhodopirellula baltica
k141_57226	Bacteria;Pseudomonadota;Gammaproteobacteria;Pseudomonadales;Pseudomonadaceae;Pseudomonas
k141_31657	
k141_28662	Bacteria;Planctomycetota;Planctomycetia;Pirellulales;Pirellulaceae;Rhodopirellula;Rhodopirellula baltica
k141_39563	Bacteria;Chlorobiota;Chlorobiia;Chlorobiales;Chlorobiaceae;Chlorobium;Chlorobium phaeobacteroides
k141_13697	Bacteria;Chlorobiota;Chlorobiia;Chlorobiales;Chlorobiaceae;Chlorobaculum;Chlorobaculum tepidum
k141_50681	Bacteria;Pseudomonadota;Gammaproteobacteria;Alteromonadales;Shewanellaceae;Shewanella
k141_53783	Bacteria;Pseudomonadota;Gammaproteobacteria;Alteromonadales;Shewanellaceae;Shewanella
k141_10642	Archaea;Methanobacteriota;Methanococci;Methanococcales;Methanococcaceae;Methanococcus
k141_28664	Bacteria;Chloroflexota;Chloroflexia;Chloroflexales;Chloroflexaceae;Chloroflexus;Chloroflexus aurantiacus
k141_57230	Bacteria;Pseudomonadota;Gammaproteobacteria;Pseudomonadales;Pseudomonadaceae;Pseudomonas
k141_46661	
k141_57231	Bacteria;Pseudomonadota;Gammaproteobacteria;Alteromonadales;Shewanellaceae;Shewanella
k141_43242	Bacteria;Planctomycetota;Planctomycetia;Pirellulales;Pirellulaceae;Rhodopirellula;Rhodopirellula baltica
k141_31666	Bacteria;Chlorobiota;Chlorobiia;Chlorobiales;Chlorobiaceae;Chlorobium;Chlorobium phaeobacteroides
k141_50684	Archaea;Thermoproteota;Thermoprotei;Desulfurococcales;Desulfurococcaceae;Ignicoccus;Ignicoccus hospitalis
k141_3105	Bacteria;Thermodesulfobacteriota;Desulfobulbia;Desulfobulbales;Desulfobulbaceae;Desulfobulbus;Desulfobulbus oralis
k141_10648	Bacteria;Pseudomonadota;Gammaproteobacteria;Pseudomonadales;Pseudomonadaceae;Pseudomonas
k141_13702	Archaea;Thermoproteota;Thermoprotei;Desulfurococcales;Desulfurococcaceae;Ignicoccus;Ignicoccus hospitalis
k141_39571	Bacteria;Aquificota;Aquificia;Aquificales;Aquificaceae;Hydrogenobaculum
k141_43243	Archaea;Thermoproteota;Thermoprotei;Desulfurococcales;Desulfurococcaceae;Ignicoccus;Ignicoccus islandicus
k141_50685	Bacteria;Aquificota;Aquificia;Aquificales;Aquificaceae;Hydrogenobaculum;Hydrogenobaculum sp. Y04AAS1
k141_3108	Bacteria;Chloroflexota;Chloroflexia;Chloroflexales;Chloroflexaceae;Chloroflexus;Chloroflexus aurantiacus
k141_53787	Archaea;Thermoproteota;Thermoprotei;Desulfurococcales;Desulfurococcaceae;Ignicoccus;Ignicoccus islandicus
k141_28673	
k141_46668	Bacteria;Aquificota;Aquificia;Aquificales;Aquificaceae;Hydrogenobaculum;Hydrogenobaculum sp. Y04AAS1
k141_20718	
k141_31667	Bacteria;Pseudomonadota;Gammaproteobacteria;Alteromonadales;Shewanellaceae;Shewanella
k141_13703	Bacteria;Spirochaetota;Spirochaetia;Treponematales;Treponemataceae;Treponema
k141_31668	Bacteria;Chloroflexota;Chloroflexia;Chloroflexales;Chloroflexaceae;Chloroflexus;Chloroflexus aurantiacus
k141_57235	Bacteria;Pseudomonadota;Gammaproteobacteria;Alteromonadales;Shewanellaceae;Shewanella
k141_3111	Bacteria;Pseudomonadota;Gammaproteobacteria;Pseudomonadales;Pseudomonadaceae;Pseudomonas
k141_17329	Bacteria;Bacillota;Clostridia;Thermoanaerobacterales;Thermoanaerobacteraceae;Thermoanaerobacter
k141_46672	Bacteria;Cyanobacteriota;Cyanophyceae;Nostocales;Nostocaceae
k141_39582	Bacteria;Pseudomonadota;Gammaproteobacteria;Pseudomonadales;Pseudomonadaceae;Pseudomonas
k141_43245	Bacteria;Pseudomonadota;Gammaproteobacteria;Alteromonadales;Shewanellaceae;Shewanella
k141_31670	Bacteria;Pseudomonadota;Gammaproteobacteria;Pseudomonadales;Pseudomonadaceae;Pseudomonas
k141_50695	
k141_57237	Bacteria;Chlorobiota;Chlorobiia;Chlorobiales;Chlorobiaceae;Chlorobium;Chlorobium phaeobacteroides
k141_24349	Bacteria;Fusobacteriota;Fusobacteriia;Fusobacteriales;Fusobacteriaceae;Fusobacterium
k141_20725	Archaea;Methanobacteriota;Methanococci;Methanococcales;Methanococcaceae
k141_6773	
k141_50699	Bacteria;Chlorobiota;Chlorobiia;Chlorobiales;Chlorobiaceae;Chlorobaculum;Chlorobaculum tepidum
k141_17331	Bacteria;Chlorobiota;Chlorobiia;Chlorobiales;Chlorobiaceae;Chlorobium;Chlorobium phaeobacteroides
k141_6774	Bacteria;Pseudomonadota;Gammaproteobacteria;Pseudomonadales;Pseudomonadaceae;Pseudomonas
k141_13718	
k141_39598	Bacteria;Pseudomonadota;Gammaproteobacteria;Pseudomonadales;Pseudomonadaceae;Pseudomonas
k141_6776	Bacteria;Pseudomonadota;Gammaproteobacteria;Pseudomonadales;Pseudomonadaceae;Pseudomonas
k141_10651	Bacteria;Planctomycetota;Planctomycetia;Pirellulales;Pirellulaceae;Rhodopirellula;Rhodopirellula baltica
k141_46675	Archaea;Thermoproteota;Thermoprotei;Desulfurococcales;Desulfurococcaceae;Ignicoccus;Ignicoccus hospitalis
k141_39600	Bacteria;Pseudomonadota;Gammaproteobacteria;Alteromonadales;Shewanellaceae;Shewanella
k141_6778	Bacteria;Pseudomonadota;Gammaproteobacteria;Alteromonadales;Shewanellaceae;Shewanella
k141_24361	Bacteria;Planctomycetota;Planctomycetia;Pirellulales;Pirellulaceae;Rhodopirellula;Rhodopirellula baltica
k141_50710	
k141_3114	
k141_10654	Bacteria;Pseudomonadota;Gammaproteobacteria;Pseudomonadales;Pseudomonadaceae;Pseudomonas
k141_43251	Bacteria;Bacillota
k141_39602	Bacteria;Pseudomonadota;Gammaproteobacteria;Pseudomonadales;Pseudomonadaceae;Pseudomonas
k141_6779	Bacteria;Chlorobiota;Chlorobiia;Chlorobiales;Chlorobiaceae;Chlorobium;Chlorobium phaeobacteroides
k141_17338	Bacteria;Chlorobiota;Chlorobiia;Chlorobiales;Chlorobiaceae;Chlorobaculum
k141_3115	Bacteria;Chlorobiota;Chlorobiia;Chlorobiales;Chlorobiaceae;Chlorobium;Chlorobium phaeobacteroides
k141_20735	Bacteria;Chlorobiota;Chlorobiia;Chlorobiales;Chlorobiaceae
k141_28679	
k141_43252	Bacteria;Pseudomonadota;Gammaproteobacteria;Pseudomonadales;Pseudomonadaceae;Pseudomonas;Pseudomonas marginalis
k141_13724	Archaea;Methanobacteriota;Methanococci;Methanococcales;Methanococcaceae;Methanococcus;Methanococcus maripaludis
k141_39603	
k141_24362	Bacteria;Pseudomonadota;Gammaproteobacteria;Pseudomonadales;Pseudomonadaceae;Pseudomonas
k141_17343	Bacteria;Pseudomonadota;Gammaproteobacteria;Alteromonadales;Shewanellaceae;Shewanella
k141_20738	Bacteria;Pseudomonadota;Gammaproteobacteria;Pseudomonadales;Pseudomonadaceae;Pseudomonas
k141_6785	Archaea;Methanobacteriota;Halobacteria;Halobacteriales;Halobacteriaceae;Halobacterium
k141_31686	
k141_43253	Archaea;Thermoproteota;Thermoprotei;Desulfurococcales;Desulfurococcaceae;Ignicoccus;Ignicoccus islandicus
k141_24363	Archaea;Thermoproteota;Thermoprotei;Desulfurococcales;Desulfurococcaceae;Ignicoccus;Ignicoccus islandicus
k141_50713	
k141_3124	Bacteria;Pseudomonadota;Gammaproteobacteria;Pseudomonadales;Pseudomonadaceae;Pseudomonas
k141_17347	Bacteria;Pseudomonadota;Gammaproteobacteria;Pseudomonadales;Pseudomonadaceae;Pseudomonas
k141_24364	Bacteria;Pseudomonadota;Gammaproteobacteria;Pseudomonadales;Pseudomonadaceae;Pseudomonas
k141_10656	Archaea;Thermoproteota;Thermoprotei;Desulfurococcales;Desulfurococcaceae;Ignicoccus;Ignicoccus hospitalis
k141_28688	Bacteria;Pseudomonadota;Gammaproteobacteria;Pseudomonadales;Pseudomonadaceae;Pseudomonas
k141_13730	Bacteria;Pseudomonadota;Gammaproteobacteria;Pseudomonadales;Pseudomonadaceae;Pseudomonas
k141_39610	Bacteria;Pseudomonadota;Gammaproteobacteria;Pseudomonadales;Pseudomonadaceae;Pseudomonas
k141_50715	Bacteria;Aquificota;Aquificia;Aquificales;Hydrogenothermaceae;Sulfurihydrogenibium;Sulfurihydrogenibium sp. YO3AOP1
k141_24368	Bacteria;Chloroflexota;Chloroflexia;Chloroflexales;Chloroflexaceae;Chloroflexus;Chloroflexus aurantiacus
k141_39613	Bacteria;Chlorobiota;Chlorobiia;Chlorobiales;Chlorobiaceae;Chlorobium;Chlorobium phaeobacteroides
k141_10659	Bacteria;Chlorobiota;Chlorobiia;Chlorobiales;Chlorobiaceae;Chlorobium;Chlorobium phaeobacteroides
k141_3128	Bacteria;Pseudomonadota;Gammaproteobacteria;Pseudomonadales;Pseudomonadaceae;Pseudomonas
k141_3130	Bacteria;Pseudomonadota;Gammaproteobacteria;Pseudomonadales;Pseudomonadaceae;Pseudomonas
k141_31696	Archaea;Methanobacteriota;Halobacteria;Halobacteriales;Halobacteriaceae;Halobacterium
k141_20751	Bacteria;Pseudomonadota;Gammaproteobacteria;Pseudomonadales;Pseudomonadaceae
k141_24374	Archaea;Thermoproteota;Thermoprotei;Thermoproteales;Thermoproteaceae;Pyrobaculum;Pyrobaculum calidifontis
k141_17354	Bacteria;Pseudomonadota;Gammaproteobacteria;Pseudomonadales;Pseudomonadaceae;Pseudomonas
k141_10665	Bacteria;Pseudomonadota;Gammaproteobacteria;Alteromonadales;Shewanellaceae;Shewanella
k141_6802	Bacteria;Cyanobacteriota;Cyanophyceae;Nostocales;Nostocaceae
k141_28690	Bacteria;Planctomycetota;Planctomycetia;Pirellulales;Pirellulaceae;Rhodopirellula;Rhodopirellula baltica
k141_50716	Bacteria;Planctomycetota;Planctomycetia;Pirellulales;Pirellulaceae;Rhodopirellula;Rhodopirellula baltica
k141_39622	Bacteria;Bacillota;Clostridia;Acetivibrionales;Acetivibrionaceae;Acetivibrio;Acetivibrio thermocellus
k141_6804	Bacteria;Pseudomonadota;Gammaproteobacteria;Pseudomonadales;Pseudomonadaceae;Pseudomonas
k141_17355	Bacteria;Planctomycetota;Planctomycetia;Pirellulales;Pirellulaceae;Rhodopirellula;Rhodopirellula baltica
k141_43259	Bacteria;Thermotogota;Thermotogae;Thermotogales;Thermotogaceae;Thermotoga
k141_20761	Bacteria;Pseudomonadota;Gammaproteobacteria;Pseudomonadales;Pseudomonadaceae;Pseudomonas
k141_43261	
k141_39627	Bacteria;Pseudomonadota;Gammaproteobacteria;Pseudomonadales;Pseudomonadaceae
k141_10676	Archaea;Methanobacteriota;Methanococci;Methanococcales;Methanococcaceae;Methanococcus
k141_6808	Bacteria;Aquificota;Aquificia;Aquificales;Aquificaceae;Hydrogenobaculum
k141_17361	Bacteria;Pseudomonadota;Gammaproteobacteria;Pseudomonadales;Pseudomonadaceae;Pseudomonas
k141_43262	Bacteria;Pseudomonadota;Gammaproteobacteria;Pseudomonadales;Pseudomonadaceae;Pseudomonas
k141_31708	Bacteria;Pseudomonadota;Gammaproteobacteria;Pseudomonadales;Pseudomonadaceae;Pseudomonas
k141_50722	Archaea;Methanobacteriota;Halobacteria;Halobacteriales;Halobacteriaceae;Halobacterium
k141_50725	Archaea;Thermoproteota;Thermoprotei;Thermoproteales;Thermoproteaceae;Pyrobaculum;Pyrobaculum calidifontis
k141_20764	Bacteria;Chlorobiota;Chlorobiia;Chlorobiales;Chlorobiaceae;Chlorobaculum;Chlorobaculum tepidum
k141_10680	Bacteria;Pseudomonadota;Gammaproteobacteria;Pseudomonadales;Pseudomonadaceae;Pseudomonas
k141_24393	Bacteria;Verrucomicrobiota;Verrucomicrobiia;Verrucomicrobiales;Akkermansiaceae;Akkermansia;Akkermansia muciniphila
k141_39631	Bacteria;Planctomycetota;Planctomycetia;Pirellulales;Pirellulaceae;Rhodopirellula;Rhodopirellula baltica
k141_20770	Bacteria;Aquificota;Aquificia;Aquificales;Hydrogenothermaceae;Sulfurihydrogenibium;Sulfurihydrogenibium sp. YO3AOP1
k141_13742	Archaea;Methanobacteriota;Methanobacteria;Methanobacteriales;Methanothermaceae;Methanothermus;Methanothermus sociabilis
k141_50730	
k141_31719	Bacteria;Pseudomonadota;Gammaproteobacteria;Pseudomonadales;Pseudomonadaceae;Pseudomonas
k141_39633	Bacteria;Chlorobiota;Chlorobiia;Chlorobiales;Chlorobiaceae;Chlorobaculum
k141_10681	
k141_17373	Bacteria;Pseudomonadota;Gammaproteobacteria;Pseudomonadales;Pseudomonadaceae;Pseudomonas
k141_31722	Bacteria;Chlorobiota;Chlorobiia;Chlorobiales;Chlorobiaceae;Chlorobium;Chlorobium phaeobacteroides
k141_39634	Bacteria;Chlorobiota;Chlorobiia;Chlorobiales;Chlorobiaceae;Chlorobium;Chlorobium phaeobacteroides
k141_6822	Bacteria;Pseudomonadota;Gammaproteobacteria;Pseudomonadales;Pseudomonadaceae;Pseudomonas
k141_17374	Bacteria;Spirochaetota;Spirochaetia;Treponematales;Treponemataceae;Treponema
k141_50733	Bacteria;Planctomycetota;Planctomycetia;Pirellulales;Pirellulaceae;Rhodopirellula;Rhodopirellula baltica
k141_10688	Bacteria;Pseudomonadota;Gammaproteobacteria;Alteromonadales;Shewanellaceae;Shewanella
k141_24404	Bacteria;Pseudomonadota;Gammaproteobacteria;Pseudomonadales;Pseudomonadaceae
k141_50734	Bacteria;Pseudomonadota;Gammaproteobacteria;Pseudomonadales;Pseudomonadaceae;Pseudomonas
k141_17376	
k141_6826	
k141_28729	Bacteria;Chlorobiota;Chlorobiia;Chlorobiales;Chlorobiaceae;Chlorobium;Chlorobium phaeobacteroides
k141_24406	Bacteria;Pseudomonadota;Gammaproteobacteria;Pseudomonadales;Pseudomonadaceae;Pseudomonas
k141_3133	
k141_17377	Bacteria;Pseudomonadota;Gammaproteobacteria;Pseudomonadales;Pseudomonadaceae;Pseudomonas
k141_20782	Archaea;Thermoproteota;Thermoprotei;Desulfurococcales;Desulfurococcaceae;Ignicoccus;Ignicoccus hospitalis
k141_28731	Bacteria;Pseudomonadota;Gammaproteobacteria;Pseudomonadales;Pseudomonadaceae;Pseudomonas
k141_6828	Bacteria;Pseudomonadota;Gammaproteobacteria;Alteromonadales;Shewanellaceae;Shewanella
k141_17378	Bacteria;Pseudomonadota;Gammaproteobacteria;Pseudomonadales;Pseudomonadaceae;Pseudomonas
k141_20783	Bacteria;Pseudomonadota;Gammaproteobacteria;Pseudomonadales;Pseudomonadaceae;Pseudomonas
k141_6831	Bacteria;Chlorobiota;Chlorobiia;Chlorobiales;Chlorobiaceae;Chlorobaculum;Chlorobaculum tepidum
k141_3141	Bacteria;Pseudomonadota;Gammaproteobacteria;Pseudomonadales;Pseudomonadaceae;Pseudomonas
k141_39652	Bacteria;Pseudomonadota;Gammaproteobacteria;Alteromonadales;Shewanellaceae;Shewanella
k141_13762	Archaea;Thermoproteota;Thermoprotei;Desulfurococcales;Desulfurococcaceae;Ignicoccus;Ignicoccus islandicus
k141_50745	Archaea;Thermoproteota;Thermoprotei;Desulfurococcales;Desulfurococcaceae;Ignicoccus;Ignicoccus hospitalis
k141_57241	Bacteria;Chlorobiota;Chlorobiia;Chlorobiales;Chlorobiaceae;Chlorobium;Chlorobium limicola
k141_43263	
k141_17388	
k141_20793	Bacteria;Pseudomonadota;Gammaproteobacteria;Pseudomonadales;Pseudomonadaceae;Pseudomonas
k141_13764	Bacteria;Pseudomonadota;Gammaproteobacteria;Pseudomonadales;Pseudomonadaceae;Pseudomonas
k141_6839	
k141_13765	Bacteria;Aquificota;Aquificia;Aquificales;Aquificaceae;Hydrogenobaculum
k141_17393	Bacteria;Cyanobacteriota;Cyanophyceae;Nostocales;Nostocaceae
k141_10703	Bacteria;Fusobacteriota;Fusobacteriia;Fusobacteriales;Fusobacteriaceae;Fusobacterium
k141_10704	Bacteria;Cyanobacteriota;Cyanophyceae;Nostocales;Nostocaceae
k141_3157	
k141_50754	Archaea;Thermoproteota;Thermoprotei;Desulfurococcales;Desulfurococcaceae;Ignicoccus;Ignicoccus islandicus
k141_46679	Bacteria;Planctomycetota;Planctomycetia;Pirellulales;Pirellulaceae;Rhodopirellula;Rhodopirellula baltica
k141_17398	Bacteria;Verrucomicrobiota;Verrucomicrobiia;Verrucomicrobiales;Akkermansiaceae;Akkermansia;Akkermansia muciniphila
k141_28735	Bacteria;Planctomycetota;Planctomycetia;Pirellulales;Pirellulaceae;Rhodopirellula;Rhodopirellula baltica
k141_10709	Bacteria;Thermodesulfobacteriota;Desulfuromonadia;Geobacterales;Geobacteraceae;Geobacter;Geobacter sulfurreducens
k141_13773	Bacteria;Pseudomonadota;Gammaproteobacteria;Pseudomonadales;Pseudomonadaceae;Pseudomonas
k141_28736	Bacteria;Pseudomonadota;Gammaproteobacteria;Pseudomonadales;Pseudomonadaceae;Pseudomonas
k141_46682	
k141_24432	Bacteria;Pseudomonadota;Gammaproteobacteria;Alteromonadales;Shewanellaceae;Shewanella
k141_6856	Bacteria;Cyanobacteriota;Cyanophyceae;Nostocales;Nostocaceae
k141_43290	Bacteria;Pseudomonadota;Gammaproteobacteria;Pseudomonadales;Pseudomonadaceae;Pseudomonas
k141_50755	Bacteria;Planctomycetota;Planctomycetia;Pirellulales;Pirellulaceae;Rhodopirellula
k141_24433	Archaea;Thermoproteota;Thermoprotei;Desulfurococcales;Desulfurococcaceae;Ignicoccus;Ignicoccus hospitalis
k141_20802	Bacteria;Planctomycetota;Planctomycetia;Pirellulales;Pirellulaceae;Rhodopirellula;Rhodopirellula baltica
k141_3160	Bacteria;Planctomycetota;Planctomycetia;Pirellulales;Pirellulaceae;Rhodopirellula;Rhodopirellula baltica
k141_39659	Bacteria;Pseudomonadota;Gammaproteobacteria;Alteromonadales;Shewanellaceae;Shewanella
k141_43291	
k141_57242	Bacteria;Fusobacteriota;Fusobacteriia;Fusobacteriales;Fusobacteriaceae;Fusobacterium
k141_20803	Bacteria;Pseudomonadota;Gammaproteobacteria;Alteromonadales;Shewanellaceae;Shewanella
k141_43292	Bacteria;Chlorobiota;Chlorobiia;Chlorobiales;Chlorobiaceae;Chlorobium;Chlorobium phaeobacteroides
k141_50757	
k141_57243	Bacteria;Pseudomonadota;Gammaproteobacteria;Alteromonadales;Shewanellaceae;Shewanella
k141_50758	Archaea;Thermoproteota;Thermoprotei;Thermoproteales;Thermoproteaceae;Pyrobaculum;Pyrobaculum calidifontis
k141_17416	Bacteria;Pseudomonadota;Gammaproteobacteria;Alteromonadales;Shewanellaceae;Shewanella
k141_6868	Bacteria;Pseudomonadota;Gammaproteobacteria;Pseudomonadales;Pseudomonadaceae;Pseudomonas
k141_28749	Archaea;Methanobacteriota;Halobacteria;Halobacteriales;Halobacteriaceae;Halobacterium
k141_50760	Archaea;Methanobacteriota;Methanococci;Methanococcales;Methanococcaceae;Methanococcus;Methanococcus maripaludis
k141_57247	Bacteria;Pseudomonadota;Gammaproteobacteria;Pseudomonadales;Pseudomonadaceae;Pseudomonas
k141_39661	Bacteria;Planctomycetota;Planctomycetia;Pirellulales;Pirellulaceae;Rhodopirellula;Rhodopirellula baltica
k141_24444	Bacteria;Chlorobiota;Chlorobiia;Chlorobiales;Chlorobiaceae;Chlorobium;Chlorobium phaeobacteroides
k141_17417	Bacteria;Pseudomonadota;Gammaproteobacteria;Pseudomonadales;Pseudomonadaceae;Pseudomonas
k141_13785	Bacteria;Fusobacteriota;Fusobacteriia;Fusobacteriales;Fusobacteriaceae;Fusobacterium
k141_10710	Bacteria;Planctomycetota;Planctomycetia;Pirellulales;Pirellulaceae;Rhodopirellula;Rhodopirellula baltica
k141_20806	Bacteria;Chlorobiota;Chlorobiia;Chlorobiales;Chlorobiaceae;Chlorobium;Chlorobium phaeobacteroides
k141_50764	Bacteria;Chlorobiota;Chlorobiia;Chlorobiales;Chlorobiaceae;Chlorobaculum
k141_24448	
k141_17421	Bacteria;Pseudomonadota;Gammaproteobacteria;Pseudomonadales;Pseudomonadaceae;Pseudomonas
k141_43295	Bacteria;Chlorobiota;Chlorobiia;Chlorobiales;Chlorobiaceae;Chlorobium;Chlorobium phaeobacteroides
k141_13788	Bacteria;Pseudomonadota;Gammaproteobacteria;Pseudomonadales;Pseudomonadaceae;Pseudomonas
k141_57254	Bacteria;Bacteroidota;Bacteroidia;Bacteroidales;Bacteroidaceae;Phocaeicola
k141_6876	Bacteria;Spirochaetota;Spirochaetia;Treponematales;Treponemataceae;Treponema;Treponema denticola
k141_24450	Bacteria;Bacillota
k141_28758	Bacteria;Bacillota;Clostridia;Acetivibrionales;Acetivibrionaceae;Acetivibrio
k141_46709	Bacteria;Pseudomonadota;Gammaproteobacteria;Pseudomonadales;Pseudomonadaceae;Pseudomonas
k141_57256	Bacteria;Pseudomonadota;Gammaproteobacteria;Pseudomonadales;Pseudomonadaceae;Pseudomonas
k141_10724	Bacteria;Pseudomonadota;Gammaproteobacteria;Pseudomonadales;Pseudomonadaceae;Pseudomonas
k141_6878	Bacteria;Pseudomonadota;Gammaproteobacteria;Pseudomonadales;Pseudomonadaceae;Pseudomonas
k141_39675	Bacteria;Pseudomonadota;Gammaproteobacteria;Alteromonadales;Shewanellaceae;Shewanella
k141_13795	Archaea;Thermoproteota;Thermoprotei;Thermoproteales;Thermoproteaceae;Pyrobaculum;Pyrobaculum calidifontis
k141_28762	Archaea;Methanobacteriota;Methanopyri;Methanopyrales;Methanopyraceae;Methanopyrus;Methanopyrus kandleri
k141_43297	Archaea;Methanobacteriota;Methanococci;Methanococcales;Methanococcaceae;Methanococcus;Methanococcus maripaludis
k141_31727	Bacteria;Planctomycetota;Planctomycetia;Pirellulales;Pirellulaceae;Rhodopirellula;Rhodopirellula baltica
k141_6883	Archaea;Methanobacteriota;Methanococci;Methanococcales;Methanococcaceae;Methanococcus;Methanococcus maripaludis
k141_24459	Bacteria;Chlorobiota;Chlorobiia;Chlorobiales;Chlorobiaceae;Chlorobaculum;Chlorobaculum tepidum
k141_28766	
k141_39678	Bacteria;Chlorobiota;Chlorobiia;Chlorobiales;Chlorobiaceae
k141_20815	Bacteria;Pseudomonadota;Gammaproteobacteria;Alteromonadales;Shewanellaceae;Shewanella
k141_10732	Bacteria;Pseudomonadota;Gammaproteobacteria;Pseudomonadales;Pseudomonadaceae;Pseudomonas
k141_13799	Bacteria;Pseudomonadota;Gammaproteobacteria;Pseudomonadales;Pseudomonadaceae;Pseudomonas
k141_24461	Bacteria;Pseudomonadota;Gammaproteobacteria;Pseudomonadales;Pseudomonadaceae;Pseudomonas
k141_6887	Bacteria;Pseudomonadota;Gammaproteobacteria;Pseudomonadales;Pseudomonadaceae;Pseudomonas
k141_50783	Bacteria;Aquificota;Aquificia;Aquificales;Aquificaceae;Hydrogenobaculum;Hydrogenobaculum sp. Y04AAS1
k141_17428	Bacteria;Bacteroidota;Bacteroidia;Bacteroidales;Porphyromonadaceae;Porphyromonas;Porphyromonas gingivalis
k141_50784	Bacteria;Pseudomonadota;Gammaproteobacteria;Pseudomonadales;Pseudomonadaceae;Pseudomonas
k141_28773	Bacteria;Pseudomonadota;Gammaproteobacteria;Alteromonadales;Shewanellaceae;Shewanella
k141_6888	Bacteria;Chlorobiota;Chlorobiia;Chlorobiales;Chlorobiaceae;Chlorobaculum;Chlorobaculum tepidum
k141_50785	Bacteria;Chloroflexota;Chloroflexia;Chloroflexales;Chloroflexaceae;Chloroflexus;Chloroflexus aurantiacus
k141_28774	Bacteria;Thermodesulfobacteriota;Desulfovibrionia;Desulfovibrionales;Desulfovibrionaceae;Desulfovibrio;Desulfovibrio piger
k141_39687	Bacteria;Chloroflexota;Chloroflexia;Chloroflexales;Chloroflexaceae;Chloroflexus;Chloroflexus aurantiacus
k141_20825	Bacteria;Pseudomonadota;Gammaproteobacteria;Pseudomonadales;Pseudomonadaceae;Pseudomonas
k141_24470	Archaea;Thermoproteota;Thermoprotei;Thermoproteales;Thermoproteaceae;Pyrobaculum;Pyrobaculum calidifontis
k141_10748	Bacteria
k141_13808	Bacteria;Pseudomonadota;Gammaproteobacteria;Alteromonadales;Shewanellaceae;Shewanella;Shewanella baltica
k141_57264	Bacteria;Thermotogota;Thermotogae;Thermotogales;Thermotogaceae;Thermotoga
k141_53805	Bacteria;Bacillota
k141_10752	Bacteria;Pseudomonadota;Gammaproteobacteria;Alteromonadales;Shewanellaceae;Shewanella
k141_28781	Bacteria;Pseudomonadota;Gammaproteobacteria;Pseudomonadales;Pseudomonadaceae;Pseudomonas
k141_13810	Bacteria;Verrucomicrobiota;Verrucomicrobiia;Verrucomicrobiales;Akkermansiaceae;Akkermansia
k141_20832	
k141_57265	Bacteria;Thermodesulfobacteriota;Desulfobulbia;Desulfobulbales;Desulfobulbaceae;Desulfobulbus;Desulfobulbus oralis
k141_39694	
k141_17448	Bacteria;Bacteroidota;Bacteroidia;Bacteroidales;Bacteroidaceae;Phocaeicola
k141_50790	Bacteria;Chlorobiota;Chlorobiia;Chlorobiales;Chlorobiaceae;Chlorobaculum
k141_17449	Bacteria;Pseudomonadota;Gammaproteobacteria;Pseudomonadales;Pseudomonadaceae;Pseudomonas
k141_43300	Bacteria;Chlorobiota;Chlorobiia;Chlorobiales;Chlorobiaceae;Chlorobium;Chlorobium limicola
k141_57268	Bacteria;Chlorobiota;Chlorobiia;Chlorobiales;Chlorobiaceae;Chlorobium;Chlorobium phaeobacteroides
k141_31731	Bacteria;Pseudomonadota;Gammaproteobacteria;Alteromonadales;Shewanellaceae;Shewanella
k141_28787	Bacteria;Chlorobiota;Chlorobiia;Chlorobiales;Chlorobiaceae;Chlorobium;Chlorobium phaeobacteroides
k141_24474	Bacteria;Pseudomonadota;Gammaproteobacteria;Alteromonadales;Shewanellaceae;Shewanella
k141_39699	Bacteria;Pseudomonadota;Betaproteobacteria;Burkholderiales;Burkholderiaceae;Paraburkholderia
k141_17451	Bacteria;Pseudomonadota;Gammaproteobacteria;Alteromonadales;Shewanellaceae;Shewanella
k141_20836	Bacteria;Chlorobiota;Chlorobiia;Chlorobiales;Chlorobiaceae;Chlorobium;Chlorobium phaeobacteroides
k141_50793	Bacteria;Cyanobacteriota;Cyanophyceae;Nostocales;Nostocaceae
k141_57272	
k141_10758	Bacteria;Aquificota;Aquificia;Aquificales;Aquificaceae;Hydrogenobaculum;Hydrogenobaculum sp. Y04AAS1
k141_43301	Bacteria;Aquificota;Aquificia;Aquificales;Aquificaceae;Hydrogenobaculum
k141_3163	
k141_20838	Bacteria;Pseudomonadota;Gammaproteobacteria;Pseudomonadales;Pseudomonadaceae;Pseudomonas
k141_39703	Bacteria;Pseudomonadota;Gammaproteobacteria;Pseudomonadales;Pseudomonadaceae;Pseudomonas
k141_6897	Bacteria;Pseudomonadota;Gammaproteobacteria;Alteromonadales;Shewanellaceae;Shewanella
k141_24476	Archaea;Methanobacteriota;Halobacteria;Halobacteriales;Halobacteriaceae;Halobacterium
k141_13824	Bacteria;Pseudomonadota;Gammaproteobacteria;Alteromonadales;Shewanellaceae;Shewanella
k141_50800	Bacteria;Pseudomonadota;Gammaproteobacteria;Pseudomonadales;Pseudomonadaceae;Pseudomonas
k141_10764	Bacteria;Pseudomonadota;Gammaproteobacteria;Pseudomonadales;Pseudomonadaceae;Pseudomonas
k141_3169	Bacteria;Pseudomonadota;Gammaproteobacteria;Pseudomonadales;Pseudomonadaceae;Pseudomonas
k141_6898	Archaea;Thermoproteota;Thermoprotei;Desulfurococcales;Desulfurococcaceae;Ignicoccus;Ignicoccus hospitalis
k141_24477	Bacteria;Chloroflexota;Chloroflexia;Chloroflexales;Chloroflexaceae;Chloroflexus;Chloroflexus aurantiacus
k141_39707	Bacteria;Pseudomonadota;Gammaproteobacteria;Pseudomonadales;Pseudomonadaceae;Pseudomonas
k141_13829	Bacteria;Bacteroidota;Bacteroidia;Bacteroidales;Bacteroidaceae
k141_50806	Bacteria;Pseudomonadota;Gammaproteobacteria;Pseudomonadales;Pseudomonadaceae;Pseudomonas
k141_24480	Bacteria;Pseudomonadota;Gammaproteobacteria;Alteromonadales;Shewanellaceae;Shewanella;Shewanella baltica
k141_43307	Bacteria;Fusobacteriota;Fusobacteriia;Fusobacteriales;Fusobacteriaceae;Fusobacterium
k141_6900	Bacteria;Planctomycetota;Planctomycetia;Pirellulales;Pirellulaceae;Rhodopirellula;Rhodopirellula baltica
k141_3171	Bacteria;Pseudomonadota;Gammaproteobacteria;Pseudomonadales;Pseudomonadaceae;Pseudomonas
k141_53832	Archaea;Thermoproteota;Thermoprotei;Desulfurococcales;Desulfurococcaceae;Ignicoccus;Ignicoccus islandicus
k141_6902	Bacteria;Pseudomonadota;Gammaproteobacteria;Pseudomonadales;Pseudomonadaceae;Pseudomonas
k141_43311	Bacteria;Cyanobacteriota;Cyanophyceae;Nostocales;Nostocaceae
k141_3174	Bacteria;Chlorobiota;Chlorobiia;Chlorobiales;Chlorobiaceae;Chlorobium;Chlorobium phaeobacteroides
k141_20863	Bacteria;Pseudomonadota;Gammaproteobacteria;Pseudomonadales;Pseudomonadaceae;Pseudomonas
k141_24489	
k141_13835	Bacteria;Pseudomonadota;Gammaproteobacteria;Alteromonadales;Shewanellaceae;Shewanella
k141_53839	Bacteria;Chloroflexota;Chloroflexia;Chloroflexales;Chloroflexaceae;Chloroflexus;Chloroflexus aurantiacus
k141_28789	
k141_6908	Bacteria;Chlorobiota;Chlorobiia;Chlorobiales;Chlorobiaceae;Chlorobaculum;Chlorobaculum tepidum
k141_3178	
k141_24490	Bacteria;Pseudomonadota;Gammaproteobacteria;Alteromonadales;Shewanellaceae;Shewanella;Shewanella baltica
k141_13836	Bacteria;Pseudomonadota;Gammaproteobacteria;Pseudomonadales;Pseudomonadaceae;Pseudomonas
k141_50809	Bacteria;Planctomycetota;Planctomycetia;Pirellulales;Pirellulaceae;Rhodopirellula;Rhodopirellula baltica
k141_20868	Bacteria;Chloroflexota;Chloroflexia;Chloroflexales;Chloroflexaceae;Chloroflexus;Chloroflexus aurantiacus
k141_31736	Archaea;Methanobacteriota;Halobacteria;Halobacteriales;Halobacteriaceae;Halobacterium
k141_24493	Bacteria;Chlorobiota;Chlorobiia;Chlorobiales;Chlorobiaceae
k141_53845	Bacteria;Pseudomonadota;Betaproteobacteria;Nitrosomonadales;Nitrosomonadaceae;Nitrosomonas
k141_24501	Archaea;Methanobacteriota;Methanococci;Methanococcales;Methanococcaceae;Methanococcus;Methanococcus maripaludis
k141_28805	Bacteria;Fusobacteriota;Fusobacteriia;Fusobacteriales;Fusobacteriaceae;Fusobacterium
k141_20874	Archaea;Methanobacteriota;Halobacteria;Halobacteriales;Halobacteriaceae;Halobacterium
k141_6927	Bacteria;Planctomycetota;Planctomycetia;Pirellulales;Pirellulaceae;Rhodopirellula;Rhodopirellula baltica
k141_24504	Archaea;Thermoproteota;Thermoprotei;Thermoproteales;Thermoproteaceae;Pyrobaculum;Pyrobaculum calidifontis
k141_53851	Bacteria;Cyanobacteriota;Cyanophyceae;Nostocales;Nostocaceae
k141_28806	Bacteria;Pseudomonadota;Gammaproteobacteria;Pseudomonadales;Pseudomonadaceae;Pseudomonas
k141_39726	Archaea;Methanobacteriota;Halobacteria;Halobacteriales;Halobacteriaceae;Halobacterium
k141_13839	Bacteria;Bacteroidota;Bacteroidia;Bacteroidales;Porphyromonadaceae;Porphyromonas;Porphyromonas gingivalis
k141_20878	Bacteria;Verrucomicrobiota;Verrucomicrobiia;Verrucomicrobiales;Akkermansiaceae;Akkermansia;Akkermansia muciniphila
k141_57273	
k141_10768	Bacteria;Chlorobiota;Chlorobiia;Chlorobiales;Chlorobiaceae;Chlorobium;Chlorobium phaeovibrioides
k141_28810	Bacteria
k141_39731	Archaea;Methanobacteriota;Halobacteria;Halobacteriales;Halobacteriaceae;Halobacterium
k141_20881	Bacteria;Pseudomonadota;Gammaproteobacteria;Pseudomonadales;Pseudomonadaceae;Pseudomonas
k141_53854	Bacteria;Planctomycetota;Planctomycetia;Pirellulales;Pirellulaceae;Rhodopirellula;Rhodopirellula baltica
k141_28812	Bacteria;Pseudomonadota;Gammaproteobacteria;Alteromonadales;Shewanellaceae;Shewanella;Shewanella baltica
k141_24510	Archaea;Thermoproteota;Thermoprotei;Thermoproteales;Thermoproteaceae;Pyrobaculum;Pyrobaculum calidifontis
k141_39733	Bacteria;Pseudomonadota;Gammaproteobacteria;Pseudomonadales;Pseudomonadaceae;Pseudomonas
k141_6939	Bacteria;Chlorobiota;Chlorobiia;Chlorobiales;Chlorobiaceae;Chlorobaculum;Chlorobaculum tepidum
k141_13843	Bacteria;Pseudomonadota;Gammaproteobacteria;Alteromonadales;Shewanellaceae;Shewanella
k141_53859	Bacteria;Planctomycetota;Planctomycetia;Pirellulales;Pirellulaceae;Rhodopirellula;Rhodopirellula baltica
k141_10782	Bacteria;Chlorobiota;Chlorobiia;Chlorobiales;Chlorobiaceae;Chlorobium;Chlorobium phaeobacteroides
k141_57285	Bacteria;Verrucomicrobiota;Verrucomicrobiia;Verrucomicrobiales;Akkermansiaceae;Akkermansia;Akkermansia muciniphila
k141_20891	Bacteria;Chlorobiota;Chlorobiia;Chlorobiales;Chlorobiaceae;Chlorobium;Chlorobium phaeobacteroides
k141_24519	
k141_57286	
k141_13850	Bacteria;Cyanobacteriota;Cyanophyceae;Nostocales;Nostocaceae
k141_28820	Archaea;Methanobacteriota;Methanococci;Methanococcales;Methanococcaceae;Methanococcus;Methanococcus maripaludis
k141_20894	
k141_39743	Archaea;Methanobacteriota;Halobacteria;Halobacteriales;Halobacteriaceae;Halobacterium;Halobacterium salinarum
k141_28821	Bacteria;Pseudomonadota;Gammaproteobacteria;Pseudomonadales;Pseudomonadaceae;Pseudomonas
k141_46712	
k141_39746	Archaea;Thermoproteota;Thermoprotei;Desulfurococcales;Desulfurococcaceae;Ignicoccus;Ignicoccus islandicus
k141_28823	Bacteria;Pseudomonadota;Gammaproteobacteria;Pseudomonadales;Pseudomonadaceae;Pseudomonas
k141_43315	Bacteria;Thermodesulfobacteriota;Desulfobulbia;Desulfobulbales;Desulfobulbaceae;Desulfobulbus;Desulfobulbus oralis
k141_24528	Bacteria;Pseudomonadota;Gammaproteobacteria;Pseudomonadales;Pseudomonadaceae;Pseudomonas
k141_53873	Bacteria;Planctomycetota;Planctomycetia;Pirellulales;Pirellulaceae;Rhodopirellula;Rhodopirellula baltica
k141_39749	
k141_28829	Bacteria;Chlorobiota;Chlorobiia;Chlorobiales;Chlorobiaceae;Chlorobaculum;Chlorobaculum tepidum
k141_57290	Bacteria;Fusobacteriota;Fusobacteriia;Fusobacteriales;Fusobacteriaceae;Fusobacterium
k141_43317	Bacteria;Planctomycetota;Planctomycetia;Pirellulales;Pirellulaceae;Rhodopirellula;Rhodopirellula baltica
k141_39753	Bacteria
k141_28835	Bacteria;Chloroflexota;Chloroflexia;Chloroflexales;Chloroflexaceae;Chloroflexus;Chloroflexus aurantiacus
k141_43323	Bacteria
k141_53883	Bacteria;Cyanobacteriota;Cyanophyceae;Nostocales;Nostocaceae
k141_3193	Archaea;Methanobacteriota;Methanococci;Methanococcales;Methanocaldococcaceae;Methanocaldococcus
k141_46714	Bacteria;Planctomycetota;Planctomycetia;Pirellulales;Pirellulaceae;Rhodopirellula;Rhodopirellula baltica
k141_31746	Bacteria;Chlorobiota;Chlorobiia;Chlorobiales;Chlorobiaceae;Chlorobium;Chlorobium limicola
k141_20897	Bacteria;Chlorobiota;Chlorobiia;Chlorobiales;Chlorobiaceae;Chlorobium;Chlorobium limicola
k141_39760	Archaea;Thermoproteota;Thermoprotei;Desulfurococcales;Desulfurococcaceae;Ignicoccus;Ignicoccus hospitalis
k141_20898	Bacteria;Spirochaetota;Spirochaetia;Treponematales;Treponemataceae;Treponema
k141_46721	Bacteria;Pseudomonadota;Gammaproteobacteria;Pseudomonadales;Pseudomonadaceae;Pseudomonas
k141_43334	Bacteria;Chlorobiota;Chlorobiia;Chlorobiales;Chlorobiaceae;Chlorobium;Chlorobium phaeobacteroides
k141_46722	Bacteria;Spirochaetota;Spirochaetia;Treponematales;Treponemataceae;Treponema
k141_39766	Bacteria;Pseudomonadota;Gammaproteobacteria;Alteromonadales;Shewanellaceae;Shewanella
k141_3210	Bacteria;Pseudomonadota;Gammaproteobacteria;Alteromonadales;Shewanellaceae;Shewanella
k141_46723	Bacteria;Chlorobiota;Chlorobiia;Chlorobiales;Chlorobiaceae;Chlorobium;Chlorobium phaeobacteroides
k141_13867	
k141_39769	Bacteria;Planctomycetota;Planctomycetia;Pirellulales;Pirellulaceae;Rhodopirellula;Rhodopirellula baltica
k141_28838	Bacteria;Pseudomonadota;Gammaproteobacteria;Alteromonadales;Shewanellaceae;Shewanella
k141_3215	Bacteria;Cyanobacteriota;Cyanophyceae;Nostocales;Nostocaceae
k141_43342	Archaea;Methanobacteriota;Halobacteria;Halobacteriales;Halobacteriaceae;Halobacterium
k141_24531	Bacteria;Bacillota;Clostridia;Thermoanaerobacterales;Thermoanaerobacteraceae;Thermoanaerobacter
k141_13870	
k141_53887	Archaea;Methanobacteriota;Methanobacteria;Methanobacteriales;Methanothermaceae;Methanothermus;Methanothermus sociabilis
k141_24535	Bacteria;Pseudomonadota;Gammaproteobacteria;Pseudomonadales;Pseudomonadaceae;Pseudomonas
k141_28847	Bacteria;Pseudomonadota;Gammaproteobacteria;Pseudomonadales;Pseudomonadaceae;Pseudomonas
k141_13873	Bacteria;Pseudomonadota;Gammaproteobacteria;Pseudomonadales;Pseudomonadaceae;Pseudomonas
k141_20900	Bacteria;Pseudomonadota;Gammaproteobacteria;Alteromonadales;Shewanellaceae;Shewanella
k141_3224	Archaea;Methanobacteriota;Methanococci;Methanococcales;Methanococcaceae;Methanococcus;Methanococcus maripaludis
k141_53890	Archaea;Methanobacteriota;Halobacteria;Halobacteriales;Halobacteriaceae;Halobacterium
k141_24538	Bacteria;Verrucomicrobiota;Verrucomicrobiia;Verrucomicrobiales;Akkermansiaceae;Akkermansia;Akkermansia muciniphila
k141_43354	Bacteria;Pseudomonadota;Gammaproteobacteria;Pseudomonadales;Pseudomonadaceae;Pseudomonas
k141_13874	Bacteria;Aquificota;Aquificia;Aquificales;Aquificaceae;Hydrogenobaculum
k141_39777	Bacteria;Bacteroidota;Bacteroidia;Bacteroidales;Porphyromonadaceae;Porphyromonas;Porphyromonas gingivalis
k141_28851	Bacteria;Chlorobiota;Chlorobiia;Chlorobiales;Chlorobiaceae;Chlorobium
k141_3226	Bacteria;Pseudomonadota;Gammaproteobacteria;Alteromonadales;Shewanellaceae;Shewanella
k141_43355	Archaea;Methanobacteriota;Methanococci;Methanococcales;Methanococcaceae;Methanococcus;Methanococcus maripaludis
k141_53895	Bacteria;Bacteroidota;Bacteroidia;Bacteroidales;Bacteroidaceae;Phocaeicola
k141_24543	
k141_46744	Bacteria;Pseudomonadota
k141_20910	Bacteria;Verrucomicrobiota;Verrucomicrobiia;Verrucomicrobiales;Akkermansiaceae;Akkermansia;Akkermansia muciniphila
k141_28855	Bacteria;Chlorobiota;Chlorobiia;Chlorobiales;Chlorobiaceae;Chlorobium;Chlorobium phaeobacteroides
k141_53898	Bacteria;Chlorobiota;Chlorobiia;Chlorobiales;Chlorobiaceae;Chlorobium;Chlorobium phaeobacteroides
k141_43359	Archaea;Thermoproteota;Thermoprotei;Desulfurococcales;Desulfurococcaceae;Ignicoccus;Ignicoccus islandicus
k141_31750	Bacteria;Thermodesulfobacteriota;Desulfobulbia;Desulfobulbales;Desulfobulbaceae;Desulfobulbus;Desulfobulbus oralis
k141_3228	
k141_39786	Bacteria;Pseudomonadota;Gammaproteobacteria;Pseudomonadales;Pseudomonadaceae
k141_53900	Archaea;Methanobacteriota;Methanococci;Methanococcales;Methanococcaceae;Methanococcus;Methanococcus maripaludis
k141_13887	Bacteria;Chlorobiota;Chlorobiia;Chlorobiales;Chlorobiaceae;Chlorobium
k141_20911	Bacteria;Pseudomonadota;Gammaproteobacteria;Pseudomonadales;Pseudomonadaceae;Pseudomonas
k141_31752	Bacteria;Chlorobiota;Chlorobiia;Chlorobiales;Chlorobiaceae;Chlorobaculum;Chlorobaculum tepidum
k141_39791	Bacteria;Pseudomonadota;Gammaproteobacteria;Pseudomonadales;Pseudomonadaceae;Pseudomonas
k141_24554	Bacteria;Pseudomonadota;Gammaproteobacteria;Pseudomonadales;Pseudomonadaceae;Pseudomonas
k141_3233	Bacteria;Planctomycetota;Planctomycetia;Pirellulales;Pirellulaceae;Rhodopirellula;Rhodopirellula baltica
k141_13888	Archaea;Thermoproteota;Thermoprotei;Desulfurococcales;Desulfurococcaceae;Ignicoccus;Ignicoccus hospitalis
k141_17458	Bacteria;Bacillota;Clostridia;Thermoanaerobacterales;Thermoanaerobacteraceae;Thermoanaerobacter
k141_28870	Bacteria;Verrucomicrobiota;Verrucomicrobiia;Verrucomicrobiales;Akkermansiaceae;Akkermansia;Akkermansia muciniphila
k141_24557	Bacteria;Pseudomonadota;Gammaproteobacteria;Alteromonadales;Shewanellaceae;Shewanella
k141_31760	Bacteria;Pseudomonadota;Gammaproteobacteria;Alteromonadales;Shewanellaceae;Shewanella
k141_20922	Bacteria;Pseudomonadota;Gammaproteobacteria;Pseudomonadales;Pseudomonadaceae;Pseudomonas
k141_39800	Bacteria;Verrucomicrobiota;Verrucomicrobiia;Verrucomicrobiales;Akkermansiaceae;Akkermansia
k141_53904	
k141_13895	Bacteria;Cyanobacteriota;Cyanophyceae;Nostocales;Nostocaceae
k141_6940	Bacteria;Bacillota
k141_3239	Bacteria;Chlorobiota;Chlorobiia;Chlorobiales;Chlorobiaceae;Chlorobaculum;Chlorobaculum tepidum
k141_28876	Bacteria;Cyanobacteriota;Cyanophyceae;Nostocales;Nostocaceae
k141_20926	Bacteria;Pseudomonadota;Gammaproteobacteria;Alteromonadales;Shewanellaceae;Shewanella
k141_3242	Bacteria;Pseudomonadota;Gammaproteobacteria;Alteromonadales;Shewanellaceae;Shewanella
k141_13899	Bacteria;Pseudomonadota;Gammaproteobacteria;Pseudomonadales;Pseudomonadaceae;Pseudomonas
k141_43363	Bacteria;Planctomycetota;Planctomycetia;Pirellulales;Pirellulaceae;Rhodopirellula;Rhodopirellula baltica
k141_3247	Bacteria;Planctomycetota;Planctomycetia;Pirellulales;Pirellulaceae;Rhodopirellula
k141_39810	Bacteria;Pseudomonadota;Gammaproteobacteria;Pseudomonadales;Pseudomonadaceae;Pseudomonas
k141_17473	Bacteria;Chlorobiota;Chlorobiia;Chlorobiales;Chlorobiaceae;Chlorobaculum;Chlorobaculum tepidum
k141_43364	Bacteria;Pseudomonadota;Betaproteobacteria;Burkholderiales;Burkholderiaceae
k141_39812	Bacteria;Pseudomonadota;Gammaproteobacteria;Pseudomonadales;Pseudomonadaceae;Pseudomonas
k141_6959	Bacteria;Cyanobacteriota;Cyanophyceae;Nostocales;Nostocaceae
k141_17477	Bacteria;Pseudomonadota;Gammaproteobacteria;Pseudomonadales;Pseudomonadaceae
k141_6961	Bacteria;Pseudomonadota;Gammaproteobacteria;Pseudomonadales;Pseudomonadaceae;Pseudomonas
k141_3254	Bacteria;Pseudomonadota;Betaproteobacteria;Burkholderiales;Burkholderiaceae;Paraburkholderia;Paraburkholderia xenovorans
k141_31793	Bacteria;Pseudomonadota;Gammaproteobacteria;Pseudomonadales;Pseudomonadaceae;Pseudomonas
k141_13916	Bacteria;Pseudomonadota;Gammaproteobacteria;Pseudomonadales;Pseudomonadaceae;Pseudomonas
k141_3257	Bacteria;Aquificota;Aquificia;Aquificales;Aquificaceae;Hydrogenobaculum
k141_28895	Bacteria;Planctomycetota;Planctomycetia;Pirellulales;Pirellulaceae;Rhodopirellula;Rhodopirellula baltica
k141_20931	Bacteria;Planctomycetota;Planctomycetia;Pirellulales;Pirellulaceae;Rhodopirellula;Rhodopirellula baltica
k141_6968	Bacteria;Pseudomonadota;Gammaproteobacteria;Pseudomonadales;Pseudomonadaceae;Pseudomonas
k141_13920	Bacteria;Thermodesulfobacteriota;Desulfovibrionia;Desulfovibrionales;Desulfovibrionaceae;Desulfovibrio
k141_20934	Archaea;Thermoproteota;Thermoprotei;Desulfurococcales;Desulfurococcaceae;Ignicoccus;Ignicoccus hospitalis
k141_28899	
k141_6970	
k141_24571	Bacteria;Fusobacteriota;Fusobacteriia;Fusobacteriales;Fusobacteriaceae;Fusobacterium
k141_57292	
k141_3266	Bacteria;Pseudomonadota;Gammaproteobacteria;Pseudomonadales;Pseudomonadaceae;Pseudomonas
k141_13922	Bacteria;Pseudomonadota;Gammaproteobacteria;Alteromonadales;Shewanellaceae;Shewanella
k141_39828	Bacteria;Pseudomonadota;Gammaproteobacteria;Alteromonadales;Shewanellaceae;Shewanella
k141_24574	Bacteria;Pseudomonadota;Gammaproteobacteria;Pseudomonadales;Pseudomonadaceae;Pseudomonas
k141_57295	Bacteria;Pseudomonadota;Gammaproteobacteria;Alteromonadales;Shewanellaceae;Shewanella
k141_6977	Bacteria;Cyanobacteriota;Cyanophyceae;Nostocales;Nostocaceae
k141_13928	Bacteria;Pseudomonadota;Gammaproteobacteria;Pseudomonadales;Pseudomonadaceae;Pseudomonas
k141_28910	Bacteria;Chlorobiota;Chlorobiia;Chlorobiales;Chlorobiaceae;Chlorobium;Chlorobium phaeobacteroides
k141_3271	Bacteria;Pseudomonadota;Gammaproteobacteria;Alteromonadales;Shewanellaceae;Shewanella
k141_6980	Bacteria;Chloroflexota;Chloroflexia;Chloroflexales;Chloroflexaceae;Chloroflexus;Chloroflexus aurantiacus
k141_57298	Archaea;Methanobacteriota;Methanococci;Methanococcales;Methanococcaceae;Methanococcus
k141_28913	Bacteria;Pseudomonadota;Gammaproteobacteria;Pseudomonadales;Pseudomonadaceae;Pseudomonas
k141_20936	Bacteria;Planctomycetota;Planctomycetia;Pirellulales;Pirellulaceae;Rhodopirellula;Rhodopirellula baltica
k141_46752	Bacteria;Planctomycetota;Planctomycetia;Pirellulales;Pirellulaceae;Rhodopirellula;Rhodopirellula baltica
k141_28915	Bacteria;Planctomycetota;Planctomycetia;Pirellulales;Pirellulaceae;Rhodopirellula;Rhodopirellula baltica
k141_13937	Bacteria;Chlorobiota;Chlorobiia;Chlorobiales;Chlorobiaceae;Chlorobaculum;Chlorobaculum tepidum
k141_24581	Archaea;Methanobacteriota;Methanococci;Methanococcales;Methanococcaceae;Methanococcus;Methanococcus maripaludis
k141_39830	Bacteria;Pseudomonadota;Gammaproteobacteria;Alteromonadales;Shewanellaceae;Shewanella
k141_24582	
k141_10799	Bacteria;Gemmatimonadota;Gemmatimonadia;Gemmatimonadales;Gemmatimonadaceae;Gemmatimonas;Gemmatimonas aurantiaca
k141_3275	
k141_39834	Bacteria;Pseudomonadota;Gammaproteobacteria;Pseudomonadales;Pseudomonadaceae;Pseudomonas
k141_20947	Bacteria;Pseudomonadota;Gammaproteobacteria;Pseudomonadales;Pseudomonadaceae;Pseudomonas
k141_10802	Archaea;Methanobacteriota;Methanopyri;Methanopyrales;Methanopyraceae;Methanopyrus;Methanopyrus kandleri
k141_24584	Bacteria;Pseudomonadota;Betaproteobacteria;Burkholderiales;Burkholderiaceae;Paraburkholderia;Paraburkholderia xenovorans
k141_13938	Bacteria;Planctomycetota;Planctomycetia;Pirellulales;Pirellulaceae;Rhodopirellula;Rhodopirellula baltica
k141_3280	Bacteria;Pseudomonadota;Gammaproteobacteria;Pseudomonadales;Pseudomonadaceae;Pseudomonas
k141_39835	Bacteria;Pseudomonadota;Gammaproteobacteria;Alteromonadales;Shewanellaceae;Shewanella
k141_10805	Bacteria;Cyanobacteriota;Cyanophyceae;Nostocales
k141_57302	Bacteria;Thermotogota;Thermotogae;Thermotogales;Thermotogaceae;Thermotoga
k141_43368	Archaea;Methanobacteriota;Halobacteria;Halobacteriales;Halobacteriaceae;Halobacterium
k141_24588	Bacteria;Pseudomonadota;Gammaproteobacteria;Alteromonadales;Shewanellaceae;Shewanella;Shewanella baltica
k141_57303	
k141_6984	Bacteria;Fusobacteriota;Fusobacteriia;Fusobacteriales;Fusobacteriaceae;Fusobacterium
k141_46769	Archaea;Thermoproteota;Thermoprotei;Desulfurococcales;Desulfurococcaceae;Ignicoccus;Ignicoccus islandicus
k141_31794	Bacteria;Pseudomonadota;Betaproteobacteria;Nitrosomonadales;Nitrosomonadaceae;Nitrosomonas
k141_43371	Archaea;Thermoproteota;Thermoprotei;Desulfurococcales;Desulfurococcaceae;Ignicoccus;Ignicoccus islandicus
k141_13944	Bacteria;Pseudomonadota;Gammaproteobacteria;Pseudomonadales;Pseudomonadaceae;Pseudomonas
k141_57305	Bacteria;Pseudomonadota;Gammaproteobacteria;Pseudomonadales;Pseudomonadaceae;Pseudomonas
k141_20957	Bacteria;Aquificota;Aquificia;Aquificales;Aquificaceae;Hydrogenobaculum
k141_46771	Bacteria;Pseudomonadota;Gammaproteobacteria;Pseudomonadales;Pseudomonadaceae;Pseudomonas
k141_39840	Archaea;Methanobacteriota;Methanococci;Methanococcales;Methanococcaceae;Methanococcus
k141_6988	Bacteria;Pseudomonadota;Gammaproteobacteria;Alteromonadales;Shewanellaceae;Shewanella
k141_3282	Bacteria;Chlorobiota;Chlorobiia;Chlorobiales;Chlorobiaceae;Chlorobium;Chlorobium limicola
k141_13948	Bacteria;Pseudomonadota;Gammaproteobacteria;Pseudomonadales;Pseudomonadaceae;Pseudomonas
k141_43377	Bacteria;Pseudomonadota;Gammaproteobacteria;Alteromonadales;Shewanellaceae;Shewanella
k141_3285	Bacteria;Bacteroidota;Bacteroidia;Bacteroidales;Bacteroidaceae;Phocaeicola;Phocaeicola vulgatus
k141_46776	Archaea;Thermoproteota;Thermoprotei;Thermoproteales;Thermoproteaceae;Pyrobaculum;Pyrobaculum calidifontis
k141_31801	Bacteria;Pseudomonadota;Gammaproteobacteria;Alteromonadales;Shewanellaceae;Shewanella
k141_13949	Bacteria;Thermotogota;Thermotogae;Thermotogales;Thermotogaceae;Thermotoga
k141_57310	Bacteria;Pseudomonadota;Gammaproteobacteria;Alteromonadales;Shewanellaceae;Shewanella
k141_20964	
k141_3287	Bacteria;Pseudomonadota;Gammaproteobacteria;Pseudomonadales;Pseudomonadaceae;Pseudomonas
k141_6997	Bacteria;Pseudomonadota;Gammaproteobacteria;Alteromonadales;Shewanellaceae;Shewanella
k141_13950	Bacteria;Cyanobacteriota;Cyanophyceae;Nostocales;Nostocaceae
k141_39843	Bacteria;Planctomycetota;Planctomycetia;Pirellulales;Pirellulaceae;Rhodopirellula;Rhodopirellula baltica
k141_43385	
k141_6998	Bacteria;Chloroflexota;Chloroflexia;Chloroflexales;Chloroflexaceae;Chloroflexus;Chloroflexus aurantiacus
k141_46781	Archaea;Methanobacteriota;Methanopyri;Methanopyrales;Methanopyraceae;Methanopyrus;Methanopyrus kandleri
k141_57316	Bacteria;Campylobacterota;Epsilonproteobacteria;Campylobacterales;Helicobacteraceae;Wolinella;Wolinella succinogenes
k141_31811	Bacteria;Bacteroidota;Bacteroidia;Bacteroidales;Porphyromonadaceae;Porphyromonas;Porphyromonas gingivalis
k141_57318	Archaea;Methanobacteriota;Archaeoglobi;Archaeoglobales;Archaeoglobaceae;Archaeoglobus;Archaeoglobus fulgidus
k141_13955	Archaea;Methanobacteriota;Methanococci;Methanococcales;Methanococcaceae;Methanococcus;Methanococcus maripaludis
k141_31814	Bacteria;Pseudomonadota;Gammaproteobacteria;Pseudomonadales;Pseudomonadaceae;Pseudomonas
k141_13956	Bacteria;Verrucomicrobiota;Verrucomicrobiia;Verrucomicrobiales;Akkermansiaceae;Akkermansia;Akkermansia muciniphila
k141_3297	Archaea;Methanobacteriota;Halobacteria;Halobacteriales;Halobacteriaceae;Halobacterium
k141_43386	Bacteria;Pseudomonadota;Gammaproteobacteria;Alteromonadales;Shewanellaceae;Shewanella
k141_39855	Archaea;Thermoproteota;Thermoprotei;Desulfurococcales;Desulfurococcaceae;Ignicoccus;Ignicoccus islandicus
k141_57321	Bacteria;Aquificota;Aquificia;Aquificales;Aquificaceae;Hydrogenobaculum
k141_13961	Bacteria;Pseudomonadota;Gammaproteobacteria;Pseudomonadales;Pseudomonadaceae;Pseudomonas
k141_31820	Archaea;Methanobacteriota;Methanopyri;Methanopyrales;Methanopyraceae;Methanopyrus;Methanopyrus kandleri
k141_43388	Bacteria;Chloroflexota;Chloroflexia;Chloroflexales;Chloroflexaceae;Chloroflexus;Chloroflexus aurantiacus
k141_57329	
k141_43392	Bacteria;Planctomycetota;Planctomycetia;Pirellulales;Pirellulaceae;Rhodopirellula;Rhodopirellula baltica
k141_39873	Bacteria;Pseudomonadota;Gammaproteobacteria;Pseudomonadales;Pseudomonadaceae;Pseudomonas
k141_24594	Bacteria;Fusobacteriota;Fusobacteriia;Fusobacteriales;Fusobacteriaceae;Fusobacterium
k141_17485	
k141_31839	
k141_39879	Bacteria;Verrucomicrobiota;Verrucomicrobiia;Verrucomicrobiales;Akkermansiaceae;Akkermansia;Akkermansia muciniphila
k141_24598	Bacteria;Pseudomonadota;Gammaproteobacteria;Alteromonadales;Shewanellaceae;Shewanella
k141_57330	Bacteria;Bacillota;Clostridia;Thermoanaerobacterales;Thermoanaerobacteraceae;Thermoanaerobacter
k141_43396	Bacteria;Planctomycetota;Planctomycetia;Pirellulales;Pirellulaceae;Rhodopirellula;Rhodopirellula baltica
k141_31843	Bacteria;Chlorobiota;Chlorobiia;Chlorobiales;Chlorobiaceae;Chlorobaculum;Chlorobaculum tepidum
k141_39885	
k141_24600	Archaea;Methanobacteriota;Methanococci;Methanococcales;Methanococcaceae;Methanococcus;Methanococcus maripaludis
k141_17496	Bacteria;Pseudomonadota;Gammaproteobacteria;Pseudomonadales;Pseudomonadaceae;Pseudomonas
k141_43398	Bacteria;Pseudomonadota;Gammaproteobacteria;Pseudomonadales;Pseudomonadaceae;Pseudomonas
k141_24602	Bacteria;Pseudomonadota;Gammaproteobacteria;Alteromonadales;Shewanellaceae;Shewanella
k141_39893	
k141_17501	
k141_31845	
k141_24604	Bacteria;Spirochaetota;Spirochaetia;Treponematales;Treponemataceae;Treponema
k141_13996	Bacteria;Pseudomonadota;Gammaproteobacteria;Pseudomonadales;Pseudomonadaceae;Pseudomonas
k141_31847	Bacteria;Chlorobiota;Chlorobiia;Chlorobiales;Chlorobiaceae;Chlorobaculum;Chlorobaculum tepidum
k141_17502	Archaea;Methanobacteriota;Methanopyri;Methanopyrales;Methanopyraceae;Methanopyrus;Methanopyrus kandleri
k141_24606	
k141_14002	
k141_24608	Bacteria;Pseudomonadota;Gammaproteobacteria;Pseudomonadales;Pseudomonadaceae;Pseudomonas
k141_20966	Bacteria;Thermotogota;Thermotogae;Thermotogales;Thermotogaceae;Thermotoga
k141_10811	Bacteria;Planctomycetota;Planctomycetia;Pirellulales;Pirellulaceae;Rhodopirellula;Rhodopirellula baltica
k141_31851	Bacteria;Pseudomonadota;Gammaproteobacteria;Alteromonadales;Shewanellaceae;Shewanella
k141_17506	Bacteria;Planctomycetota;Planctomycetia;Pirellulales;Pirellulaceae;Rhodopirellula;Rhodopirellula baltica
k141_7012	
k141_57354	Bacteria;Pseudomonadota;Gammaproteobacteria;Alteromonadales;Shewanellaceae;Shewanella
k141_20970	Bacteria;Pseudomonadota;Gammaproteobacteria;Pseudomonadales;Pseudomonadaceae;Pseudomonas
k141_31852	Archaea;Thermoproteota;Thermoprotei;Desulfurococcales;Desulfurococcaceae;Ignicoccus;Ignicoccus hospitalis
k141_39904	Bacteria;Pseudomonadota;Gammaproteobacteria;Alteromonadales;Shewanellaceae;Shewanella
k141_57358	Bacteria;Pseudomonadota;Gammaproteobacteria;Pseudomonadales;Pseudomonadaceae;Pseudomonas
k141_31853	Archaea;Thermoproteota;Thermoprotei;Thermoproteales;Thermoproteaceae;Pyrobaculum;Pyrobaculum calidifontis
k141_17513	Bacteria;Pseudomonadota;Gammaproteobacteria;Pseudomonadales;Pseudomonadaceae;Pseudomonas
k141_10816	Bacteria;Pseudomonadota;Gammaproteobacteria;Alteromonadales;Shewanellaceae;Shewanella;Shewanella baltica
k141_20975	Bacteria;Pseudomonadota;Gammaproteobacteria;Pseudomonadales;Pseudomonadaceae;Pseudomonas
k141_7020	Bacteria;Pseudomonadota;Gammaproteobacteria;Alteromonadales;Shewanellaceae;Shewanella
k141_31857	Bacteria;Aquificota;Aquificia;Aquificales;Aquificaceae;Hydrogenobaculum
k141_17515	Archaea;Thermoproteota;Thermoprotei;Thermoproteales;Thermoproteaceae;Pyrobaculum;Pyrobaculum calidifontis
k141_14007	
k141_24612	Bacteria;Chlorobiota;Chlorobiia;Chlorobiales;Chlorobiaceae;Chlorobium;Chlorobium limicola
k141_10819	Bacteria;Planctomycetota;Planctomycetia;Pirellulales;Pirellulaceae;Rhodopirellula;Rhodopirellula baltica
k141_39920	Bacteria;Pseudomonadota;Gammaproteobacteria;Pseudomonadales;Pseudomonadaceae;Pseudomonas
k141_31860	Bacteria;Chlorobiota;Chlorobiia;Chlorobiales;Chlorobiaceae;Chlorobium;Chlorobium phaeobacteroides
k141_43425	Bacteria;Thermodesulfobacteriota;Desulfobulbia;Desulfobulbales;Desulfobulbaceae;Desulfobulbus;Desulfobulbus oralis
k141_24614	Bacteria;Aquificota;Aquificia;Aquificales;Aquificaceae;Hydrogenobaculum;Hydrogenobaculum sp. Y04AAS1
k141_20982	Bacteria;Chlorobiota;Chlorobiia;Chlorobiales;Chlorobiaceae;Chlorobaculum;Chlorobaculum tepidum
k141_39921	Bacteria;Pseudomonadota;Gammaproteobacteria;Pseudomonadales;Pseudomonadaceae;Pseudomonas
k141_10822	Bacteria;Pseudomonadota;Gammaproteobacteria;Pseudomonadales;Pseudomonadaceae;Pseudomonas
k141_43429	Bacteria;Planctomycetota;Planctomycetia;Pirellulales;Pirellulaceae;Rhodopirellula;Rhodopirellula baltica
k141_31863	Archaea;Thermoproteota;Thermoprotei;Thermoproteales;Thermoproteaceae;Pyrobaculum;Pyrobaculum calidifontis
k141_39924	Bacteria;Chlorobiota;Chlorobiia;Chlorobiales;Chlorobiaceae;Chlorobaculum;Chlorobaculum tepidum
k141_17530	Bacteria;Chlorobiota;Chlorobiia;Chlorobiales;Chlorobiaceae;Chlorobium;Chlorobium phaeobacteroides
k141_57376	Archaea;Methanobacteriota;Methanococci;Methanococcales;Methanococcaceae;Methanococcus;Methanococcus maripaludis
k141_14018	Bacteria;Pseudomonadota;Gammaproteobacteria;Pseudomonadales;Pseudomonadaceae;Pseudomonas
k141_57377	Bacteria;Cyanobacteriota;Cyanophyceae;Nostocales;Nostocaceae
k141_14019	Bacteria;Pseudomonadota;Gammaproteobacteria;Pseudomonadales;Pseudomonadaceae;Pseudomonas
k141_24621	Bacteria
k141_10825	Bacteria;Thermotogota;Thermotogae;Thermotogales;Thermotogaceae;Thermotoga
k141_17535	Archaea;Thermoproteota;Thermoprotei;Desulfurococcales;Desulfurococcaceae;Ignicoccus;Ignicoccus islandicus
k141_20986	Bacteria;Planctomycetota;Planctomycetia;Pirellulales;Pirellulaceae;Rhodopirellula;Rhodopirellula baltica
k141_57380	Bacteria;Pseudomonadota;Gammaproteobacteria;Pseudomonadales;Pseudomonadaceae;Pseudomonas
k141_7035	Bacteria;Planctomycetota;Planctomycetia;Pirellulales;Pirellulaceae;Rhodopirellula;Rhodopirellula baltica
k141_43437	
k141_31879	Bacteria;Pseudomonadota;Gammaproteobacteria;Pseudomonadales;Pseudomonadaceae;Pseudomonas
k141_10830	Bacteria;Pseudomonadota;Gammaproteobacteria;Pseudomonadales;Pseudomonadaceae;Pseudomonas
k141_57386	
k141_31884	Bacteria;Chloroflexota;Chloroflexia;Chloroflexales;Chloroflexaceae;Chloroflexus;Chloroflexus aurantiacus
k141_28921	Bacteria;Bacillota
k141_43445	Bacteria;Cyanobacteriota;Cyanophyceae;Nostocales
k141_17539	Bacteria;Bacteroidota;Bacteroidia;Bacteroidales;Porphyromonadaceae;Porphyromonas;Porphyromonas gingivalis
k141_14035	Bacteria;Pseudomonadota;Gammaproteobacteria;Alteromonadales;Shewanellaceae;Shewanella
k141_7050	Bacteria;Pseudomonadota;Gammaproteobacteria;Pseudomonadales;Pseudomonadaceae;Pseudomonas
k141_24641	Bacteria;Aquificota;Aquificia;Aquificales;Aquificaceae;Hydrogenobaculum
k141_10841	Bacteria;Pseudomonadota;Gammaproteobacteria;Alteromonadales;Shewanellaceae;Shewanella
k141_17543	
k141_31889	Bacteria;Chlorobiota;Chlorobiia;Chlorobiales;Chlorobiaceae;Chlorobium;Chlorobium phaeobacteroides
k141_20996	Bacteria;Planctomycetota;Planctomycetia;Pirellulales;Pirellulaceae;Rhodopirellula;Rhodopirellula baltica
k141_17544	Bacteria;Pseudomonadota;Gammaproteobacteria;Pseudomonadales;Pseudomonadaceae;Pseudomonas
k141_28929	
k141_43451	Bacteria;Pseudomonadota;Gammaproteobacteria;Pseudomonadales;Pseudomonadaceae;Pseudomonas
k141_7059	Bacteria;Chlorobiota;Chlorobiia;Chlorobiales;Chlorobiaceae;Chlorobaculum
k141_43452	Bacteria;Pseudomonadota;Gammaproteobacteria;Alteromonadales;Shewanellaceae;Shewanella
k141_10850	Bacteria;Bacteroidota;Bacteroidia;Bacteroidales;Bacteroidaceae;Phocaeicola
k141_57387	Archaea;Methanobacteriota;Halobacteria;Halobacteriales;Halobacteriaceae;Halobacterium
k141_43454	Archaea;Thermoproteota;Thermoprotei;Thermoproteales;Thermoproteaceae;Pyrobaculum;Pyrobaculum calidifontis
k141_3299	Bacteria;Pseudomonadota;Betaproteobacteria;Nitrosomonadales;Nitrosomonadaceae;Nitrosomonas
k141_14046	Bacteria;Chlorobiota;Chlorobiia;Chlorobiales;Chlorobiaceae
k141_17553	Bacteria;Chlorobiota;Chlorobiia;Chlorobiales;Chlorobiaceae;Chlorobaculum;Chlorobaculum tepidum
k141_7063	Archaea;Methanobacteriota;Methanococci;Methanococcales;Methanococcaceae;Methanococcus
k141_21009	Bacteria;Pseudomonadota;Gammaproteobacteria;Pseudomonadales;Pseudomonadaceae;Pseudomonas
k141_3301	Archaea;Methanobacteriota;Methanococci;Methanococcales;Methanococcaceae;Methanococcus;Methanococcus maripaludis
k141_7066	Bacteria;Pseudomonadota;Gammaproteobacteria;Pseudomonadales;Pseudomonadaceae;Pseudomonas
k141_31909	Bacteria;Cyanobacteriota;Cyanophyceae;Nostocales;Nostocaceae
k141_43460	Bacteria;Pseudomonadota;Gammaproteobacteria;Pseudomonadales;Pseudomonadaceae;Pseudomonas
k141_28943	Bacteria;Pseudomonadota;Gammaproteobacteria;Pseudomonadales;Pseudomonadaceae;Pseudomonas;Pseudomonas marginalis
k141_7067	Bacteria;Pseudomonadota;Gammaproteobacteria;Pseudomonadales;Pseudomonadaceae;Pseudomonas
k141_3302	Bacteria;Planctomycetota;Planctomycetia;Pirellulales;Pirellulaceae;Rhodopirellula;Rhodopirellula baltica
k141_43462	Bacteria;Pseudomonadota;Gammaproteobacteria;Pseudomonadales;Pseudomonadaceae;Pseudomonas
k141_21015	Bacteria
k141_17561	Bacteria;Pseudomonadota;Gammaproteobacteria;Pseudomonadales;Pseudomonadaceae;Pseudomonas
k141_14052	Bacteria;Pseudomonadota;Gammaproteobacteria;Alteromonadales;Shewanellaceae;Shewanella;Shewanella baltica
k141_31911	Bacteria;Pseudomonadota;Gammaproteobacteria;Alteromonadales;Shewanellaceae;Shewanella
k141_3303	Bacteria;Planctomycetota;Planctomycetia;Pirellulales;Pirellulaceae;Rhodopirellula
k141_28946	Bacteria;Cyanobacteriota;Cyanophyceae;Nostocales;Nostocaceae
k141_57407	Bacteria;Verrucomicrobiota;Verrucomicrobiia;Verrucomicrobiales;Akkermansiaceae;Akkermansia;Akkermansia muciniphila
k141_43469	Bacteria;Cyanobacteriota;Cyanophyceae;Nostocales;Nostocaceae
k141_28947	Bacteria;Chloroflexota;Chloroflexia;Chloroflexales;Chloroflexaceae;Chloroflexus;Chloroflexus aurantiacus
k141_7079	Archaea;Methanobacteriota;Methanococci;Methanococcales;Methanococcaceae;Methanococcus;Methanococcus maripaludis
k141_57409	Bacteria;Chlorobiota;Chlorobiia;Chlorobiales;Chlorobiaceae;Chlorobium;Chlorobium phaeobacteroides
k141_28949	Archaea;Methanobacteriota;Methanopyri;Methanopyrales;Methanopyraceae;Methanopyrus;Methanopyrus kandleri
k141_7080	Bacteria;Bacteroidota;Bacteroidia;Bacteroidales;Bacteroidaceae;Phocaeicola
k141_14058	Bacteria;Chlorobiota;Chlorobiia;Chlorobiales;Chlorobiaceae;Chlorobaculum
k141_10868	Bacteria;Pseudomonadota;Gammaproteobacteria
k141_17573	Bacteria;Pseudomonadota;Gammaproteobacteria;Pseudomonadales;Pseudomonadaceae;Pseudomonas
k141_21023	Bacteria;Planctomycetota;Planctomycetia;Pirellulales;Pirellulaceae;Rhodopirellula;Rhodopirellula baltica
k141_7081	Bacteria;Pseudomonadota;Gammaproteobacteria;Pseudomonadales;Pseudomonadaceae;Pseudomonas
k141_28952	Bacteria;Pseudomonadota;Gammaproteobacteria;Pseudomonadales;Pseudomonadaceae;Pseudomonas
k141_3309	Bacteria;Chlorobiota;Chlorobiia;Chlorobiales;Chlorobiaceae;Chlorobium;Chlorobium limicola
k141_14061	Bacteria;Pseudomonadota;Gammaproteobacteria;Alteromonadales;Shewanellaceae;Shewanella
k141_17576	Bacteria;Pseudomonadota;Gammaproteobacteria;Pseudomonadales;Pseudomonadaceae;Pseudomonas
k141_10876	Bacteria;Chlorobiota;Chlorobiia;Chlorobiales;Chlorobiaceae;Chlorobium;Chlorobium phaeobacteroides
k141_21026	Bacteria;Planctomycetota;Planctomycetia;Pirellulales;Pirellulaceae;Rhodopirellula;Rhodopirellula baltica
k141_10877	Bacteria;Chloroflexota;Chloroflexia;Chloroflexales;Chloroflexaceae;Chloroflexus;Chloroflexus aurantiacus
k141_14063	Bacteria;Pseudomonadota;Gammaproteobacteria;Pseudomonadales;Pseudomonadaceae;Pseudomonas
k141_7091	Archaea;Thermoproteota;Thermoprotei;Desulfurococcales;Desulfurococcaceae;Ignicoccus;Ignicoccus islandicus
k141_3317	Bacteria;Pseudomonadota;Gammaproteobacteria;Pseudomonadales;Pseudomonadaceae;Pseudomonas
k141_14067	Bacteria;Chlorobiota;Chlorobiia;Chlorobiales;Chlorobiaceae;Chlorobium;Chlorobium phaeobacteroides
k141_57430	Bacteria;Pseudomonadota;Gammaproteobacteria;Alteromonadales;Shewanellaceae;Shewanella
k141_3324	Bacteria;Chlorobiota;Chlorobiia;Chlorobiales;Chlorobiaceae;Chlorobium;Chlorobium phaeobacteroides
k141_21034	Archaea;Thermoproteota;Thermoprotei;Thermoproteales;Thermoproteaceae;Pyrobaculum;Pyrobaculum calidifontis
k141_57432	
k141_3327	Bacteria;Cyanobacteriota;Cyanophyceae;Nostocales;Nostocaceae
k141_28978	Bacteria;Pseudomonadota;Gammaproteobacteria;Alteromonadales;Shewanellaceae;Shewanella
k141_7103	Bacteria;Pseudomonadota;Gammaproteobacteria;Pseudomonadales;Pseudomonadaceae;Pseudomonas
k141_14076	Archaea;Thermoproteota;Thermoprotei;Desulfurococcales;Desulfurococcaceae;Ignicoccus;Ignicoccus islandicus
k141_21041	Bacteria;Pseudomonadota;Gammaproteobacteria;Pseudomonadales;Pseudomonadaceae;Pseudomonas
k141_10878	Archaea;Methanobacteriota;Halobacteria;Halobacteriales
k141_21042	Bacteria;Pseudomonadota;Gammaproteobacteria;Alteromonadales;Shewanellaceae;Shewanella
k141_43471	Bacteria;Bacteroidota;Bacteroidia;Bacteroidales;Porphyromonadaceae;Porphyromonas;Porphyromonas gingivalis
k141_17586	Bacteria;Chlorobiota;Chlorobiia;Chlorobiales;Chlorobiaceae;Chlorobium;Chlorobium phaeovibrioides
k141_46787	Bacteria;Chlorobiota;Chlorobiia;Chlorobiales;Chlorobiaceae;Chlorobium;Chlorobium phaeovibrioides
k141_57443	Bacteria;Verrucomicrobiota;Verrucomicrobiia;Verrucomicrobiales;Akkermansiaceae;Akkermansia;Akkermansia muciniphila
k141_10882	Bacteria;Chlorobiota;Chlorobiia;Chlorobiales;Chlorobiaceae;Chlorobium;Chlorobium phaeobacteroides
k141_28987	Bacteria;Spirochaetota;Spirochaetia;Treponematales;Treponemataceae;Treponema
k141_7108	Archaea;Thermoproteota;Thermoprotei;Desulfurococcales;Desulfurococcaceae;Ignicoccus;Ignicoccus islandicus
k141_10884	Bacteria;Verrucomicrobiota;Verrucomicrobiia;Verrucomicrobiales;Akkermansiaceae;Akkermansia;Akkermansia muciniphila
k141_57445	Bacteria;Pseudomonadota;Gammaproteobacteria;Alteromonadales;Shewanellaceae;Shewanella
k141_14087	Bacteria;Pseudomonadota;Gammaproteobacteria;Alteromonadales;Shewanellaceae;Shewanella
k141_21053	Bacteria;Thermodesulfobacteriota;Desulfuromonadia;Geobacterales;Geobacteraceae;Geobacter;Geobacter sulfurreducens
k141_3328	
k141_57456	Bacteria;Pseudomonadota;Gammaproteobacteria;Alteromonadales;Shewanellaceae;Shewanella
k141_46802	Bacteria;Pseudomonadota;Betaproteobacteria;Burkholderiales;Burkholderiaceae;Paraburkholderia;Paraburkholderia xenovorans
k141_14092	Bacteria;Bacteroidota;Bacteroidia;Bacteroidales;Bacteroidaceae;Phocaeicola
k141_17597	Bacteria;Fusobacteriota;Fusobacteriia;Fusobacteriales;Fusobacteriaceae;Fusobacterium
k141_29002	Bacteria;Pseudomonadota;Gammaproteobacteria;Alteromonadales;Shewanellaceae;Shewanella;Shewanella baltica
k141_14093	Bacteria;Chlorobiota;Chlorobiia;Chlorobiales;Chlorobiaceae;Chlorobium;Chlorobium phaeobacteroides
k141_57457	Bacteria;Campylobacterota;Epsilonproteobacteria;Campylobacterales;Helicobacteraceae;Wolinella;Wolinella succinogenes
k141_7123	Archaea;Thermoproteota;Thermoprotei;Desulfurococcales;Desulfurococcaceae;Ignicoccus;Ignicoccus hospitalis
k141_10888	Bacteria;Fusobacteriota;Fusobacteriia;Fusobacteriales;Fusobacteriaceae;Fusobacterium
k141_17600	Bacteria;Pseudomonadota;Gammaproteobacteria;Pseudomonadales;Pseudomonadaceae;Pseudomonas
k141_14094	Archaea;Methanobacteriota;Methanococci;Methanococcales;Methanococcaceae;Methanococcus;Methanococcus maripaludis
k141_7124	Archaea;Thermoproteota;Thermoprotei;Desulfurococcales;Desulfurococcaceae;Ignicoccus;Ignicoccus hospitalis
k141_29003	Bacteria;Pseudomonadota;Gammaproteobacteria;Pseudomonadales;Pseudomonadaceae;Pseudomonas
k141_43477	
k141_17603	Bacteria;Pseudomonadota;Gammaproteobacteria;Pseudomonadales;Pseudomonadaceae;Pseudomonas
k141_46809	Bacteria;Planctomycetota;Planctomycetia;Pirellulales;Pirellulaceae;Rhodopirellula;Rhodopirellula baltica
k141_21056	Bacteria;Pseudomonadota;Gammaproteobacteria;Alteromonadales;Shewanellaceae;Shewanella
k141_43479	
k141_14098	Bacteria;Pseudomonadota;Gammaproteobacteria;Pseudomonadales;Pseudomonadaceae;Pseudomonas
k141_10889	Bacteria;Pseudomonadota;Gammaproteobacteria;Alteromonadales;Shewanellaceae;Shewanella
k141_46812	Bacteria;Bacillota
k141_29005	Bacteria;Pseudomonadota;Gammaproteobacteria;Alteromonadales;Shewanellaceae;Shewanella
k141_43480	Bacteria;Planctomycetota;Planctomycetia;Pirellulales;Pirellulaceae;Rhodopirellula;Rhodopirellula baltica
k141_14100	Bacteria;Pseudomonadota;Gammaproteobacteria;Pseudomonadales;Pseudomonadaceae;Pseudomonas
k141_3332	Bacteria;Fusobacteriota;Fusobacteriia;Fusobacteriales;Fusobacteriaceae;Fusobacterium
k141_7134	Bacteria
k141_57474	Bacteria;Chlorobiota;Chlorobiia;Chlorobiales;Chlorobiaceae;Chlorobium;Chlorobium phaeobacteroides
k141_29009	Bacteria;Planctomycetota;Planctomycetia;Pirellulales;Pirellulaceae;Rhodopirellula;Rhodopirellula baltica
k141_46815	Archaea;Methanobacteriota;Methanococci;Methanococcales;Methanococcaceae;Methanococcus;Methanococcus maripaludis
k141_24642	Bacteria;Thermotogota;Thermotogae;Thermotogales;Thermotogaceae;Thermotoga
k141_14103	Archaea;Methanobacteriota;Archaeoglobi;Archaeoglobales;Archaeoglobaceae;Archaeoglobus;Archaeoglobus fulgidus
k141_21068	Bacteria;Pseudomonadota;Gammaproteobacteria
k141_29012	Bacteria;Chlorobiota;Chlorobiia;Chlorobiales;Chlorobiaceae;Chlorobium;Chlorobium phaeobacteroides
k141_3335	Bacteria;Pseudomonadota;Gammaproteobacteria;Pseudomonadales;Pseudomonadaceae;Pseudomonas
k141_24643	Archaea;Methanobacteriota;Methanococci;Methanococcales;Methanococcaceae;Methanococcus
k141_43489	Bacteria;Chloroflexota;Chloroflexia;Chloroflexales;Chloroflexaceae;Chloroflexus;Chloroflexus aurantiacus
k141_17617	Bacteria;Pseudomonadota;Gammaproteobacteria;Alteromonadales;Shewanellaceae;Shewanella
k141_29014	Bacteria;Pseudomonadota;Gammaproteobacteria;Pseudomonadales;Pseudomonadaceae
k141_3338	Bacteria;Pseudomonadota;Gammaproteobacteria;Pseudomonadales;Pseudomonadaceae;Pseudomonas
k141_57475	Archaea;Methanobacteriota;Methanococci;Methanococcales;Methanococcaceae;Methanococcus;Methanococcus maripaludis
k141_17621	Bacteria;Chlorobiota;Chlorobiia;Chlorobiales;Chlorobiaceae;Chlorobium;Chlorobium phaeobacteroides
k141_24647	Bacteria;Pseudomonadota;Gammaproteobacteria;Pseudomonadales;Pseudomonadaceae;Pseudomonas
k141_21071	Archaea;Thermoproteota;Thermoprotei;Desulfurococcales;Desulfurococcaceae;Ignicoccus;Ignicoccus hospitalis
k141_7148	
k141_3341	Bacteria;Pseudomonadota;Gammaproteobacteria;Alteromonadales;Shewanellaceae;Shewanella
k141_46818	
k141_29018	Bacteria;Thermotogota;Thermotogae;Thermotogales;Thermotogaceae;Thermotoga
k141_57484	Bacteria;Cyanobacteriota;Cyanophyceae;Nostocales;Nostocaceae
k141_21075	Archaea;Thermoproteota;Thermoprotei;Desulfurococcales;Desulfurococcaceae;Ignicoccus;Ignicoccus hospitalis
k141_43501	Bacteria;Chlorobiota;Chlorobiia;Chlorobiales;Chlorobiaceae;Chlorobaculum;Chlorobaculum tepidum
k141_21078	Bacteria;Verrucomicrobiota;Verrucomicrobiia;Verrucomicrobiales;Akkermansiaceae;Akkermansia;Akkermansia muciniphila
k141_3342	Bacteria;Pseudomonadota;Gammaproteobacteria;Alteromonadales;Shewanellaceae;Shewanella
k141_46827	Bacteria;Pseudomonadota;Gammaproteobacteria;Pseudomonadales;Pseudomonadaceae
k141_21080	
k141_7150	Bacteria;Aquificota;Aquificia;Aquificales;Aquificaceae;Hydrogenobaculum
k141_29026	Bacteria;Chlorobiota;Chlorobiia;Chlorobiales;Chlorobiaceae;Chlorobaculum
k141_43511	Bacteria;Fusobacteriota;Fusobacteriia;Fusobacteriales;Fusobacteriaceae;Fusobacterium
k141_29029	
k141_17646	Archaea;Methanobacteriota;Methanococci;Methanococcales;Methanococcaceae;Methanococcus;Methanococcus maripaludis
k141_43515	Bacteria;Pseudomonadota;Gammaproteobacteria;Alteromonadales;Shewanellaceae;Shewanella
k141_21090	Bacteria;Verrucomicrobiota;Verrucomicrobiia;Verrucomicrobiales;Akkermansiaceae;Akkermansia
k141_24672	Archaea;Methanobacteriota;Methanococci;Methanococcales;Methanococcaceae;Methanococcus;Methanococcus maripaludis
k141_7163	Bacteria;Cyanobacteriota;Cyanophyceae;Nostocales;Nostocaceae
k141_21092	
k141_17651	Bacteria;Chlorobiota;Chlorobiia;Chlorobiales;Chlorobiaceae;Chlorobaculum;Chlorobaculum tepidum
k141_46829	Bacteria;Planctomycetota;Planctomycetia;Pirellulales;Pirellulaceae;Rhodopirellula;Rhodopirellula baltica
k141_43524	Bacteria;Pseudomonadota;Betaproteobacteria;Burkholderiales;Burkholderiaceae
k141_43526	
k141_14113	
k141_7175	Bacteria;Chlorobiota;Chlorobiia;Chlorobiales;Chlorobiaceae;Chlorobium;Chlorobium phaeobacteroides
k141_17658	Bacteria;Chlorobiota;Chlorobiia;Chlorobiales;Chlorobiaceae;Chlorobaculum;Chlorobaculum tepidum
k141_3345	Archaea;Methanobacteriota;Halobacteria;Halobacteriales;Halobacteriaceae;Halobacterium;Halobacterium salinarum
k141_43531	Bacteria;Pseudomonadota;Gammaproteobacteria;Pseudomonadales;Pseudomonadaceae;Pseudomonas
k141_24676	Bacteria;Planctomycetota;Planctomycetia;Pirellulales;Pirellulaceae;Rhodopirellula;Rhodopirellula baltica
k141_57523	Bacteria;Pseudomonadota;Gammaproteobacteria;Alteromonadales;Shewanellaceae;Shewanella
k141_14119	Bacteria;Verrucomicrobiota;Verrucomicrobiia;Verrucomicrobiales;Akkermansiaceae;Akkermansia
k141_43537	Archaea;Methanobacteriota;Halobacteria;Halobacteriales;Halobacteriaceae;Halobacterium
k141_57527	Archaea;Thermoproteota;Thermoprotei;Desulfurococcales;Desulfurococcaceae;Ignicoccus;Ignicoccus hospitalis
k141_14127	Bacteria;Chloroflexota;Chloroflexia;Chloroflexales;Chloroflexaceae;Chloroflexus;Chloroflexus aurantiacus
k141_57529	Bacteria;Chlorobiota;Chlorobiia;Chlorobiales;Chlorobiaceae;Chlorobium;Chlorobium phaeobacteroides
k141_24684	Bacteria;Planctomycetota;Planctomycetia;Pirellulales;Pirellulaceae;Rhodopirellula;Rhodopirellula baltica
k141_21113	Bacteria;Planctomycetota;Planctomycetia;Pirellulales;Pirellulaceae;Rhodopirellula;Rhodopirellula baltica
k141_14133	Bacteria;Pseudomonadota;Gammaproteobacteria;Alteromonadales;Shewanellaceae;Shewanella
k141_43542	Bacteria;Fusobacteriota;Fusobacteriia;Fusobacteriales;Fusobacteriaceae;Fusobacterium
k141_3350	Bacteria;Planctomycetota;Planctomycetia;Pirellulales;Pirellulaceae;Rhodopirellula;Rhodopirellula baltica
k141_24685	Bacteria;Planctomycetota;Planctomycetia;Pirellulales;Pirellulaceae;Rhodopirellula;Rhodopirellula baltica
k141_46832	
k141_43548	Bacteria;Pseudomonadota;Gammaproteobacteria;Alteromonadales;Shewanellaceae;Shewanella
k141_21118	Archaea;Thermoproteota;Thermoprotei;Desulfurococcales;Desulfurococcaceae;Ignicoccus;Ignicoccus hospitalis
k141_46835	Bacteria;Verrucomicrobiota;Verrucomicrobiia;Verrucomicrobiales;Akkermansiaceae;Akkermansia;Akkermansia muciniphila
k141_14141	Bacteria;Pseudomonadota;Gammaproteobacteria;Pseudomonadales;Pseudomonadaceae;Pseudomonas
k141_3358	Archaea;Methanobacteriota;Methanococci;Methanococcales;Methanococcaceae;Methanococcus;Methanococcus maripaludis
k141_24700	Bacteria;Verrucomicrobiota;Verrucomicrobiia;Verrucomicrobiales;Akkermansiaceae;Akkermansia;Akkermansia muciniphila
k141_46837	Bacteria;Cyanobacteriota;Cyanophyceae;Nostocales;Nostocaceae
k141_21121	Bacteria;Chlorobiota;Chlorobiia;Chlorobiales;Chlorobiaceae;Chlorobaculum
k141_43549	Bacteria;Planctomycetota;Planctomycetia;Pirellulales;Pirellulaceae;Rhodopirellula;Rhodopirellula baltica
k141_3362	Bacteria;Spirochaetota;Spirochaetia;Treponematales;Treponemataceae;Treponema
k141_46842	Bacteria;Chlorobiota;Chlorobiia;Chlorobiales;Chlorobiaceae;Chlorobium;Chlorobium phaeobacteroides
k141_43551	Bacteria;Cyanobacteriota;Cyanophyceae;Nostocales;Nostocaceae
k141_24707	Bacteria;Spirochaetota;Spirochaetia;Treponematales;Treponemataceae;Treponema;Treponema denticola
k141_17682	Bacteria;Bacteroidota;Bacteroidia;Bacteroidales;Porphyromonadaceae;Porphyromonas;Porphyromonas gingivalis
k141_3369	Bacteria;Pseudomonadota;Gammaproteobacteria
k141_3371	Bacteria;Pseudomonadota
k141_14145	Bacteria;Planctomycetota;Planctomycetia;Pirellulales;Pirellulaceae;Rhodopirellula;Rhodopirellula baltica
k141_24714	Bacteria;Pseudomonadota;Gammaproteobacteria;Pseudomonadales;Pseudomonadaceae;Pseudomonas
k141_3373	Bacteria;Pseudomonadota;Gammaproteobacteria;Alteromonadales;Shewanellaceae;Shewanella
k141_21123	Archaea;Methanobacteriota;Halobacteria;Halobacteriales;Halobacteriaceae;Halobacterium
k141_7177	Bacteria;Thermodesulfobacteriota;Desulfobulbia;Desulfobulbales;Desulfobulbaceae;Desulfobulbus;Desulfobulbus oralis
k141_46855	Bacteria;Cyanobacteriota;Cyanophyceae;Nostocales;Nostocaceae
k141_17692	Archaea;Methanobacteriota;Methanococci;Methanococcales;Methanococcaceae;Methanococcus;Methanococcus maripaludis
k141_14148	Bacteria;Pseudomonadota;Gammaproteobacteria;Alteromonadales;Shewanellaceae;Shewanella
k141_21126	
k141_21127	Bacteria;Pseudomonadota;Gammaproteobacteria;Alteromonadales;Shewanellaceae;Shewanella;Shewanella baltica
k141_21129	Bacteria;Pseudomonadota;Gammaproteobacteria;Pseudomonadales;Pseudomonadaceae;Pseudomonas
k141_29036	
k141_57532	Archaea;Methanobacteriota;Halobacteria;Halobacteriales;Halobacteriaceae;Halobacterium
k141_7179	Bacteria;Planctomycetota;Planctomycetia;Pirellulales;Pirellulaceae;Rhodopirellula;Rhodopirellula baltica
k141_3376	Bacteria;Planctomycetota;Planctomycetia;Pirellulales;Pirellulaceae;Rhodopirellula;Rhodopirellula baltica
k141_46866	Bacteria;Chlorobiota;Chlorobiia;Chlorobiales;Chlorobiaceae;Chlorobaculum;Chlorobaculum tepidum
k141_17708	Bacteria;Pseudomonadota;Gammaproteobacteria;Pseudomonadales;Pseudomonadaceae;Pseudomonas
k141_7182	Bacteria;Pseudomonadota;Gammaproteobacteria;Pseudomonadales;Pseudomonadaceae;Pseudomonas
k141_3379	Archaea;Methanobacteriota;Methanococci;Methanococcales;Methanococcaceae;Methanococcus;Methanococcus maripaludis
k141_24717	Bacteria;Bacteroidota;Bacteroidia;Bacteroidales;Porphyromonadaceae;Porphyromonas;Porphyromonas gingivalis
k141_17710	Bacteria;Pseudomonadota;Gammaproteobacteria;Alteromonadales;Shewanellaceae;Shewanella
k141_14168	Bacteria;Pseudomonadota;Gammaproteobacteria;Pseudomonadales;Pseudomonadaceae;Pseudomonas
k141_46869	Bacteria;Cyanobacteriota;Cyanophyceae;Nostocales;Nostocaceae
k141_3383	Bacteria;Aquificota;Aquificia;Aquificales;Aquificaceae;Hydrogenobaculum;Hydrogenobaculum sp. Y04AAS1
k141_46870	Archaea;Thermoproteota;Thermoprotei;Desulfurococcales;Desulfurococcaceae;Ignicoccus;Ignicoccus islandicus
k141_17712	Bacteria;Planctomycetota;Planctomycetia;Pirellulales;Pirellulaceae;Rhodopirellula;Rhodopirellula baltica
k141_14172	Bacteria;Chlorobiota;Chlorobiia;Chlorobiales;Chlorobiaceae;Chlorobaculum;Chlorobaculum tepidum
k141_7192	Archaea;Thermoproteota;Thermoprotei;Desulfurococcales;Desulfurococcaceae;Ignicoccus;Ignicoccus islandicus
k141_14173	Bacteria;Cyanobacteriota;Cyanophyceae;Nostocales;Nostocaceae
k141_46875	Bacteria;Chlorobiota;Chlorobiia;Chlorobiales;Chlorobiaceae;Chlorobaculum;Chlorobaculum tepidum
k141_24731	Bacteria;Pseudomonadota;Gammaproteobacteria;Pseudomonadales;Pseudomonadaceae;Pseudomonas
k141_7197	Bacteria;Pseudomonadota;Gammaproteobacteria;Alteromonadales;Shewanellaceae;Shewanella
k141_21151	Archaea;Methanobacteriota;Methanococci;Methanococcales;Methanococcaceae;Methanococcus;Methanococcus maripaludis
k141_46878	Bacteria;Cyanobacteriota;Cyanophyceae;Nostocales;Nostocaceae
k141_7199	Bacteria;Aquificota;Aquificia;Aquificales;Aquificaceae;Hydrogenobaculum
k141_14180	Bacteria;Planctomycetota;Planctomycetia;Pirellulales;Pirellulaceae;Rhodopirellula;Rhodopirellula baltica
k141_24737	Bacteria;Pseudomonadota;Gammaproteobacteria;Pseudomonadales;Pseudomonadaceae;Pseudomonas
k141_57538	Bacteria;Bacillota
k141_7201	
k141_21157	Bacteria;Pseudomonadota;Gammaproteobacteria;Pseudomonadales;Pseudomonadaceae;Pseudomonas
k141_46882	Bacteria;Chlorobiota;Chlorobiia;Chlorobiales;Chlorobiaceae;Chlorobaculum;Chlorobaculum tepidum
k141_21163	Bacteria;Chloroflexota;Chloroflexia;Chloroflexales;Chloroflexaceae;Chloroflexus;Chloroflexus aurantiacus
k141_7207	Bacteria;Pseudomonadota;Gammaproteobacteria;Pseudomonadales;Pseudomonadaceae;Pseudomonas
k141_21165	
k141_46885	Bacteria;Pseudomonadota;Gammaproteobacteria;Pseudomonadales;Pseudomonadaceae;Pseudomonas
k141_24752	Bacteria;Aquificota;Aquificia;Aquificales;Aquificaceae;Hydrogenobaculum
k141_57548	Bacteria;Bacillota
k141_3385	Bacteria;Chlorobiota;Chlorobiia;Chlorobiales;Chlorobiaceae;Chlorobium;Chlorobium limicola
k141_24755	Bacteria;Pseudomonadota;Gammaproteobacteria;Pseudomonadales;Pseudomonadaceae;Pseudomonas
k141_14198	Bacteria;Chloroflexota;Chloroflexia;Chloroflexales;Chloroflexaceae;Chloroflexus;Chloroflexus aurantiacus
k141_3388	Bacteria;Verrucomicrobiota;Verrucomicrobiia;Verrucomicrobiales;Akkermansiaceae;Akkermansia;Akkermansia muciniphila
k141_7219	Archaea;Methanobacteriota;Methanopyri;Methanopyrales;Methanopyraceae;Methanopyrus;Methanopyrus kandleri
k141_21173	Bacteria;Verrucomicrobiota;Verrucomicrobiia;Verrucomicrobiales;Akkermansiaceae;Akkermansia;Akkermansia muciniphila
k141_3391	
k141_46892	Bacteria;Pseudomonadota;Gammaproteobacteria;Pseudomonadales;Pseudomonadaceae;Pseudomonas
k141_21177	Bacteria;Pseudomonadota;Gammaproteobacteria;Pseudomonadales;Pseudomonadaceae;Pseudomonas
k141_46895	Bacteria;Chloroflexota;Chloroflexia;Chloroflexales;Chloroflexaceae;Chloroflexus;Chloroflexus aurantiacus
k141_14208	Bacteria;Bacteroidota;Bacteroidia;Bacteroidales;Porphyromonadaceae;Porphyromonas;Porphyromonas gingivalis
k141_7231	Bacteria;Bacteroidota;Bacteroidia;Bacteroidales;Bacteroidaceae
k141_21182	Bacteria;Pseudomonadota;Gammaproteobacteria;Pseudomonadales;Pseudomonadaceae;Pseudomonas
k141_57550	
k141_7233	Bacteria;Bacillota;Clostridia;Thermoanaerobacterales;Thermoanaerobacteraceae;Thermoanaerobacter
k141_24776	Archaea;Methanobacteriota;Methanococci;Methanococcales;Methanococcaceae;Methanococcus
k141_46896	
k141_21189	Bacteria;Pseudomonadota;Gammaproteobacteria;Alteromonadales;Shewanellaceae;Shewanella;Shewanella baltica
k141_3393	Bacteria;Chlorobiota;Chlorobiia;Chlorobiales;Chlorobiaceae;Chlorobium;Chlorobium limicola
k141_21190	Bacteria;Pseudomonadota;Gammaproteobacteria;Pseudomonadales;Pseudomonadaceae;Pseudomonas
k141_14223	Bacteria;Bacteroidota;Bacteroidia;Bacteroidales;Porphyromonadaceae;Porphyromonas;Porphyromonas gingivalis
k141_24782	Bacteria;Pseudomonadota;Gammaproteobacteria;Alteromonadales;Shewanellaceae;Shewanella
k141_7243	Bacteria;Verrucomicrobiota;Verrucomicrobiia;Verrucomicrobiales;Akkermansiaceae;Akkermansia;Akkermansia muciniphila
k141_21191	Bacteria;Pseudomonadota;Gammaproteobacteria;Pseudomonadales;Pseudomonadaceae;Pseudomonas
k141_14226	Bacteria;Chlorobiota;Chlorobiia;Chlorobiales;Chlorobiaceae;Chlorobaculum;Chlorobaculum tepidum
k141_46909	Bacteria;Chlorobiota;Chlorobiia;Chlorobiales;Chlorobiaceae;Chlorobium;Chlorobium phaeobacteroides
k141_21194	Bacteria;Pseudomonadota;Gammaproteobacteria;Pseudomonadales;Pseudomonadaceae;Pseudomonas
k141_7247	
k141_7248	Archaea;Thermoproteota;Thermoprotei;Desulfurococcales;Desulfurococcaceae;Ignicoccus;Ignicoccus hospitalis
k141_14234	Bacteria;Fusobacteriota;Fusobacteriia;Fusobacteriales;Fusobacteriaceae;Fusobacterium
k141_3415	Archaea;Methanobacteriota;Methanococci;Methanococcales;Methanococcaceae;Methanococcus;Methanococcus maripaludis
k141_24798	Bacteria;Chlorobiota;Chlorobiia;Chlorobiales;Chlorobiaceae;Chlorobium;Chlorobium phaeobacteroides
k141_7252	Archaea;Thermoproteota;Thermoprotei;Desulfurococcales;Desulfurococcaceae;Ignicoccus;Ignicoccus hospitalis
k141_21195	Bacteria;Planctomycetota;Planctomycetia;Pirellulales;Pirellulaceae;Rhodopirellula;Rhodopirellula baltica
k141_3417	Bacteria;Fusobacteriota;Fusobacteriia;Fusobacteriales;Fusobacteriaceae;Fusobacterium
k141_14240	Bacteria;Spirochaetota;Spirochaetia;Treponematales;Treponemataceae;Treponema
k141_46916	Bacteria
k141_7253	
k141_24805	Bacteria;Chlorobiota;Chlorobiia;Chlorobiales;Chlorobiaceae;Chlorobaculum
k141_17719	
k141_46918	Bacteria;Pseudomonadota;Gammaproteobacteria;Pseudomonadales;Pseudomonadaceae;Pseudomonas
k141_7257	Archaea;Methanobacteriota;Methanococci;Methanococcales;Methanococcaceae;Methanococcus;Methanococcus maripaludis
k141_3425	Bacteria;Pseudomonadota;Gammaproteobacteria;Pseudomonadales;Pseudomonadaceae;Pseudomonas
k141_17721	Bacteria;Pseudomonadota;Gammaproteobacteria;Pseudomonadales;Pseudomonadaceae;Pseudomonas
k141_46919	Archaea;Methanobacteriota;Methanococci;Methanococcales;Methanococcaceae;Methanococcus;Methanococcus maripaludis
k141_31912	
k141_14248	Bacteria;Pseudomonadota;Gammaproteobacteria;Pseudomonadales;Pseudomonadaceae;Pseudomonas
k141_17723	Bacteria;Chlorobiota;Chlorobiia;Chlorobiales;Chlorobiaceae
k141_57556	Bacteria;Thermodesulfobacteriota;Desulfobulbia;Desulfobulbales;Desulfobulbaceae;Desulfobulbus;Desulfobulbus oralis
k141_3429	Bacteria;Cyanobacteriota;Cyanophyceae;Nostocales;Nostocaceae
k141_31915	Archaea;Thermoproteota;Thermoprotei;Thermoproteales;Thermoproteaceae;Pyrobaculum;Pyrobaculum calidifontis
k141_24812	Bacteria;Pseudomonadota;Gammaproteobacteria;Pseudomonadales;Pseudomonadaceae;Pseudomonas
k141_17724	Bacteria;Planctomycetota;Planctomycetia;Pirellulales;Pirellulaceae;Rhodopirellula;Rhodopirellula baltica
k141_14251	
k141_3432	Bacteria;Chlorobiota;Chlorobiia;Chlorobiales;Chlorobiaceae;Chlorobaculum;Chlorobaculum tepidum
k141_24814	
k141_17728	Bacteria;Pseudomonadota;Gammaproteobacteria;Pseudomonadales;Pseudomonadaceae;Pseudomonas
k141_46923	
k141_7258	Bacteria;Pseudomonadota;Betaproteobacteria;Nitrosomonadales;Nitrosomonadaceae;Nitrosomonas;Nitrosomonas europaea
k141_31922	Bacteria;Verrucomicrobiota;Verrucomicrobiia;Verrucomicrobiales;Akkermansiaceae;Akkermansia;Akkermansia muciniphila
k141_17730	Bacteria;Chlorobiota;Chlorobiia;Chlorobiales;Chlorobiaceae;Chlorobaculum
k141_31924	Bacteria;Pseudomonadota;Gammaproteobacteria;Pseudomonadales;Pseudomonadaceae;Pseudomonas
k141_14253	Archaea;Thermoproteota;Thermoprotei;Desulfurococcales;Desulfurococcaceae;Ignicoccus;Ignicoccus hospitalis
k141_17735	Bacteria;Planctomycetota;Planctomycetia;Pirellulales;Pirellulaceae;Rhodopirellula;Rhodopirellula baltica
k141_3439	Bacteria;Pseudomonadota;Gammaproteobacteria;Alteromonadales;Shewanellaceae;Shewanella
k141_57573	Bacteria;Pseudomonadota;Gammaproteobacteria;Alteromonadales;Shewanellaceae;Shewanella
k141_3441	
k141_24830	Bacteria;Chloroflexota;Chloroflexia;Chloroflexales;Chloroflexaceae;Chloroflexus;Chloroflexus aurantiacus
k141_14261	
k141_24835	Bacteria;Chlorobiota;Chlorobiia;Chlorobiales;Chlorobiaceae;Chlorobaculum;Chlorobaculum tepidum
k141_24836	
k141_57582	
k141_57586	Bacteria;Pseudomonadota;Gammaproteobacteria;Pseudomonadales;Pseudomonadaceae;Pseudomonas
k141_17758	Archaea;Thermoproteota;Thermoprotei;Desulfurococcales;Desulfurococcaceae;Ignicoccus;Ignicoccus islandicus
k141_17759	Bacteria;Pseudomonadota;Gammaproteobacteria;Pseudomonadales;Pseudomonadaceae;Pseudomonas
k141_14277	
k141_21196	Bacteria;Thermotogota;Thermotogae;Thermotogales;Thermotogaceae;Thermotoga
k141_53907	Bacteria;Gemmatimonadota;Gemmatimonadia;Gemmatimonadales;Gemmatimonadaceae;Gemmatimonas;Gemmatimonas aurantiaca
k141_17762	Bacteria;Chlorobiota;Chlorobiia;Chlorobiales;Chlorobiaceae;Chlorobium;Chlorobium phaeobacteroides
k141_53908	Bacteria;Cyanobacteriota;Cyanophyceae;Nostocales;Nostocaceae
k141_24853	Bacteria;Verrucomicrobiota;Verrucomicrobiia;Verrucomicrobiales;Akkermansiaceae;Akkermansia;Akkermansia muciniphila
k141_46936	Bacteria;Bacillota;Clostridia;Thermoanaerobacterales;Thermoanaerobacteraceae;Thermoanaerobacter
k141_53911	
k141_17766	Archaea;Thermoproteota;Thermoprotei;Desulfurococcales;Desulfurococcaceae;Ignicoccus;Ignicoccus islandicus
k141_14286	Archaea;Thermoproteota;Thermoprotei;Desulfurococcales;Desulfurococcaceae;Ignicoccus;Ignicoccus hospitalis
k141_46937	Bacteria;Pseudomonadota;Gammaproteobacteria;Alteromonadales;Shewanellaceae;Shewanella
k141_53913	Archaea;Thermoproteota;Thermoprotei;Desulfurococcales;Desulfurococcaceae;Ignicoccus;Ignicoccus islandicus
k141_46938	
k141_17771	Bacteria;Pseudomonadota;Gammaproteobacteria;Pseudomonadales;Pseudomonadaceae;Pseudomonas
k141_53914	Bacteria;Pseudomonadota;Gammaproteobacteria;Alteromonadales;Shewanellaceae;Shewanella
k141_31935	Bacteria;Chlorobiota;Chlorobiia;Chlorobiales;Chlorobiaceae;Chlorobium;Chlorobium limicola
k141_24861	Bacteria;Pseudomonadota;Gammaproteobacteria;Alteromonadales;Shewanellaceae;Shewanella
k141_57591	Bacteria;Bacillota;Clostridia;Thermoanaerobacterales;Thermoanaerobacteraceae
k141_53915	Bacteria;Pseudomonadota;Gammaproteobacteria;Pseudomonadales;Pseudomonadaceae;Pseudomonas
k141_46941	Bacteria;Pseudomonadota;Gammaproteobacteria;Pseudomonadales;Pseudomonadaceae;Pseudomonas
k141_57593	Bacteria;Verrucomicrobiota;Verrucomicrobiia;Verrucomicrobiales;Akkermansiaceae;Akkermansia;Akkermansia muciniphila
k141_14294	
k141_3444	
k141_17778	Bacteria;Planctomycetota;Planctomycetia;Pirellulales;Pirellulaceae;Rhodopirellula;Rhodopirellula baltica
k141_57594	Bacteria;Aquificota;Aquificia;Aquificales;Aquificaceae;Hydrogenobaculum
k141_31944	Bacteria;Pseudomonadota;Gammaproteobacteria;Pseudomonadales;Pseudomonadaceae;Pseudomonas
k141_17779	Bacteria;Verrucomicrobiota;Verrucomicrobiia;Verrucomicrobiales;Akkermansiaceae;Akkermansia;Akkermansia muciniphila
k141_3446	Archaea;Thermoproteota;Thermoprotei;Desulfurococcales;Desulfurococcaceae;Ignicoccus;Ignicoccus islandicus
k141_24871	Archaea;Methanobacteriota;Methanopyri;Methanopyrales;Methanopyraceae;Methanopyrus;Methanopyrus kandleri
k141_57597	Bacteria;Pseudomonadota;Gammaproteobacteria;Pseudomonadales;Pseudomonadaceae;Pseudomonas
k141_17781	Bacteria;Pseudomonadota;Gammaproteobacteria;Pseudomonadales
k141_24876	Bacteria;Chlorobiota;Chlorobiia;Chlorobiales;Chlorobiaceae;Chlorobium;Chlorobium phaeobacteroides
k141_57599	Bacteria;Pseudomonadota;Gammaproteobacteria;Pseudomonadales;Pseudomonadaceae;Pseudomonas
k141_46954	
k141_17787	Bacteria;Verrucomicrobiota;Verrucomicrobiia;Verrucomicrobiales;Akkermansiaceae;Akkermansia;Akkermansia muciniphila
k141_24883	Bacteria;Pseudomonadota;Gammaproteobacteria;Pseudomonadales;Pseudomonadaceae;Pseudomonas
k141_31962	
k141_46955	
k141_31965	Bacteria;Pseudomonadota;Gammaproteobacteria;Pseudomonadales;Pseudomonadaceae;Pseudomonas
k141_21198	Bacteria;Bacillota
k141_24886	Bacteria;Chlorobiota;Chlorobiia;Chlorobiales;Chlorobiaceae;Chlorobaculum;Chlorobaculum tepidum
k141_57614	Bacteria;Pseudomonadota;Gammaproteobacteria;Pseudomonadales;Pseudomonadaceae;Pseudomonas
k141_21199	Bacteria;Pseudomonadota;Gammaproteobacteria;Pseudomonadales;Pseudomonadaceae;Pseudomonas
k141_24887	Bacteria;Verrucomicrobiota;Verrucomicrobiia;Verrucomicrobiales;Akkermansiaceae;Akkermansia;Akkermansia muciniphila
k141_14322	
k141_31973	Bacteria;Chlorobiota;Chlorobiia;Chlorobiales;Chlorobiaceae;Chlorobium;Chlorobium phaeobacteroides
k141_24889	Bacteria;Pseudomonadota;Gammaproteobacteria;Pseudomonadales;Pseudomonadaceae;Pseudomonas;Pseudomonas marginalis
k141_21200	Bacteria;Pseudomonadota;Gammaproteobacteria;Pseudomonadales;Pseudomonadaceae;Pseudomonas
k141_21201	Archaea;Thermoproteota;Thermoprotei;Desulfurococcales;Desulfurococcaceae;Ignicoccus;Ignicoccus islandicus
k141_46971	Bacteria;Planctomycetota;Planctomycetia;Pirellulales;Pirellulaceae;Rhodopirellula;Rhodopirellula baltica
k141_17799	Bacteria;Pseudomonadota;Gammaproteobacteria;Alteromonadales;Shewanellaceae;Shewanella;Shewanella baltica
k141_14329	Bacteria;Pseudomonadota;Gammaproteobacteria;Pseudomonadales;Pseudomonadaceae;Pseudomonas
k141_57623	
k141_31981	Bacteria;Pseudomonadota;Gammaproteobacteria;Pseudomonadales;Pseudomonadaceae;Pseudomonas
k141_46972	
k141_24895	Bacteria;Pseudomonadota;Gammaproteobacteria;Alteromonadales;Shewanellaceae;Shewanella
k141_17808	Bacteria;Chlorobiota;Chlorobiia;Chlorobiales;Chlorobiaceae;Chlorobaculum;Chlorobaculum tepidum
k141_31991	Archaea;Thermoproteota;Thermoprotei;Desulfurococcales;Desulfurococcaceae;Ignicoccus;Ignicoccus hospitalis
k141_3451	Bacteria;Bacteroidota;Bacteroidia;Bacteroidales;Porphyromonadaceae;Porphyromonas;Porphyromonas gingivalis
k141_46976	Bacteria;Cyanobacteriota;Cyanophyceae;Nostocales;Nostocaceae
k141_14341	Bacteria;Planctomycetota;Planctomycetia;Pirellulales;Pirellulaceae;Rhodopirellula;Rhodopirellula baltica
k141_17813	Bacteria;Cyanobacteriota;Cyanophyceae;Nostocales;Nostocaceae
k141_57638	Bacteria;Aquificota;Aquificia;Aquificales;Aquificaceae;Hydrogenobaculum
k141_3454	Archaea;Methanobacteriota;Methanococci;Methanococcales;Methanococcaceae;Methanococcus
k141_35969	Bacteria;Gemmatimonadota;Gemmatimonadia;Gemmatimonadales;Gemmatimonadaceae;Gemmatimonas;Gemmatimonas aurantiaca
k141_3455	Bacteria;Bacillota
k141_31999	Archaea;Thermoproteota;Thermoprotei;Desulfurococcales;Desulfurococcaceae;Ignicoccus;Ignicoccus islandicus
k141_53921	Bacteria;Planctomycetota;Planctomycetia;Pirellulales;Pirellulaceae;Rhodopirellula;Rhodopirellula baltica
k141_3456	
k141_53922	Archaea;Thermoproteota;Thermoprotei;Desulfurococcales;Desulfurococcaceae;Ignicoccus;Ignicoccus islandicus
k141_32002	Archaea;Methanobacteriota;Methanococci;Methanococcales;Methanococcaceae;Methanococcus
k141_35973	Bacteria;Chloroflexota;Chloroflexia;Chloroflexales;Chloroflexaceae;Chloroflexus;Chloroflexus aurantiacus
k141_14349	Bacteria;Bacillota
k141_57646	Bacteria;Chlorobiota;Chlorobiia;Chlorobiales;Chlorobiaceae;Chlorobaculum
k141_53925	Bacteria;Chloroflexota;Chloroflexia;Chloroflexales;Chloroflexaceae;Chloroflexus;Chloroflexus aurantiacus
k141_46989	Archaea;Thermoproteota;Thermoprotei;Desulfurococcales;Desulfurococcaceae;Ignicoccus;Ignicoccus islandicus
k141_53926	Bacteria;Bacteroidota;Bacteroidia;Bacteroidales;Bacteroidaceae;Phocaeicola
k141_14350	Bacteria;Pseudomonadota;Gammaproteobacteria;Alteromonadales;Shewanellaceae;Shewanella
k141_24902	Bacteria;Planctomycetota;Planctomycetia;Pirellulales;Pirellulaceae;Rhodopirellula;Rhodopirellula baltica
k141_35983	Bacteria;Chlorobiota;Chlorobiia;Chlorobiales;Chlorobiaceae;Chlorobium;Chlorobium phaeobacteroides
k141_57653	Archaea;Thermoproteota;Thermoprotei;Desulfurococcales;Desulfurococcaceae;Ignicoccus;Ignicoccus islandicus
k141_32011	Bacteria;Chlorobiota;Chlorobiia;Chlorobiales;Chlorobiaceae;Chlorobaculum;Chlorobaculum tepidum
k141_24904	Bacteria;Pseudomonadota;Gammaproteobacteria;Pseudomonadales;Pseudomonadaceae;Pseudomonas
k141_32013	Bacteria;Chlorobiota;Chlorobiia;Chlorobiales;Chlorobiaceae;Chlorobium;Chlorobium phaeobacteroides
k141_53927	Bacteria;Aquificota;Aquificia;Aquificales;Aquificaceae;Hydrogenobaculum
k141_46997	Bacteria;Chlorobiota;Chlorobiia;Chlorobiales;Chlorobiaceae;Chlorobaculum;Chlorobaculum tepidum
k141_35991	
k141_53930	Archaea;Thermoproteota;Thermoprotei;Desulfurococcales;Desulfurococcaceae;Ignicoccus;Ignicoccus islandicus
k141_24908	Bacteria;Chloroflexota;Chloroflexia;Chloroflexales;Chloroflexaceae;Chloroflexus;Chloroflexus aurantiacus
k141_53932	Bacteria;Pseudomonadota;Gammaproteobacteria;Pseudomonadales;Pseudomonadaceae
k141_47005	Bacteria;Pseudomonadota;Gammaproteobacteria;Pseudomonadales;Pseudomonadaceae;Pseudomonas
k141_14363	Archaea;Thermoproteota;Thermoprotei;Desulfurococcales;Desulfurococcaceae;Ignicoccus;Ignicoccus hospitalis
k141_32019	Archaea;Methanobacteriota;Methanococci;Methanococcales;Methanococcaceae;Methanococcus;Methanococcus maripaludis
k141_32020	Bacteria;Pseudomonadota;Gammaproteobacteria;Pseudomonadales;Pseudomonadaceae;Pseudomonas
k141_24917	Bacteria;Fusobacteriota;Fusobacteriia;Fusobacteriales;Fusobacteriaceae;Fusobacterium
k141_47010	Bacteria;Aquificota;Aquificia;Aquificales;Aquificaceae;Hydrogenobaculum
k141_24918	Bacteria;Campylobacterota;Epsilonproteobacteria;Campylobacterales;Helicobacteraceae;Wolinella;Wolinella succinogenes
k141_14371	Bacteria;Chlorobiota;Chlorobiia;Chlorobiales;Chlorobiaceae;Chlorobium;Chlorobium phaeobacteroides
k141_17818	Bacteria;Planctomycetota;Planctomycetia;Pirellulales;Pirellulaceae;Rhodopirellula;Rhodopirellula baltica
k141_47014	Bacteria;Pseudomonadota;Gammaproteobacteria;Pseudomonadales;Pseudomonadaceae;Pseudomonas
k141_32024	Bacteria;Planctomycetota;Planctomycetia;Pirellulales;Pirellulaceae;Rhodopirellula;Rhodopirellula baltica
k141_24920	Bacteria;Pseudomonadota;Gammaproteobacteria;Pseudomonadales;Pseudomonadaceae;Pseudomonas
k141_17822	Bacteria;Pseudomonadota;Gammaproteobacteria;Pseudomonadales;Pseudomonadaceae;Pseudomonas
k141_32025	Bacteria;Pseudomonadota;Gammaproteobacteria;Pseudomonadales;Pseudomonadaceae;Pseudomonas
k141_24921	Archaea;Thermoproteota;Thermoprotei;Thermoproteales;Thermoproteaceae;Pyrobaculum;Pyrobaculum calidifontis
k141_32026	Bacteria;Chlorobiota;Chlorobiia;Chlorobiales;Chlorobiaceae;Chlorobaculum;Chlorobaculum tepidum
k141_47020	Bacteria;Pseudomonadota;Gammaproteobacteria;Pseudomonadales;Pseudomonadaceae;Pseudomonas
k141_47023	Bacteria;Pseudomonadota;Gammaproteobacteria;Pseudomonadales;Pseudomonadaceae;Pseudomonas
k141_17832	Archaea;Thermoproteota;Thermoprotei;Desulfurococcales;Desulfurococcaceae;Ignicoccus;Ignicoccus hospitalis
k141_53957	Bacteria;Pseudomonadota;Gammaproteobacteria;Pseudomonadales;Pseudomonadaceae;Pseudomonas
k141_24932	Bacteria;Chlorobiota;Chlorobiia;Chlorobiales;Chlorobiaceae;Chlorobaculum;Chlorobaculum tepidum
k141_14379	Bacteria;Pseudomonadota;Gammaproteobacteria;Alteromonadales;Shewanellaceae;Shewanella
k141_17836	Bacteria;Pseudomonadota;Gammaproteobacteria;Pseudomonadales;Pseudomonadaceae;Pseudomonas
k141_32037	Bacteria;Pseudomonadota;Gammaproteobacteria;Pseudomonadales;Pseudomonadaceae;Pseudomonas
k141_53963	Bacteria;Planctomycetota;Planctomycetia;Pirellulales;Pirellulaceae;Rhodopirellula;Rhodopirellula baltica
k141_24941	Archaea;Methanobacteriota;Methanococci;Methanococcales;Methanococcaceae;Methanococcus;Methanococcus maripaludis
k141_32040	Archaea;Methanobacteriota;Methanopyri;Methanopyrales;Methanopyraceae;Methanopyrus;Methanopyrus kandleri
k141_14388	Bacteria;Pseudomonadota;Gammaproteobacteria;Pseudomonadales;Pseudomonadaceae;Pseudomonas
k141_35996	Bacteria;Planctomycetota;Planctomycetia;Pirellulales;Pirellulaceae;Rhodopirellula;Rhodopirellula baltica
k141_21202	Bacteria;Chlorobiota;Chlorobiia;Chlorobiales;Chlorobiaceae;Chlorobium;Chlorobium limicola
k141_17844	Bacteria;Pseudomonadota;Gammaproteobacteria;Pseudomonadales;Pseudomonadaceae;Pseudomonas
k141_24943	Bacteria;Chlorobiota;Chlorobiia;Chlorobiales;Chlorobiaceae;Chlorobaculum;Chlorobaculum tepidum
k141_53971	Bacteria;Pseudomonadota;Gammaproteobacteria;Pseudomonadales;Pseudomonadaceae;Pseudomonas
k141_21206	Bacteria;Pseudomonadota;Gammaproteobacteria;Alteromonadales;Shewanellaceae;Shewanella;Shewanella baltica
k141_17847	Bacteria;Chlorobiota;Chlorobiia;Chlorobiales;Chlorobiaceae;Chlorobium;Chlorobium phaeobacteroides
k141_21209	Bacteria;Chlorobiota;Chlorobiia;Chlorobiales;Chlorobiaceae;Chlorobaculum
k141_14391	Archaea;Methanobacteriota;Methanococci;Methanococcales;Methanococcaceae;Methanococcus
k141_24954	Bacteria;Chlorobiota;Chlorobiia;Chlorobiales;Chlorobiaceae;Chlorobium;Chlorobium phaeobacteroides
k141_17849	Bacteria;Chlorobiota;Chlorobiia;Chlorobiales;Chlorobiaceae;Chlorobium;Chlorobium limicola
k141_32050	Bacteria;Pseudomonadota;Gammaproteobacteria;Alteromonadales;Shewanellaceae;Shewanella
k141_53974	Archaea;Thermoproteota;Thermoprotei;Desulfurococcales;Desulfurococcaceae;Ignicoccus;Ignicoccus hospitalis
k141_17850	Bacteria;Pseudomonadota;Gammaproteobacteria;Pseudomonadales;Pseudomonadaceae;Pseudomonas
k141_47059	Bacteria;Pseudomonadota;Gammaproteobacteria;Pseudomonadales;Pseudomonadaceae;Pseudomonas
k141_47060	
k141_17854	Bacteria;Chlorobiota;Chlorobiia;Chlorobiales;Chlorobiaceae;Chlorobaculum;Chlorobaculum tepidum
k141_24962	Bacteria;Pseudomonadota;Gammaproteobacteria;Alteromonadales;Shewanellaceae;Shewanella
k141_57655	Bacteria;Chlorobiota;Chlorobiia;Chlorobiales;Chlorobiaceae;Chlorobium;Chlorobium limicola
k141_53984	Bacteria;Cyanobacteriota;Cyanophyceae;Nostocales
k141_17856	Bacteria;Pseudomonadota;Gammaproteobacteria;Pseudomonadales;Pseudomonadaceae;Pseudomonas
k141_32061	Bacteria;Pseudomonadota;Gammaproteobacteria;Pseudomonadales;Pseudomonadaceae;Pseudomonas
k141_47063	Bacteria;Pseudomonadota;Gammaproteobacteria;Alteromonadales;Shewanellaceae;Shewanella
k141_24963	Bacteria;Bacillota
k141_32063	Bacteria
k141_24966	Bacteria;Campylobacterota;Epsilonproteobacteria;Campylobacterales;Helicobacteraceae;Wolinella;Wolinella succinogenes
k141_57661	Bacteria;Planctomycetota;Planctomycetia;Pirellulales;Pirellulaceae;Rhodopirellula;Rhodopirellula baltica
k141_14406	Bacteria;Pseudomonadota;Gammaproteobacteria;Pseudomonadales;Pseudomonadaceae;Pseudomonas
k141_47069	Bacteria;Chlorobiota;Chlorobiia;Chlorobiales;Chlorobiaceae;Chlorobaculum
k141_36001	Bacteria;Pseudomonadota;Gammaproteobacteria;Alteromonadales;Shewanellaceae;Shewanella
k141_14409	
k141_21216	
k141_17875	Bacteria;Chlorobiota;Chlorobiia;Chlorobiales;Chlorobiaceae;Chlorobium;Chlorobium phaeobacteroides
k141_47072	Bacteria;Aquificota;Aquificia;Aquificales;Aquificaceae;Hydrogenobaculum
k141_21219	Archaea;Methanobacteriota;Methanococci;Methanococcales;Methanococcaceae;Methanococcus;Methanococcus maripaludis
k141_24974	Bacteria;Planctomycetota;Planctomycetia;Pirellulales;Pirellulaceae;Rhodopirellula;Rhodopirellula baltica
k141_54002	
k141_14420	Bacteria;Verrucomicrobiota;Verrucomicrobiia;Verrucomicrobiales;Akkermansiaceae;Akkermansia;Akkermansia muciniphila
k141_17882	Bacteria;Pseudomonadota;Gammaproteobacteria;Pseudomonadales;Pseudomonadaceae
k141_57681	Bacteria;Pseudomonadota;Gammaproteobacteria;Pseudomonadales;Pseudomonadaceae;Pseudomonas
k141_47080	Bacteria;Chlorobiota;Chlorobiia;Chlorobiales;Chlorobiaceae;Chlorobium;Chlorobium phaeobacteroides
k141_54014	
k141_24976	Bacteria;Planctomycetota;Planctomycetia;Pirellulales;Pirellulaceae;Rhodopirellula;Rhodopirellula baltica
k141_57685	
k141_54017	Bacteria;Pseudomonadota;Gammaproteobacteria;Pseudomonadales;Pseudomonadaceae;Pseudomonas
k141_47087	Bacteria;Planctomycetota;Planctomycetia;Pirellulales;Pirellulaceae;Rhodopirellula
k141_36027	Archaea;Methanobacteriota;Methanococci;Methanococcales;Methanococcaceae;Methanococcus;Methanococcus maripaludis
k141_14434	Bacteria;Pseudomonadota;Gammaproteobacteria;Pseudomonadales;Pseudomonadaceae;Pseudomonas
k141_21235	Archaea;Thermoproteota;Thermoprotei;Desulfurococcales;Desulfurococcaceae;Ignicoccus
k141_57686	
k141_47088	Bacteria;Pseudomonadota;Gammaproteobacteria;Alteromonadales;Shewanellaceae;Shewanella
k141_21241	
k141_57689	Bacteria;Pseudomonadota;Gammaproteobacteria;Pseudomonadales;Pseudomonadaceae;Pseudomonas
k141_14440	Bacteria;Aquificota;Aquificia;Aquificales;Aquificaceae;Hydrogenobaculum
k141_21242	Bacteria;Pseudomonadota;Gammaproteobacteria;Alteromonadales;Shewanellaceae;Shewanella
k141_17900	Bacteria;Planctomycetota;Planctomycetia;Pirellulales;Pirellulaceae;Rhodopirellula;Rhodopirellula baltica
k141_47089	Bacteria;Pseudomonadota;Gammaproteobacteria;Pseudomonadales;Pseudomonadaceae;Pseudomonas
k141_57691	Bacteria;Pseudomonadota;Gammaproteobacteria;Alteromonadales;Shewanellaceae;Shewanella
k141_54018	Archaea;Methanobacteriota;Methanococci;Methanococcales;Methanocaldococcaceae;Methanocaldococcus
k141_36040	Bacteria;Pseudomonadota;Gammaproteobacteria;Alteromonadales;Shewanellaceae;Shewanella
k141_24990	Archaea;Methanobacteriota;Methanococci;Methanococcales;Methanococcaceae;Methanococcus
k141_47090	Archaea;Methanobacteriota;Methanococci;Methanococcales;Methanococcaceae;Methanococcus
k141_21247	Bacteria;Pseudomonadota;Gammaproteobacteria;Pseudomonadales;Pseudomonadaceae;Pseudomonas
k141_54021	Bacteria;Chlorobiota;Chlorobiia;Chlorobiales;Chlorobiaceae;Chlorobaculum;Chlorobaculum tepidum
k141_36051	
k141_17903	Bacteria;Bacillota;Clostridia;Thermoanaerobacterales;Thermoanaerobacteraceae;Thermoanaerobacter
k141_21261	Archaea;Thermoproteota;Thermoprotei;Desulfurococcales;Desulfurococcaceae;Ignicoccus;Ignicoccus islandicus
k141_24994	Bacteria;Fusobacteriota;Fusobacteriia;Fusobacteriales;Fusobacteriaceae;Fusobacterium
k141_21262	
k141_57698	Bacteria;Planctomycetota;Planctomycetia;Pirellulales;Pirellulaceae;Rhodopirellula;Rhodopirellula baltica
k141_24995	Bacteria;Cyanobacteriota;Cyanophyceae;Nostocales;Nostocaceae
k141_21266	Bacteria;Chlorobiota;Chlorobiia;Chlorobiales;Chlorobiaceae;Chlorobium;Chlorobium phaeobacteroides
k141_47111	Bacteria;Chloroflexota;Chloroflexia;Chloroflexales;Chloroflexaceae;Chloroflexus;Chloroflexus aurantiacus
k141_57701	Bacteria;Chlorobiota;Chlorobiia;Chlorobiales;Chlorobiaceae;Chlorobium;Chlorobium phaeobacteroides
k141_24999	Bacteria;Pseudomonadota;Gammaproteobacteria;Alteromonadales;Shewanellaceae;Shewanella
k141_21271	Bacteria;Pseudomonadota;Gammaproteobacteria;Pseudomonadales;Pseudomonadaceae;Pseudomonas
k141_57702	Archaea;Methanobacteriota;Methanococci;Methanococcales;Methanococcaceae;Methanococcus;Methanococcus maripaludis
k141_17919	Archaea;Thermoproteota;Thermoprotei;Desulfurococcales;Desulfurococcaceae;Ignicoccus;Ignicoccus hospitalis
k141_57705	Bacteria;Pseudomonadota;Gammaproteobacteria;Pseudomonadales;Pseudomonadaceae;Pseudomonas
k141_21274	Archaea;Thermoproteota;Thermoprotei;Thermoproteales;Thermoproteaceae;Pyrobaculum;Pyrobaculum calidifontis
k141_14444	Bacteria;Chlorobiota;Chlorobiia;Chlorobiales;Chlorobiaceae;Chlorobium;Chlorobium limicola
k141_17921	Archaea;Methanobacteriota;Halobacteria;Halobacteriales;Halobacteriaceae;Halobacterium
k141_57707	
k141_17923	Bacteria;Chlorobiota;Chlorobiia;Chlorobiales;Chlorobiaceae;Chlorobium;Chlorobium phaeobacteroides
k141_47127	Archaea;Thermoproteota;Thermoprotei;Desulfurococcales;Desulfurococcaceae;Ignicoccus;Ignicoccus islandicus
k141_14446	Archaea;Methanobacteriota;Halobacteria;Halobacteriales;Halobacteriaceae;Halobacterium
k141_57710	Bacteria;Pseudomonadota;Gammaproteobacteria;Pseudomonadales;Pseudomonadaceae;Pseudomonas
k141_54029	
k141_17927	Bacteria;Bacillota;Clostridia;Acetivibrionales;Acetivibrionaceae;Acetivibrio;Acetivibrio thermocellus
k141_25013	Bacteria;Pseudomonadota;Gammaproteobacteria;Alteromonadales;Shewanellaceae;Shewanella
k141_17930	Bacteria;Chlorobiota;Chlorobiia;Chlorobiales;Chlorobiaceae;Chlorobaculum;Chlorobaculum tepidum
k141_14449	Bacteria;Verrucomicrobiota;Verrucomicrobiia;Verrucomicrobiales;Akkermansiaceae;Akkermansia;Akkermansia muciniphila
k141_54033	Bacteria;Pseudomonadota;Gammaproteobacteria;Pseudomonadales;Pseudomonadaceae;Pseudomonas
k141_25015	Bacteria;Chloroflexota;Chloroflexia;Chloroflexales;Chloroflexaceae;Chloroflexus;Chloroflexus aurantiacus
k141_17931	Bacteria;Spirochaetota;Spirochaetia;Treponematales;Treponemataceae;Treponema
k141_14453	Bacteria;Chlorobiota;Chlorobiia;Chlorobiales;Chlorobiaceae;Chlorobium;Chlorobium phaeobacteroides
k141_17932	Bacteria;Pseudomonadota;Gammaproteobacteria;Pseudomonadales;Pseudomonadaceae;Pseudomonas
k141_47140	Bacteria;Pseudomonadota;Gammaproteobacteria;Pseudomonadales;Pseudomonadaceae;Pseudomonas
k141_21304	Bacteria;Chlorobiota;Chlorobiia;Chlorobiales;Chlorobiaceae;Chlorobaculum;Chlorobaculum tepidum
k141_17941	Archaea;Thermoproteota;Thermoprotei;Desulfurococcales;Desulfurococcaceae;Ignicoccus;Ignicoccus hospitalis
k141_32077	
k141_21307	Bacteria;Spirochaetota;Spirochaetia;Treponematales;Treponemataceae;Treponema
k141_47154	Bacteria;Pseudomonadota;Gammaproteobacteria;Pseudomonadales;Pseudomonadaceae;Pseudomonas
k141_14465	Bacteria;Pseudomonadota;Gammaproteobacteria;Pseudomonadales;Pseudomonadaceae;Pseudomonas
k141_32079	Archaea;Thermoproteota;Thermoprotei;Desulfurococcales;Desulfurococcaceae;Ignicoccus;Ignicoccus islandicus
k141_21311	Bacteria;Pseudomonadota;Gammaproteobacteria;Pseudomonadales;Pseudomonadaceae;Pseudomonas
k141_14468	Bacteria;Chlorobiota;Chlorobiia;Chlorobiales;Chlorobiaceae;Chlorobium;Chlorobium phaeobacteroides
k141_25041	Bacteria;Spirochaetota;Spirochaetia;Treponematales;Treponemataceae;Treponema
k141_47160	Bacteria;Pseudomonadota;Gammaproteobacteria;Alteromonadales;Shewanellaceae;Shewanella
k141_21314	Bacteria;Pseudomonadota;Gammaproteobacteria;Alteromonadales;Shewanellaceae;Shewanella
k141_47163	Bacteria;Pseudomonadota
k141_14474	Bacteria;Pseudomonadota;Gammaproteobacteria;Pseudomonadales;Pseudomonadaceae;Pseudomonas
k141_21318	Archaea;Thermoproteota;Thermoprotei;Desulfurococcales;Desulfurococcaceae;Ignicoccus;Ignicoccus islandicus
k141_17963	Bacteria;Pseudomonadota;Gammaproteobacteria;Pseudomonadales;Pseudomonadaceae;Pseudomonas
k141_3460	Bacteria;Bacillota
k141_32091	Archaea;Methanobacteriota;Methanococci;Methanococcales;Methanococcaceae;Methanococcus;Methanococcus maripaludis
k141_17964	Archaea;Thermoproteota;Thermoprotei;Desulfurococcales;Desulfurococcaceae;Ignicoccus;Ignicoccus hospitalis
k141_3461	Bacteria;Bacteroidota;Bacteroidia;Bacteroidales;Bacteroidaceae;Phocaeicola
k141_54034	Bacteria;Planctomycetota;Planctomycetia;Pirellulales;Pirellulaceae;Rhodopirellula;Rhodopirellula baltica
k141_3462	Bacteria;Pseudomonadota;Gammaproteobacteria;Pseudomonadales;Pseudomonadaceae;Pseudomonas
k141_17967	Bacteria;Pseudomonadota;Gammaproteobacteria;Pseudomonadales;Pseudomonadaceae;Pseudomonas
k141_47172	Bacteria;Pseudomonadota;Gammaproteobacteria;Pseudomonadales;Pseudomonadaceae;Pseudomonas
k141_17968	Bacteria;Pseudomonadota;Gammaproteobacteria;Pseudomonadales;Pseudomonadaceae;Pseudomonas
k141_21321	
k141_25052	Bacteria;Pseudomonadota;Gammaproteobacteria;Alteromonadales;Shewanellaceae;Shewanella;Shewanella baltica
k141_14487	Bacteria;Verrucomicrobiota;Verrucomicrobiia;Verrucomicrobiales;Akkermansiaceae;Akkermansia;Akkermansia muciniphila
k141_32092	Bacteria;Planctomycetota;Planctomycetia;Pirellulales;Pirellulaceae;Rhodopirellula;Rhodopirellula baltica
k141_21324	Bacteria;Pseudomonadota;Gammaproteobacteria;Alteromonadales;Shewanellaceae;Shewanella
k141_25053	Archaea;Methanobacteriota;Halobacteria;Halobacteriales;Halobacteriaceae;Halobacterium
k141_17969	Archaea;Methanobacteriota;Methanococci;Methanococcales;Methanococcaceae;Methanococcus;Methanococcus maripaludis
k141_3478	Bacteria;Pseudomonadota;Gammaproteobacteria;Pseudomonadales;Pseudomonadaceae;Pseudomonas
k141_21332	Bacteria;Fusobacteriota;Fusobacteriia;Fusobacteriales;Fusobacteriaceae;Fusobacterium
k141_25060	Bacteria
k141_17980	
k141_54039	Bacteria;Planctomycetota;Planctomycetia;Pirellulales;Pirellulaceae;Rhodopirellula;Rhodopirellula baltica
k141_21338	Bacteria;Campylobacterota;Epsilonproteobacteria;Campylobacterales;Helicobacteraceae;Wolinella;Wolinella succinogenes
k141_17981	Bacteria;Planctomycetota;Planctomycetia;Pirellulales;Pirellulaceae;Rhodopirellula;Rhodopirellula baltica
k141_25064	Bacteria;Fusobacteriota;Fusobacteriia;Fusobacteriales;Fusobacteriaceae;Fusobacterium
k141_32105	
k141_54041	Bacteria;Pseudomonadota;Gammaproteobacteria;Alteromonadales;Shewanellaceae;Shewanella
k141_32106	Bacteria;Chlorobiota;Chlorobiia;Chlorobiales;Chlorobiaceae;Chlorobium;Chlorobium phaeobacteroides
k141_32108	Bacteria;Pseudomonadota;Gammaproteobacteria;Pseudomonadales;Pseudomonadaceae;Pseudomonas
k141_25070	Bacteria
k141_21344	
k141_17982	Bacteria;Planctomycetota;Planctomycetia;Pirellulales;Pirellulaceae;Rhodopirellula;Rhodopirellula baltica
k141_47178	Archaea;Methanobacteriota;Methanococci;Methanococcales;Methanocaldococcaceae;Methanocaldococcus;Methanocaldococcus jannaschii
k141_57711	
k141_54053	Bacteria;Pseudomonadota;Gammaproteobacteria;Alteromonadales;Shewanellaceae;Shewanella;Shewanella baltica
k141_21355	Bacteria;Pseudomonadota;Gammaproteobacteria;Alteromonadales;Shewanellaceae;Shewanella
k141_17994	Bacteria;Campylobacterota;Epsilonproteobacteria;Campylobacterales;Helicobacteraceae;Wolinella;Wolinella succinogenes
k141_14488	Bacteria;Bacillota
k141_32113	Bacteria;Planctomycetota;Planctomycetia;Pirellulales;Pirellulaceae;Rhodopirellula;Rhodopirellula baltica
k141_14490	Archaea;Thermoproteota;Thermoprotei;Desulfurococcales;Desulfurococcaceae;Ignicoccus;Ignicoccus islandicus
k141_17999	Bacteria;Pseudomonadota;Gammaproteobacteria;Pseudomonadales;Pseudomonadaceae
k141_21364	Bacteria;Verrucomicrobiota;Verrucomicrobiia;Verrucomicrobiales;Akkermansiaceae;Akkermansia;Akkermansia muciniphila
k141_54065	Archaea;Methanobacteriota;Archaeoglobi;Archaeoglobales;Archaeoglobaceae;Archaeoglobus;Archaeoglobus fulgidus
k141_14492	Bacteria;Chlorobiota;Chlorobiia;Chlorobiales;Chlorobiaceae;Chlorobium;Chlorobium phaeobacteroides
k141_3487	Bacteria;Pseudomonadota;Betaproteobacteria;Nitrosomonadales;Nitrosomonadaceae;Nitrosomonas
k141_21367	Bacteria;Verrucomicrobiota;Verrucomicrobiia;Verrucomicrobiales;Akkermansiaceae;Akkermansia;Akkermansia muciniphila
k141_57714	Bacteria;Pseudomonadota;Gammaproteobacteria;Alteromonadales;Shewanellaceae;Shewanella
k141_47182	
k141_14493	Bacteria;Planctomycetota;Planctomycetia;Pirellulales;Pirellulaceae;Rhodopirellula
k141_21368	Bacteria;Pseudomonadota;Gammaproteobacteria;Alteromonadales;Shewanellaceae;Shewanella;Shewanella baltica
k141_3491	Bacteria;Thermodesulfobacteriota;Desulfobulbia;Desulfobulbales;Desulfobulbaceae;Desulfobulbus;Desulfobulbus oralis
k141_21374	Bacteria;Chlorobiota;Chlorobiia;Chlorobiales;Chlorobiaceae;Chlorobium;Chlorobium phaeobacteroides
k141_54068	Archaea;Methanobacteriota;Methanobacteria;Methanobacteriales;Methanothermaceae;Methanothermus;Methanothermus sociabilis
k141_3492	Bacteria;Bacillota
k141_14494	Archaea;Methanobacteriota;Halobacteria;Halobacteriales;Halobacteriaceae;Halobacterium
k141_3494	Bacteria;Pseudomonadota;Gammaproteobacteria;Pseudomonadales;Pseudomonadaceae;Pseudomonas
k141_21382	Bacteria;Pseudomonadota;Gammaproteobacteria
k141_54073	Bacteria;Aquificota;Aquificia;Aquificales;Aquificaceae;Hydrogenobaculum;Hydrogenobaculum sp. Y04AAS1
k141_3498	Bacteria;Pseudomonadota;Gammaproteobacteria;Pseudomonadales;Pseudomonadaceae;Pseudomonas
k141_57722	Bacteria;Fusobacteriota;Fusobacteriia;Fusobacteriales;Fusobacteriaceae;Fusobacterium
k141_54075	Bacteria;Cyanobacteriota;Cyanophyceae;Nostocales;Nostocaceae
k141_18009	Bacteria;Chlorobiota;Chlorobiia;Chlorobiales;Chlorobiaceae;Chlorobium;Chlorobium limicola
k141_14496	Bacteria;Planctomycetota;Planctomycetia;Pirellulales;Pirellulaceae;Rhodopirellula;Rhodopirellula baltica
k141_21389	Bacteria;Planctomycetota;Planctomycetia;Pirellulales;Pirellulaceae;Rhodopirellula;Rhodopirellula baltica
k141_18013	Bacteria;Chlorobiota;Chlorobiia;Chlorobiales;Chlorobiaceae;Chlorobaculum;Chlorobaculum tepidum
k141_3509	Archaea;Thermoproteota;Thermoprotei;Desulfurococcales;Desulfurococcaceae;Ignicoccus;Ignicoccus hospitalis
k141_25084	Bacteria;Bacillota;Clostridia;Thermoanaerobacterales;Thermoanaerobacteraceae;Thermoanaerobacter
k141_21390	
k141_18015	Archaea;Thermoproteota;Thermoprotei;Desulfurococcales;Desulfurococcaceae;Ignicoccus;Ignicoccus hospitalis
k141_21391	Bacteria;Cyanobacteriota;Cyanophyceae;Nostocales;Nostocaceae
k141_54090	Bacteria;Pseudomonadota;Betaproteobacteria;Burkholderiales;Burkholderiaceae;Paraburkholderia;Paraburkholderia xenovorans
k141_18017	
k141_3514	Bacteria;Pseudomonadota;Gammaproteobacteria;Pseudomonadales;Pseudomonadaceae;Pseudomonas
k141_3515	Bacteria;Campylobacterota;Epsilonproteobacteria;Campylobacterales;Helicobacteraceae;Wolinella;Wolinella succinogenes
k141_54092	
k141_18023	Bacteria;Planctomycetota;Planctomycetia;Pirellulales;Pirellulaceae;Rhodopirellula;Rhodopirellula baltica
k141_18025	Bacteria;Pseudomonadota;Gammaproteobacteria;Pseudomonadales;Pseudomonadaceae;Pseudomonas
k141_21404	Bacteria;Planctomycetota;Planctomycetia;Pirellulales;Pirellulaceae;Rhodopirellula;Rhodopirellula baltica
k141_18027	Bacteria;Chlorobiota;Chlorobiia;Chlorobiales;Chlorobiaceae;Chlorobium;Chlorobium phaeobacteroides
k141_54103	Bacteria;Bacteroidota;Bacteroidia;Bacteroidales
k141_3518	Bacteria;Fusobacteriota;Fusobacteriia;Fusobacteriales;Fusobacteriaceae;Fusobacterium
k141_21411	Bacteria;Pseudomonadota;Gammaproteobacteria;Alteromonadales;Shewanellaceae;Shewanella
k141_3526	Bacteria;Pseudomonadota;Gammaproteobacteria;Pseudomonadales;Pseudomonadaceae;Pseudomonas
k141_18044	Bacteria;Pseudomonadota;Gammaproteobacteria;Pseudomonadales;Pseudomonadaceae;Pseudomonas
k141_54115	Archaea;Thermoproteota;Thermoprotei;Desulfurococcales;Desulfurococcaceae;Ignicoccus;Ignicoccus islandicus
k141_25086	Bacteria;Chlorobiota;Chlorobiia;Chlorobiales;Chlorobiaceae;Chlorobium;Chlorobium limicola
k141_25088	Bacteria;Verrucomicrobiota;Verrucomicrobiia;Verrucomicrobiales;Akkermansiaceae;Akkermansia;Akkermansia muciniphila
k141_25089	Bacteria;Chlorobiota;Chlorobiia;Chlorobiales;Chlorobiaceae;Chlorobium;Chlorobium phaeobacteroides
k141_21413	Bacteria;Fusobacteriota;Fusobacteriia;Fusobacteriales;Fusobacteriaceae;Fusobacterium
k141_3541	Bacteria;Pseudomonadota;Betaproteobacteria;Nitrosomonadales;Nitrosomonadaceae;Nitrosomonas;Nitrosomonas europaea
k141_25092	Archaea;Thermoproteota;Thermoprotei;Desulfurococcales;Desulfurococcaceae;Ignicoccus;Ignicoccus islandicus
k141_18047	Bacteria;Thermotogota;Thermotogae;Thermotogales;Thermotogaceae;Thermotoga
k141_54140	Bacteria;Pseudomonadota;Gammaproteobacteria;Pseudomonadales;Pseudomonadaceae;Pseudomonas
k141_3546	Bacteria;Planctomycetota;Planctomycetia;Pirellulales;Pirellulaceae;Rhodopirellula;Rhodopirellula baltica
k141_25094	Archaea;Methanobacteriota;Methanococci;Methanococcales;Methanococcaceae;Methanococcus
k141_54142	Bacteria;Pseudomonadota;Gammaproteobacteria;Pseudomonadales;Pseudomonadaceae;Pseudomonas
k141_18051	Bacteria;Pseudomonadota;Gammaproteobacteria;Alteromonadales;Shewanellaceae;Shewanella;Shewanella baltica
k141_21417	Archaea;Methanobacteriota;Methanococci;Methanococcales;Methanococcaceae;Methanococcus;Methanococcus maripaludis
k141_25095	Bacteria;Pseudomonadota;Gammaproteobacteria;Pseudomonadales;Pseudomonadaceae;Pseudomonas
k141_14498	Bacteria;Bacteroidota;Bacteroidia;Bacteroidales
k141_3553	Bacteria;Pseudomonadota;Gammaproteobacteria;Pseudomonadales;Pseudomonadaceae;Pseudomonas
k141_25097	Bacteria;Cyanobacteriota;Cyanophyceae;Nostocales;Nostocaceae
k141_32144	Bacteria;Thermodesulfobacteriota;Desulfobulbia;Desulfobulbales;Desulfobulbaceae;Desulfobulbus;Desulfobulbus oralis
k141_3556	Archaea;Thermoproteota;Thermoprotei;Desulfurococcales;Desulfurococcaceae;Ignicoccus;Ignicoccus islandicus
k141_18053	Bacteria;Planctomycetota;Planctomycetia;Pirellulales;Pirellulaceae;Rhodopirellula;Rhodopirellula baltica
k141_18054	Bacteria;Pseudomonadota;Gammaproteobacteria
k141_32148	Bacteria;Pseudomonadota;Gammaproteobacteria;Alteromonadales;Shewanellaceae;Shewanella
k141_32149	Archaea;Thermoproteota;Thermoprotei;Desulfurococcales;Desulfurococcaceae;Ignicoccus;Ignicoccus hospitalis
k141_3557	Archaea;Methanobacteriota;Methanococci;Methanococcales;Methanococcaceae;Methanococcus;Methanococcus maripaludis
k141_54157	Bacteria;Pseudomonadota;Gammaproteobacteria;Pseudomonadales;Pseudomonadaceae;Pseudomonas
k141_21431	Bacteria;Pseudomonadota;Gammaproteobacteria;Alteromonadales;Shewanellaceae;Shewanella;Shewanella baltica
k141_32150	Bacteria;Chlorobiota;Chlorobiia;Chlorobiales;Chlorobiaceae;Chlorobium;Chlorobium phaeobacteroides
k141_14514	Bacteria;Chlorobiota;Chlorobiia;Chlorobiales;Chlorobiaceae;Chlorobium;Chlorobium phaeobacteroides
k141_32151	Bacteria;Pseudomonadota;Gammaproteobacteria;Pseudomonadales;Pseudomonadaceae;Pseudomonas
k141_21433	Bacteria;Chlorobiota;Chlorobiia;Chlorobiales;Chlorobiaceae;Chlorobaculum;Chlorobaculum tepidum
k141_21434	
k141_25125	Bacteria;Bacteroidota;Bacteroidia;Bacteroidales;Bacteroidaceae;Phocaeicola
k141_3567	Bacteria;Chloroflexota;Chloroflexia;Chloroflexales;Chloroflexaceae;Chloroflexus;Chloroflexus aurantiacus
k141_54170	Bacteria;Pseudomonadota;Gammaproteobacteria;Pseudomonadales;Pseudomonadaceae;Pseudomonas
k141_21436	Archaea;Thermoproteota;Thermoprotei;Desulfurococcales;Desulfurococcaceae;Ignicoccus;Ignicoccus islandicus
k141_32160	Bacteria;Pseudomonadota;Gammaproteobacteria;Pseudomonadales;Pseudomonadaceae;Pseudomonas
k141_3570	Bacteria;Pseudomonadota;Gammaproteobacteria;Pseudomonadales;Pseudomonadaceae;Pseudomonas
k141_54172	Bacteria;Pseudomonadota;Gammaproteobacteria;Pseudomonadales;Pseudomonadaceae;Pseudomonas
k141_3571	Bacteria;Pseudomonadota;Gammaproteobacteria;Pseudomonadales;Pseudomonadaceae;Pseudomonas
k141_18055	Bacteria;Planctomycetota;Planctomycetia;Pirellulales;Pirellulaceae;Rhodopirellula;Rhodopirellula baltica
k141_32161	Bacteria;Chlorobiota;Chlorobiia;Chlorobiales;Chlorobiaceae;Chlorobaculum;Chlorobaculum tepidum
k141_25138	Bacteria;Aquificota;Aquificia;Aquificales;Aquificaceae;Hydrogenobaculum;Hydrogenobaculum sp. Y04AAS1
k141_54173	Archaea;Thermoproteota;Thermoprotei;Desulfurococcales;Desulfurococcaceae;Ignicoccus;Ignicoccus hospitalis
k141_18058	Bacteria;Pseudomonadota;Gammaproteobacteria;Pseudomonadales;Pseudomonadaceae;Pseudomonas
k141_25142	Bacteria;Pseudomonadota;Gammaproteobacteria;Pseudomonadales;Pseudomonadaceae;Pseudomonas
k141_21440	Bacteria;Planctomycetota;Planctomycetia;Pirellulales;Pirellulaceae;Rhodopirellula;Rhodopirellula baltica
k141_25143	Bacteria;Pseudomonadota;Gammaproteobacteria;Pseudomonadales;Pseudomonadaceae;Pseudomonas
k141_21442	Bacteria;Pseudomonadota;Gammaproteobacteria;Pseudomonadales;Pseudomonadaceae;Pseudomonas
k141_3574	Bacteria;Pseudomonadota;Gammaproteobacteria;Alteromonadales;Shewanellaceae;Shewanella
k141_57727	Archaea;Methanobacteriota;Methanococci;Methanococcales;Methanocaldococcaceae;Methanocaldococcus;Methanocaldococcus jannaschii
k141_25144	Bacteria;Chloroflexota;Chloroflexia;Chloroflexales;Chloroflexaceae;Chloroflexus;Chloroflexus aurantiacus
k141_25145	
k141_18066	Archaea;Thermoproteota;Thermoprotei;Desulfurococcales;Desulfurococcaceae;Ignicoccus;Ignicoccus islandicus
k141_3581	Bacteria;Bacteroidota;Bacteroidia;Bacteroidales
k141_25148	Bacteria;Pseudomonadota;Gammaproteobacteria;Pseudomonadales;Pseudomonadaceae;Pseudomonas
k141_21453	Bacteria;Pseudomonadota;Gammaproteobacteria;Alteromonadales;Shewanellaceae;Shewanella;Shewanella baltica
k141_25150	
k141_54175	Archaea;Methanobacteriota;Methanobacteria;Methanobacteriales;Methanothermaceae;Methanothermus;Methanothermus sociabilis
k141_18080	Bacteria;Spirochaetota;Spirochaetia;Treponematales;Treponemataceae;Treponema
k141_3584	Bacteria;Pseudomonadota;Gammaproteobacteria;Alteromonadales;Shewanellaceae;Shewanella
k141_21458	Bacteria;Planctomycetota;Planctomycetia;Pirellulales;Pirellulaceae;Rhodopirellula
k141_32168	
k141_14518	Bacteria;Bacteroidota;Bacteroidia;Bacteroidales;Porphyromonadaceae;Porphyromonas;Porphyromonas gingivalis
k141_57745	Bacteria;Pseudomonadota;Gammaproteobacteria;Alteromonadales;Shewanellaceae;Shewanella
k141_21462	Bacteria;Pseudomonadota;Gammaproteobacteria;Pseudomonadales;Pseudomonadaceae;Pseudomonas
k141_3588	Bacteria;Chlorobiota;Chlorobiia;Chlorobiales;Chlorobiaceae;Chlorobaculum;Chlorobaculum tepidum
k141_54184	Bacteria;Aquificota;Aquificia;Aquificales;Aquificaceae;Hydrogenobaculum
k141_18089	Bacteria;Verrucomicrobiota;Verrucomicrobiia;Verrucomicrobiales;Akkermansiaceae;Akkermansia;Akkermansia muciniphila
k141_32179	Bacteria;Chlorobiota;Chlorobiia;Chlorobiales;Chlorobiaceae;Chlorobium;Chlorobium phaeobacteroides
k141_54186	Bacteria;Chlorobiota;Chlorobiia;Chlorobiales;Chlorobiaceae;Chlorobium;Chlorobium phaeobacteroides
k141_25161	Archaea;Methanobacteriota;Methanococci;Methanococcales;Methanococcaceae;Methanococcus;Methanococcus maripaludis
k141_21468	Bacteria;Pseudomonadota;Gammaproteobacteria;Pseudomonadales;Pseudomonadaceae;Pseudomonas
k141_25162	Bacteria;Pseudomonadota;Gammaproteobacteria;Pseudomonadales;Pseudomonadaceae;Pseudomonas
k141_18095	Bacteria;Chlorobiota;Chlorobiia;Chlorobiales;Chlorobiaceae;Chlorobaculum;Chlorobaculum tepidum
k141_3599	Bacteria;Pseudomonadota;Gammaproteobacteria;Pseudomonadales;Pseudomonadaceae;Pseudomonas
k141_57750	Bacteria;Aquificota;Aquificia;Aquificales;Aquificaceae;Hydrogenobaculum
k141_21475	Bacteria;Bacteroidota;Bacteroidia;Bacteroidales
k141_18099	Bacteria;Pseudomonadota;Gammaproteobacteria;Pseudomonadales;Pseudomonadaceae;Pseudomonas
k141_18100	Bacteria;Pseudomonadota;Gammaproteobacteria;Pseudomonadales;Pseudomonadaceae
k141_3607	
k141_21479	Archaea;Thermoproteota;Thermoprotei;Desulfurococcales;Desulfurococcaceae;Ignicoccus;Ignicoccus hospitalis
k141_21480	
k141_57751	Bacteria;Pseudomonadota;Betaproteobacteria;Nitrosomonadales;Nitrosomonadaceae;Nitrosomonas;Nitrosomonas europaea
k141_21484	Archaea;Methanobacteriota;Methanococci;Methanococcales;Methanococcaceae;Methanococcus;Methanococcus maripaludis
k141_54197	Bacteria;Planctomycetota;Planctomycetia;Pirellulales;Pirellulaceae;Rhodopirellula;Rhodopirellula baltica
k141_25175	Archaea;Thermoproteota;Thermoprotei;Desulfurococcales;Desulfurococcaceae;Ignicoccus;Ignicoccus hospitalis
k141_32190	Bacteria;Pseudomonadota;Gammaproteobacteria;Alteromonadales;Shewanellaceae;Shewanella
k141_18104	Archaea;Thermoproteota;Thermoprotei;Desulfurococcales;Desulfurococcaceae;Ignicoccus;Ignicoccus hospitalis
k141_21485	Bacteria;Pseudomonadota;Gammaproteobacteria;Alteromonadales;Shewanellaceae;Shewanella
k141_25177	Bacteria;Pseudomonadota;Gammaproteobacteria;Pseudomonadales;Pseudomonadaceae;Pseudomonas
k141_54199	Bacteria;Chlorobiota;Chlorobiia;Chlorobiales;Chlorobiaceae;Chlorobium;Chlorobium phaeobacteroides
k141_32192	Bacteria;Aquificota;Aquificia;Aquificales;Aquificaceae;Hydrogenobaculum
k141_57765	Bacteria;Pseudomonadota;Gammaproteobacteria;Alteromonadales;Shewanellaceae;Shewanella;Shewanella baltica
k141_18111	Bacteria;Verrucomicrobiota;Verrucomicrobiia;Verrucomicrobiales;Akkermansiaceae;Akkermansia;Akkermansia muciniphila
k141_32194	Bacteria;Verrucomicrobiota;Verrucomicrobiia;Verrucomicrobiales;Akkermansiaceae;Akkermansia;Akkermansia muciniphila
k141_54200	Bacteria;Pseudomonadota;Gammaproteobacteria;Pseudomonadales;Pseudomonadaceae;Pseudomonas
k141_32195	Bacteria;Pseudomonadota;Gammaproteobacteria;Alteromonadales;Shewanellaceae;Shewanella
k141_21494	Bacteria;Chlorobiota;Chlorobiia;Chlorobiales;Chlorobiaceae;Chlorobium;Chlorobium phaeobacteroides
k141_57771	Archaea;Methanobacteriota;Methanococci;Methanococcales;Methanococcaceae;Methanococcus
k141_18119	Bacteria;Pseudomonadota;Betaproteobacteria;Burkholderiales;Burkholderiaceae;Paraburkholderia;Paraburkholderia xenovorans
k141_32197	Archaea;Methanobacteriota;Methanococci;Methanococcales;Methanococcaceae;Methanococcus;Methanococcus maripaludis
k141_57773	Archaea;Methanobacteriota;Methanococci;Methanococcales;Methanococcaceae;Methanococcus;Methanococcus maripaludis
k141_3608	Bacteria;Pseudomonadota;Betaproteobacteria;Nitrosomonadales;Nitrosomonadaceae;Nitrosomonas
k141_21499	Bacteria;Aquificota;Aquificia;Aquificales;Aquificaceae;Hydrogenobaculum;Hydrogenobaculum sp. Y04AAS1
k141_32199	Bacteria;Cyanobacteriota;Cyanophyceae;Nostocales;Nostocaceae
k141_25179	Bacteria;Planctomycetota;Planctomycetia;Pirellulales;Pirellulaceae;Rhodopirellula;Rhodopirellula baltica
k141_21505	Bacteria;Cyanobacteriota;Cyanophyceae;Nostocales;Nostocaceae
k141_57775	Bacteria;Chlorobiota;Chlorobiia;Chlorobiales;Chlorobiaceae;Chlorobaculum;Chlorobaculum tepidum
k141_18131	Bacteria;Pseudomonadota;Gammaproteobacteria;Pseudomonadales;Pseudomonadaceae;Pseudomonas
k141_54222	
k141_3622	Bacteria;Thermodesulfobacteriota;Desulfobulbia;Desulfobulbales;Desulfobulbaceae;Desulfobulbus;Desulfobulbus oralis
k141_3626	Bacteria;Pseudomonadota;Gammaproteobacteria;Pseudomonadales;Pseudomonadaceae
k141_3627	Bacteria;Chloroflexota;Chloroflexia;Chloroflexales;Chloroflexaceae;Chloroflexus;Chloroflexus aurantiacus
k141_25200	Bacteria;Pseudomonadota;Gammaproteobacteria;Pseudomonadales;Pseudomonadaceae;Pseudomonas
k141_3628	Bacteria;Aquificota;Aquificia;Aquificales;Aquificaceae;Hydrogenobaculum
k141_54242	Bacteria;Chlorobiota;Chlorobiia;Chlorobiales;Chlorobiaceae;Chlorobium;Chlorobium phaeobacteroides
k141_25204	Bacteria;Chlorobiota;Chlorobiia;Chlorobiales;Chlorobiaceae;Chlorobium;Chlorobium phaeobacteroides
k141_57807	Bacteria;Pseudomonadota;Gammaproteobacteria;Alteromonadales;Shewanellaceae;Shewanella
k141_25208	Bacteria;Spirochaetota;Spirochaetia;Treponematales;Treponemataceae;Treponema
k141_57808	Bacteria;Pseudomonadota;Gammaproteobacteria;Pseudomonadales;Pseudomonadaceae;Pseudomonas
k141_54249	Archaea;Methanobacteriota;Methanococci;Methanococcales;Methanococcaceae;Methanococcus
k141_57810	Bacteria;Pseudomonadota;Gammaproteobacteria;Pseudomonadales;Pseudomonadaceae;Pseudomonas
k141_54253	Bacteria;Bacillota
k141_57825	
k141_57830	Bacteria;Pseudomonadota;Gammaproteobacteria;Pseudomonadales;Pseudomonadaceae
k141_25237	Archaea;Thermoproteota;Thermoprotei;Desulfurococcales;Desulfurococcaceae;Ignicoccus;Ignicoccus hospitalis
k141_54258	Bacteria;Pseudomonadota;Gammaproteobacteria;Alteromonadales;Shewanellaceae;Shewanella
k141_57838	Bacteria;Chlorobiota;Chlorobiia;Chlorobiales;Chlorobiaceae;Chlorobium;Chlorobium phaeobacteroides
k141_57846	Bacteria;Aquificota;Aquificia;Aquificales;Aquificaceae;Hydrogenobaculum;Hydrogenobaculum sp. Y04AAS1
k141_57848	Bacteria;Pseudomonadota;Gammaproteobacteria;Alteromonadales;Shewanellaceae;Shewanella
k141_54268	Bacteria;Bacteroidota;Bacteroidia;Bacteroidales;Porphyromonadaceae;Porphyromonas;Porphyromonas gingivalis
k141_25243	Bacteria;Bacteroidota;Bacteroidia;Bacteroidales;Porphyromonadaceae;Porphyromonas;Porphyromonas gingivalis
k141_54275	Bacteria;Pseudomonadota;Gammaproteobacteria;Alteromonadales;Shewanellaceae;Shewanella
k141_57855	
k141_25245	Bacteria;Chlorobiota;Chlorobiia;Chlorobiales;Chlorobiaceae;Chlorobaculum;Chlorobaculum tepidum
k141_57857	Bacteria;Pseudomonadota;Gammaproteobacteria;Pseudomonadales;Pseudomonadaceae;Pseudomonas
k141_54289	Bacteria;Pseudomonadota;Gammaproteobacteria;Pseudomonadales;Pseudomonadaceae;Pseudomonas
k141_57866	Archaea;Methanobacteriota;Methanococci;Methanococcales;Methanococcaceae;Methanococcus;Methanococcus maripaludis
k141_25249	Archaea;Methanobacteriota;Halobacteria;Halobacteriales;Halobacteriaceae;Halobacterium
k141_25252	Bacteria;Pseudomonadota;Gammaproteobacteria;Pseudomonadales;Pseudomonadaceae;Pseudomonas
k141_54291	Bacteria;Pseudomonadota;Gammaproteobacteria;Alteromonadales;Shewanellaceae;Shewanella
k141_57882	Bacteria;Pseudomonadota;Gammaproteobacteria;Alteromonadales;Shewanellaceae;Shewanella
k141_54292	Bacteria;Pseudomonadota;Gammaproteobacteria;Alteromonadales;Shewanellaceae;Shewanella
k141_57883	
k141_32214	Bacteria;Aquificota;Aquificia;Aquificales;Hydrogenothermaceae;Persephonella;Persephonella marina
k141_25256	Bacteria;Planctomycetota;Planctomycetia;Pirellulales;Pirellulaceae;Rhodopirellula;Rhodopirellula baltica
k141_57888	
k141_25257	Bacteria;Chlorobiota;Chlorobiia;Chlorobiales;Chlorobiaceae;Chlorobium;Chlorobium phaeobacteroides
k141_54304	Bacteria;Pseudomonadota;Gammaproteobacteria;Alteromonadales;Shewanellaceae;Shewanella
k141_32233	Bacteria;Pseudomonadota
k141_54308	Bacteria;Pseudomonadota;Gammaproteobacteria;Pseudomonadales;Pseudomonadaceae;Pseudomonas
k141_25263	Bacteria;Aquificota;Aquificia;Aquificales;Aquificaceae;Hydrogenobaculum
k141_32234	Bacteria;Pseudomonadota;Gammaproteobacteria;Pseudomonadales;Pseudomonadaceae;Pseudomonas
k141_57898	
k141_32236	Archaea;Thermoproteota;Thermoprotei;Desulfurococcales;Desulfurococcaceae;Ignicoccus;Ignicoccus islandicus
k141_25269	Bacteria;Pseudomonadota;Gammaproteobacteria;Pseudomonadales;Pseudomonadaceae;Pseudomonas
k141_54313	Bacteria;Chlorobiota;Chlorobiia;Chlorobiales;Chlorobiaceae;Chlorobium;Chlorobium phaeobacteroides
k141_32239	Bacteria;Pseudomonadota;Gammaproteobacteria
k141_25273	Bacteria;Pseudomonadota;Gammaproteobacteria;Pseudomonadales;Pseudomonadaceae;Pseudomonas
k141_57905	Archaea;Thermoproteota;Thermoprotei;Desulfurococcales;Desulfurococcaceae;Ignicoccus;Ignicoccus hospitalis
k141_54319	Bacteria;Cyanobacteriota;Cyanophyceae;Nostocales;Nostocaceae
k141_32246	Bacteria;Pseudomonadota;Gammaproteobacteria;Alteromonadales;Shewanellaceae;Shewanella
k141_57909	Bacteria;Fusobacteriota;Fusobacteriia;Fusobacteriales;Fusobacteriaceae;Fusobacterium
k141_54321	Bacteria;Pseudomonadota;Gammaproteobacteria;Pseudomonadales;Pseudomonadaceae;Pseudomonas
k141_57910	Bacteria;Pseudomonadota;Gammaproteobacteria;Alteromonadales;Shewanellaceae;Shewanella
k141_25274	Bacteria
k141_57913	
k141_57914	Bacteria;Spirochaetota;Spirochaetia;Treponematales;Treponemataceae;Treponema
k141_25278	Bacteria;Pseudomonadota;Gammaproteobacteria;Pseudomonadales;Pseudomonadaceae;Pseudomonas
k141_32269	Bacteria;Pseudomonadota;Gammaproteobacteria;Alteromonadales;Shewanellaceae;Shewanella;Shewanella baltica
k141_57918	Bacteria;Pseudomonadota
k141_54344	Bacteria;Chlorobiota;Chlorobiia;Chlorobiales;Chlorobiaceae;Chlorobium;Chlorobium phaeobacteroides
k141_25279	Bacteria;Fusobacteriota;Fusobacteriia;Fusobacteriales;Fusobacteriaceae;Fusobacterium
k141_54345	Bacteria;Chloroflexota;Chloroflexia;Chloroflexales;Chloroflexaceae;Chloroflexus;Chloroflexus aurantiacus
k141_32277	Bacteria;Pseudomonadota;Gammaproteobacteria;Pseudomonadales;Pseudomonadaceae;Pseudomonas
k141_32279	Bacteria;Chlorobiota;Chlorobiia;Chlorobiales;Chlorobiaceae;Chlorobium;Chlorobium phaeobacteroides
k141_25285	Bacteria;Chloroflexota;Chloroflexia;Chloroflexales;Chloroflexaceae;Chloroflexus;Chloroflexus aurantiacus
k141_54347	Bacteria;Chlorobiota;Chlorobiia;Chlorobiales;Chlorobiaceae;Chlorobium;Chlorobium phaeobacteroides
k141_57919	Bacteria;Planctomycetota;Planctomycetia;Pirellulales;Pirellulaceae;Rhodopirellula;Rhodopirellula baltica
k141_54351	Bacteria;Campylobacterota;Epsilonproteobacteria;Campylobacterales;Helicobacteraceae;Wolinella;Wolinella succinogenes
k141_57921	Bacteria;Aquificota;Aquificia;Aquificales;Aquificaceae;Hydrogenobaculum;Hydrogenobaculum sp. Y04AAS1
k141_57923	Bacteria;Pseudomonadota;Gammaproteobacteria;Pseudomonadales;Pseudomonadaceae;Pseudomonas
k141_54352	Bacteria;Pseudomonadota;Gammaproteobacteria;Pseudomonadales;Pseudomonadaceae;Pseudomonas
k141_25298	Bacteria;Aquificota;Aquificia;Aquificales;Aquificaceae;Hydrogenobaculum
k141_57927	Bacteria;Chloroflexota;Chloroflexia;Chloroflexales;Chloroflexaceae;Chloroflexus;Chloroflexus aurantiacus
k141_54353	Bacteria;Campylobacterota;Epsilonproteobacteria;Campylobacterales;Helicobacteraceae;Wolinella;Wolinella succinogenes
k141_57928	Bacteria;Thermodesulfobacteriota;Desulfobulbia;Desulfobulbales;Desulfobulbaceae;Desulfobulbus;Desulfobulbus oralis
k141_25301	Bacteria;Pseudomonadota;Gammaproteobacteria;Pseudomonadales;Pseudomonadaceae;Pseudomonas
k141_57929	Bacteria;Pseudomonadota;Gammaproteobacteria;Pseudomonadales;Pseudomonadaceae;Pseudomonas
k141_32302	Bacteria;Chlorobiota;Chlorobiia;Chlorobiales;Chlorobiaceae;Chlorobium;Chlorobium phaeobacteroides
k141_25309	Bacteria;Pseudomonadota;Gammaproteobacteria;Alteromonadales;Shewanellaceae;Shewanella
k141_32306	Bacteria;Pseudomonadota;Gammaproteobacteria;Alteromonadales;Shewanellaceae;Shewanella
k141_57933	Bacteria;Fusobacteriota;Fusobacteriia;Fusobacteriales;Fusobacteriaceae;Fusobacterium
k141_21507	Bacteria;Pseudomonadota;Betaproteobacteria;Nitrosomonadales;Nitrosomonadaceae;Nitrosomonas
k141_21509	Bacteria;Pseudomonadota;Gammaproteobacteria;Pseudomonadales;Pseudomonadaceae;Pseudomonas
k141_25310	Bacteria;Pseudomonadota;Gammaproteobacteria;Alteromonadales;Shewanellaceae;Shewanella
k141_57935	Bacteria;Pseudomonadota;Gammaproteobacteria;Alteromonadales;Shewanellaceae;Shewanella
k141_57941	Bacteria;Pseudomonadota;Gammaproteobacteria;Pseudomonadales;Pseudomonadaceae;Pseudomonas
k141_25326	Bacteria;Pseudomonadota;Gammaproteobacteria;Pseudomonadales;Pseudomonadaceae;Pseudomonas
k141_21518	Bacteria;Chlorobiota;Chlorobiia;Chlorobiales;Chlorobiaceae;Chlorobaculum;Chlorobaculum tepidum
k141_21520	
k141_25327	Bacteria;Pseudomonadota;Gammaproteobacteria;Pseudomonadales;Pseudomonadaceae;Pseudomonas
k141_21524	
k141_32312	
k141_25332	Archaea;Thermoproteota;Thermoprotei;Thermoproteales;Thermoproteaceae;Pyrobaculum;Pyrobaculum calidifontis
k141_36058	Bacteria;Gemmatimonadota;Gemmatimonadia;Gemmatimonadales;Gemmatimonadaceae;Gemmatimonas;Gemmatimonas aurantiaca
k141_21528	Bacteria;Chlorobiota;Chlorobiia;Chlorobiales;Chlorobiaceae;Chlorobium;Chlorobium phaeobacteroides
k141_32314	Bacteria;Pseudomonadota;Gammaproteobacteria;Alteromonadales;Shewanellaceae;Shewanella;Shewanella baltica
k141_25338	Bacteria;Pseudomonadota;Gammaproteobacteria;Alteromonadales;Shewanellaceae;Shewanella
k141_21531	Bacteria;Aquificota;Aquificia;Aquificales;Aquificaceae;Hydrogenobaculum;Hydrogenobaculum sp. Y04AAS1
k141_32315	Archaea;Thermoproteota;Thermoprotei;Desulfurococcales;Desulfurococcaceae;Ignicoccus;Ignicoccus hospitalis
k141_21533	Bacteria;Chlorobiota;Chlorobiia;Chlorobiales;Chlorobiaceae;Chlorobium;Chlorobium phaeobacteroides
k141_32318	Archaea;Thermoproteota;Thermoprotei;Desulfurococcales;Desulfurococcaceae;Ignicoccus;Ignicoccus islandicus
k141_25340	Bacteria;Aquificota;Aquificia;Aquificales;Aquificaceae;Hydrogenobaculum;Hydrogenobaculum sp. Y04AAS1
k141_21535	Bacteria;Aquificota;Aquificia;Aquificales;Hydrogenothermaceae;Sulfurihydrogenibium;Sulfurihydrogenibium sp. YO3AOP1
k141_36070	Bacteria;Bacillota;Clostridia;Acetivibrionales;Acetivibrionaceae;Acetivibrio;Acetivibrio thermocellus
k141_32322	Bacteria;Chlorobiota;Chlorobiia;Chlorobiales;Chlorobiaceae;Chlorobium;Chlorobium phaeobacteroides
k141_25341	Bacteria;Pseudomonadota;Gammaproteobacteria;Pseudomonadales;Pseudomonadaceae;Pseudomonas
k141_32323	Bacteria;Pseudomonadota;Gammaproteobacteria;Pseudomonadales;Pseudomonadaceae;Pseudomonas
k141_21538	Bacteria;Verrucomicrobiota;Verrucomicrobiia;Verrucomicrobiales;Akkermansiaceae;Akkermansia;Akkermansia muciniphila
k141_57954	Bacteria;Fusobacteriota;Fusobacteriia;Fusobacteriales;Fusobacteriaceae;Fusobacterium
k141_54358	
k141_21540	Bacteria;Verrucomicrobiota;Verrucomicrobiia;Verrucomicrobiales;Akkermansiaceae;Akkermansia;Akkermansia muciniphila
k141_36080	Bacteria;Chlorobiota;Chlorobiia;Chlorobiales;Chlorobiaceae;Chlorobaculum;Chlorobaculum tepidum
k141_25346	Archaea;Thermoproteota;Thermoprotei;Desulfurococcales;Desulfurococcaceae;Ignicoccus;Ignicoccus hospitalis
k141_21542	Bacteria;Aquificota;Aquificia;Aquificales;Aquificaceae;Hydrogenobaculum
k141_57957	Bacteria;Pseudomonadota;Gammaproteobacteria;Pseudomonadales;Pseudomonadaceae;Pseudomonas
k141_32332	Bacteria;Aquificota;Aquificia;Aquificales;Aquificaceae;Hydrogenobaculum
k141_54365	Bacteria;Aquificota;Aquificia;Aquificales;Aquificaceae;Hydrogenobaculum
k141_21545	Bacteria;Pseudomonadota;Gammaproteobacteria;Pseudomonadales;Pseudomonadaceae;Pseudomonas
k141_57959	Bacteria;Chloroflexota;Chloroflexia;Chloroflexales;Chloroflexaceae;Chloroflexus;Chloroflexus aurantiacus
k141_36084	Bacteria;Bacillota
k141_25349	Archaea;Thermoproteota;Thermoprotei;Desulfurococcales;Desulfurococcaceae;Ignicoccus;Ignicoccus hospitalis
k141_21549	Bacteria;Cyanobacteriota;Cyanophyceae;Nostocales;Nostocaceae
k141_54371	Archaea;Thermoproteota;Thermoprotei;Desulfurococcales;Desulfurococcaceae;Ignicoccus;Ignicoccus islandicus
k141_36085	
k141_54379	Bacteria;Chlorobiota;Chlorobiia;Chlorobiales;Chlorobiaceae;Chlorobium;Chlorobium phaeobacteroides
k141_32338	Bacteria;Planctomycetota;Planctomycetia;Pirellulales;Pirellulaceae;Rhodopirellula;Rhodopirellula baltica
k141_21567	Bacteria;Pseudomonadota;Gammaproteobacteria;Pseudomonadales;Pseudomonadaceae;Pseudomonas
k141_54381	Bacteria;Thermodesulfobacteriota;Desulfuromonadia;Geobacterales;Geobacteraceae;Geobacter
k141_32339	Bacteria;Pseudomonadota;Gammaproteobacteria;Pseudomonadales;Pseudomonadaceae;Pseudomonas
k141_21570	Bacteria;Pseudomonadota;Gammaproteobacteria;Pseudomonadales;Pseudomonadaceae;Pseudomonas
k141_36099	Bacteria;Aquificota;Aquificia;Aquificales;Aquificaceae;Hydrogenobaculum;Hydrogenobaculum sp. Y04AAS1
k141_36100	Bacteria;Pseudomonadota;Gammaproteobacteria;Pseudomonadales;Pseudomonadaceae;Pseudomonas
k141_57986	Bacteria;Fusobacteriota;Fusobacteriia;Fusobacteriales;Fusobacteriaceae;Fusobacterium
k141_32351	Archaea;Thermoproteota;Thermoprotei;Desulfurococcales;Desulfurococcaceae;Ignicoccus;Ignicoccus islandicus
k141_32353	Archaea;Thermoproteota;Thermoprotei;Thermoproteales;Thermoproteaceae;Pyrobaculum;Pyrobaculum calidifontis
k141_21588	Bacteria;Planctomycetota;Planctomycetia;Pirellulales;Pirellulaceae;Rhodopirellula;Rhodopirellula baltica
k141_36114	Bacteria;Chloroflexota;Chloroflexia;Chloroflexales;Chloroflexaceae;Chloroflexus;Chloroflexus aurantiacus
k141_57996	Bacteria;Aquificota;Aquificia;Aquificales;Aquificaceae;Hydrogenobaculum
k141_32358	Bacteria;Chlorobiota;Chlorobiia;Chlorobiales;Chlorobiaceae;Chlorobaculum
k141_21597	Bacteria;Aquificota;Aquificia;Aquificales;Hydrogenothermaceae;Sulfurihydrogenibium;Sulfurihydrogenibium sp. YO3AOP1
k141_36117	Bacteria;Aquificota;Aquificia;Aquificales;Aquificaceae;Hydrogenobaculum
k141_58001	Bacteria;Fusobacteriota;Fusobacteriia;Fusobacteriales;Fusobacteriaceae;Fusobacterium
k141_21600	Bacteria
k141_32366	Archaea;Thermoproteota;Thermoprotei;Desulfurococcales;Desulfurococcaceae;Ignicoccus;Ignicoccus islandicus
k141_32367	Bacteria;Chlorobiota;Chlorobiia;Chlorobiales;Chlorobiaceae;Chlorobaculum;Chlorobaculum tepidum
k141_58004	
k141_36133	
k141_32374	Bacteria;Pseudomonadota;Gammaproteobacteria;Alteromonadales;Shewanellaceae;Shewanella;Shewanella baltica
k141_58005	Archaea;Thermoproteota;Thermoprotei;Thermoproteales;Thermoproteaceae;Pyrobaculum;Pyrobaculum calidifontis
k141_36137	Bacteria;Aquificota;Aquificia;Aquificales;Aquificaceae;Hydrogenobaculum
k141_21619	Bacteria;Pseudomonadota;Gammaproteobacteria;Pseudomonadales;Pseudomonadaceae;Pseudomonas
k141_36140	
k141_32384	Bacteria;Pseudomonadota;Gammaproteobacteria;Pseudomonadales;Pseudomonadaceae;Pseudomonas
k141_58008	Archaea;Methanobacteriota;Halobacteria;Halobacteriales
k141_21622	Bacteria;Pseudomonadota;Gammaproteobacteria;Pseudomonadales;Pseudomonadaceae;Pseudomonas
k141_58011	
k141_21628	Bacteria;Pseudomonadota;Gammaproteobacteria;Pseudomonadales;Pseudomonadaceae;Pseudomonas
k141_32395	Bacteria;Pseudomonadota;Gammaproteobacteria;Pseudomonadales;Pseudomonadaceae;Pseudomonas
k141_36152	Bacteria;Pseudomonadota;Gammaproteobacteria;Alteromonadales;Shewanellaceae;Shewanella
k141_25357	Bacteria;Chlorobiota;Chlorobiia;Chlorobiales;Chlorobiaceae;Chlorobium;Chlorobium limicola
k141_32397	Bacteria;Cyanobacteriota;Cyanophyceae;Nostocales;Nostocaceae
k141_58017	Bacteria;Fusobacteriota;Fusobacteriia;Fusobacteriales;Fusobacteriaceae;Fusobacterium
k141_36158	Archaea;Thermoproteota;Thermoprotei;Thermoproteales;Thermoproteaceae;Pyrobaculum;Pyrobaculum calidifontis
k141_36159	Bacteria;Spirochaetota;Spirochaetia;Treponematales;Treponemataceae;Treponema
k141_58019	Bacteria;Aquificota;Aquificia;Aquificales;Aquificaceae;Hydrogenobaculum
k141_25364	Archaea;Thermoproteota;Thermoprotei;Desulfurococcales;Desulfurococcaceae;Ignicoccus;Ignicoccus hospitalis
k141_32405	Bacteria;Chlorobiota;Chlorobiia;Chlorobiales;Chlorobiaceae;Chlorobaculum;Chlorobaculum tepidum
k141_25366	Bacteria;Pseudomonadota;Gammaproteobacteria;Alteromonadales;Shewanellaceae;Shewanella
k141_58023	
k141_21652	Bacteria;Pseudomonadota;Gammaproteobacteria;Pseudomonadales;Pseudomonadaceae;Pseudomonas
k141_36173	Bacteria;Pseudomonadota;Gammaproteobacteria;Alteromonadales;Shewanellaceae;Shewanella
k141_21657	Bacteria;Pseudomonadota;Gammaproteobacteria;Pseudomonadales;Pseudomonadaceae;Pseudomonas
k141_25369	
k141_36181	Bacteria;Pseudomonadota;Gammaproteobacteria;Pseudomonadales;Pseudomonadaceae;Pseudomonas
k141_21665	Bacteria;Pseudomonadota;Gammaproteobacteria;Pseudomonadales;Pseudomonadaceae;Pseudomonas
k141_32425	Bacteria;Thermodesulfobacteriota;Desulfobulbia;Desulfobulbales;Desulfobulbaceae;Desulfobulbus;Desulfobulbus oralis
k141_36183	Archaea;Thermoproteota;Thermoprotei;Thermoproteales;Thermoproteaceae;Pyrobaculum;Pyrobaculum calidifontis
k141_25372	Bacteria;Chlorobiota;Chlorobiia;Chlorobiales;Chlorobiaceae;Chlorobaculum;Chlorobaculum tepidum
k141_54383	Bacteria;Planctomycetota;Planctomycetia;Pirellulales;Pirellulaceae;Rhodopirellula;Rhodopirellula baltica
k141_25373	Bacteria;Planctomycetota;Planctomycetia;Pirellulales;Pirellulaceae;Rhodopirellula;Rhodopirellula baltica
k141_32434	Bacteria;Pseudomonadota;Gammaproteobacteria;Pseudomonadales;Pseudomonadaceae;Pseudomonas
k141_21668	Bacteria;Pseudomonadota;Gammaproteobacteria;Alteromonadales;Shewanellaceae;Shewanella
k141_36196	Bacteria;Pseudomonadota;Gammaproteobacteria;Pseudomonadales;Pseudomonadaceae
k141_54394	Bacteria;Bacteroidota;Bacteroidia;Bacteroidales;Bacteroidaceae;Phocaeicola;Phocaeicola vulgatus
k141_32435	Bacteria;Chlorobiota;Chlorobiia;Chlorobiales;Chlorobiaceae;Chlorobaculum;Chlorobaculum tepidum
k141_54395	Bacteria;Cyanobacteriota;Cyanophyceae;Nostocales;Nostocaceae
k141_21673	Bacteria;Pseudomonadota;Gammaproteobacteria;Pseudomonadales;Pseudomonadaceae;Pseudomonas
k141_25384	Bacteria;Pseudomonadota;Gammaproteobacteria;Pseudomonadales;Pseudomonadaceae
k141_32436	Archaea;Methanobacteriota;Methanococci;Methanococcales;Methanococcaceae;Methanococcus;Methanococcus maripaludis
k141_36211	Bacteria;Chloroflexota;Chloroflexia;Chloroflexales;Chloroflexaceae;Chloroflexus;Chloroflexus aurantiacus
k141_21686	Bacteria;Pseudomonadota;Gammaproteobacteria;Pseudomonadales;Pseudomonadaceae;Pseudomonas
k141_54403	Archaea;Methanobacteriota;Methanococci;Methanococcales;Methanococcaceae;Methanococcus
k141_21688	Bacteria;Pseudomonadota;Gammaproteobacteria;Pseudomonadales;Pseudomonadaceae;Pseudomonas
k141_36220	Bacteria;Pseudomonadota;Gammaproteobacteria;Alteromonadales;Shewanellaceae;Shewanella
k141_54405	
k141_54409	
k141_21693	Bacteria;Pseudomonadota;Gammaproteobacteria;Alteromonadales;Shewanellaceae;Shewanella
k141_36226	Bacteria;Pseudomonadota;Gammaproteobacteria;Pseudomonadales;Pseudomonadaceae;Pseudomonas
k141_21695	Bacteria;Pseudomonadota;Gammaproteobacteria;Alteromonadales;Shewanellaceae;Shewanella
k141_36229	Bacteria;Pseudomonadota;Gammaproteobacteria;Pseudomonadales;Pseudomonadaceae;Pseudomonas
k141_21699	Bacteria
k141_54411	
k141_21703	Bacteria;Pseudomonadota;Gammaproteobacteria;Alteromonadales;Shewanellaceae;Shewanella;Shewanella baltica
k141_36238	
k141_54421	Bacteria;Spirochaetota;Spirochaetia;Treponematales;Treponemataceae;Treponema
k141_21704	Bacteria;Pseudomonadota;Gammaproteobacteria;Alteromonadales;Shewanellaceae;Shewanella;Shewanella baltica
k141_21706	Bacteria;Pseudomonadota;Gammaproteobacteria;Pseudomonadales;Pseudomonadaceae
k141_36241	Bacteria;Cyanobacteriota;Cyanophyceae;Nostocales
k141_36247	Bacteria;Pseudomonadota;Gammaproteobacteria;Pseudomonadales;Pseudomonadaceae;Pseudomonas
k141_21715	Bacteria;Pseudomonadota;Gammaproteobacteria;Pseudomonadales;Pseudomonadaceae
k141_54436	Bacteria;Pseudomonadota;Gammaproteobacteria;Pseudomonadales;Pseudomonadaceae
k141_32439	
k141_58026	
k141_32445	Bacteria;Pseudomonadota;Gammaproteobacteria;Pseudomonadales;Pseudomonadaceae;Pseudomonas
k141_25393	Bacteria;Thermodesulfobacteriota;Desulfobulbia;Desulfobulbales;Desulfobulbaceae;Desulfobulbus;Desulfobulbus oralis
k141_32448	Bacteria;Pseudomonadota;Gammaproteobacteria;Alteromonadales;Shewanellaceae;Shewanella
k141_21734	Bacteria;Pseudomonadota;Gammaproteobacteria;Alteromonadales;Shewanellaceae;Shewanella
k141_25403	Bacteria;Chloroflexota;Chloroflexia;Chloroflexales;Chloroflexaceae;Chloroflexus;Chloroflexus aurantiacus
k141_25405	
k141_32451	Bacteria;Pseudomonadota;Gammaproteobacteria;Alteromonadales;Shewanellaceae;Shewanella
k141_32452	Bacteria;Pseudomonadota;Gammaproteobacteria;Pseudomonadales;Pseudomonadaceae;Pseudomonas
k141_21735	Bacteria;Pseudomonadota;Gammaproteobacteria;Alteromonadales;Shewanellaceae;Shewanella
k141_21737	Bacteria;Pseudomonadota;Gammaproteobacteria;Pseudomonadales;Pseudomonadaceae;Pseudomonas
k141_32463	Bacteria;Pseudomonadota;Gammaproteobacteria;Pseudomonadales;Pseudomonadaceae;Pseudomonas
k141_36253	
k141_36254	Bacteria;Pseudomonadota;Gammaproteobacteria;Pseudomonadales;Pseudomonadaceae;Pseudomonas
k141_21752	Bacteria;Pseudomonadota;Gammaproteobacteria;Alteromonadales;Shewanellaceae;Shewanella
k141_32478	Bacteria;Fusobacteriota;Fusobacteriia;Fusobacteriales;Fusobacteriaceae;Fusobacterium
k141_21754	Bacteria;Pseudomonadota;Gammaproteobacteria;Pseudomonadales;Pseudomonadaceae;Pseudomonas
k141_36259	Bacteria;Chlorobiota;Chlorobiia;Chlorobiales;Chlorobiaceae;Chlorobaculum;Chlorobaculum tepidum
k141_32484	Bacteria;Chlorobiota;Chlorobiia;Chlorobiales;Chlorobiaceae;Chlorobaculum;Chlorobaculum tepidum
k141_32487	Bacteria;Bacteroidota;Bacteroidia;Bacteroidales
k141_21766	Bacteria;Pseudomonadota;Gammaproteobacteria;Pseudomonadales;Pseudomonadaceae;Pseudomonas
k141_32489	Bacteria;Pseudomonadota;Gammaproteobacteria;Pseudomonadales;Pseudomonadaceae;Pseudomonas
k141_21767	Archaea;Thermoproteota;Thermoprotei;Desulfurococcales;Desulfurococcaceae;Ignicoccus;Ignicoccus hospitalis
k141_32490	Bacteria;Pseudomonadota;Gammaproteobacteria;Pseudomonadales;Pseudomonadaceae;Pseudomonas
k141_58027	Bacteria;Aquificota;Aquificia;Aquificales;Hydrogenothermaceae;Persephonella;Persephonella marina
k141_32493	Bacteria;Pseudomonadota;Gammaproteobacteria;Pseudomonadales;Pseudomonadaceae;Pseudomonas
k141_58029	
k141_32500	Bacteria;Pseudomonadota;Gammaproteobacteria;Pseudomonadales;Pseudomonadaceae;Pseudomonas
k141_36275	
k141_58031	Archaea;Methanobacteriota;Methanococci;Methanococcales;Methanocaldococcaceae;Methanocaldococcus;Methanocaldococcus jannaschii
k141_36288	Bacteria;Chlorobiota;Chlorobiia;Chlorobiales;Chlorobiaceae;Chlorobaculum;Chlorobaculum tepidum
k141_32533	Bacteria;Pseudomonadota
k141_58032	
k141_32538	Bacteria;Bacteroidota;Bacteroidia;Bacteroidales;Bacteroidaceae;Phocaeicola
k141_58033	
k141_58034	Bacteria;Planctomycetota;Planctomycetia;Pirellulales;Pirellulaceae;Rhodopirellula;Rhodopirellula baltica
k141_58035	Bacteria;Bacillota
k141_32550	Bacteria;Pseudomonadota;Gammaproteobacteria;Alteromonadales;Shewanellaceae;Shewanella
k141_58038	Bacteria;Cyanobacteriota;Cyanophyceae;Nostocales;Nostocaceae
k141_32559	Bacteria;Pseudomonadota;Gammaproteobacteria;Alteromonadales;Shewanellaceae;Shewanella
k141_58040	Bacteria;Bacillota
k141_32564	Bacteria;Chlorobiota;Chlorobiia;Chlorobiales;Chlorobiaceae;Chlorobium;Chlorobium phaeobacteroides
k141_32568	Bacteria;Chlorobiota;Chlorobiia;Chlorobiales;Chlorobiaceae;Chlorobaculum;Chlorobaculum tepidum
k141_32579	Bacteria;Cyanobacteriota;Cyanophyceae;Nostocales;Nostocaceae
k141_32583	Bacteria;Pseudomonadota;Gammaproteobacteria;Pseudomonadales;Pseudomonadaceae;Pseudomonas
k141_32590	Archaea;Thermoproteota;Thermoprotei;Desulfurococcales;Desulfurococcaceae;Ignicoccus;Ignicoccus islandicus
k141_21772	Bacteria;Gemmatimonadota;Gemmatimonadia;Gemmatimonadales;Gemmatimonadaceae;Gemmatimonas;Gemmatimonas aurantiaca
k141_32604	Bacteria;Pseudomonadota;Gammaproteobacteria;Pseudomonadales;Pseudomonadaceae;Pseudomonas
k141_21777	Archaea;Thermoproteota;Thermoprotei;Desulfurococcales;Desulfurococcaceae;Ignicoccus;Ignicoccus hospitalis
k141_32607	Bacteria;Pseudomonadota;Betaproteobacteria;Burkholderiales;Burkholderiaceae;Paraburkholderia;Paraburkholderia xenovorans
k141_21778	Bacteria;Bacteroidota;Bacteroidia;Bacteroidales
k141_32612	
k141_32615	Bacteria;Planctomycetota;Planctomycetia;Pirellulales;Pirellulaceae;Rhodopirellula;Rhodopirellula baltica
k141_32620	Bacteria;Cyanobacteriota;Cyanophyceae;Nostocales;Nostocaceae
k141_32623	Bacteria;Planctomycetota;Planctomycetia;Pirellulales;Pirellulaceae;Rhodopirellula;Rhodopirellula baltica
k141_32625	Bacteria;Pseudomonadota;Gammaproteobacteria;Pseudomonadales;Pseudomonadaceae;Pseudomonas
k141_32630	Bacteria;Planctomycetota;Planctomycetia;Pirellulales;Pirellulaceae;Rhodopirellula;Rhodopirellula baltica
k141_32637	Archaea;Thermoproteota;Thermoprotei;Desulfurococcales;Desulfurococcaceae;Ignicoccus;Ignicoccus islandicus
k141_32645	Bacteria;Pseudomonadota;Betaproteobacteria;Nitrosomonadales;Nitrosomonadaceae;Nitrosomonas
k141_32648	Bacteria;Bacillota;Clostridia;Thermoanaerobacterales;Thermoanaerobacteraceae;Thermoanaerobacter
k141_32650	Archaea;Thermoproteota;Thermoprotei;Thermoproteales;Thermoproteaceae;Pyrobaculum;Pyrobaculum calidifontis
k141_32654	Archaea;Thermoproteota;Thermoprotei;Desulfurococcales;Desulfurococcaceae;Ignicoccus;Ignicoccus islandicus
