-------------------------------------
PRODIGAL v2.6.3 [February, 2016]         
Univ of Tenn / Oak Ridge National Lab
Doug Hyatt, Loren Hauser, et al.     
-------------------------------------
Request:  Metagenomic, Phase:  Training
Initializing training files...done!
-------------------------------------
Request:  Metagenomic, Phase:  Gene Finding
Finding genes in sequence #1 (1975 bp)...done!
Finding genes in sequence #2 (2866 bp)...done!
Finding genes in sequence #3 (1554 bp)...done!
Finding genes in sequence #4 (2378 bp)...done!
Finding genes in sequence #5 (1638 bp)...done!
Finding genes in sequence #6 (1521 bp)...done!
Finding genes in sequence #7 (1534 bp)...done!
Finding genes in sequence #8 (1826 bp)...done!
Finding genes in sequence #9 (1657 bp)...done!
Finding genes in sequence #10 (1638 bp)...done!
Finding genes in sequence #11 (1612 bp)...done!
Finding genes in sequence #12 (6477 bp)...done!
Finding genes in sequence #13 (2016 bp)...done!
Finding genes in sequence #14 (1769 bp)...done!
Finding genes in sequence #15 (3305 bp)...done!
Finding genes in sequence #16 (1508 bp)...done!
Finding genes in sequence #17 (1682 bp)...done!
Finding genes in sequence #18 (1633 bp)...done!
Finding genes in sequence #19 (1511 bp)...done!
Finding genes in sequence #20 (1571 bp)...done!
Finding genes in sequence #21 (7611 bp)...done!
Finding genes in sequence #22 (2442 bp)...done!
Finding genes in sequence #23 (3246 bp)...done!
Finding genes in sequence #24 (11963 bp)...done!
Finding genes in sequence #25 (2608 bp)...done!
Finding genes in sequence #26 (4664 bp)...done!
Finding genes in sequence #27 (3127 bp)...done!
Finding genes in sequence #28 (3549 bp)...done!
Finding genes in sequence #29 (7706 bp)...done!
Finding genes in sequence #30 (2046 bp)...done!
Finding genes in sequence #31 (2589 bp)...done!
Finding genes in sequence #32 (2970 bp)...done!
Finding genes in sequence #33 (1843 bp)...done!
Finding genes in sequence #34 (17592 bp)...done!
Finding genes in sequence #35 (1578 bp)...done!
Finding genes in sequence #36 (1579 bp)...done!
Finding genes in sequence #37 (1600 bp)...done!
Finding genes in sequence #38 (2308 bp)...done!
Finding genes in sequence #39 (2061 bp)...done!
Finding genes in sequence #40 (5115 bp)...done!
Finding genes in sequence #41 (5398 bp)...done!
Finding genes in sequence #42 (1944 bp)...done!
Finding genes in sequence #43 (7942 bp)...done!
Finding genes in sequence #44 (1859 bp)...done!
Finding genes in sequence #45 (1760 bp)...done!
Finding genes in sequence #46 (1570 bp)...done!
Finding genes in sequence #47 (23822 bp)...done!
Finding genes in sequence #48 (1553 bp)...done!
Finding genes in sequence #49 (2264 bp)...done!
Finding genes in sequence #50 (3100 bp)...done!
Finding genes in sequence #51 (6232 bp)...done!
Finding genes in sequence #52 (3810 bp)...done!
Finding genes in sequence #53 (1978 bp)...done!
Finding genes in sequence #54 (3938 bp)...done!
Finding genes in sequence #55 (7383 bp)...done!
Finding genes in sequence #56 (5929 bp)...done!
Finding genes in sequence #57 (1732 bp)...done!
Finding genes in sequence #58 (1666 bp)...done!
Finding genes in sequence #59 (4291 bp)...done!
Finding genes in sequence #60 (1886 bp)...done!
Finding genes in sequence #61 (15314 bp)...done!
Finding genes in sequence #62 (2205 bp)...done!
Finding genes in sequence #63 (4191 bp)...done!
Finding genes in sequence #64 (1978 bp)...done!
Finding genes in sequence #65 (1617 bp)...done!
Finding genes in sequence #66 (15994 bp)...done!
Finding genes in sequence #67 (2009 bp)...done!
Finding genes in sequence #68 (1553 bp)...done!
Finding genes in sequence #69 (9916 bp)...done!
Finding genes in sequence #70 (1947 bp)...done!
Finding genes in sequence #71 (11687 bp)...done!
Finding genes in sequence #72 (2257 bp)...done!
Finding genes in sequence #73 (1645 bp)...done!
Finding genes in sequence #74 (2014 bp)...done!
Finding genes in sequence #75 (5664 bp)...done!
Finding genes in sequence #76 (2279 bp)...done!
Finding genes in sequence #77 (2391 bp)...done!
Finding genes in sequence #78 (2827 bp)...done!
Finding genes in sequence #79 (1740 bp)...done!
Finding genes in sequence #80 (6722 bp)...done!
Finding genes in sequence #81 (6040 bp)...done!
Finding genes in sequence #82 (1993 bp)...done!
Finding genes in sequence #83 (2261 bp)...done!
Finding genes in sequence #84 (3612 bp)...done!
Finding genes in sequence #85 (3339 bp)...done!
Finding genes in sequence #86 (1935 bp)...done!
Finding genes in sequence #87 (7179 bp)...done!
Finding genes in sequence #88 (46035 bp)...done!
Finding genes in sequence #89 (1817 bp)...done!
Finding genes in sequence #90 (5483 bp)...done!
Finding genes in sequence #91 (1995 bp)...done!
Finding genes in sequence #92 (1627 bp)...done!
Finding genes in sequence #93 (3832 bp)...done!
Finding genes in sequence #94 (1938 bp)...done!
Finding genes in sequence #95 (7276 bp)...done!
Finding genes in sequence #96 (2652 bp)...done!
Finding genes in sequence #97 (1929 bp)...done!
Finding genes in sequence #98 (4609 bp)...done!
Finding genes in sequence #99 (3090 bp)...done!
Finding genes in sequence #100 (2914 bp)...done!
Finding genes in sequence #101 (1714 bp)...done!
Finding genes in sequence #102 (1647 bp)...done!
Finding genes in sequence #103 (2295 bp)...done!
Finding genes in sequence #104 (2115 bp)...done!
Finding genes in sequence #105 (3006 bp)...done!
Finding genes in sequence #106 (5981 bp)...done!
Finding genes in sequence #107 (3442 bp)...done!
Finding genes in sequence #108 (1668 bp)...done!
Finding genes in sequence #109 (12379 bp)...done!
Finding genes in sequence #110 (2363 bp)...done!
Finding genes in sequence #111 (4888 bp)...done!
Finding genes in sequence #112 (3265 bp)...done!
Finding genes in sequence #113 (2063 bp)...done!
Finding genes in sequence #114 (1620 bp)...done!
Finding genes in sequence #115 (1878 bp)...done!
Finding genes in sequence #116 (17135 bp)...done!
Finding genes in sequence #117 (5114 bp)...done!
Finding genes in sequence #118 (3088 bp)...done!
Finding genes in sequence #119 (3979 bp)...done!
Finding genes in sequence #120 (1790 bp)...done!
Finding genes in sequence #121 (1524 bp)...done!
Finding genes in sequence #122 (4719 bp)...done!
Finding genes in sequence #123 (5600 bp)...done!
Finding genes in sequence #124 (2355 bp)...done!
Finding genes in sequence #125 (77833 bp)...done!
Finding genes in sequence #126 (2281 bp)...done!
Finding genes in sequence #127 (2267 bp)...done!
Finding genes in sequence #128 (32383 bp)...done!
Finding genes in sequence #129 (4925 bp)...done!
Finding genes in sequence #130 (1531 bp)...done!
Finding genes in sequence #131 (2196 bp)...done!
Finding genes in sequence #132 (3506 bp)...done!
Finding genes in sequence #133 (15731 bp)...done!
Finding genes in sequence #134 (1874 bp)...done!
Finding genes in sequence #135 (2539 bp)...done!
Finding genes in sequence #136 (68474 bp)...done!
Finding genes in sequence #137 (2159 bp)...done!
Finding genes in sequence #138 (4800 bp)...done!
Finding genes in sequence #139 (2360 bp)...done!
Finding genes in sequence #140 (8247 bp)...done!
Finding genes in sequence #141 (2475 bp)...done!
Finding genes in sequence #142 (3812 bp)...done!
Finding genes in sequence #143 (2511 bp)...done!
Finding genes in sequence #144 (1748 bp)...done!
Finding genes in sequence #145 (2329 bp)...done!
Finding genes in sequence #146 (2426 bp)...done!
Finding genes in sequence #147 (41722 bp)...done!
Finding genes in sequence #148 (10237 bp)...done!
Finding genes in sequence #149 (30931 bp)...done!
Finding genes in sequence #150 (6059 bp)...done!
Finding genes in sequence #151 (21467 bp)...done!
Finding genes in sequence #152 (2119 bp)...done!
Finding genes in sequence #153 (1908 bp)...done!
Finding genes in sequence #154 (2454 bp)...done!
Finding genes in sequence #155 (2039 bp)...done!
Finding genes in sequence #156 (1891 bp)...done!
Finding genes in sequence #157 (3364 bp)...done!
Finding genes in sequence #158 (1947 bp)...done!
Finding genes in sequence #159 (3559 bp)...done!
Finding genes in sequence #160 (1671 bp)...done!
Finding genes in sequence #161 (4211 bp)...done!
Finding genes in sequence #162 (1509 bp)...done!
Finding genes in sequence #163 (4009 bp)...done!
Finding genes in sequence #164 (22661 bp)...done!
Finding genes in sequence #165 (2523 bp)...done!
Finding genes in sequence #166 (2592 bp)...done!
Finding genes in sequence #167 (7878 bp)...done!
Finding genes in sequence #168 (1927 bp)...done!
Finding genes in sequence #169 (1662 bp)...done!
Finding genes in sequence #170 (2112 bp)...done!
Finding genes in sequence #171 (3529 bp)...done!
Finding genes in sequence #172 (1508 bp)...done!
Finding genes in sequence #173 (1952 bp)...done!
Finding genes in sequence #174 (1630 bp)...done!
Finding genes in sequence #175 (4432 bp)...done!
Finding genes in sequence #176 (1970 bp)...done!
Finding genes in sequence #177 (1841 bp)...done!
Finding genes in sequence #178 (12187 bp)...done!
Finding genes in sequence #179 (1689 bp)...done!
Finding genes in sequence #180 (1586 bp)...done!
Finding genes in sequence #181 (5184 bp)...done!
Finding genes in sequence #182 (2001 bp)...done!
Finding genes in sequence #183 (1650 bp)...done!
Finding genes in sequence #184 (1784 bp)...done!
Finding genes in sequence #185 (2002 bp)...done!
Finding genes in sequence #186 (1878 bp)...done!
Finding genes in sequence #187 (4343 bp)...done!
Finding genes in sequence #188 (41594 bp)...done!
Finding genes in sequence #189 (1652 bp)...done!
Finding genes in sequence #190 (1728 bp)...done!
Finding genes in sequence #191 (1887 bp)...done!
Finding genes in sequence #192 (85981 bp)...done!
Finding genes in sequence #193 (16563 bp)...done!
Finding genes in sequence #194 (46157 bp)...done!
Finding genes in sequence #195 (1627 bp)...done!
Finding genes in sequence #196 (7360 bp)...done!
Finding genes in sequence #197 (1634 bp)...done!
Finding genes in sequence #198 (1856 bp)...done!
Finding genes in sequence #199 (9157 bp)...done!
Finding genes in sequence #200 (1798 bp)...done!
Finding genes in sequence #201 (2096 bp)...done!
Finding genes in sequence #202 (6080 bp)...done!
Finding genes in sequence #203 (6254 bp)...done!
Finding genes in sequence #204 (3251 bp)...done!
Finding genes in sequence #205 (1800 bp)...done!
Finding genes in sequence #206 (1821 bp)...done!
Finding genes in sequence #207 (1575 bp)...done!
Finding genes in sequence #208 (12670 bp)...done!
Finding genes in sequence #209 (2403 bp)...done!
Finding genes in sequence #210 (23578 bp)...done!
Finding genes in sequence #211 (2114 bp)...done!
Finding genes in sequence #212 (2903 bp)...done!
Finding genes in sequence #213 (2429 bp)...done!
Finding genes in sequence #214 (57806 bp)...done!
Finding genes in sequence #215 (1613 bp)...done!
Finding genes in sequence #216 (2976 bp)...done!
Finding genes in sequence #217 (5044 bp)...done!
Finding genes in sequence #218 (3842 bp)...done!
Finding genes in sequence #219 (1550 bp)...done!
Finding genes in sequence #220 (2303 bp)...done!
Finding genes in sequence #221 (1928 bp)...done!
Finding genes in sequence #222 (4554 bp)...done!
Finding genes in sequence #223 (12206 bp)...done!
Finding genes in sequence #224 (2333 bp)...done!
Finding genes in sequence #225 (1721 bp)...done!
Finding genes in sequence #226 (13145 bp)...done!
Finding genes in sequence #227 (2269 bp)...done!
Finding genes in sequence #228 (1745 bp)...done!
Finding genes in sequence #229 (1882 bp)...done!
Finding genes in sequence #230 (2347 bp)...done!
Finding genes in sequence #231 (1565 bp)...done!
Finding genes in sequence #232 (17629 bp)...done!
Finding genes in sequence #233 (12701 bp)...done!
Finding genes in sequence #234 (8991 bp)...done!
Finding genes in sequence #235 (1870 bp)...done!
Finding genes in sequence #236 (3646 bp)...done!
Finding genes in sequence #237 (3366 bp)...done!
Finding genes in sequence #238 (2124 bp)...done!
Finding genes in sequence #239 (2701 bp)...done!
Finding genes in sequence #240 (3402 bp)...done!
Finding genes in sequence #241 (4137 bp)...done!
Finding genes in sequence #242 (7168 bp)...done!
Finding genes in sequence #243 (8592 bp)...done!
Finding genes in sequence #244 (6290 bp)...done!
Finding genes in sequence #245 (22383 bp)...done!
Finding genes in sequence #246 (2717 bp)...done!
Finding genes in sequence #247 (1553 bp)...done!
Finding genes in sequence #248 (1512 bp)...done!
Finding genes in sequence #249 (5907 bp)...done!
Finding genes in sequence #250 (4382 bp)...done!
Finding genes in sequence #251 (1699 bp)...done!
Finding genes in sequence #252 (1584 bp)...done!
Finding genes in sequence #253 (6090 bp)...done!
Finding genes in sequence #254 (2016 bp)...done!
Finding genes in sequence #255 (87052 bp)...done!
Finding genes in sequence #256 (85274 bp)...done!
Finding genes in sequence #257 (1604 bp)...done!
Finding genes in sequence #258 (2168 bp)...done!
Finding genes in sequence #259 (7933 bp)...done!
Finding genes in sequence #260 (9318 bp)...done!
Finding genes in sequence #261 (161417 bp)...done!
Finding genes in sequence #262 (1515 bp)...done!
Finding genes in sequence #263 (4672 bp)...done!
Finding genes in sequence #264 (21264 bp)...done!
Finding genes in sequence #265 (1761 bp)...done!
Finding genes in sequence #266 (32923 bp)...done!
Finding genes in sequence #267 (1903 bp)...done!
Finding genes in sequence #268 (2084 bp)...done!
Finding genes in sequence #269 (8161 bp)...done!
Finding genes in sequence #270 (2942 bp)...done!
Finding genes in sequence #271 (2487 bp)...done!
Finding genes in sequence #272 (2373 bp)...done!
Finding genes in sequence #273 (1627 bp)...done!
Finding genes in sequence #274 (1700 bp)...done!
Finding genes in sequence #275 (6612 bp)...done!
Finding genes in sequence #276 (2242 bp)...done!
Finding genes in sequence #277 (2349 bp)...done!
Finding genes in sequence #278 (2032 bp)...done!
Finding genes in sequence #279 (2808 bp)...done!
Finding genes in sequence #280 (2195 bp)...done!
Finding genes in sequence #281 (1829 bp)...done!
Finding genes in sequence #282 (1987 bp)...done!
Finding genes in sequence #283 (1676 bp)...done!
Finding genes in sequence #284 (2257 bp)...done!
Finding genes in sequence #285 (3207 bp)...done!
Finding genes in sequence #286 (59521 bp)...done!
Finding genes in sequence #287 (2807 bp)...done!
Finding genes in sequence #288 (3258 bp)...done!
Finding genes in sequence #289 (1540 bp)...done!
Finding genes in sequence #290 (6277 bp)...done!
Finding genes in sequence #291 (68249 bp)...done!
Finding genes in sequence #292 (2597 bp)...done!
Finding genes in sequence #293 (12168 bp)...done!
Finding genes in sequence #294 (14344 bp)...done!
Finding genes in sequence #295 (3039 bp)...done!
Finding genes in sequence #296 (2164 bp)...done!
Finding genes in sequence #297 (2841 bp)...done!
Finding genes in sequence #298 (8438 bp)...done!
Finding genes in sequence #299 (1757 bp)...done!
Finding genes in sequence #300 (3432 bp)...done!
Finding genes in sequence #301 (1521 bp)...done!
Finding genes in sequence #302 (1894 bp)...done!
Finding genes in sequence #303 (4660 bp)...done!
Finding genes in sequence #304 (1704 bp)...done!
Finding genes in sequence #305 (1753 bp)...done!
Finding genes in sequence #306 (2724 bp)...done!
Finding genes in sequence #307 (3120 bp)...done!
Finding genes in sequence #308 (1847 bp)...done!
Finding genes in sequence #309 (10866 bp)...done!
Finding genes in sequence #310 (2213 bp)...done!
Finding genes in sequence #311 (2156 bp)...done!
Finding genes in sequence #312 (10308 bp)...done!
Finding genes in sequence #313 (1573 bp)...done!
Finding genes in sequence #314 (1628 bp)...done!
Finding genes in sequence #315 (1839 bp)...done!
Finding genes in sequence #316 (6209 bp)...done!
Finding genes in sequence #317 (2638 bp)...done!
Finding genes in sequence #318 (1681 bp)...done!
Finding genes in sequence #319 (15460 bp)...done!
Finding genes in sequence #320 (2191 bp)...done!
Finding genes in sequence #321 (5597 bp)...done!
Finding genes in sequence #322 (2290 bp)...done!
Finding genes in sequence #323 (2800 bp)...done!
Finding genes in sequence #324 (1507 bp)...done!
Finding genes in sequence #325 (1713 bp)...done!
Finding genes in sequence #326 (1525 bp)...done!
Finding genes in sequence #327 (14594 bp)...done!
Finding genes in sequence #328 (5419 bp)...done!
Finding genes in sequence #329 (2740 bp)...done!
Finding genes in sequence #330 (8425 bp)...done!
Finding genes in sequence #331 (2866 bp)...done!
Finding genes in sequence #332 (2858 bp)...done!
Finding genes in sequence #333 (8363 bp)...done!
Finding genes in sequence #334 (2823 bp)...done!
Finding genes in sequence #335 (18714 bp)...done!
Finding genes in sequence #336 (249950 bp)...done!
Finding genes in sequence #337 (1690 bp)...done!
Finding genes in sequence #338 (9540 bp)...done!
Finding genes in sequence #339 (4358 bp)...done!
Finding genes in sequence #340 (2251 bp)...done!
Finding genes in sequence #341 (5990 bp)...done!
Finding genes in sequence #342 (1555 bp)...done!
Finding genes in sequence #343 (2806 bp)...done!
Finding genes in sequence #344 (1948 bp)...done!
Finding genes in sequence #345 (3606 bp)...done!
Finding genes in sequence #346 (7698 bp)...done!
Finding genes in sequence #347 (2114 bp)...done!
Finding genes in sequence #348 (30915 bp)...done!
Finding genes in sequence #349 (1559 bp)...done!
Finding genes in sequence #350 (3579 bp)...done!
Finding genes in sequence #351 (2473 bp)...done!
Finding genes in sequence #352 (2160 bp)...done!
Finding genes in sequence #353 (2556 bp)...done!
Finding genes in sequence #354 (2193 bp)...done!
Finding genes in sequence #355 (114390 bp)...done!
Finding genes in sequence #356 (1657 bp)...done!
Finding genes in sequence #357 (1575 bp)...done!
Finding genes in sequence #358 (1810 bp)...done!
Finding genes in sequence #359 (1523 bp)...done!
Finding genes in sequence #360 (1745 bp)...done!
Finding genes in sequence #361 (2772 bp)...done!
Finding genes in sequence #362 (2087 bp)...done!
Finding genes in sequence #363 (3688 bp)...done!
Finding genes in sequence #364 (2747 bp)...done!
Finding genes in sequence #365 (85866 bp)...done!
Finding genes in sequence #366 (1599 bp)...done!
Finding genes in sequence #367 (2834 bp)...done!
Finding genes in sequence #368 (1717 bp)...done!
Finding genes in sequence #369 (2465 bp)...done!
Finding genes in sequence #370 (3245 bp)...done!
Finding genes in sequence #371 (4199 bp)...done!
Finding genes in sequence #372 (1961 bp)...done!
Finding genes in sequence #373 (6786 bp)...done!
Finding genes in sequence #374 (4202 bp)...done!
Finding genes in sequence #375 (1942 bp)...done!
Finding genes in sequence #376 (24388 bp)...done!
Finding genes in sequence #377 (2879 bp)...done!
Finding genes in sequence #378 (6788 bp)...done!
Finding genes in sequence #379 (2544 bp)...done!
Finding genes in sequence #380 (53627 bp)...done!
Finding genes in sequence #381 (1851 bp)...done!
Finding genes in sequence #382 (4987 bp)...done!
Finding genes in sequence #383 (6526 bp)...done!
Finding genes in sequence #384 (1828 bp)...done!
Finding genes in sequence #385 (3486 bp)...done!
Finding genes in sequence #386 (1513 bp)...done!
Finding genes in sequence #387 (9760 bp)...done!
Finding genes in sequence #388 (39822 bp)...done!
Finding genes in sequence #389 (1777 bp)...done!
Finding genes in sequence #390 (1741 bp)...done!
Finding genes in sequence #391 (1955 bp)...done!
Finding genes in sequence #392 (4394 bp)...done!
Finding genes in sequence #393 (3826 bp)...done!
Finding genes in sequence #394 (1857 bp)...done!
Finding genes in sequence #395 (1600 bp)...done!
Finding genes in sequence #396 (6673 bp)...done!
Finding genes in sequence #397 (1731 bp)...done!
Finding genes in sequence #398 (8030 bp)...done!
Finding genes in sequence #399 (1644 bp)...done!
Finding genes in sequence #400 (2204 bp)...done!
Finding genes in sequence #401 (1532 bp)...done!
Finding genes in sequence #402 (2052 bp)...done!
Finding genes in sequence #403 (1869 bp)...done!
Finding genes in sequence #404 (1593 bp)...done!
Finding genes in sequence #405 (5284 bp)...done!
Finding genes in sequence #406 (2073 bp)...done!
Finding genes in sequence #407 (3605 bp)...done!
Finding genes in sequence #408 (3924 bp)...done!
Finding genes in sequence #409 (4001 bp)...done!
Finding genes in sequence #410 (1571 bp)...done!
Finding genes in sequence #411 (1882 bp)...done!
Finding genes in sequence #412 (3767 bp)...done!
Finding genes in sequence #413 (14708 bp)...done!
Finding genes in sequence #414 (3763 bp)...done!
Finding genes in sequence #415 (2876 bp)...done!
Finding genes in sequence #416 (2306 bp)...done!
Finding genes in sequence #417 (1698 bp)...done!
Finding genes in sequence #418 (3031 bp)...done!
Finding genes in sequence #419 (1993 bp)...done!
Finding genes in sequence #420 (7807 bp)...done!
Finding genes in sequence #421 (29289 bp)...done!
Finding genes in sequence #422 (4516 bp)...done!
Finding genes in sequence #423 (2314 bp)...done!
Finding genes in sequence #424 (1827 bp)...done!
Finding genes in sequence #425 (76974 bp)...done!
Finding genes in sequence #426 (2810 bp)...done!
Finding genes in sequence #427 (2252 bp)...done!
Finding genes in sequence #428 (4833 bp)...done!
Finding genes in sequence #429 (8130 bp)...done!
Finding genes in sequence #430 (1521 bp)...done!
Finding genes in sequence #431 (15961 bp)...done!
Finding genes in sequence #432 (1517 bp)...done!
Finding genes in sequence #433 (2643 bp)...done!
Finding genes in sequence #434 (7416 bp)...done!
Finding genes in sequence #435 (18171 bp)...done!
Finding genes in sequence #436 (4305 bp)...done!
Finding genes in sequence #437 (2774 bp)...done!
Finding genes in sequence #438 (2221 bp)...done!
Finding genes in sequence #439 (27090 bp)...done!
Finding genes in sequence #440 (39458 bp)...done!
Finding genes in sequence #441 (8176 bp)...done!
Finding genes in sequence #442 (12546 bp)...done!
Finding genes in sequence #443 (8762 bp)...done!
Finding genes in sequence #444 (32105 bp)...done!
Finding genes in sequence #445 (5649 bp)...done!
Finding genes in sequence #446 (8925 bp)...done!
Finding genes in sequence #447 (55322 bp)...done!
Finding genes in sequence #448 (1786 bp)...done!
Finding genes in sequence #449 (38262 bp)...done!
Finding genes in sequence #450 (1587 bp)...done!
Finding genes in sequence #451 (1824 bp)...done!
Finding genes in sequence #452 (3511 bp)...done!
Finding genes in sequence #453 (1821 bp)...done!
Finding genes in sequence #454 (2400 bp)...done!
Finding genes in sequence #455 (5542 bp)...done!
Finding genes in sequence #456 (3415 bp)...done!
Finding genes in sequence #457 (3489 bp)...done!
Finding genes in sequence #458 (7961 bp)...done!
Finding genes in sequence #459 (6639 bp)...done!
Finding genes in sequence #460 (4779 bp)...done!
Finding genes in sequence #461 (15803 bp)...done!
Finding genes in sequence #462 (10203 bp)...done!
Finding genes in sequence #463 (1599 bp)...done!
Finding genes in sequence #464 (1917 bp)...done!
Finding genes in sequence #465 (1655 bp)...done!
Finding genes in sequence #466 (7419 bp)...done!
Finding genes in sequence #467 (3480 bp)...done!
Finding genes in sequence #468 (4299 bp)...done!
Finding genes in sequence #469 (2368 bp)...done!
Finding genes in sequence #470 (3506 bp)...done!
Finding genes in sequence #471 (2233 bp)...done!
Finding genes in sequence #472 (1611 bp)...done!
Finding genes in sequence #473 (2209 bp)...done!
Finding genes in sequence #474 (2360 bp)...done!
Finding genes in sequence #475 (3429 bp)...done!
Finding genes in sequence #476 (6953 bp)...done!
Finding genes in sequence #477 (1541 bp)...done!
Finding genes in sequence #478 (2693 bp)...done!
Finding genes in sequence #479 (19782 bp)...done!
Finding genes in sequence #480 (2182 bp)...done!
Finding genes in sequence #481 (3217 bp)...done!
Finding genes in sequence #482 (2955 bp)...done!
Finding genes in sequence #483 (2924 bp)...done!
Finding genes in sequence #484 (12459 bp)...done!
Finding genes in sequence #485 (1569 bp)...done!
Finding genes in sequence #486 (35627 bp)...done!
Finding genes in sequence #487 (2442 bp)...done!
Finding genes in sequence #488 (7717 bp)...done!
Finding genes in sequence #489 (1702 bp)...done!
Finding genes in sequence #490 (3225 bp)...done!
Finding genes in sequence #491 (4194 bp)...done!
Finding genes in sequence #492 (1785 bp)...done!
Finding genes in sequence #493 (9969 bp)...done!
Finding genes in sequence #494 (2844 bp)...done!
Finding genes in sequence #495 (2000 bp)...done!
Finding genes in sequence #496 (1581 bp)...done!
Finding genes in sequence #497 (57965 bp)...done!
Finding genes in sequence #498 (3172 bp)...done!
Finding genes in sequence #499 (5535 bp)...done!
Finding genes in sequence #500 (2930 bp)...done!
Finding genes in sequence #501 (2035 bp)...done!
Finding genes in sequence #502 (2205 bp)...done!
Finding genes in sequence #503 (5958 bp)...done!
Finding genes in sequence #504 (2417 bp)...done!
Finding genes in sequence #505 (1555 bp)...done!
Finding genes in sequence #506 (2915 bp)...done!
Finding genes in sequence #507 (1865 bp)...done!
Finding genes in sequence #508 (3150 bp)...done!
Finding genes in sequence #509 (28597 bp)...done!
Finding genes in sequence #510 (2340 bp)...done!
Finding genes in sequence #511 (2111 bp)...done!
Finding genes in sequence #512 (1663 bp)...done!
Finding genes in sequence #513 (2320 bp)...done!
Finding genes in sequence #514 (3472 bp)...done!
Finding genes in sequence #515 (17451 bp)...done!
Finding genes in sequence #516 (10268 bp)...done!
Finding genes in sequence #517 (1948 bp)...done!
Finding genes in sequence #518 (1671 bp)...done!
Finding genes in sequence #519 (4712 bp)...done!
Finding genes in sequence #520 (1593 bp)...done!
Finding genes in sequence #521 (3399 bp)...done!
Finding genes in sequence #522 (1528 bp)...done!
Finding genes in sequence #523 (117731 bp)...done!
Finding genes in sequence #524 (58955 bp)...done!
Finding genes in sequence #525 (47018 bp)...done!
Finding genes in sequence #526 (7374 bp)...done!
Finding genes in sequence #527 (31921 bp)...done!
Finding genes in sequence #528 (1875 bp)...done!
Finding genes in sequence #529 (2157 bp)...done!
Finding genes in sequence #530 (2004 bp)...done!
Finding genes in sequence #531 (2750 bp)...done!
Finding genes in sequence #532 (3208 bp)...done!
Finding genes in sequence #533 (4891 bp)...done!
Finding genes in sequence #534 (8811 bp)...done!
Finding genes in sequence #535 (1711 bp)...done!
Finding genes in sequence #536 (2083 bp)...done!
Finding genes in sequence #537 (9615 bp)...done!
Finding genes in sequence #538 (1743 bp)...done!
Finding genes in sequence #539 (1772 bp)...done!
Finding genes in sequence #540 (5441 bp)...done!
Finding genes in sequence #541 (1858 bp)...done!
Finding genes in sequence #542 (6746 bp)...done!
Finding genes in sequence #543 (5501 bp)...done!
Finding genes in sequence #544 (5532 bp)...done!
Finding genes in sequence #545 (2313 bp)...done!
Finding genes in sequence #546 (3098 bp)...done!
Finding genes in sequence #547 (2679 bp)...done!
Finding genes in sequence #548 (3052 bp)...done!
Finding genes in sequence #549 (5078 bp)...done!
Finding genes in sequence #550 (1684 bp)...done!
Finding genes in sequence #551 (2340 bp)...done!
Finding genes in sequence #552 (1809 bp)...done!
Finding genes in sequence #553 (4961 bp)...done!
Finding genes in sequence #554 (3655 bp)...done!
Finding genes in sequence #555 (1791 bp)...done!
Finding genes in sequence #556 (3011 bp)...done!
Finding genes in sequence #557 (1552 bp)...done!
Finding genes in sequence #558 (2141 bp)...done!
Finding genes in sequence #559 (10939 bp)...done!
Finding genes in sequence #560 (7519 bp)...done!
Finding genes in sequence #561 (2058 bp)...done!
Finding genes in sequence #562 (2253 bp)...done!
Finding genes in sequence #563 (4042 bp)...done!
Finding genes in sequence #564 (1642 bp)...done!
Finding genes in sequence #565 (3153 bp)...done!
Finding genes in sequence #566 (1720 bp)...done!
Finding genes in sequence #567 (3036 bp)...done!
Finding genes in sequence #568 (4349 bp)...done!
Finding genes in sequence #569 (2905 bp)...done!
Finding genes in sequence #570 (1508 bp)...done!
Finding genes in sequence #571 (1633 bp)...done!
Finding genes in sequence #572 (11662 bp)...done!
Finding genes in sequence #573 (1724 bp)...done!
Finding genes in sequence #574 (6287 bp)...done!
Finding genes in sequence #575 (14531 bp)...done!
Finding genes in sequence #576 (4913 bp)...done!
Finding genes in sequence #577 (2189 bp)...done!
Finding genes in sequence #578 (27841 bp)...done!
Finding genes in sequence #579 (1778 bp)...done!
Finding genes in sequence #580 (6016 bp)...done!
Finding genes in sequence #581 (2217 bp)...done!
Finding genes in sequence #582 (1718 bp)...done!
Finding genes in sequence #583 (2719 bp)...done!
Finding genes in sequence #584 (2097 bp)...done!
Finding genes in sequence #585 (1734 bp)...done!
Finding genes in sequence #586 (1621 bp)...done!
Finding genes in sequence #587 (2635 bp)...done!
Finding genes in sequence #588 (1825 bp)...done!
Finding genes in sequence #589 (1829 bp)...done!
Finding genes in sequence #590 (5807 bp)...done!
Finding genes in sequence #591 (2097 bp)...done!
Finding genes in sequence #592 (1565 bp)...done!
Finding genes in sequence #593 (4243 bp)...done!
Finding genes in sequence #594 (13195 bp)...done!
Finding genes in sequence #595 (1649 bp)...done!
Finding genes in sequence #596 (7175 bp)...done!
Finding genes in sequence #597 (4676 bp)...done!
Finding genes in sequence #598 (2462 bp)...done!
Finding genes in sequence #599 (1537 bp)...done!
Finding genes in sequence #600 (19217 bp)...done!
Finding genes in sequence #601 (2760 bp)...done!
Finding genes in sequence #602 (2842 bp)...done!
Finding genes in sequence #603 (2452 bp)...done!
Finding genes in sequence #604 (45346 bp)...done!
Finding genes in sequence #605 (5654 bp)...done!
Finding genes in sequence #606 (9573 bp)...done!
Finding genes in sequence #607 (2653 bp)...done!
Finding genes in sequence #608 (1853 bp)...done!
Finding genes in sequence #609 (1700 bp)...done!
Finding genes in sequence #610 (1510 bp)...done!
Finding genes in sequence #611 (1841 bp)...done!
Finding genes in sequence #612 (2149 bp)...done!
Finding genes in sequence #613 (3634 bp)...done!
Finding genes in sequence #614 (1876 bp)...done!
Finding genes in sequence #615 (3418 bp)...done!
Finding genes in sequence #616 (3054 bp)...done!
Finding genes in sequence #617 (4756 bp)...done!
Finding genes in sequence #618 (2183 bp)...done!
Finding genes in sequence #619 (1875 bp)...done!
Finding genes in sequence #620 (2103 bp)...done!
Finding genes in sequence #621 (4771 bp)...done!
Finding genes in sequence #622 (3022 bp)...done!
Finding genes in sequence #623 (11236 bp)...done!
Finding genes in sequence #624 (1696 bp)...done!
Finding genes in sequence #625 (17619 bp)...done!
Finding genes in sequence #626 (11505 bp)...done!
Finding genes in sequence #627 (2981 bp)...done!
Finding genes in sequence #628 (90576 bp)...done!
Finding genes in sequence #629 (5408 bp)...done!
Finding genes in sequence #630 (2147 bp)...done!
Finding genes in sequence #631 (4307 bp)...done!
Finding genes in sequence #632 (1587 bp)...done!
Finding genes in sequence #633 (4764 bp)...done!
Finding genes in sequence #634 (3038 bp)...done!
Finding genes in sequence #635 (1952 bp)...done!
Finding genes in sequence #636 (1929 bp)...done!
Finding genes in sequence #637 (1663 bp)...done!
Finding genes in sequence #638 (1733 bp)...done!
Finding genes in sequence #639 (3771 bp)...done!
Finding genes in sequence #640 (4278 bp)...done!
Finding genes in sequence #641 (1558 bp)...done!
Finding genes in sequence #642 (1879 bp)...done!
Finding genes in sequence #643 (2940 bp)...done!
Finding genes in sequence #644 (1769 bp)...done!
Finding genes in sequence #645 (2335 bp)...done!
Finding genes in sequence #646 (5603 bp)...done!
Finding genes in sequence #647 (7789 bp)...done!
Finding genes in sequence #648 (3276 bp)...done!
Finding genes in sequence #649 (1500 bp)...done!
Finding genes in sequence #650 (1792 bp)...done!
Finding genes in sequence #651 (2473 bp)...done!
Finding genes in sequence #652 (1586 bp)...done!
Finding genes in sequence #653 (18029 bp)...done!
Finding genes in sequence #654 (4372 bp)...done!
Finding genes in sequence #655 (2887 bp)...done!
Finding genes in sequence #656 (6333 bp)...done!
Finding genes in sequence #657 (55871 bp)...done!
Finding genes in sequence #658 (1547 bp)...done!
Finding genes in sequence #659 (10863 bp)...done!
Finding genes in sequence #660 (18726 bp)...done!
Finding genes in sequence #661 (1516 bp)...done!
Finding genes in sequence #662 (3123 bp)...done!
Finding genes in sequence #663 (7015 bp)...done!
Finding genes in sequence #664 (1646 bp)...done!
Finding genes in sequence #665 (2300 bp)...done!
Finding genes in sequence #666 (6018 bp)...done!
Finding genes in sequence #667 (21111 bp)...done!
Finding genes in sequence #668 (1631 bp)...done!
Finding genes in sequence #669 (2151 bp)...done!
Finding genes in sequence #670 (1702 bp)...done!
Finding genes in sequence #671 (4460 bp)...done!
Finding genes in sequence #672 (4054 bp)...done!
Finding genes in sequence #673 (3455 bp)...done!
Finding genes in sequence #674 (1758 bp)...done!
Finding genes in sequence #675 (2167 bp)...done!
Finding genes in sequence #676 (2474 bp)...done!
Finding genes in sequence #677 (23259 bp)...done!
Finding genes in sequence #678 (19954 bp)...done!
Finding genes in sequence #679 (2335 bp)...done!
Finding genes in sequence #680 (7787 bp)...done!
Finding genes in sequence #681 (9846 bp)...done!
Finding genes in sequence #682 (9469 bp)...done!
Finding genes in sequence #683 (3361 bp)...done!
Finding genes in sequence #684 (1629 bp)...done!
Finding genes in sequence #685 (2372 bp)...done!
Finding genes in sequence #686 (3529 bp)...done!
Finding genes in sequence #687 (1896 bp)...done!
Finding genes in sequence #688 (1893 bp)...done!
Finding genes in sequence #689 (15792 bp)...done!
Finding genes in sequence #690 (3123 bp)...done!
Finding genes in sequence #691 (2599 bp)...done!
Finding genes in sequence #692 (35554 bp)...done!
Finding genes in sequence #693 (2318 bp)...done!
Finding genes in sequence #694 (3878 bp)...done!
Finding genes in sequence #695 (2103 bp)...done!
Finding genes in sequence #696 (44170 bp)...done!
Finding genes in sequence #697 (1671 bp)...done!
Finding genes in sequence #698 (13198 bp)...done!
Finding genes in sequence #699 (2047 bp)...done!
Finding genes in sequence #700 (2261 bp)...done!
Finding genes in sequence #701 (1861 bp)...done!
Finding genes in sequence #702 (2325 bp)...done!
Finding genes in sequence #703 (2620 bp)...done!
Finding genes in sequence #704 (9715 bp)...done!
Finding genes in sequence #705 (9871 bp)...done!
Finding genes in sequence #706 (1768 bp)...done!
Finding genes in sequence #707 (5156 bp)...done!
Finding genes in sequence #708 (1581 bp)...done!
Finding genes in sequence #709 (1769 bp)...done!
Finding genes in sequence #710 (3158 bp)...done!
Finding genes in sequence #711 (1608 bp)...done!
Finding genes in sequence #712 (3221 bp)...done!
Finding genes in sequence #713 (1916 bp)...done!
Finding genes in sequence #714 (6313 bp)...done!
Finding genes in sequence #715 (2159 bp)...done!
Finding genes in sequence #716 (1794 bp)...done!
Finding genes in sequence #717 (9616 bp)...done!
Finding genes in sequence #718 (19110 bp)...done!
Finding genes in sequence #719 (11871 bp)...done!
Finding genes in sequence #720 (2366 bp)...done!
Finding genes in sequence #721 (2596 bp)...done!
Finding genes in sequence #722 (4410 bp)...done!
Finding genes in sequence #723 (21450 bp)...done!
Finding genes in sequence #724 (1827 bp)...done!
Finding genes in sequence #725 (4284 bp)...done!
Finding genes in sequence #726 (16445 bp)...done!
Finding genes in sequence #727 (15506 bp)...done!
Finding genes in sequence #728 (4471 bp)...done!
Finding genes in sequence #729 (1625 bp)...done!
Finding genes in sequence #730 (1915 bp)...done!
Finding genes in sequence #731 (2284 bp)...done!
Finding genes in sequence #732 (2686 bp)...done!
Finding genes in sequence #733 (8935 bp)...done!
Finding genes in sequence #734 (3707 bp)...done!
Finding genes in sequence #735 (2322 bp)...done!
Finding genes in sequence #736 (2129 bp)...done!
Finding genes in sequence #737 (2905 bp)...done!
Finding genes in sequence #738 (2448 bp)...done!
Finding genes in sequence #739 (1991 bp)...done!
Finding genes in sequence #740 (3386 bp)...done!
Finding genes in sequence #741 (7295 bp)...done!
Finding genes in sequence #742 (2517 bp)...done!
Finding genes in sequence #743 (2541 bp)...done!
Finding genes in sequence #744 (2657 bp)...done!
Finding genes in sequence #745 (4964 bp)...done!
Finding genes in sequence #746 (15799 bp)...done!
Finding genes in sequence #747 (46903 bp)...done!
Finding genes in sequence #748 (1547 bp)...done!
Finding genes in sequence #749 (1504 bp)...done!
Finding genes in sequence #750 (5252 bp)...done!
Finding genes in sequence #751 (5482 bp)...done!
Finding genes in sequence #752 (1877 bp)...done!
Finding genes in sequence #753 (2613 bp)...done!
Finding genes in sequence #754 (2433 bp)...done!
Finding genes in sequence #755 (12220 bp)...done!
Finding genes in sequence #756 (8037 bp)...done!
Finding genes in sequence #757 (1930 bp)...done!
Finding genes in sequence #758 (1579 bp)...done!
Finding genes in sequence #759 (9257 bp)...done!
Finding genes in sequence #760 (16165 bp)...done!
Finding genes in sequence #761 (1812 bp)...done!
Finding genes in sequence #762 (2115 bp)...done!
Finding genes in sequence #763 (17113 bp)...done!
Finding genes in sequence #764 (2651 bp)...done!
Finding genes in sequence #765 (1665 bp)...done!
Finding genes in sequence #766 (2139 bp)...done!
Finding genes in sequence #767 (2480 bp)...done!
Finding genes in sequence #768 (15468 bp)...done!
Finding genes in sequence #769 (1745 bp)...done!
Finding genes in sequence #770 (1727 bp)...done!
Finding genes in sequence #771 (2021 bp)...done!
Finding genes in sequence #772 (3121 bp)...done!
Finding genes in sequence #773 (2797 bp)...done!
Finding genes in sequence #774 (1687 bp)...done!
Finding genes in sequence #775 (25265 bp)...done!
Finding genes in sequence #776 (1890 bp)...done!
Finding genes in sequence #777 (10118 bp)...done!
Finding genes in sequence #778 (1787 bp)...done!
Finding genes in sequence #779 (3373 bp)...done!
Finding genes in sequence #780 (7557 bp)...done!
Finding genes in sequence #781 (3196 bp)...done!
Finding genes in sequence #782 (1932 bp)...done!
Finding genes in sequence #783 (2068 bp)...done!
Finding genes in sequence #784 (1894 bp)...done!
Finding genes in sequence #785 (9565 bp)...done!
Finding genes in sequence #786 (7269 bp)...done!
Finding genes in sequence #787 (2260 bp)...done!
Finding genes in sequence #788 (3181 bp)...done!
Finding genes in sequence #789 (1694 bp)...done!
Finding genes in sequence #790 (1527 bp)...done!
Finding genes in sequence #791 (2485 bp)...done!
Finding genes in sequence #792 (26345 bp)...done!
Finding genes in sequence #793 (2352 bp)...done!
Finding genes in sequence #794 (8114 bp)...done!
Finding genes in sequence #795 (9594 bp)...done!
Finding genes in sequence #796 (2563 bp)...done!
Finding genes in sequence #797 (16240 bp)...done!
Finding genes in sequence #798 (4637 bp)...done!
Finding genes in sequence #799 (43990 bp)...done!
Finding genes in sequence #800 (34282 bp)...done!
Finding genes in sequence #801 (27251 bp)...done!
Finding genes in sequence #802 (2353 bp)...done!
Finding genes in sequence #803 (5803 bp)...done!
Finding genes in sequence #804 (2761 bp)...done!
Finding genes in sequence #805 (1741 bp)...done!
Finding genes in sequence #806 (24892 bp)...done!
Finding genes in sequence #807 (1893 bp)...done!
Finding genes in sequence #808 (1629 bp)...done!
Finding genes in sequence #809 (1744 bp)...done!
Finding genes in sequence #810 (1861 bp)...done!
Finding genes in sequence #811 (2180 bp)...done!
Finding genes in sequence #812 (2567 bp)...done!
Finding genes in sequence #813 (1714 bp)...done!
Finding genes in sequence #814 (1698 bp)...done!
Finding genes in sequence #815 (2331 bp)...done!
Finding genes in sequence #816 (2581 bp)...done!
Finding genes in sequence #817 (1507 bp)...done!
Finding genes in sequence #818 (1667 bp)...done!
Finding genes in sequence #819 (4021 bp)...done!
Finding genes in sequence #820 (2390 bp)...done!
Finding genes in sequence #821 (1691 bp)...done!
Finding genes in sequence #822 (2423 bp)...done!
Finding genes in sequence #823 (4413 bp)...done!
Finding genes in sequence #824 (2643 bp)...done!
Finding genes in sequence #825 (1548 bp)...done!
Finding genes in sequence #826 (43783 bp)...done!
Finding genes in sequence #827 (8272 bp)...done!
Finding genes in sequence #828 (5048 bp)...done!
Finding genes in sequence #829 (1783 bp)...done!
Finding genes in sequence #830 (9858 bp)...done!
Finding genes in sequence #831 (2215 bp)...done!
Finding genes in sequence #832 (2254 bp)...done!
Finding genes in sequence #833 (1533 bp)...done!
Finding genes in sequence #834 (1833 bp)...done!
Finding genes in sequence #835 (2033 bp)...done!
Finding genes in sequence #836 (126559 bp)...done!
Finding genes in sequence #837 (1980 bp)...done!
Finding genes in sequence #838 (1688 bp)...done!
Finding genes in sequence #839 (5738 bp)...done!
Finding genes in sequence #840 (3213 bp)...done!
Finding genes in sequence #841 (2313 bp)...done!
Finding genes in sequence #842 (6636 bp)...done!
Finding genes in sequence #843 (15940 bp)...done!
Finding genes in sequence #844 (2084 bp)...done!
Finding genes in sequence #845 (3391 bp)...done!
Finding genes in sequence #846 (1503 bp)...done!
Finding genes in sequence #847 (1689 bp)...done!
Finding genes in sequence #848 (2016 bp)...done!
Finding genes in sequence #849 (1777 bp)...done!
Finding genes in sequence #850 (1753 bp)...done!
Finding genes in sequence #851 (1787 bp)...done!
Finding genes in sequence #852 (3390 bp)...done!
Finding genes in sequence #853 (2394 bp)...done!
Finding genes in sequence #854 (1793 bp)...done!
Finding genes in sequence #855 (2128 bp)...done!
Finding genes in sequence #856 (5603 bp)...done!
Finding genes in sequence #857 (157083 bp)...done!
Finding genes in sequence #858 (2289 bp)...done!
Finding genes in sequence #859 (1795 bp)...done!
Finding genes in sequence #860 (3975 bp)...done!
Finding genes in sequence #861 (2040 bp)...done!
Finding genes in sequence #862 (2111 bp)...done!
Finding genes in sequence #863 (1502 bp)...done!
Finding genes in sequence #864 (2699 bp)...done!
Finding genes in sequence #865 (2981 bp)...done!
Finding genes in sequence #866 (1552 bp)...done!
Finding genes in sequence #867 (4953 bp)...done!
Finding genes in sequence #868 (2047 bp)...done!
Finding genes in sequence #869 (9399 bp)...done!
Finding genes in sequence #870 (1593 bp)...done!
Finding genes in sequence #871 (8479 bp)...done!
Finding genes in sequence #872 (3151 bp)...done!
Finding genes in sequence #873 (4772 bp)...done!
Finding genes in sequence #874 (1630 bp)...done!
Finding genes in sequence #875 (77682 bp)...done!
Finding genes in sequence #876 (2096 bp)...done!
Finding genes in sequence #877 (17798 bp)...done!
Finding genes in sequence #878 (4998 bp)...done!
Finding genes in sequence #879 (77815 bp)...done!
Finding genes in sequence #880 (4703 bp)...done!
Finding genes in sequence #881 (6134 bp)...done!
Finding genes in sequence #882 (1831 bp)...done!
Finding genes in sequence #883 (14057 bp)...done!
Finding genes in sequence #884 (1587 bp)...done!
Finding genes in sequence #885 (1901 bp)...done!
Finding genes in sequence #886 (6763 bp)...done!
Finding genes in sequence #887 (10422 bp)...done!
Finding genes in sequence #888 (2068 bp)...done!
Finding genes in sequence #889 (2035 bp)...done!
Finding genes in sequence #890 (7538 bp)...done!
Finding genes in sequence #891 (1657 bp)...done!
Finding genes in sequence #892 (2907 bp)...done!
Finding genes in sequence #893 (2250 bp)...done!
Finding genes in sequence #894 (1710 bp)...done!
Finding genes in sequence #895 (2759 bp)...done!
Finding genes in sequence #896 (2205 bp)...done!
Finding genes in sequence #897 (2241 bp)...done!
Finding genes in sequence #898 (9677 bp)...done!
Finding genes in sequence #899 (1704 bp)...done!
Finding genes in sequence #900 (2247 bp)...done!
Finding genes in sequence #901 (3336 bp)...done!
Finding genes in sequence #902 (1837 bp)...done!
Finding genes in sequence #903 (12943 bp)...done!
Finding genes in sequence #904 (2745 bp)...done!
Finding genes in sequence #905 (2945 bp)...done!
Finding genes in sequence #906 (2584 bp)...done!
Finding genes in sequence #907 (1902 bp)...done!
Finding genes in sequence #908 (2075 bp)...done!
Finding genes in sequence #909 (20475 bp)...done!
Finding genes in sequence #910 (2903 bp)...done!
Finding genes in sequence #911 (3727 bp)...done!
Finding genes in sequence #912 (1643 bp)...done!
Finding genes in sequence #913 (1510 bp)...done!
Finding genes in sequence #914 (3787 bp)...done!
Finding genes in sequence #915 (6761 bp)...done!
Finding genes in sequence #916 (89786 bp)...done!
Finding genes in sequence #917 (2295 bp)...done!
Finding genes in sequence #918 (8230 bp)...done!
Finding genes in sequence #919 (2038 bp)...done!
Finding genes in sequence #920 (2150 bp)...done!
Finding genes in sequence #921 (13413 bp)...done!
Finding genes in sequence #922 (6381 bp)...done!
Finding genes in sequence #923 (1507 bp)...done!
Finding genes in sequence #924 (4944 bp)...done!
Finding genes in sequence #925 (2673 bp)...done!
Finding genes in sequence #926 (3209 bp)...done!
Finding genes in sequence #927 (2372 bp)...done!
Finding genes in sequence #928 (1525 bp)...done!
Finding genes in sequence #929 (2166 bp)...done!
Finding genes in sequence #930 (2254 bp)...done!
Finding genes in sequence #931 (2694 bp)...done!
Finding genes in sequence #932 (2578 bp)...done!
Finding genes in sequence #933 (2362 bp)...done!
Finding genes in sequence #934 (3744 bp)...done!
Finding genes in sequence #935 (28730 bp)...done!
Finding genes in sequence #936 (2154 bp)...done!
Finding genes in sequence #937 (2300 bp)...done!
Finding genes in sequence #938 (3979 bp)...done!
Finding genes in sequence #939 (5474 bp)...done!
Finding genes in sequence #940 (1557 bp)...done!
Finding genes in sequence #941 (12268 bp)...done!
Finding genes in sequence #942 (16343 bp)...done!
Finding genes in sequence #943 (7259 bp)...done!
Finding genes in sequence #944 (8825 bp)...done!
Finding genes in sequence #945 (7224 bp)...done!
Finding genes in sequence #946 (2119 bp)...done!
Finding genes in sequence #947 (1942 bp)...done!
Finding genes in sequence #948 (1560 bp)...done!
Finding genes in sequence #949 (1877 bp)...done!
Finding genes in sequence #950 (11815 bp)...done!
Finding genes in sequence #951 (2426 bp)...done!
Finding genes in sequence #952 (4776 bp)...done!
Finding genes in sequence #953 (79303 bp)...done!
Finding genes in sequence #954 (120451 bp)...done!
Finding genes in sequence #955 (3114 bp)...done!
Finding genes in sequence #956 (3540 bp)...done!
Finding genes in sequence #957 (1604 bp)...done!
Finding genes in sequence #958 (3262 bp)...done!
Finding genes in sequence #959 (11697 bp)...done!
Finding genes in sequence #960 (3958 bp)...done!
Finding genes in sequence #961 (3579 bp)...done!
Finding genes in sequence #962 (2206 bp)...done!
Finding genes in sequence #963 (1596 bp)...done!
Finding genes in sequence #964 (2485 bp)...done!
Finding genes in sequence #965 (2403 bp)...done!
Finding genes in sequence #966 (1547 bp)...done!
Finding genes in sequence #967 (2269 bp)...done!
Finding genes in sequence #968 (13927 bp)...done!
Finding genes in sequence #969 (4879 bp)...done!
Finding genes in sequence #970 (4964 bp)...done!
Finding genes in sequence #971 (2093 bp)...done!
Finding genes in sequence #972 (4598 bp)...done!
Finding genes in sequence #973 (20893 bp)...done!
Finding genes in sequence #974 (2977 bp)...done!
Finding genes in sequence #975 (5535 bp)...done!
Finding genes in sequence #976 (2316 bp)...done!
Finding genes in sequence #977 (2469 bp)...done!
Finding genes in sequence #978 (20544 bp)...done!
Finding genes in sequence #979 (8751 bp)...done!
Finding genes in sequence #980 (1610 bp)...done!
Finding genes in sequence #981 (2898 bp)...done!
Finding genes in sequence #982 (2301 bp)...done!
Finding genes in sequence #983 (1538 bp)...done!
Finding genes in sequence #984 (2372 bp)...done!
Finding genes in sequence #985 (2457 bp)...done!
Finding genes in sequence #986 (3232 bp)...done!
Finding genes in sequence #987 (1873 bp)...done!
Finding genes in sequence #988 (1709 bp)...done!
Finding genes in sequence #989 (3551 bp)...done!
Finding genes in sequence #990 (1717 bp)...done!
Finding genes in sequence #991 (3019 bp)...done!
Finding genes in sequence #992 (3416 bp)...done!
Finding genes in sequence #993 (2599 bp)...done!
Finding genes in sequence #994 (2596 bp)...done!
Finding genes in sequence #995 (3988 bp)...done!
Finding genes in sequence #996 (2418 bp)...done!
Finding genes in sequence #997 (1560 bp)...done!
Finding genes in sequence #998 (3575 bp)...done!
Finding genes in sequence #999 (1759 bp)...done!
Finding genes in sequence #1000 (1727 bp)...done!
Finding genes in sequence #1001 (1900 bp)...done!
Finding genes in sequence #1002 (3386 bp)...done!
Finding genes in sequence #1003 (4304 bp)...done!
Finding genes in sequence #1004 (1686 bp)...done!
Finding genes in sequence #1005 (1501 bp)...done!
Finding genes in sequence #1006 (10453 bp)...done!
Finding genes in sequence #1007 (2171 bp)...done!
Finding genes in sequence #1008 (3346 bp)...done!
Finding genes in sequence #1009 (4472 bp)...done!
Finding genes in sequence #1010 (1792 bp)...done!
Finding genes in sequence #1011 (27886 bp)...done!
Finding genes in sequence #1012 (3645 bp)...done!
Finding genes in sequence #1013 (2702 bp)...done!
Finding genes in sequence #1014 (1729 bp)...done!
Finding genes in sequence #1015 (1840 bp)...done!
Finding genes in sequence #1016 (2394 bp)...done!
Finding genes in sequence #1017 (28412 bp)...done!
Finding genes in sequence #1018 (45863 bp)...done!
Finding genes in sequence #1019 (2184 bp)...done!
Finding genes in sequence #1020 (1578 bp)...done!
Finding genes in sequence #1021 (1565 bp)...done!
Finding genes in sequence #1022 (2147 bp)...done!
Finding genes in sequence #1023 (2247 bp)...done!
Finding genes in sequence #1024 (1965 bp)...done!
Finding genes in sequence #1025 (3227 bp)...done!
Finding genes in sequence #1026 (2079 bp)...done!
Finding genes in sequence #1027 (1952 bp)...done!
Finding genes in sequence #1028 (3895 bp)...done!
Finding genes in sequence #1029 (24105 bp)...done!
Finding genes in sequence #1030 (3994 bp)...done!
Finding genes in sequence #1031 (27843 bp)...done!
Finding genes in sequence #1032 (1502 bp)...done!
Finding genes in sequence #1033 (17779 bp)...done!
Finding genes in sequence #1034 (1612 bp)...done!
Finding genes in sequence #1035 (4359 bp)...done!
Finding genes in sequence #1036 (6084 bp)...done!
Finding genes in sequence #1037 (13557 bp)...done!
Finding genes in sequence #1038 (4947 bp)...done!
Finding genes in sequence #1039 (1687 bp)...done!
Finding genes in sequence #1040 (2287 bp)...done!
Finding genes in sequence #1041 (31644 bp)...done!
Finding genes in sequence #1042 (27027 bp)...done!
Finding genes in sequence #1043 (28162 bp)...done!
Finding genes in sequence #1044 (1764 bp)...done!
Finding genes in sequence #1045 (1856 bp)...done!
Finding genes in sequence #1046 (9262 bp)...done!
Finding genes in sequence #1047 (7635 bp)...done!
Finding genes in sequence #1048 (6382 bp)...done!
Finding genes in sequence #1049 (1613 bp)...done!
Finding genes in sequence #1050 (1605 bp)...done!
Finding genes in sequence #1051 (5082 bp)...done!
Finding genes in sequence #1052 (1540 bp)...done!
Finding genes in sequence #1053 (67140 bp)...done!
Finding genes in sequence #1054 (1698 bp)...done!
Finding genes in sequence #1055 (1992 bp)...done!
Finding genes in sequence #1056 (2177 bp)...done!
Finding genes in sequence #1057 (2814 bp)...done!
Finding genes in sequence #1058 (2928 bp)...done!
Finding genes in sequence #1059 (1586 bp)...done!
Finding genes in sequence #1060 (1543 bp)...done!
Finding genes in sequence #1061 (6160 bp)...done!
Finding genes in sequence #1062 (3503 bp)...done!
Finding genes in sequence #1063 (7524 bp)...done!
Finding genes in sequence #1064 (9021 bp)...done!
Finding genes in sequence #1065 (4739 bp)...done!
Finding genes in sequence #1066 (3728 bp)...done!
Finding genes in sequence #1067 (2741 bp)...done!
Finding genes in sequence #1068 (1595 bp)...done!
Finding genes in sequence #1069 (3299 bp)...done!
Finding genes in sequence #1070 (3379 bp)...done!
Finding genes in sequence #1071 (1970 bp)...done!
Finding genes in sequence #1072 (1755 bp)...done!
Finding genes in sequence #1073 (1541 bp)...done!
Finding genes in sequence #1074 (2513 bp)...done!
Finding genes in sequence #1075 (1968 bp)...done!
Finding genes in sequence #1076 (2924 bp)...done!
Finding genes in sequence #1077 (3640 bp)...done!
Finding genes in sequence #1078 (3684 bp)...done!
Finding genes in sequence #1079 (6382 bp)...done!
Finding genes in sequence #1080 (4723 bp)...done!
Finding genes in sequence #1081 (2109 bp)...done!
Finding genes in sequence #1082 (2618 bp)...done!
Finding genes in sequence #1083 (1535 bp)...done!
Finding genes in sequence #1084 (1730 bp)...done!
Finding genes in sequence #1085 (1717 bp)...done!
Finding genes in sequence #1086 (12189 bp)...done!
Finding genes in sequence #1087 (7553 bp)...done!
Finding genes in sequence #1088 (17241 bp)...done!
Finding genes in sequence #1089 (7032 bp)...done!
Finding genes in sequence #1090 (1604 bp)...done!
Finding genes in sequence #1091 (8356 bp)...done!
Finding genes in sequence #1092 (1737 bp)...done!
Finding genes in sequence #1093 (2002 bp)...done!
Finding genes in sequence #1094 (35691 bp)...done!
Finding genes in sequence #1095 (1799 bp)...done!
Finding genes in sequence #1096 (1563 bp)...done!
Finding genes in sequence #1097 (2804 bp)...done!
Finding genes in sequence #1098 (3246 bp)...done!
Finding genes in sequence #1099 (1503 bp)...done!
Finding genes in sequence #1100 (6408 bp)...done!
Finding genes in sequence #1101 (1601 bp)...done!
Finding genes in sequence #1102 (4800 bp)...done!
Finding genes in sequence #1103 (1567 bp)...done!
Finding genes in sequence #1104 (2278 bp)...done!
Finding genes in sequence #1105 (2393 bp)...done!
Finding genes in sequence #1106 (1641 bp)...done!
Finding genes in sequence #1107 (14240 bp)...done!
Finding genes in sequence #1108 (2247 bp)...done!
Finding genes in sequence #1109 (1744 bp)...done!
Finding genes in sequence #1110 (36081 bp)...done!
Finding genes in sequence #1111 (2233 bp)...done!
Finding genes in sequence #1112 (2002 bp)...done!
Finding genes in sequence #1113 (46504 bp)...done!
Finding genes in sequence #1114 (6631 bp)...done!
Finding genes in sequence #1115 (1764 bp)...done!
Finding genes in sequence #1116 (2616 bp)...done!
Finding genes in sequence #1117 (2384 bp)...done!
Finding genes in sequence #1118 (1585 bp)...done!
Finding genes in sequence #1119 (2711 bp)...done!
Finding genes in sequence #1120 (2029 bp)...done!
Finding genes in sequence #1121 (1945 bp)...done!
Finding genes in sequence #1122 (2185 bp)...done!
Finding genes in sequence #1123 (4478 bp)...done!
Finding genes in sequence #1124 (2075 bp)...done!
Finding genes in sequence #1125 (69351 bp)...done!
Finding genes in sequence #1126 (3337 bp)...done!
Finding genes in sequence #1127 (48142 bp)...done!
Finding genes in sequence #1128 (1703 bp)...done!
Finding genes in sequence #1129 (1721 bp)...done!
Finding genes in sequence #1130 (6509 bp)...done!
Finding genes in sequence #1131 (1542 bp)...done!
Finding genes in sequence #1132 (7105 bp)...done!
Finding genes in sequence #1133 (3390 bp)...done!
Finding genes in sequence #1134 (6605 bp)...done!
Finding genes in sequence #1135 (3398 bp)...done!
Finding genes in sequence #1136 (1649 bp)...done!
Finding genes in sequence #1137 (9003 bp)...done!
Finding genes in sequence #1138 (3458 bp)...done!
Finding genes in sequence #1139 (1888 bp)...done!
Finding genes in sequence #1140 (4057 bp)...done!
Finding genes in sequence #1141 (8855 bp)...done!
Finding genes in sequence #1142 (3982 bp)...done!
Finding genes in sequence #1143 (1875 bp)...done!
Finding genes in sequence #1144 (1850 bp)...done!
Finding genes in sequence #1145 (7232 bp)...done!
Finding genes in sequence #1146 (36922 bp)...done!
Finding genes in sequence #1147 (4480 bp)...done!
Finding genes in sequence #1148 (1768 bp)...done!
Finding genes in sequence #1149 (2641 bp)...done!
Finding genes in sequence #1150 (3571 bp)...done!
Finding genes in sequence #1151 (2776 bp)...done!
Finding genes in sequence #1152 (3859 bp)...done!
Finding genes in sequence #1153 (2631 bp)...done!
Finding genes in sequence #1154 (1749 bp)...done!
Finding genes in sequence #1155 (1675 bp)...done!
Finding genes in sequence #1156 (2231 bp)...done!
Finding genes in sequence #1157 (5188 bp)...done!
Finding genes in sequence #1158 (12237 bp)...done!
Finding genes in sequence #1159 (2941 bp)...done!
Finding genes in sequence #1160 (2257 bp)...done!
Finding genes in sequence #1161 (2566 bp)...done!
Finding genes in sequence #1162 (4361 bp)...done!
Finding genes in sequence #1163 (3693 bp)...done!
Finding genes in sequence #1164 (1576 bp)...done!
Finding genes in sequence #1165 (6676 bp)...done!
Finding genes in sequence #1166 (2541 bp)...done!
Finding genes in sequence #1167 (2878 bp)...done!
Finding genes in sequence #1168 (1599 bp)...done!
Finding genes in sequence #1169 (35986 bp)...done!
Finding genes in sequence #1170 (2098 bp)...done!
Finding genes in sequence #1171 (209565 bp)...done!
Finding genes in sequence #1172 (5404 bp)...done!
Finding genes in sequence #1173 (2210 bp)...done!
Finding genes in sequence #1174 (3611 bp)...done!
Finding genes in sequence #1175 (1617 bp)...done!
Finding genes in sequence #1176 (4036 bp)...done!
Finding genes in sequence #1177 (7169 bp)...done!
Finding genes in sequence #1178 (3265 bp)...done!
Finding genes in sequence #1179 (2362 bp)...done!
Finding genes in sequence #1180 (2643 bp)...done!
Finding genes in sequence #1181 (2006 bp)...done!
Finding genes in sequence #1182 (12283 bp)...done!
Finding genes in sequence #1183 (1532 bp)...done!
Finding genes in sequence #1184 (9576 bp)...done!
Finding genes in sequence #1185 (2515 bp)...done!
Finding genes in sequence #1186 (26275 bp)...done!
Finding genes in sequence #1187 (2022 bp)...done!
Finding genes in sequence #1188 (7185 bp)...done!
Finding genes in sequence #1189 (2103 bp)...done!
Finding genes in sequence #1190 (2487 bp)...done!
Finding genes in sequence #1191 (2834 bp)...done!
Finding genes in sequence #1192 (6096 bp)...done!
Finding genes in sequence #1193 (5606 bp)...done!
Finding genes in sequence #1194 (3239 bp)...done!
Finding genes in sequence #1195 (1886 bp)...done!
Finding genes in sequence #1196 (1711 bp)...done!
Finding genes in sequence #1197 (8661 bp)...done!
Finding genes in sequence #1198 (2803 bp)...done!
Finding genes in sequence #1199 (8481 bp)...done!
Finding genes in sequence #1200 (1794 bp)...done!
Finding genes in sequence #1201 (4205 bp)...done!
Finding genes in sequence #1202 (1637 bp)...done!
Finding genes in sequence #1203 (1660 bp)...done!
Finding genes in sequence #1204 (1700 bp)...done!
Finding genes in sequence #1205 (2384 bp)...done!
Finding genes in sequence #1206 (3042 bp)...done!
Finding genes in sequence #1207 (1877 bp)...done!
Finding genes in sequence #1208 (1684 bp)...done!
Finding genes in sequence #1209 (5062 bp)...done!
Finding genes in sequence #1210 (23121 bp)...done!
Finding genes in sequence #1211 (1995 bp)...done!
Finding genes in sequence #1212 (1796 bp)...done!
Finding genes in sequence #1213 (1970 bp)...done!
Finding genes in sequence #1214 (1787 bp)...done!
Finding genes in sequence #1215 (2175 bp)...done!
Finding genes in sequence #1216 (1785 bp)...done!
Finding genes in sequence #1217 (1558 bp)...done!
Finding genes in sequence #1218 (21565 bp)...done!
Finding genes in sequence #1219 (3094 bp)...done!
Finding genes in sequence #1220 (1584 bp)...done!
Finding genes in sequence #1221 (1558 bp)...done!
Finding genes in sequence #1222 (3626 bp)...done!
Finding genes in sequence #1223 (1599 bp)...done!
Finding genes in sequence #1224 (2296 bp)...done!
Finding genes in sequence #1225 (1685 bp)...done!
Finding genes in sequence #1226 (1631 bp)...done!
Finding genes in sequence #1227 (1852 bp)...done!
Finding genes in sequence #1228 (5967 bp)...done!
Finding genes in sequence #1229 (2888 bp)...done!
Finding genes in sequence #1230 (5456 bp)...done!
Finding genes in sequence #1231 (2148 bp)...done!
Finding genes in sequence #1232 (3037 bp)...done!
Finding genes in sequence #1233 (1647 bp)...done!
Finding genes in sequence #1234 (2125 bp)...done!
Finding genes in sequence #1235 (18683 bp)...done!
Finding genes in sequence #1236 (1713 bp)...done!
Finding genes in sequence #1237 (1515 bp)...done!
Finding genes in sequence #1238 (11906 bp)...done!
Finding genes in sequence #1239 (2066 bp)...done!
Finding genes in sequence #1240 (2051 bp)...done!
Finding genes in sequence #1241 (1572 bp)...done!
Finding genes in sequence #1242 (1679 bp)...done!
Finding genes in sequence #1243 (2033 bp)...done!
Finding genes in sequence #1244 (7797 bp)...done!
Finding genes in sequence #1245 (1742 bp)...done!
Finding genes in sequence #1246 (3579 bp)...done!
Finding genes in sequence #1247 (2775 bp)...done!
Finding genes in sequence #1248 (1574 bp)...done!
Finding genes in sequence #1249 (1508 bp)...done!
Finding genes in sequence #1250 (1730 bp)...done!
Finding genes in sequence #1251 (1838 bp)...done!
Finding genes in sequence #1252 (5375 bp)...done!
Finding genes in sequence #1253 (1534 bp)...done!
Finding genes in sequence #1254 (2222 bp)...done!
Finding genes in sequence #1255 (3526 bp)...done!
Finding genes in sequence #1256 (2916 bp)...done!
Finding genes in sequence #1257 (2956 bp)...done!
Finding genes in sequence #1258 (1763 bp)...done!
Finding genes in sequence #1259 (1725 bp)...done!
Finding genes in sequence #1260 (2487 bp)...done!
Finding genes in sequence #1261 (1614 bp)...done!
Finding genes in sequence #1262 (14568 bp)...done!
Finding genes in sequence #1263 (2711 bp)...done!
Finding genes in sequence #1264 (58864 bp)...done!
Finding genes in sequence #1265 (2375 bp)...done!
Finding genes in sequence #1266 (1832 bp)...done!
Finding genes in sequence #1267 (8815 bp)...done!
Finding genes in sequence #1268 (4124 bp)...done!
Finding genes in sequence #1269 (2898 bp)...done!
Finding genes in sequence #1270 (2143 bp)...done!
Finding genes in sequence #1271 (6232 bp)...done!
Finding genes in sequence #1272 (3367 bp)...done!
Finding genes in sequence #1273 (1962 bp)...done!
Finding genes in sequence #1274 (32459 bp)...done!
Finding genes in sequence #1275 (2329 bp)...done!
Finding genes in sequence #1276 (3339 bp)...done!
Finding genes in sequence #1277 (2021 bp)...done!
Finding genes in sequence #1278 (2893 bp)...done!
Finding genes in sequence #1279 (5097 bp)...done!
Finding genes in sequence #1280 (1999 bp)...done!
Finding genes in sequence #1281 (6174 bp)...done!
Finding genes in sequence #1282 (1719 bp)...done!
Finding genes in sequence #1283 (4724 bp)...done!
Finding genes in sequence #1284 (2207 bp)...done!
Finding genes in sequence #1285 (1601 bp)...done!
Finding genes in sequence #1286 (1571 bp)...done!
Finding genes in sequence #1287 (27844 bp)...done!
Finding genes in sequence #1288 (1717 bp)...done!
Finding genes in sequence #1289 (2179 bp)...done!
Finding genes in sequence #1290 (1790 bp)...done!
Finding genes in sequence #1291 (2436 bp)...done!
Finding genes in sequence #1292 (1784 bp)...done!
Finding genes in sequence #1293 (1612 bp)...done!
Finding genes in sequence #1294 (1501 bp)...done!
Finding genes in sequence #1295 (1768 bp)...done!
Finding genes in sequence #1296 (1770 bp)...done!
Finding genes in sequence #1297 (1607 bp)...done!
Finding genes in sequence #1298 (1654 bp)...done!
Finding genes in sequence #1299 (4698 bp)...done!
Finding genes in sequence #1300 (1714 bp)...done!
Finding genes in sequence #1301 (4389 bp)...done!
Finding genes in sequence #1302 (1827 bp)...done!
Finding genes in sequence #1303 (3827 bp)...done!
Finding genes in sequence #1304 (5622 bp)...done!
Finding genes in sequence #1305 (5631 bp)...done!
Finding genes in sequence #1306 (1502 bp)...done!
Finding genes in sequence #1307 (2423 bp)...done!
Finding genes in sequence #1308 (3890 bp)...done!
Finding genes in sequence #1309 (1898 bp)...done!
Finding genes in sequence #1310 (2653 bp)...done!
Finding genes in sequence #1311 (2249 bp)...done!
Finding genes in sequence #1312 (5311 bp)...done!
Finding genes in sequence #1313 (1544 bp)...done!
Finding genes in sequence #1314 (1804 bp)...done!
Finding genes in sequence #1315 (2378 bp)...done!
Finding genes in sequence #1316 (3344 bp)...done!
Finding genes in sequence #1317 (3875 bp)...done!
Finding genes in sequence #1318 (3005 bp)...done!
Finding genes in sequence #1319 (1601 bp)...done!
Finding genes in sequence #1320 (3572 bp)...done!
Finding genes in sequence #1321 (15158 bp)...done!
Finding genes in sequence #1322 (1942 bp)...done!
Finding genes in sequence #1323 (2673 bp)...done!
Finding genes in sequence #1324 (3876 bp)...done!
Finding genes in sequence #1325 (4348 bp)...done!
Finding genes in sequence #1326 (2482 bp)...done!
Finding genes in sequence #1327 (1879 bp)...done!
Finding genes in sequence #1328 (1603 bp)...done!
Finding genes in sequence #1329 (1792 bp)...done!
Finding genes in sequence #1330 (3948 bp)...done!
Finding genes in sequence #1331 (1551 bp)...done!
Finding genes in sequence #1332 (2007 bp)...done!
Finding genes in sequence #1333 (2817 bp)...done!
Finding genes in sequence #1334 (1603 bp)...done!
Finding genes in sequence #1335 (2340 bp)...done!
Finding genes in sequence #1336 (15101 bp)...done!
Finding genes in sequence #1337 (67923 bp)...done!
Finding genes in sequence #1338 (3004 bp)...done!
Finding genes in sequence #1339 (14681 bp)...done!
Finding genes in sequence #1340 (2015 bp)...done!
Finding genes in sequence #1341 (1633 bp)...done!
Finding genes in sequence #1342 (2152 bp)...done!
Finding genes in sequence #1343 (6111 bp)...done!
Finding genes in sequence #1344 (2674 bp)...done!
Finding genes in sequence #1345 (2649 bp)...done!
Finding genes in sequence #1346 (2415 bp)...done!
Finding genes in sequence #1347 (2058 bp)...done!
Finding genes in sequence #1348 (6206 bp)...done!
Finding genes in sequence #1349 (7740 bp)...done!
Finding genes in sequence #1350 (13218 bp)...done!
Finding genes in sequence #1351 (2476 bp)...done!
Finding genes in sequence #1352 (1658 bp)...done!
Finding genes in sequence #1353 (1572 bp)...done!
Finding genes in sequence #1354 (2387 bp)...done!
Finding genes in sequence #1355 (2405 bp)...done!
Finding genes in sequence #1356 (2032 bp)...done!
Finding genes in sequence #1357 (2102 bp)...done!
Finding genes in sequence #1358 (1562 bp)...done!
Finding genes in sequence #1359 (18560 bp)...done!
Finding genes in sequence #1360 (1717 bp)...done!
Finding genes in sequence #1361 (5006 bp)...done!
Finding genes in sequence #1362 (5568 bp)...done!
Finding genes in sequence #1363 (3320 bp)...done!
Finding genes in sequence #1364 (1839 bp)...done!
Finding genes in sequence #1365 (1890 bp)...done!
Finding genes in sequence #1366 (2203 bp)...done!
Finding genes in sequence #1367 (7445 bp)...done!
Finding genes in sequence #1368 (4745 bp)...done!
Finding genes in sequence #1369 (3643 bp)...done!
Finding genes in sequence #1370 (1500 bp)...done!
Finding genes in sequence #1371 (1679 bp)...done!
Finding genes in sequence #1372 (17092 bp)...done!
Finding genes in sequence #1373 (8576 bp)...done!
Finding genes in sequence #1374 (1610 bp)...done!
Finding genes in sequence #1375 (16743 bp)...done!
Finding genes in sequence #1376 (2019 bp)...done!
Finding genes in sequence #1377 (4527 bp)...done!
Finding genes in sequence #1378 (2153 bp)...done!
Finding genes in sequence #1379 (1884 bp)...done!
Finding genes in sequence #1380 (10008 bp)...done!
Finding genes in sequence #1381 (2603 bp)...done!
Finding genes in sequence #1382 (1819 bp)...done!
Finding genes in sequence #1383 (1731 bp)...done!
Finding genes in sequence #1384 (2728 bp)...done!
Finding genes in sequence #1385 (2359 bp)...done!
Finding genes in sequence #1386 (11338 bp)...done!
Finding genes in sequence #1387 (7532 bp)...done!
Finding genes in sequence #1388 (1673 bp)...done!
Finding genes in sequence #1389 (1627 bp)...done!
Finding genes in sequence #1390 (2081 bp)...done!
Finding genes in sequence #1391 (1529 bp)...done!
Finding genes in sequence #1392 (1565 bp)...done!
Finding genes in sequence #1393 (2314 bp)...done!
Finding genes in sequence #1394 (4563 bp)...done!
Finding genes in sequence #1395 (3626 bp)...done!
Finding genes in sequence #1396 (5043 bp)...done!
Finding genes in sequence #1397 (1543 bp)...done!
Finding genes in sequence #1398 (236805 bp)...done!
Finding genes in sequence #1399 (10420 bp)...done!
Finding genes in sequence #1400 (1980 bp)...done!
Finding genes in sequence #1401 (3539 bp)...done!
Finding genes in sequence #1402 (2427 bp)...done!
Finding genes in sequence #1403 (4027 bp)...done!
Finding genes in sequence #1404 (53642 bp)...done!
Finding genes in sequence #1405 (2177 bp)...done!
Finding genes in sequence #1406 (660252 bp)...done!
Finding genes in sequence #1407 (4004 bp)...done!
Finding genes in sequence #1408 (204530 bp)...done!
Finding genes in sequence #1409 (1521 bp)...done!
Finding genes in sequence #1410 (1683 bp)...done!
Finding genes in sequence #1411 (6195 bp)...done!
Finding genes in sequence #1412 (1813 bp)...done!
Finding genes in sequence #1413 (3320 bp)...done!
Finding genes in sequence #1414 (14405 bp)...done!
Finding genes in sequence #1415 (6028 bp)...done!
Finding genes in sequence #1416 (2581 bp)...done!
Finding genes in sequence #1417 (3312 bp)...done!
Finding genes in sequence #1418 (13971 bp)...done!
Finding genes in sequence #1419 (4273 bp)...done!
Finding genes in sequence #1420 (3948 bp)...done!
Finding genes in sequence #1421 (2003 bp)...done!
Finding genes in sequence #1422 (12494 bp)...done!
Finding genes in sequence #1423 (1772 bp)...done!
Finding genes in sequence #1424 (4660 bp)...done!
Finding genes in sequence #1425 (3369 bp)...done!
Finding genes in sequence #1426 (3721 bp)...done!
Finding genes in sequence #1427 (2043 bp)...done!
Finding genes in sequence #1428 (4078 bp)...done!
Finding genes in sequence #1429 (2358 bp)...done!
Finding genes in sequence #1430 (1982 bp)...done!
Finding genes in sequence #1431 (3329 bp)...done!
Finding genes in sequence #1432 (3189 bp)...done!
Finding genes in sequence #1433 (3375 bp)...done!
Finding genes in sequence #1434 (2046 bp)...done!
Finding genes in sequence #1435 (2782 bp)...done!
Finding genes in sequence #1436 (2445 bp)...done!
Finding genes in sequence #1437 (6195 bp)...done!
Finding genes in sequence #1438 (1572 bp)...done!
Finding genes in sequence #1439 (1594 bp)...done!
Finding genes in sequence #1440 (25918 bp)...done!
Finding genes in sequence #1441 (11464 bp)...done!
Finding genes in sequence #1442 (2094 bp)...done!
Finding genes in sequence #1443 (2159 bp)...done!
Finding genes in sequence #1444 (1565 bp)...done!
Finding genes in sequence #1445 (11209 bp)...done!
Finding genes in sequence #1446 (30671 bp)...done!
Finding genes in sequence #1447 (3465 bp)...done!
Finding genes in sequence #1448 (11393 bp)...done!
Finding genes in sequence #1449 (2350 bp)...done!
Finding genes in sequence #1450 (1801 bp)...done!
Finding genes in sequence #1451 (8479 bp)...done!
Finding genes in sequence #1452 (1934 bp)...done!
Finding genes in sequence #1453 (15993 bp)...done!
Finding genes in sequence #1454 (3994 bp)...done!
Finding genes in sequence #1455 (2098 bp)...done!
Finding genes in sequence #1456 (6729 bp)...done!
Finding genes in sequence #1457 (1733 bp)...done!
Finding genes in sequence #1458 (4921 bp)...done!
Finding genes in sequence #1459 (15645 bp)...done!
Finding genes in sequence #1460 (2349 bp)...done!
Finding genes in sequence #1461 (3468 bp)...done!
Finding genes in sequence #1462 (1585 bp)...done!
Finding genes in sequence #1463 (2664 bp)...done!
Finding genes in sequence #1464 (3388 bp)...done!
Finding genes in sequence #1465 (1692 bp)...done!
Finding genes in sequence #1466 (9108 bp)...done!
Finding genes in sequence #1467 (6485 bp)...done!
Finding genes in sequence #1468 (1900 bp)...done!
Finding genes in sequence #1469 (2288 bp)...done!
Finding genes in sequence #1470 (2091 bp)...done!
Finding genes in sequence #1471 (1716 bp)...done!
Finding genes in sequence #1472 (5400 bp)...done!
Finding genes in sequence #1473 (2284 bp)...done!
Finding genes in sequence #1474 (4972 bp)...done!
Finding genes in sequence #1475 (1519 bp)...done!
Finding genes in sequence #1476 (3120 bp)...done!
Finding genes in sequence #1477 (1910 bp)...done!
Finding genes in sequence #1478 (18288 bp)...done!
Finding genes in sequence #1479 (6426 bp)...done!
Finding genes in sequence #1480 (2021 bp)...done!
Finding genes in sequence #1481 (2853 bp)...done!
Finding genes in sequence #1482 (4605 bp)...done!
Finding genes in sequence #1483 (2391 bp)...done!
Finding genes in sequence #1484 (2583 bp)...done!
Finding genes in sequence #1485 (11261 bp)...done!
Finding genes in sequence #1486 (3400 bp)...done!
Finding genes in sequence #1487 (8803 bp)...done!
Finding genes in sequence #1488 (4926 bp)...done!
Finding genes in sequence #1489 (1609 bp)...done!
Finding genes in sequence #1490 (1606 bp)...done!
Finding genes in sequence #1491 (1604 bp)...done!
Finding genes in sequence #1492 (12110 bp)...done!
Finding genes in sequence #1493 (2569 bp)...done!
Finding genes in sequence #1494 (3669 bp)...done!
Finding genes in sequence #1495 (1634 bp)...done!
Finding genes in sequence #1496 (13053 bp)...done!
Finding genes in sequence #1497 (1595 bp)...done!
Finding genes in sequence #1498 (1802 bp)...done!
Finding genes in sequence #1499 (64230 bp)...done!
Finding genes in sequence #1500 (1637 bp)...done!
Finding genes in sequence #1501 (3586 bp)...done!
Finding genes in sequence #1502 (2194 bp)...done!
Finding genes in sequence #1503 (1626 bp)...done!
Finding genes in sequence #1504 (2671 bp)...done!
Finding genes in sequence #1505 (2340 bp)...done!
Finding genes in sequence #1506 (1869 bp)...done!
Finding genes in sequence #1507 (1988 bp)...done!
Finding genes in sequence #1508 (26973 bp)...done!
Finding genes in sequence #1509 (23884 bp)...done!
Finding genes in sequence #1510 (1987 bp)...done!
Finding genes in sequence #1511 (1650 bp)...done!
Finding genes in sequence #1512 (2392 bp)...done!
Finding genes in sequence #1513 (1904 bp)...done!
Finding genes in sequence #1514 (20721 bp)...done!
Finding genes in sequence #1515 (8578 bp)...done!
Finding genes in sequence #1516 (2196 bp)...done!
Finding genes in sequence #1517 (2222 bp)...done!
Finding genes in sequence #1518 (3367 bp)...done!
Finding genes in sequence #1519 (2797 bp)...done!
Finding genes in sequence #1520 (5400 bp)...done!
Finding genes in sequence #1521 (5947 bp)...done!
Finding genes in sequence #1522 (4027 bp)...done!
Finding genes in sequence #1523 (1647 bp)...done!
Finding genes in sequence #1524 (1855 bp)...done!
Finding genes in sequence #1525 (2365 bp)...done!
Finding genes in sequence #1526 (4483 bp)...done!
Finding genes in sequence #1527 (1611 bp)...done!
Finding genes in sequence #1528 (1693 bp)...done!
Finding genes in sequence #1529 (6837 bp)...done!
Finding genes in sequence #1530 (4121 bp)...done!
Finding genes in sequence #1531 (1608 bp)...done!
Finding genes in sequence #1532 (2770 bp)...done!
Finding genes in sequence #1533 (3107 bp)...done!
Finding genes in sequence #1534 (1927 bp)...done!
Finding genes in sequence #1535 (1549 bp)...done!
Finding genes in sequence #1536 (4781 bp)...done!
Finding genes in sequence #1537 (2406 bp)...done!
Finding genes in sequence #1538 (6802 bp)...done!
Finding genes in sequence #1539 (38845 bp)...done!
Finding genes in sequence #1540 (1725 bp)...done!
Finding genes in sequence #1541 (3242 bp)...done!
Finding genes in sequence #1542 (4488 bp)...done!
Finding genes in sequence #1543 (2490 bp)...done!
Finding genes in sequence #1544 (1525 bp)...done!
Finding genes in sequence #1545 (3872 bp)...done!
Finding genes in sequence #1546 (11629 bp)...done!
Finding genes in sequence #1547 (4768 bp)...done!
Finding genes in sequence #1548 (7889 bp)...done!
Finding genes in sequence #1549 (2334 bp)...done!
Finding genes in sequence #1550 (2514 bp)...done!
Finding genes in sequence #1551 (2170 bp)...done!
Finding genes in sequence #1552 (4914 bp)...done!
Finding genes in sequence #1553 (34810 bp)...done!
Finding genes in sequence #1554 (1890 bp)...done!
Finding genes in sequence #1555 (1762 bp)...done!
Finding genes in sequence #1556 (1550 bp)...done!
Finding genes in sequence #1557 (1972 bp)...done!
Finding genes in sequence #1558 (39377 bp)...done!
Finding genes in sequence #1559 (3612 bp)...done!
Finding genes in sequence #1560 (2754 bp)...done!
Finding genes in sequence #1561 (60460 bp)...done!
Finding genes in sequence #1562 (2201 bp)...done!
Finding genes in sequence #1563 (8649 bp)...done!
Finding genes in sequence #1564 (3867 bp)...done!
Finding genes in sequence #1565 (2211 bp)...done!
Finding genes in sequence #1566 (1638 bp)...done!
Finding genes in sequence #1567 (1558 bp)...done!
Finding genes in sequence #1568 (1604 bp)...done!
Finding genes in sequence #1569 (1630 bp)...done!
Finding genes in sequence #1570 (1600 bp)...done!
Finding genes in sequence #1571 (1564 bp)...done!
Finding genes in sequence #1572 (4721 bp)...done!
Finding genes in sequence #1573 (2666 bp)...done!
Finding genes in sequence #1574 (2864 bp)...done!
Finding genes in sequence #1575 (2266 bp)...done!
Finding genes in sequence #1576 (1518 bp)...done!
Finding genes in sequence #1577 (2364 bp)...done!
Finding genes in sequence #1578 (26943 bp)...done!
Finding genes in sequence #1579 (1794 bp)...done!
Finding genes in sequence #1580 (2089 bp)...done!
Finding genes in sequence #1581 (2479 bp)...done!
Finding genes in sequence #1582 (1843 bp)...done!
Finding genes in sequence #1583 (8860 bp)...done!
Finding genes in sequence #1584 (5672 bp)...done!
Finding genes in sequence #1585 (1856 bp)...done!
Finding genes in sequence #1586 (2025 bp)...done!
Finding genes in sequence #1587 (1855 bp)...done!
Finding genes in sequence #1588 (1598 bp)...done!
Finding genes in sequence #1589 (5366 bp)...done!
Finding genes in sequence #1590 (14710 bp)...done!
Finding genes in sequence #1591 (7167 bp)...done!
Finding genes in sequence #1592 (17668 bp)...done!
Finding genes in sequence #1593 (4225 bp)...done!
Finding genes in sequence #1594 (3141 bp)...done!
Finding genes in sequence #1595 (1662 bp)...done!
Finding genes in sequence #1596 (11205 bp)...done!
Finding genes in sequence #1597 (2892 bp)...done!
Finding genes in sequence #1598 (22630 bp)...done!
Finding genes in sequence #1599 (1856 bp)...done!
Finding genes in sequence #1600 (8601 bp)...done!
Finding genes in sequence #1601 (5072 bp)...done!
Finding genes in sequence #1602 (44823 bp)...done!
Finding genes in sequence #1603 (2051 bp)...done!
Finding genes in sequence #1604 (4549 bp)...done!
Finding genes in sequence #1605 (2341 bp)...done!
Finding genes in sequence #1606 (2797 bp)...done!
Finding genes in sequence #1607 (2365 bp)...done!
Finding genes in sequence #1608 (1526 bp)...done!
Finding genes in sequence #1609 (1643 bp)...done!
Finding genes in sequence #1610 (2106 bp)...done!
Finding genes in sequence #1611 (1814 bp)...done!
Finding genes in sequence #1612 (4754 bp)...done!
Finding genes in sequence #1613 (1554 bp)...done!
Finding genes in sequence #1614 (4425 bp)...done!
Finding genes in sequence #1615 (12560 bp)...done!
Finding genes in sequence #1616 (2445 bp)...done!
Finding genes in sequence #1617 (1796 bp)...done!
Finding genes in sequence #1618 (1567 bp)...done!
Finding genes in sequence #1619 (1837 bp)...done!
Finding genes in sequence #1620 (2271 bp)...done!
Finding genes in sequence #1621 (2901 bp)...done!
Finding genes in sequence #1622 (18170 bp)...done!
Finding genes in sequence #1623 (12973 bp)...done!
Finding genes in sequence #1624 (2188 bp)...done!
Finding genes in sequence #1625 (2596 bp)...done!
Finding genes in sequence #1626 (5464 bp)...done!
Finding genes in sequence #1627 (1815 bp)...done!
Finding genes in sequence #1628 (3527 bp)...done!
Finding genes in sequence #1629 (4411 bp)...done!
Finding genes in sequence #1630 (13415 bp)...done!
Finding genes in sequence #1631 (2177 bp)...done!
Finding genes in sequence #1632 (2420 bp)...done!
Finding genes in sequence #1633 (52029 bp)...done!
Finding genes in sequence #1634 (9347 bp)...done!
Finding genes in sequence #1635 (9855 bp)...done!
Finding genes in sequence #1636 (2110 bp)...done!
Finding genes in sequence #1637 (1728 bp)...done!
Finding genes in sequence #1638 (1700 bp)...done!
Finding genes in sequence #1639 (1918 bp)...done!
Finding genes in sequence #1640 (1509 bp)...done!
Finding genes in sequence #1641 (1723 bp)...done!
Finding genes in sequence #1642 (5763 bp)...done!
Finding genes in sequence #1643 (1532 bp)...done!
Finding genes in sequence #1644 (1720 bp)...done!
Finding genes in sequence #1645 (6391 bp)...done!
Finding genes in sequence #1646 (2749 bp)...done!
Finding genes in sequence #1647 (2803 bp)...done!
Finding genes in sequence #1648 (1630 bp)...done!
Finding genes in sequence #1649 (8456 bp)...done!
Finding genes in sequence #1650 (2785 bp)...done!
Finding genes in sequence #1651 (2453 bp)...done!
Finding genes in sequence #1652 (3171 bp)...done!
Finding genes in sequence #1653 (17235 bp)...done!
Finding genes in sequence #1654 (16545 bp)...done!
Finding genes in sequence #1655 (1599 bp)...done!
Finding genes in sequence #1656 (4528 bp)...done!
Finding genes in sequence #1657 (4869 bp)...done!
Finding genes in sequence #1658 (1565 bp)...done!
Finding genes in sequence #1659 (2004 bp)...done!
Finding genes in sequence #1660 (1737 bp)...done!
Finding genes in sequence #1661 (2159 bp)...done!
Finding genes in sequence #1662 (9295 bp)...done!
Finding genes in sequence #1663 (6593 bp)...done!
Finding genes in sequence #1664 (3901 bp)...done!
Finding genes in sequence #1665 (1911 bp)...done!
Finding genes in sequence #1666 (2419 bp)...done!
Finding genes in sequence #1667 (7576 bp)...done!
Finding genes in sequence #1668 (2810 bp)...done!
Finding genes in sequence #1669 (1631 bp)...done!
Finding genes in sequence #1670 (2048 bp)...done!
Finding genes in sequence #1671 (1572 bp)...done!
Finding genes in sequence #1672 (2518 bp)...done!
Finding genes in sequence #1673 (23837 bp)...done!
Finding genes in sequence #1674 (12092 bp)...done!
Finding genes in sequence #1675 (11673 bp)...done!
Finding genes in sequence #1676 (3433 bp)...done!
Finding genes in sequence #1677 (14092 bp)...done!
Finding genes in sequence #1678 (4223 bp)...done!
Finding genes in sequence #1679 (3053 bp)...done!
Finding genes in sequence #1680 (2357 bp)...done!
Finding genes in sequence #1681 (11834 bp)...done!
Finding genes in sequence #1682 (40841 bp)...done!
Finding genes in sequence #1683 (1963 bp)...done!
Finding genes in sequence #1684 (3519 bp)...done!
Finding genes in sequence #1685 (1504 bp)...done!
Finding genes in sequence #1686 (3398 bp)...done!
Finding genes in sequence #1687 (1831 bp)...done!
Finding genes in sequence #1688 (3007 bp)...done!
Finding genes in sequence #1689 (1855 bp)...done!
Finding genes in sequence #1690 (3752 bp)...done!
Finding genes in sequence #1691 (14302 bp)...done!
Finding genes in sequence #1692 (2088 bp)...done!
Finding genes in sequence #1693 (2057 bp)...done!
Finding genes in sequence #1694 (1799 bp)...done!
Finding genes in sequence #1695 (1890 bp)...done!
Finding genes in sequence #1696 (2044 bp)...done!
Finding genes in sequence #1697 (1500 bp)...done!
Finding genes in sequence #1698 (1523 bp)...done!
Finding genes in sequence #1699 (4630 bp)...done!
Finding genes in sequence #1700 (7579 bp)...done!
Finding genes in sequence #1701 (1692 bp)...done!
Finding genes in sequence #1702 (2710 bp)...done!
Finding genes in sequence #1703 (1615 bp)...done!
Finding genes in sequence #1704 (2424 bp)...done!
Finding genes in sequence #1705 (31848 bp)...done!
Finding genes in sequence #1706 (13423 bp)...done!
Finding genes in sequence #1707 (3588 bp)...done!
Finding genes in sequence #1708 (4493 bp)...done!
Finding genes in sequence #1709 (2862 bp)...done!
Finding genes in sequence #1710 (1592 bp)...done!
Finding genes in sequence #1711 (1687 bp)...done!
Finding genes in sequence #1712 (2033 bp)...done!
Finding genes in sequence #1713 (13821 bp)...done!
Finding genes in sequence #1714 (6867 bp)...done!
Finding genes in sequence #1715 (46096 bp)...done!
Finding genes in sequence #1716 (2777 bp)...done!
Finding genes in sequence #1717 (2916 bp)...done!
Finding genes in sequence #1718 (1914 bp)...done!
Finding genes in sequence #1719 (1584 bp)...done!
Finding genes in sequence #1720 (15475 bp)...done!
Finding genes in sequence #1721 (7905 bp)...done!
Finding genes in sequence #1722 (2724 bp)...done!
Finding genes in sequence #1723 (9155 bp)...done!
Finding genes in sequence #1724 (1753 bp)...done!
Finding genes in sequence #1725 (1589 bp)...done!
Finding genes in sequence #1726 (2148 bp)...done!
Finding genes in sequence #1727 (9629 bp)...done!
Finding genes in sequence #1728 (372866 bp)...done!
Finding genes in sequence #1729 (1699 bp)...done!
Finding genes in sequence #1730 (2303 bp)...done!
Finding genes in sequence #1731 (1992 bp)...done!
Finding genes in sequence #1732 (13366 bp)...done!
Finding genes in sequence #1733 (2614 bp)...done!
Finding genes in sequence #1734 (3896 bp)...done!
Finding genes in sequence #1735 (1534 bp)...done!
Finding genes in sequence #1736 (5212 bp)...done!
Finding genes in sequence #1737 (5665 bp)...done!
Finding genes in sequence #1738 (1959 bp)...done!
Finding genes in sequence #1739 (4076 bp)...done!
Finding genes in sequence #1740 (8754 bp)...done!
Finding genes in sequence #1741 (22154 bp)...done!
Finding genes in sequence #1742 (10738 bp)...done!
Finding genes in sequence #1743 (1694 bp)...done!
Finding genes in sequence #1744 (3863 bp)...done!
Finding genes in sequence #1745 (1856 bp)...done!
Finding genes in sequence #1746 (2014 bp)...done!
Finding genes in sequence #1747 (2236 bp)...done!
Finding genes in sequence #1748 (1620 bp)...done!
Finding genes in sequence #1749 (1667 bp)...done!
Finding genes in sequence #1750 (1991 bp)...done!
Finding genes in sequence #1751 (4552 bp)...done!
Finding genes in sequence #1752 (6091 bp)...done!
Finding genes in sequence #1753 (2562 bp)...done!
Finding genes in sequence #1754 (3939 bp)...done!
Finding genes in sequence #1755 (19672 bp)...done!
Finding genes in sequence #1756 (8358 bp)...done!
Finding genes in sequence #1757 (13176 bp)...done!
Finding genes in sequence #1758 (3528 bp)...done!
Finding genes in sequence #1759 (4244 bp)...done!
Finding genes in sequence #1760 (2366 bp)...done!
Finding genes in sequence #1761 (1791 bp)...done!
Finding genes in sequence #1762 (3554 bp)...done!
Finding genes in sequence #1763 (1669 bp)...done!
Finding genes in sequence #1764 (3855 bp)...done!
Finding genes in sequence #1765 (1604 bp)...done!
Finding genes in sequence #1766 (1931 bp)...done!
Finding genes in sequence #1767 (1592 bp)...done!
Finding genes in sequence #1768 (2834 bp)...done!
Finding genes in sequence #1769 (1769 bp)...done!
Finding genes in sequence #1770 (1894 bp)...done!
Finding genes in sequence #1771 (1613 bp)...done!
Finding genes in sequence #1772 (3060 bp)...done!
Finding genes in sequence #1773 (1699 bp)...done!
Finding genes in sequence #1774 (39897 bp)...done!
Finding genes in sequence #1775 (1740 bp)...done!
Finding genes in sequence #1776 (12961 bp)...done!
Finding genes in sequence #1777 (2043 bp)...done!
Finding genes in sequence #1778 (1908 bp)...done!
Finding genes in sequence #1779 (1743 bp)...done!
Finding genes in sequence #1780 (4290 bp)...done!
Finding genes in sequence #1781 (2901 bp)...done!
Finding genes in sequence #1782 (1589 bp)...done!
Finding genes in sequence #1783 (1794 bp)...done!
Finding genes in sequence #1784 (2043 bp)...done!
Finding genes in sequence #1785 (1501 bp)...done!
Finding genes in sequence #1786 (1600 bp)...done!
Finding genes in sequence #1787 (14674 bp)...done!
Finding genes in sequence #1788 (1710 bp)...done!
Finding genes in sequence #1789 (3987 bp)...done!
Finding genes in sequence #1790 (1930 bp)...done!
Finding genes in sequence #1791 (2664 bp)...done!
Finding genes in sequence #1792 (3853 bp)...done!
Finding genes in sequence #1793 (34596 bp)...done!
Finding genes in sequence #1794 (4278 bp)...done!
Finding genes in sequence #1795 (9291 bp)...done!
Finding genes in sequence #1796 (2402 bp)...done!
Finding genes in sequence #1797 (2864 bp)...done!
Finding genes in sequence #1798 (2165 bp)...done!
Finding genes in sequence #1799 (1741 bp)...done!
Finding genes in sequence #1800 (1860 bp)...done!
Finding genes in sequence #1801 (2777 bp)...done!
Finding genes in sequence #1802 (4019 bp)...done!
Finding genes in sequence #1803 (6756 bp)...done!
Finding genes in sequence #1804 (2453 bp)...done!
Finding genes in sequence #1805 (12028 bp)...done!
Finding genes in sequence #1806 (4862 bp)...done!
Finding genes in sequence #1807 (2796 bp)...done!
Finding genes in sequence #1808 (12579 bp)...done!
Finding genes in sequence #1809 (1936 bp)...done!
Finding genes in sequence #1810 (6946 bp)...done!
Finding genes in sequence #1811 (1621 bp)...done!
Finding genes in sequence #1812 (2029 bp)...done!
Finding genes in sequence #1813 (14975 bp)...done!
Finding genes in sequence #1814 (1601 bp)...done!
Finding genes in sequence #1815 (4600 bp)...done!
Finding genes in sequence #1816 (2688 bp)...done!
Finding genes in sequence #1817 (4146 bp)...done!
Finding genes in sequence #1818 (52966 bp)...done!
Finding genes in sequence #1819 (2064 bp)...done!
Finding genes in sequence #1820 (32214 bp)...done!
Finding genes in sequence #1821 (1590 bp)...done!
Finding genes in sequence #1822 (10539 bp)...done!
Finding genes in sequence #1823 (3226 bp)...done!
Finding genes in sequence #1824 (1620 bp)...done!
Finding genes in sequence #1825 (5079 bp)...done!
Finding genes in sequence #1826 (6913 bp)...done!
Finding genes in sequence #1827 (3238 bp)...done!
Finding genes in sequence #1828 (3496 bp)...done!
Finding genes in sequence #1829 (2636 bp)...done!
Finding genes in sequence #1830 (1693 bp)...done!
Finding genes in sequence #1831 (132025 bp)...done!
Finding genes in sequence #1832 (1729 bp)...done!
Finding genes in sequence #1833 (1933 bp)...done!
Finding genes in sequence #1834 (1676 bp)...done!
Finding genes in sequence #1835 (1945 bp)...done!
Finding genes in sequence #1836 (2440 bp)...done!
Finding genes in sequence #1837 (2556 bp)...done!
Finding genes in sequence #1838 (14806 bp)...done!
Finding genes in sequence #1839 (10647 bp)...done!
Finding genes in sequence #1840 (3898 bp)...done!
Finding genes in sequence #1841 (13457 bp)...done!
Finding genes in sequence #1842 (2208 bp)...done!
Finding genes in sequence #1843 (1516 bp)...done!
Finding genes in sequence #1844 (2574 bp)...done!
Finding genes in sequence #1845 (2335 bp)...done!
Finding genes in sequence #1846 (3848 bp)...done!
Finding genes in sequence #1847 (6582 bp)...done!
Finding genes in sequence #1848 (2136 bp)...done!
Finding genes in sequence #1849 (1512 bp)...done!
Finding genes in sequence #1850 (7667 bp)...done!
Finding genes in sequence #1851 (2982 bp)...done!
Finding genes in sequence #1852 (1737 bp)...done!
Finding genes in sequence #1853 (2138 bp)...done!
Finding genes in sequence #1854 (2200 bp)...done!
Finding genes in sequence #1855 (1621 bp)...done!
Finding genes in sequence #1856 (2203 bp)...done!
Finding genes in sequence #1857 (31408 bp)...done!
Finding genes in sequence #1858 (23038 bp)...done!
Finding genes in sequence #1859 (2549 bp)...done!
Finding genes in sequence #1860 (3799 bp)...done!
Finding genes in sequence #1861 (1603 bp)...done!
Finding genes in sequence #1862 (1526 bp)...done!
Finding genes in sequence #1863 (3379 bp)...done!
Finding genes in sequence #1864 (1800 bp)...done!
Finding genes in sequence #1865 (2249 bp)...done!
Finding genes in sequence #1866 (24326 bp)...done!
Finding genes in sequence #1867 (8864 bp)...done!
Finding genes in sequence #1868 (1517 bp)...done!
Finding genes in sequence #1869 (3902 bp)...done!
Finding genes in sequence #1870 (38319 bp)...done!
Finding genes in sequence #1871 (2476 bp)...done!
Finding genes in sequence #1872 (30201 bp)...done!
Finding genes in sequence #1873 (1886 bp)...done!
Finding genes in sequence #1874 (1885 bp)...done!
Finding genes in sequence #1875 (2511 bp)...done!
Finding genes in sequence #1876 (3304 bp)...done!
Finding genes in sequence #1877 (1555 bp)...done!
Finding genes in sequence #1878 (1661 bp)...done!
Finding genes in sequence #1879 (3650 bp)...done!
Finding genes in sequence #1880 (2161 bp)...done!
Finding genes in sequence #1881 (62021 bp)...done!
Finding genes in sequence #1882 (1699 bp)...done!
Finding genes in sequence #1883 (3858 bp)...done!
Finding genes in sequence #1884 (34613 bp)...done!
Finding genes in sequence #1885 (2114 bp)...done!
Finding genes in sequence #1886 (1615 bp)...done!
Finding genes in sequence #1887 (3747 bp)...done!
Finding genes in sequence #1888 (2290 bp)...done!
Finding genes in sequence #1889 (3584 bp)...done!
Finding genes in sequence #1890 (1716 bp)...done!
Finding genes in sequence #1891 (2441 bp)...done!
Finding genes in sequence #1892 (2931 bp)...done!
Finding genes in sequence #1893 (3525 bp)...done!
Finding genes in sequence #1894 (1672 bp)...done!
Finding genes in sequence #1895 (1644 bp)...done!
Finding genes in sequence #1896 (30034 bp)...done!
Finding genes in sequence #1897 (2958 bp)...done!
Finding genes in sequence #1898 (2282 bp)...done!
Finding genes in sequence #1899 (1566 bp)...done!
Finding genes in sequence #1900 (106427 bp)...done!
Finding genes in sequence #1901 (1534 bp)...done!
Finding genes in sequence #1902 (8425 bp)...done!
Finding genes in sequence #1903 (8146 bp)...done!
Finding genes in sequence #1904 (2345 bp)...done!
Finding genes in sequence #1905 (1589 bp)...done!
Finding genes in sequence #1906 (1908 bp)...done!
Finding genes in sequence #1907 (22135 bp)...done!
Finding genes in sequence #1908 (1898 bp)...done!
Finding genes in sequence #1909 (11335 bp)...done!
Finding genes in sequence #1910 (2298 bp)...done!
Finding genes in sequence #1911 (1758 bp)...done!
Finding genes in sequence #1912 (5018 bp)...done!
Finding genes in sequence #1913 (3609 bp)...done!
Finding genes in sequence #1914 (2482 bp)...done!
Finding genes in sequence #1915 (1689 bp)...done!
Finding genes in sequence #1916 (3499 bp)...done!
Finding genes in sequence #1917 (4089 bp)...done!
Finding genes in sequence #1918 (5710 bp)...done!
Finding genes in sequence #1919 (8115 bp)...done!
Finding genes in sequence #1920 (12007 bp)...done!
Finding genes in sequence #1921 (2744 bp)...done!
Finding genes in sequence #1922 (2329 bp)...done!
Finding genes in sequence #1923 (5434 bp)...done!
Finding genes in sequence #1924 (2540 bp)...done!
Finding genes in sequence #1925 (3576 bp)...done!
Finding genes in sequence #1926 (13991 bp)...done!
Finding genes in sequence #1927 (1553 bp)...done!
Finding genes in sequence #1928 (2176 bp)...done!
Finding genes in sequence #1929 (5964 bp)...done!
Finding genes in sequence #1930 (3435 bp)...done!
Finding genes in sequence #1931 (96808 bp)...done!
Finding genes in sequence #1932 (1810 bp)...done!
Finding genes in sequence #1933 (5512 bp)...done!
Finding genes in sequence #1934 (2708 bp)...done!
Finding genes in sequence #1935 (3359 bp)...done!
Finding genes in sequence #1936 (1662 bp)...done!
Finding genes in sequence #1937 (2060 bp)...done!
Finding genes in sequence #1938 (1674 bp)...done!
Finding genes in sequence #1939 (2066 bp)...done!
Finding genes in sequence #1940 (1950 bp)...done!
Finding genes in sequence #1941 (25799 bp)...done!
Finding genes in sequence #1942 (1965 bp)...done!
Finding genes in sequence #1943 (1528 bp)...done!
Finding genes in sequence #1944 (1859 bp)...done!
Finding genes in sequence #1945 (2090 bp)...done!
Finding genes in sequence #1946 (2567 bp)...done!
Finding genes in sequence #1947 (1724 bp)...done!
Finding genes in sequence #1948 (12272 bp)...done!
Finding genes in sequence #1949 (4001 bp)...done!
Finding genes in sequence #1950 (5380 bp)...done!
Finding genes in sequence #1951 (2037 bp)...done!
Finding genes in sequence #1952 (5063 bp)...done!
Finding genes in sequence #1953 (2646 bp)...done!
Finding genes in sequence #1954 (1514 bp)...done!
Finding genes in sequence #1955 (1599 bp)...done!
Finding genes in sequence #1956 (8527 bp)...done!
Finding genes in sequence #1957 (40583 bp)...done!
Finding genes in sequence #1958 (1518 bp)...done!
Finding genes in sequence #1959 (2329 bp)...done!
Finding genes in sequence #1960 (2234 bp)...done!
Finding genes in sequence #1961 (2315 bp)...done!
Finding genes in sequence #1962 (2060 bp)...done!
Finding genes in sequence #1963 (2777 bp)...done!
Finding genes in sequence #1964 (5913 bp)...done!
Finding genes in sequence #1965 (3203 bp)...done!
Finding genes in sequence #1966 (1791 bp)...done!
Finding genes in sequence #1967 (2501 bp)...done!
Finding genes in sequence #1968 (3303 bp)...done!
Finding genes in sequence #1969 (1806 bp)...done!
Finding genes in sequence #1970 (1976 bp)...done!
Finding genes in sequence #1971 (2183 bp)...done!
Finding genes in sequence #1972 (8140 bp)...done!
Finding genes in sequence #1973 (14766 bp)...done!
Finding genes in sequence #1974 (1528 bp)...done!
Finding genes in sequence #1975 (1825 bp)...done!
Finding genes in sequence #1976 (2225 bp)...done!
Finding genes in sequence #1977 (1530 bp)...done!
Finding genes in sequence #1978 (1775 bp)...done!
Finding genes in sequence #1979 (2110 bp)...done!
Finding genes in sequence #1980 (1822 bp)...done!
Finding genes in sequence #1981 (1679 bp)...done!
Finding genes in sequence #1982 (18098 bp)...done!
Finding genes in sequence #1983 (1874 bp)...done!
Finding genes in sequence #1984 (1735 bp)...done!
Finding genes in sequence #1985 (1552 bp)...done!
Finding genes in sequence #1986 (1688 bp)...done!
Finding genes in sequence #1987 (2504 bp)...done!
Finding genes in sequence #1988 (1675 bp)...done!
Finding genes in sequence #1989 (4197 bp)...done!
Finding genes in sequence #1990 (1617 bp)...done!
Finding genes in sequence #1991 (4237 bp)...done!
Finding genes in sequence #1992 (1672 bp)...done!
Finding genes in sequence #1993 (1840 bp)...done!
Finding genes in sequence #1994 (18623 bp)...done!
Finding genes in sequence #1995 (7347 bp)...done!
Finding genes in sequence #1996 (2704 bp)...done!
Finding genes in sequence #1997 (1517 bp)...done!
Finding genes in sequence #1998 (18338 bp)...done!
Finding genes in sequence #1999 (11605 bp)...done!
Finding genes in sequence #2000 (1757 bp)...done!
Finding genes in sequence #2001 (2052 bp)...done!
Finding genes in sequence #2002 (2341 bp)...done!
Finding genes in sequence #2003 (1704 bp)...done!
Finding genes in sequence #2004 (2161 bp)...done!
Finding genes in sequence #2005 (1616 bp)...done!
Finding genes in sequence #2006 (1803 bp)...done!
Finding genes in sequence #2007 (3681 bp)...done!
Finding genes in sequence #2008 (8323 bp)...done!
Finding genes in sequence #2009 (1583 bp)...done!
Finding genes in sequence #2010 (1840 bp)...done!
Finding genes in sequence #2011 (67578 bp)...done!
Finding genes in sequence #2012 (5475 bp)...done!
Finding genes in sequence #2013 (1615 bp)...done!
Finding genes in sequence #2014 (1632 bp)...done!
Finding genes in sequence #2015 (2844 bp)...done!
Finding genes in sequence #2016 (2013 bp)...done!
Finding genes in sequence #2017 (28198 bp)...done!
Finding genes in sequence #2018 (3466 bp)...done!
Finding genes in sequence #2019 (5469 bp)...done!
Finding genes in sequence #2020 (2272 bp)...done!
Finding genes in sequence #2021 (1780 bp)...done!
Finding genes in sequence #2022 (41887 bp)...done!
Finding genes in sequence #2023 (10158 bp)...done!
Finding genes in sequence #2024 (1692 bp)...done!
Finding genes in sequence #2025 (3446 bp)...done!
Finding genes in sequence #2026 (1852 bp)...done!
Finding genes in sequence #2027 (7837 bp)...done!
Finding genes in sequence #2028 (5608 bp)...done!
Finding genes in sequence #2029 (2063 bp)...done!
Finding genes in sequence #2030 (1833 bp)...done!
Finding genes in sequence #2031 (2008 bp)...done!
Finding genes in sequence #2032 (2818 bp)...done!
Finding genes in sequence #2033 (1557 bp)...done!
Finding genes in sequence #2034 (1920 bp)...done!
Finding genes in sequence #2035 (2518 bp)...done!
Finding genes in sequence #2036 (1526 bp)...done!
Finding genes in sequence #2037 (4858 bp)...done!
Finding genes in sequence #2038 (4444 bp)...done!
Finding genes in sequence #2039 (16730 bp)...done!
Finding genes in sequence #2040 (9699 bp)...done!
Finding genes in sequence #2041 (3147 bp)...done!
Finding genes in sequence #2042 (2982 bp)...done!
Finding genes in sequence #2043 (8137 bp)...done!
Finding genes in sequence #2044 (2765 bp)...done!
Finding genes in sequence #2045 (1540 bp)...done!
Finding genes in sequence #2046 (1835 bp)...done!
Finding genes in sequence #2047 (110005 bp)...done!
Finding genes in sequence #2048 (2488 bp)...done!
Finding genes in sequence #2049 (1549 bp)...done!
Finding genes in sequence #2050 (9782 bp)...done!
Finding genes in sequence #2051 (6766 bp)...done!
Finding genes in sequence #2052 (2459 bp)...done!
Finding genes in sequence #2053 (5645 bp)...done!
Finding genes in sequence #2054 (2041 bp)...done!
Finding genes in sequence #2055 (2701 bp)...done!
Finding genes in sequence #2056 (9244 bp)...done!
Finding genes in sequence #2057 (3967 bp)...done!
Finding genes in sequence #2058 (2208 bp)...done!
Finding genes in sequence #2059 (1514 bp)...done!
Finding genes in sequence #2060 (2133 bp)...done!
Finding genes in sequence #2061 (1800 bp)...done!
Finding genes in sequence #2062 (2161 bp)...done!
Finding genes in sequence #2063 (2706 bp)...done!
Finding genes in sequence #2064 (2212 bp)...done!
Finding genes in sequence #2065 (2587 bp)...done!
Finding genes in sequence #2066 (46001 bp)...done!
Finding genes in sequence #2067 (3096 bp)...done!
Finding genes in sequence #2068 (1957 bp)...done!
Finding genes in sequence #2069 (2137 bp)...done!
Finding genes in sequence #2070 (2182 bp)...done!
Finding genes in sequence #2071 (2234 bp)...done!
Finding genes in sequence #2072 (1654 bp)...done!
Finding genes in sequence #2073 (4733 bp)...done!
Finding genes in sequence #2074 (20766 bp)...done!
Finding genes in sequence #2075 (31380 bp)...done!
Finding genes in sequence #2076 (1809 bp)...done!
Finding genes in sequence #2077 (2396 bp)...done!
Finding genes in sequence #2078 (3217 bp)...done!
Finding genes in sequence #2079 (2173 bp)...done!
Finding genes in sequence #2080 (28938 bp)...done!
Finding genes in sequence #2081 (1573 bp)...done!
Finding genes in sequence #2082 (20243 bp)...done!
Finding genes in sequence #2083 (22794 bp)...done!
Finding genes in sequence #2084 (2172 bp)...done!
Finding genes in sequence #2085 (1863 bp)...done!
Finding genes in sequence #2086 (3691 bp)...done!
Finding genes in sequence #2087 (2811 bp)...done!
Finding genes in sequence #2088 (2111 bp)...done!
Finding genes in sequence #2089 (3076 bp)...done!
Finding genes in sequence #2090 (19078 bp)...done!
Finding genes in sequence #2091 (1693 bp)...done!
Finding genes in sequence #2092 (6745 bp)...done!
Finding genes in sequence #2093 (28125 bp)...done!
Finding genes in sequence #2094 (2571 bp)...done!
Finding genes in sequence #2095 (6057 bp)...done!
Finding genes in sequence #2096 (4097 bp)...done!
Finding genes in sequence #2097 (1540 bp)...done!
Finding genes in sequence #2098 (3460 bp)...done!
Finding genes in sequence #2099 (3437 bp)...done!
Finding genes in sequence #2100 (46833 bp)...done!
Finding genes in sequence #2101 (1602 bp)...done!
Finding genes in sequence #2102 (4237 bp)...done!
Finding genes in sequence #2103 (8210 bp)...done!
Finding genes in sequence #2104 (3171 bp)...done!
Finding genes in sequence #2105 (1855 bp)...done!
Finding genes in sequence #2106 (1689 bp)...done!
Finding genes in sequence #2107 (2863 bp)...done!
Finding genes in sequence #2108 (8810 bp)...done!
Finding genes in sequence #2109 (2090 bp)...done!
Finding genes in sequence #2110 (1876 bp)...done!
Finding genes in sequence #2111 (2633 bp)...done!
Finding genes in sequence #2112 (2895 bp)...done!
Finding genes in sequence #2113 (10094 bp)...done!
Finding genes in sequence #2114 (1509 bp)...done!
Finding genes in sequence #2115 (1697 bp)...done!
Finding genes in sequence #2116 (11923 bp)...done!
Finding genes in sequence #2117 (1926 bp)...done!
Finding genes in sequence #2118 (1514 bp)...done!
Finding genes in sequence #2119 (16365 bp)...done!
Finding genes in sequence #2120 (1582 bp)...done!
Finding genes in sequence #2121 (1781 bp)...done!
Finding genes in sequence #2122 (2321 bp)...done!
Finding genes in sequence #2123 (1633 bp)...done!
Finding genes in sequence #2124 (26134 bp)...done!
Finding genes in sequence #2125 (1694 bp)...done!
Finding genes in sequence #2126 (72702 bp)...done!
Finding genes in sequence #2127 (2768 bp)...done!
Finding genes in sequence #2128 (2609 bp)...done!
Finding genes in sequence #2129 (30372 bp)...done!
Finding genes in sequence #2130 (1985 bp)...done!
Finding genes in sequence #2131 (390550 bp)...done!
Finding genes in sequence #2132 (2189 bp)...done!
Finding genes in sequence #2133 (1847 bp)...done!
Finding genes in sequence #2134 (1804 bp)...done!
Finding genes in sequence #2135 (1615 bp)...done!
Finding genes in sequence #2136 (4419 bp)...done!
Finding genes in sequence #2137 (1791 bp)...done!
Finding genes in sequence #2138 (1945 bp)...done!
Finding genes in sequence #2139 (1856 bp)...done!
Finding genes in sequence #2140 (1521 bp)...done!
Finding genes in sequence #2141 (3878 bp)...done!
Finding genes in sequence #2142 (2586 bp)...done!
Finding genes in sequence #2143 (1586 bp)...done!
Finding genes in sequence #2144 (24006 bp)...done!
Finding genes in sequence #2145 (2900 bp)...done!
Finding genes in sequence #2146 (2217 bp)...done!
Finding genes in sequence #2147 (1543 bp)...done!
Finding genes in sequence #2148 (2035 bp)...done!
Finding genes in sequence #2149 (1802 bp)...done!
Finding genes in sequence #2150 (2748 bp)...done!
Finding genes in sequence #2151 (8442 bp)...done!
Finding genes in sequence #2152 (2147 bp)...done!
Finding genes in sequence #2153 (1784 bp)...done!
Finding genes in sequence #2154 (2355 bp)...done!
Finding genes in sequence #2155 (25485 bp)...done!
Finding genes in sequence #2156 (1967 bp)...done!
Finding genes in sequence #2157 (1627 bp)...done!
Finding genes in sequence #2158 (2666 bp)...done!
Finding genes in sequence #2159 (14759 bp)...done!
Finding genes in sequence #2160 (1730 bp)...done!
Finding genes in sequence #2161 (10562 bp)...done!
Finding genes in sequence #2162 (5873 bp)...done!
Finding genes in sequence #2163 (2657 bp)...done!
Finding genes in sequence #2164 (2619 bp)...done!
Finding genes in sequence #2165 (1614 bp)...done!
Finding genes in sequence #2166 (3071 bp)...done!
Finding genes in sequence #2167 (4378 bp)...done!
Finding genes in sequence #2168 (17475 bp)...done!
Finding genes in sequence #2169 (2407 bp)...done!
Finding genes in sequence #2170 (1756 bp)...done!
Finding genes in sequence #2171 (1632 bp)...done!
Finding genes in sequence #2172 (41781 bp)...done!
Finding genes in sequence #2173 (1898 bp)...done!
Finding genes in sequence #2174 (2015 bp)...done!
Finding genes in sequence #2175 (1828 bp)...done!
Finding genes in sequence #2176 (1686 bp)...done!
Finding genes in sequence #2177 (1950 bp)...done!
Finding genes in sequence #2178 (6260 bp)...done!
Finding genes in sequence #2179 (4180 bp)...done!
Finding genes in sequence #2180 (3088 bp)...done!
Finding genes in sequence #2181 (1952 bp)...done!
Finding genes in sequence #2182 (1935 bp)...done!
Finding genes in sequence #2183 (5170 bp)...done!
Finding genes in sequence #2184 (1715 bp)...done!
Finding genes in sequence #2185 (5486 bp)...done!
Finding genes in sequence #2186 (1930 bp)...done!
Finding genes in sequence #2187 (2408 bp)...done!
Finding genes in sequence #2188 (5128 bp)...done!
Finding genes in sequence #2189 (1524 bp)...done!
Finding genes in sequence #2190 (3011 bp)...done!
Finding genes in sequence #2191 (3465 bp)...done!
Finding genes in sequence #2192 (45817 bp)...done!
Finding genes in sequence #2193 (2039 bp)...done!
Finding genes in sequence #2194 (14634 bp)...done!
Finding genes in sequence #2195 (1806 bp)...done!
Finding genes in sequence #2196 (3473 bp)...done!
Finding genes in sequence #2197 (3146 bp)...done!
Finding genes in sequence #2198 (5836 bp)...done!
Finding genes in sequence #2199 (1551 bp)...done!
Finding genes in sequence #2200 (3879 bp)...done!
Finding genes in sequence #2201 (3169 bp)...done!
Finding genes in sequence #2202 (2427 bp)...done!
Finding genes in sequence #2203 (4488 bp)...done!
Finding genes in sequence #2204 (2624 bp)...done!
Finding genes in sequence #2205 (1551 bp)...done!
Finding genes in sequence #2206 (1701 bp)...done!
Finding genes in sequence #2207 (1719 bp)...done!
Finding genes in sequence #2208 (2836 bp)...done!
Finding genes in sequence #2209 (3616 bp)...done!
Finding genes in sequence #2210 (1721 bp)...done!
Finding genes in sequence #2211 (288556 bp)...done!
Finding genes in sequence #2212 (4509 bp)...done!
Finding genes in sequence #2213 (3517 bp)...done!
Finding genes in sequence #2214 (12274 bp)...done!
Finding genes in sequence #2215 (2019 bp)...done!
Finding genes in sequence #2216 (2568 bp)...done!
Finding genes in sequence #2217 (2406 bp)...done!
Finding genes in sequence #2218 (1609 bp)...done!
Finding genes in sequence #2219 (4593 bp)...done!
Finding genes in sequence #2220 (3130 bp)...done!
Finding genes in sequence #2221 (1915 bp)...done!
Finding genes in sequence #2222 (12138 bp)...done!
Finding genes in sequence #2223 (3090 bp)...done!
Finding genes in sequence #2224 (2648 bp)...done!
Finding genes in sequence #2225 (44032 bp)...done!
Finding genes in sequence #2226 (2574 bp)...done!
Finding genes in sequence #2227 (5018 bp)...done!
Finding genes in sequence #2228 (1691 bp)...done!
Finding genes in sequence #2229 (3385 bp)...done!
Finding genes in sequence #2230 (3347 bp)...done!
Finding genes in sequence #2231 (3158 bp)...done!
Finding genes in sequence #2232 (1618 bp)...done!
Finding genes in sequence #2233 (31179 bp)...done!
Finding genes in sequence #2234 (3170 bp)...done!
Finding genes in sequence #2235 (11879 bp)...done!
Finding genes in sequence #2236 (22232 bp)...done!
Finding genes in sequence #2237 (1501 bp)...done!
Finding genes in sequence #2238 (2523 bp)...done!
Finding genes in sequence #2239 (68740 bp)...done!
Finding genes in sequence #2240 (6648 bp)...done!
Finding genes in sequence #2241 (4497 bp)...done!
Finding genes in sequence #2242 (4768 bp)...done!
Finding genes in sequence #2243 (2581 bp)...done!
Finding genes in sequence #2244 (1992 bp)...done!
Finding genes in sequence #2245 (1774 bp)...done!
Finding genes in sequence #2246 (1785 bp)...done!
Finding genes in sequence #2247 (3673 bp)...done!
Finding genes in sequence #2248 (2615 bp)...done!
Finding genes in sequence #2249 (2466 bp)...done!
Finding genes in sequence #2250 (1741 bp)...done!
Finding genes in sequence #2251 (2440 bp)...done!
Finding genes in sequence #2252 (8736 bp)...done!
Finding genes in sequence #2253 (2545 bp)...done!
Finding genes in sequence #2254 (1702 bp)...done!
Finding genes in sequence #2255 (3030 bp)...done!
Finding genes in sequence #2256 (3325 bp)...done!
Finding genes in sequence #2257 (78730 bp)...done!
Finding genes in sequence #2258 (1628 bp)...done!
Finding genes in sequence #2259 (4771 bp)...done!
Finding genes in sequence #2260 (55725 bp)...done!
Finding genes in sequence #2261 (1618 bp)...done!
Finding genes in sequence #2262 (7375 bp)...done!
Finding genes in sequence #2263 (2401 bp)...done!
Finding genes in sequence #2264 (17802 bp)...done!
Finding genes in sequence #2265 (5116 bp)...done!
Finding genes in sequence #2266 (1618 bp)...done!
Finding genes in sequence #2267 (1963 bp)...done!
Finding genes in sequence #2268 (2014 bp)...done!
Finding genes in sequence #2269 (6205 bp)...done!
Finding genes in sequence #2270 (4555 bp)...done!
Finding genes in sequence #2271 (1760 bp)...done!
Finding genes in sequence #2272 (1733 bp)...done!
Finding genes in sequence #2273 (1697 bp)...done!
Finding genes in sequence #2274 (3961 bp)...done!
Finding genes in sequence #2275 (22676 bp)...done!
Finding genes in sequence #2276 (8300 bp)...done!
Finding genes in sequence #2277 (4067 bp)...done!
Finding genes in sequence #2278 (1952 bp)...done!
Finding genes in sequence #2279 (2696 bp)...done!
Finding genes in sequence #2280 (26947 bp)...done!
Finding genes in sequence #2281 (9905 bp)...done!
Finding genes in sequence #2282 (3479 bp)...done!
Finding genes in sequence #2283 (1951 bp)...done!
Finding genes in sequence #2284 (3698 bp)...done!
Finding genes in sequence #2285 (2301 bp)...done!
Finding genes in sequence #2286 (1810 bp)...done!
Finding genes in sequence #2287 (3019 bp)...done!
Finding genes in sequence #2288 (2086 bp)...done!
Finding genes in sequence #2289 (5831 bp)...done!
Finding genes in sequence #2290 (2087 bp)...done!
Finding genes in sequence #2291 (7974 bp)...done!
Finding genes in sequence #2292 (2078 bp)...done!
Finding genes in sequence #2293 (2859 bp)...done!
Finding genes in sequence #2294 (2133 bp)...done!
Finding genes in sequence #2295 (1678 bp)...done!
Finding genes in sequence #2296 (2644 bp)...done!
Finding genes in sequence #2297 (1861 bp)...done!
Finding genes in sequence #2298 (3139 bp)...done!
Finding genes in sequence #2299 (2236 bp)...done!
Finding genes in sequence #2300 (1512 bp)...done!
Finding genes in sequence #2301 (8164 bp)...done!
Finding genes in sequence #2302 (16366 bp)...done!
Finding genes in sequence #2303 (2395 bp)...done!
Finding genes in sequence #2304 (1786 bp)...done!
Finding genes in sequence #2305 (2480 bp)...done!
Finding genes in sequence #2306 (3141 bp)...done!
Finding genes in sequence #2307 (1616 bp)...done!
Finding genes in sequence #2308 (2420 bp)...done!
Finding genes in sequence #2309 (1863 bp)...done!
Finding genes in sequence #2310 (3625 bp)...done!
Finding genes in sequence #2311 (11077 bp)...done!
Finding genes in sequence #2312 (2086 bp)...done!
Finding genes in sequence #2313 (1669 bp)...done!
Finding genes in sequence #2314 (8706 bp)...done!
Finding genes in sequence #2315 (3212 bp)...done!
Finding genes in sequence #2316 (26710 bp)...done!
Finding genes in sequence #2317 (2030 bp)...done!
Finding genes in sequence #2318 (12387 bp)...done!
Finding genes in sequence #2319 (12830 bp)...done!
Finding genes in sequence #2320 (2230 bp)...done!
Finding genes in sequence #2321 (44335 bp)...done!
Finding genes in sequence #2322 (2132 bp)...done!
Finding genes in sequence #2323 (3044 bp)...done!
Finding genes in sequence #2324 (3751 bp)...done!
Finding genes in sequence #2325 (1938 bp)...done!
Finding genes in sequence #2326 (1941 bp)...done!
Finding genes in sequence #2327 (11181 bp)...done!
Finding genes in sequence #2328 (2160 bp)...done!
Finding genes in sequence #2329 (1583 bp)...done!
Finding genes in sequence #2330 (2323 bp)...done!
Finding genes in sequence #2331 (23705 bp)...done!
Finding genes in sequence #2332 (3457 bp)...done!
Finding genes in sequence #2333 (8000 bp)...done!
Finding genes in sequence #2334 (9747 bp)...done!
Finding genes in sequence #2335 (1776 bp)...done!
Finding genes in sequence #2336 (2478 bp)...done!
Finding genes in sequence #2337 (1658 bp)...done!
Finding genes in sequence #2338 (3275 bp)...done!
Finding genes in sequence #2339 (1781 bp)...done!
Finding genes in sequence #2340 (4669 bp)...done!
Finding genes in sequence #2341 (9310 bp)...done!
Finding genes in sequence #2342 (1874 bp)...done!
Finding genes in sequence #2343 (4445 bp)...done!
Finding genes in sequence #2344 (4342 bp)...done!
Finding genes in sequence #2345 (4662 bp)...done!
Finding genes in sequence #2346 (3742 bp)...done!
Finding genes in sequence #2347 (1588 bp)...done!
Finding genes in sequence #2348 (5374 bp)...done!
Finding genes in sequence #2349 (1814 bp)...done!
Finding genes in sequence #2350 (1746 bp)...done!
Finding genes in sequence #2351 (4896 bp)...done!
Finding genes in sequence #2352 (8102 bp)...done!
Finding genes in sequence #2353 (2531 bp)...done!
Finding genes in sequence #2354 (1916 bp)...done!
Finding genes in sequence #2355 (2679 bp)...done!
Finding genes in sequence #2356 (6308 bp)...done!
Finding genes in sequence #2357 (2972 bp)...done!
Finding genes in sequence #2358 (1598 bp)...done!
Finding genes in sequence #2359 (12981 bp)...done!
Finding genes in sequence #2360 (1780 bp)...done!
Finding genes in sequence #2361 (2576 bp)...done!
Finding genes in sequence #2362 (13808 bp)...done!
Finding genes in sequence #2363 (7496 bp)...done!
Finding genes in sequence #2364 (5792 bp)...done!
Finding genes in sequence #2365 (1700 bp)...done!
Finding genes in sequence #2366 (2499 bp)...done!
Finding genes in sequence #2367 (1606 bp)...done!
Finding genes in sequence #2368 (2321 bp)...done!
Finding genes in sequence #2369 (1713 bp)...done!
Finding genes in sequence #2370 (1962 bp)...done!
Finding genes in sequence #2371 (3510 bp)...done!
Finding genes in sequence #2372 (23100 bp)...done!
Finding genes in sequence #2373 (3502 bp)...done!
Finding genes in sequence #2374 (3184 bp)...done!
Finding genes in sequence #2375 (1585 bp)...done!
Finding genes in sequence #2376 (3193 bp)...done!
Finding genes in sequence #2377 (5512 bp)...done!
Finding genes in sequence #2378 (1873 bp)...done!
Finding genes in sequence #2379 (1705 bp)...done!
Finding genes in sequence #2380 (1676 bp)...done!
Finding genes in sequence #2381 (59284 bp)...done!
Finding genes in sequence #2382 (1924 bp)...done!
Finding genes in sequence #2383 (1993 bp)...done!
Finding genes in sequence #2384 (1611 bp)...done!
Finding genes in sequence #2385 (2423 bp)...done!
Finding genes in sequence #2386 (1926 bp)...done!
Finding genes in sequence #2387 (1824 bp)...done!
Finding genes in sequence #2388 (3663 bp)...done!
Finding genes in sequence #2389 (1524 bp)...done!
Finding genes in sequence #2390 (5153 bp)...done!
Finding genes in sequence #2391 (5705 bp)...done!
Finding genes in sequence #2392 (1532 bp)...done!
Finding genes in sequence #2393 (1860 bp)...done!
Finding genes in sequence #2394 (2277 bp)...done!
Finding genes in sequence #2395 (3867 bp)...done!
Finding genes in sequence #2396 (1642 bp)...done!
Finding genes in sequence #2397 (28091 bp)...done!
Finding genes in sequence #2398 (3252 bp)...done!
Finding genes in sequence #2399 (3336 bp)...done!
Finding genes in sequence #2400 (8721 bp)...done!
Finding genes in sequence #2401 (4745 bp)...done!
Finding genes in sequence #2402 (1922 bp)...done!
Finding genes in sequence #2403 (1895 bp)...done!
Finding genes in sequence #2404 (9820 bp)...done!
Finding genes in sequence #2405 (6820 bp)...done!
Finding genes in sequence #2406 (2514 bp)...done!
Finding genes in sequence #2407 (1648 bp)...done!
Finding genes in sequence #2408 (2082 bp)...done!
Finding genes in sequence #2409 (2052 bp)...done!
Finding genes in sequence #2410 (4277 bp)...done!
Finding genes in sequence #2411 (1528 bp)...done!
Finding genes in sequence #2412 (3757 bp)...done!
Finding genes in sequence #2413 (3549 bp)...done!
Finding genes in sequence #2414 (1790 bp)...done!
Finding genes in sequence #2415 (4076 bp)...done!
Finding genes in sequence #2416 (7057 bp)...done!
Finding genes in sequence #2417 (3200 bp)...done!
Finding genes in sequence #2418 (2596 bp)...done!
Finding genes in sequence #2419 (6509 bp)...done!
Finding genes in sequence #2420 (1720 bp)...done!
Finding genes in sequence #2421 (9036 bp)...done!
Finding genes in sequence #2422 (3016 bp)...done!
Finding genes in sequence #2423 (2471 bp)...done!
Finding genes in sequence #2424 (2005 bp)...done!
Finding genes in sequence #2425 (8163 bp)...done!
Finding genes in sequence #2426 (1780 bp)...done!
Finding genes in sequence #2427 (2592 bp)...done!
Finding genes in sequence #2428 (3272 bp)...done!
Finding genes in sequence #2429 (1997 bp)...done!
Finding genes in sequence #2430 (2877 bp)...done!
Finding genes in sequence #2431 (1598 bp)...done!
Finding genes in sequence #2432 (3050 bp)...done!
Finding genes in sequence #2433 (5637 bp)...done!
Finding genes in sequence #2434 (1840 bp)...done!
Finding genes in sequence #2435 (2324 bp)...done!
Finding genes in sequence #2436 (5636 bp)...done!
Finding genes in sequence #2437 (2248 bp)...done!
Finding genes in sequence #2438 (3963 bp)...done!
Finding genes in sequence #2439 (1774 bp)...done!
Finding genes in sequence #2440 (5117 bp)...done!
Finding genes in sequence #2441 (4288 bp)...done!
Finding genes in sequence #2442 (45951 bp)...done!
Finding genes in sequence #2443 (1707 bp)...done!
Finding genes in sequence #2444 (1847 bp)...done!
Finding genes in sequence #2445 (60188 bp)...done!
Finding genes in sequence #2446 (2232 bp)...done!
Finding genes in sequence #2447 (1959 bp)...done!
Finding genes in sequence #2448 (3423 bp)...done!
Finding genes in sequence #2449 (2121 bp)...done!
Finding genes in sequence #2450 (1556 bp)...done!
Finding genes in sequence #2451 (1621 bp)...done!
Finding genes in sequence #2452 (5953 bp)...done!
Finding genes in sequence #2453 (1725 bp)...done!
Finding genes in sequence #2454 (1747 bp)...done!
Finding genes in sequence #2455 (2424 bp)...done!
Finding genes in sequence #2456 (2230 bp)...done!
Finding genes in sequence #2457 (4125 bp)...done!
Finding genes in sequence #2458 (2559 bp)...done!
Finding genes in sequence #2459 (1811 bp)...done!
Finding genes in sequence #2460 (2909 bp)...done!
Finding genes in sequence #2461 (2065 bp)...done!
Finding genes in sequence #2462 (1997 bp)...done!
Finding genes in sequence #2463 (2182 bp)...done!
Finding genes in sequence #2464 (1738 bp)...done!
Finding genes in sequence #2465 (2996 bp)...done!
Finding genes in sequence #2466 (2232 bp)...done!
Finding genes in sequence #2467 (3430 bp)...done!
Finding genes in sequence #2468 (4411 bp)...done!
Finding genes in sequence #2469 (1808 bp)...done!
Finding genes in sequence #2470 (4339 bp)...done!
Finding genes in sequence #2471 (1872 bp)...done!
Finding genes in sequence #2472 (1560 bp)...done!
Finding genes in sequence #2473 (1908 bp)...done!
Finding genes in sequence #2474 (1603 bp)...done!
Finding genes in sequence #2475 (1872 bp)...done!
Finding genes in sequence #2476 (1862 bp)...done!
Finding genes in sequence #2477 (2081 bp)...done!
Finding genes in sequence #2478 (1893 bp)...done!
Finding genes in sequence #2479 (3478 bp)...done!
Finding genes in sequence #2480 (6655 bp)...done!
Finding genes in sequence #2481 (2508 bp)...done!
Finding genes in sequence #2482 (2852 bp)...done!
Finding genes in sequence #2483 (4061 bp)...done!
Finding genes in sequence #2484 (1865 bp)...done!
Finding genes in sequence #2485 (5914 bp)...done!
Finding genes in sequence #2486 (3471 bp)...done!
Finding genes in sequence #2487 (1747 bp)...done!
Finding genes in sequence #2488 (2070 bp)...done!
Finding genes in sequence #2489 (1993 bp)...done!
Finding genes in sequence #2490 (1709 bp)...done!
Finding genes in sequence #2491 (12509 bp)...done!
Finding genes in sequence #2492 (2597 bp)...done!
Finding genes in sequence #2493 (2709 bp)...done!
Finding genes in sequence #2494 (12718 bp)...done!
Finding genes in sequence #2495 (3338 bp)...done!
Finding genes in sequence #2496 (6730 bp)...done!
Finding genes in sequence #2497 (1576 bp)...done!
Finding genes in sequence #2498 (8473 bp)...done!
Finding genes in sequence #2499 (145419 bp)...done!
Finding genes in sequence #2500 (2921 bp)...done!
Finding genes in sequence #2501 (5903 bp)...done!
Finding genes in sequence #2502 (4240 bp)...done!
Finding genes in sequence #2503 (2079 bp)...done!
Finding genes in sequence #2504 (1764 bp)...done!
Finding genes in sequence #2505 (2750 bp)...done!
Finding genes in sequence #2506 (2041 bp)...done!
Finding genes in sequence #2507 (2668 bp)...done!
Finding genes in sequence #2508 (2484 bp)...done!
Finding genes in sequence #2509 (1591 bp)...done!
Finding genes in sequence #2510 (3670 bp)...done!
Finding genes in sequence #2511 (1923 bp)...done!
Finding genes in sequence #2512 (4076 bp)...done!
Finding genes in sequence #2513 (4912 bp)...done!
Finding genes in sequence #2514 (1828 bp)...done!
Finding genes in sequence #2515 (2065 bp)...done!
Finding genes in sequence #2516 (6229 bp)...done!
Finding genes in sequence #2517 (3224 bp)...done!
Finding genes in sequence #2518 (2496 bp)...done!
Finding genes in sequence #2519 (1707 bp)...done!
Finding genes in sequence #2520 (2049 bp)...done!
Finding genes in sequence #2521 (3064 bp)...done!
Finding genes in sequence #2522 (1576 bp)...done!
Finding genes in sequence #2523 (4041 bp)...done!
Finding genes in sequence #2524 (1979 bp)...done!
Finding genes in sequence #2525 (6820 bp)...done!
Finding genes in sequence #2526 (14257 bp)...done!
Finding genes in sequence #2527 (2056 bp)...done!
Finding genes in sequence #2528 (1964 bp)...done!
Finding genes in sequence #2529 (2369 bp)...done!
Finding genes in sequence #2530 (3161 bp)...done!
Finding genes in sequence #2531 (1774 bp)...done!
Finding genes in sequence #2532 (2427 bp)...done!
Finding genes in sequence #2533 (2070 bp)...done!
Finding genes in sequence #2534 (95010 bp)...done!
Finding genes in sequence #2535 (2899 bp)...done!
Finding genes in sequence #2536 (24261 bp)...done!
Finding genes in sequence #2537 (12161 bp)...done!
Finding genes in sequence #2538 (4386 bp)...done!
Finding genes in sequence #2539 (2923 bp)...done!
Finding genes in sequence #2540 (67925 bp)...done!
Finding genes in sequence #2541 (1993 bp)...done!
Finding genes in sequence #2542 (1658 bp)...done!
Finding genes in sequence #2543 (2624 bp)...done!
Finding genes in sequence #2544 (2188 bp)...done!
Finding genes in sequence #2545 (1795 bp)...done!
Finding genes in sequence #2546 (4199 bp)...done!
Finding genes in sequence #2547 (16376 bp)...done!
Finding genes in sequence #2548 (2348 bp)...done!
Finding genes in sequence #2549 (3674 bp)...done!
Finding genes in sequence #2550 (1720 bp)...done!
Finding genes in sequence #2551 (2378 bp)...done!
Finding genes in sequence #2552 (3855 bp)...done!
Finding genes in sequence #2553 (5028 bp)...done!
Finding genes in sequence #2554 (7824 bp)...done!
Finding genes in sequence #2555 (9510 bp)...done!
Finding genes in sequence #2556 (2736 bp)...done!
Finding genes in sequence #2557 (1903 bp)...done!
Finding genes in sequence #2558 (1967 bp)...done!
Finding genes in sequence #2559 (2266 bp)...done!
Finding genes in sequence #2560 (4938 bp)...done!
Finding genes in sequence #2561 (1793 bp)...done!
Finding genes in sequence #2562 (45025 bp)...done!
Finding genes in sequence #2563 (3701 bp)...done!
Finding genes in sequence #2564 (2276 bp)...done!
Finding genes in sequence #2565 (2060 bp)...done!
Finding genes in sequence #2566 (7477 bp)...done!
Finding genes in sequence #2567 (1713 bp)...done!
Finding genes in sequence #2568 (2953 bp)...done!
Finding genes in sequence #2569 (1590 bp)...done!
Finding genes in sequence #2570 (22153 bp)...done!
Finding genes in sequence #2571 (1989 bp)...done!
Finding genes in sequence #2572 (1530 bp)...done!
Finding genes in sequence #2573 (2689 bp)...done!
Finding genes in sequence #2574 (1684 bp)...done!
Finding genes in sequence #2575 (1763 bp)...done!
Finding genes in sequence #2576 (1705 bp)...done!
Finding genes in sequence #2577 (5747 bp)...done!
Finding genes in sequence #2578 (1801 bp)...done!
Finding genes in sequence #2579 (1612 bp)...done!
Finding genes in sequence #2580 (62886 bp)...done!
Finding genes in sequence #2581 (69148 bp)...done!
Finding genes in sequence #2582 (1551 bp)...done!
Finding genes in sequence #2583 (2928 bp)...done!
Finding genes in sequence #2584 (3949 bp)...done!
Finding genes in sequence #2585 (2181 bp)...done!
Finding genes in sequence #2586 (2082 bp)...done!
Finding genes in sequence #2587 (3306 bp)...done!
Finding genes in sequence #2588 (3338 bp)...done!
Finding genes in sequence #2589 (1612 bp)...done!
Finding genes in sequence #2590 (2099 bp)...done!
Finding genes in sequence #2591 (2822 bp)...done!
Finding genes in sequence #2592 (13256 bp)...done!
Finding genes in sequence #2593 (2112 bp)...done!
Finding genes in sequence #2594 (3617 bp)...done!
Finding genes in sequence #2595 (1546 bp)...done!
Finding genes in sequence #2596 (3511 bp)...done!
Finding genes in sequence #2597 (4151 bp)...done!
Finding genes in sequence #2598 (2884 bp)...done!
Finding genes in sequence #2599 (3345 bp)...done!
Finding genes in sequence #2600 (1790 bp)...done!
Finding genes in sequence #2601 (1777 bp)...done!
Finding genes in sequence #2602 (3715 bp)...done!
Finding genes in sequence #2603 (4382 bp)...done!
Finding genes in sequence #2604 (3135 bp)...done!
Finding genes in sequence #2605 (4466 bp)...done!
Finding genes in sequence #2606 (1620 bp)...done!
Finding genes in sequence #2607 (5414 bp)...done!
Finding genes in sequence #2608 (1596 bp)...done!
Finding genes in sequence #2609 (3333 bp)...done!
Finding genes in sequence #2610 (2392 bp)...done!
Finding genes in sequence #2611 (2069 bp)...done!
Finding genes in sequence #2612 (2057 bp)...done!
Finding genes in sequence #2613 (12488 bp)...done!
Finding genes in sequence #2614 (1906 bp)...done!
Finding genes in sequence #2615 (2363 bp)...done!
Finding genes in sequence #2616 (3445 bp)...done!
Finding genes in sequence #2617 (3053 bp)...done!
Finding genes in sequence #2618 (5595 bp)...done!
Finding genes in sequence #2619 (9550 bp)...done!
Finding genes in sequence #2620 (1563 bp)...done!
Finding genes in sequence #2621 (5805 bp)...done!
Finding genes in sequence #2622 (2031 bp)...done!
Finding genes in sequence #2623 (19034 bp)...done!
Finding genes in sequence #2624 (3145 bp)...done!
Finding genes in sequence #2625 (2049 bp)...done!
Finding genes in sequence #2626 (1519 bp)...done!
Finding genes in sequence #2627 (3359 bp)...done!
Finding genes in sequence #2628 (5706 bp)...done!
Finding genes in sequence #2629 (2720 bp)...done!
Finding genes in sequence #2630 (2018 bp)...done!
Finding genes in sequence #2631 (12418 bp)...done!
Finding genes in sequence #2632 (3734 bp)...done!
Finding genes in sequence #2633 (4980 bp)...done!
Finding genes in sequence #2634 (3012 bp)...done!
Finding genes in sequence #2635 (2440 bp)...done!
Finding genes in sequence #2636 (18754 bp)...done!
Finding genes in sequence #2637 (3057 bp)...done!
Finding genes in sequence #2638 (6267 bp)...done!
Finding genes in sequence #2639 (1780 bp)...done!
Finding genes in sequence #2640 (2003 bp)...done!
Finding genes in sequence #2641 (3242 bp)...done!
Finding genes in sequence #2642 (2141 bp)...done!
Finding genes in sequence #2643 (2947 bp)...done!
Finding genes in sequence #2644 (1673 bp)...done!
Finding genes in sequence #2645 (3341 bp)...done!
Finding genes in sequence #2646 (98599 bp)...done!
Finding genes in sequence #2647 (2375 bp)...done!
Finding genes in sequence #2648 (6358 bp)...done!
Finding genes in sequence #2649 (1679 bp)...done!
Finding genes in sequence #2650 (5311 bp)...done!
Finding genes in sequence #2651 (1967 bp)...done!
Finding genes in sequence #2652 (2012 bp)...done!
Finding genes in sequence #2653 (4798 bp)...done!
Finding genes in sequence #2654 (6252 bp)...done!
Finding genes in sequence #2655 (2638 bp)...done!
Finding genes in sequence #2656 (3051 bp)...done!
Finding genes in sequence #2657 (2207 bp)...done!
Finding genes in sequence #2658 (1696 bp)...done!
Finding genes in sequence #2659 (2277 bp)...done!
Finding genes in sequence #2660 (1814 bp)...done!
Finding genes in sequence #2661 (6687 bp)...done!
Finding genes in sequence #2662 (2409 bp)...done!
Finding genes in sequence #2663 (13313 bp)...done!
Finding genes in sequence #2664 (2177 bp)...done!
Finding genes in sequence #2665 (1518 bp)...done!
Finding genes in sequence #2666 (1668 bp)...done!
Finding genes in sequence #2667 (2284 bp)...done!
Finding genes in sequence #2668 (2496 bp)...done!
Finding genes in sequence #2669 (16098 bp)...done!
Finding genes in sequence #2670 (50143 bp)...done!
Finding genes in sequence #2671 (3422 bp)...done!
Finding genes in sequence #2672 (3083 bp)...done!
Finding genes in sequence #2673 (2349 bp)...done!
Finding genes in sequence #2674 (2769 bp)...done!
Finding genes in sequence #2675 (2411 bp)...done!
Finding genes in sequence #2676 (1838 bp)...done!
Finding genes in sequence #2677 (4075 bp)...done!
Finding genes in sequence #2678 (3680 bp)...done!
Finding genes in sequence #2679 (2325 bp)...done!
Finding genes in sequence #2680 (1604 bp)...done!
Finding genes in sequence #2681 (2175 bp)...done!
Finding genes in sequence #2682 (6138 bp)...done!
Finding genes in sequence #2683 (1717 bp)...done!
Finding genes in sequence #2684 (2847 bp)...done!
Finding genes in sequence #2685 (29804 bp)...done!
Finding genes in sequence #2686 (2123 bp)...done!
Finding genes in sequence #2687 (23736 bp)...done!
Finding genes in sequence #2688 (1601 bp)...done!
Finding genes in sequence #2689 (1606 bp)...done!
Finding genes in sequence #2690 (1544 bp)...done!
Finding genes in sequence #2691 (3105 bp)...done!
Finding genes in sequence #2692 (1889 bp)...done!
Finding genes in sequence #2693 (1720 bp)...done!
Finding genes in sequence #2694 (2562 bp)...done!
Finding genes in sequence #2695 (4531 bp)...done!
Finding genes in sequence #2696 (2004 bp)...done!
Finding genes in sequence #2697 (1586 bp)...done!
Finding genes in sequence #2698 (25447 bp)...done!
Finding genes in sequence #2699 (29018 bp)...done!
Finding genes in sequence #2700 (2104 bp)...done!
Finding genes in sequence #2701 (1775 bp)...done!
Finding genes in sequence #2702 (3090 bp)...done!
Finding genes in sequence #2703 (1881 bp)...done!
Finding genes in sequence #2704 (110457 bp)...done!
Finding genes in sequence #2705 (2694 bp)...done!
Finding genes in sequence #2706 (2091 bp)...done!
Finding genes in sequence #2707 (1736 bp)...done!
Finding genes in sequence #2708 (6240 bp)...done!
Finding genes in sequence #2709 (2366 bp)...done!
Finding genes in sequence #2710 (1626 bp)...done!
Finding genes in sequence #2711 (2062 bp)...done!
Finding genes in sequence #2712 (2379 bp)...done!
Finding genes in sequence #2713 (3287 bp)...done!
Finding genes in sequence #2714 (3263 bp)...done!
Finding genes in sequence #2715 (14064 bp)...done!
Finding genes in sequence #2716 (1747 bp)...done!
Finding genes in sequence #2717 (1842 bp)...done!
Finding genes in sequence #2718 (8436 bp)...done!
Finding genes in sequence #2719 (2710 bp)...done!
Finding genes in sequence #2720 (2758 bp)...done!
Finding genes in sequence #2721 (1719 bp)...done!
Finding genes in sequence #2722 (14525 bp)...done!
Finding genes in sequence #2723 (2885 bp)...done!
Finding genes in sequence #2724 (2150 bp)...done!
Finding genes in sequence #2725 (1654 bp)...done!
Finding genes in sequence #2726 (2849 bp)...done!
Finding genes in sequence #2727 (2969 bp)...done!
Finding genes in sequence #2728 (1890 bp)...done!
Finding genes in sequence #2729 (1784 bp)...done!
Finding genes in sequence #2730 (1971 bp)...done!
Finding genes in sequence #2731 (1534 bp)...done!
Finding genes in sequence #2732 (6537 bp)...done!
Finding genes in sequence #2733 (2974 bp)...done!
Finding genes in sequence #2734 (1990 bp)...done!
Finding genes in sequence #2735 (1656 bp)...done!
Finding genes in sequence #2736 (2400 bp)...done!
Finding genes in sequence #2737 (1674 bp)...done!
Finding genes in sequence #2738 (5564 bp)...done!
Finding genes in sequence #2739 (2591 bp)...done!
Finding genes in sequence #2740 (2136 bp)...done!
Finding genes in sequence #2741 (2137 bp)...done!
Finding genes in sequence #2742 (1676 bp)...done!
Finding genes in sequence #2743 (2518 bp)...done!
Finding genes in sequence #2744 (39123 bp)...done!
Finding genes in sequence #2745 (2767 bp)...done!
Finding genes in sequence #2746 (2936 bp)...done!
Finding genes in sequence #2747 (3024 bp)...done!
Finding genes in sequence #2748 (1997 bp)...done!
Finding genes in sequence #2749 (2152 bp)...done!
Finding genes in sequence #2750 (1689 bp)...done!
Finding genes in sequence #2751 (8933 bp)...done!
Finding genes in sequence #2752 (4251 bp)...done!
Finding genes in sequence #2753 (6800 bp)...done!
Finding genes in sequence #2754 (2882 bp)...done!
Finding genes in sequence #2755 (6785 bp)...done!
Finding genes in sequence #2756 (3909 bp)...done!
Finding genes in sequence #2757 (2355 bp)...done!
Finding genes in sequence #2758 (5974 bp)...done!
Finding genes in sequence #2759 (2648 bp)...done!
Finding genes in sequence #2760 (2634 bp)...done!
Finding genes in sequence #2761 (2090 bp)...done!
Finding genes in sequence #2762 (1726 bp)...done!
Finding genes in sequence #2763 (25060 bp)...done!
Finding genes in sequence #2764 (6834 bp)...done!
Finding genes in sequence #2765 (5739 bp)...done!
Finding genes in sequence #2766 (1702 bp)...done!
Finding genes in sequence #2767 (2647 bp)...done!
Finding genes in sequence #2768 (2118 bp)...done!
Finding genes in sequence #2769 (2155 bp)...done!
Finding genes in sequence #2770 (1631 bp)...done!
Finding genes in sequence #2771 (1754 bp)...done!
Finding genes in sequence #2772 (1548 bp)...done!
Finding genes in sequence #2773 (1552 bp)...done!
Finding genes in sequence #2774 (1693 bp)...done!
Finding genes in sequence #2775 (2029 bp)...done!
Finding genes in sequence #2776 (2735 bp)...done!
Finding genes in sequence #2777 (1543 bp)...done!
Finding genes in sequence #2778 (1603 bp)...done!
Finding genes in sequence #2779 (48450 bp)...done!
Finding genes in sequence #2780 (3719 bp)...done!
Finding genes in sequence #2781 (2711 bp)...done!
Finding genes in sequence #2782 (1571 bp)...done!
Finding genes in sequence #2783 (2222 bp)...done!
Finding genes in sequence #2784 (2149 bp)...done!
Finding genes in sequence #2785 (11749 bp)...done!
Finding genes in sequence #2786 (23189 bp)...done!
Finding genes in sequence #2787 (14832 bp)...done!
Finding genes in sequence #2788 (2504 bp)...done!
Finding genes in sequence #2789 (5897 bp)...done!
Finding genes in sequence #2790 (8280 bp)...done!
Finding genes in sequence #2791 (3912 bp)...done!
Finding genes in sequence #2792 (3039 bp)...done!
Finding genes in sequence #2793 (2015 bp)...done!
Finding genes in sequence #2794 (3783 bp)...done!
Finding genes in sequence #2795 (1856 bp)...done!
Finding genes in sequence #2796 (14133 bp)...done!
Finding genes in sequence #2797 (5672 bp)...done!
Finding genes in sequence #2798 (8170 bp)...done!
Finding genes in sequence #2799 (3489 bp)...done!
Finding genes in sequence #2800 (2812 bp)...done!
Finding genes in sequence #2801 (2458 bp)...done!
Finding genes in sequence #2802 (9299 bp)...done!
Finding genes in sequence #2803 (3106 bp)...done!
Finding genes in sequence #2804 (2622 bp)...done!
Finding genes in sequence #2805 (2507 bp)...done!
Finding genes in sequence #2806 (1507 bp)...done!
Finding genes in sequence #2807 (3710 bp)...done!
Finding genes in sequence #2808 (1591 bp)...done!
Finding genes in sequence #2809 (8617 bp)...done!
Finding genes in sequence #2810 (18500 bp)...done!
Finding genes in sequence #2811 (3342 bp)...done!
Finding genes in sequence #2812 (2080 bp)...done!
Finding genes in sequence #2813 (1743 bp)...done!
Finding genes in sequence #2814 (1562 bp)...done!
Finding genes in sequence #2815 (5372 bp)...done!
Finding genes in sequence #2816 (1697 bp)...done!
Finding genes in sequence #2817 (1821 bp)...done!
Finding genes in sequence #2818 (11620 bp)...done!
Finding genes in sequence #2819 (1697 bp)...done!
Finding genes in sequence #2820 (8052 bp)...done!
Finding genes in sequence #2821 (1569 bp)...done!
Finding genes in sequence #2822 (1838 bp)...done!
Finding genes in sequence #2823 (3091 bp)...done!
Finding genes in sequence #2824 (6618 bp)...done!
Finding genes in sequence #2825 (1645 bp)...done!
Finding genes in sequence #2826 (47898 bp)...done!
Finding genes in sequence #2827 (2486 bp)...done!
Finding genes in sequence #2828 (2623 bp)...done!
Finding genes in sequence #2829 (7305 bp)...done!
Finding genes in sequence #2830 (2093 bp)...done!
Finding genes in sequence #2831 (2344 bp)...done!
Finding genes in sequence #2832 (3658 bp)...done!
Finding genes in sequence #2833 (2494 bp)...done!
Finding genes in sequence #2834 (3653 bp)...done!
Finding genes in sequence #2835 (1831 bp)...done!
Finding genes in sequence #2836 (2090 bp)...done!
Finding genes in sequence #2837 (3063 bp)...done!
Finding genes in sequence #2838 (3229 bp)...done!
Finding genes in sequence #2839 (1810 bp)...done!
Finding genes in sequence #2840 (1735 bp)...done!
Finding genes in sequence #2841 (2119 bp)...done!
Finding genes in sequence #2842 (1549 bp)...done!
Finding genes in sequence #2843 (1548 bp)...done!
Finding genes in sequence #2844 (1563 bp)...done!
Finding genes in sequence #2845 (1583 bp)...done!
Finding genes in sequence #2846 (15157 bp)...done!
Finding genes in sequence #2847 (6256 bp)...done!
Finding genes in sequence #2848 (4460 bp)...done!
Finding genes in sequence #2849 (5637 bp)...done!
Finding genes in sequence #2850 (2025 bp)...done!
Finding genes in sequence #2851 (2396 bp)...done!
Finding genes in sequence #2852 (5095 bp)...done!
Finding genes in sequence #2853 (4068 bp)...done!
Finding genes in sequence #2854 (4581 bp)...done!
Finding genes in sequence #2855 (3119 bp)...done!
Finding genes in sequence #2856 (2174 bp)...done!
Finding genes in sequence #2857 (3552 bp)...done!
Finding genes in sequence #2858 (1508 bp)...done!
Finding genes in sequence #2859 (19618 bp)...done!
Finding genes in sequence #2860 (2093 bp)...done!
Finding genes in sequence #2861 (2581 bp)...done!
Finding genes in sequence #2862 (13164 bp)...done!
Finding genes in sequence #2863 (1874 bp)...done!
Finding genes in sequence #2864 (2150 bp)...done!
Finding genes in sequence #2865 (3213 bp)...done!
Finding genes in sequence #2866 (1808 bp)...done!
Finding genes in sequence #2867 (2210 bp)...done!
Finding genes in sequence #2868 (2140 bp)...done!
Finding genes in sequence #2869 (1507 bp)...done!
Finding genes in sequence #2870 (11890 bp)...done!
Finding genes in sequence #2871 (6739 bp)...done!
Finding genes in sequence #2872 (2203 bp)...done!
Finding genes in sequence #2873 (2066 bp)...done!
Finding genes in sequence #2874 (284315 bp)...done!
Finding genes in sequence #2875 (4043 bp)...done!
Finding genes in sequence #2876 (1608 bp)...done!
Finding genes in sequence #2877 (3818 bp)...done!
Finding genes in sequence #2878 (1756 bp)...done!
Finding genes in sequence #2879 (1881 bp)...done!
Finding genes in sequence #2880 (3054 bp)...done!
Finding genes in sequence #2881 (52893 bp)...done!
Finding genes in sequence #2882 (25695 bp)...done!
Finding genes in sequence #2883 (1728 bp)...done!
Finding genes in sequence #2884 (2009 bp)...done!
Finding genes in sequence #2885 (2174 bp)...done!
Finding genes in sequence #2886 (1875 bp)...done!
Finding genes in sequence #2887 (2007 bp)...done!
Finding genes in sequence #2888 (34083 bp)...done!
Finding genes in sequence #2889 (4339 bp)...done!
Finding genes in sequence #2890 (2153 bp)...done!
Finding genes in sequence #2891 (3217 bp)...done!
Finding genes in sequence #2892 (1770 bp)...done!
Finding genes in sequence #2893 (2665 bp)...done!
Finding genes in sequence #2894 (1627 bp)...done!
Finding genes in sequence #2895 (4231 bp)...done!
Finding genes in sequence #2896 (3403 bp)...done!
Finding genes in sequence #2897 (2146 bp)...done!
Finding genes in sequence #2898 (1746 bp)...done!
Finding genes in sequence #2899 (1667 bp)...done!
Finding genes in sequence #2900 (1685 bp)...done!
Finding genes in sequence #2901 (2566 bp)...done!
Finding genes in sequence #2902 (1919 bp)...done!
Finding genes in sequence #2903 (20144 bp)...done!
Finding genes in sequence #2904 (3194 bp)...done!
Finding genes in sequence #2905 (128049 bp)...done!
Finding genes in sequence #2906 (1651 bp)...done!
Finding genes in sequence #2907 (3100 bp)...done!
Finding genes in sequence #2908 (3312 bp)...done!
Finding genes in sequence #2909 (6707 bp)...done!
Finding genes in sequence #2910 (1592 bp)...done!
Finding genes in sequence #2911 (2177 bp)...done!
Finding genes in sequence #2912 (1655 bp)...done!
Finding genes in sequence #2913 (1887 bp)...done!
Finding genes in sequence #2914 (3903 bp)...done!
Finding genes in sequence #2915 (22072 bp)...done!
Finding genes in sequence #2916 (1511 bp)...done!
Finding genes in sequence #2917 (5415 bp)...done!
Finding genes in sequence #2918 (2422 bp)...done!
Finding genes in sequence #2919 (2345 bp)...done!
Finding genes in sequence #2920 (6080 bp)...done!
Finding genes in sequence #2921 (2381 bp)...done!
Finding genes in sequence #2922 (3404 bp)...done!
Finding genes in sequence #2923 (1695 bp)...done!
Finding genes in sequence #2924 (1806 bp)...done!
Finding genes in sequence #2925 (2021 bp)...done!
Finding genes in sequence #2926 (1608 bp)...done!
Finding genes in sequence #2927 (15347 bp)...done!
Finding genes in sequence #2928 (2533 bp)...done!
Finding genes in sequence #2929 (3506 bp)...done!
Finding genes in sequence #2930 (1679 bp)...done!
Finding genes in sequence #2931 (1756 bp)...done!
Finding genes in sequence #2932 (1512 bp)...done!
Finding genes in sequence #2933 (32023 bp)...done!
Finding genes in sequence #2934 (18277 bp)...done!
Finding genes in sequence #2935 (1594 bp)...done!
Finding genes in sequence #2936 (2127 bp)...done!
Finding genes in sequence #2937 (2631 bp)...done!
Finding genes in sequence #2938 (1624 bp)...done!
Finding genes in sequence #2939 (2276 bp)...done!
Finding genes in sequence #2940 (15929 bp)...done!
Finding genes in sequence #2941 (1812 bp)...done!
Finding genes in sequence #2942 (8216 bp)...done!
Finding genes in sequence #2943 (1760 bp)...done!
Finding genes in sequence #2944 (8286 bp)...done!
Finding genes in sequence #2945 (1898 bp)...done!
Finding genes in sequence #2946 (8915 bp)...done!
Finding genes in sequence #2947 (25613 bp)...done!
Finding genes in sequence #2948 (1661 bp)...done!
Finding genes in sequence #2949 (3495 bp)...done!
Finding genes in sequence #2950 (6805 bp)...done!
Finding genes in sequence #2951 (36022 bp)...done!
Finding genes in sequence #2952 (1558 bp)...done!
Finding genes in sequence #2953 (1621 bp)...done!
Finding genes in sequence #2954 (1561 bp)...done!
Finding genes in sequence #2955 (1995 bp)...done!
Finding genes in sequence #2956 (2969 bp)...done!
Finding genes in sequence #2957 (1892 bp)...done!
Finding genes in sequence #2958 (1741 bp)...done!
Finding genes in sequence #2959 (1518 bp)...done!
Finding genes in sequence #2960 (2341 bp)...done!
Finding genes in sequence #2961 (1610 bp)...done!
Finding genes in sequence #2962 (2342 bp)...done!
Finding genes in sequence #2963 (177391 bp)...done!
Finding genes in sequence #2964 (6325 bp)...done!
Finding genes in sequence #2965 (1915 bp)...done!
Finding genes in sequence #2966 (1672 bp)...done!
Finding genes in sequence #2967 (1570 bp)...done!
Finding genes in sequence #2968 (11734 bp)...done!
Finding genes in sequence #2969 (2874 bp)...done!
Finding genes in sequence #2970 (4614 bp)...done!
Finding genes in sequence #2971 (1575 bp)...done!
Finding genes in sequence #2972 (4354 bp)...done!
Finding genes in sequence #2973 (1580 bp)...done!
Finding genes in sequence #2974 (16338 bp)...done!
Finding genes in sequence #2975 (1819 bp)...done!
Finding genes in sequence #2976 (5287 bp)...done!
Finding genes in sequence #2977 (1834 bp)...done!
Finding genes in sequence #2978 (2240 bp)...done!
Finding genes in sequence #2979 (19653 bp)...done!
Finding genes in sequence #2980 (3024 bp)...done!
Finding genes in sequence #2981 (1972 bp)...done!
Finding genes in sequence #2982 (3959 bp)...done!
Finding genes in sequence #2983 (26392 bp)...done!
Finding genes in sequence #2984 (11474 bp)...done!
Finding genes in sequence #2985 (2615 bp)...done!
Finding genes in sequence #2986 (3751 bp)...done!
Finding genes in sequence #2987 (25997 bp)...done!
Finding genes in sequence #2988 (1877 bp)...done!
Finding genes in sequence #2989 (8862 bp)...done!
Finding genes in sequence #2990 (6113 bp)...done!
Finding genes in sequence #2991 (11747 bp)...done!
Finding genes in sequence #2992 (2384 bp)...done!
Finding genes in sequence #2993 (10027 bp)...done!
Finding genes in sequence #2994 (3574 bp)...done!
Finding genes in sequence #2995 (16557 bp)...done!
Finding genes in sequence #2996 (3234 bp)...done!
Finding genes in sequence #2997 (4583 bp)...done!
Finding genes in sequence #2998 (1753 bp)...done!
Finding genes in sequence #2999 (4549 bp)...done!
Finding genes in sequence #3000 (3319 bp)...done!
Finding genes in sequence #3001 (13398 bp)...done!
Finding genes in sequence #3002 (3353 bp)...done!
Finding genes in sequence #3003 (6637 bp)...done!
Finding genes in sequence #3004 (8749 bp)...done!
Finding genes in sequence #3005 (1538 bp)...done!
Finding genes in sequence #3006 (2324 bp)...done!
Finding genes in sequence #3007 (4975 bp)...done!
Finding genes in sequence #3008 (3710 bp)...done!
Finding genes in sequence #3009 (11960 bp)...done!
Finding genes in sequence #3010 (5836 bp)...done!
Finding genes in sequence #3011 (1608 bp)...done!
Finding genes in sequence #3012 (2488 bp)...done!
Finding genes in sequence #3013 (12517 bp)...done!
Finding genes in sequence #3014 (1736 bp)...done!
Finding genes in sequence #3015 (1581 bp)...done!
Finding genes in sequence #3016 (27057 bp)...done!
Finding genes in sequence #3017 (2877 bp)...done!
Finding genes in sequence #3018 (21068 bp)...done!
Finding genes in sequence #3019 (1641 bp)...done!
Finding genes in sequence #3020 (2232 bp)...done!
Finding genes in sequence #3021 (8955 bp)...done!
Finding genes in sequence #3022 (1869 bp)...done!
Finding genes in sequence #3023 (1555 bp)...done!
Finding genes in sequence #3024 (21205 bp)...done!
Finding genes in sequence #3025 (3104 bp)...done!
Finding genes in sequence #3026 (3826 bp)...done!
Finding genes in sequence #3027 (2296 bp)...done!
Finding genes in sequence #3028 (2899 bp)...done!
Finding genes in sequence #3029 (1826 bp)...done!
Finding genes in sequence #3030 (1674 bp)...done!
Finding genes in sequence #3031 (1584 bp)...done!
Finding genes in sequence #3032 (1852 bp)...done!
Finding genes in sequence #3033 (29254 bp)...done!
Finding genes in sequence #3034 (2537 bp)...done!
Finding genes in sequence #3035 (2049 bp)...done!
Finding genes in sequence #3036 (4285 bp)...done!
Finding genes in sequence #3037 (7111 bp)...done!
Finding genes in sequence #3038 (2731 bp)...done!
Finding genes in sequence #3039 (5101 bp)...done!
Finding genes in sequence #3040 (1982 bp)...done!
Finding genes in sequence #3041 (5145 bp)...done!
Finding genes in sequence #3042 (2290 bp)...done!
Finding genes in sequence #3043 (1806 bp)...done!
Finding genes in sequence #3044 (1654 bp)...done!
Finding genes in sequence #3045 (23371 bp)...done!
Finding genes in sequence #3046 (3270 bp)...done!
Finding genes in sequence #3047 (2574 bp)...done!
Finding genes in sequence #3048 (15436 bp)...done!
Finding genes in sequence #3049 (1900 bp)...done!
Finding genes in sequence #3050 (2046 bp)...done!
Finding genes in sequence #3051 (5306 bp)...done!
Finding genes in sequence #3052 (6566 bp)...done!
Finding genes in sequence #3053 (14678 bp)...done!
Finding genes in sequence #3054 (2179 bp)...done!
Finding genes in sequence #3055 (5581 bp)...done!
Finding genes in sequence #3056 (3423 bp)...done!
Finding genes in sequence #3057 (6615 bp)...done!
Finding genes in sequence #3058 (1826 bp)...done!
Finding genes in sequence #3059 (3531 bp)...done!
Finding genes in sequence #3060 (4164 bp)...done!
Finding genes in sequence #3061 (1779 bp)...done!
Finding genes in sequence #3062 (24662 bp)...done!
Finding genes in sequence #3063 (3587 bp)...done!
Finding genes in sequence #3064 (1752 bp)...done!
Finding genes in sequence #3065 (2068 bp)...done!
Finding genes in sequence #3066 (1574 bp)...done!
Finding genes in sequence #3067 (9277 bp)...done!
Finding genes in sequence #3068 (1891 bp)...done!
Finding genes in sequence #3069 (3219 bp)...done!
Finding genes in sequence #3070 (1599 bp)...done!
Finding genes in sequence #3071 (2747 bp)...done!
Finding genes in sequence #3072 (3618 bp)...done!
Finding genes in sequence #3073 (5865 bp)...done!
Finding genes in sequence #3074 (3081 bp)...done!
Finding genes in sequence #3075 (1960 bp)...done!
Finding genes in sequence #3076 (2799 bp)...done!
Finding genes in sequence #3077 (6109 bp)...done!
Finding genes in sequence #3078 (29504 bp)...done!
Finding genes in sequence #3079 (1707 bp)...done!
Finding genes in sequence #3080 (4106 bp)...done!
Finding genes in sequence #3081 (6981 bp)...done!
Finding genes in sequence #3082 (1647 bp)...done!
Finding genes in sequence #3083 (2330 bp)...done!
Finding genes in sequence #3084 (2925 bp)...done!
Finding genes in sequence #3085 (1586 bp)...done!
Finding genes in sequence #3086 (2238 bp)...done!
Finding genes in sequence #3087 (2676 bp)...done!
Finding genes in sequence #3088 (82868 bp)...done!
Finding genes in sequence #3089 (1527 bp)...done!
Finding genes in sequence #3090 (11853 bp)...done!
Finding genes in sequence #3091 (2566 bp)...done!
Finding genes in sequence #3092 (8828 bp)...done!
Finding genes in sequence #3093 (2569 bp)...done!
Finding genes in sequence #3094 (1537 bp)...done!
Finding genes in sequence #3095 (1559 bp)...done!
Finding genes in sequence #3096 (1705 bp)...done!
Finding genes in sequence #3097 (2237 bp)...done!
Finding genes in sequence #3098 (9698 bp)...done!
Finding genes in sequence #3099 (3861 bp)...done!
Finding genes in sequence #3100 (1879 bp)...done!
Finding genes in sequence #3101 (2485 bp)...done!
Finding genes in sequence #3102 (3124 bp)...done!
Finding genes in sequence #3103 (2123 bp)...done!
Finding genes in sequence #3104 (3235 bp)...done!
Finding genes in sequence #3105 (1545 bp)...done!
Finding genes in sequence #3106 (2142 bp)...done!
Finding genes in sequence #3107 (1966 bp)...done!
Finding genes in sequence #3108 (2068 bp)...done!
Finding genes in sequence #3109 (29290 bp)...done!
Finding genes in sequence #3110 (1835 bp)...done!
Finding genes in sequence #3111 (11120 bp)...done!
Finding genes in sequence #3112 (43961 bp)...done!
Finding genes in sequence #3113 (1835 bp)...done!
Finding genes in sequence #3114 (192840 bp)...done!
Finding genes in sequence #3115 (2930 bp)...done!
Finding genes in sequence #3116 (1564 bp)...done!
Finding genes in sequence #3117 (7384 bp)...done!
Finding genes in sequence #3118 (3613 bp)...done!
Finding genes in sequence #3119 (2279 bp)...done!
Finding genes in sequence #3120 (4699 bp)...done!
Finding genes in sequence #3121 (3035 bp)...done!
Finding genes in sequence #3122 (1981 bp)...done!
Finding genes in sequence #3123 (4070 bp)...done!
Finding genes in sequence #3124 (2724 bp)...done!
Finding genes in sequence #3125 (1871 bp)...done!
Finding genes in sequence #3126 (2259 bp)...done!
Finding genes in sequence #3127 (2045 bp)...done!
Finding genes in sequence #3128 (1997 bp)...done!
Finding genes in sequence #3129 (1540 bp)...done!
Finding genes in sequence #3130 (2246 bp)...done!
Finding genes in sequence #3131 (1670 bp)...done!
Finding genes in sequence #3132 (1684 bp)...done!
Finding genes in sequence #3133 (6097 bp)...done!
Finding genes in sequence #3134 (2396 bp)...done!
Finding genes in sequence #3135 (3801 bp)...done!
Finding genes in sequence #3136 (1750 bp)...done!
Finding genes in sequence #3137 (2865 bp)...done!
Finding genes in sequence #3138 (2799 bp)...done!
Finding genes in sequence #3139 (1713 bp)...done!
Finding genes in sequence #3140 (1963 bp)...done!
Finding genes in sequence #3141 (1750 bp)...done!
Finding genes in sequence #3142 (13535 bp)...done!
Finding genes in sequence #3143 (12738 bp)...done!
Finding genes in sequence #3144 (5929 bp)...done!
Finding genes in sequence #3145 (2336 bp)...done!
Finding genes in sequence #3146 (1602 bp)...done!
Finding genes in sequence #3147 (12532 bp)...done!
Finding genes in sequence #3148 (1549 bp)...done!
Finding genes in sequence #3149 (2888 bp)...done!
Finding genes in sequence #3150 (125055 bp)...done!
Finding genes in sequence #3151 (2101 bp)...done!
Finding genes in sequence #3152 (1977 bp)...done!
Finding genes in sequence #3153 (2006 bp)...done!
Finding genes in sequence #3154 (1590 bp)...done!
Finding genes in sequence #3155 (2284 bp)...done!
Finding genes in sequence #3156 (3721 bp)...done!
Finding genes in sequence #3157 (1552 bp)...done!
Finding genes in sequence #3158 (1512 bp)...done!
Finding genes in sequence #3159 (2891 bp)...done!
Finding genes in sequence #3160 (2434 bp)...done!
Finding genes in sequence #3161 (2206 bp)...done!
Finding genes in sequence #3162 (4813 bp)...done!
Finding genes in sequence #3163 (12125 bp)...done!
Finding genes in sequence #3164 (18452 bp)...done!
Finding genes in sequence #3165 (1784 bp)...done!
Finding genes in sequence #3166 (1628 bp)...done!
Finding genes in sequence #3167 (2127 bp)...done!
Finding genes in sequence #3168 (5861 bp)...done!
Finding genes in sequence #3169 (1572 bp)...done!
Finding genes in sequence #3170 (4017 bp)...done!
Finding genes in sequence #3171 (1802 bp)...done!
Finding genes in sequence #3172 (3187 bp)...done!
Finding genes in sequence #3173 (3687 bp)...done!
Finding genes in sequence #3174 (2068 bp)...done!
Finding genes in sequence #3175 (1719 bp)...done!
Finding genes in sequence #3176 (2249 bp)...done!
Finding genes in sequence #3177 (2182 bp)...done!
Finding genes in sequence #3178 (1998 bp)...done!
Finding genes in sequence #3179 (2127 bp)...done!
Finding genes in sequence #3180 (2673 bp)...done!
Finding genes in sequence #3181 (33810 bp)...done!
Finding genes in sequence #3182 (1712 bp)...done!
Finding genes in sequence #3183 (11319 bp)...done!
Finding genes in sequence #3184 (126361 bp)...done!
Finding genes in sequence #3185 (2295 bp)...done!
Finding genes in sequence #3186 (1964 bp)...done!
Finding genes in sequence #3187 (2708 bp)...done!
Finding genes in sequence #3188 (3797 bp)...done!
Finding genes in sequence #3189 (3486 bp)...done!
Finding genes in sequence #3190 (4927 bp)...done!
Finding genes in sequence #3191 (2510 bp)...done!
Finding genes in sequence #3192 (1676 bp)...done!
Finding genes in sequence #3193 (1911 bp)...done!
Finding genes in sequence #3194 (6871 bp)...done!
Finding genes in sequence #3195 (1511 bp)...done!
Finding genes in sequence #3196 (20718 bp)...done!
Finding genes in sequence #3197 (4202 bp)...done!
Finding genes in sequence #3198 (2533 bp)...done!
Finding genes in sequence #3199 (2249 bp)...done!
Finding genes in sequence #3200 (2227 bp)...done!
Finding genes in sequence #3201 (5311 bp)...done!
Finding genes in sequence #3202 (73722 bp)...done!
Finding genes in sequence #3203 (7412 bp)...done!
Finding genes in sequence #3204 (6709 bp)...done!
Finding genes in sequence #3205 (1508 bp)...done!
Finding genes in sequence #3206 (2272 bp)...done!
Finding genes in sequence #3207 (1780 bp)...done!
Finding genes in sequence #3208 (2961 bp)...done!
Finding genes in sequence #3209 (3085 bp)...done!
Finding genes in sequence #3210 (2320 bp)...done!
Finding genes in sequence #3211 (5483 bp)...done!
Finding genes in sequence #3212 (1890 bp)...done!
Finding genes in sequence #3213 (2403 bp)...done!
Finding genes in sequence #3214 (1867 bp)...done!
Finding genes in sequence #3215 (2059 bp)...done!
Finding genes in sequence #3216 (1521 bp)...done!
Finding genes in sequence #3217 (1815 bp)...done!
Finding genes in sequence #3218 (1830 bp)...done!
Finding genes in sequence #3219 (1929 bp)...done!
Finding genes in sequence #3220 (4996 bp)...done!
Finding genes in sequence #3221 (1915 bp)...done!
Finding genes in sequence #3222 (1526 bp)...done!
Finding genes in sequence #3223 (1772 bp)...done!
Finding genes in sequence #3224 (18370 bp)...done!
Finding genes in sequence #3225 (2886 bp)...done!
Finding genes in sequence #3226 (21968 bp)...done!
Finding genes in sequence #3227 (4024 bp)...done!
Finding genes in sequence #3228 (1719 bp)...done!
Finding genes in sequence #3229 (5763 bp)...done!
Finding genes in sequence #3230 (2001 bp)...done!
Finding genes in sequence #3231 (21382 bp)...done!
Finding genes in sequence #3232 (4299 bp)...done!
Finding genes in sequence #3233 (1747 bp)...done!
Finding genes in sequence #3234 (3521 bp)...done!
Finding genes in sequence #3235 (11877 bp)...done!
Finding genes in sequence #3236 (9128 bp)...done!
Finding genes in sequence #3237 (5657 bp)...done!
Finding genes in sequence #3238 (1954 bp)...done!
Finding genes in sequence #3239 (1606 bp)...done!
Finding genes in sequence #3240 (4972 bp)...done!
Finding genes in sequence #3241 (2671 bp)...done!
Finding genes in sequence #3242 (6224 bp)...done!
Finding genes in sequence #3243 (3766 bp)...done!
Finding genes in sequence #3244 (2347 bp)...done!
Finding genes in sequence #3245 (9060 bp)...done!
Finding genes in sequence #3246 (4558 bp)...done!
Finding genes in sequence #3247 (12551 bp)...done!
Finding genes in sequence #3248 (8294 bp)...done!
Finding genes in sequence #3249 (3291 bp)...done!
Finding genes in sequence #3250 (17533 bp)...done!
Finding genes in sequence #3251 (3064 bp)...done!
Finding genes in sequence #3252 (1910 bp)...done!
Finding genes in sequence #3253 (2648 bp)...done!
Finding genes in sequence #3254 (5787 bp)...done!
Finding genes in sequence #3255 (4961 bp)...done!
Finding genes in sequence #3256 (3281 bp)...done!
Finding genes in sequence #3257 (7588 bp)...done!
Finding genes in sequence #3258 (1869 bp)...done!
Finding genes in sequence #3259 (3155 bp)...done!
Finding genes in sequence #3260 (25529 bp)...done!
Finding genes in sequence #3261 (4868 bp)...done!
Finding genes in sequence #3262 (1627 bp)...done!
Finding genes in sequence #3263 (1613 bp)...done!
Finding genes in sequence #3264 (29954 bp)...done!
Finding genes in sequence #3265 (1955 bp)...done!
Finding genes in sequence #3266 (1908 bp)...done!
Finding genes in sequence #3267 (1583 bp)...done!
Finding genes in sequence #3268 (10121 bp)...done!
Finding genes in sequence #3269 (2236 bp)...done!
Finding genes in sequence #3270 (5876 bp)...done!
Finding genes in sequence #3271 (4757 bp)...done!
Finding genes in sequence #3272 (2394 bp)...done!
Finding genes in sequence #3273 (10178 bp)...done!
Finding genes in sequence #3274 (2211 bp)...done!
Finding genes in sequence #3275 (45944 bp)...done!
Finding genes in sequence #3276 (3371 bp)...done!
Finding genes in sequence #3277 (3870 bp)...done!
Finding genes in sequence #3278 (2407 bp)...done!
Finding genes in sequence #3279 (1576 bp)...done!
Finding genes in sequence #3280 (1903 bp)...done!
Finding genes in sequence #3281 (1600 bp)...done!
Finding genes in sequence #3282 (3753 bp)...done!
Finding genes in sequence #3283 (1631 bp)...done!
Finding genes in sequence #3284 (2065 bp)...done!
Finding genes in sequence #3285 (2565 bp)...done!
Finding genes in sequence #3286 (14503 bp)...done!
Finding genes in sequence #3287 (2900 bp)...done!
Finding genes in sequence #3288 (2055 bp)...done!
Finding genes in sequence #3289 (1763 bp)...done!
Finding genes in sequence #3290 (5121 bp)...done!
Finding genes in sequence #3291 (1608 bp)...done!
Finding genes in sequence #3292 (1779 bp)...done!
Finding genes in sequence #3293 (4809 bp)...done!
Finding genes in sequence #3294 (18747 bp)...done!
Finding genes in sequence #3295 (6563 bp)...done!
Finding genes in sequence #3296 (7245 bp)...done!
Finding genes in sequence #3297 (1859 bp)...done!
Finding genes in sequence #3298 (2031 bp)...done!
Finding genes in sequence #3299 (1804 bp)...done!
Finding genes in sequence #3300 (1551 bp)...done!
Finding genes in sequence #3301 (3293 bp)...done!
Finding genes in sequence #3302 (4145 bp)...done!
Finding genes in sequence #3303 (2135 bp)...done!
Finding genes in sequence #3304 (15678 bp)...done!
Finding genes in sequence #3305 (3167 bp)...done!
Finding genes in sequence #3306 (4497 bp)...done!
Finding genes in sequence #3307 (2188 bp)...done!
Finding genes in sequence #3308 (23956 bp)...done!
Finding genes in sequence #3309 (2843 bp)...done!
Finding genes in sequence #3310 (1747 bp)...done!
Finding genes in sequence #3311 (32920 bp)...done!
Finding genes in sequence #3312 (2653 bp)...done!
Finding genes in sequence #3313 (3325 bp)...done!
Finding genes in sequence #3314 (1608 bp)...done!
Finding genes in sequence #3315 (1610 bp)...done!
Finding genes in sequence #3316 (13155 bp)...done!
Finding genes in sequence #3317 (2701 bp)...done!
Finding genes in sequence #3318 (1662 bp)...done!
Finding genes in sequence #3319 (2724 bp)...done!
Finding genes in sequence #3320 (2083 bp)...done!
Finding genes in sequence #3321 (6562 bp)...done!
Finding genes in sequence #3322 (1604 bp)...done!
Finding genes in sequence #3323 (10955 bp)...done!
Finding genes in sequence #3324 (1533 bp)...done!
Finding genes in sequence #3325 (5012 bp)...done!
Finding genes in sequence #3326 (2033 bp)...done!
Finding genes in sequence #3327 (1555 bp)...done!
Finding genes in sequence #3328 (4505 bp)...done!
Finding genes in sequence #3329 (2264 bp)...done!
Finding genes in sequence #3330 (1724 bp)...done!
Finding genes in sequence #3331 (8970 bp)...done!
Finding genes in sequence #3332 (4875 bp)...done!
Finding genes in sequence #3333 (2323 bp)...done!
Finding genes in sequence #3334 (1533 bp)...done!
Finding genes in sequence #3335 (1801 bp)...done!
Finding genes in sequence #3336 (1791 bp)...done!
Finding genes in sequence #3337 (4292 bp)...done!
Finding genes in sequence #3338 (2655 bp)...done!
Finding genes in sequence #3339 (13381 bp)...done!
Finding genes in sequence #3340 (1729 bp)...done!
Finding genes in sequence #3341 (23095 bp)...done!
Finding genes in sequence #3342 (1633 bp)...done!
Finding genes in sequence #3343 (11522 bp)...done!
Finding genes in sequence #3344 (7199 bp)...done!
Finding genes in sequence #3345 (71800 bp)...done!
Finding genes in sequence #3346 (8519 bp)...done!
Finding genes in sequence #3347 (4321 bp)...done!
Finding genes in sequence #3348 (3666 bp)...done!
Finding genes in sequence #3349 (3016 bp)...done!
Finding genes in sequence #3350 (2102 bp)...done!
Finding genes in sequence #3351 (1958 bp)...done!
Finding genes in sequence #3352 (2015 bp)...done!
Finding genes in sequence #3353 (3630 bp)...done!
Finding genes in sequence #3354 (4762 bp)...done!
Finding genes in sequence #3355 (10637 bp)...done!
Finding genes in sequence #3356 (3578 bp)...done!
Finding genes in sequence #3357 (33370 bp)...done!
Finding genes in sequence #3358 (2037 bp)...done!
Finding genes in sequence #3359 (2314 bp)...done!
Finding genes in sequence #3360 (4681 bp)...done!
Finding genes in sequence #3361 (4864 bp)...done!
Finding genes in sequence #3362 (4025 bp)...done!
Finding genes in sequence #3363 (1509 bp)...done!
Finding genes in sequence #3364 (7177 bp)...done!
Finding genes in sequence #3365 (12411 bp)...done!
Finding genes in sequence #3366 (6254 bp)...done!
Finding genes in sequence #3367 (1937 bp)...done!
Finding genes in sequence #3368 (2121 bp)...done!
Finding genes in sequence #3369 (2278 bp)...done!
Finding genes in sequence #3370 (10831 bp)...done!
Finding genes in sequence #3371 (3913 bp)...done!
Finding genes in sequence #3372 (1589 bp)...done!
Finding genes in sequence #3373 (2307 bp)...done!
Finding genes in sequence #3374 (1929 bp)...done!
Finding genes in sequence #3375 (1797 bp)...done!
Finding genes in sequence #3376 (1868 bp)...done!
Finding genes in sequence #3377 (2300 bp)...done!
Finding genes in sequence #3378 (1556 bp)...done!
Finding genes in sequence #3379 (5599 bp)...done!
Finding genes in sequence #3380 (2992 bp)...done!
Finding genes in sequence #3381 (2134 bp)...done!
Finding genes in sequence #3382 (1986 bp)...done!
Finding genes in sequence #3383 (6634 bp)...done!
Finding genes in sequence #3384 (1909 bp)...done!
Finding genes in sequence #3385 (64897 bp)...done!
Finding genes in sequence #3386 (4078 bp)...done!
Finding genes in sequence #3387 (1670 bp)...done!
Finding genes in sequence #3388 (2372 bp)...done!
Finding genes in sequence #3389 (1939 bp)...done!
Finding genes in sequence #3390 (8273 bp)...done!
Finding genes in sequence #3391 (1509 bp)...done!
Finding genes in sequence #3392 (2338 bp)...done!
Finding genes in sequence #3393 (2175 bp)...done!
Finding genes in sequence #3394 (1694 bp)...done!
Finding genes in sequence #3395 (1500 bp)...done!
Finding genes in sequence #3396 (2066 bp)...done!
Finding genes in sequence #3397 (3728 bp)...done!
Finding genes in sequence #3398 (11456 bp)...done!
Finding genes in sequence #3399 (2537 bp)...done!
Finding genes in sequence #3400 (2516 bp)...done!
Finding genes in sequence #3401 (2537 bp)...done!
Finding genes in sequence #3402 (1878 bp)...done!
Finding genes in sequence #3403 (2156 bp)...done!
Finding genes in sequence #3404 (2222 bp)...done!
Finding genes in sequence #3405 (6279 bp)...done!
Finding genes in sequence #3406 (3336 bp)...done!
Finding genes in sequence #3407 (7546 bp)...done!
Finding genes in sequence #3408 (10643 bp)...done!
Finding genes in sequence #3409 (3500 bp)...done!
Finding genes in sequence #3410 (15923 bp)...done!
Finding genes in sequence #3411 (1903 bp)...done!
Finding genes in sequence #3412 (4771 bp)...done!
Finding genes in sequence #3413 (4568 bp)...done!
Finding genes in sequence #3414 (17683 bp)...done!
Finding genes in sequence #3415 (1506 bp)...done!
Finding genes in sequence #3416 (1924 bp)...done!
Finding genes in sequence #3417 (1897 bp)...done!
Finding genes in sequence #3418 (5267 bp)...done!
Finding genes in sequence #3419 (1711 bp)...done!
Finding genes in sequence #3420 (1526 bp)...done!
Finding genes in sequence #3421 (1794 bp)...done!
Finding genes in sequence #3422 (29723 bp)...done!
Finding genes in sequence #3423 (3071 bp)...done!
Finding genes in sequence #3424 (1516 bp)...done!
Finding genes in sequence #3425 (1583 bp)...done!
Finding genes in sequence #3426 (1903 bp)...done!
Finding genes in sequence #3427 (4345 bp)...done!
Finding genes in sequence #3428 (1859 bp)...done!
Finding genes in sequence #3429 (1615 bp)...done!
Finding genes in sequence #3430 (1695 bp)...done!
Finding genes in sequence #3431 (2454 bp)...done!
Finding genes in sequence #3432 (3476 bp)...done!
Finding genes in sequence #3433 (53448 bp)...done!
Finding genes in sequence #3434 (3276 bp)...done!
Finding genes in sequence #3435 (56749 bp)...done!
Finding genes in sequence #3436 (2431 bp)...done!
Finding genes in sequence #3437 (2033 bp)...done!
Finding genes in sequence #3438 (1750 bp)...done!
Finding genes in sequence #3439 (1890 bp)...done!
Finding genes in sequence #3440 (2340 bp)...done!
Finding genes in sequence #3441 (1554 bp)...done!
Finding genes in sequence #3442 (2949 bp)...done!
Finding genes in sequence #3443 (2094 bp)...done!
Finding genes in sequence #3444 (1966 bp)...done!
Finding genes in sequence #3445 (3671 bp)...done!
Finding genes in sequence #3446 (2163 bp)...done!
Finding genes in sequence #3447 (17368 bp)...done!
Finding genes in sequence #3448 (2528 bp)...done!
Finding genes in sequence #3449 (1711 bp)...done!
Finding genes in sequence #3450 (2769 bp)...done!
Finding genes in sequence #3451 (5323 bp)...done!
Finding genes in sequence #3452 (1853 bp)...done!
Finding genes in sequence #3453 (4249 bp)...done!
Finding genes in sequence #3454 (142331 bp)...done!
Finding genes in sequence #3455 (2878 bp)...done!
Finding genes in sequence #3456 (4454 bp)...done!
Finding genes in sequence #3457 (2049 bp)...done!
Finding genes in sequence #3458 (3340 bp)...done!
Finding genes in sequence #3459 (4894 bp)...done!
Finding genes in sequence #3460 (4951 bp)...done!
Finding genes in sequence #3461 (8088 bp)...done!
Finding genes in sequence #3462 (1848 bp)...done!
Finding genes in sequence #3463 (54662 bp)...done!
Finding genes in sequence #3464 (9455 bp)...done!
Finding genes in sequence #3465 (3089 bp)...done!
Finding genes in sequence #3466 (3712 bp)...done!
Finding genes in sequence #3467 (16998 bp)...done!
Finding genes in sequence #3468 (46040 bp)...done!
Finding genes in sequence #3469 (2160 bp)...done!
Finding genes in sequence #3470 (5777 bp)...done!
Finding genes in sequence #3471 (50296 bp)...done!
Finding genes in sequence #3472 (9896 bp)...done!
Finding genes in sequence #3473 (4192 bp)...done!
Finding genes in sequence #3474 (6410 bp)...done!
Finding genes in sequence #3475 (174240 bp)...done!
Finding genes in sequence #3476 (3767 bp)...done!
Finding genes in sequence #3477 (1799 bp)...done!
Finding genes in sequence #3478 (20894 bp)...done!
Finding genes in sequence #3479 (1595 bp)...done!
Finding genes in sequence #3480 (1677 bp)...done!
Finding genes in sequence #3481 (1809 bp)...done!
Finding genes in sequence #3482 (2083 bp)...done!
Finding genes in sequence #3483 (1603 bp)...done!
Finding genes in sequence #3484 (1783 bp)...done!
Finding genes in sequence #3485 (3613 bp)...done!
Finding genes in sequence #3486 (22803 bp)...done!
Finding genes in sequence #3487 (11274 bp)...done!
Finding genes in sequence #3488 (5208 bp)...done!
Finding genes in sequence #3489 (3470 bp)...done!
Finding genes in sequence #3490 (69035 bp)...done!
Finding genes in sequence #3491 (2938 bp)...done!
Finding genes in sequence #3492 (1709 bp)...done!
Finding genes in sequence #3493 (2016 bp)...done!
Finding genes in sequence #3494 (2693 bp)...done!
Finding genes in sequence #3495 (4173 bp)...done!
Finding genes in sequence #3496 (4476 bp)...done!
Finding genes in sequence #3497 (1689 bp)...done!
Finding genes in sequence #3498 (2103 bp)...done!
Finding genes in sequence #3499 (7365 bp)...done!
Finding genes in sequence #3500 (2672 bp)...done!
Finding genes in sequence #3501 (6173 bp)...done!
Finding genes in sequence #3502 (1810 bp)...done!
Finding genes in sequence #3503 (2009 bp)...done!
Finding genes in sequence #3504 (1553 bp)...done!
Finding genes in sequence #3505 (6427 bp)...done!
Finding genes in sequence #3506 (4372 bp)...done!
Finding genes in sequence #3507 (7815 bp)...done!
Finding genes in sequence #3508 (8276 bp)...done!
Finding genes in sequence #3509 (1647 bp)...done!
Finding genes in sequence #3510 (6457 bp)...done!
Finding genes in sequence #3511 (2019 bp)...done!
Finding genes in sequence #3512 (2067 bp)...done!
Finding genes in sequence #3513 (1657 bp)...done!
Finding genes in sequence #3514 (1514 bp)...done!
Finding genes in sequence #3515 (2040 bp)...done!
Finding genes in sequence #3516 (2572 bp)...done!
Finding genes in sequence #3517 (1992 bp)...done!
Finding genes in sequence #3518 (1762 bp)...done!
Finding genes in sequence #3519 (20946 bp)...done!
Finding genes in sequence #3520 (4672 bp)...done!
Finding genes in sequence #3521 (2077 bp)...done!
Finding genes in sequence #3522 (1574 bp)...done!
Finding genes in sequence #3523 (1916 bp)...done!
Finding genes in sequence #3524 (1605 bp)...done!
Finding genes in sequence #3525 (2038 bp)...done!
Finding genes in sequence #3526 (1570 bp)...done!
Finding genes in sequence #3527 (4879 bp)...done!
Finding genes in sequence #3528 (1526 bp)...done!
Finding genes in sequence #3529 (3362 bp)...done!
Finding genes in sequence #3530 (4809 bp)...done!
Finding genes in sequence #3531 (4241 bp)...done!
Finding genes in sequence #3532 (2895 bp)...done!
Finding genes in sequence #3533 (1832 bp)...done!
Finding genes in sequence #3534 (2039 bp)...done!
Finding genes in sequence #3535 (2055 bp)...done!
Finding genes in sequence #3536 (1637 bp)...done!
Finding genes in sequence #3537 (1826 bp)...done!
Finding genes in sequence #3538 (1800 bp)...done!
Finding genes in sequence #3539 (2521 bp)...done!
Finding genes in sequence #3540 (2012 bp)...done!
Finding genes in sequence #3541 (7624 bp)...done!
Finding genes in sequence #3542 (3857 bp)...done!
Finding genes in sequence #3543 (3840 bp)...done!
Finding genes in sequence #3544 (2024 bp)...done!
Finding genes in sequence #3545 (2883 bp)...done!
Finding genes in sequence #3546 (1835 bp)...done!
Finding genes in sequence #3547 (8426 bp)...done!
Finding genes in sequence #3548 (8771 bp)...done!
Finding genes in sequence #3549 (4948 bp)...done!
Finding genes in sequence #3550 (2775 bp)...done!
Finding genes in sequence #3551 (3841 bp)...done!
Finding genes in sequence #3552 (2358 bp)...done!
Finding genes in sequence #3553 (4254 bp)...done!
Finding genes in sequence #3554 (1613 bp)...done!
Finding genes in sequence #3555 (1514 bp)...done!
Finding genes in sequence #3556 (1762 bp)...done!
Finding genes in sequence #3557 (1575 bp)...done!
Finding genes in sequence #3558 (1501 bp)...done!
Finding genes in sequence #3559 (2781 bp)...done!
Finding genes in sequence #3560 (2240 bp)...done!
Finding genes in sequence #3561 (2358 bp)...done!
Finding genes in sequence #3562 (1978 bp)...done!
Finding genes in sequence #3563 (1762 bp)...done!
Finding genes in sequence #3564 (2724 bp)...done!
Finding genes in sequence #3565 (10444 bp)...done!
Finding genes in sequence #3566 (76467 bp)...done!
Finding genes in sequence #3567 (3846 bp)...done!
Finding genes in sequence #3568 (5815 bp)...done!
Finding genes in sequence #3569 (1856 bp)...done!
Finding genes in sequence #3570 (1646 bp)...done!
Finding genes in sequence #3571 (2011 bp)...done!
Finding genes in sequence #3572 (10239 bp)...done!
Finding genes in sequence #3573 (44901 bp)...done!
Finding genes in sequence #3574 (2818 bp)...done!
Finding genes in sequence #3575 (1825 bp)...done!
Finding genes in sequence #3576 (5758 bp)...done!
Finding genes in sequence #3577 (1564 bp)...done!
Finding genes in sequence #3578 (1980 bp)...done!
Finding genes in sequence #3579 (3288 bp)...done!
Finding genes in sequence #3580 (3051 bp)...done!
Finding genes in sequence #3581 (1511 bp)...done!
Finding genes in sequence #3582 (1544 bp)...done!
Finding genes in sequence #3583 (1906 bp)...done!
Finding genes in sequence #3584 (2305 bp)...done!
Finding genes in sequence #3585 (3473 bp)...done!
Finding genes in sequence #3586 (1762 bp)...done!
Finding genes in sequence #3587 (2561 bp)...done!
Finding genes in sequence #3588 (2133 bp)...done!
Finding genes in sequence #3589 (1814 bp)...done!
Finding genes in sequence #3590 (4680 bp)...done!
Finding genes in sequence #3591 (8212 bp)...done!
Finding genes in sequence #3592 (66793 bp)...done!
Finding genes in sequence #3593 (7280 bp)...done!
Finding genes in sequence #3594 (2321 bp)...done!
Finding genes in sequence #3595 (2014 bp)...done!
Finding genes in sequence #3596 (4305 bp)...done!
Finding genes in sequence #3597 (2255 bp)...done!
Finding genes in sequence #3598 (1768 bp)...done!
Finding genes in sequence #3599 (3359 bp)...done!
Finding genes in sequence #3600 (4711 bp)...done!
Finding genes in sequence #3601 (4652 bp)...done!
Finding genes in sequence #3602 (21310 bp)...done!
Finding genes in sequence #3603 (5167 bp)...done!
Finding genes in sequence #3604 (1809 bp)...done!
Finding genes in sequence #3605 (1519 bp)...done!
Finding genes in sequence #3606 (2409 bp)...done!
Finding genes in sequence #3607 (1511 bp)...done!
Finding genes in sequence #3608 (1786 bp)...done!
Finding genes in sequence #3609 (1832 bp)...done!
Finding genes in sequence #3610 (1939 bp)...done!
Finding genes in sequence #3611 (2629 bp)...done!
Finding genes in sequence #3612 (1532 bp)...done!
Finding genes in sequence #3613 (1698 bp)...done!
Finding genes in sequence #3614 (2970 bp)...done!
Finding genes in sequence #3615 (1598 bp)...done!
Finding genes in sequence #3616 (1512 bp)...done!
Finding genes in sequence #3617 (5208 bp)...done!
Finding genes in sequence #3618 (11576 bp)...done!
Finding genes in sequence #3619 (2650 bp)...done!
Finding genes in sequence #3620 (2972 bp)...done!
Finding genes in sequence #3621 (1914 bp)...done!
Finding genes in sequence #3622 (1833 bp)...done!
Finding genes in sequence #3623 (3554 bp)...done!
Finding genes in sequence #3624 (4163 bp)...done!
Finding genes in sequence #3625 (39839 bp)...done!
Finding genes in sequence #3626 (2865 bp)...done!
Finding genes in sequence #3627 (3390 bp)...done!
Finding genes in sequence #3628 (2060 bp)...done!
Finding genes in sequence #3629 (1853 bp)...done!
Finding genes in sequence #3630 (1532 bp)...done!
Finding genes in sequence #3631 (2258 bp)...done!
Finding genes in sequence #3632 (2398 bp)...done!
Finding genes in sequence #3633 (2700 bp)...done!
Finding genes in sequence #3634 (31758 bp)...done!
Finding genes in sequence #3635 (16526 bp)...done!
Finding genes in sequence #3636 (1859 bp)...done!
Finding genes in sequence #3637 (62697 bp)...done!
Finding genes in sequence #3638 (2352 bp)...done!
Finding genes in sequence #3639 (1650 bp)...done!
Finding genes in sequence #3640 (4685 bp)...done!
Finding genes in sequence #3641 (1786 bp)...done!
Finding genes in sequence #3642 (2452 bp)...done!
Finding genes in sequence #3643 (2933 bp)...done!
Finding genes in sequence #3644 (112890 bp)...done!
Finding genes in sequence #3645 (1732 bp)...done!
Finding genes in sequence #3646 (3262 bp)...done!
Finding genes in sequence #3647 (3529 bp)...done!
Finding genes in sequence #3648 (1662 bp)...done!
Finding genes in sequence #3649 (2619 bp)...done!
Finding genes in sequence #3650 (17354 bp)...done!
Finding genes in sequence #3651 (2916 bp)...done!
Finding genes in sequence #3652 (3474 bp)...done!
Finding genes in sequence #3653 (39189 bp)...done!
Finding genes in sequence #3654 (3037 bp)...done!
Finding genes in sequence #3655 (2286 bp)...done!
Finding genes in sequence #3656 (3180 bp)...done!
Finding genes in sequence #3657 (7697 bp)...done!
Finding genes in sequence #3658 (1740 bp)...done!
Finding genes in sequence #3659 (5460 bp)...done!
Finding genes in sequence #3660 (1526 bp)...done!
Finding genes in sequence #3661 (4154 bp)...done!
Finding genes in sequence #3662 (4621 bp)...done!
Finding genes in sequence #3663 (3238 bp)...done!
Finding genes in sequence #3664 (1623 bp)...done!
Finding genes in sequence #3665 (2260 bp)...done!
Finding genes in sequence #3666 (1920 bp)...done!
Finding genes in sequence #3667 (2191 bp)...done!
Finding genes in sequence #3668 (3806 bp)...done!
Finding genes in sequence #3669 (8125 bp)...done!
Finding genes in sequence #3670 (1916 bp)...done!
Finding genes in sequence #3671 (1786 bp)...done!
Finding genes in sequence #3672 (1703 bp)...done!
Finding genes in sequence #3673 (1709 bp)...done!
Finding genes in sequence #3674 (2193 bp)...done!
Finding genes in sequence #3675 (2212 bp)...done!
Finding genes in sequence #3676 (2842 bp)...done!
Finding genes in sequence #3677 (2292 bp)...done!
Finding genes in sequence #3678 (1963 bp)...done!
Finding genes in sequence #3679 (1584 bp)...done!
Finding genes in sequence #3680 (2326 bp)...done!
Finding genes in sequence #3681 (3177 bp)...done!
Finding genes in sequence #3682 (1952 bp)...done!
Finding genes in sequence #3683 (87818 bp)...done!
Finding genes in sequence #3684 (13585 bp)...done!
Finding genes in sequence #3685 (5011 bp)...done!
Finding genes in sequence #3686 (2583 bp)...done!
Finding genes in sequence #3687 (1658 bp)...done!
Finding genes in sequence #3688 (3535 bp)...done!
Finding genes in sequence #3689 (1607 bp)...done!
Finding genes in sequence #3690 (8150 bp)...done!
Finding genes in sequence #3691 (1607 bp)...done!
Finding genes in sequence #3692 (97116 bp)...done!
Finding genes in sequence #3693 (2567 bp)...done!
Finding genes in sequence #3694 (1507 bp)...done!
Finding genes in sequence #3695 (2521 bp)...done!
Finding genes in sequence #3696 (4793 bp)...done!
Finding genes in sequence #3697 (3112 bp)...done!
Finding genes in sequence #3698 (1612 bp)...done!
Finding genes in sequence #3699 (1972 bp)...done!
Finding genes in sequence #3700 (2091 bp)...done!
Finding genes in sequence #3701 (12276 bp)...done!
Finding genes in sequence #3702 (4355 bp)...done!
Finding genes in sequence #3703 (8955 bp)...done!
Finding genes in sequence #3704 (2071 bp)...done!
Finding genes in sequence #3705 (11400 bp)...done!
Finding genes in sequence #3706 (3392 bp)...done!
Finding genes in sequence #3707 (2725 bp)...done!
Finding genes in sequence #3708 (3333 bp)...done!
Finding genes in sequence #3709 (1700 bp)...done!
Finding genes in sequence #3710 (2803 bp)...done!
Finding genes in sequence #3711 (2071 bp)...done!
Finding genes in sequence #3712 (2966 bp)...done!
Finding genes in sequence #3713 (2063 bp)...done!
Finding genes in sequence #3714 (55598 bp)...done!
Finding genes in sequence #3715 (2178 bp)...done!
Finding genes in sequence #3716 (5171 bp)...done!
Finding genes in sequence #3717 (5742 bp)...done!
Finding genes in sequence #3718 (5943 bp)...done!
Finding genes in sequence #3719 (2551 bp)...done!
Finding genes in sequence #3720 (1934 bp)...done!
Finding genes in sequence #3721 (1636 bp)...done!
Finding genes in sequence #3722 (4752 bp)...done!
Finding genes in sequence #3723 (2836 bp)...done!
Finding genes in sequence #3724 (1709 bp)...done!
Finding genes in sequence #3725 (1833 bp)...done!
Finding genes in sequence #3726 (3032 bp)...done!
Finding genes in sequence #3727 (3336 bp)...done!
Finding genes in sequence #3728 (4690 bp)...done!
Finding genes in sequence #3729 (1535 bp)...done!
Finding genes in sequence #3730 (9251 bp)...done!
Finding genes in sequence #3731 (1709 bp)...done!
Finding genes in sequence #3732 (2324 bp)...done!
Finding genes in sequence #3733 (2316 bp)...done!
Finding genes in sequence #3734 (3017 bp)...done!
Finding genes in sequence #3735 (2412 bp)...done!
Finding genes in sequence #3736 (6622 bp)...done!
Finding genes in sequence #3737 (2005 bp)...done!
Finding genes in sequence #3738 (1572 bp)...done!
Finding genes in sequence #3739 (1567 bp)...done!
Finding genes in sequence #3740 (3277 bp)...done!
Finding genes in sequence #3741 (14908 bp)...done!
Finding genes in sequence #3742 (3513 bp)...done!
Finding genes in sequence #3743 (3361 bp)...done!
Finding genes in sequence #3744 (20594 bp)...done!
Finding genes in sequence #3745 (1727 bp)...done!
Finding genes in sequence #3746 (1876 bp)...done!
Finding genes in sequence #3747 (2852 bp)...done!
Finding genes in sequence #3748 (2950 bp)...done!
Finding genes in sequence #3749 (2696 bp)...done!
Finding genes in sequence #3750 (2318 bp)...done!
Finding genes in sequence #3751 (3029 bp)...done!
Finding genes in sequence #3752 (3173 bp)...done!
Finding genes in sequence #3753 (1703 bp)...done!
Finding genes in sequence #3754 (6263 bp)...done!
Finding genes in sequence #3755 (2808 bp)...done!
Finding genes in sequence #3756 (23547 bp)...done!
Finding genes in sequence #3757 (1624 bp)...done!
Finding genes in sequence #3758 (10177 bp)...done!
Finding genes in sequence #3759 (2247 bp)...done!
Finding genes in sequence #3760 (8559 bp)...done!
Finding genes in sequence #3761 (2697 bp)...done!
Finding genes in sequence #3762 (15562 bp)...done!
Finding genes in sequence #3763 (2222 bp)...done!
Finding genes in sequence #3764 (1619 bp)...done!
Finding genes in sequence #3765 (2787 bp)...done!
Finding genes in sequence #3766 (1517 bp)...done!
Finding genes in sequence #3767 (2477 bp)...done!
Finding genes in sequence #3768 (1747 bp)...done!
Finding genes in sequence #3769 (1794 bp)...done!
Finding genes in sequence #3770 (16195 bp)...done!
Finding genes in sequence #3771 (14968 bp)...done!
Finding genes in sequence #3772 (2666 bp)...done!
Finding genes in sequence #3773 (1875 bp)...done!
Finding genes in sequence #3774 (2899 bp)...done!
Finding genes in sequence #3775 (17484 bp)...done!
Finding genes in sequence #3776 (2220 bp)...done!
Finding genes in sequence #3777 (92018 bp)...done!
Finding genes in sequence #3778 (4699 bp)...done!
Finding genes in sequence #3779 (2031 bp)...done!
Finding genes in sequence #3780 (1728 bp)...done!
Finding genes in sequence #3781 (1685 bp)...done!
Finding genes in sequence #3782 (1537 bp)...done!
Finding genes in sequence #3783 (1921 bp)...done!
Finding genes in sequence #3784 (3348 bp)...done!
Finding genes in sequence #3785 (1625 bp)...done!
Finding genes in sequence #3786 (1565 bp)...done!
Finding genes in sequence #3787 (1980 bp)...done!
Finding genes in sequence #3788 (2061 bp)...done!
Finding genes in sequence #3789 (1878 bp)...done!
Finding genes in sequence #3790 (2848 bp)...done!
Finding genes in sequence #3791 (1559 bp)...done!
Finding genes in sequence #3792 (12624 bp)...done!
Finding genes in sequence #3793 (2716 bp)...done!
Finding genes in sequence #3794 (1870 bp)...done!
Finding genes in sequence #3795 (26268 bp)...done!
Finding genes in sequence #3796 (1783 bp)...done!
Finding genes in sequence #3797 (3293 bp)...done!
Finding genes in sequence #3798 (1979 bp)...done!
Finding genes in sequence #3799 (1867 bp)...done!
Finding genes in sequence #3800 (67932 bp)...done!
Finding genes in sequence #3801 (3671 bp)...done!
Finding genes in sequence #3802 (2737 bp)...done!
Finding genes in sequence #3803 (2213 bp)...done!
Finding genes in sequence #3804 (1833 bp)...done!
Finding genes in sequence #3805 (1562 bp)...done!
Finding genes in sequence #3806 (1545 bp)...done!
Finding genes in sequence #3807 (1940 bp)...done!
Finding genes in sequence #3808 (3133 bp)...done!
Finding genes in sequence #3809 (19553 bp)...done!
Finding genes in sequence #3810 (4150 bp)...done!
Finding genes in sequence #3811 (2356 bp)...done!
Finding genes in sequence #3812 (1600 bp)...done!
Finding genes in sequence #3813 (6993 bp)...done!
Finding genes in sequence #3814 (1565 bp)...done!
Finding genes in sequence #3815 (4626 bp)...done!
Finding genes in sequence #3816 (2155 bp)...done!
Finding genes in sequence #3817 (2729 bp)...done!
Finding genes in sequence #3818 (2612 bp)...done!
Finding genes in sequence #3819 (2181 bp)...done!
Finding genes in sequence #3820 (2872 bp)...done!
Finding genes in sequence #3821 (1882 bp)...done!
Finding genes in sequence #3822 (3614 bp)...done!
Finding genes in sequence #3823 (2046 bp)...done!
Finding genes in sequence #3824 (1514 bp)...done!
Finding genes in sequence #3825 (9096 bp)...done!
Finding genes in sequence #3826 (9210 bp)...done!
Finding genes in sequence #3827 (3629 bp)...done!
Finding genes in sequence #3828 (1682 bp)...done!
Finding genes in sequence #3829 (2868 bp)...done!
Finding genes in sequence #3830 (1888 bp)...done!
Finding genes in sequence #3831 (1646 bp)...done!
Finding genes in sequence #3832 (1507 bp)...done!
Finding genes in sequence #3833 (10746 bp)...done!
Finding genes in sequence #3834 (4435 bp)...done!
Finding genes in sequence #3835 (2317 bp)...done!
Finding genes in sequence #3836 (1559 bp)...done!
Finding genes in sequence #3837 (1532 bp)...done!
Finding genes in sequence #3838 (1681 bp)...done!
Finding genes in sequence #3839 (1745 bp)...done!
Finding genes in sequence #3840 (14688 bp)...done!
Finding genes in sequence #3841 (2491 bp)...done!
Finding genes in sequence #3842 (6688 bp)...done!
Finding genes in sequence #3843 (3441 bp)...done!
Finding genes in sequence #3844 (4475 bp)...done!
Finding genes in sequence #3845 (3720 bp)...done!
Finding genes in sequence #3846 (1594 bp)...done!
Finding genes in sequence #3847 (1608 bp)...done!
Finding genes in sequence #3848 (1980 bp)...done!
Finding genes in sequence #3849 (2113 bp)...done!
Finding genes in sequence #3850 (1760 bp)...done!
Finding genes in sequence #3851 (4647 bp)...done!
Finding genes in sequence #3852 (2634 bp)...done!
Finding genes in sequence #3853 (56680 bp)...done!
Finding genes in sequence #3854 (16050 bp)...done!
Finding genes in sequence #3855 (12405 bp)...done!
Finding genes in sequence #3856 (1662 bp)...done!
Finding genes in sequence #3857 (1641 bp)...done!
Finding genes in sequence #3858 (2370 bp)...done!
Finding genes in sequence #3859 (2194 bp)...done!
Finding genes in sequence #3860 (3318 bp)...done!
Finding genes in sequence #3861 (6792 bp)...done!
Finding genes in sequence #3862 (2048 bp)...done!
Finding genes in sequence #3863 (4718 bp)...done!
Finding genes in sequence #3864 (1811 bp)...done!
Finding genes in sequence #3865 (5432 bp)...done!
Finding genes in sequence #3866 (38851 bp)...done!
Finding genes in sequence #3867 (32250 bp)...done!
Finding genes in sequence #3868 (6252 bp)...done!
Finding genes in sequence #3869 (2085 bp)...done!
Finding genes in sequence #3870 (1713 bp)...done!
Finding genes in sequence #3871 (2832 bp)...done!
Finding genes in sequence #3872 (7701 bp)...done!
Finding genes in sequence #3873 (2362 bp)...done!
Finding genes in sequence #3874 (43434 bp)...done!
Finding genes in sequence #3875 (3450 bp)...done!
Finding genes in sequence #3876 (13028 bp)...done!
Finding genes in sequence #3877 (5487 bp)...done!
Finding genes in sequence #3878 (1840 bp)...done!
Finding genes in sequence #3879 (1866 bp)...done!
Finding genes in sequence #3880 (1642 bp)...done!
Finding genes in sequence #3881 (2342 bp)...done!
Finding genes in sequence #3882 (2637 bp)...done!
Finding genes in sequence #3883 (5834 bp)...done!
Finding genes in sequence #3884 (3142 bp)...done!
Finding genes in sequence #3885 (2426 bp)...done!
Finding genes in sequence #3886 (2662 bp)...done!
Finding genes in sequence #3887 (1698 bp)...done!
Finding genes in sequence #3888 (17129 bp)...done!
Finding genes in sequence #3889 (45940 bp)...done!
Finding genes in sequence #3890 (3993 bp)...done!
Finding genes in sequence #3891 (3028 bp)...done!
Finding genes in sequence #3892 (6915 bp)...done!
Finding genes in sequence #3893 (2657 bp)...done!
Finding genes in sequence #3894 (4203 bp)...done!
Finding genes in sequence #3895 (1746 bp)...done!
Finding genes in sequence #3896 (1619 bp)...done!
Finding genes in sequence #3897 (23992 bp)...done!
Finding genes in sequence #3898 (3893 bp)...done!
Finding genes in sequence #3899 (1635 bp)...done!
Finding genes in sequence #3900 (4919 bp)...done!
Finding genes in sequence #3901 (1749 bp)...done!
Finding genes in sequence #3902 (2370 bp)...done!
Finding genes in sequence #3903 (2310 bp)...done!
Finding genes in sequence #3904 (1513 bp)...done!
Finding genes in sequence #3905 (6077 bp)...done!
Finding genes in sequence #3906 (3428 bp)...done!
Finding genes in sequence #3907 (2759 bp)...done!
Finding genes in sequence #3908 (1844 bp)...done!
Finding genes in sequence #3909 (133343 bp)...done!
Finding genes in sequence #3910 (2266 bp)...done!
Finding genes in sequence #3911 (4699 bp)...done!
Finding genes in sequence #3912 (1671 bp)...done!
Finding genes in sequence #3913 (3468 bp)...done!
Finding genes in sequence #3914 (1599 bp)...done!
Finding genes in sequence #3915 (6076 bp)...done!
Finding genes in sequence #3916 (3534 bp)...done!
Finding genes in sequence #3917 (26254 bp)...done!
Finding genes in sequence #3918 (2091 bp)...done!
Finding genes in sequence #3919 (17512 bp)...done!
Finding genes in sequence #3920 (1921 bp)...done!
Finding genes in sequence #3921 (3858 bp)...done!
Finding genes in sequence #3922 (4791 bp)...done!
Finding genes in sequence #3923 (1819 bp)...done!
Finding genes in sequence #3924 (1947 bp)...done!
Finding genes in sequence #3925 (1706 bp)...done!
Finding genes in sequence #3926 (2146 bp)...done!
Finding genes in sequence #3927 (13815 bp)...done!
Finding genes in sequence #3928 (4591 bp)...done!
Finding genes in sequence #3929 (1941 bp)...done!
Finding genes in sequence #3930 (2955 bp)...done!
Finding genes in sequence #3931 (1860 bp)...done!
Finding genes in sequence #3932 (6307 bp)...done!
Finding genes in sequence #3933 (86482 bp)...done!
Finding genes in sequence #3934 (11744 bp)...done!
Finding genes in sequence #3935 (2809 bp)...done!
Finding genes in sequence #3936 (6085 bp)...done!
Finding genes in sequence #3937 (4710 bp)...done!
Finding genes in sequence #3938 (2192 bp)...done!
Finding genes in sequence #3939 (2266 bp)...done!
Finding genes in sequence #3940 (15696 bp)...done!
Finding genes in sequence #3941 (3975 bp)...done!
Finding genes in sequence #3942 (1568 bp)...done!
Finding genes in sequence #3943 (1981 bp)...done!
Finding genes in sequence #3944 (2032 bp)...done!
Finding genes in sequence #3945 (3100 bp)...done!
Finding genes in sequence #3946 (1966 bp)...done!
Finding genes in sequence #3947 (1716 bp)...done!
Finding genes in sequence #3948 (10773 bp)...done!
Finding genes in sequence #3949 (2194 bp)...done!
Finding genes in sequence #3950 (4951 bp)...done!
Finding genes in sequence #3951 (1869 bp)...done!
Finding genes in sequence #3952 (4277 bp)...done!
Finding genes in sequence #3953 (46841 bp)...done!
Finding genes in sequence #3954 (2400 bp)...done!
Finding genes in sequence #3955 (7345 bp)...done!
Finding genes in sequence #3956 (3566 bp)...done!
Finding genes in sequence #3957 (2941 bp)...done!
Finding genes in sequence #3958 (6743 bp)...done!
Finding genes in sequence #3959 (18406 bp)...done!
Finding genes in sequence #3960 (2941 bp)...done!
Finding genes in sequence #3961 (1571 bp)...done!
Finding genes in sequence #3962 (10725 bp)...done!
Finding genes in sequence #3963 (4151 bp)...done!
Finding genes in sequence #3964 (1927 bp)...done!
Finding genes in sequence #3965 (1599 bp)...done!
Finding genes in sequence #3966 (17623 bp)...done!
Finding genes in sequence #3967 (1529 bp)...done!
Finding genes in sequence #3968 (1857 bp)...done!
Finding genes in sequence #3969 (3292 bp)...done!
Finding genes in sequence #3970 (10803 bp)...done!
Finding genes in sequence #3971 (4658 bp)...done!
Finding genes in sequence #3972 (2238 bp)...done!
Finding genes in sequence #3973 (1727 bp)...done!
Finding genes in sequence #3974 (2322 bp)...done!
Finding genes in sequence #3975 (15358 bp)...done!
Finding genes in sequence #3976 (59232 bp)...done!
Finding genes in sequence #3977 (3015 bp)...done!
Finding genes in sequence #3978 (1649 bp)...done!
Finding genes in sequence #3979 (1795 bp)...done!
Finding genes in sequence #3980 (2063 bp)...done!
Finding genes in sequence #3981 (5861 bp)...done!
Finding genes in sequence #3982 (1883 bp)...done!
Finding genes in sequence #3983 (1596 bp)...done!
Finding genes in sequence #3984 (101155 bp)...done!
Finding genes in sequence #3985 (2294 bp)...done!
Finding genes in sequence #3986 (13059 bp)...done!
Finding genes in sequence #3987 (2336 bp)...done!
Finding genes in sequence #3988 (4030 bp)...done!
Finding genes in sequence #3989 (2267 bp)...done!
Finding genes in sequence #3990 (3502 bp)...done!
Finding genes in sequence #3991 (1818 bp)...done!
Finding genes in sequence #3992 (1685 bp)...done!
Finding genes in sequence #3993 (14184 bp)...done!
Finding genes in sequence #3994 (1733 bp)...done!
Finding genes in sequence #3995 (12655 bp)...done!
Finding genes in sequence #3996 (3910 bp)...done!
Finding genes in sequence #3997 (46222 bp)...done!
Finding genes in sequence #3998 (5606 bp)...done!
Finding genes in sequence #3999 (1826 bp)...done!
Finding genes in sequence #4000 (6371 bp)...done!
Finding genes in sequence #4001 (1627 bp)...done!
Finding genes in sequence #4002 (2647 bp)...done!
Finding genes in sequence #4003 (72300 bp)...done!
Finding genes in sequence #4004 (1507 bp)...done!
Finding genes in sequence #4005 (2187 bp)...done!
Finding genes in sequence #4006 (4307 bp)...done!
Finding genes in sequence #4007 (1686 bp)...done!
Finding genes in sequence #4008 (74532 bp)...done!
Finding genes in sequence #4009 (2084 bp)...done!
Finding genes in sequence #4010 (2852 bp)...done!
Finding genes in sequence #4011 (1741 bp)...done!
Finding genes in sequence #4012 (1834 bp)...done!
Finding genes in sequence #4013 (5553 bp)...done!
Finding genes in sequence #4014 (2254 bp)...done!
Finding genes in sequence #4015 (1847 bp)...done!
Finding genes in sequence #4016 (5106 bp)...done!
Finding genes in sequence #4017 (3422 bp)...done!
Finding genes in sequence #4018 (2040 bp)...done!
Finding genes in sequence #4019 (2120 bp)...done!
Finding genes in sequence #4020 (10476 bp)...done!
Finding genes in sequence #4021 (2021 bp)...done!
Finding genes in sequence #4022 (8750 bp)...done!
Finding genes in sequence #4023 (21424 bp)...done!
Finding genes in sequence #4024 (1758 bp)...done!
Finding genes in sequence #4025 (30843 bp)...done!
Finding genes in sequence #4026 (6268 bp)...done!
Finding genes in sequence #4027 (3057 bp)...done!
Finding genes in sequence #4028 (1609 bp)...done!
Finding genes in sequence #4029 (1525 bp)...done!
Finding genes in sequence #4030 (2459 bp)...done!
Finding genes in sequence #4031 (7682 bp)...done!
Finding genes in sequence #4032 (1651 bp)...done!
Finding genes in sequence #4033 (2040 bp)...done!
Finding genes in sequence #4034 (1923 bp)...done!
Finding genes in sequence #4035 (125902 bp)...done!
Finding genes in sequence #4036 (2282 bp)...done!
Finding genes in sequence #4037 (1955 bp)...done!
Finding genes in sequence #4038 (2167 bp)...done!
Finding genes in sequence #4039 (20312 bp)...done!
Finding genes in sequence #4040 (5243 bp)...done!
Finding genes in sequence #4041 (1598 bp)...done!
Finding genes in sequence #4042 (5880 bp)...done!
Finding genes in sequence #4043 (9986 bp)...done!
Finding genes in sequence #4044 (1733 bp)...done!
Finding genes in sequence #4045 (64494 bp)...done!
Finding genes in sequence #4046 (2026 bp)...done!
Finding genes in sequence #4047 (1561 bp)...done!
Finding genes in sequence #4048 (1987 bp)...done!
Finding genes in sequence #4049 (15590 bp)...done!
Finding genes in sequence #4050 (1879 bp)...done!
Finding genes in sequence #4051 (3694 bp)...done!
Finding genes in sequence #4052 (2314 bp)...done!
Finding genes in sequence #4053 (22972 bp)...done!
Finding genes in sequence #4054 (6343 bp)...done!
Finding genes in sequence #4055 (1630 bp)...done!
Finding genes in sequence #4056 (2246 bp)...done!
Finding genes in sequence #4057 (1813 bp)...done!
Finding genes in sequence #4058 (4692 bp)...done!
Finding genes in sequence #4059 (3330 bp)...done!
Finding genes in sequence #4060 (8087 bp)...done!
Finding genes in sequence #4061 (2789 bp)...done!
Finding genes in sequence #4062 (4057 bp)...done!
Finding genes in sequence #4063 (2277 bp)...done!
Finding genes in sequence #4064 (1881 bp)...done!
Finding genes in sequence #4065 (10717 bp)...done!
Finding genes in sequence #4066 (2388 bp)...done!
Finding genes in sequence #4067 (1750 bp)...done!
Finding genes in sequence #4068 (2405 bp)...done!
Finding genes in sequence #4069 (1528 bp)...done!
Finding genes in sequence #4070 (1939 bp)...done!
Finding genes in sequence #4071 (1638 bp)...done!
Finding genes in sequence #4072 (2413 bp)...done!
Finding genes in sequence #4073 (3163 bp)...done!
Finding genes in sequence #4074 (3329 bp)...done!
Finding genes in sequence #4075 (1611 bp)...done!
Finding genes in sequence #4076 (3441 bp)...done!
Finding genes in sequence #4077 (1539 bp)...done!
Finding genes in sequence #4078 (1771 bp)...done!
Finding genes in sequence #4079 (4232 bp)...done!
Finding genes in sequence #4080 (2124 bp)...done!
Finding genes in sequence #4081 (1705 bp)...done!
Finding genes in sequence #4082 (1516 bp)...done!
Finding genes in sequence #4083 (2090 bp)...done!
Finding genes in sequence #4084 (7166 bp)...done!
Finding genes in sequence #4085 (4183 bp)...done!
Finding genes in sequence #4086 (1876 bp)...done!
Finding genes in sequence #4087 (2076 bp)...done!
Finding genes in sequence #4088 (2080 bp)...done!
Finding genes in sequence #4089 (2084 bp)...done!
Finding genes in sequence #4090 (2482 bp)...done!
Finding genes in sequence #4091 (1554 bp)...done!
Finding genes in sequence #4092 (1712 bp)...done!
Finding genes in sequence #4093 (7654 bp)...done!
Finding genes in sequence #4094 (2497 bp)...done!
Finding genes in sequence #4095 (2321 bp)...done!
Finding genes in sequence #4096 (17619 bp)...done!
Finding genes in sequence #4097 (13424 bp)...done!
Finding genes in sequence #4098 (1785 bp)...done!
Finding genes in sequence #4099 (8528 bp)...done!
Finding genes in sequence #4100 (3945 bp)...done!
Finding genes in sequence #4101 (1550 bp)...done!
Finding genes in sequence #4102 (21615 bp)...done!
Finding genes in sequence #4103 (1571 bp)...done!
Finding genes in sequence #4104 (8008 bp)...done!
Finding genes in sequence #4105 (34642 bp)...done!
Finding genes in sequence #4106 (4410 bp)...done!
Finding genes in sequence #4107 (93543 bp)...done!
Finding genes in sequence #4108 (20020 bp)...done!
Finding genes in sequence #4109 (11822 bp)...done!
Finding genes in sequence #4110 (1556 bp)...done!
Finding genes in sequence #4111 (1970 bp)...done!
Finding genes in sequence #4112 (1538 bp)...done!
Finding genes in sequence #4113 (21503 bp)...done!
Finding genes in sequence #4114 (4611 bp)...done!
Finding genes in sequence #4115 (3209 bp)...done!
Finding genes in sequence #4116 (2081 bp)...done!
Finding genes in sequence #4117 (1565 bp)...done!
Finding genes in sequence #4118 (1600 bp)...done!
Finding genes in sequence #4119 (1897 bp)...done!
Finding genes in sequence #4120 (1502 bp)...done!
Finding genes in sequence #4121 (2223 bp)...done!
Finding genes in sequence #4122 (1533 bp)...done!
Finding genes in sequence #4123 (1926 bp)...done!
Finding genes in sequence #4124 (1884 bp)...done!
Finding genes in sequence #4125 (1980 bp)...done!
Finding genes in sequence #4126 (7451 bp)...done!
Finding genes in sequence #4127 (2480 bp)...done!
Finding genes in sequence #4128 (2074 bp)...done!
Finding genes in sequence #4129 (13341 bp)...done!
Finding genes in sequence #4130 (2781 bp)...done!
Finding genes in sequence #4131 (6778 bp)...done!
Finding genes in sequence #4132 (1510 bp)...done!
Finding genes in sequence #4133 (2209 bp)...done!
Finding genes in sequence #4134 (8511 bp)...done!
Finding genes in sequence #4135 (2294 bp)...done!
Finding genes in sequence #4136 (5972 bp)...done!
Finding genes in sequence #4137 (3156 bp)...done!
Finding genes in sequence #4138 (2961 bp)...done!
Finding genes in sequence #4139 (1711 bp)...done!
Finding genes in sequence #4140 (2069 bp)...done!
Finding genes in sequence #4141 (3165 bp)...done!
Finding genes in sequence #4142 (1648 bp)...done!
Finding genes in sequence #4143 (3556 bp)...done!
Finding genes in sequence #4144 (2921 bp)...done!
Finding genes in sequence #4145 (16011 bp)...done!
Finding genes in sequence #4146 (1801 bp)...done!
Finding genes in sequence #4147 (2305 bp)...done!
Finding genes in sequence #4148 (4710 bp)...done!
Finding genes in sequence #4149 (1649 bp)...done!
Finding genes in sequence #4150 (1621 bp)...done!
Finding genes in sequence #4151 (2256 bp)...done!
Finding genes in sequence #4152 (1836 bp)...done!
Finding genes in sequence #4153 (2378 bp)...done!
Finding genes in sequence #4154 (7509 bp)...done!
Finding genes in sequence #4155 (3729 bp)...done!
Finding genes in sequence #4156 (1634 bp)...done!
Finding genes in sequence #4157 (1921 bp)...done!
Finding genes in sequence #4158 (22273 bp)...done!
Finding genes in sequence #4159 (1999 bp)...done!
Finding genes in sequence #4160 (2425 bp)...done!
Finding genes in sequence #4161 (3601 bp)...done!
Finding genes in sequence #4162 (28501 bp)...done!
Finding genes in sequence #4163 (2254 bp)...done!
Finding genes in sequence #4164 (4253 bp)...done!
Finding genes in sequence #4165 (2049 bp)...done!
Finding genes in sequence #4166 (16378 bp)...done!
Finding genes in sequence #4167 (2150 bp)...done!
Finding genes in sequence #4168 (1879 bp)...done!
Finding genes in sequence #4169 (1886 bp)...done!
Finding genes in sequence #4170 (2080 bp)...done!
Finding genes in sequence #4171 (1699 bp)...done!
Finding genes in sequence #4172 (3868 bp)...done!
Finding genes in sequence #4173 (1576 bp)...done!
Finding genes in sequence #4174 (1652 bp)...done!
Finding genes in sequence #4175 (3567 bp)...done!
Finding genes in sequence #4176 (2170 bp)...done!
Finding genes in sequence #4177 (3552 bp)...done!
Finding genes in sequence #4178 (6070 bp)...done!
Finding genes in sequence #4179 (1917 bp)...done!
Finding genes in sequence #4180 (1535 bp)...done!
Finding genes in sequence #4181 (1943 bp)...done!
Finding genes in sequence #4182 (2928 bp)...done!
Finding genes in sequence #4183 (1844 bp)...done!
Finding genes in sequence #4184 (1655 bp)...done!
Finding genes in sequence #4185 (1531 bp)...done!
Finding genes in sequence #4186 (34565 bp)...done!
Finding genes in sequence #4187 (1732 bp)...done!
Finding genes in sequence #4188 (1598 bp)...done!
Finding genes in sequence #4189 (2954 bp)...done!
Finding genes in sequence #4190 (4367 bp)...done!
Finding genes in sequence #4191 (1978 bp)...done!
Finding genes in sequence #4192 (11749 bp)...done!
Finding genes in sequence #4193 (1702 bp)...done!
Finding genes in sequence #4194 (14571 bp)...done!
Finding genes in sequence #4195 (2459 bp)...done!
Finding genes in sequence #4196 (12728 bp)...done!
Finding genes in sequence #4197 (2234 bp)...done!
Finding genes in sequence #4198 (1803 bp)...done!
Finding genes in sequence #4199 (3737 bp)...done!
Finding genes in sequence #4200 (3426 bp)...done!
Finding genes in sequence #4201 (109371 bp)...done!
Finding genes in sequence #4202 (4412 bp)...done!
Finding genes in sequence #4203 (3984 bp)...done!
Finding genes in sequence #4204 (2329 bp)...done!
Finding genes in sequence #4205 (3921 bp)...done!
Finding genes in sequence #4206 (2222 bp)...done!
Finding genes in sequence #4207 (1881 bp)...done!
Finding genes in sequence #4208 (2704 bp)...done!
Finding genes in sequence #4209 (3000 bp)...done!
Finding genes in sequence #4210 (2194 bp)...done!
Finding genes in sequence #4211 (1724 bp)...done!
Finding genes in sequence #4212 (2171 bp)...done!
Finding genes in sequence #4213 (2576 bp)...done!
Finding genes in sequence #4214 (15133 bp)...done!
Finding genes in sequence #4215 (11004 bp)...done!
Finding genes in sequence #4216 (1524 bp)...done!
Finding genes in sequence #4217 (1540 bp)...done!
Finding genes in sequence #4218 (3248 bp)...done!
Finding genes in sequence #4219 (1557 bp)...done!
Finding genes in sequence #4220 (3164 bp)...done!
Finding genes in sequence #4221 (9134 bp)...done!
Finding genes in sequence #4222 (3164 bp)...done!
Finding genes in sequence #4223 (3358 bp)...done!
Finding genes in sequence #4224 (1524 bp)...done!
Finding genes in sequence #4225 (1873 bp)...done!
Finding genes in sequence #4226 (3046 bp)...done!
Finding genes in sequence #4227 (1733 bp)...done!
Finding genes in sequence #4228 (2027 bp)...done!
Finding genes in sequence #4229 (1685 bp)...done!
Finding genes in sequence #4230 (14461 bp)...done!
Finding genes in sequence #4231 (2177 bp)...done!
Finding genes in sequence #4232 (1846 bp)...done!
Finding genes in sequence #4233 (2217 bp)...done!
Finding genes in sequence #4234 (4547 bp)...done!
Finding genes in sequence #4235 (1770 bp)...done!
Finding genes in sequence #4236 (3790 bp)...done!
Finding genes in sequence #4237 (5719 bp)...done!
Finding genes in sequence #4238 (1673 bp)...done!
Finding genes in sequence #4239 (2116 bp)...done!
Finding genes in sequence #4240 (3320 bp)...done!
Finding genes in sequence #4241 (2457 bp)...done!
Finding genes in sequence #4242 (1589 bp)...done!
Finding genes in sequence #4243 (4674 bp)...done!
Finding genes in sequence #4244 (1554 bp)...done!
Finding genes in sequence #4245 (2841 bp)...done!
Finding genes in sequence #4246 (1901 bp)...done!
Finding genes in sequence #4247 (1669 bp)...done!
Finding genes in sequence #4248 (1670 bp)...done!
Finding genes in sequence #4249 (7874 bp)...done!
Finding genes in sequence #4250 (2402 bp)...done!
Finding genes in sequence #4251 (3570 bp)...done!
Finding genes in sequence #4252 (1763 bp)...done!
Finding genes in sequence #4253 (18077 bp)...done!
Finding genes in sequence #4254 (88409 bp)...done!
Finding genes in sequence #4255 (2047 bp)...done!
Finding genes in sequence #4256 (2540 bp)...done!
Finding genes in sequence #4257 (1881 bp)...done!
Finding genes in sequence #4258 (6294 bp)...done!
Finding genes in sequence #4259 (1654 bp)...done!
Finding genes in sequence #4260 (3322 bp)...done!
Finding genes in sequence #4261 (2570 bp)...done!
Finding genes in sequence #4262 (1551 bp)...done!
Finding genes in sequence #4263 (1722 bp)...done!
Finding genes in sequence #4264 (1591 bp)...done!
Finding genes in sequence #4265 (2607 bp)...done!
Finding genes in sequence #4266 (46602 bp)...done!
Finding genes in sequence #4267 (1568 bp)...done!
Finding genes in sequence #4268 (2995 bp)...done!
Finding genes in sequence #4269 (3199 bp)...done!
Finding genes in sequence #4270 (2398 bp)...done!
Finding genes in sequence #4271 (3452 bp)...done!
Finding genes in sequence #4272 (2551 bp)...done!
Finding genes in sequence #4273 (2653 bp)...done!
Finding genes in sequence #4274 (1622 bp)...done!
Finding genes in sequence #4275 (1543 bp)...done!
Finding genes in sequence #4276 (2610 bp)...done!
Finding genes in sequence #4277 (1521 bp)...done!
Finding genes in sequence #4278 (17077 bp)...done!
Finding genes in sequence #4279 (4406 bp)...done!
Finding genes in sequence #4280 (2334 bp)...done!
Finding genes in sequence #4281 (6465 bp)...done!
Finding genes in sequence #4282 (2890 bp)...done!
Finding genes in sequence #4283 (1978 bp)...done!
Finding genes in sequence #4284 (7219 bp)...done!
Finding genes in sequence #4285 (9446 bp)...done!
Finding genes in sequence #4286 (5774 bp)...done!
Finding genes in sequence #4287 (6268 bp)...done!
Finding genes in sequence #4288 (1954 bp)...done!
Finding genes in sequence #4289 (1854 bp)...done!
Finding genes in sequence #4290 (1812 bp)...done!
Finding genes in sequence #4291 (1696 bp)...done!
Finding genes in sequence #4292 (3830 bp)...done!
Finding genes in sequence #4293 (35849 bp)...done!
Finding genes in sequence #4294 (2430 bp)...done!
Finding genes in sequence #4295 (4814 bp)...done!
Finding genes in sequence #4296 (9430 bp)...done!
Finding genes in sequence #4297 (1650 bp)...done!
Finding genes in sequence #4298 (2695 bp)...done!
Finding genes in sequence #4299 (3743 bp)...done!
Finding genes in sequence #4300 (1990 bp)...done!
Finding genes in sequence #4301 (1588 bp)...done!
Finding genes in sequence #4302 (11998 bp)...done!
Finding genes in sequence #4303 (1624 bp)...done!
Finding genes in sequence #4304 (8688 bp)...done!
Finding genes in sequence #4305 (1821 bp)...done!
Finding genes in sequence #4306 (6057 bp)...done!
Finding genes in sequence #4307 (1575 bp)...done!
Finding genes in sequence #4308 (3264 bp)...done!
Finding genes in sequence #4309 (1905 bp)...done!
Finding genes in sequence #4310 (1942 bp)...done!
Finding genes in sequence #4311 (8631 bp)...done!
Finding genes in sequence #4312 (1623 bp)...done!
Finding genes in sequence #4313 (1563 bp)...done!
Finding genes in sequence #4314 (2484 bp)...done!
Finding genes in sequence #4315 (10719 bp)...done!
Finding genes in sequence #4316 (3161 bp)...done!
Finding genes in sequence #4317 (11378 bp)...done!
Finding genes in sequence #4318 (2089 bp)...done!
Finding genes in sequence #4319 (1554 bp)...done!
Finding genes in sequence #4320 (1527 bp)...done!
Finding genes in sequence #4321 (8803 bp)...done!
Finding genes in sequence #4322 (1650 bp)...done!
Finding genes in sequence #4323 (9955 bp)...done!
Finding genes in sequence #4324 (1715 bp)...done!
Finding genes in sequence #4325 (3413 bp)...done!
Finding genes in sequence #4326 (2311 bp)...done!
Finding genes in sequence #4327 (4239 bp)...done!
Finding genes in sequence #4328 (1988 bp)...done!
Finding genes in sequence #4329 (1516 bp)...done!
Finding genes in sequence #4330 (5628 bp)...done!
Finding genes in sequence #4331 (3140 bp)...done!
Finding genes in sequence #4332 (1646 bp)...done!
Finding genes in sequence #4333 (36831 bp)...done!
Finding genes in sequence #4334 (1967 bp)...done!
Finding genes in sequence #4335 (2341 bp)...done!
Finding genes in sequence #4336 (4755 bp)...done!
Finding genes in sequence #4337 (2283 bp)...done!
Finding genes in sequence #4338 (2576 bp)...done!
Finding genes in sequence #4339 (3179 bp)...done!
Finding genes in sequence #4340 (19227 bp)...done!
Finding genes in sequence #4341 (3360 bp)...done!
Finding genes in sequence #4342 (2089 bp)...done!
Finding genes in sequence #4343 (11401 bp)...done!
Finding genes in sequence #4344 (2904 bp)...done!
Finding genes in sequence #4345 (19683 bp)...done!
Finding genes in sequence #4346 (3535 bp)...done!
Finding genes in sequence #4347 (1923 bp)...done!
Finding genes in sequence #4348 (4452 bp)...done!
Finding genes in sequence #4349 (2873 bp)...done!
Finding genes in sequence #4350 (8235 bp)...done!
Finding genes in sequence #4351 (2132 bp)...done!
Finding genes in sequence #4352 (4649 bp)...done!
Finding genes in sequence #4353 (10589 bp)...done!
Finding genes in sequence #4354 (2290 bp)...done!
Finding genes in sequence #4355 (2240 bp)...done!
Finding genes in sequence #4356 (1599 bp)...done!
Finding genes in sequence #4357 (2556 bp)...done!
Finding genes in sequence #4358 (2192 bp)...done!
Finding genes in sequence #4359 (15947 bp)...done!
Finding genes in sequence #4360 (2231 bp)...done!
Finding genes in sequence #4361 (29773 bp)...done!
Finding genes in sequence #4362 (9716 bp)...done!
Finding genes in sequence #4363 (1500 bp)...done!
Finding genes in sequence #4364 (1783 bp)...done!
Finding genes in sequence #4365 (4908 bp)...done!
Finding genes in sequence #4366 (3761 bp)...done!
Finding genes in sequence #4367 (11514 bp)...done!
Finding genes in sequence #4368 (1630 bp)...done!
Finding genes in sequence #4369 (4287 bp)...done!
Finding genes in sequence #4370 (1744 bp)...done!
Finding genes in sequence #4371 (5274 bp)...done!
Finding genes in sequence #4372 (11891 bp)...done!
Finding genes in sequence #4373 (1944 bp)...done!
Finding genes in sequence #4374 (1557 bp)...done!
Finding genes in sequence #4375 (1529 bp)...done!
Finding genes in sequence #4376 (1761 bp)...done!
Finding genes in sequence #4377 (33971 bp)...done!
Finding genes in sequence #4378 (3615 bp)...done!
Finding genes in sequence #4379 (1793 bp)...done!
Finding genes in sequence #4380 (2040 bp)...done!
Finding genes in sequence #4381 (5836 bp)...done!
Finding genes in sequence #4382 (2122 bp)...done!
Finding genes in sequence #4383 (1506 bp)...done!
Finding genes in sequence #4384 (2321 bp)...done!
Finding genes in sequence #4385 (2185 bp)...done!
Finding genes in sequence #4386 (1617 bp)...done!
Finding genes in sequence #4387 (1775 bp)...done!
Finding genes in sequence #4388 (3750 bp)...done!
Finding genes in sequence #4389 (1961 bp)...done!
Finding genes in sequence #4390 (1782 bp)...done!
Finding genes in sequence #4391 (41329 bp)...done!
Finding genes in sequence #4392 (1793 bp)...done!
Finding genes in sequence #4393 (3268 bp)...done!
Finding genes in sequence #4394 (6309 bp)...done!
Finding genes in sequence #4395 (2587 bp)...done!
Finding genes in sequence #4396 (11743 bp)...done!
Finding genes in sequence #4397 (1679 bp)...done!
Finding genes in sequence #4398 (2928 bp)...done!
Finding genes in sequence #4399 (4878 bp)...done!
Finding genes in sequence #4400 (2182 bp)...done!
Finding genes in sequence #4401 (7640 bp)...done!
Finding genes in sequence #4402 (4332 bp)...done!
Finding genes in sequence #4403 (2232 bp)...done!
Finding genes in sequence #4404 (4670 bp)...done!
Finding genes in sequence #4405 (2237 bp)...done!
Finding genes in sequence #4406 (2785 bp)...done!
Finding genes in sequence #4407 (1700 bp)...done!
Finding genes in sequence #4408 (3325 bp)...done!
Finding genes in sequence #4409 (2925 bp)...done!
Finding genes in sequence #4410 (1569 bp)...done!
Finding genes in sequence #4411 (1571 bp)...done!
Finding genes in sequence #4412 (1653 bp)...done!
Finding genes in sequence #4413 (2915 bp)...done!
Finding genes in sequence #4414 (6779 bp)...done!
Finding genes in sequence #4415 (1679 bp)...done!
Finding genes in sequence #4416 (708053 bp)...done!
Finding genes in sequence #4417 (41250 bp)...done!
Finding genes in sequence #4418 (1626 bp)...done!
Finding genes in sequence #4419 (6473 bp)...done!
Finding genes in sequence #4420 (15447 bp)...done!
Finding genes in sequence #4421 (3871 bp)...done!
Finding genes in sequence #4422 (2869 bp)...done!
Finding genes in sequence #4423 (2209 bp)...done!
Finding genes in sequence #4424 (2005 bp)...done!
Finding genes in sequence #4425 (1600 bp)...done!
Finding genes in sequence #4426 (3399 bp)...done!
Finding genes in sequence #4427 (1684 bp)...done!
Finding genes in sequence #4428 (17850 bp)...done!
Finding genes in sequence #4429 (1864 bp)...done!
Finding genes in sequence #4430 (1877 bp)...done!
Finding genes in sequence #4431 (38963 bp)...done!
Finding genes in sequence #4432 (3261 bp)...done!
Finding genes in sequence #4433 (4479 bp)...done!
Finding genes in sequence #4434 (16359 bp)...done!
Finding genes in sequence #4435 (2557 bp)...done!
Finding genes in sequence #4436 (25509 bp)...done!
Finding genes in sequence #4437 (3666 bp)...done!
Finding genes in sequence #4438 (2761 bp)...done!
Finding genes in sequence #4439 (2042 bp)...done!
Finding genes in sequence #4440 (2048 bp)...done!
Finding genes in sequence #4441 (2206 bp)...done!
Finding genes in sequence #4442 (2781 bp)...done!
Finding genes in sequence #4443 (1920 bp)...done!
Finding genes in sequence #4444 (1522 bp)...done!
Finding genes in sequence #4445 (3305 bp)...done!
Finding genes in sequence #4446 (6243 bp)...done!
Finding genes in sequence #4447 (2914 bp)...done!
Finding genes in sequence #4448 (2894 bp)...done!
Finding genes in sequence #4449 (2076 bp)...done!
Finding genes in sequence #4450 (1601 bp)...done!
Finding genes in sequence #4451 (22178 bp)...done!
Finding genes in sequence #4452 (2070 bp)...done!
Finding genes in sequence #4453 (2371 bp)...done!
Finding genes in sequence #4454 (2518 bp)...done!
Finding genes in sequence #4455 (3655 bp)...done!
Finding genes in sequence #4456 (3386 bp)...done!
Finding genes in sequence #4457 (4746 bp)...done!
Finding genes in sequence #4458 (10064 bp)...done!
Finding genes in sequence #4459 (1838 bp)...done!
Finding genes in sequence #4460 (52055 bp)...done!
Finding genes in sequence #4461 (13068 bp)...done!
Finding genes in sequence #4462 (2348 bp)...done!
Finding genes in sequence #4463 (1714 bp)...done!
Finding genes in sequence #4464 (4736 bp)...done!
Finding genes in sequence #4465 (2031 bp)...done!
Finding genes in sequence #4466 (2819 bp)...done!
Finding genes in sequence #4467 (1597 bp)...done!
Finding genes in sequence #4468 (1529 bp)...done!
Finding genes in sequence #4469 (2547 bp)...done!
Finding genes in sequence #4470 (4908 bp)...done!
Finding genes in sequence #4471 (1511 bp)...done!
Finding genes in sequence #4472 (1652 bp)...done!
Finding genes in sequence #4473 (2271 bp)...done!
Finding genes in sequence #4474 (3552 bp)...done!
Finding genes in sequence #4475 (3130 bp)...done!
Finding genes in sequence #4476 (2113 bp)...done!
Finding genes in sequence #4477 (1555 bp)...done!
Finding genes in sequence #4478 (2152 bp)...done!
Finding genes in sequence #4479 (1996 bp)...done!
Finding genes in sequence #4480 (12148 bp)...done!
Finding genes in sequence #4481 (7102 bp)...done!
Finding genes in sequence #4482 (1996 bp)...done!
Finding genes in sequence #4483 (2326 bp)...done!
Finding genes in sequence #4484 (2560 bp)...done!
Finding genes in sequence #4485 (1606 bp)...done!
Finding genes in sequence #4486 (1795 bp)...done!
Finding genes in sequence #4487 (4256 bp)...done!
Finding genes in sequence #4488 (5226 bp)...done!
Finding genes in sequence #4489 (2946 bp)...done!
Finding genes in sequence #4490 (13095 bp)...done!
Finding genes in sequence #4491 (1999 bp)...done!
Finding genes in sequence #4492 (2468 bp)...done!
Finding genes in sequence #4493 (2007 bp)...done!
Finding genes in sequence #4494 (52668 bp)...done!
Finding genes in sequence #4495 (1743 bp)...done!
Finding genes in sequence #4496 (1726 bp)...done!
Finding genes in sequence #4497 (5317 bp)...done!
Finding genes in sequence #4498 (3825 bp)...done!
Finding genes in sequence #4499 (10689 bp)...done!
Finding genes in sequence #4500 (2570 bp)...done!
Finding genes in sequence #4501 (12616 bp)...done!
Finding genes in sequence #4502 (1523 bp)...done!
Finding genes in sequence #4503 (2004 bp)...done!
Finding genes in sequence #4504 (1545 bp)...done!
Finding genes in sequence #4505 (4003 bp)...done!
Finding genes in sequence #4506 (7759 bp)...done!
Finding genes in sequence #4507 (1802 bp)...done!
Finding genes in sequence #4508 (1713 bp)...done!
Finding genes in sequence #4509 (2286 bp)...done!
Finding genes in sequence #4510 (1546 bp)...done!
Finding genes in sequence #4511 (45659 bp)...done!
Finding genes in sequence #4512 (2981 bp)...done!
Finding genes in sequence #4513 (2156 bp)...done!
Finding genes in sequence #4514 (4530 bp)...done!
Finding genes in sequence #4515 (6520 bp)...done!
Finding genes in sequence #4516 (2996 bp)...done!
Finding genes in sequence #4517 (2195 bp)...done!
Finding genes in sequence #4518 (1763 bp)...done!
Finding genes in sequence #4519 (1528 bp)...done!
Finding genes in sequence #4520 (3813 bp)...done!
Finding genes in sequence #4521 (3570 bp)...done!
Finding genes in sequence #4522 (1838 bp)...done!
Finding genes in sequence #4523 (2325 bp)...done!
Finding genes in sequence #4524 (3328 bp)...done!
Finding genes in sequence #4525 (20437 bp)...done!
Finding genes in sequence #4526 (3056 bp)...done!
Finding genes in sequence #4527 (4534 bp)...done!
Finding genes in sequence #4528 (14605 bp)...done!
Finding genes in sequence #4529 (3648 bp)...done!
Finding genes in sequence #4530 (2594 bp)...done!
Finding genes in sequence #4531 (6897 bp)...done!
Finding genes in sequence #4532 (7382 bp)...done!
Finding genes in sequence #4533 (24318 bp)...done!
Finding genes in sequence #4534 (1535 bp)...done!
Finding genes in sequence #4535 (2738 bp)...done!
Finding genes in sequence #4536 (1820 bp)...done!
Finding genes in sequence #4537 (2095 bp)...done!
Finding genes in sequence #4538 (2316 bp)...done!
Finding genes in sequence #4539 (2039 bp)...done!
Finding genes in sequence #4540 (2205 bp)...done!
Finding genes in sequence #4541 (1882 bp)...done!
Finding genes in sequence #4542 (7737 bp)...done!
Finding genes in sequence #4543 (4863 bp)...done!
Finding genes in sequence #4544 (2521 bp)...done!
Finding genes in sequence #4545 (5523 bp)...done!
Finding genes in sequence #4546 (1565 bp)...done!
Finding genes in sequence #4547 (123045 bp)...done!
Finding genes in sequence #4548 (4611 bp)...done!
Finding genes in sequence #4549 (2004 bp)...done!
Finding genes in sequence #4550 (6883 bp)...done!
Finding genes in sequence #4551 (1943 bp)...done!
Finding genes in sequence #4552 (2269 bp)...done!
Finding genes in sequence #4553 (27779 bp)...done!
Finding genes in sequence #4554 (2092 bp)...done!
Finding genes in sequence #4555 (3765 bp)...done!
Finding genes in sequence #4556 (3611 bp)...done!
Finding genes in sequence #4557 (4434 bp)...done!
Finding genes in sequence #4558 (1809 bp)...done!
Finding genes in sequence #4559 (1953 bp)...done!
Finding genes in sequence #4560 (78896 bp)...done!
Finding genes in sequence #4561 (1775 bp)...done!
Finding genes in sequence #4562 (2191 bp)...done!
Finding genes in sequence #4563 (2200 bp)...done!
Finding genes in sequence #4564 (2270 bp)...done!
Finding genes in sequence #4565 (2201 bp)...done!
Finding genes in sequence #4566 (1902 bp)...done!
Finding genes in sequence #4567 (3112 bp)...done!
Finding genes in sequence #4568 (1533 bp)...done!
Finding genes in sequence #4569 (1672 bp)...done!
Finding genes in sequence #4570 (2523 bp)...done!
Finding genes in sequence #4571 (67161 bp)...done!
Finding genes in sequence #4572 (1690 bp)...done!
Finding genes in sequence #4573 (3906 bp)...done!
Finding genes in sequence #4574 (21259 bp)...done!
Finding genes in sequence #4575 (8432 bp)...done!
Finding genes in sequence #4576 (1806 bp)...done!
Finding genes in sequence #4577 (1632 bp)...done!
Finding genes in sequence #4578 (1517 bp)...done!
Finding genes in sequence #4579 (1528 bp)...done!
Finding genes in sequence #4580 (31514 bp)...done!
Finding genes in sequence #4581 (18684 bp)...done!
Finding genes in sequence #4582 (1508 bp)...done!
Finding genes in sequence #4583 (1799 bp)...done!
Finding genes in sequence #4584 (1504 bp)...done!
Finding genes in sequence #4585 (1539 bp)...done!
Finding genes in sequence #4586 (27518 bp)...done!
Finding genes in sequence #4587 (1771 bp)...done!
Finding genes in sequence #4588 (14247 bp)...done!
Finding genes in sequence #4589 (8158 bp)...done!
Finding genes in sequence #4590 (1731 bp)...done!
Finding genes in sequence #4591 (1752 bp)...done!
Finding genes in sequence #4592 (7091 bp)...done!
Finding genes in sequence #4593 (4930 bp)...done!
Finding genes in sequence #4594 (2363 bp)...done!
Finding genes in sequence #4595 (2329 bp)...done!
Finding genes in sequence #4596 (1831 bp)...done!
Finding genes in sequence #4597 (5447 bp)...done!
Finding genes in sequence #4598 (2238 bp)...done!
Finding genes in sequence #4599 (16678 bp)...done!
Finding genes in sequence #4600 (15375 bp)...done!
Finding genes in sequence #4601 (1706 bp)...done!
Finding genes in sequence #4602 (15087 bp)...done!
Finding genes in sequence #4603 (4763 bp)...done!
Finding genes in sequence #4604 (16423 bp)...done!
Finding genes in sequence #4605 (10528 bp)...done!
Finding genes in sequence #4606 (3643 bp)...done!
Finding genes in sequence #4607 (2992 bp)...done!
Finding genes in sequence #4608 (3786 bp)...done!
Finding genes in sequence #4609 (1564 bp)...done!
Finding genes in sequence #4610 (5638 bp)...done!
Finding genes in sequence #4611 (3158 bp)...done!
Finding genes in sequence #4612 (2782 bp)...done!
Finding genes in sequence #4613 (24329 bp)...done!
Finding genes in sequence #4614 (1709 bp)...done!
Finding genes in sequence #4615 (3974 bp)...done!
Finding genes in sequence #4616 (1698 bp)...done!
Finding genes in sequence #4617 (3818 bp)...done!
Finding genes in sequence #4618 (16436 bp)...done!
Finding genes in sequence #4619 (3218 bp)...done!
Finding genes in sequence #4620 (3885 bp)...done!
Finding genes in sequence #4621 (1987 bp)...done!
Finding genes in sequence #4622 (1862 bp)...done!
Finding genes in sequence #4623 (3788 bp)...done!
Finding genes in sequence #4624 (1711 bp)...done!
Finding genes in sequence #4625 (2055 bp)...done!
Finding genes in sequence #4626 (3271 bp)...done!
Finding genes in sequence #4627 (2210 bp)...done!
Finding genes in sequence #4628 (2228 bp)...done!
Finding genes in sequence #4629 (6134 bp)...done!
Finding genes in sequence #4630 (1736 bp)...done!
Finding genes in sequence #4631 (8302 bp)...done!
Finding genes in sequence #4632 (1929 bp)...done!
Finding genes in sequence #4633 (5742 bp)...done!
Finding genes in sequence #4634 (1753 bp)...done!
Finding genes in sequence #4635 (1802 bp)...done!
Finding genes in sequence #4636 (1867 bp)...done!
Finding genes in sequence #4637 (46648 bp)...done!
Finding genes in sequence #4638 (5686 bp)...done!
Finding genes in sequence #4639 (1798 bp)...done!
Finding genes in sequence #4640 (2648 bp)...done!
Finding genes in sequence #4641 (1908 bp)...done!
Finding genes in sequence #4642 (1603 bp)...done!
Finding genes in sequence #4643 (1584 bp)...done!
Finding genes in sequence #4644 (7803 bp)...done!
Finding genes in sequence #4645 (5140 bp)...done!
Finding genes in sequence #4646 (2564 bp)...done!
Finding genes in sequence #4647 (16637 bp)...done!
Finding genes in sequence #4648 (1764 bp)...done!
Finding genes in sequence #4649 (2276 bp)...done!
Finding genes in sequence #4650 (15928 bp)...done!
Finding genes in sequence #4651 (27959 bp)...done!
Finding genes in sequence #4652 (1735 bp)...done!
Finding genes in sequence #4653 (1530 bp)...done!
Finding genes in sequence #4654 (5194 bp)...done!
Finding genes in sequence #4655 (1514 bp)...done!
Finding genes in sequence #4656 (1506 bp)...done!
Finding genes in sequence #4657 (2022 bp)...done!
Finding genes in sequence #4658 (1568 bp)...done!
Finding genes in sequence #4659 (1755 bp)...done!
Finding genes in sequence #4660 (2799 bp)...done!
Finding genes in sequence #4661 (1819 bp)...done!
Finding genes in sequence #4662 (2543 bp)...done!
Finding genes in sequence #4663 (1646 bp)...done!
Finding genes in sequence #4664 (2129 bp)...done!
Finding genes in sequence #4665 (4097 bp)...done!
Finding genes in sequence #4666 (3695 bp)...done!
Finding genes in sequence #4667 (2316 bp)...done!
Finding genes in sequence #4668 (56240 bp)...done!
Finding genes in sequence #4669 (1642 bp)...done!
Finding genes in sequence #4670 (3727 bp)...done!
Finding genes in sequence #4671 (3623 bp)...done!
Finding genes in sequence #4672 (1549 bp)...done!
Finding genes in sequence #4673 (5980 bp)...done!
Finding genes in sequence #4674 (1671 bp)...done!
Finding genes in sequence #4675 (2359 bp)...done!
Finding genes in sequence #4676 (4089 bp)...done!
Finding genes in sequence #4677 (4075 bp)...done!
Finding genes in sequence #4678 (2276 bp)...done!
Finding genes in sequence #4679 (4960 bp)...done!
Finding genes in sequence #4680 (3266 bp)...done!
Finding genes in sequence #4681 (27621 bp)...done!
Finding genes in sequence #4682 (6980 bp)...done!
Finding genes in sequence #4683 (3036 bp)...done!
Finding genes in sequence #4684 (3225 bp)...done!
Finding genes in sequence #4685 (10282 bp)...done!
Finding genes in sequence #4686 (1545 bp)...done!
Finding genes in sequence #4687 (2021 bp)...done!
Finding genes in sequence #4688 (1578 bp)...done!
Finding genes in sequence #4689 (3607 bp)...done!
Finding genes in sequence #4690 (24727 bp)...done!
Finding genes in sequence #4691 (18698 bp)...done!
Finding genes in sequence #4692 (2792 bp)...done!
Finding genes in sequence #4693 (1825 bp)...done!
Finding genes in sequence #4694 (1775 bp)...done!
Finding genes in sequence #4695 (1539 bp)...done!
Finding genes in sequence #4696 (13721 bp)...done!
Finding genes in sequence #4697 (2757 bp)...done!
Finding genes in sequence #4698 (2309 bp)...done!
Finding genes in sequence #4699 (11932 bp)...done!
Finding genes in sequence #4700 (1670 bp)...done!
Finding genes in sequence #4701 (37824 bp)...done!
Finding genes in sequence #4702 (6085 bp)...done!
Finding genes in sequence #4703 (1679 bp)...done!
Finding genes in sequence #4704 (1828 bp)...done!
Finding genes in sequence #4705 (1936 bp)...done!
Finding genes in sequence #4706 (1556 bp)...done!
Finding genes in sequence #4707 (11111 bp)...done!
Finding genes in sequence #4708 (2581 bp)...done!
Finding genes in sequence #4709 (9334 bp)...done!
Finding genes in sequence #4710 (1524 bp)...done!
Finding genes in sequence #4711 (8177 bp)...done!
Finding genes in sequence #4712 (2153 bp)...done!
Finding genes in sequence #4713 (10394 bp)...done!
Finding genes in sequence #4714 (41813 bp)...done!
Finding genes in sequence #4715 (1953 bp)...done!
Finding genes in sequence #4716 (10219 bp)...done!
Finding genes in sequence #4717 (27752 bp)...done!
Finding genes in sequence #4718 (2354 bp)...done!
Finding genes in sequence #4719 (1752 bp)...done!
Finding genes in sequence #4720 (11903 bp)...done!
Finding genes in sequence #4721 (2462 bp)...done!
Finding genes in sequence #4722 (2236 bp)...done!
Finding genes in sequence #4723 (8558 bp)...done!
Finding genes in sequence #4724 (5601 bp)...done!
Finding genes in sequence #4725 (3189 bp)...done!
Finding genes in sequence #4726 (14093 bp)...done!
Finding genes in sequence #4727 (2321 bp)...done!
Finding genes in sequence #4728 (1543 bp)...done!
Finding genes in sequence #4729 (1554 bp)...done!
Finding genes in sequence #4730 (1718 bp)...done!
Finding genes in sequence #4731 (2087 bp)...done!
Finding genes in sequence #4732 (2518 bp)...done!
Finding genes in sequence #4733 (7572 bp)...done!
Finding genes in sequence #4734 (5596 bp)...done!
Finding genes in sequence #4735 (1758 bp)...done!
Finding genes in sequence #4736 (1534 bp)...done!
Finding genes in sequence #4737 (65627 bp)...done!
Finding genes in sequence #4738 (15268 bp)...done!
Finding genes in sequence #4739 (4015 bp)...done!
Finding genes in sequence #4740 (5514 bp)...done!
Finding genes in sequence #4741 (2074 bp)...done!
Finding genes in sequence #4742 (1884 bp)...done!
Finding genes in sequence #4743 (1588 bp)...done!
Finding genes in sequence #4744 (2051 bp)...done!
Finding genes in sequence #4745 (5137 bp)...done!
Finding genes in sequence #4746 (1607 bp)...done!
Finding genes in sequence #4747 (1557 bp)...done!
Finding genes in sequence #4748 (4367 bp)...done!
Finding genes in sequence #4749 (2314 bp)...done!
Finding genes in sequence #4750 (21505 bp)...done!
Finding genes in sequence #4751 (2448 bp)...done!
Finding genes in sequence #4752 (2961 bp)...done!
Finding genes in sequence #4753 (4933 bp)...done!
Finding genes in sequence #4754 (38082 bp)...done!
Finding genes in sequence #4755 (3326 bp)...done!
Finding genes in sequence #4756 (1643 bp)...done!
Finding genes in sequence #4757 (1501 bp)...done!
Finding genes in sequence #4758 (3775 bp)...done!
Finding genes in sequence #4759 (44186 bp)...done!
Finding genes in sequence #4760 (6130 bp)...done!
Finding genes in sequence #4761 (1920 bp)...done!
Finding genes in sequence #4762 (9904 bp)...done!
Finding genes in sequence #4763 (1789 bp)...done!
Finding genes in sequence #4764 (1699 bp)...done!
Finding genes in sequence #4765 (5731 bp)...done!
Finding genes in sequence #4766 (2356 bp)...done!
Finding genes in sequence #4767 (3797 bp)...done!
Finding genes in sequence #4768 (2499 bp)...done!
Finding genes in sequence #4769 (1731 bp)...done!
Finding genes in sequence #4770 (2671 bp)...done!
Finding genes in sequence #4771 (3141 bp)...done!
Finding genes in sequence #4772 (49229 bp)...done!
Finding genes in sequence #4773 (3551 bp)...done!
Finding genes in sequence #4774 (3076 bp)...done!
Finding genes in sequence #4775 (1869 bp)...done!
Finding genes in sequence #4776 (34422 bp)...done!
Finding genes in sequence #4777 (3296 bp)...done!
Finding genes in sequence #4778 (2302 bp)...done!
Finding genes in sequence #4779 (1822 bp)...done!
Finding genes in sequence #4780 (7444 bp)...done!
Finding genes in sequence #4781 (3704 bp)...done!
Finding genes in sequence #4782 (3345 bp)...done!
Finding genes in sequence #4783 (2176 bp)...done!
Finding genes in sequence #4784 (2667 bp)...done!
Finding genes in sequence #4785 (2772 bp)...done!
Finding genes in sequence #4786 (1631 bp)...done!
Finding genes in sequence #4787 (2007 bp)...done!
Finding genes in sequence #4788 (12580 bp)...done!
Finding genes in sequence #4789 (8094 bp)...done!
Finding genes in sequence #4790 (1626 bp)...done!
Finding genes in sequence #4791 (1751 bp)...done!
Finding genes in sequence #4792 (6974 bp)...done!
Finding genes in sequence #4793 (2734 bp)...done!
Finding genes in sequence #4794 (1549 bp)...done!
Finding genes in sequence #4795 (50520 bp)...done!
Finding genes in sequence #4796 (1909 bp)...done!
Finding genes in sequence #4797 (5194 bp)...done!
Finding genes in sequence #4798 (8102 bp)...done!
Finding genes in sequence #4799 (3075 bp)...done!
Finding genes in sequence #4800 (4870 bp)...done!
Finding genes in sequence #4801 (1626 bp)...done!
Finding genes in sequence #4802 (4311 bp)...done!
Finding genes in sequence #4803 (2874 bp)...done!
Finding genes in sequence #4804 (1860 bp)...done!
Finding genes in sequence #4805 (10832 bp)...done!
Finding genes in sequence #4806 (9671 bp)...done!
Finding genes in sequence #4807 (10156 bp)...done!
Finding genes in sequence #4808 (1998 bp)...done!
Finding genes in sequence #4809 (3020 bp)...done!
Finding genes in sequence #4810 (1552 bp)...done!
Finding genes in sequence #4811 (55413 bp)...done!
Finding genes in sequence #4812 (1768 bp)...done!
Finding genes in sequence #4813 (2899 bp)...done!
Finding genes in sequence #4814 (3364 bp)...done!
Finding genes in sequence #4815 (5920 bp)...done!
Finding genes in sequence #4816 (2704 bp)...done!
Finding genes in sequence #4817 (1589 bp)...done!
Finding genes in sequence #4818 (1622 bp)...done!
Finding genes in sequence #4819 (7393 bp)...done!
Finding genes in sequence #4820 (3017 bp)...done!
Finding genes in sequence #4821 (2030 bp)...done!
Finding genes in sequence #4822 (2053 bp)...done!
Finding genes in sequence #4823 (2449 bp)...done!
Finding genes in sequence #4824 (1770 bp)...done!
Finding genes in sequence #4825 (2463 bp)...done!
Finding genes in sequence #4826 (1894 bp)...done!
Finding genes in sequence #4827 (10931 bp)...done!
Finding genes in sequence #4828 (1714 bp)...done!
Finding genes in sequence #4829 (5841 bp)...done!
Finding genes in sequence #4830 (4003 bp)...done!
Finding genes in sequence #4831 (2831 bp)...done!
Finding genes in sequence #4832 (5318 bp)...done!
Finding genes in sequence #4833 (7690 bp)...done!
Finding genes in sequence #4834 (50724 bp)...done!
Finding genes in sequence #4835 (1757 bp)...done!
Finding genes in sequence #4836 (2152 bp)...done!
Finding genes in sequence #4837 (27666 bp)...done!
Finding genes in sequence #4838 (2748 bp)...done!
Finding genes in sequence #4839 (2844 bp)...done!
Finding genes in sequence #4840 (1663 bp)...done!
Finding genes in sequence #4841 (4375 bp)...done!
Finding genes in sequence #4842 (3378 bp)...done!
Finding genes in sequence #4843 (1507 bp)...done!
Finding genes in sequence #4844 (1515 bp)...done!
Finding genes in sequence #4845 (2513 bp)...done!
Finding genes in sequence #4846 (1839 bp)...done!
Finding genes in sequence #4847 (2027 bp)...done!
Finding genes in sequence #4848 (5801 bp)...done!
Finding genes in sequence #4849 (1592 bp)...done!
Finding genes in sequence #4850 (3120 bp)...done!
Finding genes in sequence #4851 (3471 bp)...done!
Finding genes in sequence #4852 (4380 bp)...done!
Finding genes in sequence #4853 (23328 bp)...done!
Finding genes in sequence #4854 (9566 bp)...done!
Finding genes in sequence #4855 (1866 bp)...done!
Finding genes in sequence #4856 (2260 bp)...done!
Finding genes in sequence #4857 (1741 bp)...done!
Finding genes in sequence #4858 (1616 bp)...done!
Finding genes in sequence #4859 (1918 bp)...done!
Finding genes in sequence #4860 (2218 bp)...done!
Finding genes in sequence #4861 (8081 bp)...done!
Finding genes in sequence #4862 (1648 bp)...done!
Finding genes in sequence #4863 (22916 bp)...done!
Finding genes in sequence #4864 (2303 bp)...done!
Finding genes in sequence #4865 (1920 bp)...done!
Finding genes in sequence #4866 (2425 bp)...done!
Finding genes in sequence #4867 (6765 bp)...done!
Finding genes in sequence #4868 (2303 bp)...done!
Finding genes in sequence #4869 (1991 bp)...done!
Finding genes in sequence #4870 (1524 bp)...done!
Finding genes in sequence #4871 (1609 bp)...done!
Finding genes in sequence #4872 (17704 bp)...done!
Finding genes in sequence #4873 (1819 bp)...done!
Finding genes in sequence #4874 (36282 bp)...done!
Finding genes in sequence #4875 (1632 bp)...done!
Finding genes in sequence #4876 (3305 bp)...done!
Finding genes in sequence #4877 (2261 bp)...done!
Finding genes in sequence #4878 (2160 bp)...done!
Finding genes in sequence #4879 (1976 bp)...done!
Finding genes in sequence #4880 (1738 bp)...done!
Finding genes in sequence #4881 (2080 bp)...done!
Finding genes in sequence #4882 (3302 bp)...done!
Finding genes in sequence #4883 (6767 bp)...done!
Finding genes in sequence #4884 (1567 bp)...done!
Finding genes in sequence #4885 (32276 bp)...done!
Finding genes in sequence #4886 (19153 bp)...done!
Finding genes in sequence #4887 (3558 bp)...done!
Finding genes in sequence #4888 (1835 bp)...done!
Finding genes in sequence #4889 (1865 bp)...done!
Finding genes in sequence #4890 (4811 bp)...done!
Finding genes in sequence #4891 (2948 bp)...done!
Finding genes in sequence #4892 (4805 bp)...done!
Finding genes in sequence #4893 (1941 bp)...done!
Finding genes in sequence #4894 (2005 bp)...done!
Finding genes in sequence #4895 (1613 bp)...done!
Finding genes in sequence #4896 (1648 bp)...done!
Finding genes in sequence #4897 (6655 bp)...done!
Finding genes in sequence #4898 (2659 bp)...done!
Finding genes in sequence #4899 (1714 bp)...done!
Finding genes in sequence #4900 (1787 bp)...done!
Finding genes in sequence #4901 (5188 bp)...done!
Finding genes in sequence #4902 (2238 bp)...done!
Finding genes in sequence #4903 (58647 bp)...done!
Finding genes in sequence #4904 (1796 bp)...done!
Finding genes in sequence #4905 (2257 bp)...done!
Finding genes in sequence #4906 (3168 bp)...done!
Finding genes in sequence #4907 (2445 bp)...done!
Finding genes in sequence #4908 (5251 bp)...done!
Finding genes in sequence #4909 (7407 bp)...done!
Finding genes in sequence #4910 (1519 bp)...done!
Finding genes in sequence #4911 (2647 bp)...done!
Finding genes in sequence #4912 (4194 bp)...done!
Finding genes in sequence #4913 (8314 bp)...done!
Finding genes in sequence #4914 (2514 bp)...done!
Finding genes in sequence #4915 (17004 bp)...done!
Finding genes in sequence #4916 (4298 bp)...done!
Finding genes in sequence #4917 (3338 bp)...done!
Finding genes in sequence #4918 (2799 bp)...done!
Finding genes in sequence #4919 (1538 bp)...done!
Finding genes in sequence #4920 (2443 bp)...done!
Finding genes in sequence #4921 (6235 bp)...done!
Finding genes in sequence #4922 (1696 bp)...done!
Finding genes in sequence #4923 (2249 bp)...done!
Finding genes in sequence #4924 (1509 bp)...done!
Finding genes in sequence #4925 (2240 bp)...done!
Finding genes in sequence #4926 (1677 bp)...done!
Finding genes in sequence #4927 (3382 bp)...done!
Finding genes in sequence #4928 (1673 bp)...done!
Finding genes in sequence #4929 (17972 bp)...done!
Finding genes in sequence #4930 (30351 bp)...done!
Finding genes in sequence #4931 (1699 bp)...done!
Finding genes in sequence #4932 (2411 bp)...done!
Finding genes in sequence #4933 (1571 bp)...done!
Finding genes in sequence #4934 (2870 bp)...done!
Finding genes in sequence #4935 (5703 bp)...done!
Finding genes in sequence #4936 (7610 bp)...done!
Finding genes in sequence #4937 (18212 bp)...done!
Finding genes in sequence #4938 (1616 bp)...done!
Finding genes in sequence #4939 (3990 bp)...done!
Finding genes in sequence #4940 (1521 bp)...done!
Finding genes in sequence #4941 (2600 bp)...done!
Finding genes in sequence #4942 (2826 bp)...done!
Finding genes in sequence #4943 (1789 bp)...done!
Finding genes in sequence #4944 (1940 bp)...done!
Finding genes in sequence #4945 (4374 bp)...done!
Finding genes in sequence #4946 (1746 bp)...done!
Finding genes in sequence #4947 (1622 bp)...done!
Finding genes in sequence #4948 (1527 bp)...done!
Finding genes in sequence #4949 (2876 bp)...done!
Finding genes in sequence #4950 (57329 bp)...done!
Finding genes in sequence #4951 (1509 bp)...done!
Finding genes in sequence #4952 (1654 bp)...done!
Finding genes in sequence #4953 (1601 bp)...done!
Finding genes in sequence #4954 (1508 bp)...done!
Finding genes in sequence #4955 (3910 bp)...done!
Finding genes in sequence #4956 (6940 bp)...done!
Finding genes in sequence #4957 (1764 bp)...done!
Finding genes in sequence #4958 (2179 bp)...done!
Finding genes in sequence #4959 (2989 bp)...done!
Finding genes in sequence #4960 (2564 bp)...done!
Finding genes in sequence #4961 (2693 bp)...done!
Finding genes in sequence #4962 (5650 bp)...done!
Finding genes in sequence #4963 (1618 bp)...done!
Finding genes in sequence #4964 (1742 bp)...done!
Finding genes in sequence #4965 (1545 bp)...done!
Finding genes in sequence #4966 (1886 bp)...done!
Finding genes in sequence #4967 (19406 bp)...done!
Finding genes in sequence #4968 (4218 bp)...done!
Finding genes in sequence #4969 (11989 bp)...done!
Finding genes in sequence #4970 (2062 bp)...done!
Finding genes in sequence #4971 (2366 bp)...done!
Finding genes in sequence #4972 (1624 bp)...done!
Finding genes in sequence #4973 (1614 bp)...done!
Finding genes in sequence #4974 (1676 bp)...done!
Finding genes in sequence #4975 (2156 bp)...done!
Finding genes in sequence #4976 (2334 bp)...done!
Finding genes in sequence #4977 (2123 bp)...done!
Finding genes in sequence #4978 (2137 bp)...done!
Finding genes in sequence #4979 (3537 bp)...done!
Finding genes in sequence #4980 (5107 bp)...done!
Finding genes in sequence #4981 (1703 bp)...done!
Finding genes in sequence #4982 (8127 bp)...done!
Finding genes in sequence #4983 (2512 bp)...done!
Finding genes in sequence #4984 (2230 bp)...done!
Finding genes in sequence #4985 (6264 bp)...done!
Finding genes in sequence #4986 (1827 bp)...done!
Finding genes in sequence #4987 (4069 bp)...done!
Finding genes in sequence #4988 (4748 bp)...done!
Finding genes in sequence #4989 (6338 bp)...done!
Finding genes in sequence #4990 (1556 bp)...done!
Finding genes in sequence #4991 (6151 bp)...done!
Finding genes in sequence #4992 (4242 bp)...done!
Finding genes in sequence #4993 (5467 bp)...done!
Finding genes in sequence #4994 (2337 bp)...done!
Finding genes in sequence #4995 (1684 bp)...done!
Finding genes in sequence #4996 (2313 bp)...done!
Finding genes in sequence #4997 (4136 bp)...done!
Finding genes in sequence #4998 (43518 bp)...done!
Finding genes in sequence #4999 (2374 bp)...done!
Finding genes in sequence #5000 (13952 bp)...done!
Finding genes in sequence #5001 (2347 bp)...done!
Finding genes in sequence #5002 (17681 bp)...done!
Finding genes in sequence #5003 (3252 bp)...done!
Finding genes in sequence #5004 (2065 bp)...done!
Finding genes in sequence #5005 (1577 bp)...done!
Finding genes in sequence #5006 (1507 bp)...done!
Finding genes in sequence #5007 (1967 bp)...done!
Finding genes in sequence #5008 (3274 bp)...done!
Finding genes in sequence #5009 (1513 bp)...done!
Finding genes in sequence #5010 (1967 bp)...done!
Finding genes in sequence #5011 (4774 bp)...done!
Finding genes in sequence #5012 (2850 bp)...done!
Finding genes in sequence #5013 (1615 bp)...done!
Finding genes in sequence #5014 (1919 bp)...done!
Finding genes in sequence #5015 (114468 bp)...done!
Finding genes in sequence #5016 (25752 bp)...done!
Finding genes in sequence #5017 (4805 bp)...done!
Finding genes in sequence #5018 (2126 bp)...done!
Finding genes in sequence #5019 (3701 bp)...done!
Finding genes in sequence #5020 (1580 bp)...done!
Finding genes in sequence #5021 (2223 bp)...done!
Finding genes in sequence #5022 (2955 bp)...done!
Finding genes in sequence #5023 (3659 bp)...done!
Finding genes in sequence #5024 (4175 bp)...done!
Finding genes in sequence #5025 (3843 bp)...done!
Finding genes in sequence #5026 (1974 bp)...done!
Finding genes in sequence #5027 (5628 bp)...done!
Finding genes in sequence #5028 (4207 bp)...done!
Finding genes in sequence #5029 (1725 bp)...done!
Finding genes in sequence #5030 (2155 bp)...done!
Finding genes in sequence #5031 (1504 bp)...done!
Finding genes in sequence #5032 (8444 bp)...done!
Finding genes in sequence #5033 (7524 bp)...done!
Finding genes in sequence #5034 (1840 bp)...done!
Finding genes in sequence #5035 (1633 bp)...done!
Finding genes in sequence #5036 (3672 bp)...done!
Finding genes in sequence #5037 (3107 bp)...done!
Finding genes in sequence #5038 (1818 bp)...done!
Finding genes in sequence #5039 (1617 bp)...done!
Finding genes in sequence #5040 (1603 bp)...done!
Finding genes in sequence #5041 (1558 bp)...done!
Finding genes in sequence #5042 (1846 bp)...done!
Finding genes in sequence #5043 (2239 bp)...done!
Finding genes in sequence #5044 (7525 bp)...done!
Finding genes in sequence #5045 (1914 bp)...done!
Finding genes in sequence #5046 (1694 bp)...done!
Finding genes in sequence #5047 (2266 bp)...done!
Finding genes in sequence #5048 (1702 bp)...done!
Finding genes in sequence #5049 (2588 bp)...done!
Finding genes in sequence #5050 (13005 bp)...done!
Finding genes in sequence #5051 (2435 bp)...done!
Finding genes in sequence #5052 (2772 bp)...done!
Finding genes in sequence #5053 (1532 bp)...done!
Finding genes in sequence #5054 (11891 bp)...done!
Finding genes in sequence #5055 (8791 bp)...done!
Finding genes in sequence #5056 (2474 bp)...done!
Finding genes in sequence #5057 (20718 bp)...done!
Finding genes in sequence #5058 (11262 bp)...done!
Finding genes in sequence #5059 (6418 bp)...done!
Finding genes in sequence #5060 (1561 bp)...done!
Finding genes in sequence #5061 (3999 bp)...done!
Finding genes in sequence #5062 (3461 bp)...done!
Finding genes in sequence #5063 (4456 bp)...done!
Finding genes in sequence #5064 (1712 bp)...done!
Finding genes in sequence #5065 (1593 bp)...done!
Finding genes in sequence #5066 (4767 bp)...done!
Finding genes in sequence #5067 (5329 bp)...done!
Finding genes in sequence #5068 (1515 bp)...done!
Finding genes in sequence #5069 (1787 bp)...done!
Finding genes in sequence #5070 (3377 bp)...done!
Finding genes in sequence #5071 (1880 bp)...done!
Finding genes in sequence #5072 (3595 bp)...done!
Finding genes in sequence #5073 (5072 bp)...done!
Finding genes in sequence #5074 (3939 bp)...done!
Finding genes in sequence #5075 (2308 bp)...done!
Finding genes in sequence #5076 (1614 bp)...done!
Finding genes in sequence #5077 (5339 bp)...done!
Finding genes in sequence #5078 (21425 bp)...done!
Finding genes in sequence #5079 (10555 bp)...done!
Finding genes in sequence #5080 (2375 bp)...done!
Finding genes in sequence #5081 (1538 bp)...done!
Finding genes in sequence #5082 (4717 bp)...done!
Finding genes in sequence #5083 (1976 bp)...done!
Finding genes in sequence #5084 (2080 bp)...done!
Finding genes in sequence #5085 (11762 bp)...done!
Finding genes in sequence #5086 (2403 bp)...done!
Finding genes in sequence #5087 (6719 bp)...done!
Finding genes in sequence #5088 (2123 bp)...done!
Finding genes in sequence #5089 (1967 bp)...done!
Finding genes in sequence #5090 (1750 bp)...done!
Finding genes in sequence #5091 (1828 bp)...done!
Finding genes in sequence #5092 (4572 bp)...done!
Finding genes in sequence #5093 (1955 bp)...done!
Finding genes in sequence #5094 (2285 bp)...done!
Finding genes in sequence #5095 (3807 bp)...done!
Finding genes in sequence #5096 (2005 bp)...done!
Finding genes in sequence #5097 (1764 bp)...done!
Finding genes in sequence #5098 (2035 bp)...done!
Finding genes in sequence #5099 (6235 bp)...done!
Finding genes in sequence #5100 (1592 bp)...done!
Finding genes in sequence #5101 (2470 bp)...done!
Finding genes in sequence #5102 (2493 bp)...done!
Finding genes in sequence #5103 (17143 bp)...done!
Finding genes in sequence #5104 (1960 bp)...done!
Finding genes in sequence #5105 (2486 bp)...done!
Finding genes in sequence #5106 (2307 bp)...done!
Finding genes in sequence #5107 (3457 bp)...done!
Finding genes in sequence #5108 (1648 bp)...done!
Finding genes in sequence #5109 (2389 bp)...done!
Finding genes in sequence #5110 (2728 bp)...done!
Finding genes in sequence #5111 (443866 bp)...done!
Finding genes in sequence #5112 (2082 bp)...done!
Finding genes in sequence #5113 (1638 bp)...done!
Finding genes in sequence #5114 (6601 bp)...done!
Finding genes in sequence #5115 (7302 bp)...done!
Finding genes in sequence #5116 (2144 bp)...done!
Finding genes in sequence #5117 (1954 bp)...done!
Finding genes in sequence #5118 (1786 bp)...done!
Finding genes in sequence #5119 (3717 bp)...done!
Finding genes in sequence #5120 (4244 bp)...done!
Finding genes in sequence #5121 (2982 bp)...done!
Finding genes in sequence #5122 (1667 bp)...done!
Finding genes in sequence #5123 (1796 bp)...done!
Finding genes in sequence #5124 (7916 bp)...done!
Finding genes in sequence #5125 (21906 bp)...done!
Finding genes in sequence #5126 (3245 bp)...done!
Finding genes in sequence #5127 (1748 bp)...done!
Finding genes in sequence #5128 (7073 bp)...done!
Finding genes in sequence #5129 (1598 bp)...done!
Finding genes in sequence #5130 (1820 bp)...done!
Finding genes in sequence #5131 (2485 bp)...done!
Finding genes in sequence #5132 (3022 bp)...done!
Finding genes in sequence #5133 (1602 bp)...done!
Finding genes in sequence #5134 (1647 bp)...done!
Finding genes in sequence #5135 (1808 bp)...done!
Finding genes in sequence #5136 (1995 bp)...done!
Finding genes in sequence #5137 (5219 bp)...done!
Finding genes in sequence #5138 (1633 bp)...done!
Finding genes in sequence #5139 (1837 bp)...done!
Finding genes in sequence #5140 (2772 bp)...done!
Finding genes in sequence #5141 (1668 bp)...done!
Finding genes in sequence #5142 (9050 bp)...done!
Finding genes in sequence #5143 (2167 bp)...done!
Finding genes in sequence #5144 (2732 bp)...done!
Finding genes in sequence #5145 (1923 bp)...done!
Finding genes in sequence #5146 (2193 bp)...done!
Finding genes in sequence #5147 (3917 bp)...done!
Finding genes in sequence #5148 (49681 bp)...done!
Finding genes in sequence #5149 (24176 bp)...done!
Finding genes in sequence #5150 (1601 bp)...done!
Finding genes in sequence #5151 (1846 bp)...done!
Finding genes in sequence #5152 (6357 bp)...done!
Finding genes in sequence #5153 (2910 bp)...done!
Finding genes in sequence #5154 (2698 bp)...done!
Finding genes in sequence #5155 (1845 bp)...done!
Finding genes in sequence #5156 (2182 bp)...done!
Finding genes in sequence #5157 (2491 bp)...done!
Finding genes in sequence #5158 (4062 bp)...done!
Finding genes in sequence #5159 (7657 bp)...done!
Finding genes in sequence #5160 (2387 bp)...done!
Finding genes in sequence #5161 (1582 bp)...done!
Finding genes in sequence #5162 (1786 bp)...done!
Finding genes in sequence #5163 (1861 bp)...done!
Finding genes in sequence #5164 (17583 bp)...done!
Finding genes in sequence #5165 (4878 bp)...done!
Finding genes in sequence #5166 (2871 bp)...done!
Finding genes in sequence #5167 (2985 bp)...done!
Finding genes in sequence #5168 (4863 bp)...done!
Finding genes in sequence #5169 (1503 bp)...done!
Finding genes in sequence #5170 (3388 bp)...done!
Finding genes in sequence #5171 (1815 bp)...done!
Finding genes in sequence #5172 (1597 bp)...done!
Finding genes in sequence #5173 (1731 bp)...done!
Finding genes in sequence #5174 (1650 bp)...done!
Finding genes in sequence #5175 (1855 bp)...done!
Finding genes in sequence #5176 (1815 bp)...done!
Finding genes in sequence #5177 (2462 bp)...done!
Finding genes in sequence #5178 (1855 bp)...done!
Finding genes in sequence #5179 (3125 bp)...done!
Finding genes in sequence #5180 (6347 bp)...done!
Finding genes in sequence #5181 (20482 bp)...done!
Finding genes in sequence #5182 (7789 bp)...done!
Finding genes in sequence #5183 (1511 bp)...done!
Finding genes in sequence #5184 (1902 bp)...done!
Finding genes in sequence #5185 (21976 bp)...done!
Finding genes in sequence #5186 (1719 bp)...done!
Finding genes in sequence #5187 (4006 bp)...done!
Finding genes in sequence #5188 (2928 bp)...done!
Finding genes in sequence #5189 (2320 bp)...done!
Finding genes in sequence #5190 (2850 bp)...done!
Finding genes in sequence #5191 (2373 bp)...done!
Finding genes in sequence #5192 (3678 bp)...done!
Finding genes in sequence #5193 (3287 bp)...done!
Finding genes in sequence #5194 (1586 bp)...done!
Finding genes in sequence #5195 (1823 bp)...done!
Finding genes in sequence #5196 (3500 bp)...done!
Finding genes in sequence #5197 (1756 bp)...done!
Finding genes in sequence #5198 (2220 bp)...done!
Finding genes in sequence #5199 (2390 bp)...done!
Finding genes in sequence #5200 (8522 bp)...done!
Finding genes in sequence #5201 (3681 bp)...done!
Finding genes in sequence #5202 (5640 bp)...done!
Finding genes in sequence #5203 (5239 bp)...done!
Finding genes in sequence #5204 (1721 bp)...done!
Finding genes in sequence #5205 (3483 bp)...done!
Finding genes in sequence #5206 (3243 bp)...done!
Finding genes in sequence #5207 (1779 bp)...done!
Finding genes in sequence #5208 (14515 bp)...done!
Finding genes in sequence #5209 (3743 bp)...done!
Finding genes in sequence #5210 (1748 bp)...done!
Finding genes in sequence #5211 (3517 bp)...done!
Finding genes in sequence #5212 (1533 bp)...done!
Finding genes in sequence #5213 (4534 bp)...done!
Finding genes in sequence #5214 (20068 bp)...done!
Finding genes in sequence #5215 (3680 bp)...done!
Finding genes in sequence #5216 (28942 bp)...done!
Finding genes in sequence #5217 (1522 bp)...done!
Finding genes in sequence #5218 (46534 bp)...done!
Finding genes in sequence #5219 (2707 bp)...done!
Finding genes in sequence #5220 (2876 bp)...done!
Finding genes in sequence #5221 (10079 bp)...done!
Finding genes in sequence #5222 (3043 bp)...done!
Finding genes in sequence #5223 (2095 bp)...done!
Finding genes in sequence #5224 (3336 bp)...done!
Finding genes in sequence #5225 (3767 bp)...done!
Finding genes in sequence #5226 (4133 bp)...done!
Finding genes in sequence #5227 (1572 bp)...done!
Finding genes in sequence #5228 (2282 bp)...done!
Finding genes in sequence #5229 (1651 bp)...done!
Finding genes in sequence #5230 (1558 bp)...done!
Finding genes in sequence #5231 (1923 bp)...done!
Finding genes in sequence #5232 (2044 bp)...done!
Finding genes in sequence #5233 (1559 bp)...done!
Finding genes in sequence #5234 (2052 bp)...done!
Finding genes in sequence #5235 (1908 bp)...done!
Finding genes in sequence #5236 (2255 bp)...done!
Finding genes in sequence #5237 (1538 bp)...done!
Finding genes in sequence #5238 (5438 bp)...done!
Finding genes in sequence #5239 (1926 bp)...done!
Finding genes in sequence #5240 (7584 bp)...done!
Finding genes in sequence #5241 (2216 bp)...done!
Finding genes in sequence #5242 (1898 bp)...done!
Finding genes in sequence #5243 (2869 bp)...done!
Finding genes in sequence #5244 (2111 bp)...done!
Finding genes in sequence #5245 (8040 bp)...done!
Finding genes in sequence #5246 (1561 bp)...done!
Finding genes in sequence #5247 (2356 bp)...done!
Finding genes in sequence #5248 (7866 bp)...done!
Finding genes in sequence #5249 (2887 bp)...done!
Finding genes in sequence #5250 (1834 bp)...done!
Finding genes in sequence #5251 (7396 bp)...done!
Finding genes in sequence #5252 (2912 bp)...done!
Finding genes in sequence #5253 (1862 bp)...done!
Finding genes in sequence #5254 (127277 bp)...done!
Finding genes in sequence #5255 (1565 bp)...done!
Finding genes in sequence #5256 (1874 bp)...done!
Finding genes in sequence #5257 (2797 bp)...done!
Finding genes in sequence #5258 (2644 bp)...done!
Finding genes in sequence #5259 (3236 bp)...done!
Finding genes in sequence #5260 (3003 bp)...done!
Finding genes in sequence #5261 (17761 bp)...done!
Finding genes in sequence #5262 (2713 bp)...done!
Finding genes in sequence #5263 (1850 bp)...done!
Finding genes in sequence #5264 (3462 bp)...done!
Finding genes in sequence #5265 (1509 bp)...done!
Finding genes in sequence #5266 (2348 bp)...done!
Finding genes in sequence #5267 (4010 bp)...done!
Finding genes in sequence #5268 (2602 bp)...done!
Finding genes in sequence #5269 (1578 bp)...done!
Finding genes in sequence #5270 (1530 bp)...done!
Finding genes in sequence #5271 (79564 bp)...done!
Finding genes in sequence #5272 (16815 bp)...done!
Finding genes in sequence #5273 (15332 bp)...done!
Finding genes in sequence #5274 (3209 bp)...done!
Finding genes in sequence #5275 (2268 bp)...done!
Finding genes in sequence #5276 (2508 bp)...done!
Finding genes in sequence #5277 (2511 bp)...done!
Finding genes in sequence #5278 (4988 bp)...done!
Finding genes in sequence #5279 (1860 bp)...done!
Finding genes in sequence #5280 (2269 bp)...done!
Finding genes in sequence #5281 (14769 bp)...done!
Finding genes in sequence #5282 (2375 bp)...done!
Finding genes in sequence #5283 (2563 bp)...done!
Finding genes in sequence #5284 (1638 bp)...done!
Finding genes in sequence #5285 (1609 bp)...done!
Finding genes in sequence #5286 (70408 bp)...done!
Finding genes in sequence #5287 (2178 bp)...done!
Finding genes in sequence #5288 (12744 bp)...done!
Finding genes in sequence #5289 (1609 bp)...done!
Finding genes in sequence #5290 (2003 bp)...done!
Finding genes in sequence #5291 (2363 bp)...done!
Finding genes in sequence #5292 (1970 bp)...done!
Finding genes in sequence #5293 (2273 bp)...done!
Finding genes in sequence #5294 (10297 bp)...done!
Finding genes in sequence #5295 (1622 bp)...done!
Finding genes in sequence #5296 (13966 bp)...done!
Finding genes in sequence #5297 (1916 bp)...done!
Finding genes in sequence #5298 (19964 bp)...done!
Finding genes in sequence #5299 (7658 bp)...done!
Finding genes in sequence #5300 (4399 bp)...done!
Finding genes in sequence #5301 (12424 bp)...done!
Finding genes in sequence #5302 (3884 bp)...done!
Finding genes in sequence #5303 (2540 bp)...done!
Finding genes in sequence #5304 (1675 bp)...done!
Finding genes in sequence #5305 (1756 bp)...done!
Finding genes in sequence #5306 (1762 bp)...done!
Finding genes in sequence #5307 (2205 bp)...done!
Finding genes in sequence #5308 (1789 bp)...done!
Finding genes in sequence #5309 (4685 bp)...done!
Finding genes in sequence #5310 (1545 bp)...done!
Finding genes in sequence #5311 (1684 bp)...done!
Finding genes in sequence #5312 (1786 bp)...done!
Finding genes in sequence #5313 (10732 bp)...done!
Finding genes in sequence #5314 (4462 bp)...done!
Finding genes in sequence #5315 (1602 bp)...done!
Finding genes in sequence #5316 (1876 bp)...done!
Finding genes in sequence #5317 (9900 bp)...done!
Finding genes in sequence #5318 (1577 bp)...done!
Finding genes in sequence #5319 (3509 bp)...done!
Finding genes in sequence #5320 (4138 bp)...done!
Finding genes in sequence #5321 (3509 bp)...done!
Finding genes in sequence #5322 (1737 bp)...done!
Finding genes in sequence #5323 (2084 bp)...done!
Finding genes in sequence #5324 (3383 bp)...done!
Finding genes in sequence #5325 (1980 bp)...done!
Finding genes in sequence #5326 (1630 bp)...done!
Finding genes in sequence #5327 (1728 bp)...done!
Finding genes in sequence #5328 (3028 bp)...done!
Finding genes in sequence #5329 (2367 bp)...done!
Finding genes in sequence #5330 (1739 bp)...done!
Finding genes in sequence #5331 (1713 bp)...done!
Finding genes in sequence #5332 (4286 bp)...done!
Finding genes in sequence #5333 (2628 bp)...done!
Finding genes in sequence #5334 (2749 bp)...done!
Finding genes in sequence #5335 (1595 bp)...done!
Finding genes in sequence #5336 (3351 bp)...done!
Finding genes in sequence #5337 (1567 bp)...done!
Finding genes in sequence #5338 (1548 bp)...done!
Finding genes in sequence #5339 (1500 bp)...done!
Finding genes in sequence #5340 (7866 bp)...done!
Finding genes in sequence #5341 (6830 bp)...done!
Finding genes in sequence #5342 (3004 bp)...done!
Finding genes in sequence #5343 (4488 bp)...done!
Finding genes in sequence #5344 (12954 bp)...done!
Finding genes in sequence #5345 (3867 bp)...done!
Finding genes in sequence #5346 (2112 bp)...done!
Finding genes in sequence #5347 (2251 bp)...done!
Finding genes in sequence #5348 (7499 bp)...done!
Finding genes in sequence #5349 (6096 bp)...done!
Finding genes in sequence #5350 (2072 bp)...done!
Finding genes in sequence #5351 (2942 bp)...done!
Finding genes in sequence #5352 (1650 bp)...done!
Finding genes in sequence #5353 (9535 bp)...done!
Finding genes in sequence #5354 (2636 bp)...done!
Finding genes in sequence #5355 (18491 bp)...done!
Finding genes in sequence #5356 (2217 bp)...done!
Finding genes in sequence #5357 (1777 bp)...done!
Finding genes in sequence #5358 (2945 bp)...done!
Finding genes in sequence #5359 (1734 bp)...done!
Finding genes in sequence #5360 (1865 bp)...done!
Finding genes in sequence #5361 (24908 bp)...done!
Finding genes in sequence #5362 (2130 bp)...done!
Finding genes in sequence #5363 (1524 bp)...done!
Finding genes in sequence #5364 (2274 bp)...done!
Finding genes in sequence #5365 (4098 bp)...done!
Finding genes in sequence #5366 (3054 bp)...done!
Finding genes in sequence #5367 (1602 bp)...done!
Finding genes in sequence #5368 (11350 bp)...done!
Finding genes in sequence #5369 (1520 bp)...done!
Finding genes in sequence #5370 (2952 bp)...done!
Finding genes in sequence #5371 (2093 bp)...done!
Finding genes in sequence #5372 (12756 bp)...done!
Finding genes in sequence #5373 (2133 bp)...done!
Finding genes in sequence #5374 (1661 bp)...done!
Finding genes in sequence #5375 (2198 bp)...done!
Finding genes in sequence #5376 (2128 bp)...done!
Finding genes in sequence #5377 (1823 bp)...done!
Finding genes in sequence #5378 (4288 bp)...done!
Finding genes in sequence #5379 (48108 bp)...done!
Finding genes in sequence #5380 (1743 bp)...done!
Finding genes in sequence #5381 (5211 bp)...done!
Finding genes in sequence #5382 (2434 bp)...done!
Finding genes in sequence #5383 (9112 bp)...done!
Finding genes in sequence #5384 (1644 bp)...done!
Finding genes in sequence #5385 (9004 bp)...done!
Finding genes in sequence #5386 (2160 bp)...done!
Finding genes in sequence #5387 (6570 bp)...done!
Finding genes in sequence #5388 (11603 bp)...done!
Finding genes in sequence #5389 (1906 bp)...done!
Finding genes in sequence #5390 (1633 bp)...done!
Finding genes in sequence #5391 (2393 bp)...done!
Finding genes in sequence #5392 (3800 bp)...done!
Finding genes in sequence #5393 (1982 bp)...done!
Finding genes in sequence #5394 (3194 bp)...done!
Finding genes in sequence #5395 (2100 bp)...done!
Finding genes in sequence #5396 (2058 bp)...done!
Finding genes in sequence #5397 (5356 bp)...done!
Finding genes in sequence #5398 (3505 bp)...done!
Finding genes in sequence #5399 (1583 bp)...done!
Finding genes in sequence #5400 (1762 bp)...done!
Finding genes in sequence #5401 (2545 bp)...done!
Finding genes in sequence #5402 (34827 bp)...done!
Finding genes in sequence #5403 (3490 bp)...done!
Finding genes in sequence #5404 (21339 bp)...done!
Finding genes in sequence #5405 (4649 bp)...done!
Finding genes in sequence #5406 (1635 bp)...done!
Finding genes in sequence #5407 (1636 bp)...done!
Finding genes in sequence #5408 (2182 bp)...done!
Finding genes in sequence #5409 (2214 bp)...done!
Finding genes in sequence #5410 (35314 bp)...done!
Finding genes in sequence #5411 (2328 bp)...done!
Finding genes in sequence #5412 (1530 bp)...done!
Finding genes in sequence #5413 (1762 bp)...done!
Finding genes in sequence #5414 (1589 bp)...done!
Finding genes in sequence #5415 (8162 bp)...done!
Finding genes in sequence #5416 (5925 bp)...done!
Finding genes in sequence #5417 (13861 bp)...done!
Finding genes in sequence #5418 (1587 bp)...done!
Finding genes in sequence #5419 (2814 bp)...done!
Finding genes in sequence #5420 (2386 bp)...done!
Finding genes in sequence #5421 (2436 bp)...done!
Finding genes in sequence #5422 (5807 bp)...done!
Finding genes in sequence #5423 (3110 bp)...done!
Finding genes in sequence #5424 (1887 bp)...done!
Finding genes in sequence #5425 (3837 bp)...done!
Finding genes in sequence #5426 (6640 bp)...done!
Finding genes in sequence #5427 (17040 bp)...done!
Finding genes in sequence #5428 (2075 bp)...done!
Finding genes in sequence #5429 (2724 bp)...done!
Finding genes in sequence #5430 (1750 bp)...done!
Finding genes in sequence #5431 (3254 bp)...done!
Finding genes in sequence #5432 (2236 bp)...done!
Finding genes in sequence #5433 (4121 bp)...done!
Finding genes in sequence #5434 (2125 bp)...done!
Finding genes in sequence #5435 (3386 bp)...done!
Finding genes in sequence #5436 (1612 bp)...done!
Finding genes in sequence #5437 (2079 bp)...done!
Finding genes in sequence #5438 (71111 bp)...done!
Finding genes in sequence #5439 (2147 bp)...done!
Finding genes in sequence #5440 (14186 bp)...done!
Finding genes in sequence #5441 (3631 bp)...done!
Finding genes in sequence #5442 (1838 bp)...done!
Finding genes in sequence #5443 (1868 bp)...done!
Finding genes in sequence #5444 (1895 bp)...done!
Finding genes in sequence #5445 (1520 bp)...done!
Finding genes in sequence #5446 (3057 bp)...done!
Finding genes in sequence #5447 (2607 bp)...done!
Finding genes in sequence #5448 (1708 bp)...done!
Finding genes in sequence #5449 (1604 bp)...done!
Finding genes in sequence #5450 (2032 bp)...done!
Finding genes in sequence #5451 (1801 bp)...done!
Finding genes in sequence #5452 (3340 bp)...done!
Finding genes in sequence #5453 (2447 bp)...done!
Finding genes in sequence #5454 (2655 bp)...done!
Finding genes in sequence #5455 (2888 bp)...done!
Finding genes in sequence #5456 (2472 bp)...done!
Finding genes in sequence #5457 (7831 bp)...done!
Finding genes in sequence #5458 (8498 bp)...done!
Finding genes in sequence #5459 (1674 bp)...done!
Finding genes in sequence #5460 (13783 bp)...done!
Finding genes in sequence #5461 (1534 bp)...done!
Finding genes in sequence #5462 (1819 bp)...done!
Finding genes in sequence #5463 (5981 bp)...done!
Finding genes in sequence #5464 (2633 bp)...done!
Finding genes in sequence #5465 (5136 bp)...done!
Finding genes in sequence #5466 (8873 bp)...done!
Finding genes in sequence #5467 (4343 bp)...done!
Finding genes in sequence #5468 (8166 bp)...done!
Finding genes in sequence #5469 (2522 bp)...done!
Finding genes in sequence #5470 (8187 bp)...done!
Finding genes in sequence #5471 (2724 bp)...done!
Finding genes in sequence #5472 (79483 bp)...done!
Finding genes in sequence #5473 (1727 bp)...done!
Finding genes in sequence #5474 (2305 bp)...done!
Finding genes in sequence #5475 (1979 bp)...done!
Finding genes in sequence #5476 (11930 bp)...done!
Finding genes in sequence #5477 (16395 bp)...done!
Finding genes in sequence #5478 (3195 bp)...done!
Finding genes in sequence #5479 (1584 bp)...done!
Finding genes in sequence #5480 (2653 bp)...done!
Finding genes in sequence #5481 (29249 bp)...done!
Finding genes in sequence #5482 (1996 bp)...done!
Finding genes in sequence #5483 (18401 bp)...done!
Finding genes in sequence #5484 (7764 bp)...done!
Finding genes in sequence #5485 (12503 bp)...done!
Finding genes in sequence #5486 (1623 bp)...done!
Finding genes in sequence #5487 (3607 bp)...done!
Finding genes in sequence #5488 (16591 bp)...done!
Finding genes in sequence #5489 (7983 bp)...done!
Finding genes in sequence #5490 (5070 bp)...done!
Finding genes in sequence #5491 (26511 bp)...done!
Finding genes in sequence #5492 (10397 bp)...done!
Finding genes in sequence #5493 (2209 bp)...done!
Finding genes in sequence #5494 (1953 bp)...done!
Finding genes in sequence #5495 (3482 bp)...done!
Finding genes in sequence #5496 (1714 bp)...done!
Finding genes in sequence #5497 (4554 bp)...done!
Finding genes in sequence #5498 (2705 bp)...done!
Finding genes in sequence #5499 (2525 bp)...done!
Finding genes in sequence #5500 (2322 bp)...done!
Finding genes in sequence #5501 (2842 bp)...done!
Finding genes in sequence #5502 (2235 bp)...done!
Finding genes in sequence #5503 (1805 bp)...done!
Finding genes in sequence #5504 (28648 bp)...done!
Finding genes in sequence #5505 (1702 bp)...done!
Finding genes in sequence #5506 (18078 bp)...done!
Finding genes in sequence #5507 (1759 bp)...done!
Finding genes in sequence #5508 (81898 bp)...done!
Finding genes in sequence #5509 (2633 bp)...done!
Finding genes in sequence #5510 (1517 bp)...done!
Finding genes in sequence #5511 (2529 bp)...done!
Finding genes in sequence #5512 (1926 bp)...done!
Finding genes in sequence #5513 (3390 bp)...done!
Finding genes in sequence #5514 (1932 bp)...done!
Finding genes in sequence #5515 (1530 bp)...done!
Finding genes in sequence #5516 (1871 bp)...done!
Finding genes in sequence #5517 (1602 bp)...done!
Finding genes in sequence #5518 (24752 bp)...done!
Finding genes in sequence #5519 (3829 bp)...done!
Finding genes in sequence #5520 (2847 bp)...done!
Finding genes in sequence #5521 (21374 bp)...done!
Finding genes in sequence #5522 (1664 bp)...done!
Finding genes in sequence #5523 (1857 bp)...done!
Finding genes in sequence #5524 (12924 bp)...done!
Finding genes in sequence #5525 (7747 bp)...done!
Finding genes in sequence #5526 (3803 bp)...done!
Finding genes in sequence #5527 (2691 bp)...done!
Finding genes in sequence #5528 (2098 bp)...done!
Finding genes in sequence #5529 (2916 bp)...done!
Finding genes in sequence #5530 (1715 bp)...done!
Finding genes in sequence #5531 (5100 bp)...done!
Finding genes in sequence #5532 (15616 bp)...done!
Finding genes in sequence #5533 (1581 bp)...done!
Finding genes in sequence #5534 (70149 bp)...done!
Finding genes in sequence #5535 (2471 bp)...done!
Finding genes in sequence #5536 (3092 bp)...done!
Finding genes in sequence #5537 (2751 bp)...done!
Finding genes in sequence #5538 (4116 bp)...done!
Finding genes in sequence #5539 (1720 bp)...done!
Finding genes in sequence #5540 (7464 bp)...done!
Finding genes in sequence #5541 (6910 bp)...done!
Finding genes in sequence #5542 (4629 bp)...done!
Finding genes in sequence #5543 (25455 bp)...done!
Finding genes in sequence #5544 (1576 bp)...done!
Finding genes in sequence #5545 (2065 bp)...done!
Finding genes in sequence #5546 (1678 bp)...done!
Finding genes in sequence #5547 (4986 bp)...done!
Finding genes in sequence #5548 (2220 bp)...done!
Finding genes in sequence #5549 (1511 bp)...done!
Finding genes in sequence #5550 (2691 bp)...done!
Finding genes in sequence #5551 (1861 bp)...done!
Finding genes in sequence #5552 (7365 bp)...done!
Finding genes in sequence #5553 (2720 bp)...done!
Finding genes in sequence #5554 (2367 bp)...done!
Finding genes in sequence #5555 (3313 bp)...done!
Finding genes in sequence #5556 (2859 bp)...done!
Finding genes in sequence #5557 (2020 bp)...done!
Finding genes in sequence #5558 (1788 bp)...done!
Finding genes in sequence #5559 (1546 bp)...done!
Finding genes in sequence #5560 (1879 bp)...done!
Finding genes in sequence #5561 (1807 bp)...done!
Finding genes in sequence #5562 (2063 bp)...done!
Finding genes in sequence #5563 (8890 bp)...done!
Finding genes in sequence #5564 (2246 bp)...done!
Finding genes in sequence #5565 (57844 bp)...done!
Finding genes in sequence #5566 (2934 bp)...done!
Finding genes in sequence #5567 (5800 bp)...done!
Finding genes in sequence #5568 (4829 bp)...done!
Finding genes in sequence #5569 (8306 bp)...done!
Finding genes in sequence #5570 (1681 bp)...done!
Finding genes in sequence #5571 (5023 bp)...done!
Finding genes in sequence #5572 (2393 bp)...done!
Finding genes in sequence #5573 (3590 bp)...done!
Finding genes in sequence #5574 (1932 bp)...done!
Finding genes in sequence #5575 (2860 bp)...done!
Finding genes in sequence #5576 (27964 bp)...done!
Finding genes in sequence #5577 (11685 bp)...done!
Finding genes in sequence #5578 (3163 bp)...done!
Finding genes in sequence #5579 (3493 bp)...done!
Finding genes in sequence #5580 (1935 bp)...done!
Finding genes in sequence #5581 (30902 bp)...done!
Finding genes in sequence #5582 (4045 bp)...done!
Finding genes in sequence #5583 (4599 bp)...done!
Finding genes in sequence #5584 (3357 bp)...done!
Finding genes in sequence #5585 (1964 bp)...done!
Finding genes in sequence #5586 (3323 bp)...done!
Finding genes in sequence #5587 (3237 bp)...done!
Finding genes in sequence #5588 (1659 bp)...done!
Finding genes in sequence #5589 (12836 bp)...done!
Finding genes in sequence #5590 (2008 bp)...done!
Finding genes in sequence #5591 (5361 bp)...done!
Finding genes in sequence #5592 (1985 bp)...done!
Finding genes in sequence #5593 (1803 bp)...done!
Finding genes in sequence #5594 (3589 bp)...done!
Finding genes in sequence #5595 (2910 bp)...done!
Finding genes in sequence #5596 (42542 bp)...done!
Finding genes in sequence #5597 (1828 bp)...done!
Finding genes in sequence #5598 (27817 bp)...done!
Finding genes in sequence #5599 (55383 bp)...done!
Finding genes in sequence #5600 (70902 bp)...done!
Finding genes in sequence #5601 (9603 bp)...done!
Finding genes in sequence #5602 (1597 bp)...done!
Finding genes in sequence #5603 (4098 bp)...done!
Finding genes in sequence #5604 (1812 bp)...done!
Finding genes in sequence #5605 (9752 bp)...done!
Finding genes in sequence #5606 (4076 bp)...done!
Finding genes in sequence #5607 (4763 bp)...done!
Finding genes in sequence #5608 (2300 bp)...done!
Finding genes in sequence #5609 (2747 bp)...done!
Finding genes in sequence #5610 (2579 bp)...done!
Finding genes in sequence #5611 (2133 bp)...done!
Finding genes in sequence #5612 (6439 bp)...done!
Finding genes in sequence #5613 (1607 bp)...done!
Finding genes in sequence #5614 (7061 bp)...done!
Finding genes in sequence #5615 (2308 bp)...done!
Finding genes in sequence #5616 (3669 bp)...done!
Finding genes in sequence #5617 (2430 bp)...done!
Finding genes in sequence #5618 (1642 bp)...done!
Finding genes in sequence #5619 (2010 bp)...done!
Finding genes in sequence #5620 (4109 bp)...done!
Finding genes in sequence #5621 (11498 bp)...done!
Finding genes in sequence #5622 (4119 bp)...done!
Finding genes in sequence #5623 (1627 bp)...done!
Finding genes in sequence #5624 (5688 bp)...done!
Finding genes in sequence #5625 (2342 bp)...done!
Finding genes in sequence #5626 (11753 bp)...done!
Finding genes in sequence #5627 (3448 bp)...done!
Finding genes in sequence #5628 (1668 bp)...done!
Finding genes in sequence #5629 (2576 bp)...done!
Finding genes in sequence #5630 (3701 bp)...done!
Finding genes in sequence #5631 (2123 bp)...done!
Finding genes in sequence #5632 (1542 bp)...done!
Finding genes in sequence #5633 (1805 bp)...done!
Finding genes in sequence #5634 (1564 bp)...done!
Finding genes in sequence #5635 (1519 bp)...done!
Finding genes in sequence #5636 (1992 bp)...done!
Finding genes in sequence #5637 (54540 bp)...done!
Finding genes in sequence #5638 (2293 bp)...done!
Finding genes in sequence #5639 (3209 bp)...done!
Finding genes in sequence #5640 (6781 bp)...done!
Finding genes in sequence #5641 (1655 bp)...done!
Finding genes in sequence #5642 (3710 bp)...done!
Finding genes in sequence #5643 (17300 bp)...done!
Finding genes in sequence #5644 (2651 bp)...done!
Finding genes in sequence #5645 (4456 bp)...done!
Finding genes in sequence #5646 (5650 bp)...done!
Finding genes in sequence #5647 (1783 bp)...done!
Finding genes in sequence #5648 (2806 bp)...done!
Finding genes in sequence #5649 (2248 bp)...done!
Finding genes in sequence #5650 (1588 bp)...done!
Finding genes in sequence #5651 (2137 bp)...done!
Finding genes in sequence #5652 (3929 bp)...done!
Finding genes in sequence #5653 (9185 bp)...done!
Finding genes in sequence #5654 (1629 bp)...done!
Finding genes in sequence #5655 (1718 bp)...done!
Finding genes in sequence #5656 (4936 bp)...done!
Finding genes in sequence #5657 (2356 bp)...done!
Finding genes in sequence #5658 (5025 bp)...done!
Finding genes in sequence #5659 (110151 bp)...done!
Finding genes in sequence #5660 (1948 bp)...done!
Finding genes in sequence #5661 (4245 bp)...done!
Finding genes in sequence #5662 (1920 bp)...done!
Finding genes in sequence #5663 (3105 bp)...done!
Finding genes in sequence #5664 (2947 bp)...done!
Finding genes in sequence #5665 (1932 bp)...done!
Finding genes in sequence #5666 (1625 bp)...done!
Finding genes in sequence #5667 (1896 bp)...done!
Finding genes in sequence #5668 (1637 bp)...done!
Finding genes in sequence #5669 (2364 bp)...done!
Finding genes in sequence #5670 (2956 bp)...done!
Finding genes in sequence #5671 (1694 bp)...done!
Finding genes in sequence #5672 (33287 bp)...done!
Finding genes in sequence #5673 (3779 bp)...done!
Finding genes in sequence #5674 (1523 bp)...done!
Finding genes in sequence #5675 (3304 bp)...done!
Finding genes in sequence #5676 (1865 bp)...done!
Finding genes in sequence #5677 (2042 bp)...done!
Finding genes in sequence #5678 (1655 bp)...done!
Finding genes in sequence #5679 (1518 bp)...done!
Finding genes in sequence #5680 (1599 bp)...done!
Finding genes in sequence #5681 (2361 bp)...done!
Finding genes in sequence #5682 (3020 bp)...done!
Finding genes in sequence #5683 (6804 bp)...done!
Finding genes in sequence #5684 (5667 bp)...done!
Finding genes in sequence #5685 (2966 bp)...done!
Finding genes in sequence #5686 (1695 bp)...done!
Finding genes in sequence #5687 (2369 bp)...done!
Finding genes in sequence #5688 (5526 bp)...done!
Finding genes in sequence #5689 (2067 bp)...done!
Finding genes in sequence #5690 (5488 bp)...done!
Finding genes in sequence #5691 (1602 bp)...done!
Finding genes in sequence #5692 (3398 bp)...done!
Finding genes in sequence #5693 (1948 bp)...done!
Finding genes in sequence #5694 (1820 bp)...done!
Finding genes in sequence #5695 (1924 bp)...done!
Finding genes in sequence #5696 (17996 bp)...done!
Finding genes in sequence #5697 (1565 bp)...done!
Finding genes in sequence #5698 (1946 bp)...done!
Finding genes in sequence #5699 (2683 bp)...done!
Finding genes in sequence #5700 (5888 bp)...done!
Finding genes in sequence #5701 (7310 bp)...done!
Finding genes in sequence #5702 (2307 bp)...done!
Finding genes in sequence #5703 (4079 bp)...done!
Finding genes in sequence #5704 (2900 bp)...done!
Finding genes in sequence #5705 (6861 bp)...done!
Finding genes in sequence #5706 (4547 bp)...done!
Finding genes in sequence #5707 (6476 bp)...done!
Finding genes in sequence #5708 (1507 bp)...done!
Finding genes in sequence #5709 (2536 bp)...done!
Finding genes in sequence #5710 (28613 bp)...done!
Finding genes in sequence #5711 (2643 bp)...done!
Finding genes in sequence #5712 (9301 bp)...done!
Finding genes in sequence #5713 (1804 bp)...done!
Finding genes in sequence #5714 (2148 bp)...done!
Finding genes in sequence #5715 (2043 bp)...done!
Finding genes in sequence #5716 (4771 bp)...done!
Finding genes in sequence #5717 (2222 bp)...done!
Finding genes in sequence #5718 (4373 bp)...done!
Finding genes in sequence #5719 (6441 bp)...done!
Finding genes in sequence #5720 (2327 bp)...done!
Finding genes in sequence #5721 (2961 bp)...done!
Finding genes in sequence #5722 (1887 bp)...done!
Finding genes in sequence #5723 (2227 bp)...done!
Finding genes in sequence #5724 (2161 bp)...done!
Finding genes in sequence #5725 (2510 bp)...done!
Finding genes in sequence #5726 (7335 bp)...done!
Finding genes in sequence #5727 (1544 bp)...done!
Finding genes in sequence #5728 (2660 bp)...done!
Finding genes in sequence #5729 (1573 bp)...done!
Finding genes in sequence #5730 (2209 bp)...done!
Finding genes in sequence #5731 (1505 bp)...done!
Finding genes in sequence #5732 (4708 bp)...done!
Finding genes in sequence #5733 (2190 bp)...done!
Finding genes in sequence #5734 (1657 bp)...done!
Finding genes in sequence #5735 (2879 bp)...done!
Finding genes in sequence #5736 (4310 bp)...done!
Finding genes in sequence #5737 (1647 bp)...done!
Finding genes in sequence #5738 (5601 bp)...done!
Finding genes in sequence #5739 (26329 bp)...done!
Finding genes in sequence #5740 (13871 bp)...done!
Finding genes in sequence #5741 (1615 bp)...done!
Finding genes in sequence #5742 (1600 bp)...done!
Finding genes in sequence #5743 (5069 bp)...done!
Finding genes in sequence #5744 (7743 bp)...done!
Finding genes in sequence #5745 (5453 bp)...done!
Finding genes in sequence #5746 (3123 bp)...done!
Finding genes in sequence #5747 (1783 bp)...done!
Finding genes in sequence #5748 (5588 bp)...done!
Finding genes in sequence #5749 (3550 bp)...done!
Finding genes in sequence #5750 (2174 bp)...done!
Finding genes in sequence #5751 (2001 bp)...done!
Finding genes in sequence #5752 (1748 bp)...done!
Finding genes in sequence #5753 (9095 bp)...done!
Finding genes in sequence #5754 (2098 bp)...done!
Finding genes in sequence #5755 (2007 bp)...done!
Finding genes in sequence #5756 (22157 bp)...done!
Finding genes in sequence #5757 (2955 bp)...done!
Finding genes in sequence #5758 (8265 bp)...done!
Finding genes in sequence #5759 (1840 bp)...done!
Finding genes in sequence #5760 (4056 bp)...done!
Finding genes in sequence #5761 (2848 bp)...done!
Finding genes in sequence #5762 (1590 bp)...done!
Finding genes in sequence #5763 (1635 bp)...done!
Finding genes in sequence #5764 (1611 bp)...done!
Finding genes in sequence #5765 (1749 bp)...done!
Finding genes in sequence #5766 (1904 bp)...done!
Finding genes in sequence #5767 (2309 bp)...done!
Finding genes in sequence #5768 (2087 bp)...done!
Finding genes in sequence #5769 (29850 bp)...done!
Finding genes in sequence #5770 (7856 bp)...done!
Finding genes in sequence #5771 (2819 bp)...done!
Finding genes in sequence #5772 (2429 bp)...done!
Finding genes in sequence #5773 (1532 bp)...done!
Finding genes in sequence #5774 (22398 bp)...done!
Finding genes in sequence #5775 (2425 bp)...done!
Finding genes in sequence #5776 (2656 bp)...done!
Finding genes in sequence #5777 (1773 bp)...done!
Finding genes in sequence #5778 (27367 bp)...done!
Finding genes in sequence #5779 (3636 bp)...done!
Finding genes in sequence #5780 (1554 bp)...done!
Finding genes in sequence #5781 (1884 bp)...done!
Finding genes in sequence #5782 (1615 bp)...done!
Finding genes in sequence #5783 (1928 bp)...done!
Finding genes in sequence #5784 (1601 bp)...done!
Finding genes in sequence #5785 (3638 bp)...done!
Finding genes in sequence #5786 (2183 bp)...done!
Finding genes in sequence #5787 (3548 bp)...done!
Finding genes in sequence #5788 (3040 bp)...done!
Finding genes in sequence #5789 (2121 bp)...done!
Finding genes in sequence #5790 (4235 bp)...done!
Finding genes in sequence #5791 (61522 bp)...done!
Finding genes in sequence #5792 (5776 bp)...done!
Finding genes in sequence #5793 (2016 bp)...done!
Finding genes in sequence #5794 (4057 bp)...done!
Finding genes in sequence #5795 (2614 bp)...done!
Finding genes in sequence #5796 (1820 bp)...done!
Finding genes in sequence #5797 (7163 bp)...done!
Finding genes in sequence #5798 (1950 bp)...done!
Finding genes in sequence #5799 (2522 bp)...done!
Finding genes in sequence #5800 (2319 bp)...done!
Finding genes in sequence #5801 (49456 bp)...done!
Finding genes in sequence #5802 (1790 bp)...done!
Finding genes in sequence #5803 (1965 bp)...done!
Finding genes in sequence #5804 (1717 bp)...done!
Finding genes in sequence #5805 (1521 bp)...done!
Finding genes in sequence #5806 (1852 bp)...done!
Finding genes in sequence #5807 (2115 bp)...done!
Finding genes in sequence #5808 (3183 bp)...done!
Finding genes in sequence #5809 (4298 bp)...done!
Finding genes in sequence #5810 (3145 bp)...done!
Finding genes in sequence #5811 (2612 bp)...done!
Finding genes in sequence #5812 (3373 bp)...done!
Finding genes in sequence #5813 (1503 bp)...done!
Finding genes in sequence #5814 (12300 bp)...done!
Finding genes in sequence #5815 (2127 bp)...done!
Finding genes in sequence #5816 (2021 bp)...done!
Finding genes in sequence #5817 (3052 bp)...done!
Finding genes in sequence #5818 (3565 bp)...done!
Finding genes in sequence #5819 (1992 bp)...done!
Finding genes in sequence #5820 (1777 bp)...done!
Finding genes in sequence #5821 (5871 bp)...done!
Finding genes in sequence #5822 (12299 bp)...done!
Finding genes in sequence #5823 (1508 bp)...done!
Finding genes in sequence #5824 (4377 bp)...done!
Finding genes in sequence #5825 (2305 bp)...done!
Finding genes in sequence #5826 (99981 bp)...done!
Finding genes in sequence #5827 (3071 bp)...done!
Finding genes in sequence #5828 (1749 bp)...done!
Finding genes in sequence #5829 (2059 bp)...done!
Finding genes in sequence #5830 (2144 bp)...done!
Finding genes in sequence #5831 (4036 bp)...done!
Finding genes in sequence #5832 (1932 bp)...done!
Finding genes in sequence #5833 (1867 bp)...done!
Finding genes in sequence #5834 (1685 bp)...done!
Finding genes in sequence #5835 (2092 bp)...done!
Finding genes in sequence #5836 (1592 bp)...done!
Finding genes in sequence #5837 (4726 bp)...done!
Finding genes in sequence #5838 (2008 bp)...done!
Finding genes in sequence #5839 (2107 bp)...done!
Finding genes in sequence #5840 (1973 bp)...done!
Finding genes in sequence #5841 (2453 bp)...done!
Finding genes in sequence #5842 (5756 bp)...done!
Finding genes in sequence #5843 (48529 bp)...done!
Finding genes in sequence #5844 (6170 bp)...done!
Finding genes in sequence #5845 (14852 bp)...done!
Finding genes in sequence #5846 (2050 bp)...done!
Finding genes in sequence #5847 (5110 bp)...done!
Finding genes in sequence #5848 (59174 bp)...done!
Finding genes in sequence #5849 (22067 bp)...done!
Finding genes in sequence #5850 (1829 bp)...done!
Finding genes in sequence #5851 (1509 bp)...done!
Finding genes in sequence #5852 (2317 bp)...done!
Finding genes in sequence #5853 (1543 bp)...done!
Finding genes in sequence #5854 (2242 bp)...done!
Finding genes in sequence #5855 (25415 bp)...done!
Finding genes in sequence #5856 (56551 bp)...done!
Finding genes in sequence #5857 (1900 bp)...done!
Finding genes in sequence #5858 (1794 bp)...done!
Finding genes in sequence #5859 (3776 bp)...done!
Finding genes in sequence #5860 (2141 bp)...done!
Finding genes in sequence #5861 (8015 bp)...done!
Finding genes in sequence #5862 (7654 bp)...done!
Finding genes in sequence #5863 (8647 bp)...done!
Finding genes in sequence #5864 (1663 bp)...done!
Finding genes in sequence #5865 (1767 bp)...done!
Finding genes in sequence #5866 (1508 bp)...done!
Finding genes in sequence #5867 (3402 bp)...done!
Finding genes in sequence #5868 (5118 bp)...done!
Finding genes in sequence #5869 (2151 bp)...done!
Finding genes in sequence #5870 (2785 bp)...done!
Finding genes in sequence #5871 (4029 bp)...done!
Finding genes in sequence #5872 (3885 bp)...done!
Finding genes in sequence #5873 (21516 bp)...done!
Finding genes in sequence #5874 (1601 bp)...done!
Finding genes in sequence #5875 (3262 bp)...done!
Finding genes in sequence #5876 (1681 bp)...done!
Finding genes in sequence #5877 (1536 bp)...done!
Finding genes in sequence #5878 (3248 bp)...done!
Finding genes in sequence #5879 (1754 bp)...done!
Finding genes in sequence #5880 (21482 bp)...done!
Finding genes in sequence #5881 (2054 bp)...done!
Finding genes in sequence #5882 (1774 bp)...done!
Finding genes in sequence #5883 (2992 bp)...done!
Finding genes in sequence #5884 (52178 bp)...done!
Finding genes in sequence #5885 (2526 bp)...done!
Finding genes in sequence #5886 (2367 bp)...done!
Finding genes in sequence #5887 (3601 bp)...done!
Finding genes in sequence #5888 (1501 bp)...done!
Finding genes in sequence #5889 (4189 bp)...done!
Finding genes in sequence #5890 (2327 bp)...done!
Finding genes in sequence #5891 (1635 bp)...done!
Finding genes in sequence #5892 (2022 bp)...done!
Finding genes in sequence #5893 (2040 bp)...done!
Finding genes in sequence #5894 (2002 bp)...done!
Finding genes in sequence #5895 (2244 bp)...done!
Finding genes in sequence #5896 (9099 bp)...done!
Finding genes in sequence #5897 (4719 bp)...done!
Finding genes in sequence #5898 (3319 bp)...done!
Finding genes in sequence #5899 (2424 bp)...done!
Finding genes in sequence #5900 (2602 bp)...done!
Finding genes in sequence #5901 (3668 bp)...done!
Finding genes in sequence #5902 (1781 bp)...done!
Finding genes in sequence #5903 (2000 bp)...done!
Finding genes in sequence #5904 (1720 bp)...done!
Finding genes in sequence #5905 (2757 bp)...done!
Finding genes in sequence #5906 (4140 bp)...done!
Finding genes in sequence #5907 (14548 bp)...done!
Finding genes in sequence #5908 (1505 bp)...done!
Finding genes in sequence #5909 (2642 bp)...done!
Finding genes in sequence #5910 (2647 bp)...done!
Finding genes in sequence #5911 (4903 bp)...done!
Finding genes in sequence #5912 (8655 bp)...done!
Finding genes in sequence #5913 (1604 bp)...done!
Finding genes in sequence #5914 (2585 bp)...done!
Finding genes in sequence #5915 (5831 bp)...done!
Finding genes in sequence #5916 (6236 bp)...done!
Finding genes in sequence #5917 (1564 bp)...done!
Finding genes in sequence #5918 (1819 bp)...done!
Finding genes in sequence #5919 (60482 bp)...done!
Finding genes in sequence #5920 (1648 bp)...done!
Finding genes in sequence #5921 (1593 bp)...done!
Finding genes in sequence #5922 (1841 bp)...done!
Finding genes in sequence #5923 (2677 bp)...done!
Finding genes in sequence #5924 (2107 bp)...done!
Finding genes in sequence #5925 (2704 bp)...done!
Finding genes in sequence #5926 (2518 bp)...done!
Finding genes in sequence #5927 (3205 bp)...done!
Finding genes in sequence #5928 (1561 bp)...done!
Finding genes in sequence #5929 (30148 bp)...done!
Finding genes in sequence #5930 (26998 bp)...done!
Finding genes in sequence #5931 (4192 bp)...done!
Finding genes in sequence #5932 (4433 bp)...done!
Finding genes in sequence #5933 (6251 bp)...done!
Finding genes in sequence #5934 (3261 bp)...done!
Finding genes in sequence #5935 (131661 bp)...done!
Finding genes in sequence #5936 (6803 bp)...done!
Finding genes in sequence #5937 (1851 bp)...done!
Finding genes in sequence #5938 (2349 bp)...done!
Finding genes in sequence #5939 (9003 bp)...done!
Finding genes in sequence #5940 (2429 bp)...done!
Finding genes in sequence #5941 (2772 bp)...done!
Finding genes in sequence #5942 (1730 bp)...done!
Finding genes in sequence #5943 (5126 bp)...done!
Finding genes in sequence #5944 (2144 bp)...done!
Finding genes in sequence #5945 (2262 bp)...done!
Finding genes in sequence #5946 (3141 bp)...done!
Finding genes in sequence #5947 (2362 bp)...done!
Finding genes in sequence #5948 (8713 bp)...done!
Finding genes in sequence #5949 (4735 bp)...done!
Finding genes in sequence #5950 (2216 bp)...done!
Finding genes in sequence #5951 (4377 bp)...done!
Finding genes in sequence #5952 (3325 bp)...done!
Finding genes in sequence #5953 (26485 bp)...done!
Finding genes in sequence #5954 (1748 bp)...done!
Finding genes in sequence #5955 (3060 bp)...done!
Finding genes in sequence #5956 (4445 bp)...done!
Finding genes in sequence #5957 (1998 bp)...done!
Finding genes in sequence #5958 (4664 bp)...done!
Finding genes in sequence #5959 (2883 bp)...done!
Finding genes in sequence #5960 (1516 bp)...done!
Finding genes in sequence #5961 (5302 bp)...done!
Finding genes in sequence #5962 (3746 bp)...done!
Finding genes in sequence #5963 (2869 bp)...done!
Finding genes in sequence #5964 (2064 bp)...done!
Finding genes in sequence #5965 (3927 bp)...done!
Finding genes in sequence #5966 (2991 bp)...done!
Finding genes in sequence #5967 (1862 bp)...done!
Finding genes in sequence #5968 (1679 bp)...done!
Finding genes in sequence #5969 (1868 bp)...done!
Finding genes in sequence #5970 (1780 bp)...done!
Finding genes in sequence #5971 (1769 bp)...done!
Finding genes in sequence #5972 (3157 bp)...done!
Finding genes in sequence #5973 (2702 bp)...done!
Finding genes in sequence #5974 (4072 bp)...done!
Finding genes in sequence #5975 (2819 bp)...done!
Finding genes in sequence #5976 (3400 bp)...done!
Finding genes in sequence #5977 (3460 bp)...done!
Finding genes in sequence #5978 (2374 bp)...done!
Finding genes in sequence #5979 (3276 bp)...done!
Finding genes in sequence #5980 (1654 bp)...done!
Finding genes in sequence #5981 (1812 bp)...done!
Finding genes in sequence #5982 (11091 bp)...done!
Finding genes in sequence #5983 (1828 bp)...done!
Finding genes in sequence #5984 (2070 bp)...done!
Finding genes in sequence #5985 (1540 bp)...done!
Finding genes in sequence #5986 (5860 bp)...done!
Finding genes in sequence #5987 (2741 bp)...done!
Finding genes in sequence #5988 (3304 bp)...done!
Finding genes in sequence #5989 (11808 bp)...done!
Finding genes in sequence #5990 (1595 bp)...done!
Finding genes in sequence #5991 (3341 bp)...done!
Finding genes in sequence #5992 (1847 bp)...done!
Finding genes in sequence #5993 (2266 bp)...done!
Finding genes in sequence #5994 (2174 bp)...done!
Finding genes in sequence #5995 (4695 bp)...done!
Finding genes in sequence #5996 (77642 bp)...done!
Finding genes in sequence #5997 (4641 bp)...done!
Finding genes in sequence #5998 (12755 bp)...done!
Finding genes in sequence #5999 (2885 bp)...done!
Finding genes in sequence #6000 (1734 bp)...done!
Finding genes in sequence #6001 (3508 bp)...done!
Finding genes in sequence #6002 (1950 bp)...done!
Finding genes in sequence #6003 (1894 bp)...done!
Finding genes in sequence #6004 (96880 bp)...done!
Finding genes in sequence #6005 (3733 bp)...done!
Finding genes in sequence #6006 (3007 bp)...done!
Finding genes in sequence #6007 (23882 bp)...done!
Finding genes in sequence #6008 (4910 bp)...done!
Finding genes in sequence #6009 (1783 bp)...done!
Finding genes in sequence #6010 (6251 bp)...done!
Finding genes in sequence #6011 (1784 bp)...done!
Finding genes in sequence #6012 (2337 bp)...done!
Finding genes in sequence #6013 (2689 bp)...done!
Finding genes in sequence #6014 (2364 bp)...done!
Finding genes in sequence #6015 (2817 bp)...done!
Finding genes in sequence #6016 (1540 bp)...done!
Finding genes in sequence #6017 (3180 bp)...done!
Finding genes in sequence #6018 (2330 bp)...done!
Finding genes in sequence #6019 (17353 bp)...done!
Finding genes in sequence #6020 (10059 bp)...done!
Finding genes in sequence #6021 (40121 bp)...done!
Finding genes in sequence #6022 (2007 bp)...done!
Finding genes in sequence #6023 (1519 bp)...done!
Finding genes in sequence #6024 (2130 bp)...done!
Finding genes in sequence #6025 (3774 bp)...done!
Finding genes in sequence #6026 (2482 bp)...done!
Finding genes in sequence #6027 (2380 bp)...done!
Finding genes in sequence #6028 (70773 bp)...done!
Finding genes in sequence #6029 (1573 bp)...done!
Finding genes in sequence #6030 (1730 bp)...done!
Finding genes in sequence #6031 (13870 bp)...done!
Finding genes in sequence #6032 (2384 bp)...done!
Finding genes in sequence #6033 (25840 bp)...done!
Finding genes in sequence #6034 (1680 bp)...done!
Finding genes in sequence #6035 (1543 bp)...done!
Finding genes in sequence #6036 (2209 bp)...done!
Finding genes in sequence #6037 (2207 bp)...done!
Finding genes in sequence #6038 (1506 bp)...done!
Finding genes in sequence #6039 (1734 bp)...done!
Finding genes in sequence #6040 (1974 bp)...done!
Finding genes in sequence #6041 (3063 bp)...done!
Finding genes in sequence #6042 (2068 bp)...done!
Finding genes in sequence #6043 (1943 bp)...done!
Finding genes in sequence #6044 (8664 bp)...done!
Finding genes in sequence #6045 (1797 bp)...done!
Finding genes in sequence #6046 (1841 bp)...done!
Finding genes in sequence #6047 (2363 bp)...done!
Finding genes in sequence #6048 (1671 bp)...done!
Finding genes in sequence #6049 (4210 bp)...done!
Finding genes in sequence #6050 (1533 bp)...done!
Finding genes in sequence #6051 (1576 bp)...done!
Finding genes in sequence #6052 (14671 bp)...done!
Finding genes in sequence #6053 (3595 bp)...done!
Finding genes in sequence #6054 (3365 bp)...done!
Finding genes in sequence #6055 (1956 bp)...done!
Finding genes in sequence #6056 (2752 bp)...done!
Finding genes in sequence #6057 (8301 bp)...done!
Finding genes in sequence #6058 (5604 bp)...done!
Finding genes in sequence #6059 (3150 bp)...done!
Finding genes in sequence #6060 (1795 bp)...done!
Finding genes in sequence #6061 (2987 bp)...done!
Finding genes in sequence #6062 (20822 bp)...done!
Finding genes in sequence #6063 (2112 bp)...done!
Finding genes in sequence #6064 (2428 bp)...done!
Finding genes in sequence #6065 (1970 bp)...done!
Finding genes in sequence #6066 (2022 bp)...done!
Finding genes in sequence #6067 (4218 bp)...done!
Finding genes in sequence #6068 (36169 bp)...done!
Finding genes in sequence #6069 (2871 bp)...done!
Finding genes in sequence #6070 (47024 bp)...done!
Finding genes in sequence #6071 (2509 bp)...done!
Finding genes in sequence #6072 (3241 bp)...done!
Finding genes in sequence #6073 (3409 bp)...done!
Finding genes in sequence #6074 (2185 bp)...done!
Finding genes in sequence #6075 (3169 bp)...done!
Finding genes in sequence #6076 (2246 bp)...done!
Finding genes in sequence #6077 (3930 bp)...done!
Finding genes in sequence #6078 (3115 bp)...done!
Finding genes in sequence #6079 (1741 bp)...done!
Finding genes in sequence #6080 (1681 bp)...done!
Finding genes in sequence #6081 (1869 bp)...done!
Finding genes in sequence #6082 (2264 bp)...done!
Finding genes in sequence #6083 (1984 bp)...done!
Finding genes in sequence #6084 (5742 bp)...done!
Finding genes in sequence #6085 (9145 bp)...done!
Finding genes in sequence #6086 (1734 bp)...done!
Finding genes in sequence #6087 (2033 bp)...done!
Finding genes in sequence #6088 (3670 bp)...done!
Finding genes in sequence #6089 (1634 bp)...done!
Finding genes in sequence #6090 (1753 bp)...done!
Finding genes in sequence #6091 (1593 bp)...done!
Finding genes in sequence #6092 (2144 bp)...done!
Finding genes in sequence #6093 (9941 bp)...done!
Finding genes in sequence #6094 (1893 bp)...done!
Finding genes in sequence #6095 (1855 bp)...done!
Finding genes in sequence #6096 (1963 bp)...done!
Finding genes in sequence #6097 (2087 bp)...done!
Finding genes in sequence #6098 (2661 bp)...done!
Finding genes in sequence #6099 (33465 bp)...done!
Finding genes in sequence #6100 (1507 bp)...done!
Finding genes in sequence #6101 (1699 bp)...done!
Finding genes in sequence #6102 (4251 bp)...done!
Finding genes in sequence #6103 (1923 bp)...done!
Finding genes in sequence #6104 (5540 bp)...done!
Finding genes in sequence #6105 (3025 bp)...done!
Finding genes in sequence #6106 (21125 bp)...done!
Finding genes in sequence #6107 (4728 bp)...done!
Finding genes in sequence #6108 (7245 bp)...done!
Finding genes in sequence #6109 (1802 bp)...done!
Finding genes in sequence #6110 (1878 bp)...done!
Finding genes in sequence #6111 (1502 bp)...done!
Finding genes in sequence #6112 (12651 bp)...done!
Finding genes in sequence #6113 (3807 bp)...done!
Finding genes in sequence #6114 (3110 bp)...done!
Finding genes in sequence #6115 (20733 bp)...done!
Finding genes in sequence #6116 (1500 bp)...done!
Finding genes in sequence #6117 (1928 bp)...done!
Finding genes in sequence #6118 (3382 bp)...done!
Finding genes in sequence #6119 (2240 bp)...done!
Finding genes in sequence #6120 (5029 bp)...done!
Finding genes in sequence #6121 (2272 bp)...done!
Finding genes in sequence #6122 (2082 bp)...done!
Finding genes in sequence #6123 (1515 bp)...done!
Finding genes in sequence #6124 (2743 bp)...done!
Finding genes in sequence #6125 (3963 bp)...done!
Finding genes in sequence #6126 (3326 bp)...done!
Finding genes in sequence #6127 (1781 bp)...done!
Finding genes in sequence #6128 (6952 bp)...done!
Finding genes in sequence #6129 (2247 bp)...done!
Finding genes in sequence #6130 (32711 bp)...done!
Finding genes in sequence #6131 (2073 bp)...done!
Finding genes in sequence #6132 (2015 bp)...done!
Finding genes in sequence #6133 (20438 bp)...done!
Finding genes in sequence #6134 (11961 bp)...done!
Finding genes in sequence #6135 (2956 bp)...done!
Finding genes in sequence #6136 (2748 bp)...done!
Finding genes in sequence #6137 (2613 bp)...done!
Finding genes in sequence #6138 (1633 bp)...done!
Finding genes in sequence #6139 (2254 bp)...done!
Finding genes in sequence #6140 (7716 bp)...done!
Finding genes in sequence #6141 (2400 bp)...done!
Finding genes in sequence #6142 (4791 bp)...done!
Finding genes in sequence #6143 (2815 bp)...done!
Finding genes in sequence #6144 (23251 bp)...done!
Finding genes in sequence #6145 (2515 bp)...done!
Finding genes in sequence #6146 (3905 bp)...done!
Finding genes in sequence #6147 (2990 bp)...done!
Finding genes in sequence #6148 (2301 bp)...done!
Finding genes in sequence #6149 (2283 bp)...done!
Finding genes in sequence #6150 (1697 bp)...done!
Finding genes in sequence #6151 (3401 bp)...done!
Finding genes in sequence #6152 (1924 bp)...done!
Finding genes in sequence #6153 (1672 bp)...done!
Finding genes in sequence #6154 (1621 bp)...done!
Finding genes in sequence #6155 (2269 bp)...done!
Finding genes in sequence #6156 (2807 bp)...done!
Finding genes in sequence #6157 (2151 bp)...done!
Finding genes in sequence #6158 (14101 bp)...done!
Finding genes in sequence #6159 (1780 bp)...done!
Finding genes in sequence #6160 (2085 bp)...done!
Finding genes in sequence #6161 (1539 bp)...done!
Finding genes in sequence #6162 (2395 bp)...done!
Finding genes in sequence #6163 (1503 bp)...done!
Finding genes in sequence #6164 (27689 bp)...done!
Finding genes in sequence #6165 (1560 bp)...done!
Finding genes in sequence #6166 (3052 bp)...done!
Finding genes in sequence #6167 (1659 bp)...done!
Finding genes in sequence #6168 (2192 bp)...done!
Finding genes in sequence #6169 (5298 bp)...done!
Finding genes in sequence #6170 (11745 bp)...done!
Finding genes in sequence #6171 (2496 bp)...done!
Finding genes in sequence #6172 (1766 bp)...done!
Finding genes in sequence #6173 (2247 bp)...done!
Finding genes in sequence #6174 (8403 bp)...done!
Finding genes in sequence #6175 (2243 bp)...done!
Finding genes in sequence #6176 (4353 bp)...done!
Finding genes in sequence #6177 (85448 bp)...done!
Finding genes in sequence #6178 (5867 bp)...done!
Finding genes in sequence #6179 (2198 bp)...done!
Finding genes in sequence #6180 (3805 bp)...done!
Finding genes in sequence #6181 (3259 bp)...done!
Finding genes in sequence #6182 (3170 bp)...done!
Finding genes in sequence #6183 (1987 bp)...done!
Finding genes in sequence #6184 (2146 bp)...done!
Finding genes in sequence #6185 (1632 bp)...done!
Finding genes in sequence #6186 (1767 bp)...done!
Finding genes in sequence #6187 (2285 bp)...done!
Finding genes in sequence #6188 (36735 bp)...done!
Finding genes in sequence #6189 (8175 bp)...done!
Finding genes in sequence #6190 (4082 bp)...done!
Finding genes in sequence #6191 (3238 bp)...done!
Finding genes in sequence #6192 (2272 bp)...done!
Finding genes in sequence #6193 (5232 bp)...done!
Finding genes in sequence #6194 (2025 bp)...done!
Finding genes in sequence #6195 (2335 bp)...done!
Finding genes in sequence #6196 (13774 bp)...done!
Finding genes in sequence #6197 (2673 bp)...done!
Finding genes in sequence #6198 (1787 bp)...done!
Finding genes in sequence #6199 (2162 bp)...done!
Finding genes in sequence #6200 (1890 bp)...done!
Finding genes in sequence #6201 (1562 bp)...done!
Finding genes in sequence #6202 (2392 bp)...done!
Finding genes in sequence #6203 (3897 bp)...done!
Finding genes in sequence #6204 (1553 bp)...done!
Finding genes in sequence #6205 (1722 bp)...done!
Finding genes in sequence #6206 (2116 bp)...done!
Finding genes in sequence #6207 (2394 bp)...done!
Finding genes in sequence #6208 (1971 bp)...done!
Finding genes in sequence #6209 (2471 bp)...done!
Finding genes in sequence #6210 (7351 bp)...done!
Finding genes in sequence #6211 (1648 bp)...done!
Finding genes in sequence #6212 (19933 bp)...done!
Finding genes in sequence #6213 (5087 bp)...done!
Finding genes in sequence #6214 (1558 bp)...done!
Finding genes in sequence #6215 (6418 bp)...done!
Finding genes in sequence #6216 (6444 bp)...done!
Finding genes in sequence #6217 (46046 bp)...done!
Finding genes in sequence #6218 (2121 bp)...done!
Finding genes in sequence #6219 (72032 bp)...done!
Finding genes in sequence #6220 (1967 bp)...done!
Finding genes in sequence #6221 (2287 bp)...done!
Finding genes in sequence #6222 (4995 bp)...done!
Finding genes in sequence #6223 (2398 bp)...done!
Finding genes in sequence #6224 (2318 bp)...done!
Finding genes in sequence #6225 (12261 bp)...done!
Finding genes in sequence #6226 (2997 bp)...done!
Finding genes in sequence #6227 (2042 bp)...done!
Finding genes in sequence #6228 (65230 bp)...done!
Finding genes in sequence #6229 (3120 bp)...done!
Finding genes in sequence #6230 (1633 bp)...done!
Finding genes in sequence #6231 (2440 bp)...done!
Finding genes in sequence #6232 (1859 bp)...done!
Finding genes in sequence #6233 (2161 bp)...done!
Finding genes in sequence #6234 (1739 bp)...done!
Finding genes in sequence #6235 (6800 bp)...done!
Finding genes in sequence #6236 (2651 bp)...done!
Finding genes in sequence #6237 (5577 bp)...done!
Finding genes in sequence #6238 (2033 bp)...done!
Finding genes in sequence #6239 (44287 bp)...done!
Finding genes in sequence #6240 (14407 bp)...done!
Finding genes in sequence #6241 (1609 bp)...done!
Finding genes in sequence #6242 (9480 bp)...done!
Finding genes in sequence #6243 (1580 bp)...done!
Finding genes in sequence #6244 (2562 bp)...done!
Finding genes in sequence #6245 (2402 bp)...done!
Finding genes in sequence #6246 (1827 bp)...done!
Finding genes in sequence #6247 (22398 bp)...done!
Finding genes in sequence #6248 (9061 bp)...done!
Finding genes in sequence #6249 (2145 bp)...done!
Finding genes in sequence #6250 (2235 bp)...done!
Finding genes in sequence #6251 (3188 bp)...done!
Finding genes in sequence #6252 (2442 bp)...done!
Finding genes in sequence #6253 (2067 bp)...done!
Finding genes in sequence #6254 (6562 bp)...done!
Finding genes in sequence #6255 (2260 bp)...done!
Finding genes in sequence #6256 (2108 bp)...done!
Finding genes in sequence #6257 (2840 bp)...done!
Finding genes in sequence #6258 (3461 bp)...done!
Finding genes in sequence #6259 (2770 bp)...done!
Finding genes in sequence #6260 (1793 bp)...done!
Finding genes in sequence #6261 (3615 bp)...done!
Finding genes in sequence #6262 (1562 bp)...done!
Finding genes in sequence #6263 (3486 bp)...done!
Finding genes in sequence #6264 (1950 bp)...done!
Finding genes in sequence #6265 (10002 bp)...done!
Finding genes in sequence #6266 (3051 bp)...done!
Finding genes in sequence #6267 (3889 bp)...done!
Finding genes in sequence #6268 (1968 bp)...done!
Finding genes in sequence #6269 (3839 bp)...done!
Finding genes in sequence #6270 (2476 bp)...done!
Finding genes in sequence #6271 (1596 bp)...done!
Finding genes in sequence #6272 (1712 bp)...done!
Finding genes in sequence #6273 (1858 bp)...done!
Finding genes in sequence #6274 (38085 bp)...done!
Finding genes in sequence #6275 (1658 bp)...done!
Finding genes in sequence #6276 (1591 bp)...done!
Finding genes in sequence #6277 (2148 bp)...done!
Finding genes in sequence #6278 (2213 bp)...done!
Finding genes in sequence #6279 (1770 bp)...done!
Finding genes in sequence #6280 (1527 bp)...done!
Finding genes in sequence #6281 (98437 bp)...done!
Finding genes in sequence #6282 (2566 bp)...done!
Finding genes in sequence #6283 (3897 bp)...done!
Finding genes in sequence #6284 (1804 bp)...done!
Finding genes in sequence #6285 (2764 bp)...done!
Finding genes in sequence #6286 (55177 bp)...done!
Finding genes in sequence #6287 (2694 bp)...done!
Finding genes in sequence #6288 (3403 bp)...done!
Finding genes in sequence #6289 (1862 bp)...done!
Finding genes in sequence #6290 (1618 bp)...done!
Finding genes in sequence #6291 (1677 bp)...done!
Finding genes in sequence #6292 (5304 bp)...done!
Finding genes in sequence #6293 (2605 bp)...done!
Finding genes in sequence #6294 (1819 bp)...done!
Finding genes in sequence #6295 (56749 bp)...done!
Finding genes in sequence #6296 (2815 bp)...done!
Finding genes in sequence #6297 (2279 bp)...done!
Finding genes in sequence #6298 (2214 bp)...done!
Finding genes in sequence #6299 (3654 bp)...done!
Finding genes in sequence #6300 (1840 bp)...done!
Finding genes in sequence #6301 (5064 bp)...done!
Finding genes in sequence #6302 (9486 bp)...done!
Finding genes in sequence #6303 (1665 bp)...done!
Finding genes in sequence #6304 (163930 bp)...done!
Finding genes in sequence #6305 (1700 bp)...done!
Finding genes in sequence #6306 (1657 bp)...done!
Finding genes in sequence #6307 (1501 bp)...done!
Finding genes in sequence #6308 (2697 bp)...done!
Finding genes in sequence #6309 (19544 bp)...done!
Finding genes in sequence #6310 (13243 bp)...done!
Finding genes in sequence #6311 (3594 bp)...done!
Finding genes in sequence #6312 (1840 bp)...done!
Finding genes in sequence #6313 (1670 bp)...done!
Finding genes in sequence #6314 (2659 bp)...done!
Finding genes in sequence #6315 (3245 bp)...done!
Finding genes in sequence #6316 (134042 bp)...done!
Finding genes in sequence #6317 (2012 bp)...done!
Finding genes in sequence #6318 (2500 bp)...done!
Finding genes in sequence #6319 (4111 bp)...done!
Finding genes in sequence #6320 (2049 bp)...done!
Finding genes in sequence #6321 (2884 bp)...done!
Finding genes in sequence #6322 (1741 bp)...done!
Finding genes in sequence #6323 (17944 bp)...done!
Finding genes in sequence #6324 (5008 bp)...done!
Finding genes in sequence #6325 (1887 bp)...done!
Finding genes in sequence #6326 (2428 bp)...done!
Finding genes in sequence #6327 (1937 bp)...done!
Finding genes in sequence #6328 (2073 bp)...done!
Finding genes in sequence #6329 (5289 bp)...done!
Finding genes in sequence #6330 (8796 bp)...done!
Finding genes in sequence #6331 (1809 bp)...done!
Finding genes in sequence #6332 (1594 bp)...done!
Finding genes in sequence #6333 (1611 bp)...done!
Finding genes in sequence #6334 (5520 bp)...done!
Finding genes in sequence #6335 (1866 bp)...done!
Finding genes in sequence #6336 (3462 bp)...done!
Finding genes in sequence #6337 (2811 bp)...done!
Finding genes in sequence #6338 (2184 bp)...done!
Finding genes in sequence #6339 (3260 bp)...done!
Finding genes in sequence #6340 (1638 bp)...done!
Finding genes in sequence #6341 (18634 bp)...done!
Finding genes in sequence #6342 (2527 bp)...done!
Finding genes in sequence #6343 (2197 bp)...done!
Finding genes in sequence #6344 (1661 bp)...done!
Finding genes in sequence #6345 (8191 bp)...done!
Finding genes in sequence #6346 (4600 bp)...done!
Finding genes in sequence #6347 (3564 bp)...done!
Finding genes in sequence #6348 (3761 bp)...done!
Finding genes in sequence #6349 (1566 bp)...done!
Finding genes in sequence #6350 (1660 bp)...done!
Finding genes in sequence #6351 (1510 bp)...done!
Finding genes in sequence #6352 (2224 bp)...done!
Finding genes in sequence #6353 (4877 bp)...done!
Finding genes in sequence #6354 (1752 bp)...done!
Finding genes in sequence #6355 (5883 bp)...done!
Finding genes in sequence #6356 (1658 bp)...done!
Finding genes in sequence #6357 (2161 bp)...done!
Finding genes in sequence #6358 (2133 bp)...done!
Finding genes in sequence #6359 (4567 bp)...done!
Finding genes in sequence #6360 (2136 bp)...done!
Finding genes in sequence #6361 (2704 bp)...done!
Finding genes in sequence #6362 (1537 bp)...done!
Finding genes in sequence #6363 (1603 bp)...done!
Finding genes in sequence #6364 (8581 bp)...done!
Finding genes in sequence #6365 (38661 bp)...done!
Finding genes in sequence #6366 (2343 bp)...done!
Finding genes in sequence #6367 (1677 bp)...done!
Finding genes in sequence #6368 (2566 bp)...done!
Finding genes in sequence #6369 (47979 bp)...done!
Finding genes in sequence #6370 (4144 bp)...done!
Finding genes in sequence #6371 (5137 bp)...done!
Finding genes in sequence #6372 (2723 bp)...done!
Finding genes in sequence #6373 (4516 bp)...done!
Finding genes in sequence #6374 (3864 bp)...done!
Finding genes in sequence #6375 (1558 bp)...done!
Finding genes in sequence #6376 (2746 bp)...done!
Finding genes in sequence #6377 (1838 bp)...done!
Finding genes in sequence #6378 (4878 bp)...done!
Finding genes in sequence #6379 (2279 bp)...done!
Finding genes in sequence #6380 (2161 bp)...done!
Finding genes in sequence #6381 (4820 bp)...done!
Finding genes in sequence #6382 (2558 bp)...done!
Finding genes in sequence #6383 (1627 bp)...done!
Finding genes in sequence #6384 (31429 bp)...done!
Finding genes in sequence #6385 (2634 bp)...done!
Finding genes in sequence #6386 (2906 bp)...done!
Finding genes in sequence #6387 (15307 bp)...done!
Finding genes in sequence #6388 (2501 bp)...done!
Finding genes in sequence #6389 (6113 bp)...done!
Finding genes in sequence #6390 (1639 bp)...done!
Finding genes in sequence #6391 (9106 bp)...done!
Finding genes in sequence #6392 (1599 bp)...done!
Finding genes in sequence #6393 (1631 bp)...done!
Finding genes in sequence #6394 (1709 bp)...done!
Finding genes in sequence #6395 (1798 bp)...done!
Finding genes in sequence #6396 (1703 bp)...done!
Finding genes in sequence #6397 (1900 bp)...done!
Finding genes in sequence #6398 (4016 bp)...done!
Finding genes in sequence #6399 (2038 bp)...done!
Finding genes in sequence #6400 (1766 bp)...done!
Finding genes in sequence #6401 (1589 bp)...done!
Finding genes in sequence #6402 (2436 bp)...done!
Finding genes in sequence #6403 (6838 bp)...done!
Finding genes in sequence #6404 (2085 bp)...done!
Finding genes in sequence #6405 (1543 bp)...done!
Finding genes in sequence #6406 (1638 bp)...done!
Finding genes in sequence #6407 (3832 bp)...done!
Finding genes in sequence #6408 (2387 bp)...done!
Finding genes in sequence #6409 (2041 bp)...done!
Finding genes in sequence #6410 (25223 bp)...done!
Finding genes in sequence #6411 (1655 bp)...done!
Finding genes in sequence #6412 (1689 bp)...done!
Finding genes in sequence #6413 (17863 bp)...done!
Finding genes in sequence #6414 (8638 bp)...done!
Finding genes in sequence #6415 (2640 bp)...done!
Finding genes in sequence #6416 (61403 bp)...done!
Finding genes in sequence #6417 (1995 bp)...done!
Finding genes in sequence #6418 (2983 bp)...done!
Finding genes in sequence #6419 (2120 bp)...done!
Finding genes in sequence #6420 (1809 bp)...done!
Finding genes in sequence #6421 (1566 bp)...done!
Finding genes in sequence #6422 (1626 bp)...done!
Finding genes in sequence #6423 (2824 bp)...done!
Finding genes in sequence #6424 (3185 bp)...done!
Finding genes in sequence #6425 (1834 bp)...done!
Finding genes in sequence #6426 (1743 bp)...done!
Finding genes in sequence #6427 (2292 bp)...done!
Finding genes in sequence #6428 (2902 bp)...done!
Finding genes in sequence #6429 (7247 bp)...done!
Finding genes in sequence #6430 (1618 bp)...done!
Finding genes in sequence #6431 (1521 bp)...done!
Finding genes in sequence #6432 (3312 bp)...done!
Finding genes in sequence #6433 (1719 bp)...done!
Finding genes in sequence #6434 (2540 bp)...done!
Finding genes in sequence #6435 (6789 bp)...done!
Finding genes in sequence #6436 (3003 bp)...done!
Finding genes in sequence #6437 (2400 bp)...done!
Finding genes in sequence #6438 (2350 bp)...done!
Finding genes in sequence #6439 (1919 bp)...done!
Finding genes in sequence #6440 (5857 bp)...done!
Finding genes in sequence #6441 (10366 bp)...done!
Finding genes in sequence #6442 (4668 bp)...done!
Finding genes in sequence #6443 (3805 bp)...done!
Finding genes in sequence #6444 (26982 bp)...done!
Finding genes in sequence #6445 (3433 bp)...done!
Finding genes in sequence #6446 (1657 bp)...done!
Finding genes in sequence #6447 (4774 bp)...done!
Finding genes in sequence #6448 (2342 bp)...done!
Finding genes in sequence #6449 (3874 bp)...done!
Finding genes in sequence #6450 (9694 bp)...done!
Finding genes in sequence #6451 (4752 bp)...done!
Finding genes in sequence #6452 (90778 bp)...done!
Finding genes in sequence #6453 (2210 bp)...done!
Finding genes in sequence #6454 (2245 bp)...done!
Finding genes in sequence #6455 (1519 bp)...done!
Finding genes in sequence #6456 (2551 bp)...done!
Finding genes in sequence #6457 (2098 bp)...done!
Finding genes in sequence #6458 (2406 bp)...done!
Finding genes in sequence #6459 (2360 bp)...done!
Finding genes in sequence #6460 (4759 bp)...done!
Finding genes in sequence #6461 (1504 bp)...done!
Finding genes in sequence #6462 (1692 bp)...done!
Finding genes in sequence #6463 (1805 bp)...done!
Finding genes in sequence #6464 (4285 bp)...done!
Finding genes in sequence #6465 (1848 bp)...done!
Finding genes in sequence #6466 (2169 bp)...done!
Finding genes in sequence #6467 (7758 bp)...done!
Finding genes in sequence #6468 (1686 bp)...done!
Finding genes in sequence #6469 (15258 bp)...done!
Finding genes in sequence #6470 (6230 bp)...done!
Finding genes in sequence #6471 (1617 bp)...done!
Finding genes in sequence #6472 (2546 bp)...done!
Finding genes in sequence #6473 (4303 bp)...done!
Finding genes in sequence #6474 (1692 bp)...done!
Finding genes in sequence #6475 (3139 bp)...done!
Finding genes in sequence #6476 (4147 bp)...done!
Finding genes in sequence #6477 (20157 bp)...done!
Finding genes in sequence #6478 (3027 bp)...done!
Finding genes in sequence #6479 (1516 bp)...done!
Finding genes in sequence #6480 (12547 bp)...done!
Finding genes in sequence #6481 (5812 bp)...done!
Finding genes in sequence #6482 (2676 bp)...done!
Finding genes in sequence #6483 (2100 bp)...done!
Finding genes in sequence #6484 (3413 bp)...done!
Finding genes in sequence #6485 (1623 bp)...done!
Finding genes in sequence #6486 (3097 bp)...done!
Finding genes in sequence #6487 (2240 bp)...done!
Finding genes in sequence #6488 (3083 bp)...done!
Finding genes in sequence #6489 (4952 bp)...done!
Finding genes in sequence #6490 (2495 bp)...done!
Finding genes in sequence #6491 (2856 bp)...done!
Finding genes in sequence #6492 (19597 bp)...done!
Finding genes in sequence #6493 (1921 bp)...done!
Finding genes in sequence #6494 (2009 bp)...done!
Finding genes in sequence #6495 (2829 bp)...done!
Finding genes in sequence #6496 (21576 bp)...done!
Finding genes in sequence #6497 (2575 bp)...done!
Finding genes in sequence #6498 (11290 bp)...done!
Finding genes in sequence #6499 (5089 bp)...done!
Finding genes in sequence #6500 (1594 bp)...done!
Finding genes in sequence #6501 (2324 bp)...done!
Finding genes in sequence #6502 (1648 bp)...done!
Finding genes in sequence #6503 (2453 bp)...done!
Finding genes in sequence #6504 (17264 bp)...done!
Finding genes in sequence #6505 (1633 bp)...done!
Finding genes in sequence #6506 (1827 bp)...done!
Finding genes in sequence #6507 (2234 bp)...done!
Finding genes in sequence #6508 (62086 bp)...done!
Finding genes in sequence #6509 (1739 bp)...done!
Finding genes in sequence #6510 (2179 bp)...done!
Finding genes in sequence #6511 (3471 bp)...done!
Finding genes in sequence #6512 (8605 bp)...done!
Finding genes in sequence #6513 (1736 bp)...done!
Finding genes in sequence #6514 (2596 bp)...done!
Finding genes in sequence #6515 (3252 bp)...done!
Finding genes in sequence #6516 (1960 bp)...done!
Finding genes in sequence #6517 (3154 bp)...done!
Finding genes in sequence #6518 (1507 bp)...done!
Finding genes in sequence #6519 (1559 bp)...done!
Finding genes in sequence #6520 (1510 bp)...done!
Finding genes in sequence #6521 (1716 bp)...done!
Finding genes in sequence #6522 (1957 bp)...done!
Finding genes in sequence #6523 (5107 bp)...done!
Finding genes in sequence #6524 (2419 bp)...done!
Finding genes in sequence #6525 (2634 bp)...done!
Finding genes in sequence #6526 (1546 bp)...done!
Finding genes in sequence #6527 (1690 bp)...done!
Finding genes in sequence #6528 (2545 bp)...done!
Finding genes in sequence #6529 (10574 bp)...done!
Finding genes in sequence #6530 (3362 bp)...done!
Finding genes in sequence #6531 (1854 bp)...done!
Finding genes in sequence #6532 (3881 bp)...done!
Finding genes in sequence #6533 (2761 bp)...done!
Finding genes in sequence #6534 (18873 bp)...done!
Finding genes in sequence #6535 (1539 bp)...done!
Finding genes in sequence #6536 (1708 bp)...done!
Finding genes in sequence #6537 (2493 bp)...done!
Finding genes in sequence #6538 (6458 bp)...done!
Finding genes in sequence #6539 (1940 bp)...done!
Finding genes in sequence #6540 (1734 bp)...done!
Finding genes in sequence #6541 (3941 bp)...done!
Finding genes in sequence #6542 (1960 bp)...done!
Finding genes in sequence #6543 (13699 bp)...done!
Finding genes in sequence #6544 (58018 bp)...done!
Finding genes in sequence #6545 (2026 bp)...done!
Finding genes in sequence #6546 (4047 bp)...done!
Finding genes in sequence #6547 (7491 bp)...done!
Finding genes in sequence #6548 (13854 bp)...done!
Finding genes in sequence #6549 (2208 bp)...done!
Finding genes in sequence #6550 (4569 bp)...done!
Finding genes in sequence #6551 (5031 bp)...done!
Finding genes in sequence #6552 (1718 bp)...done!
Finding genes in sequence #6553 (1670 bp)...done!
Finding genes in sequence #6554 (1993 bp)...done!
Finding genes in sequence #6555 (1942 bp)...done!
Finding genes in sequence #6556 (2862 bp)...done!
Finding genes in sequence #6557 (4054 bp)...done!
Finding genes in sequence #6558 (1599 bp)...done!
Finding genes in sequence #6559 (2174 bp)...done!
Finding genes in sequence #6560 (179560 bp)...done!
Finding genes in sequence #6561 (1879 bp)...done!
Finding genes in sequence #6562 (2734 bp)...done!
Finding genes in sequence #6563 (2745 bp)...done!
Finding genes in sequence #6564 (2819 bp)...done!
Finding genes in sequence #6565 (8594 bp)...done!
Finding genes in sequence #6566 (2222 bp)...done!
Finding genes in sequence #6567 (5260 bp)...done!
Finding genes in sequence #6568 (1923 bp)...done!
Finding genes in sequence #6569 (2488 bp)...done!
Finding genes in sequence #6570 (2129 bp)...done!
Finding genes in sequence #6571 (1580 bp)...done!
Finding genes in sequence #6572 (1815 bp)...done!
Finding genes in sequence #6573 (2184 bp)...done!
Finding genes in sequence #6574 (1751 bp)...done!
Finding genes in sequence #6575 (1698 bp)...done!
Finding genes in sequence #6576 (26708 bp)...done!
Finding genes in sequence #6577 (2585 bp)...done!
Finding genes in sequence #6578 (1605 bp)...done!
Finding genes in sequence #6579 (2018 bp)...done!
Finding genes in sequence #6580 (1706 bp)...done!
Finding genes in sequence #6581 (1910 bp)...done!
Finding genes in sequence #6582 (1771 bp)...done!
Finding genes in sequence #6583 (2359 bp)...done!
Finding genes in sequence #6584 (1965 bp)...done!
Finding genes in sequence #6585 (1755 bp)...done!
Finding genes in sequence #6586 (1952 bp)...done!
Finding genes in sequence #6587 (1622 bp)...done!
Finding genes in sequence #6588 (11276 bp)...done!
Finding genes in sequence #6589 (1623 bp)...done!
Finding genes in sequence #6590 (2920 bp)...done!
Finding genes in sequence #6591 (3547 bp)...done!
Finding genes in sequence #6592 (3867 bp)...done!
Finding genes in sequence #6593 (3133 bp)...done!
Finding genes in sequence #6594 (1771 bp)...done!
Finding genes in sequence #6595 (2119 bp)...done!
Finding genes in sequence #6596 (1702 bp)...done!
Finding genes in sequence #6597 (4570 bp)...done!
Finding genes in sequence #6598 (8704 bp)...done!
Finding genes in sequence #6599 (12233 bp)...done!
Finding genes in sequence #6600 (3044 bp)...done!
Finding genes in sequence #6601 (2247 bp)...done!
Finding genes in sequence #6602 (5297 bp)...done!
Finding genes in sequence #6603 (1718 bp)...done!
Finding genes in sequence #6604 (1510 bp)...done!
Finding genes in sequence #6605 (2540 bp)...done!
Finding genes in sequence #6606 (2140 bp)...done!
Finding genes in sequence #6607 (1553 bp)...done!
Finding genes in sequence #6608 (2596 bp)...done!
Finding genes in sequence #6609 (2443 bp)...done!
Finding genes in sequence #6610 (13625 bp)...done!
Finding genes in sequence #6611 (4601 bp)...done!
Finding genes in sequence #6612 (3985 bp)...done!
Finding genes in sequence #6613 (2185 bp)...done!
Finding genes in sequence #6614 (2546 bp)...done!
Finding genes in sequence #6615 (2728 bp)...done!
Finding genes in sequence #6616 (2399 bp)...done!
Finding genes in sequence #6617 (3036 bp)...done!
Finding genes in sequence #6618 (1639 bp)...done!
Finding genes in sequence #6619 (2413 bp)...done!
Finding genes in sequence #6620 (2592 bp)...done!
Finding genes in sequence #6621 (1762 bp)...done!
Finding genes in sequence #6622 (2340 bp)...done!
Finding genes in sequence #6623 (2237 bp)...done!
Finding genes in sequence #6624 (14052 bp)...done!
Finding genes in sequence #6625 (4713 bp)...done!
Finding genes in sequence #6626 (2255 bp)...done!
Finding genes in sequence #6627 (1605 bp)...done!
Finding genes in sequence #6628 (1531 bp)...done!
Finding genes in sequence #6629 (8758 bp)...done!
Finding genes in sequence #6630 (1720 bp)...done!
Finding genes in sequence #6631 (1743 bp)...done!
Finding genes in sequence #6632 (1581 bp)...done!
Finding genes in sequence #6633 (5074 bp)...done!
Finding genes in sequence #6634 (10345 bp)...done!
Finding genes in sequence #6635 (2627 bp)...done!
Finding genes in sequence #6636 (8845 bp)...done!
Finding genes in sequence #6637 (2295 bp)...done!
Finding genes in sequence #6638 (2516 bp)...done!
Finding genes in sequence #6639 (1848 bp)...done!
Finding genes in sequence #6640 (2598 bp)...done!
Finding genes in sequence #6641 (1685 bp)...done!
Finding genes in sequence #6642 (2661 bp)...done!
Finding genes in sequence #6643 (1955 bp)...done!
Finding genes in sequence #6644 (2147 bp)...done!
Finding genes in sequence #6645 (5240 bp)...done!
Finding genes in sequence #6646 (2598 bp)...done!
Finding genes in sequence #6647 (4676 bp)...done!
Finding genes in sequence #6648 (3550 bp)...done!
Finding genes in sequence #6649 (2270 bp)...done!
Finding genes in sequence #6650 (1831 bp)...done!
Finding genes in sequence #6651 (1759 bp)...done!
Finding genes in sequence #6652 (1695 bp)...done!
Finding genes in sequence #6653 (15214 bp)...done!
Finding genes in sequence #6654 (2192 bp)...done!
Finding genes in sequence #6655 (3409 bp)...done!
Finding genes in sequence #6656 (2232 bp)...done!
Finding genes in sequence #6657 (1669 bp)...done!
Finding genes in sequence #6658 (2426 bp)...done!
Finding genes in sequence #6659 (2789 bp)...done!
Finding genes in sequence #6660 (1523 bp)...done!
Finding genes in sequence #6661 (2715 bp)...done!
Finding genes in sequence #6662 (7128 bp)...done!
Finding genes in sequence #6663 (1578 bp)...done!
Finding genes in sequence #6664 (1851 bp)...done!
Finding genes in sequence #6665 (1968 bp)...done!
Finding genes in sequence #6666 (2259 bp)...done!
Finding genes in sequence #6667 (2625 bp)...done!
Finding genes in sequence #6668 (1650 bp)...done!
Finding genes in sequence #6669 (1670 bp)...done!
Finding genes in sequence #6670 (30094 bp)...done!
Finding genes in sequence #6671 (2150 bp)...done!
Finding genes in sequence #6672 (1924 bp)...done!
Finding genes in sequence #6673 (1530 bp)...done!
Finding genes in sequence #6674 (2168 bp)...done!
Finding genes in sequence #6675 (3539 bp)...done!
Finding genes in sequence #6676 (1858 bp)...done!
Finding genes in sequence #6677 (2014 bp)...done!
Finding genes in sequence #6678 (6674 bp)...done!
Finding genes in sequence #6679 (1551 bp)...done!
Finding genes in sequence #6680 (3320 bp)...done!
Finding genes in sequence #6681 (1996 bp)...done!
Finding genes in sequence #6682 (1909 bp)...done!
Finding genes in sequence #6683 (1911 bp)...done!
Finding genes in sequence #6684 (1801 bp)...done!
Finding genes in sequence #6685 (20148 bp)...done!
Finding genes in sequence #6686 (3542 bp)...done!
Finding genes in sequence #6687 (3175 bp)...done!
Finding genes in sequence #6688 (1559 bp)...done!
Finding genes in sequence #6689 (1826 bp)...done!
Finding genes in sequence #6690 (1566 bp)...done!
Finding genes in sequence #6691 (10622 bp)...done!
Finding genes in sequence #6692 (1864 bp)...done!
Finding genes in sequence #6693 (1802 bp)...done!
Finding genes in sequence #6694 (59244 bp)...done!
Finding genes in sequence #6695 (1629 bp)...done!
Finding genes in sequence #6696 (1603 bp)...done!
Finding genes in sequence #6697 (1975 bp)...done!
Finding genes in sequence #6698 (14775 bp)...done!
Finding genes in sequence #6699 (2187 bp)...done!
Finding genes in sequence #6700 (2101 bp)...done!
Finding genes in sequence #6701 (9310 bp)...done!
Finding genes in sequence #6702 (1727 bp)...done!
Finding genes in sequence #6703 (2404 bp)...done!
Finding genes in sequence #6704 (1845 bp)...done!
Finding genes in sequence #6705 (8065 bp)...done!
Finding genes in sequence #6706 (1583 bp)...done!
Finding genes in sequence #6707 (4289 bp)...done!
Finding genes in sequence #6708 (3163 bp)...done!
Finding genes in sequence #6709 (2287 bp)...done!
Finding genes in sequence #6710 (1695 bp)...done!
Finding genes in sequence #6711 (2207 bp)...done!
Finding genes in sequence #6712 (1660 bp)...done!
Finding genes in sequence #6713 (1684 bp)...done!
Finding genes in sequence #6714 (8055 bp)...done!
Finding genes in sequence #6715 (3367 bp)...done!
Finding genes in sequence #6716 (8493 bp)...done!
Finding genes in sequence #6717 (8805 bp)...done!
Finding genes in sequence #6718 (8867 bp)...done!
Finding genes in sequence #6719 (2055 bp)...done!
Finding genes in sequence #6720 (8173 bp)...done!
Finding genes in sequence #6721 (2702 bp)...done!
Finding genes in sequence #6722 (4768 bp)...done!
Finding genes in sequence #6723 (1924 bp)...done!
Finding genes in sequence #6724 (1829 bp)...done!
Finding genes in sequence #6725 (72648 bp)...done!
Finding genes in sequence #6726 (1521 bp)...done!
Finding genes in sequence #6727 (432090 bp)...done!
Finding genes in sequence #6728 (2524 bp)...done!
Finding genes in sequence #6729 (11618 bp)...done!
Finding genes in sequence #6730 (28130 bp)...done!
Finding genes in sequence #6731 (3642 bp)...done!
Finding genes in sequence #6732 (5250 bp)...done!
Finding genes in sequence #6733 (1956 bp)...done!
Finding genes in sequence #6734 (509735 bp)...done!
Finding genes in sequence #6735 (1842 bp)...done!
Finding genes in sequence #6736 (4812 bp)...done!
Finding genes in sequence #6737 (1566 bp)...done!
Finding genes in sequence #6738 (1522 bp)...done!
Finding genes in sequence #6739 (2140 bp)...done!
Finding genes in sequence #6740 (1624 bp)...done!
Finding genes in sequence #6741 (7201 bp)...done!
Finding genes in sequence #6742 (2318 bp)...done!
Finding genes in sequence #6743 (1940 bp)...done!
Finding genes in sequence #6744 (4891 bp)...done!
Finding genes in sequence #6745 (2668 bp)...done!
Finding genes in sequence #6746 (1572 bp)...done!
Finding genes in sequence #6747 (2163 bp)...done!
Finding genes in sequence #6748 (2676 bp)...done!
Finding genes in sequence #6749 (1504 bp)...done!
Finding genes in sequence #6750 (6313 bp)...done!
Finding genes in sequence #6751 (4365 bp)...done!
Finding genes in sequence #6752 (2868 bp)...done!
Finding genes in sequence #6753 (1832 bp)...done!
Finding genes in sequence #6754 (2314 bp)...done!
Finding genes in sequence #6755 (1622 bp)...done!
Finding genes in sequence #6756 (3496 bp)...done!
Finding genes in sequence #6757 (1690 bp)...done!
Finding genes in sequence #6758 (2727 bp)...done!
Finding genes in sequence #6759 (4190 bp)...done!
Finding genes in sequence #6760 (4148 bp)...done!
Finding genes in sequence #6761 (3569 bp)...done!
Finding genes in sequence #6762 (1934 bp)...done!
Finding genes in sequence #6763 (1915 bp)...done!
Finding genes in sequence #6764 (1697 bp)...done!
Finding genes in sequence #6765 (3353 bp)...done!
Finding genes in sequence #6766 (1765 bp)...done!
Finding genes in sequence #6767 (2648 bp)...done!
Finding genes in sequence #6768 (1693 bp)...done!
Finding genes in sequence #6769 (7944 bp)...done!
Finding genes in sequence #6770 (3286 bp)...done!
Finding genes in sequence #6771 (1611 bp)...done!
Finding genes in sequence #6772 (2566 bp)...done!
Finding genes in sequence #6773 (22622 bp)...done!
Finding genes in sequence #6774 (1739 bp)...done!
Finding genes in sequence #6775 (1516 bp)...done!
Finding genes in sequence #6776 (1920 bp)...done!
Finding genes in sequence #6777 (2064 bp)...done!
Finding genes in sequence #6778 (52251 bp)...done!
Finding genes in sequence #6779 (3093 bp)...done!
Finding genes in sequence #6780 (4841 bp)...done!
Finding genes in sequence #6781 (1597 bp)...done!
Finding genes in sequence #6782 (1518 bp)...done!
Finding genes in sequence #6783 (1821 bp)...done!
Finding genes in sequence #6784 (1988 bp)...done!
Finding genes in sequence #6785 (3663 bp)...done!
Finding genes in sequence #6786 (3745 bp)...done!
Finding genes in sequence #6787 (1905 bp)...done!
Finding genes in sequence #6788 (53615 bp)...done!
Finding genes in sequence #6789 (1756 bp)...done!
Finding genes in sequence #6790 (15494 bp)...done!
Finding genes in sequence #6791 (4599 bp)...done!
Finding genes in sequence #6792 (3167 bp)...done!
Finding genes in sequence #6793 (5235 bp)...done!
Finding genes in sequence #6794 (6279 bp)...done!
Finding genes in sequence #6795 (2054 bp)...done!
Finding genes in sequence #6796 (1673 bp)...done!
Finding genes in sequence #6797 (2469 bp)...done!
Finding genes in sequence #6798 (3191 bp)...done!
Finding genes in sequence #6799 (1828 bp)...done!
Finding genes in sequence #6800 (2470 bp)...done!
Finding genes in sequence #6801 (12853 bp)...done!
Finding genes in sequence #6802 (2522 bp)...done!
Finding genes in sequence #6803 (1604 bp)...done!
Finding genes in sequence #6804 (1614 bp)...done!
Finding genes in sequence #6805 (2156 bp)...done!
Finding genes in sequence #6806 (2222 bp)...done!
Finding genes in sequence #6807 (5381 bp)...done!
Finding genes in sequence #6808 (4352 bp)...done!
Finding genes in sequence #6809 (1869 bp)...done!
Finding genes in sequence #6810 (3090 bp)...done!
Finding genes in sequence #6811 (25658 bp)...done!
Finding genes in sequence #6812 (2070 bp)...done!
Finding genes in sequence #6813 (1564 bp)...done!
Finding genes in sequence #6814 (3274 bp)...done!
Finding genes in sequence #6815 (2350 bp)...done!
Finding genes in sequence #6816 (2447 bp)...done!
Finding genes in sequence #6817 (2902 bp)...done!
Finding genes in sequence #6818 (3972 bp)...done!
Finding genes in sequence #6819 (44420 bp)...done!
Finding genes in sequence #6820 (1760 bp)...done!
Finding genes in sequence #6821 (2761 bp)...done!
Finding genes in sequence #6822 (12009 bp)...done!
Finding genes in sequence #6823 (10120 bp)...done!
Finding genes in sequence #6824 (20037 bp)...done!
Finding genes in sequence #6825 (16960 bp)...done!
Finding genes in sequence #6826 (1632 bp)...done!
Finding genes in sequence #6827 (12267 bp)...done!
Finding genes in sequence #6828 (3196 bp)...done!
Finding genes in sequence #6829 (1818 bp)...done!
Finding genes in sequence #6830 (1772 bp)...done!
Finding genes in sequence #6831 (2618 bp)...done!
Finding genes in sequence #6832 (3806 bp)...done!
Finding genes in sequence #6833 (1920 bp)...done!
Finding genes in sequence #6834 (2937 bp)...done!
Finding genes in sequence #6835 (1582 bp)...done!
Finding genes in sequence #6836 (2103 bp)...done!
Finding genes in sequence #6837 (30940 bp)...done!
Finding genes in sequence #6838 (2958 bp)...done!
Finding genes in sequence #6839 (3433 bp)...done!
Finding genes in sequence #6840 (3407 bp)...done!
Finding genes in sequence #6841 (1917 bp)...done!
Finding genes in sequence #6842 (1716 bp)...done!
Finding genes in sequence #6843 (77660 bp)...done!
Finding genes in sequence #6844 (9777 bp)...done!
Finding genes in sequence #6845 (3523 bp)...done!
Finding genes in sequence #6846 (9202 bp)...done!
Finding genes in sequence #6847 (4753 bp)...done!
Finding genes in sequence #6848 (7412 bp)...done!
Finding genes in sequence #6849 (3516 bp)...done!
Finding genes in sequence #6850 (1708 bp)...done!
Finding genes in sequence #6851 (23786 bp)...done!
Finding genes in sequence #6852 (1979 bp)...done!
Finding genes in sequence #6853 (5667 bp)...done!
Finding genes in sequence #6854 (5081 bp)...done!
Finding genes in sequence #6855 (2274 bp)...done!
Finding genes in sequence #6856 (2909 bp)...done!
Finding genes in sequence #6857 (7141 bp)...done!
Finding genes in sequence #6858 (1832 bp)...done!
Finding genes in sequence #6859 (12616 bp)...done!
Finding genes in sequence #6860 (2854 bp)...done!
Finding genes in sequence #6861 (3220 bp)...done!
Finding genes in sequence #6862 (1528 bp)...done!
Finding genes in sequence #6863 (23562 bp)...done!
Finding genes in sequence #6864 (9272 bp)...done!
Finding genes in sequence #6865 (30524 bp)...done!
Finding genes in sequence #6866 (4041 bp)...done!
Finding genes in sequence #6867 (5043 bp)...done!
Finding genes in sequence #6868 (3467 bp)...done!
Finding genes in sequence #6869 (3402 bp)...done!
Finding genes in sequence #6870 (1589 bp)...done!
Finding genes in sequence #6871 (1642 bp)...done!
Finding genes in sequence #6872 (8035 bp)...done!
Finding genes in sequence #6873 (5122 bp)...done!
Finding genes in sequence #6874 (4049 bp)...done!
Finding genes in sequence #6875 (5610 bp)...done!
Finding genes in sequence #6876 (11174 bp)...done!
Finding genes in sequence #6877 (1626 bp)...done!
Finding genes in sequence #6878 (86608 bp)...done!
Finding genes in sequence #6879 (1527 bp)...done!
Finding genes in sequence #6880 (1895 bp)...done!
Finding genes in sequence #6881 (3023 bp)...done!
Finding genes in sequence #6882 (4575 bp)...done!
Finding genes in sequence #6883 (9460 bp)...done!
Finding genes in sequence #6884 (3894 bp)...done!
Finding genes in sequence #6885 (2847 bp)...done!
Finding genes in sequence #6886 (1693 bp)...done!
Finding genes in sequence #6887 (1822 bp)...done!
Finding genes in sequence #6888 (5004 bp)...done!
Finding genes in sequence #6889 (2121 bp)...done!
Finding genes in sequence #6890 (2702 bp)...done!
Finding genes in sequence #6891 (2329 bp)...done!
Finding genes in sequence #6892 (1827 bp)...done!
Finding genes in sequence #6893 (11507 bp)...done!
Finding genes in sequence #6894 (2511 bp)...done!
Finding genes in sequence #6895 (2505 bp)...done!
Finding genes in sequence #6896 (2148 bp)...done!
Finding genes in sequence #6897 (6991 bp)...done!
Finding genes in sequence #6898 (8128 bp)...done!
Finding genes in sequence #6899 (22623 bp)...done!
Finding genes in sequence #6900 (1546 bp)...done!
Finding genes in sequence #6901 (1787 bp)...done!
Finding genes in sequence #6902 (2416 bp)...done!
Finding genes in sequence #6903 (6886 bp)...done!
Finding genes in sequence #6904 (2826 bp)...done!
Finding genes in sequence #6905 (1863 bp)...done!
Finding genes in sequence #6906 (15511 bp)...done!
Finding genes in sequence #6907 (1795 bp)...done!
Finding genes in sequence #6908 (2312 bp)...done!
Finding genes in sequence #6909 (2204 bp)...done!
Finding genes in sequence #6910 (2392 bp)...done!
Finding genes in sequence #6911 (38938 bp)...done!
Finding genes in sequence #6912 (2168 bp)...done!
Finding genes in sequence #6913 (1925 bp)...done!
Finding genes in sequence #6914 (3335 bp)...done!
Finding genes in sequence #6915 (2740 bp)...done!
Finding genes in sequence #6916 (2598 bp)...done!
Finding genes in sequence #6917 (2282 bp)...done!
Finding genes in sequence #6918 (6885 bp)...done!
Finding genes in sequence #6919 (1794 bp)...done!
Finding genes in sequence #6920 (1914 bp)...done!
Finding genes in sequence #6921 (5490 bp)...done!
Finding genes in sequence #6922 (4160 bp)...done!
Finding genes in sequence #6923 (12853 bp)...done!
Finding genes in sequence #6924 (21929 bp)...done!
Finding genes in sequence #6925 (2681 bp)...done!
Finding genes in sequence #6926 (1600 bp)...done!
Finding genes in sequence #6927 (1567 bp)...done!
Finding genes in sequence #6928 (1620 bp)...done!
Finding genes in sequence #6929 (4654 bp)...done!
Finding genes in sequence #6930 (4042 bp)...done!
Finding genes in sequence #6931 (1609 bp)...done!
Finding genes in sequence #6932 (1609 bp)...done!
Finding genes in sequence #6933 (1664 bp)...done!
Finding genes in sequence #6934 (1850 bp)...done!
Finding genes in sequence #6935 (1787 bp)...done!
Finding genes in sequence #6936 (2322 bp)...done!
Finding genes in sequence #6937 (6865 bp)...done!
Finding genes in sequence #6938 (1831 bp)...done!
Finding genes in sequence #6939 (28861 bp)...done!
Finding genes in sequence #6940 (13796 bp)...done!
Finding genes in sequence #6941 (2099 bp)...done!
Finding genes in sequence #6942 (2768 bp)...done!
Finding genes in sequence #6943 (65351 bp)...done!
Finding genes in sequence #6944 (7342 bp)...done!
Finding genes in sequence #6945 (14165 bp)...done!
Finding genes in sequence #6946 (3544 bp)...done!
Finding genes in sequence #6947 (1586 bp)...done!
Finding genes in sequence #6948 (2533 bp)...done!
Finding genes in sequence #6949 (1868 bp)...done!
Finding genes in sequence #6950 (2001 bp)...done!
Finding genes in sequence #6951 (2151 bp)...done!
Finding genes in sequence #6952 (4857 bp)...done!
Finding genes in sequence #6953 (2205 bp)...done!
Finding genes in sequence #6954 (6841 bp)...done!
Finding genes in sequence #6955 (4735 bp)...done!
Finding genes in sequence #6956 (1627 bp)...done!
Finding genes in sequence #6957 (1593 bp)...done!
Finding genes in sequence #6958 (2366 bp)...done!
Finding genes in sequence #6959 (1718 bp)...done!
Finding genes in sequence #6960 (4823 bp)...done!
Finding genes in sequence #6961 (1985 bp)...done!
Finding genes in sequence #6962 (1709 bp)...done!
Finding genes in sequence #6963 (3445 bp)...done!
Finding genes in sequence #6964 (5617 bp)...done!
Finding genes in sequence #6965 (2405 bp)...done!
Finding genes in sequence #6966 (4448 bp)...done!
Finding genes in sequence #6967 (1585 bp)...done!
Finding genes in sequence #6968 (9224 bp)...done!
Finding genes in sequence #6969 (1897 bp)...done!
Finding genes in sequence #6970 (1586 bp)...done!
Finding genes in sequence #6971 (14745 bp)...done!
Finding genes in sequence #6972 (5650 bp)...done!
Finding genes in sequence #6973 (2012 bp)...done!
Finding genes in sequence #6974 (3936 bp)...done!
Finding genes in sequence #6975 (1502 bp)...done!
Finding genes in sequence #6976 (2141 bp)...done!
Finding genes in sequence #6977 (6750 bp)...done!
Finding genes in sequence #6978 (29723 bp)...done!
Finding genes in sequence #6979 (2459 bp)...done!
Finding genes in sequence #6980 (1721 bp)...done!
Finding genes in sequence #6981 (1980 bp)...done!
Finding genes in sequence #6982 (1822 bp)...done!
Finding genes in sequence #6983 (3469 bp)...done!
Finding genes in sequence #6984 (1879 bp)...done!
Finding genes in sequence #6985 (1619 bp)...done!
Finding genes in sequence #6986 (1859 bp)...done!
Finding genes in sequence #6987 (1506 bp)...done!
Finding genes in sequence #6988 (2133 bp)...done!
Finding genes in sequence #6989 (18421 bp)...done!
Finding genes in sequence #6990 (67277 bp)...done!
Finding genes in sequence #6991 (7203 bp)...done!
Finding genes in sequence #6992 (1618 bp)...done!
Finding genes in sequence #6993 (9204 bp)...done!
Finding genes in sequence #6994 (56071 bp)...done!
Finding genes in sequence #6995 (1534 bp)...done!
Finding genes in sequence #6996 (2580 bp)...done!
Finding genes in sequence #6997 (15616 bp)...done!
Finding genes in sequence #6998 (1964 bp)...done!
Finding genes in sequence #6999 (1896 bp)...done!
Finding genes in sequence #7000 (2701 bp)...done!
Finding genes in sequence #7001 (4482 bp)...done!
Finding genes in sequence #7002 (1966 bp)...done!
Finding genes in sequence #7003 (2221 bp)...done!
Finding genes in sequence #7004 (1626 bp)...done!
Finding genes in sequence #7005 (56968 bp)...done!
Finding genes in sequence #7006 (61318 bp)...done!
Finding genes in sequence #7007 (1956 bp)...done!
Finding genes in sequence #7008 (1719 bp)...done!
Finding genes in sequence #7009 (1790 bp)...done!
Finding genes in sequence #7010 (1551 bp)...done!
Finding genes in sequence #7011 (3577 bp)...done!
Finding genes in sequence #7012 (7166 bp)...done!
Finding genes in sequence #7013 (1918 bp)...done!
Finding genes in sequence #7014 (1783 bp)...done!
Finding genes in sequence #7015 (2658 bp)...done!
Finding genes in sequence #7016 (1710 bp)...done!
Finding genes in sequence #7017 (2194 bp)...done!
Finding genes in sequence #7018 (9839 bp)...done!
Finding genes in sequence #7019 (1781 bp)...done!
Finding genes in sequence #7020 (7243 bp)...done!
Finding genes in sequence #7021 (2983 bp)...done!
Finding genes in sequence #7022 (30507 bp)...done!
Finding genes in sequence #7023 (2821 bp)...done!
Finding genes in sequence #7024 (1712 bp)...done!
Finding genes in sequence #7025 (41861 bp)...done!
Finding genes in sequence #7026 (3300 bp)...done!
Finding genes in sequence #7027 (1528 bp)...done!
Finding genes in sequence #7028 (4257 bp)...done!
Finding genes in sequence #7029 (1513 bp)...done!
Finding genes in sequence #7030 (3058 bp)...done!
Finding genes in sequence #7031 (1658 bp)...done!
Finding genes in sequence #7032 (7095 bp)...done!
Finding genes in sequence #7033 (1575 bp)...done!
Finding genes in sequence #7034 (5323 bp)...done!
Finding genes in sequence #7035 (2386 bp)...done!
Finding genes in sequence #7036 (2041 bp)...done!
Finding genes in sequence #7037 (2036 bp)...done!
Finding genes in sequence #7038 (1743 bp)...done!
Finding genes in sequence #7039 (1783 bp)...done!
Finding genes in sequence #7040 (1593 bp)...done!
Finding genes in sequence #7041 (2452 bp)...done!
Finding genes in sequence #7042 (1792 bp)...done!
Finding genes in sequence #7043 (1636 bp)...done!
Finding genes in sequence #7044 (1645 bp)...done!
Finding genes in sequence #7045 (4430 bp)...done!
Finding genes in sequence #7046 (2631 bp)...done!
Finding genes in sequence #7047 (1954 bp)...done!
Finding genes in sequence #7048 (4666 bp)...done!
Finding genes in sequence #7049 (2345 bp)...done!
Finding genes in sequence #7050 (2257 bp)...done!
Finding genes in sequence #7051 (6186 bp)...done!
Finding genes in sequence #7052 (3181 bp)...done!
Finding genes in sequence #7053 (1725 bp)...done!
Finding genes in sequence #7054 (4468 bp)...done!
Finding genes in sequence #7055 (2433 bp)...done!
Finding genes in sequence #7056 (1674 bp)...done!
Finding genes in sequence #7057 (1767 bp)...done!
Finding genes in sequence #7058 (3451 bp)...done!
Finding genes in sequence #7059 (2140 bp)...done!
Finding genes in sequence #7060 (1641 bp)...done!
Finding genes in sequence #7061 (1644 bp)...done!
Finding genes in sequence #7062 (1847 bp)...done!
Finding genes in sequence #7063 (3266 bp)...done!
Finding genes in sequence #7064 (1501 bp)...done!
Finding genes in sequence #7065 (2787 bp)...done!
Finding genes in sequence #7066 (2156 bp)...done!
Finding genes in sequence #7067 (8891 bp)...done!
Finding genes in sequence #7068 (26615 bp)...done!
Finding genes in sequence #7069 (1894 bp)...done!
Finding genes in sequence #7070 (6659 bp)...done!
Finding genes in sequence #7071 (1593 bp)...done!
Finding genes in sequence #7072 (28740 bp)...done!
Finding genes in sequence #7073 (2723 bp)...done!
Finding genes in sequence #7074 (2611 bp)...done!
Finding genes in sequence #7075 (1528 bp)...done!
Finding genes in sequence #7076 (2759 bp)...done!
Finding genes in sequence #7077 (2086 bp)...done!
Finding genes in sequence #7078 (1604 bp)...done!
Finding genes in sequence #7079 (3975 bp)...done!
Finding genes in sequence #7080 (2763 bp)...done!
Finding genes in sequence #7081 (2506 bp)...done!
Finding genes in sequence #7082 (1700 bp)...done!
Finding genes in sequence #7083 (6981 bp)...done!
Finding genes in sequence #7084 (1651 bp)...done!
Finding genes in sequence #7085 (1507 bp)...done!
Finding genes in sequence #7086 (6455 bp)...done!
Finding genes in sequence #7087 (91501 bp)...done!
Finding genes in sequence #7088 (1664 bp)...done!
Finding genes in sequence #7089 (1801 bp)...done!
Finding genes in sequence #7090 (1514 bp)...done!
Finding genes in sequence #7091 (1664 bp)...done!
Finding genes in sequence #7092 (1848 bp)...done!
Finding genes in sequence #7093 (1676 bp)...done!
Finding genes in sequence #7094 (1815 bp)...done!
Finding genes in sequence #7095 (2561 bp)...done!
Finding genes in sequence #7096 (2209 bp)...done!
Finding genes in sequence #7097 (24991 bp)...done!
Finding genes in sequence #7098 (2156 bp)...done!
Finding genes in sequence #7099 (2602 bp)...done!
Finding genes in sequence #7100 (1866 bp)...done!
Finding genes in sequence #7101 (4496 bp)...done!
Finding genes in sequence #7102 (2799 bp)...done!
Finding genes in sequence #7103 (1844 bp)...done!
Finding genes in sequence #7104 (7550 bp)...done!
Finding genes in sequence #7105 (10285 bp)...done!
Finding genes in sequence #7106 (3034 bp)...done!
Finding genes in sequence #7107 (4374 bp)...done!
Finding genes in sequence #7108 (2151 bp)...done!
Finding genes in sequence #7109 (3778 bp)...done!
Finding genes in sequence #7110 (21266 bp)...done!
Finding genes in sequence #7111 (2704 bp)...done!
Finding genes in sequence #7112 (1550 bp)...done!
Finding genes in sequence #7113 (2905 bp)...done!
Finding genes in sequence #7114 (71941 bp)...done!
Finding genes in sequence #7115 (2286 bp)...done!
Finding genes in sequence #7116 (3118 bp)...done!
Finding genes in sequence #7117 (1836 bp)...done!
Finding genes in sequence #7118 (21693 bp)...done!
Finding genes in sequence #7119 (5600 bp)...done!
Finding genes in sequence #7120 (1746 bp)...done!
Finding genes in sequence #7121 (2398 bp)...done!
Finding genes in sequence #7122 (2657 bp)...done!
Finding genes in sequence #7123 (1539 bp)...done!
Finding genes in sequence #7124 (2451 bp)...done!
Finding genes in sequence #7125 (24387 bp)...done!
Finding genes in sequence #7126 (1504 bp)...done!
Finding genes in sequence #7127 (1639 bp)...done!
Finding genes in sequence #7128 (2918 bp)...done!
Finding genes in sequence #7129 (2804 bp)...done!
Finding genes in sequence #7130 (1623 bp)...done!
Finding genes in sequence #7131 (11470 bp)...done!
Finding genes in sequence #7132 (2356 bp)...done!
Finding genes in sequence #7133 (2936 bp)...done!
Finding genes in sequence #7134 (1575 bp)...done!
Finding genes in sequence #7135 (2829 bp)...done!
Finding genes in sequence #7136 (2586 bp)...done!
Finding genes in sequence #7137 (1617 bp)...done!
Finding genes in sequence #7138 (2576 bp)...done!
Finding genes in sequence #7139 (1669 bp)...done!
Finding genes in sequence #7140 (1828 bp)...done!
Finding genes in sequence #7141 (1584 bp)...done!
Finding genes in sequence #7142 (1933 bp)...done!
Finding genes in sequence #7143 (2098 bp)...done!
Finding genes in sequence #7144 (1668 bp)...done!
Finding genes in sequence #7145 (1509 bp)...done!
Finding genes in sequence #7146 (6830 bp)...done!
Finding genes in sequence #7147 (2817 bp)...done!
Finding genes in sequence #7148 (3406 bp)...done!
Finding genes in sequence #7149 (1839 bp)...done!
Finding genes in sequence #7150 (1625 bp)...done!
Finding genes in sequence #7151 (1650 bp)...done!
Finding genes in sequence #7152 (2032 bp)...done!
Finding genes in sequence #7153 (3157 bp)...done!
Finding genes in sequence #7154 (2540 bp)...done!
Finding genes in sequence #7155 (1941 bp)...done!
Finding genes in sequence #7156 (1976 bp)...done!
Finding genes in sequence #7157 (2059 bp)...done!
Finding genes in sequence #7158 (1535 bp)...done!
Finding genes in sequence #7159 (2618 bp)...done!
Finding genes in sequence #7160 (3508 bp)...done!
Finding genes in sequence #7161 (1562 bp)...done!
Finding genes in sequence #7162 (5926 bp)...done!
Finding genes in sequence #7163 (2193 bp)...done!
Finding genes in sequence #7164 (6407 bp)...done!
Finding genes in sequence #7165 (5172 bp)...done!
Finding genes in sequence #7166 (25229 bp)...done!
Finding genes in sequence #7167 (2767 bp)...done!
Finding genes in sequence #7168 (10767 bp)...done!
Finding genes in sequence #7169 (2608 bp)...done!
Finding genes in sequence #7170 (1663 bp)...done!
Finding genes in sequence #7171 (1601 bp)...done!
Finding genes in sequence #7172 (2642 bp)...done!
Finding genes in sequence #7173 (1934 bp)...done!
Finding genes in sequence #7174 (2630 bp)...done!
Finding genes in sequence #7175 (21476 bp)...done!
Finding genes in sequence #7176 (9507 bp)...done!
Finding genes in sequence #7177 (1821 bp)...done!
Finding genes in sequence #7178 (1902 bp)...done!
Finding genes in sequence #7179 (3520 bp)...done!
Finding genes in sequence #7180 (4946 bp)...done!
Finding genes in sequence #7181 (8597 bp)...done!
Finding genes in sequence #7182 (1568 bp)...done!
Finding genes in sequence #7183 (1626 bp)...done!
Finding genes in sequence #7184 (3592 bp)...done!
Finding genes in sequence #7185 (1991 bp)...done!
Finding genes in sequence #7186 (2720 bp)...done!
Finding genes in sequence #7187 (5185 bp)...done!
Finding genes in sequence #7188 (1688 bp)...done!
Finding genes in sequence #7189 (2484 bp)...done!
Finding genes in sequence #7190 (9430 bp)...done!
Finding genes in sequence #7191 (25797 bp)...done!
Finding genes in sequence #7192 (1856 bp)...done!
Finding genes in sequence #7193 (1538 bp)...done!
Finding genes in sequence #7194 (4509 bp)...done!
Finding genes in sequence #7195 (11055 bp)...done!
Finding genes in sequence #7196 (153844 bp)...done!
Finding genes in sequence #7197 (2478 bp)...done!
Finding genes in sequence #7198 (2775 bp)...done!
Finding genes in sequence #7199 (2032 bp)...done!
Finding genes in sequence #7200 (2165 bp)...done!
Finding genes in sequence #7201 (47134 bp)...done!
Finding genes in sequence #7202 (2339 bp)...done!
Finding genes in sequence #7203 (2606 bp)...done!
Finding genes in sequence #7204 (9361 bp)...done!
Finding genes in sequence #7205 (1503 bp)...done!
Finding genes in sequence #7206 (1855 bp)...done!
Finding genes in sequence #7207 (20566 bp)...done!
Finding genes in sequence #7208 (1522 bp)...done!
Finding genes in sequence #7209 (4440 bp)...done!
Finding genes in sequence #7210 (2821 bp)...done!
Finding genes in sequence #7211 (2051 bp)...done!
Finding genes in sequence #7212 (7694 bp)...done!
Finding genes in sequence #7213 (2375 bp)...done!
Finding genes in sequence #7214 (182134 bp)...done!
Finding genes in sequence #7215 (3079 bp)...done!
Finding genes in sequence #7216 (33004 bp)...done!
Finding genes in sequence #7217 (5874 bp)...done!
Finding genes in sequence #7218 (1586 bp)...done!
Finding genes in sequence #7219 (2127 bp)...done!
Finding genes in sequence #7220 (1949 bp)...done!
Finding genes in sequence #7221 (2415 bp)...done!
Finding genes in sequence #7222 (1620 bp)...done!
Finding genes in sequence #7223 (4507 bp)...done!
Finding genes in sequence #7224 (103425 bp)...done!
Finding genes in sequence #7225 (1574 bp)...done!
Finding genes in sequence #7226 (7832 bp)...done!
Finding genes in sequence #7227 (6847 bp)...done!
Finding genes in sequence #7228 (1794 bp)...done!
Finding genes in sequence #7229 (1696 bp)...done!
Finding genes in sequence #7230 (2422 bp)...done!
Finding genes in sequence #7231 (5591 bp)...done!
Finding genes in sequence #7232 (1965 bp)...done!
Finding genes in sequence #7233 (2225 bp)...done!
Finding genes in sequence #7234 (1560 bp)...done!
Finding genes in sequence #7235 (45522 bp)...done!
Finding genes in sequence #7236 (2412 bp)...done!
Finding genes in sequence #7237 (1564 bp)...done!
Finding genes in sequence #7238 (1580 bp)...done!
Finding genes in sequence #7239 (5794 bp)...done!
Finding genes in sequence #7240 (1776 bp)...done!
Finding genes in sequence #7241 (1683 bp)...done!
Finding genes in sequence #7242 (1599 bp)...done!
Finding genes in sequence #7243 (174737 bp)...done!
Finding genes in sequence #7244 (7352 bp)...done!
Finding genes in sequence #7245 (1808 bp)...done!
Finding genes in sequence #7246 (4419 bp)...done!
Finding genes in sequence #7247 (14367 bp)...done!
Finding genes in sequence #7248 (1863 bp)...done!
Finding genes in sequence #7249 (2299 bp)...done!
Finding genes in sequence #7250 (2863 bp)...done!
Finding genes in sequence #7251 (1634 bp)...done!
Finding genes in sequence #7252 (1531 bp)...done!
Finding genes in sequence #7253 (1993 bp)...done!
Finding genes in sequence #7254 (1514 bp)...done!
Finding genes in sequence #7255 (1574 bp)...done!
Finding genes in sequence #7256 (8639 bp)...done!
Finding genes in sequence #7257 (2384 bp)...done!
Finding genes in sequence #7258 (5952 bp)...done!
Finding genes in sequence #7259 (1645 bp)...done!
Finding genes in sequence #7260 (1854 bp)...done!
Finding genes in sequence #7261 (3962 bp)...done!
Finding genes in sequence #7262 (2174 bp)...done!
Finding genes in sequence #7263 (45136 bp)...done!
Finding genes in sequence #7264 (1803 bp)...done!
Finding genes in sequence #7265 (3564 bp)...done!
Finding genes in sequence #7266 (7520 bp)...done!
Finding genes in sequence #7267 (5377 bp)...done!
Finding genes in sequence #7268 (1929 bp)...done!
Finding genes in sequence #7269 (1987 bp)...done!
Finding genes in sequence #7270 (1935 bp)...done!
Finding genes in sequence #7271 (19131 bp)...done!
Finding genes in sequence #7272 (1501 bp)...done!
Finding genes in sequence #7273 (18479 bp)...done!
Finding genes in sequence #7274 (4753 bp)...done!
Finding genes in sequence #7275 (1957 bp)...done!
Finding genes in sequence #7276 (2253 bp)...done!
Finding genes in sequence #7277 (2188 bp)...done!
Finding genes in sequence #7278 (1847 bp)...done!
Finding genes in sequence #7279 (1646 bp)...done!
Finding genes in sequence #7280 (1669 bp)...done!
Finding genes in sequence #7281 (61208 bp)...done!
Finding genes in sequence #7282 (1593 bp)...done!
Finding genes in sequence #7283 (1886 bp)...done!
Finding genes in sequence #7284 (2489 bp)...done!
Finding genes in sequence #7285 (3264 bp)...done!
Finding genes in sequence #7286 (1616 bp)...done!
Finding genes in sequence #7287 (6182 bp)...done!
Finding genes in sequence #7288 (2918 bp)...done!
Finding genes in sequence #7289 (3323 bp)...done!
Finding genes in sequence #7290 (2431 bp)...done!
Finding genes in sequence #7291 (4991 bp)...done!
Finding genes in sequence #7292 (1761 bp)...done!
Finding genes in sequence #7293 (27543 bp)...done!
Finding genes in sequence #7294 (3344 bp)...done!
Finding genes in sequence #7295 (3465 bp)...done!
Finding genes in sequence #7296 (5684 bp)...done!
Finding genes in sequence #7297 (1742 bp)...done!
Finding genes in sequence #7298 (2931 bp)...done!
Finding genes in sequence #7299 (3023 bp)...done!
Finding genes in sequence #7300 (6396 bp)...done!
Finding genes in sequence #7301 (2041 bp)...done!
Finding genes in sequence #7302 (3379 bp)...done!
Finding genes in sequence #7303 (1555 bp)...done!
Finding genes in sequence #7304 (56733 bp)...done!
Finding genes in sequence #7305 (2212 bp)...done!
Finding genes in sequence #7306 (12195 bp)...done!
Finding genes in sequence #7307 (1995 bp)...done!
Finding genes in sequence #7308 (2123 bp)...done!
Finding genes in sequence #7309 (2485 bp)...done!
Finding genes in sequence #7310 (4848 bp)...done!
Finding genes in sequence #7311 (2873 bp)...done!
Finding genes in sequence #7312 (2522 bp)...done!
Finding genes in sequence #7313 (9750 bp)...done!
Finding genes in sequence #7314 (2092 bp)...done!
Finding genes in sequence #7315 (2823 bp)...done!
Finding genes in sequence #7316 (5444 bp)...done!
Finding genes in sequence #7317 (1582 bp)...done!
Finding genes in sequence #7318 (1638 bp)...done!
Finding genes in sequence #7319 (2196 bp)...done!
Finding genes in sequence #7320 (5811 bp)...done!
Finding genes in sequence #7321 (5373 bp)...done!
Finding genes in sequence #7322 (2010 bp)...done!
Finding genes in sequence #7323 (2128 bp)...done!
Finding genes in sequence #7324 (5218 bp)...done!
Finding genes in sequence #7325 (5860 bp)...done!
Finding genes in sequence #7326 (2332 bp)...done!
Finding genes in sequence #7327 (1579 bp)...done!
Finding genes in sequence #7328 (2806 bp)...done!
Finding genes in sequence #7329 (3825 bp)...done!
Finding genes in sequence #7330 (2231 bp)...done!
Finding genes in sequence #7331 (2102 bp)...done!
Finding genes in sequence #7332 (2661 bp)...done!
Finding genes in sequence #7333 (3745 bp)...done!
Finding genes in sequence #7334 (6067 bp)...done!
Finding genes in sequence #7335 (2208 bp)...done!
Finding genes in sequence #7336 (2280 bp)...done!
Finding genes in sequence #7337 (1758 bp)...done!
Finding genes in sequence #7338 (1561 bp)...done!
Finding genes in sequence #7339 (2070 bp)...done!
Finding genes in sequence #7340 (1594 bp)...done!
Finding genes in sequence #7341 (1702 bp)...done!
Finding genes in sequence #7342 (1936 bp)...done!
Finding genes in sequence #7343 (1998 bp)...done!
Finding genes in sequence #7344 (1721 bp)...done!
Finding genes in sequence #7345 (1605 bp)...done!
Finding genes in sequence #7346 (2858 bp)...done!
Finding genes in sequence #7347 (53440 bp)...done!
Finding genes in sequence #7348 (2347 bp)...done!
Finding genes in sequence #7349 (9685 bp)...done!
Finding genes in sequence #7350 (4565 bp)...done!
Finding genes in sequence #7351 (18131 bp)...done!
Finding genes in sequence #7352 (1747 bp)...done!
Finding genes in sequence #7353 (2734 bp)...done!
Finding genes in sequence #7354 (1587 bp)...done!
Finding genes in sequence #7355 (6747 bp)...done!
Finding genes in sequence #7356 (1697 bp)...done!
Finding genes in sequence #7357 (1578 bp)...done!
Finding genes in sequence #7358 (1577 bp)...done!
Finding genes in sequence #7359 (1570 bp)...done!
Finding genes in sequence #7360 (15783 bp)...done!
Finding genes in sequence #7361 (4429 bp)...done!
Finding genes in sequence #7362 (1507 bp)...done!
Finding genes in sequence #7363 (2053 bp)...done!
Finding genes in sequence #7364 (24633 bp)...done!
Finding genes in sequence #7365 (2061 bp)...done!
Finding genes in sequence #7366 (1904 bp)...done!
Finding genes in sequence #7367 (4237 bp)...done!
Finding genes in sequence #7368 (5952 bp)...done!
Finding genes in sequence #7369 (4173 bp)...done!
Finding genes in sequence #7370 (50634 bp)...done!
Finding genes in sequence #7371 (6117 bp)...done!
Finding genes in sequence #7372 (1533 bp)...done!
Finding genes in sequence #7373 (5000 bp)...done!
Finding genes in sequence #7374 (3609 bp)...done!
Finding genes in sequence #7375 (8961 bp)...done!
Finding genes in sequence #7376 (1702 bp)...done!
Finding genes in sequence #7377 (93403 bp)...done!
Finding genes in sequence #7378 (2034 bp)...done!
Finding genes in sequence #7379 (1567 bp)...done!
Finding genes in sequence #7380 (1734 bp)...done!
Finding genes in sequence #7381 (3665 bp)...done!
Finding genes in sequence #7382 (3526 bp)...done!
Finding genes in sequence #7383 (7762 bp)...done!
Finding genes in sequence #7384 (2314 bp)...done!
Finding genes in sequence #7385 (20680 bp)...done!
Finding genes in sequence #7386 (1718 bp)...done!
Finding genes in sequence #7387 (7357 bp)...done!
Finding genes in sequence #7388 (5047 bp)...done!
Finding genes in sequence #7389 (2277 bp)...done!
Finding genes in sequence #7390 (2729 bp)...done!
Finding genes in sequence #7391 (1969 bp)...done!
Finding genes in sequence #7392 (2858 bp)...done!
Finding genes in sequence #7393 (2124 bp)...done!
Finding genes in sequence #7394 (1613 bp)...done!
Finding genes in sequence #7395 (46623 bp)...done!
Finding genes in sequence #7396 (1523 bp)...done!
Finding genes in sequence #7397 (1824 bp)...done!
Finding genes in sequence #7398 (4467 bp)...done!
Finding genes in sequence #7399 (2833 bp)...done!
Finding genes in sequence #7400 (14847 bp)...done!
Finding genes in sequence #7401 (48294 bp)...done!
Finding genes in sequence #7402 (1878 bp)...done!
Finding genes in sequence #7403 (1508 bp)...done!
Finding genes in sequence #7404 (12069 bp)...done!
Finding genes in sequence #7405 (4471 bp)...done!
Finding genes in sequence #7406 (2949 bp)...done!
Finding genes in sequence #7407 (3641 bp)...done!
Finding genes in sequence #7408 (8218 bp)...done!
Finding genes in sequence #7409 (2744 bp)...done!
Finding genes in sequence #7410 (1587 bp)...done!
Finding genes in sequence #7411 (307522 bp)...done!
Finding genes in sequence #7412 (3195 bp)...done!
Finding genes in sequence #7413 (1750 bp)...done!
Finding genes in sequence #7414 (3375 bp)...done!
Finding genes in sequence #7415 (1922 bp)...done!
Finding genes in sequence #7416 (103750 bp)...done!
Finding genes in sequence #7417 (20793 bp)...done!
Finding genes in sequence #7418 (1815 bp)...done!
Finding genes in sequence #7419 (11373 bp)...done!
Finding genes in sequence #7420 (1975 bp)...done!
Finding genes in sequence #7421 (26947 bp)...done!
Finding genes in sequence #7422 (4961 bp)...done!
Finding genes in sequence #7423 (3489 bp)...done!
Finding genes in sequence #7424 (2010 bp)...done!
Finding genes in sequence #7425 (1934 bp)...done!
Finding genes in sequence #7426 (1889 bp)...done!
Finding genes in sequence #7427 (1626 bp)...done!
Finding genes in sequence #7428 (2394 bp)...done!
Finding genes in sequence #7429 (3442 bp)...done!
Finding genes in sequence #7430 (1563 bp)...done!
Finding genes in sequence #7431 (2257 bp)...done!
Finding genes in sequence #7432 (21488 bp)...done!
Finding genes in sequence #7433 (13732 bp)...done!
Finding genes in sequence #7434 (4730 bp)...done!
Finding genes in sequence #7435 (1977 bp)...done!
Finding genes in sequence #7436 (1772 bp)...done!
Finding genes in sequence #7437 (6726 bp)...done!
Finding genes in sequence #7438 (1636 bp)...done!
Finding genes in sequence #7439 (1590 bp)...done!
Finding genes in sequence #7440 (8406 bp)...done!
Finding genes in sequence #7441 (3961 bp)...done!
Finding genes in sequence #7442 (6715 bp)...done!
Finding genes in sequence #7443 (1587 bp)...done!
Finding genes in sequence #7444 (1668 bp)...done!
Finding genes in sequence #7445 (3277 bp)...done!
Finding genes in sequence #7446 (1747 bp)...done!
Finding genes in sequence #7447 (1873 bp)...done!
Finding genes in sequence #7448 (1513 bp)...done!
Finding genes in sequence #7449 (8409 bp)...done!
Finding genes in sequence #7450 (4093 bp)...done!
Finding genes in sequence #7451 (2810 bp)...done!
Finding genes in sequence #7452 (1612 bp)...done!
Finding genes in sequence #7453 (6633 bp)...done!
Finding genes in sequence #7454 (2877 bp)...done!
Finding genes in sequence #7455 (2948 bp)...done!
Finding genes in sequence #7456 (2650 bp)...done!
Finding genes in sequence #7457 (1518 bp)...done!
Finding genes in sequence #7458 (3255 bp)...done!
Finding genes in sequence #7459 (1774 bp)...done!
Finding genes in sequence #7460 (21680 bp)...done!
Finding genes in sequence #7461 (1883 bp)...done!
Finding genes in sequence #7462 (4734 bp)...done!
Finding genes in sequence #7463 (1868 bp)...done!
Finding genes in sequence #7464 (3480 bp)...done!
Finding genes in sequence #7465 (5158 bp)...done!
Finding genes in sequence #7466 (2165 bp)...done!
Finding genes in sequence #7467 (5939 bp)...done!
Finding genes in sequence #7468 (2239 bp)...done!
Finding genes in sequence #7469 (3498 bp)...done!
Finding genes in sequence #7470 (5081 bp)...done!
Finding genes in sequence #7471 (2176 bp)...done!
Finding genes in sequence #7472 (2074 bp)...done!
Finding genes in sequence #7473 (5132 bp)...done!
Finding genes in sequence #7474 (4884 bp)...done!
Finding genes in sequence #7475 (2553 bp)...done!
Finding genes in sequence #7476 (6963 bp)...done!
Finding genes in sequence #7477 (8893 bp)...done!
Finding genes in sequence #7478 (1871 bp)...done!
Finding genes in sequence #7479 (4700 bp)...done!
Finding genes in sequence #7480 (4319 bp)...done!
Finding genes in sequence #7481 (1728 bp)...done!
Finding genes in sequence #7482 (6969 bp)...done!
Finding genes in sequence #7483 (6172 bp)...done!
Finding genes in sequence #7484 (3051 bp)...done!
Finding genes in sequence #7485 (6493 bp)...done!
Finding genes in sequence #7486 (1902 bp)...done!
Finding genes in sequence #7487 (1599 bp)...done!
Finding genes in sequence #7488 (2670 bp)...done!
Finding genes in sequence #7489 (2163 bp)...done!
Finding genes in sequence #7490 (2204 bp)...done!
Finding genes in sequence #7491 (1650 bp)...done!
Finding genes in sequence #7492 (3028 bp)...done!
Finding genes in sequence #7493 (6658 bp)...done!
Finding genes in sequence #7494 (2661 bp)...done!
Finding genes in sequence #7495 (25355 bp)...done!
Finding genes in sequence #7496 (3344 bp)...done!
Finding genes in sequence #7497 (1593 bp)...done!
Finding genes in sequence #7498 (2085 bp)...done!
Finding genes in sequence #7499 (2163 bp)...done!
Finding genes in sequence #7500 (154393 bp)...done!
Finding genes in sequence #7501 (2728 bp)...done!
Finding genes in sequence #7502 (8823 bp)...done!
Finding genes in sequence #7503 (1509 bp)...done!
Finding genes in sequence #7504 (3331 bp)...done!
Finding genes in sequence #7505 (2982 bp)...done!
Finding genes in sequence #7506 (1660 bp)...done!
Finding genes in sequence #7507 (3556 bp)...done!
Finding genes in sequence #7508 (1594 bp)...done!
Finding genes in sequence #7509 (2397 bp)...done!
Finding genes in sequence #7510 (5511 bp)...done!
Finding genes in sequence #7511 (51645 bp)...done!
Finding genes in sequence #7512 (2744 bp)...done!
Finding genes in sequence #7513 (4114 bp)...done!
Finding genes in sequence #7514 (10024 bp)...done!
Finding genes in sequence #7515 (6478 bp)...done!
Finding genes in sequence #7516 (7264 bp)...done!
Finding genes in sequence #7517 (3916 bp)...done!
Finding genes in sequence #7518 (1730 bp)...done!
Finding genes in sequence #7519 (2888 bp)...done!
Finding genes in sequence #7520 (2063 bp)...done!
Finding genes in sequence #7521 (4622 bp)...done!
Finding genes in sequence #7522 (2639 bp)...done!
Finding genes in sequence #7523 (2043 bp)...done!
Finding genes in sequence #7524 (42609 bp)...done!
Finding genes in sequence #7525 (2813 bp)...done!
Finding genes in sequence #7526 (21861 bp)...done!
Finding genes in sequence #7527 (3356 bp)...done!
Finding genes in sequence #7528 (3182 bp)...done!
Finding genes in sequence #7529 (5204 bp)...done!
Finding genes in sequence #7530 (6857 bp)...done!
Finding genes in sequence #7531 (1750 bp)...done!
Finding genes in sequence #7532 (5824 bp)...done!
Finding genes in sequence #7533 (2381 bp)...done!
Finding genes in sequence #7534 (3097 bp)...done!
Finding genes in sequence #7535 (1890 bp)...done!
Finding genes in sequence #7536 (2512 bp)...done!
Finding genes in sequence #7537 (1705 bp)...done!
Finding genes in sequence #7538 (3054 bp)...done!
Finding genes in sequence #7539 (4420 bp)...done!
Finding genes in sequence #7540 (2592 bp)...done!
Finding genes in sequence #7541 (2743 bp)...done!
Finding genes in sequence #7542 (11267 bp)...done!
Finding genes in sequence #7543 (1819 bp)...done!
Finding genes in sequence #7544 (2363 bp)...done!
Finding genes in sequence #7545 (2409 bp)...done!
Finding genes in sequence #7546 (1738 bp)...done!
Finding genes in sequence #7547 (1501 bp)...done!
Finding genes in sequence #7548 (2754 bp)...done!
Finding genes in sequence #7549 (4584 bp)...done!
Finding genes in sequence #7550 (1594 bp)...done!
Finding genes in sequence #7551 (2606 bp)...done!
Finding genes in sequence #7552 (1605 bp)...done!
Finding genes in sequence #7553 (2553 bp)...done!
Finding genes in sequence #7554 (1515 bp)...done!
Finding genes in sequence #7555 (29969 bp)...done!
Finding genes in sequence #7556 (2336 bp)...done!
Finding genes in sequence #7557 (3786 bp)...done!
Finding genes in sequence #7558 (3594 bp)...done!
Finding genes in sequence #7559 (2204 bp)...done!
Finding genes in sequence #7560 (1871 bp)...done!
Finding genes in sequence #7561 (4457 bp)...done!
Finding genes in sequence #7562 (7363 bp)...done!
Finding genes in sequence #7563 (2755 bp)...done!
Finding genes in sequence #7564 (5451 bp)...done!
Finding genes in sequence #7565 (1980 bp)...done!
Finding genes in sequence #7566 (1606 bp)...done!
Finding genes in sequence #7567 (22208 bp)...done!
Finding genes in sequence #7568 (1637 bp)...done!
Finding genes in sequence #7569 (1926 bp)...done!
Finding genes in sequence #7570 (1918 bp)...done!
Finding genes in sequence #7571 (10968 bp)...done!
Finding genes in sequence #7572 (1530 bp)...done!
Finding genes in sequence #7573 (3533 bp)...done!
Finding genes in sequence #7574 (2458 bp)...done!
Finding genes in sequence #7575 (2256 bp)...done!
Finding genes in sequence #7576 (3903 bp)...done!
Finding genes in sequence #7577 (1664 bp)...done!
Finding genes in sequence #7578 (7739 bp)...done!
Finding genes in sequence #7579 (2730 bp)...done!
Finding genes in sequence #7580 (1758 bp)...done!
Finding genes in sequence #7581 (1709 bp)...done!
Finding genes in sequence #7582 (3633 bp)...done!
Finding genes in sequence #7583 (1823 bp)...done!
Finding genes in sequence #7584 (2132 bp)...done!
Finding genes in sequence #7585 (2956 bp)...done!
Finding genes in sequence #7586 (3258 bp)...done!
Finding genes in sequence #7587 (2073 bp)...done!
Finding genes in sequence #7588 (1664 bp)...done!
Finding genes in sequence #7589 (2672 bp)...done!
Finding genes in sequence #7590 (3213 bp)...done!
Finding genes in sequence #7591 (1558 bp)...done!
Finding genes in sequence #7592 (11454 bp)...done!
Finding genes in sequence #7593 (2150 bp)...done!
Finding genes in sequence #7594 (5523 bp)...done!
Finding genes in sequence #7595 (5836 bp)...done!
Finding genes in sequence #7596 (7215 bp)...done!
Finding genes in sequence #7597 (1606 bp)...done!
Finding genes in sequence #7598 (40290 bp)...done!
Finding genes in sequence #7599 (4549 bp)...done!
Finding genes in sequence #7600 (2636 bp)...done!
Finding genes in sequence #7601 (2209 bp)...done!
Finding genes in sequence #7602 (1773 bp)...done!
Finding genes in sequence #7603 (7544 bp)...done!
Finding genes in sequence #7604 (5720 bp)...done!
Finding genes in sequence #7605 (1900 bp)...done!
Finding genes in sequence #7606 (4581 bp)...done!
Finding genes in sequence #7607 (9715 bp)...done!
Finding genes in sequence #7608 (5482 bp)...done!
Finding genes in sequence #7609 (6385 bp)...done!
Finding genes in sequence #7610 (5683 bp)...done!
Finding genes in sequence #7611 (9158 bp)...done!
Finding genes in sequence #7612 (3299 bp)...done!
Finding genes in sequence #7613 (2890 bp)...done!
Finding genes in sequence #7614 (1635 bp)...done!
Finding genes in sequence #7615 (1535 bp)...done!
Finding genes in sequence #7616 (2226 bp)...done!
Finding genes in sequence #7617 (2574 bp)...done!
Finding genes in sequence #7618 (1724 bp)...done!
Finding genes in sequence #7619 (1890 bp)...done!
Finding genes in sequence #7620 (1969 bp)...done!
Finding genes in sequence #7621 (4280 bp)...done!
Finding genes in sequence #7622 (3049 bp)...done!
Finding genes in sequence #7623 (2024 bp)...done!
Finding genes in sequence #7624 (1967 bp)...done!
Finding genes in sequence #7625 (12993 bp)...done!
Finding genes in sequence #7626 (10346 bp)...done!
Finding genes in sequence #7627 (2458 bp)...done!
Finding genes in sequence #7628 (1510 bp)...done!
Finding genes in sequence #7629 (2472 bp)...done!
Finding genes in sequence #7630 (1807 bp)...done!
Finding genes in sequence #7631 (1929 bp)...done!
Finding genes in sequence #7632 (7825 bp)...done!
Finding genes in sequence #7633 (3250 bp)...done!
Finding genes in sequence #7634 (2005 bp)...done!
Finding genes in sequence #7635 (2329 bp)...done!
Finding genes in sequence #7636 (2732 bp)...done!
Finding genes in sequence #7637 (1735 bp)...done!
Finding genes in sequence #7638 (2312 bp)...done!
Finding genes in sequence #7639 (1526 bp)...done!
Finding genes in sequence #7640 (2079 bp)...done!
Finding genes in sequence #7641 (1631 bp)...done!
Finding genes in sequence #7642 (2204 bp)...done!
Finding genes in sequence #7643 (2129 bp)...done!
Finding genes in sequence #7644 (12315 bp)...done!
Finding genes in sequence #7645 (2838 bp)...done!
Finding genes in sequence #7646 (1736 bp)...done!
Finding genes in sequence #7647 (1621 bp)...done!
Finding genes in sequence #7648 (4089 bp)...done!
Finding genes in sequence #7649 (5500 bp)...done!
Finding genes in sequence #7650 (1627 bp)...done!
Finding genes in sequence #7651 (2329 bp)...done!
Finding genes in sequence #7652 (2223 bp)...done!
Finding genes in sequence #7653 (2240 bp)...done!
Finding genes in sequence #7654 (1680 bp)...done!
Finding genes in sequence #7655 (3041 bp)...done!
Finding genes in sequence #7656 (1811 bp)...done!
Finding genes in sequence #7657 (2714 bp)...done!
Finding genes in sequence #7658 (1635 bp)...done!
Finding genes in sequence #7659 (2562 bp)...done!
Finding genes in sequence #7660 (5975 bp)...done!
Finding genes in sequence #7661 (2030 bp)...done!
Finding genes in sequence #7662 (2222 bp)...done!
Finding genes in sequence #7663 (6075 bp)...done!
Finding genes in sequence #7664 (1680 bp)...done!
Finding genes in sequence #7665 (4965 bp)...done!
Finding genes in sequence #7666 (4935 bp)...done!
Finding genes in sequence #7667 (1935 bp)...done!
Finding genes in sequence #7668 (1515 bp)...done!
Finding genes in sequence #7669 (2050 bp)...done!
Finding genes in sequence #7670 (1528 bp)...done!
Finding genes in sequence #7671 (3779 bp)...done!
Finding genes in sequence #7672 (2250 bp)...done!
Finding genes in sequence #7673 (1600 bp)...done!
Finding genes in sequence #7674 (1888 bp)...done!
Finding genes in sequence #7675 (2047 bp)...done!
Finding genes in sequence #7676 (2609 bp)...done!
Finding genes in sequence #7677 (14790 bp)...done!
Finding genes in sequence #7678 (2388 bp)...done!
Finding genes in sequence #7679 (1945 bp)...done!
Finding genes in sequence #7680 (1667 bp)...done!
Finding genes in sequence #7681 (2811 bp)...done!
Finding genes in sequence #7682 (12387 bp)...done!
Finding genes in sequence #7683 (1549 bp)...done!
Finding genes in sequence #7684 (9381 bp)...done!
Finding genes in sequence #7685 (2327 bp)...done!
Finding genes in sequence #7686 (2484 bp)...done!
Finding genes in sequence #7687 (111616 bp)...done!
Finding genes in sequence #7688 (2795 bp)...done!
Finding genes in sequence #7689 (1620 bp)...done!
Finding genes in sequence #7690 (6205 bp)...done!
Finding genes in sequence #7691 (16484 bp)...done!
Finding genes in sequence #7692 (12364 bp)...done!
Finding genes in sequence #7693 (3930 bp)...done!
Finding genes in sequence #7694 (3303 bp)...done!
Finding genes in sequence #7695 (2224 bp)...done!
Finding genes in sequence #7696 (4497 bp)...done!
Finding genes in sequence #7697 (5576 bp)...done!
Finding genes in sequence #7698 (69377 bp)...done!
Finding genes in sequence #7699 (1583 bp)...done!
Finding genes in sequence #7700 (2230 bp)...done!
Finding genes in sequence #7701 (2929 bp)...done!
Finding genes in sequence #7702 (4170 bp)...done!
Finding genes in sequence #7703 (2853 bp)...done!
Finding genes in sequence #7704 (1634 bp)...done!
Finding genes in sequence #7705 (5682 bp)...done!
Finding genes in sequence #7706 (2886 bp)...done!
Finding genes in sequence #7707 (2026 bp)...done!
Finding genes in sequence #7708 (1539 bp)...done!
Finding genes in sequence #7709 (2936 bp)...done!
Finding genes in sequence #7710 (1700 bp)...done!
Finding genes in sequence #7711 (4014 bp)...done!
Finding genes in sequence #7712 (1590 bp)...done!
Finding genes in sequence #7713 (1726 bp)...done!
Finding genes in sequence #7714 (2503 bp)...done!
Finding genes in sequence #7715 (2869 bp)...done!
Finding genes in sequence #7716 (2219 bp)...done!
Finding genes in sequence #7717 (2894 bp)...done!
Finding genes in sequence #7718 (2456 bp)...done!
Finding genes in sequence #7719 (1662 bp)...done!
Finding genes in sequence #7720 (1610 bp)...done!
Finding genes in sequence #7721 (2261 bp)...done!
Finding genes in sequence #7722 (1524 bp)...done!
Finding genes in sequence #7723 (2310 bp)...done!
Finding genes in sequence #7724 (2599 bp)...done!
Finding genes in sequence #7725 (1820 bp)...done!
Finding genes in sequence #7726 (1592 bp)...done!
Finding genes in sequence #7727 (2265 bp)...done!
Finding genes in sequence #7728 (1826 bp)...done!
Finding genes in sequence #7729 (2329 bp)...done!
Finding genes in sequence #7730 (4795 bp)...done!
Finding genes in sequence #7731 (1787 bp)...done!
Finding genes in sequence #7732 (1743 bp)...done!
Finding genes in sequence #7733 (3556 bp)...done!
Finding genes in sequence #7734 (23734 bp)...done!
Finding genes in sequence #7735 (3022 bp)...done!
Finding genes in sequence #7736 (1505 bp)...done!
Finding genes in sequence #7737 (2377 bp)...done!
Finding genes in sequence #7738 (1622 bp)...done!
Finding genes in sequence #7739 (2859 bp)...done!
Finding genes in sequence #7740 (1726 bp)...done!
Finding genes in sequence #7741 (1647 bp)...done!
Finding genes in sequence #7742 (2289 bp)...done!
Finding genes in sequence #7743 (23726 bp)...done!
Finding genes in sequence #7744 (2060 bp)...done!
Finding genes in sequence #7745 (38632 bp)...done!
Finding genes in sequence #7746 (4705 bp)...done!
Finding genes in sequence #7747 (1724 bp)...done!
Finding genes in sequence #7748 (19160 bp)...done!
Finding genes in sequence #7749 (1988 bp)...done!
Finding genes in sequence #7750 (1764 bp)...done!
Finding genes in sequence #7751 (7865 bp)...done!
Finding genes in sequence #7752 (8866 bp)...done!
Finding genes in sequence #7753 (1992 bp)...done!
Finding genes in sequence #7754 (5302 bp)...done!
Finding genes in sequence #7755 (3304 bp)...done!
Finding genes in sequence #7756 (1887 bp)...done!
Finding genes in sequence #7757 (1555 bp)...done!
Finding genes in sequence #7758 (1617 bp)...done!
Finding genes in sequence #7759 (1937 bp)...done!
Finding genes in sequence #7760 (1798 bp)...done!
Finding genes in sequence #7761 (7967 bp)...done!
Finding genes in sequence #7762 (2207 bp)...done!
Finding genes in sequence #7763 (7060 bp)...done!
Finding genes in sequence #7764 (2187 bp)...done!
Finding genes in sequence #7765 (31699 bp)...done!
Finding genes in sequence #7766 (2556 bp)...done!
Finding genes in sequence #7767 (1543 bp)...done!
Finding genes in sequence #7768 (1677 bp)...done!
Finding genes in sequence #7769 (3006 bp)...done!
Finding genes in sequence #7770 (3115 bp)...done!
Finding genes in sequence #7771 (2114 bp)...done!
Finding genes in sequence #7772 (1578 bp)...done!
Finding genes in sequence #7773 (2607 bp)...done!
Finding genes in sequence #7774 (1669 bp)...done!
Finding genes in sequence #7775 (1840 bp)...done!
Finding genes in sequence #7776 (1801 bp)...done!
Finding genes in sequence #7777 (2017 bp)...done!
Finding genes in sequence #7778 (1621 bp)...done!
Finding genes in sequence #7779 (1922 bp)...done!
Finding genes in sequence #7780 (2601 bp)...done!
Finding genes in sequence #7781 (9450 bp)...done!
Finding genes in sequence #7782 (20895 bp)...done!
Finding genes in sequence #7783 (3496 bp)...done!
Finding genes in sequence #7784 (7987 bp)...done!
Finding genes in sequence #7785 (1660 bp)...done!
Finding genes in sequence #7786 (3426 bp)...done!
Finding genes in sequence #7787 (1636 bp)...done!
Finding genes in sequence #7788 (1772 bp)...done!
Finding genes in sequence #7789 (6572 bp)...done!
Finding genes in sequence #7790 (2905 bp)...done!
Finding genes in sequence #7791 (1985 bp)...done!
Finding genes in sequence #7792 (1566 bp)...done!
Finding genes in sequence #7793 (1983 bp)...done!
Finding genes in sequence #7794 (4923 bp)...done!
Finding genes in sequence #7795 (1531 bp)...done!
Finding genes in sequence #7796 (1790 bp)...done!
Finding genes in sequence #7797 (3203 bp)...done!
Finding genes in sequence #7798 (2247 bp)...done!
Finding genes in sequence #7799 (1614 bp)...done!
Finding genes in sequence #7800 (1896 bp)...done!
Finding genes in sequence #7801 (2440 bp)...done!
Finding genes in sequence #7802 (7609 bp)...done!
Finding genes in sequence #7803 (3448 bp)...done!
Finding genes in sequence #7804 (2387 bp)...done!
Finding genes in sequence #7805 (1941 bp)...done!
Finding genes in sequence #7806 (1948 bp)...done!
Finding genes in sequence #7807 (1755 bp)...done!
Finding genes in sequence #7808 (2112 bp)...done!
Finding genes in sequence #7809 (22199 bp)...done!
Finding genes in sequence #7810 (1728 bp)...done!
Finding genes in sequence #7811 (4233 bp)...done!
Finding genes in sequence #7812 (2101 bp)...done!
Finding genes in sequence #7813 (1653 bp)...done!
Finding genes in sequence #7814 (2379 bp)...done!
Finding genes in sequence #7815 (3307 bp)...done!
Finding genes in sequence #7816 (14414 bp)...done!
Finding genes in sequence #7817 (1684 bp)...done!
Finding genes in sequence #7818 (1529 bp)...done!
Finding genes in sequence #7819 (2357 bp)...done!
Finding genes in sequence #7820 (2777 bp)...done!
Finding genes in sequence #7821 (2413 bp)...done!
Finding genes in sequence #7822 (5607 bp)...done!
Finding genes in sequence #7823 (2691 bp)...done!
Finding genes in sequence #7824 (1528 bp)...done!
Finding genes in sequence #7825 (1934 bp)...done!
Finding genes in sequence #7826 (1819 bp)...done!
Finding genes in sequence #7827 (1860 bp)...done!
Finding genes in sequence #7828 (41885 bp)...done!
Finding genes in sequence #7829 (2213 bp)...done!
Finding genes in sequence #7830 (8187 bp)...done!
Finding genes in sequence #7831 (1767 bp)...done!
Finding genes in sequence #7832 (1539 bp)...done!
Finding genes in sequence #7833 (3515 bp)...done!
Finding genes in sequence #7834 (10380 bp)...done!
Finding genes in sequence #7835 (3667 bp)...done!
Finding genes in sequence #7836 (1627 bp)...done!
Finding genes in sequence #7837 (9707 bp)...done!
Finding genes in sequence #7838 (4851 bp)...done!
Finding genes in sequence #7839 (2381 bp)...done!
Finding genes in sequence #7840 (2152 bp)...done!
Finding genes in sequence #7841 (1635 bp)...done!
Finding genes in sequence #7842 (3085 bp)...done!
Finding genes in sequence #7843 (2095 bp)...done!
Finding genes in sequence #7844 (16852 bp)...done!
Finding genes in sequence #7845 (2967 bp)...done!
Finding genes in sequence #7846 (1843 bp)...done!
Finding genes in sequence #7847 (1504 bp)...done!
Finding genes in sequence #7848 (2855 bp)...done!
Finding genes in sequence #7849 (3069 bp)...done!
Finding genes in sequence #7850 (10494 bp)...done!
Finding genes in sequence #7851 (1857 bp)...done!
Finding genes in sequence #7852 (1672 bp)...done!
Finding genes in sequence #7853 (1501 bp)...done!
Finding genes in sequence #7854 (2620 bp)...done!
Finding genes in sequence #7855 (3615 bp)...done!
Finding genes in sequence #7856 (1813 bp)...done!
Finding genes in sequence #7857 (7163 bp)...done!
Finding genes in sequence #7858 (1998 bp)...done!
Finding genes in sequence #7859 (8871 bp)...done!
Finding genes in sequence #7860 (1644 bp)...done!
Finding genes in sequence #7861 (2774 bp)...done!
Finding genes in sequence #7862 (1723 bp)...done!
Finding genes in sequence #7863 (7946 bp)...done!
Finding genes in sequence #7864 (2367 bp)...done!
Finding genes in sequence #7865 (2340 bp)...done!
Finding genes in sequence #7866 (1565 bp)...done!
Finding genes in sequence #7867 (1693 bp)...done!
Finding genes in sequence #7868 (2775 bp)...done!
Finding genes in sequence #7869 (6713 bp)...done!
Finding genes in sequence #7870 (1580 bp)...done!
Finding genes in sequence #7871 (3321 bp)...done!
Finding genes in sequence #7872 (3569 bp)...done!
Finding genes in sequence #7873 (1980 bp)...done!
Finding genes in sequence #7874 (1811 bp)...done!
Finding genes in sequence #7875 (3778 bp)...done!
Finding genes in sequence #7876 (1546 bp)...done!
Finding genes in sequence #7877 (3324 bp)...done!
Finding genes in sequence #7878 (1835 bp)...done!
Finding genes in sequence #7879 (1512 bp)...done!
Finding genes in sequence #7880 (20430 bp)...done!
Finding genes in sequence #7881 (4490 bp)...done!
Finding genes in sequence #7882 (1582 bp)...done!
Finding genes in sequence #7883 (1693 bp)...done!
Finding genes in sequence #7884 (1574 bp)...done!
Finding genes in sequence #7885 (2949 bp)...done!
Finding genes in sequence #7886 (1558 bp)...done!
Finding genes in sequence #7887 (1501 bp)...done!
Finding genes in sequence #7888 (1599 bp)...done!
Finding genes in sequence #7889 (2489 bp)...done!
Finding genes in sequence #7890 (1562 bp)...done!
Finding genes in sequence #7891 (1917 bp)...done!
Finding genes in sequence #7892 (1511 bp)...done!
Finding genes in sequence #7893 (8816 bp)...done!
Finding genes in sequence #7894 (1633 bp)...done!
Finding genes in sequence #7895 (12651 bp)...done!
Finding genes in sequence #7896 (2066 bp)...done!
Finding genes in sequence #7897 (5934 bp)...done!
Finding genes in sequence #7898 (1657 bp)...done!
Finding genes in sequence #7899 (1717 bp)...done!
Finding genes in sequence #7900 (1601 bp)...done!
Finding genes in sequence #7901 (18616 bp)...done!
Finding genes in sequence #7902 (3120 bp)...done!
Finding genes in sequence #7903 (3561 bp)...done!
Finding genes in sequence #7904 (14075 bp)...done!
Finding genes in sequence #7905 (1659 bp)...done!
Finding genes in sequence #7906 (1880 bp)...done!
Finding genes in sequence #7907 (2348 bp)...done!
Finding genes in sequence #7908 (2380 bp)...done!
Finding genes in sequence #7909 (2508 bp)...done!
Finding genes in sequence #7910 (1792 bp)...done!
Finding genes in sequence #7911 (5933 bp)...done!
Finding genes in sequence #7912 (2063 bp)...done!
Finding genes in sequence #7913 (2357 bp)...done!
Finding genes in sequence #7914 (2043 bp)...done!
Finding genes in sequence #7915 (2310 bp)...done!
Finding genes in sequence #7916 (1535 bp)...done!
Finding genes in sequence #7917 (8184 bp)...done!
Finding genes in sequence #7918 (16998 bp)...done!
Finding genes in sequence #7919 (3392 bp)...done!
Finding genes in sequence #7920 (1509 bp)...done!
Finding genes in sequence #7921 (1672 bp)...done!
Finding genes in sequence #7922 (1608 bp)...done!
Finding genes in sequence #7923 (1510 bp)...done!
Finding genes in sequence #7924 (2161 bp)...done!
Finding genes in sequence #7925 (3562 bp)...done!
Finding genes in sequence #7926 (2111 bp)...done!
Finding genes in sequence #7927 (1757 bp)...done!
Finding genes in sequence #7928 (1623 bp)...done!
Finding genes in sequence #7929 (3592 bp)...done!
Finding genes in sequence #7930 (1584 bp)...done!
Finding genes in sequence #7931 (1509 bp)...done!
Finding genes in sequence #7932 (1983 bp)...done!
Finding genes in sequence #7933 (3271 bp)...done!
Finding genes in sequence #7934 (3678 bp)...done!
Finding genes in sequence #7935 (1600 bp)...done!
Finding genes in sequence #7936 (1627 bp)...done!
Finding genes in sequence #7937 (5723 bp)...done!
Finding genes in sequence #7938 (1652 bp)...done!
Finding genes in sequence #7939 (2843 bp)...done!
Finding genes in sequence #7940 (1913 bp)...done!
Finding genes in sequence #7941 (4171 bp)...done!
Finding genes in sequence #7942 (1711 bp)...done!
Finding genes in sequence #7943 (1566 bp)...done!
Finding genes in sequence #7944 (2976 bp)...done!
Finding genes in sequence #7945 (6773 bp)...done!
Finding genes in sequence #7946 (1746 bp)...done!
Finding genes in sequence #7947 (1625 bp)...done!
Finding genes in sequence #7948 (1642 bp)...done!
Finding genes in sequence #7949 (1728 bp)...done!
Finding genes in sequence #7950 (8619 bp)...done!
Finding genes in sequence #7951 (10807 bp)...done!
Finding genes in sequence #7952 (1935 bp)...done!
Finding genes in sequence #7953 (3948 bp)...done!
Finding genes in sequence #7954 (2201 bp)...done!
Finding genes in sequence #7955 (2050 bp)...done!
Finding genes in sequence #7956 (2791 bp)...done!
Finding genes in sequence #7957 (4676 bp)...done!
Finding genes in sequence #7958 (18019 bp)...done!
Finding genes in sequence #7959 (3570 bp)...done!
Finding genes in sequence #7960 (1705 bp)...done!
Finding genes in sequence #7961 (5139 bp)...done!
Finding genes in sequence #7962 (5057 bp)...done!
Finding genes in sequence #7963 (4233 bp)...done!
Finding genes in sequence #7964 (20139 bp)...done!
Finding genes in sequence #7965 (11382 bp)...done!
Finding genes in sequence #7966 (2515 bp)...done!
Finding genes in sequence #7967 (2039 bp)...done!
Finding genes in sequence #7968 (1971 bp)...done!
Finding genes in sequence #7969 (1810 bp)...done!
Finding genes in sequence #7970 (1653 bp)...done!
Finding genes in sequence #7971 (9398 bp)...done!
Finding genes in sequence #7972 (1603 bp)...done!
Finding genes in sequence #7973 (1878 bp)...done!
Finding genes in sequence #7974 (12709 bp)...done!
Finding genes in sequence #7975 (2373 bp)...done!
Finding genes in sequence #7976 (2213 bp)...done!
Finding genes in sequence #7977 (2720 bp)...done!
Finding genes in sequence #7978 (2198 bp)...done!
Finding genes in sequence #7979 (33410 bp)...done!
Finding genes in sequence #7980 (1534 bp)...done!
Finding genes in sequence #7981 (173122 bp)...done!
Finding genes in sequence #7982 (2241 bp)...done!
Finding genes in sequence #7983 (1515 bp)...done!
Finding genes in sequence #7984 (15426 bp)...done!
Finding genes in sequence #7985 (2169 bp)...done!
Finding genes in sequence #7986 (7286 bp)...done!
Finding genes in sequence #7987 (1850 bp)...done!
Finding genes in sequence #7988 (2745 bp)...done!
Finding genes in sequence #7989 (1534 bp)...done!
Finding genes in sequence #7990 (2712 bp)...done!
Finding genes in sequence #7991 (1550 bp)...done!
Finding genes in sequence #7992 (1748 bp)...done!
Finding genes in sequence #7993 (2464 bp)...done!
Finding genes in sequence #7994 (1852 bp)...done!
Finding genes in sequence #7995 (1809 bp)...done!
Finding genes in sequence #7996 (5649 bp)...done!
Finding genes in sequence #7997 (1711 bp)...done!
Finding genes in sequence #7998 (1691 bp)...done!
Finding genes in sequence #7999 (1796 bp)...done!
Finding genes in sequence #8000 (3468 bp)...done!
Finding genes in sequence #8001 (1865 bp)...done!
Finding genes in sequence #8002 (2117 bp)...done!
Finding genes in sequence #8003 (2133 bp)...done!
Finding genes in sequence #8004 (1909 bp)...done!
Finding genes in sequence #8005 (2534 bp)...done!
Finding genes in sequence #8006 (1672 bp)...done!
Finding genes in sequence #8007 (8711 bp)...done!
Finding genes in sequence #8008 (3452 bp)...done!
Finding genes in sequence #8009 (1516 bp)...done!
Finding genes in sequence #8010 (1983 bp)...done!
Finding genes in sequence #8011 (2841 bp)...done!
Finding genes in sequence #8012 (1767 bp)...done!
Finding genes in sequence #8013 (5684 bp)...done!
Finding genes in sequence #8014 (1765 bp)...done!
Finding genes in sequence #8015 (1587 bp)...done!
Finding genes in sequence #8016 (1503 bp)...done!
Finding genes in sequence #8017 (13404 bp)...done!
Finding genes in sequence #8018 (1818 bp)...done!
Finding genes in sequence #8019 (4700 bp)...done!
Finding genes in sequence #8020 (1697 bp)...done!
Finding genes in sequence #8021 (86083 bp)...done!
Finding genes in sequence #8022 (196262 bp)...done!
Finding genes in sequence #8023 (3218 bp)...done!
Finding genes in sequence #8024 (2521 bp)...done!
Finding genes in sequence #8025 (7503 bp)...done!
Finding genes in sequence #8026 (1728 bp)...done!
Finding genes in sequence #8027 (3533 bp)...done!
Finding genes in sequence #8028 (13680 bp)...done!
Finding genes in sequence #8029 (2269 bp)...done!
Finding genes in sequence #8030 (2086 bp)...done!
Finding genes in sequence #8031 (21358 bp)...done!
Finding genes in sequence #8032 (2789 bp)...done!
Finding genes in sequence #8033 (2097 bp)...done!
Finding genes in sequence #8034 (2776 bp)...done!
Finding genes in sequence #8035 (18034 bp)...done!
Finding genes in sequence #8036 (1977 bp)...done!
Finding genes in sequence #8037 (4244 bp)...done!
Finding genes in sequence #8038 (7997 bp)...done!
Finding genes in sequence #8039 (2775 bp)...done!
Finding genes in sequence #8040 (3362 bp)...done!
Finding genes in sequence #8041 (11349 bp)...done!
Finding genes in sequence #8042 (2972 bp)...done!
Finding genes in sequence #8043 (3718 bp)...done!
Finding genes in sequence #8044 (2624 bp)...done!
Finding genes in sequence #8045 (8083 bp)...done!
Finding genes in sequence #8046 (7019 bp)...done!
Finding genes in sequence #8047 (32560 bp)...done!
Finding genes in sequence #8048 (2325 bp)...done!
Finding genes in sequence #8049 (37072 bp)...done!
Finding genes in sequence #8050 (2256 bp)...done!
Finding genes in sequence #8051 (2100 bp)...done!
Finding genes in sequence #8052 (2680 bp)...done!
Finding genes in sequence #8053 (2035 bp)...done!
Finding genes in sequence #8054 (7036 bp)...done!
Finding genes in sequence #8055 (1841 bp)...done!
Finding genes in sequence #8056 (6295 bp)...done!
Finding genes in sequence #8057 (2308 bp)...done!
Finding genes in sequence #8058 (3466 bp)...done!
Finding genes in sequence #8059 (2205 bp)...done!
Finding genes in sequence #8060 (2121 bp)...done!
Finding genes in sequence #8061 (3917 bp)...done!
Finding genes in sequence #8062 (8534 bp)...done!
Finding genes in sequence #8063 (2570 bp)...done!
Finding genes in sequence #8064 (2057 bp)...done!
Finding genes in sequence #8065 (8412 bp)...done!
Finding genes in sequence #8066 (1806 bp)...done!
Finding genes in sequence #8067 (3286 bp)...done!
Finding genes in sequence #8068 (5072 bp)...done!
Finding genes in sequence #8069 (2267 bp)...done!
Finding genes in sequence #8070 (2962 bp)...done!
Finding genes in sequence #8071 (7242 bp)...done!
Finding genes in sequence #8072 (2492 bp)...done!
Finding genes in sequence #8073 (14956 bp)...done!
Finding genes in sequence #8074 (5350 bp)...done!
Finding genes in sequence #8075 (2179 bp)...done!
Finding genes in sequence #8076 (2138 bp)...done!
Finding genes in sequence #8077 (3586 bp)...done!
Finding genes in sequence #8078 (3260 bp)...done!
Finding genes in sequence #8079 (8317 bp)...done!
Finding genes in sequence #8080 (1990 bp)...done!
Finding genes in sequence #8081 (2311 bp)...done!
Finding genes in sequence #8082 (3563 bp)...done!
Finding genes in sequence #8083 (3741 bp)...done!
Finding genes in sequence #8084 (2890 bp)...done!
Finding genes in sequence #8085 (118693 bp)...done!
Finding genes in sequence #8086 (1741 bp)...done!
Finding genes in sequence #8087 (106814 bp)...done!
Finding genes in sequence #8088 (1722 bp)...done!
Finding genes in sequence #8089 (12446 bp)...done!
Finding genes in sequence #8090 (11422 bp)...done!
Finding genes in sequence #8091 (3631 bp)...done!
Finding genes in sequence #8092 (1673 bp)...done!
Finding genes in sequence #8093 (1592 bp)...done!
Finding genes in sequence #8094 (2445 bp)...done!
Finding genes in sequence #8095 (1657 bp)...done!
Finding genes in sequence #8096 (1558 bp)...done!
Finding genes in sequence #8097 (2091 bp)...done!
Finding genes in sequence #8098 (1854 bp)...done!
Finding genes in sequence #8099 (4781 bp)...done!
Finding genes in sequence #8100 (2317 bp)...done!
Finding genes in sequence #8101 (19052 bp)...done!
Finding genes in sequence #8102 (1713 bp)...done!
Finding genes in sequence #8103 (8281 bp)...done!
Finding genes in sequence #8104 (3208 bp)...done!
Finding genes in sequence #8105 (2821 bp)...done!
Finding genes in sequence #8106 (3064 bp)...done!
Finding genes in sequence #8107 (1896 bp)...done!
Finding genes in sequence #8108 (3372 bp)...done!
Finding genes in sequence #8109 (16044 bp)...done!
Finding genes in sequence #8110 (2958 bp)...done!
Finding genes in sequence #8111 (1960 bp)...done!
Finding genes in sequence #8112 (1914 bp)...done!
Finding genes in sequence #8113 (4307 bp)...done!
Finding genes in sequence #8114 (1714 bp)...done!
Finding genes in sequence #8115 (5812 bp)...done!
Finding genes in sequence #8116 (2342 bp)...done!
Finding genes in sequence #8117 (3071 bp)...done!
Finding genes in sequence #8118 (3693 bp)...done!
Finding genes in sequence #8119 (2140 bp)...done!
Finding genes in sequence #8120 (1990 bp)...done!
Finding genes in sequence #8121 (2139 bp)...done!
Finding genes in sequence #8122 (3128 bp)...done!
Finding genes in sequence #8123 (2510 bp)...done!
Finding genes in sequence #8124 (2586 bp)...done!
Finding genes in sequence #8125 (2235 bp)...done!
Finding genes in sequence #8126 (2070 bp)...done!
Finding genes in sequence #8127 (1549 bp)...done!
Finding genes in sequence #8128 (3974 bp)...done!
Finding genes in sequence #8129 (1629 bp)...done!
Finding genes in sequence #8130 (1617 bp)...done!
Finding genes in sequence #8131 (2224 bp)...done!
Finding genes in sequence #8132 (2051 bp)...done!
Finding genes in sequence #8133 (44955 bp)...done!
Finding genes in sequence #8134 (2194 bp)...done!
Finding genes in sequence #8135 (1794 bp)...done!
Finding genes in sequence #8136 (1515 bp)...done!
Finding genes in sequence #8137 (3628 bp)...done!
Finding genes in sequence #8138 (1582 bp)...done!
Finding genes in sequence #8139 (2051 bp)...done!
Finding genes in sequence #8140 (1822 bp)...done!
Finding genes in sequence #8141 (23091 bp)...done!
Finding genes in sequence #8142 (1620 bp)...done!
Finding genes in sequence #8143 (1599 bp)...done!
Finding genes in sequence #8144 (2118 bp)...done!
Finding genes in sequence #8145 (3358 bp)...done!
Finding genes in sequence #8146 (32085 bp)...done!
Finding genes in sequence #8147 (2524 bp)...done!
Finding genes in sequence #8148 (6906 bp)...done!
Finding genes in sequence #8149 (3644 bp)...done!
Finding genes in sequence #8150 (6425 bp)...done!
Finding genes in sequence #8151 (1758 bp)...done!
Finding genes in sequence #8152 (2236 bp)...done!
Finding genes in sequence #8153 (16125 bp)...done!
Finding genes in sequence #8154 (1821 bp)...done!
Finding genes in sequence #8155 (5270 bp)...done!
Finding genes in sequence #8156 (1668 bp)...done!
Finding genes in sequence #8157 (2824 bp)...done!
Finding genes in sequence #8158 (5813 bp)...done!
Finding genes in sequence #8159 (4129 bp)...done!
Finding genes in sequence #8160 (2718 bp)...done!
Finding genes in sequence #8161 (5116 bp)...done!
Finding genes in sequence #8162 (1652 bp)...done!
Finding genes in sequence #8163 (1578 bp)...done!
Finding genes in sequence #8164 (3427 bp)...done!
Finding genes in sequence #8165 (1736 bp)...done!
Finding genes in sequence #8166 (1924 bp)...done!
Finding genes in sequence #8167 (1919 bp)...done!
Finding genes in sequence #8168 (3128 bp)...done!
Finding genes in sequence #8169 (2554 bp)...done!
Finding genes in sequence #8170 (1639 bp)...done!
Finding genes in sequence #8171 (2346 bp)...done!
Finding genes in sequence #8172 (7504 bp)...done!
Finding genes in sequence #8173 (7970 bp)...done!
Finding genes in sequence #8174 (1574 bp)...done!
Finding genes in sequence #8175 (2279 bp)...done!
Finding genes in sequence #8176 (2423 bp)...done!
Finding genes in sequence #8177 (1787 bp)...done!
Finding genes in sequence #8178 (1963 bp)...done!
Finding genes in sequence #8179 (3062 bp)...done!
Finding genes in sequence #8180 (64340 bp)...done!
Finding genes in sequence #8181 (1949 bp)...done!
Finding genes in sequence #8182 (1724 bp)...done!
Finding genes in sequence #8183 (10665 bp)...done!
Finding genes in sequence #8184 (2377 bp)...done!
Finding genes in sequence #8185 (2171 bp)...done!
Finding genes in sequence #8186 (1858 bp)...done!
Finding genes in sequence #8187 (2218 bp)...done!
Finding genes in sequence #8188 (1740 bp)...done!
Finding genes in sequence #8189 (2444 bp)...done!
Finding genes in sequence #8190 (13329 bp)...done!
Finding genes in sequence #8191 (16606 bp)...done!
Finding genes in sequence #8192 (11534 bp)...done!
Finding genes in sequence #8193 (1984 bp)...done!
Finding genes in sequence #8194 (2766 bp)...done!
Finding genes in sequence #8195 (2011 bp)...done!
Finding genes in sequence #8196 (4482 bp)...done!
Finding genes in sequence #8197 (1548 bp)...done!
Finding genes in sequence #8198 (2500 bp)...done!
Finding genes in sequence #8199 (4385 bp)...done!
Finding genes in sequence #8200 (7261 bp)...done!
Finding genes in sequence #8201 (1822 bp)...done!
Finding genes in sequence #8202 (2042 bp)...done!
Finding genes in sequence #8203 (1952 bp)...done!
Finding genes in sequence #8204 (2003 bp)...done!
Finding genes in sequence #8205 (4231 bp)...done!
Finding genes in sequence #8206 (8095 bp)...done!
Finding genes in sequence #8207 (13622 bp)...done!
Finding genes in sequence #8208 (1568 bp)...done!
Finding genes in sequence #8209 (3741 bp)...done!
Finding genes in sequence #8210 (2308 bp)...done!
Finding genes in sequence #8211 (3788 bp)...done!
Finding genes in sequence #8212 (1681 bp)...done!
Finding genes in sequence #8213 (1627 bp)...done!
Finding genes in sequence #8214 (12976 bp)...done!
Finding genes in sequence #8215 (10687 bp)...done!
Finding genes in sequence #8216 (1835 bp)...done!
Finding genes in sequence #8217 (11483 bp)...done!
Finding genes in sequence #8218 (1771 bp)...done!
Finding genes in sequence #8219 (1906 bp)...done!
Finding genes in sequence #8220 (4409 bp)...done!
Finding genes in sequence #8221 (1955 bp)...done!
Finding genes in sequence #8222 (2229 bp)...done!
Finding genes in sequence #8223 (2624 bp)...done!
Finding genes in sequence #8224 (2855 bp)...done!
Finding genes in sequence #8225 (1951 bp)...done!
Finding genes in sequence #8226 (6134 bp)...done!
Finding genes in sequence #8227 (3414 bp)...done!
Finding genes in sequence #8228 (1628 bp)...done!
Finding genes in sequence #8229 (1873 bp)...done!
Finding genes in sequence #8230 (3117 bp)...done!
Finding genes in sequence #8231 (2688 bp)...done!
Finding genes in sequence #8232 (1692 bp)...done!
Finding genes in sequence #8233 (1963 bp)...done!
Finding genes in sequence #8234 (1565 bp)...done!
Finding genes in sequence #8235 (38909 bp)...done!
Finding genes in sequence #8236 (3194 bp)...done!
Finding genes in sequence #8237 (1629 bp)...done!
Finding genes in sequence #8238 (1911 bp)...done!
Finding genes in sequence #8239 (2880 bp)...done!
Finding genes in sequence #8240 (3791 bp)...done!
Finding genes in sequence #8241 (1747 bp)...done!
Finding genes in sequence #8242 (1792 bp)...done!
Finding genes in sequence #8243 (4070 bp)...done!
Finding genes in sequence #8244 (11928 bp)...done!
Finding genes in sequence #8245 (16845 bp)...done!
Finding genes in sequence #8246 (19544 bp)...done!
Finding genes in sequence #8247 (1899 bp)...done!
Finding genes in sequence #8248 (2332 bp)...done!
Finding genes in sequence #8249 (1697 bp)...done!
Finding genes in sequence #8250 (2335 bp)...done!
Finding genes in sequence #8251 (1897 bp)...done!
Finding genes in sequence #8252 (1501 bp)...done!
Finding genes in sequence #8253 (2265 bp)...done!
Finding genes in sequence #8254 (32430 bp)...done!
Finding genes in sequence #8255 (2312 bp)...done!
Finding genes in sequence #8256 (7845 bp)...done!
Finding genes in sequence #8257 (1689 bp)...done!
Finding genes in sequence #8258 (3521 bp)...done!
Finding genes in sequence #8259 (11372 bp)...done!
Finding genes in sequence #8260 (37716 bp)...done!
Finding genes in sequence #8261 (2606 bp)...done!
Finding genes in sequence #8262 (9880 bp)...done!
Finding genes in sequence #8263 (2289 bp)...done!
Finding genes in sequence #8264 (12476 bp)...done!
Finding genes in sequence #8265 (1785 bp)...done!
Finding genes in sequence #8266 (1758 bp)...done!
Finding genes in sequence #8267 (10399 bp)...done!
Finding genes in sequence #8268 (3404 bp)...done!
Finding genes in sequence #8269 (8992 bp)...done!
Finding genes in sequence #8270 (1744 bp)...done!
Finding genes in sequence #8271 (1584 bp)...done!
Finding genes in sequence #8272 (10979 bp)...done!
Finding genes in sequence #8273 (2086 bp)...done!
Finding genes in sequence #8274 (1986 bp)...done!
Finding genes in sequence #8275 (4465 bp)...done!
Finding genes in sequence #8276 (8922 bp)...done!
Finding genes in sequence #8277 (4832 bp)...done!
Finding genes in sequence #8278 (1681 bp)...done!
Finding genes in sequence #8279 (1977 bp)...done!
Finding genes in sequence #8280 (7177 bp)...done!
Finding genes in sequence #8281 (1888 bp)...done!
Finding genes in sequence #8282 (2016 bp)...done!
Finding genes in sequence #8283 (4912 bp)...done!
Finding genes in sequence #8284 (2749 bp)...done!
Finding genes in sequence #8285 (3116 bp)...done!
Finding genes in sequence #8286 (2524 bp)...done!
Finding genes in sequence #8287 (4017 bp)...done!
Finding genes in sequence #8288 (1844 bp)...done!
Finding genes in sequence #8289 (34240 bp)...done!
Finding genes in sequence #8290 (1960 bp)...done!
Finding genes in sequence #8291 (2187 bp)...done!
Finding genes in sequence #8292 (2088 bp)...done!
Finding genes in sequence #8293 (7070 bp)...done!
Finding genes in sequence #8294 (9510 bp)...done!
Finding genes in sequence #8295 (2257 bp)...done!
Finding genes in sequence #8296 (2708 bp)...done!
Finding genes in sequence #8297 (2196 bp)...done!
Finding genes in sequence #8298 (2032 bp)...done!
Finding genes in sequence #8299 (2286 bp)...done!
Finding genes in sequence #8300 (1798 bp)...done!
Finding genes in sequence #8301 (1521 bp)...done!
Finding genes in sequence #8302 (8735 bp)...done!
Finding genes in sequence #8303 (2662 bp)...done!
Finding genes in sequence #8304 (2689 bp)...done!
Finding genes in sequence #8305 (2670 bp)...done!
Finding genes in sequence #8306 (1922 bp)...done!
Finding genes in sequence #8307 (51159 bp)...done!
Finding genes in sequence #8308 (1918 bp)...done!
Finding genes in sequence #8309 (3917 bp)...done!
Finding genes in sequence #8310 (3093 bp)...done!
Finding genes in sequence #8311 (2832 bp)...done!
Finding genes in sequence #8312 (3265 bp)...done!
Finding genes in sequence #8313 (1826 bp)...done!
Finding genes in sequence #8314 (1557 bp)...done!
Finding genes in sequence #8315 (1571 bp)...done!
Finding genes in sequence #8316 (1879 bp)...done!
Finding genes in sequence #8317 (2200 bp)...done!
Finding genes in sequence #8318 (2000 bp)...done!
Finding genes in sequence #8319 (3494 bp)...done!
Finding genes in sequence #8320 (2080 bp)...done!
Finding genes in sequence #8321 (1713 bp)...done!
Finding genes in sequence #8322 (1639 bp)...done!
Finding genes in sequence #8323 (2821 bp)...done!
Finding genes in sequence #8324 (2065 bp)...done!
Finding genes in sequence #8325 (2711 bp)...done!
Finding genes in sequence #8326 (6057 bp)...done!
Finding genes in sequence #8327 (2059 bp)...done!
Finding genes in sequence #8328 (1840 bp)...done!
Finding genes in sequence #8329 (2044 bp)...done!
Finding genes in sequence #8330 (1825 bp)...done!
Finding genes in sequence #8331 (4324 bp)...done!
Finding genes in sequence #8332 (1539 bp)...done!
Finding genes in sequence #8333 (33915 bp)...done!
Finding genes in sequence #8334 (1625 bp)...done!
Finding genes in sequence #8335 (1807 bp)...done!
Finding genes in sequence #8336 (2354 bp)...done!
Finding genes in sequence #8337 (7459 bp)...done!
Finding genes in sequence #8338 (1555 bp)...done!
Finding genes in sequence #8339 (1969 bp)...done!
Finding genes in sequence #8340 (5608 bp)...done!
Finding genes in sequence #8341 (2845 bp)...done!
Finding genes in sequence #8342 (3097 bp)...done!
Finding genes in sequence #8343 (1901 bp)...done!
Finding genes in sequence #8344 (1552 bp)...done!
Finding genes in sequence #8345 (2372 bp)...done!
Finding genes in sequence #8346 (1991 bp)...done!
Finding genes in sequence #8347 (2431 bp)...done!
Finding genes in sequence #8348 (7157 bp)...done!
Finding genes in sequence #8349 (1781 bp)...done!
Finding genes in sequence #8350 (1686 bp)...done!
Finding genes in sequence #8351 (2485 bp)...done!
Finding genes in sequence #8352 (15826 bp)...done!
Finding genes in sequence #8353 (1644 bp)...done!
Finding genes in sequence #8354 (13549 bp)...done!
Finding genes in sequence #8355 (1589 bp)...done!
Finding genes in sequence #8356 (9881 bp)...done!
Finding genes in sequence #8357 (1517 bp)...done!
Finding genes in sequence #8358 (1808 bp)...done!
Finding genes in sequence #8359 (1875 bp)...done!
Finding genes in sequence #8360 (2509 bp)...done!
Finding genes in sequence #8361 (15282 bp)...done!
Finding genes in sequence #8362 (3647 bp)...done!
Finding genes in sequence #8363 (1841 bp)...done!
Finding genes in sequence #8364 (63540 bp)...done!
Finding genes in sequence #8365 (1603 bp)...done!
Finding genes in sequence #8366 (4812 bp)...done!
Finding genes in sequence #8367 (2242 bp)...done!
Finding genes in sequence #8368 (44590 bp)...done!
Finding genes in sequence #8369 (2057 bp)...done!
Finding genes in sequence #8370 (5486 bp)...done!
Finding genes in sequence #8371 (1753 bp)...done!
Finding genes in sequence #8372 (9862 bp)...done!
Finding genes in sequence #8373 (6005 bp)...done!
Finding genes in sequence #8374 (27335 bp)...done!
Finding genes in sequence #8375 (2242 bp)...done!
Finding genes in sequence #8376 (5787 bp)...done!
Finding genes in sequence #8377 (10623 bp)...done!
Finding genes in sequence #8378 (1880 bp)...done!
Finding genes in sequence #8379 (23194 bp)...done!
Finding genes in sequence #8380 (2057 bp)...done!
Finding genes in sequence #8381 (1733 bp)...done!
Finding genes in sequence #8382 (1708 bp)...done!
Finding genes in sequence #8383 (2414 bp)...done!
Finding genes in sequence #8384 (2069 bp)...done!
Finding genes in sequence #8385 (1778 bp)...done!
Finding genes in sequence #8386 (4857 bp)...done!
Finding genes in sequence #8387 (13756 bp)...done!
Finding genes in sequence #8388 (18858 bp)...done!
Finding genes in sequence #8389 (3002 bp)...done!
Finding genes in sequence #8390 (13652 bp)...done!
Finding genes in sequence #8391 (1815 bp)...done!
Finding genes in sequence #8392 (1997 bp)...done!
Finding genes in sequence #8393 (1556 bp)...done!
Finding genes in sequence #8394 (1611 bp)...done!
Finding genes in sequence #8395 (2227 bp)...done!
Finding genes in sequence #8396 (43573 bp)...done!
Finding genes in sequence #8397 (2853 bp)...done!
Finding genes in sequence #8398 (1620 bp)...done!
Finding genes in sequence #8399 (1585 bp)...done!
Finding genes in sequence #8400 (1957 bp)...done!
Finding genes in sequence #8401 (672984 bp)...done!
Finding genes in sequence #8402 (18561 bp)...done!
Finding genes in sequence #8403 (10874 bp)...done!
Finding genes in sequence #8404 (9458 bp)...done!
Finding genes in sequence #8405 (63528 bp)...done!
Finding genes in sequence #8406 (2519 bp)...done!
Finding genes in sequence #8407 (5853 bp)...done!
Finding genes in sequence #8408 (2463 bp)...done!
Finding genes in sequence #8409 (1506 bp)...done!
Finding genes in sequence #8410 (2234 bp)...done!
Finding genes in sequence #8411 (3436 bp)...done!
Finding genes in sequence #8412 (1840 bp)...done!
Finding genes in sequence #8413 (4840 bp)...done!
Finding genes in sequence #8414 (1561 bp)...done!
Finding genes in sequence #8415 (2301 bp)...done!
Finding genes in sequence #8416 (2624 bp)...done!
Finding genes in sequence #8417 (1611 bp)...done!
Finding genes in sequence #8418 (2054 bp)...done!
Finding genes in sequence #8419 (1995 bp)...done!
Finding genes in sequence #8420 (2387 bp)...done!
Finding genes in sequence #8421 (11870 bp)...done!
Finding genes in sequence #8422 (2089 bp)...done!
Finding genes in sequence #8423 (2227 bp)...done!
Finding genes in sequence #8424 (5752 bp)...done!
Finding genes in sequence #8425 (1838 bp)...done!
Finding genes in sequence #8426 (3122 bp)...done!
Finding genes in sequence #8427 (1605 bp)...done!
Finding genes in sequence #8428 (1502 bp)...done!
Finding genes in sequence #8429 (16222 bp)...done!
Finding genes in sequence #8430 (32123 bp)...done!
Finding genes in sequence #8431 (2337 bp)...done!
Finding genes in sequence #8432 (2016 bp)...done!
Finding genes in sequence #8433 (1722 bp)...done!
Finding genes in sequence #8434 (2639 bp)...done!
Finding genes in sequence #8435 (2954 bp)...done!
Finding genes in sequence #8436 (2845 bp)...done!
Finding genes in sequence #8437 (1608 bp)...done!
Finding genes in sequence #8438 (1703 bp)...done!
Finding genes in sequence #8439 (7507 bp)...done!
Finding genes in sequence #8440 (1501 bp)...done!
Finding genes in sequence #8441 (11045 bp)...done!
Finding genes in sequence #8442 (8097 bp)...done!
Finding genes in sequence #8443 (1976 bp)...done!
Finding genes in sequence #8444 (1697 bp)...done!
Finding genes in sequence #8445 (2343 bp)...done!
Finding genes in sequence #8446 (3121 bp)...done!
Finding genes in sequence #8447 (1813 bp)...done!
Finding genes in sequence #8448 (2561 bp)...done!
Finding genes in sequence #8449 (9055 bp)...done!
Finding genes in sequence #8450 (6497 bp)...done!
Finding genes in sequence #8451 (1606 bp)...done!
Finding genes in sequence #8452 (6895 bp)...done!
Finding genes in sequence #8453 (2099 bp)...done!
Finding genes in sequence #8454 (1941 bp)...done!
Finding genes in sequence #8455 (4896 bp)...done!
Finding genes in sequence #8456 (61410 bp)...done!
Finding genes in sequence #8457 (1545 bp)...done!
Finding genes in sequence #8458 (2928 bp)...done!
Finding genes in sequence #8459 (1595 bp)...done!
Finding genes in sequence #8460 (2887 bp)...done!
Finding genes in sequence #8461 (6184 bp)...done!
Finding genes in sequence #8462 (2080 bp)...done!
Finding genes in sequence #8463 (1695 bp)...done!
Finding genes in sequence #8464 (1670 bp)...done!
Finding genes in sequence #8465 (1795 bp)...done!
Finding genes in sequence #8466 (20607 bp)...done!
Finding genes in sequence #8467 (2850 bp)...done!
Finding genes in sequence #8468 (1761 bp)...done!
Finding genes in sequence #8469 (1875 bp)...done!
Finding genes in sequence #8470 (1511 bp)...done!
Finding genes in sequence #8471 (3683 bp)...done!
Finding genes in sequence #8472 (4211 bp)...done!
Finding genes in sequence #8473 (4333 bp)...done!
Finding genes in sequence #8474 (27284 bp)...done!
Finding genes in sequence #8475 (9049 bp)...done!
Finding genes in sequence #8476 (2852 bp)...done!
Finding genes in sequence #8477 (1790 bp)...done!
Finding genes in sequence #8478 (2068 bp)...done!
Finding genes in sequence #8479 (37803 bp)...done!
Finding genes in sequence #8480 (2029 bp)...done!
Finding genes in sequence #8481 (3870 bp)...done!
Finding genes in sequence #8482 (5486 bp)...done!
Finding genes in sequence #8483 (1735 bp)...done!
Finding genes in sequence #8484 (4431 bp)...done!
Finding genes in sequence #8485 (1511 bp)...done!
Finding genes in sequence #8486 (2299 bp)...done!
Finding genes in sequence #8487 (1635 bp)...done!
Finding genes in sequence #8488 (1565 bp)...done!
Finding genes in sequence #8489 (1640 bp)...done!
Finding genes in sequence #8490 (1529 bp)...done!
Finding genes in sequence #8491 (3934 bp)...done!
Finding genes in sequence #8492 (5413 bp)...done!
Finding genes in sequence #8493 (2648 bp)...done!
Finding genes in sequence #8494 (4205 bp)...done!
Finding genes in sequence #8495 (2375 bp)...done!
Finding genes in sequence #8496 (7264 bp)...done!
Finding genes in sequence #8497 (1923 bp)...done!
Finding genes in sequence #8498 (6568 bp)...done!
Finding genes in sequence #8499 (7252 bp)...done!
Finding genes in sequence #8500 (2401 bp)...done!
Finding genes in sequence #8501 (8798 bp)...done!
Finding genes in sequence #8502 (1535 bp)...done!
Finding genes in sequence #8503 (1818 bp)...done!
Finding genes in sequence #8504 (2742 bp)...done!
Finding genes in sequence #8505 (6278 bp)...done!
Finding genes in sequence #8506 (25951 bp)...done!
Finding genes in sequence #8507 (13288 bp)...done!
Finding genes in sequence #8508 (1704 bp)...done!
Finding genes in sequence #8509 (1858 bp)...done!
Finding genes in sequence #8510 (2751 bp)...done!
Finding genes in sequence #8511 (1544 bp)...done!
Finding genes in sequence #8512 (3574 bp)...done!
Finding genes in sequence #8513 (1823 bp)...done!
Finding genes in sequence #8514 (1717 bp)...done!
Finding genes in sequence #8515 (4274 bp)...done!
Finding genes in sequence #8516 (11170 bp)...done!
Finding genes in sequence #8517 (5931 bp)...done!
Finding genes in sequence #8518 (2711 bp)...done!
Finding genes in sequence #8519 (26698 bp)...done!
Finding genes in sequence #8520 (2523 bp)...done!
Finding genes in sequence #8521 (3258 bp)...done!
Finding genes in sequence #8522 (1611 bp)...done!
Finding genes in sequence #8523 (1510 bp)...done!
Finding genes in sequence #8524 (1720 bp)...done!
Finding genes in sequence #8525 (2503 bp)...done!
Finding genes in sequence #8526 (1818 bp)...done!
Finding genes in sequence #8527 (1555 bp)...done!
Finding genes in sequence #8528 (3262 bp)...done!
Finding genes in sequence #8529 (2019 bp)...done!
Finding genes in sequence #8530 (181610 bp)...done!
Finding genes in sequence #8531 (3714 bp)...done!
Finding genes in sequence #8532 (1868 bp)...done!
Finding genes in sequence #8533 (2187 bp)...done!
Finding genes in sequence #8534 (21414 bp)...done!
Finding genes in sequence #8535 (3489 bp)...done!
Finding genes in sequence #8536 (1614 bp)...done!
Finding genes in sequence #8537 (2269 bp)...done!
Finding genes in sequence #8538 (53212 bp)...done!
Finding genes in sequence #8539 (2017 bp)...done!
Finding genes in sequence #8540 (3646 bp)...done!
Finding genes in sequence #8541 (1853 bp)...done!
Finding genes in sequence #8542 (2592 bp)...done!
Finding genes in sequence #8543 (2016 bp)...done!
Finding genes in sequence #8544 (1707 bp)...done!
Finding genes in sequence #8545 (1636 bp)...done!
Finding genes in sequence #8546 (1848 bp)...done!
Finding genes in sequence #8547 (21603 bp)...done!
Finding genes in sequence #8548 (1806 bp)...done!
Finding genes in sequence #8549 (3018 bp)...done!
Finding genes in sequence #8550 (4382 bp)...done!
Finding genes in sequence #8551 (2882 bp)...done!
Finding genes in sequence #8552 (1562 bp)...done!
Finding genes in sequence #8553 (75303 bp)...done!
Finding genes in sequence #8554 (1839 bp)...done!
Finding genes in sequence #8555 (2469 bp)...done!
Finding genes in sequence #8556 (3574 bp)...done!
Finding genes in sequence #8557 (9418 bp)...done!
Finding genes in sequence #8558 (70798 bp)...done!
Finding genes in sequence #8559 (1998 bp)...done!
Finding genes in sequence #8560 (1540 bp)...done!
Finding genes in sequence #8561 (1636 bp)...done!
Finding genes in sequence #8562 (25295 bp)...done!
Finding genes in sequence #8563 (2046 bp)...done!
Finding genes in sequence #8564 (3858 bp)...done!
Finding genes in sequence #8565 (4364 bp)...done!
Finding genes in sequence #8566 (3221 bp)...done!
Finding genes in sequence #8567 (2386 bp)...done!
Finding genes in sequence #8568 (1679 bp)...done!
Finding genes in sequence #8569 (2742 bp)...done!
Finding genes in sequence #8570 (1759 bp)...done!
Finding genes in sequence #8571 (1627 bp)...done!
Finding genes in sequence #8572 (1600 bp)...done!
Finding genes in sequence #8573 (1571 bp)...done!
Finding genes in sequence #8574 (3245 bp)...done!
Finding genes in sequence #8575 (2233 bp)...done!
Finding genes in sequence #8576 (2046 bp)...done!
Finding genes in sequence #8577 (4896 bp)...done!
Finding genes in sequence #8578 (1589 bp)...done!
Finding genes in sequence #8579 (2860 bp)...done!
Finding genes in sequence #8580 (1781 bp)...done!
Finding genes in sequence #8581 (2786 bp)...done!
Finding genes in sequence #8582 (2100 bp)...done!
Finding genes in sequence #8583 (4272 bp)...done!
Finding genes in sequence #8584 (1588 bp)...done!
Finding genes in sequence #8585 (1684 bp)...done!
Finding genes in sequence #8586 (3538 bp)...done!
Finding genes in sequence #8587 (3996 bp)...done!
Finding genes in sequence #8588 (1713 bp)...done!
Finding genes in sequence #8589 (2634 bp)...done!
Finding genes in sequence #8590 (1697 bp)...done!
Finding genes in sequence #8591 (3260 bp)...done!
Finding genes in sequence #8592 (2368 bp)...done!
Finding genes in sequence #8593 (2759 bp)...done!
Finding genes in sequence #8594 (1543 bp)...done!
Finding genes in sequence #8595 (3093 bp)...done!
Finding genes in sequence #8596 (10466 bp)...done!
Finding genes in sequence #8597 (12765 bp)...done!
Finding genes in sequence #8598 (2507 bp)...done!
Finding genes in sequence #8599 (1717 bp)...done!
Finding genes in sequence #8600 (1825 bp)...done!
Finding genes in sequence #8601 (11061 bp)...done!
Finding genes in sequence #8602 (2624 bp)...done!
Finding genes in sequence #8603 (3401 bp)...done!
Finding genes in sequence #8604 (2905 bp)...done!
Finding genes in sequence #8605 (1546 bp)...done!
Finding genes in sequence #8606 (1542 bp)...done!
Finding genes in sequence #8607 (2285 bp)...done!
Finding genes in sequence #8608 (1596 bp)...done!
Finding genes in sequence #8609 (1592 bp)...done!
Finding genes in sequence #8610 (1595 bp)...done!
Finding genes in sequence #8611 (2102 bp)...done!
Finding genes in sequence #8612 (1698 bp)...done!
Finding genes in sequence #8613 (1857 bp)...done!
Finding genes in sequence #8614 (2671 bp)...done!
Finding genes in sequence #8615 (3654 bp)...done!
Finding genes in sequence #8616 (1625 bp)...done!
Finding genes in sequence #8617 (3495 bp)...done!
Finding genes in sequence #8618 (34951 bp)...done!
Finding genes in sequence #8619 (1749 bp)...done!
Finding genes in sequence #8620 (2075 bp)...done!
Finding genes in sequence #8621 (2267 bp)...done!
Finding genes in sequence #8622 (1593 bp)...done!
Finding genes in sequence #8623 (1948 bp)...done!
Finding genes in sequence #8624 (4366 bp)...done!
Finding genes in sequence #8625 (2654 bp)...done!
Finding genes in sequence #8626 (1714 bp)...done!
Finding genes in sequence #8627 (2992 bp)...done!
Finding genes in sequence #8628 (2591 bp)...done!
Finding genes in sequence #8629 (2370 bp)...done!
Finding genes in sequence #8630 (1623 bp)...done!
Finding genes in sequence #8631 (2337 bp)...done!
Finding genes in sequence #8632 (2117 bp)...done!
Finding genes in sequence #8633 (4394 bp)...done!
Finding genes in sequence #8634 (2801 bp)...done!
Finding genes in sequence #8635 (3026 bp)...done!
Finding genes in sequence #8636 (5966 bp)...done!
Finding genes in sequence #8637 (6266 bp)...done!
Finding genes in sequence #8638 (4792 bp)...done!
Finding genes in sequence #8639 (2011 bp)...done!
Finding genes in sequence #8640 (2142 bp)...done!
Finding genes in sequence #8641 (97124 bp)...done!
Finding genes in sequence #8642 (1750 bp)...done!
Finding genes in sequence #8643 (14366 bp)...done!
Finding genes in sequence #8644 (2114 bp)...done!
Finding genes in sequence #8645 (3574 bp)...done!
Finding genes in sequence #8646 (9545 bp)...done!
Finding genes in sequence #8647 (2475 bp)...done!
Finding genes in sequence #8648 (3917 bp)...done!
Finding genes in sequence #8649 (3441 bp)...done!
Finding genes in sequence #8650 (4010 bp)...done!
Finding genes in sequence #8651 (2618 bp)...done!
Finding genes in sequence #8652 (1866 bp)...done!
Finding genes in sequence #8653 (5466 bp)...done!
Finding genes in sequence #8654 (1752 bp)...done!
Finding genes in sequence #8655 (4272 bp)...done!
Finding genes in sequence #8656 (68288 bp)...done!
Finding genes in sequence #8657 (5760 bp)...done!
Finding genes in sequence #8658 (3800 bp)...done!
Finding genes in sequence #8659 (1547 bp)...done!
Finding genes in sequence #8660 (5619 bp)...done!
Finding genes in sequence #8661 (2867 bp)...done!
Finding genes in sequence #8662 (23683 bp)...done!
Finding genes in sequence #8663 (1641 bp)...done!
Finding genes in sequence #8664 (1768 bp)...done!
Finding genes in sequence #8665 (5026 bp)...done!
Finding genes in sequence #8666 (2697 bp)...done!
Finding genes in sequence #8667 (2301 bp)...done!
Finding genes in sequence #8668 (2553 bp)...done!
Finding genes in sequence #8669 (15051 bp)...done!
Finding genes in sequence #8670 (5724 bp)...done!
Finding genes in sequence #8671 (26329 bp)...done!
Finding genes in sequence #8672 (1718 bp)...done!
Finding genes in sequence #8673 (7815 bp)...done!
Finding genes in sequence #8674 (2426 bp)...done!
Finding genes in sequence #8675 (1729 bp)...done!
Finding genes in sequence #8676 (1787 bp)...done!
Finding genes in sequence #8677 (1809 bp)...done!
Finding genes in sequence #8678 (17389 bp)...done!
Finding genes in sequence #8679 (9154 bp)...done!
Finding genes in sequence #8680 (1505 bp)...done!
Finding genes in sequence #8681 (1614 bp)...done!
Finding genes in sequence #8682 (1978 bp)...done!
Finding genes in sequence #8683 (1638 bp)...done!
Finding genes in sequence #8684 (12213 bp)...done!
Finding genes in sequence #8685 (1706 bp)...done!
Finding genes in sequence #8686 (10326 bp)...done!
Finding genes in sequence #8687 (2182 bp)...done!
Finding genes in sequence #8688 (2301 bp)...done!
Finding genes in sequence #8689 (2708 bp)...done!
Finding genes in sequence #8690 (2059 bp)...done!
Finding genes in sequence #8691 (4293 bp)...done!
Finding genes in sequence #8692 (18865 bp)...done!
Finding genes in sequence #8693 (2808 bp)...done!
Finding genes in sequence #8694 (4157 bp)...done!
Finding genes in sequence #8695 (3164 bp)...done!
Finding genes in sequence #8696 (5126 bp)...done!
Finding genes in sequence #8697 (1599 bp)...done!
Finding genes in sequence #8698 (2252 bp)...done!
Finding genes in sequence #8699 (2152 bp)...done!
Finding genes in sequence #8700 (8414 bp)...done!
Finding genes in sequence #8701 (3660 bp)...done!
Finding genes in sequence #8702 (2350 bp)...done!
Finding genes in sequence #8703 (6952 bp)...done!
Finding genes in sequence #8704 (2286 bp)...done!
Finding genes in sequence #8705 (1989 bp)...done!
Finding genes in sequence #8706 (1765 bp)...done!
Finding genes in sequence #8707 (8916 bp)...done!
Finding genes in sequence #8708 (2287 bp)...done!
Finding genes in sequence #8709 (2163 bp)...done!
Finding genes in sequence #8710 (3132 bp)...done!
Finding genes in sequence #8711 (2280 bp)...done!
Finding genes in sequence #8712 (1508 bp)...done!
Finding genes in sequence #8713 (1715 bp)...done!
Finding genes in sequence #8714 (2033 bp)...done!
Finding genes in sequence #8715 (2175 bp)...done!
Finding genes in sequence #8716 (1563 bp)...done!
Finding genes in sequence #8717 (5626 bp)...done!
Finding genes in sequence #8718 (2373 bp)...done!
Finding genes in sequence #8719 (1739 bp)...done!
Finding genes in sequence #8720 (6048 bp)...done!
Finding genes in sequence #8721 (2109 bp)...done!
Finding genes in sequence #8722 (2286 bp)...done!
Finding genes in sequence #8723 (8957 bp)...done!
Finding genes in sequence #8724 (9106 bp)...done!
Finding genes in sequence #8725 (1742 bp)...done!
Finding genes in sequence #8726 (1727 bp)...done!
Finding genes in sequence #8727 (4342 bp)...done!
Finding genes in sequence #8728 (13500 bp)...done!
Finding genes in sequence #8729 (2726 bp)...done!
Finding genes in sequence #8730 (2210 bp)...done!
Finding genes in sequence #8731 (2227 bp)...done!
Finding genes in sequence #8732 (3746 bp)...done!
Finding genes in sequence #8733 (4018 bp)...done!
Finding genes in sequence #8734 (2347 bp)...done!
Finding genes in sequence #8735 (1611 bp)...done!
Finding genes in sequence #8736 (1664 bp)...done!
Finding genes in sequence #8737 (4488 bp)...done!
Finding genes in sequence #8738 (1771 bp)...done!
Finding genes in sequence #8739 (2454 bp)...done!
Finding genes in sequence #8740 (1853 bp)...done!
Finding genes in sequence #8741 (1755 bp)...done!
Finding genes in sequence #8742 (5842 bp)...done!
Finding genes in sequence #8743 (1619 bp)...done!
Finding genes in sequence #8744 (16470 bp)...done!
Finding genes in sequence #8745 (2189 bp)...done!
Finding genes in sequence #8746 (1973 bp)...done!
Finding genes in sequence #8747 (2323 bp)...done!
Finding genes in sequence #8748 (5738 bp)...done!
Finding genes in sequence #8749 (1659 bp)...done!
Finding genes in sequence #8750 (1914 bp)...done!
Finding genes in sequence #8751 (2501 bp)...done!
Finding genes in sequence #8752 (1967 bp)...done!
Finding genes in sequence #8753 (1988 bp)...done!
Finding genes in sequence #8754 (2825 bp)...done!
Finding genes in sequence #8755 (1655 bp)...done!
Finding genes in sequence #8756 (1898 bp)...done!
Finding genes in sequence #8757 (1867 bp)...done!
Finding genes in sequence #8758 (2320 bp)...done!
Finding genes in sequence #8759 (1834 bp)...done!
Finding genes in sequence #8760 (1893 bp)...done!
Finding genes in sequence #8761 (1650 bp)...done!
Finding genes in sequence #8762 (26398 bp)...done!
Finding genes in sequence #8763 (3166 bp)...done!
Finding genes in sequence #8764 (2862 bp)...done!
Finding genes in sequence #8765 (3087 bp)...done!
Finding genes in sequence #8766 (3282 bp)...done!
Finding genes in sequence #8767 (1801 bp)...done!
Finding genes in sequence #8768 (2188 bp)...done!
Finding genes in sequence #8769 (1748 bp)...done!
Finding genes in sequence #8770 (1904 bp)...done!
Finding genes in sequence #8771 (1659 bp)...done!
Finding genes in sequence #8772 (2818 bp)...done!
Finding genes in sequence #8773 (1504 bp)...done!
Finding genes in sequence #8774 (54280 bp)...done!
Finding genes in sequence #8775 (23593 bp)...done!
Finding genes in sequence #8776 (2212 bp)...done!
Finding genes in sequence #8777 (1804 bp)...done!
Finding genes in sequence #8778 (3402 bp)...done!
Finding genes in sequence #8779 (1982 bp)...done!
Finding genes in sequence #8780 (2787 bp)...done!
Finding genes in sequence #8781 (1551 bp)...done!
Finding genes in sequence #8782 (7839 bp)...done!
Finding genes in sequence #8783 (1889 bp)...done!
Finding genes in sequence #8784 (2859 bp)...done!
Finding genes in sequence #8785 (5198 bp)...done!
Finding genes in sequence #8786 (56647 bp)...done!
Finding genes in sequence #8787 (1835 bp)...done!
Finding genes in sequence #8788 (15064 bp)...done!
Finding genes in sequence #8789 (1871 bp)...done!
Finding genes in sequence #8790 (2056 bp)...done!
Finding genes in sequence #8791 (1990 bp)...done!
Finding genes in sequence #8792 (1638 bp)...done!
Finding genes in sequence #8793 (8035 bp)...done!
Finding genes in sequence #8794 (1533 bp)...done!
Finding genes in sequence #8795 (1841 bp)...done!
Finding genes in sequence #8796 (6952 bp)...done!
Finding genes in sequence #8797 (1605 bp)...done!
Finding genes in sequence #8798 (8191 bp)...done!
Finding genes in sequence #8799 (6482 bp)...done!
Finding genes in sequence #8800 (14962 bp)...done!
Finding genes in sequence #8801 (1635 bp)...done!
Finding genes in sequence #8802 (17465 bp)...done!
Finding genes in sequence #8803 (1896 bp)...done!
Finding genes in sequence #8804 (2381 bp)...done!
Finding genes in sequence #8805 (3357 bp)...done!
Finding genes in sequence #8806 (2854 bp)...done!
Finding genes in sequence #8807 (2074 bp)...done!
Finding genes in sequence #8808 (3601 bp)...done!
Finding genes in sequence #8809 (1763 bp)...done!
Finding genes in sequence #8810 (5323 bp)...done!
Finding genes in sequence #8811 (2360 bp)...done!
Finding genes in sequence #8812 (1532 bp)...done!
Finding genes in sequence #8813 (7115 bp)...done!
Finding genes in sequence #8814 (1685 bp)...done!
Finding genes in sequence #8815 (2115 bp)...done!
Finding genes in sequence #8816 (5713 bp)...done!
Finding genes in sequence #8817 (14669 bp)...done!
Finding genes in sequence #8818 (6006 bp)...done!
Finding genes in sequence #8819 (2078 bp)...done!
Finding genes in sequence #8820 (1969 bp)...done!
Finding genes in sequence #8821 (2030 bp)...done!
Finding genes in sequence #8822 (9315 bp)...done!
Finding genes in sequence #8823 (2752 bp)...done!
Finding genes in sequence #8824 (2167 bp)...done!
Finding genes in sequence #8825 (2752 bp)...done!
Finding genes in sequence #8826 (3037 bp)...done!
Finding genes in sequence #8827 (2743 bp)...done!
Finding genes in sequence #8828 (1716 bp)...done!
Finding genes in sequence #8829 (1529 bp)...done!
Finding genes in sequence #8830 (1577 bp)...done!
Finding genes in sequence #8831 (2126 bp)...done!
Finding genes in sequence #8832 (3314 bp)...done!
Finding genes in sequence #8833 (2332 bp)...done!
Finding genes in sequence #8834 (1549 bp)...done!
Finding genes in sequence #8835 (6019 bp)...done!
Finding genes in sequence #8836 (49520 bp)...done!
Finding genes in sequence #8837 (1523 bp)...done!
Finding genes in sequence #8838 (1769 bp)...done!
Finding genes in sequence #8839 (1646 bp)...done!
Finding genes in sequence #8840 (1837 bp)...done!
Finding genes in sequence #8841 (7024 bp)...done!
Finding genes in sequence #8842 (2078 bp)...done!
Finding genes in sequence #8843 (1818 bp)...done!
Finding genes in sequence #8844 (1619 bp)...done!
Finding genes in sequence #8845 (2016 bp)...done!
Finding genes in sequence #8846 (3424 bp)...done!
Finding genes in sequence #8847 (9744 bp)...done!
Finding genes in sequence #8848 (2233 bp)...done!
Finding genes in sequence #8849 (1761 bp)...done!
Finding genes in sequence #8850 (2905 bp)...done!
Finding genes in sequence #8851 (1569 bp)...done!
Finding genes in sequence #8852 (1641 bp)...done!
Finding genes in sequence #8853 (2845 bp)...done!
Finding genes in sequence #8854 (2159 bp)...done!
Finding genes in sequence #8855 (1907 bp)...done!
Finding genes in sequence #8856 (1674 bp)...done!
Finding genes in sequence #8857 (2089 bp)...done!
Finding genes in sequence #8858 (10649 bp)...done!
Finding genes in sequence #8859 (103495 bp)...done!
Finding genes in sequence #8860 (2109 bp)...done!
Finding genes in sequence #8861 (1561 bp)...done!
Finding genes in sequence #8862 (2101 bp)...done!
Finding genes in sequence #8863 (1649 bp)...done!
Finding genes in sequence #8864 (2740 bp)...done!
Finding genes in sequence #8865 (2750 bp)...done!
Finding genes in sequence #8866 (1594 bp)...done!
Finding genes in sequence #8867 (3789 bp)...done!
Finding genes in sequence #8868 (1696 bp)...done!
Finding genes in sequence #8869 (17375 bp)...done!
Finding genes in sequence #8870 (1955 bp)...done!
Finding genes in sequence #8871 (15846 bp)...done!
Finding genes in sequence #8872 (1726 bp)...done!
Finding genes in sequence #8873 (5899 bp)...done!
Finding genes in sequence #8874 (1644 bp)...done!
Finding genes in sequence #8875 (1608 bp)...done!
Finding genes in sequence #8876 (3326 bp)...done!
Finding genes in sequence #8877 (2951 bp)...done!
Finding genes in sequence #8878 (1521 bp)...done!
Finding genes in sequence #8879 (3746 bp)...done!
Finding genes in sequence #8880 (4155 bp)...done!
Finding genes in sequence #8881 (39791 bp)...done!
Finding genes in sequence #8882 (1845 bp)...done!
Finding genes in sequence #8883 (3368 bp)...done!
Finding genes in sequence #8884 (10966 bp)...done!
Finding genes in sequence #8885 (6430 bp)...done!
Finding genes in sequence #8886 (2415 bp)...done!
Finding genes in sequence #8887 (2175 bp)...done!
Finding genes in sequence #8888 (3080 bp)...done!
Finding genes in sequence #8889 (1618 bp)...done!
Finding genes in sequence #8890 (2744 bp)...done!
Finding genes in sequence #8891 (1774 bp)...done!
Finding genes in sequence #8892 (2792 bp)...done!
Finding genes in sequence #8893 (1547 bp)...done!
Finding genes in sequence #8894 (2022 bp)...done!
Finding genes in sequence #8895 (1939 bp)...done!
Finding genes in sequence #8896 (6771 bp)...done!
Finding genes in sequence #8897 (3894 bp)...done!
Finding genes in sequence #8898 (4897 bp)...done!
Finding genes in sequence #8899 (1593 bp)...done!
Finding genes in sequence #8900 (1617 bp)...done!
Finding genes in sequence #8901 (1507 bp)...done!
Finding genes in sequence #8902 (3314 bp)...done!
Finding genes in sequence #8903 (1619 bp)...done!
Finding genes in sequence #8904 (1609 bp)...done!
Finding genes in sequence #8905 (6249 bp)...done!
Finding genes in sequence #8906 (2641 bp)...done!
Finding genes in sequence #8907 (20466 bp)...done!
Finding genes in sequence #8908 (3612 bp)...done!
Finding genes in sequence #8909 (2089 bp)...done!
Finding genes in sequence #8910 (1960 bp)...done!
Finding genes in sequence #8911 (1872 bp)...done!
Finding genes in sequence #8912 (8642 bp)...done!
Finding genes in sequence #8913 (2324 bp)...done!
Finding genes in sequence #8914 (23167 bp)...done!
Finding genes in sequence #8915 (2437 bp)...done!
Finding genes in sequence #8916 (6089 bp)...done!
Finding genes in sequence #8917 (2471 bp)...done!
Finding genes in sequence #8918 (5710 bp)...done!
Finding genes in sequence #8919 (6991 bp)...done!
Finding genes in sequence #8920 (2338 bp)...done!
Finding genes in sequence #8921 (2539 bp)...done!
Finding genes in sequence #8922 (1644 bp)...done!
Finding genes in sequence #8923 (2497 bp)...done!
Finding genes in sequence #8924 (17519 bp)...done!
Finding genes in sequence #8925 (11888 bp)...done!
Finding genes in sequence #8926 (1943 bp)...done!
Finding genes in sequence #8927 (34299 bp)...done!
Finding genes in sequence #8928 (29150 bp)...done!
Finding genes in sequence #8929 (1535 bp)...done!
Finding genes in sequence #8930 (1994 bp)...done!
Finding genes in sequence #8931 (1676 bp)...done!
Finding genes in sequence #8932 (3991 bp)...done!
Finding genes in sequence #8933 (2274 bp)...done!
Finding genes in sequence #8934 (2538 bp)...done!
Finding genes in sequence #8935 (2342 bp)...done!
Finding genes in sequence #8936 (3665 bp)...done!
Finding genes in sequence #8937 (6611 bp)...done!
Finding genes in sequence #8938 (1833 bp)...done!
Finding genes in sequence #8939 (1577 bp)...done!
Finding genes in sequence #8940 (1772 bp)...done!
Finding genes in sequence #8941 (2676 bp)...done!
Finding genes in sequence #8942 (2107 bp)...done!
Finding genes in sequence #8943 (2421 bp)...done!
Finding genes in sequence #8944 (1586 bp)...done!
Finding genes in sequence #8945 (5030 bp)...done!
Finding genes in sequence #8946 (1776 bp)...done!
Finding genes in sequence #8947 (3994 bp)...done!
Finding genes in sequence #8948 (2610 bp)...done!
Finding genes in sequence #8949 (71499 bp)...done!
Finding genes in sequence #8950 (1813 bp)...done!
Finding genes in sequence #8951 (1510 bp)...done!
Finding genes in sequence #8952 (40653 bp)...done!
Finding genes in sequence #8953 (1533 bp)...done!
Finding genes in sequence #8954 (7260 bp)...done!
Finding genes in sequence #8955 (3441 bp)...done!
Finding genes in sequence #8956 (3434 bp)...done!
Finding genes in sequence #8957 (11341 bp)...done!
Finding genes in sequence #8958 (5704 bp)...done!
Finding genes in sequence #8959 (4369 bp)...done!
Finding genes in sequence #8960 (1522 bp)...done!
Finding genes in sequence #8961 (1514 bp)...done!
Finding genes in sequence #8962 (2287 bp)...done!
Finding genes in sequence #8963 (38316 bp)...done!
Finding genes in sequence #8964 (14418 bp)...done!
Finding genes in sequence #8965 (42954 bp)...done!
Finding genes in sequence #8966 (19091 bp)...done!
Finding genes in sequence #8967 (4403 bp)...done!
Finding genes in sequence #8968 (1629 bp)...done!
Finding genes in sequence #8969 (1689 bp)...done!
Finding genes in sequence #8970 (2242 bp)...done!
Finding genes in sequence #8971 (2163 bp)...done!
Finding genes in sequence #8972 (2811 bp)...done!
Finding genes in sequence #8973 (2292 bp)...done!
Finding genes in sequence #8974 (3437 bp)...done!
Finding genes in sequence #8975 (18396 bp)...done!
Finding genes in sequence #8976 (2332 bp)...done!
Finding genes in sequence #8977 (14677 bp)...done!
Finding genes in sequence #8978 (1788 bp)...done!
Finding genes in sequence #8979 (2660 bp)...done!
Finding genes in sequence #8980 (25131 bp)...done!
Finding genes in sequence #8981 (3334 bp)...done!
Finding genes in sequence #8982 (16110 bp)...done!
Finding genes in sequence #8983 (1586 bp)...done!
Finding genes in sequence #8984 (1936 bp)...done!
Finding genes in sequence #8985 (1785 bp)...done!
Finding genes in sequence #8986 (15614 bp)...done!
Finding genes in sequence #8987 (4680 bp)...done!
Finding genes in sequence #8988 (3075 bp)...done!
Finding genes in sequence #8989 (1959 bp)...done!
Finding genes in sequence #8990 (1944 bp)...done!
Finding genes in sequence #8991 (2168 bp)...done!
Finding genes in sequence #8992 (4746 bp)...done!
Finding genes in sequence #8993 (2838 bp)...done!
Finding genes in sequence #8994 (3588 bp)...done!
Finding genes in sequence #8995 (3438 bp)...done!
Finding genes in sequence #8996 (1755 bp)...done!
Finding genes in sequence #8997 (2233 bp)...done!
Finding genes in sequence #8998 (2354 bp)...done!
Finding genes in sequence #8999 (1589 bp)...done!
Finding genes in sequence #9000 (1849 bp)...done!
Finding genes in sequence #9001 (1503 bp)...done!
Finding genes in sequence #9002 (1965 bp)...done!
Finding genes in sequence #9003 (26712 bp)...done!
Finding genes in sequence #9004 (4025 bp)...done!
Finding genes in sequence #9005 (2719 bp)...done!
Finding genes in sequence #9006 (2100 bp)...done!
Finding genes in sequence #9007 (1599 bp)...done!
Finding genes in sequence #9008 (3343 bp)...done!
Finding genes in sequence #9009 (1700 bp)...done!
Finding genes in sequence #9010 (1838 bp)...done!
Finding genes in sequence #9011 (2339 bp)...done!
Finding genes in sequence #9012 (1736 bp)...done!
Finding genes in sequence #9013 (5020 bp)...done!
Finding genes in sequence #9014 (102463 bp)...done!
Finding genes in sequence #9015 (1591 bp)...done!
Finding genes in sequence #9016 (2295 bp)...done!
Finding genes in sequence #9017 (4134 bp)...done!
Finding genes in sequence #9018 (1867 bp)...done!
Finding genes in sequence #9019 (2416 bp)...done!
Finding genes in sequence #9020 (6767 bp)...done!
Finding genes in sequence #9021 (1720 bp)...done!
Finding genes in sequence #9022 (67435 bp)...done!
Finding genes in sequence #9023 (3244 bp)...done!
Finding genes in sequence #9024 (1795 bp)...done!
Finding genes in sequence #9025 (1830 bp)...done!
Finding genes in sequence #9026 (1821 bp)...done!
Finding genes in sequence #9027 (1952 bp)...done!
Finding genes in sequence #9028 (20637 bp)...done!
Finding genes in sequence #9029 (3705 bp)...done!
Finding genes in sequence #9030 (3596 bp)...done!
Finding genes in sequence #9031 (5255 bp)...done!
Finding genes in sequence #9032 (2023 bp)...done!
Finding genes in sequence #9033 (1819 bp)...done!
Finding genes in sequence #9034 (1583 bp)...done!
Finding genes in sequence #9035 (1790 bp)...done!
Finding genes in sequence #9036 (2365 bp)...done!
Finding genes in sequence #9037 (2810 bp)...done!
Finding genes in sequence #9038 (1727 bp)...done!
Finding genes in sequence #9039 (1804 bp)...done!
Finding genes in sequence #9040 (1686 bp)...done!
Finding genes in sequence #9041 (7204 bp)...done!
Finding genes in sequence #9042 (14263 bp)...done!
Finding genes in sequence #9043 (2495 bp)...done!
Finding genes in sequence #9044 (2755 bp)...done!
Finding genes in sequence #9045 (2775 bp)...done!
Finding genes in sequence #9046 (3403 bp)...done!
Finding genes in sequence #9047 (1704 bp)...done!
Finding genes in sequence #9048 (19087 bp)...done!
Finding genes in sequence #9049 (66905 bp)...done!
Finding genes in sequence #9050 (1801 bp)...done!
Finding genes in sequence #9051 (2329 bp)...done!
Finding genes in sequence #9052 (6865 bp)...done!
Finding genes in sequence #9053 (1605 bp)...done!
Finding genes in sequence #9054 (2784 bp)...done!
Finding genes in sequence #9055 (2266 bp)...done!
Finding genes in sequence #9056 (1963 bp)...done!
Finding genes in sequence #9057 (1695 bp)...done!
Finding genes in sequence #9058 (5307 bp)...done!
Finding genes in sequence #9059 (1892 bp)...done!
Finding genes in sequence #9060 (3307 bp)...done!
Finding genes in sequence #9061 (2013 bp)...done!
Finding genes in sequence #9062 (11344 bp)...done!
Finding genes in sequence #9063 (42181 bp)...done!
Finding genes in sequence #9064 (2330 bp)...done!
Finding genes in sequence #9065 (2046 bp)...done!
Finding genes in sequence #9066 (6080 bp)...done!
Finding genes in sequence #9067 (12365 bp)...done!
Finding genes in sequence #9068 (2631 bp)...done!
Finding genes in sequence #9069 (100061 bp)...done!
Finding genes in sequence #9070 (8635 bp)...done!
Finding genes in sequence #9071 (3054 bp)...done!
Finding genes in sequence #9072 (2162 bp)...done!
Finding genes in sequence #9073 (1652 bp)...done!
Finding genes in sequence #9074 (3698 bp)...done!
Finding genes in sequence #9075 (7411 bp)...done!
Finding genes in sequence #9076 (1603 bp)...done!
Finding genes in sequence #9077 (2484 bp)...done!
Finding genes in sequence #9078 (1893 bp)...done!
Finding genes in sequence #9079 (10663 bp)...done!
Finding genes in sequence #9080 (37852 bp)...done!
Finding genes in sequence #9081 (1995 bp)...done!
Finding genes in sequence #9082 (1516 bp)...done!
Finding genes in sequence #9083 (13420 bp)...done!
Finding genes in sequence #9084 (3123 bp)...done!
Finding genes in sequence #9085 (31896 bp)...done!
Finding genes in sequence #9086 (2613 bp)...done!
Finding genes in sequence #9087 (2348 bp)...done!
Finding genes in sequence #9088 (2170 bp)...done!
Finding genes in sequence #9089 (2309 bp)...done!
Finding genes in sequence #9090 (2667 bp)...done!
Finding genes in sequence #9091 (4127 bp)...done!
Finding genes in sequence #9092 (3343 bp)...done!
Finding genes in sequence #9093 (8192 bp)...done!
Finding genes in sequence #9094 (1955 bp)...done!
Finding genes in sequence #9095 (3200 bp)...done!
Finding genes in sequence #9096 (1586 bp)...done!
Finding genes in sequence #9097 (2658 bp)...done!
Finding genes in sequence #9098 (3655 bp)...done!
Finding genes in sequence #9099 (2787 bp)...done!
Finding genes in sequence #9100 (4645 bp)...done!
Finding genes in sequence #9101 (2480 bp)...done!
Finding genes in sequence #9102 (1850 bp)...done!
Finding genes in sequence #9103 (1798 bp)...done!
Finding genes in sequence #9104 (1826 bp)...done!
Finding genes in sequence #9105 (7908 bp)...done!
Finding genes in sequence #9106 (1637 bp)...done!
Finding genes in sequence #9107 (1755 bp)...done!
Finding genes in sequence #9108 (2401 bp)...done!
Finding genes in sequence #9109 (1953 bp)...done!
Finding genes in sequence #9110 (2025 bp)...done!
Finding genes in sequence #9111 (1767 bp)...done!
Finding genes in sequence #9112 (3725 bp)...done!
Finding genes in sequence #9113 (1588 bp)...done!
Finding genes in sequence #9114 (1695 bp)...done!
Finding genes in sequence #9115 (2440 bp)...done!
Finding genes in sequence #9116 (8137 bp)...done!
Finding genes in sequence #9117 (2130 bp)...done!
Finding genes in sequence #9118 (3841 bp)...done!
Finding genes in sequence #9119 (1773 bp)...done!
Finding genes in sequence #9120 (1673 bp)...done!
Finding genes in sequence #9121 (2546 bp)...done!
Finding genes in sequence #9122 (1625 bp)...done!
Finding genes in sequence #9123 (2483 bp)...done!
Finding genes in sequence #9124 (1804 bp)...done!
Finding genes in sequence #9125 (26648 bp)...done!
Finding genes in sequence #9126 (61912 bp)...done!
Finding genes in sequence #9127 (1765 bp)...done!
Finding genes in sequence #9128 (1856 bp)...done!
Finding genes in sequence #9129 (3340 bp)...done!
Finding genes in sequence #9130 (11215 bp)...done!
Finding genes in sequence #9131 (8118 bp)...done!
Finding genes in sequence #9132 (3109 bp)...done!
Finding genes in sequence #9133 (1822 bp)...done!
Finding genes in sequence #9134 (2593 bp)...done!
Finding genes in sequence #9135 (1852 bp)...done!
Finding genes in sequence #9136 (1836 bp)...done!
Finding genes in sequence #9137 (2763 bp)...done!
Finding genes in sequence #9138 (2440 bp)...done!
Finding genes in sequence #9139 (1834 bp)...done!
Finding genes in sequence #9140 (6842 bp)...done!
Finding genes in sequence #9141 (2267 bp)...done!
Finding genes in sequence #9142 (2391 bp)...done!
Finding genes in sequence #9143 (2199 bp)...done!
Finding genes in sequence #9144 (2957 bp)...done!
Finding genes in sequence #9145 (3410 bp)...done!
Finding genes in sequence #9146 (1573 bp)...done!
Finding genes in sequence #9147 (2850 bp)...done!
Finding genes in sequence #9148 (41235 bp)...done!
Finding genes in sequence #9149 (55545 bp)...done!
Finding genes in sequence #9150 (4860 bp)...done!
Finding genes in sequence #9151 (5046 bp)...done!
Finding genes in sequence #9152 (35079 bp)...done!
Finding genes in sequence #9153 (3346 bp)...done!
Finding genes in sequence #9154 (2037 bp)...done!
Finding genes in sequence #9155 (3344 bp)...done!
Finding genes in sequence #9156 (7111 bp)...done!
Finding genes in sequence #9157 (1947 bp)...done!
Finding genes in sequence #9158 (1791 bp)...done!
Finding genes in sequence #9159 (1809 bp)...done!
Finding genes in sequence #9160 (3500 bp)...done!
Finding genes in sequence #9161 (1508 bp)...done!
Finding genes in sequence #9162 (2896 bp)...done!
Finding genes in sequence #9163 (2191 bp)...done!
Finding genes in sequence #9164 (2533 bp)...done!
Finding genes in sequence #9165 (8094 bp)...done!
Finding genes in sequence #9166 (10382 bp)...done!
Finding genes in sequence #9167 (5061 bp)...done!
Finding genes in sequence #9168 (1526 bp)...done!
Finding genes in sequence #9169 (2183 bp)...done!
Finding genes in sequence #9170 (15277 bp)...done!
Finding genes in sequence #9171 (1504 bp)...done!
Finding genes in sequence #9172 (3141 bp)...done!
Finding genes in sequence #9173 (3223 bp)...done!
Finding genes in sequence #9174 (2715 bp)...done!
Finding genes in sequence #9175 (1660 bp)...done!
Finding genes in sequence #9176 (1840 bp)...done!
Finding genes in sequence #9177 (1672 bp)...done!
Finding genes in sequence #9178 (1784 bp)...done!
Finding genes in sequence #9179 (2902 bp)...done!
Finding genes in sequence #9180 (2454 bp)...done!
Finding genes in sequence #9181 (2399 bp)...done!
Finding genes in sequence #9182 (1593 bp)...done!
Finding genes in sequence #9183 (3882 bp)...done!
Finding genes in sequence #9184 (5979 bp)...done!
Finding genes in sequence #9185 (3294 bp)...done!
Finding genes in sequence #9186 (6331 bp)...done!
Finding genes in sequence #9187 (2188 bp)...done!
Finding genes in sequence #9188 (6802 bp)...done!
Finding genes in sequence #9189 (5323 bp)...done!
Finding genes in sequence #9190 (1564 bp)...done!
Finding genes in sequence #9191 (2005 bp)...done!
Finding genes in sequence #9192 (2734 bp)...done!
Finding genes in sequence #9193 (1686 bp)...done!
Finding genes in sequence #9194 (96108 bp)...done!
Finding genes in sequence #9195 (2171 bp)...done!
Finding genes in sequence #9196 (8036 bp)...done!
Finding genes in sequence #9197 (1608 bp)...done!
Finding genes in sequence #9198 (1634 bp)...done!
Finding genes in sequence #9199 (1959 bp)...done!
Finding genes in sequence #9200 (2122 bp)...done!
Finding genes in sequence #9201 (1519 bp)...done!
Finding genes in sequence #9202 (3082 bp)...done!
Finding genes in sequence #9203 (8693 bp)...done!
Finding genes in sequence #9204 (1689 bp)...done!
Finding genes in sequence #9205 (2295 bp)...done!
Finding genes in sequence #9206 (4567 bp)...done!
Finding genes in sequence #9207 (2535 bp)...done!
Finding genes in sequence #9208 (2888 bp)...done!
Finding genes in sequence #9209 (1656 bp)...done!
Finding genes in sequence #9210 (11721 bp)...done!
Finding genes in sequence #9211 (1739 bp)...done!
Finding genes in sequence #9212 (76808 bp)...done!
Finding genes in sequence #9213 (4697 bp)...done!
Finding genes in sequence #9214 (2296 bp)...done!
Finding genes in sequence #9215 (2723 bp)...done!
Finding genes in sequence #9216 (3726 bp)...done!
Finding genes in sequence #9217 (2751 bp)...done!
Finding genes in sequence #9218 (1922 bp)...done!
Finding genes in sequence #9219 (1640 bp)...done!
Finding genes in sequence #9220 (2660 bp)...done!
Finding genes in sequence #9221 (3436 bp)...done!
Finding genes in sequence #9222 (1620 bp)...done!
Finding genes in sequence #9223 (3446 bp)...done!
Finding genes in sequence #9224 (2110 bp)...done!
Finding genes in sequence #9225 (1977 bp)...done!
Finding genes in sequence #9226 (3543 bp)...done!
Finding genes in sequence #9227 (4942 bp)...done!
Finding genes in sequence #9228 (4220 bp)...done!
Finding genes in sequence #9229 (2797 bp)...done!
Finding genes in sequence #9230 (4600 bp)...done!
Finding genes in sequence #9231 (2640 bp)...done!
Finding genes in sequence #9232 (2158 bp)...done!
Finding genes in sequence #9233 (1755 bp)...done!
Finding genes in sequence #9234 (2659 bp)...done!
Finding genes in sequence #9235 (1705 bp)...done!
Finding genes in sequence #9236 (1913 bp)...done!
Finding genes in sequence #9237 (1701 bp)...done!
Finding genes in sequence #9238 (3578 bp)...done!
Finding genes in sequence #9239 (8514 bp)...done!
Finding genes in sequence #9240 (2004 bp)...done!
Finding genes in sequence #9241 (4423 bp)...done!
Finding genes in sequence #9242 (2111 bp)...done!
Finding genes in sequence #9243 (2348 bp)...done!
Finding genes in sequence #9244 (6484 bp)...done!
Finding genes in sequence #9245 (3243 bp)...done!
Finding genes in sequence #9246 (2835 bp)...done!
Finding genes in sequence #9247 (1758 bp)...done!
Finding genes in sequence #9248 (4894 bp)...done!
Finding genes in sequence #9249 (1589 bp)...done!
Finding genes in sequence #9250 (4620 bp)...done!
Finding genes in sequence #9251 (1724 bp)...done!
Finding genes in sequence #9252 (3407 bp)...done!
Finding genes in sequence #9253 (2724 bp)...done!
Finding genes in sequence #9254 (2305 bp)...done!
Finding genes in sequence #9255 (1560 bp)...done!
Finding genes in sequence #9256 (1617 bp)...done!
Finding genes in sequence #9257 (1542 bp)...done!
Finding genes in sequence #9258 (2092 bp)...done!
Finding genes in sequence #9259 (3352 bp)...done!
Finding genes in sequence #9260 (2148 bp)...done!
Finding genes in sequence #9261 (2143 bp)...done!
Finding genes in sequence #9262 (2187 bp)...done!
Finding genes in sequence #9263 (11465 bp)...done!
Finding genes in sequence #9264 (2947 bp)...done!
Finding genes in sequence #9265 (25250 bp)...done!
Finding genes in sequence #9266 (13639 bp)...done!
Finding genes in sequence #9267 (112552 bp)...done!
Finding genes in sequence #9268 (1569 bp)...done!
Finding genes in sequence #9269 (2243 bp)...done!
Finding genes in sequence #9270 (1659 bp)...done!
Finding genes in sequence #9271 (4226 bp)...done!
Finding genes in sequence #9272 (1716 bp)...done!
Finding genes in sequence #9273 (2381 bp)...done!
Finding genes in sequence #9274 (2859 bp)...done!
Finding genes in sequence #9275 (1719 bp)...done!
Finding genes in sequence #9276 (14573 bp)...done!
Finding genes in sequence #9277 (1626 bp)...done!
Finding genes in sequence #9278 (1524 bp)...done!
Finding genes in sequence #9279 (1562 bp)...done!
Finding genes in sequence #9280 (6005 bp)...done!
Finding genes in sequence #9281 (2909 bp)...done!
Finding genes in sequence #9282 (1705 bp)...done!
Finding genes in sequence #9283 (2178 bp)...done!
Finding genes in sequence #9284 (3621 bp)...done!
Finding genes in sequence #9285 (10146 bp)...done!
Finding genes in sequence #9286 (2021 bp)...done!
Finding genes in sequence #9287 (1949 bp)...done!
Finding genes in sequence #9288 (1957 bp)...done!
Finding genes in sequence #9289 (2571 bp)...done!
Finding genes in sequence #9290 (13304 bp)...done!
Finding genes in sequence #9291 (1995 bp)...done!
Finding genes in sequence #9292 (4111 bp)...done!
Finding genes in sequence #9293 (9811 bp)...done!
Finding genes in sequence #9294 (3844 bp)...done!
Finding genes in sequence #9295 (2278 bp)...done!
Finding genes in sequence #9296 (6193 bp)...done!
Finding genes in sequence #9297 (1535 bp)...done!
Finding genes in sequence #9298 (6121 bp)...done!
Finding genes in sequence #9299 (3211 bp)...done!
Finding genes in sequence #9300 (2065 bp)...done!
Finding genes in sequence #9301 (12924 bp)...done!
Finding genes in sequence #9302 (3341 bp)...done!
Finding genes in sequence #9303 (2125 bp)...done!
Finding genes in sequence #9304 (2125 bp)...done!
Finding genes in sequence #9305 (3119 bp)...done!
Finding genes in sequence #9306 (69186 bp)...done!
Finding genes in sequence #9307 (2074 bp)...done!
Finding genes in sequence #9308 (1792 bp)...done!
Finding genes in sequence #9309 (1715 bp)...done!
Finding genes in sequence #9310 (2176 bp)...done!
Finding genes in sequence #9311 (2323 bp)...done!
Finding genes in sequence #9312 (1811 bp)...done!
Finding genes in sequence #9313 (2041 bp)...done!
Finding genes in sequence #9314 (1704 bp)...done!
Finding genes in sequence #9315 (1549 bp)...done!
Finding genes in sequence #9316 (6140 bp)...done!
Finding genes in sequence #9317 (1536 bp)...done!
Finding genes in sequence #9318 (1661 bp)...done!
Finding genes in sequence #9319 (2925 bp)...done!
Finding genes in sequence #9320 (2982 bp)...done!
Finding genes in sequence #9321 (2677 bp)...done!
Finding genes in sequence #9322 (7820 bp)...done!
Finding genes in sequence #9323 (4665 bp)...done!
Finding genes in sequence #9324 (1519 bp)...done!
Finding genes in sequence #9325 (3092 bp)...done!
Finding genes in sequence #9326 (2445 bp)...done!
Finding genes in sequence #9327 (1788 bp)...done!
Finding genes in sequence #9328 (6450 bp)...done!
Finding genes in sequence #9329 (2463 bp)...done!
Finding genes in sequence #9330 (1538 bp)...done!
Finding genes in sequence #9331 (7704 bp)...done!
Finding genes in sequence #9332 (1794 bp)...done!
Finding genes in sequence #9333 (3628 bp)...done!
Finding genes in sequence #9334 (1551 bp)...done!
Finding genes in sequence #9335 (1766 bp)...done!
Finding genes in sequence #9336 (1556 bp)...done!
Finding genes in sequence #9337 (1501 bp)...done!
Finding genes in sequence #9338 (5091 bp)...done!
Finding genes in sequence #9339 (2358 bp)...done!
Finding genes in sequence #9340 (1513 bp)...done!
Finding genes in sequence #9341 (2582 bp)...done!
Finding genes in sequence #9342 (9946 bp)...done!
Finding genes in sequence #9343 (1578 bp)...done!
Finding genes in sequence #9344 (1501 bp)...done!
Finding genes in sequence #9345 (23825 bp)...done!
Finding genes in sequence #9346 (2500 bp)...done!
Finding genes in sequence #9347 (1892 bp)...done!
Finding genes in sequence #9348 (16963 bp)...done!
Finding genes in sequence #9349 (1681 bp)...done!
Finding genes in sequence #9350 (10273 bp)...done!
Finding genes in sequence #9351 (1591 bp)...done!
Finding genes in sequence #9352 (1629 bp)...done!
Finding genes in sequence #9353 (1838 bp)...done!
Finding genes in sequence #9354 (2352 bp)...done!
Finding genes in sequence #9355 (1548 bp)...done!
Finding genes in sequence #9356 (1582 bp)...done!
Finding genes in sequence #9357 (5908 bp)...done!
Finding genes in sequence #9358 (8126 bp)...done!
Finding genes in sequence #9359 (2963 bp)...done!
Finding genes in sequence #9360 (8840 bp)...done!
Finding genes in sequence #9361 (14549 bp)...done!
Finding genes in sequence #9362 (3979 bp)...done!
Finding genes in sequence #9363 (24288 bp)...done!
Finding genes in sequence #9364 (2574 bp)...done!
Finding genes in sequence #9365 (7064 bp)...done!
Finding genes in sequence #9366 (1639 bp)...done!
Finding genes in sequence #9367 (1979 bp)...done!
Finding genes in sequence #9368 (4521 bp)...done!
Finding genes in sequence #9369 (1656 bp)...done!
Finding genes in sequence #9370 (2017 bp)...done!
Finding genes in sequence #9371 (1810 bp)...done!
Finding genes in sequence #9372 (8598 bp)...done!
Finding genes in sequence #9373 (1508 bp)...done!
Finding genes in sequence #9374 (1560 bp)...done!
Finding genes in sequence #9375 (1990 bp)...done!
Finding genes in sequence #9376 (1625 bp)...done!
Finding genes in sequence #9377 (22844 bp)...done!
Finding genes in sequence #9378 (2058 bp)...done!
Finding genes in sequence #9379 (2491 bp)...done!
Finding genes in sequence #9380 (10525 bp)...done!
Finding genes in sequence #9381 (2189 bp)...done!
Finding genes in sequence #9382 (1524 bp)...done!
Finding genes in sequence #9383 (13148 bp)...done!
Finding genes in sequence #9384 (43199 bp)...done!
Finding genes in sequence #9385 (1506 bp)...done!
Finding genes in sequence #9386 (1925 bp)...done!
Finding genes in sequence #9387 (3099 bp)...done!
Finding genes in sequence #9388 (2998 bp)...done!
Finding genes in sequence #9389 (2059 bp)...done!
Finding genes in sequence #9390 (1682 bp)...done!
Finding genes in sequence #9391 (58690 bp)...done!
Finding genes in sequence #9392 (38536 bp)...done!
Finding genes in sequence #9393 (6619 bp)...done!
Finding genes in sequence #9394 (11465 bp)...done!
Finding genes in sequence #9395 (3089 bp)...done!
Finding genes in sequence #9396 (2250 bp)...done!
Finding genes in sequence #9397 (2573 bp)...done!
Finding genes in sequence #9398 (2223 bp)...done!
Finding genes in sequence #9399 (14090 bp)...done!
Finding genes in sequence #9400 (2220 bp)...done!
Finding genes in sequence #9401 (1861 bp)...done!
Finding genes in sequence #9402 (3047 bp)...done!
Finding genes in sequence #9403 (2140 bp)...done!
Finding genes in sequence #9404 (1505 bp)...done!
Finding genes in sequence #9405 (4870 bp)...done!
Finding genes in sequence #9406 (2395 bp)...done!
Finding genes in sequence #9407 (2792 bp)...done!
Finding genes in sequence #9408 (1616 bp)...done!
Finding genes in sequence #9409 (4629 bp)...done!
Finding genes in sequence #9410 (3730 bp)...done!
Finding genes in sequence #9411 (2693 bp)...done!
Finding genes in sequence #9412 (6373 bp)...done!
Finding genes in sequence #9413 (3081 bp)...done!
Finding genes in sequence #9414 (3500 bp)...done!
Finding genes in sequence #9415 (4055 bp)...done!
Finding genes in sequence #9416 (2347 bp)...done!
Finding genes in sequence #9417 (19691 bp)...done!
Finding genes in sequence #9418 (1835 bp)...done!
Finding genes in sequence #9419 (2787 bp)...done!
Finding genes in sequence #9420 (4523 bp)...done!
Finding genes in sequence #9421 (1831 bp)...done!
Finding genes in sequence #9422 (2265 bp)...done!
Finding genes in sequence #9423 (1729 bp)...done!
Finding genes in sequence #9424 (2329 bp)...done!
Finding genes in sequence #9425 (2093 bp)...done!
Finding genes in sequence #9426 (3403 bp)...done!
Finding genes in sequence #9427 (23786 bp)...done!
Finding genes in sequence #9428 (1554 bp)...done!
Finding genes in sequence #9429 (1906 bp)...done!
Finding genes in sequence #9430 (1669 bp)...done!
Finding genes in sequence #9431 (1685 bp)...done!
Finding genes in sequence #9432 (2928 bp)...done!
Finding genes in sequence #9433 (1508 bp)...done!
Finding genes in sequence #9434 (3317 bp)...done!
Finding genes in sequence #9435 (3750 bp)...done!
Finding genes in sequence #9436 (1652 bp)...done!
Finding genes in sequence #9437 (4101 bp)...done!
Finding genes in sequence #9438 (1574 bp)...done!
Finding genes in sequence #9439 (2900 bp)...done!
Finding genes in sequence #9440 (15217 bp)...done!
Finding genes in sequence #9441 (6466 bp)...done!
Finding genes in sequence #9442 (6261 bp)...done!
Finding genes in sequence #9443 (9892 bp)...done!
Finding genes in sequence #9444 (2892 bp)...done!
Finding genes in sequence #9445 (15266 bp)...done!
Finding genes in sequence #9446 (2014 bp)...done!
Finding genes in sequence #9447 (1877 bp)...done!
Finding genes in sequence #9448 (3134 bp)...done!
Finding genes in sequence #9449 (3234 bp)...done!
Finding genes in sequence #9450 (4525 bp)...done!
Finding genes in sequence #9451 (3133 bp)...done!
Finding genes in sequence #9452 (2138 bp)...done!
Finding genes in sequence #9453 (1931 bp)...done!
Finding genes in sequence #9454 (3117 bp)...done!
Finding genes in sequence #9455 (2757 bp)...done!
Finding genes in sequence #9456 (2958 bp)...done!
Finding genes in sequence #9457 (2062 bp)...done!
Finding genes in sequence #9458 (3227 bp)...done!
Finding genes in sequence #9459 (3092 bp)...done!
Finding genes in sequence #9460 (9143 bp)...done!
Finding genes in sequence #9461 (2499 bp)...done!
Finding genes in sequence #9462 (1638 bp)...done!
Finding genes in sequence #9463 (5824 bp)...done!
Finding genes in sequence #9464 (2171 bp)...done!
Finding genes in sequence #9465 (1784 bp)...done!
Finding genes in sequence #9466 (63253 bp)...done!
Finding genes in sequence #9467 (1810 bp)...done!
Finding genes in sequence #9468 (1872 bp)...done!
Finding genes in sequence #9469 (1634 bp)...done!
Finding genes in sequence #9470 (1861 bp)...done!
Finding genes in sequence #9471 (1613 bp)...done!
Finding genes in sequence #9472 (224039 bp)...done!
Finding genes in sequence #9473 (1878 bp)...done!
Finding genes in sequence #9474 (2226 bp)...done!
Finding genes in sequence #9475 (28736 bp)...done!
Finding genes in sequence #9476 (1862 bp)...done!
Finding genes in sequence #9477 (1729 bp)...done!
Finding genes in sequence #9478 (3815 bp)...done!
Finding genes in sequence #9479 (2798 bp)...done!
Finding genes in sequence #9480 (3441 bp)...done!
Finding genes in sequence #9481 (2422 bp)...done!
Finding genes in sequence #9482 (2209 bp)...done!
Finding genes in sequence #9483 (1643 bp)...done!
Finding genes in sequence #9484 (5166 bp)...done!
Finding genes in sequence #9485 (9394 bp)...done!
Finding genes in sequence #9486 (1591 bp)...done!
Finding genes in sequence #9487 (2188 bp)...done!
Finding genes in sequence #9488 (1617 bp)...done!
Finding genes in sequence #9489 (9201 bp)...done!
Finding genes in sequence #9490 (3108 bp)...done!
Finding genes in sequence #9491 (6189 bp)...done!
Finding genes in sequence #9492 (4642 bp)...done!
Finding genes in sequence #9493 (1818 bp)...done!
Finding genes in sequence #9494 (1807 bp)...done!
Finding genes in sequence #9495 (3140 bp)...done!
Finding genes in sequence #9496 (3190 bp)...done!
Finding genes in sequence #9497 (2701 bp)...done!
Finding genes in sequence #9498 (4162 bp)...done!
Finding genes in sequence #9499 (2131 bp)...done!
Finding genes in sequence #9500 (2076 bp)...done!
Finding genes in sequence #9501 (1611 bp)...done!
Finding genes in sequence #9502 (1967 bp)...done!
Finding genes in sequence #9503 (41178 bp)...done!
Finding genes in sequence #9504 (399026 bp)...done!
Finding genes in sequence #9505 (1726 bp)...done!
Finding genes in sequence #9506 (1562 bp)...done!
Finding genes in sequence #9507 (1917 bp)...done!
Finding genes in sequence #9508 (20504 bp)...done!
Finding genes in sequence #9509 (1601 bp)...done!
Finding genes in sequence #9510 (3360 bp)...done!
Finding genes in sequence #9511 (3393 bp)...done!
Finding genes in sequence #9512 (2033 bp)...done!
Finding genes in sequence #9513 (1935 bp)...done!
Finding genes in sequence #9514 (1524 bp)...done!
Finding genes in sequence #9515 (1817 bp)...done!
Finding genes in sequence #9516 (1545 bp)...done!
Finding genes in sequence #9517 (30422 bp)...done!
Finding genes in sequence #9518 (3249 bp)...done!
Finding genes in sequence #9519 (13093 bp)...done!
Finding genes in sequence #9520 (2351 bp)...done!
Finding genes in sequence #9521 (2260 bp)...done!
Finding genes in sequence #9522 (2068 bp)...done!
Finding genes in sequence #9523 (3262 bp)...done!
Finding genes in sequence #9524 (29962 bp)...done!
Finding genes in sequence #9525 (2698 bp)...done!
Finding genes in sequence #9526 (1634 bp)...done!
Finding genes in sequence #9527 (2808 bp)...done!
Finding genes in sequence #9528 (2137 bp)...done!
Finding genes in sequence #9529 (2056 bp)...done!
Finding genes in sequence #9530 (1776 bp)...done!
Finding genes in sequence #9531 (1892 bp)...done!
Finding genes in sequence #9532 (1611 bp)...done!
Finding genes in sequence #9533 (1803 bp)...done!
Finding genes in sequence #9534 (1506 bp)...done!
Finding genes in sequence #9535 (1778 bp)...done!
Finding genes in sequence #9536 (2488 bp)...done!
Finding genes in sequence #9537 (2193 bp)...done!
Finding genes in sequence #9538 (1513 bp)...done!
Finding genes in sequence #9539 (5831 bp)...done!
Finding genes in sequence #9540 (2446 bp)...done!
Finding genes in sequence #9541 (30793 bp)...done!
Finding genes in sequence #9542 (5426 bp)...done!
Finding genes in sequence #9543 (2466 bp)...done!
Finding genes in sequence #9544 (1668 bp)...done!
Finding genes in sequence #9545 (1770 bp)...done!
Finding genes in sequence #9546 (2144 bp)...done!
Finding genes in sequence #9547 (2360 bp)...done!
Finding genes in sequence #9548 (1744 bp)...done!
Finding genes in sequence #9549 (2618 bp)...done!
Finding genes in sequence #9550 (1621 bp)...done!
Finding genes in sequence #9551 (1603 bp)...done!
Finding genes in sequence #9552 (9782 bp)...done!
Finding genes in sequence #9553 (1610 bp)...done!
Finding genes in sequence #9554 (4568 bp)...done!
Finding genes in sequence #9555 (2176 bp)...done!
Finding genes in sequence #9556 (6401 bp)...done!
Finding genes in sequence #9557 (4821 bp)...done!
Finding genes in sequence #9558 (3382 bp)...done!
Finding genes in sequence #9559 (1553 bp)...done!
Finding genes in sequence #9560 (29679 bp)...done!
Finding genes in sequence #9561 (1718 bp)...done!
Finding genes in sequence #9562 (4040 bp)...done!
Finding genes in sequence #9563 (1879 bp)...done!
Finding genes in sequence #9564 (3325 bp)...done!
Finding genes in sequence #9565 (2166 bp)...done!
Finding genes in sequence #9566 (1064594 bp)...done!
Finding genes in sequence #9567 (2238 bp)...done!
Finding genes in sequence #9568 (3446 bp)...done!
Finding genes in sequence #9569 (40478 bp)...done!
Finding genes in sequence #9570 (2433 bp)...done!
Finding genes in sequence #9571 (1831 bp)...done!
Finding genes in sequence #9572 (1972 bp)...done!
Finding genes in sequence #9573 (1642 bp)...done!
Finding genes in sequence #9574 (4997 bp)...done!
Finding genes in sequence #9575 (1928 bp)...done!
Finding genes in sequence #9576 (1551 bp)...done!
Finding genes in sequence #9577 (6075 bp)...done!
Finding genes in sequence #9578 (1522 bp)...done!
Finding genes in sequence #9579 (4834 bp)...done!
Finding genes in sequence #9580 (13839 bp)...done!
Finding genes in sequence #9581 (1817 bp)...done!
Finding genes in sequence #9582 (2630 bp)...done!
Finding genes in sequence #9583 (1874 bp)...done!
Finding genes in sequence #9584 (1543 bp)...done!
Finding genes in sequence #9585 (1865 bp)...done!
Finding genes in sequence #9586 (5140 bp)...done!
Finding genes in sequence #9587 (2555 bp)...done!
Finding genes in sequence #9588 (2181 bp)...done!
Finding genes in sequence #9589 (2191 bp)...done!
Finding genes in sequence #9590 (2412 bp)...done!
Finding genes in sequence #9591 (1648 bp)...done!
Finding genes in sequence #9592 (1859 bp)...done!
Finding genes in sequence #9593 (3297 bp)...done!
Finding genes in sequence #9594 (4703 bp)...done!
Finding genes in sequence #9595 (1974 bp)...done!
Finding genes in sequence #9596 (1535 bp)...done!
Finding genes in sequence #9597 (3285 bp)...done!
Finding genes in sequence #9598 (1698 bp)...done!
Finding genes in sequence #9599 (2333 bp)...done!
Finding genes in sequence #9600 (28364 bp)...done!
Finding genes in sequence #9601 (1589 bp)...done!
Finding genes in sequence #9602 (3017 bp)...done!
Finding genes in sequence #9603 (1934 bp)...done!
Finding genes in sequence #9604 (1820 bp)...done!
Finding genes in sequence #9605 (1799 bp)...done!
Finding genes in sequence #9606 (2330 bp)...done!
Finding genes in sequence #9607 (1972 bp)...done!
Finding genes in sequence #9608 (1927 bp)...done!
Finding genes in sequence #9609 (2374 bp)...done!
Finding genes in sequence #9610 (3626 bp)...done!
Finding genes in sequence #9611 (2034 bp)...done!
Finding genes in sequence #9612 (1703 bp)...done!
Finding genes in sequence #9613 (8980 bp)...done!
Finding genes in sequence #9614 (2389 bp)...done!
Finding genes in sequence #9615 (4848 bp)...done!
Finding genes in sequence #9616 (2152 bp)...done!
Finding genes in sequence #9617 (1587 bp)...done!
Finding genes in sequence #9618 (2448 bp)...done!
Finding genes in sequence #9619 (2026 bp)...done!
Finding genes in sequence #9620 (27510 bp)...done!
Finding genes in sequence #9621 (60865 bp)...done!
Finding genes in sequence #9622 (2697 bp)...done!
Finding genes in sequence #9623 (1671 bp)...done!
Finding genes in sequence #9624 (1715 bp)...done!
Finding genes in sequence #9625 (2189 bp)...done!
Finding genes in sequence #9626 (1636 bp)...done!
Finding genes in sequence #9627 (2990 bp)...done!
Finding genes in sequence #9628 (7912 bp)...done!
Finding genes in sequence #9629 (2342 bp)...done!
Finding genes in sequence #9630 (4586 bp)...done!
Finding genes in sequence #9631 (5479 bp)...done!
Finding genes in sequence #9632 (4345 bp)...done!
Finding genes in sequence #9633 (2440 bp)...done!
Finding genes in sequence #9634 (1981 bp)...done!
Finding genes in sequence #9635 (1869 bp)...done!
Finding genes in sequence #9636 (1743 bp)...done!
Finding genes in sequence #9637 (3595 bp)...done!
Finding genes in sequence #9638 (48288 bp)...done!
Finding genes in sequence #9639 (2186 bp)...done!
Finding genes in sequence #9640 (2340 bp)...done!
Finding genes in sequence #9641 (2929 bp)...done!
Finding genes in sequence #9642 (2992 bp)...done!
Finding genes in sequence #9643 (1588 bp)...done!
Finding genes in sequence #9644 (2497 bp)...done!
Finding genes in sequence #9645 (1642 bp)...done!
Finding genes in sequence #9646 (1975 bp)...done!
Finding genes in sequence #9647 (3454 bp)...done!
Finding genes in sequence #9648 (1691 bp)...done!
Finding genes in sequence #9649 (20795 bp)...done!
Finding genes in sequence #9650 (1818 bp)...done!
Finding genes in sequence #9651 (13814 bp)...done!
Finding genes in sequence #9652 (2196 bp)...done!
Finding genes in sequence #9653 (5180 bp)...done!
Finding genes in sequence #9654 (2984 bp)...done!
Finding genes in sequence #9655 (3825 bp)...done!
Finding genes in sequence #9656 (2503 bp)...done!
Finding genes in sequence #9657 (1657 bp)...done!
Finding genes in sequence #9658 (1849 bp)...done!
Finding genes in sequence #9659 (2675 bp)...done!
Finding genes in sequence #9660 (3913 bp)...done!
Finding genes in sequence #9661 (2160 bp)...done!
Finding genes in sequence #9662 (7889 bp)...done!
Finding genes in sequence #9663 (1981 bp)...done!
Finding genes in sequence #9664 (1818 bp)...done!
Finding genes in sequence #9665 (1505 bp)...done!
Finding genes in sequence #9666 (2692 bp)...done!
Finding genes in sequence #9667 (1897 bp)...done!
Finding genes in sequence #9668 (6551 bp)...done!
Finding genes in sequence #9669 (5983 bp)...done!
Finding genes in sequence #9670 (4166 bp)...done!
Finding genes in sequence #9671 (1792 bp)...done!
Finding genes in sequence #9672 (1616 bp)...done!
Finding genes in sequence #9673 (2737 bp)...done!
Finding genes in sequence #9674 (2126 bp)...done!
Finding genes in sequence #9675 (3062 bp)...done!
Finding genes in sequence #9676 (3647 bp)...done!
Finding genes in sequence #9677 (2243 bp)...done!
Finding genes in sequence #9678 (9992 bp)...done!
Finding genes in sequence #9679 (1659 bp)...done!
Finding genes in sequence #9680 (6241 bp)...done!
Finding genes in sequence #9681 (2152 bp)...done!
Finding genes in sequence #9682 (2220 bp)...done!
Finding genes in sequence #9683 (1709 bp)...done!
Finding genes in sequence #9684 (3473 bp)...done!
Finding genes in sequence #9685 (13648 bp)...done!
Finding genes in sequence #9686 (1626 bp)...done!
Finding genes in sequence #9687 (11315 bp)...done!
Finding genes in sequence #9688 (1716 bp)...done!
Finding genes in sequence #9689 (12236 bp)...done!
Finding genes in sequence #9690 (2568 bp)...done!
Finding genes in sequence #9691 (1975 bp)...done!
Finding genes in sequence #9692 (1565 bp)...done!
Finding genes in sequence #9693 (2337 bp)...done!
Finding genes in sequence #9694 (3877 bp)...done!
Finding genes in sequence #9695 (2326 bp)...done!
Finding genes in sequence #9696 (2644 bp)...done!
Finding genes in sequence #9697 (3042 bp)...done!
Finding genes in sequence #9698 (2403 bp)...done!
Finding genes in sequence #9699 (3640 bp)...done!
Finding genes in sequence #9700 (26514 bp)...done!
Finding genes in sequence #9701 (2528 bp)...done!
Finding genes in sequence #9702 (2561 bp)...done!
Finding genes in sequence #9703 (2092 bp)...done!
Finding genes in sequence #9704 (3628 bp)...done!
Finding genes in sequence #9705 (4672 bp)...done!
Finding genes in sequence #9706 (1616 bp)...done!
Finding genes in sequence #9707 (24342 bp)...done!
Finding genes in sequence #9708 (1589 bp)...done!
Finding genes in sequence #9709 (8890 bp)...done!
Finding genes in sequence #9710 (2266 bp)...done!
Finding genes in sequence #9711 (2812 bp)...done!
Finding genes in sequence #9712 (1679 bp)...done!
Finding genes in sequence #9713 (1812 bp)...done!
Finding genes in sequence #9714 (1596 bp)...done!
Finding genes in sequence #9715 (1858 bp)...done!
Finding genes in sequence #9716 (2231 bp)...done!
Finding genes in sequence #9717 (2306 bp)...done!
Finding genes in sequence #9718 (1875 bp)...done!
Finding genes in sequence #9719 (3065 bp)...done!
Finding genes in sequence #9720 (76482 bp)...done!
Finding genes in sequence #9721 (1831 bp)...done!
Finding genes in sequence #9722 (1576 bp)...done!
Finding genes in sequence #9723 (2661 bp)...done!
Finding genes in sequence #9724 (3696 bp)...done!
Finding genes in sequence #9725 (1556 bp)...done!
Finding genes in sequence #9726 (2233 bp)...done!
Finding genes in sequence #9727 (1567 bp)...done!
Finding genes in sequence #9728 (4162 bp)...done!
Finding genes in sequence #9729 (2904 bp)...done!
Finding genes in sequence #9730 (1639 bp)...done!
Finding genes in sequence #9731 (2061 bp)...done!
Finding genes in sequence #9732 (1753 bp)...done!
Finding genes in sequence #9733 (2361 bp)...done!
Finding genes in sequence #9734 (154938 bp)...done!
Finding genes in sequence #9735 (3315 bp)...done!
Finding genes in sequence #9736 (1842 bp)...done!
Finding genes in sequence #9737 (1718 bp)...done!
Finding genes in sequence #9738 (26430 bp)...done!
Finding genes in sequence #9739 (1511 bp)...done!
Finding genes in sequence #9740 (2284 bp)...done!
Finding genes in sequence #9741 (1974 bp)...done!
Finding genes in sequence #9742 (1624 bp)...done!
Finding genes in sequence #9743 (6454 bp)...done!
Finding genes in sequence #9744 (5329 bp)...done!
Finding genes in sequence #9745 (1797 bp)...done!
Finding genes in sequence #9746 (8823 bp)...done!
Finding genes in sequence #9747 (2988 bp)...done!
Finding genes in sequence #9748 (2194 bp)...done!
Finding genes in sequence #9749 (4802 bp)...done!
Finding genes in sequence #9750 (2042 bp)...done!
Finding genes in sequence #9751 (1967 bp)...done!
Finding genes in sequence #9752 (1643 bp)...done!
Finding genes in sequence #9753 (1595 bp)...done!
Finding genes in sequence #9754 (15023 bp)...done!
Finding genes in sequence #9755 (1546 bp)...done!
Finding genes in sequence #9756 (2250 bp)...done!
Finding genes in sequence #9757 (3927 bp)...done!
Finding genes in sequence #9758 (6956 bp)...done!
Finding genes in sequence #9759 (1697 bp)...done!
Finding genes in sequence #9760 (2023 bp)...done!
Finding genes in sequence #9761 (2933 bp)...done!
Finding genes in sequence #9762 (1892 bp)...done!
Finding genes in sequence #9763 (2890 bp)...done!
Finding genes in sequence #9764 (7071 bp)...done!
Finding genes in sequence #9765 (21124 bp)...done!
Finding genes in sequence #9766 (58278 bp)...done!
Finding genes in sequence #9767 (3340 bp)...done!
Finding genes in sequence #9768 (2894 bp)...done!
Finding genes in sequence #9769 (1804 bp)...done!
Finding genes in sequence #9770 (27546 bp)...done!
Finding genes in sequence #9771 (9801 bp)...done!
Finding genes in sequence #9772 (1991 bp)...done!
Finding genes in sequence #9773 (2259 bp)...done!
Finding genes in sequence #9774 (1587 bp)...done!
Finding genes in sequence #9775 (1859 bp)...done!
Finding genes in sequence #9776 (2387 bp)...done!
Finding genes in sequence #9777 (26428 bp)...done!
Finding genes in sequence #9778 (1855 bp)...done!
Finding genes in sequence #9779 (12399 bp)...done!
Finding genes in sequence #9780 (14577 bp)...done!
Finding genes in sequence #9781 (2296 bp)...done!
Finding genes in sequence #9782 (2980 bp)...done!
Finding genes in sequence #9783 (4787 bp)...done!
Finding genes in sequence #9784 (1977 bp)...done!
Finding genes in sequence #9785 (11136 bp)...done!
Finding genes in sequence #9786 (4696 bp)...done!
Finding genes in sequence #9787 (8995 bp)...done!
Finding genes in sequence #9788 (1542 bp)...done!
Finding genes in sequence #9789 (1563 bp)...done!
Finding genes in sequence #9790 (2220 bp)...done!
Finding genes in sequence #9791 (1810 bp)...done!
Finding genes in sequence #9792 (14325 bp)...done!
Finding genes in sequence #9793 (2333 bp)...done!
Finding genes in sequence #9794 (20335 bp)...done!
Finding genes in sequence #9795 (9603 bp)...done!
Finding genes in sequence #9796 (6286 bp)...done!
Finding genes in sequence #9797 (1763 bp)...done!
Finding genes in sequence #9798 (3896 bp)...done!
Finding genes in sequence #9799 (36838 bp)...done!
Finding genes in sequence #9800 (2018 bp)...done!
Finding genes in sequence #9801 (1674 bp)...done!
Finding genes in sequence #9802 (1558 bp)...done!
Finding genes in sequence #9803 (1564 bp)...done!
Finding genes in sequence #9804 (1521 bp)...done!
Finding genes in sequence #9805 (1667 bp)...done!
Finding genes in sequence #9806 (1770 bp)...done!
Finding genes in sequence #9807 (5360 bp)...done!
Finding genes in sequence #9808 (4032 bp)...done!
Finding genes in sequence #9809 (2254 bp)...done!
Finding genes in sequence #9810 (3901 bp)...done!
Finding genes in sequence #9811 (1809 bp)...done!
Finding genes in sequence #9812 (1975 bp)...done!
Finding genes in sequence #9813 (11648 bp)...done!
Finding genes in sequence #9814 (5103 bp)...done!
Finding genes in sequence #9815 (1614 bp)...done!
Finding genes in sequence #9816 (2340 bp)...done!
Finding genes in sequence #9817 (2760 bp)...done!
Finding genes in sequence #9818 (24691 bp)...done!
Finding genes in sequence #9819 (1580 bp)...done!
Finding genes in sequence #9820 (1974 bp)...done!
Finding genes in sequence #9821 (10183 bp)...done!
Finding genes in sequence #9822 (3875 bp)...done!
Finding genes in sequence #9823 (3652 bp)...done!
Finding genes in sequence #9824 (10766 bp)...done!
Finding genes in sequence #9825 (1506 bp)...done!
Finding genes in sequence #9826 (2445 bp)...done!
Finding genes in sequence #9827 (4986 bp)...done!
Finding genes in sequence #9828 (2490 bp)...done!
Finding genes in sequence #9829 (4114 bp)...done!
Finding genes in sequence #9830 (9100 bp)...done!
Finding genes in sequence #9831 (2685 bp)...done!
Finding genes in sequence #9832 (44949 bp)...done!
Finding genes in sequence #9833 (1512 bp)...done!
Finding genes in sequence #9834 (1603 bp)...done!
Finding genes in sequence #9835 (69054 bp)...done!
Finding genes in sequence #9836 (2256 bp)...done!
Finding genes in sequence #9837 (5005 bp)...done!
Finding genes in sequence #9838 (1774 bp)...done!
Finding genes in sequence #9839 (2419 bp)...done!
Finding genes in sequence #9840 (4707 bp)...done!
Finding genes in sequence #9841 (7873 bp)...done!
Finding genes in sequence #9842 (1784 bp)...done!
Finding genes in sequence #9843 (6834 bp)...done!
Finding genes in sequence #9844 (2859 bp)...done!
Finding genes in sequence #9845 (4045 bp)...done!
Finding genes in sequence #9846 (2036 bp)...done!
Finding genes in sequence #9847 (2432 bp)...done!
Finding genes in sequence #9848 (2291 bp)...done!
Finding genes in sequence #9849 (1523 bp)...done!
Finding genes in sequence #9850 (1692 bp)...done!
Finding genes in sequence #9851 (1789 bp)...done!
Finding genes in sequence #9852 (1647 bp)...done!
Finding genes in sequence #9853 (3367 bp)...done!
Finding genes in sequence #9854 (1978 bp)...done!
Finding genes in sequence #9855 (2270 bp)...done!
Finding genes in sequence #9856 (2362 bp)...done!
Finding genes in sequence #9857 (20471 bp)...done!
Finding genes in sequence #9858 (4949 bp)...done!
Finding genes in sequence #9859 (1510 bp)...done!
Finding genes in sequence #9860 (5919 bp)...done!
Finding genes in sequence #9861 (3148 bp)...done!
Finding genes in sequence #9862 (1659 bp)...done!
Finding genes in sequence #9863 (6869 bp)...done!
Finding genes in sequence #9864 (2381 bp)...done!
Finding genes in sequence #9865 (2211 bp)...done!
Finding genes in sequence #9866 (7336 bp)...done!
Finding genes in sequence #9867 (83259 bp)...done!
Finding genes in sequence #9868 (2558 bp)...done!
Finding genes in sequence #9869 (1938 bp)...done!
Finding genes in sequence #9870 (2046 bp)...done!
Finding genes in sequence #9871 (1516 bp)...done!
Finding genes in sequence #9872 (2627 bp)...done!
Finding genes in sequence #9873 (2218 bp)...done!
Finding genes in sequence #9874 (1666 bp)...done!
Finding genes in sequence #9875 (14730 bp)...done!
Finding genes in sequence #9876 (1697 bp)...done!
Finding genes in sequence #9877 (7416 bp)...done!
Finding genes in sequence #9878 (2935 bp)...done!
Finding genes in sequence #9879 (19250 bp)...done!
Finding genes in sequence #9880 (29625 bp)...done!
Finding genes in sequence #9881 (4278 bp)...done!
Finding genes in sequence #9882 (2365 bp)...done!
Finding genes in sequence #9883 (2114 bp)...done!
Finding genes in sequence #9884 (2108 bp)...done!
Finding genes in sequence #9885 (1876 bp)...done!
Finding genes in sequence #9886 (1938 bp)...done!
Finding genes in sequence #9887 (2700 bp)...done!
Finding genes in sequence #9888 (6934 bp)...done!
Finding genes in sequence #9889 (1543 bp)...done!
Finding genes in sequence #9890 (1700 bp)...done!
Finding genes in sequence #9891 (3708 bp)...done!
Finding genes in sequence #9892 (3018 bp)...done!
Finding genes in sequence #9893 (7729 bp)...done!
Finding genes in sequence #9894 (1569 bp)...done!
Finding genes in sequence #9895 (1820 bp)...done!
Finding genes in sequence #9896 (1613 bp)...done!
Finding genes in sequence #9897 (2066 bp)...done!
Finding genes in sequence #9898 (2280 bp)...done!
Finding genes in sequence #9899 (2195 bp)...done!
Finding genes in sequence #9900 (6461 bp)...done!
Finding genes in sequence #9901 (2804 bp)...done!
Finding genes in sequence #9902 (9705 bp)...done!
Finding genes in sequence #9903 (3465 bp)...done!
Finding genes in sequence #9904 (10316 bp)...done!
Finding genes in sequence #9905 (8290 bp)...done!
Finding genes in sequence #9906 (2497 bp)...done!
Finding genes in sequence #9907 (1634 bp)...done!
Finding genes in sequence #9908 (2214 bp)...done!
Finding genes in sequence #9909 (2199 bp)...done!
Finding genes in sequence #9910 (1691 bp)...done!
Finding genes in sequence #9911 (1917 bp)...done!
Finding genes in sequence #9912 (1646 bp)...done!
Finding genes in sequence #9913 (2263 bp)...done!
Finding genes in sequence #9914 (3857 bp)...done!
Finding genes in sequence #9915 (4207 bp)...done!
Finding genes in sequence #9916 (1672 bp)...done!
Finding genes in sequence #9917 (1649 bp)...done!
Finding genes in sequence #9918 (3078 bp)...done!
Finding genes in sequence #9919 (2245 bp)...done!
Finding genes in sequence #9920 (20720 bp)...done!
Finding genes in sequence #9921 (1766 bp)...done!
Finding genes in sequence #9922 (1988 bp)...done!
Finding genes in sequence #9923 (13935 bp)...done!
Finding genes in sequence #9924 (1594 bp)...done!
Finding genes in sequence #9925 (3340 bp)...done!
Finding genes in sequence #9926 (4197 bp)...done!
Finding genes in sequence #9927 (1781 bp)...done!
Finding genes in sequence #9928 (3789 bp)...done!
Finding genes in sequence #9929 (1871 bp)...done!
Finding genes in sequence #9930 (1740 bp)...done!
Finding genes in sequence #9931 (2629 bp)...done!
Finding genes in sequence #9932 (1859 bp)...done!
Finding genes in sequence #9933 (2036 bp)...done!
Finding genes in sequence #9934 (4175 bp)...done!
Finding genes in sequence #9935 (4654 bp)...done!
Finding genes in sequence #9936 (1594 bp)...done!
Finding genes in sequence #9937 (1641 bp)...done!
Finding genes in sequence #9938 (2133 bp)...done!
Finding genes in sequence #9939 (1529 bp)...done!
Finding genes in sequence #9940 (2830 bp)...done!
Finding genes in sequence #9941 (1814 bp)...done!
Finding genes in sequence #9942 (1757 bp)...done!
Finding genes in sequence #9943 (3368 bp)...done!
Finding genes in sequence #9944 (9875 bp)...done!
Finding genes in sequence #9945 (2038 bp)...done!
Finding genes in sequence #9946 (2413 bp)...done!
Finding genes in sequence #9947 (3076 bp)...done!
Finding genes in sequence #9948 (9312 bp)...done!
Finding genes in sequence #9949 (20347 bp)...done!
Finding genes in sequence #9950 (6704 bp)...done!
Finding genes in sequence #9951 (7465 bp)...done!
Finding genes in sequence #9952 (1709 bp)...done!
Finding genes in sequence #9953 (1670 bp)...done!
Finding genes in sequence #9954 (2023 bp)...done!
Finding genes in sequence #9955 (3082 bp)...done!
Finding genes in sequence #9956 (12004 bp)...done!
Finding genes in sequence #9957 (2256 bp)...done!
Finding genes in sequence #9958 (8608 bp)...done!
Finding genes in sequence #9959 (2617 bp)...done!
Finding genes in sequence #9960 (2201 bp)...done!
Finding genes in sequence #9961 (2774 bp)...done!
Finding genes in sequence #9962 (95260 bp)...done!
Finding genes in sequence #9963 (8600 bp)...done!
Finding genes in sequence #9964 (2068 bp)...done!
Finding genes in sequence #9965 (2304 bp)...done!
Finding genes in sequence #9966 (2163 bp)...done!
Finding genes in sequence #9967 (2029 bp)...done!
Finding genes in sequence #9968 (1779 bp)...done!
Finding genes in sequence #9969 (2771 bp)...done!
Finding genes in sequence #9970 (1979 bp)...done!
Finding genes in sequence #9971 (3457 bp)...done!
Finding genes in sequence #9972 (1940 bp)...done!
Finding genes in sequence #9973 (1531 bp)...done!
Finding genes in sequence #9974 (2601 bp)...done!
Finding genes in sequence #9975 (3008 bp)...done!
Finding genes in sequence #9976 (1522 bp)...done!
Finding genes in sequence #9977 (4901 bp)...done!
Finding genes in sequence #9978 (1659 bp)...done!
Finding genes in sequence #9979 (2764 bp)...done!
Finding genes in sequence #9980 (2094 bp)...done!
Finding genes in sequence #9981 (2099 bp)...done!
Finding genes in sequence #9982 (2180 bp)...done!
Finding genes in sequence #9983 (11229 bp)...done!
Finding genes in sequence #9984 (3132 bp)...done!
Finding genes in sequence #9985 (1513 bp)...done!
Finding genes in sequence #9986 (2127 bp)...done!
Finding genes in sequence #9987 (2132 bp)...done!
Finding genes in sequence #9988 (3621 bp)...done!
Finding genes in sequence #9989 (1503 bp)...done!
Finding genes in sequence #9990 (6291 bp)...done!
Finding genes in sequence #9991 (2588 bp)...done!
Finding genes in sequence #9992 (1543 bp)...done!
Finding genes in sequence #9993 (2281 bp)...done!
Finding genes in sequence #9994 (1581 bp)...done!
Finding genes in sequence #9995 (2484 bp)...done!
Finding genes in sequence #9996 (6685 bp)...done!
Finding genes in sequence #9997 (1995 bp)...done!
Finding genes in sequence #9998 (1933 bp)...done!
Finding genes in sequence #9999 (1659 bp)...done!
Finding genes in sequence #10000 (2972 bp)...done!
Finding genes in sequence #10001 (1737 bp)...done!
Finding genes in sequence #10002 (1593 bp)...done!
Finding genes in sequence #10003 (2559 bp)...done!
Finding genes in sequence #10004 (1521 bp)...done!
Finding genes in sequence #10005 (2323 bp)...done!
Finding genes in sequence #10006 (4015 bp)...done!
Finding genes in sequence #10007 (3088 bp)...done!
Finding genes in sequence #10008 (2493 bp)...done!
Finding genes in sequence #10009 (1762 bp)...done!
Finding genes in sequence #10010 (7442 bp)...done!
Finding genes in sequence #10011 (158460 bp)...done!
Finding genes in sequence #10012 (4464 bp)...done!
Finding genes in sequence #10013 (11073 bp)...done!
Finding genes in sequence #10014 (5072 bp)...done!
Finding genes in sequence #10015 (1672 bp)...done!
Finding genes in sequence #10016 (1501 bp)...done!
Finding genes in sequence #10017 (2261 bp)...done!
Finding genes in sequence #10018 (1741 bp)...done!
Finding genes in sequence #10019 (2788 bp)...done!
Finding genes in sequence #10020 (2160 bp)...done!
Finding genes in sequence #10021 (23304 bp)...done!
Finding genes in sequence #10022 (2389 bp)...done!
Finding genes in sequence #10023 (466493 bp)...done!
Finding genes in sequence #10024 (2482 bp)...done!
Finding genes in sequence #10025 (3831 bp)...done!
Finding genes in sequence #10026 (2595 bp)...done!
Finding genes in sequence #10027 (1608 bp)...done!
Finding genes in sequence #10028 (2114 bp)...done!
Finding genes in sequence #10029 (1580 bp)...done!
Finding genes in sequence #10030 (1551 bp)...done!
Finding genes in sequence #10031 (2199 bp)...done!
Finding genes in sequence #10032 (1961 bp)...done!
Finding genes in sequence #10033 (1929 bp)...done!
Finding genes in sequence #10034 (1763 bp)...done!
Finding genes in sequence #10035 (3127 bp)...done!
Finding genes in sequence #10036 (2067 bp)...done!
Finding genes in sequence #10037 (2466 bp)...done!
Finding genes in sequence #10038 (14560 bp)...done!
Finding genes in sequence #10039 (47363 bp)...done!
Finding genes in sequence #10040 (1879 bp)...done!
Finding genes in sequence #10041 (1543 bp)...done!
Finding genes in sequence #10042 (2629 bp)...done!
Finding genes in sequence #10043 (2433 bp)...done!
Finding genes in sequence #10044 (2973 bp)...done!
Finding genes in sequence #10045 (2261 bp)...done!
Finding genes in sequence #10046 (1614 bp)...done!
Finding genes in sequence #10047 (1565 bp)...done!
Finding genes in sequence #10048 (1740 bp)...done!
Finding genes in sequence #10049 (4867 bp)...done!
Finding genes in sequence #10050 (5051 bp)...done!
Finding genes in sequence #10051 (2265 bp)...done!
Finding genes in sequence #10052 (5398 bp)...done!
Finding genes in sequence #10053 (11932 bp)...done!
Finding genes in sequence #10054 (1888 bp)...done!
Finding genes in sequence #10055 (12769 bp)...done!
Finding genes in sequence #10056 (1936 bp)...done!
Finding genes in sequence #10057 (1711 bp)...done!
Finding genes in sequence #10058 (3815 bp)...done!
Finding genes in sequence #10059 (1767 bp)...done!
Finding genes in sequence #10060 (1685 bp)...done!
Finding genes in sequence #10061 (1755 bp)...done!
Finding genes in sequence #10062 (9492 bp)...done!
Finding genes in sequence #10063 (2341 bp)...done!
Finding genes in sequence #10064 (1810 bp)...done!
Finding genes in sequence #10065 (3147 bp)...done!
Finding genes in sequence #10066 (2132 bp)...done!
Finding genes in sequence #10067 (3715 bp)...done!
Finding genes in sequence #10068 (5172 bp)...done!
Finding genes in sequence #10069 (1932 bp)...done!
Finding genes in sequence #10070 (3534 bp)...done!
Finding genes in sequence #10071 (1772 bp)...done!
Finding genes in sequence #10072 (2699 bp)...done!
Finding genes in sequence #10073 (2215 bp)...done!
Finding genes in sequence #10074 (2571 bp)...done!
Finding genes in sequence #10075 (6185 bp)...done!
Finding genes in sequence #10076 (1590 bp)...done!
Finding genes in sequence #10077 (2261 bp)...done!
Finding genes in sequence #10078 (2553 bp)...done!
Finding genes in sequence #10079 (2313 bp)...done!
Finding genes in sequence #10080 (2913 bp)...done!
Finding genes in sequence #10081 (2430 bp)...done!
Finding genes in sequence #10082 (1955 bp)...done!
Finding genes in sequence #10083 (3723 bp)...done!
Finding genes in sequence #10084 (2532 bp)...done!
Finding genes in sequence #10085 (1515 bp)...done!
Finding genes in sequence #10086 (3612 bp)...done!
Finding genes in sequence #10087 (2452 bp)...done!
Finding genes in sequence #10088 (3695 bp)...done!
Finding genes in sequence #10089 (55634 bp)...done!
Finding genes in sequence #10090 (1935 bp)...done!
Finding genes in sequence #10091 (5251 bp)...done!
Finding genes in sequence #10092 (1618 bp)...done!
Finding genes in sequence #10093 (1604 bp)...done!
Finding genes in sequence #10094 (4256 bp)...done!
Finding genes in sequence #10095 (5950 bp)...done!
Finding genes in sequence #10096 (5680 bp)...done!
Finding genes in sequence #10097 (1956 bp)...done!
Finding genes in sequence #10098 (1698 bp)...done!
Finding genes in sequence #10099 (1636 bp)...done!
Finding genes in sequence #10100 (3708 bp)...done!
Finding genes in sequence #10101 (1621 bp)...done!
Finding genes in sequence #10102 (7347 bp)...done!
Finding genes in sequence #10103 (1888 bp)...done!
Finding genes in sequence #10104 (2547 bp)...done!
Finding genes in sequence #10105 (3488 bp)...done!
Finding genes in sequence #10106 (1537 bp)...done!
Finding genes in sequence #10107 (3885 bp)...done!
Finding genes in sequence #10108 (74741 bp)...done!
Finding genes in sequence #10109 (1865 bp)...done!
Finding genes in sequence #10110 (3599 bp)...done!
Finding genes in sequence #10111 (6481 bp)...done!
Finding genes in sequence #10112 (1677 bp)...done!
Finding genes in sequence #10113 (2478 bp)...done!
Finding genes in sequence #10114 (4473 bp)...done!
Finding genes in sequence #10115 (2144 bp)...done!
Finding genes in sequence #10116 (2696 bp)...done!
Finding genes in sequence #10117 (5104 bp)...done!
Finding genes in sequence #10118 (5748 bp)...done!
Finding genes in sequence #10119 (1689 bp)...done!
Finding genes in sequence #10120 (1596 bp)...done!
Finding genes in sequence #10121 (7035 bp)...done!
Finding genes in sequence #10122 (1506 bp)...done!
Finding genes in sequence #10123 (2361 bp)...done!
Finding genes in sequence #10124 (2092 bp)...done!
Finding genes in sequence #10125 (1992 bp)...done!
Finding genes in sequence #10126 (3309 bp)...done!
Finding genes in sequence #10127 (2589 bp)...done!
Finding genes in sequence #10128 (1679 bp)...done!
Finding genes in sequence #10129 (2092 bp)...done!
Finding genes in sequence #10130 (1701 bp)...done!
Finding genes in sequence #10131 (5440 bp)...done!
Finding genes in sequence #10132 (3724 bp)...done!
Finding genes in sequence #10133 (1537 bp)...done!
Finding genes in sequence #10134 (1532 bp)...done!
Finding genes in sequence #10135 (1605 bp)...done!
Finding genes in sequence #10136 (1724 bp)...done!
Finding genes in sequence #10137 (2072 bp)...done!
Finding genes in sequence #10138 (1649 bp)...done!
Finding genes in sequence #10139 (1679 bp)...done!
Finding genes in sequence #10140 (2196 bp)...done!
Finding genes in sequence #10141 (37376 bp)...done!
Finding genes in sequence #10142 (67213 bp)...done!
Finding genes in sequence #10143 (1678 bp)...done!
Finding genes in sequence #10144 (41476 bp)...done!
Finding genes in sequence #10145 (6843 bp)...done!
Finding genes in sequence #10146 (4870 bp)...done!
Finding genes in sequence #10147 (2159 bp)...done!
Finding genes in sequence #10148 (1534 bp)...done!
Finding genes in sequence #10149 (4817 bp)...done!
Finding genes in sequence #10150 (1880 bp)...done!
Finding genes in sequence #10151 (9559 bp)...done!
Finding genes in sequence #10152 (1701 bp)...done!
Finding genes in sequence #10153 (2026 bp)...done!
Finding genes in sequence #10154 (37334 bp)...done!
Finding genes in sequence #10155 (1916 bp)...done!
Finding genes in sequence #10156 (3942 bp)...done!
Finding genes in sequence #10157 (6421 bp)...done!
Finding genes in sequence #10158 (3405 bp)...done!
Finding genes in sequence #10159 (10823 bp)...done!
Finding genes in sequence #10160 (3335 bp)...done!
Finding genes in sequence #10161 (1639 bp)...done!
Finding genes in sequence #10162 (1984 bp)...done!
Finding genes in sequence #10163 (2420 bp)...done!
Finding genes in sequence #10164 (1734 bp)...done!
Finding genes in sequence #10165 (2067 bp)...done!
Finding genes in sequence #10166 (53049 bp)...done!
Finding genes in sequence #10167 (2145 bp)...done!
Finding genes in sequence #10168 (4158 bp)...done!
Finding genes in sequence #10169 (2491 bp)...done!
Finding genes in sequence #10170 (17391 bp)...done!
Finding genes in sequence #10171 (16689 bp)...done!
Finding genes in sequence #10172 (2688 bp)...done!
Finding genes in sequence #10173 (2138 bp)...done!
Finding genes in sequence #10174 (8426 bp)...done!
Finding genes in sequence #10175 (1565 bp)...done!
Finding genes in sequence #10176 (3330 bp)...done!
Finding genes in sequence #10177 (7343 bp)...done!
Finding genes in sequence #10178 (8414 bp)...done!
Finding genes in sequence #10179 (14239 bp)...done!
Finding genes in sequence #10180 (5725 bp)...done!
Finding genes in sequence #10181 (3213 bp)...done!
Finding genes in sequence #10182 (3794 bp)...done!
Finding genes in sequence #10183 (1852 bp)...done!
Finding genes in sequence #10184 (2702 bp)...done!
Finding genes in sequence #10185 (1546 bp)...done!
Finding genes in sequence #10186 (2629 bp)...done!
Finding genes in sequence #10187 (3632 bp)...done!
Finding genes in sequence #10188 (90782 bp)...done!
Finding genes in sequence #10189 (1726 bp)...done!
Finding genes in sequence #10190 (2349 bp)...done!
Finding genes in sequence #10191 (2111 bp)...done!
Finding genes in sequence #10192 (4142 bp)...done!
Finding genes in sequence #10193 (38973 bp)...done!
Finding genes in sequence #10194 (35795 bp)...done!
Finding genes in sequence #10195 (1825 bp)...done!
Finding genes in sequence #10196 (2026 bp)...done!
Finding genes in sequence #10197 (2275 bp)...done!
Finding genes in sequence #10198 (3875 bp)...done!
Finding genes in sequence #10199 (2000 bp)...done!
Finding genes in sequence #10200 (39032 bp)...done!
Finding genes in sequence #10201 (164705 bp)...done!
Finding genes in sequence #10202 (1622 bp)...done!
Finding genes in sequence #10203 (2549 bp)...done!
