Command line: ${HYBRID_ENV_PREFIX}/bin/spades.py	--meta	--only-assembler	-1	${ARTICLE32_RAW_DIR}/clean/ERR9765746_clean10m_R1.fastq.gz	-2	${ARTICLE32_RAW_DIR}/clean/ERR9765746_clean10m_R2.fastq.gz	--pacbio	${PROJECT_ROOT}/data/raw/article31/full/ERR9765783.fastq.gz	-k	21,33,55,77	-t	32	-m	256	-o	${ARTICLE32_WORK_DIR}/assemblies/spades-illumina-hifi	

System information:
  SPAdes version: 4.3.0
  Python version: 3.10.20
  OS: Linux-6.8.0-49-generic-x86_64-with-glibc2.35

Output dir: ${ARTICLE32_WORK_DIR}/assemblies/spades-illumina-hifi
Mode: ONLY assembling (without read error correction)
Debug mode is turned OFF

Dataset parameters:
  Metagenomic mode
  Reads:
    Library number: 1, library type: paired-end
      orientation: fr
      left reads: ['${ARTICLE32_RAW_DIR}/clean/ERR9765746_clean10m_R1.fastq.gz']
      right reads: ['${ARTICLE32_RAW_DIR}/clean/ERR9765746_clean10m_R2.fastq.gz']
      interlaced reads: not specified
      single reads: not specified
      merged reads: not specified
    Library number: 2, library type: pacbio
      left reads: not specified
      right reads: not specified
      interlaced reads: not specified
      single reads: ['${PROJECT_ROOT}/data/raw/article31/full/ERR9765783.fastq.gz']
      merged reads: not specified
Assembly parameters:
  k: [21, 33, 55, 77]
  Repeat resolution is enabled
  Mismatch careful mode is turned OFF
  MismatchCorrector will be SKIPPED
  Coverage cutoff is turned OFF
  Assembly graph output will use GFA v1.2 format
Other parameters:
  Dir for temp files: ${ARTICLE32_WORK_DIR}/assemblies/spades-illumina-hifi/tmp
  Threads: 32
  Memory limit (in Gb): 256


======= SPAdes pipeline started. Log can be found here: ${ARTICLE32_WORK_DIR}/assemblies/spades-illumina-hifi/spades.log

${ARTICLE32_RAW_DIR}/clean/ERR9765746_clean10m_R1.fastq.gz: max reads length: 150
${ARTICLE32_RAW_DIR}/clean/ERR9765746_clean10m_R2.fastq.gz: max reads length: 150

Reads length: 150


===== Before start started. 


===== Assembling started. 


===== K21 started. 


== Running: ${HYBRID_ENV_PREFIX}/bin/spades-core ${ARTICLE32_WORK_DIR}/assemblies/spades-illumina-hifi/K21/configs/config.info ${ARTICLE32_WORK_DIR}/assemblies/spades-illumina-hifi/K21/configs/mda_mode.info ${ARTICLE32_WORK_DIR}/assemblies/spades-illumina-hifi/K21/configs/meta_mode.info

  0:00:00.000     1M / 15M   INFO    General                 (main.cpp                  :  94)   Loaded config from "${ARTICLE32_WORK_DIR}/assemblies/spades-illumina-hifi/K21/configs/config.info"
  0:00:00.002     1M / 15M   INFO    General                 (main.cpp                  :  94)   Loaded config from "${ARTICLE32_WORK_DIR}/assemblies/spades-illumina-hifi/K21/configs/mda_mode.info"
  0:00:00.002     1M / 15M   INFO    General                 (main.cpp                  :  94)   Loaded config from "${ARTICLE32_WORK_DIR}/assemblies/spades-illumina-hifi/K21/configs/meta_mode.info"
  0:00:00.002     1M / 15M   INFO    General                 (memory_limit.cpp          :  55)   Memory limit set to 256 Gb
  0:00:00.002     1M / 15M   INFO    General                 (main.cpp                  : 102)   Starting SPAdes, built from N/A, git revision N/A
  0:00:00.002     1M / 15M   INFO    General                 (main.cpp                  : 103)   Maximum k-mer length: 128
  0:00:00.002     1M / 15M   INFO    General                 (main.cpp                  : 104)   Assembling dataset ("${ARTICLE32_WORK_DIR}/assemblies/spades-illumina-hifi/dataset.info") with K=21
  0:00:00.002     1M / 15M   INFO    General                 (main.cpp                  : 105)   Maximum # of threads to use (adjusted due to OMP capabilities): 32
  0:00:00.002     1M / 15M   INFO    General                 (pipeline.cpp              : 221)   SPAdes started
  0:00:00.002     1M / 15M   INFO    General                 (pipeline.cpp              : 234)   Starting from stage: read_conversion
  0:00:00.002     1M / 15M   INFO    General                 (pipeline.cpp              : 245)   Two-step repeat resolution disabled
  0:00:00.002     1M / 15M   INFO   GraphCore                (graph_core.hpp            : 582)   Graph created, vertex min_id: 3, edge min_id: 3
  0:00:00.002     1M / 15M   INFO   GraphCore                (graph_core.hpp            : 583)   Vertex size: 48, edge size: 40
  0:00:00.002     1M / 15M   INFO    General                 (edge_index.hpp            : 132)   Size of edge index entries: 12/8
  0:00:00.003     1M / 15M   INFO   StageManager             (stage.cpp                 : 210)   STAGE == Binary Read Conversion (id: read_conversion)
  0:00:00.005     1M / 15M   INFO    General                 (read_converter.cpp        :  78)   Converting reads to binary format for library #0 (takes a while)
  0:00:00.005     1M / 15M   INFO    General                 (read_converter.cpp        :  99)   Converting paired reads
  0:00:00.615    81M / 121M  INFO    General                 (binary_converter.cpp      : 127)   16384 reads processed
  0:00:00.626    81M / 122M  INFO    General                 (binary_converter.cpp      : 127)   32768 reads processed
  0:00:00.649    81M / 124M  INFO    General                 (binary_converter.cpp      : 127)   65536 reads processed
  0:00:00.910    81M / 163M  INFO    General                 (binary_converter.cpp      : 127)   131072 reads processed
  0:00:01.589    50M / 206M  INFO    General                 (binary_converter.cpp      : 127)   262144 reads processed
  0:00:02.724     0M / 276M  INFO    General                 (binary_converter.cpp      : 127)   524288 reads processed
  0:00:04.263     0M / 359M  INFO    General                 (binary_converter.cpp      : 127)   1048576 reads processed
  0:00:07.407     0M / 533M  INFO    General                 (binary_converter.cpp      : 127)   2097152 reads processed
  0:00:13.369     0M / 677M  INFO    General                 (binary_converter.cpp      : 127)   4194304 reads processed
  0:00:26.345     0M / 859M  INFO    General                 (binary_converter.cpp      : 127)   8388608 reads processed
  0:00:31.650     0M / 890M  INFO    General                 (binary_converter.cpp      : 143)   9999320 reads written
  0:00:31.668     0M / 890M  INFO    General                 (read_converter.cpp        : 113)   Converting single reads
  0:00:31.690     0M / 890M  INFO    General                 (binary_converter.cpp      : 143)   0 reads written
  0:00:31.691     0M / 890M  INFO    General                 (read_converter.cpp        : 119)   Converting merged reads
  0:00:31.700     0M / 890M  INFO    General                 (binary_converter.cpp      : 143)   0 reads written
  0:00:31.703     0M / 890M  INFO    General                 (read_converter.cpp        :  78)   Converting reads to binary format for library #1 (takes a while)
  0:00:31.704     0M / 890M  INFO    General                 (read_converter.cpp        :  99)   Converting paired reads
  0:00:31.711     0M / 890M  INFO    General                 (binary_converter.cpp      : 143)   0 reads written
  0:00:31.713     0M / 890M  INFO    General                 (read_converter.cpp        : 113)   Converting single reads
  0:00:47.343     0M / 1895M INFO    General                 (binary_converter.cpp      : 127)   16384 reads processed
  0:00:47.626     0M / 1915M INFO    General                 (binary_converter.cpp      : 127)   32768 reads processed
  0:00:48.192     0M / 1954M INFO    General                 (binary_converter.cpp      : 127)   65536 reads processed
  0:01:03.131     0M / 2983M INFO    General                 (binary_converter.cpp      : 127)   131072 reads processed
  0:01:21.590     0M / 4258M INFO    General                 (binary_converter.cpp      : 127)   262144 reads processed
  0:01:55.603     0M / 6336M INFO    General                 (binary_converter.cpp      : 127)   524288 reads processed
  0:01:59.911     0M / 6336M INFO    General                 (binary_converter.cpp      : 143)   524805 reads written
  0:01:59.965     0M / 6336M INFO    General                 (read_converter.cpp        : 119)   Converting merged reads
  0:01:59.969     0M / 6336M INFO    General                 (binary_converter.cpp      : 143)   0 reads written
  0:02:04.755     1M / 6336M INFO   StageManager             (stage.cpp                 : 210)   STAGE == de Bruijn graph construction (id: construction)
  0:02:04.920     1M / 6336M INFO    General                 (construction.cpp          : 150)   Max read length 150
  0:02:04.920     1M / 6336M INFO    General                 (construction.cpp          : 156)   Average read length 148.973
  0:02:04.920     1M / 6336M INFO    General                 (stage.cpp                 : 120)   PROCEDURE == k+1-mer counting (id: construction:kpomer_counting)
  0:02:04.920     1M / 6336M INFO    General                 (kmer_index_builder.hpp    : 308)   Splitting kmer instances into 320 files using 32 threads. This might take a while.
  0:02:04.928     1M / 6336M INFO    General                 (file_limit.hpp            :  43)   Open file limit set to 1024
  0:02:04.928     1M / 6336M INFO    General                 (kmer_splitter.hpp         :  96)   Memory available for splitting buffers: 2.66666 Gb
  0:02:04.928     1M / 6336M INFO    General                 (kmer_splitter.hpp         : 104)   Using cell size of 209715
mimalloc: warning: thread 0x77b7ca600640: unable to allocate aligned OS memory directly, fall back to over-allocation (67108864 bytes, address: 0x77b7b5000000, alignment: 67108864, commit: 1)
mimalloc: warning: thread 0x77b7bca00640: unable to allocate aligned OS memory directly, fall back to over-allocation (67108864 bytes, address: 0x77b7ad000000, alignment: 67108864, commit: 1)
mimalloc: warning: thread 0x77b7c7e00640: unable to allocate aligned OS memory directly, fall back to over-allocation (67108864 bytes, address: 0x77b7a1000000, alignment: 67108864, commit: 1)
  0:02:15.137    19G / 19G   INFO    General                 (kmer_splitters.hpp        : 128)   Processed 33227100 reads
  0:02:17.183    19G / 19G   INFO    General                 (kmer_splitters.hpp        : 128)   Processed 39997280 reads
  0:02:17.190     3M / 18G   INFO    General                 (kmer_splitters.hpp        : 134)   Used 39997280 reads
  0:02:17.608     3M / 18G   INFO    General                 (kmer_index_builder.hpp    : 314)   Starting k-mer counting.
  0:02:18.135     3M / 18G   INFO    General                 (kmer_index_builder.hpp    : 325)   K-mer counting done. There are 322715679 kmers in total.
  0:02:18.136     2M / 18G   INFO    General                 (stage.cpp                 : 120)   PROCEDURE == Extension index construction (id: construction:extension_index_construction)
  0:02:18.141     3M / 18G   INFO   K-mer Index Building     (kmer_index_builder.hpp    : 503)   Building kmer index
  0:02:18.141     3M / 18G   INFO    General                 (kmer_index_builder.hpp    : 308)   Splitting kmer instances into 320 files using 32 threads. This might take a while.
  0:02:18.147     3M / 18G   INFO    General                 (file_limit.hpp            :  43)   Open file limit set to 1024
  0:02:18.147     3M / 18G   INFO    General                 (kmer_splitter.hpp         :  96)   Memory available for splitting buffers: 2.66664 Gb
  0:02:18.147     3M / 18G   INFO    General                 (kmer_splitter.hpp         : 104)   Using cell size of 209715
  0:02:18.533    19G / 19G   INFO    General                 (kmer_splitters.hpp        : 197)   Processed 8111711 kmers
  0:02:19.160    19G / 19G   INFO    General                 (kmer_splitters.hpp        : 197)   Processed 40218689 kmers
  0:02:19.779    19G / 19G   INFO    General                 (kmer_splitters.hpp        : 197)   Processed 72570840 kmers
  0:02:20.358    19G / 19G   INFO    General                 (kmer_splitters.hpp        : 197)   Processed 104879210 kmers
  0:02:20.939    19G / 19G   INFO    General                 (kmer_splitters.hpp        : 197)   Processed 137178701 kmers
  0:02:21.551    19G / 19G   INFO    General                 (kmer_splitters.hpp        : 197)   Processed 169459078 kmers
  0:02:22.180    19G / 19G   INFO    General                 (kmer_splitters.hpp        : 197)   Processed 201705051 kmers
  0:02:22.816    19G / 19G   INFO    General                 (kmer_splitters.hpp        : 197)   Processed 233963291 kmers
  0:02:23.480    19G / 19G   INFO    General                 (kmer_splitters.hpp        : 197)   Processed 266175028 kmers
  0:02:24.075    19G / 19G   INFO    General                 (kmer_splitters.hpp        : 197)   Processed 298387141 kmers
  0:02:24.568    19G / 19G   INFO    General                 (kmer_splitters.hpp        : 197)   Processed 322717439 kmers
  0:02:24.569    19G / 19G   INFO    General                 (kmer_splitters.hpp        : 202)   Used 322717439 kmers.
  0:02:24.575     4M / 18G   INFO    General                 (kmer_index_builder.hpp    : 314)   Starting k-mer counting.
  0:02:25.626     4M / 18G   INFO    General                 (kmer_index_builder.hpp    : 325)   K-mer counting done. There are 318369337 kmers in total.
  0:02:25.626     4M / 18G   INFO   K-mer Index Building     (kmer_index_builder.hpp    : 460)   Building perfect hash indices
  0:02:27.812   227M / 18G   INFO   K-mer Index Building     (kmer_index_builder.hpp    : 496)   Index built. Total 318369337 kmers, 230184544 bytes occupied (5.78409 bits per kmer).
  0:02:27.818   227M / 18G   INFO    General                 (kmer_index_builder.hpp    : 191)   Merging final buckets.
  0:03:23.911   531M / 18G   INFO   DeBruijnExtensionIndexBu (kmer_extension_index_build: 101)   Building k-mer extensions from k+1-mers
  0:03:33.070   531M / 18G   INFO   DeBruijnExtensionIndexBu (kmer_extension_index_build: 106)   Building k-mer extensions from k+1-mers finished.
  0:03:33.213   530M / 18G   INFO    General                 (stage.cpp                 : 120)   PROCEDURE == Early tip clipping (id: construction:early_tip_clipper)
  0:03:33.213   530M / 18G   INFO    General                 (construction.cpp          : 298)   Early tip clipper length bound set as (RL - K)
  0:03:33.213   530M / 18G   INFO   Early tip clipping       (early_simplification.hpp  :  48)   Early tip clipping
  0:03:42.544   788M / 18G   INFO   Early tip clipping       (early_simplification.hpp  :  83)   #tipped junctions: 2629497
  0:03:42.634   788M / 18G   INFO   Early tip clipping       (early_simplification.hpp  :  94)   Clipped tips: 2654999
  0:03:42.767   530M / 18G   INFO   Early tip clipping       (early_simplification.hpp  :  50)   48772581 22-mers were removed by early tip clipper
  0:03:42.767   530M / 18G   INFO    General                 (stage.cpp                 : 120)   PROCEDURE == Condensing graph (id: construction:graph_condensing)
  0:03:42.772   530M / 18G   INFO   UnbranchingPathExtractor (debruijn_graph_constructor: 324)   Extracting unbranching paths
  0:03:53.666   778M / 18G   INFO   UnbranchingPathExtractor (debruijn_graph_constructor: 348)   Extracting unbranching paths finished. 12814903 sequences extracted
  0:03:59.046   777M / 18G   INFO   UnbranchingPathExtractor (debruijn_graph_constructor: 362)   Collecting perfect loops
  0:04:00.201   778M / 18G   INFO   UnbranchingPathExtractor (debruijn_graph_constructor: 395)   Collecting perfect loops finished. 77 loops collected
  0:04:00.848   777M / 18G   INFO   DeBruijnGraphConstructor (debruijn_graph_constructor: 597)   Sorting edges...
  0:04:01.043   777M / 18G   INFO   DeBruijnGraphConstructor (debruijn_graph_constructor: 602)   Edges sorted
  0:04:01.043   777M / 18G   INFO    General                 (debruijn_graph_constructor: 511)   Total 25629960 edges to create
  0:04:01.044  1764M / 18G   INFO    General                 (debruijn_graph_constructor: 514)   Collecting link records
  0:04:20.454  2156M / 18G   INFO    General                 (debruijn_graph_constructor: 521)   Total short graph edges: 23316068
  0:04:20.454  2156M / 18G   INFO    General                 (debruijn_graph_constructor: 523)   Ordering link records
  0:04:20.671  2156M / 18G   INFO    General                 (debruijn_graph_constructor: 529)   Sorting done
  0:04:20.870  2284M / 18G   INFO    General                 (debruijn_graph_constructor: 542)   Sorting LinkRecords...
  0:04:21.071  2284M / 18G   INFO    General                 (debruijn_graph_constructor: 548)   LinkRecords sorted
  0:04:21.071  2284M / 18G   INFO    General                 (debruijn_graph_constructor: 550)   Total 8468638 vertices to create
  0:04:21.072  3067M / 18G   INFO    General                 (debruijn_graph_constructor: 553)   Connecting the graph
  0:04:40.344  2352M / 18G   INFO    General                 (stage.cpp                 : 120)   PROCEDURE == Filling coverage indices (PHM) (id: construction:coverage_filling_phm)
  0:04:40.344  2352M / 18G   INFO   K-mer Index Building     (kmer_index_builder.hpp    : 460)   Building perfect hash indices
  0:04:42.581  2580M / 18G   INFO   K-mer Index Building     (kmer_index_builder.hpp    : 496)   Index built. Total 322715679 kmers, 233324136 bytes occupied (5.78402 bits per kmer).
mimalloc: warning: unable to allocate aligned OS memory directly, fall back to over-allocation (1296039936 bytes, address: 0x77b752c00000, alignment: 67108864, commit: 1)
  0:04:43.455  3812M / 18G   INFO    General                 (coverage_hash_map_builder.:  49)   Collecting k-mer coverage information from reads, this takes a while.
  0:05:22.009  3812M / 18G   INFO    General                 (construction.cpp          : 400)   Filling coverage and flanking coverage from PHM
  0:05:33.072  3812M / 18G   INFO    General                 (coverage_filling.hpp      :  83)   Processed 25623782 edges
  0:05:33.102  3812M / 18G   INFO    General                 (coverage_filling.hpp      :  83)   Processed 25628987 edges
  0:05:34.825  1824M / 18G   INFO   StageManager             (stage.cpp                 : 210)   STAGE == Raw Simplification (id: raw_simplification)
  0:05:34.825  1824M / 18G   INFO    General                 (simplification.cpp        : 129)   PROCEDURE == Initial cleaning
  0:05:34.825  1824M / 18G   INFO    General                 (graph_simplification.hpp  : 674)   Flanking coverage based disconnection disabled
  0:05:34.825  1824M / 18G   INFO   Simplification           (parallel_processing.hpp   : 168)   Running Self conjugate edge remover
  0:05:35.136  1824M / 18G   INFO   Simplification           (parallel_processing.hpp   : 171)   Self conjugate edge remover triggered 0 times
  0:05:35.137  1824M / 18G   INFO   Simplification           (parallel_processing.hpp   : 168)   Running Initial tip clipper
  0:05:35.730  1825M / 18G   INFO   Simplification           (parallel_processing.hpp   : 171)   Initial tip clipper triggered 20609 times
  0:05:35.730  1825M / 18G   INFO   Simplification           (parallel_processing.hpp   : 168)   Running Initial ec remover
  0:06:14.955  2216M / 18G   INFO   Simplification           (parallel_processing.hpp   : 171)   Initial ec remover triggered 3515097 times
  0:06:14.958  2216M / 18G   INFO   Simplification           (parallel_processing.hpp   : 168)   Running Initial isolated edge remover
  0:06:15.190  2215M / 18G   INFO   Simplification           (parallel_processing.hpp   : 171)   Initial isolated edge remover triggered 69164 times
  0:06:15.220  1833M / 18G   INFO   StageManager             (stage.cpp                 : 210)   STAGE == Simplification (id: simplification)
  0:06:15.220  1833M / 18G   INFO    General                 (simplification.cpp        : 397)   Graph simplification started
  0:06:15.220  1833M / 18G   INFO    General                 (graph_simplification.hpp  : 646)   Creating parallel br instance
  0:06:15.220  1833M / 18G   INFO    General                 (simplification.cpp        : 402)   PROCEDURE == Simplification cycle, iteration 1
  0:06:15.220  1833M / 18G   INFO   Simplification           (parallel_processing.hpp   : 168)   Running Tip clipper
  0:06:15.568  1833M / 18G   INFO   Simplification           (parallel_processing.hpp   : 171)   Tip clipper triggered 30648 times
  0:06:15.569  1833M / 18G   INFO   Simplification           (parallel_processing.hpp   : 168)   Running Bulge remover
  0:06:43.625  1880M / 18G   INFO   Simplification           (parallel_processing.hpp   : 171)   Bulge remover triggered 723501 times
  0:06:43.627  1880M / 18G   INFO   Simplification           (parallel_processing.hpp   : 168)   Running Low coverage edge remover
  0:06:43.725  1884M / 18G   INFO   Simplification           (parallel_processing.hpp   : 171)   Low coverage edge remover triggered 0 times
  0:06:43.726  1884M / 18G   INFO    General                 (simplification.cpp        : 402)   PROCEDURE == Simplification cycle, iteration 2
  0:06:43.726  1884M / 18G   INFO   Simplification           (parallel_processing.hpp   : 168)   Running Tip clipper
  0:06:44.014  1884M / 18G   INFO   Simplification           (parallel_processing.hpp   : 171)   Tip clipper triggered 3509 times
  0:06:44.015  1884M / 18G   INFO   Simplification           (parallel_processing.hpp   : 168)   Running Bulge remover
  0:06:44.066  1875M / 18G   INFO   Simplification           (parallel_processing.hpp   : 171)   Bulge remover triggered 45 times
  0:06:44.066  1875M / 18G   INFO   Simplification           (parallel_processing.hpp   : 168)   Running Low coverage edge remover
  0:06:44.597  1875M / 18G   INFO   Simplification           (parallel_processing.hpp   : 171)   Low coverage edge remover triggered 35633 times
  0:06:44.600  1875M / 18G   INFO    General                 (simplification.cpp        : 402)   PROCEDURE == Simplification cycle, iteration 3
  0:06:44.601  1875M / 18G   INFO   Simplification           (parallel_processing.hpp   : 168)   Running Tip clipper
  0:06:44.644  1875M / 18G   INFO   Simplification           (parallel_processing.hpp   : 171)   Tip clipper triggered 508 times
  0:06:44.644  1875M / 18G   INFO   Simplification           (parallel_processing.hpp   : 168)   Running Bulge remover
  0:06:47.625  1876M / 18G   INFO   Simplification           (parallel_processing.hpp   : 171)   Bulge remover triggered 2035 times
  0:06:47.625  1876M / 18G   INFO   Simplification           (parallel_processing.hpp   : 168)   Running Low coverage edge remover
  0:06:48.031  1878M / 18G   INFO   Simplification           (parallel_processing.hpp   : 171)   Low coverage edge remover triggered 39937 times
  0:06:48.033  1878M / 18G   INFO    General                 (simplification.cpp        : 402)   PROCEDURE == Simplification cycle, iteration 4
  0:06:48.033  1878M / 18G   INFO   Simplification           (parallel_processing.hpp   : 168)   Running Tip clipper
  0:06:48.097  1878M / 18G   INFO   Simplification           (parallel_processing.hpp   : 171)   Tip clipper triggered 222 times
  0:06:48.098  1878M / 18G   INFO   Simplification           (parallel_processing.hpp   : 168)   Running Bulge remover
  0:06:53.107  1876M / 18G   INFO   Simplification           (parallel_processing.hpp   : 171)   Bulge remover triggered 2875 times
  0:06:53.107  1876M / 18G   INFO   Simplification           (parallel_processing.hpp   : 168)   Running Low coverage edge remover
  0:06:53.168  1876M / 18G   INFO   Simplification           (parallel_processing.hpp   : 171)   Low coverage edge remover triggered 11 times
  0:06:53.168  1876M / 18G   INFO    General                 (simplification.cpp        : 402)   PROCEDURE == Simplification cycle, iteration 5
  0:06:53.169  1876M / 18G   INFO   Simplification           (parallel_processing.hpp   : 168)   Running Tip clipper
  0:06:53.177  1876M / 18G   INFO   Simplification           (parallel_processing.hpp   : 171)   Tip clipper triggered 2 times
  0:06:53.177  1876M / 18G   INFO   Simplification           (parallel_processing.hpp   : 168)   Running Bulge remover
  0:06:53.177  1876M / 18G   INFO   Simplification           (parallel_processing.hpp   : 171)   Bulge remover triggered 0 times
  0:06:53.177  1876M / 18G   INFO   Simplification           (parallel_processing.hpp   : 168)   Running Low coverage edge remover
  0:06:53.178  1876M / 18G   INFO   Simplification           (parallel_processing.hpp   : 171)   Low coverage edge remover triggered 0 times
  0:06:53.178  1876M / 18G   INFO    General                 (simplification.cpp        : 402)   PROCEDURE == Simplification cycle, iteration 6
  0:06:53.178  1876M / 18G   INFO   Simplification           (parallel_processing.hpp   : 168)   Running Tip clipper
  0:06:53.178  1876M / 18G   INFO   Simplification           (parallel_processing.hpp   : 171)   Tip clipper triggered 0 times
  0:06:53.178  1876M / 18G   INFO   Simplification           (parallel_processing.hpp   : 168)   Running Bulge remover
  0:06:53.178  1876M / 18G   INFO   Simplification           (parallel_processing.hpp   : 171)   Bulge remover triggered 0 times
  0:06:53.178  1876M / 18G   INFO   Simplification           (parallel_processing.hpp   : 168)   Running Low coverage edge remover
  0:06:53.178  1876M / 18G   INFO   Simplification           (parallel_processing.hpp   : 171)   Low coverage edge remover triggered 0 times
  0:06:53.266  1816M / 18G   INFO   StageManager             (stage.cpp                 : 210)   STAGE == Simplification Cleanup (id: simplification_cleanup)
  0:06:53.266  1816M / 18G   INFO    General                 (simplification.cpp        : 189)   PROCEDURE == Post simplification
  0:06:53.267  1816M / 18G   INFO    General                 (graph_simplification.hpp  : 646)   Creating parallel br instance
  0:06:53.267  1816M / 18G   INFO   Simplification           (parallel_processing.hpp   : 168)   Running Relative coverage component remover
  0:06:56.143  1817M / 18G   INFO   Simplification           (parallel_processing.hpp   : 171)   Relative coverage component remover triggered 25528 times
  0:06:56.147  1817M / 18G   INFO   Simplification           (parallel_processing.hpp   : 168)   Running Disconnecting edges with relatively low coverage
  0:06:57.730  1817M / 18G   INFO   Simplification           (parallel_processing.hpp   : 171)   Disconnecting edges with relatively low coverage triggered 24061 times
  0:06:57.732  1817M / 18G   INFO   Simplification           (parallel_processing.hpp   : 168)   Running Complex tip clipper
  0:06:57.820  1817M / 18G   INFO   Simplification           (parallel_processing.hpp   : 171)   Complex tip clipper triggered 2031 times
  0:06:57.821  1817M / 18G   INFO   Simplification           (parallel_processing.hpp   : 168)   Running Complex bulge remover
  0:06:59.579  1817M / 18G   INFO   Simplification           (parallel_processing.hpp   : 171)   Complex bulge remover triggered 533 times
  0:06:59.579  1817M / 18G   INFO   Simplification           (parallel_processing.hpp   : 168)   Running Tip clipper
  0:06:59.708  1817M / 18G   INFO   Simplification           (parallel_processing.hpp   : 171)   Tip clipper triggered 11278 times
  0:06:59.708  1817M / 18G   INFO   Simplification           (parallel_processing.hpp   : 168)   Running Final tip clipper
  0:06:59.803  1817M / 18G   INFO   Simplification           (parallel_processing.hpp   : 171)   Final tip clipper triggered 4109 times
  0:06:59.803  1817M / 18G   INFO   Simplification           (parallel_processing.hpp   : 168)   Running Bulge remover
  0:07:01.217  1820M / 18G   INFO   Simplification           (parallel_processing.hpp   : 171)   Bulge remover triggered 642 times
  0:07:01.217  1820M / 18G   INFO   Simplification           (parallel_processing.hpp   : 168)   Running Thorn remover (meta)
  0:07:01.316  1820M / 18G   INFO   Simplification           (parallel_processing.hpp   : 171)   Thorn remover (meta) triggered 3 times
  0:07:01.316  1820M / 18G   INFO   Simplification           (parallel_processing.hpp   : 168)   Running Relative coverage component remover
  0:07:02.308  1820M / 18G   INFO   Simplification           (parallel_processing.hpp   : 171)   Relative coverage component remover triggered 355 times
  0:07:02.308  1820M / 18G   INFO   Simplification           (parallel_processing.hpp   : 168)   Running Disconnecting edges with relatively low coverage
  0:07:02.595  1820M / 18G   INFO   Simplification           (parallel_processing.hpp   : 171)   Disconnecting edges with relatively low coverage triggered 1289 times
  0:07:02.595  1820M / 18G   INFO   Simplification           (parallel_processing.hpp   : 168)   Running Complex tip clipper
  0:07:02.666  1820M / 18G   INFO   Simplification           (parallel_processing.hpp   : 171)   Complex tip clipper triggered 600 times
  0:07:02.666  1820M / 18G   INFO   Simplification           (parallel_processing.hpp   : 168)   Running Complex bulge remover
  0:07:04.244  1819M / 18G   INFO   Simplification           (parallel_processing.hpp   : 171)   Complex bulge remover triggered 29 times
  0:07:04.244  1819M / 18G   INFO   Simplification           (parallel_processing.hpp   : 168)   Running Tip clipper
  0:07:04.299  1819M / 18G   INFO   Simplification           (parallel_processing.hpp   : 171)   Tip clipper triggered 541 times
  0:07:04.299  1819M / 18G   INFO   Simplification           (parallel_processing.hpp   : 168)   Running Final tip clipper
  0:07:04.350  1819M / 18G   INFO   Simplification           (parallel_processing.hpp   : 171)   Final tip clipper triggered 44 times
  0:07:04.350  1819M / 18G   INFO   Simplification           (parallel_processing.hpp   : 168)   Running Bulge remover
  0:07:05.455  1819M / 18G   INFO   Simplification           (parallel_processing.hpp   : 171)   Bulge remover triggered 45 times
  0:07:05.455  1819M / 18G   INFO   Simplification           (parallel_processing.hpp   : 168)   Running Thorn remover (meta)
  0:07:05.561  1819M / 18G   INFO   Simplification           (parallel_processing.hpp   : 171)   Thorn remover (meta) triggered 0 times
  0:07:05.562  1819M / 18G   INFO   Simplification           (parallel_processing.hpp   : 168)   Running Relative coverage component remover
  0:07:06.355  1819M / 18G   INFO   Simplification           (parallel_processing.hpp   : 171)   Relative coverage component remover triggered 23 times
  0:07:06.355  1819M / 18G   INFO   Simplification           (parallel_processing.hpp   : 168)   Running Disconnecting edges with relatively low coverage
  0:07:06.361  1819M / 18G   INFO   Simplification           (parallel_processing.hpp   : 171)   Disconnecting edges with relatively low coverage triggered 34 times
  0:07:06.361  1819M / 18G   INFO   Simplification           (parallel_processing.hpp   : 168)   Running Complex tip clipper
  0:07:06.418  1819M / 18G   INFO   Simplification           (parallel_processing.hpp   : 171)   Complex tip clipper triggered 11 times
  0:07:06.418  1819M / 18G   INFO   Simplification           (parallel_processing.hpp   : 168)   Running Complex bulge remover
  0:07:07.976  1819M / 18G   INFO   Simplification           (parallel_processing.hpp   : 171)   Complex bulge remover triggered 1 times
  0:07:07.976  1819M / 18G   INFO   Simplification           (parallel_processing.hpp   : 168)   Running Tip clipper
  0:07:07.977  1819M / 18G   INFO   Simplification           (parallel_processing.hpp   : 171)   Tip clipper triggered 22 times
  0:07:07.977  1819M / 18G   INFO   Simplification           (parallel_processing.hpp   : 168)   Running Final tip clipper
  0:07:07.977  1819M / 18G   INFO   Simplification           (parallel_processing.hpp   : 171)   Final tip clipper triggered 1 times
  0:07:07.977  1819M / 18G   INFO   Simplification           (parallel_processing.hpp   : 168)   Running Bulge remover
  0:07:07.986  1819M / 18G   INFO   Simplification           (parallel_processing.hpp   : 171)   Bulge remover triggered 0 times
  0:07:07.986  1819M / 18G   INFO   Simplification           (parallel_processing.hpp   : 168)   Running Thorn remover (meta)
  0:07:07.987  1819M / 18G   INFO   Simplification           (parallel_processing.hpp   : 171)   Thorn remover (meta) triggered 0 times
  0:07:07.987  1819M / 18G   INFO   Simplification           (parallel_processing.hpp   : 168)   Running Relative coverage component remover
  0:07:09.070  1819M / 18G   INFO   Simplification           (parallel_processing.hpp   : 171)   Relative coverage component remover triggered 0 times
  0:07:09.071  1819M / 18G   INFO   Simplification           (parallel_processing.hpp   : 168)   Running Disconnecting edges with relatively low coverage
  0:07:09.071  1819M / 18G   INFO   Simplification           (parallel_processing.hpp   : 171)   Disconnecting edges with relatively low coverage triggered 0 times
  0:07:09.071  1819M / 18G   INFO   Simplification           (parallel_processing.hpp   : 168)   Running Complex tip clipper
  0:07:09.126  1819M / 18G   INFO   Simplification           (parallel_processing.hpp   : 171)   Complex tip clipper triggered 0 times
  0:07:09.126  1819M / 18G   INFO   Simplification           (parallel_processing.hpp   : 168)   Running Complex bulge remover
  0:07:10.666  1819M / 18G   INFO   Simplification           (parallel_processing.hpp   : 171)   Complex bulge remover triggered 0 times
  0:07:10.666  1819M / 18G   INFO   Simplification           (parallel_processing.hpp   : 168)   Running Tip clipper
  0:07:10.666  1819M / 18G   INFO   Simplification           (parallel_processing.hpp   : 171)   Tip clipper triggered 0 times
  0:07:10.666  1819M / 18G   INFO   Simplification           (parallel_processing.hpp   : 168)   Running Final tip clipper
  0:07:10.667  1819M / 18G   INFO   Simplification           (parallel_processing.hpp   : 171)   Final tip clipper triggered 0 times
  0:07:10.667  1819M / 18G   INFO   Simplification           (parallel_processing.hpp   : 168)   Running Bulge remover
  0:07:10.667  1819M / 18G   INFO   Simplification           (parallel_processing.hpp   : 171)   Bulge remover triggered 0 times
  0:07:10.667  1819M / 18G   INFO   Simplification           (parallel_processing.hpp   : 168)   Running Thorn remover (meta)
  0:07:10.667  1819M / 18G   INFO   Simplification           (parallel_processing.hpp   : 171)   Thorn remover (meta) triggered 0 times
  0:07:10.667  1819M / 18G   INFO    General                 (simplification.cpp        : 344)   Running Hidden EC remover (meta)
  0:07:10.775  1819M / 18G   INFO    General                 (simplification.cpp        : 348)   Disrupting self-conjugate edges
  0:07:11.039  1819M / 18G   INFO   Simplification           (parallel_processing.hpp   : 168)   Running Removing isolated edges
  0:07:11.090  1819M / 18G   INFO   Simplification           (parallel_processing.hpp   : 171)   Removing isolated edges triggered 823 times
  0:07:11.173  1813M / 18G   INFO    General                 (simplification.cpp        : 508)   After simplification:
  0:07:11.174  1813M / 18G   INFO    General                 (simplification.cpp        : 509)     Average coverage = 15.9583
  0:07:11.258  1813M / 18G   INFO    General                 (simplification.cpp        : 510)     Total length = 150153610
  0:07:11.374  1813M / 18G   INFO    General                 (simplification.cpp        : 511)     Median edge length: 1335
  0:07:11.374  1813M / 18G   INFO    General                 (simplification.cpp        : 512)     Edges: 734344
  0:07:11.375  1813M / 18G   INFO    General                 (simplification.cpp        : 513)     Vertices: 649302
  0:07:11.375  1813M / 18G   INFO   StageManager             (stage.cpp                 : 210)   STAGE == Contig Output (id: contig_output)
  0:07:11.375  1813M / 18G   INFO    General                 (read_converter.cpp        : 135)   Outputting contigs to "${ARTICLE32_WORK_DIR}/assemblies/spades-illumina-hifi/K21/simplified_contigs"
  0:07:11.380  1816M / 18G   INFO    General                 (binary_converter.cpp      : 127)   16384 reads processed
  0:07:11.383  1816M / 18G   INFO    General                 (binary_converter.cpp      : 127)   32768 reads processed
  0:07:11.389  1816M / 18G   INFO    General                 (binary_converter.cpp      : 127)   65536 reads processed
  0:07:11.452  1816M / 18G   INFO    General                 (binary_converter.cpp      : 127)   131072 reads processed
  0:07:11.517  1816M / 18G   INFO    General                 (binary_converter.cpp      : 127)   262144 reads processed
  0:07:11.595  1816M / 18G   INFO    General                 (binary_converter.cpp      : 143)   367437 reads written
  0:07:11.600  1813M / 18G   INFO    General                 (pipeline.cpp              : 305)   SPAdes finished
  0:07:12.192     1M / 18G   INFO    General                 (main.cpp                  : 131)   Assembling time: 0 hours 7 minutes 12 seconds

===== K21 finished. 


===== K33 started. 


== Running: ${HYBRID_ENV_PREFIX}/bin/spades-core ${ARTICLE32_WORK_DIR}/assemblies/spades-illumina-hifi/K33/configs/config.info ${ARTICLE32_WORK_DIR}/assemblies/spades-illumina-hifi/K33/configs/mda_mode.info ${ARTICLE32_WORK_DIR}/assemblies/spades-illumina-hifi/K33/configs/meta_mode.info

  0:00:00.000     1M / 15M   INFO    General                 (main.cpp                  :  94)   Loaded config from "${ARTICLE32_WORK_DIR}/assemblies/spades-illumina-hifi/K33/configs/config.info"
  0:00:00.002     1M / 15M   INFO    General                 (main.cpp                  :  94)   Loaded config from "${ARTICLE32_WORK_DIR}/assemblies/spades-illumina-hifi/K33/configs/mda_mode.info"
  0:00:00.002     1M / 15M   INFO    General                 (main.cpp                  :  94)   Loaded config from "${ARTICLE32_WORK_DIR}/assemblies/spades-illumina-hifi/K33/configs/meta_mode.info"
  0:00:00.002     1M / 15M   INFO    General                 (memory_limit.cpp          :  55)   Memory limit set to 256 Gb
  0:00:00.002     1M / 15M   INFO    General                 (main.cpp                  : 102)   Starting SPAdes, built from N/A, git revision N/A
  0:00:00.002     1M / 15M   INFO    General                 (main.cpp                  : 103)   Maximum k-mer length: 128
  0:00:00.002     1M / 15M   INFO    General                 (main.cpp                  : 104)   Assembling dataset ("${ARTICLE32_WORK_DIR}/assemblies/spades-illumina-hifi/dataset.info") with K=33
  0:00:00.002     1M / 15M   INFO    General                 (main.cpp                  : 105)   Maximum # of threads to use (adjusted due to OMP capabilities): 32
  0:00:00.002     1M / 15M   INFO    General                 (pipeline.cpp              : 221)   SPAdes started
  0:00:00.002     1M / 15M   INFO    General                 (pipeline.cpp              : 234)   Starting from stage: read_conversion
  0:00:00.002     1M / 15M   INFO    General                 (pipeline.cpp              : 245)   Two-step repeat resolution disabled
  0:00:00.003     1M / 15M   INFO   GraphCore                (graph_core.hpp            : 582)   Graph created, vertex min_id: 3, edge min_id: 3
  0:00:00.003     1M / 15M   INFO   GraphCore                (graph_core.hpp            : 583)   Vertex size: 48, edge size: 40
  0:00:00.003     1M / 15M   INFO    General                 (edge_index.hpp            : 132)   Size of edge index entries: 12/8
  0:00:00.003     1M / 15M   INFO   StageManager             (stage.cpp                 : 210)   STAGE == Binary Read Conversion (id: read_conversion)
  0:00:00.005     1M / 15M   INFO    General                 (read_converter.cpp        :  57)   Binary reads detected
  0:00:00.005     1M / 15M   INFO    General                 (read_converter.cpp        :  57)   Binary reads detected
  0:00:00.095     1M / 15M   INFO   StageManager             (stage.cpp                 : 210)   STAGE == de Bruijn graph construction (id: construction)
  0:00:00.095     1M / 15M   INFO    General                 (construction.cpp          : 115)   Contigs from previous K will be used: ${ARTICLE32_WORK_DIR}/assemblies/spades-illumina-hifi/K21/simplified_contigs
  0:00:00.097     1M / 15M   INFO    General                 (construction.cpp          : 150)   Max read length 150
  0:00:00.097     1M / 15M   INFO    General                 (construction.cpp          : 156)   Average read length 148.973
  0:00:00.097     1M / 15M   INFO    General                 (stage.cpp                 : 120)   PROCEDURE == k+1-mer counting (id: construction:kpomer_counting)
  0:00:00.097     1M / 15M   INFO    General                 (kmer_index_builder.hpp    : 308)   Splitting kmer instances into 320 files using 32 threads. This might take a while.
  0:00:00.105     1M / 15M   INFO    General                 (file_limit.hpp            :  43)   Open file limit set to 1024
  0:00:00.105     1M / 15M   INFO    General                 (kmer_splitter.hpp         :  96)   Memory available for splitting buffers: 2.66666 Gb
  0:00:00.105     1M / 15M   INFO    General                 (kmer_splitter.hpp         : 104)   Using cell size of 104857
mimalloc: warning: thread 0x710339a00640: unable to allocate aligned OS memory directly, fall back to over-allocation (67108864 bytes, address: 0x710331600000, alignment: 67108864, commit: 1)
mimalloc: warning: thread 0x71033ea00640: unable to allocate aligned OS memory directly, fall back to over-allocation (67108864 bytes, address: 0x71032d600000, alignment: 67108864, commit: 1)
mimalloc: warning: thread 0x710335e00640: unable to allocate aligned OS memory directly, fall back to over-allocation (67108864 bytes, address: 0x710329600000, alignment: 67108864, commit: 1)
  0:00:06.879    19G / 19G   INFO    General                 (kmer_splitters.hpp        : 128)   Processed 18308557 reads
  0:00:13.807    19G / 19G   INFO    General                 (kmer_splitters.hpp        : 128)   Processed 36604107 reads
  0:00:17.368    19G / 19G   INFO    General                 (kmer_splitters.hpp        : 128)   Processed 40732154 reads
  0:00:17.378     3M / 18G   INFO    General                 (kmer_splitters.hpp        : 134)   Used 40732154 reads
  0:00:17.821     3M / 18G   INFO    General                 (kmer_index_builder.hpp    : 314)   Starting k-mer counting.
  0:00:18.838     3M / 18G   INFO    General                 (kmer_index_builder.hpp    : 325)   K-mer counting done. There are 358215615 kmers in total.
  0:00:18.838     2M / 18G   INFO    General                 (stage.cpp                 : 120)   PROCEDURE == Extension index construction (id: construction:extension_index_construction)
  0:00:18.843     3M / 18G   INFO   K-mer Index Building     (kmer_index_builder.hpp    : 503)   Building kmer index
  0:00:18.843     3M / 18G   INFO    General                 (kmer_index_builder.hpp    : 308)   Splitting kmer instances into 320 files using 32 threads. This might take a while.
  0:00:18.849     3M / 18G   INFO    General                 (file_limit.hpp            :  43)   Open file limit set to 1024
  0:00:18.850     3M / 18G   INFO    General                 (kmer_splitter.hpp         :  96)   Memory available for splitting buffers: 2.66664 Gb
  0:00:18.850     3M / 18G   INFO    General                 (kmer_splitter.hpp         : 104)   Using cell size of 104857
  0:00:19.421    19G / 19G   INFO    General                 (kmer_splitters.hpp        : 197)   Processed 9673412 kmers
  0:00:19.880    19G / 19G   INFO    General                 (kmer_splitters.hpp        : 197)   Processed 21194409 kmers
  0:00:20.436    19G / 19G   INFO    General                 (kmer_splitters.hpp        : 197)   Processed 35335175 kmers
  0:00:20.814    19G / 19G   INFO    General                 (kmer_splitters.hpp        : 197)   Processed 45544575 kmers
  0:00:21.239    19G / 19G   INFO    General                 (kmer_splitters.hpp        : 197)   Processed 57069355 kmers
  0:00:21.768    19G / 19G   INFO    General                 (kmer_splitters.hpp        : 197)   Processed 71201717 kmers
  0:00:22.149    19G / 19G   INFO    General                 (kmer_splitters.hpp        : 197)   Processed 81429161 kmers
  0:00:22.594    19G / 19G   INFO    General                 (kmer_splitters.hpp        : 197)   Processed 92957676 kmers
  0:00:23.111    19G / 19G   INFO    General                 (kmer_splitters.hpp        : 197)   Processed 107085952 kmers
  0:00:23.496    19G / 19G   INFO    General                 (kmer_splitters.hpp        : 197)   Processed 117299369 kmers
  0:00:23.913    19G / 19G   INFO    General                 (kmer_splitters.hpp        : 197)   Processed 128835540 kmers
  0:00:24.438    19G / 19G   INFO    General                 (kmer_splitters.hpp        : 197)   Processed 142979001 kmers
  0:00:24.809    19G / 19G   INFO    General                 (kmer_splitters.hpp        : 197)   Processed 153154949 kmers
  0:00:25.232    19G / 19G   INFO    General                 (kmer_splitters.hpp        : 197)   Processed 164697146 kmers
  0:00:25.753    19G / 19G   INFO    General                 (kmer_splitters.hpp        : 197)   Processed 178837081 kmers
  0:00:26.127    19G / 19G   INFO    General                 (kmer_splitters.hpp        : 197)   Processed 188982506 kmers
  0:00:26.557    19G / 19G   INFO    General                 (kmer_splitters.hpp        : 197)   Processed 200532518 kmers
  0:00:27.103    19G / 19G   INFO    General                 (kmer_splitters.hpp        : 197)   Processed 214675052 kmers
  0:00:29.271    19G / 19G   INFO    General                 (kmer_splitters.hpp        : 197)   Processed 272290456 kmers
  0:00:32.523    19G / 19G   INFO    General                 (kmer_splitters.hpp        : 202)   Used 358220887 kmers.
  0:00:32.532     4M / 18G   INFO    General                 (kmer_index_builder.hpp    : 314)   Starting k-mer counting.
  0:00:34.222     4M / 18G   INFO    General                 (kmer_index_builder.hpp    : 325)   K-mer counting done. There are 356098248 kmers in total.
  0:00:34.222     4M / 18G   INFO   K-mer Index Building     (kmer_index_builder.hpp    : 460)   Building perfect hash indices
  0:00:37.023   267M / 18G   INFO   K-mer Index Building     (kmer_index_builder.hpp    : 496)   Index built. Total 356098248 kmers, 257432800 bytes occupied (5.78341 bits per kmer).
  0:00:37.029   267M / 18G   INFO    General                 (kmer_index_builder.hpp    : 191)   Merging final buckets.
  0:01:07.075   607M / 18G   INFO   DeBruijnExtensionIndexBu (kmer_extension_index_build: 101)   Building k-mer extensions from k+1-mers
  0:01:17.825   607M / 18G   INFO   DeBruijnExtensionIndexBu (kmer_extension_index_build: 106)   Building k-mer extensions from k+1-mers finished.
  0:01:18.090   606M / 18G   INFO    General                 (stage.cpp                 : 120)   PROCEDURE == Early tip clipping (id: construction:early_tip_clipper)
  0:01:18.090   606M / 18G   INFO    General                 (construction.cpp          : 298)   Early tip clipper length bound set as (RL - K)
  0:01:18.090   606M / 18G   INFO   Early tip clipping       (early_simplification.hpp  :  48)   Early tip clipping
  0:01:28.588   926M / 18G   INFO   Early tip clipping       (early_simplification.hpp  :  83)   #tipped junctions: 3320931
  0:01:28.713   926M / 18G   INFO   Early tip clipping       (early_simplification.hpp  :  94)   Clipped tips: 3361296
  0:01:28.956   606M / 18G   INFO   Early tip clipping       (early_simplification.hpp  :  50)   88273964 34-mers were removed by early tip clipper
  0:01:28.956   606M / 18G   INFO    General                 (stage.cpp                 : 120)   PROCEDURE == Condensing graph (id: construction:graph_condensing)
  0:01:28.960   606M / 18G   INFO   UnbranchingPathExtractor (debruijn_graph_constructor: 324)   Extracting unbranching paths
  0:01:40.080   863M / 18G   INFO   UnbranchingPathExtractor (debruijn_graph_constructor: 348)   Extracting unbranching paths finished. 7254460 sequences extracted
  0:01:45.451   862M / 18G   INFO   UnbranchingPathExtractor (debruijn_graph_constructor: 362)   Collecting perfect loops
  0:01:46.855   863M / 18G   INFO   UnbranchingPathExtractor (debruijn_graph_constructor: 395)   Collecting perfect loops finished. 92 loops collected
  0:01:47.550   862M / 18G   INFO   DeBruijnGraphConstructor (debruijn_graph_constructor: 597)   Sorting edges...
  0:01:47.714   862M / 18G   INFO   DeBruijnGraphConstructor (debruijn_graph_constructor: 602)   Edges sorted
  0:01:47.715   862M / 18G   INFO    General                 (debruijn_graph_constructor: 511)   Total 14509104 edges to create
  0:01:47.715  1424M / 18G   INFO    General                 (debruijn_graph_constructor: 514)   Collecting link records
  0:01:58.730  1648M / 18G   INFO    General                 (debruijn_graph_constructor: 521)   Total short graph edges: 6672786
  0:01:58.730  1648M / 18G   INFO    General                 (debruijn_graph_constructor: 523)   Ordering link records
  0:01:58.851  1648M / 18G   INFO    General                 (debruijn_graph_constructor: 529)   Sorting done
  0:01:58.961  1712M / 18G   INFO    General                 (debruijn_graph_constructor: 542)   Sorting LinkRecords...
  0:01:59.070  1712M / 18G   INFO    General                 (debruijn_graph_constructor: 548)   LinkRecords sorted
  0:01:59.070  1712M / 18G   INFO    General                 (debruijn_graph_constructor: 550)   Total 5137185 vertices to create
  0:01:59.071  2189M / 18G   INFO    General                 (debruijn_graph_constructor: 553)   Connecting the graph
  0:02:10.672  1789M / 18G   INFO    General                 (stage.cpp                 : 120)   PROCEDURE == Filling coverage indices (PHM) (id: construction:coverage_filling_phm)
  0:02:10.672  1789M / 18G   INFO   K-mer Index Building     (kmer_index_builder.hpp    : 460)   Building perfect hash indices
  0:02:13.332  2053M / 18G   INFO   K-mer Index Building     (kmer_index_builder.hpp    : 496)   Index built. Total 358215615 kmers, 258964232 bytes occupied (5.78343 bits per kmer).
mimalloc: warning: unable to allocate aligned OS memory directly, fall back to over-allocation (1438646272 bytes, address: 0x7102be400000, alignment: 67108864, commit: 1)
  0:02:14.282  3421M / 18G   INFO    General                 (coverage_hash_map_builder.:  49)   Collecting k-mer coverage information from reads, this takes a while.
  0:02:49.788  3421M / 18G   INFO    General                 (construction.cpp          : 400)   Filling coverage and flanking coverage from PHM
  0:03:00.634  3421M / 18G   INFO    General                 (coverage_filling.hpp      :  83)   Processed 14508856 edges
  0:03:04.072  1184M / 18G   INFO   StageManager             (stage.cpp                 : 210)   STAGE == Raw Simplification (id: raw_simplification)
  0:03:04.078  1184M / 18G   INFO    General                 (simplification.cpp        : 129)   PROCEDURE == Initial cleaning
  0:03:04.078  1184M / 18G   INFO    General                 (graph_simplification.hpp  : 674)   Flanking coverage based disconnection disabled
  0:03:04.078  1184M / 18G   INFO   Simplification           (parallel_processing.hpp   : 168)   Running Self conjugate edge remover
  0:03:04.265  1184M / 18G   INFO   Simplification           (parallel_processing.hpp   : 171)   Self conjugate edge remover triggered 34 times
  0:03:04.265  1184M / 18G   INFO   Simplification           (parallel_processing.hpp   : 168)   Running Initial tip clipper
  0:03:04.694  1186M / 18G   INFO   Simplification           (parallel_processing.hpp   : 171)   Initial tip clipper triggered 33352 times
  0:03:04.694  1186M / 18G   INFO   Simplification           (parallel_processing.hpp   : 168)   Running Initial ec remover
  0:03:26.546  1319M / 18G   INFO   Simplification           (parallel_processing.hpp   : 171)   Initial ec remover triggered 1859204 times
  0:03:26.554  1319M / 18G   INFO   Simplification           (parallel_processing.hpp   : 168)   Running Initial isolated edge remover
  0:03:26.854  1316M / 18G   INFO   Simplification           (parallel_processing.hpp   : 171)   Initial isolated edge remover triggered 152639 times
  0:03:26.865  1112M / 18G   INFO   StageManager             (stage.cpp                 : 210)   STAGE == Simplification (id: simplification)
  0:03:26.866  1112M / 18G   INFO    General                 (simplification.cpp        : 397)   Graph simplification started
  0:03:26.866  1112M / 18G   INFO    General                 (graph_simplification.hpp  : 646)   Creating parallel br instance
  0:03:26.866  1112M / 18G   INFO    General                 (simplification.cpp        : 402)   PROCEDURE == Simplification cycle, iteration 1
  0:03:26.866  1112M / 18G   INFO   Simplification           (parallel_processing.hpp   : 168)   Running Tip clipper
  0:03:27.069  1112M / 18G   INFO   Simplification           (parallel_processing.hpp   : 171)   Tip clipper triggered 15605 times
  0:03:27.070  1112M / 18G   INFO   Simplification           (parallel_processing.hpp   : 168)   Running Bulge remover
  0:03:38.905  1114M / 18G   INFO   Simplification           (parallel_processing.hpp   : 171)   Bulge remover triggered 470221 times
  0:03:38.910  1114M / 18G   INFO   Simplification           (parallel_processing.hpp   : 168)   Running Low coverage edge remover
  0:03:38.951  1114M / 18G   INFO   Simplification           (parallel_processing.hpp   : 171)   Low coverage edge remover triggered 30 times
  0:03:38.951  1114M / 18G   INFO    General                 (simplification.cpp        : 402)   PROCEDURE == Simplification cycle, iteration 2
  0:03:38.951  1114M / 18G   INFO   Simplification           (parallel_processing.hpp   : 168)   Running Tip clipper
  0:03:39.046  1114M / 18G   INFO   Simplification           (parallel_processing.hpp   : 171)   Tip clipper triggered 1197 times
  0:03:39.046  1114M / 18G   INFO   Simplification           (parallel_processing.hpp   : 168)   Running Bulge remover
  0:03:39.049  1111M / 18G   INFO   Simplification           (parallel_processing.hpp   : 171)   Bulge remover triggered 23 times
  0:03:39.049  1111M / 18G   INFO   Simplification           (parallel_processing.hpp   : 168)   Running Low coverage edge remover
  0:03:39.168  1111M / 18G   INFO   Simplification           (parallel_processing.hpp   : 171)   Low coverage edge remover triggered 2920 times
  0:03:39.169  1111M / 18G   INFO    General                 (simplification.cpp        : 402)   PROCEDURE == Simplification cycle, iteration 3
  0:03:39.169  1111M / 18G   INFO   Simplification           (parallel_processing.hpp   : 168)   Running Tip clipper
  0:03:39.171  1111M / 18G   INFO   Simplification           (parallel_processing.hpp   : 171)   Tip clipper triggered 45 times
  0:03:39.172  1111M / 18G   INFO   Simplification           (parallel_processing.hpp   : 168)   Running Bulge remover
  0:03:39.228  1111M / 18G   INFO   Simplification           (parallel_processing.hpp   : 171)   Bulge remover triggered 567 times
  0:03:39.228  1111M / 18G   INFO   Simplification           (parallel_processing.hpp   : 168)   Running Low coverage edge remover
  0:03:39.308  1111M / 18G   INFO   Simplification           (parallel_processing.hpp   : 171)   Low coverage edge remover triggered 2657 times
  0:03:39.309  1111M / 18G   INFO    General                 (simplification.cpp        : 402)   PROCEDURE == Simplification cycle, iteration 4
  0:03:39.309  1111M / 18G   INFO   Simplification           (parallel_processing.hpp   : 168)   Running Tip clipper
  0:03:39.352  1111M / 18G   INFO   Simplification           (parallel_processing.hpp   : 171)   Tip clipper triggered 43 times
  0:03:39.352  1111M / 18G   INFO   Simplification           (parallel_processing.hpp   : 168)   Running Bulge remover
  0:03:39.491  1111M / 18G   INFO   Simplification           (parallel_processing.hpp   : 171)   Bulge remover triggered 443 times
  0:03:39.491  1111M / 18G   INFO   Simplification           (parallel_processing.hpp   : 168)   Running Low coverage edge remover
  0:03:39.528  1111M / 18G   INFO   Simplification           (parallel_processing.hpp   : 171)   Low coverage edge remover triggered 0 times
  0:03:39.529  1111M / 18G   INFO    General                 (simplification.cpp        : 402)   PROCEDURE == Simplification cycle, iteration 5
  0:03:39.529  1111M / 18G   INFO   Simplification           (parallel_processing.hpp   : 168)   Running Tip clipper
  0:03:39.529  1111M / 18G   INFO   Simplification           (parallel_processing.hpp   : 171)   Tip clipper triggered 1 times
  0:03:39.529  1111M / 18G   INFO   Simplification           (parallel_processing.hpp   : 168)   Running Bulge remover
  0:03:39.530  1111M / 18G   INFO   Simplification           (parallel_processing.hpp   : 171)   Bulge remover triggered 0 times
  0:03:39.530  1111M / 18G   INFO   Simplification           (parallel_processing.hpp   : 168)   Running Low coverage edge remover
  0:03:39.530  1111M / 18G   INFO   Simplification           (parallel_processing.hpp   : 171)   Low coverage edge remover triggered 0 times
  0:03:39.530  1111M / 18G   INFO    General                 (simplification.cpp        : 402)   PROCEDURE == Simplification cycle, iteration 6
  0:03:39.530  1111M / 18G   INFO   Simplification           (parallel_processing.hpp   : 168)   Running Tip clipper
  0:03:39.530  1111M / 18G   INFO   Simplification           (parallel_processing.hpp   : 171)   Tip clipper triggered 0 times
  0:03:39.530  1111M / 18G   INFO   Simplification           (parallel_processing.hpp   : 168)   Running Bulge remover
  0:03:39.530  1111M / 18G   INFO   Simplification           (parallel_processing.hpp   : 171)   Bulge remover triggered 0 times
  0:03:39.530  1111M / 18G   INFO   Simplification           (parallel_processing.hpp   : 168)   Running Low coverage edge remover
  0:03:39.530  1111M / 18G   INFO   Simplification           (parallel_processing.hpp   : 171)   Low coverage edge remover triggered 0 times
  0:03:39.585  1085M / 18G   INFO   StageManager             (stage.cpp                 : 210)   STAGE == Simplification Cleanup (id: simplification_cleanup)
  0:03:39.585  1085M / 18G   INFO    General                 (simplification.cpp        : 189)   PROCEDURE == Post simplification
  0:03:39.585  1085M / 18G   INFO    General                 (graph_simplification.hpp  : 646)   Creating parallel br instance
  0:03:39.585  1085M / 18G   INFO   Simplification           (parallel_processing.hpp   : 168)   Running Relative coverage component remover
  0:03:39.972  1085M / 18G   INFO   Simplification           (parallel_processing.hpp   : 171)   Relative coverage component remover triggered 3347 times
  0:03:39.973  1085M / 18G   INFO   Simplification           (parallel_processing.hpp   : 168)   Running Disconnecting edges with relatively low coverage
  0:03:40.116  1085M / 18G   INFO   Simplification           (parallel_processing.hpp   : 171)   Disconnecting edges with relatively low coverage triggered 1461 times
  0:03:40.116  1085M / 18G   INFO   Simplification           (parallel_processing.hpp   : 168)   Running Complex tip clipper
  0:03:40.165  1085M / 18G   INFO   Simplification           (parallel_processing.hpp   : 171)   Complex tip clipper triggered 40 times
  0:03:40.165  1085M / 18G   INFO   Simplification           (parallel_processing.hpp   : 168)   Running Complex bulge remover
  0:03:41.356  1085M / 18G   INFO   Simplification           (parallel_processing.hpp   : 171)   Complex bulge remover triggered 1907 times
  0:03:41.357  1085M / 18G   INFO   Simplification           (parallel_processing.hpp   : 168)   Running Tip clipper
  0:03:41.395  1085M / 18G   INFO   Simplification           (parallel_processing.hpp   : 171)   Tip clipper triggered 371 times
  0:03:41.395  1085M / 18G   INFO   Simplification           (parallel_processing.hpp   : 168)   Running Final tip clipper
  0:03:41.445  1085M / 18G   INFO   Simplification           (parallel_processing.hpp   : 171)   Final tip clipper triggered 681 times
  0:03:41.446  1085M / 18G   INFO   Simplification           (parallel_processing.hpp   : 168)   Running Bulge remover
  0:03:41.540  1086M / 18G   INFO   Simplification           (parallel_processing.hpp   : 171)   Bulge remover triggered 149 times
  0:03:41.540  1086M / 18G   INFO   Simplification           (parallel_processing.hpp   : 168)   Running Thorn remover (meta)
  0:03:41.597  1086M / 18G   INFO   Simplification           (parallel_processing.hpp   : 171)   Thorn remover (meta) triggered 1 times
  0:03:41.597  1086M / 18G   INFO   Simplification           (parallel_processing.hpp   : 168)   Running Relative coverage component remover
  0:03:41.791  1086M / 18G   INFO   Simplification           (parallel_processing.hpp   : 171)   Relative coverage component remover triggered 20 times
  0:03:41.791  1086M / 18G   INFO   Simplification           (parallel_processing.hpp   : 168)   Running Disconnecting edges with relatively low coverage
  0:03:41.836  1086M / 18G   INFO   Simplification           (parallel_processing.hpp   : 171)   Disconnecting edges with relatively low coverage triggered 40 times
  0:03:41.836  1086M / 18G   INFO   Simplification           (parallel_processing.hpp   : 168)   Running Complex tip clipper
  0:03:41.882  1086M / 18G   INFO   Simplification           (parallel_processing.hpp   : 171)   Complex tip clipper triggered 2 times
  0:03:41.883  1086M / 18G   INFO   Simplification           (parallel_processing.hpp   : 168)   Running Complex bulge remover
  0:03:42.932  1085M / 18G   INFO   Simplification           (parallel_processing.hpp   : 171)   Complex bulge remover triggered 24 times
  0:03:42.932  1085M / 18G   INFO   Simplification           (parallel_processing.hpp   : 168)   Running Tip clipper
  0:03:42.965  1085M / 18G   INFO   Simplification           (parallel_processing.hpp   : 171)   Tip clipper triggered 19 times
  0:03:42.965  1085M / 18G   INFO   Simplification           (parallel_processing.hpp   : 168)   Running Final tip clipper
  0:03:42.996  1085M / 18G   INFO   Simplification           (parallel_processing.hpp   : 171)   Final tip clipper triggered 5 times
  0:03:42.996  1085M / 18G   INFO   Simplification           (parallel_processing.hpp   : 168)   Running Bulge remover
  0:03:43.075  1085M / 18G   INFO   Simplification           (parallel_processing.hpp   : 171)   Bulge remover triggered 3 times
  0:03:43.075  1085M / 18G   INFO   Simplification           (parallel_processing.hpp   : 168)   Running Thorn remover (meta)
  0:03:43.123  1085M / 18G   INFO   Simplification           (parallel_processing.hpp   : 171)   Thorn remover (meta) triggered 0 times
  0:03:43.124  1085M / 18G   INFO   Simplification           (parallel_processing.hpp   : 168)   Running Relative coverage component remover
  0:03:43.300  1085M / 18G   INFO   Simplification           (parallel_processing.hpp   : 171)   Relative coverage component remover triggered 1 times
  0:03:43.300  1085M / 18G   INFO   Simplification           (parallel_processing.hpp   : 168)   Running Disconnecting edges with relatively low coverage
  0:03:43.300  1085M / 18G   INFO   Simplification           (parallel_processing.hpp   : 171)   Disconnecting edges with relatively low coverage triggered 2 times
  0:03:43.300  1085M / 18G   INFO   Simplification           (parallel_processing.hpp   : 168)   Running Complex tip clipper
  0:03:43.347  1085M / 18G   INFO   Simplification           (parallel_processing.hpp   : 171)   Complex tip clipper triggered 1 times
  0:03:43.347  1085M / 18G   INFO   Simplification           (parallel_processing.hpp   : 168)   Running Complex bulge remover
  0:03:44.370  1085M / 18G   INFO   Simplification           (parallel_processing.hpp   : 171)   Complex bulge remover triggered 0 times
  0:03:44.370  1085M / 18G   INFO   Simplification           (parallel_processing.hpp   : 168)   Running Tip clipper
  0:03:44.370  1085M / 18G   INFO   Simplification           (parallel_processing.hpp   : 171)   Tip clipper triggered 2 times
  0:03:44.370  1085M / 18G   INFO   Simplification           (parallel_processing.hpp   : 168)   Running Final tip clipper
  0:03:44.370  1085M / 18G   INFO   Simplification           (parallel_processing.hpp   : 171)   Final tip clipper triggered 1 times
  0:03:44.370  1085M / 18G   INFO   Simplification           (parallel_processing.hpp   : 168)   Running Bulge remover
  0:03:44.370  1085M / 18G   INFO   Simplification           (parallel_processing.hpp   : 171)   Bulge remover triggered 0 times
  0:03:44.370  1085M / 18G   INFO   Simplification           (parallel_processing.hpp   : 168)   Running Thorn remover (meta)
  0:03:44.370  1085M / 18G   INFO   Simplification           (parallel_processing.hpp   : 171)   Thorn remover (meta) triggered 0 times
  0:03:44.371  1085M / 18G   INFO   Simplification           (parallel_processing.hpp   : 168)   Running Relative coverage component remover
  0:03:44.531  1085M / 18G   INFO   Simplification           (parallel_processing.hpp   : 171)   Relative coverage component remover triggered 0 times
  0:03:44.531  1085M / 18G   INFO   Simplification           (parallel_processing.hpp   : 168)   Running Disconnecting edges with relatively low coverage
  0:03:44.531  1085M / 18G   INFO   Simplification           (parallel_processing.hpp   : 171)   Disconnecting edges with relatively low coverage triggered 0 times
  0:03:44.531  1085M / 18G   INFO   Simplification           (parallel_processing.hpp   : 168)   Running Complex tip clipper
  0:03:44.571  1085M / 18G   INFO   Simplification           (parallel_processing.hpp   : 171)   Complex tip clipper triggered 0 times
  0:03:44.571  1085M / 18G   INFO   Simplification           (parallel_processing.hpp   : 168)   Running Complex bulge remover
  0:03:45.574  1085M / 18G   INFO   Simplification           (parallel_processing.hpp   : 171)   Complex bulge remover triggered 0 times
  0:03:45.575  1085M / 18G   INFO   Simplification           (parallel_processing.hpp   : 168)   Running Tip clipper
  0:03:45.575  1085M / 18G   INFO   Simplification           (parallel_processing.hpp   : 171)   Tip clipper triggered 0 times
  0:03:45.575  1085M / 18G   INFO   Simplification           (parallel_processing.hpp   : 168)   Running Final tip clipper
  0:03:45.575  1085M / 18G   INFO   Simplification           (parallel_processing.hpp   : 171)   Final tip clipper triggered 0 times
  0:03:45.575  1085M / 18G   INFO   Simplification           (parallel_processing.hpp   : 168)   Running Bulge remover
  0:03:45.575  1085M / 18G   INFO   Simplification           (parallel_processing.hpp   : 171)   Bulge remover triggered 0 times
  0:03:45.575  1085M / 18G   INFO   Simplification           (parallel_processing.hpp   : 168)   Running Thorn remover (meta)
  0:03:45.575  1085M / 18G   INFO   Simplification           (parallel_processing.hpp   : 171)   Thorn remover (meta) triggered 0 times
  0:03:45.575  1085M / 18G   INFO    General                 (simplification.cpp        : 344)   Running Hidden EC remover (meta)
  0:03:45.639  1085M / 18G   INFO    General                 (simplification.cpp        : 348)   Disrupting self-conjugate edges
  0:03:45.745  1085M / 18G   INFO   Simplification           (parallel_processing.hpp   : 168)   Running Removing isolated edges
  0:03:45.779  1085M / 18G   INFO   Simplification           (parallel_processing.hpp   : 171)   Removing isolated edges triggered 868 times
  0:03:45.816  1084M / 18G   INFO    General                 (simplification.cpp        : 508)   After simplification:
  0:03:45.816  1084M / 18G   INFO    General                 (simplification.cpp        : 509)     Average coverage = 13.4401
  0:03:45.852  1084M / 18G   INFO    General                 (simplification.cpp        : 510)     Total length = 159236936
  0:03:45.902  1084M / 18G   INFO    General                 (simplification.cpp        : 511)     Median edge length: 4219
  0:03:45.903  1084M / 18G   INFO    General                 (simplification.cpp        : 512)     Edges: 341815
  0:03:45.903  1084M / 18G   INFO    General                 (simplification.cpp        : 513)     Vertices: 485702
  0:03:45.903  1084M / 18G   INFO   StageManager             (stage.cpp                 : 210)   STAGE == Contig Output (id: contig_output)
  0:03:45.903  1084M / 18G   INFO    General                 (read_converter.cpp        : 135)   Outputting contigs to "${ARTICLE32_WORK_DIR}/assemblies/spades-illumina-hifi/K33/simplified_contigs"
  0:03:45.909  1087M / 18G   INFO    General                 (binary_converter.cpp      : 127)   16384 reads processed
  0:03:45.915  1087M / 18G   INFO    General                 (binary_converter.cpp      : 127)   32768 reads processed
  0:03:45.927  1087M / 18G   INFO    General                 (binary_converter.cpp      : 127)   65536 reads processed
  0:03:45.997  1087M / 18G   INFO    General                 (binary_converter.cpp      : 127)   131072 reads processed
  0:03:46.068  1087M / 18G   INFO    General                 (binary_converter.cpp      : 143)   170952 reads written
  0:03:46.073  1084M / 18G   INFO    General                 (pipeline.cpp              : 305)   SPAdes finished
  0:03:46.376     1M / 18G   INFO    General                 (main.cpp                  : 131)   Assembling time: 0 hours 3 minutes 46 seconds

===== K33 finished. 


===== K55 started. 


== Running: ${HYBRID_ENV_PREFIX}/bin/spades-core ${ARTICLE32_WORK_DIR}/assemblies/spades-illumina-hifi/K55/configs/config.info ${ARTICLE32_WORK_DIR}/assemblies/spades-illumina-hifi/K55/configs/mda_mode.info ${ARTICLE32_WORK_DIR}/assemblies/spades-illumina-hifi/K55/configs/meta_mode.info

  0:00:00.000     1M / 15M   INFO    General                 (main.cpp                  :  94)   Loaded config from "${ARTICLE32_WORK_DIR}/assemblies/spades-illumina-hifi/K55/configs/config.info"
  0:00:00.002     1M / 15M   INFO    General                 (main.cpp                  :  94)   Loaded config from "${ARTICLE32_WORK_DIR}/assemblies/spades-illumina-hifi/K55/configs/mda_mode.info"
  0:00:00.002     1M / 15M   INFO    General                 (main.cpp                  :  94)   Loaded config from "${ARTICLE32_WORK_DIR}/assemblies/spades-illumina-hifi/K55/configs/meta_mode.info"
  0:00:00.002     1M / 15M   INFO    General                 (memory_limit.cpp          :  55)   Memory limit set to 256 Gb
  0:00:00.002     1M / 15M   INFO    General                 (main.cpp                  : 102)   Starting SPAdes, built from N/A, git revision N/A
  0:00:00.002     1M / 15M   INFO    General                 (main.cpp                  : 103)   Maximum k-mer length: 128
  0:00:00.002     1M / 15M   INFO    General                 (main.cpp                  : 104)   Assembling dataset ("${ARTICLE32_WORK_DIR}/assemblies/spades-illumina-hifi/dataset.info") with K=55
  0:00:00.002     1M / 15M   INFO    General                 (main.cpp                  : 105)   Maximum # of threads to use (adjusted due to OMP capabilities): 32
  0:00:00.002     1M / 15M   INFO    General                 (pipeline.cpp              : 221)   SPAdes started
  0:00:00.002     1M / 15M   INFO    General                 (pipeline.cpp              : 234)   Starting from stage: read_conversion
  0:00:00.002     1M / 15M   INFO    General                 (pipeline.cpp              : 245)   Two-step repeat resolution disabled
  0:00:00.002     1M / 15M   INFO   GraphCore                (graph_core.hpp            : 582)   Graph created, vertex min_id: 3, edge min_id: 3
  0:00:00.002     1M / 15M   INFO   GraphCore                (graph_core.hpp            : 583)   Vertex size: 48, edge size: 40
  0:00:00.003     1M / 15M   INFO    General                 (edge_index.hpp            : 132)   Size of edge index entries: 12/8
  0:00:00.003     1M / 15M   INFO    General                 (pipeline.cpp              : 256)   Will need read mapping, kmer mapper will be attached
  0:00:00.003     1M / 15M   INFO   StageManager             (stage.cpp                 : 210)   STAGE == Binary Read Conversion (id: read_conversion)
  0:00:00.005     1M / 15M   INFO    General                 (read_converter.cpp        :  57)   Binary reads detected
  0:00:00.005     1M / 15M   INFO    General                 (read_converter.cpp        :  57)   Binary reads detected
  0:00:00.023     1M / 15M   INFO   StageManager             (stage.cpp                 : 210)   STAGE == de Bruijn graph construction (id: construction)
  0:00:00.023     1M / 15M   INFO    General                 (construction.cpp          : 115)   Contigs from previous K will be used: ${ARTICLE32_WORK_DIR}/assemblies/spades-illumina-hifi/K33/simplified_contigs
  0:00:00.025     1M / 15M   INFO    General                 (construction.cpp          : 150)   Max read length 150
  0:00:00.025     1M / 15M   INFO    General                 (construction.cpp          : 156)   Average read length 148.973
  0:00:00.025     1M / 15M   INFO    General                 (stage.cpp                 : 120)   PROCEDURE == k+1-mer counting (id: construction:kpomer_counting)
  0:00:00.025     1M / 15M   INFO    General                 (kmer_index_builder.hpp    : 308)   Splitting kmer instances into 320 files using 32 threads. This might take a while.
  0:00:00.032     1M / 15M   INFO    General                 (file_limit.hpp            :  43)   Open file limit set to 1024
  0:00:00.033     1M / 15M   INFO    General                 (kmer_splitter.hpp         :  96)   Memory available for splitting buffers: 2.66666 Gb
  0:00:00.033     1M / 15M   INFO    General                 (kmer_splitter.hpp         : 104)   Using cell size of 104857
mimalloc: warning: thread 0x7e040e400640: unable to allocate aligned OS memory directly, fall back to over-allocation (67108864 bytes, address: 0x7e03f7000000, alignment: 67108864, commit: 1)
mimalloc: warning: thread 0x7e03fe000640: unable to allocate aligned OS memory directly, fall back to over-allocation (67108864 bytes, address: 0x7e03e3000000, alignment: 67108864, commit: 1)
mimalloc: warning: thread 0x7e0406200640: unable to allocate aligned OS memory directly, fall back to over-allocation (67108864 bytes, address: 0x7e03e3000000, alignment: 67108864, commit: 1)
  0:00:06.923    19G / 19G   INFO    General                 (kmer_splitters.hpp        : 128)   Processed 22586421 reads
  0:00:13.458    19G / 19G   INFO    General                 (kmer_splitters.hpp        : 128)   Processed 40315211 reads
  0:00:15.129    19G / 19G   INFO    General                 (kmer_splitters.hpp        : 128)   Processed 40339184 reads
  0:00:15.154     3M / 18G   INFO    General                 (kmer_splitters.hpp        : 134)   Used 40339184 reads
  0:00:15.628     3M / 18G   INFO    General                 (kmer_index_builder.hpp    : 314)   Starting k-mer counting.
  0:00:16.795     3M / 18G   INFO    General                 (kmer_index_builder.hpp    : 325)   K-mer counting done. There are 379774112 kmers in total.
  0:00:16.795     2M / 18G   INFO    General                 (stage.cpp                 : 120)   PROCEDURE == Extension index construction (id: construction:extension_index_construction)
  0:00:16.801     3M / 18G   INFO   K-mer Index Building     (kmer_index_builder.hpp    : 503)   Building kmer index
  0:00:16.801     3M / 18G   INFO    General                 (kmer_index_builder.hpp    : 308)   Splitting kmer instances into 320 files using 32 threads. This might take a while.
  0:00:16.807     3M / 18G   INFO    General                 (file_limit.hpp            :  43)   Open file limit set to 1024
  0:00:16.807     3M / 18G   INFO    General                 (kmer_splitter.hpp         :  96)   Memory available for splitting buffers: 2.66664 Gb
  0:00:16.807     3M / 18G   INFO    General                 (kmer_splitter.hpp         : 104)   Using cell size of 104857
  0:00:17.413    19G / 19G   INFO    General                 (kmer_splitters.hpp        : 197)   Processed 10623867 kmers
  0:00:17.920    19G / 19G   INFO    General                 (kmer_splitters.hpp        : 197)   Processed 23949342 kmers
  0:00:18.346    19G / 19G   INFO    General                 (kmer_splitters.hpp        : 197)   Processed 35701372 kmers
  0:00:18.815    19G / 19G   INFO    General                 (kmer_splitters.hpp        : 197)   Processed 48600650 kmers
  0:00:19.273    19G / 19G   INFO    General                 (kmer_splitters.hpp        : 197)   Processed 61921458 kmers
  0:00:19.724    19G / 19G   INFO    General                 (kmer_splitters.hpp        : 197)   Processed 73679583 kmers
  0:00:20.199    19G / 19G   INFO    General                 (kmer_splitters.hpp        : 197)   Processed 86613759 kmers
  0:00:20.698    19G / 19G   INFO    General                 (kmer_splitters.hpp        : 197)   Processed 99933388 kmers
  0:00:21.115    19G / 19G   INFO    General                 (kmer_splitters.hpp        : 197)   Processed 111681424 kmers
  0:00:21.576    19G / 19G   INFO    General                 (kmer_splitters.hpp        : 197)   Processed 124617301 kmers
  0:00:22.072    19G / 19G   INFO    General                 (kmer_splitters.hpp        : 197)   Processed 137944098 kmers
  0:00:22.520    19G / 19G   INFO    General                 (kmer_splitters.hpp        : 197)   Processed 149699250 kmers
  0:00:23.028    19G / 19G   INFO    General                 (kmer_splitters.hpp        : 197)   Processed 162617995 kmers
  0:00:23.510    19G / 19G   INFO    General                 (kmer_splitters.hpp        : 197)   Processed 175947696 kmers
  0:00:23.963    19G / 19G   INFO    General                 (kmer_splitters.hpp        : 197)   Processed 187697290 kmers
  0:00:24.441    19G / 19G   INFO    General                 (kmer_splitters.hpp        : 197)   Processed 200597036 kmers
  0:00:24.941    19G / 19G   INFO    General                 (kmer_splitters.hpp        : 197)   Processed 213918318 kmers
  0:00:25.391    19G / 19G   INFO    General                 (kmer_splitters.hpp        : 197)   Processed 225673529 kmers
  0:00:27.368    19G / 19G   INFO    General                 (kmer_splitters.hpp        : 197)   Processed 276518781 kmers
  0:00:31.038    19G / 19G   INFO    General                 (kmer_splitters.hpp        : 202)   Used 379779392 kmers.
  0:00:31.047     4M / 18G   INFO    General                 (kmer_index_builder.hpp    : 314)   Starting k-mer counting.
  0:00:32.913     4M / 18G   INFO    General                 (kmer_index_builder.hpp    : 325)   K-mer counting done. There are 379672281 kmers in total.
  0:00:32.913     4M / 18G   INFO   K-mer Index Building     (kmer_index_builder.hpp    : 460)   Building perfect hash indices
  0:00:35.959   292M / 18G   INFO   K-mer Index Building     (kmer_index_builder.hpp    : 496)   Index built. Total 379672281 kmers, 274461648 bytes occupied (5.78313 bits per kmer).
  0:00:35.969   292M / 18G   INFO    General                 (kmer_index_builder.hpp    : 191)   Merging final buckets.
  0:01:13.173   655M / 18G   INFO   DeBruijnExtensionIndexBu (kmer_extension_index_build: 101)   Building k-mer extensions from k+1-mers
  0:01:24.752   655M / 18G   INFO   DeBruijnExtensionIndexBu (kmer_extension_index_build: 106)   Building k-mer extensions from k+1-mers finished.
  0:01:25.044   654M / 18G   INFO    General                 (stage.cpp                 : 120)   PROCEDURE == Condensing graph (id: construction:graph_condensing)
  0:01:25.049   654M / 18G   INFO   UnbranchingPathExtractor (debruijn_graph_constructor: 324)   Extracting unbranching paths
  0:01:39.967  1149M / 18G   INFO   UnbranchingPathExtractor (debruijn_graph_constructor: 348)   Extracting unbranching paths finished. 10404747 sequences extracted
  0:01:47.645  1148M / 18G   INFO   UnbranchingPathExtractor (debruijn_graph_constructor: 362)   Collecting perfect loops
  0:01:49.189  1149M / 18G   INFO   UnbranchingPathExtractor (debruijn_graph_constructor: 395)   Collecting perfect loops finished. 3 loops collected
  0:01:50.233  1148M / 18G   INFO   DeBruijnGraphConstructor (debruijn_graph_constructor: 597)   Sorting edges...
  0:01:50.516  1148M / 18G   INFO   DeBruijnGraphConstructor (debruijn_graph_constructor: 602)   Edges sorted
  0:01:50.516  1148M / 18G   INFO    General                 (debruijn_graph_constructor: 511)   Total 20809500 edges to create
  0:01:50.518  1951M / 18G   INFO    General                 (debruijn_graph_constructor: 514)   Collecting link records
  0:02:06.306  2271M / 18G   INFO    General                 (debruijn_graph_constructor: 521)   Total short graph edges: 3267954
  0:02:06.306  2271M / 18G   INFO    General                 (debruijn_graph_constructor: 523)   Ordering link records
  0:02:06.470  2271M / 18G   INFO    General                 (debruijn_graph_constructor: 529)   Sorting done
  0:02:06.717  2399M / 18G   INFO    General                 (debruijn_graph_constructor: 542)   Sorting LinkRecords...
  0:02:06.899  2399M / 18G   INFO    General                 (debruijn_graph_constructor: 548)   LinkRecords sorted
  0:02:06.899  2399M / 18G   INFO    General                 (debruijn_graph_constructor: 550)   Total 10302919 vertices to create
  0:02:06.900  3349M / 18G   INFO    General                 (debruijn_graph_constructor: 553)   Connecting the graph
  0:02:30.075  2741M / 18G   INFO    General                 (stage.cpp                 : 120)   PROCEDURE == Filling coverage indices (PHM) (id: construction:coverage_filling_phm)
  0:02:30.075  2741M / 18G   INFO   K-mer Index Building     (kmer_index_builder.hpp    : 460)   Building perfect hash indices
  0:02:32.989  3029M / 18G   INFO   K-mer Index Building     (kmer_index_builder.hpp    : 496)   Index built. Total 379774112 kmers, 274535168 bytes occupied (5.78313 bits per kmer).
mimalloc: warning: unable to allocate aligned OS memory directly, fall back to over-allocation (1526726656 bytes, address: 0x7e0379000000, alignment: 67108864, commit: 1)
  0:02:34.011  4481M / 18G   INFO    General                 (coverage_hash_map_builder.:  49)   Collecting k-mer coverage information from reads, this takes a while.
  0:03:03.242  4481M / 18G   INFO    General                 (construction.cpp          : 400)   Filling coverage and flanking coverage from PHM
  0:03:17.226  4481M / 18G   INFO    General                 (coverage_filling.hpp      :  83)   Processed 20809457 edges
  0:03:20.570  2088M / 18G   INFO   StageManager             (stage.cpp                 : 210)   STAGE == Gap Closer (id: early_gapcloser)
  0:03:20.583  2102M / 18G   INFO    General                 (edge_index.hpp            : 132)   Size of edge index entries: 12/8
  0:03:21.913  2246M / 18G   INFO    General                 (gap_closer.cpp            : 117)   Total edges in tip neighborhood: 5426569 out of 20809457, length: 270267203
  0:03:22.543  2318M / 18G   INFO    General                 (edge_index.hpp            : 196)   Using small index (max_id = 20913550)
  0:03:22.972  2318M / 18G   INFO   K-mer Index Building     (kmer_index_builder.hpp    : 460)   Building perfect hash indices
  0:03:29.835  2464M / 18G   INFO   K-mer Index Building     (kmer_index_builder.hpp    : 496)   Index built. Total 209208683 kmers, 151104656 bytes occupied (5.77814 bits per kmer).
mimalloc: warning: unable to allocate aligned OS memory directly, fall back to over-allocation (1681915904 bytes, address: 0x7e036fc00000, alignment: 67108864, commit: 1)
  0:03:31.069  4064M / 18G   INFO    General                 (edge_index_builders.hpp   : 266)   Collecting edge information from graph, this takes a while.
  0:03:34.268  3992M / 18G   INFO    General                 (sequence_mapper_notifier.h:  80)   Starting sequence mapping
  0:03:53.522  3993M / 18G   INFO    General                 (sequence_mapper_notifier.h: 101)   Processed 200000 reads
  0:03:54.535  3994M / 18G   INFO    General                 (sequence_mapper_notifier.h: 101)   Processed 400000 reads
  0:03:54.546  3996M / 18G   INFO    General                 (sequence_mapper_notifier.h: 101)   Processed 600000 reads
  0:03:54.680  3999M / 18G   INFO    General                 (sequence_mapper_notifier.h: 101)   Processed 800000 reads
  0:03:55.066  4000M / 18G   INFO    General                 (sequence_mapper_notifier.h: 101)   Processed 1000000 reads
  0:03:55.245  4001M / 18G   INFO    General                 (sequence_mapper_notifier.h: 101)   Processed 1200000 reads
  0:03:56.041  4002M / 18G   INFO    General                 (sequence_mapper_notifier.h: 101)   Processed 2200000 reads
  0:03:57.606  4003M / 18G   INFO    General                 (sequence_mapper_notifier.h: 101)   Processed 4200000 reads
  0:04:13.012  4140M / 18G   INFO    General                 (sequence_mapper_notifier.h: 120)   Total 9999320 reads processed
  0:04:14.458  2426M / 18G   INFO    General                 (gap_closer.cpp            : 505)   Initializing gap closer
  0:04:14.461  2426M / 18G   INFO   GapCloser                (gap_closer.cpp            : 421)   Collecting gap candidates
  0:04:15.059  2433M / 18G   INFO   GapCloser                (gap_closer.cpp            : 425)   Total 127106 tips collected, total 140214 connection candidates
  0:04:15.596  2433M / 18G   INFO   GapCloser                (gap_closer.cpp            : 446)   Closing short gaps complete: filled 8492 gaps after checking 128484 candidates
  0:04:15.993  2426M / 18G   INFO    General                 (gap_closer.cpp            : 510)   Gap closer done
  0:04:16.203  2088M / 18G   INFO   StageManager             (stage.cpp                 : 210)   STAGE == Raw Simplification (id: raw_simplification)
  0:04:16.215  2088M / 18G   INFO    General                 (simplification.cpp        : 129)   PROCEDURE == Initial cleaning
  0:04:16.215  2088M / 18G   INFO    General                 (graph_simplification.hpp  : 674)   Flanking coverage based disconnection disabled
  0:04:16.215  2088M / 18G   INFO   Simplification           (parallel_processing.hpp   : 168)   Running Self conjugate edge remover
  0:04:16.616  2088M / 18G   INFO   Simplification           (parallel_processing.hpp   : 171)   Self conjugate edge remover triggered 15 times
  0:04:16.617  2088M / 18G   INFO   Simplification           (parallel_processing.hpp   : 168)   Running Initial tip clipper
  0:04:45.845  2090M / 18G   INFO   Simplification           (parallel_processing.hpp   : 171)   Initial tip clipper triggered 3837887 times
  0:04:45.876  2090M / 18G   INFO   Simplification           (parallel_processing.hpp   : 168)   Running Initial ec remover
  0:04:57.498  2025M / 18G   INFO   Simplification           (parallel_processing.hpp   : 171)   Initial ec remover triggered 656307 times
  0:04:57.510  2025M / 18G   INFO   Simplification           (parallel_processing.hpp   : 168)   Running Initial isolated edge remover
  0:04:58.504  2017M / 18G   INFO   Simplification           (parallel_processing.hpp   : 171)   Initial isolated edge remover triggered 561695 times
  0:04:58.526  1808M / 18G   INFO   StageManager             (stage.cpp                 : 210)   STAGE == Simplification (id: simplification)
  0:04:58.526  1808M / 18G   INFO    General                 (simplification.cpp        : 397)   Graph simplification started
  0:04:58.526  1808M / 18G   INFO    General                 (graph_simplification.hpp  : 646)   Creating parallel br instance
  0:04:58.526  1808M / 18G   INFO    General                 (simplification.cpp        : 402)   PROCEDURE == Simplification cycle, iteration 1
  0:04:58.526  1808M / 18G   INFO   Simplification           (parallel_processing.hpp   : 168)   Running Tip clipper
  0:04:58.730  1808M / 18G   INFO   Simplification           (parallel_processing.hpp   : 171)   Tip clipper triggered 9939 times
  0:04:58.731  1808M / 18G   INFO   Simplification           (parallel_processing.hpp   : 168)   Running Bulge remover
  0:05:22.452  2426M / 18G   INFO   Simplification           (parallel_processing.hpp   : 171)   Bulge remover triggered 88858 times
  0:05:22.453  2426M / 18G   INFO   Simplification           (parallel_processing.hpp   : 168)   Running Low coverage edge remover
  0:05:22.517  2427M / 18G   INFO   Simplification           (parallel_processing.hpp   : 171)   Low coverage edge remover triggered 19 times
  0:05:22.518  2427M / 18G   INFO    General                 (simplification.cpp        : 402)   PROCEDURE == Simplification cycle, iteration 2
  0:05:22.518  2427M / 18G   INFO   Simplification           (parallel_processing.hpp   : 168)   Running Tip clipper
  0:05:22.547  2426M / 18G   INFO   Simplification           (parallel_processing.hpp   : 171)   Tip clipper triggered 133 times
  0:05:22.548  2426M / 18G   INFO   Simplification           (parallel_processing.hpp   : 168)   Running Bulge remover
  0:05:22.549  2426M / 18G   INFO   Simplification           (parallel_processing.hpp   : 171)   Bulge remover triggered 2 times
  0:05:22.549  2426M / 18G   INFO   Simplification           (parallel_processing.hpp   : 168)   Running Low coverage edge remover
  0:05:22.584  2426M / 18G   INFO   Simplification           (parallel_processing.hpp   : 171)   Low coverage edge remover triggered 305 times
  0:05:22.584  2426M / 18G   INFO    General                 (simplification.cpp        : 402)   PROCEDURE == Simplification cycle, iteration 3
  0:05:22.585  2426M / 18G   INFO   Simplification           (parallel_processing.hpp   : 168)   Running Tip clipper
  0:05:22.586  2426M / 18G   INFO   Simplification           (parallel_processing.hpp   : 171)   Tip clipper triggered 5 times
  0:05:22.586  2426M / 18G   INFO   Simplification           (parallel_processing.hpp   : 168)   Running Bulge remover
  0:05:22.610  2426M / 18G   INFO   Simplification           (parallel_processing.hpp   : 171)   Bulge remover triggered 73 times
  0:05:22.610  2426M / 18G   INFO   Simplification           (parallel_processing.hpp   : 168)   Running Low coverage edge remover
  0:05:22.679  2426M / 18G   INFO   Simplification           (parallel_processing.hpp   : 171)   Low coverage edge remover triggered 654 times
  0:05:22.680  2426M / 18G   INFO    General                 (simplification.cpp        : 402)   PROCEDURE == Simplification cycle, iteration 4
  0:05:22.680  2426M / 18G   INFO   Simplification           (parallel_processing.hpp   : 168)   Running Tip clipper
  0:05:22.738  2426M / 18G   INFO   Simplification           (parallel_processing.hpp   : 171)   Tip clipper triggered 20 times
  0:05:22.738  2426M / 18G   INFO   Simplification           (parallel_processing.hpp   : 168)   Running Bulge remover
  0:05:22.839  2427M / 18G   INFO   Simplification           (parallel_processing.hpp   : 171)   Bulge remover triggered 90 times
  0:05:22.840  2427M / 18G   INFO   Simplification           (parallel_processing.hpp   : 168)   Running Low coverage edge remover
  0:05:22.896  2427M / 18G   INFO   Simplification           (parallel_processing.hpp   : 171)   Low coverage edge remover triggered 0 times
  0:05:22.897  2427M / 18G   INFO    General                 (simplification.cpp        : 402)   PROCEDURE == Simplification cycle, iteration 5
  0:05:22.897  2427M / 18G   INFO   Simplification           (parallel_processing.hpp   : 168)   Running Tip clipper
  0:05:22.898  2427M / 18G   INFO   Simplification           (parallel_processing.hpp   : 171)   Tip clipper triggered 1 times
  0:05:22.898  2427M / 18G   INFO   Simplification           (parallel_processing.hpp   : 168)   Running Bulge remover
  0:05:22.899  2427M / 18G   INFO   Simplification           (parallel_processing.hpp   : 171)   Bulge remover triggered 0 times
  0:05:22.899  2427M / 18G   INFO   Simplification           (parallel_processing.hpp   : 168)   Running Low coverage edge remover
  0:05:22.900  2427M / 18G   INFO   Simplification           (parallel_processing.hpp   : 171)   Low coverage edge remover triggered 0 times
  0:05:22.900  2427M / 18G   INFO    General                 (simplification.cpp        : 402)   PROCEDURE == Simplification cycle, iteration 6
  0:05:22.901  2427M / 18G   INFO   Simplification           (parallel_processing.hpp   : 168)   Running Tip clipper
  0:05:22.901  2427M / 18G   INFO   Simplification           (parallel_processing.hpp   : 171)   Tip clipper triggered 0 times
  0:05:22.901  2427M / 18G   INFO   Simplification           (parallel_processing.hpp   : 168)   Running Bulge remover
  0:05:22.902  2427M / 18G   INFO   Simplification           (parallel_processing.hpp   : 171)   Bulge remover triggered 0 times
  0:05:22.902  2427M / 18G   INFO   Simplification           (parallel_processing.hpp   : 168)   Running Low coverage edge remover
  0:05:22.903  2427M / 18G   INFO   Simplification           (parallel_processing.hpp   : 171)   Low coverage edge remover triggered 0 times
  0:05:22.970  2421M / 18G   INFO   StageManager             (stage.cpp                 : 210)   STAGE == Gap Closer (id: late_gapcloser)
  0:05:22.978  2435M / 18G   INFO    General                 (edge_index.hpp            : 132)   Size of edge index entries: 12/8
  0:05:23.058  2439M / 18G   INFO    General                 (gap_closer.cpp            : 117)   Total edges in tip neighborhood: 178858 out of 261043, length: 161231138
  0:05:23.068  2440M / 18G   INFO    General                 (edge_index.hpp            : 196)   Using small index (max_id = 20913550)
  0:05:23.284  2440M / 18G   INFO   K-mer Index Building     (kmer_index_builder.hpp    : 460)   Building perfect hash indices
  0:05:25.498  2504M / 18G   INFO   K-mer Index Building     (kmer_index_builder.hpp    : 496)   Index built. Total 89078425 kmers, 64340122 bytes occupied (5.77829 bits per kmer).
  0:05:26.033  3184M / 18G   INFO    General                 (edge_index_builders.hpp   : 266)   Collecting edge information from graph, this takes a while.
  0:05:27.374  3183M / 18G   INFO    General                 (sequence_mapper_notifier.h:  80)   Starting sequence mapping
  0:06:00.537  3183M / 18G   INFO    General                 (sequence_mapper_notifier.h: 101)   Processed 200000 reads
  0:06:00.627  3183M / 18G   INFO    General                 (sequence_mapper_notifier.h: 101)   Processed 400000 reads
  0:06:00.705  3184M / 18G   INFO    General                 (sequence_mapper_notifier.h: 101)   Processed 600000 reads
  0:06:00.740  3184M / 18G   INFO    General                 (sequence_mapper_notifier.h: 101)   Processed 800000 reads
  0:06:00.776  3184M / 18G   INFO    General                 (sequence_mapper_notifier.h: 101)   Processed 1000000 reads
  0:06:00.780  3184M / 18G   INFO    General                 (sequence_mapper_notifier.h: 101)   Processed 1200000 reads
  0:06:01.281  3185M / 18G   INFO    General                 (sequence_mapper_notifier.h: 101)   Processed 2200000 reads
  0:06:04.010  3185M / 18G   INFO    General                 (sequence_mapper_notifier.h: 101)   Processed 4200000 reads
  0:06:26.990  3192M / 18G   INFO    General                 (sequence_mapper_notifier.h: 120)   Total 9999320 reads processed
  0:06:27.233  2458M / 18G   INFO    General                 (gap_closer.cpp            : 505)   Initializing gap closer
  0:06:27.235  2458M / 18G   INFO   GapCloser                (gap_closer.cpp            : 421)   Collecting gap candidates
  0:06:27.407  2463M / 18G   INFO   GapCloser                (gap_closer.cpp            : 425)   Total 86520 tips collected, total 89787 connection candidates
  0:06:27.729  2463M / 18G   INFO   GapCloser                (gap_closer.cpp            : 446)   Closing short gaps complete: filled 4229 gaps after checking 85071 candidates
  0:06:27.894  2458M / 18G   INFO    General                 (gap_closer.cpp            : 510)   Gap closer done
  0:06:27.928  2421M / 18G   INFO   StageManager             (stage.cpp                 : 210)   STAGE == Simplification Cleanup (id: simplification_cleanup)
  0:06:27.930  2421M / 18G   INFO    General                 (simplification.cpp        : 189)   PROCEDURE == Post simplification
  0:06:27.931  2421M / 18G   INFO    General                 (graph_simplification.hpp  : 646)   Creating parallel br instance
  0:06:27.931  2421M / 18G   INFO   Simplification           (parallel_processing.hpp   : 168)   Running Relative coverage component remover
  0:06:28.097  2421M / 18G   INFO   Simplification           (parallel_processing.hpp   : 171)   Relative coverage component remover triggered 933 times
  0:06:28.097  2421M / 18G   INFO   Simplification           (parallel_processing.hpp   : 168)   Running Disconnecting edges with relatively low coverage
  0:06:28.219  2421M / 18G   INFO   Simplification           (parallel_processing.hpp   : 171)   Disconnecting edges with relatively low coverage triggered 564 times
  0:06:28.220  2421M / 18G   INFO   Simplification           (parallel_processing.hpp   : 168)   Running Complex tip clipper
  0:06:28.287  2421M / 18G   INFO   Simplification           (parallel_processing.hpp   : 171)   Complex tip clipper triggered 9 times
  0:06:28.287  2421M / 18G   INFO   Simplification           (parallel_processing.hpp   : 168)   Running Complex bulge remover
  0:06:31.579  2478M / 18G   INFO   Simplification           (parallel_processing.hpp   : 171)   Complex bulge remover triggered 3152 times
  0:06:31.586  2478M / 18G   INFO   Simplification           (parallel_processing.hpp   : 168)   Running Tip clipper
  0:06:31.640  2478M / 18G   INFO   Simplification           (parallel_processing.hpp   : 171)   Tip clipper triggered 60 times
  0:06:31.641  2478M / 18G   INFO   Simplification           (parallel_processing.hpp   : 168)   Running Final tip clipper
  0:06:31.717  2478M / 18G   INFO   Simplification           (parallel_processing.hpp   : 171)   Final tip clipper triggered 311 times
  0:06:31.718  2478M / 18G   INFO   Simplification           (parallel_processing.hpp   : 168)   Running Bulge remover
  0:06:31.804  2478M / 18G   INFO   Simplification           (parallel_processing.hpp   : 171)   Bulge remover triggered 33 times
  0:06:31.805  2478M / 18G   INFO   Simplification           (parallel_processing.hpp   : 168)   Running Thorn remover (meta)
  0:06:31.873  2478M / 18G   INFO   Simplification           (parallel_processing.hpp   : 171)   Thorn remover (meta) triggered 1 times
  0:06:31.873  2478M / 18G   INFO   Simplification           (parallel_processing.hpp   : 168)   Running Relative coverage component remover
  0:06:32.003  2478M / 18G   INFO   Simplification           (parallel_processing.hpp   : 171)   Relative coverage component remover triggered 7 times
  0:06:32.004  2478M / 18G   INFO   Simplification           (parallel_processing.hpp   : 168)   Running Disconnecting edges with relatively low coverage
  0:06:32.069  2478M / 18G   INFO   Simplification           (parallel_processing.hpp   : 171)   Disconnecting edges with relatively low coverage triggered 15 times
  0:06:32.070  2478M / 18G   INFO   Simplification           (parallel_processing.hpp   : 168)   Running Complex tip clipper
  0:06:32.142  2478M / 18G   INFO   Simplification           (parallel_processing.hpp   : 171)   Complex tip clipper triggered 0 times
  0:06:32.143  2478M / 18G   INFO   Simplification           (parallel_processing.hpp   : 168)   Running Complex bulge remover
  0:06:33.010  2478M / 18G   INFO   Simplification           (parallel_processing.hpp   : 171)   Complex bulge remover triggered 9 times
  0:06:33.011  2478M / 18G   INFO   Simplification           (parallel_processing.hpp   : 168)   Running Tip clipper
  0:06:33.063  2478M / 18G   INFO   Simplification           (parallel_processing.hpp   : 171)   Tip clipper triggered 4 times
  0:06:33.063  2478M / 18G   INFO   Simplification           (parallel_processing.hpp   : 168)   Running Final tip clipper
  0:06:33.115  2478M / 18G   INFO   Simplification           (parallel_processing.hpp   : 171)   Final tip clipper triggered 5 times
  0:06:33.116  2478M / 18G   INFO   Simplification           (parallel_processing.hpp   : 168)   Running Bulge remover
  0:06:33.185  2478M / 18G   INFO   Simplification           (parallel_processing.hpp   : 171)   Bulge remover triggered 0 times
  0:06:33.185  2478M / 18G   INFO   Simplification           (parallel_processing.hpp   : 168)   Running Thorn remover (meta)
  0:06:33.253  2478M / 18G   INFO   Simplification           (parallel_processing.hpp   : 171)   Thorn remover (meta) triggered 0 times
  0:06:33.254  2478M / 18G   INFO   Simplification           (parallel_processing.hpp   : 168)   Running Relative coverage component remover
  0:06:33.381  2478M / 18G   INFO   Simplification           (parallel_processing.hpp   : 171)   Relative coverage component remover triggered 1 times
  0:06:33.382  2478M / 18G   INFO   Simplification           (parallel_processing.hpp   : 168)   Running Disconnecting edges with relatively low coverage
  0:06:33.383  2478M / 18G   INFO   Simplification           (parallel_processing.hpp   : 171)   Disconnecting edges with relatively low coverage triggered 0 times
  0:06:33.383  2478M / 18G   INFO   Simplification           (parallel_processing.hpp   : 168)   Running Complex tip clipper
  0:06:33.455  2478M / 18G   INFO   Simplification           (parallel_processing.hpp   : 171)   Complex tip clipper triggered 0 times
  0:06:33.456  2478M / 18G   INFO   Simplification           (parallel_processing.hpp   : 168)   Running Complex bulge remover
  0:06:34.309  2478M / 18G   INFO   Simplification           (parallel_processing.hpp   : 171)   Complex bulge remover triggered 0 times
  0:06:34.310  2478M / 18G   INFO   Simplification           (parallel_processing.hpp   : 168)   Running Tip clipper
  0:06:34.310  2478M / 18G   INFO   Simplification           (parallel_processing.hpp   : 171)   Tip clipper triggered 0 times
  0:06:34.311  2478M / 18G   INFO   Simplification           (parallel_processing.hpp   : 168)   Running Final tip clipper
  0:06:34.311  2478M / 18G   INFO   Simplification           (parallel_processing.hpp   : 171)   Final tip clipper triggered 0 times
  0:06:34.312  2478M / 18G   INFO   Simplification           (parallel_processing.hpp   : 168)   Running Bulge remover
  0:06:34.312  2478M / 18G   INFO   Simplification           (parallel_processing.hpp   : 171)   Bulge remover triggered 0 times
  0:06:34.313  2478M / 18G   INFO   Simplification           (parallel_processing.hpp   : 168)   Running Thorn remover (meta)
  0:06:34.313  2478M / 18G   INFO   Simplification           (parallel_processing.hpp   : 171)   Thorn remover (meta) triggered 0 times
  0:06:34.314  2478M / 18G   INFO   Simplification           (parallel_processing.hpp   : 168)   Running Relative coverage component remover
  0:06:34.419  2478M / 18G   INFO   Simplification           (parallel_processing.hpp   : 171)   Relative coverage component remover triggered 0 times
  0:06:34.420  2478M / 18G   INFO   Simplification           (parallel_processing.hpp   : 168)   Running Disconnecting edges with relatively low coverage
  0:06:34.421  2478M / 18G   INFO   Simplification           (parallel_processing.hpp   : 171)   Disconnecting edges with relatively low coverage triggered 0 times
  0:06:34.421  2478M / 18G   INFO   Simplification           (parallel_processing.hpp   : 168)   Running Complex tip clipper
  0:06:34.479  2478M / 18G   INFO   Simplification           (parallel_processing.hpp   : 171)   Complex tip clipper triggered 0 times
  0:06:34.479  2478M / 18G   INFO   Simplification           (parallel_processing.hpp   : 168)   Running Complex bulge remover
  0:06:35.322  2478M / 18G   INFO   Simplification           (parallel_processing.hpp   : 171)   Complex bulge remover triggered 0 times
  0:06:35.323  2478M / 18G   INFO   Simplification           (parallel_processing.hpp   : 168)   Running Tip clipper
  0:06:35.324  2478M / 18G   INFO   Simplification           (parallel_processing.hpp   : 171)   Tip clipper triggered 0 times
  0:06:35.324  2478M / 18G   INFO   Simplification           (parallel_processing.hpp   : 168)   Running Final tip clipper
  0:06:35.325  2478M / 18G   INFO   Simplification           (parallel_processing.hpp   : 171)   Final tip clipper triggered 0 times
  0:06:35.325  2478M / 18G   INFO   Simplification           (parallel_processing.hpp   : 168)   Running Bulge remover
  0:06:35.326  2478M / 18G   INFO   Simplification           (parallel_processing.hpp   : 171)   Bulge remover triggered 0 times
  0:06:35.326  2478M / 18G   INFO   Simplification           (parallel_processing.hpp   : 168)   Running Thorn remover (meta)
  0:06:35.327  2478M / 18G   INFO   Simplification           (parallel_processing.hpp   : 171)   Thorn remover (meta) triggered 0 times
  0:06:35.327  2478M / 18G   INFO    General                 (simplification.cpp        : 344)   Running Hidden EC remover (meta)
  0:06:35.426  2478M / 18G   INFO    General                 (simplification.cpp        : 348)   Disrupting self-conjugate edges
  0:06:35.536  2478M / 18G   INFO   Simplification           (parallel_processing.hpp   : 168)   Running Removing isolated edges
  0:06:35.593  2478M / 18G   INFO   Simplification           (parallel_processing.hpp   : 171)   Removing isolated edges triggered 98 times
  0:06:35.642  2478M / 18G   INFO    General                 (simplification.cpp        : 508)   After simplification:
  0:06:35.643  2478M / 18G   INFO    General                 (simplification.cpp        : 509)     Average coverage = 10.4545
  0:06:35.689  2478M / 18G   INFO    General                 (simplification.cpp        : 510)     Total length = 158770077
  0:06:35.744  2478M / 18G   INFO    General                 (simplification.cpp        : 511)     Median edge length: 7885
  0:06:35.745  2478M / 18G   INFO    General                 (simplification.cpp        : 512)     Edges: 224932
  0:06:35.745  2478M / 18G   INFO    General                 (simplification.cpp        : 513)     Vertices: 373656
  0:06:35.746  2478M / 18G   INFO   StageManager             (stage.cpp                 : 210)   STAGE == Contig Output (id: contig_output)
  0:06:35.747  2478M / 18G   INFO    General                 (read_converter.cpp        : 135)   Outputting contigs to "${ARTICLE32_WORK_DIR}/assemblies/spades-illumina-hifi/K55/simplified_contigs"
  0:06:35.755  2481M / 18G   INFO    General                 (binary_converter.cpp      : 127)   16384 reads processed
  0:06:35.772  2481M / 18G   INFO    General                 (binary_converter.cpp      : 127)   32768 reads processed
  0:06:35.793  2481M / 18G   INFO    General                 (binary_converter.cpp      : 127)   65536 reads processed
  0:06:35.894  2481M / 18G   INFO    General                 (binary_converter.cpp      : 143)   112468 reads written
  0:06:35.904  2478M / 18G   INFO    General                 (pipeline.cpp              : 305)   SPAdes finished
  0:06:39.232     1M / 18G   INFO    General                 (main.cpp                  : 131)   Assembling time: 0 hours 6 minutes 39 seconds

===== K55 finished. 


===== K77 started. 


== Running: ${HYBRID_ENV_PREFIX}/bin/spades-core ${ARTICLE32_WORK_DIR}/assemblies/spades-illumina-hifi/K77/configs/config.info ${ARTICLE32_WORK_DIR}/assemblies/spades-illumina-hifi/K77/configs/mda_mode.info ${ARTICLE32_WORK_DIR}/assemblies/spades-illumina-hifi/K77/configs/meta_mode.info

  0:00:00.000     1M / 15M   INFO    General                 (main.cpp                  :  94)   Loaded config from "${ARTICLE32_WORK_DIR}/assemblies/spades-illumina-hifi/K77/configs/config.info"
  0:00:00.001     1M / 15M   INFO    General                 (main.cpp                  :  94)   Loaded config from "${ARTICLE32_WORK_DIR}/assemblies/spades-illumina-hifi/K77/configs/mda_mode.info"
  0:00:00.001     1M / 15M   INFO    General                 (main.cpp                  :  94)   Loaded config from "${ARTICLE32_WORK_DIR}/assemblies/spades-illumina-hifi/K77/configs/meta_mode.info"
  0:00:00.002     1M / 15M   INFO    General                 (memory_limit.cpp          :  55)   Memory limit set to 256 Gb
  0:00:00.002     1M / 15M   INFO    General                 (main.cpp                  : 102)   Starting SPAdes, built from N/A, git revision N/A
  0:00:00.002     1M / 15M   INFO    General                 (main.cpp                  : 103)   Maximum k-mer length: 128
  0:00:00.002     1M / 15M   INFO    General                 (main.cpp                  : 104)   Assembling dataset ("${ARTICLE32_WORK_DIR}/assemblies/spades-illumina-hifi/dataset.info") with K=77
  0:00:00.002     1M / 15M   INFO    General                 (main.cpp                  : 105)   Maximum # of threads to use (adjusted due to OMP capabilities): 32
  0:00:00.002     1M / 15M   INFO    General                 (pipeline.cpp              : 221)   SPAdes started
  0:00:00.002     1M / 15M   INFO    General                 (pipeline.cpp              : 234)   Starting from stage: read_conversion
  0:00:00.002     1M / 15M   INFO    General                 (pipeline.cpp              : 245)   Two-step repeat resolution enabled
  0:00:00.002     1M / 15M   INFO   GraphCore                (graph_core.hpp            : 582)   Graph created, vertex min_id: 3, edge min_id: 3
  0:00:00.002     1M / 15M   INFO   GraphCore                (graph_core.hpp            : 583)   Vertex size: 48, edge size: 40
  0:00:00.002     1M / 15M   INFO    General                 (edge_index.hpp            : 132)   Size of edge index entries: 12/8
  0:00:00.002     1M / 15M   INFO    General                 (pipeline.cpp              : 256)   Will need read mapping, kmer mapper will be attached
  0:00:00.002     1M / 15M   INFO   StageManager             (stage.cpp                 : 210)   STAGE == Binary Read Conversion (id: read_conversion)
  0:00:00.004     1M / 15M   INFO    General                 (read_converter.cpp        :  57)   Binary reads detected
  0:00:00.004     1M / 15M   INFO    General                 (read_converter.cpp        :  57)   Binary reads detected
  0:00:00.021     1M / 15M   INFO   StageManager             (stage.cpp                 : 210)   STAGE == de Bruijn graph construction (id: construction)
  0:00:00.021     1M / 15M   INFO    General                 (construction.cpp          : 115)   Contigs from previous K will be used: ${ARTICLE32_WORK_DIR}/assemblies/spades-illumina-hifi/K55/simplified_contigs
  0:00:00.023     1M / 15M   INFO    General                 (construction.cpp          : 150)   Max read length 150
  0:00:00.023     1M / 15M   INFO    General                 (construction.cpp          : 156)   Average read length 148.973
  0:00:00.024     1M / 15M   INFO    General                 (stage.cpp                 : 120)   PROCEDURE == k+1-mer counting (id: construction:kpomer_counting)
  0:00:00.024     1M / 15M   INFO    General                 (kmer_index_builder.hpp    : 308)   Splitting kmer instances into 320 files using 32 threads. This might take a while.
  0:00:00.031     1M / 15M   INFO    General                 (file_limit.hpp            :  43)   Open file limit set to 1024
  0:00:00.031     1M / 15M   INFO    General                 (kmer_splitter.hpp         :  96)   Memory available for splitting buffers: 2.66666 Gb
  0:00:00.031     1M / 15M   INFO    General                 (kmer_splitter.hpp         : 104)   Using cell size of 69905
mimalloc: warning: thread 0x70cfc9400640: unable to allocate aligned OS memory directly, fall back to over-allocation (67108864 bytes, address: 0x70cfbe800000, alignment: 67108864, commit: 1)
mimalloc: warning: thread 0x70cfcee00640: unable to allocate aligned OS memory directly, fall back to over-allocation (67108864 bytes, address: 0x70cfbe800000, alignment: 67108864, commit: 1)
mimalloc: warning: thread 0x70cfc8a00640: unable to allocate aligned OS memory directly, fall back to over-allocation (67108864 bytes, address: 0x70cfaa800000, alignment: 67108864, commit: 1)
mimalloc: warning: thread 0x70cfd0200640: unable to allocate aligned OS memory directly, fall back to over-allocation (67108864 bytes, address: 0x70cfaa800000, alignment: 67108864, commit: 1)
mimalloc: warning: thread 0x70cfd3400640: unable to allocate aligned OS memory directly, fall back to over-allocation (67108864 bytes, address: 0x70cfaa800000, alignment: 67108864, commit: 1)
mimalloc: warning: thread 0x70cfcda00640: unable to allocate aligned OS memory directly, fall back to over-allocation (67108864 bytes, address: 0x70cfaa800000, alignment: 67108864, commit: 1)
  0:00:08.304    19G / 19G   INFO    General                 (kmer_splitters.hpp        : 128)   Processed 19645967 reads
  0:00:16.270    19G / 19G   INFO    General                 (kmer_splitters.hpp        : 128)   Processed 39269763 reads
  0:00:21.291    19G / 19G   INFO    General                 (kmer_splitters.hpp        : 128)   Processed 40220087 reads
  0:00:23.111    19G / 19G   INFO    General                 (kmer_splitters.hpp        : 128)   Processed 40222216 reads
  0:00:23.128     3M / 18G   INFO    General                 (kmer_splitters.hpp        : 134)   Used 40222216 reads
  0:00:23.597     3M / 18G   INFO    General                 (kmer_index_builder.hpp    : 314)   Starting k-mer counting.
  0:00:25.623     3M / 18G   INFO    General                 (kmer_index_builder.hpp    : 325)   K-mer counting done. There are 364373792 kmers in total.
  0:00:25.623     2M / 18G   INFO    General                 (stage.cpp                 : 120)   PROCEDURE == Extension index construction (id: construction:extension_index_construction)
  0:00:25.629     3M / 18G   INFO   K-mer Index Building     (kmer_index_builder.hpp    : 503)   Building kmer index
  0:00:25.629     3M / 18G   INFO    General                 (kmer_index_builder.hpp    : 308)   Splitting kmer instances into 320 files using 32 threads. This might take a while.
  0:00:25.635     3M / 18G   INFO    General                 (file_limit.hpp            :  43)   Open file limit set to 1024
  0:00:25.635     3M / 18G   INFO    General                 (kmer_splitter.hpp         :  96)   Memory available for splitting buffers: 2.66664 Gb
  0:00:25.635     3M / 18G   INFO    General                 (kmer_splitter.hpp         : 104)   Using cell size of 69905
  0:00:26.322    19G / 19G   INFO    General                 (kmer_splitters.hpp        : 197)   Processed 7550012 kmers
  0:00:26.779    19G / 19G   INFO    General                 (kmer_splitters.hpp        : 197)   Processed 15607182 kmers
  0:00:27.222    19G / 19G   INFO    General                 (kmer_splitters.hpp        : 197)   Processed 23687772 kmers
  0:00:27.695    19G / 19G   INFO    General                 (kmer_splitters.hpp        : 197)   Processed 31603768 kmers
  0:00:28.375    19G / 19G   INFO    General                 (kmer_splitters.hpp        : 197)   Processed 43955562 kmers
  0:00:28.829    19G / 19G   INFO    General                 (kmer_splitters.hpp        : 197)   Processed 52002511 kmers
  0:00:29.285    19G / 19G   INFO    General                 (kmer_splitters.hpp        : 197)   Processed 60064331 kmers
  0:00:29.741    19G / 19G   INFO    General                 (kmer_splitters.hpp        : 197)   Processed 68000389 kmers
  0:00:30.450    19G / 19G   INFO    General                 (kmer_splitters.hpp        : 197)   Processed 80435259 kmers
  0:00:30.925    19G / 19G   INFO    General                 (kmer_splitters.hpp        : 197)   Processed 88484643 kmers
  0:00:31.385    19G / 19G   INFO    General                 (kmer_splitters.hpp        : 197)   Processed 96540005 kmers
  0:00:31.849    19G / 19G   INFO    General                 (kmer_splitters.hpp        : 197)   Processed 104481659 kmers
  0:00:32.561    19G / 19G   INFO    General                 (kmer_splitters.hpp        : 197)   Processed 116901228 kmers
  0:00:33.030    19G / 19G   INFO    General                 (kmer_splitters.hpp        : 197)   Processed 124953813 kmers
  0:00:33.475    19G / 19G   INFO    General                 (kmer_splitters.hpp        : 197)   Processed 133020579 kmers
  0:00:33.910    19G / 19G   INFO    General                 (kmer_splitters.hpp        : 197)   Processed 140952862 kmers
  0:00:34.611    19G / 19G   INFO    General                 (kmer_splitters.hpp        : 197)   Processed 153348733 kmers
  0:00:35.112    19G / 19G   INFO    General                 (kmer_splitters.hpp        : 197)   Processed 161401182 kmers
  0:00:41.030    19G / 19G   INFO    General                 (kmer_splitters.hpp        : 197)   Processed 270686268 kmers
  0:00:46.095    19G / 19G   INFO    General                 (kmer_splitters.hpp        : 202)   Used 364380832 kmers.
  0:00:46.106     4M / 18G   INFO    General                 (kmer_index_builder.hpp    : 314)   Starting k-mer counting.
  0:00:48.279     4M / 18G   INFO    General                 (kmer_index_builder.hpp    : 325)   K-mer counting done. There are 365798645 kmers in total.
  0:00:48.280     4M / 18G   INFO   K-mer Index Building     (kmer_index_builder.hpp    : 460)   Building perfect hash indices
  0:00:51.489   268M / 18G   INFO   K-mer Index Building     (kmer_index_builder.hpp    : 496)   Index built. Total 365798645 kmers, 264437872 bytes occupied (5.78324 bits per kmer).
  0:00:51.494   268M / 18G   INFO    General                 (kmer_index_builder.hpp    : 191)   Merging final buckets.
  0:01:43.373   620M / 18G   INFO   DeBruijnExtensionIndexBu (kmer_extension_index_build: 101)   Building k-mer extensions from k+1-mers
  0:01:54.512   620M / 18G   INFO   DeBruijnExtensionIndexBu (kmer_extension_index_build: 106)   Building k-mer extensions from k+1-mers finished.
  0:01:54.924   618M / 18G   INFO    General                 (stage.cpp                 : 120)   PROCEDURE == Condensing graph (id: construction:graph_condensing)
  0:01:54.928   619M / 18G   INFO   UnbranchingPathExtractor (debruijn_graph_constructor: 324)   Extracting unbranching paths
  0:02:09.504  1096M / 18G   INFO   UnbranchingPathExtractor (debruijn_graph_constructor: 348)   Extracting unbranching paths finished. 8199552 sequences extracted
  0:02:17.356  1095M / 18G   INFO   UnbranchingPathExtractor (debruijn_graph_constructor: 362)   Collecting perfect loops
  0:02:18.930  1096M / 18G   INFO   UnbranchingPathExtractor (debruijn_graph_constructor: 395)   Collecting perfect loops finished. 5 loops collected
  0:02:19.893  1095M / 18G   INFO   DeBruijnGraphConstructor (debruijn_graph_constructor: 597)   Sorting edges...
  0:02:20.146  1095M / 18G   INFO   DeBruijnGraphConstructor (debruijn_graph_constructor: 602)   Edges sorted
  0:02:20.146  1095M / 18G   INFO    General                 (debruijn_graph_constructor: 511)   Total 16399114 edges to create
  0:02:20.147  1729M / 18G   INFO    General                 (debruijn_graph_constructor: 514)   Collecting link records
  0:02:33.712  1981M / 18G   INFO    General                 (debruijn_graph_constructor: 521)   Total short graph edges: 0
  0:02:33.712  1981M / 18G   INFO    General                 (debruijn_graph_constructor: 523)   Ordering link records
  0:02:33.835  1981M / 18G   INFO    General                 (debruijn_graph_constructor: 529)   Sorting done
  0:02:34.059  2109M / 18G   INFO    General                 (debruijn_graph_constructor: 542)   Sorting LinkRecords...
  0:02:34.215  2109M / 18G   INFO    General                 (debruijn_graph_constructor: 548)   LinkRecords sorted
  0:02:34.215  2109M / 18G   INFO    General                 (debruijn_graph_constructor: 550)   Total 9624410 vertices to create
  0:02:34.216  3000M / 18G   INFO    General                 (debruijn_graph_constructor: 553)   Connecting the graph
  0:02:55.203  2492M / 18G   INFO    General                 (stage.cpp                 : 120)   PROCEDURE == Filling coverage indices (PHM) (id: construction:coverage_filling_phm)
  0:02:55.204  2492M / 18G   INFO   K-mer Index Building     (kmer_index_builder.hpp    : 460)   Building perfect hash indices
  0:02:58.450  2755M / 18G   INFO   K-mer Index Building     (kmer_index_builder.hpp    : 496)   Index built. Total 364373792 kmers, 263410608 bytes occupied (5.78331 bits per kmer).
mimalloc: warning: unable to allocate aligned OS memory directly, fall back to over-allocation (1463812096 bytes, address: 0x70cf2cc00000, alignment: 67108864, commit: 1)
  0:02:59.422  4147M / 18G   INFO    General                 (coverage_hash_map_builder.:  49)   Collecting k-mer coverage information from reads, this takes a while.
  0:03:22.248  4147M / 18G   INFO    General                 (construction.cpp          : 400)   Filling coverage and flanking coverage from PHM
  0:03:35.874  4147M / 18G   INFO    General                 (coverage_filling.hpp      :  83)   Processed 16399110 edges
  0:03:40.350  1874M / 18G   INFO   StageManager             (stage.cpp                 : 210)   STAGE == Gap Closer (id: early_gapcloser)
  0:03:40.371  1887M / 18G   INFO    General                 (edge_index.hpp            : 132)   Size of edge index entries: 12/8
  0:03:41.841  2031M / 18G   INFO    General                 (gap_closer.cpp            : 117)   Total edges in tip neighborhood: 6521134 out of 16399110, length: 339319477
  0:03:42.607  2111M / 18G   INFO    General                 (edge_index.hpp            : 196)   Using small index (max_id = 16481112)
  0:03:43.166  2111M / 18G   INFO   K-mer Index Building     (kmer_index_builder.hpp    : 460)   Building perfect hash indices
  0:03:51.129  2279M / 18G   INFO   K-mer Index Building     (kmer_index_builder.hpp    : 496)   Index built. Total 235063552 kmers, 169778720 bytes occupied (5.77814 bits per kmer).
mimalloc: warning: unable to allocate aligned OS memory directly, fall back to over-allocation (1887436800 bytes, address: 0x70cf13800000, alignment: 67108864, commit: 1)
  0:03:52.553  4075M / 18G   INFO    General                 (edge_index_builders.hpp   : 266)   Collecting edge information from graph, this takes a while.
  0:03:56.506  3995M / 18G   INFO    General                 (sequence_mapper_notifier.h:  80)   Starting sequence mapping
  0:04:10.638  3996M / 18G   INFO    General                 (sequence_mapper_notifier.h: 101)   Processed 200000 reads
  0:04:11.108  3999M / 18G   INFO    General                 (sequence_mapper_notifier.h: 101)   Processed 400000 reads
  0:04:11.169  4001M / 18G   INFO    General                 (sequence_mapper_notifier.h: 101)   Processed 600000 reads
  0:04:11.331  4002M / 18G   INFO    General                 (sequence_mapper_notifier.h: 101)   Processed 800000 reads
  0:04:11.473  4003M / 18G   INFO    General                 (sequence_mapper_notifier.h: 101)   Processed 1000000 reads
  0:04:11.870  4006M / 18G   INFO    General                 (sequence_mapper_notifier.h: 101)   Processed 1200000 reads
  0:04:12.847  4007M / 18G   INFO    General                 (sequence_mapper_notifier.h: 101)   Processed 2200000 reads
  0:04:14.823  4008M / 18G   INFO    General                 (sequence_mapper_notifier.h: 101)   Processed 4200000 reads
  0:04:26.323  4152M / 18G   INFO    General                 (sequence_mapper_notifier.h: 120)   Total 9999320 reads processed
  0:04:28.065  2232M / 18G   INFO    General                 (gap_closer.cpp            : 505)   Initializing gap closer
  0:04:28.069  2232M / 18G   INFO   GapCloser                (gap_closer.cpp            : 421)   Collecting gap candidates
  0:04:28.645  2237M / 18G   INFO   GapCloser                (gap_closer.cpp            : 425)   Total 102817 tips collected, total 113592 connection candidates
  0:04:29.275  2238M / 18G   INFO   GapCloser                (gap_closer.cpp            : 446)   Closing short gaps complete: filled 1222 gaps after checking 111693 candidates
  0:04:29.578  2232M / 18G   INFO    General                 (gap_closer.cpp            : 510)   Gap closer done
  0:04:29.851  1874M / 18G   INFO   StageManager             (stage.cpp                 : 210)   STAGE == Raw Simplification (id: raw_simplification)
  0:04:29.864  1874M / 18G   INFO    General                 (simplification.cpp        : 129)   PROCEDURE == Initial cleaning
  0:04:29.864  1874M / 18G   INFO   Simplification           (parallel_processing.hpp   : 168)   Running Self conjugate edge remover
  0:04:30.205  1874M / 18G   INFO   Simplification           (parallel_processing.hpp   : 171)   Self conjugate edge remover triggered 0 times
  0:04:30.205  1874M / 18G   INFO   Simplification           (parallel_processing.hpp   : 168)   Running Initial tip clipper
  0:04:50.106  1839M / 18G   INFO   Simplification           (parallel_processing.hpp   : 171)   Initial tip clipper triggered 2268302 times
  0:04:50.112  1839M / 18G   INFO   Simplification           (parallel_processing.hpp   : 168)   Running Initial ec remover
  0:04:50.523  1839M / 18G   INFO   Simplification           (parallel_processing.hpp   : 171)   Initial ec remover triggered 6293 times
  0:04:50.523  1839M / 18G   INFO   Simplification           (parallel_processing.hpp   : 168)   Running Disconnecting edges with low flanking coverage
  0:04:51.045  1842M / 18G   INFO   Simplification           (parallel_processing.hpp   : 171)   Disconnecting edges with low flanking coverage triggered 18254 times
  0:04:51.046  1842M / 18G   INFO   Simplification           (parallel_processing.hpp   : 168)   Running Initial isolated edge remover
  0:04:53.600  1805M / 18G   INFO   Simplification           (parallel_processing.hpp   : 171)   Initial isolated edge remover triggered 1383593 times
  0:04:53.617  1655M / 18G   INFO   StageManager             (stage.cpp                 : 210)   STAGE == Preliminary Simplification (id: simplification_preliminary)
  0:04:53.617  1655M / 18G   INFO    General                 (simplification.cpp        : 397)   Graph simplification started
  0:04:53.617  1655M / 18G   INFO    General                 (graph_simplification.hpp  : 646)   Creating parallel br instance
  0:04:53.617  1655M / 18G   INFO    General                 (simplification.cpp        : 402)   PROCEDURE == Simplification cycle, iteration 1
  0:04:53.617  1655M / 18G   INFO   Simplification           (parallel_processing.hpp   : 168)   Running Tip clipper
  0:05:04.186  1611M / 18G   INFO   Simplification           (parallel_processing.hpp   : 171)   Tip clipper triggered 1080631 times
  0:05:04.201  1611M / 18G   INFO   Simplification           (parallel_processing.hpp   : 168)   Running Bulge remover
  0:05:07.388  1729M / 18G   INFO   Simplification           (parallel_processing.hpp   : 171)   Bulge remover triggered 10005 times
  0:05:07.390  1729M / 18G   INFO   Simplification           (parallel_processing.hpp   : 168)   Running Low coverage edge remover
  0:05:07.454  1729M / 18G   INFO   Simplification           (parallel_processing.hpp   : 171)   Low coverage edge remover triggered 0 times
  0:05:07.454  1729M / 18G   INFO    General                 (simplification.cpp        : 402)   PROCEDURE == Simplification cycle, iteration 2
  0:05:07.454  1729M / 18G   INFO   Simplification           (parallel_processing.hpp   : 168)   Running Tip clipper
  0:05:07.468  1729M / 18G   INFO   Simplification           (parallel_processing.hpp   : 171)   Tip clipper triggered 85 times
  0:05:07.468  1729M / 18G   INFO   Simplification           (parallel_processing.hpp   : 168)   Running Bulge remover
  0:05:07.471  1729M / 18G   INFO   Simplification           (parallel_processing.hpp   : 171)   Bulge remover triggered 1 times
  0:05:07.471  1729M / 18G   INFO   Simplification           (parallel_processing.hpp   : 168)   Running Low coverage edge remover
  0:05:07.620  1729M / 18G   INFO   Simplification           (parallel_processing.hpp   : 171)   Low coverage edge remover triggered 1517 times
  0:05:07.620  1729M / 18G   INFO    General                 (simplification.cpp        : 402)   PROCEDURE == Simplification cycle, iteration 3
  0:05:07.621  1729M / 18G   INFO   Simplification           (parallel_processing.hpp   : 168)   Running Tip clipper
  0:05:07.637  1728M / 18G   INFO   Simplification           (parallel_processing.hpp   : 171)   Tip clipper triggered 431 times
  0:05:07.638  1728M / 18G   INFO   Simplification           (parallel_processing.hpp   : 168)   Running Bulge remover
  0:05:07.696  1730M / 18G   INFO   Simplification           (parallel_processing.hpp   : 171)   Bulge remover triggered 136 times
  0:05:07.696  1730M / 18G   INFO   Simplification           (parallel_processing.hpp   : 168)   Running Low coverage edge remover
  0:05:07.726  1730M / 18G   INFO   Simplification           (parallel_processing.hpp   : 171)   Low coverage edge remover triggered 521 times
  0:05:07.727  1730M / 18G   INFO    General                 (simplification.cpp        : 402)   PROCEDURE == Simplification cycle, iteration 4
  0:05:07.727  1730M / 18G   INFO   Simplification           (parallel_processing.hpp   : 168)   Running Tip clipper
  0:05:07.795  1730M / 18G   INFO   Simplification           (parallel_processing.hpp   : 171)   Tip clipper triggered 46 times
  0:05:07.795  1730M / 18G   INFO   Simplification           (parallel_processing.hpp   : 168)   Running Bulge remover
  0:05:07.903  1731M / 18G   INFO   Simplification           (parallel_processing.hpp   : 171)   Bulge remover triggered 42 times
  0:05:07.903  1731M / 18G   INFO   Simplification           (parallel_processing.hpp   : 168)   Running Low coverage edge remover
  0:05:07.959  1731M / 18G   INFO   Simplification           (parallel_processing.hpp   : 171)   Low coverage edge remover triggered 0 times
  0:05:07.959  1731M / 18G   INFO    General                 (simplification.cpp        : 402)   PROCEDURE == Simplification cycle, iteration 5
  0:05:07.959  1731M / 18G   INFO   Simplification           (parallel_processing.hpp   : 168)   Running Tip clipper
  0:05:07.959  1731M / 18G   INFO   Simplification           (parallel_processing.hpp   : 171)   Tip clipper triggered 0 times
  0:05:07.959  1731M / 18G   INFO   Simplification           (parallel_processing.hpp   : 168)   Running Bulge remover
  0:05:07.959  1731M / 18G   INFO   Simplification           (parallel_processing.hpp   : 171)   Bulge remover triggered 0 times
  0:05:07.960  1731M / 18G   INFO   Simplification           (parallel_processing.hpp   : 168)   Running Low coverage edge remover
  0:05:07.960  1731M / 18G   INFO   Simplification           (parallel_processing.hpp   : 171)   Low coverage edge remover triggered 0 times
  0:05:08.038  1693M / 18G   INFO   StageManager             (stage.cpp                 : 210)   STAGE == Gap Closer (id: prelim_gapcloser)
  0:05:08.046  1707M / 18G   INFO    General                 (edge_index.hpp            : 132)   Size of edge index entries: 12/8
  0:05:08.126  1711M / 18G   INFO    General                 (gap_closer.cpp            : 117)   Total edges in tip neighborhood: 190371 out of 294483, length: 186572814
  0:05:08.135  1712M / 18G   INFO    General                 (edge_index.hpp            : 196)   Using small index (max_id = 16481112)
  0:05:08.398  1712M / 18G   INFO   K-mer Index Building     (kmer_index_builder.hpp    : 460)   Building perfect hash indices
  0:05:11.338  1787M / 18G   INFO   K-mer Index Building     (kmer_index_builder.hpp    : 496)   Index built. Total 102379560 kmers, 73955040 bytes occupied (5.77889 bits per kmer).
  0:05:11.957  2571M / 18G   INFO    General                 (edge_index_builders.hpp   : 266)   Collecting edge information from graph, this takes a while.
  0:05:13.646  2569M / 18G   INFO    General                 (sequence_mapper_notifier.h:  80)   Starting sequence mapping
  0:05:33.539  2569M / 18G   INFO    General                 (sequence_mapper_notifier.h: 101)   Processed 200000 reads
  0:05:33.612  2570M / 18G   INFO    General                 (sequence_mapper_notifier.h: 101)   Processed 400000 reads
  0:05:33.706  2570M / 18G   INFO    General                 (sequence_mapper_notifier.h: 101)   Processed 600000 reads
  0:05:33.769  2570M / 18G   INFO    General                 (sequence_mapper_notifier.h: 101)   Processed 800000 reads
  0:05:33.799  2571M / 18G   INFO    General                 (sequence_mapper_notifier.h: 101)   Processed 1000000 reads
  0:05:33.964  2571M / 18G   INFO    General                 (sequence_mapper_notifier.h: 101)   Processed 1200000 reads
  0:05:34.403  2571M / 18G   INFO    General                 (sequence_mapper_notifier.h: 101)   Processed 2200000 reads
  0:05:37.438  2571M / 18G   INFO    General                 (sequence_mapper_notifier.h: 101)   Processed 4200000 reads
  0:05:52.304  2579M / 18G   INFO    General                 (sequence_mapper_notifier.h: 120)   Total 9999320 reads processed
  0:05:52.566  1731M / 18G   INFO    General                 (gap_closer.cpp            : 505)   Initializing gap closer
  0:05:52.567  1731M / 18G   INFO   GapCloser                (gap_closer.cpp            : 421)   Collecting gap candidates
  0:05:52.772  1735M / 18G   INFO   GapCloser                (gap_closer.cpp            : 425)   Total 85127 tips collected, total 87240 connection candidates
  0:05:53.215  1735M / 18G   INFO   GapCloser                (gap_closer.cpp            : 446)   Closing short gaps complete: filled 961 gaps after checking 86057 candidates
  0:05:53.297  1731M / 18G   INFO    General                 (gap_closer.cpp            : 510)   Gap closer done
  0:05:53.329  1693M / 18G   INFO   StageManager             (stage.cpp                 : 210)   STAGE == Preliminary Paired Information Counting (id: late_pair_info_count_preliminary)
  0:05:54.038  1864M / 18G   INFO    General                 (graph_pack_helpers.cpp    :  43)   Index refill
  0:05:54.038  1864M / 18G   INFO    General                 (edge_index.hpp            : 175)   Using small index (max_id = 16481112)
  0:05:55.311  1864M / 18G   INFO   K-mer Index Building     (kmer_index_builder.hpp    : 460)   Building perfect hash indices
  0:06:11.891  1974M / 18G   INFO   K-mer Index Building     (kmer_index_builder.hpp    : 496)   Index built. Total 159290178 kmers, 115120006 bytes occupied (5.78165 bits per kmer).
mimalloc: warning: unable to allocate aligned OS memory directly, fall back to over-allocation (1279262720 bytes, address: 0x70cf37c00000, alignment: 67108864, commit: 1)
  0:06:12.854  3190M / 18G   INFO    General                 (edge_index_builders.hpp   : 253)   Collecting edge information from graph, this takes a while.
  0:06:22.519  3190M / 18G   INFO    General                 (graph_pack_helpers.cpp    :  55)   Normalizing k-mer map. Total 1758720 kmers to process
  0:06:23.225  3193M / 18G   INFO    General                 (kmer_mapper.hpp           :  87)   Total 12534 kmers with non-trivial roots
  0:06:23.227  3190M / 18G   INFO    General                 (graph_pack_helpers.cpp    :  57)   Normalizing done
  0:06:23.227  3190M / 18G   INFO    General                 (pair_info_count.cpp       : 165)   Min edge length for estimation: 900
  0:06:23.227  3190M / 18G   INFO    General                 (pair_info_count.cpp       : 176)   Estimating insert size for library #0
  0:06:23.227  3190M / 18G   INFO    General                 (pair_info_count.cpp       :  41)   Selecting usual mapper
  0:06:23.227  3190M / 18G   INFO    General                 (paired_info_utils.cpp     : 102)   Estimating insert size (takes a while)
  0:06:23.601  3719M / 18G   INFO    General                 (sequence_mapper_notifier.h:  80)   Starting sequence mapping
  0:06:27.779  3719M / 18G   INFO    General                 (sequence_mapper_notifier.h: 101)   Processed 200000 reads
  0:06:27.973  3719M / 18G   INFO    General                 (sequence_mapper_notifier.h: 101)   Processed 400000 reads
  0:06:28.064  3719M / 18G   INFO    General                 (sequence_mapper_notifier.h: 101)   Processed 600000 reads
  0:06:28.165  3719M / 18G   INFO    General                 (sequence_mapper_notifier.h: 101)   Processed 800000 reads
  0:06:28.189  3719M / 18G   INFO    General                 (sequence_mapper_notifier.h: 101)   Processed 1000000 reads
  0:06:28.596  3719M / 18G   INFO    General                 (sequence_mapper_notifier.h: 101)   Processed 1200000 reads
  0:06:28.720  3719M / 18G   INFO    General                 (sequence_mapper_notifier.h: 101)   Processed 2200000 reads
  0:06:29.454  3719M / 18G   INFO    General                 (sequence_mapper_notifier.h: 101)   Processed 4200000 reads
  0:06:35.441  3719M / 18G   INFO    General                 (sequence_mapper_notifier.h: 120)   Total 9999320 reads processed
  0:06:35.555  3719M / 18G   INFO    General                 (paired_info_utils.cpp     : 119)   Edge pairs: 642037
  0:06:35.555  3719M / 18G   INFO    General                 (paired_info_utils.cpp     : 121)   7537041 paired reads (75.3755% of all) aligned to long edges
  0:06:35.556  3190M / 18G   INFO    General                 (pair_info_count.cpp       : 196)     Insert size = 436.783, deviation = 94.1933, left quantile = 326, right quantile = 559, read length = 150
  0:06:35.575  3190M / 18G   INFO    General                 (pair_info_count.cpp       : 211)   Filtering data for library #0
  0:06:35.575  3190M / 18G   INFO    General                 (pair_info_count.cpp       :  41)   Selecting usual mapper
  0:06:35.577  3192M / 18G   INFO    General                 (sequence_mapper_notifier.h:  80)   Starting sequence mapping
  0:06:39.809  3192M / 18G   INFO    General                 (sequence_mapper_notifier.h: 101)   Processed 200000 reads
  0:06:39.881  3192M / 18G   INFO    General                 (sequence_mapper_notifier.h: 101)   Processed 400000 reads
  0:06:39.984  3192M / 18G   INFO    General                 (sequence_mapper_notifier.h: 101)   Processed 600000 reads
  0:06:40.197  3192M / 18G   INFO    General                 (sequence_mapper_notifier.h: 101)   Processed 800000 reads
  0:06:40.498  3192M / 18G   INFO    General                 (sequence_mapper_notifier.h: 101)   Processed 1000000 reads
  0:06:40.527  3192M / 18G   INFO    General                 (sequence_mapper_notifier.h: 101)   Processed 1200000 reads
  0:06:40.709  3192M / 18G   INFO    General                 (sequence_mapper_notifier.h: 101)   Processed 2200000 reads
  0:06:41.101  3192M / 18G   INFO    General                 (sequence_mapper_notifier.h: 101)   Processed 4200000 reads
  0:06:44.058  3192M / 18G   INFO    General                 (sequence_mapper_notifier.h: 101)   Processed 8424620 reads
  0:06:47.507  3192M / 18G   INFO    General                 (sequence_mapper_notifier.h: 120)   Total 9999320 reads processed
  0:06:47.507  3192M / 18G   INFO    General                 (pair_info_count.cpp       : 216)   Mapping library #0
  0:06:47.507  3192M / 18G   INFO    General                 (pair_info_count.cpp       : 218)   Mapping paired reads (takes a while)
  0:06:47.508  3192M / 18G   INFO    General                 (pair_info_count.cpp       :  41)   Selecting usual mapper
  0:06:47.508  3192M / 18G   INFO    General                 (paired_info_utils.cpp     : 152)   Left insert size quantile 326, right insert size quantile 559, filtering threshold 1, rounding threshold 0
  0:06:47.515  3206M / 18G   INFO    General                 (sequence_mapper_notifier.h:  80)   Starting sequence mapping
  0:06:52.036  3207M / 18G   INFO    General                 (sequence_mapper_notifier.h: 101)   Processed 200000 reads
  0:06:52.085  3209M / 18G   INFO    General                 (sequence_mapper_notifier.h: 101)   Processed 400000 reads
  0:06:52.230  3211M / 18G   INFO    General                 (sequence_mapper_notifier.h: 101)   Processed 600000 reads
  0:06:52.374  3212M / 18G   INFO    General                 (sequence_mapper_notifier.h: 101)   Processed 800000 reads
  0:06:52.694  3214M / 18G   INFO    General                 (sequence_mapper_notifier.h: 101)   Processed 1000000 reads
  0:06:52.744  3216M / 18G   INFO    General                 (sequence_mapper_notifier.h: 101)   Processed 1200000 reads
  0:06:52.942  3217M / 18G   INFO    General                 (sequence_mapper_notifier.h: 101)   Processed 2200000 reads
  0:06:53.496  3219M / 18G   INFO    General                 (sequence_mapper_notifier.h: 101)   Processed 4200000 reads
  0:06:59.536  3266M / 18G   INFO    General                 (sequence_mapper_notifier.h: 120)   Total 9999320 reads processed
  0:06:59.634  3261M / 18G   INFO    General                 (pair_info_count.cpp       : 169)   Library #1 was mapped earlier on hybrid aligning stage, skipping
  0:06:59.634  3261M / 18G   INFO   StageManager             (stage.cpp                 : 210)   STAGE == Preliminary Distance Estimation (id: distance_estimation_preliminary)
  0:06:59.634  3261M / 18G   INFO    General                 (distance_estimation.cpp   :  75)   Processing library #0
  0:06:59.634  3261M / 18G   INFO    General                 (distance_estimation_utils.:  23)   Estimating distances
  0:06:59.634  3261M / 18G   INFO   DistanceEstimator        (distance_estimation.hpp   : 132)   Using SIMPLE distance estimator
  0:07:02.257  3280M / 18G   INFO    General                 (distance_estimation_utils.: 137)   Refining clustered pair information
  0:07:02.396  3280M / 18G   INFO    General                 (distance_estimation_utils.: 139)   The refining of clustered pair information has been finished
  0:07:02.396  3280M / 18G   INFO    General                 (distance_estimation_utils.: 141)   Improving paired information
  0:07:02.821  3287M / 18G   INFO   PairInfoImprover         (pair_info_improver.hpp    :  80)   Paired info stats: missing = 143986; contradictional = 0
  0:07:03.169  3288M / 18G   INFO   PairInfoImprover         (pair_info_improver.hpp    :  80)   Paired info stats: missing = 11090; contradictional = 0
  0:07:03.170  3288M / 18G   INFO    General                 (distance_estimation_utils.:  81)   Filling scaffolding index
  0:07:03.170  3288M / 18G   INFO    General                 (distance_estimation_utils.:  23)   Estimating distances
  0:07:03.170  3288M / 18G   INFO   DistanceEstimator        (distance_estimation.hpp   : 132)   Using SMOOTHING distance estimator
  0:07:05.816  3290M / 18G   INFO    General                 (distance_estimation.cpp   :  84)   Clearing raw paired index
  0:07:05.933  3220M / 18G   INFO   StageManager             (stage.cpp                 : 210)   STAGE == Preliminary Repeat Resolving (id: repeat_resolving_preliminary)
  0:07:05.935  3220M / 18G   INFO    General                 (repeat_resolving.cpp      :  75)   Setting up preliminary path extend settings
  0:07:05.935  3220M / 18G   INFO    General                 (repeat_resolving.cpp      :  88)   Using Path-Extend repeat resolving
  0:07:05.935  3220M / 18G   INFO    General                 (launcher.cpp              : 636)   ExSPAnder repeat resolving tool started
  0:07:06.122  3298M / 18G   INFO    General                 (launcher.cpp              : 444)   Creating main extenders, unique edge length = 2000
  0:07:06.123  3332M / 18G   INFO    General                 (launcher.cpp              : 362)   filling path container
  0:07:06.123  3332M / 18G   INFO    General                 (extenders_logic.cpp       : 352)   Creating extender; library index size: 799975
  0:07:06.124  3349M / 18G   INFO    General                 (extenders_logic.cpp       : 352)   Creating extender; library index size: 799975
  0:07:06.218  3389M / 18G   INFO    General                 (extenders_logic.cpp       :  54)   resolvable_repeat_length_bound set to 37134
  0:07:06.276  3406M / 18G   INFO    General                 (extenders_logic.cpp       : 550)   Using 1 paired-end library
  0:07:06.277  3406M / 18G   INFO    General                 (extenders_logic.cpp       : 551)   Using 1 paired-end scaffolding library
  0:07:06.277  3406M / 18G   INFO    General                 (extenders_logic.cpp       : 552)   Using 1 single read library
  0:07:06.277  3406M / 18G   INFO    General                 (launcher.cpp              : 456)   Will not use new long read scaffolding algorithm in this mode
  0:07:06.277  3406M / 18G   INFO    General                 (launcher.cpp              : 473)   Total number of extenders is 4
  0:07:06.278  3406M / 18G   INFO    General                 (path_extenders.cpp        :  36)   Processed 0 paths from 145667 (0%)
  0:07:06.434  3411M / 18G   INFO    General                 (path_extenders.cpp        :  34)   Processed 128 paths from 145667 (0%)
  0:07:06.583  3416M / 18G   INFO    General                 (path_extenders.cpp        :  34)   Processed 256 paths from 145667 (0%)
  0:07:06.783  3421M / 18G   INFO    General                 (path_extenders.cpp        :  34)   Processed 512 paths from 145667 (0%)
  0:07:07.043  3426M / 18G   INFO    General                 (path_extenders.cpp        :  34)   Processed 1024 paths from 145667 (0%)
  0:07:07.459  3431M / 18G   INFO    General                 (path_extenders.cpp        :  34)   Processed 2048 paths from 145667 (1%)
  0:07:08.104  3438M / 18G   INFO    General                 (path_extenders.cpp        :  34)   Processed 4096 paths from 145667 (2%)
  0:07:08.954  3445M / 18G   INFO    General                 (path_extenders.cpp        :  34)   Processed 8192 paths from 145667 (5%)
  0:07:09.875  3452M / 18G   INFO    General                 (path_extenders.cpp        :  36)   Processed 14567 paths from 145667 (10%)
  0:07:10.088  3454M / 18G   INFO    General                 (path_extenders.cpp        :  34)   Processed 16384 paths from 145667 (11%)
  0:07:11.393  3469M / 18G   INFO    General                 (path_extenders.cpp        :  36)   Processed 29134 paths from 145667 (20%)
  0:07:11.724  3474M / 18G   INFO    General                 (path_extenders.cpp        :  34)   Processed 32768 paths from 145667 (22%)
  0:07:12.508  3487M / 18G   INFO    General                 (path_extenders.cpp        :  36)   Processed 43701 paths from 145667 (30%)
  0:07:13.398  3501M / 18G   INFO    General                 (path_extenders.cpp        :  36)   Processed 58268 paths from 145667 (40%)
  0:07:13.727  3506M / 18G   INFO    General                 (path_extenders.cpp        :  34)   Processed 65536 paths from 145667 (44%)
  0:07:14.016  3511M / 18G   INFO    General                 (path_extenders.cpp        :  36)   Processed 72835 paths from 145667 (50%)
  0:07:14.409  3519M / 18G   INFO    General                 (path_extenders.cpp        :  36)   Processed 87402 paths from 145667 (60%)
  0:07:14.638  3526M / 18G   INFO    General                 (path_extenders.cpp        :  36)   Processed 101969 paths from 145667 (70%)
  0:07:14.964  3534M / 18G   INFO    General                 (path_extenders.cpp        :  36)   Processed 116536 paths from 145667 (80%)
  0:07:15.422  3543M / 18G   INFO    General                 (path_extenders.cpp        :  34)   Processed 131072 paths from 145667 (89%)
  0:07:15.423  3543M / 18G   INFO    General                 (path_extenders.cpp        :  36)   Processed 131103 paths from 145667 (90%)
  0:07:15.618  3488M / 18G   INFO    General                 (launcher.cpp              : 264)   Finalizing paths
  0:07:15.619  3488M / 18G   INFO    General                 (launcher.cpp              : 266)   Deduplicating paths
  0:07:15.728  3484M / 18G   INFO    General                 (launcher.cpp              : 270)   Paths deduplicated
  0:07:15.729  3484M / 18G   INFO    General                 (launcher.cpp              : 277)   Overlaps will not be removed
  0:07:15.812  3484M / 18G   INFO    General                 (launcher.cpp              : 287)   Paths finalized
  0:07:15.812  3484M / 18G   INFO    General                 (launcher.cpp              : 482)   Closing gaps in paths
  0:07:16.042  3531M / 18G   INFO    General                 (launcher.cpp              : 512)   Gap closing completed
  0:07:16.227  3323M / 18G   INFO    General                 (launcher.cpp              : 320)   Traversing tandem repeats
  0:07:18.422  3323M / 18G   INFO    General                 (launcher.cpp              : 330)   Traversed 21 loops
  0:07:18.423  3323M / 18G   INFO    General                 (launcher.cpp              : 264)   Finalizing paths
  0:07:18.423  3323M / 18G   INFO    General                 (launcher.cpp              : 266)   Deduplicating paths
  0:07:18.511  3323M / 18G   INFO    General                 (launcher.cpp              : 270)   Paths deduplicated
  0:07:18.511  3323M / 18G   INFO    General                 (launcher.cpp              : 277)   Overlaps will not be removed
  0:07:18.588  3323M / 18G   INFO    General                 (launcher.cpp              : 287)   Paths finalized
  0:07:18.589  3323M / 18G   INFO    General                 (launcher.cpp              : 701)   ExSPAnder repeat resolving tool finished
  0:07:18.609  3266M / 18G   INFO    General                 (repeat_resolving.cpp      :  94)   Restoring initial path extend settings
  0:07:18.611  3266M / 18G   INFO   StageManager             (stage.cpp                 : 210)   STAGE == Contig Output (id: contig_output)
  0:07:18.611  3266M / 18G   INFO    General                 (contig_output_stage.cpp   : 159)   Writing GFA graph to "${ARTICLE32_WORK_DIR}/assemblies/spades-illumina-hifi/K77/strain_graph.gfa"
  0:07:19.660  3266M / 18G   INFO    General                 (contig_output_stage.cpp   : 210)   Breaking scaffolds
  0:07:20.816  3548M / 18G   INFO    General                 (contig_output_stage.cpp   : 101)   Outputting contigs to ${ARTICLE32_WORK_DIR}/assemblies/spades-illumina-hifi/K77/final_contigs.fasta
  0:07:21.498  3266M / 18G   INFO   StageManager             (stage.cpp                 : 210)   STAGE == Second Phase Setup (id: second_phase_setup)
  0:07:21.501  3266M / 18G   INFO    General                 (second_phase_setup.cpp    :  18)   Preparing second phase
  0:07:21.814  3022M / 18G   INFO    General                 (second_phase_setup.cpp    :  25)   Moving preliminary contigs from "${ARTICLE32_WORK_DIR}/assemblies/spades-illumina-hifi/K77/final_contigs.fasta" to "${ARTICLE32_WORK_DIR}/assemblies/spades-illumina-hifi/K77/first_pe_contigs.fasta"
  0:07:21.833  3022M / 18G   INFO    General                 (second_phase_setup.cpp    :  37)   Ready to run second phase
  0:07:21.833  3022M / 18G   INFO   StageManager             (stage.cpp                 : 210)   STAGE == Simplification (id: simplification)
  0:07:21.976  1695M / 18G   INFO    General                 (simplification.cpp        : 397)   Graph simplification started
  0:07:21.988  1695M / 18G   INFO    General                 (graph_simplification.hpp  : 646)   Creating parallel br instance
  0:07:21.989  1695M / 18G   INFO    General                 (simplification.cpp        : 402)   PROCEDURE == Simplification cycle, iteration 1
  0:07:21.989  1695M / 18G   INFO   Simplification           (parallel_processing.hpp   : 168)   Running Tip clipper
  0:07:22.050  1695M / 18G   INFO   Simplification           (parallel_processing.hpp   : 171)   Tip clipper triggered 0 times
  0:07:22.050  1695M / 18G   INFO   Simplification           (parallel_processing.hpp   : 168)   Running Bulge remover
  0:07:25.599  1842M / 18G   INFO   Simplification           (parallel_processing.hpp   : 171)   Bulge remover triggered 8795 times
  0:07:25.600  1842M / 18G   INFO   Simplification           (parallel_processing.hpp   : 168)   Running Low coverage edge remover
  0:07:25.678  1842M / 18G   INFO   Simplification           (parallel_processing.hpp   : 171)   Low coverage edge remover triggered 0 times
  0:07:25.679  1842M / 18G   INFO    General                 (simplification.cpp        : 402)   PROCEDURE == Simplification cycle, iteration 2
  0:07:25.679  1842M / 18G   INFO   Simplification           (parallel_processing.hpp   : 168)   Running Tip clipper
  0:07:25.682  1842M / 18G   INFO   Simplification           (parallel_processing.hpp   : 171)   Tip clipper triggered 1 times
  0:07:25.682  1842M / 18G   INFO   Simplification           (parallel_processing.hpp   : 168)   Running Bulge remover
  0:07:25.682  1842M / 18G   INFO   Simplification           (parallel_processing.hpp   : 171)   Bulge remover triggered 0 times
  0:07:25.683  1842M / 18G   INFO   Simplification           (parallel_processing.hpp   : 168)   Running Low coverage edge remover
  0:07:25.683  1842M / 18G   INFO   Simplification           (parallel_processing.hpp   : 171)   Low coverage edge remover triggered 0 times
  0:07:25.683  1842M / 18G   INFO    General                 (simplification.cpp        : 402)   PROCEDURE == Simplification cycle, iteration 3
  0:07:25.683  1842M / 18G   INFO   Simplification           (parallel_processing.hpp   : 168)   Running Tip clipper
  0:07:25.683  1842M / 18G   INFO   Simplification           (parallel_processing.hpp   : 171)   Tip clipper triggered 0 times
  0:07:25.684  1842M / 18G   INFO   Simplification           (parallel_processing.hpp   : 168)   Running Bulge remover
  0:07:25.684  1842M / 18G   INFO   Simplification           (parallel_processing.hpp   : 171)   Bulge remover triggered 0 times
  0:07:25.684  1842M / 18G   INFO   Simplification           (parallel_processing.hpp   : 168)   Running Low coverage edge remover
  0:07:25.684  1842M / 18G   INFO   Simplification           (parallel_processing.hpp   : 171)   Low coverage edge remover triggered 0 times
  0:07:25.684  1842M / 18G   INFO    General                 (simplification.cpp        : 402)   PROCEDURE == Simplification cycle, iteration 4
  0:07:25.685  1842M / 18G   INFO   Simplification           (parallel_processing.hpp   : 168)   Running Tip clipper
  0:07:25.738  1842M / 18G   INFO   Simplification           (parallel_processing.hpp   : 171)   Tip clipper triggered 0 times
  0:07:25.738  1842M / 18G   INFO   Simplification           (parallel_processing.hpp   : 168)   Running Bulge remover
  0:07:25.800  1842M / 18G   INFO   Simplification           (parallel_processing.hpp   : 171)   Bulge remover triggered 0 times
  0:07:25.800  1842M / 18G   INFO   Simplification           (parallel_processing.hpp   : 168)   Running Low coverage edge remover
  0:07:25.851  1842M / 18G   INFO   Simplification           (parallel_processing.hpp   : 171)   Low coverage edge remover triggered 0 times
  0:07:25.927  1842M / 18G   INFO   StageManager             (stage.cpp                 : 210)   STAGE == Gap Closer (id: late_gapcloser)
  0:07:25.938  1855M / 18G   INFO    General                 (edge_index.hpp            : 132)   Size of edge index entries: 12/8
  0:07:26.028  1859M / 18G   INFO    General                 (gap_closer.cpp            : 117)   Total edges in tip neighborhood: 188310 out of 240479, length: 186444737
  0:07:26.038  1861M / 18G   INFO    General                 (edge_index.hpp            : 196)   Using small index (max_id = 16481112)
  0:07:26.282  1861M / 18G   INFO   K-mer Index Building     (kmer_index_builder.hpp    : 460)   Building perfect hash indices
  0:07:29.114  1935M / 18G   INFO   K-mer Index Building     (kmer_index_builder.hpp    : 496)   Index built. Total 102371801 kmers, 73980100 bytes occupied (5.78129 bits per kmer).
  0:07:29.724  2719M / 18G   INFO    General                 (edge_index_builders.hpp   : 266)   Collecting edge information from graph, this takes a while.
  0:07:31.170  2717M / 18G   INFO    General                 (sequence_mapper_notifier.h:  80)   Starting sequence mapping
  0:07:54.077  2718M / 18G   INFO    General                 (sequence_mapper_notifier.h: 101)   Processed 200000 reads
  0:07:54.103  2718M / 18G   INFO    General                 (sequence_mapper_notifier.h: 101)   Processed 400000 reads
  0:07:54.160  2719M / 18G   INFO    General                 (sequence_mapper_notifier.h: 101)   Processed 600000 reads
  0:07:54.197  2719M / 18G   INFO    General                 (sequence_mapper_notifier.h: 101)   Processed 800000 reads
  0:07:54.279  2719M / 18G   INFO    General                 (sequence_mapper_notifier.h: 101)   Processed 1000000 reads
  0:07:54.329  2719M / 18G   INFO    General                 (sequence_mapper_notifier.h: 101)   Processed 1200000 reads
  0:07:54.823  2720M / 18G   INFO    General                 (sequence_mapper_notifier.h: 101)   Processed 2200000 reads
  0:07:56.954  2720M / 18G   INFO    General                 (sequence_mapper_notifier.h: 101)   Processed 4200000 reads
  0:08:12.697  2727M / 18G   INFO    General                 (sequence_mapper_notifier.h: 120)   Total 9999320 reads processed
  0:08:12.956  1879M / 18G   INFO    General                 (gap_closer.cpp            : 505)   Initializing gap closer
  0:08:12.957  1879M / 18G   INFO   GapCloser                (gap_closer.cpp            : 421)   Collecting gap candidates
  0:08:13.141  1883M / 18G   INFO   GapCloser                (gap_closer.cpp            : 425)   Total 83278 tips collected, total 85306 connection candidates
  0:08:13.574  1883M / 18G   INFO   GapCloser                (gap_closer.cpp            : 446)   Closing short gaps complete: filled 8 gaps after checking 85298 candidates
  0:08:13.633  1879M / 18G   INFO    General                 (gap_closer.cpp            : 510)   Gap closer done
  0:08:13.664  1842M / 18G   INFO   StageManager             (stage.cpp                 : 210)   STAGE == Simplification Cleanup (id: simplification_cleanup)
  0:08:13.669  1842M / 18G   INFO    General                 (simplification.cpp        : 189)   PROCEDURE == Post simplification
  0:08:13.669  1842M / 18G   INFO    General                 (graph_simplification.hpp  : 646)   Creating parallel br instance
  0:08:13.670  1842M / 18G   INFO    General                 (graph_simplification.hpp  : 646)   Creating parallel br instance
  0:08:13.670  1842M / 18G   INFO   Simplification           (parallel_processing.hpp   : 168)   Running Relative coverage component remover
  0:08:13.787  1842M / 18G   INFO   Simplification           (parallel_processing.hpp   : 171)   Relative coverage component remover triggered 405 times
  0:08:13.788  1842M / 18G   INFO   Simplification           (parallel_processing.hpp   : 168)   Running Disconnecting edges with relatively low coverage
  0:08:13.870  1842M / 18G   INFO   Simplification           (parallel_processing.hpp   : 171)   Disconnecting edges with relatively low coverage triggered 207 times
  0:08:13.870  1842M / 18G   INFO   Simplification           (parallel_processing.hpp   : 168)   Running Complex tip clipper
  0:08:13.945  1842M / 18G   INFO   Simplification           (parallel_processing.hpp   : 171)   Complex tip clipper triggered 7 times
  0:08:13.945  1842M / 18G   INFO   Simplification           (parallel_processing.hpp   : 168)   Running Complex bulge remover
  0:08:17.235  1916M / 18G   INFO   Simplification           (parallel_processing.hpp   : 171)   Complex bulge remover triggered 1843 times
  0:08:17.236  1916M / 18G   INFO   Simplification           (parallel_processing.hpp   : 168)   Running Tip clipper
  0:08:17.289  1916M / 18G   INFO   Simplification           (parallel_processing.hpp   : 171)   Tip clipper triggered 11 times
  0:08:17.290  1916M / 18G   INFO   Simplification           (parallel_processing.hpp   : 168)   Running Final tip clipper
  0:08:17.356  1916M / 18G   INFO   Simplification           (parallel_processing.hpp   : 171)   Final tip clipper triggered 556 times
  0:08:17.357  1916M / 18G   INFO   Simplification           (parallel_processing.hpp   : 168)   Running Bulge remover
  0:08:17.429  1917M / 18G   INFO   Simplification           (parallel_processing.hpp   : 171)   Bulge remover triggered 11 times
  0:08:17.429  1917M / 18G   INFO   Simplification           (parallel_processing.hpp   : 168)   Running Final bulge remover
  0:08:18.694  1940M / 18G   INFO   Simplification           (parallel_processing.hpp   : 171)   Final bulge remover triggered 309 times
  0:08:18.695  1940M / 18G   INFO   Simplification           (parallel_processing.hpp   : 168)   Running Thorn remover (meta)
  0:08:18.775  1940M / 18G   INFO   Simplification           (parallel_processing.hpp   : 171)   Thorn remover (meta) triggered 0 times
  0:08:18.776  1940M / 18G   INFO   Simplification           (parallel_processing.hpp   : 168)   Running Relative coverage component remover
  0:08:18.891  1940M / 18G   INFO   Simplification           (parallel_processing.hpp   : 171)   Relative coverage component remover triggered 3 times
  0:08:18.891  1940M / 18G   INFO   Simplification           (parallel_processing.hpp   : 168)   Running Disconnecting edges with relatively low coverage
  0:08:18.948  1940M / 18G   INFO   Simplification           (parallel_processing.hpp   : 171)   Disconnecting edges with relatively low coverage triggered 3 times
  0:08:18.948  1940M / 18G   INFO   Simplification           (parallel_processing.hpp   : 168)   Running Complex tip clipper
  0:08:19.018  1940M / 18G   INFO   Simplification           (parallel_processing.hpp   : 171)   Complex tip clipper triggered 0 times
  0:08:19.018  1940M / 18G   INFO   Simplification           (parallel_processing.hpp   : 168)   Running Complex bulge remover
  0:08:20.033  1940M / 18G   INFO   Simplification           (parallel_processing.hpp   : 171)   Complex bulge remover triggered 9 times
  0:08:20.033  1940M / 18G   INFO   Simplification           (parallel_processing.hpp   : 168)   Running Tip clipper
  0:08:20.081  1940M / 18G   INFO   Simplification           (parallel_processing.hpp   : 171)   Tip clipper triggered 1 times
  0:08:20.082  1940M / 18G   INFO   Simplification           (parallel_processing.hpp   : 168)   Running Final tip clipper
  0:08:20.130  1940M / 18G   INFO   Simplification           (parallel_processing.hpp   : 171)   Final tip clipper triggered 24 times
  0:08:20.130  1940M / 18G   INFO   Simplification           (parallel_processing.hpp   : 168)   Running Bulge remover
  0:08:20.193  1940M / 18G   INFO   Simplification           (parallel_processing.hpp   : 171)   Bulge remover triggered 9 times
  0:08:20.194  1940M / 18G   INFO   Simplification           (parallel_processing.hpp   : 168)   Running Final bulge remover
  0:08:20.299  1941M / 18G   INFO   Simplification           (parallel_processing.hpp   : 171)   Final bulge remover triggered 2 times
  0:08:20.300  1941M / 18G   INFO   Simplification           (parallel_processing.hpp   : 168)   Running Thorn remover (meta)
  0:08:20.362  1941M / 18G   INFO   Simplification           (parallel_processing.hpp   : 171)   Thorn remover (meta) triggered 0 times
  0:08:20.363  1941M / 18G   INFO   Simplification           (parallel_processing.hpp   : 168)   Running Relative coverage component remover
  0:08:20.476  1941M / 18G   INFO   Simplification           (parallel_processing.hpp   : 171)   Relative coverage component remover triggered 0 times
  0:08:20.476  1941M / 18G   INFO   Simplification           (parallel_processing.hpp   : 168)   Running Disconnecting edges with relatively low coverage
  0:08:20.477  1941M / 18G   INFO   Simplification           (parallel_processing.hpp   : 171)   Disconnecting edges with relatively low coverage triggered 0 times
  0:08:20.477  1941M / 18G   INFO   Simplification           (parallel_processing.hpp   : 168)   Running Complex tip clipper
  0:08:20.546  1941M / 18G   INFO   Simplification           (parallel_processing.hpp   : 171)   Complex tip clipper triggered 0 times
  0:08:20.546  1941M / 18G   INFO   Simplification           (parallel_processing.hpp   : 168)   Running Complex bulge remover
  0:08:21.535  1941M / 18G   INFO   Simplification           (parallel_processing.hpp   : 171)   Complex bulge remover triggered 0 times
  0:08:21.536  1941M / 18G   INFO   Simplification           (parallel_processing.hpp   : 168)   Running Tip clipper
  0:08:21.536  1941M / 18G   INFO   Simplification           (parallel_processing.hpp   : 171)   Tip clipper triggered 0 times
  0:08:21.537  1941M / 18G   INFO   Simplification           (parallel_processing.hpp   : 168)   Running Final tip clipper
  0:08:21.537  1941M / 18G   INFO   Simplification           (parallel_processing.hpp   : 171)   Final tip clipper triggered 0 times
  0:08:21.537  1941M / 18G   INFO   Simplification           (parallel_processing.hpp   : 168)   Running Bulge remover
  0:08:21.538  1941M / 18G   INFO   Simplification           (parallel_processing.hpp   : 171)   Bulge remover triggered 0 times
  0:08:21.538  1941M / 18G   INFO   Simplification           (parallel_processing.hpp   : 168)   Running Final bulge remover
  0:08:21.538  1941M / 18G   INFO   Simplification           (parallel_processing.hpp   : 171)   Final bulge remover triggered 0 times
  0:08:21.538  1941M / 18G   INFO   Simplification           (parallel_processing.hpp   : 168)   Running Thorn remover (meta)
  0:08:21.539  1941M / 18G   INFO   Simplification           (parallel_processing.hpp   : 171)   Thorn remover (meta) triggered 0 times
  0:08:21.539  1941M / 18G   INFO    General                 (simplification.cpp        : 344)   Running Hidden EC remover (meta)
  0:08:21.630  1941M / 18G   INFO    General                 (simplification.cpp        : 348)   Disrupting self-conjugate edges
  0:08:21.725  1941M / 18G   INFO   Simplification           (parallel_processing.hpp   : 168)   Running Removing isolated edges
  0:08:21.792  1940M / 18G   INFO   Simplification           (parallel_processing.hpp   : 171)   Removing isolated edges triggered 4764 times
  0:08:21.829  1939M / 18G   INFO    General                 (simplification.cpp        : 508)   After simplification:
  0:08:21.830  1939M / 18G   INFO    General                 (simplification.cpp        : 509)     Average coverage = 7.842
  0:08:21.863  1939M / 18G   INFO    General                 (simplification.cpp        : 510)     Total length = 156847568
  0:08:21.904  1939M / 18G   INFO    General                 (simplification.cpp        : 511)     Median edge length: 6692
  0:08:21.905  1939M / 18G   INFO    General                 (simplification.cpp        : 512)     Edges: 212832
  0:08:21.905  1939M / 18G   INFO    General                 (simplification.cpp        : 513)     Vertices: 377732
  0:08:21.905  1939M / 18G   INFO   StageManager             (stage.cpp                 : 210)   STAGE == Mismatch Correction (id: mismatch_correction)
  0:08:21.906  1939M / 18G   INFO    General                 (graph_pack_helpers.cpp    :  43)   Index refill
  0:08:21.906  1939M / 18G   INFO    General                 (edge_index.hpp            : 175)   Using small index (max_id = 16481112)
  0:08:23.598  1940M / 18G   INFO   K-mer Index Building     (kmer_index_builder.hpp    : 460)   Building perfect hash indices
  0:08:47.029  2050M / 18G   INFO   K-mer Index Building     (kmer_index_builder.hpp    : 496)   Index built. Total 156847568 kmers, 113335286 bytes occupied (5.78066 bits per kmer).
mimalloc: warning: unable to allocate aligned OS memory directly, fall back to over-allocation (1262485504 bytes, address: 0x70cf38c00000, alignment: 67108864, commit: 1)
  0:08:47.970  3250M / 18G   INFO    General                 (edge_index_builders.hpp   : 253)   Collecting edge information from graph, this takes a while.
  0:09:00.253  3250M / 18G   INFO    General                 (graph_pack_helpers.cpp    :  55)   Normalizing k-mer map. Total 5269926 kmers to process
  0:09:02.507  3256M / 18G   INFO    General                 (kmer_mapper.hpp           :  87)   Total 57556 kmers with non-trivial roots
  0:09:02.512  3250M / 18G   INFO    General                 (graph_pack_helpers.cpp    :  57)   Normalizing done
  0:09:02.512  3250M / 18G   INFO    General                 (mismatch_correction.cpp   : 421)   Collect potential mismatches
  0:09:03.257  3256M / 18G   INFO    General                 (mismatch_correction.cpp   : 213)   Total 10738 edges (out of 212832) with 195005 potential mismatch positions (18.1603 positions per edge)
  0:09:03.259  3252M / 18G   INFO    General                 (mismatch_correction.cpp   : 423)   Potential mismatches collected
  0:09:03.260  3252M / 18G   INFO    General                 (sequence_mapper_notifier.h:  80)   Starting sequence mapping
  0:09:05.672  3254M / 18G   INFO    General                 (sequence_mapper_notifier.h: 101)   Processed 200000 reads
  0:09:05.819  3257M / 18G   INFO    General                 (sequence_mapper_notifier.h: 101)   Processed 400000 reads
  0:09:05.862  3259M / 18G   INFO    General                 (sequence_mapper_notifier.h: 101)   Processed 600000 reads
  0:09:05.870  3262M / 18G   INFO    General                 (sequence_mapper_notifier.h: 101)   Processed 800000 reads
  0:09:05.907  3265M / 18G   INFO    General                 (sequence_mapper_notifier.h: 101)   Processed 1000000 reads
  0:09:05.921  3268M / 18G   INFO    General                 (sequence_mapper_notifier.h: 101)   Processed 1200000 reads
  0:09:06.166  3270M / 18G   INFO    General                 (sequence_mapper_notifier.h: 101)   Processed 2200000 reads
  0:09:06.550  3273M / 18G   INFO    General                 (sequence_mapper_notifier.h: 101)   Processed 4200000 reads
  0:09:09.238  3277M / 18G   INFO    General                 (sequence_mapper_notifier.h: 101)   Processed 8400000 reads
  0:09:13.084  3282M / 18G   INFO    General                 (sequence_mapper_notifier.h: 101)   Processed 16800000 reads
  0:09:21.662  3289M / 18G   INFO    General                 (sequence_mapper_notifier.h: 101)   Processed 33699600 reads
  0:09:27.761  3520M / 18G   INFO    General                 (sequence_mapper_notifier.h: 120)   Total 39997280 reads processed
  0:09:28.839  3268M / 18G   INFO    General                 (mismatch_correction.cpp   : 416)   All edges processed
  0:09:28.845  3251M / 18G   INFO    General                 (mismatch_correction.cpp   : 471)   Corrected 127 nucleotides
  0:09:28.845  3251M / 18G   INFO   StageManager             (stage.cpp                 : 210)   STAGE == Contig Output (id: contig_output)
  0:09:28.845  3251M / 18G   INFO    General                 (contig_output.hpp         :  20)   Outputting contigs to "${ARTICLE32_WORK_DIR}/assemblies/spades-illumina-hifi/K77/before_rr.fasta"
  0:09:29.832  3251M / 18G   INFO    General                 (contig_output_stage.cpp   : 159)   Writing GFA graph to "${ARTICLE32_WORK_DIR}/assemblies/spades-illumina-hifi/K77/assembly_graph_after_simplification.gfa"
  0:09:30.592  3251M / 18G   INFO   StageManager             (stage.cpp                 : 210)   STAGE == Hybrid Aligning (id: hybrid_aligning)
  0:09:30.592  3251M / 18G   INFO   HybridAligning           (hybrid_aligning.cpp       : 346)   Hybrid library detected: #1
  0:09:30.593  3251M / 18G   INFO    General                 (hybrid_aligning.cpp       : 299)   Aligning long reads with bwa-mem based aligner
  0:09:30.593  3251M / 18G   INFO   BWAIndex                 (bwa_index.cpp             :  52)   Setting BWA alignment mode to 'pacbio'
  0:09:33.077  3712M / 18G   INFO    General                 (bwa_index.cpp             : 153)   Using BWA RopeBWT algorithm
  0:13:23.129  4637M / 18G   INFO    General                 (hybrid_aligning.cpp       : 279)   Prepared batch 0 of 50000 reads.
  0:14:09.042  4698M / 18G   INFO    General                 (hybrid_aligning.cpp       : 241)   Read batch of size: 50000 processed; 50000 of them longer than 500; among long reads aligned: 49877; paths of more than one edge received: 12303
  0:14:09.193  4685M / 18G   INFO    General                 (hybrid_aligning.cpp       : 284)   Processed 50000 reads
  0:14:18.053  4695M / 18G   INFO    General                 (hybrid_aligning.cpp       : 279)   Prepared batch 1 of 50000 reads.
  0:15:06.746  4753M / 18G   INFO    General                 (hybrid_aligning.cpp       : 241)   Read batch of size: 50000 processed; 49999 of them longer than 500; among long reads aligned: 49853; paths of more than one edge received: 12199
  0:15:06.908  4732M / 18G   INFO    General                 (hybrid_aligning.cpp       : 284)   Processed 100000 reads
  0:15:15.517  4741M / 18G   INFO    General                 (hybrid_aligning.cpp       : 279)   Prepared batch 2 of 50000 reads.
  0:16:02.481  4798M / 18G   INFO    General                 (hybrid_aligning.cpp       : 241)   Read batch of size: 50000 processed; 50000 of them longer than 500; among long reads aligned: 49871; paths of more than one edge received: 12306
  0:16:02.656  4775M / 18G   INFO    General                 (hybrid_aligning.cpp       : 284)   Processed 150000 reads
  0:16:11.568  4773M / 18G   INFO    General                 (hybrid_aligning.cpp       : 279)   Prepared batch 3 of 50000 reads.
  0:16:58.539  4827M / 18G   INFO    General                 (hybrid_aligning.cpp       : 241)   Read batch of size: 50000 processed; 49999 of them longer than 500; among long reads aligned: 49856; paths of more than one edge received: 12259
  0:16:58.753  4803M / 18G   INFO    General                 (hybrid_aligning.cpp       : 284)   Processed 200000 reads
  0:17:08.268  4798M / 18G   INFO    General                 (hybrid_aligning.cpp       : 279)   Prepared batch 4 of 50000 reads.
  0:17:53.099  4853M / 18G   INFO    General                 (hybrid_aligning.cpp       : 241)   Read batch of size: 50000 processed; 50000 of them longer than 500; among long reads aligned: 49857; paths of more than one edge received: 12315
  0:17:53.278  4828M / 18G   INFO    General                 (hybrid_aligning.cpp       : 284)   Processed 250000 reads
  0:18:02.309  4845M / 18G   INFO    General                 (hybrid_aligning.cpp       : 279)   Prepared batch 5 of 50000 reads.
  0:18:48.279  4901M / 18G   INFO    General                 (hybrid_aligning.cpp       : 241)   Read batch of size: 50000 processed; 49999 of them longer than 500; among long reads aligned: 49879; paths of more than one edge received: 12294
  0:18:48.460  4875M / 18G   INFO    General                 (hybrid_aligning.cpp       : 284)   Processed 300000 reads
  0:18:57.557  4867M / 18G   INFO    General                 (hybrid_aligning.cpp       : 279)   Prepared batch 6 of 50000 reads.
  0:19:42.785  4921M / 18G   INFO    General                 (hybrid_aligning.cpp       : 241)   Read batch of size: 50000 processed; 50000 of them longer than 500; among long reads aligned: 49855; paths of more than one edge received: 12195
  0:19:42.969  4895M / 18G   INFO    General                 (hybrid_aligning.cpp       : 284)   Processed 350000 reads
  0:19:51.597  4890M / 18G   INFO    General                 (hybrid_aligning.cpp       : 279)   Prepared batch 7 of 50000 reads.
  0:20:36.847  4943M / 18G   INFO    General                 (hybrid_aligning.cpp       : 241)   Read batch of size: 50000 processed; 49998 of them longer than 500; among long reads aligned: 49864; paths of more than one edge received: 12241
  0:20:37.031  4917M / 18G   INFO    General                 (hybrid_aligning.cpp       : 284)   Processed 400000 reads
  0:20:46.134  4907M / 18G   INFO    General                 (hybrid_aligning.cpp       : 279)   Prepared batch 8 of 50000 reads.
  0:21:30.635  4959M / 18G   INFO    General                 (hybrid_aligning.cpp       : 241)   Read batch of size: 50000 processed; 49999 of them longer than 500; among long reads aligned: 49849; paths of more than one edge received: 12179
  0:21:30.801  4933M / 18G   INFO    General                 (hybrid_aligning.cpp       : 284)   Processed 450000 reads
  0:21:39.218  4909M / 18G   INFO    General                 (hybrid_aligning.cpp       : 279)   Prepared batch 9 of 50000 reads.
  0:22:23.433  4959M / 18G   INFO    General                 (hybrid_aligning.cpp       : 241)   Read batch of size: 50000 processed; 49999 of them longer than 500; among long reads aligned: 49883; paths of more than one edge received: 11980
  0:22:23.674  4934M / 18G   INFO    General                 (hybrid_aligning.cpp       : 284)   Processed 500000 reads
  0:22:28.459  4390M / 18G   INFO    General                 (hybrid_aligning.cpp       : 279)   Prepared batch 10 of 24805 reads.
  0:22:49.711  4415M / 18G   INFO    General                 (hybrid_aligning.cpp       : 241)   Read batch of size: 24805 processed; 24805 of them longer than 500; among long reads aligned: 24729; paths of more than one edge received: 5954
  0:22:49.792  4402M / 18G   INFO    General                 (hybrid_aligning.cpp       : 284)   Processed 524805 reads
  0:22:49.804  3889M / 18G   INFO    General                 (hybrid_aligning.cpp       : 313)   For library of long reads
  0:22:49.804  3889M / 18G   INFO   StatsCounter             (pacbio_read_structures.hpp: 165)   Median fraction of present seeds in maximal alignmnent among reads aligned to the graph: 0
  0:22:49.805  3889M / 18G   INFO    General                 (hybrid_aligning.cpp       : 315)   Aligning of long reads finished
  0:22:49.976  3523M / 18G   INFO   HybridAligning           (hybrid_aligning.cpp       : 393)   Padding gaps
  0:22:49.978  3523M / 18G   INFO   HybridAligning           (hybrid_aligning.cpp       : 397)   Min gap weight set to 2
  0:22:50.643  3515M / 18G   INFO    General                 (hybrid_aligning.cpp       : 151)   Closing gaps with long reads
mimalloc: warning: thread 0x70cfce400640: unable to allocate aligned OS memory directly, fall back to over-allocation (4269801472 bytes, address: 0x70ce39800000, alignment: 67108864, commit: 1)
mimalloc: warning: thread 0x70cfc6c00640: unable to allocate aligned OS memory directly, fall back to over-allocation (1501560832 bytes, address: 0x70cede800000, alignment: 67108864, commit: 1)
mimalloc: warning: thread 0x70cfc3000640: unable to allocate aligned OS memory directly, fall back to over-allocation (1186988032 bytes, address: 0x70cef1400000, alignment: 67108864, commit: 1)
  0:24:19.743  3553M / 18G   INFO   MultiGapJoiner           (hybrid_gap_closer.hpp     : 559)   Closed 41952 gaps
  0:25:39.322  3508M / 18G   INFO    General                 (hybrid_aligning.cpp       : 172)   Closing gaps with long reads finished
  0:25:39.409  3269M / 18G   INFO   StageManager             (stage.cpp                 : 210)   STAGE == Paired Information Counting (id: late_pair_info_count)
  0:25:39.777  3344M / 18G   INFO    General                 (graph_pack_helpers.cpp    :  55)   Normalizing k-mer map. Total 5283962 kmers to process
  0:25:41.808  3350M / 18G   INFO    General                 (kmer_mapper.hpp           :  87)   Total 36342 kmers with non-trivial roots
  0:25:41.811  3344M / 18G   INFO    General                 (graph_pack_helpers.cpp    :  57)   Normalizing done
  0:25:41.811  3344M / 18G   INFO    General                 (pair_info_count.cpp       : 165)   Min edge length for estimation: 900
  0:25:41.812  3344M / 18G   INFO    General                 (pair_info_count.cpp       : 176)   Estimating insert size for library #0
  0:25:41.812  3344M / 18G   INFO    General                 (pair_info_count.cpp       :  41)   Selecting usual mapper
  0:25:41.813  3344M / 18G   INFO    General                 (paired_info_utils.cpp     : 102)   Estimating insert size (takes a while)
  0:25:42.169  3872M / 18G   INFO    General                 (sequence_mapper_notifier.h:  80)   Starting sequence mapping
  0:25:47.554  3872M / 18G   INFO    General                 (sequence_mapper_notifier.h: 101)   Processed 200000 reads
  0:25:47.581  3872M / 18G   INFO    General                 (sequence_mapper_notifier.h: 101)   Processed 400000 reads
  0:25:47.622  3872M / 18G   INFO    General                 (sequence_mapper_notifier.h: 101)   Processed 600000 reads
  0:25:47.745  3872M / 18G   INFO    General                 (sequence_mapper_notifier.h: 101)   Processed 800000 reads
  0:25:47.829  3873M / 18G   INFO    General                 (sequence_mapper_notifier.h: 101)   Processed 1000000 reads
  0:25:47.973  3873M / 18G   INFO    General                 (sequence_mapper_notifier.h: 101)   Processed 1200000 reads
  0:25:48.418  3873M / 18G   INFO    General                 (sequence_mapper_notifier.h: 101)   Processed 2200000 reads
  0:25:49.093  3873M / 18G   INFO    General                 (sequence_mapper_notifier.h: 101)   Processed 4200000 reads
  0:25:58.243  3872M / 18G   INFO    General                 (sequence_mapper_notifier.h: 120)   Total 9999320 reads processed
  0:25:58.350  3872M / 18G   INFO    General                 (paired_info_utils.cpp     : 119)   Edge pairs: 246463
  0:25:58.350  3872M / 18G   INFO    General                 (paired_info_utils.cpp     : 121)   7981449 paired reads (79.8199% of all) aligned to long edges
  0:25:58.351  3344M / 18G   INFO    General                 (pair_info_count.cpp       : 196)     Insert size = 436.895, deviation = 94.3063, left quantile = 326, right quantile = 559, read length = 150
  0:25:58.352  3344M / 18G   INFO    General                 (pair_info_count.cpp       : 211)   Filtering data for library #0
  0:25:58.352  3344M / 18G   INFO    General                 (pair_info_count.cpp       :  41)   Selecting usual mapper
  0:25:58.354  3345M / 18G   INFO    General                 (sequence_mapper_notifier.h:  80)   Starting sequence mapping
  0:26:03.502  3345M / 18G   INFO    General                 (sequence_mapper_notifier.h: 101)   Processed 200000 reads
  0:26:03.655  3345M / 18G   INFO    General                 (sequence_mapper_notifier.h: 101)   Processed 400000 reads
  0:26:03.677  3345M / 18G   INFO    General                 (sequence_mapper_notifier.h: 101)   Processed 600000 reads
  0:26:03.720  3345M / 18G   INFO    General                 (sequence_mapper_notifier.h: 101)   Processed 800000 reads
  0:26:03.925  3345M / 18G   INFO    General                 (sequence_mapper_notifier.h: 101)   Processed 1000000 reads
  0:26:03.962  3345M / 18G   INFO    General                 (sequence_mapper_notifier.h: 101)   Processed 1200000 reads
  0:26:04.366  3345M / 18G   INFO    General                 (sequence_mapper_notifier.h: 101)   Processed 2200000 reads
  0:26:05.163  3345M / 18G   INFO    General                 (sequence_mapper_notifier.h: 101)   Processed 4200000 reads
  0:26:13.085  3345M / 18G   INFO    General                 (sequence_mapper_notifier.h: 120)   Total 9999320 reads processed
  0:26:13.086  3345M / 18G   INFO    General                 (pair_info_count.cpp       : 216)   Mapping library #0
  0:26:13.086  3345M / 18G   INFO    General                 (pair_info_count.cpp       : 218)   Mapping paired reads (takes a while)
  0:26:13.087  3345M / 18G   INFO    General                 (pair_info_count.cpp       :  41)   Selecting usual mapper
  0:26:13.087  3345M / 18G   INFO    General                 (paired_info_utils.cpp     : 152)   Left insert size quantile 326, right insert size quantile 559, filtering threshold 1, rounding threshold 0
  0:26:13.097  3358M / 18G   INFO    General                 (sequence_mapper_notifier.h:  80)   Starting sequence mapping
  0:26:18.678  3359M / 18G   INFO    General                 (sequence_mapper_notifier.h: 101)   Processed 200000 reads
  0:26:18.710  3360M / 18G   INFO    General                 (sequence_mapper_notifier.h: 101)   Processed 400000 reads
  0:26:18.760  3361M / 18G   INFO    General                 (sequence_mapper_notifier.h: 101)   Processed 600000 reads
  0:26:18.861  3362M / 18G   INFO    General                 (sequence_mapper_notifier.h: 101)   Processed 800000 reads
  0:26:18.902  3363M / 18G   INFO    General                 (sequence_mapper_notifier.h: 101)   Processed 1000000 reads
  0:26:19.130  3364M / 18G   INFO    General                 (sequence_mapper_notifier.h: 101)   Processed 1200000 reads
  0:26:19.456  3365M / 18G   INFO    General                 (sequence_mapper_notifier.h: 101)   Processed 2200000 reads
  0:26:20.254  3366M / 18G   INFO    General                 (sequence_mapper_notifier.h: 101)   Processed 4200000 reads
  0:26:28.233  3396M / 18G   INFO    General                 (sequence_mapper_notifier.h: 120)   Total 9999320 reads processed
  0:26:28.271  3386M / 18G   INFO    General                 (pair_info_count.cpp       : 169)   Library #1 was mapped earlier on hybrid aligning stage, skipping
  0:26:28.271  3386M / 18G   INFO    General                 (pair_info_count.cpp       : 172)   Mapping contigs library #2
  0:26:28.272  3386M / 18G   INFO    General                 (pair_info_count.cpp       :  41)   Selecting usual mapper
  0:26:28.280  3388M / 18G   INFO    General                 (sequence_mapper_notifier.h:  80)   Starting sequence mapping
  0:26:39.870  3395M / 18G   INFO    General                 (sequence_mapper_notifier.h: 120)   Total 88749 reads processed
  0:26:39.871  3395M / 18G   INFO   StageManager             (stage.cpp                 : 210)   STAGE == Distance Estimation (id: distance_estimation)
  0:26:39.871  3395M / 18G   INFO    General                 (distance_estimation.cpp   :  75)   Processing library #0
  0:26:39.871  3395M / 18G   INFO    General                 (distance_estimation_utils.:  23)   Estimating distances
  0:26:39.872  3395M / 18G   INFO   DistanceEstimator        (distance_estimation.hpp   : 132)   Using SIMPLE distance estimator
  0:26:41.300  3401M / 18G   INFO    General                 (distance_estimation_utils.: 137)   Refining clustered pair information
  0:26:41.345  3401M / 18G   INFO    General                 (distance_estimation_utils.: 139)   The refining of clustered pair information has been finished
  0:26:41.346  3401M / 18G   INFO    General                 (distance_estimation_utils.: 141)   Improving paired information
  0:26:41.581  3404M / 18G   INFO   PairInfoImprover         (pair_info_improver.hpp    :  80)   Paired info stats: missing = 59536; contradictional = 0
  0:26:41.800  3404M / 18G   INFO   PairInfoImprover         (pair_info_improver.hpp    :  80)   Paired info stats: missing = 6492; contradictional = 0
  0:26:41.801  3404M / 18G   INFO    General                 (distance_estimation_utils.:  81)   Filling scaffolding index
  0:26:41.802  3404M / 18G   INFO    General                 (distance_estimation_utils.:  23)   Estimating distances
  0:26:41.802  3404M / 18G   INFO   DistanceEstimator        (distance_estimation.hpp   : 132)   Using SMOOTHING distance estimator
  0:26:43.848  3405M / 18G   INFO    General                 (distance_estimation.cpp   :  84)   Clearing raw paired index
  0:26:43.893  3363M / 18G   INFO   StageManager             (stage.cpp                 : 210)   STAGE == Repeat Resolving (id: repeat_resolving)
  0:26:43.894  3363M / 18G   INFO    General                 (repeat_resolving.cpp      :  88)   Using Path-Extend repeat resolving
  0:26:43.894  3363M / 18G   INFO    General                 (launcher.cpp              : 636)   ExSPAnder repeat resolving tool started
  0:26:43.895  3363M / 18G   INFO    General                 (launcher.cpp              : 193)   Autodetecting unique edge set parameters...
  0:26:43.895  3363M / 18G   INFO    General                 (launcher.cpp              : 195)   Minimal unique edge length set to the smallest MP library IS: 2000
  0:26:43.932  3364M / 18G   INFO    General                 (coverage_uniformity_analyz:  25)   genomic coverage is 3.24944 calculated of length 150965287
  0:26:43.960  3363M / 18G   INFO    General                 (launcher.cpp              : 200)   median coverage for edges longer than 2000 is 3.24944 uniformity 38%
  0:26:43.961  3363M / 18G   INFO    General                 (launcher.cpp              : 207)   Coverage is not uniform, we do not rely on coverage for long edge uniqueness
  0:26:44.022  3365M / 18G   INFO   ScaffoldingUniqueEdgeAna (scaff_supplementary.cpp   :  76)   With length cutoff: 2000, median long edge coverage: 3.25074, and maximal unique coverage: 50
  0:26:44.023  3365M / 18G   INFO   ScaffoldingUniqueEdgeAna (scaff_supplementary.cpp   :  79)   Unique edges quantity: 26472, unique edges length 301944732, total edges length 341239378
  0:26:44.107  3400M / 18G   INFO    General                 (launcher.cpp              : 444)   Creating main extenders, unique edge length = 2000
  0:26:44.108  3418M / 18G   INFO    General                 (launcher.cpp              : 362)   filling path container
  0:26:44.400  3529M / 18G   INFO    General                 (launcher.cpp              : 362)   filling path container
  0:26:44.435  3538M / 18G   INFO    General                 (extenders_logic.cpp       : 352)   Creating extender; library index size: 312232
  0:26:44.436  3547M / 18G   INFO    General                 (extenders_logic.cpp       : 352)   Creating extender; library index size: 312232
  0:26:44.489  3568M / 18G   INFO    General                 (extenders_logic.cpp       :  54)   resolvable_repeat_length_bound set to 37134
  0:26:45.975  3582M / 18G   INFO    General                 (extenders_logic.cpp       :  54)   resolvable_repeat_length_bound set to 10000
  0:26:46.090  3596M / 18G   INFO    General                 (extenders_logic.cpp       : 550)   Using 1 paired-end library
  0:26:46.091  3596M / 18G   INFO    General                 (extenders_logic.cpp       : 551)   Using 1 paired-end scaffolding library
  0:26:46.091  3596M / 18G   INFO    General                 (extenders_logic.cpp       : 552)   Using 2 single read libraries
  0:26:46.128  3596M / 18G   INFO    General                 (launcher.cpp              : 409)   Filling backbone edges for long reads scaffolding...
  0:26:46.129  3596M / 18G   INFO    General                 (launcher.cpp              : 411)    with long reads paths
  0:26:46.559  3598M / 18G   INFO    General                 (launcher.cpp              : 420)   Removing fake unique with paired-end libs
  0:26:47.778  3598M / 18G   INFO    General                 (launcher.cpp              : 431)   45160 unique edges
  0:26:47.778  3598M / 18G   INFO    General                 (extenders_logic.cpp       : 427)   Creating scaffolding extender for lib 1
  0:26:47.780  3600M / 18G   INFO   ExtensionChooser2015     (extension_chooser2015.hpp :  57)   ExtensionChooser2015 created
  0:26:47.831  3612M / 18G   INFO    General                 (extenders_logic.cpp       : 453)   Using 1 long reads scaffolding library
  0:26:47.832  3612M / 18G   INFO    General                 (extenders_logic.cpp       : 463)   Using additional coordinated coverage extender
  0:26:47.832  3621M / 18G   INFO    General                 (launcher.cpp              : 473)   Total number of extenders is 7
  0:26:47.833  3621M / 18G   INFO    General                 (path_extenders.cpp        :  36)   Processed 0 paths from 63740 (0%)
  0:26:48.557  3637M / 18G   INFO    General                 (path_extenders.cpp        :  34)   Processed 128 paths from 63740 (0%)
  0:26:48.673  3639M / 18G   INFO    General                 (path_extenders.cpp        :  34)   Processed 256 paths from 63740 (0%)
  0:26:48.841  3642M / 18G   INFO    General                 (path_extenders.cpp        :  34)   Processed 512 paths from 63740 (0%)
  0:26:49.027  3645M / 18G   INFO    General                 (path_extenders.cpp        :  34)   Processed 1024 paths from 63740 (1%)
  0:26:49.392  3650M / 18G   INFO    General                 (path_extenders.cpp        :  34)   Processed 2048 paths from 63740 (3%)
  0:26:49.807  3656M / 18G   INFO    General                 (path_extenders.cpp        :  34)   Processed 4096 paths from 63740 (6%)
  0:26:50.197  3664M / 18G   INFO    General                 (path_extenders.cpp        :  36)   Processed 6375 paths from 63740 (10%)
  0:26:50.436  3668M / 18G   INFO    General                 (path_extenders.cpp        :  34)   Processed 8192 paths from 63740 (12%)
  0:26:50.922  3677M / 18G   INFO    General                 (path_extenders.cpp        :  36)   Processed 12750 paths from 63740 (20%)
  0:26:51.216  3681M / 18G   INFO    General                 (path_extenders.cpp        :  34)   Processed 16384 paths from 63740 (25%)
  0:26:51.401  3683M / 18G   INFO    General                 (path_extenders.cpp        :  36)   Processed 19125 paths from 63740 (30%)
  0:26:51.787  3688M / 18G   INFO    General                 (path_extenders.cpp        :  36)   Processed 25500 paths from 63740 (40%)
  0:26:52.356  3695M / 18G   INFO    General                 (path_extenders.cpp        :  36)   Processed 31875 paths from 63740 (50%)
  0:26:52.395  3696M / 18G   INFO    General                 (path_extenders.cpp        :  34)   Processed 32768 paths from 63740 (51%)
  0:26:52.573  3699M / 18G   INFO    General                 (path_extenders.cpp        :  36)   Processed 38250 paths from 63740 (60%)
  0:26:52.638  3702M / 18G   INFO    General                 (path_extenders.cpp        :  36)   Processed 44625 paths from 63740 (70%)
  0:26:52.702  3705M / 18G   INFO    General                 (path_extenders.cpp        :  36)   Processed 51000 paths from 63740 (80%)
  0:26:52.778  3708M / 18G   INFO    General                 (path_extenders.cpp        :  36)   Processed 57375 paths from 63740 (90%)
  0:26:53.027  3685M / 18G   INFO    General                 (launcher.cpp              : 264)   Finalizing paths
  0:26:53.028  3685M / 18G   INFO    General                 (launcher.cpp              : 266)   Deduplicating paths
  0:26:53.066  3685M / 18G   INFO    General                 (launcher.cpp              : 270)   Paths deduplicated
  0:26:53.067  3685M / 18G   INFO   PEResolver               (pe_resolver.cpp           :  70)   Removing overlaps
  0:26:53.068  3685M / 18G   INFO   PEResolver               (pe_resolver.cpp           :  80)   Marking overlaps
  0:26:53.068  3685M / 18G   INFO   OverlapRemover           (overlap_remover.hpp       : 120)   Marking start/end overlaps
  0:26:53.137  3685M / 18G   INFO   OverlapRemover           (overlap_remover.hpp       : 123)   Marking remaining overlaps
  0:26:53.208  3686M / 18G   INFO   PEResolver               (pe_resolver.cpp           :  83)   Splitting paths
  0:26:53.236  3691M / 18G   INFO   PEResolver               (pe_resolver.cpp           :  88)   Deduplicating paths
  0:26:53.269  3685M / 18G   INFO   PEResolver               (pe_resolver.cpp           :  90)   Overlaps removed
  0:26:53.319  3684M / 18G   INFO    General                 (launcher.cpp              : 287)   Paths finalized
  0:26:53.320  3684M / 18G   INFO    General                 (launcher.cpp              : 482)   Closing gaps in paths
  0:26:53.346  3685M / 18G   INFO   PathPolisher             (path_polisher.cpp         :  71)   Unexpected cycle while polishing path, stopping polishing
  0:26:53.456  3687M / 18G   INFO   PathPolisher             (path_polisher.cpp         :  71)   Unexpected cycle while polishing path, stopping polishing
  0:26:53.482  3688M / 18G   INFO   PathPolisher             (path_polisher.cpp         :  71)   Unexpected cycle while polishing path, stopping polishing
  0:26:53.498  3689M / 18G   INFO   PathPolisher             (path_polisher.cpp         :  71)   Unexpected cycle while polishing path, stopping polishing
  0:26:53.503  3689M / 18G   INFO   PathPolisher             (path_polisher.cpp         :  71)   Unexpected cycle while polishing path, stopping polishing
  0:26:53.508  3689M / 18G   INFO   PathPolisher             (path_polisher.cpp         :  71)   Unexpected cycle while polishing path, stopping polishing
  0:26:53.594  3704M / 18G   INFO    General                 (launcher.cpp              : 512)   Gap closing completed
  0:26:53.709  3536M / 18G   INFO    General                 (launcher.cpp              : 320)   Traversing tandem repeats
  0:26:54.835  3536M / 18G   INFO    General                 (launcher.cpp              : 330)   Traversed 48 loops
  0:26:54.836  3536M / 18G   INFO    General                 (launcher.cpp              : 264)   Finalizing paths
  0:26:54.837  3536M / 18G   INFO    General                 (launcher.cpp              : 266)   Deduplicating paths
  0:26:54.859  3536M / 18G   INFO    General                 (launcher.cpp              : 270)   Paths deduplicated
  0:26:54.859  3536M / 18G   INFO   PEResolver               (pe_resolver.cpp           :  70)   Removing overlaps
  0:26:54.860  3536M / 18G   INFO   PEResolver               (pe_resolver.cpp           :  80)   Marking overlaps
  0:26:54.860  3536M / 18G   INFO   OverlapRemover           (overlap_remover.hpp       : 120)   Marking start/end overlaps
  0:26:54.907  3536M / 18G   INFO   OverlapRemover           (overlap_remover.hpp       : 123)   Marking remaining overlaps
  0:26:54.951  3536M / 18G   INFO   PEResolver               (pe_resolver.cpp           :  83)   Splitting paths
  0:26:54.963  3537M / 18G   INFO   PEResolver               (pe_resolver.cpp           :  88)   Deduplicating paths
  0:26:54.985  3536M / 18G   INFO   PEResolver               (pe_resolver.cpp           :  90)   Overlaps removed
  0:26:55.036  3536M / 18G   INFO    General                 (launcher.cpp              : 287)   Paths finalized
  0:26:55.037  3536M / 18G   INFO    General                 (launcher.cpp              : 701)   ExSPAnder repeat resolving tool finished
  0:26:55.078  3383M / 18G   INFO   StageManager             (stage.cpp                 : 210)   STAGE == Contig Output (id: contig_output)
  0:26:55.082  3383M / 18G   INFO    General                 (contig_output.hpp         :  20)   Outputting contigs to "${ARTICLE32_WORK_DIR}/assemblies/spades-illumina-hifi/K77/before_rr.fasta"
  0:26:56.105  3383M / 18G   INFO    General                 (contig_output_stage.cpp   : 159)   Writing GFA graph to "${ARTICLE32_WORK_DIR}/assemblies/spades-illumina-hifi/K77/assembly_graph_with_scaffolds.gfa"
  0:26:56.845  3383M / 18G   INFO    General                 (contig_output_stage.cpp   : 175)   Outputting FastG graph to "${ARTICLE32_WORK_DIR}/assemblies/spades-illumina-hifi/K77/assembly_graph.fastg"
  0:26:59.092  3383M / 18G   INFO    General                 (contig_output_stage.cpp   : 210)   Breaking scaffolds
  0:26:59.819  3604M / 18G   INFO    General                 (contig_output_stage.cpp   : 101)   Outputting contigs to ${ARTICLE32_WORK_DIR}/assemblies/spades-illumina-hifi/K77/final_contigs.fasta
  0:27:00.370  3604M / 18G   INFO    General                 (contig_output_stage.cpp   : 107)   Outputting FastG paths to ${ARTICLE32_WORK_DIR}/assemblies/spades-illumina-hifi/K77/final_contigs.paths
  0:27:01.019  3572M / 18G   INFO    General                 (contig_output_stage.cpp   : 101)   Outputting contigs to ${ARTICLE32_WORK_DIR}/assemblies/spades-illumina-hifi/K77/scaffolds.fasta
  0:27:01.550  3572M / 18G   INFO    General                 (contig_output_stage.cpp   : 107)   Outputting FastG paths to ${ARTICLE32_WORK_DIR}/assemblies/spades-illumina-hifi/K77/scaffolds.paths
  0:27:01.608  3572M / 18G   INFO    General                 (contig_output_stage.cpp   : 114)   Populating GFA with scaffold paths
  0:27:01.651  3383M / 18G   INFO    General                 (pipeline.cpp              : 305)   SPAdes finished
  0:27:03.124     1M / 18G   INFO    General                 (main.cpp                  : 131)   Assembling time: 0 hours 27 minutes 3 seconds

===== K77 finished. 


===== Copy files started. 


== Running: ${HYBRID_ENV_PREFIX}/bin/python3 ${HYBRID_ENV_PREFIX}/share/spades/spades_pipeline/supplemetary/copy_files.py ${ARTICLE32_WORK_DIR}/assemblies/spades-illumina-hifi/K77/before_rr.fasta ${ARTICLE32_WORK_DIR}/assemblies/spades-illumina-hifi/before_rr.fasta ${ARTICLE32_WORK_DIR}/assemblies/spades-illumina-hifi/K77/assembly_graph_after_simplification.gfa ${ARTICLE32_WORK_DIR}/assemblies/spades-illumina-hifi/assembly_graph_after_simplification.gfa ${ARTICLE32_WORK_DIR}/assemblies/spades-illumina-hifi/K77/final_contigs.fasta ${ARTICLE32_WORK_DIR}/assemblies/spades-illumina-hifi/contigs.fasta ${ARTICLE32_WORK_DIR}/assemblies/spades-illumina-hifi/K77/first_pe_contigs.fasta ${ARTICLE32_WORK_DIR}/assemblies/spades-illumina-hifi/first_pe_contigs.fasta ${ARTICLE32_WORK_DIR}/assemblies/spades-illumina-hifi/K77/strain_graph.gfa ${ARTICLE32_WORK_DIR}/assemblies/spades-illumina-hifi/strain_graph.gfa ${ARTICLE32_WORK_DIR}/assemblies/spades-illumina-hifi/K77/scaffolds.fasta ${ARTICLE32_WORK_DIR}/assemblies/spades-illumina-hifi/scaffolds.fasta ${ARTICLE32_WORK_DIR}/assemblies/spades-illumina-hifi/K77/scaffolds.paths ${ARTICLE32_WORK_DIR}/assemblies/spades-illumina-hifi/scaffolds.paths ${ARTICLE32_WORK_DIR}/assemblies/spades-illumina-hifi/K77/assembly_graph_with_scaffolds.gfa ${ARTICLE32_WORK_DIR}/assemblies/spades-illumina-hifi/assembly_graph_with_scaffolds.gfa ${ARTICLE32_WORK_DIR}/assemblies/spades-illumina-hifi/K77/assembly_graph.fastg ${ARTICLE32_WORK_DIR}/assemblies/spades-illumina-hifi/assembly_graph.fastg ${ARTICLE32_WORK_DIR}/assemblies/spades-illumina-hifi/K77/final_contigs.paths ${ARTICLE32_WORK_DIR}/assemblies/spades-illumina-hifi/contigs.paths


===== Copy files finished. 


===== Assembling finished. 


===== Breaking scaffolds started. 


== Running: ${HYBRID_ENV_PREFIX}/bin/python3 ${HYBRID_ENV_PREFIX}/share/spades/spades_pipeline/supplemetary/breaking_scaffolds_script.py --result_scaffolds_filename ${ARTICLE32_WORK_DIR}/assemblies/spades-illumina-hifi/scaffolds.fasta --misc_dir ${ARTICLE32_WORK_DIR}/assemblies/spades-illumina-hifi/misc --threshold_for_breaking_scaffolds 3


===== Breaking scaffolds finished. 


===== Terminate started. 


===== Terminate finished. 

 * Assembled contigs are in ${ARTICLE32_WORK_DIR}/assemblies/spades-illumina-hifi/contigs.fasta
 * Assembled scaffolds are in ${ARTICLE32_WORK_DIR}/assemblies/spades-illumina-hifi/scaffolds.fasta
 * Paths in the assembly graph corresponding to the contigs are in ${ARTICLE32_WORK_DIR}/assemblies/spades-illumina-hifi/contigs.paths
 * Paths in the assembly graph corresponding to the scaffolds are in ${ARTICLE32_WORK_DIR}/assemblies/spades-illumina-hifi/scaffolds.paths
 * Assembly graph is in ${ARTICLE32_WORK_DIR}/assemblies/spades-illumina-hifi/assembly_graph.fastg
 * Assembly graph in GFA format is in ${ARTICLE32_WORK_DIR}/assemblies/spades-illumina-hifi/assembly_graph_with_scaffolds.gfa

======= SPAdes pipeline finished.

SPAdes log can be found here: ${ARTICLE32_WORK_DIR}/assemblies/spades-illumina-hifi/spades.log

Thank you for using metaSPAdes! If you use it in your research, please cite:

  Nurk, S., Meleshko, D., Korobeynikov, A. and Pevzner, P.A., 2017. metaSPAdes: a new versatile metagenomic assembler. Genome research, 27(5), pp.824-834.
  doi.org/10.1101/gr.213959.116

