
======= SPAdes pipeline continued. Log can be found here: ${ARTICLE32_WORK_DIR}/assemblies/spades-illumina-ont/spades.log

Restored from Command line: ${HYBRID_ENV_PREFIX}/bin/spades.py	--meta	--only-assembler	-1	${ARTICLE32_RAW_DIR}/clean/ERR9765746_clean10m_R1.fastq.gz	-2	${ARTICLE32_RAW_DIR}/clean/ERR9765746_clean10m_R2.fastq.gz	--nanopore	${PROJECT_ROOT}/data/raw/article31/full/ERR9765780.fastq.gz	-k	21,33,55,77	-t	32	-m	256	-o	${ARTICLE32_WORK_DIR}/assemblies/spades-illumina-ont

Command line: ${HYBRID_ENV_PREFIX}/bin/spades.py	--meta	--only-assembler	-1	${ARTICLE32_RAW_DIR}/clean/ERR9765746_clean10m_R1.fastq.gz	-2	${ARTICLE32_RAW_DIR}/clean/ERR9765746_clean10m_R2.fastq.gz	--nanopore	${PROJECT_ROOT}/data/raw/article31/full/ERR9765780.fastq.gz	-k	21,33,55,77	-t	32	-m	256	-o	${ARTICLE32_WORK_DIR}/assemblies/spades-illumina-ont

System information:
  SPAdes version: 4.3.0
  Python version: 3.10.20
  OS: Linux-6.8.0-49-generic-x86_64-with-glibc2.35

Output dir: ${ARTICLE32_WORK_DIR}/assemblies/spades-illumina-ont
Mode: ONLY assembling (without read error correction)
Debug mode is turned OFF

Dataset parameters:
  Metagenomic mode
  Reads:
    Library number: 1, library type: paired-end
      orientation: fr
      left reads: ['${ARTICLE32_RAW_DIR}/clean/ERR9765746_clean10m_R1.fastq.gz']
      right reads: ['${ARTICLE32_RAW_DIR}/clean/ERR9765746_clean10m_R2.fastq.gz']
      interlaced reads: not specified
      single reads: not specified
      merged reads: not specified
    Library number: 2, library type: nanopore
      left reads: not specified
      right reads: not specified
      interlaced reads: not specified
      single reads: ['${PROJECT_ROOT}/data/raw/article31/full/ERR9765780.fastq.gz']
      merged reads: not specified
Assembly parameters:
  k: [21, 33, 55, 77]
  Repeat resolution is enabled
  Mismatch careful mode is turned OFF
  MismatchCorrector will be SKIPPED
  Coverage cutoff is turned OFF
  Assembly graph output will use GFA v1.2 format
Other parameters:
  Dir for temp files: ${ARTICLE32_WORK_DIR}/assemblies/spades-illumina-ont/tmp
  Threads: 32
  Memory limit (in Gb): 256

${ARTICLE32_RAW_DIR}/clean/ERR9765746_clean10m_R1.fastq.gz: max reads length: 150
${ARTICLE32_RAW_DIR}/clean/ERR9765746_clean10m_R2.fastq.gz: max reads length: 150

Reads length: 150


===== Before start started. 


===== Assembling started. 


===== K21 started. 


== Running: ${HYBRID_ENV_PREFIX}/bin/spades-core ${ARTICLE32_WORK_DIR}/assemblies/spades-illumina-ont/K21/configs/config.info ${ARTICLE32_WORK_DIR}/assemblies/spades-illumina-ont/K21/configs/mda_mode.info ${ARTICLE32_WORK_DIR}/assemblies/spades-illumina-ont/K21/configs/meta_mode.info

  0:00:00.000     1M / 17M   INFO    General                 (main.cpp                  :  94)   Loaded config from "${ARTICLE32_WORK_DIR}/assemblies/spades-illumina-ont/K21/configs/config.info"
  0:00:00.002     1M / 17M   INFO    General                 (main.cpp                  :  94)   Loaded config from "${ARTICLE32_WORK_DIR}/assemblies/spades-illumina-ont/K21/configs/mda_mode.info"
  0:00:00.002     1M / 17M   INFO    General                 (main.cpp                  :  94)   Loaded config from "${ARTICLE32_WORK_DIR}/assemblies/spades-illumina-ont/K21/configs/meta_mode.info"
  0:00:00.002     1M / 17M   INFO    General                 (memory_limit.cpp          :  55)   Memory limit set to 256 Gb
  0:00:00.002     1M / 17M   INFO    General                 (main.cpp                  : 102)   Starting SPAdes, built from N/A, git revision N/A
  0:00:00.002     1M / 17M   INFO    General                 (main.cpp                  : 103)   Maximum k-mer length: 128
  0:00:00.002     1M / 17M   INFO    General                 (main.cpp                  : 104)   Assembling dataset ("${ARTICLE32_WORK_DIR}/assemblies/spades-illumina-ont/dataset.info") with K=21
  0:00:00.002     1M / 17M   INFO    General                 (main.cpp                  : 105)   Maximum # of threads to use (adjusted due to OMP capabilities): 32
  0:00:00.002     1M / 17M   INFO    General                 (pipeline.cpp              : 221)   SPAdes started
  0:00:00.002     1M / 17M   INFO    General                 (pipeline.cpp              : 234)   Starting from stage: last
  0:00:00.002     1M / 17M   INFO    General                 (pipeline.cpp              : 245)   Two-step repeat resolution disabled
  0:00:00.002     1M / 17M   INFO   GraphCore                (graph_core.hpp            : 582)   Graph created, vertex min_id: 3, edge min_id: 3
  0:00:00.002     1M / 17M   INFO   GraphCore                (graph_core.hpp            : 583)   Vertex size: 48, edge size: 40
  0:00:00.003     1M / 17M   INFO    General                 (edge_index.hpp            : 132)   Size of edge index entries: 12/8
  0:00:00.003     1M / 17M   WARN   StageManager             (stage.cpp                 : 162)   No saved checkpoint
  0:00:00.003     1M / 17M   INFO   StageManager             (stage.cpp                 : 210)   STAGE == Binary Read Conversion (id: read_conversion)
  0:00:00.005     1M / 17M   INFO    General                 (read_converter.cpp        :  78)   Converting reads to binary format for library #0 (takes a while)
  0:00:00.005     1M / 17M   INFO    General                 (read_converter.cpp        :  99)   Converting paired reads
  0:00:00.582    81M / 121M  INFO    General                 (binary_converter.cpp      : 127)   16384 reads processed
  0:00:00.593    81M / 122M  INFO    General                 (binary_converter.cpp      : 127)   32768 reads processed
  0:00:00.615    81M / 123M  INFO    General                 (binary_converter.cpp      : 127)   65536 reads processed
  0:00:00.895    81M / 162M  INFO    General                 (binary_converter.cpp      : 127)   131072 reads processed
  0:00:01.626    50M / 210M  INFO    General                 (binary_converter.cpp      : 127)   262144 reads processed
  0:00:02.373     0M / 271M  INFO    General                 (binary_converter.cpp      : 127)   524288 reads processed
  0:00:04.054     0M / 378M  INFO    General                 (binary_converter.cpp      : 127)   1048576 reads processed
  0:00:07.366     0M / 547M  INFO    General                 (binary_converter.cpp      : 127)   2097152 reads processed
  0:00:13.713     0M / 673M  INFO    General                 (binary_converter.cpp      : 127)   4194304 reads processed
  0:00:26.379     0M / 807M  INFO    General                 (binary_converter.cpp      : 127)   8388608 reads processed
  0:00:31.433     0M / 851M  INFO    General                 (binary_converter.cpp      : 143)   9999320 reads written
  0:00:31.453     0M / 851M  INFO    General                 (read_converter.cpp        : 113)   Converting single reads
  0:00:31.469     0M / 851M  INFO    General                 (binary_converter.cpp      : 143)   0 reads written
  0:00:31.470     0M / 851M  INFO    General                 (read_converter.cpp        : 119)   Converting merged reads
  0:00:31.478     0M / 851M  INFO    General                 (binary_converter.cpp      : 143)   0 reads written
  0:00:31.479     0M / 851M  INFO    General                 (read_converter.cpp        :  78)   Converting reads to binary format for library #1 (takes a while)
  0:00:31.480     0M / 851M  INFO    General                 (read_converter.cpp        :  99)   Converting paired reads
  0:00:31.486     0M / 851M  INFO    General                 (binary_converter.cpp      : 143)   0 reads written
  0:00:31.488     0M / 851M  INFO    General                 (read_converter.cpp        : 113)   Converting single reads
  0:00:39.796     0M / 1271M INFO    General                 (binary_converter.cpp      : 127)   16384 reads processed
  0:00:39.894     0M / 1271M INFO    General                 (binary_converter.cpp      : 127)   32768 reads processed
  0:00:40.088     0M / 1271M INFO    General                 (binary_converter.cpp      : 127)   65536 reads processed
  0:00:47.903     0M / 1676M INFO    General                 (binary_converter.cpp      : 127)   131072 reads processed
  0:00:57.070     0M / 2138M INFO    General                 (binary_converter.cpp      : 127)   262144 reads processed
  0:01:20.882     0M / 3295M INFO    General                 (binary_converter.cpp      : 127)   524288 reads processed
  0:01:33.246     0M / 3744M INFO    General                 (binary_converter.cpp      : 143)   696944 reads written
  0:01:33.309     0M / 3744M INFO    General                 (read_converter.cpp        : 119)   Converting merged reads
  0:01:33.312     0M / 3744M INFO    General                 (binary_converter.cpp      : 143)   0 reads written
  0:01:33.838     1M / 3744M INFO   StageManager             (stage.cpp                 : 210)   STAGE == de Bruijn graph construction (id: construction)
  0:01:33.948     1M / 3744M INFO    General                 (construction.cpp          : 150)   Max read length 150
  0:01:33.948     1M / 3744M INFO    General                 (construction.cpp          : 156)   Average read length 148.973
  0:01:33.948     1M / 3744M INFO    General                 (stage.cpp                 : 120)   PROCEDURE == k+1-mer counting (id: construction:kpomer_counting)
  0:01:33.948     1M / 3744M INFO    General                 (kmer_index_builder.hpp    : 308)   Splitting kmer instances into 320 files using 32 threads. This might take a while.
  0:01:33.956     1M / 3744M INFO    General                 (file_limit.hpp            :  43)   Open file limit set to 1024
  0:01:33.956     1M / 3744M INFO    General                 (kmer_splitter.hpp         :  96)   Memory available for splitting buffers: 2.66666 Gb
  0:01:33.956     1M / 3744M INFO    General                 (kmer_splitter.hpp         : 104)   Using cell size of 209715
mimalloc: warning: thread 0x715494800640: unable to allocate aligned OS memory directly, fall back to over-allocation (67108864 bytes, address: 0x715485600000, alignment: 67108864, commit: 1)
mimalloc: warning: thread 0x71549c000640: unable to allocate aligned OS memory directly, fall back to over-allocation (67108864 bytes, address: 0x715485600000, alignment: 67108864, commit: 1)
  0:01:45.819    19G / 19G   INFO    General                 (kmer_splitters.hpp        : 128)   Processed 33227100 reads
  0:01:48.186    19G / 19G   INFO    General                 (kmer_splitters.hpp        : 128)   Processed 39997280 reads
  0:01:48.196     3M / 18G   INFO    General                 (kmer_splitters.hpp        : 134)   Used 39997280 reads
  0:01:48.652     3M / 18G   INFO    General                 (kmer_index_builder.hpp    : 314)   Starting k-mer counting.
  0:01:49.111     3M / 18G   INFO    General                 (kmer_index_builder.hpp    : 325)   K-mer counting done. There are 322715679 kmers in total.
  0:01:49.112     2M / 18G   INFO    General                 (stage.cpp                 : 120)   PROCEDURE == Extension index construction (id: construction:extension_index_construction)
  0:01:49.117     3M / 18G   INFO   K-mer Index Building     (kmer_index_builder.hpp    : 503)   Building kmer index
  0:01:49.117     3M / 18G   INFO    General                 (kmer_index_builder.hpp    : 308)   Splitting kmer instances into 320 files using 32 threads. This might take a while.
  0:01:49.123     3M / 18G   INFO    General                 (file_limit.hpp            :  43)   Open file limit set to 1024
  0:01:49.124     3M / 18G   INFO    General                 (kmer_splitter.hpp         :  96)   Memory available for splitting buffers: 2.66664 Gb
  0:01:49.124     3M / 18G   INFO    General                 (kmer_splitter.hpp         : 104)   Using cell size of 209715
  0:01:49.494    19G / 19G   INFO    General                 (kmer_splitters.hpp        : 197)   Processed 8111711 kmers
  0:01:50.158    19G / 19G   INFO    General                 (kmer_splitters.hpp        : 197)   Processed 40218689 kmers
  0:01:50.825    19G / 19G   INFO    General                 (kmer_splitters.hpp        : 197)   Processed 72570840 kmers
  0:01:51.494    19G / 19G   INFO    General                 (kmer_splitters.hpp        : 197)   Processed 104879210 kmers
  0:01:52.166    19G / 19G   INFO    General                 (kmer_splitters.hpp        : 197)   Processed 137178701 kmers
  0:01:52.838    19G / 19G   INFO    General                 (kmer_splitters.hpp        : 197)   Processed 169459078 kmers
  0:01:53.495    19G / 19G   INFO    General                 (kmer_splitters.hpp        : 197)   Processed 201705051 kmers
  0:01:54.153    19G / 19G   INFO    General                 (kmer_splitters.hpp        : 197)   Processed 233963291 kmers
  0:01:54.832    19G / 19G   INFO    General                 (kmer_splitters.hpp        : 197)   Processed 266175028 kmers
  0:01:55.500    19G / 19G   INFO    General                 (kmer_splitters.hpp        : 197)   Processed 298387141 kmers
  0:01:55.996    19G / 19G   INFO    General                 (kmer_splitters.hpp        : 197)   Processed 322717439 kmers
  0:01:55.998    19G / 19G   INFO    General                 (kmer_splitters.hpp        : 202)   Used 322717439 kmers.
  0:01:56.005     4M / 18G   INFO    General                 (kmer_index_builder.hpp    : 314)   Starting k-mer counting.
  0:01:57.011     4M / 18G   INFO    General                 (kmer_index_builder.hpp    : 325)   K-mer counting done. There are 318369337 kmers in total.
  0:01:57.012     4M / 18G   INFO   K-mer Index Building     (kmer_index_builder.hpp    : 460)   Building perfect hash indices
  0:01:59.171   227M / 18G   INFO   K-mer Index Building     (kmer_index_builder.hpp    : 496)   Index built. Total 318369337 kmers, 230184544 bytes occupied (5.78409 bits per kmer).
  0:01:59.179   227M / 18G   INFO    General                 (kmer_index_builder.hpp    : 191)   Merging final buckets.
  0:02:13.955   531M / 18G   INFO   DeBruijnExtensionIndexBu (kmer_extension_index_build: 101)   Building k-mer extensions from k+1-mers
  0:02:23.366   531M / 18G   INFO   DeBruijnExtensionIndexBu (kmer_extension_index_build: 106)   Building k-mer extensions from k+1-mers finished.
  0:02:23.506   530M / 18G   INFO    General                 (stage.cpp                 : 120)   PROCEDURE == Early tip clipping (id: construction:early_tip_clipper)
  0:02:23.506   530M / 18G   INFO    General                 (construction.cpp          : 298)   Early tip clipper length bound set as (RL - K)
  0:02:23.506   530M / 18G   INFO   Early tip clipping       (early_simplification.hpp  :  48)   Early tip clipping
  0:02:33.006   788M / 18G   INFO   Early tip clipping       (early_simplification.hpp  :  83)   #tipped junctions: 2629497
  0:02:33.095   788M / 18G   INFO   Early tip clipping       (early_simplification.hpp  :  94)   Clipped tips: 2654999
  0:02:33.228   530M / 18G   INFO   Early tip clipping       (early_simplification.hpp  :  50)   48772581 22-mers were removed by early tip clipper
  0:02:33.228   530M / 18G   INFO    General                 (stage.cpp                 : 120)   PROCEDURE == Condensing graph (id: construction:graph_condensing)
  0:02:33.232   530M / 18G   INFO   UnbranchingPathExtractor (debruijn_graph_constructor: 324)   Extracting unbranching paths
  0:02:43.858   778M / 18G   INFO   UnbranchingPathExtractor (debruijn_graph_constructor: 348)   Extracting unbranching paths finished. 12814903 sequences extracted
  0:02:49.116   777M / 18G   INFO   UnbranchingPathExtractor (debruijn_graph_constructor: 362)   Collecting perfect loops
  0:02:50.268   778M / 18G   INFO   UnbranchingPathExtractor (debruijn_graph_constructor: 395)   Collecting perfect loops finished. 77 loops collected
  0:02:50.936   777M / 18G   INFO   DeBruijnGraphConstructor (debruijn_graph_constructor: 597)   Sorting edges...
  0:02:51.138   777M / 18G   INFO   DeBruijnGraphConstructor (debruijn_graph_constructor: 602)   Edges sorted
  0:02:51.138   777M / 18G   INFO    General                 (debruijn_graph_constructor: 511)   Total 25629960 edges to create
  0:02:51.138  1764M / 18G   INFO    General                 (debruijn_graph_constructor: 514)   Collecting link records
  0:03:10.478  2156M / 18G   INFO    General                 (debruijn_graph_constructor: 521)   Total short graph edges: 23316068
  0:03:10.478  2156M / 18G   INFO    General                 (debruijn_graph_constructor: 523)   Ordering link records
  0:03:10.672  2156M / 18G   INFO    General                 (debruijn_graph_constructor: 529)   Sorting done
  0:03:10.877  2284M / 18G   INFO    General                 (debruijn_graph_constructor: 542)   Sorting LinkRecords...
  0:03:11.082  2284M / 18G   INFO    General                 (debruijn_graph_constructor: 548)   LinkRecords sorted
  0:03:11.082  2284M / 18G   INFO    General                 (debruijn_graph_constructor: 550)   Total 8468638 vertices to create
  0:03:11.082  3067M / 18G   INFO    General                 (debruijn_graph_constructor: 553)   Connecting the graph
  0:03:29.669  2352M / 18G   INFO    General                 (stage.cpp                 : 120)   PROCEDURE == Filling coverage indices (PHM) (id: construction:coverage_filling_phm)
  0:03:29.670  2352M / 18G   INFO   K-mer Index Building     (kmer_index_builder.hpp    : 460)   Building perfect hash indices
  0:03:31.913  2580M / 18G   INFO   K-mer Index Building     (kmer_index_builder.hpp    : 496)   Index built. Total 322715679 kmers, 233324136 bytes occupied (5.78402 bits per kmer).
mimalloc: warning: unable to allocate aligned OS memory directly, fall back to over-allocation (1296039936 bytes, address: 0x715422c00000, alignment: 67108864, commit: 1)
  0:03:32.784  3812M / 18G   INFO    General                 (coverage_hash_map_builder.:  49)   Collecting k-mer coverage information from reads, this takes a while.
  0:04:11.520  3812M / 18G   INFO    General                 (construction.cpp          : 400)   Filling coverage and flanking coverage from PHM
  0:04:22.234  3812M / 18G   INFO    General                 (coverage_filling.hpp      :  83)   Processed 25623782 edges
  0:04:22.258  3812M / 18G   INFO    General                 (coverage_filling.hpp      :  83)   Processed 25628987 edges
  0:04:24.002  1824M / 18G   INFO   StageManager             (stage.cpp                 : 210)   STAGE == Raw Simplification (id: raw_simplification)
  0:04:24.009  1824M / 18G   INFO    General                 (simplification.cpp        : 129)   PROCEDURE == Initial cleaning
  0:04:24.009  1824M / 18G   INFO    General                 (graph_simplification.hpp  : 674)   Flanking coverage based disconnection disabled
  0:04:24.009  1824M / 18G   INFO   Simplification           (parallel_processing.hpp   : 168)   Running Self conjugate edge remover
  0:04:24.341  1824M / 18G   INFO   Simplification           (parallel_processing.hpp   : 171)   Self conjugate edge remover triggered 0 times
  0:04:24.341  1824M / 18G   INFO   Simplification           (parallel_processing.hpp   : 168)   Running Initial tip clipper
  0:04:24.893  1825M / 18G   INFO   Simplification           (parallel_processing.hpp   : 171)   Initial tip clipper triggered 20609 times
  0:04:24.894  1825M / 18G   INFO   Simplification           (parallel_processing.hpp   : 168)   Running Initial ec remover
  0:05:02.944  2216M / 18G   INFO   Simplification           (parallel_processing.hpp   : 171)   Initial ec remover triggered 3515097 times
  0:05:02.949  2216M / 18G   INFO   Simplification           (parallel_processing.hpp   : 168)   Running Initial isolated edge remover
  0:05:03.175  2215M / 18G   INFO   Simplification           (parallel_processing.hpp   : 171)   Initial isolated edge remover triggered 69164 times
  0:05:03.207  1833M / 18G   INFO   StageManager             (stage.cpp                 : 210)   STAGE == Simplification (id: simplification)
  0:05:03.207  1833M / 18G   INFO    General                 (simplification.cpp        : 397)   Graph simplification started
  0:05:03.207  1833M / 18G   INFO    General                 (graph_simplification.hpp  : 646)   Creating parallel br instance
  0:05:03.207  1833M / 18G   INFO    General                 (simplification.cpp        : 402)   PROCEDURE == Simplification cycle, iteration 1
  0:05:03.207  1833M / 18G   INFO   Simplification           (parallel_processing.hpp   : 168)   Running Tip clipper
  0:05:03.552  1833M / 18G   INFO   Simplification           (parallel_processing.hpp   : 171)   Tip clipper triggered 30648 times
  0:05:03.553  1833M / 18G   INFO   Simplification           (parallel_processing.hpp   : 168)   Running Bulge remover
  0:05:31.474  1880M / 18G   INFO   Simplification           (parallel_processing.hpp   : 171)   Bulge remover triggered 723501 times
  0:05:31.476  1880M / 18G   INFO   Simplification           (parallel_processing.hpp   : 168)   Running Low coverage edge remover
  0:05:31.569  1884M / 18G   INFO   Simplification           (parallel_processing.hpp   : 171)   Low coverage edge remover triggered 0 times
  0:05:31.570  1884M / 18G   INFO    General                 (simplification.cpp        : 402)   PROCEDURE == Simplification cycle, iteration 2
  0:05:31.570  1884M / 18G   INFO   Simplification           (parallel_processing.hpp   : 168)   Running Tip clipper
  0:05:31.839  1884M / 18G   INFO   Simplification           (parallel_processing.hpp   : 171)   Tip clipper triggered 3509 times
  0:05:31.840  1884M / 18G   INFO   Simplification           (parallel_processing.hpp   : 168)   Running Bulge remover
  0:05:31.889  1875M / 18G   INFO   Simplification           (parallel_processing.hpp   : 171)   Bulge remover triggered 45 times
  0:05:31.889  1875M / 18G   INFO   Simplification           (parallel_processing.hpp   : 168)   Running Low coverage edge remover
  0:05:32.411  1875M / 18G   INFO   Simplification           (parallel_processing.hpp   : 171)   Low coverage edge remover triggered 35633 times
  0:05:32.415  1875M / 18G   INFO    General                 (simplification.cpp        : 402)   PROCEDURE == Simplification cycle, iteration 3
  0:05:32.415  1875M / 18G   INFO   Simplification           (parallel_processing.hpp   : 168)   Running Tip clipper
  0:05:32.454  1875M / 18G   INFO   Simplification           (parallel_processing.hpp   : 171)   Tip clipper triggered 508 times
  0:05:32.455  1875M / 18G   INFO   Simplification           (parallel_processing.hpp   : 168)   Running Bulge remover
  0:05:35.366  1876M / 18G   INFO   Simplification           (parallel_processing.hpp   : 171)   Bulge remover triggered 2035 times
  0:05:35.367  1876M / 18G   INFO   Simplification           (parallel_processing.hpp   : 168)   Running Low coverage edge remover
  0:05:35.771  1878M / 18G   INFO   Simplification           (parallel_processing.hpp   : 171)   Low coverage edge remover triggered 39937 times
  0:05:35.773  1878M / 18G   INFO    General                 (simplification.cpp        : 402)   PROCEDURE == Simplification cycle, iteration 4
  0:05:35.773  1878M / 18G   INFO   Simplification           (parallel_processing.hpp   : 168)   Running Tip clipper
  0:05:35.838  1878M / 18G   INFO   Simplification           (parallel_processing.hpp   : 171)   Tip clipper triggered 222 times
  0:05:35.838  1878M / 18G   INFO   Simplification           (parallel_processing.hpp   : 168)   Running Bulge remover
  0:05:40.769  1876M / 18G   INFO   Simplification           (parallel_processing.hpp   : 171)   Bulge remover triggered 2875 times
  0:05:40.769  1876M / 18G   INFO   Simplification           (parallel_processing.hpp   : 168)   Running Low coverage edge remover
  0:05:40.831  1876M / 18G   INFO   Simplification           (parallel_processing.hpp   : 171)   Low coverage edge remover triggered 11 times
  0:05:40.831  1876M / 18G   INFO    General                 (simplification.cpp        : 402)   PROCEDURE == Simplification cycle, iteration 5
  0:05:40.831  1876M / 18G   INFO   Simplification           (parallel_processing.hpp   : 168)   Running Tip clipper
  0:05:40.840  1876M / 18G   INFO   Simplification           (parallel_processing.hpp   : 171)   Tip clipper triggered 2 times
  0:05:40.840  1876M / 18G   INFO   Simplification           (parallel_processing.hpp   : 168)   Running Bulge remover
  0:05:40.840  1876M / 18G   INFO   Simplification           (parallel_processing.hpp   : 171)   Bulge remover triggered 0 times
  0:05:40.840  1876M / 18G   INFO   Simplification           (parallel_processing.hpp   : 168)   Running Low coverage edge remover
  0:05:40.840  1876M / 18G   INFO   Simplification           (parallel_processing.hpp   : 171)   Low coverage edge remover triggered 0 times
  0:05:40.840  1876M / 18G   INFO    General                 (simplification.cpp        : 402)   PROCEDURE == Simplification cycle, iteration 6
  0:05:40.840  1876M / 18G   INFO   Simplification           (parallel_processing.hpp   : 168)   Running Tip clipper
  0:05:40.840  1876M / 18G   INFO   Simplification           (parallel_processing.hpp   : 171)   Tip clipper triggered 0 times
  0:05:40.840  1876M / 18G   INFO   Simplification           (parallel_processing.hpp   : 168)   Running Bulge remover
  0:05:40.840  1876M / 18G   INFO   Simplification           (parallel_processing.hpp   : 171)   Bulge remover triggered 0 times
  0:05:40.840  1876M / 18G   INFO   Simplification           (parallel_processing.hpp   : 168)   Running Low coverage edge remover
  0:05:40.841  1876M / 18G   INFO   Simplification           (parallel_processing.hpp   : 171)   Low coverage edge remover triggered 0 times
  0:05:40.932  1816M / 18G   INFO   StageManager             (stage.cpp                 : 210)   STAGE == Simplification Cleanup (id: simplification_cleanup)
  0:05:40.932  1816M / 18G   INFO    General                 (simplification.cpp        : 189)   PROCEDURE == Post simplification
  0:05:40.932  1816M / 18G   INFO    General                 (graph_simplification.hpp  : 646)   Creating parallel br instance
  0:05:40.932  1816M / 18G   INFO   Simplification           (parallel_processing.hpp   : 168)   Running Relative coverage component remover
  0:05:43.634  1817M / 18G   INFO   Simplification           (parallel_processing.hpp   : 171)   Relative coverage component remover triggered 25528 times
  0:05:43.638  1817M / 18G   INFO   Simplification           (parallel_processing.hpp   : 168)   Running Disconnecting edges with relatively low coverage
  0:05:45.194  1817M / 18G   INFO   Simplification           (parallel_processing.hpp   : 171)   Disconnecting edges with relatively low coverage triggered 24061 times
  0:05:45.196  1817M / 18G   INFO   Simplification           (parallel_processing.hpp   : 168)   Running Complex tip clipper
  0:05:45.283  1817M / 18G   INFO   Simplification           (parallel_processing.hpp   : 171)   Complex tip clipper triggered 2031 times
  0:05:45.284  1817M / 18G   INFO   Simplification           (parallel_processing.hpp   : 168)   Running Complex bulge remover
  0:05:46.899  1817M / 18G   INFO   Simplification           (parallel_processing.hpp   : 171)   Complex bulge remover triggered 533 times
  0:05:46.899  1817M / 18G   INFO   Simplification           (parallel_processing.hpp   : 168)   Running Tip clipper
  0:05:47.025  1817M / 18G   INFO   Simplification           (parallel_processing.hpp   : 171)   Tip clipper triggered 11278 times
  0:05:47.025  1817M / 18G   INFO   Simplification           (parallel_processing.hpp   : 168)   Running Final tip clipper
  0:05:47.118  1817M / 18G   INFO   Simplification           (parallel_processing.hpp   : 171)   Final tip clipper triggered 4109 times
  0:05:47.118  1817M / 18G   INFO   Simplification           (parallel_processing.hpp   : 168)   Running Bulge remover
  0:05:48.555  1820M / 18G   INFO   Simplification           (parallel_processing.hpp   : 171)   Bulge remover triggered 642 times
  0:05:48.555  1820M / 18G   INFO   Simplification           (parallel_processing.hpp   : 168)   Running Thorn remover (meta)
  0:05:48.658  1820M / 18G   INFO   Simplification           (parallel_processing.hpp   : 171)   Thorn remover (meta) triggered 3 times
  0:05:48.658  1820M / 18G   INFO   Simplification           (parallel_processing.hpp   : 168)   Running Relative coverage component remover
  0:05:49.546  1820M / 18G   INFO   Simplification           (parallel_processing.hpp   : 171)   Relative coverage component remover triggered 355 times
  0:05:49.547  1820M / 18G   INFO   Simplification           (parallel_processing.hpp   : 168)   Running Disconnecting edges with relatively low coverage
  0:05:49.831  1820M / 18G   INFO   Simplification           (parallel_processing.hpp   : 171)   Disconnecting edges with relatively low coverage triggered 1289 times
  0:05:49.831  1820M / 18G   INFO   Simplification           (parallel_processing.hpp   : 168)   Running Complex tip clipper
  0:05:49.902  1820M / 18G   INFO   Simplification           (parallel_processing.hpp   : 171)   Complex tip clipper triggered 600 times
  0:05:49.902  1820M / 18G   INFO   Simplification           (parallel_processing.hpp   : 168)   Running Complex bulge remover
  0:05:51.324  1819M / 18G   INFO   Simplification           (parallel_processing.hpp   : 171)   Complex bulge remover triggered 29 times
  0:05:51.324  1819M / 18G   INFO   Simplification           (parallel_processing.hpp   : 168)   Running Tip clipper
  0:05:51.379  1819M / 18G   INFO   Simplification           (parallel_processing.hpp   : 171)   Tip clipper triggered 541 times
  0:05:51.379  1819M / 18G   INFO   Simplification           (parallel_processing.hpp   : 168)   Running Final tip clipper
  0:05:51.428  1819M / 18G   INFO   Simplification           (parallel_processing.hpp   : 171)   Final tip clipper triggered 44 times
  0:05:51.428  1819M / 18G   INFO   Simplification           (parallel_processing.hpp   : 168)   Running Bulge remover
  0:05:52.525  1819M / 18G   INFO   Simplification           (parallel_processing.hpp   : 171)   Bulge remover triggered 45 times
  0:05:52.525  1819M / 18G   INFO   Simplification           (parallel_processing.hpp   : 168)   Running Thorn remover (meta)
  0:05:52.621  1819M / 18G   INFO   Simplification           (parallel_processing.hpp   : 171)   Thorn remover (meta) triggered 0 times
  0:05:52.621  1819M / 18G   INFO   Simplification           (parallel_processing.hpp   : 168)   Running Relative coverage component remover
  0:05:53.401  1819M / 18G   INFO   Simplification           (parallel_processing.hpp   : 171)   Relative coverage component remover triggered 23 times
  0:05:53.401  1819M / 18G   INFO   Simplification           (parallel_processing.hpp   : 168)   Running Disconnecting edges with relatively low coverage
  0:05:53.406  1819M / 18G   INFO   Simplification           (parallel_processing.hpp   : 171)   Disconnecting edges with relatively low coverage triggered 34 times
  0:05:53.406  1819M / 18G   INFO   Simplification           (parallel_processing.hpp   : 168)   Running Complex tip clipper
  0:05:53.463  1819M / 18G   INFO   Simplification           (parallel_processing.hpp   : 171)   Complex tip clipper triggered 11 times
  0:05:53.463  1819M / 18G   INFO   Simplification           (parallel_processing.hpp   : 168)   Running Complex bulge remover
  0:05:54.902  1819M / 18G   INFO   Simplification           (parallel_processing.hpp   : 171)   Complex bulge remover triggered 1 times
  0:05:54.902  1819M / 18G   INFO   Simplification           (parallel_processing.hpp   : 168)   Running Tip clipper
  0:05:54.903  1819M / 18G   INFO   Simplification           (parallel_processing.hpp   : 171)   Tip clipper triggered 22 times
  0:05:54.903  1819M / 18G   INFO   Simplification           (parallel_processing.hpp   : 168)   Running Final tip clipper
  0:05:54.903  1819M / 18G   INFO   Simplification           (parallel_processing.hpp   : 171)   Final tip clipper triggered 1 times
  0:05:54.903  1819M / 18G   INFO   Simplification           (parallel_processing.hpp   : 168)   Running Bulge remover
  0:05:54.912  1819M / 18G   INFO   Simplification           (parallel_processing.hpp   : 171)   Bulge remover triggered 0 times
  0:05:54.912  1819M / 18G   INFO   Simplification           (parallel_processing.hpp   : 168)   Running Thorn remover (meta)
  0:05:54.912  1819M / 18G   INFO   Simplification           (parallel_processing.hpp   : 171)   Thorn remover (meta) triggered 0 times
  0:05:54.912  1819M / 18G   INFO   Simplification           (parallel_processing.hpp   : 168)   Running Relative coverage component remover
  0:05:55.878  1819M / 18G   INFO   Simplification           (parallel_processing.hpp   : 171)   Relative coverage component remover triggered 0 times
  0:05:55.878  1819M / 18G   INFO   Simplification           (parallel_processing.hpp   : 168)   Running Disconnecting edges with relatively low coverage
  0:05:55.878  1819M / 18G   INFO   Simplification           (parallel_processing.hpp   : 171)   Disconnecting edges with relatively low coverage triggered 0 times
  0:05:55.878  1819M / 18G   INFO   Simplification           (parallel_processing.hpp   : 168)   Running Complex tip clipper
  0:05:55.932  1819M / 18G   INFO   Simplification           (parallel_processing.hpp   : 171)   Complex tip clipper triggered 0 times
  0:05:55.932  1819M / 18G   INFO   Simplification           (parallel_processing.hpp   : 168)   Running Complex bulge remover
  0:05:57.358  1819M / 18G   INFO   Simplification           (parallel_processing.hpp   : 171)   Complex bulge remover triggered 0 times
  0:05:57.358  1819M / 18G   INFO   Simplification           (parallel_processing.hpp   : 168)   Running Tip clipper
  0:05:57.358  1819M / 18G   INFO   Simplification           (parallel_processing.hpp   : 171)   Tip clipper triggered 0 times
  0:05:57.358  1819M / 18G   INFO   Simplification           (parallel_processing.hpp   : 168)   Running Final tip clipper
  0:05:57.358  1819M / 18G   INFO   Simplification           (parallel_processing.hpp   : 171)   Final tip clipper triggered 0 times
  0:05:57.359  1819M / 18G   INFO   Simplification           (parallel_processing.hpp   : 168)   Running Bulge remover
  0:05:57.359  1819M / 18G   INFO   Simplification           (parallel_processing.hpp   : 171)   Bulge remover triggered 0 times
  0:05:57.359  1819M / 18G   INFO   Simplification           (parallel_processing.hpp   : 168)   Running Thorn remover (meta)
  0:05:57.359  1819M / 18G   INFO   Simplification           (parallel_processing.hpp   : 171)   Thorn remover (meta) triggered 0 times
  0:05:57.359  1819M / 18G   INFO    General                 (simplification.cpp        : 344)   Running Hidden EC remover (meta)
  0:05:57.464  1819M / 18G   INFO    General                 (simplification.cpp        : 348)   Disrupting self-conjugate edges
  0:05:57.708  1819M / 18G   INFO   Simplification           (parallel_processing.hpp   : 168)   Running Removing isolated edges
  0:05:57.759  1819M / 18G   INFO   Simplification           (parallel_processing.hpp   : 171)   Removing isolated edges triggered 823 times
  0:05:57.838  1813M / 18G   INFO    General                 (simplification.cpp        : 508)   After simplification:
  0:05:57.839  1813M / 18G   INFO    General                 (simplification.cpp        : 509)     Average coverage = 15.9583
  0:05:57.919  1813M / 18G   INFO    General                 (simplification.cpp        : 510)     Total length = 150153610
  0:05:58.030  1813M / 18G   INFO    General                 (simplification.cpp        : 511)     Median edge length: 1335
  0:05:58.030  1813M / 18G   INFO    General                 (simplification.cpp        : 512)     Edges: 734344
  0:05:58.030  1813M / 18G   INFO    General                 (simplification.cpp        : 513)     Vertices: 649302
  0:05:58.030  1813M / 18G   INFO   StageManager             (stage.cpp                 : 210)   STAGE == Contig Output (id: contig_output)
  0:05:58.030  1813M / 18G   INFO    General                 (read_converter.cpp        : 135)   Outputting contigs to "${ARTICLE32_WORK_DIR}/assemblies/spades-illumina-ont/K21/simplified_contigs"
  0:05:58.035  1816M / 18G   INFO    General                 (binary_converter.cpp      : 127)   16384 reads processed
  0:05:58.039  1816M / 18G   INFO    General                 (binary_converter.cpp      : 127)   32768 reads processed
  0:05:58.045  1816M / 18G   INFO    General                 (binary_converter.cpp      : 127)   65536 reads processed
  0:05:58.140  1816M / 18G   INFO    General                 (binary_converter.cpp      : 127)   131072 reads processed
  0:05:58.210  1816M / 18G   INFO    General                 (binary_converter.cpp      : 127)   262144 reads processed
  0:05:58.294  1816M / 18G   INFO    General                 (binary_converter.cpp      : 143)   367437 reads written
  0:05:58.299  1813M / 18G   INFO    General                 (pipeline.cpp              : 305)   SPAdes finished
  0:05:58.860     1M / 18G   INFO    General                 (main.cpp                  : 131)   Assembling time: 0 hours 5 minutes 58 seconds

===== K21 finished. 


===== K33 started. 


== Running: ${HYBRID_ENV_PREFIX}/bin/spades-core ${ARTICLE32_WORK_DIR}/assemblies/spades-illumina-ont/K33/configs/config.info ${ARTICLE32_WORK_DIR}/assemblies/spades-illumina-ont/K33/configs/mda_mode.info ${ARTICLE32_WORK_DIR}/assemblies/spades-illumina-ont/K33/configs/meta_mode.info

  0:00:00.000     1M / 17M   INFO    General                 (main.cpp                  :  94)   Loaded config from "${ARTICLE32_WORK_DIR}/assemblies/spades-illumina-ont/K33/configs/config.info"
  0:00:00.002     1M / 17M   INFO    General                 (main.cpp                  :  94)   Loaded config from "${ARTICLE32_WORK_DIR}/assemblies/spades-illumina-ont/K33/configs/mda_mode.info"
  0:00:00.002     1M / 17M   INFO    General                 (main.cpp                  :  94)   Loaded config from "${ARTICLE32_WORK_DIR}/assemblies/spades-illumina-ont/K33/configs/meta_mode.info"
  0:00:00.002     1M / 17M   INFO    General                 (memory_limit.cpp          :  55)   Memory limit set to 256 Gb
  0:00:00.002     1M / 17M   INFO    General                 (main.cpp                  : 102)   Starting SPAdes, built from N/A, git revision N/A
  0:00:00.002     1M / 17M   INFO    General                 (main.cpp                  : 103)   Maximum k-mer length: 128
  0:00:00.002     1M / 17M   INFO    General                 (main.cpp                  : 104)   Assembling dataset ("${ARTICLE32_WORK_DIR}/assemblies/spades-illumina-ont/dataset.info") with K=33
  0:00:00.002     1M / 17M   INFO    General                 (main.cpp                  : 105)   Maximum # of threads to use (adjusted due to OMP capabilities): 32
  0:00:00.002     1M / 17M   INFO    General                 (pipeline.cpp              : 221)   SPAdes started
  0:00:00.002     1M / 17M   INFO    General                 (pipeline.cpp              : 234)   Starting from stage: read_conversion
  0:00:00.002     1M / 17M   INFO    General                 (pipeline.cpp              : 245)   Two-step repeat resolution disabled
  0:00:00.003     1M / 17M   INFO   GraphCore                (graph_core.hpp            : 582)   Graph created, vertex min_id: 3, edge min_id: 3
  0:00:00.003     1M / 17M   INFO   GraphCore                (graph_core.hpp            : 583)   Vertex size: 48, edge size: 40
  0:00:00.003     1M / 17M   INFO    General                 (edge_index.hpp            : 132)   Size of edge index entries: 12/8
  0:00:00.003     1M / 17M   INFO   StageManager             (stage.cpp                 : 210)   STAGE == Binary Read Conversion (id: read_conversion)
  0:00:00.005     1M / 17M   INFO    General                 (read_converter.cpp        :  57)   Binary reads detected
  0:00:00.005     1M / 17M   INFO    General                 (read_converter.cpp        :  57)   Binary reads detected
  0:00:00.022     1M / 17M   INFO   StageManager             (stage.cpp                 : 210)   STAGE == de Bruijn graph construction (id: construction)
  0:00:00.022     1M / 17M   INFO    General                 (construction.cpp          : 115)   Contigs from previous K will be used: ${ARTICLE32_WORK_DIR}/assemblies/spades-illumina-ont/K21/simplified_contigs
  0:00:00.024     1M / 17M   INFO    General                 (construction.cpp          : 150)   Max read length 150
  0:00:00.024     1M / 17M   INFO    General                 (construction.cpp          : 156)   Average read length 148.973
  0:00:00.024     1M / 17M   INFO    General                 (stage.cpp                 : 120)   PROCEDURE == k+1-mer counting (id: construction:kpomer_counting)
  0:00:00.024     1M / 17M   INFO    General                 (kmer_index_builder.hpp    : 308)   Splitting kmer instances into 320 files using 32 threads. This might take a while.
  0:00:00.032     1M / 17M   INFO    General                 (file_limit.hpp            :  43)   Open file limit set to 1024
  0:00:00.032     1M / 17M   INFO    General                 (kmer_splitter.hpp         :  96)   Memory available for splitting buffers: 2.66666 Gb
  0:00:00.032     1M / 17M   INFO    General                 (kmer_splitter.hpp         : 104)   Using cell size of 104857
mimalloc: warning: thread 0x7f66ef000640: unable to allocate aligned OS memory directly, fall back to over-allocation (67108864 bytes, address: 0x7f66e9400000, alignment: 67108864, commit: 1)
mimalloc: warning: thread 0x7f66fa400640: unable to allocate aligned OS memory directly, fall back to over-allocation (67108864 bytes, address: 0x7f66e9400000, alignment: 67108864, commit: 1)
mimalloc: warning: thread 0x7f66f3600640: unable to allocate aligned OS memory directly, fall back to over-allocation (67108864 bytes, address: 0x7f66d5400000, alignment: 67108864, commit: 1)
mimalloc: warning: thread 0x7f66f9000640: unable to allocate aligned OS memory directly, fall back to over-allocation (67108864 bytes, address: 0x7f66d5400000, alignment: 67108864, commit: 1)
  0:00:06.873    19G / 19G   INFO    General                 (kmer_splitters.hpp        : 128)   Processed 18308557 reads
  0:00:13.807    19G / 19G   INFO    General                 (kmer_splitters.hpp        : 128)   Processed 36604107 reads
  0:00:17.478    19G / 19G   INFO    General                 (kmer_splitters.hpp        : 128)   Processed 40732154 reads
  0:00:17.490     3M / 18G   INFO    General                 (kmer_splitters.hpp        : 134)   Used 40732154 reads
  0:00:17.936     3M / 18G   INFO    General                 (kmer_index_builder.hpp    : 314)   Starting k-mer counting.
  0:00:18.932     3M / 18G   INFO    General                 (kmer_index_builder.hpp    : 325)   K-mer counting done. There are 358215615 kmers in total.
  0:00:18.932     2M / 18G   INFO    General                 (stage.cpp                 : 120)   PROCEDURE == Extension index construction (id: construction:extension_index_construction)
  0:00:18.937     3M / 18G   INFO   K-mer Index Building     (kmer_index_builder.hpp    : 503)   Building kmer index
  0:00:18.937     3M / 18G   INFO    General                 (kmer_index_builder.hpp    : 308)   Splitting kmer instances into 320 files using 32 threads. This might take a while.
  0:00:18.944     3M / 18G   INFO    General                 (file_limit.hpp            :  43)   Open file limit set to 1024
  0:00:18.944     3M / 18G   INFO    General                 (kmer_splitter.hpp         :  96)   Memory available for splitting buffers: 2.66664 Gb
  0:00:18.944     3M / 18G   INFO    General                 (kmer_splitter.hpp         : 104)   Using cell size of 104857
  0:00:19.503    19G / 19G   INFO    General                 (kmer_splitters.hpp        : 197)   Processed 9673412 kmers
  0:00:19.917    19G / 19G   INFO    General                 (kmer_splitters.hpp        : 197)   Processed 21194409 kmers
  0:00:20.452    19G / 19G   INFO    General                 (kmer_splitters.hpp        : 197)   Processed 35335175 kmers
  0:00:20.848    19G / 19G   INFO    General                 (kmer_splitters.hpp        : 197)   Processed 45544575 kmers
  0:00:21.281    19G / 19G   INFO    General                 (kmer_splitters.hpp        : 197)   Processed 57069355 kmers
  0:00:21.768    19G / 19G   INFO    General                 (kmer_splitters.hpp        : 197)   Processed 71201717 kmers
  0:00:22.170    19G / 19G   INFO    General                 (kmer_splitters.hpp        : 197)   Processed 81429161 kmers
  0:00:22.617    19G / 19G   INFO    General                 (kmer_splitters.hpp        : 197)   Processed 92957676 kmers
  0:00:23.140    19G / 19G   INFO    General                 (kmer_splitters.hpp        : 197)   Processed 107085952 kmers
  0:00:23.543    19G / 19G   INFO    General                 (kmer_splitters.hpp        : 197)   Processed 117299369 kmers
  0:00:23.980    19G / 19G   INFO    General                 (kmer_splitters.hpp        : 197)   Processed 128835540 kmers
  0:00:24.515    19G / 19G   INFO    General                 (kmer_splitters.hpp        : 197)   Processed 142979001 kmers
  0:00:24.900    19G / 19G   INFO    General                 (kmer_splitters.hpp        : 197)   Processed 153154949 kmers
  0:00:25.319    19G / 19G   INFO    General                 (kmer_splitters.hpp        : 197)   Processed 164697146 kmers
  0:00:25.871    19G / 19G   INFO    General                 (kmer_splitters.hpp        : 197)   Processed 178837081 kmers
  0:00:26.280    19G / 19G   INFO    General                 (kmer_splitters.hpp        : 197)   Processed 188982506 kmers
  0:00:26.744    19G / 19G   INFO    General                 (kmer_splitters.hpp        : 197)   Processed 200532518 kmers
  0:00:27.399    19G / 19G   INFO    General                 (kmer_splitters.hpp        : 197)   Processed 214675052 kmers
  0:00:29.612    19G / 19G   INFO    General                 (kmer_splitters.hpp        : 197)   Processed 272290456 kmers
  0:00:32.846    19G / 19G   INFO    General                 (kmer_splitters.hpp        : 202)   Used 358220887 kmers.
  0:00:32.857     4M / 18G   INFO    General                 (kmer_index_builder.hpp    : 314)   Starting k-mer counting.
  0:00:34.683     4M / 18G   INFO    General                 (kmer_index_builder.hpp    : 325)   K-mer counting done. There are 356098248 kmers in total.
  0:00:34.684     4M / 18G   INFO   K-mer Index Building     (kmer_index_builder.hpp    : 460)   Building perfect hash indices
  0:00:37.754   267M / 18G   INFO   K-mer Index Building     (kmer_index_builder.hpp    : 496)   Index built. Total 356098248 kmers, 257432800 bytes occupied (5.78341 bits per kmer).
  0:00:37.758   267M / 18G   INFO    General                 (kmer_index_builder.hpp    : 191)   Merging final buckets.
  0:00:55.572   607M / 18G   INFO   DeBruijnExtensionIndexBu (kmer_extension_index_build: 101)   Building k-mer extensions from k+1-mers
  0:01:06.333   607M / 18G   INFO   DeBruijnExtensionIndexBu (kmer_extension_index_build: 106)   Building k-mer extensions from k+1-mers finished.
  0:01:06.649   606M / 18G   INFO    General                 (stage.cpp                 : 120)   PROCEDURE == Early tip clipping (id: construction:early_tip_clipper)
  0:01:06.649   606M / 18G   INFO    General                 (construction.cpp          : 298)   Early tip clipper length bound set as (RL - K)
  0:01:06.649   606M / 18G   INFO   Early tip clipping       (early_simplification.hpp  :  48)   Early tip clipping
  0:01:17.029   926M / 18G   INFO   Early tip clipping       (early_simplification.hpp  :  83)   #tipped junctions: 3320931
  0:01:17.145   926M / 18G   INFO   Early tip clipping       (early_simplification.hpp  :  94)   Clipped tips: 3361296
  0:01:17.433   606M / 18G   INFO   Early tip clipping       (early_simplification.hpp  :  50)   88273964 34-mers were removed by early tip clipper
  0:01:17.434   606M / 18G   INFO    General                 (stage.cpp                 : 120)   PROCEDURE == Condensing graph (id: construction:graph_condensing)
  0:01:17.438   606M / 18G   INFO   UnbranchingPathExtractor (debruijn_graph_constructor: 324)   Extracting unbranching paths
  0:01:28.511   863M / 18G   INFO   UnbranchingPathExtractor (debruijn_graph_constructor: 348)   Extracting unbranching paths finished. 7254460 sequences extracted
  0:01:33.893   862M / 18G   INFO   UnbranchingPathExtractor (debruijn_graph_constructor: 362)   Collecting perfect loops
  0:01:35.295   863M / 18G   INFO   UnbranchingPathExtractor (debruijn_graph_constructor: 395)   Collecting perfect loops finished. 92 loops collected
  0:01:36.044   862M / 18G   INFO   DeBruijnGraphConstructor (debruijn_graph_constructor: 597)   Sorting edges...
  0:01:36.227   862M / 18G   INFO   DeBruijnGraphConstructor (debruijn_graph_constructor: 602)   Edges sorted
  0:01:36.227   862M / 18G   INFO    General                 (debruijn_graph_constructor: 511)   Total 14509104 edges to create
  0:01:36.228  1424M / 18G   INFO    General                 (debruijn_graph_constructor: 514)   Collecting link records
  0:01:47.489  1648M / 18G   INFO    General                 (debruijn_graph_constructor: 521)   Total short graph edges: 6672786
  0:01:47.489  1648M / 18G   INFO    General                 (debruijn_graph_constructor: 523)   Ordering link records
  0:01:47.608  1648M / 18G   INFO    General                 (debruijn_graph_constructor: 529)   Sorting done
  0:01:47.716  1712M / 18G   INFO    General                 (debruijn_graph_constructor: 542)   Sorting LinkRecords...
  0:01:47.802  1712M / 18G   INFO    General                 (debruijn_graph_constructor: 548)   LinkRecords sorted
  0:01:47.802  1712M / 18G   INFO    General                 (debruijn_graph_constructor: 550)   Total 5137185 vertices to create
  0:01:47.803  2189M / 18G   INFO    General                 (debruijn_graph_constructor: 553)   Connecting the graph
  0:01:59.170  1789M / 18G   INFO    General                 (stage.cpp                 : 120)   PROCEDURE == Filling coverage indices (PHM) (id: construction:coverage_filling_phm)
  0:01:59.170  1789M / 18G   INFO   K-mer Index Building     (kmer_index_builder.hpp    : 460)   Building perfect hash indices
  0:02:01.955  2053M / 18G   INFO   K-mer Index Building     (kmer_index_builder.hpp    : 496)   Index built. Total 358215615 kmers, 258964232 bytes occupied (5.78343 bits per kmer).
mimalloc: warning: unable to allocate aligned OS memory directly, fall back to over-allocation (1438646272 bytes, address: 0x7f6672400000, alignment: 67108864, commit: 1)
  0:02:02.930  3421M / 18G   INFO    General                 (coverage_hash_map_builder.:  49)   Collecting k-mer coverage information from reads, this takes a while.
  0:02:38.448  3421M / 18G   INFO    General                 (construction.cpp          : 400)   Filling coverage and flanking coverage from PHM
  0:02:49.302  3421M / 18G   INFO    General                 (coverage_filling.hpp      :  83)   Processed 14508856 edges
  0:02:52.451  1184M / 18G   INFO   StageManager             (stage.cpp                 : 210)   STAGE == Raw Simplification (id: raw_simplification)
  0:02:52.458  1184M / 18G   INFO    General                 (simplification.cpp        : 129)   PROCEDURE == Initial cleaning
  0:02:52.458  1184M / 18G   INFO    General                 (graph_simplification.hpp  : 674)   Flanking coverage based disconnection disabled
  0:02:52.458  1184M / 18G   INFO   Simplification           (parallel_processing.hpp   : 168)   Running Self conjugate edge remover
  0:02:52.641  1184M / 18G   INFO   Simplification           (parallel_processing.hpp   : 171)   Self conjugate edge remover triggered 34 times
  0:02:52.641  1184M / 18G   INFO   Simplification           (parallel_processing.hpp   : 168)   Running Initial tip clipper
  0:02:53.156  1186M / 18G   INFO   Simplification           (parallel_processing.hpp   : 171)   Initial tip clipper triggered 33352 times
  0:02:53.156  1186M / 18G   INFO   Simplification           (parallel_processing.hpp   : 168)   Running Initial ec remover
  0:03:15.213  1319M / 18G   INFO   Simplification           (parallel_processing.hpp   : 171)   Initial ec remover triggered 1859204 times
  0:03:15.222  1319M / 18G   INFO   Simplification           (parallel_processing.hpp   : 168)   Running Initial isolated edge remover
  0:03:15.516  1316M / 18G   INFO   Simplification           (parallel_processing.hpp   : 171)   Initial isolated edge remover triggered 152639 times
  0:03:15.528  1112M / 18G   INFO   StageManager             (stage.cpp                 : 210)   STAGE == Simplification (id: simplification)
  0:03:15.528  1112M / 18G   INFO    General                 (simplification.cpp        : 397)   Graph simplification started
  0:03:15.528  1112M / 18G   INFO    General                 (graph_simplification.hpp  : 646)   Creating parallel br instance
  0:03:15.528  1112M / 18G   INFO    General                 (simplification.cpp        : 402)   PROCEDURE == Simplification cycle, iteration 1
  0:03:15.528  1112M / 18G   INFO   Simplification           (parallel_processing.hpp   : 168)   Running Tip clipper
  0:03:15.749  1112M / 18G   INFO   Simplification           (parallel_processing.hpp   : 171)   Tip clipper triggered 15605 times
  0:03:15.750  1112M / 18G   INFO   Simplification           (parallel_processing.hpp   : 168)   Running Bulge remover
  0:03:27.664  1114M / 18G   INFO   Simplification           (parallel_processing.hpp   : 171)   Bulge remover triggered 470221 times
  0:03:27.669  1114M / 18G   INFO   Simplification           (parallel_processing.hpp   : 168)   Running Low coverage edge remover
  0:03:27.709  1114M / 18G   INFO   Simplification           (parallel_processing.hpp   : 171)   Low coverage edge remover triggered 30 times
  0:03:27.709  1114M / 18G   INFO    General                 (simplification.cpp        : 402)   PROCEDURE == Simplification cycle, iteration 2
  0:03:27.709  1114M / 18G   INFO   Simplification           (parallel_processing.hpp   : 168)   Running Tip clipper
  0:03:27.809  1114M / 18G   INFO   Simplification           (parallel_processing.hpp   : 171)   Tip clipper triggered 1197 times
  0:03:27.810  1114M / 18G   INFO   Simplification           (parallel_processing.hpp   : 168)   Running Bulge remover
  0:03:27.812  1111M / 18G   INFO   Simplification           (parallel_processing.hpp   : 171)   Bulge remover triggered 23 times
  0:03:27.812  1111M / 18G   INFO   Simplification           (parallel_processing.hpp   : 168)   Running Low coverage edge remover
  0:03:27.933  1111M / 18G   INFO   Simplification           (parallel_processing.hpp   : 171)   Low coverage edge remover triggered 2920 times
  0:03:27.933  1111M / 18G   INFO    General                 (simplification.cpp        : 402)   PROCEDURE == Simplification cycle, iteration 3
  0:03:27.933  1111M / 18G   INFO   Simplification           (parallel_processing.hpp   : 168)   Running Tip clipper
  0:03:27.936  1111M / 18G   INFO   Simplification           (parallel_processing.hpp   : 171)   Tip clipper triggered 45 times
  0:03:27.936  1111M / 18G   INFO   Simplification           (parallel_processing.hpp   : 168)   Running Bulge remover
  0:03:27.994  1111M / 18G   INFO   Simplification           (parallel_processing.hpp   : 171)   Bulge remover triggered 567 times
  0:03:27.994  1111M / 18G   INFO   Simplification           (parallel_processing.hpp   : 168)   Running Low coverage edge remover
  0:03:28.075  1111M / 18G   INFO   Simplification           (parallel_processing.hpp   : 171)   Low coverage edge remover triggered 2657 times
  0:03:28.075  1111M / 18G   INFO    General                 (simplification.cpp        : 402)   PROCEDURE == Simplification cycle, iteration 4
  0:03:28.075  1111M / 18G   INFO   Simplification           (parallel_processing.hpp   : 168)   Running Tip clipper
  0:03:28.115  1111M / 18G   INFO   Simplification           (parallel_processing.hpp   : 171)   Tip clipper triggered 43 times
  0:03:28.115  1111M / 18G   INFO   Simplification           (parallel_processing.hpp   : 168)   Running Bulge remover
  0:03:28.236  1111M / 18G   INFO   Simplification           (parallel_processing.hpp   : 171)   Bulge remover triggered 443 times
  0:03:28.236  1111M / 18G   INFO   Simplification           (parallel_processing.hpp   : 168)   Running Low coverage edge remover
  0:03:28.273  1111M / 18G   INFO   Simplification           (parallel_processing.hpp   : 171)   Low coverage edge remover triggered 0 times
  0:03:28.274  1111M / 18G   INFO    General                 (simplification.cpp        : 402)   PROCEDURE == Simplification cycle, iteration 5
  0:03:28.274  1111M / 18G   INFO   Simplification           (parallel_processing.hpp   : 168)   Running Tip clipper
  0:03:28.274  1111M / 18G   INFO   Simplification           (parallel_processing.hpp   : 171)   Tip clipper triggered 1 times
  0:03:28.274  1111M / 18G   INFO   Simplification           (parallel_processing.hpp   : 168)   Running Bulge remover
  0:03:28.275  1111M / 18G   INFO   Simplification           (parallel_processing.hpp   : 171)   Bulge remover triggered 0 times
  0:03:28.275  1111M / 18G   INFO   Simplification           (parallel_processing.hpp   : 168)   Running Low coverage edge remover
  0:03:28.275  1111M / 18G   INFO   Simplification           (parallel_processing.hpp   : 171)   Low coverage edge remover triggered 0 times
  0:03:28.275  1111M / 18G   INFO    General                 (simplification.cpp        : 402)   PROCEDURE == Simplification cycle, iteration 6
  0:03:28.275  1111M / 18G   INFO   Simplification           (parallel_processing.hpp   : 168)   Running Tip clipper
  0:03:28.275  1111M / 18G   INFO   Simplification           (parallel_processing.hpp   : 171)   Tip clipper triggered 0 times
  0:03:28.275  1111M / 18G   INFO   Simplification           (parallel_processing.hpp   : 168)   Running Bulge remover
  0:03:28.275  1111M / 18G   INFO   Simplification           (parallel_processing.hpp   : 171)   Bulge remover triggered 0 times
  0:03:28.275  1111M / 18G   INFO   Simplification           (parallel_processing.hpp   : 168)   Running Low coverage edge remover
  0:03:28.275  1111M / 18G   INFO   Simplification           (parallel_processing.hpp   : 171)   Low coverage edge remover triggered 0 times
  0:03:28.329  1085M / 18G   INFO   StageManager             (stage.cpp                 : 210)   STAGE == Simplification Cleanup (id: simplification_cleanup)
  0:03:28.329  1085M / 18G   INFO    General                 (simplification.cpp        : 189)   PROCEDURE == Post simplification
  0:03:28.329  1085M / 18G   INFO    General                 (graph_simplification.hpp  : 646)   Creating parallel br instance
  0:03:28.329  1085M / 18G   INFO   Simplification           (parallel_processing.hpp   : 168)   Running Relative coverage component remover
  0:03:28.798  1085M / 18G   INFO   Simplification           (parallel_processing.hpp   : 171)   Relative coverage component remover triggered 3347 times
  0:03:28.798  1085M / 18G   INFO   Simplification           (parallel_processing.hpp   : 168)   Running Disconnecting edges with relatively low coverage
  0:03:28.943  1085M / 18G   INFO   Simplification           (parallel_processing.hpp   : 171)   Disconnecting edges with relatively low coverage triggered 1461 times
  0:03:28.943  1085M / 18G   INFO   Simplification           (parallel_processing.hpp   : 168)   Running Complex tip clipper
  0:03:28.993  1085M / 18G   INFO   Simplification           (parallel_processing.hpp   : 171)   Complex tip clipper triggered 40 times
  0:03:28.994  1085M / 18G   INFO   Simplification           (parallel_processing.hpp   : 168)   Running Complex bulge remover
  0:03:30.145  1085M / 18G   INFO   Simplification           (parallel_processing.hpp   : 171)   Complex bulge remover triggered 1907 times
  0:03:30.146  1085M / 18G   INFO   Simplification           (parallel_processing.hpp   : 168)   Running Tip clipper
  0:03:30.185  1085M / 18G   INFO   Simplification           (parallel_processing.hpp   : 171)   Tip clipper triggered 371 times
  0:03:30.185  1085M / 18G   INFO   Simplification           (parallel_processing.hpp   : 168)   Running Final tip clipper
  0:03:30.234  1085M / 18G   INFO   Simplification           (parallel_processing.hpp   : 171)   Final tip clipper triggered 681 times
  0:03:30.234  1085M / 18G   INFO   Simplification           (parallel_processing.hpp   : 168)   Running Bulge remover
  0:03:30.334  1086M / 18G   INFO   Simplification           (parallel_processing.hpp   : 171)   Bulge remover triggered 149 times
  0:03:30.334  1086M / 18G   INFO   Simplification           (parallel_processing.hpp   : 168)   Running Thorn remover (meta)
  0:03:30.392  1086M / 18G   INFO   Simplification           (parallel_processing.hpp   : 171)   Thorn remover (meta) triggered 1 times
  0:03:30.392  1086M / 18G   INFO   Simplification           (parallel_processing.hpp   : 168)   Running Relative coverage component remover
  0:03:30.565  1086M / 18G   INFO   Simplification           (parallel_processing.hpp   : 171)   Relative coverage component remover triggered 20 times
  0:03:30.565  1086M / 18G   INFO   Simplification           (parallel_processing.hpp   : 168)   Running Disconnecting edges with relatively low coverage
  0:03:30.615  1086M / 18G   INFO   Simplification           (parallel_processing.hpp   : 171)   Disconnecting edges with relatively low coverage triggered 40 times
  0:03:30.615  1086M / 18G   INFO   Simplification           (parallel_processing.hpp   : 168)   Running Complex tip clipper
  0:03:30.663  1086M / 18G   INFO   Simplification           (parallel_processing.hpp   : 171)   Complex tip clipper triggered 2 times
  0:03:30.663  1086M / 18G   INFO   Simplification           (parallel_processing.hpp   : 168)   Running Complex bulge remover
  0:03:31.713  1085M / 18G   INFO   Simplification           (parallel_processing.hpp   : 171)   Complex bulge remover triggered 24 times
  0:03:31.714  1085M / 18G   INFO   Simplification           (parallel_processing.hpp   : 168)   Running Tip clipper
  0:03:31.748  1085M / 18G   INFO   Simplification           (parallel_processing.hpp   : 171)   Tip clipper triggered 19 times
  0:03:31.748  1085M / 18G   INFO   Simplification           (parallel_processing.hpp   : 168)   Running Final tip clipper
  0:03:31.781  1085M / 18G   INFO   Simplification           (parallel_processing.hpp   : 171)   Final tip clipper triggered 5 times
  0:03:31.781  1085M / 18G   INFO   Simplification           (parallel_processing.hpp   : 168)   Running Bulge remover
  0:03:31.866  1085M / 18G   INFO   Simplification           (parallel_processing.hpp   : 171)   Bulge remover triggered 3 times
  0:03:31.866  1085M / 18G   INFO   Simplification           (parallel_processing.hpp   : 168)   Running Thorn remover (meta)
  0:03:31.919  1085M / 18G   INFO   Simplification           (parallel_processing.hpp   : 171)   Thorn remover (meta) triggered 0 times
  0:03:31.919  1085M / 18G   INFO   Simplification           (parallel_processing.hpp   : 168)   Running Relative coverage component remover
  0:03:32.110  1085M / 18G   INFO   Simplification           (parallel_processing.hpp   : 171)   Relative coverage component remover triggered 1 times
  0:03:32.110  1085M / 18G   INFO   Simplification           (parallel_processing.hpp   : 168)   Running Disconnecting edges with relatively low coverage
  0:03:32.111  1085M / 18G   INFO   Simplification           (parallel_processing.hpp   : 171)   Disconnecting edges with relatively low coverage triggered 2 times
  0:03:32.111  1085M / 18G   INFO   Simplification           (parallel_processing.hpp   : 168)   Running Complex tip clipper
  0:03:32.158  1085M / 18G   INFO   Simplification           (parallel_processing.hpp   : 171)   Complex tip clipper triggered 1 times
  0:03:32.158  1085M / 18G   INFO   Simplification           (parallel_processing.hpp   : 168)   Running Complex bulge remover
  0:03:33.196  1085M / 18G   INFO   Simplification           (parallel_processing.hpp   : 171)   Complex bulge remover triggered 0 times
  0:03:33.196  1085M / 18G   INFO   Simplification           (parallel_processing.hpp   : 168)   Running Tip clipper
  0:03:33.197  1085M / 18G   INFO   Simplification           (parallel_processing.hpp   : 171)   Tip clipper triggered 2 times
  0:03:33.197  1085M / 18G   INFO   Simplification           (parallel_processing.hpp   : 168)   Running Final tip clipper
  0:03:33.197  1085M / 18G   INFO   Simplification           (parallel_processing.hpp   : 171)   Final tip clipper triggered 1 times
  0:03:33.197  1085M / 18G   INFO   Simplification           (parallel_processing.hpp   : 168)   Running Bulge remover
  0:03:33.197  1085M / 18G   INFO   Simplification           (parallel_processing.hpp   : 171)   Bulge remover triggered 0 times
  0:03:33.197  1085M / 18G   INFO   Simplification           (parallel_processing.hpp   : 168)   Running Thorn remover (meta)
  0:03:33.197  1085M / 18G   INFO   Simplification           (parallel_processing.hpp   : 171)   Thorn remover (meta) triggered 0 times
  0:03:33.197  1085M / 18G   INFO   Simplification           (parallel_processing.hpp   : 168)   Running Relative coverage component remover
  0:03:33.377  1085M / 18G   INFO   Simplification           (parallel_processing.hpp   : 171)   Relative coverage component remover triggered 0 times
  0:03:33.377  1085M / 18G   INFO   Simplification           (parallel_processing.hpp   : 168)   Running Disconnecting edges with relatively low coverage
  0:03:33.377  1085M / 18G   INFO   Simplification           (parallel_processing.hpp   : 171)   Disconnecting edges with relatively low coverage triggered 0 times
  0:03:33.377  1085M / 18G   INFO   Simplification           (parallel_processing.hpp   : 168)   Running Complex tip clipper
  0:03:33.418  1085M / 18G   INFO   Simplification           (parallel_processing.hpp   : 171)   Complex tip clipper triggered 0 times
  0:03:33.419  1085M / 18G   INFO   Simplification           (parallel_processing.hpp   : 168)   Running Complex bulge remover
  0:03:34.477  1085M / 18G   INFO   Simplification           (parallel_processing.hpp   : 171)   Complex bulge remover triggered 0 times
  0:03:34.477  1085M / 18G   INFO   Simplification           (parallel_processing.hpp   : 168)   Running Tip clipper
  0:03:34.477  1085M / 18G   INFO   Simplification           (parallel_processing.hpp   : 171)   Tip clipper triggered 0 times
  0:03:34.477  1085M / 18G   INFO   Simplification           (parallel_processing.hpp   : 168)   Running Final tip clipper
  0:03:34.477  1085M / 18G   INFO   Simplification           (parallel_processing.hpp   : 171)   Final tip clipper triggered 0 times
  0:03:34.477  1085M / 18G   INFO   Simplification           (parallel_processing.hpp   : 168)   Running Bulge remover
  0:03:34.477  1085M / 18G   INFO   Simplification           (parallel_processing.hpp   : 171)   Bulge remover triggered 0 times
  0:03:34.477  1085M / 18G   INFO   Simplification           (parallel_processing.hpp   : 168)   Running Thorn remover (meta)
  0:03:34.477  1085M / 18G   INFO   Simplification           (parallel_processing.hpp   : 171)   Thorn remover (meta) triggered 0 times
  0:03:34.477  1085M / 18G   INFO    General                 (simplification.cpp        : 344)   Running Hidden EC remover (meta)
  0:03:34.540  1085M / 18G   INFO    General                 (simplification.cpp        : 348)   Disrupting self-conjugate edges
  0:03:34.652  1085M / 18G   INFO   Simplification           (parallel_processing.hpp   : 168)   Running Removing isolated edges
  0:03:34.687  1085M / 18G   INFO   Simplification           (parallel_processing.hpp   : 171)   Removing isolated edges triggered 868 times
  0:03:34.726  1084M / 18G   INFO    General                 (simplification.cpp        : 508)   After simplification:
  0:03:34.727  1084M / 18G   INFO    General                 (simplification.cpp        : 509)     Average coverage = 13.4401
  0:03:34.763  1084M / 18G   INFO    General                 (simplification.cpp        : 510)     Total length = 159236936
  0:03:34.814  1084M / 18G   INFO    General                 (simplification.cpp        : 511)     Median edge length: 4219
  0:03:34.814  1084M / 18G   INFO    General                 (simplification.cpp        : 512)     Edges: 341815
  0:03:34.814  1084M / 18G   INFO    General                 (simplification.cpp        : 513)     Vertices: 485702
  0:03:34.814  1084M / 18G   INFO   StageManager             (stage.cpp                 : 210)   STAGE == Contig Output (id: contig_output)
  0:03:34.814  1084M / 18G   INFO    General                 (read_converter.cpp        : 135)   Outputting contigs to "${ARTICLE32_WORK_DIR}/assemblies/spades-illumina-ont/K33/simplified_contigs"
  0:03:34.820  1087M / 18G   INFO    General                 (binary_converter.cpp      : 127)   16384 reads processed
  0:03:34.826  1087M / 18G   INFO    General                 (binary_converter.cpp      : 127)   32768 reads processed
  0:03:34.841  1087M / 18G   INFO    General                 (binary_converter.cpp      : 127)   65536 reads processed
  0:03:34.904  1087M / 18G   INFO    General                 (binary_converter.cpp      : 127)   131072 reads processed
  0:03:34.953  1087M / 18G   INFO    General                 (binary_converter.cpp      : 143)   170952 reads written
  0:03:34.958  1084M / 18G   INFO    General                 (pipeline.cpp              : 305)   SPAdes finished
  0:03:35.270     1M / 18G   INFO    General                 (main.cpp                  : 131)   Assembling time: 0 hours 3 minutes 35 seconds

===== K33 finished. 


===== K55 started. 


== Running: ${HYBRID_ENV_PREFIX}/bin/spades-core ${ARTICLE32_WORK_DIR}/assemblies/spades-illumina-ont/K55/configs/config.info ${ARTICLE32_WORK_DIR}/assemblies/spades-illumina-ont/K55/configs/mda_mode.info ${ARTICLE32_WORK_DIR}/assemblies/spades-illumina-ont/K55/configs/meta_mode.info

  0:00:00.000     1M / 17M   INFO    General                 (main.cpp                  :  94)   Loaded config from "${ARTICLE32_WORK_DIR}/assemblies/spades-illumina-ont/K55/configs/config.info"
  0:00:00.002     1M / 17M   INFO    General                 (main.cpp                  :  94)   Loaded config from "${ARTICLE32_WORK_DIR}/assemblies/spades-illumina-ont/K55/configs/mda_mode.info"
  0:00:00.002     1M / 17M   INFO    General                 (main.cpp                  :  94)   Loaded config from "${ARTICLE32_WORK_DIR}/assemblies/spades-illumina-ont/K55/configs/meta_mode.info"
  0:00:00.002     1M / 17M   INFO    General                 (memory_limit.cpp          :  55)   Memory limit set to 256 Gb
  0:00:00.002     1M / 17M   INFO    General                 (main.cpp                  : 102)   Starting SPAdes, built from N/A, git revision N/A
  0:00:00.002     1M / 17M   INFO    General                 (main.cpp                  : 103)   Maximum k-mer length: 128
  0:00:00.002     1M / 17M   INFO    General                 (main.cpp                  : 104)   Assembling dataset ("${ARTICLE32_WORK_DIR}/assemblies/spades-illumina-ont/dataset.info") with K=55
  0:00:00.002     1M / 17M   INFO    General                 (main.cpp                  : 105)   Maximum # of threads to use (adjusted due to OMP capabilities): 32
  0:00:00.002     1M / 17M   INFO    General                 (pipeline.cpp              : 221)   SPAdes started
  0:00:00.002     1M / 17M   INFO    General                 (pipeline.cpp              : 234)   Starting from stage: read_conversion
  0:00:00.002     1M / 17M   INFO    General                 (pipeline.cpp              : 245)   Two-step repeat resolution disabled
  0:00:00.003     1M / 17M   INFO   GraphCore                (graph_core.hpp            : 582)   Graph created, vertex min_id: 3, edge min_id: 3
  0:00:00.003     1M / 17M   INFO   GraphCore                (graph_core.hpp            : 583)   Vertex size: 48, edge size: 40
  0:00:00.003     1M / 17M   INFO    General                 (edge_index.hpp            : 132)   Size of edge index entries: 12/8
  0:00:00.003     1M / 17M   INFO    General                 (pipeline.cpp              : 256)   Will need read mapping, kmer mapper will be attached
  0:00:00.003     1M / 17M   INFO   StageManager             (stage.cpp                 : 210)   STAGE == Binary Read Conversion (id: read_conversion)
  0:00:00.005     1M / 17M   INFO    General                 (read_converter.cpp        :  57)   Binary reads detected
  0:00:00.005     1M / 17M   INFO    General                 (read_converter.cpp        :  57)   Binary reads detected
  0:00:00.024     1M / 17M   INFO   StageManager             (stage.cpp                 : 210)   STAGE == de Bruijn graph construction (id: construction)
  0:00:00.024     1M / 17M   INFO    General                 (construction.cpp          : 115)   Contigs from previous K will be used: ${ARTICLE32_WORK_DIR}/assemblies/spades-illumina-ont/K33/simplified_contigs
  0:00:00.026     1M / 17M   INFO    General                 (construction.cpp          : 150)   Max read length 150
  0:00:00.026     1M / 17M   INFO    General                 (construction.cpp          : 156)   Average read length 148.973
  0:00:00.027     1M / 17M   INFO    General                 (stage.cpp                 : 120)   PROCEDURE == k+1-mer counting (id: construction:kpomer_counting)
  0:00:00.027     1M / 17M   INFO    General                 (kmer_index_builder.hpp    : 308)   Splitting kmer instances into 320 files using 32 threads. This might take a while.
  0:00:00.034     1M / 17M   INFO    General                 (file_limit.hpp            :  43)   Open file limit set to 1024
  0:00:00.034     1M / 17M   INFO    General                 (kmer_splitter.hpp         :  96)   Memory available for splitting buffers: 2.66666 Gb
  0:00:00.034     1M / 17M   INFO    General                 (kmer_splitter.hpp         : 104)   Using cell size of 104857
mimalloc: warning: thread 0x706d48800640: unable to allocate aligned OS memory directly, fall back to over-allocation (67108864 bytes, address: 0x706d40400000, alignment: 67108864, commit: 1)
mimalloc: warning: thread 0x706d54600640: unable to allocate aligned OS memory directly, fall back to over-allocation (67108864 bytes, address: 0x706d3c400000, alignment: 67108864, commit: 1)
mimalloc: warning: thread 0x706d55000640: unable to allocate aligned OS memory directly, fall back to over-allocation (67108864 bytes, address: 0x706d38400000, alignment: 67108864, commit: 1)
mimalloc: warning: thread 0x706d56e00640: unable to allocate aligned OS memory directly, fall back to over-allocation (67108864 bytes, address: 0x706d34400000, alignment: 67108864, commit: 1)
mimalloc: warning: thread 0x706d46000640: unable to allocate aligned OS memory directly, fall back to over-allocation (67108864 bytes, address: 0x706d2c400000, alignment: 67108864, commit: 1)
  0:00:07.248    19G / 19G   INFO    General                 (kmer_splitters.hpp        : 128)   Processed 22586421 reads
  0:00:13.745    19G / 19G   INFO    General                 (kmer_splitters.hpp        : 128)   Processed 40315211 reads
  0:00:15.374    19G / 19G   INFO    General                 (kmer_splitters.hpp        : 128)   Processed 40339184 reads
  0:00:15.385     3M / 18G   INFO    General                 (kmer_splitters.hpp        : 134)   Used 40339184 reads
  0:00:15.808     3M / 18G   INFO    General                 (kmer_index_builder.hpp    : 314)   Starting k-mer counting.
  0:00:16.792     3M / 18G   INFO    General                 (kmer_index_builder.hpp    : 325)   K-mer counting done. There are 379774112 kmers in total.
  0:00:16.792     2M / 18G   INFO    General                 (stage.cpp                 : 120)   PROCEDURE == Extension index construction (id: construction:extension_index_construction)
  0:00:16.797     3M / 18G   INFO   K-mer Index Building     (kmer_index_builder.hpp    : 503)   Building kmer index
  0:00:16.797     3M / 18G   INFO    General                 (kmer_index_builder.hpp    : 308)   Splitting kmer instances into 320 files using 32 threads. This might take a while.
  0:00:16.804     3M / 18G   INFO    General                 (file_limit.hpp            :  43)   Open file limit set to 1024
  0:00:16.804     3M / 18G   INFO    General                 (kmer_splitter.hpp         :  96)   Memory available for splitting buffers: 2.66664 Gb
  0:00:16.804     3M / 18G   INFO    General                 (kmer_splitter.hpp         : 104)   Using cell size of 104857
  0:00:17.422    19G / 19G   INFO    General                 (kmer_splitters.hpp        : 197)   Processed 10623867 kmers
  0:00:17.947    19G / 19G   INFO    General                 (kmer_splitters.hpp        : 197)   Processed 23949342 kmers
  0:00:18.391    19G / 19G   INFO    General                 (kmer_splitters.hpp        : 197)   Processed 35701372 kmers
  0:00:18.879    19G / 19G   INFO    General                 (kmer_splitters.hpp        : 197)   Processed 48600650 kmers
  0:00:19.374    19G / 19G   INFO    General                 (kmer_splitters.hpp        : 197)   Processed 61921458 kmers
  0:00:19.811    19G / 19G   INFO    General                 (kmer_splitters.hpp        : 197)   Processed 73679583 kmers
  0:00:20.273    19G / 19G   INFO    General                 (kmer_splitters.hpp        : 197)   Processed 86613759 kmers
  0:00:20.768    19G / 19G   INFO    General                 (kmer_splitters.hpp        : 197)   Processed 99933388 kmers
  0:00:21.215    19G / 19G   INFO    General                 (kmer_splitters.hpp        : 197)   Processed 111681424 kmers
  0:00:21.676    19G / 19G   INFO    General                 (kmer_splitters.hpp        : 197)   Processed 124617301 kmers
  0:00:22.129    19G / 19G   INFO    General                 (kmer_splitters.hpp        : 197)   Processed 137944098 kmers
  0:00:22.557    19G / 19G   INFO    General                 (kmer_splitters.hpp        : 197)   Processed 149699250 kmers
  0:00:23.074    19G / 19G   INFO    General                 (kmer_splitters.hpp        : 197)   Processed 162617995 kmers
  0:00:23.573    19G / 19G   INFO    General                 (kmer_splitters.hpp        : 197)   Processed 175947696 kmers
  0:00:24.036    19G / 19G   INFO    General                 (kmer_splitters.hpp        : 197)   Processed 187697290 kmers
  0:00:24.542    19G / 19G   INFO    General                 (kmer_splitters.hpp        : 197)   Processed 200597036 kmers
  0:00:25.026    19G / 19G   INFO    General                 (kmer_splitters.hpp        : 197)   Processed 213918318 kmers
  0:00:25.472    19G / 19G   INFO    General                 (kmer_splitters.hpp        : 197)   Processed 225673529 kmers
  0:00:27.289    19G / 19G   INFO    General                 (kmer_splitters.hpp        : 197)   Processed 276518781 kmers
  0:00:30.889    19G / 19G   INFO    General                 (kmer_splitters.hpp        : 202)   Used 379779392 kmers.
  0:00:30.913     4M / 18G   INFO    General                 (kmer_index_builder.hpp    : 314)   Starting k-mer counting.
  0:00:32.759     4M / 18G   INFO    General                 (kmer_index_builder.hpp    : 325)   K-mer counting done. There are 379672281 kmers in total.
  0:00:32.759     4M / 18G   INFO   K-mer Index Building     (kmer_index_builder.hpp    : 460)   Building perfect hash indices
  0:00:35.660   292M / 18G   INFO   K-mer Index Building     (kmer_index_builder.hpp    : 496)   Index built. Total 379672281 kmers, 274461648 bytes occupied (5.78313 bits per kmer).
  0:00:35.665   292M / 18G   INFO    General                 (kmer_index_builder.hpp    : 191)   Merging final buckets.
  0:01:15.231   655M / 18G   INFO   DeBruijnExtensionIndexBu (kmer_extension_index_build: 101)   Building k-mer extensions from k+1-mers
  0:01:26.767   655M / 18G   INFO   DeBruijnExtensionIndexBu (kmer_extension_index_build: 106)   Building k-mer extensions from k+1-mers finished.
  0:01:27.096   654M / 18G   INFO    General                 (stage.cpp                 : 120)   PROCEDURE == Condensing graph (id: construction:graph_condensing)
  0:01:27.101   654M / 18G   INFO   UnbranchingPathExtractor (debruijn_graph_constructor: 324)   Extracting unbranching paths
  0:01:42.393  1149M / 18G   INFO   UnbranchingPathExtractor (debruijn_graph_constructor: 348)   Extracting unbranching paths finished. 10404747 sequences extracted
  0:01:50.117  1148M / 18G   INFO   UnbranchingPathExtractor (debruijn_graph_constructor: 362)   Collecting perfect loops
  0:01:51.631  1149M / 18G   INFO   UnbranchingPathExtractor (debruijn_graph_constructor: 395)   Collecting perfect loops finished. 3 loops collected
  0:01:52.659  1148M / 18G   INFO   DeBruijnGraphConstructor (debruijn_graph_constructor: 597)   Sorting edges...
  0:01:52.971  1148M / 18G   INFO   DeBruijnGraphConstructor (debruijn_graph_constructor: 602)   Edges sorted
  0:01:52.971  1148M / 18G   INFO    General                 (debruijn_graph_constructor: 511)   Total 20809500 edges to create
  0:01:52.972  1951M / 18G   INFO    General                 (debruijn_graph_constructor: 514)   Collecting link records
  0:02:10.842  2271M / 18G   INFO    General                 (debruijn_graph_constructor: 521)   Total short graph edges: 3267954
  0:02:10.842  2271M / 18G   INFO    General                 (debruijn_graph_constructor: 523)   Ordering link records
  0:02:11.001  2271M / 18G   INFO    General                 (debruijn_graph_constructor: 529)   Sorting done
  0:02:11.248  2399M / 18G   INFO    General                 (debruijn_graph_constructor: 542)   Sorting LinkRecords...
  0:02:11.455  2399M / 18G   INFO    General                 (debruijn_graph_constructor: 548)   LinkRecords sorted
  0:02:11.455  2399M / 18G   INFO    General                 (debruijn_graph_constructor: 550)   Total 10302919 vertices to create
  0:02:11.456  3349M / 18G   INFO    General                 (debruijn_graph_constructor: 553)   Connecting the graph
  0:02:35.530  2741M / 18G   INFO    General                 (stage.cpp                 : 120)   PROCEDURE == Filling coverage indices (PHM) (id: construction:coverage_filling_phm)
  0:02:35.530  2741M / 18G   INFO   K-mer Index Building     (kmer_index_builder.hpp    : 460)   Building perfect hash indices
  0:02:38.469  3029M / 18G   INFO   K-mer Index Building     (kmer_index_builder.hpp    : 496)   Index built. Total 379774112 kmers, 274535168 bytes occupied (5.78313 bits per kmer).
mimalloc: warning: unable to allocate aligned OS memory directly, fall back to over-allocation (1526726656 bytes, address: 0x706cb9000000, alignment: 67108864, commit: 1)
  0:02:39.493  4481M / 18G   INFO    General                 (coverage_hash_map_builder.:  49)   Collecting k-mer coverage information from reads, this takes a while.
  0:03:07.930  4481M / 18G   INFO    General                 (construction.cpp          : 400)   Filling coverage and flanking coverage from PHM
  0:03:21.947  4481M / 18G   INFO    General                 (coverage_filling.hpp      :  83)   Processed 20809457 edges
  0:03:25.204  2088M / 18G   INFO   StageManager             (stage.cpp                 : 210)   STAGE == Gap Closer (id: early_gapcloser)
  0:03:25.219  2102M / 18G   INFO    General                 (edge_index.hpp            : 132)   Size of edge index entries: 12/8
  0:03:26.626  2246M / 18G   INFO    General                 (gap_closer.cpp            : 117)   Total edges in tip neighborhood: 5426569 out of 20809457, length: 270267203
  0:03:27.236  2318M / 18G   INFO    General                 (edge_index.hpp            : 196)   Using small index (max_id = 20913550)
  0:03:27.709  2318M / 18G   INFO   K-mer Index Building     (kmer_index_builder.hpp    : 460)   Building perfect hash indices
  0:03:34.321  2464M / 18G   INFO   K-mer Index Building     (kmer_index_builder.hpp    : 496)   Index built. Total 209208683 kmers, 151104656 bytes occupied (5.77814 bits per kmer).
mimalloc: warning: unable to allocate aligned OS memory directly, fall back to over-allocation (1681915904 bytes, address: 0x706cafc00000, alignment: 67108864, commit: 1)
  0:03:35.580  4064M / 18G   INFO    General                 (edge_index_builders.hpp   : 266)   Collecting edge information from graph, this takes a while.
  0:03:38.916  3992M / 18G   INFO    General                 (sequence_mapper_notifier.h:  80)   Starting sequence mapping
  0:03:58.305  3993M / 18G   INFO    General                 (sequence_mapper_notifier.h: 101)   Processed 200000 reads
  0:03:58.485  3996M / 18G   INFO    General                 (sequence_mapper_notifier.h: 101)   Processed 400000 reads
  0:03:59.084  3998M / 18G   INFO    General                 (sequence_mapper_notifier.h: 101)   Processed 600000 reads
  0:03:59.379  4000M / 18G   INFO    General                 (sequence_mapper_notifier.h: 101)   Processed 800000 reads
  0:03:59.812  4001M / 18G   INFO    General                 (sequence_mapper_notifier.h: 101)   Processed 1000000 reads
  0:04:00.009  4002M / 18G   INFO    General                 (sequence_mapper_notifier.h: 101)   Processed 1200000 reads
  0:04:00.466  4003M / 18G   INFO    General                 (sequence_mapper_notifier.h: 101)   Processed 2200000 reads
  0:04:01.804  4004M / 18G   INFO    General                 (sequence_mapper_notifier.h: 101)   Processed 4200000 reads
  0:04:16.375  4140M / 18G   INFO    General                 (sequence_mapper_notifier.h: 120)   Total 9999320 reads processed
  0:04:17.787  2426M / 18G   INFO    General                 (gap_closer.cpp            : 505)   Initializing gap closer
  0:04:17.789  2426M / 18G   INFO   GapCloser                (gap_closer.cpp            : 421)   Collecting gap candidates
  0:04:18.422  2433M / 18G   INFO   GapCloser                (gap_closer.cpp            : 425)   Total 127106 tips collected, total 140214 connection candidates
  0:04:18.945  2433M / 18G   INFO   GapCloser                (gap_closer.cpp            : 446)   Closing short gaps complete: filled 8492 gaps after checking 128484 candidates
  0:04:19.332  2426M / 18G   INFO    General                 (gap_closer.cpp            : 510)   Gap closer done
  0:04:19.539  2088M / 18G   INFO   StageManager             (stage.cpp                 : 210)   STAGE == Raw Simplification (id: raw_simplification)
  0:04:19.551  2088M / 18G   INFO    General                 (simplification.cpp        : 129)   PROCEDURE == Initial cleaning
  0:04:19.551  2088M / 18G   INFO    General                 (graph_simplification.hpp  : 674)   Flanking coverage based disconnection disabled
  0:04:19.551  2088M / 18G   INFO   Simplification           (parallel_processing.hpp   : 168)   Running Self conjugate edge remover
  0:04:19.936  2088M / 18G   INFO   Simplification           (parallel_processing.hpp   : 171)   Self conjugate edge remover triggered 15 times
  0:04:19.936  2088M / 18G   INFO   Simplification           (parallel_processing.hpp   : 168)   Running Initial tip clipper
  0:04:50.165  2090M / 18G   INFO   Simplification           (parallel_processing.hpp   : 171)   Initial tip clipper triggered 3837887 times
  0:04:50.183  2090M / 18G   INFO   Simplification           (parallel_processing.hpp   : 168)   Running Initial ec remover
  0:05:00.863  2025M / 18G   INFO   Simplification           (parallel_processing.hpp   : 171)   Initial ec remover triggered 656307 times
  0:05:00.874  2025M / 18G   INFO   Simplification           (parallel_processing.hpp   : 168)   Running Initial isolated edge remover
  0:05:01.771  2017M / 18G   INFO   Simplification           (parallel_processing.hpp   : 171)   Initial isolated edge remover triggered 561695 times
  0:05:01.789  1808M / 18G   INFO   StageManager             (stage.cpp                 : 210)   STAGE == Simplification (id: simplification)
  0:05:01.789  1808M / 18G   INFO    General                 (simplification.cpp        : 397)   Graph simplification started
  0:05:01.789  1808M / 18G   INFO    General                 (graph_simplification.hpp  : 646)   Creating parallel br instance
  0:05:01.789  1808M / 18G   INFO    General                 (simplification.cpp        : 402)   PROCEDURE == Simplification cycle, iteration 1
  0:05:01.790  1808M / 18G   INFO   Simplification           (parallel_processing.hpp   : 168)   Running Tip clipper
  0:05:01.983  1808M / 18G   INFO   Simplification           (parallel_processing.hpp   : 171)   Tip clipper triggered 9939 times
  0:05:01.984  1808M / 18G   INFO   Simplification           (parallel_processing.hpp   : 168)   Running Bulge remover
  0:05:23.899  2426M / 18G   INFO   Simplification           (parallel_processing.hpp   : 171)   Bulge remover triggered 88858 times
  0:05:23.899  2426M / 18G   INFO   Simplification           (parallel_processing.hpp   : 168)   Running Low coverage edge remover
  0:05:23.964  2427M / 18G   INFO   Simplification           (parallel_processing.hpp   : 171)   Low coverage edge remover triggered 19 times
  0:05:23.965  2427M / 18G   INFO    General                 (simplification.cpp        : 402)   PROCEDURE == Simplification cycle, iteration 2
  0:05:23.966  2427M / 18G   INFO   Simplification           (parallel_processing.hpp   : 168)   Running Tip clipper
  0:05:23.996  2426M / 18G   INFO   Simplification           (parallel_processing.hpp   : 171)   Tip clipper triggered 133 times
  0:05:23.997  2426M / 18G   INFO   Simplification           (parallel_processing.hpp   : 168)   Running Bulge remover
  0:05:23.998  2426M / 18G   INFO   Simplification           (parallel_processing.hpp   : 171)   Bulge remover triggered 2 times
  0:05:23.999  2426M / 18G   INFO   Simplification           (parallel_processing.hpp   : 168)   Running Low coverage edge remover
  0:05:24.034  2426M / 18G   INFO   Simplification           (parallel_processing.hpp   : 171)   Low coverage edge remover triggered 305 times
  0:05:24.035  2426M / 18G   INFO    General                 (simplification.cpp        : 402)   PROCEDURE == Simplification cycle, iteration 3
  0:05:24.035  2426M / 18G   INFO   Simplification           (parallel_processing.hpp   : 168)   Running Tip clipper
  0:05:24.036  2426M / 18G   INFO   Simplification           (parallel_processing.hpp   : 171)   Tip clipper triggered 5 times
  0:05:24.037  2426M / 18G   INFO   Simplification           (parallel_processing.hpp   : 168)   Running Bulge remover
  0:05:24.059  2426M / 18G   INFO   Simplification           (parallel_processing.hpp   : 171)   Bulge remover triggered 73 times
  0:05:24.060  2426M / 18G   INFO   Simplification           (parallel_processing.hpp   : 168)   Running Low coverage edge remover
  0:05:24.129  2426M / 18G   INFO   Simplification           (parallel_processing.hpp   : 171)   Low coverage edge remover triggered 654 times
  0:05:24.130  2426M / 18G   INFO    General                 (simplification.cpp        : 402)   PROCEDURE == Simplification cycle, iteration 4
  0:05:24.130  2426M / 18G   INFO   Simplification           (parallel_processing.hpp   : 168)   Running Tip clipper
  0:05:24.189  2426M / 18G   INFO   Simplification           (parallel_processing.hpp   : 171)   Tip clipper triggered 20 times
  0:05:24.190  2426M / 18G   INFO   Simplification           (parallel_processing.hpp   : 168)   Running Bulge remover
  0:05:24.291  2427M / 18G   INFO   Simplification           (parallel_processing.hpp   : 171)   Bulge remover triggered 90 times
  0:05:24.292  2427M / 18G   INFO   Simplification           (parallel_processing.hpp   : 168)   Running Low coverage edge remover
  0:05:24.349  2427M / 18G   INFO   Simplification           (parallel_processing.hpp   : 171)   Low coverage edge remover triggered 0 times
  0:05:24.350  2427M / 18G   INFO    General                 (simplification.cpp        : 402)   PROCEDURE == Simplification cycle, iteration 5
  0:05:24.350  2427M / 18G   INFO   Simplification           (parallel_processing.hpp   : 168)   Running Tip clipper
  0:05:24.351  2427M / 18G   INFO   Simplification           (parallel_processing.hpp   : 171)   Tip clipper triggered 1 times
  0:05:24.352  2427M / 18G   INFO   Simplification           (parallel_processing.hpp   : 168)   Running Bulge remover
  0:05:24.352  2427M / 18G   INFO   Simplification           (parallel_processing.hpp   : 171)   Bulge remover triggered 0 times
  0:05:24.353  2427M / 18G   INFO   Simplification           (parallel_processing.hpp   : 168)   Running Low coverage edge remover
  0:05:24.353  2427M / 18G   INFO   Simplification           (parallel_processing.hpp   : 171)   Low coverage edge remover triggered 0 times
  0:05:24.354  2427M / 18G   INFO    General                 (simplification.cpp        : 402)   PROCEDURE == Simplification cycle, iteration 6
  0:05:24.354  2427M / 18G   INFO   Simplification           (parallel_processing.hpp   : 168)   Running Tip clipper
  0:05:24.355  2427M / 18G   INFO   Simplification           (parallel_processing.hpp   : 171)   Tip clipper triggered 0 times
  0:05:24.355  2427M / 18G   INFO   Simplification           (parallel_processing.hpp   : 168)   Running Bulge remover
  0:05:24.356  2427M / 18G   INFO   Simplification           (parallel_processing.hpp   : 171)   Bulge remover triggered 0 times
  0:05:24.356  2427M / 18G   INFO   Simplification           (parallel_processing.hpp   : 168)   Running Low coverage edge remover
  0:05:24.357  2427M / 18G   INFO   Simplification           (parallel_processing.hpp   : 171)   Low coverage edge remover triggered 0 times
  0:05:24.424  2421M / 18G   INFO   StageManager             (stage.cpp                 : 210)   STAGE == Gap Closer (id: late_gapcloser)
  0:05:24.433  2435M / 18G   INFO    General                 (edge_index.hpp            : 132)   Size of edge index entries: 12/8
  0:05:24.515  2439M / 18G   INFO    General                 (gap_closer.cpp            : 117)   Total edges in tip neighborhood: 178858 out of 261043, length: 161231138
  0:05:24.525  2440M / 18G   INFO    General                 (edge_index.hpp            : 196)   Using small index (max_id = 20913550)
  0:05:24.743  2440M / 18G   INFO   K-mer Index Building     (kmer_index_builder.hpp    : 460)   Building perfect hash indices
  0:05:26.971  2504M / 18G   INFO   K-mer Index Building     (kmer_index_builder.hpp    : 496)   Index built. Total 89078425 kmers, 64340122 bytes occupied (5.77829 bits per kmer).
  0:05:27.504  3184M / 18G   INFO    General                 (edge_index_builders.hpp   : 266)   Collecting edge information from graph, this takes a while.
  0:05:28.731  3183M / 18G   INFO    General                 (sequence_mapper_notifier.h:  80)   Starting sequence mapping
  0:05:59.746  3183M / 18G   INFO    General                 (sequence_mapper_notifier.h: 101)   Processed 200000 reads
  0:05:59.826  3183M / 18G   INFO    General                 (sequence_mapper_notifier.h: 101)   Processed 400000 reads
  0:05:59.914  3184M / 18G   INFO    General                 (sequence_mapper_notifier.h: 101)   Processed 600000 reads
  0:06:00.037  3184M / 18G   INFO    General                 (sequence_mapper_notifier.h: 101)   Processed 800000 reads
  0:06:00.260  3184M / 18G   INFO    General                 (sequence_mapper_notifier.h: 101)   Processed 1000000 reads
  0:06:00.294  3185M / 18G   INFO    General                 (sequence_mapper_notifier.h: 101)   Processed 1200000 reads
  0:06:00.832  3185M / 18G   INFO    General                 (sequence_mapper_notifier.h: 101)   Processed 2200000 reads
  0:06:07.104  3185M / 18G   INFO    General                 (sequence_mapper_notifier.h: 101)   Processed 4200000 reads
  0:06:30.228  3192M / 18G   INFO    General                 (sequence_mapper_notifier.h: 120)   Total 9999320 reads processed
  0:06:30.467  2458M / 18G   INFO    General                 (gap_closer.cpp            : 505)   Initializing gap closer
  0:06:30.468  2458M / 18G   INFO   GapCloser                (gap_closer.cpp            : 421)   Collecting gap candidates
  0:06:30.639  2463M / 18G   INFO   GapCloser                (gap_closer.cpp            : 425)   Total 86520 tips collected, total 89787 connection candidates
  0:06:30.952  2463M / 18G   INFO   GapCloser                (gap_closer.cpp            : 446)   Closing short gaps complete: filled 4229 gaps after checking 85071 candidates
  0:06:31.114  2458M / 18G   INFO    General                 (gap_closer.cpp            : 510)   Gap closer done
  0:06:31.144  2421M / 18G   INFO   StageManager             (stage.cpp                 : 210)   STAGE == Simplification Cleanup (id: simplification_cleanup)
  0:06:31.146  2421M / 18G   INFO    General                 (simplification.cpp        : 189)   PROCEDURE == Post simplification
  0:06:31.147  2421M / 18G   INFO    General                 (graph_simplification.hpp  : 646)   Creating parallel br instance
  0:06:31.147  2421M / 18G   INFO   Simplification           (parallel_processing.hpp   : 168)   Running Relative coverage component remover
  0:06:31.326  2421M / 18G   INFO   Simplification           (parallel_processing.hpp   : 171)   Relative coverage component remover triggered 933 times
  0:06:31.327  2421M / 18G   INFO   Simplification           (parallel_processing.hpp   : 168)   Running Disconnecting edges with relatively low coverage
  0:06:31.443  2421M / 18G   INFO   Simplification           (parallel_processing.hpp   : 171)   Disconnecting edges with relatively low coverage triggered 564 times
  0:06:31.444  2421M / 18G   INFO   Simplification           (parallel_processing.hpp   : 168)   Running Complex tip clipper
  0:06:31.509  2421M / 18G   INFO   Simplification           (parallel_processing.hpp   : 171)   Complex tip clipper triggered 9 times
  0:06:31.510  2421M / 18G   INFO   Simplification           (parallel_processing.hpp   : 168)   Running Complex bulge remover
  0:06:34.482  2478M / 18G   INFO   Simplification           (parallel_processing.hpp   : 171)   Complex bulge remover triggered 3152 times
  0:06:34.488  2478M / 18G   INFO   Simplification           (parallel_processing.hpp   : 168)   Running Tip clipper
  0:06:34.543  2478M / 18G   INFO   Simplification           (parallel_processing.hpp   : 171)   Tip clipper triggered 60 times
  0:06:34.544  2478M / 18G   INFO   Simplification           (parallel_processing.hpp   : 168)   Running Final tip clipper
  0:06:34.607  2478M / 18G   INFO   Simplification           (parallel_processing.hpp   : 171)   Final tip clipper triggered 311 times
  0:06:34.608  2478M / 18G   INFO   Simplification           (parallel_processing.hpp   : 168)   Running Bulge remover
  0:06:34.695  2478M / 18G   INFO   Simplification           (parallel_processing.hpp   : 171)   Bulge remover triggered 33 times
  0:06:34.696  2478M / 18G   INFO   Simplification           (parallel_processing.hpp   : 168)   Running Thorn remover (meta)
  0:06:34.768  2478M / 18G   INFO   Simplification           (parallel_processing.hpp   : 171)   Thorn remover (meta) triggered 1 times
  0:06:34.768  2478M / 18G   INFO   Simplification           (parallel_processing.hpp   : 168)   Running Relative coverage component remover
  0:06:34.879  2478M / 18G   INFO   Simplification           (parallel_processing.hpp   : 171)   Relative coverage component remover triggered 7 times
  0:06:34.880  2478M / 18G   INFO   Simplification           (parallel_processing.hpp   : 168)   Running Disconnecting edges with relatively low coverage
  0:06:34.945  2478M / 18G   INFO   Simplification           (parallel_processing.hpp   : 171)   Disconnecting edges with relatively low coverage triggered 15 times
  0:06:34.945  2478M / 18G   INFO   Simplification           (parallel_processing.hpp   : 168)   Running Complex tip clipper
  0:06:35.011  2478M / 18G   INFO   Simplification           (parallel_processing.hpp   : 171)   Complex tip clipper triggered 0 times
  0:06:35.012  2478M / 18G   INFO   Simplification           (parallel_processing.hpp   : 168)   Running Complex bulge remover
  0:06:35.791  2478M / 18G   INFO   Simplification           (parallel_processing.hpp   : 171)   Complex bulge remover triggered 9 times
  0:06:35.792  2478M / 18G   INFO   Simplification           (parallel_processing.hpp   : 168)   Running Tip clipper
  0:06:35.843  2478M / 18G   INFO   Simplification           (parallel_processing.hpp   : 171)   Tip clipper triggered 4 times
  0:06:35.843  2478M / 18G   INFO   Simplification           (parallel_processing.hpp   : 168)   Running Final tip clipper
  0:06:35.897  2478M / 18G   INFO   Simplification           (parallel_processing.hpp   : 171)   Final tip clipper triggered 5 times
  0:06:35.898  2478M / 18G   INFO   Simplification           (parallel_processing.hpp   : 168)   Running Bulge remover
  0:06:35.965  2478M / 18G   INFO   Simplification           (parallel_processing.hpp   : 171)   Bulge remover triggered 0 times
  0:06:35.965  2478M / 18G   INFO   Simplification           (parallel_processing.hpp   : 168)   Running Thorn remover (meta)
  0:06:36.027  2478M / 18G   INFO   Simplification           (parallel_processing.hpp   : 171)   Thorn remover (meta) triggered 0 times
  0:06:36.028  2478M / 18G   INFO   Simplification           (parallel_processing.hpp   : 168)   Running Relative coverage component remover
  0:06:36.128  2478M / 18G   INFO   Simplification           (parallel_processing.hpp   : 171)   Relative coverage component remover triggered 1 times
  0:06:36.129  2478M / 18G   INFO   Simplification           (parallel_processing.hpp   : 168)   Running Disconnecting edges with relatively low coverage
  0:06:36.129  2478M / 18G   INFO   Simplification           (parallel_processing.hpp   : 171)   Disconnecting edges with relatively low coverage triggered 0 times
  0:06:36.130  2478M / 18G   INFO   Simplification           (parallel_processing.hpp   : 168)   Running Complex tip clipper
  0:06:36.195  2478M / 18G   INFO   Simplification           (parallel_processing.hpp   : 171)   Complex tip clipper triggered 0 times
  0:06:36.196  2478M / 18G   INFO   Simplification           (parallel_processing.hpp   : 168)   Running Complex bulge remover
  0:06:36.993  2478M / 18G   INFO   Simplification           (parallel_processing.hpp   : 171)   Complex bulge remover triggered 0 times
  0:06:36.994  2478M / 18G   INFO   Simplification           (parallel_processing.hpp   : 168)   Running Tip clipper
  0:06:36.995  2478M / 18G   INFO   Simplification           (parallel_processing.hpp   : 171)   Tip clipper triggered 0 times
  0:06:36.995  2478M / 18G   INFO   Simplification           (parallel_processing.hpp   : 168)   Running Final tip clipper
  0:06:36.996  2478M / 18G   INFO   Simplification           (parallel_processing.hpp   : 171)   Final tip clipper triggered 0 times
  0:06:36.996  2478M / 18G   INFO   Simplification           (parallel_processing.hpp   : 168)   Running Bulge remover
  0:06:36.997  2478M / 18G   INFO   Simplification           (parallel_processing.hpp   : 171)   Bulge remover triggered 0 times
  0:06:36.997  2478M / 18G   INFO   Simplification           (parallel_processing.hpp   : 168)   Running Thorn remover (meta)
  0:06:36.998  2478M / 18G   INFO   Simplification           (parallel_processing.hpp   : 171)   Thorn remover (meta) triggered 0 times
  0:06:36.998  2478M / 18G   INFO   Simplification           (parallel_processing.hpp   : 168)   Running Relative coverage component remover
  0:06:37.101  2478M / 18G   INFO   Simplification           (parallel_processing.hpp   : 171)   Relative coverage component remover triggered 0 times
  0:06:37.102  2478M / 18G   INFO   Simplification           (parallel_processing.hpp   : 168)   Running Disconnecting edges with relatively low coverage
  0:06:37.102  2478M / 18G   INFO   Simplification           (parallel_processing.hpp   : 171)   Disconnecting edges with relatively low coverage triggered 0 times
  0:06:37.103  2478M / 18G   INFO   Simplification           (parallel_processing.hpp   : 168)   Running Complex tip clipper
  0:06:37.160  2478M / 18G   INFO   Simplification           (parallel_processing.hpp   : 171)   Complex tip clipper triggered 0 times
  0:06:37.161  2478M / 18G   INFO   Simplification           (parallel_processing.hpp   : 168)   Running Complex bulge remover
  0:06:37.929  2478M / 18G   INFO   Simplification           (parallel_processing.hpp   : 171)   Complex bulge remover triggered 0 times
  0:06:37.930  2478M / 18G   INFO   Simplification           (parallel_processing.hpp   : 168)   Running Tip clipper
  0:06:37.931  2478M / 18G   INFO   Simplification           (parallel_processing.hpp   : 171)   Tip clipper triggered 0 times
  0:06:37.931  2478M / 18G   INFO   Simplification           (parallel_processing.hpp   : 168)   Running Final tip clipper
  0:06:37.932  2478M / 18G   INFO   Simplification           (parallel_processing.hpp   : 171)   Final tip clipper triggered 0 times
  0:06:37.933  2478M / 18G   INFO   Simplification           (parallel_processing.hpp   : 168)   Running Bulge remover
  0:06:37.933  2478M / 18G   INFO   Simplification           (parallel_processing.hpp   : 171)   Bulge remover triggered 0 times
  0:06:37.934  2478M / 18G   INFO   Simplification           (parallel_processing.hpp   : 168)   Running Thorn remover (meta)
  0:06:37.934  2478M / 18G   INFO   Simplification           (parallel_processing.hpp   : 171)   Thorn remover (meta) triggered 0 times
  0:06:37.935  2478M / 18G   INFO    General                 (simplification.cpp        : 344)   Running Hidden EC remover (meta)
  0:06:38.032  2478M / 18G   INFO    General                 (simplification.cpp        : 348)   Disrupting self-conjugate edges
  0:06:38.133  2478M / 18G   INFO   Simplification           (parallel_processing.hpp   : 168)   Running Removing isolated edges
  0:06:38.187  2478M / 18G   INFO   Simplification           (parallel_processing.hpp   : 171)   Removing isolated edges triggered 98 times
  0:06:38.230  2478M / 18G   INFO    General                 (simplification.cpp        : 508)   After simplification:
  0:06:38.231  2478M / 18G   INFO    General                 (simplification.cpp        : 509)     Average coverage = 10.4545
  0:06:38.274  2478M / 18G   INFO    General                 (simplification.cpp        : 510)     Total length = 158770077
  0:06:38.327  2478M / 18G   INFO    General                 (simplification.cpp        : 511)     Median edge length: 7885
  0:06:38.328  2478M / 18G   INFO    General                 (simplification.cpp        : 512)     Edges: 224932
  0:06:38.328  2478M / 18G   INFO    General                 (simplification.cpp        : 513)     Vertices: 373656
  0:06:38.329  2478M / 18G   INFO   StageManager             (stage.cpp                 : 210)   STAGE == Contig Output (id: contig_output)
  0:06:38.329  2478M / 18G   INFO    General                 (read_converter.cpp        : 135)   Outputting contigs to "${ARTICLE32_WORK_DIR}/assemblies/spades-illumina-ont/K55/simplified_contigs"
  0:06:38.345  2481M / 18G   INFO    General                 (binary_converter.cpp      : 127)   16384 reads processed
  0:06:38.366  2481M / 18G   INFO    General                 (binary_converter.cpp      : 127)   32768 reads processed
  0:06:38.390  2481M / 18G   INFO    General                 (binary_converter.cpp      : 127)   65536 reads processed
  0:06:38.472  2481M / 18G   INFO    General                 (binary_converter.cpp      : 143)   112468 reads written
  0:06:38.481  2478M / 18G   INFO    General                 (pipeline.cpp              : 305)   SPAdes finished
  0:06:41.514     1M / 18G   INFO    General                 (main.cpp                  : 131)   Assembling time: 0 hours 6 minutes 41 seconds

===== K55 finished. 


===== K77 started. 


== Running: ${HYBRID_ENV_PREFIX}/bin/spades-core ${ARTICLE32_WORK_DIR}/assemblies/spades-illumina-ont/K77/configs/config.info ${ARTICLE32_WORK_DIR}/assemblies/spades-illumina-ont/K77/configs/mda_mode.info ${ARTICLE32_WORK_DIR}/assemblies/spades-illumina-ont/K77/configs/meta_mode.info

  0:00:00.000     1M / 17M   INFO    General                 (main.cpp                  :  94)   Loaded config from "${ARTICLE32_WORK_DIR}/assemblies/spades-illumina-ont/K77/configs/config.info"
  0:00:00.001     1M / 17M   INFO    General                 (main.cpp                  :  94)   Loaded config from "${ARTICLE32_WORK_DIR}/assemblies/spades-illumina-ont/K77/configs/mda_mode.info"
  0:00:00.002     1M / 17M   INFO    General                 (main.cpp                  :  94)   Loaded config from "${ARTICLE32_WORK_DIR}/assemblies/spades-illumina-ont/K77/configs/meta_mode.info"
  0:00:00.002     1M / 17M   INFO    General                 (memory_limit.cpp          :  55)   Memory limit set to 256 Gb
  0:00:00.002     1M / 17M   INFO    General                 (main.cpp                  : 102)   Starting SPAdes, built from N/A, git revision N/A
  0:00:00.002     1M / 17M   INFO    General                 (main.cpp                  : 103)   Maximum k-mer length: 128
  0:00:00.002     1M / 17M   INFO    General                 (main.cpp                  : 104)   Assembling dataset ("${ARTICLE32_WORK_DIR}/assemblies/spades-illumina-ont/dataset.info") with K=77
  0:00:00.002     1M / 17M   INFO    General                 (main.cpp                  : 105)   Maximum # of threads to use (adjusted due to OMP capabilities): 32
  0:00:00.002     1M / 17M   INFO    General                 (pipeline.cpp              : 221)   SPAdes started
  0:00:00.002     1M / 17M   INFO    General                 (pipeline.cpp              : 234)   Starting from stage: read_conversion
  0:00:00.002     1M / 17M   INFO    General                 (pipeline.cpp              : 245)   Two-step repeat resolution enabled
  0:00:00.002     1M / 17M   INFO   GraphCore                (graph_core.hpp            : 582)   Graph created, vertex min_id: 3, edge min_id: 3
  0:00:00.002     1M / 17M   INFO   GraphCore                (graph_core.hpp            : 583)   Vertex size: 48, edge size: 40
  0:00:00.003     1M / 17M   INFO    General                 (edge_index.hpp            : 132)   Size of edge index entries: 12/8
  0:00:00.003     1M / 17M   INFO    General                 (pipeline.cpp              : 256)   Will need read mapping, kmer mapper will be attached
  0:00:00.003     1M / 17M   INFO   StageManager             (stage.cpp                 : 210)   STAGE == Binary Read Conversion (id: read_conversion)
  0:00:00.004     1M / 17M   INFO    General                 (read_converter.cpp        :  57)   Binary reads detected
  0:00:00.004     1M / 17M   INFO    General                 (read_converter.cpp        :  57)   Binary reads detected
  0:00:00.019     1M / 17M   INFO   StageManager             (stage.cpp                 : 210)   STAGE == de Bruijn graph construction (id: construction)
  0:00:00.020     1M / 17M   INFO    General                 (construction.cpp          : 115)   Contigs from previous K will be used: ${ARTICLE32_WORK_DIR}/assemblies/spades-illumina-ont/K55/simplified_contigs
  0:00:00.022     1M / 17M   INFO    General                 (construction.cpp          : 150)   Max read length 150
  0:00:00.022     1M / 17M   INFO    General                 (construction.cpp          : 156)   Average read length 148.973
  0:00:00.022     1M / 17M   INFO    General                 (stage.cpp                 : 120)   PROCEDURE == k+1-mer counting (id: construction:kpomer_counting)
  0:00:00.022     1M / 17M   INFO    General                 (kmer_index_builder.hpp    : 308)   Splitting kmer instances into 320 files using 32 threads. This might take a while.
  0:00:00.029     1M / 17M   INFO    General                 (file_limit.hpp            :  43)   Open file limit set to 1024
  0:00:00.029     1M / 17M   INFO    General                 (kmer_splitter.hpp         :  96)   Memory available for splitting buffers: 2.66666 Gb
  0:00:00.029     1M / 17M   INFO    General                 (kmer_splitter.hpp         : 104)   Using cell size of 69905
mimalloc: warning: thread 0x7d8fc8a00640: unable to allocate aligned OS memory directly, fall back to over-allocation (67108864 bytes, address: 0x7d8fb7a00000, alignment: 67108864, commit: 1)
mimalloc: warning: thread 0x7d8fc6200640: unable to allocate aligned OS memory directly, fall back to over-allocation (67108864 bytes, address: 0x7d8fa3a00000, alignment: 67108864, commit: 1)
mimalloc: warning: thread 0x7d8fc9400640: unable to allocate aligned OS memory directly, fall back to over-allocation (67108864 bytes, address: 0x7d8fa3a00000, alignment: 67108864, commit: 1)
  0:00:07.537    19G / 19G   INFO    General                 (kmer_splitters.hpp        : 128)   Processed 19645967 reads
  0:00:15.184    19G / 19G   INFO    General                 (kmer_splitters.hpp        : 128)   Processed 39269763 reads
  0:00:19.968    19G / 19G   INFO    General                 (kmer_splitters.hpp        : 128)   Processed 40220087 reads
  0:00:21.684    19G / 19G   INFO    General                 (kmer_splitters.hpp        : 128)   Processed 40222216 reads
  0:00:21.694     3M / 18G   INFO    General                 (kmer_splitters.hpp        : 134)   Used 40222216 reads
  0:00:22.115     3M / 18G   INFO    General                 (kmer_index_builder.hpp    : 314)   Starting k-mer counting.
  0:00:24.119     3M / 18G   INFO    General                 (kmer_index_builder.hpp    : 325)   K-mer counting done. There are 364373792 kmers in total.
  0:00:24.119     2M / 18G   INFO    General                 (stage.cpp                 : 120)   PROCEDURE == Extension index construction (id: construction:extension_index_construction)
  0:00:24.124     3M / 18G   INFO   K-mer Index Building     (kmer_index_builder.hpp    : 503)   Building kmer index
  0:00:24.124     3M / 18G   INFO    General                 (kmer_index_builder.hpp    : 308)   Splitting kmer instances into 320 files using 32 threads. This might take a while.
  0:00:24.131     3M / 18G   INFO    General                 (file_limit.hpp            :  43)   Open file limit set to 1024
  0:00:24.131     3M / 18G   INFO    General                 (kmer_splitter.hpp         :  96)   Memory available for splitting buffers: 2.66664 Gb
  0:00:24.131     3M / 18G   INFO    General                 (kmer_splitter.hpp         : 104)   Using cell size of 69905
  0:00:24.838    19G / 19G   INFO    General                 (kmer_splitters.hpp        : 197)   Processed 7550012 kmers
  0:00:25.333    19G / 19G   INFO    General                 (kmer_splitters.hpp        : 197)   Processed 15607182 kmers
  0:00:25.798    19G / 19G   INFO    General                 (kmer_splitters.hpp        : 197)   Processed 23687772 kmers
  0:00:26.249    19G / 19G   INFO    General                 (kmer_splitters.hpp        : 197)   Processed 31603768 kmers
  0:00:26.935    19G / 19G   INFO    General                 (kmer_splitters.hpp        : 197)   Processed 43955562 kmers
  0:00:27.387    19G / 19G   INFO    General                 (kmer_splitters.hpp        : 197)   Processed 52002511 kmers
  0:00:27.851    19G / 19G   INFO    General                 (kmer_splitters.hpp        : 197)   Processed 60064331 kmers
  0:00:28.291    19G / 19G   INFO    General                 (kmer_splitters.hpp        : 197)   Processed 68000389 kmers
  0:00:28.975    19G / 19G   INFO    General                 (kmer_splitters.hpp        : 197)   Processed 80435259 kmers
  0:00:29.444    19G / 19G   INFO    General                 (kmer_splitters.hpp        : 197)   Processed 88484643 kmers
  0:00:29.920    19G / 19G   INFO    General                 (kmer_splitters.hpp        : 197)   Processed 96540005 kmers
  0:00:30.375    19G / 19G   INFO    General                 (kmer_splitters.hpp        : 197)   Processed 104481659 kmers
  0:00:31.038    19G / 19G   INFO    General                 (kmer_splitters.hpp        : 197)   Processed 116901228 kmers
  0:00:31.493    19G / 19G   INFO    General                 (kmer_splitters.hpp        : 197)   Processed 124953813 kmers
  0:00:31.933    19G / 19G   INFO    General                 (kmer_splitters.hpp        : 197)   Processed 133020579 kmers
  0:00:32.396    19G / 19G   INFO    General                 (kmer_splitters.hpp        : 197)   Processed 140952862 kmers
  0:00:33.092    19G / 19G   INFO    General                 (kmer_splitters.hpp        : 197)   Processed 153348733 kmers
  0:00:33.556    19G / 19G   INFO    General                 (kmer_splitters.hpp        : 197)   Processed 161401182 kmers
  0:00:39.482    19G / 19G   INFO    General                 (kmer_splitters.hpp        : 197)   Processed 270686268 kmers
  0:00:44.507    19G / 19G   INFO    General                 (kmer_splitters.hpp        : 202)   Used 364380832 kmers.
  0:00:44.517     4M / 18G   INFO    General                 (kmer_index_builder.hpp    : 314)   Starting k-mer counting.
  0:00:47.171     4M / 18G   INFO    General                 (kmer_index_builder.hpp    : 325)   K-mer counting done. There are 365798645 kmers in total.
  0:00:47.171     4M / 18G   INFO   K-mer Index Building     (kmer_index_builder.hpp    : 460)   Building perfect hash indices
  0:00:50.502   268M / 18G   INFO   K-mer Index Building     (kmer_index_builder.hpp    : 496)   Index built. Total 365798645 kmers, 264437872 bytes occupied (5.78324 bits per kmer).
  0:00:50.506   268M / 18G   INFO    General                 (kmer_index_builder.hpp    : 191)   Merging final buckets.
  0:01:34.248   620M / 18G   INFO   DeBruijnExtensionIndexBu (kmer_extension_index_build: 101)   Building k-mer extensions from k+1-mers
  0:01:45.694   620M / 18G   INFO   DeBruijnExtensionIndexBu (kmer_extension_index_build: 106)   Building k-mer extensions from k+1-mers finished.
  0:01:46.166   618M / 18G   INFO    General                 (stage.cpp                 : 120)   PROCEDURE == Condensing graph (id: construction:graph_condensing)
  0:01:46.170   619M / 18G   INFO   UnbranchingPathExtractor (debruijn_graph_constructor: 324)   Extracting unbranching paths
  0:02:01.103  1096M / 18G   INFO   UnbranchingPathExtractor (debruijn_graph_constructor: 348)   Extracting unbranching paths finished. 8199552 sequences extracted
  0:02:08.864  1095M / 18G   INFO   UnbranchingPathExtractor (debruijn_graph_constructor: 362)   Collecting perfect loops
  0:02:10.500  1096M / 18G   INFO   UnbranchingPathExtractor (debruijn_graph_constructor: 395)   Collecting perfect loops finished. 5 loops collected
  0:02:11.464  1095M / 18G   INFO   DeBruijnGraphConstructor (debruijn_graph_constructor: 597)   Sorting edges...
  0:02:11.765  1095M / 18G   INFO   DeBruijnGraphConstructor (debruijn_graph_constructor: 602)   Edges sorted
  0:02:11.765  1095M / 18G   INFO    General                 (debruijn_graph_constructor: 511)   Total 16399114 edges to create
  0:02:11.765  1729M / 18G   INFO    General                 (debruijn_graph_constructor: 514)   Collecting link records
  0:02:24.498  1981M / 18G   INFO    General                 (debruijn_graph_constructor: 521)   Total short graph edges: 0
  0:02:24.498  1981M / 18G   INFO    General                 (debruijn_graph_constructor: 523)   Ordering link records
  0:02:24.666  1981M / 18G   INFO    General                 (debruijn_graph_constructor: 529)   Sorting done
  0:02:24.887  2109M / 18G   INFO    General                 (debruijn_graph_constructor: 542)   Sorting LinkRecords...
  0:02:25.065  2109M / 18G   INFO    General                 (debruijn_graph_constructor: 548)   LinkRecords sorted
  0:02:25.065  2109M / 18G   INFO    General                 (debruijn_graph_constructor: 550)   Total 9624410 vertices to create
  0:02:25.065  3000M / 18G   INFO    General                 (debruijn_graph_constructor: 553)   Connecting the graph
  0:02:44.782  2492M / 18G   INFO    General                 (stage.cpp                 : 120)   PROCEDURE == Filling coverage indices (PHM) (id: construction:coverage_filling_phm)
  0:02:44.782  2492M / 18G   INFO   K-mer Index Building     (kmer_index_builder.hpp    : 460)   Building perfect hash indices
  0:02:48.000  2755M / 18G   INFO   K-mer Index Building     (kmer_index_builder.hpp    : 496)   Index built. Total 364373792 kmers, 263410608 bytes occupied (5.78331 bits per kmer).
mimalloc: warning: unable to allocate aligned OS memory directly, fall back to over-allocation (1463812096 bytes, address: 0x7d8f3cc00000, alignment: 67108864, commit: 1)
  0:02:48.994  4147M / 18G   INFO    General                 (coverage_hash_map_builder.:  49)   Collecting k-mer coverage information from reads, this takes a while.
  0:03:11.599  4147M / 18G   INFO    General                 (construction.cpp          : 400)   Filling coverage and flanking coverage from PHM
  0:03:25.680  4147M / 18G   INFO    General                 (coverage_filling.hpp      :  83)   Processed 16399110 edges
  0:03:30.024  1874M / 18G   INFO   StageManager             (stage.cpp                 : 210)   STAGE == Gap Closer (id: early_gapcloser)
  0:03:30.040  1887M / 18G   INFO    General                 (edge_index.hpp            : 132)   Size of edge index entries: 12/8
  0:03:31.512  2031M / 18G   INFO    General                 (gap_closer.cpp            : 117)   Total edges in tip neighborhood: 6521134 out of 16399110, length: 339319477
  0:03:32.279  2111M / 18G   INFO    General                 (edge_index.hpp            : 196)   Using small index (max_id = 16481112)
  0:03:32.812  2111M / 18G   INFO   K-mer Index Building     (kmer_index_builder.hpp    : 460)   Building perfect hash indices
  0:03:40.768  2279M / 18G   INFO   K-mer Index Building     (kmer_index_builder.hpp    : 496)   Index built. Total 235063552 kmers, 169778720 bytes occupied (5.77814 bits per kmer).
mimalloc: warning: unable to allocate aligned OS memory directly, fall back to over-allocation (1887436800 bytes, address: 0x7d8f23800000, alignment: 67108864, commit: 1)
  0:03:42.169  4075M / 18G   INFO    General                 (edge_index_builders.hpp   : 266)   Collecting edge information from graph, this takes a while.
  0:03:46.010  3995M / 18G   INFO    General                 (sequence_mapper_notifier.h:  80)   Starting sequence mapping
  0:04:00.863  3997M / 18G   INFO    General                 (sequence_mapper_notifier.h: 101)   Processed 200000 reads
  0:04:00.957  3998M / 18G   INFO    General                 (sequence_mapper_notifier.h: 101)   Processed 400000 reads
  0:04:01.278  4001M / 18G   INFO    General                 (sequence_mapper_notifier.h: 101)   Processed 600000 reads
  0:04:01.625  3985M / 18G   INFO    General                 (sequence_mapper_notifier.h: 101)   Processed 800000 reads
  0:04:01.691  3988M / 18G   INFO    General                 (sequence_mapper_notifier.h: 101)   Processed 1000000 reads
  0:04:01.876  3989M / 18G   INFO    General                 (sequence_mapper_notifier.h: 101)   Processed 1200000 reads
  0:04:02.181  3990M / 18G   INFO    General                 (sequence_mapper_notifier.h: 101)   Processed 2200000 reads
  0:04:03.656  3991M / 18G   INFO    General                 (sequence_mapper_notifier.h: 101)   Processed 4200000 reads
  0:04:15.521  4152M / 18G   INFO    General                 (sequence_mapper_notifier.h: 120)   Total 9999320 reads processed
  0:04:17.219  2232M / 18G   INFO    General                 (gap_closer.cpp            : 505)   Initializing gap closer
  0:04:17.222  2232M / 18G   INFO   GapCloser                (gap_closer.cpp            : 421)   Collecting gap candidates
  0:04:17.808  2237M / 18G   INFO   GapCloser                (gap_closer.cpp            : 425)   Total 102817 tips collected, total 113592 connection candidates
  0:04:18.402  2238M / 18G   INFO   GapCloser                (gap_closer.cpp            : 446)   Closing short gaps complete: filled 1222 gaps after checking 111693 candidates
  0:04:18.700  2232M / 18G   INFO    General                 (gap_closer.cpp            : 510)   Gap closer done
  0:04:18.949  1874M / 18G   INFO   StageManager             (stage.cpp                 : 210)   STAGE == Raw Simplification (id: raw_simplification)
  0:04:18.961  1874M / 18G   INFO    General                 (simplification.cpp        : 129)   PROCEDURE == Initial cleaning
  0:04:18.961  1874M / 18G   INFO   Simplification           (parallel_processing.hpp   : 168)   Running Self conjugate edge remover
  0:04:19.312  1874M / 18G   INFO   Simplification           (parallel_processing.hpp   : 171)   Self conjugate edge remover triggered 0 times
  0:04:19.312  1874M / 18G   INFO   Simplification           (parallel_processing.hpp   : 168)   Running Initial tip clipper
  0:04:38.582  1839M / 18G   INFO   Simplification           (parallel_processing.hpp   : 171)   Initial tip clipper triggered 2268302 times
  0:04:38.589  1839M / 18G   INFO   Simplification           (parallel_processing.hpp   : 168)   Running Initial ec remover
  0:04:38.995  1839M / 18G   INFO   Simplification           (parallel_processing.hpp   : 171)   Initial ec remover triggered 6293 times
  0:04:38.996  1839M / 18G   INFO   Simplification           (parallel_processing.hpp   : 168)   Running Disconnecting edges with low flanking coverage
  0:04:39.514  1842M / 18G   INFO   Simplification           (parallel_processing.hpp   : 171)   Disconnecting edges with low flanking coverage triggered 18254 times
  0:04:39.515  1842M / 18G   INFO   Simplification           (parallel_processing.hpp   : 168)   Running Initial isolated edge remover
  0:04:42.044  1805M / 18G   INFO   Simplification           (parallel_processing.hpp   : 171)   Initial isolated edge remover triggered 1383593 times
  0:04:42.062  1655M / 18G   INFO   StageManager             (stage.cpp                 : 210)   STAGE == Preliminary Simplification (id: simplification_preliminary)
  0:04:42.062  1655M / 18G   INFO    General                 (simplification.cpp        : 397)   Graph simplification started
  0:04:42.062  1655M / 18G   INFO    General                 (graph_simplification.hpp  : 646)   Creating parallel br instance
  0:04:42.062  1655M / 18G   INFO    General                 (simplification.cpp        : 402)   PROCEDURE == Simplification cycle, iteration 1
  0:04:42.062  1655M / 18G   INFO   Simplification           (parallel_processing.hpp   : 168)   Running Tip clipper
  0:04:52.507  1611M / 18G   INFO   Simplification           (parallel_processing.hpp   : 171)   Tip clipper triggered 1080631 times
  0:04:52.519  1611M / 18G   INFO   Simplification           (parallel_processing.hpp   : 168)   Running Bulge remover
  0:04:55.528  1729M / 18G   INFO   Simplification           (parallel_processing.hpp   : 171)   Bulge remover triggered 10005 times
  0:04:55.530  1729M / 18G   INFO   Simplification           (parallel_processing.hpp   : 168)   Running Low coverage edge remover
  0:04:55.583  1729M / 18G   INFO   Simplification           (parallel_processing.hpp   : 171)   Low coverage edge remover triggered 0 times
  0:04:55.584  1729M / 18G   INFO    General                 (simplification.cpp        : 402)   PROCEDURE == Simplification cycle, iteration 2
  0:04:55.584  1729M / 18G   INFO   Simplification           (parallel_processing.hpp   : 168)   Running Tip clipper
  0:04:55.597  1729M / 18G   INFO   Simplification           (parallel_processing.hpp   : 171)   Tip clipper triggered 85 times
  0:04:55.597  1729M / 18G   INFO   Simplification           (parallel_processing.hpp   : 168)   Running Bulge remover
  0:04:55.599  1729M / 18G   INFO   Simplification           (parallel_processing.hpp   : 171)   Bulge remover triggered 1 times
  0:04:55.600  1729M / 18G   INFO   Simplification           (parallel_processing.hpp   : 168)   Running Low coverage edge remover
  0:04:55.744  1729M / 18G   INFO   Simplification           (parallel_processing.hpp   : 171)   Low coverage edge remover triggered 1517 times
  0:04:55.744  1729M / 18G   INFO    General                 (simplification.cpp        : 402)   PROCEDURE == Simplification cycle, iteration 3
  0:04:55.744  1729M / 18G   INFO   Simplification           (parallel_processing.hpp   : 168)   Running Tip clipper
  0:04:55.762  1728M / 18G   INFO   Simplification           (parallel_processing.hpp   : 171)   Tip clipper triggered 431 times
  0:04:55.762  1728M / 18G   INFO   Simplification           (parallel_processing.hpp   : 168)   Running Bulge remover
  0:04:55.818  1730M / 18G   INFO   Simplification           (parallel_processing.hpp   : 171)   Bulge remover triggered 136 times
  0:04:55.818  1730M / 18G   INFO   Simplification           (parallel_processing.hpp   : 168)   Running Low coverage edge remover
  0:04:55.847  1730M / 18G   INFO   Simplification           (parallel_processing.hpp   : 171)   Low coverage edge remover triggered 521 times
  0:04:55.847  1730M / 18G   INFO    General                 (simplification.cpp        : 402)   PROCEDURE == Simplification cycle, iteration 4
  0:04:55.847  1730M / 18G   INFO   Simplification           (parallel_processing.hpp   : 168)   Running Tip clipper
  0:04:55.915  1730M / 18G   INFO   Simplification           (parallel_processing.hpp   : 171)   Tip clipper triggered 46 times
  0:04:55.916  1730M / 18G   INFO   Simplification           (parallel_processing.hpp   : 168)   Running Bulge remover
  0:04:56.023  1731M / 18G   INFO   Simplification           (parallel_processing.hpp   : 171)   Bulge remover triggered 42 times
  0:04:56.023  1731M / 18G   INFO   Simplification           (parallel_processing.hpp   : 168)   Running Low coverage edge remover
  0:04:56.077  1731M / 18G   INFO   Simplification           (parallel_processing.hpp   : 171)   Low coverage edge remover triggered 0 times
  0:04:56.077  1731M / 18G   INFO    General                 (simplification.cpp        : 402)   PROCEDURE == Simplification cycle, iteration 5
  0:04:56.077  1731M / 18G   INFO   Simplification           (parallel_processing.hpp   : 168)   Running Tip clipper
  0:04:56.077  1731M / 18G   INFO   Simplification           (parallel_processing.hpp   : 171)   Tip clipper triggered 0 times
  0:04:56.077  1731M / 18G   INFO   Simplification           (parallel_processing.hpp   : 168)   Running Bulge remover
  0:04:56.077  1731M / 18G   INFO   Simplification           (parallel_processing.hpp   : 171)   Bulge remover triggered 0 times
  0:04:56.078  1731M / 18G   INFO   Simplification           (parallel_processing.hpp   : 168)   Running Low coverage edge remover
  0:04:56.078  1731M / 18G   INFO   Simplification           (parallel_processing.hpp   : 171)   Low coverage edge remover triggered 0 times
  0:04:56.156  1693M / 18G   INFO   StageManager             (stage.cpp                 : 210)   STAGE == Gap Closer (id: prelim_gapcloser)
  0:04:56.160  1707M / 18G   INFO    General                 (edge_index.hpp            : 132)   Size of edge index entries: 12/8
  0:04:56.245  1711M / 18G   INFO    General                 (gap_closer.cpp            : 117)   Total edges in tip neighborhood: 190371 out of 294483, length: 186572814
  0:04:56.254  1712M / 18G   INFO    General                 (edge_index.hpp            : 196)   Using small index (max_id = 16481112)
  0:04:56.522  1712M / 18G   INFO   K-mer Index Building     (kmer_index_builder.hpp    : 460)   Building perfect hash indices
  0:04:59.415  1787M / 18G   INFO   K-mer Index Building     (kmer_index_builder.hpp    : 496)   Index built. Total 102379560 kmers, 73955040 bytes occupied (5.77889 bits per kmer).
  0:05:00.023  2571M / 18G   INFO    General                 (edge_index_builders.hpp   : 266)   Collecting edge information from graph, this takes a while.
  0:05:01.712  2569M / 18G   INFO    General                 (sequence_mapper_notifier.h:  80)   Starting sequence mapping
  0:05:21.819  2570M / 18G   INFO    General                 (sequence_mapper_notifier.h: 101)   Processed 200000 reads
  0:05:21.914  2570M / 18G   INFO    General                 (sequence_mapper_notifier.h: 101)   Processed 400000 reads
  0:05:21.938  2570M / 18G   INFO    General                 (sequence_mapper_notifier.h: 101)   Processed 600000 reads
  0:05:21.955  2571M / 18G   INFO    General                 (sequence_mapper_notifier.h: 101)   Processed 800000 reads
  0:05:22.157  2571M / 18G   INFO    General                 (sequence_mapper_notifier.h: 101)   Processed 1000000 reads
  0:05:22.177  2571M / 18G   INFO    General                 (sequence_mapper_notifier.h: 101)   Processed 1200000 reads
  0:05:22.854  2571M / 18G   INFO    General                 (sequence_mapper_notifier.h: 101)   Processed 2200000 reads
  0:05:24.897  2572M / 18G   INFO    General                 (sequence_mapper_notifier.h: 101)   Processed 4200000 reads
  0:05:39.369  2579M / 18G   INFO    General                 (sequence_mapper_notifier.h: 120)   Total 9999320 reads processed
  0:05:39.634  1731M / 18G   INFO    General                 (gap_closer.cpp            : 505)   Initializing gap closer
  0:05:39.634  1731M / 18G   INFO   GapCloser                (gap_closer.cpp            : 421)   Collecting gap candidates
  0:05:39.798  1735M / 18G   INFO   GapCloser                (gap_closer.cpp            : 425)   Total 85127 tips collected, total 87240 connection candidates
  0:05:40.234  1735M / 18G   INFO   GapCloser                (gap_closer.cpp            : 446)   Closing short gaps complete: filled 961 gaps after checking 86057 candidates
  0:05:40.317  1731M / 18G   INFO    General                 (gap_closer.cpp            : 510)   Gap closer done
  0:05:40.346  1693M / 18G   INFO   StageManager             (stage.cpp                 : 210)   STAGE == Preliminary Paired Information Counting (id: late_pair_info_count_preliminary)
  0:05:41.065  1864M / 18G   INFO    General                 (graph_pack_helpers.cpp    :  43)   Index refill
  0:05:41.066  1864M / 18G   INFO    General                 (edge_index.hpp            : 175)   Using small index (max_id = 16481112)
  0:05:42.276  1864M / 18G   INFO   K-mer Index Building     (kmer_index_builder.hpp    : 460)   Building perfect hash indices
  0:06:01.740  1974M / 18G   INFO   K-mer Index Building     (kmer_index_builder.hpp    : 496)   Index built. Total 159290178 kmers, 115120006 bytes occupied (5.78165 bits per kmer).
mimalloc: warning: unable to allocate aligned OS memory directly, fall back to over-allocation (1279262720 bytes, address: 0x7d8f47c00000, alignment: 67108864, commit: 1)
  0:06:02.691  3190M / 18G   INFO    General                 (edge_index_builders.hpp   : 253)   Collecting edge information from graph, this takes a while.
  0:06:12.416  3190M / 18G   INFO    General                 (graph_pack_helpers.cpp    :  55)   Normalizing k-mer map. Total 1758720 kmers to process
  0:06:13.112  3193M / 18G   INFO    General                 (kmer_mapper.hpp           :  87)   Total 12534 kmers with non-trivial roots
  0:06:13.113  3190M / 18G   INFO    General                 (graph_pack_helpers.cpp    :  57)   Normalizing done
  0:06:13.113  3190M / 18G   INFO    General                 (pair_info_count.cpp       : 165)   Min edge length for estimation: 900
  0:06:13.113  3190M / 18G   INFO    General                 (pair_info_count.cpp       : 176)   Estimating insert size for library #0
  0:06:13.114  3190M / 18G   INFO    General                 (pair_info_count.cpp       :  41)   Selecting usual mapper
  0:06:13.114  3190M / 18G   INFO    General                 (paired_info_utils.cpp     : 102)   Estimating insert size (takes a while)
  0:06:13.491  3719M / 18G   INFO    General                 (sequence_mapper_notifier.h:  80)   Starting sequence mapping
  0:06:17.920  3719M / 18G   INFO    General                 (sequence_mapper_notifier.h: 101)   Processed 200000 reads
  0:06:18.118  3719M / 18G   INFO    General                 (sequence_mapper_notifier.h: 101)   Processed 400000 reads
  0:06:18.141  3719M / 18G   INFO    General                 (sequence_mapper_notifier.h: 101)   Processed 600000 reads
  0:06:18.254  3719M / 18G   INFO    General                 (sequence_mapper_notifier.h: 101)   Processed 800000 reads
  0:06:18.304  3719M / 18G   INFO    General                 (sequence_mapper_notifier.h: 101)   Processed 1000000 reads
  0:06:18.364  3719M / 18G   INFO    General                 (sequence_mapper_notifier.h: 101)   Processed 1200000 reads
  0:06:18.700  3719M / 18G   INFO    General                 (sequence_mapper_notifier.h: 101)   Processed 2200000 reads
  0:06:19.218  3719M / 18G   INFO    General                 (sequence_mapper_notifier.h: 101)   Processed 4200000 reads
  0:06:26.628  3719M / 18G   INFO    General                 (sequence_mapper_notifier.h: 120)   Total 9999320 reads processed
  0:06:26.738  3719M / 18G   INFO    General                 (paired_info_utils.cpp     : 119)   Edge pairs: 642037
  0:06:26.738  3719M / 18G   INFO    General                 (paired_info_utils.cpp     : 121)   7537041 paired reads (75.3755% of all) aligned to long edges
  0:06:26.739  3190M / 18G   INFO    General                 (pair_info_count.cpp       : 196)     Insert size = 436.783, deviation = 94.1933, left quantile = 326, right quantile = 559, read length = 150
  0:06:26.757  3190M / 18G   INFO    General                 (pair_info_count.cpp       : 211)   Filtering data for library #0
  0:06:26.757  3190M / 18G   INFO    General                 (pair_info_count.cpp       :  41)   Selecting usual mapper
  0:06:26.759  3192M / 18G   INFO    General                 (sequence_mapper_notifier.h:  80)   Starting sequence mapping
  0:06:31.091  3192M / 18G   INFO    General                 (sequence_mapper_notifier.h: 101)   Processed 200000 reads
  0:06:31.281  3192M / 18G   INFO    General                 (sequence_mapper_notifier.h: 101)   Processed 400000 reads
  0:06:31.315  3192M / 18G   INFO    General                 (sequence_mapper_notifier.h: 101)   Processed 600000 reads
  0:06:31.337  3192M / 18G   INFO    General                 (sequence_mapper_notifier.h: 101)   Processed 800000 reads
  0:06:31.584  3192M / 18G   INFO    General                 (sequence_mapper_notifier.h: 101)   Processed 1000000 reads
  0:06:31.592  3192M / 18G   INFO    General                 (sequence_mapper_notifier.h: 101)   Processed 1200000 reads
  0:06:31.849  3192M / 18G   INFO    General                 (sequence_mapper_notifier.h: 101)   Processed 2200000 reads
  0:06:32.437  3192M / 18G   INFO    General                 (sequence_mapper_notifier.h: 101)   Processed 4200000 reads
  0:06:39.131  3192M / 18G   INFO    General                 (sequence_mapper_notifier.h: 120)   Total 9999320 reads processed
  0:06:39.131  3192M / 18G   INFO    General                 (pair_info_count.cpp       : 216)   Mapping library #0
  0:06:39.132  3192M / 18G   INFO    General                 (pair_info_count.cpp       : 218)   Mapping paired reads (takes a while)
  0:06:39.132  3192M / 18G   INFO    General                 (pair_info_count.cpp       :  41)   Selecting usual mapper
  0:06:39.132  3192M / 18G   INFO    General                 (paired_info_utils.cpp     : 152)   Left insert size quantile 326, right insert size quantile 559, filtering threshold 1, rounding threshold 0
  0:06:39.142  3206M / 18G   INFO    General                 (sequence_mapper_notifier.h:  80)   Starting sequence mapping
  0:06:43.762  3207M / 18G   INFO    General                 (sequence_mapper_notifier.h: 101)   Processed 200000 reads
  0:06:43.961  3209M / 18G   INFO    General                 (sequence_mapper_notifier.h: 101)   Processed 400000 reads
  0:06:43.990  3211M / 18G   INFO    General                 (sequence_mapper_notifier.h: 101)   Processed 600000 reads
  0:06:43.996  3212M / 18G   INFO    General                 (sequence_mapper_notifier.h: 101)   Processed 800000 reads
  0:06:44.250  3214M / 18G   INFO    General                 (sequence_mapper_notifier.h: 101)   Processed 1000000 reads
  0:06:44.257  3216M / 18G   INFO    General                 (sequence_mapper_notifier.h: 101)   Processed 1200000 reads
  0:06:44.535  3217M / 18G   INFO    General                 (sequence_mapper_notifier.h: 101)   Processed 2200000 reads
  0:06:45.111  3219M / 18G   INFO    General                 (sequence_mapper_notifier.h: 101)   Processed 4200000 reads
  0:06:51.944  3266M / 18G   INFO    General                 (sequence_mapper_notifier.h: 120)   Total 9999320 reads processed
  0:06:52.043  3261M / 18G   INFO    General                 (pair_info_count.cpp       : 169)   Library #1 was mapped earlier on hybrid aligning stage, skipping
  0:06:52.043  3261M / 18G   INFO   StageManager             (stage.cpp                 : 210)   STAGE == Preliminary Distance Estimation (id: distance_estimation_preliminary)
  0:06:52.043  3261M / 18G   INFO    General                 (distance_estimation.cpp   :  75)   Processing library #0
  0:06:52.044  3261M / 18G   INFO    General                 (distance_estimation_utils.:  23)   Estimating distances
  0:06:52.044  3261M / 18G   INFO   DistanceEstimator        (distance_estimation.hpp   : 132)   Using SIMPLE distance estimator
  0:06:54.663  3280M / 18G   INFO    General                 (distance_estimation_utils.: 137)   Refining clustered pair information
  0:06:54.803  3280M / 18G   INFO    General                 (distance_estimation_utils.: 139)   The refining of clustered pair information has been finished
  0:06:54.803  3280M / 18G   INFO    General                 (distance_estimation_utils.: 141)   Improving paired information
  0:06:55.220  3287M / 18G   INFO   PairInfoImprover         (pair_info_improver.hpp    :  80)   Paired info stats: missing = 143986; contradictional = 0
  0:06:55.571  3288M / 18G   INFO   PairInfoImprover         (pair_info_improver.hpp    :  80)   Paired info stats: missing = 11090; contradictional = 0
  0:06:55.571  3288M / 18G   INFO    General                 (distance_estimation_utils.:  81)   Filling scaffolding index
  0:06:55.572  3288M / 18G   INFO    General                 (distance_estimation_utils.:  23)   Estimating distances
  0:06:55.572  3288M / 18G   INFO   DistanceEstimator        (distance_estimation.hpp   : 132)   Using SMOOTHING distance estimator
  0:06:58.247  3290M / 18G   INFO    General                 (distance_estimation.cpp   :  84)   Clearing raw paired index
  0:06:58.373  3220M / 18G   INFO   StageManager             (stage.cpp                 : 210)   STAGE == Preliminary Repeat Resolving (id: repeat_resolving_preliminary)
  0:06:58.375  3220M / 18G   INFO    General                 (repeat_resolving.cpp      :  75)   Setting up preliminary path extend settings
  0:06:58.375  3220M / 18G   INFO    General                 (repeat_resolving.cpp      :  88)   Using Path-Extend repeat resolving
  0:06:58.375  3220M / 18G   INFO    General                 (launcher.cpp              : 636)   ExSPAnder repeat resolving tool started
  0:06:58.566  3298M / 18G   INFO    General                 (launcher.cpp              : 444)   Creating main extenders, unique edge length = 2000
  0:06:58.567  3332M / 18G   INFO    General                 (launcher.cpp              : 362)   filling path container
  0:06:58.567  3332M / 18G   INFO    General                 (extenders_logic.cpp       : 352)   Creating extender; library index size: 799975
  0:06:58.568  3349M / 18G   INFO    General                 (extenders_logic.cpp       : 352)   Creating extender; library index size: 799975
  0:06:58.669  3389M / 18G   INFO    General                 (extenders_logic.cpp       :  54)   resolvable_repeat_length_bound set to 45135
  0:06:58.727  3406M / 18G   INFO    General                 (extenders_logic.cpp       : 550)   Using 1 paired-end library
  0:06:58.727  3406M / 18G   INFO    General                 (extenders_logic.cpp       : 551)   Using 1 paired-end scaffolding library
  0:06:58.727  3406M / 18G   INFO    General                 (extenders_logic.cpp       : 552)   Using 1 single read library
  0:06:58.727  3406M / 18G   INFO    General                 (launcher.cpp              : 456)   Will not use new long read scaffolding algorithm in this mode
  0:06:58.728  3406M / 18G   INFO    General                 (launcher.cpp              : 473)   Total number of extenders is 4
  0:06:58.728  3406M / 18G   INFO    General                 (path_extenders.cpp        :  36)   Processed 0 paths from 145667 (0%)
  0:06:58.882  3411M / 18G   INFO    General                 (path_extenders.cpp        :  34)   Processed 128 paths from 145667 (0%)
  0:06:59.031  3416M / 18G   INFO    General                 (path_extenders.cpp        :  34)   Processed 256 paths from 145667 (0%)
  0:06:59.231  3421M / 18G   INFO    General                 (path_extenders.cpp        :  34)   Processed 512 paths from 145667 (0%)
  0:06:59.486  3426M / 18G   INFO    General                 (path_extenders.cpp        :  34)   Processed 1024 paths from 145667 (0%)
  0:06:59.901  3431M / 18G   INFO    General                 (path_extenders.cpp        :  34)   Processed 2048 paths from 145667 (1%)
  0:07:00.549  3438M / 18G   INFO    General                 (path_extenders.cpp        :  34)   Processed 4096 paths from 145667 (2%)
  0:07:01.400  3445M / 18G   INFO    General                 (path_extenders.cpp        :  34)   Processed 8192 paths from 145667 (5%)
  0:07:02.329  3452M / 18G   INFO    General                 (path_extenders.cpp        :  36)   Processed 14567 paths from 145667 (10%)
  0:07:02.542  3454M / 18G   INFO    General                 (path_extenders.cpp        :  34)   Processed 16384 paths from 145667 (11%)
  0:07:03.866  3469M / 18G   INFO    General                 (path_extenders.cpp        :  36)   Processed 29134 paths from 145667 (20%)
  0:07:04.206  3474M / 18G   INFO    General                 (path_extenders.cpp        :  34)   Processed 32768 paths from 145667 (22%)
  0:07:05.005  3487M / 18G   INFO    General                 (path_extenders.cpp        :  36)   Processed 43701 paths from 145667 (30%)
  0:07:05.916  3501M / 18G   INFO    General                 (path_extenders.cpp        :  36)   Processed 58268 paths from 145667 (40%)
  0:07:06.254  3506M / 18G   INFO    General                 (path_extenders.cpp        :  34)   Processed 65536 paths from 145667 (44%)
  0:07:06.548  3511M / 18G   INFO    General                 (path_extenders.cpp        :  36)   Processed 72835 paths from 145667 (50%)
  0:07:06.946  3519M / 18G   INFO    General                 (path_extenders.cpp        :  36)   Processed 87402 paths from 145667 (60%)
  0:07:07.177  3526M / 18G   INFO    General                 (path_extenders.cpp        :  36)   Processed 101969 paths from 145667 (70%)
  0:07:07.506  3534M / 18G   INFO    General                 (path_extenders.cpp        :  36)   Processed 116536 paths from 145667 (80%)
  0:07:07.961  3543M / 18G   INFO    General                 (path_extenders.cpp        :  34)   Processed 131072 paths from 145667 (89%)
  0:07:07.962  3543M / 18G   INFO    General                 (path_extenders.cpp        :  36)   Processed 131103 paths from 145667 (90%)
  0:07:08.154  3488M / 18G   INFO    General                 (launcher.cpp              : 264)   Finalizing paths
  0:07:08.155  3488M / 18G   INFO    General                 (launcher.cpp              : 266)   Deduplicating paths
  0:07:08.264  3484M / 18G   INFO    General                 (launcher.cpp              : 270)   Paths deduplicated
  0:07:08.264  3484M / 18G   INFO    General                 (launcher.cpp              : 277)   Overlaps will not be removed
  0:07:08.352  3484M / 18G   INFO    General                 (launcher.cpp              : 287)   Paths finalized
  0:07:08.352  3484M / 18G   INFO    General                 (launcher.cpp              : 482)   Closing gaps in paths
  0:07:08.585  3531M / 18G   INFO    General                 (launcher.cpp              : 512)   Gap closing completed
  0:07:08.775  3323M / 18G   INFO    General                 (launcher.cpp              : 320)   Traversing tandem repeats
  0:07:10.973  3323M / 18G   INFO    General                 (launcher.cpp              : 330)   Traversed 21 loops
  0:07:10.974  3323M / 18G   INFO    General                 (launcher.cpp              : 264)   Finalizing paths
  0:07:10.974  3323M / 18G   INFO    General                 (launcher.cpp              : 266)   Deduplicating paths
  0:07:11.062  3323M / 18G   INFO    General                 (launcher.cpp              : 270)   Paths deduplicated
  0:07:11.062  3323M / 18G   INFO    General                 (launcher.cpp              : 277)   Overlaps will not be removed
  0:07:11.140  3323M / 18G   INFO    General                 (launcher.cpp              : 287)   Paths finalized
  0:07:11.141  3323M / 18G   INFO    General                 (launcher.cpp              : 701)   ExSPAnder repeat resolving tool finished
  0:07:11.160  3266M / 18G   INFO    General                 (repeat_resolving.cpp      :  94)   Restoring initial path extend settings
  0:07:11.162  3266M / 18G   INFO   StageManager             (stage.cpp                 : 210)   STAGE == Contig Output (id: contig_output)
  0:07:11.163  3266M / 18G   INFO    General                 (contig_output_stage.cpp   : 159)   Writing GFA graph to "${ARTICLE32_WORK_DIR}/assemblies/spades-illumina-ont/K77/strain_graph.gfa"
  0:07:12.023  3266M / 18G   INFO    General                 (contig_output_stage.cpp   : 210)   Breaking scaffolds
  0:07:13.171  3548M / 18G   INFO    General                 (contig_output_stage.cpp   : 101)   Outputting contigs to ${ARTICLE32_WORK_DIR}/assemblies/spades-illumina-ont/K77/final_contigs.fasta
  0:07:13.863  3266M / 18G   INFO   StageManager             (stage.cpp                 : 210)   STAGE == Second Phase Setup (id: second_phase_setup)
  0:07:13.867  3266M / 18G   INFO    General                 (second_phase_setup.cpp    :  18)   Preparing second phase
  0:07:14.045  3022M / 18G   INFO    General                 (second_phase_setup.cpp    :  25)   Moving preliminary contigs from "${ARTICLE32_WORK_DIR}/assemblies/spades-illumina-ont/K77/final_contigs.fasta" to "${ARTICLE32_WORK_DIR}/assemblies/spades-illumina-ont/K77/first_pe_contigs.fasta"
  0:07:14.064  3022M / 18G   INFO    General                 (second_phase_setup.cpp    :  37)   Ready to run second phase
  0:07:14.064  3022M / 18G   INFO   StageManager             (stage.cpp                 : 210)   STAGE == Simplification (id: simplification)
  0:07:14.193  1695M / 18G   INFO    General                 (simplification.cpp        : 397)   Graph simplification started
  0:07:14.205  1695M / 18G   INFO    General                 (graph_simplification.hpp  : 646)   Creating parallel br instance
  0:07:14.205  1695M / 18G   INFO    General                 (simplification.cpp        : 402)   PROCEDURE == Simplification cycle, iteration 1
  0:07:14.205  1695M / 18G   INFO   Simplification           (parallel_processing.hpp   : 168)   Running Tip clipper
  0:07:14.258  1695M / 18G   INFO   Simplification           (parallel_processing.hpp   : 171)   Tip clipper triggered 0 times
  0:07:14.258  1695M / 18G   INFO   Simplification           (parallel_processing.hpp   : 168)   Running Bulge remover
  0:07:17.633  1842M / 18G   INFO   Simplification           (parallel_processing.hpp   : 171)   Bulge remover triggered 8795 times
  0:07:17.635  1842M / 18G   INFO   Simplification           (parallel_processing.hpp   : 168)   Running Low coverage edge remover
  0:07:17.688  1842M / 18G   INFO   Simplification           (parallel_processing.hpp   : 171)   Low coverage edge remover triggered 0 times
  0:07:17.688  1842M / 18G   INFO    General                 (simplification.cpp        : 402)   PROCEDURE == Simplification cycle, iteration 2
  0:07:17.689  1842M / 18G   INFO   Simplification           (parallel_processing.hpp   : 168)   Running Tip clipper
  0:07:17.691  1842M / 18G   INFO   Simplification           (parallel_processing.hpp   : 171)   Tip clipper triggered 1 times
  0:07:17.691  1842M / 18G   INFO   Simplification           (parallel_processing.hpp   : 168)   Running Bulge remover
  0:07:17.692  1842M / 18G   INFO   Simplification           (parallel_processing.hpp   : 171)   Bulge remover triggered 0 times
  0:07:17.692  1842M / 18G   INFO   Simplification           (parallel_processing.hpp   : 168)   Running Low coverage edge remover
  0:07:17.692  1842M / 18G   INFO   Simplification           (parallel_processing.hpp   : 171)   Low coverage edge remover triggered 0 times
  0:07:17.692  1842M / 18G   INFO    General                 (simplification.cpp        : 402)   PROCEDURE == Simplification cycle, iteration 3
  0:07:17.692  1842M / 18G   INFO   Simplification           (parallel_processing.hpp   : 168)   Running Tip clipper
  0:07:17.693  1842M / 18G   INFO   Simplification           (parallel_processing.hpp   : 171)   Tip clipper triggered 0 times
  0:07:17.693  1842M / 18G   INFO   Simplification           (parallel_processing.hpp   : 168)   Running Bulge remover
  0:07:17.693  1842M / 18G   INFO   Simplification           (parallel_processing.hpp   : 171)   Bulge remover triggered 0 times
  0:07:17.693  1842M / 18G   INFO   Simplification           (parallel_processing.hpp   : 168)   Running Low coverage edge remover
  0:07:17.694  1842M / 18G   INFO   Simplification           (parallel_processing.hpp   : 171)   Low coverage edge remover triggered 0 times
  0:07:17.694  1842M / 18G   INFO    General                 (simplification.cpp        : 402)   PROCEDURE == Simplification cycle, iteration 4
  0:07:17.694  1842M / 18G   INFO   Simplification           (parallel_processing.hpp   : 168)   Running Tip clipper
  0:07:17.747  1842M / 18G   INFO   Simplification           (parallel_processing.hpp   : 171)   Tip clipper triggered 0 times
  0:07:17.747  1842M / 18G   INFO   Simplification           (parallel_processing.hpp   : 168)   Running Bulge remover
  0:07:17.809  1842M / 18G   INFO   Simplification           (parallel_processing.hpp   : 171)   Bulge remover triggered 0 times
  0:07:17.810  1842M / 18G   INFO   Simplification           (parallel_processing.hpp   : 168)   Running Low coverage edge remover
  0:07:17.861  1842M / 18G   INFO   Simplification           (parallel_processing.hpp   : 171)   Low coverage edge remover triggered 0 times
  0:07:17.929  1842M / 18G   INFO   StageManager             (stage.cpp                 : 210)   STAGE == Gap Closer (id: late_gapcloser)
  0:07:17.940  1855M / 18G   INFO    General                 (edge_index.hpp            : 132)   Size of edge index entries: 12/8
  0:07:18.026  1859M / 18G   INFO    General                 (gap_closer.cpp            : 117)   Total edges in tip neighborhood: 188310 out of 240479, length: 186444737
  0:07:18.036  1861M / 18G   INFO    General                 (edge_index.hpp            : 196)   Using small index (max_id = 16481112)
  0:07:18.269  1861M / 18G   INFO   K-mer Index Building     (kmer_index_builder.hpp    : 460)   Building perfect hash indices
  0:07:21.007  1935M / 18G   INFO   K-mer Index Building     (kmer_index_builder.hpp    : 496)   Index built. Total 102371801 kmers, 73980100 bytes occupied (5.78129 bits per kmer).
  0:07:21.621  2719M / 18G   INFO    General                 (edge_index_builders.hpp   : 266)   Collecting edge information from graph, this takes a while.
  0:07:23.320  2717M / 18G   INFO    General                 (sequence_mapper_notifier.h:  80)   Starting sequence mapping
  0:07:45.776  2718M / 18G   INFO    General                 (sequence_mapper_notifier.h: 101)   Processed 200000 reads
  0:07:45.870  2718M / 18G   INFO    General                 (sequence_mapper_notifier.h: 101)   Processed 400000 reads
  0:07:45.950  2718M / 18G   INFO    General                 (sequence_mapper_notifier.h: 101)   Processed 600000 reads
  0:07:45.979  2719M / 18G   INFO    General                 (sequence_mapper_notifier.h: 101)   Processed 800000 reads
  0:07:46.033  2719M / 18G   INFO    General                 (sequence_mapper_notifier.h: 101)   Processed 1000000 reads
  0:07:46.094  2719M / 18G   INFO    General                 (sequence_mapper_notifier.h: 101)   Processed 1200000 reads
  0:07:46.675  2719M / 18G   INFO    General                 (sequence_mapper_notifier.h: 101)   Processed 2200000 reads
  0:07:48.852  2720M / 18G   INFO    General                 (sequence_mapper_notifier.h: 101)   Processed 4200000 reads
  0:08:04.984  2727M / 18G   INFO    General                 (sequence_mapper_notifier.h: 120)   Total 9999320 reads processed
  0:08:05.259  1879M / 18G   INFO    General                 (gap_closer.cpp            : 505)   Initializing gap closer
  0:08:05.260  1879M / 18G   INFO   GapCloser                (gap_closer.cpp            : 421)   Collecting gap candidates
  0:08:05.430  1883M / 18G   INFO   GapCloser                (gap_closer.cpp            : 425)   Total 83278 tips collected, total 85306 connection candidates
  0:08:05.860  1883M / 18G   INFO   GapCloser                (gap_closer.cpp            : 446)   Closing short gaps complete: filled 8 gaps after checking 85298 candidates
  0:08:05.917  1879M / 18G   INFO    General                 (gap_closer.cpp            : 510)   Gap closer done
  0:08:05.950  1842M / 18G   INFO   StageManager             (stage.cpp                 : 210)   STAGE == Simplification Cleanup (id: simplification_cleanup)
  0:08:05.956  1842M / 18G   INFO    General                 (simplification.cpp        : 189)   PROCEDURE == Post simplification
  0:08:05.956  1842M / 18G   INFO    General                 (graph_simplification.hpp  : 646)   Creating parallel br instance
  0:08:05.957  1842M / 18G   INFO    General                 (graph_simplification.hpp  : 646)   Creating parallel br instance
  0:08:05.957  1842M / 18G   INFO   Simplification           (parallel_processing.hpp   : 168)   Running Relative coverage component remover
  0:08:06.104  1842M / 18G   INFO   Simplification           (parallel_processing.hpp   : 171)   Relative coverage component remover triggered 405 times
  0:08:06.104  1842M / 18G   INFO   Simplification           (parallel_processing.hpp   : 168)   Running Disconnecting edges with relatively low coverage
  0:08:06.187  1842M / 18G   INFO   Simplification           (parallel_processing.hpp   : 171)   Disconnecting edges with relatively low coverage triggered 207 times
  0:08:06.187  1842M / 18G   INFO   Simplification           (parallel_processing.hpp   : 168)   Running Complex tip clipper
  0:08:06.255  1842M / 18G   INFO   Simplification           (parallel_processing.hpp   : 171)   Complex tip clipper triggered 7 times
  0:08:06.256  1842M / 18G   INFO   Simplification           (parallel_processing.hpp   : 168)   Running Complex bulge remover
  0:08:09.499  1916M / 18G   INFO   Simplification           (parallel_processing.hpp   : 171)   Complex bulge remover triggered 1843 times
  0:08:09.500  1916M / 18G   INFO   Simplification           (parallel_processing.hpp   : 168)   Running Tip clipper
  0:08:09.548  1916M / 18G   INFO   Simplification           (parallel_processing.hpp   : 171)   Tip clipper triggered 11 times
  0:08:09.549  1916M / 18G   INFO   Simplification           (parallel_processing.hpp   : 168)   Running Final tip clipper
  0:08:09.613  1916M / 18G   INFO   Simplification           (parallel_processing.hpp   : 171)   Final tip clipper triggered 556 times
  0:08:09.613  1916M / 18G   INFO   Simplification           (parallel_processing.hpp   : 168)   Running Bulge remover
  0:08:09.685  1917M / 18G   INFO   Simplification           (parallel_processing.hpp   : 171)   Bulge remover triggered 11 times
  0:08:09.686  1917M / 18G   INFO   Simplification           (parallel_processing.hpp   : 168)   Running Final bulge remover
  0:08:10.960  1940M / 18G   INFO   Simplification           (parallel_processing.hpp   : 171)   Final bulge remover triggered 309 times
  0:08:10.960  1940M / 18G   INFO   Simplification           (parallel_processing.hpp   : 168)   Running Thorn remover (meta)
  0:08:11.021  1940M / 18G   INFO   Simplification           (parallel_processing.hpp   : 171)   Thorn remover (meta) triggered 0 times
  0:08:11.022  1940M / 18G   INFO   Simplification           (parallel_processing.hpp   : 168)   Running Relative coverage component remover
  0:08:11.135  1940M / 18G   INFO   Simplification           (parallel_processing.hpp   : 171)   Relative coverage component remover triggered 3 times
  0:08:11.136  1940M / 18G   INFO   Simplification           (parallel_processing.hpp   : 168)   Running Disconnecting edges with relatively low coverage
  0:08:11.191  1940M / 18G   INFO   Simplification           (parallel_processing.hpp   : 171)   Disconnecting edges with relatively low coverage triggered 3 times
  0:08:11.192  1940M / 18G   INFO   Simplification           (parallel_processing.hpp   : 168)   Running Complex tip clipper
  0:08:11.257  1940M / 18G   INFO   Simplification           (parallel_processing.hpp   : 171)   Complex tip clipper triggered 0 times
  0:08:11.258  1940M / 18G   INFO   Simplification           (parallel_processing.hpp   : 168)   Running Complex bulge remover
  0:08:12.169  1940M / 18G   INFO   Simplification           (parallel_processing.hpp   : 171)   Complex bulge remover triggered 9 times
  0:08:12.170  1940M / 18G   INFO   Simplification           (parallel_processing.hpp   : 168)   Running Tip clipper
  0:08:12.217  1940M / 18G   INFO   Simplification           (parallel_processing.hpp   : 171)   Tip clipper triggered 1 times
  0:08:12.217  1940M / 18G   INFO   Simplification           (parallel_processing.hpp   : 168)   Running Final tip clipper
  0:08:12.265  1940M / 18G   INFO   Simplification           (parallel_processing.hpp   : 171)   Final tip clipper triggered 24 times
  0:08:12.265  1940M / 18G   INFO   Simplification           (parallel_processing.hpp   : 168)   Running Bulge remover
  0:08:12.330  1940M / 18G   INFO   Simplification           (parallel_processing.hpp   : 171)   Bulge remover triggered 9 times
  0:08:12.330  1940M / 18G   INFO   Simplification           (parallel_processing.hpp   : 168)   Running Final bulge remover
  0:08:12.430  1941M / 18G   INFO   Simplification           (parallel_processing.hpp   : 171)   Final bulge remover triggered 2 times
  0:08:12.431  1941M / 18G   INFO   Simplification           (parallel_processing.hpp   : 168)   Running Thorn remover (meta)
  0:08:12.491  1941M / 18G   INFO   Simplification           (parallel_processing.hpp   : 171)   Thorn remover (meta) triggered 0 times
  0:08:12.492  1941M / 18G   INFO   Simplification           (parallel_processing.hpp   : 168)   Running Relative coverage component remover
  0:08:12.606  1941M / 18G   INFO   Simplification           (parallel_processing.hpp   : 171)   Relative coverage component remover triggered 0 times
  0:08:12.607  1941M / 18G   INFO   Simplification           (parallel_processing.hpp   : 168)   Running Disconnecting edges with relatively low coverage
  0:08:12.607  1941M / 18G   INFO   Simplification           (parallel_processing.hpp   : 171)   Disconnecting edges with relatively low coverage triggered 0 times
  0:08:12.608  1941M / 18G   INFO   Simplification           (parallel_processing.hpp   : 168)   Running Complex tip clipper
  0:08:12.673  1941M / 18G   INFO   Simplification           (parallel_processing.hpp   : 171)   Complex tip clipper triggered 0 times
  0:08:12.674  1941M / 18G   INFO   Simplification           (parallel_processing.hpp   : 168)   Running Complex bulge remover
  0:08:13.607  1941M / 18G   INFO   Simplification           (parallel_processing.hpp   : 171)   Complex bulge remover triggered 0 times
  0:08:13.607  1941M / 18G   INFO   Simplification           (parallel_processing.hpp   : 168)   Running Tip clipper
  0:08:13.608  1941M / 18G   INFO   Simplification           (parallel_processing.hpp   : 171)   Tip clipper triggered 0 times
  0:08:13.608  1941M / 18G   INFO   Simplification           (parallel_processing.hpp   : 168)   Running Final tip clipper
  0:08:13.608  1941M / 18G   INFO   Simplification           (parallel_processing.hpp   : 171)   Final tip clipper triggered 0 times
  0:08:13.609  1941M / 18G   INFO   Simplification           (parallel_processing.hpp   : 168)   Running Bulge remover
  0:08:13.609  1941M / 18G   INFO   Simplification           (parallel_processing.hpp   : 171)   Bulge remover triggered 0 times
  0:08:13.609  1941M / 18G   INFO   Simplification           (parallel_processing.hpp   : 168)   Running Final bulge remover
  0:08:13.609  1941M / 18G   INFO   Simplification           (parallel_processing.hpp   : 171)   Final bulge remover triggered 0 times
  0:08:13.610  1941M / 18G   INFO   Simplification           (parallel_processing.hpp   : 168)   Running Thorn remover (meta)
  0:08:13.610  1941M / 18G   INFO   Simplification           (parallel_processing.hpp   : 171)   Thorn remover (meta) triggered 0 times
  0:08:13.610  1941M / 18G   INFO    General                 (simplification.cpp        : 344)   Running Hidden EC remover (meta)
  0:08:13.700  1941M / 18G   INFO    General                 (simplification.cpp        : 348)   Disrupting self-conjugate edges
  0:08:13.796  1941M / 18G   INFO   Simplification           (parallel_processing.hpp   : 168)   Running Removing isolated edges
  0:08:13.861  1940M / 18G   INFO   Simplification           (parallel_processing.hpp   : 171)   Removing isolated edges triggered 4764 times
  0:08:13.895  1939M / 18G   INFO    General                 (simplification.cpp        : 508)   After simplification:
  0:08:13.896  1939M / 18G   INFO    General                 (simplification.cpp        : 509)     Average coverage = 7.842
  0:08:13.928  1939M / 18G   INFO    General                 (simplification.cpp        : 510)     Total length = 156847568
  0:08:13.969  1939M / 18G   INFO    General                 (simplification.cpp        : 511)     Median edge length: 6692
  0:08:13.969  1939M / 18G   INFO    General                 (simplification.cpp        : 512)     Edges: 212832
  0:08:13.970  1939M / 18G   INFO    General                 (simplification.cpp        : 513)     Vertices: 377732
  0:08:13.970  1939M / 18G   INFO   StageManager             (stage.cpp                 : 210)   STAGE == Mismatch Correction (id: mismatch_correction)
  0:08:13.970  1939M / 18G   INFO    General                 (graph_pack_helpers.cpp    :  43)   Index refill
  0:08:13.971  1939M / 18G   INFO    General                 (edge_index.hpp            : 175)   Using small index (max_id = 16481112)
  0:08:15.657  1940M / 18G   INFO   K-mer Index Building     (kmer_index_builder.hpp    : 460)   Building perfect hash indices
  0:08:39.817  2050M / 18G   INFO   K-mer Index Building     (kmer_index_builder.hpp    : 496)   Index built. Total 156847568 kmers, 113335286 bytes occupied (5.78066 bits per kmer).
mimalloc: warning: unable to allocate aligned OS memory directly, fall back to over-allocation (1262485504 bytes, address: 0x7d8f48c00000, alignment: 67108864, commit: 1)
  0:08:40.753  3250M / 18G   INFO    General                 (edge_index_builders.hpp   : 253)   Collecting edge information from graph, this takes a while.
  0:08:52.726  3250M / 18G   INFO    General                 (graph_pack_helpers.cpp    :  55)   Normalizing k-mer map. Total 5269926 kmers to process
  0:08:55.437  3256M / 18G   INFO    General                 (kmer_mapper.hpp           :  87)   Total 57556 kmers with non-trivial roots
  0:08:55.441  3250M / 18G   INFO    General                 (graph_pack_helpers.cpp    :  57)   Normalizing done
  0:08:55.442  3250M / 18G   INFO    General                 (mismatch_correction.cpp   : 421)   Collect potential mismatches
  0:08:56.266  3256M / 18G   INFO    General                 (mismatch_correction.cpp   : 213)   Total 10738 edges (out of 212832) with 195005 potential mismatch positions (18.1603 positions per edge)
  0:08:56.267  3252M / 18G   INFO    General                 (mismatch_correction.cpp   : 423)   Potential mismatches collected
  0:08:56.269  3252M / 18G   INFO    General                 (sequence_mapper_notifier.h:  80)   Starting sequence mapping
  0:08:58.710  3254M / 18G   INFO    General                 (sequence_mapper_notifier.h: 101)   Processed 200000 reads
  0:08:58.768  3257M / 18G   INFO    General                 (sequence_mapper_notifier.h: 101)   Processed 400000 reads
  0:08:58.812  3259M / 18G   INFO    General                 (sequence_mapper_notifier.h: 101)   Processed 600000 reads
  0:08:58.890  3262M / 18G   INFO    General                 (sequence_mapper_notifier.h: 101)   Processed 800000 reads
  0:08:58.918  3264M / 18G   INFO    General                 (sequence_mapper_notifier.h: 101)   Processed 1000000 reads
  0:08:58.979  3267M / 18G   INFO    General                 (sequence_mapper_notifier.h: 101)   Processed 1200000 reads
  0:08:59.125  3269M / 18G   INFO    General                 (sequence_mapper_notifier.h: 101)   Processed 2200000 reads
  0:08:59.446  3272M / 18G   INFO    General                 (sequence_mapper_notifier.h: 101)   Processed 4200000 reads
  0:09:02.188  3276M / 18G   INFO    General                 (sequence_mapper_notifier.h: 101)   Processed 8400000 reads
  0:09:05.769  3281M / 18G   INFO    General                 (sequence_mapper_notifier.h: 101)   Processed 16800000 reads
  0:09:14.136  3290M / 18G   INFO    General                 (sequence_mapper_notifier.h: 101)   Processed 33700000 reads
  0:09:21.819  3520M / 18G   INFO    General                 (sequence_mapper_notifier.h: 120)   Total 39997280 reads processed
  0:09:22.909  3268M / 18G   INFO    General                 (mismatch_correction.cpp   : 416)   All edges processed
  0:09:22.922  3251M / 18G   INFO    General                 (mismatch_correction.cpp   : 471)   Corrected 127 nucleotides
  0:09:22.923  3251M / 18G   INFO   StageManager             (stage.cpp                 : 210)   STAGE == Contig Output (id: contig_output)
  0:09:22.923  3251M / 18G   INFO    General                 (contig_output.hpp         :  20)   Outputting contigs to "${ARTICLE32_WORK_DIR}/assemblies/spades-illumina-ont/K77/before_rr.fasta"
  0:09:23.916  3251M / 18G   INFO    General                 (contig_output_stage.cpp   : 159)   Writing GFA graph to "${ARTICLE32_WORK_DIR}/assemblies/spades-illumina-ont/K77/assembly_graph_after_simplification.gfa"
  0:09:24.751  3251M / 18G   INFO   StageManager             (stage.cpp                 : 210)   STAGE == Hybrid Aligning (id: hybrid_aligning)
  0:09:24.752  3251M / 18G   INFO   HybridAligning           (hybrid_aligning.cpp       : 346)   Hybrid library detected: #1
  0:09:24.752  3251M / 18G   INFO    General                 (hybrid_aligning.cpp       : 299)   Aligning long reads with bwa-mem based aligner
  0:09:24.753  3251M / 18G   INFO   BWAIndex                 (bwa_index.cpp             :  52)   Setting BWA alignment mode to 'pacbio'
  0:09:27.263  3712M / 18G   INFO    General                 (bwa_index.cpp             : 153)   Using BWA RopeBWT algorithm
  0:13:16.838  4037M / 18G   INFO    General                 (hybrid_aligning.cpp       : 279)   Prepared batch 0 of 50000 reads.
  0:13:57.974  4064M / 18G   INFO    General                 (hybrid_aligning.cpp       : 241)   Read batch of size: 50000 processed; 49983 of them longer than 500; among long reads aligned: 49768; paths of more than one edge received: 6716
  0:13:58.061  4056M / 18G   INFO    General                 (hybrid_aligning.cpp       : 284)   Processed 50000 reads
  0:14:02.548  4056M / 18G   INFO    General                 (hybrid_aligning.cpp       : 279)   Prepared batch 1 of 50000 reads.
  0:14:43.606  4083M / 18G   INFO    General                 (hybrid_aligning.cpp       : 241)   Read batch of size: 50000 processed; 49993 of them longer than 500; among long reads aligned: 49763; paths of more than one edge received: 6745
  0:14:43.687  4071M / 18G   INFO    General                 (hybrid_aligning.cpp       : 284)   Processed 100000 reads
  0:14:48.125  4066M / 18G   INFO    General                 (hybrid_aligning.cpp       : 279)   Prepared batch 2 of 50000 reads.
  0:15:29.532  4092M / 18G   INFO    General                 (hybrid_aligning.cpp       : 241)   Read batch of size: 50000 processed; 49982 of them longer than 500; among long reads aligned: 49740; paths of more than one edge received: 6689
  0:15:29.623  4079M / 18G   INFO    General                 (hybrid_aligning.cpp       : 284)   Processed 150000 reads
  0:15:34.043  4076M / 18G   INFO    General                 (hybrid_aligning.cpp       : 279)   Prepared batch 3 of 50000 reads.
  0:16:15.885  4101M / 18G   INFO    General                 (hybrid_aligning.cpp       : 241)   Read batch of size: 50000 processed; 49985 of them longer than 500; among long reads aligned: 49756; paths of more than one edge received: 6683
  0:16:15.989  4087M / 18G   INFO    General                 (hybrid_aligning.cpp       : 284)   Processed 200000 reads
  0:16:20.385  4083M / 18G   INFO    General                 (hybrid_aligning.cpp       : 279)   Prepared batch 4 of 50000 reads.
  0:17:00.649  4109M / 18G   INFO    General                 (hybrid_aligning.cpp       : 241)   Read batch of size: 50000 processed; 49984 of them longer than 500; among long reads aligned: 49754; paths of more than one edge received: 6557
  0:17:00.742  4094M / 18G   INFO    General                 (hybrid_aligning.cpp       : 284)   Processed 250000 reads
  0:17:05.010  4086M / 18G   INFO    General                 (hybrid_aligning.cpp       : 279)   Prepared batch 5 of 50000 reads.
  0:17:44.751  4111M / 18G   INFO    General                 (hybrid_aligning.cpp       : 241)   Read batch of size: 50000 processed; 49984 of them longer than 500; among long reads aligned: 49756; paths of more than one edge received: 6546
  0:17:44.855  4097M / 18G   INFO    General                 (hybrid_aligning.cpp       : 284)   Processed 300000 reads
  0:17:49.269  4097M / 18G   INFO    General                 (hybrid_aligning.cpp       : 279)   Prepared batch 6 of 50000 reads.
  0:18:29.698  4122M / 18G   INFO    General                 (hybrid_aligning.cpp       : 241)   Read batch of size: 50000 processed; 49989 of them longer than 500; among long reads aligned: 49743; paths of more than one edge received: 6613
  0:18:29.804  4107M / 18G   INFO    General                 (hybrid_aligning.cpp       : 284)   Processed 350000 reads
  0:18:34.180  4117M / 18G   INFO    General                 (hybrid_aligning.cpp       : 279)   Prepared batch 7 of 50000 reads.
  0:19:17.257  4142M / 18G   INFO    General                 (hybrid_aligning.cpp       : 241)   Read batch of size: 50000 processed; 49983 of them longer than 500; among long reads aligned: 49771; paths of more than one edge received: 6535
  0:19:17.371  4126M / 18G   INFO    General                 (hybrid_aligning.cpp       : 284)   Processed 400000 reads
  0:19:22.340  4175M / 18G   INFO    General                 (hybrid_aligning.cpp       : 279)   Prepared batch 8 of 50000 reads.
  0:20:07.345  4202M / 18G   INFO    General                 (hybrid_aligning.cpp       : 241)   Read batch of size: 50000 processed; 49970 of them longer than 500; among long reads aligned: 49743; paths of more than one edge received: 7220
  0:20:07.438  4186M / 18G   INFO    General                 (hybrid_aligning.cpp       : 284)   Processed 450000 reads
  0:20:12.142  4173M / 18G   INFO    General                 (hybrid_aligning.cpp       : 279)   Prepared batch 9 of 50000 reads.
  0:20:56.397  4200M / 18G   INFO    General                 (hybrid_aligning.cpp       : 241)   Read batch of size: 50000 processed; 49967 of them longer than 500; among long reads aligned: 49721; paths of more than one edge received: 6953
  0:20:56.504  4183M / 18G   INFO    General                 (hybrid_aligning.cpp       : 284)   Processed 500000 reads
  0:21:01.157  4176M / 18G   INFO    General                 (hybrid_aligning.cpp       : 279)   Prepared batch 10 of 50000 reads.
  0:21:44.638  4202M / 18G   INFO    General                 (hybrid_aligning.cpp       : 241)   Read batch of size: 50000 processed; 49958 of them longer than 500; among long reads aligned: 49736; paths of more than one edge received: 6966
  0:21:44.756  4186M / 18G   INFO    General                 (hybrid_aligning.cpp       : 284)   Processed 550000 reads
  0:21:49.404  4178M / 18G   INFO    General                 (hybrid_aligning.cpp       : 279)   Prepared batch 11 of 50000 reads.
  0:22:32.257  4203M / 18G   INFO    General                 (hybrid_aligning.cpp       : 241)   Read batch of size: 50000 processed; 49964 of them longer than 500; among long reads aligned: 49743; paths of more than one edge received: 6900
  0:22:32.360  4188M / 18G   INFO    General                 (hybrid_aligning.cpp       : 284)   Processed 600000 reads
  0:22:36.915  4184M / 18G   INFO    General                 (hybrid_aligning.cpp       : 279)   Prepared batch 12 of 50000 reads.
  0:23:20.096  4210M / 18G   INFO    General                 (hybrid_aligning.cpp       : 241)   Read batch of size: 50000 processed; 49964 of them longer than 500; among long reads aligned: 49680; paths of more than one edge received: 6918
  0:23:20.219  4194M / 18G   INFO    General                 (hybrid_aligning.cpp       : 284)   Processed 650000 reads
  0:23:24.742  4168M / 18G   INFO    General                 (hybrid_aligning.cpp       : 279)   Prepared batch 13 of 46944 reads.
  0:24:06.485  4192M / 18G   INFO    General                 (hybrid_aligning.cpp       : 241)   Read batch of size: 46944 processed; 46905 of them longer than 500; among long reads aligned: 46674; paths of more than one edge received: 6321
  0:24:06.591  4177M / 18G   INFO    General                 (hybrid_aligning.cpp       : 284)   Processed 696944 reads
  0:24:06.627  3718M / 18G   INFO    General                 (hybrid_aligning.cpp       : 313)   For library of long reads
  0:24:06.628  3718M / 18G   INFO   StatsCounter             (pacbio_read_structures.hpp: 165)   Median fraction of present seeds in maximal alignmnent among reads aligned to the graph: 0
  0:24:06.628  3718M / 18G   INFO    General                 (hybrid_aligning.cpp       : 315)   Aligning of long reads finished
  0:24:06.730  3384M / 18G   INFO   HybridAligning           (hybrid_aligning.cpp       : 393)   Padding gaps
  0:24:06.731  3384M / 18G   INFO   HybridAligning           (hybrid_aligning.cpp       : 397)   Min gap weight set to 2
  0:24:06.916  3377M / 18G   INFO    General                 (hybrid_aligning.cpp       : 151)   Closing gaps with long reads
  0:25:43.918  3410M / 18G   INFO   MultiGapJoiner           (hybrid_gap_closer.hpp     : 559)   Closed 34728 gaps
  0:27:04.989  3371M / 18G   INFO    General                 (hybrid_aligning.cpp       : 172)   Closing gaps with long reads finished
  0:27:05.076  3269M / 18G   INFO   StageManager             (stage.cpp                 : 210)   STAGE == Paired Information Counting (id: late_pair_info_count)
  0:27:05.508  3353M / 18G   INFO    General                 (graph_pack_helpers.cpp    :  55)   Normalizing k-mer map. Total 5283962 kmers to process
  0:27:07.777  3359M / 18G   INFO    General                 (kmer_mapper.hpp           :  87)   Total 36342 kmers with non-trivial roots
  0:27:07.781  3353M / 18G   INFO    General                 (graph_pack_helpers.cpp    :  57)   Normalizing done
  0:27:07.782  3353M / 18G   INFO    General                 (pair_info_count.cpp       : 165)   Min edge length for estimation: 900
  0:27:07.782  3353M / 18G   INFO    General                 (pair_info_count.cpp       : 176)   Estimating insert size for library #0
  0:27:07.782  3353M / 18G   INFO    General                 (pair_info_count.cpp       :  41)   Selecting usual mapper
  0:27:07.783  3353M / 18G   INFO    General                 (paired_info_utils.cpp     : 102)   Estimating insert size (takes a while)
  0:27:08.160  3881M / 18G   INFO    General                 (sequence_mapper_notifier.h:  80)   Starting sequence mapping
  0:27:13.770  3881M / 18G   INFO    General                 (sequence_mapper_notifier.h: 101)   Processed 200000 reads
  0:27:13.796  3881M / 18G   INFO    General                 (sequence_mapper_notifier.h: 101)   Processed 400000 reads
  0:27:13.819  3881M / 18G   INFO    General                 (sequence_mapper_notifier.h: 101)   Processed 600000 reads
  0:27:13.903  3881M / 18G   INFO    General                 (sequence_mapper_notifier.h: 101)   Processed 800000 reads
  0:27:13.950  3881M / 18G   INFO    General                 (sequence_mapper_notifier.h: 101)   Processed 1000000 reads
  0:27:14.041  3881M / 18G   INFO    General                 (sequence_mapper_notifier.h: 101)   Processed 1200000 reads
  0:27:14.399  3882M / 18G   INFO    General                 (sequence_mapper_notifier.h: 101)   Processed 2200000 reads
  0:27:14.994  3882M / 18G   INFO    General                 (sequence_mapper_notifier.h: 101)   Processed 4200000 reads
  0:27:23.095  3881M / 18G   INFO    General                 (sequence_mapper_notifier.h: 120)   Total 9999320 reads processed
  0:27:23.202  3881M / 18G   INFO    General                 (paired_info_utils.cpp     : 119)   Edge pairs: 268820
  0:27:23.203  3881M / 18G   INFO    General                 (paired_info_utils.cpp     : 121)   7967590 paired reads (79.6813% of all) aligned to long edges
  0:27:23.204  3353M / 18G   INFO    General                 (pair_info_count.cpp       : 196)     Insert size = 436.913, deviation = 94.3057, left quantile = 326, right quantile = 559, read length = 150
  0:27:23.215  3353M / 18G   INFO    General                 (pair_info_count.cpp       : 211)   Filtering data for library #0
  0:27:23.216  3353M / 18G   INFO    General                 (pair_info_count.cpp       :  41)   Selecting usual mapper
  0:27:23.218  3354M / 18G   INFO    General                 (sequence_mapper_notifier.h:  80)   Starting sequence mapping
  0:27:28.752  3354M / 18G   INFO    General                 (sequence_mapper_notifier.h: 101)   Processed 200000 reads
  0:27:28.760  3354M / 18G   INFO    General                 (sequence_mapper_notifier.h: 101)   Processed 400000 reads
  0:27:28.779  3354M / 18G   INFO    General                 (sequence_mapper_notifier.h: 101)   Processed 600000 reads
  0:27:28.857  3354M / 18G   INFO    General                 (sequence_mapper_notifier.h: 101)   Processed 800000 reads
  0:27:28.925  3354M / 18G   INFO    General                 (sequence_mapper_notifier.h: 101)   Processed 1000000 reads
  0:27:28.974  3354M / 18G   INFO    General                 (sequence_mapper_notifier.h: 101)   Processed 1200000 reads
  0:27:29.357  3354M / 18G   INFO    General                 (sequence_mapper_notifier.h: 101)   Processed 2200000 reads
  0:27:29.896  3354M / 18G   INFO    General                 (sequence_mapper_notifier.h: 101)   Processed 4200000 reads
  0:27:37.256  3354M / 18G   INFO    General                 (sequence_mapper_notifier.h: 120)   Total 9999320 reads processed
  0:27:37.257  3354M / 18G   INFO    General                 (pair_info_count.cpp       : 216)   Mapping library #0
  0:27:37.257  3354M / 18G   INFO    General                 (pair_info_count.cpp       : 218)   Mapping paired reads (takes a while)
  0:27:37.257  3354M / 18G   INFO    General                 (pair_info_count.cpp       :  41)   Selecting usual mapper
  0:27:37.258  3354M / 18G   INFO    General                 (paired_info_utils.cpp     : 152)   Left insert size quantile 326, right insert size quantile 559, filtering threshold 1, rounding threshold 0
  0:27:37.271  3367M / 18G   INFO    General                 (sequence_mapper_notifier.h:  80)   Starting sequence mapping
  0:27:43.079  3368M / 18G   INFO    General                 (sequence_mapper_notifier.h: 101)   Processed 200000 reads
  0:27:43.141  3369M / 18G   INFO    General                 (sequence_mapper_notifier.h: 101)   Processed 400000 reads
  0:27:43.145  3370M / 18G   INFO    General                 (sequence_mapper_notifier.h: 101)   Processed 600000 reads
  0:27:43.254  3371M / 18G   INFO    General                 (sequence_mapper_notifier.h: 101)   Processed 800000 reads
  0:27:43.302  3372M / 18G   INFO    General                 (sequence_mapper_notifier.h: 101)   Processed 1000000 reads
  0:27:43.352  3373M / 18G   INFO    General                 (sequence_mapper_notifier.h: 101)   Processed 1200000 reads
  0:27:43.733  3374M / 18G   INFO    General                 (sequence_mapper_notifier.h: 101)   Processed 2200000 reads
  0:27:44.272  3375M / 18G   INFO    General                 (sequence_mapper_notifier.h: 101)   Processed 4200000 reads
  0:27:51.942  3406M / 18G   INFO    General                 (sequence_mapper_notifier.h: 120)   Total 9999320 reads processed
  0:27:51.985  3396M / 18G   INFO    General                 (pair_info_count.cpp       : 169)   Library #1 was mapped earlier on hybrid aligning stage, skipping
  0:27:51.985  3396M / 18G   INFO    General                 (pair_info_count.cpp       : 172)   Mapping contigs library #2
  0:27:51.986  3396M / 18G   INFO    General                 (pair_info_count.cpp       :  41)   Selecting usual mapper
  0:27:51.996  3398M / 18G   INFO    General                 (sequence_mapper_notifier.h:  80)   Starting sequence mapping
  0:28:03.814  3407M / 18G   INFO    General                 (sequence_mapper_notifier.h: 120)   Total 88749 reads processed
  0:28:03.815  3407M / 18G   INFO   StageManager             (stage.cpp                 : 210)   STAGE == Distance Estimation (id: distance_estimation)
  0:28:03.815  3407M / 18G   INFO    General                 (distance_estimation.cpp   :  75)   Processing library #0
  0:28:03.816  3407M / 18G   INFO    General                 (distance_estimation_utils.:  23)   Estimating distances
  0:28:03.816  3407M / 18G   INFO   DistanceEstimator        (distance_estimation.hpp   : 132)   Using SIMPLE distance estimator
  0:28:05.483  3413M / 18G   INFO    General                 (distance_estimation_utils.: 137)   Refining clustered pair information
  0:28:05.551  3413M / 18G   INFO    General                 (distance_estimation_utils.: 139)   The refining of clustered pair information has been finished
  0:28:05.553  3413M / 18G   INFO    General                 (distance_estimation_utils.: 141)   Improving paired information
  0:28:05.817  3416M / 18G   INFO   PairInfoImprover         (pair_info_improver.hpp    :  80)   Paired info stats: missing = 59948; contradictional = 0
  0:28:06.061  3417M / 18G   INFO   PairInfoImprover         (pair_info_improver.hpp    :  80)   Paired info stats: missing = 6414; contradictional = 0
  0:28:06.062  3417M / 18G   INFO    General                 (distance_estimation_utils.:  81)   Filling scaffolding index
  0:28:06.062  3417M / 18G   INFO    General                 (distance_estimation_utils.:  23)   Estimating distances
  0:28:06.063  3417M / 18G   INFO   DistanceEstimator        (distance_estimation.hpp   : 132)   Using SMOOTHING distance estimator
  0:28:08.597  3418M / 18G   INFO    General                 (distance_estimation.cpp   :  84)   Clearing raw paired index
  0:28:08.649  3374M / 18G   INFO   StageManager             (stage.cpp                 : 210)   STAGE == Repeat Resolving (id: repeat_resolving)
  0:28:08.650  3374M / 18G   INFO    General                 (repeat_resolving.cpp      :  88)   Using Path-Extend repeat resolving
  0:28:08.650  3374M / 18G   INFO    General                 (launcher.cpp              : 636)   ExSPAnder repeat resolving tool started
  0:28:08.651  3374M / 18G   INFO    General                 (launcher.cpp              : 193)   Autodetecting unique edge set parameters...
  0:28:08.651  3374M / 18G   INFO    General                 (launcher.cpp              : 195)   Minimal unique edge length set to the smallest MP library IS: 2000
  0:28:08.692  3375M / 18G   INFO    General                 (coverage_uniformity_analyz:  25)   genomic coverage is 3.51368 calculated of length 143011677
  0:28:08.721  3374M / 18G   INFO    General                 (launcher.cpp              : 200)   median coverage for edges longer than 2000 is 3.51368 uniformity 40%
  0:28:08.722  3374M / 18G   INFO    General                 (launcher.cpp              : 207)   Coverage is not uniform, we do not rely on coverage for long edge uniqueness
  0:28:08.783  3376M / 18G   INFO   ScaffoldingUniqueEdgeAna (scaff_supplementary.cpp   :  76)   With length cutoff: 2000, median long edge coverage: 3.51368, and maximal unique coverage: 50
  0:28:08.783  3376M / 18G   INFO   ScaffoldingUniqueEdgeAna (scaff_supplementary.cpp   :  79)   Unique edges quantity: 26630, unique edges length 286033512, total edges length 331671060
  0:28:08.890  3415M / 18G   INFO    General                 (launcher.cpp              : 444)   Creating main extenders, unique edge length = 2000
  0:28:08.892  3433M / 18G   INFO    General                 (launcher.cpp              : 362)   filling path container
  0:28:09.130  3511M / 18G   INFO    General                 (launcher.cpp              : 362)   filling path container
  0:28:09.169  3519M / 18G   INFO    General                 (extenders_logic.cpp       : 352)   Creating extender; library index size: 327828
  0:28:09.171  3528M / 18G   INFO    General                 (extenders_logic.cpp       : 352)   Creating extender; library index size: 327828
  0:28:09.232  3550M / 18G   INFO    General                 (extenders_logic.cpp       :  54)   resolvable_repeat_length_bound set to 45135
  0:28:09.863  3564M / 18G   INFO    General                 (extenders_logic.cpp       :  54)   resolvable_repeat_length_bound set to 10000
  0:28:09.990  3579M / 18G   INFO    General                 (extenders_logic.cpp       : 550)   Using 1 paired-end library
  0:28:09.991  3579M / 18G   INFO    General                 (extenders_logic.cpp       : 551)   Using 1 paired-end scaffolding library
  0:28:09.991  3579M / 18G   INFO    General                 (extenders_logic.cpp       : 552)   Using 2 single read libraries
  0:28:10.030  3579M / 18G   INFO    General                 (launcher.cpp              : 409)   Filling backbone edges for long reads scaffolding...
  0:28:10.031  3579M / 18G   INFO    General                 (launcher.cpp              : 411)    with long reads paths
  0:28:10.299  3581M / 18G   INFO    General                 (launcher.cpp              : 420)   Removing fake unique with paired-end libs
  0:28:11.516  3581M / 18G   INFO    General                 (launcher.cpp              : 431)   49574 unique edges
  0:28:11.517  3581M / 18G   INFO    General                 (extenders_logic.cpp       : 427)   Creating scaffolding extender for lib 1
  0:28:11.518  3584M / 18G   INFO   ExtensionChooser2015     (extension_chooser2015.hpp :  57)   ExtensionChooser2015 created
  0:28:11.578  3596M / 18G   INFO    General                 (extenders_logic.cpp       : 453)   Using 1 long reads scaffolding library
  0:28:11.579  3596M / 18G   INFO    General                 (extenders_logic.cpp       : 463)   Using additional coordinated coverage extender
  0:28:11.579  3605M / 18G   INFO    General                 (launcher.cpp              : 473)   Total number of extenders is 7
  0:28:11.580  3605M / 18G   INFO    General                 (path_extenders.cpp        :  36)   Processed 0 paths from 70967 (0%)
  0:28:12.138  3619M / 18G   INFO    General                 (path_extenders.cpp        :  34)   Processed 128 paths from 70967 (0%)
  0:28:12.373  3624M / 18G   INFO    General                 (path_extenders.cpp        :  34)   Processed 256 paths from 70967 (0%)
  0:28:12.527  3627M / 18G   INFO    General                 (path_extenders.cpp        :  34)   Processed 512 paths from 70967 (0%)
  0:28:12.783  3630M / 18G   INFO    General                 (path_extenders.cpp        :  34)   Processed 1024 paths from 70967 (1%)
  0:28:13.061  3634M / 18G   INFO    General                 (path_extenders.cpp        :  34)   Processed 2048 paths from 70967 (2%)
  0:28:13.431  3638M / 18G   INFO    General                 (path_extenders.cpp        :  34)   Processed 4096 paths from 70967 (5%)
  0:28:13.774  3644M / 18G   INFO    General                 (path_extenders.cpp        :  36)   Processed 7097 paths from 70967 (10%)
  0:28:13.901  3646M / 18G   INFO    General                 (path_extenders.cpp        :  34)   Processed 8192 paths from 70967 (11%)
  0:28:14.421  3656M / 18G   INFO    General                 (path_extenders.cpp        :  36)   Processed 14194 paths from 70967 (20%)
  0:28:14.572  3658M / 18G   INFO    General                 (path_extenders.cpp        :  34)   Processed 16384 paths from 70967 (23%)
  0:28:14.870  3661M / 18G   INFO    General                 (path_extenders.cpp        :  36)   Processed 21291 paths from 70967 (30%)
  0:28:15.197  3666M / 18G   INFO    General                 (path_extenders.cpp        :  36)   Processed 28388 paths from 70967 (40%)
  0:28:15.463  3670M / 18G   INFO    General                 (path_extenders.cpp        :  34)   Processed 32768 paths from 70967 (46%)
  0:28:15.571  3671M / 18G   INFO    General                 (path_extenders.cpp        :  36)   Processed 35485 paths from 70967 (50%)
  0:28:15.776  3675M / 18G   INFO    General                 (path_extenders.cpp        :  36)   Processed 42582 paths from 70967 (60%)
  0:28:15.875  3678M / 18G   INFO    General                 (path_extenders.cpp        :  36)   Processed 49679 paths from 70967 (70%)
  0:28:15.948  3681M / 18G   INFO    General                 (path_extenders.cpp        :  36)   Processed 56776 paths from 70967 (80%)
  0:28:16.016  3684M / 18G   INFO    General                 (path_extenders.cpp        :  36)   Processed 63873 paths from 70967 (90%)
  0:28:16.074  3686M / 18G   INFO    General                 (path_extenders.cpp        :  34)   Processed 65536 paths from 70967 (92%)
  0:28:16.280  3660M / 18G   INFO    General                 (launcher.cpp              : 264)   Finalizing paths
  0:28:16.282  3660M / 18G   INFO    General                 (launcher.cpp              : 266)   Deduplicating paths
  0:28:16.321  3660M / 18G   INFO    General                 (launcher.cpp              : 270)   Paths deduplicated
  0:28:16.322  3660M / 18G   INFO   PEResolver               (pe_resolver.cpp           :  70)   Removing overlaps
  0:28:16.322  3660M / 18G   INFO   PEResolver               (pe_resolver.cpp           :  80)   Marking overlaps
  0:28:16.323  3660M / 18G   INFO   OverlapRemover           (overlap_remover.hpp       : 120)   Marking start/end overlaps
  0:28:16.407  3660M / 18G   INFO   OverlapRemover           (overlap_remover.hpp       : 123)   Marking remaining overlaps
  0:28:16.483  3660M / 18G   INFO   PEResolver               (pe_resolver.cpp           :  83)   Splitting paths
  0:28:16.516  3665M / 18G   INFO   PEResolver               (pe_resolver.cpp           :  88)   Deduplicating paths
  0:28:16.554  3660M / 18G   INFO   PEResolver               (pe_resolver.cpp           :  90)   Overlaps removed
  0:28:16.610  3659M / 18G   INFO    General                 (launcher.cpp              : 287)   Paths finalized
  0:28:16.612  3659M / 18G   INFO    General                 (launcher.cpp              : 482)   Closing gaps in paths
  0:28:16.936  3663M / 18G   INFO   PathPolisher             (path_polisher.cpp         :  71)   Unexpected cycle while polishing path, stopping polishing
  0:28:16.956  3664M / 18G   INFO   PathPolisher             (path_polisher.cpp         :  71)   Unexpected cycle while polishing path, stopping polishing
  0:28:17.060  3681M / 18G   INFO    General                 (launcher.cpp              : 512)   Gap closing completed
  0:28:17.182  3516M / 18G   INFO    General                 (launcher.cpp              : 320)   Traversing tandem repeats
  0:28:18.451  3516M / 18G   INFO    General                 (launcher.cpp              : 330)   Traversed 97 loops
  0:28:18.453  3516M / 18G   INFO    General                 (launcher.cpp              : 264)   Finalizing paths
  0:28:18.453  3516M / 18G   INFO    General                 (launcher.cpp              : 266)   Deduplicating paths
  0:28:18.479  3516M / 18G   INFO    General                 (launcher.cpp              : 270)   Paths deduplicated
  0:28:18.479  3516M / 18G   INFO   PEResolver               (pe_resolver.cpp           :  70)   Removing overlaps
  0:28:18.480  3516M / 18G   INFO   PEResolver               (pe_resolver.cpp           :  80)   Marking overlaps
  0:28:18.480  3516M / 18G   INFO   OverlapRemover           (overlap_remover.hpp       : 120)   Marking start/end overlaps
  0:28:18.535  3516M / 18G   INFO   OverlapRemover           (overlap_remover.hpp       : 123)   Marking remaining overlaps
  0:28:18.602  3516M / 18G   INFO   PEResolver               (pe_resolver.cpp           :  83)   Splitting paths
  0:28:18.619  3518M / 18G   INFO   PEResolver               (pe_resolver.cpp           :  88)   Deduplicating paths
  0:28:18.647  3517M / 18G   INFO   PEResolver               (pe_resolver.cpp           :  90)   Overlaps removed
  0:28:18.701  3516M / 18G   INFO    General                 (launcher.cpp              : 287)   Paths finalized
  0:28:18.703  3516M / 18G   INFO    General                 (launcher.cpp              : 701)   ExSPAnder repeat resolving tool finished
  0:28:18.769  3396M / 18G   INFO   StageManager             (stage.cpp                 : 210)   STAGE == Contig Output (id: contig_output)
  0:28:18.774  3396M / 18G   INFO    General                 (contig_output.hpp         :  20)   Outputting contigs to "${ARTICLE32_WORK_DIR}/assemblies/spades-illumina-ont/K77/before_rr.fasta"
  0:28:19.833  3396M / 18G   INFO    General                 (contig_output_stage.cpp   : 159)   Writing GFA graph to "${ARTICLE32_WORK_DIR}/assemblies/spades-illumina-ont/K77/assembly_graph_with_scaffolds.gfa"
  0:28:20.563  3396M / 18G   INFO    General                 (contig_output_stage.cpp   : 175)   Outputting FastG graph to "${ARTICLE32_WORK_DIR}/assemblies/spades-illumina-ont/K77/assembly_graph.fastg"
  0:28:22.793  3396M / 18G   INFO    General                 (contig_output_stage.cpp   : 210)   Breaking scaffolds
  0:28:23.652  3615M / 18G   INFO    General                 (contig_output_stage.cpp   : 101)   Outputting contigs to ${ARTICLE32_WORK_DIR}/assemblies/spades-illumina-ont/K77/final_contigs.fasta
  0:28:24.201  3615M / 18G   INFO    General                 (contig_output_stage.cpp   : 107)   Outputting FastG paths to ${ARTICLE32_WORK_DIR}/assemblies/spades-illumina-ont/K77/final_contigs.paths
  0:28:24.928  3579M / 18G   INFO    General                 (contig_output_stage.cpp   : 101)   Outputting contigs to ${ARTICLE32_WORK_DIR}/assemblies/spades-illumina-ont/K77/scaffolds.fasta
  0:28:25.442  3579M / 18G   INFO    General                 (contig_output_stage.cpp   : 107)   Outputting FastG paths to ${ARTICLE32_WORK_DIR}/assemblies/spades-illumina-ont/K77/scaffolds.paths
  0:28:25.507  3579M / 18G   INFO    General                 (contig_output_stage.cpp   : 114)   Populating GFA with scaffold paths
  0:28:25.559  3396M / 18G   INFO    General                 (pipeline.cpp              : 305)   SPAdes finished
  0:28:27.512     1M / 18G   INFO    General                 (main.cpp                  : 131)   Assembling time: 0 hours 28 minutes 27 seconds

===== K77 finished. 


===== Copy files started. 


== Running: ${HYBRID_ENV_PREFIX}/bin/python3 ${HYBRID_ENV_PREFIX}/share/spades/spades_pipeline/supplemetary/copy_files.py ${ARTICLE32_WORK_DIR}/assemblies/spades-illumina-ont/K77/before_rr.fasta ${ARTICLE32_WORK_DIR}/assemblies/spades-illumina-ont/before_rr.fasta ${ARTICLE32_WORK_DIR}/assemblies/spades-illumina-ont/K77/assembly_graph_after_simplification.gfa ${ARTICLE32_WORK_DIR}/assemblies/spades-illumina-ont/assembly_graph_after_simplification.gfa ${ARTICLE32_WORK_DIR}/assemblies/spades-illumina-ont/K77/final_contigs.fasta ${ARTICLE32_WORK_DIR}/assemblies/spades-illumina-ont/contigs.fasta ${ARTICLE32_WORK_DIR}/assemblies/spades-illumina-ont/K77/first_pe_contigs.fasta ${ARTICLE32_WORK_DIR}/assemblies/spades-illumina-ont/first_pe_contigs.fasta ${ARTICLE32_WORK_DIR}/assemblies/spades-illumina-ont/K77/strain_graph.gfa ${ARTICLE32_WORK_DIR}/assemblies/spades-illumina-ont/strain_graph.gfa ${ARTICLE32_WORK_DIR}/assemblies/spades-illumina-ont/K77/scaffolds.fasta ${ARTICLE32_WORK_DIR}/assemblies/spades-illumina-ont/scaffolds.fasta ${ARTICLE32_WORK_DIR}/assemblies/spades-illumina-ont/K77/scaffolds.paths ${ARTICLE32_WORK_DIR}/assemblies/spades-illumina-ont/scaffolds.paths ${ARTICLE32_WORK_DIR}/assemblies/spades-illumina-ont/K77/assembly_graph_with_scaffolds.gfa ${ARTICLE32_WORK_DIR}/assemblies/spades-illumina-ont/assembly_graph_with_scaffolds.gfa ${ARTICLE32_WORK_DIR}/assemblies/spades-illumina-ont/K77/assembly_graph.fastg ${ARTICLE32_WORK_DIR}/assemblies/spades-illumina-ont/assembly_graph.fastg ${ARTICLE32_WORK_DIR}/assemblies/spades-illumina-ont/K77/final_contigs.paths ${ARTICLE32_WORK_DIR}/assemblies/spades-illumina-ont/contigs.paths


===== Copy files finished. 


===== Assembling finished. 


===== Breaking scaffolds started. 


== Running: ${HYBRID_ENV_PREFIX}/bin/python3 ${HYBRID_ENV_PREFIX}/share/spades/spades_pipeline/supplemetary/breaking_scaffolds_script.py --result_scaffolds_filename ${ARTICLE32_WORK_DIR}/assemblies/spades-illumina-ont/scaffolds.fasta --misc_dir ${ARTICLE32_WORK_DIR}/assemblies/spades-illumina-ont/misc --threshold_for_breaking_scaffolds 3


===== Breaking scaffolds finished. 


===== Terminate started. 


===== Terminate finished. 

 * Assembled contigs are in ${ARTICLE32_WORK_DIR}/assemblies/spades-illumina-ont/contigs.fasta
 * Assembled scaffolds are in ${ARTICLE32_WORK_DIR}/assemblies/spades-illumina-ont/scaffolds.fasta
 * Paths in the assembly graph corresponding to the contigs are in ${ARTICLE32_WORK_DIR}/assemblies/spades-illumina-ont/contigs.paths
 * Paths in the assembly graph corresponding to the scaffolds are in ${ARTICLE32_WORK_DIR}/assemblies/spades-illumina-ont/scaffolds.paths
 * Assembly graph is in ${ARTICLE32_WORK_DIR}/assemblies/spades-illumina-ont/assembly_graph.fastg
 * Assembly graph in GFA format is in ${ARTICLE32_WORK_DIR}/assemblies/spades-illumina-ont/assembly_graph_with_scaffolds.gfa

======= SPAdes pipeline finished WITH WARNINGS!

=== Error correction and assembling warnings:
 * 0:00:00.003     1M / 17M   WARN   StageManager             (stage.cpp                 : 162)   No saved checkpoint
======= Warnings saved to ${ARTICLE32_WORK_DIR}/assemblies/spades-illumina-ont/warnings.log

SPAdes log can be found here: ${ARTICLE32_WORK_DIR}/assemblies/spades-illumina-ont/spades.log

Thank you for using metaSPAdes! If you use it in your research, please cite:

  Nurk, S., Meleshko, D., Korobeynikov, A. and Pevzner, P.A., 2017. metaSPAdes: a new versatile metagenomic assembler. Genome research, 27(5), pp.824-834.
  doi.org/10.1101/gr.213959.116

