
[1;4;93mStarting Polypolish polish[0m [2m(2026-07-26 23:10:58)[0m
[2m    Polypolish is a tool for polishing genome assemblies with short reads.
Unlike other tools in this category, Polypolish uses SAM files where each read
has been aligned to all possible locations (not just a single best location).
This allows it to repair errors in repeat regions that other alignment-based
polishers cannot fix.[0m

Polypolish version: 0.6.1

Input assembly:
  ${ARTICLE32_WORK_DIR}/normalized/base/flye-ont.ge1000.fasta

Input short-read alignments:
  ${ARTICLE32_WORK_DIR}/polish/filtered_R1.sam
  ${ARTICLE32_WORK_DIR}/polish/filtered_R2.sam

Settings:
  --fraction_invalid 0.2
  --fraction_valid 0.5
  --max_errors 10
  --min_depth 5
  --careful
  not logging debugging information


[1;4;93mLoading assembly[0m [2m(2026-07-26 23:10:58)[0m
contig_1 (2,046,896 bp)
contig_10 (1,302,192 bp)
contig_100 (6,351 bp)
contig_1000 (13,495 bp)
contig_1001 (21,786 bp)
contig_1002 (13,996 bp)
contig_1003 (52,580 bp)
contig_1004 (16,763 bp)
contig_1005 (2,068 bp)
contig_1006 (9,128 bp)
contig_1007 (47,063 bp)
contig_1008 (6,671 bp)
contig_1009 (2,980 bp)
contig_101 (19,401 bp)
contig_1010 (2,596 bp)
contig_1011 (25,045 bp)
contig_1012 (32,278 bp)
contig_1013 (21,862 bp)
contig_1014 (25,523 bp)
contig_1015 (14,056 bp)
contig_1016 (13,963 bp)
contig_1017 (17,429 bp)
contig_1018 (15,027 bp)
contig_1019 (56,937 bp)
contig_102 (177,114 bp)
contig_1020 (20,564 bp)
contig_1021 (8,122 bp)
contig_1022 (16,108 bp)
contig_1023 (14,020 bp)
contig_1024 (24,521 bp)
contig_1025 (8,777 bp)
contig_1028 (3,866 bp)
contig_1029 (19,901 bp)
contig_103 (35,599 bp)
contig_1030 (66,734 bp)
contig_1031 (12,949 bp)
contig_1032 (7,901 bp)
contig_1033 (59,640 bp)
contig_1034 (22,383 bp)
contig_1035 (3,391 bp)
contig_1036 (4,214 bp)
contig_1037 (16,673 bp)
contig_1038 (7,434 bp)
contig_1039 (21,342 bp)
contig_104 (53,595 bp)
contig_1040 (28,260 bp)
contig_1041 (23,537 bp)
contig_1042 (58,889 bp)
contig_1043 (6,986 bp)
contig_1044 (22,012 bp)
contig_1045 (13,571 bp)
contig_1046 (10,087 bp)
contig_1047 (24,686 bp)
contig_1048 (21,888 bp)
contig_1049 (45,810 bp)
contig_105 (64,552 bp)
contig_1050 (9,650 bp)
contig_1051 (32,416 bp)
contig_1052 (26,525 bp)
contig_1053 (63,061 bp)
contig_1054 (41,747 bp)
contig_1055 (20,124 bp)
contig_1056 (11,474 bp)
contig_1057 (10,035 bp)
contig_1058 (2,929 bp)
contig_1059 (4,820 bp)
contig_106 (20,636 bp)
contig_1060 (15,139 bp)
contig_1061 (12,619 bp)
contig_1062 (11,796 bp)
contig_1063 (18,194 bp)
contig_1064 (10,036 bp)
contig_1065 (9,026 bp)
contig_1066 (11,052 bp)
contig_1067 (31,393 bp)
contig_1068 (78,426 bp)
contig_1069 (20,248 bp)
contig_107 (23,551 bp)
contig_1070 (31,840 bp)
contig_1071 (12,898 bp)
contig_1072 (11,809 bp)
contig_1073 (17,393 bp)
contig_1074 (14,355 bp)
contig_1075 (7,267 bp)
contig_1076 (5,864 bp)
contig_1077 (6,332 bp)
contig_1078 (2,812 bp)
contig_1079 (7,995 bp)
contig_108 (26,007 bp)
contig_1080 (34,756 bp)
contig_1081 (8,014 bp)
contig_1082 (3,527 bp)
contig_1083 (10,903 bp)
contig_1084 (29,280 bp)
contig_1085 (3,979 bp)
contig_1086 (325,773 bp)
contig_1087 (8,555 bp)
contig_1088 (21,662 bp)
contig_1089 (37,358 bp)
contig_109 (3,033,363 bp)
contig_1090 (198,908 bp)
contig_1091 (16,912 bp)
contig_1092 (6,087 bp)
contig_1093 (39,583 bp)
contig_1094 (10,681 bp)
contig_1095 (33,493 bp)
contig_1096 (11,520 bp)
contig_1097 (24,810 bp)
contig_1098 (6,868 bp)
contig_1099 (15,207 bp)
contig_11 (577,409 bp)
contig_1100 (16,331 bp)
contig_1101 (13,257 bp)
contig_1102 (5,754 bp)
contig_1103 (5,190 bp)
contig_1104 (26,320 bp)
contig_1105 (6,557 bp)
contig_1106 (10,864 bp)
contig_1107 (35,539 bp)
contig_1108 (9,432 bp)
contig_1109 (14,731 bp)
contig_111 (2,344,431 bp)
contig_1110 (28,780 bp)
contig_1111 (20,866 bp)
contig_1112 (43,342 bp)
contig_1113 (17,726 bp)
contig_1114 (52,885 bp)
contig_1115 (17,852 bp)
contig_1116 (11,458 bp)
contig_1117 (9,753 bp)
contig_1118 (16,376 bp)
contig_1119 (13,692 bp)
contig_112 (67,401 bp)
contig_1120 (7,774 bp)
contig_1121 (16,248 bp)
contig_1122 (16,447 bp)
contig_1123 (11,939 bp)
contig_1124 (18,069 bp)
contig_1125 (13,150 bp)
contig_1126 (16,282 bp)
contig_1127 (8,981 bp)
contig_1128 (135,936 bp)
contig_1129 (13,790 bp)
contig_113 (363,265 bp)
contig_1131 (17,971 bp)
contig_1132 (13,407 bp)
contig_1133 (84,479 bp)
contig_1134 (13,568 bp)
contig_1135 (16,558 bp)
contig_1136 (23,498 bp)
contig_1137 (3,691 bp)
contig_1138 (23,328 bp)
contig_1139 (12,752 bp)
contig_114 (6,128 bp)
contig_1140 (20,789 bp)
contig_1141 (10,894 bp)
contig_1142 (14,880 bp)
contig_1143 (2,292 bp)
contig_1144 (6,710 bp)
contig_1145 (8,176 bp)
contig_1146 (48,106 bp)
contig_1147 (32,411 bp)
contig_1148 (79,724 bp)
contig_1149 (3,776 bp)
contig_115 (5,672 bp)
contig_1150 (26,793 bp)
contig_1151 (3,880 bp)
contig_1152 (11,040 bp)
contig_1153 (6,206 bp)
contig_1154 (18,830 bp)
contig_1155 (52,691 bp)
contig_1156 (30,485 bp)
contig_1157 (15,791 bp)
contig_1158 (7,882 bp)
contig_1159 (21,042 bp)
contig_1160 (40,991 bp)
contig_1161 (12,042 bp)
contig_1162 (29,076 bp)
contig_1163 (21,400 bp)
contig_1164 (2,224,823 bp)
contig_1167 (40,797 bp)
contig_1168 (14,808 bp)
contig_1169 (47,586 bp)
contig_1170 (45,736 bp)
contig_1171 (22,389 bp)
contig_1172 (11,894 bp)
contig_1173 (4,520 bp)
contig_1174 (22,230 bp)
contig_1175 (19,898 bp)
contig_1176 (11,506 bp)
contig_1177 (11,038 bp)
contig_1178 (11,848 bp)
contig_1179 (19,376 bp)
contig_118 (140,436 bp)
contig_1180 (10,009 bp)
contig_1181 (3,244 bp)
contig_1182 (9,504 bp)
contig_1183 (8,461 bp)
contig_1184 (10,394 bp)
contig_1185 (6,187 bp)
contig_1186 (34,286 bp)
contig_1187 (206,404 bp)
contig_1188 (12,168 bp)
contig_1189 (12,444 bp)
contig_119 (70,461 bp)
contig_1190 (39,976 bp)
contig_1191 (18,199 bp)
contig_1192 (27,522 bp)
contig_1193 (13,184 bp)
contig_1194 (17,343 bp)
contig_1195 (15,463 bp)
contig_1196 (11,277 bp)
contig_1197 (26,033 bp)
contig_1198 (24,113 bp)
contig_1199 (22,075 bp)
contig_12 (2,812,330 bp)
contig_120 (25,751 bp)
contig_1200 (3,522 bp)
contig_1201 (4,386 bp)
contig_1202 (11,962 bp)
contig_1203 (17,219 bp)
contig_1204 (15,543 bp)
contig_1205 (13,279 bp)
contig_1206 (15,380 bp)
contig_1207 (17,724 bp)
contig_1208 (11,563 bp)
contig_1209 (17,425 bp)
contig_121 (26,330 bp)
contig_1210 (19,678 bp)
contig_1211 (7,114 bp)
contig_1212 (11,106 bp)
contig_1213 (29,841 bp)
contig_1214 (33,900 bp)
contig_1215 (104,256 bp)
contig_1216 (13,287 bp)
contig_1217 (2,625 bp)
contig_1218 (2,261 bp)
contig_1219 (2,640 bp)
contig_122 (46,406 bp)
contig_1220 (2,595 bp)
contig_1221 (8,176 bp)
contig_1222 (18,185 bp)
contig_1223 (33,009 bp)
contig_1224 (8,693 bp)
contig_1225 (15,612 bp)
contig_1226 (8,403 bp)
contig_1227 (2,503 bp)
contig_1228 (6,899 bp)
contig_1229 (19,926 bp)
contig_123 (12,483 bp)
contig_1230 (11,823 bp)
contig_1231 (33,560 bp)
contig_1232 (12,176 bp)
contig_1233 (17,295 bp)
contig_1234 (15,577 bp)
contig_1235 (10,447 bp)
contig_1236 (11,969 bp)
contig_1237 (8,698 bp)
contig_1238 (28,896 bp)
contig_1239 (14,125 bp)
contig_124 (25,623 bp)
contig_1240 (36,438 bp)
contig_1241 (14,099 bp)
contig_1242 (14,159 bp)
contig_1243 (10,997 bp)
contig_1244 (48,733 bp)
contig_1245 (10,068 bp)
contig_1246 (20,883 bp)
contig_1247 (3,158 bp)
contig_1248 (15,946 bp)
contig_1249 (6,598 bp)
contig_125 (210,996 bp)
contig_1250 (4,557 bp)
contig_1251 (5,732 bp)
contig_1252 (6,866 bp)
contig_1253 (6,679 bp)
contig_1254 (19,424 bp)
contig_1255 (42,213 bp)
contig_1256 (37,783 bp)
contig_1257 (16,316 bp)
contig_1258 (18,550 bp)
contig_1259 (4,620 bp)
contig_126 (101,283 bp)
contig_1260 (19,729 bp)
contig_1261 (141,931 bp)
contig_1262 (22,473 bp)
contig_1263 (5,725 bp)
contig_1264 (10,457 bp)
contig_1265 (21,222 bp)
contig_1266 (8,305 bp)
contig_1267 (22,979 bp)
contig_1268 (24,766 bp)
contig_1269 (11,792 bp)
contig_127 (6,766 bp)
contig_1271 (2,946 bp)
contig_1272 (12,259 bp)
contig_1273 (114,840 bp)
contig_1274 (14,228 bp)
contig_1275 (10,025 bp)
contig_1276 (4,130 bp)
contig_1278 (114,231 bp)
contig_1279 (1,720 bp)
contig_128 (20,749 bp)
contig_1280 (3,293 bp)
contig_1281 (1,732,286 bp)
contig_1282 (89,825 bp)
contig_1283 (11,070 bp)
contig_1284 (30,709 bp)
contig_1285 (21,167 bp)
contig_1286 (7,410 bp)
contig_1287 (11,957 bp)
contig_1288 (32,435 bp)
contig_1289 (17,686 bp)
contig_129 (214,121 bp)
contig_1290 (23,783 bp)
contig_1291 (2,352 bp)
contig_1292 (1,181 bp)
contig_1294 (22,601 bp)
contig_1295 (3,667 bp)
contig_1296 (16,156 bp)
contig_1297 (48,893 bp)
contig_1298 (31,978 bp)
contig_1299 (10,737 bp)
contig_13 (237,549 bp)
contig_130 (13,138 bp)
contig_1300 (13,216 bp)
contig_1301 (12,568 bp)
contig_1302 (23,346 bp)
contig_1303 (37,373 bp)
contig_1304 (10,661 bp)
contig_1305 (12,351 bp)
contig_1306 (14,902 bp)
contig_1307 (24,513 bp)
contig_1308 (28,610 bp)
contig_1309 (21,563 bp)
contig_131 (18,097 bp)
contig_1310 (21,358 bp)
contig_1311 (57,129 bp)
contig_1312 (10,239 bp)
contig_1313 (13,786 bp)
contig_1314 (9,526 bp)
contig_1315 (5,535 bp)
contig_1316 (3,345 bp)
contig_1317 (20,894 bp)
contig_1318 (13,868 bp)
contig_1319 (13,120 bp)
contig_132 (7,284 bp)
contig_1320 (18,505 bp)
contig_1321 (31,517 bp)
contig_1322 (19,983 bp)
contig_1323 (16,279 bp)
contig_1324 (18,319 bp)
contig_1325 (16,569 bp)
contig_1326 (15,818 bp)
contig_1327 (2,348 bp)
contig_1328 (10,736 bp)
contig_1329 (9,731 bp)
contig_133 (20,200 bp)
contig_1330 (14,566 bp)
contig_1331 (13,292 bp)
contig_1332 (13,089 bp)
contig_1333 (23,900 bp)
contig_1334 (380,207 bp)
contig_1335 (6,731 bp)
contig_1336 (2,879 bp)
contig_1337 (7,969 bp)
contig_1338 (6,175 bp)
contig_1339 (52,258 bp)
contig_134 (22,554 bp)
contig_1340 (7,398 bp)
contig_1341 (62,385 bp)
contig_1342 (9,504 bp)
contig_1343 (9,663 bp)
contig_1344 (25,964 bp)
contig_1345 (16,388 bp)
contig_1346 (49,510 bp)
contig_1347 (31,512 bp)
contig_1348 (60,742 bp)
contig_1349 (5,674 bp)
contig_135 (6,649 bp)
contig_1350 (14,301 bp)
contig_1351 (124,041 bp)
contig_1352 (7,890 bp)
contig_1353 (18,721 bp)
contig_1354 (11,237 bp)
contig_1355 (104,107 bp)
contig_1356 (5,159 bp)
contig_1357 (7,904 bp)
contig_1358 (26,669 bp)
contig_1359 (2,843 bp)
contig_136 (8,758 bp)
contig_1360 (11,625 bp)
contig_1361 (3,216 bp)
contig_1362 (4,653 bp)
contig_1363 (137,864 bp)
contig_1364 (13,866 bp)
contig_1365 (18,245 bp)
contig_1366 (9,496 bp)
contig_1367 (21,318 bp)
contig_1368 (18,253 bp)
contig_1369 (15,040 bp)
contig_137 (27,334 bp)
contig_1370 (7,047 bp)
contig_1371 (12,615 bp)
contig_1372 (13,108 bp)
contig_1373 (23,768 bp)
contig_1374 (32,961 bp)
contig_1375 (14,798 bp)
contig_1376 (13,546 bp)
contig_1377 (5,305 bp)
contig_1378 (15,102 bp)
contig_1379 (13,617 bp)
contig_138 (46,424 bp)
contig_1380 (8,074 bp)
contig_1381 (11,831 bp)
contig_1382 (8,242 bp)
contig_1383 (8,349 bp)
contig_1384 (5,494 bp)
contig_1385 (2,022,275 bp)
contig_1386 (12,870 bp)
contig_1387 (5,003 bp)
contig_1388 (19,733 bp)
contig_1389 (36,175 bp)
contig_139 (16,398 bp)
contig_1390 (15,172 bp)
contig_1391 (11,060 bp)
contig_1392 (14,651 bp)
contig_1393 (11,694 bp)
contig_1394 (12,448 bp)
contig_1395 (9,137 bp)
contig_1396 (10,539 bp)
contig_1397 (14,523 bp)
contig_1398 (13,788 bp)
contig_1399 (121,799 bp)
contig_14 (1,409,436 bp)
contig_140 (14,622 bp)
contig_1402 (22,581 bp)
contig_1403 (3,713 bp)
contig_1405 (5,143 bp)
contig_1406 (7,928 bp)
contig_1407 (21,186 bp)
contig_1408 (2,901 bp)
contig_141 (30,935 bp)
contig_1410 (38,684 bp)
contig_1411 (11,774 bp)
contig_1412 (35,951 bp)
contig_1414 (18,101 bp)
contig_1415 (36,637 bp)
contig_1416 (11,805 bp)
contig_1417 (15,245 bp)
contig_1418 (7,468 bp)
contig_1419 (15,545 bp)
contig_142 (43,270 bp)
contig_1420 (14,012 bp)
contig_1421 (7,410 bp)
contig_1422 (11,115 bp)
contig_1423 (10,503 bp)
contig_1424 (6,436 bp)
contig_1425 (18,386 bp)
contig_1427 (2,913 bp)
contig_1429 (14,061 bp)
contig_143 (40,506 bp)
contig_1430 (20,222 bp)
contig_1431 (27,753 bp)
contig_1432 (6,002 bp)
contig_1433 (18,823 bp)
contig_1434 (5,653 bp)
contig_1435 (178,231 bp)
contig_1436 (77,928 bp)
contig_1437 (23,245 bp)
contig_1438 (3,926 bp)
contig_1439 (6,560 bp)
contig_144 (42,418 bp)
contig_1440 (9,596 bp)
contig_1441 (8,364 bp)
contig_1442 (9,721 bp)
contig_1443 (12,365 bp)
contig_1444 (6,959 bp)
contig_1445 (9,324 bp)
contig_1446 (17,457 bp)
contig_1447 (99,850 bp)
contig_1448 (10,009 bp)
contig_1449 (11,552 bp)
contig_145 (12,750 bp)
contig_1450 (8,680 bp)
contig_1451 (10,544 bp)
contig_1452 (16,424 bp)
contig_1453 (19,587 bp)
contig_1454 (20,262 bp)
contig_1455 (181,663 bp)
contig_1456 (26,516 bp)
contig_1457 (6,545 bp)
contig_1458 (26,408 bp)
contig_1459 (7,526 bp)
contig_146 (18,056 bp)
contig_1460 (12,220 bp)
contig_1461 (11,515 bp)
contig_1462 (4,676 bp)
contig_1463 (27,779 bp)
contig_1464 (23,525 bp)
contig_1465 (12,111 bp)
contig_1466 (4,348 bp)
contig_1467 (13,184 bp)
contig_1468 (9,248 bp)
contig_1469 (13,155 bp)
contig_147 (26,580 bp)
contig_1470 (10,921 bp)
contig_1471 (20,804 bp)
contig_1472 (5,777 bp)
contig_1473 (18,272 bp)
contig_1474 (10,765 bp)
contig_1475 (5,673 bp)
contig_1476 (10,978 bp)
contig_1477 (13,755 bp)
contig_1478 (28,542 bp)
contig_1479 (14,369 bp)
contig_148 (15,623 bp)
contig_1480 (13,589 bp)
contig_1481 (5,088 bp)
contig_1482 (8,332 bp)
contig_1483 (127,141 bp)
contig_1484 (7,848 bp)
contig_1485 (5,438 bp)
contig_1486 (5,695 bp)
contig_1487 (17,106 bp)
contig_1488 (107,729 bp)
contig_1489 (7,946 bp)
contig_149 (31,727 bp)
contig_1490 (3,077 bp)
contig_1491 (12,019 bp)
contig_1492 (5,675 bp)
contig_1493 (7,408 bp)
contig_1494 (73,796 bp)
contig_1495 (10,704 bp)
contig_1496 (16,772 bp)
contig_1497 (10,905 bp)
contig_1498 (4,620 bp)
contig_1499 (28,924 bp)
contig_15 (922,028 bp)
contig_150 (26,843 bp)
contig_1500 (10,152 bp)
contig_1501 (19,025 bp)
contig_1502 (227,285 bp)
contig_1503 (15,649 bp)
contig_1504 (5,195 bp)
contig_1505 (7,821 bp)
contig_1506 (7,356 bp)
contig_1507 (10,849 bp)
contig_1508 (12,848 bp)
contig_1509 (2,689 bp)
contig_151 (28,754 bp)
contig_1510 (7,364 bp)
contig_1511 (15,440 bp)
contig_1512 (19,953 bp)
contig_1513 (31,511 bp)
contig_1514 (4,269 bp)
contig_1515 (6,406 bp)
contig_1516 (16,095 bp)
contig_1517 (22,919 bp)
contig_1518 (10,478 bp)
contig_152 (46,014 bp)
contig_1521 (80,968 bp)
contig_1522 (15,012 bp)
contig_1523 (15,145 bp)
contig_1524 (8,480 bp)
contig_1525 (12,630 bp)
contig_1526 (23,504 bp)
contig_1527 (12,331 bp)
contig_1528 (2,800 bp)
contig_1529 (6,242 bp)
contig_153 (22,142 bp)
contig_1530 (60,023 bp)
contig_1531 (14,955 bp)
contig_1532 (4,170 bp)
contig_1533 (13,400 bp)
contig_1534 (17,328 bp)
contig_1535 (21,763 bp)
contig_1536 (22,768 bp)
contig_1537 (29,585 bp)
contig_1538 (4,835 bp)
contig_1539 (6,752 bp)
contig_154 (20,634 bp)
contig_1540 (33,580 bp)
contig_1541 (19,470 bp)
contig_1542 (21,806 bp)
contig_1543 (16,258 bp)
contig_1544 (24,556 bp)
contig_1545 (10,098 bp)
contig_1546 (20,861 bp)
contig_1547 (17,897 bp)
contig_1548 (5,895 bp)
contig_1549 (104,772 bp)
contig_155 (35,911 bp)
contig_1550 (14,912 bp)
contig_1551 (13,790 bp)
contig_1552 (5,112 bp)
contig_1553 (30,717 bp)
contig_1554 (29,244 bp)
contig_1555 (9,545 bp)
contig_1556 (13,990 bp)
contig_1557 (115,545 bp)
contig_1558 (22,643 bp)
contig_1559 (110,760 bp)
contig_156 (54,889 bp)
contig_1560 (15,875 bp)
contig_1561 (15,700 bp)
contig_1562 (17,222 bp)
contig_1563 (6,833 bp)
contig_1564 (11,249 bp)
contig_1565 (17,775 bp)
contig_1566 (49,740 bp)
contig_1567 (7,523 bp)
contig_1568 (2,874 bp)
contig_1569 (4,182 bp)
contig_157 (12,361 bp)
contig_1570 (11,885 bp)
contig_1571 (4,459 bp)
contig_1572 (8,932 bp)
contig_1573 (26,729 bp)
contig_1574 (11,665 bp)
contig_1575 (8,288 bp)
contig_1576 (8,063 bp)
contig_1577 (72,686 bp)
contig_1578 (4,989 bp)
contig_1579 (8,653 bp)
contig_158 (86,867 bp)
contig_1580 (8,020 bp)
contig_1581 (122,487 bp)
contig_1582 (16,109 bp)
contig_1583 (34,340 bp)
contig_1584 (81,337 bp)
contig_1585 (9,144 bp)
contig_1586 (4,882 bp)
contig_1587 (4,118 bp)
contig_1588 (44,775 bp)
contig_1589 (8,237 bp)
contig_159 (9,256 bp)
contig_1590 (12,517 bp)
contig_1591 (3,190 bp)
contig_1592 (33,259 bp)
contig_1593 (6,226 bp)
contig_1594 (10,125 bp)
contig_1595 (18,496 bp)
contig_1596 (8,862 bp)
contig_1597 (8,228 bp)
contig_1598 (8,224 bp)
contig_1599 (115,324 bp)
contig_160 (19,059 bp)
contig_1600 (4,331 bp)
contig_1602 (8,778 bp)
contig_1603 (21,826 bp)
contig_1604 (5,882 bp)
contig_1605 (10,807 bp)
contig_1606 (11,051 bp)
contig_1607 (28,281 bp)
contig_1608 (2,832 bp)
contig_1609 (9,180 bp)
contig_161 (149,125 bp)
contig_1610 (17,788 bp)
contig_1611 (53,339 bp)
contig_1612 (4,684 bp)
contig_1613 (4,609 bp)
contig_1614 (22,645 bp)
contig_1615 (4,947 bp)
contig_1616 (47,377 bp)
contig_1617 (8,974 bp)
contig_1618 (28,139 bp)
contig_1619 (3,897 bp)
contig_162 (33,041 bp)
contig_1620 (11,760 bp)
contig_1621 (40,357 bp)
contig_1622 (8,821 bp)
contig_1623 (56,489 bp)
contig_1624 (8,773 bp)
contig_1625 (22,599 bp)
contig_1626 (12,257 bp)
contig_1627 (5,016 bp)
contig_1628 (5,468 bp)
contig_1629 (57,344 bp)
contig_163 (25,884 bp)
contig_1630 (4,716 bp)
contig_1631 (6,251 bp)
contig_1632 (7,287 bp)
contig_1633 (118,845 bp)
contig_1634 (26,021 bp)
contig_1635 (3,945 bp)
contig_1636 (48,345 bp)
contig_1637 (12,543 bp)
contig_1638 (9,821 bp)
contig_1639 (19,760 bp)
contig_164 (29,010 bp)
contig_1640 (42,778 bp)
contig_1641 (8,552 bp)
contig_1642 (10,060 bp)
contig_1643 (8,210 bp)
contig_1644 (4,439 bp)
contig_1645 (5,492 bp)
contig_1646 (5,972 bp)
contig_1647 (3,495 bp)
contig_1648 (16,351 bp)
contig_1649 (31,226 bp)
contig_165 (80,201 bp)
contig_1650 (10,002 bp)
contig_1651 (18,136 bp)
contig_1652 (12,893 bp)
contig_1653 (15,012 bp)
contig_1654 (7,175 bp)
contig_1655 (5,508 bp)
contig_1656 (6,715 bp)
contig_1657 (8,085 bp)
contig_1658 (19,937 bp)
contig_1659 (9,322 bp)
contig_166 (48,566 bp)
contig_1660 (102,233 bp)
contig_1661 (13,480 bp)
contig_1662 (61,175 bp)
contig_1663 (13,001 bp)
contig_1664 (17,514 bp)
contig_1665 (5,961 bp)
contig_1666 (8,179 bp)
contig_1667 (13,585 bp)
contig_1668 (17,870 bp)
contig_1669 (14,797 bp)
contig_167 (20,745 bp)
contig_1670 (9,685 bp)
contig_1671 (19,323 bp)
contig_1672 (9,259 bp)
contig_1673 (9,251 bp)
contig_1674 (20,095 bp)
contig_1675 (16,080 bp)
contig_1676 (12,987 bp)
contig_1677 (6,245 bp)
contig_1678 (4,802 bp)
contig_1679 (31,218 bp)
contig_168 (29,518 bp)
contig_1680 (40,679 bp)
contig_1681 (14,635 bp)
contig_1682 (231,620 bp)
contig_1683 (4,619 bp)
contig_1684 (5,993 bp)
contig_1685 (64,826 bp)
contig_1686 (9,547 bp)
contig_1687 (5,759 bp)
contig_1688 (5,943 bp)
contig_1689 (31,104 bp)
contig_169 (28,553 bp)
contig_1690 (10,982 bp)
contig_1691 (78,781 bp)
contig_1693 (59,870 bp)
contig_1694 (83,573 bp)
contig_1695 (52,697 bp)
contig_1696 (172,607 bp)
contig_1697 (6,153 bp)
contig_1698 (7,291 bp)
contig_1699 (9,236 bp)
contig_170 (15,947 bp)
contig_1700 (66,329 bp)
contig_1701 (5,823 bp)
contig_1702 (18,388 bp)
contig_1703 (3,364 bp)
contig_1704 (38,548 bp)
contig_1705 (5,223 bp)
contig_1706 (17,586 bp)
contig_1707 (49,059 bp)
contig_1708 (6,942 bp)
contig_1709 (11,254 bp)
contig_171 (8,506 bp)
contig_1710 (4,888 bp)
contig_1711 (8,595 bp)
contig_1712 (5,977 bp)
contig_1713 (111,936 bp)
contig_1714 (15,196 bp)
contig_1715 (8,370 bp)
contig_1716 (6,081 bp)
contig_1717 (9,276 bp)
contig_1718 (21,086 bp)
contig_1719 (12,033 bp)
contig_172 (37,258 bp)
contig_1720 (10,246 bp)
contig_1721 (7,782 bp)
contig_1722 (5,511 bp)
contig_1723 (12,366 bp)
contig_1724 (9,647 bp)
contig_1725 (6,707 bp)
contig_1726 (15,866 bp)
contig_1727 (26,555 bp)
contig_1728 (8,772 bp)
contig_1729 (15,407 bp)
contig_173 (69,595 bp)
contig_1730 (38,745 bp)
contig_1731 (2,763 bp)
contig_1732 (17,318 bp)
contig_1733 (10,409 bp)
contig_1734 (5,475 bp)
contig_1735 (9,471 bp)
contig_1736 (10,530 bp)
contig_1737 (53,365 bp)
contig_1738 (7,567 bp)
contig_1739 (9,786 bp)
contig_174 (11,184 bp)
contig_1740 (21,050 bp)
contig_1741 (8,242 bp)
contig_1742 (17,634 bp)
contig_1743 (17,563 bp)
contig_1744 (76,215 bp)
contig_1745 (5,690 bp)
contig_1746 (4,492 bp)
contig_1747 (11,283 bp)
contig_1748 (3,031 bp)
contig_1749 (9,248 bp)
contig_175 (6,395 bp)
contig_1750 (5,556 bp)
contig_1751 (4,840 bp)
contig_1752 (3,505 bp)
contig_1753 (6,213 bp)
contig_1754 (9,681 bp)
contig_1755 (2,518 bp)
contig_1756 (6,416 bp)
contig_1757 (21,055 bp)
contig_1758 (2,397 bp)
contig_1759 (8,475 bp)
contig_176 (43,875 bp)
contig_1760 (42,477 bp)
contig_1761 (10,284 bp)
contig_1762 (7,489 bp)
contig_1763 (8,743 bp)
contig_1764 (8,011 bp)
contig_1765 (27,825 bp)
contig_1766 (10,147 bp)
contig_1767 (85,170 bp)
contig_1768 (3,583 bp)
contig_1769 (11,189 bp)
contig_177 (28,082 bp)
contig_1770 (8,055 bp)
contig_1771 (12,787 bp)
contig_1772 (6,397 bp)
contig_1773 (4,047 bp)
contig_1774 (12,057 bp)
contig_1775 (8,585 bp)
contig_1776 (9,332 bp)
contig_1777 (68,820 bp)
contig_1778 (4,283 bp)
contig_1779 (33,191 bp)
contig_178 (9,651 bp)
contig_1780 (7,450 bp)
contig_1781 (68,472 bp)
contig_1782 (15,268 bp)
contig_1783 (28,628 bp)
contig_1784 (4,848 bp)
contig_1785 (13,636 bp)
contig_1786 (13,158 bp)
contig_1787 (12,793 bp)
contig_1788 (2,812 bp)
contig_1789 (9,285 bp)
contig_179 (7,529 bp)
contig_1790 (22,410 bp)
contig_1791 (73,536 bp)
contig_1792 (6,623 bp)
contig_1793 (7,421 bp)
contig_1794 (29,191 bp)
contig_1795 (6,727 bp)
contig_1796 (9,538 bp)
contig_1797 (11,728 bp)
contig_1798 (7,651 bp)
contig_1799 (15,374 bp)
contig_18 (561,518 bp)
contig_180 (59,152 bp)
contig_1800 (8,297 bp)
contig_1801 (6,603 bp)
contig_1802 (15,645 bp)
contig_1803 (11,224 bp)
contig_1804 (6,113 bp)
contig_1805 (104,630 bp)
contig_1806 (3,733 bp)
contig_1807 (32,075 bp)
contig_1808 (16,469 bp)
contig_1809 (6,015 bp)
contig_181 (26,844 bp)
contig_1810 (8,314 bp)
contig_1811 (6,400 bp)
contig_1812 (5,211 bp)
contig_1813 (9,889 bp)
contig_1814 (5,550 bp)
contig_1815 (9,862 bp)
contig_1816 (2,362 bp)
contig_1817 (7,703 bp)
contig_1818 (109,688 bp)
contig_1819 (7,297 bp)
contig_182 (55,173 bp)
contig_1820 (22,645 bp)
contig_1821 (28,529 bp)
contig_1822 (13,251 bp)
contig_1823 (13,185 bp)
contig_1824 (8,741 bp)
contig_1825 (5,331 bp)
contig_1827 (88,094 bp)
contig_1828 (5,764 bp)
contig_1829 (9,970 bp)
contig_183 (51,554 bp)
contig_1830 (4,398 bp)
contig_1831 (38,678 bp)
contig_1832 (29,525 bp)
contig_1833 (7,072 bp)
contig_1834 (20,410 bp)
contig_1835 (5,196 bp)
contig_1836 (3,327 bp)
contig_1837 (16,770 bp)
contig_1838 (13,653 bp)
contig_1839 (6,318 bp)
contig_184 (5,467 bp)
contig_1840 (15,340 bp)
contig_1841 (1,535 bp)
contig_1843 (8,021 bp)
contig_1844 (7,530 bp)
contig_1845 (19,295 bp)
contig_1846 (4,412 bp)
contig_1847 (25,271 bp)
contig_1848 (6,602 bp)
contig_1849 (7,244 bp)
contig_185 (19,826 bp)
contig_1850 (14,329 bp)
contig_1851 (7,461 bp)
contig_1852 (2,686 bp)
contig_1853 (5,941 bp)
contig_1855 (339,988 bp)
contig_1856 (76,020 bp)
contig_1857 (3,968 bp)
contig_1858 (71,989 bp)
contig_1859 (569,930 bp)
contig_186 (10,317 bp)
contig_1860 (6,326 bp)
contig_1861 (7,111 bp)
contig_1862 (8,765 bp)
contig_1863 (16,187 bp)
contig_1864 (25,742 bp)
contig_1865 (20,561 bp)
contig_1866 (15,999 bp)
contig_1867 (4,913 bp)
contig_1868 (3,813 bp)
contig_1869 (11,607 bp)
contig_187 (1,704 bp)
contig_1870 (9,589 bp)
contig_1871 (33,604 bp)
contig_1872 (2,900 bp)
contig_1873 (11,867 bp)
contig_1874 (3,229 bp)
contig_1875 (8,328 bp)
contig_1876 (5,811 bp)
contig_1877 (114,411 bp)
contig_1878 (12,699 bp)
contig_1879 (14,247 bp)
contig_188 (37,373 bp)
contig_1880 (3,911 bp)
contig_1881 (3,358 bp)
contig_1882 (37,879 bp)
contig_1883 (159,260 bp)
contig_1884 (10,531 bp)
contig_1885 (5,707 bp)
contig_1886 (6,495 bp)
contig_1889 (130,237 bp)
contig_189 (4,155 bp)
contig_1890 (8,002 bp)
contig_1891 (50,550 bp)
contig_1892 (2,212 bp)
contig_1893 (13,036 bp)
contig_1894 (6,847 bp)
contig_1895 (18,352 bp)
contig_1896 (7,490 bp)
contig_1897 (7,067 bp)
contig_1898 (3,500 bp)
contig_1899 (9,160 bp)
contig_19 (337,225 bp)
contig_190 (4,090 bp)
contig_1900 (9,992 bp)
contig_1901 (5,848 bp)
contig_1902 (11,183 bp)
contig_1903 (5,801 bp)
contig_1904 (9,925 bp)
contig_1905 (55,059 bp)
contig_1906 (7,173 bp)
contig_1907 (106,782 bp)
contig_1908 (8,669 bp)
contig_1909 (10,032 bp)
contig_191 (20,989 bp)
contig_1910 (8,295 bp)
contig_1911 (12,558 bp)
contig_1912 (7,090 bp)
contig_1913 (12,499 bp)
contig_1914 (8,229 bp)
contig_1915 (8,080 bp)
contig_1916 (12,271 bp)
contig_1917 (22,169 bp)
contig_1918 (11,790 bp)
contig_1919 (5,599 bp)
contig_192 (17,954 bp)
contig_1920 (15,434 bp)
contig_1921 (43,242 bp)
contig_1922 (6,371 bp)
contig_1923 (5,618 bp)
contig_1924 (4,520 bp)
contig_1925 (3,396 bp)
contig_1926 (15,230 bp)
contig_1927 (27,746 bp)
contig_1928 (9,430 bp)
contig_1929 (10,089 bp)
contig_193 (9,491 bp)
contig_1930 (15,716 bp)
contig_1932 (1,889 bp)
contig_1933 (31,130 bp)
contig_1934 (16,056 bp)
contig_1935 (6,256 bp)
contig_1936 (2,700 bp)
contig_1937 (7,001 bp)
contig_1938 (29,724 bp)
contig_1939 (6,247 bp)
contig_194 (10,589 bp)
contig_1940 (38,569 bp)
contig_1941 (5,347 bp)
contig_1942 (8,610 bp)
contig_1943 (30,628 bp)
contig_1944 (2,972 bp)
contig_1945 (49,255 bp)
contig_1946 (6,727 bp)
contig_1947 (3,676 bp)
contig_1948 (50,134 bp)
contig_195 (48,173 bp)
contig_1950 (2,535 bp)
contig_1951 (14,153 bp)
contig_1952 (21,291 bp)
contig_1953 (99,748 bp)
contig_1954 (12,836 bp)
contig_1955 (57,570 bp)
contig_1956 (102,005 bp)
contig_1957 (17,752 bp)
contig_1958 (8,678 bp)
contig_1959 (11,837 bp)
contig_196 (119,896 bp)
contig_1960 (9,326 bp)
contig_1961 (5,131 bp)
contig_1962 (4,522 bp)
contig_1963 (12,630 bp)
contig_1964 (2,999 bp)
contig_1965 (33,419 bp)
contig_1966 (4,656 bp)
contig_1967 (10,197 bp)
contig_1968 (20,403 bp)
contig_1969 (135,980 bp)
contig_1970 (6,780 bp)
contig_1971 (62,276 bp)
contig_1972 (2,517 bp)
contig_1973 (9,264 bp)
contig_1974 (3,862 bp)
contig_1977 (5,806 bp)
contig_1978 (7,379 bp)
contig_1979 (6,163 bp)
contig_198 (30,962 bp)
contig_1980 (72,288 bp)
contig_1981 (19,977 bp)
contig_1982 (37,342 bp)
contig_1983 (4,937 bp)
contig_1984 (23,975 bp)
contig_1985 (6,435 bp)
contig_1986 (50,358 bp)
contig_1987 (10,568 bp)
contig_1988 (8,110 bp)
contig_1989 (3,582 bp)
contig_199 (68,222 bp)
contig_1990 (27,259 bp)
contig_1991 (23,509 bp)
contig_1992 (3,824 bp)
contig_1993 (2,991 bp)
contig_1994 (36,963 bp)
contig_1995 (18,232 bp)
contig_1996 (5,139 bp)
contig_1997 (28,006 bp)
contig_1998 (43,832 bp)
contig_1999 (10,214 bp)
contig_2 (745,889 bp)
contig_20 (482,215 bp)
contig_200 (40,643 bp)
contig_2000 (2,700 bp)
contig_2001 (3,617 bp)
contig_2002 (9,634 bp)
contig_2003 (5,640 bp)
contig_2004 (4,957 bp)
contig_2005 (7,214 bp)
contig_2006 (76,991 bp)
contig_2007 (6,714 bp)
contig_2009 (88,823 bp)
contig_201 (36,845 bp)
contig_2010 (4,946 bp)
contig_2011 (8,003 bp)
contig_2012 (4,427 bp)
contig_2013 (6,739 bp)
contig_2014 (672,372 bp)
contig_2015 (16,404 bp)
contig_2016 (8,993 bp)
contig_2017 (7,992 bp)
contig_2018 (57,989 bp)
contig_2019 (8,955 bp)
contig_202 (191,434 bp)
contig_2020 (8,444 bp)
contig_2021 (11,418 bp)
contig_2022 (72,190 bp)
contig_2023 (7,459 bp)
contig_2024 (24,188 bp)
contig_2025 (4,134 bp)
contig_2026 (5,567 bp)
contig_2027 (53,349 bp)
contig_2028 (3,298 bp)
contig_2029 (4,949 bp)
contig_203 (55,686 bp)
contig_2030 (3,156 bp)
contig_2031 (42,888 bp)
contig_2032 (7,496 bp)
contig_2033 (10,492 bp)
contig_2034 (28,604 bp)
contig_2035 (21,658 bp)
contig_2036 (5,220 bp)
contig_2037 (27,591 bp)
contig_2038 (4,827 bp)
contig_2039 (12,085 bp)
contig_204 (207,423 bp)
contig_2040 (56,684 bp)
contig_2041 (13,068 bp)
contig_2042 (44,864 bp)
contig_2043 (12,878 bp)
contig_2044 (18,283 bp)
contig_2045 (72,499 bp)
contig_2046 (26,872 bp)
contig_2047 (9,527 bp)
contig_2048 (38,828 bp)
contig_2049 (15,015 bp)
contig_205 (11,110 bp)
contig_2050 (38,595 bp)
contig_2051 (13,213 bp)
contig_2052 (39,311 bp)
contig_2053 (32,061 bp)
contig_2054 (1,660,695 bp)
contig_2055 (32,926 bp)
contig_2056 (37,108 bp)
contig_2057 (46,443 bp)
contig_2058 (11,786 bp)
contig_2059 (79,018 bp)
contig_206 (19,430 bp)
contig_2060 (20,561 bp)
contig_2061 (267,037 bp)
contig_2062 (48,635 bp)
contig_2063 (30,207 bp)
contig_2064 (14,281 bp)
contig_2065 (11,544 bp)
contig_2066 (19,598 bp)
contig_2067 (24,357 bp)
contig_2068 (86,855 bp)
contig_2069 (52,573 bp)
contig_207 (9,731 bp)
contig_2070 (55,116 bp)
contig_2071 (98,255 bp)
contig_2072 (37,024 bp)
contig_2073 (7,037 bp)
contig_2075 (5,961 bp)
contig_2076 (7,918 bp)
contig_2078 (495,097 bp)
contig_2079 (31,387 bp)
contig_208 (21,213 bp)
contig_2080 (84,562 bp)
contig_2081 (27,986 bp)
contig_2082 (60,669 bp)
contig_2083 (22,764 bp)
contig_2084 (31,269 bp)
contig_2085 (17,729 bp)
contig_2086 (14,930 bp)
contig_2087 (124,127 bp)
contig_2088 (17,337 bp)
contig_2089 (19,657 bp)
contig_209 (7,999 bp)
contig_2090 (20,525 bp)
contig_2091 (85,581 bp)
contig_2092 (83,100 bp)
contig_2095 (76,398 bp)
contig_2096 (40,542 bp)
contig_2097 (37,606 bp)
contig_2098 (83,730 bp)
contig_2099 (10,714 bp)
contig_21 (320,974 bp)
contig_210 (481,243 bp)
contig_2100 (114,191 bp)
contig_2101 (58,093 bp)
contig_2102 (23,985 bp)
contig_2103 (11,466 bp)
contig_2104 (21,076 bp)
contig_2105 (75,062 bp)
contig_2106 (9,809 bp)
contig_2107 (66,199 bp)
contig_2108 (10,609 bp)
contig_2109 (45,289 bp)
contig_211 (292,186 bp)
contig_2110 (62,090 bp)
contig_2111 (6,937 bp)
contig_2112 (24,005 bp)
contig_2113 (93,290 bp)
contig_2114 (6,017 bp)
contig_2115 (6,400 bp)
contig_2117 (32,580 bp)
contig_2118 (10,571 bp)
contig_2119 (16,884 bp)
contig_212 (10,336 bp)
contig_2120 (57,550 bp)
contig_2121 (36,010 bp)
contig_2122 (136,022 bp)
contig_2123 (19,351 bp)
contig_2124 (8,121 bp)
contig_2125 (39,294 bp)
contig_2126 (49,083 bp)
contig_2127 (226,213 bp)
contig_2128 (13,178 bp)
contig_2129 (16,182 bp)
contig_213 (15,077 bp)
contig_2130 (16,100 bp)
contig_2131 (25,808 bp)
contig_2132 (26,618 bp)
contig_2133 (46,647 bp)
contig_2134 (117,521 bp)
contig_2135 (15,784 bp)
contig_2136 (47,722 bp)
contig_2137 (29,003 bp)
contig_2138 (20,941 bp)
contig_2139 (136,970 bp)
contig_214 (19,380 bp)
contig_2140 (6,240 bp)
contig_2141 (73,487 bp)
contig_2142 (35,400 bp)
contig_2143 (12,627 bp)
contig_2144 (16,791 bp)
contig_2145 (59,580 bp)
contig_2146 (50,890 bp)
contig_2147 (66,905 bp)
contig_2148 (83,607 bp)
contig_2149 (37,470 bp)
contig_215 (4,105 bp)
contig_2150 (32,085 bp)
contig_2151 (31,192 bp)
contig_2152 (11,491 bp)
contig_2153 (1,394,050 bp)
contig_2154 (45,800 bp)
contig_2155 (18,416 bp)
contig_2156 (32,284 bp)
contig_2157 (74,925 bp)
contig_2158 (31,085 bp)
contig_2159 (4,477 bp)
contig_216 (10,037 bp)
contig_2160 (12,878 bp)
contig_2161 (26,826 bp)
contig_2162 (66,590 bp)
contig_2163 (32,168 bp)
contig_2164 (38,150 bp)
contig_2165 (69,656 bp)
contig_2166 (37,598 bp)
contig_2167 (60,255 bp)
contig_2168 (86,994 bp)
contig_2169 (31,162 bp)
contig_217 (17,608 bp)
contig_2170 (38,410 bp)
contig_2171 (89,789 bp)
contig_2172 (32,798 bp)
contig_2173 (27,054 bp)
contig_2174 (41,703 bp)
contig_2176 (8,482 bp)
contig_2177 (14,497 bp)
contig_2178 (36,331 bp)
contig_2179 (26,926 bp)
contig_218 (22,187 bp)
contig_2180 (29,591 bp)
contig_2181 (17,696 bp)
contig_2182 (32,762 bp)
contig_2183 (27,933 bp)
contig_2184 (29,465 bp)
contig_2185 (98,601 bp)
contig_2186 (39,364 bp)
contig_2187 (27,137 bp)
contig_2188 (15,514 bp)
contig_2189 (68,357 bp)
contig_219 (10,777 bp)
contig_2190 (98,827 bp)
contig_2191 (86,882 bp)
contig_2192 (6,272 bp)
contig_2193 (19,825 bp)
contig_2194 (72,850 bp)
contig_2195 (28,315 bp)
contig_2196 (56,395 bp)
contig_2197 (32,641 bp)
contig_2198 (26,055 bp)
contig_2199 (59,702 bp)
contig_22 (492,417 bp)
contig_220 (8,850 bp)
contig_2200 (79,744 bp)
contig_2201 (12,818 bp)
contig_2202 (21,345 bp)
contig_2203 (18,537 bp)
contig_2204 (38,607 bp)
contig_2205 (83,379 bp)
contig_2208 (29,693 bp)
contig_2209 (9,805 bp)
contig_2210 (41,826 bp)
contig_2211 (38,529 bp)
contig_2212 (97,011 bp)
contig_2213 (23,280 bp)
contig_2214 (28,255 bp)
contig_2215 (7,410 bp)
contig_2216 (11,212 bp)
contig_2217 (13,528 bp)
contig_2218 (53,315 bp)
contig_2219 (12,107 bp)
contig_222 (131,233 bp)
contig_2220 (10,315 bp)
contig_2221 (32,900 bp)
contig_2222 (42,548 bp)
contig_2223 (6,371 bp)
contig_2224 (41,385 bp)
contig_2225 (27,311 bp)
contig_2226 (82,978 bp)
contig_2227 (60,749 bp)
contig_2228 (38,906 bp)
contig_2229 (17,558 bp)
contig_223 (44,093 bp)
contig_2230 (18,040 bp)
contig_2231 (53,582 bp)
contig_2232 (26,772 bp)
contig_2233 (12,799 bp)
contig_2234 (29,824 bp)
contig_2235 (9,270 bp)
contig_2236 (7,203 bp)
contig_2237 (65,828 bp)
contig_2238 (38,709 bp)
contig_2239 (16,161 bp)
contig_224 (317,660 bp)
contig_2240 (35,252 bp)
contig_2241 (68,179 bp)
contig_2242 (39,938 bp)
contig_2243 (19,912 bp)
contig_2244 (17,163 bp)
contig_2245 (66,703 bp)
contig_2246 (5,772 bp)
contig_2247 (22,815 bp)
contig_2248 (22,122 bp)
contig_2249 (34,891 bp)
contig_225 (289,108 bp)
contig_2250 (40,263 bp)
contig_2251 (8,383 bp)
contig_2252 (25,580 bp)
contig_2253 (55,268 bp)
contig_2254 (19,768 bp)
contig_2255 (43,271 bp)
contig_2256 (15,552 bp)
contig_2257 (62,897 bp)
contig_2258 (6,321 bp)
contig_2259 (55,743 bp)
contig_226 (429,082 bp)
contig_2260 (33,003 bp)
contig_2261 (4,695 bp)
contig_2262 (37,273 bp)
contig_2263 (57,969 bp)
contig_2264 (85,007 bp)
contig_2265 (42,422 bp)
contig_2266 (40,280 bp)
contig_2267 (55,856 bp)
contig_2268 (57,952 bp)
contig_2269 (6,160 bp)
contig_227 (557,264 bp)
contig_2270 (22,282 bp)
contig_2271 (8,698 bp)
contig_2272 (40,817 bp)
contig_2273 (20,038 bp)
contig_2274 (14,638 bp)
contig_2275 (9,473 bp)
contig_2276 (10,413 bp)
contig_2277 (18,417 bp)
contig_2278 (28,321 bp)
contig_2279 (22,047 bp)
contig_228 (7,196 bp)
contig_2280 (53,348 bp)
contig_2281 (21,476 bp)
contig_2282 (20,770 bp)
contig_2283 (9,638 bp)
contig_2285 (7,495 bp)
contig_2287 (10,257 bp)
contig_2288 (10,655 bp)
contig_229 (64,604 bp)
contig_2290 (6,796 bp)
contig_2291 (25,077 bp)
contig_2292 (33,819 bp)
contig_2293 (44,278 bp)
contig_2294 (31,828 bp)
contig_2295 (7,369 bp)
contig_2296 (26,023 bp)
contig_2297 (47,487 bp)
contig_2298 (19,749 bp)
contig_2299 (20,854 bp)
contig_23 (441,240 bp)
contig_230 (6,227 bp)
contig_2300 (131,142 bp)
contig_2301 (20,894 bp)
contig_2302 (46,357 bp)
contig_2303 (10,107 bp)
contig_2304 (6,770 bp)
contig_2305 (72,658 bp)
contig_2306 (49,698 bp)
contig_2307 (12,220 bp)
contig_2308 (9,421 bp)
contig_2309 (13,291 bp)
contig_231 (50,625 bp)
contig_2310 (14,834 bp)
contig_2311 (85,570 bp)
contig_2312 (12,304 bp)
contig_2313 (51,902 bp)
contig_2314 (40,034 bp)
contig_2315 (19,671 bp)
contig_2316 (7,811 bp)
contig_2317 (10,537 bp)
contig_2318 (49,588 bp)
contig_2319 (48,303 bp)
contig_232 (14,034 bp)
contig_2320 (34,011 bp)
contig_2321 (86,527 bp)
contig_2322 (31,343 bp)
contig_2323 (24,670 bp)
contig_2324 (11,637 bp)
contig_2325 (25,960 bp)
contig_2326 (76,662 bp)
contig_2327 (10,195 bp)
contig_2328 (70,819 bp)
contig_2329 (29,881 bp)
contig_233 (11,187 bp)
contig_2330 (5,177 bp)
contig_2331 (20,905 bp)
contig_2332 (11,342 bp)
contig_2333 (21,953 bp)
contig_2334 (63,255 bp)
contig_2335 (14,966 bp)
contig_2336 (51,237 bp)
contig_2337 (40,255 bp)
contig_2338 (17,127 bp)
contig_2339 (72,941 bp)
contig_234 (18,711 bp)
contig_2340 (13,937 bp)
contig_2341 (53,806 bp)
contig_2342 (17,002 bp)
contig_2343 (10,931 bp)
contig_2344 (22,407 bp)
contig_2345 (5,109 bp)
contig_2346 (49,488 bp)
contig_2347 (10,513 bp)
contig_2348 (51,650 bp)
contig_2349 (24,070 bp)
contig_235 (31,901 bp)
contig_2350 (8,346 bp)
contig_2351 (26,984 bp)
contig_2352 (9,616 bp)
contig_2353 (31,622 bp)
contig_2354 (33,832 bp)
contig_2355 (252,552 bp)
contig_2356 (75,705 bp)
contig_2357 (30,262 bp)
contig_2358 (14,901 bp)
contig_2359 (6,192 bp)
contig_236 (7,709 bp)
contig_2360 (30,815 bp)
contig_2361 (44,071 bp)
contig_2362 (15,937 bp)
contig_2363 (11,943 bp)
contig_2364 (48,271 bp)
contig_2365 (16,728 bp)
contig_2366 (22,791 bp)
contig_2367 (47,362 bp)
contig_2368 (21,267 bp)
contig_2369 (28,559 bp)
contig_237 (1,426,974 bp)
contig_2370 (30,560 bp)
contig_2371 (14,493 bp)
contig_2372 (32,590 bp)
contig_2373 (13,781 bp)
contig_2374 (66,748 bp)
contig_2375 (18,409 bp)
contig_2376 (10,742 bp)
contig_2377 (39,652 bp)
contig_2378 (16,310 bp)
contig_2379 (26,595 bp)
contig_238 (8,709 bp)
contig_2380 (20,161 bp)
contig_2381 (15,831 bp)
contig_2382 (4,311 bp)
contig_2383 (14,781 bp)
contig_2384 (27,247 bp)
contig_2385 (18,761 bp)
contig_2386 (52,509 bp)
contig_2387 (52,866 bp)
contig_2388 (29,318 bp)
contig_2389 (23,359 bp)
contig_239 (38,969 bp)
contig_2390 (2,902 bp)
contig_2391 (45,113 bp)
contig_2392 (95,765 bp)
contig_2393 (26,779 bp)
contig_2394 (8,441 bp)
contig_2395 (20,125 bp)
contig_2396 (11,850 bp)
contig_2397 (27,729 bp)
contig_2398 (22,939 bp)
contig_2399 (9,641 bp)
contig_24 (1,670,101 bp)
contig_240 (93,963 bp)
contig_2400 (5,102 bp)
contig_2401 (82,481 bp)
contig_2402 (21,484 bp)
contig_2403 (34,991 bp)
contig_2404 (16,746 bp)
contig_2405 (11,478 bp)
contig_2406 (18,179 bp)
contig_2407 (30,264 bp)
contig_2408 (45,076 bp)
contig_2409 (31,762 bp)
contig_241 (21,838 bp)
contig_2410 (14,670 bp)
contig_2411 (7,604 bp)
contig_2412 (21,719 bp)
contig_2413 (19,862 bp)
contig_2414 (35,541 bp)
contig_2415 (20,969 bp)
contig_2416 (15,865 bp)
contig_2417 (39,085 bp)
contig_2418 (40,416 bp)
contig_2419 (81,909 bp)
contig_242 (33,727 bp)
contig_2420 (43,441 bp)
contig_2421 (3,995 bp)
contig_2422 (23,940 bp)
contig_2423 (50,879 bp)
contig_2424 (37,575 bp)
contig_2425 (9,064 bp)
contig_2426 (21,108 bp)
contig_2427 (22,587 bp)
contig_2428 (35,926 bp)
contig_2429 (6,860 bp)
contig_243 (16,846 bp)
contig_2430 (97,471 bp)
contig_2431 (18,896 bp)
contig_2432 (22,847 bp)
contig_2433 (11,433 bp)
contig_2435 (148,777 bp)
contig_2436 (6,687 bp)
contig_2437 (12,838 bp)
contig_2438 (148,930 bp)
contig_2439 (84,438 bp)
contig_244 (43,627 bp)
contig_2440 (4,897 bp)
contig_2441 (9,722 bp)
contig_2442 (576,538 bp)
contig_2443 (18,852 bp)
contig_2444 (34,488 bp)
contig_2445 (52,811 bp)
contig_2446 (8,650 bp)
contig_2447 (23,554 bp)
contig_2448 (11,936 bp)
contig_2449 (8,181 bp)
contig_2450 (18,296 bp)
contig_2451 (15,255 bp)
contig_2452 (14,351 bp)
contig_2453 (64,524 bp)
contig_2454 (14,408 bp)
contig_2455 (23,056 bp)
contig_2456 (20,984 bp)
contig_2457 (26,683 bp)
contig_2459 (7,104 bp)
contig_246 (32,541 bp)
contig_2460 (7,609 bp)
contig_2461 (98,690 bp)
contig_2462 (78,460 bp)
contig_2463 (25,730 bp)
contig_2464 (27,144 bp)
contig_2465 (42,867 bp)
contig_2466 (25,002 bp)
contig_2467 (74,297 bp)
contig_2468 (13,244 bp)
contig_247 (24,049 bp)
contig_2470 (85,651 bp)
contig_2471 (35,452 bp)
contig_2472 (39,153 bp)
contig_2473 (97,779 bp)
contig_2474 (36,982 bp)
contig_2476 (16,625 bp)
contig_2477 (42,831 bp)
contig_2478 (44,374 bp)
contig_2479 (12,323 bp)
contig_248 (924,316 bp)
contig_2480 (59,420 bp)
contig_2481 (20,996 bp)
contig_2482 (41,913 bp)
contig_2483 (95,398 bp)
contig_2484 (339,133 bp)
contig_2485 (56,383 bp)
contig_2486 (18,619 bp)
contig_2487 (7,249 bp)
contig_2488 (15,488 bp)
contig_2489 (2,609 bp)
contig_249 (56,906 bp)
contig_2490 (33,404 bp)
contig_2492 (33,785 bp)
contig_2493 (11,380 bp)
contig_2494 (5,290 bp)
contig_2495 (46,392 bp)
contig_2496 (24,651 bp)
contig_2497 (16,948 bp)
contig_2498 (1,923,922 bp)
contig_2499 (17,587 bp)
contig_25 (223,041 bp)
contig_250 (32,342 bp)
contig_2500 (14,994 bp)
contig_2501 (13,103 bp)
contig_2502 (9,213 bp)
contig_2503 (10,023 bp)
contig_2504 (60,913 bp)
contig_2505 (25,226 bp)
contig_2506 (127,609 bp)
contig_2507 (4,632,881 bp)
contig_2508 (14,180 bp)
contig_2509 (369,247 bp)
contig_251 (56,322 bp)
contig_2510 (12,500 bp)
contig_2511 (8,867 bp)
contig_2512 (16,675 bp)
contig_2513 (16,489 bp)
contig_2514 (40,256 bp)
contig_2515 (20,378 bp)
contig_2516 (4,015 bp)
contig_2517 (8,249 bp)
contig_2518 (24,645 bp)
contig_2519 (8,206 bp)
contig_252 (26,638 bp)
contig_2520 (58,379 bp)
contig_253 (171,744 bp)
contig_254 (37,895 bp)
contig_255 (14,150 bp)
contig_256 (5,727 bp)
contig_257 (13,065 bp)
contig_258 (12,563 bp)
contig_259 (12,537 bp)
contig_26 (6,840 bp)
contig_260 (1,531,634 bp)
contig_261 (21,324 bp)
contig_262 (39,198 bp)
contig_263 (14,419 bp)
contig_264 (55,396 bp)
contig_265 (21,739 bp)
contig_266 (11,338 bp)
contig_267 (18,855 bp)
contig_268 (6,489 bp)
contig_269 (14,423 bp)
contig_27 (12,332 bp)
contig_270 (64,715 bp)
contig_275 (32,994 bp)
contig_276 (302,113 bp)
contig_277 (55,487 bp)
contig_278 (2,782 bp)
contig_279 (67,148 bp)
contig_28 (25,589 bp)
contig_280 (46,254 bp)
contig_281 (63,389 bp)
contig_282 (43,527 bp)
contig_283 (13,230 bp)
contig_284 (546,999 bp)
contig_285 (14,190 bp)
contig_286 (17,616 bp)
contig_287 (43,561 bp)
contig_288 (3,587 bp)
contig_289 (22,423 bp)
contig_29 (72,999 bp)
contig_290 (26,604 bp)
contig_291 (21,120 bp)
contig_292 (30,104 bp)
contig_293 (8,034 bp)
contig_294 (36,140 bp)
contig_295 (52,552 bp)
contig_296 (24,339 bp)
contig_297 (12,341 bp)
contig_298 (9,718 bp)
contig_299 (57,182 bp)
contig_3 (7,508 bp)
contig_30 (15,419 bp)
contig_300 (9,707 bp)
contig_301 (57,699 bp)
contig_302 (12,056 bp)
contig_303 (35,685 bp)
contig_304 (407,398 bp)
contig_305 (47,685 bp)
contig_306 (35,387 bp)
contig_307 (9,825 bp)
contig_308 (29,998 bp)
contig_309 (16,511 bp)
contig_31 (18,587 bp)
contig_310 (842,750 bp)
contig_311 (14,413 bp)
contig_312 (54,876 bp)
contig_313 (38,019 bp)
contig_314 (30,146 bp)
contig_315 (33,982 bp)
contig_317 (56,151 bp)
contig_318 (25,477 bp)
contig_319 (59,611 bp)
contig_32 (95,350 bp)
contig_320 (6,374 bp)
contig_321 (19,596 bp)
contig_322 (44,945 bp)
contig_323 (36,471 bp)
contig_324 (8,357 bp)
contig_325 (55,265 bp)
contig_326 (5,743 bp)
contig_327 (28,117 bp)
contig_328 (19,468 bp)
contig_329 (39,977 bp)
contig_33 (13,221 bp)
contig_330 (37,571 bp)
contig_331 (28,216 bp)
contig_332 (125,411 bp)
contig_333 (17,777 bp)
contig_336 (32,454 bp)
contig_337 (38,621 bp)
contig_338 (44,381 bp)
contig_339 (30,567 bp)
contig_34 (171,813 bp)
contig_340 (16,290 bp)
contig_341 (11,904 bp)
contig_342 (43,450 bp)
contig_343 (39,973 bp)
contig_344 (5,079 bp)
contig_345 (22,219 bp)
contig_346 (19,172 bp)
contig_347 (28,337 bp)
contig_348 (23,197 bp)
contig_349 (10,927 bp)
contig_35 (27,422 bp)
contig_350 (7,734 bp)
contig_351 (22,134 bp)
contig_352 (52,332 bp)
contig_353 (40,666 bp)
contig_355 (3,257 bp)
contig_356 (57,044 bp)
contig_357 (68,690 bp)
contig_358 (86,198 bp)
contig_359 (36,345 bp)
contig_36 (67,759 bp)
contig_360 (8,348 bp)
contig_361 (27,874 bp)
contig_362 (15,867 bp)
contig_363 (45,723 bp)
contig_364 (6,431 bp)
contig_365 (70,272 bp)
contig_366 (18,670 bp)
contig_367 (45,278 bp)
contig_368 (11,076 bp)
contig_369 (42,394 bp)
contig_37 (32,670 bp)
contig_370 (315,420 bp)
contig_371 (60,873 bp)
contig_372 (35,105 bp)
contig_373 (9,776 bp)
contig_374 (12,067 bp)
contig_375 (13,266 bp)
contig_376 (9,824 bp)
contig_377 (18,720 bp)
contig_378 (30,675 bp)
contig_379 (13,333 bp)
contig_380 (9,412 bp)
contig_381 (37,854 bp)
contig_382 (112,088 bp)
contig_383 (21,383 bp)
contig_384 (41,420 bp)
contig_385 (14,433 bp)
contig_388 (17,130 bp)
contig_389 (35,197 bp)
contig_39 (40,703 bp)
contig_390 (9,669 bp)
contig_391 (3,539 bp)
contig_392 (22,532 bp)
contig_393 (11,915 bp)
contig_394 (6,766 bp)
contig_395 (15,916 bp)
contig_396 (49,603 bp)
contig_397 (50,440 bp)
contig_398 (9,078 bp)
contig_399 (19,501 bp)
contig_4 (42,223 bp)
contig_40 (26,121 bp)
contig_400 (37,437 bp)
contig_401 (19,991 bp)
contig_402 (28,024 bp)
contig_403 (25,574 bp)
contig_404 (20,445 bp)
contig_405 (23,632 bp)
contig_406 (219,036 bp)
contig_407 (74,834 bp)
contig_408 (66,460 bp)
contig_409 (18,573 bp)
contig_41 (56,524 bp)
contig_410 (13,929 bp)
contig_411 (46,620 bp)
contig_412 (33,578 bp)
contig_413 (30,750 bp)
contig_414 (11,502 bp)
contig_415 (16,889 bp)
contig_416 (32,857 bp)
contig_417 (32,796 bp)
contig_418 (157,770 bp)
contig_419 (15,035 bp)
contig_42 (53,510 bp)
contig_420 (31,651 bp)
contig_421 (1,238,711 bp)
contig_422 (19,127 bp)
contig_423 (12,481 bp)
contig_424 (24,336 bp)
contig_425 (9,222 bp)
contig_426 (36,272 bp)
contig_427 (13,479 bp)
contig_428 (11,894 bp)
contig_429 (48,668 bp)
contig_43 (2,199 bp)
contig_430 (11,936 bp)
contig_431 (28,364 bp)
contig_432 (15,939 bp)
contig_433 (27,229 bp)
contig_434 (28,816 bp)
contig_435 (11,924 bp)
contig_436 (11,557 bp)
contig_437 (61,474 bp)
contig_438 (13,918 bp)
contig_439 (2,993 bp)
contig_44 (59,216 bp)
contig_440 (29,267 bp)
contig_441 (27,499 bp)
contig_442 (17,856 bp)
contig_443 (82,056 bp)
contig_444 (35,256 bp)
contig_445 (4,888 bp)
contig_446 (32,211 bp)
contig_447 (13,973 bp)
contig_448 (11,457 bp)
contig_449 (51,458 bp)
contig_45 (18,426 bp)
contig_450 (31,943 bp)
contig_451 (17,202 bp)
contig_452 (27,346 bp)
contig_453 (31,309 bp)
contig_454 (29,215 bp)
contig_455 (55,252 bp)
contig_456 (13,542 bp)
contig_457 (13,829 bp)
contig_458 (21,639 bp)
contig_459 (5,163 bp)
contig_46 (99,252 bp)
contig_461 (52,803 bp)
contig_462 (26,548 bp)
contig_463 (36,632 bp)
contig_464 (27,207 bp)
contig_465 (21,421 bp)
contig_467 (253,872 bp)
contig_469 (36,357 bp)
contig_47 (18,927 bp)
contig_470 (17,206 bp)
contig_471 (23,187 bp)
contig_472 (22,362 bp)
contig_473 (39,554 bp)
contig_474 (36,469 bp)
contig_475 (51,723 bp)
contig_476 (24,485 bp)
contig_477 (14,986 bp)
contig_478 (10,980 bp)
contig_479 (189,479 bp)
contig_48 (36,851 bp)
contig_480 (115,333 bp)
contig_481 (143,044 bp)
contig_484 (371,522 bp)
contig_485 (14,699 bp)
contig_486 (893,712 bp)
contig_487 (856,652 bp)
contig_488 (36,196 bp)
contig_489 (18,743 bp)
contig_49 (11,924 bp)
contig_490 (35,216 bp)
contig_491 (73,000 bp)
contig_493 (261,547 bp)
contig_494 (53,209 bp)
contig_495 (41,534 bp)
contig_496 (26,498 bp)
contig_497 (13,188 bp)
contig_498 (19,226 bp)
contig_499 (46,215 bp)
contig_50 (12,902 bp)
contig_500 (17,841 bp)
contig_501 (108,224 bp)
contig_502 (35,064 bp)
contig_503 (28,246 bp)
contig_504 (21,098 bp)
contig_505 (15,491 bp)
contig_506 (10,130 bp)
contig_507 (21,063 bp)
contig_509 (394,372 bp)
contig_51 (17,664 bp)
contig_510 (2,383,397 bp)
contig_511 (17,019 bp)
contig_512 (22,371 bp)
contig_513 (19,777 bp)
contig_514 (9,449 bp)
contig_515 (14,034 bp)
contig_516 (20,267 bp)
contig_517 (11,841 bp)
contig_518 (66,152 bp)
contig_519 (8,114 bp)
contig_52 (12,606 bp)
contig_520 (26,495 bp)
contig_521 (4,830 bp)
contig_522 (26,787 bp)
contig_523 (46,393 bp)
contig_524 (11,618 bp)
contig_525 (249,809 bp)
contig_526 (185,867 bp)
contig_527 (4,883 bp)
contig_528 (53,788 bp)
contig_529 (27,634 bp)
contig_53 (787,681 bp)
contig_530 (16,473 bp)
contig_531 (4,219 bp)
contig_532 (23,965 bp)
contig_533 (9,169 bp)
contig_534 (11,473 bp)
contig_535 (13,970 bp)
contig_536 (12,358 bp)
contig_537 (49,528 bp)
contig_538 (28,206 bp)
contig_539 (4,283 bp)
contig_540 (13,023 bp)
contig_541 (44,756 bp)
contig_542 (11,085 bp)
contig_543 (23,877 bp)
contig_544 (138,825 bp)
contig_545 (78,192 bp)
contig_546 (13,548 bp)
contig_547 (19,639 bp)
contig_548 (26,103 bp)
contig_549 (11,434 bp)
contig_55 (5,887 bp)
contig_550 (24,917 bp)
contig_551 (52,662 bp)
contig_552 (30,887 bp)
contig_553 (23,358 bp)
contig_554 (6,744 bp)
contig_555 (14,110 bp)
contig_556 (37,315 bp)
contig_557 (17,974 bp)
contig_558 (33,087 bp)
contig_559 (18,726 bp)
contig_56 (52,148 bp)
contig_560 (16,883 bp)
contig_561 (28,037 bp)
contig_562 (5,941 bp)
contig_563 (16,370 bp)
contig_564 (19,030 bp)
contig_565 (17,770 bp)
contig_566 (246,370 bp)
contig_567 (23,642 bp)
contig_568 (27,975 bp)
contig_569 (22,866 bp)
contig_570 (65,617 bp)
contig_571 (25,117 bp)
contig_572 (10,045 bp)
contig_573 (7,670 bp)
contig_574 (58,453 bp)
contig_575 (11,783 bp)
contig_576 (40,959 bp)
contig_577 (6,143 bp)
contig_578 (15,204 bp)
contig_579 (56,067 bp)
contig_580 (25,811 bp)
contig_581 (28,855 bp)
contig_582 (16,988 bp)
contig_583 (14,023 bp)
contig_584 (29,172 bp)
contig_585 (14,777 bp)
contig_586 (8,193 bp)
contig_587 (6,374 bp)
contig_588 (9,571 bp)
contig_59 (7,366 bp)
contig_590 (2,222,622 bp)
contig_591 (145,433 bp)
contig_592 (27,254 bp)
contig_593 (11,912 bp)
contig_594 (14,733 bp)
contig_595 (12,497 bp)
contig_596 (13,787 bp)
contig_597 (120,822 bp)
contig_598 (52,487 bp)
contig_599 (21,300 bp)
contig_60 (34,927 bp)
contig_600 (15,436 bp)
contig_601 (26,694 bp)
contig_602 (15,814 bp)
contig_603 (47,260 bp)
contig_604 (53,369 bp)
contig_605 (11,860 bp)
contig_606 (11,255 bp)
contig_607 (81,240 bp)
contig_608 (37,390 bp)
contig_61 (26,096 bp)
contig_610 (11,016 bp)
contig_611 (3,534 bp)
contig_612 (19,934 bp)
contig_613 (21,837 bp)
contig_614 (19,151 bp)
contig_615 (70,327 bp)
contig_616 (5,574 bp)
contig_617 (22,403 bp)
contig_618 (27,188 bp)
contig_619 (101,121 bp)
contig_62 (19,399 bp)
contig_620 (90,694 bp)
contig_621 (29,345 bp)
contig_622 (25,084 bp)
contig_623 (226,151 bp)
contig_624 (68,086 bp)
contig_625 (25,327 bp)
contig_627 (29,768 bp)
contig_628 (9,239 bp)
contig_629 (3,433 bp)
contig_63 (123,152 bp)
contig_631 (3,635 bp)
contig_632 (11,264 bp)
contig_633 (109,979 bp)
contig_634 (9,201 bp)
contig_635 (32,961 bp)
contig_636 (6,236 bp)
contig_637 (40,911 bp)
contig_638 (44,773 bp)
contig_639 (10,179 bp)
contig_64 (11,708 bp)
contig_640 (84,264 bp)
contig_641 (18,646 bp)
contig_642 (20,185 bp)
contig_643 (29,156 bp)
contig_644 (8,346 bp)
contig_645 (3,136 bp)
contig_646 (64,015 bp)
contig_647 (58,007 bp)
contig_648 (15,069 bp)
contig_649 (35,543 bp)
contig_65 (61,051 bp)
contig_651 (45,278 bp)
contig_652 (66,094 bp)
contig_653 (48,619 bp)
contig_654 (9,930 bp)
contig_655 (25,803 bp)
contig_656 (3,955 bp)
contig_657 (3,592 bp)
contig_658 (3,972 bp)
contig_659 (55,429 bp)
contig_66 (27,702 bp)
contig_660 (8,892 bp)
contig_661 (5,257 bp)
contig_662 (6,600 bp)
contig_663 (45,547 bp)
contig_664 (26,221 bp)
contig_665 (74,525 bp)
contig_666 (44,323 bp)
contig_667 (22,655 bp)
contig_668 (35,810 bp)
contig_669 (5,089 bp)
contig_67 (32,779 bp)
contig_670 (26,381 bp)
contig_671 (14,985 bp)
contig_672 (27,361 bp)
contig_673 (2,435,752 bp)
contig_675 (2,757,842 bp)
contig_676 (164,088 bp)
contig_677 (525,122 bp)
contig_678 (1,967,597 bp)
contig_679 (2,150,013 bp)
contig_68 (7,444 bp)
contig_681 (11,612 bp)
contig_682 (12,451 bp)
contig_683 (15,627 bp)
contig_684 (14,014 bp)
contig_685 (17,296 bp)
contig_686 (39,764 bp)
contig_687 (9,487 bp)
contig_688 (12,944 bp)
contig_689 (9,794 bp)
contig_69 (21,923 bp)
contig_690 (7,470 bp)
contig_691 (36,040 bp)
contig_692 (34,696 bp)
contig_693 (11,045 bp)
contig_694 (173,923 bp)
contig_695 (10,289 bp)
contig_696 (11,320 bp)
contig_697 (30,254 bp)
contig_698 (11,015 bp)
contig_699 (63,619 bp)
contig_70 (19,346 bp)
contig_701 (83,440 bp)
contig_702 (31,900 bp)
contig_703 (10,367 bp)
contig_704 (36,521 bp)
contig_705 (25,080 bp)
contig_706 (118,265 bp)
contig_707 (19,921 bp)
contig_708 (12,881 bp)
contig_709 (17,905 bp)
contig_71 (23,417 bp)
contig_710 (37,929 bp)
contig_711 (116,613 bp)
contig_712 (12,744 bp)
contig_713 (7,405 bp)
contig_714 (4,947 bp)
contig_715 (6,967 bp)
contig_716 (16,109 bp)
contig_717 (12,052 bp)
contig_718 (18,843 bp)
contig_719 (47,430 bp)
contig_72 (53,471 bp)
contig_720 (10,073 bp)
contig_721 (18,082 bp)
contig_722 (27,133 bp)
contig_723 (11,710 bp)
contig_724 (13,150 bp)
contig_725 (23,153 bp)
contig_726 (14,371 bp)
contig_727 (54,090 bp)
contig_728 (6,523 bp)
contig_729 (7,157 bp)
contig_73 (25,566 bp)
contig_730 (6,290 bp)
contig_731 (16,584 bp)
contig_732 (9,224 bp)
contig_733 (16,447 bp)
contig_734 (22,760 bp)
contig_735 (38,318 bp)
contig_736 (5,649 bp)
contig_737 (5,627 bp)
contig_738 (11,154 bp)
contig_739 (10,594 bp)
contig_74 (5,418 bp)
contig_740 (10,744 bp)
contig_741 (10,996 bp)
contig_742 (24,409 bp)
contig_743 (3,575 bp)
contig_744 (63,163 bp)
contig_745 (41,360 bp)
contig_746 (5,873 bp)
contig_747 (17,109 bp)
contig_748 (13,737 bp)
contig_749 (108,176 bp)
contig_75 (19,438 bp)
contig_750 (50,376 bp)
contig_751 (10,245 bp)
contig_752 (16,153 bp)
contig_753 (9,357 bp)
contig_754 (8,629 bp)
contig_755 (3,246 bp)
contig_756 (7,580 bp)
contig_757 (14,246 bp)
contig_758 (20,692 bp)
contig_759 (32,525 bp)
contig_76 (53,034 bp)
contig_760 (8,030 bp)
contig_761 (22,815 bp)
contig_762 (10,866 bp)
contig_764 (71,945 bp)
contig_765 (13,582 bp)
contig_766 (6,334 bp)
contig_767 (17,229 bp)
contig_768 (13,324 bp)
contig_769 (5,545 bp)
contig_77 (2,176,957 bp)
contig_770 (16,682 bp)
contig_771 (18,799 bp)
contig_772 (20,696 bp)
contig_773 (39,756 bp)
contig_774 (37,143 bp)
contig_775 (18,735 bp)
contig_776 (10,710 bp)
contig_777 (3,606 bp)
contig_778 (53,998 bp)
contig_779 (26,000 bp)
contig_78 (66,678 bp)
contig_780 (106,797 bp)
contig_781 (11,621 bp)
contig_782 (34,866 bp)
contig_783 (87,819 bp)
contig_784 (10,632 bp)
contig_785 (18,811 bp)
contig_786 (44,885 bp)
contig_787 (73,545 bp)
contig_788 (10,658 bp)
contig_789 (17,095 bp)
contig_79 (49,854 bp)
contig_790 (58,769 bp)
contig_791 (50,121 bp)
contig_792 (62,780 bp)
contig_793 (28,087 bp)
contig_794 (34,642 bp)
contig_795 (7,722 bp)
contig_796 (69,926 bp)
contig_797 (7,182 bp)
contig_798 (20,199 bp)
contig_799 (18,339 bp)
contig_80 (28,045 bp)
contig_800 (17,980 bp)
contig_801 (5,789 bp)
contig_802 (22,980 bp)
contig_803 (9,288 bp)
contig_804 (4,437 bp)
contig_805 (19,168 bp)
contig_806 (10,516 bp)
contig_807 (27,380 bp)
contig_808 (20,542 bp)
contig_809 (19,865 bp)
contig_81 (20,695 bp)
contig_810 (18,270 bp)
contig_811 (11,533 bp)
contig_812 (71,373 bp)
contig_813 (27,323 bp)
contig_814 (22,719 bp)
contig_815 (15,804 bp)
contig_816 (4,139 bp)
contig_817 (59,695 bp)
contig_818 (5,868 bp)
contig_819 (3,794 bp)
contig_82 (29,083 bp)
contig_820 (7,810 bp)
contig_821 (18,768 bp)
contig_822 (24,879 bp)
contig_823 (9,667 bp)
contig_824 (19,782 bp)
contig_825 (33,771 bp)
contig_826 (9,146 bp)
contig_827 (10,816 bp)
contig_828 (20,170 bp)
contig_829 (24,744 bp)
contig_83 (10,703 bp)
contig_830 (11,724 bp)
contig_831 (14,218 bp)
contig_832 (35,811 bp)
contig_833 (18,761 bp)
contig_834 (14,252 bp)
contig_835 (51,325 bp)
contig_836 (17,330 bp)
contig_837 (50,275 bp)
contig_838 (6,403 bp)
contig_839 (39,758 bp)
contig_84 (11,815 bp)
contig_840 (19,950 bp)
contig_841 (12,499 bp)
contig_842 (4,961 bp)
contig_843 (32,136 bp)
contig_844 (36,582 bp)
contig_845 (10,746 bp)
contig_846 (3,009 bp)
contig_847 (13,849 bp)
contig_848 (4,604 bp)
contig_849 (24,997 bp)
contig_85 (10,174 bp)
contig_850 (6,999 bp)
contig_852 (4,330 bp)
contig_854 (52,342 bp)
contig_855 (48,662 bp)
contig_856 (33,751 bp)
contig_857 (33,901 bp)
contig_858 (41,811 bp)
contig_859 (27,585 bp)
contig_86 (19,635 bp)
contig_860 (69,194 bp)
contig_861 (15,546 bp)
contig_862 (12,257 bp)
contig_863 (20,820 bp)
contig_864 (7,749 bp)
contig_866 (18,669 bp)
contig_867 (92,255 bp)
contig_869 (25,522 bp)
contig_87 (12,934 bp)
contig_870 (33,926 bp)
contig_871 (14,638 bp)
contig_872 (49,291 bp)
contig_873 (14,436 bp)
contig_874 (13,951 bp)
contig_875 (14,138 bp)
contig_876 (51,225 bp)
contig_877 (24,454 bp)
contig_878 (12,045 bp)
contig_879 (15,250 bp)
contig_88 (20,293 bp)
contig_880 (5,293 bp)
contig_881 (23,812 bp)
contig_882 (25,332 bp)
contig_883 (17,281 bp)
contig_884 (11,532 bp)
contig_885 (23,845 bp)
contig_886 (5,946 bp)
contig_887 (34,526 bp)
contig_888 (146,551 bp)
contig_889 (3,766 bp)
contig_89 (17,110 bp)
contig_890 (13,593 bp)
contig_891 (15,964 bp)
contig_892 (41,798 bp)
contig_893 (16,142 bp)
contig_894 (9,203 bp)
contig_895 (7,136,817 bp)
contig_896 (20,798 bp)
contig_897 (11,555 bp)
contig_898 (27,003 bp)
contig_899 (13,351 bp)
contig_9 (703,252 bp)
contig_90 (75,134 bp)
contig_900 (6,125 bp)
contig_901 (12,932 bp)
contig_902 (4,120 bp)
contig_903 (27,942 bp)
contig_904 (14,875 bp)
contig_905 (14,750 bp)
contig_906 (31,645 bp)
contig_907 (75,813 bp)
contig_908 (3,270 bp)
contig_909 (55,063 bp)
contig_91 (23,143 bp)
contig_910 (9,032 bp)
contig_911 (11,806 bp)
contig_912 (7,360 bp)
contig_913 (2,847 bp)
contig_914 (4,803 bp)
contig_915 (45,257 bp)
contig_916 (30,550 bp)
contig_917 (14,894 bp)
contig_918 (13,853 bp)
contig_919 (117,097 bp)
contig_92 (51,329 bp)
contig_920 (14,410 bp)
contig_921 (13,976 bp)
contig_922 (12,492 bp)
contig_923 (9,225 bp)
contig_924 (9,987 bp)
contig_925 (42,574 bp)
contig_926 (28,240 bp)
contig_927 (11,346 bp)
contig_928 (5,581 bp)
contig_929 (23,034 bp)
contig_93 (28,618 bp)
contig_930 (39,716 bp)
contig_931 (21,232 bp)
contig_932 (4,672 bp)
contig_933 (10,318 bp)
contig_934 (11,945 bp)
contig_935 (36,733 bp)
contig_936 (8,670 bp)
contig_937 (3,310 bp)
contig_938 (15,056 bp)
contig_939 (13,302 bp)
contig_940 (40,258 bp)
contig_941 (49,035 bp)
contig_942 (35,991 bp)
contig_943 (17,398 bp)
contig_944 (8,514 bp)
contig_945 (6,542 bp)
contig_946 (24,740 bp)
contig_947 (5,512 bp)
contig_948 (33,584 bp)
contig_949 (61,001 bp)
contig_95 (683,390 bp)
contig_950 (35,593 bp)
contig_951 (6,349 bp)
contig_952 (35,934 bp)
contig_953 (21,709 bp)
contig_954 (4,093 bp)
contig_955 (15,713 bp)
contig_956 (37,576 bp)
contig_957 (21,669 bp)
contig_958 (24,837 bp)
contig_959 (13,976 bp)
contig_96 (15,077 bp)
contig_960 (8,268 bp)
contig_961 (7,297 bp)
contig_962 (12,720 bp)
contig_963 (28,573 bp)
contig_964 (18,344 bp)
contig_965 (7,087 bp)
contig_966 (22,004 bp)
contig_967 (1,917 bp)
contig_97 (9,613 bp)
contig_970 (5,086 bp)
contig_972 (2,210 bp)
contig_973 (1,674 bp)
contig_974 (54,609 bp)
contig_975 (159,439 bp)
contig_977 (2,706 bp)
contig_979 (2,654 bp)
contig_98 (58,624 bp)
contig_980 (9,512 bp)
contig_981 (15,286 bp)
contig_982 (13,378 bp)
contig_983 (23,049 bp)
contig_984 (2,935 bp)
contig_985 (31,882 bp)
contig_986 (23,814 bp)
contig_987 (4,510 bp)
contig_988 (9,516 bp)
contig_989 (32,729 bp)
contig_99 (17,819 bp)
contig_990 (9,449 bp)
contig_991 (16,563 bp)
contig_992 (6,329 bp)
contig_993 (32,615 bp)
contig_994 (15,516 bp)
contig_995 (17,801 bp)
contig_996 (16,179 bp)
contig_997 (22,733 bp)
contig_998 (6,471 bp)
contig_999 (10,070 bp)


[1;4;93mLoading alignments[0m [2m(2026-07-26 23:11:07)[0m
${ARTICLE32_WORK_DIR}/polish/filtered_R1.sam: 11,822,434 alignments from 9,602,764 reads
${ARTICLE32_WORK_DIR}/polish/filtered_R2.sam: 11,871,663 alignments from 9,593,365 reads

Filtering for high-quality end-to-end alignments from reads with only one alignment:
  16,970,894 alignments kept
  6,723,203 alignments discarded


[1;4;93mPolishing assembly sequences[0m [2m(2026-07-26 23:13:05)[0m
[2m    For each position in the assembly, Polypolish determines the read depth
at that position and collects all aligned bases. It then polishes the assembly
by looking for positions where the pileup unambiguously supports a different
sequence than the assembly.[0m

Polishing contig_1 (2,046,896 bp):
  mean read depth: 36.1x
  108,177 bp have a depth of zero (94.7151% coverage)
  4,788 positions changed (0.2339% of total positions)
  estimated pre-polishing sequence accuracy: 99.7661% (Q26.31)

Polishing contig_10 (1,302,192 bp):
  mean read depth: 6.6x
  52,891 bp have a depth of zero (95.9383% coverage)
  7,579 positions changed (0.5820% of total positions)
  estimated pre-polishing sequence accuracy: 99.4180% (Q22.35)

Polishing contig_100 (6,351 bp):
  mean read depth: 4.7x
  1,166 bp have a depth of zero (81.6407% coverage)
  72 positions changed (1.1337% of total positions)
  estimated pre-polishing sequence accuracy: 98.8663% (Q19.46)

Polishing contig_1000 (13,495 bp):
  mean read depth: 0.6x
  8,231 bp have a depth of zero (39.0070% coverage)
  0 positions changed (0.0000% of total positions)
  estimated pre-polishing sequence accuracy: 100.0000% (Q∞)

Polishing contig_1001 (21,786 bp):
  mean read depth: 1.5x
  9,890 bp have a depth of zero (54.6039% coverage)
  36 positions changed (0.1652% of total positions)
  estimated pre-polishing sequence accuracy: 99.8348% (Q27.82)

Polishing contig_1002 (13,996 bp):
  mean read depth: 2.5x
  2,066 bp have a depth of zero (85.2386% coverage)
  38 positions changed (0.2715% of total positions)
  estimated pre-polishing sequence accuracy: 99.7285% (Q25.66)

Polishing contig_1003 (52,580 bp):
  mean read depth: 4.5x
  4,999 bp have a depth of zero (90.4926% coverage)
  418 positions changed (0.7950% of total positions)
  estimated pre-polishing sequence accuracy: 99.2050% (Q21.00)

Polishing contig_1004 (16,763 bp):
  mean read depth: 2.1x
  4,336 bp have a depth of zero (74.1335% coverage)
  35 positions changed (0.2088% of total positions)
  estimated pre-polishing sequence accuracy: 99.7912% (Q26.80)

Polishing contig_1005 (2,068 bp):
  mean read depth: 3.3x
  362 bp have a depth of zero (82.4952% coverage)
  4 positions changed (0.1934% of total positions)
  estimated pre-polishing sequence accuracy: 99.8066% (Q27.13)

Polishing contig_1006 (9,128 bp):
  mean read depth: 1.5x
  2,904 bp have a depth of zero (68.1858% coverage)
  5 positions changed (0.0548% of total positions)
  estimated pre-polishing sequence accuracy: 99.9452% (Q32.61)

Polishing contig_1007 (47,063 bp):
  mean read depth: 1.3x
  18,512 bp have a depth of zero (60.6655% coverage)
  24 positions changed (0.0510% of total positions)
  estimated pre-polishing sequence accuracy: 99.9490% (Q32.92)

Polishing contig_1008 (6,671 bp):
  mean read depth: 1.9x
  1,967 bp have a depth of zero (70.5142% coverage)
  7 positions changed (0.1049% of total positions)
  estimated pre-polishing sequence accuracy: 99.8951% (Q29.79)

Polishing contig_1009 (2,980 bp):
  mean read depth: 11.8x
  57 bp have a depth of zero (98.0872% coverage)
  25 positions changed (0.8389% of total positions)
  estimated pre-polishing sequence accuracy: 99.1611% (Q20.76)

Polishing contig_101 (19,401 bp):
  mean read depth: 4.8x
  3,101 bp have a depth of zero (84.0163% coverage)
  162 positions changed (0.8350% of total positions)
  estimated pre-polishing sequence accuracy: 99.1650% (Q20.78)

Polishing contig_1010 (2,596 bp):
  mean read depth: 6.6x
  729 bp have a depth of zero (71.9183% coverage)
  6 positions changed (0.2311% of total positions)
  estimated pre-polishing sequence accuracy: 99.7689% (Q26.36)

Polishing contig_1011 (25,045 bp):
  mean read depth: 4.2x
  4,844 bp have a depth of zero (80.6588% coverage)
  160 positions changed (0.6389% of total positions)
  estimated pre-polishing sequence accuracy: 99.3611% (Q21.95)

Polishing contig_1012 (32,278 bp):
  mean read depth: 3.6x
  5,262 bp have a depth of zero (83.6979% coverage)
  166 positions changed (0.5143% of total positions)
  estimated pre-polishing sequence accuracy: 99.4857% (Q22.89)

Polishing contig_1013 (21,862 bp):
  mean read depth: 1.8x
  12,072 bp have a depth of zero (44.7809% coverage)
  78 positions changed (0.3568% of total positions)
  estimated pre-polishing sequence accuracy: 99.6432% (Q24.48)

Polishing contig_1014 (25,523 bp):
  mean read depth: 2.3x
  7,519 bp have a depth of zero (70.5403% coverage)
  103 positions changed (0.4036% of total positions)
  estimated pre-polishing sequence accuracy: 99.5964% (Q23.94)

Polishing contig_1015 (14,056 bp):
  mean read depth: 2.9x
  2,659 bp have a depth of zero (81.0828% coverage)
  60 positions changed (0.4269% of total positions)
  estimated pre-polishing sequence accuracy: 99.5731% (Q23.70)

Polishing contig_1016 (13,963 bp):
  mean read depth: 2.4x
  2,438 bp have a depth of zero (82.5396% coverage)
  18 positions changed (0.1289% of total positions)
  estimated pre-polishing sequence accuracy: 99.8711% (Q28.90)

Polishing contig_1017 (17,429 bp):
  mean read depth: 1.4x
  6,480 bp have a depth of zero (62.8206% coverage)
  5 positions changed (0.0287% of total positions)
  estimated pre-polishing sequence accuracy: 99.9713% (Q35.42)

Polishing contig_1018 (15,027 bp):
  mean read depth: 3.2x
  2,284 bp have a depth of zero (84.8007% coverage)
  56 positions changed (0.3727% of total positions)
  estimated pre-polishing sequence accuracy: 99.6273% (Q24.29)

Polishing contig_1019 (56,937 bp):
  mean read depth: 1.3x
  20,445 bp have a depth of zero (64.0919% coverage)
  21 positions changed (0.0369% of total positions)
  estimated pre-polishing sequence accuracy: 99.9631% (Q34.33)

Polishing contig_102 (177,114 bp):
  mean read depth: 5.5x
  16,831 bp have a depth of zero (90.4971% coverage)
  1,778 positions changed (1.0039% of total positions)
  estimated pre-polishing sequence accuracy: 98.9961% (Q19.98)

Polishing contig_1020 (20,564 bp):
  mean read depth: 3.1x
  6,368 bp have a depth of zero (69.0333% coverage)
  133 positions changed (0.6468% of total positions)
  estimated pre-polishing sequence accuracy: 99.3532% (Q21.89)

Polishing contig_1021 (8,122 bp):
  mean read depth: 1.1x
  3,228 bp have a depth of zero (60.2561% coverage)
  1 position changed (0.0123% of total positions)
  estimated pre-polishing sequence accuracy: 99.9877% (Q39.10)

Polishing contig_1022 (16,108 bp):
  mean read depth: 2.9x
  2,986 bp have a depth of zero (81.4626% coverage)
  47 positions changed (0.2918% of total positions)
  estimated pre-polishing sequence accuracy: 99.7082% (Q25.35)

Polishing contig_1023 (14,020 bp):
  mean read depth: 2.0x
  5,154 bp have a depth of zero (63.2382% coverage)
  35 positions changed (0.2496% of total positions)
  estimated pre-polishing sequence accuracy: 99.7504% (Q26.03)

Polishing contig_1024 (24,521 bp):
  mean read depth: 4.6x
  3,290 bp have a depth of zero (86.5829% coverage)
  284 positions changed (1.1582% of total positions)
  estimated pre-polishing sequence accuracy: 98.8418% (Q19.36)

Polishing contig_1025 (8,777 bp):
  mean read depth: 4.5x
  953 bp have a depth of zero (89.1421% coverage)
  96 positions changed (1.0938% of total positions)
  estimated pre-polishing sequence accuracy: 98.9062% (Q19.61)

Polishing contig_1028 (3,866 bp):
  mean read depth: 0.0x
  3,866 bp have a depth of zero (0.0000% coverage)
  0 positions changed (0.0000% of total positions)
  estimated pre-polishing sequence accuracy: 100.0000% (Q∞)

Polishing contig_1029 (19,901 bp):
  mean read depth: 17.3x
  4,105 bp have a depth of zero (79.3729% coverage)
  61 positions changed (0.3065% of total positions)
  estimated pre-polishing sequence accuracy: 99.6935% (Q25.14)

Polishing contig_103 (35,599 bp):
  mean read depth: 2.0x
  11,436 bp have a depth of zero (67.8755% coverage)
  69 positions changed (0.1938% of total positions)
  estimated pre-polishing sequence accuracy: 99.8062% (Q27.13)

Polishing contig_1030 (66,734 bp):
  mean read depth: 18.8x
  10,007 bp have a depth of zero (85.0046% coverage)
  270 positions changed (0.4046% of total positions)
  estimated pre-polishing sequence accuracy: 99.5954% (Q23.93)

Polishing contig_1031 (12,949 bp):
  mean read depth: 0.5x
  9,662 bp have a depth of zero (25.3842% coverage)
  4 positions changed (0.0309% of total positions)
  estimated pre-polishing sequence accuracy: 99.9691% (Q35.10)

Polishing contig_1032 (7,901 bp):
  mean read depth: 4.4x
  662 bp have a depth of zero (91.6213% coverage)
  70 positions changed (0.8860% of total positions)
  estimated pre-polishing sequence accuracy: 99.1140% (Q20.53)

Polishing contig_1033 (59,640 bp):
  mean read depth: 2.7x
  10,365 bp have a depth of zero (82.6207% coverage)
  168 positions changed (0.2817% of total positions)
  estimated pre-polishing sequence accuracy: 99.7183% (Q25.50)

Polishing contig_1034 (22,383 bp):
  mean read depth: 10.3x
  58 bp have a depth of zero (99.7409% coverage)
  160 positions changed (0.7148% of total positions)
  estimated pre-polishing sequence accuracy: 99.2852% (Q21.46)

Polishing contig_1035 (3,391 bp):
  mean read depth: 14.4x
  179 bp have a depth of zero (94.7213% coverage)
  31 positions changed (0.9142% of total positions)
  estimated pre-polishing sequence accuracy: 99.0858% (Q20.39)

Polishing contig_1036 (4,214 bp):
  mean read depth: 2.6x
  1,132 bp have a depth of zero (73.1372% coverage)
  24 positions changed (0.5695% of total positions)
  estimated pre-polishing sequence accuracy: 99.4305% (Q22.44)

Polishing contig_1037 (16,673 bp):
  mean read depth: 3.1x
  4,997 bp have a depth of zero (70.0294% coverage)
  146 positions changed (0.8757% of total positions)
  estimated pre-polishing sequence accuracy: 99.1243% (Q20.58)

Polishing contig_1038 (7,434 bp):
  mean read depth: 2.9x
  998 bp have a depth of zero (86.5752% coverage)
  20 positions changed (0.2690% of total positions)
  estimated pre-polishing sequence accuracy: 99.7310% (Q25.70)

Polishing contig_1039 (21,342 bp):
  mean read depth: 3.4x
  2,174 bp have a depth of zero (89.8135% coverage)
  67 positions changed (0.3139% of total positions)
  estimated pre-polishing sequence accuracy: 99.6861% (Q25.03)

Polishing contig_104 (53,595 bp):
  mean read depth: 21.7x
  1,543 bp have a depth of zero (97.1210% coverage)
  251 positions changed (0.4683% of total positions)
  estimated pre-polishing sequence accuracy: 99.5317% (Q23.29)

Polishing contig_1040 (28,260 bp):
  mean read depth: 3.9x
  6,855 bp have a depth of zero (75.7431% coverage)
  177 positions changed (0.6263% of total positions)
  estimated pre-polishing sequence accuracy: 99.3737% (Q22.03)

Polishing contig_1041 (23,537 bp):
  mean read depth: 2.1x
  5,393 bp have a depth of zero (77.0871% coverage)
  33 positions changed (0.1402% of total positions)
  estimated pre-polishing sequence accuracy: 99.8598% (Q28.53)

Polishing contig_1042 (58,889 bp):
  mean read depth: 2.9x
  5,657 bp have a depth of zero (90.3938% coverage)
  182 positions changed (0.3091% of total positions)
  estimated pre-polishing sequence accuracy: 99.6909% (Q25.10)

Polishing contig_1043 (6,986 bp):
  mean read depth: 1.8x
  3,281 bp have a depth of zero (53.0346% coverage)
  21 positions changed (0.3006% of total positions)
  estimated pre-polishing sequence accuracy: 99.6994% (Q25.22)

Polishing contig_1044 (22,012 bp):
  mean read depth: 1.4x
  8,259 bp have a depth of zero (62.4796% coverage)
  8 positions changed (0.0363% of total positions)
  estimated pre-polishing sequence accuracy: 99.9637% (Q34.40)

Polishing contig_1045 (13,571 bp):
  mean read depth: 1.1x
  6,333 bp have a depth of zero (53.3343% coverage)
  3 positions changed (0.0221% of total positions)
  estimated pre-polishing sequence accuracy: 99.9779% (Q36.55)

Polishing contig_1046 (10,087 bp):
  mean read depth: 1.3x
  3,467 bp have a depth of zero (65.6290% coverage)
  3 positions changed (0.0297% of total positions)
  estimated pre-polishing sequence accuracy: 99.9703% (Q35.27)

Polishing contig_1047 (24,686 bp):
  mean read depth: 2.0x
  7,383 bp have a depth of zero (70.0924% coverage)
  43 positions changed (0.1742% of total positions)
  estimated pre-polishing sequence accuracy: 99.8258% (Q27.59)

Polishing contig_1048 (21,888 bp):
  mean read depth: 4.9x
  2,128 bp have a depth of zero (90.2778% coverage)
  166 positions changed (0.7584% of total positions)
  estimated pre-polishing sequence accuracy: 99.2416% (Q21.20)

Polishing contig_1049 (45,810 bp):
  mean read depth: 1.7x
  14,092 bp have a depth of zero (69.2382% coverage)
  56 positions changed (0.1222% of total positions)
  estimated pre-polishing sequence accuracy: 99.8778% (Q29.13)

Polishing contig_105 (64,552 bp):
  mean read depth: 1.4x
  25,567 bp have a depth of zero (60.3932% coverage)
  63 positions changed (0.0976% of total positions)
  estimated pre-polishing sequence accuracy: 99.9024% (Q30.11)

Polishing contig_1050 (9,650 bp):
  mean read depth: 1.8x
  4,258 bp have a depth of zero (55.8756% coverage)
  29 positions changed (0.3005% of total positions)
  estimated pre-polishing sequence accuracy: 99.6995% (Q25.22)

Polishing contig_1051 (32,416 bp):
  mean read depth: 11.3x
  1,202 bp have a depth of zero (96.2920% coverage)
  231 positions changed (0.7126% of total positions)
  estimated pre-polishing sequence accuracy: 99.2874% (Q21.47)

Polishing contig_1052 (26,525 bp):
  mean read depth: 1.0x
  11,440 bp have a depth of zero (56.8709% coverage)
  4 positions changed (0.0151% of total positions)
  estimated pre-polishing sequence accuracy: 99.9849% (Q38.22)

Polishing contig_1053 (63,061 bp):
  mean read depth: 20.1x
  28,756 bp have a depth of zero (54.3997% coverage)
  75 positions changed (0.1189% of total positions)
  estimated pre-polishing sequence accuracy: 99.8811% (Q29.25)

Polishing contig_1054 (41,747 bp):
  mean read depth: 4.6x
  3,301 bp have a depth of zero (92.0928% coverage)
  354 positions changed (0.8480% of total positions)
  estimated pre-polishing sequence accuracy: 99.1520% (Q20.72)

Polishing contig_1055 (20,124 bp):
  mean read depth: 3.2x
  1,696 bp have a depth of zero (91.5723% coverage)
  86 positions changed (0.4274% of total positions)
  estimated pre-polishing sequence accuracy: 99.5726% (Q23.69)

Polishing contig_1056 (11,474 bp):
  mean read depth: 1.0x
  5,734 bp have a depth of zero (50.0261% coverage)
  2 positions changed (0.0174% of total positions)
  estimated pre-polishing sequence accuracy: 99.9826% (Q37.59)

Polishing contig_1057 (10,035 bp):
  mean read depth: 2.4x
  2,282 bp have a depth of zero (77.2596% coverage)
  33 positions changed (0.3288% of total positions)
  estimated pre-polishing sequence accuracy: 99.6712% (Q24.83)

Polishing contig_1058 (2,929 bp):
  mean read depth: 4.3x
  373 bp have a depth of zero (87.2653% coverage)
  39 positions changed (1.3315% of total positions)
  estimated pre-polishing sequence accuracy: 98.6685% (Q18.76)

Polishing contig_1059 (4,820 bp):
  mean read depth: 2.5x
  1,703 bp have a depth of zero (64.6680% coverage)
  51 positions changed (1.0581% of total positions)
  estimated pre-polishing sequence accuracy: 98.9419% (Q19.75)

Polishing contig_106 (20,636 bp):
  mean read depth: 2.2x
  3,924 bp have a depth of zero (80.9847% coverage)
  50 positions changed (0.2423% of total positions)
  estimated pre-polishing sequence accuracy: 99.7577% (Q26.16)

Polishing contig_1060 (15,139 bp):
  mean read depth: 4.5x
  2,232 bp have a depth of zero (85.2566% coverage)
  96 positions changed (0.6341% of total positions)
  estimated pre-polishing sequence accuracy: 99.3659% (Q21.98)

Polishing contig_1061 (12,619 bp):
  mean read depth: 2.2x
  7,590 bp have a depth of zero (39.8526% coverage)
  70 positions changed (0.5547% of total positions)
  estimated pre-polishing sequence accuracy: 99.4453% (Q22.56)

Polishing contig_1062 (11,796 bp):
  mean read depth: 5.1x
  937 bp have a depth of zero (92.0566% coverage)
  87 positions changed (0.7375% of total positions)
  estimated pre-polishing sequence accuracy: 99.2625% (Q21.32)

Polishing contig_1063 (18,194 bp):
  mean read depth: 1.3x
  8,031 bp have a depth of zero (55.8591% coverage)
  20 positions changed (0.1099% of total positions)
  estimated pre-polishing sequence accuracy: 99.8901% (Q29.59)

Polishing contig_1064 (10,036 bp):
  mean read depth: 10.5x
  20 bp have a depth of zero (99.8007% coverage)
  90 positions changed (0.8968% of total positions)
  estimated pre-polishing sequence accuracy: 99.1032% (Q20.47)

Polishing contig_1065 (9,026 bp):
  mean read depth: 0.6x
  5,452 bp have a depth of zero (39.5967% coverage)
  0 positions changed (0.0000% of total positions)
  estimated pre-polishing sequence accuracy: 100.0000% (Q∞)

Polishing contig_1066 (11,052 bp):
  mean read depth: 0.7x
  6,393 bp have a depth of zero (42.1553% coverage)
  2 positions changed (0.0181% of total positions)
  estimated pre-polishing sequence accuracy: 99.9819% (Q37.42)

Polishing contig_1067 (31,393 bp):
  mean read depth: 2.7x
  6,391 bp have a depth of zero (79.6420% coverage)
  85 positions changed (0.2708% of total positions)
  estimated pre-polishing sequence accuracy: 99.7292% (Q25.67)

Polishing contig_1068 (78,426 bp):
  mean read depth: 2.9x
  18,939 bp have a depth of zero (75.8511% coverage)
  240 positions changed (0.3060% of total positions)
  estimated pre-polishing sequence accuracy: 99.6940% (Q25.14)

Polishing contig_1069 (20,248 bp):
  mean read depth: 2.9x
  3,783 bp have a depth of zero (81.3167% coverage)
  67 positions changed (0.3309% of total positions)
  estimated pre-polishing sequence accuracy: 99.6691% (Q24.80)

Polishing contig_107 (23,551 bp):
  mean read depth: 5.2x
  7,508 bp have a depth of zero (68.1202% coverage)
  189 positions changed (0.8025% of total positions)
  estimated pre-polishing sequence accuracy: 99.1975% (Q20.96)

Polishing contig_1070 (31,840 bp):
  mean read depth: 2.2x
  11,571 bp have a depth of zero (63.6589% coverage)
  78 positions changed (0.2450% of total positions)
  estimated pre-polishing sequence accuracy: 99.7550% (Q26.11)

Polishing contig_1071 (12,898 bp):
  mean read depth: 3.9x
  1,857 bp have a depth of zero (85.6024% coverage)
  109 positions changed (0.8451% of total positions)
  estimated pre-polishing sequence accuracy: 99.1549% (Q20.73)

Polishing contig_1072 (11,809 bp):
  mean read depth: 2.3x
  1,895 bp have a depth of zero (83.9529% coverage)
  24 positions changed (0.2032% of total positions)
  estimated pre-polishing sequence accuracy: 99.7968% (Q26.92)

Polishing contig_1073 (17,393 bp):
  mean read depth: 0.8x
  8,015 bp have a depth of zero (53.9182% coverage)
  0 positions changed (0.0000% of total positions)
  estimated pre-polishing sequence accuracy: 100.0000% (Q∞)

Polishing contig_1074 (14,355 bp):
  mean read depth: 3.0x
  5,512 bp have a depth of zero (61.6022% coverage)
  124 positions changed (0.8638% of total positions)
  estimated pre-polishing sequence accuracy: 99.1362% (Q20.64)

Polishing contig_1075 (7,267 bp):
  mean read depth: 7.1x
  1,067 bp have a depth of zero (85.3172% coverage)
  38 positions changed (0.5229% of total positions)
  estimated pre-polishing sequence accuracy: 99.4771% (Q22.82)

Polishing contig_1076 (5,864 bp):
  mean read depth: 11.0x
  39 bp have a depth of zero (99.3349% coverage)
  40 positions changed (0.6821% of total positions)
  estimated pre-polishing sequence accuracy: 99.3179% (Q21.66)

Polishing contig_1077 (6,332 bp):
  mean read depth: 1.1x
  2,518 bp have a depth of zero (60.2337% coverage)
  0 positions changed (0.0000% of total positions)
  estimated pre-polishing sequence accuracy: 100.0000% (Q∞)

Polishing contig_1078 (2,812 bp):
  mean read depth: 0.5x
  1,701 bp have a depth of zero (39.5092% coverage)
  0 positions changed (0.0000% of total positions)
  estimated pre-polishing sequence accuracy: 100.0000% (Q∞)

Polishing contig_1079 (7,995 bp):
  mean read depth: 9.5x
  1,572 bp have a depth of zero (80.3377% coverage)
  48 positions changed (0.6004% of total positions)
  estimated pre-polishing sequence accuracy: 99.3996% (Q22.22)

Polishing contig_108 (26,007 bp):
  mean read depth: 1.9x
  7,050 bp have a depth of zero (72.8919% coverage)
  41 positions changed (0.1576% of total positions)
  estimated pre-polishing sequence accuracy: 99.8424% (Q28.02)

Polishing contig_1080 (34,756 bp):
  mean read depth: 1.5x
  10,970 bp have a depth of zero (68.4371% coverage)
  21 positions changed (0.0604% of total positions)
  estimated pre-polishing sequence accuracy: 99.9396% (Q32.19)

Polishing contig_1081 (8,014 bp):
  mean read depth: 2.3x
  1,780 bp have a depth of zero (77.7889% coverage)
  21 positions changed (0.2620% of total positions)
  estimated pre-polishing sequence accuracy: 99.7380% (Q25.82)

Polishing contig_1082 (3,527 bp):
  mean read depth: 3.9x
  27 bp have a depth of zero (99.2345% coverage)
  23 positions changed (0.6521% of total positions)
  estimated pre-polishing sequence accuracy: 99.3479% (Q21.86)

Polishing contig_1083 (10,903 bp):
  mean read depth: 3.6x
  1,088 bp have a depth of zero (90.0211% coverage)
  70 positions changed (0.6420% of total positions)
  estimated pre-polishing sequence accuracy: 99.3580% (Q21.92)

Polishing contig_1084 (29,280 bp):
  mean read depth: 4.7x
  1,283 bp have a depth of zero (95.6182% coverage)
  230 positions changed (0.7855% of total positions)
  estimated pre-polishing sequence accuracy: 99.2145% (Q21.05)

Polishing contig_1085 (3,979 bp):
  mean read depth: 3.4x
  481 bp have a depth of zero (87.9115% coverage)
  17 positions changed (0.4272% of total positions)
  estimated pre-polishing sequence accuracy: 99.5728% (Q23.69)

Polishing contig_1086 (325,773 bp):
  mean read depth: 4.4x
  19,825 bp have a depth of zero (93.9145% coverage)
  1,891 positions changed (0.5805% of total positions)
  estimated pre-polishing sequence accuracy: 99.4195% (Q22.36)

Polishing contig_1087 (8,555 bp):
  mean read depth: 0.7x
  5,044 bp have a depth of zero (41.0403% coverage)
  0 positions changed (0.0000% of total positions)
  estimated pre-polishing sequence accuracy: 100.0000% (Q∞)

Polishing contig_1088 (21,662 bp):
  mean read depth: 3.5x
  3,808 bp have a depth of zero (82.4208% coverage)
  112 positions changed (0.5170% of total positions)
  estimated pre-polishing sequence accuracy: 99.4830% (Q22.86)

Polishing contig_1089 (37,358 bp):
  mean read depth: 1.7x
  14,008 bp have a depth of zero (62.5033% coverage)
  37 positions changed (0.0990% of total positions)
  estimated pre-polishing sequence accuracy: 99.9010% (Q30.04)

Polishing contig_109 (3,033,363 bp):
  mean read depth: 21.2x
  55,677 bp have a depth of zero (98.1645% coverage)
  13,523 positions changed (0.4458% of total positions)
  estimated pre-polishing sequence accuracy: 99.5542% (Q23.51)

Polishing contig_1090 (198,908 bp):
  mean read depth: 5.9x
  11,031 bp have a depth of zero (94.4542% coverage)
  1,877 positions changed (0.9437% of total positions)
  estimated pre-polishing sequence accuracy: 99.0563% (Q20.25)

Polishing contig_1091 (16,912 bp):
  mean read depth: 2.0x
  4,589 bp have a depth of zero (72.8654% coverage)
  22 positions changed (0.1301% of total positions)
  estimated pre-polishing sequence accuracy: 99.8699% (Q28.86)

Polishing contig_1092 (6,087 bp):
  mean read depth: 9.0x
  62 bp have a depth of zero (98.9814% coverage)
  89 positions changed (1.4621% of total positions)
  estimated pre-polishing sequence accuracy: 98.5379% (Q18.35)

Polishing contig_1093 (39,583 bp):
  mean read depth: 0.7x
  23,786 bp have a depth of zero (39.9085% coverage)
  6 positions changed (0.0152% of total positions)
  estimated pre-polishing sequence accuracy: 99.9848% (Q38.19)

Polishing contig_1094 (10,681 bp):
  mean read depth: 5.0x
  347 bp have a depth of zero (96.7512% coverage)
  75 positions changed (0.7022% of total positions)
  estimated pre-polishing sequence accuracy: 99.2978% (Q21.54)

Polishing contig_1095 (33,493 bp):
  mean read depth: 0.9x
  17,499 bp have a depth of zero (47.7533% coverage)
  6 positions changed (0.0179% of total positions)
  estimated pre-polishing sequence accuracy: 99.9821% (Q37.47)

Polishing contig_1096 (11,520 bp):
  mean read depth: 1.1x
  4,572 bp have a depth of zero (60.3125% coverage)
  0 positions changed (0.0000% of total positions)
  estimated pre-polishing sequence accuracy: 100.0000% (Q∞)

Polishing contig_1097 (24,810 bp):
  mean read depth: 3.4x
  8,004 bp have a depth of zero (67.7388% coverage)
  115 positions changed (0.4635% of total positions)
  estimated pre-polishing sequence accuracy: 99.5365% (Q23.34)

Polishing contig_1098 (6,868 bp):
  mean read depth: 2.0x
  1,816 bp have a depth of zero (73.5585% coverage)
  1 position changed (0.0146% of total positions)
  estimated pre-polishing sequence accuracy: 99.9854% (Q38.37)

Polishing contig_1099 (15,207 bp):
  mean read depth: 4.4x
  853 bp have a depth of zero (94.3907% coverage)
  130 positions changed (0.8549% of total positions)
  estimated pre-polishing sequence accuracy: 99.1451% (Q20.68)

Polishing contig_11 (577,409 bp):
  mean read depth: 7.2x
  29,048 bp have a depth of zero (94.9693% coverage)
  3,315 positions changed (0.5741% of total positions)
  estimated pre-polishing sequence accuracy: 99.4259% (Q22.41)

Polishing contig_1100 (16,331 bp):
  mean read depth: 3.5x
  843 bp have a depth of zero (94.8380% coverage)
  61 positions changed (0.3735% of total positions)
  estimated pre-polishing sequence accuracy: 99.6265% (Q24.28)

Polishing contig_1101 (13,257 bp):
  mean read depth: 3.5x
  1,275 bp have a depth of zero (90.3824% coverage)
  30 positions changed (0.2263% of total positions)
  estimated pre-polishing sequence accuracy: 99.7737% (Q26.45)

Polishing contig_1102 (5,754 bp):
  mean read depth: 3.0x
  1,183 bp have a depth of zero (79.4404% coverage)
  29 positions changed (0.5040% of total positions)
  estimated pre-polishing sequence accuracy: 99.4960% (Q22.98)

Polishing contig_1103 (5,190 bp):
  mean read depth: 9.3x
  173 bp have a depth of zero (96.6667% coverage)
  89 positions changed (1.7148% of total positions)
  estimated pre-polishing sequence accuracy: 98.2852% (Q17.66)

Polishing contig_1104 (26,320 bp):
  mean read depth: 2.7x
  2,977 bp have a depth of zero (88.6892% coverage)
  94 positions changed (0.3571% of total positions)
  estimated pre-polishing sequence accuracy: 99.6429% (Q24.47)

Polishing contig_1105 (6,557 bp):
  mean read depth: 2.6x
  714 bp have a depth of zero (89.1109% coverage)
  17 positions changed (0.2593% of total positions)
  estimated pre-polishing sequence accuracy: 99.7407% (Q25.86)

Polishing contig_1106 (10,864 bp):
  mean read depth: 10.7x
  1,766 bp have a depth of zero (83.7445% coverage)
  55 positions changed (0.5063% of total positions)
  estimated pre-polishing sequence accuracy: 99.4937% (Q22.96)

Polishing contig_1107 (35,539 bp):
  mean read depth: 2.4x
  7,858 bp have a depth of zero (77.8891% coverage)
  92 positions changed (0.2589% of total positions)
  estimated pre-polishing sequence accuracy: 99.7411% (Q25.87)

Polishing contig_1108 (9,432 bp):
  mean read depth: 0.9x
  4,978 bp have a depth of zero (47.2222% coverage)
  1 position changed (0.0106% of total positions)
  estimated pre-polishing sequence accuracy: 99.9894% (Q39.75)

Polishing contig_1109 (14,731 bp):
  mean read depth: 4.4x
  3,364 bp have a depth of zero (77.1638% coverage)
  63 positions changed (0.4277% of total positions)
  estimated pre-polishing sequence accuracy: 99.5723% (Q23.69)

Polishing contig_111 (2,344,431 bp):
  mean read depth: 21.3x
  48,552 bp have a depth of zero (97.9290% coverage)
  10,722 positions changed (0.4573% of total positions)
  estimated pre-polishing sequence accuracy: 99.5427% (Q23.40)

Polishing contig_1110 (28,780 bp):
  mean read depth: 1.5x
  11,052 bp have a depth of zero (61.5983% coverage)
  39 positions changed (0.1355% of total positions)
  estimated pre-polishing sequence accuracy: 99.8645% (Q28.68)

Polishing contig_1111 (20,866 bp):
  mean read depth: 4.2x
  3,418 bp have a depth of zero (83.6193% coverage)
  195 positions changed (0.9345% of total positions)
  estimated pre-polishing sequence accuracy: 99.0655% (Q20.29)

Polishing contig_1112 (43,342 bp):
  mean read depth: 4.1x
  4,489 bp have a depth of zero (89.6428% coverage)
  403 positions changed (0.9298% of total positions)
  estimated pre-polishing sequence accuracy: 99.0702% (Q20.32)

Polishing contig_1113 (17,726 bp):
  mean read depth: 2.3x
  3,835 bp have a depth of zero (78.3651% coverage)
  39 positions changed (0.2200% of total positions)
  estimated pre-polishing sequence accuracy: 99.7800% (Q26.58)

Polishing contig_1114 (52,885 bp):
  mean read depth: 4.0x
  11,791 bp have a depth of zero (77.7045% coverage)
  384 positions changed (0.7261% of total positions)
  estimated pre-polishing sequence accuracy: 99.2739% (Q21.39)

Polishing contig_1115 (17,852 bp):
  mean read depth: 3.6x
  5,015 bp have a depth of zero (71.9079% coverage)
  122 positions changed (0.6834% of total positions)
  estimated pre-polishing sequence accuracy: 99.3166% (Q21.65)

Polishing contig_1116 (11,458 bp):
  mean read depth: 2.7x
  1,587 bp have a depth of zero (86.1494% coverage)
  40 positions changed (0.3491% of total positions)
  estimated pre-polishing sequence accuracy: 99.6509% (Q24.57)

Polishing contig_1117 (9,753 bp):
  mean read depth: 1.5x
  3,954 bp have a depth of zero (59.4586% coverage)
  22 positions changed (0.2256% of total positions)
  estimated pre-polishing sequence accuracy: 99.7744% (Q26.47)

Polishing contig_1118 (16,376 bp):
  mean read depth: 0.9x
  8,412 bp have a depth of zero (48.6321% coverage)
  10 positions changed (0.0611% of total positions)
  estimated pre-polishing sequence accuracy: 99.9389% (Q32.14)

Polishing contig_1119 (13,692 bp):
  mean read depth: 3.4x
  3,235 bp have a depth of zero (76.3731% coverage)
  78 positions changed (0.5697% of total positions)
  estimated pre-polishing sequence accuracy: 99.4303% (Q22.44)

Polishing contig_112 (67,401 bp):
  mean read depth: 2.9x
  19,480 bp have a depth of zero (71.0984% coverage)
  374 positions changed (0.5549% of total positions)
  estimated pre-polishing sequence accuracy: 99.4451% (Q22.56)

Polishing contig_1120 (7,774 bp):
  mean read depth: 1.7x
  1,848 bp have a depth of zero (76.2285% coverage)
  19 positions changed (0.2444% of total positions)
  estimated pre-polishing sequence accuracy: 99.7556% (Q26.12)

Polishing contig_1121 (16,248 bp):
  mean read depth: 1.7x
  4,361 bp have a depth of zero (73.1598% coverage)
  16 positions changed (0.0985% of total positions)
  estimated pre-polishing sequence accuracy: 99.9015% (Q30.07)

Polishing contig_1122 (16,447 bp):
  mean read depth: 3.5x
  1,191 bp have a depth of zero (92.7586% coverage)
  74 positions changed (0.4499% of total positions)
  estimated pre-polishing sequence accuracy: 99.5501% (Q23.47)

Polishing contig_1123 (11,939 bp):
  mean read depth: 2.3x
  3,516 bp have a depth of zero (70.5503% coverage)
  25 positions changed (0.2094% of total positions)
  estimated pre-polishing sequence accuracy: 99.7906% (Q26.79)

Polishing contig_1124 (18,069 bp):
  mean read depth: 4.5x
  2,819 bp have a depth of zero (84.3987% coverage)
  133 positions changed (0.7361% of total positions)
  estimated pre-polishing sequence accuracy: 99.2639% (Q21.33)

Polishing contig_1125 (13,150 bp):
  mean read depth: 1.6x
  3,561 bp have a depth of zero (72.9202% coverage)
  13 positions changed (0.0989% of total positions)
  estimated pre-polishing sequence accuracy: 99.9011% (Q30.05)

Polishing contig_1126 (16,282 bp):
  mean read depth: 2.0x
  5,862 bp have a depth of zero (63.9971% coverage)
  5 positions changed (0.0307% of total positions)
  estimated pre-polishing sequence accuracy: 99.9693% (Q35.13)

Polishing contig_1127 (8,981 bp):
  mean read depth: 3.1x
  1,259 bp have a depth of zero (85.9815% coverage)
  30 positions changed (0.3340% of total positions)
  estimated pre-polishing sequence accuracy: 99.6660% (Q24.76)

Polishing contig_1128 (135,936 bp):
  mean read depth: 5.0x
  13,128 bp have a depth of zero (90.3425% coverage)
  1,285 positions changed (0.9453% of total positions)
  estimated pre-polishing sequence accuracy: 99.0547% (Q20.24)

Polishing contig_1129 (13,790 bp):
  mean read depth: 7.1x
  2,118 bp have a depth of zero (84.6410% coverage)
  84 positions changed (0.6091% of total positions)
  estimated pre-polishing sequence accuracy: 99.3909% (Q22.15)

Polishing contig_113 (363,265 bp):
  mean read depth: 21.0x
  14,969 bp have a depth of zero (95.8793% coverage)
  1,614 positions changed (0.4443% of total positions)
  estimated pre-polishing sequence accuracy: 99.5557% (Q23.52)

Polishing contig_1131 (17,971 bp):
  mean read depth: 3.0x
  4,392 bp have a depth of zero (75.5606% coverage)
  150 positions changed (0.8347% of total positions)
  estimated pre-polishing sequence accuracy: 99.1653% (Q20.78)

Polishing contig_1132 (13,407 bp):
  mean read depth: 1.0x
  5,178 bp have a depth of zero (61.3784% coverage)
  0 positions changed (0.0000% of total positions)
  estimated pre-polishing sequence accuracy: 100.0000% (Q∞)

Polishing contig_1133 (84,479 bp):
  mean read depth: 3.2x
  20,210 bp have a depth of zero (76.0769% coverage)
  434 positions changed (0.5137% of total positions)
  estimated pre-polishing sequence accuracy: 99.4863% (Q22.89)

Polishing contig_1134 (13,568 bp):
  mean read depth: 1.5x
  5,004 bp have a depth of zero (63.1191% coverage)
  5 positions changed (0.0369% of total positions)
  estimated pre-polishing sequence accuracy: 99.9631% (Q34.34)

Polishing contig_1135 (16,558 bp):
  mean read depth: 13.0x
  658 bp have a depth of zero (96.0261% coverage)
  133 positions changed (0.8032% of total positions)
  estimated pre-polishing sequence accuracy: 99.1968% (Q20.95)

Polishing contig_1136 (23,498 bp):
  mean read depth: 0.7x
  14,645 bp have a depth of zero (37.6755% coverage)
  5 positions changed (0.0213% of total positions)
  estimated pre-polishing sequence accuracy: 99.9787% (Q36.72)

Polishing contig_1137 (3,691 bp):
  mean read depth: 2.9x
  930 bp have a depth of zero (74.8036% coverage)
  38 positions changed (1.0295% of total positions)
  estimated pre-polishing sequence accuracy: 98.9705% (Q19.87)

Polishing contig_1138 (23,328 bp):
  mean read depth: 3.3x
  9,613 bp have a depth of zero (58.7920% coverage)
  125 positions changed (0.5358% of total positions)
  estimated pre-polishing sequence accuracy: 99.4642% (Q22.71)

Polishing contig_1139 (12,752 bp):
  mean read depth: 3.1x
  1,512 bp have a depth of zero (88.1430% coverage)
  76 positions changed (0.5960% of total positions)
  estimated pre-polishing sequence accuracy: 99.4040% (Q22.25)

Polishing contig_114 (6,128 bp):
  mean read depth: 8.7x
  1,338 bp have a depth of zero (78.1658% coverage)
  33 positions changed (0.5385% of total positions)
  estimated pre-polishing sequence accuracy: 99.4615% (Q22.69)

Polishing contig_1140 (20,789 bp):
  mean read depth: 4.9x
  861 bp have a depth of zero (95.8584% coverage)
  204 positions changed (0.9813% of total positions)
  estimated pre-polishing sequence accuracy: 99.0187% (Q20.08)

Polishing contig_1141 (10,894 bp):
  mean read depth: 1.5x
  5,002 bp have a depth of zero (54.0848% coverage)
  16 positions changed (0.1469% of total positions)
  estimated pre-polishing sequence accuracy: 99.8531% (Q28.33)

Polishing contig_1142 (14,880 bp):
  mean read depth: 1.6x
  6,123 bp have a depth of zero (58.8508% coverage)
  6 positions changed (0.0403% of total positions)
  estimated pre-polishing sequence accuracy: 99.9597% (Q33.94)

Polishing contig_1143 (2,292 bp):
  mean read depth: 9.1x
  44 bp have a depth of zero (98.0803% coverage)
  26 positions changed (1.1344% of total positions)
  estimated pre-polishing sequence accuracy: 98.8656% (Q19.45)

Polishing contig_1144 (6,710 bp):
  mean read depth: 11.1x
  12 bp have a depth of zero (99.8212% coverage)
  46 positions changed (0.6855% of total positions)
  estimated pre-polishing sequence accuracy: 99.3145% (Q21.64)

Polishing contig_1145 (8,176 bp):
  mean read depth: 1.9x
  2,028 bp have a depth of zero (75.1957% coverage)
  14 positions changed (0.1712% of total positions)
  estimated pre-polishing sequence accuracy: 99.8288% (Q27.66)

Polishing contig_1146 (48,106 bp):
  mean read depth: 1.9x
  12,004 bp have a depth of zero (75.0468% coverage)
  51 positions changed (0.1060% of total positions)
  estimated pre-polishing sequence accuracy: 99.8940% (Q29.75)

Polishing contig_1147 (32,411 bp):
  mean read depth: 2.7x
  4,064 bp have a depth of zero (87.4610% coverage)
  110 positions changed (0.3394% of total positions)
  estimated pre-polishing sequence accuracy: 99.6606% (Q24.69)

Polishing contig_1148 (79,724 bp):
  mean read depth: 2.4x
  11,155 bp have a depth of zero (86.0080% coverage)
  141 positions changed (0.1769% of total positions)
  estimated pre-polishing sequence accuracy: 99.8231% (Q27.52)

Polishing contig_1149 (3,776 bp):
  mean read depth: 0.0x
  3,776 bp have a depth of zero (0.0000% coverage)
  0 positions changed (0.0000% of total positions)
  estimated pre-polishing sequence accuracy: 100.0000% (Q∞)

Polishing contig_115 (5,672 bp):
  mean read depth: 9.5x
  446 bp have a depth of zero (92.1368% coverage)
  44 positions changed (0.7757% of total positions)
  estimated pre-polishing sequence accuracy: 99.2243% (Q21.10)

Polishing contig_1150 (26,793 bp):
  mean read depth: 1.9x
  10,148 bp have a depth of zero (62.1244% coverage)
  60 positions changed (0.2239% of total positions)
  estimated pre-polishing sequence accuracy: 99.7761% (Q26.50)

Polishing contig_1151 (3,880 bp):
  mean read depth: 2.6x
  1,098 bp have a depth of zero (71.7010% coverage)
  13 positions changed (0.3351% of total positions)
  estimated pre-polishing sequence accuracy: 99.6649% (Q24.75)

Polishing contig_1152 (11,040 bp):
  mean read depth: 2.1x
  3,083 bp have a depth of zero (72.0743% coverage)
  39 positions changed (0.3533% of total positions)
  estimated pre-polishing sequence accuracy: 99.6467% (Q24.52)

Polishing contig_1153 (6,206 bp):
  mean read depth: 2.1x
  1,456 bp have a depth of zero (76.5388% coverage)
  27 positions changed (0.4351% of total positions)
  estimated pre-polishing sequence accuracy: 99.5649% (Q23.61)

Polishing contig_1154 (18,830 bp):
  mean read depth: 4.7x
  1,639 bp have a depth of zero (91.2958% coverage)
  219 positions changed (1.1630% of total positions)
  estimated pre-polishing sequence accuracy: 98.8370% (Q19.34)

Polishing contig_1155 (52,691 bp):
  mean read depth: 2.5x
  9,475 bp have a depth of zero (82.0178% coverage)
  163 positions changed (0.3094% of total positions)
  estimated pre-polishing sequence accuracy: 99.6906% (Q25.10)

Polishing contig_1156 (30,485 bp):
  mean read depth: 3.8x
  6,688 bp have a depth of zero (78.0613% coverage)
  322 positions changed (1.0563% of total positions)
  estimated pre-polishing sequence accuracy: 98.9437% (Q19.76)

Polishing contig_1157 (15,791 bp):
  mean read depth: 3.7x
  3,190 bp have a depth of zero (79.7986% coverage)
  104 positions changed (0.6586% of total positions)
  estimated pre-polishing sequence accuracy: 99.3414% (Q21.81)

Polishing contig_1158 (7,882 bp):
  mean read depth: 5.3x
  1,249 bp have a depth of zero (84.1538% coverage)
  82 positions changed (1.0403% of total positions)
  estimated pre-polishing sequence accuracy: 98.9597% (Q19.83)

Polishing contig_1159 (21,042 bp):
  mean read depth: 2.8x
  2,128 bp have a depth of zero (89.8869% coverage)
  72 positions changed (0.3422% of total positions)
  estimated pre-polishing sequence accuracy: 99.6578% (Q24.66)

Polishing contig_1160 (40,991 bp):
  mean read depth: 3.3x
  5,901 bp have a depth of zero (85.6042% coverage)
  229 positions changed (0.5587% of total positions)
  estimated pre-polishing sequence accuracy: 99.4413% (Q22.53)

Polishing contig_1161 (12,042 bp):
  mean read depth: 3.2x
  1,557 bp have a depth of zero (87.0703% coverage)
  41 positions changed (0.3405% of total positions)
  estimated pre-polishing sequence accuracy: 99.6595% (Q24.68)

Polishing contig_1162 (29,076 bp):
  mean read depth: 4.3x
  2,099 bp have a depth of zero (92.7810% coverage)
  254 positions changed (0.8736% of total positions)
  estimated pre-polishing sequence accuracy: 99.1264% (Q20.59)

Polishing contig_1163 (21,400 bp):
  mean read depth: 2.1x
  6,755 bp have a depth of zero (68.4346% coverage)
  54 positions changed (0.2523% of total positions)
  estimated pre-polishing sequence accuracy: 99.7477% (Q25.98)

Polishing contig_1164 (2,224,823 bp):
  mean read depth: 34.0x
  224,827 bp have a depth of zero (89.8946% coverage)
  8,526 positions changed (0.3832% of total positions)
  estimated pre-polishing sequence accuracy: 99.6168% (Q24.17)

Polishing contig_1167 (40,797 bp):
  mean read depth: 1.9x
  12,112 bp have a depth of zero (70.3115% coverage)
  55 positions changed (0.1348% of total positions)
  estimated pre-polishing sequence accuracy: 99.8652% (Q28.70)

Polishing contig_1168 (14,808 bp):
  mean read depth: 1.2x
  5,530 bp have a depth of zero (62.6553% coverage)
  0 positions changed (0.0000% of total positions)
  estimated pre-polishing sequence accuracy: 100.0000% (Q∞)

Polishing contig_1169 (47,586 bp):
  mean read depth: 2.4x
  21,007 bp have a depth of zero (55.8547% coverage)
  255 positions changed (0.5359% of total positions)
  estimated pre-polishing sequence accuracy: 99.4641% (Q22.71)

Polishing contig_1170 (45,736 bp):
  mean read depth: 3.9x
  8,292 bp have a depth of zero (81.8699% coverage)
  325 positions changed (0.7106% of total positions)
  estimated pre-polishing sequence accuracy: 99.2894% (Q21.48)

Polishing contig_1171 (22,389 bp):
  mean read depth: 2.7x
  4,256 bp have a depth of zero (80.9907% coverage)
  82 positions changed (0.3663% of total positions)
  estimated pre-polishing sequence accuracy: 99.6337% (Q24.36)

Polishing contig_1172 (11,894 bp):
  mean read depth: 2.1x
  3,535 bp have a depth of zero (70.2791% coverage)
  20 positions changed (0.1682% of total positions)
  estimated pre-polishing sequence accuracy: 99.8318% (Q27.74)

Polishing contig_1173 (4,520 bp):
  mean read depth: 13.6x
  50 bp have a depth of zero (98.8938% coverage)
  22 positions changed (0.4867% of total positions)
  estimated pre-polishing sequence accuracy: 99.5133% (Q23.13)

Polishing contig_1174 (22,230 bp):
  mean read depth: 2.8x
  2,493 bp have a depth of zero (88.7854% coverage)
  68 positions changed (0.3059% of total positions)
  estimated pre-polishing sequence accuracy: 99.6941% (Q25.14)

Polishing contig_1175 (19,898 bp):
  mean read depth: 1.3x
  7,075 bp have a depth of zero (64.4437% coverage)
  1 position changed (0.0050% of total positions)
  estimated pre-polishing sequence accuracy: 99.9950% (Q42.99)

Polishing contig_1176 (11,506 bp):
  mean read depth: 2.1x
  5,197 bp have a depth of zero (54.8323% coverage)
  22 positions changed (0.1912% of total positions)
  estimated pre-polishing sequence accuracy: 99.8088% (Q27.19)

Polishing contig_1177 (11,038 bp):
  mean read depth: 1.4x
  4,534 bp have a depth of zero (58.9237% coverage)
  14 positions changed (0.1268% of total positions)
  estimated pre-polishing sequence accuracy: 99.8732% (Q28.97)

Polishing contig_1178 (11,848 bp):
  mean read depth: 6.9x
  3,725 bp have a depth of zero (68.5601% coverage)
  81 positions changed (0.6837% of total positions)
  estimated pre-polishing sequence accuracy: 99.3163% (Q21.65)

Polishing contig_1179 (19,376 bp):
  mean read depth: 1.7x
  6,985 bp have a depth of zero (63.9502% coverage)
  47 positions changed (0.2426% of total positions)
  estimated pre-polishing sequence accuracy: 99.7574% (Q26.15)

Polishing contig_118 (140,436 bp):
  mean read depth: 3.9x
  12,780 bp have a depth of zero (90.8998% coverage)
  678 positions changed (0.4828% of total positions)
  estimated pre-polishing sequence accuracy: 99.5172% (Q23.16)

Polishing contig_1180 (10,009 bp):
  mean read depth: 8.3x
  1,280 bp have a depth of zero (87.2115% coverage)
  66 positions changed (0.6594% of total positions)
  estimated pre-polishing sequence accuracy: 99.3406% (Q21.81)

Polishing contig_1181 (3,244 bp):
  mean read depth: 9.7x
  16 bp have a depth of zero (99.5068% coverage)
  24 positions changed (0.7398% of total positions)
  estimated pre-polishing sequence accuracy: 99.2602% (Q21.31)

Polishing contig_1182 (9,504 bp):
  mean read depth: 3.4x
  2,583 bp have a depth of zero (72.8220% coverage)
  61 positions changed (0.6418% of total positions)
  estimated pre-polishing sequence accuracy: 99.3582% (Q21.93)

Polishing contig_1183 (8,461 bp):
  mean read depth: 3.8x
  1,080 bp have a depth of zero (87.2356% coverage)
  83 positions changed (0.9810% of total positions)
  estimated pre-polishing sequence accuracy: 99.0190% (Q20.08)

Polishing contig_1184 (10,394 bp):
  mean read depth: 1.5x
  2,438 bp have a depth of zero (76.5442% coverage)
  5 positions changed (0.0481% of total positions)
  estimated pre-polishing sequence accuracy: 99.9519% (Q33.18)

Polishing contig_1185 (6,187 bp):
  mean read depth: 1.5x
  1,810 bp have a depth of zero (70.7451% coverage)
  11 positions changed (0.1778% of total positions)
  estimated pre-polishing sequence accuracy: 99.8222% (Q27.50)

Polishing contig_1186 (34,286 bp):
  mean read depth: 6.4x
  9,464 bp have a depth of zero (72.3969% coverage)
  145 positions changed (0.4229% of total positions)
  estimated pre-polishing sequence accuracy: 99.5771% (Q23.74)

Polishing contig_1187 (206,404 bp):
  mean read depth: 6.7x
  31,359 bp have a depth of zero (84.8070% coverage)
  1,383 positions changed (0.6700% of total positions)
  estimated pre-polishing sequence accuracy: 99.3300% (Q21.74)

Polishing contig_1188 (12,168 bp):
  mean read depth: 0.9x
  6,780 bp have a depth of zero (44.2801% coverage)
  9 positions changed (0.0740% of total positions)
  estimated pre-polishing sequence accuracy: 99.9260% (Q31.31)

Polishing contig_1189 (12,444 bp):
  mean read depth: 1.1x
  5,616 bp have a depth of zero (54.8698% coverage)
  0 positions changed (0.0000% of total positions)
  estimated pre-polishing sequence accuracy: 100.0000% (Q∞)

Polishing contig_119 (70,461 bp):
  mean read depth: 2.8x
  11,121 bp have a depth of zero (84.2168% coverage)
  213 positions changed (0.3023% of total positions)
  estimated pre-polishing sequence accuracy: 99.6977% (Q25.20)

Polishing contig_1190 (39,976 bp):
  mean read depth: 1.8x
  9,427 bp have a depth of zero (76.4184% coverage)
  57 positions changed (0.1426% of total positions)
  estimated pre-polishing sequence accuracy: 99.8574% (Q28.46)

Polishing contig_1191 (18,199 bp):
  mean read depth: 1.4x
  6,533 bp have a depth of zero (64.1024% coverage)
  12 positions changed (0.0659% of total positions)
  estimated pre-polishing sequence accuracy: 99.9341% (Q31.81)

Polishing contig_1192 (27,522 bp):
  mean read depth: 3.4x
  3,704 bp have a depth of zero (86.5417% coverage)
  134 positions changed (0.4869% of total positions)
  estimated pre-polishing sequence accuracy: 99.5131% (Q23.13)

Polishing contig_1193 (13,184 bp):
  mean read depth: 3.8x
  815 bp have a depth of zero (93.8183% coverage)
  99 positions changed (0.7509% of total positions)
  estimated pre-polishing sequence accuracy: 99.2491% (Q21.24)

Polishing contig_1194 (17,343 bp):
  mean read depth: 3.3x
  5,483 bp have a depth of zero (68.3849% coverage)
  115 positions changed (0.6631% of total positions)
  estimated pre-polishing sequence accuracy: 99.3369% (Q21.78)

Polishing contig_1195 (15,463 bp):
  mean read depth: 2.2x
  4,046 bp have a depth of zero (73.8343% coverage)
  30 positions changed (0.1940% of total positions)
  estimated pre-polishing sequence accuracy: 99.8060% (Q27.12)

Polishing contig_1196 (11,277 bp):
  mean read depth: 1.9x
  4,336 bp have a depth of zero (61.5501% coverage)
  19 positions changed (0.1685% of total positions)
  estimated pre-polishing sequence accuracy: 99.8315% (Q27.73)

Polishing contig_1197 (26,033 bp):
  mean read depth: 1.8x
  7,740 bp have a depth of zero (70.2685% coverage)
  25 positions changed (0.0960% of total positions)
  estimated pre-polishing sequence accuracy: 99.9040% (Q30.18)

Polishing contig_1198 (24,113 bp):
  mean read depth: 1.1x
  11,436 bp have a depth of zero (52.5733% coverage)
  9 positions changed (0.0373% of total positions)
  estimated pre-polishing sequence accuracy: 99.9627% (Q34.28)

Polishing contig_1199 (22,075 bp):
  mean read depth: 2.1x
  8,006 bp have a depth of zero (63.7327% coverage)
  73 positions changed (0.3307% of total positions)
  estimated pre-polishing sequence accuracy: 99.6693% (Q24.81)

Polishing contig_12 (2,812,330 bp):
  mean read depth: 8.2x
  43,103 bp have a depth of zero (98.4674% coverage)
  12,722 positions changed (0.4524% of total positions)
  estimated pre-polishing sequence accuracy: 99.5476% (Q23.45)

Polishing contig_120 (25,751 bp):
  mean read depth: 4.7x
  4,253 bp have a depth of zero (83.4841% coverage)
  208 positions changed (0.8077% of total positions)
  estimated pre-polishing sequence accuracy: 99.1923% (Q20.93)

Polishing contig_1200 (3,522 bp):
  mean read depth: 3.5x
  450 bp have a depth of zero (87.2232% coverage)
  16 positions changed (0.4543% of total positions)
  estimated pre-polishing sequence accuracy: 99.5457% (Q23.43)

Polishing contig_1201 (4,386 bp):
  mean read depth: 2.6x
  831 bp have a depth of zero (81.0534% coverage)
  28 positions changed (0.6384% of total positions)
  estimated pre-polishing sequence accuracy: 99.3616% (Q21.95)

Polishing contig_1202 (11,962 bp):
  mean read depth: 4.2x
  2,171 bp have a depth of zero (81.8509% coverage)
  70 positions changed (0.5852% of total positions)
  estimated pre-polishing sequence accuracy: 99.4148% (Q22.33)

Polishing contig_1203 (17,219 bp):
  mean read depth: 1.1x
  7,736 bp have a depth of zero (55.0729% coverage)
  11 positions changed (0.0639% of total positions)
  estimated pre-polishing sequence accuracy: 99.9361% (Q31.95)

Polishing contig_1204 (15,543 bp):
  mean read depth: 1.8x
  9,296 bp have a depth of zero (40.1917% coverage)
  37 positions changed (0.2380% of total positions)
  estimated pre-polishing sequence accuracy: 99.7620% (Q26.23)

Polishing contig_1205 (13,279 bp):
  mean read depth: 3.6x
  2,254 bp have a depth of zero (83.0258% coverage)
  101 positions changed (0.7606% of total positions)
  estimated pre-polishing sequence accuracy: 99.2394% (Q21.19)

Polishing contig_1206 (15,380 bp):
  mean read depth: 3.0x
  5,834 bp have a depth of zero (62.0676% coverage)
  36 positions changed (0.2341% of total positions)
  estimated pre-polishing sequence accuracy: 99.7659% (Q26.31)

Polishing contig_1207 (17,724 bp):
  mean read depth: 4.8x
  1,487 bp have a depth of zero (91.6102% coverage)
  129 positions changed (0.7278% of total positions)
  estimated pre-polishing sequence accuracy: 99.2722% (Q21.38)

Polishing contig_1208 (11,563 bp):
  mean read depth: 0.1x
  11,056 bp have a depth of zero (4.3847% coverage)
  0 positions changed (0.0000% of total positions)
  estimated pre-polishing sequence accuracy: 100.0000% (Q∞)

Polishing contig_1209 (17,425 bp):
  mean read depth: 12.8x
  1,091 bp have a depth of zero (93.7389% coverage)
  56 positions changed (0.3214% of total positions)
  estimated pre-polishing sequence accuracy: 99.6786% (Q24.93)

Polishing contig_121 (26,330 bp):
  mean read depth: 4.2x
  4,452 bp have a depth of zero (83.0915% coverage)
  264 positions changed (1.0027% of total positions)
  estimated pre-polishing sequence accuracy: 98.9973% (Q19.99)

Polishing contig_1210 (19,678 bp):
  mean read depth: 2.3x
  4,189 bp have a depth of zero (78.7123% coverage)
  52 positions changed (0.2643% of total positions)
  estimated pre-polishing sequence accuracy: 99.7357% (Q25.78)

Polishing contig_1211 (7,114 bp):
  mean read depth: 4.6x
  577 bp have a depth of zero (91.8892% coverage)
  74 positions changed (1.0402% of total positions)
  estimated pre-polishing sequence accuracy: 98.9598% (Q19.83)

Polishing contig_1212 (11,106 bp):
  mean read depth: 0.3x
  8,132 bp have a depth of zero (26.7783% coverage)
  0 positions changed (0.0000% of total positions)
  estimated pre-polishing sequence accuracy: 100.0000% (Q∞)

Polishing contig_1213 (29,841 bp):
  mean read depth: 2.0x
  13,310 bp have a depth of zero (55.3969% coverage)
  66 positions changed (0.2212% of total positions)
  estimated pre-polishing sequence accuracy: 99.7788% (Q26.55)

Polishing contig_1214 (33,900 bp):
  mean read depth: 1.6x
  11,700 bp have a depth of zero (65.4867% coverage)
  36 positions changed (0.1062% of total positions)
  estimated pre-polishing sequence accuracy: 99.8938% (Q29.74)

Polishing contig_1215 (104,256 bp):
  mean read depth: 20.6x
  3,497 bp have a depth of zero (96.6458% coverage)
  539 positions changed (0.5170% of total positions)
  estimated pre-polishing sequence accuracy: 99.4830% (Q22.87)

Polishing contig_1216 (13,287 bp):
  mean read depth: 3.7x
  1,014 bp have a depth of zero (92.3685% coverage)
  84 positions changed (0.6322% of total positions)
  estimated pre-polishing sequence accuracy: 99.3678% (Q21.99)

Polishing contig_1217 (2,625 bp):
  mean read depth: 0.5x
  1,727 bp have a depth of zero (34.2095% coverage)
  0 positions changed (0.0000% of total positions)
  estimated pre-polishing sequence accuracy: 100.0000% (Q∞)

Polishing contig_1218 (2,261 bp):
  mean read depth: 0.3x
  1,939 bp have a depth of zero (14.2415% coverage)
  0 positions changed (0.0000% of total positions)
  estimated pre-polishing sequence accuracy: 100.0000% (Q∞)

Polishing contig_1219 (2,640 bp):
  mean read depth: 9.8x
  350 bp have a depth of zero (86.7424% coverage)
  20 positions changed (0.7576% of total positions)
  estimated pre-polishing sequence accuracy: 99.2424% (Q21.21)

Polishing contig_122 (46,406 bp):
  mean read depth: 3.7x
  10,884 bp have a depth of zero (76.5461% coverage)
  346 positions changed (0.7456% of total positions)
  estimated pre-polishing sequence accuracy: 99.2544% (Q21.27)

Polishing contig_1220 (2,595 bp):
  mean read depth: 1.1x
  1,020 bp have a depth of zero (60.6936% coverage)
  0 positions changed (0.0000% of total positions)
  estimated pre-polishing sequence accuracy: 100.0000% (Q∞)

Polishing contig_1221 (8,176 bp):
  mean read depth: 1.8x
  2,880 bp have a depth of zero (64.7750% coverage)
  12 positions changed (0.1468% of total positions)
  estimated pre-polishing sequence accuracy: 99.8532% (Q28.33)

Polishing contig_1222 (18,185 bp):
  mean read depth: 4.5x
  2,050 bp have a depth of zero (88.7270% coverage)
  198 positions changed (1.0888% of total positions)
  estimated pre-polishing sequence accuracy: 98.9112% (Q19.63)

Polishing contig_1223 (33,009 bp):
  mean read depth: 2.3x
  8,807 bp have a depth of zero (73.3194% coverage)
  90 positions changed (0.2727% of total positions)
  estimated pre-polishing sequence accuracy: 99.7273% (Q25.64)

Polishing contig_1224 (8,693 bp):
  mean read depth: 4.0x
  671 bp have a depth of zero (92.2811% coverage)
  70 positions changed (0.8052% of total positions)
  estimated pre-polishing sequence accuracy: 99.1948% (Q20.94)

Polishing contig_1225 (15,612 bp):
  mean read depth: 5.8x
  465 bp have a depth of zero (97.0215% coverage)
  181 positions changed (1.1594% of total positions)
  estimated pre-polishing sequence accuracy: 98.8406% (Q19.36)

Polishing contig_1226 (8,403 bp):
  mean read depth: 1.1x
  3,885 bp have a depth of zero (53.7665% coverage)
  0 positions changed (0.0000% of total positions)
  estimated pre-polishing sequence accuracy: 100.0000% (Q∞)

Polishing contig_1227 (2,503 bp):
  mean read depth: 4.6x
  135 bp have a depth of zero (94.6065% coverage)
  18 positions changed (0.7191% of total positions)
  estimated pre-polishing sequence accuracy: 99.2809% (Q21.43)

Polishing contig_1228 (6,899 bp):
  mean read depth: 4.2x
  397 bp have a depth of zero (94.2455% coverage)
  65 positions changed (0.9422% of total positions)
  estimated pre-polishing sequence accuracy: 99.0578% (Q20.26)

Polishing contig_1229 (19,926 bp):
  mean read depth: 1.1x
  8,393 bp have a depth of zero (57.8792% coverage)
  3 positions changed (0.0151% of total positions)
  estimated pre-polishing sequence accuracy: 99.9849% (Q38.22)

Polishing contig_123 (12,483 bp):
  mean read depth: 2.5x
  3,212 bp have a depth of zero (74.2690% coverage)
  32 positions changed (0.2563% of total positions)
  estimated pre-polishing sequence accuracy: 99.7437% (Q25.91)

Polishing contig_1230 (11,823 bp):
  mean read depth: 1.7x
  3,876 bp have a depth of zero (67.2164% coverage)
  8 positions changed (0.0677% of total positions)
  estimated pre-polishing sequence accuracy: 99.9323% (Q31.70)

Polishing contig_1231 (33,560 bp):
  mean read depth: 1.6x
  10,636 bp have a depth of zero (68.3075% coverage)
  21 positions changed (0.0626% of total positions)
  estimated pre-polishing sequence accuracy: 99.9374% (Q32.04)

Polishing contig_1232 (12,176 bp):
  mean read depth: 1.5x
  3,735 bp have a depth of zero (69.3249% coverage)
  3 positions changed (0.0246% of total positions)
  estimated pre-polishing sequence accuracy: 99.9754% (Q36.08)

Polishing contig_1233 (17,295 bp):
  mean read depth: 3.3x
  4,997 bp have a depth of zero (71.1073% coverage)
  102 positions changed (0.5898% of total positions)
  estimated pre-polishing sequence accuracy: 99.4102% (Q22.29)

Polishing contig_1234 (15,577 bp):
  mean read depth: 0.8x
  14,024 bp have a depth of zero (9.9698% coverage)
  35 positions changed (0.2247% of total positions)
  estimated pre-polishing sequence accuracy: 99.7753% (Q26.48)

Polishing contig_1235 (10,447 bp):
  mean read depth: 6.6x
  4,674 bp have a depth of zero (55.2599% coverage)
  25 positions changed (0.2393% of total positions)
  estimated pre-polishing sequence accuracy: 99.7607% (Q26.21)

Polishing contig_1236 (11,969 bp):
  mean read depth: 2.6x
  4,670 bp have a depth of zero (60.9825% coverage)
  43 positions changed (0.3593% of total positions)
  estimated pre-polishing sequence accuracy: 99.6407% (Q24.45)

Polishing contig_1237 (8,698 bp):
  mean read depth: 2.8x
  2,703 bp have a depth of zero (68.9239% coverage)
  64 positions changed (0.7358% of total positions)
  estimated pre-polishing sequence accuracy: 99.2642% (Q21.33)

Polishing contig_1238 (28,896 bp):
  mean read depth: 1.5x
  10,102 bp have a depth of zero (65.0401% coverage)
  27 positions changed (0.0934% of total positions)
  estimated pre-polishing sequence accuracy: 99.9066% (Q30.29)

Polishing contig_1239 (14,125 bp):
  mean read depth: 2.7x
  2,500 bp have a depth of zero (82.3009% coverage)
  54 positions changed (0.3823% of total positions)
  estimated pre-polishing sequence accuracy: 99.6177% (Q24.18)

Polishing contig_124 (25,623 bp):
  mean read depth: 2.7x
  7,794 bp have a depth of zero (69.5820% coverage)
  100 positions changed (0.3903% of total positions)
  estimated pre-polishing sequence accuracy: 99.6097% (Q24.09)

Polishing contig_1240 (36,438 bp):
  mean read depth: 4.4x
  5,941 bp have a depth of zero (83.6956% coverage)
  266 positions changed (0.7300% of total positions)
  estimated pre-polishing sequence accuracy: 99.2700% (Q21.37)

Polishing contig_1241 (14,099 bp):
  mean read depth: 1.5x
  4,607 bp have a depth of zero (67.3239% coverage)
  9 positions changed (0.0638% of total positions)
  estimated pre-polishing sequence accuracy: 99.9362% (Q31.95)

Polishing contig_1242 (14,159 bp):
  mean read depth: 10.2x
  99 bp have a depth of zero (99.3008% coverage)
  92 positions changed (0.6498% of total positions)
  estimated pre-polishing sequence accuracy: 99.3502% (Q21.87)

Polishing contig_1243 (10,997 bp):
  mean read depth: 0.9x
  6,045 bp have a depth of zero (45.0305% coverage)
  5 positions changed (0.0455% of total positions)
  estimated pre-polishing sequence accuracy: 99.9545% (Q33.42)

Polishing contig_1244 (48,733 bp):
  mean read depth: 2.2x
  10,499 bp have a depth of zero (78.4561% coverage)
  90 positions changed (0.1847% of total positions)
  estimated pre-polishing sequence accuracy: 99.8153% (Q27.34)

Polishing contig_1245 (10,068 bp):
  mean read depth: 3.6x
  683 bp have a depth of zero (93.2161% coverage)
  18 positions changed (0.1788% of total positions)
  estimated pre-polishing sequence accuracy: 99.8212% (Q27.48)

Polishing contig_1246 (20,883 bp):
  mean read depth: 1.9x
  7,187 bp have a depth of zero (65.5844% coverage)
  61 positions changed (0.2921% of total positions)
  estimated pre-polishing sequence accuracy: 99.7079% (Q25.34)

Polishing contig_1247 (3,158 bp):
  mean read depth: 3.0x
  1,024 bp have a depth of zero (67.5744% coverage)
  36 positions changed (1.1400% of total positions)
  estimated pre-polishing sequence accuracy: 98.8600% (Q19.43)

Polishing contig_1248 (15,946 bp):
  mean read depth: 2.2x
  4,621 bp have a depth of zero (71.0209% coverage)
  33 positions changed (0.2069% of total positions)
  estimated pre-polishing sequence accuracy: 99.7931% (Q26.84)

Polishing contig_1249 (6,598 bp):
  mean read depth: 4.3x
  1,425 bp have a depth of zero (78.4025% coverage)
  86 positions changed (1.3034% of total positions)
  estimated pre-polishing sequence accuracy: 98.6966% (Q18.85)

Polishing contig_125 (210,996 bp):
  mean read depth: 4.2x
  21,333 bp have a depth of zero (89.8894% coverage)
  999 positions changed (0.4735% of total positions)
  estimated pre-polishing sequence accuracy: 99.5265% (Q23.25)

Polishing contig_1250 (4,557 bp):
  mean read depth: 5.8x
  369 bp have a depth of zero (91.9026% coverage)
  46 positions changed (1.0094% of total positions)
  estimated pre-polishing sequence accuracy: 98.9906% (Q19.96)

Polishing contig_1251 (5,732 bp):
  mean read depth: 2.8x
  931 bp have a depth of zero (83.7579% coverage)
  18 positions changed (0.3140% of total positions)
  estimated pre-polishing sequence accuracy: 99.6860% (Q25.03)

Polishing contig_1252 (6,866 bp):
  mean read depth: 2.8x
  550 bp have a depth of zero (91.9895% coverage)
  17 positions changed (0.2476% of total positions)
  estimated pre-polishing sequence accuracy: 99.7524% (Q26.06)

Polishing contig_1253 (6,679 bp):
  mean read depth: 0.7x
  3,757 bp have a depth of zero (43.7491% coverage)
  0 positions changed (0.0000% of total positions)
  estimated pre-polishing sequence accuracy: 100.0000% (Q∞)

Polishing contig_1254 (19,424 bp):
  mean read depth: 4.1x
  4,545 bp have a depth of zero (76.6011% coverage)
  219 positions changed (1.1275% of total positions)
  estimated pre-polishing sequence accuracy: 98.8725% (Q19.48)

Polishing contig_1255 (42,213 bp):
  mean read depth: 2.2x
  10,069 bp have a depth of zero (76.1472% coverage)
  83 positions changed (0.1966% of total positions)
  estimated pre-polishing sequence accuracy: 99.8034% (Q27.06)

Polishing contig_1256 (37,783 bp):
  mean read depth: 4.4x
  3,962 bp have a depth of zero (89.5138% coverage)
  235 positions changed (0.6220% of total positions)
  estimated pre-polishing sequence accuracy: 99.3780% (Q22.06)

Polishing contig_1257 (16,316 bp):
  mean read depth: 3.4x
  4,313 bp have a depth of zero (73.5658% coverage)
  75 positions changed (0.4597% of total positions)
  estimated pre-polishing sequence accuracy: 99.5403% (Q23.38)

Polishing contig_1258 (18,550 bp):
  mean read depth: 2.4x
  7,173 bp have a depth of zero (61.3315% coverage)
  100 positions changed (0.5391% of total positions)
  estimated pre-polishing sequence accuracy: 99.4609% (Q22.68)

Polishing contig_1259 (4,620 bp):
  mean read depth: 7.9x
  630 bp have a depth of zero (86.3636% coverage)
  37 positions changed (0.8009% of total positions)
  estimated pre-polishing sequence accuracy: 99.1991% (Q20.96)

Polishing contig_126 (101,283 bp):
  mean read depth: 4.8x
  8,597 bp have a depth of zero (91.5119% coverage)
  800 positions changed (0.7899% of total positions)
  estimated pre-polishing sequence accuracy: 99.2101% (Q21.02)

Polishing contig_1260 (19,729 bp):
  mean read depth: 2.4x
  3,626 bp have a depth of zero (81.6210% coverage)
  64 positions changed (0.3244% of total positions)
  estimated pre-polishing sequence accuracy: 99.6756% (Q24.89)

Polishing contig_1261 (141,931 bp):
  mean read depth: 4.9x
  7,103 bp have a depth of zero (94.9955% coverage)
  1,179 positions changed (0.8307% of total positions)
  estimated pre-polishing sequence accuracy: 99.1693% (Q20.81)

Polishing contig_1262 (22,473 bp):
  mean read depth: 1.8x
  5,921 bp have a depth of zero (73.6528% coverage)
  24 positions changed (0.1068% of total positions)
  estimated pre-polishing sequence accuracy: 99.8932% (Q29.71)

Polishing contig_1263 (5,725 bp):
  mean read depth: 2.2x
  2,421 bp have a depth of zero (57.7118% coverage)
  17 positions changed (0.2969% of total positions)
  estimated pre-polishing sequence accuracy: 99.7031% (Q25.27)

Polishing contig_1264 (10,457 bp):
  mean read depth: 3.2x
  3,402 bp have a depth of zero (67.4668% coverage)
  67 positions changed (0.6407% of total positions)
  estimated pre-polishing sequence accuracy: 99.3593% (Q21.93)

Polishing contig_1265 (21,222 bp):
  mean read depth: 2.0x
  4,743 bp have a depth of zero (77.6506% coverage)
  41 positions changed (0.1932% of total positions)
  estimated pre-polishing sequence accuracy: 99.8068% (Q27.14)

Polishing contig_1266 (8,305 bp):
  mean read depth: 3.5x
  2,048 bp have a depth of zero (75.3402% coverage)
  60 positions changed (0.7225% of total positions)
  estimated pre-polishing sequence accuracy: 99.2775% (Q21.41)

Polishing contig_1267 (22,979 bp):
  mean read depth: 1.3x
  9,739 bp have a depth of zero (57.6178% coverage)
  26 positions changed (0.1131% of total positions)
  estimated pre-polishing sequence accuracy: 99.8869% (Q29.46)

Polishing contig_1268 (24,766 bp):
  mean read depth: 0.7x
  16,613 bp have a depth of zero (32.9201% coverage)
  4 positions changed (0.0162% of total positions)
  estimated pre-polishing sequence accuracy: 99.9838% (Q37.92)

Polishing contig_1269 (11,792 bp):
  mean read depth: 3.7x
  1,509 bp have a depth of zero (87.2032% coverage)
  132 positions changed (1.1194% of total positions)
  estimated pre-polishing sequence accuracy: 98.8806% (Q19.51)

Polishing contig_127 (6,766 bp):
  mean read depth: 2.7x
  1,844 bp have a depth of zero (72.7461% coverage)
  28 positions changed (0.4138% of total positions)
  estimated pre-polishing sequence accuracy: 99.5862% (Q23.83)

Polishing contig_1271 (2,946 bp):
  mean read depth: 10.5x
  634 bp have a depth of zero (78.4793% coverage)
  11 positions changed (0.3734% of total positions)
  estimated pre-polishing sequence accuracy: 99.6266% (Q24.28)

Polishing contig_1272 (12,259 bp):
  mean read depth: 3.8x
  2,703 bp have a depth of zero (77.9509% coverage)
  94 positions changed (0.7668% of total positions)
  estimated pre-polishing sequence accuracy: 99.2332% (Q21.15)

Polishing contig_1273 (114,840 bp):
  mean read depth: 5.1x
  5,861 bp have a depth of zero (94.8964% coverage)
  998 positions changed (0.8690% of total positions)
  estimated pre-polishing sequence accuracy: 99.1310% (Q20.61)

Polishing contig_1274 (14,228 bp):
  mean read depth: 2.5x
  2,763 bp have a depth of zero (80.5805% coverage)
  44 positions changed (0.3092% of total positions)
  estimated pre-polishing sequence accuracy: 99.6908% (Q25.10)

Polishing contig_1275 (10,025 bp):
  mean read depth: 4.2x
  2,086 bp have a depth of zero (79.1920% coverage)
  68 positions changed (0.6783% of total positions)
  estimated pre-polishing sequence accuracy: 99.3217% (Q21.69)

Polishing contig_1276 (4,130 bp):
  mean read depth: 9.5x
  625 bp have a depth of zero (84.8668% coverage)
  44 positions changed (1.0654% of total positions)
  estimated pre-polishing sequence accuracy: 98.9346% (Q19.72)

Polishing contig_1278 (114,231 bp):
  mean read depth: 7.2x
  4,201 bp have a depth of zero (96.3224% coverage)
  617 positions changed (0.5401% of total positions)
  estimated pre-polishing sequence accuracy: 99.4599% (Q22.67)

Polishing contig_1279 (1,720 bp):
  mean read depth: 17.9x
  17 bp have a depth of zero (99.0116% coverage)
  8 positions changed (0.4651% of total positions)
  estimated pre-polishing sequence accuracy: 99.5349% (Q23.32)

Polishing contig_128 (20,749 bp):
  mean read depth: 8.5x
  3,741 bp have a depth of zero (81.9702% coverage)
  146 positions changed (0.7036% of total positions)
  estimated pre-polishing sequence accuracy: 99.2964% (Q21.53)

Polishing contig_1280 (3,293 bp):
  mean read depth: 0.0x
  3,293 bp have a depth of zero (0.0000% coverage)
  0 positions changed (0.0000% of total positions)
  estimated pre-polishing sequence accuracy: 100.0000% (Q∞)

Polishing contig_1281 (1,732,286 bp):
  mean read depth: 34.7x
  7,151 bp have a depth of zero (99.5872% coverage)
  9,779 positions changed (0.5645% of total positions)
  estimated pre-polishing sequence accuracy: 99.4355% (Q22.48)

Polishing contig_1282 (89,825 bp):
  mean read depth: 1.4x
  33,084 bp have a depth of zero (63.1684% coverage)
  61 positions changed (0.0679% of total positions)
  estimated pre-polishing sequence accuracy: 99.9321% (Q31.68)

Polishing contig_1283 (11,070 bp):
  mean read depth: 0.8x
  5,878 bp have a depth of zero (46.9015% coverage)
  0 positions changed (0.0000% of total positions)
  estimated pre-polishing sequence accuracy: 100.0000% (Q∞)

Polishing contig_1284 (30,709 bp):
  mean read depth: 3.8x
  5,953 bp have a depth of zero (80.6148% coverage)
  158 positions changed (0.5145% of total positions)
  estimated pre-polishing sequence accuracy: 99.4855% (Q22.89)

Polishing contig_1285 (21,167 bp):
  mean read depth: 2.3x
  6,257 bp have a depth of zero (70.4398% coverage)
  74 positions changed (0.3496% of total positions)
  estimated pre-polishing sequence accuracy: 99.6504% (Q24.56)

Polishing contig_1286 (7,410 bp):
  mean read depth: 3.0x
  1,248 bp have a depth of zero (83.1579% coverage)
  47 positions changed (0.6343% of total positions)
  estimated pre-polishing sequence accuracy: 99.3657% (Q21.98)

Polishing contig_1287 (11,957 bp):
  mean read depth: 2.3x
  1,948 bp have a depth of zero (83.7083% coverage)
  15 positions changed (0.1254% of total positions)
  estimated pre-polishing sequence accuracy: 99.8746% (Q29.02)

Polishing contig_1288 (32,435 bp):
  mean read depth: 18.3x
  6,090 bp have a depth of zero (81.2240% coverage)
  119 positions changed (0.3669% of total positions)
  estimated pre-polishing sequence accuracy: 99.6331% (Q24.35)

Polishing contig_1289 (17,686 bp):
  mean read depth: 1.0x
  9,160 bp have a depth of zero (48.2076% coverage)
  16 positions changed (0.0905% of total positions)
  estimated pre-polishing sequence accuracy: 99.9095% (Q30.44)

Polishing contig_129 (214,121 bp):
  mean read depth: 8.6x
  27,368 bp have a depth of zero (87.2184% coverage)
  1,597 positions changed (0.7458% of total positions)
  estimated pre-polishing sequence accuracy: 99.2542% (Q21.27)

Polishing contig_1290 (23,783 bp):
  mean read depth: 2.3x
  4,802 bp have a depth of zero (79.8091% coverage)
  39 positions changed (0.1640% of total positions)
  estimated pre-polishing sequence accuracy: 99.8360% (Q27.85)

Polishing contig_1291 (2,352 bp):
  mean read depth: 27.6x
  29 bp have a depth of zero (98.7670% coverage)
  17 positions changed (0.7228% of total positions)
  estimated pre-polishing sequence accuracy: 99.2772% (Q21.41)

Polishing contig_1292 (1,181 bp):
  mean read depth: 0.5x
  862 bp have a depth of zero (27.0110% coverage)
  0 positions changed (0.0000% of total positions)
  estimated pre-polishing sequence accuracy: 100.0000% (Q∞)

Polishing contig_1294 (22,601 bp):
  mean read depth: 3.2x
  5,057 bp have a depth of zero (77.6249% coverage)
  97 positions changed (0.4292% of total positions)
  estimated pre-polishing sequence accuracy: 99.5708% (Q23.67)

Polishing contig_1295 (3,667 bp):
  mean read depth: 1.6x
  1,015 bp have a depth of zero (72.3207% coverage)
  6 positions changed (0.1636% of total positions)
  estimated pre-polishing sequence accuracy: 99.8364% (Q27.86)

Polishing contig_1296 (16,156 bp):
  mean read depth: 3.2x
  2,367 bp have a depth of zero (85.3491% coverage)
  108 positions changed (0.6685% of total positions)
  estimated pre-polishing sequence accuracy: 99.3315% (Q21.75)

Polishing contig_1297 (48,893 bp):
  mean read depth: 1.3x
  18,006 bp have a depth of zero (63.1726% coverage)
  39 positions changed (0.0798% of total positions)
  estimated pre-polishing sequence accuracy: 99.9202% (Q30.98)

Polishing contig_1298 (31,978 bp):
  mean read depth: 3.1x
  5,432 bp have a depth of zero (83.0133% coverage)
  141 positions changed (0.4409% of total positions)
  estimated pre-polishing sequence accuracy: 99.5591% (Q23.56)

Polishing contig_1299 (10,737 bp):
  mean read depth: 3.6x
  3,508 bp have a depth of zero (67.3279% coverage)
  110 positions changed (1.0245% of total positions)
  estimated pre-polishing sequence accuracy: 98.9755% (Q19.89)

Polishing contig_13 (237,549 bp):
  mean read depth: 7.2x
  15,980 bp have a depth of zero (93.2730% coverage)
  1,146 positions changed (0.4824% of total positions)
  estimated pre-polishing sequence accuracy: 99.5176% (Q23.17)

Polishing contig_130 (13,138 bp):
  mean read depth: 1.3x
  5,559 bp have a depth of zero (57.6876% coverage)
  2 positions changed (0.0152% of total positions)
  estimated pre-polishing sequence accuracy: 99.9848% (Q38.17)

Polishing contig_1300 (13,216 bp):
  mean read depth: 2.5x
  3,681 bp have a depth of zero (72.1474% coverage)
  58 positions changed (0.4389% of total positions)
  estimated pre-polishing sequence accuracy: 99.5611% (Q23.58)

Polishing contig_1301 (12,568 bp):
  mean read depth: 1.8x
  3,127 bp have a depth of zero (75.1194% coverage)
  27 positions changed (0.2148% of total positions)
  estimated pre-polishing sequence accuracy: 99.7852% (Q26.68)

Polishing contig_1302 (23,346 bp):
  mean read depth: 1.0x
  10,610 bp have a depth of zero (54.5532% coverage)
  2 positions changed (0.0086% of total positions)
  estimated pre-polishing sequence accuracy: 99.9914% (Q40.67)

Polishing contig_1303 (37,373 bp):
  mean read depth: 1.5x
  13,394 bp have a depth of zero (64.1613% coverage)
  19 positions changed (0.0508% of total positions)
  estimated pre-polishing sequence accuracy: 99.9492% (Q32.94)

Polishing contig_1304 (10,661 bp):
  mean read depth: 2.5x
  2,254 bp have a depth of zero (78.8575% coverage)
  51 positions changed (0.4784% of total positions)
  estimated pre-polishing sequence accuracy: 99.5216% (Q23.20)

Polishing contig_1305 (12,351 bp):
  mean read depth: 0.8x
  7,163 bp have a depth of zero (42.0047% coverage)
  4 positions changed (0.0324% of total positions)
  estimated pre-polishing sequence accuracy: 99.9676% (Q34.90)

Polishing contig_1306 (14,902 bp):
  mean read depth: 3.5x
  1,100 bp have a depth of zero (92.6184% coverage)
  78 positions changed (0.5234% of total positions)
  estimated pre-polishing sequence accuracy: 99.4766% (Q22.81)

Polishing contig_1307 (24,513 bp):
  mean read depth: 2.1x
  8,976 bp have a depth of zero (63.3827% coverage)
  76 positions changed (0.3100% of total positions)
  estimated pre-polishing sequence accuracy: 99.6900% (Q25.09)

Polishing contig_1308 (28,610 bp):
  mean read depth: 2.4x
  6,410 bp have a depth of zero (77.5952% coverage)
  117 positions changed (0.4089% of total positions)
  estimated pre-polishing sequence accuracy: 99.5911% (Q23.88)

Polishing contig_1309 (21,563 bp):
  mean read depth: 1.8x
  7,126 bp have a depth of zero (66.9527% coverage)
  53 positions changed (0.2458% of total positions)
  estimated pre-polishing sequence accuracy: 99.7542% (Q26.09)

Polishing contig_131 (18,097 bp):
  mean read depth: 3.2x
  1,436 bp have a depth of zero (92.0650% coverage)
  58 positions changed (0.3205% of total positions)
  estimated pre-polishing sequence accuracy: 99.6795% (Q24.94)

Polishing contig_1310 (21,358 bp):
  mean read depth: 3.3x
  2,715 bp have a depth of zero (87.2881% coverage)
  114 positions changed (0.5338% of total positions)
  estimated pre-polishing sequence accuracy: 99.4662% (Q22.73)

Polishing contig_1311 (57,129 bp):
  mean read depth: 2.1x
  28,798 bp have a depth of zero (49.5913% coverage)
  176 positions changed (0.3081% of total positions)
  estimated pre-polishing sequence accuracy: 99.6919% (Q25.11)

Polishing contig_1312 (10,239 bp):
  mean read depth: 1.5x
  4,558 bp have a depth of zero (55.4839% coverage)
  11 positions changed (0.1074% of total positions)
  estimated pre-polishing sequence accuracy: 99.8926% (Q29.69)

Polishing contig_1313 (13,786 bp):
  mean read depth: 1.7x
  4,486 bp have a depth of zero (67.4597% coverage)
  10 positions changed (0.0725% of total positions)
  estimated pre-polishing sequence accuracy: 99.9275% (Q31.39)

Polishing contig_1314 (9,526 bp):
  mean read depth: 7.5x
  2,852 bp have a depth of zero (70.0609% coverage)
  39 positions changed (0.4094% of total positions)
  estimated pre-polishing sequence accuracy: 99.5906% (Q23.88)

Polishing contig_1315 (5,535 bp):
  mean read depth: 3.6x
  703 bp have a depth of zero (87.2990% coverage)
  52 positions changed (0.9395% of total positions)
  estimated pre-polishing sequence accuracy: 99.0605% (Q20.27)

Polishing contig_1316 (3,345 bp):
  mean read depth: 4.0x
  192 bp have a depth of zero (94.2601% coverage)
  27 positions changed (0.8072% of total positions)
  estimated pre-polishing sequence accuracy: 99.1928% (Q20.93)

Polishing contig_1317 (20,894 bp):
  mean read depth: 1.1x
  8,592 bp have a depth of zero (58.8781% coverage)
  10 positions changed (0.0479% of total positions)
  estimated pre-polishing sequence accuracy: 99.9521% (Q33.20)

Polishing contig_1318 (13,868 bp):
  mean read depth: 5.0x
  312 bp have a depth of zero (97.7502% coverage)
  174 positions changed (1.2547% of total positions)
  estimated pre-polishing sequence accuracy: 98.7453% (Q19.01)

Polishing contig_1319 (13,120 bp):
  mean read depth: 3.5x
  5,021 bp have a depth of zero (61.7302% coverage)
  127 positions changed (0.9680% of total positions)
  estimated pre-polishing sequence accuracy: 99.0320% (Q20.14)

Polishing contig_132 (7,284 bp):
  mean read depth: 7.9x
  3,323 bp have a depth of zero (54.3795% coverage)
  27 positions changed (0.3707% of total positions)
  estimated pre-polishing sequence accuracy: 99.6293% (Q24.31)

Polishing contig_1320 (18,505 bp):
  mean read depth: 1.8x
  7,987 bp have a depth of zero (56.8387% coverage)
  43 positions changed (0.2324% of total positions)
  estimated pre-polishing sequence accuracy: 99.7676% (Q26.34)

Polishing contig_1321 (31,517 bp):
  mean read depth: 2.5x
  8,523 bp have a depth of zero (72.9575% coverage)
  119 positions changed (0.3776% of total positions)
  estimated pre-polishing sequence accuracy: 99.6224% (Q24.23)

Polishing contig_1322 (19,983 bp):
  mean read depth: 1.1x
  9,465 bp have a depth of zero (52.6347% coverage)
  13 positions changed (0.0651% of total positions)
  estimated pre-polishing sequence accuracy: 99.9349% (Q31.87)

Polishing contig_1323 (16,279 bp):
  mean read depth: 1.6x
  5,703 bp have a depth of zero (64.9671% coverage)
  19 positions changed (0.1167% of total positions)
  estimated pre-polishing sequence accuracy: 99.8833% (Q29.33)

Polishing contig_1324 (18,319 bp):
  mean read depth: 4.0x
  1,768 bp have a depth of zero (90.3488% coverage)
  171 positions changed (0.9335% of total positions)
  estimated pre-polishing sequence accuracy: 99.0665% (Q20.30)

Polishing contig_1325 (16,569 bp):
  mean read depth: 2.1x
  8,500 bp have a depth of zero (48.6994% coverage)
  65 positions changed (0.3923% of total positions)
  estimated pre-polishing sequence accuracy: 99.6077% (Q24.06)

Polishing contig_1326 (15,818 bp):
  mean read depth: 1.4x
  9,331 bp have a depth of zero (41.0102% coverage)
  21 positions changed (0.1328% of total positions)
  estimated pre-polishing sequence accuracy: 99.8672% (Q28.77)

Polishing contig_1327 (2,348 bp):
  mean read depth: 4.1x
  51 bp have a depth of zero (97.8279% coverage)
  14 positions changed (0.5963% of total positions)
  estimated pre-polishing sequence accuracy: 99.4037% (Q22.25)

Polishing contig_1328 (10,736 bp):
  mean read depth: 2.1x
  3,251 bp have a depth of zero (69.7187% coverage)
  23 positions changed (0.2142% of total positions)
  estimated pre-polishing sequence accuracy: 99.7858% (Q26.69)

Polishing contig_1329 (9,731 bp):
  mean read depth: 1.2x
  4,418 bp have a depth of zero (54.5987% coverage)
  14 positions changed (0.1439% of total positions)
  estimated pre-polishing sequence accuracy: 99.8561% (Q28.42)

Polishing contig_133 (20,200 bp):
  mean read depth: 1.5x
  8,727 bp have a depth of zero (56.7970% coverage)
  23 positions changed (0.1139% of total positions)
  estimated pre-polishing sequence accuracy: 99.8861% (Q29.44)

Polishing contig_1330 (14,566 bp):
  mean read depth: 1.8x
  3,765 bp have a depth of zero (74.1521% coverage)
  14 positions changed (0.0961% of total positions)
  estimated pre-polishing sequence accuracy: 99.9039% (Q30.17)

Polishing contig_1331 (13,292 bp):
  mean read depth: 3.9x
  2,395 bp have a depth of zero (81.9816% coverage)
  103 positions changed (0.7749% of total positions)
  estimated pre-polishing sequence accuracy: 99.2251% (Q21.11)

Polishing contig_1332 (13,089 bp):
  mean read depth: 1.7x
  4,214 bp have a depth of zero (67.8050% coverage)
  20 positions changed (0.1528% of total positions)
  estimated pre-polishing sequence accuracy: 99.8472% (Q28.16)

Polishing contig_1333 (23,900 bp):
  mean read depth: 3.7x
  6,074 bp have a depth of zero (74.5858% coverage)
  118 positions changed (0.4937% of total positions)
  estimated pre-polishing sequence accuracy: 99.5063% (Q23.07)

Polishing contig_1334 (380,207 bp):
  mean read depth: 15.7x
  1,274 bp have a depth of zero (99.6649% coverage)
  2,182 positions changed (0.5739% of total positions)
  estimated pre-polishing sequence accuracy: 99.4261% (Q22.41)

Polishing contig_1335 (6,731 bp):
  mean read depth: 4.7x
  206 bp have a depth of zero (96.9395% coverage)
  43 positions changed (0.6388% of total positions)
  estimated pre-polishing sequence accuracy: 99.3612% (Q21.95)

Polishing contig_1336 (2,879 bp):
  mean read depth: 5.0x
  79 bp have a depth of zero (97.2560% coverage)
  19 positions changed (0.6600% of total positions)
  estimated pre-polishing sequence accuracy: 99.3400% (Q21.80)

Polishing contig_1337 (7,969 bp):
  mean read depth: 2.7x
  2,259 bp have a depth of zero (71.6527% coverage)
  50 positions changed (0.6274% of total positions)
  estimated pre-polishing sequence accuracy: 99.3726% (Q22.02)

Polishing contig_1338 (6,175 bp):
  mean read depth: 12.6x
  90 bp have a depth of zero (98.5425% coverage)
  60 positions changed (0.9717% of total positions)
  estimated pre-polishing sequence accuracy: 99.0283% (Q20.12)

Polishing contig_1339 (52,258 bp):
  mean read depth: 4.3x
  4,353 bp have a depth of zero (91.6702% coverage)
  456 positions changed (0.8726% of total positions)
  estimated pre-polishing sequence accuracy: 99.1274% (Q20.59)

Polishing contig_134 (22,554 bp):
  mean read depth: 1.9x
  8,020 bp have a depth of zero (64.4409% coverage)
  39 positions changed (0.1729% of total positions)
  estimated pre-polishing sequence accuracy: 99.8271% (Q27.62)

Polishing contig_1340 (7,398 bp):
  mean read depth: 0.8x
  4,036 bp have a depth of zero (45.4447% coverage)
  0 positions changed (0.0000% of total positions)
  estimated pre-polishing sequence accuracy: 100.0000% (Q∞)

Polishing contig_1341 (62,385 bp):
  mean read depth: 3.1x
  5,871 bp have a depth of zero (90.5891% coverage)
  201 positions changed (0.3222% of total positions)
  estimated pre-polishing sequence accuracy: 99.6778% (Q24.92)

Polishing contig_1342 (9,504 bp):
  mean read depth: 3.5x
  1,917 bp have a depth of zero (79.8295% coverage)
  71 positions changed (0.7471% of total positions)
  estimated pre-polishing sequence accuracy: 99.2529% (Q21.27)

Polishing contig_1343 (9,663 bp):
  mean read depth: 8.2x
  2,168 bp have a depth of zero (77.5639% coverage)
  37 positions changed (0.3829% of total positions)
  estimated pre-polishing sequence accuracy: 99.6171% (Q24.17)

Polishing contig_1344 (25,964 bp):
  mean read depth: 1.4x
  9,633 bp have a depth of zero (62.8986% coverage)
  14 positions changed (0.0539% of total positions)
  estimated pre-polishing sequence accuracy: 99.9461% (Q32.68)

Polishing contig_1345 (16,388 bp):
  mean read depth: 0.7x
  9,944 bp have a depth of zero (39.3215% coverage)
  4 positions changed (0.0244% of total positions)
  estimated pre-polishing sequence accuracy: 99.9756% (Q36.12)

Polishing contig_1346 (49,510 bp):
  mean read depth: 3.7x
  12,046 bp have a depth of zero (75.6696% coverage)
  325 positions changed (0.6564% of total positions)
  estimated pre-polishing sequence accuracy: 99.3436% (Q21.83)

Polishing contig_1347 (31,512 bp):
  mean read depth: 1.4x
  12,729 bp have a depth of zero (59.6059% coverage)
  35 positions changed (0.1111% of total positions)
  estimated pre-polishing sequence accuracy: 99.8889% (Q29.54)

Polishing contig_1348 (60,742 bp):
  mean read depth: 3.7x
  9,026 bp have a depth of zero (85.1404% coverage)
  455 positions changed (0.7491% of total positions)
  estimated pre-polishing sequence accuracy: 99.2509% (Q21.25)

Polishing contig_1349 (5,674 bp):
  mean read depth: 3.2x
  1,180 bp have a depth of zero (79.2034% coverage)
  16 positions changed (0.2820% of total positions)
  estimated pre-polishing sequence accuracy: 99.7180% (Q25.50)

Polishing contig_135 (6,649 bp):
  mean read depth: 3.9x
  118 bp have a depth of zero (98.2253% coverage)
  52 positions changed (0.7821% of total positions)
  estimated pre-polishing sequence accuracy: 99.2179% (Q21.07)

Polishing contig_1350 (14,301 bp):
  mean read depth: 2.3x
  2,203 bp have a depth of zero (84.5955% coverage)
  27 positions changed (0.1888% of total positions)
  estimated pre-polishing sequence accuracy: 99.8112% (Q27.24)

Polishing contig_1351 (124,041 bp):
  mean read depth: 4.8x
  18,365 bp have a depth of zero (85.1944% coverage)
  885 positions changed (0.7135% of total positions)
  estimated pre-polishing sequence accuracy: 99.2865% (Q21.47)

Polishing contig_1352 (7,890 bp):
  mean read depth: 1.3x
  4,931 bp have a depth of zero (37.5032% coverage)
  7 positions changed (0.0887% of total positions)
  estimated pre-polishing sequence accuracy: 99.9113% (Q30.52)

Polishing contig_1353 (18,721 bp):
  mean read depth: 1.6x
  10,547 bp have a depth of zero (43.6622% coverage)
  24 positions changed (0.1282% of total positions)
  estimated pre-polishing sequence accuracy: 99.8718% (Q28.92)

Polishing contig_1354 (11,237 bp):
  mean read depth: 4.3x
  718 bp have a depth of zero (93.6104% coverage)
  98 positions changed (0.8721% of total positions)
  estimated pre-polishing sequence accuracy: 99.1279% (Q20.59)

Polishing contig_1355 (104,107 bp):
  mean read depth: 2.9x
  13,241 bp have a depth of zero (87.2814% coverage)
  456 positions changed (0.4380% of total positions)
  estimated pre-polishing sequence accuracy: 99.5620% (Q23.59)

Polishing contig_1356 (5,159 bp):
  mean read depth: 7.1x
  1,201 bp have a depth of zero (76.7203% coverage)
  23 positions changed (0.4458% of total positions)
  estimated pre-polishing sequence accuracy: 99.5542% (Q23.51)

Polishing contig_1357 (7,904 bp):
  mean read depth: 1.7x
  2,235 bp have a depth of zero (71.7232% coverage)
  14 positions changed (0.1771% of total positions)
  estimated pre-polishing sequence accuracy: 99.8229% (Q27.52)

Polishing contig_1358 (26,669 bp):
  mean read depth: 0.9x
  18,830 bp have a depth of zero (29.3937% coverage)
  38 positions changed (0.1425% of total positions)
  estimated pre-polishing sequence accuracy: 99.8575% (Q28.46)

Polishing contig_1359 (2,843 bp):
  mean read depth: 1.2x
  1,560 bp have a depth of zero (45.1284% coverage)
  6 positions changed (0.2110% of total positions)
  estimated pre-polishing sequence accuracy: 99.7890% (Q26.76)

Polishing contig_136 (8,758 bp):
  mean read depth: 10.2x
  40 bp have a depth of zero (99.5433% coverage)
  94 positions changed (1.0733% of total positions)
  estimated pre-polishing sequence accuracy: 98.9267% (Q19.69)

Polishing contig_1360 (11,625 bp):
  mean read depth: 3.3x
  1,018 bp have a depth of zero (91.2430% coverage)
  54 positions changed (0.4645% of total positions)
  estimated pre-polishing sequence accuracy: 99.5355% (Q23.33)

Polishing contig_1361 (3,216 bp):
  mean read depth: 2.4x
  496 bp have a depth of zero (84.5771% coverage)
  2 positions changed (0.0622% of total positions)
  estimated pre-polishing sequence accuracy: 99.9378% (Q32.06)

Polishing contig_1362 (4,653 bp):
  mean read depth: 3.8x
  610 bp have a depth of zero (86.8902% coverage)
  41 positions changed (0.8812% of total positions)
  estimated pre-polishing sequence accuracy: 99.1188% (Q20.55)

Polishing contig_1363 (137,864 bp):
  mean read depth: 6.0x
  2,810 bp have a depth of zero (97.9618% coverage)
  1,135 positions changed (0.8233% of total positions)
  estimated pre-polishing sequence accuracy: 99.1767% (Q20.84)

Polishing contig_1364 (13,866 bp):
  mean read depth: 1.2x
  5,972 bp have a depth of zero (56.9306% coverage)
  7 positions changed (0.0505% of total positions)
  estimated pre-polishing sequence accuracy: 99.9495% (Q32.97)

Polishing contig_1365 (18,245 bp):
  mean read depth: 1.4x
  5,860 bp have a depth of zero (67.8816% coverage)
  4 positions changed (0.0219% of total positions)
  estimated pre-polishing sequence accuracy: 99.9781% (Q36.59)

Polishing contig_1366 (9,496 bp):
  mean read depth: 2.9x
  1,028 bp have a depth of zero (89.1744% coverage)
  25 positions changed (0.2633% of total positions)
  estimated pre-polishing sequence accuracy: 99.7367% (Q25.80)

Polishing contig_1367 (21,318 bp):
  mean read depth: 4.1x
  2,518 bp have a depth of zero (88.1884% coverage)
  177 positions changed (0.8303% of total positions)
  estimated pre-polishing sequence accuracy: 99.1697% (Q20.81)

Polishing contig_1368 (18,253 bp):
  mean read depth: 1.7x
  7,281 bp have a depth of zero (60.1107% coverage)
  14 positions changed (0.0767% of total positions)
  estimated pre-polishing sequence accuracy: 99.9233% (Q31.15)

Polishing contig_1369 (15,040 bp):
  mean read depth: 1.4x
  5,609 bp have a depth of zero (62.7061% coverage)
  20 positions changed (0.1330% of total positions)
  estimated pre-polishing sequence accuracy: 99.8670% (Q28.76)

Polishing contig_137 (27,334 bp):
  mean read depth: 1.4x
  12,163 bp have a depth of zero (55.5023% coverage)
  30 positions changed (0.1098% of total positions)
  estimated pre-polishing sequence accuracy: 99.8902% (Q29.60)

Polishing contig_1370 (7,047 bp):
  mean read depth: 4.8x
  574 bp have a depth of zero (91.8547% coverage)
  28 positions changed (0.3973% of total positions)
  estimated pre-polishing sequence accuracy: 99.6027% (Q24.01)

Polishing contig_1371 (12,615 bp):
  mean read depth: 2.2x
  3,059 bp have a depth of zero (75.7511% coverage)
  33 positions changed (0.2616% of total positions)
  estimated pre-polishing sequence accuracy: 99.7384% (Q25.82)

Polishing contig_1372 (13,108 bp):
  mean read depth: 1.7x
  5,240 bp have a depth of zero (60.0244% coverage)
  27 positions changed (0.2060% of total positions)
  estimated pre-polishing sequence accuracy: 99.7940% (Q26.86)

Polishing contig_1373 (23,768 bp):
  mean read depth: 3.2x
  8,308 bp have a depth of zero (65.0454% coverage)
  109 positions changed (0.4586% of total positions)
  estimated pre-polishing sequence accuracy: 99.5414% (Q23.39)

Polishing contig_1374 (32,961 bp):
  mean read depth: 4.8x
  3,635 bp have a depth of zero (88.9718% coverage)
  276 positions changed (0.8374% of total positions)
  estimated pre-polishing sequence accuracy: 99.1626% (Q20.77)

Polishing contig_1375 (14,798 bp):
  mean read depth: 3.6x
  1,936 bp have a depth of zero (86.9172% coverage)
  118 positions changed (0.7974% of total positions)
  estimated pre-polishing sequence accuracy: 99.2026% (Q20.98)

Polishing contig_1376 (13,546 bp):
  mean read depth: 1.0x
  6,103 bp have a depth of zero (54.9461% coverage)
  5 positions changed (0.0369% of total positions)
  estimated pre-polishing sequence accuracy: 99.9631% (Q34.33)

Polishing contig_1377 (5,305 bp):
  mean read depth: 7.8x
  434 bp have a depth of zero (91.8190% coverage)
  61 positions changed (1.1499% of total positions)
  estimated pre-polishing sequence accuracy: 98.8501% (Q19.39)

Polishing contig_1378 (15,102 bp):
  mean read depth: 2.5x
  3,406 bp have a depth of zero (77.4467% coverage)
  31 positions changed (0.2053% of total positions)
  estimated pre-polishing sequence accuracy: 99.7947% (Q26.88)

Polishing contig_1379 (13,617 bp):
  mean read depth: 0.7x
  7,140 bp have a depth of zero (47.5655% coverage)
  0 positions changed (0.0000% of total positions)
  estimated pre-polishing sequence accuracy: 100.0000% (Q∞)

Polishing contig_138 (46,424 bp):
  mean read depth: 4.4x
  5,608 bp have a depth of zero (87.9200% coverage)
  331 positions changed (0.7130% of total positions)
  estimated pre-polishing sequence accuracy: 99.2870% (Q21.47)

Polishing contig_1380 (8,074 bp):
  mean read depth: 6.4x
  2,785 bp have a depth of zero (65.5066% coverage)
  32 positions changed (0.3963% of total positions)
  estimated pre-polishing sequence accuracy: 99.6037% (Q24.02)

Polishing contig_1381 (11,831 bp):
  mean read depth: 3.1x
  3,620 bp have a depth of zero (69.4024% coverage)
  59 positions changed (0.4987% of total positions)
  estimated pre-polishing sequence accuracy: 99.5013% (Q23.02)

Polishing contig_1382 (8,242 bp):
  mean read depth: 2.7x
  2,930 bp have a depth of zero (64.4504% coverage)
  81 positions changed (0.9828% of total positions)
  estimated pre-polishing sequence accuracy: 99.0172% (Q20.08)

Polishing contig_1383 (8,349 bp):
  mean read depth: 1.5x
  3,810 bp have a depth of zero (54.3658% coverage)
  9 positions changed (0.1078% of total positions)
  estimated pre-polishing sequence accuracy: 99.8922% (Q29.67)

Polishing contig_1384 (5,494 bp):
  mean read depth: 2.7x
  1,175 bp have a depth of zero (78.6130% coverage)
  25 positions changed (0.4550% of total positions)
  estimated pre-polishing sequence accuracy: 99.5450% (Q23.42)

Polishing contig_1385 (2,022,275 bp):
  mean read depth: 16.3x
  39,932 bp have a depth of zero (98.0254% coverage)
  6,307 positions changed (0.3119% of total positions)
  estimated pre-polishing sequence accuracy: 99.6881% (Q25.06)

Polishing contig_1386 (12,870 bp):
  mean read depth: 0.8x
  7,560 bp have a depth of zero (41.2587% coverage)
  7 positions changed (0.0544% of total positions)
  estimated pre-polishing sequence accuracy: 99.9456% (Q32.64)

Polishing contig_1387 (5,003 bp):
  mean read depth: 9.2x
  99 bp have a depth of zero (98.0212% coverage)
  56 positions changed (1.1193% of total positions)
  estimated pre-polishing sequence accuracy: 98.8807% (Q19.51)

Polishing contig_1388 (19,733 bp):
  mean read depth: 1.1x
  8,679 bp have a depth of zero (56.0178% coverage)
  17 positions changed (0.0862% of total positions)
  estimated pre-polishing sequence accuracy: 99.9138% (Q30.65)

Polishing contig_1389 (36,175 bp):
  mean read depth: 4.2x
  2,460 bp have a depth of zero (93.1997% coverage)
  245 positions changed (0.6773% of total positions)
  estimated pre-polishing sequence accuracy: 99.3227% (Q21.69)

Polishing contig_139 (16,398 bp):
  mean read depth: 1.6x
  6,838 bp have a depth of zero (58.2998% coverage)
  51 positions changed (0.3110% of total positions)
  estimated pre-polishing sequence accuracy: 99.6890% (Q25.07)

Polishing contig_1390 (15,172 bp):
  mean read depth: 1.7x
  5,470 bp have a depth of zero (63.9467% coverage)
  28 positions changed (0.1846% of total positions)
  estimated pre-polishing sequence accuracy: 99.8154% (Q27.34)

Polishing contig_1391 (11,060 bp):
  mean read depth: 2.4x
  2,912 bp have a depth of zero (73.6709% coverage)
  31 positions changed (0.2803% of total positions)
  estimated pre-polishing sequence accuracy: 99.7197% (Q25.52)

Polishing contig_1392 (14,651 bp):
  mean read depth: 0.9x
  8,087 bp have a depth of zero (44.8024% coverage)
  0 positions changed (0.0000% of total positions)
  estimated pre-polishing sequence accuracy: 100.0000% (Q∞)

Polishing contig_1393 (11,694 bp):
  mean read depth: 1.7x
  4,528 bp have a depth of zero (61.2793% coverage)
  20 positions changed (0.1710% of total positions)
  estimated pre-polishing sequence accuracy: 99.8290% (Q27.67)

Polishing contig_1394 (12,448 bp):
  mean read depth: 2.6x
  2,470 bp have a depth of zero (80.1575% coverage)
  43 positions changed (0.3454% of total positions)
  estimated pre-polishing sequence accuracy: 99.6546% (Q24.62)

Polishing contig_1395 (9,137 bp):
  mean read depth: 1.3x
  3,372 bp have a depth of zero (63.0951% coverage)
  5 positions changed (0.0547% of total positions)
  estimated pre-polishing sequence accuracy: 99.9453% (Q32.62)

Polishing contig_1396 (10,539 bp):
  mean read depth: 3.2x
  1,923 bp have a depth of zero (81.7535% coverage)
  62 positions changed (0.5883% of total positions)
  estimated pre-polishing sequence accuracy: 99.4117% (Q22.30)

Polishing contig_1397 (14,523 bp):
  mean read depth: 0.8x
  8,410 bp have a depth of zero (42.0919% coverage)
  2 positions changed (0.0138% of total positions)
  estimated pre-polishing sequence accuracy: 99.9862% (Q38.61)

Polishing contig_1398 (13,788 bp):
  mean read depth: 2.7x
  3,403 bp have a depth of zero (75.3191% coverage)
  53 positions changed (0.3844% of total positions)
  estimated pre-polishing sequence accuracy: 99.6156% (Q24.15)

Polishing contig_1399 (121,799 bp):
  mean read depth: 5.4x
  14,252 bp have a depth of zero (88.2988% coverage)
  935 positions changed (0.7677% of total positions)
  estimated pre-polishing sequence accuracy: 99.2323% (Q21.15)

Polishing contig_14 (1,409,436 bp):
  mean read depth: 7.9x
  24,947 bp have a depth of zero (98.2300% coverage)
  6,530 positions changed (0.4633% of total positions)
  estimated pre-polishing sequence accuracy: 99.5367% (Q23.34)

Polishing contig_140 (14,622 bp):
  mean read depth: 4.0x
  1,438 bp have a depth of zero (90.1655% coverage)
  132 positions changed (0.9027% of total positions)
  estimated pre-polishing sequence accuracy: 99.0973% (Q20.44)

Polishing contig_1402 (22,581 bp):
  mean read depth: 2.4x
  4,213 bp have a depth of zero (81.3427% coverage)
  63 positions changed (0.2790% of total positions)
  estimated pre-polishing sequence accuracy: 99.7210% (Q25.54)

Polishing contig_1403 (3,713 bp):
  mean read depth: 10.1x
  64 bp have a depth of zero (98.2763% coverage)
  4 positions changed (0.1077% of total positions)
  estimated pre-polishing sequence accuracy: 99.8923% (Q29.68)

Polishing contig_1405 (5,143 bp):
  mean read depth: 0.6x
  3,249 bp have a depth of zero (36.8268% coverage)
  0 positions changed (0.0000% of total positions)
  estimated pre-polishing sequence accuracy: 100.0000% (Q∞)

Polishing contig_1406 (7,928 bp):
  mean read depth: 1.8x
  2,862 bp have a depth of zero (63.9001% coverage)
  22 positions changed (0.2775% of total positions)
  estimated pre-polishing sequence accuracy: 99.7225% (Q25.57)

Polishing contig_1407 (21,186 bp):
  mean read depth: 1.5x
  12,681 bp have a depth of zero (40.1444% coverage)
  45 positions changed (0.2124% of total positions)
  estimated pre-polishing sequence accuracy: 99.7876% (Q26.73)

Polishing contig_1408 (2,901 bp):
  mean read depth: 2.0x
  1,061 bp have a depth of zero (63.4264% coverage)
  5 positions changed (0.1724% of total positions)
  estimated pre-polishing sequence accuracy: 99.8276% (Q27.64)

Polishing contig_141 (30,935 bp):
  mean read depth: 3.3x
  8,857 bp have a depth of zero (71.3690% coverage)
  228 positions changed (0.7370% of total positions)
  estimated pre-polishing sequence accuracy: 99.2630% (Q21.33)

Polishing contig_1410 (38,684 bp):
  mean read depth: 13.5x
  25,398 bp have a depth of zero (34.3449% coverage)
  40 positions changed (0.1034% of total positions)
  estimated pre-polishing sequence accuracy: 99.8966% (Q29.85)

Polishing contig_1411 (11,774 bp):
  mean read depth: 1.4x
  4,769 bp have a depth of zero (59.4955% coverage)
  8 positions changed (0.0679% of total positions)
  estimated pre-polishing sequence accuracy: 99.9321% (Q31.68)

Polishing contig_1412 (35,951 bp):
  mean read depth: 1.3x
  14,729 bp have a depth of zero (59.0303% coverage)
  13 positions changed (0.0362% of total positions)
  estimated pre-polishing sequence accuracy: 99.9638% (Q34.42)

Polishing contig_1414 (18,101 bp):
  mean read depth: 4.2x
  3,159 bp have a depth of zero (82.5479% coverage)
  124 positions changed (0.6850% of total positions)
  estimated pre-polishing sequence accuracy: 99.3150% (Q21.64)

Polishing contig_1415 (36,637 bp):
  mean read depth: 3.6x
  9,175 bp have a depth of zero (74.9570% coverage)
  210 positions changed (0.5732% of total positions)
  estimated pre-polishing sequence accuracy: 99.4268% (Q22.42)

Polishing contig_1416 (11,805 bp):
  mean read depth: 1.0x
  6,495 bp have a depth of zero (44.9809% coverage)
  6 positions changed (0.0508% of total positions)
  estimated pre-polishing sequence accuracy: 99.9492% (Q32.94)

Polishing contig_1417 (15,245 bp):
  mean read depth: 2.7x
  3,495 bp have a depth of zero (77.0745% coverage)
  37 positions changed (0.2427% of total positions)
  estimated pre-polishing sequence accuracy: 99.7573% (Q26.15)

Polishing contig_1418 (7,468 bp):
  mean read depth: 0.4x
  5,467 bp have a depth of zero (26.7943% coverage)
  0 positions changed (0.0000% of total positions)
  estimated pre-polishing sequence accuracy: 100.0000% (Q∞)

Polishing contig_1419 (15,545 bp):
  mean read depth: 4.2x
  1,603 bp have a depth of zero (89.6880% coverage)
  134 positions changed (0.8620% of total positions)
  estimated pre-polishing sequence accuracy: 99.1380% (Q20.64)

Polishing contig_142 (43,270 bp):
  mean read depth: 2.3x
  10,528 bp have a depth of zero (75.6691% coverage)
  163 positions changed (0.3767% of total positions)
  estimated pre-polishing sequence accuracy: 99.6233% (Q24.24)

Polishing contig_1420 (14,012 bp):
  mean read depth: 1.4x
  6,477 bp have a depth of zero (53.7753% coverage)
  19 positions changed (0.1356% of total positions)
  estimated pre-polishing sequence accuracy: 99.8644% (Q28.68)

Polishing contig_1421 (7,410 bp):
  mean read depth: 2.3x
  1,819 bp have a depth of zero (75.4521% coverage)
  20 positions changed (0.2699% of total positions)
  estimated pre-polishing sequence accuracy: 99.7301% (Q25.69)

Polishing contig_1422 (11,115 bp):
  mean read depth: 2.3x
  2,563 bp have a depth of zero (76.9411% coverage)
  35 positions changed (0.3149% of total positions)
  estimated pre-polishing sequence accuracy: 99.6851% (Q25.02)

Polishing contig_1423 (10,503 bp):
  mean read depth: 3.9x
  928 bp have a depth of zero (91.1644% coverage)
  49 positions changed (0.4665% of total positions)
  estimated pre-polishing sequence accuracy: 99.5335% (Q23.31)

Polishing contig_1424 (6,436 bp):
  mean read depth: 0.5x
  3,923 bp have a depth of zero (39.0460% coverage)
  0 positions changed (0.0000% of total positions)
  estimated pre-polishing sequence accuracy: 100.0000% (Q∞)

Polishing contig_1425 (18,386 bp):
  mean read depth: 1.3x
  8,043 bp have a depth of zero (56.2548% coverage)
  21 positions changed (0.1142% of total positions)
  estimated pre-polishing sequence accuracy: 99.8858% (Q29.42)

Polishing contig_1427 (2,913 bp):
  mean read depth: 2.4x
  1,955 bp have a depth of zero (32.8871% coverage)
  28 positions changed (0.9612% of total positions)
  estimated pre-polishing sequence accuracy: 99.0388% (Q20.17)

Polishing contig_1429 (14,061 bp):
  mean read depth: 0.5x
  9,322 bp have a depth of zero (33.7032% coverage)
  0 positions changed (0.0000% of total positions)
  estimated pre-polishing sequence accuracy: 100.0000% (Q∞)

Polishing contig_143 (40,506 bp):
  mean read depth: 4.3x
  4,651 bp have a depth of zero (88.5178% coverage)
  300 positions changed (0.7406% of total positions)
  estimated pre-polishing sequence accuracy: 99.2594% (Q21.30)

Polishing contig_1430 (20,222 bp):
  mean read depth: 2.7x
  6,584 bp have a depth of zero (67.4414% coverage)
  39 positions changed (0.1929% of total positions)
  estimated pre-polishing sequence accuracy: 99.8071% (Q27.15)

Polishing contig_1431 (27,753 bp):
  mean read depth: 3.7x
  4,624 bp have a depth of zero (83.3387% coverage)
  217 positions changed (0.7819% of total positions)
  estimated pre-polishing sequence accuracy: 99.2181% (Q21.07)

Polishing contig_1432 (6,002 bp):
  mean read depth: 1.6x
  1,426 bp have a depth of zero (76.2413% coverage)
  4 positions changed (0.0666% of total positions)
  estimated pre-polishing sequence accuracy: 99.9334% (Q31.76)

Polishing contig_1433 (18,823 bp):
  mean read depth: 3.6x
  2,040 bp have a depth of zero (89.1622% coverage)
  113 positions changed (0.6003% of total positions)
  estimated pre-polishing sequence accuracy: 99.3997% (Q22.22)

Polishing contig_1434 (5,653 bp):
  mean read depth: 4.1x
  1,672 bp have a depth of zero (70.4228% coverage)
  59 positions changed (1.0437% of total positions)
  estimated pre-polishing sequence accuracy: 98.9563% (Q19.81)

Polishing contig_1435 (178,231 bp):
  mean read depth: 14.9x
  3,071 bp have a depth of zero (98.2770% coverage)
  1,441 positions changed (0.8085% of total positions)
  estimated pre-polishing sequence accuracy: 99.1915% (Q20.92)

Polishing contig_1436 (77,928 bp):
  mean read depth: 2.1x
  19,602 bp have a depth of zero (74.8460% coverage)
  101 positions changed (0.1296% of total positions)
  estimated pre-polishing sequence accuracy: 99.8704% (Q28.87)

Polishing contig_1437 (23,245 bp):
  mean read depth: 2.5x
  4,266 bp have a depth of zero (81.6477% coverage)
  73 positions changed (0.3140% of total positions)
  estimated pre-polishing sequence accuracy: 99.6860% (Q25.03)

Polishing contig_1438 (3,926 bp):
  mean read depth: 6.7x
  972 bp have a depth of zero (75.2420% coverage)
  42 positions changed (1.0698% of total positions)
  estimated pre-polishing sequence accuracy: 98.9302% (Q19.71)

Polishing contig_1439 (6,560 bp):
  mean read depth: 3.6x
  1,410 bp have a depth of zero (78.5061% coverage)
  40 positions changed (0.6098% of total positions)
  estimated pre-polishing sequence accuracy: 99.3902% (Q22.15)

Polishing contig_144 (42,418 bp):
  mean read depth: 2.3x
  6,937 bp have a depth of zero (83.6461% coverage)
  79 positions changed (0.1862% of total positions)
  estimated pre-polishing sequence accuracy: 99.8138% (Q27.30)

Polishing contig_1440 (9,596 bp):
  mean read depth: 3.7x
  1,410 bp have a depth of zero (85.3064% coverage)
  73 positions changed (0.7607% of total positions)
  estimated pre-polishing sequence accuracy: 99.2393% (Q21.19)

Polishing contig_1441 (8,364 bp):
  mean read depth: 0.9x
  3,860 bp have a depth of zero (53.8498% coverage)
  1 position changed (0.0120% of total positions)
  estimated pre-polishing sequence accuracy: 99.9880% (Q39.22)

Polishing contig_1442 (9,721 bp):
  mean read depth: 14.2x
  1,691 bp have a depth of zero (82.6047% coverage)
  50 positions changed (0.5144% of total positions)
  estimated pre-polishing sequence accuracy: 99.4856% (Q22.89)

Polishing contig_1443 (12,365 bp):
  mean read depth: 3.4x
  2,118 bp have a depth of zero (82.8710% coverage)
  105 positions changed (0.8492% of total positions)
  estimated pre-polishing sequence accuracy: 99.1508% (Q20.71)

Polishing contig_1444 (6,959 bp):
  mean read depth: 1.8x
  2,740 bp have a depth of zero (60.6265% coverage)
  27 positions changed (0.3880% of total positions)
  estimated pre-polishing sequence accuracy: 99.6120% (Q24.11)

Polishing contig_1445 (9,324 bp):
  mean read depth: 2.3x
  2,503 bp have a depth of zero (73.1553% coverage)
  33 positions changed (0.3539% of total positions)
  estimated pre-polishing sequence accuracy: 99.6461% (Q24.51)

Polishing contig_1446 (17,457 bp):
  mean read depth: 1.5x
  6,575 bp have a depth of zero (62.3360% coverage)
  12 positions changed (0.0687% of total positions)
  estimated pre-polishing sequence accuracy: 99.9313% (Q31.63)

Polishing contig_1447 (99,850 bp):
  mean read depth: 4.0x
  8,298 bp have a depth of zero (91.6895% coverage)
  368 positions changed (0.3686% of total positions)
  estimated pre-polishing sequence accuracy: 99.6314% (Q24.34)

Polishing contig_1448 (10,009 bp):
  mean read depth: 3.7x
  741 bp have a depth of zero (92.5967% coverage)
  44 positions changed (0.4396% of total positions)
  estimated pre-polishing sequence accuracy: 99.5604% (Q23.57)

Polishing contig_1449 (11,552 bp):
  mean read depth: 0.8x
  5,721 bp have a depth of zero (50.4761% coverage)
  1 position changed (0.0087% of total positions)
  estimated pre-polishing sequence accuracy: 99.9913% (Q40.63)

Polishing contig_145 (12,750 bp):
  mean read depth: 2.6x
  4,346 bp have a depth of zero (65.9137% coverage)
  58 positions changed (0.4549% of total positions)
  estimated pre-polishing sequence accuracy: 99.5451% (Q23.42)

Polishing contig_1450 (8,680 bp):
  mean read depth: 1.7x
  2,533 bp have a depth of zero (70.8180% coverage)
  6 positions changed (0.0691% of total positions)
  estimated pre-polishing sequence accuracy: 99.9309% (Q31.60)

Polishing contig_1451 (10,544 bp):
  mean read depth: 3.1x
  1,084 bp have a depth of zero (89.7193% coverage)
  42 positions changed (0.3983% of total positions)
  estimated pre-polishing sequence accuracy: 99.6017% (Q24.00)

Polishing contig_1452 (16,424 bp):
  mean read depth: 3.3x
  5,597 bp have a depth of zero (65.9218% coverage)
  89 positions changed (0.5419% of total positions)
  estimated pre-polishing sequence accuracy: 99.4581% (Q22.66)

Polishing contig_1453 (19,587 bp):
  mean read depth: 2.3x
  5,690 bp have a depth of zero (70.9501% coverage)
  85 positions changed (0.4340% of total positions)
  estimated pre-polishing sequence accuracy: 99.5660% (Q23.63)

Polishing contig_1454 (20,262 bp):
  mean read depth: 1.7x
  4,968 bp have a depth of zero (75.4812% coverage)
  11 positions changed (0.0543% of total positions)
  estimated pre-polishing sequence accuracy: 99.9457% (Q32.65)

Polishing contig_1455 (181,663 bp):
  mean read depth: 4.0x
  15,470 bp have a depth of zero (91.4842% coverage)
  856 positions changed (0.4712% of total positions)
  estimated pre-polishing sequence accuracy: 99.5288% (Q23.27)

Polishing contig_1456 (26,516 bp):
  mean read depth: 1.2x
  11,114 bp have a depth of zero (58.0857% coverage)
  12 positions changed (0.0453% of total positions)
  estimated pre-polishing sequence accuracy: 99.9547% (Q33.44)

Polishing contig_1457 (6,545 bp):
  mean read depth: 9.1x
  778 bp have a depth of zero (88.1131% coverage)
  47 positions changed (0.7181% of total positions)
  estimated pre-polishing sequence accuracy: 99.2819% (Q21.44)

Polishing contig_1458 (26,408 bp):
  mean read depth: 1.1x
  12,965 bp have a depth of zero (50.9050% coverage)
  6 positions changed (0.0227% of total positions)
  estimated pre-polishing sequence accuracy: 99.9773% (Q36.44)

Polishing contig_1459 (7,526 bp):
  mean read depth: 1.2x
  2,660 bp have a depth of zero (64.6559% coverage)
  3 positions changed (0.0399% of total positions)
  estimated pre-polishing sequence accuracy: 99.9601% (Q33.99)

Polishing contig_146 (18,056 bp):
  mean read depth: 8.3x
  4,499 bp have a depth of zero (75.0831% coverage)
  118 positions changed (0.6535% of total positions)
  estimated pre-polishing sequence accuracy: 99.3465% (Q21.85)

Polishing contig_1460 (12,220 bp):
  mean read depth: 2.3x
  1,739 bp have a depth of zero (85.7692% coverage)
  18 positions changed (0.1473% of total positions)
  estimated pre-polishing sequence accuracy: 99.8527% (Q28.32)

Polishing contig_1461 (11,515 bp):
  mean read depth: 1.3x
  4,511 bp have a depth of zero (60.8250% coverage)
  5 positions changed (0.0434% of total positions)
  estimated pre-polishing sequence accuracy: 99.9566% (Q33.62)

Polishing contig_1462 (4,676 bp):
  mean read depth: 2.3x
  1,138 bp have a depth of zero (75.6630% coverage)
  25 positions changed (0.5346% of total positions)
  estimated pre-polishing sequence accuracy: 99.4654% (Q22.72)

Polishing contig_1463 (27,779 bp):
  mean read depth: 2.7x
  10,573 bp have a depth of zero (61.9389% coverage)
  124 positions changed (0.4464% of total positions)
  estimated pre-polishing sequence accuracy: 99.5536% (Q23.50)

Polishing contig_1464 (23,525 bp):
  mean read depth: 1.6x
  7,061 bp have a depth of zero (69.9851% coverage)
  19 positions changed (0.0808% of total positions)
  estimated pre-polishing sequence accuracy: 99.9192% (Q30.93)

Polishing contig_1465 (12,111 bp):
  mean read depth: 3.7x
  2,239 bp have a depth of zero (81.5127% coverage)
  90 positions changed (0.7431% of total positions)
  estimated pre-polishing sequence accuracy: 99.2569% (Q21.29)

Polishing contig_1466 (4,348 bp):
  mean read depth: 7.9x
  170 bp have a depth of zero (96.0902% coverage)
  36 positions changed (0.8280% of total positions)
  estimated pre-polishing sequence accuracy: 99.1720% (Q20.82)

Polishing contig_1467 (13,184 bp):
  mean read depth: 11.7x
  924 bp have a depth of zero (92.9915% coverage)
  100 positions changed (0.7585% of total positions)
  estimated pre-polishing sequence accuracy: 99.2415% (Q21.20)

Polishing contig_1468 (9,248 bp):
  mean read depth: 1.3x
  4,029 bp have a depth of zero (56.4338% coverage)
  14 positions changed (0.1514% of total positions)
  estimated pre-polishing sequence accuracy: 99.8486% (Q28.20)

Polishing contig_1469 (13,155 bp):
  mean read depth: 2.5x
  1,576 bp have a depth of zero (88.0198% coverage)
  25 positions changed (0.1900% of total positions)
  estimated pre-polishing sequence accuracy: 99.8100% (Q27.21)

Polishing contig_147 (26,580 bp):
  mean read depth: 1.6x
  8,676 bp have a depth of zero (67.3589% coverage)
  21 positions changed (0.0790% of total positions)
  estimated pre-polishing sequence accuracy: 99.9210% (Q31.02)

Polishing contig_1470 (10,921 bp):
  mean read depth: 2.5x
  2,738 bp have a depth of zero (74.9290% coverage)
  42 positions changed (0.3846% of total positions)
  estimated pre-polishing sequence accuracy: 99.6154% (Q24.15)

Polishing contig_1471 (20,804 bp):
  mean read depth: 4.4x
  3,020 bp have a depth of zero (85.4836% coverage)
  166 positions changed (0.7979% of total positions)
  estimated pre-polishing sequence accuracy: 99.2021% (Q20.98)

Polishing contig_1472 (5,777 bp):
  mean read depth: 10.8x
  266 bp have a depth of zero (95.3955% coverage)
  36 positions changed (0.6232% of total positions)
  estimated pre-polishing sequence accuracy: 99.3768% (Q22.05)

Polishing contig_1473 (18,272 bp):
  mean read depth: 1.8x
  4,773 bp have a depth of zero (73.8781% coverage)
  21 positions changed (0.1149% of total positions)
  estimated pre-polishing sequence accuracy: 99.8851% (Q29.40)

Polishing contig_1474 (10,765 bp):
  mean read depth: 4.3x
  1,738 bp have a depth of zero (83.8551% coverage)
  73 positions changed (0.6781% of total positions)
  estimated pre-polishing sequence accuracy: 99.3219% (Q21.69)

Polishing contig_1475 (5,673 bp):
  mean read depth: 2.5x
  1,713 bp have a depth of zero (69.8043% coverage)
  10 positions changed (0.1763% of total positions)
  estimated pre-polishing sequence accuracy: 99.8237% (Q27.54)

Polishing contig_1476 (10,978 bp):
  mean read depth: 2.7x
  4,678 bp have a depth of zero (57.3875% coverage)
  49 positions changed (0.4463% of total positions)
  estimated pre-polishing sequence accuracy: 99.5537% (Q23.50)

Polishing contig_1477 (13,755 bp):
  mean read depth: 3.7x
  1,665 bp have a depth of zero (87.8953% coverage)
  111 positions changed (0.8070% of total positions)
  estimated pre-polishing sequence accuracy: 99.1930% (Q20.93)

Polishing contig_1478 (28,542 bp):
  mean read depth: 3.7x
  4,213 bp have a depth of zero (85.2393% coverage)
  210 positions changed (0.7358% of total positions)
  estimated pre-polishing sequence accuracy: 99.2642% (Q21.33)

Polishing contig_1479 (14,369 bp):
  mean read depth: 2.9x
  2,437 bp have a depth of zero (83.0399% coverage)
  85 positions changed (0.5916% of total positions)
  estimated pre-polishing sequence accuracy: 99.4084% (Q22.28)

Polishing contig_148 (15,623 bp):
  mean read depth: 4.4x
  2,485 bp have a depth of zero (84.0940% coverage)
  122 positions changed (0.7809% of total positions)
  estimated pre-polishing sequence accuracy: 99.2191% (Q21.07)

Polishing contig_1480 (13,589 bp):
  mean read depth: 3.3x
  5,270 bp have a depth of zero (61.2186% coverage)
  62 positions changed (0.4563% of total positions)
  estimated pre-polishing sequence accuracy: 99.5437% (Q23.41)

Polishing contig_1481 (5,088 bp):
  mean read depth: 1.2x
  2,655 bp have a depth of zero (47.8184% coverage)
  3 positions changed (0.0590% of total positions)
  estimated pre-polishing sequence accuracy: 99.9410% (Q32.29)

Polishing contig_1482 (8,332 bp):
  mean read depth: 1.9x
  1,832 bp have a depth of zero (78.0125% coverage)
  5 positions changed (0.0600% of total positions)
  estimated pre-polishing sequence accuracy: 99.9400% (Q32.22)

Polishing contig_1483 (127,141 bp):
  mean read depth: 5.3x
  7,220 bp have a depth of zero (94.3213% coverage)
  1,114 positions changed (0.8762% of total positions)
  estimated pre-polishing sequence accuracy: 99.1238% (Q20.57)

Polishing contig_1484 (7,848 bp):
  mean read depth: 0.5x
  5,070 bp have a depth of zero (35.3976% coverage)
  0 positions changed (0.0000% of total positions)
  estimated pre-polishing sequence accuracy: 100.0000% (Q∞)

Polishing contig_1485 (5,438 bp):
  mean read depth: 3.5x
  414 bp have a depth of zero (92.3869% coverage)
  41 positions changed (0.7540% of total positions)
  estimated pre-polishing sequence accuracy: 99.2460% (Q21.23)

Polishing contig_1486 (5,695 bp):
  mean read depth: 9.1x
  838 bp have a depth of zero (85.2853% coverage)
  47 positions changed (0.8253% of total positions)
  estimated pre-polishing sequence accuracy: 99.1747% (Q20.83)

Polishing contig_1487 (17,106 bp):
  mean read depth: 4.2x
  3,008 bp have a depth of zero (82.4155% coverage)
  149 positions changed (0.8710% of total positions)
  estimated pre-polishing sequence accuracy: 99.1290% (Q20.60)

Polishing contig_1488 (107,729 bp):
  mean read depth: 4.2x
  6,394 bp have a depth of zero (94.0647% coverage)
  559 positions changed (0.5189% of total positions)
  estimated pre-polishing sequence accuracy: 99.4811% (Q22.85)

Polishing contig_1489 (7,946 bp):
  mean read depth: 2.8x
  952 bp have a depth of zero (88.0191% coverage)
  30 positions changed (0.3775% of total positions)
  estimated pre-polishing sequence accuracy: 99.6225% (Q24.23)

Polishing contig_149 (31,727 bp):
  mean read depth: 2.2x
  7,517 bp have a depth of zero (76.3072% coverage)
  76 positions changed (0.2395% of total positions)
  estimated pre-polishing sequence accuracy: 99.7605% (Q26.21)

Polishing contig_1490 (3,077 bp):
  mean read depth: 2.6x
  684 bp have a depth of zero (77.7706% coverage)
  11 positions changed (0.3575% of total positions)
  estimated pre-polishing sequence accuracy: 99.6425% (Q24.47)

Polishing contig_1491 (12,019 bp):
  mean read depth: 5.3x
  188 bp have a depth of zero (98.4358% coverage)
  120 positions changed (0.9984% of total positions)
  estimated pre-polishing sequence accuracy: 99.0016% (Q20.01)

Polishing contig_1492 (5,675 bp):
  mean read depth: 2.5x
  1,587 bp have a depth of zero (72.0352% coverage)
  31 positions changed (0.5463% of total positions)
  estimated pre-polishing sequence accuracy: 99.4537% (Q22.63)

Polishing contig_1493 (7,408 bp):
  mean read depth: 0.5x
  4,609 bp have a depth of zero (37.7835% coverage)
  0 positions changed (0.0000% of total positions)
  estimated pre-polishing sequence accuracy: 100.0000% (Q∞)

Polishing contig_1494 (73,796 bp):
  mean read depth: 4.8x
  8,088 bp have a depth of zero (89.0401% coverage)
  731 positions changed (0.9906% of total positions)
  estimated pre-polishing sequence accuracy: 99.0094% (Q20.04)

Polishing contig_1495 (10,704 bp):
  mean read depth: 8.7x
  980 bp have a depth of zero (90.8445% coverage)
  94 positions changed (0.8782% of total positions)
  estimated pre-polishing sequence accuracy: 99.1218% (Q20.56)

Polishing contig_1496 (16,772 bp):
  mean read depth: 1.7x
  4,421 bp have a depth of zero (73.6406% coverage)
  12 positions changed (0.0715% of total positions)
  estimated pre-polishing sequence accuracy: 99.9285% (Q31.45)

Polishing contig_1497 (10,905 bp):
  mean read depth: 1.5x
  2,428 bp have a depth of zero (77.7350% coverage)
  0 positions changed (0.0000% of total positions)
  estimated pre-polishing sequence accuracy: 100.0000% (Q∞)

Polishing contig_1498 (4,620 bp):
  mean read depth: 10.1x
  668 bp have a depth of zero (85.5411% coverage)
  43 positions changed (0.9307% of total positions)
  estimated pre-polishing sequence accuracy: 99.0693% (Q20.31)

Polishing contig_1499 (28,924 bp):
  mean read depth: 4.9x
  2,605 bp have a depth of zero (90.9936% coverage)
  195 positions changed (0.6742% of total positions)
  estimated pre-polishing sequence accuracy: 99.3258% (Q21.71)

Polishing contig_15 (922,028 bp):
  mean read depth: 8.4x
  29,109 bp have a depth of zero (96.8429% coverage)
  4,446 positions changed (0.4822% of total positions)
  estimated pre-polishing sequence accuracy: 99.5178% (Q23.17)

Polishing contig_150 (26,843 bp):
  mean read depth: 11.4x
  26 bp have a depth of zero (99.9031% coverage)
  214 positions changed (0.7972% of total positions)
  estimated pre-polishing sequence accuracy: 99.2028% (Q20.98)

Polishing contig_1500 (10,152 bp):
  mean read depth: 2.7x
  1,323 bp have a depth of zero (86.9681% coverage)
  38 positions changed (0.3743% of total positions)
  estimated pre-polishing sequence accuracy: 99.6257% (Q24.27)

Polishing contig_1501 (19,025 bp):
  mean read depth: 3.8x
  2,367 bp have a depth of zero (87.5585% coverage)
  165 positions changed (0.8673% of total positions)
  estimated pre-polishing sequence accuracy: 99.1327% (Q20.62)

Polishing contig_1502 (227,285 bp):
  mean read depth: 6.0x
  7,286 bp have a depth of zero (96.7943% coverage)
  2,029 positions changed (0.8927% of total positions)
  estimated pre-polishing sequence accuracy: 99.1073% (Q20.49)

Polishing contig_1503 (15,649 bp):
  mean read depth: 1.5x
  5,663 bp have a depth of zero (63.8124% coverage)
  20 positions changed (0.1278% of total positions)
  estimated pre-polishing sequence accuracy: 99.8722% (Q28.93)

Polishing contig_1504 (5,195 bp):
  mean read depth: 1.0x
  2,347 bp have a depth of zero (54.8219% coverage)
  3 positions changed (0.0577% of total positions)
  estimated pre-polishing sequence accuracy: 99.9423% (Q32.38)

Polishing contig_1505 (7,821 bp):
  mean read depth: 10.3x
  81 bp have a depth of zero (98.9643% coverage)
  80 positions changed (1.0229% of total positions)
  estimated pre-polishing sequence accuracy: 98.9771% (Q19.90)

Polishing contig_1506 (7,356 bp):
  mean read depth: 8.8x
  656 bp have a depth of zero (91.0821% coverage)
  64 positions changed (0.8700% of total positions)
  estimated pre-polishing sequence accuracy: 99.1300% (Q20.60)

Polishing contig_1507 (10,849 bp):
  mean read depth: 4.4x
  957 bp have a depth of zero (91.1789% coverage)
  113 positions changed (1.0416% of total positions)
  estimated pre-polishing sequence accuracy: 98.9584% (Q19.82)

Polishing contig_1508 (12,848 bp):
  mean read depth: 3.1x
  1,042 bp have a depth of zero (91.8898% coverage)
  55 positions changed (0.4281% of total positions)
  estimated pre-polishing sequence accuracy: 99.5719% (Q23.68)

Polishing contig_1509 (2,689 bp):
  mean read depth: 2.9x
  383 bp have a depth of zero (85.7568% coverage)
  13 positions changed (0.4835% of total positions)
  estimated pre-polishing sequence accuracy: 99.5165% (Q23.16)

Polishing contig_151 (28,754 bp):
  mean read depth: 1.7x
  7,014 bp have a depth of zero (75.6069% coverage)
  29 positions changed (0.1009% of total positions)
  estimated pre-polishing sequence accuracy: 99.8991% (Q29.96)

Polishing contig_1510 (7,364 bp):
  mean read depth: 1.9x
  3,691 bp have a depth of zero (49.8778% coverage)
  31 positions changed (0.4210% of total positions)
  estimated pre-polishing sequence accuracy: 99.5790% (Q23.76)

Polishing contig_1511 (15,440 bp):
  mean read depth: 0.4x
  11,838 bp have a depth of zero (23.3290% coverage)
  0 positions changed (0.0000% of total positions)
  estimated pre-polishing sequence accuracy: 100.0000% (Q∞)

Polishing contig_1512 (19,953 bp):
  mean read depth: 1.6x
  8,371 bp have a depth of zero (58.0464% coverage)
  20 positions changed (0.1002% of total positions)
  estimated pre-polishing sequence accuracy: 99.8998% (Q29.99)

Polishing contig_1513 (31,511 bp):
  mean read depth: 0.0x
  30,932 bp have a depth of zero (1.8375% coverage)
  1 position changed (0.0032% of total positions)
  estimated pre-polishing sequence accuracy: 99.9968% (Q44.98)

Polishing contig_1514 (4,269 bp):
  mean read depth: 5.2x
  1,608 bp have a depth of zero (62.3331% coverage)
  21 positions changed (0.4919% of total positions)
  estimated pre-polishing sequence accuracy: 99.5081% (Q23.08)

Polishing contig_1515 (6,406 bp):
  mean read depth: 2.8x
  1,490 bp have a depth of zero (76.7406% coverage)
  45 positions changed (0.7025% of total positions)
  estimated pre-polishing sequence accuracy: 99.2975% (Q21.53)

Polishing contig_1516 (16,095 bp):
  mean read depth: 2.8x
  2,477 bp have a depth of zero (84.6101% coverage)
  67 positions changed (0.4163% of total positions)
  estimated pre-polishing sequence accuracy: 99.5837% (Q23.81)

Polishing contig_1517 (22,919 bp):
  mean read depth: 4.3x
  1,098 bp have a depth of zero (95.2092% coverage)
  111 positions changed (0.4843% of total positions)
  estimated pre-polishing sequence accuracy: 99.5157% (Q23.15)

Polishing contig_1518 (10,478 bp):
  mean read depth: 3.9x
  360 bp have a depth of zero (96.5642% coverage)
  46 positions changed (0.4390% of total positions)
  estimated pre-polishing sequence accuracy: 99.5610% (Q23.58)

Polishing contig_152 (46,014 bp):
  mean read depth: 2.7x
  7,758 bp have a depth of zero (83.1399% coverage)
  162 positions changed (0.3521% of total positions)
  estimated pre-polishing sequence accuracy: 99.6479% (Q24.53)

Polishing contig_1521 (80,968 bp):
  mean read depth: 20.0x
  4,497 bp have a depth of zero (94.4460% coverage)
  388 positions changed (0.4792% of total positions)
  estimated pre-polishing sequence accuracy: 99.5208% (Q23.19)

Polishing contig_1522 (15,012 bp):
  mean read depth: 4.7x
  1,023 bp have a depth of zero (93.1855% coverage)
  191 positions changed (1.2723% of total positions)
  estimated pre-polishing sequence accuracy: 98.7277% (Q18.95)

Polishing contig_1523 (15,145 bp):
  mean read depth: 2.8x
  4,462 bp have a depth of zero (70.5381% coverage)
  67 positions changed (0.4424% of total positions)
  estimated pre-polishing sequence accuracy: 99.5576% (Q23.54)

Polishing contig_1524 (8,480 bp):
  mean read depth: 3.6x
  1,748 bp have a depth of zero (79.3868% coverage)
  80 positions changed (0.9434% of total positions)
  estimated pre-polishing sequence accuracy: 99.0566% (Q20.25)

Polishing contig_1525 (12,630 bp):
  mean read depth: 3.0x
  2,068 bp have a depth of zero (83.6263% coverage)
  64 positions changed (0.5067% of total positions)
  estimated pre-polishing sequence accuracy: 99.4933% (Q22.95)

Polishing contig_1526 (23,504 bp):
  mean read depth: 4.0x
  5,899 bp have a depth of zero (74.9021% coverage)
  153 positions changed (0.6510% of total positions)
  estimated pre-polishing sequence accuracy: 99.3490% (Q21.86)

Polishing contig_1527 (12,331 bp):
  mean read depth: 1.3x
  4,756 bp have a depth of zero (61.4305% coverage)
  14 positions changed (0.1135% of total positions)
  estimated pre-polishing sequence accuracy: 99.8865% (Q29.45)

Polishing contig_1528 (2,800 bp):
  mean read depth: 8.5x
  24 bp have a depth of zero (99.1429% coverage)
  14 positions changed (0.5000% of total positions)
  estimated pre-polishing sequence accuracy: 99.5000% (Q23.01)

Polishing contig_1529 (6,242 bp):
  mean read depth: 5.1x
  1,243 bp have a depth of zero (80.0865% coverage)
  41 positions changed (0.6568% of total positions)
  estimated pre-polishing sequence accuracy: 99.3432% (Q21.83)

Polishing contig_153 (22,142 bp):
  mean read depth: 3.0x
  4,737 bp have a depth of zero (78.6063% coverage)
  103 positions changed (0.4652% of total positions)
  estimated pre-polishing sequence accuracy: 99.5348% (Q23.32)

Polishing contig_1530 (60,023 bp):
  mean read depth: 5.0x
  4,818 bp have a depth of zero (91.9731% coverage)
  525 positions changed (0.8747% of total positions)
  estimated pre-polishing sequence accuracy: 99.1253% (Q20.58)

Polishing contig_1531 (14,955 bp):
  mean read depth: 8.9x
  4,805 bp have a depth of zero (67.8703% coverage)
  73 positions changed (0.4881% of total positions)
  estimated pre-polishing sequence accuracy: 99.5119% (Q23.11)

Polishing contig_1532 (4,170 bp):
  mean read depth: 2.5x
  675 bp have a depth of zero (83.8129% coverage)
  12 positions changed (0.2878% of total positions)
  estimated pre-polishing sequence accuracy: 99.7122% (Q25.41)

Polishing contig_1533 (13,400 bp):
  mean read depth: 3.1x
  3,130 bp have a depth of zero (76.6418% coverage)
  95 positions changed (0.7090% of total positions)
  estimated pre-polishing sequence accuracy: 99.2910% (Q21.49)

Polishing contig_1534 (17,328 bp):
  mean read depth: 1.8x
  5,585 bp have a depth of zero (67.7689% coverage)
  29 positions changed (0.1674% of total positions)
  estimated pre-polishing sequence accuracy: 99.8326% (Q27.76)

Polishing contig_1535 (21,763 bp):
  mean read depth: 1.5x
  8,518 bp have a depth of zero (60.8602% coverage)
  30 positions changed (0.1378% of total positions)
  estimated pre-polishing sequence accuracy: 99.8622% (Q28.61)

Polishing contig_1536 (22,768 bp):
  mean read depth: 1.1x
  9,411 bp have a depth of zero (58.6657% coverage)
  10 positions changed (0.0439% of total positions)
  estimated pre-polishing sequence accuracy: 99.9561% (Q33.57)

Polishing contig_1537 (29,585 bp):
  mean read depth: 1.1x
  14,604 bp have a depth of zero (50.6371% coverage)
  6 positions changed (0.0203% of total positions)
  estimated pre-polishing sequence accuracy: 99.9797% (Q36.93)

Polishing contig_1538 (4,835 bp):
  mean read depth: 1.2x
  1,937 bp have a depth of zero (59.9380% coverage)
  5 positions changed (0.1034% of total positions)
  estimated pre-polishing sequence accuracy: 99.8966% (Q29.85)

Polishing contig_1539 (6,752 bp):
  mean read depth: 2.0x
  1,301 bp have a depth of zero (80.7316% coverage)
  12 positions changed (0.1777% of total positions)
  estimated pre-polishing sequence accuracy: 99.8223% (Q27.50)

Polishing contig_154 (20,634 bp):
  mean read depth: 3.9x
  4,550 bp have a depth of zero (77.9490% coverage)
  181 positions changed (0.8772% of total positions)
  estimated pre-polishing sequence accuracy: 99.1228% (Q20.57)

Polishing contig_1540 (33,580 bp):
  mean read depth: 1.1x
  14,167 bp have a depth of zero (57.8112% coverage)
  11 positions changed (0.0328% of total positions)
  estimated pre-polishing sequence accuracy: 99.9672% (Q34.85)

Polishing contig_1541 (19,470 bp):
  mean read depth: 3.3x
  2,210 bp have a depth of zero (88.6492% coverage)
  99 positions changed (0.5085% of total positions)
  estimated pre-polishing sequence accuracy: 99.4915% (Q22.94)

Polishing contig_1542 (21,806 bp):
  mean read depth: 2.4x
  5,009 bp have a depth of zero (77.0293% coverage)
  70 positions changed (0.3210% of total positions)
  estimated pre-polishing sequence accuracy: 99.6790% (Q24.93)

Polishing contig_1543 (16,258 bp):
  mean read depth: 1.6x
  3,899 bp have a depth of zero (76.0180% coverage)
  15 positions changed (0.0923% of total positions)
  estimated pre-polishing sequence accuracy: 99.9077% (Q30.35)

Polishing contig_1544 (24,556 bp):
  mean read depth: 0.5x
  20,692 bp have a depth of zero (15.7355% coverage)
  36 positions changed (0.1466% of total positions)
  estimated pre-polishing sequence accuracy: 99.8534% (Q28.34)

Polishing contig_1545 (10,098 bp):
  mean read depth: 3.3x
  3,907 bp have a depth of zero (61.3092% coverage)
  74 positions changed (0.7328% of total positions)
  estimated pre-polishing sequence accuracy: 99.2672% (Q21.35)

Polishing contig_1546 (20,861 bp):
  mean read depth: 1.9x
  5,094 bp have a depth of zero (75.5812% coverage)
  33 positions changed (0.1582% of total positions)
  estimated pre-polishing sequence accuracy: 99.8418% (Q28.01)

Polishing contig_1547 (17,897 bp):
  mean read depth: 2.3x
  5,854 bp have a depth of zero (67.2906% coverage)
  72 positions changed (0.4023% of total positions)
  estimated pre-polishing sequence accuracy: 99.5977% (Q23.95)

Polishing contig_1548 (5,895 bp):
  mean read depth: 3.1x
  634 bp have a depth of zero (89.2451% coverage)
  27 positions changed (0.4580% of total positions)
  estimated pre-polishing sequence accuracy: 99.5420% (Q23.39)

Polishing contig_1549 (104,772 bp):
  mean read depth: 2.2x
  28,133 bp have a depth of zero (73.1484% coverage)
  248 positions changed (0.2367% of total positions)
  estimated pre-polishing sequence accuracy: 99.7633% (Q26.26)

Polishing contig_155 (35,911 bp):
  mean read depth: 3.4x
  10,419 bp have a depth of zero (70.9866% coverage)
  114 positions changed (0.3175% of total positions)
  estimated pre-polishing sequence accuracy: 99.6825% (Q24.98)

Polishing contig_1550 (14,912 bp):
  mean read depth: 3.3x
  3,736 bp have a depth of zero (74.9464% coverage)
  101 positions changed (0.6773% of total positions)
  estimated pre-polishing sequence accuracy: 99.3227% (Q21.69)

Polishing contig_1551 (13,790 bp):
  mean read depth: 2.1x
  3,195 bp have a depth of zero (76.8310% coverage)
  28 positions changed (0.2030% of total positions)
  estimated pre-polishing sequence accuracy: 99.7970% (Q26.92)

Polishing contig_1552 (5,112 bp):
  mean read depth: 2.9x
  368 bp have a depth of zero (92.8013% coverage)
  14 positions changed (0.2739% of total positions)
  estimated pre-polishing sequence accuracy: 99.7261% (Q25.62)

Polishing contig_1553 (30,717 bp):
  mean read depth: 3.7x
  8,335 bp have a depth of zero (72.8652% coverage)
  263 positions changed (0.8562% of total positions)
  estimated pre-polishing sequence accuracy: 99.1438% (Q20.67)

Polishing contig_1554 (29,244 bp):
  mean read depth: 2.2x
  7,085 bp have a depth of zero (75.7728% coverage)
  72 positions changed (0.2462% of total positions)
  estimated pre-polishing sequence accuracy: 99.7538% (Q26.09)

Polishing contig_1555 (9,545 bp):
  mean read depth: 1.0x
  4,319 bp have a depth of zero (54.7512% coverage)
  2 positions changed (0.0210% of total positions)
  estimated pre-polishing sequence accuracy: 99.9790% (Q36.79)

Polishing contig_1556 (13,990 bp):
  mean read depth: 3.0x
  2,555 bp have a depth of zero (81.7370% coverage)
  66 positions changed (0.4718% of total positions)
  estimated pre-polishing sequence accuracy: 99.5282% (Q23.26)

Polishing contig_1557 (115,545 bp):
  mean read depth: 5.6x
  11,794 bp have a depth of zero (89.7927% coverage)
  923 positions changed (0.7988% of total positions)
  estimated pre-polishing sequence accuracy: 99.2012% (Q20.98)

Polishing contig_1558 (22,643 bp):
  mean read depth: 3.9x
  3,172 bp have a depth of zero (85.9913% coverage)
  190 positions changed (0.8391% of total positions)
  estimated pre-polishing sequence accuracy: 99.1609% (Q20.76)

Polishing contig_1559 (110,760 bp):
  mean read depth: 4.5x
  13,763 bp have a depth of zero (87.5740% coverage)
  1,002 positions changed (0.9047% of total positions)
  estimated pre-polishing sequence accuracy: 99.0953% (Q20.44)

Polishing contig_156 (54,889 bp):
  mean read depth: 2.4x
  14,346 bp have a depth of zero (73.8636% coverage)
  123 positions changed (0.2241% of total positions)
  estimated pre-polishing sequence accuracy: 99.7759% (Q26.50)

Polishing contig_1560 (15,875 bp):
  mean read depth: 0.9x
  8,072 bp have a depth of zero (49.1528% coverage)
  6 positions changed (0.0378% of total positions)
  estimated pre-polishing sequence accuracy: 99.9622% (Q34.23)

Polishing contig_1561 (15,700 bp):
  mean read depth: 1.4x
  7,902 bp have a depth of zero (49.6688% coverage)
  31 positions changed (0.1975% of total positions)
  estimated pre-polishing sequence accuracy: 99.8025% (Q27.05)

Polishing contig_1562 (17,222 bp):
  mean read depth: 1.6x
  6,391 bp have a depth of zero (62.8905% coverage)
  18 positions changed (0.1045% of total positions)
  estimated pre-polishing sequence accuracy: 99.8955% (Q29.81)

Polishing contig_1563 (6,833 bp):
  mean read depth: 3.7x
  303 bp have a depth of zero (95.5656% coverage)
  24 positions changed (0.3512% of total positions)
  estimated pre-polishing sequence accuracy: 99.6488% (Q24.54)

Polishing contig_1564 (11,249 bp):
  mean read depth: 0.5x
  7,358 bp have a depth of zero (34.5897% coverage)
  4 positions changed (0.0356% of total positions)
  estimated pre-polishing sequence accuracy: 99.9644% (Q34.49)

Polishing contig_1565 (17,775 bp):
  mean read depth: 2.2x
  3,624 bp have a depth of zero (79.6118% coverage)
  36 positions changed (0.2025% of total positions)
  estimated pre-polishing sequence accuracy: 99.7975% (Q26.94)

Polishing contig_1566 (49,740 bp):
  mean read depth: 3.2x
  4,187 bp have a depth of zero (91.5822% coverage)
  229 positions changed (0.4604% of total positions)
  estimated pre-polishing sequence accuracy: 99.5396% (Q23.37)

Polishing contig_1567 (7,523 bp):
  mean read depth: 5.8x
  741 bp have a depth of zero (90.1502% coverage)
  69 positions changed (0.9172% of total positions)
  estimated pre-polishing sequence accuracy: 99.0828% (Q20.38)

Polishing contig_1568 (2,874 bp):
  mean read depth: 2.8x
  333 bp have a depth of zero (88.4134% coverage)
  15 positions changed (0.5219% of total positions)
  estimated pre-polishing sequence accuracy: 99.4781% (Q22.82)

Polishing contig_1569 (4,182 bp):
  mean read depth: 4.2x
  271 bp have a depth of zero (93.5198% coverage)
  49 positions changed (1.1717% of total positions)
  estimated pre-polishing sequence accuracy: 98.8283% (Q19.31)

Polishing contig_157 (12,361 bp):
  mean read depth: 12.2x
  23 bp have a depth of zero (99.8139% coverage)
  88 positions changed (0.7119% of total positions)
  estimated pre-polishing sequence accuracy: 99.2881% (Q21.48)

Polishing contig_1570 (11,885 bp):
  mean read depth: 2.3x
  3,008 bp have a depth of zero (74.6908% coverage)
  24 positions changed (0.2019% of total positions)
  estimated pre-polishing sequence accuracy: 99.7981% (Q26.95)

Polishing contig_1571 (4,459 bp):
  mean read depth: 2.3x
  953 bp have a depth of zero (78.6275% coverage)
  23 positions changed (0.5158% of total positions)
  estimated pre-polishing sequence accuracy: 99.4842% (Q22.88)

Polishing contig_1572 (8,932 bp):
  mean read depth: 0.7x
  4,992 bp have a depth of zero (44.1111% coverage)
  0 positions changed (0.0000% of total positions)
  estimated pre-polishing sequence accuracy: 100.0000% (Q∞)

Polishing contig_1573 (26,729 bp):
  mean read depth: 2.4x
  7,184 bp have a depth of zero (73.1228% coverage)
  95 positions changed (0.3554% of total positions)
  estimated pre-polishing sequence accuracy: 99.6446% (Q24.49)

Polishing contig_1574 (11,665 bp):
  mean read depth: 1.4x
  4,209 bp have a depth of zero (63.9177% coverage)
  8 positions changed (0.0686% of total positions)
  estimated pre-polishing sequence accuracy: 99.9314% (Q31.64)

Polishing contig_1575 (8,288 bp):
  mean read depth: 1.7x
  2,775 bp have a depth of zero (66.5179% coverage)
  11 positions changed (0.1327% of total positions)
  estimated pre-polishing sequence accuracy: 99.8673% (Q28.77)

Polishing contig_1576 (8,063 bp):
  mean read depth: 10.7x
  1,410 bp have a depth of zero (82.5127% coverage)
  77 positions changed (0.9550% of total positions)
  estimated pre-polishing sequence accuracy: 99.0450% (Q20.20)

Polishing contig_1577 (72,686 bp):
  mean read depth: 4.7x
  5,920 bp have a depth of zero (91.8554% coverage)
  719 positions changed (0.9892% of total positions)
  estimated pre-polishing sequence accuracy: 99.0108% (Q20.05)

Polishing contig_1578 (4,989 bp):
  mean read depth: 1.9x
  1,199 bp have a depth of zero (75.9671% coverage)
  5 positions changed (0.1002% of total positions)
  estimated pre-polishing sequence accuracy: 99.8998% (Q29.99)

Polishing contig_1579 (8,653 bp):
  mean read depth: 3.1x
  1,073 bp have a depth of zero (87.5997% coverage)
  24 positions changed (0.2774% of total positions)
  estimated pre-polishing sequence accuracy: 99.7226% (Q25.57)

Polishing contig_158 (86,867 bp):
  mean read depth: 2.9x
  8,834 bp have a depth of zero (89.8304% coverage)
  246 positions changed (0.2832% of total positions)
  estimated pre-polishing sequence accuracy: 99.7168% (Q25.48)

Polishing contig_1580 (8,020 bp):
  mean read depth: 2.2x
  3,894 bp have a depth of zero (51.4464% coverage)
  30 positions changed (0.3741% of total positions)
  estimated pre-polishing sequence accuracy: 99.6259% (Q24.27)

Polishing contig_1581 (122,487 bp):
  mean read depth: 4.9x
  8,969 bp have a depth of zero (92.6776% coverage)
  880 positions changed (0.7184% of total positions)
  estimated pre-polishing sequence accuracy: 99.2816% (Q21.44)

Polishing contig_1582 (16,109 bp):
  mean read depth: 1.6x
  5,002 bp have a depth of zero (68.9490% coverage)
  26 positions changed (0.1614% of total positions)
  estimated pre-polishing sequence accuracy: 99.8386% (Q27.92)

Polishing contig_1583 (34,340 bp):
  mean read depth: 1.1x
  16,305 bp have a depth of zero (52.5189% coverage)
  13 positions changed (0.0379% of total positions)
  estimated pre-polishing sequence accuracy: 99.9621% (Q34.22)

Polishing contig_1584 (81,337 bp):
  mean read depth: 5.1x
  17,800 bp have a depth of zero (78.1157% coverage)
  620 positions changed (0.7623% of total positions)
  estimated pre-polishing sequence accuracy: 99.2377% (Q21.18)

Polishing contig_1585 (9,144 bp):
  mean read depth: 1.7x
  2,992 bp have a depth of zero (67.2791% coverage)
  10 positions changed (0.1094% of total positions)
  estimated pre-polishing sequence accuracy: 99.8906% (Q29.61)

Polishing contig_1586 (4,882 bp):
  mean read depth: 4.1x
  239 bp have a depth of zero (95.1045% coverage)
  39 positions changed (0.7989% of total positions)
  estimated pre-polishing sequence accuracy: 99.2011% (Q20.98)

Polishing contig_1587 (4,118 bp):
  mean read depth: 2.2x
  997 bp have a depth of zero (75.7892% coverage)
  10 positions changed (0.2428% of total positions)
  estimated pre-polishing sequence accuracy: 99.7572% (Q26.15)

Polishing contig_1588 (44,775 bp):
  mean read depth: 2.2x
  8,924 bp have a depth of zero (80.0692% coverage)
  68 positions changed (0.1519% of total positions)
  estimated pre-polishing sequence accuracy: 99.8481% (Q28.19)

Polishing contig_1589 (8,237 bp):
  mean read depth: 1.5x
  2,625 bp have a depth of zero (68.1316% coverage)
  8 positions changed (0.0971% of total positions)
  estimated pre-polishing sequence accuracy: 99.9029% (Q30.13)

Polishing contig_159 (9,256 bp):
  mean read depth: 2.4x
  1,096 bp have a depth of zero (88.1590% coverage)
  35 positions changed (0.3781% of total positions)
  estimated pre-polishing sequence accuracy: 99.6219% (Q24.22)

Polishing contig_1590 (12,517 bp):
  mean read depth: 1.8x
  3,149 bp have a depth of zero (74.8422% coverage)
  8 positions changed (0.0639% of total positions)
  estimated pre-polishing sequence accuracy: 99.9361% (Q31.94)

Polishing contig_1591 (3,190 bp):
  mean read depth: 7.7x
  89 bp have a depth of zero (97.2100% coverage)
  18 positions changed (0.5643% of total positions)
  estimated pre-polishing sequence accuracy: 99.4357% (Q22.49)

Polishing contig_1592 (33,259 bp):
  mean read depth: 2.5x
  7,209 bp have a depth of zero (78.3247% coverage)
  75 positions changed (0.2255% of total positions)
  estimated pre-polishing sequence accuracy: 99.7745% (Q26.47)

Polishing contig_1593 (6,226 bp):
  mean read depth: 1.8x
  1,767 bp have a depth of zero (71.6190% coverage)
  4 positions changed (0.0642% of total positions)
  estimated pre-polishing sequence accuracy: 99.9358% (Q31.92)

Polishing contig_1594 (10,125 bp):
  mean read depth: 1.3x
  4,090 bp have a depth of zero (59.6049% coverage)
  8 positions changed (0.0790% of total positions)
  estimated pre-polishing sequence accuracy: 99.9210% (Q31.02)

Polishing contig_1595 (18,496 bp):
  mean read depth: 0.8x
  9,956 bp have a depth of zero (46.1721% coverage)
  1 position changed (0.0054% of total positions)
  estimated pre-polishing sequence accuracy: 99.9946% (Q42.67)

Polishing contig_1596 (8,862 bp):
  mean read depth: 1.4x
  2,890 bp have a depth of zero (67.3889% coverage)
  5 positions changed (0.0564% of total positions)
  estimated pre-polishing sequence accuracy: 99.9436% (Q32.49)

Polishing contig_1597 (8,228 bp):
  mean read depth: 2.5x
  1,781 bp have a depth of zero (78.3544% coverage)
  42 positions changed (0.5105% of total positions)
  estimated pre-polishing sequence accuracy: 99.4895% (Q22.92)

Polishing contig_1598 (8,224 bp):
  mean read depth: 1.4x
  4,077 bp have a depth of zero (50.4256% coverage)
  12 positions changed (0.1459% of total positions)
  estimated pre-polishing sequence accuracy: 99.8541% (Q28.36)

Polishing contig_1599 (115,324 bp):
  mean read depth: 4.5x
  14,063 bp have a depth of zero (87.8057% coverage)
  739 positions changed (0.6408% of total positions)
  estimated pre-polishing sequence accuracy: 99.3592% (Q21.93)

Polishing contig_160 (19,059 bp):
  mean read depth: 1.5x
  5,759 bp have a depth of zero (69.7833% coverage)
  8 positions changed (0.0420% of total positions)
  estimated pre-polishing sequence accuracy: 99.9580% (Q33.77)

Polishing contig_1600 (4,331 bp):
  mean read depth: 17.2x
  17 bp have a depth of zero (99.6075% coverage)
  23 positions changed (0.5311% of total positions)
  estimated pre-polishing sequence accuracy: 99.4689% (Q22.75)

Polishing contig_1602 (8,778 bp):
  mean read depth: 5.2x
  357 bp have a depth of zero (95.9330% coverage)
  76 positions changed (0.8658% of total positions)
  estimated pre-polishing sequence accuracy: 99.1342% (Q20.63)

Polishing contig_1603 (21,826 bp):
  mean read depth: 2.9x
  4,167 bp have a depth of zero (80.9081% coverage)
  84 positions changed (0.3849% of total positions)
  estimated pre-polishing sequence accuracy: 99.6151% (Q24.15)

Polishing contig_1604 (5,882 bp):
  mean read depth: 1.3x
  1,713 bp have a depth of zero (70.8773% coverage)
  2 positions changed (0.0340% of total positions)
  estimated pre-polishing sequence accuracy: 99.9660% (Q34.68)

Polishing contig_1605 (10,807 bp):
  mean read depth: 2.3x
  3,394 bp have a depth of zero (68.5944% coverage)
  35 positions changed (0.3239% of total positions)
  estimated pre-polishing sequence accuracy: 99.6761% (Q24.90)

Polishing contig_1606 (11,051 bp):
  mean read depth: 1.0x
  5,802 bp have a depth of zero (47.4980% coverage)
  4 positions changed (0.0362% of total positions)
  estimated pre-polishing sequence accuracy: 99.9638% (Q34.41)

Polishing contig_1607 (28,281 bp):
  mean read depth: 2.2x
  5,655 bp have a depth of zero (80.0042% coverage)
  50 positions changed (0.1768% of total positions)
  estimated pre-polishing sequence accuracy: 99.8232% (Q27.53)

Polishing contig_1608 (2,832 bp):
  mean read depth: 3.2x
  385 bp have a depth of zero (86.4054% coverage)
  25 positions changed (0.8828% of total positions)
  estimated pre-polishing sequence accuracy: 99.1172% (Q20.54)

Polishing contig_1609 (9,180 bp):
  mean read depth: 2.1x
  1,774 bp have a depth of zero (80.6754% coverage)
  29 positions changed (0.3159% of total positions)
  estimated pre-polishing sequence accuracy: 99.6841% (Q25.00)

Polishing contig_161 (149,125 bp):
  mean read depth: 15.3x
  2,802 bp have a depth of zero (98.1210% coverage)
  884 positions changed (0.5928% of total positions)
  estimated pre-polishing sequence accuracy: 99.4072% (Q22.27)

Polishing contig_1610 (17,788 bp):
  mean read depth: 1.4x
  8,529 bp have a depth of zero (52.0519% coverage)
  30 positions changed (0.1687% of total positions)
  estimated pre-polishing sequence accuracy: 99.8313% (Q27.73)

Polishing contig_1611 (53,339 bp):
  mean read depth: 3.7x
  13,732 bp have a depth of zero (74.2552% coverage)
  420 positions changed (0.7874% of total positions)
  estimated pre-polishing sequence accuracy: 99.2126% (Q21.04)

Polishing contig_1612 (4,684 bp):
  mean read depth: 1.3x
  1,424 bp have a depth of zero (69.5986% coverage)
  0 positions changed (0.0000% of total positions)
  estimated pre-polishing sequence accuracy: 100.0000% (Q∞)

Polishing contig_1613 (4,609 bp):
  mean read depth: 9.3x
  55 bp have a depth of zero (98.8067% coverage)
  39 positions changed (0.8462% of total positions)
  estimated pre-polishing sequence accuracy: 99.1538% (Q20.73)

Polishing contig_1614 (22,645 bp):
  mean read depth: 0.5x
  15,081 bp have a depth of zero (33.4025% coverage)
  2 positions changed (0.0088% of total positions)
  estimated pre-polishing sequence accuracy: 99.9912% (Q40.54)

Polishing contig_1615 (4,947 bp):
  mean read depth: 3.6x
  973 bp have a depth of zero (80.3315% coverage)
  39 positions changed (0.7884% of total positions)
  estimated pre-polishing sequence accuracy: 99.2116% (Q21.03)

Polishing contig_1616 (47,377 bp):
  mean read depth: 2.4x
  8,209 bp have a depth of zero (82.6730% coverage)
  95 positions changed (0.2005% of total positions)
  estimated pre-polishing sequence accuracy: 99.7995% (Q26.98)

Polishing contig_1617 (8,974 bp):
  mean read depth: 1.9x
  4,018 bp have a depth of zero (55.2262% coverage)
  43 positions changed (0.4792% of total positions)
  estimated pre-polishing sequence accuracy: 99.5208% (Q23.20)

Polishing contig_1618 (28,139 bp):
  mean read depth: 1.3x
  13,584 bp have a depth of zero (51.7254% coverage)
  18 positions changed (0.0640% of total positions)
  estimated pre-polishing sequence accuracy: 99.9360% (Q31.94)

Polishing contig_1619 (3,897 bp):
  mean read depth: 2.9x
  535 bp have a depth of zero (86.2715% coverage)
  12 positions changed (0.3079% of total positions)
  estimated pre-polishing sequence accuracy: 99.6921% (Q25.12)

Polishing contig_162 (33,041 bp):
  mean read depth: 1.2x
  16,964 bp have a depth of zero (48.6577% coverage)
  25 positions changed (0.0757% of total positions)
  estimated pre-polishing sequence accuracy: 99.9243% (Q31.21)

Polishing contig_1620 (11,760 bp):
  mean read depth: 3.7x
  433 bp have a depth of zero (96.3180% coverage)
  43 positions changed (0.3656% of total positions)
  estimated pre-polishing sequence accuracy: 99.6344% (Q24.37)

Polishing contig_1621 (40,357 bp):
  mean read depth: 1.3x
  17,873 bp have a depth of zero (55.7128% coverage)
  27 positions changed (0.0669% of total positions)
  estimated pre-polishing sequence accuracy: 99.9331% (Q31.75)

Polishing contig_1622 (8,821 bp):
  mean read depth: 2.4x
  1,173 bp have a depth of zero (86.7022% coverage)
  21 positions changed (0.2381% of total positions)
  estimated pre-polishing sequence accuracy: 99.7619% (Q26.23)

Polishing contig_1623 (56,489 bp):
  mean read depth: 2.2x
  15,320 bp have a depth of zero (72.8797% coverage)
  139 positions changed (0.2461% of total positions)
  estimated pre-polishing sequence accuracy: 99.7539% (Q26.09)

Polishing contig_1624 (8,773 bp):
  mean read depth: 2.5x
  1,555 bp have a depth of zero (82.2752% coverage)
  22 positions changed (0.2508% of total positions)
  estimated pre-polishing sequence accuracy: 99.7492% (Q26.01)

Polishing contig_1625 (22,599 bp):
  mean read depth: 3.1x
  5,066 bp have a depth of zero (77.5831% coverage)
  125 positions changed (0.5531% of total positions)
  estimated pre-polishing sequence accuracy: 99.4469% (Q22.57)

Polishing contig_1626 (12,257 bp):
  mean read depth: 3.4x
  1,058 bp have a depth of zero (91.3682% coverage)
  83 positions changed (0.6772% of total positions)
  estimated pre-polishing sequence accuracy: 99.3228% (Q21.69)

Polishing contig_1627 (5,016 bp):
  mean read depth: 0.2x
  4,163 bp have a depth of zero (17.0056% coverage)
  0 positions changed (0.0000% of total positions)
  estimated pre-polishing sequence accuracy: 100.0000% (Q∞)

Polishing contig_1628 (5,468 bp):
  mean read depth: 1.3x
  2,433 bp have a depth of zero (55.5048% coverage)
  2 positions changed (0.0366% of total positions)
  estimated pre-polishing sequence accuracy: 99.9634% (Q34.37)

Polishing contig_1629 (57,344 bp):
  mean read depth: 4.9x
  4,536 bp have a depth of zero (92.0898% coverage)
  424 positions changed (0.7394% of total positions)
  estimated pre-polishing sequence accuracy: 99.2606% (Q21.31)

Polishing contig_163 (25,884 bp):
  mean read depth: 2.6x
  6,810 bp have a depth of zero (73.6903% coverage)
  109 positions changed (0.4211% of total positions)
  estimated pre-polishing sequence accuracy: 99.5789% (Q23.76)

Polishing contig_1630 (4,716 bp):
  mean read depth: 3.5x
  351 bp have a depth of zero (92.5573% coverage)
  38 positions changed (0.8058% of total positions)
  estimated pre-polishing sequence accuracy: 99.1942% (Q20.94)

Polishing contig_1631 (6,251 bp):
  mean read depth: 2.5x
  1,608 bp have a depth of zero (74.2761% coverage)
  27 positions changed (0.4319% of total positions)
  estimated pre-polishing sequence accuracy: 99.5681% (Q23.65)

Polishing contig_1632 (7,287 bp):
  mean read depth: 1.3x
  3,079 bp have a depth of zero (57.7467% coverage)
  5 positions changed (0.0686% of total positions)
  estimated pre-polishing sequence accuracy: 99.9314% (Q31.64)

Polishing contig_1633 (118,845 bp):
  mean read depth: 4.4x
  10,042 bp have a depth of zero (91.5503% coverage)
  901 positions changed (0.7581% of total positions)
  estimated pre-polishing sequence accuracy: 99.2419% (Q21.20)

Polishing contig_1634 (26,021 bp):
  mean read depth: 1.4x
  9,694 bp have a depth of zero (62.7455% coverage)
  19 positions changed (0.0730% of total positions)
  estimated pre-polishing sequence accuracy: 99.9270% (Q31.37)

Polishing contig_1635 (3,945 bp):
  mean read depth: 0.1x
  3,783 bp have a depth of zero (4.1065% coverage)
  0 positions changed (0.0000% of total positions)
  estimated pre-polishing sequence accuracy: 100.0000% (Q∞)

Polishing contig_1636 (48,345 bp):
  mean read depth: 4.2x
  4,788 bp have a depth of zero (90.0962% coverage)
  205 positions changed (0.4240% of total positions)
  estimated pre-polishing sequence accuracy: 99.5760% (Q23.73)

Polishing contig_1637 (12,543 bp):
  mean read depth: 2.8x
  2,811 bp have a depth of zero (77.5891% coverage)
  54 positions changed (0.4305% of total positions)
  estimated pre-polishing sequence accuracy: 99.5695% (Q23.66)

Polishing contig_1638 (9,821 bp):
  mean read depth: 3.9x
  389 bp have a depth of zero (96.0391% coverage)
  34 positions changed (0.3462% of total positions)
  estimated pre-polishing sequence accuracy: 99.6538% (Q24.61)

Polishing contig_1639 (19,760 bp):
  mean read depth: 1.3x
  6,741 bp have a depth of zero (65.8856% coverage)
  8 positions changed (0.0405% of total positions)
  estimated pre-polishing sequence accuracy: 99.9595% (Q33.93)

Polishing contig_164 (29,010 bp):
  mean read depth: 5.2x
  856 bp have a depth of zero (97.0493% coverage)
  297 positions changed (1.0238% of total positions)
  estimated pre-polishing sequence accuracy: 98.9762% (Q19.90)

Polishing contig_1640 (42,778 bp):
  mean read depth: 5.2x
  2,403 bp have a depth of zero (94.3826% coverage)
  399 positions changed (0.9327% of total positions)
  estimated pre-polishing sequence accuracy: 99.0673% (Q20.30)

Polishing contig_1641 (8,552 bp):
  mean read depth: 3.3x
  1,250 bp have a depth of zero (85.3835% coverage)
  53 positions changed (0.6197% of total positions)
  estimated pre-polishing sequence accuracy: 99.3803% (Q22.08)

Polishing contig_1642 (10,060 bp):
  mean read depth: 2.7x
  2,474 bp have a depth of zero (75.4076% coverage)
  42 positions changed (0.4175% of total positions)
  estimated pre-polishing sequence accuracy: 99.5825% (Q23.79)

Polishing contig_1643 (8,210 bp):
  mean read depth: 4.1x
  1,219 bp have a depth of zero (85.1523% coverage)
  80 positions changed (0.9744% of total positions)
  estimated pre-polishing sequence accuracy: 99.0256% (Q20.11)

Polishing contig_1644 (4,439 bp):
  mean read depth: 8.7x
  679 bp have a depth of zero (84.7038% coverage)
  11 positions changed (0.2478% of total positions)
  estimated pre-polishing sequence accuracy: 99.7522% (Q26.06)

Polishing contig_1645 (5,492 bp):
  mean read depth: 1.4x
  2,011 bp have a depth of zero (63.3831% coverage)
  9 positions changed (0.1639% of total positions)
  estimated pre-polishing sequence accuracy: 99.8361% (Q27.85)

Polishing contig_1646 (5,972 bp):
  mean read depth: 0.1x
  5,593 bp have a depth of zero (6.3463% coverage)
  0 positions changed (0.0000% of total positions)
  estimated pre-polishing sequence accuracy: 100.0000% (Q∞)

Polishing contig_1647 (3,495 bp):
  mean read depth: 1.9x
  1,104 bp have a depth of zero (68.4120% coverage)
  7 positions changed (0.2003% of total positions)
  estimated pre-polishing sequence accuracy: 99.7997% (Q26.98)

Polishing contig_1648 (16,351 bp):
  mean read depth: 3.5x
  4,528 bp have a depth of zero (72.3075% coverage)
  167 positions changed (1.0213% of total positions)
  estimated pre-polishing sequence accuracy: 98.9787% (Q19.91)

Polishing contig_1649 (31,226 bp):
  mean read depth: 3.5x
  3,970 bp have a depth of zero (87.2862% coverage)
  170 positions changed (0.5444% of total positions)
  estimated pre-polishing sequence accuracy: 99.4556% (Q22.64)

Polishing contig_165 (80,201 bp):
  mean read depth: 4.6x
  7,354 bp have a depth of zero (90.8305% coverage)
  521 positions changed (0.6496% of total positions)
  estimated pre-polishing sequence accuracy: 99.3504% (Q21.87)

Polishing contig_1650 (10,002 bp):
  mean read depth: 3.1x
  1,049 bp have a depth of zero (89.5121% coverage)
  41 positions changed (0.4099% of total positions)
  estimated pre-polishing sequence accuracy: 99.5901% (Q23.87)

Polishing contig_1651 (18,136 bp):
  mean read depth: 1.5x
  6,861 bp have a depth of zero (62.1692% coverage)
  13 positions changed (0.0717% of total positions)
  estimated pre-polishing sequence accuracy: 99.9283% (Q31.45)

Polishing contig_1652 (12,893 bp):
  mean read depth: 0.9x
  6,235 bp have a depth of zero (51.6404% coverage)
  0 positions changed (0.0000% of total positions)
  estimated pre-polishing sequence accuracy: 100.0000% (Q∞)

Polishing contig_1653 (15,012 bp):
  mean read depth: 3.0x
  2,806 bp have a depth of zero (81.3083% coverage)
  50 positions changed (0.3331% of total positions)
  estimated pre-polishing sequence accuracy: 99.6669% (Q24.77)

Polishing contig_1654 (7,175 bp):
  mean read depth: 2.2x
  1,733 bp have a depth of zero (75.8467% coverage)
  21 positions changed (0.2927% of total positions)
  estimated pre-polishing sequence accuracy: 99.7073% (Q25.34)

Polishing contig_1655 (5,508 bp):
  mean read depth: 1.9x
  2,300 bp have a depth of zero (58.2426% coverage)
  17 positions changed (0.3086% of total positions)
  estimated pre-polishing sequence accuracy: 99.6914% (Q25.11)

Polishing contig_1656 (6,715 bp):
  mean read depth: 2.7x
  936 bp have a depth of zero (86.0611% coverage)
  26 positions changed (0.3872% of total positions)
  estimated pre-polishing sequence accuracy: 99.6128% (Q24.12)

Polishing contig_1657 (8,085 bp):
  mean read depth: 0.1x
  7,479 bp have a depth of zero (7.4954% coverage)
  0 positions changed (0.0000% of total positions)
  estimated pre-polishing sequence accuracy: 100.0000% (Q∞)

Polishing contig_1658 (19,937 bp):
  mean read depth: 4.2x
  2,674 bp have a depth of zero (86.5878% coverage)
  165 positions changed (0.8276% of total positions)
  estimated pre-polishing sequence accuracy: 99.1724% (Q20.82)

Polishing contig_1659 (9,322 bp):
  mean read depth: 3.2x
  1,194 bp have a depth of zero (87.1916% coverage)
  40 positions changed (0.4291% of total positions)
  estimated pre-polishing sequence accuracy: 99.5709% (Q23.67)

Polishing contig_166 (48,566 bp):
  mean read depth: 1.4x
  19,463 bp have a depth of zero (59.9246% coverage)
  45 positions changed (0.0927% of total positions)
  estimated pre-polishing sequence accuracy: 99.9073% (Q30.33)

Polishing contig_1660 (102,233 bp):
  mean read depth: 4.7x
  8,728 bp have a depth of zero (91.4626% coverage)
  707 positions changed (0.6916% of total positions)
  estimated pre-polishing sequence accuracy: 99.3084% (Q21.60)

Polishing contig_1661 (13,480 bp):
  mean read depth: 1.7x
  5,316 bp have a depth of zero (60.5638% coverage)
  21 positions changed (0.1558% of total positions)
  estimated pre-polishing sequence accuracy: 99.8442% (Q28.07)

Polishing contig_1662 (61,175 bp):
  mean read depth: 1.6x
  17,040 bp have a depth of zero (72.1455% coverage)
  42 positions changed (0.0687% of total positions)
  estimated pre-polishing sequence accuracy: 99.9313% (Q31.63)

Polishing contig_1663 (13,001 bp):
  mean read depth: 2.4x
  4,795 bp have a depth of zero (63.1182% coverage)
  23 positions changed (0.1769% of total positions)
  estimated pre-polishing sequence accuracy: 99.8231% (Q27.52)

Polishing contig_1664 (17,514 bp):
  mean read depth: 4.9x
  180 bp have a depth of zero (98.9723% coverage)
  49 positions changed (0.2798% of total positions)
  estimated pre-polishing sequence accuracy: 99.7202% (Q25.53)

Polishing contig_1665 (5,961 bp):
  mean read depth: 2.6x
  2,147 bp have a depth of zero (63.9826% coverage)
  23 positions changed (0.3858% of total positions)
  estimated pre-polishing sequence accuracy: 99.6142% (Q24.14)

Polishing contig_1666 (8,179 bp):
  mean read depth: 12.4x
  861 bp have a depth of zero (89.4730% coverage)
  43 positions changed (0.5257% of total positions)
  estimated pre-polishing sequence accuracy: 99.4743% (Q22.79)

Polishing contig_1667 (13,585 bp):
  mean read depth: 1.7x
  5,020 bp have a depth of zero (63.0475% coverage)
  31 positions changed (0.2282% of total positions)
  estimated pre-polishing sequence accuracy: 99.7718% (Q26.42)

Polishing contig_1668 (17,870 bp):
  mean read depth: 3.6x
  3,227 bp have a depth of zero (81.9418% coverage)
  174 positions changed (0.9737% of total positions)
  estimated pre-polishing sequence accuracy: 99.0263% (Q20.12)

Polishing contig_1669 (14,797 bp):
  mean read depth: 0.8x
  6,675 bp have a depth of zero (54.8895% coverage)
  1 position changed (0.0068% of total positions)
  estimated pre-polishing sequence accuracy: 99.9932% (Q41.70)

Polishing contig_167 (20,745 bp):
  mean read depth: 1.7x
  6,934 bp have a depth of zero (66.5751% coverage)
  26 positions changed (0.1253% of total positions)
  estimated pre-polishing sequence accuracy: 99.8747% (Q29.02)

Polishing contig_1670 (9,685 bp):
  mean read depth: 2.4x
  4,337 bp have a depth of zero (55.2194% coverage)
  54 positions changed (0.5576% of total positions)
  estimated pre-polishing sequence accuracy: 99.4424% (Q22.54)

Polishing contig_1671 (19,323 bp):
  mean read depth: 2.2x
  4,513 bp have a depth of zero (76.6444% coverage)
  47 positions changed (0.2432% of total positions)
  estimated pre-polishing sequence accuracy: 99.7568% (Q26.14)

Polishing contig_1672 (9,259 bp):
  mean read depth: 0.7x
  5,913 bp have a depth of zero (36.1378% coverage)
  0 positions changed (0.0000% of total positions)
  estimated pre-polishing sequence accuracy: 100.0000% (Q∞)

Polishing contig_1673 (9,251 bp):
  mean read depth: 2.8x
  1,312 bp have a depth of zero (85.8177% coverage)
  40 positions changed (0.4324% of total positions)
  estimated pre-polishing sequence accuracy: 99.5676% (Q23.64)

Polishing contig_1674 (20,095 bp):
  mean read depth: 3.3x
  5,056 bp have a depth of zero (74.8395% coverage)
  189 positions changed (0.9405% of total positions)
  estimated pre-polishing sequence accuracy: 99.0595% (Q20.27)

Polishing contig_1675 (16,080 bp):
  mean read depth: 2.5x
  4,207 bp have a depth of zero (73.8371% coverage)
  46 positions changed (0.2861% of total positions)
  estimated pre-polishing sequence accuracy: 99.7139% (Q25.44)

Polishing contig_1676 (12,987 bp):
  mean read depth: 1.6x
  6,041 bp have a depth of zero (53.4843% coverage)
  31 positions changed (0.2387% of total positions)
  estimated pre-polishing sequence accuracy: 99.7613% (Q26.22)

Polishing contig_1677 (6,245 bp):
  mean read depth: 1.4x
  2,444 bp have a depth of zero (60.8647% coverage)
  2 positions changed (0.0320% of total positions)
  estimated pre-polishing sequence accuracy: 99.9680% (Q34.95)

Polishing contig_1678 (4,802 bp):
  mean read depth: 2.2x
  1,524 bp have a depth of zero (68.2632% coverage)
  30 positions changed (0.6247% of total positions)
  estimated pre-polishing sequence accuracy: 99.3753% (Q22.04)

Polishing contig_1679 (31,218 bp):
  mean read depth: 4.0x
  2,810 bp have a depth of zero (90.9988% coverage)
  250 positions changed (0.8008% of total positions)
  estimated pre-polishing sequence accuracy: 99.1992% (Q20.96)

Polishing contig_168 (29,518 bp):
  mean read depth: 3.5x
  9,030 bp have a depth of zero (69.4085% coverage)
  245 positions changed (0.8300% of total positions)
  estimated pre-polishing sequence accuracy: 99.1700% (Q20.81)

Polishing contig_1680 (40,679 bp):
  mean read depth: 1.5x
  14,091 bp have a depth of zero (65.3605% coverage)
  51 positions changed (0.1254% of total positions)
  estimated pre-polishing sequence accuracy: 99.8746% (Q29.02)

Polishing contig_1681 (14,635 bp):
  mean read depth: 2.4x
  3,523 bp have a depth of zero (75.9276% coverage)
  42 positions changed (0.2870% of total positions)
  estimated pre-polishing sequence accuracy: 99.7130% (Q25.42)

Polishing contig_1682 (231,620 bp):
  mean read depth: 4.7x
  20,404 bp have a depth of zero (91.1907% coverage)
  1,741 positions changed (0.7517% of total positions)
  estimated pre-polishing sequence accuracy: 99.2483% (Q21.24)

Polishing contig_1683 (4,619 bp):
  mean read depth: 2.7x
  345 bp have a depth of zero (92.5309% coverage)
  6 positions changed (0.1299% of total positions)
  estimated pre-polishing sequence accuracy: 99.8701% (Q28.86)

Polishing contig_1684 (5,993 bp):
  mean read depth: 9.2x
  17 bp have a depth of zero (99.7163% coverage)
  71 positions changed (1.1847% of total positions)
  estimated pre-polishing sequence accuracy: 98.8153% (Q19.26)

Polishing contig_1685 (64,826 bp):
  mean read depth: 4.3x
  9,504 bp have a depth of zero (85.3392% coverage)
  602 positions changed (0.9286% of total positions)
  estimated pre-polishing sequence accuracy: 99.0714% (Q20.32)

Polishing contig_1686 (9,547 bp):
  mean read depth: 2.6x
  5,673 bp have a depth of zero (40.5782% coverage)
  70 positions changed (0.7332% of total positions)
  estimated pre-polishing sequence accuracy: 99.2668% (Q21.35)

Polishing contig_1687 (5,759 bp):
  mean read depth: 1.7x
  2,480 bp have a depth of zero (56.9370% coverage)
  7 positions changed (0.1215% of total positions)
  estimated pre-polishing sequence accuracy: 99.8785% (Q29.15)

Polishing contig_1688 (5,943 bp):
  mean read depth: 9.5x
  1,558 bp have a depth of zero (73.7843% coverage)
  26 positions changed (0.4375% of total positions)
  estimated pre-polishing sequence accuracy: 99.5625% (Q23.59)

Polishing contig_1689 (31,104 bp):
  mean read depth: 1.7x
  10,151 bp have a depth of zero (67.3643% coverage)
  31 positions changed (0.0997% of total positions)
  estimated pre-polishing sequence accuracy: 99.9003% (Q30.01)

Polishing contig_169 (28,553 bp):
  mean read depth: 1.6x
  7,981 bp have a depth of zero (72.0485% coverage)
  18 positions changed (0.0630% of total positions)
  estimated pre-polishing sequence accuracy: 99.9370% (Q32.00)

Polishing contig_1690 (10,982 bp):
  mean read depth: 1.2x
  4,623 bp have a depth of zero (57.9038% coverage)
  6 positions changed (0.0546% of total positions)
  estimated pre-polishing sequence accuracy: 99.9454% (Q32.63)

Polishing contig_1691 (78,781 bp):
  mean read depth: 1.9x
  18,794 bp have a depth of zero (76.1440% coverage)
  79 positions changed (0.1003% of total positions)
  estimated pre-polishing sequence accuracy: 99.8997% (Q29.99)

Polishing contig_1693 (59,870 bp):
  mean read depth: 5.4x
  4,198 bp have a depth of zero (92.9881% coverage)
  386 positions changed (0.6447% of total positions)
  estimated pre-polishing sequence accuracy: 99.3553% (Q21.91)

Polishing contig_1694 (83,573 bp):
  mean read depth: 5.1x
  14,885 bp have a depth of zero (82.1892% coverage)
  878 positions changed (1.0506% of total positions)
  estimated pre-polishing sequence accuracy: 98.9494% (Q19.79)

Polishing contig_1695 (52,697 bp):
  mean read depth: 6.3x
  1,130 bp have a depth of zero (97.8557% coverage)
  429 positions changed (0.8141% of total positions)
  estimated pre-polishing sequence accuracy: 99.1859% (Q20.89)

Polishing contig_1696 (172,607 bp):
  mean read depth: 5.7x
  10,757 bp have a depth of zero (93.7679% coverage)
  1,340 positions changed (0.7763% of total positions)
  estimated pre-polishing sequence accuracy: 99.2237% (Q21.10)

Polishing contig_1697 (6,153 bp):
  mean read depth: 3.3x
  297 bp have a depth of zero (95.1731% coverage)
  16 positions changed (0.2600% of total positions)
  estimated pre-polishing sequence accuracy: 99.7400% (Q25.85)

Polishing contig_1698 (7,291 bp):
  mean read depth: 0.6x
  4,562 bp have a depth of zero (37.4297% coverage)
  0 positions changed (0.0000% of total positions)
  estimated pre-polishing sequence accuracy: 100.0000% (Q∞)

Polishing contig_1699 (9,236 bp):
  mean read depth: 4.2x
  2,921 bp have a depth of zero (68.3738% coverage)
  29 positions changed (0.3140% of total positions)
  estimated pre-polishing sequence accuracy: 99.6860% (Q25.03)

Polishing contig_170 (15,947 bp):
  mean read depth: 2.1x
  4,596 bp have a depth of zero (71.1795% coverage)
  37 positions changed (0.2320% of total positions)
  estimated pre-polishing sequence accuracy: 99.7680% (Q26.34)

Polishing contig_1700 (66,329 bp):
  mean read depth: 2.5x
  9,776 bp have a depth of zero (85.2613% coverage)
  144 positions changed (0.2171% of total positions)
  estimated pre-polishing sequence accuracy: 99.7829% (Q26.63)

Polishing contig_1701 (5,823 bp):
  mean read depth: 1.3x
  3,026 bp have a depth of zero (48.0337% coverage)
  3 positions changed (0.0515% of total positions)
  estimated pre-polishing sequence accuracy: 99.9485% (Q32.88)

Polishing contig_1702 (18,388 bp):
  mean read depth: 0.9x
  9,861 bp have a depth of zero (46.3726% coverage)
  1 position changed (0.0054% of total positions)
  estimated pre-polishing sequence accuracy: 99.9946% (Q42.65)

Polishing contig_1703 (3,364 bp):
  mean read depth: 3.9x
  156 bp have a depth of zero (95.3627% coverage)
  36 positions changed (1.0702% of total positions)
  estimated pre-polishing sequence accuracy: 98.9298% (Q19.71)

Polishing contig_1704 (38,548 bp):
  mean read depth: 2.5x
  6,180 bp have a depth of zero (83.9680% coverage)
  91 positions changed (0.2361% of total positions)
  estimated pre-polishing sequence accuracy: 99.7639% (Q26.27)

Polishing contig_1705 (5,223 bp):
  mean read depth: 2.2x
  1,464 bp have a depth of zero (71.9701% coverage)
  9 positions changed (0.1723% of total positions)
  estimated pre-polishing sequence accuracy: 99.8277% (Q27.64)

Polishing contig_1706 (17,586 bp):
  mean read depth: 1.6x
  6,750 bp have a depth of zero (61.6172% coverage)
  20 positions changed (0.1137% of total positions)
  estimated pre-polishing sequence accuracy: 99.8863% (Q29.44)

Polishing contig_1707 (49,059 bp):
  mean read depth: 4.4x
  3,667 bp have a depth of zero (92.5253% coverage)
  518 positions changed (1.0559% of total positions)
  estimated pre-polishing sequence accuracy: 98.9441% (Q19.76)

Polishing contig_1708 (6,942 bp):
  mean read depth: 0.6x
  4,484 bp have a depth of zero (35.4077% coverage)
  0 positions changed (0.0000% of total positions)
  estimated pre-polishing sequence accuracy: 100.0000% (Q∞)

Polishing contig_1709 (11,254 bp):
  mean read depth: 2.1x
  3,628 bp have a depth of zero (67.7626% coverage)
  28 positions changed (0.2488% of total positions)
  estimated pre-polishing sequence accuracy: 99.7512% (Q26.04)

Polishing contig_171 (8,506 bp):
  mean read depth: 0.9x
  4,009 bp have a depth of zero (52.8686% coverage)
  0 positions changed (0.0000% of total positions)
  estimated pre-polishing sequence accuracy: 100.0000% (Q∞)

Polishing contig_1710 (4,888 bp):
  mean read depth: 2.3x
  945 bp have a depth of zero (80.6669% coverage)
  6 positions changed (0.1227% of total positions)
  estimated pre-polishing sequence accuracy: 99.8773% (Q29.11)

Polishing contig_1711 (8,595 bp):
  mean read depth: 0.8x
  4,336 bp have a depth of zero (49.5521% coverage)
  0 positions changed (0.0000% of total positions)
  estimated pre-polishing sequence accuracy: 100.0000% (Q∞)

Polishing contig_1712 (5,977 bp):
  mean read depth: 2.5x
  1,197 bp have a depth of zero (79.9732% coverage)
  30 positions changed (0.5019% of total positions)
  estimated pre-polishing sequence accuracy: 99.4981% (Q22.99)

Polishing contig_1713 (111,936 bp):
  mean read depth: 4.4x
  4,136 bp have a depth of zero (96.3050% coverage)
  774 positions changed (0.6915% of total positions)
  estimated pre-polishing sequence accuracy: 99.3085% (Q21.60)

Polishing contig_1714 (15,196 bp):
  mean read depth: 3.2x
  2,462 bp have a depth of zero (83.7984% coverage)
  91 positions changed (0.5988% of total positions)
  estimated pre-polishing sequence accuracy: 99.4012% (Q22.23)

Polishing contig_1715 (8,370 bp):
  mean read depth: 0.8x
  6,645 bp have a depth of zero (20.6093% coverage)
  18 positions changed (0.2151% of total positions)
  estimated pre-polishing sequence accuracy: 99.7849% (Q26.67)

Polishing contig_1716 (6,081 bp):
  mean read depth: 2.8x
  1,245 bp have a depth of zero (79.5264% coverage)
  25 positions changed (0.4111% of total positions)
  estimated pre-polishing sequence accuracy: 99.5889% (Q23.86)

Polishing contig_1717 (9,276 bp):
  mean read depth: 0.4x
  6,477 bp have a depth of zero (30.1746% coverage)
  0 positions changed (0.0000% of total positions)
  estimated pre-polishing sequence accuracy: 100.0000% (Q∞)

Polishing contig_1718 (21,086 bp):
  mean read depth: 2.4x
  5,134 bp have a depth of zero (75.6521% coverage)
  38 positions changed (0.1802% of total positions)
  estimated pre-polishing sequence accuracy: 99.8198% (Q27.44)

Polishing contig_1719 (12,033 bp):
  mean read depth: 1.8x
  2,668 bp have a depth of zero (77.8276% coverage)
  6 positions changed (0.0499% of total positions)
  estimated pre-polishing sequence accuracy: 99.9501% (Q33.02)

Polishing contig_172 (37,258 bp):
  mean read depth: 2.0x
  8,519 bp have a depth of zero (77.1351% coverage)
  61 positions changed (0.1637% of total positions)
  estimated pre-polishing sequence accuracy: 99.8363% (Q27.86)

Polishing contig_1720 (10,246 bp):
  mean read depth: 2.1x
  2,619 bp have a depth of zero (74.4388% coverage)
  34 positions changed (0.3318% of total positions)
  estimated pre-polishing sequence accuracy: 99.6682% (Q24.79)

Polishing contig_1721 (7,782 bp):
  mean read depth: 1.9x
  2,050 bp have a depth of zero (73.6572% coverage)
  15 positions changed (0.1928% of total positions)
  estimated pre-polishing sequence accuracy: 99.8072% (Q27.15)

Polishing contig_1722 (5,511 bp):
  mean read depth: 1.0x
  2,695 bp have a depth of zero (51.0978% coverage)
  0 positions changed (0.0000% of total positions)
  estimated pre-polishing sequence accuracy: 100.0000% (Q∞)

Polishing contig_1723 (12,366 bp):
  mean read depth: 2.9x
  3,728 bp have a depth of zero (69.8528% coverage)
  80 positions changed (0.6469% of total positions)
  estimated pre-polishing sequence accuracy: 99.3531% (Q21.89)

Polishing contig_1724 (9,647 bp):
  mean read depth: 1.1x
  4,873 bp have a depth of zero (49.4869% coverage)
  9 positions changed (0.0933% of total positions)
  estimated pre-polishing sequence accuracy: 99.9067% (Q30.30)

Polishing contig_1725 (6,707 bp):
  mean read depth: 2.3x
  1,358 bp have a depth of zero (79.7525% coverage)
  15 positions changed (0.2236% of total positions)
  estimated pre-polishing sequence accuracy: 99.7764% (Q26.50)

Polishing contig_1726 (15,866 bp):
  mean read depth: 0.3x
  12,008 bp have a depth of zero (24.3161% coverage)
  0 positions changed (0.0000% of total positions)
  estimated pre-polishing sequence accuracy: 100.0000% (Q∞)

Polishing contig_1727 (26,555 bp):
  mean read depth: 4.1x
  4,702 bp have a depth of zero (82.2934% coverage)
  250 positions changed (0.9414% of total positions)
  estimated pre-polishing sequence accuracy: 99.0586% (Q20.26)

Polishing contig_1728 (8,772 bp):
  mean read depth: 2.3x
  2,183 bp have a depth of zero (75.1140% coverage)
  33 positions changed (0.3762% of total positions)
  estimated pre-polishing sequence accuracy: 99.6238% (Q24.25)

Polishing contig_1729 (15,407 bp):
  mean read depth: 1.2x
  7,515 bp have a depth of zero (51.2235% coverage)
  13 positions changed (0.0844% of total positions)
  estimated pre-polishing sequence accuracy: 99.9156% (Q30.74)

Polishing contig_173 (69,595 bp):
  mean read depth: 2.8x
  11,059 bp have a depth of zero (84.1095% coverage)
  218 positions changed (0.3132% of total positions)
  estimated pre-polishing sequence accuracy: 99.6868% (Q25.04)

Polishing contig_1730 (38,745 bp):
  mean read depth: 2.5x
  7,136 bp have a depth of zero (81.5821% coverage)
  90 positions changed (0.2323% of total positions)
  estimated pre-polishing sequence accuracy: 99.7677% (Q26.34)

Polishing contig_1731 (2,763 bp):
  mean read depth: 5.4x
  992 bp have a depth of zero (64.0970% coverage)
  15 positions changed (0.5429% of total positions)
  estimated pre-polishing sequence accuracy: 99.4571% (Q22.65)

Polishing contig_1732 (17,318 bp):
  mean read depth: 1.4x
  6,756 bp have a depth of zero (60.9886% coverage)
  5 positions changed (0.0289% of total positions)
  estimated pre-polishing sequence accuracy: 99.9711% (Q35.40)

Polishing contig_1733 (10,409 bp):
  mean read depth: 2.6x
  2,105 bp have a depth of zero (79.7771% coverage)
  32 positions changed (0.3074% of total positions)
  estimated pre-polishing sequence accuracy: 99.6926% (Q25.12)

Polishing contig_1734 (5,475 bp):
  mean read depth: 2.4x
  927 bp have a depth of zero (83.0685% coverage)
  19 positions changed (0.3470% of total positions)
  estimated pre-polishing sequence accuracy: 99.6530% (Q24.60)

Polishing contig_1735 (9,471 bp):
  mean read depth: 3.3x
  2,669 bp have a depth of zero (71.8192% coverage)
  61 positions changed (0.6441% of total positions)
  estimated pre-polishing sequence accuracy: 99.3559% (Q21.91)

Polishing contig_1736 (10,530 bp):
  mean read depth: 1.3x
  3,893 bp have a depth of zero (63.0294% coverage)
  8 positions changed (0.0760% of total positions)
  estimated pre-polishing sequence accuracy: 99.9240% (Q31.19)

Polishing contig_1737 (53,365 bp):
  mean read depth: 4.4x
  7,481 bp have a depth of zero (85.9814% coverage)
  343 positions changed (0.6427% of total positions)
  estimated pre-polishing sequence accuracy: 99.3573% (Q21.92)

Polishing contig_1738 (7,567 bp):
  mean read depth: 1.1x
  3,077 bp have a depth of zero (59.3366% coverage)
  0 positions changed (0.0000% of total positions)
  estimated pre-polishing sequence accuracy: 100.0000% (Q∞)

Polishing contig_1739 (9,786 bp):
  mean read depth: 2.1x
  1,826 bp have a depth of zero (81.3407% coverage)
  6 positions changed (0.0613% of total positions)
  estimated pre-polishing sequence accuracy: 99.9387% (Q32.12)

Polishing contig_174 (11,184 bp):
  mean read depth: 1.3x
  4,667 bp have a depth of zero (58.2707% coverage)
  18 positions changed (0.1609% of total positions)
  estimated pre-polishing sequence accuracy: 99.8391% (Q27.93)

Polishing contig_1740 (21,050 bp):
  mean read depth: 4.2x
  2,770 bp have a depth of zero (86.8409% coverage)
  159 positions changed (0.7553% of total positions)
  estimated pre-polishing sequence accuracy: 99.2447% (Q21.22)

Polishing contig_1741 (8,242 bp):
  mean read depth: 1.6x
  2,726 bp have a depth of zero (66.9255% coverage)
  4 positions changed (0.0485% of total positions)
  estimated pre-polishing sequence accuracy: 99.9515% (Q33.14)

Polishing contig_1742 (17,634 bp):
  mean read depth: 1.4x
  5,529 bp have a depth of zero (68.6458% coverage)
  14 positions changed (0.0794% of total positions)
  estimated pre-polishing sequence accuracy: 99.9206% (Q31.00)

Polishing contig_1743 (17,563 bp):
  mean read depth: 4.7x
  3,891 bp have a depth of zero (77.8455% coverage)
  131 positions changed (0.7459% of total positions)
  estimated pre-polishing sequence accuracy: 99.2541% (Q21.27)

Polishing contig_1744 (76,215 bp):
  mean read depth: 2.2x
  18,697 bp have a depth of zero (75.4681% coverage)
  150 positions changed (0.1968% of total positions)
  estimated pre-polishing sequence accuracy: 99.8032% (Q27.06)

Polishing contig_1745 (5,690 bp):
  mean read depth: 0.5x
  3,492 bp have a depth of zero (38.6292% coverage)
  0 positions changed (0.0000% of total positions)
  estimated pre-polishing sequence accuracy: 100.0000% (Q∞)

Polishing contig_1746 (4,492 bp):
  mean read depth: 3.4x
  145 bp have a depth of zero (96.7720% coverage)
  20 positions changed (0.4452% of total positions)
  estimated pre-polishing sequence accuracy: 99.5548% (Q23.51)

Polishing contig_1747 (11,283 bp):
  mean read depth: 7.6x
  3,233 bp have a depth of zero (71.3463% coverage)
  77 positions changed (0.6824% of total positions)
  estimated pre-polishing sequence accuracy: 99.3176% (Q21.66)

Polishing contig_1748 (3,031 bp):
  mean read depth: 3.1x
  1,174 bp have a depth of zero (61.2669% coverage)
  29 positions changed (0.9568% of total positions)
  estimated pre-polishing sequence accuracy: 99.0432% (Q20.19)

Polishing contig_1749 (9,248 bp):
  mean read depth: 3.8x
  718 bp have a depth of zero (92.2362% coverage)
  60 positions changed (0.6488% of total positions)
  estimated pre-polishing sequence accuracy: 99.3512% (Q21.88)

Polishing contig_175 (6,395 bp):
  mean read depth: 3.2x
  4,060 bp have a depth of zero (36.5129% coverage)
  12 positions changed (0.1876% of total positions)
  estimated pre-polishing sequence accuracy: 99.8124% (Q27.27)

Polishing contig_1750 (5,556 bp):
  mean read depth: 2.5x
  1,290 bp have a depth of zero (76.7819% coverage)
  12 positions changed (0.2160% of total positions)
  estimated pre-polishing sequence accuracy: 99.7840% (Q26.66)

Polishing contig_1751 (4,840 bp):
  mean read depth: 2.2x
  1,198 bp have a depth of zero (75.2479% coverage)
  12 positions changed (0.2479% of total positions)
  estimated pre-polishing sequence accuracy: 99.7521% (Q26.06)

Polishing contig_1752 (3,505 bp):
  mean read depth: 2.4x
  636 bp have a depth of zero (81.8545% coverage)
  7 positions changed (0.1997% of total positions)
  estimated pre-polishing sequence accuracy: 99.8003% (Q27.00)

Polishing contig_1753 (6,213 bp):
  mean read depth: 1.0x
  2,823 bp have a depth of zero (54.5630% coverage)
  0 positions changed (0.0000% of total positions)
  estimated pre-polishing sequence accuracy: 100.0000% (Q∞)

Polishing contig_1754 (9,681 bp):
  mean read depth: 1.9x
  1,952 bp have a depth of zero (79.8368% coverage)
  14 positions changed (0.1446% of total positions)
  estimated pre-polishing sequence accuracy: 99.8554% (Q28.40)

Polishing contig_1755 (2,518 bp):
  mean read depth: 9.6x
  529 bp have a depth of zero (78.9913% coverage)
  17 positions changed (0.6751% of total positions)
  estimated pre-polishing sequence accuracy: 99.3249% (Q21.71)

Polishing contig_1756 (6,416 bp):
  mean read depth: 4.2x
  405 bp have a depth of zero (93.6877% coverage)
  71 positions changed (1.1066% of total positions)
  estimated pre-polishing sequence accuracy: 98.8934% (Q19.56)

Polishing contig_1757 (21,055 bp):
  mean read depth: 5.0x
  880 bp have a depth of zero (95.8205% coverage)
  190 positions changed (0.9024% of total positions)
  estimated pre-polishing sequence accuracy: 99.0976% (Q20.45)

Polishing contig_1758 (2,397 bp):
  mean read depth: 2.3x
  1,449 bp have a depth of zero (39.5494% coverage)
  13 positions changed (0.5423% of total positions)
  estimated pre-polishing sequence accuracy: 99.4577% (Q22.66)

Polishing contig_1759 (8,475 bp):
  mean read depth: 1.3x
  3,292 bp have a depth of zero (61.1563% coverage)
  1 position changed (0.0118% of total positions)
  estimated pre-polishing sequence accuracy: 99.9882% (Q39.28)

Polishing contig_176 (43,875 bp):
  mean read depth: 19.3x
  4,098 bp have a depth of zero (90.6598% coverage)
  184 positions changed (0.4194% of total positions)
  estimated pre-polishing sequence accuracy: 99.5806% (Q23.77)

Polishing contig_1760 (42,477 bp):
  mean read depth: 2.5x
  9,432 bp have a depth of zero (77.7950% coverage)
  99 positions changed (0.2331% of total positions)
  estimated pre-polishing sequence accuracy: 99.7669% (Q26.33)

Polishing contig_1761 (10,284 bp):
  mean read depth: 0.7x
  5,979 bp have a depth of zero (41.8611% coverage)
  1 position changed (0.0097% of total positions)
  estimated pre-polishing sequence accuracy: 99.9903% (Q40.12)

Polishing contig_1762 (7,489 bp):
  mean read depth: 0.9x
  3,298 bp have a depth of zero (55.9621% coverage)
  5 positions changed (0.0668% of total positions)
  estimated pre-polishing sequence accuracy: 99.9332% (Q31.75)

Polishing contig_1763 (8,743 bp):
  mean read depth: 3.6x
  1,921 bp have a depth of zero (78.0281% coverage)
  68 positions changed (0.7778% of total positions)
  estimated pre-polishing sequence accuracy: 99.2222% (Q21.09)

Polishing contig_1764 (8,011 bp):
  mean read depth: 2.7x
  1,862 bp have a depth of zero (76.7570% coverage)
  46 positions changed (0.5742% of total positions)
  estimated pre-polishing sequence accuracy: 99.4258% (Q22.41)

Polishing contig_1765 (27,825 bp):
  mean read depth: 2.3x
  7,499 bp have a depth of zero (73.0494% coverage)
  83 positions changed (0.2983% of total positions)
  estimated pre-polishing sequence accuracy: 99.7017% (Q25.25)

Polishing contig_1766 (10,147 bp):
  mean read depth: 2.6x
  3,162 bp have a depth of zero (68.8381% coverage)
  43 positions changed (0.4238% of total positions)
  estimated pre-polishing sequence accuracy: 99.5762% (Q23.73)

Polishing contig_1767 (85,170 bp):
  mean read depth: 5.5x
  3,865 bp have a depth of zero (95.4620% coverage)
  694 positions changed (0.8148% of total positions)
  estimated pre-polishing sequence accuracy: 99.1852% (Q20.89)

Polishing contig_1768 (3,583 bp):
  mean read depth: 1.4x
  1,449 bp have a depth of zero (59.5590% coverage)
  0 positions changed (0.0000% of total positions)
  estimated pre-polishing sequence accuracy: 100.0000% (Q∞)

Polishing contig_1769 (11,189 bp):
  mean read depth: 0.7x
  7,826 bp have a depth of zero (30.0563% coverage)
  4 positions changed (0.0357% of total positions)
  estimated pre-polishing sequence accuracy: 99.9643% (Q34.47)

Polishing contig_177 (28,082 bp):
  mean read depth: 2.7x
  7,191 bp have a depth of zero (74.3928% coverage)
  112 positions changed (0.3988% of total positions)
  estimated pre-polishing sequence accuracy: 99.6012% (Q23.99)

Polishing contig_1770 (8,055 bp):
  mean read depth: 3.3x
  2,234 bp have a depth of zero (72.2657% coverage)
  53 positions changed (0.6580% of total positions)
  estimated pre-polishing sequence accuracy: 99.3420% (Q21.82)

Polishing contig_1771 (12,787 bp):
  mean read depth: 1.1x
  6,053 bp have a depth of zero (52.6629% coverage)
  20 positions changed (0.1564% of total positions)
  estimated pre-polishing sequence accuracy: 99.8436% (Q28.06)

Polishing contig_1772 (6,397 bp):
  mean read depth: 2.3x
  2,015 bp have a depth of zero (68.5009% coverage)
  33 positions changed (0.5159% of total positions)
  estimated pre-polishing sequence accuracy: 99.4841% (Q22.87)

Polishing contig_1773 (4,047 bp):
  mean read depth: 10.4x
  56 bp have a depth of zero (98.6163% coverage)
  24 positions changed (0.5930% of total positions)
  estimated pre-polishing sequence accuracy: 99.4070% (Q22.27)

Polishing contig_1774 (12,057 bp):
  mean read depth: 2.2x
  3,850 bp have a depth of zero (68.0683% coverage)
  27 positions changed (0.2239% of total positions)
  estimated pre-polishing sequence accuracy: 99.7761% (Q26.50)

Polishing contig_1775 (8,585 bp):
  mean read depth: 2.3x
  2,510 bp have a depth of zero (70.7630% coverage)
  36 positions changed (0.4193% of total positions)
  estimated pre-polishing sequence accuracy: 99.5807% (Q23.77)

Polishing contig_1776 (9,332 bp):
  mean read depth: 1.6x
  3,991 bp have a depth of zero (57.2332% coverage)
  9 positions changed (0.0964% of total positions)
  estimated pre-polishing sequence accuracy: 99.9036% (Q30.16)

Polishing contig_1777 (68,820 bp):
  mean read depth: 4.0x
  11,545 bp have a depth of zero (83.2244% coverage)
  481 positions changed (0.6989% of total positions)
  estimated pre-polishing sequence accuracy: 99.3011% (Q21.56)

Polishing contig_1778 (4,283 bp):
  mean read depth: 0.8x
  2,489 bp have a depth of zero (41.8865% coverage)
  0 positions changed (0.0000% of total positions)
  estimated pre-polishing sequence accuracy: 100.0000% (Q∞)

Polishing contig_1779 (33,191 bp):
  mean read depth: 3.0x
  3,017 bp have a depth of zero (90.9102% coverage)
  121 positions changed (0.3646% of total positions)
  estimated pre-polishing sequence accuracy: 99.6354% (Q24.38)

Polishing contig_178 (9,651 bp):
  mean read depth: 2.4x
  3,177 bp have a depth of zero (67.0811% coverage)
  37 positions changed (0.3834% of total positions)
  estimated pre-polishing sequence accuracy: 99.6166% (Q24.16)

Polishing contig_1780 (7,450 bp):
  mean read depth: 2.4x
  2,068 bp have a depth of zero (72.2416% coverage)
  36 positions changed (0.4832% of total positions)
  estimated pre-polishing sequence accuracy: 99.5168% (Q23.16)

Polishing contig_1781 (68,472 bp):
  mean read depth: 4.7x
  6,515 bp have a depth of zero (90.4852% coverage)
  509 positions changed (0.7434% of total positions)
  estimated pre-polishing sequence accuracy: 99.2566% (Q21.29)

Polishing contig_1782 (15,268 bp):
  mean read depth: 2.2x
  7,259 bp have a depth of zero (52.4561% coverage)
  51 positions changed (0.3340% of total positions)
  estimated pre-polishing sequence accuracy: 99.6660% (Q24.76)

Polishing contig_1783 (28,628 bp):
  mean read depth: 1.1x
  13,670 bp have a depth of zero (52.2495% coverage)
  12 positions changed (0.0419% of total positions)
  estimated pre-polishing sequence accuracy: 99.9581% (Q33.78)

Polishing contig_1784 (4,848 bp):
  mean read depth: 1.8x
  1,474 bp have a depth of zero (69.5957% coverage)
  7 positions changed (0.1444% of total positions)
  estimated pre-polishing sequence accuracy: 99.8556% (Q28.40)

Polishing contig_1785 (13,636 bp):
  mean read depth: 3.1x
  2,921 bp have a depth of zero (78.5788% coverage)
  76 positions changed (0.5573% of total positions)
  estimated pre-polishing sequence accuracy: 99.4427% (Q22.54)

Polishing contig_1786 (13,158 bp):
  mean read depth: 3.1x
  2,402 bp have a depth of zero (81.7449% coverage)
  56 positions changed (0.4256% of total positions)
  estimated pre-polishing sequence accuracy: 99.5744% (Q23.71)

Polishing contig_1787 (12,793 bp):
  mean read depth: 1.2x
  4,712 bp have a depth of zero (63.1674% coverage)
  3 positions changed (0.0235% of total positions)
  estimated pre-polishing sequence accuracy: 99.9765% (Q36.30)

Polishing contig_1788 (2,812 bp):
  mean read depth: 1.3x
  1,051 bp have a depth of zero (62.6245% coverage)
  2 positions changed (0.0711% of total positions)
  estimated pre-polishing sequence accuracy: 99.9289% (Q31.48)

Polishing contig_1789 (9,285 bp):
  mean read depth: 2.2x
  2,965 bp have a depth of zero (68.0668% coverage)
  41 positions changed (0.4416% of total positions)
  estimated pre-polishing sequence accuracy: 99.5584% (Q23.55)

Polishing contig_179 (7,529 bp):
  mean read depth: 0.6x
  4,561 bp have a depth of zero (39.4209% coverage)
  0 positions changed (0.0000% of total positions)
  estimated pre-polishing sequence accuracy: 100.0000% (Q∞)

Polishing contig_1790 (22,410 bp):
  mean read depth: 4.3x
  2,816 bp have a depth of zero (87.4342% coverage)
  220 positions changed (0.9817% of total positions)
  estimated pre-polishing sequence accuracy: 99.0183% (Q20.08)

Polishing contig_1791 (73,536 bp):
  mean read depth: 1.9x
  19,523 bp have a depth of zero (73.4511% coverage)
  110 positions changed (0.1496% of total positions)
  estimated pre-polishing sequence accuracy: 99.8504% (Q28.25)

Polishing contig_1792 (6,623 bp):
  mean read depth: 2.2x
  2,726 bp have a depth of zero (58.8404% coverage)
  33 positions changed (0.4983% of total positions)
  estimated pre-polishing sequence accuracy: 99.5017% (Q23.03)

Polishing contig_1793 (7,421 bp):
  mean read depth: 6.8x
  1,559 bp have a depth of zero (78.9920% coverage)
  42 positions changed (0.5660% of total positions)
  estimated pre-polishing sequence accuracy: 99.4340% (Q22.47)

Polishing contig_1794 (29,191 bp):
  mean read depth: 3.8x
  2,534 bp have a depth of zero (91.3192% coverage)
  151 positions changed (0.5173% of total positions)
  estimated pre-polishing sequence accuracy: 99.4827% (Q22.86)

Polishing contig_1795 (6,727 bp):
  mean read depth: 1.4x
  2,055 bp have a depth of zero (69.4515% coverage)
  0 positions changed (0.0000% of total positions)
  estimated pre-polishing sequence accuracy: 100.0000% (Q∞)

Polishing contig_1796 (9,538 bp):
  mean read depth: 1.9x
  4,194 bp have a depth of zero (56.0285% coverage)
  34 positions changed (0.3565% of total positions)
  estimated pre-polishing sequence accuracy: 99.6435% (Q24.48)

Polishing contig_1797 (11,728 bp):
  mean read depth: 1.8x
  3,118 bp have a depth of zero (73.4141% coverage)
  5 positions changed (0.0426% of total positions)
  estimated pre-polishing sequence accuracy: 99.9574% (Q33.70)

Polishing contig_1798 (7,651 bp):
  mean read depth: 3.9x
  709 bp have a depth of zero (90.7332% coverage)
  75 positions changed (0.9803% of total positions)
  estimated pre-polishing sequence accuracy: 99.0197% (Q20.09)

Polishing contig_1799 (15,374 bp):
  mean read depth: 0.8x
  7,717 bp have a depth of zero (49.8049% coverage)
  0 positions changed (0.0000% of total positions)
  estimated pre-polishing sequence accuracy: 100.0000% (Q∞)

Polishing contig_18 (561,518 bp):
  mean read depth: 8.1x
  11,394 bp have a depth of zero (97.9709% coverage)
  2,954 positions changed (0.5261% of total positions)
  estimated pre-polishing sequence accuracy: 99.4739% (Q22.79)

Polishing contig_180 (59,152 bp):
  mean read depth: 4.6x
  6,260 bp have a depth of zero (89.4171% coverage)
  514 positions changed (0.8689% of total positions)
  estimated pre-polishing sequence accuracy: 99.1311% (Q20.61)

Polishing contig_1800 (8,297 bp):
  mean read depth: 3.0x
  3,865 bp have a depth of zero (53.4169% coverage)
  39 positions changed (0.4700% of total positions)
  estimated pre-polishing sequence accuracy: 99.5300% (Q23.28)

Polishing contig_1801 (6,603 bp):
  mean read depth: 4.7x
  961 bp have a depth of zero (85.4460% coverage)
  89 positions changed (1.3479% of total positions)
  estimated pre-polishing sequence accuracy: 98.6521% (Q18.70)

Polishing contig_1802 (15,645 bp):
  mean read depth: 4.7x
  2,249 bp have a depth of zero (85.6248% coverage)
  135 positions changed (0.8629% of total positions)
  estimated pre-polishing sequence accuracy: 99.1371% (Q20.64)

Polishing contig_1803 (11,224 bp):
  mean read depth: 1.5x
  4,550 bp have a depth of zero (59.4619% coverage)
  17 positions changed (0.1515% of total positions)
  estimated pre-polishing sequence accuracy: 99.8485% (Q28.20)

Polishing contig_1804 (6,113 bp):
  mean read depth: 3.9x
  1,220 bp have a depth of zero (80.0425% coverage)
  70 positions changed (1.1451% of total positions)
  estimated pre-polishing sequence accuracy: 98.8549% (Q19.41)

Polishing contig_1805 (104,630 bp):
  mean read depth: 3.9x
  9,609 bp have a depth of zero (90.8162% coverage)
  621 positions changed (0.5935% of total positions)
  estimated pre-polishing sequence accuracy: 99.4065% (Q22.27)

Polishing contig_1806 (3,733 bp):
  mean read depth: 0.5x
  2,295 bp have a depth of zero (38.5213% coverage)
  0 positions changed (0.0000% of total positions)
  estimated pre-polishing sequence accuracy: 100.0000% (Q∞)

Polishing contig_1807 (32,075 bp):
  mean read depth: 6.1x
  3,068 bp have a depth of zero (90.4349% coverage)
  321 positions changed (1.0008% of total positions)
  estimated pre-polishing sequence accuracy: 98.9992% (Q20.00)

Polishing contig_1808 (16,469 bp):
  mean read depth: 4.2x
  1,337 bp have a depth of zero (91.8817% coverage)
  124 positions changed (0.7529% of total positions)
  estimated pre-polishing sequence accuracy: 99.2471% (Q21.23)

Polishing contig_1809 (6,015 bp):
  mean read depth: 3.6x
  1,163 bp have a depth of zero (80.6650% coverage)
  54 positions changed (0.8978% of total positions)
  estimated pre-polishing sequence accuracy: 99.1022% (Q20.47)

Polishing contig_181 (26,844 bp):
  mean read depth: 4.5x
  5,083 bp have a depth of zero (81.0647% coverage)
  197 positions changed (0.7339% of total positions)
  estimated pre-polishing sequence accuracy: 99.2661% (Q21.34)

Polishing contig_1810 (8,314 bp):
  mean read depth: 2.3x
  1,501 bp have a depth of zero (81.9461% coverage)
  20 positions changed (0.2406% of total positions)
  estimated pre-polishing sequence accuracy: 99.7594% (Q26.19)

Polishing contig_1811 (6,400 bp):
  mean read depth: 1.3x
  2,146 bp have a depth of zero (66.4688% coverage)
  0 positions changed (0.0000% of total positions)
  estimated pre-polishing sequence accuracy: 100.0000% (Q∞)

Polishing contig_1812 (5,211 bp):
  mean read depth: 0.7x
  2,548 bp have a depth of zero (51.1034% coverage)
  0 positions changed (0.0000% of total positions)
  estimated pre-polishing sequence accuracy: 100.0000% (Q∞)

Polishing contig_1813 (9,889 bp):
  mean read depth: 1.9x
  4,814 bp have a depth of zero (51.3196% coverage)
  33 positions changed (0.3337% of total positions)
  estimated pre-polishing sequence accuracy: 99.6663% (Q24.77)

Polishing contig_1814 (5,550 bp):
  mean read depth: 2.4x
  1,370 bp have a depth of zero (75.3153% coverage)
  27 positions changed (0.4865% of total positions)
  estimated pre-polishing sequence accuracy: 99.5135% (Q23.13)

Polishing contig_1815 (9,862 bp):
  mean read depth: 2.0x
  2,932 bp have a depth of zero (70.2697% coverage)
  19 positions changed (0.1927% of total positions)
  estimated pre-polishing sequence accuracy: 99.8073% (Q27.15)

Polishing contig_1816 (2,362 bp):
  mean read depth: 10.4x
  74 bp have a depth of zero (96.8671% coverage)
  26 positions changed (1.1008% of total positions)
  estimated pre-polishing sequence accuracy: 98.8992% (Q19.58)

Polishing contig_1817 (7,703 bp):
  mean read depth: 9.6x
  54 bp have a depth of zero (99.2990% coverage)
  48 positions changed (0.6231% of total positions)
  estimated pre-polishing sequence accuracy: 99.3769% (Q22.05)

Polishing contig_1818 (109,688 bp):
  mean read depth: 22.0x
  1,817 bp have a depth of zero (98.3435% coverage)
  505 positions changed (0.4604% of total positions)
  estimated pre-polishing sequence accuracy: 99.5396% (Q23.37)

Polishing contig_1819 (7,297 bp):
  mean read depth: 1.8x
  2,355 bp have a depth of zero (67.7265% coverage)
  9 positions changed (0.1233% of total positions)
  estimated pre-polishing sequence accuracy: 99.8767% (Q29.09)

Polishing contig_182 (55,173 bp):
  mean read depth: 4.4x
  8,156 bp have a depth of zero (85.2174% coverage)
  509 positions changed (0.9226% of total positions)
  estimated pre-polishing sequence accuracy: 99.0774% (Q20.35)

Polishing contig_1820 (22,645 bp):
  mean read depth: 3.6x
  6,027 bp have a depth of zero (73.3849% coverage)
  127 positions changed (0.5608% of total positions)
  estimated pre-polishing sequence accuracy: 99.4392% (Q22.51)

Polishing contig_1821 (28,529 bp):
  mean read depth: 4.1x
  5,657 bp have a depth of zero (80.1711% coverage)
  236 positions changed (0.8272% of total positions)
  estimated pre-polishing sequence accuracy: 99.1728% (Q20.82)

Polishing contig_1822 (13,251 bp):
  mean read depth: 1.1x
  5,799 bp have a depth of zero (56.2373% coverage)
  4 positions changed (0.0302% of total positions)
  estimated pre-polishing sequence accuracy: 99.9698% (Q35.20)

Polishing contig_1823 (13,185 bp):
  mean read depth: 2.8x
  1,828 bp have a depth of zero (86.1358% coverage)
  48 positions changed (0.3641% of total positions)
  estimated pre-polishing sequence accuracy: 99.6359% (Q24.39)

Polishing contig_1824 (8,741 bp):
  mean read depth: 2.6x
  1,676 bp have a depth of zero (80.8260% coverage)
  19 positions changed (0.2174% of total positions)
  estimated pre-polishing sequence accuracy: 99.7826% (Q26.63)

Polishing contig_1825 (5,331 bp):
  mean read depth: 0.6x
  3,631 bp have a depth of zero (31.8890% coverage)
  0 positions changed (0.0000% of total positions)
  estimated pre-polishing sequence accuracy: 100.0000% (Q∞)

Polishing contig_1827 (88,094 bp):
  mean read depth: 5.2x
  7,497 bp have a depth of zero (91.4898% coverage)
  815 positions changed (0.9251% of total positions)
  estimated pre-polishing sequence accuracy: 99.0749% (Q20.34)

Polishing contig_1828 (5,764 bp):
  mean read depth: 2.5x
  1,120 bp have a depth of zero (80.5690% coverage)
  18 positions changed (0.3123% of total positions)
  estimated pre-polishing sequence accuracy: 99.6877% (Q25.05)

Polishing contig_1829 (9,970 bp):
  mean read depth: 2.6x
  3,742 bp have a depth of zero (62.4674% coverage)
  55 positions changed (0.5517% of total positions)
  estimated pre-polishing sequence accuracy: 99.4483% (Q22.58)

Polishing contig_183 (51,554 bp):
  mean read depth: 3.9x
  10,759 bp have a depth of zero (79.1306% coverage)
  417 positions changed (0.8089% of total positions)
  estimated pre-polishing sequence accuracy: 99.1911% (Q20.92)

Polishing contig_1830 (4,398 bp):
  mean read depth: 3.3x
  191 bp have a depth of zero (95.6571% coverage)
  14 positions changed (0.3183% of total positions)
  estimated pre-polishing sequence accuracy: 99.6817% (Q24.97)

Polishing contig_1831 (38,678 bp):
  mean read depth: 2.6x
  8,351 bp have a depth of zero (78.4089% coverage)
  147 positions changed (0.3801% of total positions)
  estimated pre-polishing sequence accuracy: 99.6199% (Q24.20)

Polishing contig_1832 (29,525 bp):
  mean read depth: 4.7x
  3,081 bp have a depth of zero (89.5648% coverage)
  220 positions changed (0.7451% of total positions)
  estimated pre-polishing sequence accuracy: 99.2549% (Q21.28)

Polishing contig_1833 (7,072 bp):
  mean read depth: 1.6x
  1,996 bp have a depth of zero (71.7760% coverage)
  10 positions changed (0.1414% of total positions)
  estimated pre-polishing sequence accuracy: 99.8586% (Q28.50)

Polishing contig_1834 (20,410 bp):
  mean read depth: 1.6x
  8,126 bp have a depth of zero (60.1862% coverage)
  32 positions changed (0.1568% of total positions)
  estimated pre-polishing sequence accuracy: 99.8432% (Q28.05)

Polishing contig_1835 (5,196 bp):
  mean read depth: 0.6x
  3,585 bp have a depth of zero (31.0046% coverage)
  2 positions changed (0.0385% of total positions)
  estimated pre-polishing sequence accuracy: 99.9615% (Q34.15)

Polishing contig_1836 (3,327 bp):
  mean read depth: 4.9x
  291 bp have a depth of zero (91.2534% coverage)
  35 positions changed (1.0520% of total positions)
  estimated pre-polishing sequence accuracy: 98.9480% (Q19.78)

Polishing contig_1837 (16,770 bp):
  mean read depth: 2.5x
  7,069 bp have a depth of zero (57.8473% coverage)
  73 positions changed (0.4353% of total positions)
  estimated pre-polishing sequence accuracy: 99.5647% (Q23.61)

Polishing contig_1838 (13,653 bp):
  mean read depth: 1.8x
  5,846 bp have a depth of zero (57.1816% coverage)
  39 positions changed (0.2857% of total positions)
  estimated pre-polishing sequence accuracy: 99.7143% (Q25.44)

Polishing contig_1839 (6,318 bp):
  mean read depth: 1.4x
  2,396 bp have a depth of zero (62.0766% coverage)
  0 positions changed (0.0000% of total positions)
  estimated pre-polishing sequence accuracy: 100.0000% (Q∞)

Polishing contig_184 (5,467 bp):
  mean read depth: 1.6x
  3,679 bp have a depth of zero (32.7053% coverage)
  26 positions changed (0.4756% of total positions)
  estimated pre-polishing sequence accuracy: 99.5244% (Q23.23)

Polishing contig_1840 (15,340 bp):
  mean read depth: 2.4x
  6,528 bp have a depth of zero (57.4446% coverage)
  69 positions changed (0.4498% of total positions)
  estimated pre-polishing sequence accuracy: 99.5502% (Q23.47)

Polishing contig_1841 (1,535 bp):
  mean read depth: 9.1x
  62 bp have a depth of zero (95.9609% coverage)
  19 positions changed (1.2378% of total positions)
  estimated pre-polishing sequence accuracy: 98.7622% (Q19.07)

Polishing contig_1843 (8,021 bp):
  mean read depth: 10.3x
  166 bp have a depth of zero (97.9304% coverage)
  84 positions changed (1.0473% of total positions)
  estimated pre-polishing sequence accuracy: 98.9527% (Q19.80)

Polishing contig_1844 (7,530 bp):
  mean read depth: 4.3x
  1,150 bp have a depth of zero (84.7278% coverage)
  86 positions changed (1.1421% of total positions)
  estimated pre-polishing sequence accuracy: 98.8579% (Q19.42)

Polishing contig_1845 (19,295 bp):
  mean read depth: 1.9x
  4,361 bp have a depth of zero (77.3983% coverage)
  25 positions changed (0.1296% of total positions)
  estimated pre-polishing sequence accuracy: 99.8704% (Q28.88)

Polishing contig_1846 (4,412 bp):
  mean read depth: 6.9x
  1,863 bp have a depth of zero (57.7743% coverage)
  21 positions changed (0.4760% of total positions)
  estimated pre-polishing sequence accuracy: 99.5240% (Q23.22)

Polishing contig_1847 (25,271 bp):
  mean read depth: 3.4x
  4,520 bp have a depth of zero (82.1139% coverage)
  171 positions changed (0.6767% of total positions)
  estimated pre-polishing sequence accuracy: 99.3233% (Q21.70)

Polishing contig_1848 (6,602 bp):
  mean read depth: 0.2x
  5,858 bp have a depth of zero (11.2693% coverage)
  0 positions changed (0.0000% of total positions)
  estimated pre-polishing sequence accuracy: 100.0000% (Q∞)

Polishing contig_1849 (7,244 bp):
  mean read depth: 3.4x
  455 bp have a depth of zero (93.7189% coverage)
  22 positions changed (0.3037% of total positions)
  estimated pre-polishing sequence accuracy: 99.6963% (Q25.18)

Polishing contig_185 (19,826 bp):
  mean read depth: 4.1x
  2,092 bp have a depth of zero (89.4482% coverage)
  111 positions changed (0.5599% of total positions)
  estimated pre-polishing sequence accuracy: 99.4401% (Q22.52)

Polishing contig_1850 (14,329 bp):
  mean read depth: 2.5x
  3,409 bp have a depth of zero (76.2091% coverage)
  32 positions changed (0.2233% of total positions)
  estimated pre-polishing sequence accuracy: 99.7767% (Q26.51)

Polishing contig_1851 (7,461 bp):
  mean read depth: 3.2x
  658 bp have a depth of zero (91.1808% coverage)
  35 positions changed (0.4691% of total positions)
  estimated pre-polishing sequence accuracy: 99.5309% (Q23.29)

Polishing contig_1852 (2,686 bp):
  mean read depth: 3.6x
  47 bp have a depth of zero (98.2502% coverage)
  10 positions changed (0.3723% of total positions)
  estimated pre-polishing sequence accuracy: 99.6277% (Q24.29)

Polishing contig_1853 (5,941 bp):
  mean read depth: 3.4x
  1,326 bp have a depth of zero (77.6805% coverage)
  33 positions changed (0.5555% of total positions)
  estimated pre-polishing sequence accuracy: 99.4445% (Q22.55)

Polishing contig_1855 (339,988 bp):
  mean read depth: 8.6x
  3,185 bp have a depth of zero (99.0632% coverage)
  1,495 positions changed (0.4397% of total positions)
  estimated pre-polishing sequence accuracy: 99.5603% (Q23.57)

Polishing contig_1856 (76,020 bp):
  mean read depth: 4.5x
  10,787 bp have a depth of zero (85.8103% coverage)
  554 positions changed (0.7288% of total positions)
  estimated pre-polishing sequence accuracy: 99.2712% (Q21.37)

Polishing contig_1857 (3,968 bp):
  mean read depth: 0.4x
  2,488 bp have a depth of zero (37.2984% coverage)
  0 positions changed (0.0000% of total positions)
  estimated pre-polishing sequence accuracy: 100.0000% (Q∞)

Polishing contig_1858 (71,989 bp):
  mean read depth: 8.8x
  6,625 bp have a depth of zero (90.7972% coverage)
  476 positions changed (0.6612% of total positions)
  estimated pre-polishing sequence accuracy: 99.3388% (Q21.80)

Polishing contig_1859 (569,930 bp):
  mean read depth: 7.1x
  61,451 bp have a depth of zero (89.2178% coverage)
  4,275 positions changed (0.7501% of total positions)
  estimated pre-polishing sequence accuracy: 99.2499% (Q21.25)

Polishing contig_186 (10,317 bp):
  mean read depth: 1.4x
  4,307 bp have a depth of zero (58.2534% coverage)
  13 positions changed (0.1260% of total positions)
  estimated pre-polishing sequence accuracy: 99.8740% (Q29.00)

Polishing contig_1860 (6,326 bp):
  mean read depth: 2.0x
  2,351 bp have a depth of zero (62.8359% coverage)
  33 positions changed (0.5217% of total positions)
  estimated pre-polishing sequence accuracy: 99.4783% (Q22.83)

Polishing contig_1861 (7,111 bp):
  mean read depth: 0.3x
  5,828 bp have a depth of zero (18.0425% coverage)
  2 positions changed (0.0281% of total positions)
  estimated pre-polishing sequence accuracy: 99.9719% (Q35.51)

Polishing contig_1862 (8,765 bp):
  mean read depth: 21.9x
  613 bp have a depth of zero (93.0063% coverage)
  33 positions changed (0.3765% of total positions)
  estimated pre-polishing sequence accuracy: 99.6235% (Q24.24)

Polishing contig_1863 (16,187 bp):
  mean read depth: 2.7x
  2,942 bp have a depth of zero (81.8249% coverage)
  71 positions changed (0.4386% of total positions)
  estimated pre-polishing sequence accuracy: 99.5614% (Q23.58)

Polishing contig_1864 (25,742 bp):
  mean read depth: 1.9x
  7,639 bp have a depth of zero (70.3248% coverage)
  69 positions changed (0.2680% of total positions)
  estimated pre-polishing sequence accuracy: 99.7320% (Q25.72)

Polishing contig_1865 (20,561 bp):
  mean read depth: 2.1x
  4,956 bp have a depth of zero (75.8961% coverage)
  44 positions changed (0.2140% of total positions)
  estimated pre-polishing sequence accuracy: 99.7860% (Q26.70)

Polishing contig_1866 (15,999 bp):
  mean read depth: 1.6x
  5,785 bp have a depth of zero (63.8415% coverage)
  29 positions changed (0.1813% of total positions)
  estimated pre-polishing sequence accuracy: 99.8187% (Q27.42)

Polishing contig_1867 (4,913 bp):
  mean read depth: 5.0x
  388 bp have a depth of zero (92.1026% coverage)
  36 positions changed (0.7327% of total positions)
  estimated pre-polishing sequence accuracy: 99.2673% (Q21.35)

Polishing contig_1868 (3,813 bp):
  mean read depth: 1.8x
  1,285 bp have a depth of zero (66.2995% coverage)
  5 positions changed (0.1311% of total positions)
  estimated pre-polishing sequence accuracy: 99.8689% (Q28.82)

Polishing contig_1869 (11,607 bp):
  mean read depth: 1.8x
  4,768 bp have a depth of zero (58.9213% coverage)
  36 positions changed (0.3102% of total positions)
  estimated pre-polishing sequence accuracy: 99.6898% (Q25.08)

Polishing contig_187 (1,704 bp):
  mean read depth: 22.2x
  8 bp have a depth of zero (99.5305% coverage)
  7 positions changed (0.4108% of total positions)
  estimated pre-polishing sequence accuracy: 99.5892% (Q23.86)

Polishing contig_1870 (9,589 bp):
  mean read depth: 2.4x
  3,182 bp have a depth of zero (66.8161% coverage)
  50 positions changed (0.5214% of total positions)
  estimated pre-polishing sequence accuracy: 99.4786% (Q22.83)

Polishing contig_1871 (33,604 bp):
  mean read depth: 4.1x
  7,678 bp have a depth of zero (77.1515% coverage)
  253 positions changed (0.7529% of total positions)
  estimated pre-polishing sequence accuracy: 99.2471% (Q21.23)

Polishing contig_1872 (2,900 bp):
  mean read depth: 0.1x
  2,753 bp have a depth of zero (5.0690% coverage)
  0 positions changed (0.0000% of total positions)
  estimated pre-polishing sequence accuracy: 100.0000% (Q∞)

Polishing contig_1873 (11,867 bp):
  mean read depth: 2.5x
  2,412 bp have a depth of zero (79.6747% coverage)
  52 positions changed (0.4382% of total positions)
  estimated pre-polishing sequence accuracy: 99.5618% (Q23.58)

Polishing contig_1874 (3,229 bp):
  mean read depth: 6.9x
  646 bp have a depth of zero (79.9938% coverage)
  24 positions changed (0.7433% of total positions)
  estimated pre-polishing sequence accuracy: 99.2567% (Q21.29)

Polishing contig_1875 (8,328 bp):
  mean read depth: 1.4x
  3,166 bp have a depth of zero (61.9837% coverage)
  8 positions changed (0.0961% of total positions)
  estimated pre-polishing sequence accuracy: 99.9039% (Q30.17)

Polishing contig_1876 (5,811 bp):
  mean read depth: 4.9x
  706 bp have a depth of zero (87.8506% coverage)
  53 positions changed (0.9121% of total positions)
  estimated pre-polishing sequence accuracy: 99.0879% (Q20.40)

Polishing contig_1877 (114,411 bp):
  mean read depth: 4.5x
  16,227 bp have a depth of zero (85.8169% coverage)
  845 positions changed (0.7386% of total positions)
  estimated pre-polishing sequence accuracy: 99.2614% (Q21.32)

Polishing contig_1878 (12,699 bp):
  mean read depth: 1.2x
  5,725 bp have a depth of zero (54.9177% coverage)
  3 positions changed (0.0236% of total positions)
  estimated pre-polishing sequence accuracy: 99.9764% (Q36.27)

Polishing contig_1879 (14,247 bp):
  mean read depth: 1.0x
  6,699 bp have a depth of zero (52.9796% coverage)
  0 positions changed (0.0000% of total positions)
  estimated pre-polishing sequence accuracy: 100.0000% (Q∞)

Polishing contig_188 (37,373 bp):
  mean read depth: 5.2x
  2,997 bp have a depth of zero (91.9808% coverage)
  244 positions changed (0.6529% of total positions)
  estimated pre-polishing sequence accuracy: 99.3471% (Q21.85)

Polishing contig_1880 (3,911 bp):
  mean read depth: 1.5x
  1,167 bp have a depth of zero (70.1611% coverage)
  6 positions changed (0.1534% of total positions)
  estimated pre-polishing sequence accuracy: 99.8466% (Q28.14)

Polishing contig_1881 (3,358 bp):
  mean read depth: 5.7x
  197 bp have a depth of zero (94.1334% coverage)
  21 positions changed (0.6254% of total positions)
  estimated pre-polishing sequence accuracy: 99.3746% (Q22.04)

Polishing contig_1882 (37,879 bp):
  mean read depth: 4.7x
  5,036 bp have a depth of zero (86.7050% coverage)
  300 positions changed (0.7920% of total positions)
  estimated pre-polishing sequence accuracy: 99.2080% (Q21.01)

Polishing contig_1883 (159,260 bp):
  mean read depth: 20.1x
  11,184 bp have a depth of zero (92.9775% coverage)
  759 positions changed (0.4766% of total positions)
  estimated pre-polishing sequence accuracy: 99.5234% (Q23.22)

Polishing contig_1884 (10,531 bp):
  mean read depth: 1.6x
  2,334 bp have a depth of zero (77.8369% coverage)
  6 positions changed (0.0570% of total positions)
  estimated pre-polishing sequence accuracy: 99.9430% (Q32.44)

Polishing contig_1885 (5,707 bp):
  mean read depth: 4.0x
  1,602 bp have a depth of zero (71.9292% coverage)
  56 positions changed (0.9813% of total positions)
  estimated pre-polishing sequence accuracy: 99.0187% (Q20.08)

Polishing contig_1886 (6,495 bp):
  mean read depth: 0.6x
  3,738 bp have a depth of zero (42.4480% coverage)
  0 positions changed (0.0000% of total positions)
  estimated pre-polishing sequence accuracy: 100.0000% (Q∞)

Polishing contig_1889 (130,237 bp):
  mean read depth: 4.2x
  7,405 bp have a depth of zero (94.3142% coverage)
  570 positions changed (0.4377% of total positions)
  estimated pre-polishing sequence accuracy: 99.5623% (Q23.59)

Polishing contig_189 (4,155 bp):
  mean read depth: 9.7x
  944 bp have a depth of zero (77.2804% coverage)
  19 positions changed (0.4573% of total positions)
  estimated pre-polishing sequence accuracy: 99.5427% (Q23.40)

Polishing contig_1890 (8,002 bp):
  mean read depth: 1.0x
  3,800 bp have a depth of zero (52.5119% coverage)
  3 positions changed (0.0375% of total positions)
  estimated pre-polishing sequence accuracy: 99.9625% (Q34.26)

Polishing contig_1891 (50,550 bp):
  mean read depth: 4.8x
  3,707 bp have a depth of zero (92.6667% coverage)
  411 positions changed (0.8131% of total positions)
  estimated pre-polishing sequence accuracy: 99.1869% (Q20.90)

Polishing contig_1892 (2,212 bp):
  mean read depth: 6.8x
  1,109 bp have a depth of zero (49.8644% coverage)
  8 positions changed (0.3617% of total positions)
  estimated pre-polishing sequence accuracy: 99.6383% (Q24.42)

Polishing contig_1893 (13,036 bp):
  mean read depth: 17.2x
  2,842 bp have a depth of zero (78.1988% coverage)
  31 positions changed (0.2378% of total positions)
  estimated pre-polishing sequence accuracy: 99.7622% (Q26.24)

Polishing contig_1894 (6,847 bp):
  mean read depth: 1.6x
  2,503 bp have a depth of zero (63.4438% coverage)
  5 positions changed (0.0730% of total positions)
  estimated pre-polishing sequence accuracy: 99.9270% (Q31.37)

Polishing contig_1895 (18,352 bp):
  mean read depth: 0.5x
  12,910 bp have a depth of zero (29.6534% coverage)
  4 positions changed (0.0218% of total positions)
  estimated pre-polishing sequence accuracy: 99.9782% (Q36.62)

Polishing contig_1896 (7,490 bp):
  mean read depth: 3.1x
  813 bp have a depth of zero (89.1455% coverage)
  49 positions changed (0.6542% of total positions)
  estimated pre-polishing sequence accuracy: 99.3458% (Q21.84)

Polishing contig_1897 (7,067 bp):
  mean read depth: 1.4x
  3,170 bp have a depth of zero (55.1436% coverage)
  10 positions changed (0.1415% of total positions)
  estimated pre-polishing sequence accuracy: 99.8585% (Q28.49)

Polishing contig_1898 (3,500 bp):
  mean read depth: 3.6x
  377 bp have a depth of zero (89.2286% coverage)
  26 positions changed (0.7429% of total positions)
  estimated pre-polishing sequence accuracy: 99.2571% (Q21.29)

Polishing contig_1899 (9,160 bp):
  mean read depth: 1.5x
  5,924 bp have a depth of zero (35.3275% coverage)
  10 positions changed (0.1092% of total positions)
  estimated pre-polishing sequence accuracy: 99.8908% (Q29.62)

Polishing contig_19 (337,225 bp):
  mean read depth: 7.3x
  17,773 bp have a depth of zero (94.7296% coverage)
  1,804 positions changed (0.5350% of total positions)
  estimated pre-polishing sequence accuracy: 99.4650% (Q22.72)

Polishing contig_190 (4,090 bp):
  mean read depth: 8.6x
  737 bp have a depth of zero (81.9804% coverage)
  34 positions changed (0.8313% of total positions)
  estimated pre-polishing sequence accuracy: 99.1687% (Q20.80)

Polishing contig_1900 (9,992 bp):
  mean read depth: 2.5x
  3,012 bp have a depth of zero (69.8559% coverage)
  66 positions changed (0.6605% of total positions)
  estimated pre-polishing sequence accuracy: 99.3395% (Q21.80)

Polishing contig_1901 (5,848 bp):
  mean read depth: 1.2x
  2,409 bp have a depth of zero (58.8064% coverage)
  0 positions changed (0.0000% of total positions)
  estimated pre-polishing sequence accuracy: 100.0000% (Q∞)

Polishing contig_1902 (11,183 bp):
  mean read depth: 4.4x
  4,220 bp have a depth of zero (62.2642% coverage)
  59 positions changed (0.5276% of total positions)
  estimated pre-polishing sequence accuracy: 99.4724% (Q22.78)

Polishing contig_1903 (5,801 bp):
  mean read depth: 2.7x
  496 bp have a depth of zero (91.4498% coverage)
  17 positions changed (0.2931% of total positions)
  estimated pre-polishing sequence accuracy: 99.7069% (Q25.33)

Polishing contig_1904 (9,925 bp):
  mean read depth: 1.2x
  4,351 bp have a depth of zero (56.1612% coverage)
  7 positions changed (0.0705% of total positions)
  estimated pre-polishing sequence accuracy: 99.9295% (Q31.52)

Polishing contig_1905 (55,059 bp):
  mean read depth: 5.3x
  3,298 bp have a depth of zero (94.0101% coverage)
  566 positions changed (1.0280% of total positions)
  estimated pre-polishing sequence accuracy: 98.9720% (Q19.88)

Polishing contig_1906 (7,173 bp):
  mean read depth: 2.1x
  2,121 bp have a depth of zero (70.4308% coverage)
  19 positions changed (0.2649% of total positions)
  estimated pre-polishing sequence accuracy: 99.7351% (Q25.77)

Polishing contig_1907 (106,782 bp):
  mean read depth: 2.4x
  24,687 bp have a depth of zero (76.8809% coverage)
  254 positions changed (0.2379% of total positions)
  estimated pre-polishing sequence accuracy: 99.7621% (Q26.24)

Polishing contig_1908 (8,669 bp):
  mean read depth: 2.8x
  1,463 bp have a depth of zero (83.1238% coverage)
  49 positions changed (0.5652% of total positions)
  estimated pre-polishing sequence accuracy: 99.4348% (Q22.48)

Polishing contig_1909 (10,032 bp):
  mean read depth: 0.7x
  6,375 bp have a depth of zero (36.4533% coverage)
  4 positions changed (0.0399% of total positions)
  estimated pre-polishing sequence accuracy: 99.9601% (Q33.99)

Polishing contig_191 (20,989 bp):
  mean read depth: 2.7x
  4,361 bp have a depth of zero (79.2224% coverage)
  58 positions changed (0.2763% of total positions)
  estimated pre-polishing sequence accuracy: 99.7237% (Q25.59)

Polishing contig_1910 (8,295 bp):
  mean read depth: 3.1x
  3,434 bp have a depth of zero (58.6016% coverage)
  58 positions changed (0.6992% of total positions)
  estimated pre-polishing sequence accuracy: 99.3008% (Q21.55)

Polishing contig_1911 (12,558 bp):
  mean read depth: 2.8x
  3,651 bp have a depth of zero (70.9269% coverage)
  78 positions changed (0.6211% of total positions)
  estimated pre-polishing sequence accuracy: 99.3789% (Q22.07)

Polishing contig_1912 (7,090 bp):
  mean read depth: 1.0x
  3,816 bp have a depth of zero (46.1777% coverage)
  0 positions changed (0.0000% of total positions)
  estimated pre-polishing sequence accuracy: 100.0000% (Q∞)

Polishing contig_1913 (12,499 bp):
  mean read depth: 0.4x
  8,034 bp have a depth of zero (35.7229% coverage)
  0 positions changed (0.0000% of total positions)
  estimated pre-polishing sequence accuracy: 100.0000% (Q∞)

Polishing contig_1914 (8,229 bp):
  mean read depth: 2.6x
  1,613 bp have a depth of zero (80.3986% coverage)
  38 positions changed (0.4618% of total positions)
  estimated pre-polishing sequence accuracy: 99.5382% (Q23.36)

Polishing contig_1915 (8,080 bp):
  mean read depth: 0.6x
  5,812 bp have a depth of zero (28.0693% coverage)
  2 positions changed (0.0248% of total positions)
  estimated pre-polishing sequence accuracy: 99.9752% (Q36.06)

Polishing contig_1916 (12,271 bp):
  mean read depth: 0.8x
  6,461 bp have a depth of zero (47.3474% coverage)
  7 positions changed (0.0570% of total positions)
  estimated pre-polishing sequence accuracy: 99.9430% (Q32.44)

Polishing contig_1917 (22,169 bp):
  mean read depth: 4.6x
  2,452 bp have a depth of zero (88.9395% coverage)
  206 positions changed (0.9292% of total positions)
  estimated pre-polishing sequence accuracy: 99.0708% (Q20.32)

Polishing contig_1918 (11,790 bp):
  mean read depth: 2.0x
  3,453 bp have a depth of zero (70.7125% coverage)
  33 positions changed (0.2799% of total positions)
  estimated pre-polishing sequence accuracy: 99.7201% (Q25.53)

Polishing contig_1919 (5,599 bp):
  mean read depth: 4.0x
  358 bp have a depth of zero (93.6060% coverage)
  39 positions changed (0.6966% of total positions)
  estimated pre-polishing sequence accuracy: 99.3034% (Q21.57)

Polishing contig_192 (17,954 bp):
  mean read depth: 3.3x
  1,508 bp have a depth of zero (91.6008% coverage)
  59 positions changed (0.3286% of total positions)
  estimated pre-polishing sequence accuracy: 99.6714% (Q24.83)

Polishing contig_1920 (15,434 bp):
  mean read depth: 1.9x
  8,781 bp have a depth of zero (43.1061% coverage)
  33 positions changed (0.2138% of total positions)
  estimated pre-polishing sequence accuracy: 99.7862% (Q26.70)

Polishing contig_1921 (43,242 bp):
  mean read depth: 3.1x
  11,453 bp have a depth of zero (73.5142% coverage)
  279 positions changed (0.6452% of total positions)
  estimated pre-polishing sequence accuracy: 99.3548% (Q21.90)

Polishing contig_1922 (6,371 bp):
  mean read depth: 4.9x
  158 bp have a depth of zero (97.5200% coverage)
  73 positions changed (1.1458% of total positions)
  estimated pre-polishing sequence accuracy: 98.8542% (Q19.41)

Polishing contig_1923 (5,618 bp):
  mean read depth: 1.8x
  1,636 bp have a depth of zero (70.8793% coverage)
  4 positions changed (0.0712% of total positions)
  estimated pre-polishing sequence accuracy: 99.9288% (Q31.48)

Polishing contig_1924 (4,520 bp):
  mean read depth: 2.0x
  2,170 bp have a depth of zero (51.9912% coverage)
  23 positions changed (0.5088% of total positions)
  estimated pre-polishing sequence accuracy: 99.4912% (Q22.93)

Polishing contig_1925 (3,396 bp):
  mean read depth: 3.1x
  448 bp have a depth of zero (86.8080% coverage)
  32 positions changed (0.9423% of total positions)
  estimated pre-polishing sequence accuracy: 99.0577% (Q20.26)

Polishing contig_1926 (15,230 bp):
  mean read depth: 17.4x
  34 bp have a depth of zero (99.7768% coverage)
  57 positions changed (0.3743% of total positions)
  estimated pre-polishing sequence accuracy: 99.6257% (Q24.27)

Polishing contig_1927 (27,746 bp):
  mean read depth: 0.5x
  25,273 bp have a depth of zero (8.9130% coverage)
  5 positions changed (0.0180% of total positions)
  estimated pre-polishing sequence accuracy: 99.9820% (Q37.44)

Polishing contig_1928 (9,430 bp):
  mean read depth: 0.0x
  9,430 bp have a depth of zero (0.0000% coverage)
  0 positions changed (0.0000% of total positions)
  estimated pre-polishing sequence accuracy: 100.0000% (Q∞)

Polishing contig_1929 (10,089 bp):
  mean read depth: 2.0x
  2,958 bp have a depth of zero (70.6809% coverage)
  31 positions changed (0.3073% of total positions)
  estimated pre-polishing sequence accuracy: 99.6927% (Q25.12)

Polishing contig_193 (9,491 bp):
  mean read depth: 4.7x
  598 bp have a depth of zero (93.6993% coverage)
  123 positions changed (1.2960% of total positions)
  estimated pre-polishing sequence accuracy: 98.7040% (Q18.87)

Polishing contig_1930 (15,716 bp):
  mean read depth: 0.9x
  8,294 bp have a depth of zero (47.2258% coverage)
  4 positions changed (0.0255% of total positions)
  estimated pre-polishing sequence accuracy: 99.9745% (Q35.94)

Polishing contig_1932 (1,889 bp):
  mean read depth: 0.0x
  1,889 bp have a depth of zero (0.0000% coverage)
  0 positions changed (0.0000% of total positions)
  estimated pre-polishing sequence accuracy: 100.0000% (Q∞)

Polishing contig_1933 (31,130 bp):
  mean read depth: 2.0x
  7,918 bp have a depth of zero (74.5647% coverage)
  40 positions changed (0.1285% of total positions)
  estimated pre-polishing sequence accuracy: 99.8715% (Q28.91)

Polishing contig_1934 (16,056 bp):
  mean read depth: 1.3x
  5,850 bp have a depth of zero (63.5650% coverage)
  10 positions changed (0.0623% of total positions)
  estimated pre-polishing sequence accuracy: 99.9377% (Q32.06)

Polishing contig_1935 (6,256 bp):
  mean read depth: 3.1x
  1,291 bp have a depth of zero (79.3638% coverage)
  33 positions changed (0.5275% of total positions)
  estimated pre-polishing sequence accuracy: 99.4725% (Q22.78)

Polishing contig_1936 (2,700 bp):
  mean read depth: 31.0x
  14 bp have a depth of zero (99.4815% coverage)
  11 positions changed (0.4074% of total positions)
  estimated pre-polishing sequence accuracy: 99.5926% (Q23.90)

Polishing contig_1937 (7,001 bp):
  mean read depth: 1.0x
  3,257 bp have a depth of zero (53.4781% coverage)
  0 positions changed (0.0000% of total positions)
  estimated pre-polishing sequence accuracy: 100.0000% (Q∞)

Polishing contig_1938 (29,724 bp):
  mean read depth: 13.6x
  3,701 bp have a depth of zero (87.5488% coverage)
  241 positions changed (0.8108% of total positions)
  estimated pre-polishing sequence accuracy: 99.1892% (Q20.91)

Polishing contig_1939 (6,247 bp):
  mean read depth: 1.4x
  1,570 bp have a depth of zero (74.8679% coverage)
  0 positions changed (0.0000% of total positions)
  estimated pre-polishing sequence accuracy: 100.0000% (Q∞)

Polishing contig_194 (10,589 bp):
  mean read depth: 0.5x
  6,657 bp have a depth of zero (37.1329% coverage)
  0 positions changed (0.0000% of total positions)
  estimated pre-polishing sequence accuracy: 100.0000% (Q∞)

Polishing contig_1940 (38,569 bp):
  mean read depth: 4.2x
  3,827 bp have a depth of zero (90.0775% coverage)
  324 positions changed (0.8401% of total positions)
  estimated pre-polishing sequence accuracy: 99.1599% (Q20.76)

Polishing contig_1941 (5,347 bp):
  mean read depth: 1.3x
  1,971 bp have a depth of zero (63.1382% coverage)
  4 positions changed (0.0748% of total positions)
  estimated pre-polishing sequence accuracy: 99.9252% (Q31.26)

Polishing contig_1942 (8,610 bp):
  mean read depth: 1.3x
  2,976 bp have a depth of zero (65.4355% coverage)
  3 positions changed (0.0348% of total positions)
  estimated pre-polishing sequence accuracy: 99.9652% (Q34.58)

Polishing contig_1943 (30,628 bp):
  mean read depth: 3.9x
  5,615 bp have a depth of zero (81.6671% coverage)
  220 positions changed (0.7183% of total positions)
  estimated pre-polishing sequence accuracy: 99.2817% (Q21.44)

Polishing contig_1944 (2,972 bp):
  mean read depth: 2.9x
  441 bp have a depth of zero (85.1615% coverage)
  25 positions changed (0.8412% of total positions)
  estimated pre-polishing sequence accuracy: 99.1588% (Q20.75)

Polishing contig_1945 (49,255 bp):
  mean read depth: 1.1x
  22,126 bp have a depth of zero (55.0787% coverage)
  19 positions changed (0.0386% of total positions)
  estimated pre-polishing sequence accuracy: 99.9614% (Q34.14)

Polishing contig_1946 (6,727 bp):
  mean read depth: 0.5x
  4,414 bp have a depth of zero (34.3838% coverage)
  0 positions changed (0.0000% of total positions)
  estimated pre-polishing sequence accuracy: 100.0000% (Q∞)

Polishing contig_1947 (3,676 bp):
  mean read depth: 3.4x
  265 bp have a depth of zero (92.7911% coverage)
  26 positions changed (0.7073% of total positions)
  estimated pre-polishing sequence accuracy: 99.2927% (Q21.50)

Polishing contig_1948 (50,134 bp):
  mean read depth: 1.5x
  16,075 bp have a depth of zero (67.9359% coverage)
  31 positions changed (0.0618% of total positions)
  estimated pre-polishing sequence accuracy: 99.9382% (Q32.09)

Polishing contig_195 (48,173 bp):
  mean read depth: 1.7x
  14,225 bp have a depth of zero (70.4710% coverage)
  68 positions changed (0.1412% of total positions)
  estimated pre-polishing sequence accuracy: 99.8588% (Q28.50)

Polishing contig_1950 (2,535 bp):
  mean read depth: 16.9x
  20 bp have a depth of zero (99.2110% coverage)
  7 positions changed (0.2761% of total positions)
  estimated pre-polishing sequence accuracy: 99.7239% (Q25.59)

Polishing contig_1951 (14,153 bp):
  mean read depth: 1.7x
  4,450 bp have a depth of zero (68.5579% coverage)
  19 positions changed (0.1342% of total positions)
  estimated pre-polishing sequence accuracy: 99.8658% (Q28.72)

Polishing contig_1952 (21,291 bp):
  mean read depth: 3.2x
  2,179 bp have a depth of zero (89.7656% coverage)
  93 positions changed (0.4368% of total positions)
  estimated pre-polishing sequence accuracy: 99.5632% (Q23.60)

Polishing contig_1953 (99,748 bp):
  mean read depth: 4.5x
  11,127 bp have a depth of zero (88.8449% coverage)
  686 positions changed (0.6877% of total positions)
  estimated pre-polishing sequence accuracy: 99.3123% (Q21.63)

Polishing contig_1954 (12,836 bp):
  mean read depth: 1.7x
  6,431 bp have a depth of zero (49.8987% coverage)
  30 positions changed (0.2337% of total positions)
  estimated pre-polishing sequence accuracy: 99.7663% (Q26.31)

Polishing contig_1955 (57,570 bp):
  mean read depth: 5.1x
  3,818 bp have a depth of zero (93.3681% coverage)
  399 positions changed (0.6931% of total positions)
  estimated pre-polishing sequence accuracy: 99.3069% (Q21.59)

Polishing contig_1956 (102,005 bp):
  mean read depth: 4.8x
  6,881 bp have a depth of zero (93.2543% coverage)
  997 positions changed (0.9774% of total positions)
  estimated pre-polishing sequence accuracy: 99.0226% (Q20.10)

Polishing contig_1957 (17,752 bp):
  mean read depth: 3.8x
  4,260 bp have a depth of zero (76.0027% coverage)
  121 positions changed (0.6816% of total positions)
  estimated pre-polishing sequence accuracy: 99.3184% (Q21.66)

Polishing contig_1958 (8,678 bp):
  mean read depth: 1.6x
  3,260 bp have a depth of zero (62.4337% coverage)
  10 positions changed (0.1152% of total positions)
  estimated pre-polishing sequence accuracy: 99.8848% (Q29.38)

Polishing contig_1959 (11,837 bp):
  mean read depth: 0.5x
  7,949 bp have a depth of zero (32.8462% coverage)
  0 positions changed (0.0000% of total positions)
  estimated pre-polishing sequence accuracy: 100.0000% (Q∞)

Polishing contig_196 (119,896 bp):
  mean read depth: 3.8x
  29,424 bp have a depth of zero (75.4587% coverage)
  867 positions changed (0.7231% of total positions)
  estimated pre-polishing sequence accuracy: 99.2769% (Q21.41)

Polishing contig_1960 (9,326 bp):
  mean read depth: 1.6x
  2,464 bp have a depth of zero (73.5792% coverage)
  10 positions changed (0.1072% of total positions)
  estimated pre-polishing sequence accuracy: 99.8928% (Q29.70)

Polishing contig_1961 (5,131 bp):
  mean read depth: 1.5x
  2,617 bp have a depth of zero (48.9963% coverage)
  13 positions changed (0.2534% of total positions)
  estimated pre-polishing sequence accuracy: 99.7466% (Q25.96)

Polishing contig_1962 (4,522 bp):
  mean read depth: 2.5x
  919 bp have a depth of zero (79.6771% coverage)
  17 positions changed (0.3759% of total positions)
  estimated pre-polishing sequence accuracy: 99.6241% (Q24.25)

Polishing contig_1963 (12,630 bp):
  mean read depth: 1.0x
  6,578 bp have a depth of zero (47.9177% coverage)
  17 positions changed (0.1346% of total positions)
  estimated pre-polishing sequence accuracy: 99.8654% (Q28.71)

Polishing contig_1964 (2,999 bp):
  mean read depth: 1.2x
  1,596 bp have a depth of zero (46.7823% coverage)
  3 positions changed (0.1000% of total positions)
  estimated pre-polishing sequence accuracy: 99.9000% (Q30.00)

Polishing contig_1965 (33,419 bp):
  mean read depth: 5.1x
  1,725 bp have a depth of zero (94.8383% coverage)
  310 positions changed (0.9276% of total positions)
  estimated pre-polishing sequence accuracy: 99.0724% (Q20.33)

Polishing contig_1966 (4,656 bp):
  mean read depth: 1.5x
  1,688 bp have a depth of zero (63.7457% coverage)
  3 positions changed (0.0644% of total positions)
  estimated pre-polishing sequence accuracy: 99.9356% (Q31.91)

Polishing contig_1967 (10,197 bp):
  mean read depth: 3.2x
  2,443 bp have a depth of zero (76.0420% coverage)
  114 positions changed (1.1180% of total positions)
  estimated pre-polishing sequence accuracy: 98.8820% (Q19.52)

Polishing contig_1968 (20,403 bp):
  mean read depth: 3.5x
  4,660 bp have a depth of zero (77.1602% coverage)
  77 positions changed (0.3774% of total positions)
  estimated pre-polishing sequence accuracy: 99.6226% (Q24.23)

Polishing contig_1969 (135,980 bp):
  mean read depth: 3.4x
  13,391 bp have a depth of zero (90.1522% coverage)
  526 positions changed (0.3868% of total positions)
  estimated pre-polishing sequence accuracy: 99.6132% (Q24.12)

Polishing contig_1970 (6,780 bp):
  mean read depth: 0.9x
  3,571 bp have a depth of zero (47.3304% coverage)
  2 positions changed (0.0295% of total positions)
  estimated pre-polishing sequence accuracy: 99.9705% (Q35.30)

Polishing contig_1971 (62,276 bp):
  mean read depth: 4.2x
  3,583 bp have a depth of zero (94.2466% coverage)
  317 positions changed (0.5090% of total positions)
  estimated pre-polishing sequence accuracy: 99.4910% (Q22.93)

Polishing contig_1972 (2,517 bp):
  mean read depth: 32.0x
  7 bp have a depth of zero (99.7219% coverage)
  11 positions changed (0.4370% of total positions)
  estimated pre-polishing sequence accuracy: 99.5630% (Q23.59)

Polishing contig_1973 (9,264 bp):
  mean read depth: 3.0x
  2,289 bp have a depth of zero (75.2915% coverage)
  57 positions changed (0.6153% of total positions)
  estimated pre-polishing sequence accuracy: 99.3847% (Q22.11)

Polishing contig_1974 (3,862 bp):
  mean read depth: 1.0x
  2,131 bp have a depth of zero (44.8213% coverage)
  1 position changed (0.0259% of total positions)
  estimated pre-polishing sequence accuracy: 99.9741% (Q35.87)

Polishing contig_1977 (5,806 bp):
  mean read depth: 5.2x
  3,598 bp have a depth of zero (38.0296% coverage)
  13 positions changed (0.2239% of total positions)
  estimated pre-polishing sequence accuracy: 99.7761% (Q26.50)

Polishing contig_1978 (7,379 bp):
  mean read depth: 1.4x
  4,253 bp have a depth of zero (42.3635% coverage)
  8 positions changed (0.1084% of total positions)
  estimated pre-polishing sequence accuracy: 99.8916% (Q29.65)

Polishing contig_1979 (6,163 bp):
  mean read depth: 1.6x
  4,688 bp have a depth of zero (23.9331% coverage)
  10 positions changed (0.1623% of total positions)
  estimated pre-polishing sequence accuracy: 99.8377% (Q27.90)

Polishing contig_198 (30,962 bp):
  mean read depth: 3.1x
  6,609 bp have a depth of zero (78.6545% coverage)
  208 positions changed (0.6718% of total positions)
  estimated pre-polishing sequence accuracy: 99.3282% (Q21.73)

Polishing contig_1980 (72,288 bp):
  mean read depth: 18.0x
  9,308 bp have a depth of zero (87.1237% coverage)
  301 positions changed (0.4164% of total positions)
  estimated pre-polishing sequence accuracy: 99.5836% (Q23.80)

Polishing contig_1981 (19,977 bp):
  mean read depth: 1.7x
  6,445 bp have a depth of zero (67.7379% coverage)
  20 positions changed (0.1001% of total positions)
  estimated pre-polishing sequence accuracy: 99.8999% (Q30.00)

Polishing contig_1982 (37,342 bp):
  mean read depth: 2.9x
  9,693 bp have a depth of zero (74.0426% coverage)
  187 positions changed (0.5008% of total positions)
  estimated pre-polishing sequence accuracy: 99.4992% (Q23.00)

Polishing contig_1983 (4,937 bp):
  mean read depth: 0.9x
  2,316 bp have a depth of zero (53.0889% coverage)
  0 positions changed (0.0000% of total positions)
  estimated pre-polishing sequence accuracy: 100.0000% (Q∞)

Polishing contig_1984 (23,975 bp):
  mean read depth: 2.1x
  4,733 bp have a depth of zero (80.2586% coverage)
  65 positions changed (0.2711% of total positions)
  estimated pre-polishing sequence accuracy: 99.7289% (Q25.67)

Polishing contig_1985 (6,435 bp):
  mean read depth: 0.2x
  5,331 bp have a depth of zero (17.1562% coverage)
  0 positions changed (0.0000% of total positions)
  estimated pre-polishing sequence accuracy: 100.0000% (Q∞)

Polishing contig_1986 (50,358 bp):
  mean read depth: 4.8x
  4,485 bp have a depth of zero (91.0938% coverage)
  448 positions changed (0.8896% of total positions)
  estimated pre-polishing sequence accuracy: 99.1104% (Q20.51)

Polishing contig_1987 (10,568 bp):
  mean read depth: 2.4x
  4,249 bp have a depth of zero (59.7937% coverage)
  66 positions changed (0.6245% of total positions)
  estimated pre-polishing sequence accuracy: 99.3755% (Q22.04)

Polishing contig_1988 (8,110 bp):
  mean read depth: 2.2x
  2,831 bp have a depth of zero (65.0925% coverage)
  38 positions changed (0.4686% of total positions)
  estimated pre-polishing sequence accuracy: 99.5314% (Q23.29)

Polishing contig_1989 (3,582 bp):
  mean read depth: 2.3x
  1,462 bp have a depth of zero (59.1848% coverage)
  12 positions changed (0.3350% of total positions)
  estimated pre-polishing sequence accuracy: 99.6650% (Q24.75)

Polishing contig_199 (68,222 bp):
  mean read depth: 3.8x
  9,092 bp have a depth of zero (86.6729% coverage)
  202 positions changed (0.2961% of total positions)
  estimated pre-polishing sequence accuracy: 99.7039% (Q25.29)

Polishing contig_1990 (27,259 bp):
  mean read depth: 1.1x
  12,098 bp have a depth of zero (55.6183% coverage)
  15 positions changed (0.0550% of total positions)
  estimated pre-polishing sequence accuracy: 99.9450% (Q32.59)

Polishing contig_1991 (23,509 bp):
  mean read depth: 1.3x
  9,280 bp have a depth of zero (60.5258% coverage)
  15 positions changed (0.0638% of total positions)
  estimated pre-polishing sequence accuracy: 99.9362% (Q31.95)

Polishing contig_1992 (3,824 bp):
  mean read depth: 1.3x
  1,478 bp have a depth of zero (61.3494% coverage)
  0 positions changed (0.0000% of total positions)
  estimated pre-polishing sequence accuracy: 100.0000% (Q∞)

Polishing contig_1993 (2,991 bp):
  mean read depth: 0.5x
  1,701 bp have a depth of zero (43.1294% coverage)
  0 positions changed (0.0000% of total positions)
  estimated pre-polishing sequence accuracy: 100.0000% (Q∞)

Polishing contig_1994 (36,963 bp):
  mean read depth: 1.1x
  15,782 bp have a depth of zero (57.3032% coverage)
  8 positions changed (0.0216% of total positions)
  estimated pre-polishing sequence accuracy: 99.9784% (Q36.65)

Polishing contig_1995 (18,232 bp):
  mean read depth: 3.8x
  2,221 bp have a depth of zero (87.8181% coverage)
  116 positions changed (0.6362% of total positions)
  estimated pre-polishing sequence accuracy: 99.3638% (Q21.96)

Polishing contig_1996 (5,139 bp):
  mean read depth: 2.6x
  1,141 bp have a depth of zero (77.7972% coverage)
  23 positions changed (0.4476% of total positions)
  estimated pre-polishing sequence accuracy: 99.5524% (Q23.49)

Polishing contig_1997 (28,006 bp):
  mean read depth: 3.4x
  3,808 bp have a depth of zero (86.4029% coverage)
  118 positions changed (0.4213% of total positions)
  estimated pre-polishing sequence accuracy: 99.5787% (Q23.75)

Polishing contig_1998 (43,832 bp):
  mean read depth: 2.7x
  10,620 bp have a depth of zero (75.7711% coverage)
  174 positions changed (0.3970% of total positions)
  estimated pre-polishing sequence accuracy: 99.6030% (Q24.01)

Polishing contig_1999 (10,214 bp):
  mean read depth: 1.5x
  3,921 bp have a depth of zero (61.6115% coverage)
  28 positions changed (0.2741% of total positions)
  estimated pre-polishing sequence accuracy: 99.7259% (Q25.62)

Polishing contig_2 (745,889 bp):
  mean read depth: 35.8x
  29,194 bp have a depth of zero (96.0860% coverage)
  1,803 positions changed (0.2417% of total positions)
  estimated pre-polishing sequence accuracy: 99.7583% (Q26.17)

Polishing contig_20 (482,215 bp):
  mean read depth: 7.5x
  13,708 bp have a depth of zero (97.1573% coverage)
  2,718 positions changed (0.5636% of total positions)
  estimated pre-polishing sequence accuracy: 99.4364% (Q22.49)

Polishing contig_200 (40,643 bp):
  mean read depth: 2.9x
  6,622 bp have a depth of zero (83.7069% coverage)
  124 positions changed (0.3051% of total positions)
  estimated pre-polishing sequence accuracy: 99.6949% (Q25.16)

Polishing contig_2000 (2,700 bp):
  mean read depth: 4.1x
  284 bp have a depth of zero (89.4815% coverage)
  21 positions changed (0.7778% of total positions)
  estimated pre-polishing sequence accuracy: 99.2222% (Q21.09)

Polishing contig_2001 (3,617 bp):
  mean read depth: 28.5x
  13 bp have a depth of zero (99.6406% coverage)
  23 positions changed (0.6359% of total positions)
  estimated pre-polishing sequence accuracy: 99.3641% (Q21.97)

Polishing contig_2002 (9,634 bp):
  mean read depth: 0.5x
  6,217 bp have a depth of zero (35.4681% coverage)
  0 positions changed (0.0000% of total positions)
  estimated pre-polishing sequence accuracy: 100.0000% (Q∞)

Polishing contig_2003 (5,640 bp):
  mean read depth: 2.6x
  808 bp have a depth of zero (85.6738% coverage)
  35 positions changed (0.6206% of total positions)
  estimated pre-polishing sequence accuracy: 99.3794% (Q22.07)

Polishing contig_2004 (4,957 bp):
  mean read depth: 10.5x
  8 bp have a depth of zero (99.8386% coverage)
  30 positions changed (0.6052% of total positions)
  estimated pre-polishing sequence accuracy: 99.3948% (Q22.18)

Polishing contig_2005 (7,214 bp):
  mean read depth: 2.6x
  590 bp have a depth of zero (91.8215% coverage)
  18 positions changed (0.2495% of total positions)
  estimated pre-polishing sequence accuracy: 99.7505% (Q26.03)

Polishing contig_2006 (76,991 bp):
  mean read depth: 2.5x
  22,957 bp have a depth of zero (70.1822% coverage)
  150 positions changed (0.1948% of total positions)
  estimated pre-polishing sequence accuracy: 99.8052% (Q27.10)

Polishing contig_2007 (6,714 bp):
  mean read depth: 2.9x
  1,390 bp have a depth of zero (79.2970% coverage)
  45 positions changed (0.6702% of total positions)
  estimated pre-polishing sequence accuracy: 99.3298% (Q21.74)

Polishing contig_2009 (88,823 bp):
  mean read depth: 5.0x
  5,734 bp have a depth of zero (93.5445% coverage)
  738 positions changed (0.8309% of total positions)
  estimated pre-polishing sequence accuracy: 99.1691% (Q20.80)

Polishing contig_201 (36,845 bp):
  mean read depth: 4.2x
  4,348 bp have a depth of zero (88.1992% coverage)
  234 positions changed (0.6351% of total positions)
  estimated pre-polishing sequence accuracy: 99.3649% (Q21.97)

Polishing contig_2010 (4,946 bp):
  mean read depth: 7.1x
  1,385 bp have a depth of zero (71.9976% coverage)
  35 positions changed (0.7076% of total positions)
  estimated pre-polishing sequence accuracy: 99.2924% (Q21.50)

Polishing contig_2011 (8,003 bp):
  mean read depth: 9.0x
  677 bp have a depth of zero (91.5407% coverage)
  51 positions changed (0.6373% of total positions)
  estimated pre-polishing sequence accuracy: 99.3627% (Q21.96)

Polishing contig_2012 (4,427 bp):
  mean read depth: 1.7x
  1,645 bp have a depth of zero (62.8417% coverage)
  10 positions changed (0.2259% of total positions)
  estimated pre-polishing sequence accuracy: 99.7741% (Q26.46)

Polishing contig_2013 (6,739 bp):
  mean read depth: 2.3x
  5,077 bp have a depth of zero (24.6624% coverage)
  34 positions changed (0.5045% of total positions)
  estimated pre-polishing sequence accuracy: 99.4955% (Q22.97)

Polishing contig_2014 (672,372 bp):
  mean read depth: 20.0x
  35,870 bp have a depth of zero (94.6652% coverage)
  1,918 positions changed (0.2853% of total positions)
  estimated pre-polishing sequence accuracy: 99.7147% (Q25.45)

Polishing contig_2015 (16,404 bp):
  mean read depth: 3.7x
  1,926 bp have a depth of zero (88.2590% coverage)
  133 positions changed (0.8108% of total positions)
  estimated pre-polishing sequence accuracy: 99.1892% (Q20.91)

Polishing contig_2016 (8,993 bp):
  mean read depth: 3.0x
  732 bp have a depth of zero (91.8603% coverage)
  41 positions changed (0.4559% of total positions)
  estimated pre-polishing sequence accuracy: 99.5441% (Q23.41)

Polishing contig_2017 (7,992 bp):
  mean read depth: 0.4x
  5,931 bp have a depth of zero (25.7883% coverage)
  0 positions changed (0.0000% of total positions)
  estimated pre-polishing sequence accuracy: 100.0000% (Q∞)

Polishing contig_2018 (57,989 bp):
  mean read depth: 4.7x
  4,180 bp have a depth of zero (92.7917% coverage)
  428 positions changed (0.7381% of total positions)
  estimated pre-polishing sequence accuracy: 99.2619% (Q21.32)

Polishing contig_2019 (8,955 bp):
  mean read depth: 4.2x
  966 bp have a depth of zero (89.2127% coverage)
  81 positions changed (0.9045% of total positions)
  estimated pre-polishing sequence accuracy: 99.0955% (Q20.44)

Polishing contig_202 (191,434 bp):
  mean read depth: 4.5x
  15,591 bp have a depth of zero (91.8557% coverage)
  830 positions changed (0.4336% of total positions)
  estimated pre-polishing sequence accuracy: 99.5664% (Q23.63)

Polishing contig_2020 (8,444 bp):
  mean read depth: 2.9x
  1,883 bp have a depth of zero (77.7001% coverage)
  27 positions changed (0.3198% of total positions)
  estimated pre-polishing sequence accuracy: 99.6802% (Q24.95)

Polishing contig_2021 (11,418 bp):
  mean read depth: 10.8x
  1,775 bp have a depth of zero (84.4544% coverage)
  87 positions changed (0.7620% of total positions)
  estimated pre-polishing sequence accuracy: 99.2380% (Q21.18)

Polishing contig_2022 (72,190 bp):
  mean read depth: 4.7x
  4,341 bp have a depth of zero (93.9867% coverage)
  594 positions changed (0.8228% of total positions)
  estimated pre-polishing sequence accuracy: 99.1772% (Q20.85)

Polishing contig_2023 (7,459 bp):
  mean read depth: 0.1x
  6,890 bp have a depth of zero (7.6284% coverage)
  0 positions changed (0.0000% of total positions)
  estimated pre-polishing sequence accuracy: 100.0000% (Q∞)

Polishing contig_2024 (24,188 bp):
  mean read depth: 4.0x
  3,490 bp have a depth of zero (85.5714% coverage)
  174 positions changed (0.7194% of total positions)
  estimated pre-polishing sequence accuracy: 99.2806% (Q21.43)

Polishing contig_2025 (4,134 bp):
  mean read depth: 0.7x
  2,781 bp have a depth of zero (32.7286% coverage)
  5 positions changed (0.1209% of total positions)
  estimated pre-polishing sequence accuracy: 99.8791% (Q29.17)

Polishing contig_2026 (5,567 bp):
  mean read depth: 1.9x
  2,250 bp have a depth of zero (59.5833% coverage)
  16 positions changed (0.2874% of total positions)
  estimated pre-polishing sequence accuracy: 99.7126% (Q25.42)

Polishing contig_2027 (53,349 bp):
  mean read depth: 4.2x
  6,322 bp have a depth of zero (88.1497% coverage)
  299 positions changed (0.5605% of total positions)
  estimated pre-polishing sequence accuracy: 99.4395% (Q22.51)

Polishing contig_2028 (3,298 bp):
  mean read depth: 0.5x
  2,219 bp have a depth of zero (32.7168% coverage)
  0 positions changed (0.0000% of total positions)
  estimated pre-polishing sequence accuracy: 100.0000% (Q∞)

Polishing contig_2029 (4,949 bp):
  mean read depth: 0.8x
  2,769 bp have a depth of zero (44.0493% coverage)
  0 positions changed (0.0000% of total positions)
  estimated pre-polishing sequence accuracy: 100.0000% (Q∞)

Polishing contig_203 (55,686 bp):
  mean read depth: 4.1x
  4,333 bp have a depth of zero (92.2189% coverage)
  326 positions changed (0.5854% of total positions)
  estimated pre-polishing sequence accuracy: 99.4146% (Q22.33)

Polishing contig_2030 (3,156 bp):
  mean read depth: 5.1x
  1,220 bp have a depth of zero (61.3435% coverage)
  18 positions changed (0.5703% of total positions)
  estimated pre-polishing sequence accuracy: 99.4297% (Q22.44)

Polishing contig_2031 (42,888 bp):
  mean read depth: 2.1x
  8,817 bp have a depth of zero (79.4418% coverage)
  59 positions changed (0.1376% of total positions)
  estimated pre-polishing sequence accuracy: 99.8624% (Q28.61)

Polishing contig_2032 (7,496 bp):
  mean read depth: 2.6x
  2,311 bp have a depth of zero (69.1702% coverage)
  40 positions changed (0.5336% of total positions)
  estimated pre-polishing sequence accuracy: 99.4664% (Q22.73)

Polishing contig_2033 (10,492 bp):
  mean read depth: 0.7x
  6,031 bp have a depth of zero (42.5181% coverage)
  3 positions changed (0.0286% of total positions)
  estimated pre-polishing sequence accuracy: 99.9714% (Q35.44)

Polishing contig_2034 (28,604 bp):
  mean read depth: 2.8x
  9,554 bp have a depth of zero (66.5991% coverage)
  73 positions changed (0.2552% of total positions)
  estimated pre-polishing sequence accuracy: 99.7448% (Q25.93)

Polishing contig_2035 (21,658 bp):
  mean read depth: 4.9x
  698 bp have a depth of zero (96.7772% coverage)
  159 positions changed (0.7341% of total positions)
  estimated pre-polishing sequence accuracy: 99.2659% (Q21.34)

Polishing contig_2036 (5,220 bp):
  mean read depth: 2.2x
  1,695 bp have a depth of zero (67.5287% coverage)
  14 positions changed (0.2682% of total positions)
  estimated pre-polishing sequence accuracy: 99.7318% (Q25.72)

Polishing contig_2037 (27,591 bp):
  mean read depth: 4.0x
  5,161 bp have a depth of zero (81.2946% coverage)
  228 positions changed (0.8264% of total positions)
  estimated pre-polishing sequence accuracy: 99.1736% (Q20.83)

Polishing contig_2038 (4,827 bp):
  mean read depth: 1.8x
  782 bp have a depth of zero (83.7995% coverage)
  3 positions changed (0.0622% of total positions)
  estimated pre-polishing sequence accuracy: 99.9378% (Q32.07)

Polishing contig_2039 (12,085 bp):
  mean read depth: 2.1x
  2,439 bp have a depth of zero (79.8180% coverage)
  15 positions changed (0.1241% of total positions)
  estimated pre-polishing sequence accuracy: 99.8759% (Q29.06)

Polishing contig_204 (207,423 bp):
  mean read depth: 4.3x
  15,383 bp have a depth of zero (92.5838% coverage)
  1,084 positions changed (0.5226% of total positions)
  estimated pre-polishing sequence accuracy: 99.4774% (Q22.82)

Polishing contig_2040 (56,684 bp):
  mean read depth: 4.2x
  1,719 bp have a depth of zero (96.9674% coverage)
  216 positions changed (0.3811% of total positions)
  estimated pre-polishing sequence accuracy: 99.6189% (Q24.19)

Polishing contig_2041 (13,068 bp):
  mean read depth: 5.6x
  616 bp have a depth of zero (95.2862% coverage)
  142 positions changed (1.0866% of total positions)
  estimated pre-polishing sequence accuracy: 98.9134% (Q19.64)

Polishing contig_2042 (44,864 bp):
  mean read depth: 4.3x
  5,107 bp have a depth of zero (88.6167% coverage)
  303 positions changed (0.6754% of total positions)
  estimated pre-polishing sequence accuracy: 99.3246% (Q21.70)

Polishing contig_2043 (12,878 bp):
  mean read depth: 2.6x
  2,272 bp have a depth of zero (82.3575% coverage)
  37 positions changed (0.2873% of total positions)
  estimated pre-polishing sequence accuracy: 99.7127% (Q25.42)

Polishing contig_2044 (18,283 bp):
  mean read depth: 1.4x
  7,880 bp have a depth of zero (56.8999% coverage)
  25 positions changed (0.1367% of total positions)
  estimated pre-polishing sequence accuracy: 99.8633% (Q28.64)

Polishing contig_2045 (72,499 bp):
  mean read depth: 4.8x
  5,492 bp have a depth of zero (92.4247% coverage)
  684 positions changed (0.9435% of total positions)
  estimated pre-polishing sequence accuracy: 99.0565% (Q20.25)

Polishing contig_2046 (26,872 bp):
  mean read depth: 9.4x
  322 bp have a depth of zero (98.8017% coverage)
  167 positions changed (0.6215% of total positions)
  estimated pre-polishing sequence accuracy: 99.3785% (Q22.07)

Polishing contig_2047 (9,527 bp):
  mean read depth: 0.5x
  7,026 bp have a depth of zero (26.2517% coverage)
  0 positions changed (0.0000% of total positions)
  estimated pre-polishing sequence accuracy: 100.0000% (Q∞)

Polishing contig_2048 (38,828 bp):
  mean read depth: 2.9x
  3,275 bp have a depth of zero (91.5654% coverage)
  116 positions changed (0.2988% of total positions)
  estimated pre-polishing sequence accuracy: 99.7012% (Q25.25)

Polishing contig_2049 (15,015 bp):
  mean read depth: 3.4x
  3,326 bp have a depth of zero (77.8488% coverage)
  138 positions changed (0.9191% of total positions)
  estimated pre-polishing sequence accuracy: 99.0809% (Q20.37)

Polishing contig_205 (11,110 bp):
  mean read depth: 4.1x
  720 bp have a depth of zero (93.5194% coverage)
  62 positions changed (0.5581% of total positions)
  estimated pre-polishing sequence accuracy: 99.4419% (Q22.53)

Polishing contig_2050 (38,595 bp):
  mean read depth: 3.7x
  4,127 bp have a depth of zero (89.3069% coverage)
  202 positions changed (0.5234% of total positions)
  estimated pre-polishing sequence accuracy: 99.4766% (Q22.81)

Polishing contig_2051 (13,213 bp):
  mean read depth: 4.1x
  1,258 bp have a depth of zero (90.4791% coverage)
  101 positions changed (0.7644% of total positions)
  estimated pre-polishing sequence accuracy: 99.2356% (Q21.17)

Polishing contig_2052 (39,311 bp):
  mean read depth: 4.1x
  3,347 bp have a depth of zero (91.4858% coverage)
  354 positions changed (0.9005% of total positions)
  estimated pre-polishing sequence accuracy: 99.0995% (Q20.46)

Polishing contig_2053 (32,061 bp):
  mean read depth: 4.3x
  962 bp have a depth of zero (96.9995% coverage)
  143 positions changed (0.4460% of total positions)
  estimated pre-polishing sequence accuracy: 99.5540% (Q23.51)

Polishing contig_2054 (1,660,695 bp):
  mean read depth: 88.3x
  21,985 bp have a depth of zero (98.6762% coverage)
  6,696 positions changed (0.4032% of total positions)
  estimated pre-polishing sequence accuracy: 99.5968% (Q23.94)

Polishing contig_2055 (32,926 bp):
  mean read depth: 4.4x
  4,713 bp have a depth of zero (85.6861% coverage)
  327 positions changed (0.9931% of total positions)
  estimated pre-polishing sequence accuracy: 99.0069% (Q20.03)

Polishing contig_2056 (37,108 bp):
  mean read depth: 3.3x
  10,617 bp have a depth of zero (71.3889% coverage)
  112 positions changed (0.3018% of total positions)
  estimated pre-polishing sequence accuracy: 99.6982% (Q25.20)

Polishing contig_2057 (46,443 bp):
  mean read depth: 4.9x
  2,372 bp have a depth of zero (94.8927% coverage)
  411 positions changed (0.8850% of total positions)
  estimated pre-polishing sequence accuracy: 99.1150% (Q20.53)

Polishing contig_2058 (11,786 bp):
  mean read depth: 2.3x
  5,396 bp have a depth of zero (54.2169% coverage)
  86 positions changed (0.7297% of total positions)
  estimated pre-polishing sequence accuracy: 99.2703% (Q21.37)

Polishing contig_2059 (79,018 bp):
  mean read depth: 4.8x
  6,791 bp have a depth of zero (91.4058% coverage)
  647 positions changed (0.8188% of total positions)
  estimated pre-polishing sequence accuracy: 99.1812% (Q20.87)

Polishing contig_206 (19,430 bp):
  mean read depth: 3.9x
  1,123 bp have a depth of zero (94.2203% coverage)
  102 positions changed (0.5250% of total positions)
  estimated pre-polishing sequence accuracy: 99.4750% (Q22.80)

Polishing contig_2060 (20,561 bp):
  mean read depth: 3.3x
  4,954 bp have a depth of zero (75.9058% coverage)
  131 positions changed (0.6371% of total positions)
  estimated pre-polishing sequence accuracy: 99.3629% (Q21.96)

Polishing contig_2061 (267,037 bp):
  mean read depth: 5.0x
  17,762 bp have a depth of zero (93.3485% coverage)
  2,293 positions changed (0.8587% of total positions)
  estimated pre-polishing sequence accuracy: 99.1413% (Q20.66)

Polishing contig_2062 (48,635 bp):
  mean read depth: 2.0x
  10,536 bp have a depth of zero (78.3366% coverage)
  80 positions changed (0.1645% of total positions)
  estimated pre-polishing sequence accuracy: 99.8355% (Q27.84)

Polishing contig_2063 (30,207 bp):
  mean read depth: 1.6x
  11,863 bp have a depth of zero (60.7276% coverage)
  26 positions changed (0.0861% of total positions)
  estimated pre-polishing sequence accuracy: 99.9139% (Q30.65)

Polishing contig_2064 (14,281 bp):
  mean read depth: 1.1x
  7,140 bp have a depth of zero (50.0035% coverage)
  3 positions changed (0.0210% of total positions)
  estimated pre-polishing sequence accuracy: 99.9790% (Q36.78)

Polishing contig_2065 (11,544 bp):
  mean read depth: 3.1x
  1,602 bp have a depth of zero (86.1227% coverage)
  51 positions changed (0.4418% of total positions)
  estimated pre-polishing sequence accuracy: 99.5582% (Q23.55)

Polishing contig_2066 (19,598 bp):
  mean read depth: 3.0x
  5,091 bp have a depth of zero (74.0229% coverage)
  68 positions changed (0.3470% of total positions)
  estimated pre-polishing sequence accuracy: 99.6530% (Q24.60)

Polishing contig_2067 (24,357 bp):
  mean read depth: 1.0x
  12,421 bp have a depth of zero (49.0044% coverage)
  2 positions changed (0.0082% of total positions)
  estimated pre-polishing sequence accuracy: 99.9918% (Q40.86)

Polishing contig_2068 (86,855 bp):
  mean read depth: 6.8x
  3,548 bp have a depth of zero (95.9150% coverage)
  923 positions changed (1.0627% of total positions)
  estimated pre-polishing sequence accuracy: 98.9373% (Q19.74)

Polishing contig_2069 (52,573 bp):
  mean read depth: 4.1x
  2,303 bp have a depth of zero (95.6194% coverage)
  314 positions changed (0.5973% of total positions)
  estimated pre-polishing sequence accuracy: 99.4027% (Q22.24)

Polishing contig_207 (9,731 bp):
  mean read depth: 2.9x
  1,508 bp have a depth of zero (84.5031% coverage)
  56 positions changed (0.5755% of total positions)
  estimated pre-polishing sequence accuracy: 99.4245% (Q22.40)

Polishing contig_2070 (55,116 bp):
  mean read depth: 4.7x
  3,345 bp have a depth of zero (93.9310% coverage)
  538 positions changed (0.9761% of total positions)
  estimated pre-polishing sequence accuracy: 99.0239% (Q20.10)

Polishing contig_2071 (98,255 bp):
  mean read depth: 4.4x
  11,668 bp have a depth of zero (88.1248% coverage)
  906 positions changed (0.9221% of total positions)
  estimated pre-polishing sequence accuracy: 99.0779% (Q20.35)

Polishing contig_2072 (37,024 bp):
  mean read depth: 1.5x
  18,667 bp have a depth of zero (49.5814% coverage)
  67 positions changed (0.1810% of total positions)
  estimated pre-polishing sequence accuracy: 99.8190% (Q27.42)

Polishing contig_2073 (7,037 bp):
  mean read depth: 3.4x
  1,999 bp have a depth of zero (71.5930% coverage)
  44 positions changed (0.6253% of total positions)
  estimated pre-polishing sequence accuracy: 99.3747% (Q22.04)

Polishing contig_2075 (5,961 bp):
  mean read depth: 9.9x
  262 bp have a depth of zero (95.6048% coverage)
  24 positions changed (0.4026% of total positions)
  estimated pre-polishing sequence accuracy: 99.5974% (Q23.95)

Polishing contig_2076 (7,918 bp):
  mean read depth: 3.7x
  5,419 bp have a depth of zero (31.5610% coverage)
  16 positions changed (0.2021% of total positions)
  estimated pre-polishing sequence accuracy: 99.7979% (Q26.94)

Polishing contig_2078 (495,097 bp):
  mean read depth: 20.0x
  79,460 bp have a depth of zero (83.9506% coverage)
  1,283 positions changed (0.2591% of total positions)
  estimated pre-polishing sequence accuracy: 99.7409% (Q25.86)

Polishing contig_2079 (31,387 bp):
  mean read depth: 4.6x
  4,022 bp have a depth of zero (87.1858% coverage)
  233 positions changed (0.7423% of total positions)
  estimated pre-polishing sequence accuracy: 99.2577% (Q21.29)

Polishing contig_208 (21,213 bp):
  mean read depth: 4.6x
  3,978 bp have a depth of zero (81.2473% coverage)
  71 positions changed (0.3347% of total positions)
  estimated pre-polishing sequence accuracy: 99.6653% (Q24.75)

Polishing contig_2080 (84,562 bp):
  mean read depth: 2.2x
  22,269 bp have a depth of zero (73.6655% coverage)
  174 positions changed (0.2058% of total positions)
  estimated pre-polishing sequence accuracy: 99.7942% (Q26.87)

Polishing contig_2081 (27,986 bp):
  mean read depth: 2.5x
  5,254 bp have a depth of zero (81.2263% coverage)
  58 positions changed (0.2072% of total positions)
  estimated pre-polishing sequence accuracy: 99.7928% (Q26.84)

Polishing contig_2082 (60,669 bp):
  mean read depth: 4.0x
  7,355 bp have a depth of zero (87.8768% coverage)
  301 positions changed (0.4961% of total positions)
  estimated pre-polishing sequence accuracy: 99.5039% (Q23.04)

Polishing contig_2083 (22,764 bp):
  mean read depth: 1.7x
  8,340 bp have a depth of zero (63.3632% coverage)
  57 positions changed (0.2504% of total positions)
  estimated pre-polishing sequence accuracy: 99.7496% (Q26.01)

Polishing contig_2084 (31,269 bp):
  mean read depth: 1.2x
  12,539 bp have a depth of zero (59.8996% coverage)
  11 positions changed (0.0352% of total positions)
  estimated pre-polishing sequence accuracy: 99.9648% (Q34.54)

Polishing contig_2085 (17,729 bp):
  mean read depth: 1.3x
  7,617 bp have a depth of zero (57.0365% coverage)
  20 positions changed (0.1128% of total positions)
  estimated pre-polishing sequence accuracy: 99.8872% (Q29.48)

Polishing contig_2086 (14,930 bp):
  mean read depth: 3.1x
  3,398 bp have a depth of zero (77.2405% coverage)
  53 positions changed (0.3550% of total positions)
  estimated pre-polishing sequence accuracy: 99.6450% (Q24.50)

Polishing contig_2087 (124,127 bp):
  mean read depth: 5.8x
  7,296 bp have a depth of zero (94.1221% coverage)
  920 positions changed (0.7412% of total positions)
  estimated pre-polishing sequence accuracy: 99.2588% (Q21.30)

Polishing contig_2088 (17,337 bp):
  mean read depth: 1.8x
  4,281 bp have a depth of zero (75.3071% coverage)
  19 positions changed (0.1096% of total positions)
  estimated pre-polishing sequence accuracy: 99.8904% (Q29.60)

Polishing contig_2089 (19,657 bp):
  mean read depth: 2.4x
  5,873 bp have a depth of zero (70.1226% coverage)
  63 positions changed (0.3205% of total positions)
  estimated pre-polishing sequence accuracy: 99.6795% (Q24.94)

Polishing contig_209 (7,999 bp):
  mean read depth: 1.9x
  3,322 bp have a depth of zero (58.4698% coverage)
  24 positions changed (0.3000% of total positions)
  estimated pre-polishing sequence accuracy: 99.7000% (Q25.23)

Polishing contig_2090 (20,525 bp):
  mean read depth: 4.3x
  9,201 bp have a depth of zero (55.1717% coverage)
  57 positions changed (0.2777% of total positions)
  estimated pre-polishing sequence accuracy: 99.7223% (Q25.56)

Polishing contig_2091 (85,581 bp):
  mean read depth: 8.2x
  16,238 bp have a depth of zero (81.0262% coverage)
  557 positions changed (0.6508% of total positions)
  estimated pre-polishing sequence accuracy: 99.3492% (Q21.87)

Polishing contig_2092 (83,100 bp):
  mean read depth: 8.4x
  9,335 bp have a depth of zero (88.7665% coverage)
  568 positions changed (0.6835% of total positions)
  estimated pre-polishing sequence accuracy: 99.3165% (Q21.65)

Polishing contig_2095 (76,398 bp):
  mean read depth: 4.2x
  8,254 bp have a depth of zero (89.1961% coverage)
  535 positions changed (0.7003% of total positions)
  estimated pre-polishing sequence accuracy: 99.2997% (Q21.55)

Polishing contig_2096 (40,542 bp):
  mean read depth: 2.7x
  11,263 bp have a depth of zero (72.2189% coverage)
  186 positions changed (0.4588% of total positions)
  estimated pre-polishing sequence accuracy: 99.5412% (Q23.38)

Polishing contig_2097 (37,606 bp):
  mean read depth: 3.4x
  10,746 bp have a depth of zero (71.4248% coverage)
  202 positions changed (0.5371% of total positions)
  estimated pre-polishing sequence accuracy: 99.4629% (Q22.70)

Polishing contig_2098 (83,730 bp):
  mean read depth: 5.4x
  5,979 bp have a depth of zero (92.8592% coverage)
  690 positions changed (0.8241% of total positions)
  estimated pre-polishing sequence accuracy: 99.1759% (Q20.84)

Polishing contig_2099 (10,714 bp):
  mean read depth: 18.5x
  1,646 bp have a depth of zero (84.6369% coverage)
  45 positions changed (0.4200% of total positions)
  estimated pre-polishing sequence accuracy: 99.5800% (Q23.77)

Polishing contig_21 (320,974 bp):
  mean read depth: 7.8x
  9,754 bp have a depth of zero (96.9611% coverage)
  1,465 positions changed (0.4564% of total positions)
  estimated pre-polishing sequence accuracy: 99.5436% (Q23.41)

Polishing contig_210 (481,243 bp):
  mean read depth: 5.4x
  16,941 bp have a depth of zero (96.4797% coverage)
  3,676 positions changed (0.7639% of total positions)
  estimated pre-polishing sequence accuracy: 99.2361% (Q21.17)

Polishing contig_2100 (114,191 bp):
  mean read depth: 14.8x
  1,616 bp have a depth of zero (98.5848% coverage)
  771 positions changed (0.6752% of total positions)
  estimated pre-polishing sequence accuracy: 99.3248% (Q21.71)

Polishing contig_2101 (58,093 bp):
  mean read depth: 1.7x
  18,339 bp have a depth of zero (68.4317% coverage)
  88 positions changed (0.1515% of total positions)
  estimated pre-polishing sequence accuracy: 99.8485% (Q28.20)

Polishing contig_2102 (23,985 bp):
  mean read depth: 1.4x
  8,621 bp have a depth of zero (64.0567% coverage)
  8 positions changed (0.0334% of total positions)
  estimated pre-polishing sequence accuracy: 99.9666% (Q34.77)

Polishing contig_2103 (11,466 bp):
  mean read depth: 1.2x
  3,813 bp have a depth of zero (66.7452% coverage)
  0 positions changed (0.0000% of total positions)
  estimated pre-polishing sequence accuracy: 100.0000% (Q∞)

Polishing contig_2104 (21,076 bp):
  mean read depth: 3.9x
  1,925 bp have a depth of zero (90.8664% coverage)
  155 positions changed (0.7354% of total positions)
  estimated pre-polishing sequence accuracy: 99.2646% (Q21.33)

Polishing contig_2105 (75,062 bp):
  mean read depth: 4.8x
  6,723 bp have a depth of zero (91.0434% coverage)
  765 positions changed (1.0192% of total positions)
  estimated pre-polishing sequence accuracy: 98.9808% (Q19.92)

Polishing contig_2106 (9,809 bp):
  mean read depth: 4.0x
  2,075 bp have a depth of zero (78.8460% coverage)
  100 positions changed (1.0195% of total positions)
  estimated pre-polishing sequence accuracy: 98.9805% (Q19.92)

Polishing contig_2107 (66,199 bp):
  mean read depth: 4.8x
  3,901 bp have a depth of zero (94.1072% coverage)
  507 positions changed (0.7659% of total positions)
  estimated pre-polishing sequence accuracy: 99.2341% (Q21.16)

Polishing contig_2108 (10,609 bp):
  mean read depth: 2.8x
  5,138 bp have a depth of zero (51.5694% coverage)
  78 positions changed (0.7352% of total positions)
  estimated pre-polishing sequence accuracy: 99.2648% (Q21.34)

Polishing contig_2109 (45,289 bp):
  mean read depth: 0.0x
  45,289 bp have a depth of zero (0.0000% coverage)
  0 positions changed (0.0000% of total positions)
  estimated pre-polishing sequence accuracy: 100.0000% (Q∞)

Polishing contig_211 (292,186 bp):
  mean read depth: 6.0x
  18,692 bp have a depth of zero (93.6027% coverage)
  2,247 positions changed (0.7690% of total positions)
  estimated pre-polishing sequence accuracy: 99.2310% (Q21.14)

Polishing contig_2110 (62,090 bp):
  mean read depth: 3.8x
  9,071 bp have a depth of zero (85.3906% coverage)
  365 positions changed (0.5879% of total positions)
  estimated pre-polishing sequence accuracy: 99.4121% (Q22.31)

Polishing contig_2111 (6,937 bp):
  mean read depth: 1.6x
  2,080 bp have a depth of zero (70.0159% coverage)
  2 positions changed (0.0288% of total positions)
  estimated pre-polishing sequence accuracy: 99.9712% (Q35.40)

Polishing contig_2112 (24,005 bp):
  mean read depth: 0.6x
  15,174 bp have a depth of zero (36.7882% coverage)
  1 position changed (0.0042% of total positions)
  estimated pre-polishing sequence accuracy: 99.9958% (Q43.80)

Polishing contig_2113 (93,290 bp):
  mean read depth: 4.6x
  12,027 bp have a depth of zero (87.1079% coverage)
  721 positions changed (0.7729% of total positions)
  estimated pre-polishing sequence accuracy: 99.2271% (Q21.12)

Polishing contig_2114 (6,017 bp):
  mean read depth: 12.2x
  34 bp have a depth of zero (99.4349% coverage)
  42 positions changed (0.6980% of total positions)
  estimated pre-polishing sequence accuracy: 99.3020% (Q21.56)

Polishing contig_2115 (6,400 bp):
  mean read depth: 7.3x
  2,452 bp have a depth of zero (61.6875% coverage)
  40 positions changed (0.6250% of total positions)
  estimated pre-polishing sequence accuracy: 99.3750% (Q22.04)

Polishing contig_2117 (32,580 bp):
  mean read depth: 3.7x
  3,656 bp have a depth of zero (88.7784% coverage)
  163 positions changed (0.5003% of total positions)
  estimated pre-polishing sequence accuracy: 99.4997% (Q23.01)

Polishing contig_2118 (10,571 bp):
  mean read depth: 3.6x
  2,029 bp have a depth of zero (80.8060% coverage)
  86 positions changed (0.8135% of total positions)
  estimated pre-polishing sequence accuracy: 99.1865% (Q20.90)

Polishing contig_2119 (16,884 bp):
  mean read depth: 4.7x
  1,416 bp have a depth of zero (91.6134% coverage)
  127 positions changed (0.7522% of total positions)
  estimated pre-polishing sequence accuracy: 99.2478% (Q21.24)

Polishing contig_212 (10,336 bp):
  mean read depth: 2.8x
  3,138 bp have a depth of zero (69.6401% coverage)
  34 positions changed (0.3289% of total positions)
  estimated pre-polishing sequence accuracy: 99.6711% (Q24.83)

Polishing contig_2120 (57,550 bp):
  mean read depth: 2.0x
  16,489 bp have a depth of zero (71.3484% coverage)
  132 positions changed (0.2294% of total positions)
  estimated pre-polishing sequence accuracy: 99.7706% (Q26.39)

Polishing contig_2121 (36,010 bp):
  mean read depth: 1.1x
  16,606 bp have a depth of zero (53.8850% coverage)
  20 positions changed (0.0555% of total positions)
  estimated pre-polishing sequence accuracy: 99.9445% (Q32.55)

Polishing contig_2122 (136,022 bp):
  mean read depth: 4.2x
  5,993 bp have a depth of zero (95.5941% coverage)
  560 positions changed (0.4117% of total positions)
  estimated pre-polishing sequence accuracy: 99.5883% (Q23.85)

Polishing contig_2123 (19,351 bp):
  mean read depth: 1.7x
  5,573 bp have a depth of zero (71.2005% coverage)
  12 positions changed (0.0620% of total positions)
  estimated pre-polishing sequence accuracy: 99.9380% (Q32.08)

Polishing contig_2124 (8,121 bp):
  mean read depth: 1.1x
  4,130 bp have a depth of zero (49.1442% coverage)
  5 positions changed (0.0616% of total positions)
  estimated pre-polishing sequence accuracy: 99.9384% (Q32.11)

Polishing contig_2125 (39,294 bp):
  mean read depth: 2.0x
  9,214 bp have a depth of zero (76.5511% coverage)
  69 positions changed (0.1756% of total positions)
  estimated pre-polishing sequence accuracy: 99.8244% (Q27.55)

Polishing contig_2126 (49,083 bp):
  mean read depth: 2.8x
  4,078 bp have a depth of zero (91.6916% coverage)
  114 positions changed (0.2323% of total positions)
  estimated pre-polishing sequence accuracy: 99.7677% (Q26.34)

Polishing contig_2127 (226,213 bp):
  mean read depth: 4.3x
  11,948 bp have a depth of zero (94.7183% coverage)
  1,075 positions changed (0.4752% of total positions)
  estimated pre-polishing sequence accuracy: 99.5248% (Q23.23)

Polishing contig_2128 (13,178 bp):
  mean read depth: 3.2x
  1,560 bp have a depth of zero (88.1621% coverage)
  57 positions changed (0.4325% of total positions)
  estimated pre-polishing sequence accuracy: 99.5675% (Q23.64)

Polishing contig_2129 (16,182 bp):
  mean read depth: 2.1x
  6,834 bp have a depth of zero (57.7679% coverage)
  49 positions changed (0.3028% of total positions)
  estimated pre-polishing sequence accuracy: 99.6972% (Q25.19)

Polishing contig_213 (15,077 bp):
  mean read depth: 1.7x
  4,747 bp have a depth of zero (68.5150% coverage)
  19 positions changed (0.1260% of total positions)
  estimated pre-polishing sequence accuracy: 99.8740% (Q29.00)

Polishing contig_2130 (16,100 bp):
  mean read depth: 5.0x
  679 bp have a depth of zero (95.7826% coverage)
  140 positions changed (0.8696% of total positions)
  estimated pre-polishing sequence accuracy: 99.1304% (Q20.61)

Polishing contig_2131 (25,808 bp):
  mean read depth: 1.4x
  11,255 bp have a depth of zero (56.3895% coverage)
  18 positions changed (0.0697% of total positions)
  estimated pre-polishing sequence accuracy: 99.9303% (Q31.56)

Polishing contig_2132 (26,618 bp):
  mean read depth: 2.6x
  6,350 bp have a depth of zero (76.1440% coverage)
  135 positions changed (0.5072% of total positions)
  estimated pre-polishing sequence accuracy: 99.4928% (Q22.95)

Polishing contig_2133 (46,647 bp):
  mean read depth: 4.5x
  4,993 bp have a depth of zero (89.2962% coverage)
  516 positions changed (1.1062% of total positions)
  estimated pre-polishing sequence accuracy: 98.8938% (Q19.56)

Polishing contig_2134 (117,521 bp):
  mean read depth: 2.4x
  27,506 bp have a depth of zero (76.5948% coverage)
  335 positions changed (0.2851% of total positions)
  estimated pre-polishing sequence accuracy: 99.7149% (Q25.45)

Polishing contig_2135 (15,784 bp):
  mean read depth: 0.7x
  8,831 bp have a depth of zero (44.0509% coverage)
  3 positions changed (0.0190% of total positions)
  estimated pre-polishing sequence accuracy: 99.9810% (Q37.21)

Polishing contig_2136 (47,722 bp):
  mean read depth: 1.4x
  16,709 bp have a depth of zero (64.9868% coverage)
  24 positions changed (0.0503% of total positions)
  estimated pre-polishing sequence accuracy: 99.9497% (Q32.99)

Polishing contig_2137 (29,003 bp):
  mean read depth: 11.0x
  7,722 bp have a depth of zero (73.3752% coverage)
  78 positions changed (0.2689% of total positions)
  estimated pre-polishing sequence accuracy: 99.7311% (Q25.70)

Polishing contig_2138 (20,941 bp):
  mean read depth: 2.9x
  5,944 bp have a depth of zero (71.6155% coverage)
  151 positions changed (0.7211% of total positions)
  estimated pre-polishing sequence accuracy: 99.2789% (Q21.42)

Polishing contig_2139 (136,970 bp):
  mean read depth: 4.6x
  18,540 bp have a depth of zero (86.4642% coverage)
  1,163 positions changed (0.8491% of total positions)
  estimated pre-polishing sequence accuracy: 99.1509% (Q20.71)

Polishing contig_214 (19,380 bp):
  mean read depth: 3.2x
  6,365 bp have a depth of zero (67.1569% coverage)
  186 positions changed (0.9598% of total positions)
  estimated pre-polishing sequence accuracy: 99.0402% (Q20.18)

Polishing contig_2140 (6,240 bp):
  mean read depth: 1.7x
  2,303 bp have a depth of zero (63.0929% coverage)
  12 positions changed (0.1923% of total positions)
  estimated pre-polishing sequence accuracy: 99.8077% (Q27.16)

Polishing contig_2141 (73,487 bp):
  mean read depth: 4.1x
  8,764 bp have a depth of zero (88.0741% coverage)
  529 positions changed (0.7199% of total positions)
  estimated pre-polishing sequence accuracy: 99.2801% (Q21.43)

Polishing contig_2142 (35,400 bp):
  mean read depth: 3.6x
  8,505 bp have a depth of zero (75.9746% coverage)
  307 positions changed (0.8672% of total positions)
  estimated pre-polishing sequence accuracy: 99.1328% (Q20.62)

Polishing contig_2143 (12,627 bp):
  mean read depth: 0.2x
  11,789 bp have a depth of zero (6.6366% coverage)
  0 positions changed (0.0000% of total positions)
  estimated pre-polishing sequence accuracy: 100.0000% (Q∞)

Polishing contig_2144 (16,791 bp):
  mean read depth: 19.6x
  7,033 bp have a depth of zero (58.1145% coverage)
  19 positions changed (0.1132% of total positions)
  estimated pre-polishing sequence accuracy: 99.8868% (Q29.46)

Polishing contig_2145 (59,580 bp):
  mean read depth: 2.3x
  13,294 bp have a depth of zero (77.6871% coverage)
  125 positions changed (0.2098% of total positions)
  estimated pre-polishing sequence accuracy: 99.7902% (Q26.78)

Polishing contig_2146 (50,890 bp):
  mean read depth: 5.4x
  2,128 bp have a depth of zero (95.8184% coverage)
  485 positions changed (0.9530% of total positions)
  estimated pre-polishing sequence accuracy: 99.0470% (Q20.21)

Polishing contig_2147 (66,905 bp):
  mean read depth: 3.5x
  20,567 bp have a depth of zero (69.2594% coverage)
  517 positions changed (0.7727% of total positions)
  estimated pre-polishing sequence accuracy: 99.2273% (Q21.12)

Polishing contig_2148 (83,607 bp):
  mean read depth: 4.5x
  9,793 bp have a depth of zero (88.2869% coverage)
  675 positions changed (0.8073% of total positions)
  estimated pre-polishing sequence accuracy: 99.1927% (Q20.93)

Polishing contig_2149 (37,470 bp):
  mean read depth: 3.6x
  11,520 bp have a depth of zero (69.2554% coverage)
  296 positions changed (0.7900% of total positions)
  estimated pre-polishing sequence accuracy: 99.2100% (Q21.02)

Polishing contig_215 (4,105 bp):
  mean read depth: 6.8x
  872 bp have a depth of zero (78.7576% coverage)
  50 positions changed (1.2180% of total positions)
  estimated pre-polishing sequence accuracy: 98.7820% (Q19.14)

Polishing contig_2150 (32,085 bp):
  mean read depth: 4.0x
  1,474 bp have a depth of zero (95.4060% coverage)
  140 positions changed (0.4363% of total positions)
  estimated pre-polishing sequence accuracy: 99.5637% (Q23.60)

Polishing contig_2151 (31,192 bp):
  mean read depth: 4.8x
  2,612 bp have a depth of zero (91.6261% coverage)
  367 positions changed (1.1766% of total positions)
  estimated pre-polishing sequence accuracy: 98.8234% (Q19.29)

Polishing contig_2152 (11,491 bp):
  mean read depth: 0.0x
  11,491 bp have a depth of zero (0.0000% coverage)
  0 positions changed (0.0000% of total positions)
  estimated pre-polishing sequence accuracy: 100.0000% (Q∞)

Polishing contig_2153 (1,394,050 bp):
  mean read depth: 10.2x
  8,176 bp have a depth of zero (99.4135% coverage)
  8,428 positions changed (0.6046% of total positions)
  estimated pre-polishing sequence accuracy: 99.3954% (Q22.19)

Polishing contig_2154 (45,800 bp):
  mean read depth: 4.0x
  2,642 bp have a depth of zero (94.2314% coverage)
  331 positions changed (0.7227% of total positions)
  estimated pre-polishing sequence accuracy: 99.2773% (Q21.41)

Polishing contig_2155 (18,416 bp):
  mean read depth: 5.0x
  1,530 bp have a depth of zero (91.6920% coverage)
  194 positions changed (1.0534% of total positions)
  estimated pre-polishing sequence accuracy: 98.9466% (Q19.77)

Polishing contig_2156 (32,284 bp):
  mean read depth: 1.6x
  11,431 bp have a depth of zero (64.5924% coverage)
  40 positions changed (0.1239% of total positions)
  estimated pre-polishing sequence accuracy: 99.8761% (Q29.07)

Polishing contig_2157 (74,925 bp):
  mean read depth: 1.5x
  23,487 bp have a depth of zero (68.6527% coverage)
  55 positions changed (0.0734% of total positions)
  estimated pre-polishing sequence accuracy: 99.9266% (Q31.34)

Polishing contig_2158 (31,085 bp):
  mean read depth: 3.0x
  9,473 bp have a depth of zero (69.5255% coverage)
  208 positions changed (0.6691% of total positions)
  estimated pre-polishing sequence accuracy: 99.3309% (Q21.74)

Polishing contig_2159 (4,477 bp):
  mean read depth: 3.2x
  1,064 bp have a depth of zero (76.2341% coverage)
  27 positions changed (0.6031% of total positions)
  estimated pre-polishing sequence accuracy: 99.3969% (Q22.20)

Polishing contig_216 (10,037 bp):
  mean read depth: 2.7x
  4,426 bp have a depth of zero (55.9032% coverage)
  68 positions changed (0.6775% of total positions)
  estimated pre-polishing sequence accuracy: 99.3225% (Q21.69)

Polishing contig_2160 (12,878 bp):
  mean read depth: 3.5x
  1,773 bp have a depth of zero (86.2323% coverage)
  81 positions changed (0.6290% of total positions)
  estimated pre-polishing sequence accuracy: 99.3710% (Q22.01)

Polishing contig_2161 (26,826 bp):
  mean read depth: 4.9x
  2,242 bp have a depth of zero (91.6424% coverage)
  258 positions changed (0.9618% of total positions)
  estimated pre-polishing sequence accuracy: 99.0382% (Q20.17)

Polishing contig_2162 (66,590 bp):
  mean read depth: 4.3x
  9,959 bp have a depth of zero (85.0443% coverage)
  576 positions changed (0.8650% of total positions)
  estimated pre-polishing sequence accuracy: 99.1350% (Q20.63)

Polishing contig_2163 (32,168 bp):
  mean read depth: 4.1x
  2,931 bp have a depth of zero (90.8885% coverage)
  117 positions changed (0.3637% of total positions)
  estimated pre-polishing sequence accuracy: 99.6363% (Q24.39)

Polishing contig_2164 (38,150 bp):
  mean read depth: 5.1x
  2,048 bp have a depth of zero (94.6317% coverage)
  350 positions changed (0.9174% of total positions)
  estimated pre-polishing sequence accuracy: 99.0826% (Q20.37)

Polishing contig_2165 (69,656 bp):
  mean read depth: 2.8x
  9,186 bp have a depth of zero (86.8123% coverage)
  158 positions changed (0.2268% of total positions)
  estimated pre-polishing sequence accuracy: 99.7732% (Q26.44)

Polishing contig_2166 (37,598 bp):
  mean read depth: 19.6x
  3,574 bp have a depth of zero (90.4942% coverage)
  143 positions changed (0.3803% of total positions)
  estimated pre-polishing sequence accuracy: 99.6197% (Q24.20)

Polishing contig_2167 (60,255 bp):
  mean read depth: 1.9x
  16,409 bp have a depth of zero (72.7674% coverage)
  99 positions changed (0.1643% of total positions)
  estimated pre-polishing sequence accuracy: 99.8357% (Q27.84)

Polishing contig_2168 (86,994 bp):
  mean read depth: 4.5x
  10,034 bp have a depth of zero (88.4659% coverage)
  647 positions changed (0.7437% of total positions)
  estimated pre-polishing sequence accuracy: 99.2563% (Q21.29)

Polishing contig_2169 (31,162 bp):
  mean read depth: 2.7x
  15,255 bp have a depth of zero (51.0461% coverage)
  160 positions changed (0.5134% of total positions)
  estimated pre-polishing sequence accuracy: 99.4866% (Q22.90)

Polishing contig_217 (17,608 bp):
  mean read depth: 4.1x
  3,789 bp have a depth of zero (78.4814% coverage)
  165 positions changed (0.9371% of total positions)
  estimated pre-polishing sequence accuracy: 99.0629% (Q20.28)

Polishing contig_2170 (38,410 bp):
  mean read depth: 1.5x
  14,200 bp have a depth of zero (63.0305% coverage)
  46 positions changed (0.1198% of total positions)
  estimated pre-polishing sequence accuracy: 99.8802% (Q29.22)

Polishing contig_2171 (89,789 bp):
  mean read depth: 3.0x
  22,994 bp have a depth of zero (74.3911% coverage)
  540 positions changed (0.6014% of total positions)
  estimated pre-polishing sequence accuracy: 99.3986% (Q22.21)

Polishing contig_2172 (32,798 bp):
  mean read depth: 0.7x
  21,879 bp have a depth of zero (33.2917% coverage)
  13 positions changed (0.0396% of total positions)
  estimated pre-polishing sequence accuracy: 99.9604% (Q34.02)

Polishing contig_2173 (27,054 bp):
  mean read depth: 2.9x
  5,050 bp have a depth of zero (81.3336% coverage)
  130 positions changed (0.4805% of total positions)
  estimated pre-polishing sequence accuracy: 99.5195% (Q23.18)

Polishing contig_2174 (41,703 bp):
  mean read depth: 1.9x
  11,803 bp have a depth of zero (71.6975% coverage)
  68 positions changed (0.1631% of total positions)
  estimated pre-polishing sequence accuracy: 99.8369% (Q27.88)

Polishing contig_2176 (8,482 bp):
  mean read depth: 5.4x
  3,402 bp have a depth of zero (59.8915% coverage)
  12 positions changed (0.1415% of total positions)
  estimated pre-polishing sequence accuracy: 99.8585% (Q28.49)

Polishing contig_2177 (14,497 bp):
  mean read depth: 2.6x
  3,154 bp have a depth of zero (78.2438% coverage)
  38 positions changed (0.2621% of total positions)
  estimated pre-polishing sequence accuracy: 99.7379% (Q25.81)

Polishing contig_2178 (36,331 bp):
  mean read depth: 3.6x
  6,739 bp have a depth of zero (81.4511% coverage)
  308 positions changed (0.8478% of total positions)
  estimated pre-polishing sequence accuracy: 99.1522% (Q20.72)

Polishing contig_2179 (26,926 bp):
  mean read depth: 3.6x
  3,979 bp have a depth of zero (85.2225% coverage)
  184 positions changed (0.6834% of total positions)
  estimated pre-polishing sequence accuracy: 99.3166% (Q21.65)

Polishing contig_218 (22,187 bp):
  mean read depth: 1.9x
  7,256 bp have a depth of zero (67.2962% coverage)
  31 positions changed (0.1397% of total positions)
  estimated pre-polishing sequence accuracy: 99.8603% (Q28.55)

Polishing contig_2180 (29,591 bp):
  mean read depth: 4.1x
  3,518 bp have a depth of zero (88.1113% coverage)
  244 positions changed (0.8246% of total positions)
  estimated pre-polishing sequence accuracy: 99.1754% (Q20.84)

Polishing contig_2181 (17,696 bp):
  mean read depth: 8.3x
  4,479 bp have a depth of zero (74.6892% coverage)
  90 positions changed (0.5086% of total positions)
  estimated pre-polishing sequence accuracy: 99.4914% (Q22.94)

Polishing contig_2182 (32,762 bp):
  mean read depth: 1.9x
  10,313 bp have a depth of zero (68.5215% coverage)
  47 positions changed (0.1435% of total positions)
  estimated pre-polishing sequence accuracy: 99.8565% (Q28.43)

Polishing contig_2183 (27,933 bp):
  mean read depth: 2.0x
  8,771 bp have a depth of zero (68.5999% coverage)
  76 positions changed (0.2721% of total positions)
  estimated pre-polishing sequence accuracy: 99.7279% (Q25.65)

Polishing contig_2184 (29,465 bp):
  mean read depth: 4.8x
  3,279 bp have a depth of zero (88.8715% coverage)
  241 positions changed (0.8179% of total positions)
  estimated pre-polishing sequence accuracy: 99.1821% (Q20.87)

Polishing contig_2185 (98,601 bp):
  mean read depth: 4.8x
  5,538 bp have a depth of zero (94.3834% coverage)
  758 positions changed (0.7688% of total positions)
  estimated pre-polishing sequence accuracy: 99.2312% (Q21.14)

Polishing contig_2186 (39,364 bp):
  mean read depth: 3.0x
  8,386 bp have a depth of zero (78.6963% coverage)
  196 positions changed (0.4979% of total positions)
  estimated pre-polishing sequence accuracy: 99.5021% (Q23.03)

Polishing contig_2187 (27,137 bp):
  mean read depth: 5.6x
  1,367 bp have a depth of zero (94.9626% coverage)
  270 positions changed (0.9950% of total positions)
  estimated pre-polishing sequence accuracy: 99.0050% (Q20.02)

Polishing contig_2188 (15,514 bp):
  mean read depth: 2.7x
  5,405 bp have a depth of zero (65.1605% coverage)
  119 positions changed (0.7670% of total positions)
  estimated pre-polishing sequence accuracy: 99.2330% (Q21.15)

Polishing contig_2189 (68,357 bp):
  mean read depth: 5.3x
  2,720 bp have a depth of zero (96.0209% coverage)
  699 positions changed (1.0226% of total positions)
  estimated pre-polishing sequence accuracy: 98.9774% (Q19.90)

Polishing contig_219 (10,777 bp):
  mean read depth: 9.9x
  28 bp have a depth of zero (99.7402% coverage)
  97 positions changed (0.9001% of total positions)
  estimated pre-polishing sequence accuracy: 99.0999% (Q20.46)

Polishing contig_2190 (98,827 bp):
  mean read depth: 5.1x
  7,210 bp have a depth of zero (92.7044% coverage)
  947 positions changed (0.9582% of total positions)
  estimated pre-polishing sequence accuracy: 99.0418% (Q20.19)

Polishing contig_2191 (86,882 bp):
  mean read depth: 4.5x
  9,620 bp have a depth of zero (88.9275% coverage)
  592 positions changed (0.6814% of total positions)
  estimated pre-polishing sequence accuracy: 99.3186% (Q21.67)

Polishing contig_2192 (6,272 bp):
  mean read depth: 4.0x
  827 bp have a depth of zero (86.8144% coverage)
  72 positions changed (1.1480% of total positions)
  estimated pre-polishing sequence accuracy: 98.8520% (Q19.40)

Polishing contig_2193 (19,825 bp):
  mean read depth: 12.0x
  73 bp have a depth of zero (99.6318% coverage)
  139 positions changed (0.7011% of total positions)
  estimated pre-polishing sequence accuracy: 99.2989% (Q21.54)

Polishing contig_2194 (72,850 bp):
  mean read depth: 2.5x
  15,417 bp have a depth of zero (78.8373% coverage)
  183 positions changed (0.2512% of total positions)
  estimated pre-polishing sequence accuracy: 99.7488% (Q26.00)

Polishing contig_2195 (28,315 bp):
  mean read depth: 4.4x
  3,587 bp have a depth of zero (87.3318% coverage)
  224 positions changed (0.7911% of total positions)
  estimated pre-polishing sequence accuracy: 99.2089% (Q21.02)

Polishing contig_2196 (56,395 bp):
  mean read depth: 3.5x
  5,663 bp have a depth of zero (89.9583% coverage)
  315 positions changed (0.5586% of total positions)
  estimated pre-polishing sequence accuracy: 99.4414% (Q22.53)

Polishing contig_2197 (32,641 bp):
  mean read depth: 2.7x
  7,364 bp have a depth of zero (77.4394% coverage)
  143 positions changed (0.4381% of total positions)
  estimated pre-polishing sequence accuracy: 99.5619% (Q23.58)

Polishing contig_2198 (26,055 bp):
  mean read depth: 3.8x
  6,585 bp have a depth of zero (74.7265% coverage)
  118 positions changed (0.4529% of total positions)
  estimated pre-polishing sequence accuracy: 99.5471% (Q23.44)

Polishing contig_2199 (59,702 bp):
  mean read depth: 3.8x
  9,036 bp have a depth of zero (84.8648% coverage)
  329 positions changed (0.5511% of total positions)
  estimated pre-polishing sequence accuracy: 99.4489% (Q22.59)

Polishing contig_22 (492,417 bp):
  mean read depth: 8.3x
  8,885 bp have a depth of zero (98.1956% coverage)
  2,130 positions changed (0.4326% of total positions)
  estimated pre-polishing sequence accuracy: 99.5674% (Q23.64)

Polishing contig_220 (8,850 bp):
  mean read depth: 196.1x
  252 bp have a depth of zero (97.1525% coverage)
  37 positions changed (0.4181% of total positions)
  estimated pre-polishing sequence accuracy: 99.5819% (Q23.79)

Polishing contig_2200 (79,744 bp):
  mean read depth: 1.9x
  23,585 bp have a depth of zero (70.4241% coverage)
  149 positions changed (0.1868% of total positions)
  estimated pre-polishing sequence accuracy: 99.8132% (Q27.29)

Polishing contig_2201 (12,818 bp):
  mean read depth: 1.5x
  4,263 bp have a depth of zero (66.7421% coverage)
  8 positions changed (0.0624% of total positions)
  estimated pre-polishing sequence accuracy: 99.9376% (Q32.05)

Polishing contig_2202 (21,345 bp):
  mean read depth: 3.9x
  2,022 bp have a depth of zero (90.5271% coverage)
  120 positions changed (0.5622% of total positions)
  estimated pre-polishing sequence accuracy: 99.4378% (Q22.50)

Polishing contig_2203 (18,537 bp):
  mean read depth: 2.1x
  4,669 bp have a depth of zero (74.8125% coverage)
  47 positions changed (0.2535% of total positions)
  estimated pre-polishing sequence accuracy: 99.7465% (Q25.96)

Polishing contig_2204 (38,607 bp):
  mean read depth: 4.5x
  4,015 bp have a depth of zero (89.6003% coverage)
  292 positions changed (0.7563% of total positions)
  estimated pre-polishing sequence accuracy: 99.2437% (Q21.21)

Polishing contig_2205 (83,379 bp):
  mean read depth: 2.4x
  14,910 bp have a depth of zero (82.1178% coverage)
  144 positions changed (0.1727% of total positions)
  estimated pre-polishing sequence accuracy: 99.8273% (Q27.63)

Polishing contig_2208 (29,693 bp):
  mean read depth: 5.5x
  1,281 bp have a depth of zero (95.6859% coverage)
  204 positions changed (0.6870% of total positions)
  estimated pre-polishing sequence accuracy: 99.3130% (Q21.63)

Polishing contig_2209 (9,805 bp):
  mean read depth: 3.3x
  1,062 bp have a depth of zero (89.1688% coverage)
  43 positions changed (0.4386% of total positions)
  estimated pre-polishing sequence accuracy: 99.5614% (Q23.58)

Polishing contig_2210 (41,826 bp):
  mean read depth: 2.2x
  9,023 bp have a depth of zero (78.4273% coverage)
  83 positions changed (0.1984% of total positions)
  estimated pre-polishing sequence accuracy: 99.8016% (Q27.02)

Polishing contig_2211 (38,529 bp):
  mean read depth: 1.9x
  11,121 bp have a depth of zero (71.1360% coverage)
  83 positions changed (0.2154% of total positions)
  estimated pre-polishing sequence accuracy: 99.7846% (Q26.67)

Polishing contig_2212 (97,011 bp):
  mean read depth: 2.1x
  25,609 bp have a depth of zero (73.6020% coverage)
  158 positions changed (0.1629% of total positions)
  estimated pre-polishing sequence accuracy: 99.8371% (Q27.88)

Polishing contig_2213 (23,280 bp):
  mean read depth: 1.8x
  9,319 bp have a depth of zero (59.9699% coverage)
  66 positions changed (0.2835% of total positions)
  estimated pre-polishing sequence accuracy: 99.7165% (Q25.47)

Polishing contig_2214 (28,255 bp):
  mean read depth: 2.8x
  8,386 bp have a depth of zero (70.3203% coverage)
  65 positions changed (0.2300% of total positions)
  estimated pre-polishing sequence accuracy: 99.7700% (Q26.38)

Polishing contig_2215 (7,410 bp):
  mean read depth: 1.9x
  5,802 bp have a depth of zero (21.7004% coverage)
  28 positions changed (0.3779% of total positions)
  estimated pre-polishing sequence accuracy: 99.6221% (Q24.23)

Polishing contig_2216 (11,212 bp):
  mean read depth: 2.5x
  2,323 bp have a depth of zero (79.2811% coverage)
  32 positions changed (0.2854% of total positions)
  estimated pre-polishing sequence accuracy: 99.7146% (Q25.45)

Polishing contig_2217 (13,528 bp):
  mean read depth: 4.3x
  2,013 bp have a depth of zero (85.1198% coverage)
  104 positions changed (0.7688% of total positions)
  estimated pre-polishing sequence accuracy: 99.2312% (Q21.14)

Polishing contig_2218 (53,315 bp):
  mean read depth: 2.2x
  13,217 bp have a depth of zero (75.2096% coverage)
  154 positions changed (0.2888% of total positions)
  estimated pre-polishing sequence accuracy: 99.7112% (Q25.39)

Polishing contig_2219 (12,107 bp):
  mean read depth: 2.3x
  1,874 bp have a depth of zero (84.5214% coverage)
  31 positions changed (0.2561% of total positions)
  estimated pre-polishing sequence accuracy: 99.7439% (Q25.92)

Polishing contig_222 (131,233 bp):
  mean read depth: 113.1x
  4,805 bp have a depth of zero (96.3386% coverage)
  447 positions changed (0.3406% of total positions)
  estimated pre-polishing sequence accuracy: 99.6594% (Q24.68)

Polishing contig_2220 (10,315 bp):
  mean read depth: 2.1x
  2,061 bp have a depth of zero (80.0194% coverage)
  19 positions changed (0.1842% of total positions)
  estimated pre-polishing sequence accuracy: 99.8158% (Q27.35)

Polishing contig_2221 (32,900 bp):
  mean read depth: 3.0x
  9,445 bp have a depth of zero (71.2918% coverage)
  314 positions changed (0.9544% of total positions)
  estimated pre-polishing sequence accuracy: 99.0456% (Q20.20)

Polishing contig_2222 (42,548 bp):
  mean read depth: 4.0x
  5,784 bp have a depth of zero (86.4059% coverage)
  364 positions changed (0.8555% of total positions)
  estimated pre-polishing sequence accuracy: 99.1445% (Q20.68)

Polishing contig_2223 (6,371 bp):
  mean read depth: 2.3x
  1,133 bp have a depth of zero (82.2163% coverage)
  10 positions changed (0.1570% of total positions)
  estimated pre-polishing sequence accuracy: 99.8430% (Q28.04)

Polishing contig_2224 (41,385 bp):
  mean read depth: 4.8x
  7,218 bp have a depth of zero (82.5589% coverage)
  286 positions changed (0.6911% of total positions)
  estimated pre-polishing sequence accuracy: 99.3089% (Q21.60)

Polishing contig_2225 (27,311 bp):
  mean read depth: 2.0x
  9,975 bp have a depth of zero (63.4763% coverage)
  81 positions changed (0.2966% of total positions)
  estimated pre-polishing sequence accuracy: 99.7034% (Q25.28)

Polishing contig_2226 (82,978 bp):
  mean read depth: 2.0x
  24,830 bp have a depth of zero (70.0764% coverage)
  134 positions changed (0.1615% of total positions)
  estimated pre-polishing sequence accuracy: 99.8385% (Q27.92)

Polishing contig_2227 (60,749 bp):
  mean read depth: 2.2x
  15,643 bp have a depth of zero (74.2498% coverage)
  137 positions changed (0.2255% of total positions)
  estimated pre-polishing sequence accuracy: 99.7745% (Q26.47)

Polishing contig_2228 (38,906 bp):
  mean read depth: 3.2x
  13,253 bp have a depth of zero (65.9358% coverage)
  249 positions changed (0.6400% of total positions)
  estimated pre-polishing sequence accuracy: 99.3600% (Q21.94)

Polishing contig_2229 (17,558 bp):
  mean read depth: 2.2x
  4,572 bp have a depth of zero (73.9606% coverage)
  43 positions changed (0.2449% of total positions)
  estimated pre-polishing sequence accuracy: 99.7551% (Q26.11)

Polishing contig_223 (44,093 bp):
  mean read depth: 115.9x
  17,886 bp have a depth of zero (59.4357% coverage)
  136 positions changed (0.3084% of total positions)
  estimated pre-polishing sequence accuracy: 99.6916% (Q25.11)

Polishing contig_2230 (18,040 bp):
  mean read depth: 0.5x
  12,103 bp have a depth of zero (32.9102% coverage)
  0 positions changed (0.0000% of total positions)
  estimated pre-polishing sequence accuracy: 100.0000% (Q∞)

Polishing contig_2231 (53,582 bp):
  mean read depth: 5.5x
  6,466 bp have a depth of zero (87.9325% coverage)
  364 positions changed (0.6793% of total positions)
  estimated pre-polishing sequence accuracy: 99.3207% (Q21.68)

Polishing contig_2232 (26,772 bp):
  mean read depth: 4.3x
  3,525 bp have a depth of zero (86.8333% coverage)
  306 positions changed (1.1430% of total positions)
  estimated pre-polishing sequence accuracy: 98.8570% (Q19.42)

Polishing contig_2233 (12,799 bp):
  mean read depth: 4.8x
  1,073 bp have a depth of zero (91.6165% coverage)
  94 positions changed (0.7344% of total positions)
  estimated pre-polishing sequence accuracy: 99.2656% (Q21.34)

Polishing contig_2234 (29,824 bp):
  mean read depth: 4.1x
  4,930 bp have a depth of zero (83.4697% coverage)
  218 positions changed (0.7310% of total positions)
  estimated pre-polishing sequence accuracy: 99.2690% (Q21.36)

Polishing contig_2235 (9,270 bp):
  mean read depth: 11.9x
  854 bp have a depth of zero (90.7875% coverage)
  52 positions changed (0.5609% of total positions)
  estimated pre-polishing sequence accuracy: 99.4391% (Q22.51)

Polishing contig_2236 (7,203 bp):
  mean read depth: 3.1x
  1,443 bp have a depth of zero (79.9667% coverage)
  51 positions changed (0.7080% of total positions)
  estimated pre-polishing sequence accuracy: 99.2920% (Q21.50)

Polishing contig_2237 (65,828 bp):
  mean read depth: 3.9x
  5,158 bp have a depth of zero (92.1644% coverage)
  232 positions changed (0.3524% of total positions)
  estimated pre-polishing sequence accuracy: 99.6476% (Q24.53)

Polishing contig_2238 (38,709 bp):
  mean read depth: 5.1x
  1,932 bp have a depth of zero (95.0089% coverage)
  271 positions changed (0.7001% of total positions)
  estimated pre-polishing sequence accuracy: 99.2999% (Q21.55)

Polishing contig_2239 (16,161 bp):
  mean read depth: 4.0x
  1,610 bp have a depth of zero (90.0377% coverage)
  85 positions changed (0.5260% of total positions)
  estimated pre-polishing sequence accuracy: 99.4740% (Q22.79)

Polishing contig_224 (317,660 bp):
  mean read depth: 121.2x
  412 bp have a depth of zero (99.8703% coverage)
  1,039 positions changed (0.3271% of total positions)
  estimated pre-polishing sequence accuracy: 99.6729% (Q24.85)

Polishing contig_2240 (35,252 bp):
  mean read depth: 3.0x
  4,246 bp have a depth of zero (87.9553% coverage)
  96 positions changed (0.2723% of total positions)
  estimated pre-polishing sequence accuracy: 99.7277% (Q25.65)

Polishing contig_2241 (68,179 bp):
  mean read depth: 4.7x
  7,254 bp have a depth of zero (89.3604% coverage)
  579 positions changed (0.8492% of total positions)
  estimated pre-polishing sequence accuracy: 99.1508% (Q20.71)

Polishing contig_2242 (39,938 bp):
  mean read depth: 4.5x
  5,827 bp have a depth of zero (85.4099% coverage)
  390 positions changed (0.9765% of total positions)
  estimated pre-polishing sequence accuracy: 99.0235% (Q20.10)

Polishing contig_2243 (19,912 bp):
  mean read depth: 4.0x
  2,864 bp have a depth of zero (85.6167% coverage)
  130 positions changed (0.6529% of total positions)
  estimated pre-polishing sequence accuracy: 99.3471% (Q21.85)

Polishing contig_2244 (17,163 bp):
  mean read depth: 2.5x
  5,052 bp have a depth of zero (70.5646% coverage)
  67 positions changed (0.3904% of total positions)
  estimated pre-polishing sequence accuracy: 99.6096% (Q24.09)

Polishing contig_2245 (66,703 bp):
  mean read depth: 4.4x
  6,662 bp have a depth of zero (90.0124% coverage)
  394 positions changed (0.5907% of total positions)
  estimated pre-polishing sequence accuracy: 99.4093% (Q22.29)

Polishing contig_2246 (5,772 bp):
  mean read depth: 3.4x
  3,414 bp have a depth of zero (40.8524% coverage)
  13 positions changed (0.2252% of total positions)
  estimated pre-polishing sequence accuracy: 99.7748% (Q26.47)

Polishing contig_2247 (22,815 bp):
  mean read depth: 5.2x
  1,905 bp have a depth of zero (91.6502% coverage)
  206 positions changed (0.9029% of total positions)
  estimated pre-polishing sequence accuracy: 99.0971% (Q20.44)

Polishing contig_2248 (22,122 bp):
  mean read depth: 4.7x
  885 bp have a depth of zero (95.9995% coverage)
  205 positions changed (0.9267% of total positions)
  estimated pre-polishing sequence accuracy: 99.0733% (Q20.33)

Polishing contig_2249 (34,891 bp):
  mean read depth: 2.1x
  8,569 bp have a depth of zero (75.4407% coverage)
  49 positions changed (0.1404% of total positions)
  estimated pre-polishing sequence accuracy: 99.8596% (Q28.53)

Polishing contig_225 (289,108 bp):
  mean read depth: 90.5x
  5,248 bp have a depth of zero (98.1848% coverage)
  955 positions changed (0.3303% of total positions)
  estimated pre-polishing sequence accuracy: 99.6697% (Q24.81)

Polishing contig_2250 (40,263 bp):
  mean read depth: 1.5x
  16,307 bp have a depth of zero (59.4988% coverage)
  47 positions changed (0.1167% of total positions)
  estimated pre-polishing sequence accuracy: 99.8833% (Q29.33)

Polishing contig_2251 (8,383 bp):
  mean read depth: 3.0x
  841 bp have a depth of zero (89.9678% coverage)
  26 positions changed (0.3102% of total positions)
  estimated pre-polishing sequence accuracy: 99.6898% (Q25.08)

Polishing contig_2252 (25,580 bp):
  mean read depth: 6.8x
  12,211 bp have a depth of zero (52.2635% coverage)
  94 positions changed (0.3675% of total positions)
  estimated pre-polishing sequence accuracy: 99.6325% (Q24.35)

Polishing contig_2253 (55,268 bp):
  mean read depth: 4.6x
  3,846 bp have a depth of zero (93.0412% coverage)
  512 positions changed (0.9264% of total positions)
  estimated pre-polishing sequence accuracy: 99.0736% (Q20.33)

Polishing contig_2254 (19,768 bp):
  mean read depth: 1.4x
  10,668 bp have a depth of zero (46.0340% coverage)
  30 positions changed (0.1518% of total positions)
  estimated pre-polishing sequence accuracy: 99.8482% (Q28.19)

Polishing contig_2255 (43,271 bp):
  mean read depth: 3.7x
  9,749 bp have a depth of zero (77.4699% coverage)
  241 positions changed (0.5570% of total positions)
  estimated pre-polishing sequence accuracy: 99.4430% (Q22.54)

Polishing contig_2256 (15,552 bp):
  mean read depth: 1.0x
  8,689 bp have a depth of zero (44.1294% coverage)
  5 positions changed (0.0322% of total positions)
  estimated pre-polishing sequence accuracy: 99.9678% (Q34.93)

Polishing contig_2257 (62,897 bp):
  mean read depth: 2.3x
  8,473 bp have a depth of zero (86.5288% coverage)
  74 positions changed (0.1177% of total positions)
  estimated pre-polishing sequence accuracy: 99.8823% (Q29.29)

Polishing contig_2258 (6,321 bp):
  mean read depth: 3.3x
  1,326 bp have a depth of zero (79.0223% coverage)
  57 positions changed (0.9018% of total positions)
  estimated pre-polishing sequence accuracy: 99.0982% (Q20.45)

Polishing contig_2259 (55,743 bp):
  mean read depth: 4.3x
  2,871 bp have a depth of zero (94.8496% coverage)
  329 positions changed (0.5902% of total positions)
  estimated pre-polishing sequence accuracy: 99.4098% (Q22.29)

Polishing contig_226 (429,082 bp):
  mean read depth: 115.3x
  29,711 bp have a depth of zero (93.0757% coverage)
  1,307 positions changed (0.3046% of total positions)
  estimated pre-polishing sequence accuracy: 99.6954% (Q25.16)

Polishing contig_2260 (33,003 bp):
  mean read depth: 1.7x
  10,087 bp have a depth of zero (69.4361% coverage)
  36 positions changed (0.1091% of total positions)
  estimated pre-polishing sequence accuracy: 99.8909% (Q29.62)

Polishing contig_2261 (4,695 bp):
  mean read depth: 4.1x
  1,097 bp have a depth of zero (76.6347% coverage)
  68 positions changed (1.4483% of total positions)
  estimated pre-polishing sequence accuracy: 98.5517% (Q18.39)

Polishing contig_2262 (37,273 bp):
  mean read depth: 1.4x
  12,836 bp have a depth of zero (65.5622% coverage)
  18 positions changed (0.0483% of total positions)
  estimated pre-polishing sequence accuracy: 99.9517% (Q33.16)

Polishing contig_2263 (57,969 bp):
  mean read depth: 4.7x
  4,964 bp have a depth of zero (91.4368% coverage)
  505 positions changed (0.8712% of total positions)
  estimated pre-polishing sequence accuracy: 99.1288% (Q20.60)

Polishing contig_2264 (85,007 bp):
  mean read depth: 2.1x
  20,887 bp have a depth of zero (75.4291% coverage)
  147 positions changed (0.1729% of total positions)
  estimated pre-polishing sequence accuracy: 99.8271% (Q27.62)

Polishing contig_2265 (42,422 bp):
  mean read depth: 4.8x
  6,837 bp have a depth of zero (83.8834% coverage)
  282 positions changed (0.6647% of total positions)
  estimated pre-polishing sequence accuracy: 99.3353% (Q21.77)

Polishing contig_2266 (40,280 bp):
  mean read depth: 2.3x
  7,511 bp have a depth of zero (81.3530% coverage)
  72 positions changed (0.1787% of total positions)
  estimated pre-polishing sequence accuracy: 99.8213% (Q27.48)

Polishing contig_2267 (55,856 bp):
  mean read depth: 6.5x
  9,132 bp have a depth of zero (83.6508% coverage)
  612 positions changed (1.0957% of total positions)
  estimated pre-polishing sequence accuracy: 98.9043% (Q19.60)

Polishing contig_2268 (57,952 bp):
  mean read depth: 4.9x
  3,590 bp have a depth of zero (93.8052% coverage)
  495 positions changed (0.8542% of total positions)
  estimated pre-polishing sequence accuracy: 99.1458% (Q20.68)

Polishing contig_2269 (6,160 bp):
  mean read depth: 2.0x
  1,285 bp have a depth of zero (79.1396% coverage)
  14 positions changed (0.2273% of total positions)
  estimated pre-polishing sequence accuracy: 99.7727% (Q26.43)

Polishing contig_227 (557,264 bp):
  mean read depth: 88.8x
  25,579 bp have a depth of zero (95.4099% coverage)
  1,820 positions changed (0.3266% of total positions)
  estimated pre-polishing sequence accuracy: 99.6734% (Q24.86)

Polishing contig_2270 (22,282 bp):
  mean read depth: 2.6x
  4,168 bp have a depth of zero (81.2943% coverage)
  80 positions changed (0.3590% of total positions)
  estimated pre-polishing sequence accuracy: 99.6410% (Q24.45)

Polishing contig_2271 (8,698 bp):
  mean read depth: 0.7x
  5,627 bp have a depth of zero (35.3070% coverage)
  3 positions changed (0.0345% of total positions)
  estimated pre-polishing sequence accuracy: 99.9655% (Q34.62)

Polishing contig_2272 (40,817 bp):
  mean read depth: 3.9x
  5,802 bp have a depth of zero (85.7853% coverage)
  350 positions changed (0.8575% of total positions)
  estimated pre-polishing sequence accuracy: 99.1425% (Q20.67)

Polishing contig_2273 (20,038 bp):
  mean read depth: 4.8x
  870 bp have a depth of zero (95.6582% coverage)
  181 positions changed (0.9033% of total positions)
  estimated pre-polishing sequence accuracy: 99.0967% (Q20.44)

Polishing contig_2274 (14,638 bp):
  mean read depth: 5.1x
  1,495 bp have a depth of zero (89.7869% coverage)
  131 positions changed (0.8949% of total positions)
  estimated pre-polishing sequence accuracy: 99.1051% (Q20.48)

Polishing contig_2275 (9,473 bp):
  mean read depth: 12.2x
  34 bp have a depth of zero (99.6411% coverage)
  99 positions changed (1.0451% of total positions)
  estimated pre-polishing sequence accuracy: 98.9549% (Q19.81)

Polishing contig_2276 (10,413 bp):
  mean read depth: 1.4x
  4,515 bp have a depth of zero (56.6407% coverage)
  11 positions changed (0.1056% of total positions)
  estimated pre-polishing sequence accuracy: 99.8944% (Q29.76)

Polishing contig_2277 (18,417 bp):
  mean read depth: 11.7x
  143 bp have a depth of zero (99.2235% coverage)
  145 positions changed (0.7873% of total positions)
  estimated pre-polishing sequence accuracy: 99.2127% (Q21.04)

Polishing contig_2278 (28,321 bp):
  mean read depth: 3.9x
  5,555 bp have a depth of zero (80.3856% coverage)
  206 positions changed (0.7274% of total positions)
  estimated pre-polishing sequence accuracy: 99.2726% (Q21.38)

Polishing contig_2279 (22,047 bp):
  mean read depth: 1.8x
  10,276 bp have a depth of zero (53.3905% coverage)
  43 positions changed (0.1950% of total positions)
  estimated pre-polishing sequence accuracy: 99.8050% (Q27.10)

Polishing contig_228 (7,196 bp):
  mean read depth: 2.8x
  686 bp have a depth of zero (90.4669% coverage)
  21 positions changed (0.2918% of total positions)
  estimated pre-polishing sequence accuracy: 99.7082% (Q25.35)

Polishing contig_2280 (53,348 bp):
  mean read depth: 4.2x
  7,890 bp have a depth of zero (85.2103% coverage)
  315 positions changed (0.5905% of total positions)
  estimated pre-polishing sequence accuracy: 99.4095% (Q22.29)

Polishing contig_2281 (21,476 bp):
  mean read depth: 3.4x
  6,646 bp have a depth of zero (69.0538% coverage)
  115 positions changed (0.5355% of total positions)
  estimated pre-polishing sequence accuracy: 99.4645% (Q22.71)

Polishing contig_2282 (20,770 bp):
  mean read depth: 2.8x
  4,253 bp have a depth of zero (79.5234% coverage)
  81 positions changed (0.3900% of total positions)
  estimated pre-polishing sequence accuracy: 99.6100% (Q24.09)

Polishing contig_2283 (9,638 bp):
  mean read depth: 3.0x
  6,435 bp have a depth of zero (33.2330% coverage)
  16 positions changed (0.1660% of total positions)
  estimated pre-polishing sequence accuracy: 99.8340% (Q27.80)

Polishing contig_2285 (7,495 bp):
  mean read depth: 4.5x
  230 bp have a depth of zero (96.9313% coverage)
  32 positions changed (0.4270% of total positions)
  estimated pre-polishing sequence accuracy: 99.5730% (Q23.70)

Polishing contig_2287 (10,257 bp):
  mean read depth: 10.0x
  3,273 bp have a depth of zero (68.0901% coverage)
  26 positions changed (0.2535% of total positions)
  estimated pre-polishing sequence accuracy: 99.7465% (Q25.96)

Polishing contig_2288 (10,655 bp):
  mean read depth: 0.0x
  10,655 bp have a depth of zero (0.0000% coverage)
  0 positions changed (0.0000% of total positions)
  estimated pre-polishing sequence accuracy: 100.0000% (Q∞)

Polishing contig_229 (64,604 bp):
  mean read depth: 4.1x
  13,011 bp have a depth of zero (79.8604% coverage)
  456 positions changed (0.7058% of total positions)
  estimated pre-polishing sequence accuracy: 99.2942% (Q21.51)

Polishing contig_2290 (6,796 bp):
  mean read depth: 8.2x
  1,371 bp have a depth of zero (79.8264% coverage)
  22 positions changed (0.3237% of total positions)
  estimated pre-polishing sequence accuracy: 99.6763% (Q24.90)

Polishing contig_2291 (25,077 bp):
  mean read depth: 7.6x
  6,518 bp have a depth of zero (74.0081% coverage)
  79 positions changed (0.3150% of total positions)
  estimated pre-polishing sequence accuracy: 99.6850% (Q25.02)

Polishing contig_2292 (33,819 bp):
  mean read depth: 4.6x
  5,082 bp have a depth of zero (84.9729% coverage)
  245 positions changed (0.7244% of total positions)
  estimated pre-polishing sequence accuracy: 99.2756% (Q21.40)

Polishing contig_2293 (44,278 bp):
  mean read depth: 1.9x
  14,366 bp have a depth of zero (67.5550% coverage)
  72 positions changed (0.1626% of total positions)
  estimated pre-polishing sequence accuracy: 99.8374% (Q27.89)

Polishing contig_2294 (31,828 bp):
  mean read depth: 2.9x
  2,915 bp have a depth of zero (90.8414% coverage)
  82 positions changed (0.2576% of total positions)
  estimated pre-polishing sequence accuracy: 99.7424% (Q25.89)

Polishing contig_2295 (7,369 bp):
  mean read depth: 4.7x
  1,245 bp have a depth of zero (83.1049% coverage)
  73 positions changed (0.9906% of total positions)
  estimated pre-polishing sequence accuracy: 99.0094% (Q20.04)

Polishing contig_2296 (26,023 bp):
  mean read depth: 15.4x
  6,548 bp have a depth of zero (74.8376% coverage)
  111 positions changed (0.4265% of total positions)
  estimated pre-polishing sequence accuracy: 99.5735% (Q23.70)

Polishing contig_2297 (47,487 bp):
  mean read depth: 2.5x
  11,681 bp have a depth of zero (75.4017% coverage)
  117 positions changed (0.2464% of total positions)
  estimated pre-polishing sequence accuracy: 99.7536% (Q26.08)

Polishing contig_2298 (19,749 bp):
  mean read depth: 3.7x
  3,520 bp have a depth of zero (82.1763% coverage)
  99 positions changed (0.5013% of total positions)
  estimated pre-polishing sequence accuracy: 99.4987% (Q23.00)

Polishing contig_2299 (20,854 bp):
  mean read depth: 4.6x
  6,479 bp have a depth of zero (68.9316% coverage)
  151 positions changed (0.7241% of total positions)
  estimated pre-polishing sequence accuracy: 99.2759% (Q21.40)

Polishing contig_23 (441,240 bp):
  mean read depth: 6.6x
  29,481 bp have a depth of zero (93.3186% coverage)
  2,492 positions changed (0.5648% of total positions)
  estimated pre-polishing sequence accuracy: 99.4352% (Q22.48)

Polishing contig_230 (6,227 bp):
  mean read depth: 11.7x
  15 bp have a depth of zero (99.7591% coverage)
  42 positions changed (0.6745% of total positions)
  estimated pre-polishing sequence accuracy: 99.3255% (Q21.71)

Polishing contig_2300 (131,142 bp):
  mean read depth: 2.4x
  24,008 bp have a depth of zero (81.6931% coverage)
  328 positions changed (0.2501% of total positions)
  estimated pre-polishing sequence accuracy: 99.7499% (Q26.02)

Polishing contig_2301 (20,894 bp):
  mean read depth: 2.8x
  4,875 bp have a depth of zero (76.6679% coverage)
  71 positions changed (0.3398% of total positions)
  estimated pre-polishing sequence accuracy: 99.6602% (Q24.69)

Polishing contig_2302 (46,357 bp):
  mean read depth: 1.4x
  18,523 bp have a depth of zero (60.0427% coverage)
  34 positions changed (0.0733% of total positions)
  estimated pre-polishing sequence accuracy: 99.9267% (Q31.35)

Polishing contig_2303 (10,107 bp):
  mean read depth: 9.6x
  19 bp have a depth of zero (99.8120% coverage)
  106 positions changed (1.0488% of total positions)
  estimated pre-polishing sequence accuracy: 98.9512% (Q19.79)

Polishing contig_2304 (6,770 bp):
  mean read depth: 2.2x
  971 bp have a depth of zero (85.6573% coverage)
  2 positions changed (0.0295% of total positions)
  estimated pre-polishing sequence accuracy: 99.9705% (Q35.30)

Polishing contig_2305 (72,658 bp):
  mean read depth: 2.1x
  18,446 bp have a depth of zero (74.6126% coverage)
  123 positions changed (0.1693% of total positions)
  estimated pre-polishing sequence accuracy: 99.8307% (Q27.71)

Polishing contig_2306 (49,698 bp):
  mean read depth: 3.1x
  13,852 bp have a depth of zero (72.1277% coverage)
  224 positions changed (0.4507% of total positions)
  estimated pre-polishing sequence accuracy: 99.5493% (Q23.46)

Polishing contig_2307 (12,220 bp):
  mean read depth: 1.1x
  7,419 bp have a depth of zero (39.2881% coverage)
  21 positions changed (0.1718% of total positions)
  estimated pre-polishing sequence accuracy: 99.8282% (Q27.65)

Polishing contig_2308 (9,421 bp):
  mean read depth: 1.5x
  4,378 bp have a depth of zero (53.5293% coverage)
  22 positions changed (0.2335% of total positions)
  estimated pre-polishing sequence accuracy: 99.7665% (Q26.32)

Polishing contig_2309 (13,291 bp):
  mean read depth: 4.2x
  261 bp have a depth of zero (98.0363% coverage)
  88 positions changed (0.6621% of total positions)
  estimated pre-polishing sequence accuracy: 99.3379% (Q21.79)

Polishing contig_231 (50,625 bp):
  mean read depth: 4.4x
  6,828 bp have a depth of zero (86.5126% coverage)
  449 positions changed (0.8869% of total positions)
  estimated pre-polishing sequence accuracy: 99.1131% (Q20.52)

Polishing contig_2310 (14,834 bp):
  mean read depth: 2.4x
  3,702 bp have a depth of zero (75.0438% coverage)
  44 positions changed (0.2966% of total positions)
  estimated pre-polishing sequence accuracy: 99.7034% (Q25.28)

Polishing contig_2311 (85,570 bp):
  mean read depth: 2.1x
  21,322 bp have a depth of zero (75.0824% coverage)
  168 positions changed (0.1963% of total positions)
  estimated pre-polishing sequence accuracy: 99.8037% (Q27.07)

Polishing contig_2312 (12,304 bp):
  mean read depth: 2.9x
  1,720 bp have a depth of zero (86.0208% coverage)
  51 positions changed (0.4145% of total positions)
  estimated pre-polishing sequence accuracy: 99.5855% (Q23.82)

Polishing contig_2313 (51,902 bp):
  mean read depth: 2.8x
  6,608 bp have a depth of zero (87.2683% coverage)
  158 positions changed (0.3044% of total positions)
  estimated pre-polishing sequence accuracy: 99.6956% (Q25.17)

Polishing contig_2314 (40,034 bp):
  mean read depth: 2.5x
  8,828 bp have a depth of zero (77.9487% coverage)
  154 positions changed (0.3847% of total positions)
  estimated pre-polishing sequence accuracy: 99.6153% (Q24.15)

Polishing contig_2315 (19,671 bp):
  mean read depth: 4.3x
  2,090 bp have a depth of zero (89.3752% coverage)
  183 positions changed (0.9303% of total positions)
  estimated pre-polishing sequence accuracy: 99.0697% (Q20.31)

Polishing contig_2316 (7,811 bp):
  mean read depth: 1.4x
  2,044 bp have a depth of zero (73.8318% coverage)
  3 positions changed (0.0384% of total positions)
  estimated pre-polishing sequence accuracy: 99.9616% (Q34.16)

Polishing contig_2317 (10,537 bp):
  mean read depth: 0.7x
  6,145 bp have a depth of zero (41.6817% coverage)
  3 positions changed (0.0285% of total positions)
  estimated pre-polishing sequence accuracy: 99.9715% (Q35.46)

Polishing contig_2318 (49,588 bp):
  mean read depth: 3.4x
  7,892 bp have a depth of zero (84.0849% coverage)
  189 positions changed (0.3811% of total positions)
  estimated pre-polishing sequence accuracy: 99.6189% (Q24.19)

Polishing contig_2319 (48,303 bp):
  mean read depth: 2.7x
  10,681 bp have a depth of zero (77.8875% coverage)
  102 positions changed (0.2112% of total positions)
  estimated pre-polishing sequence accuracy: 99.7888% (Q26.75)

Polishing contig_232 (14,034 bp):
  mean read depth: 3.5x
  3,290 bp have a depth of zero (76.5569% coverage)
  78 positions changed (0.5558% of total positions)
  estimated pre-polishing sequence accuracy: 99.4442% (Q22.55)

Polishing contig_2320 (34,011 bp):
  mean read depth: 1.4x
  22,272 bp have a depth of zero (34.5153% coverage)
  58 positions changed (0.1705% of total positions)
  estimated pre-polishing sequence accuracy: 99.8295% (Q27.68)

Polishing contig_2321 (86,527 bp):
  mean read depth: 2.2x
  19,534 bp have a depth of zero (77.4244% coverage)
  195 positions changed (0.2254% of total positions)
  estimated pre-polishing sequence accuracy: 99.7746% (Q26.47)

Polishing contig_2322 (31,343 bp):
  mean read depth: 9.7x
  927 bp have a depth of zero (97.0424% coverage)
  257 positions changed (0.8200% of total positions)
  estimated pre-polishing sequence accuracy: 99.1800% (Q20.86)

Polishing contig_2323 (24,670 bp):
  mean read depth: 1.1x
  10,809 bp have a depth of zero (56.1857% coverage)
  2 positions changed (0.0081% of total positions)
  estimated pre-polishing sequence accuracy: 99.9919% (Q40.91)

Polishing contig_2324 (11,637 bp):
  mean read depth: 4.8x
  2,140 bp have a depth of zero (81.6104% coverage)
  46 positions changed (0.3953% of total positions)
  estimated pre-polishing sequence accuracy: 99.6047% (Q24.03)

Polishing contig_2325 (25,960 bp):
  mean read depth: 2.1x
  5,721 bp have a depth of zero (77.9622% coverage)
  56 positions changed (0.2157% of total positions)
  estimated pre-polishing sequence accuracy: 99.7843% (Q26.66)

Polishing contig_2326 (76,662 bp):
  mean read depth: 4.9x
  8,163 bp have a depth of zero (89.3520% coverage)
  555 positions changed (0.7240% of total positions)
  estimated pre-polishing sequence accuracy: 99.2760% (Q21.40)

Polishing contig_2327 (10,195 bp):
  mean read depth: 9.3x
  446 bp have a depth of zero (95.6253% coverage)
  91 positions changed (0.8926% of total positions)
  estimated pre-polishing sequence accuracy: 99.1074% (Q20.49)

Polishing contig_2328 (70,819 bp):
  mean read depth: 2.5x
  10,999 bp have a depth of zero (84.4689% coverage)
  216 positions changed (0.3050% of total positions)
  estimated pre-polishing sequence accuracy: 99.6950% (Q25.16)

Polishing contig_2329 (29,881 bp):
  mean read depth: 4.3x
  2,595 bp have a depth of zero (91.3156% coverage)
  265 positions changed (0.8869% of total positions)
  estimated pre-polishing sequence accuracy: 99.1131% (Q20.52)

Polishing contig_233 (11,187 bp):
  mean read depth: 3.5x
  612 bp have a depth of zero (94.5294% coverage)
  45 positions changed (0.4023% of total positions)
  estimated pre-polishing sequence accuracy: 99.5977% (Q23.96)

Polishing contig_2330 (5,177 bp):
  mean read depth: 3.3x
  638 bp have a depth of zero (87.6763% coverage)
  20 positions changed (0.3863% of total positions)
  estimated pre-polishing sequence accuracy: 99.6137% (Q24.13)

Polishing contig_2331 (20,905 bp):
  mean read depth: 1.5x
  6,463 bp have a depth of zero (69.0840% coverage)
  10 positions changed (0.0478% of total positions)
  estimated pre-polishing sequence accuracy: 99.9522% (Q33.20)

Polishing contig_2332 (11,342 bp):
  mean read depth: 1.0x
  5,661 bp have a depth of zero (50.0882% coverage)
  6 positions changed (0.0529% of total positions)
  estimated pre-polishing sequence accuracy: 99.9471% (Q32.77)

Polishing contig_2333 (21,953 bp):
  mean read depth: 1.7x
  9,862 bp have a depth of zero (55.0768% coverage)
  81 positions changed (0.3690% of total positions)
  estimated pre-polishing sequence accuracy: 99.6310% (Q24.33)

Polishing contig_2334 (63,255 bp):
  mean read depth: 5.1x
  2,267 bp have a depth of zero (96.4161% coverage)
  497 positions changed (0.7857% of total positions)
  estimated pre-polishing sequence accuracy: 99.2143% (Q21.05)

Polishing contig_2335 (14,966 bp):
  mean read depth: 3.0x
  3,090 bp have a depth of zero (79.3532% coverage)
  97 positions changed (0.6481% of total positions)
  estimated pre-polishing sequence accuracy: 99.3519% (Q21.88)

Polishing contig_2336 (51,237 bp):
  mean read depth: 2.7x
  8,859 bp have a depth of zero (82.7098% coverage)
  142 positions changed (0.2771% of total positions)
  estimated pre-polishing sequence accuracy: 99.7229% (Q25.57)

Polishing contig_2337 (40,255 bp):
  mean read depth: 2.0x
  10,736 bp have a depth of zero (73.3300% coverage)
  30 positions changed (0.0745% of total positions)
  estimated pre-polishing sequence accuracy: 99.9255% (Q31.28)

Polishing contig_2338 (17,127 bp):
  mean read depth: 3.4x
  4,217 bp have a depth of zero (75.3781% coverage)
  150 positions changed (0.8758% of total positions)
  estimated pre-polishing sequence accuracy: 99.1242% (Q20.58)

Polishing contig_2339 (72,941 bp):
  mean read depth: 1.7x
  19,974 bp have a depth of zero (72.6162% coverage)
  53 positions changed (0.0727% of total positions)
  estimated pre-polishing sequence accuracy: 99.9273% (Q31.39)

Polishing contig_234 (18,711 bp):
  mean read depth: 1.6x
  7,174 bp have a depth of zero (61.6589% coverage)
  40 positions changed (0.2138% of total positions)
  estimated pre-polishing sequence accuracy: 99.7862% (Q26.70)

Polishing contig_2340 (13,937 bp):
  mean read depth: 2.4x
  2,052 bp have a depth of zero (85.2766% coverage)
  37 positions changed (0.2655% of total positions)
  estimated pre-polishing sequence accuracy: 99.7345% (Q25.76)

Polishing contig_2341 (53,806 bp):
  mean read depth: 2.5x
  9,902 bp have a depth of zero (81.5968% coverage)
  149 positions changed (0.2769% of total positions)
  estimated pre-polishing sequence accuracy: 99.7231% (Q25.58)

Polishing contig_2342 (17,002 bp):
  mean read depth: 2.1x
  5,643 bp have a depth of zero (66.8098% coverage)
  52 positions changed (0.3058% of total positions)
  estimated pre-polishing sequence accuracy: 99.6942% (Q25.14)

Polishing contig_2343 (10,931 bp):
  mean read depth: 2.4x
  3,097 bp have a depth of zero (71.6677% coverage)
  57 positions changed (0.5215% of total positions)
  estimated pre-polishing sequence accuracy: 99.4785% (Q22.83)

Polishing contig_2344 (22,407 bp):
  mean read depth: 1.8x
  6,685 bp have a depth of zero (70.1656% coverage)
  38 positions changed (0.1696% of total positions)
  estimated pre-polishing sequence accuracy: 99.8304% (Q27.71)

Polishing contig_2345 (5,109 bp):
  mean read depth: 2.2x
  1,399 bp have a depth of zero (72.6170% coverage)
  19 positions changed (0.3719% of total positions)
  estimated pre-polishing sequence accuracy: 99.6281% (Q24.30)

Polishing contig_2346 (49,488 bp):
  mean read depth: 1.7x
  18,476 bp have a depth of zero (62.6657% coverage)
  59 positions changed (0.1192% of total positions)
  estimated pre-polishing sequence accuracy: 99.8808% (Q29.24)

Polishing contig_2347 (10,513 bp):
  mean read depth: 2.5x
  1,854 bp have a depth of zero (82.3647% coverage)
  33 positions changed (0.3139% of total positions)
  estimated pre-polishing sequence accuracy: 99.6861% (Q25.03)

Polishing contig_2348 (51,650 bp):
  mean read depth: 4.3x
  7,163 bp have a depth of zero (86.1317% coverage)
  413 positions changed (0.7996% of total positions)
  estimated pre-polishing sequence accuracy: 99.2004% (Q20.97)

Polishing contig_2349 (24,070 bp):
  mean read depth: 3.4x
  7,170 bp have a depth of zero (70.2119% coverage)
  186 positions changed (0.7727% of total positions)
  estimated pre-polishing sequence accuracy: 99.2273% (Q21.12)

Polishing contig_235 (31,901 bp):
  mean read depth: 2.3x
  6,851 bp have a depth of zero (78.5242% coverage)
  103 positions changed (0.3229% of total positions)
  estimated pre-polishing sequence accuracy: 99.6771% (Q24.91)

Polishing contig_2350 (8,346 bp):
  mean read depth: 2.8x
  2,254 bp have a depth of zero (72.9931% coverage)
  44 positions changed (0.5272% of total positions)
  estimated pre-polishing sequence accuracy: 99.4728% (Q22.78)

Polishing contig_2351 (26,984 bp):
  mean read depth: 3.8x
  6,100 bp have a depth of zero (77.3940% coverage)
  216 positions changed (0.8005% of total positions)
  estimated pre-polishing sequence accuracy: 99.1995% (Q20.97)

Polishing contig_2352 (9,616 bp):
  mean read depth: 3.6x
  1,508 bp have a depth of zero (84.3178% coverage)
  70 positions changed (0.7280% of total positions)
  estimated pre-polishing sequence accuracy: 99.2720% (Q21.38)

Polishing contig_2353 (31,622 bp):
  mean read depth: 2.7x
  6,036 bp have a depth of zero (80.9120% coverage)
  102 positions changed (0.3226% of total positions)
  estimated pre-polishing sequence accuracy: 99.6774% (Q24.91)

Polishing contig_2354 (33,832 bp):
  mean read depth: 4.4x
  2,567 bp have a depth of zero (92.4125% coverage)
  273 positions changed (0.8069% of total positions)
  estimated pre-polishing sequence accuracy: 99.1931% (Q20.93)

Polishing contig_2355 (252,552 bp):
  mean read depth: 5.4x
  7,772 bp have a depth of zero (96.9226% coverage)
  1,999 positions changed (0.7915% of total positions)
  estimated pre-polishing sequence accuracy: 99.2085% (Q21.02)

Polishing contig_2356 (75,705 bp):
  mean read depth: 3.8x
  10,922 bp have a depth of zero (85.5729% coverage)
  610 positions changed (0.8058% of total positions)
  estimated pre-polishing sequence accuracy: 99.1942% (Q20.94)

Polishing contig_2357 (30,262 bp):
  mean read depth: 3.4x
  3,742 bp have a depth of zero (87.6347% coverage)
  158 positions changed (0.5221% of total positions)
  estimated pre-polishing sequence accuracy: 99.4779% (Q22.82)

Polishing contig_2358 (14,901 bp):
  mean read depth: 2.5x
  3,051 bp have a depth of zero (79.5249% coverage)
  48 positions changed (0.3221% of total positions)
  estimated pre-polishing sequence accuracy: 99.6779% (Q24.92)

Polishing contig_2359 (6,192 bp):
  mean read depth: 2.2x
  2,111 bp have a depth of zero (65.9076% coverage)
  11 positions changed (0.1776% of total positions)
  estimated pre-polishing sequence accuracy: 99.8224% (Q27.50)

Polishing contig_236 (7,709 bp):
  mean read depth: 9.0x
  1,353 bp have a depth of zero (82.4491% coverage)
  34 positions changed (0.4410% of total positions)
  estimated pre-polishing sequence accuracy: 99.5590% (Q23.56)

Polishing contig_2360 (30,815 bp):
  mean read depth: 4.1x
  2,268 bp have a depth of zero (92.6399% coverage)
  128 positions changed (0.4154% of total positions)
  estimated pre-polishing sequence accuracy: 99.5846% (Q23.82)

Polishing contig_2361 (44,071 bp):
  mean read depth: 4.6x
  5,130 bp have a depth of zero (88.3597% coverage)
  338 positions changed (0.7669% of total positions)
  estimated pre-polishing sequence accuracy: 99.2331% (Q21.15)

Polishing contig_2362 (15,937 bp):
  mean read depth: 0.8x
  7,741 bp have a depth of zero (51.4275% coverage)
  2 positions changed (0.0125% of total positions)
  estimated pre-polishing sequence accuracy: 99.9875% (Q39.01)

Polishing contig_2363 (11,943 bp):
  mean read depth: 3.4x
  2,096 bp have a depth of zero (82.4500% coverage)
  50 positions changed (0.4187% of total positions)
  estimated pre-polishing sequence accuracy: 99.5813% (Q23.78)

Polishing contig_2364 (48,271 bp):
  mean read depth: 19.7x
  2,824 bp have a depth of zero (94.1497% coverage)
  177 positions changed (0.3667% of total positions)
  estimated pre-polishing sequence accuracy: 99.6333% (Q24.36)

Polishing contig_2365 (16,728 bp):
  mean read depth: 3.1x
  1,759 bp have a depth of zero (89.4847% coverage)
  79 positions changed (0.4723% of total positions)
  estimated pre-polishing sequence accuracy: 99.5277% (Q23.26)

Polishing contig_2366 (22,791 bp):
  mean read depth: 1.2x
  12,252 bp have a depth of zero (46.2419% coverage)
  23 positions changed (0.1009% of total positions)
  estimated pre-polishing sequence accuracy: 99.8991% (Q29.96)

Polishing contig_2367 (47,362 bp):
  mean read depth: 3.8x
  9,766 bp have a depth of zero (79.3801% coverage)
  303 positions changed (0.6398% of total positions)
  estimated pre-polishing sequence accuracy: 99.3602% (Q21.94)

Polishing contig_2368 (21,267 bp):
  mean read depth: 1.7x
  6,140 bp have a depth of zero (71.1290% coverage)
  33 positions changed (0.1552% of total positions)
  estimated pre-polishing sequence accuracy: 99.8448% (Q28.09)

Polishing contig_2369 (28,559 bp):
  mean read depth: 16.7x
  5,566 bp have a depth of zero (80.5105% coverage)
  144 positions changed (0.5042% of total positions)
  estimated pre-polishing sequence accuracy: 99.4958% (Q22.97)

Polishing contig_237 (1,426,974 bp):
  mean read depth: 69.7x
  94,757 bp have a depth of zero (93.3596% coverage)
  5,609 positions changed (0.3931% of total positions)
  estimated pre-polishing sequence accuracy: 99.6069% (Q24.06)

Polishing contig_2370 (30,560 bp):
  mean read depth: 3.8x
  3,946 bp have a depth of zero (87.0877% coverage)
  208 positions changed (0.6806% of total positions)
  estimated pre-polishing sequence accuracy: 99.3194% (Q21.67)

Polishing contig_2371 (14,493 bp):
  mean read depth: 4.5x
  2,131 bp have a depth of zero (85.2963% coverage)
  127 positions changed (0.8763% of total positions)
  estimated pre-polishing sequence accuracy: 99.1237% (Q20.57)

Polishing contig_2372 (32,590 bp):
  mean read depth: 1.7x
  10,262 bp have a depth of zero (68.5118% coverage)
  54 positions changed (0.1657% of total positions)
  estimated pre-polishing sequence accuracy: 99.8343% (Q27.81)

Polishing contig_2373 (13,781 bp):
  mean read depth: 3.5x
  2,786 bp have a depth of zero (79.7838% coverage)
  98 positions changed (0.7111% of total positions)
  estimated pre-polishing sequence accuracy: 99.2889% (Q21.48)

Polishing contig_2374 (66,748 bp):
  mean read depth: 4.1x
  6,793 bp have a depth of zero (89.8229% coverage)
  337 positions changed (0.5049% of total positions)
  estimated pre-polishing sequence accuracy: 99.4951% (Q22.97)

Polishing contig_2375 (18,409 bp):
  mean read depth: 1.4x
  5,456 bp have a depth of zero (70.3623% coverage)
  9 positions changed (0.0489% of total positions)
  estimated pre-polishing sequence accuracy: 99.9511% (Q33.11)

Polishing contig_2376 (10,742 bp):
  mean read depth: 1.2x
  5,174 bp have a depth of zero (51.8339% coverage)
  5 positions changed (0.0465% of total positions)
  estimated pre-polishing sequence accuracy: 99.9535% (Q33.32)

Polishing contig_2377 (39,652 bp):
  mean read depth: 1.8x
  11,258 bp have a depth of zero (71.6080% coverage)
  44 positions changed (0.1110% of total positions)
  estimated pre-polishing sequence accuracy: 99.8890% (Q29.55)

Polishing contig_2378 (16,310 bp):
  mean read depth: 1.5x
  4,924 bp have a depth of zero (69.8099% coverage)
  12 positions changed (0.0736% of total positions)
  estimated pre-polishing sequence accuracy: 99.9264% (Q31.33)

Polishing contig_2379 (26,595 bp):
  mean read depth: 1.2x
  12,460 bp have a depth of zero (53.1491% coverage)
  12 positions changed (0.0451% of total positions)
  estimated pre-polishing sequence accuracy: 99.9549% (Q33.46)

Polishing contig_238 (8,709 bp):
  mean read depth: 4.1x
  1,576 bp have a depth of zero (81.9038% coverage)
  107 positions changed (1.2286% of total positions)
  estimated pre-polishing sequence accuracy: 98.7714% (Q19.11)

Polishing contig_2380 (20,161 bp):
  mean read depth: 1.6x
  6,315 bp have a depth of zero (68.6771% coverage)
  25 positions changed (0.1240% of total positions)
  estimated pre-polishing sequence accuracy: 99.8760% (Q29.07)

Polishing contig_2381 (15,831 bp):
  mean read depth: 3.6x
  2,541 bp have a depth of zero (83.9492% coverage)
  150 positions changed (0.9475% of total positions)
  estimated pre-polishing sequence accuracy: 99.0525% (Q20.23)

Polishing contig_2382 (4,311 bp):
  mean read depth: 4.2x
  121 bp have a depth of zero (97.1932% coverage)
  27 positions changed (0.6263% of total positions)
  estimated pre-polishing sequence accuracy: 99.3737% (Q22.03)

Polishing contig_2383 (14,781 bp):
  mean read depth: 4.1x
  3,321 bp have a depth of zero (77.5320% coverage)
  115 positions changed (0.7780% of total positions)
  estimated pre-polishing sequence accuracy: 99.2220% (Q21.09)

Polishing contig_2384 (27,247 bp):
  mean read depth: 1.6x
  15,612 bp have a depth of zero (42.7019% coverage)
  79 positions changed (0.2899% of total positions)
  estimated pre-polishing sequence accuracy: 99.7101% (Q25.38)

Polishing contig_2385 (18,761 bp):
  mean read depth: 2.3x
  5,264 bp have a depth of zero (71.9418% coverage)
  18 positions changed (0.0959% of total positions)
  estimated pre-polishing sequence accuracy: 99.9041% (Q30.18)

Polishing contig_2386 (52,509 bp):
  mean read depth: 2.6x
  8,544 bp have a depth of zero (83.7285% coverage)
  119 positions changed (0.2266% of total positions)
  estimated pre-polishing sequence accuracy: 99.7734% (Q26.45)

Polishing contig_2387 (52,866 bp):
  mean read depth: 4.6x
  6,930 bp have a depth of zero (86.8914% coverage)
  348 positions changed (0.6583% of total positions)
  estimated pre-polishing sequence accuracy: 99.3417% (Q21.82)

Polishing contig_2388 (29,318 bp):
  mean read depth: 3.0x
  7,082 bp have a depth of zero (75.8442% coverage)
  214 positions changed (0.7299% of total positions)
  estimated pre-polishing sequence accuracy: 99.2701% (Q21.37)

Polishing contig_2389 (23,359 bp):
  mean read depth: 2.2x
  5,754 bp have a depth of zero (75.3671% coverage)
  60 positions changed (0.2569% of total positions)
  estimated pre-polishing sequence accuracy: 99.7431% (Q25.90)

Polishing contig_239 (38,969 bp):
  mean read depth: 4.4x
  6,487 bp have a depth of zero (83.3534% coverage)
  340 positions changed (0.8725% of total positions)
  estimated pre-polishing sequence accuracy: 99.1275% (Q20.59)

Polishing contig_2390 (2,902 bp):
  mean read depth: 11.4x
  48 bp have a depth of zero (98.3460% coverage)
  21 positions changed (0.7236% of total positions)
  estimated pre-polishing sequence accuracy: 99.2764% (Q21.40)

Polishing contig_2391 (45,113 bp):
  mean read depth: 3.7x
  10,611 bp have a depth of zero (76.4791% coverage)
  338 positions changed (0.7492% of total positions)
  estimated pre-polishing sequence accuracy: 99.2508% (Q21.25)

Polishing contig_2392 (95,765 bp):
  mean read depth: 3.6x
  9,840 bp have a depth of zero (89.7248% coverage)
  496 positions changed (0.5179% of total positions)
  estimated pre-polishing sequence accuracy: 99.4821% (Q22.86)

Polishing contig_2393 (26,779 bp):
  mean read depth: 0.8x
  15,520 bp have a depth of zero (42.0441% coverage)
  8 positions changed (0.0299% of total positions)
  estimated pre-polishing sequence accuracy: 99.9701% (Q35.25)

Polishing contig_2394 (8,441 bp):
  mean read depth: 1.8x
  2,740 bp have a depth of zero (67.5394% coverage)
  13 positions changed (0.1540% of total positions)
  estimated pre-polishing sequence accuracy: 99.8460% (Q28.12)

Polishing contig_2395 (20,125 bp):
  mean read depth: 2.2x
  4,181 bp have a depth of zero (79.2248% coverage)
  59 positions changed (0.2932% of total positions)
  estimated pre-polishing sequence accuracy: 99.7068% (Q25.33)

Polishing contig_2396 (11,850 bp):
  mean read depth: 1.5x
  5,110 bp have a depth of zero (56.8776% coverage)
  15 positions changed (0.1266% of total positions)
  estimated pre-polishing sequence accuracy: 99.8734% (Q28.98)

Polishing contig_2397 (27,729 bp):
  mean read depth: 2.7x
  2,781 bp have a depth of zero (89.9708% coverage)
  89 positions changed (0.3210% of total positions)
  estimated pre-polishing sequence accuracy: 99.6790% (Q24.94)

Polishing contig_2398 (22,939 bp):
  mean read depth: 1.3x
  9,592 bp have a depth of zero (58.1848% coverage)
  21 positions changed (0.0915% of total positions)
  estimated pre-polishing sequence accuracy: 99.9085% (Q30.38)

Polishing contig_2399 (9,641 bp):
  mean read depth: 2.4x
  1,248 bp have a depth of zero (87.0553% coverage)
  24 positions changed (0.2489% of total positions)
  estimated pre-polishing sequence accuracy: 99.7511% (Q26.04)

Polishing contig_24 (1,670,101 bp):
  mean read depth: 6.6x
  45,231 bp have a depth of zero (97.2917% coverage)
  10,921 positions changed (0.6539% of total positions)
  estimated pre-polishing sequence accuracy: 99.3461% (Q21.84)

Polishing contig_240 (93,963 bp):
  mean read depth: 2.4x
  28,482 bp have a depth of zero (69.6881% coverage)
  193 positions changed (0.2054% of total positions)
  estimated pre-polishing sequence accuracy: 99.7946% (Q26.87)

Polishing contig_2400 (5,102 bp):
  mean read depth: 3.1x
  1,071 bp have a depth of zero (79.0082% coverage)
  57 positions changed (1.1172% of total positions)
  estimated pre-polishing sequence accuracy: 98.8828% (Q19.52)

Polishing contig_2401 (82,481 bp):
  mean read depth: 2.3x
  21,064 bp have a depth of zero (74.4620% coverage)
  188 positions changed (0.2279% of total positions)
  estimated pre-polishing sequence accuracy: 99.7721% (Q26.42)

Polishing contig_2402 (21,484 bp):
  mean read depth: 2.4x
  6,060 bp have a depth of zero (71.7930% coverage)
  83 positions changed (0.3863% of total positions)
  estimated pre-polishing sequence accuracy: 99.6137% (Q24.13)

Polishing contig_2403 (34,991 bp):
  mean read depth: 1.5x
  16,799 bp have a depth of zero (51.9905% coverage)
  76 positions changed (0.2172% of total positions)
  estimated pre-polishing sequence accuracy: 99.7828% (Q26.63)

Polishing contig_2404 (16,746 bp):
  mean read depth: 13.0x
  207 bp have a depth of zero (98.7639% coverage)
  118 positions changed (0.7046% of total positions)
  estimated pre-polishing sequence accuracy: 99.2954% (Q21.52)

Polishing contig_2405 (11,478 bp):
  mean read depth: 3.4x
  790 bp have a depth of zero (93.1173% coverage)
  53 positions changed (0.4618% of total positions)
  estimated pre-polishing sequence accuracy: 99.5382% (Q23.36)

Polishing contig_2406 (18,179 bp):
  mean read depth: 2.3x
  7,211 bp have a depth of zero (60.3334% coverage)
  53 positions changed (0.2915% of total positions)
  estimated pre-polishing sequence accuracy: 99.7085% (Q25.35)

Polishing contig_2407 (30,264 bp):
  mean read depth: 2.5x
  5,200 bp have a depth of zero (82.8179% coverage)
  102 positions changed (0.3370% of total positions)
  estimated pre-polishing sequence accuracy: 99.6630% (Q24.72)

Polishing contig_2408 (45,076 bp):
  mean read depth: 2.0x
  12,614 bp have a depth of zero (72.0162% coverage)
  92 positions changed (0.2041% of total positions)
  estimated pre-polishing sequence accuracy: 99.7959% (Q26.90)

Polishing contig_2409 (31,762 bp):
  mean read depth: 4.2x
  5,259 bp have a depth of zero (83.4425% coverage)
  244 positions changed (0.7682% of total positions)
  estimated pre-polishing sequence accuracy: 99.2318% (Q21.15)

Polishing contig_241 (21,838 bp):
  mean read depth: 1.5x
  8,751 bp have a depth of zero (59.9276% coverage)
  37 positions changed (0.1694% of total positions)
  estimated pre-polishing sequence accuracy: 99.8306% (Q27.71)

Polishing contig_2410 (14,670 bp):
  mean read depth: 1.5x
  4,463 bp have a depth of zero (69.5774% coverage)
  11 positions changed (0.0750% of total positions)
  estimated pre-polishing sequence accuracy: 99.9250% (Q31.25)

Polishing contig_2411 (7,604 bp):
  mean read depth: 2.7x
  1,848 bp have a depth of zero (75.6970% coverage)
  61 positions changed (0.8022% of total positions)
  estimated pre-polishing sequence accuracy: 99.1978% (Q20.96)

Polishing contig_2412 (21,719 bp):
  mean read depth: 8.9x
  2,846 bp have a depth of zero (86.8963% coverage)
  184 positions changed (0.8472% of total positions)
  estimated pre-polishing sequence accuracy: 99.1528% (Q20.72)

Polishing contig_2413 (19,862 bp):
  mean read depth: 2.4x
  6,772 bp have a depth of zero (65.9047% coverage)
  54 positions changed (0.2719% of total positions)
  estimated pre-polishing sequence accuracy: 99.7281% (Q25.66)

Polishing contig_2414 (35,541 bp):
  mean read depth: 1.3x
  14,592 bp have a depth of zero (58.9432% coverage)
  15 positions changed (0.0422% of total positions)
  estimated pre-polishing sequence accuracy: 99.9578% (Q33.75)

Polishing contig_2415 (20,969 bp):
  mean read depth: 1.1x
  8,117 bp have a depth of zero (61.2905% coverage)
  4 positions changed (0.0191% of total positions)
  estimated pre-polishing sequence accuracy: 99.9809% (Q37.20)

Polishing contig_2416 (15,865 bp):
  mean read depth: 2.2x
  3,952 bp have a depth of zero (75.0898% coverage)
  53 positions changed (0.3341% of total positions)
  estimated pre-polishing sequence accuracy: 99.6659% (Q24.76)

Polishing contig_2417 (39,085 bp):
  mean read depth: 1.9x
  10,561 bp have a depth of zero (72.9794% coverage)
  88 positions changed (0.2252% of total positions)
  estimated pre-polishing sequence accuracy: 99.7748% (Q26.48)

Polishing contig_2418 (40,416 bp):
  mean read depth: 3.8x
  4,694 bp have a depth of zero (88.3858% coverage)
  258 positions changed (0.6384% of total positions)
  estimated pre-polishing sequence accuracy: 99.3616% (Q21.95)

Polishing contig_2419 (81,909 bp):
  mean read depth: 4.4x
  8,756 bp have a depth of zero (89.3101% coverage)
  642 positions changed (0.7838% of total positions)
  estimated pre-polishing sequence accuracy: 99.2162% (Q21.06)

Polishing contig_242 (33,727 bp):
  mean read depth: 3.6x
  5,476 bp have a depth of zero (83.7638% coverage)
  135 positions changed (0.4003% of total positions)
  estimated pre-polishing sequence accuracy: 99.5997% (Q23.98)

Polishing contig_2420 (43,441 bp):
  mean read depth: 6.2x
  2,142 bp have a depth of zero (95.0692% coverage)
  416 positions changed (0.9576% of total positions)
  estimated pre-polishing sequence accuracy: 99.0424% (Q20.19)

Polishing contig_2421 (3,995 bp):
  mean read depth: 1.3x
  1,396 bp have a depth of zero (65.0563% coverage)
  0 positions changed (0.0000% of total positions)
  estimated pre-polishing sequence accuracy: 100.0000% (Q∞)

Polishing contig_2422 (23,940 bp):
  mean read depth: 4.2x
  4,675 bp have a depth of zero (80.4720% coverage)
  243 positions changed (1.0150% of total positions)
  estimated pre-polishing sequence accuracy: 98.9850% (Q19.94)

Polishing contig_2423 (50,879 bp):
  mean read depth: 4.7x
  5,663 bp have a depth of zero (88.8697% coverage)
  359 positions changed (0.7056% of total positions)
  estimated pre-polishing sequence accuracy: 99.2944% (Q21.51)

Polishing contig_2424 (37,575 bp):
  mean read depth: 2.0x
  12,646 bp have a depth of zero (66.3446% coverage)
  70 positions changed (0.1863% of total positions)
  estimated pre-polishing sequence accuracy: 99.8137% (Q27.30)

Polishing contig_2425 (9,064 bp):
  mean read depth: 4.7x
  774 bp have a depth of zero (91.4607% coverage)
  94 positions changed (1.0371% of total positions)
  estimated pre-polishing sequence accuracy: 98.9629% (Q19.84)

Polishing contig_2426 (21,108 bp):
  mean read depth: 2.0x
  6,716 bp have a depth of zero (68.1827% coverage)
  42 positions changed (0.1990% of total positions)
  estimated pre-polishing sequence accuracy: 99.8010% (Q27.01)

Polishing contig_2427 (22,587 bp):
  mean read depth: 2.9x
  2,596 bp have a depth of zero (88.5067% coverage)
  42 positions changed (0.1859% of total positions)
  estimated pre-polishing sequence accuracy: 99.8141% (Q27.31)

Polishing contig_2428 (35,926 bp):
  mean read depth: 4.3x
  5,302 bp have a depth of zero (85.2419% coverage)
  275 positions changed (0.7655% of total positions)
  estimated pre-polishing sequence accuracy: 99.2345% (Q21.16)

Polishing contig_2429 (6,860 bp):
  mean read depth: 9.4x
  997 bp have a depth of zero (85.4665% coverage)
  58 positions changed (0.8455% of total positions)
  estimated pre-polishing sequence accuracy: 99.1545% (Q20.73)

Polishing contig_243 (16,846 bp):
  mean read depth: 1.6x
  7,647 bp have a depth of zero (54.6064% coverage)
  26 positions changed (0.1543% of total positions)
  estimated pre-polishing sequence accuracy: 99.8457% (Q28.12)

Polishing contig_2430 (97,471 bp):
  mean read depth: 3.9x
  17,240 bp have a depth of zero (82.3127% coverage)
  683 positions changed (0.7007% of total positions)
  estimated pre-polishing sequence accuracy: 99.2993% (Q21.54)

Polishing contig_2431 (18,896 bp):
  mean read depth: 1.4x
  6,368 bp have a depth of zero (66.2997% coverage)
  8 positions changed (0.0423% of total positions)
  estimated pre-polishing sequence accuracy: 99.9577% (Q33.73)

Polishing contig_2432 (22,847 bp):
  mean read depth: 5.0x
  8,488 bp have a depth of zero (62.8485% coverage)
  96 positions changed (0.4202% of total positions)
  estimated pre-polishing sequence accuracy: 99.5798% (Q23.77)

Polishing contig_2433 (11,433 bp):
  mean read depth: 3.9x
  840 bp have a depth of zero (92.6528% coverage)
  32 positions changed (0.2799% of total positions)
  estimated pre-polishing sequence accuracy: 99.7201% (Q25.53)

Polishing contig_2435 (148,777 bp):
  mean read depth: 7.4x
  4,852 bp have a depth of zero (96.7387% coverage)
  768 positions changed (0.5162% of total positions)
  estimated pre-polishing sequence accuracy: 99.4838% (Q22.87)

Polishing contig_2436 (6,687 bp):
  mean read depth: 8.4x
  3,439 bp have a depth of zero (48.5719% coverage)
  22 positions changed (0.3290% of total positions)
  estimated pre-polishing sequence accuracy: 99.6710% (Q24.83)

Polishing contig_2437 (12,838 bp):
  mean read depth: 5.8x
  8,008 bp have a depth of zero (37.6227% coverage)
  6 positions changed (0.0467% of total positions)
  estimated pre-polishing sequence accuracy: 99.9533% (Q33.30)

Polishing contig_2438 (148,930 bp):
  mean read depth: 23.2x
  12,425 bp have a depth of zero (91.6572% coverage)
  392 positions changed (0.2632% of total positions)
  estimated pre-polishing sequence accuracy: 99.7368% (Q25.80)

Polishing contig_2439 (84,438 bp):
  mean read depth: 21.9x
  5,491 bp have a depth of zero (93.4970% coverage)
  221 positions changed (0.2617% of total positions)
  estimated pre-polishing sequence accuracy: 99.7383% (Q25.82)

Polishing contig_244 (43,627 bp):
  mean read depth: 3.5x
  9,461 bp have a depth of zero (78.3139% coverage)
  361 positions changed (0.8275% of total positions)
  estimated pre-polishing sequence accuracy: 99.1725% (Q20.82)

Polishing contig_2440 (4,897 bp):
  mean read depth: 2.6x
  835 bp have a depth of zero (82.9487% coverage)
  13 positions changed (0.2655% of total positions)
  estimated pre-polishing sequence accuracy: 99.7345% (Q25.76)

Polishing contig_2441 (9,722 bp):
  mean read depth: 10.9x
  24 bp have a depth of zero (99.7531% coverage)
  79 positions changed (0.8126% of total positions)
  estimated pre-polishing sequence accuracy: 99.1874% (Q20.90)

Polishing contig_2442 (576,538 bp):
  mean read depth: 20.4x
  2,573 bp have a depth of zero (99.5537% coverage)
  2,859 positions changed (0.4959% of total positions)
  estimated pre-polishing sequence accuracy: 99.5041% (Q23.05)

Polishing contig_2443 (18,852 bp):
  mean read depth: 4.7x
  1,639 bp have a depth of zero (91.3060% coverage)
  148 positions changed (0.7851% of total positions)
  estimated pre-polishing sequence accuracy: 99.2149% (Q21.05)

Polishing contig_2444 (34,488 bp):
  mean read depth: 4.7x
  2,919 bp have a depth of zero (91.5362% coverage)
  134 positions changed (0.3885% of total positions)
  estimated pre-polishing sequence accuracy: 99.6115% (Q24.11)

Polishing contig_2445 (52,811 bp):
  mean read depth: 63.6x
  5 bp have a depth of zero (99.9905% coverage)
  172 positions changed (0.3257% of total positions)
  estimated pre-polishing sequence accuracy: 99.6743% (Q24.87)

Polishing contig_2446 (8,650 bp):
  mean read depth: 3.2x
  3,440 bp have a depth of zero (60.2312% coverage)
  25 positions changed (0.2890% of total positions)
  estimated pre-polishing sequence accuracy: 99.7110% (Q25.39)

Polishing contig_2447 (23,554 bp):
  mean read depth: 10.8x
  919 bp have a depth of zero (96.0983% coverage)
  146 positions changed (0.6199% of total positions)
  estimated pre-polishing sequence accuracy: 99.3801% (Q22.08)

Polishing contig_2448 (11,936 bp):
  mean read depth: 4.7x
  1,114 bp have a depth of zero (90.6669% coverage)
  101 positions changed (0.8462% of total positions)
  estimated pre-polishing sequence accuracy: 99.1538% (Q20.73)

Polishing contig_2449 (8,181 bp):
  mean read depth: 2.9x
  2,251 bp have a depth of zero (72.4850% coverage)
  57 positions changed (0.6967% of total positions)
  estimated pre-polishing sequence accuracy: 99.3033% (Q21.57)

Polishing contig_2450 (18,296 bp):
  mean read depth: 6.5x
  4,463 bp have a depth of zero (75.6067% coverage)
  78 positions changed (0.4263% of total positions)
  estimated pre-polishing sequence accuracy: 99.5737% (Q23.70)

Polishing contig_2451 (15,255 bp):
  mean read depth: 9.6x
  139 bp have a depth of zero (99.0888% coverage)
  108 positions changed (0.7080% of total positions)
  estimated pre-polishing sequence accuracy: 99.2920% (Q21.50)

Polishing contig_2452 (14,351 bp):
  mean read depth: 12.2x
  50 bp have a depth of zero (99.6516% coverage)
  124 positions changed (0.8641% of total positions)
  estimated pre-polishing sequence accuracy: 99.1359% (Q20.63)

Polishing contig_2453 (64,524 bp):
  mean read depth: 19.3x
  7,559 bp have a depth of zero (88.2850% coverage)
  251 positions changed (0.3890% of total positions)
  estimated pre-polishing sequence accuracy: 99.6110% (Q24.10)

Polishing contig_2454 (14,408 bp):
  mean read depth: 9.8x
  2,087 bp have a depth of zero (85.5150% coverage)
  82 positions changed (0.5691% of total positions)
  estimated pre-polishing sequence accuracy: 99.4309% (Q22.45)

Polishing contig_2455 (23,056 bp):
  mean read depth: 20.7x
  597 bp have a depth of zero (97.4107% coverage)
  124 positions changed (0.5378% of total positions)
  estimated pre-polishing sequence accuracy: 99.4622% (Q22.69)

Polishing contig_2456 (20,984 bp):
  mean read depth: 1.1x
  10,161 bp have a depth of zero (51.5774% coverage)
  11 positions changed (0.0524% of total positions)
  estimated pre-polishing sequence accuracy: 99.9476% (Q32.80)

Polishing contig_2457 (26,683 bp):
  mean read depth: 16.5x
  22,626 bp have a depth of zero (15.2044% coverage)
  16 positions changed (0.0600% of total positions)
  estimated pre-polishing sequence accuracy: 99.9400% (Q32.22)

Polishing contig_2459 (7,104 bp):
  mean read depth: 5.2x
  3,369 bp have a depth of zero (52.5760% coverage)
  15 positions changed (0.2111% of total positions)
  estimated pre-polishing sequence accuracy: 99.7889% (Q26.75)

Polishing contig_246 (32,541 bp):
  mean read depth: 3.4x
  8,018 bp have a depth of zero (75.3603% coverage)
  265 positions changed (0.8144% of total positions)
  estimated pre-polishing sequence accuracy: 99.1856% (Q20.89)

Polishing contig_2460 (7,609 bp):
  mean read depth: 18.6x
  1,230 bp have a depth of zero (83.8349% coverage)
  51 positions changed (0.6703% of total positions)
  estimated pre-polishing sequence accuracy: 99.3297% (Q21.74)

Polishing contig_2461 (98,690 bp):
  mean read depth: 17.6x
  4,117 bp have a depth of zero (95.8284% coverage)
  521 positions changed (0.5279% of total positions)
  estimated pre-polishing sequence accuracy: 99.4721% (Q22.77)

Polishing contig_2462 (78,460 bp):
  mean read depth: 4.3x
  3,987 bp have a depth of zero (94.9184% coverage)
  676 positions changed (0.8616% of total positions)
  estimated pre-polishing sequence accuracy: 99.1384% (Q20.65)

Polishing contig_2463 (25,730 bp):
  mean read depth: 12.1x
  1,001 bp have a depth of zero (96.1096% coverage)
  154 positions changed (0.5985% of total positions)
  estimated pre-polishing sequence accuracy: 99.4015% (Q22.23)

Polishing contig_2464 (27,144 bp):
  mean read depth: 12.6x
  10,937 bp have a depth of zero (59.7075% coverage)
  89 positions changed (0.3279% of total positions)
  estimated pre-polishing sequence accuracy: 99.6721% (Q24.84)

Polishing contig_2465 (42,867 bp):
  mean read depth: 19.3x
  3,709 bp have a depth of zero (91.3477% coverage)
  227 positions changed (0.5295% of total positions)
  estimated pre-polishing sequence accuracy: 99.4705% (Q22.76)

Polishing contig_2466 (25,002 bp):
  mean read depth: 27.3x
  19,027 bp have a depth of zero (23.8981% coverage)
  33 positions changed (0.1320% of total positions)
  estimated pre-polishing sequence accuracy: 99.8680% (Q28.79)

Polishing contig_2467 (74,297 bp):
  mean read depth: 90.7x
  18,319 bp have a depth of zero (75.3436% coverage)
  186 positions changed (0.2503% of total positions)
  estimated pre-polishing sequence accuracy: 99.7497% (Q26.01)

Polishing contig_2468 (13,244 bp):
  mean read depth: 0.0x
  13,244 bp have a depth of zero (0.0000% coverage)
  0 positions changed (0.0000% of total positions)
  estimated pre-polishing sequence accuracy: 100.0000% (Q∞)

Polishing contig_247 (24,049 bp):
  mean read depth: 3.0x
  2,955 bp have a depth of zero (87.7126% coverage)
  100 positions changed (0.4158% of total positions)
  estimated pre-polishing sequence accuracy: 99.5842% (Q23.81)

Polishing contig_2470 (85,651 bp):
  mean read depth: 23.2x
  33 bp have a depth of zero (99.9615% coverage)
  319 positions changed (0.3724% of total positions)
  estimated pre-polishing sequence accuracy: 99.6276% (Q24.29)

Polishing contig_2471 (35,452 bp):
  mean read depth: 41.4x
  17,321 bp have a depth of zero (51.1424% coverage)
  21 positions changed (0.0592% of total positions)
  estimated pre-polishing sequence accuracy: 99.9408% (Q32.27)

Polishing contig_2472 (39,153 bp):
  mean read depth: 6.7x
  12,517 bp have a depth of zero (68.0305% coverage)
  267 positions changed (0.6819% of total positions)
  estimated pre-polishing sequence accuracy: 99.3181% (Q21.66)

Polishing contig_2473 (97,779 bp):
  mean read depth: 18.1x
  19,989 bp have a depth of zero (79.5570% coverage)
  214 positions changed (0.2189% of total positions)
  estimated pre-polishing sequence accuracy: 99.7811% (Q26.60)

Polishing contig_2474 (36,982 bp):
  mean read depth: 9.1x
  12,210 bp have a depth of zero (66.9839% coverage)
  80 positions changed (0.2163% of total positions)
  estimated pre-polishing sequence accuracy: 99.7837% (Q26.65)

Polishing contig_2476 (16,625 bp):
  mean read depth: 5.0x
  6,117 bp have a depth of zero (63.2060% coverage)
  110 positions changed (0.6617% of total positions)
  estimated pre-polishing sequence accuracy: 99.3383% (Q21.79)

Polishing contig_2477 (42,831 bp):
  mean read depth: 3.5x
  8,751 bp have a depth of zero (79.5685% coverage)
  204 positions changed (0.4763% of total positions)
  estimated pre-polishing sequence accuracy: 99.5237% (Q23.22)

Polishing contig_2478 (44,374 bp):
  mean read depth: 3.1x
  8,339 bp have a depth of zero (81.2075% coverage)
  204 positions changed (0.4597% of total positions)
  estimated pre-polishing sequence accuracy: 99.5403% (Q23.37)

Polishing contig_2479 (12,323 bp):
  mean read depth: 10.5x
  3,363 bp have a depth of zero (72.7096% coverage)
  45 positions changed (0.3652% of total positions)
  estimated pre-polishing sequence accuracy: 99.6348% (Q24.38)

Polishing contig_248 (924,316 bp):
  mean read depth: 6.2x
  22,459 bp have a depth of zero (97.5702% coverage)
  7,195 positions changed (0.7784% of total positions)
  estimated pre-polishing sequence accuracy: 99.2216% (Q21.09)

Polishing contig_2480 (59,420 bp):
  mean read depth: 7.5x
  10,931 bp have a depth of zero (81.6038% coverage)
  432 positions changed (0.7270% of total positions)
  estimated pre-polishing sequence accuracy: 99.2730% (Q21.38)

Polishing contig_2481 (20,996 bp):
  mean read depth: 2.3x
  6,431 bp have a depth of zero (69.3704% coverage)
  75 positions changed (0.3572% of total positions)
  estimated pre-polishing sequence accuracy: 99.6428% (Q24.47)

Polishing contig_2482 (41,913 bp):
  mean read depth: 5.5x
  8,870 bp have a depth of zero (78.8371% coverage)
  425 positions changed (1.0140% of total positions)
  estimated pre-polishing sequence accuracy: 98.9860% (Q19.94)

Polishing contig_2483 (95,398 bp):
  mean read depth: 3.9x
  9,072 bp have a depth of zero (90.4904% coverage)
  454 positions changed (0.4759% of total positions)
  estimated pre-polishing sequence accuracy: 99.5241% (Q23.22)

Polishing contig_2484 (339,133 bp):
  mean read depth: 26.8x
  13,235 bp have a depth of zero (96.0974% coverage)
  1,341 positions changed (0.3954% of total positions)
  estimated pre-polishing sequence accuracy: 99.6046% (Q24.03)

Polishing contig_2485 (56,383 bp):
  mean read depth: 17.5x
  9,673 bp have a depth of zero (82.8441% coverage)
  255 positions changed (0.4523% of total positions)
  estimated pre-polishing sequence accuracy: 99.5477% (Q23.45)

Polishing contig_2486 (18,619 bp):
  mean read depth: 18.7x
  3,386 bp have a depth of zero (81.8143% coverage)
  72 positions changed (0.3867% of total positions)
  estimated pre-polishing sequence accuracy: 99.6133% (Q24.13)

Polishing contig_2487 (7,249 bp):
  mean read depth: 5.5x
  6,673 bp have a depth of zero (7.9459% coverage)
  3 positions changed (0.0414% of total positions)
  estimated pre-polishing sequence accuracy: 99.9586% (Q33.83)

Polishing contig_2488 (15,488 bp):
  mean read depth: 3.3x
  2,461 bp have a depth of zero (84.1103% coverage)
  92 positions changed (0.5940% of total positions)
  estimated pre-polishing sequence accuracy: 99.4060% (Q22.26)

Polishing contig_2489 (2,609 bp):
  mean read depth: 10.8x
  42 bp have a depth of zero (98.3902% coverage)
  8 positions changed (0.3066% of total positions)
  estimated pre-polishing sequence accuracy: 99.6934% (Q25.13)

Polishing contig_249 (56,906 bp):
  mean read depth: 4.1x
  4,627 bp have a depth of zero (91.8690% coverage)
  249 positions changed (0.4376% of total positions)
  estimated pre-polishing sequence accuracy: 99.5624% (Q23.59)

Polishing contig_2490 (33,404 bp):
  mean read depth: 10.3x
  121 bp have a depth of zero (99.6378% coverage)
  314 positions changed (0.9400% of total positions)
  estimated pre-polishing sequence accuracy: 99.0600% (Q20.27)

Polishing contig_2492 (33,785 bp):
  mean read depth: 9.2x
  5,813 bp have a depth of zero (82.7941% coverage)
  240 positions changed (0.7104% of total positions)
  estimated pre-polishing sequence accuracy: 99.2896% (Q21.49)

Polishing contig_2493 (11,380 bp):
  mean read depth: 3.1x
  3,632 bp have a depth of zero (68.0844% coverage)
  85 positions changed (0.7469% of total positions)
  estimated pre-polishing sequence accuracy: 99.2531% (Q21.27)

Polishing contig_2494 (5,290 bp):
  mean read depth: 8.0x
  1,723 bp have a depth of zero (67.4291% coverage)
  16 positions changed (0.3025% of total positions)
  estimated pre-polishing sequence accuracy: 99.6975% (Q25.19)

Polishing contig_2495 (46,392 bp):
  mean read depth: 14.9x
  14,526 bp have a depth of zero (68.6886% coverage)
  164 positions changed (0.3535% of total positions)
  estimated pre-polishing sequence accuracy: 99.6465% (Q24.52)

Polishing contig_2496 (24,651 bp):
  mean read depth: 3.9x
  4,916 bp have a depth of zero (80.0576% coverage)
  86 positions changed (0.3489% of total positions)
  estimated pre-polishing sequence accuracy: 99.6511% (Q24.57)

Polishing contig_2497 (16,948 bp):
  mean read depth: 11.2x
  244 bp have a depth of zero (98.5603% coverage)
  159 positions changed (0.9382% of total positions)
  estimated pre-polishing sequence accuracy: 99.0618% (Q20.28)

Polishing contig_2498 (1,923,922 bp):
  mean read depth: 33.4x
  14,726 bp have a depth of zero (99.2346% coverage)
  7,354 positions changed (0.3822% of total positions)
  estimated pre-polishing sequence accuracy: 99.6178% (Q24.18)

Polishing contig_2499 (17,587 bp):
  mean read depth: 7.7x
  3,008 bp have a depth of zero (82.8965% coverage)
  85 positions changed (0.4833% of total positions)
  estimated pre-polishing sequence accuracy: 99.5167% (Q23.16)

Polishing contig_25 (223,041 bp):
  mean read depth: 4.6x
  5,054 bp have a depth of zero (97.7340% coverage)
  1,083 positions changed (0.4856% of total positions)
  estimated pre-polishing sequence accuracy: 99.5144% (Q23.14)

Polishing contig_250 (32,342 bp):
  mean read depth: 3.8x
  3,076 bp have a depth of zero (90.4891% coverage)
  175 positions changed (0.5411% of total positions)
  estimated pre-polishing sequence accuracy: 99.4589% (Q22.67)

Polishing contig_2500 (14,994 bp):
  mean read depth: 11.6x
  18 bp have a depth of zero (99.8800% coverage)
  113 positions changed (0.7536% of total positions)
  estimated pre-polishing sequence accuracy: 99.2464% (Q21.23)

Polishing contig_2501 (13,103 bp):
  mean read depth: 9.3x
  1,261 bp have a depth of zero (90.3762% coverage)
  83 positions changed (0.6334% of total positions)
  estimated pre-polishing sequence accuracy: 99.3666% (Q21.98)

Polishing contig_2502 (9,213 bp):
  mean read depth: 4.1x
  1,029 bp have a depth of zero (88.8310% coverage)
  36 positions changed (0.3908% of total positions)
  estimated pre-polishing sequence accuracy: 99.6092% (Q24.08)

Polishing contig_2503 (10,023 bp):
  mean read depth: 6.0x
  74 bp have a depth of zero (99.2617% coverage)
  65 positions changed (0.6485% of total positions)
  estimated pre-polishing sequence accuracy: 99.3515% (Q21.88)

Polishing contig_2504 (60,913 bp):
  mean read depth: 16.0x
  14,729 bp have a depth of zero (75.8196% coverage)
  156 positions changed (0.2561% of total positions)
  estimated pre-polishing sequence accuracy: 99.7439% (Q25.92)

Polishing contig_2505 (25,226 bp):
  mean read depth: 4.6x
  2,421 bp have a depth of zero (90.4028% coverage)
  188 positions changed (0.7453% of total positions)
  estimated pre-polishing sequence accuracy: 99.2547% (Q21.28)

Polishing contig_2506 (127,609 bp):
  mean read depth: 4.7x
  9,967 bp have a depth of zero (92.1894% coverage)
  1,113 positions changed (0.8722% of total positions)
  estimated pre-polishing sequence accuracy: 99.1278% (Q20.59)

Polishing contig_2507 (4,632,881 bp):
  mean read depth: 36.4x
  7,139 bp have a depth of zero (99.8459% coverage)
  7,877 positions changed (0.1700% of total positions)
  estimated pre-polishing sequence accuracy: 99.8300% (Q27.69)

Polishing contig_2508 (14,180 bp):
  mean read depth: 2.8x
  5,591 bp have a depth of zero (60.5712% coverage)
  34 positions changed (0.2398% of total positions)
  estimated pre-polishing sequence accuracy: 99.7602% (Q26.20)

Polishing contig_2509 (369,247 bp):
  mean read depth: 15.4x
  6,711 bp have a depth of zero (98.1825% coverage)
  2,144 positions changed (0.5806% of total positions)
  estimated pre-polishing sequence accuracy: 99.4194% (Q22.36)

Polishing contig_251 (56,322 bp):
  mean read depth: 4.5x
  5,380 bp have a depth of zero (90.4478% coverage)
  212 positions changed (0.3764% of total positions)
  estimated pre-polishing sequence accuracy: 99.6236% (Q24.24)

Polishing contig_2510 (12,500 bp):
  mean read depth: 1.8x
  3,575 bp have a depth of zero (71.4000% coverage)
  12 positions changed (0.0960% of total positions)
  estimated pre-polishing sequence accuracy: 99.9040% (Q30.18)

Polishing contig_2511 (8,867 bp):
  mean read depth: 8.6x
  2,144 bp have a depth of zero (75.8205% coverage)
  51 positions changed (0.5752% of total positions)
  estimated pre-polishing sequence accuracy: 99.4248% (Q22.40)

Polishing contig_2512 (16,675 bp):
  mean read depth: 6.4x
  4,637 bp have a depth of zero (72.1919% coverage)
  96 positions changed (0.5757% of total positions)
  estimated pre-polishing sequence accuracy: 99.4243% (Q22.40)

Polishing contig_2513 (16,489 bp):
  mean read depth: 108.5x
  3 bp have a depth of zero (99.9818% coverage)
  63 positions changed (0.3821% of total positions)
  estimated pre-polishing sequence accuracy: 99.6179% (Q24.18)

Polishing contig_2514 (40,256 bp):
  mean read depth: 7.7x
  2,307 bp have a depth of zero (94.2692% coverage)
  296 positions changed (0.7353% of total positions)
  estimated pre-polishing sequence accuracy: 99.2647% (Q21.34)

Polishing contig_2515 (20,378 bp):
  mean read depth: 2.6x
  12,852 bp have a depth of zero (36.9320% coverage)
  34 positions changed (0.1668% of total positions)
  estimated pre-polishing sequence accuracy: 99.8332% (Q27.78)

Polishing contig_2516 (4,015 bp):
  mean read depth: 211.3x
  22 bp have a depth of zero (99.4521% coverage)
  28 positions changed (0.6974% of total positions)
  estimated pre-polishing sequence accuracy: 99.3026% (Q21.57)

Polishing contig_2517 (8,249 bp):
  mean read depth: 76.7x
  13 bp have a depth of zero (99.8424% coverage)
  115 positions changed (1.3941% of total positions)
  estimated pre-polishing sequence accuracy: 98.6059% (Q18.56)

Polishing contig_2518 (24,645 bp):
  mean read depth: 5.8x
  7,938 bp have a depth of zero (67.7906% coverage)
  70 positions changed (0.2840% of total positions)
  estimated pre-polishing sequence accuracy: 99.7160% (Q25.47)

Polishing contig_2519 (8,206 bp):
  mean read depth: 61.4x
  1,451 bp have a depth of zero (82.3178% coverage)
  51 positions changed (0.6215% of total positions)
  estimated pre-polishing sequence accuracy: 99.3785% (Q22.07)

Polishing contig_252 (26,638 bp):
  mean read depth: 3.6x
  4,203 bp have a depth of zero (84.2218% coverage)
  187 positions changed (0.7020% of total positions)
  estimated pre-polishing sequence accuracy: 99.2980% (Q21.54)

Polishing contig_2520 (58,379 bp):
  mean read depth: 82.5x
  127 bp have a depth of zero (99.7825% coverage)
  293 positions changed (0.5019% of total positions)
  estimated pre-polishing sequence accuracy: 99.4981% (Q22.99)

Polishing contig_253 (171,744 bp):
  mean read depth: 3.9x
  17,810 bp have a depth of zero (89.6299% coverage)
  1,167 positions changed (0.6795% of total positions)
  estimated pre-polishing sequence accuracy: 99.3205% (Q21.68)

Polishing contig_254 (37,895 bp):
  mean read depth: 3.4x
  5,949 bp have a depth of zero (84.3014% coverage)
  206 positions changed (0.5436% of total positions)
  estimated pre-polishing sequence accuracy: 99.4564% (Q22.65)

Polishing contig_255 (14,150 bp):
  mean read depth: 4.0x
  842 bp have a depth of zero (94.0495% coverage)
  107 positions changed (0.7562% of total positions)
  estimated pre-polishing sequence accuracy: 99.2438% (Q21.21)

Polishing contig_256 (5,727 bp):
  mean read depth: 4.5x
  374 bp have a depth of zero (93.4695% coverage)
  48 positions changed (0.8381% of total positions)
  estimated pre-polishing sequence accuracy: 99.1619% (Q20.77)

Polishing contig_257 (13,065 bp):
  mean read depth: 4.0x
  1,442 bp have a depth of zero (88.9629% coverage)
  118 positions changed (0.9032% of total positions)
  estimated pre-polishing sequence accuracy: 99.0968% (Q20.44)

Polishing contig_258 (12,563 bp):
  mean read depth: 2.8x
  2,875 bp have a depth of zero (77.1153% coverage)
  50 positions changed (0.3980% of total positions)
  estimated pre-polishing sequence accuracy: 99.6020% (Q24.00)

Polishing contig_259 (12,537 bp):
  mean read depth: 2.8x
  2,411 bp have a depth of zero (80.7689% coverage)
  30 positions changed (0.2393% of total positions)
  estimated pre-polishing sequence accuracy: 99.7607% (Q26.21)

Polishing contig_26 (6,840 bp):
  mean read depth: 1.6x
  3,532 bp have a depth of zero (48.3626% coverage)
  12 positions changed (0.1754% of total positions)
  estimated pre-polishing sequence accuracy: 99.8246% (Q27.56)

Polishing contig_260 (1,531,634 bp):
  mean read depth: 66.2x
  125,645 bp have a depth of zero (91.7967% coverage)
  6,279 positions changed (0.4100% of total positions)
  estimated pre-polishing sequence accuracy: 99.5900% (Q23.87)

Polishing contig_261 (21,324 bp):
  mean read depth: 1.6x
  8,130 bp have a depth of zero (61.8739% coverage)
  19 positions changed (0.0891% of total positions)
  estimated pre-polishing sequence accuracy: 99.9109% (Q30.50)

Polishing contig_262 (39,198 bp):
  mean read depth: 2.3x
  14,010 bp have a depth of zero (64.2584% coverage)
  42 positions changed (0.1071% of total positions)
  estimated pre-polishing sequence accuracy: 99.8929% (Q29.70)

Polishing contig_263 (14,419 bp):
  mean read depth: 2.7x
  3,183 bp have a depth of zero (77.9250% coverage)
  42 positions changed (0.2913% of total positions)
  estimated pre-polishing sequence accuracy: 99.7087% (Q25.36)

Polishing contig_264 (55,396 bp):
  mean read depth: 1.5x
  20,341 bp have a depth of zero (63.2807% coverage)
  54 positions changed (0.0975% of total positions)
  estimated pre-polishing sequence accuracy: 99.9025% (Q30.11)

Polishing contig_265 (21,739 bp):
  mean read depth: 1.3x
  9,311 bp have a depth of zero (57.1691% coverage)
  16 positions changed (0.0736% of total positions)
  estimated pre-polishing sequence accuracy: 99.9264% (Q31.33)

Polishing contig_266 (11,338 bp):
  mean read depth: 3.2x
  2,092 bp have a depth of zero (81.5488% coverage)
  83 positions changed (0.7321% of total positions)
  estimated pre-polishing sequence accuracy: 99.2679% (Q21.35)

Polishing contig_267 (18,855 bp):
  mean read depth: 2.9x
  2,693 bp have a depth of zero (85.7173% coverage)
  86 positions changed (0.4561% of total positions)
  estimated pre-polishing sequence accuracy: 99.5439% (Q23.41)

Polishing contig_268 (6,489 bp):
  mean read depth: 9.6x
  55 bp have a depth of zero (99.1524% coverage)
  50 positions changed (0.7705% of total positions)
  estimated pre-polishing sequence accuracy: 99.2295% (Q21.13)

Polishing contig_269 (14,423 bp):
  mean read depth: 12.3x
  38 bp have a depth of zero (99.7365% coverage)
  105 positions changed (0.7280% of total positions)
  estimated pre-polishing sequence accuracy: 99.2720% (Q21.38)

Polishing contig_27 (12,332 bp):
  mean read depth: 2.9x
  5,047 bp have a depth of zero (59.0740% coverage)
  36 positions changed (0.2919% of total positions)
  estimated pre-polishing sequence accuracy: 99.7081% (Q25.35)

Polishing contig_270 (64,715 bp):
  mean read depth: 3.6x
  7,326 bp have a depth of zero (88.6796% coverage)
  314 positions changed (0.4852% of total positions)
  estimated pre-polishing sequence accuracy: 99.5148% (Q23.14)

Polishing contig_275 (32,994 bp):
  mean read depth: 3.7x
  5,233 bp have a depth of zero (84.1395% coverage)
  149 positions changed (0.4516% of total positions)
  estimated pre-polishing sequence accuracy: 99.5484% (Q23.45)

Polishing contig_276 (302,113 bp):
  mean read depth: 4.3x
  49,281 bp have a depth of zero (83.6879% coverage)
  1,320 positions changed (0.4369% of total positions)
  estimated pre-polishing sequence accuracy: 99.5631% (Q23.60)

Polishing contig_277 (55,487 bp):
  mean read depth: 3.8x
  8,237 bp have a depth of zero (85.1551% coverage)
  241 positions changed (0.4343% of total positions)
  estimated pre-polishing sequence accuracy: 99.5657% (Q23.62)

Polishing contig_278 (2,782 bp):
  mean read depth: 3.6x
  511 bp have a depth of zero (81.6319% coverage)
  11 positions changed (0.3954% of total positions)
  estimated pre-polishing sequence accuracy: 99.6046% (Q24.03)

Polishing contig_279 (67,148 bp):
  mean read depth: 3.9x
  10,564 bp have a depth of zero (84.2676% coverage)
  387 positions changed (0.5763% of total positions)
  estimated pre-polishing sequence accuracy: 99.4237% (Q22.39)

Polishing contig_28 (25,589 bp):
  mean read depth: 1.2x
  11,582 bp have a depth of zero (54.7384% coverage)
  16 positions changed (0.0625% of total positions)
  estimated pre-polishing sequence accuracy: 99.9375% (Q32.04)

Polishing contig_280 (46,254 bp):
  mean read depth: 3.9x
  7,351 bp have a depth of zero (84.1073% coverage)
  169 positions changed (0.3654% of total positions)
  estimated pre-polishing sequence accuracy: 99.6346% (Q24.37)

Polishing contig_281 (63,389 bp):
  mean read depth: 2.9x
  8,538 bp have a depth of zero (86.5308% coverage)
  188 positions changed (0.2966% of total positions)
  estimated pre-polishing sequence accuracy: 99.7034% (Q25.28)

Polishing contig_282 (43,527 bp):
  mean read depth: 4.8x
  2,321 bp have a depth of zero (94.6677% coverage)
  348 positions changed (0.7995% of total positions)
  estimated pre-polishing sequence accuracy: 99.2005% (Q20.97)

Polishing contig_283 (13,230 bp):
  mean read depth: 1.7x
  3,961 bp have a depth of zero (70.0605% coverage)
  13 positions changed (0.0983% of total positions)
  estimated pre-polishing sequence accuracy: 99.9017% (Q30.08)

Polishing contig_284 (546,999 bp):
  mean read depth: 9.7x
  42,256 bp have a depth of zero (92.2749% coverage)
  4,338 positions changed (0.7931% of total positions)
  estimated pre-polishing sequence accuracy: 99.2069% (Q21.01)

Polishing contig_285 (14,190 bp):
  mean read depth: 1.9x
  4,945 bp have a depth of zero (65.1515% coverage)
  16 positions changed (0.1128% of total positions)
  estimated pre-polishing sequence accuracy: 99.8872% (Q29.48)

Polishing contig_286 (17,616 bp):
  mean read depth: 2.7x
  2,578 bp have a depth of zero (85.3656% coverage)
  56 positions changed (0.3179% of total positions)
  estimated pre-polishing sequence accuracy: 99.6821% (Q24.98)

Polishing contig_287 (43,561 bp):
  mean read depth: 3.9x
  4,753 bp have a depth of zero (89.0889% coverage)
  262 positions changed (0.6015% of total positions)
  estimated pre-polishing sequence accuracy: 99.3985% (Q22.21)

Polishing contig_288 (3,587 bp):
  mean read depth: 12.4x
  12 bp have a depth of zero (99.6655% coverage)
  19 positions changed (0.5297% of total positions)
  estimated pre-polishing sequence accuracy: 99.4703% (Q22.76)

Polishing contig_289 (22,423 bp):
  mean read depth: 1.4x
  8,102 bp have a depth of zero (63.8675% coverage)
  14 positions changed (0.0624% of total positions)
  estimated pre-polishing sequence accuracy: 99.9376% (Q32.05)

Polishing contig_29 (72,999 bp):
  mean read depth: 3.4x
  23,061 bp have a depth of zero (68.4092% coverage)
  339 positions changed (0.4644% of total positions)
  estimated pre-polishing sequence accuracy: 99.5356% (Q23.33)

Polishing contig_290 (26,604 bp):
  mean read depth: 4.9x
  2,592 bp have a depth of zero (90.2571% coverage)
  225 positions changed (0.8457% of total positions)
  estimated pre-polishing sequence accuracy: 99.1543% (Q20.73)

Polishing contig_291 (21,120 bp):
  mean read depth: 5.0x
  1,423 bp have a depth of zero (93.2623% coverage)
  212 positions changed (1.0038% of total positions)
  estimated pre-polishing sequence accuracy: 98.9962% (Q19.98)

Polishing contig_292 (30,104 bp):
  mean read depth: 3.6x
  5,569 bp have a depth of zero (81.5008% coverage)
  232 positions changed (0.7707% of total positions)
  estimated pre-polishing sequence accuracy: 99.2293% (Q21.13)

Polishing contig_293 (8,034 bp):
  mean read depth: 2.9x
  1,892 bp have a depth of zero (76.4501% coverage)
  24 positions changed (0.2987% of total positions)
  estimated pre-polishing sequence accuracy: 99.7013% (Q25.25)

Polishing contig_294 (36,140 bp):
  mean read depth: 2.5x
  7,050 bp have a depth of zero (80.4925% coverage)
  56 positions changed (0.1550% of total positions)
  estimated pre-polishing sequence accuracy: 99.8450% (Q28.10)

Polishing contig_295 (52,552 bp):
  mean read depth: 2.4x
  14,333 bp have a depth of zero (72.7261% coverage)
  184 positions changed (0.3501% of total positions)
  estimated pre-polishing sequence accuracy: 99.6499% (Q24.56)

Polishing contig_296 (24,339 bp):
  mean read depth: 2.6x
  5,981 bp have a depth of zero (75.4263% coverage)
  84 positions changed (0.3451% of total positions)
  estimated pre-polishing sequence accuracy: 99.6549% (Q24.62)

Polishing contig_297 (12,341 bp):
  mean read depth: 3.4x
  2,456 bp have a depth of zero (80.0989% coverage)
  89 positions changed (0.7212% of total positions)
  estimated pre-polishing sequence accuracy: 99.2788% (Q21.42)

Polishing contig_298 (9,718 bp):
  mean read depth: 1.8x
  2,561 bp have a depth of zero (73.6468% coverage)
  8 positions changed (0.0823% of total positions)
  estimated pre-polishing sequence accuracy: 99.9177% (Q30.84)

Polishing contig_299 (57,182 bp):
  mean read depth: 2.7x
  15,828 bp have a depth of zero (72.3200% coverage)
  225 positions changed (0.3935% of total positions)
  estimated pre-polishing sequence accuracy: 99.6065% (Q24.05)

Polishing contig_3 (7,508 bp):
  mean read depth: 2.3x
  1,640 bp have a depth of zero (78.1566% coverage)
  20 positions changed (0.2664% of total positions)
  estimated pre-polishing sequence accuracy: 99.7336% (Q25.74)

Polishing contig_30 (15,419 bp):
  mean read depth: 1.4x
  6,973 bp have a depth of zero (54.7766% coverage)
  25 positions changed (0.1621% of total positions)
  estimated pre-polishing sequence accuracy: 99.8379% (Q27.90)

Polishing contig_300 (9,707 bp):
  mean read depth: 0.5x
  6,846 bp have a depth of zero (29.4736% coverage)
  0 positions changed (0.0000% of total positions)
  estimated pre-polishing sequence accuracy: 100.0000% (Q∞)

Polishing contig_301 (57,699 bp):
  mean read depth: 1.4x
  22,808 bp have a depth of zero (60.4707% coverage)
  38 positions changed (0.0659% of total positions)
  estimated pre-polishing sequence accuracy: 99.9341% (Q31.81)

Polishing contig_302 (12,056 bp):
  mean read depth: 3.7x
  1,800 bp have a depth of zero (85.0697% coverage)
  59 positions changed (0.4894% of total positions)
  estimated pre-polishing sequence accuracy: 99.5106% (Q23.10)

Polishing contig_303 (35,685 bp):
  mean read depth: 4.7x
  4,013 bp have a depth of zero (88.7544% coverage)
  240 positions changed (0.6726% of total positions)
  estimated pre-polishing sequence accuracy: 99.3274% (Q21.72)

Polishing contig_304 (407,398 bp):
  mean read depth: 32.0x
  24,448 bp have a depth of zero (93.9990% coverage)
  1,455 positions changed (0.3571% of total positions)
  estimated pre-polishing sequence accuracy: 99.6429% (Q24.47)

Polishing contig_305 (47,685 bp):
  mean read depth: 4.0x
  4,657 bp have a depth of zero (90.2338% coverage)
  253 positions changed (0.5306% of total positions)
  estimated pre-polishing sequence accuracy: 99.4694% (Q22.75)

Polishing contig_306 (35,387 bp):
  mean read depth: 2.3x
  10,724 bp have a depth of zero (69.6951% coverage)
  109 positions changed (0.3080% of total positions)
  estimated pre-polishing sequence accuracy: 99.6920% (Q25.11)

Polishing contig_307 (9,825 bp):
  mean read depth: 1.5x
  4,754 bp have a depth of zero (51.6132% coverage)
  15 positions changed (0.1527% of total positions)
  estimated pre-polishing sequence accuracy: 99.8473% (Q28.16)

Polishing contig_308 (29,998 bp):
  mean read depth: 4.4x
  4,546 bp have a depth of zero (84.8457% coverage)
  252 positions changed (0.8401% of total positions)
  estimated pre-polishing sequence accuracy: 99.1599% (Q20.76)

Polishing contig_309 (16,511 bp):
  mean read depth: 1.5x
  6,340 bp have a depth of zero (61.6014% coverage)
  12 positions changed (0.0727% of total positions)
  estimated pre-polishing sequence accuracy: 99.9273% (Q31.39)

Polishing contig_31 (18,587 bp):
  mean read depth: 0.6x
  11,343 bp have a depth of zero (38.9735% coverage)
  0 positions changed (0.0000% of total positions)
  estimated pre-polishing sequence accuracy: 100.0000% (Q∞)

Polishing contig_310 (842,750 bp):
  mean read depth: 17.2x
  55,441 bp have a depth of zero (93.4214% coverage)
  2,720 positions changed (0.3228% of total positions)
  estimated pre-polishing sequence accuracy: 99.6772% (Q24.91)

Polishing contig_311 (14,413 bp):
  mean read depth: 0.4x
  13,717 bp have a depth of zero (4.8290% coverage)
  0 positions changed (0.0000% of total positions)
  estimated pre-polishing sequence accuracy: 100.0000% (Q∞)

Polishing contig_312 (54,876 bp):
  mean read depth: 57.6x
  22,729 bp have a depth of zero (58.5812% coverage)
  114 positions changed (0.2077% of total positions)
  estimated pre-polishing sequence accuracy: 99.7923% (Q26.82)

Polishing contig_313 (38,019 bp):
  mean read depth: 13.1x
  25,848 bp have a depth of zero (32.0129% coverage)
  54 positions changed (0.1420% of total positions)
  estimated pre-polishing sequence accuracy: 99.8580% (Q28.48)

Polishing contig_314 (30,146 bp):
  mean read depth: 38.4x
  12,670 bp have a depth of zero (57.9712% coverage)
  63 positions changed (0.2090% of total positions)
  estimated pre-polishing sequence accuracy: 99.7910% (Q26.80)

Polishing contig_315 (33,982 bp):
  mean read depth: 9.5x
  28,940 bp have a depth of zero (14.8373% coverage)
  15 positions changed (0.0441% of total positions)
  estimated pre-polishing sequence accuracy: 99.9559% (Q33.55)

Polishing contig_317 (56,151 bp):
  mean read depth: 33.9x
  39,719 bp have a depth of zero (29.2639% coverage)
  73 positions changed (0.1300% of total positions)
  estimated pre-polishing sequence accuracy: 99.8700% (Q28.86)

Polishing contig_318 (25,477 bp):
  mean read depth: 2.6x
  5,244 bp have a depth of zero (79.4167% coverage)
  107 positions changed (0.4200% of total positions)
  estimated pre-polishing sequence accuracy: 99.5800% (Q23.77)

Polishing contig_319 (59,611 bp):
  mean read depth: 1.3x
  29,725 bp have a depth of zero (50.1350% coverage)
  33 positions changed (0.0554% of total positions)
  estimated pre-polishing sequence accuracy: 99.9446% (Q32.57)

Polishing contig_32 (95,350 bp):
  mean read depth: 4.1x
  10,406 bp have a depth of zero (89.0865% coverage)
  444 positions changed (0.4657% of total positions)
  estimated pre-polishing sequence accuracy: 99.5343% (Q23.32)

Polishing contig_320 (6,374 bp):
  mean read depth: 3.1x
  569 bp have a depth of zero (91.0731% coverage)
  21 positions changed (0.3295% of total positions)
  estimated pre-polishing sequence accuracy: 99.6705% (Q24.82)

Polishing contig_321 (19,596 bp):
  mean read depth: 4.1x
  6,772 bp have a depth of zero (65.4419% coverage)
  148 positions changed (0.7553% of total positions)
  estimated pre-polishing sequence accuracy: 99.2447% (Q21.22)

Polishing contig_322 (44,945 bp):
  mean read depth: 2.0x
  11,436 bp have a depth of zero (74.5556% coverage)
  86 positions changed (0.1913% of total positions)
  estimated pre-polishing sequence accuracy: 99.8087% (Q27.18)

Polishing contig_323 (36,471 bp):
  mean read depth: 1.1x
  15,756 bp have a depth of zero (56.7986% coverage)
  7 positions changed (0.0192% of total positions)
  estimated pre-polishing sequence accuracy: 99.9808% (Q37.17)

Polishing contig_324 (8,357 bp):
  mean read depth: 1.7x
  2,210 bp have a depth of zero (73.5551% coverage)
  4 positions changed (0.0479% of total positions)
  estimated pre-polishing sequence accuracy: 99.9521% (Q33.20)

Polishing contig_325 (55,265 bp):
  mean read depth: 4.6x
  3,836 bp have a depth of zero (93.0589% coverage)
  319 positions changed (0.5772% of total positions)
  estimated pre-polishing sequence accuracy: 99.4228% (Q22.39)

Polishing contig_326 (5,743 bp):
  mean read depth: 3.4x
  575 bp have a depth of zero (89.9878% coverage)
  17 positions changed (0.2960% of total positions)
  estimated pre-polishing sequence accuracy: 99.7040% (Q25.29)

Polishing contig_327 (28,117 bp):
  mean read depth: 3.5x
  4,720 bp have a depth of zero (83.2130% coverage)
  169 positions changed (0.6011% of total positions)
  estimated pre-polishing sequence accuracy: 99.3989% (Q22.21)

Polishing contig_328 (19,468 bp):
  mean read depth: 1.5x
  6,938 bp have a depth of zero (64.3620% coverage)
  11 positions changed (0.0565% of total positions)
  estimated pre-polishing sequence accuracy: 99.9435% (Q32.48)

Polishing contig_329 (39,977 bp):
  mean read depth: 4.3x
  2,268 bp have a depth of zero (94.3267% coverage)
  203 positions changed (0.5078% of total positions)
  estimated pre-polishing sequence accuracy: 99.4922% (Q22.94)

Polishing contig_33 (13,221 bp):
  mean read depth: 2.9x
  2,928 bp have a depth of zero (77.8534% coverage)
  54 positions changed (0.4084% of total positions)
  estimated pre-polishing sequence accuracy: 99.5916% (Q23.89)

Polishing contig_330 (37,571 bp):
  mean read depth: 3.8x
  3,869 bp have a depth of zero (89.7022% coverage)
  300 positions changed (0.7985% of total positions)
  estimated pre-polishing sequence accuracy: 99.2015% (Q20.98)

Polishing contig_331 (28,216 bp):
  mean read depth: 3.0x
  5,826 bp have a depth of zero (79.3521% coverage)
  123 positions changed (0.4359% of total positions)
  estimated pre-polishing sequence accuracy: 99.5641% (Q23.61)

Polishing contig_332 (125,411 bp):
  mean read depth: 9.8x
  8,439 bp have a depth of zero (93.2709% coverage)
  717 positions changed (0.5717% of total positions)
  estimated pre-polishing sequence accuracy: 99.4283% (Q22.43)

Polishing contig_333 (17,777 bp):
  mean read depth: 11.2x
  4,581 bp have a depth of zero (74.2307% coverage)
  89 positions changed (0.5006% of total positions)
  estimated pre-polishing sequence accuracy: 99.4994% (Q23.00)

Polishing contig_336 (32,454 bp):
  mean read depth: 8.3x
  7,522 bp have a depth of zero (76.8226% coverage)
  156 positions changed (0.4807% of total positions)
  estimated pre-polishing sequence accuracy: 99.5193% (Q23.18)

Polishing contig_337 (38,621 bp):
  mean read depth: 6.1x
  14,317 bp have a depth of zero (62.9295% coverage)
  131 positions changed (0.3392% of total positions)
  estimated pre-polishing sequence accuracy: 99.6608% (Q24.70)

Polishing contig_338 (44,381 bp):
  mean read depth: 6.2x
  13,857 bp have a depth of zero (68.7772% coverage)
  197 positions changed (0.4439% of total positions)
  estimated pre-polishing sequence accuracy: 99.5561% (Q23.53)

Polishing contig_339 (30,567 bp):
  mean read depth: 7.2x
  8,711 bp have a depth of zero (71.5019% coverage)
  86 positions changed (0.2813% of total positions)
  estimated pre-polishing sequence accuracy: 99.7187% (Q25.51)

Polishing contig_34 (171,813 bp):
  mean read depth: 19.8x
  15,306 bp have a depth of zero (91.0915% coverage)
  741 positions changed (0.4313% of total positions)
  estimated pre-polishing sequence accuracy: 99.5687% (Q23.65)

Polishing contig_340 (16,290 bp):
  mean read depth: 4.3x
  9,073 bp have a depth of zero (44.3033% coverage)
  34 positions changed (0.2087% of total positions)
  estimated pre-polishing sequence accuracy: 99.7913% (Q26.80)

Polishing contig_341 (11,904 bp):
  mean read depth: 6.0x
  3,375 bp have a depth of zero (71.6482% coverage)
  39 positions changed (0.3276% of total positions)
  estimated pre-polishing sequence accuracy: 99.6724% (Q24.85)

Polishing contig_342 (43,450 bp):
  mean read depth: 2.9x
  7,829 bp have a depth of zero (81.9816% coverage)
  113 positions changed (0.2601% of total positions)
  estimated pre-polishing sequence accuracy: 99.7399% (Q25.85)

Polishing contig_343 (39,973 bp):
  mean read depth: 4.9x
  1,795 bp have a depth of zero (95.5095% coverage)
  454 positions changed (1.1358% of total positions)
  estimated pre-polishing sequence accuracy: 98.8642% (Q19.45)

Polishing contig_344 (5,079 bp):
  mean read depth: 10.3x
  816 bp have a depth of zero (83.9338% coverage)
  30 positions changed (0.5907% of total positions)
  estimated pre-polishing sequence accuracy: 99.4093% (Q22.29)

Polishing contig_345 (22,219 bp):
  mean read depth: 2.7x
  4,741 bp have a depth of zero (78.6624% coverage)
  88 positions changed (0.3961% of total positions)
  estimated pre-polishing sequence accuracy: 99.6039% (Q24.02)

Polishing contig_346 (19,172 bp):
  mean read depth: 2.3x
  4,905 bp have a depth of zero (74.4158% coverage)
  76 positions changed (0.3964% of total positions)
  estimated pre-polishing sequence accuracy: 99.6036% (Q24.02)

Polishing contig_347 (28,337 bp):
  mean read depth: 2.2x
  8,138 bp have a depth of zero (71.2814% coverage)
  117 positions changed (0.4129% of total positions)
  estimated pre-polishing sequence accuracy: 99.5871% (Q23.84)

Polishing contig_348 (23,197 bp):
  mean read depth: 1.3x
  9,097 bp have a depth of zero (60.7837% coverage)
  6 positions changed (0.0259% of total positions)
  estimated pre-polishing sequence accuracy: 99.9741% (Q35.87)

Polishing contig_349 (10,927 bp):
  mean read depth: 1.8x
  3,552 bp have a depth of zero (67.4934% coverage)
  36 positions changed (0.3295% of total positions)
  estimated pre-polishing sequence accuracy: 99.6705% (Q24.82)

Polishing contig_35 (27,422 bp):
  mean read depth: 4.1x
  2,376 bp have a depth of zero (91.3354% coverage)
  178 positions changed (0.6491% of total positions)
  estimated pre-polishing sequence accuracy: 99.3509% (Q21.88)

Polishing contig_350 (7,734 bp):
  mean read depth: 0.4x
  4,992 bp have a depth of zero (35.4538% coverage)
  0 positions changed (0.0000% of total positions)
  estimated pre-polishing sequence accuracy: 100.0000% (Q∞)

Polishing contig_351 (22,134 bp):
  mean read depth: 3.3x
  7,756 bp have a depth of zero (64.9589% coverage)
  92 positions changed (0.4157% of total positions)
  estimated pre-polishing sequence accuracy: 99.5843% (Q23.81)

Polishing contig_352 (52,332 bp):
  mean read depth: 3.0x
  14,956 bp have a depth of zero (71.4209% coverage)
  170 positions changed (0.3248% of total positions)
  estimated pre-polishing sequence accuracy: 99.6752% (Q24.88)

Polishing contig_353 (40,666 bp):
  mean read depth: 3.1x
  11,131 bp have a depth of zero (72.6282% coverage)
  97 positions changed (0.2385% of total positions)
  estimated pre-polishing sequence accuracy: 99.7615% (Q26.22)

Polishing contig_355 (3,257 bp):
  mean read depth: 4.4x
  1,404 bp have a depth of zero (56.8928% coverage)
  1 position changed (0.0307% of total positions)
  estimated pre-polishing sequence accuracy: 99.9693% (Q35.13)

Polishing contig_356 (57,044 bp):
  mean read depth: 1.6x
  19,810 bp have a depth of zero (65.2724% coverage)
  42 positions changed (0.0736% of total positions)
  estimated pre-polishing sequence accuracy: 99.9264% (Q31.33)

Polishing contig_357 (68,690 bp):
  mean read depth: 3.5x
  18,681 bp have a depth of zero (72.8039% coverage)
  498 positions changed (0.7250% of total positions)
  estimated pre-polishing sequence accuracy: 99.2750% (Q21.40)

Polishing contig_358 (86,198 bp):
  mean read depth: 1.2x
  36,826 bp have a depth of zero (57.2774% coverage)
  30 positions changed (0.0348% of total positions)
  estimated pre-polishing sequence accuracy: 99.9652% (Q34.58)

Polishing contig_359 (36,345 bp):
  mean read depth: 4.8x
  1,633 bp have a depth of zero (95.5069% coverage)
  324 positions changed (0.8915% of total positions)
  estimated pre-polishing sequence accuracy: 99.1085% (Q20.50)

Polishing contig_36 (67,759 bp):
  mean read depth: 4.4x
  12,228 bp have a depth of zero (81.9537% coverage)
  557 positions changed (0.8220% of total positions)
  estimated pre-polishing sequence accuracy: 99.1780% (Q20.85)

Polishing contig_360 (8,348 bp):
  mean read depth: 4.5x
  1,552 bp have a depth of zero (81.4087% coverage)
  112 positions changed (1.3416% of total positions)
  estimated pre-polishing sequence accuracy: 98.6584% (Q18.72)

Polishing contig_361 (27,874 bp):
  mean read depth: 4.6x
  3,213 bp have a depth of zero (88.4731% coverage)
  192 positions changed (0.6888% of total positions)
  estimated pre-polishing sequence accuracy: 99.3112% (Q21.62)

Polishing contig_362 (15,867 bp):
  mean read depth: 3.4x
  2,399 bp have a depth of zero (84.8806% coverage)
  86 positions changed (0.5420% of total positions)
  estimated pre-polishing sequence accuracy: 99.4580% (Q22.66)

Polishing contig_363 (45,723 bp):
  mean read depth: 1.9x
  13,544 bp have a depth of zero (70.3781% coverage)
  77 positions changed (0.1684% of total positions)
  estimated pre-polishing sequence accuracy: 99.8316% (Q27.74)

Polishing contig_364 (6,431 bp):
  mean read depth: 2.2x
  2,122 bp have a depth of zero (67.0036% coverage)
  19 positions changed (0.2954% of total positions)
  estimated pre-polishing sequence accuracy: 99.7046% (Q25.30)

Polishing contig_365 (70,272 bp):
  mean read depth: 4.5x
  7,324 bp have a depth of zero (89.5776% coverage)
  650 positions changed (0.9250% of total positions)
  estimated pre-polishing sequence accuracy: 99.0750% (Q20.34)

Polishing contig_366 (18,670 bp):
  mean read depth: 2.5x
  8,238 bp have a depth of zero (55.8757% coverage)
  59 positions changed (0.3160% of total positions)
  estimated pre-polishing sequence accuracy: 99.6840% (Q25.00)

Polishing contig_367 (45,278 bp):
  mean read depth: 3.5x
  5,881 bp have a depth of zero (87.0114% coverage)
  200 positions changed (0.4417% of total positions)
  estimated pre-polishing sequence accuracy: 99.5583% (Q23.55)

Polishing contig_368 (11,076 bp):
  mean read depth: 2.2x
  2,275 bp have a depth of zero (79.4601% coverage)
  17 positions changed (0.1535% of total positions)
  estimated pre-polishing sequence accuracy: 99.8465% (Q28.14)

Polishing contig_369 (42,394 bp):
  mean read depth: 3.9x
  14,197 bp have a depth of zero (66.5118% coverage)
  242 positions changed (0.5708% of total positions)
  estimated pre-polishing sequence accuracy: 99.4292% (Q22.43)

Polishing contig_37 (32,670 bp):
  mean read depth: 4.1x
  2,010 bp have a depth of zero (93.8476% coverage)
  178 positions changed (0.5448% of total positions)
  estimated pre-polishing sequence accuracy: 99.4552% (Q22.64)

Polishing contig_370 (315,420 bp):
  mean read depth: 6.7x
  18,317 bp have a depth of zero (94.1928% coverage)
  2,909 positions changed (0.9223% of total positions)
  estimated pre-polishing sequence accuracy: 99.0777% (Q20.35)

Polishing contig_371 (60,873 bp):
  mean read depth: 5.1x
  2,298 bp have a depth of zero (96.2249% coverage)
  485 positions changed (0.7967% of total positions)
  estimated pre-polishing sequence accuracy: 99.2033% (Q20.99)

Polishing contig_372 (35,105 bp):
  mean read depth: 5.5x
  4,085 bp have a depth of zero (88.3635% coverage)
  413 positions changed (1.1765% of total positions)
  estimated pre-polishing sequence accuracy: 98.8235% (Q19.29)

Polishing contig_373 (9,776 bp):
  mean read depth: 3.8x
  3,833 bp have a depth of zero (60.7917% coverage)
  68 positions changed (0.6956% of total positions)
  estimated pre-polishing sequence accuracy: 99.3044% (Q21.58)

Polishing contig_374 (12,067 bp):
  mean read depth: 4.2x
  2,250 bp have a depth of zero (81.3541% coverage)
  152 positions changed (1.2596% of total positions)
  estimated pre-polishing sequence accuracy: 98.7404% (Q19.00)

Polishing contig_375 (13,266 bp):
  mean read depth: 0.8x
  6,588 bp have a depth of zero (50.3392% coverage)
  1 position changed (0.0075% of total positions)
  estimated pre-polishing sequence accuracy: 99.9925% (Q41.23)

Polishing contig_376 (9,824 bp):
  mean read depth: 1.7x
  4,436 bp have a depth of zero (54.8453% coverage)
  26 positions changed (0.2647% of total positions)
  estimated pre-polishing sequence accuracy: 99.7353% (Q25.77)

Polishing contig_377 (18,720 bp):
  mean read depth: 12.6x
  86 bp have a depth of zero (99.5406% coverage)
  175 positions changed (0.9348% of total positions)
  estimated pre-polishing sequence accuracy: 99.0652% (Q20.29)

Polishing contig_378 (30,675 bp):
  mean read depth: 2.7x
  3,026 bp have a depth of zero (90.1353% coverage)
  47 positions changed (0.1532% of total positions)
  estimated pre-polishing sequence accuracy: 99.8468% (Q28.15)

Polishing contig_379 (13,333 bp):
  mean read depth: 3.7x
  1,633 bp have a depth of zero (87.7522% coverage)
  99 positions changed (0.7425% of total positions)
  estimated pre-polishing sequence accuracy: 99.2575% (Q21.29)

Polishing contig_380 (9,412 bp):
  mean read depth: 2.1x
  3,685 bp have a depth of zero (60.8479% coverage)
  43 positions changed (0.4569% of total positions)
  estimated pre-polishing sequence accuracy: 99.5431% (Q23.40)

Polishing contig_381 (37,854 bp):
  mean read depth: 3.3x
  9,049 bp have a depth of zero (76.0950% coverage)
  116 positions changed (0.3064% of total positions)
  estimated pre-polishing sequence accuracy: 99.6936% (Q25.14)

Polishing contig_382 (112,088 bp):
  mean read depth: 4.2x
  15,489 bp have a depth of zero (86.1814% coverage)
  881 positions changed (0.7860% of total positions)
  estimated pre-polishing sequence accuracy: 99.2140% (Q21.05)

Polishing contig_383 (21,383 bp):
  mean read depth: 4.0x
  4,229 bp have a depth of zero (80.2226% coverage)
  154 positions changed (0.7202% of total positions)
  estimated pre-polishing sequence accuracy: 99.2798% (Q21.43)

Polishing contig_384 (41,420 bp):
  mean read depth: 4.9x
  5,904 bp have a depth of zero (85.7460% coverage)
  323 positions changed (0.7798% of total positions)
  estimated pre-polishing sequence accuracy: 99.2202% (Q21.08)

Polishing contig_385 (14,433 bp):
  mean read depth: 0.8x
  8,856 bp have a depth of zero (38.6406% coverage)
  6 positions changed (0.0416% of total positions)
  estimated pre-polishing sequence accuracy: 99.9584% (Q33.81)

Polishing contig_388 (17,130 bp):
  mean read depth: 1.4x
  6,229 bp have a depth of zero (63.6369% coverage)
  13 positions changed (0.0759% of total positions)
  estimated pre-polishing sequence accuracy: 99.9241% (Q31.20)

Polishing contig_389 (35,197 bp):
  mean read depth: 4.2x
  4,938 bp have a depth of zero (85.9704% coverage)
  323 positions changed (0.9177% of total positions)
  estimated pre-polishing sequence accuracy: 99.0823% (Q20.37)

Polishing contig_39 (40,703 bp):
  mean read depth: 4.2x
  2,393 bp have a depth of zero (94.1208% coverage)
  251 positions changed (0.6167% of total positions)
  estimated pre-polishing sequence accuracy: 99.3833% (Q22.10)

Polishing contig_390 (9,669 bp):
  mean read depth: 4.9x
  163 bp have a depth of zero (98.3142% coverage)
  76 positions changed (0.7860% of total positions)
  estimated pre-polishing sequence accuracy: 99.2140% (Q21.05)

Polishing contig_391 (3,539 bp):
  mean read depth: 3.8x
  557 bp have a depth of zero (84.2611% coverage)
  38 positions changed (1.0737% of total positions)
  estimated pre-polishing sequence accuracy: 98.9263% (Q19.69)

Polishing contig_392 (22,532 bp):
  mean read depth: 3.2x
  6,237 bp have a depth of zero (72.3194% coverage)
  152 positions changed (0.6746% of total positions)
  estimated pre-polishing sequence accuracy: 99.3254% (Q21.71)

Polishing contig_393 (11,915 bp):
  mean read depth: 2.8x
  2,218 bp have a depth of zero (81.3848% coverage)
  56 positions changed (0.4700% of total positions)
  estimated pre-polishing sequence accuracy: 99.5300% (Q23.28)

Polishing contig_394 (6,766 bp):
  mean read depth: 4.1x
  1,008 bp have a depth of zero (85.1020% coverage)
  65 positions changed (0.9607% of total positions)
  estimated pre-polishing sequence accuracy: 99.0393% (Q20.17)

Polishing contig_395 (15,916 bp):
  mean read depth: 2.4x
  3,285 bp have a depth of zero (79.3604% coverage)
  49 positions changed (0.3079% of total positions)
  estimated pre-polishing sequence accuracy: 99.6921% (Q25.12)

Polishing contig_396 (49,603 bp):
  mean read depth: 2.8x
  7,790 bp have a depth of zero (84.2953% coverage)
  147 positions changed (0.2964% of total positions)
  estimated pre-polishing sequence accuracy: 99.7036% (Q25.28)

Polishing contig_397 (50,440 bp):
  mean read depth: 2.4x
  10,193 bp have a depth of zero (79.7918% coverage)
  107 positions changed (0.2121% of total positions)
  estimated pre-polishing sequence accuracy: 99.7879% (Q26.73)

Polishing contig_398 (9,078 bp):
  mean read depth: 0.3x
  6,624 bp have a depth of zero (27.0324% coverage)
  0 positions changed (0.0000% of total positions)
  estimated pre-polishing sequence accuracy: 100.0000% (Q∞)

Polishing contig_399 (19,501 bp):
  mean read depth: 1.0x
  7,874 bp have a depth of zero (59.6226% coverage)
  0 positions changed (0.0000% of total positions)
  estimated pre-polishing sequence accuracy: 100.0000% (Q∞)

Polishing contig_4 (42,223 bp):
  mean read depth: 1.7x
  13,665 bp have a depth of zero (67.6361% coverage)
  50 positions changed (0.1184% of total positions)
  estimated pre-polishing sequence accuracy: 99.8816% (Q29.27)

Polishing contig_40 (26,121 bp):
  mean read depth: 6.6x
  9,834 bp have a depth of zero (62.3521% coverage)
  34 positions changed (0.1302% of total positions)
  estimated pre-polishing sequence accuracy: 99.8698% (Q28.86)

Polishing contig_400 (37,437 bp):
  mean read depth: 2.0x
  12,940 bp have a depth of zero (65.4353% coverage)
  88 positions changed (0.2351% of total positions)
  estimated pre-polishing sequence accuracy: 99.7649% (Q26.29)

Polishing contig_401 (19,991 bp):
  mean read depth: 3.9x
  4,207 bp have a depth of zero (78.9555% coverage)
  157 positions changed (0.7854% of total positions)
  estimated pre-polishing sequence accuracy: 99.2146% (Q21.05)

Polishing contig_402 (28,024 bp):
  mean read depth: 3.7x
  3,846 bp have a depth of zero (86.2760% coverage)
  153 positions changed (0.5460% of total positions)
  estimated pre-polishing sequence accuracy: 99.4540% (Q22.63)

Polishing contig_403 (25,574 bp):
  mean read depth: 1.1x
  12,750 bp have a depth of zero (50.1447% coverage)
  9 positions changed (0.0352% of total positions)
  estimated pre-polishing sequence accuracy: 99.9648% (Q34.54)

Polishing contig_404 (20,445 bp):
  mean read depth: 13.6x
  7,898 bp have a depth of zero (61.3695% coverage)
  66 positions changed (0.3228% of total positions)
  estimated pre-polishing sequence accuracy: 99.6772% (Q24.91)

Polishing contig_405 (23,632 bp):
  mean read depth: 19.8x
  3,334 bp have a depth of zero (85.8920% coverage)
  101 positions changed (0.4274% of total positions)
  estimated pre-polishing sequence accuracy: 99.5726% (Q23.69)

Polishing contig_406 (219,036 bp):
  mean read depth: 19.9x
  15,569 bp have a depth of zero (92.8920% coverage)
  998 positions changed (0.4556% of total positions)
  estimated pre-polishing sequence accuracy: 99.5444% (Q23.41)

Polishing contig_407 (74,834 bp):
  mean read depth: 20.7x
  3,084 bp have a depth of zero (95.8789% coverage)
  377 positions changed (0.5038% of total positions)
  estimated pre-polishing sequence accuracy: 99.4962% (Q22.98)

Polishing contig_408 (66,460 bp):
  mean read depth: 21.4x
  711 bp have a depth of zero (98.9302% coverage)
  357 positions changed (0.5372% of total positions)
  estimated pre-polishing sequence accuracy: 99.4628% (Q22.70)

Polishing contig_409 (18,573 bp):
  mean read depth: 4.0x
  2,222 bp have a depth of zero (88.0364% coverage)
  136 positions changed (0.7322% of total positions)
  estimated pre-polishing sequence accuracy: 99.2678% (Q21.35)

Polishing contig_41 (56,524 bp):
  mean read depth: 4.2x
  7,477 bp have a depth of zero (86.7720% coverage)
  373 positions changed (0.6599% of total positions)
  estimated pre-polishing sequence accuracy: 99.3401% (Q21.81)

Polishing contig_410 (13,929 bp):
  mean read depth: 2.3x
  3,425 bp have a depth of zero (75.4110% coverage)
  23 positions changed (0.1651% of total positions)
  estimated pre-polishing sequence accuracy: 99.8349% (Q27.82)

Polishing contig_411 (46,620 bp):
  mean read depth: 2.0x
  15,078 bp have a depth of zero (67.6577% coverage)
  90 positions changed (0.1931% of total positions)
  estimated pre-polishing sequence accuracy: 99.8069% (Q27.14)

Polishing contig_412 (33,578 bp):
  mean read depth: 4.0x
  3,467 bp have a depth of zero (89.6748% coverage)
  223 positions changed (0.6641% of total positions)
  estimated pre-polishing sequence accuracy: 99.3359% (Q21.78)

Polishing contig_413 (30,750 bp):
  mean read depth: 1.7x
  7,357 bp have a depth of zero (76.0748% coverage)
  39 positions changed (0.1268% of total positions)
  estimated pre-polishing sequence accuracy: 99.8732% (Q28.97)

Polishing contig_414 (11,502 bp):
  mean read depth: 12.7x
  741 bp have a depth of zero (93.5576% coverage)
  79 positions changed (0.6868% of total positions)
  estimated pre-polishing sequence accuracy: 99.3132% (Q21.63)

Polishing contig_415 (16,889 bp):
  mean read depth: 1.5x
  5,371 bp have a depth of zero (68.1982% coverage)
  14 positions changed (0.0829% of total positions)
  estimated pre-polishing sequence accuracy: 99.9171% (Q30.81)

Polishing contig_416 (32,857 bp):
  mean read depth: 1.3x
  14,747 bp have a depth of zero (55.1176% coverage)
  13 positions changed (0.0396% of total positions)
  estimated pre-polishing sequence accuracy: 99.9604% (Q34.03)

Polishing contig_417 (32,796 bp):
  mean read depth: 2.7x
  10,718 bp have a depth of zero (67.3192% coverage)
  164 positions changed (0.5001% of total positions)
  estimated pre-polishing sequence accuracy: 99.4999% (Q23.01)

Polishing contig_418 (157,770 bp):
  mean read depth: 4.8x
  11,264 bp have a depth of zero (92.8605% coverage)
  1,276 positions changed (0.8088% of total positions)
  estimated pre-polishing sequence accuracy: 99.1912% (Q20.92)

Polishing contig_419 (15,035 bp):
  mean read depth: 3.5x
  2,586 bp have a depth of zero (82.8001% coverage)
  55 positions changed (0.3658% of total positions)
  estimated pre-polishing sequence accuracy: 99.6342% (Q24.37)

Polishing contig_42 (53,510 bp):
  mean read depth: 4.5x
  5,351 bp have a depth of zero (90.0000% coverage)
  427 positions changed (0.7980% of total positions)
  estimated pre-polishing sequence accuracy: 99.2020% (Q20.98)

Polishing contig_420 (31,651 bp):
  mean read depth: 3.3x
  12,005 bp have a depth of zero (62.0707% coverage)
  153 positions changed (0.4834% of total positions)
  estimated pre-polishing sequence accuracy: 99.5166% (Q23.16)

Polishing contig_421 (1,238,711 bp):
  mean read depth: 72.3x
  25,177 bp have a depth of zero (97.9675% coverage)
  5,106 positions changed (0.4122% of total positions)
  estimated pre-polishing sequence accuracy: 99.5878% (Q23.85)

Polishing contig_422 (19,127 bp):
  mean read depth: 4.2x
  3,195 bp have a depth of zero (83.2959% coverage)
  153 positions changed (0.7999% of total positions)
  estimated pre-polishing sequence accuracy: 99.2001% (Q20.97)

Polishing contig_423 (12,481 bp):
  mean read depth: 1.0x
  7,171 bp have a depth of zero (42.5447% coverage)
  1 position changed (0.0080% of total positions)
  estimated pre-polishing sequence accuracy: 99.9920% (Q40.96)

Polishing contig_424 (24,336 bp):
  mean read depth: 5.3x
  4,495 bp have a depth of zero (81.5294% coverage)
  201 positions changed (0.8259% of total positions)
  estimated pre-polishing sequence accuracy: 99.1741% (Q20.83)

Polishing contig_425 (9,222 bp):
  mean read depth: 2.9x
  1,710 bp have a depth of zero (81.4574% coverage)
  48 positions changed (0.5205% of total positions)
  estimated pre-polishing sequence accuracy: 99.4795% (Q22.84)

Polishing contig_426 (36,272 bp):
  mean read depth: 3.7x
  9,178 bp have a depth of zero (74.6967% coverage)
  237 positions changed (0.6534% of total positions)
  estimated pre-polishing sequence accuracy: 99.3466% (Q21.85)

Polishing contig_427 (13,479 bp):
  mean read depth: 4.5x
  2,220 bp have a depth of zero (83.5299% coverage)
  90 positions changed (0.6677% of total positions)
  estimated pre-polishing sequence accuracy: 99.3323% (Q21.75)

Polishing contig_428 (11,894 bp):
  mean read depth: 4.0x
  1,625 bp have a depth of zero (86.3376% coverage)
  98 positions changed (0.8239% of total positions)
  estimated pre-polishing sequence accuracy: 99.1761% (Q20.84)

Polishing contig_429 (48,668 bp):
  mean read depth: 4.4x
  9,930 bp have a depth of zero (79.5964% coverage)
  362 positions changed (0.7438% of total positions)
  estimated pre-polishing sequence accuracy: 99.2562% (Q21.29)

Polishing contig_43 (2,199 bp):
  mean read depth: 6.5x
  910 bp have a depth of zero (58.6176% coverage)
  15 positions changed (0.6821% of total positions)
  estimated pre-polishing sequence accuracy: 99.3179% (Q21.66)

Polishing contig_430 (11,936 bp):
  mean read depth: 2.8x
  3,607 bp have a depth of zero (69.7805% coverage)
  76 positions changed (0.6367% of total positions)
  estimated pre-polishing sequence accuracy: 99.3633% (Q21.96)

Polishing contig_431 (28,364 bp):
  mean read depth: 2.9x
  11,460 bp have a depth of zero (59.5967% coverage)
  166 positions changed (0.5852% of total positions)
  estimated pre-polishing sequence accuracy: 99.4148% (Q22.33)

Polishing contig_432 (15,939 bp):
  mean read depth: 0.7x
  9,621 bp have a depth of zero (39.6386% coverage)
  5 positions changed (0.0314% of total positions)
  estimated pre-polishing sequence accuracy: 99.9686% (Q35.03)

Polishing contig_433 (27,229 bp):
  mean read depth: 1.7x
  11,699 bp have a depth of zero (57.0348% coverage)
  34 positions changed (0.1249% of total positions)
  estimated pre-polishing sequence accuracy: 99.8751% (Q29.04)

Polishing contig_434 (28,816 bp):
  mean read depth: 5.6x
  889 bp have a depth of zero (96.9149% coverage)
  260 positions changed (0.9023% of total positions)
  estimated pre-polishing sequence accuracy: 99.0977% (Q20.45)

Polishing contig_435 (11,924 bp):
  mean read depth: 3.1x
  3,455 bp have a depth of zero (71.0248% coverage)
  31 positions changed (0.2600% of total positions)
  estimated pre-polishing sequence accuracy: 99.7400% (Q25.85)

Polishing contig_436 (11,557 bp):
  mean read depth: 2.7x
  1,527 bp have a depth of zero (86.7872% coverage)
  40 positions changed (0.3461% of total positions)
  estimated pre-polishing sequence accuracy: 99.6539% (Q24.61)

Polishing contig_437 (61,474 bp):
  mean read depth: 1.4x
  29,842 bp have a depth of zero (51.4559% coverage)
  52 positions changed (0.0846% of total positions)
  estimated pre-polishing sequence accuracy: 99.9154% (Q30.73)

Polishing contig_438 (13,918 bp):
  mean read depth: 0.9x
  7,850 bp have a depth of zero (43.5982% coverage)
  8 positions changed (0.0575% of total positions)
  estimated pre-polishing sequence accuracy: 99.9425% (Q32.40)

Polishing contig_439 (2,993 bp):
  mean read depth: 1.3x
  1,088 bp have a depth of zero (63.6485% coverage)
  4 positions changed (0.1336% of total positions)
  estimated pre-polishing sequence accuracy: 99.8664% (Q28.74)

Polishing contig_44 (59,216 bp):
  mean read depth: 4.7x
  4,046 bp have a depth of zero (93.1674% coverage)
  537 positions changed (0.9068% of total positions)
  estimated pre-polishing sequence accuracy: 99.0932% (Q20.42)

Polishing contig_440 (29,267 bp):
  mean read depth: 4.3x
  4,147 bp have a depth of zero (85.8305% coverage)
  235 positions changed (0.8030% of total positions)
  estimated pre-polishing sequence accuracy: 99.1970% (Q20.95)

Polishing contig_441 (27,499 bp):
  mean read depth: 2.7x
  7,957 bp have a depth of zero (71.0644% coverage)
  109 positions changed (0.3964% of total positions)
  estimated pre-polishing sequence accuracy: 99.6036% (Q24.02)

Polishing contig_442 (17,856 bp):
  mean read depth: 2.7x
  3,368 bp have a depth of zero (81.1380% coverage)
  49 positions changed (0.2744% of total positions)
  estimated pre-polishing sequence accuracy: 99.7256% (Q25.62)

Polishing contig_443 (82,056 bp):
  mean read depth: 71.1x
  18,704 bp have a depth of zero (77.2058% coverage)
  221 positions changed (0.2693% of total positions)
  estimated pre-polishing sequence accuracy: 99.7307% (Q25.70)

Polishing contig_444 (35,256 bp):
  mean read depth: 0.8x
  20,219 bp have a depth of zero (42.6509% coverage)
  3 positions changed (0.0085% of total positions)
  estimated pre-polishing sequence accuracy: 99.9915% (Q40.70)

Polishing contig_445 (4,888 bp):
  mean read depth: 1.6x
  1,365 bp have a depth of zero (72.0745% coverage)
  3 positions changed (0.0614% of total positions)
  estimated pre-polishing sequence accuracy: 99.9386% (Q32.12)

Polishing contig_446 (32,211 bp):
  mean read depth: 2.2x
  9,198 bp have a depth of zero (71.4445% coverage)
  109 positions changed (0.3384% of total positions)
  estimated pre-polishing sequence accuracy: 99.6616% (Q24.71)

Polishing contig_447 (13,973 bp):
  mean read depth: 3.6x
  2,801 bp have a depth of zero (79.9542% coverage)
  109 positions changed (0.7801% of total positions)
  estimated pre-polishing sequence accuracy: 99.2199% (Q21.08)

Polishing contig_448 (11,457 bp):
  mean read depth: 1.1x
  4,466 bp have a depth of zero (61.0195% coverage)
  0 positions changed (0.0000% of total positions)
  estimated pre-polishing sequence accuracy: 100.0000% (Q∞)

Polishing contig_449 (51,458 bp):
  mean read depth: 2.3x
  17,365 bp have a depth of zero (66.2540% coverage)
  140 positions changed (0.2721% of total positions)
  estimated pre-polishing sequence accuracy: 99.7279% (Q25.65)

Polishing contig_45 (18,426 bp):
  mean read depth: 2.9x
  2,975 bp have a depth of zero (83.8543% coverage)
  65 positions changed (0.3528% of total positions)
  estimated pre-polishing sequence accuracy: 99.6472% (Q24.53)

Polishing contig_450 (31,943 bp):
  mean read depth: 4.1x
  6,537 bp have a depth of zero (79.5354% coverage)
  218 positions changed (0.6825% of total positions)
  estimated pre-polishing sequence accuracy: 99.3175% (Q21.66)

Polishing contig_451 (17,202 bp):
  mean read depth: 3.5x
  1,722 bp have a depth of zero (89.9895% coverage)
  76 positions changed (0.4418% of total positions)
  estimated pre-polishing sequence accuracy: 99.5582% (Q23.55)

Polishing contig_452 (27,346 bp):
  mean read depth: 1.5x
  10,061 bp have a depth of zero (63.2085% coverage)
  32 positions changed (0.1170% of total positions)
  estimated pre-polishing sequence accuracy: 99.8830% (Q29.32)

Polishing contig_453 (31,309 bp):
  mean read depth: 1.9x
  6,968 bp have a depth of zero (77.7444% coverage)
  48 positions changed (0.1533% of total positions)
  estimated pre-polishing sequence accuracy: 99.8467% (Q28.14)

Polishing contig_454 (29,215 bp):
  mean read depth: 3.1x
  5,872 bp have a depth of zero (79.9007% coverage)
  180 positions changed (0.6161% of total positions)
  estimated pre-polishing sequence accuracy: 99.3839% (Q22.10)

Polishing contig_455 (55,252 bp):
  mean read depth: 4.1x
  5,738 bp have a depth of zero (89.6149% coverage)
  438 positions changed (0.7927% of total positions)
  estimated pre-polishing sequence accuracy: 99.2073% (Q21.01)

Polishing contig_456 (13,542 bp):
  mean read depth: 1.2x
  9,214 bp have a depth of zero (31.9598% coverage)
  34 positions changed (0.2511% of total positions)
  estimated pre-polishing sequence accuracy: 99.7489% (Q26.00)

Polishing contig_457 (13,829 bp):
  mean read depth: 1.2x
  6,794 bp have a depth of zero (50.8714% coverage)
  12 positions changed (0.0868% of total positions)
  estimated pre-polishing sequence accuracy: 99.9132% (Q30.62)

Polishing contig_458 (21,639 bp):
  mean read depth: 2.1x
  7,220 bp have a depth of zero (66.6343% coverage)
  57 positions changed (0.2634% of total positions)
  estimated pre-polishing sequence accuracy: 99.7366% (Q25.79)

Polishing contig_459 (5,163 bp):
  mean read depth: 6.7x
  2,777 bp have a depth of zero (46.2134% coverage)
  7 positions changed (0.1356% of total positions)
  estimated pre-polishing sequence accuracy: 99.8644% (Q28.68)

Polishing contig_46 (99,252 bp):
  mean read depth: 3.4x
  23,191 bp have a depth of zero (76.6342% coverage)
  744 positions changed (0.7496% of total positions)
  estimated pre-polishing sequence accuracy: 99.2504% (Q21.25)

Polishing contig_461 (52,803 bp):
  mean read depth: 1.6x
  16,089 bp have a depth of zero (69.5301% coverage)
  33 positions changed (0.0625% of total positions)
  estimated pre-polishing sequence accuracy: 99.9375% (Q32.04)

Polishing contig_462 (26,548 bp):
  mean read depth: 4.3x
  2,478 bp have a depth of zero (90.6660% coverage)
  248 positions changed (0.9342% of total positions)
  estimated pre-polishing sequence accuracy: 99.0658% (Q20.30)

Polishing contig_463 (36,632 bp):
  mean read depth: 4.9x
  2,670 bp have a depth of zero (92.7113% coverage)
  419 positions changed (1.1438% of total positions)
  estimated pre-polishing sequence accuracy: 98.8562% (Q19.42)

Polishing contig_464 (27,207 bp):
  mean read depth: 2.1x
  7,062 bp have a depth of zero (74.0434% coverage)
  49 positions changed (0.1801% of total positions)
  estimated pre-polishing sequence accuracy: 99.8199% (Q27.44)

Polishing contig_465 (21,421 bp):
  mean read depth: 2.4x
  6,945 bp have a depth of zero (67.5785% coverage)
  76 positions changed (0.3548% of total positions)
  estimated pre-polishing sequence accuracy: 99.6452% (Q24.50)

Polishing contig_467 (253,872 bp):
  mean read depth: 20.7x
  35,612 bp have a depth of zero (85.9725% coverage)
  575 positions changed (0.2265% of total positions)
  estimated pre-polishing sequence accuracy: 99.7735% (Q26.45)

Polishing contig_469 (36,357 bp):
  mean read depth: 2.9x
  13,972 bp have a depth of zero (61.5700% coverage)
  191 positions changed (0.5253% of total positions)
  estimated pre-polishing sequence accuracy: 99.4747% (Q22.80)

Polishing contig_47 (18,927 bp):
  mean read depth: 3.1x
  4,547 bp have a depth of zero (75.9761% coverage)
  25 positions changed (0.1321% of total positions)
  estimated pre-polishing sequence accuracy: 99.8679% (Q28.79)

Polishing contig_470 (17,206 bp):
  mean read depth: 1.5x
  5,140 bp have a depth of zero (70.1267% coverage)
  16 positions changed (0.0930% of total positions)
  estimated pre-polishing sequence accuracy: 99.9070% (Q30.32)

Polishing contig_471 (23,187 bp):
  mean read depth: 1.7x
  5,923 bp have a depth of zero (74.4555% coverage)
  35 positions changed (0.1509% of total positions)
  estimated pre-polishing sequence accuracy: 99.8491% (Q28.21)

Polishing contig_472 (22,362 bp):
  mean read depth: 2.7x
  6,279 bp have a depth of zero (71.9211% coverage)
  65 positions changed (0.2907% of total positions)
  estimated pre-polishing sequence accuracy: 99.7093% (Q25.37)

Polishing contig_473 (39,554 bp):
  mean read depth: 4.3x
  5,052 bp have a depth of zero (87.2276% coverage)
  286 positions changed (0.7231% of total positions)
  estimated pre-polishing sequence accuracy: 99.2769% (Q21.41)

Polishing contig_474 (36,469 bp):
  mean read depth: 2.4x
  11,966 bp have a depth of zero (67.1886% coverage)
  119 positions changed (0.3263% of total positions)
  estimated pre-polishing sequence accuracy: 99.6737% (Q24.86)

Polishing contig_475 (51,723 bp):
  mean read depth: 1.4x
  18,342 bp have a depth of zero (64.5380% coverage)
  42 positions changed (0.0812% of total positions)
  estimated pre-polishing sequence accuracy: 99.9188% (Q30.90)

Polishing contig_476 (24,485 bp):
  mean read depth: 3.7x
  5,251 bp have a depth of zero (78.5542% coverage)
  121 positions changed (0.4942% of total positions)
  estimated pre-polishing sequence accuracy: 99.5058% (Q23.06)

Polishing contig_477 (14,986 bp):
  mean read depth: 3.3x
  2,260 bp have a depth of zero (84.9193% coverage)
  88 positions changed (0.5872% of total positions)
  estimated pre-polishing sequence accuracy: 99.4128% (Q22.31)

Polishing contig_478 (10,980 bp):
  mean read depth: 2.6x
  4,591 bp have a depth of zero (58.1876% coverage)
  13 positions changed (0.1184% of total positions)
  estimated pre-polishing sequence accuracy: 99.8816% (Q29.27)

Polishing contig_479 (189,479 bp):
  mean read depth: 22.2x
  7,370 bp have a depth of zero (96.1104% coverage)
  548 positions changed (0.2892% of total positions)
  estimated pre-polishing sequence accuracy: 99.7108% (Q25.39)

Polishing contig_48 (36,851 bp):
  mean read depth: 3.6x
  3,428 bp have a depth of zero (90.6977% coverage)
  181 positions changed (0.4912% of total positions)
  estimated pre-polishing sequence accuracy: 99.5088% (Q23.09)

Polishing contig_480 (115,333 bp):
  mean read depth: 19.0x
  5,954 bp have a depth of zero (94.8376% coverage)
  320 positions changed (0.2775% of total positions)
  estimated pre-polishing sequence accuracy: 99.7225% (Q25.57)

Polishing contig_481 (143,044 bp):
  mean read depth: 24.6x
  6,630 bp have a depth of zero (95.3651% coverage)
  428 positions changed (0.2992% of total positions)
  estimated pre-polishing sequence accuracy: 99.7008% (Q25.24)

Polishing contig_484 (371,522 bp):
  mean read depth: 19.7x
  92,967 bp have a depth of zero (74.9767% coverage)
  676 positions changed (0.1820% of total positions)
  estimated pre-polishing sequence accuracy: 99.8180% (Q27.40)

Polishing contig_485 (14,699 bp):
  mean read depth: 11.5x
  1,938 bp have a depth of zero (86.8154% coverage)
  81 positions changed (0.5511% of total positions)
  estimated pre-polishing sequence accuracy: 99.4489% (Q22.59)

Polishing contig_486 (893,712 bp):
  mean read depth: 107.4x
  45,306 bp have a depth of zero (94.9306% coverage)
  2,778 positions changed (0.3108% of total positions)
  estimated pre-polishing sequence accuracy: 99.6892% (Q25.07)

Polishing contig_487 (856,652 bp):
  mean read depth: 85.3x
  48,593 bp have a depth of zero (94.3276% coverage)
  2,755 positions changed (0.3216% of total positions)
  estimated pre-polishing sequence accuracy: 99.6784% (Q24.93)

Polishing contig_488 (36,196 bp):
  mean read depth: 1.5x
  10,949 bp have a depth of zero (69.7508% coverage)
  13 positions changed (0.0359% of total positions)
  estimated pre-polishing sequence accuracy: 99.9641% (Q34.45)

Polishing contig_489 (18,743 bp):
  mean read depth: 1.4x
  8,174 bp have a depth of zero (56.3891% coverage)
  7 positions changed (0.0373% of total positions)
  estimated pre-polishing sequence accuracy: 99.9627% (Q34.28)

Polishing contig_49 (11,924 bp):
  mean read depth: 1.1x
  5,894 bp have a depth of zero (50.5703% coverage)
  8 positions changed (0.0671% of total positions)
  estimated pre-polishing sequence accuracy: 99.9329% (Q31.73)

Polishing contig_490 (35,216 bp):
  mean read depth: 2.2x
  8,953 bp have a depth of zero (74.5769% coverage)
  92 positions changed (0.2612% of total positions)
  estimated pre-polishing sequence accuracy: 99.7388% (Q25.83)

Polishing contig_491 (73,000 bp):
  mean read depth: 5.6x
  3,161 bp have a depth of zero (95.6699% coverage)
  717 positions changed (0.9822% of total positions)
  estimated pre-polishing sequence accuracy: 99.0178% (Q20.08)

Polishing contig_493 (261,547 bp):
  mean read depth: 16.1x
  42,834 bp have a depth of zero (83.6228% coverage)
  586 positions changed (0.2241% of total positions)
  estimated pre-polishing sequence accuracy: 99.7759% (Q26.50)

Polishing contig_494 (53,209 bp):
  mean read depth: 19.6x
  26,339 bp have a depth of zero (50.4990% coverage)
  53 positions changed (0.0996% of total positions)
  estimated pre-polishing sequence accuracy: 99.9004% (Q30.02)

Polishing contig_495 (41,534 bp):
  mean read depth: 29.0x
  15,425 bp have a depth of zero (62.8618% coverage)
  51 positions changed (0.1228% of total positions)
  estimated pre-polishing sequence accuracy: 99.8772% (Q29.11)

Polishing contig_496 (26,498 bp):
  mean read depth: 3.2x
  4,231 bp have a depth of zero (84.0328% coverage)
  149 positions changed (0.5623% of total positions)
  estimated pre-polishing sequence accuracy: 99.4377% (Q22.50)

Polishing contig_497 (13,188 bp):
  mean read depth: 0.7x
  8,640 bp have a depth of zero (34.4859% coverage)
  0 positions changed (0.0000% of total positions)
  estimated pre-polishing sequence accuracy: 100.0000% (Q∞)

Polishing contig_498 (19,226 bp):
  mean read depth: 3.4x
  5,733 bp have a depth of zero (70.1810% coverage)
  171 positions changed (0.8894% of total positions)
  estimated pre-polishing sequence accuracy: 99.1106% (Q20.51)

Polishing contig_499 (46,215 bp):
  mean read depth: 5.0x
  2,177 bp have a depth of zero (95.2894% coverage)
  446 positions changed (0.9651% of total positions)
  estimated pre-polishing sequence accuracy: 99.0349% (Q20.15)

Polishing contig_50 (12,902 bp):
  mean read depth: 3.3x
  2,586 bp have a depth of zero (79.9566% coverage)
  83 positions changed (0.6433% of total positions)
  estimated pre-polishing sequence accuracy: 99.3567% (Q21.92)

Polishing contig_500 (17,841 bp):
  mean read depth: 2.7x
  4,971 bp have a depth of zero (72.1372% coverage)
  83 positions changed (0.4652% of total positions)
  estimated pre-polishing sequence accuracy: 99.5348% (Q23.32)

Polishing contig_501 (108,224 bp):
  mean read depth: 4.3x
  2,823 bp have a depth of zero (97.3915% coverage)
  427 positions changed (0.3946% of total positions)
  estimated pre-polishing sequence accuracy: 99.6054% (Q24.04)

Polishing contig_502 (35,064 bp):
  mean read depth: 2.9x
  5,619 bp have a depth of zero (83.9750% coverage)
  100 positions changed (0.2852% of total positions)
  estimated pre-polishing sequence accuracy: 99.7148% (Q25.45)

Polishing contig_503 (28,246 bp):
  mean read depth: 1.4x
  9,300 bp have a depth of zero (67.0750% coverage)
  32 positions changed (0.1133% of total positions)
  estimated pre-polishing sequence accuracy: 99.8867% (Q29.46)

Polishing contig_504 (21,098 bp):
  mean read depth: 1.7x
  4,983 bp have a depth of zero (76.3816% coverage)
  18 positions changed (0.0853% of total positions)
  estimated pre-polishing sequence accuracy: 99.9147% (Q30.69)

Polishing contig_505 (15,491 bp):
  mean read depth: 2.1x
  5,312 bp have a depth of zero (65.7091% coverage)
  68 positions changed (0.4390% of total positions)
  estimated pre-polishing sequence accuracy: 99.5610% (Q23.58)

Polishing contig_506 (10,130 bp):
  mean read depth: 2.5x
  3,461 bp have a depth of zero (65.8342% coverage)
  63 positions changed (0.6219% of total positions)
  estimated pre-polishing sequence accuracy: 99.3781% (Q22.06)

Polishing contig_507 (21,063 bp):
  mean read depth: 0.9x
  12,062 bp have a depth of zero (42.7337% coverage)
  14 positions changed (0.0665% of total positions)
  estimated pre-polishing sequence accuracy: 99.9335% (Q31.77)

Polishing contig_509 (394,372 bp):
  mean read depth: 26.6x
  29,771 bp have a depth of zero (92.4510% coverage)
  1,397 positions changed (0.3542% of total positions)
  estimated pre-polishing sequence accuracy: 99.6458% (Q24.51)

Polishing contig_51 (17,664 bp):
  mean read depth: 4.0x
  1,896 bp have a depth of zero (89.2663% coverage)
  130 positions changed (0.7360% of total positions)
  estimated pre-polishing sequence accuracy: 99.2640% (Q21.33)

Polishing contig_510 (2,383,397 bp):
  mean read depth: 27.0x
  117,380 bp have a depth of zero (95.0751% coverage)
  8,539 positions changed (0.3583% of total positions)
  estimated pre-polishing sequence accuracy: 99.6417% (Q24.46)

Polishing contig_511 (17,019 bp):
  mean read depth: 1.8x
  7,027 bp have a depth of zero (58.7109% coverage)
  41 positions changed (0.2409% of total positions)
  estimated pre-polishing sequence accuracy: 99.7591% (Q26.18)

Polishing contig_512 (22,371 bp):
  mean read depth: 4.5x
  1,236 bp have a depth of zero (94.4750% coverage)
  198 positions changed (0.8851% of total positions)
  estimated pre-polishing sequence accuracy: 99.1149% (Q20.53)

Polishing contig_513 (19,777 bp):
  mean read depth: 1.5x
  8,032 bp have a depth of zero (59.3872% coverage)
  16 positions changed (0.0809% of total positions)
  estimated pre-polishing sequence accuracy: 99.9191% (Q30.92)

Polishing contig_514 (9,449 bp):
  mean read depth: 1.2x
  3,885 bp have a depth of zero (58.8845% coverage)
  0 positions changed (0.0000% of total positions)
  estimated pre-polishing sequence accuracy: 100.0000% (Q∞)

Polishing contig_515 (14,034 bp):
  mean read depth: 1.1x
  5,174 bp have a depth of zero (63.1324% coverage)
  2 positions changed (0.0143% of total positions)
  estimated pre-polishing sequence accuracy: 99.9857% (Q38.46)

Polishing contig_516 (20,267 bp):
  mean read depth: 3.2x
  7,582 bp have a depth of zero (62.5894% coverage)
  138 positions changed (0.6809% of total positions)
  estimated pre-polishing sequence accuracy: 99.3191% (Q21.67)

Polishing contig_517 (11,841 bp):
  mean read depth: 1.8x
  4,321 bp have a depth of zero (63.5081% coverage)
  20 positions changed (0.1689% of total positions)
  estimated pre-polishing sequence accuracy: 99.8311% (Q27.72)

Polishing contig_518 (66,152 bp):
  mean read depth: 4.2x
  11,004 bp have a depth of zero (83.3656% coverage)
  652 positions changed (0.9856% of total positions)
  estimated pre-polishing sequence accuracy: 99.0144% (Q20.06)

Polishing contig_519 (8,114 bp):
  mean read depth: 1.7x
  4,374 bp have a depth of zero (46.0932% coverage)
  16 positions changed (0.1972% of total positions)
  estimated pre-polishing sequence accuracy: 99.8028% (Q27.05)

Polishing contig_52 (12,606 bp):
  mean read depth: 4.9x
  831 bp have a depth of zero (93.4079% coverage)
  141 positions changed (1.1185% of total positions)
  estimated pre-polishing sequence accuracy: 98.8815% (Q19.51)

Polishing contig_520 (26,495 bp):
  mean read depth: 3.9x
  5,850 bp have a depth of zero (77.9204% coverage)
  232 positions changed (0.8756% of total positions)
  estimated pre-polishing sequence accuracy: 99.1244% (Q20.58)

Polishing contig_521 (4,830 bp):
  mean read depth: 3.1x
  780 bp have a depth of zero (83.8509% coverage)
  18 positions changed (0.3727% of total positions)
  estimated pre-polishing sequence accuracy: 99.6273% (Q24.29)

Polishing contig_522 (26,787 bp):
  mean read depth: 3.4x
  3,428 bp have a depth of zero (87.2027% coverage)
  139 positions changed (0.5189% of total positions)
  estimated pre-polishing sequence accuracy: 99.4811% (Q22.85)

Polishing contig_523 (46,393 bp):
  mean read depth: 3.1x
  6,961 bp have a depth of zero (84.9956% coverage)
  196 positions changed (0.4225% of total positions)
  estimated pre-polishing sequence accuracy: 99.5775% (Q23.74)

Polishing contig_524 (11,618 bp):
  mean read depth: 3.0x
  3,305 bp have a depth of zero (71.5528% coverage)
  59 positions changed (0.5078% of total positions)
  estimated pre-polishing sequence accuracy: 99.4922% (Q22.94)

Polishing contig_525 (249,809 bp):
  mean read depth: 5.7x
  11,106 bp have a depth of zero (95.5542% coverage)
  2,019 positions changed (0.8082% of total positions)
  estimated pre-polishing sequence accuracy: 99.1918% (Q20.92)

Polishing contig_526 (185,867 bp):
  mean read depth: 5.9x
  13,238 bp have a depth of zero (92.8777% coverage)
  1,483 positions changed (0.7979% of total positions)
  estimated pre-polishing sequence accuracy: 99.2021% (Q20.98)

Polishing contig_527 (4,883 bp):
  mean read depth: 6.7x
  43 bp have a depth of zero (99.1194% coverage)
  42 positions changed (0.8601% of total positions)
  estimated pre-polishing sequence accuracy: 99.1399% (Q20.65)

Polishing contig_528 (53,788 bp):
  mean read depth: 6.1x
  909 bp have a depth of zero (98.3100% coverage)
  430 positions changed (0.7994% of total positions)
  estimated pre-polishing sequence accuracy: 99.2006% (Q20.97)

Polishing contig_529 (27,634 bp):
  mean read depth: 3.3x
  8,850 bp have a depth of zero (67.9742% coverage)
  177 positions changed (0.6405% of total positions)
  estimated pre-polishing sequence accuracy: 99.3595% (Q21.93)

Polishing contig_53 (787,681 bp):
  mean read depth: 20.6x
  30,717 bp have a depth of zero (96.1003% coverage)
  2,359 positions changed (0.2995% of total positions)
  estimated pre-polishing sequence accuracy: 99.7005% (Q25.24)

Polishing contig_530 (16,473 bp):
  mean read depth: 1.8x
  5,134 bp have a depth of zero (68.8338% coverage)
  36 positions changed (0.2185% of total positions)
  estimated pre-polishing sequence accuracy: 99.7815% (Q26.60)

Polishing contig_531 (4,219 bp):
  mean read depth: 1.1x
  2,339 bp have a depth of zero (44.5603% coverage)
  4 positions changed (0.0948% of total positions)
  estimated pre-polishing sequence accuracy: 99.9052% (Q30.23)

Polishing contig_532 (23,965 bp):
  mean read depth: 3.1x
  7,272 bp have a depth of zero (69.6557% coverage)
  80 positions changed (0.3338% of total positions)
  estimated pre-polishing sequence accuracy: 99.6662% (Q24.76)

Polishing contig_533 (9,169 bp):
  mean read depth: 3.2x
  1,170 bp have a depth of zero (87.2396% coverage)
  37 positions changed (0.4035% of total positions)
  estimated pre-polishing sequence accuracy: 99.5965% (Q23.94)

Polishing contig_534 (11,473 bp):
  mean read depth: 4.3x
  2,126 bp have a depth of zero (81.4695% coverage)
  124 positions changed (1.0808% of total positions)
  estimated pre-polishing sequence accuracy: 98.9192% (Q19.66)

Polishing contig_535 (13,970 bp):
  mean read depth: 0.4x
  13,107 bp have a depth of zero (6.1775% coverage)
  11 positions changed (0.0787% of total positions)
  estimated pre-polishing sequence accuracy: 99.9213% (Q31.04)

Polishing contig_536 (12,358 bp):
  mean read depth: 6.4x
  4,341 bp have a depth of zero (64.8730% coverage)
  29 positions changed (0.2347% of total positions)
  estimated pre-polishing sequence accuracy: 99.7653% (Q26.30)

Polishing contig_537 (49,528 bp):
  mean read depth: 3.1x
  9,275 bp have a depth of zero (81.2732% coverage)
  224 positions changed (0.4523% of total positions)
  estimated pre-polishing sequence accuracy: 99.5477% (Q23.45)

Polishing contig_538 (28,206 bp):
  mean read depth: 2.9x
  4,305 bp have a depth of zero (84.7373% coverage)
  102 positions changed (0.3616% of total positions)
  estimated pre-polishing sequence accuracy: 99.6384% (Q24.42)

Polishing contig_539 (4,283 bp):
  mean read depth: 10.1x
  692 bp have a depth of zero (83.8431% coverage)
  22 positions changed (0.5137% of total positions)
  estimated pre-polishing sequence accuracy: 99.4863% (Q22.89)

Polishing contig_540 (13,023 bp):
  mean read depth: 0.6x
  7,943 bp have a depth of zero (39.0079% coverage)
  6 positions changed (0.0461% of total positions)
  estimated pre-polishing sequence accuracy: 99.9539% (Q33.37)

Polishing contig_541 (44,756 bp):
  mean read depth: 3.9x
  6,571 bp have a depth of zero (85.3182% coverage)
  438 positions changed (0.9786% of total positions)
  estimated pre-polishing sequence accuracy: 99.0214% (Q20.09)

Polishing contig_542 (11,085 bp):
  mean read depth: 0.4x
  7,845 bp have a depth of zero (29.2287% coverage)
  0 positions changed (0.0000% of total positions)
  estimated pre-polishing sequence accuracy: 100.0000% (Q∞)

Polishing contig_543 (23,877 bp):
  mean read depth: 1.3x
  8,262 bp have a depth of zero (65.3977% coverage)
  15 positions changed (0.0628% of total positions)
  estimated pre-polishing sequence accuracy: 99.9372% (Q32.02)

Polishing contig_544 (138,825 bp):
  mean read depth: 7.6x
  18,637 bp have a depth of zero (86.5752% coverage)
  1,038 positions changed (0.7477% of total positions)
  estimated pre-polishing sequence accuracy: 99.2523% (Q21.26)

Polishing contig_545 (78,192 bp):
  mean read depth: 3.0x
  23,360 bp have a depth of zero (70.1248% coverage)
  290 positions changed (0.3709% of total positions)
  estimated pre-polishing sequence accuracy: 99.6291% (Q24.31)

Polishing contig_546 (13,548 bp):
  mean read depth: 1.3x
  7,479 bp have a depth of zero (44.7963% coverage)
  15 positions changed (0.1107% of total positions)
  estimated pre-polishing sequence accuracy: 99.8893% (Q29.56)

Polishing contig_547 (19,639 bp):
  mean read depth: 5.4x
  942 bp have a depth of zero (95.2034% coverage)
  268 positions changed (1.3646% of total positions)
  estimated pre-polishing sequence accuracy: 98.6354% (Q18.65)

Polishing contig_548 (26,103 bp):
  mean read depth: 2.1x
  7,755 bp have a depth of zero (70.2908% coverage)
  64 positions changed (0.2452% of total positions)
  estimated pre-polishing sequence accuracy: 99.7548% (Q26.11)

Polishing contig_549 (11,434 bp):
  mean read depth: 7.0x
  2,110 bp have a depth of zero (81.5463% coverage)
  76 positions changed (0.6647% of total positions)
  estimated pre-polishing sequence accuracy: 99.3353% (Q21.77)

Polishing contig_55 (5,887 bp):
  mean read depth: 3.2x
  3,420 bp have a depth of zero (41.9059% coverage)
  18 positions changed (0.3058% of total positions)
  estimated pre-polishing sequence accuracy: 99.6942% (Q25.15)

Polishing contig_550 (24,917 bp):
  mean read depth: 2.3x
  9,985 bp have a depth of zero (59.9270% coverage)
  119 positions changed (0.4776% of total positions)
  estimated pre-polishing sequence accuracy: 99.5224% (Q23.21)

Polishing contig_551 (52,662 bp):
  mean read depth: 4.2x
  6,494 bp have a depth of zero (87.6685% coverage)
  495 positions changed (0.9400% of total positions)
  estimated pre-polishing sequence accuracy: 99.0600% (Q20.27)

Polishing contig_552 (30,887 bp):
  mean read depth: 3.3x
  6,212 bp have a depth of zero (79.8880% coverage)
  120 positions changed (0.3885% of total positions)
  estimated pre-polishing sequence accuracy: 99.6115% (Q24.11)

Polishing contig_553 (23,358 bp):
  mean read depth: 3.2x
  6,994 bp have a depth of zero (70.0574% coverage)
  129 positions changed (0.5523% of total positions)
  estimated pre-polishing sequence accuracy: 99.4477% (Q22.58)

Polishing contig_554 (6,744 bp):
  mean read depth: 2.3x
  2,044 bp have a depth of zero (69.6916% coverage)
  17 positions changed (0.2521% of total positions)
  estimated pre-polishing sequence accuracy: 99.7479% (Q25.98)

Polishing contig_555 (14,110 bp):
  mean read depth: 9.8x
  820 bp have a depth of zero (94.1885% coverage)
  122 positions changed (0.8646% of total positions)
  estimated pre-polishing sequence accuracy: 99.1354% (Q20.63)

Polishing contig_556 (37,315 bp):
  mean read depth: 3.6x
  4,212 bp have a depth of zero (88.7123% coverage)
  218 positions changed (0.5842% of total positions)
  estimated pre-polishing sequence accuracy: 99.4158% (Q22.33)

Polishing contig_557 (17,974 bp):
  mean read depth: 4.1x
  2,010 bp have a depth of zero (88.8172% coverage)
  200 positions changed (1.1127% of total positions)
  estimated pre-polishing sequence accuracy: 98.8873% (Q19.54)

Polishing contig_558 (33,087 bp):
  mean read depth: 2.3x
  8,408 bp have a depth of zero (74.5882% coverage)
  60 positions changed (0.1813% of total positions)
  estimated pre-polishing sequence accuracy: 99.8187% (Q27.42)

Polishing contig_559 (18,726 bp):
  mean read depth: 1.2x
  8,719 bp have a depth of zero (53.4391% coverage)
  13 positions changed (0.0694% of total positions)
  estimated pre-polishing sequence accuracy: 99.9306% (Q31.59)

Polishing contig_56 (52,148 bp):
  mean read depth: 2.1x
  11,850 bp have a depth of zero (77.2762% coverage)
  120 positions changed (0.2301% of total positions)
  estimated pre-polishing sequence accuracy: 99.7699% (Q26.38)

Polishing contig_560 (16,883 bp):
  mean read depth: 5.1x
  1,706 bp have a depth of zero (89.8952% coverage)
  184 positions changed (1.0899% of total positions)
  estimated pre-polishing sequence accuracy: 98.9101% (Q19.63)

Polishing contig_561 (28,037 bp):
  mean read depth: 3.3x
  5,198 bp have a depth of zero (81.4602% coverage)
  140 positions changed (0.4993% of total positions)
  estimated pre-polishing sequence accuracy: 99.5007% (Q23.02)

Polishing contig_562 (5,941 bp):
  mean read depth: 3.0x
  805 bp have a depth of zero (86.4501% coverage)
  25 positions changed (0.4208% of total positions)
  estimated pre-polishing sequence accuracy: 99.5792% (Q23.76)

Polishing contig_563 (16,370 bp):
  mean read depth: 1.8x
  6,102 bp have a depth of zero (62.7245% coverage)
  27 positions changed (0.1649% of total positions)
  estimated pre-polishing sequence accuracy: 99.8351% (Q27.83)

Polishing contig_564 (19,030 bp):
  mean read depth: 2.0x
  6,482 bp have a depth of zero (65.9380% coverage)
  55 positions changed (0.2890% of total positions)
  estimated pre-polishing sequence accuracy: 99.7110% (Q25.39)

Polishing contig_565 (17,770 bp):
  mean read depth: 4.5x
  2,010 bp have a depth of zero (88.6888% coverage)
  148 positions changed (0.8329% of total positions)
  estimated pre-polishing sequence accuracy: 99.1671% (Q20.79)

Polishing contig_566 (246,370 bp):
  mean read depth: 26.0x
  12,922 bp have a depth of zero (94.7550% coverage)
  982 positions changed (0.3986% of total positions)
  estimated pre-polishing sequence accuracy: 99.6014% (Q23.99)

Polishing contig_567 (23,642 bp):
  mean read depth: 17.0x
  4,386 bp have a depth of zero (81.4483% coverage)
  104 positions changed (0.4399% of total positions)
  estimated pre-polishing sequence accuracy: 99.5601% (Q23.57)

Polishing contig_568 (27,975 bp):
  mean read depth: 1.8x
  9,466 bp have a depth of zero (66.1626% coverage)
  30 positions changed (0.1072% of total positions)
  estimated pre-polishing sequence accuracy: 99.8928% (Q29.70)

Polishing contig_569 (22,866 bp):
  mean read depth: 2.5x
  4,754 bp have a depth of zero (79.2093% coverage)
  52 positions changed (0.2274% of total positions)
  estimated pre-polishing sequence accuracy: 99.7726% (Q26.43)

Polishing contig_570 (65,617 bp):
  mean read depth: 4.9x
  6,648 bp have a depth of zero (89.8685% coverage)
  504 positions changed (0.7681% of total positions)
  estimated pre-polishing sequence accuracy: 99.2319% (Q21.15)

Polishing contig_571 (25,117 bp):
  mean read depth: 2.1x
  5,685 bp have a depth of zero (77.3659% coverage)
  35 positions changed (0.1393% of total positions)
  estimated pre-polishing sequence accuracy: 99.8607% (Q28.56)

Polishing contig_572 (10,045 bp):
  mean read depth: 3.0x
  887 bp have a depth of zero (91.1697% coverage)
  24 positions changed (0.2389% of total positions)
  estimated pre-polishing sequence accuracy: 99.7611% (Q26.22)

Polishing contig_573 (7,670 bp):
  mean read depth: 1.3x
  4,617 bp have a depth of zero (39.8044% coverage)
  23 positions changed (0.2999% of total positions)
  estimated pre-polishing sequence accuracy: 99.7001% (Q25.23)

Polishing contig_574 (58,453 bp):
  mean read depth: 3.4x
  16,472 bp have a depth of zero (71.8201% coverage)
  431 positions changed (0.7373% of total positions)
  estimated pre-polishing sequence accuracy: 99.2627% (Q21.32)

Polishing contig_575 (11,783 bp):
  mean read depth: 2.6x
  2,654 bp have a depth of zero (77.4760% coverage)
  58 positions changed (0.4922% of total positions)
  estimated pre-polishing sequence accuracy: 99.5078% (Q23.08)

Polishing contig_576 (40,959 bp):
  mean read depth: 2.7x
  7,758 bp have a depth of zero (81.0591% coverage)
  129 positions changed (0.3149% of total positions)
  estimated pre-polishing sequence accuracy: 99.6851% (Q25.02)

Polishing contig_577 (6,143 bp):
  mean read depth: 1.3x
  2,549 bp have a depth of zero (58.5056% coverage)
  0 positions changed (0.0000% of total positions)
  estimated pre-polishing sequence accuracy: 100.0000% (Q∞)

Polishing contig_578 (15,204 bp):
  mean read depth: 3.7x
  4,262 bp have a depth of zero (71.9679% coverage)
  103 positions changed (0.6775% of total positions)
  estimated pre-polishing sequence accuracy: 99.3225% (Q21.69)

Polishing contig_579 (56,067 bp):
  mean read depth: 2.2x
  25,320 bp have a depth of zero (54.8397% coverage)
  255 positions changed (0.4548% of total positions)
  estimated pre-polishing sequence accuracy: 99.5452% (Q23.42)

Polishing contig_580 (25,811 bp):
  mean read depth: 3.4x
  6,327 bp have a depth of zero (75.4872% coverage)
  210 positions changed (0.8136% of total positions)
  estimated pre-polishing sequence accuracy: 99.1864% (Q20.90)

Polishing contig_581 (28,855 bp):
  mean read depth: 1.3x
  14,605 bp have a depth of zero (49.3849% coverage)
  23 positions changed (0.0797% of total positions)
  estimated pre-polishing sequence accuracy: 99.9203% (Q30.98)

Polishing contig_582 (16,988 bp):
  mean read depth: 1.7x
  7,862 bp have a depth of zero (53.7203% coverage)
  37 positions changed (0.2178% of total positions)
  estimated pre-polishing sequence accuracy: 99.7822% (Q26.62)

Polishing contig_583 (14,023 bp):
  mean read depth: 0.7x
  7,579 bp have a depth of zero (45.9531% coverage)
  0 positions changed (0.0000% of total positions)
  estimated pre-polishing sequence accuracy: 100.0000% (Q∞)

Polishing contig_584 (29,172 bp):
  mean read depth: 5.0x
  16,468 bp have a depth of zero (43.5486% coverage)
  134 positions changed (0.4593% of total positions)
  estimated pre-polishing sequence accuracy: 99.5407% (Q23.38)

Polishing contig_585 (14,777 bp):
  mean read depth: 7.7x
  2,830 bp have a depth of zero (80.8486% coverage)
  182 positions changed (1.2316% of total positions)
  estimated pre-polishing sequence accuracy: 98.7684% (Q19.10)

Polishing contig_586 (8,193 bp):
  mean read depth: 1.5x
  4,677 bp have a depth of zero (42.9147% coverage)
  9 positions changed (0.1098% of total positions)
  estimated pre-polishing sequence accuracy: 99.8902% (Q29.59)

Polishing contig_587 (6,374 bp):
  mean read depth: 3.9x
  446 bp have a depth of zero (93.0028% coverage)
  44 positions changed (0.6903% of total positions)
  estimated pre-polishing sequence accuracy: 99.3097% (Q21.61)

Polishing contig_588 (9,571 bp):
  mean read depth: 8.5x
  3,426 bp have a depth of zero (64.2044% coverage)
  26 positions changed (0.2717% of total positions)
  estimated pre-polishing sequence accuracy: 99.7283% (Q25.66)

Polishing contig_59 (7,366 bp):
  mean read depth: 1.1x
  5,052 bp have a depth of zero (31.4146% coverage)
  19 positions changed (0.2579% of total positions)
  estimated pre-polishing sequence accuracy: 99.7421% (Q25.88)

Polishing contig_590 (2,222,622 bp):
  mean read depth: 38.4x
  165,651 bp have a depth of zero (92.5470% coverage)
  8,981 positions changed (0.4041% of total positions)
  estimated pre-polishing sequence accuracy: 99.5959% (Q23.94)

Polishing contig_591 (145,433 bp):
  mean read depth: 43.6x
  29,265 bp have a depth of zero (79.8773% coverage)
  497 positions changed (0.3417% of total positions)
  estimated pre-polishing sequence accuracy: 99.6583% (Q24.66)

Polishing contig_592 (27,254 bp):
  mean read depth: 3.6x
  5,735 bp have a depth of zero (78.9572% coverage)
  230 positions changed (0.8439% of total positions)
  estimated pre-polishing sequence accuracy: 99.1561% (Q20.74)

Polishing contig_593 (11,912 bp):
  mean read depth: 0.0x
  11,912 bp have a depth of zero (0.0000% coverage)
  0 positions changed (0.0000% of total positions)
  estimated pre-polishing sequence accuracy: 100.0000% (Q∞)

Polishing contig_594 (14,733 bp):
  mean read depth: 1.8x
  5,892 bp have a depth of zero (60.0081% coverage)
  35 positions changed (0.2376% of total positions)
  estimated pre-polishing sequence accuracy: 99.7624% (Q26.24)

Polishing contig_595 (12,497 bp):
  mean read depth: 1.6x
  6,957 bp have a depth of zero (44.3306% coverage)
  46 positions changed (0.3681% of total positions)
  estimated pre-polishing sequence accuracy: 99.6319% (Q24.34)

Polishing contig_596 (13,787 bp):
  mean read depth: 2.4x
  3,820 bp have a depth of zero (72.2927% coverage)
  35 positions changed (0.2539% of total positions)
  estimated pre-polishing sequence accuracy: 99.7461% (Q25.95)

Polishing contig_597 (120,822 bp):
  mean read depth: 5.7x
  11,452 bp have a depth of zero (90.5216% coverage)
  1,114 positions changed (0.9220% of total positions)
  estimated pre-polishing sequence accuracy: 99.0780% (Q20.35)

Polishing contig_598 (52,487 bp):
  mean read depth: 1.4x
  24,105 bp have a depth of zero (54.0743% coverage)
  63 positions changed (0.1200% of total positions)
  estimated pre-polishing sequence accuracy: 99.8800% (Q29.21)

Polishing contig_599 (21,300 bp):
  mean read depth: 4.1x
  4,689 bp have a depth of zero (77.9859% coverage)
  131 positions changed (0.6150% of total positions)
  estimated pre-polishing sequence accuracy: 99.3850% (Q22.11)

Polishing contig_60 (34,927 bp):
  mean read depth: 2.9x
  7,235 bp have a depth of zero (79.2854% coverage)
  184 positions changed (0.5268% of total positions)
  estimated pre-polishing sequence accuracy: 99.4732% (Q22.78)

Polishing contig_600 (15,436 bp):
  mean read depth: 1.7x
  6,045 bp have a depth of zero (60.8383% coverage)
  28 positions changed (0.1814% of total positions)
  estimated pre-polishing sequence accuracy: 99.8186% (Q27.41)

Polishing contig_601 (26,694 bp):
  mean read depth: 2.0x
  6,769 bp have a depth of zero (74.6422% coverage)
  34 positions changed (0.1274% of total positions)
  estimated pre-polishing sequence accuracy: 99.8726% (Q28.95)

Polishing contig_602 (15,814 bp):
  mean read depth: 2.0x
  3,274 bp have a depth of zero (79.2968% coverage)
  24 positions changed (0.1518% of total positions)
  estimated pre-polishing sequence accuracy: 99.8482% (Q28.19)

Polishing contig_603 (47,260 bp):
  mean read depth: 2.2x
  10,189 bp have a depth of zero (78.4405% coverage)
  82 positions changed (0.1735% of total positions)
  estimated pre-polishing sequence accuracy: 99.8265% (Q27.61)

Polishing contig_604 (53,369 bp):
  mean read depth: 9.8x
  20 bp have a depth of zero (99.9625% coverage)
  378 positions changed (0.7083% of total positions)
  estimated pre-polishing sequence accuracy: 99.2917% (Q21.50)

Polishing contig_605 (11,860 bp):
  mean read depth: 2.2x
  2,207 bp have a depth of zero (81.3912% coverage)
  11 positions changed (0.0927% of total positions)
  estimated pre-polishing sequence accuracy: 99.9073% (Q30.33)

Polishing contig_606 (11,255 bp):
  mean read depth: 3.4x
  2,379 bp have a depth of zero (78.8627% coverage)
  77 positions changed (0.6841% of total positions)
  estimated pre-polishing sequence accuracy: 99.3159% (Q21.65)

Polishing contig_607 (81,240 bp):
  mean read depth: 4.7x
  8,595 bp have a depth of zero (89.4202% coverage)
  589 positions changed (0.7250% of total positions)
  estimated pre-polishing sequence accuracy: 99.2750% (Q21.40)

Polishing contig_608 (37,390 bp):
  mean read depth: 5.1x
  1,875 bp have a depth of zero (94.9853% coverage)
  385 positions changed (1.0297% of total positions)
  estimated pre-polishing sequence accuracy: 98.9703% (Q19.87)

Polishing contig_61 (26,096 bp):
  mean read depth: 3.9x
  3,855 bp have a depth of zero (85.2276% coverage)
  169 positions changed (0.6476% of total positions)
  estimated pre-polishing sequence accuracy: 99.3524% (Q21.89)

Polishing contig_610 (11,016 bp):
  mean read depth: 0.0x
  11,016 bp have a depth of zero (0.0000% coverage)
  0 positions changed (0.0000% of total positions)
  estimated pre-polishing sequence accuracy: 100.0000% (Q∞)

Polishing contig_611 (3,534 bp):
  mean read depth: 3.8x
  702 bp have a depth of zero (80.1358% coverage)
  58 positions changed (1.6412% of total positions)
  estimated pre-polishing sequence accuracy: 98.3588% (Q17.85)

Polishing contig_612 (19,934 bp):
  mean read depth: 1.5x
  6,305 bp have a depth of zero (68.3706% coverage)
  5 positions changed (0.0251% of total positions)
  estimated pre-polishing sequence accuracy: 99.9749% (Q36.01)

Polishing contig_613 (21,837 bp):
  mean read depth: 2.4x
  11,138 bp have a depth of zero (48.9948% coverage)
  110 positions changed (0.5037% of total positions)
  estimated pre-polishing sequence accuracy: 99.4963% (Q22.98)

Polishing contig_614 (19,151 bp):
  mean read depth: 3.1x
  1,666 bp have a depth of zero (91.3007% coverage)
  44 positions changed (0.2298% of total positions)
  estimated pre-polishing sequence accuracy: 99.7702% (Q26.39)

Polishing contig_615 (70,327 bp):
  mean read depth: 3.8x
  6,395 bp have a depth of zero (90.9068% coverage)
  386 positions changed (0.5489% of total positions)
  estimated pre-polishing sequence accuracy: 99.4511% (Q22.61)

Polishing contig_616 (5,574 bp):
  mean read depth: 9.2x
  37 bp have a depth of zero (99.3362% coverage)
  38 positions changed (0.6817% of total positions)
  estimated pre-polishing sequence accuracy: 99.3183% (Q21.66)

Polishing contig_617 (22,403 bp):
  mean read depth: 4.6x
  594 bp have a depth of zero (97.3486% coverage)
  104 positions changed (0.4642% of total positions)
  estimated pre-polishing sequence accuracy: 99.5358% (Q23.33)

Polishing contig_618 (27,188 bp):
  mean read depth: 4.2x
  1,675 bp have a depth of zero (93.8392% coverage)
  115 positions changed (0.4230% of total positions)
  estimated pre-polishing sequence accuracy: 99.5770% (Q23.74)

Polishing contig_619 (101,121 bp):
  mean read depth: 3.8x
  10,420 bp have a depth of zero (89.6955% coverage)
  382 positions changed (0.3778% of total positions)
  estimated pre-polishing sequence accuracy: 99.6222% (Q24.23)

Polishing contig_62 (19,399 bp):
  mean read depth: 4.4x
  2,522 bp have a depth of zero (86.9993% coverage)
  65 positions changed (0.3351% of total positions)
  estimated pre-polishing sequence accuracy: 99.6649% (Q24.75)

Polishing contig_620 (90,694 bp):
  mean read depth: 4.2x
  5,300 bp have a depth of zero (94.1562% coverage)
  574 positions changed (0.6329% of total positions)
  estimated pre-polishing sequence accuracy: 99.3671% (Q21.99)

Polishing contig_621 (29,345 bp):
  mean read depth: 1.6x
  9,485 bp have a depth of zero (67.6776% coverage)
  46 positions changed (0.1568% of total positions)
  estimated pre-polishing sequence accuracy: 99.8432% (Q28.05)

Polishing contig_622 (25,084 bp):
  mean read depth: 3.3x
  5,877 bp have a depth of zero (76.5707% coverage)
  146 positions changed (0.5820% of total positions)
  estimated pre-polishing sequence accuracy: 99.4180% (Q22.35)

Polishing contig_623 (226,151 bp):
  mean read depth: 5.9x
  6,026 bp have a depth of zero (97.3354% coverage)
  1,983 positions changed (0.8768% of total positions)
  estimated pre-polishing sequence accuracy: 99.1232% (Q20.57)

Polishing contig_624 (68,086 bp):
  mean read depth: 1.8x
  20,781 bp have a depth of zero (69.4783% coverage)
  84 positions changed (0.1234% of total positions)
  estimated pre-polishing sequence accuracy: 99.8766% (Q29.09)

Polishing contig_625 (25,327 bp):
  mean read depth: 1.3x
  9,418 bp have a depth of zero (62.8144% coverage)
  8 positions changed (0.0316% of total positions)
  estimated pre-polishing sequence accuracy: 99.9684% (Q35.00)

Polishing contig_627 (29,768 bp):
  mean read depth: 1.5x
  13,895 bp have a depth of zero (53.3224% coverage)
  65 positions changed (0.2184% of total positions)
  estimated pre-polishing sequence accuracy: 99.7816% (Q26.61)

Polishing contig_628 (9,239 bp):
  mean read depth: 2.2x
  2,478 bp have a depth of zero (73.1789% coverage)
  13 positions changed (0.1407% of total positions)
  estimated pre-polishing sequence accuracy: 99.8593% (Q28.52)

Polishing contig_629 (3,433 bp):
  mean read depth: 8.3x
  841 bp have a depth of zero (75.5025% coverage)
  11 positions changed (0.3204% of total positions)
  estimated pre-polishing sequence accuracy: 99.6796% (Q24.94)

Polishing contig_63 (123,152 bp):
  mean read depth: 3.8x
  15,578 bp have a depth of zero (87.3506% coverage)
  658 positions changed (0.5343% of total positions)
  estimated pre-polishing sequence accuracy: 99.4657% (Q22.72)

Polishing contig_631 (3,635 bp):
  mean read depth: 7.0x
  571 bp have a depth of zero (84.2916% coverage)
  22 positions changed (0.6052% of total positions)
  estimated pre-polishing sequence accuracy: 99.3948% (Q22.18)

Polishing contig_632 (11,264 bp):
  mean read depth: 1.3x
  6,231 bp have a depth of zero (44.6822% coverage)
  21 positions changed (0.1864% of total positions)
  estimated pre-polishing sequence accuracy: 99.8136% (Q27.29)

Polishing contig_633 (109,979 bp):
  mean read depth: 4.4x
  16,160 bp have a depth of zero (85.3063% coverage)
  992 positions changed (0.9020% of total positions)
  estimated pre-polishing sequence accuracy: 99.0980% (Q20.45)

Polishing contig_634 (9,201 bp):
  mean read depth: 2.4x
  1,600 bp have a depth of zero (82.6106% coverage)
  22 positions changed (0.2391% of total positions)
  estimated pre-polishing sequence accuracy: 99.7609% (Q26.21)

Polishing contig_635 (32,961 bp):
  mean read depth: 5.6x
  2,104 bp have a depth of zero (93.6167% coverage)
  264 positions changed (0.8009% of total positions)
  estimated pre-polishing sequence accuracy: 99.1991% (Q20.96)

Polishing contig_636 (6,236 bp):
  mean read depth: 9.2x
  815 bp have a depth of zero (86.9307% coverage)
  50 positions changed (0.8018% of total positions)
  estimated pre-polishing sequence accuracy: 99.1982% (Q20.96)

Polishing contig_637 (40,911 bp):
  mean read depth: 2.3x
  8,454 bp have a depth of zero (79.3356% coverage)
  73 positions changed (0.1784% of total positions)
  estimated pre-polishing sequence accuracy: 99.8216% (Q27.49)

Polishing contig_638 (44,773 bp):
  mean read depth: 1.2x
  19,311 bp have a depth of zero (56.8691% coverage)
  17 positions changed (0.0380% of total positions)
  estimated pre-polishing sequence accuracy: 99.9620% (Q34.21)

Polishing contig_639 (10,179 bp):
  mean read depth: 1.5x
  3,654 bp have a depth of zero (64.1026% coverage)
  21 positions changed (0.2063% of total positions)
  estimated pre-polishing sequence accuracy: 99.7937% (Q26.85)

Polishing contig_64 (11,708 bp):
  mean read depth: 1.9x
  3,259 bp have a depth of zero (72.1643% coverage)
  20 positions changed (0.1708% of total positions)
  estimated pre-polishing sequence accuracy: 99.8292% (Q27.67)

Polishing contig_640 (84,264 bp):
  mean read depth: 4.7x
  7,257 bp have a depth of zero (91.3878% coverage)
  576 positions changed (0.6836% of total positions)
  estimated pre-polishing sequence accuracy: 99.3164% (Q21.65)

Polishing contig_641 (18,646 bp):
  mean read depth: 2.1x
  6,744 bp have a depth of zero (63.8314% coverage)
  55 positions changed (0.2950% of total positions)
  estimated pre-polishing sequence accuracy: 99.7050% (Q25.30)

Polishing contig_642 (20,185 bp):
  mean read depth: 3.8x
  2,500 bp have a depth of zero (87.6146% coverage)
  131 positions changed (0.6490% of total positions)
  estimated pre-polishing sequence accuracy: 99.3510% (Q21.88)

Polishing contig_643 (29,156 bp):
  mean read depth: 3.5x
  5,504 bp have a depth of zero (81.1222% coverage)
  256 positions changed (0.8780% of total positions)
  estimated pre-polishing sequence accuracy: 99.1220% (Q20.56)

Polishing contig_644 (8,346 bp):
  mean read depth: 0.0x
  8,346 bp have a depth of zero (0.0000% coverage)
  0 positions changed (0.0000% of total positions)
  estimated pre-polishing sequence accuracy: 100.0000% (Q∞)

Polishing contig_645 (3,136 bp):
  mean read depth: 2.0x
  758 bp have a depth of zero (75.8291% coverage)
  16 positions changed (0.5102% of total positions)
  estimated pre-polishing sequence accuracy: 99.4898% (Q22.92)

Polishing contig_646 (64,015 bp):
  mean read depth: 5.0x
  12,997 bp have a depth of zero (79.6969% coverage)
  339 positions changed (0.5296% of total positions)
  estimated pre-polishing sequence accuracy: 99.4704% (Q22.76)

Polishing contig_647 (58,007 bp):
  mean read depth: 5.3x
  12,490 bp have a depth of zero (78.4681% coverage)
  322 positions changed (0.5551% of total positions)
  estimated pre-polishing sequence accuracy: 99.4449% (Q22.56)

Polishing contig_648 (15,069 bp):
  mean read depth: 3.4x
  3,097 bp have a depth of zero (79.4479% coverage)
  60 positions changed (0.3982% of total positions)
  estimated pre-polishing sequence accuracy: 99.6018% (Q24.00)

Polishing contig_649 (35,543 bp):
  mean read depth: 2.2x
  10,330 bp have a depth of zero (70.9366% coverage)
  123 positions changed (0.3461% of total positions)
  estimated pre-polishing sequence accuracy: 99.6539% (Q24.61)

Polishing contig_65 (61,051 bp):
  mean read depth: 4.7x
  4,956 bp have a depth of zero (91.8822% coverage)
  548 positions changed (0.8976% of total positions)
  estimated pre-polishing sequence accuracy: 99.1024% (Q20.47)

Polishing contig_651 (45,278 bp):
  mean read depth: 2.0x
  11,277 bp have a depth of zero (75.0939% coverage)
  52 positions changed (0.1148% of total positions)
  estimated pre-polishing sequence accuracy: 99.8852% (Q29.40)

Polishing contig_652 (66,094 bp):
  mean read depth: 4.9x
  3,989 bp have a depth of zero (93.9647% coverage)
  706 positions changed (1.0682% of total positions)
  estimated pre-polishing sequence accuracy: 98.9318% (Q19.71)

Polishing contig_653 (48,619 bp):
  mean read depth: 2.4x
  10,187 bp have a depth of zero (79.0473% coverage)
  93 positions changed (0.1913% of total positions)
  estimated pre-polishing sequence accuracy: 99.8087% (Q27.18)

Polishing contig_654 (9,930 bp):
  mean read depth: 9.8x
  1,206 bp have a depth of zero (87.8550% coverage)
  45 positions changed (0.4532% of total positions)
  estimated pre-polishing sequence accuracy: 99.5468% (Q23.44)

Polishing contig_655 (25,803 bp):
  mean read depth: 13.3x
  23 bp have a depth of zero (99.9109% coverage)
  182 positions changed (0.7053% of total positions)
  estimated pre-polishing sequence accuracy: 99.2947% (Q21.52)

Polishing contig_656 (3,955 bp):
  mean read depth: 12.9x
  72 bp have a depth of zero (98.1795% coverage)
  47 positions changed (1.1884% of total positions)
  estimated pre-polishing sequence accuracy: 98.8116% (Q19.25)

Polishing contig_657 (3,592 bp):
  mean read depth: 1.0x
  1,596 bp have a depth of zero (55.5679% coverage)
  0 positions changed (0.0000% of total positions)
  estimated pre-polishing sequence accuracy: 100.0000% (Q∞)

Polishing contig_658 (3,972 bp):
  mean read depth: 9.1x
  48 bp have a depth of zero (98.7915% coverage)
  24 positions changed (0.6042% of total positions)
  estimated pre-polishing sequence accuracy: 99.3958% (Q22.19)

Polishing contig_659 (55,429 bp):
  mean read depth: 4.2x
  4,169 bp have a depth of zero (92.4787% coverage)
  242 positions changed (0.4366% of total positions)
  estimated pre-polishing sequence accuracy: 99.5634% (Q23.60)

Polishing contig_66 (27,702 bp):
  mean read depth: 1.6x
  8,364 bp have a depth of zero (69.8072% coverage)
  35 positions changed (0.1263% of total positions)
  estimated pre-polishing sequence accuracy: 99.8737% (Q28.98)

Polishing contig_660 (8,892 bp):
  mean read depth: 3.1x
  3,408 bp have a depth of zero (61.6734% coverage)
  84 positions changed (0.9447% of total positions)
  estimated pre-polishing sequence accuracy: 99.0553% (Q20.25)

Polishing contig_661 (5,257 bp):
  mean read depth: 2.8x
  587 bp have a depth of zero (88.8339% coverage)
  17 positions changed (0.3234% of total positions)
  estimated pre-polishing sequence accuracy: 99.6766% (Q24.90)

Polishing contig_662 (6,600 bp):
  mean read depth: 2.3x
  2,300 bp have a depth of zero (65.1515% coverage)
  16 positions changed (0.2424% of total positions)
  estimated pre-polishing sequence accuracy: 99.7576% (Q26.15)

Polishing contig_663 (45,547 bp):
  mean read depth: 2.4x
  10,704 bp have a depth of zero (76.4990% coverage)
  124 positions changed (0.2722% of total positions)
  estimated pre-polishing sequence accuracy: 99.7278% (Q25.65)

Polishing contig_664 (26,221 bp):
  mean read depth: 1.4x
  8,983 bp have a depth of zero (65.7412% coverage)
  15 positions changed (0.0572% of total positions)
  estimated pre-polishing sequence accuracy: 99.9428% (Q32.43)

Polishing contig_665 (74,525 bp):
  mean read depth: 4.0x
  7,993 bp have a depth of zero (89.2747% coverage)
  333 positions changed (0.4468% of total positions)
  estimated pre-polishing sequence accuracy: 99.5532% (Q23.50)

Polishing contig_666 (44,323 bp):
  mean read depth: 7.4x
  7,958 bp have a depth of zero (82.0454% coverage)
  333 positions changed (0.7513% of total positions)
  estimated pre-polishing sequence accuracy: 99.2487% (Q21.24)

Polishing contig_667 (22,655 bp):
  mean read depth: 4.2x
  4,449 bp have a depth of zero (80.3620% coverage)
  211 positions changed (0.9314% of total positions)
  estimated pre-polishing sequence accuracy: 99.0686% (Q20.31)

Polishing contig_668 (35,810 bp):
  mean read depth: 1.4x
  12,352 bp have a depth of zero (65.5068% coverage)
  25 positions changed (0.0698% of total positions)
  estimated pre-polishing sequence accuracy: 99.9302% (Q31.56)

Polishing contig_669 (5,089 bp):
  mean read depth: 2.1x
  1,209 bp have a depth of zero (76.2429% coverage)
  10 positions changed (0.1965% of total positions)
  estimated pre-polishing sequence accuracy: 99.8035% (Q27.07)

Polishing contig_67 (32,779 bp):
  mean read depth: 3.9x
  5,116 bp have a depth of zero (84.3924% coverage)
  273 positions changed (0.8329% of total positions)
  estimated pre-polishing sequence accuracy: 99.1671% (Q20.79)

Polishing contig_670 (26,381 bp):
  mean read depth: 4.2x
  3,605 bp have a depth of zero (86.3349% coverage)
  235 positions changed (0.8908% of total positions)
  estimated pre-polishing sequence accuracy: 99.1092% (Q20.50)

Polishing contig_671 (14,985 bp):
  mean read depth: 1.0x
  6,637 bp have a depth of zero (55.7090% coverage)
  6 positions changed (0.0400% of total positions)
  estimated pre-polishing sequence accuracy: 99.9600% (Q33.98)

Polishing contig_672 (27,361 bp):
  mean read depth: 1.3x
  13,230 bp have a depth of zero (51.6465% coverage)
  23 positions changed (0.0841% of total positions)
  estimated pre-polishing sequence accuracy: 99.9159% (Q30.75)

Polishing contig_673 (2,435,752 bp):
  mean read depth: 8.1x
  220,841 bp have a depth of zero (90.9334% coverage)
  19,129 positions changed (0.7853% of total positions)
  estimated pre-polishing sequence accuracy: 99.2147% (Q21.05)

Polishing contig_675 (2,757,842 bp):
  mean read depth: 21.9x
  141,539 bp have a depth of zero (94.8678% coverage)
  11,605 positions changed (0.4208% of total positions)
  estimated pre-polishing sequence accuracy: 99.5792% (Q23.76)

Polishing contig_676 (164,088 bp):
  mean read depth: 6.7x
  21,946 bp have a depth of zero (86.6255% coverage)
  1,281 positions changed (0.7807% of total positions)
  estimated pre-polishing sequence accuracy: 99.2193% (Q21.08)

Polishing contig_677 (525,122 bp):
  mean read depth: 7.4x
  43,269 bp have a depth of zero (91.7602% coverage)
  4,113 positions changed (0.7832% of total positions)
  estimated pre-polishing sequence accuracy: 99.2168% (Q21.06)

Polishing contig_678 (1,967,597 bp):
  mean read depth: 22.7x
  36,896 bp have a depth of zero (98.1248% coverage)
  11,292 positions changed (0.5739% of total positions)
  estimated pre-polishing sequence accuracy: 99.4261% (Q22.41)

Polishing contig_679 (2,150,013 bp):
  mean read depth: 10.0x
  36,928 bp have a depth of zero (98.2824% coverage)
  11,698 positions changed (0.5441% of total positions)
  estimated pre-polishing sequence accuracy: 99.4559% (Q22.64)

Polishing contig_68 (7,444 bp):
  mean read depth: 1.9x
  2,150 bp have a depth of zero (71.1177% coverage)
  8 positions changed (0.1075% of total positions)
  estimated pre-polishing sequence accuracy: 99.8925% (Q29.69)

Polishing contig_681 (11,612 bp):
  mean read depth: 3.4x
  2,218 bp have a depth of zero (80.8991% coverage)
  56 positions changed (0.4823% of total positions)
  estimated pre-polishing sequence accuracy: 99.5177% (Q23.17)

Polishing contig_682 (12,451 bp):
  mean read depth: 2.8x
  2,344 bp have a depth of zero (81.1742% coverage)
  39 positions changed (0.3132% of total positions)
  estimated pre-polishing sequence accuracy: 99.6868% (Q25.04)

Polishing contig_683 (15,627 bp):
  mean read depth: 0.8x
  7,973 bp have a depth of zero (48.9793% coverage)
  0 positions changed (0.0000% of total positions)
  estimated pre-polishing sequence accuracy: 100.0000% (Q∞)

Polishing contig_684 (14,014 bp):
  mean read depth: 3.0x
  2,074 bp have a depth of zero (85.2005% coverage)
  64 positions changed (0.4567% of total positions)
  estimated pre-polishing sequence accuracy: 99.5433% (Q23.40)

Polishing contig_685 (17,296 bp):
  mean read depth: 4.4x
  2,090 bp have a depth of zero (87.9163% coverage)
  141 positions changed (0.8152% of total positions)
  estimated pre-polishing sequence accuracy: 99.1848% (Q20.89)

Polishing contig_686 (39,764 bp):
  mean read depth: 4.7x
  2,685 bp have a depth of zero (93.2477% coverage)
  273 positions changed (0.6866% of total positions)
  estimated pre-polishing sequence accuracy: 99.3134% (Q21.63)

Polishing contig_687 (9,487 bp):
  mean read depth: 5.3x
  1,300 bp have a depth of zero (86.2970% coverage)
  87 positions changed (0.9170% of total positions)
  estimated pre-polishing sequence accuracy: 99.0830% (Q20.38)

Polishing contig_688 (12,944 bp):
  mean read depth: 8.4x
  1,631 bp have a depth of zero (87.3996% coverage)
  106 positions changed (0.8189% of total positions)
  estimated pre-polishing sequence accuracy: 99.1811% (Q20.87)

Polishing contig_689 (9,794 bp):
  mean read depth: 6.9x
  4,488 bp have a depth of zero (54.1760% coverage)
  16 positions changed (0.1634% of total positions)
  estimated pre-polishing sequence accuracy: 99.8366% (Q27.87)

Polishing contig_69 (21,923 bp):
  mean read depth: 3.4x
  2,161 bp have a depth of zero (90.1428% coverage)
  99 positions changed (0.4516% of total positions)
  estimated pre-polishing sequence accuracy: 99.5484% (Q23.45)

Polishing contig_690 (7,470 bp):
  mean read depth: 0.0x
  7,470 bp have a depth of zero (0.0000% coverage)
  0 positions changed (0.0000% of total positions)
  estimated pre-polishing sequence accuracy: 100.0000% (Q∞)

Polishing contig_691 (36,040 bp):
  mean read depth: 5.1x
  2,364 bp have a depth of zero (93.4406% coverage)
  391 positions changed (1.0849% of total positions)
  estimated pre-polishing sequence accuracy: 98.9151% (Q19.65)

Polishing contig_692 (34,696 bp):
  mean read depth: 4.8x
  1,814 bp have a depth of zero (94.7717% coverage)
  350 positions changed (1.0088% of total positions)
  estimated pre-polishing sequence accuracy: 98.9912% (Q19.96)

Polishing contig_693 (11,045 bp):
  mean read depth: 2.5x
  3,103 bp have a depth of zero (71.9058% coverage)
  40 positions changed (0.3622% of total positions)
  estimated pre-polishing sequence accuracy: 99.6378% (Q24.41)

Polishing contig_694 (173,923 bp):
  mean read depth: 6.0x
  5,676 bp have a depth of zero (96.7365% coverage)
  1,603 positions changed (0.9217% of total positions)
  estimated pre-polishing sequence accuracy: 99.0783% (Q20.35)

Polishing contig_695 (10,289 bp):
  mean read depth: 4.3x
  956 bp have a depth of zero (90.7085% coverage)
  84 positions changed (0.8164% of total positions)
  estimated pre-polishing sequence accuracy: 99.1836% (Q20.88)

Polishing contig_696 (11,320 bp):
  mean read depth: 2.2x
  2,882 bp have a depth of zero (74.5406% coverage)
  29 positions changed (0.2562% of total positions)
  estimated pre-polishing sequence accuracy: 99.7438% (Q25.91)

Polishing contig_697 (30,254 bp):
  mean read depth: 3.2x
  2,833 bp have a depth of zero (90.6359% coverage)
  112 positions changed (0.3702% of total positions)
  estimated pre-polishing sequence accuracy: 99.6298% (Q24.32)

Polishing contig_698 (11,015 bp):
  mean read depth: 0.9x
  5,178 bp have a depth of zero (52.9914% coverage)
  0 positions changed (0.0000% of total positions)
  estimated pre-polishing sequence accuracy: 100.0000% (Q∞)

Polishing contig_699 (63,619 bp):
  mean read depth: 1.2x
  25,223 bp have a depth of zero (60.3530% coverage)
  23 positions changed (0.0362% of total positions)
  estimated pre-polishing sequence accuracy: 99.9638% (Q34.42)

Polishing contig_70 (19,346 bp):
  mean read depth: 3.9x
  4,229 bp have a depth of zero (78.1402% coverage)
  176 positions changed (0.9097% of total positions)
  estimated pre-polishing sequence accuracy: 99.0903% (Q20.41)

Polishing contig_701 (83,440 bp):
  mean read depth: 4.1x
  10,883 bp have a depth of zero (86.9571% coverage)
  397 positions changed (0.4758% of total positions)
  estimated pre-polishing sequence accuracy: 99.5242% (Q23.23)

Polishing contig_702 (31,900 bp):
  mean read depth: 4.2x
  3,823 bp have a depth of zero (88.0157% coverage)
  129 positions changed (0.4044% of total positions)
  estimated pre-polishing sequence accuracy: 99.5956% (Q23.93)

Polishing contig_703 (10,367 bp):
  mean read depth: 2.4x
  1,959 bp have a depth of zero (81.1035% coverage)
  37 positions changed (0.3569% of total positions)
  estimated pre-polishing sequence accuracy: 99.6431% (Q24.47)

Polishing contig_704 (36,521 bp):
  mean read depth: 4.7x
  5,353 bp have a depth of zero (85.3427% coverage)
  414 positions changed (1.1336% of total positions)
  estimated pre-polishing sequence accuracy: 98.8664% (Q19.46)

Polishing contig_705 (25,080 bp):
  mean read depth: 2.7x
  9,265 bp have a depth of zero (63.0582% coverage)
  134 positions changed (0.5343% of total positions)
  estimated pre-polishing sequence accuracy: 99.4657% (Q22.72)

Polishing contig_706 (118,265 bp):
  mean read depth: 1.2x
  54,210 bp have a depth of zero (54.1623% coverage)
  66 positions changed (0.0558% of total positions)
  estimated pre-polishing sequence accuracy: 99.9442% (Q32.53)

Polishing contig_707 (19,921 bp):
  mean read depth: 1.9x
  5,943 bp have a depth of zero (70.1672% coverage)
  52 positions changed (0.2610% of total positions)
  estimated pre-polishing sequence accuracy: 99.7390% (Q25.83)

Polishing contig_708 (12,881 bp):
  mean read depth: 4.1x
  2,812 bp have a depth of zero (78.1694% coverage)
  81 positions changed (0.6288% of total positions)
  estimated pre-polishing sequence accuracy: 99.3712% (Q22.01)

Polishing contig_709 (17,905 bp):
  mean read depth: 1.4x
  5,412 bp have a depth of zero (69.7738% coverage)
  1 position changed (0.0056% of total positions)
  estimated pre-polishing sequence accuracy: 99.9944% (Q42.53)

Polishing contig_71 (23,417 bp):
  mean read depth: 4.9x
  3,133 bp have a depth of zero (86.6208% coverage)
  182 positions changed (0.7772% of total positions)
  estimated pre-polishing sequence accuracy: 99.2228% (Q21.09)

Polishing contig_710 (37,929 bp):
  mean read depth: 4.6x
  3,173 bp have a depth of zero (91.6344% coverage)
  365 positions changed (0.9623% of total positions)
  estimated pre-polishing sequence accuracy: 99.0377% (Q20.17)

Polishing contig_711 (116,613 bp):
  mean read depth: 4.3x
  14,828 bp have a depth of zero (87.2844% coverage)
  1,005 positions changed (0.8618% of total positions)
  estimated pre-polishing sequence accuracy: 99.1382% (Q20.65)

Polishing contig_712 (12,744 bp):
  mean read depth: 12.8x
  33 bp have a depth of zero (99.7411% coverage)
  101 positions changed (0.7925% of total positions)
  estimated pre-polishing sequence accuracy: 99.2075% (Q21.01)

Polishing contig_713 (7,405 bp):
  mean read depth: 12.1x
  85 bp have a depth of zero (98.8521% coverage)
  64 positions changed (0.8643% of total positions)
  estimated pre-polishing sequence accuracy: 99.1357% (Q20.63)

Polishing contig_714 (4,947 bp):
  mean read depth: 11.9x
  40 bp have a depth of zero (99.1914% coverage)
  19 positions changed (0.3841% of total positions)
  estimated pre-polishing sequence accuracy: 99.6159% (Q24.16)

Polishing contig_715 (6,967 bp):
  mean read depth: 1.4x
  2,604 bp have a depth of zero (62.6238% coverage)
  7 positions changed (0.1005% of total positions)
  estimated pre-polishing sequence accuracy: 99.8995% (Q29.98)

Polishing contig_716 (16,109 bp):
  mean read depth: 2.2x
  7,220 bp have a depth of zero (55.1803% coverage)
  51 positions changed (0.3166% of total positions)
  estimated pre-polishing sequence accuracy: 99.6834% (Q24.99)

Polishing contig_717 (12,052 bp):
  mean read depth: 11.0x
  43 bp have a depth of zero (99.6432% coverage)
  80 positions changed (0.6638% of total positions)
  estimated pre-polishing sequence accuracy: 99.3362% (Q21.78)

Polishing contig_718 (18,843 bp):
  mean read depth: 3.3x
  2,948 bp have a depth of zero (84.3549% coverage)
  116 positions changed (0.6156% of total positions)
  estimated pre-polishing sequence accuracy: 99.3844% (Q22.11)

Polishing contig_719 (47,430 bp):
  mean read depth: 0.7x
  27,527 bp have a depth of zero (41.9629% coverage)
  5 positions changed (0.0105% of total positions)
  estimated pre-polishing sequence accuracy: 99.9895% (Q39.77)

Polishing contig_72 (53,471 bp):
  mean read depth: 4.0x
  6,597 bp have a depth of zero (87.6625% coverage)
  354 positions changed (0.6620% of total positions)
  estimated pre-polishing sequence accuracy: 99.3380% (Q21.79)

Polishing contig_720 (10,073 bp):
  mean read depth: 4.7x
  360 bp have a depth of zero (96.4261% coverage)
  116 positions changed (1.1516% of total positions)
  estimated pre-polishing sequence accuracy: 98.8484% (Q19.39)

Polishing contig_721 (18,082 bp):
  mean read depth: 1.2x
  6,908 bp have a depth of zero (61.7963% coverage)
  14 positions changed (0.0774% of total positions)
  estimated pre-polishing sequence accuracy: 99.9226% (Q31.11)

Polishing contig_722 (27,133 bp):
  mean read depth: 1.0x
  14,246 bp have a depth of zero (47.4957% coverage)
  8 positions changed (0.0295% of total positions)
  estimated pre-polishing sequence accuracy: 99.9705% (Q35.30)

Polishing contig_723 (11,710 bp):
  mean read depth: 10.1x
  1,244 bp have a depth of zero (89.3766% coverage)
  79 positions changed (0.6746% of total positions)
  estimated pre-polishing sequence accuracy: 99.3254% (Q21.71)

Polishing contig_724 (13,150 bp):
  mean read depth: 2.7x
  1,803 bp have a depth of zero (86.2890% coverage)
  53 positions changed (0.4030% of total positions)
  estimated pre-polishing sequence accuracy: 99.5970% (Q23.95)

Polishing contig_725 (23,153 bp):
  mean read depth: 1.5x
  9,698 bp have a depth of zero (58.1134% coverage)
  40 positions changed (0.1728% of total positions)
  estimated pre-polishing sequence accuracy: 99.8272% (Q27.63)

Polishing contig_726 (14,371 bp):
  mean read depth: 1.0x
  6,294 bp have a depth of zero (56.2035% coverage)
  0 positions changed (0.0000% of total positions)
  estimated pre-polishing sequence accuracy: 100.0000% (Q∞)

Polishing contig_727 (54,090 bp):
  mean read depth: 2.7x
  11,337 bp have a depth of zero (79.0405% coverage)
  153 positions changed (0.2829% of total positions)
  estimated pre-polishing sequence accuracy: 99.7171% (Q25.48)

Polishing contig_728 (6,523 bp):
  mean read depth: 13.7x
  23 bp have a depth of zero (99.6474% coverage)
  51 positions changed (0.7818% of total positions)
  estimated pre-polishing sequence accuracy: 99.2182% (Q21.07)

Polishing contig_729 (7,157 bp):
  mean read depth: 12.5x
  36 bp have a depth of zero (99.4970% coverage)
  47 positions changed (0.6567% of total positions)
  estimated pre-polishing sequence accuracy: 99.3433% (Q21.83)

Polishing contig_73 (25,566 bp):
  mean read depth: 1.1x
  10,102 bp have a depth of zero (60.4866% coverage)
  5 positions changed (0.0196% of total positions)
  estimated pre-polishing sequence accuracy: 99.9804% (Q37.09)

Polishing contig_730 (6,290 bp):
  mean read depth: 0.9x
  3,011 bp have a depth of zero (52.1304% coverage)
  5 positions changed (0.0795% of total positions)
  estimated pre-polishing sequence accuracy: 99.9205% (Q31.00)

Polishing contig_731 (16,584 bp):
  mean read depth: 1.7x
  5,143 bp have a depth of zero (68.9882% coverage)
  25 positions changed (0.1507% of total positions)
  estimated pre-polishing sequence accuracy: 99.8493% (Q28.22)

Polishing contig_732 (9,224 bp):
  mean read depth: 3.6x
  1,317 bp have a depth of zero (85.7220% coverage)
  60 positions changed (0.6505% of total positions)
  estimated pre-polishing sequence accuracy: 99.3495% (Q21.87)

Polishing contig_733 (16,447 bp):
  mean read depth: 1.1x
  7,348 bp have a depth of zero (55.3232% coverage)
  10 positions changed (0.0608% of total positions)
  estimated pre-polishing sequence accuracy: 99.9392% (Q32.16)

Polishing contig_734 (22,760 bp):
  mean read depth: 4.2x
  2,810 bp have a depth of zero (87.6538% coverage)
  203 positions changed (0.8919% of total positions)
  estimated pre-polishing sequence accuracy: 99.1081% (Q20.50)

Polishing contig_735 (38,318 bp):
  mean read depth: 3.8x
  5,332 bp have a depth of zero (86.0849% coverage)
  192 positions changed (0.5011% of total positions)
  estimated pre-polishing sequence accuracy: 99.4989% (Q23.00)

Polishing contig_736 (5,649 bp):
  mean read depth: 2.5x
  1,241 bp have a depth of zero (78.0315% coverage)
  39 positions changed (0.6904% of total positions)
  estimated pre-polishing sequence accuracy: 99.3096% (Q21.61)

Polishing contig_737 (5,627 bp):
  mean read depth: 1.6x
  1,940 bp have a depth of zero (65.5234% coverage)
  5 positions changed (0.0889% of total positions)
  estimated pre-polishing sequence accuracy: 99.9111% (Q30.51)

Polishing contig_738 (11,154 bp):
  mean read depth: 1.9x
  4,824 bp have a depth of zero (56.7509% coverage)
  55 positions changed (0.4931% of total positions)
  estimated pre-polishing sequence accuracy: 99.5069% (Q23.07)

Polishing contig_739 (10,594 bp):
  mean read depth: 1.6x
  2,246 bp have a depth of zero (78.7993% coverage)
  3 positions changed (0.0283% of total positions)
  estimated pre-polishing sequence accuracy: 99.9717% (Q35.48)

Polishing contig_74 (5,418 bp):
  mean read depth: 10.4x
  28 bp have a depth of zero (99.4832% coverage)
  43 positions changed (0.7937% of total positions)
  estimated pre-polishing sequence accuracy: 99.2063% (Q21.00)

Polishing contig_740 (10,744 bp):
  mean read depth: 4.0x
  2,629 bp have a depth of zero (75.5305% coverage)
  76 positions changed (0.7074% of total positions)
  estimated pre-polishing sequence accuracy: 99.2926% (Q21.50)

Polishing contig_741 (10,996 bp):
  mean read depth: 1.6x
  3,454 bp have a depth of zero (68.5886% coverage)
  7 positions changed (0.0637% of total positions)
  estimated pre-polishing sequence accuracy: 99.9363% (Q31.96)

Polishing contig_742 (24,409 bp):
  mean read depth: 2.4x
  5,126 bp have a depth of zero (78.9995% coverage)
  52 positions changed (0.2130% of total positions)
  estimated pre-polishing sequence accuracy: 99.7870% (Q26.72)

Polishing contig_743 (3,575 bp):
  mean read depth: 2.3x
  462 bp have a depth of zero (87.0769% coverage)
  5 positions changed (0.1399% of total positions)
  estimated pre-polishing sequence accuracy: 99.8601% (Q28.54)

Polishing contig_744 (63,163 bp):
  mean read depth: 2.5x
  13,991 bp have a depth of zero (77.8494% coverage)
  229 positions changed (0.3626% of total positions)
  estimated pre-polishing sequence accuracy: 99.6374% (Q24.41)

Polishing contig_745 (41,360 bp):
  mean read depth: 4.5x
  4,664 bp have a depth of zero (88.7234% coverage)
  359 positions changed (0.8680% of total positions)
  estimated pre-polishing sequence accuracy: 99.1320% (Q20.61)

Polishing contig_746 (5,873 bp):
  mean read depth: 2.3x
  1,017 bp have a depth of zero (82.6835% coverage)
  18 positions changed (0.3065% of total positions)
  estimated pre-polishing sequence accuracy: 99.6935% (Q25.14)

Polishing contig_747 (17,109 bp):
  mean read depth: 3.3x
  1,441 bp have a depth of zero (91.5775% coverage)
  54 positions changed (0.3156% of total positions)
  estimated pre-polishing sequence accuracy: 99.6844% (Q25.01)

Polishing contig_748 (13,737 bp):
  mean read depth: 10.0x
  91 bp have a depth of zero (99.3376% coverage)
  117 positions changed (0.8517% of total positions)
  estimated pre-polishing sequence accuracy: 99.1483% (Q20.70)

Polishing contig_749 (108,176 bp):
  mean read depth: 3.3x
  19,011 bp have a depth of zero (82.4259% coverage)
  497 positions changed (0.4594% of total positions)
  estimated pre-polishing sequence accuracy: 99.5406% (Q23.38)

Polishing contig_75 (19,438 bp):
  mean read depth: 1.9x
  8,727 bp have a depth of zero (55.1034% coverage)
  104 positions changed (0.5350% of total positions)
  estimated pre-polishing sequence accuracy: 99.4650% (Q22.72)

Polishing contig_750 (50,376 bp):
  mean read depth: 8.2x
  4,853 bp have a depth of zero (90.3664% coverage)
  448 positions changed (0.8893% of total positions)
  estimated pre-polishing sequence accuracy: 99.1107% (Q20.51)

Polishing contig_751 (10,245 bp):
  mean read depth: 1.2x
  3,943 bp have a depth of zero (61.5129% coverage)
  3 positions changed (0.0293% of total positions)
  estimated pre-polishing sequence accuracy: 99.9707% (Q35.33)

Polishing contig_752 (16,153 bp):
  mean read depth: 2.4x
  4,686 bp have a depth of zero (70.9899% coverage)
  23 positions changed (0.1424% of total positions)
  estimated pre-polishing sequence accuracy: 99.8576% (Q28.47)

Polishing contig_753 (9,357 bp):
  mean read depth: 0.6x
  6,466 bp have a depth of zero (30.8967% coverage)
  3 positions changed (0.0321% of total positions)
  estimated pre-polishing sequence accuracy: 99.9679% (Q34.94)

Polishing contig_754 (8,629 bp):
  mean read depth: 3.5x
  1,982 bp have a depth of zero (77.0309% coverage)
  56 positions changed (0.6490% of total positions)
  estimated pre-polishing sequence accuracy: 99.3510% (Q21.88)

Polishing contig_755 (3,246 bp):
  mean read depth: 2.8x
  764 bp have a depth of zero (76.4633% coverage)
  34 positions changed (1.0474% of total positions)
  estimated pre-polishing sequence accuracy: 98.9526% (Q19.80)

Polishing contig_756 (7,580 bp):
  mean read depth: 3.5x
  469 bp have a depth of zero (93.8127% coverage)
  23 positions changed (0.3034% of total positions)
  estimated pre-polishing sequence accuracy: 99.6966% (Q25.18)

Polishing contig_757 (14,246 bp):
  mean read depth: 4.3x
  2,123 bp have a depth of zero (85.0976% coverage)
  84 positions changed (0.5896% of total positions)
  estimated pre-polishing sequence accuracy: 99.4104% (Q22.29)

Polishing contig_758 (20,692 bp):
  mean read depth: 4.1x
  1,797 bp have a depth of zero (91.3155% coverage)
  74 positions changed (0.3576% of total positions)
  estimated pre-polishing sequence accuracy: 99.6424% (Q24.47)

Polishing contig_759 (32,525 bp):
  mean read depth: 2.5x
  7,748 bp have a depth of zero (76.1783% coverage)
  118 positions changed (0.3628% of total positions)
  estimated pre-polishing sequence accuracy: 99.6372% (Q24.40)

Polishing contig_76 (53,034 bp):
  mean read depth: 4.6x
  7,796 bp have a depth of zero (85.3000% coverage)
  517 positions changed (0.9748% of total positions)
  estimated pre-polishing sequence accuracy: 99.0252% (Q20.11)

Polishing contig_760 (8,030 bp):
  mean read depth: 7.9x
  2,476 bp have a depth of zero (69.1656% coverage)
  58 positions changed (0.7223% of total positions)
  estimated pre-polishing sequence accuracy: 99.2777% (Q21.41)

Polishing contig_761 (22,815 bp):
  mean read depth: 2.2x
  5,270 bp have a depth of zero (76.9012% coverage)
  57 positions changed (0.2498% of total positions)
  estimated pre-polishing sequence accuracy: 99.7502% (Q26.02)

Polishing contig_762 (10,866 bp):
  mean read depth: 4.7x
  5,980 bp have a depth of zero (44.9659% coverage)
  24 positions changed (0.2209% of total positions)
  estimated pre-polishing sequence accuracy: 99.7791% (Q26.56)

Polishing contig_764 (71,945 bp):
  mean read depth: 4.2x
  3,012 bp have a depth of zero (95.8135% coverage)
  361 positions changed (0.5018% of total positions)
  estimated pre-polishing sequence accuracy: 99.4982% (Q22.99)

Polishing contig_765 (13,582 bp):
  mean read depth: 1.8x
  4,565 bp have a depth of zero (66.3893% coverage)
  21 positions changed (0.1546% of total positions)
  estimated pre-polishing sequence accuracy: 99.8454% (Q28.11)

Polishing contig_766 (6,334 bp):
  mean read depth: 9.2x
  38 bp have a depth of zero (99.4001% coverage)
  64 positions changed (1.0104% of total positions)
  estimated pre-polishing sequence accuracy: 98.9896% (Q19.95)

Polishing contig_767 (17,229 bp):
  mean read depth: 3.5x
  1,806 bp have a depth of zero (89.5177% coverage)
  93 positions changed (0.5398% of total positions)
  estimated pre-polishing sequence accuracy: 99.4602% (Q22.68)

Polishing contig_768 (13,324 bp):
  mean read depth: 0.2x
  11,209 bp have a depth of zero (15.8736% coverage)
  0 positions changed (0.0000% of total positions)
  estimated pre-polishing sequence accuracy: 100.0000% (Q∞)

Polishing contig_769 (5,545 bp):
  mean read depth: 2.0x
  1,093 bp have a depth of zero (80.2885% coverage)
  4 positions changed (0.0721% of total positions)
  estimated pre-polishing sequence accuracy: 99.9279% (Q31.42)

Polishing contig_77 (2,176,957 bp):
  mean read depth: 15.5x
  76,999 bp have a depth of zero (96.4630% coverage)
  12,290 positions changed (0.5645% of total positions)
  estimated pre-polishing sequence accuracy: 99.4355% (Q22.48)

Polishing contig_770 (16,682 bp):
  mean read depth: 3.6x
  1,692 bp have a depth of zero (89.8573% coverage)
  78 positions changed (0.4676% of total positions)
  estimated pre-polishing sequence accuracy: 99.5324% (Q23.30)

Polishing contig_771 (18,799 bp):
  mean read depth: 4.6x
  774 bp have a depth of zero (95.8828% coverage)
  153 positions changed (0.8139% of total positions)
  estimated pre-polishing sequence accuracy: 99.1861% (Q20.89)

Polishing contig_772 (20,696 bp):
  mean read depth: 1.2x
  8,831 bp have a depth of zero (57.3299% coverage)
  6 positions changed (0.0290% of total positions)
  estimated pre-polishing sequence accuracy: 99.9710% (Q35.38)

Polishing contig_773 (39,756 bp):
  mean read depth: 3.2x
  6,277 bp have a depth of zero (84.2112% coverage)
  240 positions changed (0.6037% of total positions)
  estimated pre-polishing sequence accuracy: 99.3963% (Q22.19)

Polishing contig_774 (37,143 bp):
  mean read depth: 3.8x
  6,150 bp have a depth of zero (83.4424% coverage)
  280 positions changed (0.7538% of total positions)
  estimated pre-polishing sequence accuracy: 99.2462% (Q21.23)

Polishing contig_775 (18,735 bp):
  mean read depth: 1.1x
  8,655 bp have a depth of zero (53.8030% coverage)
  3 positions changed (0.0160% of total positions)
  estimated pre-polishing sequence accuracy: 99.9840% (Q37.96)

Polishing contig_776 (10,710 bp):
  mean read depth: 2.9x
  3,607 bp have a depth of zero (66.3212% coverage)
  67 positions changed (0.6256% of total positions)
  estimated pre-polishing sequence accuracy: 99.3744% (Q22.04)

Polishing contig_777 (3,606 bp):
  mean read depth: 3.1x
  631 bp have a depth of zero (82.5014% coverage)
  8 positions changed (0.2219% of total positions)
  estimated pre-polishing sequence accuracy: 99.7781% (Q26.54)

Polishing contig_778 (53,998 bp):
  mean read depth: 4.2x
  3,400 bp have a depth of zero (93.7035% coverage)
  490 positions changed (0.9074% of total positions)
  estimated pre-polishing sequence accuracy: 99.0926% (Q20.42)

Polishing contig_779 (26,000 bp):
  mean read depth: 3.5x
  4,549 bp have a depth of zero (82.5038% coverage)
  183 positions changed (0.7038% of total positions)
  estimated pre-polishing sequence accuracy: 99.2962% (Q21.53)

Polishing contig_78 (66,678 bp):
  mean read depth: 1.8x
  18,142 bp have a depth of zero (72.7916% coverage)
  61 positions changed (0.0915% of total positions)
  estimated pre-polishing sequence accuracy: 99.9085% (Q30.39)

Polishing contig_780 (106,797 bp):
  mean read depth: 19.3x
  9,773 bp have a depth of zero (90.8490% coverage)
  479 positions changed (0.4485% of total positions)
  estimated pre-polishing sequence accuracy: 99.5515% (Q23.48)

Polishing contig_781 (11,621 bp):
  mean read depth: 5.0x
  1,306 bp have a depth of zero (88.7617% coverage)
  126 positions changed (1.0842% of total positions)
  estimated pre-polishing sequence accuracy: 98.9158% (Q19.65)

Polishing contig_782 (34,866 bp):
  mean read depth: 3.4x
  10,976 bp have a depth of zero (68.5195% coverage)
  165 positions changed (0.4732% of total positions)
  estimated pre-polishing sequence accuracy: 99.5268% (Q23.25)

Polishing contig_783 (87,819 bp):
  mean read depth: 3.7x
  9,904 bp have a depth of zero (88.7223% coverage)
  299 positions changed (0.3405% of total positions)
  estimated pre-polishing sequence accuracy: 99.6595% (Q24.68)

Polishing contig_784 (10,632 bp):
  mean read depth: 4.5x
  967 bp have a depth of zero (90.9048% coverage)
  96 positions changed (0.9029% of total positions)
  estimated pre-polishing sequence accuracy: 99.0971% (Q20.44)

Polishing contig_785 (18,811 bp):
  mean read depth: 2.6x
  4,558 bp have a depth of zero (75.7695% coverage)
  37 positions changed (0.1967% of total positions)
  estimated pre-polishing sequence accuracy: 99.8033% (Q27.06)

Polishing contig_786 (44,885 bp):
  mean read depth: 3.9x
  8,867 bp have a depth of zero (80.2451% coverage)
  340 positions changed (0.7575% of total positions)
  estimated pre-polishing sequence accuracy: 99.2425% (Q21.21)

Polishing contig_787 (73,545 bp):
  mean read depth: 2.5x
  14,056 bp have a depth of zero (80.8879% coverage)
  253 positions changed (0.3440% of total positions)
  estimated pre-polishing sequence accuracy: 99.6560% (Q24.63)

Polishing contig_788 (10,658 bp):
  mean read depth: 1.0x
  4,459 bp have a depth of zero (58.1629% coverage)
  0 positions changed (0.0000% of total positions)
  estimated pre-polishing sequence accuracy: 100.0000% (Q∞)

Polishing contig_789 (17,095 bp):
  mean read depth: 12.0x
  7,437 bp have a depth of zero (56.4961% coverage)
  50 positions changed (0.2925% of total positions)
  estimated pre-polishing sequence accuracy: 99.7075% (Q25.34)

Polishing contig_79 (49,854 bp):
  mean read depth: 2.0x
  15,075 bp have a depth of zero (69.7617% coverage)
  93 positions changed (0.1865% of total positions)
  estimated pre-polishing sequence accuracy: 99.8135% (Q27.29)

Polishing contig_790 (58,769 bp):
  mean read depth: 17.7x
  9,697 bp have a depth of zero (83.4998% coverage)
  308 positions changed (0.5241% of total positions)
  estimated pre-polishing sequence accuracy: 99.4759% (Q22.81)

Polishing contig_791 (50,121 bp):
  mean read depth: 18.2x
  6,543 bp have a depth of zero (86.9456% coverage)
  237 positions changed (0.4729% of total positions)
  estimated pre-polishing sequence accuracy: 99.5271% (Q23.25)

Polishing contig_792 (62,780 bp):
  mean read depth: 4.8x
  5,019 bp have a depth of zero (92.0054% coverage)
  580 positions changed (0.9239% of total positions)
  estimated pre-polishing sequence accuracy: 99.0761% (Q20.34)

Polishing contig_793 (28,087 bp):
  mean read depth: 3.4x
  5,299 bp have a depth of zero (81.1336% coverage)
  134 positions changed (0.4771% of total positions)
  estimated pre-polishing sequence accuracy: 99.5229% (Q23.21)

Polishing contig_794 (34,642 bp):
  mean read depth: 1.6x
  10,996 bp have a depth of zero (68.2582% coverage)
  26 positions changed (0.0751% of total positions)
  estimated pre-polishing sequence accuracy: 99.9249% (Q31.25)

Polishing contig_795 (7,722 bp):
  mean read depth: 8.7x
  483 bp have a depth of zero (93.7451% coverage)
  66 positions changed (0.8547% of total positions)
  estimated pre-polishing sequence accuracy: 99.1453% (Q20.68)

Polishing contig_796 (69,926 bp):
  mean read depth: 1.6x
  22,296 bp have a depth of zero (68.1149% coverage)
  59 positions changed (0.0844% of total positions)
  estimated pre-polishing sequence accuracy: 99.9156% (Q30.74)

Polishing contig_797 (7,182 bp):
  mean read depth: 0.9x
  3,589 bp have a depth of zero (50.0278% coverage)
  0 positions changed (0.0000% of total positions)
  estimated pre-polishing sequence accuracy: 100.0000% (Q∞)

Polishing contig_798 (20,199 bp):
  mean read depth: 2.4x
  3,416 bp have a depth of zero (83.0883% coverage)
  52 positions changed (0.2574% of total positions)
  estimated pre-polishing sequence accuracy: 99.7426% (Q25.89)

Polishing contig_799 (18,339 bp):
  mean read depth: 3.1x
  2,228 bp have a depth of zero (87.8510% coverage)
  89 positions changed (0.4853% of total positions)
  estimated pre-polishing sequence accuracy: 99.5147% (Q23.14)

Polishing contig_80 (28,045 bp):
  mean read depth: 20.1x
  2,988 bp have a depth of zero (89.3457% coverage)
  115 positions changed (0.4101% of total positions)
  estimated pre-polishing sequence accuracy: 99.5899% (Q23.87)

Polishing contig_800 (17,980 bp):
  mean read depth: 3.4x
  1,308 bp have a depth of zero (92.7253% coverage)
  65 positions changed (0.3615% of total positions)
  estimated pre-polishing sequence accuracy: 99.6385% (Q24.42)

Polishing contig_801 (5,789 bp):
  mean read depth: 2.8x
  786 bp have a depth of zero (86.4225% coverage)
  28 positions changed (0.4837% of total positions)
  estimated pre-polishing sequence accuracy: 99.5163% (Q23.15)

Polishing contig_802 (22,980 bp):
  mean read depth: 1.4x
  7,255 bp have a depth of zero (68.4291% coverage)
  14 positions changed (0.0609% of total positions)
  estimated pre-polishing sequence accuracy: 99.9391% (Q32.15)

Polishing contig_803 (9,288 bp):
  mean read depth: 19.7x
  1,033 bp have a depth of zero (88.8781% coverage)
  65 positions changed (0.6998% of total positions)
  estimated pre-polishing sequence accuracy: 99.3002% (Q21.55)

Polishing contig_804 (4,437 bp):
  mean read depth: 1.2x
  2,833 bp have a depth of zero (36.1506% coverage)
  17 positions changed (0.3831% of total positions)
  estimated pre-polishing sequence accuracy: 99.6169% (Q24.17)

Polishing contig_805 (19,168 bp):
  mean read depth: 3.2x
  2,249 bp have a depth of zero (88.2669% coverage)
  90 positions changed (0.4695% of total positions)
  estimated pre-polishing sequence accuracy: 99.5305% (Q23.28)

Polishing contig_806 (10,516 bp):
  mean read depth: 3.1x
  1,786 bp have a depth of zero (83.0164% coverage)
  46 positions changed (0.4374% of total positions)
  estimated pre-polishing sequence accuracy: 99.5626% (Q23.59)

Polishing contig_807 (27,380 bp):
  mean read depth: 1.4x
  10,774 bp have a depth of zero (60.6501% coverage)
  21 positions changed (0.0767% of total positions)
  estimated pre-polishing sequence accuracy: 99.9233% (Q31.15)

Polishing contig_808 (20,542 bp):
  mean read depth: 1.7x
  7,335 bp have a depth of zero (64.2927% coverage)
  17 positions changed (0.0828% of total positions)
  estimated pre-polishing sequence accuracy: 99.9172% (Q30.82)

Polishing contig_809 (19,865 bp):
  mean read depth: 2.0x
  8,795 bp have a depth of zero (55.7262% coverage)
  31 positions changed (0.1561% of total positions)
  estimated pre-polishing sequence accuracy: 99.8439% (Q28.07)

Polishing contig_81 (20,695 bp):
  mean read depth: 2.5x
  4,521 bp have a depth of zero (78.1541% coverage)
  31 positions changed (0.1498% of total positions)
  estimated pre-polishing sequence accuracy: 99.8502% (Q28.25)

Polishing contig_810 (18,270 bp):
  mean read depth: 3.0x
  5,972 bp have a depth of zero (67.3125% coverage)
  92 positions changed (0.5036% of total positions)
  estimated pre-polishing sequence accuracy: 99.4964% (Q22.98)

Polishing contig_811 (11,533 bp):
  mean read depth: 17.6x
  2,507 bp have a depth of zero (78.2624% coverage)
  48 positions changed (0.4162% of total positions)
  estimated pre-polishing sequence accuracy: 99.5838% (Q23.81)

Polishing contig_812 (71,373 bp):
  mean read depth: 4.2x
  6,241 bp have a depth of zero (91.2558% coverage)
  664 positions changed (0.9303% of total positions)
  estimated pre-polishing sequence accuracy: 99.0697% (Q20.31)

Polishing contig_813 (27,323 bp):
  mean read depth: 1.5x
  8,674 bp have a depth of zero (68.2539% coverage)
  15 positions changed (0.0549% of total positions)
  estimated pre-polishing sequence accuracy: 99.9451% (Q32.60)

Polishing contig_814 (22,719 bp):
  mean read depth: 2.3x
  6,244 bp have a depth of zero (72.5164% coverage)
  48 positions changed (0.2113% of total positions)
  estimated pre-polishing sequence accuracy: 99.7887% (Q26.75)

Polishing contig_815 (15,804 bp):
  mean read depth: 2.9x
  2,961 bp have a depth of zero (81.2642% coverage)
  38 positions changed (0.2404% of total positions)
  estimated pre-polishing sequence accuracy: 99.7596% (Q26.19)

Polishing contig_816 (4,139 bp):
  mean read depth: 1.7x
  867 bp have a depth of zero (79.0529% coverage)
  5 positions changed (0.1208% of total positions)
  estimated pre-polishing sequence accuracy: 99.8792% (Q29.18)

Polishing contig_817 (59,695 bp):
  mean read depth: 2.3x
  13,446 bp have a depth of zero (77.4755% coverage)
  137 positions changed (0.2295% of total positions)
  estimated pre-polishing sequence accuracy: 99.7705% (Q26.39)

Polishing contig_818 (5,868 bp):
  mean read depth: 2.7x
  281 bp have a depth of zero (95.2113% coverage)
  8 positions changed (0.1363% of total positions)
  estimated pre-polishing sequence accuracy: 99.8637% (Q28.65)

Polishing contig_819 (3,794 bp):
  mean read depth: 11.2x
  41 bp have a depth of zero (98.9193% coverage)
  32 positions changed (0.8434% of total positions)
  estimated pre-polishing sequence accuracy: 99.1566% (Q20.74)

Polishing contig_82 (29,083 bp):
  mean read depth: 1.6x
  9,314 bp have a depth of zero (67.9744% coverage)
  22 positions changed (0.0756% of total positions)
  estimated pre-polishing sequence accuracy: 99.9244% (Q31.21)

Polishing contig_820 (7,810 bp):
  mean read depth: 2.9x
  2,256 bp have a depth of zero (71.1140% coverage)
  47 positions changed (0.6018% of total positions)
  estimated pre-polishing sequence accuracy: 99.3982% (Q22.21)

Polishing contig_821 (18,768 bp):
  mean read depth: 1.6x
  5,873 bp have a depth of zero (68.7074% coverage)
  24 positions changed (0.1279% of total positions)
  estimated pre-polishing sequence accuracy: 99.8721% (Q28.93)

Polishing contig_822 (24,879 bp):
  mean read depth: 1.4x
  10,000 bp have a depth of zero (59.8055% coverage)
  12 positions changed (0.0482% of total positions)
  estimated pre-polishing sequence accuracy: 99.9518% (Q33.17)

Polishing contig_823 (9,667 bp):
  mean read depth: 1.5x
  2,775 bp have a depth of zero (71.2941% coverage)
  7 positions changed (0.0724% of total positions)
  estimated pre-polishing sequence accuracy: 99.9276% (Q31.40)

Polishing contig_824 (19,782 bp):
  mean read depth: 1.7x
  7,757 bp have a depth of zero (60.7876% coverage)
  41 positions changed (0.2073% of total positions)
  estimated pre-polishing sequence accuracy: 99.7927% (Q26.83)

Polishing contig_825 (33,771 bp):
  mean read depth: 2.9x
  10,987 bp have a depth of zero (67.4662% coverage)
  143 positions changed (0.4234% of total positions)
  estimated pre-polishing sequence accuracy: 99.5766% (Q23.73)

Polishing contig_826 (9,146 bp):
  mean read depth: 6.1x
  3,286 bp have a depth of zero (64.0717% coverage)
  51 positions changed (0.5576% of total positions)
  estimated pre-polishing sequence accuracy: 99.4424% (Q22.54)

Polishing contig_827 (10,816 bp):
  mean read depth: 1.9x
  3,933 bp have a depth of zero (63.6372% coverage)
  20 positions changed (0.1849% of total positions)
  estimated pre-polishing sequence accuracy: 99.8151% (Q27.33)

Polishing contig_828 (20,170 bp):
  mean read depth: 1.9x
  10,372 bp have a depth of zero (48.5771% coverage)
  62 positions changed (0.3074% of total positions)
  estimated pre-polishing sequence accuracy: 99.6926% (Q25.12)

Polishing contig_829 (24,744 bp):
  mean read depth: 1.4x
  8,281 bp have a depth of zero (66.5333% coverage)
  11 positions changed (0.0445% of total positions)
  estimated pre-polishing sequence accuracy: 99.9555% (Q33.52)

Polishing contig_83 (10,703 bp):
  mean read depth: 2.1x
  2,365 bp have a depth of zero (77.9034% coverage)
  29 positions changed (0.2710% of total positions)
  estimated pre-polishing sequence accuracy: 99.7290% (Q25.67)

Polishing contig_830 (11,724 bp):
  mean read depth: 3.2x
  2,267 bp have a depth of zero (80.6636% coverage)
  74 positions changed (0.6312% of total positions)
  estimated pre-polishing sequence accuracy: 99.3688% (Q22.00)

Polishing contig_831 (14,218 bp):
  mean read depth: 0.9x
  6,621 bp have a depth of zero (53.4323% coverage)
  0 positions changed (0.0000% of total positions)
  estimated pre-polishing sequence accuracy: 100.0000% (Q∞)

Polishing contig_832 (35,811 bp):
  mean read depth: 4.2x
  4,136 bp have a depth of zero (88.4505% coverage)
  245 positions changed (0.6841% of total positions)
  estimated pre-polishing sequence accuracy: 99.3159% (Q21.65)

Polishing contig_833 (18,761 bp):
  mean read depth: 1.6x
  6,050 bp have a depth of zero (67.7523% coverage)
  18 positions changed (0.0959% of total positions)
  estimated pre-polishing sequence accuracy: 99.9041% (Q30.18)

Polishing contig_834 (14,252 bp):
  mean read depth: 3.1x
  5,128 bp have a depth of zero (64.0191% coverage)
  112 positions changed (0.7859% of total positions)
  estimated pre-polishing sequence accuracy: 99.2141% (Q21.05)

Polishing contig_835 (51,325 bp):
  mean read depth: 1.8x
  15,008 bp have a depth of zero (70.7589% coverage)
  75 positions changed (0.1461% of total positions)
  estimated pre-polishing sequence accuracy: 99.8539% (Q28.35)

Polishing contig_836 (17,330 bp):
  mean read depth: 2.0x
  4,138 bp have a depth of zero (76.1223% coverage)
  28 positions changed (0.1616% of total positions)
  estimated pre-polishing sequence accuracy: 99.8384% (Q27.92)

Polishing contig_837 (50,275 bp):
  mean read depth: 4.6x
  4,867 bp have a depth of zero (90.3192% coverage)
  413 positions changed (0.8215% of total positions)
  estimated pre-polishing sequence accuracy: 99.1785% (Q20.85)

Polishing contig_838 (6,403 bp):
  mean read depth: 2.6x
  1,266 bp have a depth of zero (80.2280% coverage)
  24 positions changed (0.3748% of total positions)
  estimated pre-polishing sequence accuracy: 99.6252% (Q24.26)

Polishing contig_839 (39,758 bp):
  mean read depth: 4.8x
  3,736 bp have a depth of zero (90.6031% coverage)
  354 positions changed (0.8904% of total positions)
  estimated pre-polishing sequence accuracy: 99.1096% (Q20.50)

Polishing contig_84 (11,815 bp):
  mean read depth: 0.5x
  8,126 bp have a depth of zero (31.2230% coverage)
  3 positions changed (0.0254% of total positions)
  estimated pre-polishing sequence accuracy: 99.9746% (Q35.95)

Polishing contig_840 (19,950 bp):
  mean read depth: 1.1x
  9,090 bp have a depth of zero (54.4361% coverage)
  8 positions changed (0.0401% of total positions)
  estimated pre-polishing sequence accuracy: 99.9599% (Q33.97)

Polishing contig_841 (12,499 bp):
  mean read depth: 3.0x
  1,341 bp have a depth of zero (89.2711% coverage)
  57 positions changed (0.4560% of total positions)
  estimated pre-polishing sequence accuracy: 99.5440% (Q23.41)

Polishing contig_842 (4,961 bp):
  mean read depth: 13.0x
  23 bp have a depth of zero (99.5364% coverage)
  38 positions changed (0.7660% of total positions)
  estimated pre-polishing sequence accuracy: 99.2340% (Q21.16)

Polishing contig_843 (32,136 bp):
  mean read depth: 1.0x
  15,868 bp have a depth of zero (50.6224% coverage)
  5 positions changed (0.0156% of total positions)
  estimated pre-polishing sequence accuracy: 99.9844% (Q38.08)

Polishing contig_844 (36,582 bp):
  mean read depth: 4.7x
  5,447 bp have a depth of zero (85.1102% coverage)
  415 positions changed (1.1344% of total positions)
  estimated pre-polishing sequence accuracy: 98.8656% (Q19.45)

Polishing contig_845 (10,746 bp):
  mean read depth: 2.3x
  2,064 bp have a depth of zero (80.7929% coverage)
  17 positions changed (0.1582% of total positions)
  estimated pre-polishing sequence accuracy: 99.8418% (Q28.01)

Polishing contig_846 (3,009 bp):
  mean read depth: 1.1x
  1,104 bp have a depth of zero (63.3101% coverage)
  1 position changed (0.0332% of total positions)
  estimated pre-polishing sequence accuracy: 99.9668% (Q34.78)

Polishing contig_847 (13,849 bp):
  mean read depth: 2.0x
  5,068 bp have a depth of zero (63.4053% coverage)
  33 positions changed (0.2383% of total positions)
  estimated pre-polishing sequence accuracy: 99.7617% (Q26.23)

Polishing contig_848 (4,604 bp):
  mean read depth: 0.5x
  2,895 bp have a depth of zero (37.1199% coverage)
  0 positions changed (0.0000% of total positions)
  estimated pre-polishing sequence accuracy: 100.0000% (Q∞)

Polishing contig_849 (24,997 bp):
  mean read depth: 1.2x
  10,583 bp have a depth of zero (57.6629% coverage)
  6 positions changed (0.0240% of total positions)
  estimated pre-polishing sequence accuracy: 99.9760% (Q36.20)

Polishing contig_85 (10,174 bp):
  mean read depth: 2.2x
  1,678 bp have a depth of zero (83.5070% coverage)
  18 positions changed (0.1769% of total positions)
  estimated pre-polishing sequence accuracy: 99.8231% (Q27.52)

Polishing contig_850 (6,999 bp):
  mean read depth: 3.1x
  1,550 bp have a depth of zero (77.8540% coverage)
  50 positions changed (0.7144% of total positions)
  estimated pre-polishing sequence accuracy: 99.2856% (Q21.46)

Polishing contig_852 (4,330 bp):
  mean read depth: 3.5x
  3,207 bp have a depth of zero (25.9353% coverage)
  12 positions changed (0.2771% of total positions)
  estimated pre-polishing sequence accuracy: 99.7229% (Q25.57)

Polishing contig_854 (52,342 bp):
  mean read depth: 2.1x
  17,951 bp have a depth of zero (65.7044% coverage)
  151 positions changed (0.2885% of total positions)
  estimated pre-polishing sequence accuracy: 99.7115% (Q25.40)

Polishing contig_855 (48,662 bp):
  mean read depth: 3.2x
  12,718 bp have a depth of zero (73.8646% coverage)
  275 positions changed (0.5651% of total positions)
  estimated pre-polishing sequence accuracy: 99.4349% (Q22.48)

Polishing contig_856 (33,751 bp):
  mean read depth: 4.7x
  2,618 bp have a depth of zero (92.2432% coverage)
  326 positions changed (0.9659% of total positions)
  estimated pre-polishing sequence accuracy: 99.0341% (Q20.15)

Polishing contig_857 (33,901 bp):
  mean read depth: 1.9x
  12,894 bp have a depth of zero (61.9657% coverage)
  53 positions changed (0.1563% of total positions)
  estimated pre-polishing sequence accuracy: 99.8437% (Q28.06)

Polishing contig_858 (41,811 bp):
  mean read depth: 1.8x
  12,952 bp have a depth of zero (69.0225% coverage)
  56 positions changed (0.1339% of total positions)
  estimated pre-polishing sequence accuracy: 99.8661% (Q28.73)

Polishing contig_859 (27,585 bp):
  mean read depth: 1.8x
  7,453 bp have a depth of zero (72.9817% coverage)
  28 positions changed (0.1015% of total positions)
  estimated pre-polishing sequence accuracy: 99.8985% (Q29.94)

Polishing contig_86 (19,635 bp):
  mean read depth: 2.4x
  3,940 bp have a depth of zero (79.9338% coverage)
  71 positions changed (0.3616% of total positions)
  estimated pre-polishing sequence accuracy: 99.6384% (Q24.42)

Polishing contig_860 (69,194 bp):
  mean read depth: 4.1x
  13,704 bp have a depth of zero (80.1948% coverage)
  410 positions changed (0.5925% of total positions)
  estimated pre-polishing sequence accuracy: 99.4075% (Q22.27)

Polishing contig_861 (15,546 bp):
  mean read depth: 3.1x
  4,609 bp have a depth of zero (70.3525% coverage)
  121 positions changed (0.7783% of total positions)
  estimated pre-polishing sequence accuracy: 99.2217% (Q21.09)

Polishing contig_862 (12,257 bp):
  mean read depth: 1.1x
  5,199 bp have a depth of zero (57.5834% coverage)
  4 positions changed (0.0326% of total positions)
  estimated pre-polishing sequence accuracy: 99.9674% (Q34.86)

Polishing contig_863 (20,820 bp):
  mean read depth: 3.8x
  3,536 bp have a depth of zero (83.0163% coverage)
  144 positions changed (0.6916% of total positions)
  estimated pre-polishing sequence accuracy: 99.3084% (Q21.60)

Polishing contig_864 (7,749 bp):
  mean read depth: 0.6x
  5,252 bp have a depth of zero (32.2235% coverage)
  4 positions changed (0.0516% of total positions)
  estimated pre-polishing sequence accuracy: 99.9484% (Q32.87)

Polishing contig_866 (18,669 bp):
  mean read depth: 3.5x
  4,273 bp have a depth of zero (77.1118% coverage)
  92 positions changed (0.4928% of total positions)
  estimated pre-polishing sequence accuracy: 99.5072% (Q23.07)

Polishing contig_867 (92,255 bp):
  mean read depth: 5.6x
  6,218 bp have a depth of zero (93.2600% coverage)
  711 positions changed (0.7707% of total positions)
  estimated pre-polishing sequence accuracy: 99.2293% (Q21.13)

Polishing contig_869 (25,522 bp):
  mean read depth: 1.9x
  8,635 bp have a depth of zero (66.1664% coverage)
  71 positions changed (0.2782% of total positions)
  estimated pre-polishing sequence accuracy: 99.7218% (Q25.56)

Polishing contig_87 (12,934 bp):
  mean read depth: 2.8x
  2,402 bp have a depth of zero (81.4288% coverage)
  34 positions changed (0.2629% of total positions)
  estimated pre-polishing sequence accuracy: 99.7371% (Q25.80)

Polishing contig_870 (33,926 bp):
  mean read depth: 4.6x
  6,757 bp have a depth of zero (80.0831% coverage)
  323 positions changed (0.9521% of total positions)
  estimated pre-polishing sequence accuracy: 99.0479% (Q20.21)

Polishing contig_871 (14,638 bp):
  mean read depth: 1.5x
  5,676 bp have a depth of zero (61.2242% coverage)
  23 positions changed (0.1571% of total positions)
  estimated pre-polishing sequence accuracy: 99.8429% (Q28.04)

Polishing contig_872 (49,291 bp):
  mean read depth: 1.8x
  13,472 bp have a depth of zero (72.6684% coverage)
  52 positions changed (0.1055% of total positions)
  estimated pre-polishing sequence accuracy: 99.8945% (Q29.77)

Polishing contig_873 (14,436 bp):
  mean read depth: 4.5x
  1,427 bp have a depth of zero (90.1150% coverage)
  83 positions changed (0.5750% of total positions)
  estimated pre-polishing sequence accuracy: 99.4250% (Q22.40)

Polishing contig_874 (13,951 bp):
  mean read depth: 1.8x
  4,965 bp have a depth of zero (64.4112% coverage)
  39 positions changed (0.2795% of total positions)
  estimated pre-polishing sequence accuracy: 99.7205% (Q25.54)

Polishing contig_875 (14,138 bp):
  mean read depth: 1.1x
  6,849 bp have a depth of zero (51.5561% coverage)
  12 positions changed (0.0849% of total positions)
  estimated pre-polishing sequence accuracy: 99.9151% (Q30.71)

Polishing contig_876 (51,225 bp):
  mean read depth: 1.4x
  17,218 bp have a depth of zero (66.3875% coverage)
  30 positions changed (0.0586% of total positions)
  estimated pre-polishing sequence accuracy: 99.9414% (Q32.32)

Polishing contig_877 (24,454 bp):
  mean read depth: 4.1x
  4,461 bp have a depth of zero (81.7576% coverage)
  187 positions changed (0.7647% of total positions)
  estimated pre-polishing sequence accuracy: 99.2353% (Q21.17)

Polishing contig_878 (12,045 bp):
  mean read depth: 4.1x
  2,517 bp have a depth of zero (79.1034% coverage)
  105 positions changed (0.8717% of total positions)
  estimated pre-polishing sequence accuracy: 99.1283% (Q20.60)

Polishing contig_879 (15,250 bp):
  mean read depth: 4.2x
  2,739 bp have a depth of zero (82.0393% coverage)
  168 positions changed (1.1016% of total positions)
  estimated pre-polishing sequence accuracy: 98.8984% (Q19.58)

Polishing contig_88 (20,293 bp):
  mean read depth: 2.8x
  7,886 bp have a depth of zero (61.1393% coverage)
  139 positions changed (0.6850% of total positions)
  estimated pre-polishing sequence accuracy: 99.3150% (Q21.64)

Polishing contig_880 (5,293 bp):
  mean read depth: 8.2x
  2,876 bp have a depth of zero (45.6641% coverage)
  24 positions changed (0.4534% of total positions)
  estimated pre-polishing sequence accuracy: 99.5466% (Q23.43)

Polishing contig_881 (23,812 bp):
  mean read depth: 1.5x
  6,338 bp have a depth of zero (73.3832% coverage)
  17 positions changed (0.0714% of total positions)
  estimated pre-polishing sequence accuracy: 99.9286% (Q31.46)

Polishing contig_882 (25,332 bp):
  mean read depth: 4.3x
  5,570 bp have a depth of zero (78.0120% coverage)
  180 positions changed (0.7106% of total positions)
  estimated pre-polishing sequence accuracy: 99.2894% (Q21.48)

Polishing contig_883 (17,281 bp):
  mean read depth: 1.9x
  8,276 bp have a depth of zero (52.1093% coverage)
  48 positions changed (0.2778% of total positions)
  estimated pre-polishing sequence accuracy: 99.7222% (Q25.56)

Polishing contig_884 (11,532 bp):
  mean read depth: 1.3x
  4,428 bp have a depth of zero (61.6025% coverage)
  10 positions changed (0.0867% of total positions)
  estimated pre-polishing sequence accuracy: 99.9133% (Q30.62)

Polishing contig_885 (23,845 bp):
  mean read depth: 2.5x
  4,278 bp have a depth of zero (82.0591% coverage)
  62 positions changed (0.2600% of total positions)
  estimated pre-polishing sequence accuracy: 99.7400% (Q25.85)

Polishing contig_886 (5,946 bp):
  mean read depth: 3.1x
  715 bp have a depth of zero (87.9751% coverage)
  34 positions changed (0.5718% of total positions)
  estimated pre-polishing sequence accuracy: 99.4282% (Q22.43)

Polishing contig_887 (34,526 bp):
  mean read depth: 2.9x
  5,574 bp have a depth of zero (83.8556% coverage)
  84 positions changed (0.2433% of total positions)
  estimated pre-polishing sequence accuracy: 99.7567% (Q26.14)

Polishing contig_888 (146,551 bp):
  mean read depth: 5.7x
  6,125 bp have a depth of zero (95.8206% coverage)
  1,366 positions changed (0.9321% of total positions)
  estimated pre-polishing sequence accuracy: 99.0679% (Q20.31)

Polishing contig_889 (3,766 bp):
  mean read depth: 1.3x
  1,074 bp have a depth of zero (71.4817% coverage)
  0 positions changed (0.0000% of total positions)
  estimated pre-polishing sequence accuracy: 100.0000% (Q∞)

Polishing contig_89 (17,110 bp):
  mean read depth: 1.4x
  7,422 bp have a depth of zero (56.6219% coverage)
  20 positions changed (0.1169% of total positions)
  estimated pre-polishing sequence accuracy: 99.8831% (Q29.32)

Polishing contig_890 (13,593 bp):
  mean read depth: 3.0x
  2,504 bp have a depth of zero (81.5788% coverage)
  60 positions changed (0.4414% of total positions)
  estimated pre-polishing sequence accuracy: 99.5586% (Q23.55)

Polishing contig_891 (15,964 bp):
  mean read depth: 0.7x
  9,328 bp have a depth of zero (41.5685% coverage)
  0 positions changed (0.0000% of total positions)
  estimated pre-polishing sequence accuracy: 100.0000% (Q∞)

Polishing contig_892 (41,798 bp):
  mean read depth: 1.6x
  14,062 bp have a depth of zero (66.3572% coverage)
  34 positions changed (0.0813% of total positions)
  estimated pre-polishing sequence accuracy: 99.9187% (Q30.90)

Polishing contig_893 (16,142 bp):
  mean read depth: 1.0x
  8,272 bp have a depth of zero (48.7548% coverage)
  4 positions changed (0.0248% of total positions)
  estimated pre-polishing sequence accuracy: 99.9752% (Q36.06)

Polishing contig_894 (9,203 bp):
  mean read depth: 2.0x
  2,512 bp have a depth of zero (72.7046% coverage)
  12 positions changed (0.1304% of total positions)
  estimated pre-polishing sequence accuracy: 99.8696% (Q28.85)

Polishing contig_895 (7,136,817 bp):
  mean read depth: 16.9x
  123,954 bp have a depth of zero (98.2632% coverage)
  21,017 positions changed (0.2945% of total positions)
  estimated pre-polishing sequence accuracy: 99.7055% (Q25.31)

Polishing contig_896 (20,798 bp):
  mean read depth: 2.8x
  8,744 bp have a depth of zero (57.9575% coverage)
  151 positions changed (0.7260% of total positions)
  estimated pre-polishing sequence accuracy: 99.2740% (Q21.39)

Polishing contig_897 (11,555 bp):
  mean read depth: 3.6x
  2,475 bp have a depth of zero (78.5807% coverage)
  69 positions changed (0.5971% of total positions)
  estimated pre-polishing sequence accuracy: 99.4029% (Q22.24)

Polishing contig_898 (27,003 bp):
  mean read depth: 2.8x
  8,274 bp have a depth of zero (69.3590% coverage)
  101 positions changed (0.3740% of total positions)
  estimated pre-polishing sequence accuracy: 99.6260% (Q24.27)

Polishing contig_899 (13,351 bp):
  mean read depth: 3.7x
  299 bp have a depth of zero (97.7605% coverage)
  60 positions changed (0.4494% of total positions)
  estimated pre-polishing sequence accuracy: 99.5506% (Q23.47)

Polishing contig_9 (703,252 bp):
  mean read depth: 7.4x
  34,636 bp have a depth of zero (95.0749% coverage)
  3,370 positions changed (0.4792% of total positions)
  estimated pre-polishing sequence accuracy: 99.5208% (Q23.19)

Polishing contig_90 (75,134 bp):
  mean read depth: 4.6x
  7,767 bp have a depth of zero (89.6625% coverage)
  676 positions changed (0.8997% of total positions)
  estimated pre-polishing sequence accuracy: 99.1003% (Q20.46)

Polishing contig_900 (6,125 bp):
  mean read depth: 2.2x
  2,007 bp have a depth of zero (67.2327% coverage)
  15 positions changed (0.2449% of total positions)
  estimated pre-polishing sequence accuracy: 99.7551% (Q26.11)

Polishing contig_901 (12,932 bp):
  mean read depth: 1.6x
  3,625 bp have a depth of zero (71.9688% coverage)
  7 positions changed (0.0541% of total positions)
  estimated pre-polishing sequence accuracy: 99.9459% (Q32.67)

Polishing contig_902 (4,120 bp):
  mean read depth: 1.4x
  1,518 bp have a depth of zero (63.1553% coverage)
  1 position changed (0.0243% of total positions)
  estimated pre-polishing sequence accuracy: 99.9757% (Q36.15)

Polishing contig_903 (27,942 bp):
  mean read depth: 1.3x
  9,911 bp have a depth of zero (64.5301% coverage)
  15 positions changed (0.0537% of total positions)
  estimated pre-polishing sequence accuracy: 99.9463% (Q32.70)

Polishing contig_904 (14,875 bp):
  mean read depth: 1.8x
  5,827 bp have a depth of zero (60.8269% coverage)
  31 positions changed (0.2084% of total positions)
  estimated pre-polishing sequence accuracy: 99.7916% (Q26.81)

Polishing contig_905 (14,750 bp):
  mean read depth: 2.6x
  3,044 bp have a depth of zero (79.3627% coverage)
  35 positions changed (0.2373% of total positions)
  estimated pre-polishing sequence accuracy: 99.7627% (Q26.25)

Polishing contig_906 (31,645 bp):
  mean read depth: 2.5x
  7,714 bp have a depth of zero (75.6233% coverage)
  76 positions changed (0.2402% of total positions)
  estimated pre-polishing sequence accuracy: 99.7598% (Q26.19)

Polishing contig_907 (75,813 bp):
  mean read depth: 4.3x
  6,963 bp have a depth of zero (90.8156% coverage)
  656 positions changed (0.8653% of total positions)
  estimated pre-polishing sequence accuracy: 99.1347% (Q20.63)

Polishing contig_908 (3,270 bp):
  mean read depth: 3.6x
  727 bp have a depth of zero (77.7676% coverage)
  16 positions changed (0.4893% of total positions)
  estimated pre-polishing sequence accuracy: 99.5107% (Q23.10)

Polishing contig_909 (55,063 bp):
  mean read depth: 3.5x
  7,747 bp have a depth of zero (85.9307% coverage)
  423 positions changed (0.7682% of total positions)
  estimated pre-polishing sequence accuracy: 99.2318% (Q21.15)

Polishing contig_91 (23,143 bp):
  mean read depth: 1.0x
  10,793 bp have a depth of zero (53.3639% coverage)
  14 positions changed (0.0605% of total positions)
  estimated pre-polishing sequence accuracy: 99.9395% (Q32.18)

Polishing contig_910 (9,032 bp):
  mean read depth: 11.8x
  834 bp have a depth of zero (90.7662% coverage)
  68 positions changed (0.7529% of total positions)
  estimated pre-polishing sequence accuracy: 99.2471% (Q21.23)

Polishing contig_911 (11,806 bp):
  mean read depth: 1.0x
  5,397 bp have a depth of zero (54.2860% coverage)
  0 positions changed (0.0000% of total positions)
  estimated pre-polishing sequence accuracy: 100.0000% (Q∞)

Polishing contig_912 (7,360 bp):
  mean read depth: 3.0x
  590 bp have a depth of zero (91.9837% coverage)
  35 positions changed (0.4755% of total positions)
  estimated pre-polishing sequence accuracy: 99.5245% (Q23.23)

Polishing contig_913 (2,847 bp):
  mean read depth: 11.9x
  160 bp have a depth of zero (94.3800% coverage)
  10 positions changed (0.3512% of total positions)
  estimated pre-polishing sequence accuracy: 99.6488% (Q24.54)

Polishing contig_914 (4,803 bp):
  mean read depth: 11.1x
  81 bp have a depth of zero (98.3136% coverage)
  29 positions changed (0.6038% of total positions)
  estimated pre-polishing sequence accuracy: 99.3962% (Q22.19)

Polishing contig_915 (45,257 bp):
  mean read depth: 2.2x
  12,133 bp have a depth of zero (73.1909% coverage)
  109 positions changed (0.2408% of total positions)
  estimated pre-polishing sequence accuracy: 99.7592% (Q26.18)

Polishing contig_916 (30,550 bp):
  mean read depth: 3.4x
  8,243 bp have a depth of zero (73.0180% coverage)
  227 positions changed (0.7430% of total positions)
  estimated pre-polishing sequence accuracy: 99.2570% (Q21.29)

Polishing contig_917 (14,894 bp):
  mean read depth: 2.6x
  2,879 bp have a depth of zero (80.6701% coverage)
  59 positions changed (0.3961% of total positions)
  estimated pre-polishing sequence accuracy: 99.6039% (Q24.02)

Polishing contig_918 (13,853 bp):
  mean read depth: 3.2x
  2,205 bp have a depth of zero (84.0829% coverage)
  78 positions changed (0.5631% of total positions)
  estimated pre-polishing sequence accuracy: 99.4369% (Q22.49)

Polishing contig_919 (117,097 bp):
  mean read depth: 5.5x
  5,527 bp have a depth of zero (95.2800% coverage)
  1,162 positions changed (0.9923% of total positions)
  estimated pre-polishing sequence accuracy: 99.0077% (Q20.03)

Polishing contig_92 (51,329 bp):
  mean read depth: 2.2x
  13,735 bp have a depth of zero (73.2412% coverage)
  115 positions changed (0.2240% of total positions)
  estimated pre-polishing sequence accuracy: 99.7760% (Q26.50)

Polishing contig_920 (14,410 bp):
  mean read depth: 3.0x
  2,314 bp have a depth of zero (83.9417% coverage)
  66 positions changed (0.4580% of total positions)
  estimated pre-polishing sequence accuracy: 99.5420% (Q23.39)

Polishing contig_921 (13,976 bp):
  mean read depth: 2.2x
  1,723 bp have a depth of zero (87.6717% coverage)
  20 positions changed (0.1431% of total positions)
  estimated pre-polishing sequence accuracy: 99.8569% (Q28.44)

Polishing contig_922 (12,492 bp):
  mean read depth: 4.0x
  1,363 bp have a depth of zero (89.0890% coverage)
  124 positions changed (0.9926% of total positions)
  estimated pre-polishing sequence accuracy: 99.0074% (Q20.03)

Polishing contig_923 (9,225 bp):
  mean read depth: 4.1x
  1,668 bp have a depth of zero (81.9187% coverage)
  77 positions changed (0.8347% of total positions)
  estimated pre-polishing sequence accuracy: 99.1653% (Q20.78)

Polishing contig_924 (9,987 bp):
  mean read depth: 1.7x
  4,869 bp have a depth of zero (51.2466% coverage)
  32 positions changed (0.3204% of total positions)
  estimated pre-polishing sequence accuracy: 99.6796% (Q24.94)

Polishing contig_925 (42,574 bp):
  mean read depth: 1.7x
  11,520 bp have a depth of zero (72.9412% coverage)
  46 positions changed (0.1080% of total positions)
  estimated pre-polishing sequence accuracy: 99.8920% (Q29.66)

Polishing contig_926 (28,240 bp):
  mean read depth: 2.8x
  5,143 bp have a depth of zero (81.7882% coverage)
  93 positions changed (0.3293% of total positions)
  estimated pre-polishing sequence accuracy: 99.6707% (Q24.82)

Polishing contig_927 (11,346 bp):
  mean read depth: 1.2x
  4,895 bp have a depth of zero (56.8570% coverage)
  15 positions changed (0.1322% of total positions)
  estimated pre-polishing sequence accuracy: 99.8678% (Q28.79)

Polishing contig_928 (5,581 bp):
  mean read depth: 3.0x
  493 bp have a depth of zero (91.1665% coverage)
  23 positions changed (0.4121% of total positions)
  estimated pre-polishing sequence accuracy: 99.5879% (Q23.85)

Polishing contig_929 (23,034 bp):
  mean read depth: 1.0x
  9,145 bp have a depth of zero (60.2978% coverage)
  3 positions changed (0.0130% of total positions)
  estimated pre-polishing sequence accuracy: 99.9870% (Q38.85)

Polishing contig_93 (28,618 bp):
  mean read depth: 2.1x
  5,850 bp have a depth of zero (79.5583% coverage)
  34 positions changed (0.1188% of total positions)
  estimated pre-polishing sequence accuracy: 99.8812% (Q29.25)

Polishing contig_930 (39,716 bp):
  mean read depth: 0.6x
  24,588 bp have a depth of zero (38.0904% coverage)
  3 positions changed (0.0076% of total positions)
  estimated pre-polishing sequence accuracy: 99.9924% (Q41.22)

Polishing contig_931 (21,232 bp):
  mean read depth: 3.4x
  3,577 bp have a depth of zero (83.1528% coverage)
  140 positions changed (0.6594% of total positions)
  estimated pre-polishing sequence accuracy: 99.3406% (Q21.81)

Polishing contig_932 (4,672 bp):
  mean read depth: 0.8x
  2,481 bp have a depth of zero (46.8964% coverage)
  0 positions changed (0.0000% of total positions)
  estimated pre-polishing sequence accuracy: 100.0000% (Q∞)

Polishing contig_933 (10,318 bp):
  mean read depth: 2.7x
  1,760 bp have a depth of zero (82.9424% coverage)
  42 positions changed (0.4071% of total positions)
  estimated pre-polishing sequence accuracy: 99.5929% (Q23.90)

Polishing contig_934 (11,945 bp):
  mean read depth: 3.5x
  1,922 bp have a depth of zero (83.9096% coverage)
  42 positions changed (0.3516% of total positions)
  estimated pre-polishing sequence accuracy: 99.6484% (Q24.54)

Polishing contig_935 (36,733 bp):
  mean read depth: 3.9x
  6,218 bp have a depth of zero (83.0724% coverage)
  332 positions changed (0.9038% of total positions)
  estimated pre-polishing sequence accuracy: 99.0962% (Q20.44)

Polishing contig_936 (8,670 bp):
  mean read depth: 10.3x
  990 bp have a depth of zero (88.5813% coverage)
  48 positions changed (0.5536% of total positions)
  estimated pre-polishing sequence accuracy: 99.4464% (Q22.57)

Polishing contig_937 (3,310 bp):
  mean read depth: 9.6x
  137 bp have a depth of zero (95.8610% coverage)
  31 positions changed (0.9366% of total positions)
  estimated pre-polishing sequence accuracy: 99.0634% (Q20.28)

Polishing contig_938 (15,056 bp):
  mean read depth: 1.5x
  4,890 bp have a depth of zero (67.5213% coverage)
  9 positions changed (0.0598% of total positions)
  estimated pre-polishing sequence accuracy: 99.9402% (Q32.23)

Polishing contig_939 (13,302 bp):
  mean read depth: 1.1x
  5,142 bp have a depth of zero (61.3442% coverage)
  3 positions changed (0.0226% of total positions)
  estimated pre-polishing sequence accuracy: 99.9774% (Q36.47)

Polishing contig_940 (40,258 bp):
  mean read depth: 4.5x
  6,631 bp have a depth of zero (83.5287% coverage)
  362 positions changed (0.8992% of total positions)
  estimated pre-polishing sequence accuracy: 99.1008% (Q20.46)

Polishing contig_941 (49,035 bp):
  mean read depth: 2.5x
  10,641 bp have a depth of zero (78.2992% coverage)
  141 positions changed (0.2875% of total positions)
  estimated pre-polishing sequence accuracy: 99.7125% (Q25.41)

Polishing contig_942 (35,991 bp):
  mean read depth: 1.8x
  9,593 bp have a depth of zero (73.3461% coverage)
  50 positions changed (0.1389% of total positions)
  estimated pre-polishing sequence accuracy: 99.8611% (Q28.57)

Polishing contig_943 (17,398 bp):
  mean read depth: 1.2x
  6,135 bp have a depth of zero (64.7373% coverage)
  4 positions changed (0.0230% of total positions)
  estimated pre-polishing sequence accuracy: 99.9770% (Q36.38)

Polishing contig_944 (8,514 bp):
  mean read depth: 0.8x
  4,641 bp have a depth of zero (45.4898% coverage)
  0 positions changed (0.0000% of total positions)
  estimated pre-polishing sequence accuracy: 100.0000% (Q∞)

Polishing contig_945 (6,542 bp):
  mean read depth: 8.2x
  908 bp have a depth of zero (86.1205% coverage)
  46 positions changed (0.7031% of total positions)
  estimated pre-polishing sequence accuracy: 99.2969% (Q21.53)

Polishing contig_946 (24,740 bp):
  mean read depth: 1.7x
  6,503 bp have a depth of zero (73.7146% coverage)
  22 positions changed (0.0889% of total positions)
  estimated pre-polishing sequence accuracy: 99.9111% (Q30.51)

Polishing contig_947 (5,512 bp):
  mean read depth: 9.9x
  110 bp have a depth of zero (98.0044% coverage)
  69 positions changed (1.2518% of total positions)
  estimated pre-polishing sequence accuracy: 98.7482% (Q19.02)

Polishing contig_948 (33,584 bp):
  mean read depth: 1.2x
  13,943 bp have a depth of zero (58.4832% coverage)
  13 positions changed (0.0387% of total positions)
  estimated pre-polishing sequence accuracy: 99.9613% (Q34.12)

Polishing contig_949 (61,001 bp):
  mean read depth: 4.3x
  7,070 bp have a depth of zero (88.4100% coverage)
  374 positions changed (0.6131% of total positions)
  estimated pre-polishing sequence accuracy: 99.3869% (Q22.12)

Polishing contig_95 (683,390 bp):
  mean read depth: 21.3x
  65,192 bp have a depth of zero (90.4605% coverage)
  1,872 positions changed (0.2739% of total positions)
  estimated pre-polishing sequence accuracy: 99.7261% (Q25.62)

Polishing contig_950 (35,593 bp):
  mean read depth: 6.2x
  1,454 bp have a depth of zero (95.9149% coverage)
  287 positions changed (0.8063% of total positions)
  estimated pre-polishing sequence accuracy: 99.1937% (Q20.93)

Polishing contig_951 (6,349 bp):
  mean read depth: 4.9x
  3,180 bp have a depth of zero (49.9134% coverage)
  17 positions changed (0.2678% of total positions)
  estimated pre-polishing sequence accuracy: 99.7322% (Q25.72)

Polishing contig_952 (35,934 bp):
  mean read depth: 0.2x
  34,252 bp have a depth of zero (4.6808% coverage)
  6 positions changed (0.0167% of total positions)
  estimated pre-polishing sequence accuracy: 99.9833% (Q37.77)

Polishing contig_953 (21,709 bp):
  mean read depth: 4.4x
  14,676 bp have a depth of zero (32.3967% coverage)
  26 positions changed (0.1198% of total positions)
  estimated pre-polishing sequence accuracy: 99.8802% (Q29.22)

Polishing contig_954 (4,093 bp):
  mean read depth: 1.4x
  1,761 bp have a depth of zero (56.9753% coverage)
  1 position changed (0.0244% of total positions)
  estimated pre-polishing sequence accuracy: 99.9756% (Q36.12)

Polishing contig_955 (15,713 bp):
  mean read depth: 3.4x
  3,467 bp have a depth of zero (77.9355% coverage)
  92 positions changed (0.5855% of total positions)
  estimated pre-polishing sequence accuracy: 99.4145% (Q22.32)

Polishing contig_956 (37,576 bp):
  mean read depth: 2.1x
  18,197 bp have a depth of zero (51.5728% coverage)
  131 positions changed (0.3486% of total positions)
  estimated pre-polishing sequence accuracy: 99.6514% (Q24.58)

Polishing contig_957 (21,669 bp):
  mean read depth: 4.8x
  3,672 bp have a depth of zero (83.0541% coverage)
  225 positions changed (1.0383% of total positions)
  estimated pre-polishing sequence accuracy: 98.9617% (Q19.84)

Polishing contig_958 (24,837 bp):
  mean read depth: 1.3x
  9,889 bp have a depth of zero (60.1844% coverage)
  19 positions changed (0.0765% of total positions)
  estimated pre-polishing sequence accuracy: 99.9235% (Q31.16)

Polishing contig_959 (13,976 bp):
  mean read depth: 1.8x
  2,887 bp have a depth of zero (79.3432% coverage)
  5 positions changed (0.0358% of total positions)
  estimated pre-polishing sequence accuracy: 99.9642% (Q34.46)

Polishing contig_96 (15,077 bp):
  mean read depth: 0.0x
  15,077 bp have a depth of zero (0.0000% coverage)
  0 positions changed (0.0000% of total positions)
  estimated pre-polishing sequence accuracy: 100.0000% (Q∞)

Polishing contig_960 (8,268 bp):
  mean read depth: 0.0x
  7,969 bp have a depth of zero (3.6164% coverage)
  0 positions changed (0.0000% of total positions)
  estimated pre-polishing sequence accuracy: 100.0000% (Q∞)

Polishing contig_961 (7,297 bp):
  mean read depth: 1.3x
  2,789 bp have a depth of zero (61.7788% coverage)
  4 positions changed (0.0548% of total positions)
  estimated pre-polishing sequence accuracy: 99.9452% (Q32.61)

Polishing contig_962 (12,720 bp):
  mean read depth: 1.3x
  5,334 bp have a depth of zero (58.0660% coverage)
  12 positions changed (0.0943% of total positions)
  estimated pre-polishing sequence accuracy: 99.9057% (Q30.25)

Polishing contig_963 (28,573 bp):
  mean read depth: 5.1x
  1,705 bp have a depth of zero (94.0328% coverage)
  272 positions changed (0.9519% of total positions)
  estimated pre-polishing sequence accuracy: 99.0481% (Q20.21)

Polishing contig_964 (18,344 bp):
  mean read depth: 3.9x
  3,376 bp have a depth of zero (81.5962% coverage)
  169 positions changed (0.9213% of total positions)
  estimated pre-polishing sequence accuracy: 99.0787% (Q20.36)

Polishing contig_965 (7,087 bp):
  mean read depth: 0.5x
  4,676 bp have a depth of zero (34.0200% coverage)
  0 positions changed (0.0000% of total positions)
  estimated pre-polishing sequence accuracy: 100.0000% (Q∞)

Polishing contig_966 (22,004 bp):
  mean read depth: 3.4x
  7,522 bp have a depth of zero (65.8153% coverage)
  119 positions changed (0.5408% of total positions)
  estimated pre-polishing sequence accuracy: 99.4592% (Q22.67)

Polishing contig_967 (1,917 bp):
  mean read depth: 13.8x
  43 bp have a depth of zero (97.7569% coverage)
  7 positions changed (0.3652% of total positions)
  estimated pre-polishing sequence accuracy: 99.6348% (Q24.38)

Polishing contig_97 (9,613 bp):
  mean read depth: 8.3x
  1,356 bp have a depth of zero (85.8941% coverage)
  28 positions changed (0.2913% of total positions)
  estimated pre-polishing sequence accuracy: 99.7087% (Q25.36)

Polishing contig_970 (5,086 bp):
  mean read depth: 9.9x
  134 bp have a depth of zero (97.3653% coverage)
  24 positions changed (0.4719% of total positions)
  estimated pre-polishing sequence accuracy: 99.5281% (Q23.26)

Polishing contig_972 (2,210 bp):
  mean read depth: 8.8x
  858 bp have a depth of zero (61.1765% coverage)
  12 positions changed (0.5430% of total positions)
  estimated pre-polishing sequence accuracy: 99.4570% (Q22.65)

Polishing contig_973 (1,674 bp):
  mean read depth: 10.7x
  49 bp have a depth of zero (97.0729% coverage)
  3 positions changed (0.1792% of total positions)
  estimated pre-polishing sequence accuracy: 99.8208% (Q27.47)

Polishing contig_974 (54,609 bp):
  mean read depth: 12.4x
  1,254 bp have a depth of zero (97.7037% coverage)
  294 positions changed (0.5384% of total positions)
  estimated pre-polishing sequence accuracy: 99.4616% (Q22.69)

Polishing contig_975 (159,439 bp):
  mean read depth: 18.0x
  11,493 bp have a depth of zero (92.7916% coverage)
  469 positions changed (0.2942% of total positions)
  estimated pre-polishing sequence accuracy: 99.7058% (Q25.31)

Polishing contig_977 (2,706 bp):
  mean read depth: 0.0x
  2,706 bp have a depth of zero (0.0000% coverage)
  0 positions changed (0.0000% of total positions)
  estimated pre-polishing sequence accuracy: 100.0000% (Q∞)

Polishing contig_979 (2,654 bp):
  mean read depth: 2.3x
  802 bp have a depth of zero (69.7815% coverage)
  14 positions changed (0.5275% of total positions)
  estimated pre-polishing sequence accuracy: 99.4725% (Q22.78)

Polishing contig_98 (58,624 bp):
  mean read depth: 2.3x
  15,485 bp have a depth of zero (73.5859% coverage)
  131 positions changed (0.2235% of total positions)
  estimated pre-polishing sequence accuracy: 99.7765% (Q26.51)

Polishing contig_980 (9,512 bp):
  mean read depth: 3.5x
  2,420 bp have a depth of zero (74.5585% coverage)
  108 positions changed (1.1354% of total positions)
  estimated pre-polishing sequence accuracy: 98.8646% (Q19.45)

Polishing contig_981 (15,286 bp):
  mean read depth: 1.2x
  7,215 bp have a depth of zero (52.7999% coverage)
  2 positions changed (0.0131% of total positions)
  estimated pre-polishing sequence accuracy: 99.9869% (Q38.83)

Polishing contig_982 (13,378 bp):
  mean read depth: 3.3x
  755 bp have a depth of zero (94.3564% coverage)
  57 positions changed (0.4261% of total positions)
  estimated pre-polishing sequence accuracy: 99.5739% (Q23.71)

Polishing contig_983 (23,049 bp):
  mean read depth: 4.1x
  2,889 bp have a depth of zero (87.4658% coverage)
  192 positions changed (0.8330% of total positions)
  estimated pre-polishing sequence accuracy: 99.1670% (Q20.79)

Polishing contig_984 (2,935 bp):
  mean read depth: 11.5x
  15 bp have a depth of zero (99.4889% coverage)
  31 positions changed (1.0562% of total positions)
  estimated pre-polishing sequence accuracy: 98.9438% (Q19.76)

Polishing contig_985 (31,882 bp):
  mean read depth: 2.4x
  8,034 bp have a depth of zero (74.8008% coverage)
  58 positions changed (0.1819% of total positions)
  estimated pre-polishing sequence accuracy: 99.8181% (Q27.40)

Polishing contig_986 (23,814 bp):
  mean read depth: 3.6x
  2,906 bp have a depth of zero (87.7971% coverage)
  111 positions changed (0.4661% of total positions)
  estimated pre-polishing sequence accuracy: 99.5339% (Q23.32)

Polishing contig_987 (4,510 bp):
  mean read depth: 9.0x
  179 bp have a depth of zero (96.0310% coverage)
  21 positions changed (0.4656% of total positions)
  estimated pre-polishing sequence accuracy: 99.5344% (Q23.32)

Polishing contig_988 (9,516 bp):
  mean read depth: 2.8x
  1,835 bp have a depth of zero (80.7167% coverage)
  31 positions changed (0.3258% of total positions)
  estimated pre-polishing sequence accuracy: 99.6742% (Q24.87)

Polishing contig_989 (32,729 bp):
  mean read depth: 3.5x
  3,071 bp have a depth of zero (90.6169% coverage)
  180 positions changed (0.5500% of total positions)
  estimated pre-polishing sequence accuracy: 99.4500% (Q22.60)

Polishing contig_99 (17,819 bp):
  mean read depth: 0.5x
  12,501 bp have a depth of zero (29.8445% coverage)
  9 positions changed (0.0505% of total positions)
  estimated pre-polishing sequence accuracy: 99.9495% (Q32.97)

Polishing contig_990 (9,449 bp):
  mean read depth: 1.2x
  4,044 bp have a depth of zero (57.2018% coverage)
  6 positions changed (0.0635% of total positions)
  estimated pre-polishing sequence accuracy: 99.9365% (Q31.97)

Polishing contig_991 (16,563 bp):
  mean read depth: 3.0x
  2,847 bp have a depth of zero (82.8111% coverage)
  67 positions changed (0.4045% of total positions)
  estimated pre-polishing sequence accuracy: 99.5955% (Q23.93)

Polishing contig_992 (6,329 bp):
  mean read depth: 0.6x
  3,668 bp have a depth of zero (42.0446% coverage)
  0 positions changed (0.0000% of total positions)
  estimated pre-polishing sequence accuracy: 100.0000% (Q∞)

Polishing contig_993 (32,615 bp):
  mean read depth: 4.6x
  3,475 bp have a depth of zero (89.3454% coverage)
  312 positions changed (0.9566% of total positions)
  estimated pre-polishing sequence accuracy: 99.0434% (Q20.19)

Polishing contig_994 (15,516 bp):
  mean read depth: 9.4x
  1,477 bp have a depth of zero (90.4808% coverage)
  105 positions changed (0.6767% of total positions)
  estimated pre-polishing sequence accuracy: 99.3233% (Q21.70)

Polishing contig_995 (17,801 bp):
  mean read depth: 2.2x
  4,194 bp have a depth of zero (76.4395% coverage)
  36 positions changed (0.2022% of total positions)
  estimated pre-polishing sequence accuracy: 99.7978% (Q26.94)

Polishing contig_996 (16,179 bp):
  mean read depth: 2.1x
  5,295 bp have a depth of zero (67.2724% coverage)
  66 positions changed (0.4079% of total positions)
  estimated pre-polishing sequence accuracy: 99.5921% (Q23.89)

Polishing contig_997 (22,733 bp):
  mean read depth: 2.9x
  3,183 bp have a depth of zero (85.9983% coverage)
  63 positions changed (0.2771% of total positions)
  estimated pre-polishing sequence accuracy: 99.7229% (Q25.57)

Polishing contig_998 (6,471 bp):
  mean read depth: 4.0x
  158 bp have a depth of zero (97.5583% coverage)
  28 positions changed (0.4327% of total positions)
  estimated pre-polishing sequence accuracy: 99.5673% (Q23.64)

Polishing contig_999 (10,070 bp):
  mean read depth: 2.8x
  1,847 bp have a depth of zero (81.6584% coverage)
  37 positions changed (0.3674% of total positions)
  estimated pre-polishing sequence accuracy: 99.6326% (Q24.35)


[1;4;93mFinished![0m [2m(2026-07-26 23:13:34)[0m
Polished sequence (to stdout):
  contig_1_polypolish (2,051,814 bp)
  contig_10_polypolish (1,301,084 bp)
  contig_100_polypolish (6,343 bp)
  contig_1000_polypolish (13,495 bp)
  contig_1001_polypolish (21,776 bp)
  contig_1002_polypolish (13,985 bp)
  contig_1003_polypolish (52,485 bp)
  contig_1004_polypolish (16,761 bp)
  contig_1005_polypolish (2,068 bp)
  contig_1006_polypolish (9,130 bp)
  contig_1007_polypolish (47,051 bp)
  contig_1008_polypolish (6,669 bp)
  contig_1009_polypolish (2,995 bp)
  contig_101_polypolish (19,402 bp)
  contig_1010_polypolish (2,600 bp)
  contig_1011_polypolish (25,051 bp)
  contig_1012_polypolish (32,258 bp)
  contig_1013_polypolish (21,846 bp)
  contig_1014_polypolish (25,498 bp)
  contig_1015_polypolish (14,037 bp)
  contig_1016_polypolish (13,953 bp)
  contig_1017_polypolish (17,429 bp)
  contig_1018_polypolish (15,022 bp)
  contig_1019_polypolish (56,930 bp)
  contig_102_polypolish (176,848 bp)
  contig_1020_polypolish (20,529 bp)
  contig_1021_polypolish (8,121 bp)
  contig_1022_polypolish (16,101 bp)
  contig_1023_polypolish (14,015 bp)
  contig_1024_polypolish (24,465 bp)
  contig_1025_polypolish (8,756 bp)
  contig_1028_polypolish (3,866 bp)
  contig_1029_polypolish (19,924 bp)
  contig_103_polypolish (35,573 bp)
  contig_1030_polypolish (66,898 bp)
  contig_1031_polypolish (12,948 bp)
  contig_1032_polypolish (7,878 bp)
  contig_1033_polypolish (59,581 bp)
  contig_1034_polypolish (22,431 bp)
  contig_1035_polypolish (3,382 bp)
  contig_1036_polypolish (4,212 bp)
  contig_1037_polypolish (16,661 bp)
  contig_1038_polypolish (7,428 bp)
  contig_1039_polypolish (21,339 bp)
  contig_104_polypolish (53,698 bp)
  contig_1040_polypolish (28,221 bp)
  contig_1041_polypolish (23,534 bp)
  contig_1042_polypolish (58,843 bp)
  contig_1043_polypolish (6,981 bp)
  contig_1044_polypolish (22,013 bp)
  contig_1045_polypolish (13,573 bp)
  contig_1046_polypolish (10,084 bp)
  contig_1047_polypolish (24,684 bp)
  contig_1048_polypolish (21,870 bp)
  contig_1049_polypolish (45,799 bp)
  contig_105_polypolish (64,543 bp)
  contig_1050_polypolish (9,650 bp)
  contig_1051_polypolish (32,473 bp)
  contig_1052_polypolish (26,525 bp)
  contig_1053_polypolish (63,097 bp)
  contig_1054_polypolish (41,697 bp)
  contig_1055_polypolish (20,099 bp)
  contig_1056_polypolish (11,472 bp)
  contig_1057_polypolish (10,034 bp)
  contig_1058_polypolish (2,926 bp)
  contig_1059_polypolish (4,810 bp)
  contig_106_polypolish (20,616 bp)
  contig_1060_polypolish (15,156 bp)
  contig_1061_polypolish (12,617 bp)
  contig_1062_polypolish (11,796 bp)
  contig_1063_polypolish (18,186 bp)
  contig_1064_polypolish (10,073 bp)
  contig_1065_polypolish (9,026 bp)
  contig_1066_polypolish (11,051 bp)
  contig_1067_polypolish (31,391 bp)
  contig_1068_polypolish (78,362 bp)
  contig_1069_polypolish (20,220 bp)
  contig_107_polypolish (23,536 bp)
  contig_1070_polypolish (31,814 bp)
  contig_1071_polypolish (12,860 bp)
  contig_1072_polypolish (11,803 bp)
  contig_1073_polypolish (17,393 bp)
  contig_1074_polypolish (14,337 bp)
  contig_1075_polypolish (7,277 bp)
  contig_1076_polypolish (5,869 bp)
  contig_1077_polypolish (6,332 bp)
  contig_1078_polypolish (2,812 bp)
  contig_1079_polypolish (8,007 bp)
  contig_108_polypolish (26,007 bp)
  contig_1080_polypolish (34,761 bp)
  contig_1081_polypolish (8,008 bp)
  contig_1082_polypolish (3,523 bp)
  contig_1083_polypolish (10,882 bp)
  contig_1084_polypolish (29,208 bp)
  contig_1085_polypolish (3,979 bp)
  contig_1086_polypolish (325,581 bp)
  contig_1087_polypolish (8,555 bp)
  contig_1088_polypolish (21,668 bp)
  contig_1089_polypolish (37,352 bp)
  contig_109_polypolish (3,036,426 bp)
  contig_1090_polypolish (198,699 bp)
  contig_1091_polypolish (16,905 bp)
  contig_1092_polypolish (6,071 bp)
  contig_1093_polypolish (39,583 bp)
  contig_1094_polypolish (10,686 bp)
  contig_1095_polypolish (33,494 bp)
  contig_1096_polypolish (11,520 bp)
  contig_1097_polypolish (24,799 bp)
  contig_1098_polypolish (6,868 bp)
  contig_1099_polypolish (15,214 bp)
  contig_11_polypolish (576,999 bp)
  contig_1100_polypolish (16,339 bp)
  contig_1101_polypolish (13,255 bp)
  contig_1102_polypolish (5,745 bp)
  contig_1103_polypolish (5,192 bp)
  contig_1104_polypolish (26,296 bp)
  contig_1105_polypolish (6,555 bp)
  contig_1106_polypolish (10,891 bp)
  contig_1107_polypolish (35,528 bp)
  contig_1108_polypolish (9,431 bp)
  contig_1109_polypolish (14,720 bp)
  contig_111_polypolish (2,346,953 bp)
  contig_1110_polypolish (28,767 bp)
  contig_1111_polypolish (20,853 bp)
  contig_1112_polypolish (43,325 bp)
  contig_1113_polypolish (17,714 bp)
  contig_1114_polypolish (52,826 bp)
  contig_1115_polypolish (17,813 bp)
  contig_1116_polypolish (11,445 bp)
  contig_1117_polypolish (9,745 bp)
  contig_1118_polypolish (16,369 bp)
  contig_1119_polypolish (13,688 bp)
  contig_112_polypolish (67,342 bp)
  contig_1120_polypolish (7,768 bp)
  contig_1121_polypolish (16,248 bp)
  contig_1122_polypolish (16,423 bp)
  contig_1123_polypolish (11,935 bp)
  contig_1124_polypolish (18,055 bp)
  contig_1125_polypolish (13,144 bp)
  contig_1126_polypolish (16,283 bp)
  contig_1127_polypolish (8,979 bp)
  contig_1128_polypolish (135,891 bp)
  contig_1129_polypolish (13,843 bp)
  contig_113_polypolish (363,654 bp)
  contig_1131_polypolish (17,945 bp)
  contig_1132_polypolish (13,407 bp)
  contig_1133_polypolish (84,390 bp)
  contig_1134_polypolish (13,565 bp)
  contig_1135_polypolish (16,608 bp)
  contig_1136_polypolish (23,499 bp)
  contig_1137_polypolish (3,709 bp)
  contig_1138_polypolish (23,312 bp)
  contig_1139_polypolish (12,742 bp)
  contig_114_polypolish (6,135 bp)
  contig_1140_polypolish (20,704 bp)
  contig_1141_polypolish (10,891 bp)
  contig_1142_polypolish (14,877 bp)
  contig_1143_polypolish (2,282 bp)
  contig_1144_polypolish (6,720 bp)
  contig_1145_polypolish (8,181 bp)
  contig_1146_polypolish (48,103 bp)
  contig_1147_polypolish (32,377 bp)
  contig_1148_polypolish (79,693 bp)
  contig_1149_polypolish (3,776 bp)
  contig_115_polypolish (5,700 bp)
  contig_1150_polypolish (26,773 bp)
  contig_1151_polypolish (3,877 bp)
  contig_1152_polypolish (11,044 bp)
  contig_1153_polypolish (6,202 bp)
  contig_1154_polypolish (18,776 bp)
  contig_1155_polypolish (52,618 bp)
  contig_1156_polypolish (30,434 bp)
  contig_1157_polypolish (15,748 bp)
  contig_1158_polypolish (7,860 bp)
  contig_1159_polypolish (21,015 bp)
  contig_1160_polypolish (40,959 bp)
  contig_1161_polypolish (12,032 bp)
  contig_1162_polypolish (29,000 bp)
  contig_1163_polypolish (21,378 bp)
  contig_1164_polypolish (2,232,983 bp)
  contig_1167_polypolish (40,779 bp)
  contig_1168_polypolish (14,808 bp)
  contig_1169_polypolish (47,563 bp)
  contig_1170_polypolish (45,663 bp)
  contig_1171_polypolish (22,363 bp)
  contig_1172_polypolish (11,884 bp)
  contig_1173_polypolish (4,522 bp)
  contig_1174_polypolish (22,211 bp)
  contig_1175_polypolish (19,899 bp)
  contig_1176_polypolish (11,503 bp)
  contig_1177_polypolish (11,031 bp)
  contig_1178_polypolish (11,873 bp)
  contig_1179_polypolish (19,358 bp)
  contig_118_polypolish (140,344 bp)
  contig_1180_polypolish (10,020 bp)
  contig_1181_polypolish (3,260 bp)
  contig_1182_polypolish (9,514 bp)
  contig_1183_polypolish (8,445 bp)
  contig_1184_polypolish (10,395 bp)
  contig_1185_polypolish (6,184 bp)
  contig_1186_polypolish (34,369 bp)
  contig_1187_polypolish (206,699 bp)
  contig_1188_polypolish (12,169 bp)
  contig_1189_polypolish (12,444 bp)
  contig_119_polypolish (70,389 bp)
  contig_1190_polypolish (39,961 bp)
  contig_1191_polypolish (18,193 bp)
  contig_1192_polypolish (27,488 bp)
  contig_1193_polypolish (13,184 bp)
  contig_1194_polypolish (17,344 bp)
  contig_1195_polypolish (15,464 bp)
  contig_1196_polypolish (11,273 bp)
  contig_1197_polypolish (26,036 bp)
  contig_1198_polypolish (24,111 bp)
  contig_1199_polypolish (22,055 bp)
  contig_12_polypolish (2,813,299 bp)
  contig_120_polypolish (25,747 bp)
  contig_1200_polypolish (3,523 bp)
  contig_1201_polypolish (4,390 bp)
  contig_1202_polypolish (11,931 bp)
  contig_1203_polypolish (17,213 bp)
  contig_1204_polypolish (15,532 bp)
  contig_1205_polypolish (13,263 bp)
  contig_1206_polypolish (15,386 bp)
  contig_1207_polypolish (17,684 bp)
  contig_1208_polypolish (11,563 bp)
  contig_1209_polypolish (17,467 bp)
  contig_121_polypolish (26,309 bp)
  contig_1210_polypolish (19,665 bp)
  contig_1211_polypolish (7,111 bp)
  contig_1212_polypolish (11,106 bp)
  contig_1213_polypolish (29,819 bp)
  contig_1214_polypolish (33,886 bp)
  contig_1215_polypolish (104,539 bp)
  contig_1216_polypolish (13,272 bp)
  contig_1217_polypolish (2,625 bp)
  contig_1218_polypolish (2,261 bp)
  contig_1219_polypolish (2,646 bp)
  contig_122_polypolish (46,421 bp)
  contig_1220_polypolish (2,595 bp)
  contig_1221_polypolish (8,172 bp)
  contig_1222_polypolish (18,180 bp)
  contig_1223_polypolish (32,984 bp)
  contig_1224_polypolish (8,683 bp)
  contig_1225_polypolish (15,559 bp)
  contig_1226_polypolish (8,403 bp)
  contig_1227_polypolish (2,497 bp)
  contig_1228_polypolish (6,909 bp)
  contig_1229_polypolish (19,925 bp)
  contig_123_polypolish (12,471 bp)
  contig_1230_polypolish (11,826 bp)
  contig_1231_polypolish (33,561 bp)
  contig_1232_polypolish (12,175 bp)
  contig_1233_polypolish (17,294 bp)
  contig_1234_polypolish (15,555 bp)
  contig_1235_polypolish (10,458 bp)
  contig_1236_polypolish (11,973 bp)
  contig_1237_polypolish (8,690 bp)
  contig_1238_polypolish (28,884 bp)
  contig_1239_polypolish (14,108 bp)
  contig_124_polypolish (25,590 bp)
  contig_1240_polypolish (36,407 bp)
  contig_1241_polypolish (14,097 bp)
  contig_1242_polypolish (14,176 bp)
  contig_1243_polypolish (11,000 bp)
  contig_1244_polypolish (48,692 bp)
  contig_1245_polypolish (10,076 bp)
  contig_1246_polypolish (20,882 bp)
  contig_1247_polypolish (3,136 bp)
  contig_1248_polypolish (15,939 bp)
  contig_1249_polypolish (6,578 bp)
  contig_125_polypolish (210,886 bp)
  contig_1250_polypolish (4,555 bp)
  contig_1251_polypolish (5,728 bp)
  contig_1252_polypolish (6,862 bp)
  contig_1253_polypolish (6,679 bp)
  contig_1254_polypolish (19,390 bp)
  contig_1255_polypolish (42,178 bp)
  contig_1256_polypolish (37,714 bp)
  contig_1257_polypolish (16,307 bp)
  contig_1258_polypolish (18,558 bp)
  contig_1259_polypolish (4,641 bp)
  contig_126_polypolish (101,114 bp)
  contig_1260_polypolish (19,729 bp)
  contig_1261_polypolish (141,735 bp)
  contig_1262_polypolish (22,462 bp)
  contig_1263_polypolish (5,719 bp)
  contig_1264_polypolish (10,460 bp)
  contig_1265_polypolish (21,211 bp)
  contig_1266_polypolish (8,275 bp)
  contig_1267_polypolish (22,966 bp)
  contig_1268_polypolish (24,768 bp)
  contig_1269_polypolish (11,798 bp)
  contig_127_polypolish (6,763 bp)
  contig_1271_polypolish (2,955 bp)
  contig_1272_polypolish (12,252 bp)
  contig_1273_polypolish (114,635 bp)
  contig_1274_polypolish (14,230 bp)
  contig_1275_polypolish (10,024 bp)
  contig_1276_polypolish (4,125 bp)
  contig_1278_polypolish (114,262 bp)
  contig_1279_polypolish (1,726 bp)
  contig_128_polypolish (20,804 bp)
  contig_1280_polypolish (3,293 bp)
  contig_1281_polypolish (1,737,091 bp)
  contig_1282_polypolish (89,804 bp)
  contig_1283_polypolish (11,070 bp)
  contig_1284_polypolish (30,706 bp)
  contig_1285_polypolish (21,140 bp)
  contig_1286_polypolish (7,393 bp)
  contig_1287_polypolish (11,951 bp)
  contig_1288_polypolish (32,497 bp)
  contig_1289_polypolish (17,684 bp)
  contig_129_polypolish (214,477 bp)
  contig_1290_polypolish (23,777 bp)
  contig_1291_polypolish (2,356 bp)
  contig_1292_polypolish (1,181 bp)
  contig_1294_polypolish (22,610 bp)
  contig_1295_polypolish (3,667 bp)
  contig_1296_polypolish (16,130 bp)
  contig_1297_polypolish (48,887 bp)
  contig_1298_polypolish (31,949 bp)
  contig_1299_polypolish (10,713 bp)
  contig_13_polypolish (237,481 bp)
  contig_130_polypolish (13,141 bp)
  contig_1300_polypolish (13,204 bp)
  contig_1301_polypolish (12,558 bp)
  contig_1302_polypolish (23,347 bp)
  contig_1303_polypolish (37,362 bp)
  contig_1304_polypolish (10,649 bp)
  contig_1305_polypolish (12,348 bp)
  contig_1306_polypolish (14,882 bp)
  contig_1307_polypolish (24,484 bp)
  contig_1308_polypolish (28,595 bp)
  contig_1309_polypolish (21,553 bp)
  contig_131_polypolish (18,083 bp)
  contig_1310_polypolish (21,348 bp)
  contig_1311_polypolish (57,075 bp)
  contig_1312_polypolish (10,234 bp)
  contig_1313_polypolish (13,784 bp)
  contig_1314_polypolish (9,533 bp)
  contig_1315_polypolish (5,512 bp)
  contig_1316_polypolish (3,348 bp)
  contig_1317_polypolish (20,889 bp)
  contig_1318_polypolish (13,860 bp)
  contig_1319_polypolish (13,130 bp)
  contig_132_polypolish (7,292 bp)
  contig_1320_polypolish (18,497 bp)
  contig_1321_polypolish (31,487 bp)
  contig_1322_polypolish (19,974 bp)
  contig_1323_polypolish (16,280 bp)
  contig_1324_polypolish (18,302 bp)
  contig_1325_polypolish (16,551 bp)
  contig_1326_polypolish (15,818 bp)
  contig_1327_polypolish (2,350 bp)
  contig_1328_polypolish (10,734 bp)
  contig_1329_polypolish (9,737 bp)
  contig_133_polypolish (20,186 bp)
  contig_1330_polypolish (14,556 bp)
  contig_1331_polypolish (13,297 bp)
  contig_1332_polypolish (13,093 bp)
  contig_1333_polypolish (23,864 bp)
  contig_1334_polypolish (381,098 bp)
  contig_1335_polypolish (6,730 bp)
  contig_1336_polypolish (2,872 bp)
  contig_1337_polypolish (7,968 bp)
  contig_1338_polypolish (6,167 bp)
  contig_1339_polypolish (52,252 bp)
  contig_134_polypolish (22,537 bp)
  contig_1340_polypolish (7,398 bp)
  contig_1341_polypolish (62,315 bp)
  contig_1342_polypolish (9,494 bp)
  contig_1343_polypolish (9,668 bp)
  contig_1344_polypolish (25,963 bp)
  contig_1345_polypolish (16,389 bp)
  contig_1346_polypolish (49,406 bp)
  contig_1347_polypolish (31,511 bp)
  contig_1348_polypolish (60,681 bp)
  contig_1349_polypolish (5,672 bp)
  contig_135_polypolish (6,636 bp)
  contig_1350_polypolish (14,307 bp)
  contig_1351_polypolish (123,867 bp)
  contig_1352_polypolish (7,897 bp)
  contig_1353_polypolish (18,724 bp)
  contig_1354_polypolish (11,217 bp)
  contig_1355_polypolish (103,920 bp)
  contig_1356_polypolish (5,163 bp)
  contig_1357_polypolish (7,897 bp)
  contig_1358_polypolish (26,660 bp)
  contig_1359_polypolish (2,847 bp)
  contig_136_polypolish (8,786 bp)
  contig_1360_polypolish (11,609 bp)
  contig_1361_polypolish (3,218 bp)
  contig_1362_polypolish (4,642 bp)
  contig_1363_polypolish (137,901 bp)
  contig_1364_polypolish (13,865 bp)
  contig_1365_polypolish (18,241 bp)
  contig_1366_polypolish (9,501 bp)
  contig_1367_polypolish (21,280 bp)
  contig_1368_polypolish (18,255 bp)
  contig_1369_polypolish (15,031 bp)
  contig_137_polypolish (27,319 bp)
  contig_1370_polypolish (7,051 bp)
  contig_1371_polypolish (12,603 bp)
  contig_1372_polypolish (13,096 bp)
  contig_1373_polypolish (23,743 bp)
  contig_1374_polypolish (32,912 bp)
  contig_1375_polypolish (14,776 bp)
  contig_1376_polypolish (13,547 bp)
  contig_1377_polypolish (5,300 bp)
  contig_1378_polypolish (15,088 bp)
  contig_1379_polypolish (13,617 bp)
  contig_138_polypolish (46,348 bp)
  contig_1380_polypolish (8,079 bp)
  contig_1381_polypolish (11,816 bp)
  contig_1382_polypolish (8,251 bp)
  contig_1383_polypolish (8,341 bp)
  contig_1384_polypolish (5,486 bp)
  contig_1385_polypolish (2,025,355 bp)
  contig_1386_polypolish (12,872 bp)
  contig_1387_polypolish (5,002 bp)
  contig_1388_polypolish (19,728 bp)
  contig_1389_polypolish (36,104 bp)
  contig_139_polypolish (16,382 bp)
  contig_1390_polypolish (15,169 bp)
  contig_1391_polypolish (11,053 bp)
  contig_1392_polypolish (14,651 bp)
  contig_1393_polypolish (11,685 bp)
  contig_1394_polypolish (12,448 bp)
  contig_1395_polypolish (9,135 bp)
  contig_1396_polypolish (10,522 bp)
  contig_1397_polypolish (14,525 bp)
  contig_1398_polypolish (13,759 bp)
  contig_1399_polypolish (121,705 bp)
  contig_14_polypolish (1,409,882 bp)
  contig_140_polypolish (14,594 bp)
  contig_1402_polypolish (22,566 bp)
  contig_1403_polypolish (3,714 bp)
  contig_1405_polypolish (5,143 bp)
  contig_1406_polypolish (7,919 bp)
  contig_1407_polypolish (21,183 bp)
  contig_1408_polypolish (2,898 bp)
  contig_141_polypolish (30,924 bp)
  contig_1410_polypolish (38,724 bp)
  contig_1411_polypolish (11,768 bp)
  contig_1412_polypolish (35,943 bp)
  contig_1414_polypolish (18,088 bp)
  contig_1415_polypolish (36,590 bp)
  contig_1416_polypolish (11,802 bp)
  contig_1417_polypolish (15,232 bp)
  contig_1418_polypolish (7,468 bp)
  contig_1419_polypolish (15,528 bp)
  contig_142_polypolish (43,241 bp)
  contig_1420_polypolish (14,019 bp)
  contig_1421_polypolish (7,405 bp)
  contig_1422_polypolish (11,101 bp)
  contig_1423_polypolish (10,490 bp)
  contig_1424_polypolish (6,436 bp)
  contig_1425_polypolish (18,384 bp)
  contig_1427_polypolish (2,910 bp)
  contig_1429_polypolish (14,061 bp)
  contig_143_polypolish (40,472 bp)
  contig_1430_polypolish (20,218 bp)
  contig_1431_polypolish (27,726 bp)
  contig_1432_polypolish (5,999 bp)
  contig_1433_polypolish (18,830 bp)
  contig_1434_polypolish (5,658 bp)
  contig_1435_polypolish (178,665 bp)
  contig_1436_polypolish (77,913 bp)
  contig_1437_polypolish (23,219 bp)
  contig_1438_polypolish (3,924 bp)
  contig_1439_polypolish (6,546 bp)
  contig_144_polypolish (42,399 bp)
  contig_1440_polypolish (9,575 bp)
  contig_1441_polypolish (8,363 bp)
  contig_1442_polypolish (9,722 bp)
  contig_1443_polypolish (12,336 bp)
  contig_1444_polypolish (6,963 bp)
  contig_1445_polypolish (9,310 bp)
  contig_1446_polypolish (17,454 bp)
  contig_1447_polypolish (99,824 bp)
  contig_1448_polypolish (10,011 bp)
  contig_1449_polypolish (11,552 bp)
  contig_145_polypolish (12,750 bp)
  contig_1450_polypolish (8,680 bp)
  contig_1451_polypolish (10,541 bp)
  contig_1452_polypolish (16,404 bp)
  contig_1453_polypolish (19,586 bp)
  contig_1454_polypolish (20,256 bp)
  contig_1455_polypolish (181,552 bp)
  contig_1456_polypolish (26,513 bp)
  contig_1457_polypolish (6,534 bp)
  contig_1458_polypolish (26,406 bp)
  contig_1459_polypolish (7,523 bp)
  contig_146_polypolish (18,072 bp)
  contig_1460_polypolish (12,210 bp)
  contig_1461_polypolish (11,512 bp)
  contig_1462_polypolish (4,664 bp)
  contig_1463_polypolish (27,739 bp)
  contig_1464_polypolish (23,526 bp)
  contig_1465_polypolish (12,127 bp)
  contig_1466_polypolish (4,342 bp)
  contig_1467_polypolish (13,210 bp)
  contig_1468_polypolish (9,244 bp)
  contig_1469_polypolish (13,155 bp)
  contig_147_polypolish (26,574 bp)
  contig_1470_polypolish (10,915 bp)
  contig_1471_polypolish (20,760 bp)
  contig_1472_polypolish (5,780 bp)
  contig_1473_polypolish (18,270 bp)
  contig_1474_polypolish (10,778 bp)
  contig_1475_polypolish (5,674 bp)
  contig_1476_polypolish (10,967 bp)
  contig_1477_polypolish (13,719 bp)
  contig_1478_polypolish (28,534 bp)
  contig_1479_polypolish (14,357 bp)
  contig_148_polypolish (15,589 bp)
  contig_1480_polypolish (13,577 bp)
  contig_1481_polypolish (5,089 bp)
  contig_1482_polypolish (8,334 bp)
  contig_1483_polypolish (127,055 bp)
  contig_1484_polypolish (7,848 bp)
  contig_1485_polypolish (5,426 bp)
  contig_1486_polypolish (5,699 bp)
  contig_1487_polypolish (17,110 bp)
  contig_1488_polypolish (107,663 bp)
  contig_1489_polypolish (7,935 bp)
  contig_149_polypolish (31,702 bp)
  contig_1490_polypolish (3,082 bp)
  contig_1491_polypolish (12,012 bp)
  contig_1492_polypolish (5,664 bp)
  contig_1493_polypolish (7,408 bp)
  contig_1494_polypolish (73,552 bp)
  contig_1495_polypolish (10,710 bp)
  contig_1496_polypolish (16,767 bp)
  contig_1497_polypolish (10,905 bp)
  contig_1498_polypolish (4,630 bp)
  contig_1499_polypolish (28,874 bp)
  contig_15_polypolish (922,222 bp)
  contig_150_polypolish (26,918 bp)
  contig_1500_polypolish (10,143 bp)
  contig_1501_polypolish (19,016 bp)
  contig_1502_polypolish (227,131 bp)
  contig_1503_polypolish (15,647 bp)
  contig_1504_polypolish (5,197 bp)
  contig_1505_polypolish (7,841 bp)
  contig_1506_polypolish (7,350 bp)
  contig_1507_polypolish (10,833 bp)
  contig_1508_polypolish (12,838 bp)
  contig_1509_polypolish (2,683 bp)
  contig_151_polypolish (28,751 bp)
  contig_1510_polypolish (7,356 bp)
  contig_1511_polypolish (15,440 bp)
  contig_1512_polypolish (19,948 bp)
  contig_1513_polypolish (31,510 bp)
  contig_1514_polypolish (4,269 bp)
  contig_1515_polypolish (6,397 bp)
  contig_1516_polypolish (16,073 bp)
  contig_1517_polypolish (22,920 bp)
  contig_1518_polypolish (10,463 bp)
  contig_152_polypolish (45,966 bp)
  contig_1521_polypolish (81,120 bp)
  contig_1522_polypolish (14,998 bp)
  contig_1523_polypolish (15,128 bp)
  contig_1524_polypolish (8,471 bp)
  contig_1525_polypolish (12,642 bp)
  contig_1526_polypolish (23,486 bp)
  contig_1527_polypolish (12,330 bp)
  contig_1528_polypolish (2,802 bp)
  contig_1529_polypolish (6,241 bp)
  contig_153_polypolish (22,123 bp)
  contig_1530_polypolish (59,967 bp)
  contig_1531_polypolish (14,999 bp)
  contig_1532_polypolish (4,169 bp)
  contig_1533_polypolish (13,345 bp)
  contig_1534_polypolish (17,330 bp)
  contig_1535_polypolish (21,764 bp)
  contig_1536_polypolish (22,772 bp)
  contig_1537_polypolish (29,585 bp)
  contig_1538_polypolish (4,833 bp)
  contig_1539_polypolish (6,752 bp)
  contig_154_polypolish (20,609 bp)
  contig_1540_polypolish (33,580 bp)
  contig_1541_polypolish (19,456 bp)
  contig_1542_polypolish (21,804 bp)
  contig_1543_polypolish (16,253 bp)
  contig_1544_polypolish (24,546 bp)
  contig_1545_polypolish (10,093 bp)
  contig_1546_polypolish (20,855 bp)
  contig_1547_polypolish (17,882 bp)
  contig_1548_polypolish (5,890 bp)
  contig_1549_polypolish (104,670 bp)
  contig_155_polypolish (35,931 bp)
  contig_1550_polypolish (14,871 bp)
  contig_1551_polypolish (13,776 bp)
  contig_1552_polypolish (5,111 bp)
  contig_1553_polypolish (30,724 bp)
  contig_1554_polypolish (29,226 bp)
  contig_1555_polypolish (9,543 bp)
  contig_1556_polypolish (13,975 bp)
  contig_1557_polypolish (115,474 bp)
  contig_1558_polypolish (22,628 bp)
  contig_1559_polypolish (110,531 bp)
  contig_156_polypolish (54,866 bp)
  contig_1560_polypolish (15,871 bp)
  contig_1561_polypolish (15,690 bp)
  contig_1562_polypolish (17,228 bp)
  contig_1563_polypolish (6,827 bp)
  contig_1564_polypolish (11,252 bp)
  contig_1565_polypolish (17,772 bp)
  contig_1566_polypolish (49,676 bp)
  contig_1567_polypolish (7,506 bp)
  contig_1568_polypolish (2,878 bp)
  contig_1569_polypolish (4,173 bp)
  contig_157_polypolish (12,390 bp)
  contig_1570_polypolish (11,873 bp)
  contig_1571_polypolish (4,440 bp)
  contig_1572_polypolish (8,932 bp)
  contig_1573_polypolish (26,718 bp)
  contig_1574_polypolish (11,662 bp)
  contig_1575_polypolish (8,282 bp)
  contig_1576_polypolish (8,070 bp)
  contig_1577_polypolish (72,552 bp)
  contig_1578_polypolish (4,990 bp)
  contig_1579_polypolish (8,649 bp)
  contig_158_polypolish (86,776 bp)
  contig_1580_polypolish (8,011 bp)
  contig_1581_polypolish (122,291 bp)
  contig_1582_polypolish (16,095 bp)
  contig_1583_polypolish (34,334 bp)
  contig_1584_polypolish (81,243 bp)
  contig_1585_polypolish (9,145 bp)
  contig_1586_polypolish (4,877 bp)
  contig_1587_polypolish (4,121 bp)
  contig_1588_polypolish (44,758 bp)
  contig_1589_polypolish (8,237 bp)
  contig_159_polypolish (9,239 bp)
  contig_1590_polypolish (12,514 bp)
  contig_1591_polypolish (3,197 bp)
  contig_1592_polypolish (33,251 bp)
  contig_1593_polypolish (6,223 bp)
  contig_1594_polypolish (10,123 bp)
  contig_1595_polypolish (18,497 bp)
  contig_1596_polypolish (8,858 bp)
  contig_1597_polypolish (8,235 bp)
  contig_1598_polypolish (8,226 bp)
  contig_1599_polypolish (115,182 bp)
  contig_160_polypolish (19,059 bp)
  contig_1600_polypolish (4,349 bp)
  contig_1602_polypolish (8,754 bp)
  contig_1603_polypolish (21,812 bp)
  contig_1604_polypolish (5,882 bp)
  contig_1605_polypolish (10,795 bp)
  contig_1606_polypolish (11,051 bp)
  contig_1607_polypolish (28,264 bp)
  contig_1608_polypolish (2,832 bp)
  contig_1609_polypolish (9,169 bp)
  contig_161_polypolish (149,497 bp)
  contig_1610_polypolish (17,787 bp)
  contig_1611_polypolish (53,284 bp)
  contig_1612_polypolish (4,684 bp)
  contig_1613_polypolish (4,622 bp)
  contig_1614_polypolish (22,645 bp)
  contig_1615_polypolish (4,945 bp)
  contig_1616_polypolish (47,344 bp)
  contig_1617_polypolish (8,973 bp)
  contig_1618_polypolish (28,129 bp)
  contig_1619_polypolish (3,895 bp)
  contig_162_polypolish (33,034 bp)
  contig_1620_polypolish (11,761 bp)
  contig_1621_polypolish (40,347 bp)
  contig_1622_polypolish (8,808 bp)
  contig_1623_polypolish (56,437 bp)
  contig_1624_polypolish (8,767 bp)
  contig_1625_polypolish (22,586 bp)
  contig_1626_polypolish (12,229 bp)
  contig_1627_polypolish (5,016 bp)
  contig_1628_polypolish (5,468 bp)
  contig_1629_polypolish (57,250 bp)
  contig_163_polypolish (25,855 bp)
  contig_1630_polypolish (4,707 bp)
  contig_1631_polypolish (6,244 bp)
  contig_1632_polypolish (7,288 bp)
  contig_1633_polypolish (118,766 bp)
  contig_1634_polypolish (26,012 bp)
  contig_1635_polypolish (3,945 bp)
  contig_1636_polypolish (48,325 bp)
  contig_1637_polypolish (12,526 bp)
  contig_1638_polypolish (9,808 bp)
  contig_1639_polypolish (19,757 bp)
  contig_164_polypolish (28,947 bp)
  contig_1640_polypolish (42,664 bp)
  contig_1641_polypolish (8,540 bp)
  contig_1642_polypolish (10,052 bp)
  contig_1643_polypolish (8,196 bp)
  contig_1644_polypolish (4,450 bp)
  contig_1645_polypolish (5,486 bp)
  contig_1646_polypolish (5,972 bp)
  contig_1647_polypolish (3,497 bp)
  contig_1648_polypolish (16,333 bp)
  contig_1649_polypolish (31,224 bp)
  contig_165_polypolish (80,140 bp)
  contig_1650_polypolish (9,985 bp)
  contig_1651_polypolish (18,130 bp)
  contig_1652_polypolish (12,893 bp)
  contig_1653_polypolish (15,013 bp)
  contig_1654_polypolish (7,175 bp)
  contig_1655_polypolish (5,506 bp)
  contig_1656_polypolish (6,709 bp)
  contig_1657_polypolish (8,085 bp)
  contig_1658_polypolish (19,917 bp)
  contig_1659_polypolish (9,306 bp)
  contig_166_polypolish (48,555 bp)
  contig_1660_polypolish (102,070 bp)
  contig_1661_polypolish (13,466 bp)
  contig_1662_polypolish (61,157 bp)
  contig_1663_polypolish (12,993 bp)
  contig_1664_polypolish (17,515 bp)
  contig_1665_polypolish (5,948 bp)
  contig_1666_polypolish (8,192 bp)
  contig_1667_polypolish (13,580 bp)
  contig_1668_polypolish (17,821 bp)
  contig_1669_polypolish (14,797 bp)
  contig_167_polypolish (20,738 bp)
  contig_1670_polypolish (9,674 bp)
  contig_1671_polypolish (19,313 bp)
  contig_1672_polypolish (9,259 bp)
  contig_1673_polypolish (9,238 bp)
  contig_1674_polypolish (20,042 bp)
  contig_1675_polypolish (16,077 bp)
  contig_1676_polypolish (12,986 bp)
  contig_1677_polypolish (6,244 bp)
  contig_1678_polypolish (4,797 bp)
  contig_1679_polypolish (31,225 bp)
  contig_168_polypolish (29,445 bp)
  contig_1680_polypolish (40,675 bp)
  contig_1681_polypolish (14,618 bp)
  contig_1682_polypolish (231,165 bp)
  contig_1683_polypolish (4,618 bp)
  contig_1684_polypolish (5,977 bp)
  contig_1685_polypolish (64,697 bp)
  contig_1686_polypolish (9,555 bp)
  contig_1687_polypolish (5,758 bp)
  contig_1688_polypolish (5,946 bp)
  contig_1689_polypolish (31,096 bp)
  contig_169_polypolish (28,555 bp)
  contig_1690_polypolish (10,981 bp)
  contig_1691_polypolish (78,750 bp)
  contig_1693_polypolish (59,853 bp)
  contig_1694_polypolish (83,509 bp)
  contig_1695_polypolish (52,650 bp)
  contig_1696_polypolish (172,532 bp)
  contig_1697_polypolish (6,157 bp)
  contig_1698_polypolish (7,291 bp)
  contig_1699_polypolish (9,232 bp)
  contig_170_polypolish (15,934 bp)
  contig_1700_polypolish (66,299 bp)
  contig_1701_polypolish (5,826 bp)
  contig_1702_polypolish (18,388 bp)
  contig_1703_polypolish (3,353 bp)
  contig_1704_polypolish (38,527 bp)
  contig_1705_polypolish (5,217 bp)
  contig_1706_polypolish (17,585 bp)
  contig_1707_polypolish (48,990 bp)
  contig_1708_polypolish (6,942 bp)
  contig_1709_polypolish (11,253 bp)
  contig_171_polypolish (8,506 bp)
  contig_1710_polypolish (4,886 bp)
  contig_1711_polypolish (8,595 bp)
  contig_1712_polypolish (5,968 bp)
  contig_1713_polypolish (111,851 bp)
  contig_1714_polypolish (15,166 bp)
  contig_1715_polypolish (8,368 bp)
  contig_1716_polypolish (6,077 bp)
  contig_1717_polypolish (9,276 bp)
  contig_1718_polypolish (21,076 bp)
  contig_1719_polypolish (12,033 bp)
  contig_172_polypolish (37,231 bp)
  contig_1720_polypolish (10,231 bp)
  contig_1721_polypolish (7,772 bp)
  contig_1722_polypolish (5,511 bp)
  contig_1723_polypolish (12,370 bp)
  contig_1724_polypolish (9,646 bp)
  contig_1725_polypolish (6,707 bp)
  contig_1726_polypolish (15,866 bp)
  contig_1727_polypolish (26,534 bp)
  contig_1728_polypolish (8,765 bp)
  contig_1729_polypolish (15,400 bp)
  contig_173_polypolish (69,548 bp)
  contig_1730_polypolish (38,719 bp)
  contig_1731_polypolish (2,777 bp)
  contig_1732_polypolish (17,318 bp)
  contig_1733_polypolish (10,409 bp)
  contig_1734_polypolish (5,480 bp)
  contig_1735_polypolish (9,486 bp)
  contig_1736_polypolish (10,527 bp)
  contig_1737_polypolish (53,281 bp)
  contig_1738_polypolish (7,567 bp)
  contig_1739_polypolish (9,784 bp)
  contig_174_polypolish (11,171 bp)
  contig_1740_polypolish (21,042 bp)
  contig_1741_polypolish (8,241 bp)
  contig_1742_polypolish (17,636 bp)
  contig_1743_polypolish (17,549 bp)
  contig_1744_polypolish (76,162 bp)
  contig_1745_polypolish (5,690 bp)
  contig_1746_polypolish (4,496 bp)
  contig_1747_polypolish (11,304 bp)
  contig_1748_polypolish (3,023 bp)
  contig_1749_polypolish (9,235 bp)
  contig_175_polypolish (6,394 bp)
  contig_1750_polypolish (5,554 bp)
  contig_1751_polypolish (4,844 bp)
  contig_1752_polypolish (3,507 bp)
  contig_1753_polypolish (6,213 bp)
  contig_1754_polypolish (9,674 bp)
  contig_1755_polypolish (2,522 bp)
  contig_1756_polypolish (6,395 bp)
  contig_1757_polypolish (21,014 bp)
  contig_1758_polypolish (2,399 bp)
  contig_1759_polypolish (8,475 bp)
  contig_176_polypolish (43,994 bp)
  contig_1760_polypolish (42,451 bp)
  contig_1761_polypolish (10,283 bp)
  contig_1762_polypolish (7,493 bp)
  contig_1763_polypolish (8,743 bp)
  contig_1764_polypolish (8,000 bp)
  contig_1765_polypolish (27,809 bp)
  contig_1766_polypolish (10,133 bp)
  contig_1767_polypolish (85,176 bp)
  contig_1768_polypolish (3,583 bp)
  contig_1769_polypolish (11,191 bp)
  contig_177_polypolish (28,070 bp)
  contig_1770_polypolish (8,035 bp)
  contig_1771_polypolish (12,774 bp)
  contig_1772_polypolish (6,394 bp)
  contig_1773_polypolish (4,060 bp)
  contig_1774_polypolish (12,043 bp)
  contig_1775_polypolish (8,575 bp)
  contig_1776_polypolish (9,332 bp)
  contig_1777_polypolish (68,735 bp)
  contig_1778_polypolish (4,283 bp)
  contig_1779_polypolish (33,159 bp)
  contig_178_polypolish (9,636 bp)
  contig_1780_polypolish (7,447 bp)
  contig_1781_polypolish (68,380 bp)
  contig_1782_polypolish (15,262 bp)
  contig_1783_polypolish (28,624 bp)
  contig_1784_polypolish (4,850 bp)
  contig_1785_polypolish (13,601 bp)
  contig_1786_polypolish (13,139 bp)
  contig_1787_polypolish (12,792 bp)
  contig_1788_polypolish (2,810 bp)
  contig_1789_polypolish (9,282 bp)
  contig_179_polypolish (7,529 bp)
  contig_1790_polypolish (22,362 bp)
  contig_1791_polypolish (73,499 bp)
  contig_1792_polypolish (6,619 bp)
  contig_1793_polypolish (7,419 bp)
  contig_1794_polypolish (29,177 bp)
  contig_1795_polypolish (6,727 bp)
  contig_1796_polypolish (9,537 bp)
  contig_1797_polypolish (11,726 bp)
  contig_1798_polypolish (7,654 bp)
  contig_1799_polypolish (15,374 bp)
  contig_18_polypolish (561,304 bp)
  contig_180_polypolish (59,014 bp)
  contig_1800_polypolish (8,289 bp)
  contig_1801_polypolish (6,581 bp)
  contig_1802_polypolish (15,635 bp)
  contig_1803_polypolish (11,217 bp)
  contig_1804_polypolish (6,103 bp)
  contig_1805_polypolish (104,533 bp)
  contig_1806_polypolish (3,733 bp)
  contig_1807_polypolish (32,049 bp)
  contig_1808_polypolish (16,449 bp)
  contig_1809_polypolish (6,012 bp)
  contig_181_polypolish (26,800 bp)
  contig_1810_polypolish (8,310 bp)
  contig_1811_polypolish (6,400 bp)
  contig_1812_polypolish (5,211 bp)
  contig_1813_polypolish (9,897 bp)
  contig_1814_polypolish (5,546 bp)
  contig_1815_polypolish (9,864 bp)
  contig_1816_polypolish (2,358 bp)
  contig_1817_polypolish (7,709 bp)
  contig_1818_polypolish (109,968 bp)
  contig_1819_polypolish (7,294 bp)
  contig_182_polypolish (55,103 bp)
  contig_1820_polypolish (22,636 bp)
  contig_1821_polypolish (28,480 bp)
  contig_1822_polypolish (13,251 bp)
  contig_1823_polypolish (13,185 bp)
  contig_1824_polypolish (8,739 bp)
  contig_1825_polypolish (5,331 bp)
  contig_1827_polypolish (88,097 bp)
  contig_1828_polypolish (5,756 bp)
  contig_1829_polypolish (9,958 bp)
  contig_183_polypolish (51,450 bp)
  contig_1830_polypolish (4,395 bp)
  contig_1831_polypolish (38,642 bp)
  contig_1832_polypolish (29,470 bp)
  contig_1833_polypolish (7,069 bp)
  contig_1834_polypolish (20,399 bp)
  contig_1835_polypolish (5,194 bp)
  contig_1836_polypolish (3,319 bp)
  contig_1837_polypolish (16,753 bp)
  contig_1838_polypolish (13,645 bp)
  contig_1839_polypolish (6,318 bp)
  contig_184_polypolish (5,466 bp)
  contig_1840_polypolish (15,333 bp)
  contig_1841_polypolish (1,544 bp)
  contig_1843_polypolish (8,006 bp)
  contig_1844_polypolish (7,508 bp)
  contig_1845_polypolish (19,285 bp)
  contig_1846_polypolish (4,419 bp)
  contig_1847_polypolish (25,234 bp)
  contig_1848_polypolish (6,602 bp)
  contig_1849_polypolish (7,241 bp)
  contig_185_polypolish (19,791 bp)
  contig_1850_polypolish (14,319 bp)
  contig_1851_polypolish (7,447 bp)
  contig_1852_polypolish (2,689 bp)
  contig_1853_polypolish (5,940 bp)
  contig_1855_polypolish (340,246 bp)
  contig_1856_polypolish (75,914 bp)
  contig_1857_polypolish (3,968 bp)
  contig_1858_polypolish (72,226 bp)
  contig_1859_polypolish (570,744 bp)
  contig_186_polypolish (10,325 bp)
  contig_1860_polypolish (6,325 bp)
  contig_1861_polypolish (7,109 bp)
  contig_1862_polypolish (8,782 bp)
  contig_1863_polypolish (16,174 bp)
  contig_1864_polypolish (25,722 bp)
  contig_1865_polypolish (20,562 bp)
  contig_1866_polypolish (15,986 bp)
  contig_1867_polypolish (4,897 bp)
  contig_1868_polypolish (3,812 bp)
  contig_1869_polypolish (11,597 bp)
  contig_187_polypolish (1,708 bp)
  contig_1870_polypolish (9,577 bp)
  contig_1871_polypolish (33,605 bp)
  contig_1872_polypolish (2,900 bp)
  contig_1873_polypolish (11,871 bp)
  contig_1874_polypolish (3,230 bp)
  contig_1875_polypolish (8,325 bp)
  contig_1876_polypolish (5,791 bp)
  contig_1877_polypolish (114,207 bp)
  contig_1878_polypolish (12,698 bp)
  contig_1879_polypolish (14,247 bp)
  contig_188_polypolish (37,336 bp)
  contig_1880_polypolish (3,911 bp)
  contig_1881_polypolish (3,362 bp)
  contig_1882_polypolish (37,795 bp)
  contig_1883_polypolish (159,660 bp)
  contig_1884_polypolish (10,530 bp)
  contig_1885_polypolish (5,708 bp)
  contig_1886_polypolish (6,495 bp)
  contig_1889_polypolish (130,157 bp)
  contig_189_polypolish (4,173 bp)
  contig_1890_polypolish (8,003 bp)
  contig_1891_polypolish (50,487 bp)
  contig_1892_polypolish (2,216 bp)
  contig_1893_polypolish (13,046 bp)
  contig_1894_polypolish (6,843 bp)
  contig_1895_polypolish (18,349 bp)
  contig_1896_polypolish (7,487 bp)
  contig_1897_polypolish (7,065 bp)
  contig_1898_polypolish (3,493 bp)
  contig_1899_polypolish (9,158 bp)
  contig_19_polypolish (337,021 bp)
  contig_190_polypolish (4,099 bp)
  contig_1900_polypolish (9,966 bp)
  contig_1901_polypolish (5,848 bp)
  contig_1902_polypolish (11,188 bp)
  contig_1903_polypolish (5,799 bp)
  contig_1904_polypolish (9,920 bp)
  contig_1905_polypolish (55,060 bp)
  contig_1906_polypolish (7,168 bp)
  contig_1907_polypolish (106,733 bp)
  contig_1908_polypolish (8,662 bp)
  contig_1909_polypolish (10,034 bp)
  contig_191_polypolish (20,998 bp)
  contig_1910_polypolish (8,285 bp)
  contig_1911_polypolish (12,551 bp)
  contig_1912_polypolish (7,090 bp)
  contig_1913_polypolish (12,499 bp)
  contig_1914_polypolish (8,216 bp)
  contig_1915_polypolish (8,080 bp)
  contig_1916_polypolish (12,271 bp)
  contig_1917_polypolish (22,131 bp)
  contig_1918_polypolish (11,792 bp)
  contig_1919_polypolish (5,608 bp)
  contig_192_polypolish (17,965 bp)
  contig_1920_polypolish (15,431 bp)
  contig_1921_polypolish (43,225 bp)
  contig_1922_polypolish (6,353 bp)
  contig_1923_polypolish (5,620 bp)
  contig_1924_polypolish (4,518 bp)
  contig_1925_polypolish (3,396 bp)
  contig_1926_polypolish (15,272 bp)
  contig_1927_polypolish (27,745 bp)
  contig_1928_polypolish (9,430 bp)
  contig_1929_polypolish (10,089 bp)
  contig_193_polypolish (9,470 bp)
  contig_1930_polypolish (15,713 bp)
  contig_1932_polypolish (1,889 bp)
  contig_1933_polypolish (31,115 bp)
  contig_1934_polypolish (16,056 bp)
  contig_1935_polypolish (6,235 bp)
  contig_1936_polypolish (2,704 bp)
  contig_1937_polypolish (7,001 bp)
  contig_1938_polypolish (29,797 bp)
  contig_1939_polypolish (6,247 bp)
  contig_194_polypolish (10,589 bp)
  contig_1940_polypolish (38,467 bp)
  contig_1941_polypolish (5,345 bp)
  contig_1942_polypolish (8,609 bp)
  contig_1943_polypolish (30,583 bp)
  contig_1944_polypolish (2,967 bp)
  contig_1945_polypolish (49,249 bp)
  contig_1946_polypolish (6,727 bp)
  contig_1947_polypolish (3,675 bp)
  contig_1948_polypolish (50,118 bp)
  contig_195_polypolish (48,168 bp)
  contig_1950_polypolish (2,538 bp)
  contig_1951_polypolish (14,155 bp)
  contig_1952_polypolish (21,277 bp)
  contig_1953_polypolish (99,666 bp)
  contig_1954_polypolish (12,827 bp)
  contig_1955_polypolish (57,490 bp)
  contig_1956_polypolish (101,802 bp)
  contig_1957_polypolish (17,717 bp)
  contig_1958_polypolish (8,678 bp)
  contig_1959_polypolish (11,837 bp)
  contig_196_polypolish (119,695 bp)
  contig_1960_polypolish (9,325 bp)
  contig_1961_polypolish (5,122 bp)
  contig_1962_polypolish (4,519 bp)
  contig_1963_polypolish (12,621 bp)
  contig_1964_polypolish (2,998 bp)
  contig_1965_polypolish (33,371 bp)
  contig_1966_polypolish (4,655 bp)
  contig_1967_polypolish (10,173 bp)
  contig_1968_polypolish (20,422 bp)
  contig_1969_polypolish (135,934 bp)
  contig_1970_polypolish (6,778 bp)
  contig_1971_polypolish (62,278 bp)
  contig_1972_polypolish (2,522 bp)
  contig_1973_polypolish (9,265 bp)
  contig_1974_polypolish (3,862 bp)
  contig_1977_polypolish (5,814 bp)
  contig_1978_polypolish (7,385 bp)
  contig_1979_polypolish (6,170 bp)
  contig_198_polypolish (30,887 bp)
  contig_1980_polypolish (72,425 bp)
  contig_1981_polypolish (19,971 bp)
  contig_1982_polypolish (37,312 bp)
  contig_1983_polypolish (4,937 bp)
  contig_1984_polypolish (23,954 bp)
  contig_1985_polypolish (6,435 bp)
  contig_1986_polypolish (50,235 bp)
  contig_1987_polypolish (10,564 bp)
  contig_1988_polypolish (8,107 bp)
  contig_1989_polypolish (3,575 bp)
  contig_199_polypolish (68,250 bp)
  contig_1990_polypolish (27,255 bp)
  contig_1991_polypolish (23,507 bp)
  contig_1992_polypolish (3,824 bp)
  contig_1993_polypolish (2,991 bp)
  contig_1994_polypolish (36,960 bp)
  contig_1995_polypolish (18,194 bp)
  contig_1996_polypolish (5,139 bp)
  contig_1997_polypolish (27,983 bp)
  contig_1998_polypolish (43,833 bp)
  contig_1999_polypolish (10,215 bp)
  contig_2_polypolish (747,731 bp)
  contig_20_polypolish (481,799 bp)
  contig_200_polypolish (40,596 bp)
  contig_2000_polypolish (2,696 bp)
  contig_2001_polypolish (3,634 bp)
  contig_2002_polypolish (9,634 bp)
  contig_2003_polypolish (5,627 bp)
  contig_2004_polypolish (4,974 bp)
  contig_2005_polypolish (7,207 bp)
  contig_2006_polypolish (76,937 bp)
  contig_2007_polypolish (6,716 bp)
  contig_2009_polypolish (88,734 bp)
  contig_201_polypolish (36,826 bp)
  contig_2010_polypolish (4,951 bp)
  contig_2011_polypolish (8,009 bp)
  contig_2012_polypolish (4,423 bp)
  contig_2013_polypolish (6,730 bp)
  contig_2014_polypolish (673,432 bp)
  contig_2015_polypolish (16,418 bp)
  contig_2016_polypolish (8,988 bp)
  contig_2017_polypolish (7,992 bp)
  contig_2018_polypolish (57,857 bp)
  contig_2019_polypolish (8,943 bp)
  contig_202_polypolish (191,385 bp)
  contig_2020_polypolish (8,442 bp)
  contig_2021_polypolish (11,429 bp)
  contig_2022_polypolish (72,074 bp)
  contig_2023_polypolish (7,459 bp)
  contig_2024_polypolish (24,173 bp)
  contig_2025_polypolish (4,130 bp)
  contig_2026_polypolish (5,566 bp)
  contig_2027_polypolish (53,370 bp)
  contig_2028_polypolish (3,298 bp)
  contig_2029_polypolish (4,949 bp)
  contig_203_polypolish (55,652 bp)
  contig_2030_polypolish (3,160 bp)
  contig_2031_polypolish (42,871 bp)
  contig_2032_polypolish (7,482 bp)
  contig_2033_polypolish (10,497 bp)
  contig_2034_polypolish (28,620 bp)
  contig_2035_polypolish (21,600 bp)
  contig_2036_polypolish (5,216 bp)
  contig_2037_polypolish (27,565 bp)
  contig_2038_polypolish (4,825 bp)
  contig_2039_polypolish (12,082 bp)
  contig_204_polypolish (207,345 bp)
  contig_2040_polypolish (56,692 bp)
  contig_2041_polypolish (13,043 bp)
  contig_2042_polypolish (44,830 bp)
  contig_2043_polypolish (12,876 bp)
  contig_2044_polypolish (18,277 bp)
  contig_2045_polypolish (72,423 bp)
  contig_2046_polypolish (26,954 bp)
  contig_2047_polypolish (9,527 bp)
  contig_2048_polypolish (38,792 bp)
  contig_2049_polypolish (15,000 bp)
  contig_205_polypolish (11,103 bp)
  contig_2050_polypolish (38,583 bp)
  contig_2051_polypolish (13,213 bp)
  contig_2052_polypolish (39,359 bp)
  contig_2053_polypolish (32,060 bp)
  contig_2054_polypolish (1,666,968 bp)
  contig_2055_polypolish (32,788 bp)
  contig_2056_polypolish (37,133 bp)
  contig_2057_polypolish (46,352 bp)
  contig_2058_polypolish (11,775 bp)
  contig_2059_polypolish (78,889 bp)
  contig_206_polypolish (19,399 bp)
  contig_2060_polypolish (20,531 bp)
  contig_2061_polypolish (266,504 bp)
  contig_2062_polypolish (48,611 bp)
  contig_2063_polypolish (30,199 bp)
  contig_2064_polypolish (14,282 bp)
  contig_2065_polypolish (11,527 bp)
  contig_2066_polypolish (19,596 bp)
  contig_2067_polypolish (24,359 bp)
  contig_2068_polypolish (86,722 bp)
  contig_2069_polypolish (52,602 bp)
  contig_207_polypolish (9,715 bp)
  contig_2070_polypolish (55,049 bp)
  contig_2071_polypolish (98,191 bp)
  contig_2072_polypolish (36,990 bp)
  contig_2073_polypolish (7,012 bp)
  contig_2075_polypolish (5,972 bp)
  contig_2076_polypolish (7,936 bp)
  contig_2078_polypolish (495,855 bp)
  contig_2079_polypolish (31,378 bp)
  contig_208_polypolish (21,193 bp)
  contig_2080_polypolish (84,531 bp)
  contig_2081_polypolish (27,961 bp)
  contig_2082_polypolish (60,659 bp)
  contig_2083_polypolish (22,741 bp)
  contig_2084_polypolish (31,264 bp)
  contig_2085_polypolish (17,731 bp)
  contig_2086_polypolish (14,909 bp)
  contig_2087_polypolish (124,358 bp)
  contig_2088_polypolish (17,332 bp)
  contig_2089_polypolish (19,638 bp)
  contig_209_polypolish (7,987 bp)
  contig_2090_polypolish (20,565 bp)
  contig_2091_polypolish (85,834 bp)
  contig_2092_polypolish (83,374 bp)
  contig_2095_polypolish (76,298 bp)
  contig_2096_polypolish (40,508 bp)
  contig_2097_polypolish (37,561 bp)
  contig_2098_polypolish (83,722 bp)
  contig_2099_polypolish (10,730 bp)
  contig_21_polypolish (321,099 bp)
  contig_210_polypolish (481,741 bp)
  contig_2100_polypolish (114,450 bp)
  contig_2101_polypolish (58,058 bp)
  contig_2102_polypolish (23,984 bp)
  contig_2103_polypolish (11,466 bp)
  contig_2104_polypolish (21,077 bp)
  contig_2105_polypolish (74,917 bp)
  contig_2106_polypolish (9,807 bp)
  contig_2107_polypolish (66,106 bp)
  contig_2108_polypolish (10,600 bp)
  contig_2109_polypolish (45,289 bp)
  contig_211_polypolish (292,679 bp)
  contig_2110_polypolish (62,025 bp)
  contig_2111_polypolish (6,935 bp)
  contig_2112_polypolish (24,004 bp)
  contig_2113_polypolish (93,174 bp)
  contig_2114_polypolish (6,046 bp)
  contig_2115_polypolish (6,419 bp)
  contig_2117_polypolish (32,555 bp)
  contig_2118_polypolish (10,560 bp)
  contig_2119_polypolish (16,848 bp)
  contig_212_polypolish (10,341 bp)
  contig_2120_polypolish (57,496 bp)
  contig_2121_polypolish (36,000 bp)
  contig_2122_polypolish (136,006 bp)
  contig_2123_polypolish (19,350 bp)
  contig_2124_polypolish (8,119 bp)
  contig_2125_polypolish (39,267 bp)
  contig_2126_polypolish (49,033 bp)
  contig_2127_polypolish (226,144 bp)
  contig_2128_polypolish (13,181 bp)
  contig_2129_polypolish (16,166 bp)
  contig_213_polypolish (15,069 bp)
  contig_2130_polypolish (16,086 bp)
  contig_2131_polypolish (25,802 bp)
  contig_2132_polypolish (26,594 bp)
  contig_2133_polypolish (46,643 bp)
  contig_2134_polypolish (117,414 bp)
  contig_2135_polypolish (15,781 bp)
  contig_2136_polypolish (47,716 bp)
  contig_2137_polypolish (29,058 bp)
  contig_2138_polypolish (20,939 bp)
  contig_2139_polypolish (136,815 bp)
  contig_214_polypolish (19,363 bp)
  contig_2140_polypolish (6,237 bp)
  contig_2141_polypolish (73,323 bp)
  contig_2142_polypolish (35,307 bp)
  contig_2143_polypolish (12,627 bp)
  contig_2144_polypolish (16,813 bp)
  contig_2145_polypolish (59,550 bp)
  contig_2146_polypolish (50,868 bp)
  contig_2147_polypolish (66,803 bp)
  contig_2148_polypolish (83,515 bp)
  contig_2149_polypolish (37,492 bp)
  contig_215_polypolish (4,103 bp)
  contig_2150_polypolish (32,050 bp)
  contig_2151_polypolish (31,156 bp)
  contig_2152_polypolish (11,491 bp)
  contig_2153_polypolish (1,394,875 bp)
  contig_2154_polypolish (45,726 bp)
  contig_2155_polypolish (18,377 bp)
  contig_2156_polypolish (32,267 bp)
  contig_2157_polypolish (74,911 bp)
  contig_2158_polypolish (31,100 bp)
  contig_2159_polypolish (4,466 bp)
  contig_216_polypolish (10,007 bp)
  contig_2160_polypolish (12,872 bp)
  contig_2161_polypolish (26,814 bp)
  contig_2162_polypolish (66,462 bp)
  contig_2163_polypolish (32,178 bp)
  contig_2164_polypolish (38,116 bp)
  contig_2165_polypolish (69,617 bp)
  contig_2166_polypolish (37,702 bp)
  contig_2167_polypolish (60,219 bp)
  contig_2168_polypolish (86,824 bp)
  contig_2169_polypolish (31,127 bp)
  contig_217_polypolish (17,586 bp)
  contig_2170_polypolish (38,411 bp)
  contig_2171_polypolish (89,651 bp)
  contig_2172_polypolish (32,796 bp)
  contig_2173_polypolish (27,036 bp)
  contig_2174_polypolish (41,688 bp)
  contig_2176_polypolish (8,498 bp)
  contig_2177_polypolish (14,485 bp)
  contig_2178_polypolish (36,269 bp)
  contig_2179_polypolish (26,912 bp)
  contig_218_polypolish (22,185 bp)
  contig_2180_polypolish (29,600 bp)
  contig_2181_polypolish (17,730 bp)
  contig_2182_polypolish (32,750 bp)
  contig_2183_polypolish (27,907 bp)
  contig_2184_polypolish (29,427 bp)
  contig_2185_polypolish (98,468 bp)
  contig_2186_polypolish (39,350 bp)
  contig_2187_polypolish (27,083 bp)
  contig_2188_polypolish (15,498 bp)
  contig_2189_polypolish (68,169 bp)
  contig_219_polypolish (10,781 bp)
  contig_2190_polypolish (98,759 bp)
  contig_2191_polypolish (86,735 bp)
  contig_2192_polypolish (6,272 bp)
  contig_2193_polypolish (19,891 bp)
  contig_2194_polypolish (72,760 bp)
  contig_2195_polypolish (28,260 bp)
  contig_2196_polypolish (56,336 bp)
  contig_2197_polypolish (32,629 bp)
  contig_2198_polypolish (26,077 bp)
  contig_2199_polypolish (59,636 bp)
  contig_22_polypolish (492,556 bp)
  contig_220_polypolish (8,877 bp)
  contig_2200_polypolish (79,730 bp)
  contig_2201_polypolish (12,818 bp)
  contig_2202_polypolish (21,321 bp)
  contig_2203_polypolish (18,528 bp)
  contig_2204_polypolish (38,627 bp)
  contig_2205_polypolish (83,313 bp)
  contig_2208_polypolish (29,746 bp)
  contig_2209_polypolish (9,805 bp)
  contig_2210_polypolish (41,791 bp)
  contig_2211_polypolish (38,494 bp)
  contig_2212_polypolish (96,949 bp)
  contig_2213_polypolish (23,252 bp)
  contig_2214_polypolish (28,260 bp)
  contig_2215_polypolish (7,403 bp)
  contig_2216_polypolish (11,202 bp)
  contig_2217_polypolish (13,497 bp)
  contig_2218_polypolish (53,292 bp)
  contig_2219_polypolish (12,101 bp)
  contig_222_polypolish (131,712 bp)
  contig_2220_polypolish (10,312 bp)
  contig_2221_polypolish (32,865 bp)
  contig_2222_polypolish (42,567 bp)
  contig_2223_polypolish (6,369 bp)
  contig_2224_polypolish (41,318 bp)
  contig_2225_polypolish (27,285 bp)
  contig_2226_polypolish (82,970 bp)
  contig_2227_polypolish (60,723 bp)
  contig_2228_polypolish (38,854 bp)
  contig_2229_polypolish (17,552 bp)
  contig_223_polypolish (44,193 bp)
  contig_2230_polypolish (18,040 bp)
  contig_2231_polypolish (53,558 bp)
  contig_2232_polypolish (26,750 bp)
  contig_2233_polypolish (12,784 bp)
  contig_2234_polypolish (29,778 bp)
  contig_2235_polypolish (9,295 bp)
  contig_2236_polypolish (7,201 bp)
  contig_2237_polypolish (65,847 bp)
  contig_2238_polypolish (38,671 bp)
  contig_2239_polypolish (16,164 bp)
  contig_224_polypolish (318,770 bp)
  contig_2240_polypolish (35,218 bp)
  contig_2241_polypolish (68,046 bp)
  contig_2242_polypolish (39,842 bp)
  contig_2243_polypolish (19,913 bp)
  contig_2244_polypolish (17,135 bp)
  contig_2245_polypolish (66,740 bp)
  contig_2246_polypolish (5,771 bp)
  contig_2247_polypolish (22,783 bp)
  contig_2248_polypolish (22,107 bp)
  contig_2249_polypolish (34,874 bp)
  contig_225_polypolish (290,112 bp)
  contig_2250_polypolish (40,240 bp)
  contig_2251_polypolish (8,388 bp)
  contig_2252_polypolish (25,589 bp)
  contig_2253_polypolish (55,282 bp)
  contig_2254_polypolish (19,753 bp)
  contig_2255_polypolish (43,203 bp)
  contig_2256_polypolish (15,553 bp)
  contig_2257_polypolish (62,880 bp)
  contig_2258_polypolish (6,286 bp)
  contig_2259_polypolish (55,694 bp)
  contig_226_polypolish (430,429 bp)
  contig_2260_polypolish (32,989 bp)
  contig_2261_polypolish (4,675 bp)
  contig_2262_polypolish (37,272 bp)
  contig_2263_polypolish (57,936 bp)
  contig_2264_polypolish (84,980 bp)
  contig_2265_polypolish (42,424 bp)
  contig_2266_polypolish (40,264 bp)
  contig_2267_polypolish (55,759 bp)
  contig_2268_polypolish (57,835 bp)
  contig_2269_polypolish (6,161 bp)
  contig_227_polypolish (559,113 bp)
  contig_2270_polypolish (22,268 bp)
  contig_2271_polypolish (8,700 bp)
  contig_2272_polypolish (40,728 bp)
  contig_2273_polypolish (19,984 bp)
  contig_2274_polypolish (14,618 bp)
  contig_2275_polypolish (9,479 bp)
  contig_2276_polypolish (10,412 bp)
  contig_2277_polypolish (18,479 bp)
  contig_2278_polypolish (28,268 bp)
  contig_2279_polypolish (22,043 bp)
  contig_228_polypolish (7,188 bp)
  contig_2280_polypolish (53,274 bp)
  contig_2281_polypolish (21,443 bp)
  contig_2282_polypolish (20,741 bp)
  contig_2283_polypolish (9,642 bp)
  contig_2285_polypolish (7,496 bp)
  contig_2287_polypolish (10,267 bp)
  contig_2288_polypolish (10,655 bp)
  contig_229_polypolish (64,493 bp)
  contig_2290_polypolish (6,819 bp)
  contig_2291_polypolish (25,126 bp)
  contig_2292_polypolish (33,809 bp)
  contig_2293_polypolish (44,259 bp)
  contig_2294_polypolish (31,809 bp)
  contig_2295_polypolish (7,359 bp)
  contig_2296_polypolish (26,065 bp)
  contig_2297_polypolish (47,448 bp)
  contig_2298_polypolish (19,733 bp)
  contig_2299_polypolish (20,815 bp)
  contig_23_polypolish (440,979 bp)
  contig_230_polypolish (6,248 bp)
  contig_2300_polypolish (131,032 bp)
  contig_2301_polypolish (20,851 bp)
  contig_2302_polypolish (46,335 bp)
  contig_2303_polypolish (10,110 bp)
  contig_2304_polypolish (6,768 bp)
  contig_2305_polypolish (72,638 bp)
  contig_2306_polypolish (49,645 bp)
  contig_2307_polypolish (12,224 bp)
  contig_2308_polypolish (9,412 bp)
  contig_2309_polypolish (13,263 bp)
  contig_231_polypolish (50,561 bp)
  contig_2310_polypolish (14,820 bp)
  contig_2311_polypolish (85,516 bp)
  contig_2312_polypolish (12,294 bp)
  contig_2313_polypolish (51,841 bp)
  contig_2314_polypolish (40,003 bp)
  contig_2315_polypolish (19,649 bp)
  contig_2316_polypolish (7,811 bp)
  contig_2317_polypolish (10,535 bp)
  contig_2318_polypolish (49,580 bp)
  contig_2319_polypolish (48,283 bp)
  contig_232_polypolish (14,035 bp)
  contig_2320_polypolish (34,005 bp)
  contig_2321_polypolish (86,480 bp)
  contig_2322_polypolish (31,391 bp)
  contig_2323_polypolish (24,668 bp)
  contig_2324_polypolish (11,628 bp)
  contig_2325_polypolish (25,940 bp)
  contig_2326_polypolish (76,539 bp)
  contig_2327_polypolish (10,218 bp)
  contig_2328_polypolish (70,747 bp)
  contig_2329_polypolish (29,812 bp)
  contig_233_polypolish (11,187 bp)
  contig_2330_polypolish (5,178 bp)
  contig_2331_polypolish (20,906 bp)
  contig_2332_polypolish (11,344 bp)
  contig_2333_polypolish (21,921 bp)
  contig_2334_polypolish (63,130 bp)
  contig_2335_polypolish (14,943 bp)
  contig_2336_polypolish (51,202 bp)
  contig_2337_polypolish (40,249 bp)
  contig_2338_polypolish (17,115 bp)
  contig_2339_polypolish (72,925 bp)
  contig_234_polypolish (18,689 bp)
  contig_2340_polypolish (13,934 bp)
  contig_2341_polypolish (53,754 bp)
  contig_2342_polypolish (16,996 bp)
  contig_2343_polypolish (10,911 bp)
  contig_2344_polypolish (22,399 bp)
  contig_2345_polypolish (5,104 bp)
  contig_2346_polypolish (49,476 bp)
  contig_2347_polypolish (10,507 bp)
  contig_2348_polypolish (51,622 bp)
  contig_2349_polypolish (23,994 bp)
  contig_235_polypolish (31,894 bp)
  contig_2350_polypolish (8,357 bp)
  contig_2351_polypolish (26,965 bp)
  contig_2352_polypolish (9,617 bp)
  contig_2353_polypolish (31,614 bp)
  contig_2354_polypolish (33,754 bp)
  contig_2355_polypolish (252,771 bp)
  contig_2356_polypolish (75,733 bp)
  contig_2357_polypolish (30,236 bp)
  contig_2358_polypolish (14,908 bp)
  contig_2359_polypolish (6,189 bp)
  contig_236_polypolish (7,727 bp)
  contig_2360_polypolish (30,804 bp)
  contig_2361_polypolish (44,016 bp)
  contig_2362_polypolish (15,936 bp)
  contig_2363_polypolish (11,929 bp)
  contig_2364_polypolish (48,388 bp)
  contig_2365_polypolish (16,715 bp)
  contig_2366_polypolish (22,783 bp)
  contig_2367_polypolish (47,274 bp)
  contig_2368_polypolish (21,269 bp)
  contig_2369_polypolish (28,614 bp)
  contig_237_polypolish (1,432,305 bp)
  contig_2370_polypolish (30,571 bp)
  contig_2371_polypolish (14,479 bp)
  contig_2372_polypolish (32,579 bp)
  contig_2373_polypolish (13,759 bp)
  contig_2374_polypolish (66,747 bp)
  contig_2375_polypolish (18,405 bp)
  contig_2376_polypolish (10,741 bp)
  contig_2377_polypolish (39,635 bp)
  contig_2378_polypolish (16,310 bp)
  contig_2379_polypolish (26,588 bp)
  contig_238_polypolish (8,720 bp)
  contig_2380_polypolish (20,151 bp)
  contig_2381_polypolish (15,839 bp)
  contig_2382_polypolish (4,307 bp)
  contig_2383_polypolish (14,781 bp)
  contig_2384_polypolish (27,216 bp)
  contig_2385_polypolish (18,763 bp)
  contig_2386_polypolish (52,465 bp)
  contig_2387_polypolish (52,802 bp)
  contig_2388_polypolish (29,313 bp)
  contig_2389_polypolish (23,334 bp)
  contig_239_polypolish (38,905 bp)
  contig_2390_polypolish (2,906 bp)
  contig_2391_polypolish (45,035 bp)
  contig_2392_polypolish (95,682 bp)
  contig_2393_polypolish (26,777 bp)
  contig_2394_polypolish (8,439 bp)
  contig_2395_polypolish (20,100 bp)
  contig_2396_polypolish (11,850 bp)
  contig_2397_polypolish (27,706 bp)
  contig_2398_polypolish (22,931 bp)
  contig_2399_polypolish (9,637 bp)
  contig_24_polypolish (1,668,097 bp)
  contig_240_polypolish (93,942 bp)
  contig_2400_polypolish (5,090 bp)
  contig_2401_polypolish (82,442 bp)
  contig_2402_polypolish (21,475 bp)
  contig_2403_polypolish (34,967 bp)
  contig_2404_polypolish (16,800 bp)
  contig_2405_polypolish (11,483 bp)
  contig_2406_polypolish (18,177 bp)
  contig_2407_polypolish (30,230 bp)
  contig_2408_polypolish (45,057 bp)
  contig_2409_polypolish (31,721 bp)
  contig_241_polypolish (21,831 bp)
  contig_2410_polypolish (14,673 bp)
  contig_2411_polypolish (7,608 bp)
  contig_2412_polypolish (21,734 bp)
  contig_2413_polypolish (19,859 bp)
  contig_2414_polypolish (35,540 bp)
  contig_2415_polypolish (20,966 bp)
  contig_2416_polypolish (15,855 bp)
  contig_2417_polypolish (39,052 bp)
  contig_2418_polypolish (40,433 bp)
  contig_2419_polypolish (81,804 bp)
  contig_242_polypolish (33,703 bp)
  contig_2420_polypolish (43,474 bp)
  contig_2421_polypolish (3,995 bp)
  contig_2422_polypolish (23,911 bp)
  contig_2423_polypolish (50,803 bp)
  contig_2424_polypolish (37,551 bp)
  contig_2425_polypolish (9,072 bp)
  contig_2426_polypolish (21,102 bp)
  contig_2427_polypolish (22,576 bp)
  contig_2428_polypolish (35,881 bp)
  contig_2429_polypolish (6,873 bp)
  contig_243_polypolish (16,837 bp)
  contig_2430_polypolish (97,251 bp)
  contig_2431_polypolish (18,894 bp)
  contig_2432_polypolish (22,831 bp)
  contig_2433_polypolish (11,432 bp)
  contig_2435_polypolish (148,647 bp)
  contig_2436_polypolish (6,691 bp)
  contig_2437_polypolish (12,840 bp)
  contig_2438_polypolish (149,126 bp)
  contig_2439_polypolish (84,575 bp)
  contig_244_polypolish (43,629 bp)
  contig_2440_polypolish (4,899 bp)
  contig_2441_polypolish (9,755 bp)
  contig_2442_polypolish (577,110 bp)
  contig_2443_polypolish (18,814 bp)
  contig_2444_polypolish (34,457 bp)
  contig_2445_polypolish (52,969 bp)
  contig_2446_polypolish (8,658 bp)
  contig_2447_polypolish (23,582 bp)
  contig_2448_polypolish (11,920 bp)
  contig_2449_polypolish (8,184 bp)
  contig_2450_polypolish (18,336 bp)
  contig_2451_polypolish (15,279 bp)
  contig_2452_polypolish (14,400 bp)
  contig_2453_polypolish (64,670 bp)
  contig_2454_polypolish (14,438 bp)
  contig_2455_polypolish (23,114 bp)
  contig_2456_polypolish (20,975 bp)
  contig_2457_polypolish (26,696 bp)
  contig_2459_polypolish (7,109 bp)
  contig_246_polypolish (32,519 bp)
  contig_2460_polypolish (7,610 bp)
  contig_2461_polypolish (98,767 bp)
  contig_2462_polypolish (78,299 bp)
  contig_2463_polypolish (25,789 bp)
  contig_2464_polypolish (27,193 bp)
  contig_2465_polypolish (42,936 bp)
  contig_2466_polypolish (25,024 bp)
  contig_2467_polypolish (74,489 bp)
  contig_2468_polypolish (13,244 bp)
  contig_247_polypolish (24,021 bp)
  contig_2470_polypolish (85,791 bp)
  contig_2471_polypolish (35,463 bp)
  contig_2472_polypolish (39,251 bp)
  contig_2473_polypolish (97,911 bp)
  contig_2474_polypolish (37,007 bp)
  contig_2476_polypolish (16,617 bp)
  contig_2477_polypolish (42,775 bp)
  contig_2478_polypolish (44,359 bp)
  contig_2479_polypolish (12,355 bp)
  contig_248_polypolish (925,926 bp)
  contig_2480_polypolish (59,563 bp)
  contig_2481_polypolish (20,968 bp)
  contig_2482_polypolish (41,880 bp)
  contig_2483_polypolish (95,295 bp)
  contig_2484_polypolish (339,607 bp)
  contig_2485_polypolish (56,502 bp)
  contig_2486_polypolish (18,662 bp)
  contig_2487_polypolish (7,249 bp)
  contig_2488_polypolish (15,463 bp)
  contig_2489_polypolish (2,607 bp)
  contig_249_polypolish (56,870 bp)
  contig_2490_polypolish (33,419 bp)
  contig_2492_polypolish (33,843 bp)
  contig_2493_polypolish (11,389 bp)
  contig_2494_polypolish (5,294 bp)
  contig_2495_polypolish (46,492 bp)
  contig_2496_polypolish (24,641 bp)
  contig_2497_polypolish (16,972 bp)
  contig_2498_polypolish (1,929,993 bp)
  contig_2499_polypolish (17,640 bp)
  contig_25_polypolish (222,934 bp)
  contig_250_polypolish (32,291 bp)
  contig_2500_polypolish (15,021 bp)
  contig_2501_polypolish (13,103 bp)
  contig_2502_polypolish (9,212 bp)
  contig_2503_polypolish (10,007 bp)
  contig_2504_polypolish (61,025 bp)
  contig_2505_polypolish (25,211 bp)
  contig_2506_polypolish (127,614 bp)
  contig_2507_polypolish (4,637,113 bp)
  contig_2508_polypolish (14,182 bp)
  contig_2509_polypolish (370,114 bp)
  contig_251_polypolish (56,319 bp)
  contig_2510_polypolish (12,495 bp)
  contig_2511_polypolish (8,875 bp)
  contig_2512_polypolish (16,699 bp)
  contig_2513_polypolish (16,548 bp)
  contig_2514_polypolish (40,324 bp)
  contig_2515_polypolish (20,387 bp)
  contig_2516_polypolish (4,031 bp)
  contig_2517_polypolish (8,281 bp)
  contig_2518_polypolish (24,702 bp)
  contig_2519_polypolish (8,254 bp)
  contig_252_polypolish (26,615 bp)
  contig_2520_polypolish (58,629 bp)
  contig_253_polypolish (171,443 bp)
  contig_254_polypolish (37,869 bp)
  contig_255_polypolish (14,117 bp)
  contig_256_polypolish (5,719 bp)
  contig_257_polypolish (13,044 bp)
  contig_258_polypolish (12,534 bp)
  contig_259_polypolish (12,533 bp)
  contig_26_polypolish (6,836 bp)
  contig_260_polypolish (1,537,624 bp)
  contig_261_polypolish (21,322 bp)
  contig_262_polypolish (39,194 bp)
  contig_263_polypolish (14,403 bp)
  contig_264_polypolish (55,377 bp)
  contig_265_polypolish (21,736 bp)
  contig_266_polypolish (11,339 bp)
  contig_267_polypolish (18,822 bp)
  contig_268_polypolish (6,503 bp)
  contig_269_polypolish (14,466 bp)
  contig_27_polypolish (12,343 bp)
  contig_270_polypolish (64,671 bp)
  contig_275_polypolish (32,975 bp)
  contig_276_polypolish (302,076 bp)
  contig_277_polypolish (55,451 bp)
  contig_278_polypolish (2,785 bp)
  contig_279_polypolish (67,093 bp)
  contig_28_polypolish (25,586 bp)
  contig_280_polypolish (46,208 bp)
  contig_281_polypolish (63,326 bp)
  contig_282_polypolish (43,443 bp)
  contig_283_polypolish (13,222 bp)
  contig_284_polypolish (547,970 bp)
  contig_285_polypolish (14,184 bp)
  contig_286_polypolish (17,585 bp)
  contig_287_polypolish (43,488 bp)
  contig_288_polypolish (3,587 bp)
  contig_289_polypolish (22,414 bp)
  contig_29_polypolish (72,915 bp)
  contig_290_polypolish (26,572 bp)
  contig_291_polypolish (21,085 bp)
  contig_292_polypolish (30,084 bp)
  contig_293_polypolish (8,042 bp)
  contig_294_polypolish (36,123 bp)
  contig_295_polypolish (52,483 bp)
  contig_296_polypolish (24,320 bp)
  contig_297_polypolish (12,329 bp)
  contig_298_polypolish (9,714 bp)
  contig_299_polypolish (57,126 bp)
  contig_3_polypolish (7,513 bp)
  contig_30_polypolish (15,413 bp)
  contig_300_polypolish (9,707 bp)
  contig_301_polypolish (57,686 bp)
  contig_302_polypolish (12,059 bp)
  contig_303_polypolish (35,628 bp)
  contig_304_polypolish (408,391 bp)
  contig_305_polypolish (47,641 bp)
  contig_306_polypolish (35,349 bp)
  contig_307_polypolish (9,816 bp)
  contig_308_polypolish (29,967 bp)
  contig_309_polypolish (16,508 bp)
  contig_31_polypolish (18,587 bp)
  contig_310_polypolish (844,043 bp)
  contig_311_polypolish (14,413 bp)
  contig_312_polypolish (54,987 bp)
  contig_313_polypolish (38,070 bp)
  contig_314_polypolish (30,218 bp)
  contig_315_polypolish (33,997 bp)
  contig_317_polypolish (56,231 bp)
  contig_318_polypolish (25,427 bp)
  contig_319_polypolish (59,603 bp)
  contig_32_polypolish (95,318 bp)
  contig_320_polypolish (6,371 bp)
  contig_321_polypolish (19,595 bp)
  contig_322_polypolish (44,933 bp)
  contig_323_polypolish (36,468 bp)
  contig_324_polypolish (8,354 bp)
  contig_325_polypolish (55,182 bp)
  contig_326_polypolish (5,731 bp)
  contig_327_polypolish (28,067 bp)
  contig_328_polypolish (19,466 bp)
  contig_329_polypolish (39,929 bp)
  contig_33_polypolish (13,200 bp)
  contig_330_polypolish (37,527 bp)
  contig_331_polypolish (28,218 bp)
  contig_332_polypolish (125,523 bp)
  contig_333_polypolish (17,798 bp)
  contig_336_polypolish (32,509 bp)
  contig_337_polypolish (38,637 bp)
  contig_338_polypolish (44,434 bp)
  contig_339_polypolish (30,580 bp)
  contig_34_polypolish (172,174 bp)
  contig_340_polypolish (16,306 bp)
  contig_341_polypolish (11,912 bp)
  contig_342_polypolish (43,426 bp)
  contig_343_polypolish (39,958 bp)
  contig_344_polypolish (5,089 bp)
  contig_345_polypolish (22,199 bp)
  contig_346_polypolish (19,159 bp)
  contig_347_polypolish (28,315 bp)
  contig_348_polypolish (23,196 bp)
  contig_349_polypolish (10,911 bp)
  contig_35_polypolish (27,388 bp)
  contig_350_polypolish (7,734 bp)
  contig_351_polypolish (22,109 bp)
  contig_352_polypolish (52,304 bp)
  contig_353_polypolish (40,657 bp)
  contig_355_polypolish (3,258 bp)
  contig_356_polypolish (57,041 bp)
  contig_357_polypolish (68,733 bp)
  contig_358_polypolish (86,193 bp)
  contig_359_polypolish (36,280 bp)
  contig_36_polypolish (67,651 bp)
  contig_360_polypolish (8,350 bp)
  contig_361_polypolish (27,819 bp)
  contig_362_polypolish (15,866 bp)
  contig_363_polypolish (45,696 bp)
  contig_364_polypolish (6,430 bp)
  contig_365_polypolish (70,168 bp)
  contig_366_polypolish (18,663 bp)
  contig_367_polypolish (45,234 bp)
  contig_368_polypolish (11,071 bp)
  contig_369_polypolish (42,389 bp)
  contig_37_polypolish (32,628 bp)
  contig_370_polypolish (315,070 bp)
  contig_371_polypolish (60,822 bp)
  contig_372_polypolish (35,044 bp)
  contig_373_polypolish (9,776 bp)
  contig_374_polypolish (12,049 bp)
  contig_375_polypolish (13,265 bp)
  contig_376_polypolish (9,824 bp)
  contig_377_polypolish (18,729 bp)
  contig_378_polypolish (30,662 bp)
  contig_379_polypolish (13,296 bp)
  contig_380_polypolish (9,390 bp)
  contig_381_polypolish (37,867 bp)
  contig_382_polypolish (111,956 bp)
  contig_383_polypolish (21,377 bp)
  contig_384_polypolish (41,401 bp)
  contig_385_polypolish (14,432 bp)
  contig_388_polypolish (17,121 bp)
  contig_389_polypolish (35,099 bp)
  contig_39_polypolish (40,655 bp)
  contig_390_polypolish (9,648 bp)
  contig_391_polypolish (3,529 bp)
  contig_392_polypolish (22,522 bp)
  contig_393_polypolish (11,903 bp)
  contig_394_polypolish (6,767 bp)
  contig_395_polypolish (15,907 bp)
  contig_396_polypolish (49,551 bp)
  contig_397_polypolish (50,416 bp)
  contig_398_polypolish (9,078 bp)
  contig_399_polypolish (19,501 bp)
  contig_4_polypolish (42,214 bp)
  contig_40_polypolish (26,141 bp)
  contig_400_polypolish (37,398 bp)
  contig_401_polypolish (19,978 bp)
  contig_402_polypolish (28,009 bp)
  contig_403_polypolish (25,573 bp)
  contig_404_polypolish (20,472 bp)
  contig_405_polypolish (23,676 bp)
  contig_406_polypolish (219,524 bp)
  contig_407_polypolish (75,055 bp)
  contig_408_polypolish (66,598 bp)
  contig_409_polypolish (18,590 bp)
  contig_41_polypolish (56,490 bp)
  contig_410_polypolish (13,917 bp)
  contig_411_polypolish (46,579 bp)
  contig_412_polypolish (33,552 bp)
  contig_413_polypolish (30,728 bp)
  contig_414_polypolish (11,533 bp)
  contig_415_polypolish (16,889 bp)
  contig_416_polypolish (32,852 bp)
  contig_417_polypolish (32,776 bp)
  contig_418_polypolish (157,560 bp)
  contig_419_polypolish (15,014 bp)
  contig_42_polypolish (53,408 bp)
  contig_420_polypolish (31,612 bp)
  contig_421_polypolish (1,243,796 bp)
  contig_422_polypolish (19,089 bp)
  contig_423_polypolish (12,481 bp)
  contig_424_polypolish (24,292 bp)
  contig_425_polypolish (9,211 bp)
  contig_426_polypolish (36,232 bp)
  contig_427_polypolish (13,485 bp)
  contig_428_polypolish (11,877 bp)
  contig_429_polypolish (48,600 bp)
  contig_43_polypolish (2,199 bp)
  contig_430_polypolish (11,939 bp)
  contig_431_polypolish (28,348 bp)
  contig_432_polypolish (15,936 bp)
  contig_433_polypolish (27,228 bp)
  contig_434_polypolish (28,839 bp)
  contig_435_polypolish (11,923 bp)
  contig_436_polypolish (11,547 bp)
  contig_437_polypolish (61,468 bp)
  contig_438_polypolish (13,913 bp)
  contig_439_polypolish (2,989 bp)
  contig_44_polypolish (59,153 bp)
  contig_440_polypolish (29,220 bp)
  contig_441_polypolish (27,482 bp)
  contig_442_polypolish (17,855 bp)
  contig_443_polypolish (82,282 bp)
  contig_444_polypolish (35,256 bp)
  contig_445_polypolish (4,887 bp)
  contig_446_polypolish (32,187 bp)
  contig_447_polypolish (13,955 bp)
  contig_448_polypolish (11,457 bp)
  contig_449_polypolish (51,420 bp)
  contig_45_polypolish (18,424 bp)
  contig_450_polypolish (31,912 bp)
  contig_451_polypolish (17,182 bp)
  contig_452_polypolish (27,340 bp)
  contig_453_polypolish (31,293 bp)
  contig_454_polypolish (29,183 bp)
  contig_455_polypolish (55,274 bp)
  contig_456_polypolish (13,536 bp)
  contig_457_polypolish (13,820 bp)
  contig_458_polypolish (21,622 bp)
  contig_459_polypolish (5,169 bp)
  contig_46_polypolish (99,178 bp)
  contig_461_polypolish (52,805 bp)
  contig_462_polypolish (26,570 bp)
  contig_463_polypolish (36,536 bp)
  contig_464_polypolish (27,190 bp)
  contig_465_polypolish (21,385 bp)
  contig_467_polypolish (254,214 bp)
  contig_469_polypolish (36,325 bp)
  contig_47_polypolish (18,922 bp)
  contig_470_polypolish (17,201 bp)
  contig_471_polypolish (23,185 bp)
  contig_472_polypolish (22,340 bp)
  contig_473_polypolish (39,520 bp)
  contig_474_polypolish (36,441 bp)
  contig_475_polypolish (51,714 bp)
  contig_476_polypolish (24,467 bp)
  contig_477_polypolish (14,976 bp)
  contig_478_polypolish (10,986 bp)
  contig_479_polypolish (189,736 bp)
  contig_48_polypolish (36,806 bp)
  contig_480_polypolish (115,524 bp)
  contig_481_polypolish (143,294 bp)
  contig_484_polypolish (371,988 bp)
  contig_485_polypolish (14,751 bp)
  contig_486_polypolish (896,623 bp)
  contig_487_polypolish (859,463 bp)
  contig_488_polypolish (36,194 bp)
  contig_489_polypolish (18,740 bp)
  contig_49_polypolish (11,925 bp)
  contig_490_polypolish (35,211 bp)
  contig_491_polypolish (72,975 bp)
  contig_493_polypolish (261,799 bp)
  contig_494_polypolish (53,247 bp)
  contig_495_polypolish (41,568 bp)
  contig_496_polypolish (26,462 bp)
  contig_497_polypolish (13,188 bp)
  contig_498_polypolish (19,212 bp)
  contig_499_polypolish (46,175 bp)
  contig_50_polypolish (12,884 bp)
  contig_500_polypolish (17,829 bp)
  contig_501_polypolish (108,211 bp)
  contig_502_polypolish (35,028 bp)
  contig_503_polypolish (28,230 bp)
  contig_504_polypolish (21,101 bp)
  contig_505_polypolish (15,474 bp)
  contig_506_polypolish (10,121 bp)
  contig_507_polypolish (21,061 bp)
  contig_509_polypolish (395,531 bp)
  contig_51_polypolish (17,629 bp)
  contig_510_polypolish (2,390,641 bp)
  contig_511_polypolish (17,009 bp)
  contig_512_polypolish (22,315 bp)
  contig_513_polypolish (19,781 bp)
  contig_514_polypolish (9,449 bp)
  contig_515_polypolish (14,036 bp)
  contig_516_polypolish (20,229 bp)
  contig_517_polypolish (11,840 bp)
  contig_518_polypolish (66,092 bp)
  contig_519_polypolish (8,118 bp)
  contig_52_polypolish (12,585 bp)
  contig_520_polypolish (26,445 bp)
  contig_521_polypolish (4,830 bp)
  contig_522_polypolish (26,788 bp)
  contig_523_polypolish (46,372 bp)
  contig_524_polypolish (11,596 bp)
  contig_525_polypolish (250,177 bp)
  contig_526_polypolish (186,151 bp)
  contig_527_polypolish (4,888 bp)
  contig_528_polypolish (53,861 bp)
  contig_529_polypolish (27,602 bp)
  contig_53_polypolish (789,100 bp)
  contig_530_polypolish (16,461 bp)
  contig_531_polypolish (4,220 bp)
  contig_532_polypolish (23,959 bp)
  contig_533_polypolish (9,165 bp)
  contig_534_polypolish (11,449 bp)
  contig_535_polypolish (13,970 bp)
  contig_536_polypolish (12,369 bp)
  contig_537_polypolish (49,463 bp)
  contig_538_polypolish (28,196 bp)
  contig_539_polypolish (4,295 bp)
  contig_540_polypolish (13,024 bp)
  contig_541_polypolish (44,756 bp)
  contig_542_polypolish (11,085 bp)
  contig_543_polypolish (23,871 bp)
  contig_544_polypolish (139,170 bp)
  contig_545_polypolish (78,231 bp)
  contig_546_polypolish (13,545 bp)
  contig_547_polypolish (19,554 bp)
  contig_548_polypolish (26,074 bp)
  contig_549_polypolish (11,454 bp)
  contig_55_polypolish (5,892 bp)
  contig_550_polypolish (24,915 bp)
  contig_551_polypolish (52,645 bp)
  contig_552_polypolish (30,891 bp)
  contig_553_polypolish (23,377 bp)
  contig_554_polypolish (6,736 bp)
  contig_555_polypolish (14,108 bp)
  contig_556_polypolish (37,277 bp)
  contig_557_polypolish (17,932 bp)
  contig_558_polypolish (33,062 bp)
  contig_559_polypolish (18,727 bp)
  contig_56_polypolish (52,106 bp)
  contig_560_polypolish (16,847 bp)
  contig_561_polypolish (28,017 bp)
  contig_562_polypolish (5,942 bp)
  contig_563_polypolish (16,361 bp)
  contig_564_polypolish (19,022 bp)
  contig_565_polypolish (17,795 bp)
  contig_566_polypolish (246,945 bp)
  contig_567_polypolish (23,692 bp)
  contig_568_polypolish (27,963 bp)
  contig_569_polypolish (22,857 bp)
  contig_570_polypolish (65,513 bp)
  contig_571_polypolish (25,104 bp)
  contig_572_polypolish (10,040 bp)
  contig_573_polypolish (7,667 bp)
  contig_574_polypolish (58,363 bp)
  contig_575_polypolish (11,768 bp)
  contig_576_polypolish (40,903 bp)
  contig_577_polypolish (6,143 bp)
  contig_578_polypolish (15,191 bp)
  contig_579_polypolish (55,997 bp)
  contig_580_polypolish (25,809 bp)
  contig_581_polypolish (28,852 bp)
  contig_582_polypolish (16,969 bp)
  contig_583_polypolish (14,023 bp)
  contig_584_polypolish (29,182 bp)
  contig_585_polypolish (14,785 bp)
  contig_586_polypolish (8,186 bp)
  contig_587_polypolish (6,366 bp)
  contig_588_polypolish (9,594 bp)
  contig_59_polypolish (7,361 bp)
  contig_590_polypolish (2,230,635 bp)
  contig_591_polypolish (145,922 bp)
  contig_592_polypolish (27,170 bp)
  contig_593_polypolish (11,912 bp)
  contig_594_polypolish (14,731 bp)
  contig_595_polypolish (12,487 bp)
  contig_596_polypolish (13,774 bp)
  contig_597_polypolish (120,725 bp)
  contig_598_polypolish (52,452 bp)
  contig_599_polypolish (21,278 bp)
  contig_60_polypolish (34,852 bp)
  contig_600_polypolish (15,428 bp)
  contig_601_polypolish (26,691 bp)
  contig_602_polypolish (15,809 bp)
  contig_603_polypolish (47,236 bp)
  contig_604_polypolish (53,343 bp)
  contig_605_polypolish (11,856 bp)
  contig_606_polypolish (11,265 bp)
  contig_607_polypolish (81,101 bp)
  contig_608_polypolish (37,260 bp)
  contig_61_polypolish (26,051 bp)
  contig_610_polypolish (11,016 bp)
  contig_611_polypolish (3,525 bp)
  contig_612_polypolish (19,933 bp)
  contig_613_polypolish (21,803 bp)
  contig_614_polypolish (19,147 bp)
  contig_615_polypolish (70,253 bp)
  contig_616_polypolish (5,583 bp)
  contig_617_polypolish (22,379 bp)
  contig_618_polypolish (27,188 bp)
  contig_619_polypolish (101,092 bp)
  contig_62_polypolish (19,407 bp)
  contig_620_polypolish (90,634 bp)
  contig_621_polypolish (29,317 bp)
  contig_622_polypolish (25,070 bp)
  contig_623_polypolish (226,134 bp)
  contig_624_polypolish (68,052 bp)
  contig_625_polypolish (25,327 bp)
  contig_627_polypolish (29,758 bp)
  contig_628_polypolish (9,240 bp)
  contig_629_polypolish (3,443 bp)
  contig_63_polypolish (123,150 bp)
  contig_631_polypolish (3,641 bp)
  contig_632_polypolish (11,264 bp)
  contig_633_polypolish (109,816 bp)
  contig_634_polypolish (9,197 bp)
  contig_635_polypolish (32,988 bp)
  contig_636_polypolish (6,255 bp)
  contig_637_polypolish (40,890 bp)
  contig_638_polypolish (44,766 bp)
  contig_639_polypolish (10,171 bp)
  contig_64_polypolish (11,695 bp)
  contig_640_polypolish (84,146 bp)
  contig_641_polypolish (18,631 bp)
  contig_642_polypolish (20,169 bp)
  contig_643_polypolish (29,111 bp)
  contig_644_polypolish (8,346 bp)
  contig_645_polypolish (3,128 bp)
  contig_646_polypolish (64,124 bp)
  contig_647_polypolish (58,109 bp)
  contig_648_polypolish (15,078 bp)
  contig_649_polypolish (35,526 bp)
  contig_65_polypolish (61,005 bp)
  contig_651_polypolish (45,264 bp)
  contig_652_polypolish (65,953 bp)
  contig_653_polypolish (48,582 bp)
  contig_654_polypolish (9,939 bp)
  contig_655_polypolish (25,859 bp)
  contig_656_polypolish (3,959 bp)
  contig_657_polypolish (3,592 bp)
  contig_658_polypolish (3,972 bp)
  contig_659_polypolish (55,410 bp)
  contig_66_polypolish (27,683 bp)
  contig_660_polypolish (8,869 bp)
  contig_661_polypolish (5,249 bp)
  contig_662_polypolish (6,591 bp)
  contig_663_polypolish (45,540 bp)
  contig_664_polypolish (26,222 bp)
  contig_665_polypolish (74,501 bp)
  contig_666_polypolish (44,262 bp)
  contig_667_polypolish (22,632 bp)
  contig_668_polypolish (35,805 bp)
  contig_669_polypolish (5,085 bp)
  contig_67_polypolish (32,758 bp)
  contig_670_polypolish (26,360 bp)
  contig_671_polypolish (14,982 bp)
  contig_672_polypolish (27,349 bp)
  contig_673_polypolish (2,443,009 bp)
  contig_675_polypolish (2,768,853 bp)
  contig_676_polypolish (164,422 bp)
  contig_677_polypolish (526,625 bp)
  contig_678_polypolish (1,975,163 bp)
  contig_679_polypolish (2,153,809 bp)
  contig_68_polypolish (7,446 bp)
  contig_681_polypolish (11,612 bp)
  contig_682_polypolish (12,446 bp)
  contig_683_polypolish (15,627 bp)
  contig_684_polypolish (14,019 bp)
  contig_685_polypolish (17,264 bp)
  contig_686_polypolish (39,722 bp)
  contig_687_polypolish (9,493 bp)
  contig_688_polypolish (12,941 bp)
  contig_689_polypolish (9,806 bp)
  contig_69_polypolish (21,894 bp)
  contig_690_polypolish (7,470 bp)
  contig_691_polypolish (36,044 bp)
  contig_692_polypolish (34,602 bp)
  contig_693_polypolish (11,033 bp)
  contig_694_polypolish (173,799 bp)
  contig_695_polypolish (10,285 bp)
  contig_696_polypolish (11,311 bp)
  contig_697_polypolish (30,245 bp)
  contig_698_polypolish (11,015 bp)
  contig_699_polypolish (63,617 bp)
  contig_70_polypolish (19,313 bp)
  contig_701_polypolish (83,420 bp)
  contig_702_polypolish (31,918 bp)
  contig_703_polypolish (10,365 bp)
  contig_704_polypolish (36,487 bp)
  contig_705_polypolish (25,057 bp)
  contig_706_polypolish (118,250 bp)
  contig_707_polypolish (19,908 bp)
  contig_708_polypolish (12,847 bp)
  contig_709_polypolish (17,904 bp)
  contig_71_polypolish (23,414 bp)
  contig_710_polypolish (37,876 bp)
  contig_711_polypolish (116,441 bp)
  contig_712_polypolish (12,775 bp)
  contig_713_polypolish (7,419 bp)
  contig_714_polypolish (4,948 bp)
  contig_715_polypolish (6,965 bp)
  contig_716_polypolish (16,100 bp)
  contig_717_polypolish (12,117 bp)
  contig_718_polypolish (18,804 bp)
  contig_719_polypolish (47,426 bp)
  contig_72_polypolish (53,378 bp)
  contig_720_polypolish (10,061 bp)
  contig_721_polypolish (18,077 bp)
  contig_722_polypolish (27,132 bp)
  contig_723_polypolish (11,717 bp)
  contig_724_polypolish (13,138 bp)
  contig_725_polypolish (23,146 bp)
  contig_726_polypolish (14,371 bp)
  contig_727_polypolish (54,035 bp)
  contig_728_polypolish (6,536 bp)
  contig_729_polypolish (7,176 bp)
  contig_73_polypolish (25,568 bp)
  contig_730_polypolish (6,288 bp)
  contig_731_polypolish (16,583 bp)
  contig_732_polypolish (9,231 bp)
  contig_733_polypolish (16,445 bp)
  contig_734_polypolish (22,728 bp)
  contig_735_polypolish (38,273 bp)
  contig_736_polypolish (5,641 bp)
  contig_737_polypolish (5,623 bp)
  contig_738_polypolish (11,144 bp)
  contig_739_polypolish (10,593 bp)
  contig_74_polypolish (5,425 bp)
  contig_740_polypolish (10,720 bp)
  contig_741_polypolish (10,998 bp)
  contig_742_polypolish (24,401 bp)
  contig_743_polypolish (3,574 bp)
  contig_744_polypolish (63,104 bp)
  contig_745_polypolish (41,244 bp)
  contig_746_polypolish (5,878 bp)
  contig_747_polypolish (17,125 bp)
  contig_748_polypolish (13,756 bp)
  contig_749_polypolish (108,063 bp)
  contig_75_polypolish (19,405 bp)
  contig_750_polypolish (50,457 bp)
  contig_751_polypolish (10,246 bp)
  contig_752_polypolish (16,153 bp)
  contig_753_polypolish (9,356 bp)
  contig_754_polypolish (8,615 bp)
  contig_755_polypolish (3,233 bp)
  contig_756_polypolish (7,576 bp)
  contig_757_polypolish (14,259 bp)
  contig_758_polypolish (20,701 bp)
  contig_759_polypolish (32,516 bp)
  contig_76_polypolish (52,918 bp)
  contig_760_polypolish (8,027 bp)
  contig_761_polypolish (22,807 bp)
  contig_762_polypolish (10,879 bp)
  contig_764_polypolish (71,933 bp)
  contig_765_polypolish (13,584 bp)
  contig_766_polypolish (6,331 bp)
  contig_767_polypolish (17,210 bp)
  contig_768_polypolish (13,324 bp)
  contig_769_polypolish (5,543 bp)
  contig_77_polypolish (2,179,889 bp)
  contig_770_polypolish (16,667 bp)
  contig_771_polypolish (18,799 bp)
  contig_772_polypolish (20,695 bp)
  contig_773_polypolish (39,693 bp)
  contig_774_polypolish (37,085 bp)
  contig_775_polypolish (18,733 bp)
  contig_776_polypolish (10,711 bp)
  contig_777_polypolish (3,605 bp)
  contig_778_polypolish (53,861 bp)
  contig_779_polypolish (25,985 bp)
  contig_78_polypolish (66,647 bp)
  contig_780_polypolish (107,009 bp)
  contig_781_polypolish (11,607 bp)
  contig_782_polypolish (34,837 bp)
  contig_783_polypolish (87,805 bp)
  contig_784_polypolish (10,617 bp)
  contig_785_polypolish (18,794 bp)
  contig_786_polypolish (44,819 bp)
  contig_787_polypolish (73,465 bp)
  contig_788_polypolish (10,658 bp)
  contig_789_polypolish (17,117 bp)
  contig_79_polypolish (49,827 bp)
  contig_790_polypolish (58,854 bp)
  contig_791_polypolish (50,262 bp)
  contig_792_polypolish (62,693 bp)
  contig_793_polypolish (28,059 bp)
  contig_794_polypolish (34,631 bp)
  contig_795_polypolish (7,720 bp)
  contig_796_polypolish (69,908 bp)
  contig_797_polypolish (7,182 bp)
  contig_798_polypolish (20,178 bp)
  contig_799_polypolish (18,321 bp)
  contig_80_polypolish (28,109 bp)
  contig_800_polypolish (17,976 bp)
  contig_801_polypolish (5,781 bp)
  contig_802_polypolish (22,977 bp)
  contig_803_polypolish (9,304 bp)
  contig_804_polypolish (4,430 bp)
  contig_805_polypolish (19,154 bp)
  contig_806_polypolish (10,509 bp)
  contig_807_polypolish (27,371 bp)
  contig_808_polypolish (20,540 bp)
  contig_809_polypolish (19,857 bp)
  contig_81_polypolish (20,683 bp)
  contig_810_polypolish (18,249 bp)
  contig_811_polypolish (11,571 bp)
  contig_812_polypolish (71,323 bp)
  contig_813_polypolish (27,324 bp)
  contig_814_polypolish (22,700 bp)
  contig_815_polypolish (15,790 bp)
  contig_816_polypolish (4,137 bp)
  contig_817_polypolish (59,639 bp)
  contig_818_polypolish (5,864 bp)
  contig_819_polypolish (3,809 bp)
  contig_82_polypolish (29,076 bp)
  contig_820_polypolish (7,807 bp)
  contig_821_polypolish (18,754 bp)
  contig_822_polypolish (24,876 bp)
  contig_823_polypolish (9,665 bp)
  contig_824_polypolish (19,784 bp)
  contig_825_polypolish (33,765 bp)
  contig_826_polypolish (9,147 bp)
  contig_827_polypolish (10,817 bp)
  contig_828_polypolish (20,161 bp)
  contig_829_polypolish (24,738 bp)
  contig_83_polypolish (10,695 bp)
  contig_830_polypolish (11,694 bp)
  contig_831_polypolish (14,218 bp)
  contig_832_polypolish (35,786 bp)
  contig_833_polypolish (18,758 bp)
  contig_834_polypolish (14,237 bp)
  contig_835_polypolish (51,308 bp)
  contig_836_polypolish (17,325 bp)
  contig_837_polypolish (50,237 bp)
  contig_838_polypolish (6,406 bp)
  contig_839_polypolish (39,663 bp)
  contig_84_polypolish (11,816 bp)
  contig_840_polypolish (19,951 bp)
  contig_841_polypolish (12,490 bp)
  contig_842_polypolish (4,976 bp)
  contig_843_polypolish (32,133 bp)
  contig_844_polypolish (36,549 bp)
  contig_845_polypolish (10,749 bp)
  contig_846_polypolish (3,008 bp)
  contig_847_polypolish (13,832 bp)
  contig_848_polypolish (4,604 bp)
  contig_849_polypolish (24,997 bp)
  contig_85_polypolish (10,167 bp)
  contig_850_polypolish (6,994 bp)
  contig_852_polypolish (4,325 bp)
  contig_854_polypolish (52,314 bp)
  contig_855_polypolish (48,597 bp)
  contig_856_polypolish (33,761 bp)
  contig_857_polypolish (33,889 bp)
  contig_858_polypolish (41,810 bp)
  contig_859_polypolish (27,584 bp)
  contig_86_polypolish (19,619 bp)
  contig_860_polypolish (69,113 bp)
  contig_861_polypolish (15,501 bp)
  contig_862_polypolish (12,255 bp)
  contig_863_polypolish (20,810 bp)
  contig_864_polypolish (7,748 bp)
  contig_866_polypolish (18,660 bp)
  contig_867_polypolish (92,196 bp)
  contig_869_polypolish (25,510 bp)
  contig_87_polypolish (12,929 bp)
  contig_870_polypolish (33,881 bp)
  contig_871_polypolish (14,631 bp)
  contig_872_polypolish (49,283 bp)
  contig_873_polypolish (14,422 bp)
  contig_874_polypolish (13,942 bp)
  contig_875_polypolish (14,138 bp)
  contig_876_polypolish (51,219 bp)
  contig_877_polypolish (24,423 bp)
  contig_878_polypolish (12,018 bp)
  contig_879_polypolish (15,210 bp)
  contig_88_polypolish (20,252 bp)
  contig_880_polypolish (5,305 bp)
  contig_881_polypolish (23,808 bp)
  contig_882_polypolish (25,274 bp)
  contig_883_polypolish (17,270 bp)
  contig_884_polypolish (11,531 bp)
  contig_885_polypolish (23,835 bp)
  contig_886_polypolish (5,929 bp)
  contig_887_polypolish (34,492 bp)
  contig_888_polypolish (146,600 bp)
  contig_889_polypolish (3,766 bp)
  contig_89_polypolish (17,110 bp)
  contig_890_polypolish (13,601 bp)
  contig_891_polypolish (15,964 bp)
  contig_892_polypolish (41,788 bp)
  contig_893_polypolish (16,141 bp)
  contig_894_polypolish (9,203 bp)
  contig_895_polypolish (7,146,324 bp)
  contig_896_polypolish (20,754 bp)
  contig_897_polypolish (11,541 bp)
  contig_898_polypolish (26,955 bp)
  contig_899_polypolish (13,330 bp)
  contig_9_polypolish (703,096 bp)
  contig_90_polypolish (75,174 bp)
  contig_900_polypolish (6,125 bp)
  contig_901_polypolish (12,936 bp)
  contig_902_polypolish (4,121 bp)
  contig_903_polypolish (27,940 bp)
  contig_904_polypolish (14,862 bp)
  contig_905_polypolish (14,738 bp)
  contig_906_polypolish (31,611 bp)
  contig_907_polypolish (75,808 bp)
  contig_908_polypolish (3,261 bp)
  contig_909_polypolish (55,061 bp)
  contig_91_polypolish (23,141 bp)
  contig_910_polypolish (9,039 bp)
  contig_911_polypolish (11,806 bp)
  contig_912_polypolish (7,347 bp)
  contig_913_polypolish (2,852 bp)
  contig_914_polypolish (4,795 bp)
  contig_915_polypolish (45,244 bp)
  contig_916_polypolish (30,549 bp)
  contig_917_polypolish (14,890 bp)
  contig_918_polypolish (13,853 bp)
  contig_919_polypolish (117,027 bp)
  contig_92_polypolish (51,286 bp)
  contig_920_polypolish (14,387 bp)
  contig_921_polypolish (13,972 bp)
  contig_922_polypolish (12,482 bp)
  contig_923_polypolish (9,226 bp)
  contig_924_polypolish (9,989 bp)
  contig_925_polypolish (42,564 bp)
  contig_926_polypolish (28,217 bp)
  contig_927_polypolish (11,339 bp)
  contig_928_polypolish (5,578 bp)
  contig_929_polypolish (23,033 bp)
  contig_93_polypolish (28,602 bp)
  contig_930_polypolish (39,716 bp)
  contig_931_polypolish (21,193 bp)
  contig_932_polypolish (4,672 bp)
  contig_933_polypolish (10,307 bp)
  contig_934_polypolish (11,944 bp)
  contig_935_polypolish (36,715 bp)
  contig_936_polypolish (8,684 bp)
  contig_937_polypolish (3,311 bp)
  contig_938_polypolish (15,057 bp)
  contig_939_polypolish (13,302 bp)
  contig_940_polypolish (40,235 bp)
  contig_941_polypolish (48,984 bp)
  contig_942_polypolish (35,964 bp)
  contig_943_polypolish (17,397 bp)
  contig_944_polypolish (8,514 bp)
  contig_945_polypolish (6,549 bp)
  contig_946_polypolish (24,737 bp)
  contig_947_polypolish (5,509 bp)
  contig_948_polypolish (33,586 bp)
  contig_949_polypolish (60,978 bp)
  contig_95_polypolish (684,451 bp)
  contig_950_polypolish (35,622 bp)
  contig_951_polypolish (6,358 bp)
  contig_952_polypolish (35,936 bp)
  contig_953_polypolish (21,730 bp)
  contig_954_polypolish (4,093 bp)
  contig_955_polypolish (15,675 bp)
  contig_956_polypolish (37,525 bp)
  contig_957_polypolish (21,633 bp)
  contig_958_polypolish (24,832 bp)
  contig_959_polypolish (13,976 bp)
  contig_96_polypolish (15,077 bp)
  contig_960_polypolish (8,268 bp)
  contig_961_polypolish (7,295 bp)
  contig_962_polypolish (12,714 bp)
  contig_963_polypolish (28,511 bp)
  contig_964_polypolish (18,336 bp)
  contig_965_polypolish (7,087 bp)
  contig_966_polypolish (21,974 bp)
  contig_967_polypolish (1,922 bp)
  contig_97_polypolish (9,624 bp)
  contig_970_polypolish (5,088 bp)
  contig_972_polypolish (2,212 bp)
  contig_973_polypolish (1,677 bp)
  contig_974_polypolish (54,720 bp)
  contig_975_polypolish (159,693 bp)
  contig_977_polypolish (2,706 bp)
  contig_979_polypolish (2,652 bp)
  contig_98_polypolish (58,576 bp)
  contig_980_polypolish (9,510 bp)
  contig_981_polypolish (15,286 bp)
  contig_982_polypolish (13,377 bp)
  contig_983_polypolish (23,066 bp)
  contig_984_polypolish (2,947 bp)
  contig_985_polypolish (31,860 bp)
  contig_986_polypolish (23,811 bp)
  contig_987_polypolish (4,508 bp)
  contig_988_polypolish (9,513 bp)
  contig_989_polypolish (32,699 bp)
  contig_99_polypolish (17,821 bp)
  contig_990_polypolish (9,446 bp)
  contig_991_polypolish (16,563 bp)
  contig_992_polypolish (6,329 bp)
  contig_993_polypolish (32,531 bp)
  contig_994_polypolish (15,561 bp)
  contig_995_polypolish (17,791 bp)
  contig_996_polypolish (16,171 bp)
  contig_997_polypolish (22,741 bp)
  contig_998_polypolish (6,475 bp)
  contig_999_polypolish (10,064 bp)

Time to run: 0:02:36.691544

