Settings:
  Output files: "${ARTICLE41_WORK_DIR}/index/megahit-coassembly.ge1000.*.bt2"
  Line rate: 6 (line is 64 bytes)
  Lines per side: 1 (side is 64 bytes)
  Offset rate: 4 (one in 16)
  FTable chars: 10
  Strings: unpacked
  Max bucket size: default
  Max bucket size, sqrt multiplier: default
  Max bucket size, len divisor: 96
  Difference-cover sample period: 1024
  Endianness: little
  Actual local endianness: little
  Sanity checking: disabled
  Assertions: disabled
  Random seed: 0
  Sizeofs: void*:8, int:4, long:8, size_t:8
Input files DNA, FASTA:
  ${ARTICLE41_WORK_DIR}/inputs/megahit-coassembly.ge1000.fna
Reading reference sizes
  Time reading reference sizes: 00:00:00
Calculating joined length
Writing header
Reserving space for joined string
Joining reference sequences
  Time to join reference sequences: 00:00:01
bmax according to bmaxDivN setting: 883453
Using parameters --bmax 662590 --dcv 1024
  Doing ahead-of-time memory usage test
  Passed!  Constructing with these parameters: --bmax 662590 --dcv 1024
Constructing suffix-array element generator
Building DifferenceCoverSample
  Building sPrime
  Building sPrimeOrder
  V-Sorting samples
  V-Sorting samples time: 00:00:00
  Allocating rank array
  Ranking v-sort output
  Ranking v-sort output time: 00:00:01
  Invoking Larsson-Sadakane on ranks
  Invoking Larsson-Sadakane on ranks time: 00:00:00
  Sanity-checking and returning
Building samples
Reserving space for 258 sample suffixes
Generating random suffixes
QSorting 258 sample offsets, eliminating duplicates
QSorting sample offsets, eliminating duplicates time: 00:00:00
Multikey QSorting 258 samples
  (Using difference cover)
  Multikey QSorting samples time: 00:00:00
Calculating bucket sizes
Splitting and merging
  Splitting and merging time: 00:00:00
Split 36, merged 120; iterating...
Splitting and merging
  Splitting and merging time: 00:00:00
Split 21, merged 12; iterating...
Splitting and merging
  Splitting and merging time: 00:00:00
Split 13, merged 18; iterating...
Splitting and merging
  Splitting and merging time: 00:00:00
Split 7, merged 5; iterating...
Splitting and merging
  Splitting and merging time: 00:00:00
Split 3, merged 5; iterating...
Avg bucket size: 473806 (target: 662589)
Converting suffix-array elements to index image
Allocating ftab, absorbFtab
Entering Ebwt loop
Getting block 1 of 179
Getting block 3 of 179
  Reserving size (662590) for bucket 3
  Reserving size (662590) for bucket 1
Getting block 7 of 179
  Reserving size (662590) for bucket 7
  Calculating Z arrays for bucket 3
Getting block 9 of 179
Getting block 11 of 179
Getting block 12 of 179
  Calculating Z arrays for bucket 1
Getting block 5 of 179
  Reserving size (662590) for bucket 5
  Entering block accumulator loop for bucket 3:
  Entering block accumulator loop for bucket 1:
Getting block 10 of 179
Getting block 8 of 179
Getting block 14 of 179
Getting block 15 of 179
Getting block 6 of 179
  Reserving size (662590) for bucket 15
  Reserving size (662590) for bucket 14
  Reserving size (662590) for bucket 6
  Calculating Z arrays for bucket 5
Getting block 20 of 179
  Reserving size (662590) for bucket 20
  Calculating Z arrays for bucket 14
Getting block 4 of 179
  Reserving size (662590) for bucket 10
Getting block 16 of 179
  Reserving size (662590) for bucket 12
  Calculating Z arrays for bucket 15
  Entering block accumulator loop for bucket 5:
  Calculating Z arrays for bucket 10
Getting block 13 of 179
  Reserving size (662590) for bucket 13
Getting block 18 of 179
  Reserving size (662590) for bucket 18
  Calculating Z arrays for bucket 13
  Calculating Z arrays for bucket 6
  Entering block accumulator loop for bucket 10:
  Reserving size (662590) for bucket 9
  Calculating Z arrays for bucket 7
Getting block 23 of 179
Getting block 2 of 179
  Reserving size (662590) for bucket 2
  Calculating Z arrays for bucket 12
  Entering block accumulator loop for bucket 14:
  Reserving size (662590) for bucket 4
  Calculating Z arrays for bucket 18
  Entering block accumulator loop for bucket 15:
  Entering block accumulator loop for bucket 12:
  Entering block accumulator loop for bucket 13:
Getting block 22 of 179
  Entering block accumulator loop for bucket 18:
  Calculating Z arrays for bucket 2
  Entering block accumulator loop for bucket 6:
Getting block 21 of 179
  Reserving size (662590) for bucket 11
  Entering block accumulator loop for bucket 7:
  Reserving size (662590) for bucket 8
Getting block 17 of 179
Getting block 19 of 179
  Reserving size (662590) for bucket 19
  Entering block accumulator loop for bucket 2:
  Reserving size (662590) for bucket 21
  Reserving size (662590) for bucket 23
  Reserving size (662590) for bucket 16
  Reserving size (662590) for bucket 22
  Calculating Z arrays for bucket 9
  Calculating Z arrays for bucket 20
  Calculating Z arrays for bucket 21
  Calculating Z arrays for bucket 4
  Calculating Z arrays for bucket 19
  Reserving size (662590) for bucket 17
  Calculating Z arrays for bucket 16
  Entering block accumulator loop for bucket 9:
  Calculating Z arrays for bucket 23
  Entering block accumulator loop for bucket 20:
  Entering block accumulator loop for bucket 4:
  Calculating Z arrays for bucket 8
  Calculating Z arrays for bucket 22
  Entering block accumulator loop for bucket 16:
  Calculating Z arrays for bucket 11
  Calculating Z arrays for bucket 17
  Entering block accumulator loop for bucket 19:
  Entering block accumulator loop for bucket 21:
  Entering block accumulator loop for bucket 23:
  Entering block accumulator loop for bucket 22:
  Entering block accumulator loop for bucket 8:
  Entering block accumulator loop for bucket 11:
  Entering block accumulator loop for bucket 17:
  bucket 2: 10%
  bucket 1: 10%
  bucket 3: 10%
  bucket 4: 10%
  bucket 9: 10%
  bucket 6: 10%
  bucket 5: 10%
  bucket 12: 10%
  bucket 16: 10%
  bucket 18: 10%
  bucket 11: 10%
  bucket 14: 10%
  bucket 15: 10%
  bucket 10: 10%
  bucket 17: 10%
  bucket 21: 10%
  bucket 20: 10%
  bucket 22: 10%
  bucket 19: 10%
  bucket 13: 10%
  bucket 23: 10%
  bucket 7: 10%
  bucket 8: 10%
  bucket 1: 20%
  bucket 2: 20%
  bucket 3: 20%
  bucket 4: 20%
  bucket 9: 20%
  bucket 6: 20%
  bucket 5: 20%
  bucket 12: 20%
  bucket 16: 20%
  bucket 11: 20%
  bucket 18: 20%
  bucket 14: 20%
  bucket 15: 20%
  bucket 10: 20%
  bucket 17: 20%
  bucket 21: 20%
  bucket 20: 20%
  bucket 22: 20%
  bucket 19: 20%
  bucket 13: 20%
  bucket 23: 20%
  bucket 1: 30%
  bucket 2: 30%
  bucket 3: 30%
  bucket 4: 30%
  bucket 9: 30%
  bucket 6: 30%
  bucket 5: 30%
  bucket 12: 30%
  bucket 16: 30%
  bucket 18: 30%
  bucket 11: 30%
  bucket 14: 30%
  bucket 15: 30%
  bucket 10: 30%
  bucket 7: 20%
  bucket 17: 30%
  bucket 21: 30%
  bucket 22: 30%
  bucket 19: 30%
  bucket 20: 30%
  bucket 8: 20%
  bucket 13: 30%
  bucket 23: 30%
  bucket 1: 40%
  bucket 2: 40%
  bucket 3: 40%
  bucket 4: 40%
  bucket 9: 40%
  bucket 5: 40%
  bucket 6: 40%
  bucket 12: 40%
  bucket 16: 40%
  bucket 18: 40%
  bucket 14: 40%
  bucket 11: 40%
  bucket 15: 40%
  bucket 7: 30%
  bucket 10: 40%
  bucket 17: 40%
  bucket 21: 40%
  bucket 8: 30%
  bucket 22: 40%
  bucket 19: 40%
  bucket 20: 40%
  bucket 13: 40%
  bucket 23: 40%
  bucket 1: 50%
  bucket 2: 50%
  bucket 3: 50%
  bucket 4: 50%
  bucket 9: 50%
  bucket 6: 50%
  bucket 5: 50%
  bucket 12: 50%
  bucket 16: 50%
  bucket 18: 50%
  bucket 7: 40%
  bucket 14: 50%
  bucket 15: 50%
  bucket 11: 50%
  bucket 10: 50%
  bucket 17: 50%
  bucket 8: 40%
  bucket 22: 50%
  bucket 20: 50%
  bucket 19: 50%
  bucket 13: 50%
  bucket 21: 50%
  bucket 1: 60%
  bucket 2: 60%
  bucket 23: 50%
  bucket 3: 60%
  bucket 4: 60%
  bucket 9: 60%
  bucket 6: 60%
  bucket 5: 60%
  bucket 12: 60%
  bucket 7: 50%
  bucket 16: 60%
  bucket 18: 60%
  bucket 14: 60%
  bucket 15: 60%
  bucket 11: 60%
  bucket 10: 60%
  bucket 17: 60%
  bucket 8: 50%
  bucket 1: 70%
  bucket 2: 70%
  bucket 22: 60%
  bucket 19: 60%
  bucket 20: 60%
  bucket 21: 60%
  bucket 3: 70%
  bucket 13: 60%
  bucket 4: 70%
  bucket 23: 60%
  bucket 9: 70%
  bucket 6: 70%
  bucket 5: 70%
  bucket 12: 70%
  bucket 7: 60%
  bucket 16: 70%
  bucket 18: 70%
  bucket 14: 70%
  bucket 15: 70%
  bucket 11: 70%
  bucket 10: 70%
  bucket 1: 80%
  bucket 2: 80%
  bucket 17: 70%
  bucket 8: 60%
  bucket 3: 80%
  bucket 22: 70%
  bucket 19: 70%
  bucket 21: 70%
  bucket 20: 70%
  bucket 13: 70%
  bucket 4: 80%
  bucket 9: 80%
  bucket 23: 70%
  bucket 6: 80%
  bucket 5: 80%
  bucket 12: 80%
  bucket 7: 70%
  bucket 16: 80%
  bucket 18: 80%
  bucket 14: 80%
  bucket 15: 80%
  bucket 11: 80%
  bucket 1: 90%
  bucket 10: 80%
  bucket 2: 90%
  bucket 3: 90%
  bucket 17: 80%
  bucket 8: 70%
  bucket 22: 80%
  bucket 19: 80%
  bucket 4: 90%
  bucket 21: 80%
  bucket 20: 80%
  bucket 9: 90%
  bucket 13: 80%
  bucket 5: 90%
  bucket 12: 90%
  bucket 6: 90%
  bucket 7: 80%
  bucket 23: 80%
  bucket 16: 90%
  bucket 18: 90%
  bucket 1: 100%
  Sorting block of length 514689 for bucket 1
  (Using difference cover)
  bucket 2: 100%
  Sorting block of length 485653 for bucket 2
  (Using difference cover)
  bucket 14: 90%
  bucket 15: 90%
  bucket 11: 90%
  bucket 10: 90%
  bucket 3: 100%
  Sorting block of length 625645 for bucket 3
  (Using difference cover)
  bucket 17: 90%
  bucket 8: 80%
  bucket 4: 100%
  Sorting block of length 608329 for bucket 4
  (Using difference cover)
  bucket 22: 90%
  bucket 19: 90%
  bucket 9: 100%
  Sorting block of length 439790 for bucket 9
  (Using difference cover)
  bucket 21: 90%
  bucket 20: 90%
  bucket 12: 100%
  Sorting block of length 519762 for bucket 12
  (Using difference cover)
  bucket 5: 100%
  Sorting block of length 436325 for bucket 5
  (Using difference cover)
  bucket 6: 100%
  Sorting block of length 471629 for bucket 6
  (Using difference cover)
  bucket 7: 90%
  bucket 13: 90%
  bucket 23: 90%
  bucket 16: 100%
  Sorting block of length 265650 for bucket 16
  (Using difference cover)
  bucket 18: 100%
  Sorting block of length 91062 for bucket 18
  (Using difference cover)
  bucket 14: 100%
  bucket 15: 100%
  Sorting block of length 503679 for bucket 14
  (Using difference cover)
  Sorting block of length 640734 for bucket 15
  (Using difference cover)
  bucket 11: 100%
  Sorting block of length 623098 for bucket 11
  (Using difference cover)
  bucket 10: 100%
  Sorting block of length 575456 for bucket 10
  (Using difference cover)
  Sorting block time: 00:00:00
Returning block of 485654 for bucket 2
  Sorting block time: 00:00:00
Returning block of 514690 for bucket 1
Getting block 24 of 179
  Reserving size (662590) for bucket 24
  Calculating Z arrays for bucket 24
  Entering block accumulator loop for bucket 24:
Getting block 25 of 179
  Reserving size (662590) for bucket 25
  Calculating Z arrays for bucket 25
  Entering block accumulator loop for bucket 25:
  bucket 17: 100%
  Sorting block of length 625074 for bucket 17
  (Using difference cover)
  Sorting block time: 00:00:00
Returning block of 91063 for bucket 18
Getting block 26 of 179
  Reserving size (662590) for bucket 26
  Calculating Z arrays for bucket 26
  Entering block accumulator loop for bucket 26:
  bucket 8: 90%
  bucket 19: 100%
  Sorting block of length 392705 for bucket 19
  (Using difference cover)
  bucket 22: 100%
  Sorting block of length 544917 for bucket 22
  (Using difference cover)
  bucket 21: 100%
  Sorting block of length 348859 for bucket 21
  (Using difference cover)
  bucket 7: 100%
  Sorting block of length 235906 for bucket 7
  (Using difference cover)
  Sorting block time: 00:00:00
Returning block of 265651 for bucket 16
  bucket 20: 100%
  Sorting block of length 477742 for bucket 20
  (Using difference cover)
Getting block 27 of 179
  Reserving size (662590) for bucket 27
  Calculating Z arrays for bucket 27
  Entering block accumulator loop for bucket 27:
  Sorting block time: 00:00:00
Returning block of 625646 for bucket 3
  Sorting block time: 00:00:00
Returning block of 439791 for bucket 9
Getting block 28 of 179
  Reserving size (662590) for bucket 28
  Calculating Z arrays for bucket 28
  Entering block accumulator loop for bucket 28:
Getting block 29 of 179
  Reserving size (662590) for bucket 29
  Calculating Z arrays for bucket 29
  Entering block accumulator loop for bucket 29:
  bucket 23: 100%
  Sorting block of length 625157 for bucket 23
  (Using difference cover)
  Sorting block time: 00:00:00
Returning block of 436326 for bucket 5
  Sorting block time: 00:00:00
Returning block of 608330 for bucket 4
Getting block 30 of 179
  Reserving size (662590) for bucket 30
  Calculating Z arrays for bucket 30
  Entering block accumulator loop for bucket 30:
  Sorting block time: 00:00:00
Returning block of 471630 for bucket 6
Getting block 31 of 179
  Reserving size (662590) for bucket 31
  Calculating Z arrays for bucket 31
  Entering block accumulator loop for bucket 31:
  bucket 13: 100%
  Sorting block of length 608621 for bucket 13
  (Using difference cover)
Getting block 32 of 179
  Reserving size (662590) for bucket 32
  Calculating Z arrays for bucket 32
  Entering block accumulator loop for bucket 32:
  Sorting block time: 00:00:00
Returning block of 519763 for bucket 12
Getting block 33 of 179
  Reserving size (662590) for bucket 33
  Calculating Z arrays for bucket 33
  Entering block accumulator loop for bucket 33:
  bucket 24: 10%
  Sorting block time: 00:00:00
Returning block of 235907 for bucket 7
  Sorting block time: 00:00:00
Returning block of 503680 for bucket 14
Getting block 34 of 179
  Reserving size (662590) for bucket 34
  Calculating Z arrays for bucket 34
  Entering block accumulator loop for bucket 34:
  bucket 25: 10%
Getting block 35 of 179
  Reserving size (662590) for bucket 35
  Calculating Z arrays for bucket 35
  bucket 8: 100%
  Sorting block of length 646459 for bucket 8
  (Using difference cover)
  Entering block accumulator loop for bucket 35:
  bucket 26: 10%
  Sorting block time: 00:00:00
Returning block of 623099 for bucket 11
  Sorting block time: 00:00:00
Returning block of 640735 for bucket 15
  Sorting block time: 00:00:00
Returning block of 348860 for bucket 21
Getting block 36 of 179
  Reserving size (662590) for bucket 36
  Calculating Z arrays for bucket 36
  Entering block accumulator loop for bucket 36:
Getting block 37 of 179
  Reserving size (662590) for bucket 37
  Calculating Z arrays for bucket 37
  Entering block accumulator loop for bucket 37:
Getting block 38 of 179
  Reserving size (662590) for bucket 38
  Calculating Z arrays for bucket 38
  Entering block accumulator loop for bucket 38:
  Sorting block time: 00:00:00
Returning block of 392706 for bucket 19
  Sorting block time: 00:00:00
Returning block of 575457 for bucket 10
Getting block 39 of 179
  Reserving size (662590) for bucket 39
  Calculating Z arrays for bucket 39
  Entering block accumulator loop for bucket 39:
Getting block 40 of 179
  Reserving size (662590) for bucket 40
  Calculating Z arrays for bucket 40
  Entering block accumulator loop for bucket 40:
  bucket 27: 10%
  Sorting block time: 00:00:00
Returning block of 477743 for bucket 20
  Sorting block time: 00:00:00
Returning block of 544918 for bucket 22
  bucket 29: 10%
  bucket 28: 10%
Getting block 41 of 179
  Reserving size (662590) for bucket 41
  Calculating Z arrays for bucket 41
  Entering block accumulator loop for bucket 41:
Getting block 42 of 179
  Reserving size (662590) for bucket 42
  Calculating Z arrays for bucket 42
  Entering block accumulator loop for bucket 42:
  Sorting block time: 00:00:00
Returning block of 625075 for bucket 17
  bucket 31: 10%
Getting block 43 of 179
  Reserving size (662590) for bucket 43
  Calculating Z arrays for bucket 43
  Entering block accumulator loop for bucket 43:
  bucket 30: 10%
  bucket 24: 20%
  bucket 32: 10%
  bucket 33: 10%
  bucket 34: 10%
  bucket 25: 20%
  Sorting block time: 00:00:00
Returning block of 625158 for bucket 23
  bucket 35: 10%
  bucket 26: 20%
  Sorting block time: 00:00:00
Returning block of 608622 for bucket 13
Getting block 44 of 179
  Reserving size (662590) for bucket 44
  Calculating Z arrays for bucket 44
  Entering block accumulator loop for bucket 44:
Getting block 45 of 179
  Reserving size (662590) for bucket 45
  Calculating Z arrays for bucket 45
  Entering block accumulator loop for bucket 45:
  bucket 38: 10%
  bucket 36: 10%
  bucket 37: 10%
  bucket 27: 20%
  Sorting block time: 00:00:00
Returning block of 646460 for bucket 8
  bucket 40: 10%
  bucket 39: 10%
Getting block 46 of 179
  Reserving size (662590) for bucket 46
  Calculating Z arrays for bucket 46
  Entering block accumulator loop for bucket 46:
  bucket 29: 20%
  bucket 28: 20%
  bucket 41: 10%
  bucket 42: 10%
  bucket 31: 20%
  bucket 30: 20%
  bucket 24: 30%
  bucket 43: 10%
  bucket 33: 20%
  bucket 32: 20%
  bucket 34: 20%
  bucket 25: 30%
  bucket 35: 20%
  bucket 26: 30%
  bucket 45: 10%
  bucket 38: 20%
  bucket 44: 10%
  bucket 37: 20%
  bucket 36: 20%
  bucket 27: 30%
  bucket 40: 20%
  bucket 39: 20%
  bucket 29: 30%
  bucket 28: 30%
  bucket 31: 30%
  bucket 46: 10%
  bucket 41: 20%
  bucket 42: 20%
  bucket 24: 40%
  bucket 33: 30%
  bucket 30: 30%
  bucket 43: 20%
  bucket 34: 30%
  bucket 32: 30%
  bucket 26: 40%
  bucket 35: 30%
  bucket 25: 40%
  bucket 38: 30%
  bucket 37: 30%
  bucket 45: 20%
  bucket 36: 30%
  bucket 27: 40%
  bucket 44: 20%
  bucket 29: 40%
  bucket 40: 30%
  bucket 39: 30%
  bucket 28: 40%
  bucket 31: 40%
  bucket 24: 50%
  bucket 41: 30%
  bucket 42: 30%
  bucket 33: 40%
  bucket 46: 20%
  bucket 30: 40%
  bucket 43: 30%
  bucket 26: 50%
  bucket 34: 40%
  bucket 35: 40%
  bucket 25: 50%
  bucket 32: 40%
  bucket 38: 40%
  bucket 37: 40%
  bucket 36: 40%
  bucket 27: 50%
  bucket 45: 30%
  bucket 29: 50%
  bucket 40: 40%
  bucket 31: 50%
  bucket 28: 50%
  bucket 39: 40%
  bucket 24: 60%
  bucket 44: 30%
  bucket 33: 50%
  bucket 41: 40%
  bucket 42: 40%
  bucket 30: 50%
  bucket 26: 60%
  bucket 46: 30%
  bucket 43: 40%
  bucket 35: 50%
  bucket 34: 50%
  bucket 25: 60%
  bucket 32: 50%
  bucket 38: 50%
  bucket 37: 50%
  bucket 27: 60%
  bucket 36: 50%
  bucket 29: 60%
  bucket 45: 40%
  bucket 31: 60%
  bucket 24: 70%
  bucket 28: 60%
  bucket 40: 50%
  bucket 33: 60%
  bucket 39: 50%
  bucket 41: 50%
  bucket 42: 50%
  bucket 44: 40%
  bucket 26: 70%
  bucket 30: 60%
  bucket 35: 60%
  bucket 34: 60%
  bucket 25: 70%
  bucket 43: 50%
  bucket 46: 40%
  bucket 32: 60%
  bucket 38: 60%
  bucket 37: 60%
  bucket 27: 70%
  bucket 29: 70%
  bucket 31: 70%
  bucket 36: 60%
  bucket 24: 80%
  bucket 33: 70%
  bucket 28: 70%
  bucket 45: 50%
  bucket 40: 60%
  bucket 39: 60%
  bucket 41: 60%
  bucket 42: 60%
  bucket 26: 80%
  bucket 35: 70%
  bucket 34: 70%
  bucket 30: 70%
  bucket 44: 50%
  bucket 25: 80%
  bucket 43: 60%
  bucket 46: 50%
  bucket 38: 70%
  bucket 32: 70%
  bucket 37: 70%
  bucket 27: 80%
  bucket 29: 80%
  bucket 31: 80%
  bucket 24: 90%
  bucket 36: 70%
  bucket 33: 80%
  bucket 28: 80%
  bucket 40: 70%
  bucket 45: 60%
  bucket 39: 70%
  bucket 42: 70%
  bucket 41: 70%
  bucket 26: 90%
  bucket 35: 80%
  bucket 34: 80%
  bucket 25: 90%
  bucket 30: 80%
  bucket 43: 70%
  bucket 44: 60%
  bucket 38: 80%
  bucket 37: 80%
  bucket 32: 80%
  bucket 27: 90%
  bucket 46: 60%
  bucket 24: 100%
  Sorting block of length 535805 for bucket 24
  (Using difference cover)
  bucket 29: 90%
  bucket 33: 90%
  bucket 36: 80%
  bucket 31: 90%
  bucket 28: 90%
  bucket 40: 80%
  bucket 26: 100%
  Sorting block of length 616883 for bucket 26
  (Using difference cover)
  bucket 45: 70%
  bucket 39: 80%
  bucket 42: 80%
  bucket 35: 90%
  bucket 41: 80%
  bucket 34: 90%
  bucket 25: 100%
  Sorting block of length 555707 for bucket 25
  (Using difference cover)
  bucket 30: 90%
  bucket 43: 80%
  bucket 38: 90%
  bucket 27: 100%
  Sorting block of length 656274 for bucket 27
  (Using difference cover)
  bucket 37: 90%
  bucket 44: 70%
  bucket 29: 100%
  Sorting block of length 255494 for bucket 29
  (Using difference cover)
  bucket 32: 90%
  bucket 33: 100%
  Sorting block of length 590733 for bucket 33
  (Using difference cover)
  Sorting block time: 00:00:00
Returning block of 535806 for bucket 24
  bucket 46: 70%
  bucket 36: 90%
  bucket 31: 100%
  Sorting block of length 198725 for bucket 31
  (Using difference cover)
Getting block 47 of 179
  Reserving size (662590) for bucket 47
  Calculating Z arrays for bucket 47
  Entering block accumulator loop for bucket 47:
  bucket 28: 100%
  Sorting block of length 609380 for bucket 28
  (Using difference cover)
  bucket 40: 90%
  bucket 35: 100%
  Sorting block of length 452983 for bucket 35
  (Using difference cover)
  bucket 42: 90%
  bucket 39: 90%
  bucket 41: 90%
  bucket 45: 80%
  bucket 34: 100%
  Sorting block of length 624971 for bucket 34
  (Using difference cover)
  Sorting block time: 00:00:01
Returning block of 198726 for bucket 31
  bucket 30: 100%
  Sorting block of length 558219 for bucket 30
  (Using difference cover)
Getting block 48 of 179
  Reserving size (662590) for bucket 48
  Calculating Z arrays for bucket 48
  Entering block accumulator loop for bucket 48:
  bucket 38: 100%
  Sorting block of length 277306 for bucket 38
  (Using difference cover)
  bucket 43: 90%
  Sorting block time: 00:00:01
Returning block of 255495 for bucket 29
Getting block 49 of 179
  Reserving size (662590) for bucket 49
  Calculating Z arrays for bucket 49
  Entering block accumulator loop for bucket 49:
  bucket 37: 100%
  Sorting block of length 417092 for bucket 37
  (Using difference cover)
  Sorting block time: 00:00:01
Returning block of 616884 for bucket 26
Getting block 50 of 179
  Reserving size (662590) for bucket 50
  Calculating Z arrays for bucket 50
  Entering block accumulator loop for bucket 50:
  bucket 32: 100%
  Sorting block of length 649905 for bucket 32
  (Using difference cover)
  bucket 36: 100%
  Sorting block of length 464772 for bucket 36
  (Using difference cover)
  bucket 44: 80%
  Sorting block time: 00:00:01
Returning block of 555708 for bucket 25
  bucket 46: 80%
  bucket 47: 10%
Getting block 51 of 179
  Reserving size (662590) for bucket 51
  Calculating Z arrays for bucket 51
  Entering block accumulator loop for bucket 51:
  bucket 40: 100%
  Sorting block of length 661425 for bucket 40
  (Using difference cover)
  Sorting block time: 00:00:01
Returning block of 590734 for bucket 33
  bucket 39: 100%
  Sorting block of length 623348 for bucket 39
  (Using difference cover)
  bucket 42: 100%
  Sorting block of length 568034 for bucket 42
  (Using difference cover)
  bucket 41: 100%
  Sorting block of length 371770 for bucket 41
  (Using difference cover)
Getting block 52 of 179
  Reserving size (662590) for bucket 52
  Calculating Z arrays for bucket 52
  Entering block accumulator loop for bucket 52:
  Sorting block time: 00:00:00
Returning block of 452984 for bucket 35
  Sorting block time: 00:00:00
Returning block of 277307 for bucket 38
Getting block 53 of 179
  Reserving size (662590) for bucket 53
  Calculating Z arrays for bucket 53
  Entering block accumulator loop for bucket 53:
Getting block 54 of 179
  Reserving size (662590) for bucket 54
  Calculating Z arrays for bucket 54
  Entering block accumulator loop for bucket 54:
  Sorting block time: 00:00:01
Returning block of 656275 for bucket 27
  bucket 45: 90%
  Sorting block time: 00:00:01
Returning block of 609381 for bucket 28
Getting block 55 of 179
  Reserving size (662590) for bucket 55
  Calculating Z arrays for bucket 55
  Entering block accumulator loop for bucket 55:
Getting block 56 of 179
  Reserving size (662590) for bucket 56
  Calculating Z arrays for bucket 56
  Entering block accumulator loop for bucket 56:
  bucket 43: 100%
  Sorting block of length 648995 for bucket 43
  (Using difference cover)
  Sorting block time: 00:00:00
Returning block of 624972 for bucket 34
  Sorting block time: 00:00:00
Returning block of 417093 for bucket 37
  bucket 48: 10%
  bucket 49: 10%
Getting block 57 of 179
  Reserving size (662590) for bucket 57
  Calculating Z arrays for bucket 57
  Entering block accumulator loop for bucket 57:
Getting block 58 of 179
  Reserving size (662590) for bucket 58
  Calculating Z arrays for bucket 58
  Entering block accumulator loop for bucket 58:
  bucket 50: 10%
  Sorting block time: 00:00:00
Returning block of 558220 for bucket 30
  Sorting block time: 00:00:00
Returning block of 464773 for bucket 36
Getting block 59 of 179
  Reserving size (662590) for bucket 59
  Calculating Z arrays for bucket 59
  Entering block accumulator loop for bucket 59:
Getting block 60 of 179
  Reserving size (662590) for bucket 60
  Calculating Z arrays for bucket 60
  Entering block accumulator loop for bucket 60:
  bucket 46: 90%
  bucket 44: 90%
  bucket 47: 20%
  Sorting block time: 00:00:00
Returning block of 371771 for bucket 41
  bucket 51: 10%
Getting block 61 of 179
  Reserving size (662590) for bucket 61
  Calculating Z arrays for bucket 61
  Entering block accumulator loop for bucket 61:
  Sorting block time: 00:00:00
Returning block of 649906 for bucket 32
  bucket 52: 10%
Getting block 62 of 179
  Reserving size (662590) for bucket 62
  Calculating Z arrays for bucket 62
  Entering block accumulator loop for bucket 62:
  bucket 45: 100%
  Sorting block of length 190385 for bucket 45
  (Using difference cover)
  Sorting block time: 00:00:00
Returning block of 568035 for bucket 42
  bucket 54: 10%
  bucket 53: 10%
  Sorting block time: 00:00:00
Returning block of 623349 for bucket 39
Getting block 63 of 179
  Reserving size (662590) for bucket 63
  Calculating Z arrays for bucket 63
  Entering block accumulator loop for bucket 63:
Getting block 64 of 179
  Reserving size (662590) for bucket 64
  Calculating Z arrays for bucket 64
  Entering block accumulator loop for bucket 64:
  bucket 55: 10%
  bucket 56: 10%
  Sorting block time: 00:00:00
Returning block of 661426 for bucket 40
  bucket 48: 20%
  bucket 49: 20%
  bucket 57: 10%
  Sorting block time: 00:00:00
Returning block of 190386 for bucket 45
  Sorting block time: 00:00:00
Returning block of 648996 for bucket 43
  bucket 58: 10%
Getting block 65 of 179
  Reserving size (662590) for bucket 65
  Calculating Z arrays for bucket 65
  Entering block accumulator loop for bucket 65:
Getting block 66 of 179
  Reserving size (662590) for bucket 66
  Calculating Z arrays for bucket 66
  Entering block accumulator loop for bucket 66:
  bucket 50: 20%
Getting block 67 of 179
  Reserving size (662590) for bucket 67
  Calculating Z arrays for bucket 67
  Entering block accumulator loop for bucket 67:
  bucket 46: 100%
  Sorting block of length 541901 for bucket 46
  (Using difference cover)
  bucket 59: 10%
  bucket 47: 30%
  bucket 44: 100%
  Sorting block of length 563857 for bucket 44
  (Using difference cover)
  bucket 60: 10%
  bucket 51: 20%
  bucket 61: 10%
  bucket 52: 20%
  bucket 54: 20%
  bucket 62: 10%
  bucket 53: 20%
  bucket 63: 10%
  bucket 64: 10%
  bucket 56: 20%
  bucket 55: 20%
  bucket 48: 30%
  bucket 49: 30%
  bucket 57: 20%
  bucket 58: 20%
  bucket 50: 30%
  bucket 65: 10%
  bucket 66: 10%
  bucket 67: 10%
  Sorting block time: 00:00:00
Returning block of 541902 for bucket 46
  bucket 59: 20%
  bucket 47: 40%
  Sorting block time: 00:00:00
Returning block of 563858 for bucket 44
  bucket 60: 20%
Getting block 68 of 179
  Reserving size (662590) for bucket 68
  Calculating Z arrays for bucket 68
  Entering block accumulator loop for bucket 68:
Getting block 69 of 179
  Reserving size (662590) for bucket 69
  Calculating Z arrays for bucket 69
  Entering block accumulator loop for bucket 69:
  bucket 51: 30%
  bucket 61: 20%
  bucket 52: 30%
  bucket 54: 30%
  bucket 53: 30%
  bucket 62: 20%
  bucket 63: 20%
  bucket 48: 40%
  bucket 64: 20%
  bucket 56: 30%
  bucket 55: 30%
  bucket 49: 40%
  bucket 58: 30%
  bucket 57: 30%
  bucket 50: 40%
  bucket 65: 20%
  bucket 47: 50%
  bucket 66: 20%
  bucket 60: 30%
  bucket 59: 30%
  bucket 67: 20%
  bucket 68: 10%
  bucket 51: 40%
  bucket 69: 10%
  bucket 52: 40%
  bucket 61: 30%
  bucket 54: 40%
  bucket 53: 40%
  bucket 48: 50%
  bucket 62: 30%
  bucket 63: 30%
  bucket 49: 50%
  bucket 50: 50%
  bucket 56: 40%
  bucket 58: 40%
  bucket 57: 40%
  bucket 64: 30%
  bucket 55: 40%
  bucket 65: 30%
  bucket 47: 60%
  bucket 60: 40%
  bucket 59: 40%
  bucket 66: 30%
  bucket 67: 30%
  bucket 51: 50%
  bucket 68: 20%
  bucket 52: 50%
  bucket 69: 20%
  bucket 61: 40%
  bucket 54: 50%
  bucket 53: 50%
  bucket 48: 60%
  bucket 50: 60%
  bucket 62: 40%
  bucket 49: 60%
  bucket 63: 40%
  bucket 58: 50%
  bucket 57: 50%
  bucket 56: 50%
  bucket 64: 40%
  bucket 55: 50%
  bucket 47: 70%
  bucket 60: 50%
  bucket 65: 40%
  bucket 59: 50%
  bucket 66: 40%
  bucket 67: 40%
  bucket 51: 60%
  bucket 52: 60%
  bucket 68: 30%
  bucket 69: 30%
  bucket 54: 60%
  bucket 61: 50%
  bucket 53: 60%
  bucket 48: 70%
  bucket 50: 70%
  bucket 49: 70%
  bucket 58: 60%
  bucket 57: 60%
  bucket 63: 50%
  bucket 56: 60%
  bucket 64: 50%
  bucket 55: 60%
  bucket 62: 50%
  bucket 47: 80%
  bucket 65: 50%
  bucket 60: 60%
  bucket 59: 60%
  bucket 51: 70%
  bucket 66: 50%
  bucket 67: 50%
  bucket 52: 70%
  bucket 68: 40%
  bucket 54: 70%
  bucket 69: 40%
  bucket 48: 80%
  bucket 53: 70%
  bucket 61: 60%
  bucket 50: 80%
  bucket 49: 80%
  bucket 58: 70%
  bucket 57: 70%
  bucket 63: 60%
  bucket 56: 70%
  bucket 47: 90%
  bucket 64: 60%
  bucket 55: 70%
  bucket 60: 70%
  bucket 62: 60%
  bucket 65: 60%
  bucket 59: 70%
  bucket 51: 80%
  bucket 52: 80%
  bucket 67: 60%
  bucket 66: 60%
  bucket 68: 50%
  bucket 48: 90%
  bucket 54: 80%
  bucket 53: 80%
  bucket 50: 90%
  bucket 69: 50%
  bucket 61: 70%
  bucket 58: 80%
  bucket 49: 90%
  bucket 57: 80%
  bucket 47: 100%
  Sorting block of length 371716 for bucket 47
  (Using difference cover)
  bucket 63: 70%
  bucket 56: 80%
  bucket 60: 80%
  bucket 64: 70%
  bucket 55: 80%
  bucket 65: 70%
  bucket 62: 70%
  bucket 59: 80%
  bucket 52: 90%
  bucket 51: 90%
  bucket 67: 70%
  bucket 66: 70%
  bucket 48: 100%
  Sorting block of length 459766 for bucket 48
  (Using difference cover)
  Sorting block time: 00:00:00
Returning block of 371717 for bucket 47
Getting block 70 of 179
  Reserving size (662590) for bucket 70
  Calculating Z arrays for bucket 70
  Entering block accumulator loop for bucket 70:
  bucket 54: 90%
  bucket 50: 100%
  Sorting block of length 146538 for bucket 50
  (Using difference cover)
  bucket 68: 60%
  bucket 53: 90%
  bucket 69: 60%
  bucket 58: 90%
  bucket 57: 90%
  bucket 49: 100%
  Sorting block of length 521710 for bucket 49
  (Using difference cover)
  bucket 61: 80%
  Sorting block time: 00:00:00
Returning block of 146539 for bucket 50
  bucket 60: 90%
Getting block 71 of 179
  Reserving size (662590) for bucket 71
  Calculating Z arrays for bucket 71
  Entering block accumulator loop for bucket 71:
  bucket 56: 90%
  bucket 63: 80%
  bucket 64: 80%
  bucket 55: 90%
  bucket 65: 80%
  bucket 59: 90%
  bucket 62: 80%
  bucket 52: 100%
  Sorting block of length 351597 for bucket 52
  (Using difference cover)
  Sorting block time: 00:00:00
Returning block of 459767 for bucket 48
  bucket 51: 100%
  Sorting block of length 542749 for bucket 51
  (Using difference cover)
Getting block 72 of 179
  Reserving size (662590) for bucket 72
  Calculating Z arrays for bucket 72
  Entering block accumulator loop for bucket 72:
  bucket 67: 80%
  bucket 66: 80%
  bucket 54: 100%
  Sorting block of length 638935 for bucket 54
  (Using difference cover)
  bucket 70: 10%
  bucket 53: 100%
  Sorting block of length 651868 for bucket 53
  (Using difference cover)
  bucket 68: 70%
  bucket 58: 100%
  Sorting block of length 344082 for bucket 58
  (Using difference cover)
  bucket 57: 100%
  Sorting block of length 540131 for bucket 57
  (Using difference cover)
  bucket 69: 70%
  bucket 61: 90%
  bucket 60: 100%
  Sorting block of length 143854 for bucket 60
  (Using difference cover)
  Sorting block time: 00:00:00
Returning block of 521711 for bucket 49
  Sorting block time: 00:00:00
Returning block of 351598 for bucket 52
Getting block 73 of 179
  Reserving size (662590) for bucket 73
  Calculating Z arrays for bucket 73
  Entering block accumulator loop for bucket 73:
Getting block 74 of 179
  Reserving size (662590) for bucket 74
  Calculating Z arrays for bucket 74
  bucket 56: 100%
  Sorting block of length 597638 for bucket 56
  (Using difference cover)
  Entering block accumulator loop for bucket 74:
  bucket 71: 10%
  bucket 63: 90%
  bucket 64: 90%
  bucket 55: 100%
  Sorting block of length 652874 for bucket 55
  (Using difference cover)
  bucket 65: 90%
  bucket 59: 100%
  Sorting block of length 604874 for bucket 59
  (Using difference cover)
  Sorting block time: 00:00:00
Returning block of 143855 for bucket 60
  bucket 62: 90%
Getting block 75 of 179
  Reserving size (662590) for bucket 75
  Calculating Z arrays for bucket 75
  Entering block accumulator loop for bucket 75:
  bucket 72: 10%
  Sorting block time: 00:00:01
Returning block of 542750 for bucket 51
  bucket 67: 90%
  bucket 66: 90%
Getting block 76 of 179
  Reserving size (662590) for bucket 76
  Calculating Z arrays for bucket 76
  Entering block accumulator loop for bucket 76:
  Sorting block time: 00:00:01
Returning block of 344083 for bucket 58
Getting block 77 of 179
  Reserving size (662590) for bucket 77
  Calculating Z arrays for bucket 77
  Entering block accumulator loop for bucket 77:
  bucket 70: 20%
  bucket 68: 80%
  Sorting block time: 00:00:01
Returning block of 540132 for bucket 57
  Sorting block time: 00:00:01
Returning block of 638936 for bucket 54
  Sorting block time: 00:00:01
Returning block of 651869 for bucket 53
Getting block 78 of 179
  Reserving size (662590) for bucket 78
  Calculating Z arrays for bucket 78
  Entering block accumulator loop for bucket 78:
  bucket 61: 100%
  Sorting block of length 653247 for bucket 61
  (Using difference cover)
  bucket 69: 80%
Getting block 79 of 179
  Reserving size (662590) for bucket 79
  Calculating Z arrays for bucket 79
  Entering block accumulator loop for bucket 79:
Getting block 80 of 179
  Reserving size (662590) for bucket 80
  Calculating Z arrays for bucket 80
  Entering block accumulator loop for bucket 80:
  bucket 63: 100%
  Sorting block of length 526319 for bucket 63
  (Using difference cover)
  Sorting block time: 00:00:01
Returning block of 597639 for bucket 56
  bucket 74: 10%
  bucket 64: 100%
  Sorting block of length 464136 for bucket 64
  (Using difference cover)
  bucket 71: 20%
  bucket 73: 10%
  bucket 65: 100%
  Sorting block of length 456124 for bucket 65
  (Using difference cover)
Getting block 81 of 179
  Reserving size (662590) for bucket 81
  Calculating Z arrays for bucket 81
  Entering block accumulator loop for bucket 81:
  bucket 62: 100%
  Sorting block of length 527884 for bucket 62
  (Using difference cover)
  Sorting block time: 00:00:01
Returning block of 604875 for bucket 59
  bucket 75: 10%
  Sorting block time: 00:00:01
Returning block of 652875 for bucket 55
Getting block 82 of 179
  Reserving size (662590) for bucket 82
  Calculating Z arrays for bucket 82
  Entering block accumulator loop for bucket 82:
  bucket 72: 20%
Getting block 83 of 179
  Reserving size (662590) for bucket 83
  Calculating Z arrays for bucket 83
  Entering block accumulator loop for bucket 83:
  bucket 67: 100%
  Sorting block of length 334575 for bucket 67
  (Using difference cover)
  bucket 76: 10%
  bucket 66: 100%
  Sorting block of length 654949 for bucket 66
  (Using difference cover)
  bucket 77: 10%
  bucket 70: 30%
  bucket 68: 90%
  Sorting block time: 00:00:00
Returning block of 464137 for bucket 64
  bucket 78: 10%
  bucket 69: 90%
Getting block 84 of 179
  Reserving size (662590) for bucket 84
  Calculating Z arrays for bucket 84
  Entering block accumulator loop for bucket 84:
  bucket 80: 10%
  bucket 79: 10%
  Sorting block time: 00:00:00
Returning block of 526320 for bucket 63
  bucket 74: 20%
  bucket 71: 30%
  Sorting block time: 00:00:00
Returning block of 653248 for bucket 61
Getting block 85 of 179
  Reserving size (662590) for bucket 85
  Calculating Z arrays for bucket 85
  Entering block accumulator loop for bucket 85:
  bucket 73: 20%
  Sorting block time: 00:00:00
Returning block of 456125 for bucket 65
  Sorting block time: 00:00:00
Returning block of 334576 for bucket 67
  bucket 81: 10%
Getting block 86 of 179
  Reserving size (662590) for bucket 86
  Calculating Z arrays for bucket 86
  Entering block accumulator loop for bucket 86:
Getting block 87 of 179
  Reserving size (662590) for bucket 87
  Calculating Z arrays for bucket 87
  Entering block accumulator loop for bucket 87:
Getting block 88 of 179
  Reserving size (662590) for bucket 88
  Calculating Z arrays for bucket 88
  Entering block accumulator loop for bucket 88:
  Sorting block time: 00:00:00
Returning block of 527885 for bucket 62
Getting block 89 of 179
  Reserving size (662590) for bucket 89
  Calculating Z arrays for bucket 89
  Entering block accumulator loop for bucket 89:
  bucket 75: 20%
  bucket 72: 30%
  bucket 82: 10%
  bucket 83: 10%
  bucket 76: 20%
  bucket 77: 20%
  bucket 70: 40%
  bucket 68: 100%
  Sorting block of length 562413 for bucket 68
  (Using difference cover)
  bucket 78: 20%
  Sorting block time: 00:00:00
Returning block of 654950 for bucket 66
  bucket 69: 100%
  Sorting block of length 541234 for bucket 69
  (Using difference cover)
  bucket 80: 20%
Getting block 90 of 179
  Reserving size (662590) for bucket 90
  Calculating Z arrays for bucket 90
  Entering block accumulator loop for bucket 90:
  bucket 79: 20%
  bucket 84: 10%
  bucket 74: 30%
  bucket 71: 40%
  bucket 73: 30%
  bucket 85: 10%
  bucket 81: 20%
  bucket 86: 10%
  bucket 87: 10%
  bucket 88: 10%
  bucket 72: 40%
  bucket 75: 30%
  bucket 82: 20%
  bucket 89: 10%
  bucket 76: 30%
  bucket 83: 20%
  bucket 77: 30%
  Sorting block time: 00:00:00
Returning block of 562414 for bucket 68
  bucket 70: 50%
Getting block 91 of 179
  Reserving size (662590) for bucket 91
  Calculating Z arrays for bucket 91
  Entering block accumulator loop for bucket 91:
  Sorting block time: 00:00:00
Returning block of 541235 for bucket 69
Getting block 92 of 179
  Reserving size (662590) for bucket 92
  Calculating Z arrays for bucket 92
  Entering block accumulator loop for bucket 92:
  bucket 78: 30%
  bucket 80: 30%
  bucket 79: 30%
  bucket 71: 50%
  bucket 74: 40%
  bucket 90: 10%
  bucket 84: 20%
  bucket 73: 40%
  bucket 81: 30%
  bucket 85: 20%
  bucket 86: 20%
  bucket 87: 20%
  bucket 88: 20%
  bucket 72: 50%
  bucket 75: 40%
  bucket 82: 30%
  bucket 76: 40%
  bucket 77: 40%
  bucket 83: 30%
  bucket 70: 60%
  bucket 89: 20%
  bucket 91: 10%
  bucket 78: 40%
  bucket 80: 40%
  bucket 92: 10%
  bucket 74: 50%
  bucket 71: 60%
  bucket 79: 40%
  bucket 90: 20%
  bucket 73: 50%
  bucket 81: 40%
  bucket 84: 30%
  bucket 85: 30%
  bucket 86: 30%
  bucket 87: 30%
  bucket 88: 30%
  bucket 76: 50%
  bucket 72: 60%
  bucket 82: 40%
  bucket 75: 50%
  bucket 77: 50%
  bucket 83: 40%
  bucket 70: 70%
  bucket 91: 20%
  bucket 89: 30%
  bucket 78: 50%
  bucket 80: 50%
  bucket 74: 60%
  bucket 71: 70%
  bucket 92: 20%
  bucket 79: 50%
  bucket 90: 30%
  bucket 73: 60%
  bucket 81: 50%
  bucket 84: 40%
  bucket 85: 40%
  bucket 86: 40%
  bucket 87: 40%
  bucket 88: 40%
  bucket 76: 60%
  bucket 72: 70%
  bucket 82: 50%
  bucket 77: 60%
  bucket 75: 60%
  bucket 70: 80%
  bucket 83: 50%
  bucket 91: 30%
  bucket 78: 60%
  bucket 80: 60%
  bucket 71: 80%
  bucket 74: 70%
  bucket 79: 60%
  bucket 92: 30%
  bucket 89: 40%
  bucket 73: 70%
  bucket 81: 60%
  bucket 90: 40%
  bucket 84: 50%
  bucket 86: 50%
  bucket 85: 50%
  bucket 87: 50%
  bucket 88: 50%
  bucket 76: 70%
  bucket 77: 70%
  bucket 82: 60%
  bucket 75: 70%
  bucket 72: 80%
  bucket 70: 90%
  bucket 83: 60%
  bucket 91: 40%
  bucket 78: 70%
  bucket 74: 80%
  bucket 71: 90%
  bucket 80: 70%
  bucket 79: 70%
  bucket 73: 80%
  bucket 92: 40%
  bucket 81: 70%
  bucket 90: 50%
  bucket 89: 50%
  bucket 84: 60%
  bucket 76: 80%
  bucket 86: 60%
  bucket 87: 60%
  bucket 85: 60%
  bucket 88: 60%
  bucket 77: 80%
  bucket 82: 70%
  bucket 72: 90%
  bucket 75: 80%
  bucket 70: 100%
  Sorting block of length 424828 for bucket 70
  (Using difference cover)
  bucket 83: 70%
  bucket 78: 80%
  bucket 74: 90%
  bucket 91: 50%
  bucket 80: 80%
  bucket 71: 100%
  Sorting block of length 311938 for bucket 71
  (Using difference cover)
  bucket 79: 80%
  bucket 73: 90%
  bucket 81: 80%
  bucket 92: 50%
  bucket 90: 60%
  Sorting block time: 00:00:00
Returning block of 424829 for bucket 70
Getting block 93 of 179
  Reserving size (662590) for bucket 93
  Calculating Z arrays for bucket 93
  Entering block accumulator loop for bucket 93:
  bucket 76: 90%
  bucket 89: 60%
  bucket 84: 70%
  bucket 87: 70%
  bucket 86: 70%
  bucket 88: 70%
  bucket 77: 90%
  bucket 85: 70%
  bucket 82: 80%
  bucket 72: 100%
  Sorting block of length 443128 for bucket 72
  (Using difference cover)
  bucket 75: 90%
  Sorting block time: 00:00:00
Returning block of 311939 for bucket 71
Getting block 94 of 179
  Reserving size (662590) for bucket 94
  Calculating Z arrays for bucket 94
  Entering block accumulator loop for bucket 94:
  bucket 83: 80%
  bucket 74: 100%
  Sorting block of length 314644 for bucket 74
  (Using difference cover)
  bucket 78: 90%
  bucket 80: 90%
  bucket 91: 60%
  bucket 79: 90%
  bucket 81: 90%
  bucket 73: 100%
  Sorting block of length 421287 for bucket 73
  (Using difference cover)
  bucket 92: 60%
  bucket 93: 10%
  Sorting block time: 00:00:00
Returning block of 443129 for bucket 72
  bucket 77: 100%
  Sorting block of length 96584 for bucket 77
  (Using difference cover)
  bucket 87: 80%
  bucket 84: 80%
  bucket 86: 80%
Getting block 95 of 179
  Reserving size (662590) for bucket 95
  Calculating Z arrays for bucket 95
  Entering block accumulator loop for bucket 95:
  Sorting block time: 00:00:00
Returning block of 314645 for bucket 74
  bucket 88: 80%
  bucket 85: 80%
Getting block 96 of 179
  Reserving size (662590) for bucket 96
  Calculating Z arrays for bucket 96
  Entering block accumulator loop for bucket 96:
  bucket 90: 70%
  bucket 82: 90%
  bucket 89: 70%
  bucket 76: 100%
  Sorting block of length 54504 for bucket 76
  (Using difference cover)
  Sorting block time: 00:00:00
Returning block of 96585 for bucket 77
Getting block 97 of 179
  Reserving size (662590) for bucket 97
  Calculating Z arrays for bucket 97
  Entering block accumulator loop for bucket 97:
  bucket 75: 100%
  Sorting block of length 646857 for bucket 75
  (Using difference cover)
  bucket 94: 10%
  Sorting block time: 00:00:00
Returning block of 54505 for bucket 76
Getting block 98 of 179
  Reserving size (662590) for bucket 98
  Calculating Z arrays for bucket 98
  Entering block accumulator loop for bucket 98:
  bucket 83: 90%
  bucket 80: 100%
  Sorting block of length 462698 for bucket 80
  (Using difference cover)
  bucket 78: 100%
  Sorting block of length 573484 for bucket 78
  (Using difference cover)
  Sorting block time: 00:00:00
Returning block of 421288 for bucket 73
  bucket 91: 70%
Getting block 99 of 179
  Reserving size (662590) for bucket 99
  Calculating Z arrays for bucket 99
  Entering block accumulator loop for bucket 99:
  bucket 79: 100%
  Sorting block of length 533102 for bucket 79
  (Using difference cover)
  bucket 81: 100%
  Sorting block of length 480428 for bucket 81
  (Using difference cover)
  bucket 92: 70%
  bucket 93: 20%
  bucket 87: 90%
  bucket 86: 90%
  bucket 88: 90%
  bucket 96: 10%
  bucket 84: 90%
  bucket 85: 90%
  bucket 82: 100%
  Sorting block of length 345167 for bucket 82
  (Using difference cover)
  bucket 95: 10%
  bucket 90: 80%
  bucket 89: 80%
  bucket 97: 10%
  Sorting block time: 00:00:01
Returning block of 462699 for bucket 80
  bucket 94: 20%
  bucket 98: 10%
Getting block 100 of 179
  Reserving size (662590) for bucket 100
  Calculating Z arrays for bucket 100
  Entering block accumulator loop for bucket 100:
  bucket 83: 100%
  Sorting block of length 388583 for bucket 83
  (Using difference cover)
  Sorting block time: 00:00:01
Returning block of 646858 for bucket 75
  bucket 91: 80%
Getting block 101 of 179
  Reserving size (662590) for bucket 101
  Calculating Z arrays for bucket 101
  Entering block accumulator loop for bucket 101:
  Sorting block time: 00:00:01
Returning block of 573485 for bucket 78
  Sorting block time: 00:00:01
Returning block of 480429 for bucket 81
Getting block 102 of 179
  Reserving size (662590) for bucket 102
  Calculating Z arrays for bucket 102
  Entering block accumulator loop for bucket 102:
  bucket 99: 10%
  Sorting block time: 00:00:01
Returning block of 533103 for bucket 79
Getting block 103 of 179
  Reserving size (662590) for bucket 103
  Calculating Z arrays for bucket 103
  Entering block accumulator loop for bucket 103:
Getting block 104 of 179
  Reserving size (662590) for bucket 104
  Calculating Z arrays for bucket 104
  Entering block accumulator loop for bucket 104:
  bucket 92: 80%
  Sorting block time: 00:00:00
Returning block of 345168 for bucket 82
Getting block 105 of 179
  Reserving size (662590) for bucket 105
  Calculating Z arrays for bucket 105
  Entering block accumulator loop for bucket 105:
  bucket 93: 30%
  Sorting block time: 00:00:00
Returning block of 388584 for bucket 83
  bucket 88: 100%
  Sorting block of length 589448 for bucket 88
  (Using difference cover)
  bucket 86: 100%
  Sorting block of length 503886 for bucket 86
  (Using difference cover)
  bucket 87: 100%
  Sorting block of length 593379 for bucket 87
  (Using difference cover)
  bucket 96: 20%
Getting block 106 of 179
  Reserving size (662590) for bucket 106
  Calculating Z arrays for bucket 106
  Entering block accumulator loop for bucket 106:
  bucket 85: 100%
  Sorting block of length 644868 for bucket 85
  (Using difference cover)
  bucket 84: 100%
  Sorting block of length 323662 for bucket 84
  (Using difference cover)
  bucket 90: 90%
  bucket 95: 20%
  bucket 98: 20%
  bucket 94: 30%
  bucket 97: 20%
  bucket 89: 90%
  bucket 100: 10%
  bucket 91: 90%
  bucket 101: 10%
  bucket 99: 20%
  bucket 103: 10%
  bucket 102: 10%
  bucket 104: 10%
  Sorting block time: 00:00:00
Returning block of 323663 for bucket 84
Getting block 107 of 179
  Reserving size (662590) for bucket 107
  Calculating Z arrays for bucket 107
  Entering block accumulator loop for bucket 107:
  bucket 92: 90%
  bucket 93: 40%
  Sorting block time: 00:00:00
Returning block of 503887 for bucket 86
  bucket 105: 10%
Getting block 108 of 179
  Reserving size (662590) for bucket 108
  Calculating Z arrays for bucket 108
  Entering block accumulator loop for bucket 108:
  Sorting block time: 00:00:00
Returning block of 593380 for bucket 87
  bucket 96: 30%
  Sorting block time: 00:00:00
Returning block of 589449 for bucket 88
Getting block 109 of 179
  Reserving size (662590) for bucket 109
  Calculating Z arrays for bucket 109
  Entering block accumulator loop for bucket 109:
  bucket 90: 100%
  Sorting block of length 578060 for bucket 90
  (Using difference cover)
Getting block 110 of 179
  Reserving size (662590) for bucket 110
  Calculating Z arrays for bucket 110
  Entering block accumulator loop for bucket 110:
  bucket 106: 10%
  bucket 95: 30%
  Sorting block time: 00:00:00
Returning block of 644869 for bucket 85
Getting block 111 of 179
  Reserving size (662590) for bucket 111
  Calculating Z arrays for bucket 111
  Entering block accumulator loop for bucket 111:
  bucket 98: 30%
  bucket 94: 40%
  bucket 97: 30%
  bucket 100: 20%
  bucket 91: 100%
  Sorting block of length 338613 for bucket 91
  (Using difference cover)
  bucket 89: 100%
  Sorting block of length 545371 for bucket 89
  (Using difference cover)
  bucket 101: 20%
  bucket 99: 30%
  bucket 103: 20%
  bucket 102: 20%
  bucket 104: 20%
  bucket 92: 100%
  Sorting block of length 565738 for bucket 92
  (Using difference cover)
  bucket 107: 10%
  bucket 93: 50%
  Sorting block time: 00:00:00
Returning block of 338614 for bucket 91
Getting block 112 of 179
  Reserving size (662590) for bucket 112
  Calculating Z arrays for bucket 112
  Entering block accumulator loop for bucket 112:
  bucket 105: 20%
  bucket 108: 10%
  bucket 96: 40%
  Sorting block time: 00:00:00
Returning block of 578061 for bucket 90
Getting block 113 of 179
  Reserving size (662590) for bucket 113
  Calculating Z arrays for bucket 113
  Entering block accumulator loop for bucket 113:
  bucket 109: 10%
  bucket 110: 10%
  bucket 95: 40%
  bucket 106: 20%
  bucket 94: 50%
  bucket 98: 40%
  Sorting block time: 00:00:00
Returning block of 545372 for bucket 89
  bucket 111: 10%
  bucket 97: 40%
Getting block 114 of 179
  Reserving size (662590) for bucket 114
  Calculating Z arrays for bucket 114
  Entering block accumulator loop for bucket 114:
  bucket 100: 30%
  bucket 99: 40%
  bucket 101: 30%
  bucket 103: 30%
  Sorting block time: 00:00:00
Returning block of 565739 for bucket 92
  bucket 102: 30%
Getting block 115 of 179
  Reserving size (662590) for bucket 115
  Calculating Z arrays for bucket 115
  Entering block accumulator loop for bucket 115:
  bucket 104: 30%
  bucket 107: 20%
  bucket 93: 60%
  bucket 96: 50%
  bucket 112: 10%
  bucket 108: 20%
  bucket 105: 30%
  bucket 109: 20%
  bucket 113: 10%
  bucket 110: 20%
  bucket 95: 50%
  bucket 98: 50%
  bucket 94: 60%
  bucket 106: 30%
  bucket 111: 20%
  bucket 97: 50%
  bucket 114: 10%
  bucket 100: 40%
  bucket 99: 50%
  bucket 103: 40%
  bucket 101: 40%
  bucket 102: 40%
  bucket 115: 10%
  bucket 104: 40%
  bucket 107: 30%
  bucket 93: 70%
  bucket 96: 60%
  bucket 108: 30%
  bucket 112: 20%
  bucket 105: 40%
  bucket 109: 30%
  bucket 110: 30%
  bucket 113: 20%
  bucket 95: 60%
  bucket 98: 60%
  bucket 94: 70%
  bucket 106: 40%
  bucket 111: 30%
  bucket 97: 60%
  bucket 100: 50%
  bucket 114: 20%
  bucket 99: 60%
  bucket 103: 50%
  bucket 101: 50%
  bucket 115: 20%
  bucket 102: 50%
  bucket 104: 50%
  bucket 93: 80%
  bucket 107: 40%
  bucket 96: 70%
  bucket 108: 40%
  bucket 112: 30%
  bucket 105: 50%
  bucket 109: 40%
  bucket 98: 70%
  bucket 95: 70%
  bucket 94: 80%
  bucket 110: 40%
  bucket 113: 30%
  bucket 106: 50%
  bucket 97: 70%
  bucket 111: 40%
  bucket 100: 60%
  bucket 114: 30%
  bucket 99: 70%
  bucket 103: 60%
  bucket 101: 60%
  bucket 115: 30%
  bucket 102: 60%
  bucket 93: 90%
  bucket 104: 60%
  bucket 107: 50%
  bucket 96: 80%
  bucket 108: 50%
  bucket 112: 40%
  bucket 105: 60%
  bucket 109: 50%
  bucket 98: 80%
  bucket 94: 90%
  bucket 95: 80%
  bucket 110: 50%
  bucket 113: 40%
  bucket 97: 80%
  bucket 111: 50%
  bucket 100: 70%
  bucket 106: 60%
  bucket 114: 40%
  bucket 99: 80%
  bucket 115: 40%
  bucket 103: 70%
  bucket 101: 70%
  bucket 102: 70%
  bucket 93: 100%
  Sorting block of length 362335 for bucket 93
  (Using difference cover)
  bucket 96: 90%
  bucket 107: 60%
  bucket 104: 70%
  bucket 108: 60%
  bucket 112: 50%
  bucket 98: 90%
  bucket 94: 100%
  Sorting block of length 390514 for bucket 94
  (Using difference cover)
  bucket 109: 60%
  bucket 105: 70%
  bucket 95: 90%
  bucket 110: 60%
  Sorting block time: 00:00:00
Returning block of 362336 for bucket 93
  bucket 113: 50%
Getting block 116 of 179
  Reserving size (662590) for bucket 116
  Calculating Z arrays for bucket 116
  Entering block accumulator loop for bucket 116:
  bucket 97: 90%
  bucket 111: 60%
  bucket 100: 80%
  bucket 106: 70%
  bucket 99: 90%
  bucket 114: 50%
  bucket 115: 50%
  bucket 103: 80%
  bucket 101: 80%
  bucket 102: 80%
  bucket 96: 100%
  Sorting block of length 399299 for bucket 96
  (Using difference cover)
  Sorting block time: 00:00:00
Returning block of 390515 for bucket 94
  bucket 107: 70%
  bucket 104: 80%
Getting block 117 of 179
  Reserving size (662590) for bucket 117
  Calculating Z arrays for bucket 117
  Entering block accumulator loop for bucket 117:
  bucket 108: 70%
  bucket 112: 60%
  bucket 98: 100%
  Sorting block of length 346713 for bucket 98
  (Using difference cover)
  bucket 109: 70%
  bucket 95: 100%
  Sorting block of length 644210 for bucket 95
  (Using difference cover)
  bucket 105: 80%
  bucket 110: 70%
  bucket 116: 10%
  bucket 113: 60%
  bucket 97: 100%
  Sorting block of length 637413 for bucket 97
  (Using difference cover)
  Sorting block time: 00:00:00
Returning block of 399300 for bucket 96
  bucket 100: 90%
  bucket 111: 70%
Getting block 118 of 179
  Reserving size (662590) for bucket 118
  Calculating Z arrays for bucket 118
  Entering block accumulator loop for bucket 118:
  bucket 99: 100%
  Sorting block of length 518602 for bucket 99
  (Using difference cover)
  bucket 106: 80%
  bucket 115: 60%
  bucket 114: 60%
  bucket 103: 90%
  bucket 101: 90%
  bucket 102: 90%
  Sorting block time: 00:00:00
Returning block of 346714 for bucket 98
Getting block 119 of 179
  Reserving size (662590) for bucket 119
  Calculating Z arrays for bucket 119
  Entering block accumulator loop for bucket 119:
  bucket 107: 80%
  bucket 117: 10%
  bucket 104: 90%
  bucket 108: 80%
  bucket 112: 70%
  bucket 109: 80%
  bucket 105: 90%
  Sorting block time: 00:00:01
Returning block of 644211 for bucket 95
  bucket 110: 80%
  bucket 116: 20%
Getting block 120 of 179
  Reserving size (662590) for bucket 120
  Calculating Z arrays for bucket 120
  Entering block accumulator loop for bucket 120:
  bucket 113: 70%
  Sorting block time: 00:00:01
Returning block of 637414 for bucket 97
  bucket 118: 10%
  bucket 100: 100%
  Sorting block of length 564792 for bucket 100
  (Using difference cover)
Getting block 121 of 179
  Reserving size (662590) for bucket 121
  Calculating Z arrays for bucket 121
  Entering block accumulator loop for bucket 121:
  Sorting block time: 00:00:01
Returning block of 518603 for bucket 99
  bucket 111: 80%
  bucket 115: 70%
Getting block 122 of 179
  Reserving size (662590) for bucket 122
  Calculating Z arrays for bucket 122
  Entering block accumulator loop for bucket 122:
  bucket 106: 90%
  bucket 103: 100%
  Sorting block of length 286736 for bucket 103
  (Using difference cover)
  bucket 114: 70%
  bucket 101: 100%
  Sorting block of length 348869 for bucket 101
  (Using difference cover)
  bucket 119: 10%
  bucket 102: 100%
  Sorting block of length 630949 for bucket 102
  (Using difference cover)
  bucket 107: 90%
  bucket 117: 20%
  bucket 104: 100%
  Sorting block of length 495765 for bucket 104
  (Using difference cover)
  bucket 108: 90%
  bucket 112: 80%
  Sorting block time: 00:00:00
Returning block of 286737 for bucket 103
  bucket 109: 90%
Getting block 123 of 179
  Reserving size (662590) for bucket 123
  Calculating Z arrays for bucket 123
  Entering block accumulator loop for bucket 123:
  bucket 116: 30%
  bucket 110: 90%
  bucket 105: 100%
  Sorting block of length 541081 for bucket 105
  (Using difference cover)
  Sorting block time: 00:00:00
Returning block of 348870 for bucket 101
  bucket 120: 10%
Getting block 124 of 179
  Reserving size (662590) for bucket 124
  Calculating Z arrays for bucket 124
  Entering block accumulator loop for bucket 124:
  bucket 118: 20%
  Sorting block time: 00:00:00
Returning block of 564793 for bucket 100
  bucket 113: 80%
  bucket 121: 10%
Getting block 125 of 179
  Reserving size (662590) for bucket 125
  Calculating Z arrays for bucket 125
  Entering block accumulator loop for bucket 125:
  bucket 115: 80%
  bucket 111: 90%
  bucket 122: 10%
  bucket 114: 80%
  bucket 106: 100%
  Sorting block of length 446369 for bucket 106
  (Using difference cover)
  bucket 119: 20%
  Sorting block time: 00:00:00
Returning block of 495766 for bucket 104
  Sorting block time: 00:00:00
Returning block of 630950 for bucket 102
Getting block 126 of 179
  Reserving size (662590) for bucket 126
  Calculating Z arrays for bucket 126
  Entering block accumulator loop for bucket 126:
Getting block 127 of 179
  Reserving size (662590) for bucket 127
  Calculating Z arrays for bucket 127
  Entering block accumulator loop for bucket 127:
  bucket 107: 100%
  Sorting block of length 256614 for bucket 107
  (Using difference cover)
  bucket 117: 30%
  bucket 108: 100%
  Sorting block of length 418196 for bucket 108
  (Using difference cover)
  bucket 112: 90%
  bucket 123: 10%
  bucket 109: 100%
  Sorting block of length 485067 for bucket 109
  (Using difference cover)
  Sorting block time: 00:00:00
Returning block of 541082 for bucket 105
  bucket 116: 40%
  Sorting block time: 00:00:00
Returning block of 256615 for bucket 107
Getting block 128 of 179
  Reserving size (662590) for bucket 128
  Calculating Z arrays for bucket 128
  Entering block accumulator loop for bucket 128:
Getting block 129 of 179
  Reserving size (662590) for bucket 129
  Calculating Z arrays for bucket 129
  Entering block accumulator loop for bucket 129:
  bucket 110: 100%
  Sorting block of length 331826 for bucket 110
  (Using difference cover)
  bucket 124: 10%
  bucket 118: 30%
  bucket 121: 20%
  bucket 120: 20%
  bucket 113: 90%
  bucket 125: 10%
  Sorting block time: 00:00:00
Returning block of 446370 for bucket 106
  bucket 115: 90%
  bucket 122: 20%
Getting block 130 of 179
  Reserving size (662590) for bucket 130
  Calculating Z arrays for bucket 130
  Entering block accumulator loop for bucket 130:
  bucket 111: 100%
  Sorting block of length 445530 for bucket 111
  (Using difference cover)
  bucket 114: 90%
  bucket 119: 30%
  Sorting block time: 00:00:00
Returning block of 418197 for bucket 108
Getting block 131 of 179
  Reserving size (662590) for bucket 131
  Calculating Z arrays for bucket 131
  Entering block accumulator loop for bucket 131:
  Sorting block time: 00:00:00
Returning block of 331827 for bucket 110
  bucket 126: 10%
Getting block 132 of 179
  Reserving size (662590) for bucket 132
  Calculating Z arrays for bucket 132
  Entering block accumulator loop for bucket 132:
  bucket 127: 10%
  bucket 117: 40%
  Sorting block time: 00:00:00
Returning block of 485068 for bucket 109
Getting block 133 of 179
  Reserving size (662590) for bucket 133
  Calculating Z arrays for bucket 133
  Entering block accumulator loop for bucket 133:
  bucket 123: 20%
  bucket 112: 100%
  Sorting block of length 338735 for bucket 112
  (Using difference cover)
  bucket 116: 50%
  bucket 118: 40%
  bucket 124: 20%
  bucket 129: 10%
  bucket 128: 10%
  Sorting block time: 00:00:00
Returning block of 445531 for bucket 111
  bucket 121: 30%
Getting block 134 of 179
  Reserving size (662590) for bucket 134
  Calculating Z arrays for bucket 134
  Entering block accumulator loop for bucket 134:
  bucket 120: 30%
  bucket 122: 30%
  bucket 115: 100%
  Sorting block of length 659782 for bucket 115
  (Using difference cover)
  bucket 125: 20%
  bucket 113: 100%
  Sorting block of length 452815 for bucket 113
  (Using difference cover)
  bucket 130: 10%
  bucket 119: 40%
  bucket 114: 100%
  Sorting block of length 501380 for bucket 114
  (Using difference cover)
  Sorting block time: 00:00:00
Returning block of 338736 for bucket 112
  bucket 131: 10%
Getting block 135 of 179
  Reserving size (662590) for bucket 135
  Calculating Z arrays for bucket 135
  Entering block accumulator loop for bucket 135:
  bucket 132: 10%
  bucket 117: 50%
  bucket 127: 20%
  bucket 126: 20%
  bucket 123: 30%
  bucket 133: 10%
  bucket 116: 60%
  bucket 118: 50%
  bucket 134: 10%
  bucket 124: 30%
  bucket 121: 40%
  bucket 129: 20%
  Sorting block time: 00:00:00
Returning block of 452816 for bucket 113
  bucket 128: 20%
  bucket 120: 40%
Getting block 136 of 179
  Reserving size (662590) for bucket 136
  Calculating Z arrays for bucket 136
  Entering block accumulator loop for bucket 136:
  bucket 122: 40%
  Sorting block time: 00:00:00
Returning block of 659783 for bucket 115
  bucket 125: 30%
  Sorting block time: 00:00:00
Returning block of 501381 for bucket 114
Getting block 137 of 179
  Reserving size (662590) for bucket 137
  Calculating Z arrays for bucket 137
  Entering block accumulator loop for bucket 137:
Getting block 138 of 179
  Reserving size (662590) for bucket 138
  Calculating Z arrays for bucket 138
  Entering block accumulator loop for bucket 138:
  bucket 130: 20%
  bucket 119: 50%
  bucket 135: 10%
  bucket 131: 20%
  bucket 132: 20%
  bucket 117: 60%
  bucket 127: 30%
  bucket 126: 30%
  bucket 123: 40%
  bucket 116: 70%
  bucket 134: 20%
  bucket 133: 20%
  bucket 118: 60%
  bucket 124: 40%
  bucket 121: 50%
  bucket 136: 10%
  bucket 120: 50%
  bucket 129: 30%
  bucket 122: 50%
  bucket 128: 30%
  bucket 137: 10%
  bucket 138: 10%
  bucket 125: 40%
  bucket 130: 30%
  bucket 119: 60%
  bucket 135: 20%
  bucket 132: 30%
  bucket 117: 70%
  bucket 131: 30%
  bucket 127: 40%
  bucket 126: 40%
  bucket 134: 30%
  bucket 123: 50%
  bucket 116: 80%
  bucket 118: 70%
  bucket 136: 20%
  bucket 121: 60%
  bucket 124: 50%
  bucket 133: 30%
  bucket 120: 60%
  bucket 138: 20%
  bucket 122: 60%
  bucket 137: 20%
  bucket 129: 40%
  bucket 128: 40%
  bucket 125: 50%
  bucket 119: 70%
  bucket 135: 30%
  bucket 130: 40%
  bucket 117: 80%
  bucket 132: 40%
  bucket 127: 50%
  bucket 131: 40%
  bucket 134: 40%
  bucket 126: 50%
  bucket 123: 60%
  bucket 116: 90%
  bucket 118: 80%
  bucket 136: 30%
  bucket 121: 70%
  bucket 138: 30%
  bucket 124: 60%
  bucket 137: 30%
  bucket 120: 70%
  bucket 122: 70%
  bucket 133: 40%
  bucket 129: 50%
  bucket 125: 60%
  bucket 128: 50%
  bucket 135: 40%
  bucket 119: 80%
  bucket 130: 50%
  bucket 134: 50%
  bucket 132: 50%
  bucket 117: 90%
  bucket 127: 60%
  bucket 131: 50%
  bucket 123: 70%
  bucket 126: 60%
  bucket 136: 40%
  bucket 116: 100%
  Sorting block of length 158621 for bucket 116
  (Using difference cover)
  bucket 118: 90%
  bucket 138: 40%
  bucket 121: 80%
  bucket 137: 40%
  bucket 124: 70%
  bucket 120: 80%
  bucket 122: 80%
  Sorting block time: 00:00:00
Returning block of 158622 for bucket 116
Getting block 139 of 179
  Reserving size (662590) for bucket 139
  Calculating Z arrays for bucket 139
  Entering block accumulator loop for bucket 139:
  bucket 129: 60%
  bucket 135: 50%
  bucket 133: 50%
  bucket 125: 70%
  bucket 119: 90%
  bucket 128: 60%
  bucket 130: 60%
  bucket 134: 60%
  bucket 132: 60%
  bucket 117: 100%
  Sorting block of length 624165 for bucket 117
  (Using difference cover)
  bucket 127: 70%
  bucket 136: 50%
  bucket 131: 60%
  bucket 123: 80%
  bucket 138: 50%
  bucket 118: 100%
  Sorting block of length 258406 for bucket 118
  (Using difference cover)
  bucket 126: 70%
  bucket 137: 50%
  bucket 121: 90%
  bucket 124: 80%
  bucket 120: 90%
  bucket 122: 90%
  bucket 139: 10%
  bucket 135: 60%
  bucket 129: 70%
  bucket 125: 80%
  Sorting block time: 00:00:00
Returning block of 258407 for bucket 118
Getting block 140 of 179
  Reserving size (662590) for bucket 140
  Calculating Z arrays for bucket 140
  Entering block accumulator loop for bucket 140:
  bucket 119: 100%
  Sorting block of length 581439 for bucket 119
  (Using difference cover)
  bucket 133: 60%
  bucket 128: 70%
  bucket 134: 70%
  bucket 130: 70%
  Sorting block time: 00:00:00
Returning block of 624166 for bucket 117
  bucket 136: 60%
  bucket 132: 70%
  bucket 127: 80%
  bucket 138: 60%
Getting block 141 of 179
  Reserving size (662590) for bucket 141
  Calculating Z arrays for bucket 141
  Entering block accumulator loop for bucket 141:
  bucket 123: 90%
  bucket 137: 60%
  bucket 131: 70%
  bucket 121: 100%
  Sorting block of length 649302 for bucket 121
  (Using difference cover)
  bucket 126: 80%
  bucket 139: 20%
  bucket 135: 70%
  bucket 122: 100%
  Sorting block of length 424517 for bucket 122
  (Using difference cover)
  bucket 120: 100%
  Sorting block of length 363628 for bucket 120
  (Using difference cover)
  bucket 124: 90%
  bucket 140: 10%
  Sorting block time: 00:00:01
Returning block of 581440 for bucket 119
  bucket 125: 90%
  bucket 129: 80%
Getting block 142 of 179
  Reserving size (662590) for bucket 142
  Calculating Z arrays for bucket 142
  Entering block accumulator loop for bucket 142:
  bucket 134: 80%
  bucket 133: 70%
  bucket 128: 80%
  bucket 130: 80%
  bucket 136: 70%
  bucket 138: 70%
  Sorting block time: 00:00:01
Returning block of 363629 for bucket 120
  bucket 132: 80%
Getting block 143 of 179
  Reserving size (662590) for bucket 143
  Calculating Z arrays for bucket 143
  Entering block accumulator loop for bucket 143:
  bucket 141: 10%
  bucket 137: 70%
  bucket 127: 90%
  bucket 123: 100%
  Sorting block of length 625181 for bucket 123
  (Using difference cover)
  Sorting block time: 00:00:01
Returning block of 424518 for bucket 122
Getting block 144 of 179
  Reserving size (662590) for bucket 144
  Calculating Z arrays for bucket 144
  Entering block accumulator loop for bucket 144:
  bucket 131: 80%
  Sorting block time: 00:00:01
Returning block of 649303 for bucket 121
  bucket 139: 30%
  bucket 135: 80%
Getting block 145 of 179
  Reserving size (662590) for bucket 145
  Calculating Z arrays for bucket 145
  Entering block accumulator loop for bucket 145:
  bucket 126: 90%
  bucket 124: 100%
  Sorting block of length 338335 for bucket 124
  (Using difference cover)
  bucket 140: 20%
  bucket 134: 90%
  bucket 142: 10%
  bucket 125: 100%
  Sorting block of length 613138 for bucket 125
  (Using difference cover)
  bucket 129: 90%
  bucket 128: 90%
  bucket 133: 80%
  bucket 136: 80%
  bucket 130: 90%
  bucket 138: 80%
  Sorting block time: 00:00:00
Returning block of 338336 for bucket 124
  bucket 137: 80%
  bucket 141: 20%
Getting block 146 of 179
  Reserving size (662590) for bucket 146
  Calculating Z arrays for bucket 146
  Entering block accumulator loop for bucket 146:
  bucket 143: 10%
  bucket 132: 90%
  bucket 127: 100%
  Sorting block of length 329025 for bucket 127
  (Using difference cover)
  Sorting block time: 00:00:00
Returning block of 625182 for bucket 123
  bucket 144: 10%
  bucket 139: 40%
  bucket 135: 90%
Getting block 147 of 179
  Reserving size (662590) for bucket 147
  Calculating Z arrays for bucket 147
  Entering block accumulator loop for bucket 147:
  bucket 131: 90%
  bucket 145: 10%
  bucket 140: 30%
  bucket 126: 100%
  Sorting block of length 659852 for bucket 126
  (Using difference cover)
  bucket 134: 100%
  Sorting block of length 475378 for bucket 134
  (Using difference cover)
  bucket 142: 20%
  Sorting block time: 00:00:00
Returning block of 613139 for bucket 125
Getting block 148 of 179
  Reserving size (662590) for bucket 148
  Calculating Z arrays for bucket 148
  Entering block accumulator loop for bucket 148:
  Sorting block time: 00:00:00
Returning block of 329026 for bucket 127
  bucket 129: 100%
  Sorting block of length 520409 for bucket 129
  (Using difference cover)
Getting block 149 of 179
  Reserving size (662590) for bucket 149
  Calculating Z arrays for bucket 149
  Entering block accumulator loop for bucket 149:
  bucket 136: 90%
  bucket 138: 90%
  bucket 128: 100%
  Sorting block of length 540993 for bucket 128
  (Using difference cover)
  bucket 133: 90%
  bucket 137: 90%
  bucket 130: 100%
  Sorting block of length 333269 for bucket 130
  (Using difference cover)
  bucket 141: 30%
  bucket 146: 10%
  bucket 143: 20%
  bucket 139: 50%
  bucket 132: 100%
  Sorting block of length 175237 for bucket 132
  (Using difference cover)
  bucket 135: 100%
  Sorting block of length 546065 for bucket 135
  (Using difference cover)
  bucket 144: 20%
  Sorting block time: 00:00:00
Returning block of 475379 for bucket 134
  bucket 147: 10%
  bucket 140: 40%
Getting block 150 of 179
  Reserving size (662590) for bucket 150
  Calculating Z arrays for bucket 150
  Entering block accumulator loop for bucket 150:
  bucket 145: 20%
  bucket 131: 100%
  Sorting block of length 510736 for bucket 131
  (Using difference cover)
  bucket 142: 30%
  Sorting block time: 00:00:00
Returning block of 175238 for bucket 132
Getting block 151 of 179
  Reserving size (662590) for bucket 151
  Calculating Z arrays for bucket 151
  Entering block accumulator loop for bucket 151:
  Sorting block time: 00:00:00
Returning block of 659853 for bucket 126
  Sorting block time: 00:00:00
Returning block of 333270 for bucket 130
Getting block 152 of 179
  Reserving size (662590) for bucket 152
  Calculating Z arrays for bucket 152
  Entering block accumulator loop for bucket 152:
Getting block 153 of 179
  Reserving size (662590) for bucket 153
  Calculating Z arrays for bucket 153
  Entering block accumulator loop for bucket 153:
  bucket 148: 10%
  Sorting block time: 00:00:00
Returning block of 520410 for bucket 129
  bucket 136: 100%
  Sorting block of length 602465 for bucket 136
  (Using difference cover)
  bucket 138: 100%
  Sorting block of length 417647 for bucket 138
  (Using difference cover)
  bucket 149: 10%
Getting block 154 of 179
  Reserving size (662590) for bucket 154
  Calculating Z arrays for bucket 154
  Entering block accumulator loop for bucket 154:
  Sorting block time: 00:00:00
Returning block of 540994 for bucket 128
  bucket 137: 100%
  Sorting block of length 608487 for bucket 137
  (Using difference cover)
Getting block 155 of 179
  Reserving size (662590) for bucket 155
  Calculating Z arrays for bucket 155
  Entering block accumulator loop for bucket 155:
  Sorting block time: 00:00:00
Returning block of 546066 for bucket 135
  bucket 141: 40%
Getting block 156 of 179
  Reserving size (662590) for bucket 156
  Calculating Z arrays for bucket 156
  Entering block accumulator loop for bucket 156:
  bucket 133: 100%
  Sorting block of length 649684 for bucket 133
  (Using difference cover)
  bucket 143: 30%
  bucket 139: 60%
  bucket 146: 20%
  bucket 144: 30%
  bucket 140: 50%
  bucket 147: 20%
  Sorting block time: 00:00:00
Returning block of 510737 for bucket 131
  bucket 150: 10%
  bucket 145: 30%
Getting block 157 of 179
  Reserving size (662590) for bucket 157
  Calculating Z arrays for bucket 157
  Entering block accumulator loop for bucket 157:
  bucket 142: 40%
  Sorting block time: 00:00:00
Returning block of 417648 for bucket 138
Getting block 158 of 179
  Reserving size (662590) for bucket 158
  Calculating Z arrays for bucket 158
  Entering block accumulator loop for bucket 158:
  bucket 151: 10%
  bucket 152: 10%
  bucket 153: 10%
  bucket 148: 20%
  Sorting block time: 00:00:00
Returning block of 602466 for bucket 136
  bucket 149: 20%
  Sorting block time: 00:00:00
Returning block of 608488 for bucket 137
Getting block 159 of 179
  Reserving size (662590) for bucket 159
  Calculating Z arrays for bucket 159
  Entering block accumulator loop for bucket 159:
Getting block 160 of 179
  Reserving size (662590) for bucket 160
  Calculating Z arrays for bucket 160
  Entering block accumulator loop for bucket 160:
  bucket 155: 10%
  bucket 139: 70%
  bucket 141: 50%
  bucket 154: 10%
  bucket 156: 10%
  bucket 143: 40%
  bucket 146: 30%
  bucket 140: 60%
  bucket 144: 40%
  bucket 147: 30%
  Sorting block time: 00:00:00
Returning block of 649685 for bucket 133
  bucket 150: 20%
Getting block 161 of 179
  Reserving size (662590) for bucket 161
  Calculating Z arrays for bucket 161
  Entering block accumulator loop for bucket 161:
  bucket 145: 40%
  bucket 157: 10%
  bucket 142: 50%
  bucket 158: 10%
  bucket 151: 20%
  bucket 153: 20%
  bucket 152: 20%
  bucket 148: 30%
  bucket 149: 30%
  bucket 159: 10%
  bucket 160: 10%
  bucket 155: 20%
  bucket 139: 80%
  bucket 141: 60%
  bucket 156: 20%
  bucket 140: 70%
  bucket 146: 40%
  bucket 154: 20%
  bucket 144: 50%
  bucket 143: 50%
  bucket 147: 40%
  bucket 150: 30%
  bucket 161: 10%
  bucket 157: 20%
  bucket 145: 50%
  bucket 142: 60%
  bucket 158: 20%
  bucket 153: 30%
  bucket 152: 30%
  bucket 151: 30%
  bucket 148: 40%
  bucket 149: 40%
  bucket 160: 20%
  bucket 159: 20%
  bucket 139: 90%
  bucket 155: 30%
  bucket 141: 70%
  bucket 156: 30%
  bucket 140: 80%
  bucket 146: 50%
  bucket 154: 30%
  bucket 144: 60%
  bucket 147: 50%
  bucket 143: 60%
  bucket 150: 40%
  bucket 161: 20%
  bucket 157: 30%
  bucket 145: 60%
  bucket 142: 70%
  bucket 158: 30%
  bucket 153: 40%
  bucket 152: 40%
  bucket 151: 40%
  bucket 148: 50%
  bucket 139: 100%
  Sorting block of length 561961 for bucket 139
  (Using difference cover)
  bucket 149: 50%
  bucket 160: 30%
  bucket 159: 30%
  bucket 155: 40%
  bucket 140: 90%
  bucket 141: 80%
  bucket 156: 40%
  bucket 146: 60%
  bucket 154: 40%
  bucket 144: 70%
  bucket 147: 60%
  bucket 150: 50%
  bucket 143: 70%
  bucket 161: 30%
  bucket 145: 70%
  bucket 157: 40%
  bucket 142: 80%
  bucket 158: 40%
  bucket 153: 50%
  bucket 152: 50%
  Sorting block time: 00:00:00
Returning block of 561962 for bucket 139
  bucket 151: 50%
Getting block 162 of 179
  Reserving size (662590) for bucket 162
  Calculating Z arrays for bucket 162
  Entering block accumulator loop for bucket 162:
  bucket 148: 60%
  bucket 140: 100%
  Sorting block of length 548141 for bucket 140
  (Using difference cover)
  bucket 149: 60%
  bucket 160: 40%
  bucket 155: 50%
  bucket 159: 40%
  bucket 156: 50%
  bucket 141: 90%
  bucket 146: 70%
  bucket 154: 50%
  bucket 144: 80%
  bucket 147: 70%
  bucket 150: 60%
  bucket 143: 80%
  bucket 161: 40%
  bucket 142: 90%
  bucket 145: 80%
  bucket 157: 50%
  bucket 158: 50%
  bucket 153: 60%
  bucket 152: 60%
  bucket 162: 10%
  Sorting block time: 00:00:00
Returning block of 548142 for bucket 140
  bucket 151: 60%
  bucket 148: 70%
Getting block 163 of 179
  Reserving size (662590) for bucket 163
  Calculating Z arrays for bucket 163
  Entering block accumulator loop for bucket 163:
  bucket 160: 50%
  bucket 149: 70%
  bucket 155: 60%
  bucket 159: 50%
  bucket 156: 60%
  bucket 141: 100%
  Sorting block of length 439651 for bucket 141
  (Using difference cover)
  bucket 146: 80%
  bucket 147: 80%
  bucket 154: 60%
  bucket 144: 90%
  bucket 150: 70%
  bucket 142: 100%
  Sorting block of length 533427 for bucket 142
  (Using difference cover)
  bucket 143: 90%
  bucket 161: 50%
  bucket 145: 90%
  bucket 157: 60%
  bucket 158: 60%
  bucket 153: 70%
  bucket 152: 70%
  bucket 162: 20%
  Sorting block time: 00:00:00
Returning block of 439652 for bucket 141
  bucket 151: 70%
  bucket 148: 80%
  bucket 163: 10%
Getting block 164 of 179
  Reserving size (662590) for bucket 164
  Calculating Z arrays for bucket 164
  Entering block accumulator loop for bucket 164:
  bucket 160: 60%
  bucket 155: 70%
  bucket 149: 80%
  bucket 156: 70%
  bucket 159: 60%
  bucket 146: 90%
  bucket 144: 100%
  Sorting block of length 641826 for bucket 144
  (Using difference cover)
  bucket 147: 90%
  bucket 154: 70%
  bucket 150: 80%
  Sorting block time: 00:00:01
Returning block of 533428 for bucket 142
Getting block 165 of 179
  Reserving size (662590) for bucket 165
  Calculating Z arrays for bucket 165
  Entering block accumulator loop for bucket 165:
  bucket 143: 100%
  Sorting block of length 659718 for bucket 143
  (Using difference cover)
  bucket 161: 60%
  bucket 145: 100%
  Sorting block of length 625424 for bucket 145
  (Using difference cover)
  bucket 157: 70%
  bucket 158: 70%
  bucket 153: 80%
  bucket 152: 80%
  bucket 162: 30%
  bucket 163: 20%
  bucket 148: 90%
  bucket 164: 10%
  bucket 151: 80%
  bucket 160: 70%
  bucket 155: 80%
  bucket 156: 80%
  bucket 149: 90%
  bucket 159: 70%
  bucket 146: 100%
  Sorting block of length 401886 for bucket 146
  (Using difference cover)
  bucket 147: 100%
  Sorting block of length 385439 for bucket 147
  (Using difference cover)
  bucket 150: 90%
  bucket 154: 80%
  bucket 165: 10%
  bucket 161: 70%
  Sorting block time: 00:00:00
Returning block of 641827 for bucket 144
Getting block 166 of 179
  Reserving size (662590) for bucket 166
  Calculating Z arrays for bucket 166
  Entering block accumulator loop for bucket 166:
  Sorting block time: 00:00:00
Returning block of 659719 for bucket 143
  bucket 157: 80%
  Sorting block time: 00:00:00
Returning block of 625425 for bucket 145
  bucket 158: 80%
Getting block 167 of 179
  Reserving size (662590) for bucket 167
  Calculating Z arrays for bucket 167
  Entering block accumulator loop for bucket 167:
  bucket 153: 90%
Getting block 168 of 179
  Reserving size (662590) for bucket 168
  Calculating Z arrays for bucket 168
  Entering block accumulator loop for bucket 168:
  bucket 152: 90%
  bucket 162: 40%
  bucket 163: 30%
  bucket 164: 20%
  bucket 148: 100%
  Sorting block of length 598265 for bucket 148
  (Using difference cover)
  bucket 151: 90%
  Sorting block time: 00:00:00
Returning block of 401887 for bucket 146
  bucket 160: 80%
  bucket 155: 90%
Getting block 169 of 179
  Reserving size (662590) for bucket 169
  Calculating Z arrays for bucket 169
  Entering block accumulator loop for bucket 169:
  Sorting block time: 00:00:00
Returning block of 385440 for bucket 147
  bucket 156: 90%
Getting block 170 of 179
  Reserving size (662590) for bucket 170
  Calculating Z arrays for bucket 170
  Entering block accumulator loop for bucket 170:
  bucket 149: 100%
  Sorting block of length 540066 for bucket 149
  (Using difference cover)
  bucket 159: 80%
  bucket 150: 100%
  Sorting block of length 299323 for bucket 150
  (Using difference cover)
  bucket 154: 90%
  bucket 165: 20%
  bucket 161: 80%
  bucket 166: 10%
  bucket 158: 90%
  bucket 157: 90%
  bucket 153: 100%
  Sorting block of length 354932 for bucket 153
  (Using difference cover)
  bucket 167: 10%
  bucket 152: 100%
  Sorting block of length 403670 for bucket 152
  (Using difference cover)
  bucket 168: 10%
  bucket 162: 50%
  bucket 163: 40%
  bucket 164: 30%
  bucket 151: 100%
  Sorting block of length 649783 for bucket 151
  (Using difference cover)
  Sorting block time: 00:00:00
Returning block of 299324 for bucket 150
Getting block 171 of 179
  Reserving size (662590) for bucket 171
  Calculating Z arrays for bucket 171
  Entering block accumulator loop for bucket 171:
  Sorting block time: 00:00:00
Returning block of 598266 for bucket 148
  bucket 160: 90%
  bucket 155: 100%
  Sorting block of length 142054 for bucket 155
  (Using difference cover)
  bucket 169: 10%
  Sorting block time: 00:00:00
Returning block of 540067 for bucket 149
  bucket 156: 100%
  Sorting block of length 142347 for bucket 156
  (Using difference cover)
  bucket 170: 10%
Getting block 172 of 179
  Reserving size (662590) for bucket 172
  Calculating Z arrays for bucket 172
  Entering block accumulator loop for bucket 172:
Getting block 173 of 179
  Reserving size (662590) for bucket 173
  Calculating Z arrays for bucket 173
  Entering block accumulator loop for bucket 173:
  bucket 159: 90%
  Sorting block time: 00:00:00
Returning block of 142055 for bucket 155
Getting block 174 of 179
  Reserving size (662590) for bucket 174
  Calculating Z arrays for bucket 174
  Entering block accumulator loop for bucket 174:
  Sorting block time: 00:00:00
Returning block of 354933 for bucket 153
  Sorting block time: 00:00:00
Returning block of 142348 for bucket 156
Getting block 175 of 179
  Reserving size (662590) for bucket 175
  Calculating Z arrays for bucket 175
  Entering block accumulator loop for bucket 175:
Getting block 176 of 179
  Reserving size (662590) for bucket 176
  Calculating Z arrays for bucket 176
  Entering block accumulator loop for bucket 176:
  Sorting block time: 00:00:00
Returning block of 403671 for bucket 152
  bucket 154: 100%
  Sorting block of length 654635 for bucket 154
  (Using difference cover)
  bucket 165: 30%
  bucket 166: 20%
Getting block 177 of 179
  Reserving size (662590) for bucket 177
  Calculating Z arrays for bucket 177
  Entering block accumulator loop for bucket 177:
  bucket 161: 90%
  bucket 158: 100%
  Sorting block of length 322559 for bucket 158
  (Using difference cover)
  bucket 167: 20%
  bucket 157: 100%
  Sorting block of length 648616 for bucket 157
  (Using difference cover)
  bucket 168: 20%
  bucket 162: 60%
  bucket 163: 50%
  bucket 164: 40%
  Sorting block time: 00:00:00
Returning block of 649784 for bucket 151
  bucket 171: 10%
  bucket 169: 20%
  bucket 160: 100%
  Sorting block of length 544118 for bucket 160
  (Using difference cover)
  bucket 170: 20%
Getting block 178 of 179
  Reserving size (662590) for bucket 178
  Calculating Z arrays for bucket 178
  Entering block accumulator loop for bucket 178:
  bucket 172: 10%
  bucket 173: 10%
  bucket 159: 100%
  Sorting block of length 377364 for bucket 159
  (Using difference cover)
  Sorting block time: 00:00:00
Returning block of 322560 for bucket 158
  bucket 175: 10%
  bucket 174: 10%
Getting block 179 of 179
  Reserving size (662590) for bucket 179
  Calculating Z arrays for bucket 179
  Entering block accumulator loop for bucket 179:
  bucket 176: 10%
  bucket 166: 30%
  bucket 165: 40%
  bucket 177: 10%
  bucket 161: 100%
  Sorting block of length 631016 for bucket 161
  (Using difference cover)
  Sorting block time: 00:00:00
Returning block of 654636 for bucket 154
  bucket 167: 30%
  bucket 168: 30%
  bucket 162: 70%
  bucket 163: 60%
  Sorting block time: 00:00:00
Returning block of 648617 for bucket 157
  bucket 164: 50%
  Sorting block time: 00:00:00
Returning block of 377365 for bucket 159
  bucket 171: 20%
  Sorting block time: 00:00:00
Returning block of 544119 for bucket 160
  bucket 169: 30%
  bucket 179: 10%
  bucket 170: 30%
  bucket 178: 10%
  bucket 172: 20%
  bucket 173: 20%
  bucket 175: 20%
  bucket 174: 20%
  bucket 176: 20%
  bucket 166: 40%
  bucket 177: 20%
  bucket 165: 50%
  bucket 179: 20%
  bucket 167: 40%
  Sorting block time: 00:00:01
Returning block of 631017 for bucket 161
  bucket 168: 40%
  bucket 162: 80%
  bucket 163: 70%
  bucket 164: 60%
  bucket 171: 30%
  bucket 169: 40%
  bucket 170: 40%
  bucket 178: 20%
  bucket 172: 30%
  bucket 173: 30%
  bucket 175: 30%
  bucket 179: 30%
  bucket 174: 30%
  bucket 166: 50%
  bucket 176: 30%
  bucket 177: 30%
  bucket 165: 60%
  bucket 167: 50%
  bucket 168: 50%
  bucket 163: 80%
  bucket 162: 90%
  bucket 179: 40%
  bucket 164: 70%
  bucket 171: 40%
  bucket 170: 50%
  bucket 169: 50%
  bucket 178: 30%
  bucket 172: 40%
  bucket 173: 40%
  bucket 175: 40%
  bucket 166: 60%
  bucket 174: 40%
  bucket 176: 40%
  bucket 179: 50%
  bucket 177: 40%
  bucket 165: 70%
  bucket 167: 60%
  bucket 168: 60%
  bucket 163: 90%
  bucket 162: 100%
  Sorting block of length 194741 for bucket 162
  (Using difference cover)
  bucket 164: 80%
  bucket 171: 50%
  bucket 170: 60%
  bucket 178: 40%
  bucket 169: 60%
  bucket 179: 60%
  Sorting block time: 00:00:00
Returning block of 194742 for bucket 162
  bucket 172: 50%
  bucket 175: 50%
  bucket 173: 50%
  bucket 166: 70%
  bucket 176: 50%
  bucket 174: 50%
  bucket 177: 50%
  bucket 167: 70%
  bucket 165: 80%
  bucket 179: 70%
  bucket 168: 70%
  bucket 163: 100%
  Sorting block of length 515398 for bucket 163
  (Using difference cover)
  bucket 164: 90%
  bucket 170: 70%
  bucket 171: 60%
  bucket 178: 50%
  bucket 169: 70%
  bucket 175: 60%
  bucket 172: 60%
  bucket 173: 60%
  bucket 166: 80%
  bucket 179: 80%
  bucket 176: 60%
  bucket 174: 60%
  bucket 177: 60%
  bucket 167: 80%
  bucket 165: 90%
  Sorting block time: 00:00:00
Returning block of 515399 for bucket 163
  bucket 168: 80%
  bucket 164: 100%
  Sorting block of length 187694 for bucket 164
  (Using difference cover)
  bucket 170: 80%
  bucket 178: 60%
  bucket 171: 70%
  bucket 179: 90%
  bucket 169: 80%
  bucket 175: 70%
  bucket 172: 70%
  bucket 173: 70%
  bucket 166: 90%
  Sorting block time: 00:00:00
Returning block of 187695 for bucket 164
  bucket 176: 70%
  bucket 174: 70%
  bucket 177: 70%
  bucket 179: 100%
  Sorting block of length 496437 for bucket 179
  (Using difference cover)
  bucket 167: 90%
  bucket 165: 100%
  Sorting block of length 502739 for bucket 165
  (Using difference cover)
  bucket 168: 90%
  bucket 178: 70%
  bucket 170: 90%
  bucket 171: 80%
  bucket 169: 90%
  bucket 175: 80%
  bucket 166: 100%
  Sorting block of length 181745 for bucket 166
  (Using difference cover)
  bucket 172: 80%
  bucket 173: 80%
  Sorting block time: 00:00:01
Returning block of 496438 for bucket 179
  bucket 176: 80%
  Sorting block time: 00:00:01
Returning block of 502740 for bucket 165
  bucket 174: 80%
  Sorting block time: 00:00:00
Returning block of 181746 for bucket 166
  bucket 177: 80%
  bucket 167: 100%
  Sorting block of length 620544 for bucket 167
  (Using difference cover)
  bucket 168: 100%
  Sorting block of length 533567 for bucket 168
  (Using difference cover)
  bucket 178: 80%
  bucket 170: 100%
  Sorting block of length 295730 for bucket 170
  (Using difference cover)
  bucket 169: 100%
  bucket 175: 90%
  Sorting block of length 447968 for bucket 169
  (Using difference cover)
  bucket 171: 90%
  bucket 172: 90%
  bucket 173: 90%
  bucket 176: 90%
  bucket 174: 90%
  Sorting block time: 00:00:00
Returning block of 295731 for bucket 170
  bucket 177: 90%
  Sorting block time: 00:00:00
Returning block of 620545 for bucket 167
  Sorting block time: 00:00:00
Returning block of 533568 for bucket 168
  Sorting block time: 00:00:00
Returning block of 447969 for bucket 169
  bucket 175: 100%
  Sorting block of length 152025 for bucket 175
  (Using difference cover)
  bucket 178: 90%
  bucket 171: 100%
  Sorting block of length 401842 for bucket 171
  (Using difference cover)
  Sorting block time: 00:00:00
Returning block of 152026 for bucket 175
  bucket 172: 100%
  Sorting block of length 538125 for bucket 172
  (Using difference cover)
  bucket 173: 100%
  Sorting block of length 632263 for bucket 173
  (Using difference cover)
  bucket 176: 100%
  Sorting block of length 583678 for bucket 176
  (Using difference cover)
  bucket 174: 100%
  Sorting block of length 561822 for bucket 174
  (Using difference cover)
  bucket 177: 100%
  Sorting block of length 562359 for bucket 177
  (Using difference cover)
  Sorting block time: 00:00:00
Returning block of 401843 for bucket 171
  bucket 178: 100%
  Sorting block of length 376496 for bucket 178
  (Using difference cover)
  Sorting block time: 00:00:00
Returning block of 538126 for bucket 172
  Sorting block time: 00:00:00
Returning block of 561823 for bucket 174
  Sorting block time: 00:00:00
Returning block of 583679 for bucket 176
  Sorting block time: 00:00:00
Returning block of 632264 for bucket 173
  Sorting block time: 00:00:00
Returning block of 376497 for bucket 178
  Sorting block time: 00:00:00
Returning block of 562360 for bucket 177
Exited Ebwt loop
fchr[A]: 0
fchr[C]: 21729473
fchr[G]: 42539270
fchr[T]: 63173665
fchr[$]: 84811518
Exiting Ebwt::buildToDisk()
Returning from initFromVector
Wrote 33491461 bytes to primary EBWT file: ${ARTICLE41_WORK_DIR}/index/megahit-coassembly.ge1000.1.bt2.tmp
Wrote 21202884 bytes to secondary EBWT file: ${ARTICLE41_WORK_DIR}/index/megahit-coassembly.ge1000.2.bt2.tmp
Re-opening _in1 and _in2 as input streams
Returning from Ebwt constructor
Headers:
    len: 84811518
    bwtLen: 84811519
    sz: 21202880
    bwtSz: 21202880
    lineRate: 6
    offRate: 4
    offMask: 0xfffffff0
    ftabChars: 10
    eftabLen: 20
    eftabSz: 80
    ftabLen: 1048577
    ftabSz: 4194308
    offsLen: 5300720
    offsSz: 21202880
    lineSz: 64
    sideSz: 64
    sideBwtSz: 48
    sideBwtLen: 192
    numSides: 441727
    numLines: 441727
    ebwtTotLen: 28270528
    ebwtTotSz: 28270528
    color: 0
    reverse: 0
Total time for call to driver() for forward index: 00:00:22
Reading reference sizes
  Time reading reference sizes: 00:00:00
Calculating joined length
Writing header
Reserving space for joined string
Joining reference sequences
  Time to join reference sequences: 00:00:01
  Time to reverse reference sequence: 00:00:00
bmax according to bmaxDivN setting: 883453
Using parameters --bmax 662590 --dcv 1024
  Doing ahead-of-time memory usage test
  Passed!  Constructing with these parameters: --bmax 662590 --dcv 1024
Constructing suffix-array element generator
Building DifferenceCoverSample
  Building sPrime
  Building sPrimeOrder
  V-Sorting samples
  V-Sorting samples time: 00:00:01
  Allocating rank array
  Ranking v-sort output
  Ranking v-sort output time: 00:00:00
  Invoking Larsson-Sadakane on ranks
  Invoking Larsson-Sadakane on ranks time: 00:00:01
  Sanity-checking and returning
Building samples
Reserving space for 258 sample suffixes
Generating random suffixes
QSorting 258 sample offsets, eliminating duplicates
QSorting sample offsets, eliminating duplicates time: 00:00:00
Multikey QSorting 258 samples
  (Using difference cover)
  Multikey QSorting samples time: 00:00:00
Calculating bucket sizes
Splitting and merging
  Splitting and merging time: 00:00:00
Split 37, merged 112; iterating...
Splitting and merging
  Splitting and merging time: 00:00:00
Split 20, merged 20; iterating...
Splitting and merging
  Splitting and merging time: 00:00:00
Split 11, merged 12; iterating...
Splitting and merging
  Splitting and merging time: 00:00:00
Split 4, merged 4; iterating...
Splitting and merging
  Splitting and merging time: 00:00:00
Split 2, merged 2; iterating...
Avg bucket size: 463450 (target: 662589)
Converting suffix-array elements to index image
Allocating ftab, absorbFtab
Entering Ebwt loop
Getting block 1 of 183
  Reserving size (662590) for bucket 1
Getting block 2 of 183
Getting block 4 of 183
  Reserving size (662590) for bucket 4
Getting block 3 of 183
Getting block 6 of 183
  Reserving size (662590) for bucket 6
  Reserving size (662590) for bucket 2
Getting block 7 of 183
  Calculating Z arrays for bucket 4
Getting block 5 of 183
Getting block 10 of 183
  Calculating Z arrays for bucket 1
  Reserving size (662590) for bucket 7
  Entering block accumulator loop for bucket 4:
  Entering block accumulator loop for bucket 1:
  Calculating Z arrays for bucket 2
  Reserving size (662590) for bucket 10
Getting block 8 of 183
Getting block 14 of 183
  Reserving size (662590) for bucket 14
  Entering block accumulator loop for bucket 2:
  Reserving size (662590) for bucket 8
Getting block 9 of 183
  Reserving size (662590) for bucket 3
  Calculating Z arrays for bucket 14
Getting block 11 of 183
  Reserving size (662590) for bucket 11
  Calculating Z arrays for bucket 8
  Reserving size (662590) for bucket 9
Getting block 13 of 183
Getting block 12 of 183
  Reserving size (662590) for bucket 12
Getting block 15 of 183
Getting block 16 of 183
Getting block 19 of 183
  Calculating Z arrays for bucket 9
  Calculating Z arrays for bucket 6
  Entering block accumulator loop for bucket 14:
  Calculating Z arrays for bucket 11
  Calculating Z arrays for bucket 3
Getting block 18 of 183
Getting block 20 of 183
  Entering block accumulator loop for bucket 3:
  Calculating Z arrays for bucket 12
Getting block 17 of 183
  Reserving size (662590) for bucket 5
  Reserving size (662590) for bucket 18
  Entering block accumulator loop for bucket 11:
  Reserving size (662590) for bucket 13
  Entering block accumulator loop for bucket 6:
Getting block 21 of 183
  Calculating Z arrays for bucket 7
  Reserving size (662590) for bucket 21
  Entering block accumulator loop for bucket 8:
  Reserving size (662590) for bucket 16
  Reserving size (662590) for bucket 15
Getting block 22 of 183
  Calculating Z arrays for bucket 10
  Calculating Z arrays for bucket 18
  Calculating Z arrays for bucket 21
  Calculating Z arrays for bucket 16
  Entering block accumulator loop for bucket 9:
Getting block 23 of 183
  Reserving size (662590) for bucket 22
  Entering block accumulator loop for bucket 21:
  Entering block accumulator loop for bucket 10:
  Reserving size (662590) for bucket 23
  Calculating Z arrays for bucket 5
  Entering block accumulator loop for bucket 16:
  Calculating Z arrays for bucket 22
  Reserving size (662590) for bucket 17
  Entering block accumulator loop for bucket 12:
  Entering block accumulator loop for bucket 7:
  Calculating Z arrays for bucket 23
  Calculating Z arrays for bucket 15
  Entering block accumulator loop for bucket 18:
  Reserving size (662590) for bucket 20
  Reserving size (662590) for bucket 19
  Calculating Z arrays for bucket 17
  Entering block accumulator loop for bucket 5:
  Calculating Z arrays for bucket 20
  Calculating Z arrays for bucket 19
  Entering block accumulator loop for bucket 23:
  Entering block accumulator loop for bucket 15:
  Entering block accumulator loop for bucket 22:
  Entering block accumulator loop for bucket 17:
  Calculating Z arrays for bucket 13
  Entering block accumulator loop for bucket 20:
  Entering block accumulator loop for bucket 19:
  Entering block accumulator loop for bucket 13:
  bucket 1: 10%
  bucket 3: 10%
  bucket 2: 10%
  bucket 4: 10%
  bucket 7: 10%
  bucket 6: 10%
  bucket 5: 10%
  bucket 9: 10%
  bucket 15: 10%
  bucket 11: 10%
  bucket 13: 10%
  bucket 17: 10%
  bucket 10: 10%
  bucket 14: 10%
  bucket 8: 10%
  bucket 12: 10%
  bucket 18: 10%
  bucket 20: 10%
  bucket 19: 10%
  bucket 22: 10%
  bucket 21: 10%
  bucket 23: 10%
  bucket 16: 10%
  bucket 1: 20%
  bucket 3: 20%
  bucket 2: 20%
  bucket 4: 20%
  bucket 7: 20%
  bucket 6: 20%
  bucket 5: 20%
  bucket 9: 20%
  bucket 15: 20%
  bucket 11: 20%
  bucket 13: 20%
  bucket 10: 20%
  bucket 8: 20%
  bucket 14: 20%
  bucket 12: 20%
  bucket 18: 20%
  bucket 20: 20%
  bucket 19: 20%
  bucket 22: 20%
  bucket 21: 20%
  bucket 23: 20%
  bucket 16: 20%
  bucket 17: 20%
  bucket 1: 30%
  bucket 3: 30%
  bucket 2: 30%
  bucket 4: 30%
  bucket 7: 30%
  bucket 6: 30%
  bucket 5: 30%
  bucket 9: 30%
  bucket 15: 30%
  bucket 11: 30%
  bucket 10: 30%
  bucket 8: 30%
  bucket 14: 30%
  bucket 12: 30%
  bucket 13: 30%
  bucket 18: 30%
  bucket 20: 30%
  bucket 19: 30%
  bucket 21: 30%
  bucket 22: 30%
  bucket 16: 30%
  bucket 23: 30%
  bucket 1: 40%
  bucket 3: 40%
  bucket 2: 40%
  bucket 4: 40%
  bucket 7: 40%
  bucket 6: 40%
  bucket 5: 40%
  bucket 17: 30%
  bucket 9: 40%
  bucket 15: 40%
  bucket 11: 40%
  bucket 10: 40%
  bucket 8: 40%
  bucket 14: 40%
  bucket 12: 40%
  bucket 13: 40%
  bucket 18: 40%
  bucket 19: 40%
  bucket 20: 40%
  bucket 21: 40%
  bucket 22: 40%
  bucket 16: 40%
  bucket 1: 50%
  bucket 3: 50%
  bucket 23: 40%
  bucket 2: 50%
  bucket 4: 50%
  bucket 7: 50%
  bucket 6: 50%
  bucket 5: 50%
  bucket 17: 40%
  bucket 9: 50%
  bucket 15: 50%
  bucket 11: 50%
  bucket 10: 50%
  bucket 8: 50%
  bucket 14: 50%
  bucket 12: 50%
  bucket 13: 50%
  bucket 18: 50%
  bucket 1: 60%
  bucket 19: 50%
  bucket 16: 50%
  bucket 21: 50%
  bucket 22: 50%
  bucket 3: 60%
  bucket 20: 50%
  bucket 2: 60%
  bucket 4: 60%
  bucket 7: 60%
  bucket 5: 60%
  bucket 6: 60%
  bucket 23: 50%
  bucket 17: 50%
  bucket 9: 60%
  bucket 11: 60%
  bucket 15: 60%
  bucket 10: 60%
  bucket 8: 60%
  bucket 14: 60%
  bucket 12: 60%
  bucket 1: 70%
  bucket 13: 60%
  bucket 18: 60%
  bucket 3: 70%
  bucket 16: 60%
  bucket 19: 60%
  bucket 2: 70%
  bucket 21: 60%
  bucket 4: 70%
  bucket 22: 60%
  bucket 7: 70%
  bucket 20: 60%
  bucket 5: 70%
  bucket 6: 70%
  bucket 17: 60%
  bucket 9: 70%
  bucket 23: 60%
  bucket 15: 70%
  bucket 11: 70%
  bucket 10: 70%
  bucket 8: 70%
  bucket 1: 80%
  bucket 14: 70%
  bucket 12: 70%
  bucket 3: 80%
  bucket 13: 70%
  bucket 2: 80%
  bucket 18: 70%
  bucket 16: 70%
  bucket 4: 80%
  bucket 7: 80%
  bucket 19: 70%
  bucket 5: 80%
  bucket 6: 80%
  bucket 21: 70%
  bucket 20: 70%
  bucket 22: 70%
  bucket 17: 70%
  bucket 9: 80%
  bucket 11: 80%
  bucket 23: 70%
  bucket 15: 80%
  bucket 1: 90%
  bucket 10: 80%
  bucket 8: 80%
  bucket 14: 80%
  bucket 3: 90%
  bucket 12: 80%
  bucket 13: 80%
  bucket 2: 90%
  bucket 4: 90%
  bucket 7: 90%
  bucket 18: 80%
  bucket 16: 80%
  bucket 5: 90%
  bucket 6: 90%
  bucket 19: 80%
  bucket 20: 80%
  bucket 21: 80%
  bucket 22: 80%
  bucket 9: 90%
  bucket 17: 80%
  bucket 1: 100%
  Sorting block of length 220225 for bucket 1
  (Using difference cover)
  bucket 11: 90%
  bucket 15: 90%
  bucket 10: 90%
  bucket 3: 100%
  Sorting block of length 221195 for bucket 3
  (Using difference cover)
  bucket 23: 80%
  bucket 8: 90%
  bucket 14: 90%
  bucket 12: 90%
  bucket 2: 100%
  Sorting block of length 448396 for bucket 2
  (Using difference cover)
  bucket 13: 90%
  Sorting block time: 00:00:00
Returning block of 220226 for bucket 1
  bucket 4: 100%
  Sorting block of length 441907 for bucket 4
  (Using difference cover)
Getting block 24 of 183
  Reserving size (662590) for bucket 24
  Calculating Z arrays for bucket 24
  Entering block accumulator loop for bucket 24:
  bucket 7: 100%
  Sorting block of length 210293 for bucket 7
  (Using difference cover)
  bucket 16: 90%
  bucket 18: 90%
  bucket 5: 100%
  Sorting block of length 419981 for bucket 5
  (Using difference cover)
  bucket 6: 100%
  Sorting block of length 493575 for bucket 6
  (Using difference cover)
  Sorting block time: 00:00:00
Returning block of 221196 for bucket 3
Getting block 25 of 183
  Reserving size (662590) for bucket 25
  Calculating Z arrays for bucket 25
  Entering block accumulator loop for bucket 25:
  bucket 19: 90%
  bucket 17: 90%
  bucket 20: 90%
  bucket 9: 100%
  Sorting block of length 335314 for bucket 9
  (Using difference cover)
  bucket 21: 90%
  bucket 22: 90%
  Sorting block time: 00:00:00
Returning block of 210294 for bucket 7
Getting block 26 of 183
  Reserving size (662590) for bucket 26
  Calculating Z arrays for bucket 26
  Entering block accumulator loop for bucket 26:
  bucket 11: 100%
  Sorting block of length 402571 for bucket 11
  (Using difference cover)
  bucket 15: 100%
  Sorting block of length 466091 for bucket 15
  (Using difference cover)
  bucket 10: 100%
  Sorting block of length 562037 for bucket 10
  (Using difference cover)
  bucket 8: 100%
  Sorting block of length 661546 for bucket 8
  (Using difference cover)
  bucket 14: 100%
  Sorting block of length 528324 for bucket 14
  (Using difference cover)
  bucket 12: 100%
  Sorting block of length 486211 for bucket 12
  (Using difference cover)
  bucket 23: 90%
  Sorting block time: 00:00:00
Returning block of 448397 for bucket 2
Getting block 27 of 183
  Reserving size (662590) for bucket 27
  Calculating Z arrays for bucket 27
  Entering block accumulator loop for bucket 27:
  bucket 24: 10%
  bucket 13: 100%
  Sorting block of length 528973 for bucket 13
  (Using difference cover)
  Sorting block time: 00:00:00
Returning block of 441908 for bucket 4
  bucket 16: 100%
  Sorting block of length 624995 for bucket 16
  (Using difference cover)
Getting block 28 of 183
  Reserving size (662590) for bucket 28
  Calculating Z arrays for bucket 28
  Entering block accumulator loop for bucket 28:
  bucket 25: 10%
  bucket 18: 100%
  Sorting block of length 653961 for bucket 18
  (Using difference cover)
  bucket 19: 100%
  Sorting block of length 440467 for bucket 19
  (Using difference cover)
  bucket 17: 100%
  Sorting block of length 73904 for bucket 17
  (Using difference cover)
  Sorting block time: 00:00:01
Returning block of 419982 for bucket 5
  Sorting block time: 00:00:01
Returning block of 493576 for bucket 6
  bucket 20: 100%
  Sorting block of length 377504 for bucket 20
  (Using difference cover)
  Sorting block time: 00:00:01
Returning block of 335315 for bucket 9
  bucket 21: 100%
  Sorting block of length 290795 for bucket 21
  (Using difference cover)
Getting block 29 of 183
  Reserving size (662590) for bucket 29
  Calculating Z arrays for bucket 29
  Entering block accumulator loop for bucket 29:
Getting block 30 of 183
  Reserving size (662590) for bucket 30
  Calculating Z arrays for bucket 30
  Entering block accumulator loop for bucket 30:
  bucket 22: 100%
  Sorting block of length 439718 for bucket 22
  (Using difference cover)
Getting block 31 of 183
  Reserving size (662590) for bucket 31
  Calculating Z arrays for bucket 31
  Entering block accumulator loop for bucket 31:
  bucket 26: 10%
  Sorting block time: 00:00:00
Returning block of 73905 for bucket 17
Getting block 32 of 183
  Reserving size (662590) for bucket 32
  Calculating Z arrays for bucket 32
  Entering block accumulator loop for bucket 32:
  Sorting block time: 00:00:01
Returning block of 402572 for bucket 11
Getting block 33 of 183
  Reserving size (662590) for bucket 33
  Calculating Z arrays for bucket 33
  Entering block accumulator loop for bucket 33:
  Sorting block time: 00:00:01
Returning block of 466092 for bucket 15
  bucket 23: 100%
  Sorting block of length 651590 for bucket 23
  (Using difference cover)
Getting block 34 of 183
  Reserving size (662590) for bucket 34
  Calculating Z arrays for bucket 34
  Entering block accumulator loop for bucket 34:
  bucket 27: 10%
  bucket 24: 20%
  Sorting block time: 00:00:01
Returning block of 528325 for bucket 14
  Sorting block time: 00:00:01
Returning block of 486212 for bucket 12
  bucket 28: 10%
  Sorting block time: 00:00:00
Returning block of 290796 for bucket 21
Getting block 35 of 183
  Reserving size (662590) for bucket 35
  Calculating Z arrays for bucket 35
  Entering block accumulator loop for bucket 35:
  Sorting block time: 00:00:01
Returning block of 562038 for bucket 10
Getting block 36 of 183
  Reserving size (662590) for bucket 36
  Calculating Z arrays for bucket 36
  Entering block accumulator loop for bucket 36:
Getting block 37 of 183
  Reserving size (662590) for bucket 37
  Calculating Z arrays for bucket 37
  Entering block accumulator loop for bucket 37:
  Sorting block time: 00:00:01
Returning block of 661547 for bucket 8
Getting block 38 of 183
  Reserving size (662590) for bucket 38
  Calculating Z arrays for bucket 38
  Entering block accumulator loop for bucket 38:
  bucket 25: 20%
  Sorting block time: 00:00:01
Returning block of 440468 for bucket 19
  bucket 30: 10%
  bucket 29: 10%
  bucket 26: 20%
  bucket 31: 10%
  Sorting block time: 00:00:00
Returning block of 377505 for bucket 20
Getting block 39 of 183
  Reserving size (662590) for bucket 39
  Calculating Z arrays for bucket 39
  Entering block accumulator loop for bucket 39:
Getting block 40 of 183
  Reserving size (662590) for bucket 40
  Calculating Z arrays for bucket 40
  Entering block accumulator loop for bucket 40:
Getting block 41 of 183
  Reserving size (662590) for bucket 41
  Calculating Z arrays for bucket 41
  Entering block accumulator loop for bucket 41:
  Sorting block time: 00:00:01
Returning block of 528974 for bucket 13
  bucket 32: 10%
  Sorting block time: 00:00:01
Returning block of 624996 for bucket 16
  Sorting block time: 00:00:00
Returning block of 439719 for bucket 22
Getting block 42 of 183
  Reserving size (662590) for bucket 42
  Calculating Z arrays for bucket 42
  Entering block accumulator loop for bucket 42:
Getting block 43 of 183
  Reserving size (662590) for bucket 43
  Calculating Z arrays for bucket 43
  Entering block accumulator loop for bucket 43:
Getting block 44 of 183
  Reserving size (662590) for bucket 44
  Calculating Z arrays for bucket 44
  Entering block accumulator loop for bucket 44:
  bucket 33: 10%
  Sorting block time: 00:00:01
Returning block of 653962 for bucket 18
  bucket 34: 10%
  bucket 27: 20%
  bucket 24: 30%
Getting block 45 of 183
  Reserving size (662590) for bucket 45
  Calculating Z arrays for bucket 45
  Entering block accumulator loop for bucket 45:
  bucket 35: 10%
  bucket 36: 10%
  bucket 26: 30%
  Sorting block time: 00:00:00
Returning block of 651591 for bucket 23
  bucket 28: 20%
  bucket 38: 10%
  bucket 31: 20%
  bucket 30: 20%
  bucket 39: 10%
  bucket 29: 20%
  bucket 40: 10%
Getting block 46 of 183
  Reserving size (662590) for bucket 46
  Calculating Z arrays for bucket 46
  Entering block accumulator loop for bucket 46:
  bucket 37: 10%
  bucket 25: 30%
  bucket 41: 10%
  bucket 32: 20%
  bucket 43: 10%
  bucket 44: 10%
  bucket 42: 10%
  bucket 33: 20%
  bucket 24: 40%
  bucket 34: 20%
  bucket 27: 30%
  bucket 45: 10%
  bucket 35: 20%
  bucket 26: 40%
  bucket 28: 30%
  bucket 36: 20%
  bucket 31: 30%
  bucket 46: 10%
  bucket 39: 20%
  bucket 30: 30%
  bucket 38: 20%
  bucket 29: 30%
  bucket 40: 20%
  bucket 37: 20%
  bucket 41: 20%
  bucket 25: 40%
  bucket 32: 30%
  bucket 43: 20%
  bucket 44: 20%
  bucket 42: 20%
  bucket 33: 30%
  bucket 24: 50%
  bucket 27: 40%
  bucket 34: 30%
  bucket 45: 20%
  bucket 26: 50%
  bucket 35: 30%
  bucket 28: 40%
  bucket 46: 20%
  bucket 31: 40%
  bucket 30: 40%
  bucket 36: 30%
  bucket 29: 40%
  bucket 39: 30%
  bucket 38: 30%
  bucket 40: 30%
  bucket 25: 50%
  bucket 32: 40%
  bucket 41: 30%
  bucket 37: 30%
  bucket 43: 30%
  bucket 44: 30%
  bucket 42: 30%
  bucket 24: 60%
  bucket 33: 40%
  bucket 27: 50%
  bucket 34: 40%
  bucket 45: 30%
  bucket 26: 60%
  bucket 35: 40%
  bucket 28: 50%
  bucket 46: 30%
  bucket 31: 50%
  bucket 30: 50%
  bucket 29: 50%
  bucket 39: 40%
  bucket 40: 40%
  bucket 36: 40%
  bucket 38: 40%
  bucket 25: 60%
  bucket 32: 50%
  bucket 41: 40%
  bucket 37: 40%
  bucket 43: 40%
  bucket 44: 40%
  bucket 42: 40%
  bucket 24: 70%
  bucket 27: 60%
  bucket 33: 50%
  bucket 34: 50%
  bucket 45: 40%
  bucket 26: 70%
  bucket 35: 50%
  bucket 28: 60%
  bucket 46: 40%
  bucket 31: 60%
  bucket 30: 60%
  bucket 29: 60%
  bucket 39: 50%
  bucket 40: 50%
  bucket 25: 70%
  bucket 38: 50%
  bucket 32: 60%
  bucket 36: 50%
  bucket 41: 50%
  bucket 37: 50%
  bucket 43: 50%
  bucket 44: 50%
  bucket 24: 80%
  bucket 42: 50%
  bucket 27: 70%
  bucket 33: 60%
  bucket 34: 60%
  bucket 45: 50%
  bucket 26: 80%
  bucket 28: 70%
  bucket 35: 60%
  bucket 46: 50%
  bucket 31: 70%
  bucket 30: 70%
  bucket 29: 70%
  bucket 39: 60%
  bucket 40: 60%
  bucket 25: 80%
  bucket 32: 70%
  bucket 38: 60%
  bucket 41: 60%
  bucket 36: 60%
  bucket 37: 60%
  bucket 43: 60%
  bucket 24: 90%
  bucket 44: 60%
  bucket 27: 80%
  bucket 42: 60%
  bucket 33: 70%
  bucket 26: 90%
  bucket 34: 70%
  bucket 45: 60%
  bucket 28: 80%
  bucket 35: 70%
  bucket 46: 60%
  bucket 31: 80%
  bucket 30: 80%
  bucket 29: 80%
  bucket 39: 70%
  bucket 40: 70%
  bucket 25: 90%
  bucket 32: 80%
  bucket 24: 100%
  Sorting block of length 274821 for bucket 24
  (Using difference cover)
  bucket 38: 70%
  bucket 41: 70%
  bucket 43: 70%
  bucket 36: 70%
  bucket 37: 70%
  bucket 27: 90%
  bucket 44: 70%
  bucket 42: 70%
  bucket 33: 80%
  bucket 26: 100%
  Sorting block of length 452382 for bucket 26
  (Using difference cover)
  bucket 34: 80%
  bucket 45: 70%
  Sorting block time: 00:00:00
Returning block of 274822 for bucket 24
Getting block 47 of 183
  Reserving size (662590) for bucket 47
  Calculating Z arrays for bucket 47
  Entering block accumulator loop for bucket 47:
  bucket 28: 90%
  bucket 35: 80%
  bucket 46: 70%
  bucket 31: 90%
  bucket 30: 90%
  bucket 29: 90%
  bucket 25: 100%
  Sorting block of length 610704 for bucket 25
  (Using difference cover)
  bucket 39: 80%
  bucket 40: 80%
  bucket 32: 90%
  bucket 41: 80%
  bucket 43: 80%
  bucket 38: 80%
  bucket 27: 100%
  Sorting block of length 383832 for bucket 27
  (Using difference cover)
  bucket 37: 80%
  bucket 36: 80%
  bucket 44: 80%
  bucket 42: 80%
  bucket 33: 90%
  Sorting block time: 00:00:00
Returning block of 452383 for bucket 26
Getting block 48 of 183
  Reserving size (662590) for bucket 48
  Calculating Z arrays for bucket 48
  Entering block accumulator loop for bucket 48:
  bucket 34: 90%
  bucket 45: 80%
  bucket 47: 10%
  bucket 28: 100%
  Sorting block of length 393582 for bucket 28
  (Using difference cover)
  bucket 46: 80%
  bucket 35: 90%
  bucket 31: 100%
  Sorting block of length 515961 for bucket 31
  (Using difference cover)
  bucket 30: 100%
  Sorting block of length 641751 for bucket 30
  (Using difference cover)
  bucket 29: 100%
  Sorting block of length 469291 for bucket 29
  (Using difference cover)
  bucket 40: 90%
  bucket 39: 90%
  bucket 32: 100%
  Sorting block of length 371614 for bucket 32
  (Using difference cover)
  bucket 43: 90%
  bucket 41: 90%
  Sorting block time: 00:00:00
Returning block of 383833 for bucket 27
  bucket 38: 90%
  bucket 37: 90%
Getting block 49 of 183
  Reserving size (662590) for bucket 49
  Calculating Z arrays for bucket 49
  Entering block accumulator loop for bucket 49:
  bucket 36: 90%
  bucket 44: 90%
  bucket 42: 90%
  Sorting block time: 00:00:00
Returning block of 610705 for bucket 25
  bucket 33: 100%
  Sorting block of length 314560 for bucket 33
  (Using difference cover)
  bucket 48: 10%
Getting block 50 of 183
  Reserving size (662590) for bucket 50
  Calculating Z arrays for bucket 50
  Entering block accumulator loop for bucket 50:
  bucket 47: 20%
  bucket 45: 90%
  bucket 34: 100%
  Sorting block of length 519765 for bucket 34
  (Using difference cover)
  Sorting block time: 00:00:00
Returning block of 393583 for bucket 28
  bucket 46: 90%
Getting block 51 of 183
  Reserving size (662590) for bucket 51
  Calculating Z arrays for bucket 51
  Entering block accumulator loop for bucket 51:
  bucket 35: 100%
  Sorting block of length 248696 for bucket 35
  (Using difference cover)
  Sorting block time: 00:00:00
Returning block of 469292 for bucket 29
  Sorting block time: 00:00:00
Returning block of 371615 for bucket 32
  bucket 40: 100%
  Sorting block of length 510059 for bucket 40
  (Using difference cover)
  bucket 39: 100%
  Sorting block of length 293339 for bucket 39
  (Using difference cover)
Getting block 52 of 183
  Reserving size (662590) for bucket 52
  Calculating Z arrays for bucket 52
  Entering block accumulator loop for bucket 52:
Getting block 53 of 183
  Reserving size (662590) for bucket 53
  Calculating Z arrays for bucket 53
  Entering block accumulator loop for bucket 53:
  Sorting block time: 00:00:00
Returning block of 515962 for bucket 31
  bucket 43: 100%
  Sorting block of length 547790 for bucket 43
  (Using difference cover)
  Sorting block time: 00:00:00
Returning block of 314561 for bucket 33
  bucket 41: 100%
  Sorting block of length 239352 for bucket 41
  (Using difference cover)
  bucket 49: 10%
Getting block 54 of 183
  Reserving size (662590) for bucket 54
  Calculating Z arrays for bucket 54
  Entering block accumulator loop for bucket 54:
Getting block 55 of 183
  Reserving size (662590) for bucket 55
  Calculating Z arrays for bucket 55
  Entering block accumulator loop for bucket 55:
  bucket 38: 100%
  Sorting block of length 472932 for bucket 38
  (Using difference cover)
  bucket 37: 100%
  Sorting block of length 306047 for bucket 37
  (Using difference cover)
  bucket 44: 100%
  Sorting block of length 554341 for bucket 44
  (Using difference cover)
  bucket 36: 100%
  Sorting block of length 618845 for bucket 36
  (Using difference cover)
  bucket 42: 100%
  Sorting block of length 484181 for bucket 42
  (Using difference cover)
  Sorting block time: 00:00:00
Returning block of 248697 for bucket 35
  Sorting block time: 00:00:00
Returning block of 641752 for bucket 30
Getting block 56 of 183
  Reserving size (662590) for bucket 56
  Calculating Z arrays for bucket 56
  Entering block accumulator loop for bucket 56:
  bucket 48: 20%
  bucket 50: 10%
  bucket 47: 30%
Getting block 57 of 183
  Reserving size (662590) for bucket 57
  Calculating Z arrays for bucket 57
  Entering block accumulator loop for bucket 57:
  bucket 45: 100%
  Sorting block of length 551850 for bucket 45
  (Using difference cover)
  bucket 46: 100%
  Sorting block of length 163221 for bucket 46
  (Using difference cover)
  Sorting block time: 00:00:00
Returning block of 293340 for bucket 39
  Sorting block time: 00:00:00
Returning block of 239353 for bucket 41
  Sorting block time: 00:00:00
Returning block of 519766 for bucket 34
  bucket 51: 10%
Getting block 58 of 183
  Reserving size (662590) for bucket 58
  Calculating Z arrays for bucket 58
  Entering block accumulator loop for bucket 58:
Getting block 59 of 183
  Reserving size (662590) for bucket 59
  Calculating Z arrays for bucket 59
  Entering block accumulator loop for bucket 59:
Getting block 60 of 183
  Reserving size (662590) for bucket 60
  Calculating Z arrays for bucket 60
  Entering block accumulator loop for bucket 60:
  Sorting block time: 00:00:00
Returning block of 306048 for bucket 37
  Sorting block time: 00:00:00
Returning block of 163222 for bucket 46
Getting block 61 of 183
  Reserving size (662590) for bucket 61
  Calculating Z arrays for bucket 61
  Entering block accumulator loop for bucket 61:
Getting block 62 of 183
  Reserving size (662590) for bucket 62
  Calculating Z arrays for bucket 62
  Entering block accumulator loop for bucket 62:
  bucket 52: 10%
  bucket 53: 10%
  bucket 49: 20%
  Sorting block time: 00:00:00
Returning block of 510060 for bucket 40
Getting block 63 of 183
  Reserving size (662590) for bucket 63
  Calculating Z arrays for bucket 63
  Entering block accumulator loop for bucket 63:
  bucket 54: 10%
  Sorting block time: 00:00:00
Returning block of 547791 for bucket 43
  bucket 55: 10%
  Sorting block time: 00:00:00
Returning block of 484182 for bucket 42
  Sorting block time: 00:00:00
Returning block of 472933 for bucket 38
Getting block 64 of 183
  Reserving size (662590) for bucket 64
  Calculating Z arrays for bucket 64
  Entering block accumulator loop for bucket 64:
Getting block 65 of 183
  Reserving size (662590) for bucket 65
  Calculating Z arrays for bucket 65
  Entering block accumulator loop for bucket 65:
Getting block 66 of 183
  Reserving size (662590) for bucket 66
  Calculating Z arrays for bucket 66
  Entering block accumulator loop for bucket 66:
  bucket 48: 30%
  Sorting block time: 00:00:00
Returning block of 554342 for bucket 44
  bucket 47: 40%
  bucket 50: 20%
Getting block 67 of 183
  Reserving size (662590) for bucket 67
  Calculating Z arrays for bucket 67
  Entering block accumulator loop for bucket 67:
  bucket 56: 10%
  bucket 57: 10%
  Sorting block time: 00:00:00
Returning block of 618846 for bucket 36
  Sorting block time: 00:00:00
Returning block of 551851 for bucket 45
Getting block 68 of 183
  Reserving size (662590) for bucket 68
  Calculating Z arrays for bucket 68
  Entering block accumulator loop for bucket 68:
Getting block 69 of 183
  Reserving size (662590) for bucket 69
  Calculating Z arrays for bucket 69
  Entering block accumulator loop for bucket 69:
  bucket 58: 10%
  bucket 51: 20%
  bucket 59: 10%
  bucket 60: 10%
  bucket 61: 10%
  bucket 49: 30%
  bucket 53: 20%
  bucket 52: 20%
  bucket 62: 10%
  bucket 63: 10%
  bucket 54: 20%
  bucket 48: 40%
  bucket 55: 20%
  bucket 47: 50%
  bucket 64: 10%
  bucket 65: 10%
  bucket 50: 30%
  bucket 66: 10%
  bucket 67: 10%
  bucket 56: 20%
  bucket 57: 20%
  bucket 68: 10%
  bucket 69: 10%
  bucket 58: 20%
  bucket 51: 30%
  bucket 49: 40%
  bucket 59: 20%
  bucket 60: 20%
  bucket 61: 20%
  bucket 53: 30%
  bucket 52: 30%
  bucket 48: 50%
  bucket 63: 20%
  bucket 62: 20%
  bucket 47: 60%
  bucket 54: 30%
  bucket 50: 40%
  bucket 55: 30%
  bucket 64: 20%
  bucket 65: 20%
  bucket 66: 20%
  bucket 67: 20%
  bucket 57: 30%
  bucket 56: 30%
  bucket 49: 50%
  bucket 68: 20%
  bucket 69: 20%
  bucket 58: 30%
  bucket 51: 40%
  bucket 61: 30%
  bucket 53: 40%
  bucket 48: 60%
  bucket 59: 30%
  bucket 52: 40%
  bucket 60: 30%
  bucket 47: 70%
  bucket 63: 30%
  bucket 50: 50%
  bucket 62: 30%
  bucket 54: 40%
  bucket 55: 40%
  bucket 64: 30%
  bucket 65: 30%
  bucket 66: 30%
  bucket 67: 30%
  bucket 57: 40%
  bucket 56: 40%
  bucket 49: 60%
  bucket 58: 40%
  bucket 69: 30%
  bucket 68: 30%
  bucket 48: 70%
  bucket 53: 50%
  bucket 51: 50%
  bucket 47: 80%
  bucket 61: 40%
  bucket 52: 50%
  bucket 63: 40%
  bucket 59: 40%
  bucket 60: 40%
  bucket 50: 60%
  bucket 54: 50%
  bucket 62: 40%
  bucket 55: 50%
  bucket 65: 40%
  bucket 64: 40%
  bucket 66: 40%
  bucket 67: 40%
  bucket 57: 50%
  bucket 56: 50%
  bucket 49: 70%
  bucket 48: 80%
  bucket 47: 90%
  bucket 58: 50%
  bucket 53: 60%
  bucket 69: 40%
  bucket 61: 50%
  bucket 52: 60%
  bucket 51: 60%
  bucket 50: 70%
  bucket 63: 50%
  bucket 68: 40%
  bucket 60: 50%
  bucket 59: 50%
  bucket 54: 60%
  bucket 55: 60%
  bucket 62: 50%
  bucket 65: 50%
  bucket 64: 50%
  bucket 66: 50%
  bucket 49: 80%
  bucket 67: 50%
  bucket 57: 60%
  bucket 56: 60%
  bucket 48: 90%
  bucket 47: 100%
  Sorting block of length 605771 for bucket 47
  (Using difference cover)
  bucket 53: 70%
  bucket 58: 60%
  bucket 50: 80%
  bucket 61: 60%
  bucket 52: 70%
  bucket 69: 50%
  bucket 63: 60%
  bucket 51: 70%
  bucket 68: 50%
  bucket 60: 60%
  bucket 59: 60%
  bucket 54: 70%
  bucket 55: 70%
  bucket 65: 60%
  bucket 62: 60%
  bucket 64: 60%
  bucket 49: 90%
  bucket 66: 60%
  bucket 67: 60%
  bucket 57: 70%
  bucket 48: 100%
  Sorting block of length 291717 for bucket 48
  (Using difference cover)
  bucket 56: 70%
  bucket 53: 80%
  bucket 50: 90%
  bucket 58: 70%
  Sorting block time: 00:00:00
Returning block of 605772 for bucket 47
  bucket 61: 70%
  bucket 52: 80%
Getting block 70 of 183
  Reserving size (662590) for bucket 70
  Calculating Z arrays for bucket 70
  Entering block accumulator loop for bucket 70:
  bucket 63: 70%
  Sorting block time: 00:00:00
Returning block of 291718 for bucket 48
  bucket 69: 60%
  bucket 51: 80%
Getting block 71 of 183
  Reserving size (662590) for bucket 71
  Calculating Z arrays for bucket 71
  Entering block accumulator loop for bucket 71:
  bucket 68: 60%
  bucket 60: 70%
  bucket 59: 70%
  bucket 54: 80%
  bucket 49: 100%
  Sorting block of length 379486 for bucket 49
  (Using difference cover)
  bucket 55: 80%
  bucket 65: 70%
  bucket 64: 70%
  bucket 62: 70%
  bucket 66: 70%
  bucket 57: 80%
  bucket 67: 70%
  bucket 56: 80%
  bucket 50: 100%
  Sorting block of length 403984 for bucket 50
  (Using difference cover)
  bucket 53: 90%
  bucket 58: 80%
  bucket 52: 90%
  bucket 61: 80%
  bucket 63: 80%
  bucket 70: 10%
  Sorting block time: 00:00:01
Returning block of 379487 for bucket 49
  bucket 51: 90%
Getting block 72 of 183
  Reserving size (662590) for bucket 72
  Calculating Z arrays for bucket 72
  Entering block accumulator loop for bucket 72:
  bucket 69: 70%
  bucket 71: 10%
  bucket 60: 80%
  bucket 54: 90%
  bucket 68: 70%
  bucket 59: 80%
  bucket 65: 80%
  bucket 55: 90%
  Sorting block time: 00:00:01
Returning block of 403985 for bucket 50
  bucket 64: 80%
  bucket 66: 80%
  bucket 62: 80%
Getting block 73 of 183
  Reserving size (662590) for bucket 73
  Calculating Z arrays for bucket 73
  Entering block accumulator loop for bucket 73:
  bucket 57: 90%
  bucket 67: 80%
  bucket 53: 100%
  Sorting block of length 156805 for bucket 53
  (Using difference cover)
  bucket 56: 90%
  bucket 52: 100%
  Sorting block of length 405854 for bucket 52
  (Using difference cover)
  bucket 61: 90%
  bucket 63: 90%
  bucket 58: 90%
  Sorting block time: 00:00:00
Returning block of 156806 for bucket 53
  bucket 70: 20%
Getting block 74 of 183
  Reserving size (662590) for bucket 74
  Calculating Z arrays for bucket 74
  Entering block accumulator loop for bucket 74:
  bucket 51: 100%
  Sorting block of length 348882 for bucket 51
  (Using difference cover)
  bucket 69: 80%
  bucket 72: 10%
  bucket 71: 20%
  bucket 54: 100%
  Sorting block of length 619800 for bucket 54
  (Using difference cover)
  bucket 60: 90%
  bucket 65: 90%
  bucket 68: 80%
  bucket 55: 100%
  Sorting block of length 627052 for bucket 55
  (Using difference cover)
  bucket 59: 90%
  bucket 64: 90%
  bucket 66: 90%
  bucket 62: 90%
  bucket 57: 100%
  Sorting block of length 492672 for bucket 57
  (Using difference cover)
  bucket 73: 10%
  bucket 67: 90%
  Sorting block time: 00:00:00
Returning block of 348883 for bucket 51
  Sorting block time: 00:00:00
Returning block of 405855 for bucket 52
Getting block 75 of 183
  Reserving size (662590) for bucket 75
  Calculating Z arrays for bucket 75
  Entering block accumulator loop for bucket 75:
  bucket 56: 100%
  Sorting block of length 548605 for bucket 56
  (Using difference cover)
Getting block 76 of 183
  Reserving size (662590) for bucket 76
  Calculating Z arrays for bucket 76
  Entering block accumulator loop for bucket 76:
  bucket 63: 100%
  Sorting block of length 96902 for bucket 63
  (Using difference cover)
  bucket 61: 100%
  Sorting block of length 230388 for bucket 61
  (Using difference cover)
  bucket 58: 100%
  Sorting block of length 279557 for bucket 58
  (Using difference cover)
  bucket 70: 30%
  Sorting block time: 00:00:00
Returning block of 96903 for bucket 63
Getting block 77 of 183
  Reserving size (662590) for bucket 77
  Calculating Z arrays for bucket 77
  Entering block accumulator loop for bucket 77:
  bucket 74: 10%
  bucket 69: 90%
  Sorting block time: 00:00:00
Returning block of 230389 for bucket 61
Getting block 78 of 183
  Reserving size (662590) for bucket 78
  Calculating Z arrays for bucket 78
  Entering block accumulator loop for bucket 78:
  bucket 65: 100%
  Sorting block of length 428429 for bucket 65
  (Using difference cover)
  bucket 60: 100%
  Sorting block of length 593555 for bucket 60
  (Using difference cover)
  bucket 71: 30%
  bucket 72: 20%
  bucket 59: 100%
  Sorting block of length 624397 for bucket 59
  (Using difference cover)
  bucket 64: 100%
  Sorting block of length 607892 for bucket 64
  (Using difference cover)
  bucket 66: 100%
  Sorting block of length 403665 for bucket 66
  (Using difference cover)
  bucket 62: 100%
  Sorting block of length 578172 for bucket 62
  (Using difference cover)
  Sorting block time: 00:00:00
Returning block of 619801 for bucket 54
  bucket 68: 90%
  Sorting block time: 00:00:00
Returning block of 279558 for bucket 58
Getting block 79 of 183
  Reserving size (662590) for bucket 79
  Calculating Z arrays for bucket 79
  Entering block accumulator loop for bucket 79:
  Sorting block time: 00:00:00
Returning block of 492673 for bucket 57
Getting block 80 of 183
  Reserving size (662590) for bucket 80
  Calculating Z arrays for bucket 80
  Entering block accumulator loop for bucket 80:
  Sorting block time: 00:00:00
Returning block of 627053 for bucket 55
  bucket 67: 100%
  Sorting block of length 300178 for bucket 67
  (Using difference cover)
Getting block 81 of 183
  Reserving size (662590) for bucket 81
  Calculating Z arrays for bucket 81
  Entering block accumulator loop for bucket 81:
Getting block 82 of 183
  Reserving size (662590) for bucket 82
  Calculating Z arrays for bucket 82
  Entering block accumulator loop for bucket 82:
  bucket 73: 20%
  bucket 75: 10%
  Sorting block time: 00:00:00
Returning block of 548606 for bucket 56
  bucket 76: 10%
Getting block 83 of 183
  Reserving size (662590) for bucket 83
  Calculating Z arrays for bucket 83
  Entering block accumulator loop for bucket 83:
  bucket 70: 40%
  bucket 69: 100%
  Sorting block of length 569165 for bucket 69
  (Using difference cover)
  bucket 77: 10%
  bucket 74: 20%
  Sorting block time: 00:00:00
Returning block of 428430 for bucket 65
  Sorting block time: 00:00:00
Returning block of 403666 for bucket 66
  Sorting block time: 00:00:00
Returning block of 300179 for bucket 67
Getting block 84 of 183
  Reserving size (662590) for bucket 84
  Calculating Z arrays for bucket 84
  Entering block accumulator loop for bucket 84:
Getting block 85 of 183
  Reserving size (662590) for bucket 85
  Calculating Z arrays for bucket 85
  Entering block accumulator loop for bucket 85:
Getting block 86 of 183
  Reserving size (662590) for bucket 86
  Calculating Z arrays for bucket 86
  Entering block accumulator loop for bucket 86:
  bucket 71: 40%
  bucket 78: 10%
  bucket 72: 30%
  bucket 68: 100%
  Sorting block of length 594360 for bucket 68
  (Using difference cover)
  Sorting block time: 00:00:00
Returning block of 607893 for bucket 64
  Sorting block time: 00:00:00
Returning block of 593556 for bucket 60
Getting block 87 of 183
  Reserving size (662590) for bucket 87
  Calculating Z arrays for bucket 87
  Entering block accumulator loop for bucket 87:
  Sorting block time: 00:00:00
Returning block of 624398 for bucket 59
  bucket 79: 10%
Getting block 88 of 183
  Reserving size (662590) for bucket 88
  Calculating Z arrays for bucket 88
  Entering block accumulator loop for bucket 88:
  bucket 80: 10%
  Sorting block time: 00:00:00
Returning block of 578173 for bucket 62
Getting block 89 of 183
  Reserving size (662590) for bucket 89
  Calculating Z arrays for bucket 89
  Entering block accumulator loop for bucket 89:
  bucket 81: 10%
  bucket 73: 30%
  bucket 82: 10%
Getting block 90 of 183
  Reserving size (662590) for bucket 90
  Calculating Z arrays for bucket 90
  Entering block accumulator loop for bucket 90:
  bucket 76: 20%
  bucket 75: 20%
  bucket 70: 50%
  bucket 83: 10%
  bucket 77: 20%
  bucket 74: 30%
  Sorting block time: 00:00:00
Returning block of 569166 for bucket 69
Getting block 91 of 183
  Reserving size (662590) for bucket 91
  Calculating Z arrays for bucket 91
  Entering block accumulator loop for bucket 91:
  bucket 71: 50%
  bucket 85: 10%
  bucket 86: 10%
  bucket 78: 20%
  bucket 84: 10%
  bucket 72: 40%
  Sorting block time: 00:00:00
Returning block of 594361 for bucket 68
Getting block 92 of 183
  Reserving size (662590) for bucket 92
  Calculating Z arrays for bucket 92
  Entering block accumulator loop for bucket 92:
  bucket 87: 10%
  bucket 79: 20%
  bucket 88: 10%
  bucket 80: 20%
  bucket 81: 20%
  bucket 73: 40%
  bucket 89: 10%
  bucket 82: 20%
  bucket 90: 10%
  bucket 76: 30%
  bucket 75: 30%
  bucket 70: 60%
  bucket 83: 20%
  bucket 77: 30%
  bucket 74: 40%
  bucket 71: 60%
  bucket 91: 10%
  bucket 85: 20%
  bucket 78: 30%
  bucket 86: 20%
  bucket 84: 20%
  bucket 72: 50%
  bucket 92: 10%
  bucket 79: 30%
  bucket 87: 20%
  bucket 80: 30%
  bucket 88: 20%
  bucket 81: 30%
  bucket 73: 50%
  bucket 89: 20%
  bucket 76: 40%
  bucket 82: 30%
  bucket 75: 40%
  bucket 70: 70%
  bucket 90: 20%
  bucket 83: 30%
  bucket 77: 40%
  bucket 74: 50%
  bucket 71: 70%
  bucket 85: 30%
  bucket 91: 20%
  bucket 78: 40%
  bucket 86: 30%
  bucket 72: 60%
  bucket 84: 30%
  bucket 87: 30%
  bucket 79: 40%
  bucket 88: 30%
  bucket 80: 40%
  bucket 92: 20%
  bucket 73: 60%
  bucket 81: 40%
  bucket 70: 80%
  bucket 76: 50%
  bucket 89: 30%
  bucket 75: 50%
  bucket 82: 40%
  bucket 90: 30%
  bucket 83: 40%
  bucket 77: 50%
  bucket 74: 60%
  bucket 71: 80%
  bucket 85: 40%
  bucket 78: 50%
  bucket 91: 30%
  bucket 86: 40%
  bucket 72: 70%
  bucket 84: 40%
  bucket 79: 50%
  bucket 87: 40%
  bucket 80: 50%
  bucket 70: 90%
  bucket 73: 70%
  bucket 92: 30%
  bucket 81: 50%
  bucket 76: 60%
  bucket 88: 40%
  bucket 75: 60%
  bucket 89: 40%
  bucket 82: 50%
  bucket 90: 40%
  bucket 77: 60%
  bucket 83: 50%
  bucket 71: 90%
  bucket 74: 70%
  bucket 85: 50%
  bucket 78: 60%
  bucket 91: 40%
  bucket 86: 50%
  bucket 72: 80%
  bucket 84: 50%
  bucket 70: 100%
  Sorting block of length 563620 for bucket 70
  (Using difference cover)
  bucket 80: 60%
  bucket 79: 60%
  bucket 87: 50%
  bucket 73: 80%
  bucket 76: 70%
  bucket 75: 70%
  bucket 81: 60%
  bucket 92: 40%
  bucket 88: 50%
  bucket 89: 50%
  bucket 82: 60%
  bucket 90: 50%
  bucket 77: 70%
  bucket 83: 60%
  bucket 71: 100%
  Sorting block of length 526359 for bucket 71
  (Using difference cover)
  bucket 74: 80%
  bucket 85: 60%
  bucket 78: 70%
  bucket 91: 50%
  bucket 86: 60%
  bucket 72: 90%
  Sorting block time: 00:00:00
Returning block of 563621 for bucket 70
Getting block 93 of 183
  Reserving size (662590) for bucket 93
  Calculating Z arrays for bucket 93
  Entering block accumulator loop for bucket 93:
  bucket 84: 60%
  bucket 80: 70%
  bucket 76: 80%
  bucket 79: 70%
  bucket 87: 60%
  bucket 73: 90%
  bucket 75: 80%
  bucket 88: 60%
  bucket 81: 70%
  bucket 92: 50%
  bucket 89: 60%
  bucket 82: 70%
  bucket 77: 80%
  bucket 90: 60%
  bucket 83: 70%
  bucket 74: 90%
  Sorting block time: 00:00:00
Returning block of 526360 for bucket 71
  bucket 85: 70%
  bucket 78: 80%
Getting block 94 of 183
  Reserving size (662590) for bucket 94
  Calculating Z arrays for bucket 94
  Entering block accumulator loop for bucket 94:
  bucket 91: 60%
  bucket 86: 70%
  bucket 72: 100%
  Sorting block of length 616326 for bucket 72
  (Using difference cover)
  bucket 76: 90%
  bucket 73: 100%
  Sorting block of length 455726 for bucket 73
  (Using difference cover)
  bucket 80: 80%
  bucket 84: 70%
  bucket 93: 10%
  bucket 79: 80%
  bucket 75: 90%
  bucket 87: 70%
  bucket 88: 70%
  bucket 81: 80%
  bucket 92: 60%
  bucket 89: 70%
  bucket 82: 80%
  bucket 77: 90%
  bucket 90: 70%
  bucket 83: 80%
  bucket 74: 100%
  Sorting block of length 552673 for bucket 74
  (Using difference cover)
  bucket 85: 80%
  bucket 78: 90%
  bucket 91: 70%
  bucket 86: 80%
  bucket 94: 10%
  Sorting block time: 00:00:01
Returning block of 455727 for bucket 73
Getting block 95 of 183
  Reserving size (662590) for bucket 95
  Calculating Z arrays for bucket 95
  Entering block accumulator loop for bucket 95:
  Sorting block time: 00:00:01
Returning block of 616327 for bucket 72
  bucket 76: 100%
  Sorting block of length 258887 for bucket 76
  (Using difference cover)
  bucket 75: 100%
  Sorting block of length 412946 for bucket 75
  (Using difference cover)
Getting block 96 of 183
  Reserving size (662590) for bucket 96
  Calculating Z arrays for bucket 96
  Entering block accumulator loop for bucket 96:
  bucket 80: 90%
  bucket 93: 20%
  bucket 79: 90%
  bucket 87: 80%
  bucket 84: 80%
  bucket 81: 90%
  bucket 88: 80%
  bucket 92: 70%
  bucket 89: 80%
  bucket 77: 100%
  Sorting block of length 610343 for bucket 77
  (Using difference cover)
  bucket 82: 90%
  Sorting block time: 00:00:00
Returning block of 552674 for bucket 74
Getting block 97 of 183
  Reserving size (662590) for bucket 97
  Calculating Z arrays for bucket 97
  Entering block accumulator loop for bucket 97:
  Sorting block time: 00:00:00
Returning block of 258888 for bucket 76
  bucket 83: 90%
Getting block 98 of 183
  Reserving size (662590) for bucket 98
  Calculating Z arrays for bucket 98
  Entering block accumulator loop for bucket 98:
  bucket 90: 80%
  bucket 78: 100%
  Sorting block of length 256989 for bucket 78
  (Using difference cover)
  bucket 85: 90%
  bucket 86: 90%
  bucket 91: 80%
  bucket 94: 20%
  Sorting block time: 00:00:00
Returning block of 412947 for bucket 75
Getting block 99 of 183
  Reserving size (662590) for bucket 99
  Calculating Z arrays for bucket 99
  Entering block accumulator loop for bucket 99:
  bucket 95: 10%
  bucket 80: 100%
  Sorting block of length 339935 for bucket 80
  (Using difference cover)
  Sorting block time: 00:00:00
Returning block of 256990 for bucket 78
  bucket 79: 100%
  bucket 96: 10%
  Sorting block of length 459775 for bucket 79
  (Using difference cover)
Getting block 100 of 183
  Reserving size (662590) for bucket 100
  Calculating Z arrays for bucket 100
  Entering block accumulator loop for bucket 100:
  bucket 87: 90%
  bucket 93: 30%
  bucket 81: 100%
  Sorting block of length 502603 for bucket 81
  (Using difference cover)
  bucket 84: 90%
  bucket 88: 90%
  bucket 92: 80%
  bucket 89: 90%
  bucket 82: 100%
  Sorting block of length 662124 for bucket 82
  (Using difference cover)
  Sorting block time: 00:00:00
Returning block of 610344 for bucket 77
  bucket 97: 10%
  bucket 83: 100%
  Sorting block of length 480811 for bucket 83
  (Using difference cover)
  bucket 98: 10%
  Sorting block time: 00:00:00
Returning block of 339936 for bucket 80
  bucket 85: 100%
  Sorting block of length 254234 for bucket 85
  (Using difference cover)
Getting block 101 of 183
  Reserving size (662590) for bucket 101
  Calculating Z arrays for bucket 101
  Entering block accumulator loop for bucket 101:
  bucket 90: 90%
Getting block 102 of 183
  Reserving size (662590) for bucket 102
  Calculating Z arrays for bucket 102
  Entering block accumulator loop for bucket 102:
  bucket 86: 100%
  Sorting block of length 567357 for bucket 86
  (Using difference cover)
  bucket 91: 90%
  bucket 94: 30%
  bucket 99: 10%
  Sorting block time: 00:00:00
Returning block of 459776 for bucket 79
  Sorting block time: 00:00:00
Returning block of 254235 for bucket 85
Getting block 103 of 183
  Reserving size (662590) for bucket 103
  Calculating Z arrays for bucket 103
  Entering block accumulator loop for bucket 103:
Getting block 104 of 183
  Reserving size (662590) for bucket 104
  Calculating Z arrays for bucket 104
  Entering block accumulator loop for bucket 104:
  bucket 87: 100%
  Sorting block of length 396199 for bucket 87
  (Using difference cover)
  bucket 100: 10%
  bucket 95: 20%
  bucket 93: 40%
  bucket 96: 20%
  bucket 84: 100%
  Sorting block of length 598909 for bucket 84
  (Using difference cover)
  Sorting block time: 00:00:00
Returning block of 502604 for bucket 81
  bucket 88: 100%
  Sorting block of length 332654 for bucket 88
  (Using difference cover)
Getting block 105 of 183
  Reserving size (662590) for bucket 105
  Calculating Z arrays for bucket 105
  Entering block accumulator loop for bucket 105:
  bucket 92: 90%
  bucket 89: 100%
  Sorting block of length 556399 for bucket 89
  (Using difference cover)
  bucket 97: 20%
  Sorting block time: 00:00:00
Returning block of 480812 for bucket 83
  bucket 98: 20%
  bucket 90: 100%
  Sorting block of length 598479 for bucket 90
  (Using difference cover)
Getting block 106 of 183
  Reserving size (662590) for bucket 106
  Calculating Z arrays for bucket 106
  Entering block accumulator loop for bucket 106:
  bucket 101: 10%
  bucket 102: 10%
  Sorting block time: 00:00:00
Returning block of 662125 for bucket 82
  bucket 91: 100%
  Sorting block of length 340362 for bucket 91
  (Using difference cover)
  Sorting block time: 00:00:00
Returning block of 332655 for bucket 88
  bucket 94: 40%
Getting block 107 of 183
  Reserving size (662590) for bucket 107
  Calculating Z arrays for bucket 107
  Entering block accumulator loop for bucket 107:
Getting block 108 of 183
  Reserving size (662590) for bucket 108
  Calculating Z arrays for bucket 108
  Entering block accumulator loop for bucket 108:
  Sorting block time: 00:00:00
Returning block of 396200 for bucket 87
Getting block 109 of 183
  Reserving size (662590) for bucket 109
  Calculating Z arrays for bucket 109
  Entering block accumulator loop for bucket 109:
  bucket 99: 20%
  Sorting block time: 00:00:00
Returning block of 567358 for bucket 86
Getting block 110 of 183
  Reserving size (662590) for bucket 110
  Calculating Z arrays for bucket 110
  Entering block accumulator loop for bucket 110:
  bucket 103: 10%
  bucket 104: 10%
  bucket 100: 20%
  bucket 93: 50%
  bucket 96: 30%
  Sorting block time: 00:00:00
Returning block of 598910 for bucket 84
  bucket 95: 30%
  Sorting block time: 00:00:00
Returning block of 556400 for bucket 89
  bucket 105: 10%
Getting block 111 of 183
  Reserving size (662590) for bucket 111
  Calculating Z arrays for bucket 111
  Entering block accumulator loop for bucket 111:
  bucket 92: 100%
  Sorting block of length 585440 for bucket 92
  (Using difference cover)
Getting block 112 of 183
  Reserving size (662590) for bucket 112
  Calculating Z arrays for bucket 112
  Entering block accumulator loop for bucket 112:
  Sorting block time: 00:00:00
Returning block of 340363 for bucket 91
Getting block 113 of 183
  Reserving size (662590) for bucket 113
  Calculating Z arrays for bucket 113
  Entering block accumulator loop for bucket 113:
  bucket 97: 30%
  bucket 98: 30%
  Sorting block time: 00:00:00
Returning block of 598480 for bucket 90
  bucket 101: 20%
  bucket 106: 10%
Getting block 114 of 183
  Reserving size (662590) for bucket 114
  Calculating Z arrays for bucket 114
  Entering block accumulator loop for bucket 114:
  bucket 102: 20%
  bucket 94: 50%
  bucket 107: 10%
  bucket 108: 10%
  bucket 99: 30%
  bucket 109: 10%
  bucket 103: 20%
  bucket 104: 20%
  bucket 110: 10%
  bucket 100: 30%
  bucket 93: 60%
  bucket 96: 40%
  bucket 105: 20%
  bucket 111: 10%
  bucket 95: 40%
  Sorting block time: 00:00:00
Returning block of 585441 for bucket 92
  bucket 112: 10%
Getting block 115 of 183
  Reserving size (662590) for bucket 115
  Calculating Z arrays for bucket 115
  Entering block accumulator loop for bucket 115:
  bucket 113: 10%
  bucket 97: 40%
  bucket 98: 40%
  bucket 101: 30%
  bucket 106: 20%
  bucket 102: 30%
  bucket 114: 10%
  bucket 94: 60%
  bucket 107: 20%
  bucket 99: 40%
  bucket 108: 20%
  bucket 109: 20%
  bucket 103: 30%
  bucket 104: 30%
  bucket 110: 20%
  bucket 100: 40%
  bucket 93: 70%
  bucket 96: 50%
  bucket 105: 30%
  bucket 111: 20%
  bucket 95: 50%
  bucket 112: 20%
  bucket 115: 10%
  bucket 97: 50%
  bucket 98: 50%
  bucket 113: 20%
  bucket 101: 40%
  bucket 106: 30%
  bucket 102: 40%
  bucket 94: 70%
  bucket 114: 20%
  bucket 107: 30%
  bucket 99: 50%
  bucket 108: 30%
  bucket 103: 40%
  bucket 104: 40%
  bucket 109: 30%
  bucket 110: 30%
  bucket 100: 50%
  bucket 93: 80%
  bucket 96: 60%
  bucket 105: 40%
  bucket 111: 30%
  bucket 115: 20%
  bucket 112: 30%
  bucket 97: 60%
  bucket 95: 60%
  bucket 98: 60%
  bucket 113: 30%
  bucket 101: 50%
  bucket 106: 40%
  bucket 94: 80%
  bucket 102: 50%
  bucket 107: 40%
  bucket 114: 30%
  bucket 99: 60%
  bucket 108: 40%
  bucket 103: 50%
  bucket 104: 50%
  bucket 109: 40%
  bucket 100: 60%
  bucket 110: 40%
  bucket 93: 90%
  bucket 96: 70%
  bucket 105: 50%
  bucket 111: 40%
  bucket 115: 30%
  bucket 97: 70%
  bucket 98: 70%
  bucket 112: 40%
  bucket 101: 60%
  bucket 113: 40%
  bucket 95: 70%
  bucket 106: 50%
  bucket 94: 90%
  bucket 102: 60%
  bucket 107: 50%
  bucket 99: 70%
  bucket 104: 60%
  bucket 103: 60%
  bucket 108: 50%
  bucket 114: 40%
  bucket 100: 70%
  bucket 109: 50%
  bucket 93: 100%
  Sorting block of length 653933 for bucket 93
  (Using difference cover)
  bucket 110: 50%
  bucket 96: 80%
  bucket 105: 60%
  bucket 111: 50%
  bucket 97: 80%
  bucket 98: 80%
  bucket 115: 40%
  bucket 101: 70%
  bucket 113: 50%
  bucket 112: 50%
  bucket 106: 60%
  bucket 95: 80%
  bucket 94: 100%
  Sorting block of length 539846 for bucket 94
  (Using difference cover)
  bucket 102: 70%
  bucket 107: 60%
  bucket 99: 80%
  bucket 104: 70%
  bucket 103: 70%
  bucket 114: 50%
  bucket 108: 60%
  bucket 100: 80%
  bucket 109: 60%
  bucket 110: 60%
  Sorting block time: 00:00:00
Returning block of 653934 for bucket 93
  bucket 96: 90%
Getting block 116 of 183
  Reserving size (662590) for bucket 116
  Calculating Z arrays for bucket 116
  Entering block accumulator loop for bucket 116:
  bucket 105: 70%
  bucket 111: 60%
  bucket 98: 90%
  bucket 97: 90%
  bucket 101: 80%
  bucket 115: 50%
  bucket 113: 60%
  bucket 112: 60%
  bucket 106: 70%
  Sorting block time: 00:00:00
Returning block of 539847 for bucket 94
  bucket 95: 90%
Getting block 117 of 183
  Reserving size (662590) for bucket 117
  Calculating Z arrays for bucket 117
  Entering block accumulator loop for bucket 117:
  bucket 102: 80%
  bucket 107: 70%
  bucket 104: 80%
  bucket 99: 90%
  bucket 103: 80%
  bucket 108: 70%
  bucket 100: 90%
  bucket 114: 60%
  bucket 109: 70%
  bucket 110: 70%
  bucket 96: 100%
  Sorting block of length 540692 for bucket 96
  (Using difference cover)
  bucket 105: 80%
  bucket 116: 10%
  bucket 111: 70%
  bucket 98: 100%
  Sorting block of length 381956 for bucket 98
  (Using difference cover)
  bucket 97: 100%
  Sorting block of length 282306 for bucket 97
  (Using difference cover)
  bucket 101: 90%
  bucket 115: 60%
  bucket 113: 70%
  bucket 106: 80%
  bucket 112: 70%
  Sorting block time: 00:00:00
Returning block of 282307 for bucket 97
  bucket 102: 90%
Getting block 118 of 183
  Reserving size (662590) for bucket 118
  Calculating Z arrays for bucket 118
  bucket 117: 10%
  Entering block accumulator loop for bucket 118:
  bucket 95: 100%
  Sorting block of length 365955 for bucket 95
  (Using difference cover)
  bucket 107: 80%
  bucket 104: 90%
  bucket 103: 90%
  bucket 99: 100%
  Sorting block of length 495079 for bucket 99
  (Using difference cover)
  bucket 100: 100%
  Sorting block of length 364644 for bucket 100
  (Using difference cover)
  bucket 108: 80%
  Sorting block time: 00:00:00
Returning block of 540693 for bucket 96
  Sorting block time: 00:00:00
Returning block of 381957 for bucket 98
  bucket 114: 70%
  bucket 109: 80%
Getting block 119 of 183
  Reserving size (662590) for bucket 119
  Calculating Z arrays for bucket 119
  Entering block accumulator loop for bucket 119:
Getting block 120 of 183
  Reserving size (662590) for bucket 120
  Calculating Z arrays for bucket 120
  Entering block accumulator loop for bucket 120:
  bucket 110: 80%
  bucket 105: 90%
  bucket 116: 20%
  bucket 111: 80%
  bucket 101: 100%
  Sorting block of length 441890 for bucket 101
  (Using difference cover)
  Sorting block time: 00:00:00
Returning block of 365956 for bucket 95
Getting block 121 of 183
  Reserving size (662590) for bucket 121
  Calculating Z arrays for bucket 121
  Entering block accumulator loop for bucket 121:
  bucket 115: 70%
  bucket 113: 80%
  bucket 106: 90%
  Sorting block time: 00:00:00
Returning block of 364645 for bucket 100
  bucket 112: 80%
Getting block 122 of 183
  Reserving size (662590) for bucket 122
  Calculating Z arrays for bucket 122
  Entering block accumulator loop for bucket 122:
  Sorting block time: 00:00:00
Returning block of 495080 for bucket 99
Getting block 123 of 183
  Reserving size (662590) for bucket 123
  Calculating Z arrays for bucket 123
  Entering block accumulator loop for bucket 123:
  bucket 102: 100%
  Sorting block of length 400295 for bucket 102
  (Using difference cover)
  bucket 117: 20%
  bucket 104: 100%
  Sorting block of length 92813 for bucket 104
  (Using difference cover)
  bucket 107: 90%
  bucket 118: 10%
  bucket 103: 100%
  Sorting block of length 578402 for bucket 103
  (Using difference cover)
  Sorting block time: 00:00:00
Returning block of 92814 for bucket 104
Getting block 124 of 183
  Reserving size (662590) for bucket 124
  Calculating Z arrays for bucket 124
  Entering block accumulator loop for bucket 124:
  bucket 108: 90%
  bucket 119: 10%
  bucket 120: 10%
  bucket 109: 90%
  bucket 110: 90%
  bucket 114: 80%
  Sorting block time: 00:00:00
Returning block of 441891 for bucket 101
  bucket 105: 100%
  Sorting block of length 627620 for bucket 105
  (Using difference cover)
  bucket 116: 30%
Getting block 125 of 183
  Reserving size (662590) for bucket 125
  Calculating Z arrays for bucket 125
  Entering block accumulator loop for bucket 125:
  bucket 111: 90%
  bucket 121: 10%
  Sorting block time: 00:00:00
Returning block of 400296 for bucket 102
  bucket 115: 80%
Getting block 126 of 183
  Reserving size (662590) for bucket 126
  Calculating Z arrays for bucket 126
  Entering block accumulator loop for bucket 126:
  bucket 113: 90%
  bucket 106: 100%
  Sorting block of length 369275 for bucket 106
  (Using difference cover)
  bucket 122: 10%
  bucket 112: 90%
  Sorting block time: 00:00:00
Returning block of 578403 for bucket 103
  bucket 123: 10%
Getting block 127 of 183
  Reserving size (662590) for bucket 127
  Calculating Z arrays for bucket 127
  Entering block accumulator loop for bucket 127:
  bucket 117: 30%
  bucket 107: 100%
  Sorting block of length 451568 for bucket 107
  (Using difference cover)
  bucket 118: 20%
  bucket 124: 10%
  bucket 108: 100%
  Sorting block of length 648333 for bucket 108
  (Using difference cover)
  bucket 119: 20%
  bucket 120: 20%
  bucket 110: 100%
  Sorting block of length 529746 for bucket 110
  (Using difference cover)
  bucket 109: 100%
  Sorting block of length 589042 for bucket 109
  (Using difference cover)
  bucket 114: 90%
  Sorting block time: 00:00:00
Returning block of 369276 for bucket 106
  bucket 125: 10%
Getting block 128 of 183
  Reserving size (662590) for bucket 128
  Calculating Z arrays for bucket 128
  Entering block accumulator loop for bucket 128:
  bucket 116: 40%
  bucket 111: 100%
  Sorting block of length 156605 for bucket 111
  (Using difference cover)
  Sorting block time: 00:00:00
Returning block of 627621 for bucket 105
  bucket 121: 20%
Getting block 129 of 183
  Reserving size (662590) for bucket 129
  Calculating Z arrays for bucket 129
  Entering block accumulator loop for bucket 129:
  bucket 115: 90%
  bucket 126: 10%
  bucket 113: 100%
  Sorting block of length 638463 for bucket 113
  (Using difference cover)
  Sorting block time: 00:00:00
Returning block of 156606 for bucket 111
Getting block 130 of 183
  Reserving size (662590) for bucket 130
  Calculating Z arrays for bucket 130
  Entering block accumulator loop for bucket 130:
  Sorting block time: 00:00:00
Returning block of 451569 for bucket 107
Getting block 131 of 183
  Reserving size (662590) for bucket 131
  Calculating Z arrays for bucket 131
  Entering block accumulator loop for bucket 131:
  bucket 122: 20%
  bucket 112: 100%
  Sorting block of length 544429 for bucket 112
  (Using difference cover)
  bucket 123: 20%
  bucket 127: 10%
  bucket 117: 40%
  bucket 118: 30%
  bucket 124: 20%
  Sorting block time: 00:00:00
Returning block of 648334 for bucket 108
  bucket 119: 30%
  bucket 120: 30%
Getting block 132 of 183
  Reserving size (662590) for bucket 132
  Calculating Z arrays for bucket 132
  Entering block accumulator loop for bucket 132:
  Sorting block time: 00:00:00
Returning block of 529747 for bucket 110
  Sorting block time: 00:00:00
Returning block of 589043 for bucket 109
Getting block 133 of 183
  Reserving size (662590) for bucket 133
  Calculating Z arrays for bucket 133
  Entering block accumulator loop for bucket 133:
Getting block 134 of 183
  Reserving size (662590) for bucket 134
  Calculating Z arrays for bucket 134
  Entering block accumulator loop for bucket 134:
  bucket 125: 20%
  bucket 114: 100%
  Sorting block of length 612198 for bucket 114
  (Using difference cover)
  bucket 116: 50%
  bucket 128: 10%
  bucket 121: 30%
  bucket 129: 10%
  bucket 115: 100%
  Sorting block of length 312117 for bucket 115
  (Using difference cover)
  bucket 126: 20%
  Sorting block time: 00:00:00
Returning block of 544430 for bucket 112
  Sorting block time: 00:00:00
Returning block of 638464 for bucket 113
Getting block 135 of 183
  Reserving size (662590) for bucket 135
  Calculating Z arrays for bucket 135
  Entering block accumulator loop for bucket 135:
  bucket 130: 10%
  bucket 122: 30%
Getting block 136 of 183
  Reserving size (662590) for bucket 136
  Calculating Z arrays for bucket 136
  Entering block accumulator loop for bucket 136:
  bucket 123: 30%
  bucket 131: 10%
  bucket 127: 20%
  bucket 117: 50%
  bucket 118: 40%
  bucket 124: 30%
  bucket 119: 40%
  Sorting block time: 00:00:00
Returning block of 312118 for bucket 115
  bucket 120: 40%
Getting block 137 of 183
  Reserving size (662590) for bucket 137
  Calculating Z arrays for bucket 137
  Entering block accumulator loop for bucket 137:
  bucket 132: 10%
  bucket 125: 30%
  Sorting block time: 00:00:01
Returning block of 612199 for bucket 114
  bucket 133: 10%
  bucket 134: 10%
  bucket 116: 60%
Getting block 138 of 183
  Reserving size (662590) for bucket 138
  Calculating Z arrays for bucket 138
  Entering block accumulator loop for bucket 138:
  bucket 128: 20%
  bucket 121: 40%
  bucket 126: 30%
  bucket 129: 20%
  bucket 130: 20%
  bucket 135: 10%
  bucket 122: 40%
  bucket 123: 40%
  bucket 127: 30%
  bucket 136: 10%
  bucket 131: 20%
  bucket 117: 60%
  bucket 124: 40%
  bucket 118: 50%
  bucket 119: 50%
  bucket 120: 50%
  bucket 125: 40%
  bucket 137: 10%
  bucket 132: 20%
  bucket 133: 20%
  bucket 116: 70%
  bucket 138: 10%
  bucket 134: 20%
  bucket 128: 30%
  bucket 121: 50%
  bucket 126: 40%
  bucket 129: 30%
  bucket 127: 40%
  bucket 122: 50%
  bucket 123: 50%
  bucket 130: 30%
  bucket 135: 20%
  bucket 136: 20%
  bucket 131: 30%
  bucket 117: 70%
  bucket 124: 50%
  bucket 119: 60%
  bucket 118: 60%
  bucket 120: 60%
  bucket 125: 50%
  bucket 137: 20%
  bucket 132: 30%
  bucket 133: 30%
  bucket 116: 80%
  bucket 138: 20%
  bucket 134: 30%
  bucket 121: 60%
  bucket 128: 40%
  bucket 126: 50%
  bucket 129: 40%
  bucket 127: 50%
  bucket 123: 60%
  bucket 122: 60%
  bucket 130: 40%
  bucket 135: 30%
  bucket 136: 30%
  bucket 124: 60%
  bucket 117: 80%
  bucket 131: 40%
  bucket 119: 70%
  bucket 118: 70%
  bucket 125: 60%
  bucket 137: 30%
  bucket 116: 90%
  bucket 133: 40%
  bucket 138: 30%
  bucket 120: 70%
  bucket 132: 40%
  bucket 121: 70%
  bucket 134: 40%
  bucket 126: 60%
  bucket 128: 50%
  bucket 129: 50%
  bucket 127: 60%
  bucket 123: 70%
  bucket 122: 70%
  bucket 124: 70%
  bucket 130: 50%
  bucket 136: 40%
  bucket 135: 40%
  bucket 119: 80%
  bucket 117: 90%
  bucket 131: 50%
  bucket 118: 80%
  bucket 125: 70%
  bucket 116: 100%
  Sorting block of length 641816 for bucket 116
  (Using difference cover)
  bucket 137: 40%
  bucket 133: 50%
  bucket 120: 80%
  bucket 138: 40%
  bucket 132: 50%
  bucket 121: 80%
  bucket 126: 70%
  bucket 134: 50%
  bucket 128: 60%
  bucket 127: 70%
  bucket 129: 60%
  bucket 123: 80%
  bucket 122: 80%
  bucket 124: 80%
  bucket 119: 90%
  bucket 136: 50%
  bucket 130: 60%
  bucket 117: 100%
  Sorting block of length 272337 for bucket 117
  (Using difference cover)
  bucket 135: 50%
  bucket 131: 60%
  bucket 125: 80%
  bucket 118: 90%
  Sorting block time: 00:00:00
Returning block of 641817 for bucket 116
Getting block 139 of 183
  Reserving size (662590) for bucket 139
  Calculating Z arrays for bucket 139
  Entering block accumulator loop for bucket 139:
  bucket 120: 90%
  bucket 133: 60%
  bucket 137: 50%
  Sorting block time: 00:00:01
Returning block of 272338 for bucket 117
  bucket 138: 50%
Getting block 140 of 183
  Reserving size (662590) for bucket 140
  Calculating Z arrays for bucket 140
  Entering block accumulator loop for bucket 140:
  bucket 121: 90%
  bucket 132: 60%
  bucket 126: 80%
  bucket 134: 60%
  bucket 128: 70%
  bucket 127: 80%
  bucket 123: 90%
  bucket 129: 70%
  bucket 122: 90%
  bucket 124: 90%
  bucket 119: 100%
  Sorting block of length 244573 for bucket 119
  (Using difference cover)
  bucket 136: 60%
  bucket 130: 70%
  bucket 135: 60%
  bucket 125: 90%
  bucket 131: 70%
  bucket 118: 100%
  Sorting block of length 447439 for bucket 118
  (Using difference cover)
  Sorting block time: 00:00:00
Returning block of 244574 for bucket 119
Getting block 141 of 183
  Reserving size (662590) for bucket 141
  Calculating Z arrays for bucket 141
  Entering block accumulator loop for bucket 141:
  bucket 120: 100%
  Sorting block of length 575574 for bucket 120
  (Using difference cover)
  bucket 139: 10%
  bucket 133: 70%
  bucket 121: 100%
  Sorting block of length 447233 for bucket 121
  (Using difference cover)
  bucket 137: 60%
  bucket 138: 60%
  bucket 126: 90%
  bucket 132: 70%
  bucket 140: 10%
  bucket 134: 70%
  bucket 128: 80%
  bucket 127: 90%
  bucket 123: 100%
  Sorting block of length 565378 for bucket 123
  (Using difference cover)
  bucket 124: 100%
  Sorting block of length 279836 for bucket 124
  (Using difference cover)
  bucket 129: 80%
  Sorting block time: 00:00:00
Returning block of 447440 for bucket 118
  bucket 122: 100%
  Sorting block of length 631586 for bucket 122
  (Using difference cover)
Getting block 142 of 183
  Reserving size (662590) for bucket 142
  Calculating Z arrays for bucket 142
  Entering block accumulator loop for bucket 142:
  bucket 136: 70%
  bucket 125: 100%
  Sorting block of length 509520 for bucket 125
  (Using difference cover)
  bucket 130: 80%
  bucket 135: 70%
  bucket 131: 80%
  Sorting block time: 00:00:00
Returning block of 447234 for bucket 121
Getting block 143 of 183
  Reserving size (662590) for bucket 143
  Calculating Z arrays for bucket 143
  Entering block accumulator loop for bucket 143:
  bucket 141: 10%
  Sorting block time: 00:00:00
Returning block of 575575 for bucket 120
Getting block 144 of 183
  Reserving size (662590) for bucket 144
  Calculating Z arrays for bucket 144
  Entering block accumulator loop for bucket 144:
  Sorting block time: 00:00:00
Returning block of 279837 for bucket 124
Getting block 145 of 183
  Reserving size (662590) for bucket 145
  Calculating Z arrays for bucket 145
  Entering block accumulator loop for bucket 145:
  bucket 139: 20%
  bucket 133: 80%
  bucket 126: 100%
  Sorting block of length 605922 for bucket 126
  (Using difference cover)
  bucket 138: 70%
  bucket 137: 70%
  bucket 127: 100%
  Sorting block of length 218296 for bucket 127
  (Using difference cover)
  bucket 140: 20%
  bucket 132: 80%
  bucket 134: 80%
  bucket 128: 90%
  Sorting block time: 00:00:00
Returning block of 565379 for bucket 123
  Sorting block time: 00:00:00
Returning block of 631587 for bucket 122
  bucket 142: 10%
  bucket 129: 90%
Getting block 146 of 183
  Reserving size (662590) for bucket 146
  Calculating Z arrays for bucket 146
  Entering block accumulator loop for bucket 146:
Getting block 147 of 183
  Reserving size (662590) for bucket 147
  Calculating Z arrays for bucket 147
  Entering block accumulator loop for bucket 147:
  Sorting block time: 00:00:00
Returning block of 509521 for bucket 125
Getting block 148 of 183
  Reserving size (662590) for bucket 148
  Calculating Z arrays for bucket 148
  Entering block accumulator loop for bucket 148:
  bucket 136: 80%
  bucket 130: 90%
  Sorting block time: 00:00:00
Returning block of 218297 for bucket 127
  bucket 135: 80%
Getting block 149 of 183
  Reserving size (662590) for bucket 149
  Calculating Z arrays for bucket 149
  Entering block accumulator loop for bucket 149:
  bucket 143: 10%
  bucket 141: 20%
  bucket 131: 90%
  bucket 144: 10%
  bucket 145: 10%
  bucket 139: 30%
  bucket 133: 90%
  Sorting block time: 00:00:00
Returning block of 605923 for bucket 126
  bucket 138: 80%
  bucket 137: 80%
Getting block 150 of 183
  Reserving size (662590) for bucket 150
  Calculating Z arrays for bucket 150
  Entering block accumulator loop for bucket 150:
  bucket 132: 90%
  bucket 134: 90%
  bucket 142: 20%
  bucket 128: 100%
  Sorting block of length 599632 for bucket 128
  (Using difference cover)
  bucket 140: 30%
  bucket 146: 10%
  bucket 147: 10%
  bucket 129: 100%
  Sorting block of length 573688 for bucket 129
  (Using difference cover)
  bucket 148: 10%
  bucket 136: 90%
  bucket 149: 10%
  bucket 143: 20%
  bucket 141: 30%
  bucket 130: 100%
  Sorting block of length 612742 for bucket 130
  (Using difference cover)
  bucket 135: 90%
  bucket 131: 100%
  Sorting block of length 568737 for bucket 131
  (Using difference cover)
  bucket 144: 20%
  bucket 145: 20%
  bucket 139: 40%
  bucket 150: 10%
  bucket 133: 100%
  Sorting block of length 317921 for bucket 133
  (Using difference cover)
  bucket 138: 90%
  bucket 137: 90%
  bucket 142: 30%
  bucket 132: 100%
  Sorting block of length 603309 for bucket 132
  (Using difference cover)
  bucket 146: 20%
  bucket 134: 100%
  Sorting block of length 496227 for bucket 134
  (Using difference cover)
  bucket 147: 20%
  bucket 148: 20%
  bucket 140: 40%
  Sorting block time: 00:00:00
Returning block of 599633 for bucket 128
  bucket 149: 20%
  bucket 143: 30%
  bucket 141: 40%
Getting block 151 of 183
  Reserving size (662590) for bucket 151
  Calculating Z arrays for bucket 151
  Entering block accumulator loop for bucket 151:
  Sorting block time: 00:00:00
Returning block of 573689 for bucket 129
  bucket 136: 100%
  Sorting block of length 412699 for bucket 136
  (Using difference cover)
Getting block 152 of 183
  Reserving size (662590) for bucket 152
  Calculating Z arrays for bucket 152
  Entering block accumulator loop for bucket 152:
  Sorting block time: 00:00:00
Returning block of 612743 for bucket 130
  bucket 135: 100%
  Sorting block of length 610234 for bucket 135
  (Using difference cover)
Getting block 153 of 183
  Reserving size (662590) for bucket 153
  Calculating Z arrays for bucket 153
  Entering block accumulator loop for bucket 153:
  bucket 144: 30%
  Sorting block time: 00:00:00
Returning block of 317922 for bucket 133
Getting block 154 of 183
  Reserving size (662590) for bucket 154
  Calculating Z arrays for bucket 154
  Entering block accumulator loop for bucket 154:
  Sorting block time: 00:00:00
Returning block of 568738 for bucket 131
  bucket 145: 30%
Getting block 155 of 183
  Reserving size (662590) for bucket 155
  Calculating Z arrays for bucket 155
  Entering block accumulator loop for bucket 155:
  bucket 150: 20%
  bucket 139: 50%
  bucket 138: 100%
  Sorting block of length 96888 for bucket 138
  (Using difference cover)
  bucket 137: 100%
  Sorting block of length 481592 for bucket 137
  (Using difference cover)
  bucket 142: 40%
  Sorting block time: 00:00:01
Returning block of 96889 for bucket 138
  bucket 146: 30%
  Sorting block time: 00:00:01
Returning block of 603310 for bucket 132
  bucket 148: 30%
Getting block 156 of 183
  Reserving size (662590) for bucket 156
  Calculating Z arrays for bucket 156
  Entering block accumulator loop for bucket 156:
  bucket 147: 30%
  Sorting block time: 00:00:01
Returning block of 496228 for bucket 134
Getting block 157 of 183
  Reserving size (662590) for bucket 157
  Calculating Z arrays for bucket 157
  Entering block accumulator loop for bucket 157:
Getting block 158 of 183
  Reserving size (662590) for bucket 158
  Calculating Z arrays for bucket 158
  Entering block accumulator loop for bucket 158:
  bucket 143: 40%
  bucket 149: 30%
  bucket 141: 50%
  Sorting block time: 00:00:01
Returning block of 412700 for bucket 136
  bucket 140: 50%
  bucket 151: 10%
Getting block 159 of 183
  Reserving size (662590) for bucket 159
  Calculating Z arrays for bucket 159
  Entering block accumulator loop for bucket 159:
  bucket 152: 10%
  Sorting block time: 00:00:01
Returning block of 610235 for bucket 135
  bucket 144: 40%
  bucket 153: 10%
Getting block 160 of 183
  Reserving size (662590) for bucket 160
  Calculating Z arrays for bucket 160
  Entering block accumulator loop for bucket 160:
  bucket 154: 10%
  bucket 150: 30%
  bucket 145: 40%
  bucket 155: 10%
  bucket 139: 60%
  Sorting block time: 00:00:00
Returning block of 481593 for bucket 137
  bucket 142: 50%
Getting block 161 of 183
  Reserving size (662590) for bucket 161
  Calculating Z arrays for bucket 161
  Entering block accumulator loop for bucket 161:
  bucket 148: 40%
  bucket 146: 40%
  bucket 156: 10%
  bucket 147: 40%
  bucket 158: 10%
  bucket 143: 50%
  bucket 141: 60%
  bucket 149: 40%
  bucket 157: 10%
  bucket 151: 20%
  bucket 159: 10%
  bucket 144: 50%
  bucket 152: 20%
  bucket 140: 60%
  bucket 153: 20%
  bucket 160: 10%
  bucket 150: 40%
  bucket 154: 20%
  bucket 145: 50%
  bucket 155: 20%
  bucket 139: 70%
  bucket 142: 60%
  bucket 161: 10%
  bucket 148: 50%
  bucket 146: 50%
  bucket 156: 20%
  bucket 147: 50%
  bucket 143: 60%
  bucket 141: 70%
  bucket 158: 20%
  bucket 149: 50%
  bucket 157: 20%
  bucket 151: 30%
  bucket 159: 20%
  bucket 144: 60%
  bucket 152: 30%
  bucket 153: 30%
  bucket 140: 70%
  bucket 160: 20%
  bucket 150: 50%
  bucket 154: 30%
  bucket 145: 60%
  bucket 155: 30%
  bucket 142: 70%
  bucket 148: 60%
  bucket 139: 80%
  bucket 161: 20%
  bucket 146: 60%
  bucket 156: 30%
  bucket 147: 60%
  bucket 143: 70%
  bucket 141: 80%
  bucket 158: 30%
  bucket 149: 60%
  bucket 151: 40%
  bucket 157: 30%
  bucket 144: 70%
  bucket 159: 30%
  bucket 152: 40%
  bucket 150: 60%
  bucket 153: 40%
  bucket 160: 30%
  bucket 140: 80%
  bucket 154: 40%
  bucket 145: 70%
  bucket 155: 40%
  bucket 142: 80%
  bucket 148: 70%
  bucket 161: 30%
  bucket 139: 90%
  bucket 146: 70%
  bucket 141: 90%
  bucket 143: 80%
  bucket 147: 70%
  bucket 156: 40%
  bucket 158: 40%
  bucket 149: 70%
  bucket 151: 50%
  bucket 144: 80%
  bucket 157: 40%
  bucket 159: 40%
  bucket 152: 50%
  bucket 150: 70%
  bucket 153: 50%
  bucket 160: 40%
  bucket 154: 50%
  bucket 145: 80%
  bucket 140: 90%
  bucket 142: 90%
  bucket 148: 80%
  bucket 155: 50%
  bucket 143: 90%
  bucket 161: 40%
  bucket 141: 100%
  Sorting block of length 409827 for bucket 141
  (Using difference cover)
  bucket 146: 80%
  bucket 139: 100%
  Sorting block of length 638070 for bucket 139
  (Using difference cover)
  bucket 147: 80%
  bucket 156: 50%
  bucket 158: 50%
  bucket 149: 80%
  bucket 144: 90%
  bucket 151: 60%
  bucket 152: 60%
  bucket 159: 50%
  bucket 157: 50%
  bucket 150: 80%
  bucket 153: 60%
  bucket 160: 50%
  bucket 154: 60%
  Sorting block time: 00:00:01
Returning block of 409828 for bucket 141
  bucket 145: 90%
Getting block 162 of 183
  Reserving size (662590) for bucket 162
  Calculating Z arrays for bucket 162
  Entering block accumulator loop for bucket 162:
  bucket 142: 100%
  Sorting block of length 625581 for bucket 142
  (Using difference cover)
  bucket 148: 90%
  bucket 140: 100%
  Sorting block of length 403564 for bucket 140
  (Using difference cover)
  bucket 155: 60%
  bucket 143: 100%
  Sorting block of length 309848 for bucket 143
  (Using difference cover)
  bucket 161: 50%
  bucket 146: 90%
  bucket 147: 90%
  bucket 156: 60%
  Sorting block time: 00:00:01
Returning block of 638071 for bucket 139
  bucket 149: 90%
  bucket 158: 60%
Getting block 163 of 183
  Reserving size (662590) for bucket 163
  Calculating Z arrays for bucket 163
  Entering block accumulator loop for bucket 163:
  bucket 144: 100%
  Sorting block of length 592452 for bucket 144
  (Using difference cover)
  bucket 151: 70%
  bucket 150: 90%
  bucket 152: 70%
  Sorting block time: 00:00:00
Returning block of 309849 for bucket 143
  bucket 159: 60%
Getting block 164 of 183
  Reserving size (662590) for bucket 164
  Calculating Z arrays for bucket 164
  Entering block accumulator loop for bucket 164:
  bucket 157: 60%
  Sorting block time: 00:00:00
Returning block of 403565 for bucket 140
  bucket 160: 60%
Getting block 165 of 183
  Reserving size (662590) for bucket 165
  Calculating Z arrays for bucket 165
  Entering block accumulator loop for bucket 165:
  bucket 153: 70%
  bucket 154: 70%
  bucket 162: 10%
  bucket 145: 100%
  Sorting block of length 619997 for bucket 145
  (Using difference cover)
  bucket 148: 100%
  Sorting block of length 605460 for bucket 148
  (Using difference cover)
  Sorting block time: 00:00:00
Returning block of 625582 for bucket 142
Getting block 166 of 183
  Reserving size (662590) for bucket 166
  Calculating Z arrays for bucket 166
  Entering block accumulator loop for bucket 166:
  bucket 155: 70%
  bucket 146: 100%
  Sorting block of length 617401 for bucket 146
  (Using difference cover)
  bucket 161: 60%
  bucket 147: 100%
  Sorting block of length 649737 for bucket 147
  (Using difference cover)
  bucket 156: 70%
  bucket 158: 70%
  bucket 163: 10%
  bucket 149: 100%
  Sorting block of length 627697 for bucket 149
  (Using difference cover)
  Sorting block time: 00:00:00
Returning block of 592453 for bucket 144
  bucket 151: 80%
Getting block 167 of 183
  Reserving size (662590) for bucket 167
  Calculating Z arrays for bucket 167
  Entering block accumulator loop for bucket 167:
  bucket 150: 100%
  Sorting block of length 243842 for bucket 150
  (Using difference cover)
  bucket 152: 80%
  bucket 159: 70%
  bucket 164: 10%
  bucket 157: 70%
  bucket 165: 10%
  bucket 160: 70%
  bucket 153: 80%
  bucket 162: 20%
  bucket 154: 80%
  Sorting block time: 00:00:00
Returning block of 243843 for bucket 150
Getting block 168 of 183
  Reserving size (662590) for bucket 168
  Calculating Z arrays for bucket 168
  Entering block accumulator loop for bucket 168:
  Sorting block time: 00:00:00
Returning block of 605461 for bucket 148
  bucket 166: 10%
  Sorting block time: 00:00:00
Returning block of 619998 for bucket 145
Getting block 169 of 183
  Reserving size (662590) for bucket 169
  Calculating Z arrays for bucket 169
  Entering block accumulator loop for bucket 169:
  bucket 155: 80%
Getting block 170 of 183
  Reserving size (662590) for bucket 170
  Calculating Z arrays for bucket 170
  Entering block accumulator loop for bucket 170:
  bucket 161: 70%
  Sorting block time: 00:00:00
Returning block of 649738 for bucket 147
  bucket 156: 80%
  Sorting block time: 00:00:00
Returning block of 617402 for bucket 146
  bucket 163: 20%
  Sorting block time: 00:00:00
Returning block of 627698 for bucket 149
  bucket 158: 80%
Getting block 171 of 183
  Reserving size (662590) for bucket 171
  Calculating Z arrays for bucket 171
  Entering block accumulator loop for bucket 171:
Getting block 172 of 183
  Reserving size (662590) for bucket 172
  Calculating Z arrays for bucket 172
  Entering block accumulator loop for bucket 172:
Getting block 173 of 183
  Reserving size (662590) for bucket 173
  Calculating Z arrays for bucket 173
  Entering block accumulator loop for bucket 173:
  bucket 167: 10%
  bucket 151: 90%
  bucket 152: 90%
  bucket 164: 20%
  bucket 159: 80%
  bucket 157: 80%
  bucket 165: 20%
  bucket 153: 90%
  bucket 160: 80%
  bucket 162: 30%
  bucket 154: 90%
  bucket 168: 10%
  bucket 166: 20%
  bucket 169: 10%
  bucket 170: 10%
  bucket 155: 90%
  bucket 161: 80%
  bucket 163: 30%
  bucket 171: 10%
  bucket 156: 90%
  bucket 158: 90%
  bucket 172: 10%
  bucket 173: 10%
  bucket 167: 20%
  bucket 151: 100%
  Sorting block of length 427880 for bucket 151
  (Using difference cover)
  bucket 152: 100%
  Sorting block of length 444042 for bucket 152
  (Using difference cover)
  bucket 164: 30%
  bucket 159: 90%
  bucket 157: 90%
  bucket 162: 40%
  bucket 165: 30%
  bucket 153: 100%
  Sorting block of length 547884 for bucket 153
  (Using difference cover)
  bucket 160: 90%
  bucket 168: 20%
  bucket 154: 100%
  Sorting block of length 528676 for bucket 154
  (Using difference cover)
  bucket 170: 20%
  bucket 169: 20%
  bucket 166: 30%
  Sorting block time: 00:00:00
Returning block of 427881 for bucket 151
  bucket 161: 90%
  bucket 163: 40%
  bucket 155: 100%
  Sorting block of length 620943 for bucket 155
  (Using difference cover)
  bucket 171: 20%
  bucket 173: 20%
Getting block 174 of 183
  Reserving size (662590) for bucket 174
  Calculating Z arrays for bucket 174
  Entering block accumulator loop for bucket 174:
  bucket 172: 20%
  bucket 156: 100%
  Sorting block of length 172345 for bucket 156
  (Using difference cover)
  bucket 158: 100%
  Sorting block of length 243907 for bucket 158
  (Using difference cover)
  bucket 167: 30%
  Sorting block time: 00:00:00
Returning block of 444043 for bucket 152
Getting block 175 of 183
  Reserving size (662590) for bucket 175
  Calculating Z arrays for bucket 175
  Entering block accumulator loop for bucket 175:
  Sorting block time: 00:00:01
Returning block of 172346 for bucket 156
  bucket 164: 40%
Getting block 176 of 183
  Reserving size (662590) for bucket 176
  Calculating Z arrays for bucket 176
  Entering block accumulator loop for bucket 176:
  bucket 159: 100%
  Sorting block of length 565946 for bucket 159
  (Using difference cover)
  Sorting block time: 00:00:01
Returning block of 547885 for bucket 153
Getting block 177 of 183
  Reserving size (662590) for bucket 177
  Calculating Z arrays for bucket 177
  Entering block accumulator loop for bucket 177:
  bucket 157: 100%
  Sorting block of length 554943 for bucket 157
  (Using difference cover)
  bucket 162: 50%
  bucket 165: 40%
  bucket 168: 30%
  bucket 160: 100%
  Sorting block of length 560928 for bucket 160
  (Using difference cover)
  Sorting block time: 00:00:01
Returning block of 243908 for bucket 158
Getting block 178 of 183
  Reserving size (662590) for bucket 178
  Calculating Z arrays for bucket 178
  Entering block accumulator loop for bucket 178:
  Sorting block time: 00:00:01
Returning block of 528677 for bucket 154
Getting block 179 of 183
  Reserving size (662590) for bucket 179
  Calculating Z arrays for bucket 179
  Entering block accumulator loop for bucket 179:
  bucket 170: 30%
  bucket 169: 30%
  bucket 166: 40%
  bucket 173: 30%
  bucket 163: 50%
  bucket 171: 30%
  bucket 161: 100%
  Sorting block of length 430402 for bucket 161
  (Using difference cover)
  bucket 174: 10%
  bucket 172: 30%
  bucket 167: 40%
  Sorting block time: 00:00:01
Returning block of 620944 for bucket 155
  bucket 175: 10%
Getting block 180 of 183
  Reserving size (662590) for bucket 180
  Calculating Z arrays for bucket 180
  Entering block accumulator loop for bucket 180:
  bucket 164: 50%
  bucket 176: 10%
  Sorting block time: 00:00:00
Returning block of 554944 for bucket 157
  Sorting block time: 00:00:00
Returning block of 560929 for bucket 160
  bucket 177: 10%
Getting block 181 of 183
  Reserving size (662590) for bucket 181
  Calculating Z arrays for bucket 181
  Entering block accumulator loop for bucket 181:
Getting block 182 of 183
  Reserving size (662590) for bucket 182
  Calculating Z arrays for bucket 182
  Entering block accumulator loop for bucket 182:
  bucket 162: 60%
  bucket 168: 40%
  Sorting block time: 00:00:00
Returning block of 565947 for bucket 159
  bucket 165: 50%
Getting block 183 of 183
  Reserving size (662590) for bucket 183
  Calculating Z arrays for bucket 183
  Entering block accumulator loop for bucket 183:
  bucket 178: 10%
  bucket 179: 10%
  bucket 170: 40%
  bucket 169: 40%
  Sorting block time: 00:00:00
Returning block of 430403 for bucket 161
  bucket 166: 50%
  bucket 173: 40%
  bucket 163: 60%
  bucket 171: 40%
  bucket 172: 40%
  bucket 174: 20%
  bucket 167: 50%
  bucket 175: 20%
  bucket 180: 10%
  bucket 183: 10%
  bucket 164: 60%
  bucket 176: 20%
  bucket 177: 20%
  bucket 181: 10%
  bucket 182: 10%
  bucket 162: 70%
  bucket 168: 50%
  bucket 165: 60%
  bucket 179: 20%
  bucket 178: 20%
  bucket 170: 50%
  bucket 169: 50%
  bucket 183: 20%
  bucket 173: 50%
  bucket 166: 60%
  bucket 163: 70%
  bucket 171: 50%
  bucket 172: 50%
  bucket 174: 30%
  bucket 167: 60%
  bucket 180: 20%
  bucket 175: 30%
  bucket 164: 70%
  bucket 181: 20%
  bucket 183: 30%
  bucket 176: 30%
  bucket 182: 20%
  bucket 177: 30%
  bucket 162: 80%
  bucket 168: 60%
  bucket 179: 30%
  bucket 165: 70%
  bucket 178: 30%
  bucket 170: 60%
  bucket 169: 60%
  bucket 173: 60%
  bucket 163: 80%
  bucket 171: 60%
  bucket 166: 70%
  bucket 183: 40%
  bucket 172: 60%
  bucket 174: 40%
  bucket 167: 70%
  bucket 175: 40%
  bucket 180: 30%
  bucket 164: 80%
  bucket 182: 30%
  bucket 177: 40%
  bucket 176: 40%
  bucket 181: 30%
  bucket 179: 40%
  bucket 162: 90%
  bucket 183: 50%
  bucket 168: 70%
  bucket 178: 40%
  bucket 170: 70%
  bucket 165: 80%
  bucket 173: 70%
  bucket 169: 70%
  bucket 163: 90%
  bucket 171: 70%
  bucket 166: 80%
  bucket 172: 70%
  bucket 174: 50%
  bucket 180: 40%
  bucket 175: 50%
  bucket 183: 60%
  bucket 167: 80%
  bucket 182: 40%
  bucket 177: 50%
  bucket 181: 40%
  bucket 164: 90%
  bucket 176: 50%
  bucket 179: 50%
  bucket 162: 100%
  Sorting block of length 634031 for bucket 162
  (Using difference cover)
  bucket 168: 80%
  bucket 170: 80%
  bucket 178: 50%
  bucket 173: 80%
  bucket 183: 70%
  bucket 169: 80%
  bucket 165: 90%
  bucket 171: 80%
  bucket 163: 100%
  Sorting block of length 509294 for bucket 163
  (Using difference cover)
  bucket 166: 90%
  bucket 172: 80%
  bucket 174: 60%
  bucket 180: 50%
  bucket 175: 60%
  bucket 167: 90%
  bucket 182: 50%
  bucket 183: 80%
  bucket 181: 50%
  bucket 177: 60%
  bucket 164: 100%
  Sorting block of length 656418 for bucket 164
  (Using difference cover)
  bucket 179: 60%
  bucket 176: 60%
  bucket 170: 90%
  bucket 168: 90%
  bucket 178: 60%
  Sorting block time: 00:00:00
Returning block of 509295 for bucket 163
  bucket 173: 90%
  Sorting block time: 00:00:01
Returning block of 634032 for bucket 162
  bucket 169: 90%
  bucket 171: 90%
  bucket 165: 100%
  Sorting block of length 576502 for bucket 165
  (Using difference cover)
  bucket 183: 90%
  bucket 166: 100%
  Sorting block of length 592151 for bucket 166
  (Using difference cover)
  bucket 172: 90%
  bucket 174: 70%
  bucket 180: 60%
  bucket 175: 70%
  bucket 167: 100%
  Sorting block of length 537710 for bucket 167
  (Using difference cover)
  bucket 182: 60%
  bucket 181: 60%
  bucket 177: 70%
  bucket 179: 70%
  bucket 183: 100%
  Sorting block of length 167631 for bucket 183
  (Using difference cover)
  Sorting block time: 00:00:00
Returning block of 656419 for bucket 164
  bucket 170: 100%
  Sorting block of length 255273 for bucket 170
  (Using difference cover)
  bucket 176: 70%
  bucket 168: 100%
  Sorting block of length 657971 for bucket 168
  (Using difference cover)
  bucket 178: 70%
  bucket 173: 100%
  Sorting block of length 224600 for bucket 173
  (Using difference cover)
  bucket 169: 100%
  Sorting block of length 409618 for bucket 169
  (Using difference cover)
  bucket 171: 100%
  Sorting block of length 422554 for bucket 171
  (Using difference cover)
  Sorting block time: 00:00:00
Returning block of 167632 for bucket 183
  bucket 172: 100%
  Sorting block of length 566142 for bucket 172
  (Using difference cover)
  Sorting block time: 00:00:00
Returning block of 592152 for bucket 166
  Sorting block time: 00:00:00
Returning block of 255274 for bucket 170
  Sorting block time: 00:00:00
Returning block of 576503 for bucket 165
  Sorting block time: 00:00:00
Returning block of 537711 for bucket 167
  bucket 174: 80%
  bucket 175: 80%
  bucket 180: 70%
  Sorting block time: 00:00:00
Returning block of 224601 for bucket 173
  bucket 181: 70%
  bucket 182: 70%
  bucket 177: 80%
  bucket 179: 80%
  Sorting block time: 00:00:00
Returning block of 409619 for bucket 169
  Sorting block time: 00:00:00
Returning block of 422555 for bucket 171
  bucket 178: 80%
  bucket 176: 80%
  Sorting block time: 00:00:00
Returning block of 657972 for bucket 168
  Sorting block time: 00:00:00
Returning block of 566143 for bucket 172
  bucket 175: 90%
  bucket 174: 90%
  bucket 180: 80%
  bucket 182: 80%
  bucket 179: 90%
  bucket 181: 80%
  bucket 177: 90%
  bucket 178: 90%
  bucket 176: 90%
  bucket 175: 100%
  Sorting block of length 498811 for bucket 175
  (Using difference cover)
  bucket 180: 90%
  bucket 174: 100%
  Sorting block of length 615312 for bucket 174
  (Using difference cover)
  bucket 182: 90%
  bucket 179: 100%
  Sorting block of length 257952 for bucket 179
  (Using difference cover)
  bucket 181: 90%
  bucket 177: 100%
  Sorting block of length 581086 for bucket 177
  (Using difference cover)
  bucket 178: 100%
  Sorting block of length 651368 for bucket 178
  (Using difference cover)
  bucket 176: 100%
  Sorting block of length 621092 for bucket 176
  (Using difference cover)
  Sorting block time: 00:00:00
Returning block of 257953 for bucket 179
  Sorting block time: 00:00:01
Returning block of 498812 for bucket 175
  bucket 180: 100%
  Sorting block of length 656301 for bucket 180
  (Using difference cover)
  bucket 182: 100%
  Sorting block of length 531391 for bucket 182
  (Using difference cover)
  Sorting block time: 00:00:01
Returning block of 615313 for bucket 174
  bucket 181: 100%
  Sorting block of length 281443 for bucket 181
  (Using difference cover)
  Sorting block time: 00:00:01
Returning block of 581087 for bucket 177
  Sorting block time: 00:00:01
Returning block of 621093 for bucket 176
  Sorting block time: 00:00:01
Returning block of 651369 for bucket 178
  Sorting block time: 00:00:00
Returning block of 281444 for bucket 181
  Sorting block time: 00:00:00
Returning block of 531392 for bucket 182
  Sorting block time: 00:00:00
Returning block of 656302 for bucket 180
Exited Ebwt loop
fchr[A]: 0
fchr[C]: 21729473
fchr[G]: 42539270
fchr[T]: 63173665
fchr[$]: 84811518
Exiting Ebwt::buildToDisk()
Returning from initFromVector
Wrote 33491461 bytes to primary EBWT file: ${ARTICLE41_WORK_DIR}/index/megahit-coassembly.ge1000.rev.1.bt2.tmp
Wrote 21202884 bytes to secondary EBWT file: ${ARTICLE41_WORK_DIR}/index/megahit-coassembly.ge1000.rev.2.bt2.tmp
Re-opening _in1 and _in2 as input streams
Returning from Ebwt constructor
Headers:
    len: 84811518
    bwtLen: 84811519
    sz: 21202880
    bwtSz: 21202880
    lineRate: 6
    offRate: 4
    offMask: 0xfffffff0
    ftabChars: 10
    eftabLen: 20
    eftabSz: 80
    ftabLen: 1048577
    ftabSz: 4194308
    offsLen: 5300720
    offsSz: 21202880
    lineSz: 64
    sideSz: 64
    sideBwtSz: 48
    sideBwtLen: 192
    numSides: 441727
    numLines: 441727
    ebwtTotLen: 28270528
    ebwtTotSz: 28270528
    color: 0
    reverse: 1
Total time for backward call to driver() for mirror index: 00:00:22
