Genome	Category	Function	GeneRule	Present	EvidenceType	AnalysisSet	Species	Phylum
SGB_001	As cycling	Arsenate reduction	arrA	false	METABOLIC curated HMM/motif rule	Primary real MAG	Desulfobulbus oralis	Desulfobacterota
SGB_002	As cycling	Arsenate reduction	arrA	false	METABOLIC curated HMM/motif rule	Primary real MAG	Nitrosomonas europaea	Pseudomonadota
SGB_003	As cycling	Arsenate reduction	arrA	false	METABOLIC curated HMM/motif rule	Primary real MAG	Porphyromonas gingivalis	Bacteroidota
SGB_004	As cycling	Arsenate reduction	arrA	false	METABOLIC curated HMM/motif rule	Primary real MAG	Chlorobium phaeovibrioides	Bacteroidota
SGB_005	As cycling	Arsenate reduction	arrA	true	METABOLIC curated HMM/motif rule	Primary real MAG	Chlorobium limicola	Bacteroidota
SGB_006	As cycling	Arsenate reduction	arrA	false	METABOLIC curated HMM/motif rule	Primary real MAG	Shewanella baltica	Pseudomonadota
SGB_007	As cycling	Arsenate reduction	arrA	false	METABOLIC curated HMM/motif rule	Primary real MAG	Herpetosiphon aurantiacus	Chloroflexota
SGB_008	As cycling	Arsenate reduction	arrA	false	METABOLIC curated HMM/motif rule	Primary real MAG	Ignicoccus islandicus	Thermoproteota
SGB_009	As cycling	Arsenate reduction	arrA	false	METABOLIC curated HMM/motif rule	Primary real MAG	Ignicoccus hospitalis	Thermoproteota
SGB_010	As cycling	Arsenate reduction	arrA	false	METABOLIC curated HMM/motif rule	Primary real MAG	Methanocaldococcus jannaschii	AGJL01
SGB_011	As cycling	Arsenate reduction	arrA	false	METABOLIC curated HMM/motif rule	Primary real MAG	Methanocatella oralis	Methanobacteriota
SGB_012	As cycling	Arsenate reduction	arrA	false	METABOLIC curated HMM/motif rule	Primary real MAG	Fusobacterium nucleatum	Fusobacteriota
SGB_013	As cycling	Arsenate reduction	arrA	false	METABOLIC curated HMM/motif rule	Primary real MAG	Methanococcus maripaludis_D	AGJL01
SGB_014	As cycling	Arsenate reduction	arrA	false	METABOLIC curated HMM/motif rule	Primary real MAG	Persephonella marina	Aquificota
SGB_015	As cycling	Arsenate reduction	arrA	false	METABOLIC curated HMM/motif rule	Primary real MAG	Hydrogenobaculum sp003543175	Aquificota
SGB_016	As cycling	Arsenate reduction	arrA	false	METABOLIC curated HMM/motif rule	Primary real MAG	Caldicellulosiruptor saccharolyticus	Bacillota
SGB_017	As cycling	Arsenate reduction	arrA	false	METABOLIC curated HMM/motif rule	Primary real MAG	Thermoanaerobacter pseudethanolicus	Bacillota
SGB_018	As cycling	Arsenate reduction	arrA	false	METABOLIC curated HMM/motif rule	Primary real MAG	Nanoarchaeum equitans	Nanobdellota
SGB_019	As cycling	Arsenate reduction	arrA	false	METABOLIC curated HMM/motif rule	Primary real MAG	Pyrococcus horikoshii	Methanobacteriota_B
SGB_020	As cycling	Arsenate reduction	arrA	false	METABOLIC curated HMM/motif rule	Primary real MAG	Halobacterium salinarum	Halobacteriota
SGB_021	As cycling	Arsenate reduction	arrA	false	METABOLIC curated HMM/motif rule	Primary real MAG	Rhodopirellula baltica	Planctomycetota
SGB_022	As cycling	Arsenate reduction	arrA	false	METABOLIC curated HMM/motif rule	Primary real MAG	Gemmatimonas aurantiaca	Gemmatimonadota
SGB_023	As cycling	Arsenate reduction	arrA	false	METABOLIC curated HMM/motif rule	Primary real MAG	Thermotoga petrophila	Thermotogota
SGB_024	As cycling	Arsenate reduction	arrA	false	METABOLIC curated HMM/motif rule	Primary real MAG	Thermotoga neapolitana	Thermotogota
TRUNC_050	As cycling	Arsenate reduction	arrA	false	METABOLIC curated HMM/motif rule	Deterministic truncation sensitivity	Nitrosomonas europaea	Pseudomonadota
TRUNC_070	As cycling	Arsenate reduction	arrA	false	METABOLIC curated HMM/motif rule	Deterministic truncation sensitivity	Nitrosomonas europaea	Pseudomonadota
TRUNC_090	As cycling	Arsenate reduction	arrA	false	METABOLIC curated HMM/motif rule	Deterministic truncation sensitivity	Nitrosomonas europaea	Pseudomonadota
TRUNC_100	As cycling	Arsenate reduction	arrA	false	METABOLIC curated HMM/motif rule	Deterministic truncation sensitivity	Nitrosomonas europaea	Pseudomonadota
SGB_001	As cycling	Arsenite oxidation	arxA||aioA	false	METABOLIC curated HMM/motif rule	Primary real MAG	Desulfobulbus oralis	Desulfobacterota
SGB_002	As cycling	Arsenite oxidation	arxA||aioA	false	METABOLIC curated HMM/motif rule	Primary real MAG	Nitrosomonas europaea	Pseudomonadota
SGB_003	As cycling	Arsenite oxidation	arxA||aioA	false	METABOLIC curated HMM/motif rule	Primary real MAG	Porphyromonas gingivalis	Bacteroidota
SGB_004	As cycling	Arsenite oxidation	arxA||aioA	false	METABOLIC curated HMM/motif rule	Primary real MAG	Chlorobium phaeovibrioides	Bacteroidota
SGB_005	As cycling	Arsenite oxidation	arxA||aioA	false	METABOLIC curated HMM/motif rule	Primary real MAG	Chlorobium limicola	Bacteroidota
SGB_006	As cycling	Arsenite oxidation	arxA||aioA	false	METABOLIC curated HMM/motif rule	Primary real MAG	Shewanella baltica	Pseudomonadota
SGB_007	As cycling	Arsenite oxidation	arxA||aioA	false	METABOLIC curated HMM/motif rule	Primary real MAG	Herpetosiphon aurantiacus	Chloroflexota
SGB_008	As cycling	Arsenite oxidation	arxA||aioA	false	METABOLIC curated HMM/motif rule	Primary real MAG	Ignicoccus islandicus	Thermoproteota
SGB_009	As cycling	Arsenite oxidation	arxA||aioA	false	METABOLIC curated HMM/motif rule	Primary real MAG	Ignicoccus hospitalis	Thermoproteota
SGB_010	As cycling	Arsenite oxidation	arxA||aioA	false	METABOLIC curated HMM/motif rule	Primary real MAG	Methanocaldococcus jannaschii	AGJL01
SGB_011	As cycling	Arsenite oxidation	arxA||aioA	false	METABOLIC curated HMM/motif rule	Primary real MAG	Methanocatella oralis	Methanobacteriota
SGB_012	As cycling	Arsenite oxidation	arxA||aioA	false	METABOLIC curated HMM/motif rule	Primary real MAG	Fusobacterium nucleatum	Fusobacteriota
SGB_013	As cycling	Arsenite oxidation	arxA||aioA	false	METABOLIC curated HMM/motif rule	Primary real MAG	Methanococcus maripaludis_D	AGJL01
SGB_014	As cycling	Arsenite oxidation	arxA||aioA	false	METABOLIC curated HMM/motif rule	Primary real MAG	Persephonella marina	Aquificota
SGB_015	As cycling	Arsenite oxidation	arxA||aioA	false	METABOLIC curated HMM/motif rule	Primary real MAG	Hydrogenobaculum sp003543175	Aquificota
SGB_016	As cycling	Arsenite oxidation	arxA||aioA	false	METABOLIC curated HMM/motif rule	Primary real MAG	Caldicellulosiruptor saccharolyticus	Bacillota
SGB_017	As cycling	Arsenite oxidation	arxA||aioA	false	METABOLIC curated HMM/motif rule	Primary real MAG	Thermoanaerobacter pseudethanolicus	Bacillota
SGB_018	As cycling	Arsenite oxidation	arxA||aioA	false	METABOLIC curated HMM/motif rule	Primary real MAG	Nanoarchaeum equitans	Nanobdellota
SGB_019	As cycling	Arsenite oxidation	arxA||aioA	false	METABOLIC curated HMM/motif rule	Primary real MAG	Pyrococcus horikoshii	Methanobacteriota_B
SGB_020	As cycling	Arsenite oxidation	arxA||aioA	false	METABOLIC curated HMM/motif rule	Primary real MAG	Halobacterium salinarum	Halobacteriota
SGB_021	As cycling	Arsenite oxidation	arxA||aioA	false	METABOLIC curated HMM/motif rule	Primary real MAG	Rhodopirellula baltica	Planctomycetota
SGB_022	As cycling	Arsenite oxidation	arxA||aioA	false	METABOLIC curated HMM/motif rule	Primary real MAG	Gemmatimonas aurantiaca	Gemmatimonadota
SGB_023	As cycling	Arsenite oxidation	arxA||aioA	false	METABOLIC curated HMM/motif rule	Primary real MAG	Thermotoga petrophila	Thermotogota
SGB_024	As cycling	Arsenite oxidation	arxA||aioA	false	METABOLIC curated HMM/motif rule	Primary real MAG	Thermotoga neapolitana	Thermotogota
TRUNC_050	As cycling	Arsenite oxidation	arxA||aioA	false	METABOLIC curated HMM/motif rule	Deterministic truncation sensitivity	Nitrosomonas europaea	Pseudomonadota
TRUNC_070	As cycling	Arsenite oxidation	arxA||aioA	false	METABOLIC curated HMM/motif rule	Deterministic truncation sensitivity	Nitrosomonas europaea	Pseudomonadota
TRUNC_090	As cycling	Arsenite oxidation	arxA||aioA	false	METABOLIC curated HMM/motif rule	Deterministic truncation sensitivity	Nitrosomonas europaea	Pseudomonadota
TRUNC_100	As cycling	Arsenite oxidation	arxA||aioA	false	METABOLIC curated HMM/motif rule	Deterministic truncation sensitivity	Nitrosomonas europaea	Pseudomonadota
SGB_001	Carbon fixation	CBB cycle - Rubisco (Form I)	Form I	false	METABOLIC curated HMM/motif rule	Primary real MAG	Desulfobulbus oralis	Desulfobacterota
SGB_002	Carbon fixation	CBB cycle - Rubisco (Form I)	Form I	true	METABOLIC curated HMM/motif rule	Primary real MAG	Nitrosomonas europaea	Pseudomonadota
SGB_003	Carbon fixation	CBB cycle - Rubisco (Form I)	Form I	false	METABOLIC curated HMM/motif rule	Primary real MAG	Porphyromonas gingivalis	Bacteroidota
SGB_004	Carbon fixation	CBB cycle - Rubisco (Form I)	Form I	false	METABOLIC curated HMM/motif rule	Primary real MAG	Chlorobium phaeovibrioides	Bacteroidota
SGB_005	Carbon fixation	CBB cycle - Rubisco (Form I)	Form I	false	METABOLIC curated HMM/motif rule	Primary real MAG	Chlorobium limicola	Bacteroidota
SGB_006	Carbon fixation	CBB cycle - Rubisco (Form I)	Form I	false	METABOLIC curated HMM/motif rule	Primary real MAG	Shewanella baltica	Pseudomonadota
SGB_007	Carbon fixation	CBB cycle - Rubisco (Form I)	Form I	false	METABOLIC curated HMM/motif rule	Primary real MAG	Herpetosiphon aurantiacus	Chloroflexota
SGB_008	Carbon fixation	CBB cycle - Rubisco (Form I)	Form I	false	METABOLIC curated HMM/motif rule	Primary real MAG	Ignicoccus islandicus	Thermoproteota
SGB_009	Carbon fixation	CBB cycle - Rubisco (Form I)	Form I	false	METABOLIC curated HMM/motif rule	Primary real MAG	Ignicoccus hospitalis	Thermoproteota
SGB_010	Carbon fixation	CBB cycle - Rubisco (Form I)	Form I	false	METABOLIC curated HMM/motif rule	Primary real MAG	Methanocaldococcus jannaschii	AGJL01
SGB_011	Carbon fixation	CBB cycle - Rubisco (Form I)	Form I	false	METABOLIC curated HMM/motif rule	Primary real MAG	Methanocatella oralis	Methanobacteriota
SGB_012	Carbon fixation	CBB cycle - Rubisco (Form I)	Form I	false	METABOLIC curated HMM/motif rule	Primary real MAG	Fusobacterium nucleatum	Fusobacteriota
SGB_013	Carbon fixation	CBB cycle - Rubisco (Form I)	Form I	false	METABOLIC curated HMM/motif rule	Primary real MAG	Methanococcus maripaludis_D	AGJL01
SGB_014	Carbon fixation	CBB cycle - Rubisco (Form I)	Form I	false	METABOLIC curated HMM/motif rule	Primary real MAG	Persephonella marina	Aquificota
SGB_015	Carbon fixation	CBB cycle - Rubisco (Form I)	Form I	false	METABOLIC curated HMM/motif rule	Primary real MAG	Hydrogenobaculum sp003543175	Aquificota
SGB_016	Carbon fixation	CBB cycle - Rubisco (Form I)	Form I	false	METABOLIC curated HMM/motif rule	Primary real MAG	Caldicellulosiruptor saccharolyticus	Bacillota
SGB_017	Carbon fixation	CBB cycle - Rubisco (Form I)	Form I	false	METABOLIC curated HMM/motif rule	Primary real MAG	Thermoanaerobacter pseudethanolicus	Bacillota
SGB_018	Carbon fixation	CBB cycle - Rubisco (Form I)	Form I	false	METABOLIC curated HMM/motif rule	Primary real MAG	Nanoarchaeum equitans	Nanobdellota
SGB_019	Carbon fixation	CBB cycle - Rubisco (Form I)	Form I	false	METABOLIC curated HMM/motif rule	Primary real MAG	Pyrococcus horikoshii	Methanobacteriota_B
SGB_020	Carbon fixation	CBB cycle - Rubisco (Form I)	Form I	false	METABOLIC curated HMM/motif rule	Primary real MAG	Halobacterium salinarum	Halobacteriota
SGB_021	Carbon fixation	CBB cycle - Rubisco (Form I)	Form I	false	METABOLIC curated HMM/motif rule	Primary real MAG	Rhodopirellula baltica	Planctomycetota
SGB_022	Carbon fixation	CBB cycle - Rubisco (Form I)	Form I	false	METABOLIC curated HMM/motif rule	Primary real MAG	Gemmatimonas aurantiaca	Gemmatimonadota
SGB_023	Carbon fixation	CBB cycle - Rubisco (Form I)	Form I	false	METABOLIC curated HMM/motif rule	Primary real MAG	Thermotoga petrophila	Thermotogota
SGB_024	Carbon fixation	CBB cycle - Rubisco (Form I)	Form I	false	METABOLIC curated HMM/motif rule	Primary real MAG	Thermotoga neapolitana	Thermotogota
TRUNC_050	Carbon fixation	CBB cycle - Rubisco (Form I)	Form I	false	METABOLIC curated HMM/motif rule	Deterministic truncation sensitivity	Nitrosomonas europaea	Pseudomonadota
TRUNC_070	Carbon fixation	CBB cycle - Rubisco (Form I)	Form I	false	METABOLIC curated HMM/motif rule	Deterministic truncation sensitivity	Nitrosomonas europaea	Pseudomonadota
TRUNC_090	Carbon fixation	CBB cycle - Rubisco (Form I)	Form I	true	METABOLIC curated HMM/motif rule	Deterministic truncation sensitivity	Nitrosomonas europaea	Pseudomonadota
TRUNC_100	Carbon fixation	CBB cycle - Rubisco (Form I)	Form I	true	METABOLIC curated HMM/motif rule	Deterministic truncation sensitivity	Nitrosomonas europaea	Pseudomonadota
SGB_001	Carbon fixation	CBB cycle - Rubisco (Form II)	Form II	false	METABOLIC curated HMM/motif rule	Primary real MAG	Desulfobulbus oralis	Desulfobacterota
SGB_002	Carbon fixation	CBB cycle - Rubisco (Form II)	Form II	false	METABOLIC curated HMM/motif rule	Primary real MAG	Nitrosomonas europaea	Pseudomonadota
SGB_003	Carbon fixation	CBB cycle - Rubisco (Form II)	Form II	false	METABOLIC curated HMM/motif rule	Primary real MAG	Porphyromonas gingivalis	Bacteroidota
SGB_004	Carbon fixation	CBB cycle - Rubisco (Form II)	Form II	false	METABOLIC curated HMM/motif rule	Primary real MAG	Chlorobium phaeovibrioides	Bacteroidota
SGB_005	Carbon fixation	CBB cycle - Rubisco (Form II)	Form II	false	METABOLIC curated HMM/motif rule	Primary real MAG	Chlorobium limicola	Bacteroidota
SGB_006	Carbon fixation	CBB cycle - Rubisco (Form II)	Form II	false	METABOLIC curated HMM/motif rule	Primary real MAG	Shewanella baltica	Pseudomonadota
SGB_007	Carbon fixation	CBB cycle - Rubisco (Form II)	Form II	false	METABOLIC curated HMM/motif rule	Primary real MAG	Herpetosiphon aurantiacus	Chloroflexota
SGB_008	Carbon fixation	CBB cycle - Rubisco (Form II)	Form II	false	METABOLIC curated HMM/motif rule	Primary real MAG	Ignicoccus islandicus	Thermoproteota
SGB_009	Carbon fixation	CBB cycle - Rubisco (Form II)	Form II	false	METABOLIC curated HMM/motif rule	Primary real MAG	Ignicoccus hospitalis	Thermoproteota
SGB_010	Carbon fixation	CBB cycle - Rubisco (Form II)	Form II	false	METABOLIC curated HMM/motif rule	Primary real MAG	Methanocaldococcus jannaschii	AGJL01
SGB_011	Carbon fixation	CBB cycle - Rubisco (Form II)	Form II	false	METABOLIC curated HMM/motif rule	Primary real MAG	Methanocatella oralis	Methanobacteriota
SGB_012	Carbon fixation	CBB cycle - Rubisco (Form II)	Form II	false	METABOLIC curated HMM/motif rule	Primary real MAG	Fusobacterium nucleatum	Fusobacteriota
SGB_013	Carbon fixation	CBB cycle - Rubisco (Form II)	Form II	false	METABOLIC curated HMM/motif rule	Primary real MAG	Methanococcus maripaludis_D	AGJL01
SGB_014	Carbon fixation	CBB cycle - Rubisco (Form II)	Form II	false	METABOLIC curated HMM/motif rule	Primary real MAG	Persephonella marina	Aquificota
SGB_015	Carbon fixation	CBB cycle - Rubisco (Form II)	Form II	false	METABOLIC curated HMM/motif rule	Primary real MAG	Hydrogenobaculum sp003543175	Aquificota
SGB_016	Carbon fixation	CBB cycle - Rubisco (Form II)	Form II	false	METABOLIC curated HMM/motif rule	Primary real MAG	Caldicellulosiruptor saccharolyticus	Bacillota
SGB_017	Carbon fixation	CBB cycle - Rubisco (Form II)	Form II	false	METABOLIC curated HMM/motif rule	Primary real MAG	Thermoanaerobacter pseudethanolicus	Bacillota
SGB_018	Carbon fixation	CBB cycle - Rubisco (Form II)	Form II	false	METABOLIC curated HMM/motif rule	Primary real MAG	Nanoarchaeum equitans	Nanobdellota
SGB_019	Carbon fixation	CBB cycle - Rubisco (Form II)	Form II	false	METABOLIC curated HMM/motif rule	Primary real MAG	Pyrococcus horikoshii	Methanobacteriota_B
SGB_020	Carbon fixation	CBB cycle - Rubisco (Form II)	Form II	false	METABOLIC curated HMM/motif rule	Primary real MAG	Halobacterium salinarum	Halobacteriota
SGB_021	Carbon fixation	CBB cycle - Rubisco (Form II)	Form II	false	METABOLIC curated HMM/motif rule	Primary real MAG	Rhodopirellula baltica	Planctomycetota
SGB_022	Carbon fixation	CBB cycle - Rubisco (Form II)	Form II	false	METABOLIC curated HMM/motif rule	Primary real MAG	Gemmatimonas aurantiaca	Gemmatimonadota
SGB_023	Carbon fixation	CBB cycle - Rubisco (Form II)	Form II	false	METABOLIC curated HMM/motif rule	Primary real MAG	Thermotoga petrophila	Thermotogota
SGB_024	Carbon fixation	CBB cycle - Rubisco (Form II)	Form II	false	METABOLIC curated HMM/motif rule	Primary real MAG	Thermotoga neapolitana	Thermotogota
TRUNC_050	Carbon fixation	CBB cycle - Rubisco (Form II)	Form II	false	METABOLIC curated HMM/motif rule	Deterministic truncation sensitivity	Nitrosomonas europaea	Pseudomonadota
TRUNC_070	Carbon fixation	CBB cycle - Rubisco (Form II)	Form II	false	METABOLIC curated HMM/motif rule	Deterministic truncation sensitivity	Nitrosomonas europaea	Pseudomonadota
TRUNC_090	Carbon fixation	CBB cycle - Rubisco (Form II)	Form II	false	METABOLIC curated HMM/motif rule	Deterministic truncation sensitivity	Nitrosomonas europaea	Pseudomonadota
TRUNC_100	Carbon fixation	CBB cycle - Rubisco (Form II)	Form II	false	METABOLIC curated HMM/motif rule	Deterministic truncation sensitivity	Nitrosomonas europaea	Pseudomonadota
SGB_001	Carbon fixation	Reverse TCA cycle	aclAB	false	METABOLIC curated HMM/motif rule	Primary real MAG	Desulfobulbus oralis	Desulfobacterota
SGB_002	Carbon fixation	Reverse TCA cycle	aclAB	false	METABOLIC curated HMM/motif rule	Primary real MAG	Nitrosomonas europaea	Pseudomonadota
SGB_003	Carbon fixation	Reverse TCA cycle	aclAB	false	METABOLIC curated HMM/motif rule	Primary real MAG	Porphyromonas gingivalis	Bacteroidota
SGB_004	Carbon fixation	Reverse TCA cycle	aclAB	true	METABOLIC curated HMM/motif rule	Primary real MAG	Chlorobium phaeovibrioides	Bacteroidota
SGB_005	Carbon fixation	Reverse TCA cycle	aclAB	true	METABOLIC curated HMM/motif rule	Primary real MAG	Chlorobium limicola	Bacteroidota
SGB_006	Carbon fixation	Reverse TCA cycle	aclAB	false	METABOLIC curated HMM/motif rule	Primary real MAG	Shewanella baltica	Pseudomonadota
SGB_007	Carbon fixation	Reverse TCA cycle	aclAB	false	METABOLIC curated HMM/motif rule	Primary real MAG	Herpetosiphon aurantiacus	Chloroflexota
SGB_008	Carbon fixation	Reverse TCA cycle	aclAB	false	METABOLIC curated HMM/motif rule	Primary real MAG	Ignicoccus islandicus	Thermoproteota
SGB_009	Carbon fixation	Reverse TCA cycle	aclAB	false	METABOLIC curated HMM/motif rule	Primary real MAG	Ignicoccus hospitalis	Thermoproteota
SGB_010	Carbon fixation	Reverse TCA cycle	aclAB	false	METABOLIC curated HMM/motif rule	Primary real MAG	Methanocaldococcus jannaschii	AGJL01
SGB_011	Carbon fixation	Reverse TCA cycle	aclAB	false	METABOLIC curated HMM/motif rule	Primary real MAG	Methanocatella oralis	Methanobacteriota
SGB_012	Carbon fixation	Reverse TCA cycle	aclAB	false	METABOLIC curated HMM/motif rule	Primary real MAG	Fusobacterium nucleatum	Fusobacteriota
SGB_013	Carbon fixation	Reverse TCA cycle	aclAB	false	METABOLIC curated HMM/motif rule	Primary real MAG	Methanococcus maripaludis_D	AGJL01
SGB_014	Carbon fixation	Reverse TCA cycle	aclAB	true	METABOLIC curated HMM/motif rule	Primary real MAG	Persephonella marina	Aquificota
SGB_015	Carbon fixation	Reverse TCA cycle	aclAB	false	METABOLIC curated HMM/motif rule	Primary real MAG	Hydrogenobaculum sp003543175	Aquificota
SGB_016	Carbon fixation	Reverse TCA cycle	aclAB	false	METABOLIC curated HMM/motif rule	Primary real MAG	Caldicellulosiruptor saccharolyticus	Bacillota
SGB_017	Carbon fixation	Reverse TCA cycle	aclAB	false	METABOLIC curated HMM/motif rule	Primary real MAG	Thermoanaerobacter pseudethanolicus	Bacillota
SGB_018	Carbon fixation	Reverse TCA cycle	aclAB	false	METABOLIC curated HMM/motif rule	Primary real MAG	Nanoarchaeum equitans	Nanobdellota
SGB_019	Carbon fixation	Reverse TCA cycle	aclAB	false	METABOLIC curated HMM/motif rule	Primary real MAG	Pyrococcus horikoshii	Methanobacteriota_B
SGB_020	Carbon fixation	Reverse TCA cycle	aclAB	false	METABOLIC curated HMM/motif rule	Primary real MAG	Halobacterium salinarum	Halobacteriota
SGB_021	Carbon fixation	Reverse TCA cycle	aclAB	false	METABOLIC curated HMM/motif rule	Primary real MAG	Rhodopirellula baltica	Planctomycetota
SGB_022	Carbon fixation	Reverse TCA cycle	aclAB	false	METABOLIC curated HMM/motif rule	Primary real MAG	Gemmatimonas aurantiaca	Gemmatimonadota
SGB_023	Carbon fixation	Reverse TCA cycle	aclAB	false	METABOLIC curated HMM/motif rule	Primary real MAG	Thermotoga petrophila	Thermotogota
SGB_024	Carbon fixation	Reverse TCA cycle	aclAB	false	METABOLIC curated HMM/motif rule	Primary real MAG	Thermotoga neapolitana	Thermotogota
TRUNC_050	Carbon fixation	Reverse TCA cycle	aclAB	false	METABOLIC curated HMM/motif rule	Deterministic truncation sensitivity	Nitrosomonas europaea	Pseudomonadota
TRUNC_070	Carbon fixation	Reverse TCA cycle	aclAB	false	METABOLIC curated HMM/motif rule	Deterministic truncation sensitivity	Nitrosomonas europaea	Pseudomonadota
TRUNC_090	Carbon fixation	Reverse TCA cycle	aclAB	false	METABOLIC curated HMM/motif rule	Deterministic truncation sensitivity	Nitrosomonas europaea	Pseudomonadota
TRUNC_100	Carbon fixation	Reverse TCA cycle	aclAB	false	METABOLIC curated HMM/motif rule	Deterministic truncation sensitivity	Nitrosomonas europaea	Pseudomonadota
SGB_001	Carbon fixation	Wood Ljungdahl pathway	cdhD||cdhE||cooS	false	METABOLIC curated HMM/motif rule	Primary real MAG	Desulfobulbus oralis	Desulfobacterota
SGB_002	Carbon fixation	Wood Ljungdahl pathway	cdhD||cdhE||cooS	false	METABOLIC curated HMM/motif rule	Primary real MAG	Nitrosomonas europaea	Pseudomonadota
SGB_003	Carbon fixation	Wood Ljungdahl pathway	cdhD||cdhE||cooS	false	METABOLIC curated HMM/motif rule	Primary real MAG	Porphyromonas gingivalis	Bacteroidota
SGB_004	Carbon fixation	Wood Ljungdahl pathway	cdhD||cdhE||cooS	false	METABOLIC curated HMM/motif rule	Primary real MAG	Chlorobium phaeovibrioides	Bacteroidota
SGB_005	Carbon fixation	Wood Ljungdahl pathway	cdhD||cdhE||cooS	false	METABOLIC curated HMM/motif rule	Primary real MAG	Chlorobium limicola	Bacteroidota
SGB_006	Carbon fixation	Wood Ljungdahl pathway	cdhD||cdhE||cooS	false	METABOLIC curated HMM/motif rule	Primary real MAG	Shewanella baltica	Pseudomonadota
SGB_007	Carbon fixation	Wood Ljungdahl pathway	cdhD||cdhE||cooS	false	METABOLIC curated HMM/motif rule	Primary real MAG	Herpetosiphon aurantiacus	Chloroflexota
SGB_008	Carbon fixation	Wood Ljungdahl pathway	cdhD||cdhE||cooS	false	METABOLIC curated HMM/motif rule	Primary real MAG	Ignicoccus islandicus	Thermoproteota
SGB_009	Carbon fixation	Wood Ljungdahl pathway	cdhD||cdhE||cooS	false	METABOLIC curated HMM/motif rule	Primary real MAG	Ignicoccus hospitalis	Thermoproteota
SGB_010	Carbon fixation	Wood Ljungdahl pathway	cdhD||cdhE||cooS	true	METABOLIC curated HMM/motif rule	Primary real MAG	Methanocaldococcus jannaschii	AGJL01
SGB_011	Carbon fixation	Wood Ljungdahl pathway	cdhD||cdhE||cooS	false	METABOLIC curated HMM/motif rule	Primary real MAG	Methanocatella oralis	Methanobacteriota
SGB_012	Carbon fixation	Wood Ljungdahl pathway	cdhD||cdhE||cooS	false	METABOLIC curated HMM/motif rule	Primary real MAG	Fusobacterium nucleatum	Fusobacteriota
SGB_013	Carbon fixation	Wood Ljungdahl pathway	cdhD||cdhE||cooS	true	METABOLIC curated HMM/motif rule	Primary real MAG	Methanococcus maripaludis_D	AGJL01
SGB_014	Carbon fixation	Wood Ljungdahl pathway	cdhD||cdhE||cooS	true	METABOLIC curated HMM/motif rule	Primary real MAG	Persephonella marina	Aquificota
SGB_015	Carbon fixation	Wood Ljungdahl pathway	cdhD||cdhE||cooS	false	METABOLIC curated HMM/motif rule	Primary real MAG	Hydrogenobaculum sp003543175	Aquificota
SGB_016	Carbon fixation	Wood Ljungdahl pathway	cdhD||cdhE||cooS	false	METABOLIC curated HMM/motif rule	Primary real MAG	Caldicellulosiruptor saccharolyticus	Bacillota
SGB_017	Carbon fixation	Wood Ljungdahl pathway	cdhD||cdhE||cooS	false	METABOLIC curated HMM/motif rule	Primary real MAG	Thermoanaerobacter pseudethanolicus	Bacillota
SGB_018	Carbon fixation	Wood Ljungdahl pathway	cdhD||cdhE||cooS	false	METABOLIC curated HMM/motif rule	Primary real MAG	Nanoarchaeum equitans	Nanobdellota
SGB_019	Carbon fixation	Wood Ljungdahl pathway	cdhD||cdhE||cooS	false	METABOLIC curated HMM/motif rule	Primary real MAG	Pyrococcus horikoshii	Methanobacteriota_B
SGB_020	Carbon fixation	Wood Ljungdahl pathway	cdhD||cdhE||cooS	false	METABOLIC curated HMM/motif rule	Primary real MAG	Halobacterium salinarum	Halobacteriota
SGB_021	Carbon fixation	Wood Ljungdahl pathway	cdhD||cdhE||cooS	false	METABOLIC curated HMM/motif rule	Primary real MAG	Rhodopirellula baltica	Planctomycetota
SGB_022	Carbon fixation	Wood Ljungdahl pathway	cdhD||cdhE||cooS	false	METABOLIC curated HMM/motif rule	Primary real MAG	Gemmatimonas aurantiaca	Gemmatimonadota
SGB_023	Carbon fixation	Wood Ljungdahl pathway	cdhD||cdhE||cooS	false	METABOLIC curated HMM/motif rule	Primary real MAG	Thermotoga petrophila	Thermotogota
SGB_024	Carbon fixation	Wood Ljungdahl pathway	cdhD||cdhE||cooS	false	METABOLIC curated HMM/motif rule	Primary real MAG	Thermotoga neapolitana	Thermotogota
TRUNC_050	Carbon fixation	Wood Ljungdahl pathway	cdhD||cdhE||cooS	false	METABOLIC curated HMM/motif rule	Deterministic truncation sensitivity	Nitrosomonas europaea	Pseudomonadota
TRUNC_070	Carbon fixation	Wood Ljungdahl pathway	cdhD||cdhE||cooS	false	METABOLIC curated HMM/motif rule	Deterministic truncation sensitivity	Nitrosomonas europaea	Pseudomonadota
TRUNC_090	Carbon fixation	Wood Ljungdahl pathway	cdhD||cdhE||cooS	false	METABOLIC curated HMM/motif rule	Deterministic truncation sensitivity	Nitrosomonas europaea	Pseudomonadota
TRUNC_100	Carbon fixation	Wood Ljungdahl pathway	cdhD||cdhE||cooS	false	METABOLIC curated HMM/motif rule	Deterministic truncation sensitivity	Nitrosomonas europaea	Pseudomonadota
SGB_001	Metal reduction	Metal (Iron/Manganese) reduction	Iron reduction series genes	true	METABOLIC curated HMM/motif rule	Primary real MAG	Desulfobulbus oralis	Desulfobacterota
SGB_002	Metal reduction	Metal (Iron/Manganese) reduction	Iron reduction series genes	true	METABOLIC curated HMM/motif rule	Primary real MAG	Nitrosomonas europaea	Pseudomonadota
SGB_003	Metal reduction	Metal (Iron/Manganese) reduction	Iron reduction series genes	true	METABOLIC curated HMM/motif rule	Primary real MAG	Porphyromonas gingivalis	Bacteroidota
SGB_004	Metal reduction	Metal (Iron/Manganese) reduction	Iron reduction series genes	true	METABOLIC curated HMM/motif rule	Primary real MAG	Chlorobium phaeovibrioides	Bacteroidota
SGB_005	Metal reduction	Metal (Iron/Manganese) reduction	Iron reduction series genes	true	METABOLIC curated HMM/motif rule	Primary real MAG	Chlorobium limicola	Bacteroidota
SGB_006	Metal reduction	Metal (Iron/Manganese) reduction	Iron reduction series genes	true	METABOLIC curated HMM/motif rule	Primary real MAG	Shewanella baltica	Pseudomonadota
SGB_007	Metal reduction	Metal (Iron/Manganese) reduction	Iron reduction series genes	true	METABOLIC curated HMM/motif rule	Primary real MAG	Herpetosiphon aurantiacus	Chloroflexota
SGB_008	Metal reduction	Metal (Iron/Manganese) reduction	Iron reduction series genes	true	METABOLIC curated HMM/motif rule	Primary real MAG	Ignicoccus islandicus	Thermoproteota
SGB_009	Metal reduction	Metal (Iron/Manganese) reduction	Iron reduction series genes	true	METABOLIC curated HMM/motif rule	Primary real MAG	Ignicoccus hospitalis	Thermoproteota
SGB_010	Metal reduction	Metal (Iron/Manganese) reduction	Iron reduction series genes	true	METABOLIC curated HMM/motif rule	Primary real MAG	Methanocaldococcus jannaschii	AGJL01
SGB_011	Metal reduction	Metal (Iron/Manganese) reduction	Iron reduction series genes	true	METABOLIC curated HMM/motif rule	Primary real MAG	Methanocatella oralis	Methanobacteriota
SGB_012	Metal reduction	Metal (Iron/Manganese) reduction	Iron reduction series genes	true	METABOLIC curated HMM/motif rule	Primary real MAG	Fusobacterium nucleatum	Fusobacteriota
SGB_013	Metal reduction	Metal (Iron/Manganese) reduction	Iron reduction series genes	true	METABOLIC curated HMM/motif rule	Primary real MAG	Methanococcus maripaludis_D	AGJL01
SGB_014	Metal reduction	Metal (Iron/Manganese) reduction	Iron reduction series genes	true	METABOLIC curated HMM/motif rule	Primary real MAG	Persephonella marina	Aquificota
SGB_015	Metal reduction	Metal (Iron/Manganese) reduction	Iron reduction series genes	true	METABOLIC curated HMM/motif rule	Primary real MAG	Hydrogenobaculum sp003543175	Aquificota
SGB_016	Metal reduction	Metal (Iron/Manganese) reduction	Iron reduction series genes	true	METABOLIC curated HMM/motif rule	Primary real MAG	Caldicellulosiruptor saccharolyticus	Bacillota
SGB_017	Metal reduction	Metal (Iron/Manganese) reduction	Iron reduction series genes	true	METABOLIC curated HMM/motif rule	Primary real MAG	Thermoanaerobacter pseudethanolicus	Bacillota
SGB_018	Metal reduction	Metal (Iron/Manganese) reduction	Iron reduction series genes	false	METABOLIC curated HMM/motif rule	Primary real MAG	Nanoarchaeum equitans	Nanobdellota
SGB_019	Metal reduction	Metal (Iron/Manganese) reduction	Iron reduction series genes	true	METABOLIC curated HMM/motif rule	Primary real MAG	Pyrococcus horikoshii	Methanobacteriota_B
SGB_020	Metal reduction	Metal (Iron/Manganese) reduction	Iron reduction series genes	true	METABOLIC curated HMM/motif rule	Primary real MAG	Halobacterium salinarum	Halobacteriota
SGB_021	Metal reduction	Metal (Iron/Manganese) reduction	Iron reduction series genes	true	METABOLIC curated HMM/motif rule	Primary real MAG	Rhodopirellula baltica	Planctomycetota
SGB_022	Metal reduction	Metal (Iron/Manganese) reduction	Iron reduction series genes	true	METABOLIC curated HMM/motif rule	Primary real MAG	Gemmatimonas aurantiaca	Gemmatimonadota
SGB_023	Metal reduction	Metal (Iron/Manganese) reduction	Iron reduction series genes	true	METABOLIC curated HMM/motif rule	Primary real MAG	Thermotoga petrophila	Thermotogota
SGB_024	Metal reduction	Metal (Iron/Manganese) reduction	Iron reduction series genes	true	METABOLIC curated HMM/motif rule	Primary real MAG	Thermotoga neapolitana	Thermotogota
TRUNC_050	Metal reduction	Metal (Iron/Manganese) reduction	Iron reduction series genes	true	METABOLIC curated HMM/motif rule	Deterministic truncation sensitivity	Nitrosomonas europaea	Pseudomonadota
TRUNC_070	Metal reduction	Metal (Iron/Manganese) reduction	Iron reduction series genes	true	METABOLIC curated HMM/motif rule	Deterministic truncation sensitivity	Nitrosomonas europaea	Pseudomonadota
TRUNC_090	Metal reduction	Metal (Iron/Manganese) reduction	Iron reduction series genes	true	METABOLIC curated HMM/motif rule	Deterministic truncation sensitivity	Nitrosomonas europaea	Pseudomonadota
TRUNC_100	Metal reduction	Metal (Iron/Manganese) reduction	Iron reduction series genes	true	METABOLIC curated HMM/motif rule	Deterministic truncation sensitivity	Nitrosomonas europaea	Pseudomonadota
SGB_001	Methane metabolism	Methane oxidation - Partculate methane monooxygenase	pmoABC	false	METABOLIC curated HMM/motif rule	Primary real MAG	Desulfobulbus oralis	Desulfobacterota
SGB_002	Methane metabolism	Methane oxidation - Partculate methane monooxygenase	pmoABC	false	METABOLIC curated HMM/motif rule	Primary real MAG	Nitrosomonas europaea	Pseudomonadota
SGB_003	Methane metabolism	Methane oxidation - Partculate methane monooxygenase	pmoABC	false	METABOLIC curated HMM/motif rule	Primary real MAG	Porphyromonas gingivalis	Bacteroidota
SGB_004	Methane metabolism	Methane oxidation - Partculate methane monooxygenase	pmoABC	false	METABOLIC curated HMM/motif rule	Primary real MAG	Chlorobium phaeovibrioides	Bacteroidota
SGB_005	Methane metabolism	Methane oxidation - Partculate methane monooxygenase	pmoABC	false	METABOLIC curated HMM/motif rule	Primary real MAG	Chlorobium limicola	Bacteroidota
SGB_006	Methane metabolism	Methane oxidation - Partculate methane monooxygenase	pmoABC	false	METABOLIC curated HMM/motif rule	Primary real MAG	Shewanella baltica	Pseudomonadota
SGB_007	Methane metabolism	Methane oxidation - Partculate methane monooxygenase	pmoABC	false	METABOLIC curated HMM/motif rule	Primary real MAG	Herpetosiphon aurantiacus	Chloroflexota
SGB_008	Methane metabolism	Methane oxidation - Partculate methane monooxygenase	pmoABC	false	METABOLIC curated HMM/motif rule	Primary real MAG	Ignicoccus islandicus	Thermoproteota
SGB_009	Methane metabolism	Methane oxidation - Partculate methane monooxygenase	pmoABC	false	METABOLIC curated HMM/motif rule	Primary real MAG	Ignicoccus hospitalis	Thermoproteota
SGB_010	Methane metabolism	Methane oxidation - Partculate methane monooxygenase	pmoABC	false	METABOLIC curated HMM/motif rule	Primary real MAG	Methanocaldococcus jannaschii	AGJL01
SGB_011	Methane metabolism	Methane oxidation - Partculate methane monooxygenase	pmoABC	false	METABOLIC curated HMM/motif rule	Primary real MAG	Methanocatella oralis	Methanobacteriota
SGB_012	Methane metabolism	Methane oxidation - Partculate methane monooxygenase	pmoABC	false	METABOLIC curated HMM/motif rule	Primary real MAG	Fusobacterium nucleatum	Fusobacteriota
SGB_013	Methane metabolism	Methane oxidation - Partculate methane monooxygenase	pmoABC	false	METABOLIC curated HMM/motif rule	Primary real MAG	Methanococcus maripaludis_D	AGJL01
SGB_014	Methane metabolism	Methane oxidation - Partculate methane monooxygenase	pmoABC	false	METABOLIC curated HMM/motif rule	Primary real MAG	Persephonella marina	Aquificota
SGB_015	Methane metabolism	Methane oxidation - Partculate methane monooxygenase	pmoABC	false	METABOLIC curated HMM/motif rule	Primary real MAG	Hydrogenobaculum sp003543175	Aquificota
SGB_016	Methane metabolism	Methane oxidation - Partculate methane monooxygenase	pmoABC	false	METABOLIC curated HMM/motif rule	Primary real MAG	Caldicellulosiruptor saccharolyticus	Bacillota
SGB_017	Methane metabolism	Methane oxidation - Partculate methane monooxygenase	pmoABC	false	METABOLIC curated HMM/motif rule	Primary real MAG	Thermoanaerobacter pseudethanolicus	Bacillota
SGB_018	Methane metabolism	Methane oxidation - Partculate methane monooxygenase	pmoABC	false	METABOLIC curated HMM/motif rule	Primary real MAG	Nanoarchaeum equitans	Nanobdellota
SGB_019	Methane metabolism	Methane oxidation - Partculate methane monooxygenase	pmoABC	false	METABOLIC curated HMM/motif rule	Primary real MAG	Pyrococcus horikoshii	Methanobacteriota_B
SGB_020	Methane metabolism	Methane oxidation - Partculate methane monooxygenase	pmoABC	false	METABOLIC curated HMM/motif rule	Primary real MAG	Halobacterium salinarum	Halobacteriota
SGB_021	Methane metabolism	Methane oxidation - Partculate methane monooxygenase	pmoABC	false	METABOLIC curated HMM/motif rule	Primary real MAG	Rhodopirellula baltica	Planctomycetota
SGB_022	Methane metabolism	Methane oxidation - Partculate methane monooxygenase	pmoABC	false	METABOLIC curated HMM/motif rule	Primary real MAG	Gemmatimonas aurantiaca	Gemmatimonadota
SGB_023	Methane metabolism	Methane oxidation - Partculate methane monooxygenase	pmoABC	false	METABOLIC curated HMM/motif rule	Primary real MAG	Thermotoga petrophila	Thermotogota
SGB_024	Methane metabolism	Methane oxidation - Partculate methane monooxygenase	pmoABC	false	METABOLIC curated HMM/motif rule	Primary real MAG	Thermotoga neapolitana	Thermotogota
TRUNC_050	Methane metabolism	Methane oxidation - Partculate methane monooxygenase	pmoABC	false	METABOLIC curated HMM/motif rule	Deterministic truncation sensitivity	Nitrosomonas europaea	Pseudomonadota
TRUNC_070	Methane metabolism	Methane oxidation - Partculate methane monooxygenase	pmoABC	false	METABOLIC curated HMM/motif rule	Deterministic truncation sensitivity	Nitrosomonas europaea	Pseudomonadota
TRUNC_090	Methane metabolism	Methane oxidation - Partculate methane monooxygenase	pmoABC	false	METABOLIC curated HMM/motif rule	Deterministic truncation sensitivity	Nitrosomonas europaea	Pseudomonadota
TRUNC_100	Methane metabolism	Methane oxidation - Partculate methane monooxygenase	pmoABC	false	METABOLIC curated HMM/motif rule	Deterministic truncation sensitivity	Nitrosomonas europaea	Pseudomonadota
SGB_001	Methane metabolism	Methane oxidation - Soluble methane monoxygenase	mmoBD	false	METABOLIC curated HMM/motif rule	Primary real MAG	Desulfobulbus oralis	Desulfobacterota
SGB_002	Methane metabolism	Methane oxidation - Soluble methane monoxygenase	mmoBD	false	METABOLIC curated HMM/motif rule	Primary real MAG	Nitrosomonas europaea	Pseudomonadota
SGB_003	Methane metabolism	Methane oxidation - Soluble methane monoxygenase	mmoBD	false	METABOLIC curated HMM/motif rule	Primary real MAG	Porphyromonas gingivalis	Bacteroidota
SGB_004	Methane metabolism	Methane oxidation - Soluble methane monoxygenase	mmoBD	false	METABOLIC curated HMM/motif rule	Primary real MAG	Chlorobium phaeovibrioides	Bacteroidota
SGB_005	Methane metabolism	Methane oxidation - Soluble methane monoxygenase	mmoBD	false	METABOLIC curated HMM/motif rule	Primary real MAG	Chlorobium limicola	Bacteroidota
SGB_006	Methane metabolism	Methane oxidation - Soluble methane monoxygenase	mmoBD	false	METABOLIC curated HMM/motif rule	Primary real MAG	Shewanella baltica	Pseudomonadota
SGB_007	Methane metabolism	Methane oxidation - Soluble methane monoxygenase	mmoBD	false	METABOLIC curated HMM/motif rule	Primary real MAG	Herpetosiphon aurantiacus	Chloroflexota
SGB_008	Methane metabolism	Methane oxidation - Soluble methane monoxygenase	mmoBD	false	METABOLIC curated HMM/motif rule	Primary real MAG	Ignicoccus islandicus	Thermoproteota
SGB_009	Methane metabolism	Methane oxidation - Soluble methane monoxygenase	mmoBD	false	METABOLIC curated HMM/motif rule	Primary real MAG	Ignicoccus hospitalis	Thermoproteota
SGB_010	Methane metabolism	Methane oxidation - Soluble methane monoxygenase	mmoBD	false	METABOLIC curated HMM/motif rule	Primary real MAG	Methanocaldococcus jannaschii	AGJL01
SGB_011	Methane metabolism	Methane oxidation - Soluble methane monoxygenase	mmoBD	false	METABOLIC curated HMM/motif rule	Primary real MAG	Methanocatella oralis	Methanobacteriota
SGB_012	Methane metabolism	Methane oxidation - Soluble methane monoxygenase	mmoBD	false	METABOLIC curated HMM/motif rule	Primary real MAG	Fusobacterium nucleatum	Fusobacteriota
SGB_013	Methane metabolism	Methane oxidation - Soluble methane monoxygenase	mmoBD	false	METABOLIC curated HMM/motif rule	Primary real MAG	Methanococcus maripaludis_D	AGJL01
SGB_014	Methane metabolism	Methane oxidation - Soluble methane monoxygenase	mmoBD	false	METABOLIC curated HMM/motif rule	Primary real MAG	Persephonella marina	Aquificota
SGB_015	Methane metabolism	Methane oxidation - Soluble methane monoxygenase	mmoBD	false	METABOLIC curated HMM/motif rule	Primary real MAG	Hydrogenobaculum sp003543175	Aquificota
SGB_016	Methane metabolism	Methane oxidation - Soluble methane monoxygenase	mmoBD	false	METABOLIC curated HMM/motif rule	Primary real MAG	Caldicellulosiruptor saccharolyticus	Bacillota
SGB_017	Methane metabolism	Methane oxidation - Soluble methane monoxygenase	mmoBD	false	METABOLIC curated HMM/motif rule	Primary real MAG	Thermoanaerobacter pseudethanolicus	Bacillota
SGB_018	Methane metabolism	Methane oxidation - Soluble methane monoxygenase	mmoBD	false	METABOLIC curated HMM/motif rule	Primary real MAG	Nanoarchaeum equitans	Nanobdellota
SGB_019	Methane metabolism	Methane oxidation - Soluble methane monoxygenase	mmoBD	false	METABOLIC curated HMM/motif rule	Primary real MAG	Pyrococcus horikoshii	Methanobacteriota_B
SGB_020	Methane metabolism	Methane oxidation - Soluble methane monoxygenase	mmoBD	false	METABOLIC curated HMM/motif rule	Primary real MAG	Halobacterium salinarum	Halobacteriota
SGB_021	Methane metabolism	Methane oxidation - Soluble methane monoxygenase	mmoBD	false	METABOLIC curated HMM/motif rule	Primary real MAG	Rhodopirellula baltica	Planctomycetota
SGB_022	Methane metabolism	Methane oxidation - Soluble methane monoxygenase	mmoBD	false	METABOLIC curated HMM/motif rule	Primary real MAG	Gemmatimonas aurantiaca	Gemmatimonadota
SGB_023	Methane metabolism	Methane oxidation - Soluble methane monoxygenase	mmoBD	false	METABOLIC curated HMM/motif rule	Primary real MAG	Thermotoga petrophila	Thermotogota
SGB_024	Methane metabolism	Methane oxidation - Soluble methane monoxygenase	mmoBD	false	METABOLIC curated HMM/motif rule	Primary real MAG	Thermotoga neapolitana	Thermotogota
TRUNC_050	Methane metabolism	Methane oxidation - Soluble methane monoxygenase	mmoBD	false	METABOLIC curated HMM/motif rule	Deterministic truncation sensitivity	Nitrosomonas europaea	Pseudomonadota
TRUNC_070	Methane metabolism	Methane oxidation - Soluble methane monoxygenase	mmoBD	false	METABOLIC curated HMM/motif rule	Deterministic truncation sensitivity	Nitrosomonas europaea	Pseudomonadota
TRUNC_090	Methane metabolism	Methane oxidation - Soluble methane monoxygenase	mmoBD	false	METABOLIC curated HMM/motif rule	Deterministic truncation sensitivity	Nitrosomonas europaea	Pseudomonadota
TRUNC_100	Methane metabolism	Methane oxidation - Soluble methane monoxygenase	mmoBD	false	METABOLIC curated HMM/motif rule	Deterministic truncation sensitivity	Nitrosomonas europaea	Pseudomonadota
SGB_001	Methane metabolism	Methane production	mcrABC	false	METABOLIC curated HMM/motif rule	Primary real MAG	Desulfobulbus oralis	Desulfobacterota
SGB_002	Methane metabolism	Methane production	mcrABC	false	METABOLIC curated HMM/motif rule	Primary real MAG	Nitrosomonas europaea	Pseudomonadota
SGB_003	Methane metabolism	Methane production	mcrABC	false	METABOLIC curated HMM/motif rule	Primary real MAG	Porphyromonas gingivalis	Bacteroidota
SGB_004	Methane metabolism	Methane production	mcrABC	false	METABOLIC curated HMM/motif rule	Primary real MAG	Chlorobium phaeovibrioides	Bacteroidota
SGB_005	Methane metabolism	Methane production	mcrABC	false	METABOLIC curated HMM/motif rule	Primary real MAG	Chlorobium limicola	Bacteroidota
SGB_006	Methane metabolism	Methane production	mcrABC	false	METABOLIC curated HMM/motif rule	Primary real MAG	Shewanella baltica	Pseudomonadota
SGB_007	Methane metabolism	Methane production	mcrABC	false	METABOLIC curated HMM/motif rule	Primary real MAG	Herpetosiphon aurantiacus	Chloroflexota
SGB_008	Methane metabolism	Methane production	mcrABC	false	METABOLIC curated HMM/motif rule	Primary real MAG	Ignicoccus islandicus	Thermoproteota
SGB_009	Methane metabolism	Methane production	mcrABC	false	METABOLIC curated HMM/motif rule	Primary real MAG	Ignicoccus hospitalis	Thermoproteota
SGB_010	Methane metabolism	Methane production	mcrABC	true	METABOLIC curated HMM/motif rule	Primary real MAG	Methanocaldococcus jannaschii	AGJL01
SGB_011	Methane metabolism	Methane production	mcrABC	true	METABOLIC curated HMM/motif rule	Primary real MAG	Methanocatella oralis	Methanobacteriota
SGB_012	Methane metabolism	Methane production	mcrABC	false	METABOLIC curated HMM/motif rule	Primary real MAG	Fusobacterium nucleatum	Fusobacteriota
SGB_013	Methane metabolism	Methane production	mcrABC	true	METABOLIC curated HMM/motif rule	Primary real MAG	Methanococcus maripaludis_D	AGJL01
SGB_014	Methane metabolism	Methane production	mcrABC	false	METABOLIC curated HMM/motif rule	Primary real MAG	Persephonella marina	Aquificota
SGB_015	Methane metabolism	Methane production	mcrABC	false	METABOLIC curated HMM/motif rule	Primary real MAG	Hydrogenobaculum sp003543175	Aquificota
SGB_016	Methane metabolism	Methane production	mcrABC	false	METABOLIC curated HMM/motif rule	Primary real MAG	Caldicellulosiruptor saccharolyticus	Bacillota
SGB_017	Methane metabolism	Methane production	mcrABC	false	METABOLIC curated HMM/motif rule	Primary real MAG	Thermoanaerobacter pseudethanolicus	Bacillota
SGB_018	Methane metabolism	Methane production	mcrABC	false	METABOLIC curated HMM/motif rule	Primary real MAG	Nanoarchaeum equitans	Nanobdellota
SGB_019	Methane metabolism	Methane production	mcrABC	false	METABOLIC curated HMM/motif rule	Primary real MAG	Pyrococcus horikoshii	Methanobacteriota_B
SGB_020	Methane metabolism	Methane production	mcrABC	false	METABOLIC curated HMM/motif rule	Primary real MAG	Halobacterium salinarum	Halobacteriota
SGB_021	Methane metabolism	Methane production	mcrABC	false	METABOLIC curated HMM/motif rule	Primary real MAG	Rhodopirellula baltica	Planctomycetota
SGB_022	Methane metabolism	Methane production	mcrABC	false	METABOLIC curated HMM/motif rule	Primary real MAG	Gemmatimonas aurantiaca	Gemmatimonadota
SGB_023	Methane metabolism	Methane production	mcrABC	false	METABOLIC curated HMM/motif rule	Primary real MAG	Thermotoga petrophila	Thermotogota
SGB_024	Methane metabolism	Methane production	mcrABC	false	METABOLIC curated HMM/motif rule	Primary real MAG	Thermotoga neapolitana	Thermotogota
TRUNC_050	Methane metabolism	Methane production	mcrABC	false	METABOLIC curated HMM/motif rule	Deterministic truncation sensitivity	Nitrosomonas europaea	Pseudomonadota
TRUNC_070	Methane metabolism	Methane production	mcrABC	false	METABOLIC curated HMM/motif rule	Deterministic truncation sensitivity	Nitrosomonas europaea	Pseudomonadota
TRUNC_090	Methane metabolism	Methane production	mcrABC	false	METABOLIC curated HMM/motif rule	Deterministic truncation sensitivity	Nitrosomonas europaea	Pseudomonadota
TRUNC_100	Methane metabolism	Methane production	mcrABC	false	METABOLIC curated HMM/motif rule	Deterministic truncation sensitivity	Nitrosomonas europaea	Pseudomonadota
SGB_001	Nitrogen cycling	Ammonia oxidation	amoABC	false	METABOLIC curated HMM/motif rule	Primary real MAG	Desulfobulbus oralis	Desulfobacterota
SGB_002	Nitrogen cycling	Ammonia oxidation	amoABC	true	METABOLIC curated HMM/motif rule	Primary real MAG	Nitrosomonas europaea	Pseudomonadota
SGB_003	Nitrogen cycling	Ammonia oxidation	amoABC	false	METABOLIC curated HMM/motif rule	Primary real MAG	Porphyromonas gingivalis	Bacteroidota
SGB_004	Nitrogen cycling	Ammonia oxidation	amoABC	false	METABOLIC curated HMM/motif rule	Primary real MAG	Chlorobium phaeovibrioides	Bacteroidota
SGB_005	Nitrogen cycling	Ammonia oxidation	amoABC	false	METABOLIC curated HMM/motif rule	Primary real MAG	Chlorobium limicola	Bacteroidota
SGB_006	Nitrogen cycling	Ammonia oxidation	amoABC	false	METABOLIC curated HMM/motif rule	Primary real MAG	Shewanella baltica	Pseudomonadota
SGB_007	Nitrogen cycling	Ammonia oxidation	amoABC	false	METABOLIC curated HMM/motif rule	Primary real MAG	Herpetosiphon aurantiacus	Chloroflexota
SGB_008	Nitrogen cycling	Ammonia oxidation	amoABC	false	METABOLIC curated HMM/motif rule	Primary real MAG	Ignicoccus islandicus	Thermoproteota
SGB_009	Nitrogen cycling	Ammonia oxidation	amoABC	false	METABOLIC curated HMM/motif rule	Primary real MAG	Ignicoccus hospitalis	Thermoproteota
SGB_010	Nitrogen cycling	Ammonia oxidation	amoABC	false	METABOLIC curated HMM/motif rule	Primary real MAG	Methanocaldococcus jannaschii	AGJL01
SGB_011	Nitrogen cycling	Ammonia oxidation	amoABC	false	METABOLIC curated HMM/motif rule	Primary real MAG	Methanocatella oralis	Methanobacteriota
SGB_012	Nitrogen cycling	Ammonia oxidation	amoABC	false	METABOLIC curated HMM/motif rule	Primary real MAG	Fusobacterium nucleatum	Fusobacteriota
SGB_013	Nitrogen cycling	Ammonia oxidation	amoABC	false	METABOLIC curated HMM/motif rule	Primary real MAG	Methanococcus maripaludis_D	AGJL01
SGB_014	Nitrogen cycling	Ammonia oxidation	amoABC	false	METABOLIC curated HMM/motif rule	Primary real MAG	Persephonella marina	Aquificota
SGB_015	Nitrogen cycling	Ammonia oxidation	amoABC	false	METABOLIC curated HMM/motif rule	Primary real MAG	Hydrogenobaculum sp003543175	Aquificota
SGB_016	Nitrogen cycling	Ammonia oxidation	amoABC	false	METABOLIC curated HMM/motif rule	Primary real MAG	Caldicellulosiruptor saccharolyticus	Bacillota
SGB_017	Nitrogen cycling	Ammonia oxidation	amoABC	false	METABOLIC curated HMM/motif rule	Primary real MAG	Thermoanaerobacter pseudethanolicus	Bacillota
SGB_018	Nitrogen cycling	Ammonia oxidation	amoABC	false	METABOLIC curated HMM/motif rule	Primary real MAG	Nanoarchaeum equitans	Nanobdellota
SGB_019	Nitrogen cycling	Ammonia oxidation	amoABC	false	METABOLIC curated HMM/motif rule	Primary real MAG	Pyrococcus horikoshii	Methanobacteriota_B
SGB_020	Nitrogen cycling	Ammonia oxidation	amoABC	false	METABOLIC curated HMM/motif rule	Primary real MAG	Halobacterium salinarum	Halobacteriota
SGB_021	Nitrogen cycling	Ammonia oxidation	amoABC	false	METABOLIC curated HMM/motif rule	Primary real MAG	Rhodopirellula baltica	Planctomycetota
SGB_022	Nitrogen cycling	Ammonia oxidation	amoABC	false	METABOLIC curated HMM/motif rule	Primary real MAG	Gemmatimonas aurantiaca	Gemmatimonadota
SGB_023	Nitrogen cycling	Ammonia oxidation	amoABC	false	METABOLIC curated HMM/motif rule	Primary real MAG	Thermotoga petrophila	Thermotogota
SGB_024	Nitrogen cycling	Ammonia oxidation	amoABC	false	METABOLIC curated HMM/motif rule	Primary real MAG	Thermotoga neapolitana	Thermotogota
TRUNC_050	Nitrogen cycling	Ammonia oxidation	amoABC	true	METABOLIC curated HMM/motif rule	Deterministic truncation sensitivity	Nitrosomonas europaea	Pseudomonadota
TRUNC_070	Nitrogen cycling	Ammonia oxidation	amoABC	true	METABOLIC curated HMM/motif rule	Deterministic truncation sensitivity	Nitrosomonas europaea	Pseudomonadota
TRUNC_090	Nitrogen cycling	Ammonia oxidation	amoABC	true	METABOLIC curated HMM/motif rule	Deterministic truncation sensitivity	Nitrosomonas europaea	Pseudomonadota
TRUNC_100	Nitrogen cycling	Ammonia oxidation	amoABC	true	METABOLIC curated HMM/motif rule	Deterministic truncation sensitivity	Nitrosomonas europaea	Pseudomonadota
SGB_001	Nitrogen cycling	Anammox	hzoA||hzsA	false	METABOLIC curated HMM/motif rule	Primary real MAG	Desulfobulbus oralis	Desulfobacterota
SGB_002	Nitrogen cycling	Anammox	hzoA||hzsA	false	METABOLIC curated HMM/motif rule	Primary real MAG	Nitrosomonas europaea	Pseudomonadota
SGB_003	Nitrogen cycling	Anammox	hzoA||hzsA	false	METABOLIC curated HMM/motif rule	Primary real MAG	Porphyromonas gingivalis	Bacteroidota
SGB_004	Nitrogen cycling	Anammox	hzoA||hzsA	false	METABOLIC curated HMM/motif rule	Primary real MAG	Chlorobium phaeovibrioides	Bacteroidota
SGB_005	Nitrogen cycling	Anammox	hzoA||hzsA	false	METABOLIC curated HMM/motif rule	Primary real MAG	Chlorobium limicola	Bacteroidota
SGB_006	Nitrogen cycling	Anammox	hzoA||hzsA	false	METABOLIC curated HMM/motif rule	Primary real MAG	Shewanella baltica	Pseudomonadota
SGB_007	Nitrogen cycling	Anammox	hzoA||hzsA	false	METABOLIC curated HMM/motif rule	Primary real MAG	Herpetosiphon aurantiacus	Chloroflexota
SGB_008	Nitrogen cycling	Anammox	hzoA||hzsA	false	METABOLIC curated HMM/motif rule	Primary real MAG	Ignicoccus islandicus	Thermoproteota
SGB_009	Nitrogen cycling	Anammox	hzoA||hzsA	false	METABOLIC curated HMM/motif rule	Primary real MAG	Ignicoccus hospitalis	Thermoproteota
SGB_010	Nitrogen cycling	Anammox	hzoA||hzsA	false	METABOLIC curated HMM/motif rule	Primary real MAG	Methanocaldococcus jannaschii	AGJL01
SGB_011	Nitrogen cycling	Anammox	hzoA||hzsA	false	METABOLIC curated HMM/motif rule	Primary real MAG	Methanocatella oralis	Methanobacteriota
SGB_012	Nitrogen cycling	Anammox	hzoA||hzsA	false	METABOLIC curated HMM/motif rule	Primary real MAG	Fusobacterium nucleatum	Fusobacteriota
SGB_013	Nitrogen cycling	Anammox	hzoA||hzsA	false	METABOLIC curated HMM/motif rule	Primary real MAG	Methanococcus maripaludis_D	AGJL01
SGB_014	Nitrogen cycling	Anammox	hzoA||hzsA	false	METABOLIC curated HMM/motif rule	Primary real MAG	Persephonella marina	Aquificota
SGB_015	Nitrogen cycling	Anammox	hzoA||hzsA	false	METABOLIC curated HMM/motif rule	Primary real MAG	Hydrogenobaculum sp003543175	Aquificota
SGB_016	Nitrogen cycling	Anammox	hzoA||hzsA	false	METABOLIC curated HMM/motif rule	Primary real MAG	Caldicellulosiruptor saccharolyticus	Bacillota
SGB_017	Nitrogen cycling	Anammox	hzoA||hzsA	false	METABOLIC curated HMM/motif rule	Primary real MAG	Thermoanaerobacter pseudethanolicus	Bacillota
SGB_018	Nitrogen cycling	Anammox	hzoA||hzsA	false	METABOLIC curated HMM/motif rule	Primary real MAG	Nanoarchaeum equitans	Nanobdellota
SGB_019	Nitrogen cycling	Anammox	hzoA||hzsA	false	METABOLIC curated HMM/motif rule	Primary real MAG	Pyrococcus horikoshii	Methanobacteriota_B
SGB_020	Nitrogen cycling	Anammox	hzoA||hzsA	false	METABOLIC curated HMM/motif rule	Primary real MAG	Halobacterium salinarum	Halobacteriota
SGB_021	Nitrogen cycling	Anammox	hzoA||hzsA	false	METABOLIC curated HMM/motif rule	Primary real MAG	Rhodopirellula baltica	Planctomycetota
SGB_022	Nitrogen cycling	Anammox	hzoA||hzsA	false	METABOLIC curated HMM/motif rule	Primary real MAG	Gemmatimonas aurantiaca	Gemmatimonadota
SGB_023	Nitrogen cycling	Anammox	hzoA||hzsA	false	METABOLIC curated HMM/motif rule	Primary real MAG	Thermotoga petrophila	Thermotogota
SGB_024	Nitrogen cycling	Anammox	hzoA||hzsA	false	METABOLIC curated HMM/motif rule	Primary real MAG	Thermotoga neapolitana	Thermotogota
TRUNC_050	Nitrogen cycling	Anammox	hzoA||hzsA	false	METABOLIC curated HMM/motif rule	Deterministic truncation sensitivity	Nitrosomonas europaea	Pseudomonadota
TRUNC_070	Nitrogen cycling	Anammox	hzoA||hzsA	false	METABOLIC curated HMM/motif rule	Deterministic truncation sensitivity	Nitrosomonas europaea	Pseudomonadota
TRUNC_090	Nitrogen cycling	Anammox	hzoA||hzsA	false	METABOLIC curated HMM/motif rule	Deterministic truncation sensitivity	Nitrosomonas europaea	Pseudomonadota
TRUNC_100	Nitrogen cycling	Anammox	hzoA||hzsA	false	METABOLIC curated HMM/motif rule	Deterministic truncation sensitivity	Nitrosomonas europaea	Pseudomonadota
SGB_001	Nitrogen cycling	N2 fixation	anfDKG||nifDK||vnfDKG||nifH	false	METABOLIC curated HMM/motif rule	Primary real MAG	Desulfobulbus oralis	Desulfobacterota
SGB_002	Nitrogen cycling	N2 fixation	anfDKG||nifDK||vnfDKG||nifH	false	METABOLIC curated HMM/motif rule	Primary real MAG	Nitrosomonas europaea	Pseudomonadota
SGB_003	Nitrogen cycling	N2 fixation	anfDKG||nifDK||vnfDKG||nifH	false	METABOLIC curated HMM/motif rule	Primary real MAG	Porphyromonas gingivalis	Bacteroidota
SGB_004	Nitrogen cycling	N2 fixation	anfDKG||nifDK||vnfDKG||nifH	true	METABOLIC curated HMM/motif rule	Primary real MAG	Chlorobium phaeovibrioides	Bacteroidota
SGB_005	Nitrogen cycling	N2 fixation	anfDKG||nifDK||vnfDKG||nifH	true	METABOLIC curated HMM/motif rule	Primary real MAG	Chlorobium limicola	Bacteroidota
SGB_006	Nitrogen cycling	N2 fixation	anfDKG||nifDK||vnfDKG||nifH	false	METABOLIC curated HMM/motif rule	Primary real MAG	Shewanella baltica	Pseudomonadota
SGB_007	Nitrogen cycling	N2 fixation	anfDKG||nifDK||vnfDKG||nifH	false	METABOLIC curated HMM/motif rule	Primary real MAG	Herpetosiphon aurantiacus	Chloroflexota
SGB_008	Nitrogen cycling	N2 fixation	anfDKG||nifDK||vnfDKG||nifH	false	METABOLIC curated HMM/motif rule	Primary real MAG	Ignicoccus islandicus	Thermoproteota
SGB_009	Nitrogen cycling	N2 fixation	anfDKG||nifDK||vnfDKG||nifH	false	METABOLIC curated HMM/motif rule	Primary real MAG	Ignicoccus hospitalis	Thermoproteota
SGB_010	Nitrogen cycling	N2 fixation	anfDKG||nifDK||vnfDKG||nifH	true	METABOLIC curated HMM/motif rule	Primary real MAG	Methanocaldococcus jannaschii	AGJL01
SGB_011	Nitrogen cycling	N2 fixation	anfDKG||nifDK||vnfDKG||nifH	true	METABOLIC curated HMM/motif rule	Primary real MAG	Methanocatella oralis	Methanobacteriota
SGB_012	Nitrogen cycling	N2 fixation	anfDKG||nifDK||vnfDKG||nifH	true	METABOLIC curated HMM/motif rule	Primary real MAG	Fusobacterium nucleatum	Fusobacteriota
SGB_013	Nitrogen cycling	N2 fixation	anfDKG||nifDK||vnfDKG||nifH	true	METABOLIC curated HMM/motif rule	Primary real MAG	Methanococcus maripaludis_D	AGJL01
SGB_014	Nitrogen cycling	N2 fixation	anfDKG||nifDK||vnfDKG||nifH	false	METABOLIC curated HMM/motif rule	Primary real MAG	Persephonella marina	Aquificota
SGB_015	Nitrogen cycling	N2 fixation	anfDKG||nifDK||vnfDKG||nifH	false	METABOLIC curated HMM/motif rule	Primary real MAG	Hydrogenobaculum sp003543175	Aquificota
SGB_016	Nitrogen cycling	N2 fixation	anfDKG||nifDK||vnfDKG||nifH	true	METABOLIC curated HMM/motif rule	Primary real MAG	Caldicellulosiruptor saccharolyticus	Bacillota
SGB_017	Nitrogen cycling	N2 fixation	anfDKG||nifDK||vnfDKG||nifH	false	METABOLIC curated HMM/motif rule	Primary real MAG	Thermoanaerobacter pseudethanolicus	Bacillota
SGB_018	Nitrogen cycling	N2 fixation	anfDKG||nifDK||vnfDKG||nifH	false	METABOLIC curated HMM/motif rule	Primary real MAG	Nanoarchaeum equitans	Nanobdellota
SGB_019	Nitrogen cycling	N2 fixation	anfDKG||nifDK||vnfDKG||nifH	false	METABOLIC curated HMM/motif rule	Primary real MAG	Pyrococcus horikoshii	Methanobacteriota_B
SGB_020	Nitrogen cycling	N2 fixation	anfDKG||nifDK||vnfDKG||nifH	false	METABOLIC curated HMM/motif rule	Primary real MAG	Halobacterium salinarum	Halobacteriota
SGB_021	Nitrogen cycling	N2 fixation	anfDKG||nifDK||vnfDKG||nifH	false	METABOLIC curated HMM/motif rule	Primary real MAG	Rhodopirellula baltica	Planctomycetota
SGB_022	Nitrogen cycling	N2 fixation	anfDKG||nifDK||vnfDKG||nifH	false	METABOLIC curated HMM/motif rule	Primary real MAG	Gemmatimonas aurantiaca	Gemmatimonadota
SGB_023	Nitrogen cycling	N2 fixation	anfDKG||nifDK||vnfDKG||nifH	false	METABOLIC curated HMM/motif rule	Primary real MAG	Thermotoga petrophila	Thermotogota
SGB_024	Nitrogen cycling	N2 fixation	anfDKG||nifDK||vnfDKG||nifH	false	METABOLIC curated HMM/motif rule	Primary real MAG	Thermotoga neapolitana	Thermotogota
TRUNC_050	Nitrogen cycling	N2 fixation	anfDKG||nifDK||vnfDKG||nifH	false	METABOLIC curated HMM/motif rule	Deterministic truncation sensitivity	Nitrosomonas europaea	Pseudomonadota
TRUNC_070	Nitrogen cycling	N2 fixation	anfDKG||nifDK||vnfDKG||nifH	false	METABOLIC curated HMM/motif rule	Deterministic truncation sensitivity	Nitrosomonas europaea	Pseudomonadota
TRUNC_090	Nitrogen cycling	N2 fixation	anfDKG||nifDK||vnfDKG||nifH	false	METABOLIC curated HMM/motif rule	Deterministic truncation sensitivity	Nitrosomonas europaea	Pseudomonadota
TRUNC_100	Nitrogen cycling	N2 fixation	anfDKG||nifDK||vnfDKG||nifH	false	METABOLIC curated HMM/motif rule	Deterministic truncation sensitivity	Nitrosomonas europaea	Pseudomonadota
SGB_001	Nitrogen cycling	Nitrate reduction	napAB||narGH	false	METABOLIC curated HMM/motif rule	Primary real MAG	Desulfobulbus oralis	Desulfobacterota
SGB_002	Nitrogen cycling	Nitrate reduction	napAB||narGH	false	METABOLIC curated HMM/motif rule	Primary real MAG	Nitrosomonas europaea	Pseudomonadota
SGB_003	Nitrogen cycling	Nitrate reduction	napAB||narGH	false	METABOLIC curated HMM/motif rule	Primary real MAG	Porphyromonas gingivalis	Bacteroidota
SGB_004	Nitrogen cycling	Nitrate reduction	napAB||narGH	false	METABOLIC curated HMM/motif rule	Primary real MAG	Chlorobium phaeovibrioides	Bacteroidota
SGB_005	Nitrogen cycling	Nitrate reduction	napAB||narGH	false	METABOLIC curated HMM/motif rule	Primary real MAG	Chlorobium limicola	Bacteroidota
SGB_006	Nitrogen cycling	Nitrate reduction	napAB||narGH	true	METABOLIC curated HMM/motif rule	Primary real MAG	Shewanella baltica	Pseudomonadota
SGB_007	Nitrogen cycling	Nitrate reduction	napAB||narGH	false	METABOLIC curated HMM/motif rule	Primary real MAG	Herpetosiphon aurantiacus	Chloroflexota
SGB_008	Nitrogen cycling	Nitrate reduction	napAB||narGH	false	METABOLIC curated HMM/motif rule	Primary real MAG	Ignicoccus islandicus	Thermoproteota
SGB_009	Nitrogen cycling	Nitrate reduction	napAB||narGH	false	METABOLIC curated HMM/motif rule	Primary real MAG	Ignicoccus hospitalis	Thermoproteota
SGB_010	Nitrogen cycling	Nitrate reduction	napAB||narGH	false	METABOLIC curated HMM/motif rule	Primary real MAG	Methanocaldococcus jannaschii	AGJL01
SGB_011	Nitrogen cycling	Nitrate reduction	napAB||narGH	false	METABOLIC curated HMM/motif rule	Primary real MAG	Methanocatella oralis	Methanobacteriota
SGB_012	Nitrogen cycling	Nitrate reduction	napAB||narGH	false	METABOLIC curated HMM/motif rule	Primary real MAG	Fusobacterium nucleatum	Fusobacteriota
SGB_013	Nitrogen cycling	Nitrate reduction	napAB||narGH	false	METABOLIC curated HMM/motif rule	Primary real MAG	Methanococcus maripaludis_D	AGJL01
SGB_014	Nitrogen cycling	Nitrate reduction	napAB||narGH	true	METABOLIC curated HMM/motif rule	Primary real MAG	Persephonella marina	Aquificota
SGB_015	Nitrogen cycling	Nitrate reduction	napAB||narGH	false	METABOLIC curated HMM/motif rule	Primary real MAG	Hydrogenobaculum sp003543175	Aquificota
SGB_016	Nitrogen cycling	Nitrate reduction	napAB||narGH	false	METABOLIC curated HMM/motif rule	Primary real MAG	Caldicellulosiruptor saccharolyticus	Bacillota
SGB_017	Nitrogen cycling	Nitrate reduction	napAB||narGH	false	METABOLIC curated HMM/motif rule	Primary real MAG	Thermoanaerobacter pseudethanolicus	Bacillota
SGB_018	Nitrogen cycling	Nitrate reduction	napAB||narGH	false	METABOLIC curated HMM/motif rule	Primary real MAG	Nanoarchaeum equitans	Nanobdellota
SGB_019	Nitrogen cycling	Nitrate reduction	napAB||narGH	false	METABOLIC curated HMM/motif rule	Primary real MAG	Pyrococcus horikoshii	Methanobacteriota_B
SGB_020	Nitrogen cycling	Nitrate reduction	napAB||narGH	false	METABOLIC curated HMM/motif rule	Primary real MAG	Halobacterium salinarum	Halobacteriota
SGB_021	Nitrogen cycling	Nitrate reduction	napAB||narGH	false	METABOLIC curated HMM/motif rule	Primary real MAG	Rhodopirellula baltica	Planctomycetota
SGB_022	Nitrogen cycling	Nitrate reduction	napAB||narGH	false	METABOLIC curated HMM/motif rule	Primary real MAG	Gemmatimonas aurantiaca	Gemmatimonadota
SGB_023	Nitrogen cycling	Nitrate reduction	napAB||narGH	false	METABOLIC curated HMM/motif rule	Primary real MAG	Thermotoga petrophila	Thermotogota
SGB_024	Nitrogen cycling	Nitrate reduction	napAB||narGH	false	METABOLIC curated HMM/motif rule	Primary real MAG	Thermotoga neapolitana	Thermotogota
TRUNC_050	Nitrogen cycling	Nitrate reduction	napAB||narGH	false	METABOLIC curated HMM/motif rule	Deterministic truncation sensitivity	Nitrosomonas europaea	Pseudomonadota
TRUNC_070	Nitrogen cycling	Nitrate reduction	napAB||narGH	false	METABOLIC curated HMM/motif rule	Deterministic truncation sensitivity	Nitrosomonas europaea	Pseudomonadota
TRUNC_090	Nitrogen cycling	Nitrate reduction	napAB||narGH	false	METABOLIC curated HMM/motif rule	Deterministic truncation sensitivity	Nitrosomonas europaea	Pseudomonadota
TRUNC_100	Nitrogen cycling	Nitrate reduction	napAB||narGH	false	METABOLIC curated HMM/motif rule	Deterministic truncation sensitivity	Nitrosomonas europaea	Pseudomonadota
SGB_001	Nitrogen cycling	Nitric oxide reduction	norBC	false	METABOLIC curated HMM/motif rule	Primary real MAG	Desulfobulbus oralis	Desulfobacterota
SGB_002	Nitrogen cycling	Nitric oxide reduction	norBC	true	METABOLIC curated HMM/motif rule	Primary real MAG	Nitrosomonas europaea	Pseudomonadota
SGB_003	Nitrogen cycling	Nitric oxide reduction	norBC	false	METABOLIC curated HMM/motif rule	Primary real MAG	Porphyromonas gingivalis	Bacteroidota
SGB_004	Nitrogen cycling	Nitric oxide reduction	norBC	false	METABOLIC curated HMM/motif rule	Primary real MAG	Chlorobium phaeovibrioides	Bacteroidota
SGB_005	Nitrogen cycling	Nitric oxide reduction	norBC	false	METABOLIC curated HMM/motif rule	Primary real MAG	Chlorobium limicola	Bacteroidota
SGB_006	Nitrogen cycling	Nitric oxide reduction	norBC	false	METABOLIC curated HMM/motif rule	Primary real MAG	Shewanella baltica	Pseudomonadota
SGB_007	Nitrogen cycling	Nitric oxide reduction	norBC	false	METABOLIC curated HMM/motif rule	Primary real MAG	Herpetosiphon aurantiacus	Chloroflexota
SGB_008	Nitrogen cycling	Nitric oxide reduction	norBC	false	METABOLIC curated HMM/motif rule	Primary real MAG	Ignicoccus islandicus	Thermoproteota
SGB_009	Nitrogen cycling	Nitric oxide reduction	norBC	false	METABOLIC curated HMM/motif rule	Primary real MAG	Ignicoccus hospitalis	Thermoproteota
SGB_010	Nitrogen cycling	Nitric oxide reduction	norBC	false	METABOLIC curated HMM/motif rule	Primary real MAG	Methanocaldococcus jannaschii	AGJL01
SGB_011	Nitrogen cycling	Nitric oxide reduction	norBC	false	METABOLIC curated HMM/motif rule	Primary real MAG	Methanocatella oralis	Methanobacteriota
SGB_012	Nitrogen cycling	Nitric oxide reduction	norBC	false	METABOLIC curated HMM/motif rule	Primary real MAG	Fusobacterium nucleatum	Fusobacteriota
SGB_013	Nitrogen cycling	Nitric oxide reduction	norBC	false	METABOLIC curated HMM/motif rule	Primary real MAG	Methanococcus maripaludis_D	AGJL01
SGB_014	Nitrogen cycling	Nitric oxide reduction	norBC	true	METABOLIC curated HMM/motif rule	Primary real MAG	Persephonella marina	Aquificota
SGB_015	Nitrogen cycling	Nitric oxide reduction	norBC	true	METABOLIC curated HMM/motif rule	Primary real MAG	Hydrogenobaculum sp003543175	Aquificota
SGB_016	Nitrogen cycling	Nitric oxide reduction	norBC	false	METABOLIC curated HMM/motif rule	Primary real MAG	Caldicellulosiruptor saccharolyticus	Bacillota
SGB_017	Nitrogen cycling	Nitric oxide reduction	norBC	false	METABOLIC curated HMM/motif rule	Primary real MAG	Thermoanaerobacter pseudethanolicus	Bacillota
SGB_018	Nitrogen cycling	Nitric oxide reduction	norBC	false	METABOLIC curated HMM/motif rule	Primary real MAG	Nanoarchaeum equitans	Nanobdellota
SGB_019	Nitrogen cycling	Nitric oxide reduction	norBC	false	METABOLIC curated HMM/motif rule	Primary real MAG	Pyrococcus horikoshii	Methanobacteriota_B
SGB_020	Nitrogen cycling	Nitric oxide reduction	norBC	false	METABOLIC curated HMM/motif rule	Primary real MAG	Halobacterium salinarum	Halobacteriota
SGB_021	Nitrogen cycling	Nitric oxide reduction	norBC	false	METABOLIC curated HMM/motif rule	Primary real MAG	Rhodopirellula baltica	Planctomycetota
SGB_022	Nitrogen cycling	Nitric oxide reduction	norBC	false	METABOLIC curated HMM/motif rule	Primary real MAG	Gemmatimonas aurantiaca	Gemmatimonadota
SGB_023	Nitrogen cycling	Nitric oxide reduction	norBC	false	METABOLIC curated HMM/motif rule	Primary real MAG	Thermotoga petrophila	Thermotogota
SGB_024	Nitrogen cycling	Nitric oxide reduction	norBC	false	METABOLIC curated HMM/motif rule	Primary real MAG	Thermotoga neapolitana	Thermotogota
TRUNC_050	Nitrogen cycling	Nitric oxide reduction	norBC	true	METABOLIC curated HMM/motif rule	Deterministic truncation sensitivity	Nitrosomonas europaea	Pseudomonadota
TRUNC_070	Nitrogen cycling	Nitric oxide reduction	norBC	true	METABOLIC curated HMM/motif rule	Deterministic truncation sensitivity	Nitrosomonas europaea	Pseudomonadota
TRUNC_090	Nitrogen cycling	Nitric oxide reduction	norBC	true	METABOLIC curated HMM/motif rule	Deterministic truncation sensitivity	Nitrosomonas europaea	Pseudomonadota
TRUNC_100	Nitrogen cycling	Nitric oxide reduction	norBC	true	METABOLIC curated HMM/motif rule	Deterministic truncation sensitivity	Nitrosomonas europaea	Pseudomonadota
SGB_001	Nitrogen cycling	Nitrite oxidation	nxrAB	false	METABOLIC curated HMM/motif rule	Primary real MAG	Desulfobulbus oralis	Desulfobacterota
SGB_002	Nitrogen cycling	Nitrite oxidation	nxrAB	false	METABOLIC curated HMM/motif rule	Primary real MAG	Nitrosomonas europaea	Pseudomonadota
SGB_003	Nitrogen cycling	Nitrite oxidation	nxrAB	false	METABOLIC curated HMM/motif rule	Primary real MAG	Porphyromonas gingivalis	Bacteroidota
SGB_004	Nitrogen cycling	Nitrite oxidation	nxrAB	false	METABOLIC curated HMM/motif rule	Primary real MAG	Chlorobium phaeovibrioides	Bacteroidota
SGB_005	Nitrogen cycling	Nitrite oxidation	nxrAB	false	METABOLIC curated HMM/motif rule	Primary real MAG	Chlorobium limicola	Bacteroidota
SGB_006	Nitrogen cycling	Nitrite oxidation	nxrAB	false	METABOLIC curated HMM/motif rule	Primary real MAG	Shewanella baltica	Pseudomonadota
SGB_007	Nitrogen cycling	Nitrite oxidation	nxrAB	false	METABOLIC curated HMM/motif rule	Primary real MAG	Herpetosiphon aurantiacus	Chloroflexota
SGB_008	Nitrogen cycling	Nitrite oxidation	nxrAB	false	METABOLIC curated HMM/motif rule	Primary real MAG	Ignicoccus islandicus	Thermoproteota
SGB_009	Nitrogen cycling	Nitrite oxidation	nxrAB	false	METABOLIC curated HMM/motif rule	Primary real MAG	Ignicoccus hospitalis	Thermoproteota
SGB_010	Nitrogen cycling	Nitrite oxidation	nxrAB	false	METABOLIC curated HMM/motif rule	Primary real MAG	Methanocaldococcus jannaschii	AGJL01
SGB_011	Nitrogen cycling	Nitrite oxidation	nxrAB	false	METABOLIC curated HMM/motif rule	Primary real MAG	Methanocatella oralis	Methanobacteriota
SGB_012	Nitrogen cycling	Nitrite oxidation	nxrAB	false	METABOLIC curated HMM/motif rule	Primary real MAG	Fusobacterium nucleatum	Fusobacteriota
SGB_013	Nitrogen cycling	Nitrite oxidation	nxrAB	false	METABOLIC curated HMM/motif rule	Primary real MAG	Methanococcus maripaludis_D	AGJL01
SGB_014	Nitrogen cycling	Nitrite oxidation	nxrAB	false	METABOLIC curated HMM/motif rule	Primary real MAG	Persephonella marina	Aquificota
SGB_015	Nitrogen cycling	Nitrite oxidation	nxrAB	false	METABOLIC curated HMM/motif rule	Primary real MAG	Hydrogenobaculum sp003543175	Aquificota
SGB_016	Nitrogen cycling	Nitrite oxidation	nxrAB	false	METABOLIC curated HMM/motif rule	Primary real MAG	Caldicellulosiruptor saccharolyticus	Bacillota
SGB_017	Nitrogen cycling	Nitrite oxidation	nxrAB	false	METABOLIC curated HMM/motif rule	Primary real MAG	Thermoanaerobacter pseudethanolicus	Bacillota
SGB_018	Nitrogen cycling	Nitrite oxidation	nxrAB	false	METABOLIC curated HMM/motif rule	Primary real MAG	Nanoarchaeum equitans	Nanobdellota
SGB_019	Nitrogen cycling	Nitrite oxidation	nxrAB	false	METABOLIC curated HMM/motif rule	Primary real MAG	Pyrococcus horikoshii	Methanobacteriota_B
SGB_020	Nitrogen cycling	Nitrite oxidation	nxrAB	false	METABOLIC curated HMM/motif rule	Primary real MAG	Halobacterium salinarum	Halobacteriota
SGB_021	Nitrogen cycling	Nitrite oxidation	nxrAB	false	METABOLIC curated HMM/motif rule	Primary real MAG	Rhodopirellula baltica	Planctomycetota
SGB_022	Nitrogen cycling	Nitrite oxidation	nxrAB	false	METABOLIC curated HMM/motif rule	Primary real MAG	Gemmatimonas aurantiaca	Gemmatimonadota
SGB_023	Nitrogen cycling	Nitrite oxidation	nxrAB	false	METABOLIC curated HMM/motif rule	Primary real MAG	Thermotoga petrophila	Thermotogota
SGB_024	Nitrogen cycling	Nitrite oxidation	nxrAB	false	METABOLIC curated HMM/motif rule	Primary real MAG	Thermotoga neapolitana	Thermotogota
TRUNC_050	Nitrogen cycling	Nitrite oxidation	nxrAB	false	METABOLIC curated HMM/motif rule	Deterministic truncation sensitivity	Nitrosomonas europaea	Pseudomonadota
TRUNC_070	Nitrogen cycling	Nitrite oxidation	nxrAB	false	METABOLIC curated HMM/motif rule	Deterministic truncation sensitivity	Nitrosomonas europaea	Pseudomonadota
TRUNC_090	Nitrogen cycling	Nitrite oxidation	nxrAB	false	METABOLIC curated HMM/motif rule	Deterministic truncation sensitivity	Nitrosomonas europaea	Pseudomonadota
TRUNC_100	Nitrogen cycling	Nitrite oxidation	nxrAB	false	METABOLIC curated HMM/motif rule	Deterministic truncation sensitivity	Nitrosomonas europaea	Pseudomonadota
SGB_001	Nitrogen cycling	Nitrite reduction	nirKS||octR	false	METABOLIC curated HMM/motif rule	Primary real MAG	Desulfobulbus oralis	Desulfobacterota
SGB_002	Nitrogen cycling	Nitrite reduction	nirKS||octR	true	METABOLIC curated HMM/motif rule	Primary real MAG	Nitrosomonas europaea	Pseudomonadota
SGB_003	Nitrogen cycling	Nitrite reduction	nirKS||octR	false	METABOLIC curated HMM/motif rule	Primary real MAG	Porphyromonas gingivalis	Bacteroidota
SGB_004	Nitrogen cycling	Nitrite reduction	nirKS||octR	true	METABOLIC curated HMM/motif rule	Primary real MAG	Chlorobium phaeovibrioides	Bacteroidota
SGB_005	Nitrogen cycling	Nitrite reduction	nirKS||octR	true	METABOLIC curated HMM/motif rule	Primary real MAG	Chlorobium limicola	Bacteroidota
SGB_006	Nitrogen cycling	Nitrite reduction	nirKS||octR	true	METABOLIC curated HMM/motif rule	Primary real MAG	Shewanella baltica	Pseudomonadota
SGB_007	Nitrogen cycling	Nitrite reduction	nirKS||octR	true	METABOLIC curated HMM/motif rule	Primary real MAG	Herpetosiphon aurantiacus	Chloroflexota
SGB_008	Nitrogen cycling	Nitrite reduction	nirKS||octR	false	METABOLIC curated HMM/motif rule	Primary real MAG	Ignicoccus islandicus	Thermoproteota
SGB_009	Nitrogen cycling	Nitrite reduction	nirKS||octR	false	METABOLIC curated HMM/motif rule	Primary real MAG	Ignicoccus hospitalis	Thermoproteota
SGB_010	Nitrogen cycling	Nitrite reduction	nirKS||octR	false	METABOLIC curated HMM/motif rule	Primary real MAG	Methanocaldococcus jannaschii	AGJL01
SGB_011	Nitrogen cycling	Nitrite reduction	nirKS||octR	false	METABOLIC curated HMM/motif rule	Primary real MAG	Methanocatella oralis	Methanobacteriota
SGB_012	Nitrogen cycling	Nitrite reduction	nirKS||octR	false	METABOLIC curated HMM/motif rule	Primary real MAG	Fusobacterium nucleatum	Fusobacteriota
SGB_013	Nitrogen cycling	Nitrite reduction	nirKS||octR	false	METABOLIC curated HMM/motif rule	Primary real MAG	Methanococcus maripaludis_D	AGJL01
SGB_014	Nitrogen cycling	Nitrite reduction	nirKS||octR	true	METABOLIC curated HMM/motif rule	Primary real MAG	Persephonella marina	Aquificota
SGB_015	Nitrogen cycling	Nitrite reduction	nirKS||octR	true	METABOLIC curated HMM/motif rule	Primary real MAG	Hydrogenobaculum sp003543175	Aquificota
SGB_016	Nitrogen cycling	Nitrite reduction	nirKS||octR	false	METABOLIC curated HMM/motif rule	Primary real MAG	Caldicellulosiruptor saccharolyticus	Bacillota
SGB_017	Nitrogen cycling	Nitrite reduction	nirKS||octR	false	METABOLIC curated HMM/motif rule	Primary real MAG	Thermoanaerobacter pseudethanolicus	Bacillota
SGB_018	Nitrogen cycling	Nitrite reduction	nirKS||octR	false	METABOLIC curated HMM/motif rule	Primary real MAG	Nanoarchaeum equitans	Nanobdellota
SGB_019	Nitrogen cycling	Nitrite reduction	nirKS||octR	false	METABOLIC curated HMM/motif rule	Primary real MAG	Pyrococcus horikoshii	Methanobacteriota_B
SGB_020	Nitrogen cycling	Nitrite reduction	nirKS||octR	false	METABOLIC curated HMM/motif rule	Primary real MAG	Halobacterium salinarum	Halobacteriota
SGB_021	Nitrogen cycling	Nitrite reduction	nirKS||octR	false	METABOLIC curated HMM/motif rule	Primary real MAG	Rhodopirellula baltica	Planctomycetota
SGB_022	Nitrogen cycling	Nitrite reduction	nirKS||octR	true	METABOLIC curated HMM/motif rule	Primary real MAG	Gemmatimonas aurantiaca	Gemmatimonadota
SGB_023	Nitrogen cycling	Nitrite reduction	nirKS||octR	false	METABOLIC curated HMM/motif rule	Primary real MAG	Thermotoga petrophila	Thermotogota
SGB_024	Nitrogen cycling	Nitrite reduction	nirKS||octR	false	METABOLIC curated HMM/motif rule	Primary real MAG	Thermotoga neapolitana	Thermotogota
TRUNC_050	Nitrogen cycling	Nitrite reduction	nirKS||octR	false	METABOLIC curated HMM/motif rule	Deterministic truncation sensitivity	Nitrosomonas europaea	Pseudomonadota
TRUNC_070	Nitrogen cycling	Nitrite reduction	nirKS||octR	true	METABOLIC curated HMM/motif rule	Deterministic truncation sensitivity	Nitrosomonas europaea	Pseudomonadota
TRUNC_090	Nitrogen cycling	Nitrite reduction	nirKS||octR	true	METABOLIC curated HMM/motif rule	Deterministic truncation sensitivity	Nitrosomonas europaea	Pseudomonadota
TRUNC_100	Nitrogen cycling	Nitrite reduction	nirKS||octR	true	METABOLIC curated HMM/motif rule	Deterministic truncation sensitivity	Nitrosomonas europaea	Pseudomonadota
SGB_001	Nitrogen cycling	Nitrite reduction to ammonia	nrfADH||nirBD	true	METABOLIC curated HMM/motif rule	Primary real MAG	Desulfobulbus oralis	Desulfobacterota
SGB_002	Nitrogen cycling	Nitrite reduction to ammonia	nrfADH||nirBD	false	METABOLIC curated HMM/motif rule	Primary real MAG	Nitrosomonas europaea	Pseudomonadota
SGB_003	Nitrogen cycling	Nitrite reduction to ammonia	nrfADH||nirBD	true	METABOLIC curated HMM/motif rule	Primary real MAG	Porphyromonas gingivalis	Bacteroidota
SGB_004	Nitrogen cycling	Nitrite reduction to ammonia	nrfADH||nirBD	false	METABOLIC curated HMM/motif rule	Primary real MAG	Chlorobium phaeovibrioides	Bacteroidota
SGB_005	Nitrogen cycling	Nitrite reduction to ammonia	nrfADH||nirBD	false	METABOLIC curated HMM/motif rule	Primary real MAG	Chlorobium limicola	Bacteroidota
SGB_006	Nitrogen cycling	Nitrite reduction to ammonia	nrfADH||nirBD	true	METABOLIC curated HMM/motif rule	Primary real MAG	Shewanella baltica	Pseudomonadota
SGB_007	Nitrogen cycling	Nitrite reduction to ammonia	nrfADH||nirBD	false	METABOLIC curated HMM/motif rule	Primary real MAG	Herpetosiphon aurantiacus	Chloroflexota
SGB_008	Nitrogen cycling	Nitrite reduction to ammonia	nrfADH||nirBD	false	METABOLIC curated HMM/motif rule	Primary real MAG	Ignicoccus islandicus	Thermoproteota
SGB_009	Nitrogen cycling	Nitrite reduction to ammonia	nrfADH||nirBD	false	METABOLIC curated HMM/motif rule	Primary real MAG	Ignicoccus hospitalis	Thermoproteota
SGB_010	Nitrogen cycling	Nitrite reduction to ammonia	nrfADH||nirBD	false	METABOLIC curated HMM/motif rule	Primary real MAG	Methanocaldococcus jannaschii	AGJL01
SGB_011	Nitrogen cycling	Nitrite reduction to ammonia	nrfADH||nirBD	false	METABOLIC curated HMM/motif rule	Primary real MAG	Methanocatella oralis	Methanobacteriota
SGB_012	Nitrogen cycling	Nitrite reduction to ammonia	nrfADH||nirBD	false	METABOLIC curated HMM/motif rule	Primary real MAG	Fusobacterium nucleatum	Fusobacteriota
SGB_013	Nitrogen cycling	Nitrite reduction to ammonia	nrfADH||nirBD	false	METABOLIC curated HMM/motif rule	Primary real MAG	Methanococcus maripaludis_D	AGJL01
SGB_014	Nitrogen cycling	Nitrite reduction to ammonia	nrfADH||nirBD	false	METABOLIC curated HMM/motif rule	Primary real MAG	Persephonella marina	Aquificota
SGB_015	Nitrogen cycling	Nitrite reduction to ammonia	nrfADH||nirBD	false	METABOLIC curated HMM/motif rule	Primary real MAG	Hydrogenobaculum sp003543175	Aquificota
SGB_016	Nitrogen cycling	Nitrite reduction to ammonia	nrfADH||nirBD	false	METABOLIC curated HMM/motif rule	Primary real MAG	Caldicellulosiruptor saccharolyticus	Bacillota
SGB_017	Nitrogen cycling	Nitrite reduction to ammonia	nrfADH||nirBD	false	METABOLIC curated HMM/motif rule	Primary real MAG	Thermoanaerobacter pseudethanolicus	Bacillota
SGB_018	Nitrogen cycling	Nitrite reduction to ammonia	nrfADH||nirBD	false	METABOLIC curated HMM/motif rule	Primary real MAG	Nanoarchaeum equitans	Nanobdellota
SGB_019	Nitrogen cycling	Nitrite reduction to ammonia	nrfADH||nirBD	false	METABOLIC curated HMM/motif rule	Primary real MAG	Pyrococcus horikoshii	Methanobacteriota_B
SGB_020	Nitrogen cycling	Nitrite reduction to ammonia	nrfADH||nirBD	false	METABOLIC curated HMM/motif rule	Primary real MAG	Halobacterium salinarum	Halobacteriota
SGB_021	Nitrogen cycling	Nitrite reduction to ammonia	nrfADH||nirBD	true	METABOLIC curated HMM/motif rule	Primary real MAG	Rhodopirellula baltica	Planctomycetota
SGB_022	Nitrogen cycling	Nitrite reduction to ammonia	nrfADH||nirBD	false	METABOLIC curated HMM/motif rule	Primary real MAG	Gemmatimonas aurantiaca	Gemmatimonadota
SGB_023	Nitrogen cycling	Nitrite reduction to ammonia	nrfADH||nirBD	false	METABOLIC curated HMM/motif rule	Primary real MAG	Thermotoga petrophila	Thermotogota
SGB_024	Nitrogen cycling	Nitrite reduction to ammonia	nrfADH||nirBD	false	METABOLIC curated HMM/motif rule	Primary real MAG	Thermotoga neapolitana	Thermotogota
TRUNC_050	Nitrogen cycling	Nitrite reduction to ammonia	nrfADH||nirBD	false	METABOLIC curated HMM/motif rule	Deterministic truncation sensitivity	Nitrosomonas europaea	Pseudomonadota
TRUNC_070	Nitrogen cycling	Nitrite reduction to ammonia	nrfADH||nirBD	false	METABOLIC curated HMM/motif rule	Deterministic truncation sensitivity	Nitrosomonas europaea	Pseudomonadota
TRUNC_090	Nitrogen cycling	Nitrite reduction to ammonia	nrfADH||nirBD	false	METABOLIC curated HMM/motif rule	Deterministic truncation sensitivity	Nitrosomonas europaea	Pseudomonadota
TRUNC_100	Nitrogen cycling	Nitrite reduction to ammonia	nrfADH||nirBD	false	METABOLIC curated HMM/motif rule	Deterministic truncation sensitivity	Nitrosomonas europaea	Pseudomonadota
SGB_001	Nitrogen cycling	Nitrous oxide reduction	nosDZ	false	METABOLIC curated HMM/motif rule	Primary real MAG	Desulfobulbus oralis	Desulfobacterota
SGB_002	Nitrogen cycling	Nitrous oxide reduction	nosDZ	false	METABOLIC curated HMM/motif rule	Primary real MAG	Nitrosomonas europaea	Pseudomonadota
SGB_003	Nitrogen cycling	Nitrous oxide reduction	nosDZ	false	METABOLIC curated HMM/motif rule	Primary real MAG	Porphyromonas gingivalis	Bacteroidota
SGB_004	Nitrogen cycling	Nitrous oxide reduction	nosDZ	false	METABOLIC curated HMM/motif rule	Primary real MAG	Chlorobium phaeovibrioides	Bacteroidota
SGB_005	Nitrogen cycling	Nitrous oxide reduction	nosDZ	false	METABOLIC curated HMM/motif rule	Primary real MAG	Chlorobium limicola	Bacteroidota
SGB_006	Nitrogen cycling	Nitrous oxide reduction	nosDZ	false	METABOLIC curated HMM/motif rule	Primary real MAG	Shewanella baltica	Pseudomonadota
SGB_007	Nitrogen cycling	Nitrous oxide reduction	nosDZ	false	METABOLIC curated HMM/motif rule	Primary real MAG	Herpetosiphon aurantiacus	Chloroflexota
SGB_008	Nitrogen cycling	Nitrous oxide reduction	nosDZ	false	METABOLIC curated HMM/motif rule	Primary real MAG	Ignicoccus islandicus	Thermoproteota
SGB_009	Nitrogen cycling	Nitrous oxide reduction	nosDZ	false	METABOLIC curated HMM/motif rule	Primary real MAG	Ignicoccus hospitalis	Thermoproteota
SGB_010	Nitrogen cycling	Nitrous oxide reduction	nosDZ	false	METABOLIC curated HMM/motif rule	Primary real MAG	Methanocaldococcus jannaschii	AGJL01
SGB_011	Nitrogen cycling	Nitrous oxide reduction	nosDZ	false	METABOLIC curated HMM/motif rule	Primary real MAG	Methanocatella oralis	Methanobacteriota
SGB_012	Nitrogen cycling	Nitrous oxide reduction	nosDZ	false	METABOLIC curated HMM/motif rule	Primary real MAG	Fusobacterium nucleatum	Fusobacteriota
SGB_013	Nitrogen cycling	Nitrous oxide reduction	nosDZ	false	METABOLIC curated HMM/motif rule	Primary real MAG	Methanococcus maripaludis_D	AGJL01
SGB_014	Nitrogen cycling	Nitrous oxide reduction	nosDZ	true	METABOLIC curated HMM/motif rule	Primary real MAG	Persephonella marina	Aquificota
SGB_015	Nitrogen cycling	Nitrous oxide reduction	nosDZ	false	METABOLIC curated HMM/motif rule	Primary real MAG	Hydrogenobaculum sp003543175	Aquificota
SGB_016	Nitrogen cycling	Nitrous oxide reduction	nosDZ	false	METABOLIC curated HMM/motif rule	Primary real MAG	Caldicellulosiruptor saccharolyticus	Bacillota
SGB_017	Nitrogen cycling	Nitrous oxide reduction	nosDZ	false	METABOLIC curated HMM/motif rule	Primary real MAG	Thermoanaerobacter pseudethanolicus	Bacillota
SGB_018	Nitrogen cycling	Nitrous oxide reduction	nosDZ	false	METABOLIC curated HMM/motif rule	Primary real MAG	Nanoarchaeum equitans	Nanobdellota
SGB_019	Nitrogen cycling	Nitrous oxide reduction	nosDZ	false	METABOLIC curated HMM/motif rule	Primary real MAG	Pyrococcus horikoshii	Methanobacteriota_B
SGB_020	Nitrogen cycling	Nitrous oxide reduction	nosDZ	false	METABOLIC curated HMM/motif rule	Primary real MAG	Halobacterium salinarum	Halobacteriota
SGB_021	Nitrogen cycling	Nitrous oxide reduction	nosDZ	false	METABOLIC curated HMM/motif rule	Primary real MAG	Rhodopirellula baltica	Planctomycetota
SGB_022	Nitrogen cycling	Nitrous oxide reduction	nosDZ	true	METABOLIC curated HMM/motif rule	Primary real MAG	Gemmatimonas aurantiaca	Gemmatimonadota
SGB_023	Nitrogen cycling	Nitrous oxide reduction	nosDZ	false	METABOLIC curated HMM/motif rule	Primary real MAG	Thermotoga petrophila	Thermotogota
SGB_024	Nitrogen cycling	Nitrous oxide reduction	nosDZ	false	METABOLIC curated HMM/motif rule	Primary real MAG	Thermotoga neapolitana	Thermotogota
TRUNC_050	Nitrogen cycling	Nitrous oxide reduction	nosDZ	false	METABOLIC curated HMM/motif rule	Deterministic truncation sensitivity	Nitrosomonas europaea	Pseudomonadota
TRUNC_070	Nitrogen cycling	Nitrous oxide reduction	nosDZ	false	METABOLIC curated HMM/motif rule	Deterministic truncation sensitivity	Nitrosomonas europaea	Pseudomonadota
TRUNC_090	Nitrogen cycling	Nitrous oxide reduction	nosDZ	false	METABOLIC curated HMM/motif rule	Deterministic truncation sensitivity	Nitrosomonas europaea	Pseudomonadota
TRUNC_100	Nitrogen cycling	Nitrous oxide reduction	nosDZ	false	METABOLIC curated HMM/motif rule	Deterministic truncation sensitivity	Nitrosomonas europaea	Pseudomonadota
SGB_001	Sulfur cycling	Sulfate reduction	aprA||sat	true	METABOLIC curated HMM/motif rule	Primary real MAG	Desulfobulbus oralis	Desulfobacterota
SGB_002	Sulfur cycling	Sulfate reduction	aprA||sat	false	METABOLIC curated HMM/motif rule	Primary real MAG	Nitrosomonas europaea	Pseudomonadota
SGB_003	Sulfur cycling	Sulfate reduction	aprA||sat	false	METABOLIC curated HMM/motif rule	Primary real MAG	Porphyromonas gingivalis	Bacteroidota
SGB_004	Sulfur cycling	Sulfate reduction	aprA||sat	false	METABOLIC curated HMM/motif rule	Primary real MAG	Chlorobium phaeovibrioides	Bacteroidota
SGB_005	Sulfur cycling	Sulfate reduction	aprA||sat	false	METABOLIC curated HMM/motif rule	Primary real MAG	Chlorobium limicola	Bacteroidota
SGB_006	Sulfur cycling	Sulfate reduction	aprA||sat	false	METABOLIC curated HMM/motif rule	Primary real MAG	Shewanella baltica	Pseudomonadota
SGB_007	Sulfur cycling	Sulfate reduction	aprA||sat	true	METABOLIC curated HMM/motif rule	Primary real MAG	Herpetosiphon aurantiacus	Chloroflexota
SGB_008	Sulfur cycling	Sulfate reduction	aprA||sat	false	METABOLIC curated HMM/motif rule	Primary real MAG	Ignicoccus islandicus	Thermoproteota
SGB_009	Sulfur cycling	Sulfate reduction	aprA||sat	true	METABOLIC curated HMM/motif rule	Primary real MAG	Ignicoccus hospitalis	Thermoproteota
SGB_010	Sulfur cycling	Sulfate reduction	aprA||sat	false	METABOLIC curated HMM/motif rule	Primary real MAG	Methanocaldococcus jannaschii	AGJL01
SGB_011	Sulfur cycling	Sulfate reduction	aprA||sat	false	METABOLIC curated HMM/motif rule	Primary real MAG	Methanocatella oralis	Methanobacteriota
SGB_012	Sulfur cycling	Sulfate reduction	aprA||sat	false	METABOLIC curated HMM/motif rule	Primary real MAG	Fusobacterium nucleatum	Fusobacteriota
SGB_013	Sulfur cycling	Sulfate reduction	aprA||sat	false	METABOLIC curated HMM/motif rule	Primary real MAG	Methanococcus maripaludis_D	AGJL01
SGB_014	Sulfur cycling	Sulfate reduction	aprA||sat	true	METABOLIC curated HMM/motif rule	Primary real MAG	Persephonella marina	Aquificota
SGB_015	Sulfur cycling	Sulfate reduction	aprA||sat	true	METABOLIC curated HMM/motif rule	Primary real MAG	Hydrogenobaculum sp003543175	Aquificota
SGB_016	Sulfur cycling	Sulfate reduction	aprA||sat	false	METABOLIC curated HMM/motif rule	Primary real MAG	Caldicellulosiruptor saccharolyticus	Bacillota
SGB_017	Sulfur cycling	Sulfate reduction	aprA||sat	false	METABOLIC curated HMM/motif rule	Primary real MAG	Thermoanaerobacter pseudethanolicus	Bacillota
SGB_018	Sulfur cycling	Sulfate reduction	aprA||sat	false	METABOLIC curated HMM/motif rule	Primary real MAG	Nanoarchaeum equitans	Nanobdellota
SGB_019	Sulfur cycling	Sulfate reduction	aprA||sat	false	METABOLIC curated HMM/motif rule	Primary real MAG	Pyrococcus horikoshii	Methanobacteriota_B
SGB_020	Sulfur cycling	Sulfate reduction	aprA||sat	false	METABOLIC curated HMM/motif rule	Primary real MAG	Halobacterium salinarum	Halobacteriota
SGB_021	Sulfur cycling	Sulfate reduction	aprA||sat	false	METABOLIC curated HMM/motif rule	Primary real MAG	Rhodopirellula baltica	Planctomycetota
SGB_022	Sulfur cycling	Sulfate reduction	aprA||sat	false	METABOLIC curated HMM/motif rule	Primary real MAG	Gemmatimonas aurantiaca	Gemmatimonadota
SGB_023	Sulfur cycling	Sulfate reduction	aprA||sat	false	METABOLIC curated HMM/motif rule	Primary real MAG	Thermotoga petrophila	Thermotogota
SGB_024	Sulfur cycling	Sulfate reduction	aprA||sat	false	METABOLIC curated HMM/motif rule	Primary real MAG	Thermotoga neapolitana	Thermotogota
TRUNC_050	Sulfur cycling	Sulfate reduction	aprA||sat	false	METABOLIC curated HMM/motif rule	Deterministic truncation sensitivity	Nitrosomonas europaea	Pseudomonadota
TRUNC_070	Sulfur cycling	Sulfate reduction	aprA||sat	false	METABOLIC curated HMM/motif rule	Deterministic truncation sensitivity	Nitrosomonas europaea	Pseudomonadota
TRUNC_090	Sulfur cycling	Sulfate reduction	aprA||sat	false	METABOLIC curated HMM/motif rule	Deterministic truncation sensitivity	Nitrosomonas europaea	Pseudomonadota
TRUNC_100	Sulfur cycling	Sulfate reduction	aprA||sat	false	METABOLIC curated HMM/motif rule	Deterministic truncation sensitivity	Nitrosomonas europaea	Pseudomonadota
SGB_001	Sulfur cycling	Sulfide oxidation	fccB||sqr	false	METABOLIC curated HMM/motif rule	Primary real MAG	Desulfobulbus oralis	Desulfobacterota
SGB_002	Sulfur cycling	Sulfide oxidation	fccB||sqr	false	METABOLIC curated HMM/motif rule	Primary real MAG	Nitrosomonas europaea	Pseudomonadota
SGB_003	Sulfur cycling	Sulfide oxidation	fccB||sqr	false	METABOLIC curated HMM/motif rule	Primary real MAG	Porphyromonas gingivalis	Bacteroidota
SGB_004	Sulfur cycling	Sulfide oxidation	fccB||sqr	true	METABOLIC curated HMM/motif rule	Primary real MAG	Chlorobium phaeovibrioides	Bacteroidota
SGB_005	Sulfur cycling	Sulfide oxidation	fccB||sqr	true	METABOLIC curated HMM/motif rule	Primary real MAG	Chlorobium limicola	Bacteroidota
SGB_006	Sulfur cycling	Sulfide oxidation	fccB||sqr	false	METABOLIC curated HMM/motif rule	Primary real MAG	Shewanella baltica	Pseudomonadota
SGB_007	Sulfur cycling	Sulfide oxidation	fccB||sqr	false	METABOLIC curated HMM/motif rule	Primary real MAG	Herpetosiphon aurantiacus	Chloroflexota
SGB_008	Sulfur cycling	Sulfide oxidation	fccB||sqr	false	METABOLIC curated HMM/motif rule	Primary real MAG	Ignicoccus islandicus	Thermoproteota
SGB_009	Sulfur cycling	Sulfide oxidation	fccB||sqr	false	METABOLIC curated HMM/motif rule	Primary real MAG	Ignicoccus hospitalis	Thermoproteota
SGB_010	Sulfur cycling	Sulfide oxidation	fccB||sqr	false	METABOLIC curated HMM/motif rule	Primary real MAG	Methanocaldococcus jannaschii	AGJL01
SGB_011	Sulfur cycling	Sulfide oxidation	fccB||sqr	false	METABOLIC curated HMM/motif rule	Primary real MAG	Methanocatella oralis	Methanobacteriota
SGB_012	Sulfur cycling	Sulfide oxidation	fccB||sqr	false	METABOLIC curated HMM/motif rule	Primary real MAG	Fusobacterium nucleatum	Fusobacteriota
SGB_013	Sulfur cycling	Sulfide oxidation	fccB||sqr	false	METABOLIC curated HMM/motif rule	Primary real MAG	Methanococcus maripaludis_D	AGJL01
SGB_014	Sulfur cycling	Sulfide oxidation	fccB||sqr	true	METABOLIC curated HMM/motif rule	Primary real MAG	Persephonella marina	Aquificota
SGB_015	Sulfur cycling	Sulfide oxidation	fccB||sqr	true	METABOLIC curated HMM/motif rule	Primary real MAG	Hydrogenobaculum sp003543175	Aquificota
SGB_016	Sulfur cycling	Sulfide oxidation	fccB||sqr	false	METABOLIC curated HMM/motif rule	Primary real MAG	Caldicellulosiruptor saccharolyticus	Bacillota
SGB_017	Sulfur cycling	Sulfide oxidation	fccB||sqr	false	METABOLIC curated HMM/motif rule	Primary real MAG	Thermoanaerobacter pseudethanolicus	Bacillota
SGB_018	Sulfur cycling	Sulfide oxidation	fccB||sqr	false	METABOLIC curated HMM/motif rule	Primary real MAG	Nanoarchaeum equitans	Nanobdellota
SGB_019	Sulfur cycling	Sulfide oxidation	fccB||sqr	false	METABOLIC curated HMM/motif rule	Primary real MAG	Pyrococcus horikoshii	Methanobacteriota_B
SGB_020	Sulfur cycling	Sulfide oxidation	fccB||sqr	false	METABOLIC curated HMM/motif rule	Primary real MAG	Halobacterium salinarum	Halobacteriota
SGB_021	Sulfur cycling	Sulfide oxidation	fccB||sqr	false	METABOLIC curated HMM/motif rule	Primary real MAG	Rhodopirellula baltica	Planctomycetota
SGB_022	Sulfur cycling	Sulfide oxidation	fccB||sqr	false	METABOLIC curated HMM/motif rule	Primary real MAG	Gemmatimonas aurantiaca	Gemmatimonadota
SGB_023	Sulfur cycling	Sulfide oxidation	fccB||sqr	false	METABOLIC curated HMM/motif rule	Primary real MAG	Thermotoga petrophila	Thermotogota
SGB_024	Sulfur cycling	Sulfide oxidation	fccB||sqr	false	METABOLIC curated HMM/motif rule	Primary real MAG	Thermotoga neapolitana	Thermotogota
TRUNC_050	Sulfur cycling	Sulfide oxidation	fccB||sqr	false	METABOLIC curated HMM/motif rule	Deterministic truncation sensitivity	Nitrosomonas europaea	Pseudomonadota
TRUNC_070	Sulfur cycling	Sulfide oxidation	fccB||sqr	false	METABOLIC curated HMM/motif rule	Deterministic truncation sensitivity	Nitrosomonas europaea	Pseudomonadota
TRUNC_090	Sulfur cycling	Sulfide oxidation	fccB||sqr	false	METABOLIC curated HMM/motif rule	Deterministic truncation sensitivity	Nitrosomonas europaea	Pseudomonadota
TRUNC_100	Sulfur cycling	Sulfide oxidation	fccB||sqr	false	METABOLIC curated HMM/motif rule	Deterministic truncation sensitivity	Nitrosomonas europaea	Pseudomonadota
SGB_001	Sulfur cycling	Sulfite reduction	dsrABD||asrABC	true	METABOLIC curated HMM/motif rule	Primary real MAG	Desulfobulbus oralis	Desulfobacterota
SGB_002	Sulfur cycling	Sulfite reduction	dsrABD||asrABC	false	METABOLIC curated HMM/motif rule	Primary real MAG	Nitrosomonas europaea	Pseudomonadota
SGB_003	Sulfur cycling	Sulfite reduction	dsrABD||asrABC	false	METABOLIC curated HMM/motif rule	Primary real MAG	Porphyromonas gingivalis	Bacteroidota
SGB_004	Sulfur cycling	Sulfite reduction	dsrABD||asrABC	true	METABOLIC curated HMM/motif rule	Primary real MAG	Chlorobium phaeovibrioides	Bacteroidota
SGB_005	Sulfur cycling	Sulfite reduction	dsrABD||asrABC	true	METABOLIC curated HMM/motif rule	Primary real MAG	Chlorobium limicola	Bacteroidota
SGB_006	Sulfur cycling	Sulfite reduction	dsrABD||asrABC	false	METABOLIC curated HMM/motif rule	Primary real MAG	Shewanella baltica	Pseudomonadota
SGB_007	Sulfur cycling	Sulfite reduction	dsrABD||asrABC	false	METABOLIC curated HMM/motif rule	Primary real MAG	Herpetosiphon aurantiacus	Chloroflexota
SGB_008	Sulfur cycling	Sulfite reduction	dsrABD||asrABC	false	METABOLIC curated HMM/motif rule	Primary real MAG	Ignicoccus islandicus	Thermoproteota
SGB_009	Sulfur cycling	Sulfite reduction	dsrABD||asrABC	false	METABOLIC curated HMM/motif rule	Primary real MAG	Ignicoccus hospitalis	Thermoproteota
SGB_010	Sulfur cycling	Sulfite reduction	dsrABD||asrABC	false	METABOLIC curated HMM/motif rule	Primary real MAG	Methanocaldococcus jannaschii	AGJL01
SGB_011	Sulfur cycling	Sulfite reduction	dsrABD||asrABC	false	METABOLIC curated HMM/motif rule	Primary real MAG	Methanocatella oralis	Methanobacteriota
SGB_012	Sulfur cycling	Sulfite reduction	dsrABD||asrABC	false	METABOLIC curated HMM/motif rule	Primary real MAG	Fusobacterium nucleatum	Fusobacteriota
SGB_013	Sulfur cycling	Sulfite reduction	dsrABD||asrABC	false	METABOLIC curated HMM/motif rule	Primary real MAG	Methanococcus maripaludis_D	AGJL01
SGB_014	Sulfur cycling	Sulfite reduction	dsrABD||asrABC	false	METABOLIC curated HMM/motif rule	Primary real MAG	Persephonella marina	Aquificota
SGB_015	Sulfur cycling	Sulfite reduction	dsrABD||asrABC	false	METABOLIC curated HMM/motif rule	Primary real MAG	Hydrogenobaculum sp003543175	Aquificota
SGB_016	Sulfur cycling	Sulfite reduction	dsrABD||asrABC	false	METABOLIC curated HMM/motif rule	Primary real MAG	Caldicellulosiruptor saccharolyticus	Bacillota
SGB_017	Sulfur cycling	Sulfite reduction	dsrABD||asrABC	true	METABOLIC curated HMM/motif rule	Primary real MAG	Thermoanaerobacter pseudethanolicus	Bacillota
SGB_018	Sulfur cycling	Sulfite reduction	dsrABD||asrABC	false	METABOLIC curated HMM/motif rule	Primary real MAG	Nanoarchaeum equitans	Nanobdellota
SGB_019	Sulfur cycling	Sulfite reduction	dsrABD||asrABC	false	METABOLIC curated HMM/motif rule	Primary real MAG	Pyrococcus horikoshii	Methanobacteriota_B
SGB_020	Sulfur cycling	Sulfite reduction	dsrABD||asrABC	false	METABOLIC curated HMM/motif rule	Primary real MAG	Halobacterium salinarum	Halobacteriota
SGB_021	Sulfur cycling	Sulfite reduction	dsrABD||asrABC	false	METABOLIC curated HMM/motif rule	Primary real MAG	Rhodopirellula baltica	Planctomycetota
SGB_022	Sulfur cycling	Sulfite reduction	dsrABD||asrABC	false	METABOLIC curated HMM/motif rule	Primary real MAG	Gemmatimonas aurantiaca	Gemmatimonadota
SGB_023	Sulfur cycling	Sulfite reduction	dsrABD||asrABC	false	METABOLIC curated HMM/motif rule	Primary real MAG	Thermotoga petrophila	Thermotogota
SGB_024	Sulfur cycling	Sulfite reduction	dsrABD||asrABC	false	METABOLIC curated HMM/motif rule	Primary real MAG	Thermotoga neapolitana	Thermotogota
TRUNC_050	Sulfur cycling	Sulfite reduction	dsrABD||asrABC	false	METABOLIC curated HMM/motif rule	Deterministic truncation sensitivity	Nitrosomonas europaea	Pseudomonadota
TRUNC_070	Sulfur cycling	Sulfite reduction	dsrABD||asrABC	false	METABOLIC curated HMM/motif rule	Deterministic truncation sensitivity	Nitrosomonas europaea	Pseudomonadota
TRUNC_090	Sulfur cycling	Sulfite reduction	dsrABD||asrABC	false	METABOLIC curated HMM/motif rule	Deterministic truncation sensitivity	Nitrosomonas europaea	Pseudomonadota
TRUNC_100	Sulfur cycling	Sulfite reduction	dsrABD||asrABC	false	METABOLIC curated HMM/motif rule	Deterministic truncation sensitivity	Nitrosomonas europaea	Pseudomonadota
SGB_001	Sulfur cycling	Sulfur oxidation	sdo||sor	true	METABOLIC curated HMM/motif rule	Primary real MAG	Desulfobulbus oralis	Desulfobacterota
SGB_002	Sulfur cycling	Sulfur oxidation	sdo||sor	true	METABOLIC curated HMM/motif rule	Primary real MAG	Nitrosomonas europaea	Pseudomonadota
SGB_003	Sulfur cycling	Sulfur oxidation	sdo||sor	true	METABOLIC curated HMM/motif rule	Primary real MAG	Porphyromonas gingivalis	Bacteroidota
SGB_004	Sulfur cycling	Sulfur oxidation	sdo||sor	true	METABOLIC curated HMM/motif rule	Primary real MAG	Chlorobium phaeovibrioides	Bacteroidota
SGB_005	Sulfur cycling	Sulfur oxidation	sdo||sor	true	METABOLIC curated HMM/motif rule	Primary real MAG	Chlorobium limicola	Bacteroidota
SGB_006	Sulfur cycling	Sulfur oxidation	sdo||sor	false	METABOLIC curated HMM/motif rule	Primary real MAG	Shewanella baltica	Pseudomonadota
SGB_007	Sulfur cycling	Sulfur oxidation	sdo||sor	false	METABOLIC curated HMM/motif rule	Primary real MAG	Herpetosiphon aurantiacus	Chloroflexota
SGB_008	Sulfur cycling	Sulfur oxidation	sdo||sor	false	METABOLIC curated HMM/motif rule	Primary real MAG	Ignicoccus islandicus	Thermoproteota
SGB_009	Sulfur cycling	Sulfur oxidation	sdo||sor	false	METABOLIC curated HMM/motif rule	Primary real MAG	Ignicoccus hospitalis	Thermoproteota
SGB_010	Sulfur cycling	Sulfur oxidation	sdo||sor	false	METABOLIC curated HMM/motif rule	Primary real MAG	Methanocaldococcus jannaschii	AGJL01
SGB_011	Sulfur cycling	Sulfur oxidation	sdo||sor	false	METABOLIC curated HMM/motif rule	Primary real MAG	Methanocatella oralis	Methanobacteriota
SGB_012	Sulfur cycling	Sulfur oxidation	sdo||sor	false	METABOLIC curated HMM/motif rule	Primary real MAG	Fusobacterium nucleatum	Fusobacteriota
SGB_013	Sulfur cycling	Sulfur oxidation	sdo||sor	false	METABOLIC curated HMM/motif rule	Primary real MAG	Methanococcus maripaludis_D	AGJL01
SGB_014	Sulfur cycling	Sulfur oxidation	sdo||sor	false	METABOLIC curated HMM/motif rule	Primary real MAG	Persephonella marina	Aquificota
SGB_015	Sulfur cycling	Sulfur oxidation	sdo||sor	false	METABOLIC curated HMM/motif rule	Primary real MAG	Hydrogenobaculum sp003543175	Aquificota
SGB_016	Sulfur cycling	Sulfur oxidation	sdo||sor	false	METABOLIC curated HMM/motif rule	Primary real MAG	Caldicellulosiruptor saccharolyticus	Bacillota
SGB_017	Sulfur cycling	Sulfur oxidation	sdo||sor	true	METABOLIC curated HMM/motif rule	Primary real MAG	Thermoanaerobacter pseudethanolicus	Bacillota
SGB_018	Sulfur cycling	Sulfur oxidation	sdo||sor	false	METABOLIC curated HMM/motif rule	Primary real MAG	Nanoarchaeum equitans	Nanobdellota
SGB_019	Sulfur cycling	Sulfur oxidation	sdo||sor	false	METABOLIC curated HMM/motif rule	Primary real MAG	Pyrococcus horikoshii	Methanobacteriota_B
SGB_020	Sulfur cycling	Sulfur oxidation	sdo||sor	false	METABOLIC curated HMM/motif rule	Primary real MAG	Halobacterium salinarum	Halobacteriota
SGB_021	Sulfur cycling	Sulfur oxidation	sdo||sor	true	METABOLIC curated HMM/motif rule	Primary real MAG	Rhodopirellula baltica	Planctomycetota
SGB_022	Sulfur cycling	Sulfur oxidation	sdo||sor	true	METABOLIC curated HMM/motif rule	Primary real MAG	Gemmatimonas aurantiaca	Gemmatimonadota
SGB_023	Sulfur cycling	Sulfur oxidation	sdo||sor	false	METABOLIC curated HMM/motif rule	Primary real MAG	Thermotoga petrophila	Thermotogota
SGB_024	Sulfur cycling	Sulfur oxidation	sdo||sor	false	METABOLIC curated HMM/motif rule	Primary real MAG	Thermotoga neapolitana	Thermotogota
TRUNC_050	Sulfur cycling	Sulfur oxidation	sdo||sor	true	METABOLIC curated HMM/motif rule	Deterministic truncation sensitivity	Nitrosomonas europaea	Pseudomonadota
TRUNC_070	Sulfur cycling	Sulfur oxidation	sdo||sor	true	METABOLIC curated HMM/motif rule	Deterministic truncation sensitivity	Nitrosomonas europaea	Pseudomonadota
TRUNC_090	Sulfur cycling	Sulfur oxidation	sdo||sor	true	METABOLIC curated HMM/motif rule	Deterministic truncation sensitivity	Nitrosomonas europaea	Pseudomonadota
TRUNC_100	Sulfur cycling	Sulfur oxidation	sdo||sor	true	METABOLIC curated HMM/motif rule	Deterministic truncation sensitivity	Nitrosomonas europaea	Pseudomonadota
SGB_001	Sulfur cycling	Sulfur reduction	sreABC||sor	false	METABOLIC curated HMM/motif rule	Primary real MAG	Desulfobulbus oralis	Desulfobacterota
SGB_002	Sulfur cycling	Sulfur reduction	sreABC||sor	false	METABOLIC curated HMM/motif rule	Primary real MAG	Nitrosomonas europaea	Pseudomonadota
SGB_003	Sulfur cycling	Sulfur reduction	sreABC||sor	false	METABOLIC curated HMM/motif rule	Primary real MAG	Porphyromonas gingivalis	Bacteroidota
SGB_004	Sulfur cycling	Sulfur reduction	sreABC||sor	false	METABOLIC curated HMM/motif rule	Primary real MAG	Chlorobium phaeovibrioides	Bacteroidota
SGB_005	Sulfur cycling	Sulfur reduction	sreABC||sor	false	METABOLIC curated HMM/motif rule	Primary real MAG	Chlorobium limicola	Bacteroidota
SGB_006	Sulfur cycling	Sulfur reduction	sreABC||sor	false	METABOLIC curated HMM/motif rule	Primary real MAG	Shewanella baltica	Pseudomonadota
SGB_007	Sulfur cycling	Sulfur reduction	sreABC||sor	false	METABOLIC curated HMM/motif rule	Primary real MAG	Herpetosiphon aurantiacus	Chloroflexota
SGB_008	Sulfur cycling	Sulfur reduction	sreABC||sor	false	METABOLIC curated HMM/motif rule	Primary real MAG	Ignicoccus islandicus	Thermoproteota
SGB_009	Sulfur cycling	Sulfur reduction	sreABC||sor	false	METABOLIC curated HMM/motif rule	Primary real MAG	Ignicoccus hospitalis	Thermoproteota
SGB_010	Sulfur cycling	Sulfur reduction	sreABC||sor	false	METABOLIC curated HMM/motif rule	Primary real MAG	Methanocaldococcus jannaschii	AGJL01
SGB_011	Sulfur cycling	Sulfur reduction	sreABC||sor	false	METABOLIC curated HMM/motif rule	Primary real MAG	Methanocatella oralis	Methanobacteriota
SGB_012	Sulfur cycling	Sulfur reduction	sreABC||sor	false	METABOLIC curated HMM/motif rule	Primary real MAG	Fusobacterium nucleatum	Fusobacteriota
SGB_013	Sulfur cycling	Sulfur reduction	sreABC||sor	false	METABOLIC curated HMM/motif rule	Primary real MAG	Methanococcus maripaludis_D	AGJL01
SGB_014	Sulfur cycling	Sulfur reduction	sreABC||sor	false	METABOLIC curated HMM/motif rule	Primary real MAG	Persephonella marina	Aquificota
SGB_015	Sulfur cycling	Sulfur reduction	sreABC||sor	false	METABOLIC curated HMM/motif rule	Primary real MAG	Hydrogenobaculum sp003543175	Aquificota
SGB_016	Sulfur cycling	Sulfur reduction	sreABC||sor	false	METABOLIC curated HMM/motif rule	Primary real MAG	Caldicellulosiruptor saccharolyticus	Bacillota
SGB_017	Sulfur cycling	Sulfur reduction	sreABC||sor	false	METABOLIC curated HMM/motif rule	Primary real MAG	Thermoanaerobacter pseudethanolicus	Bacillota
SGB_018	Sulfur cycling	Sulfur reduction	sreABC||sor	false	METABOLIC curated HMM/motif rule	Primary real MAG	Nanoarchaeum equitans	Nanobdellota
SGB_019	Sulfur cycling	Sulfur reduction	sreABC||sor	false	METABOLIC curated HMM/motif rule	Primary real MAG	Pyrococcus horikoshii	Methanobacteriota_B
SGB_020	Sulfur cycling	Sulfur reduction	sreABC||sor	false	METABOLIC curated HMM/motif rule	Primary real MAG	Halobacterium salinarum	Halobacteriota
SGB_021	Sulfur cycling	Sulfur reduction	sreABC||sor	false	METABOLIC curated HMM/motif rule	Primary real MAG	Rhodopirellula baltica	Planctomycetota
SGB_022	Sulfur cycling	Sulfur reduction	sreABC||sor	false	METABOLIC curated HMM/motif rule	Primary real MAG	Gemmatimonas aurantiaca	Gemmatimonadota
SGB_023	Sulfur cycling	Sulfur reduction	sreABC||sor	false	METABOLIC curated HMM/motif rule	Primary real MAG	Thermotoga petrophila	Thermotogota
SGB_024	Sulfur cycling	Sulfur reduction	sreABC||sor	false	METABOLIC curated HMM/motif rule	Primary real MAG	Thermotoga neapolitana	Thermotogota
TRUNC_050	Sulfur cycling	Sulfur reduction	sreABC||sor	false	METABOLIC curated HMM/motif rule	Deterministic truncation sensitivity	Nitrosomonas europaea	Pseudomonadota
TRUNC_070	Sulfur cycling	Sulfur reduction	sreABC||sor	false	METABOLIC curated HMM/motif rule	Deterministic truncation sensitivity	Nitrosomonas europaea	Pseudomonadota
TRUNC_090	Sulfur cycling	Sulfur reduction	sreABC||sor	false	METABOLIC curated HMM/motif rule	Deterministic truncation sensitivity	Nitrosomonas europaea	Pseudomonadota
TRUNC_100	Sulfur cycling	Sulfur reduction	sreABC||sor	false	METABOLIC curated HMM/motif rule	Deterministic truncation sensitivity	Nitrosomonas europaea	Pseudomonadota
SGB_001	Sulfur cycling	Thiosulfate disproportionation	phsA	false	METABOLIC curated HMM/motif rule	Primary real MAG	Desulfobulbus oralis	Desulfobacterota
SGB_002	Sulfur cycling	Thiosulfate disproportionation	phsA	false	METABOLIC curated HMM/motif rule	Primary real MAG	Nitrosomonas europaea	Pseudomonadota
SGB_003	Sulfur cycling	Thiosulfate disproportionation	phsA	false	METABOLIC curated HMM/motif rule	Primary real MAG	Porphyromonas gingivalis	Bacteroidota
SGB_004	Sulfur cycling	Thiosulfate disproportionation	phsA	false	METABOLIC curated HMM/motif rule	Primary real MAG	Chlorobium phaeovibrioides	Bacteroidota
SGB_005	Sulfur cycling	Thiosulfate disproportionation	phsA	true	METABOLIC curated HMM/motif rule	Primary real MAG	Chlorobium limicola	Bacteroidota
SGB_006	Sulfur cycling	Thiosulfate disproportionation	phsA	true	METABOLIC curated HMM/motif rule	Primary real MAG	Shewanella baltica	Pseudomonadota
SGB_007	Sulfur cycling	Thiosulfate disproportionation	phsA	false	METABOLIC curated HMM/motif rule	Primary real MAG	Herpetosiphon aurantiacus	Chloroflexota
SGB_008	Sulfur cycling	Thiosulfate disproportionation	phsA	false	METABOLIC curated HMM/motif rule	Primary real MAG	Ignicoccus islandicus	Thermoproteota
SGB_009	Sulfur cycling	Thiosulfate disproportionation	phsA	false	METABOLIC curated HMM/motif rule	Primary real MAG	Ignicoccus hospitalis	Thermoproteota
SGB_010	Sulfur cycling	Thiosulfate disproportionation	phsA	false	METABOLIC curated HMM/motif rule	Primary real MAG	Methanocaldococcus jannaschii	AGJL01
SGB_011	Sulfur cycling	Thiosulfate disproportionation	phsA	false	METABOLIC curated HMM/motif rule	Primary real MAG	Methanocatella oralis	Methanobacteriota
SGB_012	Sulfur cycling	Thiosulfate disproportionation	phsA	false	METABOLIC curated HMM/motif rule	Primary real MAG	Fusobacterium nucleatum	Fusobacteriota
SGB_013	Sulfur cycling	Thiosulfate disproportionation	phsA	false	METABOLIC curated HMM/motif rule	Primary real MAG	Methanococcus maripaludis_D	AGJL01
SGB_014	Sulfur cycling	Thiosulfate disproportionation	phsA	false	METABOLIC curated HMM/motif rule	Primary real MAG	Persephonella marina	Aquificota
SGB_015	Sulfur cycling	Thiosulfate disproportionation	phsA	false	METABOLIC curated HMM/motif rule	Primary real MAG	Hydrogenobaculum sp003543175	Aquificota
SGB_016	Sulfur cycling	Thiosulfate disproportionation	phsA	false	METABOLIC curated HMM/motif rule	Primary real MAG	Caldicellulosiruptor saccharolyticus	Bacillota
SGB_017	Sulfur cycling	Thiosulfate disproportionation	phsA	false	METABOLIC curated HMM/motif rule	Primary real MAG	Thermoanaerobacter pseudethanolicus	Bacillota
SGB_018	Sulfur cycling	Thiosulfate disproportionation	phsA	false	METABOLIC curated HMM/motif rule	Primary real MAG	Nanoarchaeum equitans	Nanobdellota
SGB_019	Sulfur cycling	Thiosulfate disproportionation	phsA	false	METABOLIC curated HMM/motif rule	Primary real MAG	Pyrococcus horikoshii	Methanobacteriota_B
SGB_020	Sulfur cycling	Thiosulfate disproportionation	phsA	false	METABOLIC curated HMM/motif rule	Primary real MAG	Halobacterium salinarum	Halobacteriota
SGB_021	Sulfur cycling	Thiosulfate disproportionation	phsA	false	METABOLIC curated HMM/motif rule	Primary real MAG	Rhodopirellula baltica	Planctomycetota
SGB_022	Sulfur cycling	Thiosulfate disproportionation	phsA	false	METABOLIC curated HMM/motif rule	Primary real MAG	Gemmatimonas aurantiaca	Gemmatimonadota
SGB_023	Sulfur cycling	Thiosulfate disproportionation	phsA	false	METABOLIC curated HMM/motif rule	Primary real MAG	Thermotoga petrophila	Thermotogota
SGB_024	Sulfur cycling	Thiosulfate disproportionation	phsA	false	METABOLIC curated HMM/motif rule	Primary real MAG	Thermotoga neapolitana	Thermotogota
TRUNC_050	Sulfur cycling	Thiosulfate disproportionation	phsA	false	METABOLIC curated HMM/motif rule	Deterministic truncation sensitivity	Nitrosomonas europaea	Pseudomonadota
TRUNC_070	Sulfur cycling	Thiosulfate disproportionation	phsA	false	METABOLIC curated HMM/motif rule	Deterministic truncation sensitivity	Nitrosomonas europaea	Pseudomonadota
TRUNC_090	Sulfur cycling	Thiosulfate disproportionation	phsA	false	METABOLIC curated HMM/motif rule	Deterministic truncation sensitivity	Nitrosomonas europaea	Pseudomonadota
TRUNC_100	Sulfur cycling	Thiosulfate disproportionation	phsA	false	METABOLIC curated HMM/motif rule	Deterministic truncation sensitivity	Nitrosomonas europaea	Pseudomonadota
SGB_001	Sulfur cycling	Thiosulfate oxidation	soxBCY	false	METABOLIC curated HMM/motif rule	Primary real MAG	Desulfobulbus oralis	Desulfobacterota
SGB_002	Sulfur cycling	Thiosulfate oxidation	soxBCY	false	METABOLIC curated HMM/motif rule	Primary real MAG	Nitrosomonas europaea	Pseudomonadota
SGB_003	Sulfur cycling	Thiosulfate oxidation	soxBCY	false	METABOLIC curated HMM/motif rule	Primary real MAG	Porphyromonas gingivalis	Bacteroidota
SGB_004	Sulfur cycling	Thiosulfate oxidation	soxBCY	true	METABOLIC curated HMM/motif rule	Primary real MAG	Chlorobium phaeovibrioides	Bacteroidota
SGB_005	Sulfur cycling	Thiosulfate oxidation	soxBCY	false	METABOLIC curated HMM/motif rule	Primary real MAG	Chlorobium limicola	Bacteroidota
SGB_006	Sulfur cycling	Thiosulfate oxidation	soxBCY	false	METABOLIC curated HMM/motif rule	Primary real MAG	Shewanella baltica	Pseudomonadota
SGB_007	Sulfur cycling	Thiosulfate oxidation	soxBCY	false	METABOLIC curated HMM/motif rule	Primary real MAG	Herpetosiphon aurantiacus	Chloroflexota
SGB_008	Sulfur cycling	Thiosulfate oxidation	soxBCY	false	METABOLIC curated HMM/motif rule	Primary real MAG	Ignicoccus islandicus	Thermoproteota
SGB_009	Sulfur cycling	Thiosulfate oxidation	soxBCY	false	METABOLIC curated HMM/motif rule	Primary real MAG	Ignicoccus hospitalis	Thermoproteota
SGB_010	Sulfur cycling	Thiosulfate oxidation	soxBCY	false	METABOLIC curated HMM/motif rule	Primary real MAG	Methanocaldococcus jannaschii	AGJL01
SGB_011	Sulfur cycling	Thiosulfate oxidation	soxBCY	false	METABOLIC curated HMM/motif rule	Primary real MAG	Methanocatella oralis	Methanobacteriota
SGB_012	Sulfur cycling	Thiosulfate oxidation	soxBCY	false	METABOLIC curated HMM/motif rule	Primary real MAG	Fusobacterium nucleatum	Fusobacteriota
SGB_013	Sulfur cycling	Thiosulfate oxidation	soxBCY	false	METABOLIC curated HMM/motif rule	Primary real MAG	Methanococcus maripaludis_D	AGJL01
SGB_014	Sulfur cycling	Thiosulfate oxidation	soxBCY	true	METABOLIC curated HMM/motif rule	Primary real MAG	Persephonella marina	Aquificota
SGB_015	Sulfur cycling	Thiosulfate oxidation	soxBCY	false	METABOLIC curated HMM/motif rule	Primary real MAG	Hydrogenobaculum sp003543175	Aquificota
SGB_016	Sulfur cycling	Thiosulfate oxidation	soxBCY	false	METABOLIC curated HMM/motif rule	Primary real MAG	Caldicellulosiruptor saccharolyticus	Bacillota
SGB_017	Sulfur cycling	Thiosulfate oxidation	soxBCY	false	METABOLIC curated HMM/motif rule	Primary real MAG	Thermoanaerobacter pseudethanolicus	Bacillota
SGB_018	Sulfur cycling	Thiosulfate oxidation	soxBCY	false	METABOLIC curated HMM/motif rule	Primary real MAG	Nanoarchaeum equitans	Nanobdellota
SGB_019	Sulfur cycling	Thiosulfate oxidation	soxBCY	false	METABOLIC curated HMM/motif rule	Primary real MAG	Pyrococcus horikoshii	Methanobacteriota_B
SGB_020	Sulfur cycling	Thiosulfate oxidation	soxBCY	false	METABOLIC curated HMM/motif rule	Primary real MAG	Halobacterium salinarum	Halobacteriota
SGB_021	Sulfur cycling	Thiosulfate oxidation	soxBCY	false	METABOLIC curated HMM/motif rule	Primary real MAG	Rhodopirellula baltica	Planctomycetota
SGB_022	Sulfur cycling	Thiosulfate oxidation	soxBCY	false	METABOLIC curated HMM/motif rule	Primary real MAG	Gemmatimonas aurantiaca	Gemmatimonadota
SGB_023	Sulfur cycling	Thiosulfate oxidation	soxBCY	false	METABOLIC curated HMM/motif rule	Primary real MAG	Thermotoga petrophila	Thermotogota
SGB_024	Sulfur cycling	Thiosulfate oxidation	soxBCY	false	METABOLIC curated HMM/motif rule	Primary real MAG	Thermotoga neapolitana	Thermotogota
TRUNC_050	Sulfur cycling	Thiosulfate oxidation	soxBCY	false	METABOLIC curated HMM/motif rule	Deterministic truncation sensitivity	Nitrosomonas europaea	Pseudomonadota
TRUNC_070	Sulfur cycling	Thiosulfate oxidation	soxBCY	false	METABOLIC curated HMM/motif rule	Deterministic truncation sensitivity	Nitrosomonas europaea	Pseudomonadota
TRUNC_090	Sulfur cycling	Thiosulfate oxidation	soxBCY	false	METABOLIC curated HMM/motif rule	Deterministic truncation sensitivity	Nitrosomonas europaea	Pseudomonadota
TRUNC_100	Sulfur cycling	Thiosulfate oxidation	soxBCY	false	METABOLIC curated HMM/motif rule	Deterministic truncation sensitivity	Nitrosomonas europaea	Pseudomonadota
