07/22/2026 04:12:49 AM - humann.humann - INFO: Running humann v3.9
07/22/2026 04:12:49 AM - humann.humann - INFO: Output files will be written to: ${ARTICLE19_WORK_DIR}/humann
07/22/2026 04:12:49 AM - humann.humann - INFO: Writing temp files to directory: ${ARTICLE19_WORK_DIR}/humann/ERR9765746_MOCK1_humann_temp
07/22/2026 04:12:49 AM - humann.utilities - INFO: File ( ${ARTICLE19_WORK_DIR}/ERR9765746_clean_all_reads.fastq.gz ) is of format:  fastq.gz
07/22/2026 04:12:49 AM - humann.utilities - INFO: Decompressing gzipped file ...
07/22/2026 04:12:49 AM - humann.humann - INFO: Removing spaces from identifiers in input file
07/22/2026 04:12:50 AM - humann.utilities - DEBUG: Check software, metaphlan, for required version, 3.0
07/22/2026 04:12:51 AM - humann.utilities - INFO: Using metaphlan version 4.2
07/22/2026 04:12:51 AM - humann.utilities - DEBUG: Check software, bowtie2, for required version, 2.2
07/22/2026 04:12:51 AM - humann.utilities - WARNING: Can not call software version for bowtie2
07/22/2026 04:12:51 AM - humann.utilities - INFO: Using bowtie2 version UNK
07/22/2026 04:12:51 AM - humann.utilities - DEBUG: Check software, diamond, for required version, 2.0.15
07/22/2026 04:12:51 AM - humann.utilities - INFO: Using diamond version 2.2.4
07/22/2026 04:12:51 AM - humann.config - INFO: 
Run config settings: 

DATABASE SETTINGS
nucleotide database folder = ${HUMANN_CACHE_ROOT}/installed/humann-chocophlan-v201901-v31
protein database folder = ${HUMANN_CACHE_ROOT}/installed/humann-uniref90-v201901b
pathways database file 1 = ${BIOBAKERY_ENV_PREFIX}/lib/python3.12/site-packages/humann/data/pathways/metacyc_reactions_level4ec_only.uniref.bz2
pathways database file 2 = ${BIOBAKERY_ENV_PREFIX}/lib/python3.12/site-packages/humann/data/pathways/metacyc_pathways_structured_filtered_v24_subreactions
utility mapping database folder = ${BIOBAKERY_ENV_PREFIX}/lib/python3.12/site-packages/humann/data/misc

RUN MODES
resume = True
verbose = False
bypass prescreen = False
bypass nucleotide index = False
bypass nucleotide search = False
bypass translated search = False
translated search = diamond
threads = 8

SEARCH MODE
search mode = uniref90
nucleotide identity threshold = 0.0
translated identity threshold = 80.0

ALIGNMENT SETTINGS
bowtie2 options = --very-sensitive --seed 20260722
diamond options = --top 1 --outfmt 6
evalue threshold = 1.0
prescreen threshold = 0.01
translated subject coverage threshold = 50.0
translated query coverage threshold = 90.0
nucleotide subject coverage threshold = 50.0
nucleotide query coverage threshold = 90.0

PATHWAYS SETTINGS
minpath = on
xipe = off
gap fill = on

INPUT AND OUTPUT FORMATS
input file format = fastq.gz
output file format = tsv
output max decimals = 10
remove stratified output = False
remove column description output = False
log level = DEBUG

07/22/2026 04:12:51 AM - humann.store - DEBUG: Initialize Alignments class instance to minimize memory use
07/22/2026 04:12:51 AM - humann.store - DEBUG: Initialize Reads class instance to minimize memory use
07/22/2026 04:13:11 AM - humann.humann - INFO: Load pathways database part 1: ${BIOBAKERY_ENV_PREFIX}/lib/python3.12/site-packages/humann/data/pathways/metacyc_reactions_level4ec_only.uniref.bz2
07/22/2026 04:13:11 AM - humann.humann - INFO: Load pathways database part 2: ${BIOBAKERY_ENV_PREFIX}/lib/python3.12/site-packages/humann/data/pathways/metacyc_pathways_structured_filtered_v24_subreactions
07/22/2026 04:13:11 AM - humann.search.prescreen - DEBUG: Taxon not in mapping file: k__Bacteria|p__Chlorobi|c__Chlorobia|o__Chlorobiales|f__Chlorobiaceae|g__Chlorobium|s__Chlorobium_phaeovibrioides|t__SGB8461	2|1090|191410|191411|191412|1091|1094|	2.4416	

07/22/2026 04:13:11 AM - humann.search.prescreen - DEBUG: Taxon not in mapping file: k__Bacteria|p__Aquificae|c__Aquificae|o__Aquificales|f__Aquificaceae|g__Hydrogenobaculum|s__Hydrogenobaculum_sp_SHO|t__SGB19004	2|200783|187857|32069|64898|168657|547145|	0.32928	

07/22/2026 04:13:11 AM - humann.search.prescreen - DEBUG: Taxon not in mapping file: k__Bacteria|p__Proteobacteria|c__Gammaproteobacteria|o__Pseudomonadales|f__Pseudomonadaceae|g__Pseudomonas|s__Pseudomonas_marginalis|t__SGB12149	2|1224|1236|72274|135621|286|298|	0.28093	k__Bacteria|p__Proteobacteria|c__Gammaproteobacteria|o__Pseudomonadales|f__Pseudomonadaceae|g__Pseudomonas|s__Pseudomonas_petroselini,k__Bacteria|p__Proteobacteria|c__Gammaproteobacteria|o__Pseudomonadales|f__Pseudomonadaceae|g__Pseudomonas|s__Pseudomonas_viridiflava,k__Bacteria|p__Proteobacteria|c__Gammaproteobacteria|o__Pseudomonadales|f__Pseudomonadaceae|g__Pseudomonas|s__Pseudomonas_sp_QC2,k__Bacteria|p__Proteobacteria|c__Gammaproteobacteria|o__Pseudomonadales|f__Pseudomonadaceae|g__Pseudomonas|s__Pseudomonas_sp_OV546

07/22/2026 04:13:11 AM - humann.search.prescreen - INFO: Found t__SGB19176 : 13.39% of mapped reads ( s__Thermotoga_neapolitana,g__Thermotoga.s__Thermotoga_sp_RQ7 )
07/22/2026 04:13:11 AM - humann.search.prescreen - INFO: Found t__SGB648 : 10.56% of mapped reads ( s__Methanocaldococcus_jannaschii )
07/22/2026 04:13:11 AM - humann.search.prescreen - INFO: Found t__SGB722 : 9.01% of mapped reads ( s__Methanothermus_fervidus )
07/22/2026 04:13:11 AM - humann.search.prescreen - INFO: Found t__SGB19175 : 8.84% of mapped reads ( s__Thermotoga_maritima,g__Thermotoga.s__Thermotoga_sp_RQ2,g__Thermotoga.s__Thermotoga_sp_EMP,g__Thermotoga.s__Thermotoga_maritima,g__Thermotoga.s__Thermotoga_sp_Cell2 )
07/22/2026 04:13:11 AM - humann.search.prescreen - INFO: Found t__SGB8548 : 8.49% of mapped reads ( s__Caldicellulosiruptor_saccharolyticus,g__Caldicellulosiruptor.s__Caldicellulosiruptor_saccharolyticus,g__Caldicellulosiruptor.s__Caldicellulosiruptor_sp_F32 )
07/22/2026 04:13:11 AM - humann.search.prescreen - INFO: Found t__SGB720 : 4.60% of mapped reads ( s__Methanobrevibacter_oralis )
07/22/2026 04:13:11 AM - humann.search.prescreen - INFO: Found t__SGB896 : 4.39% of mapped reads ( s__Pyrococcus_horikoshii )
07/22/2026 04:13:11 AM - humann.search.prescreen - INFO: Found t__SGB17603 : 4.34% of mapped reads ( s__Gemmatimonas_aurantiaca )
07/22/2026 04:13:11 AM - humann.search.prescreen - INFO: Found t__SGB13363 : 3.84% of mapped reads ( s__Nitrosomonas_europaea )
07/22/2026 04:13:11 AM - humann.search.prescreen - INFO: Found t__SGB19010 : 3.49% of mapped reads ( s__Persephonella_marina )
07/22/2026 04:13:11 AM - humann.search.prescreen - INFO: Found t__SGB8563 : 3.34% of mapped reads ( s__Thermoanaerobacter_pseudethanolicus,g__Thermoanaerobacter.s__Thermoanaerobacter_sp_X514,g__Thermoanaerobacter.s__Thermoanaerobacter_pseudethanolicus,g__Thermoanaerobacter.s__Thermoanaerobacter_indiensis,g__Thermoanaerobacter.s__Thermoanaerobacter_wiegelii,g__Thermoanaerobacter.s__Thermoanaerobacter_siderophilus )
07/22/2026 04:13:11 AM - humann.search.prescreen - INFO: Found t__SGB8831 : 3.08% of mapped reads ( s__Desulfobulbus_oralis,g__Desulfobulbus.s__Desulfobulbus_sp_oral_taxon_041 )
07/22/2026 04:13:11 AM - humann.search.prescreen - INFO: Found t__SGB645 : 2.88% of mapped reads ( s__Nanoarchaeum_equitans )
07/22/2026 04:13:11 AM - humann.search.prescreen - INFO: Found t__SGB17736 : 2.54% of mapped reads ( s__Herpetosiphon_aurantiacus )
07/22/2026 04:13:11 AM - humann.search.prescreen - INFO: Found g__Chlorobium.s__Chlorobium_phaeovibrioides : 2.44% of mapped reads (  )
07/22/2026 04:13:11 AM - humann.search.prescreen - INFO: Found t__SGB8451 : 2.43% of mapped reads ( s__Chlorobium_limicola )
07/22/2026 04:13:11 AM - humann.search.prescreen - INFO: Found t__SGB912 : 1.65% of mapped reads ( s__Ignicoccus_hospitalis )
07/22/2026 04:13:11 AM - humann.search.prescreen - INFO: Found t__SGB10320 : 1.49% of mapped reads ( s__Shewanella_baltica,g__Shewanella.s__Shewanella_sp_SACH,g__Shewanella.s__Shewanella_sp_Pdp11,g__Shewanella.s__Shewanella_sp_SP1W3,g__Shewanella.s__Shewanella_hafniensis,g__Shewanella.s__Shewanella_sp_N2AIL,g__Shewanella.s__Shewanella_putrefaciens,g__Shewanella.s__Shewanella_sp_SR1,g__Morganella.s__Morganella_morganii )
07/22/2026 04:13:11 AM - humann.search.prescreen - INFO: Found t__SGB2057 : 1.31% of mapped reads ( s__Porphyromonas_gingivalis )
07/22/2026 04:13:11 AM - humann.search.prescreen - INFO: Found t__SGB257 : 1.18% of mapped reads ( s__Halobacterium_salinarum,g__Halobacterium.s__Halobacterium_sp_GSL_19,g__Halobacterium.s__Halobacterium_sp_BOL4_2 )
07/22/2026 04:13:11 AM - humann.search.prescreen - INFO: Found t__SGB3284 : 1.04% of mapped reads ( s__Rhodopirellula_baltica )
07/22/2026 04:13:11 AM - humann.search.prescreen - INFO: Found t__SGB6011 : 1.01% of mapped reads ( s__Fusobacterium_nucleatum )
07/22/2026 04:13:11 AM - humann.search.prescreen - INFO: Found t__SGB913 : 0.98% of mapped reads ( s__Ignicoccus_islandicus )
07/22/2026 04:13:11 AM - humann.search.prescreen - INFO: Found t__SGB8453 : 0.74% of mapped reads ( s__Chlorobium_phaeobacteroides )
07/22/2026 04:13:11 AM - humann.search.prescreen - INFO: Found t__SGB661 : 0.67% of mapped reads ( s__Methanococcus_maripaludis )
07/22/2026 04:13:11 AM - humann.search.prescreen - INFO: Found t__SGB819 : 0.50% of mapped reads ( s__Pyrobaculum_calidifontis )
07/22/2026 04:13:11 AM - humann.search.prescreen - INFO: Found t__SGB19408 : 0.42% of mapped reads ( s__Wolinella_succinogenes )
07/22/2026 04:13:11 AM - humann.search.prescreen - INFO: Found t__SGB17341 : 0.36% of mapped reads ( s__Chloroflexus_aurantiacus )
07/22/2026 04:13:11 AM - humann.search.prescreen - INFO: Found g__Hydrogenobaculum.s__Hydrogenobaculum_sp_SHO : 0.33% of mapped reads (  )
07/22/2026 04:13:11 AM - humann.search.prescreen - INFO: Found g__Pseudomonas.s__Pseudomonas_marginalis : 0.28% of mapped reads ( g__Pseudomonas.s__Pseudomonas_petroselini,g__Pseudomonas.s__Pseudomonas_viridiflava,g__Pseudomonas.s__Pseudomonas_sp_QC2,g__Pseudomonas.s__Pseudomonas_sp_OV546 )
07/22/2026 04:13:11 AM - humann.search.prescreen - INFO: Found t__SGB13464 : 0.21% of mapped reads ( s__Trichormus_variabilis,g__Nostoc.s__Nostoc_sp_PCC_7120_FACHB_418 )
07/22/2026 04:13:11 AM - humann.search.prescreen - INFO: Found t__SGB644 : 0.18% of mapped reads ( s__Methanopyrus_kandleri )
07/22/2026 04:13:11 AM - humann.search.prescreen - INFO: Total species selected from prescreen: 89
07/22/2026 04:13:11 AM - humann.search.prescreen - DEBUG: Adding file to database: g__Ignicoccus.s__Ignicoccus_islandicus.centroids.v201901_v31.ffn.gz
07/22/2026 04:13:11 AM - humann.search.prescreen - DEBUG: Adding file to database: g__Shewanella.s__Shewanella_baltica.centroids.v201901_v31.ffn.gz
07/22/2026 04:13:12 AM - humann.search.prescreen - DEBUG: Adding file to database: g__Ignicoccus.s__Ignicoccus_hospitalis.centroids.v201901_v31.ffn.gz
07/22/2026 04:13:12 AM - humann.search.prescreen - DEBUG: Adding file to database: g__Halobacterium.s__Halobacterium_salinarum.centroids.v201901_v31.ffn.gz
07/22/2026 04:13:12 AM - humann.search.prescreen - DEBUG: Adding file to database: g__Nitrosomonas.s__Nitrosomonas_europaea.centroids.v201901_v31.ffn.gz
07/22/2026 04:13:12 AM - humann.search.prescreen - DEBUG: Adding file to database: g__Nanoarchaeum.s__Nanoarchaeum_equitans.centroids.v201901_v31.ffn.gz
07/22/2026 04:13:12 AM - humann.search.prescreen - DEBUG: Adding file to database: g__Thermotoga.s__Thermotoga_neapolitana.centroids.v201901_v31.ffn.gz
07/22/2026 04:13:12 AM - humann.search.prescreen - DEBUG: Adding file to database: g__Rhodopirellula.s__Rhodopirellula_baltica.centroids.v201901_v31.ffn.gz
07/22/2026 04:13:12 AM - humann.search.prescreen - DEBUG: Adding file to database: g__Thermoanaerobacter.s__Thermoanaerobacter_wiegelii.centroids.v201901_v31.ffn.gz
07/22/2026 04:13:12 AM - humann.search.prescreen - DEBUG: Adding file to database: g__Methanobrevibacter.s__Methanobrevibacter_oralis.centroids.v201901_v31.ffn.gz
07/22/2026 04:13:12 AM - humann.search.prescreen - DEBUG: Adding file to database: g__Methanothermus.s__Methanothermus_fervidus.centroids.v201901_v31.ffn.gz
07/22/2026 04:13:12 AM - humann.search.prescreen - DEBUG: Adding file to database: g__Chlorobium.s__Chlorobium_phaeovibrioides.centroids.v201901_v31.ffn.gz
07/22/2026 04:13:12 AM - humann.search.prescreen - DEBUG: Adding file to database: g__Methanocaldococcus.s__Methanocaldococcus_jannaschii.centroids.v201901_v31.ffn.gz
07/22/2026 04:13:12 AM - humann.search.prescreen - DEBUG: Adding file to database: g__Thermoanaerobacter.s__Thermoanaerobacter_pseudethanolicus.centroids.v201901_v31.ffn.gz
07/22/2026 04:13:12 AM - humann.search.prescreen - DEBUG: Adding file to database: g__Porphyromonas.s__Porphyromonas_gingivalis.centroids.v201901_v31.ffn.gz
07/22/2026 04:13:12 AM - humann.search.prescreen - DEBUG: Adding file to database: g__Trichormus.s__Trichormus_variabilis.centroids.v201901_v31.ffn.gz
07/22/2026 04:13:12 AM - humann.search.prescreen - DEBUG: Adding file to database: g__Pyrococcus.s__Pyrococcus_horikoshii.centroids.v201901_v31.ffn.gz
07/22/2026 04:13:13 AM - humann.search.prescreen - DEBUG: Adding file to database: g__Methanopyrus.s__Methanopyrus_kandleri.centroids.v201901_v31.ffn.gz
07/22/2026 04:13:13 AM - humann.search.prescreen - DEBUG: Adding file to database: g__Chlorobium.s__Chlorobium_phaeobacteroides.centroids.v201901_v31.ffn.gz
07/22/2026 04:13:13 AM - humann.search.prescreen - DEBUG: Adding file to database: g__Persephonella.s__Persephonella_marina.centroids.v201901_v31.ffn.gz
07/22/2026 04:13:13 AM - humann.search.prescreen - DEBUG: Adding file to database: g__Thermoanaerobacter.s__Thermoanaerobacter_thermohydrosulfuricus.centroids.v201901_v31.ffn.gz
07/22/2026 04:13:13 AM - humann.search.prescreen - DEBUG: Adding file to database: g__Thermoanaerobacter.s__Thermoanaerobacter_siderophilus.centroids.v201901_v31.ffn.gz
07/22/2026 04:13:13 AM - humann.search.prescreen - DEBUG: Adding file to database: g__Thermotoga.s__Thermotoga_petrophila.centroids.v201901_v31.ffn.gz
07/22/2026 04:13:13 AM - humann.search.prescreen - DEBUG: Adding file to database: g__Gemmatimonas.s__Gemmatimonas_aurantiaca.centroids.v201901_v31.ffn.gz
07/22/2026 04:13:13 AM - humann.search.prescreen - DEBUG: Adding file to database: g__Caldicellulosiruptor.s__Caldicellulosiruptor_saccharolyticus.centroids.v201901_v31.ffn.gz
07/22/2026 04:13:13 AM - humann.search.prescreen - DEBUG: Adding file to database: g__Morganella.s__Morganella_morganii.centroids.v201901_v31.ffn.gz
07/22/2026 04:13:13 AM - humann.search.prescreen - DEBUG: Adding file to database: g__Chlorobium.s__Chlorobium_limicola.centroids.v201901_v31.ffn.gz
07/22/2026 04:13:13 AM - humann.search.prescreen - DEBUG: Adding file to database: g__Pyrobaculum.s__Pyrobaculum_calidifontis.centroids.v201901_v31.ffn.gz
07/22/2026 04:13:13 AM - humann.search.prescreen - DEBUG: Adding file to database: g__Shewanella.s__Shewanella_sp_Pdp11.centroids.v201901_v31.ffn.gz
07/22/2026 04:13:13 AM - humann.search.prescreen - DEBUG: Adding file to database: g__Fusobacterium.s__Fusobacterium_nucleatum.centroids.v201901_v31.ffn.gz
07/22/2026 04:13:14 AM - humann.search.prescreen - DEBUG: Adding file to database: g__Wolinella.s__Wolinella_succinogenes.centroids.v201901_v31.ffn.gz
07/22/2026 04:13:14 AM - humann.search.prescreen - DEBUG: Adding file to database: g__Desulfobulbus.s__Desulfobulbus_oralis.centroids.v201901_v31.ffn.gz
07/22/2026 04:13:14 AM - humann.search.prescreen - DEBUG: Adding file to database: g__Thermotoga.s__Thermotoga_maritima.centroids.v201901_v31.ffn.gz
07/22/2026 04:13:14 AM - humann.search.prescreen - DEBUG: Adding file to database: g__Shewanella.s__Shewanella_putrefaciens.centroids.v201901_v31.ffn.gz
07/22/2026 04:13:14 AM - humann.search.prescreen - DEBUG: Adding file to database: g__Methanococcus.s__Methanococcus_maripaludis.centroids.v201901_v31.ffn.gz
07/22/2026 04:13:14 AM - humann.search.prescreen - DEBUG: Adding file to database: g__Chloroflexus.s__Chloroflexus_aurantiacus.centroids.v201901_v31.ffn.gz
07/22/2026 04:13:14 AM - humann.search.prescreen - DEBUG: Adding file to database: g__Herpetosiphon.s__Herpetosiphon_aurantiacus.centroids.v201901_v31.ffn.gz
07/22/2026 04:13:14 AM - humann.search.prescreen - INFO: Creating custom ChocoPhlAn database ........
07/22/2026 04:13:14 AM - humann.utilities - DEBUG: Using software: /usr/bin/gunzip
07/22/2026 04:13:14 AM - humann.utilities - INFO: Execute command: /usr/bin/gunzip -c ${HUMANN_CACHE_ROOT}/installed/humann-chocophlan-v201901-v31/g__Ignicoccus.s__Ignicoccus_islandicus.centroids.v201901_v31.ffn.gz ${HUMANN_CACHE_ROOT}/installed/humann-chocophlan-v201901-v31/g__Shewanella.s__Shewanella_baltica.centroids.v201901_v31.ffn.gz ${HUMANN_CACHE_ROOT}/installed/humann-chocophlan-v201901-v31/g__Ignicoccus.s__Ignicoccus_hospitalis.centroids.v201901_v31.ffn.gz ${HUMANN_CACHE_ROOT}/installed/humann-chocophlan-v201901-v31/g__Halobacterium.s__Halobacterium_salinarum.centroids.v201901_v31.ffn.gz ${HUMANN_CACHE_ROOT}/installed/humann-chocophlan-v201901-v31/g__Nitrosomonas.s__Nitrosomonas_europaea.centroids.v201901_v31.ffn.gz ${HUMANN_CACHE_ROOT}/installed/humann-chocophlan-v201901-v31/g__Nanoarchaeum.s__Nanoarchaeum_equitans.centroids.v201901_v31.ffn.gz ${HUMANN_CACHE_ROOT}/installed/humann-chocophlan-v201901-v31/g__Thermotoga.s__Thermotoga_neapolitana.centroids.v201901_v31.ffn.gz ${HUMANN_CACHE_ROOT}/installed/humann-chocophlan-v201901-v31/g__Rhodopirellula.s__Rhodopirellula_baltica.centroids.v201901_v31.ffn.gz ${HUMANN_CACHE_ROOT}/installed/humann-chocophlan-v201901-v31/g__Thermoanaerobacter.s__Thermoanaerobacter_wiegelii.centroids.v201901_v31.ffn.gz ${HUMANN_CACHE_ROOT}/installed/humann-chocophlan-v201901-v31/g__Methanobrevibacter.s__Methanobrevibacter_oralis.centroids.v201901_v31.ffn.gz ${HUMANN_CACHE_ROOT}/installed/humann-chocophlan-v201901-v31/g__Methanothermus.s__Methanothermus_fervidus.centroids.v201901_v31.ffn.gz ${HUMANN_CACHE_ROOT}/installed/humann-chocophlan-v201901-v31/g__Chlorobium.s__Chlorobium_phaeovibrioides.centroids.v201901_v31.ffn.gz ${HUMANN_CACHE_ROOT}/installed/humann-chocophlan-v201901-v31/g__Methanocaldococcus.s__Methanocaldococcus_jannaschii.centroids.v201901_v31.ffn.gz ${HUMANN_CACHE_ROOT}/installed/humann-chocophlan-v201901-v31/g__Thermoanaerobacter.s__Thermoanaerobacter_pseudethanolicus.centroids.v201901_v31.ffn.gz ${HUMANN_CACHE_ROOT}/installed/humann-chocophlan-v201901-v31/g__Porphyromonas.s__Porphyromonas_gingivalis.centroids.v201901_v31.ffn.gz ${HUMANN_CACHE_ROOT}/installed/humann-chocophlan-v201901-v31/g__Trichormus.s__Trichormus_variabilis.centroids.v201901_v31.ffn.gz ${HUMANN_CACHE_ROOT}/installed/humann-chocophlan-v201901-v31/g__Pyrococcus.s__Pyrococcus_horikoshii.centroids.v201901_v31.ffn.gz ${HUMANN_CACHE_ROOT}/installed/humann-chocophlan-v201901-v31/g__Methanopyrus.s__Methanopyrus_kandleri.centroids.v201901_v31.ffn.gz ${HUMANN_CACHE_ROOT}/installed/humann-chocophlan-v201901-v31/g__Chlorobium.s__Chlorobium_phaeobacteroides.centroids.v201901_v31.ffn.gz ${HUMANN_CACHE_ROOT}/installed/humann-chocophlan-v201901-v31/g__Persephonella.s__Persephonella_marina.centroids.v201901_v31.ffn.gz ${HUMANN_CACHE_ROOT}/installed/humann-chocophlan-v201901-v31/g__Thermoanaerobacter.s__Thermoanaerobacter_thermohydrosulfuricus.centroids.v201901_v31.ffn.gz ${HUMANN_CACHE_ROOT}/installed/humann-chocophlan-v201901-v31/g__Thermoanaerobacter.s__Thermoanaerobacter_siderophilus.centroids.v201901_v31.ffn.gz ${HUMANN_CACHE_ROOT}/installed/humann-chocophlan-v201901-v31/g__Thermotoga.s__Thermotoga_petrophila.centroids.v201901_v31.ffn.gz ${HUMANN_CACHE_ROOT}/installed/humann-chocophlan-v201901-v31/g__Gemmatimonas.s__Gemmatimonas_aurantiaca.centroids.v201901_v31.ffn.gz ${HUMANN_CACHE_ROOT}/installed/humann-chocophlan-v201901-v31/g__Caldicellulosiruptor.s__Caldicellulosiruptor_saccharolyticus.centroids.v201901_v31.ffn.gz ${HUMANN_CACHE_ROOT}/installed/humann-chocophlan-v201901-v31/g__Morganella.s__Morganella_morganii.centroids.v201901_v31.ffn.gz ${HUMANN_CACHE_ROOT}/installed/humann-chocophlan-v201901-v31/g__Chlorobium.s__Chlorobium_limicola.centroids.v201901_v31.ffn.gz ${HUMANN_CACHE_ROOT}/installed/humann-chocophlan-v201901-v31/g__Pyrobaculum.s__Pyrobaculum_calidifontis.centroids.v201901_v31.ffn.gz ${HUMANN_CACHE_ROOT}/installed/humann-chocophlan-v201901-v31/g__Shewanella.s__Shewanella_sp_Pdp11.centroids.v201901_v31.ffn.gz ${HUMANN_CACHE_ROOT}/installed/humann-chocophlan-v201901-v31/g__Fusobacterium.s__Fusobacterium_nucleatum.centroids.v201901_v31.ffn.gz ${HUMANN_CACHE_ROOT}/installed/humann-chocophlan-v201901-v31/g__Wolinella.s__Wolinella_succinogenes.centroids.v201901_v31.ffn.gz ${HUMANN_CACHE_ROOT}/installed/humann-chocophlan-v201901-v31/g__Desulfobulbus.s__Desulfobulbus_oralis.centroids.v201901_v31.ffn.gz ${HUMANN_CACHE_ROOT}/installed/humann-chocophlan-v201901-v31/g__Thermotoga.s__Thermotoga_maritima.centroids.v201901_v31.ffn.gz ${HUMANN_CACHE_ROOT}/installed/humann-chocophlan-v201901-v31/g__Shewanella.s__Shewanella_putrefaciens.centroids.v201901_v31.ffn.gz ${HUMANN_CACHE_ROOT}/installed/humann-chocophlan-v201901-v31/g__Methanococcus.s__Methanococcus_maripaludis.centroids.v201901_v31.ffn.gz ${HUMANN_CACHE_ROOT}/installed/humann-chocophlan-v201901-v31/g__Chloroflexus.s__Chloroflexus_aurantiacus.centroids.v201901_v31.ffn.gz ${HUMANN_CACHE_ROOT}/installed/humann-chocophlan-v201901-v31/g__Herpetosiphon.s__Herpetosiphon_aurantiacus.centroids.v201901_v31.ffn.gz
07/22/2026 04:13:15 AM - humann.humann - INFO: TIMESTAMP: Completed 	custom database creation 	:	 4	 seconds
07/22/2026 04:13:15 AM - humann.search.nucleotide - INFO: Running bowtie2-build ........
07/22/2026 04:13:15 AM - humann.utilities - DEBUG: Using software: ${BIOBAKERY_ENV_PREFIX}/bin/bowtie2-build
07/22/2026 04:13:15 AM - humann.utilities - INFO: Execute command: ${BIOBAKERY_ENV_PREFIX}/bin/bowtie2-build -f ${ARTICLE19_WORK_DIR}/humann/ERR9765746_MOCK1_humann_temp/ERR9765746_MOCK1_custom_chocophlan_database.ffn ${ARTICLE19_WORK_DIR}/humann/ERR9765746_MOCK1_humann_temp/ERR9765746_MOCK1_bowtie2_index
07/22/2026 04:16:44 AM - humann.humann - INFO: TIMESTAMP: Completed 	database index 	:	 209	 seconds
07/22/2026 04:16:44 AM - humann.search.nucleotide - DEBUG: Nucleotide input file is of type: fastq
07/22/2026 04:16:44 AM - humann.utilities - DEBUG: Using software: ${BIOBAKERY_ENV_PREFIX}/bin/bowtie2
07/22/2026 04:16:44 AM - humann.utilities - INFO: Execute command: ${BIOBAKERY_ENV_PREFIX}/bin/bowtie2 -q -x ${ARTICLE19_WORK_DIR}/humann/ERR9765746_MOCK1_humann_temp/ERR9765746_MOCK1_bowtie2_index -U ${ARTICLE19_WORK_DIR}/humann/ERR9765746_MOCK1_humann_temp/tmpk1l19880/tmps70jjf3g -S ${ARTICLE19_WORK_DIR}/humann/ERR9765746_MOCK1_humann_temp/ERR9765746_MOCK1_bowtie2_aligned.sam -p 8 --very-sensitive --seed 20260722
07/22/2026 04:16:51 AM - humann.utilities - DEBUG: b'[WARNING] Failed to launch x86-64-v3 version, staying with default\n[WARNING] Failed to launch x86-64-v3 version, staying with default\n199982 reads; of these:\n  199982 (100.00%) were unpaired; of these:\n    63465 (31.74%) aligned 0 times\n    109959 (54.98%) aligned exactly 1 time\n    26558 (13.28%) aligned >1 times\n68.26% overall alignment rate\n'
07/22/2026 04:16:51 AM - humann.humann - INFO: TIMESTAMP: Completed 	nucleotide alignment 	:	 7	 seconds
07/22/2026 04:16:55 AM - humann.utilities - DEBUG: Total alignments where percent identity is not a number: 0
07/22/2026 04:16:55 AM - humann.utilities - DEBUG: Total alignments where alignment length is not a number: 0
07/22/2026 04:16:55 AM - humann.utilities - DEBUG: Total alignments where E-value is not a number: 0
07/22/2026 04:16:55 AM - humann.utilities - DEBUG: Total alignments not included based on large e-value: 0
07/22/2026 04:16:55 AM - humann.utilities - DEBUG: Total alignments not included based on small percent identity: 0
07/22/2026 04:16:55 AM - humann.utilities - DEBUG: Total alignments not included based on small query coverage: 0
07/22/2026 04:16:55 AM - humann.search.blastx_coverage - INFO: Total alignments without coverage information: 0
07/22/2026 04:16:55 AM - humann.search.blastx_coverage - INFO: Total proteins in blastx output: 39533
07/22/2026 04:16:55 AM - humann.search.blastx_coverage - INFO: Total proteins without lengths: 0
07/22/2026 04:16:55 AM - humann.search.blastx_coverage - INFO: Proteins with coverage greater than threshold (50.0): 10435
07/22/2026 04:16:59 AM - humann.search.nucleotide - DEBUG: Total nucleotide alignments not included based on filtered genes: 72549
07/22/2026 04:16:59 AM - humann.search.nucleotide - DEBUG: Total nucleotide alignments not included based on small percent identities: 4
07/22/2026 04:16:59 AM - humann.search.nucleotide - DEBUG: Total nucleotide alignments not included based on query coverage threshold: 0
07/22/2026 04:16:59 AM - humann.humann - INFO: TIMESTAMP: Completed 	nucleotide alignment post-processing 	:	 7	 seconds
07/22/2026 04:16:59 AM - humann.humann - INFO: Total bugs from nucleotide alignment: 36
07/22/2026 04:16:59 AM - humann.humann - INFO: 
g__Thermotoga.s__Thermotoga_petrophila: 8386 hits
g__Caldicellulosiruptor.s__Caldicellulosiruptor_saccharolyticus: 9316 hits
g__Methanobrevibacter.s__Methanobrevibacter_oralis: 1603 hits
g__Persephonella.s__Persephonella_marina: 1294 hits
g__Methanocaldococcus.s__Methanocaldococcus_jannaschii: 6886 hits
g__Thermoanaerobacter.s__Thermoanaerobacter_pseudethanolicus: 2285 hits
g__Nitrosomonas.s__Nitrosomonas_europaea: 2229 hits
g__Methanothermus.s__Methanothermus_fervidus: 3567 hits
g__Thermotoga.s__Thermotoga_neapolitana: 12451 hits
g__Herpetosiphon.s__Herpetosiphon_aurantiacus: 1460 hits
g__Gemmatimonas.s__Gemmatimonas_aurantiaca: 3141 hits
g__Shewanella.s__Shewanella_sp_Pdp11: 171 hits
g__Shewanella.s__Shewanella_baltica: 1809 hits
g__Chlorobium.s__Chlorobium_phaeovibrioides: 591 hits
g__Chlorobium.s__Chlorobium_limicola: 616 hits
g__Desulfobulbus.s__Desulfobulbus_oralis: 1052 hits
g__Rhodopirellula.s__Rhodopirellula_baltica: 905 hits
g__Pyrococcus.s__Pyrococcus_horikoshii: 1195 hits
g__Halobacterium.s__Halobacterium_salinarum: 619 hits
g__Porphyromonas.s__Porphyromonas_gingivalis: 663 hits
g__Chlorobium.s__Chlorobium_phaeobacteroides: 232 hits
g__Ignicoccus.s__Ignicoccus_hospitalis: 204 hits
g__Thermotoga.s__Thermotoga_maritima: 1235 hits
g__Shewanella.s__Shewanella_putrefaciens: 334 hits
g__Trichormus.s__Trichormus_variabilis: 355 hits
g__Nanoarchaeum.s__Nanoarchaeum_equitans: 208 hits
g__Ignicoccus.s__Ignicoccus_islandicus: 115 hits
g__Thermoanaerobacter.s__Thermoanaerobacter_thermohydrosulfuricus: 160 hits
g__Wolinella.s__Wolinella_succinogenes: 56 hits
g__Thermoanaerobacter.s__Thermoanaerobacter_siderophilus: 167 hits
g__Methanococcus.s__Methanococcus_maripaludis: 203 hits
g__Thermoanaerobacter.s__Thermoanaerobacter_wiegelii: 75 hits
g__Fusobacterium.s__Fusobacterium_nucleatum: 253 hits
g__Pyrobaculum.s__Pyrobaculum_calidifontis: 52 hits
g__Chloroflexus.s__Chloroflexus_aurantiacus: 54 hits
g__Methanopyrus.s__Methanopyrus_kandleri: 26 hits
07/22/2026 04:16:59 AM - humann.humann - INFO: Total gene families from nucleotide alignment: 10435
07/22/2026 04:16:59 AM - humann.humann - INFO: Unaligned reads after nucleotide alignment: 68.0131211809 %
07/22/2026 04:16:59 AM - humann.search.translated - INFO: Running diamond ........
07/22/2026 04:16:59 AM - humann.search.translated - INFO: Aligning to reference database: uniref90_201901b_full.dmnd
07/22/2026 04:16:59 AM - humann.utilities - DEBUG: Remove file: ${ARTICLE19_WORK_DIR}/humann/ERR9765746_MOCK1_humann_temp/tmpk1l19880/diamond_m8_roy1hi9h
07/22/2026 04:16:59 AM - humann.utilities - DEBUG: Using software: ${BIOBAKERY_ENV_PREFIX}/bin/diamond
07/22/2026 04:16:59 AM - humann.utilities - INFO: Execute command: ${BIOBAKERY_ENV_PREFIX}/bin/diamond blastx --query ${ARTICLE19_WORK_DIR}/humann/ERR9765746_MOCK1_humann_temp/ERR9765746_MOCK1_bowtie2_unaligned.fa --evalue 1.0 --threads 8 --top 1 --outfmt 6 --db ${HUMANN_CACHE_ROOT}/installed/humann-uniref90-v201901b/uniref90_201901b_full --out ${ARTICLE19_WORK_DIR}/humann/ERR9765746_MOCK1_humann_temp/tmpk1l19880/diamond_m8_roy1hi9h --tmpdir ${ARTICLE19_WORK_DIR}/humann/ERR9765746_MOCK1_humann_temp/tmpk1l19880
07/22/2026 04:42:43 AM - humann.utilities - DEBUG: b'diamond v2.2.4.184 (C) Max Planck Society for the Advancement of Science, Benjamin J. Buchfink, University of Tuebingen\nDocumentation, support and updates available at http://www.diamondsearch.org\nPlease cite: http://dx.doi.org/10.1038/s41592-021-01101-x Nature Methods (2021)\n\n#CPU threads: 8\nScoring parameters: (Matrix=BLOSUM62 Lambda=0.267 K=0.041 Penalties=11/1)\nTemporary directory: ${ARTICLE19_WORK_DIR}/humann/ERR9765746_MOCK1_humann_temp/tmpk1l19880/\nPercentage range of top alignment score to report hits: 1\nOpening the database...  [0s]\nDatabase: ${HUMANN_CACHE_ROOT}/installed/humann-uniref90-v201901b/uniref90_201901b_full (type: Diamond database, sequences: 87296736, letters: 29247941583, build version: 137)\nBlock size = 2000000000\nOpening the input file...  [0s]\nOpening the output file...  [0s]\nLoading query sequences...  [0.182s]\nLoaded 29323765 bytes from disk at 153.642 MB/s\nMasking queries...  [0.466s]\nMasked letters:   tantan: 103652  seg: 0  motif: 0\nAlgorithm: Double-indexed\nBuilding query histograms...  [0.248s]\nSeeking in database...  [0s]\nLoading reference sequences...  [5.713s]\nMasking reference...  [20.02s]\nMasked letters:   tantan: 51633478  seg: 0  motif: 0\nInitializing dictionary...  [0.029s]\nInitializing temporary storage...  [0.004s]\nBuilding reference histograms...  [18.829s]\nAllocating buffers...  [0s]\nProcessing query block 1, reference block 1/15, shape 1/2, index chunk 1/4.\nBuilding reference seed array...  [5.706s]\nBuilding query seed array...  [0.078s]\nComputing hash join...  [1.561s]\nMasking low complexity seeds...  [0.031s]\nSearching alignments...  [0.598s]\nDeallocating memory...  [0s]\nProcessing query block 1, reference block 1/15, shape 1/2, index chunk 2/4.\nBuilding reference seed array...  [5.187s]\nBuilding query seed array...  [0.072s]\nComputing hash join...  [1.716s]\nMasking low complexity seeds...  [0.028s]\nSearching alignments...  [0.517s]\nDeallocating memory...  [0s]\nProcessing query block 1, reference block 1/15, shape 1/2, index chunk 3/4.\nBuilding reference seed array...  [5.002s]\nBuilding query seed array...  [0.075s]\nComputing hash join...  [1.586s]\nMasking low complexity seeds...  [0.03s]\nSearching alignments...  [0.51s]\nDeallocating memory...  [0s]\nProcessing query block 1, reference block 1/15, shape 1/2, index chunk 4/4.\nBuilding reference seed array...  [4.945s]\nBuilding query seed array...  [0.075s]\nComputing hash join...  [1.532s]\nMasking low complexity seeds...  [0.029s]\nSearching alignments...  [0.486s]\nDeallocating memory...  [0s]\nProcessing query block 1, reference block 1/15, shape 2/2, index chunk 1/4.\nBuilding reference seed array...  [4.841s]\nBuilding query seed array...  [0.067s]\nComputing hash join...  [1.379s]\nMasking low complexity seeds...  [0.027s]\nSearching alignments...  [0.43s]\nDeallocating memory...  [0s]\nProcessing query block 1, reference block 1/15, shape 2/2, index chunk 2/4.\nBuilding reference seed array...  [4.863s]\nBuilding query seed array...  [0.067s]\nComputing hash join...  [1.385s]\nMasking low complexity seeds...  [0.027s]\nSearching alignments...  [0.424s]\nDeallocating memory...  [0s]\nProcessing query block 1, reference block 1/15, shape 2/2, index chunk 3/4.\nBuilding reference seed array...  [4.818s]\nBuilding query seed array...  [0.067s]\nComputing hash join...  [1.371s]\nMasking low complexity seeds...  [0.027s]\nSearching alignments...  [0.415s]\nDeallocating memory...  [0s]\nProcessing query block 1, reference block 1/15, shape 2/2, index chunk 4/4.\nBuilding reference seed array...  [4.855s]\nBuilding query seed array...  [0.067s]\nComputing hash join...  [1.409s]\nMasking low complexity seeds...  [0.03s]\nSearching alignments...  [0.428s]\nDeallocating memory...  [0s]\nDeallocating buffers...  [0.484s]\nClearing query masking...  [0.008s]\nOpening temporary output file...  [0s]\nComputing alignments...  [4.485s]\nDeallocating reference...  [0.285s]\nLoading reference sequences...  [5.357s]\nMasking reference...  [19.826s]\nMasked letters:   tantan: 51148979  seg: 0  motif: 0\nInitializing dictionary...  [0.029s]\nInitializing temporary storage...  [0.004s]\nBuilding reference histograms...  [19.018s]\nAllocating buffers...  [0s]\nProcessing query block 1, reference block 2/15, shape 1/2, index chunk 1/4.\nBuilding reference seed array...  [5.505s]\nBuilding query seed array...  [0.079s]\nComputing hash join...  [1.538s]\nMasking low complexity seeds...  [0.028s]\nSearching alignments...  [0.621s]\nDeallocating memory...  [0s]\nProcessing query block 1, reference block 2/15, shape 1/2, index chunk 2/4.\nBuilding reference seed array...  [4.98s]\nBuilding query seed array...  [0.072s]\nComputing hash join...  [1.896s]\nMasking low complexity seeds...  [0.031s]\nSearching alignments...  [0.527s]\nDeallocating memory...  [0s]\nProcessing query block 1, reference block 2/15, shape 1/2, index chunk 3/4.\nBuilding reference seed array...  [4.954s]\nBuilding query seed array...  [0.075s]\nComputing hash join...  [1.525s]\nMasking low complexity seeds...  [0.029s]\nSearching alignments...  [0.513s]\nDeallocating memory...  [0s]\nProcessing query block 1, reference block 2/15, shape 1/2, index chunk 4/4.\nBuilding reference seed array...  [4.849s]\nBuilding query seed array...  [0.076s]\nComputing hash join...  [1.54s]\nMasking low complexity seeds...  [0.029s]\nSearching alignments...  [0.488s]\nDeallocating memory...  [0s]\nProcessing query block 1, reference block 2/15, shape 2/2, index chunk 1/4.\nBuilding reference seed array...  [4.887s]\nBuilding query seed array...  [0.067s]\nComputing hash join...  [1.373s]\nMasking low complexity seeds...  [0.029s]\nSearching alignments...  [0.428s]\nDeallocating memory...  [0s]\nProcessing query block 1, reference block 2/15, shape 2/2, index chunk 2/4.\nBuilding reference seed array...  [4.985s]\nBuilding query seed array...  [0.067s]\nComputing hash join...  [1.382s]\nMasking low complexity seeds...  [0.026s]\nSearching alignments...  [0.429s]\nDeallocating memory...  [0s]\nProcessing query block 1, reference block 2/15, shape 2/2, index chunk 3/4.\nBuilding reference seed array...  [5.03s]\nBuilding query seed array...  [0.067s]\nComputing hash join...  [1.382s]\nMasking low complexity seeds...  [0.027s]\nSearching alignments...  [0.418s]\nDeallocating memory...  [0s]\nProcessing query block 1, reference block 2/15, shape 2/2, index chunk 4/4.\nBuilding reference seed array...  [4.826s]\nBuilding query seed array...  [0.067s]\nComputing hash join...  [1.377s]\nMasking low complexity seeds...  [0.026s]\nSearching alignments...  [0.436s]\nDeallocating memory...  [0s]\nDeallocating buffers...  [0.461s]\nClearing query masking...  [0.009s]\nOpening temporary output file...  [0s]\nComputing alignments...  [4.425s]\nDeallocating reference...  [0.293s]\nLoading reference sequences...  [5.339s]\nMasking reference...  [19.578s]\nMasked letters:   tantan: 50911018  seg: 0  motif: 0\nInitializing dictionary...  [0.03s]\nInitializing temporary storage...  [0.004s]\nBuilding reference histograms...  [18.018s]\nAllocating buffers...  [0s]\nProcessing query block 1, reference block 3/15, shape 1/2, index chunk 1/4.\nBuilding reference seed array...  [5.428s]\nBuilding query seed array...  [0.078s]\nComputing hash join...  [1.533s]\nMasking low complexity seeds...  [0.031s]\nSearching alignments...  [0.615s]\nDeallocating memory...  [0s]\nProcessing query block 1, reference block 3/15, shape 1/2, index chunk 2/4.\nBuilding reference seed array...  [4.935s]\nBuilding query seed array...  [0.072s]\nComputing hash join...  [1.543s]\nMasking low complexity seeds...  [0.029s]\nSearching alignments...  [0.5s]\nDeallocating memory...  [0s]\nProcessing query block 1, reference block 3/15, shape 1/2, index chunk 3/4.\nBuilding reference seed array...  [5.099s]\nBuilding query seed array...  [0.072s]\nComputing hash join...  [1.626s]\nMasking low complexity seeds...  [0.029s]\nSearching alignments...  [0.496s]\nDeallocating memory...  [0s]\nProcessing query block 1, reference block 3/15, shape 1/2, index chunk 4/4.\nBuilding reference seed array...  [5.14s]\nBuilding query seed array...  [0.076s]\nComputing hash join...  [1.643s]\nMasking low complexity seeds...  [0.028s]\nSearching alignments...  [0.48s]\nDeallocating memory...  [0s]\nProcessing query block 1, reference block 3/15, shape 2/2, index chunk 1/4.\nBuilding reference seed array...  [4.839s]\nBuilding query seed array...  [0.067s]\nComputing hash join...  [1.375s]\nMasking low complexity seeds...  [0.026s]\nSearching alignments...  [0.419s]\nDeallocating memory...  [0s]\nProcessing query block 1, reference block 3/15, shape 2/2, index chunk 2/4.\nBuilding reference seed array...  [4.826s]\nBuilding query seed array...  [0.067s]\nComputing hash join...  [1.369s]\nMasking low complexity seeds...  [0.027s]\nSearching alignments...  [0.413s]\nDeallocating memory...  [0s]\nProcessing query block 1, reference block 3/15, shape 2/2, index chunk 3/4.\nBuilding reference seed array...  [4.838s]\nBuilding query seed array...  [0.068s]\nComputing hash join...  [1.374s]\nMasking low complexity seeds...  [0.027s]\nSearching alignments...  [0.408s]\nDeallocating memory...  [0s]\nProcessing query block 1, reference block 3/15, shape 2/2, index chunk 4/4.\nBuilding reference seed array...  [4.836s]\nBuilding query seed array...  [0.067s]\nComputing hash join...  [1.39s]\nMasking low complexity seeds...  [0.026s]\nSearching alignments...  [0.414s]\nDeallocating memory...  [0s]\nDeallocating buffers...  [0.459s]\nClearing query masking...  [0.009s]\nOpening temporary output file...  [0s]\nComputing alignments...  [4.431s]\nDeallocating reference...  [0.279s]\nLoading reference sequences...  [5.341s]\nMasking reference...  [19.809s]\nMasked letters:   tantan: 50341984  seg: 0  motif: 0\nInitializing dictionary...  [0.03s]\nInitializing temporary storage...  [0.004s]\nBuilding reference histograms...  [18.939s]\nAllocating buffers...  [0s]\nProcessing query block 1, reference block 4/15, shape 1/2, index chunk 1/4.\nBuilding reference seed array...  [5.542s]\nBuilding query seed array...  [0.078s]\nComputing hash join...  [1.549s]\nMasking low complexity seeds...  [0.028s]\nSearching alignments...  [0.59s]\nDeallocating memory...  [0s]\nProcessing query block 1, reference block 4/15, shape 1/2, index chunk 2/4.\nBuilding reference seed array...  [4.929s]\nBuilding query seed array...  [0.072s]\nComputing hash join...  [1.528s]\nMasking low complexity seeds...  [0.03s]\nSearching alignments...  [0.508s]\nDeallocating memory...  [0s]\nProcessing query block 1, reference block 4/15, shape 1/2, index chunk 3/4.\nBuilding reference seed array...  [4.9s]\nBuilding query seed array...  [0.072s]\nComputing hash join...  [1.545s]\nMasking low complexity seeds...  [0.027s]\nSearching alignments...  [0.498s]\nDeallocating memory...  [0s]\nProcessing query block 1, reference block 4/15, shape 1/2, index chunk 4/4.\nBuilding reference seed array...  [4.872s]\nBuilding query seed array...  [0.072s]\nComputing hash join...  [1.555s]\nMasking low complexity seeds...  [0.028s]\nSearching alignments...  [0.478s]\nDeallocating memory...  [0s]\nProcessing query block 1, reference block 4/15, shape 2/2, index chunk 1/4.\nBuilding reference seed array...  [4.802s]\nBuilding query seed array...  [0.067s]\nComputing hash join...  [1.375s]\nMasking low complexity seeds...  [0.027s]\nSearching alignments...  [0.419s]\nDeallocating memory...  [0s]\nProcessing query block 1, reference block 4/15, shape 2/2, index chunk 2/4.\nBuilding reference seed array...  [4.853s]\nBuilding query seed array...  [0.067s]\nComputing hash join...  [1.425s]\nMasking low complexity seeds...  [0.026s]\nSearching alignments...  [0.412s]\nDeallocating memory...  [0s]\nProcessing query block 1, reference block 4/15, shape 2/2, index chunk 3/4.\nBuilding reference seed array...  [4.867s]\nBuilding query seed array...  [0.069s]\nComputing hash join...  [1.409s]\nMasking low complexity seeds...  [0.028s]\nSearching alignments...  [0.411s]\nDeallocating memory...  [0s]\nProcessing query block 1, reference block 4/15, shape 2/2, index chunk 4/4.\nBuilding reference seed array...  [5.028s]\nBuilding query seed array...  [0.067s]\nComputing hash join...  [1.467s]\nMasking low complexity seeds...  [0.026s]\nSearching alignments...  [0.417s]\nDeallocating memory...  [0s]\nDeallocating buffers...  [0.482s]\nClearing query masking...  [0.009s]\nOpening temporary output file...  [0s]\nComputing alignments...  [4.517s]\nDeallocating reference...  [0.292s]\nLoading reference sequences...  [5.416s]\nMasking reference...  [19.568s]\nMasked letters:   tantan: 50417871  seg: 0  motif: 0\nInitializing dictionary...  [0.03s]\nInitializing temporary storage...  [0.004s]\nBuilding reference histograms...  [18.324s]\nAllocating buffers...  [0s]\nProcessing query block 1, reference block 5/15, shape 1/2, index chunk 1/4.\nBuilding reference seed array...  [5.499s]\nBuilding query seed array...  [0.097s]\nComputing hash join...  [1.553s]\nMasking low complexity seeds...  [0.028s]\nSearching alignments...  [0.576s]\nDeallocating memory...  [0s]\nProcessing query block 1, reference block 5/15, shape 1/2, index chunk 2/4.\nBuilding reference seed array...  [6.299s]\nBuilding query seed array...  [0.073s]\nComputing hash join...  [1.569s]\nMasking low complexity seeds...  [0.031s]\nSearching alignments...  [0.516s]\nDeallocating memory...  [0s]\nProcessing query block 1, reference block 5/15, shape 1/2, index chunk 3/4.\nBuilding reference seed array...  [4.895s]\nBuilding query seed array...  [0.075s]\nComputing hash join...  [1.569s]\nMasking low complexity seeds...  [0.029s]\nSearching alignments...  [0.516s]\nDeallocating memory...  [0s]\nProcessing query block 1, reference block 5/15, shape 1/2, index chunk 4/4.\nBuilding reference seed array...  [5.426s]\nBuilding query seed array...  [0.075s]\nComputing hash join...  [1.699s]\nMasking low complexity seeds...  [0.028s]\nSearching alignments...  [0.495s]\nDeallocating memory...  [0s]\nProcessing query block 1, reference block 5/15, shape 2/2, index chunk 1/4.\nBuilding reference seed array...  [4.82s]\nBuilding query seed array...  [0.067s]\nComputing hash join...  [1.384s]\nMasking low complexity seeds...  [0.026s]\nSearching alignments...  [0.425s]\nDeallocating memory...  [0s]\nProcessing query block 1, reference block 5/15, shape 2/2, index chunk 2/4.\nBuilding reference seed array...  [4.862s]\nBuilding query seed array...  [0.067s]\nComputing hash join...  [1.381s]\nMasking low complexity seeds...  [0.026s]\nSearching alignments...  [0.42s]\nDeallocating memory...  [0s]\nProcessing query block 1, reference block 5/15, shape 2/2, index chunk 3/4.\nBuilding reference seed array...  [4.852s]\nBuilding query seed array...  [0.066s]\nComputing hash join...  [1.391s]\nMasking low complexity seeds...  [0.026s]\nSearching alignments...  [0.423s]\nDeallocating memory...  [0s]\nProcessing query block 1, reference block 5/15, shape 2/2, index chunk 4/4.\nBuilding reference seed array...  [4.874s]\nBuilding query seed array...  [0.066s]\nComputing hash join...  [1.379s]\nMasking low complexity seeds...  [0.026s]\nSearching alignments...  [0.433s]\nDeallocating memory...  [0s]\nDeallocating buffers...  [0.481s]\nClearing query masking...  [0.008s]\nOpening temporary output file...  [0s]\nComputing alignments...  [4.535s]\nDeallocating reference...  [0.268s]\nLoading reference sequences...  [5.472s]\nMasking reference...  [19.587s]\nMasked letters:   tantan: 50187820  seg: 0  motif: 0\nInitializing dictionary...  [0.03s]\nInitializing temporary storage...  [0.004s]\nBuilding reference histograms...  [18.082s]\nAllocating buffers...  [0s]\nProcessing query block 1, reference block 6/15, shape 1/2, index chunk 1/4.\nBuilding reference seed array...  [5.424s]\nBuilding query seed array...  [0.079s]\nComputing hash join...  [1.562s]\nMasking low complexity seeds...  [0.031s]\nSearching alignments...  [0.605s]\nDeallocating memory...  [0s]\nProcessing query block 1, reference block 6/15, shape 1/2, index chunk 2/4.\nBuilding reference seed array...  [5.095s]\nBuilding query seed array...  [0.074s]\nComputing hash join...  [1.697s]\nMasking low complexity seeds...  [0.028s]\nSearching alignments...  [0.519s]\nDeallocating memory...  [0s]\nProcessing query block 1, reference block 6/15, shape 1/2, index chunk 3/4.\nBuilding reference seed array...  [4.974s]\nBuilding query seed array...  [0.077s]\nComputing hash join...  [1.571s]\nMasking low complexity seeds...  [0.03s]\nSearching alignments...  [0.509s]\nDeallocating memory...  [0s]\nProcessing query block 1, reference block 6/15, shape 1/2, index chunk 4/4.\nBuilding reference seed array...  [4.874s]\nBuilding query seed array...  [0.072s]\nComputing hash join...  [1.552s]\nMasking low complexity seeds...  [0.029s]\nSearching alignments...  [0.687s]\nDeallocating memory...  [0s]\nProcessing query block 1, reference block 6/15, shape 2/2, index chunk 1/4.\nBuilding reference seed array...  [5.387s]\nBuilding query seed array...  [0.067s]\nComputing hash join...  [1.393s]\nMasking low complexity seeds...  [0.027s]\nSearching alignments...  [0.42s]\nDeallocating memory...  [0s]\nProcessing query block 1, reference block 6/15, shape 2/2, index chunk 2/4.\nBuilding reference seed array...  [4.93s]\nBuilding query seed array...  [0.069s]\nComputing hash join...  [1.386s]\nMasking low complexity seeds...  [0.027s]\nSearching alignments...  [0.461s]\nDeallocating memory...  [0s]\nProcessing query block 1, reference block 6/15, shape 2/2, index chunk 3/4.\nBuilding reference seed array...  [4.971s]\nBuilding query seed array...  [0.066s]\nComputing hash join...  [1.37s]\nMasking low complexity seeds...  [0.027s]\nSearching alignments...  [0.437s]\nDeallocating memory...  [0s]\nProcessing query block 1, reference block 6/15, shape 2/2, index chunk 4/4.\nBuilding reference seed array...  [4.874s]\nBuilding query seed array...  [0.082s]\nComputing hash join...  [1.392s]\nMasking low complexity seeds...  [0.027s]\nSearching alignments...  [0.427s]\nDeallocating memory...  [0s]\nDeallocating buffers...  [0.49s]\nClearing query masking...  [0.009s]\nOpening temporary output file...  [0s]\nComputing alignments...  [4.464s]\nDeallocating reference...  [0.251s]\nLoading reference sequences...  [5.426s]\nMasking reference...  [19.923s]\nMasked letters:   tantan: 49862793  seg: 0  motif: 0\nInitializing dictionary...  [0.03s]\nInitializing temporary storage...  [0.004s]\nBuilding reference histograms...  [18.2s]\nAllocating buffers...  [0s]\nProcessing query block 1, reference block 7/15, shape 1/2, index chunk 1/4.\nBuilding reference seed array...  [5.315s]\nBuilding query seed array...  [0.079s]\nComputing hash join...  [1.539s]\nMasking low complexity seeds...  [0.03s]\nSearching alignments...  [0.559s]\nDeallocating memory...  [0s]\nProcessing query block 1, reference block 7/15, shape 1/2, index chunk 2/4.\nBuilding reference seed array...  [4.844s]\nBuilding query seed array...  [0.073s]\nComputing hash join...  [1.541s]\nMasking low complexity seeds...  [0.029s]\nSearching alignments...  [0.509s]\nDeallocating memory...  [0s]\nProcessing query block 1, reference block 7/15, shape 1/2, index chunk 3/4.\nBuilding reference seed array...  [4.891s]\nBuilding query seed array...  [0.073s]\nComputing hash join...  [1.535s]\nMasking low complexity seeds...  [0.028s]\nSearching alignments...  [0.507s]\nDeallocating memory...  [0s]\nProcessing query block 1, reference block 7/15, shape 1/2, index chunk 4/4.\nBuilding reference seed array...  [4.882s]\nBuilding query seed array...  [0.073s]\nComputing hash join...  [1.537s]\nMasking low complexity seeds...  [0.028s]\nSearching alignments...  [0.482s]\nDeallocating memory...  [0s]\nProcessing query block 1, reference block 7/15, shape 2/2, index chunk 1/4.\nBuilding reference seed array...  [4.919s]\nBuilding query seed array...  [0.067s]\nComputing hash join...  [1.369s]\nMasking low complexity seeds...  [0.027s]\nSearching alignments...  [0.461s]\nDeallocating memory...  [0s]\nProcessing query block 1, reference block 7/15, shape 2/2, index chunk 2/4.\nBuilding reference seed array...  [5.021s]\nBuilding query seed array...  [0.068s]\nComputing hash join...  [1.38s]\nMasking low complexity seeds...  [0.027s]\nSearching alignments...  [0.433s]\nDeallocating memory...  [0s]\nProcessing query block 1, reference block 7/15, shape 2/2, index chunk 3/4.\nBuilding reference seed array...  [4.856s]\nBuilding query seed array...  [0.067s]\nComputing hash join...  [1.381s]\nMasking low complexity seeds...  [0.027s]\nSearching alignments...  [0.408s]\nDeallocating memory...  [0s]\nProcessing query block 1, reference block 7/15, shape 2/2, index chunk 4/4.\nBuilding reference seed array...  [4.885s]\nBuilding query seed array...  [0.066s]\nComputing hash join...  [1.383s]\nMasking low complexity seeds...  [0.029s]\nSearching alignments...  [0.421s]\nDeallocating memory...  [0s]\nDeallocating buffers...  [0.479s]\nClearing query masking...  [0.009s]\nOpening temporary output file...  [0s]\nComputing alignments...  [4.44s]\nDeallocating reference...  [0.306s]\nLoading reference sequences...  [5.389s]\nMasking reference...  [19.809s]\nMasked letters:   tantan: 51622333  seg: 0  motif: 0\nInitializing dictionary...  [0.03s]\nInitializing temporary storage...  [0.004s]\nBuilding reference histograms...  [18.422s]\nAllocating buffers...  [0s]\nProcessing query block 1, reference block 8/15, shape 1/2, index chunk 1/4.\nBuilding reference seed array...  [5.585s]\nBuilding query seed array...  [0.08s]\nComputing hash join...  [1.578s]\nMasking low complexity seeds...  [0.028s]\nSearching alignments...  [0.627s]\nDeallocating memory...  [0s]\nProcessing query block 1, reference block 8/15, shape 1/2, index chunk 2/4.\nBuilding reference seed array...  [4.901s]\nBuilding query seed array...  [0.072s]\nComputing hash join...  [1.567s]\nMasking low complexity seeds...  [0.031s]\nSearching alignments...  [0.53s]\nDeallocating memory...  [0s]\nProcessing query block 1, reference block 8/15, shape 1/2, index chunk 3/4.\nBuilding reference seed array...  [4.929s]\nBuilding query seed array...  [0.076s]\nComputing hash join...  [1.54s]\nMasking low complexity seeds...  [0.029s]\nSearching alignments...  [0.513s]\nDeallocating memory...  [0s]\nProcessing query block 1, reference block 8/15, shape 1/2, index chunk 4/4.\nBuilding reference seed array...  [4.87s]\nBuilding query seed array...  [0.072s]\nComputing hash join...  [1.544s]\nMasking low complexity seeds...  [0.031s]\nSearching alignments...  [0.495s]\nDeallocating memory...  [0s]\nProcessing query block 1, reference block 8/15, shape 2/2, index chunk 1/4.\nBuilding reference seed array...  [4.914s]\nBuilding query seed array...  [0.067s]\nComputing hash join...  [1.379s]\nMasking low complexity seeds...  [0.028s]\nSearching alignments...  [0.428s]\nDeallocating memory...  [0s]\nProcessing query block 1, reference block 8/15, shape 2/2, index chunk 2/4.\nBuilding reference seed array...  [4.895s]\nBuilding query seed array...  [0.066s]\nComputing hash join...  [1.378s]\nMasking low complexity seeds...  [0.027s]\nSearching alignments...  [0.416s]\nDeallocating memory...  [0s]\nProcessing query block 1, reference block 8/15, shape 2/2, index chunk 3/4.\nBuilding reference seed array...  [4.817s]\nBuilding query seed array...  [0.066s]\nComputing hash join...  [1.375s]\nMasking low complexity seeds...  [0.028s]\nSearching alignments...  [0.406s]\nDeallocating memory...  [0s]\nProcessing query block 1, reference block 8/15, shape 2/2, index chunk 4/4.\nBuilding reference seed array...  [4.82s]\nBuilding query seed array...  [0.068s]\nComputing hash join...  [1.416s]\nMasking low complexity seeds...  [0.027s]\nSearching alignments...  [0.423s]\nDeallocating memory...  [0s]\nDeallocating buffers...  [0.502s]\nClearing query masking...  [0.009s]\nOpening temporary output file...  [0s]\nComputing alignments...  [4.403s]\nDeallocating reference...  [0.289s]\nLoading reference sequences...  [5.384s]\nMasking reference...  [19.764s]\nMasked letters:   tantan: 51694076  seg: 0  motif: 0\nInitializing dictionary...  [0.029s]\nInitializing temporary storage...  [0.004s]\nBuilding reference histograms...  [18.147s]\nAllocating buffers...  [0s]\nProcessing query block 1, reference block 9/15, shape 1/2, index chunk 1/4.\nBuilding reference seed array...  [5.522s]\nBuilding query seed array...  [0.081s]\nComputing hash join...  [1.531s]\nMasking low complexity seeds...  [0.029s]\nSearching alignments...  [0.559s]\nDeallocating memory...  [0s]\nProcessing query block 1, reference block 9/15, shape 1/2, index chunk 2/4.\nBuilding reference seed array...  [5.119s]\nBuilding query seed array...  [0.077s]\nComputing hash join...  [1.534s]\nMasking low complexity seeds...  [0.03s]\nSearching alignments...  [0.52s]\nDeallocating memory...  [0s]\nProcessing query block 1, reference block 9/15, shape 1/2, index chunk 3/4.\nBuilding reference seed array...  [5.055s]\nBuilding query seed array...  [0.076s]\nComputing hash join...  [1.536s]\nMasking low complexity seeds...  [0.028s]\nSearching alignments...  [0.511s]\nDeallocating memory...  [0s]\nProcessing query block 1, reference block 9/15, shape 1/2, index chunk 4/4.\nBuilding reference seed array...  [5.032s]\nBuilding query seed array...  [0.082s]\nComputing hash join...  [1.524s]\nMasking low complexity seeds...  [0.031s]\nSearching alignments...  [0.491s]\nDeallocating memory...  [0s]\nProcessing query block 1, reference block 9/15, shape 2/2, index chunk 1/4.\nBuilding reference seed array...  [5.004s]\nBuilding query seed array...  [0.073s]\nComputing hash join...  [1.372s]\nMasking low complexity seeds...  [0.027s]\nSearching alignments...  [0.429s]\nDeallocating memory...  [0s]\nProcessing query block 1, reference block 9/15, shape 2/2, index chunk 2/4.\nBuilding reference seed array...  [5.048s]\nBuilding query seed array...  [0.074s]\nComputing hash join...  [1.379s]\nMasking low complexity seeds...  [0.027s]\nSearching alignments...  [0.417s]\nDeallocating memory...  [0s]\nProcessing query block 1, reference block 9/15, shape 2/2, index chunk 3/4.\nBuilding reference seed array...  [5.119s]\nBuilding query seed array...  [0.074s]\nComputing hash join...  [1.376s]\nMasking low complexity seeds...  [0.028s]\nSearching alignments...  [0.5s]\nDeallocating memory...  [0s]\nProcessing query block 1, reference block 9/15, shape 2/2, index chunk 4/4.\nBuilding reference seed array...  [4.998s]\nBuilding query seed array...  [0.076s]\nComputing hash join...  [1.395s]\nMasking low complexity seeds...  [0.027s]\nSearching alignments...  [0.428s]\nDeallocating memory...  [0s]\nDeallocating buffers...  [0.506s]\nClearing query masking...  [0.009s]\nOpening temporary output file...  [0s]\nComputing alignments...  [4.432s]\nDeallocating reference...  [0.294s]\nLoading reference sequences...  [5.386s]\nMasking reference...  [19.807s]\nMasked letters:   tantan: 51254459  seg: 0  motif: 0\nInitializing dictionary...  [0.029s]\nInitializing temporary storage...  [0.004s]\nBuilding reference histograms...  [19.332s]\nAllocating buffers...  [0s]\nProcessing query block 1, reference block 10/15, shape 1/2, index chunk 1/4.\nBuilding reference seed array...  [5.598s]\nBuilding query seed array...  [0.079s]\nComputing hash join...  [1.547s]\nMasking low complexity seeds...  [0.028s]\nSearching alignments...  [0.633s]\nDeallocating memory...  [0s]\nProcessing query block 1, reference block 10/15, shape 1/2, index chunk 2/4.\nBuilding reference seed array...  [4.9s]\nBuilding query seed array...  [0.072s]\nComputing hash join...  [1.529s]\nMasking low complexity seeds...  [0.033s]\nSearching alignments...  [0.523s]\nDeallocating memory...  [0s]\nProcessing query block 1, reference block 10/15, shape 1/2, index chunk 3/4.\nBuilding reference seed array...  [4.881s]\nBuilding query seed array...  [0.072s]\nComputing hash join...  [1.542s]\nMasking low complexity seeds...  [0.031s]\nSearching alignments...  [0.515s]\nDeallocating memory...  [0s]\nProcessing query block 1, reference block 10/15, shape 1/2, index chunk 4/4.\nBuilding reference seed array...  [4.888s]\nBuilding query seed array...  [0.072s]\nComputing hash join...  [1.573s]\nMasking low complexity seeds...  [0.031s]\nSearching alignments...  [0.494s]\nDeallocating memory...  [0s]\nProcessing query block 1, reference block 10/15, shape 2/2, index chunk 1/4.\nBuilding reference seed array...  [4.857s]\nBuilding query seed array...  [0.069s]\nComputing hash join...  [1.445s]\nMasking low complexity seeds...  [0.031s]\nSearching alignments...  [0.426s]\nDeallocating memory...  [0s]\nProcessing query block 1, reference block 10/15, shape 2/2, index chunk 2/4.\nBuilding reference seed array...  [5.338s]\nBuilding query seed array...  [0.069s]\nComputing hash join...  [1.425s]\nMasking low complexity seeds...  [0.026s]\nSearching alignments...  [0.422s]\nDeallocating memory...  [0s]\nProcessing query block 1, reference block 10/15, shape 2/2, index chunk 3/4.\nBuilding reference seed array...  [4.846s]\nBuilding query seed array...  [0.067s]\nComputing hash join...  [1.385s]\nMasking low complexity seeds...  [0.026s]\nSearching alignments...  [0.414s]\nDeallocating memory...  [0s]\nProcessing query block 1, reference block 10/15, shape 2/2, index chunk 4/4.\nBuilding reference seed array...  [4.845s]\nBuilding query seed array...  [0.07s]\nComputing hash join...  [1.388s]\nMasking low complexity seeds...  [0.026s]\nSearching alignments...  [0.438s]\nDeallocating memory...  [0s]\nDeallocating buffers...  [0.496s]\nClearing query masking...  [0.009s]\nOpening temporary output file...  [0s]\nComputing alignments...  [4.434s]\nDeallocating reference...  [0.291s]\nLoading reference sequences...  [5.33s]\nMasking reference...  [19.764s]\nMasked letters:   tantan: 50949915  seg: 0  motif: 0\nInitializing dictionary...  [0.03s]\nInitializing temporary storage...  [0.004s]\nBuilding reference histograms...  [18.446s]\nAllocating buffers...  [0s]\nProcessing query block 1, reference block 11/15, shape 1/2, index chunk 1/4.\nBuilding reference seed array...  [5.502s]\nBuilding query seed array...  [0.079s]\nComputing hash join...  [1.765s]\nMasking low complexity seeds...  [0.029s]\nSearching alignments...  [0.592s]\nDeallocating memory...  [0s]\nProcessing query block 1, reference block 11/15, shape 1/2, index chunk 2/4.\nBuilding reference seed array...  [5.085s]\nBuilding query seed array...  [0.076s]\nComputing hash join...  [1.546s]\nMasking low complexity seeds...  [0.028s]\nSearching alignments...  [0.571s]\nDeallocating memory...  [0s]\nProcessing query block 1, reference block 11/15, shape 1/2, index chunk 3/4.\nBuilding reference seed array...  [5.036s]\nBuilding query seed array...  [0.076s]\nComputing hash join...  [1.581s]\nMasking low complexity seeds...  [0.031s]\nSearching alignments...  [0.524s]\nDeallocating memory...  [0s]\nProcessing query block 1, reference block 11/15, shape 1/2, index chunk 4/4.\nBuilding reference seed array...  [5.152s]\nBuilding query seed array...  [0.079s]\nComputing hash join...  [1.536s]\nMasking low complexity seeds...  [0.03s]\nSearching alignments...  [0.5s]\nDeallocating memory...  [0s]\nProcessing query block 1, reference block 11/15, shape 2/2, index chunk 1/4.\nBuilding reference seed array...  [4.877s]\nBuilding query seed array...  [0.073s]\nComputing hash join...  [1.375s]\nMasking low complexity seeds...  [0.027s]\nSearching alignments...  [0.428s]\nDeallocating memory...  [0s]\nProcessing query block 1, reference block 11/15, shape 2/2, index chunk 2/4.\nBuilding reference seed array...  [4.806s]\nBuilding query seed array...  [0.073s]\nComputing hash join...  [1.383s]\nMasking low complexity seeds...  [0.027s]\nSearching alignments...  [0.421s]\nDeallocating memory...  [0s]\nProcessing query block 1, reference block 11/15, shape 2/2, index chunk 3/4.\nBuilding reference seed array...  [4.832s]\nBuilding query seed array...  [0.074s]\nComputing hash join...  [1.392s]\nMasking low complexity seeds...  [0.028s]\nSearching alignments...  [0.414s]\nDeallocating memory...  [0s]\nProcessing query block 1, reference block 11/15, shape 2/2, index chunk 4/4.\nBuilding reference seed array...  [4.827s]\nBuilding query seed array...  [0.074s]\nComputing hash join...  [1.395s]\nMasking low complexity seeds...  [0.028s]\nSearching alignments...  [0.425s]\nDeallocating memory...  [0s]\nDeallocating buffers...  [0.51s]\nClearing query masking...  [0.009s]\nOpening temporary output file...  [0s]\nComputing alignments...  [4.436s]\nDeallocating reference...  [0.292s]\nLoading reference sequences...  [5.322s]\nMasking reference...  [19.452s]\nMasked letters:   tantan: 50496834  seg: 0  motif: 0\nInitializing dictionary...  [0.03s]\nInitializing temporary storage...  [0.004s]\nBuilding reference histograms...  [17.994s]\nAllocating buffers...  [0s]\nProcessing query block 1, reference block 12/15, shape 1/2, index chunk 1/4.\nBuilding reference seed array...  [5.252s]\nBuilding query seed array...  [0.079s]\nComputing hash join...  [1.527s]\nMasking low complexity seeds...  [0.027s]\nSearching alignments...  [0.556s]\nDeallocating memory...  [0s]\nProcessing query block 1, reference block 12/15, shape 1/2, index chunk 2/4.\nBuilding reference seed array...  [4.894s]\nBuilding query seed array...  [0.073s]\nComputing hash join...  [1.561s]\nMasking low complexity seeds...  [0.029s]\nSearching alignments...  [0.526s]\nDeallocating memory...  [0s]\nProcessing query block 1, reference block 12/15, shape 1/2, index chunk 3/4.\nBuilding reference seed array...  [5.239s]\nBuilding query seed array...  [0.074s]\nComputing hash join...  [1.695s]\nMasking low complexity seeds...  [0.029s]\nSearching alignments...  [0.507s]\nDeallocating memory...  [0s]\nProcessing query block 1, reference block 12/15, shape 1/2, index chunk 4/4.\nBuilding reference seed array...  [4.934s]\nBuilding query seed array...  [0.072s]\nComputing hash join...  [1.553s]\nMasking low complexity seeds...  [0.029s]\nSearching alignments...  [0.501s]\nDeallocating memory...  [0s]\nProcessing query block 1, reference block 12/15, shape 2/2, index chunk 1/4.\nBuilding reference seed array...  [5.021s]\nBuilding query seed array...  [0.067s]\nComputing hash join...  [1.371s]\nMasking low complexity seeds...  [0.026s]\nSearching alignments...  [0.455s]\nDeallocating memory...  [0s]\nProcessing query block 1, reference block 12/15, shape 2/2, index chunk 2/4.\nBuilding reference seed array...  [4.95s]\nBuilding query seed array...  [0.069s]\nComputing hash join...  [1.375s]\nMasking low complexity seeds...  [0.027s]\nSearching alignments...  [0.423s]\nDeallocating memory...  [0s]\nProcessing query block 1, reference block 12/15, shape 2/2, index chunk 3/4.\nBuilding reference seed array...  [4.825s]\nBuilding query seed array...  [0.067s]\nComputing hash join...  [1.379s]\nMasking low complexity seeds...  [0.027s]\nSearching alignments...  [0.416s]\nDeallocating memory...  [0s]\nProcessing query block 1, reference block 12/15, shape 2/2, index chunk 4/4.\nBuilding reference seed array...  [4.855s]\nBuilding query seed array...  [0.067s]\nComputing hash join...  [1.385s]\nMasking low complexity seeds...  [0.026s]\nSearching alignments...  [0.426s]\nDeallocating memory...  [0s]\nDeallocating buffers...  [0.478s]\nClearing query masking...  [0.009s]\nOpening temporary output file...  [0s]\nComputing alignments...  [4.452s]\nDeallocating reference...  [0.285s]\nLoading reference sequences...  [5.294s]\nMasking reference...  [19.852s]\nMasked letters:   tantan: 50333679  seg: 0  motif: 0\nInitializing dictionary...  [0.03s]\nInitializing temporary storage...  [0.004s]\nBuilding reference histograms...  [18.43s]\nAllocating buffers...  [0s]\nProcessing query block 1, reference block 13/15, shape 1/2, index chunk 1/4.\nBuilding reference seed array...  [5.505s]\nBuilding query seed array...  [0.08s]\nComputing hash join...  [1.566s]\nMasking low complexity seeds...  [0.029s]\nSearching alignments...  [0.584s]\nDeallocating memory...  [0s]\nProcessing query block 1, reference block 13/15, shape 1/2, index chunk 2/4.\nBuilding reference seed array...  [4.941s]\nBuilding query seed array...  [0.072s]\nComputing hash join...  [1.722s]\nMasking low complexity seeds...  [0.031s]\nSearching alignments...  [0.523s]\nDeallocating memory...  [0s]\nProcessing query block 1, reference block 13/15, shape 1/2, index chunk 3/4.\nBuilding reference seed array...  [5.156s]\nBuilding query seed array...  [0.073s]\nComputing hash join...  [1.607s]\nMasking low complexity seeds...  [0.032s]\nSearching alignments...  [0.516s]\nDeallocating memory...  [0s]\nProcessing query block 1, reference block 13/15, shape 1/2, index chunk 4/4.\nBuilding reference seed array...  [4.86s]\nBuilding query seed array...  [0.074s]\nComputing hash join...  [1.548s]\nMasking low complexity seeds...  [0.03s]\nSearching alignments...  [0.499s]\nDeallocating memory...  [0s]\nProcessing query block 1, reference block 13/15, shape 2/2, index chunk 1/4.\nBuilding reference seed array...  [4.809s]\nBuilding query seed array...  [0.067s]\nComputing hash join...  [1.375s]\nMasking low complexity seeds...  [0.027s]\nSearching alignments...  [0.428s]\nDeallocating memory...  [0s]\nProcessing query block 1, reference block 13/15, shape 2/2, index chunk 2/4.\nBuilding reference seed array...  [4.834s]\nBuilding query seed array...  [0.067s]\nComputing hash join...  [1.391s]\nMasking low complexity seeds...  [0.027s]\nSearching alignments...  [0.423s]\nDeallocating memory...  [0s]\nProcessing query block 1, reference block 13/15, shape 2/2, index chunk 3/4.\nBuilding reference seed array...  [4.794s]\nBuilding query seed array...  [0.067s]\nComputing hash join...  [1.373s]\nMasking low complexity seeds...  [0.027s]\nSearching alignments...  [0.417s]\nDeallocating memory...  [0s]\nProcessing query block 1, reference block 13/15, shape 2/2, index chunk 4/4.\nBuilding reference seed array...  [4.838s]\nBuilding query seed array...  [0.067s]\nComputing hash join...  [1.396s]\nMasking low complexity seeds...  [0.027s]\nSearching alignments...  [0.443s]\nDeallocating memory...  [0s]\nDeallocating buffers...  [0.487s]\nClearing query masking...  [0.009s]\nOpening temporary output file...  [0s]\nComputing alignments...  [4.429s]\nDeallocating reference...  [0.295s]\nLoading reference sequences...  [5.465s]\nMasking reference...  [18.92s]\nMasked letters:   tantan: 50078515  seg: 0  motif: 0\nInitializing dictionary...  [0.03s]\nInitializing temporary storage...  [0.004s]\nBuilding reference histograms...  [16.971s]\nAllocating buffers...  [0s]\nProcessing query block 1, reference block 14/15, shape 1/2, index chunk 1/4.\nBuilding reference seed array...  [5.223s]\nBuilding query seed array...  [0.079s]\nComputing hash join...  [1.569s]\nMasking low complexity seeds...  [0.029s]\nSearching alignments...  [0.539s]\nDeallocating memory...  [0s]\nProcessing query block 1, reference block 14/15, shape 1/2, index chunk 2/4.\nBuilding reference seed array...  [4.852s]\nBuilding query seed array...  [0.072s]\nComputing hash join...  [1.552s]\nMasking low complexity seeds...  [0.034s]\nSearching alignments...  [0.528s]\nDeallocating memory...  [0s]\nProcessing query block 1, reference block 14/15, shape 1/2, index chunk 3/4.\nBuilding reference seed array...  [5.285s]\nBuilding query seed array...  [0.077s]\nComputing hash join...  [1.693s]\nMasking low complexity seeds...  [0.029s]\nSearching alignments...  [0.483s]\nDeallocating memory...  [0s]\nProcessing query block 1, reference block 14/15, shape 1/2, index chunk 4/4.\nBuilding reference seed array...  [4.872s]\nBuilding query seed array...  [0.072s]\nComputing hash join...  [1.554s]\nMasking low complexity seeds...  [0.032s]\nSearching alignments...  [0.468s]\nDeallocating memory...  [0s]\nProcessing query block 1, reference block 14/15, shape 2/2, index chunk 1/4.\nBuilding reference seed array...  [4.81s]\nBuilding query seed array...  [0.072s]\nComputing hash join...  [1.385s]\nMasking low complexity seeds...  [0.028s]\nSearching alignments...  [0.401s]\nDeallocating memory...  [0s]\nProcessing query block 1, reference block 14/15, shape 2/2, index chunk 2/4.\nBuilding reference seed array...  [4.878s]\nBuilding query seed array...  [0.067s]\nComputing hash join...  [1.39s]\nMasking low complexity seeds...  [0.028s]\nSearching alignments...  [0.406s]\nDeallocating memory...  [0s]\nProcessing query block 1, reference block 14/15, shape 2/2, index chunk 3/4.\nBuilding reference seed array...  [4.875s]\nBuilding query seed array...  [0.067s]\nComputing hash join...  [1.391s]\nMasking low complexity seeds...  [0.027s]\nSearching alignments...  [0.395s]\nDeallocating memory...  [0s]\nProcessing query block 1, reference block 14/15, shape 2/2, index chunk 4/4.\nBuilding reference seed array...  [4.807s]\nBuilding query seed array...  [0.079s]\nComputing hash join...  [1.391s]\nMasking low complexity seeds...  [0.027s]\nSearching alignments...  [0.399s]\nDeallocating memory...  [0s]\nDeallocating buffers...  [0.523s]\nClearing query masking...  [0.009s]\nOpening temporary output file...  [0s]\nComputing alignments...  [4.432s]\nDeallocating reference...  [0.24s]\nLoading reference sequences...  [3.285s]\nMasking reference...  [12.381s]\nMasked letters:   tantan: 31226565  seg: 0  motif: 0\nInitializing dictionary...  [0.019s]\nInitializing temporary storage...  [0.004s]\nBuilding reference histograms...  [11.596s]\nAllocating buffers...  [0s]\nProcessing query block 1, reference block 15/15, shape 1/2, index chunk 1/4.\nBuilding reference seed array...  [3.343s]\nBuilding query seed array...  [0.079s]\nComputing hash join...  [0.978s]\nMasking low complexity seeds...  [0.024s]\nSearching alignments...  [0.375s]\nDeallocating memory...  [0s]\nProcessing query block 1, reference block 15/15, shape 1/2, index chunk 2/4.\nBuilding reference seed array...  [3.034s]\nBuilding query seed array...  [0.072s]\nComputing hash join...  [0.973s]\nMasking low complexity seeds...  [0.025s]\nSearching alignments...  [0.346s]\nDeallocating memory...  [0s]\nProcessing query block 1, reference block 15/15, shape 1/2, index chunk 3/4.\nBuilding reference seed array...  [3.039s]\nBuilding query seed array...  [0.073s]\nComputing hash join...  [0.978s]\nMasking low complexity seeds...  [0.024s]\nSearching alignments...  [0.339s]\nDeallocating memory...  [0s]\nProcessing query block 1, reference block 15/15, shape 1/2, index chunk 4/4.\nBuilding reference seed array...  [3.074s]\nBuilding query seed array...  [0.076s]\nComputing hash join...  [0.967s]\nMasking low complexity seeds...  [0.024s]\nSearching alignments...  [0.331s]\nDeallocating memory...  [0s]\nProcessing query block 1, reference block 15/15, shape 2/2, index chunk 1/4.\nBuilding reference seed array...  [3.142s]\nBuilding query seed array...  [0.068s]\nComputing hash join...  [0.872s]\nMasking low complexity seeds...  [0.023s]\nSearching alignments...  [0.307s]\nDeallocating memory...  [0s]\nProcessing query block 1, reference block 15/15, shape 2/2, index chunk 2/4.\nBuilding reference seed array...  [3.124s]\nBuilding query seed array...  [0.07s]\nComputing hash join...  [0.869s]\nMasking low complexity seeds...  [0.024s]\nSearching alignments...  [0.287s]\nDeallocating memory...  [0s]\nProcessing query block 1, reference block 15/15, shape 2/2, index chunk 3/4.\nBuilding reference seed array...  [3.012s]\nBuilding query seed array...  [0.067s]\nComputing hash join...  [0.865s]\nMasking low complexity seeds...  [0.023s]\nSearching alignments...  [0.275s]\nDeallocating memory...  [0s]\nProcessing query block 1, reference block 15/15, shape 2/2, index chunk 4/4.\nBuilding reference seed array...  [3.008s]\nBuilding query seed array...  [0.067s]\nComputing hash join...  [0.867s]\nMasking low complexity seeds...  [0.024s]\nSearching alignments...  [0.285s]\nDeallocating memory...  [0s]\nDeallocating buffers...  [0.317s]\nClearing query masking...  [0.008s]\nOpening temporary output file...  [0s]\nComputing alignments...  [3.275s]\nDeallocating reference...  [0.198s]\nLoading reference sequences...  [0s]\nDeallocating buffers...  [0s]\nJoining output blocks... Joining output blocks...  [1.749s]\n [1.942s]\nDeallocating queries...  [0.003s]\nLoading query sequences...  [0s]\nClosing the input file...  [0s]\nClosing the output file...  [0s]\nClosing the database...  [0s]\nCleaning up...  [0s]\nTotal time = 1544.8s\nReported 154850 pairwise alignments, 154850 HSPs.\n123698 queries aligned.\n'
07/22/2026 04:42:43 AM - humann.utilities - DEBUG: Using software: /usr/bin/cat
07/22/2026 04:42:43 AM - humann.utilities - INFO: Execute command: /usr/bin/cat ${ARTICLE19_WORK_DIR}/humann/ERR9765746_MOCK1_humann_temp/tmpk1l19880/diamond_m8_roy1hi9h
07/22/2026 04:42:44 AM - humann.humann - INFO: TIMESTAMP: Completed 	translated alignment 	:	 1545	 seconds
07/22/2026 04:42:45 AM - humann.utilities - DEBUG: Total alignments where percent identity is not a number: 0
07/22/2026 04:42:45 AM - humann.utilities - DEBUG: Total alignments where alignment length is not a number: 0
07/22/2026 04:42:45 AM - humann.utilities - DEBUG: Total alignments where E-value is not a number: 0
07/22/2026 04:42:45 AM - humann.utilities - DEBUG: Total alignments not included based on large e-value: 0
07/22/2026 04:42:45 AM - humann.utilities - DEBUG: Total alignments not included based on small percent identity: 4501
07/22/2026 04:42:45 AM - humann.utilities - DEBUG: Total alignments not included based on small query coverage: 34896
07/22/2026 04:42:45 AM - humann.search.blastx_coverage - INFO: Total alignments without coverage information: 0
07/22/2026 04:42:45 AM - humann.search.blastx_coverage - INFO: Total proteins in blastx output: 62676
07/22/2026 04:42:45 AM - humann.search.blastx_coverage - INFO: Total proteins without lengths: 0
07/22/2026 04:42:45 AM - humann.search.blastx_coverage - INFO: Proteins with coverage greater than threshold (50.0): 1351
07/22/2026 04:42:46 AM - humann.utilities - DEBUG: Total alignments where percent identity is not a number: 0
07/22/2026 04:42:46 AM - humann.utilities - DEBUG: Total alignments where alignment length is not a number: 0
07/22/2026 04:42:46 AM - humann.utilities - DEBUG: Total alignments where E-value is not a number: 0
07/22/2026 04:42:46 AM - humann.utilities - DEBUG: Total alignments not included based on large e-value: 0
07/22/2026 04:42:46 AM - humann.utilities - DEBUG: Total alignments not included based on small percent identity: 4501
07/22/2026 04:42:46 AM - humann.utilities - DEBUG: Total alignments not included based on small query coverage: 34896
07/22/2026 04:42:46 AM - humann.search.translated - DEBUG: Total translated alignments not included based on small subject coverage value: 114745
07/22/2026 04:42:46 AM - humann.humann - INFO: TIMESTAMP: Completed 	translated alignment post-processing 	:	 3	 seconds
07/22/2026 04:42:46 AM - humann.humann - INFO: Total bugs after translated alignment: 37
07/22/2026 04:42:46 AM - humann.humann - INFO: 
g__Thermotoga.s__Thermotoga_petrophila: 8386 hits
g__Caldicellulosiruptor.s__Caldicellulosiruptor_saccharolyticus: 9316 hits
g__Methanobrevibacter.s__Methanobrevibacter_oralis: 1603 hits
g__Persephonella.s__Persephonella_marina: 1294 hits
g__Methanocaldococcus.s__Methanocaldococcus_jannaschii: 6886 hits
g__Thermoanaerobacter.s__Thermoanaerobacter_pseudethanolicus: 2285 hits
g__Nitrosomonas.s__Nitrosomonas_europaea: 2229 hits
g__Methanothermus.s__Methanothermus_fervidus: 3567 hits
g__Thermotoga.s__Thermotoga_neapolitana: 12451 hits
g__Herpetosiphon.s__Herpetosiphon_aurantiacus: 1460 hits
g__Gemmatimonas.s__Gemmatimonas_aurantiaca: 3141 hits
g__Shewanella.s__Shewanella_sp_Pdp11: 171 hits
g__Shewanella.s__Shewanella_baltica: 1809 hits
g__Chlorobium.s__Chlorobium_phaeovibrioides: 591 hits
g__Chlorobium.s__Chlorobium_limicola: 616 hits
g__Desulfobulbus.s__Desulfobulbus_oralis: 1052 hits
g__Rhodopirellula.s__Rhodopirellula_baltica: 905 hits
g__Pyrococcus.s__Pyrococcus_horikoshii: 1195 hits
g__Halobacterium.s__Halobacterium_salinarum: 619 hits
g__Porphyromonas.s__Porphyromonas_gingivalis: 663 hits
g__Chlorobium.s__Chlorobium_phaeobacteroides: 232 hits
g__Ignicoccus.s__Ignicoccus_hospitalis: 204 hits
g__Thermotoga.s__Thermotoga_maritima: 1235 hits
g__Shewanella.s__Shewanella_putrefaciens: 334 hits
g__Trichormus.s__Trichormus_variabilis: 355 hits
g__Nanoarchaeum.s__Nanoarchaeum_equitans: 208 hits
g__Ignicoccus.s__Ignicoccus_islandicus: 115 hits
g__Thermoanaerobacter.s__Thermoanaerobacter_thermohydrosulfuricus: 160 hits
g__Wolinella.s__Wolinella_succinogenes: 56 hits
g__Thermoanaerobacter.s__Thermoanaerobacter_siderophilus: 167 hits
g__Methanococcus.s__Methanococcus_maripaludis: 203 hits
g__Thermoanaerobacter.s__Thermoanaerobacter_wiegelii: 75 hits
g__Fusobacterium.s__Fusobacterium_nucleatum: 253 hits
g__Pyrobaculum.s__Pyrobaculum_calidifontis: 52 hits
g__Chloroflexus.s__Chloroflexus_aurantiacus: 54 hits
g__Methanopyrus.s__Methanopyrus_kandleri: 26 hits
unclassified: 3180 hits
07/22/2026 04:42:46 AM - humann.humann - INFO: Total gene families after translated alignment: 11776
07/22/2026 04:42:46 AM - humann.humann - INFO: Unaligned reads after translated alignment: 66.4964846836 %
07/22/2026 04:42:46 AM - humann.humann - INFO: Computing gene families ...
07/22/2026 04:42:46 AM - humann.quantify.families - DEBUG: Compute gene families
07/22/2026 04:42:46 AM - humann.store - INFO: 
Total gene families  : 11776
g__Thermotoga.s__Thermotoga_petrophila : 1239 gene families
g__Caldicellulosiruptor.s__Caldicellulosiruptor_saccharolyticus : 1295 gene families
g__Methanobrevibacter.s__Methanobrevibacter_oralis : 349 gene families
g__Persephonella.s__Persephonella_marina : 301 gene families
g__Methanocaldococcus.s__Methanocaldococcus_jannaschii : 991 gene families
g__Thermoanaerobacter.s__Thermoanaerobacter_pseudethanolicus : 472 gene families
g__Nitrosomonas.s__Nitrosomonas_europaea : 469 gene families
g__Methanothermus.s__Methanothermus_fervidus : 559 gene families
g__Thermotoga.s__Thermotoga_neapolitana : 1550 gene families
g__Herpetosiphon.s__Herpetosiphon_aurantiacus : 370 gene families
g__Gemmatimonas.s__Gemmatimonas_aurantiaca : 618 gene families
g__Shewanella.s__Shewanella_sp_Pdp11 : 96 gene families
g__Shewanella.s__Shewanella_baltica : 413 gene families
g__Chlorobium.s__Chlorobium_phaeovibrioides : 159 gene families
g__Chlorobium.s__Chlorobium_limicola : 177 gene families
g__Desulfobulbus.s__Desulfobulbus_oralis : 249 gene families
g__Rhodopirellula.s__Rhodopirellula_baltica : 381 gene families
g__Pyrococcus.s__Pyrococcus_horikoshii : 274 gene families
g__Halobacterium.s__Halobacterium_salinarum : 176 gene families
g__Porphyromonas.s__Porphyromonas_gingivalis : 220 gene families
g__Chlorobium.s__Chlorobium_phaeobacteroides : 79 gene families
g__Ignicoccus.s__Ignicoccus_hospitalis : 74 gene families
g__Thermotoga.s__Thermotoga_maritima : 416 gene families
g__Shewanella.s__Shewanella_putrefaciens : 63 gene families
g__Trichormus.s__Trichormus_variabilis : 117 gene families
g__Nanoarchaeum.s__Nanoarchaeum_equitans : 52 gene families
g__Ignicoccus.s__Ignicoccus_islandicus : 44 gene families
g__Thermoanaerobacter.s__Thermoanaerobacter_thermohydrosulfuricus : 98 gene families
g__Wolinella.s__Wolinella_succinogenes : 21 gene families
g__Thermoanaerobacter.s__Thermoanaerobacter_siderophilus : 82 gene families
g__Methanococcus.s__Methanococcus_maripaludis : 67 gene families
g__Thermoanaerobacter.s__Thermoanaerobacter_wiegelii : 50 gene families
g__Fusobacterium.s__Fusobacterium_nucleatum : 95 gene families
g__Pyrobaculum.s__Pyrobaculum_calidifontis : 23 gene families
g__Chloroflexus.s__Chloroflexus_aurantiacus : 34 gene families
g__Methanopyrus.s__Methanopyrus_kandleri : 11 gene families
unclassified : 1351 gene families
07/22/2026 04:43:00 AM - humann.humann - INFO: TIMESTAMP: Completed 	computing gene families 	:	 14	 seconds
07/22/2026 04:43:00 AM - humann.humann - INFO: Computing pathways abundance and coverage ...
07/22/2026 04:43:00 AM - humann.quantify.modules - DEBUG: Write flat reactions to pathways file for Minpath
07/22/2026 04:43:00 AM - humann.quantify.modules - INFO: Compute reaction scores for bug: g__Thermotoga.s__Thermotoga_petrophila
07/22/2026 04:43:01 AM - humann.quantify.modules - INFO: Run MinPath on g__Thermotoga.s__Thermotoga_petrophila
07/22/2026 04:43:01 AM - humann.quantify.modules - INFO: Compute reaction scores for bug: g__Caldicellulosiruptor.s__Caldicellulosiruptor_saccharolyticus
07/22/2026 04:43:02 AM - humann.quantify.modules - INFO: Run MinPath on g__Caldicellulosiruptor.s__Caldicellulosiruptor_saccharolyticus
07/22/2026 04:43:02 AM - humann.quantify.modules - INFO: Compute reaction scores for bug: g__Methanobrevibacter.s__Methanobrevibacter_oralis
07/22/2026 04:43:03 AM - humann.quantify.modules - INFO: Run MinPath on g__Methanobrevibacter.s__Methanobrevibacter_oralis
07/22/2026 04:43:03 AM - humann.quantify.modules - INFO: Compute reaction scores for bug: g__Persephonella.s__Persephonella_marina
07/22/2026 04:43:04 AM - humann.quantify.modules - INFO: Run MinPath on g__Persephonella.s__Persephonella_marina
07/22/2026 04:43:04 AM - humann.quantify.modules - INFO: Compute reaction scores for bug: g__Methanocaldococcus.s__Methanocaldococcus_jannaschii
07/22/2026 04:43:06 AM - humann.quantify.modules - INFO: Run MinPath on g__Methanocaldococcus.s__Methanocaldococcus_jannaschii
07/22/2026 04:43:06 AM - humann.quantify.modules - INFO: Compute reaction scores for bug: g__Thermoanaerobacter.s__Thermoanaerobacter_pseudethanolicus
07/22/2026 04:43:07 AM - humann.quantify.modules - INFO: Run MinPath on g__Thermoanaerobacter.s__Thermoanaerobacter_pseudethanolicus
07/22/2026 04:43:07 AM - humann.quantify.modules - INFO: Compute reaction scores for bug: g__Nitrosomonas.s__Nitrosomonas_europaea
07/22/2026 04:43:08 AM - humann.quantify.modules - INFO: Run MinPath on g__Nitrosomonas.s__Nitrosomonas_europaea
07/22/2026 04:43:08 AM - humann.quantify.modules - INFO: Compute reaction scores for bug: g__Methanothermus.s__Methanothermus_fervidus
07/22/2026 04:43:09 AM - humann.quantify.modules - INFO: Run MinPath on g__Methanothermus.s__Methanothermus_fervidus
07/22/2026 04:43:09 AM - humann.quantify.modules - INFO: Compute reaction scores for bug: g__Thermotoga.s__Thermotoga_neapolitana
07/22/2026 04:43:10 AM - humann.quantify.modules - INFO: Run MinPath on g__Thermotoga.s__Thermotoga_neapolitana
07/22/2026 04:43:10 AM - humann.quantify.modules - INFO: Compute reaction scores for bug: g__Herpetosiphon.s__Herpetosiphon_aurantiacus
07/22/2026 04:43:11 AM - humann.quantify.modules - INFO: Run MinPath on g__Herpetosiphon.s__Herpetosiphon_aurantiacus
07/22/2026 04:43:11 AM - humann.quantify.modules - INFO: Compute reaction scores for bug: g__Gemmatimonas.s__Gemmatimonas_aurantiaca
07/22/2026 04:43:12 AM - humann.quantify.modules - INFO: Run MinPath on g__Gemmatimonas.s__Gemmatimonas_aurantiaca
07/22/2026 04:43:12 AM - humann.quantify.modules - INFO: Compute reaction scores for bug: g__Shewanella.s__Shewanella_sp_Pdp11
07/22/2026 04:43:13 AM - humann.quantify.modules - INFO: Run MinPath on g__Shewanella.s__Shewanella_sp_Pdp11
07/22/2026 04:43:13 AM - humann.quantify.modules - INFO: Compute reaction scores for bug: g__Shewanella.s__Shewanella_baltica
07/22/2026 04:43:14 AM - humann.quantify.modules - INFO: Run MinPath on g__Shewanella.s__Shewanella_baltica
07/22/2026 04:43:14 AM - humann.quantify.modules - INFO: Compute reaction scores for bug: g__Chlorobium.s__Chlorobium_phaeovibrioides
07/22/2026 04:43:15 AM - humann.quantify.modules - INFO: Run MinPath on g__Chlorobium.s__Chlorobium_phaeovibrioides
07/22/2026 04:43:15 AM - humann.quantify.modules - INFO: Compute reaction scores for bug: g__Chlorobium.s__Chlorobium_limicola
07/22/2026 04:43:16 AM - humann.quantify.modules - INFO: Run MinPath on g__Chlorobium.s__Chlorobium_limicola
07/22/2026 04:43:16 AM - humann.quantify.modules - INFO: Compute reaction scores for bug: g__Desulfobulbus.s__Desulfobulbus_oralis
07/22/2026 04:43:17 AM - humann.quantify.modules - INFO: Run MinPath on g__Desulfobulbus.s__Desulfobulbus_oralis
07/22/2026 04:43:17 AM - humann.quantify.modules - INFO: Compute reaction scores for bug: g__Rhodopirellula.s__Rhodopirellula_baltica
07/22/2026 04:43:18 AM - humann.quantify.modules - INFO: Run MinPath on g__Rhodopirellula.s__Rhodopirellula_baltica
07/22/2026 04:43:18 AM - humann.quantify.modules - INFO: Compute reaction scores for bug: g__Pyrococcus.s__Pyrococcus_horikoshii
07/22/2026 04:43:19 AM - humann.quantify.modules - INFO: Run MinPath on g__Pyrococcus.s__Pyrococcus_horikoshii
07/22/2026 04:43:19 AM - humann.quantify.modules - INFO: Compute reaction scores for bug: g__Halobacterium.s__Halobacterium_salinarum
07/22/2026 04:43:20 AM - humann.quantify.modules - INFO: Run MinPath on g__Halobacterium.s__Halobacterium_salinarum
07/22/2026 04:43:20 AM - humann.quantify.modules - INFO: Compute reaction scores for bug: g__Porphyromonas.s__Porphyromonas_gingivalis
07/22/2026 04:43:21 AM - humann.quantify.modules - INFO: Run MinPath on g__Porphyromonas.s__Porphyromonas_gingivalis
07/22/2026 04:43:21 AM - humann.quantify.modules - INFO: Compute reaction scores for bug: g__Chlorobium.s__Chlorobium_phaeobacteroides
07/22/2026 04:43:22 AM - humann.quantify.modules - INFO: Run MinPath on g__Chlorobium.s__Chlorobium_phaeobacteroides
07/22/2026 04:43:22 AM - humann.quantify.modules - INFO: Compute reaction scores for bug: g__Ignicoccus.s__Ignicoccus_hospitalis
07/22/2026 04:43:24 AM - humann.quantify.modules - INFO: Run MinPath on g__Ignicoccus.s__Ignicoccus_hospitalis
07/22/2026 04:43:24 AM - humann.quantify.modules - INFO: Compute reaction scores for bug: g__Thermotoga.s__Thermotoga_maritima
07/22/2026 04:43:25 AM - humann.quantify.modules - INFO: Run MinPath on g__Thermotoga.s__Thermotoga_maritima
07/22/2026 04:43:25 AM - humann.quantify.modules - INFO: Compute reaction scores for bug: g__Shewanella.s__Shewanella_putrefaciens
07/22/2026 04:43:26 AM - humann.quantify.modules - INFO: Run MinPath on g__Shewanella.s__Shewanella_putrefaciens
07/22/2026 04:43:26 AM - humann.quantify.modules - INFO: Compute reaction scores for bug: g__Trichormus.s__Trichormus_variabilis
07/22/2026 04:43:27 AM - humann.quantify.modules - INFO: Run MinPath on g__Trichormus.s__Trichormus_variabilis
07/22/2026 04:43:27 AM - humann.quantify.modules - INFO: Compute reaction scores for bug: g__Nanoarchaeum.s__Nanoarchaeum_equitans
07/22/2026 04:43:28 AM - humann.quantify.modules - INFO: Run MinPath on g__Nanoarchaeum.s__Nanoarchaeum_equitans
07/22/2026 04:43:28 AM - humann.quantify.modules - INFO: Compute reaction scores for bug: g__Ignicoccus.s__Ignicoccus_islandicus
07/22/2026 04:43:29 AM - humann.quantify.modules - INFO: Compute reaction scores for bug: g__Thermoanaerobacter.s__Thermoanaerobacter_thermohydrosulfuricus
07/22/2026 04:43:30 AM - humann.quantify.modules - INFO: Run MinPath on g__Thermoanaerobacter.s__Thermoanaerobacter_thermohydrosulfuricus
07/22/2026 04:43:30 AM - humann.quantify.modules - INFO: Compute reaction scores for bug: g__Wolinella.s__Wolinella_succinogenes
07/22/2026 04:43:31 AM - humann.quantify.modules - INFO: Run MinPath on g__Wolinella.s__Wolinella_succinogenes
07/22/2026 04:43:31 AM - humann.quantify.modules - INFO: Compute reaction scores for bug: g__Thermoanaerobacter.s__Thermoanaerobacter_siderophilus
07/22/2026 04:43:32 AM - humann.quantify.modules - INFO: Run MinPath on g__Thermoanaerobacter.s__Thermoanaerobacter_siderophilus
07/22/2026 04:43:32 AM - humann.quantify.modules - INFO: Compute reaction scores for bug: g__Methanococcus.s__Methanococcus_maripaludis
07/22/2026 04:43:33 AM - humann.quantify.modules - INFO: Run MinPath on g__Methanococcus.s__Methanococcus_maripaludis
07/22/2026 04:43:33 AM - humann.quantify.modules - INFO: Compute reaction scores for bug: g__Thermoanaerobacter.s__Thermoanaerobacter_wiegelii
07/22/2026 04:43:35 AM - humann.quantify.modules - INFO: Run MinPath on g__Thermoanaerobacter.s__Thermoanaerobacter_wiegelii
07/22/2026 04:43:35 AM - humann.quantify.modules - INFO: Compute reaction scores for bug: g__Fusobacterium.s__Fusobacterium_nucleatum
07/22/2026 04:43:36 AM - humann.quantify.modules - INFO: Run MinPath on g__Fusobacterium.s__Fusobacterium_nucleatum
07/22/2026 04:43:36 AM - humann.quantify.modules - INFO: Compute reaction scores for bug: g__Pyrobaculum.s__Pyrobaculum_calidifontis
07/22/2026 04:43:37 AM - humann.quantify.modules - INFO: Compute reaction scores for bug: g__Chloroflexus.s__Chloroflexus_aurantiacus
07/22/2026 04:43:38 AM - humann.quantify.modules - INFO: Run MinPath on g__Chloroflexus.s__Chloroflexus_aurantiacus
07/22/2026 04:43:38 AM - humann.quantify.modules - INFO: Compute reaction scores for bug: g__Methanopyrus.s__Methanopyrus_kandleri
07/22/2026 04:43:39 AM - humann.quantify.modules - INFO: Compute reaction scores for bug: unclassified
07/22/2026 04:43:40 AM - humann.quantify.modules - INFO: Run MinPath on unclassified
07/22/2026 04:43:40 AM - humann.quantify.modules - INFO: Compute reaction scores for bug: all
07/22/2026 04:43:42 AM - humann.quantify.modules - INFO: Run MinPath on all
07/22/2026 04:43:42 AM - humann.utilities - DEBUG: Using python module : ${BIOBAKERY_ENV_PREFIX}/lib/python3.12/site-packages/humann/quantify/MinPath12hmp.py
07/22/2026 04:43:42 AM - humann.utilities - DEBUG: Using python module : ${BIOBAKERY_ENV_PREFIX}/lib/python3.12/site-packages/humann/quantify/MinPath12hmp.py
07/22/2026 04:43:42 AM - humann.utilities - DEBUG: Using python module : ${BIOBAKERY_ENV_PREFIX}/lib/python3.12/site-packages/humann/quantify/MinPath12hmp.py
07/22/2026 04:43:42 AM - humann.utilities - DEBUG: Using python module : ${BIOBAKERY_ENV_PREFIX}/lib/python3.12/site-packages/humann/quantify/MinPath12hmp.py
07/22/2026 04:43:42 AM - humann.utilities - DEBUG: Using python module : ${BIOBAKERY_ENV_PREFIX}/lib/python3.12/site-packages/humann/quantify/MinPath12hmp.py
07/22/2026 04:43:42 AM - humann.utilities - DEBUG: Using python module : ${BIOBAKERY_ENV_PREFIX}/lib/python3.12/site-packages/humann/quantify/MinPath12hmp.py
07/22/2026 04:43:42 AM - humann.utilities - DEBUG: Using python module : ${BIOBAKERY_ENV_PREFIX}/lib/python3.12/site-packages/humann/quantify/MinPath12hmp.py
07/22/2026 04:43:42 AM - humann.utilities - DEBUG: Using python module : ${BIOBAKERY_ENV_PREFIX}/lib/python3.12/site-packages/humann/quantify/MinPath12hmp.py
07/22/2026 04:43:42 AM - humann.utilities - INFO: Execute command: ${BIOBAKERY_ENV_PREFIX}/bin/python ${BIOBAKERY_ENV_PREFIX}/lib/python3.12/site-packages/humann/quantify/MinPath12hmp.py -any ${ARTICLE19_WORK_DIR}/humann/ERR9765746_MOCK1_humann_temp/tmpk1l19880/tmpt42rzxza -map ${ARTICLE19_WORK_DIR}/humann/ERR9765746_MOCK1_humann_temp/tmpk1l19880/tmp5ymuzizq -report ${ARTICLE19_WORK_DIR}/humann/ERR9765746_MOCK1_humann_temp/tmpk1l19880/tmpqip0p7sd -details ${ARTICLE19_WORK_DIR}/humann/ERR9765746_MOCK1_humann_temp/tmpk1l19880/tmpxd_0p0n_ -mps ${ARTICLE19_WORK_DIR}/humann/ERR9765746_MOCK1_humann_temp/tmpk1l19880/tmprtntavf7
07/22/2026 04:43:42 AM - humann.utilities - INFO: Execute command: ${BIOBAKERY_ENV_PREFIX}/bin/python ${BIOBAKERY_ENV_PREFIX}/lib/python3.12/site-packages/humann/quantify/MinPath12hmp.py -any ${ARTICLE19_WORK_DIR}/humann/ERR9765746_MOCK1_humann_temp/tmpk1l19880/tmpfpvgh30y -map ${ARTICLE19_WORK_DIR}/humann/ERR9765746_MOCK1_humann_temp/tmpk1l19880/tmp5ymuzizq -report ${ARTICLE19_WORK_DIR}/humann/ERR9765746_MOCK1_humann_temp/tmpk1l19880/tmpwk5e37v7 -details ${ARTICLE19_WORK_DIR}/humann/ERR9765746_MOCK1_humann_temp/tmpk1l19880/tmpnafnmq0m -mps ${ARTICLE19_WORK_DIR}/humann/ERR9765746_MOCK1_humann_temp/tmpk1l19880/tmpfzt_3axl
07/22/2026 04:43:42 AM - humann.utilities - INFO: Execute command: ${BIOBAKERY_ENV_PREFIX}/bin/python ${BIOBAKERY_ENV_PREFIX}/lib/python3.12/site-packages/humann/quantify/MinPath12hmp.py -any ${ARTICLE19_WORK_DIR}/humann/ERR9765746_MOCK1_humann_temp/tmpk1l19880/tmp8s8dh56o -map ${ARTICLE19_WORK_DIR}/humann/ERR9765746_MOCK1_humann_temp/tmpk1l19880/tmp5ymuzizq -report ${ARTICLE19_WORK_DIR}/humann/ERR9765746_MOCK1_humann_temp/tmpk1l19880/tmpiy2m5l3t -details ${ARTICLE19_WORK_DIR}/humann/ERR9765746_MOCK1_humann_temp/tmpk1l19880/tmpt9tiw8f9 -mps ${ARTICLE19_WORK_DIR}/humann/ERR9765746_MOCK1_humann_temp/tmpk1l19880/tmpx8gxi4ld
07/22/2026 04:43:42 AM - humann.utilities - INFO: Execute command: ${BIOBAKERY_ENV_PREFIX}/bin/python ${BIOBAKERY_ENV_PREFIX}/lib/python3.12/site-packages/humann/quantify/MinPath12hmp.py -any ${ARTICLE19_WORK_DIR}/humann/ERR9765746_MOCK1_humann_temp/tmpk1l19880/tmpbbsmphfe -map ${ARTICLE19_WORK_DIR}/humann/ERR9765746_MOCK1_humann_temp/tmpk1l19880/tmp5ymuzizq -report ${ARTICLE19_WORK_DIR}/humann/ERR9765746_MOCK1_humann_temp/tmpk1l19880/tmp1nkbwc1m -details ${ARTICLE19_WORK_DIR}/humann/ERR9765746_MOCK1_humann_temp/tmpk1l19880/tmpaimguljg -mps ${ARTICLE19_WORK_DIR}/humann/ERR9765746_MOCK1_humann_temp/tmpk1l19880/tmpnzij7nm3
07/22/2026 04:43:42 AM - humann.utilities - INFO: Execute command: ${BIOBAKERY_ENV_PREFIX}/bin/python ${BIOBAKERY_ENV_PREFIX}/lib/python3.12/site-packages/humann/quantify/MinPath12hmp.py -any ${ARTICLE19_WORK_DIR}/humann/ERR9765746_MOCK1_humann_temp/tmpk1l19880/tmp8gu4egwl -map ${ARTICLE19_WORK_DIR}/humann/ERR9765746_MOCK1_humann_temp/tmpk1l19880/tmp5ymuzizq -report ${ARTICLE19_WORK_DIR}/humann/ERR9765746_MOCK1_humann_temp/tmpk1l19880/tmpjh8u_2fv -details ${ARTICLE19_WORK_DIR}/humann/ERR9765746_MOCK1_humann_temp/tmpk1l19880/tmpn04r06ga -mps ${ARTICLE19_WORK_DIR}/humann/ERR9765746_MOCK1_humann_temp/tmpk1l19880/tmp9lijntmr
07/22/2026 04:43:42 AM - humann.utilities - INFO: Execute command: ${BIOBAKERY_ENV_PREFIX}/bin/python ${BIOBAKERY_ENV_PREFIX}/lib/python3.12/site-packages/humann/quantify/MinPath12hmp.py -any ${ARTICLE19_WORK_DIR}/humann/ERR9765746_MOCK1_humann_temp/tmpk1l19880/tmpeon2tzqv -map ${ARTICLE19_WORK_DIR}/humann/ERR9765746_MOCK1_humann_temp/tmpk1l19880/tmp5ymuzizq -report ${ARTICLE19_WORK_DIR}/humann/ERR9765746_MOCK1_humann_temp/tmpk1l19880/tmp09j7r2tk -details ${ARTICLE19_WORK_DIR}/humann/ERR9765746_MOCK1_humann_temp/tmpk1l19880/tmp4foa555z -mps ${ARTICLE19_WORK_DIR}/humann/ERR9765746_MOCK1_humann_temp/tmpk1l19880/tmp3otwnfcr
07/22/2026 04:43:42 AM - humann.utilities - INFO: Execute command: ${BIOBAKERY_ENV_PREFIX}/bin/python ${BIOBAKERY_ENV_PREFIX}/lib/python3.12/site-packages/humann/quantify/MinPath12hmp.py -any ${ARTICLE19_WORK_DIR}/humann/ERR9765746_MOCK1_humann_temp/tmpk1l19880/tmpmc476am1 -map ${ARTICLE19_WORK_DIR}/humann/ERR9765746_MOCK1_humann_temp/tmpk1l19880/tmp5ymuzizq -report ${ARTICLE19_WORK_DIR}/humann/ERR9765746_MOCK1_humann_temp/tmpk1l19880/tmp8lunu7ib -details ${ARTICLE19_WORK_DIR}/humann/ERR9765746_MOCK1_humann_temp/tmpk1l19880/tmpiiuc1e5e -mps ${ARTICLE19_WORK_DIR}/humann/ERR9765746_MOCK1_humann_temp/tmpk1l19880/tmpbj7jtmai
07/22/2026 04:43:42 AM - humann.utilities - INFO: Execute command: ${BIOBAKERY_ENV_PREFIX}/bin/python ${BIOBAKERY_ENV_PREFIX}/lib/python3.12/site-packages/humann/quantify/MinPath12hmp.py -any ${ARTICLE19_WORK_DIR}/humann/ERR9765746_MOCK1_humann_temp/tmpk1l19880/tmp3bewcn2h -map ${ARTICLE19_WORK_DIR}/humann/ERR9765746_MOCK1_humann_temp/tmpk1l19880/tmp5ymuzizq -report ${ARTICLE19_WORK_DIR}/humann/ERR9765746_MOCK1_humann_temp/tmpk1l19880/tmp5p2gxf3b -details ${ARTICLE19_WORK_DIR}/humann/ERR9765746_MOCK1_humann_temp/tmpk1l19880/tmpvck_t8yo -mps ${ARTICLE19_WORK_DIR}/humann/ERR9765746_MOCK1_humann_temp/tmpk1l19880/tmpqsth8lxa
07/22/2026 04:43:43 AM - humann.utilities - DEBUG: Using python module : ${BIOBAKERY_ENV_PREFIX}/lib/python3.12/site-packages/humann/quantify/MinPath12hmp.py
07/22/2026 04:43:43 AM - humann.utilities - INFO: Execute command: ${BIOBAKERY_ENV_PREFIX}/bin/python ${BIOBAKERY_ENV_PREFIX}/lib/python3.12/site-packages/humann/quantify/MinPath12hmp.py -any ${ARTICLE19_WORK_DIR}/humann/ERR9765746_MOCK1_humann_temp/tmpk1l19880/tmpcetxk3fv -map ${ARTICLE19_WORK_DIR}/humann/ERR9765746_MOCK1_humann_temp/tmpk1l19880/tmp5ymuzizq -report ${ARTICLE19_WORK_DIR}/humann/ERR9765746_MOCK1_humann_temp/tmpk1l19880/tmp43_yljn9 -details ${ARTICLE19_WORK_DIR}/humann/ERR9765746_MOCK1_humann_temp/tmpk1l19880/tmp0hfcfuvn -mps ${ARTICLE19_WORK_DIR}/humann/ERR9765746_MOCK1_humann_temp/tmpk1l19880/tmp4uy4p3yp
07/22/2026 04:43:43 AM - humann.utilities - DEBUG: Using python module : ${BIOBAKERY_ENV_PREFIX}/lib/python3.12/site-packages/humann/quantify/MinPath12hmp.py
07/22/2026 04:43:43 AM - humann.utilities - INFO: Execute command: ${BIOBAKERY_ENV_PREFIX}/bin/python ${BIOBAKERY_ENV_PREFIX}/lib/python3.12/site-packages/humann/quantify/MinPath12hmp.py -any ${ARTICLE19_WORK_DIR}/humann/ERR9765746_MOCK1_humann_temp/tmpk1l19880/tmp9i6a95sc -map ${ARTICLE19_WORK_DIR}/humann/ERR9765746_MOCK1_humann_temp/tmpk1l19880/tmp5ymuzizq -report ${ARTICLE19_WORK_DIR}/humann/ERR9765746_MOCK1_humann_temp/tmpk1l19880/tmpxwxmc0kh -details ${ARTICLE19_WORK_DIR}/humann/ERR9765746_MOCK1_humann_temp/tmpk1l19880/tmpl3hhd_yu -mps ${ARTICLE19_WORK_DIR}/humann/ERR9765746_MOCK1_humann_temp/tmpk1l19880/tmpy1kdcy8x
07/22/2026 04:43:43 AM - humann.utilities - DEBUG: Using python module : ${BIOBAKERY_ENV_PREFIX}/lib/python3.12/site-packages/humann/quantify/MinPath12hmp.py
07/22/2026 04:43:43 AM - humann.utilities - INFO: Execute command: ${BIOBAKERY_ENV_PREFIX}/bin/python ${BIOBAKERY_ENV_PREFIX}/lib/python3.12/site-packages/humann/quantify/MinPath12hmp.py -any ${ARTICLE19_WORK_DIR}/humann/ERR9765746_MOCK1_humann_temp/tmpk1l19880/tmpvb3mo572 -map ${ARTICLE19_WORK_DIR}/humann/ERR9765746_MOCK1_humann_temp/tmpk1l19880/tmp5ymuzizq -report ${ARTICLE19_WORK_DIR}/humann/ERR9765746_MOCK1_humann_temp/tmpk1l19880/tmpf9a37kfs -details ${ARTICLE19_WORK_DIR}/humann/ERR9765746_MOCK1_humann_temp/tmpk1l19880/tmp5bf4oe2k -mps ${ARTICLE19_WORK_DIR}/humann/ERR9765746_MOCK1_humann_temp/tmpk1l19880/tmpl7d_op3i
07/22/2026 04:43:43 AM - humann.utilities - DEBUG: Using python module : ${BIOBAKERY_ENV_PREFIX}/lib/python3.12/site-packages/humann/quantify/MinPath12hmp.py
07/22/2026 04:43:43 AM - humann.utilities - INFO: Execute command: ${BIOBAKERY_ENV_PREFIX}/bin/python ${BIOBAKERY_ENV_PREFIX}/lib/python3.12/site-packages/humann/quantify/MinPath12hmp.py -any ${ARTICLE19_WORK_DIR}/humann/ERR9765746_MOCK1_humann_temp/tmpk1l19880/tmp7qkoun4k -map ${ARTICLE19_WORK_DIR}/humann/ERR9765746_MOCK1_humann_temp/tmpk1l19880/tmp5ymuzizq -report ${ARTICLE19_WORK_DIR}/humann/ERR9765746_MOCK1_humann_temp/tmpk1l19880/tmp72bvboer -details ${ARTICLE19_WORK_DIR}/humann/ERR9765746_MOCK1_humann_temp/tmpk1l19880/tmphm34jtmi -mps ${ARTICLE19_WORK_DIR}/humann/ERR9765746_MOCK1_humann_temp/tmpk1l19880/tmph9ltkx54
07/22/2026 04:43:43 AM - humann.utilities - DEBUG: Using python module : ${BIOBAKERY_ENV_PREFIX}/lib/python3.12/site-packages/humann/quantify/MinPath12hmp.py
07/22/2026 04:43:43 AM - humann.utilities - INFO: Execute command: ${BIOBAKERY_ENV_PREFIX}/bin/python ${BIOBAKERY_ENV_PREFIX}/lib/python3.12/site-packages/humann/quantify/MinPath12hmp.py -any ${ARTICLE19_WORK_DIR}/humann/ERR9765746_MOCK1_humann_temp/tmpk1l19880/tmps11joxbc -map ${ARTICLE19_WORK_DIR}/humann/ERR9765746_MOCK1_humann_temp/tmpk1l19880/tmp5ymuzizq -report ${ARTICLE19_WORK_DIR}/humann/ERR9765746_MOCK1_humann_temp/tmpk1l19880/tmpaz5lygow -details ${ARTICLE19_WORK_DIR}/humann/ERR9765746_MOCK1_humann_temp/tmpk1l19880/tmppuwyuwsv -mps ${ARTICLE19_WORK_DIR}/humann/ERR9765746_MOCK1_humann_temp/tmpk1l19880/tmp4axm7vwj
07/22/2026 04:43:43 AM - humann.utilities - DEBUG: Using python module : ${BIOBAKERY_ENV_PREFIX}/lib/python3.12/site-packages/humann/quantify/MinPath12hmp.py
07/22/2026 04:43:43 AM - humann.utilities - INFO: Execute command: ${BIOBAKERY_ENV_PREFIX}/bin/python ${BIOBAKERY_ENV_PREFIX}/lib/python3.12/site-packages/humann/quantify/MinPath12hmp.py -any ${ARTICLE19_WORK_DIR}/humann/ERR9765746_MOCK1_humann_temp/tmpk1l19880/tmptnxebzi0 -map ${ARTICLE19_WORK_DIR}/humann/ERR9765746_MOCK1_humann_temp/tmpk1l19880/tmp5ymuzizq -report ${ARTICLE19_WORK_DIR}/humann/ERR9765746_MOCK1_humann_temp/tmpk1l19880/tmpq0ovhq4e -details ${ARTICLE19_WORK_DIR}/humann/ERR9765746_MOCK1_humann_temp/tmpk1l19880/tmp9kdky4uo -mps ${ARTICLE19_WORK_DIR}/humann/ERR9765746_MOCK1_humann_temp/tmpk1l19880/tmpe46xqdtt
07/22/2026 04:43:43 AM - humann.utilities - DEBUG: Using python module : ${BIOBAKERY_ENV_PREFIX}/lib/python3.12/site-packages/humann/quantify/MinPath12hmp.py
07/22/2026 04:43:43 AM - humann.utilities - INFO: Execute command: ${BIOBAKERY_ENV_PREFIX}/bin/python ${BIOBAKERY_ENV_PREFIX}/lib/python3.12/site-packages/humann/quantify/MinPath12hmp.py -any ${ARTICLE19_WORK_DIR}/humann/ERR9765746_MOCK1_humann_temp/tmpk1l19880/tmpnqipo84w -map ${ARTICLE19_WORK_DIR}/humann/ERR9765746_MOCK1_humann_temp/tmpk1l19880/tmp5ymuzizq -report ${ARTICLE19_WORK_DIR}/humann/ERR9765746_MOCK1_humann_temp/tmpk1l19880/tmp2iy12o6m -details ${ARTICLE19_WORK_DIR}/humann/ERR9765746_MOCK1_humann_temp/tmpk1l19880/tmpxywrwnri -mps ${ARTICLE19_WORK_DIR}/humann/ERR9765746_MOCK1_humann_temp/tmpk1l19880/tmpb06o5jn1
07/22/2026 04:43:43 AM - humann.utilities - DEBUG: Using python module : ${BIOBAKERY_ENV_PREFIX}/lib/python3.12/site-packages/humann/quantify/MinPath12hmp.py
07/22/2026 04:43:43 AM - humann.utilities - INFO: Execute command: ${BIOBAKERY_ENV_PREFIX}/bin/python ${BIOBAKERY_ENV_PREFIX}/lib/python3.12/site-packages/humann/quantify/MinPath12hmp.py -any ${ARTICLE19_WORK_DIR}/humann/ERR9765746_MOCK1_humann_temp/tmpk1l19880/tmp5b8qn08x -map ${ARTICLE19_WORK_DIR}/humann/ERR9765746_MOCK1_humann_temp/tmpk1l19880/tmp5ymuzizq -report ${ARTICLE19_WORK_DIR}/humann/ERR9765746_MOCK1_humann_temp/tmpk1l19880/tmphq3li3xk -details ${ARTICLE19_WORK_DIR}/humann/ERR9765746_MOCK1_humann_temp/tmpk1l19880/tmpjmnsl6ov -mps ${ARTICLE19_WORK_DIR}/humann/ERR9765746_MOCK1_humann_temp/tmpk1l19880/tmpo6yk6aha
07/22/2026 04:43:43 AM - humann.utilities - DEBUG: Using python module : ${BIOBAKERY_ENV_PREFIX}/lib/python3.12/site-packages/humann/quantify/MinPath12hmp.py
07/22/2026 04:43:43 AM - humann.utilities - INFO: Execute command: ${BIOBAKERY_ENV_PREFIX}/bin/python ${BIOBAKERY_ENV_PREFIX}/lib/python3.12/site-packages/humann/quantify/MinPath12hmp.py -any ${ARTICLE19_WORK_DIR}/humann/ERR9765746_MOCK1_humann_temp/tmpk1l19880/tmpzvyl0ugv -map ${ARTICLE19_WORK_DIR}/humann/ERR9765746_MOCK1_humann_temp/tmpk1l19880/tmp5ymuzizq -report ${ARTICLE19_WORK_DIR}/humann/ERR9765746_MOCK1_humann_temp/tmpk1l19880/tmpivxe14kx -details ${ARTICLE19_WORK_DIR}/humann/ERR9765746_MOCK1_humann_temp/tmpk1l19880/tmplxwt4e4x -mps ${ARTICLE19_WORK_DIR}/humann/ERR9765746_MOCK1_humann_temp/tmpk1l19880/tmpf5py4jw6
07/22/2026 04:43:43 AM - humann.utilities - DEBUG: Using python module : ${BIOBAKERY_ENV_PREFIX}/lib/python3.12/site-packages/humann/quantify/MinPath12hmp.py
07/22/2026 04:43:43 AM - humann.utilities - INFO: Execute command: ${BIOBAKERY_ENV_PREFIX}/bin/python ${BIOBAKERY_ENV_PREFIX}/lib/python3.12/site-packages/humann/quantify/MinPath12hmp.py -any ${ARTICLE19_WORK_DIR}/humann/ERR9765746_MOCK1_humann_temp/tmpk1l19880/tmpnfjdaqiu -map ${ARTICLE19_WORK_DIR}/humann/ERR9765746_MOCK1_humann_temp/tmpk1l19880/tmp5ymuzizq -report ${ARTICLE19_WORK_DIR}/humann/ERR9765746_MOCK1_humann_temp/tmpk1l19880/tmp_4varc_0 -details ${ARTICLE19_WORK_DIR}/humann/ERR9765746_MOCK1_humann_temp/tmpk1l19880/tmp2agrbhp4 -mps ${ARTICLE19_WORK_DIR}/humann/ERR9765746_MOCK1_humann_temp/tmpk1l19880/tmpti95bsgz
07/22/2026 04:43:43 AM - humann.utilities - DEBUG: Using python module : ${BIOBAKERY_ENV_PREFIX}/lib/python3.12/site-packages/humann/quantify/MinPath12hmp.py
07/22/2026 04:43:43 AM - humann.utilities - INFO: Execute command: ${BIOBAKERY_ENV_PREFIX}/bin/python ${BIOBAKERY_ENV_PREFIX}/lib/python3.12/site-packages/humann/quantify/MinPath12hmp.py -any ${ARTICLE19_WORK_DIR}/humann/ERR9765746_MOCK1_humann_temp/tmpk1l19880/tmp38a_vmxv -map ${ARTICLE19_WORK_DIR}/humann/ERR9765746_MOCK1_humann_temp/tmpk1l19880/tmp5ymuzizq -report ${ARTICLE19_WORK_DIR}/humann/ERR9765746_MOCK1_humann_temp/tmpk1l19880/tmpku7e3ciu -details ${ARTICLE19_WORK_DIR}/humann/ERR9765746_MOCK1_humann_temp/tmpk1l19880/tmpaqo778f6 -mps ${ARTICLE19_WORK_DIR}/humann/ERR9765746_MOCK1_humann_temp/tmpk1l19880/tmpq6lk22e2
07/22/2026 04:43:43 AM - humann.utilities - DEBUG: Using python module : ${BIOBAKERY_ENV_PREFIX}/lib/python3.12/site-packages/humann/quantify/MinPath12hmp.py
07/22/2026 04:43:43 AM - humann.utilities - INFO: Execute command: ${BIOBAKERY_ENV_PREFIX}/bin/python ${BIOBAKERY_ENV_PREFIX}/lib/python3.12/site-packages/humann/quantify/MinPath12hmp.py -any ${ARTICLE19_WORK_DIR}/humann/ERR9765746_MOCK1_humann_temp/tmpk1l19880/tmp1gkrvgxq -map ${ARTICLE19_WORK_DIR}/humann/ERR9765746_MOCK1_humann_temp/tmpk1l19880/tmp5ymuzizq -report ${ARTICLE19_WORK_DIR}/humann/ERR9765746_MOCK1_humann_temp/tmpk1l19880/tmp75gci48e -details ${ARTICLE19_WORK_DIR}/humann/ERR9765746_MOCK1_humann_temp/tmpk1l19880/tmp6se1xjkc -mps ${ARTICLE19_WORK_DIR}/humann/ERR9765746_MOCK1_humann_temp/tmpk1l19880/tmp8mkruyq4
07/22/2026 04:43:43 AM - humann.utilities - DEBUG: Using python module : ${BIOBAKERY_ENV_PREFIX}/lib/python3.12/site-packages/humann/quantify/MinPath12hmp.py
07/22/2026 04:43:43 AM - humann.utilities - INFO: Execute command: ${BIOBAKERY_ENV_PREFIX}/bin/python ${BIOBAKERY_ENV_PREFIX}/lib/python3.12/site-packages/humann/quantify/MinPath12hmp.py -any ${ARTICLE19_WORK_DIR}/humann/ERR9765746_MOCK1_humann_temp/tmpk1l19880/tmp21tofwtm -map ${ARTICLE19_WORK_DIR}/humann/ERR9765746_MOCK1_humann_temp/tmpk1l19880/tmp5ymuzizq -report ${ARTICLE19_WORK_DIR}/humann/ERR9765746_MOCK1_humann_temp/tmpk1l19880/tmpfxsh5vj1 -details ${ARTICLE19_WORK_DIR}/humann/ERR9765746_MOCK1_humann_temp/tmpk1l19880/tmpjjd6yhw1 -mps ${ARTICLE19_WORK_DIR}/humann/ERR9765746_MOCK1_humann_temp/tmpk1l19880/tmpz4n852uu
07/22/2026 04:43:43 AM - humann.utilities - DEBUG: Using python module : ${BIOBAKERY_ENV_PREFIX}/lib/python3.12/site-packages/humann/quantify/MinPath12hmp.py
07/22/2026 04:43:43 AM - humann.utilities - INFO: Execute command: ${BIOBAKERY_ENV_PREFIX}/bin/python ${BIOBAKERY_ENV_PREFIX}/lib/python3.12/site-packages/humann/quantify/MinPath12hmp.py -any ${ARTICLE19_WORK_DIR}/humann/ERR9765746_MOCK1_humann_temp/tmpk1l19880/tmpmy3ynihr -map ${ARTICLE19_WORK_DIR}/humann/ERR9765746_MOCK1_humann_temp/tmpk1l19880/tmp5ymuzizq -report ${ARTICLE19_WORK_DIR}/humann/ERR9765746_MOCK1_humann_temp/tmpk1l19880/tmpeal_ggm0 -details ${ARTICLE19_WORK_DIR}/humann/ERR9765746_MOCK1_humann_temp/tmpk1l19880/tmp4ccrapzz -mps ${ARTICLE19_WORK_DIR}/humann/ERR9765746_MOCK1_humann_temp/tmpk1l19880/tmpsvuta8hu
07/22/2026 04:43:43 AM - humann.utilities - DEBUG: Using python module : ${BIOBAKERY_ENV_PREFIX}/lib/python3.12/site-packages/humann/quantify/MinPath12hmp.py
07/22/2026 04:43:43 AM - humann.utilities - INFO: Execute command: ${BIOBAKERY_ENV_PREFIX}/bin/python ${BIOBAKERY_ENV_PREFIX}/lib/python3.12/site-packages/humann/quantify/MinPath12hmp.py -any ${ARTICLE19_WORK_DIR}/humann/ERR9765746_MOCK1_humann_temp/tmpk1l19880/tmp1vf5790a -map ${ARTICLE19_WORK_DIR}/humann/ERR9765746_MOCK1_humann_temp/tmpk1l19880/tmp5ymuzizq -report ${ARTICLE19_WORK_DIR}/humann/ERR9765746_MOCK1_humann_temp/tmpk1l19880/tmp9v9bgo_y -details ${ARTICLE19_WORK_DIR}/humann/ERR9765746_MOCK1_humann_temp/tmpk1l19880/tmpv_yoqtm_ -mps ${ARTICLE19_WORK_DIR}/humann/ERR9765746_MOCK1_humann_temp/tmpk1l19880/tmpa3y6es3d
07/22/2026 04:43:43 AM - humann.utilities - DEBUG: Using python module : ${BIOBAKERY_ENV_PREFIX}/lib/python3.12/site-packages/humann/quantify/MinPath12hmp.py
07/22/2026 04:43:43 AM - humann.utilities - INFO: Execute command: ${BIOBAKERY_ENV_PREFIX}/bin/python ${BIOBAKERY_ENV_PREFIX}/lib/python3.12/site-packages/humann/quantify/MinPath12hmp.py -any ${ARTICLE19_WORK_DIR}/humann/ERR9765746_MOCK1_humann_temp/tmpk1l19880/tmpph_80t_l -map ${ARTICLE19_WORK_DIR}/humann/ERR9765746_MOCK1_humann_temp/tmpk1l19880/tmp5ymuzizq -report ${ARTICLE19_WORK_DIR}/humann/ERR9765746_MOCK1_humann_temp/tmpk1l19880/tmpxn_ceo8x -details ${ARTICLE19_WORK_DIR}/humann/ERR9765746_MOCK1_humann_temp/tmpk1l19880/tmp16uwkl8o -mps ${ARTICLE19_WORK_DIR}/humann/ERR9765746_MOCK1_humann_temp/tmpk1l19880/tmpt7b5og0u
07/22/2026 04:43:44 AM - humann.utilities - DEBUG: Using python module : ${BIOBAKERY_ENV_PREFIX}/lib/python3.12/site-packages/humann/quantify/MinPath12hmp.py
07/22/2026 04:43:44 AM - humann.utilities - INFO: Execute command: ${BIOBAKERY_ENV_PREFIX}/bin/python ${BIOBAKERY_ENV_PREFIX}/lib/python3.12/site-packages/humann/quantify/MinPath12hmp.py -any ${ARTICLE19_WORK_DIR}/humann/ERR9765746_MOCK1_humann_temp/tmpk1l19880/tmpvc3qvmvb -map ${ARTICLE19_WORK_DIR}/humann/ERR9765746_MOCK1_humann_temp/tmpk1l19880/tmp5ymuzizq -report ${ARTICLE19_WORK_DIR}/humann/ERR9765746_MOCK1_humann_temp/tmpk1l19880/tmp4j0vzt79 -details ${ARTICLE19_WORK_DIR}/humann/ERR9765746_MOCK1_humann_temp/tmpk1l19880/tmpytni33m9 -mps ${ARTICLE19_WORK_DIR}/humann/ERR9765746_MOCK1_humann_temp/tmpk1l19880/tmp0uyohabk
07/22/2026 04:43:44 AM - humann.utilities - DEBUG: Using python module : ${BIOBAKERY_ENV_PREFIX}/lib/python3.12/site-packages/humann/quantify/MinPath12hmp.py
07/22/2026 04:43:44 AM - humann.utilities - INFO: Execute command: ${BIOBAKERY_ENV_PREFIX}/bin/python ${BIOBAKERY_ENV_PREFIX}/lib/python3.12/site-packages/humann/quantify/MinPath12hmp.py -any ${ARTICLE19_WORK_DIR}/humann/ERR9765746_MOCK1_humann_temp/tmpk1l19880/tmpxhftus2m -map ${ARTICLE19_WORK_DIR}/humann/ERR9765746_MOCK1_humann_temp/tmpk1l19880/tmp5ymuzizq -report ${ARTICLE19_WORK_DIR}/humann/ERR9765746_MOCK1_humann_temp/tmpk1l19880/tmp18knm0n1 -details ${ARTICLE19_WORK_DIR}/humann/ERR9765746_MOCK1_humann_temp/tmpk1l19880/tmpi88tdzqh -mps ${ARTICLE19_WORK_DIR}/humann/ERR9765746_MOCK1_humann_temp/tmpk1l19880/tmpoyxzhfo_
07/22/2026 04:43:44 AM - humann.utilities - DEBUG: Using python module : ${BIOBAKERY_ENV_PREFIX}/lib/python3.12/site-packages/humann/quantify/MinPath12hmp.py
07/22/2026 04:43:44 AM - humann.utilities - INFO: Execute command: ${BIOBAKERY_ENV_PREFIX}/bin/python ${BIOBAKERY_ENV_PREFIX}/lib/python3.12/site-packages/humann/quantify/MinPath12hmp.py -any ${ARTICLE19_WORK_DIR}/humann/ERR9765746_MOCK1_humann_temp/tmpk1l19880/tmpil6flohv -map ${ARTICLE19_WORK_DIR}/humann/ERR9765746_MOCK1_humann_temp/tmpk1l19880/tmp5ymuzizq -report ${ARTICLE19_WORK_DIR}/humann/ERR9765746_MOCK1_humann_temp/tmpk1l19880/tmpikudlwkc -details ${ARTICLE19_WORK_DIR}/humann/ERR9765746_MOCK1_humann_temp/tmpk1l19880/tmpp3ds3goh -mps ${ARTICLE19_WORK_DIR}/humann/ERR9765746_MOCK1_humann_temp/tmpk1l19880/tmp5xk7zkjx
07/22/2026 04:43:44 AM - humann.utilities - DEBUG: Using python module : ${BIOBAKERY_ENV_PREFIX}/lib/python3.12/site-packages/humann/quantify/MinPath12hmp.py
07/22/2026 04:43:44 AM - humann.utilities - INFO: Execute command: ${BIOBAKERY_ENV_PREFIX}/bin/python ${BIOBAKERY_ENV_PREFIX}/lib/python3.12/site-packages/humann/quantify/MinPath12hmp.py -any ${ARTICLE19_WORK_DIR}/humann/ERR9765746_MOCK1_humann_temp/tmpk1l19880/tmpikvem2x5 -map ${ARTICLE19_WORK_DIR}/humann/ERR9765746_MOCK1_humann_temp/tmpk1l19880/tmp5ymuzizq -report ${ARTICLE19_WORK_DIR}/humann/ERR9765746_MOCK1_humann_temp/tmpk1l19880/tmpveik96y1 -details ${ARTICLE19_WORK_DIR}/humann/ERR9765746_MOCK1_humann_temp/tmpk1l19880/tmpfqbafp0o -mps ${ARTICLE19_WORK_DIR}/humann/ERR9765746_MOCK1_humann_temp/tmpk1l19880/tmpmi9poxe7
07/22/2026 04:43:44 AM - humann.utilities - DEBUG: Using python module : ${BIOBAKERY_ENV_PREFIX}/lib/python3.12/site-packages/humann/quantify/MinPath12hmp.py
07/22/2026 04:43:44 AM - humann.utilities - INFO: Execute command: ${BIOBAKERY_ENV_PREFIX}/bin/python ${BIOBAKERY_ENV_PREFIX}/lib/python3.12/site-packages/humann/quantify/MinPath12hmp.py -any ${ARTICLE19_WORK_DIR}/humann/ERR9765746_MOCK1_humann_temp/tmpk1l19880/tmpkmd7lq3x -map ${ARTICLE19_WORK_DIR}/humann/ERR9765746_MOCK1_humann_temp/tmpk1l19880/tmp5ymuzizq -report ${ARTICLE19_WORK_DIR}/humann/ERR9765746_MOCK1_humann_temp/tmpk1l19880/tmpqhalpien -details ${ARTICLE19_WORK_DIR}/humann/ERR9765746_MOCK1_humann_temp/tmpk1l19880/tmpwtkhpl5n -mps ${ARTICLE19_WORK_DIR}/humann/ERR9765746_MOCK1_humann_temp/tmpk1l19880/tmp085d1kbe
07/22/2026 04:43:44 AM - humann.utilities - DEBUG: Using python module : ${BIOBAKERY_ENV_PREFIX}/lib/python3.12/site-packages/humann/quantify/MinPath12hmp.py
07/22/2026 04:43:44 AM - humann.utilities - INFO: Execute command: ${BIOBAKERY_ENV_PREFIX}/bin/python ${BIOBAKERY_ENV_PREFIX}/lib/python3.12/site-packages/humann/quantify/MinPath12hmp.py -any ${ARTICLE19_WORK_DIR}/humann/ERR9765746_MOCK1_humann_temp/tmpk1l19880/tmpy45kz1mz -map ${ARTICLE19_WORK_DIR}/humann/ERR9765746_MOCK1_humann_temp/tmpk1l19880/tmp5ymuzizq -report ${ARTICLE19_WORK_DIR}/humann/ERR9765746_MOCK1_humann_temp/tmpk1l19880/tmp__g_mhi5 -details ${ARTICLE19_WORK_DIR}/humann/ERR9765746_MOCK1_humann_temp/tmpk1l19880/tmp7iznog6w -mps ${ARTICLE19_WORK_DIR}/humann/ERR9765746_MOCK1_humann_temp/tmpk1l19880/tmpw0jvde6g
07/22/2026 04:43:44 AM - humann.utilities - DEBUG: Using python module : ${BIOBAKERY_ENV_PREFIX}/lib/python3.12/site-packages/humann/quantify/MinPath12hmp.py
07/22/2026 04:43:44 AM - humann.utilities - INFO: Execute command: ${BIOBAKERY_ENV_PREFIX}/bin/python ${BIOBAKERY_ENV_PREFIX}/lib/python3.12/site-packages/humann/quantify/MinPath12hmp.py -any ${ARTICLE19_WORK_DIR}/humann/ERR9765746_MOCK1_humann_temp/tmpk1l19880/tmpmg_btg1a -map ${ARTICLE19_WORK_DIR}/humann/ERR9765746_MOCK1_humann_temp/tmpk1l19880/tmp5ymuzizq -report ${ARTICLE19_WORK_DIR}/humann/ERR9765746_MOCK1_humann_temp/tmpk1l19880/tmpuzjhqive -details ${ARTICLE19_WORK_DIR}/humann/ERR9765746_MOCK1_humann_temp/tmpk1l19880/tmpaj0zo71b -mps ${ARTICLE19_WORK_DIR}/humann/ERR9765746_MOCK1_humann_temp/tmpk1l19880/tmpxszocw1g
07/22/2026 04:43:44 AM - humann.utilities - DEBUG: Using python module : ${BIOBAKERY_ENV_PREFIX}/lib/python3.12/site-packages/humann/quantify/MinPath12hmp.py
07/22/2026 04:43:44 AM - humann.utilities - INFO: Execute command: ${BIOBAKERY_ENV_PREFIX}/bin/python ${BIOBAKERY_ENV_PREFIX}/lib/python3.12/site-packages/humann/quantify/MinPath12hmp.py -any ${ARTICLE19_WORK_DIR}/humann/ERR9765746_MOCK1_humann_temp/tmpk1l19880/tmpu3qvnaup -map ${ARTICLE19_WORK_DIR}/humann/ERR9765746_MOCK1_humann_temp/tmpk1l19880/tmp5ymuzizq -report ${ARTICLE19_WORK_DIR}/humann/ERR9765746_MOCK1_humann_temp/tmpk1l19880/tmpe93fs6en -details ${ARTICLE19_WORK_DIR}/humann/ERR9765746_MOCK1_humann_temp/tmpk1l19880/tmpb5t5pwqq -mps ${ARTICLE19_WORK_DIR}/humann/ERR9765746_MOCK1_humann_temp/tmpk1l19880/tmpnsaahxj0
07/22/2026 04:43:45 AM - humann.utilities - DEBUG: Using python module : ${BIOBAKERY_ENV_PREFIX}/lib/python3.12/site-packages/humann/quantify/MinPath12hmp.py
07/22/2026 04:43:45 AM - humann.utilities - INFO: Execute command: ${BIOBAKERY_ENV_PREFIX}/bin/python ${BIOBAKERY_ENV_PREFIX}/lib/python3.12/site-packages/humann/quantify/MinPath12hmp.py -any ${ARTICLE19_WORK_DIR}/humann/ERR9765746_MOCK1_humann_temp/tmpk1l19880/tmpl15cptck -map ${ARTICLE19_WORK_DIR}/humann/ERR9765746_MOCK1_humann_temp/tmpk1l19880/tmp5ymuzizq -report ${ARTICLE19_WORK_DIR}/humann/ERR9765746_MOCK1_humann_temp/tmpk1l19880/tmpbzrsug0_ -details ${ARTICLE19_WORK_DIR}/humann/ERR9765746_MOCK1_humann_temp/tmpk1l19880/tmp_rjgduto -mps ${ARTICLE19_WORK_DIR}/humann/ERR9765746_MOCK1_humann_temp/tmpk1l19880/tmp39v9mliw
07/22/2026 04:43:45 AM - humann.utilities - DEBUG: Using python module : ${BIOBAKERY_ENV_PREFIX}/lib/python3.12/site-packages/humann/quantify/MinPath12hmp.py
07/22/2026 04:43:45 AM - humann.utilities - INFO: Execute command: ${BIOBAKERY_ENV_PREFIX}/bin/python ${BIOBAKERY_ENV_PREFIX}/lib/python3.12/site-packages/humann/quantify/MinPath12hmp.py -any ${ARTICLE19_WORK_DIR}/humann/ERR9765746_MOCK1_humann_temp/tmpk1l19880/tmpwgzzt_00 -map ${ARTICLE19_WORK_DIR}/humann/ERR9765746_MOCK1_humann_temp/tmpk1l19880/tmp5ymuzizq -report ${ARTICLE19_WORK_DIR}/humann/ERR9765746_MOCK1_humann_temp/tmpk1l19880/tmpg_hc4jaz -details ${ARTICLE19_WORK_DIR}/humann/ERR9765746_MOCK1_humann_temp/tmpk1l19880/tmpf01nx5vo -mps ${ARTICLE19_WORK_DIR}/humann/ERR9765746_MOCK1_humann_temp/tmpk1l19880/tmp2ab98xyh
07/22/2026 04:43:45 AM - humann.utilities - DEBUG: Using python module : ${BIOBAKERY_ENV_PREFIX}/lib/python3.12/site-packages/humann/quantify/MinPath12hmp.py
07/22/2026 04:43:45 AM - humann.utilities - INFO: Execute command: ${BIOBAKERY_ENV_PREFIX}/bin/python ${BIOBAKERY_ENV_PREFIX}/lib/python3.12/site-packages/humann/quantify/MinPath12hmp.py -any ${ARTICLE19_WORK_DIR}/humann/ERR9765746_MOCK1_humann_temp/tmpk1l19880/tmpmw3_dgq2 -map ${ARTICLE19_WORK_DIR}/humann/ERR9765746_MOCK1_humann_temp/tmpk1l19880/tmp5ymuzizq -report ${ARTICLE19_WORK_DIR}/humann/ERR9765746_MOCK1_humann_temp/tmpk1l19880/tmpbkw_d5th -details ${ARTICLE19_WORK_DIR}/humann/ERR9765746_MOCK1_humann_temp/tmpk1l19880/tmpm3k4_ymj -mps ${ARTICLE19_WORK_DIR}/humann/ERR9765746_MOCK1_humann_temp/tmpk1l19880/tmpqcmyp4er
07/22/2026 04:43:46 AM - humann.quantify.modules - DEBUG: Compute pathway abundance for bug: g__Thermotoga.s__Thermotoga_petrophila
07/22/2026 04:43:46 AM - humann.quantify.modules - DEBUG: Compute pathway abundance for bug: g__Caldicellulosiruptor.s__Caldicellulosiruptor_saccharolyticus
07/22/2026 04:43:46 AM - humann.quantify.modules - DEBUG: Compute pathway abundance for bug: g__Methanobrevibacter.s__Methanobrevibacter_oralis
07/22/2026 04:43:46 AM - humann.quantify.modules - DEBUG: Compute pathway abundance for bug: g__Persephonella.s__Persephonella_marina
07/22/2026 04:43:46 AM - humann.quantify.modules - DEBUG: Compute pathway abundance for bug: g__Methanocaldococcus.s__Methanocaldococcus_jannaschii
07/22/2026 04:43:46 AM - humann.quantify.modules - DEBUG: Compute pathway abundance for bug: g__Thermoanaerobacter.s__Thermoanaerobacter_pseudethanolicus
07/22/2026 04:43:46 AM - humann.quantify.modules - DEBUG: Compute pathway abundance for bug: g__Nitrosomonas.s__Nitrosomonas_europaea
07/22/2026 04:43:46 AM - humann.quantify.modules - DEBUG: Compute pathway abundance for bug: g__Methanothermus.s__Methanothermus_fervidus
07/22/2026 04:43:46 AM - humann.quantify.modules - DEBUG: Compute pathway abundance for bug: g__Thermotoga.s__Thermotoga_neapolitana
07/22/2026 04:43:46 AM - humann.quantify.modules - DEBUG: Compute pathway abundance for bug: g__Herpetosiphon.s__Herpetosiphon_aurantiacus
07/22/2026 04:43:46 AM - humann.quantify.modules - DEBUG: Compute pathway abundance for bug: g__Gemmatimonas.s__Gemmatimonas_aurantiaca
07/22/2026 04:43:46 AM - humann.quantify.modules - DEBUG: Compute pathway abundance for bug: g__Shewanella.s__Shewanella_sp_Pdp11
07/22/2026 04:43:46 AM - humann.quantify.modules - DEBUG: Compute pathway abundance for bug: g__Shewanella.s__Shewanella_baltica
07/22/2026 04:43:46 AM - humann.quantify.modules - DEBUG: Compute pathway abundance for bug: g__Chlorobium.s__Chlorobium_phaeovibrioides
07/22/2026 04:43:46 AM - humann.quantify.modules - DEBUG: Compute pathway abundance for bug: g__Chlorobium.s__Chlorobium_limicola
07/22/2026 04:43:46 AM - humann.quantify.modules - DEBUG: Compute pathway abundance for bug: g__Desulfobulbus.s__Desulfobulbus_oralis
07/22/2026 04:43:46 AM - humann.quantify.modules - DEBUG: Compute pathway abundance for bug: g__Rhodopirellula.s__Rhodopirellula_baltica
07/22/2026 04:43:46 AM - humann.quantify.modules - DEBUG: Compute pathway abundance for bug: g__Pyrococcus.s__Pyrococcus_horikoshii
07/22/2026 04:43:46 AM - humann.quantify.modules - DEBUG: Compute pathway abundance for bug: g__Halobacterium.s__Halobacterium_salinarum
07/22/2026 04:43:46 AM - humann.quantify.modules - DEBUG: Compute pathway abundance for bug: g__Porphyromonas.s__Porphyromonas_gingivalis
07/22/2026 04:43:46 AM - humann.quantify.modules - DEBUG: Compute pathway abundance for bug: g__Chlorobium.s__Chlorobium_phaeobacteroides
07/22/2026 04:43:46 AM - humann.quantify.modules - DEBUG: Compute pathway abundance for bug: g__Ignicoccus.s__Ignicoccus_hospitalis
07/22/2026 04:43:46 AM - humann.quantify.modules - DEBUG: Compute pathway abundance for bug: g__Thermotoga.s__Thermotoga_maritima
07/22/2026 04:43:46 AM - humann.quantify.modules - DEBUG: Compute pathway abundance for bug: g__Shewanella.s__Shewanella_putrefaciens
07/22/2026 04:43:46 AM - humann.quantify.modules - DEBUG: Compute pathway abundance for bug: g__Trichormus.s__Trichormus_variabilis
07/22/2026 04:43:46 AM - humann.quantify.modules - DEBUG: Compute pathway abundance for bug: g__Nanoarchaeum.s__Nanoarchaeum_equitans
07/22/2026 04:43:46 AM - humann.quantify.modules - DEBUG: Compute pathway abundance for bug: g__Ignicoccus.s__Ignicoccus_islandicus
07/22/2026 04:43:46 AM - humann.quantify.modules - DEBUG: Compute pathway abundance for bug: g__Thermoanaerobacter.s__Thermoanaerobacter_thermohydrosulfuricus
07/22/2026 04:43:46 AM - humann.quantify.modules - DEBUG: Compute pathway abundance for bug: g__Wolinella.s__Wolinella_succinogenes
07/22/2026 04:43:46 AM - humann.quantify.modules - DEBUG: Compute pathway abundance for bug: g__Thermoanaerobacter.s__Thermoanaerobacter_siderophilus
07/22/2026 04:43:46 AM - humann.quantify.modules - DEBUG: Compute pathway abundance for bug: g__Methanococcus.s__Methanococcus_maripaludis
07/22/2026 04:43:46 AM - humann.quantify.modules - DEBUG: Compute pathway abundance for bug: g__Thermoanaerobacter.s__Thermoanaerobacter_wiegelii
07/22/2026 04:43:46 AM - humann.quantify.modules - DEBUG: Compute pathway abundance for bug: g__Fusobacterium.s__Fusobacterium_nucleatum
07/22/2026 04:43:46 AM - humann.quantify.modules - DEBUG: Compute pathway abundance for bug: g__Pyrobaculum.s__Pyrobaculum_calidifontis
07/22/2026 04:43:46 AM - humann.quantify.modules - DEBUG: Compute pathway abundance for bug: g__Chloroflexus.s__Chloroflexus_aurantiacus
07/22/2026 04:43:46 AM - humann.quantify.modules - DEBUG: Compute pathway abundance for bug: g__Methanopyrus.s__Methanopyrus_kandleri
07/22/2026 04:43:46 AM - humann.quantify.modules - DEBUG: Compute pathway abundance for bug: unclassified
07/22/2026 04:43:46 AM - humann.quantify.modules - DEBUG: Compute pathway abundance for bug: all
07/22/2026 04:43:49 AM - humann.quantify.modules - DEBUG: Compute pathway coverage for bug: g__Thermotoga.s__Thermotoga_petrophila
07/22/2026 04:43:49 AM - humann.quantify.modules - DEBUG: Compute pathway coverage for bug: g__Caldicellulosiruptor.s__Caldicellulosiruptor_saccharolyticus
07/22/2026 04:43:49 AM - humann.quantify.modules - DEBUG: Compute pathway coverage for bug: g__Methanobrevibacter.s__Methanobrevibacter_oralis
07/22/2026 04:43:49 AM - humann.quantify.modules - DEBUG: Compute pathway coverage for bug: g__Persephonella.s__Persephonella_marina
07/22/2026 04:43:49 AM - humann.quantify.modules - DEBUG: Compute pathway coverage for bug: g__Methanocaldococcus.s__Methanocaldococcus_jannaschii
07/22/2026 04:43:49 AM - humann.quantify.modules - DEBUG: Compute pathway coverage for bug: g__Thermoanaerobacter.s__Thermoanaerobacter_pseudethanolicus
07/22/2026 04:43:49 AM - humann.quantify.modules - DEBUG: Compute pathway coverage for bug: g__Nitrosomonas.s__Nitrosomonas_europaea
07/22/2026 04:43:49 AM - humann.quantify.modules - DEBUG: Compute pathway coverage for bug: g__Methanothermus.s__Methanothermus_fervidus
07/22/2026 04:43:49 AM - humann.quantify.modules - DEBUG: Compute pathway coverage for bug: g__Thermotoga.s__Thermotoga_neapolitana
07/22/2026 04:43:49 AM - humann.quantify.modules - DEBUG: Compute pathway coverage for bug: g__Herpetosiphon.s__Herpetosiphon_aurantiacus
07/22/2026 04:43:49 AM - humann.quantify.modules - DEBUG: Compute pathway coverage for bug: g__Gemmatimonas.s__Gemmatimonas_aurantiaca
07/22/2026 04:43:49 AM - humann.quantify.modules - DEBUG: Compute pathway coverage for bug: g__Shewanella.s__Shewanella_sp_Pdp11
07/22/2026 04:43:49 AM - humann.quantify.modules - DEBUG: Compute pathway coverage for bug: g__Shewanella.s__Shewanella_baltica
07/22/2026 04:43:49 AM - humann.quantify.modules - DEBUG: Compute pathway coverage for bug: g__Chlorobium.s__Chlorobium_phaeovibrioides
07/22/2026 04:43:49 AM - humann.quantify.modules - DEBUG: Compute pathway coverage for bug: g__Chlorobium.s__Chlorobium_limicola
07/22/2026 04:43:49 AM - humann.quantify.modules - DEBUG: Compute pathway coverage for bug: g__Desulfobulbus.s__Desulfobulbus_oralis
07/22/2026 04:43:49 AM - humann.quantify.modules - DEBUG: Compute pathway coverage for bug: g__Rhodopirellula.s__Rhodopirellula_baltica
07/22/2026 04:43:49 AM - humann.quantify.modules - DEBUG: Compute pathway coverage for bug: g__Pyrococcus.s__Pyrococcus_horikoshii
07/22/2026 04:43:49 AM - humann.quantify.modules - DEBUG: Compute pathway coverage for bug: g__Halobacterium.s__Halobacterium_salinarum
07/22/2026 04:43:49 AM - humann.quantify.modules - DEBUG: Compute pathway coverage for bug: g__Porphyromonas.s__Porphyromonas_gingivalis
07/22/2026 04:43:49 AM - humann.quantify.modules - DEBUG: Compute pathway coverage for bug: g__Chlorobium.s__Chlorobium_phaeobacteroides
07/22/2026 04:43:49 AM - humann.quantify.modules - DEBUG: Compute pathway coverage for bug: g__Ignicoccus.s__Ignicoccus_hospitalis
07/22/2026 04:43:49 AM - humann.quantify.modules - DEBUG: Compute pathway coverage for bug: g__Thermotoga.s__Thermotoga_maritima
07/22/2026 04:43:49 AM - humann.quantify.modules - DEBUG: Compute pathway coverage for bug: g__Shewanella.s__Shewanella_putrefaciens
07/22/2026 04:43:49 AM - humann.quantify.modules - DEBUG: Compute pathway coverage for bug: g__Trichormus.s__Trichormus_variabilis
07/22/2026 04:43:49 AM - humann.quantify.modules - DEBUG: Compute pathway coverage for bug: g__Nanoarchaeum.s__Nanoarchaeum_equitans
07/22/2026 04:43:49 AM - humann.quantify.modules - DEBUG: Compute pathway coverage for bug: g__Ignicoccus.s__Ignicoccus_islandicus
07/22/2026 04:43:49 AM - humann.quantify.modules - DEBUG: Compute pathway coverage for bug: g__Thermoanaerobacter.s__Thermoanaerobacter_thermohydrosulfuricus
07/22/2026 04:43:49 AM - humann.quantify.modules - DEBUG: Compute pathway coverage for bug: g__Wolinella.s__Wolinella_succinogenes
07/22/2026 04:43:49 AM - humann.quantify.modules - DEBUG: Compute pathway coverage for bug: g__Thermoanaerobacter.s__Thermoanaerobacter_siderophilus
07/22/2026 04:43:49 AM - humann.quantify.modules - DEBUG: Compute pathway coverage for bug: g__Methanococcus.s__Methanococcus_maripaludis
07/22/2026 04:43:49 AM - humann.quantify.modules - DEBUG: Compute pathway coverage for bug: g__Thermoanaerobacter.s__Thermoanaerobacter_wiegelii
07/22/2026 04:43:49 AM - humann.quantify.modules - DEBUG: Compute pathway coverage for bug: g__Fusobacterium.s__Fusobacterium_nucleatum
07/22/2026 04:43:49 AM - humann.quantify.modules - DEBUG: Compute pathway coverage for bug: g__Pyrobaculum.s__Pyrobaculum_calidifontis
07/22/2026 04:43:49 AM - humann.quantify.modules - DEBUG: Compute pathway coverage for bug: g__Chloroflexus.s__Chloroflexus_aurantiacus
07/22/2026 04:43:49 AM - humann.quantify.modules - DEBUG: Compute pathway coverage for bug: g__Methanopyrus.s__Methanopyrus_kandleri
07/22/2026 04:43:49 AM - humann.quantify.modules - DEBUG: Compute pathway coverage for bug: unclassified
07/22/2026 04:43:49 AM - humann.quantify.modules - DEBUG: Compute pathway coverage for bug: all
07/22/2026 04:43:49 AM - humann.quantify.modules - DEBUG: Print pathways _Abundance
07/22/2026 04:43:49 AM - humann.quantify.modules - DEBUG: Print pathways _Coverage
07/22/2026 04:43:49 AM - humann.humann - INFO: TIMESTAMP: Completed 	computing pathways 	:	 49	 seconds
07/22/2026 04:43:49 AM - humann.humann - INFO: 
Output files created: 
${ARTICLE19_WORK_DIR}/humann/ERR9765746_MOCK1_genefamilies.tsv
${ARTICLE19_WORK_DIR}/humann/ERR9765746_MOCK1_pathabundance.tsv
${ARTICLE19_WORK_DIR}/humann/ERR9765746_MOCK1_pathcoverage.tsv

07/22/2026 04:43:49 AM - humann.utilities - DEBUG: Remove directory: ${ARTICLE19_WORK_DIR}/humann/ERR9765746_MOCK1_humann_temp/tmpk1l19880
