Command line: ${HOME}/miniconda3/envs/metagenome-assembly-2026.07/bin/metaspades.py	--only-assembler	-1	${ARTICLE30_RAW_DIR}/clean/ERR9765746_clean_R1.fastq.gz	-1	${ARTICLE30_RAW_DIR}/clean/ERR9765747_clean_R1.fastq.gz	-2	${ARTICLE30_RAW_DIR}/clean/ERR9765746_clean_R2.fastq.gz	-2	${ARTICLE30_RAW_DIR}/clean/ERR9765747_clean_R2.fastq.gz	-t	16	-m	64	-o	${ARTICLE30_WORK_DIR}/assemblies/metaspades-coassembly	

System information:
  SPAdes version: 4.3.0
  Python version: 3.10.20
  OS: Linux-6.8.0-49-generic-x86_64-with-glibc2.35

Output dir: ${ARTICLE30_WORK_DIR}/assemblies/metaspades-coassembly
Mode: ONLY assembling (without read error correction)
Debug mode is turned OFF

Dataset parameters:
  Metagenomic mode
  Reads:
    Library number: 1, library type: paired-end
      orientation: fr
      left reads: ['${ARTICLE30_RAW_DIR}/clean/ERR9765746_clean_R1.fastq.gz', '${ARTICLE30_RAW_DIR}/clean/ERR9765747_clean_R1.fastq.gz']
      right reads: ['${ARTICLE30_RAW_DIR}/clean/ERR9765746_clean_R2.fastq.gz', '${ARTICLE30_RAW_DIR}/clean/ERR9765747_clean_R2.fastq.gz']
      interlaced reads: not specified
      single reads: not specified
      merged reads: not specified
Assembly parameters:
  k: [21, 33, 55]
  Repeat resolution is enabled
  Mismatch careful mode is turned OFF
  MismatchCorrector will be SKIPPED
  Coverage cutoff is turned OFF
  Assembly graph output will use GFA v1.2 format
Other parameters:
  Dir for temp files: ${ARTICLE30_WORK_DIR}/assemblies/metaspades-coassembly/tmp
  Threads: 16
  Memory limit (in Gb): 64


======= SPAdes pipeline started. Log can be found here: ${ARTICLE30_WORK_DIR}/assemblies/metaspades-coassembly/spades.log

${ARTICLE30_RAW_DIR}/clean/ERR9765746_clean_R1.fastq.gz: max reads length: 150
${ARTICLE30_RAW_DIR}/clean/ERR9765747_clean_R1.fastq.gz: max reads length: 150
${ARTICLE30_RAW_DIR}/clean/ERR9765746_clean_R2.fastq.gz: max reads length: 150
${ARTICLE30_RAW_DIR}/clean/ERR9765747_clean_R2.fastq.gz: max reads length: 150

Reads length: 150


===== Before start started. 


===== Assembling started. 


===== K21 started. 


== Running: ${HOME}/miniconda3/envs/metagenome-assembly-2026.07/bin/spades-core ${ARTICLE30_WORK_DIR}/assemblies/metaspades-coassembly/K21/configs/config.info ${ARTICLE30_WORK_DIR}/assemblies/metaspades-coassembly/K21/configs/mda_mode.info ${ARTICLE30_WORK_DIR}/assemblies/metaspades-coassembly/K21/configs/meta_mode.info

  0:00:00.000     1M / 17M   INFO    General                 (main.cpp                  :  94)   Loaded config from "${ARTICLE30_WORK_DIR}/assemblies/metaspades-coassembly/K21/configs/config.info"
  0:00:00.001     1M / 17M   INFO    General                 (main.cpp                  :  94)   Loaded config from "${ARTICLE30_WORK_DIR}/assemblies/metaspades-coassembly/K21/configs/mda_mode.info"
  0:00:00.001     1M / 17M   INFO    General                 (main.cpp                  :  94)   Loaded config from "${ARTICLE30_WORK_DIR}/assemblies/metaspades-coassembly/K21/configs/meta_mode.info"
  0:00:00.001     1M / 17M   INFO    General                 (memory_limit.cpp          :  55)   Memory limit set to 64 Gb
  0:00:00.001     1M / 17M   INFO    General                 (main.cpp                  : 102)   Starting SPAdes, built from N/A, git revision N/A
  0:00:00.001     1M / 17M   INFO    General                 (main.cpp                  : 103)   Maximum k-mer length: 128
  0:00:00.001     1M / 17M   INFO    General                 (main.cpp                  : 104)   Assembling dataset ("${ARTICLE30_WORK_DIR}/assemblies/metaspades-coassembly/dataset.info") with K=21
  0:00:00.001     1M / 17M   INFO    General                 (main.cpp                  : 105)   Maximum # of threads to use (adjusted due to OMP capabilities): 16
  0:00:00.001     1M / 17M   INFO    General                 (pipeline.cpp              : 221)   SPAdes started
  0:00:00.001     1M / 17M   INFO    General                 (pipeline.cpp              : 234)   Starting from stage: read_conversion
  0:00:00.001     1M / 17M   INFO    General                 (pipeline.cpp              : 245)   Two-step repeat resolution disabled
  0:00:00.001     1M / 17M   INFO   GraphCore                (graph_core.hpp            : 582)   Graph created, vertex min_id: 3, edge min_id: 3
  0:00:00.001     1M / 17M   INFO   GraphCore                (graph_core.hpp            : 583)   Vertex size: 48, edge size: 40
  0:00:00.001     1M / 17M   INFO    General                 (edge_index.hpp            : 132)   Size of edge index entries: 12/8
  0:00:00.001     1M / 17M   INFO   StageManager             (stage.cpp                 : 210)   STAGE == Binary Read Conversion (id: read_conversion)
  0:00:00.002     1M / 17M   INFO    General                 (read_converter.cpp        :  78)   Converting reads to binary format for library #0 (takes a while)
  0:00:00.002     1M / 17M   INFO    General                 (read_converter.cpp        :  99)   Converting paired reads
  0:00:00.596   133M / 133M  INFO    General                 (binary_converter.cpp      : 127)   16384 reads processed
  0:00:00.608   133M / 133M  INFO    General                 (binary_converter.cpp      : 127)   32768 reads processed
  0:00:00.630   133M / 133M  INFO    General                 (binary_converter.cpp      : 127)   65536 reads processed
  0:00:00.900   133M / 161M  INFO    General                 (binary_converter.cpp      : 127)   131072 reads processed
  0:00:01.329   103M / 200M  INFO    General                 (binary_converter.cpp      : 127)   262144 reads processed
  0:00:02.061    11M / 261M  INFO    General                 (binary_converter.cpp      : 127)   524288 reads processed
  0:00:03.592     0M / 331M  INFO    General                 (binary_converter.cpp      : 127)   1048576 reads processed
  0:00:07.390     0M / 475M  INFO    General                 (binary_converter.cpp      : 127)   2097152 reads processed
  0:00:13.622     0M / 574M  INFO    General                 (binary_converter.cpp      : 143)   3999741 reads written
  0:00:13.639     0M / 574M  INFO    General                 (read_converter.cpp        : 113)   Converting single reads
  0:00:13.654     0M / 574M  INFO    General                 (binary_converter.cpp      : 143)   0 reads written
  0:00:13.654     0M / 574M  INFO    General                 (read_converter.cpp        : 119)   Converting merged reads
  0:00:13.657     0M / 574M  INFO    General                 (binary_converter.cpp      : 143)   0 reads written
  0:00:18.684     1M / 574M  INFO   StageManager             (stage.cpp                 : 210)   STAGE == de Bruijn graph construction (id: construction)
  0:00:18.709     1M / 574M  INFO    General                 (construction.cpp          : 150)   Max read length 150
  0:00:18.709     1M / 574M  INFO    General                 (construction.cpp          : 156)   Average read length 148.868
  0:00:18.709     1M / 574M  INFO    General                 (stage.cpp                 : 120)   PROCEDURE == k+1-mer counting (id: construction:kpomer_counting)
  0:00:18.709     1M / 574M  INFO    General                 (kmer_index_builder.hpp    : 308)   Splitting kmer instances into 160 files using 16 threads. This might take a while.
  0:00:18.715     1M / 574M  INFO    General                 (file_limit.hpp            :  43)   Open file limit set to 1048576
  0:00:18.715     1M / 574M  INFO    General                 (kmer_splitter.hpp         :  96)   Memory available for splitting buffers: 1.33332 Gb
  0:00:18.715     1M / 574M  INFO    General                 (kmer_splitter.hpp         : 104)   Using cell size of 419430
  0:00:28.361  9601M / 9601M INFO    General                 (kmer_splitters.hpp        : 128)   Processed 15998964 reads
  0:00:28.363     2M / 8619M INFO    General                 (kmer_splitters.hpp        : 134)   Used 15998964 reads
  0:00:28.599     2M / 8619M INFO    General                 (kmer_index_builder.hpp    : 314)   Starting k-mer counting.
  0:00:28.928     2M / 8619M INFO    General                 (kmer_index_builder.hpp    : 325)   K-mer counting done. There are 213612627 kmers in total.
  0:00:28.929     1M / 8619M INFO    General                 (stage.cpp                 : 120)   PROCEDURE == Extension index construction (id: construction:extension_index_construction)
  0:00:28.931     2M / 8619M INFO   K-mer Index Building     (kmer_index_builder.hpp    : 503)   Building kmer index
  0:00:28.931     2M / 8619M INFO    General                 (kmer_index_builder.hpp    : 308)   Splitting kmer instances into 160 files using 16 threads. This might take a while.
  0:00:28.934     2M / 8619M INFO    General                 (file_limit.hpp            :  43)   Open file limit set to 1048576
  0:00:28.934     2M / 8619M INFO    General                 (kmer_splitter.hpp         :  96)   Memory available for splitting buffers: 1.33331 Gb
  0:00:28.934     2M / 8619M INFO    General                 (kmer_splitter.hpp         : 104)   Using cell size of 419430
  0:00:30.526  9602M / 9602M INFO    General                 (kmer_splitters.hpp        : 197)   Processed 73409505 kmers
  0:00:32.050  9602M / 9602M INFO    General                 (kmer_splitters.hpp        : 197)   Processed 143790849 kmers
  0:00:33.578  9602M / 9602M INFO    General                 (kmer_splitters.hpp        : 197)   Processed 213318354 kmers
  0:00:33.604  9602M / 9602M INFO    General                 (kmer_splitters.hpp        : 197)   Processed 213612807 kmers
  0:00:33.605  9602M / 9602M INFO    General                 (kmer_splitters.hpp        : 202)   Used 213612807 kmers.
  0:00:33.606     2M / 8619M INFO    General                 (kmer_index_builder.hpp    : 314)   Starting k-mer counting.
  0:00:34.330     2M / 8619M INFO    General                 (kmer_index_builder.hpp    : 325)   K-mer counting done. There are 211990823 kmers in total.
  0:00:34.330     2M / 8619M INFO   K-mer Index Building     (kmer_index_builder.hpp    : 460)   Building perfect hash indices
  0:00:37.132   160M / 8619M INFO   K-mer Index Building     (kmer_index_builder.hpp    : 496)   Index built. Total 211990823 kmers, 153231400 bytes occupied (5.78257 bits per kmer).
  0:00:37.133   160M / 8619M INFO    General                 (kmer_index_builder.hpp    : 191)   Merging final buckets.
  0:00:42.371   364M / 8619M INFO   DeBruijnExtensionIndexBu (kmer_extension_index_build: 101)   Building k-mer extensions from k+1-mers
  0:00:53.208   364M / 8619M INFO   DeBruijnExtensionIndexBu (kmer_extension_index_build: 106)   Building k-mer extensions from k+1-mers finished.
  0:00:53.301   364M / 8619M INFO    General                 (stage.cpp                 : 120)   PROCEDURE == Early tip clipping (id: construction:early_tip_clipper)
  0:00:53.301   364M / 8619M INFO    General                 (construction.cpp          : 298)   Early tip clipper length bound set as (RL - K)
  0:00:53.301   364M / 8619M INFO   Early tip clipping       (early_simplification.hpp  :  48)   Early tip clipping
  0:01:02.729   444M / 8619M INFO   Early tip clipping       (early_simplification.hpp  :  83)   #tipped junctions: 1218144
  0:01:02.812   444M / 8619M INFO   Early tip clipping       (early_simplification.hpp  :  94)   Clipped tips: 1223586
  0:01:02.897   364M / 8619M INFO   Early tip clipping       (early_simplification.hpp  :  50)   24394242 22-mers were removed by early tip clipper
  0:01:02.897   364M / 8619M INFO    General                 (stage.cpp                 : 120)   PROCEDURE == Condensing graph (id: construction:graph_condensing)
  0:01:02.899   364M / 8619M INFO   UnbranchingPathExtractor (debruijn_graph_constructor: 324)   Extracting unbranching paths
  0:01:16.024   498M / 8619M INFO   UnbranchingPathExtractor (debruijn_graph_constructor: 348)   Extracting unbranching paths finished. 5681699 sequences extracted
  0:01:22.552   498M / 8619M INFO   UnbranchingPathExtractor (debruijn_graph_constructor: 362)   Collecting perfect loops
  0:01:24.060   498M / 8619M INFO   UnbranchingPathExtractor (debruijn_graph_constructor: 395)   Collecting perfect loops finished. 139 loops collected
  0:01:24.417   498M / 8619M INFO   DeBruijnGraphConstructor (debruijn_graph_constructor: 597)   Sorting edges...
  0:01:24.582   498M / 8619M INFO   DeBruijnGraphConstructor (debruijn_graph_constructor: 602)   Edges sorted
  0:01:24.582   498M / 8619M INFO    General                 (debruijn_graph_constructor: 511)   Total 11363676 edges to create
  0:01:24.583   935M / 8619M INFO    General                 (debruijn_graph_constructor: 514)   Collecting link records
  0:01:30.012  1111M / 8619M INFO    General                 (debruijn_graph_constructor: 521)   Total short graph edges: 9485558
  0:01:30.012  1111M / 8619M INFO    General                 (debruijn_graph_constructor: 523)   Ordering link records
  0:01:30.149  1111M / 8619M INFO    General                 (debruijn_graph_constructor: 529)   Sorting done
  0:01:30.219  1143M / 8619M INFO    General                 (debruijn_graph_constructor: 542)   Sorting LinkRecords...
  0:01:30.321  1143M / 8619M INFO    General                 (debruijn_graph_constructor: 548)   LinkRecords sorted
  0:01:30.321  1143M / 8619M INFO    General                 (debruijn_graph_constructor: 550)   Total 4060034 vertices to create
  0:01:30.321  1520M / 8619M INFO    General                 (debruijn_graph_constructor: 553)   Connecting the graph
  0:01:37.094  1225M / 8619M INFO    General                 (stage.cpp                 : 120)   PROCEDURE == Filling coverage indices (PHM) (id: construction:coverage_filling_phm)
  0:01:37.094  1225M / 8619M INFO   K-mer Index Building     (kmer_index_builder.hpp    : 460)   Building perfect hash indices
  0:01:39.892  1384M / 8619M INFO   K-mer Index Building     (kmer_index_builder.hpp    : 496)   Index built. Total 213612627 kmers, 154403616 bytes occupied (5.78257 bits per kmer).
  0:01:40.468  2200M / 8619M INFO    General                 (coverage_hash_map_builder.:  49)   Collecting k-mer coverage information from reads, this takes a while.
  0:02:08.427  2200M / 8619M INFO    General                 (construction.cpp          : 400)   Filling coverage and flanking coverage from PHM
  0:02:20.772  2200M / 8619M INFO    General                 (coverage_filling.hpp      :  83)   Processed 11363006 edges
  0:02:21.946   862M / 8619M INFO   StageManager             (stage.cpp                 : 210)   STAGE == Raw Simplification (id: raw_simplification)
  0:02:21.951   862M / 8619M INFO    General                 (simplification.cpp        : 129)   PROCEDURE == Initial cleaning
  0:02:21.951   862M / 8619M INFO    General                 (graph_simplification.hpp  : 674)   Flanking coverage based disconnection disabled
  0:02:21.951   862M / 8619M INFO   Simplification           (parallel_processing.hpp   : 168)   Running Self conjugate edge remover
  0:02:22.119   862M / 8619M INFO   Simplification           (parallel_processing.hpp   : 171)   Self conjugate edge remover triggered 0 times
  0:02:22.119   862M / 8619M INFO   Simplification           (parallel_processing.hpp   : 168)   Running Initial tip clipper
  0:02:22.458   862M / 8619M INFO   Simplification           (parallel_processing.hpp   : 171)   Initial tip clipper triggered 11364 times
  0:02:22.458   862M / 8619M INFO   Simplification           (parallel_processing.hpp   : 168)   Running Initial ec remover
  0:02:38.013  1012M / 8619M INFO   Simplification           (parallel_processing.hpp   : 171)   Initial ec remover triggered 1448374 times
  0:02:38.016  1012M / 8619M INFO   Simplification           (parallel_processing.hpp   : 168)   Running Initial isolated edge remover
  0:02:38.273  1002M / 8619M INFO   Simplification           (parallel_processing.hpp   : 171)   Initial isolated edge remover triggered 119494 times
  0:02:38.281   861M / 8619M INFO   StageManager             (stage.cpp                 : 210)   STAGE == Simplification (id: simplification)
  0:02:38.281   861M / 8619M INFO    General                 (simplification.cpp        : 397)   Graph simplification started
  0:02:38.281   861M / 8619M INFO    General                 (graph_simplification.hpp  : 646)   Creating parallel br instance
  0:02:38.281   861M / 8619M INFO    General                 (simplification.cpp        : 402)   PROCEDURE == Simplification cycle, iteration 1
  0:02:38.281   861M / 8619M INFO   Simplification           (parallel_processing.hpp   : 168)   Running Tip clipper
  0:02:38.539   861M / 8619M INFO   Simplification           (parallel_processing.hpp   : 171)   Tip clipper triggered 24399 times
  0:02:38.540   861M / 8619M INFO   Simplification           (parallel_processing.hpp   : 168)   Running Bulge remover
  0:02:48.221   877M / 8619M INFO   Simplification           (parallel_processing.hpp   : 171)   Bulge remover triggered 318782 times
  0:02:48.222   877M / 8619M INFO   Simplification           (parallel_processing.hpp   : 168)   Running Low coverage edge remover
  0:02:48.283   878M / 8619M INFO   Simplification           (parallel_processing.hpp   : 171)   Low coverage edge remover triggered 0 times
  0:02:48.283   878M / 8619M INFO    General                 (simplification.cpp        : 402)   PROCEDURE == Simplification cycle, iteration 2
  0:02:48.283   878M / 8619M INFO   Simplification           (parallel_processing.hpp   : 168)   Running Tip clipper
  0:02:48.393   878M / 8619M INFO   Simplification           (parallel_processing.hpp   : 171)   Tip clipper triggered 2904 times
  0:02:48.394   878M / 8619M INFO   Simplification           (parallel_processing.hpp   : 168)   Running Bulge remover
  0:02:48.416   874M / 8619M INFO   Simplification           (parallel_processing.hpp   : 171)   Bulge remover triggered 20 times
  0:02:48.416   874M / 8619M INFO   Simplification           (parallel_processing.hpp   : 168)   Running Low coverage edge remover
  0:02:48.593   875M / 8619M INFO   Simplification           (parallel_processing.hpp   : 171)   Low coverage edge remover triggered 10622 times
  0:02:48.594   875M / 8619M INFO    General                 (simplification.cpp        : 402)   PROCEDURE == Simplification cycle, iteration 3
  0:02:48.594   875M / 8619M INFO   Simplification           (parallel_processing.hpp   : 168)   Running Tip clipper
  0:02:48.603   875M / 8619M INFO   Simplification           (parallel_processing.hpp   : 171)   Tip clipper triggered 223 times
  0:02:48.603   875M / 8619M INFO   Simplification           (parallel_processing.hpp   : 168)   Running Bulge remover
  0:02:48.940   875M / 8619M INFO   Simplification           (parallel_processing.hpp   : 171)   Bulge remover triggered 601 times
  0:02:48.940   875M / 8619M INFO   Simplification           (parallel_processing.hpp   : 168)   Running Low coverage edge remover
  0:02:49.070   875M / 8619M INFO   Simplification           (parallel_processing.hpp   : 171)   Low coverage edge remover triggered 12909 times
  0:02:49.070   875M / 8619M INFO    General                 (simplification.cpp        : 402)   PROCEDURE == Simplification cycle, iteration 4
  0:02:49.070   875M / 8619M INFO   Simplification           (parallel_processing.hpp   : 168)   Running Tip clipper
  0:02:49.121   875M / 8619M INFO   Simplification           (parallel_processing.hpp   : 171)   Tip clipper triggered 164 times
  0:02:49.122   875M / 8619M INFO   Simplification           (parallel_processing.hpp   : 168)   Running Bulge remover
  0:02:50.189   875M / 8619M INFO   Simplification           (parallel_processing.hpp   : 171)   Bulge remover triggered 651 times
  0:02:50.189   875M / 8619M INFO   Simplification           (parallel_processing.hpp   : 168)   Running Low coverage edge remover
  0:02:50.241   875M / 8619M INFO   Simplification           (parallel_processing.hpp   : 171)   Low coverage edge remover triggered 12 times
  0:02:50.241   875M / 8619M INFO    General                 (simplification.cpp        : 402)   PROCEDURE == Simplification cycle, iteration 5
  0:02:50.241   875M / 8619M INFO   Simplification           (parallel_processing.hpp   : 168)   Running Tip clipper
  0:02:50.243   875M / 8619M INFO   Simplification           (parallel_processing.hpp   : 171)   Tip clipper triggered 3 times
  0:02:50.243   875M / 8619M INFO   Simplification           (parallel_processing.hpp   : 168)   Running Bulge remover
  0:02:50.244   875M / 8619M INFO   Simplification           (parallel_processing.hpp   : 171)   Bulge remover triggered 0 times
  0:02:50.244   875M / 8619M INFO   Simplification           (parallel_processing.hpp   : 168)   Running Low coverage edge remover
  0:02:50.244   875M / 8619M INFO   Simplification           (parallel_processing.hpp   : 171)   Low coverage edge remover triggered 0 times
  0:02:50.244   875M / 8619M INFO    General                 (simplification.cpp        : 402)   PROCEDURE == Simplification cycle, iteration 6
  0:02:50.244   875M / 8619M INFO   Simplification           (parallel_processing.hpp   : 168)   Running Tip clipper
  0:02:50.244   875M / 8619M INFO   Simplification           (parallel_processing.hpp   : 171)   Tip clipper triggered 0 times
  0:02:50.244   875M / 8619M INFO   Simplification           (parallel_processing.hpp   : 168)   Running Bulge remover
  0:02:50.244   875M / 8619M INFO   Simplification           (parallel_processing.hpp   : 171)   Bulge remover triggered 0 times
  0:02:50.244   875M / 8619M INFO   Simplification           (parallel_processing.hpp   : 168)   Running Low coverage edge remover
  0:02:50.244   875M / 8619M INFO   Simplification           (parallel_processing.hpp   : 171)   Low coverage edge remover triggered 0 times
  0:02:50.297   851M / 8619M INFO   StageManager             (stage.cpp                 : 210)   STAGE == Simplification Cleanup (id: simplification_cleanup)
  0:02:50.297   851M / 8619M INFO    General                 (simplification.cpp        : 189)   PROCEDURE == Post simplification
  0:02:50.297   851M / 8619M INFO    General                 (graph_simplification.hpp  : 646)   Creating parallel br instance
  0:02:50.297   851M / 8619M INFO   Simplification           (parallel_processing.hpp   : 168)   Running Relative coverage component remover
  0:02:51.376   852M / 8619M INFO   Simplification           (parallel_processing.hpp   : 171)   Relative coverage component remover triggered 8669 times
  0:02:51.377   852M / 8619M INFO   Simplification           (parallel_processing.hpp   : 168)   Running Disconnecting edges with relatively low coverage
  0:02:51.751   852M / 8619M INFO   Simplification           (parallel_processing.hpp   : 171)   Disconnecting edges with relatively low coverage triggered 3953 times
  0:02:51.752   852M / 8619M INFO   Simplification           (parallel_processing.hpp   : 168)   Running Complex tip clipper
  0:02:51.824   852M / 8619M INFO   Simplification           (parallel_processing.hpp   : 171)   Complex tip clipper triggered 382 times
  0:02:51.824   852M / 8619M INFO   Simplification           (parallel_processing.hpp   : 168)   Running Complex bulge remover
  0:02:52.989   852M / 8619M INFO   Simplification           (parallel_processing.hpp   : 171)   Complex bulge remover triggered 319 times
  0:02:52.990   852M / 8619M INFO   Simplification           (parallel_processing.hpp   : 168)   Running Tip clipper
  0:02:53.046   852M / 8619M INFO   Simplification           (parallel_processing.hpp   : 171)   Tip clipper triggered 1951 times
  0:02:53.046   852M / 8619M INFO   Simplification           (parallel_processing.hpp   : 168)   Running Final tip clipper
  0:02:53.135   852M / 8619M INFO   Simplification           (parallel_processing.hpp   : 171)   Final tip clipper triggered 4045 times
  0:02:53.135   852M / 8619M INFO   Simplification           (parallel_processing.hpp   : 168)   Running Bulge remover
  0:02:53.649   853M / 8619M INFO   Simplification           (parallel_processing.hpp   : 171)   Bulge remover triggered 261 times
  0:02:53.649   853M / 8619M INFO   Simplification           (parallel_processing.hpp   : 168)   Running Thorn remover (meta)
  0:02:53.780   853M / 8619M INFO   Simplification           (parallel_processing.hpp   : 171)   Thorn remover (meta) triggered 5 times
  0:02:53.780   853M / 8619M INFO   Simplification           (parallel_processing.hpp   : 168)   Running Relative coverage component remover
  0:02:54.404   852M / 8619M INFO   Simplification           (parallel_processing.hpp   : 171)   Relative coverage component remover triggered 105 times
  0:02:54.404   852M / 8619M INFO   Simplification           (parallel_processing.hpp   : 168)   Running Disconnecting edges with relatively low coverage
  0:02:54.580   852M / 8619M INFO   Simplification           (parallel_processing.hpp   : 171)   Disconnecting edges with relatively low coverage triggered 287 times
  0:02:54.581   852M / 8619M INFO   Simplification           (parallel_processing.hpp   : 168)   Running Complex tip clipper
  0:02:54.642   852M / 8619M INFO   Simplification           (parallel_processing.hpp   : 171)   Complex tip clipper triggered 49 times
  0:02:54.642   852M / 8619M INFO   Simplification           (parallel_processing.hpp   : 168)   Running Complex bulge remover
  0:02:55.739   852M / 8619M INFO   Simplification           (parallel_processing.hpp   : 171)   Complex bulge remover triggered 7 times
  0:02:55.739   852M / 8619M INFO   Simplification           (parallel_processing.hpp   : 168)   Running Tip clipper
  0:02:55.783   852M / 8619M INFO   Simplification           (parallel_processing.hpp   : 171)   Tip clipper triggered 138 times
  0:02:55.783   852M / 8619M INFO   Simplification           (parallel_processing.hpp   : 168)   Running Final tip clipper
  0:02:55.824   852M / 8619M INFO   Simplification           (parallel_processing.hpp   : 171)   Final tip clipper triggered 19 times
  0:02:55.825   852M / 8619M INFO   Simplification           (parallel_processing.hpp   : 168)   Running Bulge remover
  0:02:56.196   853M / 8619M INFO   Simplification           (parallel_processing.hpp   : 171)   Bulge remover triggered 17 times
  0:02:56.196   853M / 8619M INFO   Simplification           (parallel_processing.hpp   : 168)   Running Thorn remover (meta)
  0:02:56.305   853M / 8619M INFO   Simplification           (parallel_processing.hpp   : 171)   Thorn remover (meta) triggered 0 times
  0:02:56.305   853M / 8619M INFO   Simplification           (parallel_processing.hpp   : 168)   Running Relative coverage component remover
  0:02:56.876   853M / 8619M INFO   Simplification           (parallel_processing.hpp   : 171)   Relative coverage component remover triggered 6 times
  0:02:56.876   853M / 8619M INFO   Simplification           (parallel_processing.hpp   : 168)   Running Disconnecting edges with relatively low coverage
  0:02:56.877   853M / 8619M INFO   Simplification           (parallel_processing.hpp   : 171)   Disconnecting edges with relatively low coverage triggered 3 times
  0:02:56.877   853M / 8619M INFO   Simplification           (parallel_processing.hpp   : 168)   Running Complex tip clipper
  0:02:56.938   853M / 8619M INFO   Simplification           (parallel_processing.hpp   : 171)   Complex tip clipper triggered 0 times
  0:02:56.938   853M / 8619M INFO   Simplification           (parallel_processing.hpp   : 168)   Running Complex bulge remover
  0:02:58.028   853M / 8619M INFO   Simplification           (parallel_processing.hpp   : 171)   Complex bulge remover triggered 0 times
  0:02:58.028   853M / 8619M INFO   Simplification           (parallel_processing.hpp   : 168)   Running Tip clipper
  0:02:58.028   853M / 8619M INFO   Simplification           (parallel_processing.hpp   : 171)   Tip clipper triggered 3 times
  0:02:58.028   853M / 8619M INFO   Simplification           (parallel_processing.hpp   : 168)   Running Final tip clipper
  0:02:58.028   853M / 8619M INFO   Simplification           (parallel_processing.hpp   : 171)   Final tip clipper triggered 2 times
  0:02:58.028   853M / 8619M INFO   Simplification           (parallel_processing.hpp   : 168)   Running Bulge remover
  0:02:58.028   853M / 8619M INFO   Simplification           (parallel_processing.hpp   : 171)   Bulge remover triggered 1 times
  0:02:58.028   853M / 8619M INFO   Simplification           (parallel_processing.hpp   : 168)   Running Thorn remover (meta)
  0:02:58.028   853M / 8619M INFO   Simplification           (parallel_processing.hpp   : 171)   Thorn remover (meta) triggered 0 times
  0:02:58.028   853M / 8619M INFO   Simplification           (parallel_processing.hpp   : 168)   Running Relative coverage component remover
  0:02:58.623   853M / 8619M INFO   Simplification           (parallel_processing.hpp   : 171)   Relative coverage component remover triggered 0 times
  0:02:58.623   853M / 8619M INFO   Simplification           (parallel_processing.hpp   : 168)   Running Disconnecting edges with relatively low coverage
  0:02:58.623   853M / 8619M INFO   Simplification           (parallel_processing.hpp   : 171)   Disconnecting edges with relatively low coverage triggered 0 times
  0:02:58.623   853M / 8619M INFO   Simplification           (parallel_processing.hpp   : 168)   Running Complex tip clipper
  0:02:58.675   853M / 8619M INFO   Simplification           (parallel_processing.hpp   : 171)   Complex tip clipper triggered 0 times
  0:02:58.675   853M / 8619M INFO   Simplification           (parallel_processing.hpp   : 168)   Running Complex bulge remover
  0:02:59.756   853M / 8619M INFO   Simplification           (parallel_processing.hpp   : 171)   Complex bulge remover triggered 0 times
  0:02:59.756   853M / 8619M INFO   Simplification           (parallel_processing.hpp   : 168)   Running Tip clipper
  0:02:59.756   853M / 8619M INFO   Simplification           (parallel_processing.hpp   : 171)   Tip clipper triggered 0 times
  0:02:59.756   853M / 8619M INFO   Simplification           (parallel_processing.hpp   : 168)   Running Final tip clipper
  0:02:59.756   853M / 8619M INFO   Simplification           (parallel_processing.hpp   : 171)   Final tip clipper triggered 0 times
  0:02:59.756   853M / 8619M INFO   Simplification           (parallel_processing.hpp   : 168)   Running Bulge remover
  0:02:59.756   853M / 8619M INFO   Simplification           (parallel_processing.hpp   : 171)   Bulge remover triggered 0 times
  0:02:59.756   853M / 8619M INFO   Simplification           (parallel_processing.hpp   : 168)   Running Thorn remover (meta)
  0:02:59.756   853M / 8619M INFO   Simplification           (parallel_processing.hpp   : 171)   Thorn remover (meta) triggered 0 times
  0:02:59.756   853M / 8619M INFO    General                 (simplification.cpp        : 344)   Running Hidden EC remover (meta)
  0:02:59.823   853M / 8619M INFO    General                 (simplification.cpp        : 348)   Disrupting self-conjugate edges
  0:02:59.996   853M / 8619M INFO   Simplification           (parallel_processing.hpp   : 168)   Running Removing isolated edges
  0:03:00.040   853M / 8619M INFO   Simplification           (parallel_processing.hpp   : 171)   Removing isolated edges triggered 1244 times
  0:03:00.083   850M / 8619M INFO    General                 (simplification.cpp        : 508)   After simplification:
  0:03:00.083   850M / 8619M INFO    General                 (simplification.cpp        : 509)     Average coverage = 7.72786
  0:03:00.125   850M / 8619M INFO    General                 (simplification.cpp        : 510)     Total length = 120354968
  0:03:00.192   850M / 8619M INFO    General                 (simplification.cpp        : 511)     Median edge length: 981
  0:03:00.192   850M / 8619M INFO    General                 (simplification.cpp        : 512)     Edges: 575210
  0:03:00.192   850M / 8619M INFO    General                 (simplification.cpp        : 513)     Vertices: 696136
  0:03:00.192   850M / 8619M INFO   StageManager             (stage.cpp                 : 210)   STAGE == Contig Output (id: contig_output)
  0:03:00.192   850M / 8619M INFO    General                 (read_converter.cpp        : 135)   Outputting contigs to "${ARTICLE30_WORK_DIR}/assemblies/metaspades-coassembly/K21/simplified_contigs"
  0:03:00.196   853M / 8619M INFO    General                 (binary_converter.cpp      : 127)   16384 reads processed
  0:03:00.199   853M / 8619M INFO    General                 (binary_converter.cpp      : 127)   32768 reads processed
  0:03:00.207   853M / 8619M INFO    General                 (binary_converter.cpp      : 127)   65536 reads processed
  0:03:00.237   853M / 8619M INFO    General                 (binary_converter.cpp      : 127)   131072 reads processed
  0:03:00.289   853M / 8619M INFO    General                 (binary_converter.cpp      : 127)   262144 reads processed
  0:03:00.316   853M / 8619M INFO    General                 (binary_converter.cpp      : 143)   287769 reads written
  0:03:00.320   850M / 8619M INFO    General                 (pipeline.cpp              : 305)   SPAdes finished
  0:03:00.654     1M / 8619M INFO    General                 (main.cpp                  : 131)   Assembling time: 0 hours 3 minutes 0 seconds

===== K21 finished. 


===== K33 started. 


== Running: ${HOME}/miniconda3/envs/metagenome-assembly-2026.07/bin/spades-core ${ARTICLE30_WORK_DIR}/assemblies/metaspades-coassembly/K33/configs/config.info ${ARTICLE30_WORK_DIR}/assemblies/metaspades-coassembly/K33/configs/mda_mode.info ${ARTICLE30_WORK_DIR}/assemblies/metaspades-coassembly/K33/configs/meta_mode.info

  0:00:00.000     1M / 17M   INFO    General                 (main.cpp                  :  94)   Loaded config from "${ARTICLE30_WORK_DIR}/assemblies/metaspades-coassembly/K33/configs/config.info"
  0:00:00.001     1M / 17M   INFO    General                 (main.cpp                  :  94)   Loaded config from "${ARTICLE30_WORK_DIR}/assemblies/metaspades-coassembly/K33/configs/mda_mode.info"
  0:00:00.001     1M / 17M   INFO    General                 (main.cpp                  :  94)   Loaded config from "${ARTICLE30_WORK_DIR}/assemblies/metaspades-coassembly/K33/configs/meta_mode.info"
  0:00:00.001     1M / 17M   INFO    General                 (memory_limit.cpp          :  55)   Memory limit set to 64 Gb
  0:00:00.001     1M / 17M   INFO    General                 (main.cpp                  : 102)   Starting SPAdes, built from N/A, git revision N/A
  0:00:00.001     1M / 17M   INFO    General                 (main.cpp                  : 103)   Maximum k-mer length: 128
  0:00:00.001     1M / 17M   INFO    General                 (main.cpp                  : 104)   Assembling dataset ("${ARTICLE30_WORK_DIR}/assemblies/metaspades-coassembly/dataset.info") with K=33
  0:00:00.001     1M / 17M   INFO    General                 (main.cpp                  : 105)   Maximum # of threads to use (adjusted due to OMP capabilities): 16
  0:00:00.001     1M / 17M   INFO    General                 (pipeline.cpp              : 221)   SPAdes started
  0:00:00.001     1M / 17M   INFO    General                 (pipeline.cpp              : 234)   Starting from stage: read_conversion
  0:00:00.001     1M / 17M   INFO    General                 (pipeline.cpp              : 245)   Two-step repeat resolution disabled
  0:00:00.001     1M / 17M   INFO   GraphCore                (graph_core.hpp            : 582)   Graph created, vertex min_id: 3, edge min_id: 3
  0:00:00.001     1M / 17M   INFO   GraphCore                (graph_core.hpp            : 583)   Vertex size: 48, edge size: 40
  0:00:00.001     1M / 17M   INFO    General                 (edge_index.hpp            : 132)   Size of edge index entries: 12/8
  0:00:00.001     1M / 17M   INFO   StageManager             (stage.cpp                 : 210)   STAGE == Binary Read Conversion (id: read_conversion)
  0:00:00.002     1M / 17M   INFO    General                 (read_converter.cpp        :  57)   Binary reads detected
  0:00:00.022     1M / 17M   INFO   StageManager             (stage.cpp                 : 210)   STAGE == de Bruijn graph construction (id: construction)
  0:00:00.022     1M / 17M   INFO    General                 (construction.cpp          : 115)   Contigs from previous K will be used: ${ARTICLE30_WORK_DIR}/assemblies/metaspades-coassembly/K21/simplified_contigs
  0:00:00.024     1M / 17M   INFO    General                 (construction.cpp          : 150)   Max read length 150
  0:00:00.024     1M / 17M   INFO    General                 (construction.cpp          : 156)   Average read length 148.868
  0:00:00.024     1M / 17M   INFO    General                 (stage.cpp                 : 120)   PROCEDURE == k+1-mer counting (id: construction:kpomer_counting)
  0:00:00.024     1M / 17M   INFO    General                 (kmer_index_builder.hpp    : 308)   Splitting kmer instances into 160 files using 16 threads. This might take a while.
  0:00:00.029     1M / 17M   INFO    General                 (file_limit.hpp            :  43)   Open file limit set to 1048576
  0:00:00.029     1M / 17M   INFO    General                 (kmer_splitter.hpp         :  96)   Memory available for splitting buffers: 1.33332 Gb
  0:00:00.029     1M / 17M   INFO    General                 (kmer_splitter.hpp         : 104)   Using cell size of 209715
mimalloc: warning: thread 0x714106400640: unable to allocate aligned OS memory directly, fall back to over-allocation (67108864 bytes, address: 0x7140fc200000, alignment: 67108864, commit: 1)
mimalloc: warning: thread 0x714102800640: unable to allocate aligned OS memory directly, fall back to over-allocation (67108864 bytes, address: 0x7140fc200000, alignment: 67108864, commit: 1)
  0:00:06.134  9602M / 9602M INFO    General                 (kmer_splitters.hpp        : 128)   Processed 9200828 reads
  0:00:12.467  9602M / 9602M INFO    General                 (kmer_splitters.hpp        : 128)   Processed 16510771 reads
  0:00:13.276  9602M / 9602M INFO    General                 (kmer_splitters.hpp        : 128)   Processed 16574502 reads
  0:00:13.279     2M / 8968M INFO    General                 (kmer_splitters.hpp        : 134)   Used 16574502 reads
  0:00:13.561     2M / 8968M INFO    General                 (kmer_index_builder.hpp    : 314)   Starting k-mer counting.
  0:00:14.549     2M / 8968M INFO    General                 (kmer_index_builder.hpp    : 325)   K-mer counting done. There are 225898462 kmers in total.
  0:00:14.549     1M / 8968M INFO    General                 (stage.cpp                 : 120)   PROCEDURE == Extension index construction (id: construction:extension_index_construction)
  0:00:14.552     2M / 8968M INFO   K-mer Index Building     (kmer_index_builder.hpp    : 503)   Building kmer index
  0:00:14.552     2M / 8968M INFO    General                 (kmer_index_builder.hpp    : 308)   Splitting kmer instances into 160 files using 16 threads. This might take a while.
  0:00:14.555     2M / 8968M INFO    General                 (file_limit.hpp            :  43)   Open file limit set to 1048576
  0:00:14.555     2M / 8968M INFO    General                 (kmer_splitter.hpp         :  96)   Memory available for splitting buffers: 1.3333 Gb
  0:00:14.555     2M / 8968M INFO    General                 (kmer_splitter.hpp         : 104)   Using cell size of 209715
  0:00:15.006  9602M / 9602M INFO    General                 (kmer_splitters.hpp        : 197)   Processed 10327218 kmers
  0:00:15.873  9602M / 9602M INFO    General                 (kmer_splitters.hpp        : 197)   Processed 32491069 kmers
  0:00:16.471  9602M / 9602M INFO    General                 (kmer_splitters.hpp        : 197)   Processed 47713314 kmers
  0:00:16.897  9602M / 9602M INFO    General                 (kmer_splitters.hpp        : 197)   Processed 58789390 kmers
  0:00:17.650  9602M / 9602M INFO    General                 (kmer_splitters.hpp        : 197)   Processed 77807944 kmers
  0:00:18.418  9602M / 9602M INFO    General                 (kmer_splitters.hpp        : 197)   Processed 96838719 kmers
  0:00:18.903  9602M / 9602M INFO    General                 (kmer_splitters.hpp        : 197)   Processed 108759586 kmers
  0:00:19.493  9602M / 9602M INFO    General                 (kmer_splitters.hpp        : 197)   Processed 123186429 kmers
  0:00:20.345  9602M / 9602M INFO    General                 (kmer_splitters.hpp        : 197)   Processed 145384639 kmers
  0:00:20.995  9602M / 9602M INFO    General                 (kmer_splitters.hpp        : 197)   Processed 160792762 kmers
  0:00:21.469  9602M / 9602M INFO    General                 (kmer_splitters.hpp        : 197)   Processed 171914620 kmers
  0:00:22.240  9602M / 9602M INFO    General                 (kmer_splitters.hpp        : 197)   Processed 190769619 kmers
  0:00:23.107  9602M / 9602M INFO    General                 (kmer_splitters.hpp        : 197)   Processed 210572051 kmers
  0:00:23.592  9602M / 9602M INFO    General                 (kmer_splitters.hpp        : 197)   Processed 222701672 kmers
  0:00:23.797  9602M / 9602M INFO    General                 (kmer_splitters.hpp        : 197)   Processed 225899630 kmers
  0:00:23.798  9602M / 9602M INFO    General                 (kmer_splitters.hpp        : 202)   Used 225899630 kmers.
  0:00:23.802     2M / 8968M INFO    General                 (kmer_index_builder.hpp    : 314)   Starting k-mer counting.
  0:00:25.496     2M / 8968M INFO    General                 (kmer_index_builder.hpp    : 325)   K-mer counting done. There are 225226643 kmers in total.
  0:00:25.496     2M / 8968M INFO   K-mer Index Building     (kmer_index_builder.hpp    : 460)   Building perfect hash indices
  0:00:28.694   164M / 8968M INFO   K-mer Index Building     (kmer_index_builder.hpp    : 496)   Index built. Total 225226643 kmers, 162791392 bytes occupied (5.78231 bits per kmer).
  0:00:28.694   164M / 8968M INFO    General                 (kmer_index_builder.hpp    : 191)   Merging final buckets.
  0:00:42.744   379M / 8968M INFO   DeBruijnExtensionIndexBu (kmer_extension_index_build: 101)   Building k-mer extensions from k+1-mers
  0:00:55.422   379M / 8968M INFO   DeBruijnExtensionIndexBu (kmer_extension_index_build: 106)   Building k-mer extensions from k+1-mers finished.
  0:00:55.611   379M / 8968M INFO    General                 (stage.cpp                 : 120)   PROCEDURE == Early tip clipping (id: construction:early_tip_clipper)
  0:00:55.611   379M / 8968M INFO    General                 (construction.cpp          : 298)   Early tip clipper length bound set as (RL - K)
  0:00:55.611   379M / 8968M INFO   Early tip clipping       (early_simplification.hpp  :  48)   Early tip clipping
  0:01:05.802   539M / 8968M INFO   Early tip clipping       (early_simplification.hpp  :  83)   #tipped junctions: 1477382
  0:01:05.897   539M / 8968M INFO   Early tip clipping       (early_simplification.hpp  :  94)   Clipped tips: 1485281
  0:01:06.070   379M / 8968M INFO   Early tip clipping       (early_simplification.hpp  :  50)   39332231 34-mers were removed by early tip clipper
  0:01:06.070   379M / 8968M INFO    General                 (stage.cpp                 : 120)   PROCEDURE == Condensing graph (id: construction:graph_condensing)
  0:01:06.072   379M / 8968M INFO   UnbranchingPathExtractor (debruijn_graph_constructor: 324)   Extracting unbranching paths
  0:01:19.612   523M / 8968M INFO   UnbranchingPathExtractor (debruijn_graph_constructor: 348)   Extracting unbranching paths finished. 3300708 sequences extracted
  0:01:26.263   522M / 8968M INFO   UnbranchingPathExtractor (debruijn_graph_constructor: 362)   Collecting perfect loops
  0:01:27.947   523M / 8968M INFO   UnbranchingPathExtractor (debruijn_graph_constructor: 395)   Collecting perfect loops finished. 133 loops collected
  0:01:28.352   522M / 8968M INFO   DeBruijnGraphConstructor (debruijn_graph_constructor: 597)   Sorting edges...
  0:01:28.480   522M / 8968M INFO   DeBruijnGraphConstructor (debruijn_graph_constructor: 602)   Edges sorted
  0:01:28.480   522M / 8968M INFO    General                 (debruijn_graph_constructor: 511)   Total 6601682 edges to create
  0:01:28.480   779M / 8968M INFO    General                 (debruijn_graph_constructor: 514)   Collecting link records
  0:01:31.617   883M / 8968M INFO    General                 (debruijn_graph_constructor: 521)   Total short graph edges: 2141328
  0:01:31.617   883M / 8968M INFO    General                 (debruijn_graph_constructor: 523)   Ordering link records
  0:01:31.715   883M / 8968M INFO    General                 (debruijn_graph_constructor: 529)   Sorting done
  0:01:31.771   915M / 8968M INFO    General                 (debruijn_graph_constructor: 542)   Sorting LinkRecords...
  0:01:31.826   915M / 8968M INFO    General                 (debruijn_graph_constructor: 548)   LinkRecords sorted
  0:01:31.826   915M / 8968M INFO    General                 (debruijn_graph_constructor: 550)   Total 2629022 vertices to create
  0:01:31.826  1160M / 8968M INFO    General                 (debruijn_graph_constructor: 553)   Connecting the graph
  0:01:36.043   972M / 8968M INFO    General                 (stage.cpp                 : 120)   PROCEDURE == Filling coverage indices (PHM) (id: construction:coverage_filling_phm)
  0:01:36.043   972M / 8968M INFO   K-mer Index Building     (kmer_index_builder.hpp    : 460)   Building perfect hash indices
  0:01:39.248  1134M / 8968M INFO   K-mer Index Building     (kmer_index_builder.hpp    : 496)   Index built. Total 225898462 kmers, 163276360 bytes occupied (5.78229 bits per kmer).
  0:01:39.851  1998M / 8968M INFO    General                 (coverage_hash_map_builder.:  49)   Collecting k-mer coverage information from reads, this takes a while.
  0:02:06.299  1998M / 8968M INFO    General                 (construction.cpp          : 400)   Filling coverage and flanking coverage from PHM
  0:02:18.045  1998M / 8968M INFO    General                 (coverage_filling.hpp      :  83)   Processed 6601530 edges
  0:02:19.982   594M / 8968M INFO   StageManager             (stage.cpp                 : 210)   STAGE == Raw Simplification (id: raw_simplification)
  0:02:19.986   594M / 8968M INFO    General                 (simplification.cpp        : 129)   PROCEDURE == Initial cleaning
  0:02:19.986   594M / 8968M INFO    General                 (graph_simplification.hpp  : 674)   Flanking coverage based disconnection disabled
  0:02:19.986   594M / 8968M INFO   Simplification           (parallel_processing.hpp   : 168)   Running Self conjugate edge remover
  0:02:20.120   594M / 8968M INFO   Simplification           (parallel_processing.hpp   : 171)   Self conjugate edge remover triggered 27 times
  0:02:20.120   594M / 8968M INFO   Simplification           (parallel_processing.hpp   : 168)   Running Initial tip clipper
  0:02:20.368   594M / 8968M INFO   Simplification           (parallel_processing.hpp   : 171)   Initial tip clipper triggered 11539 times
  0:02:20.369   594M / 8968M INFO   Simplification           (parallel_processing.hpp   : 168)   Running Initial ec remover
  0:02:29.582   652M / 8968M INFO   Simplification           (parallel_processing.hpp   : 171)   Initial ec remover triggered 779210 times
  0:02:29.590   652M / 8968M INFO   Simplification           (parallel_processing.hpp   : 168)   Running Initial isolated edge remover
  0:02:29.866   648M / 8968M INFO   Simplification           (parallel_processing.hpp   : 171)   Initial isolated edge remover triggered 176289 times
  0:02:29.870   551M / 8968M INFO   StageManager             (stage.cpp                 : 210)   STAGE == Simplification (id: simplification)
  0:02:29.870   551M / 8968M INFO    General                 (simplification.cpp        : 397)   Graph simplification started
  0:02:29.870   551M / 8968M INFO    General                 (graph_simplification.hpp  : 646)   Creating parallel br instance
  0:02:29.870   551M / 8968M INFO    General                 (simplification.cpp        : 402)   PROCEDURE == Simplification cycle, iteration 1
  0:02:29.870   551M / 8968M INFO   Simplification           (parallel_processing.hpp   : 168)   Running Tip clipper
  0:02:30.009   551M / 8968M INFO   Simplification           (parallel_processing.hpp   : 171)   Tip clipper triggered 8461 times
  0:02:30.009   551M / 8968M INFO   Simplification           (parallel_processing.hpp   : 168)   Running Bulge remover
  0:02:35.059   552M / 8968M INFO   Simplification           (parallel_processing.hpp   : 171)   Bulge remover triggered 193781 times
  0:02:35.064   552M / 8968M INFO   Simplification           (parallel_processing.hpp   : 168)   Running Low coverage edge remover
  0:02:35.107   552M / 8968M INFO   Simplification           (parallel_processing.hpp   : 171)   Low coverage edge remover triggered 16 times
  0:02:35.107   552M / 8968M INFO    General                 (simplification.cpp        : 402)   PROCEDURE == Simplification cycle, iteration 2
  0:02:35.107   552M / 8968M INFO   Simplification           (parallel_processing.hpp   : 168)   Running Tip clipper
  0:02:35.146   552M / 8968M INFO   Simplification           (parallel_processing.hpp   : 171)   Tip clipper triggered 612 times
  0:02:35.147   552M / 8968M INFO   Simplification           (parallel_processing.hpp   : 168)   Running Bulge remover
  0:02:35.147   550M / 8968M INFO   Simplification           (parallel_processing.hpp   : 171)   Bulge remover triggered 4 times
  0:02:35.147   550M / 8968M INFO   Simplification           (parallel_processing.hpp   : 168)   Running Low coverage edge remover
  0:02:35.190   550M / 8968M INFO   Simplification           (parallel_processing.hpp   : 171)   Low coverage edge remover triggered 1026 times
  0:02:35.190   550M / 8968M INFO    General                 (simplification.cpp        : 402)   PROCEDURE == Simplification cycle, iteration 3
  0:02:35.190   550M / 8968M INFO   Simplification           (parallel_processing.hpp   : 168)   Running Tip clipper
  0:02:35.191   550M / 8968M INFO   Simplification           (parallel_processing.hpp   : 171)   Tip clipper triggered 36 times
  0:02:35.191   550M / 8968M INFO   Simplification           (parallel_processing.hpp   : 168)   Running Bulge remover
  0:02:35.204   550M / 8968M INFO   Simplification           (parallel_processing.hpp   : 171)   Bulge remover triggered 118 times
  0:02:35.204   550M / 8968M INFO   Simplification           (parallel_processing.hpp   : 168)   Running Low coverage edge remover
  0:02:35.238   550M / 8968M INFO   Simplification           (parallel_processing.hpp   : 171)   Low coverage edge remover triggered 1441 times
  0:02:35.238   550M / 8968M INFO    General                 (simplification.cpp        : 402)   PROCEDURE == Simplification cycle, iteration 4
  0:02:35.238   550M / 8968M INFO   Simplification           (parallel_processing.hpp   : 168)   Running Tip clipper
  0:02:35.278   550M / 8968M INFO   Simplification           (parallel_processing.hpp   : 171)   Tip clipper triggered 28 times
  0:02:35.278   550M / 8968M INFO   Simplification           (parallel_processing.hpp   : 168)   Running Bulge remover
  0:02:35.357   550M / 8968M INFO   Simplification           (parallel_processing.hpp   : 171)   Bulge remover triggered 174 times
  0:02:35.357   550M / 8968M INFO   Simplification           (parallel_processing.hpp   : 168)   Running Low coverage edge remover
  0:02:35.392   550M / 8968M INFO   Simplification           (parallel_processing.hpp   : 171)   Low coverage edge remover triggered 0 times
  0:02:35.392   550M / 8968M INFO    General                 (simplification.cpp        : 402)   PROCEDURE == Simplification cycle, iteration 5
  0:02:35.392   550M / 8968M INFO   Simplification           (parallel_processing.hpp   : 168)   Running Tip clipper
  0:02:35.393   550M / 8968M INFO   Simplification           (parallel_processing.hpp   : 171)   Tip clipper triggered 0 times
  0:02:35.393   550M / 8968M INFO   Simplification           (parallel_processing.hpp   : 168)   Running Bulge remover
  0:02:35.393   550M / 8968M INFO   Simplification           (parallel_processing.hpp   : 171)   Bulge remover triggered 0 times
  0:02:35.393   550M / 8968M INFO   Simplification           (parallel_processing.hpp   : 168)   Running Low coverage edge remover
  0:02:35.393   550M / 8968M INFO   Simplification           (parallel_processing.hpp   : 171)   Low coverage edge remover triggered 0 times
  0:02:35.437   539M / 8968M INFO   StageManager             (stage.cpp                 : 210)   STAGE == Simplification Cleanup (id: simplification_cleanup)
  0:02:35.437   539M / 8968M INFO    General                 (simplification.cpp        : 189)   PROCEDURE == Post simplification
  0:02:35.437   539M / 8968M INFO    General                 (graph_simplification.hpp  : 646)   Creating parallel br instance
  0:02:35.437   539M / 8968M INFO   Simplification           (parallel_processing.hpp   : 168)   Running Relative coverage component remover
  0:02:35.761   539M / 8968M INFO   Simplification           (parallel_processing.hpp   : 171)   Relative coverage component remover triggered 1404 times
  0:02:35.761   539M / 8968M INFO   Simplification           (parallel_processing.hpp   : 168)   Running Disconnecting edges with relatively low coverage
  0:02:35.820   539M / 8968M INFO   Simplification           (parallel_processing.hpp   : 171)   Disconnecting edges with relatively low coverage triggered 213 times
  0:02:35.820   539M / 8968M INFO   Simplification           (parallel_processing.hpp   : 168)   Running Complex tip clipper
  0:02:35.873   539M / 8968M INFO   Simplification           (parallel_processing.hpp   : 171)   Complex tip clipper triggered 11 times
  0:02:35.873   539M / 8968M INFO   Simplification           (parallel_processing.hpp   : 168)   Running Complex bulge remover
  0:02:37.016   539M / 8968M INFO   Simplification           (parallel_processing.hpp   : 171)   Complex bulge remover triggered 1259 times
  0:02:37.017   539M / 8968M INFO   Simplification           (parallel_processing.hpp   : 168)   Running Tip clipper
  0:02:37.050   539M / 8968M INFO   Simplification           (parallel_processing.hpp   : 171)   Tip clipper triggered 98 times
  0:02:37.050   539M / 8968M INFO   Simplification           (parallel_processing.hpp   : 168)   Running Final tip clipper
  0:02:37.100   539M / 8968M INFO   Simplification           (parallel_processing.hpp   : 171)   Final tip clipper triggered 834 times
  0:02:37.100   539M / 8968M INFO   Simplification           (parallel_processing.hpp   : 168)   Running Bulge remover
  0:02:37.164   539M / 8968M INFO   Simplification           (parallel_processing.hpp   : 171)   Bulge remover triggered 61 times
  0:02:37.164   539M / 8968M INFO   Simplification           (parallel_processing.hpp   : 168)   Running Thorn remover (meta)
  0:02:37.218   539M / 8968M INFO   Simplification           (parallel_processing.hpp   : 171)   Thorn remover (meta) triggered 1 times
  0:02:37.218   539M / 8968M INFO   Simplification           (parallel_processing.hpp   : 168)   Running Relative coverage component remover
  0:02:37.428   539M / 8968M INFO   Simplification           (parallel_processing.hpp   : 171)   Relative coverage component remover triggered 6 times
  0:02:37.428   539M / 8968M INFO   Simplification           (parallel_processing.hpp   : 168)   Running Disconnecting edges with relatively low coverage
  0:02:37.471   539M / 8968M INFO   Simplification           (parallel_processing.hpp   : 171)   Disconnecting edges with relatively low coverage triggered 8 times
  0:02:37.471   539M / 8968M INFO   Simplification           (parallel_processing.hpp   : 168)   Running Complex tip clipper
  0:02:37.517   539M / 8968M INFO   Simplification           (parallel_processing.hpp   : 171)   Complex tip clipper triggered 0 times
  0:02:37.517   539M / 8968M INFO   Simplification           (parallel_processing.hpp   : 168)   Running Complex bulge remover
  0:02:38.568   539M / 8968M INFO   Simplification           (parallel_processing.hpp   : 171)   Complex bulge remover triggered 6 times
  0:02:38.568   539M / 8968M INFO   Simplification           (parallel_processing.hpp   : 168)   Running Tip clipper
  0:02:38.599   539M / 8968M INFO   Simplification           (parallel_processing.hpp   : 171)   Tip clipper triggered 8 times
  0:02:38.599   539M / 8968M INFO   Simplification           (parallel_processing.hpp   : 168)   Running Final tip clipper
  0:02:38.628   539M / 8968M INFO   Simplification           (parallel_processing.hpp   : 171)   Final tip clipper triggered 9 times
  0:02:38.628   539M / 8968M INFO   Simplification           (parallel_processing.hpp   : 168)   Running Bulge remover
  0:02:38.685   539M / 8968M INFO   Simplification           (parallel_processing.hpp   : 171)   Bulge remover triggered 2 times
  0:02:38.685   539M / 8968M INFO   Simplification           (parallel_processing.hpp   : 168)   Running Thorn remover (meta)
  0:02:38.733   539M / 8968M INFO   Simplification           (parallel_processing.hpp   : 171)   Thorn remover (meta) triggered 0 times
  0:02:38.733   539M / 8968M INFO   Simplification           (parallel_processing.hpp   : 168)   Running Relative coverage component remover
  0:02:38.938   539M / 8968M INFO   Simplification           (parallel_processing.hpp   : 171)   Relative coverage component remover triggered 3 times
  0:02:38.938   539M / 8968M INFO   Simplification           (parallel_processing.hpp   : 168)   Running Disconnecting edges with relatively low coverage
  0:02:38.938   539M / 8968M INFO   Simplification           (parallel_processing.hpp   : 171)   Disconnecting edges with relatively low coverage triggered 0 times
  0:02:38.938   539M / 8968M INFO   Simplification           (parallel_processing.hpp   : 168)   Running Complex tip clipper
  0:02:38.983   539M / 8968M INFO   Simplification           (parallel_processing.hpp   : 171)   Complex tip clipper triggered 0 times
  0:02:38.983   539M / 8968M INFO   Simplification           (parallel_processing.hpp   : 168)   Running Complex bulge remover
  0:02:40.034   539M / 8968M INFO   Simplification           (parallel_processing.hpp   : 171)   Complex bulge remover triggered 0 times
  0:02:40.034   539M / 8968M INFO   Simplification           (parallel_processing.hpp   : 168)   Running Tip clipper
  0:02:40.034   539M / 8968M INFO   Simplification           (parallel_processing.hpp   : 171)   Tip clipper triggered 0 times
  0:02:40.034   539M / 8968M INFO   Simplification           (parallel_processing.hpp   : 168)   Running Final tip clipper
  0:02:40.034   539M / 8968M INFO   Simplification           (parallel_processing.hpp   : 171)   Final tip clipper triggered 0 times
  0:02:40.034   539M / 8968M INFO   Simplification           (parallel_processing.hpp   : 168)   Running Bulge remover
  0:02:40.034   539M / 8968M INFO   Simplification           (parallel_processing.hpp   : 171)   Bulge remover triggered 0 times
  0:02:40.034   539M / 8968M INFO   Simplification           (parallel_processing.hpp   : 168)   Running Thorn remover (meta)
  0:02:40.034   539M / 8968M INFO   Simplification           (parallel_processing.hpp   : 171)   Thorn remover (meta) triggered 0 times
  0:02:40.034   539M / 8968M INFO   Simplification           (parallel_processing.hpp   : 168)   Running Relative coverage component remover
  0:02:40.244   539M / 8968M INFO   Simplification           (parallel_processing.hpp   : 171)   Relative coverage component remover triggered 0 times
  0:02:40.244   539M / 8968M INFO   Simplification           (parallel_processing.hpp   : 168)   Running Disconnecting edges with relatively low coverage
  0:02:40.244   539M / 8968M INFO   Simplification           (parallel_processing.hpp   : 171)   Disconnecting edges with relatively low coverage triggered 0 times
  0:02:40.244   539M / 8968M INFO   Simplification           (parallel_processing.hpp   : 168)   Running Complex tip clipper
  0:02:40.280   539M / 8968M INFO   Simplification           (parallel_processing.hpp   : 171)   Complex tip clipper triggered 0 times
  0:02:40.280   539M / 8968M INFO   Simplification           (parallel_processing.hpp   : 168)   Running Complex bulge remover
  0:02:41.325   539M / 8968M INFO   Simplification           (parallel_processing.hpp   : 171)   Complex bulge remover triggered 0 times
  0:02:41.325   539M / 8968M INFO   Simplification           (parallel_processing.hpp   : 168)   Running Tip clipper
  0:02:41.325   539M / 8968M INFO   Simplification           (parallel_processing.hpp   : 171)   Tip clipper triggered 0 times
  0:02:41.325   539M / 8968M INFO   Simplification           (parallel_processing.hpp   : 168)   Running Final tip clipper
  0:02:41.325   539M / 8968M INFO   Simplification           (parallel_processing.hpp   : 171)   Final tip clipper triggered 0 times
  0:02:41.325   539M / 8968M INFO   Simplification           (parallel_processing.hpp   : 168)   Running Bulge remover
  0:02:41.325   539M / 8968M INFO   Simplification           (parallel_processing.hpp   : 171)   Bulge remover triggered 0 times
  0:02:41.325   539M / 8968M INFO   Simplification           (parallel_processing.hpp   : 168)   Running Thorn remover (meta)
  0:02:41.326   539M / 8968M INFO   Simplification           (parallel_processing.hpp   : 171)   Thorn remover (meta) triggered 0 times
  0:02:41.326   539M / 8968M INFO    General                 (simplification.cpp        : 344)   Running Hidden EC remover (meta)
  0:02:41.375   539M / 8968M INFO    General                 (simplification.cpp        : 348)   Disrupting self-conjugate edges
  0:02:41.479   539M / 8968M INFO   Simplification           (parallel_processing.hpp   : 168)   Running Removing isolated edges
  0:02:41.512   539M / 8968M INFO   Simplification           (parallel_processing.hpp   : 171)   Removing isolated edges triggered 1171 times
  0:02:41.535   538M / 8968M INFO    General                 (simplification.cpp        : 508)   After simplification:
  0:02:41.535   538M / 8968M INFO    General                 (simplification.cpp        : 509)     Average coverage = 6.61123
  0:02:41.556   538M / 8968M INFO    General                 (simplification.cpp        : 510)     Total length = 125949550
  0:02:41.592   538M / 8968M INFO    General                 (simplification.cpp        : 511)     Median edge length: 1819
  0:02:41.592   538M / 8968M INFO    General                 (simplification.cpp        : 512)     Edges: 376495
  0:02:41.592   538M / 8968M INFO    General                 (simplification.cpp        : 513)     Vertices: 634734
  0:02:41.592   538M / 8968M INFO   StageManager             (stage.cpp                 : 210)   STAGE == Contig Output (id: contig_output)
  0:02:41.592   538M / 8968M INFO    General                 (read_converter.cpp        : 135)   Outputting contigs to "${ARTICLE30_WORK_DIR}/assemblies/metaspades-coassembly/K33/simplified_contigs"
  0:02:41.604   541M / 8968M INFO    General                 (binary_converter.cpp      : 127)   16384 reads processed
  0:02:41.613   541M / 8968M INFO    General                 (binary_converter.cpp      : 127)   32768 reads processed
  0:02:41.628   541M / 8968M INFO    General                 (binary_converter.cpp      : 127)   65536 reads processed
  0:02:41.670   541M / 8968M INFO    General                 (binary_converter.cpp      : 127)   131072 reads processed
  0:02:41.717   541M / 8968M INFO    General                 (binary_converter.cpp      : 143)   188274 reads written
  0:02:41.722   538M / 8968M INFO    General                 (pipeline.cpp              : 305)   SPAdes finished
  0:02:41.936     1M / 8968M INFO    General                 (main.cpp                  : 131)   Assembling time: 0 hours 2 minutes 41 seconds

===== K33 finished. 


===== K55 started. 


== Running: ${HOME}/miniconda3/envs/metagenome-assembly-2026.07/bin/spades-core ${ARTICLE30_WORK_DIR}/assemblies/metaspades-coassembly/K55/configs/config.info ${ARTICLE30_WORK_DIR}/assemblies/metaspades-coassembly/K55/configs/mda_mode.info ${ARTICLE30_WORK_DIR}/assemblies/metaspades-coassembly/K55/configs/meta_mode.info

  0:00:00.000     1M / 17M   INFO    General                 (main.cpp                  :  94)   Loaded config from "${ARTICLE30_WORK_DIR}/assemblies/metaspades-coassembly/K55/configs/config.info"
  0:00:00.001     1M / 17M   INFO    General                 (main.cpp                  :  94)   Loaded config from "${ARTICLE30_WORK_DIR}/assemblies/metaspades-coassembly/K55/configs/mda_mode.info"
  0:00:00.001     1M / 17M   INFO    General                 (main.cpp                  :  94)   Loaded config from "${ARTICLE30_WORK_DIR}/assemblies/metaspades-coassembly/K55/configs/meta_mode.info"
  0:00:00.001     1M / 17M   INFO    General                 (memory_limit.cpp          :  55)   Memory limit set to 64 Gb
  0:00:00.001     1M / 17M   INFO    General                 (main.cpp                  : 102)   Starting SPAdes, built from N/A, git revision N/A
  0:00:00.001     1M / 17M   INFO    General                 (main.cpp                  : 103)   Maximum k-mer length: 128
  0:00:00.001     1M / 17M   INFO    General                 (main.cpp                  : 104)   Assembling dataset ("${ARTICLE30_WORK_DIR}/assemblies/metaspades-coassembly/dataset.info") with K=55
  0:00:00.001     1M / 17M   INFO    General                 (main.cpp                  : 105)   Maximum # of threads to use (adjusted due to OMP capabilities): 16
  0:00:00.001     1M / 17M   INFO    General                 (pipeline.cpp              : 221)   SPAdes started
  0:00:00.001     1M / 17M   INFO    General                 (pipeline.cpp              : 234)   Starting from stage: read_conversion
  0:00:00.001     1M / 17M   INFO    General                 (pipeline.cpp              : 245)   Two-step repeat resolution enabled
  0:00:00.001     1M / 17M   INFO   GraphCore                (graph_core.hpp            : 582)   Graph created, vertex min_id: 3, edge min_id: 3
  0:00:00.001     1M / 17M   INFO   GraphCore                (graph_core.hpp            : 583)   Vertex size: 48, edge size: 40
  0:00:00.001     1M / 17M   INFO    General                 (edge_index.hpp            : 132)   Size of edge index entries: 12/8
  0:00:00.001     1M / 17M   INFO    General                 (pipeline.cpp              : 256)   Will need read mapping, kmer mapper will be attached
  0:00:00.001     1M / 17M   INFO   StageManager             (stage.cpp                 : 210)   STAGE == Binary Read Conversion (id: read_conversion)
  0:00:00.002     1M / 17M   INFO    General                 (read_converter.cpp        :  57)   Binary reads detected
  0:00:00.017     1M / 17M   INFO   StageManager             (stage.cpp                 : 210)   STAGE == de Bruijn graph construction (id: construction)
  0:00:00.017     1M / 17M   INFO    General                 (construction.cpp          : 115)   Contigs from previous K will be used: ${ARTICLE30_WORK_DIR}/assemblies/metaspades-coassembly/K33/simplified_contigs
  0:00:00.018     1M / 17M   INFO    General                 (construction.cpp          : 150)   Max read length 150
  0:00:00.018     1M / 17M   INFO    General                 (construction.cpp          : 156)   Average read length 148.868
  0:00:00.018     1M / 17M   INFO    General                 (stage.cpp                 : 120)   PROCEDURE == k+1-mer counting (id: construction:kpomer_counting)
  0:00:00.018     1M / 17M   INFO    General                 (kmer_index_builder.hpp    : 308)   Splitting kmer instances into 160 files using 16 threads. This might take a while.
  0:00:00.021     1M / 17M   INFO    General                 (file_limit.hpp            :  43)   Open file limit set to 1048576
  0:00:00.022     1M / 17M   INFO    General                 (kmer_splitter.hpp         :  96)   Memory available for splitting buffers: 1.33332 Gb
  0:00:00.022     1M / 17M   INFO    General                 (kmer_splitter.hpp         : 104)   Using cell size of 209715
mimalloc: warning: thread 0x7258a0400640: unable to allocate aligned OS memory directly, fall back to over-allocation (67108864 bytes, address: 0x725894e00000, alignment: 67108864, commit: 1)
mimalloc: warning: thread 0x72589f000640: unable to allocate aligned OS memory directly, fall back to over-allocation (67108864 bytes, address: 0x72588ae00000, alignment: 67108864, commit: 1)
mimalloc: warning: thread 0x72589c800640: unable to allocate aligned OS memory directly, fall back to over-allocation (67108864 bytes, address: 0x725894e00000, alignment: 67108864, commit: 1)
  0:00:06.239  9602M / 9602M INFO    General                 (kmer_splitters.hpp        : 128)   Processed 11358529 reads
  0:00:11.125  9602M / 9602M INFO    General                 (kmer_splitters.hpp        : 128)   Processed 16371934 reads
  0:00:12.052  9602M / 9602M INFO    General                 (kmer_splitters.hpp        : 128)   Processed 16375512 reads
  0:00:12.056     2M / 8972M INFO    General                 (kmer_splitters.hpp        : 134)   Used 16375512 reads
  0:00:12.318     2M / 8972M INFO    General                 (kmer_index_builder.hpp    : 314)   Starting k-mer counting.
  0:00:13.242     2M / 8972M INFO    General                 (kmer_index_builder.hpp    : 325)   K-mer counting done. There are 229648101 kmers in total.
  0:00:13.242     1M / 8972M INFO    General                 (stage.cpp                 : 120)   PROCEDURE == Extension index construction (id: construction:extension_index_construction)
  0:00:13.245     2M / 8972M INFO   K-mer Index Building     (kmer_index_builder.hpp    : 503)   Building kmer index
  0:00:13.245     2M / 8972M INFO    General                 (kmer_index_builder.hpp    : 308)   Splitting kmer instances into 160 files using 16 threads. This might take a while.
  0:00:13.248     2M / 8972M INFO    General                 (file_limit.hpp            :  43)   Open file limit set to 1048576
  0:00:13.248     2M / 8972M INFO    General                 (kmer_splitter.hpp         :  96)   Memory available for splitting buffers: 1.3333 Gb
  0:00:13.248     2M / 8972M INFO    General                 (kmer_splitter.hpp         : 104)   Using cell size of 209715
  0:00:13.772  9602M / 9602M INFO    General                 (kmer_splitters.hpp        : 197)   Processed 11509463 kmers
  0:00:14.487  9602M / 9602M INFO    General                 (kmer_splitters.hpp        : 197)   Processed 28978360 kmers
  0:00:14.976  9602M / 9602M INFO    General                 (kmer_splitters.hpp        : 197)   Processed 41501049 kmers
  0:00:15.589  9602M / 9602M INFO    General                 (kmer_splitters.hpp        : 197)   Processed 57279887 kmers
  0:00:16.147  9602M / 9602M INFO    General                 (kmer_splitters.hpp        : 197)   Processed 70466304 kmers
  0:00:16.611  9602M / 9602M INFO    General                 (kmer_splitters.hpp        : 197)   Processed 82334908 kmers
  0:00:17.390  9602M / 9602M INFO    General                 (kmer_splitters.hpp        : 197)   Processed 102299038 kmers
  0:00:17.880  9602M / 9602M INFO    General                 (kmer_splitters.hpp        : 197)   Processed 114128495 kmers
  0:00:18.448  9602M / 9602M INFO    General                 (kmer_splitters.hpp        : 197)   Processed 126360740 kmers
  0:00:19.178  9602M / 9602M INFO    General                 (kmer_splitters.hpp        : 197)   Processed 143450711 kmers
  0:00:19.692  9602M / 9602M INFO    General                 (kmer_splitters.hpp        : 197)   Processed 155827057 kmers
  0:00:20.378  9602M / 9602M INFO    General                 (kmer_splitters.hpp        : 197)   Processed 172103892 kmers
  0:00:20.977  9602M / 9602M INFO    General                 (kmer_splitters.hpp        : 197)   Processed 185813251 kmers
  0:00:21.501  9602M / 9602M INFO    General                 (kmer_splitters.hpp        : 197)   Processed 197773672 kmers
  0:00:22.296  9602M / 9602M INFO    General                 (kmer_splitters.hpp        : 197)   Processed 216955925 kmers
  0:00:22.772  9602M / 9602M INFO    General                 (kmer_splitters.hpp        : 197)   Processed 228797796 kmers
  0:00:22.879  9602M / 9602M INFO    General                 (kmer_splitters.hpp        : 197)   Processed 229649445 kmers
  0:00:22.880  9602M / 9602M INFO    General                 (kmer_splitters.hpp        : 202)   Used 229649445 kmers.
  0:00:22.883     2M / 8972M INFO    General                 (kmer_index_builder.hpp    : 314)   Starting k-mer counting.
  0:00:24.649     2M / 8972M INFO    General                 (kmer_index_builder.hpp    : 325)   K-mer counting done. There are 229843668 kmers in total.
  0:00:24.649     2M / 8972M INFO   K-mer Index Building     (kmer_index_builder.hpp    : 460)   Building perfect hash indices
  0:00:27.961   164M / 8972M INFO   K-mer Index Building     (kmer_index_builder.hpp    : 496)   Index built. Total 229843668 kmers, 166126240 bytes occupied (5.78223 bits per kmer).
  0:00:27.962   164M / 8972M INFO    General                 (kmer_index_builder.hpp    : 191)   Merging final buckets.
  0:00:41.244   384M / 8972M INFO   DeBruijnExtensionIndexBu (kmer_extension_index_build: 101)   Building k-mer extensions from k+1-mers
  0:00:54.212   384M / 8972M INFO   DeBruijnExtensionIndexBu (kmer_extension_index_build: 106)   Building k-mer extensions from k+1-mers finished.
  0:00:54.405   383M / 8972M INFO    General                 (stage.cpp                 : 120)   PROCEDURE == Condensing graph (id: construction:graph_condensing)
  0:00:54.407   384M / 8972M INFO   UnbranchingPathExtractor (debruijn_graph_constructor: 324)   Extracting unbranching paths
  0:01:11.086   633M / 8972M INFO   UnbranchingPathExtractor (debruijn_graph_constructor: 348)   Extracting unbranching paths finished. 4723746 sequences extracted
  0:01:19.172   632M / 8972M INFO   UnbranchingPathExtractor (debruijn_graph_constructor: 362)   Collecting perfect loops
  0:01:20.884   633M / 8972M INFO   UnbranchingPathExtractor (debruijn_graph_constructor: 395)   Collecting perfect loops finished. 0 loops collected
  0:01:21.258   632M / 8972M INFO   DeBruijnGraphConstructor (debruijn_graph_constructor: 597)   Sorting edges...
  0:01:21.493   632M / 8972M INFO   DeBruijnGraphConstructor (debruijn_graph_constructor: 602)   Edges sorted
  0:01:21.494   632M / 8972M INFO    General                 (debruijn_graph_constructor: 511)   Total 9447492 edges to create
  0:01:21.494   998M / 8972M INFO    General                 (debruijn_graph_constructor: 514)   Collecting link records
  0:01:25.822  1146M / 8972M INFO    General                 (debruijn_graph_constructor: 521)   Total short graph edges: 913440
  0:01:25.823  1146M / 8972M INFO    General                 (debruijn_graph_constructor: 523)   Ordering link records
  0:01:25.935  1146M / 8972M INFO    General                 (debruijn_graph_constructor: 529)   Sorting done
  0:01:26.048  1210M / 8972M INFO    General                 (debruijn_graph_constructor: 542)   Sorting LinkRecords...
  0:01:26.159  1210M / 8972M INFO    General                 (debruijn_graph_constructor: 548)   LinkRecords sorted
  0:01:26.159  1210M / 8972M INFO    General                 (debruijn_graph_constructor: 550)   Total 4919313 vertices to create
  0:01:26.160  1667M / 8972M INFO    General                 (debruijn_graph_constructor: 553)   Connecting the graph
  0:01:34.029  1379M / 8972M INFO    General                 (stage.cpp                 : 120)   PROCEDURE == Filling coverage indices (PHM) (id: construction:coverage_filling_phm)
  0:01:34.029  1379M / 8972M INFO   K-mer Index Building     (kmer_index_builder.hpp    : 460)   Building perfect hash indices
  0:01:37.250  1541M / 8972M INFO   K-mer Index Building     (kmer_index_builder.hpp    : 496)   Index built. Total 229648101 kmers, 165984880 bytes occupied (5.78223 bits per kmer).
  0:01:37.865  2421M / 8972M INFO    General                 (coverage_hash_map_builder.:  49)   Collecting k-mer coverage information from reads, this takes a while.
  0:01:59.722  2421M / 8972M INFO    General                 (construction.cpp          : 400)   Filling coverage and flanking coverage from PHM
  0:02:13.969  2421M / 8972M INFO    General                 (coverage_filling.hpp      :  83)   Processed 9447472 edges
  0:02:15.960   996M / 8972M INFO   StageManager             (stage.cpp                 : 210)   STAGE == Gap Closer (id: early_gapcloser)
  0:02:15.976  1010M / 8972M INFO    General                 (edge_index.hpp            : 132)   Size of edge index entries: 12/8
  0:02:16.659  1078M / 8972M INFO    General                 (gap_closer.cpp            : 117)   Total edges in tip neighborhood: 2998345 out of 9447472, length: 185987548
  0:02:16.997  1118M / 8972M INFO    General                 (edge_index.hpp            : 196)   Using small index (max_id = 9494732)
  0:02:17.511  1118M / 8972M INFO   K-mer Index Building     (kmer_index_builder.hpp    : 460)   Building perfect hash indices
  0:02:24.632  1211M / 8972M INFO   K-mer Index Building     (kmer_index_builder.hpp    : 496)   Index built. Total 133209139 kmers, 96212928 bytes occupied (5.77816 bits per kmer).
  0:02:25.419  2231M / 8972M INFO    General                 (edge_index_builders.hpp   : 266)   Collecting edge information from graph, this takes a while.
  0:02:29.278  2191M / 8972M INFO    General                 (sequence_mapper_notifier.h:  80)   Starting sequence mapping
  0:02:46.236  2194M / 8972M INFO    General                 (sequence_mapper_notifier.h: 101)   Processed 200000 reads
  0:02:46.395  2196M / 8972M INFO    General                 (sequence_mapper_notifier.h: 101)   Processed 400000 reads
  0:02:46.397  2189M / 8972M INFO    General                 (sequence_mapper_notifier.h: 101)   Processed 600000 reads
  0:02:46.445  2191M / 8972M INFO    General                 (sequence_mapper_notifier.h: 101)   Processed 800000 reads
  0:02:46.608  2193M / 8972M INFO    General                 (sequence_mapper_notifier.h: 101)   Processed 1000000 reads
  0:02:46.641  2196M / 8972M INFO    General                 (sequence_mapper_notifier.h: 101)   Processed 1200000 reads
  0:02:48.467  2198M / 8972M INFO    General                 (sequence_mapper_notifier.h: 101)   Processed 2200000 reads
  0:02:55.371  2277M / 8972M INFO    General                 (sequence_mapper_notifier.h: 120)   Total 3999741 reads processed
  0:02:56.364  1199M / 8972M INFO    General                 (gap_closer.cpp            : 505)   Initializing gap closer
  0:02:56.367  1199M / 8972M INFO   GapCloser                (gap_closer.cpp            : 421)   Collecting gap candidates
  0:02:56.787  1208M / 8972M INFO   GapCloser                (gap_closer.cpp            : 425)   Total 165387 tips collected, total 179880 connection candidates
  0:02:57.439  1208M / 8972M INFO   GapCloser                (gap_closer.cpp            : 446)   Closing short gaps complete: filled 9661 gaps after checking 167070 candidates
  0:02:57.681  1199M / 8972M INFO    General                 (gap_closer.cpp            : 510)   Gap closer done
  0:02:57.838   996M / 8972M INFO   StageManager             (stage.cpp                 : 210)   STAGE == Raw Simplification (id: raw_simplification)
  0:02:57.847   996M / 8972M INFO    General                 (simplification.cpp        : 129)   PROCEDURE == Initial cleaning
  0:02:57.847   996M / 8972M INFO   Simplification           (parallel_processing.hpp   : 168)   Running Self conjugate edge remover
  0:02:58.052   996M / 8972M INFO   Simplification           (parallel_processing.hpp   : 171)   Self conjugate edge remover triggered 8 times
  0:02:58.053   996M / 8972M INFO   Simplification           (parallel_processing.hpp   : 168)   Running Initial tip clipper
  0:03:06.863  1026M / 8972M INFO   Simplification           (parallel_processing.hpp   : 171)   Initial tip clipper triggered 1122505 times
  0:03:06.872  1026M / 8972M INFO   Simplification           (parallel_processing.hpp   : 168)   Running Initial ec remover
  0:03:07.236  1026M / 8972M INFO   Simplification           (parallel_processing.hpp   : 171)   Initial ec remover triggered 12244 times
  0:03:07.237  1026M / 8972M INFO   Simplification           (parallel_processing.hpp   : 168)   Running Disconnecting edges with low flanking coverage
  0:03:07.684  1031M / 8972M INFO   Simplification           (parallel_processing.hpp   : 171)   Disconnecting edges with low flanking coverage triggered 25016 times
  0:03:07.684  1031M / 8972M INFO   Simplification           (parallel_processing.hpp   : 168)   Running Initial isolated edge remover
  0:03:08.379  1022M / 8972M INFO   Simplification           (parallel_processing.hpp   : 171)   Initial isolated edge remover triggered 373298 times
  0:03:08.386   920M / 8972M INFO   StageManager             (stage.cpp                 : 210)   STAGE == Preliminary Simplification (id: simplification_preliminary)
  0:03:08.386   920M / 8972M INFO    General                 (simplification.cpp        : 397)   Graph simplification started
  0:03:08.386   920M / 8972M INFO    General                 (graph_simplification.hpp  : 646)   Creating parallel br instance
  0:03:08.386   920M / 8972M INFO    General                 (simplification.cpp        : 402)   PROCEDURE == Simplification cycle, iteration 1
  0:03:08.387   920M / 8972M INFO   Simplification           (parallel_processing.hpp   : 168)   Running Tip clipper
  0:03:12.208   920M / 8972M INFO   Simplification           (parallel_processing.hpp   : 171)   Tip clipper triggered 525092 times
  0:03:12.216   920M / 8972M INFO   Simplification           (parallel_processing.hpp   : 168)   Running Bulge remover
  0:03:58.875  2280M / 8972M INFO   Simplification           (parallel_processing.hpp   : 171)   Bulge remover triggered 251516 times
  0:03:58.879  2280M / 8972M INFO   Simplification           (parallel_processing.hpp   : 168)   Running Low coverage edge remover
  0:03:58.944  2282M / 8972M INFO   Simplification           (parallel_processing.hpp   : 171)   Low coverage edge remover triggered 13 times
  0:03:58.946  2282M / 8972M INFO    General                 (simplification.cpp        : 402)   PROCEDURE == Simplification cycle, iteration 2
  0:03:58.947  2282M / 8972M INFO   Simplification           (parallel_processing.hpp   : 168)   Running Tip clipper
  0:03:59.054  2282M / 8972M INFO   Simplification           (parallel_processing.hpp   : 171)   Tip clipper triggered 1532 times
  0:03:59.056  2282M / 8972M INFO   Simplification           (parallel_processing.hpp   : 168)   Running Bulge remover
  0:03:59.060  2280M / 8972M INFO   Simplification           (parallel_processing.hpp   : 171)   Bulge remover triggered 8 times
  0:03:59.062  2280M / 8972M INFO   Simplification           (parallel_processing.hpp   : 168)   Running Low coverage edge remover
  0:03:59.901  2279M / 8972M INFO   Simplification           (parallel_processing.hpp   : 171)   Low coverage edge remover triggered 25542 times
  0:03:59.904  2279M / 8972M INFO    General                 (simplification.cpp        : 402)   PROCEDURE == Simplification cycle, iteration 3
  0:03:59.905  2279M / 8972M INFO   Simplification           (parallel_processing.hpp   : 168)   Running Tip clipper
  0:03:59.939  2278M / 8972M INFO   Simplification           (parallel_processing.hpp   : 171)   Tip clipper triggered 517 times
  0:03:59.940  2278M / 8972M INFO   Simplification           (parallel_processing.hpp   : 168)   Running Bulge remover
  0:04:00.041  2280M / 8972M INFO   Simplification           (parallel_processing.hpp   : 171)   Bulge remover triggered 295 times
  0:04:00.042  2280M / 8972M INFO   Simplification           (parallel_processing.hpp   : 168)   Running Low coverage edge remover
  0:04:00.122  2280M / 8972M INFO   Simplification           (parallel_processing.hpp   : 171)   Low coverage edge remover triggered 2353 times
  0:04:00.123  2280M / 8972M INFO    General                 (simplification.cpp        : 402)   PROCEDURE == Simplification cycle, iteration 4
  0:04:00.124  2280M / 8972M INFO   Simplification           (parallel_processing.hpp   : 168)   Running Tip clipper
  0:04:00.182  2280M / 8972M INFO   Simplification           (parallel_processing.hpp   : 171)   Tip clipper triggered 25 times
  0:04:00.184  2280M / 8972M INFO   Simplification           (parallel_processing.hpp   : 168)   Running Bulge remover
  0:04:00.280  2280M / 8972M INFO   Simplification           (parallel_processing.hpp   : 171)   Bulge remover triggered 38 times
  0:04:00.282  2280M / 8972M INFO   Simplification           (parallel_processing.hpp   : 168)   Running Low coverage edge remover
  0:04:00.334  2280M / 8972M INFO   Simplification           (parallel_processing.hpp   : 171)   Low coverage edge remover triggered 0 times
  0:04:00.336  2280M / 8972M INFO    General                 (simplification.cpp        : 402)   PROCEDURE == Simplification cycle, iteration 5
  0:04:00.337  2280M / 8972M INFO   Simplification           (parallel_processing.hpp   : 168)   Running Tip clipper
  0:04:00.338  2280M / 8972M INFO   Simplification           (parallel_processing.hpp   : 171)   Tip clipper triggered 0 times
  0:04:00.339  2280M / 8972M INFO   Simplification           (parallel_processing.hpp   : 168)   Running Bulge remover
  0:04:00.340  2280M / 8972M INFO   Simplification           (parallel_processing.hpp   : 171)   Bulge remover triggered 0 times
  0:04:00.341  2280M / 8972M INFO   Simplification           (parallel_processing.hpp   : 168)   Running Low coverage edge remover
  0:04:00.342  2280M / 8972M INFO   Simplification           (parallel_processing.hpp   : 171)   Low coverage edge remover triggered 0 times
  0:04:00.400  2244M / 8972M INFO   StageManager             (stage.cpp                 : 210)   STAGE == Gap Closer (id: prelim_gapcloser)
  0:04:00.404  2257M / 8972M INFO    General                 (edge_index.hpp            : 132)   Size of edge index entries: 12/8
  0:04:00.504  2266M / 8972M INFO    General                 (gap_closer.cpp            : 117)   Total edges in tip neighborhood: 295159 out of 381971, length: 168878148
  0:04:00.518  2268M / 8972M INFO    General                 (edge_index.hpp            : 196)   Using small index (max_id = 9494732)
  0:04:00.815  2269M / 8972M INFO   K-mer Index Building     (kmer_index_builder.hpp    : 460)   Building perfect hash indices
  0:04:04.855  2337M / 8972M INFO   K-mer Index Building     (kmer_index_builder.hpp    : 496)   Index built. Total 93560894 kmers, 67579944 bytes occupied (5.77848 bits per kmer).
  0:04:05.411  3053M / 8972M INFO    General                 (edge_index_builders.hpp   : 266)   Collecting edge information from graph, this takes a while.
  0:04:07.882  3050M / 8972M INFO    General                 (sequence_mapper_notifier.h:  80)   Starting sequence mapping
  0:04:32.287  3051M / 8972M INFO    General                 (sequence_mapper_notifier.h: 101)   Processed 200000 reads
  0:04:32.359  3052M / 8972M INFO    General                 (sequence_mapper_notifier.h: 101)   Processed 400000 reads
  0:04:32.448  3053M / 8972M INFO    General                 (sequence_mapper_notifier.h: 101)   Processed 600000 reads
  0:04:32.509  3054M / 8972M INFO    General                 (sequence_mapper_notifier.h: 101)   Processed 800000 reads
  0:04:32.646  3055M / 8972M INFO    General                 (sequence_mapper_notifier.h: 101)   Processed 1000000 reads
  0:04:32.696  3056M / 8972M INFO    General                 (sequence_mapper_notifier.h: 101)   Processed 1200000 reads
  0:04:38.836  3056M / 8972M INFO    General                 (sequence_mapper_notifier.h: 101)   Processed 2200000 reads
  0:04:47.955  3064M / 8972M INFO    General                 (sequence_mapper_notifier.h: 120)   Total 3999741 reads processed
  0:04:48.276  2295M / 8972M INFO    General                 (gap_closer.cpp            : 505)   Initializing gap closer
  0:04:48.277  2295M / 8972M INFO   GapCloser                (gap_closer.cpp            : 421)   Collecting gap candidates
  0:04:48.494  2302M / 8972M INFO   GapCloser                (gap_closer.cpp            : 425)   Total 120541 tips collected, total 123608 connection candidates
  0:04:48.939  2302M / 8972M INFO   GapCloser                (gap_closer.cpp            : 446)   Closing short gaps complete: filled 4616 gaps after checking 118496 candidates
  0:04:49.073  2295M / 8972M INFO    General                 (gap_closer.cpp            : 510)   Gap closer done
  0:04:49.118  2244M / 8972M INFO   StageManager             (stage.cpp                 : 210)   STAGE == Preliminary Paired Information Counting (id: late_pair_info_count_preliminary)
  0:04:49.609  2388M / 8972M INFO    General                 (graph_pack_helpers.cpp    :  43)   Index refill
  0:04:49.611  2388M / 8972M INFO    General                 (edge_index.hpp            : 175)   Using small index (max_id = 9494732)
  0:04:50.889  2388M / 8972M INFO   K-mer Index Building     (kmer_index_builder.hpp    : 460)   Building perfect hash indices
  0:05:07.370  2476M / 8972M INFO   K-mer Index Building     (kmer_index_builder.hpp    : 496)   Index built. Total 125253703 kmers, 90505952 bytes occupied (5.78065 bits per kmer).
  0:05:08.114  3432M / 8972M INFO    General                 (edge_index_builders.hpp   : 253)   Collecting edge information from graph, this takes a while.
  0:05:17.387  3432M / 8972M INFO    General                 (graph_pack_helpers.cpp    :  55)   Normalizing k-mer map. Total 29185224 kmers to process
  0:05:28.227  3455M / 8972M INFO    General                 (kmer_mapper.hpp           :  87)   Total 124362 kmers with non-trivial roots
  0:05:28.242  3432M / 8972M INFO    General                 (graph_pack_helpers.cpp    :  57)   Normalizing done
  0:05:28.244  3432M / 8972M INFO    General                 (pair_info_count.cpp       : 165)   Min edge length for estimation: 900
  0:05:28.245  3432M / 8972M INFO    General                 (pair_info_count.cpp       : 176)   Estimating insert size for library #0
  0:05:28.246  3432M / 8972M INFO    General                 (pair_info_count.cpp       :  41)   Selecting usual mapper
  0:05:28.247  3432M / 8972M INFO    General                 (paired_info_utils.cpp     : 102)   Estimating insert size (takes a while)
  0:05:28.439  3704M / 8972M INFO    General                 (sequence_mapper_notifier.h:  80)   Starting sequence mapping
  0:05:35.319  3704M / 8972M INFO    General                 (sequence_mapper_notifier.h: 101)   Processed 200000 reads
  0:05:35.380  3704M / 8972M INFO    General                 (sequence_mapper_notifier.h: 101)   Processed 400000 reads
  0:05:35.858  3704M / 8972M INFO    General                 (sequence_mapper_notifier.h: 101)   Processed 600000 reads
  0:05:35.940  3704M / 8972M INFO    General                 (sequence_mapper_notifier.h: 101)   Processed 800000 reads
  0:05:36.089  3704M / 8972M INFO    General                 (sequence_mapper_notifier.h: 101)   Processed 1000000 reads
  0:05:36.158  3705M / 8972M INFO    General                 (sequence_mapper_notifier.h: 101)   Processed 1200000 reads
  0:05:37.253  3705M / 8972M INFO    General                 (sequence_mapper_notifier.h: 101)   Processed 2100000 reads
  0:05:42.642  3704M / 8972M INFO    General                 (sequence_mapper_notifier.h: 120)   Total 3999741 reads processed
  0:05:42.751  3704M / 8972M INFO    General                 (paired_info_utils.cpp     : 119)   Edge pairs: 648351
  0:05:42.752  3704M / 8972M INFO    General                 (paired_info_utils.cpp     : 121)   2929533 paired reads (73.2431% of all) aligned to long edges
  0:05:42.755  3432M / 8972M INFO    General                 (pair_info_count.cpp       : 196)     Insert size = 432.582, deviation = 93.2526, left quantile = 323, right quantile = 553, read length = 150
  0:05:42.765  3432M / 8972M INFO    General                 (pair_info_count.cpp       : 211)   Filtering data for library #0
  0:05:42.766  3432M / 8972M INFO    General                 (pair_info_count.cpp       :  41)   Selecting usual mapper
  0:05:42.768  3434M / 8972M INFO    General                 (sequence_mapper_notifier.h:  80)   Starting sequence mapping
  0:05:49.501  3434M / 8972M INFO    General                 (sequence_mapper_notifier.h: 101)   Processed 200000 reads
  0:05:49.679  3434M / 8972M INFO    General                 (sequence_mapper_notifier.h: 101)   Processed 400000 reads
  0:05:49.987  3434M / 8972M INFO    General                 (sequence_mapper_notifier.h: 101)   Processed 600000 reads
  0:05:50.273  3434M / 8972M INFO    General                 (sequence_mapper_notifier.h: 101)   Processed 800000 reads
  0:05:50.432  3434M / 8972M INFO    General                 (sequence_mapper_notifier.h: 101)   Processed 1000000 reads
  0:05:50.672  3434M / 8972M INFO    General                 (sequence_mapper_notifier.h: 101)   Processed 1200000 reads
  0:05:51.540  3434M / 8972M INFO    General                 (sequence_mapper_notifier.h: 101)   Processed 2100000 reads
  0:05:56.409  3434M / 8972M INFO    General                 (sequence_mapper_notifier.h: 120)   Total 3999741 reads processed
  0:05:56.411  3434M / 8972M INFO    General                 (pair_info_count.cpp       : 216)   Mapping library #0
  0:05:56.412  3434M / 8972M INFO    General                 (pair_info_count.cpp       : 218)   Mapping paired reads (takes a while)
  0:05:56.413  3434M / 8972M INFO    General                 (pair_info_count.cpp       :  41)   Selecting usual mapper
  0:05:56.414  3434M / 8972M INFO    General                 (paired_info_utils.cpp     : 152)   Left insert size quantile 323, right insert size quantile 553, filtering threshold 1, rounding threshold 0
  0:05:56.419  3447M / 8972M INFO    General                 (sequence_mapper_notifier.h:  80)   Starting sequence mapping
  0:06:03.414  3450M / 8972M INFO    General                 (sequence_mapper_notifier.h: 101)   Processed 200000 reads
  0:06:03.595  3453M / 8972M INFO    General                 (sequence_mapper_notifier.h: 101)   Processed 400000 reads
  0:06:04.000  3456M / 8972M INFO    General                 (sequence_mapper_notifier.h: 101)   Processed 600000 reads
  0:06:04.202  3459M / 8972M INFO    General                 (sequence_mapper_notifier.h: 101)   Processed 800000 reads
  0:06:04.375  3461M / 8972M INFO    General                 (sequence_mapper_notifier.h: 101)   Processed 1000000 reads
  0:06:04.590  3464M / 8972M INFO    General                 (sequence_mapper_notifier.h: 101)   Processed 1200000 reads
  0:06:05.734  3467M / 8972M INFO    General                 (sequence_mapper_notifier.h: 101)   Processed 2100000 reads
  0:06:10.343  3494M / 8972M INFO    General                 (sequence_mapper_notifier.h: 120)   Total 3999741 reads processed
  0:06:10.449  3490M / 8972M INFO   StageManager             (stage.cpp                 : 210)   STAGE == Preliminary Distance Estimation (id: distance_estimation_preliminary)
  0:06:10.451  3490M / 8972M INFO    General                 (distance_estimation.cpp   :  75)   Processing library #0
  0:06:10.452  3490M / 8972M INFO    General                 (distance_estimation_utils.:  23)   Estimating distances
  0:06:10.453  3490M / 8972M INFO   DistanceEstimator        (distance_estimation.hpp   : 132)   Using SIMPLE distance estimator
  0:06:16.979  3506M / 8972M INFO    General                 (distance_estimation_utils.: 137)   Refining clustered pair information
  0:06:17.117  3506M / 8972M INFO    General                 (distance_estimation_utils.: 139)   The refining of clustered pair information has been finished
  0:06:17.118  3506M / 8972M INFO    General                 (distance_estimation_utils.: 141)   Improving paired information
  0:06:17.595  3513M / 8972M INFO   PairInfoImprover         (pair_info_improver.hpp    :  80)   Paired info stats: missing = 149324; contradictional = 0
  0:06:18.091  3514M / 8972M INFO   PairInfoImprover         (pair_info_improver.hpp    :  80)   Paired info stats: missing = 15510; contradictional = 0
  0:06:18.093  3514M / 8972M INFO    General                 (distance_estimation_utils.:  81)   Filling scaffolding index
  0:06:18.094  3514M / 8972M INFO    General                 (distance_estimation_utils.:  23)   Estimating distances
  0:06:18.095  3514M / 8972M INFO   DistanceEstimator        (distance_estimation.hpp   : 132)   Using SMOOTHING distance estimator
  0:06:24.887  3517M / 8972M INFO    General                 (distance_estimation.cpp   :  84)   Clearing raw paired index
  0:06:24.989  3459M / 8972M INFO   StageManager             (stage.cpp                 : 210)   STAGE == Preliminary Repeat Resolving (id: repeat_resolving_preliminary)
  0:06:24.994  3459M / 8972M INFO    General                 (repeat_resolving.cpp      :  75)   Setting up preliminary path extend settings
  0:06:24.995  3459M / 8972M INFO    General                 (repeat_resolving.cpp      :  88)   Using Path-Extend repeat resolving
  0:06:24.996  3459M / 8972M INFO    General                 (launcher.cpp              : 636)   ExSPAnder repeat resolving tool started
  0:06:25.205  3554M / 8972M INFO    General                 (launcher.cpp              : 444)   Creating main extenders, unique edge length = 2000
  0:06:25.207  3554M / 8972M INFO    General                 (extenders_logic.cpp       : 352)   Creating extender; library index size: 842638
  0:06:25.208  3571M / 8972M INFO    General                 (extenders_logic.cpp       : 352)   Creating extender; library index size: 842638
  0:06:25.304  3617M / 8972M INFO    General                 (extenders_logic.cpp       : 550)   Using 1 paired-end library
  0:06:25.306  3617M / 8972M INFO    General                 (extenders_logic.cpp       : 551)   Using 1 paired-end scaffolding library
  0:06:25.307  3617M / 8972M INFO    General                 (extenders_logic.cpp       : 552)   Using 0 single read libraries
  0:06:25.308  3617M / 8972M INFO    General                 (launcher.cpp              : 473)   Total number of extenders is 3
  0:06:25.310  3617M / 8972M INFO    General                 (path_extenders.cpp        :  36)   Processed 0 paths from 185655 (0%)
  0:06:25.522  3624M / 8972M INFO    General                 (path_extenders.cpp        :  34)   Processed 128 paths from 185655 (0%)
  0:06:25.653  3627M / 8972M INFO    General                 (path_extenders.cpp        :  34)   Processed 256 paths from 185655 (0%)
  0:06:25.888  3633M / 8972M INFO    General                 (path_extenders.cpp        :  34)   Processed 512 paths from 185655 (0%)
  0:06:26.111  3637M / 8972M INFO    General                 (path_extenders.cpp        :  34)   Processed 1024 paths from 185655 (0%)
  0:06:26.445  3641M / 8972M INFO    General                 (path_extenders.cpp        :  34)   Processed 2048 paths from 185655 (1%)
  0:06:26.898  3646M / 8972M INFO    General                 (path_extenders.cpp        :  34)   Processed 4096 paths from 185655 (2%)
  0:06:27.597  3652M / 8972M INFO    General                 (path_extenders.cpp        :  34)   Processed 8192 paths from 185655 (4%)
  0:06:28.578  3659M / 8972M INFO    General                 (path_extenders.cpp        :  34)   Processed 16384 paths from 185655 (8%)
  0:06:28.788  3660M / 8972M INFO    General                 (path_extenders.cpp        :  36)   Processed 18566 paths from 185655 (10%)
  0:06:29.825  3669M / 8972M INFO    General                 (path_extenders.cpp        :  34)   Processed 32768 paths from 185655 (17%)
  0:06:30.091  3672M / 8972M INFO    General                 (path_extenders.cpp        :  36)   Processed 37132 paths from 185655 (20%)
  0:06:30.998  3682M / 8972M INFO    General                 (path_extenders.cpp        :  36)   Processed 55698 paths from 185655 (30%)
  0:06:31.518  3688M / 8972M INFO    General                 (path_extenders.cpp        :  34)   Processed 65536 paths from 185655 (35%)
  0:06:31.831  3693M / 8972M INFO    General                 (path_extenders.cpp        :  36)   Processed 74264 paths from 185655 (40%)
  0:06:32.404  3704M / 8972M INFO    General                 (path_extenders.cpp        :  36)   Processed 92830 paths from 185655 (50%)
  0:06:32.732  3713M / 8972M INFO    General                 (path_extenders.cpp        :  36)   Processed 111396 paths from 185655 (60%)
  0:06:32.970  3722M / 8972M INFO    General                 (path_extenders.cpp        :  36)   Processed 129962 paths from 185655 (70%)
  0:06:32.987  3722M / 8972M INFO    General                 (path_extenders.cpp        :  34)   Processed 131072 paths from 185655 (70%)
  0:06:33.192  3731M / 8972M INFO    General                 (path_extenders.cpp        :  36)   Processed 148528 paths from 185655 (80%)
  0:06:33.904  3749M / 8972M INFO    General                 (path_extenders.cpp        :  36)   Processed 167094 paths from 185655 (90%)
  0:06:34.428  3684M / 8972M INFO    General                 (launcher.cpp              : 264)   Finalizing paths
  0:06:34.430  3684M / 8972M INFO    General                 (launcher.cpp              : 266)   Deduplicating paths
  0:06:34.557  3681M / 8972M INFO    General                 (launcher.cpp              : 270)   Paths deduplicated
  0:06:34.559  3681M / 8972M INFO    General                 (launcher.cpp              : 277)   Overlaps will not be removed
  0:06:34.653  3681M / 8972M INFO    General                 (launcher.cpp              : 287)   Paths finalized
  0:06:34.655  3681M / 8972M INFO    General                 (launcher.cpp              : 482)   Closing gaps in paths
  0:06:34.943  3747M / 8972M INFO    General                 (launcher.cpp              : 512)   Gap closing completed
  0:06:35.129  3549M / 8972M INFO    General                 (launcher.cpp              : 320)   Traversing tandem repeats
  0:06:37.966  3549M / 8972M INFO    General                 (launcher.cpp              : 330)   Traversed 35 loops
  0:06:37.969  3549M / 8972M INFO    General                 (launcher.cpp              : 264)   Finalizing paths
  0:06:37.970  3549M / 8972M INFO    General                 (launcher.cpp              : 266)   Deduplicating paths
  0:06:38.071  3549M / 8972M INFO    General                 (launcher.cpp              : 270)   Paths deduplicated
  0:06:38.073  3549M / 8972M INFO    General                 (launcher.cpp              : 277)   Overlaps will not be removed
  0:06:38.160  3549M / 8972M INFO    General                 (launcher.cpp              : 287)   Paths finalized
  0:06:38.162  3549M / 8972M INFO    General                 (launcher.cpp              : 701)   ExSPAnder repeat resolving tool finished
  0:06:38.183  3525M / 8972M INFO    General                 (repeat_resolving.cpp      :  94)   Restoring initial path extend settings
  0:06:38.186  3525M / 8972M INFO   StageManager             (stage.cpp                 : 210)   STAGE == Contig Output (id: contig_output)
  0:06:38.187  3525M / 8972M INFO    General                 (contig_output_stage.cpp   : 159)   Writing GFA graph to "${ARTICLE30_WORK_DIR}/assemblies/metaspades-coassembly/K55/strain_graph.gfa"
  0:06:38.925  3525M / 8972M INFO    General                 (contig_output_stage.cpp   : 210)   Breaking scaffolds
  0:06:40.144  3806M / 8972M INFO    General                 (contig_output_stage.cpp   : 101)   Outputting contigs to ${ARTICLE30_WORK_DIR}/assemblies/metaspades-coassembly/K55/final_contigs.fasta
  0:06:40.754  3525M / 8972M INFO   StageManager             (stage.cpp                 : 210)   STAGE == Second Phase Setup (id: second_phase_setup)
  0:06:40.761  3525M / 8972M INFO    General                 (second_phase_setup.cpp    :  18)   Preparing second phase
  0:06:40.912  3291M / 8972M INFO    General                 (second_phase_setup.cpp    :  25)   Moving preliminary contigs from "${ARTICLE30_WORK_DIR}/assemblies/metaspades-coassembly/K55/final_contigs.fasta" to "${ARTICLE30_WORK_DIR}/assemblies/metaspades-coassembly/K55/first_pe_contigs.fasta"
  0:06:40.927  3291M / 8972M INFO    General                 (second_phase_setup.cpp    :  37)   Ready to run second phase
  0:06:40.928  3291M / 8972M INFO   StageManager             (stage.cpp                 : 210)   STAGE == Simplification (id: simplification)
  0:06:41.036  2248M / 8972M INFO    General                 (simplification.cpp        : 397)   Graph simplification started
  0:06:41.049  2248M / 8972M INFO    General                 (graph_simplification.hpp  : 646)   Creating parallel br instance
  0:06:41.050  2248M / 8972M INFO    General                 (simplification.cpp        : 402)   PROCEDURE == Simplification cycle, iteration 1
  0:06:41.051  2248M / 8972M INFO   Simplification           (parallel_processing.hpp   : 168)   Running Tip clipper
  0:06:41.097  2248M / 8972M INFO   Simplification           (parallel_processing.hpp   : 171)   Tip clipper triggered 0 times
  0:06:41.099  2248M / 8972M INFO   Simplification           (parallel_processing.hpp   : 168)   Running Bulge remover
  0:06:43.896  2317M / 8972M INFO   Simplification           (parallel_processing.hpp   : 171)   Bulge remover triggered 7995 times
  0:06:43.899  2317M / 8972M INFO   Simplification           (parallel_processing.hpp   : 168)   Running Low coverage edge remover
  0:06:43.950  2317M / 8972M INFO   Simplification           (parallel_processing.hpp   : 171)   Low coverage edge remover triggered 0 times
  0:06:43.951  2317M / 8972M INFO    General                 (simplification.cpp        : 402)   PROCEDURE == Simplification cycle, iteration 2
  0:06:43.952  2317M / 8972M INFO   Simplification           (parallel_processing.hpp   : 168)   Running Tip clipper
  0:06:43.956  2317M / 8972M INFO   Simplification           (parallel_processing.hpp   : 171)   Tip clipper triggered 10 times
  0:06:43.957  2317M / 8972M INFO   Simplification           (parallel_processing.hpp   : 168)   Running Bulge remover
  0:06:43.958  2317M / 8972M INFO   Simplification           (parallel_processing.hpp   : 171)   Bulge remover triggered 0 times
  0:06:43.959  2317M / 8972M INFO   Simplification           (parallel_processing.hpp   : 168)   Running Low coverage edge remover
  0:06:43.960  2317M / 8972M INFO   Simplification           (parallel_processing.hpp   : 171)   Low coverage edge remover triggered 0 times
  0:06:43.961  2317M / 8972M INFO    General                 (simplification.cpp        : 402)   PROCEDURE == Simplification cycle, iteration 3
  0:06:43.962  2317M / 8972M INFO   Simplification           (parallel_processing.hpp   : 168)   Running Tip clipper
  0:06:43.963  2317M / 8972M INFO   Simplification           (parallel_processing.hpp   : 171)   Tip clipper triggered 0 times
  0:06:43.964  2317M / 8972M INFO   Simplification           (parallel_processing.hpp   : 168)   Running Bulge remover
  0:06:43.965  2317M / 8972M INFO   Simplification           (parallel_processing.hpp   : 171)   Bulge remover triggered 0 times
  0:06:43.966  2317M / 8972M INFO   Simplification           (parallel_processing.hpp   : 168)   Running Low coverage edge remover
  0:06:43.967  2317M / 8972M INFO   Simplification           (parallel_processing.hpp   : 171)   Low coverage edge remover triggered 0 times
  0:06:43.968  2317M / 8972M INFO    General                 (simplification.cpp        : 402)   PROCEDURE == Simplification cycle, iteration 4
  0:06:43.969  2317M / 8972M INFO   Simplification           (parallel_processing.hpp   : 168)   Running Tip clipper
  0:06:44.017  2317M / 8972M INFO   Simplification           (parallel_processing.hpp   : 171)   Tip clipper triggered 0 times
  0:06:44.018  2317M / 8972M INFO   Simplification           (parallel_processing.hpp   : 168)   Running Bulge remover
  0:06:44.066  2317M / 8972M INFO   Simplification           (parallel_processing.hpp   : 171)   Bulge remover triggered 0 times
  0:06:44.067  2317M / 8972M INFO   Simplification           (parallel_processing.hpp   : 168)   Running Low coverage edge remover
  0:06:44.116  2317M / 8972M INFO   Simplification           (parallel_processing.hpp   : 171)   Low coverage edge remover triggered 0 times
  0:06:44.167  2316M / 8972M INFO   StageManager             (stage.cpp                 : 210)   STAGE == Gap Closer (id: late_gapcloser)
  0:06:44.172  2330M / 8972M INFO    General                 (edge_index.hpp            : 132)   Size of edge index entries: 12/8
  0:06:44.280  2339M / 8972M INFO    General                 (gap_closer.cpp            : 117)   Total edges in tip neighborhood: 284129 out of 324935, length: 169845921
  0:06:44.294  2341M / 8972M INFO    General                 (edge_index.hpp            : 196)   Using small index (max_id = 9494732)
  0:06:44.583  2341M / 8972M INFO   K-mer Index Building     (kmer_index_builder.hpp    : 460)   Building perfect hash indices
  0:06:48.543  2409M / 8972M INFO   K-mer Index Building     (kmer_index_builder.hpp    : 496)   Index built. Total 94323133 kmers, 68161552 bytes occupied (5.78111 bits per kmer).
  0:06:49.102  3129M / 8972M INFO    General                 (edge_index_builders.hpp   : 266)   Collecting edge information from graph, this takes a while.
  0:06:51.486  3127M / 8972M INFO    General                 (sequence_mapper_notifier.h:  80)   Starting sequence mapping
  0:07:17.383  3128M / 8972M INFO    General                 (sequence_mapper_notifier.h: 101)   Processed 200000 reads
  0:07:17.780  3129M / 8972M INFO    General                 (sequence_mapper_notifier.h: 101)   Processed 400000 reads
  0:07:17.798  3130M / 8972M INFO    General                 (sequence_mapper_notifier.h: 101)   Processed 600000 reads
  0:07:17.803  3130M / 8972M INFO    General                 (sequence_mapper_notifier.h: 101)   Processed 800000 reads
  0:07:18.281  3131M / 8972M INFO    General                 (sequence_mapper_notifier.h: 101)   Processed 1000000 reads
  0:07:18.950  3132M / 8972M INFO    General                 (sequence_mapper_notifier.h: 101)   Processed 1200000 reads
  0:07:20.604  3133M / 8972M INFO    General                 (sequence_mapper_notifier.h: 101)   Processed 2200000 reads
  0:07:29.376  3140M / 8972M INFO    General                 (sequence_mapper_notifier.h: 120)   Total 3999741 reads processed
  0:07:29.685  2367M / 8972M INFO    General                 (gap_closer.cpp            : 505)   Initializing gap closer
  0:07:29.687  2367M / 8972M INFO   GapCloser                (gap_closer.cpp            : 421)   Collecting gap candidates
  0:07:29.905  2373M / 8972M INFO   GapCloser                (gap_closer.cpp            : 425)   Total 111786 tips collected, total 114973 connection candidates
  0:07:30.331  2373M / 8972M INFO   GapCloser                (gap_closer.cpp            : 446)   Closing short gaps complete: filled 33 gaps after checking 114932 candidates
  0:07:30.384  2367M / 8972M INFO    General                 (gap_closer.cpp            : 510)   Gap closer done
  0:07:30.428  2316M / 8972M INFO   StageManager             (stage.cpp                 : 210)   STAGE == Simplification Cleanup (id: simplification_cleanup)
  0:07:30.430  2316M / 8972M INFO    General                 (simplification.cpp        : 189)   PROCEDURE == Post simplification
  0:07:30.431  2316M / 8972M INFO    General                 (graph_simplification.hpp  : 646)   Creating parallel br instance
  0:07:30.432  2316M / 8972M INFO    General                 (graph_simplification.hpp  : 646)   Creating parallel br instance
  0:07:30.433  2316M / 8972M INFO   Simplification           (parallel_processing.hpp   : 168)   Running Relative coverage component remover
  0:07:30.543  2316M / 8972M INFO   Simplification           (parallel_processing.hpp   : 171)   Relative coverage component remover triggered 389 times
  0:07:30.545  2316M / 8972M INFO   Simplification           (parallel_processing.hpp   : 168)   Running Disconnecting edges with relatively low coverage
  0:07:30.593  2316M / 8972M INFO   Simplification           (parallel_processing.hpp   : 171)   Disconnecting edges with relatively low coverage triggered 48 times
  0:07:30.595  2316M / 8972M INFO   Simplification           (parallel_processing.hpp   : 168)   Running Complex tip clipper
  0:07:30.669  2316M / 8972M INFO   Simplification           (parallel_processing.hpp   : 171)   Complex tip clipper triggered 3 times
  0:07:30.670  2316M / 8972M INFO   Simplification           (parallel_processing.hpp   : 168)   Running Complex bulge remover
  0:07:32.858  2346M / 8972M INFO   Simplification           (parallel_processing.hpp   : 171)   Complex bulge remover triggered 1428 times
  0:07:32.860  2346M / 8972M INFO   Simplification           (parallel_processing.hpp   : 168)   Running Tip clipper
  0:07:32.905  2346M / 8972M INFO   Simplification           (parallel_processing.hpp   : 171)   Tip clipper triggered 10 times
  0:07:32.906  2346M / 8972M INFO   Simplification           (parallel_processing.hpp   : 168)   Running Final tip clipper
  0:07:32.967  2346M / 8972M INFO   Simplification           (parallel_processing.hpp   : 171)   Final tip clipper triggered 519 times
  0:07:32.968  2346M / 8972M INFO   Simplification           (parallel_processing.hpp   : 168)   Running Bulge remover
  0:07:33.028  2346M / 8972M INFO   Simplification           (parallel_processing.hpp   : 171)   Bulge remover triggered 18 times
  0:07:33.030  2346M / 8972M INFO   Simplification           (parallel_processing.hpp   : 168)   Running Final bulge remover
  0:07:33.676  2353M / 8972M INFO   Simplification           (parallel_processing.hpp   : 171)   Final bulge remover triggered 234 times
  0:07:33.678  2353M / 8972M INFO   Simplification           (parallel_processing.hpp   : 168)   Running Thorn remover (meta)
  0:07:33.728  2353M / 8972M INFO   Simplification           (parallel_processing.hpp   : 171)   Thorn remover (meta) triggered 0 times
  0:07:33.729  2353M / 8972M INFO   Simplification           (parallel_processing.hpp   : 168)   Running Relative coverage component remover
  0:07:33.836  2353M / 8972M INFO   Simplification           (parallel_processing.hpp   : 171)   Relative coverage component remover triggered 6 times
  0:07:33.838  2353M / 8972M INFO   Simplification           (parallel_processing.hpp   : 168)   Running Disconnecting edges with relatively low coverage
  0:07:33.891  2353M / 8972M INFO   Simplification           (parallel_processing.hpp   : 171)   Disconnecting edges with relatively low coverage triggered 3 times
  0:07:33.892  2353M / 8972M INFO   Simplification           (parallel_processing.hpp   : 168)   Running Complex tip clipper
  0:07:33.964  2353M / 8972M INFO   Simplification           (parallel_processing.hpp   : 171)   Complex tip clipper triggered 0 times
  0:07:33.966  2353M / 8972M INFO   Simplification           (parallel_processing.hpp   : 168)   Running Complex bulge remover
  0:07:34.945  2354M / 8972M INFO   Simplification           (parallel_processing.hpp   : 171)   Complex bulge remover triggered 26 times
  0:07:34.947  2354M / 8972M INFO   Simplification           (parallel_processing.hpp   : 168)   Running Tip clipper
  0:07:34.987  2354M / 8972M INFO   Simplification           (parallel_processing.hpp   : 171)   Tip clipper triggered 1 times
  0:07:34.989  2354M / 8972M INFO   Simplification           (parallel_processing.hpp   : 168)   Running Final tip clipper
  0:07:35.030  2354M / 8972M INFO   Simplification           (parallel_processing.hpp   : 171)   Final tip clipper triggered 15 times
  0:07:35.031  2354M / 8972M INFO   Simplification           (parallel_processing.hpp   : 168)   Running Bulge remover
  0:07:35.084  2354M / 8972M INFO   Simplification           (parallel_processing.hpp   : 171)   Bulge remover triggered 14 times
  0:07:35.085  2354M / 8972M INFO   Simplification           (parallel_processing.hpp   : 168)   Running Final bulge remover
  0:07:35.148  2354M / 8972M INFO   Simplification           (parallel_processing.hpp   : 171)   Final bulge remover triggered 2 times
  0:07:35.149  2354M / 8972M INFO   Simplification           (parallel_processing.hpp   : 168)   Running Thorn remover (meta)
  0:07:35.194  2354M / 8972M INFO   Simplification           (parallel_processing.hpp   : 171)   Thorn remover (meta) triggered 0 times
  0:07:35.195  2354M / 8972M INFO   Simplification           (parallel_processing.hpp   : 168)   Running Relative coverage component remover
  0:07:35.276  2354M / 8972M INFO   Simplification           (parallel_processing.hpp   : 171)   Relative coverage component remover triggered 3 times
  0:07:35.277  2354M / 8972M INFO   Simplification           (parallel_processing.hpp   : 168)   Running Disconnecting edges with relatively low coverage
  0:07:35.278  2354M / 8972M INFO   Simplification           (parallel_processing.hpp   : 171)   Disconnecting edges with relatively low coverage triggered 0 times
  0:07:35.279  2354M / 8972M INFO   Simplification           (parallel_processing.hpp   : 168)   Running Complex tip clipper
  0:07:35.352  2354M / 8972M INFO   Simplification           (parallel_processing.hpp   : 171)   Complex tip clipper triggered 0 times
  0:07:35.354  2354M / 8972M INFO   Simplification           (parallel_processing.hpp   : 168)   Running Complex bulge remover
  0:07:36.302  2354M / 8972M INFO   Simplification           (parallel_processing.hpp   : 171)   Complex bulge remover triggered 1 times
  0:07:36.304  2354M / 8972M INFO   Simplification           (parallel_processing.hpp   : 168)   Running Tip clipper
  0:07:36.305  2354M / 8972M INFO   Simplification           (parallel_processing.hpp   : 171)   Tip clipper triggered 0 times
  0:07:36.306  2354M / 8972M INFO   Simplification           (parallel_processing.hpp   : 168)   Running Final tip clipper
  0:07:36.307  2354M / 8972M INFO   Simplification           (parallel_processing.hpp   : 171)   Final tip clipper triggered 0 times
  0:07:36.308  2354M / 8972M INFO   Simplification           (parallel_processing.hpp   : 168)   Running Bulge remover
  0:07:36.309  2354M / 8972M INFO   Simplification           (parallel_processing.hpp   : 171)   Bulge remover triggered 0 times
  0:07:36.310  2354M / 8972M INFO   Simplification           (parallel_processing.hpp   : 168)   Running Final bulge remover
  0:07:36.311  2354M / 8972M INFO   Simplification           (parallel_processing.hpp   : 171)   Final bulge remover triggered 0 times
  0:07:36.312  2354M / 8972M INFO   Simplification           (parallel_processing.hpp   : 168)   Running Thorn remover (meta)
  0:07:36.314  2354M / 8972M INFO   Simplification           (parallel_processing.hpp   : 171)   Thorn remover (meta) triggered 0 times
  0:07:36.315  2354M / 8972M INFO   Simplification           (parallel_processing.hpp   : 168)   Running Relative coverage component remover
  0:07:36.389  2354M / 8972M INFO   Simplification           (parallel_processing.hpp   : 171)   Relative coverage component remover triggered 0 times
  0:07:36.390  2354M / 8972M INFO   Simplification           (parallel_processing.hpp   : 168)   Running Disconnecting edges with relatively low coverage
  0:07:36.392  2354M / 8972M INFO   Simplification           (parallel_processing.hpp   : 171)   Disconnecting edges with relatively low coverage triggered 0 times
  0:07:36.393  2354M / 8972M INFO   Simplification           (parallel_processing.hpp   : 168)   Running Complex tip clipper
  0:07:36.447  2354M / 8972M INFO   Simplification           (parallel_processing.hpp   : 171)   Complex tip clipper triggered 0 times
  0:07:36.449  2354M / 8972M INFO   Simplification           (parallel_processing.hpp   : 168)   Running Complex bulge remover
  0:07:37.380  2354M / 8972M INFO   Simplification           (parallel_processing.hpp   : 171)   Complex bulge remover triggered 0 times
  0:07:37.382  2354M / 8972M INFO   Simplification           (parallel_processing.hpp   : 168)   Running Tip clipper
  0:07:37.383  2354M / 8972M INFO   Simplification           (parallel_processing.hpp   : 171)   Tip clipper triggered 0 times
  0:07:37.384  2354M / 8972M INFO   Simplification           (parallel_processing.hpp   : 168)   Running Final tip clipper
  0:07:37.386  2354M / 8972M INFO   Simplification           (parallel_processing.hpp   : 171)   Final tip clipper triggered 0 times
  0:07:37.387  2354M / 8972M INFO   Simplification           (parallel_processing.hpp   : 168)   Running Bulge remover
  0:07:37.388  2354M / 8972M INFO   Simplification           (parallel_processing.hpp   : 171)   Bulge remover triggered 0 times
  0:07:37.389  2354M / 8972M INFO   Simplification           (parallel_processing.hpp   : 168)   Running Final bulge remover
  0:07:37.390  2354M / 8972M INFO   Simplification           (parallel_processing.hpp   : 171)   Final bulge remover triggered 0 times
  0:07:37.391  2354M / 8972M INFO   Simplification           (parallel_processing.hpp   : 168)   Running Thorn remover (meta)
  0:07:37.392  2354M / 8972M INFO   Simplification           (parallel_processing.hpp   : 171)   Thorn remover (meta) triggered 0 times
  0:07:37.393  2354M / 8972M INFO    General                 (simplification.cpp        : 344)   Running Hidden EC remover (meta)
  0:07:37.466  2354M / 8972M INFO    General                 (simplification.cpp        : 348)   Disrupting self-conjugate edges
  0:07:37.575  2354M / 8972M INFO   Simplification           (parallel_processing.hpp   : 168)   Running Removing isolated edges
  0:07:37.636  2354M / 8972M INFO   Simplification           (parallel_processing.hpp   : 171)   Removing isolated edges triggered 5716 times
  0:07:37.665  2353M / 8972M INFO    General                 (simplification.cpp        : 508)   After simplification:
  0:07:37.667  2353M / 8972M INFO    General                 (simplification.cpp        : 509)     Average coverage = 5.31587
  0:07:37.693  2353M / 8972M INFO    General                 (simplification.cpp        : 510)     Total length = 123236171
  0:07:37.731  2353M / 8972M INFO    General                 (simplification.cpp        : 511)     Median edge length: 2330
  0:07:37.732  2353M / 8972M INFO    General                 (simplification.cpp        : 512)     Edges: 298189
  0:07:37.733  2353M / 8972M INFO    General                 (simplification.cpp        : 513)     Vertices: 556862
  0:07:37.734  2353M / 8972M INFO   StageManager             (stage.cpp                 : 210)   STAGE == Mismatch Correction (id: mismatch_correction)
  0:07:37.735  2353M / 8972M INFO    General                 (graph_pack_helpers.cpp    :  43)   Index refill
  0:07:37.736  2353M / 8972M INFO    General                 (edge_index.hpp            : 175)   Using small index (max_id = 9494732)
  0:07:39.454  2353M / 8972M INFO   K-mer Index Building     (kmer_index_builder.hpp    : 460)   Building perfect hash indices
  0:08:01.730  2440M / 8972M INFO   K-mer Index Building     (kmer_index_builder.hpp    : 496)   Index built. Total 123236165 kmers, 89042644 bytes occupied (5.78029 bits per kmer).
  0:08:02.462  3384M / 8972M INFO    General                 (edge_index_builders.hpp   : 253)   Collecting edge information from graph, this takes a while.
  0:08:14.986  3384M / 8972M INFO    General                 (graph_pack_helpers.cpp    :  55)   Normalizing k-mer map. Total 31314006 kmers to process
  0:08:26.917  3408M / 8972M INFO    General                 (kmer_mapper.hpp           :  87)   Total 286886 kmers with non-trivial roots
  0:08:26.950  3384M / 8972M INFO    General                 (graph_pack_helpers.cpp    :  57)   Normalizing done
  0:08:26.952  3384M / 8972M INFO    General                 (mismatch_correction.cpp   : 421)   Collect potential mismatches
  0:08:32.532  3400M / 8972M INFO    General                 (mismatch_correction.cpp   : 213)   Total 47102 edges (out of 298189) with 803944 potential mismatch positions (17.0681 positions per edge)
  0:08:32.535  3390M / 8972M INFO    General                 (mismatch_correction.cpp   : 423)   Potential mismatches collected
  0:08:32.537  3390M / 8972M INFO    General                 (sequence_mapper_notifier.h:  80)   Starting sequence mapping
  0:08:35.970  3404M / 8972M INFO    General                 (sequence_mapper_notifier.h: 101)   Processed 200000 reads
  0:08:36.019  3418M / 8972M INFO    General                 (sequence_mapper_notifier.h: 101)   Processed 400000 reads
  0:08:36.202  3432M / 8972M INFO    General                 (sequence_mapper_notifier.h: 101)   Processed 600000 reads
  0:08:36.313  3446M / 8972M INFO    General                 (sequence_mapper_notifier.h: 101)   Processed 800000 reads
  0:08:36.334  3460M / 8972M INFO    General                 (sequence_mapper_notifier.h: 101)   Processed 1000000 reads
  0:08:36.356  3473M / 8972M INFO    General                 (sequence_mapper_notifier.h: 101)   Processed 1200000 reads
  0:08:37.184  3487M / 8972M INFO    General                 (sequence_mapper_notifier.h: 101)   Processed 2200000 reads
  0:08:40.539  3505M / 8972M INFO    General                 (sequence_mapper_notifier.h: 101)   Processed 4200000 reads
  0:08:46.004  3537M / 8972M INFO    General                 (sequence_mapper_notifier.h: 101)   Processed 8400000 reads
  0:09:00.609  4068M / 8972M INFO    General                 (sequence_mapper_notifier.h: 120)   Total 15998964 reads processed
  0:09:05.061  3453M / 8972M INFO    General                 (mismatch_correction.cpp   : 416)   All edges processed
  0:09:05.079  3384M / 8972M INFO    General                 (mismatch_correction.cpp   : 471)   Corrected 182 nucleotides
  0:09:05.081  3384M / 8972M INFO   StageManager             (stage.cpp                 : 210)   STAGE == Contig Output (id: contig_output)
  0:09:05.082  3384M / 8972M INFO    General                 (contig_output.hpp         :  20)   Outputting contigs to "${ARTICLE30_WORK_DIR}/assemblies/metaspades-coassembly/K55/before_rr.fasta"
  0:09:06.004  3384M / 8972M INFO    General                 (contig_output_stage.cpp   : 159)   Writing GFA graph to "${ARTICLE30_WORK_DIR}/assemblies/metaspades-coassembly/K55/assembly_graph_after_simplification.gfa"
  0:09:06.695  3384M / 8972M INFO   StageManager             (stage.cpp                 : 210)   STAGE == Paired Information Counting (id: late_pair_info_count)
  0:09:07.093  3500M / 8972M INFO    General                 (graph_pack_helpers.cpp    :  55)   Normalizing k-mer map. Total 31325990 kmers to process
  0:09:18.273  3524M / 8972M INFO    General                 (kmer_mapper.hpp           :  87)   Total 38658 kmers with non-trivial roots
  0:09:18.280  3500M / 8972M INFO    General                 (graph_pack_helpers.cpp    :  57)   Normalizing done
  0:09:18.281  3500M / 8972M INFO    General                 (pair_info_count.cpp       : 165)   Min edge length for estimation: 900
  0:09:18.282  3500M / 8972M INFO    General                 (pair_info_count.cpp       : 176)   Estimating insert size for library #0
  0:09:18.283  3500M / 8972M INFO    General                 (pair_info_count.cpp       :  41)   Selecting usual mapper
  0:09:18.285  3500M / 8972M INFO    General                 (paired_info_utils.cpp     : 102)   Estimating insert size (takes a while)
  0:09:18.477  3772M / 8972M INFO    General                 (sequence_mapper_notifier.h:  80)   Starting sequence mapping
  0:09:25.514  3772M / 8972M INFO    General                 (sequence_mapper_notifier.h: 101)   Processed 200000 reads
  0:09:25.889  3772M / 8972M INFO    General                 (sequence_mapper_notifier.h: 101)   Processed 400000 reads
  0:09:26.187  3773M / 8972M INFO    General                 (sequence_mapper_notifier.h: 101)   Processed 600000 reads
  0:09:26.259  3773M / 8972M INFO    General                 (sequence_mapper_notifier.h: 101)   Processed 800000 reads
  0:09:26.282  3773M / 8972M INFO    General                 (sequence_mapper_notifier.h: 101)   Processed 1000000 reads
  0:09:26.654  3773M / 8972M INFO    General                 (sequence_mapper_notifier.h: 101)   Processed 1200000 reads
  0:09:28.340  3773M / 8972M INFO    General                 (sequence_mapper_notifier.h: 101)   Processed 2200000 reads
  0:09:33.540  3772M / 8972M INFO    General                 (sequence_mapper_notifier.h: 120)   Total 3999741 reads processed
  0:09:33.647  3772M / 8972M INFO    General                 (paired_info_utils.cpp     : 119)   Edge pairs: 380149
  0:09:33.648  3772M / 8972M INFO    General                 (paired_info_utils.cpp     : 121)   3058123 paired reads (76.458% of all) aligned to long edges
  0:09:33.650  3500M / 8972M INFO    General                 (pair_info_count.cpp       : 196)     Insert size = 432.655, deviation = 93.2832, left quantile = 323, right quantile = 553, read length = 150
  0:09:33.659  3500M / 8972M INFO    General                 (pair_info_count.cpp       : 211)   Filtering data for library #0
  0:09:33.661  3500M / 8972M INFO    General                 (pair_info_count.cpp       :  41)   Selecting usual mapper
  0:09:33.663  3501M / 8972M INFO    General                 (sequence_mapper_notifier.h:  80)   Starting sequence mapping
  0:09:40.657  3501M / 8972M INFO    General                 (sequence_mapper_notifier.h: 101)   Processed 200000 reads
  0:09:41.035  3501M / 8972M INFO    General                 (sequence_mapper_notifier.h: 101)   Processed 400000 reads
  0:09:41.116  3502M / 8972M INFO    General                 (sequence_mapper_notifier.h: 101)   Processed 600000 reads
  0:09:41.392  3502M / 8972M INFO    General                 (sequence_mapper_notifier.h: 101)   Processed 800000 reads
  0:09:41.418  3502M / 8972M INFO    General                 (sequence_mapper_notifier.h: 101)   Processed 1000000 reads
  0:09:41.770  3502M / 8972M INFO    General                 (sequence_mapper_notifier.h: 101)   Processed 1200000 reads
  0:09:43.205  3502M / 8972M INFO    General                 (sequence_mapper_notifier.h: 101)   Processed 2150000 reads
  0:09:47.767  3501M / 8972M INFO    General                 (sequence_mapper_notifier.h: 120)   Total 3999741 reads processed
  0:09:47.769  3501M / 8972M INFO    General                 (pair_info_count.cpp       : 216)   Mapping library #0
  0:09:47.770  3501M / 8972M INFO    General                 (pair_info_count.cpp       : 218)   Mapping paired reads (takes a while)
  0:09:47.772  3501M / 8972M INFO    General                 (pair_info_count.cpp       :  41)   Selecting usual mapper
  0:09:47.773  3501M / 8972M INFO    General                 (paired_info_utils.cpp     : 152)   Left insert size quantile 323, right insert size quantile 553, filtering threshold 1, rounding threshold 0
  0:09:47.782  3515M / 8972M INFO    General                 (sequence_mapper_notifier.h:  80)   Starting sequence mapping
  0:09:55.048  3517M / 8972M INFO    General                 (sequence_mapper_notifier.h: 101)   Processed 200000 reads
  0:09:55.434  3519M / 8972M INFO    General                 (sequence_mapper_notifier.h: 101)   Processed 400000 reads
  0:09:55.540  3521M / 8972M INFO    General                 (sequence_mapper_notifier.h: 101)   Processed 600000 reads
  0:09:55.779  3523M / 8972M INFO    General                 (sequence_mapper_notifier.h: 101)   Processed 800000 reads
  0:09:55.838  3525M / 8972M INFO    General                 (sequence_mapper_notifier.h: 101)   Processed 1000000 reads
  0:09:56.118  3527M / 8972M INFO    General                 (sequence_mapper_notifier.h: 101)   Processed 1200000 reads
  0:09:57.918  3529M / 8972M INFO    General                 (sequence_mapper_notifier.h: 101)   Processed 2200000 reads
  0:10:02.806  3547M / 8972M INFO    General                 (sequence_mapper_notifier.h: 120)   Total 3999741 reads processed
  0:10:02.886  3541M / 8972M INFO    General                 (pair_info_count.cpp       : 172)   Mapping contigs library #1
  0:10:02.887  3541M / 8972M INFO    General                 (pair_info_count.cpp       :  41)   Selecting usual mapper
  0:10:02.893  3543M / 8972M INFO    General                 (sequence_mapper_notifier.h:  80)   Starting sequence mapping
  0:10:11.767  3564M / 8972M INFO    General                 (sequence_mapper_notifier.h: 120)   Total 142249 reads processed
  0:10:11.769  3564M / 8972M INFO   StageManager             (stage.cpp                 : 210)   STAGE == Distance Estimation (id: distance_estimation)
  0:10:11.770  3564M / 8972M INFO    General                 (distance_estimation.cpp   :  75)   Processing library #0
  0:10:11.771  3564M / 8972M INFO    General                 (distance_estimation_utils.:  23)   Estimating distances
  0:10:11.773  3564M / 8972M INFO   DistanceEstimator        (distance_estimation.hpp   : 132)   Using SIMPLE distance estimator
  0:10:15.794  3569M / 8972M INFO    General                 (distance_estimation_utils.: 137)   Refining clustered pair information
  0:10:15.874  3569M / 8972M INFO    General                 (distance_estimation_utils.: 139)   The refining of clustered pair information has been finished
  0:10:15.876  3569M / 8972M INFO    General                 (distance_estimation_utils.: 141)   Improving paired information
  0:10:16.177  3573M / 8972M INFO   PairInfoImprover         (pair_info_improver.hpp    :  80)   Paired info stats: missing = 65688; contradictional = 0
  0:10:16.532  3573M / 8972M INFO   PairInfoImprover         (pair_info_improver.hpp    :  80)   Paired info stats: missing = 7884; contradictional = 0
  0:10:16.534  3573M / 8972M INFO    General                 (distance_estimation_utils.:  81)   Filling scaffolding index
  0:10:16.535  3573M / 8972M INFO    General                 (distance_estimation_utils.:  23)   Estimating distances
  0:10:16.536  3573M / 8972M INFO   DistanceEstimator        (distance_estimation.hpp   : 132)   Using SMOOTHING distance estimator
  0:10:22.106  3576M / 8972M INFO    General                 (distance_estimation.cpp   :  84)   Clearing raw paired index
  0:10:22.167  3534M / 8972M INFO   StageManager             (stage.cpp                 : 210)   STAGE == Repeat Resolving (id: repeat_resolving)
  0:10:22.168  3534M / 8972M INFO    General                 (repeat_resolving.cpp      :  88)   Using Path-Extend repeat resolving
  0:10:22.170  3534M / 8972M INFO    General                 (launcher.cpp              : 636)   ExSPAnder repeat resolving tool started
  0:10:22.323  3614M / 8972M INFO    General                 (launcher.cpp              : 444)   Creating main extenders, unique edge length = 2000
  0:10:22.326  3648M / 8972M INFO    General                 (launcher.cpp              : 362)   filling path container
  0:10:22.375  3655M / 8972M INFO    General                 (extenders_logic.cpp       : 352)   Creating extender; library index size: 473691
  0:10:22.377  3673M / 8972M INFO    General                 (extenders_logic.cpp       : 352)   Creating extender; library index size: 473691
  0:10:22.452  3719M / 8972M INFO    General                 (extenders_logic.cpp       :  54)   resolvable_repeat_length_bound set to 10000
  0:10:22.620  3749M / 8972M INFO    General                 (extenders_logic.cpp       : 550)   Using 1 paired-end library
  0:10:22.622  3749M / 8972M INFO    General                 (extenders_logic.cpp       : 551)   Using 1 paired-end scaffolding library
  0:10:22.623  3749M / 8972M INFO    General                 (extenders_logic.cpp       : 552)   Using 1 single read library
  0:10:22.662  3749M / 8972M INFO    General                 (launcher.cpp              : 409)   Filling backbone edges for long reads scaffolding...
  0:10:22.663  3749M / 8972M INFO    General                 (launcher.cpp              : 411)    with long reads paths
  0:10:22.664  3749M / 8972M INFO    General                 (launcher.cpp              : 420)   Removing fake unique with paired-end libs
  0:10:22.665  3749M / 8972M INFO    General                 (launcher.cpp              : 431)   0 unique edges
  0:10:22.667  3749M / 8972M INFO    General                 (extenders_logic.cpp       : 453)   Using 0 long reads scaffolding libraries
  0:10:22.668  3749M / 8972M INFO    General                 (extenders_logic.cpp       : 463)   Using additional coordinated coverage extender
  0:10:22.670  3766M / 8972M INFO    General                 (launcher.cpp              : 473)   Total number of extenders is 5
  0:10:22.671  3766M / 8972M INFO    General                 (path_extenders.cpp        :  36)   Processed 0 paths from 148298 (0%)
  0:10:22.886  3773M / 8972M INFO    General                 (path_extenders.cpp        :  34)   Processed 128 paths from 148298 (0%)
  0:10:23.038  3777M / 8972M INFO    General                 (path_extenders.cpp        :  34)   Processed 256 paths from 148298 (0%)
  0:10:23.211  3782M / 8972M INFO    General                 (path_extenders.cpp        :  34)   Processed 512 paths from 148298 (0%)
  0:10:23.417  3786M / 8972M INFO    General                 (path_extenders.cpp        :  34)   Processed 1024 paths from 148298 (0%)
  0:10:23.727  3790M / 8972M INFO    General                 (path_extenders.cpp        :  34)   Processed 2048 paths from 148298 (1%)
  0:10:24.161  3795M / 8972M INFO    General                 (path_extenders.cpp        :  34)   Processed 4096 paths from 148298 (2%)
  0:10:24.866  3802M / 8972M INFO    General                 (path_extenders.cpp        :  34)   Processed 8192 paths from 148298 (5%)
  0:10:25.657  3807M / 8972M INFO    General                 (path_extenders.cpp        :  36)   Processed 14830 paths from 148298 (10%)
  0:10:25.831  3808M / 8972M INFO    General                 (path_extenders.cpp        :  34)   Processed 16384 paths from 148298 (11%)
  0:10:26.903  3815M / 8972M INFO    General                 (path_extenders.cpp        :  36)   Processed 29660 paths from 148298 (20%)
  0:10:27.097  3817M / 8972M INFO    General                 (path_extenders.cpp        :  34)   Processed 32768 paths from 148298 (22%)
  0:10:27.741  3823M / 8972M INFO    General                 (path_extenders.cpp        :  36)   Processed 44490 paths from 148298 (30%)
  0:10:28.430  3831M / 8972M INFO    General                 (path_extenders.cpp        :  36)   Processed 59320 paths from 148298 (40%)
  0:10:28.690  3833M / 8972M INFO    General                 (path_extenders.cpp        :  34)   Processed 65536 paths from 148298 (44%)
  0:10:28.973  3837M / 8972M INFO    General                 (path_extenders.cpp        :  36)   Processed 74150 paths from 148298 (50%)
  0:10:29.346  3845M / 8972M INFO    General                 (path_extenders.cpp        :  36)   Processed 88980 paths from 148298 (60%)
  0:10:29.546  3850M / 8972M INFO    General                 (path_extenders.cpp        :  36)   Processed 103810 paths from 148298 (70%)
  0:10:29.686  3856M / 8972M INFO    General                 (path_extenders.cpp        :  36)   Processed 118640 paths from 148298 (80%)
  0:10:29.771  3861M / 8972M INFO    General                 (path_extenders.cpp        :  34)   Processed 131072 paths from 148298 (88%)
  0:10:29.788  3862M / 8972M INFO    General                 (path_extenders.cpp        :  36)   Processed 133470 paths from 148298 (90%)
  0:10:30.061  3810M / 8972M INFO    General                 (launcher.cpp              : 264)   Finalizing paths
  0:10:30.063  3810M / 8972M INFO    General                 (launcher.cpp              : 266)   Deduplicating paths
  0:10:30.145  3810M / 8972M INFO    General                 (launcher.cpp              : 270)   Paths deduplicated
  0:10:30.147  3810M / 8972M INFO   PEResolver               (pe_resolver.cpp           :  70)   Removing overlaps
  0:10:30.148  3810M / 8972M INFO   PEResolver               (pe_resolver.cpp           :  80)   Marking overlaps
  0:10:30.150  3810M / 8972M INFO   OverlapRemover           (overlap_remover.hpp       : 120)   Marking start/end overlaps
  0:10:30.302  3810M / 8972M INFO   OverlapRemover           (overlap_remover.hpp       : 123)   Marking remaining overlaps
  0:10:30.457  3811M / 8972M INFO   PEResolver               (pe_resolver.cpp           :  83)   Splitting paths
  0:10:30.504  3818M / 8972M INFO   PEResolver               (pe_resolver.cpp           :  88)   Deduplicating paths
  0:10:30.580  3811M / 8972M INFO   PEResolver               (pe_resolver.cpp           :  90)   Overlaps removed
  0:10:30.661  3809M / 8972M INFO    General                 (launcher.cpp              : 287)   Paths finalized
  0:10:30.663  3809M / 8972M INFO    General                 (launcher.cpp              : 482)   Closing gaps in paths
  0:10:30.902  3857M / 8972M INFO    General                 (launcher.cpp              : 512)   Gap closing completed
  0:10:31.057  3645M / 8972M INFO    General                 (launcher.cpp              : 320)   Traversing tandem repeats
  0:10:33.737  3646M / 8972M INFO    General                 (launcher.cpp              : 330)   Traversed 214 loops
  0:10:33.739  3646M / 8972M INFO    General                 (launcher.cpp              : 264)   Finalizing paths
  0:10:33.740  3646M / 8972M INFO    General                 (launcher.cpp              : 266)   Deduplicating paths
  0:10:33.796  3645M / 8972M INFO    General                 (launcher.cpp              : 270)   Paths deduplicated
  0:10:33.798  3645M / 8972M INFO   PEResolver               (pe_resolver.cpp           :  70)   Removing overlaps
  0:10:33.800  3645M / 8972M INFO   PEResolver               (pe_resolver.cpp           :  80)   Marking overlaps
  0:10:33.801  3645M / 8972M INFO   OverlapRemover           (overlap_remover.hpp       : 120)   Marking start/end overlaps
  0:10:33.918  3645M / 8972M INFO   OverlapRemover           (overlap_remover.hpp       : 123)   Marking remaining overlaps
  0:10:34.036  3645M / 8972M INFO   PEResolver               (pe_resolver.cpp           :  83)   Splitting paths
  0:10:34.054  3646M / 8972M INFO   PEResolver               (pe_resolver.cpp           :  88)   Deduplicating paths
  0:10:34.115  3646M / 8972M INFO   PEResolver               (pe_resolver.cpp           :  90)   Overlaps removed
  0:10:34.189  3645M / 8972M INFO    General                 (launcher.cpp              : 287)   Paths finalized
  0:10:34.191  3645M / 8972M INFO    General                 (launcher.cpp              : 701)   ExSPAnder repeat resolving tool finished
  0:10:34.215  3582M / 8972M INFO   StageManager             (stage.cpp                 : 210)   STAGE == Contig Output (id: contig_output)
  0:10:34.218  3582M / 8972M INFO    General                 (contig_output.hpp         :  20)   Outputting contigs to "${ARTICLE30_WORK_DIR}/assemblies/metaspades-coassembly/K55/before_rr.fasta"
  0:10:35.194  3582M / 8972M INFO    General                 (contig_output_stage.cpp   : 159)   Writing GFA graph to "${ARTICLE30_WORK_DIR}/assemblies/metaspades-coassembly/K55/assembly_graph_with_scaffolds.gfa"
  0:10:35.849  3582M / 8972M INFO    General                 (contig_output_stage.cpp   : 175)   Outputting FastG graph to "${ARTICLE30_WORK_DIR}/assemblies/metaspades-coassembly/K55/assembly_graph.fastg"
  0:10:37.797  3582M / 8972M INFO    General                 (contig_output_stage.cpp   : 210)   Breaking scaffolds
  0:10:38.735  3812M / 8972M INFO    General                 (contig_output_stage.cpp   : 101)   Outputting contigs to ${ARTICLE30_WORK_DIR}/assemblies/metaspades-coassembly/K55/final_contigs.fasta
  0:10:39.177  3812M / 8972M INFO    General                 (contig_output_stage.cpp   : 107)   Outputting FastG paths to ${ARTICLE30_WORK_DIR}/assemblies/metaspades-coassembly/K55/final_contigs.paths
  0:10:40.032  3734M / 8972M INFO    General                 (contig_output_stage.cpp   : 101)   Outputting contigs to ${ARTICLE30_WORK_DIR}/assemblies/metaspades-coassembly/K55/scaffolds.fasta
  0:10:40.450  3734M / 8972M INFO    General                 (contig_output_stage.cpp   : 107)   Outputting FastG paths to ${ARTICLE30_WORK_DIR}/assemblies/metaspades-coassembly/K55/scaffolds.paths
  0:10:40.580  3734M / 8972M INFO    General                 (contig_output_stage.cpp   : 114)   Populating GFA with scaffold paths
  0:10:40.717  3582M / 8972M INFO    General                 (pipeline.cpp              : 305)   SPAdes finished
  0:10:46.773     1M / 8972M INFO    General                 (main.cpp                  : 131)   Assembling time: 0 hours 10 minutes 46 seconds

===== K55 finished. 


===== Copy files started. 


== Running: ${HOME}/miniconda3/envs/metagenome-assembly-2026.07/bin/python3 ${HOME}/miniconda3/envs/metagenome-assembly-2026.07/share/spades/spades_pipeline/supplemetary/copy_files.py ${ARTICLE30_WORK_DIR}/assemblies/metaspades-coassembly/K55/before_rr.fasta ${ARTICLE30_WORK_DIR}/assemblies/metaspades-coassembly/before_rr.fasta ${ARTICLE30_WORK_DIR}/assemblies/metaspades-coassembly/K55/assembly_graph_after_simplification.gfa ${ARTICLE30_WORK_DIR}/assemblies/metaspades-coassembly/assembly_graph_after_simplification.gfa ${ARTICLE30_WORK_DIR}/assemblies/metaspades-coassembly/K55/final_contigs.fasta ${ARTICLE30_WORK_DIR}/assemblies/metaspades-coassembly/contigs.fasta ${ARTICLE30_WORK_DIR}/assemblies/metaspades-coassembly/K55/first_pe_contigs.fasta ${ARTICLE30_WORK_DIR}/assemblies/metaspades-coassembly/first_pe_contigs.fasta ${ARTICLE30_WORK_DIR}/assemblies/metaspades-coassembly/K55/strain_graph.gfa ${ARTICLE30_WORK_DIR}/assemblies/metaspades-coassembly/strain_graph.gfa ${ARTICLE30_WORK_DIR}/assemblies/metaspades-coassembly/K55/scaffolds.fasta ${ARTICLE30_WORK_DIR}/assemblies/metaspades-coassembly/scaffolds.fasta ${ARTICLE30_WORK_DIR}/assemblies/metaspades-coassembly/K55/scaffolds.paths ${ARTICLE30_WORK_DIR}/assemblies/metaspades-coassembly/scaffolds.paths ${ARTICLE30_WORK_DIR}/assemblies/metaspades-coassembly/K55/assembly_graph_with_scaffolds.gfa ${ARTICLE30_WORK_DIR}/assemblies/metaspades-coassembly/assembly_graph_with_scaffolds.gfa ${ARTICLE30_WORK_DIR}/assemblies/metaspades-coassembly/K55/assembly_graph.fastg ${ARTICLE30_WORK_DIR}/assemblies/metaspades-coassembly/assembly_graph.fastg ${ARTICLE30_WORK_DIR}/assemblies/metaspades-coassembly/K55/final_contigs.paths ${ARTICLE30_WORK_DIR}/assemblies/metaspades-coassembly/contigs.paths


===== Copy files finished. 


===== Assembling finished. 


===== Breaking scaffolds started. 


== Running: ${HOME}/miniconda3/envs/metagenome-assembly-2026.07/bin/python3 ${HOME}/miniconda3/envs/metagenome-assembly-2026.07/share/spades/spades_pipeline/supplemetary/breaking_scaffolds_script.py --result_scaffolds_filename ${ARTICLE30_WORK_DIR}/assemblies/metaspades-coassembly/scaffolds.fasta --misc_dir ${ARTICLE30_WORK_DIR}/assemblies/metaspades-coassembly/misc --threshold_for_breaking_scaffolds 3


===== Breaking scaffolds finished. 


===== Terminate started. 


===== Terminate finished. 

 * Assembled contigs are in ${ARTICLE30_WORK_DIR}/assemblies/metaspades-coassembly/contigs.fasta
 * Assembled scaffolds are in ${ARTICLE30_WORK_DIR}/assemblies/metaspades-coassembly/scaffolds.fasta
 * Paths in the assembly graph corresponding to the contigs are in ${ARTICLE30_WORK_DIR}/assemblies/metaspades-coassembly/contigs.paths
 * Paths in the assembly graph corresponding to the scaffolds are in ${ARTICLE30_WORK_DIR}/assemblies/metaspades-coassembly/scaffolds.paths
 * Assembly graph is in ${ARTICLE30_WORK_DIR}/assemblies/metaspades-coassembly/assembly_graph.fastg
 * Assembly graph in GFA format is in ${ARTICLE30_WORK_DIR}/assemblies/metaspades-coassembly/assembly_graph_with_scaffolds.gfa

======= SPAdes pipeline finished.

SPAdes log can be found here: ${ARTICLE30_WORK_DIR}/assemblies/metaspades-coassembly/spades.log

Thank you for using metaSPAdes! If you use it in your research, please cite:

  Nurk, S., Meleshko, D., Korobeynikov, A. and Pevzner, P.A., 2017. metaSPAdes: a new versatile metagenomic assembler. Genome research, 27(5), pp.824-834.
  doi.org/10.1101/gr.213959.116

