Command line: ${HOME}/miniconda3/envs/metagenome-assembly-2026.07/bin/metaspades.py	--only-assembler	-1	${ARTICLE30_RAW_DIR}/clean/ERR9765746_clean_R1.fastq.gz	-2	${ARTICLE30_RAW_DIR}/clean/ERR9765746_clean_R2.fastq.gz	-t	16	-m	64	-o	${ARTICLE30_WORK_DIR}/assemblies/metaspades-single-MOCK1	

System information:
  SPAdes version: 4.3.0
  Python version: 3.10.20
  OS: Linux-6.8.0-49-generic-x86_64-with-glibc2.35

Output dir: ${ARTICLE30_WORK_DIR}/assemblies/metaspades-single-MOCK1
Mode: ONLY assembling (without read error correction)
Debug mode is turned OFF

Dataset parameters:
  Metagenomic mode
  Reads:
    Library number: 1, library type: paired-end
      orientation: fr
      left reads: ['${ARTICLE30_RAW_DIR}/clean/ERR9765746_clean_R1.fastq.gz']
      right reads: ['${ARTICLE30_RAW_DIR}/clean/ERR9765746_clean_R2.fastq.gz']
      interlaced reads: not specified
      single reads: not specified
      merged reads: not specified
Assembly parameters:
  k: [21, 33, 55]
  Repeat resolution is enabled
  Mismatch careful mode is turned OFF
  MismatchCorrector will be SKIPPED
  Coverage cutoff is turned OFF
  Assembly graph output will use GFA v1.2 format
Other parameters:
  Dir for temp files: ${ARTICLE30_WORK_DIR}/assemblies/metaspades-single-MOCK1/tmp
  Threads: 16
  Memory limit (in Gb): 64


======= SPAdes pipeline started. Log can be found here: ${ARTICLE30_WORK_DIR}/assemblies/metaspades-single-MOCK1/spades.log

${ARTICLE30_RAW_DIR}/clean/ERR9765746_clean_R1.fastq.gz: max reads length: 150
${ARTICLE30_RAW_DIR}/clean/ERR9765746_clean_R2.fastq.gz: max reads length: 150

Reads length: 150


===== Before start started. 


===== Assembling started. 


===== K21 started. 


== Running: ${HOME}/miniconda3/envs/metagenome-assembly-2026.07/bin/spades-core ${ARTICLE30_WORK_DIR}/assemblies/metaspades-single-MOCK1/K21/configs/config.info ${ARTICLE30_WORK_DIR}/assemblies/metaspades-single-MOCK1/K21/configs/mda_mode.info ${ARTICLE30_WORK_DIR}/assemblies/metaspades-single-MOCK1/K21/configs/meta_mode.info

  0:00:00.000     1M / 17M   INFO    General                 (main.cpp                  :  94)   Loaded config from "${ARTICLE30_WORK_DIR}/assemblies/metaspades-single-MOCK1/K21/configs/config.info"
  0:00:00.001     1M / 17M   INFO    General                 (main.cpp                  :  94)   Loaded config from "${ARTICLE30_WORK_DIR}/assemblies/metaspades-single-MOCK1/K21/configs/mda_mode.info"
  0:00:00.001     1M / 17M   INFO    General                 (main.cpp                  :  94)   Loaded config from "${ARTICLE30_WORK_DIR}/assemblies/metaspades-single-MOCK1/K21/configs/meta_mode.info"
  0:00:00.001     1M / 17M   INFO    General                 (memory_limit.cpp          :  55)   Memory limit set to 64 Gb
  0:00:00.001     1M / 17M   INFO    General                 (main.cpp                  : 102)   Starting SPAdes, built from N/A, git revision N/A
  0:00:00.001     1M / 17M   INFO    General                 (main.cpp                  : 103)   Maximum k-mer length: 128
  0:00:00.001     1M / 17M   INFO    General                 (main.cpp                  : 104)   Assembling dataset ("${ARTICLE30_WORK_DIR}/assemblies/metaspades-single-MOCK1/dataset.info") with K=21
  0:00:00.001     1M / 17M   INFO    General                 (main.cpp                  : 105)   Maximum # of threads to use (adjusted due to OMP capabilities): 16
  0:00:00.001     1M / 17M   INFO    General                 (pipeline.cpp              : 221)   SPAdes started
  0:00:00.001     1M / 17M   INFO    General                 (pipeline.cpp              : 234)   Starting from stage: read_conversion
  0:00:00.001     1M / 17M   INFO    General                 (pipeline.cpp              : 245)   Two-step repeat resolution disabled
  0:00:00.001     1M / 17M   INFO   GraphCore                (graph_core.hpp            : 582)   Graph created, vertex min_id: 3, edge min_id: 3
  0:00:00.001     1M / 17M   INFO   GraphCore                (graph_core.hpp            : 583)   Vertex size: 48, edge size: 40
  0:00:00.001     1M / 17M   INFO    General                 (edge_index.hpp            : 132)   Size of edge index entries: 12/8
  0:00:00.001     1M / 17M   INFO   StageManager             (stage.cpp                 : 210)   STAGE == Binary Read Conversion (id: read_conversion)
  0:00:00.002     1M / 17M   INFO    General                 (read_converter.cpp        :  78)   Converting reads to binary format for library #0 (takes a while)
  0:00:00.003     1M / 17M   INFO    General                 (read_converter.cpp        :  99)   Converting paired reads
  0:00:00.645    81M / 121M  INFO    General                 (binary_converter.cpp      : 127)   16384 reads processed
  0:00:00.657    81M / 122M  INFO    General                 (binary_converter.cpp      : 127)   32768 reads processed
  0:00:00.681    81M / 124M  INFO    General                 (binary_converter.cpp      : 127)   65536 reads processed
  0:00:00.934    81M / 162M  INFO    General                 (binary_converter.cpp      : 127)   131072 reads processed
  0:00:01.411    50M / 202M  INFO    General                 (binary_converter.cpp      : 127)   262144 reads processed
  0:00:02.209     0M / 277M  INFO    General                 (binary_converter.cpp      : 127)   524288 reads processed
  0:00:03.576     0M / 317M  INFO    General                 (binary_converter.cpp      : 127)   1048576 reads processed
  0:00:06.697     0M / 360M  INFO    General                 (binary_converter.cpp      : 143)   1999853 reads written
  0:00:06.717     0M / 360M  INFO    General                 (read_converter.cpp        : 113)   Converting single reads
  0:00:06.735     0M / 360M  INFO    General                 (binary_converter.cpp      : 143)   0 reads written
  0:00:06.735     0M / 360M  INFO    General                 (read_converter.cpp        : 119)   Converting merged reads
  0:00:06.745     0M / 360M  INFO    General                 (binary_converter.cpp      : 143)   0 reads written
  0:00:07.100     1M / 360M  INFO   StageManager             (stage.cpp                 : 210)   STAGE == de Bruijn graph construction (id: construction)
  0:00:07.112     1M / 360M  INFO    General                 (construction.cpp          : 150)   Max read length 150
  0:00:07.112     1M / 360M  INFO    General                 (construction.cpp          : 156)   Average read length 148.971
  0:00:07.112     1M / 360M  INFO    General                 (stage.cpp                 : 120)   PROCEDURE == k+1-mer counting (id: construction:kpomer_counting)
  0:00:07.112     1M / 360M  INFO    General                 (kmer_index_builder.hpp    : 308)   Splitting kmer instances into 160 files using 16 threads. This might take a while.
  0:00:07.119     1M / 360M  INFO    General                 (file_limit.hpp            :  43)   Open file limit set to 1048576
  0:00:07.119     1M / 360M  INFO    General                 (kmer_splitter.hpp         :  96)   Memory available for splitting buffers: 1.33332 Gb
  0:00:07.119     1M / 360M  INFO    General                 (kmer_splitter.hpp         : 104)   Using cell size of 419430
mimalloc: warning: thread 0x70f90fc00640: unable to allocate aligned OS memory directly, fall back to over-allocation (67108864 bytes, address: 0x70f90a000000, alignment: 67108864, commit: 1)
mimalloc: warning: thread 0x70f911a00640: unable to allocate aligned OS memory directly, fall back to over-allocation (67108864 bytes, address: 0x70f90a000000, alignment: 67108864, commit: 1)
mimalloc: warning: thread 0x70f90f200640: unable to allocate aligned OS memory directly, fall back to over-allocation (67108864 bytes, address: 0x70f90a000000, alignment: 67108864, commit: 1)
mimalloc: warning: thread 0x70f916a00640: unable to allocate aligned OS memory directly, fall back to over-allocation (67108864 bytes, address: 0x70f90a000000, alignment: 67108864, commit: 1)
  0:00:11.920  9601M / 9601M INFO    General                 (kmer_splitters.hpp        : 128)   Processed 7999412 reads
  0:00:11.925     2M / 4354M INFO    General                 (kmer_splitters.hpp        : 134)   Used 7999412 reads
  0:00:12.054     2M / 4354M INFO    General                 (kmer_index_builder.hpp    : 314)   Starting k-mer counting.
  0:00:12.277     2M / 4354M INFO    General                 (kmer_index_builder.hpp    : 325)   K-mer counting done. There are 149755312 kmers in total.
  0:00:12.277     1M / 4354M INFO    General                 (stage.cpp                 : 120)   PROCEDURE == Extension index construction (id: construction:extension_index_construction)
  0:00:12.279     2M / 4354M INFO   K-mer Index Building     (kmer_index_builder.hpp    : 503)   Building kmer index
  0:00:12.279     2M / 4354M INFO    General                 (kmer_index_builder.hpp    : 308)   Splitting kmer instances into 160 files using 16 threads. This might take a while.
  0:00:12.283     2M / 4354M INFO    General                 (file_limit.hpp            :  43)   Open file limit set to 1048576
  0:00:12.283     2M / 4354M INFO    General                 (kmer_splitter.hpp         :  96)   Memory available for splitting buffers: 1.33331 Gb
  0:00:12.283     2M / 4354M INFO    General                 (kmer_splitter.hpp         : 104)   Using cell size of 419430
  0:00:15.374  9602M / 9602M INFO    General                 (kmer_splitters.hpp        : 197)   Processed 149755312 kmers
  0:00:15.375  9602M / 9602M INFO    General                 (kmer_splitters.hpp        : 202)   Used 149755312 kmers.
  0:00:15.376     2M / 4354M INFO    General                 (kmer_index_builder.hpp    : 314)   Starting k-mer counting.
  0:00:15.724     2M / 4354M INFO    General                 (kmer_index_builder.hpp    : 325)   K-mer counting done. There are 149175850 kmers in total.
  0:00:15.724     2M / 4354M INFO   K-mer Index Building     (kmer_index_builder.hpp    : 460)   Building perfect hash indices
  0:00:17.577   109M / 4354M INFO   K-mer Index Building     (kmer_index_builder.hpp    : 496)   Index built. Total 149175850 kmers, 107860464 bytes occupied (5.78434 bits per kmer).
  0:00:17.577   109M / 4354M INFO    General                 (kmer_index_builder.hpp    : 191)   Merging final buckets.
  0:00:21.401   252M / 4354M INFO   DeBruijnExtensionIndexBu (kmer_extension_index_build: 101)   Building k-mer extensions from k+1-mers
  0:00:28.822   252M / 4354M INFO   DeBruijnExtensionIndexBu (kmer_extension_index_build: 106)   Building k-mer extensions from k+1-mers finished.
  0:00:28.880   252M / 4354M INFO    General                 (stage.cpp                 : 120)   PROCEDURE == Early tip clipping (id: construction:early_tip_clipper)
  0:00:28.880   252M / 4354M INFO    General                 (construction.cpp          : 298)   Early tip clipper length bound set as (RL - K)
  0:00:28.880   252M / 4354M INFO   Early tip clipping       (early_simplification.hpp  :  48)   Early tip clipping
  0:00:34.135   292M / 4354M INFO   Early tip clipping       (early_simplification.hpp  :  83)   #tipped junctions: 597222
  0:00:34.173   292M / 4354M INFO   Early tip clipping       (early_simplification.hpp  :  94)   Clipped tips: 599275
  0:00:34.233   252M / 4354M INFO   Early tip clipping       (early_simplification.hpp  :  50)   12970939 22-mers were removed by early tip clipper
  0:00:34.233   252M / 4354M INFO    General                 (stage.cpp                 : 120)   PROCEDURE == Condensing graph (id: construction:graph_condensing)
  0:00:34.235   252M / 4354M INFO   UnbranchingPathExtractor (debruijn_graph_constructor: 324)   Extracting unbranching paths
  0:00:42.962   335M / 4354M INFO   UnbranchingPathExtractor (debruijn_graph_constructor: 348)   Extracting unbranching paths finished. 2793098 sequences extracted
  0:00:47.568   334M / 4354M INFO   UnbranchingPathExtractor (debruijn_graph_constructor: 362)   Collecting perfect loops
  0:00:48.605   335M / 4354M INFO   UnbranchingPathExtractor (debruijn_graph_constructor: 395)   Collecting perfect loops finished. 163 loops collected
  0:00:48.835   334M / 4354M INFO   DeBruijnGraphConstructor (debruijn_graph_constructor: 597)   Sorting edges...
  0:00:48.917   334M / 4354M INFO   DeBruijnGraphConstructor (debruijn_graph_constructor: 602)   Edges sorted
  0:00:48.917   334M / 4354M INFO    General                 (debruijn_graph_constructor: 511)   Total 5586522 edges to create
  0:00:48.918   551M / 4354M INFO    General                 (debruijn_graph_constructor: 514)   Collecting link records
  0:00:51.591   639M / 4354M INFO    General                 (debruijn_graph_constructor: 521)   Total short graph edges: 4139516
  0:00:51.591   639M / 4354M INFO    General                 (debruijn_graph_constructor: 523)   Ordering link records
  0:00:51.655   639M / 4354M INFO    General                 (debruijn_graph_constructor: 529)   Sorting done
  0:00:51.707   671M / 4354M INFO    General                 (debruijn_graph_constructor: 542)   Sorting LinkRecords...
  0:00:51.748   671M / 4354M INFO    General                 (debruijn_graph_constructor: 548)   LinkRecords sorted
  0:00:51.749   671M / 4354M INFO    General                 (debruijn_graph_constructor: 550)   Total 2213799 vertices to create
  0:00:51.749   876M / 4354M INFO    General                 (debruijn_graph_constructor: 553)   Connecting the graph
  0:00:55.181   712M / 4354M INFO    General                 (stage.cpp                 : 120)   PROCEDURE == Filling coverage indices (PHM) (id: construction:coverage_filling_phm)
  0:00:55.182   712M / 4354M INFO   K-mer Index Building     (kmer_index_builder.hpp    : 460)   Building perfect hash indices
  0:00:57.036   819M / 4354M INFO   K-mer Index Building     (kmer_index_builder.hpp    : 496)   Index built. Total 149755312 kmers, 108279560 bytes occupied (5.78435 bits per kmer).
  0:00:57.441  1391M / 4354M INFO    General                 (coverage_hash_map_builder.:  49)   Collecting k-mer coverage information from reads, this takes a while.
  0:01:11.052  1391M / 4354M INFO    General                 (construction.cpp          : 400)   Filling coverage and flanking coverage from PHM
  0:01:18.909  1391M / 4354M INFO    General                 (coverage_filling.hpp      :  83)   Processed 5586046 edges
  0:01:19.766   461M / 4354M INFO   StageManager             (stage.cpp                 : 210)   STAGE == Raw Simplification (id: raw_simplification)
  0:01:19.766   461M / 4354M INFO    General                 (simplification.cpp        : 129)   PROCEDURE == Initial cleaning
  0:01:19.766   461M / 4354M INFO    General                 (graph_simplification.hpp  : 674)   Flanking coverage based disconnection disabled
  0:01:19.766   461M / 4354M INFO   Simplification           (parallel_processing.hpp   : 168)   Running Self conjugate edge remover
  0:01:19.858   461M / 4354M INFO   Simplification           (parallel_processing.hpp   : 171)   Self conjugate edge remover triggered 0 times
  0:01:19.859   461M / 4354M INFO   Simplification           (parallel_processing.hpp   : 168)   Running Initial tip clipper
  0:01:20.060   461M / 4354M INFO   Simplification           (parallel_processing.hpp   : 171)   Initial tip clipper triggered 8397 times
  0:01:20.060   461M / 4354M INFO   Simplification           (parallel_processing.hpp   : 168)   Running Initial ec remover
  0:01:27.080   517M / 4354M INFO   Simplification           (parallel_processing.hpp   : 171)   Initial ec remover triggered 655261 times
  0:01:27.084   517M / 4354M INFO   Simplification           (parallel_processing.hpp   : 168)   Running Initial isolated edge remover
  0:01:27.327   515M / 4354M INFO   Simplification           (parallel_processing.hpp   : 171)   Initial isolated edge remover triggered 144312 times
  0:01:27.328   455M / 4354M INFO   StageManager             (stage.cpp                 : 210)   STAGE == Simplification (id: simplification)
  0:01:27.328   455M / 4354M INFO    General                 (simplification.cpp        : 397)   Graph simplification started
  0:01:27.328   455M / 4354M INFO    General                 (graph_simplification.hpp  : 646)   Creating parallel br instance
  0:01:27.328   455M / 4354M INFO    General                 (simplification.cpp        : 402)   PROCEDURE == Simplification cycle, iteration 1
  0:01:27.328   455M / 4354M INFO   Simplification           (parallel_processing.hpp   : 168)   Running Tip clipper
  0:01:27.506   455M / 4354M INFO   Simplification           (parallel_processing.hpp   : 171)   Tip clipper triggered 17450 times
  0:01:27.507   455M / 4354M INFO   Simplification           (parallel_processing.hpp   : 168)   Running Bulge remover
  0:01:32.314   464M / 4354M INFO   Simplification           (parallel_processing.hpp   : 171)   Bulge remover triggered 145196 times
  0:01:32.316   464M / 4354M INFO   Simplification           (parallel_processing.hpp   : 168)   Running Low coverage edge remover
  0:01:32.362   464M / 4354M INFO   Simplification           (parallel_processing.hpp   : 171)   Low coverage edge remover triggered 0 times
  0:01:32.362   464M / 4354M INFO    General                 (simplification.cpp        : 402)   PROCEDURE == Simplification cycle, iteration 2
  0:01:32.362   464M / 4354M INFO   Simplification           (parallel_processing.hpp   : 168)   Running Tip clipper
  0:01:32.434   464M / 4354M INFO   Simplification           (parallel_processing.hpp   : 171)   Tip clipper triggered 2035 times
  0:01:32.435   464M / 4354M INFO   Simplification           (parallel_processing.hpp   : 168)   Running Bulge remover
  0:01:32.449   462M / 4354M INFO   Simplification           (parallel_processing.hpp   : 171)   Bulge remover triggered 8 times
  0:01:32.449   462M / 4354M INFO   Simplification           (parallel_processing.hpp   : 168)   Running Low coverage edge remover
  0:01:32.536   462M / 4354M INFO   Simplification           (parallel_processing.hpp   : 171)   Low coverage edge remover triggered 5250 times
  0:01:32.537   462M / 4354M INFO    General                 (simplification.cpp        : 402)   PROCEDURE == Simplification cycle, iteration 3
  0:01:32.537   462M / 4354M INFO   Simplification           (parallel_processing.hpp   : 168)   Running Tip clipper
  0:01:32.541   462M / 4354M INFO   Simplification           (parallel_processing.hpp   : 171)   Tip clipper triggered 183 times
  0:01:32.541   462M / 4354M INFO   Simplification           (parallel_processing.hpp   : 168)   Running Bulge remover
  0:01:32.650   462M / 4354M INFO   Simplification           (parallel_processing.hpp   : 171)   Bulge remover triggered 292 times
  0:01:32.650   462M / 4354M INFO   Simplification           (parallel_processing.hpp   : 168)   Running Low coverage edge remover
  0:01:32.730   462M / 4354M INFO   Simplification           (parallel_processing.hpp   : 171)   Low coverage edge remover triggered 8312 times
  0:01:32.730   462M / 4354M INFO    General                 (simplification.cpp        : 402)   PROCEDURE == Simplification cycle, iteration 4
  0:01:32.730   462M / 4354M INFO   Simplification           (parallel_processing.hpp   : 168)   Running Tip clipper
  0:01:32.771   462M / 4354M INFO   Simplification           (parallel_processing.hpp   : 171)   Tip clipper triggered 154 times
  0:01:32.771   462M / 4354M INFO   Simplification           (parallel_processing.hpp   : 168)   Running Bulge remover
  0:01:33.310   462M / 4354M INFO   Simplification           (parallel_processing.hpp   : 171)   Bulge remover triggered 407 times
  0:01:33.310   462M / 4354M INFO   Simplification           (parallel_processing.hpp   : 168)   Running Low coverage edge remover
  0:01:33.349   462M / 4354M INFO   Simplification           (parallel_processing.hpp   : 171)   Low coverage edge remover triggered 5 times
  0:01:33.349   462M / 4354M INFO    General                 (simplification.cpp        : 402)   PROCEDURE == Simplification cycle, iteration 5
  0:01:33.349   462M / 4354M INFO   Simplification           (parallel_processing.hpp   : 168)   Running Tip clipper
  0:01:33.350   462M / 4354M INFO   Simplification           (parallel_processing.hpp   : 171)   Tip clipper triggered 7 times
  0:01:33.350   462M / 4354M INFO   Simplification           (parallel_processing.hpp   : 168)   Running Bulge remover
  0:01:33.350   462M / 4354M INFO   Simplification           (parallel_processing.hpp   : 171)   Bulge remover triggered 0 times
  0:01:33.350   462M / 4354M INFO   Simplification           (parallel_processing.hpp   : 168)   Running Low coverage edge remover
  0:01:33.350   462M / 4354M INFO   Simplification           (parallel_processing.hpp   : 171)   Low coverage edge remover triggered 0 times
  0:01:33.350   462M / 4354M INFO    General                 (simplification.cpp        : 402)   PROCEDURE == Simplification cycle, iteration 6
  0:01:33.350   462M / 4354M INFO   Simplification           (parallel_processing.hpp   : 168)   Running Tip clipper
  0:01:33.350   462M / 4354M INFO   Simplification           (parallel_processing.hpp   : 171)   Tip clipper triggered 0 times
  0:01:33.350   462M / 4354M INFO   Simplification           (parallel_processing.hpp   : 168)   Running Bulge remover
  0:01:33.350   462M / 4354M INFO   Simplification           (parallel_processing.hpp   : 171)   Bulge remover triggered 0 times
  0:01:33.350   462M / 4354M INFO   Simplification           (parallel_processing.hpp   : 168)   Running Low coverage edge remover
  0:01:33.350   462M / 4354M INFO   Simplification           (parallel_processing.hpp   : 171)   Low coverage edge remover triggered 0 times
  0:01:33.384   450M / 4354M INFO   StageManager             (stage.cpp                 : 210)   STAGE == Simplification Cleanup (id: simplification_cleanup)
  0:01:33.384   450M / 4354M INFO    General                 (simplification.cpp        : 189)   PROCEDURE == Post simplification
  0:01:33.384   450M / 4354M INFO    General                 (graph_simplification.hpp  : 646)   Creating parallel br instance
  0:01:33.384   450M / 4354M INFO   Simplification           (parallel_processing.hpp   : 168)   Running Relative coverage component remover
  0:01:33.956   449M / 4354M INFO   Simplification           (parallel_processing.hpp   : 171)   Relative coverage component remover triggered 3481 times
  0:01:33.957   449M / 4354M INFO   Simplification           (parallel_processing.hpp   : 168)   Running Disconnecting edges with relatively low coverage
  0:01:34.136   449M / 4354M INFO   Simplification           (parallel_processing.hpp   : 171)   Disconnecting edges with relatively low coverage triggered 957 times
  0:01:34.136   449M / 4354M INFO   Simplification           (parallel_processing.hpp   : 168)   Running Complex tip clipper
  0:01:34.199   449M / 4354M INFO   Simplification           (parallel_processing.hpp   : 171)   Complex tip clipper triggered 110 times
  0:01:34.199   449M / 4354M INFO   Simplification           (parallel_processing.hpp   : 168)   Running Complex bulge remover
  0:01:35.358   449M / 4354M INFO   Simplification           (parallel_processing.hpp   : 171)   Complex bulge remover triggered 206 times
  0:01:35.358   449M / 4354M INFO   Simplification           (parallel_processing.hpp   : 168)   Running Tip clipper
  0:01:35.395   449M / 4354M INFO   Simplification           (parallel_processing.hpp   : 171)   Tip clipper triggered 680 times
  0:01:35.395   449M / 4354M INFO   Simplification           (parallel_processing.hpp   : 168)   Running Final tip clipper
  0:01:35.460   450M / 4354M INFO   Simplification           (parallel_processing.hpp   : 171)   Final tip clipper triggered 2788 times
  0:01:35.460   450M / 4354M INFO   Simplification           (parallel_processing.hpp   : 168)   Running Bulge remover
  0:01:35.817   451M / 4354M INFO   Simplification           (parallel_processing.hpp   : 171)   Bulge remover triggered 125 times
  0:01:35.817   451M / 4354M INFO   Simplification           (parallel_processing.hpp   : 168)   Running Thorn remover (meta)
  0:01:35.901   451M / 4354M INFO   Simplification           (parallel_processing.hpp   : 171)   Thorn remover (meta) triggered 6 times
  0:01:35.901   451M / 4354M INFO   Simplification           (parallel_processing.hpp   : 168)   Running Relative coverage component remover
  0:01:36.393   451M / 4354M INFO   Simplification           (parallel_processing.hpp   : 171)   Relative coverage component remover triggered 32 times
  0:01:36.393   451M / 4354M INFO   Simplification           (parallel_processing.hpp   : 168)   Running Disconnecting edges with relatively low coverage
  0:01:36.535   451M / 4354M INFO   Simplification           (parallel_processing.hpp   : 171)   Disconnecting edges with relatively low coverage triggered 176 times
  0:01:36.535   451M / 4354M INFO   Simplification           (parallel_processing.hpp   : 168)   Running Complex tip clipper
  0:01:36.591   451M / 4354M INFO   Simplification           (parallel_processing.hpp   : 171)   Complex tip clipper triggered 19 times
  0:01:36.591   451M / 4354M INFO   Simplification           (parallel_processing.hpp   : 168)   Running Complex bulge remover
  0:01:37.724   450M / 4354M INFO   Simplification           (parallel_processing.hpp   : 171)   Complex bulge remover triggered 10 times
  0:01:37.724   450M / 4354M INFO   Simplification           (parallel_processing.hpp   : 168)   Running Tip clipper
  0:01:37.758   450M / 4354M INFO   Simplification           (parallel_processing.hpp   : 171)   Tip clipper triggered 74 times
  0:01:37.758   450M / 4354M INFO   Simplification           (parallel_processing.hpp   : 168)   Running Final tip clipper
  0:01:37.788   450M / 4354M INFO   Simplification           (parallel_processing.hpp   : 171)   Final tip clipper triggered 9 times
  0:01:37.788   450M / 4354M INFO   Simplification           (parallel_processing.hpp   : 168)   Running Bulge remover
  0:01:38.096   451M / 4354M INFO   Simplification           (parallel_processing.hpp   : 171)   Bulge remover triggered 2 times
  0:01:38.096   451M / 4354M INFO   Simplification           (parallel_processing.hpp   : 168)   Running Thorn remover (meta)
  0:01:38.178   451M / 4354M INFO   Simplification           (parallel_processing.hpp   : 171)   Thorn remover (meta) triggered 0 times
  0:01:38.178   451M / 4354M INFO   Simplification           (parallel_processing.hpp   : 168)   Running Relative coverage component remover
  0:01:38.656   451M / 4354M INFO   Simplification           (parallel_processing.hpp   : 171)   Relative coverage component remover triggered 1 times
  0:01:38.656   451M / 4354M INFO   Simplification           (parallel_processing.hpp   : 168)   Running Disconnecting edges with relatively low coverage
  0:01:38.657   451M / 4354M INFO   Simplification           (parallel_processing.hpp   : 171)   Disconnecting edges with relatively low coverage triggered 2 times
  0:01:38.657   451M / 4354M INFO   Simplification           (parallel_processing.hpp   : 168)   Running Complex tip clipper
  0:01:38.712   451M / 4354M INFO   Simplification           (parallel_processing.hpp   : 171)   Complex tip clipper triggered 0 times
  0:01:38.712   451M / 4354M INFO   Simplification           (parallel_processing.hpp   : 168)   Running Complex bulge remover
  0:01:39.836   451M / 4354M INFO   Simplification           (parallel_processing.hpp   : 171)   Complex bulge remover triggered 0 times
  0:01:39.837   451M / 4354M INFO   Simplification           (parallel_processing.hpp   : 168)   Running Tip clipper
  0:01:39.837   451M / 4354M INFO   Simplification           (parallel_processing.hpp   : 171)   Tip clipper triggered 2 times
  0:01:39.837   451M / 4354M INFO   Simplification           (parallel_processing.hpp   : 168)   Running Final tip clipper
  0:01:39.837   451M / 4354M INFO   Simplification           (parallel_processing.hpp   : 171)   Final tip clipper triggered 0 times
  0:01:39.837   451M / 4354M INFO   Simplification           (parallel_processing.hpp   : 168)   Running Bulge remover
  0:01:39.837   451M / 4354M INFO   Simplification           (parallel_processing.hpp   : 171)   Bulge remover triggered 0 times
  0:01:39.837   451M / 4354M INFO   Simplification           (parallel_processing.hpp   : 168)   Running Thorn remover (meta)
  0:01:39.837   451M / 4354M INFO   Simplification           (parallel_processing.hpp   : 171)   Thorn remover (meta) triggered 0 times
  0:01:39.837   451M / 4354M INFO   Simplification           (parallel_processing.hpp   : 168)   Running Relative coverage component remover
  0:01:40.304   451M / 4354M INFO   Simplification           (parallel_processing.hpp   : 171)   Relative coverage component remover triggered 0 times
  0:01:40.304   451M / 4354M INFO   Simplification           (parallel_processing.hpp   : 168)   Running Disconnecting edges with relatively low coverage
  0:01:40.304   451M / 4354M INFO   Simplification           (parallel_processing.hpp   : 171)   Disconnecting edges with relatively low coverage triggered 0 times
  0:01:40.304   451M / 4354M INFO   Simplification           (parallel_processing.hpp   : 168)   Running Complex tip clipper
  0:01:40.348   451M / 4354M INFO   Simplification           (parallel_processing.hpp   : 171)   Complex tip clipper triggered 0 times
  0:01:40.349   451M / 4354M INFO   Simplification           (parallel_processing.hpp   : 168)   Running Complex bulge remover
  0:01:41.448   451M / 4354M INFO   Simplification           (parallel_processing.hpp   : 171)   Complex bulge remover triggered 0 times
  0:01:41.448   451M / 4354M INFO   Simplification           (parallel_processing.hpp   : 168)   Running Tip clipper
  0:01:41.448   451M / 4354M INFO   Simplification           (parallel_processing.hpp   : 171)   Tip clipper triggered 0 times
  0:01:41.448   451M / 4354M INFO   Simplification           (parallel_processing.hpp   : 168)   Running Final tip clipper
  0:01:41.448   451M / 4354M INFO   Simplification           (parallel_processing.hpp   : 171)   Final tip clipper triggered 0 times
  0:01:41.448   451M / 4354M INFO   Simplification           (parallel_processing.hpp   : 168)   Running Bulge remover
  0:01:41.448   451M / 4354M INFO   Simplification           (parallel_processing.hpp   : 171)   Bulge remover triggered 0 times
  0:01:41.448   451M / 4354M INFO   Simplification           (parallel_processing.hpp   : 168)   Running Thorn remover (meta)
  0:01:41.448   451M / 4354M INFO   Simplification           (parallel_processing.hpp   : 171)   Thorn remover (meta) triggered 0 times
  0:01:41.448   451M / 4354M INFO    General                 (simplification.cpp        : 344)   Running Hidden EC remover (meta)
  0:01:41.498   451M / 4354M INFO    General                 (simplification.cpp        : 348)   Disrupting self-conjugate edges
  0:01:41.627   451M / 4354M INFO   Simplification           (parallel_processing.hpp   : 168)   Running Removing isolated edges
  0:01:41.664   451M / 4354M INFO   Simplification           (parallel_processing.hpp   : 171)   Removing isolated edges triggered 1262 times
  0:01:41.689   449M / 4354M INFO    General                 (simplification.cpp        : 508)   After simplification:
  0:01:41.689   449M / 4354M INFO    General                 (simplification.cpp        : 509)     Average coverage = 4.90438
  0:01:41.713   449M / 4354M INFO    General                 (simplification.cpp        : 510)     Total length = 92077893
  0:01:41.756   449M / 4354M INFO    General                 (simplification.cpp        : 511)     Median edge length: 834
  0:01:41.756   449M / 4354M INFO    General                 (simplification.cpp        : 512)     Edges: 451576
  0:01:41.756   449M / 4354M INFO    General                 (simplification.cpp        : 513)     Vertices: 638480
  0:01:41.756   449M / 4354M INFO   StageManager             (stage.cpp                 : 210)   STAGE == Contig Output (id: contig_output)
  0:01:41.756   449M / 4354M INFO    General                 (read_converter.cpp        : 135)   Outputting contigs to "${ARTICLE30_WORK_DIR}/assemblies/metaspades-single-MOCK1/K21/simplified_contigs"
  0:01:41.760   452M / 4354M INFO    General                 (binary_converter.cpp      : 127)   16384 reads processed
  0:01:41.763   452M / 4354M INFO    General                 (binary_converter.cpp      : 127)   32768 reads processed
  0:01:41.772   452M / 4354M INFO    General                 (binary_converter.cpp      : 127)   65536 reads processed
  0:01:41.801   452M / 4354M INFO    General                 (binary_converter.cpp      : 127)   131072 reads processed
  0:01:41.862   452M / 4354M INFO    General                 (binary_converter.cpp      : 143)   225901 reads written
  0:01:41.866   449M / 4354M INFO    General                 (pipeline.cpp              : 305)   SPAdes finished
  0:01:42.089     1M / 4354M INFO    General                 (main.cpp                  : 131)   Assembling time: 0 hours 1 minutes 42 seconds

===== K21 finished. 


===== K33 started. 


== Running: ${HOME}/miniconda3/envs/metagenome-assembly-2026.07/bin/spades-core ${ARTICLE30_WORK_DIR}/assemblies/metaspades-single-MOCK1/K33/configs/config.info ${ARTICLE30_WORK_DIR}/assemblies/metaspades-single-MOCK1/K33/configs/mda_mode.info ${ARTICLE30_WORK_DIR}/assemblies/metaspades-single-MOCK1/K33/configs/meta_mode.info

  0:00:00.000     1M / 17M   INFO    General                 (main.cpp                  :  94)   Loaded config from "${ARTICLE30_WORK_DIR}/assemblies/metaspades-single-MOCK1/K33/configs/config.info"
  0:00:00.001     1M / 17M   INFO    General                 (main.cpp                  :  94)   Loaded config from "${ARTICLE30_WORK_DIR}/assemblies/metaspades-single-MOCK1/K33/configs/mda_mode.info"
  0:00:00.001     1M / 17M   INFO    General                 (main.cpp                  :  94)   Loaded config from "${ARTICLE30_WORK_DIR}/assemblies/metaspades-single-MOCK1/K33/configs/meta_mode.info"
  0:00:00.001     1M / 17M   INFO    General                 (memory_limit.cpp          :  55)   Memory limit set to 64 Gb
  0:00:00.001     1M / 17M   INFO    General                 (main.cpp                  : 102)   Starting SPAdes, built from N/A, git revision N/A
  0:00:00.001     1M / 17M   INFO    General                 (main.cpp                  : 103)   Maximum k-mer length: 128
  0:00:00.001     1M / 17M   INFO    General                 (main.cpp                  : 104)   Assembling dataset ("${ARTICLE30_WORK_DIR}/assemblies/metaspades-single-MOCK1/dataset.info") with K=33
  0:00:00.001     1M / 17M   INFO    General                 (main.cpp                  : 105)   Maximum # of threads to use (adjusted due to OMP capabilities): 16
  0:00:00.001     1M / 17M   INFO    General                 (pipeline.cpp              : 221)   SPAdes started
  0:00:00.001     1M / 17M   INFO    General                 (pipeline.cpp              : 234)   Starting from stage: read_conversion
  0:00:00.001     1M / 17M   INFO    General                 (pipeline.cpp              : 245)   Two-step repeat resolution disabled
  0:00:00.001     1M / 17M   INFO   GraphCore                (graph_core.hpp            : 582)   Graph created, vertex min_id: 3, edge min_id: 3
  0:00:00.001     1M / 17M   INFO   GraphCore                (graph_core.hpp            : 583)   Vertex size: 48, edge size: 40
  0:00:00.001     1M / 17M   INFO    General                 (edge_index.hpp            : 132)   Size of edge index entries: 12/8
  0:00:00.001     1M / 17M   INFO   StageManager             (stage.cpp                 : 210)   STAGE == Binary Read Conversion (id: read_conversion)
  0:00:00.002     1M / 17M   INFO    General                 (read_converter.cpp        :  57)   Binary reads detected
  0:00:00.030     1M / 17M   INFO   StageManager             (stage.cpp                 : 210)   STAGE == de Bruijn graph construction (id: construction)
  0:00:00.030     1M / 17M   INFO    General                 (construction.cpp          : 115)   Contigs from previous K will be used: ${ARTICLE30_WORK_DIR}/assemblies/metaspades-single-MOCK1/K21/simplified_contigs
  0:00:00.031     1M / 17M   INFO    General                 (construction.cpp          : 150)   Max read length 150
  0:00:00.031     1M / 17M   INFO    General                 (construction.cpp          : 156)   Average read length 148.971
  0:00:00.031     1M / 17M   INFO    General                 (stage.cpp                 : 120)   PROCEDURE == k+1-mer counting (id: construction:kpomer_counting)
  0:00:00.031     1M / 17M   INFO    General                 (kmer_index_builder.hpp    : 308)   Splitting kmer instances into 160 files using 16 threads. This might take a while.
  0:00:00.035     1M / 17M   INFO    General                 (file_limit.hpp            :  43)   Open file limit set to 1048576
  0:00:00.035     1M / 17M   INFO    General                 (kmer_splitter.hpp         :  96)   Memory available for splitting buffers: 1.33332 Gb
  0:00:00.035     1M / 17M   INFO    General                 (kmer_splitter.hpp         : 104)   Using cell size of 209715
mimalloc: warning: thread 0x7af19c000640: unable to allocate aligned OS memory directly, fall back to over-allocation (67108864 bytes, address: 0x7af195000000, alignment: 67108864, commit: 1)
mimalloc: warning: thread 0x7af19a200640: unable to allocate aligned OS memory directly, fall back to over-allocation (67108864 bytes, address: 0x7af195000000, alignment: 67108864, commit: 1)
  0:00:06.120  9602M / 9602M INFO    General                 (kmer_splitters.hpp        : 128)   Processed 8357720 reads
  0:00:06.947  9602M / 9602M INFO    General                 (kmer_splitters.hpp        : 128)   Processed 8451214 reads
  0:00:06.949     2M / 8832M INFO    General                 (kmer_splitters.hpp        : 134)   Used 8451214 reads
  0:00:07.193     2M / 8832M INFO    General                 (kmer_index_builder.hpp    : 314)   Starting k-mer counting.
  0:00:07.661     2M / 8832M INFO    General                 (kmer_index_builder.hpp    : 325)   K-mer counting done. There are 153201596 kmers in total.
  0:00:07.661     1M / 8832M INFO    General                 (stage.cpp                 : 120)   PROCEDURE == Extension index construction (id: construction:extension_index_construction)
  0:00:07.663     2M / 8832M INFO   K-mer Index Building     (kmer_index_builder.hpp    : 503)   Building kmer index
  0:00:07.663     2M / 8832M INFO    General                 (kmer_index_builder.hpp    : 308)   Splitting kmer instances into 160 files using 16 threads. This might take a while.
  0:00:07.667     2M / 8832M INFO    General                 (file_limit.hpp            :  43)   Open file limit set to 1048576
  0:00:07.667     2M / 8832M INFO    General                 (kmer_splitter.hpp         :  96)   Memory available for splitting buffers: 1.3333 Gb
  0:00:07.667     2M / 8832M INFO    General                 (kmer_splitter.hpp         : 104)   Using cell size of 209715
  0:00:08.135  9602M / 9602M INFO    General                 (kmer_splitters.hpp        : 197)   Processed 10806214 kmers
  0:00:08.741  9602M / 9602M INFO    General                 (kmer_splitters.hpp        : 197)   Processed 25969914 kmers
  0:00:09.330  9602M / 9602M INFO    General                 (kmer_splitters.hpp        : 197)   Processed 41311570 kmers
  0:00:09.940  9602M / 9602M INFO    General                 (kmer_splitters.hpp        : 197)   Processed 56640253 kmers
  0:00:10.576  9602M / 9602M INFO    General                 (kmer_splitters.hpp        : 197)   Processed 71962538 kmers
  0:00:11.162  9602M / 9602M INFO    General                 (kmer_splitters.hpp        : 197)   Processed 87308622 kmers
  0:00:11.805  9602M / 9602M INFO    General                 (kmer_splitters.hpp        : 197)   Processed 102608443 kmers
  0:00:12.430  9602M / 9602M INFO    General                 (kmer_splitters.hpp        : 197)   Processed 117936158 kmers
  0:00:13.043  9602M / 9602M INFO    General                 (kmer_splitters.hpp        : 197)   Processed 133249911 kmers
  0:00:13.614  9602M / 9602M INFO    General                 (kmer_splitters.hpp        : 197)   Processed 148544966 kmers
  0:00:13.803  9602M / 9602M INFO    General                 (kmer_splitters.hpp        : 197)   Processed 153202476 kmers
  0:00:13.804  9602M / 9602M INFO    General                 (kmer_splitters.hpp        : 202)   Used 153202476 kmers.
  0:00:13.805     2M / 8832M INFO    General                 (kmer_index_builder.hpp    : 314)   Starting k-mer counting.
  0:00:14.891     2M / 8832M INFO    General                 (kmer_index_builder.hpp    : 325)   K-mer counting done. There are 153081030 kmers in total.
  0:00:14.891     2M / 8832M INFO   K-mer Index Building     (kmer_index_builder.hpp    : 460)   Building perfect hash indices
  0:00:16.962   111M / 8832M INFO   K-mer Index Building     (kmer_index_builder.hpp    : 496)   Index built. Total 153081030 kmers, 110683304 bytes occupied (5.7843 bits per kmer).
  0:00:16.963   111M / 8832M INFO    General                 (kmer_index_builder.hpp    : 191)   Merging final buckets.
  0:00:33.397   259M / 8832M INFO   DeBruijnExtensionIndexBu (kmer_extension_index_build: 101)   Building k-mer extensions from k+1-mers
  0:00:41.624   259M / 8832M INFO   DeBruijnExtensionIndexBu (kmer_extension_index_build: 106)   Building k-mer extensions from k+1-mers finished.
  0:00:41.738   258M / 8832M INFO    General                 (stage.cpp                 : 120)   PROCEDURE == Early tip clipping (id: construction:early_tip_clipper)
  0:00:41.739   258M / 8832M INFO    General                 (construction.cpp          : 298)   Early tip clipper length bound set as (RL - K)
  0:00:41.739   258M / 8832M INFO   Early tip clipping       (early_simplification.hpp  :  48)   Early tip clipping
  0:00:47.326   338M / 8832M INFO   Early tip clipping       (early_simplification.hpp  :  83)   #tipped junctions: 695858
  0:00:47.369   338M / 8832M INFO   Early tip clipping       (early_simplification.hpp  :  94)   Clipped tips: 698059
  0:00:47.489   258M / 8832M INFO   Early tip clipping       (early_simplification.hpp  :  50)   18551915 34-mers were removed by early tip clipper
  0:00:47.489   258M / 8832M INFO    General                 (stage.cpp                 : 120)   PROCEDURE == Condensing graph (id: construction:graph_condensing)
  0:00:47.491   259M / 8832M INFO   UnbranchingPathExtractor (debruijn_graph_constructor: 324)   Extracting unbranching paths
  0:00:56.379   345M / 8832M INFO   UnbranchingPathExtractor (debruijn_graph_constructor: 348)   Extracting unbranching paths finished. 1683320 sequences extracted
  0:01:00.907   345M / 8832M INFO   UnbranchingPathExtractor (debruijn_graph_constructor: 362)   Collecting perfect loops
  0:01:02.026   346M / 8832M INFO   UnbranchingPathExtractor (debruijn_graph_constructor: 395)   Collecting perfect loops finished. 157 loops collected
  0:01:02.239   345M / 8832M INFO   DeBruijnGraphConstructor (debruijn_graph_constructor: 597)   Sorting edges...
  0:01:02.302   345M / 8832M INFO   DeBruijnGraphConstructor (debruijn_graph_constructor: 602)   Edges sorted
  0:01:02.302   345M / 8832M INFO    General                 (debruijn_graph_constructor: 511)   Total 3366954 edges to create
  0:01:02.302   477M / 8832M INFO    General                 (debruijn_graph_constructor: 514)   Collecting link records
  0:01:03.963   529M / 8832M INFO    General                 (debruijn_graph_constructor: 521)   Total short graph edges: 712646
  0:01:03.963   529M / 8832M INFO    General                 (debruijn_graph_constructor: 523)   Ordering link records
  0:01:04.002   529M / 8832M INFO    General                 (debruijn_graph_constructor: 529)   Sorting done
  0:01:04.028   545M / 8832M INFO    General                 (debruijn_graph_constructor: 542)   Sorting LinkRecords...
  0:01:04.052   545M / 8832M INFO    General                 (debruijn_graph_constructor: 548)   LinkRecords sorted
  0:01:04.052   545M / 8832M INFO    General                 (debruijn_graph_constructor: 550)   Total 1562911 vertices to create
  0:01:04.052   690M / 8832M INFO    General                 (debruijn_graph_constructor: 553)   Connecting the graph
  0:01:06.395   596M / 8832M INFO    General                 (stage.cpp                 : 120)   PROCEDURE == Filling coverage indices (PHM) (id: construction:coverage_filling_phm)
  0:01:06.395   596M / 8832M INFO   K-mer Index Building     (kmer_index_builder.hpp    : 460)   Building perfect hash indices
  0:01:08.395   704M / 8832M INFO   K-mer Index Building     (kmer_index_builder.hpp    : 496)   Index built. Total 153201596 kmers, 110771112 bytes occupied (5.78433 bits per kmer).
  0:01:08.812  1292M / 8832M INFO    General                 (coverage_hash_map_builder.:  49)   Collecting k-mer coverage information from reads, this takes a while.
  0:01:21.503  1292M / 8832M INFO    General                 (construction.cpp          : 400)   Filling coverage and flanking coverage from PHM
  0:01:28.682  1293M / 8832M INFO    General                 (coverage_filling.hpp      :  83)   Processed 3366836 edges
  0:01:30.029   338M / 8832M INFO   StageManager             (stage.cpp                 : 210)   STAGE == Raw Simplification (id: raw_simplification)
  0:01:30.030   338M / 8832M INFO    General                 (simplification.cpp        : 129)   PROCEDURE == Initial cleaning
  0:01:30.030   338M / 8832M INFO    General                 (graph_simplification.hpp  : 674)   Flanking coverage based disconnection disabled
  0:01:30.030   338M / 8832M INFO   Simplification           (parallel_processing.hpp   : 168)   Running Self conjugate edge remover
  0:01:30.092   338M / 8832M INFO   Simplification           (parallel_processing.hpp   : 171)   Self conjugate edge remover triggered 23 times
  0:01:30.092   338M / 8832M INFO   Simplification           (parallel_processing.hpp   : 168)   Running Initial tip clipper
  0:01:30.235   338M / 8832M INFO   Simplification           (parallel_processing.hpp   : 171)   Initial tip clipper triggered 7462 times
  0:01:30.236   338M / 8832M INFO   Simplification           (parallel_processing.hpp   : 168)   Running Initial ec remover
  0:01:34.658   349M / 8832M INFO   Simplification           (parallel_processing.hpp   : 171)   Initial ec remover triggered 347747 times
  0:01:34.662   349M / 8832M INFO   Simplification           (parallel_processing.hpp   : 168)   Running Initial isolated edge remover
  0:01:34.943   345M / 8832M INFO   Simplification           (parallel_processing.hpp   : 171)   Initial isolated edge remover triggered 184239 times
  0:01:34.944   311M / 8832M INFO   StageManager             (stage.cpp                 : 210)   STAGE == Simplification (id: simplification)
  0:01:34.944   311M / 8832M INFO    General                 (simplification.cpp        : 397)   Graph simplification started
  0:01:34.944   311M / 8832M INFO    General                 (graph_simplification.hpp  : 646)   Creating parallel br instance
  0:01:34.944   311M / 8832M INFO    General                 (simplification.cpp        : 402)   PROCEDURE == Simplification cycle, iteration 1
  0:01:34.944   311M / 8832M INFO   Simplification           (parallel_processing.hpp   : 168)   Running Tip clipper
  0:01:35.030   311M / 8832M INFO   Simplification           (parallel_processing.hpp   : 171)   Tip clipper triggered 5568 times
  0:01:35.030   311M / 8832M INFO   Simplification           (parallel_processing.hpp   : 168)   Running Bulge remover
  0:01:37.416   312M / 8832M INFO   Simplification           (parallel_processing.hpp   : 171)   Bulge remover triggered 88230 times
  0:01:37.419   312M / 8832M INFO   Simplification           (parallel_processing.hpp   : 168)   Running Low coverage edge remover
  0:01:37.449   312M / 8832M INFO   Simplification           (parallel_processing.hpp   : 171)   Low coverage edge remover triggered 7 times
  0:01:37.449   312M / 8832M INFO    General                 (simplification.cpp        : 402)   PROCEDURE == Simplification cycle, iteration 2
  0:01:37.449   312M / 8832M INFO   Simplification           (parallel_processing.hpp   : 168)   Running Tip clipper
  0:01:37.470   312M / 8832M INFO   Simplification           (parallel_processing.hpp   : 171)   Tip clipper triggered 386 times
  0:01:37.471   312M / 8832M INFO   Simplification           (parallel_processing.hpp   : 168)   Running Bulge remover
  0:01:37.471   311M / 8832M INFO   Simplification           (parallel_processing.hpp   : 171)   Bulge remover triggered 7 times
  0:01:37.471   311M / 8832M INFO   Simplification           (parallel_processing.hpp   : 168)   Running Low coverage edge remover
  0:01:37.489   311M / 8832M INFO   Simplification           (parallel_processing.hpp   : 171)   Low coverage edge remover triggered 615 times
  0:01:37.489   311M / 8832M INFO    General                 (simplification.cpp        : 402)   PROCEDURE == Simplification cycle, iteration 3
  0:01:37.489   311M / 8832M INFO   Simplification           (parallel_processing.hpp   : 168)   Running Tip clipper
  0:01:37.490   311M / 8832M INFO   Simplification           (parallel_processing.hpp   : 171)   Tip clipper triggered 37 times
  0:01:37.490   311M / 8832M INFO   Simplification           (parallel_processing.hpp   : 168)   Running Bulge remover
  0:01:37.496   311M / 8832M INFO   Simplification           (parallel_processing.hpp   : 171)   Bulge remover triggered 59 times
  0:01:37.496   311M / 8832M INFO   Simplification           (parallel_processing.hpp   : 168)   Running Low coverage edge remover
  0:01:37.511   311M / 8832M INFO   Simplification           (parallel_processing.hpp   : 171)   Low coverage edge remover triggered 984 times
  0:01:37.511   311M / 8832M INFO    General                 (simplification.cpp        : 402)   PROCEDURE == Simplification cycle, iteration 4
  0:01:37.511   311M / 8832M INFO   Simplification           (parallel_processing.hpp   : 168)   Running Tip clipper
  0:01:37.537   311M / 8832M INFO   Simplification           (parallel_processing.hpp   : 171)   Tip clipper triggered 36 times
  0:01:37.537   311M / 8832M INFO   Simplification           (parallel_processing.hpp   : 168)   Running Bulge remover
  0:01:37.587   311M / 8832M INFO   Simplification           (parallel_processing.hpp   : 171)   Bulge remover triggered 139 times
  0:01:37.587   311M / 8832M INFO   Simplification           (parallel_processing.hpp   : 168)   Running Low coverage edge remover
  0:01:37.612   311M / 8832M INFO   Simplification           (parallel_processing.hpp   : 171)   Low coverage edge remover triggered 0 times
  0:01:37.612   311M / 8832M INFO    General                 (simplification.cpp        : 402)   PROCEDURE == Simplification cycle, iteration 5
  0:01:37.612   311M / 8832M INFO   Simplification           (parallel_processing.hpp   : 168)   Running Tip clipper
  0:01:37.612   311M / 8832M INFO   Simplification           (parallel_processing.hpp   : 171)   Tip clipper triggered 1 times
  0:01:37.612   311M / 8832M INFO   Simplification           (parallel_processing.hpp   : 168)   Running Bulge remover
  0:01:37.612   311M / 8832M INFO   Simplification           (parallel_processing.hpp   : 171)   Bulge remover triggered 0 times
  0:01:37.612   311M / 8832M INFO   Simplification           (parallel_processing.hpp   : 168)   Running Low coverage edge remover
  0:01:37.612   311M / 8832M INFO   Simplification           (parallel_processing.hpp   : 171)   Low coverage edge remover triggered 0 times
  0:01:37.612   311M / 8832M INFO    General                 (simplification.cpp        : 402)   PROCEDURE == Simplification cycle, iteration 6
  0:01:37.612   311M / 8832M INFO   Simplification           (parallel_processing.hpp   : 168)   Running Tip clipper
  0:01:37.612   311M / 8832M INFO   Simplification           (parallel_processing.hpp   : 171)   Tip clipper triggered 0 times
  0:01:37.612   311M / 8832M INFO   Simplification           (parallel_processing.hpp   : 168)   Running Bulge remover
  0:01:37.612   311M / 8832M INFO   Simplification           (parallel_processing.hpp   : 171)   Bulge remover triggered 0 times
  0:01:37.612   311M / 8832M INFO   Simplification           (parallel_processing.hpp   : 168)   Running Low coverage edge remover
  0:01:37.612   311M / 8832M INFO   Simplification           (parallel_processing.hpp   : 171)   Low coverage edge remover triggered 0 times
  0:01:37.628   305M / 8832M INFO   StageManager             (stage.cpp                 : 210)   STAGE == Simplification Cleanup (id: simplification_cleanup)
  0:01:37.628   305M / 8832M INFO    General                 (simplification.cpp        : 189)   PROCEDURE == Post simplification
  0:01:37.628   305M / 8832M INFO    General                 (graph_simplification.hpp  : 646)   Creating parallel br instance
  0:01:37.628   305M / 8832M INFO   Simplification           (parallel_processing.hpp   : 168)   Running Relative coverage component remover
  0:01:37.800   305M / 8832M INFO   Simplification           (parallel_processing.hpp   : 171)   Relative coverage component remover triggered 628 times
  0:01:37.800   305M / 8832M INFO   Simplification           (parallel_processing.hpp   : 168)   Running Disconnecting edges with relatively low coverage
  0:01:37.837   305M / 8832M INFO   Simplification           (parallel_processing.hpp   : 171)   Disconnecting edges with relatively low coverage triggered 74 times
  0:01:37.837   305M / 8832M INFO   Simplification           (parallel_processing.hpp   : 168)   Running Complex tip clipper
  0:01:37.888   305M / 8832M INFO   Simplification           (parallel_processing.hpp   : 171)   Complex tip clipper triggered 8 times
  0:01:37.888   305M / 8832M INFO   Simplification           (parallel_processing.hpp   : 168)   Running Complex bulge remover
  0:01:38.811   305M / 8832M INFO   Simplification           (parallel_processing.hpp   : 171)   Complex bulge remover triggered 622 times
  0:01:38.812   305M / 8832M INFO   Simplification           (parallel_processing.hpp   : 168)   Running Tip clipper
  0:01:38.834   305M / 8832M INFO   Simplification           (parallel_processing.hpp   : 171)   Tip clipper triggered 51 times
  0:01:38.834   305M / 8832M INFO   Simplification           (parallel_processing.hpp   : 168)   Running Final tip clipper
  0:01:38.865   305M / 8832M INFO   Simplification           (parallel_processing.hpp   : 171)   Final tip clipper triggered 496 times
  0:01:38.865   305M / 8832M INFO   Simplification           (parallel_processing.hpp   : 168)   Running Bulge remover
  0:01:38.913   305M / 8832M INFO   Simplification           (parallel_processing.hpp   : 171)   Bulge remover triggered 36 times
  0:01:38.913   305M / 8832M INFO   Simplification           (parallel_processing.hpp   : 168)   Running Thorn remover (meta)
  0:01:38.948   305M / 8832M INFO   Simplification           (parallel_processing.hpp   : 171)   Thorn remover (meta) triggered 2 times
  0:01:38.948   305M / 8832M INFO   Simplification           (parallel_processing.hpp   : 168)   Running Relative coverage component remover
  0:01:39.051   305M / 8832M INFO   Simplification           (parallel_processing.hpp   : 171)   Relative coverage component remover triggered 6 times
  0:01:39.052   305M / 8832M INFO   Simplification           (parallel_processing.hpp   : 168)   Running Disconnecting edges with relatively low coverage
  0:01:39.090   305M / 8832M INFO   Simplification           (parallel_processing.hpp   : 171)   Disconnecting edges with relatively low coverage triggered 2 times
  0:01:39.090   305M / 8832M INFO   Simplification           (parallel_processing.hpp   : 168)   Running Complex tip clipper
  0:01:39.137   305M / 8832M INFO   Simplification           (parallel_processing.hpp   : 171)   Complex tip clipper triggered 0 times
  0:01:39.137   305M / 8832M INFO   Simplification           (parallel_processing.hpp   : 168)   Running Complex bulge remover
  0:01:40.034   305M / 8832M INFO   Simplification           (parallel_processing.hpp   : 171)   Complex bulge remover triggered 3 times
  0:01:40.034   305M / 8832M INFO   Simplification           (parallel_processing.hpp   : 168)   Running Tip clipper
  0:01:40.055   305M / 8832M INFO   Simplification           (parallel_processing.hpp   : 171)   Tip clipper triggered 5 times
  0:01:40.055   305M / 8832M INFO   Simplification           (parallel_processing.hpp   : 168)   Running Final tip clipper
  0:01:40.075   305M / 8832M INFO   Simplification           (parallel_processing.hpp   : 171)   Final tip clipper triggered 2 times
  0:01:40.075   305M / 8832M INFO   Simplification           (parallel_processing.hpp   : 168)   Running Bulge remover
  0:01:40.120   305M / 8832M INFO   Simplification           (parallel_processing.hpp   : 171)   Bulge remover triggered 1 times
  0:01:40.120   305M / 8832M INFO   Simplification           (parallel_processing.hpp   : 168)   Running Thorn remover (meta)
  0:01:40.149   305M / 8832M INFO   Simplification           (parallel_processing.hpp   : 171)   Thorn remover (meta) triggered 0 times
  0:01:40.149   305M / 8832M INFO   Simplification           (parallel_processing.hpp   : 168)   Running Relative coverage component remover
  0:01:40.264   305M / 8832M INFO   Simplification           (parallel_processing.hpp   : 171)   Relative coverage component remover triggered 0 times
  0:01:40.264   305M / 8832M INFO   Simplification           (parallel_processing.hpp   : 168)   Running Disconnecting edges with relatively low coverage
  0:01:40.264   305M / 8832M INFO   Simplification           (parallel_processing.hpp   : 171)   Disconnecting edges with relatively low coverage triggered 0 times
  0:01:40.264   305M / 8832M INFO   Simplification           (parallel_processing.hpp   : 168)   Running Complex tip clipper
  0:01:40.309   305M / 8832M INFO   Simplification           (parallel_processing.hpp   : 171)   Complex tip clipper triggered 0 times
  0:01:40.309   305M / 8832M INFO   Simplification           (parallel_processing.hpp   : 168)   Running Complex bulge remover
  0:01:41.205   305M / 8832M INFO   Simplification           (parallel_processing.hpp   : 171)   Complex bulge remover triggered 0 times
  0:01:41.205   305M / 8832M INFO   Simplification           (parallel_processing.hpp   : 168)   Running Tip clipper
  0:01:41.205   305M / 8832M INFO   Simplification           (parallel_processing.hpp   : 171)   Tip clipper triggered 0 times
  0:01:41.205   305M / 8832M INFO   Simplification           (parallel_processing.hpp   : 168)   Running Final tip clipper
  0:01:41.206   305M / 8832M INFO   Simplification           (parallel_processing.hpp   : 171)   Final tip clipper triggered 0 times
  0:01:41.206   305M / 8832M INFO   Simplification           (parallel_processing.hpp   : 168)   Running Bulge remover
  0:01:41.206   305M / 8832M INFO   Simplification           (parallel_processing.hpp   : 171)   Bulge remover triggered 0 times
  0:01:41.206   305M / 8832M INFO   Simplification           (parallel_processing.hpp   : 168)   Running Thorn remover (meta)
  0:01:41.206   305M / 8832M INFO   Simplification           (parallel_processing.hpp   : 171)   Thorn remover (meta) triggered 0 times
  0:01:41.206   305M / 8832M INFO    General                 (simplification.cpp        : 344)   Running Hidden EC remover (meta)
  0:01:41.241   305M / 8832M INFO    General                 (simplification.cpp        : 348)   Disrupting self-conjugate edges
  0:01:41.327   305M / 8832M INFO   Simplification           (parallel_processing.hpp   : 168)   Running Removing isolated edges
  0:01:41.352   305M / 8832M INFO   Simplification           (parallel_processing.hpp   : 171)   Removing isolated edges triggered 1118 times
  0:01:41.365   305M / 8832M INFO    General                 (simplification.cpp        : 508)   After simplification:
  0:01:41.365   305M / 8832M INFO    General                 (simplification.cpp        : 509)     Average coverage = 4.29915
  0:01:41.377   305M / 8832M INFO    General                 (simplification.cpp        : 510)     Total length = 94317615
  0:01:41.399   305M / 8832M INFO    General                 (simplification.cpp        : 511)     Median edge length: 1249
  0:01:41.400   305M / 8832M INFO    General                 (simplification.cpp        : 512)     Edges: 332998
  0:01:41.400   305M / 8832M INFO    General                 (simplification.cpp        : 513)     Vertices: 599236
  0:01:41.400   305M / 8832M INFO   StageManager             (stage.cpp                 : 210)   STAGE == Contig Output (id: contig_output)
  0:01:41.400   305M / 8832M INFO    General                 (read_converter.cpp        : 135)   Outputting contigs to "${ARTICLE30_WORK_DIR}/assemblies/metaspades-single-MOCK1/K33/simplified_contigs"
  0:01:41.408   308M / 8832M INFO    General                 (binary_converter.cpp      : 127)   16384 reads processed
  0:01:41.415   308M / 8832M INFO    General                 (binary_converter.cpp      : 127)   32768 reads processed
  0:01:41.425   308M / 8832M INFO    General                 (binary_converter.cpp      : 127)   65536 reads processed
  0:01:41.458   308M / 8832M INFO    General                 (binary_converter.cpp      : 127)   131072 reads processed
  0:01:41.490   308M / 8832M INFO    General                 (binary_converter.cpp      : 143)   166519 reads written
  0:01:41.495   305M / 8832M INFO    General                 (pipeline.cpp              : 305)   SPAdes finished
  0:01:41.642     1M / 8832M INFO    General                 (main.cpp                  : 131)   Assembling time: 0 hours 1 minutes 41 seconds

===== K33 finished. 


===== K55 started. 


== Running: ${HOME}/miniconda3/envs/metagenome-assembly-2026.07/bin/spades-core ${ARTICLE30_WORK_DIR}/assemblies/metaspades-single-MOCK1/K55/configs/config.info ${ARTICLE30_WORK_DIR}/assemblies/metaspades-single-MOCK1/K55/configs/mda_mode.info ${ARTICLE30_WORK_DIR}/assemblies/metaspades-single-MOCK1/K55/configs/meta_mode.info

  0:00:00.000     1M / 17M   INFO    General                 (main.cpp                  :  94)   Loaded config from "${ARTICLE30_WORK_DIR}/assemblies/metaspades-single-MOCK1/K55/configs/config.info"
  0:00:00.001     1M / 17M   INFO    General                 (main.cpp                  :  94)   Loaded config from "${ARTICLE30_WORK_DIR}/assemblies/metaspades-single-MOCK1/K55/configs/mda_mode.info"
  0:00:00.001     1M / 17M   INFO    General                 (main.cpp                  :  94)   Loaded config from "${ARTICLE30_WORK_DIR}/assemblies/metaspades-single-MOCK1/K55/configs/meta_mode.info"
  0:00:00.001     1M / 17M   INFO    General                 (memory_limit.cpp          :  55)   Memory limit set to 64 Gb
  0:00:00.001     1M / 17M   INFO    General                 (main.cpp                  : 102)   Starting SPAdes, built from N/A, git revision N/A
  0:00:00.001     1M / 17M   INFO    General                 (main.cpp                  : 103)   Maximum k-mer length: 128
  0:00:00.001     1M / 17M   INFO    General                 (main.cpp                  : 104)   Assembling dataset ("${ARTICLE30_WORK_DIR}/assemblies/metaspades-single-MOCK1/dataset.info") with K=55
  0:00:00.001     1M / 17M   INFO    General                 (main.cpp                  : 105)   Maximum # of threads to use (adjusted due to OMP capabilities): 16
  0:00:00.001     1M / 17M   INFO    General                 (pipeline.cpp              : 221)   SPAdes started
  0:00:00.001     1M / 17M   INFO    General                 (pipeline.cpp              : 234)   Starting from stage: read_conversion
  0:00:00.001     1M / 17M   INFO    General                 (pipeline.cpp              : 245)   Two-step repeat resolution enabled
  0:00:00.001     1M / 17M   INFO   GraphCore                (graph_core.hpp            : 582)   Graph created, vertex min_id: 3, edge min_id: 3
  0:00:00.001     1M / 17M   INFO   GraphCore                (graph_core.hpp            : 583)   Vertex size: 48, edge size: 40
  0:00:00.001     1M / 17M   INFO    General                 (edge_index.hpp            : 132)   Size of edge index entries: 12/8
  0:00:00.001     1M / 17M   INFO    General                 (pipeline.cpp              : 256)   Will need read mapping, kmer mapper will be attached
  0:00:00.001     1M / 17M   INFO   StageManager             (stage.cpp                 : 210)   STAGE == Binary Read Conversion (id: read_conversion)
  0:00:00.002     1M / 17M   INFO    General                 (read_converter.cpp        :  57)   Binary reads detected
  0:00:00.017     1M / 17M   INFO   StageManager             (stage.cpp                 : 210)   STAGE == de Bruijn graph construction (id: construction)
  0:00:00.017     1M / 17M   INFO    General                 (construction.cpp          : 115)   Contigs from previous K will be used: ${ARTICLE30_WORK_DIR}/assemblies/metaspades-single-MOCK1/K33/simplified_contigs
  0:00:00.018     1M / 17M   INFO    General                 (construction.cpp          : 150)   Max read length 150
  0:00:00.018     1M / 17M   INFO    General                 (construction.cpp          : 156)   Average read length 148.971
  0:00:00.019     1M / 17M   INFO    General                 (stage.cpp                 : 120)   PROCEDURE == k+1-mer counting (id: construction:kpomer_counting)
  0:00:00.019     1M / 17M   INFO    General                 (kmer_index_builder.hpp    : 308)   Splitting kmer instances into 160 files using 16 threads. This might take a while.
  0:00:00.022     1M / 17M   INFO    General                 (file_limit.hpp            :  43)   Open file limit set to 1048576
  0:00:00.022     1M / 17M   INFO    General                 (kmer_splitter.hpp         :  96)   Memory available for splitting buffers: 1.33332 Gb
  0:00:00.022     1M / 17M   INFO    General                 (kmer_splitter.hpp         : 104)   Using cell size of 209715
mimalloc: warning: thread 0x7553fae00640: unable to allocate aligned OS memory directly, fall back to over-allocation (67108864 bytes, address: 0x7553f3e00000, alignment: 67108864, commit: 1)
  0:00:05.614  9602M / 9602M INFO    General                 (kmer_splitters.hpp        : 128)   Processed 8311307 reads
  0:00:06.343  9602M / 9602M INFO    General                 (kmer_splitters.hpp        : 128)   Processed 8332450 reads
  0:00:06.345     2M / 7602M INFO    General                 (kmer_splitters.hpp        : 134)   Used 8332450 reads
  0:00:06.572     2M / 7602M INFO    General                 (kmer_index_builder.hpp    : 314)   Starting k-mer counting.
  0:00:07.045     2M / 7602M INFO    General                 (kmer_index_builder.hpp    : 325)   K-mer counting done. There are 150690366 kmers in total.
  0:00:07.045     1M / 7602M INFO    General                 (stage.cpp                 : 120)   PROCEDURE == Extension index construction (id: construction:extension_index_construction)
  0:00:07.048     2M / 7602M INFO   K-mer Index Building     (kmer_index_builder.hpp    : 503)   Building kmer index
  0:00:07.048     2M / 7602M INFO    General                 (kmer_index_builder.hpp    : 308)   Splitting kmer instances into 160 files using 16 threads. This might take a while.
  0:00:07.051     2M / 7602M INFO    General                 (file_limit.hpp            :  43)   Open file limit set to 1048576
  0:00:07.051     2M / 7602M INFO    General                 (kmer_splitter.hpp         :  96)   Memory available for splitting buffers: 1.3333 Gb
  0:00:07.051     2M / 7602M INFO    General                 (kmer_splitter.hpp         : 104)   Using cell size of 209715
  0:00:07.542  9602M / 9602M INFO    General                 (kmer_splitters.hpp        : 197)   Processed 11744929 kmers
  0:00:08.148  9602M / 9602M INFO    General                 (kmer_splitters.hpp        : 197)   Processed 26716021 kmers
  0:00:08.716  9602M / 9602M INFO    General                 (kmer_splitters.hpp        : 197)   Processed 41781890 kmers
  0:00:09.312  9602M / 9602M INFO    General                 (kmer_splitters.hpp        : 197)   Processed 56871981 kmers
  0:00:09.886  9602M / 9602M INFO    General                 (kmer_splitters.hpp        : 197)   Processed 71941805 kmers
  0:00:10.498  9602M / 9602M INFO    General                 (kmer_splitters.hpp        : 197)   Processed 87018121 kmers
  0:00:11.074  9602M / 9602M INFO    General                 (kmer_splitters.hpp        : 197)   Processed 102093157 kmers
  0:00:11.662  9602M / 9602M INFO    General                 (kmer_splitters.hpp        : 197)   Processed 117146183 kmers
  0:00:12.233  9602M / 9602M INFO    General                 (kmer_splitters.hpp        : 197)   Processed 132205653 kmers
  0:00:12.834  9602M / 9602M INFO    General                 (kmer_splitters.hpp        : 197)   Processed 147263185 kmers
  0:00:12.972  9602M / 9602M INFO    General                 (kmer_splitters.hpp        : 197)   Processed 150691246 kmers
  0:00:12.973  9602M / 9602M INFO    General                 (kmer_splitters.hpp        : 202)   Used 150691246 kmers.
  0:00:12.975     2M / 7602M INFO    General                 (kmer_index_builder.hpp    : 314)   Starting k-mer counting.
  0:00:14.074     2M / 7602M INFO    General                 (kmer_index_builder.hpp    : 325)   K-mer counting done. There are 150965506 kmers in total.
  0:00:14.074     2M / 7602M INFO   K-mer Index Building     (kmer_index_builder.hpp    : 460)   Building perfect hash indices
  0:00:16.092   110M / 7602M INFO   K-mer Index Building     (kmer_index_builder.hpp    : 496)   Index built. Total 150965506 kmers, 109154736 bytes occupied (5.78435 bits per kmer).
  0:00:16.092   110M / 7602M INFO    General                 (kmer_index_builder.hpp    : 191)   Merging final buckets.
  0:00:28.641   254M / 7602M INFO   DeBruijnExtensionIndexBu (kmer_extension_index_build: 101)   Building k-mer extensions from k+1-mers
  0:00:36.656   254M / 7602M INFO   DeBruijnExtensionIndexBu (kmer_extension_index_build: 106)   Building k-mer extensions from k+1-mers finished.
  0:00:36.782   253M / 7602M INFO    General                 (stage.cpp                 : 120)   PROCEDURE == Condensing graph (id: construction:graph_condensing)
  0:00:36.784   254M / 7602M INFO   UnbranchingPathExtractor (debruijn_graph_constructor: 324)   Extracting unbranching paths
  0:00:46.466   391M / 7602M INFO   UnbranchingPathExtractor (debruijn_graph_constructor: 348)   Extracting unbranching paths finished. 2382234 sequences extracted
  0:00:51.511   391M / 7602M INFO   UnbranchingPathExtractor (debruijn_graph_constructor: 362)   Collecting perfect loops
  0:00:52.617   391M / 7602M INFO   UnbranchingPathExtractor (debruijn_graph_constructor: 395)   Collecting perfect loops finished. 1 loops collected
  0:00:52.883   391M / 7602M INFO   DeBruijnGraphConstructor (debruijn_graph_constructor: 597)   Sorting edges...
  0:00:52.987   391M / 7602M INFO   DeBruijnGraphConstructor (debruijn_graph_constructor: 602)   Edges sorted
  0:00:52.987   391M / 7602M INFO    General                 (debruijn_graph_constructor: 511)   Total 4764470 edges to create
  0:00:52.988   576M / 7602M INFO    General                 (debruijn_graph_constructor: 514)   Collecting link records
  0:00:55.197   652M / 7602M INFO    General                 (debruijn_graph_constructor: 521)   Total short graph edges: 312354
  0:00:55.197   652M / 7602M INFO    General                 (debruijn_graph_constructor: 523)   Ordering link records
  0:00:55.254   652M / 7602M INFO    General                 (debruijn_graph_constructor: 529)   Sorting done
  0:00:55.306   684M / 7602M INFO    General                 (debruijn_graph_constructor: 542)   Sorting LinkRecords...
  0:00:55.366   684M / 7602M INFO    General                 (debruijn_graph_constructor: 548)   LinkRecords sorted
  0:00:55.366   684M / 7602M INFO    General                 (debruijn_graph_constructor: 550)   Total 2657375 vertices to create
  0:00:55.366   932M / 7602M INFO    General                 (debruijn_graph_constructor: 553)   Connecting the graph
  0:00:59.383   784M / 7602M INFO    General                 (stage.cpp                 : 120)   PROCEDURE == Filling coverage indices (PHM) (id: construction:coverage_filling_phm)
  0:00:59.383   784M / 7602M INFO   K-mer Index Building     (kmer_index_builder.hpp    : 460)   Building perfect hash indices
  0:01:01.373   892M / 7602M INFO   K-mer Index Building     (kmer_index_builder.hpp    : 496)   Index built. Total 150690366 kmers, 108955808 bytes occupied (5.78435 bits per kmer).
  0:01:01.778  1468M / 7602M INFO    General                 (coverage_hash_map_builder.:  49)   Collecting k-mer coverage information from reads, this takes a while.
  0:01:11.895  1468M / 7602M INFO    General                 (construction.cpp          : 400)   Filling coverage and flanking coverage from PHM
  0:01:20.433  1468M / 7602M INFO    General                 (coverage_filling.hpp      :  83)   Processed 4764445 edges
  0:01:21.850   532M / 7602M INFO   StageManager             (stage.cpp                 : 210)   STAGE == Gap Closer (id: early_gapcloser)
  0:01:21.858   545M / 7602M INFO    General                 (edge_index.hpp            : 132)   Size of edge index entries: 12/8
  0:01:22.296   613M / 7602M INFO    General                 (gap_closer.cpp            : 117)   Total edges in tip neighborhood: 1886713 out of 4764445, length: 138946767
  0:01:22.526   635M / 7602M INFO    General                 (edge_index.hpp            : 196)   Using small index (max_id = 4788295)
  0:01:22.874   635M / 7602M INFO   K-mer Index Building     (kmer_index_builder.hpp    : 460)   Building perfect hash indices
  0:01:27.162   703M / 7602M INFO   K-mer Index Building     (kmer_index_builder.hpp    : 496)   Index built. Total 92903375 kmers, 67101504 bytes occupied (5.77818 bits per kmer).
  0:01:27.721  1415M / 7602M INFO    General                 (edge_index_builders.hpp   : 266)   Collecting edge information from graph, this takes a while.
  0:01:30.119  1393M / 7602M INFO    General                 (sequence_mapper_notifier.h:  80)   Starting sequence mapping
  0:01:40.146  1469M / 7602M INFO    General                 (sequence_mapper_notifier.h: 120)   Total 1999853 reads processed
  0:01:40.937   713M / 7602M INFO    General                 (gap_closer.cpp            : 505)   Initializing gap closer
  0:01:40.939   713M / 7602M INFO   GapCloser                (gap_closer.cpp            : 421)   Collecting gap candidates
  0:01:41.233   721M / 7602M INFO   GapCloser                (gap_closer.cpp            : 425)   Total 151314 tips collected, total 163011 connection candidates
  0:01:41.856   721M / 7602M INFO   GapCloser                (gap_closer.cpp            : 446)   Closing short gaps complete: filled 7726 gaps after checking 152928 candidates
  0:01:42.017   713M / 7602M INFO    General                 (gap_closer.cpp            : 510)   Gap closer done
  0:01:42.157   532M / 7602M INFO   StageManager             (stage.cpp                 : 210)   STAGE == Raw Simplification (id: raw_simplification)
  0:01:42.165   532M / 7602M INFO    General                 (simplification.cpp        : 129)   PROCEDURE == Initial cleaning
  0:01:42.165   532M / 7602M INFO   Simplification           (parallel_processing.hpp   : 168)   Running Self conjugate edge remover
  0:01:42.279   532M / 7602M INFO   Simplification           (parallel_processing.hpp   : 171)   Self conjugate edge remover triggered 14 times
  0:01:42.279   532M / 7602M INFO   Simplification           (parallel_processing.hpp   : 168)   Running Initial tip clipper
  0:01:47.201   543M / 7602M INFO   Simplification           (parallel_processing.hpp   : 171)   Initial tip clipper triggered 564954 times
  0:01:47.207   543M / 7602M INFO   Simplification           (parallel_processing.hpp   : 168)   Running Initial ec remover
  0:01:47.461   544M / 7602M INFO   Simplification           (parallel_processing.hpp   : 171)   Initial ec remover triggered 10003 times
  0:01:47.462   544M / 7602M INFO   Simplification           (parallel_processing.hpp   : 168)   Running Disconnecting edges with low flanking coverage
  0:01:47.838   548M / 7602M INFO   Simplification           (parallel_processing.hpp   : 171)   Disconnecting edges with low flanking coverage triggered 23167 times
  0:01:47.839   548M / 7602M INFO   Simplification           (parallel_processing.hpp   : 168)   Running Initial isolated edge remover
  0:01:48.366   543M / 7602M INFO   Simplification           (parallel_processing.hpp   : 171)   Initial isolated edge remover triggered 287795 times
  0:01:48.369   486M / 7602M INFO   StageManager             (stage.cpp                 : 210)   STAGE == Preliminary Simplification (id: simplification_preliminary)
  0:01:48.369   486M / 7602M INFO    General                 (simplification.cpp        : 397)   Graph simplification started
  0:01:48.369   486M / 7602M INFO    General                 (graph_simplification.hpp  : 646)   Creating parallel br instance
  0:01:48.369   486M / 7602M INFO    General                 (simplification.cpp        : 402)   PROCEDURE == Simplification cycle, iteration 1
  0:01:48.369   486M / 7602M INFO   Simplification           (parallel_processing.hpp   : 168)   Running Tip clipper
  0:01:50.058   482M / 7602M INFO   Simplification           (parallel_processing.hpp   : 171)   Tip clipper triggered 199511 times
  0:01:50.061   482M / 7602M INFO   Simplification           (parallel_processing.hpp   : 168)   Running Bulge remover
  0:02:08.090  1022M / 7602M INFO   Simplification           (parallel_processing.hpp   : 171)   Bulge remover triggered 98180 times
  0:02:08.091  1022M / 7602M INFO   Simplification           (parallel_processing.hpp   : 168)   Running Low coverage edge remover
  0:02:08.139  1024M / 7602M INFO   Simplification           (parallel_processing.hpp   : 171)   Low coverage edge remover triggered 7 times
  0:02:08.139  1024M / 7602M INFO    General                 (simplification.cpp        : 402)   PROCEDURE == Simplification cycle, iteration 2
  0:02:08.140  1024M / 7602M INFO   Simplification           (parallel_processing.hpp   : 168)   Running Tip clipper
  0:02:08.179  1024M / 7602M INFO   Simplification           (parallel_processing.hpp   : 171)   Tip clipper triggered 529 times
  0:02:08.179  1024M / 7602M INFO   Simplification           (parallel_processing.hpp   : 168)   Running Bulge remover
  0:02:08.181  1024M / 7602M INFO   Simplification           (parallel_processing.hpp   : 171)   Bulge remover triggered 3 times
  0:02:08.182  1024M / 7602M INFO   Simplification           (parallel_processing.hpp   : 168)   Running Low coverage edge remover
  0:02:08.742  1022M / 7602M INFO   Simplification           (parallel_processing.hpp   : 171)   Low coverage edge remover triggered 20320 times
  0:02:08.743  1022M / 7602M INFO    General                 (simplification.cpp        : 402)   PROCEDURE == Simplification cycle, iteration 3
  0:02:08.744  1022M / 7602M INFO   Simplification           (parallel_processing.hpp   : 168)   Running Tip clipper
  0:02:08.766  1021M / 7602M INFO   Simplification           (parallel_processing.hpp   : 171)   Tip clipper triggered 354 times
  0:02:08.766  1021M / 7602M INFO   Simplification           (parallel_processing.hpp   : 168)   Running Bulge remover
  0:02:08.799  1021M / 7602M INFO   Simplification           (parallel_processing.hpp   : 171)   Bulge remover triggered 87 times
  0:02:08.799  1021M / 7602M INFO   Simplification           (parallel_processing.hpp   : 168)   Running Low coverage edge remover
  0:02:08.836  1021M / 7602M INFO   Simplification           (parallel_processing.hpp   : 171)   Low coverage edge remover triggered 1359 times
  0:02:08.837  1021M / 7602M INFO    General                 (simplification.cpp        : 402)   PROCEDURE == Simplification cycle, iteration 4
  0:02:08.837  1021M / 7602M INFO   Simplification           (parallel_processing.hpp   : 168)   Running Tip clipper
  0:02:08.875  1021M / 7602M INFO   Simplification           (parallel_processing.hpp   : 171)   Tip clipper triggered 17 times
  0:02:08.876  1021M / 7602M INFO   Simplification           (parallel_processing.hpp   : 168)   Running Bulge remover
  0:02:08.934  1022M / 7602M INFO   Simplification           (parallel_processing.hpp   : 171)   Bulge remover triggered 36 times
  0:02:08.935  1022M / 7602M INFO   Simplification           (parallel_processing.hpp   : 168)   Running Low coverage edge remover
  0:02:08.967  1022M / 7602M INFO   Simplification           (parallel_processing.hpp   : 171)   Low coverage edge remover triggered 0 times
  0:02:08.968  1022M / 7602M INFO    General                 (simplification.cpp        : 402)   PROCEDURE == Simplification cycle, iteration 5
  0:02:08.968  1022M / 7602M INFO   Simplification           (parallel_processing.hpp   : 168)   Running Tip clipper
  0:02:08.969  1022M / 7602M INFO   Simplification           (parallel_processing.hpp   : 171)   Tip clipper triggered 0 times
  0:02:08.969  1022M / 7602M INFO   Simplification           (parallel_processing.hpp   : 168)   Running Bulge remover
  0:02:08.970  1022M / 7602M INFO   Simplification           (parallel_processing.hpp   : 171)   Bulge remover triggered 0 times
  0:02:08.970  1022M / 7602M INFO   Simplification           (parallel_processing.hpp   : 168)   Running Low coverage edge remover
  0:02:08.971  1022M / 7602M INFO   Simplification           (parallel_processing.hpp   : 171)   Low coverage edge remover triggered 0 times
  0:02:09.015  1006M / 7602M INFO   StageManager             (stage.cpp                 : 210)   STAGE == Gap Closer (id: prelim_gapcloser)
  0:02:09.019  1020M / 7602M INFO    General                 (edge_index.hpp            : 132)   Size of edge index entries: 12/8
  0:02:09.110  1029M / 7602M INFO    General                 (gap_closer.cpp            : 117)   Total edges in tip neighborhood: 283931 out of 315643, length: 149224422
  0:02:09.130  1031M / 7602M INFO    General                 (edge_index.hpp            : 196)   Using small index (max_id = 4788295)
  0:02:09.383  1031M / 7602M INFO   K-mer Index Building     (kmer_index_builder.hpp    : 460)   Building perfect hash indices
  0:02:12.361  1089M / 7602M INFO   K-mer Index Building     (kmer_index_builder.hpp    : 496)   Index built. Total 79068182 kmers, 57110562 bytes occupied (5.77836 bits per kmer).
  0:02:12.848  1693M / 7602M INFO    General                 (edge_index_builders.hpp   : 266)   Collecting edge information from graph, this takes a while.
  0:02:14.832  1690M / 7602M INFO    General                 (sequence_mapper_notifier.h:  80)   Starting sequence mapping
  0:02:29.813  1702M / 7602M INFO    General                 (sequence_mapper_notifier.h: 120)   Total 1999853 reads processed
  0:02:30.090  1055M / 7602M INFO    General                 (gap_closer.cpp            : 505)   Initializing gap closer
  0:02:30.093  1055M / 7602M INFO   GapCloser                (gap_closer.cpp            : 421)   Collecting gap candidates
  0:02:30.255  1060M / 7602M INFO   GapCloser                (gap_closer.cpp            : 425)   Total 105859 tips collected, total 108705 connection candidates
  0:02:30.650  1060M / 7602M INFO   GapCloser                (gap_closer.cpp            : 446)   Closing short gaps complete: filled 3795 gaps after checking 104453 candidates
  0:02:30.755  1055M / 7602M INFO    General                 (gap_closer.cpp            : 510)   Gap closer done
  0:02:30.797  1006M / 7602M INFO   StageManager             (stage.cpp                 : 210)   STAGE == Preliminary Paired Information Counting (id: late_pair_info_count_preliminary)
  0:02:31.164  1126M / 7602M INFO    General                 (graph_pack_helpers.cpp    :  43)   Index refill
  0:02:31.165  1126M / 7602M INFO    General                 (edge_index.hpp            : 175)   Using small index (max_id = 4788295)
  0:02:32.016  1126M / 7602M INFO   K-mer Index Building     (kmer_index_builder.hpp    : 460)   Building perfect hash indices
  0:02:42.224  1190M / 7602M INFO   K-mer Index Building     (kmer_index_builder.hpp    : 496)   Index built. Total 91749731 kmers, 66293312 bytes occupied (5.78036 bits per kmer).
  0:02:42.769  1890M / 7602M INFO    General                 (edge_index_builders.hpp   : 253)   Collecting edge information from graph, this takes a while.
  0:02:49.706  1890M / 7602M INFO    General                 (graph_pack_helpers.cpp    :  55)   Normalizing k-mer map. Total 11405982 kmers to process
  0:02:53.570  1899M / 7602M INFO    General                 (kmer_mapper.hpp           :  87)   Total 34728 kmers with non-trivial roots
  0:02:53.575  1890M / 7602M INFO    General                 (graph_pack_helpers.cpp    :  57)   Normalizing done
  0:02:53.576  1890M / 7602M INFO    General                 (pair_info_count.cpp       : 165)   Min edge length for estimation: 900
  0:02:53.576  1890M / 7602M INFO    General                 (pair_info_count.cpp       : 176)   Estimating insert size for library #0
  0:02:53.577  1890M / 7602M INFO    General                 (pair_info_count.cpp       :  41)   Selecting usual mapper
  0:02:53.577  1890M / 7602M INFO    General                 (paired_info_utils.cpp     : 102)   Estimating insert size (takes a while)
  0:02:53.770  2162M / 7602M INFO    General                 (sequence_mapper_notifier.h:  80)   Starting sequence mapping
  0:03:01.278  2162M / 7602M INFO    General                 (sequence_mapper_notifier.h: 120)   Total 1999853 reads processed
  0:03:01.384  2162M / 7602M INFO    General                 (paired_info_utils.cpp     : 119)   Edge pairs: 374933
  0:03:01.385  2162M / 7602M INFO    General                 (paired_info_utils.cpp     : 121)   1303927 paired reads (65.2011% of all) aligned to long edges
  0:03:01.386  1890M / 7602M INFO    General                 (pair_info_count.cpp       : 196)     Insert size = 438.58, deviation = 95.5229, left quantile = 326, right quantile = 562, read length = 150
  0:03:01.397  1890M / 7602M INFO    General                 (pair_info_count.cpp       : 211)   Filtering data for library #0
  0:03:01.397  1890M / 7602M INFO    General                 (pair_info_count.cpp       :  41)   Selecting usual mapper
  0:03:01.399  1891M / 7602M INFO    General                 (sequence_mapper_notifier.h:  80)   Starting sequence mapping
  0:03:08.492  1891M / 7602M INFO    General                 (sequence_mapper_notifier.h: 120)   Total 1999853 reads processed
  0:03:08.493  1891M / 7602M INFO    General                 (pair_info_count.cpp       : 216)   Mapping library #0
  0:03:08.494  1891M / 7602M INFO    General                 (pair_info_count.cpp       : 218)   Mapping paired reads (takes a while)
  0:03:08.494  1891M / 7602M INFO    General                 (pair_info_count.cpp       :  41)   Selecting usual mapper
  0:03:08.494  1891M / 7602M INFO    General                 (paired_info_utils.cpp     : 152)   Left insert size quantile 326, right insert size quantile 562, filtering threshold 1, rounding threshold 0
  0:03:08.499  1904M / 7602M INFO    General                 (sequence_mapper_notifier.h:  80)   Starting sequence mapping
  0:03:15.748  1930M / 7602M INFO    General                 (sequence_mapper_notifier.h: 120)   Total 1999853 reads processed
  0:03:15.822  1924M / 7602M INFO   StageManager             (stage.cpp                 : 210)   STAGE == Preliminary Distance Estimation (id: distance_estimation_preliminary)
  0:03:15.822  1924M / 7602M INFO    General                 (distance_estimation.cpp   :  75)   Processing library #0
  0:03:15.823  1924M / 7602M INFO    General                 (distance_estimation_utils.:  23)   Estimating distances
  0:03:15.823  1924M / 7602M INFO   DistanceEstimator        (distance_estimation.hpp   : 132)   Using SIMPLE distance estimator
  0:03:18.577  1930M / 7602M INFO    General                 (distance_estimation_utils.: 137)   Refining clustered pair information
  0:03:18.662  1930M / 7602M INFO    General                 (distance_estimation_utils.: 139)   The refining of clustered pair information has been finished
  0:03:18.663  1930M / 7602M INFO    General                 (distance_estimation_utils.: 141)   Improving paired information
  0:03:18.995  1934M / 7602M INFO   PairInfoImprover         (pair_info_improver.hpp    :  80)   Paired info stats: missing = 65932; contradictional = 0
  0:03:19.303  1934M / 7602M INFO   PairInfoImprover         (pair_info_improver.hpp    :  80)   Paired info stats: missing = 7832; contradictional = 0
  0:03:19.304  1934M / 7602M INFO    General                 (distance_estimation_utils.:  81)   Filling scaffolding index
  0:03:19.304  1934M / 7602M INFO    General                 (distance_estimation_utils.:  23)   Estimating distances
  0:03:19.305  1934M / 7602M INFO   DistanceEstimator        (distance_estimation.hpp   : 132)   Using SMOOTHING distance estimator
  0:03:22.261  1936M / 7602M INFO    General                 (distance_estimation.cpp   :  84)   Clearing raw paired index
  0:03:22.320  1902M / 7602M INFO   StageManager             (stage.cpp                 : 210)   STAGE == Preliminary Repeat Resolving (id: repeat_resolving_preliminary)
  0:03:22.321  1902M / 7602M INFO    General                 (repeat_resolving.cpp      :  75)   Setting up preliminary path extend settings
  0:03:22.322  1902M / 7602M INFO    General                 (repeat_resolving.cpp      :  88)   Using Path-Extend repeat resolving
  0:03:22.322  1902M / 7602M INFO    General                 (launcher.cpp              : 636)   ExSPAnder repeat resolving tool started
  0:03:22.478  1984M / 7602M INFO    General                 (launcher.cpp              : 444)   Creating main extenders, unique edge length = 2000
  0:03:22.479  1984M / 7602M INFO    General                 (extenders_logic.cpp       : 352)   Creating extender; library index size: 499127
  0:03:22.480  2001M / 7602M INFO    General                 (extenders_logic.cpp       : 352)   Creating extender; library index size: 499127
  0:03:22.549  2047M / 7602M INFO    General                 (extenders_logic.cpp       : 550)   Using 1 paired-end library
  0:03:22.550  2047M / 7602M INFO    General                 (extenders_logic.cpp       : 551)   Using 1 paired-end scaffolding library
  0:03:22.551  2047M / 7602M INFO    General                 (extenders_logic.cpp       : 552)   Using 0 single read libraries
  0:03:22.551  2047M / 7602M INFO    General                 (launcher.cpp              : 473)   Total number of extenders is 3
  0:03:22.552  2047M / 7602M INFO    General                 (path_extenders.cpp        :  36)   Processed 0 paths from 153549 (0%)
  0:03:22.690  2051M / 7602M INFO    General                 (path_extenders.cpp        :  34)   Processed 128 paths from 153549 (0%)
  0:03:22.796  2054M / 7602M INFO    General                 (path_extenders.cpp        :  34)   Processed 256 paths from 153549 (0%)
  0:03:22.920  2055M / 7602M INFO    General                 (path_extenders.cpp        :  34)   Processed 512 paths from 153549 (0%)
  0:03:23.086  2058M / 7602M INFO    General                 (path_extenders.cpp        :  34)   Processed 1024 paths from 153549 (0%)
  0:03:23.384  2060M / 7602M INFO    General                 (path_extenders.cpp        :  34)   Processed 2048 paths from 153549 (1%)
  0:03:23.863  2063M / 7602M INFO    General                 (path_extenders.cpp        :  34)   Processed 4096 paths from 153549 (2%)
  0:03:24.546  2067M / 7602M INFO    General                 (path_extenders.cpp        :  34)   Processed 8192 paths from 153549 (5%)
  0:03:25.288  2072M / 7602M INFO    General                 (path_extenders.cpp        :  36)   Processed 15355 paths from 153549 (10%)
  0:03:25.376  2073M / 7602M INFO    General                 (path_extenders.cpp        :  34)   Processed 16384 paths from 153549 (10%)
  0:03:26.238  2080M / 7602M INFO    General                 (path_extenders.cpp        :  36)   Processed 30710 paths from 153549 (20%)
  0:03:26.324  2081M / 7602M INFO    General                 (path_extenders.cpp        :  34)   Processed 32768 paths from 153549 (21%)
  0:03:26.889  2088M / 7602M INFO    General                 (path_extenders.cpp        :  36)   Processed 46065 paths from 153549 (30%)
  0:03:27.415  2095M / 7602M INFO    General                 (path_extenders.cpp        :  36)   Processed 61420 paths from 153549 (40%)
  0:03:27.527  2096M / 7602M INFO    General                 (path_extenders.cpp        :  34)   Processed 65536 paths from 153549 (42%)
  0:03:27.793  2102M / 7602M INFO    General                 (path_extenders.cpp        :  36)   Processed 76775 paths from 153549 (50%)
  0:03:28.003  2109M / 7602M INFO    General                 (path_extenders.cpp        :  36)   Processed 92130 paths from 153549 (60%)
  0:03:28.142  2115M / 7602M INFO    General                 (path_extenders.cpp        :  36)   Processed 107485 paths from 153549 (70%)
  0:03:28.261  2122M / 7602M INFO    General                 (path_extenders.cpp        :  36)   Processed 122840 paths from 153549 (80%)
  0:03:28.317  2125M / 7602M INFO    General                 (path_extenders.cpp        :  34)   Processed 131072 paths from 153549 (85%)
  0:03:28.411  2129M / 7602M INFO    General                 (path_extenders.cpp        :  36)   Processed 138195 paths from 153549 (90%)
  0:03:29.089  2079M / 7602M INFO    General                 (launcher.cpp              : 264)   Finalizing paths
  0:03:29.090  2079M / 7602M INFO    General                 (launcher.cpp              : 266)   Deduplicating paths
  0:03:29.171  2078M / 7602M INFO    General                 (launcher.cpp              : 270)   Paths deduplicated
  0:03:29.171  2078M / 7602M INFO    General                 (launcher.cpp              : 277)   Overlaps will not be removed
  0:03:29.241  2078M / 7602M INFO    General                 (launcher.cpp              : 287)   Paths finalized
  0:03:29.242  2078M / 7602M INFO    General                 (launcher.cpp              : 482)   Closing gaps in paths
  0:03:29.479  2133M / 7602M INFO    General                 (launcher.cpp              : 512)   Gap closing completed
  0:03:29.611  1980M / 7602M INFO    General                 (launcher.cpp              : 320)   Traversing tandem repeats
  0:03:32.258  1980M / 7602M INFO    General                 (launcher.cpp              : 330)   Traversed 28 loops
  0:03:32.259  1980M / 7602M INFO    General                 (launcher.cpp              : 264)   Finalizing paths
  0:03:32.260  1980M / 7602M INFO    General                 (launcher.cpp              : 266)   Deduplicating paths
  0:03:32.336  1980M / 7602M INFO    General                 (launcher.cpp              : 270)   Paths deduplicated
  0:03:32.337  1980M / 7602M INFO    General                 (launcher.cpp              : 277)   Overlaps will not be removed
  0:03:32.402  1980M / 7602M INFO    General                 (launcher.cpp              : 287)   Paths finalized
  0:03:32.403  1980M / 7602M INFO    General                 (launcher.cpp              : 701)   ExSPAnder repeat resolving tool finished
  0:03:32.421  1958M / 7602M INFO    General                 (repeat_resolving.cpp      :  94)   Restoring initial path extend settings
  0:03:32.422  1958M / 7602M INFO   StageManager             (stage.cpp                 : 210)   STAGE == Contig Output (id: contig_output)
  0:03:32.422  1958M / 7602M INFO    General                 (contig_output_stage.cpp   : 159)   Writing GFA graph to "${ARTICLE30_WORK_DIR}/assemblies/metaspades-single-MOCK1/K55/strain_graph.gfa"
  0:03:32.987  1958M / 7602M INFO    General                 (contig_output_stage.cpp   : 210)   Breaking scaffolds
  0:03:33.895  2166M / 7602M INFO    General                 (contig_output_stage.cpp   : 101)   Outputting contigs to ${ARTICLE30_WORK_DIR}/assemblies/metaspades-single-MOCK1/K55/final_contigs.fasta
  0:03:34.336  1958M / 7602M INFO   StageManager             (stage.cpp                 : 210)   STAGE == Second Phase Setup (id: second_phase_setup)
  0:03:34.339  1958M / 7602M INFO    General                 (second_phase_setup.cpp    :  18)   Preparing second phase
  0:03:34.453  1772M / 7602M INFO    General                 (second_phase_setup.cpp    :  25)   Moving preliminary contigs from "${ARTICLE30_WORK_DIR}/assemblies/metaspades-single-MOCK1/K55/final_contigs.fasta" to "${ARTICLE30_WORK_DIR}/assemblies/metaspades-single-MOCK1/K55/first_pe_contigs.fasta"
  0:03:34.467  1772M / 7602M INFO    General                 (second_phase_setup.cpp    :  37)   Ready to run second phase
  0:03:34.468  1772M / 7602M INFO   StageManager             (stage.cpp                 : 210)   STAGE == Simplification (id: simplification)
  0:03:34.533  1008M / 7602M INFO    General                 (simplification.cpp        : 397)   Graph simplification started
  0:03:34.533  1008M / 7602M INFO    General                 (graph_simplification.hpp  : 646)   Creating parallel br instance
  0:03:34.534  1008M / 7602M INFO    General                 (simplification.cpp        : 402)   PROCEDURE == Simplification cycle, iteration 1
  0:03:34.534  1008M / 7602M INFO   Simplification           (parallel_processing.hpp   : 168)   Running Tip clipper
  0:03:34.569  1008M / 7602M INFO   Simplification           (parallel_processing.hpp   : 171)   Tip clipper triggered 0 times
  0:03:34.569  1008M / 7602M INFO   Simplification           (parallel_processing.hpp   : 168)   Running Bulge remover
  0:03:35.524  1032M / 7602M INFO   Simplification           (parallel_processing.hpp   : 171)   Bulge remover triggered 2848 times
  0:03:35.525  1032M / 7602M INFO   Simplification           (parallel_processing.hpp   : 168)   Running Low coverage edge remover
  0:03:35.556  1032M / 7602M INFO   Simplification           (parallel_processing.hpp   : 171)   Low coverage edge remover triggered 0 times
  0:03:35.557  1032M / 7602M INFO    General                 (simplification.cpp        : 402)   PROCEDURE == Simplification cycle, iteration 2
  0:03:35.557  1032M / 7602M INFO   Simplification           (parallel_processing.hpp   : 168)   Running Tip clipper
  0:03:35.558  1032M / 7602M INFO   Simplification           (parallel_processing.hpp   : 171)   Tip clipper triggered 7 times
  0:03:35.559  1032M / 7602M INFO   Simplification           (parallel_processing.hpp   : 168)   Running Bulge remover
  0:03:35.559  1032M / 7602M INFO   Simplification           (parallel_processing.hpp   : 171)   Bulge remover triggered 0 times
  0:03:35.560  1032M / 7602M INFO   Simplification           (parallel_processing.hpp   : 168)   Running Low coverage edge remover
  0:03:35.560  1032M / 7602M INFO   Simplification           (parallel_processing.hpp   : 171)   Low coverage edge remover triggered 0 times
  0:03:35.560  1032M / 7602M INFO    General                 (simplification.cpp        : 402)   PROCEDURE == Simplification cycle, iteration 3
  0:03:35.561  1032M / 7602M INFO   Simplification           (parallel_processing.hpp   : 168)   Running Tip clipper
  0:03:35.561  1032M / 7602M INFO   Simplification           (parallel_processing.hpp   : 171)   Tip clipper triggered 0 times
  0:03:35.561  1032M / 7602M INFO   Simplification           (parallel_processing.hpp   : 168)   Running Bulge remover
  0:03:35.562  1032M / 7602M INFO   Simplification           (parallel_processing.hpp   : 171)   Bulge remover triggered 0 times
  0:03:35.562  1032M / 7602M INFO   Simplification           (parallel_processing.hpp   : 168)   Running Low coverage edge remover
  0:03:35.563  1032M / 7602M INFO   Simplification           (parallel_processing.hpp   : 171)   Low coverage edge remover triggered 0 times
  0:03:35.563  1032M / 7602M INFO    General                 (simplification.cpp        : 402)   PROCEDURE == Simplification cycle, iteration 4
  0:03:35.563  1032M / 7602M INFO   Simplification           (parallel_processing.hpp   : 168)   Running Tip clipper
  0:03:35.595  1032M / 7602M INFO   Simplification           (parallel_processing.hpp   : 171)   Tip clipper triggered 0 times
  0:03:35.595  1032M / 7602M INFO   Simplification           (parallel_processing.hpp   : 168)   Running Bulge remover
  0:03:35.627  1032M / 7602M INFO   Simplification           (parallel_processing.hpp   : 171)   Bulge remover triggered 0 times
  0:03:35.628  1032M / 7602M INFO   Simplification           (parallel_processing.hpp   : 168)   Running Low coverage edge remover
  0:03:35.656  1032M / 7602M INFO   Simplification           (parallel_processing.hpp   : 171)   Low coverage edge remover triggered 0 times
  0:03:35.699  1032M / 7602M INFO   StageManager             (stage.cpp                 : 210)   STAGE == Gap Closer (id: late_gapcloser)
  0:03:35.702  1045M / 7602M INFO    General                 (edge_index.hpp            : 132)   Size of edge index entries: 12/8
  0:03:35.796  1054M / 7602M INFO    General                 (gap_closer.cpp            : 117)   Total edges in tip neighborhood: 272824 out of 291029, length: 150729973
  0:03:35.808  1056M / 7602M INFO    General                 (edge_index.hpp            : 196)   Using small index (max_id = 4788295)
  0:03:36.059  1056M / 7602M INFO   K-mer Index Building     (kmer_index_builder.hpp    : 460)   Building perfect hash indices
  0:03:39.003  1114M / 7602M INFO   K-mer Index Building     (kmer_index_builder.hpp    : 496)   Index built. Total 79289826 kmers, 57287836 bytes occupied (5.78009 bits per kmer).
  0:03:39.473  1722M / 7602M INFO    General                 (edge_index_builders.hpp   : 266)   Collecting edge information from graph, this takes a while.
  0:03:41.528  1719M / 7602M INFO    General                 (sequence_mapper_notifier.h:  80)   Starting sequence mapping
  0:03:56.341  1731M / 7602M INFO    General                 (sequence_mapper_notifier.h: 120)   Total 1999853 reads processed
  0:03:56.606  1079M / 7602M INFO    General                 (gap_closer.cpp            : 505)   Initializing gap closer
  0:03:56.607  1079M / 7602M INFO   GapCloser                (gap_closer.cpp            : 421)   Collecting gap candidates
  0:03:56.757  1084M / 7602M INFO   GapCloser                (gap_closer.cpp            : 425)   Total 98675 tips collected, total 101568 connection candidates
  0:03:57.127  1084M / 7602M INFO   GapCloser                (gap_closer.cpp            : 446)   Closing short gaps complete: filled 29 gaps after checking 101539 candidates
  0:03:57.163  1079M / 7602M INFO    General                 (gap_closer.cpp            : 510)   Gap closer done
  0:03:57.202  1032M / 7602M INFO   StageManager             (stage.cpp                 : 210)   STAGE == Simplification Cleanup (id: simplification_cleanup)
  0:03:57.203  1032M / 7602M INFO    General                 (simplification.cpp        : 189)   PROCEDURE == Post simplification
  0:03:57.203  1032M / 7602M INFO    General                 (graph_simplification.hpp  : 646)   Creating parallel br instance
  0:03:57.204  1032M / 7602M INFO    General                 (graph_simplification.hpp  : 646)   Creating parallel br instance
  0:03:57.204  1032M / 7602M INFO   Simplification           (parallel_processing.hpp   : 168)   Running Relative coverage component remover
  0:03:57.276  1032M / 7602M INFO   Simplification           (parallel_processing.hpp   : 171)   Relative coverage component remover triggered 155 times
  0:03:57.276  1032M / 7602M INFO   Simplification           (parallel_processing.hpp   : 168)   Running Disconnecting edges with relatively low coverage
  0:03:57.311  1032M / 7602M INFO   Simplification           (parallel_processing.hpp   : 171)   Disconnecting edges with relatively low coverage triggered 6 times
  0:03:57.312  1032M / 7602M INFO   Simplification           (parallel_processing.hpp   : 168)   Running Complex tip clipper
  0:03:57.372  1032M / 7602M INFO   Simplification           (parallel_processing.hpp   : 171)   Complex tip clipper triggered 3 times
  0:03:57.373  1032M / 7602M INFO   Simplification           (parallel_processing.hpp   : 168)   Running Complex bulge remover
  0:03:58.541  1039M / 7602M INFO   Simplification           (parallel_processing.hpp   : 171)   Complex bulge remover triggered 398 times
  0:03:58.542  1039M / 7602M INFO   Simplification           (parallel_processing.hpp   : 168)   Running Tip clipper
  0:03:58.570  1039M / 7602M INFO   Simplification           (parallel_processing.hpp   : 171)   Tip clipper triggered 1 times
  0:03:58.570  1039M / 7602M INFO   Simplification           (parallel_processing.hpp   : 168)   Running Final tip clipper
  0:03:58.603  1039M / 7602M INFO   Simplification           (parallel_processing.hpp   : 171)   Final tip clipper triggered 227 times
  0:03:58.603  1039M / 7602M INFO   Simplification           (parallel_processing.hpp   : 168)   Running Bulge remover
  0:03:58.639  1039M / 7602M INFO   Simplification           (parallel_processing.hpp   : 171)   Bulge remover triggered 15 times
  0:03:58.640  1039M / 7602M INFO   Simplification           (parallel_processing.hpp   : 168)   Running Final bulge remover
  0:03:58.898  1041M / 7602M INFO   Simplification           (parallel_processing.hpp   : 171)   Final bulge remover triggered 95 times
  0:03:58.899  1041M / 7602M INFO   Simplification           (parallel_processing.hpp   : 168)   Running Thorn remover (meta)
  0:03:58.930  1041M / 7602M INFO   Simplification           (parallel_processing.hpp   : 171)   Thorn remover (meta) triggered 0 times
  0:03:58.930  1041M / 7602M INFO   Simplification           (parallel_processing.hpp   : 168)   Running Relative coverage component remover
  0:03:58.971  1041M / 7602M INFO   Simplification           (parallel_processing.hpp   : 171)   Relative coverage component remover triggered 4 times
  0:03:58.971  1041M / 7602M INFO   Simplification           (parallel_processing.hpp   : 168)   Running Disconnecting edges with relatively low coverage
  0:03:59.004  1041M / 7602M INFO   Simplification           (parallel_processing.hpp   : 171)   Disconnecting edges with relatively low coverage triggered 1 times
  0:03:59.004  1041M / 7602M INFO   Simplification           (parallel_processing.hpp   : 168)   Running Complex tip clipper
  0:03:59.065  1041M / 7602M INFO   Simplification           (parallel_processing.hpp   : 171)   Complex tip clipper triggered 0 times
  0:03:59.066  1041M / 7602M INFO   Simplification           (parallel_processing.hpp   : 168)   Running Complex bulge remover
  0:03:59.989  1042M / 7602M INFO   Simplification           (parallel_processing.hpp   : 171)   Complex bulge remover triggered 18 times
  0:03:59.989  1042M / 7602M INFO   Simplification           (parallel_processing.hpp   : 168)   Running Tip clipper
  0:04:00.017  1042M / 7602M INFO   Simplification           (parallel_processing.hpp   : 171)   Tip clipper triggered 2 times
  0:04:00.018  1042M / 7602M INFO   Simplification           (parallel_processing.hpp   : 168)   Running Final tip clipper
  0:04:00.045  1042M / 7602M INFO   Simplification           (parallel_processing.hpp   : 171)   Final tip clipper triggered 2 times
  0:04:00.046  1042M / 7602M INFO   Simplification           (parallel_processing.hpp   : 168)   Running Bulge remover
  0:04:00.076  1042M / 7602M INFO   Simplification           (parallel_processing.hpp   : 171)   Bulge remover triggered 6 times
  0:04:00.077  1042M / 7602M INFO   Simplification           (parallel_processing.hpp   : 168)   Running Final bulge remover
  0:04:00.118  1042M / 7602M INFO   Simplification           (parallel_processing.hpp   : 171)   Final bulge remover triggered 1 times
  0:04:00.118  1042M / 7602M INFO   Simplification           (parallel_processing.hpp   : 168)   Running Thorn remover (meta)
  0:04:00.145  1042M / 7602M INFO   Simplification           (parallel_processing.hpp   : 171)   Thorn remover (meta) triggered 0 times
  0:04:00.146  1042M / 7602M INFO   Simplification           (parallel_processing.hpp   : 168)   Running Relative coverage component remover
  0:04:00.202  1042M / 7602M INFO   Simplification           (parallel_processing.hpp   : 171)   Relative coverage component remover triggered 0 times
  0:04:00.202  1042M / 7602M INFO   Simplification           (parallel_processing.hpp   : 168)   Running Disconnecting edges with relatively low coverage
  0:04:00.203  1042M / 7602M INFO   Simplification           (parallel_processing.hpp   : 171)   Disconnecting edges with relatively low coverage triggered 0 times
  0:04:00.203  1042M / 7602M INFO   Simplification           (parallel_processing.hpp   : 168)   Running Complex tip clipper
  0:04:00.259  1042M / 7602M INFO   Simplification           (parallel_processing.hpp   : 171)   Complex tip clipper triggered 0 times
  0:04:00.260  1042M / 7602M INFO   Simplification           (parallel_processing.hpp   : 168)   Running Complex bulge remover
  0:04:01.125  1042M / 7602M INFO   Simplification           (parallel_processing.hpp   : 171)   Complex bulge remover triggered 1 times
  0:04:01.126  1042M / 7602M INFO   Simplification           (parallel_processing.hpp   : 168)   Running Tip clipper
  0:04:01.127  1042M / 7602M INFO   Simplification           (parallel_processing.hpp   : 171)   Tip clipper triggered 0 times
  0:04:01.127  1042M / 7602M INFO   Simplification           (parallel_processing.hpp   : 168)   Running Final tip clipper
  0:04:01.127  1042M / 7602M INFO   Simplification           (parallel_processing.hpp   : 171)   Final tip clipper triggered 0 times
  0:04:01.128  1042M / 7602M INFO   Simplification           (parallel_processing.hpp   : 168)   Running Bulge remover
  0:04:01.128  1042M / 7602M INFO   Simplification           (parallel_processing.hpp   : 171)   Bulge remover triggered 1 times
  0:04:01.129  1042M / 7602M INFO   Simplification           (parallel_processing.hpp   : 168)   Running Final bulge remover
  0:04:01.129  1042M / 7602M INFO   Simplification           (parallel_processing.hpp   : 171)   Final bulge remover triggered 0 times
  0:04:01.129  1042M / 7602M INFO   Simplification           (parallel_processing.hpp   : 168)   Running Thorn remover (meta)
  0:04:01.130  1042M / 7602M INFO   Simplification           (parallel_processing.hpp   : 171)   Thorn remover (meta) triggered 0 times
  0:04:01.130  1042M / 7602M INFO   Simplification           (parallel_processing.hpp   : 168)   Running Relative coverage component remover
  0:04:01.172  1042M / 7602M INFO   Simplification           (parallel_processing.hpp   : 171)   Relative coverage component remover triggered 0 times
  0:04:01.173  1042M / 7602M INFO   Simplification           (parallel_processing.hpp   : 168)   Running Disconnecting edges with relatively low coverage
  0:04:01.173  1042M / 7602M INFO   Simplification           (parallel_processing.hpp   : 171)   Disconnecting edges with relatively low coverage triggered 0 times
  0:04:01.174  1042M / 7602M INFO   Simplification           (parallel_processing.hpp   : 168)   Running Complex tip clipper
  0:04:01.217  1042M / 7602M INFO   Simplification           (parallel_processing.hpp   : 171)   Complex tip clipper triggered 0 times
  0:04:01.218  1042M / 7602M INFO   Simplification           (parallel_processing.hpp   : 168)   Running Complex bulge remover
  0:04:02.070  1042M / 7602M INFO   Simplification           (parallel_processing.hpp   : 171)   Complex bulge remover triggered 0 times
  0:04:02.071  1042M / 7602M INFO   Simplification           (parallel_processing.hpp   : 168)   Running Tip clipper
  0:04:02.072  1042M / 7602M INFO   Simplification           (parallel_processing.hpp   : 171)   Tip clipper triggered 0 times
  0:04:02.072  1042M / 7602M INFO   Simplification           (parallel_processing.hpp   : 168)   Running Final tip clipper
  0:04:02.072  1042M / 7602M INFO   Simplification           (parallel_processing.hpp   : 171)   Final tip clipper triggered 0 times
  0:04:02.073  1042M / 7602M INFO   Simplification           (parallel_processing.hpp   : 168)   Running Bulge remover
  0:04:02.073  1042M / 7602M INFO   Simplification           (parallel_processing.hpp   : 171)   Bulge remover triggered 0 times
  0:04:02.073  1042M / 7602M INFO   Simplification           (parallel_processing.hpp   : 168)   Running Final bulge remover
  0:04:02.074  1042M / 7602M INFO   Simplification           (parallel_processing.hpp   : 171)   Final bulge remover triggered 0 times
  0:04:02.074  1042M / 7602M INFO   Simplification           (parallel_processing.hpp   : 168)   Running Thorn remover (meta)
  0:04:02.075  1042M / 7602M INFO   Simplification           (parallel_processing.hpp   : 171)   Thorn remover (meta) triggered 0 times
  0:04:02.075  1042M / 7602M INFO    General                 (simplification.cpp        : 344)   Running Hidden EC remover (meta)
  0:04:02.098  1042M / 7602M INFO    General                 (simplification.cpp        : 348)   Disrupting self-conjugate edges
  0:04:02.192  1042M / 7602M INFO   Simplification           (parallel_processing.hpp   : 168)   Running Removing isolated edges
  0:04:02.232  1042M / 7602M INFO   Simplification           (parallel_processing.hpp   : 171)   Removing isolated edges triggered 5571 times
  0:04:02.250  1041M / 7602M INFO    General                 (simplification.cpp        : 508)   After simplification:
  0:04:02.250  1041M / 7602M INFO    General                 (simplification.cpp        : 509)     Average coverage = 3.50406
  0:04:02.265  1041M / 7602M INFO    General                 (simplification.cpp        : 510)     Total length = 90606217
  0:04:02.289  1041M / 7602M INFO    General                 (simplification.cpp        : 511)     Median edge length: 1503
  0:04:02.290  1041M / 7602M INFO    General                 (simplification.cpp        : 512)     Edges: 274456
  0:04:02.290  1041M / 7602M INFO    General                 (simplification.cpp        : 513)     Vertices: 528326
  0:04:02.291  1041M / 7602M INFO   StageManager             (stage.cpp                 : 210)   STAGE == Mismatch Correction (id: mismatch_correction)
  0:04:02.291  1041M / 7602M INFO    General                 (graph_pack_helpers.cpp    :  43)   Index refill
  0:04:02.291  1041M / 7602M INFO    General                 (edge_index.hpp            : 175)   Using small index (max_id = 4788295)
  0:04:03.310  1041M / 7602M INFO   K-mer Index Building     (kmer_index_builder.hpp    : 460)   Building perfect hash indices
  0:04:15.616  1105M / 7602M INFO   K-mer Index Building     (kmer_index_builder.hpp    : 496)   Index built. Total 90606212 kmers, 65464746 bytes occupied (5.78016 bits per kmer).
  0:04:16.154  1797M / 7602M INFO    General                 (edge_index_builders.hpp   : 253)   Collecting edge information from graph, this takes a while.
  0:04:23.589  1797M / 7602M INFO    General                 (graph_pack_helpers.cpp    :  55)   Normalizing k-mer map. Total 12142870 kmers to process
  0:04:28.227  1807M / 7602M INFO    General                 (kmer_mapper.hpp           :  87)   Total 103070 kmers with non-trivial roots
  0:04:28.238  1797M / 7602M INFO    General                 (graph_pack_helpers.cpp    :  57)   Normalizing done
  0:04:28.238  1797M / 7602M INFO    General                 (mismatch_correction.cpp   : 421)   Collect potential mismatches
  0:04:30.370  1811M / 7602M INFO    General                 (mismatch_correction.cpp   : 213)   Total 34570 edges (out of 274456) with 331134 potential mismatch positions (9.57865 positions per edge)
  0:04:30.372  1801M / 7602M INFO    General                 (mismatch_correction.cpp   : 423)   Potential mismatches collected
  0:04:30.373  1801M / 7602M INFO    General                 (sequence_mapper_notifier.h:  80)   Starting sequence mapping
  0:04:34.058  1808M / 7602M INFO    General                 (sequence_mapper_notifier.h: 101)   Processed 200000 reads
  0:04:34.142  1815M / 7602M INFO    General                 (sequence_mapper_notifier.h: 101)   Processed 400000 reads
  0:04:34.230  1823M / 7602M INFO    General                 (sequence_mapper_notifier.h: 101)   Processed 600000 reads
  0:04:34.246  1830M / 7602M INFO    General                 (sequence_mapper_notifier.h: 101)   Processed 800000 reads
  0:04:34.272  1837M / 7602M INFO    General                 (sequence_mapper_notifier.h: 101)   Processed 1000000 reads
  0:04:34.356  1844M / 7602M INFO    General                 (sequence_mapper_notifier.h: 101)   Processed 1200000 reads
  0:04:34.638  1852M / 7602M INFO    General                 (sequence_mapper_notifier.h: 101)   Processed 2200000 reads
  0:04:38.370  1864M / 7602M INFO    General                 (sequence_mapper_notifier.h: 101)   Processed 4200000 reads
  0:04:43.889  2042M / 7602M INFO    General                 (sequence_mapper_notifier.h: 120)   Total 7999412 reads processed
  0:04:44.943  1828M / 7602M INFO    General                 (mismatch_correction.cpp   : 416)   All edges processed
  0:04:44.956  1798M / 7602M INFO    General                 (mismatch_correction.cpp   : 471)   Corrected 99 nucleotides
  0:04:44.956  1798M / 7602M INFO   StageManager             (stage.cpp                 : 210)   STAGE == Contig Output (id: contig_output)
  0:04:44.956  1798M / 7602M INFO    General                 (contig_output.hpp         :  20)   Outputting contigs to "${ARTICLE30_WORK_DIR}/assemblies/metaspades-single-MOCK1/K55/before_rr.fasta"
  0:04:45.692  1798M / 7602M INFO    General                 (contig_output_stage.cpp   : 159)   Writing GFA graph to "${ARTICLE30_WORK_DIR}/assemblies/metaspades-single-MOCK1/K55/assembly_graph_after_simplification.gfa"
  0:04:46.204  1798M / 7602M INFO   StageManager             (stage.cpp                 : 210)   STAGE == Paired Information Counting (id: late_pair_info_count)
  0:04:46.553  1904M / 7602M INFO    General                 (graph_pack_helpers.cpp    :  55)   Normalizing k-mer map. Total 12149160 kmers to process
  0:04:51.166  1914M / 7602M INFO    General                 (kmer_mapper.hpp           :  87)   Total 20440 kmers with non-trivial roots
  0:04:51.169  1904M / 7602M INFO    General                 (graph_pack_helpers.cpp    :  57)   Normalizing done
  0:04:51.169  1904M / 7602M INFO    General                 (pair_info_count.cpp       : 165)   Min edge length for estimation: 900
  0:04:51.170  1904M / 7602M INFO    General                 (pair_info_count.cpp       : 176)   Estimating insert size for library #0
  0:04:51.170  1904M / 7602M INFO    General                 (pair_info_count.cpp       :  41)   Selecting usual mapper
  0:04:51.171  1904M / 7602M INFO    General                 (paired_info_utils.cpp     : 102)   Estimating insert size (takes a while)
  0:04:51.363  2176M / 7602M INFO    General                 (sequence_mapper_notifier.h:  80)   Starting sequence mapping
  0:04:58.992  2176M / 7602M INFO    General                 (sequence_mapper_notifier.h: 120)   Total 1999853 reads processed
  0:04:59.097  2176M / 7602M INFO    General                 (paired_info_utils.cpp     : 119)   Edge pairs: 266435
  0:04:59.097  2176M / 7602M INFO    General                 (paired_info_utils.cpp     : 121)   1337913 paired reads (66.9006% of all) aligned to long edges
  0:04:59.099  1904M / 7602M INFO    General                 (pair_info_count.cpp       : 196)     Insert size = 438.583, deviation = 95.5209, left quantile = 326, right quantile = 562, read length = 150
  0:04:59.109  1904M / 7602M INFO    General                 (pair_info_count.cpp       : 211)   Filtering data for library #0
  0:04:59.109  1904M / 7602M INFO    General                 (pair_info_count.cpp       :  41)   Selecting usual mapper
  0:04:59.110  1905M / 7602M INFO    General                 (sequence_mapper_notifier.h:  80)   Starting sequence mapping
  0:05:06.233  1905M / 7602M INFO    General                 (sequence_mapper_notifier.h: 120)   Total 1999853 reads processed
  0:05:06.235  1905M / 7602M INFO    General                 (pair_info_count.cpp       : 216)   Mapping library #0
  0:05:06.235  1905M / 7602M INFO    General                 (pair_info_count.cpp       : 218)   Mapping paired reads (takes a while)
  0:05:06.235  1905M / 7602M INFO    General                 (pair_info_count.cpp       :  41)   Selecting usual mapper
  0:05:06.236  1905M / 7602M INFO    General                 (paired_info_utils.cpp     : 152)   Left insert size quantile 326, right insert size quantile 562, filtering threshold 1, rounding threshold 0
  0:05:06.240  1918M / 7602M INFO    General                 (sequence_mapper_notifier.h:  80)   Starting sequence mapping
  0:05:13.328  1939M / 7602M INFO    General                 (sequence_mapper_notifier.h: 120)   Total 1999853 reads processed
  0:05:13.392  1932M / 7602M INFO    General                 (pair_info_count.cpp       : 172)   Mapping contigs library #1
  0:05:13.393  1932M / 7602M INFO    General                 (pair_info_count.cpp       :  41)   Selecting usual mapper
  0:05:13.395  1933M / 7602M INFO    General                 (sequence_mapper_notifier.h:  80)   Starting sequence mapping
  0:05:19.116  1954M / 7602M INFO    General                 (sequence_mapper_notifier.h: 120)   Total 130189 reads processed
  0:05:19.117  1954M / 7602M INFO   StageManager             (stage.cpp                 : 210)   STAGE == Distance Estimation (id: distance_estimation)
  0:05:19.117  1954M / 7602M INFO    General                 (distance_estimation.cpp   :  75)   Processing library #0
  0:05:19.118  1954M / 7602M INFO    General                 (distance_estimation_utils.:  23)   Estimating distances
  0:05:19.118  1954M / 7602M INFO   DistanceEstimator        (distance_estimation.hpp   : 132)   Using SIMPLE distance estimator
  0:05:20.334  1956M / 7602M INFO    General                 (distance_estimation_utils.: 137)   Refining clustered pair information
  0:05:20.395  1956M / 7602M INFO    General                 (distance_estimation_utils.: 139)   The refining of clustered pair information has been finished
  0:05:20.396  1956M / 7602M INFO    General                 (distance_estimation_utils.: 141)   Improving paired information
  0:05:20.605  1957M / 7602M INFO   PairInfoImprover         (pair_info_improver.hpp    :  80)   Paired info stats: missing = 27110; contradictional = 0
  0:05:20.800  1957M / 7602M INFO   PairInfoImprover         (pair_info_improver.hpp    :  80)   Paired info stats: missing = 2900; contradictional = 0
  0:05:20.800  1957M / 7602M INFO    General                 (distance_estimation_utils.:  81)   Filling scaffolding index
  0:05:20.801  1957M / 7602M INFO    General                 (distance_estimation_utils.:  23)   Estimating distances
  0:05:20.801  1957M / 7602M INFO   DistanceEstimator        (distance_estimation.hpp   : 132)   Using SMOOTHING distance estimator
  0:05:23.269  1959M / 7602M INFO    General                 (distance_estimation.cpp   :  84)   Clearing raw paired index
  0:05:23.320  1931M / 7602M INFO   StageManager             (stage.cpp                 : 210)   STAGE == Repeat Resolving (id: repeat_resolving)
  0:05:23.322  1931M / 7602M INFO    General                 (repeat_resolving.cpp      :  88)   Using Path-Extend repeat resolving
  0:05:23.322  1931M / 7602M INFO    General                 (launcher.cpp              : 636)   ExSPAnder repeat resolving tool started
  0:05:23.501  2007M / 7602M INFO    General                 (launcher.cpp              : 444)   Creating main extenders, unique edge length = 2000
  0:05:23.503  2041M / 7602M INFO    General                 (launcher.cpp              : 362)   filling path container
  0:05:23.541  2044M / 7602M INFO    General                 (extenders_logic.cpp       : 352)   Creating extender; library index size: 347630
  0:05:23.542  2061M / 7602M INFO    General                 (extenders_logic.cpp       : 352)   Creating extender; library index size: 347630
  0:05:23.614  2101M / 7602M INFO    General                 (extenders_logic.cpp       :  54)   resolvable_repeat_length_bound set to 10000
  0:05:23.744  2131M / 7602M INFO    General                 (extenders_logic.cpp       : 550)   Using 1 paired-end library
  0:05:23.745  2131M / 7602M INFO    General                 (extenders_logic.cpp       : 551)   Using 1 paired-end scaffolding library
  0:05:23.746  2131M / 7602M INFO    General                 (extenders_logic.cpp       : 552)   Using 1 single read library
  0:05:23.774  2131M / 7602M INFO    General                 (launcher.cpp              : 409)   Filling backbone edges for long reads scaffolding...
  0:05:23.775  2131M / 7602M INFO    General                 (launcher.cpp              : 411)    with long reads paths
  0:05:23.775  2131M / 7602M INFO    General                 (launcher.cpp              : 420)   Removing fake unique with paired-end libs
  0:05:23.775  2131M / 7602M INFO    General                 (launcher.cpp              : 431)   0 unique edges
  0:05:23.776  2131M / 7602M INFO    General                 (extenders_logic.cpp       : 453)   Using 0 long reads scaffolding libraries
  0:05:23.776  2131M / 7602M INFO    General                 (extenders_logic.cpp       : 463)   Using additional coordinated coverage extender
  0:05:23.777  2148M / 7602M INFO    General                 (launcher.cpp              : 473)   Total number of extenders is 5
  0:05:23.778  2148M / 7602M INFO    General                 (path_extenders.cpp        :  36)   Processed 0 paths from 136715 (0%)
  0:05:23.951  2153M / 7602M INFO    General                 (path_extenders.cpp        :  34)   Processed 128 paths from 136715 (0%)
  0:05:24.048  2155M / 7602M INFO    General                 (path_extenders.cpp        :  34)   Processed 256 paths from 136715 (0%)
  0:05:24.169  2157M / 7602M INFO    General                 (path_extenders.cpp        :  34)   Processed 512 paths from 136715 (0%)
  0:05:24.345  2159M / 7602M INFO    General                 (path_extenders.cpp        :  34)   Processed 1024 paths from 136715 (0%)
  0:05:24.659  2161M / 7602M INFO    General                 (path_extenders.cpp        :  34)   Processed 2048 paths from 136715 (1%)
  0:05:25.164  2165M / 7602M INFO    General                 (path_extenders.cpp        :  34)   Processed 4096 paths from 136715 (2%)
  0:05:25.875  2168M / 7602M INFO    General                 (path_extenders.cpp        :  34)   Processed 8192 paths from 136715 (5%)
  0:05:26.471  2172M / 7602M INFO    General                 (path_extenders.cpp        :  36)   Processed 13672 paths from 136715 (10%)
  0:05:26.690  2173M / 7602M INFO    General                 (path_extenders.cpp        :  34)   Processed 16384 paths from 136715 (11%)
  0:05:27.362  2179M / 7602M INFO    General                 (path_extenders.cpp        :  36)   Processed 27344 paths from 136715 (20%)
  0:05:27.619  2181M / 7602M INFO    General                 (path_extenders.cpp        :  34)   Processed 32768 paths from 136715 (23%)
  0:05:27.980  2185M / 7602M INFO    General                 (path_extenders.cpp        :  36)   Processed 41016 paths from 136715 (30%)
  0:05:28.502  2191M / 7602M INFO    General                 (path_extenders.cpp        :  36)   Processed 54688 paths from 136715 (40%)
  0:05:28.795  2195M / 7602M INFO    General                 (path_extenders.cpp        :  34)   Processed 65536 paths from 136715 (47%)
  0:05:28.863  2196M / 7602M INFO    General                 (path_extenders.cpp        :  36)   Processed 68360 paths from 136715 (50%)
  0:05:29.110  2202M / 7602M INFO    General                 (path_extenders.cpp        :  36)   Processed 82032 paths from 136715 (60%)
  0:05:29.243  2208M / 7602M INFO    General                 (path_extenders.cpp        :  36)   Processed 95704 paths from 136715 (70%)
  0:05:29.340  2213M / 7602M INFO    General                 (path_extenders.cpp        :  36)   Processed 109376 paths from 136715 (80%)
  0:05:29.427  2219M / 7602M INFO    General                 (path_extenders.cpp        :  36)   Processed 123048 paths from 136715 (90%)
  0:05:29.471  2222M / 7602M INFO    General                 (path_extenders.cpp        :  34)   Processed 131072 paths from 136715 (95%)
  0:05:29.620  2170M / 7602M INFO    General                 (launcher.cpp              : 264)   Finalizing paths
  0:05:29.620  2170M / 7602M INFO    General                 (launcher.cpp              : 266)   Deduplicating paths
  0:05:29.683  2170M / 7602M INFO    General                 (launcher.cpp              : 270)   Paths deduplicated
  0:05:29.684  2170M / 7602M INFO   PEResolver               (pe_resolver.cpp           :  70)   Removing overlaps
  0:05:29.684  2170M / 7602M INFO   PEResolver               (pe_resolver.cpp           :  80)   Marking overlaps
  0:05:29.685  2170M / 7602M INFO   OverlapRemover           (overlap_remover.hpp       : 120)   Marking start/end overlaps
  0:05:29.806  2170M / 7602M INFO   OverlapRemover           (overlap_remover.hpp       : 123)   Marking remaining overlaps
  0:05:29.932  2171M / 7602M INFO   PEResolver               (pe_resolver.cpp           :  83)   Splitting paths
  0:05:29.960  2174M / 7602M INFO   PEResolver               (pe_resolver.cpp           :  88)   Deduplicating paths
  0:05:30.022  2171M / 7602M INFO   PEResolver               (pe_resolver.cpp           :  90)   Overlaps removed
  0:05:30.092  2170M / 7602M INFO    General                 (launcher.cpp              : 287)   Paths finalized
  0:05:30.093  2170M / 7602M INFO    General                 (launcher.cpp              : 482)   Closing gaps in paths
  0:05:30.318  2217M / 7602M INFO    General                 (launcher.cpp              : 512)   Gap closing completed
  0:05:30.442  2038M / 7602M INFO    General                 (launcher.cpp              : 320)   Traversing tandem repeats
  0:05:32.981  2038M / 7602M INFO    General                 (launcher.cpp              : 330)   Traversed 17 loops
  0:05:32.982  2038M / 7602M INFO    General                 (launcher.cpp              : 264)   Finalizing paths
  0:05:32.983  2038M / 7602M INFO    General                 (launcher.cpp              : 266)   Deduplicating paths
  0:05:33.035  2038M / 7602M INFO    General                 (launcher.cpp              : 270)   Paths deduplicated
  0:05:33.035  2038M / 7602M INFO   PEResolver               (pe_resolver.cpp           :  70)   Removing overlaps
  0:05:33.036  2038M / 7602M INFO   PEResolver               (pe_resolver.cpp           :  80)   Marking overlaps
  0:05:33.036  2038M / 7602M INFO   OverlapRemover           (overlap_remover.hpp       : 120)   Marking start/end overlaps
  0:05:33.148  2038M / 7602M INFO   OverlapRemover           (overlap_remover.hpp       : 123)   Marking remaining overlaps
  0:05:33.263  2038M / 7602M INFO   PEResolver               (pe_resolver.cpp           :  83)   Splitting paths
  0:05:33.278  2038M / 7602M INFO   PEResolver               (pe_resolver.cpp           :  88)   Deduplicating paths
  0:05:33.334  2038M / 7602M INFO   PEResolver               (pe_resolver.cpp           :  90)   Overlaps removed
  0:05:33.397  2038M / 7602M INFO    General                 (launcher.cpp              : 287)   Paths finalized
  0:05:33.398  2038M / 7602M INFO    General                 (launcher.cpp              : 701)   ExSPAnder repeat resolving tool finished
  0:05:33.417  1979M / 7602M INFO   StageManager             (stage.cpp                 : 210)   STAGE == Contig Output (id: contig_output)
  0:05:33.418  1979M / 7602M INFO    General                 (contig_output.hpp         :  20)   Outputting contigs to "${ARTICLE30_WORK_DIR}/assemblies/metaspades-single-MOCK1/K55/before_rr.fasta"
  0:05:34.215  1979M / 7602M INFO    General                 (contig_output_stage.cpp   : 159)   Writing GFA graph to "${ARTICLE30_WORK_DIR}/assemblies/metaspades-single-MOCK1/K55/assembly_graph_with_scaffolds.gfa"
  0:05:34.731  1979M / 7602M INFO    General                 (contig_output_stage.cpp   : 175)   Outputting FastG graph to "${ARTICLE30_WORK_DIR}/assemblies/metaspades-single-MOCK1/K55/assembly_graph.fastg"
  0:05:36.244  1979M / 7602M INFO    General                 (contig_output_stage.cpp   : 210)   Breaking scaffolds
  0:05:37.040  2170M / 7602M INFO    General                 (contig_output_stage.cpp   : 101)   Outputting contigs to ${ARTICLE30_WORK_DIR}/assemblies/metaspades-single-MOCK1/K55/final_contigs.fasta
  0:05:37.384  2170M / 7602M INFO    General                 (contig_output_stage.cpp   : 107)   Outputting FastG paths to ${ARTICLE30_WORK_DIR}/assemblies/metaspades-single-MOCK1/K55/final_contigs.paths
  0:05:38.121  2096M / 7602M INFO    General                 (contig_output_stage.cpp   : 101)   Outputting contigs to ${ARTICLE30_WORK_DIR}/assemblies/metaspades-single-MOCK1/K55/scaffolds.fasta
  0:05:38.443  2096M / 7602M INFO    General                 (contig_output_stage.cpp   : 107)   Outputting FastG paths to ${ARTICLE30_WORK_DIR}/assemblies/metaspades-single-MOCK1/K55/scaffolds.paths
  0:05:38.567  2096M / 7602M INFO    General                 (contig_output_stage.cpp   : 114)   Populating GFA with scaffold paths
  0:05:38.703  1979M / 7602M INFO    General                 (pipeline.cpp              : 305)   SPAdes finished
  0:05:41.506     1M / 7602M INFO    General                 (main.cpp                  : 131)   Assembling time: 0 hours 5 minutes 41 seconds

===== K55 finished. 


===== Copy files started. 


== Running: ${HOME}/miniconda3/envs/metagenome-assembly-2026.07/bin/python3 ${HOME}/miniconda3/envs/metagenome-assembly-2026.07/share/spades/spades_pipeline/supplemetary/copy_files.py ${ARTICLE30_WORK_DIR}/assemblies/metaspades-single-MOCK1/K55/before_rr.fasta ${ARTICLE30_WORK_DIR}/assemblies/metaspades-single-MOCK1/before_rr.fasta ${ARTICLE30_WORK_DIR}/assemblies/metaspades-single-MOCK1/K55/assembly_graph_after_simplification.gfa ${ARTICLE30_WORK_DIR}/assemblies/metaspades-single-MOCK1/assembly_graph_after_simplification.gfa ${ARTICLE30_WORK_DIR}/assemblies/metaspades-single-MOCK1/K55/final_contigs.fasta ${ARTICLE30_WORK_DIR}/assemblies/metaspades-single-MOCK1/contigs.fasta ${ARTICLE30_WORK_DIR}/assemblies/metaspades-single-MOCK1/K55/first_pe_contigs.fasta ${ARTICLE30_WORK_DIR}/assemblies/metaspades-single-MOCK1/first_pe_contigs.fasta ${ARTICLE30_WORK_DIR}/assemblies/metaspades-single-MOCK1/K55/strain_graph.gfa ${ARTICLE30_WORK_DIR}/assemblies/metaspades-single-MOCK1/strain_graph.gfa ${ARTICLE30_WORK_DIR}/assemblies/metaspades-single-MOCK1/K55/scaffolds.fasta ${ARTICLE30_WORK_DIR}/assemblies/metaspades-single-MOCK1/scaffolds.fasta ${ARTICLE30_WORK_DIR}/assemblies/metaspades-single-MOCK1/K55/scaffolds.paths ${ARTICLE30_WORK_DIR}/assemblies/metaspades-single-MOCK1/scaffolds.paths ${ARTICLE30_WORK_DIR}/assemblies/metaspades-single-MOCK1/K55/assembly_graph_with_scaffolds.gfa ${ARTICLE30_WORK_DIR}/assemblies/metaspades-single-MOCK1/assembly_graph_with_scaffolds.gfa ${ARTICLE30_WORK_DIR}/assemblies/metaspades-single-MOCK1/K55/assembly_graph.fastg ${ARTICLE30_WORK_DIR}/assemblies/metaspades-single-MOCK1/assembly_graph.fastg ${ARTICLE30_WORK_DIR}/assemblies/metaspades-single-MOCK1/K55/final_contigs.paths ${ARTICLE30_WORK_DIR}/assemblies/metaspades-single-MOCK1/contigs.paths


===== Copy files finished. 


===== Assembling finished. 


===== Breaking scaffolds started. 


== Running: ${HOME}/miniconda3/envs/metagenome-assembly-2026.07/bin/python3 ${HOME}/miniconda3/envs/metagenome-assembly-2026.07/share/spades/spades_pipeline/supplemetary/breaking_scaffolds_script.py --result_scaffolds_filename ${ARTICLE30_WORK_DIR}/assemblies/metaspades-single-MOCK1/scaffolds.fasta --misc_dir ${ARTICLE30_WORK_DIR}/assemblies/metaspades-single-MOCK1/misc --threshold_for_breaking_scaffolds 3


===== Breaking scaffolds finished. 


===== Terminate started. 


===== Terminate finished. 

 * Assembled contigs are in ${ARTICLE30_WORK_DIR}/assemblies/metaspades-single-MOCK1/contigs.fasta
 * Assembled scaffolds are in ${ARTICLE30_WORK_DIR}/assemblies/metaspades-single-MOCK1/scaffolds.fasta
 * Paths in the assembly graph corresponding to the contigs are in ${ARTICLE30_WORK_DIR}/assemblies/metaspades-single-MOCK1/contigs.paths
 * Paths in the assembly graph corresponding to the scaffolds are in ${ARTICLE30_WORK_DIR}/assemblies/metaspades-single-MOCK1/scaffolds.paths
 * Assembly graph is in ${ARTICLE30_WORK_DIR}/assemblies/metaspades-single-MOCK1/assembly_graph.fastg
 * Assembly graph in GFA format is in ${ARTICLE30_WORK_DIR}/assemblies/metaspades-single-MOCK1/assembly_graph_with_scaffolds.gfa

======= SPAdes pipeline finished.

SPAdes log can be found here: ${ARTICLE30_WORK_DIR}/assemblies/metaspades-single-MOCK1/spades.log

Thank you for using metaSPAdes! If you use it in your research, please cite:

  Nurk, S., Meleshko, D., Korobeynikov, A. and Pevzner, P.A., 2017. metaSPAdes: a new versatile metagenomic assembler. Genome research, 27(5), pp.824-834.
  doi.org/10.1101/gr.213959.116

