Command line: ${HOME}/miniconda3/envs/metagenome-assembly-2026.07/bin/metaspades.py	--only-assembler	-1	${ARTICLE30_RAW_DIR}/clean/ERR9765747_clean_R1.fastq.gz	-2	${ARTICLE30_RAW_DIR}/clean/ERR9765747_clean_R2.fastq.gz	-t	16	-m	64	-o	${ARTICLE30_WORK_DIR}/assemblies/metaspades-single-MOCK2	

System information:
  SPAdes version: 4.3.0
  Python version: 3.10.20
  OS: Linux-6.8.0-49-generic-x86_64-with-glibc2.35

Output dir: ${ARTICLE30_WORK_DIR}/assemblies/metaspades-single-MOCK2
Mode: ONLY assembling (without read error correction)
Debug mode is turned OFF

Dataset parameters:
  Metagenomic mode
  Reads:
    Library number: 1, library type: paired-end
      orientation: fr
      left reads: ['${ARTICLE30_RAW_DIR}/clean/ERR9765747_clean_R1.fastq.gz']
      right reads: ['${ARTICLE30_RAW_DIR}/clean/ERR9765747_clean_R2.fastq.gz']
      interlaced reads: not specified
      single reads: not specified
      merged reads: not specified
Assembly parameters:
  k: [21, 33, 55]
  Repeat resolution is enabled
  Mismatch careful mode is turned OFF
  MismatchCorrector will be SKIPPED
  Coverage cutoff is turned OFF
  Assembly graph output will use GFA v1.2 format
Other parameters:
  Dir for temp files: ${ARTICLE30_WORK_DIR}/assemblies/metaspades-single-MOCK2/tmp
  Threads: 16
  Memory limit (in Gb): 64


======= SPAdes pipeline started. Log can be found here: ${ARTICLE30_WORK_DIR}/assemblies/metaspades-single-MOCK2/spades.log

${ARTICLE30_RAW_DIR}/clean/ERR9765747_clean_R1.fastq.gz: max reads length: 150
${ARTICLE30_RAW_DIR}/clean/ERR9765747_clean_R2.fastq.gz: max reads length: 150

Reads length: 150


===== Before start started. 


===== Assembling started. 


===== K21 started. 


== Running: ${HOME}/miniconda3/envs/metagenome-assembly-2026.07/bin/spades-core ${ARTICLE30_WORK_DIR}/assemblies/metaspades-single-MOCK2/K21/configs/config.info ${ARTICLE30_WORK_DIR}/assemblies/metaspades-single-MOCK2/K21/configs/mda_mode.info ${ARTICLE30_WORK_DIR}/assemblies/metaspades-single-MOCK2/K21/configs/meta_mode.info

  0:00:00.000     1M / 17M   INFO    General                 (main.cpp                  :  94)   Loaded config from "${ARTICLE30_WORK_DIR}/assemblies/metaspades-single-MOCK2/K21/configs/config.info"
  0:00:00.001     1M / 17M   INFO    General                 (main.cpp                  :  94)   Loaded config from "${ARTICLE30_WORK_DIR}/assemblies/metaspades-single-MOCK2/K21/configs/mda_mode.info"
  0:00:00.001     1M / 17M   INFO    General                 (main.cpp                  :  94)   Loaded config from "${ARTICLE30_WORK_DIR}/assemblies/metaspades-single-MOCK2/K21/configs/meta_mode.info"
  0:00:00.001     1M / 17M   INFO    General                 (memory_limit.cpp          :  55)   Memory limit set to 64 Gb
  0:00:00.001     1M / 17M   INFO    General                 (main.cpp                  : 102)   Starting SPAdes, built from N/A, git revision N/A
  0:00:00.001     1M / 17M   INFO    General                 (main.cpp                  : 103)   Maximum k-mer length: 128
  0:00:00.001     1M / 17M   INFO    General                 (main.cpp                  : 104)   Assembling dataset ("${ARTICLE30_WORK_DIR}/assemblies/metaspades-single-MOCK2/dataset.info") with K=21
  0:00:00.001     1M / 17M   INFO    General                 (main.cpp                  : 105)   Maximum # of threads to use (adjusted due to OMP capabilities): 16
  0:00:00.001     1M / 17M   INFO    General                 (pipeline.cpp              : 221)   SPAdes started
  0:00:00.001     1M / 17M   INFO    General                 (pipeline.cpp              : 234)   Starting from stage: read_conversion
  0:00:00.001     1M / 17M   INFO    General                 (pipeline.cpp              : 245)   Two-step repeat resolution disabled
  0:00:00.001     1M / 17M   INFO   GraphCore                (graph_core.hpp            : 582)   Graph created, vertex min_id: 3, edge min_id: 3
  0:00:00.001     1M / 17M   INFO   GraphCore                (graph_core.hpp            : 583)   Vertex size: 48, edge size: 40
  0:00:00.001     1M / 17M   INFO    General                 (edge_index.hpp            : 132)   Size of edge index entries: 12/8
  0:00:00.001     1M / 17M   INFO   StageManager             (stage.cpp                 : 210)   STAGE == Binary Read Conversion (id: read_conversion)
  0:00:00.003     1M / 17M   INFO    General                 (read_converter.cpp        :  78)   Converting reads to binary format for library #0 (takes a while)
  0:00:00.003     1M / 17M   INFO    General                 (read_converter.cpp        :  99)   Converting paired reads
  0:00:00.621    81M / 120M  INFO    General                 (binary_converter.cpp      : 127)   16384 reads processed
  0:00:00.633    81M / 121M  INFO    General                 (binary_converter.cpp      : 127)   32768 reads processed
  0:00:00.656    81M / 123M  INFO    General                 (binary_converter.cpp      : 127)   65536 reads processed
  0:00:00.930    81M / 161M  INFO    General                 (binary_converter.cpp      : 127)   131072 reads processed
  0:00:01.426    50M / 201M  INFO    General                 (binary_converter.cpp      : 127)   262144 reads processed
  0:00:02.187     0M / 245M  INFO    General                 (binary_converter.cpp      : 127)   524288 reads processed
  0:00:04.017     0M / 317M  INFO    General                 (binary_converter.cpp      : 127)   1048576 reads processed
  0:00:07.131     0M / 426M  INFO    General                 (binary_converter.cpp      : 143)   1999888 reads written
  0:00:07.150     0M / 426M  INFO    General                 (read_converter.cpp        : 113)   Converting single reads
  0:00:07.167     0M / 426M  INFO    General                 (binary_converter.cpp      : 143)   0 reads written
  0:00:07.168     0M / 426M  INFO    General                 (read_converter.cpp        : 119)   Converting merged reads
  0:00:07.177     0M / 426M  INFO    General                 (binary_converter.cpp      : 143)   0 reads written
  0:00:11.225     1M / 426M  INFO   StageManager             (stage.cpp                 : 210)   STAGE == de Bruijn graph construction (id: construction)
  0:00:11.238     1M / 426M  INFO    General                 (construction.cpp          : 150)   Max read length 150
  0:00:11.238     1M / 426M  INFO    General                 (construction.cpp          : 156)   Average read length 148.766
  0:00:11.238     1M / 426M  INFO    General                 (stage.cpp                 : 120)   PROCEDURE == k+1-mer counting (id: construction:kpomer_counting)
  0:00:11.238     1M / 426M  INFO    General                 (kmer_index_builder.hpp    : 308)   Splitting kmer instances into 160 files using 16 threads. This might take a while.
  0:00:11.245     1M / 426M  INFO    General                 (file_limit.hpp            :  43)   Open file limit set to 1048576
  0:00:11.245     1M / 426M  INFO    General                 (kmer_splitter.hpp         :  96)   Memory available for splitting buffers: 1.33332 Gb
  0:00:11.245     1M / 426M  INFO    General                 (kmer_splitter.hpp         : 104)   Using cell size of 419430
mimalloc: warning: thread 0x7cab95400640: unable to allocate aligned OS memory directly, fall back to over-allocation (67108864 bytes, address: 0x7cab80800000, alignment: 67108864, commit: 1)
mimalloc: warning: thread 0x7cab92200640: unable to allocate aligned OS memory directly, fall back to over-allocation (67108864 bytes, address: 0x7cab8a800000, alignment: 67108864, commit: 1)
  0:00:16.119  9601M / 9601M INFO    General                 (kmer_splitters.hpp        : 128)   Processed 7999552 reads
  0:00:16.122     2M / 4349M INFO    General                 (kmer_splitters.hpp        : 134)   Used 7999552 reads
  0:00:16.253     2M / 4349M INFO    General                 (kmer_index_builder.hpp    : 314)   Starting k-mer counting.
  0:00:16.485     2M / 4349M INFO    General                 (kmer_index_builder.hpp    : 325)   K-mer counting done. There are 155300403 kmers in total.
  0:00:16.485     1M / 4349M INFO    General                 (stage.cpp                 : 120)   PROCEDURE == Extension index construction (id: construction:extension_index_construction)
  0:00:16.487     2M / 4349M INFO   K-mer Index Building     (kmer_index_builder.hpp    : 503)   Building kmer index
  0:00:16.487     2M / 4349M INFO    General                 (kmer_index_builder.hpp    : 308)   Splitting kmer instances into 160 files using 16 threads. This might take a while.
  0:00:16.491     2M / 4349M INFO    General                 (file_limit.hpp            :  43)   Open file limit set to 1048576
  0:00:16.491     2M / 4349M INFO    General                 (kmer_splitter.hpp         :  96)   Memory available for splitting buffers: 1.33331 Gb
  0:00:16.491     2M / 4349M INFO    General                 (kmer_splitter.hpp         : 104)   Using cell size of 419430
  0:00:19.753  9602M / 9602M INFO    General                 (kmer_splitters.hpp        : 197)   Processed 155300403 kmers
  0:00:19.754  9602M / 9602M INFO    General                 (kmer_splitters.hpp        : 202)   Used 155300403 kmers.
  0:00:19.756     2M / 4349M INFO    General                 (kmer_index_builder.hpp    : 314)   Starting k-mer counting.
  0:00:20.090     2M / 4349M INFO    General                 (kmer_index_builder.hpp    : 325)   K-mer counting done. There are 154662794 kmers in total.
  0:00:20.090     2M / 4349M INFO   K-mer Index Building     (kmer_index_builder.hpp    : 460)   Building perfect hash indices
  0:00:21.997   112M / 4349M INFO   K-mer Index Building     (kmer_index_builder.hpp    : 496)   Index built. Total 154662794 kmers, 111826944 bytes occupied (5.7843 bits per kmer).
  0:00:21.997   112M / 4349M INFO    General                 (kmer_index_builder.hpp    : 191)   Merging final buckets.
  0:00:26.406   259M / 4349M INFO   DeBruijnExtensionIndexBu (kmer_extension_index_build: 101)   Building k-mer extensions from k+1-mers
  0:00:33.956   259M / 4349M INFO   DeBruijnExtensionIndexBu (kmer_extension_index_build: 106)   Building k-mer extensions from k+1-mers finished.
  0:00:34.023   259M / 4349M INFO    General                 (stage.cpp                 : 120)   PROCEDURE == Early tip clipping (id: construction:early_tip_clipper)
  0:00:34.023   259M / 4349M INFO    General                 (construction.cpp          : 298)   Early tip clipper length bound set as (RL - K)
  0:00:34.023   259M / 4349M INFO   Early tip clipping       (early_simplification.hpp  :  48)   Early tip clipping
  0:00:39.604   339M / 4349M INFO   Early tip clipping       (early_simplification.hpp  :  83)   #tipped junctions: 680507
  0:00:39.645   339M / 4349M INFO   Early tip clipping       (early_simplification.hpp  :  94)   Clipped tips: 682697
  0:00:39.707   259M / 4349M INFO   Early tip clipping       (early_simplification.hpp  :  50)   14561786 22-mers were removed by early tip clipper
  0:00:39.707   259M / 4349M INFO    General                 (stage.cpp                 : 120)   PROCEDURE == Condensing graph (id: construction:graph_condensing)
  0:00:39.709   259M / 4349M INFO   UnbranchingPathExtractor (debruijn_graph_constructor: 324)   Extracting unbranching paths
  0:00:48.772   346M / 4349M INFO   UnbranchingPathExtractor (debruijn_graph_constructor: 348)   Extracting unbranching paths finished. 3056574 sequences extracted
  0:00:53.373   346M / 4349M INFO   UnbranchingPathExtractor (debruijn_graph_constructor: 362)   Collecting perfect loops
  0:00:54.444   346M / 4349M INFO   UnbranchingPathExtractor (debruijn_graph_constructor: 395)   Collecting perfect loops finished. 130 loops collected
  0:00:54.689   346M / 4349M INFO   DeBruijnGraphConstructor (debruijn_graph_constructor: 597)   Sorting edges...
  0:00:54.778   346M / 4349M INFO   DeBruijnGraphConstructor (debruijn_graph_constructor: 602)   Edges sorted
  0:00:54.778   346M / 4349M INFO    General                 (debruijn_graph_constructor: 511)   Total 6113408 edges to create
  0:00:54.778   582M / 4349M INFO    General                 (debruijn_graph_constructor: 514)   Collecting link records
  0:00:57.612   678M / 4349M INFO    General                 (debruijn_graph_constructor: 521)   Total short graph edges: 4598248
  0:00:57.612   678M / 4349M INFO    General                 (debruijn_graph_constructor: 523)   Ordering link records
  0:00:57.684   678M / 4349M INFO    General                 (debruijn_graph_constructor: 529)   Sorting done
  0:00:57.731   710M / 4349M INFO    General                 (debruijn_graph_constructor: 542)   Sorting LinkRecords...
  0:00:57.781   710M / 4349M INFO    General                 (debruijn_graph_constructor: 548)   LinkRecords sorted
  0:00:57.781   710M / 4349M INFO    General                 (debruijn_graph_constructor: 550)   Total 2419095 vertices to create
  0:00:57.781   935M / 4349M INFO    General                 (debruijn_graph_constructor: 553)   Connecting the graph
  0:01:01.826   759M / 4349M INFO    General                 (stage.cpp                 : 120)   PROCEDURE == Filling coverage indices (PHM) (id: construction:coverage_filling_phm)
  0:01:01.826   759M / 4349M INFO   K-mer Index Building     (kmer_index_builder.hpp    : 460)   Building perfect hash indices
  0:01:03.726   869M / 4349M INFO   K-mer Index Building     (kmer_index_builder.hpp    : 496)   Index built. Total 155300403 kmers, 112289328 bytes occupied (5.78437 bits per kmer).
  0:01:04.148  1465M / 4349M INFO    General                 (coverage_hash_map_builder.:  49)   Collecting k-mer coverage information from reads, this takes a while.
  0:01:17.539  1465M / 4349M INFO    General                 (construction.cpp          : 400)   Filling coverage and flanking coverage from PHM
  0:01:25.762  1465M / 4349M INFO    General                 (coverage_filling.hpp      :  83)   Processed 6112916 edges
  0:01:26.635   501M / 4349M INFO   StageManager             (stage.cpp                 : 210)   STAGE == Raw Simplification (id: raw_simplification)
  0:01:26.638   501M / 4349M INFO    General                 (simplification.cpp        : 129)   PROCEDURE == Initial cleaning
  0:01:26.638   501M / 4349M INFO    General                 (graph_simplification.hpp  : 674)   Flanking coverage based disconnection disabled
  0:01:26.638   501M / 4349M INFO   Simplification           (parallel_processing.hpp   : 168)   Running Self conjugate edge remover
  0:01:26.738   501M / 4349M INFO   Simplification           (parallel_processing.hpp   : 171)   Self conjugate edge remover triggered 0 times
  0:01:26.738   501M / 4349M INFO   Simplification           (parallel_processing.hpp   : 168)   Running Initial tip clipper
  0:01:26.944   501M / 4349M INFO   Simplification           (parallel_processing.hpp   : 171)   Initial tip clipper triggered 8698 times
  0:01:26.944   501M / 4349M INFO   Simplification           (parallel_processing.hpp   : 168)   Running Initial ec remover
  0:01:35.282   580M / 4349M INFO   Simplification           (parallel_processing.hpp   : 171)   Initial ec remover triggered 721206 times
  0:01:35.285   580M / 4349M INFO   Simplification           (parallel_processing.hpp   : 168)   Running Initial isolated edge remover
  0:01:35.554   577M / 4349M INFO   Simplification           (parallel_processing.hpp   : 171)   Initial isolated edge remover triggered 159482 times
  0:01:35.558   495M / 4349M INFO   StageManager             (stage.cpp                 : 210)   STAGE == Simplification (id: simplification)
  0:01:35.558   495M / 4349M INFO    General                 (simplification.cpp        : 397)   Graph simplification started
  0:01:35.558   495M / 4349M INFO    General                 (graph_simplification.hpp  : 646)   Creating parallel br instance
  0:01:35.558   495M / 4349M INFO    General                 (simplification.cpp        : 402)   PROCEDURE == Simplification cycle, iteration 1
  0:01:35.558   495M / 4349M INFO   Simplification           (parallel_processing.hpp   : 168)   Running Tip clipper
  0:01:35.745   495M / 4349M INFO   Simplification           (parallel_processing.hpp   : 171)   Tip clipper triggered 17407 times
  0:01:35.747   495M / 4349M INFO   Simplification           (parallel_processing.hpp   : 168)   Running Bulge remover
  0:01:39.523   504M / 4349M INFO   Simplification           (parallel_processing.hpp   : 171)   Bulge remover triggered 163574 times
  0:01:39.524   504M / 4349M INFO   Simplification           (parallel_processing.hpp   : 168)   Running Low coverage edge remover
  0:01:39.568   504M / 4349M INFO   Simplification           (parallel_processing.hpp   : 171)   Low coverage edge remover triggered 0 times
  0:01:39.568   504M / 4349M INFO    General                 (simplification.cpp        : 402)   PROCEDURE == Simplification cycle, iteration 2
  0:01:39.568   504M / 4349M INFO   Simplification           (parallel_processing.hpp   : 168)   Running Tip clipper
  0:01:39.644   504M / 4349M INFO   Simplification           (parallel_processing.hpp   : 171)   Tip clipper triggered 2162 times
  0:01:39.644   504M / 4349M INFO   Simplification           (parallel_processing.hpp   : 168)   Running Bulge remover
  0:01:39.658   501M / 4349M INFO   Simplification           (parallel_processing.hpp   : 171)   Bulge remover triggered 15 times
  0:01:39.658   501M / 4349M INFO   Simplification           (parallel_processing.hpp   : 168)   Running Low coverage edge remover
  0:01:39.735   502M / 4349M INFO   Simplification           (parallel_processing.hpp   : 171)   Low coverage edge remover triggered 4353 times
  0:01:39.735   502M / 4349M INFO    General                 (simplification.cpp        : 402)   PROCEDURE == Simplification cycle, iteration 3
  0:01:39.735   502M / 4349M INFO   Simplification           (parallel_processing.hpp   : 168)   Running Tip clipper
  0:01:39.739   502M / 4349M INFO   Simplification           (parallel_processing.hpp   : 171)   Tip clipper triggered 150 times
  0:01:39.739   502M / 4349M INFO   Simplification           (parallel_processing.hpp   : 168)   Running Bulge remover
  0:01:39.805   502M / 4349M INFO   Simplification           (parallel_processing.hpp   : 171)   Bulge remover triggered 275 times
  0:01:39.805   502M / 4349M INFO   Simplification           (parallel_processing.hpp   : 168)   Running Low coverage edge remover
  0:01:39.862   502M / 4349M INFO   Simplification           (parallel_processing.hpp   : 171)   Low coverage edge remover triggered 5494 times
  0:01:39.862   502M / 4349M INFO    General                 (simplification.cpp        : 402)   PROCEDURE == Simplification cycle, iteration 4
  0:01:39.862   502M / 4349M INFO   Simplification           (parallel_processing.hpp   : 168)   Running Tip clipper
  0:01:39.906   502M / 4349M INFO   Simplification           (parallel_processing.hpp   : 171)   Tip clipper triggered 128 times
  0:01:39.906   502M / 4349M INFO   Simplification           (parallel_processing.hpp   : 168)   Running Bulge remover
  0:01:40.079   502M / 4349M INFO   Simplification           (parallel_processing.hpp   : 171)   Bulge remover triggered 378 times
  0:01:40.079   502M / 4349M INFO   Simplification           (parallel_processing.hpp   : 168)   Running Low coverage edge remover
  0:01:40.121   502M / 4349M INFO   Simplification           (parallel_processing.hpp   : 171)   Low coverage edge remover triggered 10 times
  0:01:40.121   502M / 4349M INFO    General                 (simplification.cpp        : 402)   PROCEDURE == Simplification cycle, iteration 5
  0:01:40.121   502M / 4349M INFO   Simplification           (parallel_processing.hpp   : 168)   Running Tip clipper
  0:01:40.122   502M / 4349M INFO   Simplification           (parallel_processing.hpp   : 171)   Tip clipper triggered 3 times
  0:01:40.122   502M / 4349M INFO   Simplification           (parallel_processing.hpp   : 168)   Running Bulge remover
  0:01:40.122   502M / 4349M INFO   Simplification           (parallel_processing.hpp   : 171)   Bulge remover triggered 0 times
  0:01:40.122   502M / 4349M INFO   Simplification           (parallel_processing.hpp   : 168)   Running Low coverage edge remover
  0:01:40.122   502M / 4349M INFO   Simplification           (parallel_processing.hpp   : 171)   Low coverage edge remover triggered 0 times
  0:01:40.122   502M / 4349M INFO    General                 (simplification.cpp        : 402)   PROCEDURE == Simplification cycle, iteration 6
  0:01:40.122   502M / 4349M INFO   Simplification           (parallel_processing.hpp   : 168)   Running Tip clipper
  0:01:40.122   502M / 4349M INFO   Simplification           (parallel_processing.hpp   : 171)   Tip clipper triggered 0 times
  0:01:40.122   502M / 4349M INFO   Simplification           (parallel_processing.hpp   : 168)   Running Bulge remover
  0:01:40.122   502M / 4349M INFO   Simplification           (parallel_processing.hpp   : 171)   Bulge remover triggered 0 times
  0:01:40.122   502M / 4349M INFO   Simplification           (parallel_processing.hpp   : 168)   Running Low coverage edge remover
  0:01:40.122   502M / 4349M INFO   Simplification           (parallel_processing.hpp   : 171)   Low coverage edge remover triggered 0 times
  0:01:40.166   489M / 4349M INFO   StageManager             (stage.cpp                 : 210)   STAGE == Simplification Cleanup (id: simplification_cleanup)
  0:01:40.166   489M / 4349M INFO    General                 (simplification.cpp        : 189)   PROCEDURE == Post simplification
  0:01:40.166   489M / 4349M INFO    General                 (graph_simplification.hpp  : 646)   Creating parallel br instance
  0:01:40.166   489M / 4349M INFO   Simplification           (parallel_processing.hpp   : 168)   Running Relative coverage component remover
  0:01:40.626   489M / 4349M INFO   Simplification           (parallel_processing.hpp   : 171)   Relative coverage component remover triggered 3091 times
  0:01:40.626   489M / 4349M INFO   Simplification           (parallel_processing.hpp   : 168)   Running Disconnecting edges with relatively low coverage
  0:01:40.723   489M / 4349M INFO   Simplification           (parallel_processing.hpp   : 171)   Disconnecting edges with relatively low coverage triggered 566 times
  0:01:40.723   489M / 4349M INFO   Simplification           (parallel_processing.hpp   : 168)   Running Complex tip clipper
  0:01:40.784   489M / 4349M INFO   Simplification           (parallel_processing.hpp   : 171)   Complex tip clipper triggered 90 times
  0:01:40.785   489M / 4349M INFO   Simplification           (parallel_processing.hpp   : 168)   Running Complex bulge remover
  0:01:41.828   489M / 4349M INFO   Simplification           (parallel_processing.hpp   : 171)   Complex bulge remover triggered 213 times
  0:01:41.828   489M / 4349M INFO   Simplification           (parallel_processing.hpp   : 168)   Running Tip clipper
  0:01:41.865   489M / 4349M INFO   Simplification           (parallel_processing.hpp   : 171)   Tip clipper triggered 429 times
  0:01:41.865   489M / 4349M INFO   Simplification           (parallel_processing.hpp   : 168)   Running Final tip clipper
  0:01:41.934   490M / 4349M INFO   Simplification           (parallel_processing.hpp   : 171)   Final tip clipper triggered 2625 times
  0:01:41.934   490M / 4349M INFO   Simplification           (parallel_processing.hpp   : 168)   Running Bulge remover
  0:01:42.061   491M / 4349M INFO   Simplification           (parallel_processing.hpp   : 171)   Bulge remover triggered 112 times
  0:01:42.061   491M / 4349M INFO   Simplification           (parallel_processing.hpp   : 168)   Running Thorn remover (meta)
  0:01:42.143   491M / 4349M INFO   Simplification           (parallel_processing.hpp   : 171)   Thorn remover (meta) triggered 2 times
  0:01:42.143   491M / 4349M INFO   Simplification           (parallel_processing.hpp   : 168)   Running Relative coverage component remover
  0:01:42.538   491M / 4349M INFO   Simplification           (parallel_processing.hpp   : 171)   Relative coverage component remover triggered 14 times
  0:01:42.538   491M / 4349M INFO   Simplification           (parallel_processing.hpp   : 168)   Running Disconnecting edges with relatively low coverage
  0:01:42.615   491M / 4349M INFO   Simplification           (parallel_processing.hpp   : 171)   Disconnecting edges with relatively low coverage triggered 34 times
  0:01:42.615   491M / 4349M INFO   Simplification           (parallel_processing.hpp   : 168)   Running Complex tip clipper
  0:01:42.673   491M / 4349M INFO   Simplification           (parallel_processing.hpp   : 171)   Complex tip clipper triggered 6 times
  0:01:42.673   491M / 4349M INFO   Simplification           (parallel_processing.hpp   : 168)   Running Complex bulge remover
  0:01:43.679   490M / 4349M INFO   Simplification           (parallel_processing.hpp   : 171)   Complex bulge remover triggered 6 times
  0:01:43.680   490M / 4349M INFO   Simplification           (parallel_processing.hpp   : 168)   Running Tip clipper
  0:01:43.713   490M / 4349M INFO   Simplification           (parallel_processing.hpp   : 171)   Tip clipper triggered 31 times
  0:01:43.713   490M / 4349M INFO   Simplification           (parallel_processing.hpp   : 168)   Running Final tip clipper
  0:01:43.746   490M / 4349M INFO   Simplification           (parallel_processing.hpp   : 171)   Final tip clipper triggered 17 times
  0:01:43.746   490M / 4349M INFO   Simplification           (parallel_processing.hpp   : 168)   Running Bulge remover
  0:01:43.860   491M / 4349M INFO   Simplification           (parallel_processing.hpp   : 171)   Bulge remover triggered 5 times
  0:01:43.860   491M / 4349M INFO   Simplification           (parallel_processing.hpp   : 168)   Running Thorn remover (meta)
  0:01:43.935   491M / 4349M INFO   Simplification           (parallel_processing.hpp   : 171)   Thorn remover (meta) triggered 0 times
  0:01:43.935   491M / 4349M INFO   Simplification           (parallel_processing.hpp   : 168)   Running Relative coverage component remover
  0:01:44.316   491M / 4349M INFO   Simplification           (parallel_processing.hpp   : 171)   Relative coverage component remover triggered 1 times
  0:01:44.316   491M / 4349M INFO   Simplification           (parallel_processing.hpp   : 168)   Running Disconnecting edges with relatively low coverage
  0:01:44.317   491M / 4349M INFO   Simplification           (parallel_processing.hpp   : 171)   Disconnecting edges with relatively low coverage triggered 0 times
  0:01:44.317   491M / 4349M INFO   Simplification           (parallel_processing.hpp   : 168)   Running Complex tip clipper
  0:01:44.372   491M / 4349M INFO   Simplification           (parallel_processing.hpp   : 171)   Complex tip clipper triggered 0 times
  0:01:44.373   491M / 4349M INFO   Simplification           (parallel_processing.hpp   : 168)   Running Complex bulge remover
  0:01:45.396   491M / 4349M INFO   Simplification           (parallel_processing.hpp   : 171)   Complex bulge remover triggered 0 times
  0:01:45.396   491M / 4349M INFO   Simplification           (parallel_processing.hpp   : 168)   Running Tip clipper
  0:01:45.396   491M / 4349M INFO   Simplification           (parallel_processing.hpp   : 171)   Tip clipper triggered 0 times
  0:01:45.396   491M / 4349M INFO   Simplification           (parallel_processing.hpp   : 168)   Running Final tip clipper
  0:01:45.396   491M / 4349M INFO   Simplification           (parallel_processing.hpp   : 171)   Final tip clipper triggered 0 times
  0:01:45.396   491M / 4349M INFO   Simplification           (parallel_processing.hpp   : 168)   Running Bulge remover
  0:01:45.396   491M / 4349M INFO   Simplification           (parallel_processing.hpp   : 171)   Bulge remover triggered 0 times
  0:01:45.396   491M / 4349M INFO   Simplification           (parallel_processing.hpp   : 168)   Running Thorn remover (meta)
  0:01:45.396   491M / 4349M INFO   Simplification           (parallel_processing.hpp   : 171)   Thorn remover (meta) triggered 0 times
  0:01:45.396   491M / 4349M INFO   Simplification           (parallel_processing.hpp   : 168)   Running Relative coverage component remover
  0:01:45.762   491M / 4349M INFO   Simplification           (parallel_processing.hpp   : 171)   Relative coverage component remover triggered 0 times
  0:01:45.762   491M / 4349M INFO   Simplification           (parallel_processing.hpp   : 168)   Running Disconnecting edges with relatively low coverage
  0:01:45.762   491M / 4349M INFO   Simplification           (parallel_processing.hpp   : 171)   Disconnecting edges with relatively low coverage triggered 0 times
  0:01:45.762   491M / 4349M INFO   Simplification           (parallel_processing.hpp   : 168)   Running Complex tip clipper
  0:01:45.811   491M / 4349M INFO   Simplification           (parallel_processing.hpp   : 171)   Complex tip clipper triggered 0 times
  0:01:45.811   491M / 4349M INFO   Simplification           (parallel_processing.hpp   : 168)   Running Complex bulge remover
  0:01:46.825   491M / 4349M INFO   Simplification           (parallel_processing.hpp   : 171)   Complex bulge remover triggered 0 times
  0:01:46.825   491M / 4349M INFO   Simplification           (parallel_processing.hpp   : 168)   Running Tip clipper
  0:01:46.825   491M / 4349M INFO   Simplification           (parallel_processing.hpp   : 171)   Tip clipper triggered 0 times
  0:01:46.825   491M / 4349M INFO   Simplification           (parallel_processing.hpp   : 168)   Running Final tip clipper
  0:01:46.825   491M / 4349M INFO   Simplification           (parallel_processing.hpp   : 171)   Final tip clipper triggered 0 times
  0:01:46.825   491M / 4349M INFO   Simplification           (parallel_processing.hpp   : 168)   Running Bulge remover
  0:01:46.825   491M / 4349M INFO   Simplification           (parallel_processing.hpp   : 171)   Bulge remover triggered 0 times
  0:01:46.825   491M / 4349M INFO   Simplification           (parallel_processing.hpp   : 168)   Running Thorn remover (meta)
  0:01:46.825   491M / 4349M INFO   Simplification           (parallel_processing.hpp   : 171)   Thorn remover (meta) triggered 0 times
  0:01:46.825   491M / 4349M INFO    General                 (simplification.cpp        : 344)   Running Hidden EC remover (meta)
  0:01:46.879   490M / 4349M INFO    General                 (simplification.cpp        : 348)   Disrupting self-conjugate edges
  0:01:47.016   491M / 4349M INFO   Simplification           (parallel_processing.hpp   : 168)   Running Removing isolated edges
  0:01:47.053   490M / 4349M INFO   Simplification           (parallel_processing.hpp   : 171)   Removing isolated edges triggered 1510 times
  0:01:47.079   489M / 4349M INFO    General                 (simplification.cpp        : 508)   After simplification:
  0:01:47.079   489M / 4349M INFO    General                 (simplification.cpp        : 509)     Average coverage = 4.86168
  0:01:47.105   489M / 4349M INFO    General                 (simplification.cpp        : 510)     Total length = 91743476
  0:01:47.149   489M / 4349M INFO    General                 (simplification.cpp        : 511)     Median edge length: 819
  0:01:47.149   489M / 4349M INFO    General                 (simplification.cpp        : 512)     Edges: 435721
  0:01:47.149   489M / 4349M INFO    General                 (simplification.cpp        : 513)     Vertices: 634990
  0:01:47.149   489M / 4349M INFO   StageManager             (stage.cpp                 : 210)   STAGE == Contig Output (id: contig_output)
  0:01:47.149   489M / 4349M INFO    General                 (read_converter.cpp        : 135)   Outputting contigs to "${ARTICLE30_WORK_DIR}/assemblies/metaspades-single-MOCK2/K21/simplified_contigs"
  0:01:47.153   492M / 4349M INFO    General                 (binary_converter.cpp      : 127)   16384 reads processed
  0:01:47.157   492M / 4349M INFO    General                 (binary_converter.cpp      : 127)   32768 reads processed
  0:01:47.166   492M / 4349M INFO    General                 (binary_converter.cpp      : 127)   65536 reads processed
  0:01:47.193   492M / 4349M INFO    General                 (binary_converter.cpp      : 127)   131072 reads processed
  0:01:47.243   492M / 4349M INFO    General                 (binary_converter.cpp      : 143)   217977 reads written
  0:01:47.247   489M / 4349M INFO    General                 (pipeline.cpp              : 305)   SPAdes finished
  0:01:47.483     1M / 4349M INFO    General                 (main.cpp                  : 131)   Assembling time: 0 hours 1 minutes 47 seconds

===== K21 finished. 


===== K33 started. 


== Running: ${HOME}/miniconda3/envs/metagenome-assembly-2026.07/bin/spades-core ${ARTICLE30_WORK_DIR}/assemblies/metaspades-single-MOCK2/K33/configs/config.info ${ARTICLE30_WORK_DIR}/assemblies/metaspades-single-MOCK2/K33/configs/mda_mode.info ${ARTICLE30_WORK_DIR}/assemblies/metaspades-single-MOCK2/K33/configs/meta_mode.info

  0:00:00.000     1M / 17M   INFO    General                 (main.cpp                  :  94)   Loaded config from "${ARTICLE30_WORK_DIR}/assemblies/metaspades-single-MOCK2/K33/configs/config.info"
  0:00:00.001     1M / 17M   INFO    General                 (main.cpp                  :  94)   Loaded config from "${ARTICLE30_WORK_DIR}/assemblies/metaspades-single-MOCK2/K33/configs/mda_mode.info"
  0:00:00.001     1M / 17M   INFO    General                 (main.cpp                  :  94)   Loaded config from "${ARTICLE30_WORK_DIR}/assemblies/metaspades-single-MOCK2/K33/configs/meta_mode.info"
  0:00:00.001     1M / 17M   INFO    General                 (memory_limit.cpp          :  55)   Memory limit set to 64 Gb
  0:00:00.001     1M / 17M   INFO    General                 (main.cpp                  : 102)   Starting SPAdes, built from N/A, git revision N/A
  0:00:00.001     1M / 17M   INFO    General                 (main.cpp                  : 103)   Maximum k-mer length: 128
  0:00:00.001     1M / 17M   INFO    General                 (main.cpp                  : 104)   Assembling dataset ("${ARTICLE30_WORK_DIR}/assemblies/metaspades-single-MOCK2/dataset.info") with K=33
  0:00:00.001     1M / 17M   INFO    General                 (main.cpp                  : 105)   Maximum # of threads to use (adjusted due to OMP capabilities): 16
  0:00:00.001     1M / 17M   INFO    General                 (pipeline.cpp              : 221)   SPAdes started
  0:00:00.001     1M / 17M   INFO    General                 (pipeline.cpp              : 234)   Starting from stage: read_conversion
  0:00:00.001     1M / 17M   INFO    General                 (pipeline.cpp              : 245)   Two-step repeat resolution disabled
  0:00:00.001     1M / 17M   INFO   GraphCore                (graph_core.hpp            : 582)   Graph created, vertex min_id: 3, edge min_id: 3
  0:00:00.001     1M / 17M   INFO   GraphCore                (graph_core.hpp            : 583)   Vertex size: 48, edge size: 40
  0:00:00.001     1M / 17M   INFO    General                 (edge_index.hpp            : 132)   Size of edge index entries: 12/8
  0:00:00.001     1M / 17M   INFO   StageManager             (stage.cpp                 : 210)   STAGE == Binary Read Conversion (id: read_conversion)
  0:00:00.003     1M / 17M   INFO    General                 (read_converter.cpp        :  57)   Binary reads detected
  0:00:00.019     1M / 17M   INFO   StageManager             (stage.cpp                 : 210)   STAGE == de Bruijn graph construction (id: construction)
  0:00:00.019     1M / 17M   INFO    General                 (construction.cpp          : 115)   Contigs from previous K will be used: ${ARTICLE30_WORK_DIR}/assemblies/metaspades-single-MOCK2/K21/simplified_contigs
  0:00:00.020     1M / 17M   INFO    General                 (construction.cpp          : 150)   Max read length 150
  0:00:00.020     1M / 17M   INFO    General                 (construction.cpp          : 156)   Average read length 148.766
  0:00:00.020     1M / 17M   INFO    General                 (stage.cpp                 : 120)   PROCEDURE == k+1-mer counting (id: construction:kpomer_counting)
  0:00:00.020     1M / 17M   INFO    General                 (kmer_index_builder.hpp    : 308)   Splitting kmer instances into 160 files using 16 threads. This might take a while.
  0:00:00.025     1M / 17M   INFO    General                 (file_limit.hpp            :  43)   Open file limit set to 1048576
  0:00:00.025     1M / 17M   INFO    General                 (kmer_splitter.hpp         :  96)   Memory available for splitting buffers: 1.33332 Gb
  0:00:00.025     1M / 17M   INFO    General                 (kmer_splitter.hpp         : 104)   Using cell size of 209715
mimalloc: warning: thread 0x73a152a00640: unable to allocate aligned OS memory directly, fall back to over-allocation (67108864 bytes, address: 0x73a147e00000, alignment: 67108864, commit: 1)
mimalloc: warning: thread 0x73a14e400640: unable to allocate aligned OS memory directly, fall back to over-allocation (67108864 bytes, address: 0x73a147e00000, alignment: 67108864, commit: 1)
mimalloc: warning: thread 0x73a153400640: unable to allocate aligned OS memory directly, fall back to over-allocation (67108864 bytes, address: 0x73a147e00000, alignment: 67108864, commit: 1)
  0:00:06.104  9602M / 9602M INFO    General                 (kmer_splitters.hpp        : 128)   Processed 8334385 reads
  0:00:06.968  9602M / 9602M INFO    General                 (kmer_splitters.hpp        : 128)   Processed 8435506 reads
  0:00:06.971     2M / 8811M INFO    General                 (kmer_splitters.hpp        : 134)   Used 8435506 reads
  0:00:07.218     2M / 8811M INFO    General                 (kmer_index_builder.hpp    : 314)   Starting k-mer counting.
  0:00:07.750     2M / 8811M INFO    General                 (kmer_index_builder.hpp    : 325)   K-mer counting done. There are 159309918 kmers in total.
  0:00:07.751     1M / 8811M INFO    General                 (stage.cpp                 : 120)   PROCEDURE == Extension index construction (id: construction:extension_index_construction)
  0:00:07.753     2M / 8811M INFO   K-mer Index Building     (kmer_index_builder.hpp    : 503)   Building kmer index
  0:00:07.753     2M / 8811M INFO    General                 (kmer_index_builder.hpp    : 308)   Splitting kmer instances into 160 files using 16 threads. This might take a while.
  0:00:07.756     2M / 8811M INFO    General                 (file_limit.hpp            :  43)   Open file limit set to 1048576
  0:00:07.756     2M / 8811M INFO    General                 (kmer_splitter.hpp         :  96)   Memory available for splitting buffers: 1.3333 Gb
  0:00:07.756     2M / 8811M INFO    General                 (kmer_splitter.hpp         : 104)   Using cell size of 209715
  0:00:08.240  9602M / 9602M INFO    General                 (kmer_splitters.hpp        : 197)   Processed 10746271 kmers
  0:00:08.861  9602M / 9602M INFO    General                 (kmer_splitters.hpp        : 197)   Processed 26500248 kmers
  0:00:09.481  9602M / 9602M INFO    General                 (kmer_splitters.hpp        : 197)   Processed 42450162 kmers
  0:00:10.109  9602M / 9602M INFO    General                 (kmer_splitters.hpp        : 197)   Processed 58392372 kmers
  0:00:10.722  9602M / 9602M INFO    General                 (kmer_splitters.hpp        : 197)   Processed 74321564 kmers
  0:00:11.340  9602M / 9602M INFO    General                 (kmer_splitters.hpp        : 197)   Processed 90269081 kmers
  0:00:11.973  9602M / 9602M INFO    General                 (kmer_splitters.hpp        : 197)   Processed 106191012 kmers
  0:00:12.580  9602M / 9602M INFO    General                 (kmer_splitters.hpp        : 197)   Processed 122110426 kmers
  0:00:13.206  9602M / 9602M INFO    General                 (kmer_splitters.hpp        : 197)   Processed 138033028 kmers
  0:00:13.835  9602M / 9602M INFO    General                 (kmer_splitters.hpp        : 197)   Processed 153948967 kmers
  0:00:14.044  9602M / 9602M INFO    General                 (kmer_splitters.hpp        : 197)   Processed 159310798 kmers
  0:00:14.045  9602M / 9602M INFO    General                 (kmer_splitters.hpp        : 202)   Used 159310798 kmers.
  0:00:14.046     2M / 8811M INFO    General                 (kmer_index_builder.hpp    : 314)   Starting k-mer counting.
  0:00:15.176     2M / 8811M INFO    General                 (kmer_index_builder.hpp    : 325)   K-mer counting done. There are 159154053 kmers in total.
  0:00:15.177     2M / 8811M INFO   K-mer Index Building     (kmer_index_builder.hpp    : 460)   Building perfect hash indices
  0:00:17.312   114M / 8811M INFO   K-mer Index Building     (kmer_index_builder.hpp    : 496)   Index built. Total 159154053 kmers, 115070040 bytes occupied (5.78408 bits per kmer).
  0:00:17.312   114M / 8811M INFO    General                 (kmer_index_builder.hpp    : 191)   Merging final buckets.
  0:00:31.595   266M / 8811M INFO   DeBruijnExtensionIndexBu (kmer_extension_index_build: 101)   Building k-mer extensions from k+1-mers
  0:00:40.101   266M / 8811M INFO   DeBruijnExtensionIndexBu (kmer_extension_index_build: 106)   Building k-mer extensions from k+1-mers finished.
  0:00:40.236   265M / 8811M INFO    General                 (stage.cpp                 : 120)   PROCEDURE == Early tip clipping (id: construction:early_tip_clipper)
  0:00:40.237   265M / 8811M INFO    General                 (construction.cpp          : 298)   Early tip clipper length bound set as (RL - K)
  0:00:40.237   265M / 8811M INFO   Early tip clipping       (early_simplification.hpp  :  48)   Early tip clipping
  0:00:46.157   346M / 8811M INFO   Early tip clipping       (early_simplification.hpp  :  83)   #tipped junctions: 795163
  0:00:46.208   346M / 8811M INFO   Early tip clipping       (early_simplification.hpp  :  94)   Clipped tips: 797966
  0:00:46.331   265M / 8811M INFO   Early tip clipping       (early_simplification.hpp  :  50)   21199340 34-mers were removed by early tip clipper
  0:00:46.331   265M / 8811M INFO    General                 (stage.cpp                 : 120)   PROCEDURE == Condensing graph (id: construction:graph_condensing)
  0:00:46.333   266M / 8811M INFO   UnbranchingPathExtractor (debruijn_graph_constructor: 324)   Extracting unbranching paths
  0:00:55.466   358M / 8811M INFO   UnbranchingPathExtractor (debruijn_graph_constructor: 348)   Extracting unbranching paths finished. 1862816 sequences extracted
  0:01:00.127   358M / 8811M INFO   UnbranchingPathExtractor (debruijn_graph_constructor: 362)   Collecting perfect loops
  0:01:01.295   359M / 8811M INFO   UnbranchingPathExtractor (debruijn_graph_constructor: 395)   Collecting perfect loops finished. 144 loops collected
  0:01:01.518   358M / 8811M INFO   DeBruijnGraphConstructor (debruijn_graph_constructor: 597)   Sorting edges...
  0:01:01.586   358M / 8811M INFO   DeBruijnGraphConstructor (debruijn_graph_constructor: 602)   Edges sorted
  0:01:01.586   358M / 8811M INFO    General                 (debruijn_graph_constructor: 511)   Total 3725920 edges to create
  0:01:01.586   502M / 8811M INFO    General                 (debruijn_graph_constructor: 514)   Collecting link records
  0:01:03.577   562M / 8811M INFO    General                 (debruijn_graph_constructor: 521)   Total short graph edges: 848888
  0:01:03.577   562M / 8811M INFO    General                 (debruijn_graph_constructor: 523)   Ordering link records
  0:01:03.619   562M / 8811M INFO    General                 (debruijn_graph_constructor: 529)   Sorting done
  0:01:03.649   578M / 8811M INFO    General                 (debruijn_graph_constructor: 542)   Sorting LinkRecords...
  0:01:03.677   578M / 8811M INFO    General                 (debruijn_graph_constructor: 548)   LinkRecords sorted
  0:01:03.677   578M / 8811M INFO    General                 (debruijn_graph_constructor: 550)   Total 1707095 vertices to create
  0:01:03.677   739M / 8811M INFO    General                 (debruijn_graph_constructor: 553)   Connecting the graph
  0:01:06.735   634M / 8811M INFO    General                 (stage.cpp                 : 120)   PROCEDURE == Filling coverage indices (PHM) (id: construction:coverage_filling_phm)
  0:01:06.735   634M / 8811M INFO   K-mer Index Building     (kmer_index_builder.hpp    : 460)   Building perfect hash indices
  0:01:08.864   746M / 8811M INFO   K-mer Index Building     (kmer_index_builder.hpp    : 496)   Index built. Total 159309918 kmers, 115182608 bytes occupied (5.78408 bits per kmer).
  0:01:09.291  1354M / 8811M INFO    General                 (coverage_hash_map_builder.:  49)   Collecting k-mer coverage information from reads, this takes a while.
  0:01:21.798  1354M / 8811M INFO    General                 (construction.cpp          : 400)   Filling coverage and flanking coverage from PHM
  0:01:29.565  1354M / 8811M INFO    General                 (coverage_filling.hpp      :  83)   Processed 3725801 edges
  0:01:30.945   369M / 8811M INFO   StageManager             (stage.cpp                 : 210)   STAGE == Raw Simplification (id: raw_simplification)
  0:01:30.948   369M / 8811M INFO    General                 (simplification.cpp        : 129)   PROCEDURE == Initial cleaning
  0:01:30.948   369M / 8811M INFO    General                 (graph_simplification.hpp  : 674)   Flanking coverage based disconnection disabled
  0:01:30.948   369M / 8811M INFO   Simplification           (parallel_processing.hpp   : 168)   Running Self conjugate edge remover
  0:01:31.017   369M / 8811M INFO   Simplification           (parallel_processing.hpp   : 171)   Self conjugate edge remover triggered 27 times
  0:01:31.017   369M / 8811M INFO   Simplification           (parallel_processing.hpp   : 168)   Running Initial tip clipper
  0:01:31.183   369M / 8811M INFO   Simplification           (parallel_processing.hpp   : 171)   Initial tip clipper triggered 7722 times
  0:01:31.183   369M / 8811M INFO   Simplification           (parallel_processing.hpp   : 168)   Running Initial ec remover
  0:01:36.140   396M / 8811M INFO   Simplification           (parallel_processing.hpp   : 171)   Initial ec remover triggered 394456 times
  0:01:36.144   396M / 8811M INFO   Simplification           (parallel_processing.hpp   : 168)   Running Initial isolated edge remover
  0:01:36.430   390M / 8811M INFO   Simplification           (parallel_processing.hpp   : 171)   Initial isolated edge remover triggered 202439 times
  0:01:36.431   340M / 8811M INFO   StageManager             (stage.cpp                 : 210)   STAGE == Simplification (id: simplification)
  0:01:36.431   340M / 8811M INFO    General                 (simplification.cpp        : 397)   Graph simplification started
  0:01:36.431   340M / 8811M INFO    General                 (graph_simplification.hpp  : 646)   Creating parallel br instance
  0:01:36.431   340M / 8811M INFO    General                 (simplification.cpp        : 402)   PROCEDURE == Simplification cycle, iteration 1
  0:01:36.431   340M / 8811M INFO   Simplification           (parallel_processing.hpp   : 168)   Running Tip clipper
  0:01:36.521   340M / 8811M INFO   Simplification           (parallel_processing.hpp   : 171)   Tip clipper triggered 5783 times
  0:01:36.522   340M / 8811M INFO   Simplification           (parallel_processing.hpp   : 168)   Running Bulge remover
  0:01:39.003   340M / 8811M INFO   Simplification           (parallel_processing.hpp   : 171)   Bulge remover triggered 95625 times
  0:01:39.007   340M / 8811M INFO   Simplification           (parallel_processing.hpp   : 168)   Running Low coverage edge remover
  0:01:39.037   340M / 8811M INFO   Simplification           (parallel_processing.hpp   : 171)   Low coverage edge remover triggered 12 times
  0:01:39.037   340M / 8811M INFO    General                 (simplification.cpp        : 402)   PROCEDURE == Simplification cycle, iteration 2
  0:01:39.037   340M / 8811M INFO   Simplification           (parallel_processing.hpp   : 168)   Running Tip clipper
  0:01:39.062   340M / 8811M INFO   Simplification           (parallel_processing.hpp   : 171)   Tip clipper triggered 426 times
  0:01:39.062   340M / 8811M INFO   Simplification           (parallel_processing.hpp   : 168)   Running Bulge remover
  0:01:39.063   339M / 8811M INFO   Simplification           (parallel_processing.hpp   : 171)   Bulge remover triggered 6 times
  0:01:39.063   339M / 8811M INFO   Simplification           (parallel_processing.hpp   : 168)   Running Low coverage edge remover
  0:01:39.077   339M / 8811M INFO   Simplification           (parallel_processing.hpp   : 171)   Low coverage edge remover triggered 579 times
  0:01:39.078   339M / 8811M INFO    General                 (simplification.cpp        : 402)   PROCEDURE == Simplification cycle, iteration 3
  0:01:39.078   339M / 8811M INFO   Simplification           (parallel_processing.hpp   : 168)   Running Tip clipper
  0:01:39.078   339M / 8811M INFO   Simplification           (parallel_processing.hpp   : 171)   Tip clipper triggered 24 times
  0:01:39.078   339M / 8811M INFO   Simplification           (parallel_processing.hpp   : 168)   Running Bulge remover
  0:01:39.084   339M / 8811M INFO   Simplification           (parallel_processing.hpp   : 171)   Bulge remover triggered 89 times
  0:01:39.084   339M / 8811M INFO   Simplification           (parallel_processing.hpp   : 168)   Running Low coverage edge remover
  0:01:39.100   339M / 8811M INFO   Simplification           (parallel_processing.hpp   : 171)   Low coverage edge remover triggered 930 times
  0:01:39.100   339M / 8811M INFO    General                 (simplification.cpp        : 402)   PROCEDURE == Simplification cycle, iteration 4
  0:01:39.100   339M / 8811M INFO   Simplification           (parallel_processing.hpp   : 168)   Running Tip clipper
  0:01:39.127   339M / 8811M INFO   Simplification           (parallel_processing.hpp   : 171)   Tip clipper triggered 26 times
  0:01:39.127   339M / 8811M INFO   Simplification           (parallel_processing.hpp   : 168)   Running Bulge remover
  0:01:39.174   339M / 8811M INFO   Simplification           (parallel_processing.hpp   : 171)   Bulge remover triggered 97 times
  0:01:39.174   339M / 8811M INFO   Simplification           (parallel_processing.hpp   : 168)   Running Low coverage edge remover
  0:01:39.202   339M / 8811M INFO   Simplification           (parallel_processing.hpp   : 171)   Low coverage edge remover triggered 0 times
  0:01:39.202   339M / 8811M INFO    General                 (simplification.cpp        : 402)   PROCEDURE == Simplification cycle, iteration 5
  0:01:39.202   339M / 8811M INFO   Simplification           (parallel_processing.hpp   : 168)   Running Tip clipper
  0:01:39.202   339M / 8811M INFO   Simplification           (parallel_processing.hpp   : 171)   Tip clipper triggered 1 times
  0:01:39.202   339M / 8811M INFO   Simplification           (parallel_processing.hpp   : 168)   Running Bulge remover
  0:01:39.202   339M / 8811M INFO   Simplification           (parallel_processing.hpp   : 171)   Bulge remover triggered 0 times
  0:01:39.202   339M / 8811M INFO   Simplification           (parallel_processing.hpp   : 168)   Running Low coverage edge remover
  0:01:39.202   339M / 8811M INFO   Simplification           (parallel_processing.hpp   : 171)   Low coverage edge remover triggered 0 times
  0:01:39.202   339M / 8811M INFO    General                 (simplification.cpp        : 402)   PROCEDURE == Simplification cycle, iteration 6
  0:01:39.203   339M / 8811M INFO   Simplification           (parallel_processing.hpp   : 168)   Running Tip clipper
  0:01:39.203   339M / 8811M INFO   Simplification           (parallel_processing.hpp   : 171)   Tip clipper triggered 0 times
  0:01:39.203   339M / 8811M INFO   Simplification           (parallel_processing.hpp   : 168)   Running Bulge remover
  0:01:39.203   339M / 8811M INFO   Simplification           (parallel_processing.hpp   : 171)   Bulge remover triggered 0 times
  0:01:39.203   339M / 8811M INFO   Simplification           (parallel_processing.hpp   : 168)   Running Low coverage edge remover
  0:01:39.203   339M / 8811M INFO   Simplification           (parallel_processing.hpp   : 171)   Low coverage edge remover triggered 0 times
  0:01:39.234   333M / 8811M INFO   StageManager             (stage.cpp                 : 210)   STAGE == Simplification Cleanup (id: simplification_cleanup)
  0:01:39.234   333M / 8811M INFO    General                 (simplification.cpp        : 189)   PROCEDURE == Post simplification
  0:01:39.234   333M / 8811M INFO    General                 (graph_simplification.hpp  : 646)   Creating parallel br instance
  0:01:39.235   333M / 8811M INFO   Simplification           (parallel_processing.hpp   : 168)   Running Relative coverage component remover
  0:01:39.384   333M / 8811M INFO   Simplification           (parallel_processing.hpp   : 171)   Relative coverage component remover triggered 601 times
  0:01:39.385   333M / 8811M INFO   Simplification           (parallel_processing.hpp   : 168)   Running Disconnecting edges with relatively low coverage
  0:01:39.418   333M / 8811M INFO   Simplification           (parallel_processing.hpp   : 171)   Disconnecting edges with relatively low coverage triggered 62 times
  0:01:39.418   333M / 8811M INFO   Simplification           (parallel_processing.hpp   : 168)   Running Complex tip clipper
  0:01:39.474   333M / 8811M INFO   Simplification           (parallel_processing.hpp   : 171)   Complex tip clipper triggered 8 times
  0:01:39.474   333M / 8811M INFO   Simplification           (parallel_processing.hpp   : 168)   Running Complex bulge remover
  0:01:40.467   333M / 8811M INFO   Simplification           (parallel_processing.hpp   : 171)   Complex bulge remover triggered 651 times
  0:01:40.467   333M / 8811M INFO   Simplification           (parallel_processing.hpp   : 168)   Running Tip clipper
  0:01:40.491   333M / 8811M INFO   Simplification           (parallel_processing.hpp   : 171)   Tip clipper triggered 40 times
  0:01:40.491   333M / 8811M INFO   Simplification           (parallel_processing.hpp   : 168)   Running Final tip clipper
  0:01:40.523   333M / 8811M INFO   Simplification           (parallel_processing.hpp   : 171)   Final tip clipper triggered 546 times
  0:01:40.523   333M / 8811M INFO   Simplification           (parallel_processing.hpp   : 168)   Running Bulge remover
  0:01:40.567   333M / 8811M INFO   Simplification           (parallel_processing.hpp   : 171)   Bulge remover triggered 43 times
  0:01:40.567   333M / 8811M INFO   Simplification           (parallel_processing.hpp   : 168)   Running Thorn remover (meta)
  0:01:40.599   333M / 8811M INFO   Simplification           (parallel_processing.hpp   : 171)   Thorn remover (meta) triggered 1 times
  0:01:40.599   333M / 8811M INFO   Simplification           (parallel_processing.hpp   : 168)   Running Relative coverage component remover
  0:01:40.708   333M / 8811M INFO   Simplification           (parallel_processing.hpp   : 171)   Relative coverage component remover triggered 6 times
  0:01:40.708   333M / 8811M INFO   Simplification           (parallel_processing.hpp   : 168)   Running Disconnecting edges with relatively low coverage
  0:01:40.737   333M / 8811M INFO   Simplification           (parallel_processing.hpp   : 171)   Disconnecting edges with relatively low coverage triggered 1 times
  0:01:40.737   333M / 8811M INFO   Simplification           (parallel_processing.hpp   : 168)   Running Complex tip clipper
  0:01:40.794   333M / 8811M INFO   Simplification           (parallel_processing.hpp   : 171)   Complex tip clipper triggered 0 times
  0:01:40.794   333M / 8811M INFO   Simplification           (parallel_processing.hpp   : 168)   Running Complex bulge remover
  0:01:41.753   333M / 8811M INFO   Simplification           (parallel_processing.hpp   : 171)   Complex bulge remover triggered 2 times
  0:01:41.753   333M / 8811M INFO   Simplification           (parallel_processing.hpp   : 168)   Running Tip clipper
  0:01:41.776   333M / 8811M INFO   Simplification           (parallel_processing.hpp   : 171)   Tip clipper triggered 4 times
  0:01:41.776   333M / 8811M INFO   Simplification           (parallel_processing.hpp   : 168)   Running Final tip clipper
  0:01:41.799   333M / 8811M INFO   Simplification           (parallel_processing.hpp   : 171)   Final tip clipper triggered 0 times
  0:01:41.799   333M / 8811M INFO   Simplification           (parallel_processing.hpp   : 168)   Running Bulge remover
  0:01:41.840   333M / 8811M INFO   Simplification           (parallel_processing.hpp   : 171)   Bulge remover triggered 0 times
  0:01:41.840   333M / 8811M INFO   Simplification           (parallel_processing.hpp   : 168)   Running Thorn remover (meta)
  0:01:41.871   333M / 8811M INFO   Simplification           (parallel_processing.hpp   : 171)   Thorn remover (meta) triggered 0 times
  0:01:41.871   333M / 8811M INFO   Simplification           (parallel_processing.hpp   : 168)   Running Relative coverage component remover
  0:01:41.979   333M / 8811M INFO   Simplification           (parallel_processing.hpp   : 171)   Relative coverage component remover triggered 0 times
  0:01:41.979   333M / 8811M INFO   Simplification           (parallel_processing.hpp   : 168)   Running Disconnecting edges with relatively low coverage
  0:01:41.979   333M / 8811M INFO   Simplification           (parallel_processing.hpp   : 171)   Disconnecting edges with relatively low coverage triggered 0 times
  0:01:41.979   333M / 8811M INFO   Simplification           (parallel_processing.hpp   : 168)   Running Complex tip clipper
  0:01:42.027   333M / 8811M INFO   Simplification           (parallel_processing.hpp   : 171)   Complex tip clipper triggered 0 times
  0:01:42.027   333M / 8811M INFO   Simplification           (parallel_processing.hpp   : 168)   Running Complex bulge remover
  0:01:42.961   333M / 8811M INFO   Simplification           (parallel_processing.hpp   : 171)   Complex bulge remover triggered 0 times
  0:01:42.961   333M / 8811M INFO   Simplification           (parallel_processing.hpp   : 168)   Running Tip clipper
  0:01:42.961   333M / 8811M INFO   Simplification           (parallel_processing.hpp   : 171)   Tip clipper triggered 0 times
  0:01:42.961   333M / 8811M INFO   Simplification           (parallel_processing.hpp   : 168)   Running Final tip clipper
  0:01:42.961   333M / 8811M INFO   Simplification           (parallel_processing.hpp   : 171)   Final tip clipper triggered 0 times
  0:01:42.961   333M / 8811M INFO   Simplification           (parallel_processing.hpp   : 168)   Running Bulge remover
  0:01:42.961   333M / 8811M INFO   Simplification           (parallel_processing.hpp   : 171)   Bulge remover triggered 0 times
  0:01:42.961   333M / 8811M INFO   Simplification           (parallel_processing.hpp   : 168)   Running Thorn remover (meta)
  0:01:42.961   333M / 8811M INFO   Simplification           (parallel_processing.hpp   : 171)   Thorn remover (meta) triggered 0 times
  0:01:42.961   333M / 8811M INFO    General                 (simplification.cpp        : 344)   Running Hidden EC remover (meta)
  0:01:42.981   333M / 8811M INFO    General                 (simplification.cpp        : 348)   Disrupting self-conjugate edges
  0:01:43.064   333M / 8811M INFO   Simplification           (parallel_processing.hpp   : 168)   Running Removing isolated edges
  0:01:43.089   333M / 8811M INFO   Simplification           (parallel_processing.hpp   : 171)   Removing isolated edges triggered 1297 times
  0:01:43.103   333M / 8811M INFO    General                 (simplification.cpp        : 508)   After simplification:
  0:01:43.103   333M / 8811M INFO    General                 (simplification.cpp        : 509)     Average coverage = 4.25139
  0:01:43.115   333M / 8811M INFO    General                 (simplification.cpp        : 510)     Total length = 93724094
  0:01:43.139   333M / 8811M INFO    General                 (simplification.cpp        : 511)     Median edge length: 1200
  0:01:43.139   333M / 8811M INFO    General                 (simplification.cpp        : 512)     Edges: 333512
  0:01:43.139   333M / 8811M INFO    General                 (simplification.cpp        : 513)     Vertices: 600436
  0:01:43.139   333M / 8811M INFO   StageManager             (stage.cpp                 : 210)   STAGE == Contig Output (id: contig_output)
  0:01:43.139   333M / 8811M INFO    General                 (read_converter.cpp        : 135)   Outputting contigs to "${ARTICLE30_WORK_DIR}/assemblies/metaspades-single-MOCK2/K33/simplified_contigs"
  0:01:43.143   336M / 8811M INFO    General                 (binary_converter.cpp      : 127)   16384 reads processed
  0:01:43.147   336M / 8811M INFO    General                 (binary_converter.cpp      : 127)   32768 reads processed
  0:01:43.155   336M / 8811M INFO    General                 (binary_converter.cpp      : 127)   65536 reads processed
  0:01:43.198   336M / 8811M INFO    General                 (binary_converter.cpp      : 127)   131072 reads processed
  0:01:43.241   336M / 8811M INFO    General                 (binary_converter.cpp      : 143)   166774 reads written
  0:01:43.246   333M / 8811M INFO    General                 (pipeline.cpp              : 305)   SPAdes finished
  0:01:43.411     1M / 8811M INFO    General                 (main.cpp                  : 131)   Assembling time: 0 hours 1 minutes 43 seconds

===== K33 finished. 


===== K55 started. 


== Running: ${HOME}/miniconda3/envs/metagenome-assembly-2026.07/bin/spades-core ${ARTICLE30_WORK_DIR}/assemblies/metaspades-single-MOCK2/K55/configs/config.info ${ARTICLE30_WORK_DIR}/assemblies/metaspades-single-MOCK2/K55/configs/mda_mode.info ${ARTICLE30_WORK_DIR}/assemblies/metaspades-single-MOCK2/K55/configs/meta_mode.info

  0:00:00.000     1M / 17M   INFO    General                 (main.cpp                  :  94)   Loaded config from "${ARTICLE30_WORK_DIR}/assemblies/metaspades-single-MOCK2/K55/configs/config.info"
  0:00:00.001     1M / 17M   INFO    General                 (main.cpp                  :  94)   Loaded config from "${ARTICLE30_WORK_DIR}/assemblies/metaspades-single-MOCK2/K55/configs/mda_mode.info"
  0:00:00.001     1M / 17M   INFO    General                 (main.cpp                  :  94)   Loaded config from "${ARTICLE30_WORK_DIR}/assemblies/metaspades-single-MOCK2/K55/configs/meta_mode.info"
  0:00:00.001     1M / 17M   INFO    General                 (memory_limit.cpp          :  55)   Memory limit set to 64 Gb
  0:00:00.001     1M / 17M   INFO    General                 (main.cpp                  : 102)   Starting SPAdes, built from N/A, git revision N/A
  0:00:00.001     1M / 17M   INFO    General                 (main.cpp                  : 103)   Maximum k-mer length: 128
  0:00:00.001     1M / 17M   INFO    General                 (main.cpp                  : 104)   Assembling dataset ("${ARTICLE30_WORK_DIR}/assemblies/metaspades-single-MOCK2/dataset.info") with K=55
  0:00:00.001     1M / 17M   INFO    General                 (main.cpp                  : 105)   Maximum # of threads to use (adjusted due to OMP capabilities): 16
  0:00:00.001     1M / 17M   INFO    General                 (pipeline.cpp              : 221)   SPAdes started
  0:00:00.001     1M / 17M   INFO    General                 (pipeline.cpp              : 234)   Starting from stage: read_conversion
  0:00:00.001     1M / 17M   INFO    General                 (pipeline.cpp              : 245)   Two-step repeat resolution enabled
  0:00:00.001     1M / 17M   INFO   GraphCore                (graph_core.hpp            : 582)   Graph created, vertex min_id: 3, edge min_id: 3
  0:00:00.001     1M / 17M   INFO   GraphCore                (graph_core.hpp            : 583)   Vertex size: 48, edge size: 40
  0:00:00.001     1M / 17M   INFO    General                 (edge_index.hpp            : 132)   Size of edge index entries: 12/8
  0:00:00.001     1M / 17M   INFO    General                 (pipeline.cpp              : 256)   Will need read mapping, kmer mapper will be attached
  0:00:00.001     1M / 17M   INFO   StageManager             (stage.cpp                 : 210)   STAGE == Binary Read Conversion (id: read_conversion)
  0:00:00.002     1M / 17M   INFO    General                 (read_converter.cpp        :  57)   Binary reads detected
  0:00:00.015     1M / 17M   INFO   StageManager             (stage.cpp                 : 210)   STAGE == de Bruijn graph construction (id: construction)
  0:00:00.015     1M / 17M   INFO    General                 (construction.cpp          : 115)   Contigs from previous K will be used: ${ARTICLE30_WORK_DIR}/assemblies/metaspades-single-MOCK2/K33/simplified_contigs
  0:00:00.016     1M / 17M   INFO    General                 (construction.cpp          : 150)   Max read length 150
  0:00:00.016     1M / 17M   INFO    General                 (construction.cpp          : 156)   Average read length 148.766
  0:00:00.016     1M / 17M   INFO    General                 (stage.cpp                 : 120)   PROCEDURE == k+1-mer counting (id: construction:kpomer_counting)
  0:00:00.016     1M / 17M   INFO    General                 (kmer_index_builder.hpp    : 308)   Splitting kmer instances into 160 files using 16 threads. This might take a while.
  0:00:00.020     1M / 17M   INFO    General                 (file_limit.hpp            :  43)   Open file limit set to 1048576
  0:00:00.020     1M / 17M   INFO    General                 (kmer_splitter.hpp         :  96)   Memory available for splitting buffers: 1.33332 Gb
  0:00:00.020     1M / 17M   INFO    General                 (kmer_splitter.hpp         : 104)   Using cell size of 209715
mimalloc: warning: thread 0x72824b600640: unable to allocate aligned OS memory directly, fall back to over-allocation (67108864 bytes, address: 0x728240a00000, alignment: 67108864, commit: 1)
  0:00:05.550  9602M / 9602M INFO    General                 (kmer_splitters.hpp        : 128)   Processed 8312974 reads
  0:00:06.275  9602M / 9602M INFO    General                 (kmer_splitters.hpp        : 128)   Processed 8333100 reads
  0:00:06.277     2M / 7585M INFO    General                 (kmer_splitters.hpp        : 134)   Used 8333100 reads
  0:00:06.505     2M / 7585M INFO    General                 (kmer_index_builder.hpp    : 314)   Starting k-mer counting.
  0:00:07.019     2M / 7585M INFO    General                 (kmer_index_builder.hpp    : 325)   K-mer counting done. There are 156846096 kmers in total.
  0:00:07.019     1M / 7585M INFO    General                 (stage.cpp                 : 120)   PROCEDURE == Extension index construction (id: construction:extension_index_construction)
  0:00:07.021     2M / 7585M INFO   K-mer Index Building     (kmer_index_builder.hpp    : 503)   Building kmer index
  0:00:07.021     2M / 7585M INFO    General                 (kmer_index_builder.hpp    : 308)   Splitting kmer instances into 160 files using 16 threads. This might take a while.
  0:00:07.025     2M / 7585M INFO    General                 (file_limit.hpp            :  43)   Open file limit set to 1048576
  0:00:07.025     2M / 7585M INFO    General                 (kmer_splitter.hpp         :  96)   Memory available for splitting buffers: 1.3333 Gb
  0:00:07.025     2M / 7585M INFO    General                 (kmer_splitter.hpp         : 104)   Using cell size of 209715
  0:00:07.536  9602M / 9602M INFO    General                 (kmer_splitters.hpp        : 197)   Processed 11772106 kmers
  0:00:08.132  9602M / 9602M INFO    General                 (kmer_splitters.hpp        : 197)   Processed 27322631 kmers
  0:00:08.743  9602M / 9602M INFO    General                 (kmer_splitters.hpp        : 197)   Processed 43016694 kmers
  0:00:09.378  9602M / 9602M INFO    General                 (kmer_splitters.hpp        : 197)   Processed 58717348 kmers
  0:00:09.980  9602M / 9602M INFO    General                 (kmer_splitters.hpp        : 197)   Processed 74395951 kmers
  0:00:10.586  9602M / 9602M INFO    General                 (kmer_splitters.hpp        : 197)   Processed 90088565 kmers
  0:00:11.199  9602M / 9602M INFO    General                 (kmer_splitters.hpp        : 197)   Processed 105759385 kmers
  0:00:11.831  9602M / 9602M INFO    General                 (kmer_splitters.hpp        : 197)   Processed 121444700 kmers
  0:00:12.442  9602M / 9602M INFO    General                 (kmer_splitters.hpp        : 197)   Processed 137120607 kmers
  0:00:13.047  9602M / 9602M INFO    General                 (kmer_splitters.hpp        : 197)   Processed 152797298 kmers
  0:00:13.206  9602M / 9602M INFO    General                 (kmer_splitters.hpp        : 197)   Processed 156846976 kmers
  0:00:13.207  9602M / 9602M INFO    General                 (kmer_splitters.hpp        : 202)   Used 156846976 kmers.
  0:00:13.208     2M / 7585M INFO    General                 (kmer_index_builder.hpp    : 314)   Starting k-mer counting.
  0:00:14.353     2M / 7585M INFO    General                 (kmer_index_builder.hpp    : 325)   K-mer counting done. There are 157141111 kmers in total.
  0:00:14.353     2M / 7585M INFO   K-mer Index Building     (kmer_index_builder.hpp    : 460)   Building perfect hash indices
  0:00:16.463   113M / 7585M INFO   K-mer Index Building     (kmer_index_builder.hpp    : 496)   Index built. Total 157141111 kmers, 113617496 bytes occupied (5.78423 bits per kmer).
  0:00:16.463   113M / 7585M INFO    General                 (kmer_index_builder.hpp    : 191)   Merging final buckets.
  0:00:30.465   265M / 7585M INFO   DeBruijnExtensionIndexBu (kmer_extension_index_build: 101)   Building k-mer extensions from k+1-mers
  0:00:38.722   265M / 7585M INFO   DeBruijnExtensionIndexBu (kmer_extension_index_build: 106)   Building k-mer extensions from k+1-mers finished.
  0:00:38.857   264M / 7585M INFO    General                 (stage.cpp                 : 120)   PROCEDURE == Condensing graph (id: construction:graph_condensing)
  0:00:38.860   265M / 7585M INFO   UnbranchingPathExtractor (debruijn_graph_constructor: 324)   Extracting unbranching paths
  0:00:49.020   414M / 7585M INFO   UnbranchingPathExtractor (debruijn_graph_constructor: 348)   Extracting unbranching paths finished. 2655209 sequences extracted
  0:00:54.352   414M / 7585M INFO   UnbranchingPathExtractor (debruijn_graph_constructor: 362)   Collecting perfect loops
  0:00:55.495   414M / 7585M INFO   UnbranchingPathExtractor (debruijn_graph_constructor: 395)   Collecting perfect loops finished. 1 loops collected
  0:00:55.846   414M / 7585M INFO   DeBruijnGraphConstructor (debruijn_graph_constructor: 597)   Sorting edges...
  0:00:55.968   414M / 7585M INFO   DeBruijnGraphConstructor (debruijn_graph_constructor: 602)   Edges sorted
  0:00:55.968   414M / 7585M INFO    General                 (debruijn_graph_constructor: 511)   Total 5310420 edges to create
  0:00:55.969   619M / 7585M INFO    General                 (debruijn_graph_constructor: 514)   Collecting link records
  0:00:58.867   703M / 7585M INFO    General                 (debruijn_graph_constructor: 521)   Total short graph edges: 361392
  0:00:58.867   703M / 7585M INFO    General                 (debruijn_graph_constructor: 523)   Ordering link records
  0:00:58.929   703M / 7585M INFO    General                 (debruijn_graph_constructor: 529)   Sorting done
  0:00:58.989   735M / 7585M INFO    General                 (debruijn_graph_constructor: 542)   Sorting LinkRecords...
  0:00:59.044   735M / 7585M INFO    General                 (debruijn_graph_constructor: 548)   LinkRecords sorted
  0:00:59.044   735M / 7585M INFO    General                 (debruijn_graph_constructor: 550)   Total 2950225 vertices to create
  0:00:59.044  1008M / 7585M INFO    General                 (debruijn_graph_constructor: 553)   Connecting the graph
  0:01:04.150   848M / 7585M INFO    General                 (stage.cpp                 : 120)   PROCEDURE == Filling coverage indices (PHM) (id: construction:coverage_filling_phm)
  0:01:04.150   848M / 7585M INFO   K-mer Index Building     (kmer_index_builder.hpp    : 460)   Building perfect hash indices
  0:01:06.240   958M / 7585M INFO   K-mer Index Building     (kmer_index_builder.hpp    : 496)   Index built. Total 156846096 kmers, 113404088 bytes occupied (5.78422 bits per kmer).
  0:01:06.664  1558M / 7585M INFO    General                 (coverage_hash_map_builder.:  49)   Collecting k-mer coverage information from reads, this takes a while.
  0:01:17.131  1558M / 7585M INFO    General                 (construction.cpp          : 400)   Filling coverage and flanking coverage from PHM
  0:01:25.942  1558M / 7585M INFO    General                 (coverage_filling.hpp      :  83)   Processed 5310401 edges
  0:01:27.345   584M / 7585M INFO   StageManager             (stage.cpp                 : 210)   STAGE == Gap Closer (id: early_gapcloser)
  0:01:27.356   597M / 7585M INFO    General                 (edge_index.hpp            : 132)   Size of edge index entries: 12/8
  0:01:27.812   665M / 7585M INFO    General                 (gap_closer.cpp            : 117)   Total edges in tip neighborhood: 2072366 out of 5310401, length: 145837497
  0:01:28.042   689M / 7585M INFO    General                 (edge_index.hpp            : 196)   Using small index (max_id = 5336975)
  0:01:28.418   689M / 7585M INFO   K-mer Index Building     (kmer_index_builder.hpp    : 460)   Building perfect hash indices
  0:01:33.040   759M / 7585M INFO   K-mer Index Building     (kmer_index_builder.hpp    : 496)   Index built. Total 98086860 kmers, 70845344 bytes occupied (5.77817 bits per kmer).
  0:01:33.627  1511M / 7585M INFO    General                 (edge_index_builders.hpp   : 266)   Collecting edge information from graph, this takes a while.
  0:01:36.169  1487M / 7585M INFO    General                 (sequence_mapper_notifier.h:  80)   Starting sequence mapping
  0:01:46.753  1566M / 7585M INFO    General                 (sequence_mapper_notifier.h: 120)   Total 1999888 reads processed
  0:01:47.589   771M / 7585M INFO    General                 (gap_closer.cpp            : 505)   Initializing gap closer
  0:01:47.591   771M / 7585M INFO   GapCloser                (gap_closer.cpp            : 421)   Collecting gap candidates
  0:01:47.897   779M / 7585M INFO   GapCloser                (gap_closer.cpp            : 425)   Total 152286 tips collected, total 164454 connection candidates
  0:01:48.485   780M / 7585M INFO   GapCloser                (gap_closer.cpp            : 446)   Closing short gaps complete: filled 7571 gaps after checking 154457 candidates
  0:01:48.658   771M / 7585M INFO    General                 (gap_closer.cpp            : 510)   Gap closer done
  0:01:48.793   584M / 7585M INFO   StageManager             (stage.cpp                 : 210)   STAGE == Raw Simplification (id: raw_simplification)
  0:01:48.798   584M / 7585M INFO    General                 (simplification.cpp        : 129)   PROCEDURE == Initial cleaning
  0:01:48.798   584M / 7585M INFO   Simplification           (parallel_processing.hpp   : 168)   Running Self conjugate edge remover
  0:01:48.924   584M / 7585M INFO   Simplification           (parallel_processing.hpp   : 171)   Self conjugate edge remover triggered 14 times
  0:01:48.924   584M / 7585M INFO   Simplification           (parallel_processing.hpp   : 168)   Running Initial tip clipper
  0:01:54.231   592M / 7585M INFO   Simplification           (parallel_processing.hpp   : 171)   Initial tip clipper triggered 637925 times
  0:01:54.237   592M / 7585M INFO   Simplification           (parallel_processing.hpp   : 168)   Running Initial ec remover
  0:01:54.505   593M / 7585M INFO   Simplification           (parallel_processing.hpp   : 171)   Initial ec remover triggered 10865 times
  0:01:54.505   593M / 7585M INFO   Simplification           (parallel_processing.hpp   : 168)   Running Disconnecting edges with low flanking coverage
  0:01:54.903   597M / 7585M INFO   Simplification           (parallel_processing.hpp   : 171)   Disconnecting edges with low flanking coverage triggered 25632 times
  0:01:54.904   597M / 7585M INFO   Simplification           (parallel_processing.hpp   : 168)   Running Initial isolated edge remover
  0:01:55.485   591M / 7585M INFO   Simplification           (parallel_processing.hpp   : 171)   Initial isolated edge remover triggered 320717 times
  0:01:55.489   533M / 7585M INFO   StageManager             (stage.cpp                 : 210)   STAGE == Preliminary Simplification (id: simplification_preliminary)
  0:01:55.489   533M / 7585M INFO    General                 (simplification.cpp        : 397)   Graph simplification started
  0:01:55.489   533M / 7585M INFO    General                 (graph_simplification.hpp  : 646)   Creating parallel br instance
  0:01:55.489   533M / 7585M INFO    General                 (simplification.cpp        : 402)   PROCEDURE == Simplification cycle, iteration 1
  0:01:55.489   533M / 7585M INFO   Simplification           (parallel_processing.hpp   : 168)   Running Tip clipper
  0:01:57.308   531M / 7585M INFO   Simplification           (parallel_processing.hpp   : 171)   Tip clipper triggered 228388 times
  0:01:57.312   531M / 7585M INFO   Simplification           (parallel_processing.hpp   : 168)   Running Bulge remover
  0:02:16.678  1117M / 7585M INFO   Simplification           (parallel_processing.hpp   : 171)   Bulge remover triggered 107408 times
  0:02:16.680  1117M / 7585M INFO   Simplification           (parallel_processing.hpp   : 168)   Running Low coverage edge remover
  0:02:16.729  1119M / 7585M INFO   Simplification           (parallel_processing.hpp   : 171)   Low coverage edge remover triggered 10 times
  0:02:16.730  1119M / 7585M INFO    General                 (simplification.cpp        : 402)   PROCEDURE == Simplification cycle, iteration 2
  0:02:16.730  1119M / 7585M INFO   Simplification           (parallel_processing.hpp   : 168)   Running Tip clipper
  0:02:16.770  1118M / 7585M INFO   Simplification           (parallel_processing.hpp   : 171)   Tip clipper triggered 593 times
  0:02:16.771  1118M / 7585M INFO   Simplification           (parallel_processing.hpp   : 168)   Running Bulge remover
  0:02:16.773  1118M / 7585M INFO   Simplification           (parallel_processing.hpp   : 171)   Bulge remover triggered 2 times
  0:02:16.773  1118M / 7585M INFO   Simplification           (parallel_processing.hpp   : 168)   Running Low coverage edge remover
  0:02:17.334  1116M / 7585M INFO   Simplification           (parallel_processing.hpp   : 171)   Low coverage edge remover triggered 22129 times
  0:02:17.336  1116M / 7585M INFO    General                 (simplification.cpp        : 402)   PROCEDURE == Simplification cycle, iteration 3
  0:02:17.336  1116M / 7585M INFO   Simplification           (parallel_processing.hpp   : 168)   Running Tip clipper
  0:02:17.357  1116M / 7585M INFO   Simplification           (parallel_processing.hpp   : 171)   Tip clipper triggered 368 times
  0:02:17.357  1116M / 7585M INFO   Simplification           (parallel_processing.hpp   : 168)   Running Bulge remover
  0:02:17.387  1116M / 7585M INFO   Simplification           (parallel_processing.hpp   : 171)   Bulge remover triggered 78 times
  0:02:17.387  1116M / 7585M INFO   Simplification           (parallel_processing.hpp   : 168)   Running Low coverage edge remover
  0:02:17.425  1116M / 7585M INFO   Simplification           (parallel_processing.hpp   : 171)   Low coverage edge remover triggered 1371 times
  0:02:17.426  1116M / 7585M INFO    General                 (simplification.cpp        : 402)   PROCEDURE == Simplification cycle, iteration 4
  0:02:17.426  1116M / 7585M INFO   Simplification           (parallel_processing.hpp   : 168)   Running Tip clipper
  0:02:17.464  1116M / 7585M INFO   Simplification           (parallel_processing.hpp   : 171)   Tip clipper triggered 17 times
  0:02:17.465  1116M / 7585M INFO   Simplification           (parallel_processing.hpp   : 168)   Running Bulge remover
  0:02:17.526  1116M / 7585M INFO   Simplification           (parallel_processing.hpp   : 171)   Bulge remover triggered 32 times
  0:02:17.527  1116M / 7585M INFO   Simplification           (parallel_processing.hpp   : 168)   Running Low coverage edge remover
  0:02:17.561  1116M / 7585M INFO   Simplification           (parallel_processing.hpp   : 171)   Low coverage edge remover triggered 0 times
  0:02:17.562  1116M / 7585M INFO    General                 (simplification.cpp        : 402)   PROCEDURE == Simplification cycle, iteration 5
  0:02:17.562  1116M / 7585M INFO   Simplification           (parallel_processing.hpp   : 168)   Running Tip clipper
  0:02:17.563  1116M / 7585M INFO   Simplification           (parallel_processing.hpp   : 171)   Tip clipper triggered 0 times
  0:02:17.563  1116M / 7585M INFO   Simplification           (parallel_processing.hpp   : 168)   Running Bulge remover
  0:02:17.564  1116M / 7585M INFO   Simplification           (parallel_processing.hpp   : 171)   Bulge remover triggered 0 times
  0:02:17.564  1116M / 7585M INFO   Simplification           (parallel_processing.hpp   : 168)   Running Low coverage edge remover
  0:02:17.565  1116M / 7585M INFO   Simplification           (parallel_processing.hpp   : 171)   Low coverage edge remover triggered 0 times
  0:02:17.610  1096M / 7585M INFO   StageManager             (stage.cpp                 : 210)   STAGE == Gap Closer (id: prelim_gapcloser)
  0:02:17.614  1110M / 7585M INFO    General                 (edge_index.hpp            : 132)   Size of edge index entries: 12/8
  0:02:17.705  1119M / 7585M INFO    General                 (gap_closer.cpp            : 117)   Total edges in tip neighborhood: 286723 out of 317582, length: 149524104
  0:02:17.720  1121M / 7585M INFO    General                 (edge_index.hpp            : 196)   Using small index (max_id = 5336975)
  0:02:17.973  1121M / 7585M INFO   K-mer Index Building     (kmer_index_builder.hpp    : 460)   Building perfect hash indices
  0:02:21.080  1178M / 7585M INFO   K-mer Index Building     (kmer_index_builder.hpp    : 496)   Index built. Total 79010070 kmers, 57069190 bytes occupied (5.77842 bits per kmer).
  0:02:21.553  1782M / 7585M INFO    General                 (edge_index_builders.hpp   : 266)   Collecting edge information from graph, this takes a while.
  0:02:23.444  1780M / 7585M INFO    General                 (sequence_mapper_notifier.h:  80)   Starting sequence mapping
  0:02:39.422  1792M / 7585M INFO    General                 (sequence_mapper_notifier.h: 120)   Total 1999888 reads processed
  0:02:39.708  1145M / 7585M INFO    General                 (gap_closer.cpp            : 505)   Initializing gap closer
  0:02:39.709  1145M / 7585M INFO   GapCloser                (gap_closer.cpp            : 421)   Collecting gap candidates
  0:02:39.880  1150M / 7585M INFO   GapCloser                (gap_closer.cpp            : 425)   Total 103069 tips collected, total 105726 connection candidates
  0:02:40.261  1151M / 7585M INFO   GapCloser                (gap_closer.cpp            : 446)   Closing short gaps complete: filled 3744 gaps after checking 101586 candidates
  0:02:40.367  1145M / 7585M INFO    General                 (gap_closer.cpp            : 510)   Gap closer done
  0:02:40.410  1096M / 7585M INFO   StageManager             (stage.cpp                 : 210)   STAGE == Preliminary Paired Information Counting (id: late_pair_info_count_preliminary)
  0:02:40.793  1217M / 7585M INFO    General                 (graph_pack_helpers.cpp    :  43)   Index refill
  0:02:40.794  1217M / 7585M INFO    General                 (edge_index.hpp            : 175)   Using small index (max_id = 5336975)
  0:02:41.592  1217M / 7585M INFO   K-mer Index Building     (kmer_index_builder.hpp    : 460)   Building perfect hash indices
  0:02:51.102  1281M / 7585M INFO   K-mer Index Building     (kmer_index_builder.hpp    : 496)   Index built. Total 91110866 kmers, 65845764 bytes occupied (5.78159 bits per kmer).
  0:02:51.649  1977M / 7585M INFO    General                 (edge_index_builders.hpp   : 253)   Collecting edge information from graph, this takes a while.
  0:02:57.132  1977M / 7585M INFO    General                 (graph_pack_helpers.cpp    :  55)   Normalizing k-mer map. Total 12426868 kmers to process
  0:03:01.533  1987M / 7585M INFO    General                 (kmer_mapper.hpp           :  87)   Total 32642 kmers with non-trivial roots
  0:03:01.538  1977M / 7585M INFO    General                 (graph_pack_helpers.cpp    :  57)   Normalizing done
  0:03:01.539  1977M / 7585M INFO    General                 (pair_info_count.cpp       : 165)   Min edge length for estimation: 900
  0:03:01.539  1977M / 7585M INFO    General                 (pair_info_count.cpp       : 176)   Estimating insert size for library #0
  0:03:01.540  1977M / 7585M INFO    General                 (pair_info_count.cpp       :  41)   Selecting usual mapper
  0:03:01.540  1977M / 7585M INFO    General                 (paired_info_utils.cpp     : 102)   Estimating insert size (takes a while)
  0:03:01.734  2249M / 7585M INFO    General                 (sequence_mapper_notifier.h:  80)   Starting sequence mapping
  0:03:09.854  2249M / 7585M INFO    General                 (sequence_mapper_notifier.h: 120)   Total 1999888 reads processed
  0:03:09.959  2249M / 7585M INFO    General                 (paired_info_utils.cpp     : 119)   Edge pairs: 374221
  0:03:09.960  2249M / 7585M INFO    General                 (paired_info_utils.cpp     : 121)   1279895 paired reads (63.9983% of all) aligned to long edges
  0:03:09.961  1977M / 7585M INFO    General                 (pair_info_count.cpp       : 196)     Insert size = 424.909, deviation = 90.2281, left quantile = 318, right quantile = 542, read length = 150
  0:03:09.970  1977M / 7585M INFO    General                 (pair_info_count.cpp       : 211)   Filtering data for library #0
  0:03:09.971  1977M / 7585M INFO    General                 (pair_info_count.cpp       :  41)   Selecting usual mapper
  0:03:09.973  1978M / 7585M INFO    General                 (sequence_mapper_notifier.h:  80)   Starting sequence mapping
  0:03:17.765  1978M / 7585M INFO    General                 (sequence_mapper_notifier.h: 120)   Total 1999888 reads processed
  0:03:17.766  1978M / 7585M INFO    General                 (pair_info_count.cpp       : 216)   Mapping library #0
  0:03:17.767  1978M / 7585M INFO    General                 (pair_info_count.cpp       : 218)   Mapping paired reads (takes a while)
  0:03:17.767  1978M / 7585M INFO    General                 (pair_info_count.cpp       :  41)   Selecting usual mapper
  0:03:17.768  1978M / 7585M INFO    General                 (paired_info_utils.cpp     : 152)   Left insert size quantile 318, right insert size quantile 542, filtering threshold 1, rounding threshold 0
  0:03:17.779  1991M / 7585M INFO    General                 (sequence_mapper_notifier.h:  80)   Starting sequence mapping
  0:03:25.743  2017M / 7585M INFO    General                 (sequence_mapper_notifier.h: 120)   Total 1999888 reads processed
  0:03:25.820  2010M / 7585M INFO   StageManager             (stage.cpp                 : 210)   STAGE == Preliminary Distance Estimation (id: distance_estimation_preliminary)
  0:03:25.821  2010M / 7585M INFO    General                 (distance_estimation.cpp   :  75)   Processing library #0
  0:03:25.822  2010M / 7585M INFO    General                 (distance_estimation_utils.:  23)   Estimating distances
  0:03:25.822  2010M / 7585M INFO   DistanceEstimator        (distance_estimation.hpp   : 132)   Using SIMPLE distance estimator
  0:03:27.965  2016M / 7585M INFO    General                 (distance_estimation_utils.: 137)   Refining clustered pair information
  0:03:28.045  2016M / 7585M INFO    General                 (distance_estimation_utils.: 139)   The refining of clustered pair information has been finished
  0:03:28.046  2016M / 7585M INFO    General                 (distance_estimation_utils.: 141)   Improving paired information
  0:03:28.348  2020M / 7585M INFO   PairInfoImprover         (pair_info_improver.hpp    :  80)   Paired info stats: missing = 61392; contradictional = 0
  0:03:28.643  2020M / 7585M INFO   PairInfoImprover         (pair_info_improver.hpp    :  80)   Paired info stats: missing = 6982; contradictional = 0
  0:03:28.644  2020M / 7585M INFO    General                 (distance_estimation_utils.:  81)   Filling scaffolding index
  0:03:28.644  2020M / 7585M INFO    General                 (distance_estimation_utils.:  23)   Estimating distances
  0:03:28.645  2020M / 7585M INFO   DistanceEstimator        (distance_estimation.hpp   : 132)   Using SMOOTHING distance estimator
  0:03:31.070  2022M / 7585M INFO    General                 (distance_estimation.cpp   :  84)   Clearing raw paired index
  0:03:31.125  1989M / 7585M INFO   StageManager             (stage.cpp                 : 210)   STAGE == Preliminary Repeat Resolving (id: repeat_resolving_preliminary)
  0:03:31.127  1989M / 7585M INFO    General                 (repeat_resolving.cpp      :  75)   Setting up preliminary path extend settings
  0:03:31.127  1989M / 7585M INFO    General                 (repeat_resolving.cpp      :  88)   Using Path-Extend repeat resolving
  0:03:31.128  1989M / 7585M INFO    General                 (launcher.cpp              : 636)   ExSPAnder repeat resolving tool started
  0:03:31.281  2071M / 7585M INFO    General                 (launcher.cpp              : 444)   Creating main extenders, unique edge length = 2000
  0:03:31.282  2071M / 7585M INFO    General                 (extenders_logic.cpp       : 352)   Creating extender; library index size: 493124
  0:03:31.283  2088M / 7585M INFO    General                 (extenders_logic.cpp       : 352)   Creating extender; library index size: 493124
  0:03:31.358  2134M / 7585M INFO    General                 (extenders_logic.cpp       : 550)   Using 1 paired-end library
  0:03:31.358  2134M / 7585M INFO    General                 (extenders_logic.cpp       : 551)   Using 1 paired-end scaffolding library
  0:03:31.359  2134M / 7585M INFO    General                 (extenders_logic.cpp       : 552)   Using 0 single read libraries
  0:03:31.360  2134M / 7585M INFO    General                 (launcher.cpp              : 473)   Total number of extenders is 3
  0:03:31.360  2134M / 7585M INFO    General                 (path_extenders.cpp        :  36)   Processed 0 paths from 154600 (0%)
  0:03:31.529  2140M / 7585M INFO    General                 (path_extenders.cpp        :  34)   Processed 128 paths from 154600 (0%)
  0:03:31.611  2141M / 7585M INFO    General                 (path_extenders.cpp        :  34)   Processed 256 paths from 154600 (0%)
  0:03:31.725  2143M / 7585M INFO    General                 (path_extenders.cpp        :  34)   Processed 512 paths from 154600 (0%)
  0:03:31.885  2145M / 7585M INFO    General                 (path_extenders.cpp        :  34)   Processed 1024 paths from 154600 (0%)
  0:03:32.151  2148M / 7585M INFO    General                 (path_extenders.cpp        :  34)   Processed 2048 paths from 154600 (1%)
  0:03:32.563  2151M / 7585M INFO    General                 (path_extenders.cpp        :  34)   Processed 4096 paths from 154600 (2%)
  0:03:33.181  2155M / 7585M INFO    General                 (path_extenders.cpp        :  34)   Processed 8192 paths from 154600 (5%)
  0:03:33.882  2160M / 7585M INFO    General                 (path_extenders.cpp        :  36)   Processed 15461 paths from 154600 (10%)
  0:03:33.946  2160M / 7585M INFO    General                 (path_extenders.cpp        :  34)   Processed 16384 paths from 154600 (10%)
  0:03:34.749  2168M / 7585M INFO    General                 (path_extenders.cpp        :  36)   Processed 30922 paths from 154600 (20%)
  0:03:34.831  2169M / 7585M INFO    General                 (path_extenders.cpp        :  34)   Processed 32768 paths from 154600 (21%)
  0:03:35.335  2175M / 7585M INFO    General                 (path_extenders.cpp        :  36)   Processed 46383 paths from 154600 (30%)
  0:03:35.809  2183M / 7585M INFO    General                 (path_extenders.cpp        :  36)   Processed 61844 paths from 154600 (40%)
  0:03:35.907  2184M / 7585M INFO    General                 (path_extenders.cpp        :  34)   Processed 65536 paths from 154600 (42%)
  0:03:36.178  2189M / 7585M INFO    General                 (path_extenders.cpp        :  36)   Processed 77305 paths from 154600 (50%)
  0:03:36.398  2197M / 7585M INFO    General                 (path_extenders.cpp        :  36)   Processed 92766 paths from 154600 (60%)
  0:03:36.536  2203M / 7585M INFO    General                 (path_extenders.cpp        :  36)   Processed 108227 paths from 154600 (70%)
  0:03:36.655  2210M / 7585M INFO    General                 (path_extenders.cpp        :  36)   Processed 123688 paths from 154600 (80%)
  0:03:36.711  2213M / 7585M INFO    General                 (path_extenders.cpp        :  34)   Processed 131072 paths from 154600 (84%)
  0:03:36.802  2217M / 7585M INFO    General                 (path_extenders.cpp        :  36)   Processed 139149 paths from 154600 (90%)
  0:03:37.411  2166M / 7585M INFO    General                 (launcher.cpp              : 264)   Finalizing paths
  0:03:37.412  2166M / 7585M INFO    General                 (launcher.cpp              : 266)   Deduplicating paths
  0:03:37.494  2164M / 7585M INFO    General                 (launcher.cpp              : 270)   Paths deduplicated
  0:03:37.495  2164M / 7585M INFO    General                 (launcher.cpp              : 277)   Overlaps will not be removed
  0:03:37.571  2165M / 7585M INFO    General                 (launcher.cpp              : 287)   Paths finalized
  0:03:37.572  2165M / 7585M INFO    General                 (launcher.cpp              : 482)   Closing gaps in paths
  0:03:37.807  2220M / 7585M INFO    General                 (launcher.cpp              : 512)   Gap closing completed
  0:03:37.944  2067M / 7585M INFO    General                 (launcher.cpp              : 320)   Traversing tandem repeats
  0:03:40.623  2067M / 7585M INFO    General                 (launcher.cpp              : 330)   Traversed 25 loops
  0:03:40.624  2067M / 7585M INFO    General                 (launcher.cpp              : 264)   Finalizing paths
  0:03:40.624  2067M / 7585M INFO    General                 (launcher.cpp              : 266)   Deduplicating paths
  0:03:40.696  2067M / 7585M INFO    General                 (launcher.cpp              : 270)   Paths deduplicated
  0:03:40.697  2067M / 7585M INFO    General                 (launcher.cpp              : 277)   Overlaps will not be removed
  0:03:40.768  2067M / 7585M INFO    General                 (launcher.cpp              : 287)   Paths finalized
  0:03:40.769  2067M / 7585M INFO    General                 (launcher.cpp              : 701)   ExSPAnder repeat resolving tool finished
  0:03:40.786  2044M / 7585M INFO    General                 (repeat_resolving.cpp      :  94)   Restoring initial path extend settings
  0:03:40.788  2044M / 7585M INFO   StageManager             (stage.cpp                 : 210)   STAGE == Contig Output (id: contig_output)
  0:03:40.788  2044M / 7585M INFO    General                 (contig_output_stage.cpp   : 159)   Writing GFA graph to "${ARTICLE30_WORK_DIR}/assemblies/metaspades-single-MOCK2/K55/strain_graph.gfa"
  0:03:41.338  2044M / 7585M INFO    General                 (contig_output_stage.cpp   : 210)   Breaking scaffolds
  0:03:42.277  2263M / 7585M INFO    General                 (contig_output_stage.cpp   : 101)   Outputting contigs to ${ARTICLE30_WORK_DIR}/assemblies/metaspades-single-MOCK2/K55/final_contigs.fasta
  0:03:42.718  2044M / 7585M INFO   StageManager             (stage.cpp                 : 210)   STAGE == Second Phase Setup (id: second_phase_setup)
  0:03:42.722  2044M / 7585M INFO    General                 (second_phase_setup.cpp    :  18)   Preparing second phase
  0:03:42.832  1858M / 7585M INFO    General                 (second_phase_setup.cpp    :  25)   Moving preliminary contigs from "${ARTICLE30_WORK_DIR}/assemblies/metaspades-single-MOCK2/K55/final_contigs.fasta" to "${ARTICLE30_WORK_DIR}/assemblies/metaspades-single-MOCK2/K55/first_pe_contigs.fasta"
  0:03:42.846  1858M / 7585M INFO    General                 (second_phase_setup.cpp    :  37)   Ready to run second phase
  0:03:42.846  1858M / 7585M INFO   StageManager             (stage.cpp                 : 210)   STAGE == Simplification (id: simplification)
  0:03:42.913  1098M / 7585M INFO    General                 (simplification.cpp        : 397)   Graph simplification started
  0:03:42.914  1098M / 7585M INFO    General                 (graph_simplification.hpp  : 646)   Creating parallel br instance
  0:03:42.915  1098M / 7585M INFO    General                 (simplification.cpp        : 402)   PROCEDURE == Simplification cycle, iteration 1
  0:03:42.915  1098M / 7585M INFO   Simplification           (parallel_processing.hpp   : 168)   Running Tip clipper
  0:03:42.952  1098M / 7585M INFO   Simplification           (parallel_processing.hpp   : 171)   Tip clipper triggered 0 times
  0:03:42.953  1098M / 7585M INFO   Simplification           (parallel_processing.hpp   : 168)   Running Bulge remover
  0:03:43.883  1121M / 7585M INFO   Simplification           (parallel_processing.hpp   : 171)   Bulge remover triggered 2792 times
  0:03:43.884  1121M / 7585M INFO   Simplification           (parallel_processing.hpp   : 168)   Running Low coverage edge remover
  0:03:43.919  1121M / 7585M INFO   Simplification           (parallel_processing.hpp   : 171)   Low coverage edge remover triggered 0 times
  0:03:43.920  1121M / 7585M INFO    General                 (simplification.cpp        : 402)   PROCEDURE == Simplification cycle, iteration 2
  0:03:43.920  1121M / 7585M INFO   Simplification           (parallel_processing.hpp   : 168)   Running Tip clipper
  0:03:43.922  1121M / 7585M INFO   Simplification           (parallel_processing.hpp   : 171)   Tip clipper triggered 3 times
  0:03:43.922  1121M / 7585M INFO   Simplification           (parallel_processing.hpp   : 168)   Running Bulge remover
  0:03:43.923  1121M / 7585M INFO   Simplification           (parallel_processing.hpp   : 171)   Bulge remover triggered 0 times
  0:03:43.923  1121M / 7585M INFO   Simplification           (parallel_processing.hpp   : 168)   Running Low coverage edge remover
  0:03:43.924  1121M / 7585M INFO   Simplification           (parallel_processing.hpp   : 171)   Low coverage edge remover triggered 0 times
  0:03:43.924  1121M / 7585M INFO    General                 (simplification.cpp        : 402)   PROCEDURE == Simplification cycle, iteration 3
  0:03:43.924  1121M / 7585M INFO   Simplification           (parallel_processing.hpp   : 168)   Running Tip clipper
  0:03:43.925  1121M / 7585M INFO   Simplification           (parallel_processing.hpp   : 171)   Tip clipper triggered 0 times
  0:03:43.925  1121M / 7585M INFO   Simplification           (parallel_processing.hpp   : 168)   Running Bulge remover
  0:03:43.926  1121M / 7585M INFO   Simplification           (parallel_processing.hpp   : 171)   Bulge remover triggered 0 times
  0:03:43.926  1121M / 7585M INFO   Simplification           (parallel_processing.hpp   : 168)   Running Low coverage edge remover
  0:03:43.927  1121M / 7585M INFO   Simplification           (parallel_processing.hpp   : 171)   Low coverage edge remover triggered 0 times
  0:03:43.927  1121M / 7585M INFO    General                 (simplification.cpp        : 402)   PROCEDURE == Simplification cycle, iteration 4
  0:03:43.928  1121M / 7585M INFO   Simplification           (parallel_processing.hpp   : 168)   Running Tip clipper
  0:03:43.962  1121M / 7585M INFO   Simplification           (parallel_processing.hpp   : 171)   Tip clipper triggered 0 times
  0:03:43.962  1121M / 7585M INFO   Simplification           (parallel_processing.hpp   : 168)   Running Bulge remover
  0:03:44.000  1121M / 7585M INFO   Simplification           (parallel_processing.hpp   : 171)   Bulge remover triggered 0 times
  0:03:44.001  1121M / 7585M INFO   Simplification           (parallel_processing.hpp   : 168)   Running Low coverage edge remover
  0:03:44.032  1121M / 7585M INFO   Simplification           (parallel_processing.hpp   : 171)   Low coverage edge remover triggered 0 times
  0:03:44.072  1121M / 7585M INFO   StageManager             (stage.cpp                 : 210)   STAGE == Gap Closer (id: late_gapcloser)
  0:03:44.076  1134M / 7585M INFO    General                 (edge_index.hpp            : 132)   Size of edge index entries: 12/8
  0:03:44.167  1143M / 7585M INFO    General                 (gap_closer.cpp            : 117)   Total edges in tip neighborhood: 275620 out of 293440, length: 151120726
  0:03:44.182  1145M / 7585M INFO    General                 (edge_index.hpp            : 196)   Using small index (max_id = 5336975)
  0:03:44.436  1145M / 7585M INFO   K-mer Index Building     (kmer_index_builder.hpp    : 460)   Building perfect hash indices
  0:03:47.493  1203M / 7585M INFO   K-mer Index Building     (kmer_index_builder.hpp    : 496)   Index built. Total 79162205 kmers, 57217316 bytes occupied (5.78229 bits per kmer).
  0:03:47.967  1807M / 7585M INFO    General                 (edge_index_builders.hpp   : 266)   Collecting edge information from graph, this takes a while.
  0:03:50.196  1805M / 7585M INFO    General                 (sequence_mapper_notifier.h:  80)   Starting sequence mapping
  0:04:06.155  1817M / 7585M INFO    General                 (sequence_mapper_notifier.h: 120)   Total 1999888 reads processed
  0:04:06.430  1169M / 7585M INFO    General                 (gap_closer.cpp            : 505)   Initializing gap closer
  0:04:06.431  1169M / 7585M INFO   GapCloser                (gap_closer.cpp            : 421)   Collecting gap candidates
  0:04:06.576  1174M / 7585M INFO   GapCloser                (gap_closer.cpp            : 425)   Total 95924 tips collected, total 98632 connection candidates
  0:04:06.936  1174M / 7585M INFO   GapCloser                (gap_closer.cpp            : 446)   Closing short gaps complete: filled 20 gaps after checking 98601 candidates
  0:04:06.973  1169M / 7585M INFO    General                 (gap_closer.cpp            : 510)   Gap closer done
  0:04:07.014  1121M / 7585M INFO   StageManager             (stage.cpp                 : 210)   STAGE == Simplification Cleanup (id: simplification_cleanup)
  0:04:07.014  1121M / 7585M INFO    General                 (simplification.cpp        : 189)   PROCEDURE == Post simplification
  0:04:07.015  1121M / 7585M INFO    General                 (graph_simplification.hpp  : 646)   Creating parallel br instance
  0:04:07.015  1121M / 7585M INFO    General                 (graph_simplification.hpp  : 646)   Creating parallel br instance
  0:04:07.016  1121M / 7585M INFO   Simplification           (parallel_processing.hpp   : 168)   Running Relative coverage component remover
  0:04:07.071  1121M / 7585M INFO   Simplification           (parallel_processing.hpp   : 171)   Relative coverage component remover triggered 163 times
  0:04:07.071  1121M / 7585M INFO   Simplification           (parallel_processing.hpp   : 168)   Running Disconnecting edges with relatively low coverage
  0:04:07.110  1121M / 7585M INFO   Simplification           (parallel_processing.hpp   : 171)   Disconnecting edges with relatively low coverage triggered 4 times
  0:04:07.110  1121M / 7585M INFO   Simplification           (parallel_processing.hpp   : 168)   Running Complex tip clipper
  0:04:07.171  1121M / 7585M INFO   Simplification           (parallel_processing.hpp   : 171)   Complex tip clipper triggered 0 times
  0:04:07.172  1121M / 7585M INFO   Simplification           (parallel_processing.hpp   : 168)   Running Complex bulge remover
  0:04:08.320  1128M / 7585M INFO   Simplification           (parallel_processing.hpp   : 171)   Complex bulge remover triggered 404 times
  0:04:08.321  1128M / 7585M INFO   Simplification           (parallel_processing.hpp   : 168)   Running Tip clipper
  0:04:08.352  1128M / 7585M INFO   Simplification           (parallel_processing.hpp   : 171)   Tip clipper triggered 0 times
  0:04:08.352  1128M / 7585M INFO   Simplification           (parallel_processing.hpp   : 168)   Running Final tip clipper
  0:04:08.388  1128M / 7585M INFO   Simplification           (parallel_processing.hpp   : 171)   Final tip clipper triggered 233 times
  0:04:08.389  1128M / 7585M INFO   Simplification           (parallel_processing.hpp   : 168)   Running Bulge remover
  0:04:08.423  1128M / 7585M INFO   Simplification           (parallel_processing.hpp   : 171)   Bulge remover triggered 11 times
  0:04:08.424  1128M / 7585M INFO   Simplification           (parallel_processing.hpp   : 168)   Running Final bulge remover
  0:04:08.704  1131M / 7585M INFO   Simplification           (parallel_processing.hpp   : 171)   Final bulge remover triggered 97 times
  0:04:08.705  1131M / 7585M INFO   Simplification           (parallel_processing.hpp   : 168)   Running Thorn remover (meta)
  0:04:08.739  1131M / 7585M INFO   Simplification           (parallel_processing.hpp   : 171)   Thorn remover (meta) triggered 0 times
  0:04:08.740  1131M / 7585M INFO   Simplification           (parallel_processing.hpp   : 168)   Running Relative coverage component remover
  0:04:08.785  1131M / 7585M INFO   Simplification           (parallel_processing.hpp   : 171)   Relative coverage component remover triggered 2 times
  0:04:08.786  1131M / 7585M INFO   Simplification           (parallel_processing.hpp   : 168)   Running Disconnecting edges with relatively low coverage
  0:04:08.818  1131M / 7585M INFO   Simplification           (parallel_processing.hpp   : 171)   Disconnecting edges with relatively low coverage triggered 0 times
  0:04:08.819  1131M / 7585M INFO   Simplification           (parallel_processing.hpp   : 168)   Running Complex tip clipper
  0:04:08.878  1131M / 7585M INFO   Simplification           (parallel_processing.hpp   : 171)   Complex tip clipper triggered 0 times
  0:04:08.879  1131M / 7585M INFO   Simplification           (parallel_processing.hpp   : 168)   Running Complex bulge remover
  0:04:09.805  1131M / 7585M INFO   Simplification           (parallel_processing.hpp   : 171)   Complex bulge remover triggered 15 times
  0:04:09.805  1131M / 7585M INFO   Simplification           (parallel_processing.hpp   : 168)   Running Tip clipper
  0:04:09.835  1131M / 7585M INFO   Simplification           (parallel_processing.hpp   : 171)   Tip clipper triggered 0 times
  0:04:09.836  1131M / 7585M INFO   Simplification           (parallel_processing.hpp   : 168)   Running Final tip clipper
  0:04:09.863  1131M / 7585M INFO   Simplification           (parallel_processing.hpp   : 171)   Final tip clipper triggered 2 times
  0:04:09.864  1131M / 7585M INFO   Simplification           (parallel_processing.hpp   : 168)   Running Bulge remover
  0:04:09.901  1131M / 7585M INFO   Simplification           (parallel_processing.hpp   : 171)   Bulge remover triggered 4 times
  0:04:09.902  1131M / 7585M INFO   Simplification           (parallel_processing.hpp   : 168)   Running Final bulge remover
  0:04:09.942  1131M / 7585M INFO   Simplification           (parallel_processing.hpp   : 171)   Final bulge remover triggered 1 times
  0:04:09.943  1131M / 7585M INFO   Simplification           (parallel_processing.hpp   : 168)   Running Thorn remover (meta)
  0:04:09.971  1131M / 7585M INFO   Simplification           (parallel_processing.hpp   : 171)   Thorn remover (meta) triggered 0 times
  0:04:09.971  1131M / 7585M INFO   Simplification           (parallel_processing.hpp   : 168)   Running Relative coverage component remover
  0:04:10.028  1131M / 7585M INFO   Simplification           (parallel_processing.hpp   : 171)   Relative coverage component remover triggered 0 times
  0:04:10.028  1131M / 7585M INFO   Simplification           (parallel_processing.hpp   : 168)   Running Disconnecting edges with relatively low coverage
  0:04:10.029  1131M / 7585M INFO   Simplification           (parallel_processing.hpp   : 171)   Disconnecting edges with relatively low coverage triggered 0 times
  0:04:10.029  1131M / 7585M INFO   Simplification           (parallel_processing.hpp   : 168)   Running Complex tip clipper
  0:04:10.092  1131M / 7585M INFO   Simplification           (parallel_processing.hpp   : 171)   Complex tip clipper triggered 0 times
  0:04:10.093  1131M / 7585M INFO   Simplification           (parallel_processing.hpp   : 168)   Running Complex bulge remover
  0:04:10.927  1131M / 7585M INFO   Simplification           (parallel_processing.hpp   : 171)   Complex bulge remover triggered 0 times
  0:04:10.928  1131M / 7585M INFO   Simplification           (parallel_processing.hpp   : 168)   Running Tip clipper
  0:04:10.929  1131M / 7585M INFO   Simplification           (parallel_processing.hpp   : 171)   Tip clipper triggered 0 times
  0:04:10.929  1131M / 7585M INFO   Simplification           (parallel_processing.hpp   : 168)   Running Final tip clipper
  0:04:10.930  1131M / 7585M INFO   Simplification           (parallel_processing.hpp   : 171)   Final tip clipper triggered 0 times
  0:04:10.930  1131M / 7585M INFO   Simplification           (parallel_processing.hpp   : 168)   Running Bulge remover
  0:04:10.931  1131M / 7585M INFO   Simplification           (parallel_processing.hpp   : 171)   Bulge remover triggered 0 times
  0:04:10.931  1131M / 7585M INFO   Simplification           (parallel_processing.hpp   : 168)   Running Final bulge remover
  0:04:10.931  1131M / 7585M INFO   Simplification           (parallel_processing.hpp   : 171)   Final bulge remover triggered 0 times
  0:04:10.932  1131M / 7585M INFO   Simplification           (parallel_processing.hpp   : 168)   Running Thorn remover (meta)
  0:04:10.932  1131M / 7585M INFO   Simplification           (parallel_processing.hpp   : 171)   Thorn remover (meta) triggered 0 times
  0:04:10.933  1131M / 7585M INFO    General                 (simplification.cpp        : 344)   Running Hidden EC remover (meta)
  0:04:10.957  1131M / 7585M INFO    General                 (simplification.cpp        : 348)   Disrupting self-conjugate edges
  0:04:11.051  1131M / 7585M INFO   Simplification           (parallel_processing.hpp   : 168)   Running Removing isolated edges
  0:04:11.090  1131M / 7585M INFO   Simplification           (parallel_processing.hpp   : 171)   Removing isolated edges triggered 5889 times
  0:04:11.109  1130M / 7585M INFO    General                 (simplification.cpp        : 508)   After simplification:
  0:04:11.109  1130M / 7585M INFO    General                 (simplification.cpp        : 509)     Average coverage = 3.45289
  0:04:11.125  1130M / 7585M INFO    General                 (simplification.cpp        : 510)     Total length = 89925964
  0:04:11.151  1130M / 7585M INFO    General                 (simplification.cpp        : 511)     Median edge length: 1403
  0:04:11.152  1130M / 7585M INFO    General                 (simplification.cpp        : 512)     Edges: 276248
  0:04:11.152  1130M / 7585M INFO    General                 (simplification.cpp        : 513)     Vertices: 532416
  0:04:11.153  1130M / 7585M INFO   StageManager             (stage.cpp                 : 210)   STAGE == Mismatch Correction (id: mismatch_correction)
  0:04:11.153  1130M / 7585M INFO    General                 (graph_pack_helpers.cpp    :  43)   Index refill
  0:04:11.154  1130M / 7585M INFO    General                 (edge_index.hpp            : 175)   Using small index (max_id = 5336975)
  0:04:12.096  1130M / 7585M INFO   K-mer Index Building     (kmer_index_builder.hpp    : 460)   Building perfect hash indices
  0:04:23.417  1194M / 7585M INFO   K-mer Index Building     (kmer_index_builder.hpp    : 496)   Index built. Total 89925961 kmers, 64982036 bytes occupied (5.78094 bits per kmer).
  0:04:23.957  1882M / 7585M INFO    General                 (edge_index_builders.hpp   : 253)   Collecting edge information from graph, this takes a while.
  0:04:30.582  1882M / 7585M INFO    General                 (graph_pack_helpers.cpp    :  55)   Normalizing k-mer map. Total 13159948 kmers to process
  0:04:35.516  1893M / 7585M INFO    General                 (kmer_mapper.hpp           :  87)   Total 121464 kmers with non-trivial roots
  0:04:35.528  1882M / 7585M INFO    General                 (graph_pack_helpers.cpp    :  57)   Normalizing done
  0:04:35.529  1882M / 7585M INFO    General                 (mismatch_correction.cpp   : 421)   Collect potential mismatches
  0:04:37.845  1896M / 7585M INFO    General                 (mismatch_correction.cpp   : 213)   Total 35948 edges (out of 276248) with 330342 potential mismatch positions (9.18944 positions per edge)
  0:04:37.848  1886M / 7585M INFO    General                 (mismatch_correction.cpp   : 423)   Potential mismatches collected
  0:04:37.849  1886M / 7585M INFO    General                 (sequence_mapper_notifier.h:  80)   Starting sequence mapping
  0:04:41.723  1893M / 7585M INFO    General                 (sequence_mapper_notifier.h: 101)   Processed 200000 reads
  0:04:41.767  1900M / 7585M INFO    General                 (sequence_mapper_notifier.h: 101)   Processed 400000 reads
  0:04:41.885  1908M / 7585M INFO    General                 (sequence_mapper_notifier.h: 101)   Processed 600000 reads
  0:04:41.975  1915M / 7585M INFO    General                 (sequence_mapper_notifier.h: 101)   Processed 800000 reads
  0:04:41.989  1922M / 7585M INFO    General                 (sequence_mapper_notifier.h: 101)   Processed 1000000 reads
  0:04:42.060  1929M / 7585M INFO    General                 (sequence_mapper_notifier.h: 101)   Processed 1200000 reads
  0:04:42.654  1936M / 7585M INFO    General                 (sequence_mapper_notifier.h: 101)   Processed 2200000 reads
  0:04:46.341  1943M / 7585M INFO    General                 (sequence_mapper_notifier.h: 101)   Processed 4200000 reads
  0:04:52.636  2128M / 7585M INFO    General                 (sequence_mapper_notifier.h: 120)   Total 7999552 reads processed
  0:04:53.728  1913M / 7585M INFO    General                 (mismatch_correction.cpp   : 416)   All edges processed
  0:04:53.743  1883M / 7585M INFO    General                 (mismatch_correction.cpp   : 471)   Corrected 99 nucleotides
  0:04:53.744  1883M / 7585M INFO   StageManager             (stage.cpp                 : 210)   STAGE == Contig Output (id: contig_output)
  0:04:53.744  1883M / 7585M INFO    General                 (contig_output.hpp         :  20)   Outputting contigs to "${ARTICLE30_WORK_DIR}/assemblies/metaspades-single-MOCK2/K55/before_rr.fasta"
  0:04:54.492  1883M / 7585M INFO    General                 (contig_output_stage.cpp   : 159)   Writing GFA graph to "${ARTICLE30_WORK_DIR}/assemblies/metaspades-single-MOCK2/K55/assembly_graph_after_simplification.gfa"
  0:04:55.059  1883M / 7585M INFO   StageManager             (stage.cpp                 : 210)   STAGE == Paired Information Counting (id: late_pair_info_count)
  0:04:55.414  1990M / 7585M INFO    General                 (graph_pack_helpers.cpp    :  55)   Normalizing k-mer map. Total 13166684 kmers to process
  0:05:00.236  2001M / 7585M INFO    General                 (kmer_mapper.hpp           :  87)   Total 20980 kmers with non-trivial roots
  0:05:00.239  1990M / 7585M INFO    General                 (graph_pack_helpers.cpp    :  57)   Normalizing done
  0:05:00.240  1990M / 7585M INFO    General                 (pair_info_count.cpp       : 165)   Min edge length for estimation: 900
  0:05:00.240  1990M / 7585M INFO    General                 (pair_info_count.cpp       : 176)   Estimating insert size for library #0
  0:05:00.241  1990M / 7585M INFO    General                 (pair_info_count.cpp       :  41)   Selecting usual mapper
  0:05:00.241  1990M / 7585M INFO    General                 (paired_info_utils.cpp     : 102)   Estimating insert size (takes a while)
  0:05:00.436  2262M / 7585M INFO    General                 (sequence_mapper_notifier.h:  80)   Starting sequence mapping
  0:05:08.619  2262M / 7585M INFO    General                 (sequence_mapper_notifier.h: 120)   Total 1999888 reads processed
  0:05:08.724  2262M / 7585M INFO    General                 (paired_info_utils.cpp     : 119)   Edge pairs: 268317
  0:05:08.725  2262M / 7585M INFO    General                 (paired_info_utils.cpp     : 121)   1312179 paired reads (65.6126% of all) aligned to long edges
  0:05:08.726  1990M / 7585M INFO    General                 (pair_info_count.cpp       : 196)     Insert size = 424.921, deviation = 90.2395, left quantile = 318, right quantile = 542, read length = 150
  0:05:08.734  1990M / 7585M INFO    General                 (pair_info_count.cpp       : 211)   Filtering data for library #0
  0:05:08.735  1990M / 7585M INFO    General                 (pair_info_count.cpp       :  41)   Selecting usual mapper
  0:05:08.736  1991M / 7585M INFO    General                 (sequence_mapper_notifier.h:  80)   Starting sequence mapping
  0:05:16.535  1991M / 7585M INFO    General                 (sequence_mapper_notifier.h: 120)   Total 1999888 reads processed
  0:05:16.536  1991M / 7585M INFO    General                 (pair_info_count.cpp       : 216)   Mapping library #0
  0:05:16.536  1991M / 7585M INFO    General                 (pair_info_count.cpp       : 218)   Mapping paired reads (takes a while)
  0:05:16.537  1991M / 7585M INFO    General                 (pair_info_count.cpp       :  41)   Selecting usual mapper
  0:05:16.537  1991M / 7585M INFO    General                 (paired_info_utils.cpp     : 152)   Left insert size quantile 318, right insert size quantile 542, filtering threshold 1, rounding threshold 0
  0:05:16.542  2004M / 7585M INFO    General                 (sequence_mapper_notifier.h:  80)   Starting sequence mapping
  0:05:24.479  2025M / 7585M INFO    General                 (sequence_mapper_notifier.h: 120)   Total 1999888 reads processed
  0:05:24.546  2018M / 7585M INFO    General                 (pair_info_count.cpp       : 172)   Mapping contigs library #1
  0:05:24.546  2018M / 7585M INFO    General                 (pair_info_count.cpp       :  41)   Selecting usual mapper
  0:05:24.549  2018M / 7585M INFO    General                 (sequence_mapper_notifier.h:  80)   Starting sequence mapping
  0:05:30.331  2039M / 7585M INFO    General                 (sequence_mapper_notifier.h: 120)   Total 131154 reads processed
  0:05:30.331  2039M / 7585M INFO   StageManager             (stage.cpp                 : 210)   STAGE == Distance Estimation (id: distance_estimation)
  0:05:30.332  2039M / 7585M INFO    General                 (distance_estimation.cpp   :  75)   Processing library #0
  0:05:30.333  2039M / 7585M INFO    General                 (distance_estimation_utils.:  23)   Estimating distances
  0:05:30.333  2039M / 7585M INFO   DistanceEstimator        (distance_estimation.hpp   : 132)   Using SIMPLE distance estimator
  0:05:31.487  2041M / 7585M INFO    General                 (distance_estimation_utils.: 137)   Refining clustered pair information
  0:05:31.547  2041M / 7585M INFO    General                 (distance_estimation_utils.: 139)   The refining of clustered pair information has been finished
  0:05:31.548  2041M / 7585M INFO    General                 (distance_estimation_utils.: 141)   Improving paired information
  0:05:31.748  2043M / 7585M INFO   PairInfoImprover         (pair_info_improver.hpp    :  80)   Paired info stats: missing = 25948; contradictional = 0
  0:05:31.941  2043M / 7585M INFO   PairInfoImprover         (pair_info_improver.hpp    :  80)   Paired info stats: missing = 2706; contradictional = 0
  0:05:31.942  2043M / 7585M INFO    General                 (distance_estimation_utils.:  81)   Filling scaffolding index
  0:05:31.942  2043M / 7585M INFO    General                 (distance_estimation_utils.:  23)   Estimating distances
  0:05:31.943  2043M / 7585M INFO   DistanceEstimator        (distance_estimation.hpp   : 132)   Using SMOOTHING distance estimator
  0:05:33.488  2045M / 7585M INFO    General                 (distance_estimation.cpp   :  84)   Clearing raw paired index
  0:05:33.538  2017M / 7585M INFO   StageManager             (stage.cpp                 : 210)   STAGE == Repeat Resolving (id: repeat_resolving)
  0:05:33.539  2017M / 7585M INFO    General                 (repeat_resolving.cpp      :  88)   Using Path-Extend repeat resolving
  0:05:33.539  2017M / 7585M INFO    General                 (launcher.cpp              : 636)   ExSPAnder repeat resolving tool started
  0:05:33.672  2093M / 7585M INFO    General                 (launcher.cpp              : 444)   Creating main extenders, unique edge length = 2000
  0:05:33.674  2127M / 7585M INFO    General                 (launcher.cpp              : 362)   filling path container
  0:05:33.713  2130M / 7585M INFO    General                 (extenders_logic.cpp       : 352)   Creating extender; library index size: 346858
  0:05:33.714  2147M / 7585M INFO    General                 (extenders_logic.cpp       : 352)   Creating extender; library index size: 346858
  0:05:33.779  2187M / 7585M INFO    General                 (extenders_logic.cpp       :  54)   resolvable_repeat_length_bound set to 10000
  0:05:33.914  2217M / 7585M INFO    General                 (extenders_logic.cpp       : 550)   Using 1 paired-end library
  0:05:33.915  2217M / 7585M INFO    General                 (extenders_logic.cpp       : 551)   Using 1 paired-end scaffolding library
  0:05:33.915  2217M / 7585M INFO    General                 (extenders_logic.cpp       : 552)   Using 1 single read library
  0:05:33.946  2217M / 7585M INFO    General                 (launcher.cpp              : 409)   Filling backbone edges for long reads scaffolding...
  0:05:33.946  2217M / 7585M INFO    General                 (launcher.cpp              : 411)    with long reads paths
  0:05:33.947  2217M / 7585M INFO    General                 (launcher.cpp              : 420)   Removing fake unique with paired-end libs
  0:05:33.948  2217M / 7585M INFO    General                 (launcher.cpp              : 431)   0 unique edges
  0:05:33.948  2217M / 7585M INFO    General                 (extenders_logic.cpp       : 453)   Using 0 long reads scaffolding libraries
  0:05:33.949  2217M / 7585M INFO    General                 (extenders_logic.cpp       : 463)   Using additional coordinated coverage extender
  0:05:33.950  2234M / 7585M INFO    General                 (launcher.cpp              : 473)   Total number of extenders is 5
  0:05:33.950  2234M / 7585M INFO    General                 (path_extenders.cpp        :  36)   Processed 0 paths from 137639 (0%)
  0:05:34.110  2239M / 7585M INFO    General                 (path_extenders.cpp        :  34)   Processed 128 paths from 137639 (0%)
  0:05:34.204  2241M / 7585M INFO    General                 (path_extenders.cpp        :  34)   Processed 256 paths from 137639 (0%)
  0:05:34.315  2242M / 7585M INFO    General                 (path_extenders.cpp        :  34)   Processed 512 paths from 137639 (0%)
  0:05:34.467  2244M / 7585M INFO    General                 (path_extenders.cpp        :  34)   Processed 1024 paths from 137639 (0%)
  0:05:34.730  2247M / 7585M INFO    General                 (path_extenders.cpp        :  34)   Processed 2048 paths from 137639 (1%)
  0:05:35.153  2250M / 7585M INFO    General                 (path_extenders.cpp        :  34)   Processed 4096 paths from 137639 (2%)
  0:05:35.782  2254M / 7585M INFO    General                 (path_extenders.cpp        :  34)   Processed 8192 paths from 137639 (5%)
  0:05:36.382  2258M / 7585M INFO    General                 (path_extenders.cpp        :  36)   Processed 13764 paths from 137639 (10%)
  0:05:36.578  2259M / 7585M INFO    General                 (path_extenders.cpp        :  34)   Processed 16384 paths from 137639 (11%)
  0:05:37.220  2264M / 7585M INFO    General                 (path_extenders.cpp        :  36)   Processed 27528 paths from 137639 (20%)
  0:05:37.440  2267M / 7585M INFO    General                 (path_extenders.cpp        :  34)   Processed 32768 paths from 137639 (23%)
  0:05:37.770  2271M / 7585M INFO    General                 (path_extenders.cpp        :  36)   Processed 41292 paths from 137639 (30%)
  0:05:38.222  2277M / 7585M INFO    General                 (path_extenders.cpp        :  36)   Processed 55056 paths from 137639 (40%)
  0:05:38.499  2281M / 7585M INFO    General                 (path_extenders.cpp        :  34)   Processed 65536 paths from 137639 (47%)
  0:05:38.577  2282M / 7585M INFO    General                 (path_extenders.cpp        :  36)   Processed 68820 paths from 137639 (50%)
  0:05:38.823  2289M / 7585M INFO    General                 (path_extenders.cpp        :  36)   Processed 82584 paths from 137639 (60%)
  0:05:38.967  2294M / 7585M INFO    General                 (path_extenders.cpp        :  36)   Processed 96348 paths from 137639 (70%)
  0:05:39.070  2300M / 7585M INFO    General                 (path_extenders.cpp        :  36)   Processed 110112 paths from 137639 (80%)
  0:05:39.154  2305M / 7585M INFO    General                 (path_extenders.cpp        :  36)   Processed 123876 paths from 137639 (90%)
  0:05:39.194  2308M / 7585M INFO    General                 (path_extenders.cpp        :  34)   Processed 131072 paths from 137639 (95%)
  0:05:39.341  2256M / 7585M INFO    General                 (launcher.cpp              : 264)   Finalizing paths
  0:05:39.342  2256M / 7585M INFO    General                 (launcher.cpp              : 266)   Deduplicating paths
  0:05:39.406  2256M / 7585M INFO    General                 (launcher.cpp              : 270)   Paths deduplicated
  0:05:39.407  2256M / 7585M INFO   PEResolver               (pe_resolver.cpp           :  70)   Removing overlaps
  0:05:39.408  2256M / 7585M INFO   PEResolver               (pe_resolver.cpp           :  80)   Marking overlaps
  0:05:39.409  2256M / 7585M INFO   OverlapRemover           (overlap_remover.hpp       : 120)   Marking start/end overlaps
  0:05:39.536  2256M / 7585M INFO   OverlapRemover           (overlap_remover.hpp       : 123)   Marking remaining overlaps
  0:05:39.660  2257M / 7585M INFO   PEResolver               (pe_resolver.cpp           :  83)   Splitting paths
  0:05:39.690  2260M / 7585M INFO   PEResolver               (pe_resolver.cpp           :  88)   Deduplicating paths
  0:05:39.750  2257M / 7585M INFO   PEResolver               (pe_resolver.cpp           :  90)   Overlaps removed
  0:05:39.823  2256M / 7585M INFO    General                 (launcher.cpp              : 287)   Paths finalized
  0:05:39.824  2256M / 7585M INFO    General                 (launcher.cpp              : 482)   Closing gaps in paths
  0:05:40.052  2304M / 7585M INFO    General                 (launcher.cpp              : 512)   Gap closing completed
  0:05:40.180  2124M / 7585M INFO    General                 (launcher.cpp              : 320)   Traversing tandem repeats
  0:05:42.737  2124M / 7585M INFO    General                 (launcher.cpp              : 330)   Traversed 19 loops
  0:05:42.738  2124M / 7585M INFO    General                 (launcher.cpp              : 264)   Finalizing paths
  0:05:42.738  2124M / 7585M INFO    General                 (launcher.cpp              : 266)   Deduplicating paths
  0:05:42.797  2124M / 7585M INFO    General                 (launcher.cpp              : 270)   Paths deduplicated
  0:05:42.798  2124M / 7585M INFO   PEResolver               (pe_resolver.cpp           :  70)   Removing overlaps
  0:05:42.798  2124M / 7585M INFO   PEResolver               (pe_resolver.cpp           :  80)   Marking overlaps
  0:05:42.799  2124M / 7585M INFO   OverlapRemover           (overlap_remover.hpp       : 120)   Marking start/end overlaps
  0:05:42.913  2124M / 7585M INFO   OverlapRemover           (overlap_remover.hpp       : 123)   Marking remaining overlaps
  0:05:43.028  2124M / 7585M INFO   PEResolver               (pe_resolver.cpp           :  83)   Splitting paths
  0:05:43.042  2124M / 7585M INFO   PEResolver               (pe_resolver.cpp           :  88)   Deduplicating paths
  0:05:43.098  2124M / 7585M INFO   PEResolver               (pe_resolver.cpp           :  90)   Overlaps removed
  0:05:43.167  2124M / 7585M INFO    General                 (launcher.cpp              : 287)   Paths finalized
  0:05:43.168  2124M / 7585M INFO    General                 (launcher.cpp              : 701)   ExSPAnder repeat resolving tool finished
  0:05:43.194  2065M / 7585M INFO   StageManager             (stage.cpp                 : 210)   STAGE == Contig Output (id: contig_output)
  0:05:43.196  2065M / 7585M INFO    General                 (contig_output.hpp         :  20)   Outputting contigs to "${ARTICLE30_WORK_DIR}/assemblies/metaspades-single-MOCK2/K55/before_rr.fasta"
  0:05:43.994  2065M / 7585M INFO    General                 (contig_output_stage.cpp   : 159)   Writing GFA graph to "${ARTICLE30_WORK_DIR}/assemblies/metaspades-single-MOCK2/K55/assembly_graph_with_scaffolds.gfa"
  0:05:44.518  2065M / 7585M INFO    General                 (contig_output_stage.cpp   : 175)   Outputting FastG graph to "${ARTICLE30_WORK_DIR}/assemblies/metaspades-single-MOCK2/K55/assembly_graph.fastg"
  0:05:46.054  2065M / 7585M INFO    General                 (contig_output_stage.cpp   : 210)   Breaking scaffolds
  0:05:46.910  2256M / 7585M INFO    General                 (contig_output_stage.cpp   : 101)   Outputting contigs to ${ARTICLE30_WORK_DIR}/assemblies/metaspades-single-MOCK2/K55/final_contigs.fasta
  0:05:47.256  2256M / 7585M INFO    General                 (contig_output_stage.cpp   : 107)   Outputting FastG paths to ${ARTICLE30_WORK_DIR}/assemblies/metaspades-single-MOCK2/K55/final_contigs.paths
  0:05:48.014  2182M / 7585M INFO    General                 (contig_output_stage.cpp   : 101)   Outputting contigs to ${ARTICLE30_WORK_DIR}/assemblies/metaspades-single-MOCK2/K55/scaffolds.fasta
  0:05:48.338  2182M / 7585M INFO    General                 (contig_output_stage.cpp   : 107)   Outputting FastG paths to ${ARTICLE30_WORK_DIR}/assemblies/metaspades-single-MOCK2/K55/scaffolds.paths
  0:05:48.464  2182M / 7585M INFO    General                 (contig_output_stage.cpp   : 114)   Populating GFA with scaffold paths
  0:05:48.601  2065M / 7585M INFO    General                 (pipeline.cpp              : 305)   SPAdes finished
  0:05:51.515     1M / 7585M INFO    General                 (main.cpp                  : 131)   Assembling time: 0 hours 5 minutes 51 seconds

===== K55 finished. 


===== Copy files started. 


== Running: ${HOME}/miniconda3/envs/metagenome-assembly-2026.07/bin/python3 ${HOME}/miniconda3/envs/metagenome-assembly-2026.07/share/spades/spades_pipeline/supplemetary/copy_files.py ${ARTICLE30_WORK_DIR}/assemblies/metaspades-single-MOCK2/K55/before_rr.fasta ${ARTICLE30_WORK_DIR}/assemblies/metaspades-single-MOCK2/before_rr.fasta ${ARTICLE30_WORK_DIR}/assemblies/metaspades-single-MOCK2/K55/assembly_graph_after_simplification.gfa ${ARTICLE30_WORK_DIR}/assemblies/metaspades-single-MOCK2/assembly_graph_after_simplification.gfa ${ARTICLE30_WORK_DIR}/assemblies/metaspades-single-MOCK2/K55/final_contigs.fasta ${ARTICLE30_WORK_DIR}/assemblies/metaspades-single-MOCK2/contigs.fasta ${ARTICLE30_WORK_DIR}/assemblies/metaspades-single-MOCK2/K55/first_pe_contigs.fasta ${ARTICLE30_WORK_DIR}/assemblies/metaspades-single-MOCK2/first_pe_contigs.fasta ${ARTICLE30_WORK_DIR}/assemblies/metaspades-single-MOCK2/K55/strain_graph.gfa ${ARTICLE30_WORK_DIR}/assemblies/metaspades-single-MOCK2/strain_graph.gfa ${ARTICLE30_WORK_DIR}/assemblies/metaspades-single-MOCK2/K55/scaffolds.fasta ${ARTICLE30_WORK_DIR}/assemblies/metaspades-single-MOCK2/scaffolds.fasta ${ARTICLE30_WORK_DIR}/assemblies/metaspades-single-MOCK2/K55/scaffolds.paths ${ARTICLE30_WORK_DIR}/assemblies/metaspades-single-MOCK2/scaffolds.paths ${ARTICLE30_WORK_DIR}/assemblies/metaspades-single-MOCK2/K55/assembly_graph_with_scaffolds.gfa ${ARTICLE30_WORK_DIR}/assemblies/metaspades-single-MOCK2/assembly_graph_with_scaffolds.gfa ${ARTICLE30_WORK_DIR}/assemblies/metaspades-single-MOCK2/K55/assembly_graph.fastg ${ARTICLE30_WORK_DIR}/assemblies/metaspades-single-MOCK2/assembly_graph.fastg ${ARTICLE30_WORK_DIR}/assemblies/metaspades-single-MOCK2/K55/final_contigs.paths ${ARTICLE30_WORK_DIR}/assemblies/metaspades-single-MOCK2/contigs.paths


===== Copy files finished. 


===== Assembling finished. 


===== Breaking scaffolds started. 


== Running: ${HOME}/miniconda3/envs/metagenome-assembly-2026.07/bin/python3 ${HOME}/miniconda3/envs/metagenome-assembly-2026.07/share/spades/spades_pipeline/supplemetary/breaking_scaffolds_script.py --result_scaffolds_filename ${ARTICLE30_WORK_DIR}/assemblies/metaspades-single-MOCK2/scaffolds.fasta --misc_dir ${ARTICLE30_WORK_DIR}/assemblies/metaspades-single-MOCK2/misc --threshold_for_breaking_scaffolds 3


===== Breaking scaffolds finished. 


===== Terminate started. 


===== Terminate finished. 

 * Assembled contigs are in ${ARTICLE30_WORK_DIR}/assemblies/metaspades-single-MOCK2/contigs.fasta
 * Assembled scaffolds are in ${ARTICLE30_WORK_DIR}/assemblies/metaspades-single-MOCK2/scaffolds.fasta
 * Paths in the assembly graph corresponding to the contigs are in ${ARTICLE30_WORK_DIR}/assemblies/metaspades-single-MOCK2/contigs.paths
 * Paths in the assembly graph corresponding to the scaffolds are in ${ARTICLE30_WORK_DIR}/assemblies/metaspades-single-MOCK2/scaffolds.paths
 * Assembly graph is in ${ARTICLE30_WORK_DIR}/assemblies/metaspades-single-MOCK2/assembly_graph.fastg
 * Assembly graph in GFA format is in ${ARTICLE30_WORK_DIR}/assemblies/metaspades-single-MOCK2/assembly_graph_with_scaffolds.gfa

======= SPAdes pipeline finished.

SPAdes log can be found here: ${ARTICLE30_WORK_DIR}/assemblies/metaspades-single-MOCK2/spades.log

Thank you for using metaSPAdes! If you use it in your research, please cite:

  Nurk, S., Meleshko, D., Korobeynikov, A. and Pevzner, P.A., 2017. metaSPAdes: a new versatile metagenomic assembler. Genome research, 27(5), pp.824-834.
  doi.org/10.1101/gr.213959.116

