Settings:
  Output files: "${ARTICLE30_WORK_DIR}/indexes/metaspades-coassembly.*.bt2"
  Line rate: 6 (line is 64 bytes)
  Lines per side: 1 (side is 64 bytes)
  Offset rate: 4 (one in 16)
  FTable chars: 10
  Strings: unpacked
  Max bucket size: default
  Max bucket size, sqrt multiplier: default
  Max bucket size, len divisor: 64
  Difference-cover sample period: 1024
  Endianness: little
  Actual local endianness: little
  Sanity checking: disabled
  Assertions: disabled
  Random seed: 0
  Sizeofs: void*:8, int:4, long:8, size_t:8
Input files DNA, FASTA:
  ${ARTICLE30_WORK_DIR}/assemblies/metaspades-coassembly/contigs.fasta
Building a SMALL index
Reading reference sizes
  Time reading reference sizes: 00:00:01
Calculating joined length
Writing header
Reserving space for joined string
Joining reference sequences
  Time to join reference sequences: 00:00:00
bmax according to bmaxDivN setting: 2041389
Using parameters --bmax 1531042 --dcv 1024
  Doing ahead-of-time memory usage test
  Passed!  Constructing with these parameters: --bmax 1531042 --dcv 1024
Constructing suffix-array element generator
Building DifferenceCoverSample
  Building sPrime
  Building sPrimeOrder
  V-Sorting samples
  V-Sorting samples time: 00:00:01
  Allocating rank array
  Ranking v-sort output
  Ranking v-sort output time: 00:00:00
  Invoking Larsson-Sadakane on ranks
  Invoking Larsson-Sadakane on ranks time: 00:00:01
  Sanity-checking and returning
Building samples
Reserving space for 172 sample suffixes
Generating random suffixes
QSorting 172 sample offsets, eliminating duplicates
QSorting sample offsets, eliminating duplicates time: 00:00:00
Multikey QSorting 172 samples
  (Using difference cover)
  Multikey QSorting samples time: 00:00:00
Calculating bucket sizes
Splitting and merging
  Splitting and merging time: 00:00:00
Split 23, merged 76; iterating...
Splitting and merging
  Splitting and merging time: 00:00:00
Split 13, merged 14; iterating...
Splitting and merging
  Splitting and merging time: 00:00:00
Split 5, merged 5; iterating...
Splitting and merging
  Splitting and merging time: 00:00:00
Split 4, merged 2; iterating...
Splitting and merging
  Splitting and merging time: 00:00:00
Split 2, merged 2; iterating...
Avg bucket size: 1.07974e+06 (target: 1531041)
Converting suffix-array elements to index image
Allocating ftab, absorbFtab
Entering Ebwt loop
Getting block 1 of 121
  Reserving size (1531042) for bucket 1
Getting block 2 of 121
Getting block 4 of 121
Getting block 5 of 121
  Reserving size (1531042) for bucket 5
  Calculating Z arrays for bucket 1
  Reserving size (1531042) for bucket 2
Getting block 6 of 121
  Reserving size (1531042) for bucket 6
Getting block 3 of 121
  Reserving size (1531042) for bucket 3
Getting block 11 of 121
  Entering block accumulator loop for bucket 1:
  Calculating Z arrays for bucket 6
Getting block 10 of 121
  Calculating Z arrays for bucket 2
  Reserving size (1531042) for bucket 11
Getting block 9 of 121
Getting block 13 of 121
  Reserving size (1531042) for bucket 13
  Calculating Z arrays for bucket 5
  Calculating Z arrays for bucket 3
  Entering block accumulator loop for bucket 2:
  Reserving size (1531042) for bucket 9
  Calculating Z arrays for bucket 13
  Entering block accumulator loop for bucket 6:
Getting block 14 of 121
  Calculating Z arrays for bucket 11
  Entering block accumulator loop for bucket 5:
  Reserving size (1531042) for bucket 4
  Entering block accumulator loop for bucket 13:
  Entering block accumulator loop for bucket 3:
Getting block 8 of 121
  Reserving size (1531042) for bucket 14
  Calculating Z arrays for bucket 9
Getting block 7 of 121
  Reserving size (1531042) for bucket 7
  Reserving size (1531042) for bucket 8
  Calculating Z arrays for bucket 14
Getting block 15 of 121
  Reserving size (1531042) for bucket 15
  Entering block accumulator loop for bucket 11:
Getting block 12 of 121
  Entering block accumulator loop for bucket 14:
  Calculating Z arrays for bucket 8
  Entering block accumulator loop for bucket 9:
  Reserving size (1531042) for bucket 10
  Entering block accumulator loop for bucket 8:
  Calculating Z arrays for bucket 15
  Calculating Z arrays for bucket 4
  Calculating Z arrays for bucket 7
  Reserving size (1531042) for bucket 12
  Calculating Z arrays for bucket 10
  Entering block accumulator loop for bucket 4:
  Entering block accumulator loop for bucket 15:
  Entering block accumulator loop for bucket 7:
  Entering block accumulator loop for bucket 10:
  Calculating Z arrays for bucket 12
  Entering block accumulator loop for bucket 12:
  bucket 1: 10%
  bucket 2: 10%
  bucket 3: 10%
  bucket 5: 10%
  bucket 8: 10%
  bucket 4: 10%
  bucket 11: 10%
  bucket 6: 10%
  bucket 9: 10%
  bucket 7: 10%
  bucket 10: 10%
  bucket 15: 10%
  bucket 12: 10%
  bucket 13: 10%
  bucket 14: 10%
  bucket 1: 20%
  bucket 2: 20%
  bucket 3: 20%
  bucket 5: 20%
  bucket 8: 20%
  bucket 4: 20%
  bucket 11: 20%
  bucket 6: 20%
  bucket 9: 20%
  bucket 7: 20%
  bucket 10: 20%
  bucket 15: 20%
  bucket 12: 20%
  bucket 13: 20%
  bucket 14: 20%
  bucket 1: 30%
  bucket 2: 30%
  bucket 3: 30%
  bucket 5: 30%
  bucket 8: 30%
  bucket 4: 30%
  bucket 11: 30%
  bucket 6: 30%
  bucket 7: 30%
  bucket 9: 30%
  bucket 10: 30%
  bucket 15: 30%
  bucket 12: 30%
  bucket 13: 30%
  bucket 14: 30%
  bucket 1: 40%
  bucket 2: 40%
  bucket 3: 40%
  bucket 5: 40%
  bucket 8: 40%
  bucket 4: 40%
  bucket 11: 40%
  bucket 6: 40%
  bucket 7: 40%
  bucket 9: 40%
  bucket 10: 40%
  bucket 15: 40%
  bucket 12: 40%
  bucket 1: 50%
  bucket 13: 40%
  bucket 2: 50%
  bucket 14: 40%
  bucket 3: 50%
  bucket 5: 50%
  bucket 8: 50%
  bucket 4: 50%
  bucket 11: 50%
  bucket 6: 50%
  bucket 9: 50%
  bucket 7: 50%
  bucket 1: 60%
  bucket 10: 50%
  bucket 15: 50%
  bucket 12: 50%
  bucket 2: 60%
  bucket 13: 50%
  bucket 3: 60%
  bucket 5: 60%
  bucket 14: 50%
  bucket 8: 60%
  bucket 4: 60%
  bucket 11: 60%
  bucket 6: 60%
  bucket 1: 70%
  bucket 9: 60%
  bucket 7: 60%
  bucket 10: 60%
  bucket 15: 60%
  bucket 2: 70%
  bucket 12: 60%
  bucket 3: 70%
  bucket 5: 70%
  bucket 13: 60%
  bucket 8: 70%
  bucket 4: 70%
  bucket 14: 60%
  bucket 11: 70%
  bucket 1: 80%
  bucket 6: 70%
  bucket 9: 70%
  bucket 7: 70%
  bucket 2: 80%
  bucket 10: 70%
  bucket 3: 80%
  bucket 15: 70%
  bucket 12: 70%
  bucket 5: 80%
  bucket 8: 80%
  bucket 13: 70%
  bucket 1: 90%
  bucket 4: 80%
  bucket 11: 80%
  bucket 6: 80%
  bucket 14: 70%
  bucket 2: 90%
  bucket 9: 80%
  bucket 7: 80%
  bucket 3: 90%
  bucket 10: 80%
  bucket 5: 90%
  bucket 15: 80%
  bucket 12: 80%
  bucket 8: 90%
  bucket 1: 100%
  Sorting block of length 1284650 for bucket 1
  (Using difference cover)
  bucket 4: 90%
  bucket 13: 80%
  bucket 11: 90%
  bucket 6: 90%
  bucket 2: 100%
  Sorting block of length 638247 for bucket 2
  (Using difference cover)
  bucket 9: 90%
  bucket 3: 100%
  Sorting block of length 1027395 for bucket 3
  (Using difference cover)
  bucket 7: 90%
  bucket 14: 80%
  bucket 5: 100%
  Sorting block of length 549794 for bucket 5
  (Using difference cover)
  bucket 10: 90%
  bucket 12: 90%
  bucket 15: 90%
  bucket 8: 100%
  Sorting block of length 204801 for bucket 8
  (Using difference cover)
  bucket 4: 100%
  Sorting block of length 1293536 for bucket 4
  (Using difference cover)
  bucket 11: 100%
  Sorting block of length 798473 for bucket 11
  (Using difference cover)
  Sorting block time: 00:00:00
Returning block of 204802 for bucket 8
  bucket 13: 90%
Getting block 16 of 121
  Reserving size (1531042) for bucket 16
  Calculating Z arrays for bucket 16
  Entering block accumulator loop for bucket 16:
  bucket 6: 100%
  Sorting block of length 1108726 for bucket 6
  (Using difference cover)
  bucket 9: 100%
  Sorting block of length 1387747 for bucket 9
  (Using difference cover)
  bucket 7: 100%
  Sorting block of length 1443130 for bucket 7
  (Using difference cover)
  bucket 14: 90%
  Sorting block time: 00:00:00
Returning block of 638248 for bucket 2
  bucket 10: 100%
  Sorting block of length 976987 for bucket 10
  (Using difference cover)
Getting block 17 of 121
  Reserving size (1531042) for bucket 17
  Calculating Z arrays for bucket 17
  Entering block accumulator loop for bucket 17:
  bucket 12: 100%
  Sorting block of length 1156576 for bucket 12
  (Using difference cover)
  bucket 15: 100%
  Sorting block of length 371722 for bucket 15
  (Using difference cover)
  Sorting block time: 00:00:00
Returning block of 549795 for bucket 5
Getting block 18 of 121
  Reserving size (1531042) for bucket 18
  Calculating Z arrays for bucket 18
  Entering block accumulator loop for bucket 18:
  bucket 13: 100%
  Sorting block of length 874584 for bucket 13
  (Using difference cover)
  bucket 16: 10%
  Sorting block time: 00:00:01
Returning block of 1284651 for bucket 1
Getting block 19 of 121
  Reserving size (1531042) for bucket 19
  Calculating Z arrays for bucket 19
  Entering block accumulator loop for bucket 19:
  Sorting block time: 00:00:01
Returning block of 1027396 for bucket 3
Getting block 20 of 121
  Reserving size (1531042) for bucket 20
  Calculating Z arrays for bucket 20
  Entering block accumulator loop for bucket 20:
  bucket 14: 100%
  Sorting block of length 1447856 for bucket 14
  (Using difference cover)
  bucket 17: 10%
  Sorting block time: 00:00:01
Returning block of 798474 for bucket 11
  Sorting block time: 00:00:01
Returning block of 371723 for bucket 15
Getting block 21 of 121
  Reserving size (1531042) for bucket 21
  Calculating Z arrays for bucket 21
  Entering block accumulator loop for bucket 21:
Getting block 22 of 121
  Reserving size (1531042) for bucket 22
  Calculating Z arrays for bucket 22
  Entering block accumulator loop for bucket 22:
  bucket 18: 10%
  bucket 16: 20%
  Sorting block time: 00:00:01
Returning block of 1108727 for bucket 6
  bucket 19: 10%
Getting block 23 of 121
  Reserving size (1531042) for bucket 23
  Calculating Z arrays for bucket 23
  Entering block accumulator loop for bucket 23:
  Sorting block time: 00:00:01
Returning block of 976988 for bucket 10
Getting block 24 of 121
  Reserving size (1531042) for bucket 24
  Calculating Z arrays for bucket 24
  Entering block accumulator loop for bucket 24:
  bucket 20: 10%
  bucket 17: 20%
  Sorting block time: 00:00:01
Returning block of 1293537 for bucket 4
  bucket 21: 10%
Getting block 25 of 121
  Reserving size (1531042) for bucket 25
  Calculating Z arrays for bucket 25
  Entering block accumulator loop for bucket 25:
  bucket 22: 10%
  Sorting block time: 00:00:01
Returning block of 874585 for bucket 13
  bucket 18: 20%
  Sorting block time: 00:00:01
Returning block of 1387748 for bucket 9
  Sorting block time: 00:00:01
Returning block of 1156577 for bucket 12
Getting block 26 of 121
  Reserving size (1531042) for bucket 26
  Calculating Z arrays for bucket 26
  Entering block accumulator loop for bucket 26:
Getting block 27 of 121
  Reserving size (1531042) for bucket 27
  Calculating Z arrays for bucket 27
  Entering block accumulator loop for bucket 27:
Getting block 28 of 121
  Reserving size (1531042) for bucket 28
  Calculating Z arrays for bucket 28
  Entering block accumulator loop for bucket 28:
  bucket 16: 30%
  Sorting block time: 00:00:01
Returning block of 1443131 for bucket 7
Getting block 29 of 121
  Reserving size (1531042) for bucket 29
  Calculating Z arrays for bucket 29
  Entering block accumulator loop for bucket 29:
  bucket 19: 20%
  bucket 23: 10%
  bucket 17: 30%
  bucket 24: 10%
  bucket 20: 20%
  bucket 21: 20%
  bucket 18: 30%
  bucket 25: 10%
  bucket 22: 20%
  bucket 26: 10%
  bucket 16: 40%
  bucket 27: 10%
  bucket 28: 10%
  Sorting block time: 00:00:00
Returning block of 1447857 for bucket 14
Getting block 30 of 121
  Reserving size (1531042) for bucket 30
  Calculating Z arrays for bucket 30
  Entering block accumulator loop for bucket 30:
  bucket 19: 30%
  bucket 17: 40%
  bucket 23: 20%
  bucket 29: 10%
  bucket 20: 30%
  bucket 24: 20%
  bucket 18: 40%
  bucket 21: 30%
  bucket 25: 20%
  bucket 22: 30%
  bucket 16: 50%
  bucket 26: 20%
  bucket 27: 20%
  bucket 28: 20%
  bucket 19: 40%
  bucket 17: 50%
  bucket 30: 10%
  bucket 23: 30%
  bucket 20: 40%
  bucket 29: 20%
  bucket 24: 30%
  bucket 18: 50%
  bucket 21: 40%
  bucket 25: 30%
  bucket 16: 60%
  bucket 22: 40%
  bucket 26: 30%
  bucket 27: 30%
  bucket 28: 30%
  bucket 17: 60%
  bucket 19: 50%
  bucket 23: 40%
  bucket 30: 20%
  bucket 20: 50%
  bucket 24: 40%
  bucket 29: 30%
  bucket 18: 60%
  bucket 21: 50%
  bucket 16: 70%
  bucket 25: 40%
  bucket 22: 50%
  bucket 26: 40%
  bucket 17: 70%
  bucket 19: 60%
  bucket 27: 40%
  bucket 28: 40%
  bucket 23: 50%
  bucket 20: 60%
  bucket 30: 30%
  bucket 18: 70%
  bucket 24: 50%
  bucket 29: 40%
  bucket 16: 80%
  bucket 21: 60%
  bucket 25: 50%
  bucket 17: 80%
  bucket 26: 50%
  bucket 22: 60%
  bucket 19: 70%
  bucket 27: 50%
  bucket 28: 50%
  bucket 23: 60%
  bucket 20: 70%
  bucket 18: 80%
  bucket 24: 60%
  bucket 30: 40%
  bucket 16: 90%
  bucket 21: 70%
  bucket 29: 50%
  bucket 17: 90%
  bucket 25: 60%
  bucket 26: 60%
  bucket 19: 80%
  bucket 22: 70%
  bucket 27: 60%
  bucket 28: 60%
  bucket 23: 70%
  bucket 20: 80%
  bucket 18: 90%
  bucket 16: 100%
  Sorting block of length 1305928 for bucket 16
  (Using difference cover)
  bucket 24: 70%
  bucket 30: 50%
  bucket 17: 100%
  Sorting block of length 542004 for bucket 17
  (Using difference cover)
  bucket 21: 80%
  bucket 29: 60%
  bucket 25: 70%
  bucket 19: 90%
  bucket 26: 70%
  bucket 22: 80%
  bucket 27: 70%
  bucket 28: 70%
  bucket 18: 100%
  Sorting block of length 1211088 for bucket 18
  (Using difference cover)
  bucket 23: 80%
  bucket 20: 90%
  bucket 24: 80%
  bucket 21: 90%
  bucket 30: 60%
  bucket 29: 70%
  bucket 25: 80%
  Sorting block time: 00:00:01
Returning block of 542005 for bucket 17
  bucket 19: 100%
  Sorting block of length 1316653 for bucket 19
  (Using difference cover)
Getting block 31 of 121
  Reserving size (1531042) for bucket 31
  Calculating Z arrays for bucket 31
  Entering block accumulator loop for bucket 31:
  bucket 26: 80%
  bucket 22: 90%
  bucket 27: 80%
  bucket 28: 80%
  bucket 23: 90%
  bucket 20: 100%
  Sorting block of length 1330252 for bucket 20
  (Using difference cover)
  bucket 24: 90%
  bucket 21: 100%
  Sorting block of length 1323752 for bucket 21
  (Using difference cover)
  bucket 30: 70%
  Sorting block time: 00:00:01
Returning block of 1305929 for bucket 16
  bucket 25: 90%
  bucket 29: 80%
Getting block 32 of 121
  Reserving size (1531042) for bucket 32
  Calculating Z arrays for bucket 32
  Entering block accumulator loop for bucket 32:
  bucket 31: 10%
  bucket 26: 90%
  bucket 22: 100%
  Sorting block of length 1530240 for bucket 22
  (Using difference cover)
  bucket 27: 90%
  bucket 28: 90%
  bucket 23: 100%
  Sorting block of length 448907 for bucket 23
  (Using difference cover)
  Sorting block time: 00:00:01
Returning block of 1211089 for bucket 18
  bucket 24: 100%
  Sorting block of length 1158994 for bucket 24
  (Using difference cover)
Getting block 33 of 121
  Reserving size (1531042) for bucket 33
  Calculating Z arrays for bucket 33
  Entering block accumulator loop for bucket 33:
  bucket 30: 80%
  bucket 25: 100%
  Sorting block of length 1400893 for bucket 25
  (Using difference cover)
  bucket 29: 90%
  bucket 26: 100%
  Sorting block of length 542992 for bucket 26
  (Using difference cover)
  bucket 31: 20%
  bucket 32: 10%
  bucket 27: 100%
  Sorting block of length 1077601 for bucket 27
  (Using difference cover)
  bucket 28: 100%
  Sorting block of length 1112797 for bucket 28
  (Using difference cover)
  Sorting block time: 00:00:00
Returning block of 448908 for bucket 23
Getting block 34 of 121
  Reserving size (1531042) for bucket 34
  Calculating Z arrays for bucket 34
  Entering block accumulator loop for bucket 34:
  Sorting block time: 00:00:00
Returning block of 1316654 for bucket 19
Getting block 35 of 121
  Reserving size (1531042) for bucket 35
  Calculating Z arrays for bucket 35
  Entering block accumulator loop for bucket 35:
  bucket 33: 10%
  bucket 30: 90%
  Sorting block time: 00:00:00
Returning block of 1330253 for bucket 20
  bucket 29: 100%
  Sorting block of length 619747 for bucket 29
  (Using difference cover)
Getting block 36 of 121
  Reserving size (1531042) for bucket 36
  Calculating Z arrays for bucket 36
  Entering block accumulator loop for bucket 36:
  Sorting block time: 00:00:00
Returning block of 542993 for bucket 26
Getting block 37 of 121
  Reserving size (1531042) for bucket 37
  Calculating Z arrays for bucket 37
  Entering block accumulator loop for bucket 37:
  bucket 31: 30%
  Sorting block time: 00:00:00
Returning block of 1323753 for bucket 21
Getting block 38 of 121
  Reserving size (1531042) for bucket 38
  Calculating Z arrays for bucket 38
  Entering block accumulator loop for bucket 38:
  bucket 32: 20%
  bucket 34: 10%
  Sorting block time: 00:00:00
Returning block of 1158995 for bucket 24
  bucket 30: 100%
  Sorting block of length 1505226 for bucket 30
  (Using difference cover)
  bucket 35: 10%
Getting block 39 of 121
  Reserving size (1531042) for bucket 39
  Calculating Z arrays for bucket 39
  Entering block accumulator loop for bucket 39:
  bucket 33: 20%
  Sorting block time: 00:00:00
Returning block of 1530241 for bucket 22
  bucket 36: 10%
  bucket 31: 40%
Getting block 40 of 121
  Reserving size (1531042) for bucket 40
  Calculating Z arrays for bucket 40
  Entering block accumulator loop for bucket 40:
  Sorting block time: 00:00:01
Returning block of 1400894 for bucket 25
  Sorting block time: 00:00:01
Returning block of 1077602 for bucket 27
  bucket 37: 10%
  Sorting block time: 00:00:01
Returning block of 619748 for bucket 29
Getting block 41 of 121
  Reserving size (1531042) for bucket 41
  Calculating Z arrays for bucket 41
  Entering block accumulator loop for bucket 41:
Getting block 42 of 121
  Reserving size (1531042) for bucket 42
  Calculating Z arrays for bucket 42
  Entering block accumulator loop for bucket 42:
Getting block 43 of 121
  Reserving size (1531042) for bucket 43
  Calculating Z arrays for bucket 43
  Entering block accumulator loop for bucket 43:
  Sorting block time: 00:00:01
Returning block of 1112798 for bucket 28
  bucket 38: 10%
Getting block 44 of 121
  Reserving size (1531042) for bucket 44
  Calculating Z arrays for bucket 44
  Entering block accumulator loop for bucket 44:
  bucket 32: 30%
  bucket 34: 20%
  bucket 35: 20%
  bucket 39: 10%
  bucket 33: 30%
  bucket 31: 50%
  bucket 36: 20%
  bucket 40: 10%
  bucket 37: 20%
  bucket 42: 10%
  bucket 43: 10%
  bucket 41: 10%
  bucket 38: 20%
  bucket 44: 10%
  bucket 32: 40%
  bucket 34: 30%
  bucket 35: 30%
  bucket 33: 40%
  Sorting block time: 00:00:01
Returning block of 1505227 for bucket 30
  bucket 31: 60%
  bucket 39: 20%
Getting block 45 of 121
  Reserving size (1531042) for bucket 45
  Calculating Z arrays for bucket 45
  Entering block accumulator loop for bucket 45:
  bucket 36: 30%
  bucket 40: 20%
  bucket 42: 20%
  bucket 37: 30%
  bucket 43: 20%
  bucket 41: 20%
  bucket 38: 30%
  bucket 44: 20%
  bucket 32: 50%
  bucket 34: 40%
  bucket 35: 40%
  bucket 31: 70%
  bucket 33: 50%
  bucket 39: 30%
  bucket 45: 10%
  bucket 36: 40%
  bucket 40: 30%
  bucket 37: 40%
  bucket 43: 30%
  bucket 42: 30%
  bucket 38: 40%
  bucket 41: 30%
  bucket 44: 30%
  bucket 32: 60%
  bucket 34: 50%
  bucket 35: 50%
  bucket 31: 80%
  bucket 33: 60%
  bucket 39: 40%
  bucket 36: 50%
  bucket 45: 20%
  bucket 40: 40%
  bucket 42: 40%
  bucket 37: 50%
  bucket 43: 40%
  bucket 38: 50%
  bucket 41: 40%
  bucket 44: 40%
  bucket 34: 60%
  bucket 31: 90%
  bucket 32: 70%
  bucket 35: 60%
  bucket 33: 70%
  bucket 39: 50%
  bucket 36: 60%
  bucket 45: 30%
  bucket 42: 50%
  bucket 40: 50%
  bucket 43: 50%
  bucket 31: 100%
  Sorting block of length 855330 for bucket 31
  (Using difference cover)
  bucket 38: 60%
  bucket 37: 60%
  bucket 41: 50%
  bucket 34: 70%
  bucket 44: 50%
  bucket 32: 80%
  bucket 35: 70%
  bucket 33: 80%
  bucket 39: 60%
  bucket 36: 70%
  bucket 45: 40%
  bucket 42: 60%
  bucket 43: 60%
  bucket 40: 60%
  bucket 38: 70%
  bucket 37: 70%
  bucket 34: 80%
  bucket 35: 80%
  bucket 41: 60%
  bucket 44: 60%
  bucket 32: 90%
  bucket 33: 90%
  Sorting block time: 00:00:00
Returning block of 855331 for bucket 31
Getting block 46 of 121
  Reserving size (1531042) for bucket 46
  Calculating Z arrays for bucket 46
  Entering block accumulator loop for bucket 46:
  bucket 36: 80%
  bucket 39: 70%
  bucket 45: 50%
  bucket 42: 70%
  bucket 38: 80%
  bucket 43: 70%
  bucket 40: 70%
  bucket 35: 90%
  bucket 34: 90%
  bucket 37: 80%
  bucket 41: 70%
  bucket 33: 100%
  Sorting block of length 1360114 for bucket 33
  (Using difference cover)
  bucket 44: 70%
  bucket 32: 100%
  Sorting block of length 945667 for bucket 32
  (Using difference cover)
  bucket 46: 10%
  bucket 36: 90%
  bucket 39: 80%
  bucket 42: 80%
  bucket 45: 60%
  bucket 38: 90%
  bucket 35: 100%
  Sorting block of length 1499030 for bucket 35
  (Using difference cover)
  bucket 43: 80%
  bucket 34: 100%
  Sorting block of length 782590 for bucket 34
  (Using difference cover)
  bucket 40: 80%
  bucket 37: 90%
  bucket 41: 80%
  bucket 44: 80%
  bucket 46: 20%
  bucket 36: 100%
  Sorting block of length 304106 for bucket 36
  (Using difference cover)
  Sorting block time: 00:00:01
Returning block of 945668 for bucket 32
  bucket 39: 90%
Getting block 47 of 121
  Reserving size (1531042) for bucket 47
  Calculating Z arrays for bucket 47
  Entering block accumulator loop for bucket 47:
  bucket 42: 90%
  bucket 38: 100%
  Sorting block of length 1032217 for bucket 38
  (Using difference cover)
  bucket 45: 70%
  bucket 43: 90%
  bucket 40: 90%
  Sorting block time: 00:00:00
Returning block of 304107 for bucket 36
Getting block 48 of 121
  Reserving size (1531042) for bucket 48
  Calculating Z arrays for bucket 48
  Entering block accumulator loop for bucket 48:
  bucket 37: 100%
  Sorting block of length 1367369 for bucket 37
  (Using difference cover)
  bucket 41: 90%
  bucket 44: 90%
  Sorting block time: 00:00:01
Returning block of 1360115 for bucket 33
  Sorting block time: 00:00:00
Returning block of 782591 for bucket 34
  bucket 46: 30%
Getting block 49 of 121
  Reserving size (1531042) for bucket 49
  Calculating Z arrays for bucket 49
  Entering block accumulator loop for bucket 49:
Getting block 50 of 121
  Reserving size (1531042) for bucket 50
  Calculating Z arrays for bucket 50
  Entering block accumulator loop for bucket 50:
  bucket 39: 100%
  Sorting block of length 810391 for bucket 39
  (Using difference cover)
  bucket 47: 10%
  bucket 42: 100%
  Sorting block of length 231179 for bucket 42
  (Using difference cover)
  bucket 43: 100%
  Sorting block of length 1441986 for bucket 43
  (Using difference cover)
  bucket 45: 80%
  bucket 40: 100%
  Sorting block of length 847831 for bucket 40
  (Using difference cover)
  bucket 48: 10%
  bucket 41: 100%
  Sorting block of length 936887 for bucket 41
  (Using difference cover)
  bucket 44: 100%
  Sorting block of length 1504688 for bucket 44
  (Using difference cover)
  bucket 46: 40%
  bucket 49: 10%
  Sorting block time: 00:00:00
Returning block of 231180 for bucket 42
  Sorting block time: 00:00:00
Returning block of 1499031 for bucket 35
Getting block 51 of 121
  Reserving size (1531042) for bucket 51
  Calculating Z arrays for bucket 51
  Entering block accumulator loop for bucket 51:
  bucket 50: 10%
Getting block 52 of 121
  Reserving size (1531042) for bucket 52
  Calculating Z arrays for bucket 52
  Entering block accumulator loop for bucket 52:
  Sorting block time: 00:00:00
Returning block of 1032218 for bucket 38
  bucket 47: 20%
Getting block 53 of 121
  Reserving size (1531042) for bucket 53
  Calculating Z arrays for bucket 53
  Entering block accumulator loop for bucket 53:
  bucket 45: 90%
  Sorting block time: 00:00:00
Returning block of 810392 for bucket 39
  Sorting block time: 00:00:00
Returning block of 1367370 for bucket 37
Getting block 54 of 121
  Reserving size (1531042) for bucket 54
  Calculating Z arrays for bucket 54
  Entering block accumulator loop for bucket 54:
  bucket 48: 20%
Getting block 55 of 121
  Reserving size (1531042) for bucket 55
  Calculating Z arrays for bucket 55
  Entering block accumulator loop for bucket 55:
  bucket 46: 50%
  bucket 49: 20%
  Sorting block time: 00:00:00
Returning block of 847832 for bucket 40
  bucket 50: 20%
  bucket 51: 10%
Getting block 56 of 121
  Reserving size (1531042) for bucket 56
  Calculating Z arrays for bucket 56
  Entering block accumulator loop for bucket 56:
  Sorting block time: 00:00:00
Returning block of 936888 for bucket 41
  bucket 52: 10%
Getting block 57 of 121
  Reserving size (1531042) for bucket 57
  Calculating Z arrays for bucket 57
  Entering block accumulator loop for bucket 57:
  bucket 47: 30%
  bucket 53: 10%
  Sorting block time: 00:00:01
Returning block of 1441987 for bucket 43
  bucket 45: 100%
  Sorting block of length 1977743 for bucket 45
  (Using difference cover)
  bucket 48: 30%
Getting block 58 of 121
  Reserving size (1531042) for bucket 58
  Calculating Z arrays for bucket 58
  Entering block accumulator loop for bucket 58:
  bucket 54: 10%
  Sorting block time: 00:00:01
Returning block of 1504689 for bucket 44
  bucket 46: 60%
  bucket 55: 10%
Getting block 59 of 121
  Reserving size (1531042) for bucket 59
  Calculating Z arrays for bucket 59
  Entering block accumulator loop for bucket 59:
  bucket 49: 30%
  bucket 50: 30%
  bucket 51: 20%
  bucket 56: 10%
  bucket 52: 20%
  bucket 47: 40%
  bucket 57: 10%
  bucket 53: 20%
  bucket 48: 40%
  bucket 58: 10%
  bucket 46: 70%
  bucket 54: 20%
  bucket 55: 20%
  bucket 59: 10%
  bucket 49: 40%
  bucket 50: 40%
  bucket 52: 30%
  bucket 51: 30%
  bucket 47: 50%
  bucket 56: 20%
  bucket 57: 20%
  bucket 53: 30%
  bucket 48: 50%
  bucket 46: 80%
  bucket 58: 20%
  bucket 54: 30%
  Sorting block time: 00:00:00
Returning block of 1977744 for bucket 45
  bucket 55: 30%
  bucket 59: 20%
Getting block 60 of 121
  Reserving size (1531042) for bucket 60
  Calculating Z arrays for bucket 60
  Entering block accumulator loop for bucket 60:
  bucket 49: 50%
  bucket 50: 50%
  bucket 47: 60%
  bucket 52: 40%
  bucket 56: 30%
  bucket 51: 40%
  bucket 57: 30%
  bucket 53: 40%
  bucket 48: 60%
  bucket 46: 90%
  bucket 58: 30%
  bucket 54: 40%
  bucket 59: 30%
  bucket 49: 60%
  bucket 55: 40%
  bucket 60: 10%
  bucket 50: 60%
  bucket 47: 70%
  bucket 52: 50%
  bucket 56: 40%
  bucket 51: 50%
  bucket 48: 70%
  bucket 53: 50%
  bucket 57: 40%
  bucket 46: 100%
  Sorting block of length 255820 for bucket 46
  (Using difference cover)
  bucket 58: 40%
  Sorting block time: 00:00:00
Returning block of 255821 for bucket 46
  bucket 54: 50%
Getting block 61 of 121
  Reserving size (1531042) for bucket 61
  Calculating Z arrays for bucket 61
  Entering block accumulator loop for bucket 61:
  bucket 49: 70%
  bucket 47: 80%
  bucket 59: 40%
  bucket 50: 70%
  bucket 55: 50%
  bucket 52: 60%
  bucket 60: 20%
  bucket 56: 50%
  bucket 48: 80%
  bucket 51: 60%
  bucket 53: 60%
  bucket 57: 50%
  bucket 58: 50%
  bucket 54: 60%
  bucket 61: 10%
  bucket 47: 90%
  bucket 49: 80%
  bucket 50: 80%
  bucket 59: 50%
  bucket 52: 70%
  bucket 55: 60%
  bucket 60: 30%
  bucket 48: 90%
  bucket 56: 60%
  bucket 51: 70%
  bucket 53: 70%
  bucket 57: 60%
  bucket 58: 60%
  bucket 47: 100%
  Sorting block of length 1495264 for bucket 47
  (Using difference cover)
  bucket 54: 70%
  bucket 61: 20%
  bucket 49: 90%
  bucket 50: 90%
  bucket 52: 80%
  bucket 59: 60%
  bucket 48: 100%
  Sorting block of length 298964 for bucket 48
  (Using difference cover)
  bucket 55: 70%
  bucket 60: 40%
  bucket 56: 70%
  bucket 51: 80%
  bucket 53: 80%
  Sorting block time: 00:00:00
Returning block of 298965 for bucket 48
Getting block 62 of 121
  Reserving size (1531042) for bucket 62
  Calculating Z arrays for bucket 62
  Entering block accumulator loop for bucket 62:
  bucket 57: 70%
  bucket 58: 70%
  bucket 54: 80%
  bucket 49: 100%
  Sorting block of length 1486307 for bucket 49
  (Using difference cover)
  bucket 50: 100%
  Sorting block of length 284879 for bucket 50
  (Using difference cover)
  bucket 61: 30%
  bucket 52: 90%
  bucket 59: 70%
  bucket 55: 80%
  bucket 60: 50%
  bucket 56: 80%
  bucket 51: 90%
  Sorting block time: 00:00:00
Returning block of 284880 for bucket 50
Getting block 63 of 121
  Reserving size (1531042) for bucket 63
  Calculating Z arrays for bucket 63
  Entering block accumulator loop for bucket 63:
  bucket 53: 90%
  Sorting block time: 00:00:01
Returning block of 1495265 for bucket 47
  bucket 62: 10%
  bucket 57: 80%
Getting block 64 of 121
  Reserving size (1531042) for bucket 64
  Calculating Z arrays for bucket 64
  Entering block accumulator loop for bucket 64:
  bucket 58: 80%
  bucket 61: 40%
  bucket 52: 100%
  Sorting block of length 874605 for bucket 52
  (Using difference cover)
  bucket 54: 90%
  bucket 59: 80%
  bucket 60: 60%
  bucket 55: 90%
  bucket 56: 90%
  bucket 51: 100%
  Sorting block of length 1377709 for bucket 51
  (Using difference cover)
  bucket 53: 100%
  Sorting block of length 1458117 for bucket 53
  (Using difference cover)
  bucket 62: 20%
  bucket 63: 10%
  bucket 57: 90%
  bucket 64: 10%
  Sorting block time: 00:00:00
Returning block of 1486308 for bucket 49
  bucket 58: 90%
Getting block 65 of 121
  Reserving size (1531042) for bucket 65
  Calculating Z arrays for bucket 65
  Entering block accumulator loop for bucket 65:
  bucket 61: 50%
  bucket 54: 100%
  Sorting block of length 1214052 for bucket 54
  (Using difference cover)
  bucket 59: 90%
  Sorting block time: 00:00:00
Returning block of 874606 for bucket 52
Getting block 66 of 121
  Reserving size (1531042) for bucket 66
  Calculating Z arrays for bucket 66
  Entering block accumulator loop for bucket 66:
  bucket 60: 70%
  bucket 55: 100%
  Sorting block of length 1237028 for bucket 55
  (Using difference cover)
  bucket 56: 100%
  Sorting block of length 656189 for bucket 56
  (Using difference cover)
  bucket 62: 30%
  bucket 57: 100%
  Sorting block of length 949654 for bucket 57
  (Using difference cover)
  bucket 64: 20%
  bucket 63: 20%
  bucket 58: 100%
  Sorting block of length 1076361 for bucket 58
  (Using difference cover)
  bucket 61: 60%
  bucket 65: 10%
  bucket 59: 100%
  Sorting block of length 910834 for bucket 59
  (Using difference cover)
  Sorting block time: 00:00:01
Returning block of 1377710 for bucket 51
  Sorting block time: 00:00:01
Returning block of 1458118 for bucket 53
  bucket 60: 80%
  bucket 66: 10%
Getting block 67 of 121
  Reserving size (1531042) for bucket 67
  Calculating Z arrays for bucket 67
  Entering block accumulator loop for bucket 67:
Getting block 68 of 121
  Reserving size (1531042) for bucket 68
  Calculating Z arrays for bucket 68
  Entering block accumulator loop for bucket 68:
  Sorting block time: 00:00:01
Returning block of 656190 for bucket 56
Getting block 69 of 121
  Reserving size (1531042) for bucket 69
  Calculating Z arrays for bucket 69
  Entering block accumulator loop for bucket 69:
  bucket 62: 40%
  Sorting block time: 00:00:01
Returning block of 1214053 for bucket 54
  bucket 64: 30%
Getting block 70 of 121
  Reserving size (1531042) for bucket 70
  Calculating Z arrays for bucket 70
  Entering block accumulator loop for bucket 70:
  bucket 63: 30%
  Sorting block time: 00:00:01
Returning block of 1237029 for bucket 55
  Sorting block time: 00:00:01
Returning block of 949655 for bucket 57
Getting block 71 of 121
  Reserving size (1531042) for bucket 71
  Calculating Z arrays for bucket 71
  Entering block accumulator loop for bucket 71:
  bucket 61: 70%
Getting block 72 of 121
  Reserving size (1531042) for bucket 72
  Calculating Z arrays for bucket 72
  Entering block accumulator loop for bucket 72:
  bucket 65: 20%
  Sorting block time: 00:00:01
Returning block of 910835 for bucket 59
  bucket 60: 90%
  bucket 66: 20%
  Sorting block time: 00:00:01
Returning block of 1076362 for bucket 58
Getting block 73 of 121
  Reserving size (1531042) for bucket 73
  Calculating Z arrays for bucket 73
  Entering block accumulator loop for bucket 73:
  bucket 67: 10%
Getting block 74 of 121
  Reserving size (1531042) for bucket 74
  Calculating Z arrays for bucket 74
  Entering block accumulator loop for bucket 74:
  bucket 68: 10%
  bucket 69: 10%
  bucket 62: 50%
  bucket 64: 40%
  bucket 70: 10%
  bucket 63: 40%
  bucket 61: 80%
  bucket 71: 10%
  bucket 65: 30%
  bucket 72: 10%
  bucket 60: 100%
  Sorting block of length 959620 for bucket 60
  (Using difference cover)
  bucket 66: 30%
  bucket 73: 10%
  bucket 67: 20%
  bucket 68: 20%
  bucket 74: 10%
  bucket 62: 60%
  bucket 69: 20%
  bucket 64: 50%
  bucket 70: 20%
  bucket 61: 90%
  bucket 71: 20%
  bucket 63: 50%
  bucket 65: 40%
  bucket 72: 20%
  bucket 66: 40%
  bucket 73: 20%
  bucket 67: 30%
  Sorting block time: 00:00:00
Returning block of 959621 for bucket 60
  bucket 68: 30%
Getting block 75 of 121
  Reserving size (1531042) for bucket 75
  Calculating Z arrays for bucket 75
  Entering block accumulator loop for bucket 75:
  bucket 74: 20%
  bucket 62: 70%
  bucket 69: 30%
  bucket 64: 60%
  bucket 70: 30%
  bucket 61: 100%
  Sorting block of length 1046450 for bucket 61
  (Using difference cover)
  bucket 71: 30%
  bucket 65: 50%
  bucket 63: 60%
  bucket 72: 30%
  bucket 66: 50%
  bucket 73: 30%
  bucket 68: 40%
  bucket 67: 40%
  bucket 62: 80%
  bucket 75: 10%
  bucket 74: 30%
  bucket 64: 70%
  bucket 69: 40%
  bucket 70: 40%
  bucket 71: 40%
  bucket 65: 60%
  bucket 72: 40%
  bucket 63: 70%
  bucket 66: 60%
  Sorting block time: 00:00:00
Returning block of 1046451 for bucket 61
  bucket 73: 40%
Getting block 76 of 121
  Reserving size (1531042) for bucket 76
  Calculating Z arrays for bucket 76
  Entering block accumulator loop for bucket 76:
  bucket 68: 50%
  bucket 67: 50%
  bucket 62: 90%
  bucket 75: 20%
  bucket 64: 80%
  bucket 74: 40%
  bucket 69: 50%
  bucket 70: 50%
  bucket 71: 50%
  bucket 65: 70%
  bucket 72: 50%
  bucket 66: 70%
  bucket 63: 80%
  bucket 73: 50%
  bucket 76: 10%
  bucket 68: 60%
  bucket 62: 100%
  Sorting block of length 1456701 for bucket 62
  (Using difference cover)
  bucket 67: 60%
  bucket 75: 30%
  bucket 64: 90%
  bucket 74: 50%
  bucket 69: 60%
  bucket 70: 60%
  bucket 71: 60%
  bucket 65: 80%
  bucket 66: 80%
  bucket 72: 60%
  bucket 63: 90%
  bucket 68: 70%
  bucket 73: 60%
  bucket 76: 20%
  bucket 67: 70%
  bucket 64: 100%
  Sorting block of length 1222595 for bucket 64
  (Using difference cover)
  bucket 75: 40%
  bucket 74: 60%
  bucket 69: 70%
  bucket 70: 70%
  Sorting block time: 00:00:01
Returning block of 1456702 for bucket 62
  bucket 71: 70%
  bucket 65: 90%
Getting block 77 of 121
  Reserving size (1531042) for bucket 77
  Calculating Z arrays for bucket 77
  Entering block accumulator loop for bucket 77:
  bucket 66: 90%
  bucket 72: 70%
  bucket 68: 80%
  bucket 73: 70%
  bucket 76: 30%
  bucket 63: 100%
  Sorting block of length 1263970 for bucket 63
  (Using difference cover)
  bucket 67: 80%
  bucket 75: 50%
  bucket 74: 70%
  Sorting block time: 00:00:00
Returning block of 1222596 for bucket 64
  bucket 69: 80%
Getting block 78 of 121
  Reserving size (1531042) for bucket 78
  Calculating Z arrays for bucket 78
  Entering block accumulator loop for bucket 78:
  bucket 70: 80%
  bucket 65: 100%
  Sorting block of length 1439962 for bucket 65
  (Using difference cover)
  bucket 71: 80%
  bucket 77: 10%
  bucket 66: 100%
  Sorting block of length 782438 for bucket 66
  (Using difference cover)
  bucket 72: 80%
  bucket 68: 90%
  bucket 73: 80%
  bucket 76: 40%
  bucket 67: 90%
  bucket 75: 60%
  bucket 74: 80%
  bucket 69: 90%
  bucket 78: 10%
  bucket 70: 90%
  Sorting block time: 00:00:00
Returning block of 1263971 for bucket 63
  bucket 71: 90%
  bucket 77: 20%
Getting block 79 of 121
  Reserving size (1531042) for bucket 79
  Calculating Z arrays for bucket 79
  Entering block accumulator loop for bucket 79:
  Sorting block time: 00:00:01
Returning block of 782439 for bucket 66
Getting block 80 of 121
  Reserving size (1531042) for bucket 80
  Calculating Z arrays for bucket 80
  Entering block accumulator loop for bucket 80:
  bucket 68: 100%
  Sorting block of length 1476771 for bucket 68
  (Using difference cover)
  bucket 72: 90%
  bucket 73: 90%
  bucket 76: 50%
  bucket 67: 100%
  Sorting block of length 1525035 for bucket 67
  (Using difference cover)
  bucket 75: 70%
  Sorting block time: 00:00:01
Returning block of 1439963 for bucket 65
  bucket 69: 100%
  Sorting block of length 1493757 for bucket 69
  (Using difference cover)
  bucket 74: 90%
  bucket 78: 20%
Getting block 81 of 121
  Reserving size (1531042) for bucket 81
  Calculating Z arrays for bucket 81
  Entering block accumulator loop for bucket 81:
  bucket 70: 100%
  Sorting block of length 1512215 for bucket 70
  (Using difference cover)
  bucket 71: 100%
  Sorting block of length 656527 for bucket 71
  (Using difference cover)
  bucket 77: 30%
  bucket 79: 10%
  bucket 80: 10%
  bucket 72: 100%
  Sorting block of length 1347324 for bucket 72
  (Using difference cover)
  bucket 73: 100%
  Sorting block of length 471357 for bucket 73
  (Using difference cover)
  bucket 76: 60%
  bucket 75: 80%
  bucket 78: 30%
  bucket 81: 10%
  bucket 74: 100%
  Sorting block of length 1501538 for bucket 74
  (Using difference cover)
  Sorting block time: 00:00:00
Returning block of 656528 for bucket 71
  Sorting block time: 00:00:00
Returning block of 1476772 for bucket 68
Getting block 82 of 121
  Reserving size (1531042) for bucket 82
  Calculating Z arrays for bucket 82
  Entering block accumulator loop for bucket 82:
  bucket 79: 20%
  bucket 77: 40%
Getting block 83 of 121
  Reserving size (1531042) for bucket 83
  Calculating Z arrays for bucket 83
  Entering block accumulator loop for bucket 83:
  Sorting block time: 00:00:00
Returning block of 471358 for bucket 73
Getting block 84 of 121
  Reserving size (1531042) for bucket 84
  Calculating Z arrays for bucket 84
  Entering block accumulator loop for bucket 84:
  bucket 80: 20%
  Sorting block time: 00:00:00
Returning block of 1525036 for bucket 67
  bucket 76: 70%
Getting block 85 of 121
  Reserving size (1531042) for bucket 85
  Calculating Z arrays for bucket 85
  Entering block accumulator loop for bucket 85:
  bucket 75: 90%
  Sorting block time: 00:00:00
Returning block of 1493758 for bucket 69
  bucket 81: 20%
Getting block 86 of 121
  Reserving size (1531042) for bucket 86
  Calculating Z arrays for bucket 86
  Entering block accumulator loop for bucket 86:
  bucket 78: 40%
  Sorting block time: 00:00:00
Returning block of 1512216 for bucket 70
  bucket 82: 10%
  bucket 83: 10%
  bucket 79: 30%
Getting block 87 of 121
  Reserving size (1531042) for bucket 87
  Calculating Z arrays for bucket 87
  Entering block accumulator loop for bucket 87:
  bucket 77: 50%
  Sorting block time: 00:00:00
Returning block of 1347325 for bucket 72
  bucket 84: 10%
  bucket 80: 30%
Getting block 88 of 121
  Reserving size (1531042) for bucket 88
  Calculating Z arrays for bucket 88
  Entering block accumulator loop for bucket 88:
  bucket 76: 80%
  bucket 85: 10%
  Sorting block time: 00:00:01
Returning block of 1501539 for bucket 74
  bucket 75: 100%
  Sorting block of length 1309076 for bucket 75
  (Using difference cover)
  bucket 81: 30%
Getting block 89 of 121
  Reserving size (1531042) for bucket 89
  Calculating Z arrays for bucket 89
  Entering block accumulator loop for bucket 89:
  bucket 86: 10%
  bucket 78: 50%
  bucket 82: 20%
  bucket 83: 20%
  bucket 79: 40%
  bucket 87: 10%
  bucket 84: 20%
  bucket 80: 40%
  bucket 77: 60%
  bucket 88: 10%
  bucket 85: 20%
  bucket 76: 90%
  bucket 81: 40%
  bucket 89: 10%
  bucket 86: 20%
  bucket 78: 60%
  bucket 83: 30%
  bucket 82: 30%
  bucket 79: 50%
  bucket 87: 20%
  bucket 84: 30%
  bucket 80: 50%
  Sorting block time: 00:00:00
Returning block of 1309077 for bucket 75
  bucket 77: 70%
Getting block 90 of 121
  Reserving size (1531042) for bucket 90
  Calculating Z arrays for bucket 90
  Entering block accumulator loop for bucket 90:
  bucket 88: 20%
  bucket 85: 30%
  bucket 76: 100%
  Sorting block of length 1122289 for bucket 76
  (Using difference cover)
  bucket 81: 50%
  bucket 89: 20%
  bucket 83: 40%
  bucket 86: 30%
  bucket 78: 70%
  bucket 82: 40%
  bucket 84: 40%
  bucket 79: 60%
  bucket 87: 30%
  bucket 80: 60%
  bucket 77: 80%
  bucket 90: 10%
  bucket 88: 30%
  bucket 85: 40%
  bucket 81: 60%
  bucket 83: 50%
  bucket 89: 30%
  bucket 86: 40%
  bucket 82: 50%
  Sorting block time: 00:00:01
Returning block of 1122290 for bucket 76
  bucket 78: 80%
  bucket 84: 50%
  bucket 80: 70%
  bucket 87: 40%
Getting block 91 of 121
  Reserving size (1531042) for bucket 91
  Calculating Z arrays for bucket 91
  Entering block accumulator loop for bucket 91:
  bucket 79: 70%
  bucket 77: 90%
  bucket 90: 20%
  bucket 88: 40%
  bucket 85: 50%
  bucket 81: 70%
  bucket 83: 60%
  bucket 89: 40%
  bucket 86: 50%
  bucket 82: 60%
  bucket 84: 60%
  bucket 78: 90%
  bucket 80: 80%
  bucket 87: 50%
  bucket 79: 80%
  bucket 91: 10%
  bucket 77: 100%
  Sorting block of length 925752 for bucket 77
  (Using difference cover)
  bucket 90: 30%
  bucket 88: 50%
  bucket 85: 60%
  bucket 81: 80%
  bucket 83: 70%
  bucket 89: 50%
  bucket 86: 60%
  bucket 82: 70%
  bucket 84: 70%
  bucket 80: 90%
  bucket 78: 100%
  Sorting block of length 1443185 for bucket 78
  (Using difference cover)
  bucket 79: 90%
  bucket 87: 60%
  bucket 91: 20%
  bucket 90: 40%
  bucket 85: 70%
  bucket 88: 60%
  Sorting block time: 00:00:00
Returning block of 925753 for bucket 77
Getting block 92 of 121
  Reserving size (1531042) for bucket 92
  Calculating Z arrays for bucket 92
  Entering block accumulator loop for bucket 92:
  bucket 81: 90%
  bucket 83: 80%
  bucket 84: 80%
  bucket 89: 60%
  bucket 80: 100%
  Sorting block of length 1350275 for bucket 80
  (Using difference cover)
  bucket 86: 70%
  bucket 82: 80%
  bucket 79: 100%
  Sorting block of length 1377479 for bucket 79
  (Using difference cover)
  bucket 91: 30%
  bucket 87: 70%
  bucket 90: 50%
  bucket 85: 80%
  bucket 88: 70%
  bucket 92: 10%
  bucket 81: 100%
  Sorting block of length 212770 for bucket 81
  (Using difference cover)
  Sorting block time: 00:00:01
Returning block of 1443186 for bucket 78
  bucket 83: 90%
Getting block 93 of 121
  Reserving size (1531042) for bucket 93
  Calculating Z arrays for bucket 93
  Entering block accumulator loop for bucket 93:
  Sorting block time: 00:00:00
Returning block of 212771 for bucket 81
  bucket 84: 90%
Getting block 94 of 121
  Reserving size (1531042) for bucket 94
  Calculating Z arrays for bucket 94
  Entering block accumulator loop for bucket 94:
  bucket 86: 80%
  bucket 89: 70%
  bucket 82: 90%
  bucket 91: 40%
  bucket 87: 80%
  bucket 90: 60%
  bucket 85: 90%
  bucket 92: 20%
  bucket 88: 80%
  bucket 83: 100%
  Sorting block of length 435315 for bucket 83
  (Using difference cover)
  Sorting block time: 00:00:00
Returning block of 1350276 for bucket 80
  Sorting block time: 00:00:00
Returning block of 1377480 for bucket 79
  bucket 93: 10%
Getting block 95 of 121
  Reserving size (1531042) for bucket 95
  Calculating Z arrays for bucket 95
  Entering block accumulator loop for bucket 95:
Getting block 96 of 121
  Reserving size (1531042) for bucket 96
  Calculating Z arrays for bucket 96
  Entering block accumulator loop for bucket 96:
  bucket 94: 10%
  bucket 84: 100%
  Sorting block of length 1297332 for bucket 84
  (Using difference cover)
  bucket 86: 90%
  bucket 89: 80%
  bucket 82: 100%
  Sorting block of length 1416665 for bucket 82
  (Using difference cover)
  bucket 91: 50%
  bucket 87: 90%
  Sorting block time: 00:00:00
Returning block of 435316 for bucket 83
Getting block 97 of 121
  Reserving size (1531042) for bucket 97
  Calculating Z arrays for bucket 97
  Entering block accumulator loop for bucket 97:
  bucket 85: 100%
  Sorting block of length 761564 for bucket 85
  (Using difference cover)
  bucket 90: 70%
  bucket 92: 30%
  bucket 88: 90%
  bucket 95: 10%
  bucket 96: 10%
  bucket 94: 20%
  bucket 93: 20%
  bucket 86: 100%
  Sorting block of length 1262199 for bucket 86
  (Using difference cover)
  bucket 89: 90%
  bucket 87: 100%
  Sorting block of length 388975 for bucket 87
  (Using difference cover)
  bucket 91: 60%
  bucket 97: 10%
  Sorting block time: 00:00:01
Returning block of 761565 for bucket 85
  Sorting block time: 00:00:01
Returning block of 1297333 for bucket 84
Getting block 98 of 121
  Reserving size (1531042) for bucket 98
  Calculating Z arrays for bucket 98
  Entering block accumulator loop for bucket 98:
  bucket 90: 80%
Getting block 99 of 121
  Reserving size (1531042) for bucket 99
  Calculating Z arrays for bucket 99
  Entering block accumulator loop for bucket 99:
  bucket 92: 40%
  bucket 95: 20%
  bucket 88: 100%
  Sorting block of length 1402187 for bucket 88
  (Using difference cover)
  Sorting block time: 00:00:01
Returning block of 1416666 for bucket 82
  Sorting block time: 00:00:01
Returning block of 388976 for bucket 87
  bucket 96: 20%
Getting block 100 of 121
  Reserving size (1531042) for bucket 100
  Calculating Z arrays for bucket 100
  Entering block accumulator loop for bucket 100:
  bucket 94: 30%
Getting block 101 of 121
  Reserving size (1531042) for bucket 101
  Calculating Z arrays for bucket 101
  Entering block accumulator loop for bucket 101:
  bucket 93: 30%
  bucket 97: 20%
  bucket 91: 70%
  bucket 89: 100%
  Sorting block of length 989110 for bucket 89
  (Using difference cover)
  bucket 98: 10%
  bucket 95: 30%
  bucket 99: 10%
  bucket 90: 90%
  bucket 92: 50%
  bucket 96: 30%
  bucket 94: 40%
  bucket 100: 10%
  Sorting block time: 00:00:01
Returning block of 1262200 for bucket 86
  bucket 101: 10%
Getting block 102 of 121
  Reserving size (1531042) for bucket 102
  Calculating Z arrays for bucket 102
  Entering block accumulator loop for bucket 102:
  bucket 97: 30%
  bucket 93: 40%
  bucket 91: 80%
  Sorting block time: 00:00:00
Returning block of 1402188 for bucket 88
  Sorting block time: 00:00:00
Returning block of 989111 for bucket 89
  bucket 95: 40%
  bucket 98: 20%
Getting block 103 of 121
  Reserving size (1531042) for bucket 103
  Calculating Z arrays for bucket 103
  Entering block accumulator loop for bucket 103:
Getting block 104 of 121
  Reserving size (1531042) for bucket 104
  Calculating Z arrays for bucket 104
  Entering block accumulator loop for bucket 104:
  bucket 99: 20%
  bucket 96: 40%
  bucket 90: 100%
  Sorting block of length 1135960 for bucket 90
  (Using difference cover)
  bucket 94: 50%
  bucket 92: 60%
  bucket 100: 20%
  bucket 101: 20%
  bucket 102: 10%
  bucket 97: 40%
  bucket 93: 50%
  bucket 91: 90%
  bucket 95: 50%
  bucket 98: 30%
  bucket 103: 10%
  bucket 99: 30%
  bucket 96: 50%
  bucket 104: 10%
  bucket 94: 60%
  bucket 92: 70%
  bucket 100: 30%
  bucket 101: 30%
  bucket 102: 20%
  bucket 97: 50%
  Sorting block time: 00:00:01
Returning block of 1135961 for bucket 90
Getting block 105 of 121
  Reserving size (1531042) for bucket 105
  Calculating Z arrays for bucket 105
  Entering block accumulator loop for bucket 105:
  bucket 95: 60%
  bucket 93: 60%
  bucket 91: 100%
  Sorting block of length 1048843 for bucket 91
  (Using difference cover)
  bucket 98: 40%
  bucket 96: 60%
  bucket 103: 20%
  bucket 94: 70%
  bucket 99: 40%
  bucket 104: 20%
  bucket 92: 80%
  bucket 100: 40%
  bucket 97: 60%
  bucket 101: 40%
  bucket 102: 30%
  bucket 95: 70%
  bucket 105: 10%
  bucket 96: 70%
  bucket 94: 80%
  bucket 98: 50%
  bucket 93: 70%
  bucket 103: 30%
  bucket 99: 50%
  bucket 104: 30%
  bucket 97: 70%
  Sorting block time: 00:00:00
Returning block of 1048844 for bucket 91
  bucket 92: 90%
  bucket 100: 50%
Getting block 106 of 121
  Reserving size (1531042) for bucket 106
  Calculating Z arrays for bucket 106
  Entering block accumulator loop for bucket 106:
  bucket 101: 50%
  bucket 102: 40%
  bucket 95: 80%
  bucket 105: 20%
  bucket 96: 80%
  bucket 94: 90%
  bucket 98: 60%
  bucket 99: 60%
  bucket 103: 40%
  bucket 93: 80%
  bucket 104: 40%
  bucket 97: 80%
  bucket 106: 10%
  bucket 100: 60%
  bucket 92: 100%
  Sorting block of length 645707 for bucket 92
  (Using difference cover)
  bucket 95: 90%
  bucket 101: 60%
  bucket 102: 50%
  bucket 105: 30%
  bucket 96: 90%
  bucket 94: 100%
  Sorting block of length 1207546 for bucket 94
  (Using difference cover)
  bucket 98: 70%
  bucket 99: 70%
  bucket 103: 50%
  bucket 104: 50%
  bucket 97: 90%
  bucket 93: 90%
  bucket 106: 20%
  bucket 95: 100%
  Sorting block of length 1491261 for bucket 95
  (Using difference cover)
  Sorting block time: 00:00:01
Returning block of 645708 for bucket 92
  bucket 100: 70%
Getting block 107 of 121
  Reserving size (1531042) for bucket 107
  Calculating Z arrays for bucket 107
  Entering block accumulator loop for bucket 107:
  bucket 101: 70%
  bucket 102: 60%
  bucket 96: 100%
  Sorting block of length 897837 for bucket 96
  (Using difference cover)
  bucket 105: 40%
  bucket 98: 80%
  bucket 99: 80%
  bucket 97: 100%
  Sorting block of length 1282289 for bucket 97
  (Using difference cover)
  bucket 103: 60%
  bucket 104: 60%
  Sorting block time: 00:00:00
Returning block of 1207547 for bucket 94
  bucket 93: 100%
  Sorting block of length 898625 for bucket 93
  (Using difference cover)
  bucket 106: 30%
Getting block 108 of 121
  Reserving size (1531042) for bucket 108
  Calculating Z arrays for bucket 108
  Entering block accumulator loop for bucket 108:
  bucket 107: 10%
  bucket 100: 80%
  bucket 101: 80%
  bucket 102: 70%
  bucket 105: 50%
  Sorting block time: 00:00:00
Returning block of 897838 for bucket 96
  bucket 98: 90%
Getting block 109 of 121
  Reserving size (1531042) for bucket 109
  Calculating Z arrays for bucket 109
  Entering block accumulator loop for bucket 109:
  bucket 99: 90%
  bucket 103: 70%
  bucket 104: 70%
  bucket 106: 40%
  bucket 108: 10%
  Sorting block time: 00:00:00
Returning block of 1491262 for bucket 95
  bucket 107: 20%
  Sorting block time: 00:00:00
Returning block of 898626 for bucket 93
Getting block 110 of 121
  Reserving size (1531042) for bucket 110
  Calculating Z arrays for bucket 110
  Entering block accumulator loop for bucket 110:
Getting block 111 of 121
  Reserving size (1531042) for bucket 111
  Calculating Z arrays for bucket 111
  Entering block accumulator loop for bucket 111:
  bucket 100: 90%
  Sorting block time: 00:00:00
Returning block of 1282290 for bucket 97
  bucket 101: 90%
Getting block 112 of 121
  Reserving size (1531042) for bucket 112
  Calculating Z arrays for bucket 112
  Entering block accumulator loop for bucket 112:
  bucket 102: 80%
  bucket 105: 60%
  bucket 98: 100%
  Sorting block of length 1134510 for bucket 98
  (Using difference cover)
  bucket 109: 10%
  bucket 99: 100%
  Sorting block of length 1115050 for bucket 99
  (Using difference cover)
  bucket 103: 80%
  bucket 104: 80%
  bucket 106: 50%
  bucket 108: 20%
  bucket 107: 30%
  bucket 110: 10%
  bucket 111: 10%
  bucket 100: 100%
  Sorting block of length 1350587 for bucket 100
  (Using difference cover)
  bucket 112: 10%
  bucket 101: 100%
  Sorting block of length 1342994 for bucket 101
  (Using difference cover)
  bucket 102: 90%
  bucket 105: 70%
  bucket 109: 20%
  bucket 103: 90%
  bucket 104: 90%
  bucket 106: 60%
  Sorting block time: 00:00:01
Returning block of 1134511 for bucket 98
  bucket 108: 30%
  bucket 107: 40%
  Sorting block time: 00:00:01
Returning block of 1115051 for bucket 99
Getting block 113 of 121
  Reserving size (1531042) for bucket 113
  Calculating Z arrays for bucket 113
  Entering block accumulator loop for bucket 113:
  bucket 110: 20%
Getting block 114 of 121
  Reserving size (1531042) for bucket 114
  Calculating Z arrays for bucket 114
  Entering block accumulator loop for bucket 114:
  bucket 111: 20%
  bucket 112: 20%
  bucket 102: 100%
  Sorting block of length 1425361 for bucket 102
  (Using difference cover)
  bucket 105: 80%
  bucket 109: 30%
  bucket 103: 100%
  Sorting block of length 869156 for bucket 103
  (Using difference cover)
  bucket 106: 70%
  bucket 104: 100%
  Sorting block of length 933088 for bucket 104
  (Using difference cover)
  Sorting block time: 00:00:00
Returning block of 1342995 for bucket 101
  Sorting block time: 00:00:00
Returning block of 1350588 for bucket 100
  bucket 107: 50%
  bucket 108: 40%
Getting block 115 of 121
  Reserving size (1531042) for bucket 115
  Calculating Z arrays for bucket 115
  Entering block accumulator loop for bucket 115:
  bucket 113: 10%
Getting block 116 of 121
  Reserving size (1531042) for bucket 116
  Calculating Z arrays for bucket 116
  Entering block accumulator loop for bucket 116:
  bucket 114: 10%
  bucket 110: 30%
  bucket 111: 30%
  bucket 112: 30%
  bucket 105: 90%
  bucket 109: 40%
  bucket 106: 80%
  Sorting block time: 00:00:00
Returning block of 869157 for bucket 103
  bucket 107: 60%
  bucket 108: 50%
Getting block 117 of 121
  Reserving size (1531042) for bucket 117
  Calculating Z arrays for bucket 117
  Entering block accumulator loop for bucket 117:
  bucket 115: 10%
  Sorting block time: 00:00:00
Returning block of 933089 for bucket 104
  bucket 116: 10%
  bucket 113: 20%
  bucket 114: 20%
  bucket 110: 40%
Getting block 118 of 121
  Reserving size (1531042) for bucket 118
  Calculating Z arrays for bucket 118
  Entering block accumulator loop for bucket 118:
  bucket 111: 40%
  Sorting block time: 00:00:01
Returning block of 1425362 for bucket 102
Getting block 119 of 121
  Reserving size (1531042) for bucket 119
  Calculating Z arrays for bucket 119
  Entering block accumulator loop for bucket 119:
  bucket 112: 40%
  bucket 105: 100%
  Sorting block of length 1370508 for bucket 105
  (Using difference cover)
  bucket 109: 50%
  bucket 106: 90%
  bucket 107: 70%
  bucket 108: 60%
  bucket 117: 10%
  bucket 115: 20%
  bucket 114: 30%
  bucket 118: 10%
  bucket 116: 20%
  bucket 113: 30%
  bucket 110: 50%
  bucket 111: 50%
  bucket 119: 10%
  bucket 112: 50%
  bucket 109: 60%
  bucket 106: 100%
  Sorting block of length 916057 for bucket 106
  (Using difference cover)
  bucket 107: 80%
  bucket 117: 20%
  bucket 108: 70%
  bucket 118: 20%
  bucket 115: 30%
  bucket 114: 40%
  bucket 116: 30%
  bucket 110: 60%
  bucket 113: 40%
  bucket 111: 60%
  Sorting block time: 00:00:00
Returning block of 1370509 for bucket 105
  bucket 119: 20%
Getting block 120 of 121
  Reserving size (1531042) for bucket 120
  Calculating Z arrays for bucket 120
  Entering block accumulator loop for bucket 120:
  bucket 112: 60%
  bucket 109: 70%
  bucket 107: 90%
  bucket 118: 30%
  bucket 117: 30%
  bucket 108: 80%
  Sorting block time: 00:00:00
Returning block of 916058 for bucket 106
  bucket 114: 50%
  bucket 115: 40%
Getting block 121 of 121
  Reserving size (1531042) for bucket 121
  Calculating Z arrays for bucket 121
  Entering block accumulator loop for bucket 121:
  bucket 116: 40%
  bucket 110: 70%
  bucket 111: 70%
  bucket 113: 50%
  bucket 119: 30%
  bucket 120: 10%
  bucket 112: 70%
  bucket 121: 10%
  bucket 109: 80%
  bucket 107: 100%
  Sorting block of length 798202 for bucket 107
  (Using difference cover)
  bucket 118: 40%
  bucket 117: 40%
  bucket 108: 90%
  bucket 114: 60%
  bucket 115: 50%
  bucket 116: 50%
  bucket 110: 80%
  bucket 111: 80%
  bucket 113: 60%
  bucket 121: 20%
  bucket 119: 40%
  bucket 120: 20%
  bucket 112: 80%
  bucket 121: 30%
  bucket 109: 90%
  bucket 118: 50%
  bucket 117: 50%
  Sorting block time: 00:00:00
Returning block of 798203 for bucket 107
  bucket 114: 70%
  bucket 108: 100%
  Sorting block of length 750332 for bucket 108
  (Using difference cover)
  bucket 115: 60%
  bucket 116: 60%
  bucket 110: 90%
  bucket 111: 90%
  bucket 113: 70%
  bucket 119: 50%
  bucket 120: 30%
  bucket 112: 90%
  bucket 121: 40%
  bucket 118: 60%
  bucket 109: 100%
  Sorting block of length 1366809 for bucket 109
  (Using difference cover)
  bucket 117: 60%
  bucket 114: 80%
  bucket 121: 50%
  Sorting block time: 00:00:00
Returning block of 750333 for bucket 108
  bucket 115: 70%
  bucket 116: 70%
  bucket 110: 100%
  Sorting block of length 1309661 for bucket 110
  (Using difference cover)
  bucket 111: 100%
  Sorting block of length 1265123 for bucket 111
  (Using difference cover)
  bucket 119: 60%
  bucket 120: 40%
  bucket 113: 80%
  bucket 112: 100%
  Sorting block of length 1431176 for bucket 112
  (Using difference cover)
  bucket 121: 60%
  bucket 118: 70%
  bucket 114: 90%
  bucket 117: 70%
  bucket 115: 80%
  bucket 116: 80%
  bucket 121: 70%
  bucket 119: 70%
  bucket 120: 50%
  bucket 113: 90%
  bucket 118: 80%
  bucket 121: 80%
  Sorting block time: 00:00:01
Returning block of 1265124 for bucket 111
  Sorting block time: 00:00:01
Returning block of 1366810 for bucket 109
  bucket 114: 100%
  Sorting block of length 1209380 for bucket 114
  (Using difference cover)
  bucket 117: 80%
  Sorting block time: 00:00:01
Returning block of 1309662 for bucket 110
  Sorting block time: 00:00:01
Returning block of 1431177 for bucket 112
  bucket 115: 90%
  bucket 116: 90%
  bucket 119: 80%
  bucket 120: 60%
  bucket 121: 90%
  bucket 113: 100%
  Sorting block of length 1473304 for bucket 113
  (Using difference cover)
  bucket 118: 90%
  bucket 117: 90%
  bucket 121: 100%
  Sorting block of length 865276 for bucket 121
  (Using difference cover)
  bucket 115: 100%
  Sorting block of length 1209443 for bucket 115
  (Using difference cover)
  bucket 120: 70%
  bucket 119: 90%
  bucket 116: 100%
  Sorting block of length 1248265 for bucket 116
  (Using difference cover)
  Sorting block time: 00:00:00
Returning block of 1209381 for bucket 114
  bucket 118: 100%
  Sorting block of length 290596 for bucket 118
  (Using difference cover)
  bucket 117: 100%
  Sorting block of length 1379567 for bucket 117
  (Using difference cover)
  Sorting block time: 00:00:00
Returning block of 865277 for bucket 121
  bucket 120: 80%
  Sorting block time: 00:00:00
Returning block of 290597 for bucket 118
  bucket 119: 100%
  Sorting block of length 1432381 for bucket 119
  (Using difference cover)
  Sorting block time: 00:00:00
Returning block of 1473305 for bucket 113
  Sorting block time: 00:00:01
Returning block of 1209444 for bucket 115
  Sorting block time: 00:00:01
Returning block of 1248266 for bucket 116
  bucket 120: 90%
  Sorting block time: 00:00:01
Returning block of 1379568 for bucket 117
  Sorting block time: 00:00:01
Returning block of 1432382 for bucket 119
  bucket 120: 100%
  Sorting block of length 1239268 for bucket 120
  (Using difference cover)
  Sorting block time: 00:00:00
Returning block of 1239269 for bucket 120
Exited Ebwt loop
fchr[A]: 0
fchr[C]: 32415907
fchr[G]: 65111284
fchr[T]: 97857853
fchr[$]: 130648924
Exiting Ebwt::buildToDisk()
Returning from initFromVector
Wrote 54290676 bytes to primary EBWT file: ${ARTICLE30_WORK_DIR}/indexes/metaspades-coassembly.1.bt2.tmp
Wrote 32662236 bytes to secondary EBWT file: ${ARTICLE30_WORK_DIR}/indexes/metaspades-coassembly.2.bt2.tmp
Re-opening _in1 and _in2 as input streams
Returning from Ebwt constructor
Headers:
    len: 130648924
    bwtLen: 130648925
    sz: 32662231
    bwtSz: 32662232
    lineRate: 6
    offRate: 4
    offMask: 0xfffffff0
    ftabChars: 10
    eftabLen: 20
    eftabSz: 80
    ftabLen: 1048577
    ftabSz: 4194308
    offsLen: 8165558
    offsSz: 32662232
    lineSz: 64
    sideSz: 64
    sideBwtSz: 48
    sideBwtLen: 192
    numSides: 680464
    numLines: 680464
    ebwtTotLen: 43549696
    ebwtTotSz: 43549696
    color: 0
    reverse: 0
Total time for call to driver() for forward index: 00:00:37
Reading reference sizes
  Time reading reference sizes: 00:00:01
Calculating joined length
Writing header
Reserving space for joined string
Joining reference sequences
  Time to join reference sequences: 00:00:00
  Time to reverse reference sequence: 00:00:00
bmax according to bmaxDivN setting: 2041389
Using parameters --bmax 1531042 --dcv 1024
  Doing ahead-of-time memory usage test
  Passed!  Constructing with these parameters: --bmax 1531042 --dcv 1024
Constructing suffix-array element generator
Building DifferenceCoverSample
  Building sPrime
  Building sPrimeOrder
  V-Sorting samples
  V-Sorting samples time: 00:00:01
  Allocating rank array
  Ranking v-sort output
  Ranking v-sort output time: 00:00:00
  Invoking Larsson-Sadakane on ranks
  Invoking Larsson-Sadakane on ranks time: 00:00:01
  Sanity-checking and returning
Building samples
Reserving space for 172 sample suffixes
Generating random suffixes
QSorting 172 sample offsets, eliminating duplicates
QSorting sample offsets, eliminating duplicates time: 00:00:00
Multikey QSorting 172 samples
  (Using difference cover)
  Multikey QSorting samples time: 00:00:00
Calculating bucket sizes
Splitting and merging
  Splitting and merging time: 00:00:00
Split 23, merged 81; iterating...
Splitting and merging
  Splitting and merging time: 00:00:00
Split 15, merged 10; iterating...
Splitting and merging
  Splitting and merging time: 00:00:00
Split 10, merged 11; iterating...
Splitting and merging
  Splitting and merging time: 00:00:00
Split 6, merged 7; iterating...
Splitting and merging
  Splitting and merging time: 00:00:00
Split 3, merged 6; iterating...
Avg bucket size: 1.13608e+06 (target: 1531041)
Converting suffix-array elements to index image
Allocating ftab, absorbFtab
Entering Ebwt loop
Getting block 1 of 115
  Reserving size (1531042) for bucket 1
Getting block 3 of 115
Getting block 2 of 115
  Reserving size (1531042) for bucket 2
  Reserving size (1531042) for bucket 3
Getting block 5 of 115
  Reserving size (1531042) for bucket 5
Getting block 4 of 115
  Reserving size (1531042) for bucket 4
Getting block 7 of 115
  Calculating Z arrays for bucket 1
  Calculating Z arrays for bucket 2
  Calculating Z arrays for bucket 3
  Reserving size (1531042) for bucket 7
Getting block 6 of 115
  Reserving size (1531042) for bucket 6
  Calculating Z arrays for bucket 4
  Entering block accumulator loop for bucket 2:
Getting block 10 of 115
  Reserving size (1531042) for bucket 10
  Calculating Z arrays for bucket 6
Getting block 11 of 115
Getting block 13 of 115
  Reserving size (1531042) for bucket 13
  Calculating Z arrays for bucket 5
  Entering block accumulator loop for bucket 6:
  Calculating Z arrays for bucket 7
Getting block 12 of 115
  Reserving size (1531042) for bucket 12
  Entering block accumulator loop for bucket 5:
  Calculating Z arrays for bucket 13
  Entering block accumulator loop for bucket 4:
Getting block 8 of 115
  Calculating Z arrays for bucket 10
  Reserving size (1531042) for bucket 11
Getting block 9 of 115
  Calculating Z arrays for bucket 11
  Entering block accumulator loop for bucket 10:
Getting block 14 of 115
  Reserving size (1531042) for bucket 14
  Entering block accumulator loop for bucket 13:
  Entering block accumulator loop for bucket 7:
  Reserving size (1531042) for bucket 8
  Entering block accumulator loop for bucket 11:
  Reserving size (1531042) for bucket 9
  Calculating Z arrays for bucket 12
Getting block 15 of 115
  Reserving size (1531042) for bucket 15
  Calculating Z arrays for bucket 14
  Entering block accumulator loop for bucket 3:
  Calculating Z arrays for bucket 15
  Calculating Z arrays for bucket 9
  Entering block accumulator loop for bucket 12:
  Calculating Z arrays for bucket 8
  Entering block accumulator loop for bucket 1:
  Entering block accumulator loop for bucket 14:
  Entering block accumulator loop for bucket 15:
  Entering block accumulator loop for bucket 9:
  Entering block accumulator loop for bucket 8:
  bucket 4: 10%
  bucket 2: 10%
  bucket 6: 10%
  bucket 1: 10%
  bucket 3: 10%
  bucket 8: 10%
  bucket 5: 10%
  bucket 9: 10%
  bucket 12: 10%
  bucket 10: 10%
  bucket 7: 10%
  bucket 14: 10%
  bucket 11: 10%
  bucket 13: 10%
  bucket 15: 10%
  bucket 2: 20%
  bucket 4: 20%
  bucket 1: 20%
  bucket 6: 20%
  bucket 3: 20%
  bucket 8: 20%
  bucket 5: 20%
  bucket 9: 20%
  bucket 7: 20%
  bucket 12: 20%
  bucket 10: 20%
  bucket 14: 20%
  bucket 11: 20%
  bucket 13: 20%
  bucket 15: 20%
  bucket 2: 30%
  bucket 4: 30%
  bucket 1: 30%
  bucket 6: 30%
  bucket 8: 30%
  bucket 3: 30%
  bucket 9: 30%
  bucket 5: 30%
  bucket 7: 30%
  bucket 12: 30%
  bucket 10: 30%
  bucket 14: 30%
  bucket 11: 30%
  bucket 13: 30%
  bucket 15: 30%
  bucket 2: 40%
  bucket 1: 40%
  bucket 4: 40%
  bucket 6: 40%
  bucket 8: 40%
  bucket 3: 40%
  bucket 5: 40%
  bucket 7: 40%
  bucket 9: 40%
  bucket 12: 40%
  bucket 10: 40%
  bucket 14: 40%
  bucket 11: 40%
  bucket 13: 40%
  bucket 15: 40%
  bucket 2: 50%
  bucket 1: 50%
  bucket 4: 50%
  bucket 6: 50%
  bucket 8: 50%
  bucket 3: 50%
  bucket 5: 50%
  bucket 9: 50%
  bucket 7: 50%
  bucket 10: 50%
  bucket 12: 50%
  bucket 14: 50%
  bucket 11: 50%
  bucket 13: 50%
  bucket 2: 60%
  bucket 1: 60%
  bucket 4: 60%
  bucket 15: 50%
  bucket 6: 60%
  bucket 8: 60%
  bucket 3: 60%
  bucket 5: 60%
  bucket 9: 60%
  bucket 7: 60%
  bucket 10: 60%
  bucket 12: 60%
  bucket 14: 60%
  bucket 11: 60%
  bucket 2: 70%
  bucket 1: 70%
  bucket 13: 60%
  bucket 4: 70%
  bucket 8: 70%
  bucket 3: 70%
  bucket 6: 70%
  bucket 5: 70%
  bucket 15: 60%
  bucket 9: 70%
  bucket 7: 70%
  bucket 10: 70%
  bucket 12: 70%
  bucket 14: 70%
  bucket 2: 80%
  bucket 1: 80%
  bucket 4: 80%
  bucket 11: 70%
  bucket 13: 70%
  bucket 8: 80%
  bucket 3: 80%
  bucket 6: 80%
  bucket 5: 80%
  bucket 15: 70%
  bucket 7: 80%
  bucket 9: 80%
  bucket 10: 80%
  bucket 12: 80%
  bucket 14: 80%
  bucket 2: 90%
  bucket 1: 90%
  bucket 4: 90%
  bucket 11: 80%
  bucket 13: 80%
  bucket 8: 90%
  bucket 3: 90%
  bucket 5: 90%
  bucket 6: 90%
  bucket 15: 80%
  bucket 7: 90%
  bucket 9: 90%
  bucket 1: 100%
  bucket 2: 100%
  Sorting block of length 1280339 for bucket 1
  (Using difference cover)
  Sorting block of length 296504 for bucket 2
  (Using difference cover)
  bucket 4: 100%
  Sorting block of length 724850 for bucket 4
  (Using difference cover)
  bucket 10: 90%
  bucket 14: 90%
  bucket 12: 90%
  bucket 11: 90%
  bucket 13: 90%
  bucket 3: 100%
  Sorting block of length 1520180 for bucket 3
  (Using difference cover)
  bucket 8: 100%
  Sorting block of length 1093150 for bucket 8
  (Using difference cover)
  bucket 5: 100%
  Sorting block of length 1173841 for bucket 5
  (Using difference cover)
  bucket 6: 100%
  Sorting block of length 936195 for bucket 6
  (Using difference cover)
  Sorting block time: 00:00:00
Returning block of 296505 for bucket 2
Getting block 16 of 115
  Reserving size (1531042) for bucket 16
  Calculating Z arrays for bucket 16
  Entering block accumulator loop for bucket 16:
  bucket 7: 100%
  Sorting block of length 1011152 for bucket 7
  (Using difference cover)
  bucket 9: 100%
  Sorting block of length 775718 for bucket 9
  (Using difference cover)
  bucket 15: 90%
  bucket 10: 100%
  Sorting block of length 1401572 for bucket 10
  (Using difference cover)
  bucket 14: 100%
  Sorting block of length 584741 for bucket 14
  (Using difference cover)
  bucket 12: 100%
  Sorting block of length 1467922 for bucket 12
  (Using difference cover)
  bucket 11: 100%
  Sorting block of length 1363828 for bucket 11
  (Using difference cover)
  bucket 13: 100%
  Sorting block of length 1014580 for bucket 13
  (Using difference cover)
  bucket 16: 10%
  Sorting block time: 00:00:00
Returning block of 724851 for bucket 4
Getting block 17 of 115
  Reserving size (1531042) for bucket 17
  Calculating Z arrays for bucket 17
  Entering block accumulator loop for bucket 17:
  bucket 15: 100%
  Sorting block of length 1327935 for bucket 15
  (Using difference cover)
  Sorting block time: 00:00:00
Returning block of 1280340 for bucket 1
  Sorting block time: 00:00:00
Returning block of 936196 for bucket 6
  Sorting block time: 00:00:01
Returning block of 775719 for bucket 9
Getting block 18 of 115
  Reserving size (1531042) for bucket 18
  Calculating Z arrays for bucket 18
  Entering block accumulator loop for bucket 18:
Getting block 19 of 115
  Reserving size (1531042) for bucket 19
  Calculating Z arrays for bucket 19
  Entering block accumulator loop for bucket 19:
Getting block 20 of 115
  Reserving size (1531042) for bucket 20
  Calculating Z arrays for bucket 20
  Entering block accumulator loop for bucket 20:
  Sorting block time: 00:00:01
Returning block of 584742 for bucket 14
Getting block 21 of 115
  Reserving size (1531042) for bucket 21
  Calculating Z arrays for bucket 21
  Entering block accumulator loop for bucket 21:
  bucket 16: 20%
  bucket 17: 10%
  Sorting block time: 00:00:01
Returning block of 1093151 for bucket 8
Getting block 22 of 115
  Reserving size (1531042) for bucket 22
  Calculating Z arrays for bucket 22
  Entering block accumulator loop for bucket 22:
  Sorting block time: 00:00:01
Returning block of 1173842 for bucket 5
  Sorting block time: 00:00:01
Returning block of 1011153 for bucket 7
Getting block 23 of 115
  Reserving size (1531042) for bucket 23
  Calculating Z arrays for bucket 23
  Entering block accumulator loop for bucket 23:
Getting block 24 of 115
  Reserving size (1531042) for bucket 24
  Calculating Z arrays for bucket 24
  Entering block accumulator loop for bucket 24:
  Sorting block time: 00:00:01
Returning block of 1520181 for bucket 3
Getting block 25 of 115
  Reserving size (1531042) for bucket 25
  Calculating Z arrays for bucket 25
  Entering block accumulator loop for bucket 25:
  Sorting block time: 00:00:01
Returning block of 1014581 for bucket 13
  bucket 19: 10%
Getting block 26 of 115
  Reserving size (1531042) for bucket 26
  Calculating Z arrays for bucket 26
  Entering block accumulator loop for bucket 26:
  bucket 18: 10%
  Sorting block time: 00:00:01
Returning block of 1401573 for bucket 10
  bucket 16: 30%
  bucket 21: 10%
  bucket 17: 20%
  Sorting block time: 00:00:01
Returning block of 1363829 for bucket 11
  bucket 20: 10%
Getting block 27 of 115
  Reserving size (1531042) for bucket 27
  Calculating Z arrays for bucket 27
  Entering block accumulator loop for bucket 27:
Getting block 28 of 115
  Reserving size (1531042) for bucket 28
  Calculating Z arrays for bucket 28
  Entering block accumulator loop for bucket 28:
  bucket 22: 10%
  Sorting block time: 00:00:01
Returning block of 1467923 for bucket 12
  bucket 23: 10%
Getting block 29 of 115
  Reserving size (1531042) for bucket 29
  Calculating Z arrays for bucket 29
  Entering block accumulator loop for bucket 29:
  bucket 24: 10%
  bucket 25: 10%
  Sorting block time: 00:00:01
Returning block of 1327936 for bucket 15
  bucket 19: 20%
  bucket 18: 20%
  bucket 26: 10%
Getting block 30 of 115
  Reserving size (1531042) for bucket 30
  Calculating Z arrays for bucket 30
  Entering block accumulator loop for bucket 30:
  bucket 16: 40%
  bucket 17: 30%
  bucket 21: 20%
  bucket 27: 10%
  bucket 20: 20%
  bucket 28: 10%
  bucket 22: 20%
  bucket 29: 10%
  bucket 23: 20%
  bucket 24: 20%
  bucket 25: 20%
  bucket 19: 30%
  bucket 18: 30%
  bucket 26: 20%
  bucket 17: 40%
  bucket 16: 50%
  bucket 21: 30%
  bucket 30: 10%
  bucket 27: 20%
  bucket 20: 30%
  bucket 28: 20%
  bucket 22: 30%
  bucket 29: 20%
  bucket 23: 30%
  bucket 24: 30%
  bucket 25: 30%
  bucket 19: 40%
  bucket 17: 50%
  bucket 18: 40%
  bucket 26: 30%
  bucket 16: 60%
  bucket 21: 40%
  bucket 27: 30%
  bucket 20: 40%
  bucket 28: 30%
  bucket 22: 40%
  bucket 30: 20%
  bucket 29: 30%
  bucket 23: 40%
  bucket 24: 40%
  bucket 25: 40%
  bucket 19: 50%
  bucket 17: 60%
  bucket 18: 50%
  bucket 26: 40%
  bucket 16: 70%
  bucket 21: 50%
  bucket 27: 40%
  bucket 28: 40%
  bucket 22: 50%
  bucket 20: 50%
  bucket 29: 40%
  bucket 30: 30%
  bucket 23: 50%
  bucket 25: 50%
  bucket 24: 50%
  bucket 19: 60%
  bucket 17: 70%
  bucket 18: 60%
  bucket 26: 50%
  bucket 16: 80%
  bucket 21: 60%
  bucket 27: 50%
  bucket 28: 50%
  bucket 22: 60%
  bucket 20: 60%
  bucket 29: 50%
  bucket 23: 60%
  bucket 30: 40%
  bucket 19: 70%
  bucket 25: 60%
  bucket 17: 80%
  bucket 24: 60%
  bucket 18: 70%
  bucket 26: 60%
  bucket 16: 90%
  bucket 21: 70%
  bucket 27: 60%
  bucket 22: 70%
  bucket 28: 60%
  bucket 20: 70%
  bucket 29: 60%
  bucket 19: 80%
  bucket 23: 70%
  bucket 17: 90%
  bucket 25: 70%
  bucket 24: 70%
  bucket 30: 50%
  bucket 16: 100%
  Sorting block of length 935107 for bucket 16
  (Using difference cover)
  bucket 18: 80%
  bucket 26: 70%
  bucket 21: 80%
  bucket 27: 70%
  bucket 22: 80%
  bucket 28: 70%
  bucket 29: 70%
  bucket 20: 80%
  bucket 17: 100%
  Sorting block of length 1040675 for bucket 17
  (Using difference cover)
  bucket 19: 90%
  bucket 23: 80%
  bucket 25: 80%
  bucket 24: 80%
  bucket 21: 90%
  bucket 18: 90%
  bucket 26: 80%
  bucket 30: 60%
  bucket 27: 80%
  bucket 22: 90%
  bucket 28: 80%
  bucket 29: 80%
  bucket 20: 90%
  Sorting block time: 00:00:01
Returning block of 935108 for bucket 16
Getting block 31 of 115
  Reserving size (1531042) for bucket 31
  Calculating Z arrays for bucket 31
  Entering block accumulator loop for bucket 31:
  bucket 19: 100%
  Sorting block of length 786478 for bucket 19
  (Using difference cover)
  bucket 23: 90%
  bucket 25: 90%
  bucket 21: 100%
  Sorting block of length 841357 for bucket 21
  (Using difference cover)
  bucket 18: 100%
  Sorting block of length 1030429 for bucket 18
  (Using difference cover)
  bucket 24: 90%
  bucket 26: 90%
  bucket 22: 100%
  Sorting block of length 1199059 for bucket 22
  (Using difference cover)
  bucket 27: 90%
  bucket 28: 90%
  bucket 30: 70%
  bucket 29: 90%
  bucket 20: 100%
  Sorting block of length 817129 for bucket 20
  (Using difference cover)
  Sorting block time: 00:00:01
Returning block of 1040676 for bucket 17
Getting block 32 of 115
  Reserving size (1531042) for bucket 32
  Calculating Z arrays for bucket 32
  Entering block accumulator loop for bucket 32:
  bucket 31: 10%
  bucket 23: 100%
  Sorting block of length 1299605 for bucket 23
  (Using difference cover)
  bucket 25: 100%
  Sorting block of length 976305 for bucket 25
  (Using difference cover)
  bucket 26: 100%
  Sorting block of length 1511756 for bucket 26
  (Using difference cover)
  bucket 24: 100%
  Sorting block of length 1330583 for bucket 24
  (Using difference cover)
  Sorting block time: 00:00:00
Returning block of 786479 for bucket 19
Getting block 33 of 115
  Reserving size (1531042) for bucket 33
  Calculating Z arrays for bucket 33
  Entering block accumulator loop for bucket 33:
  bucket 28: 100%
  Sorting block of length 1334617 for bucket 28
  (Using difference cover)
  bucket 27: 100%
  Sorting block of length 1477424 for bucket 27
  (Using difference cover)
  bucket 29: 100%
  Sorting block of length 854519 for bucket 29
  (Using difference cover)
  bucket 30: 80%
  Sorting block time: 00:00:00
Returning block of 841358 for bucket 21
Getting block 34 of 115
  Reserving size (1531042) for bucket 34
  Calculating Z arrays for bucket 34
  Entering block accumulator loop for bucket 34:
  bucket 32: 10%
  bucket 31: 20%
  Sorting block time: 00:00:00
Returning block of 1030430 for bucket 18
  Sorting block time: 00:00:00
Returning block of 817130 for bucket 20
Getting block 35 of 115
  Reserving size (1531042) for bucket 35
  Calculating Z arrays for bucket 35
  Entering block accumulator loop for bucket 35:
Getting block 36 of 115
  Reserving size (1531042) for bucket 36
  Calculating Z arrays for bucket 36
  Entering block accumulator loop for bucket 36:
  bucket 33: 10%
  Sorting block time: 00:00:00
Returning block of 1199060 for bucket 22
Getting block 37 of 115
  Reserving size (1531042) for bucket 37
  Calculating Z arrays for bucket 37
  Entering block accumulator loop for bucket 37:
  Sorting block time: 00:00:00
Returning block of 854520 for bucket 29
  bucket 30: 90%
  bucket 34: 10%
Getting block 38 of 115
  Reserving size (1531042) for bucket 38
  Calculating Z arrays for bucket 38
  Entering block accumulator loop for bucket 38:
  bucket 32: 20%
  Sorting block time: 00:00:00
Returning block of 976306 for bucket 25
  bucket 31: 30%
Getting block 39 of 115
  Reserving size (1531042) for bucket 39
  Calculating Z arrays for bucket 39
  Entering block accumulator loop for bucket 39:
  Sorting block time: 00:00:00
Returning block of 1299606 for bucket 23
  bucket 35: 10%
  bucket 36: 10%
Getting block 40 of 115
  Reserving size (1531042) for bucket 40
  Calculating Z arrays for bucket 40
  Entering block accumulator loop for bucket 40:
  bucket 33: 20%
  Sorting block time: 00:00:00
Returning block of 1330584 for bucket 24
Getting block 41 of 115
  Reserving size (1531042) for bucket 41
  Calculating Z arrays for bucket 41
  Entering block accumulator loop for bucket 41:
  Sorting block time: 00:00:01
Returning block of 1511757 for bucket 26
  Sorting block time: 00:00:01
Returning block of 1334618 for bucket 28
  bucket 37: 10%
Getting block 42 of 115
  Reserving size (1531042) for bucket 42
  Calculating Z arrays for bucket 42
  Entering block accumulator loop for bucket 42:
  bucket 30: 100%
  Sorting block of length 1315628 for bucket 30
  (Using difference cover)
  bucket 38: 10%
  Sorting block time: 00:00:01
Returning block of 1477425 for bucket 27
Getting block 43 of 115
  Reserving size (1531042) for bucket 43
  Calculating Z arrays for bucket 43
  Entering block accumulator loop for bucket 43:
  bucket 34: 20%
  bucket 32: 30%
Getting block 44 of 115
  Reserving size (1531042) for bucket 44
  Calculating Z arrays for bucket 44
  Entering block accumulator loop for bucket 44:
  bucket 31: 40%
  bucket 39: 10%
  bucket 35: 20%
  bucket 36: 20%
  bucket 33: 30%
  bucket 40: 10%
  bucket 41: 10%
  bucket 37: 20%
  bucket 38: 20%
  bucket 42: 10%
  bucket 34: 30%
  bucket 32: 40%
  bucket 43: 10%
  bucket 31: 50%
  bucket 44: 10%
  bucket 39: 20%
  bucket 36: 30%
  bucket 35: 30%
  bucket 33: 40%
  bucket 40: 20%
  Sorting block time: 00:00:00
Returning block of 1315629 for bucket 30
Getting block 45 of 115
  Reserving size (1531042) for bucket 45
  Calculating Z arrays for bucket 45
  Entering block accumulator loop for bucket 45:
  bucket 37: 30%
  bucket 38: 30%
  bucket 41: 20%
  bucket 32: 50%
  bucket 42: 20%
  bucket 34: 40%
  bucket 31: 60%
  bucket 43: 20%
  bucket 39: 30%
  bucket 44: 20%
  bucket 36: 40%
  bucket 35: 40%
  bucket 33: 50%
  bucket 40: 30%
  bucket 38: 40%
  bucket 37: 40%
  bucket 45: 10%
  bucket 32: 60%
  bucket 41: 30%
  bucket 34: 50%
  bucket 42: 30%
  bucket 31: 70%
  bucket 39: 40%
  bucket 43: 30%
  bucket 36: 50%
  bucket 35: 50%
  bucket 44: 30%
  bucket 33: 60%
  bucket 38: 50%
  bucket 40: 40%
  bucket 37: 50%
  bucket 32: 70%
  bucket 45: 20%
  bucket 34: 60%
  bucket 41: 40%
  bucket 42: 40%
  bucket 31: 80%
  bucket 39: 50%
  bucket 36: 60%
  bucket 35: 60%
  bucket 43: 40%
  bucket 44: 40%
  bucket 33: 70%
  bucket 38: 60%
  bucket 37: 60%
  bucket 40: 50%
  bucket 32: 80%
  bucket 34: 70%
  bucket 45: 30%
  bucket 42: 50%
  bucket 41: 50%
  bucket 31: 90%
  bucket 39: 60%
  bucket 36: 70%
  bucket 35: 70%
  bucket 33: 80%
  bucket 43: 50%
  bucket 38: 70%
  bucket 44: 50%
  bucket 37: 70%
  bucket 32: 90%
  bucket 40: 60%
  bucket 34: 80%
  bucket 42: 60%
  bucket 45: 40%
  bucket 41: 60%
  bucket 31: 100%
  Sorting block of length 1097314 for bucket 31
  (Using difference cover)
  bucket 36: 80%
  bucket 39: 70%
  bucket 35: 80%
  bucket 38: 80%
  bucket 33: 90%
  bucket 37: 80%
  bucket 43: 60%
  bucket 32: 100%
  Sorting block of length 737561 for bucket 32
  (Using difference cover)
  bucket 44: 60%
  bucket 40: 70%
  bucket 34: 90%
  bucket 42: 70%
  bucket 41: 70%
  bucket 45: 50%
  bucket 36: 90%
  bucket 39: 80%
  bucket 35: 90%
  bucket 38: 90%
  bucket 33: 100%
  Sorting block of length 1456284 for bucket 33
  (Using difference cover)
  bucket 37: 90%
  Sorting block time: 00:00:01
Returning block of 737562 for bucket 32
  Sorting block time: 00:00:01
Returning block of 1097315 for bucket 31
  bucket 43: 70%
Getting block 46 of 115
  Reserving size (1531042) for bucket 46
  Calculating Z arrays for bucket 46
  Entering block accumulator loop for bucket 46:
  bucket 40: 80%
  bucket 34: 100%
  Sorting block of length 1212360 for bucket 34
  (Using difference cover)
Getting block 47 of 115
  Reserving size (1531042) for bucket 47
  Calculating Z arrays for bucket 47
  Entering block accumulator loop for bucket 47:
  bucket 44: 70%
  bucket 42: 80%
  bucket 41: 80%
  bucket 36: 100%
  Sorting block of length 739089 for bucket 36
  (Using difference cover)
  bucket 45: 60%
  bucket 39: 90%
  bucket 35: 100%
  Sorting block of length 1080472 for bucket 35
  (Using difference cover)
  bucket 38: 100%
  Sorting block of length 261580 for bucket 38
  (Using difference cover)
  bucket 37: 100%
  Sorting block of length 1076075 for bucket 37
  (Using difference cover)
  Sorting block time: 00:00:00
Returning block of 261581 for bucket 38
Getting block 48 of 115
  Reserving size (1531042) for bucket 48
  Calculating Z arrays for bucket 48
  Entering block accumulator loop for bucket 48:
  bucket 43: 80%
  bucket 40: 90%
  bucket 46: 10%
  bucket 44: 80%
  bucket 47: 10%
  bucket 42: 90%
  bucket 41: 90%
  bucket 39: 100%
  Sorting block of length 1765305 for bucket 39
  (Using difference cover)
  bucket 45: 70%
  Sorting block time: 00:00:00
Returning block of 739090 for bucket 36
Getting block 49 of 115
  Reserving size (1531042) for bucket 49
  Calculating Z arrays for bucket 49
  Entering block accumulator loop for bucket 49:
  Sorting block time: 00:00:00
Returning block of 1212361 for bucket 34
  Sorting block time: 00:00:00
Returning block of 1456285 for bucket 33
Getting block 50 of 115
  Reserving size (1531042) for bucket 50
  Calculating Z arrays for bucket 50
  Entering block accumulator loop for bucket 50:
Getting block 51 of 115
  Reserving size (1531042) for bucket 51
  Calculating Z arrays for bucket 51
  Entering block accumulator loop for bucket 51:
  bucket 43: 90%
  bucket 40: 100%
  Sorting block of length 1477057 for bucket 40
  (Using difference cover)
  bucket 48: 10%
  bucket 46: 20%
  Sorting block time: 00:00:00
Returning block of 1080473 for bucket 35
  bucket 44: 90%
  bucket 42: 100%
  Sorting block of length 1517606 for bucket 42
  (Using difference cover)
  Sorting block time: 00:00:00
Returning block of 1076076 for bucket 37
  bucket 47: 20%
Getting block 52 of 115
  Reserving size (1531042) for bucket 52
  Calculating Z arrays for bucket 52
  Entering block accumulator loop for bucket 52:
  bucket 41: 100%
  Sorting block of length 1437705 for bucket 41
  (Using difference cover)
Getting block 53 of 115
  Reserving size (1531042) for bucket 53
  Calculating Z arrays for bucket 53
  Entering block accumulator loop for bucket 53:
  bucket 45: 80%
  bucket 49: 10%
  bucket 50: 10%
  bucket 51: 10%
  bucket 43: 100%
  Sorting block of length 1518188 for bucket 43
  (Using difference cover)
  bucket 46: 30%
  bucket 48: 20%
  bucket 44: 100%
  Sorting block of length 1171771 for bucket 44
  (Using difference cover)
  bucket 47: 30%
  bucket 52: 10%
  bucket 53: 10%
  bucket 45: 90%
  bucket 49: 20%
  bucket 50: 20%
  bucket 51: 20%
  Sorting block time: 00:00:01
Returning block of 1477058 for bucket 40
  bucket 46: 40%
Getting block 54 of 115
  Reserving size (1531042) for bucket 54
  Calculating Z arrays for bucket 54
  Entering block accumulator loop for bucket 54:
  Sorting block time: 00:00:01
Returning block of 1437706 for bucket 41
  bucket 48: 30%
  Sorting block time: 00:00:01
Returning block of 1765306 for bucket 39
Getting block 55 of 115
  Reserving size (1531042) for bucket 55
  Calculating Z arrays for bucket 55
  Entering block accumulator loop for bucket 55:
Getting block 56 of 115
  Reserving size (1531042) for bucket 56
  Calculating Z arrays for bucket 56
  Entering block accumulator loop for bucket 56:
  bucket 47: 40%
  bucket 52: 20%
  bucket 53: 20%
  bucket 45: 100%
  Sorting block of length 606125 for bucket 45
  (Using difference cover)
  Sorting block time: 00:00:01
Returning block of 1517607 for bucket 42
Getting block 57 of 115
  Reserving size (1531042) for bucket 57
  Calculating Z arrays for bucket 57
  Entering block accumulator loop for bucket 57:
  bucket 49: 30%
  bucket 50: 30%
  Sorting block time: 00:00:01
Returning block of 1171772 for bucket 44
Getting block 58 of 115
  Reserving size (1531042) for bucket 58
  Calculating Z arrays for bucket 58
  Entering block accumulator loop for bucket 58:
  bucket 51: 30%
  bucket 46: 50%
  bucket 48: 40%
  bucket 54: 10%
  bucket 55: 10%
  Sorting block time: 00:00:01
Returning block of 1518189 for bucket 43
  Sorting block time: 00:00:00
Returning block of 606126 for bucket 45
Getting block 59 of 115
  Reserving size (1531042) for bucket 59
  Calculating Z arrays for bucket 59
  Entering block accumulator loop for bucket 59:
  bucket 47: 50%
Getting block 60 of 115
  Reserving size (1531042) for bucket 60
  Calculating Z arrays for bucket 60
  bucket 56: 10%
  Entering block accumulator loop for bucket 60:
  bucket 52: 30%
  bucket 53: 30%
  bucket 57: 10%
  bucket 50: 40%
  bucket 49: 40%
  bucket 46: 60%
  bucket 51: 40%
  bucket 48: 50%
  bucket 58: 10%
  bucket 54: 20%
  bucket 55: 20%
  bucket 47: 60%
  bucket 53: 40%
  bucket 52: 40%
  bucket 60: 10%
  bucket 59: 10%
  bucket 56: 20%
  bucket 57: 20%
  bucket 50: 50%
  bucket 49: 50%
  bucket 46: 70%
  bucket 51: 50%
  bucket 48: 60%
  bucket 55: 30%
  bucket 54: 30%
  bucket 58: 20%
  bucket 47: 70%
  bucket 53: 50%
  bucket 52: 50%
  bucket 60: 20%
  bucket 56: 30%
  bucket 59: 20%
  bucket 57: 30%
  bucket 50: 60%
  bucket 49: 60%
  bucket 46: 80%
  bucket 48: 70%
  bucket 55: 40%
  bucket 51: 60%
  bucket 54: 40%
  bucket 47: 80%
  bucket 53: 60%
  bucket 52: 60%
  bucket 60: 30%
  bucket 56: 40%
  bucket 58: 30%
  bucket 59: 30%
  bucket 50: 70%
  bucket 57: 40%
  bucket 46: 90%
  bucket 49: 70%
  bucket 48: 80%
  bucket 55: 50%
  bucket 51: 70%
  bucket 47: 90%
  bucket 53: 70%
  bucket 54: 50%
  bucket 52: 70%
  bucket 60: 40%
  bucket 56: 50%
  bucket 59: 40%
  bucket 58: 40%
  bucket 50: 80%
  bucket 57: 50%
  bucket 46: 100%
  Sorting block of length 1352529 for bucket 46
  (Using difference cover)
  bucket 49: 80%
  bucket 48: 90%
  bucket 55: 60%
  bucket 47: 100%
  Sorting block of length 1216383 for bucket 47
  (Using difference cover)
  bucket 53: 80%
  bucket 51: 80%
  bucket 54: 60%
  bucket 52: 80%
  bucket 60: 50%
  bucket 56: 60%
  bucket 59: 50%
  bucket 50: 90%
  bucket 58: 50%
  bucket 57: 60%
  bucket 49: 90%
  bucket 48: 100%
  Sorting block of length 1365907 for bucket 48
  (Using difference cover)
  bucket 55: 70%
  bucket 53: 90%
  bucket 51: 90%
  bucket 52: 90%
  bucket 54: 70%
  bucket 60: 60%
  Sorting block time: 00:00:01
Returning block of 1352530 for bucket 46
  bucket 56: 70%
Getting block 61 of 115
  Reserving size (1531042) for bucket 61
  Calculating Z arrays for bucket 61
  Entering block accumulator loop for bucket 61:
  bucket 59: 60%
  bucket 50: 100%
  Sorting block of length 1221256 for bucket 50
  (Using difference cover)
  Sorting block time: 00:00:01
Returning block of 1216384 for bucket 47
  bucket 57: 70%
Getting block 62 of 115
  Reserving size (1531042) for bucket 62
  Calculating Z arrays for bucket 62
  Entering block accumulator loop for bucket 62:
  bucket 58: 60%
  bucket 49: 100%
  Sorting block of length 1520626 for bucket 49
  (Using difference cover)
  bucket 55: 80%
  bucket 53: 100%
  Sorting block of length 1392184 for bucket 53
  (Using difference cover)
  bucket 52: 100%
  Sorting block of length 1298386 for bucket 52
  (Using difference cover)
  bucket 51: 100%
  Sorting block of length 1247272 for bucket 51
  (Using difference cover)
  bucket 60: 70%
  bucket 54: 80%
  bucket 56: 80%
  bucket 61: 10%
  bucket 59: 70%
  Sorting block time: 00:00:00
Returning block of 1365908 for bucket 48
Getting block 63 of 115
  Reserving size (1531042) for bucket 63
  Calculating Z arrays for bucket 63
  Entering block accumulator loop for bucket 63:
  bucket 57: 80%
  bucket 62: 10%
  bucket 55: 90%
  bucket 58: 70%
  bucket 60: 80%
  Sorting block time: 00:00:00
Returning block of 1221257 for bucket 50
  bucket 54: 90%
Getting block 64 of 115
  Reserving size (1531042) for bucket 64
  Calculating Z arrays for bucket 64
  Entering block accumulator loop for bucket 64:
  bucket 56: 90%
  bucket 61: 20%
  bucket 59: 80%
  bucket 57: 90%
  bucket 63: 10%
  Sorting block time: 00:00:01
Returning block of 1298387 for bucket 52
  bucket 55: 100%
  Sorting block of length 233712 for bucket 55
  (Using difference cover)
  bucket 62: 20%
  Sorting block time: 00:00:01
Returning block of 1247273 for bucket 51
  Sorting block time: 00:00:01
Returning block of 1392185 for bucket 53
  Sorting block time: 00:00:01
Returning block of 1520627 for bucket 49
Getting block 65 of 115
  Reserving size (1531042) for bucket 65
  Calculating Z arrays for bucket 65
  Entering block accumulator loop for bucket 65:
Getting block 66 of 115
  Reserving size (1531042) for bucket 66
  Calculating Z arrays for bucket 66
  Entering block accumulator loop for bucket 66:
Getting block 67 of 115
  Reserving size (1531042) for bucket 67
  Calculating Z arrays for bucket 67
  Entering block accumulator loop for bucket 67:
Getting block 68 of 115
  Reserving size (1531042) for bucket 68
  Calculating Z arrays for bucket 68
  Entering block accumulator loop for bucket 68:
  bucket 58: 80%
  bucket 60: 90%
  Sorting block time: 00:00:00
Returning block of 233713 for bucket 55
Getting block 69 of 115
  Reserving size (1531042) for bucket 69
  Calculating Z arrays for bucket 69
  Entering block accumulator loop for bucket 69:
  bucket 54: 100%
  Sorting block of length 1392109 for bucket 54
  (Using difference cover)
  bucket 64: 10%
  bucket 56: 100%
  Sorting block of length 1412965 for bucket 56
  (Using difference cover)
  bucket 61: 30%
  bucket 59: 90%
  bucket 57: 100%
  Sorting block of length 1186387 for bucket 57
  (Using difference cover)
  bucket 63: 20%
  bucket 62: 30%
  bucket 65: 10%
  bucket 66: 10%
  bucket 67: 10%
  bucket 60: 100%
  Sorting block of length 439805 for bucket 60
  (Using difference cover)
  bucket 68: 10%
  bucket 58: 90%
  bucket 69: 10%
  bucket 64: 20%
  bucket 61: 40%
  bucket 59: 100%
  Sorting block of length 1455883 for bucket 59
  (Using difference cover)
  bucket 63: 30%
  Sorting block time: 00:00:00
Returning block of 439806 for bucket 60
Getting block 70 of 115
  Reserving size (1531042) for bucket 70
  Calculating Z arrays for bucket 70
  Entering block accumulator loop for bucket 70:
  bucket 62: 40%
  Sorting block time: 00:00:00
Returning block of 1392110 for bucket 54
  bucket 65: 20%
  bucket 66: 20%
  bucket 67: 20%
Getting block 71 of 115
  Reserving size (1531042) for bucket 71
  Calculating Z arrays for bucket 71
  Entering block accumulator loop for bucket 71:
  bucket 68: 20%
  bucket 69: 20%
  bucket 58: 100%
  Sorting block of length 1332263 for bucket 58
  (Using difference cover)
  Sorting block time: 00:00:00
Returning block of 1412966 for bucket 56
  bucket 64: 30%
  Sorting block time: 00:00:00
Returning block of 1186388 for bucket 57
Getting block 72 of 115
  Reserving size (1531042) for bucket 72
  Calculating Z arrays for bucket 72
  Entering block accumulator loop for bucket 72:
Getting block 73 of 115
  Reserving size (1531042) for bucket 73
  Calculating Z arrays for bucket 73
  Entering block accumulator loop for bucket 73:
  bucket 61: 50%
  bucket 63: 40%
  bucket 70: 10%
  bucket 62: 50%
  bucket 65: 30%
  bucket 67: 30%
  bucket 66: 30%
  bucket 71: 10%
  bucket 68: 30%
  bucket 69: 30%
  bucket 64: 40%
  Sorting block time: 00:00:01
Returning block of 1455884 for bucket 59
  bucket 73: 10%
Getting block 74 of 115
  Reserving size (1531042) for bucket 74
  Calculating Z arrays for bucket 74
  Entering block accumulator loop for bucket 74:
  bucket 72: 10%
  bucket 61: 60%
  bucket 63: 50%
  bucket 65: 40%
  bucket 62: 60%
  bucket 70: 20%
  Sorting block time: 00:00:01
Returning block of 1332264 for bucket 58
  bucket 67: 40%
Getting block 75 of 115
  Reserving size (1531042) for bucket 75
  Calculating Z arrays for bucket 75
  Entering block accumulator loop for bucket 75:
  bucket 66: 40%
  bucket 71: 20%
  bucket 64: 50%
  bucket 69: 40%
  bucket 68: 40%
  bucket 73: 20%
  bucket 61: 70%
  bucket 74: 10%
  bucket 72: 20%
  bucket 63: 60%
  bucket 65: 50%
  bucket 62: 70%
  bucket 67: 50%
  bucket 70: 30%
  bucket 75: 10%
  bucket 66: 50%
  bucket 71: 30%
  bucket 64: 60%
  bucket 73: 30%
  bucket 69: 50%
  bucket 61: 80%
  bucket 68: 50%
  bucket 74: 20%
  bucket 72: 30%
  bucket 63: 70%
  bucket 65: 60%
  bucket 62: 80%
  bucket 67: 60%
  bucket 70: 40%
  bucket 66: 60%
  bucket 75: 20%
  bucket 71: 40%
  bucket 64: 70%
  bucket 73: 40%
  bucket 61: 90%
  bucket 69: 60%
  bucket 68: 60%
  bucket 63: 80%
  bucket 74: 30%
  bucket 72: 40%
  bucket 65: 70%
  bucket 62: 90%
  bucket 67: 70%
  bucket 66: 70%
  bucket 75: 30%
  bucket 71: 50%
  bucket 70: 50%
  bucket 73: 50%
  bucket 64: 80%
  bucket 61: 100%
  Sorting block of length 1425920 for bucket 61
  (Using difference cover)
  bucket 69: 70%
  bucket 63: 90%
  bucket 68: 70%
  bucket 74: 40%
  bucket 72: 50%
  bucket 65: 80%
  bucket 62: 100%
  Sorting block of length 906938 for bucket 62
  (Using difference cover)
  bucket 67: 80%
  bucket 66: 80%
  bucket 75: 40%
  bucket 71: 60%
  bucket 70: 60%
  bucket 73: 60%
  bucket 64: 90%
  bucket 69: 80%
  bucket 63: 100%
  Sorting block of length 1514513 for bucket 63
  (Using difference cover)
  bucket 68: 80%
  bucket 74: 50%
  bucket 72: 60%
  bucket 65: 90%
  bucket 67: 90%
  Sorting block time: 00:00:00
Returning block of 1425921 for bucket 61
  Sorting block time: 00:00:00
Returning block of 906939 for bucket 62
Getting block 76 of 115
  Reserving size (1531042) for bucket 76
  Calculating Z arrays for bucket 76
  Entering block accumulator loop for bucket 76:
Getting block 77 of 115
  Reserving size (1531042) for bucket 77
  Calculating Z arrays for bucket 77
  Entering block accumulator loop for bucket 77:
  bucket 66: 90%
  bucket 71: 70%
  bucket 75: 50%
  bucket 73: 70%
  bucket 70: 70%
  bucket 64: 100%
  Sorting block of length 943115 for bucket 64
  (Using difference cover)
  bucket 69: 90%
  bucket 74: 60%
  bucket 68: 90%
  bucket 72: 70%
  bucket 65: 100%
  Sorting block of length 910709 for bucket 65
  (Using difference cover)
  bucket 67: 100%
  Sorting block of length 1188896 for bucket 67
  (Using difference cover)
  bucket 77: 10%
  bucket 66: 100%
  Sorting block of length 1091672 for bucket 66
  (Using difference cover)
  bucket 76: 10%
  bucket 75: 60%
  bucket 71: 80%
  bucket 73: 80%
  Sorting block time: 00:00:01
Returning block of 1514514 for bucket 63
Getting block 78 of 115
  Reserving size (1531042) for bucket 78
  Calculating Z arrays for bucket 78
  Entering block accumulator loop for bucket 78:
  bucket 70: 80%
  bucket 69: 100%
  Sorting block of length 1032606 for bucket 69
  (Using difference cover)
  Sorting block time: 00:00:01
Returning block of 943116 for bucket 64
Getting block 79 of 115
  Reserving size (1531042) for bucket 79
  Calculating Z arrays for bucket 79
  Entering block accumulator loop for bucket 79:
  bucket 74: 70%
  bucket 68: 100%
  Sorting block of length 1358612 for bucket 68
  (Using difference cover)
  bucket 72: 80%
  Sorting block time: 00:00:00
Returning block of 910710 for bucket 65
Getting block 80 of 115
  Reserving size (1531042) for bucket 80
  Calculating Z arrays for bucket 80
  Entering block accumulator loop for bucket 80:
  bucket 77: 20%
  bucket 73: 90%
  bucket 76: 20%
  bucket 71: 90%
  bucket 75: 70%
  bucket 78: 10%
  bucket 70: 90%
  Sorting block time: 00:00:00
Returning block of 1188897 for bucket 67
Getting block 81 of 115
  Reserving size (1531042) for bucket 81
  Calculating Z arrays for bucket 81
  Entering block accumulator loop for bucket 81:
  Sorting block time: 00:00:00
Returning block of 1091673 for bucket 66
  bucket 74: 80%
Getting block 82 of 115
  Reserving size (1531042) for bucket 82
  Calculating Z arrays for bucket 82
  Entering block accumulator loop for bucket 82:
  bucket 79: 10%
  Sorting block time: 00:00:00
Returning block of 1032607 for bucket 69
  bucket 72: 90%
Getting block 83 of 115
  Reserving size (1531042) for bucket 83
  Calculating Z arrays for bucket 83
  Entering block accumulator loop for bucket 83:
  bucket 77: 30%
  bucket 80: 10%
  bucket 73: 100%
  Sorting block of length 940795 for bucket 73
  (Using difference cover)
  bucket 75: 80%
  bucket 76: 30%
  bucket 71: 100%
  Sorting block of length 529173 for bucket 71
  (Using difference cover)
  bucket 78: 20%
  bucket 70: 100%
  Sorting block of length 1516383 for bucket 70
  (Using difference cover)
  Sorting block time: 00:00:00
Returning block of 1358613 for bucket 68
  bucket 81: 10%
Getting block 84 of 115
  Reserving size (1531042) for bucket 84
  Calculating Z arrays for bucket 84
  Entering block accumulator loop for bucket 84:
  bucket 74: 90%
  bucket 82: 10%
  bucket 79: 20%
  bucket 72: 100%
  Sorting block of length 1259151 for bucket 72
  (Using difference cover)
  bucket 83: 10%
  Sorting block time: 00:00:01
Returning block of 529174 for bucket 71
Getting block 85 of 115
  Reserving size (1531042) for bucket 85
  Calculating Z arrays for bucket 85
  Entering block accumulator loop for bucket 85:
  bucket 77: 40%
  bucket 80: 20%
  bucket 75: 90%
  bucket 76: 40%
  bucket 78: 30%
  Sorting block time: 00:00:01
Returning block of 940796 for bucket 73
Getting block 86 of 115
  Reserving size (1531042) for bucket 86
  Calculating Z arrays for bucket 86
  Entering block accumulator loop for bucket 86:
  bucket 81: 20%
  bucket 84: 10%
  bucket 74: 100%
  Sorting block of length 1334011 for bucket 74
  (Using difference cover)
  bucket 82: 20%
  bucket 79: 30%
  bucket 83: 20%
  bucket 85: 10%
  bucket 77: 50%
  bucket 80: 30%
  bucket 75: 100%
  Sorting block of length 1038360 for bucket 75
  (Using difference cover)
  bucket 78: 40%
  Sorting block time: 00:00:01
Returning block of 1516384 for bucket 70
  bucket 76: 50%
Getting block 87 of 115
  Reserving size (1531042) for bucket 87
  Calculating Z arrays for bucket 87
  Entering block accumulator loop for bucket 87:
  Sorting block time: 00:00:01
Returning block of 1259152 for bucket 72
Getting block 88 of 115
  Reserving size (1531042) for bucket 88
  Calculating Z arrays for bucket 88
  Entering block accumulator loop for bucket 88:
  bucket 86: 10%
  bucket 81: 30%
  bucket 84: 20%
  bucket 79: 40%
  bucket 82: 30%
  bucket 77: 60%
  bucket 85: 20%
  bucket 83: 30%
  bucket 80: 40%
  bucket 78: 50%
  Sorting block time: 00:00:00
Returning block of 1334012 for bucket 74
  Sorting block time: 00:00:00
Returning block of 1038361 for bucket 75
  bucket 76: 60%
Getting block 89 of 115
  Reserving size (1531042) for bucket 89
  Calculating Z arrays for bucket 89
  Entering block accumulator loop for bucket 89:
Getting block 90 of 115
  Reserving size (1531042) for bucket 90
  Calculating Z arrays for bucket 90
  Entering block accumulator loop for bucket 90:
  bucket 87: 10%
  bucket 81: 40%
  bucket 86: 20%
  bucket 84: 30%
  bucket 88: 10%
  bucket 79: 50%
  bucket 77: 70%
  bucket 82: 40%
  bucket 85: 30%
  bucket 83: 40%
  bucket 78: 60%
  bucket 80: 50%
  bucket 89: 10%
  bucket 90: 10%
  bucket 76: 70%
  bucket 87: 20%
  bucket 81: 50%
  bucket 86: 30%
  bucket 84: 40%
  bucket 88: 20%
  bucket 77: 80%
  bucket 79: 60%
  bucket 82: 50%
  bucket 85: 40%
  bucket 78: 70%
  bucket 80: 60%
  bucket 83: 50%
  bucket 89: 20%
  bucket 90: 20%
  bucket 76: 80%
  bucket 87: 30%
  bucket 81: 60%
  bucket 86: 40%
  bucket 84: 50%
  bucket 77: 90%
  bucket 79: 70%
  bucket 88: 30%
  bucket 78: 80%
  bucket 82: 60%
  bucket 85: 50%
  bucket 80: 70%
  bucket 89: 30%
  bucket 90: 30%
  bucket 83: 60%
  bucket 76: 90%
  bucket 87: 40%
  bucket 81: 70%
  bucket 86: 50%
  bucket 77: 100%
  Sorting block of length 1054826 for bucket 77
  (Using difference cover)
  bucket 84: 60%
  bucket 78: 90%
  bucket 79: 80%
  bucket 82: 70%
  bucket 89: 40%
  bucket 85: 60%
  bucket 80: 80%
  bucket 88: 40%
  bucket 90: 40%
  bucket 83: 70%
  bucket 76: 100%
  Sorting block of length 1208817 for bucket 76
  (Using difference cover)
  bucket 87: 50%
  bucket 81: 80%
  bucket 84: 70%
  bucket 86: 60%
  bucket 78: 100%
  Sorting block of length 809062 for bucket 78
  (Using difference cover)
  Sorting block time: 00:00:01
Returning block of 1054827 for bucket 77
  bucket 89: 50%
  bucket 79: 90%
Getting block 91 of 115
  Reserving size (1531042) for bucket 91
  Calculating Z arrays for bucket 91
  Entering block accumulator loop for bucket 91:
  bucket 85: 70%
  bucket 80: 90%
  bucket 90: 50%
  bucket 82: 80%
  bucket 83: 80%
  bucket 88: 50%
  bucket 87: 60%
  bucket 81: 90%
  bucket 84: 80%
  bucket 86: 70%
  Sorting block time: 00:00:00
Returning block of 809063 for bucket 78
  Sorting block time: 00:00:01
Returning block of 1208818 for bucket 76
Getting block 92 of 115
  Reserving size (1531042) for bucket 92
  Calculating Z arrays for bucket 92
  Entering block accumulator loop for bucket 92:
  bucket 91: 10%
Getting block 93 of 115
  Reserving size (1531042) for bucket 93
  Calculating Z arrays for bucket 93
  Entering block accumulator loop for bucket 93:
  bucket 89: 60%
  bucket 90: 60%
  bucket 79: 100%
  Sorting block of length 1471069 for bucket 79
  (Using difference cover)
  bucket 80: 100%
  Sorting block of length 691312 for bucket 80
  (Using difference cover)
  bucket 85: 80%
  bucket 82: 90%
  bucket 83: 90%
  bucket 87: 70%
  bucket 88: 60%
  bucket 81: 100%
  Sorting block of length 1403000 for bucket 81
  (Using difference cover)
  bucket 92: 10%
  bucket 84: 90%
  bucket 91: 20%
  bucket 86: 80%
  bucket 89: 70%
  bucket 93: 10%
  bucket 90: 70%
  Sorting block time: 00:00:00
Returning block of 691313 for bucket 80
Getting block 94 of 115
  Reserving size (1531042) for bucket 94
  Calculating Z arrays for bucket 94
  Entering block accumulator loop for bucket 94:
  bucket 85: 90%
  bucket 82: 100%
  Sorting block of length 1164107 for bucket 82
  (Using difference cover)
  bucket 83: 100%
  Sorting block of length 1234580 for bucket 83
  (Using difference cover)
  bucket 87: 80%
  bucket 88: 70%
  bucket 92: 20%
  bucket 91: 30%
  Sorting block time: 00:00:01
Returning block of 1471070 for bucket 79
  bucket 84: 100%
  Sorting block of length 1385015 for bucket 84
  (Using difference cover)
  bucket 89: 80%
  bucket 93: 20%
  bucket 86: 90%
Getting block 95 of 115
  Reserving size (1531042) for bucket 95
  Calculating Z arrays for bucket 95
  Entering block accumulator loop for bucket 95:
  bucket 94: 10%
  bucket 90: 80%
  bucket 85: 100%
  Sorting block of length 514283 for bucket 85
  (Using difference cover)
  Sorting block time: 00:00:01
Returning block of 1403001 for bucket 81
Getting block 96 of 115
  Reserving size (1531042) for bucket 96
  Calculating Z arrays for bucket 96
  Entering block accumulator loop for bucket 96:
  bucket 87: 90%
  bucket 92: 30%
  bucket 91: 40%
  Sorting block time: 00:00:01
Returning block of 1164108 for bucket 82
  bucket 88: 80%
Getting block 97 of 115
  Reserving size (1531042) for bucket 97
  Calculating Z arrays for bucket 97
  Entering block accumulator loop for bucket 97:
  bucket 93: 30%
  Sorting block time: 00:00:00
Returning block of 514284 for bucket 85
  bucket 89: 90%
  bucket 94: 20%
Getting block 98 of 115
  Reserving size (1531042) for bucket 98
  Calculating Z arrays for bucket 98
  Entering block accumulator loop for bucket 98:
  Sorting block time: 00:00:01
Returning block of 1234581 for bucket 83
  bucket 86: 100%
  Sorting block of length 1517808 for bucket 86
  (Using difference cover)
  bucket 95: 10%
  bucket 90: 90%
Getting block 99 of 115
  Reserving size (1531042) for bucket 99
  Calculating Z arrays for bucket 99
  Entering block accumulator loop for bucket 99:
  bucket 96: 10%
  bucket 87: 100%
  Sorting block of length 117583 for bucket 87
  (Using difference cover)
  bucket 92: 40%
  bucket 91: 50%
  Sorting block time: 00:00:00
Returning block of 1385016 for bucket 84
  Sorting block time: 00:00:00
Returning block of 117584 for bucket 87
Getting block 100 of 115
  Reserving size (1531042) for bucket 100
  Calculating Z arrays for bucket 100
  Entering block accumulator loop for bucket 100:
Getting block 101 of 115
  Reserving size (1531042) for bucket 101
  Calculating Z arrays for bucket 101
  Entering block accumulator loop for bucket 101:
  bucket 94: 30%
  bucket 89: 100%
  Sorting block of length 1283979 for bucket 89
  (Using difference cover)
  bucket 97: 10%
  bucket 93: 40%
  bucket 98: 10%
  bucket 88: 90%
  bucket 90: 100%
  Sorting block of length 1515402 for bucket 90
  (Using difference cover)
  bucket 95: 20%
  bucket 99: 10%
  bucket 96: 20%
  bucket 92: 50%
  bucket 91: 60%
  bucket 100: 10%
  bucket 94: 40%
  Sorting block time: 00:00:00
Returning block of 1517809 for bucket 86
  bucket 101: 10%
  bucket 93: 50%
  bucket 97: 20%
  bucket 98: 20%
Getting block 102 of 115
  Reserving size (1531042) for bucket 102
  Calculating Z arrays for bucket 102
  Entering block accumulator loop for bucket 102:
  bucket 95: 30%
  bucket 99: 20%
  bucket 88: 100%
  Sorting block of length 1441927 for bucket 88
  (Using difference cover)
  bucket 96: 30%
  bucket 92: 60%
  Sorting block time: 00:00:01
Returning block of 1283980 for bucket 89
Getting block 103 of 115
  Reserving size (1531042) for bucket 103
  Calculating Z arrays for bucket 103
  Entering block accumulator loop for bucket 103:
  bucket 91: 70%
  bucket 94: 50%
  Sorting block time: 00:00:01
Returning block of 1515403 for bucket 90
  bucket 100: 20%
Getting block 104 of 115
  Reserving size (1531042) for bucket 104
  Calculating Z arrays for bucket 104
  Entering block accumulator loop for bucket 104:
  bucket 101: 20%
  bucket 102: 10%
  bucket 98: 30%
  bucket 93: 60%
  bucket 97: 30%
  bucket 95: 40%
  bucket 99: 30%
  bucket 96: 40%
  bucket 92: 70%
  bucket 91: 80%
  bucket 103: 10%
  bucket 94: 60%
  bucket 100: 30%
  bucket 104: 10%
  Sorting block time: 00:00:00
Returning block of 1441928 for bucket 88
  bucket 101: 30%
  bucket 102: 20%
  bucket 98: 40%
Getting block 105 of 115
  Reserving size (1531042) for bucket 105
  Calculating Z arrays for bucket 105
  Entering block accumulator loop for bucket 105:
  bucket 97: 40%
  bucket 93: 70%
  bucket 95: 50%
  bucket 99: 40%
  bucket 96: 50%
  bucket 92: 80%
  bucket 91: 90%
  bucket 94: 70%
  bucket 103: 20%
  bucket 100: 40%
  bucket 104: 20%
  bucket 102: 30%
  bucket 98: 50%
  bucket 101: 40%
  bucket 105: 10%
  bucket 97: 50%
  bucket 93: 80%
  bucket 95: 60%
  bucket 92: 90%
  bucket 96: 60%
  bucket 99: 50%
  bucket 91: 100%
  Sorting block of length 590088 for bucket 91
  (Using difference cover)
  bucket 94: 80%
  bucket 103: 30%
  bucket 104: 30%
  bucket 100: 50%
  bucket 102: 40%
  bucket 98: 60%
  bucket 101: 50%
  bucket 105: 20%
  bucket 97: 60%
  bucket 93: 90%
  bucket 95: 70%
  bucket 92: 100%
  Sorting block of length 1387662 for bucket 92
  (Using difference cover)
  Sorting block time: 00:00:00
Returning block of 590089 for bucket 91
Getting block 106 of 115
  Reserving size (1531042) for bucket 106
  Calculating Z arrays for bucket 106
  Entering block accumulator loop for bucket 106:
  bucket 96: 70%
  bucket 99: 60%
  bucket 94: 90%
  bucket 103: 40%
  bucket 104: 40%
  bucket 100: 60%
  bucket 102: 50%
  bucket 98: 70%
  bucket 101: 60%
  bucket 105: 30%
  bucket 97: 70%
  bucket 93: 100%
  Sorting block of length 1386730 for bucket 93
  (Using difference cover)
  bucket 95: 80%
  bucket 106: 10%
  bucket 96: 80%
  bucket 94: 100%
  Sorting block of length 756222 for bucket 94
  (Using difference cover)
  bucket 99: 70%
  bucket 103: 50%
  bucket 104: 50%
  Sorting block time: 00:00:00
Returning block of 1387663 for bucket 92
  bucket 100: 70%
Getting block 107 of 115
  Reserving size (1531042) for bucket 107
  Calculating Z arrays for bucket 107
  Entering block accumulator loop for bucket 107:
  bucket 102: 60%
  bucket 98: 80%
  bucket 105: 40%
  bucket 106: 20%
  bucket 101: 70%
  bucket 97: 80%
  bucket 96: 90%
  bucket 95: 90%
  Sorting block time: 00:00:00
Returning block of 756223 for bucket 94
Getting block 108 of 115
  Reserving size (1531042) for bucket 108
  Calculating Z arrays for bucket 108
  Entering block accumulator loop for bucket 108:
  bucket 99: 80%
  bucket 103: 60%
  bucket 104: 60%
  bucket 107: 10%
  bucket 100: 80%
  Sorting block time: 00:00:01
Returning block of 1386731 for bucket 93
  bucket 102: 70%
Getting block 109 of 115
  Reserving size (1531042) for bucket 109
  Calculating Z arrays for bucket 109
  Entering block accumulator loop for bucket 109:
  bucket 98: 90%
  bucket 106: 30%
  bucket 105: 50%
  bucket 101: 80%
  bucket 96: 100%
  Sorting block of length 1412218 for bucket 96
  (Using difference cover)
  bucket 97: 90%
  bucket 108: 10%
  bucket 95: 100%
  Sorting block of length 1527630 for bucket 95
  (Using difference cover)
  bucket 99: 90%
  bucket 104: 70%
  bucket 103: 70%
  bucket 107: 20%
  bucket 100: 90%
  bucket 102: 80%
  bucket 109: 10%
  bucket 98: 100%
  Sorting block of length 1024859 for bucket 98
  (Using difference cover)
  bucket 106: 40%
  bucket 108: 20%
  bucket 105: 60%
  bucket 101: 90%
  bucket 97: 100%
  Sorting block of length 1128489 for bucket 97
  (Using difference cover)
  bucket 99: 100%
  Sorting block of length 1375708 for bucket 99
  (Using difference cover)
  bucket 104: 80%
  bucket 103: 80%
  bucket 107: 30%
  bucket 100: 100%
  Sorting block of length 1295083 for bucket 100
  (Using difference cover)
  bucket 102: 90%
  bucket 106: 50%
  Sorting block time: 00:00:00
Returning block of 1412219 for bucket 96
  bucket 109: 20%
Getting block 110 of 115
  Reserving size (1531042) for bucket 110
  Calculating Z arrays for bucket 110
  Entering block accumulator loop for bucket 110:
  Sorting block time: 00:00:00
Returning block of 1527631 for bucket 95
  bucket 108: 30%
  bucket 105: 70%
Getting block 111 of 115
  Reserving size (1531042) for bucket 111
  Calculating Z arrays for bucket 111
  Entering block accumulator loop for bucket 111:
  bucket 101: 100%
  Sorting block of length 1460514 for bucket 101
  (Using difference cover)
  Sorting block time: 00:00:00
Returning block of 1024860 for bucket 98
Getting block 112 of 115
  Reserving size (1531042) for bucket 112
  Calculating Z arrays for bucket 112
  Entering block accumulator loop for bucket 112:
  bucket 104: 90%
  bucket 107: 40%
  Sorting block time: 00:00:00
Returning block of 1128490 for bucket 97
  bucket 103: 90%
Getting block 113 of 115
  Reserving size (1531042) for bucket 113
  Calculating Z arrays for bucket 113
  Entering block accumulator loop for bucket 113:
  bucket 102: 100%
  Sorting block of length 1157875 for bucket 102
  (Using difference cover)
  bucket 106: 60%
  bucket 109: 30%
  bucket 110: 10%
  bucket 108: 40%
  bucket 105: 80%
  bucket 111: 10%
  Sorting block time: 00:00:01
Returning block of 1375709 for bucket 99
Getting block 114 of 115
  Reserving size (1531042) for bucket 114
  Calculating Z arrays for bucket 114
  Entering block accumulator loop for bucket 114:
  bucket 112: 10%
  Sorting block time: 00:00:01
Returning block of 1295084 for bucket 100
Getting block 115 of 115
  Reserving size (1531042) for bucket 115
  Calculating Z arrays for bucket 115
  Entering block accumulator loop for bucket 115:
  bucket 104: 100%
  Sorting block of length 549805 for bucket 104
  (Using difference cover)
  bucket 107: 50%
  bucket 103: 100%
  Sorting block of length 1354855 for bucket 103
  (Using difference cover)
  bucket 113: 10%
  bucket 106: 70%
  bucket 110: 20%
  bucket 108: 50%
  bucket 109: 40%
  bucket 115: 10%
  bucket 111: 20%
  bucket 105: 90%
  Sorting block time: 00:00:01
Returning block of 1460515 for bucket 101
  bucket 114: 10%
  Sorting block time: 00:00:01
Returning block of 1157876 for bucket 102
  Sorting block time: 00:00:00
Returning block of 549806 for bucket 104
  bucket 112: 20%
  bucket 107: 60%
  bucket 113: 20%
  bucket 115: 20%
  bucket 106: 80%
  bucket 110: 30%
  bucket 108: 60%
  bucket 109: 50%
  bucket 111: 30%
  bucket 105: 100%
  Sorting block of length 1245437 for bucket 105
  (Using difference cover)
  bucket 115: 30%
  bucket 114: 20%
  bucket 112: 30%
  Sorting block time: 00:00:00
Returning block of 1354856 for bucket 103
  bucket 107: 70%
  bucket 113: 30%
  bucket 110: 40%
  bucket 106: 90%
  bucket 108: 70%
  bucket 115: 40%
  bucket 109: 60%
  bucket 111: 40%
  bucket 114: 30%
  bucket 112: 40%
  bucket 115: 50%
  bucket 107: 80%
  bucket 113: 40%
  bucket 110: 50%
  bucket 106: 100%
  Sorting block of length 1067275 for bucket 106
  (Using difference cover)
  bucket 108: 80%
  Sorting block time: 00:00:01
Returning block of 1245438 for bucket 105
  bucket 115: 60%
  bucket 109: 70%
  bucket 111: 50%
  bucket 114: 40%
  bucket 112: 50%
  bucket 107: 90%
  bucket 113: 50%
  bucket 115: 70%
  bucket 110: 60%
  bucket 108: 90%
  bucket 111: 60%
  Sorting block time: 00:00:00
Returning block of 1067276 for bucket 106
  bucket 109: 80%
  bucket 114: 50%
  bucket 115: 80%
  bucket 112: 60%
  bucket 107: 100%
  Sorting block of length 743135 for bucket 107
  (Using difference cover)
  bucket 113: 60%
  bucket 110: 70%
  bucket 108: 100%
  Sorting block of length 1142347 for bucket 108
  (Using difference cover)
  bucket 115: 90%
  bucket 111: 70%
  bucket 114: 60%
  bucket 109: 90%
  bucket 112: 70%
  bucket 115: 100%
  Sorting block of length 1375362 for bucket 115
  (Using difference cover)
  Sorting block time: 00:00:00
Returning block of 743136 for bucket 107
  bucket 110: 80%
  bucket 113: 70%
  Sorting block time: 00:00:01
Returning block of 1142348 for bucket 108
  bucket 111: 80%
  bucket 114: 70%
  bucket 112: 80%
  bucket 109: 100%
  Sorting block of length 1503554 for bucket 109
  (Using difference cover)
  bucket 110: 90%
  bucket 113: 80%
  Sorting block time: 00:00:01
Returning block of 1375363 for bucket 115
  bucket 111: 90%
  bucket 114: 80%
  bucket 112: 90%
  bucket 110: 100%
  Sorting block of length 160788 for bucket 110
  (Using difference cover)
  bucket 113: 90%
  Sorting block time: 00:00:00
Returning block of 160789 for bucket 110
  bucket 111: 100%
  Sorting block of length 1471219 for bucket 111
  (Using difference cover)
  bucket 114: 90%
  bucket 112: 100%
  Sorting block of length 1506646 for bucket 112
  (Using difference cover)
  Sorting block time: 00:00:00
Returning block of 1503555 for bucket 109
  bucket 113: 100%
  Sorting block of length 1051836 for bucket 113
  (Using difference cover)
  bucket 114: 100%
  Sorting block of length 1224512 for bucket 114
  (Using difference cover)
  Sorting block time: 00:00:01
Returning block of 1051837 for bucket 113
  Sorting block time: 00:00:01
Returning block of 1471220 for bucket 111
  Sorting block time: 00:00:01
Returning block of 1506647 for bucket 112
  Sorting block time: 00:00:01
Returning block of 1224513 for bucket 114
Exited Ebwt loop
fchr[A]: 0
fchr[C]: 32415907
fchr[G]: 65111284
fchr[T]: 97857853
fchr[$]: 130648924
Exiting Ebwt::buildToDisk()
Returning from initFromVector
Wrote 54290676 bytes to primary EBWT file: ${ARTICLE30_WORK_DIR}/indexes/metaspades-coassembly.rev.1.bt2.tmp
Wrote 32662236 bytes to secondary EBWT file: ${ARTICLE30_WORK_DIR}/indexes/metaspades-coassembly.rev.2.bt2.tmp
Re-opening _in1 and _in2 as input streams
Returning from Ebwt constructor
Headers:
    len: 130648924
    bwtLen: 130648925
    sz: 32662231
    bwtSz: 32662232
    lineRate: 6
    offRate: 4
    offMask: 0xfffffff0
    ftabChars: 10
    eftabLen: 20
    eftabSz: 80
    ftabLen: 1048577
    ftabSz: 4194308
    offsLen: 8165558
    offsSz: 32662232
    lineSz: 64
    sideSz: 64
    sideBwtSz: 48
    sideBwtLen: 192
    numSides: 680464
    numLines: 680464
    ebwtTotLen: 43549696
    ebwtTotSz: 43549696
    color: 0
    reverse: 1
Total time for backward call to driver() for mirror index: 00:00:36
Renaming ${ARTICLE30_WORK_DIR}/indexes/metaspades-coassembly.3.bt2.tmp to ${ARTICLE30_WORK_DIR}/indexes/metaspades-coassembly.3.bt2
Renaming ${ARTICLE30_WORK_DIR}/indexes/metaspades-coassembly.4.bt2.tmp to ${ARTICLE30_WORK_DIR}/indexes/metaspades-coassembly.4.bt2
Renaming ${ARTICLE30_WORK_DIR}/indexes/metaspades-coassembly.1.bt2.tmp to ${ARTICLE30_WORK_DIR}/indexes/metaspades-coassembly.1.bt2
Renaming ${ARTICLE30_WORK_DIR}/indexes/metaspades-coassembly.2.bt2.tmp to ${ARTICLE30_WORK_DIR}/indexes/metaspades-coassembly.2.bt2
Renaming ${ARTICLE30_WORK_DIR}/indexes/metaspades-coassembly.rev.1.bt2.tmp to ${ARTICLE30_WORK_DIR}/indexes/metaspades-coassembly.rev.1.bt2
Renaming ${ARTICLE30_WORK_DIR}/indexes/metaspades-coassembly.rev.2.bt2.tmp to ${ARTICLE30_WORK_DIR}/indexes/metaspades-coassembly.rev.2.bt2
