Settings:
  Output files: "${ARTICLE30_WORK_DIR}/indexes/megahit-single-MOCK2.*.bt2"
  Line rate: 6 (line is 64 bytes)
  Lines per side: 1 (side is 64 bytes)
  Offset rate: 4 (one in 16)
  FTable chars: 10
  Strings: unpacked
  Max bucket size: default
  Max bucket size, sqrt multiplier: default
  Max bucket size, len divisor: 64
  Difference-cover sample period: 1024
  Endianness: little
  Actual local endianness: little
  Sanity checking: disabled
  Assertions: disabled
  Random seed: 0
  Sizeofs: void*:8, int:4, long:8, size_t:8
Input files DNA, FASTA:
  ${ARTICLE30_WORK_DIR}/assemblies/megahit-single-MOCK2/final.contigs.fa
Building a SMALL index
Reading reference sizes
  Time reading reference sizes: 00:00:00
Calculating joined length
Writing header
Reserving space for joined string
Joining reference sequences
  Time to join reference sequences: 00:00:00
bmax according to bmaxDivN setting: 1084447
Using parameters --bmax 813336 --dcv 1024
  Doing ahead-of-time memory usage test
  Passed!  Constructing with these parameters: --bmax 813336 --dcv 1024
Constructing suffix-array element generator
Building DifferenceCoverSample
  Building sPrime
  Building sPrimeOrder
  V-Sorting samples
  V-Sorting samples time: 00:00:00
  Allocating rank array
  Ranking v-sort output
  Ranking v-sort output time: 00:00:00
  Invoking Larsson-Sadakane on ranks
  Invoking Larsson-Sadakane on ranks time: 00:00:01
  Sanity-checking and returning
Building samples
Reserving space for 172 sample suffixes
Generating random suffixes
QSorting 172 sample offsets, eliminating duplicates
QSorting sample offsets, eliminating duplicates time: 00:00:00
Multikey QSorting 172 samples
  (Using difference cover)
  Multikey QSorting samples time: 00:00:00
Calculating bucket sizes
Splitting and merging
  Splitting and merging time: 00:00:00
Split 26, merged 78; iterating...
Splitting and merging
  Splitting and merging time: 00:00:00
Split 8, merged 7; iterating...
Splitting and merging
  Splitting and merging time: 00:00:00
Split 8, merged 6; iterating...
Splitting and merging
  Splitting and merging time: 00:00:00
Split 1, merged 7; iterating...
Splitting and merging
  Splitting and merging time: 00:00:00
Avg bucket size: 593201 (target: 813335)
Converting suffix-array elements to index image
Allocating ftab, absorbFtab
Entering Ebwt loop
Getting block 1 of 117
  Reserving size (813336) for bucket 1
Getting block 3 of 117
Getting block 8 of 117
  Reserving size (813336) for bucket 8
  Reserving size (813336) for bucket 3
  Calculating Z arrays for bucket 1
Getting block 9 of 117
Getting block 4 of 117
  Entering block accumulator loop for bucket 1:
Getting block 5 of 117
Getting block 2 of 117
Getting block 11 of 117
  Reserving size (813336) for bucket 11
Getting block 13 of 117
  Reserving size (813336) for bucket 13
Getting block 10 of 117
  Reserving size (813336) for bucket 10
Getting block 12 of 117
  Reserving size (813336) for bucket 4
  Calculating Z arrays for bucket 11
  Reserving size (813336) for bucket 9
  Reserving size (813336) for bucket 12
  Calculating Z arrays for bucket 10
Getting block 6 of 117
  Calculating Z arrays for bucket 13
  Entering block accumulator loop for bucket 11:
  Reserving size (813336) for bucket 5
  Calculating Z arrays for bucket 3
  Calculating Z arrays for bucket 9
  Calculating Z arrays for bucket 8
Getting block 7 of 117
  Reserving size (813336) for bucket 7
  Entering block accumulator loop for bucket 3:
  Reserving size (813336) for bucket 6
  Calculating Z arrays for bucket 5
  Entering block accumulator loop for bucket 8:
Getting block 15 of 117
  Reserving size (813336) for bucket 15
Getting block 14 of 117
  Calculating Z arrays for bucket 6
  Entering block accumulator loop for bucket 9:
  Calculating Z arrays for bucket 4
  Calculating Z arrays for bucket 12
  Entering block accumulator loop for bucket 5:
  Reserving size (813336) for bucket 2
  Calculating Z arrays for bucket 15
  Entering block accumulator loop for bucket 4:
  Entering block accumulator loop for bucket 6:
  Calculating Z arrays for bucket 2
  Calculating Z arrays for bucket 7
  Entering block accumulator loop for bucket 13:
  Entering block accumulator loop for bucket 12:
  Reserving size (813336) for bucket 14
  Entering block accumulator loop for bucket 7:
  Entering block accumulator loop for bucket 2:
  Entering block accumulator loop for bucket 10:
  Entering block accumulator loop for bucket 15:
  Calculating Z arrays for bucket 14
  Entering block accumulator loop for bucket 14:
  bucket 1: 10%
  bucket 2: 10%
  bucket 3: 10%
  bucket 4: 10%
  bucket 6: 10%
  bucket 5: 10%
  bucket 10: 10%
  bucket 11: 10%
  bucket 7: 10%
  bucket 12: 10%
  bucket 14: 10%
  bucket 8: 10%
  bucket 15: 10%
  bucket 13: 10%
  bucket 9: 10%
  bucket 1: 20%
  bucket 2: 20%
  bucket 3: 20%
  bucket 4: 20%
  bucket 6: 20%
  bucket 5: 20%
  bucket 10: 20%
  bucket 7: 20%
  bucket 11: 20%
  bucket 12: 20%
  bucket 8: 20%
  bucket 14: 20%
  bucket 9: 20%
  bucket 15: 20%
  bucket 13: 20%
  bucket 1: 30%
  bucket 2: 30%
  bucket 3: 30%
  bucket 4: 30%
  bucket 6: 30%
  bucket 5: 30%
  bucket 10: 30%
  bucket 7: 30%
  bucket 11: 30%
  bucket 12: 30%
  bucket 8: 30%
  bucket 14: 30%
  bucket 9: 30%
  bucket 15: 30%
  bucket 13: 30%
  bucket 1: 40%
  bucket 2: 40%
  bucket 3: 40%
  bucket 4: 40%
  bucket 6: 40%
  bucket 5: 40%
  bucket 10: 40%
  bucket 11: 40%
  bucket 12: 40%
  bucket 8: 40%
  bucket 14: 40%
  bucket 9: 40%
  bucket 7: 40%
  bucket 15: 40%
  bucket 13: 40%
  bucket 1: 50%
  bucket 2: 50%
  bucket 3: 50%
  bucket 4: 50%
  bucket 6: 50%
  bucket 5: 50%
  bucket 10: 50%
  bucket 11: 50%
  bucket 12: 50%
  bucket 14: 50%
  bucket 1: 60%
  bucket 7: 50%
  bucket 9: 50%
  bucket 15: 50%
  bucket 13: 50%
  bucket 2: 60%
  bucket 8: 50%
  bucket 3: 60%
  bucket 4: 60%
  bucket 6: 60%
  bucket 5: 60%
  bucket 10: 60%
  bucket 11: 60%
  bucket 1: 70%
  bucket 12: 60%
  bucket 14: 60%
  bucket 7: 60%
  bucket 9: 60%
  bucket 15: 60%
  bucket 2: 70%
  bucket 13: 60%
  bucket 3: 70%
  bucket 8: 60%
  bucket 4: 70%
  bucket 6: 70%
  bucket 5: 70%
  bucket 10: 70%
  bucket 1: 80%
  bucket 11: 70%
  bucket 12: 70%
  bucket 7: 70%
  bucket 14: 70%
  bucket 2: 80%
  bucket 9: 70%
  bucket 3: 80%
  bucket 15: 70%
  bucket 13: 70%
  bucket 4: 80%
  bucket 8: 70%
  bucket 1: 90%
  bucket 6: 80%
  bucket 5: 80%
  bucket 10: 80%
  bucket 11: 80%
  bucket 2: 90%
  bucket 12: 80%
  bucket 7: 80%
  bucket 14: 80%
  bucket 3: 90%
  bucket 9: 80%
  bucket 4: 90%
  bucket 15: 80%
  bucket 13: 80%
  bucket 8: 80%
  bucket 1: 100%
  Sorting block of length 246491 for bucket 1
  (Using difference cover)
  bucket 6: 90%
  bucket 5: 90%
  bucket 10: 90%
  bucket 11: 90%
  bucket 2: 100%
  Sorting block of length 683102 for bucket 2
  (Using difference cover)
  Sorting block time: 00:00:00
Returning block of 246492 for bucket 1
  bucket 3: 100%
  Sorting block of length 432605 for bucket 3
  (Using difference cover)
  bucket 12: 90%
Getting block 16 of 117
  Reserving size (813336) for bucket 16
  Calculating Z arrays for bucket 16
  Entering block accumulator loop for bucket 16:
  bucket 7: 90%
  bucket 14: 90%
  bucket 4: 100%
  Sorting block of length 764806 for bucket 4
  (Using difference cover)
  bucket 9: 90%
  bucket 15: 90%
  bucket 8: 90%
  bucket 13: 90%
  bucket 6: 100%
  Sorting block of length 639114 for bucket 6
  (Using difference cover)
  bucket 5: 100%
  Sorting block of length 495725 for bucket 5
  (Using difference cover)
  bucket 10: 100%
  Sorting block of length 237772 for bucket 10
  (Using difference cover)
  bucket 11: 100%
  Sorting block of length 671848 for bucket 11
  (Using difference cover)
  bucket 7: 100%
  Sorting block of length 454787 for bucket 7
  (Using difference cover)
  bucket 12: 100%
  Sorting block of length 755276 for bucket 12
  (Using difference cover)
  bucket 16: 10%
  bucket 14: 100%
  Sorting block of length 168020 for bucket 14
  (Using difference cover)
  Sorting block time: 00:00:00
Returning block of 432606 for bucket 3
  bucket 9: 100%
  Sorting block of length 662290 for bucket 9
  (Using difference cover)
Getting block 17 of 117
  Reserving size (813336) for bucket 17
  Calculating Z arrays for bucket 17
  Entering block accumulator loop for bucket 17:
  bucket 8: 100%
  Sorting block of length 520465 for bucket 8
  (Using difference cover)
  bucket 15: 100%
  Sorting block of length 697923 for bucket 15
  (Using difference cover)
  bucket 13: 100%
  Sorting block of length 656304 for bucket 13
  (Using difference cover)
  Sorting block time: 00:00:00
Returning block of 237773 for bucket 10
  Sorting block time: 00:00:01
Returning block of 683103 for bucket 2
Getting block 18 of 117
  Reserving size (813336) for bucket 18
  Calculating Z arrays for bucket 18
  Entering block accumulator loop for bucket 18:
Getting block 19 of 117
  Reserving size (813336) for bucket 19
  Calculating Z arrays for bucket 19
  Entering block accumulator loop for bucket 19:
  Sorting block time: 00:00:00
Returning block of 168021 for bucket 14
Getting block 20 of 117
  Reserving size (813336) for bucket 20
  Calculating Z arrays for bucket 20
  Entering block accumulator loop for bucket 20:
  bucket 16: 20%
  Sorting block time: 00:00:00
Returning block of 764807 for bucket 4
Getting block 21 of 117
  Reserving size (813336) for bucket 21
  Calculating Z arrays for bucket 21
  Entering block accumulator loop for bucket 21:
  bucket 17: 10%
  Sorting block time: 00:00:00
Returning block of 639115 for bucket 6
  Sorting block time: 00:00:00
Returning block of 495726 for bucket 5
Getting block 22 of 117
  Reserving size (813336) for bucket 22
  Calculating Z arrays for bucket 22
  Entering block accumulator loop for bucket 22:
Getting block 23 of 117
  Reserving size (813336) for bucket 23
  Calculating Z arrays for bucket 23
  Entering block accumulator loop for bucket 23:
  Sorting block time: 00:00:00
Returning block of 454788 for bucket 7
  Sorting block time: 00:00:00
Returning block of 671849 for bucket 11
Getting block 24 of 117
  Reserving size (813336) for bucket 24
  Calculating Z arrays for bucket 24
  Entering block accumulator loop for bucket 24:
Getting block 25 of 117
  Reserving size (813336) for bucket 25
  Calculating Z arrays for bucket 25
  Entering block accumulator loop for bucket 25:
  bucket 18: 10%
  Sorting block time: 00:00:00
Returning block of 520466 for bucket 8
  bucket 19: 10%
Getting block 26 of 117
  Reserving size (813336) for bucket 26
  Calculating Z arrays for bucket 26
  Entering block accumulator loop for bucket 26:
  bucket 20: 10%
  Sorting block time: 00:00:00
Returning block of 755277 for bucket 12
  bucket 16: 30%
Getting block 27 of 117
  Reserving size (813336) for bucket 27
  Calculating Z arrays for bucket 27
  Entering block accumulator loop for bucket 27:
  Sorting block time: 00:00:00
Returning block of 662291 for bucket 9
  bucket 21: 10%
  bucket 17: 20%
Getting block 28 of 117
  Reserving size (813336) for bucket 28
  Calculating Z arrays for bucket 28
  Entering block accumulator loop for bucket 28:
  bucket 23: 10%
  bucket 22: 10%
  Sorting block time: 00:00:00
Returning block of 656305 for bucket 13
  Sorting block time: 00:00:00
Returning block of 697924 for bucket 15
Getting block 29 of 117
  Reserving size (813336) for bucket 29
  Calculating Z arrays for bucket 29
  Entering block accumulator loop for bucket 29:
Getting block 30 of 117
  Reserving size (813336) for bucket 30
  Calculating Z arrays for bucket 30
  Entering block accumulator loop for bucket 30:
  bucket 25: 10%
  bucket 24: 10%
  bucket 18: 20%
  bucket 19: 20%
  bucket 20: 20%
  bucket 16: 40%
  bucket 27: 10%
  bucket 21: 20%
  bucket 17: 30%
  bucket 26: 10%
  bucket 28: 10%
  bucket 23: 20%
  bucket 22: 20%
  bucket 25: 20%
  bucket 18: 30%
  bucket 29: 10%
  bucket 30: 10%
  bucket 24: 20%
  bucket 19: 30%
  bucket 16: 50%
  bucket 20: 30%
  bucket 27: 20%
  bucket 21: 30%
  bucket 17: 40%
  bucket 26: 20%
  bucket 28: 20%
  bucket 23: 30%
  bucket 22: 30%
  bucket 25: 30%
  bucket 18: 40%
  bucket 30: 20%
  bucket 29: 20%
  bucket 24: 30%
  bucket 19: 40%
  bucket 16: 60%
  bucket 20: 40%
  bucket 27: 30%
  bucket 21: 40%
  bucket 17: 50%
  bucket 26: 30%
  bucket 28: 30%
  bucket 23: 40%
  bucket 25: 40%
  bucket 22: 40%
  bucket 18: 50%
  bucket 16: 70%
  bucket 19: 50%
  bucket 24: 40%
  bucket 30: 30%
  bucket 29: 30%
  bucket 20: 50%
  bucket 27: 40%
  bucket 17: 60%
  bucket 21: 50%
  bucket 26: 40%
  bucket 25: 50%
  bucket 23: 50%
  bucket 28: 40%
  bucket 18: 60%
  bucket 22: 50%
  bucket 16: 80%
  bucket 19: 60%
  bucket 24: 50%
  bucket 30: 40%
  bucket 29: 40%
  bucket 20: 60%
  bucket 27: 50%
  bucket 17: 70%
  bucket 21: 60%
  bucket 25: 60%
  bucket 23: 60%
  bucket 26: 50%
  bucket 18: 70%
  bucket 28: 50%
  bucket 16: 90%
  bucket 22: 60%
  bucket 19: 70%
  bucket 24: 60%
  bucket 30: 50%
  bucket 20: 70%
  bucket 29: 50%
  bucket 27: 60%
  bucket 17: 80%
  bucket 21: 70%
  bucket 25: 70%
  bucket 23: 70%
  bucket 16: 100%
  Sorting block of length 732056 for bucket 16
  (Using difference cover)
  bucket 18: 80%
  bucket 26: 60%
  bucket 28: 60%
  bucket 19: 80%
  bucket 22: 70%
  bucket 24: 70%
  bucket 30: 60%
  bucket 20: 80%
  bucket 29: 60%
  bucket 27: 70%
  bucket 17: 90%
  bucket 21: 80%
  bucket 25: 80%
  bucket 23: 80%
  bucket 18: 90%
  bucket 26: 70%
  bucket 28: 70%
  bucket 19: 90%
  bucket 22: 80%
  bucket 20: 90%
  bucket 24: 80%
  bucket 30: 70%
  bucket 29: 70%
  bucket 27: 80%
  bucket 21: 90%
  bucket 17: 100%
  Sorting block of length 677827 for bucket 17
  (Using difference cover)
  Sorting block time: 00:00:00
Returning block of 732057 for bucket 16
  bucket 25: 90%
Getting block 31 of 117
  Reserving size (813336) for bucket 31
  Calculating Z arrays for bucket 31
  Entering block accumulator loop for bucket 31:
  bucket 23: 90%
  bucket 18: 100%
  Sorting block of length 529320 for bucket 18
  (Using difference cover)
  bucket 19: 100%
  Sorting block of length 618466 for bucket 19
  (Using difference cover)
  bucket 28: 80%
  bucket 22: 90%
  bucket 20: 100%
  Sorting block of length 281214 for bucket 20
  (Using difference cover)
  bucket 24: 90%
  bucket 30: 80%
  bucket 26: 80%
  bucket 29: 80%
  bucket 21: 100%
  Sorting block of length 629777 for bucket 21
  (Using difference cover)
  bucket 27: 90%
  bucket 25: 100%
  Sorting block of length 457314 for bucket 25
  (Using difference cover)
  bucket 31: 10%
  bucket 23: 100%
  Sorting block of length 633942 for bucket 23
  (Using difference cover)
  bucket 28: 90%
  Sorting block time: 00:00:00
Returning block of 677828 for bucket 17
  bucket 22: 100%
  Sorting block of length 717064 for bucket 22
  (Using difference cover)
  Sorting block time: 00:00:00
Returning block of 281215 for bucket 20
Getting block 32 of 117
  Reserving size (813336) for bucket 32
  Calculating Z arrays for bucket 32
  Entering block accumulator loop for bucket 32:
Getting block 33 of 117
  Reserving size (813336) for bucket 33
  Calculating Z arrays for bucket 33
  Entering block accumulator loop for bucket 33:
  bucket 24: 100%
  Sorting block of length 659595 for bucket 24
  (Using difference cover)
  bucket 30: 90%
  Sorting block time: 00:00:00
Returning block of 529321 for bucket 18
  bucket 27: 100%
  Sorting block of length 393771 for bucket 27
  (Using difference cover)
  bucket 26: 90%
  bucket 29: 90%
Getting block 34 of 117
  Reserving size (813336) for bucket 34
  Calculating Z arrays for bucket 34
  Entering block accumulator loop for bucket 34:
  Sorting block time: 00:00:00
Returning block of 618467 for bucket 19
Getting block 35 of 117
  Reserving size (813336) for bucket 35
  Calculating Z arrays for bucket 35
  Entering block accumulator loop for bucket 35:
  Sorting block time: 00:00:00
Returning block of 457315 for bucket 25
Getting block 36 of 117
  Reserving size (813336) for bucket 36
  Calculating Z arrays for bucket 36
  Entering block accumulator loop for bucket 36:
  bucket 31: 20%
  Sorting block time: 00:00:00
Returning block of 629778 for bucket 21
  bucket 28: 100%
  Sorting block of length 440974 for bucket 28
  (Using difference cover)
Getting block 37 of 117
  Reserving size (813336) for bucket 37
  Calculating Z arrays for bucket 37
  Entering block accumulator loop for bucket 37:
  Sorting block time: 00:00:00
Returning block of 633943 for bucket 23
  bucket 30: 100%
  Sorting block of length 538747 for bucket 30
  (Using difference cover)
  bucket 33: 10%
Getting block 38 of 117
  Reserving size (813336) for bucket 38
  Calculating Z arrays for bucket 38
  Entering block accumulator loop for bucket 38:
  bucket 26: 100%
  Sorting block of length 806708 for bucket 26
  (Using difference cover)
  bucket 29: 100%
  Sorting block of length 716635 for bucket 29
  (Using difference cover)
  bucket 32: 10%
  Sorting block time: 00:00:00
Returning block of 393772 for bucket 27
Getting block 39 of 117
  Reserving size (813336) for bucket 39
  Calculating Z arrays for bucket 39
  Entering block accumulator loop for bucket 39:
  bucket 34: 10%
  bucket 35: 10%
  bucket 31: 30%
  bucket 36: 10%
  Sorting block time: 00:00:00
Returning block of 717065 for bucket 22
  Sorting block time: 00:00:00
Returning block of 659596 for bucket 24
Getting block 40 of 117
  Reserving size (813336) for bucket 40
  Calculating Z arrays for bucket 40
  Entering block accumulator loop for bucket 40:
Getting block 41 of 117
  Reserving size (813336) for bucket 41
  Calculating Z arrays for bucket 41
  Entering block accumulator loop for bucket 41:
  bucket 37: 10%
  Sorting block time: 00:00:00
Returning block of 440975 for bucket 28
Getting block 42 of 117
  Reserving size (813336) for bucket 42
  Calculating Z arrays for bucket 42
  Entering block accumulator loop for bucket 42:
  bucket 33: 20%
  bucket 38: 10%
  bucket 32: 20%
  bucket 34: 20%
  bucket 39: 10%
  bucket 31: 40%
  Sorting block time: 00:00:00
Returning block of 538748 for bucket 30
Getting block 43 of 117
  Reserving size (813336) for bucket 43
  Calculating Z arrays for bucket 43
  Entering block accumulator loop for bucket 43:
  bucket 35: 20%
  bucket 36: 20%
  Sorting block time: 00:00:00
Returning block of 806709 for bucket 26
  bucket 40: 10%
  bucket 41: 10%
  bucket 37: 20%
  Sorting block time: 00:00:00
Returning block of 716636 for bucket 29
Getting block 44 of 117
  Reserving size (813336) for bucket 44
  Calculating Z arrays for bucket 44
  Entering block accumulator loop for bucket 44:
Getting block 45 of 117
  Reserving size (813336) for bucket 45
  Calculating Z arrays for bucket 45
  Entering block accumulator loop for bucket 45:
  bucket 42: 10%
  bucket 33: 30%
  bucket 34: 30%
  bucket 31: 50%
  bucket 38: 20%
  bucket 32: 30%
  bucket 39: 20%
  bucket 35: 30%
  bucket 43: 10%
  bucket 36: 30%
  bucket 41: 20%
  bucket 40: 20%
  bucket 37: 30%
  bucket 44: 10%
  bucket 42: 20%
  bucket 45: 10%
  bucket 31: 60%
  bucket 33: 40%
  bucket 34: 40%
  bucket 38: 30%
  bucket 32: 40%
  bucket 35: 40%
  bucket 39: 30%
  bucket 43: 20%
  bucket 36: 40%
  bucket 41: 30%
  bucket 40: 30%
  bucket 37: 40%
  bucket 31: 70%
  bucket 42: 30%
  bucket 44: 20%
  bucket 45: 20%
  bucket 34: 50%
  bucket 33: 50%
  bucket 38: 40%
  bucket 35: 50%
  bucket 32: 50%
  bucket 39: 40%
  bucket 43: 30%
  bucket 36: 50%
  bucket 41: 40%
  bucket 37: 50%
  bucket 40: 40%
  bucket 31: 80%
  bucket 42: 40%
  bucket 45: 30%
  bucket 34: 60%
  bucket 33: 60%
  bucket 38: 50%
  bucket 35: 60%
  bucket 44: 30%
  bucket 32: 60%
  bucket 39: 50%
  bucket 43: 40%
  bucket 36: 60%
  bucket 31: 90%
  bucket 41: 50%
  bucket 37: 60%
  bucket 40: 50%
  bucket 42: 50%
  bucket 34: 70%
  bucket 45: 40%
  bucket 33: 70%
  bucket 35: 70%
  bucket 38: 60%
  bucket 44: 40%
  bucket 43: 50%
  bucket 39: 60%
  bucket 32: 70%
  bucket 31: 100%
  Sorting block of length 404905 for bucket 31
  (Using difference cover)
  bucket 36: 70%
  bucket 41: 60%
  bucket 37: 70%
  bucket 40: 60%
  bucket 42: 60%
  bucket 34: 80%
  bucket 45: 50%
  bucket 35: 80%
  bucket 33: 80%
  bucket 38: 70%
  Sorting block time: 00:00:00
Returning block of 404906 for bucket 31
  bucket 44: 50%
Getting block 46 of 117
  Reserving size (813336) for bucket 46
  Calculating Z arrays for bucket 46
  Entering block accumulator loop for bucket 46:
  bucket 43: 60%
  bucket 39: 70%
  bucket 32: 80%
  bucket 36: 80%
  bucket 37: 80%
  bucket 41: 70%
  bucket 40: 70%
  bucket 42: 70%
  bucket 34: 90%
  bucket 35: 90%
  bucket 45: 60%
  bucket 33: 90%
  bucket 38: 80%
  bucket 46: 10%
  bucket 44: 60%
  bucket 43: 70%
  bucket 39: 80%
  bucket 36: 90%
  bucket 32: 90%
  bucket 37: 90%
  bucket 41: 80%
  bucket 40: 80%
  bucket 42: 80%
  bucket 34: 100%
  Sorting block of length 610596 for bucket 34
  (Using difference cover)
  bucket 35: 100%
  Sorting block of length 549290 for bucket 35
  (Using difference cover)
  bucket 45: 70%
  bucket 33: 100%
  Sorting block of length 789472 for bucket 33
  (Using difference cover)
  bucket 38: 90%
  bucket 46: 20%
  bucket 43: 80%
  bucket 44: 70%
  bucket 36: 100%
  Sorting block of length 664675 for bucket 36
  (Using difference cover)
  bucket 39: 90%
  bucket 37: 100%
  Sorting block of length 753570 for bucket 37
  (Using difference cover)
  bucket 32: 100%
  Sorting block of length 743401 for bucket 32
  (Using difference cover)
  bucket 41: 90%
  bucket 40: 90%
  bucket 42: 90%
  bucket 45: 80%
  Sorting block time: 00:00:01
Returning block of 549291 for bucket 35
  bucket 38: 100%
  Sorting block of length 780115 for bucket 38
  (Using difference cover)
Getting block 47 of 117
  Reserving size (813336) for bucket 47
  Calculating Z arrays for bucket 47
  Entering block accumulator loop for bucket 47:
  bucket 46: 30%
  bucket 43: 90%
  bucket 44: 80%
  Sorting block time: 00:00:01
Returning block of 610597 for bucket 34
  bucket 39: 100%
  Sorting block of length 790858 for bucket 39
  (Using difference cover)
Getting block 48 of 117
  Reserving size (813336) for bucket 48
  Calculating Z arrays for bucket 48
  Entering block accumulator loop for bucket 48:
  bucket 41: 100%
  Sorting block of length 445514 for bucket 41
  (Using difference cover)
  bucket 40: 100%
  Sorting block of length 474646 for bucket 40
  (Using difference cover)
  bucket 42: 100%
  Sorting block of length 454304 for bucket 42
  (Using difference cover)
  Sorting block time: 00:00:01
Returning block of 664676 for bucket 36
Getting block 49 of 117
  Reserving size (813336) for bucket 49
  Calculating Z arrays for bucket 49
  Entering block accumulator loop for bucket 49:
  Sorting block time: 00:00:01
Returning block of 789473 for bucket 33
  Sorting block time: 00:00:01
Returning block of 743402 for bucket 32
Getting block 50 of 117
  Reserving size (813336) for bucket 50
  Calculating Z arrays for bucket 50
  Entering block accumulator loop for bucket 50:
  Sorting block time: 00:00:01
Returning block of 753571 for bucket 37
Getting block 51 of 117
  Reserving size (813336) for bucket 51
  Calculating Z arrays for bucket 51
  Entering block accumulator loop for bucket 51:
  bucket 45: 90%
Getting block 52 of 117
  Reserving size (813336) for bucket 52
  Calculating Z arrays for bucket 52
  Entering block accumulator loop for bucket 52:
  bucket 46: 40%
  bucket 47: 10%
  bucket 43: 100%
  Sorting block of length 711933 for bucket 43
  (Using difference cover)
  bucket 48: 10%
  bucket 44: 90%
  Sorting block time: 00:00:00
Returning block of 445515 for bucket 41
  Sorting block time: 00:00:00
Returning block of 454305 for bucket 42
Getting block 53 of 117
  Reserving size (813336) for bucket 53
  Calculating Z arrays for bucket 53
  Sorting block time: 00:00:00
Returning block of 474647 for bucket 40
  Entering block accumulator loop for bucket 53:
Getting block 54 of 117
  Reserving size (813336) for bucket 54
  Calculating Z arrays for bucket 54
  Entering block accumulator loop for bucket 54:
  Sorting block time: 00:00:00
Returning block of 780116 for bucket 38
Getting block 55 of 117
  Reserving size (813336) for bucket 55
  Calculating Z arrays for bucket 55
  Entering block accumulator loop for bucket 55:
Getting block 56 of 117
  Reserving size (813336) for bucket 56
  Calculating Z arrays for bucket 56
  Entering block accumulator loop for bucket 56:
  bucket 49: 10%
  Sorting block time: 00:00:00
Returning block of 790859 for bucket 39
  bucket 45: 100%
  Sorting block of length 688823 for bucket 45
  (Using difference cover)
  bucket 50: 10%
  bucket 51: 10%
  bucket 46: 50%
Getting block 57 of 117
  Reserving size (813336) for bucket 57
  Calculating Z arrays for bucket 57
  Entering block accumulator loop for bucket 57:
  bucket 52: 10%
  bucket 47: 20%
  bucket 48: 20%
  bucket 44: 100%
  Sorting block of length 647206 for bucket 44
  (Using difference cover)
  bucket 54: 10%
  bucket 53: 10%
  bucket 55: 10%
  bucket 49: 20%
  Sorting block time: 00:00:00
Returning block of 711934 for bucket 43
  bucket 56: 10%
Getting block 58 of 117
  Reserving size (813336) for bucket 58
  Calculating Z arrays for bucket 58
  Entering block accumulator loop for bucket 58:
  bucket 46: 60%
  bucket 50: 20%
  bucket 51: 20%
  bucket 52: 20%
  bucket 57: 10%
  bucket 47: 30%
  bucket 48: 30%
  Sorting block time: 00:00:00
Returning block of 688824 for bucket 45
Getting block 59 of 117
  Reserving size (813336) for bucket 59
  Calculating Z arrays for bucket 59
  Entering block accumulator loop for bucket 59:
  Sorting block time: 00:00:00
Returning block of 647207 for bucket 44
  bucket 54: 20%
  bucket 53: 20%
  bucket 49: 30%
Getting block 60 of 117
  Reserving size (813336) for bucket 60
  Calculating Z arrays for bucket 60
  Entering block accumulator loop for bucket 60:
  bucket 56: 20%
  bucket 55: 20%
  bucket 46: 70%
  bucket 58: 10%
  bucket 50: 30%
  bucket 51: 30%
  bucket 52: 30%
  bucket 57: 20%
  bucket 47: 40%
  bucket 48: 40%
  bucket 54: 30%
  bucket 59: 10%
  bucket 49: 40%
  bucket 46: 80%
  bucket 53: 30%
  bucket 56: 30%
  bucket 55: 30%
  bucket 60: 10%
  bucket 58: 20%
  bucket 52: 40%
  bucket 50: 40%
  bucket 51: 40%
  bucket 47: 50%
  bucket 57: 30%
  bucket 48: 50%
  bucket 54: 40%
  bucket 46: 90%
  bucket 49: 50%
  bucket 59: 20%
  bucket 53: 40%
  bucket 56: 40%
  bucket 55: 40%
  bucket 52: 50%
  bucket 58: 30%
  bucket 50: 50%
  bucket 51: 50%
  bucket 60: 20%
  bucket 47: 60%
  bucket 57: 40%
  bucket 48: 60%
  bucket 46: 100%
  Sorting block of length 259065 for bucket 46
  (Using difference cover)
  bucket 54: 50%
  bucket 49: 60%
  bucket 59: 30%
  bucket 53: 50%
  bucket 56: 50%
  bucket 52: 60%
  bucket 55: 50%
  bucket 50: 60%
  bucket 51: 60%
  Sorting block time: 00:00:01
Returning block of 259066 for bucket 46
  bucket 58: 40%
Getting block 61 of 117
  Reserving size (813336) for bucket 61
  Calculating Z arrays for bucket 61
  Entering block accumulator loop for bucket 61:
  bucket 47: 70%
  bucket 48: 70%
  bucket 57: 50%
  bucket 60: 30%
  bucket 54: 60%
  bucket 49: 70%
  bucket 59: 40%
  bucket 56: 60%
  bucket 53: 60%
  bucket 52: 70%
  bucket 55: 60%
  bucket 51: 70%
  bucket 50: 70%
  bucket 58: 50%
  bucket 61: 10%
  bucket 47: 80%
  bucket 48: 80%
  bucket 57: 60%
  bucket 49: 80%
  bucket 54: 70%
  bucket 60: 40%
  bucket 59: 50%
  bucket 56: 70%
  bucket 53: 70%
  bucket 52: 80%
  bucket 51: 80%
  bucket 50: 80%
  bucket 55: 70%
  bucket 47: 90%
  bucket 61: 20%
  bucket 48: 90%
  bucket 58: 60%
  bucket 57: 70%
  bucket 49: 90%
  bucket 54: 80%
  bucket 60: 50%
  bucket 59: 60%
  bucket 56: 80%
  bucket 52: 90%
  bucket 53: 80%
  bucket 51: 90%
  bucket 50: 90%
  bucket 47: 100%
  Sorting block of length 686819 for bucket 47
  (Using difference cover)
  bucket 48: 100%
  Sorting block of length 215655 for bucket 48
  (Using difference cover)
  bucket 61: 30%
  bucket 55: 80%
  bucket 58: 70%
  bucket 57: 80%
  bucket 49: 100%
  Sorting block of length 669975 for bucket 49
  (Using difference cover)
  bucket 54: 90%
  Sorting block time: 00:00:00
Returning block of 215656 for bucket 48
Getting block 62 of 117
  Reserving size (813336) for bucket 62
  Calculating Z arrays for bucket 62
  Entering block accumulator loop for bucket 62:
  bucket 52: 100%
  Sorting block of length 476110 for bucket 52
  (Using difference cover)
  bucket 56: 90%
  bucket 59: 70%
  bucket 53: 90%
  bucket 60: 60%
  bucket 51: 100%
  Sorting block of length 551596 for bucket 51
  (Using difference cover)
  bucket 50: 100%
  Sorting block of length 601889 for bucket 50
  (Using difference cover)
  bucket 61: 40%
  bucket 55: 90%
  bucket 58: 80%
  Sorting block time: 00:00:00
Returning block of 686820 for bucket 47
  bucket 57: 90%
Getting block 63 of 117
  Reserving size (813336) for bucket 63
  Calculating Z arrays for bucket 63
  Entering block accumulator loop for bucket 63:
  bucket 54: 100%
  Sorting block of length 261688 for bucket 54
  (Using difference cover)
  bucket 62: 10%
  Sorting block time: 00:00:00
Returning block of 669976 for bucket 49
  Sorting block time: 00:00:00
Returning block of 476111 for bucket 52
Getting block 64 of 117
  Reserving size (813336) for bucket 64
  Calculating Z arrays for bucket 64
  Entering block accumulator loop for bucket 64:
Getting block 65 of 117
  Reserving size (813336) for bucket 65
  Calculating Z arrays for bucket 65
  Entering block accumulator loop for bucket 65:
  bucket 56: 100%
  Sorting block of length 740739 for bucket 56
  (Using difference cover)
  bucket 59: 80%
  bucket 53: 100%
  Sorting block of length 715307 for bucket 53
  (Using difference cover)
  Sorting block time: 00:00:00
Returning block of 551597 for bucket 51
  bucket 61: 50%
  bucket 60: 70%
Getting block 66 of 117
  Reserving size (813336) for bucket 66
  Calculating Z arrays for bucket 66
  Entering block accumulator loop for bucket 66:
  bucket 58: 90%
  bucket 55: 100%
  Sorting block of length 795073 for bucket 55
  (Using difference cover)
  Sorting block time: 00:00:00
Returning block of 261689 for bucket 54
Getting block 67 of 117
  Reserving size (813336) for bucket 67
  Calculating Z arrays for bucket 67
  Entering block accumulator loop for bucket 67:
  bucket 57: 100%
  Sorting block of length 717437 for bucket 57
  (Using difference cover)
  Sorting block time: 00:00:00
Returning block of 601890 for bucket 50
  bucket 63: 10%
Getting block 68 of 117
  Reserving size (813336) for bucket 68
  Calculating Z arrays for bucket 68
  Entering block accumulator loop for bucket 68:
  bucket 62: 20%
  bucket 64: 10%
  bucket 65: 10%
  bucket 59: 90%
  bucket 61: 60%
  Sorting block time: 00:00:00
Returning block of 740740 for bucket 56
  bucket 66: 10%
  bucket 58: 100%
  Sorting block of length 680855 for bucket 58
  (Using difference cover)
Getting block 69 of 117
  Reserving size (813336) for bucket 69
  Calculating Z arrays for bucket 69
  Entering block accumulator loop for bucket 69:
  bucket 67: 10%
  bucket 63: 20%
  bucket 60: 80%
  bucket 68: 10%
  Sorting block time: 00:00:01
Returning block of 715308 for bucket 53
Getting block 70 of 117
  Reserving size (813336) for bucket 70
  Calculating Z arrays for bucket 70
  Entering block accumulator loop for bucket 70:
  Sorting block time: 00:00:01
Returning block of 717438 for bucket 57
  bucket 62: 30%
Getting block 71 of 117
  Reserving size (813336) for bucket 71
  Calculating Z arrays for bucket 71
  Entering block accumulator loop for bucket 71:
  Sorting block time: 00:00:01
Returning block of 795074 for bucket 55
  bucket 64: 20%
  bucket 65: 20%
  bucket 59: 100%
  Sorting block of length 486558 for bucket 59
  (Using difference cover)
Getting block 72 of 117
  Reserving size (813336) for bucket 72
  Calculating Z arrays for bucket 72
  Entering block accumulator loop for bucket 72:
  bucket 61: 70%
  bucket 66: 20%
  bucket 69: 10%
  bucket 67: 20%
  bucket 63: 30%
  bucket 68: 20%
  bucket 60: 90%
  bucket 70: 10%
  Sorting block time: 00:00:01
Returning block of 680856 for bucket 58
  bucket 62: 40%
Getting block 73 of 117
  Reserving size (813336) for bucket 73
  Calculating Z arrays for bucket 73
  Entering block accumulator loop for bucket 73:
  bucket 64: 30%
  bucket 71: 10%
  bucket 65: 30%
  bucket 72: 10%
  Sorting block time: 00:00:00
Returning block of 486559 for bucket 59
  bucket 61: 80%
Getting block 74 of 117
  Reserving size (813336) for bucket 74
  Calculating Z arrays for bucket 74
  Entering block accumulator loop for bucket 74:
  bucket 66: 30%
  bucket 69: 20%
  bucket 63: 40%
  bucket 67: 30%
  bucket 68: 30%
  bucket 70: 20%
  bucket 60: 100%
  Sorting block of length 736747 for bucket 60
  (Using difference cover)
  bucket 62: 50%
  bucket 64: 40%
  bucket 65: 40%
  bucket 73: 10%
  bucket 71: 20%
  bucket 61: 90%
  bucket 72: 20%
  bucket 74: 10%
  bucket 66: 40%
  bucket 69: 30%
  bucket 63: 50%
  bucket 67: 40%
  bucket 68: 40%
  bucket 62: 60%
  bucket 70: 30%
  bucket 64: 50%
  bucket 65: 50%
  bucket 73: 20%
  bucket 71: 30%
  Sorting block time: 00:00:00
Returning block of 736748 for bucket 60
  bucket 61: 100%
  Sorting block of length 518332 for bucket 61
  (Using difference cover)
  bucket 72: 30%
Getting block 75 of 117
  Reserving size (813336) for bucket 75
  Calculating Z arrays for bucket 75
  Entering block accumulator loop for bucket 75:
  bucket 74: 20%
  bucket 66: 50%
  bucket 63: 60%
  bucket 69: 40%
  bucket 67: 50%
  bucket 68: 50%
  bucket 62: 70%
  bucket 64: 60%
  bucket 65: 60%
  bucket 70: 40%
  bucket 73: 30%
  Sorting block time: 00:00:00
Returning block of 518333 for bucket 61
  bucket 71: 40%
Getting block 76 of 117
  Reserving size (813336) for bucket 76
  Calculating Z arrays for bucket 76
  Entering block accumulator loop for bucket 76:
  bucket 72: 40%
  bucket 75: 10%
  bucket 74: 30%
  bucket 63: 70%
  bucket 66: 60%
  bucket 69: 50%
  bucket 67: 60%
  bucket 68: 60%
  bucket 64: 70%
  bucket 62: 80%
  bucket 65: 70%
  bucket 70: 50%
  bucket 73: 40%
  bucket 76: 10%
  bucket 71: 50%
  bucket 72: 50%
  bucket 74: 40%
  bucket 63: 80%
  bucket 66: 70%
  bucket 69: 60%
  bucket 75: 20%
  bucket 67: 70%
  bucket 64: 80%
  bucket 65: 80%
  bucket 62: 90%
  bucket 68: 70%
  bucket 76: 20%
  bucket 70: 60%
  bucket 73: 50%
  bucket 71: 60%
  bucket 74: 50%
  bucket 72: 60%
  bucket 63: 90%
  bucket 66: 80%
  bucket 69: 70%
  bucket 75: 30%
  bucket 67: 80%
  bucket 64: 90%
  bucket 65: 90%
  bucket 62: 100%
  Sorting block of length 726805 for bucket 62
  (Using difference cover)
  bucket 68: 80%
  bucket 76: 30%
  bucket 70: 70%
  bucket 73: 60%
  bucket 71: 70%
  bucket 74: 60%
  bucket 63: 100%
  Sorting block of length 451616 for bucket 63
  (Using difference cover)
  bucket 72: 70%
  bucket 66: 90%
  bucket 69: 80%
  bucket 67: 90%
  bucket 75: 40%
  bucket 64: 100%
  Sorting block of length 743847 for bucket 64
  (Using difference cover)
  bucket 65: 100%
  Sorting block of length 812819 for bucket 65
  (Using difference cover)
  bucket 76: 40%
  bucket 68: 90%
  bucket 70: 80%
  Sorting block time: 00:00:00
Returning block of 451617 for bucket 63
  bucket 73: 70%
Getting block 77 of 117
  Reserving size (813336) for bucket 77
  Calculating Z arrays for bucket 77
  Entering block accumulator loop for bucket 77:
  Sorting block time: 00:00:00
Returning block of 726806 for bucket 62
  bucket 71: 80%
  bucket 74: 70%
Getting block 78 of 117
  Reserving size (813336) for bucket 78
  Calculating Z arrays for bucket 78
  Entering block accumulator loop for bucket 78:
  bucket 72: 80%
  bucket 66: 100%
  Sorting block of length 728185 for bucket 66
  (Using difference cover)
  bucket 69: 90%
  bucket 67: 100%
  Sorting block of length 477124 for bucket 67
  (Using difference cover)
  bucket 75: 50%
  bucket 76: 50%
  bucket 68: 100%
  Sorting block of length 628631 for bucket 68
  (Using difference cover)
  Sorting block time: 00:00:00
Returning block of 743848 for bucket 64
Getting block 79 of 117
  Reserving size (813336) for bucket 79
  Calculating Z arrays for bucket 79
  Entering block accumulator loop for bucket 79:
  Sorting block time: 00:00:00
Returning block of 812820 for bucket 65
  bucket 70: 90%
  bucket 77: 10%
  bucket 73: 80%
Getting block 80 of 117
  Reserving size (813336) for bucket 80
  Calculating Z arrays for bucket 80
  Entering block accumulator loop for bucket 80:
  bucket 71: 90%
  bucket 78: 10%
  bucket 74: 80%
  bucket 72: 90%
  bucket 69: 100%
  Sorting block of length 421927 for bucket 69
  (Using difference cover)
  Sorting block time: 00:00:00
Returning block of 477125 for bucket 67
  Sorting block time: 00:00:00
Returning block of 728186 for bucket 66
  bucket 75: 60%
Getting block 81 of 117
  Reserving size (813336) for bucket 81
  Calculating Z arrays for bucket 81
  Entering block accumulator loop for bucket 81:
Getting block 82 of 117
  Reserving size (813336) for bucket 82
  Calculating Z arrays for bucket 82
  Entering block accumulator loop for bucket 82:
  bucket 76: 60%
  bucket 79: 10%
  bucket 77: 20%
  bucket 80: 10%
  bucket 70: 100%
  Sorting block of length 792656 for bucket 70
  (Using difference cover)
  Sorting block time: 00:00:00
Returning block of 421928 for bucket 69
  bucket 73: 90%
  Sorting block time: 00:00:00
Returning block of 628632 for bucket 68
Getting block 83 of 117
  Reserving size (813336) for bucket 83
  Calculating Z arrays for bucket 83
  Entering block accumulator loop for bucket 83:
  bucket 78: 20%
  bucket 71: 100%
  Sorting block of length 646246 for bucket 71
  (Using difference cover)
  bucket 74: 90%
Getting block 84 of 117
  Reserving size (813336) for bucket 84
  Calculating Z arrays for bucket 84
  Entering block accumulator loop for bucket 84:
  bucket 72: 100%
  Sorting block of length 786453 for bucket 72
  (Using difference cover)
  bucket 81: 10%
  bucket 82: 10%
  bucket 76: 70%
  bucket 75: 70%
  bucket 79: 20%
  bucket 80: 20%
  bucket 77: 30%
  bucket 73: 100%
  Sorting block of length 654124 for bucket 73
  (Using difference cover)
  bucket 83: 10%
  bucket 78: 30%
  bucket 74: 100%
  Sorting block of length 192710 for bucket 74
  (Using difference cover)
  bucket 84: 10%
  Sorting block time: 00:00:00
Returning block of 646247 for bucket 71
Getting block 85 of 117
  Reserving size (813336) for bucket 85
  Calculating Z arrays for bucket 85
  Entering block accumulator loop for bucket 85:
  bucket 81: 20%
  bucket 76: 80%
  bucket 82: 20%
  Sorting block time: 00:00:01
Returning block of 792657 for bucket 70
  Sorting block time: 00:00:01
Returning block of 192711 for bucket 74
Getting block 86 of 117
  Reserving size (813336) for bucket 86
  Calculating Z arrays for bucket 86
  Entering block accumulator loop for bucket 86:
Getting block 87 of 117
  Reserving size (813336) for bucket 87
  Calculating Z arrays for bucket 87
  Entering block accumulator loop for bucket 87:
  bucket 75: 80%
  bucket 79: 30%
  Sorting block time: 00:00:01
Returning block of 786454 for bucket 72
  bucket 80: 30%
Getting block 88 of 117
  Reserving size (813336) for bucket 88
  Calculating Z arrays for bucket 88
  Entering block accumulator loop for bucket 88:
  bucket 77: 40%
  bucket 83: 20%
  bucket 78: 40%
  bucket 84: 20%
  bucket 85: 10%
  bucket 76: 90%
  Sorting block time: 00:00:01
Returning block of 654125 for bucket 73
  bucket 81: 30%
  bucket 82: 30%
Getting block 89 of 117
  Reserving size (813336) for bucket 89
  Calculating Z arrays for bucket 89
  Entering block accumulator loop for bucket 89:
  bucket 79: 40%
  bucket 80: 40%
  bucket 86: 10%
  bucket 87: 10%
  bucket 75: 90%
  bucket 77: 50%
  bucket 88: 10%
  bucket 83: 30%
  bucket 78: 50%
  bucket 85: 20%
  bucket 84: 30%
  bucket 76: 100%
  Sorting block of length 155692 for bucket 76
  (Using difference cover)
  bucket 81: 40%
  bucket 82: 40%
  bucket 89: 10%
  Sorting block time: 00:00:00
Returning block of 155693 for bucket 76
Getting block 90 of 117
  Reserving size (813336) for bucket 90
  Calculating Z arrays for bucket 90
  Entering block accumulator loop for bucket 90:
  bucket 80: 50%
  bucket 79: 50%
  bucket 87: 20%
  bucket 86: 20%
  bucket 75: 100%
  Sorting block of length 665662 for bucket 75
  (Using difference cover)
  bucket 77: 60%
  bucket 83: 40%
  bucket 78: 60%
  bucket 88: 20%
  bucket 85: 30%
  bucket 84: 40%
  bucket 89: 20%
  bucket 81: 50%
  bucket 82: 50%
  bucket 90: 10%
  bucket 80: 60%
  bucket 79: 60%
  bucket 87: 30%
  bucket 86: 30%
  bucket 77: 70%
  Sorting block time: 00:00:00
Returning block of 665663 for bucket 75
  bucket 83: 50%
  bucket 78: 70%
Getting block 91 of 117
  Reserving size (813336) for bucket 91
  Calculating Z arrays for bucket 91
  Entering block accumulator loop for bucket 91:
  bucket 88: 30%
  bucket 89: 30%
  bucket 85: 40%
  bucket 84: 50%
  bucket 81: 60%
  bucket 82: 60%
  bucket 90: 20%
  bucket 80: 70%
  bucket 79: 70%
  bucket 87: 40%
  bucket 77: 80%
  bucket 86: 40%
  bucket 83: 60%
  bucket 78: 80%
  bucket 89: 40%
  bucket 91: 10%
  bucket 85: 50%
  bucket 88: 40%
  bucket 90: 30%
  bucket 81: 70%
  bucket 82: 70%
  bucket 84: 60%
  bucket 80: 80%
  bucket 79: 80%
  bucket 77: 90%
  bucket 87: 50%
  bucket 86: 50%
  bucket 89: 50%
  bucket 83: 70%
  bucket 78: 90%
  bucket 91: 20%
  bucket 90: 40%
  bucket 85: 60%
  bucket 81: 80%
  bucket 82: 80%
  bucket 80: 90%
  bucket 88: 50%
  bucket 84: 70%
  bucket 79: 90%
  bucket 77: 100%
  Sorting block of length 704306 for bucket 77
  (Using difference cover)
  bucket 89: 60%
  bucket 87: 60%
  bucket 86: 60%
  bucket 78: 100%
  Sorting block of length 708144 for bucket 78
  (Using difference cover)
  bucket 91: 30%
  bucket 83: 80%
  bucket 90: 50%
  bucket 85: 70%
  bucket 80: 100%
  Sorting block of length 89993 for bucket 80
  (Using difference cover)
  bucket 81: 90%
  bucket 82: 90%
  bucket 79: 100%
  Sorting block of length 736229 for bucket 79
  (Using difference cover)
  Sorting block time: 00:00:00
Returning block of 89994 for bucket 80
  bucket 84: 80%
Getting block 92 of 117
  Reserving size (813336) for bucket 92
  Calculating Z arrays for bucket 92
  Entering block accumulator loop for bucket 92:
  bucket 88: 60%
  bucket 89: 70%
  bucket 91: 40%
  bucket 87: 70%
  bucket 90: 60%
  bucket 86: 70%
  Sorting block time: 00:00:00
Returning block of 704307 for bucket 77
  bucket 83: 90%
Getting block 93 of 117
  Reserving size (813336) for bucket 93
  Calculating Z arrays for bucket 93
  Entering block accumulator loop for bucket 93:
  bucket 85: 80%
  bucket 81: 100%
  Sorting block of length 799842 for bucket 81
  (Using difference cover)
  bucket 82: 100%
  Sorting block of length 520272 for bucket 82
  (Using difference cover)
  bucket 92: 10%
  Sorting block time: 00:00:00
Returning block of 708145 for bucket 78
  bucket 84: 90%
Getting block 94 of 117
  Reserving size (813336) for bucket 94
  Calculating Z arrays for bucket 94
  Entering block accumulator loop for bucket 94:
  bucket 88: 70%
  Sorting block time: 00:00:00
Returning block of 736230 for bucket 79
  bucket 89: 80%
Getting block 95 of 117
  Reserving size (813336) for bucket 95
  Calculating Z arrays for bucket 95
  Entering block accumulator loop for bucket 95:
  bucket 91: 50%
  bucket 90: 70%
  bucket 87: 80%
  bucket 83: 100%
  Sorting block of length 436762 for bucket 83
  (Using difference cover)
  bucket 93: 10%
  bucket 86: 80%
  bucket 85: 90%
  bucket 92: 20%
  Sorting block time: 00:00:00
Returning block of 520273 for bucket 82
Getting block 96 of 117
  Reserving size (813336) for bucket 96
  Calculating Z arrays for bucket 96
  Entering block accumulator loop for bucket 96:
  bucket 94: 10%
  bucket 84: 100%
  Sorting block of length 696421 for bucket 84
  (Using difference cover)
  bucket 89: 90%
  bucket 95: 10%
  bucket 91: 60%
  bucket 88: 80%
  bucket 90: 80%
  Sorting block time: 00:00:00
Returning block of 436763 for bucket 83
Getting block 97 of 117
  Reserving size (813336) for bucket 97
  Calculating Z arrays for bucket 97
  Entering block accumulator loop for bucket 97:
  Sorting block time: 00:00:00
Returning block of 799843 for bucket 81
  bucket 93: 20%
  bucket 87: 90%
Getting block 98 of 117
  Reserving size (813336) for bucket 98
  Calculating Z arrays for bucket 98
  Entering block accumulator loop for bucket 98:
  bucket 86: 90%
  bucket 92: 30%
  bucket 85: 100%
  Sorting block of length 242126 for bucket 85
  (Using difference cover)
  bucket 96: 10%
  bucket 94: 20%
  bucket 89: 100%
  Sorting block of length 561390 for bucket 89
  (Using difference cover)
  Sorting block time: 00:00:00
Returning block of 242127 for bucket 85
Getting block 99 of 117
  Reserving size (813336) for bucket 99
  Calculating Z arrays for bucket 99
  Entering block accumulator loop for bucket 99:
  bucket 95: 20%
  bucket 90: 90%
  bucket 97: 10%
  bucket 93: 30%
  bucket 88: 90%
  bucket 91: 70%
  Sorting block time: 00:00:00
Returning block of 696422 for bucket 84
  bucket 98: 10%
  bucket 92: 40%
  bucket 87: 100%
  Sorting block of length 665877 for bucket 87
  (Using difference cover)
Getting block 100 of 117
  Reserving size (813336) for bucket 100
  Calculating Z arrays for bucket 100
  Entering block accumulator loop for bucket 100:
  bucket 86: 100%
  Sorting block of length 795822 for bucket 86
  (Using difference cover)
  bucket 96: 20%
  bucket 94: 30%
  Sorting block time: 00:00:00
Returning block of 561391 for bucket 89
Getting block 101 of 117
  Reserving size (813336) for bucket 101
  Calculating Z arrays for bucket 101
  Entering block accumulator loop for bucket 101:
  bucket 90: 100%
  Sorting block of length 685449 for bucket 90
  (Using difference cover)
  bucket 95: 30%
  bucket 99: 10%
  bucket 93: 40%
  bucket 97: 20%
  bucket 91: 80%
  bucket 92: 50%
  bucket 88: 100%
  Sorting block of length 809749 for bucket 88
  (Using difference cover)
  bucket 98: 20%
  bucket 100: 10%
  bucket 96: 30%
  bucket 94: 40%
  bucket 95: 40%
  bucket 101: 10%
  Sorting block time: 00:00:00
Returning block of 665878 for bucket 87
  bucket 99: 20%
Getting block 102 of 117
  Reserving size (813336) for bucket 102
  Calculating Z arrays for bucket 102
  Entering block accumulator loop for bucket 102:
  Sorting block time: 00:00:00
Returning block of 685450 for bucket 90
  bucket 93: 50%
  bucket 91: 90%
Getting block 103 of 117
  Reserving size (813336) for bucket 103
  Calculating Z arrays for bucket 103
  Entering block accumulator loop for bucket 103:
  bucket 97: 30%
  bucket 92: 60%
  Sorting block time: 00:00:01
Returning block of 795823 for bucket 86
Getting block 104 of 117
  Reserving size (813336) for bucket 104
  Calculating Z arrays for bucket 104
  Entering block accumulator loop for bucket 104:
  bucket 98: 30%
  bucket 100: 20%
  bucket 96: 40%
  bucket 94: 50%
  bucket 95: 50%
  bucket 101: 20%
  bucket 93: 60%
  bucket 99: 30%
  bucket 91: 100%
  Sorting block of length 353975 for bucket 91
  (Using difference cover)
  Sorting block time: 00:00:01
Returning block of 809750 for bucket 88
  bucket 102: 10%
  bucket 92: 70%
  bucket 103: 10%
Getting block 105 of 117
  Reserving size (813336) for bucket 105
  Calculating Z arrays for bucket 105
  Entering block accumulator loop for bucket 105:
  bucket 97: 40%
  bucket 104: 10%
  bucket 98: 40%
  bucket 96: 50%
  bucket 100: 30%
  bucket 94: 60%
  Sorting block time: 00:00:00
Returning block of 353976 for bucket 91
Getting block 106 of 117
  Reserving size (813336) for bucket 106
  Calculating Z arrays for bucket 106
  Entering block accumulator loop for bucket 106:
  bucket 95: 60%
  bucket 101: 30%
  bucket 93: 70%
  bucket 92: 80%
  bucket 102: 20%
  bucket 99: 40%
  bucket 103: 20%
  bucket 97: 50%
  bucket 105: 10%
  bucket 104: 20%
  bucket 98: 50%
  bucket 96: 60%
  bucket 100: 40%
  bucket 94: 70%
  bucket 106: 10%
  bucket 95: 70%
  bucket 93: 80%
  bucket 92: 90%
  bucket 101: 40%
  bucket 102: 30%
  bucket 99: 50%
  bucket 103: 30%
  bucket 97: 60%
  bucket 105: 20%
  bucket 98: 60%
  bucket 104: 30%
  bucket 96: 70%
  bucket 94: 80%
  bucket 100: 50%
  bucket 95: 80%
  bucket 93: 90%
  bucket 92: 100%
  Sorting block of length 528008 for bucket 92
  (Using difference cover)
  bucket 101: 50%
  bucket 102: 40%
  bucket 106: 20%
  bucket 99: 60%
  bucket 103: 40%
  bucket 97: 70%
  bucket 105: 30%
  bucket 98: 70%
  bucket 104: 40%
  bucket 96: 80%
  bucket 94: 90%
  Sorting block time: 00:00:00
Returning block of 528009 for bucket 92
  bucket 95: 90%
  bucket 100: 60%
  bucket 93: 100%
  Sorting block of length 727478 for bucket 93
  (Using difference cover)
Getting block 107 of 117
  Reserving size (813336) for bucket 107
  Calculating Z arrays for bucket 107
  Entering block accumulator loop for bucket 107:
  bucket 101: 60%
  bucket 102: 50%
  bucket 99: 70%
  bucket 106: 30%
  bucket 103: 50%
  bucket 97: 80%
  bucket 105: 40%
  bucket 98: 80%
  bucket 104: 50%
  bucket 96: 90%
  bucket 94: 100%
  Sorting block of length 684879 for bucket 94
  (Using difference cover)
  bucket 95: 100%
  Sorting block of length 631233 for bucket 95
  (Using difference cover)
  bucket 107: 10%
  bucket 100: 70%
  Sorting block time: 00:00:00
Returning block of 727479 for bucket 93
  bucket 101: 70%
  bucket 102: 60%
Getting block 108 of 117
  Reserving size (813336) for bucket 108
  Calculating Z arrays for bucket 108
  Entering block accumulator loop for bucket 108:
  bucket 99: 80%
  bucket 103: 60%
  bucket 106: 40%
  bucket 97: 90%
  bucket 105: 50%
  bucket 98: 90%
  bucket 104: 60%
  bucket 96: 100%
  Sorting block of length 473175 for bucket 96
  (Using difference cover)
  bucket 107: 20%
  Sorting block time: 00:00:01
Returning block of 631234 for bucket 95
  bucket 100: 80%
Getting block 109 of 117
  Reserving size (813336) for bucket 109
  Calculating Z arrays for bucket 109
  Entering block accumulator loop for bucket 109:
  Sorting block time: 00:00:01
Returning block of 684880 for bucket 94
  bucket 101: 80%
  bucket 102: 70%
  bucket 108: 10%
  bucket 103: 70%
Getting block 110 of 117
  Reserving size (813336) for bucket 110
  Calculating Z arrays for bucket 110
  Entering block accumulator loop for bucket 110:
  bucket 99: 90%
  bucket 97: 100%
  Sorting block of length 518989 for bucket 97
  (Using difference cover)
  bucket 106: 50%
  Sorting block time: 00:00:00
Returning block of 473176 for bucket 96
  bucket 105: 60%
  bucket 98: 100%
  Sorting block of length 385635 for bucket 98
  (Using difference cover)
Getting block 111 of 117
  Reserving size (813336) for bucket 111
  Calculating Z arrays for bucket 111
  Entering block accumulator loop for bucket 111:
  bucket 104: 70%
  bucket 107: 30%
  bucket 109: 10%
  bucket 100: 90%
  bucket 101: 90%
  bucket 102: 80%
  Sorting block time: 00:00:00
Returning block of 518990 for bucket 97
  bucket 108: 20%
  bucket 103: 80%
  bucket 110: 10%
  bucket 99: 100%
  Sorting block of length 794400 for bucket 99
  (Using difference cover)
Getting block 112 of 117
  Reserving size (813336) for bucket 112
  Calculating Z arrays for bucket 112
  Entering block accumulator loop for bucket 112:
  bucket 106: 60%
  Sorting block time: 00:00:00
Returning block of 385636 for bucket 98
  bucket 105: 70%
Getting block 113 of 117
  Reserving size (813336) for bucket 113
  Calculating Z arrays for bucket 113
  Entering block accumulator loop for bucket 113:
  bucket 111: 10%
  bucket 104: 80%
  bucket 107: 40%
  bucket 109: 20%
  bucket 100: 100%
  Sorting block of length 702015 for bucket 100
  (Using difference cover)
  bucket 102: 90%
  bucket 101: 100%
  Sorting block of length 793406 for bucket 101
  (Using difference cover)
  bucket 108: 30%
  bucket 103: 90%
  bucket 110: 20%
  bucket 112: 10%
  bucket 113: 10%
  bucket 111: 20%
  Sorting block time: 00:00:00
Returning block of 794401 for bucket 99
  bucket 105: 80%
  bucket 106: 70%
  bucket 104: 90%
Getting block 114 of 117
  Reserving size (813336) for bucket 114
  Calculating Z arrays for bucket 114
  Entering block accumulator loop for bucket 114:
  bucket 109: 30%
  bucket 107: 50%
  bucket 108: 40%
  bucket 102: 100%
  Sorting block of length 755551 for bucket 102
  (Using difference cover)
  bucket 103: 100%
  Sorting block of length 662801 for bucket 103
  (Using difference cover)
  bucket 110: 30%
  bucket 112: 20%
  bucket 111: 30%
  bucket 113: 20%
  Sorting block time: 00:00:00
Returning block of 702016 for bucket 100
  bucket 114: 10%
  bucket 105: 90%
  bucket 106: 80%
Getting block 115 of 117
  Reserving size (813336) for bucket 115
  Calculating Z arrays for bucket 115
  Entering block accumulator loop for bucket 115:
  bucket 109: 40%
  bucket 104: 100%
  Sorting block of length 626311 for bucket 104
  (Using difference cover)
  Sorting block time: 00:00:00
Returning block of 793407 for bucket 101
  bucket 107: 60%
Getting block 116 of 117
  Reserving size (813336) for bucket 116
  Calculating Z arrays for bucket 116
  Entering block accumulator loop for bucket 116:
  bucket 108: 50%
  bucket 110: 40%
  bucket 112: 30%
  Sorting block time: 00:00:00
Returning block of 662802 for bucket 103
  bucket 113: 30%
  bucket 111: 40%
Getting block 117 of 117
  Reserving size (813336) for bucket 117
  Calculating Z arrays for bucket 117
  Entering block accumulator loop for bucket 117:
  bucket 114: 20%
  bucket 109: 50%
  bucket 115: 10%
  bucket 106: 90%
  bucket 105: 100%
  Sorting block of length 525928 for bucket 105
  (Using difference cover)
  bucket 107: 70%
  Sorting block time: 00:00:00
Returning block of 755552 for bucket 102
  bucket 116: 10%
  bucket 117: 10%
  Sorting block time: 00:00:00
Returning block of 626312 for bucket 104
  bucket 108: 60%
  bucket 112: 40%
  bucket 110: 50%
  bucket 113: 40%
  bucket 111: 50%
  bucket 114: 30%
  bucket 109: 60%
  bucket 117: 20%
  bucket 115: 20%
  bucket 106: 100%
  Sorting block of length 764272 for bucket 106
  (Using difference cover)
  bucket 107: 80%
  bucket 116: 20%
  Sorting block time: 00:00:01
Returning block of 525929 for bucket 105
  bucket 112: 50%
  bucket 110: 60%
  bucket 108: 70%
  bucket 117: 30%
  bucket 113: 50%
  bucket 111: 60%
  bucket 109: 70%
  bucket 114: 40%
  bucket 115: 30%
  bucket 116: 30%
  bucket 107: 90%
  bucket 117: 40%
  Sorting block time: 00:00:01
Returning block of 764273 for bucket 106
  bucket 110: 70%
  bucket 112: 60%
  bucket 108: 80%
  bucket 113: 60%
  bucket 109: 80%
  bucket 111: 70%
  bucket 117: 50%
  bucket 114: 50%
  bucket 115: 40%
  bucket 116: 40%
  bucket 107: 100%
  Sorting block of length 465407 for bucket 107
  (Using difference cover)
  bucket 117: 60%
  bucket 110: 80%
  bucket 112: 70%
  bucket 108: 90%
  bucket 113: 70%
  bucket 109: 90%
  bucket 114: 60%
  bucket 111: 80%
  Sorting block time: 00:00:00
Returning block of 465408 for bucket 107
  bucket 115: 50%
  bucket 117: 70%
  bucket 116: 50%
  bucket 110: 90%
  bucket 112: 80%
  bucket 108: 100%
  Sorting block of length 593025 for bucket 108
  (Using difference cover)
  bucket 117: 80%
  bucket 113: 80%
  bucket 109: 100%
  Sorting block of length 454413 for bucket 109
  (Using difference cover)
  bucket 114: 70%
  bucket 111: 90%
  bucket 115: 60%
  bucket 116: 60%
  bucket 117: 90%
  bucket 110: 100%
  Sorting block of length 712450 for bucket 110
  (Using difference cover)
  Sorting block time: 00:00:00
Returning block of 454414 for bucket 109
  bucket 112: 90%
  bucket 113: 90%
  Sorting block time: 00:00:00
Returning block of 593026 for bucket 108
  bucket 114: 80%
  bucket 117: 100%
  Sorting block of length 795505 for bucket 117
  (Using difference cover)
  bucket 111: 100%
  Sorting block of length 723135 for bucket 111
  (Using difference cover)
  bucket 116: 70%
  bucket 115: 70%
  bucket 112: 100%
  Sorting block of length 788620 for bucket 112
  (Using difference cover)
  bucket 113: 100%
  Sorting block of length 472692 for bucket 113
  (Using difference cover)
  bucket 114: 90%
  Sorting block time: 00:00:00
Returning block of 712451 for bucket 110
  bucket 116: 80%
  bucket 115: 80%
  Sorting block time: 00:00:00
Returning block of 795506 for bucket 117
  Sorting block time: 00:00:00
Returning block of 723136 for bucket 111
  bucket 114: 100%
  Sorting block of length 360994 for bucket 114
  (Using difference cover)
  Sorting block time: 00:00:00
Returning block of 472693 for bucket 113
  bucket 116: 90%
  bucket 115: 90%
  Sorting block time: 00:00:01
Returning block of 788621 for bucket 112
  Sorting block time: 00:00:01
Returning block of 360995 for bucket 114
  bucket 116: 100%
  Sorting block of length 755124 for bucket 116
  (Using difference cover)
  bucket 115: 100%
  Sorting block of length 475162 for bucket 115
  (Using difference cover)
  Sorting block time: 00:00:00
Returning block of 475163 for bucket 115
  Sorting block time: 00:00:00
Returning block of 755125 for bucket 116
Exited Ebwt loop
fchr[A]: 0
fchr[C]: 18065492
fchr[G]: 34853598
fchr[T]: 51550630
fchr[$]: 69404669
Exiting Ebwt::buildToDisk()
Returning from initFromVector
Wrote 29351598 bytes to primary EBWT file: ${ARTICLE30_WORK_DIR}/indexes/megahit-single-MOCK2.1.bt2.tmp
Wrote 17351172 bytes to secondary EBWT file: ${ARTICLE30_WORK_DIR}/indexes/megahit-single-MOCK2.2.bt2.tmp
Re-opening _in1 and _in2 as input streams
Returning from Ebwt constructor
Headers:
    len: 69404669
    bwtLen: 69404670
    sz: 17351168
    bwtSz: 17351168
    lineRate: 6
    offRate: 4
    offMask: 0xfffffff0
    ftabChars: 10
    eftabLen: 20
    eftabSz: 80
    ftabLen: 1048577
    ftabSz: 4194308
    offsLen: 4337792
    offsSz: 17351168
    lineSz: 64
    sideSz: 64
    sideBwtSz: 48
    sideBwtLen: 192
    numSides: 361483
    numLines: 361483
    ebwtTotLen: 23134912
    ebwtTotSz: 23134912
    color: 0
    reverse: 0
Total time for call to driver() for forward index: 00:00:18
Reading reference sizes
  Time reading reference sizes: 00:00:01
Calculating joined length
Writing header
Reserving space for joined string
Joining reference sequences
  Time to join reference sequences: 00:00:00
  Time to reverse reference sequence: 00:00:00
bmax according to bmaxDivN setting: 1084447
Using parameters --bmax 813336 --dcv 1024
  Doing ahead-of-time memory usage test
  Passed!  Constructing with these parameters: --bmax 813336 --dcv 1024
Constructing suffix-array element generator
Building DifferenceCoverSample
  Building sPrime
  Building sPrimeOrder
  V-Sorting samples
  V-Sorting samples time: 00:00:01
  Allocating rank array
  Ranking v-sort output
  Ranking v-sort output time: 00:00:00
  Invoking Larsson-Sadakane on ranks
  Invoking Larsson-Sadakane on ranks time: 00:00:00
  Sanity-checking and returning
Building samples
Reserving space for 172 sample suffixes
Generating random suffixes
QSorting 172 sample offsets, eliminating duplicates
QSorting sample offsets, eliminating duplicates time: 00:00:00
Multikey QSorting 172 samples
  (Using difference cover)
  Multikey QSorting samples time: 00:00:00
Calculating bucket sizes
Splitting and merging
  Splitting and merging time: 00:00:00
Split 22, merged 75; iterating...
Splitting and merging
  Splitting and merging time: 00:00:00
Split 10, merged 7; iterating...
Splitting and merging
  Splitting and merging time: 00:00:00
Split 3, merged 7; iterating...
Splitting and merging
  Splitting and merging time: 00:00:00
Split 2, merged 2; iterating...
Splitting and merging
  Splitting and merging time: 00:00:00
Split 2, merged 2; iterating...
Avg bucket size: 583232 (target: 813335)
Converting suffix-array elements to index image
Allocating ftab, absorbFtab
Entering Ebwt loop
Getting block 1 of 119
  Reserving size (813336) for bucket 1
Getting block 2 of 119
  Reserving size (813336) for bucket 2
Getting block 3 of 119
  Reserving size (813336) for bucket 3
Getting block 4 of 119
  Reserving size (813336) for bucket 4
Getting block 6 of 119
Getting block 11 of 119
  Reserving size (813336) for bucket 11
Getting block 8 of 119
  Reserving size (813336) for bucket 8
  Calculating Z arrays for bucket 1
  Reserving size (813336) for bucket 6
  Calculating Z arrays for bucket 2
  Calculating Z arrays for bucket 4
Getting block 12 of 119
  Reserving size (813336) for bucket 12
  Calculating Z arrays for bucket 6
  Entering block accumulator loop for bucket 4:
Getting block 14 of 119
Getting block 7 of 119
  Reserving size (813336) for bucket 7
Getting block 5 of 119
Getting block 13 of 119
  Entering block accumulator loop for bucket 1:
Getting block 10 of 119
  Reserving size (813336) for bucket 10
  Reserving size (813336) for bucket 14
  Reserving size (813336) for bucket 13
Getting block 15 of 119
  Entering block accumulator loop for bucket 6:
  Calculating Z arrays for bucket 13
  Reserving size (813336) for bucket 5
  Reserving size (813336) for bucket 15
Getting block 9 of 119
  Entering block accumulator loop for bucket 2:
  Entering block accumulator loop for bucket 13:
  Reserving size (813336) for bucket 9
  Calculating Z arrays for bucket 12
  Calculating Z arrays for bucket 15
  Calculating Z arrays for bucket 11
  Calculating Z arrays for bucket 8
  Calculating Z arrays for bucket 14
  Calculating Z arrays for bucket 10
  Entering block accumulator loop for bucket 11:
  Entering block accumulator loop for bucket 15:
  Calculating Z arrays for bucket 3
  Entering block accumulator loop for bucket 8:
  Calculating Z arrays for bucket 7
  Entering block accumulator loop for bucket 12:
  Calculating Z arrays for bucket 5
  Entering block accumulator loop for bucket 14:
  Entering block accumulator loop for bucket 10:
  Calculating Z arrays for bucket 9
  Entering block accumulator loop for bucket 3:
  Entering block accumulator loop for bucket 7:
  Entering block accumulator loop for bucket 5:
  Entering block accumulator loop for bucket 9:
  bucket 2: 10%
  bucket 3: 10%
  bucket 6: 10%
  bucket 4: 10%
  bucket 1: 10%
  bucket 8: 10%
  bucket 7: 10%
  bucket 9: 10%
  bucket 5: 10%
  bucket 11: 10%
  bucket 12: 10%
  bucket 10: 10%
  bucket 13: 10%
  bucket 15: 10%
  bucket 14: 10%
  bucket 2: 20%
  bucket 3: 20%
  bucket 6: 20%
  bucket 1: 20%
  bucket 4: 20%
  bucket 8: 20%
  bucket 7: 20%
  bucket 9: 20%
  bucket 5: 20%
  bucket 10: 20%
  bucket 11: 20%
  bucket 12: 20%
  bucket 13: 20%
  bucket 15: 20%
  bucket 14: 20%
  bucket 2: 30%
  bucket 1: 30%
  bucket 3: 30%
  bucket 6: 30%
  bucket 4: 30%
  bucket 8: 30%
  bucket 7: 30%
  bucket 9: 30%
  bucket 5: 30%
  bucket 12: 30%
  bucket 11: 30%
  bucket 10: 30%
  bucket 13: 30%
  bucket 15: 30%
  bucket 14: 30%
  bucket 2: 40%
  bucket 1: 40%
  bucket 3: 40%
  bucket 6: 40%
  bucket 4: 40%
  bucket 8: 40%
  bucket 7: 40%
  bucket 9: 40%
  bucket 5: 40%
  bucket 12: 40%
  bucket 10: 40%
  bucket 11: 40%
  bucket 13: 40%
  bucket 2: 50%
  bucket 1: 50%
  bucket 15: 40%
  bucket 14: 40%
  bucket 3: 50%
  bucket 6: 50%
  bucket 4: 50%
  bucket 8: 50%
  bucket 7: 50%
  bucket 9: 50%
  bucket 5: 50%
  bucket 10: 50%
  bucket 12: 50%
  bucket 11: 50%
  bucket 1: 60%
  bucket 2: 60%
  bucket 13: 50%
  bucket 14: 50%
  bucket 3: 60%
  bucket 6: 60%
  bucket 15: 50%
  bucket 4: 60%
  bucket 8: 60%
  bucket 7: 60%
  bucket 9: 60%
  bucket 5: 60%
  bucket 1: 70%
  bucket 10: 60%
  bucket 12: 60%
  bucket 11: 60%
  bucket 2: 70%
  bucket 3: 70%
  bucket 6: 70%
  bucket 13: 60%
  bucket 14: 60%
  bucket 4: 70%
  bucket 15: 60%
  bucket 8: 70%
  bucket 1: 80%
  bucket 7: 70%
  bucket 9: 70%
  bucket 5: 70%
  bucket 2: 80%
  bucket 10: 70%
  bucket 11: 70%
  bucket 12: 70%
  bucket 3: 80%
  bucket 6: 80%
  bucket 4: 80%
  bucket 13: 70%
  bucket 14: 70%
  bucket 1: 90%
  bucket 15: 70%
  bucket 8: 80%
  bucket 2: 90%
  bucket 7: 80%
  bucket 9: 80%
  bucket 5: 80%
  bucket 10: 80%
  bucket 11: 80%
  bucket 12: 80%
  bucket 3: 90%
  bucket 6: 90%
  bucket 4: 90%
  bucket 1: 100%
  Sorting block of length 710101 for bucket 1
  (Using difference cover)
  bucket 2: 100%
  Sorting block of length 747497 for bucket 2
  (Using difference cover)
  bucket 13: 80%
  bucket 8: 90%
  bucket 14: 80%
  bucket 15: 80%
  bucket 7: 90%
  bucket 9: 90%
  bucket 5: 90%
  bucket 10: 90%
  bucket 11: 90%
  bucket 12: 90%
  bucket 3: 100%
  Sorting block of length 624441 for bucket 3
  (Using difference cover)
  bucket 6: 100%
  Sorting block of length 195786 for bucket 6
  (Using difference cover)
  bucket 4: 100%
  Sorting block of length 495804 for bucket 4
  (Using difference cover)
  Sorting block time: 00:00:00
Returning block of 195787 for bucket 6
Getting block 16 of 119
  Reserving size (813336) for bucket 16
  Calculating Z arrays for bucket 16
  Entering block accumulator loop for bucket 16:
  bucket 8: 100%
  Sorting block of length 606707 for bucket 8
  (Using difference cover)
  bucket 13: 90%
  bucket 7: 100%
  Sorting block of length 704808 for bucket 7
  (Using difference cover)
  bucket 9: 100%
  Sorting block of length 685598 for bucket 9
  (Using difference cover)
  bucket 14: 90%
  bucket 15: 90%
  bucket 5: 100%
  Sorting block of length 937724 for bucket 5
  (Using difference cover)
  bucket 10: 100%
  Sorting block of length 602730 for bucket 10
  (Using difference cover)
  bucket 11: 100%
  Sorting block of length 600168 for bucket 11
  (Using difference cover)
  bucket 12: 100%
  Sorting block of length 610973 for bucket 12
  (Using difference cover)
  Sorting block time: 00:00:00
Returning block of 710102 for bucket 1
Getting block 17 of 119
  Reserving size (813336) for bucket 17
  Calculating Z arrays for bucket 17
  Entering block accumulator loop for bucket 17:
  Sorting block time: 00:00:00
Returning block of 747498 for bucket 2
  Sorting block time: 00:00:00
Returning block of 624442 for bucket 3
  bucket 16: 10%
Getting block 18 of 119
  Reserving size (813336) for bucket 18
  Calculating Z arrays for bucket 18
  Entering block accumulator loop for bucket 18:
Getting block 19 of 119
  Reserving size (813336) for bucket 19
  Calculating Z arrays for bucket 19
  Entering block accumulator loop for bucket 19:
  bucket 13: 100%
  Sorting block of length 779307 for bucket 13
  (Using difference cover)
  bucket 14: 100%
  Sorting block of length 762876 for bucket 14
  (Using difference cover)
  bucket 15: 100%
  Sorting block of length 762074 for bucket 15
  (Using difference cover)
  Sorting block time: 00:00:00
Returning block of 495805 for bucket 4
Getting block 20 of 119
  Reserving size (813336) for bucket 20
  Calculating Z arrays for bucket 20
  Entering block accumulator loop for bucket 20:
  Sorting block time: 00:00:00
Returning block of 606708 for bucket 8
  bucket 17: 10%
Getting block 21 of 119
  Reserving size (813336) for bucket 21
  Calculating Z arrays for bucket 21
  Entering block accumulator loop for bucket 21:
  Sorting block time: 00:00:00
Returning block of 685599 for bucket 9
  Sorting block time: 00:00:00
Returning block of 704809 for bucket 7
  Sorting block time: 00:00:00
Returning block of 600169 for bucket 11
  Sorting block time: 00:00:00
Returning block of 610974 for bucket 12
Getting block 22 of 119
  Reserving size (813336) for bucket 22
  Calculating Z arrays for bucket 22
  Entering block accumulator loop for bucket 22:
Getting block 23 of 119
  Reserving size (813336) for bucket 23
  Calculating Z arrays for bucket 23
  bucket 16: 20%
  Entering block accumulator loop for bucket 23:
  bucket 18: 10%
Getting block 24 of 119
  Reserving size (813336) for bucket 24
  Calculating Z arrays for bucket 24
  Entering block accumulator loop for bucket 24:
Getting block 25 of 119
  Reserving size (813336) for bucket 25
  Calculating Z arrays for bucket 25
  Entering block accumulator loop for bucket 25:
  bucket 19: 10%
  Sorting block time: 00:00:00
Returning block of 602731 for bucket 10
Getting block 26 of 119
  Reserving size (813336) for bucket 26
  Calculating Z arrays for bucket 26
  Entering block accumulator loop for bucket 26:
  Sorting block time: 00:00:00
Returning block of 937725 for bucket 5
Getting block 27 of 119
  Reserving size (813336) for bucket 27
  Calculating Z arrays for bucket 27
  Entering block accumulator loop for bucket 27:
  bucket 20: 10%
  bucket 17: 20%
  bucket 21: 10%
  bucket 22: 10%
  bucket 18: 20%
  bucket 25: 10%
  bucket 23: 10%
  bucket 24: 10%
  bucket 16: 30%
  bucket 19: 20%
  bucket 26: 10%
  Sorting block time: 00:00:01
Returning block of 779308 for bucket 13
  Sorting block time: 00:00:01
Returning block of 762877 for bucket 14
  bucket 27: 10%
Getting block 28 of 119
  Reserving size (813336) for bucket 28
  Calculating Z arrays for bucket 28
  Entering block accumulator loop for bucket 28:
  Sorting block time: 00:00:01
Returning block of 762075 for bucket 15
  bucket 17: 30%
Getting block 29 of 119
  Reserving size (813336) for bucket 29
  Calculating Z arrays for bucket 29
  Entering block accumulator loop for bucket 29:
  bucket 20: 20%
  bucket 21: 20%
Getting block 30 of 119
  Reserving size (813336) for bucket 30
  Calculating Z arrays for bucket 30
  Entering block accumulator loop for bucket 30:
  bucket 25: 20%
  bucket 18: 30%
  bucket 24: 20%
  bucket 22: 20%
  bucket 16: 40%
  bucket 23: 20%
  bucket 19: 30%
  bucket 26: 20%
  bucket 17: 40%
  bucket 29: 10%
  bucket 27: 20%
  bucket 21: 30%
  bucket 20: 30%
  bucket 28: 10%
  bucket 25: 30%
  bucket 30: 10%
  bucket 18: 40%
  bucket 24: 30%
  bucket 16: 50%
  bucket 22: 30%
  bucket 23: 30%
  bucket 19: 40%
  bucket 26: 30%
  bucket 17: 50%
  bucket 27: 30%
  bucket 21: 40%
  bucket 20: 40%
  bucket 29: 20%
  bucket 25: 40%
  bucket 18: 50%
  bucket 24: 40%
  bucket 28: 20%
  bucket 16: 60%
  bucket 22: 40%
  bucket 19: 50%
  bucket 23: 40%
  bucket 30: 20%
  bucket 26: 40%
  bucket 17: 60%
  bucket 21: 50%
  bucket 27: 40%
  bucket 25: 50%
  bucket 20: 50%
  bucket 24: 50%
  bucket 18: 60%
  bucket 29: 30%
  bucket 16: 70%
  bucket 22: 50%
  bucket 19: 60%
  bucket 23: 50%
  bucket 28: 30%
  bucket 30: 30%
  bucket 26: 50%
  bucket 17: 70%
  bucket 25: 60%
  bucket 21: 60%
  bucket 27: 50%
  bucket 24: 60%
  bucket 18: 70%
  bucket 20: 60%
  bucket 29: 40%
  bucket 16: 80%
  bucket 22: 60%
  bucket 19: 70%
  bucket 23: 60%
  bucket 28: 40%
  bucket 26: 60%
  bucket 30: 40%
  bucket 17: 80%
  bucket 25: 70%
  bucket 21: 70%
  bucket 24: 70%
  bucket 18: 80%
  bucket 27: 60%
  bucket 20: 70%
  bucket 16: 90%
  bucket 29: 50%
  bucket 22: 70%
  bucket 19: 80%
  bucket 23: 70%
  bucket 26: 70%
  bucket 17: 90%
  bucket 28: 50%
  bucket 30: 50%
  bucket 25: 80%
  bucket 24: 80%
  bucket 18: 90%
  bucket 21: 80%
  bucket 27: 70%
  bucket 20: 80%
  bucket 16: 100%
  Sorting block of length 798599 for bucket 16
  (Using difference cover)
  bucket 22: 80%
  bucket 19: 90%
  bucket 29: 60%
  bucket 23: 80%
  bucket 26: 80%
  bucket 17: 100%
  Sorting block of length 779405 for bucket 17
  (Using difference cover)
  bucket 25: 90%
  bucket 24: 90%
  bucket 28: 60%
  bucket 30: 60%
  bucket 18: 100%
  Sorting block of length 378184 for bucket 18
  (Using difference cover)
  bucket 21: 90%
  bucket 27: 80%
  bucket 20: 90%
  bucket 22: 90%
  bucket 19: 100%
  Sorting block of length 638792 for bucket 19
  (Using difference cover)
  bucket 29: 70%
  bucket 26: 90%
  bucket 23: 90%
  bucket 25: 100%
  Sorting block of length 774495 for bucket 25
  (Using difference cover)
  bucket 24: 100%
  Sorting block of length 415034 for bucket 24
  (Using difference cover)
  bucket 21: 100%
  Sorting block of length 361687 for bucket 21
  (Using difference cover)
  bucket 30: 70%
  bucket 27: 90%
  bucket 28: 70%
  Sorting block time: 00:00:01
Returning block of 378185 for bucket 18
  bucket 20: 100%
  Sorting block of length 657556 for bucket 20
  (Using difference cover)
  Sorting block time: 00:00:01
Returning block of 798600 for bucket 16
Getting block 31 of 119
  Reserving size (813336) for bucket 31
  Calculating Z arrays for bucket 31
  Entering block accumulator loop for bucket 31:
Getting block 32 of 119
  Reserving size (813336) for bucket 32
  Calculating Z arrays for bucket 32
  Entering block accumulator loop for bucket 32:
  bucket 22: 100%
  Sorting block of length 704193 for bucket 22
  (Using difference cover)
  Sorting block time: 00:00:01
Returning block of 779406 for bucket 17
  bucket 26: 100%
  Sorting block of length 515999 for bucket 26
  (Using difference cover)
Getting block 33 of 119
  Reserving size (813336) for bucket 33
  Calculating Z arrays for bucket 33
  Entering block accumulator loop for bucket 33:
  bucket 29: 80%
  bucket 23: 100%
  Sorting block of length 765409 for bucket 23
  (Using difference cover)
  Sorting block time: 00:00:00
Returning block of 415035 for bucket 24
Getting block 34 of 119
  Reserving size (813336) for bucket 34
  Calculating Z arrays for bucket 34
  Entering block accumulator loop for bucket 34:
  Sorting block time: 00:00:00
Returning block of 361688 for bucket 21
  Sorting block time: 00:00:01
Returning block of 638793 for bucket 19
Getting block 35 of 119
  Reserving size (813336) for bucket 35
  Calculating Z arrays for bucket 35
  Entering block accumulator loop for bucket 35:
  bucket 27: 100%
  Sorting block of length 795344 for bucket 27
  (Using difference cover)
Getting block 36 of 119
  Reserving size (813336) for bucket 36
  Calculating Z arrays for bucket 36
  Entering block accumulator loop for bucket 36:
  bucket 30: 80%
  bucket 28: 80%
  bucket 31: 10%
  bucket 32: 10%
  Sorting block time: 00:00:01
Returning block of 774496 for bucket 25
Getting block 37 of 119
  Reserving size (813336) for bucket 37
  Calculating Z arrays for bucket 37
  Entering block accumulator loop for bucket 37:
  bucket 29: 90%
  bucket 33: 10%
  Sorting block time: 00:00:00
Returning block of 516000 for bucket 26
Getting block 38 of 119
  Reserving size (813336) for bucket 38
  Calculating Z arrays for bucket 38
  Entering block accumulator loop for bucket 38:
  bucket 34: 10%
  Sorting block time: 00:00:00
Returning block of 704194 for bucket 22
  Sorting block time: 00:00:00
Returning block of 657557 for bucket 20
  bucket 35: 10%
  bucket 36: 10%
Getting block 39 of 119
  Reserving size (813336) for bucket 39
  Calculating Z arrays for bucket 39
  Entering block accumulator loop for bucket 39:
Getting block 40 of 119
  Reserving size (813336) for bucket 40
  Calculating Z arrays for bucket 40
  Entering block accumulator loop for bucket 40:
  bucket 30: 90%
  bucket 28: 90%
  Sorting block time: 00:00:00
Returning block of 765410 for bucket 23
  bucket 31: 20%
Getting block 41 of 119
  Reserving size (813336) for bucket 41
  Calculating Z arrays for bucket 41
  Entering block accumulator loop for bucket 41:
  bucket 32: 20%
  bucket 37: 10%
  bucket 29: 100%
  Sorting block of length 396144 for bucket 29
  (Using difference cover)
  bucket 33: 20%
  Sorting block time: 00:00:00
Returning block of 795345 for bucket 27
  bucket 38: 10%
Getting block 42 of 119
  Reserving size (813336) for bucket 42
  Calculating Z arrays for bucket 42
  Entering block accumulator loop for bucket 42:
  bucket 34: 20%
  bucket 35: 20%
  bucket 36: 20%
  bucket 40: 10%
  bucket 39: 10%
  bucket 30: 100%
  Sorting block of length 498304 for bucket 30
  (Using difference cover)
  bucket 28: 100%
  Sorting block of length 767889 for bucket 28
  (Using difference cover)
  bucket 31: 30%
  Sorting block time: 00:00:00
Returning block of 396145 for bucket 29
  bucket 32: 30%
Getting block 43 of 119
  Reserving size (813336) for bucket 43
  Calculating Z arrays for bucket 43
  Entering block accumulator loop for bucket 43:
  bucket 41: 10%
  bucket 37: 20%
  bucket 33: 30%
  bucket 38: 20%
  bucket 42: 10%
  bucket 34: 30%
  bucket 35: 30%
  bucket 36: 30%
  bucket 40: 20%
  bucket 39: 20%
  bucket 31: 40%
  bucket 32: 40%
  bucket 37: 30%
  bucket 41: 20%
  bucket 43: 10%
  bucket 33: 40%
  Sorting block time: 00:00:00
Returning block of 498305 for bucket 30
Getting block 44 of 119
  Reserving size (813336) for bucket 44
  Calculating Z arrays for bucket 44
  Entering block accumulator loop for bucket 44:
  bucket 38: 30%
  bucket 42: 20%
  bucket 34: 40%
  bucket 35: 40%
  bucket 36: 40%
  Sorting block time: 00:00:00
Returning block of 767890 for bucket 28
  bucket 40: 30%
  bucket 39: 30%
Getting block 45 of 119
  Reserving size (813336) for bucket 45
  Calculating Z arrays for bucket 45
  Entering block accumulator loop for bucket 45:
  bucket 31: 50%
  bucket 32: 50%
  bucket 37: 40%
  bucket 41: 30%
  bucket 33: 50%
  bucket 43: 20%
  bucket 38: 40%
  bucket 44: 10%
  bucket 42: 30%
  bucket 34: 50%
  bucket 35: 50%
  bucket 36: 50%
  bucket 40: 40%
  bucket 31: 60%
  bucket 39: 40%
  bucket 37: 50%
  bucket 32: 60%
  bucket 45: 10%
  bucket 41: 40%
  bucket 33: 60%
  bucket 38: 50%
  bucket 43: 30%
  bucket 44: 20%
  bucket 34: 60%
  bucket 42: 40%
  bucket 36: 60%
  bucket 35: 60%
  bucket 31: 70%
  bucket 40: 50%
  bucket 37: 60%
  bucket 39: 50%
  bucket 32: 70%
  bucket 45: 20%
  bucket 33: 70%
  bucket 41: 50%
  bucket 38: 60%
  bucket 43: 40%
  bucket 34: 70%
  bucket 42: 50%
  bucket 44: 30%
  bucket 36: 70%
  bucket 35: 70%
  bucket 31: 80%
  bucket 37: 70%
  bucket 40: 60%
  bucket 32: 80%
  bucket 39: 60%
  bucket 33: 80%
  bucket 41: 60%
  bucket 45: 30%
  bucket 38: 70%
  bucket 34: 80%
  bucket 36: 80%
  bucket 42: 60%
  bucket 43: 50%
  bucket 35: 80%
  bucket 31: 90%
  bucket 37: 80%
  bucket 44: 40%
  bucket 32: 90%
  bucket 39: 70%
  bucket 40: 70%
  bucket 33: 90%
  bucket 41: 70%
  bucket 38: 80%
  bucket 45: 40%
  bucket 34: 90%
  bucket 36: 90%
  bucket 42: 70%
  bucket 35: 90%
  bucket 43: 60%
  bucket 37: 90%
  bucket 31: 100%
  Sorting block of length 480132 for bucket 31
  (Using difference cover)
  bucket 32: 100%
  Sorting block of length 540832 for bucket 32
  (Using difference cover)
  bucket 44: 50%
  bucket 39: 80%
  bucket 40: 80%
  bucket 33: 100%
  Sorting block of length 772780 for bucket 33
  (Using difference cover)
  bucket 41: 80%
  bucket 38: 90%
  bucket 45: 50%
  bucket 36: 100%
  Sorting block of length 436544 for bucket 36
  (Using difference cover)
  bucket 34: 100%
  Sorting block of length 441510 for bucket 34
  (Using difference cover)
  bucket 42: 80%
  bucket 35: 100%
  Sorting block of length 566500 for bucket 35
  (Using difference cover)
  bucket 37: 100%
  Sorting block of length 385320 for bucket 37
  (Using difference cover)
  Sorting block time: 00:00:00
Returning block of 480133 for bucket 31
  bucket 43: 70%
Getting block 46 of 119
  Reserving size (813336) for bucket 46
  Calculating Z arrays for bucket 46
  Entering block accumulator loop for bucket 46:
  bucket 44: 60%
  bucket 39: 90%
  bucket 40: 90%
  Sorting block time: 00:00:00
Returning block of 540833 for bucket 32
Getting block 47 of 119
  Reserving size (813336) for bucket 47
  Calculating Z arrays for bucket 47
  Entering block accumulator loop for bucket 47:
  bucket 38: 100%
  Sorting block of length 595702 for bucket 38
  (Using difference cover)
  bucket 41: 90%
  Sorting block time: 00:00:00
Returning block of 436545 for bucket 36
  Sorting block time: 00:00:00
Returning block of 441511 for bucket 34
  Sorting block time: 00:00:00
Returning block of 385321 for bucket 37
Getting block 48 of 119
  Reserving size (813336) for bucket 48
  Calculating Z arrays for bucket 48
  Entering block accumulator loop for bucket 48:
Getting block 49 of 119
  Reserving size (813336) for bucket 49
  Calculating Z arrays for bucket 49
  Entering block accumulator loop for bucket 49:
  Sorting block time: 00:00:00
Returning block of 772781 for bucket 33
Getting block 50 of 119
  Reserving size (813336) for bucket 50
  Calculating Z arrays for bucket 50
  Entering block accumulator loop for bucket 50:
  bucket 45: 60%
Getting block 51 of 119
  Reserving size (813336) for bucket 51
  Calculating Z arrays for bucket 51
  Entering block accumulator loop for bucket 51:
  bucket 42: 90%
  bucket 46: 10%
  bucket 43: 80%
  bucket 39: 100%
  Sorting block of length 729579 for bucket 39
  (Using difference cover)
  bucket 40: 100%
  Sorting block of length 322347 for bucket 40
  (Using difference cover)
  bucket 44: 70%
  Sorting block time: 00:00:00
Returning block of 566501 for bucket 35
  bucket 47: 10%
Getting block 52 of 119
  Reserving size (813336) for bucket 52
  Calculating Z arrays for bucket 52
  Entering block accumulator loop for bucket 52:
  bucket 41: 100%
  Sorting block of length 703485 for bucket 41
  (Using difference cover)
  bucket 48: 10%
  bucket 49: 10%
  bucket 50: 10%
  bucket 42: 100%
  Sorting block of length 589980 for bucket 42
  (Using difference cover)
  bucket 45: 70%
  bucket 51: 10%
  Sorting block time: 00:00:00
Returning block of 595703 for bucket 38
Getting block 53 of 119
  Reserving size (813336) for bucket 53
  Calculating Z arrays for bucket 53
  Entering block accumulator loop for bucket 53:
  Sorting block time: 00:00:00
Returning block of 322348 for bucket 40
Getting block 54 of 119
  Reserving size (813336) for bucket 54
  Calculating Z arrays for bucket 54
  Entering block accumulator loop for bucket 54:
  bucket 46: 20%
  bucket 43: 90%
  bucket 44: 80%
  bucket 47: 20%
  bucket 52: 10%
  Sorting block time: 00:00:00
Returning block of 729580 for bucket 39
Getting block 55 of 119
  Reserving size (813336) for bucket 55
  Calculating Z arrays for bucket 55
  Entering block accumulator loop for bucket 55:
  bucket 49: 20%
  bucket 48: 20%
  bucket 50: 20%
  Sorting block time: 00:00:00
Returning block of 703486 for bucket 41
  bucket 51: 20%
  bucket 45: 80%
  Sorting block time: 00:00:00
Returning block of 589981 for bucket 42
Getting block 56 of 119
  Reserving size (813336) for bucket 56
  Calculating Z arrays for bucket 56
  Entering block accumulator loop for bucket 56:
Getting block 57 of 119
  Reserving size (813336) for bucket 57
  Calculating Z arrays for bucket 57
  Entering block accumulator loop for bucket 57:
  bucket 53: 10%
  bucket 46: 30%
  bucket 43: 100%
  Sorting block of length 700659 for bucket 43
  (Using difference cover)
  bucket 54: 10%
  bucket 44: 90%
  bucket 47: 30%
  bucket 52: 20%
  bucket 55: 10%
  bucket 49: 30%
  bucket 48: 30%
  bucket 50: 30%
  bucket 51: 30%
  bucket 45: 90%
  bucket 56: 10%
  bucket 53: 20%
  bucket 46: 40%
  bucket 57: 10%
  bucket 54: 20%
  bucket 44: 100%
  Sorting block of length 236100 for bucket 44
  (Using difference cover)
  bucket 47: 40%
  Sorting block time: 00:00:01
Returning block of 700660 for bucket 43
Getting block 58 of 119
  Reserving size (813336) for bucket 58
  Calculating Z arrays for bucket 58
  Entering block accumulator loop for bucket 58:
  bucket 52: 30%
  bucket 55: 20%
  bucket 49: 40%
  bucket 48: 40%
  bucket 50: 40%
  bucket 51: 40%
  bucket 45: 100%
  Sorting block of length 587817 for bucket 45
  (Using difference cover)
  Sorting block time: 00:00:00
Returning block of 236101 for bucket 44
Getting block 59 of 119
  Reserving size (813336) for bucket 59
  Calculating Z arrays for bucket 59
  Entering block accumulator loop for bucket 59:
  bucket 56: 20%
  bucket 46: 50%
  bucket 53: 30%
  bucket 57: 20%
  bucket 54: 30%
  bucket 47: 50%
  bucket 58: 10%
  bucket 52: 40%
  bucket 49: 50%
  bucket 55: 30%
  bucket 48: 50%
  bucket 50: 50%
  bucket 51: 50%
  bucket 56: 30%
  bucket 46: 60%
  bucket 53: 40%
  bucket 59: 10%
  bucket 57: 30%
  bucket 54: 40%
  Sorting block time: 00:00:00
Returning block of 587818 for bucket 45
Getting block 60 of 119
  Reserving size (813336) for bucket 60
  Calculating Z arrays for bucket 60
  Entering block accumulator loop for bucket 60:
  bucket 47: 60%
  bucket 58: 20%
  bucket 52: 50%
  bucket 49: 60%
  bucket 55: 40%
  bucket 48: 60%
  bucket 50: 60%
  bucket 51: 60%
  bucket 56: 40%
  bucket 46: 70%
  bucket 53: 50%
  bucket 57: 40%
  bucket 54: 50%
  bucket 59: 20%
  bucket 47: 70%
  bucket 60: 10%
  bucket 58: 30%
  bucket 49: 70%
  bucket 52: 60%
  bucket 55: 50%
  bucket 50: 70%
  bucket 48: 70%
  bucket 51: 70%
  bucket 46: 80%
  bucket 56: 50%
  bucket 53: 60%
  bucket 57: 50%
  bucket 54: 60%
  bucket 47: 80%
  bucket 60: 20%
  bucket 59: 30%
  bucket 49: 80%
  bucket 58: 40%
  bucket 55: 60%
  bucket 50: 80%
  bucket 52: 70%
  bucket 48: 80%
  bucket 51: 80%
  bucket 46: 90%
  bucket 56: 60%
  bucket 53: 70%
  bucket 54: 70%
  bucket 57: 60%
  bucket 47: 90%
  bucket 60: 30%
  bucket 49: 90%
  bucket 59: 40%
  bucket 50: 90%
  bucket 55: 70%
  bucket 58: 50%
  bucket 51: 90%
  bucket 48: 90%
  bucket 52: 80%
  bucket 46: 100%
  Sorting block of length 716498 for bucket 46
  (Using difference cover)
  bucket 56: 70%
  bucket 53: 80%
  bucket 54: 80%
  bucket 47: 100%
  Sorting block of length 359290 for bucket 47
  (Using difference cover)
  bucket 57: 70%
  bucket 60: 40%
  bucket 49: 100%
  Sorting block of length 258357 for bucket 49
  (Using difference cover)
  bucket 50: 100%
  Sorting block of length 609833 for bucket 50
  (Using difference cover)
  bucket 51: 100%
  Sorting block of length 378134 for bucket 51
  (Using difference cover)
  bucket 55: 80%
  bucket 48: 100%
  Sorting block of length 748705 for bucket 48
  (Using difference cover)
  bucket 58: 60%
  bucket 52: 90%
  bucket 59: 50%
  bucket 56: 80%
  Sorting block time: 00:00:00
Returning block of 359291 for bucket 47
Getting block 61 of 119
  Reserving size (813336) for bucket 61
  Calculating Z arrays for bucket 61
  Entering block accumulator loop for bucket 61:
  Sorting block time: 00:00:01
Returning block of 716499 for bucket 46
  bucket 53: 90%
Getting block 62 of 119
  Reserving size (813336) for bucket 62
  Calculating Z arrays for bucket 62
  Entering block accumulator loop for bucket 62:
  bucket 54: 90%
  bucket 57: 80%
  Sorting block time: 00:00:00
Returning block of 258358 for bucket 49
Getting block 63 of 119
  Reserving size (813336) for bucket 63
  Calculating Z arrays for bucket 63
  Entering block accumulator loop for bucket 63:
  Sorting block time: 00:00:00
Returning block of 378135 for bucket 51
Getting block 64 of 119
  Reserving size (813336) for bucket 64
  Calculating Z arrays for bucket 64
  Entering block accumulator loop for bucket 64:
  bucket 60: 50%
  bucket 55: 90%
  bucket 58: 70%
  bucket 52: 100%
  Sorting block of length 542453 for bucket 52
  (Using difference cover)
  bucket 56: 90%
  Sorting block time: 00:00:00
Returning block of 748706 for bucket 48
  bucket 59: 60%
Getting block 65 of 119
  Reserving size (813336) for bucket 65
  Calculating Z arrays for bucket 65
  Entering block accumulator loop for bucket 65:
  bucket 61: 10%
  bucket 53: 100%
  Sorting block of length 808117 for bucket 53
  (Using difference cover)
  bucket 62: 10%
  Sorting block time: 00:00:00
Returning block of 609834 for bucket 50
Getting block 66 of 119
  Reserving size (813336) for bucket 66
  Calculating Z arrays for bucket 66
  Entering block accumulator loop for bucket 66:
  bucket 54: 100%
  Sorting block of length 494413 for bucket 54
  (Using difference cover)
  bucket 57: 90%
  bucket 63: 10%
  bucket 64: 10%
  bucket 60: 60%
  bucket 55: 100%
  Sorting block of length 556441 for bucket 55
  (Using difference cover)
  bucket 58: 80%
  bucket 56: 100%
  Sorting block of length 261309 for bucket 56
  (Using difference cover)
  bucket 65: 10%
  bucket 61: 20%
  bucket 62: 20%
  bucket 59: 70%
  Sorting block time: 00:00:00
Returning block of 542454 for bucket 52
  bucket 66: 10%
Getting block 67 of 119
  Reserving size (813336) for bucket 67
  Calculating Z arrays for bucket 67
  Entering block accumulator loop for bucket 67:
  Sorting block time: 00:00:00
Returning block of 261310 for bucket 56
Getting block 68 of 119
  Reserving size (813336) for bucket 68
  Calculating Z arrays for bucket 68
  Entering block accumulator loop for bucket 68:
  bucket 57: 100%
  Sorting block of length 784850 for bucket 57
  (Using difference cover)
  Sorting block time: 00:00:00
Returning block of 808118 for bucket 53
  bucket 64: 20%
  bucket 63: 20%
  Sorting block time: 00:00:00
Returning block of 494414 for bucket 54
Getting block 69 of 119
  Reserving size (813336) for bucket 69
  Calculating Z arrays for bucket 69
  Entering block accumulator loop for bucket 69:
Getting block 70 of 119
  Reserving size (813336) for bucket 70
  Calculating Z arrays for bucket 70
  Entering block accumulator loop for bucket 70:
  bucket 60: 70%
  Sorting block time: 00:00:00
Returning block of 556442 for bucket 55
Getting block 71 of 119
  Reserving size (813336) for bucket 71
  Calculating Z arrays for bucket 71
  Entering block accumulator loop for bucket 71:
  bucket 58: 90%
  bucket 65: 20%
  bucket 61: 30%
  bucket 62: 30%
  bucket 66: 20%
  bucket 59: 80%
  bucket 67: 10%
  bucket 68: 10%
  bucket 64: 30%
  bucket 63: 30%
  bucket 60: 80%
  bucket 69: 10%
  bucket 70: 10%
  Sorting block time: 00:00:00
Returning block of 784851 for bucket 57
Getting block 72 of 119
  Reserving size (813336) for bucket 72
  Calculating Z arrays for bucket 72
  Entering block accumulator loop for bucket 72:
  bucket 58: 100%
  Sorting block of length 697108 for bucket 58
  (Using difference cover)
  bucket 71: 10%
  bucket 65: 30%
  bucket 62: 40%
  bucket 61: 40%
  bucket 66: 30%
  bucket 67: 20%
  bucket 64: 40%
  bucket 59: 90%
  bucket 68: 20%
  bucket 63: 40%
  bucket 60: 90%
  bucket 70: 20%
  bucket 69: 20%
  bucket 72: 10%
  bucket 71: 20%
  Sorting block time: 00:00:00
Returning block of 697109 for bucket 58
  bucket 62: 50%
  bucket 65: 40%
  bucket 61: 50%
Getting block 73 of 119
  Reserving size (813336) for bucket 73
  Calculating Z arrays for bucket 73
  Entering block accumulator loop for bucket 73:
  bucket 66: 40%
  bucket 64: 50%
  bucket 67: 30%
  bucket 68: 30%
  bucket 59: 100%
  Sorting block of length 808818 for bucket 59
  (Using difference cover)
  bucket 63: 50%
  bucket 60: 100%
  Sorting block of length 742392 for bucket 60
  (Using difference cover)
  bucket 70: 30%
  bucket 69: 30%
  bucket 72: 20%
  bucket 71: 30%
  bucket 62: 60%
  bucket 65: 50%
  bucket 61: 60%
  bucket 73: 10%
  bucket 66: 50%
  bucket 64: 60%
  bucket 68: 40%
  bucket 67: 40%
  bucket 63: 60%
  bucket 69: 40%
  bucket 70: 40%
  bucket 72: 30%
  bucket 71: 40%
  bucket 62: 70%
  bucket 65: 60%
  bucket 61: 70%
  bucket 73: 20%
  Sorting block time: 00:00:00
Returning block of 742393 for bucket 60
  bucket 66: 60%
  bucket 64: 70%
Getting block 74 of 119
  Reserving size (813336) for bucket 74
  Calculating Z arrays for bucket 74
  Entering block accumulator loop for bucket 74:
  Sorting block time: 00:00:00
Returning block of 808819 for bucket 59
  bucket 68: 50%
  bucket 67: 50%
Getting block 75 of 119
  Reserving size (813336) for bucket 75
  Calculating Z arrays for bucket 75
  Entering block accumulator loop for bucket 75:
  bucket 63: 70%
  bucket 69: 50%
  bucket 70: 50%
  bucket 72: 40%
  bucket 62: 80%
  bucket 71: 50%
  bucket 65: 70%
  bucket 61: 80%
  bucket 73: 30%
  bucket 64: 80%
  bucket 66: 70%
  bucket 74: 10%
  bucket 68: 60%
  bucket 67: 60%
  bucket 75: 10%
  bucket 63: 80%
  bucket 69: 60%
  bucket 70: 60%
  bucket 62: 90%
  bucket 72: 50%
  bucket 65: 80%
  bucket 71: 60%
  bucket 61: 90%
  bucket 64: 90%
  bucket 73: 40%
  bucket 66: 80%
  bucket 74: 20%
  bucket 68: 70%
  bucket 67: 70%
  bucket 75: 20%
  bucket 63: 90%
  bucket 62: 100%
  Sorting block of length 156189 for bucket 62
  (Using difference cover)
  bucket 69: 70%
  bucket 70: 70%
  bucket 72: 60%
  bucket 65: 90%
  bucket 64: 100%
  Sorting block of length 377236 for bucket 64
  (Using difference cover)
  bucket 61: 100%
  Sorting block of length 678631 for bucket 61
  (Using difference cover)
  bucket 71: 70%
  Sorting block time: 00:00:00
Returning block of 156190 for bucket 62
  bucket 73: 50%
Getting block 76 of 119
  Reserving size (813336) for bucket 76
  Calculating Z arrays for bucket 76
  Entering block accumulator loop for bucket 76:
  bucket 66: 90%
  bucket 74: 30%
  bucket 68: 80%
  bucket 67: 80%
  bucket 75: 30%
  bucket 63: 100%
  Sorting block of length 697834 for bucket 63
  (Using difference cover)
  Sorting block time: 00:00:00
Returning block of 377237 for bucket 64
Getting block 77 of 119
  Reserving size (813336) for bucket 77
  Calculating Z arrays for bucket 77
  Entering block accumulator loop for bucket 77:
  bucket 69: 80%
  bucket 70: 80%
  bucket 72: 70%
  bucket 65: 100%
  Sorting block of length 600364 for bucket 65
  (Using difference cover)
  bucket 76: 10%
  bucket 71: 80%
  bucket 66: 100%
  Sorting block of length 767840 for bucket 66
  (Using difference cover)
  bucket 73: 60%
  Sorting block time: 00:00:00
Returning block of 678632 for bucket 61
Getting block 78 of 119
  Reserving size (813336) for bucket 78
  Calculating Z arrays for bucket 78
  Entering block accumulator loop for bucket 78:
  bucket 74: 40%
  bucket 68: 90%
  bucket 67: 90%
  bucket 75: 40%
  bucket 77: 10%
  bucket 70: 90%
  bucket 69: 90%
  Sorting block time: 00:00:01
Returning block of 600365 for bucket 65
  bucket 72: 80%
Getting block 79 of 119
  Reserving size (813336) for bucket 79
  Calculating Z arrays for bucket 79
  Entering block accumulator loop for bucket 79:
  bucket 76: 20%
  Sorting block time: 00:00:01
Returning block of 697835 for bucket 63
  bucket 71: 90%
  bucket 73: 70%
Getting block 80 of 119
  Reserving size (813336) for bucket 80
  Calculating Z arrays for bucket 80
  Entering block accumulator loop for bucket 80:
  bucket 78: 10%
  bucket 74: 50%
  bucket 68: 100%
  Sorting block of length 450864 for bucket 68
  (Using difference cover)
  bucket 67: 100%
  Sorting block of length 591091 for bucket 67
  (Using difference cover)
  bucket 75: 50%
  bucket 77: 20%
  Sorting block time: 00:00:01
Returning block of 767841 for bucket 66
Getting block 81 of 119
  Reserving size (813336) for bucket 81
  Calculating Z arrays for bucket 81
  Entering block accumulator loop for bucket 81:
  bucket 69: 100%
  Sorting block of length 675504 for bucket 69
  (Using difference cover)
  bucket 70: 100%
  Sorting block of length 720806 for bucket 70
  (Using difference cover)
  bucket 76: 30%
  bucket 79: 10%
  bucket 72: 90%
  Sorting block time: 00:00:00
Returning block of 450865 for bucket 68
  bucket 73: 80%
  bucket 71: 100%
  Sorting block of length 694113 for bucket 71
  (Using difference cover)
Getting block 82 of 119
  Reserving size (813336) for bucket 82
  Calculating Z arrays for bucket 82
  Entering block accumulator loop for bucket 82:
  bucket 80: 10%
  bucket 78: 20%
  bucket 74: 60%
  bucket 75: 60%
  bucket 77: 30%
  Sorting block time: 00:00:00
Returning block of 591092 for bucket 67
Getting block 83 of 119
  Reserving size (813336) for bucket 83
  Calculating Z arrays for bucket 83
  Entering block accumulator loop for bucket 83:
  bucket 81: 10%
  bucket 76: 40%
  bucket 79: 20%
  Sorting block time: 00:00:00
Returning block of 675505 for bucket 69
  bucket 72: 100%
  Sorting block of length 508941 for bucket 72
  (Using difference cover)
Getting block 84 of 119
  Reserving size (813336) for bucket 84
  Calculating Z arrays for bucket 84
  Entering block accumulator loop for bucket 84:
  bucket 73: 90%
  bucket 78: 30%
  bucket 82: 10%
  bucket 80: 20%
  Sorting block time: 00:00:00
Returning block of 694114 for bucket 71
  bucket 74: 70%
Getting block 85 of 119
  Reserving size (813336) for bucket 85
  Calculating Z arrays for bucket 85
  Entering block accumulator loop for bucket 85:
  Sorting block time: 00:00:00
Returning block of 720807 for bucket 70
  bucket 75: 70%
Getting block 86 of 119
  Reserving size (813336) for bucket 86
  Calculating Z arrays for bucket 86
  Entering block accumulator loop for bucket 86:
  bucket 77: 40%
  bucket 83: 10%
  Sorting block time: 00:00:00
Returning block of 508942 for bucket 72
  bucket 81: 20%
  bucket 76: 50%
  bucket 79: 30%
Getting block 87 of 119
  Reserving size (813336) for bucket 87
  Calculating Z arrays for bucket 87
  Entering block accumulator loop for bucket 87:
  bucket 73: 100%
  Sorting block of length 335085 for bucket 73
  (Using difference cover)
  bucket 84: 10%
  bucket 78: 40%
  bucket 82: 20%
  bucket 80: 30%
  bucket 74: 80%
  bucket 85: 10%
  bucket 75: 80%
  bucket 77: 50%
  bucket 86: 10%
  Sorting block time: 00:00:00
Returning block of 335086 for bucket 73
Getting block 88 of 119
  Reserving size (813336) for bucket 88
  Calculating Z arrays for bucket 88
  Entering block accumulator loop for bucket 88:
  bucket 76: 60%
  bucket 81: 30%
  bucket 83: 20%
  bucket 79: 40%
  bucket 87: 10%
  bucket 84: 20%
  bucket 78: 50%
  bucket 80: 40%
  bucket 82: 30%
  bucket 74: 90%
  bucket 85: 20%
  bucket 77: 60%
  bucket 75: 90%
  bucket 86: 20%
  bucket 76: 70%
  bucket 88: 10%
  bucket 79: 50%
  bucket 81: 40%
  bucket 83: 30%
  bucket 87: 20%
  bucket 78: 60%
  bucket 84: 30%
  bucket 80: 50%
  bucket 82: 40%
  bucket 77: 70%
  bucket 74: 100%
  Sorting block of length 786635 for bucket 74
  (Using difference cover)
  bucket 85: 30%
  bucket 75: 100%
  Sorting block of length 746972 for bucket 75
  (Using difference cover)
  bucket 86: 30%
  bucket 76: 80%
  bucket 79: 60%
  bucket 88: 20%
  bucket 81: 50%
  bucket 83: 40%
  bucket 87: 30%
  bucket 78: 70%
  bucket 84: 40%
  bucket 80: 60%
  bucket 82: 50%
  bucket 77: 80%
  bucket 85: 40%
  bucket 76: 90%
  bucket 86: 40%
  bucket 79: 70%
  bucket 81: 60%
  Sorting block time: 00:00:01
Returning block of 746973 for bucket 75
  Sorting block time: 00:00:01
Returning block of 786636 for bucket 74
  bucket 88: 30%
  bucket 87: 40%
  bucket 83: 50%
Getting block 89 of 119
  Reserving size (813336) for bucket 89
  Calculating Z arrays for bucket 89
  Entering block accumulator loop for bucket 89:
  bucket 78: 80%
Getting block 90 of 119
  Reserving size (813336) for bucket 90
  Calculating Z arrays for bucket 90
  Entering block accumulator loop for bucket 90:
  bucket 77: 90%
  bucket 84: 50%
  bucket 80: 70%
  bucket 82: 60%
  bucket 85: 50%
  bucket 76: 100%
  Sorting block of length 227993 for bucket 76
  (Using difference cover)
  bucket 79: 80%
  bucket 86: 50%
  bucket 81: 70%
  Sorting block time: 00:00:00
Returning block of 227994 for bucket 76
  bucket 89: 10%
Getting block 91 of 119
  Reserving size (813336) for bucket 91
  Calculating Z arrays for bucket 91
  Entering block accumulator loop for bucket 91:
  bucket 87: 50%
  bucket 78: 90%
  bucket 90: 10%
  bucket 83: 60%
  bucket 88: 40%
  bucket 77: 100%
  Sorting block of length 731685 for bucket 77
  (Using difference cover)
  bucket 80: 80%
  bucket 84: 60%
  bucket 82: 70%
  bucket 85: 60%
  bucket 79: 90%
  bucket 89: 20%
  bucket 91: 10%
  bucket 86: 60%
  bucket 81: 80%
  bucket 90: 20%
  bucket 78: 100%
  Sorting block of length 697150 for bucket 78
  (Using difference cover)
  bucket 87: 60%
  bucket 83: 70%
  bucket 88: 50%
  bucket 80: 90%
  Sorting block time: 00:00:00
Returning block of 731686 for bucket 77
  bucket 82: 80%
  bucket 84: 70%
Getting block 92 of 119
  Reserving size (813336) for bucket 92
  Calculating Z arrays for bucket 92
  Entering block accumulator loop for bucket 92:
  bucket 85: 70%
  bucket 79: 100%
  Sorting block of length 544110 for bucket 79
  (Using difference cover)
  bucket 89: 30%
  bucket 91: 20%
  bucket 90: 30%
  bucket 81: 90%
  bucket 86: 70%
  bucket 87: 70%
  bucket 83: 80%
  Sorting block time: 00:00:00
Returning block of 697151 for bucket 78
  bucket 80: 100%
  Sorting block of length 345451 for bucket 80
  (Using difference cover)
Getting block 93 of 119
  Reserving size (813336) for bucket 93
  Calculating Z arrays for bucket 93
  Entering block accumulator loop for bucket 93:
  bucket 92: 10%
  bucket 82: 90%
  bucket 84: 80%
  bucket 88: 60%
  bucket 85: 80%
  bucket 89: 40%
  Sorting block time: 00:00:00
Returning block of 544111 for bucket 79
  bucket 91: 30%
Getting block 94 of 119
  Reserving size (813336) for bucket 94
  Calculating Z arrays for bucket 94
  Entering block accumulator loop for bucket 94:
  bucket 90: 40%
  bucket 81: 100%
  Sorting block of length 546005 for bucket 81
  (Using difference cover)
  bucket 86: 80%
  Sorting block time: 00:00:00
Returning block of 345452 for bucket 80
  bucket 87: 80%
Getting block 95 of 119
  Reserving size (813336) for bucket 95
  Calculating Z arrays for bucket 95
  Entering block accumulator loop for bucket 95:
  bucket 83: 90%
  bucket 92: 20%
  bucket 93: 10%
  bucket 82: 100%
  Sorting block of length 500370 for bucket 82
  (Using difference cover)
  bucket 84: 90%
  bucket 88: 70%
  bucket 85: 90%
  bucket 89: 50%
  bucket 91: 40%
  bucket 94: 10%
  bucket 90: 50%
  bucket 95: 10%
  bucket 86: 90%
  bucket 92: 30%
  bucket 87: 90%
  Sorting block time: 00:00:01
Returning block of 500371 for bucket 82
  Sorting block time: 00:00:01
Returning block of 546006 for bucket 81
  bucket 83: 100%
  Sorting block of length 617202 for bucket 83
  (Using difference cover)
  bucket 93: 20%
Getting block 96 of 119
  Reserving size (813336) for bucket 96
  Calculating Z arrays for bucket 96
  Entering block accumulator loop for bucket 96:
Getting block 97 of 119
  Reserving size (813336) for bucket 97
  Calculating Z arrays for bucket 97
  Entering block accumulator loop for bucket 97:
  bucket 84: 100%
  Sorting block of length 625951 for bucket 84
  (Using difference cover)
  bucket 85: 100%
  Sorting block of length 303521 for bucket 85
  (Using difference cover)
  bucket 91: 50%
  bucket 89: 60%
  bucket 88: 80%
  bucket 94: 20%
  bucket 90: 60%
  bucket 92: 40%
  bucket 95: 20%
  Sorting block time: 00:00:00
Returning block of 303522 for bucket 85
Getting block 98 of 119
  Reserving size (813336) for bucket 98
  Calculating Z arrays for bucket 98
  Entering block accumulator loop for bucket 98:
  bucket 87: 100%
  Sorting block of length 344811 for bucket 87
  (Using difference cover)
  bucket 86: 100%
  Sorting block of length 757726 for bucket 86
  (Using difference cover)
  bucket 93: 30%
  bucket 96: 10%
  bucket 97: 10%
  bucket 89: 70%
  bucket 91: 60%
  Sorting block time: 00:00:00
Returning block of 625952 for bucket 84
Getting block 99 of 119
  Reserving size (813336) for bucket 99
  Calculating Z arrays for bucket 99
  Entering block accumulator loop for bucket 99:
  bucket 94: 30%
  Sorting block time: 00:00:00
Returning block of 617203 for bucket 83
  bucket 90: 70%
  bucket 88: 90%
Getting block 100 of 119
  Reserving size (813336) for bucket 100
  Calculating Z arrays for bucket 100
  Entering block accumulator loop for bucket 100:
  Sorting block time: 00:00:00
Returning block of 344812 for bucket 87
Getting block 101 of 119
  Reserving size (813336) for bucket 101
  Calculating Z arrays for bucket 101
  Entering block accumulator loop for bucket 101:
  bucket 92: 50%
  bucket 95: 30%
  bucket 98: 10%
  bucket 93: 40%
  bucket 96: 20%
  bucket 97: 20%
  bucket 89: 80%
  bucket 91: 70%
  bucket 94: 40%
  bucket 99: 10%
  bucket 90: 80%
  bucket 100: 10%
  bucket 88: 100%
  Sorting block of length 755454 for bucket 88
  (Using difference cover)
  bucket 101: 10%
  bucket 92: 60%
  Sorting block time: 00:00:00
Returning block of 757727 for bucket 86
  bucket 95: 40%
Getting block 102 of 119
  Reserving size (813336) for bucket 102
  Calculating Z arrays for bucket 102
  Entering block accumulator loop for bucket 102:
  bucket 98: 20%
  bucket 93: 50%
  bucket 96: 30%
  bucket 97: 30%
  bucket 91: 80%
  bucket 89: 90%
  bucket 94: 50%
  bucket 90: 90%
  bucket 99: 20%
  bucket 92: 70%
  bucket 100: 20%
  bucket 101: 20%
  bucket 95: 50%
  bucket 102: 10%
  Sorting block time: 00:00:00
Returning block of 755455 for bucket 88
  bucket 96: 40%
  bucket 98: 30%
  bucket 93: 60%
  bucket 97: 40%
Getting block 103 of 119
  Reserving size (813336) for bucket 103
  Calculating Z arrays for bucket 103
  Entering block accumulator loop for bucket 103:
  bucket 91: 90%
  bucket 89: 100%
  Sorting block of length 348412 for bucket 89
  (Using difference cover)
  bucket 94: 60%
  bucket 90: 100%
  Sorting block of length 492908 for bucket 90
  (Using difference cover)
  bucket 99: 30%
  bucket 92: 80%
  bucket 100: 30%
  bucket 101: 30%
  bucket 95: 60%
  Sorting block time: 00:00:00
Returning block of 348413 for bucket 89
  bucket 96: 50%
  bucket 102: 20%
Getting block 104 of 119
  Reserving size (813336) for bucket 104
  Calculating Z arrays for bucket 104
  Entering block accumulator loop for bucket 104:
  bucket 98: 40%
  bucket 93: 70%
  bucket 97: 50%
  bucket 103: 10%
  bucket 91: 100%
  Sorting block of length 444615 for bucket 91
  (Using difference cover)
  bucket 94: 70%
  bucket 92: 90%
  bucket 99: 40%
  Sorting block time: 00:00:00
Returning block of 492909 for bucket 90
Getting block 105 of 119
  Reserving size (813336) for bucket 105
  Calculating Z arrays for bucket 105
  Entering block accumulator loop for bucket 105:
  bucket 100: 40%
  Sorting block time: 00:00:00
Returning block of 444616 for bucket 91
  bucket 95: 70%
  bucket 101: 40%
Getting block 106 of 119
  Reserving size (813336) for bucket 106
  Calculating Z arrays for bucket 106
  Entering block accumulator loop for bucket 106:
  bucket 96: 60%
  bucket 102: 30%
  bucket 93: 80%
  bucket 97: 60%
  bucket 98: 50%
  bucket 104: 10%
  bucket 103: 20%
  bucket 94: 80%
  bucket 92: 100%
  Sorting block of length 794483 for bucket 92
  (Using difference cover)
  bucket 99: 50%
  bucket 105: 10%
  bucket 100: 50%
  bucket 95: 80%
  bucket 106: 10%
  bucket 101: 50%
  bucket 96: 70%
  bucket 97: 70%
  bucket 93: 90%
  bucket 98: 60%
  bucket 102: 40%
  bucket 104: 20%
  bucket 103: 30%
  bucket 94: 90%
  bucket 99: 60%
  bucket 105: 20%
  bucket 95: 90%
  bucket 106: 20%
  Sorting block time: 00:00:00
Returning block of 794484 for bucket 92
  bucket 100: 60%
  bucket 96: 80%
  bucket 101: 60%
Getting block 107 of 119
  Reserving size (813336) for bucket 107
  Calculating Z arrays for bucket 107
  Entering block accumulator loop for bucket 107:
  bucket 97: 80%
  bucket 93: 100%
  Sorting block of length 675406 for bucket 93
  (Using difference cover)
  bucket 98: 70%
  bucket 102: 50%
  bucket 103: 40%
  bucket 104: 30%
  bucket 94: 100%
  Sorting block of length 740307 for bucket 94
  (Using difference cover)
  bucket 99: 70%
  bucket 105: 30%
  bucket 95: 100%
  Sorting block of length 562790 for bucket 95
  (Using difference cover)
  bucket 106: 30%
  bucket 96: 90%
  bucket 100: 70%
  bucket 107: 10%
  bucket 97: 90%
  bucket 101: 70%
  bucket 98: 80%
  bucket 102: 60%
  bucket 103: 50%
  bucket 104: 40%
  Sorting block time: 00:00:00
Returning block of 675407 for bucket 93
Getting block 108 of 119
  Reserving size (813336) for bucket 108
  Calculating Z arrays for bucket 108
  Entering block accumulator loop for bucket 108:
  bucket 99: 80%
  Sorting block time: 00:00:00
Returning block of 740308 for bucket 94
  bucket 105: 40%
  bucket 96: 100%
  Sorting block of length 564455 for bucket 96
  (Using difference cover)
Getting block 109 of 119
  Reserving size (813336) for bucket 109
  Calculating Z arrays for bucket 109
  Entering block accumulator loop for bucket 109:
  bucket 107: 20%
  bucket 106: 40%
  bucket 100: 80%
  bucket 97: 100%
  Sorting block of length 432443 for bucket 97
  (Using difference cover)
  bucket 101: 80%
  bucket 98: 90%
  bucket 102: 70%
  bucket 103: 60%
  Sorting block time: 00:00:00
Returning block of 562791 for bucket 95
  bucket 104: 50%
Getting block 110 of 119
  Reserving size (813336) for bucket 110
  Calculating Z arrays for bucket 110
  Entering block accumulator loop for bucket 110:
  bucket 108: 10%
  bucket 99: 90%
  Sorting block time: 00:00:00
Returning block of 564456 for bucket 96
  bucket 105: 50%
Getting block 111 of 119
  Reserving size (813336) for bucket 111
  Calculating Z arrays for bucket 111
  Entering block accumulator loop for bucket 111:
  bucket 107: 30%
  bucket 109: 10%
  bucket 106: 50%
  Sorting block time: 00:00:00
Returning block of 432444 for bucket 97
  bucket 100: 90%
Getting block 112 of 119
  Reserving size (813336) for bucket 112
  Calculating Z arrays for bucket 112
  Entering block accumulator loop for bucket 112:
  bucket 101: 90%
  bucket 98: 100%
  Sorting block of length 480798 for bucket 98
  (Using difference cover)
  bucket 103: 70%
  bucket 102: 80%
  bucket 110: 10%
  bucket 104: 60%
  bucket 108: 20%
  bucket 99: 100%
  Sorting block of length 793600 for bucket 99
  (Using difference cover)
  bucket 111: 10%
  bucket 105: 60%
  bucket 107: 40%
  bucket 106: 60%
  bucket 109: 20%
  Sorting block time: 00:00:00
Returning block of 480799 for bucket 98
  bucket 112: 10%
Getting block 113 of 119
  Reserving size (813336) for bucket 113
  Calculating Z arrays for bucket 113
  Entering block accumulator loop for bucket 113:
  bucket 100: 100%
  Sorting block of length 433574 for bucket 100
  (Using difference cover)
  bucket 101: 100%
  Sorting block of length 755461 for bucket 101
  (Using difference cover)
  bucket 110: 20%
  bucket 103: 80%
  bucket 102: 90%
  bucket 108: 30%
  bucket 104: 70%
  bucket 107: 50%
  bucket 111: 20%
  bucket 105: 70%
  bucket 106: 70%
  bucket 109: 30%
  bucket 112: 20%
  bucket 113: 10%
  Sorting block time: 00:00:01
Returning block of 793601 for bucket 99
  Sorting block time: 00:00:01
Returning block of 433575 for bucket 100
Getting block 114 of 119
  Reserving size (813336) for bucket 114
  Calculating Z arrays for bucket 114
  Entering block accumulator loop for bucket 114:
  bucket 110: 30%
Getting block 115 of 119
  Reserving size (813336) for bucket 115
  Calculating Z arrays for bucket 115
  Entering block accumulator loop for bucket 115:
  bucket 103: 90%
  bucket 102: 100%
  Sorting block of length 498026 for bucket 102
  (Using difference cover)
  bucket 108: 40%
  Sorting block time: 00:00:01
Returning block of 755462 for bucket 101
  bucket 104: 80%
Getting block 116 of 119
  Reserving size (813336) for bucket 116
  Calculating Z arrays for bucket 116
  Entering block accumulator loop for bucket 116:
  bucket 107: 60%
  bucket 111: 30%
  bucket 106: 80%
  bucket 105: 80%
  bucket 112: 30%
  bucket 109: 40%
  bucket 113: 20%
  bucket 110: 40%
  bucket 115: 10%
  bucket 114: 10%
  bucket 103: 100%
  Sorting block of length 592449 for bucket 103
  (Using difference cover)
  bucket 108: 50%
  Sorting block time: 00:00:00
Returning block of 498027 for bucket 102
  bucket 104: 90%
  bucket 116: 10%
Getting block 117 of 119
  Reserving size (813336) for bucket 117
  Calculating Z arrays for bucket 117
  Entering block accumulator loop for bucket 117:
  bucket 107: 70%
  bucket 111: 40%
  bucket 106: 90%
  bucket 112: 40%
  bucket 105: 90%
  bucket 113: 30%
  bucket 109: 50%
  bucket 110: 50%
  bucket 114: 20%
  bucket 115: 20%
  Sorting block time: 00:00:00
Returning block of 592450 for bucket 103
  bucket 108: 60%
Getting block 118 of 119
  Reserving size (813336) for bucket 118
  Calculating Z arrays for bucket 118
  Entering block accumulator loop for bucket 118:
  bucket 117: 10%
  bucket 116: 20%
  bucket 104: 100%
  Sorting block of length 652417 for bucket 104
  (Using difference cover)
  bucket 107: 80%
  bucket 111: 50%
  bucket 112: 50%
  bucket 106: 100%
  Sorting block of length 630201 for bucket 106
  (Using difference cover)
  bucket 113: 40%
  bucket 105: 100%
  Sorting block of length 533960 for bucket 105
  (Using difference cover)
  bucket 109: 60%
  bucket 110: 60%
  bucket 114: 30%
  bucket 115: 30%
  bucket 118: 10%
  bucket 108: 70%
  bucket 117: 20%
  bucket 116: 30%
  bucket 107: 90%
  bucket 111: 60%
  bucket 112: 60%
  bucket 113: 50%
  Sorting block time: 00:00:00
Returning block of 630202 for bucket 106
Getting block 119 of 119
  Reserving size (813336) for bucket 119
  Calculating Z arrays for bucket 119
  Entering block accumulator loop for bucket 119:
  bucket 109: 70%
  Sorting block time: 00:00:00
Returning block of 652418 for bucket 104
  bucket 110: 70%
  Sorting block time: 00:00:00
Returning block of 533961 for bucket 105
  bucket 115: 40%
  bucket 114: 40%
  bucket 118: 20%
  bucket 108: 80%
  bucket 117: 30%
  bucket 116: 40%
  bucket 119: 10%
  bucket 111: 70%
  bucket 107: 100%
  Sorting block of length 498341 for bucket 107
  (Using difference cover)
  bucket 112: 70%
  bucket 113: 60%
  bucket 109: 80%
  bucket 110: 80%
  bucket 119: 20%
  bucket 115: 50%
  bucket 114: 50%
  bucket 118: 30%
  bucket 108: 90%
  bucket 117: 40%
  Sorting block time: 00:00:00
Returning block of 498342 for bucket 107
  bucket 116: 50%
  bucket 111: 80%
  bucket 119: 30%
  bucket 112: 80%
  bucket 113: 70%
  bucket 110: 90%
  bucket 109: 90%
  bucket 115: 60%
  bucket 114: 60%
  bucket 118: 40%
  bucket 119: 40%
  bucket 117: 50%
  bucket 108: 100%
  Sorting block of length 635047 for bucket 108
  (Using difference cover)
  bucket 116: 60%
  bucket 111: 90%
  bucket 112: 90%
  bucket 113: 80%
  bucket 119: 50%
  bucket 115: 70%
  bucket 110: 100%
  Sorting block of length 459290 for bucket 110
  (Using difference cover)
  bucket 109: 100%
  Sorting block of length 604920 for bucket 109
  (Using difference cover)
  bucket 114: 70%
  bucket 118: 50%
  bucket 117: 60%
  bucket 119: 60%
  bucket 116: 70%
  bucket 111: 100%
  Sorting block of length 779941 for bucket 111
  (Using difference cover)
  Sorting block time: 00:00:00
Returning block of 635048 for bucket 108
  bucket 112: 100%
  Sorting block of length 682450 for bucket 112
  (Using difference cover)
  bucket 113: 90%
  bucket 119: 70%
  bucket 115: 80%
  Sorting block time: 00:00:00
Returning block of 459291 for bucket 110
  bucket 114: 80%
  bucket 118: 60%
  Sorting block time: 00:00:00
Returning block of 604921 for bucket 109
  bucket 117: 70%
  bucket 116: 80%
  bucket 119: 80%
  bucket 113: 100%
  Sorting block of length 342520 for bucket 113
  (Using difference cover)
  Sorting block time: 00:00:00
Returning block of 779942 for bucket 111
  bucket 115: 90%
  bucket 114: 90%
  bucket 118: 70%
  bucket 119: 90%
  Sorting block time: 00:00:00
Returning block of 682451 for bucket 112
  bucket 117: 80%
  Sorting block time: 00:00:00
Returning block of 342521 for bucket 113
  bucket 116: 90%
  bucket 119: 100%
  Sorting block of length 379112 for bucket 119
  (Using difference cover)
  bucket 115: 100%
  Sorting block of length 222289 for bucket 115
  (Using difference cover)
  bucket 114: 100%
  Sorting block of length 699248 for bucket 114
  (Using difference cover)
  bucket 118: 80%
  bucket 117: 90%
  bucket 116: 100%
  Sorting block of length 783447 for bucket 116
  (Using difference cover)
  Sorting block time: 00:00:00
Returning block of 379113 for bucket 119
  Sorting block time: 00:00:00
Returning block of 222290 for bucket 115
  bucket 118: 90%
  bucket 117: 100%
  Sorting block of length 414566 for bucket 117
  (Using difference cover)
  Sorting block time: 00:00:00
Returning block of 699249 for bucket 114
  Sorting block time: 00:00:00
Returning block of 783448 for bucket 116
  bucket 118: 100%
  Sorting block of length 761908 for bucket 118
  (Using difference cover)
  Sorting block time: 00:00:00
Returning block of 414567 for bucket 117
  Sorting block time: 00:00:01
Returning block of 761909 for bucket 118
Exited Ebwt loop
fchr[A]: 0
fchr[C]: 18065492
fchr[G]: 34853598
fchr[T]: 51550630
fchr[$]: 69404669
Exiting Ebwt::buildToDisk()
Returning from initFromVector
Wrote 29351598 bytes to primary EBWT file: ${ARTICLE30_WORK_DIR}/indexes/megahit-single-MOCK2.rev.1.bt2.tmp
Wrote 17351172 bytes to secondary EBWT file: ${ARTICLE30_WORK_DIR}/indexes/megahit-single-MOCK2.rev.2.bt2.tmp
Re-opening _in1 and _in2 as input streams
Returning from Ebwt constructor
Headers:
    len: 69404669
    bwtLen: 69404670
    sz: 17351168
    bwtSz: 17351168
    lineRate: 6
    offRate: 4
    offMask: 0xfffffff0
    ftabChars: 10
    eftabLen: 20
    eftabSz: 80
    ftabLen: 1048577
    ftabSz: 4194308
    offsLen: 4337792
    offsSz: 17351168
    lineSz: 64
    sideSz: 64
    sideBwtSz: 48
    sideBwtLen: 192
    numSides: 361483
    numLines: 361483
    ebwtTotLen: 23134912
    ebwtTotSz: 23134912
    color: 0
    reverse: 1
Total time for backward call to driver() for mirror index: 00:00:19
Renaming ${ARTICLE30_WORK_DIR}/indexes/megahit-single-MOCK2.3.bt2.tmp to ${ARTICLE30_WORK_DIR}/indexes/megahit-single-MOCK2.3.bt2
Renaming ${ARTICLE30_WORK_DIR}/indexes/megahit-single-MOCK2.4.bt2.tmp to ${ARTICLE30_WORK_DIR}/indexes/megahit-single-MOCK2.4.bt2
Renaming ${ARTICLE30_WORK_DIR}/indexes/megahit-single-MOCK2.1.bt2.tmp to ${ARTICLE30_WORK_DIR}/indexes/megahit-single-MOCK2.1.bt2
Renaming ${ARTICLE30_WORK_DIR}/indexes/megahit-single-MOCK2.2.bt2.tmp to ${ARTICLE30_WORK_DIR}/indexes/megahit-single-MOCK2.2.bt2
Renaming ${ARTICLE30_WORK_DIR}/indexes/megahit-single-MOCK2.rev.1.bt2.tmp to ${ARTICLE30_WORK_DIR}/indexes/megahit-single-MOCK2.rev.1.bt2
Renaming ${ARTICLE30_WORK_DIR}/indexes/megahit-single-MOCK2.rev.2.bt2.tmp to ${ARTICLE30_WORK_DIR}/indexes/megahit-single-MOCK2.rev.2.bt2
