community	medium	receiver	donor	compound	scs	mus	mps	smetana
all	western_diet_gut_anoxic_membership	Prevotella_copri	Alistipes_putredinis	M_12ppd_S_e	0.0	0.0	0	0.0
all	western_diet_gut_anoxic_membership	Prevotella_copri	Alistipes_putredinis	M_1hibup_S_e	0.0	0.0	0	0.0
all	western_diet_gut_anoxic_membership	Prevotella_copri	Alistipes_putredinis	M_1hibupglu_S_e	0.0	0.0	0	0.0
all	western_diet_gut_anoxic_membership	Prevotella_copri	Alistipes_putredinis	M_1hmdgluc_e	0.0	0.0	0	0.0
all	western_diet_gut_anoxic_membership	Prevotella_copri	Alistipes_putredinis	M_1ohmdz_e	0.0	0.0	0	0.0
all	western_diet_gut_anoxic_membership	Prevotella_copri	Alistipes_putredinis	M_26dap_M_e	0.0	0.0	0	0.0
all	western_diet_gut_anoxic_membership	Prevotella_copri	Alistipes_putredinis	M_2hatvacid_e	0.0	0.0	0	0.0
all	western_diet_gut_anoxic_membership	Prevotella_copri	Alistipes_putredinis	M_2hatvacidgluc_e	0.0	0.0	0	0.0
all	western_diet_gut_anoxic_membership	Prevotella_copri	Alistipes_putredinis	M_2hatvlac_e	0.0	0.0	0	0.0
all	western_diet_gut_anoxic_membership	Prevotella_copri	Alistipes_putredinis	M_2hatvlacgluc_e	0.0	0.0	0	0.0
all	western_diet_gut_anoxic_membership	Prevotella_copri	Alistipes_putredinis	M_2hibup_S_e	0.0	0.0	0	0.0
all	western_diet_gut_anoxic_membership	Prevotella_copri	Alistipes_putredinis	M_2hibupglu_S_e	0.0	0.0	0	0.0
all	western_diet_gut_anoxic_membership	Prevotella_copri	Alistipes_putredinis	M_2oh_cbz_e	0.0	0.0	0	0.0
all	western_diet_gut_anoxic_membership	Prevotella_copri	Alistipes_putredinis	M_2oh_cbz_glc_e	0.0	0.0	0	0.0
all	western_diet_gut_anoxic_membership	Prevotella_copri	Alistipes_putredinis	M_2oh_mtz_e	0.0	0.0	0	0.0
all	western_diet_gut_anoxic_membership	Prevotella_copri	Alistipes_putredinis	M_2oh_mtz_glc_e	0.0	0.0	0	0.0
all	western_diet_gut_anoxic_membership	Prevotella_copri	Alistipes_putredinis	M_3hibup_S_e	0.0	0.0	0	0.0
all	western_diet_gut_anoxic_membership	Prevotella_copri	Alistipes_putredinis	M_3hibupglu_S_e	0.0	0.0	0	0.0
all	western_diet_gut_anoxic_membership	Prevotella_copri	Alistipes_putredinis	M_3meacmp_e	0.0	0.0	0	0.0
all	western_diet_gut_anoxic_membership	Prevotella_copri	Alistipes_putredinis	M_3oh_cbz_e	0.0	0.0	0	0.0
all	western_diet_gut_anoxic_membership	Prevotella_copri	Alistipes_putredinis	M_3oh_cbz_glc_e	0.0	0.0	0	0.0
all	western_diet_gut_anoxic_membership	Prevotella_copri	Alistipes_putredinis	M_3oh_dlor_e	0.0	0.0	0	0.0
all	western_diet_gut_anoxic_membership	Prevotella_copri	Alistipes_putredinis	M_3oh_dlor_glc_e	0.0	0.0	0	0.0
all	western_diet_gut_anoxic_membership	Prevotella_copri	Alistipes_putredinis	M_3oh_mdea_e	0.0	0.0	0	0.0
all	western_diet_gut_anoxic_membership	Prevotella_copri	Alistipes_putredinis	M_3oh_mdea_glc_e	0.0	0.0	0	0.0
all	western_diet_gut_anoxic_membership	Prevotella_copri	Alistipes_putredinis	M_3oh_mxn_e	0.0	0.0	0	0.0
all	western_diet_gut_anoxic_membership	Prevotella_copri	Alistipes_putredinis	M_3oh_mxn_glc_e	0.0	0.0	0	0.0
all	western_diet_gut_anoxic_membership	Prevotella_copri	Alistipes_putredinis	M_4abz_e	0.0	0.0	0	0.0
all	western_diet_gut_anoxic_membership	Prevotella_copri	Alistipes_putredinis	M_4dh_tpno_1glc_e	0.0	0.0	0	0.0
all	western_diet_gut_anoxic_membership	Prevotella_copri	Alistipes_putredinis	M_4dh_tpno_e	0.0	0.0	0	0.0
all	western_diet_gut_anoxic_membership	Prevotella_copri	Alistipes_putredinis	M_4hmdgluc_e	0.0	0.0	0	0.0
all	western_diet_gut_anoxic_membership	Prevotella_copri	Alistipes_putredinis	M_4oh_dcf_e	0.0	0.0	0	0.0
all	western_diet_gut_anoxic_membership	Prevotella_copri	Alistipes_putredinis	M_4oh_dcf_glc_e	0.0	0.0	0	0.0
all	western_diet_gut_anoxic_membership	Prevotella_copri	Alistipes_putredinis	M_4oh_kp_e	0.0	0.0	0	0.0
all	western_diet_gut_anoxic_membership	Prevotella_copri	Alistipes_putredinis	M_4oh_kp_glc_e	0.0	0.0	0	0.0
all	western_diet_gut_anoxic_membership	Prevotella_copri	Alistipes_putredinis	M_4oh_levole_e	0.0	0.0	0	0.0
all	western_diet_gut_anoxic_membership	Prevotella_copri	Alistipes_putredinis	M_4oh_levole_glc_e	0.0	0.0	0	0.0
all	western_diet_gut_anoxic_membership	Prevotella_copri	Alistipes_putredinis	M_4oh_meth_e	0.0	0.0	0	0.0
all	western_diet_gut_anoxic_membership	Prevotella_copri	Alistipes_putredinis	M_4oh_meth_glc_e	0.0	0.0	0	0.0
all	western_diet_gut_anoxic_membership	Prevotella_copri	Alistipes_putredinis	M_4oh_propl_e	0.0	0.0	0	0.0
all	western_diet_gut_anoxic_membership	Prevotella_copri	Alistipes_putredinis	M_4oh_propl_glc_e	0.0	0.0	0	0.0
all	western_diet_gut_anoxic_membership	Prevotella_copri	Alistipes_putredinis	M_4oh_trz_e	0.0	0.0	0	0.0
all	western_diet_gut_anoxic_membership	Prevotella_copri	Alistipes_putredinis	M_4oh_trz_glc_e	0.0	0.0	0	0.0
all	western_diet_gut_anoxic_membership	Prevotella_copri	Alistipes_putredinis	M_4oh_vcz_e	0.0	0.0	0	0.0
all	western_diet_gut_anoxic_membership	Prevotella_copri	Alistipes_putredinis	M_4oh_vcz_glc_e	0.0	0.0	0	0.0
all	western_diet_gut_anoxic_membership	Prevotella_copri	Alistipes_putredinis	M_4ohmdz_e	0.0	0.0	0	0.0
all	western_diet_gut_anoxic_membership	Prevotella_copri	Alistipes_putredinis	M_5oh_sulfp_e	0.0	0.0	0	0.0
all	western_diet_gut_anoxic_membership	Prevotella_copri	Alistipes_putredinis	M_5oh_sulfp_glc_e	0.0	0.0	0	0.0
all	western_diet_gut_anoxic_membership	Prevotella_copri	Alistipes_putredinis	M_5ohfvs_e	0.0	0.0	0	0.0
all	western_diet_gut_anoxic_membership	Prevotella_copri	Alistipes_putredinis	M_5ohfvsglu_e	0.0	0.0	0	0.0
all	western_diet_gut_anoxic_membership	Prevotella_copri	Alistipes_putredinis	M_6bhglz_e	0.0	0.0	0	0.0
all	western_diet_gut_anoxic_membership	Prevotella_copri	Alistipes_putredinis	M_6bhglzglc_e	0.0	0.0	0	0.0
all	western_diet_gut_anoxic_membership	Prevotella_copri	Alistipes_putredinis	M_6ohfvs_e	0.0	0.0	0	0.0
all	western_diet_gut_anoxic_membership	Prevotella_copri	Alistipes_putredinis	M_6ohfvsglu_e	0.0	0.0	0	0.0
all	western_diet_gut_anoxic_membership	Prevotella_copri	Alistipes_putredinis	M_7a_czp_e	0.0	0.0	1	0.0
all	western_diet_gut_anoxic_membership	Prevotella_copri	Alistipes_putredinis	M_7bhglz_e	0.0	0.0	0	0.0
all	western_diet_gut_anoxic_membership	Prevotella_copri	Alistipes_putredinis	M_7bhglzglc_e	0.0	0.0	0	0.0
all	western_diet_gut_anoxic_membership	Prevotella_copri	Alistipes_putredinis	M_7oh_efv_e	0.0	0.0	0	0.0
all	western_diet_gut_anoxic_membership	Prevotella_copri	Alistipes_putredinis	M_7oh_efv_glc_e	0.0	0.0	0	0.0
all	western_diet_gut_anoxic_membership	Prevotella_copri	Alistipes_putredinis	M_814dioh_efv_e	0.0	0.0	0	0.0
all	western_diet_gut_anoxic_membership	Prevotella_copri	Alistipes_putredinis	M_814dioh_efv_glc_e	0.0	0.0	0	0.0
all	western_diet_gut_anoxic_membership	Prevotella_copri	Alistipes_putredinis	M_8oh_efv_e	0.0	0.0	0	0.0
all	western_diet_gut_anoxic_membership	Prevotella_copri	Alistipes_putredinis	M_8oh_efv_glc_e	0.0	0.0	0	0.0
all	western_diet_gut_anoxic_membership	Prevotella_copri	Alistipes_putredinis	M_C02528_e	0.0	0.0	0	0.0
all	western_diet_gut_anoxic_membership	Prevotella_copri	Alistipes_putredinis	M_N_oh_phtn_e	0.0	0.0	0	0.0
all	western_diet_gut_anoxic_membership	Prevotella_copri	Alistipes_putredinis	M_N_oh_phtn_glc_e	0.0	0.0	0	0.0
all	western_diet_gut_anoxic_membership	Prevotella_copri	Alistipes_putredinis	M_R_6oh_warf_e	0.0	0.0	0	0.0
all	western_diet_gut_anoxic_membership	Prevotella_copri	Alistipes_putredinis	M_R_6oh_warf_glc_e	0.0	0.0	0	0.0
all	western_diet_gut_anoxic_membership	Prevotella_copri	Alistipes_putredinis	M_R_7oh_warf_e	0.0	0.0	0	0.0
all	western_diet_gut_anoxic_membership	Prevotella_copri	Alistipes_putredinis	M_R_7oh_warf_glc_e	0.0	0.0	0	0.0
all	western_diet_gut_anoxic_membership	Prevotella_copri	Alistipes_putredinis	M_R_8oh_warf_e	0.0	0.0	0	0.0
all	western_diet_gut_anoxic_membership	Prevotella_copri	Alistipes_putredinis	M_R_8oh_warf_glc_e	0.0	0.0	0	0.0
all	western_diet_gut_anoxic_membership	Prevotella_copri	Alistipes_putredinis	M_S_4oh_warf_e	0.0	0.0	0	0.0
all	western_diet_gut_anoxic_membership	Prevotella_copri	Alistipes_putredinis	M_S_4oh_warf_glc_e	0.0	0.0	0	0.0
all	western_diet_gut_anoxic_membership	Prevotella_copri	Alistipes_putredinis	M_S_6oh_warf_e	0.0	0.0	0	0.0
all	western_diet_gut_anoxic_membership	Prevotella_copri	Alistipes_putredinis	M_S_6oh_warf_glc_e	0.0	0.0	0	0.0
all	western_diet_gut_anoxic_membership	Prevotella_copri	Alistipes_putredinis	M_ac_amn_b_gly_e	0.0	0.0	0	0.0
all	western_diet_gut_anoxic_membership	Prevotella_copri	Alistipes_putredinis	M_ac_amn_b_gly_glc_e	0.0	0.0	0	0.0
all	western_diet_gut_anoxic_membership	Prevotella_copri	Alistipes_putredinis	M_ac_e	0.0	0.07	0	0.0
all	western_diet_gut_anoxic_membership	Prevotella_copri	Alistipes_putredinis	M_acmp_e	0.0	0.0	0	0.0
all	western_diet_gut_anoxic_membership	Prevotella_copri	Alistipes_putredinis	M_acmp_glc_e	0.0	0.0	0	0.0
all	western_diet_gut_anoxic_membership	Prevotella_copri	Alistipes_putredinis	M_acmpglu_e	0.0	0.0	0	0.0
all	western_diet_gut_anoxic_membership	Prevotella_copri	Alistipes_putredinis	M_ade_e	0.0	0.0	0	0.0
all	western_diet_gut_anoxic_membership	Prevotella_copri	Alistipes_putredinis	M_adn_e	0.0	0.0	0	0.0
all	western_diet_gut_anoxic_membership	Prevotella_copri	Alistipes_putredinis	M_adocbl_e	0.0	0.0	0	0.0
all	western_diet_gut_anoxic_membership	Prevotella_copri	Alistipes_putredinis	M_ala_L_e	0.0	0.13	0	0.0
all	western_diet_gut_anoxic_membership	Prevotella_copri	Alistipes_putredinis	M_alpz_4oh_e	0.0	0.0	0	0.0
all	western_diet_gut_anoxic_membership	Prevotella_copri	Alistipes_putredinis	M_alpz_4oh_glc_e	0.0	0.0	0	0.0
all	western_diet_gut_anoxic_membership	Prevotella_copri	Alistipes_putredinis	M_alpz_aoh_e	0.0	0.0	0	0.0
all	western_diet_gut_anoxic_membership	Prevotella_copri	Alistipes_putredinis	M_alpz_aoh_glc_e	0.0	0.0	0	0.0
all	western_diet_gut_anoxic_membership	Prevotella_copri	Alistipes_putredinis	M_am14_e	0.0	0.0	0	0.0
all	western_diet_gut_anoxic_membership	Prevotella_copri	Alistipes_putredinis	M_am14_glc_e	0.0	0.0	0	0.0
all	western_diet_gut_anoxic_membership	Prevotella_copri	Alistipes_putredinis	M_am1ccs_e	0.0	0.0	0	0.0
all	western_diet_gut_anoxic_membership	Prevotella_copri	Alistipes_putredinis	M_am1cglc_e	0.0	0.0	0	0.0
all	western_diet_gut_anoxic_membership	Prevotella_copri	Alistipes_putredinis	M_am5_e	0.0	0.0	0	0.0
all	western_diet_gut_anoxic_membership	Prevotella_copri	Alistipes_putredinis	M_am5_glc_e	0.0	0.0	0	0.0
all	western_diet_gut_anoxic_membership	Prevotella_copri	Alistipes_putredinis	M_am6_e	0.0	0.0	0	0.0
all	western_diet_gut_anoxic_membership	Prevotella_copri	Alistipes_putredinis	M_am6_glc_e	0.0	0.0	0	0.0
all	western_diet_gut_anoxic_membership	Prevotella_copri	Alistipes_putredinis	M_amio_c_e	0.0	0.0	0	0.0
all	western_diet_gut_anoxic_membership	Prevotella_copri	Alistipes_putredinis	M_amio_c_glc_e	0.0	0.0	0	0.0
all	western_diet_gut_anoxic_membership	Prevotella_copri	Alistipes_putredinis	M_amio_e	0.0	0.0	0	0.0
all	western_diet_gut_anoxic_membership	Prevotella_copri	Alistipes_putredinis	M_amio_glc_e	0.0	0.0	0	0.0
all	western_diet_gut_anoxic_membership	Prevotella_copri	Alistipes_putredinis	M_amn_b_gly_e	0.0	0.0	0	0.0
all	western_diet_gut_anoxic_membership	Prevotella_copri	Alistipes_putredinis	M_amn_b_gly_glc_e	0.0	0.0	0	0.0
all	western_diet_gut_anoxic_membership	Prevotella_copri	Alistipes_putredinis	M_amntd_m6_e	0.0	0.0	0	0.0
all	western_diet_gut_anoxic_membership	Prevotella_copri	Alistipes_putredinis	M_amntd_m6_glc_e	0.0	0.0	0	0.0
all	western_diet_gut_anoxic_membership	Prevotella_copri	Alistipes_putredinis	M_anzp_e	0.0	0.0	1	0.0
all	western_diet_gut_anoxic_membership	Prevotella_copri	Alistipes_putredinis	M_arab_L_e	0.0	0.13	0	0.0
all	western_diet_gut_anoxic_membership	Prevotella_copri	Alistipes_putredinis	M_arabttr_e	0.0	0.0	0	0.0
all	western_diet_gut_anoxic_membership	Prevotella_copri	Alistipes_putredinis	M_arg_L_e	0.0	0.0	0	0.0
all	western_diet_gut_anoxic_membership	Prevotella_copri	Alistipes_putredinis	M_asn_L_e	0.0	0.09	0	0.0
all	western_diet_gut_anoxic_membership	Prevotella_copri	Alistipes_putredinis	M_asp_L_e	0.0	0.09	0	0.0
all	western_diet_gut_anoxic_membership	Prevotella_copri	Alistipes_putredinis	M_atvacid_e	0.0	0.0	0	0.0
all	western_diet_gut_anoxic_membership	Prevotella_copri	Alistipes_putredinis	M_atvacylgluc_e	0.0	0.0	0	0.0
all	western_diet_gut_anoxic_membership	Prevotella_copri	Alistipes_putredinis	M_atvethgluc_e	0.0	0.0	0	0.0
all	western_diet_gut_anoxic_membership	Prevotella_copri	Alistipes_putredinis	M_atvlac_e	0.0	0.0	0	0.0
all	western_diet_gut_anoxic_membership	Prevotella_copri	Alistipes_putredinis	M_atvlacgluc_e	0.0	0.0	0	0.0
all	western_diet_gut_anoxic_membership	Prevotella_copri	Alistipes_putredinis	M_bhpm_e	0.0	0.0	0	0.0
all	western_diet_gut_anoxic_membership	Prevotella_copri	Alistipes_putredinis	M_bhpm_glc_e	0.0	0.0	0	0.0
all	western_diet_gut_anoxic_membership	Prevotella_copri	Alistipes_putredinis	M_bilr_355_e	0.0	0.0	0	0.0
all	western_diet_gut_anoxic_membership	Prevotella_copri	Alistipes_putredinis	M_bilr_M10_e	0.0	0.0	0	0.0
all	western_diet_gut_anoxic_membership	Prevotella_copri	Alistipes_putredinis	M_bilr_M12_e	0.0	0.0	0	0.0
all	western_diet_gut_anoxic_membership	Prevotella_copri	Alistipes_putredinis	M_bilr_M14_e	0.0	0.0	0	0.0
all	western_diet_gut_anoxic_membership	Prevotella_copri	Alistipes_putredinis	M_bilr_M15_e	0.0	0.0	0	0.0
all	western_diet_gut_anoxic_membership	Prevotella_copri	Alistipes_putredinis	M_bilr_M16_e	0.0	0.0	0	0.0
all	western_diet_gut_anoxic_membership	Prevotella_copri	Alistipes_putredinis	M_bilr_M7_e	0.0	0.0	0	0.0
all	western_diet_gut_anoxic_membership	Prevotella_copri	Alistipes_putredinis	M_brv_e	0.0	0.0	0	0.0
all	western_diet_gut_anoxic_membership	Prevotella_copri	Alistipes_putredinis	M_bsn_e	0.0	0.0	0	0.0
all	western_diet_gut_anoxic_membership	Prevotella_copri	Alistipes_putredinis	M_bsn_glc_e	0.0	0.0	0	0.0
all	western_diet_gut_anoxic_membership	Prevotella_copri	Alistipes_putredinis	M_btn_e	0.0	0.0	0	0.0
all	western_diet_gut_anoxic_membership	Prevotella_copri	Alistipes_putredinis	M_but_e	0.0	0.0	0	0.0
all	western_diet_gut_anoxic_membership	Prevotella_copri	Alistipes_putredinis	M_bvu_e	0.0	0.0	0	0.0
all	western_diet_gut_anoxic_membership	Prevotella_copri	Alistipes_putredinis	M_bz_e	0.0	0.0	0	0.0
all	western_diet_gut_anoxic_membership	Prevotella_copri	Alistipes_putredinis	M_bz_glc_e	0.0	0.0	0	0.0
all	western_diet_gut_anoxic_membership	Prevotella_copri	Alistipes_putredinis	M_ca2_e	0.0	1.0	0	0.0
all	western_diet_gut_anoxic_membership	Prevotella_copri	Alistipes_putredinis	M_caribup_s_e	0.0	0.0	0	0.0
all	western_diet_gut_anoxic_membership	Prevotella_copri	Alistipes_putredinis	M_caribupglu_S_e	0.0	0.0	0	0.0
all	western_diet_gut_anoxic_membership	Prevotella_copri	Alistipes_putredinis	M_cbl1_e	0.0	0.0	0	0.0
all	western_diet_gut_anoxic_membership	Prevotella_copri	Alistipes_putredinis	M_cbl2_e	0.0	0.0	0	0.0
all	western_diet_gut_anoxic_membership	Prevotella_copri	Alistipes_putredinis	M_cbz_e	0.0	0.0	0	0.0
all	western_diet_gut_anoxic_membership	Prevotella_copri	Alistipes_putredinis	M_cbz_glc_e	0.0	0.0	0	0.0
all	western_diet_gut_anoxic_membership	Prevotella_copri	Alistipes_putredinis	M_cd2_e	0.0	0.0	0	0.0
all	western_diet_gut_anoxic_membership	Prevotella_copri	Alistipes_putredinis	M_cd6168_e	0.0	0.0	0	0.0
all	western_diet_gut_anoxic_membership	Prevotella_copri	Alistipes_putredinis	M_cd6168_glc_e	0.0	0.0	0	0.0
all	western_diet_gut_anoxic_membership	Prevotella_copri	Alistipes_putredinis	M_cellb_e	0.0	0.0	0	0.0
all	western_diet_gut_anoxic_membership	Prevotella_copri	Alistipes_putredinis	M_chlphncl_e	0.0	0.0	1	0.0
all	western_diet_gut_anoxic_membership	Prevotella_copri	Alistipes_putredinis	M_chlphncl_glc_e	0.0	0.0	0	0.0
all	western_diet_gut_anoxic_membership	Prevotella_copri	Alistipes_putredinis	M_cholate_e	0.0	0.0	0	0.0
all	western_diet_gut_anoxic_membership	Prevotella_copri	Alistipes_putredinis	M_cl_e	0.0	1.0	0	0.0
all	western_diet_gut_anoxic_membership	Prevotella_copri	Alistipes_putredinis	M_clcxb_c_e	0.0	0.0	0	0.0
all	western_diet_gut_anoxic_membership	Prevotella_copri	Alistipes_putredinis	M_clcxb_c_glc_e	0.0	0.0	0	0.0
all	western_diet_gut_anoxic_membership	Prevotella_copri	Alistipes_putredinis	M_clcxb_e	0.0	0.0	0	0.0
all	western_diet_gut_anoxic_membership	Prevotella_copri	Alistipes_putredinis	M_clcxb_glc_e	0.0	0.0	0	0.0
all	western_diet_gut_anoxic_membership	Prevotella_copri	Alistipes_putredinis	M_clobi_c_e	0.0	0.0	0	0.0
all	western_diet_gut_anoxic_membership	Prevotella_copri	Alistipes_putredinis	M_clobi_glc_e	0.0	0.0	0	0.0
all	western_diet_gut_anoxic_membership	Prevotella_copri	Alistipes_putredinis	M_co2_e	0.0	0.0	1	0.0
all	western_diet_gut_anoxic_membership	Prevotella_copri	Alistipes_putredinis	M_cobalt2_e	0.0	1.0	0	0.0
all	western_diet_gut_anoxic_membership	Prevotella_copri	Alistipes_putredinis	M_cro4_e	0.0	0.0	0	0.0
all	western_diet_gut_anoxic_membership	Prevotella_copri	Alistipes_putredinis	M_crvsm1_e	0.0	0.0	0	0.0
all	western_diet_gut_anoxic_membership	Prevotella_copri	Alistipes_putredinis	M_crvsm23_e	0.0	0.0	0	0.0
all	western_diet_gut_anoxic_membership	Prevotella_copri	Alistipes_putredinis	M_cu2_e	0.0	1.0	0	0.0
all	western_diet_gut_anoxic_membership	Prevotella_copri	Alistipes_putredinis	M_cvm1gluc_e	0.0	0.0	0	0.0
all	western_diet_gut_anoxic_membership	Prevotella_copri	Alistipes_putredinis	M_cvm23gluc_e	0.0	0.0	0	0.0
all	western_diet_gut_anoxic_membership	Prevotella_copri	Alistipes_putredinis	M_cys_L_e	0.0	0.63	0	0.0
all	western_diet_gut_anoxic_membership	Prevotella_copri	Alistipes_putredinis	M_cytd_e	0.0	0.0	0	0.0
all	western_diet_gut_anoxic_membership	Prevotella_copri	Alistipes_putredinis	M_czp_e	0.0	0.0	1	0.0
all	western_diet_gut_anoxic_membership	Prevotella_copri	Alistipes_putredinis	M_daa_e	0.0	0.0	0	0.0
all	western_diet_gut_anoxic_membership	Prevotella_copri	Alistipes_putredinis	M_daa_glc_e	0.0	0.0	0	0.0
all	western_diet_gut_anoxic_membership	Prevotella_copri	Alistipes_putredinis	M_dad_2_e	0.0	0.0	0	0.0
all	western_diet_gut_anoxic_membership	Prevotella_copri	Alistipes_putredinis	M_dcf_e	0.0	0.0	0	0.0
all	western_diet_gut_anoxic_membership	Prevotella_copri	Alistipes_putredinis	M_dcf_glc_e	0.0	0.0	0	0.0
all	western_diet_gut_anoxic_membership	Prevotella_copri	Alistipes_putredinis	M_dcyt_e	0.0	0.0	0	0.0
all	western_diet_gut_anoxic_membership	Prevotella_copri	Alistipes_putredinis	M_ddea_e	0.0	0.0	0	0.0
all	western_diet_gut_anoxic_membership	Prevotella_copri	Alistipes_putredinis	M_ddea_glc_e	0.0	0.0	0	0.0
all	western_diet_gut_anoxic_membership	Prevotella_copri	Alistipes_putredinis	M_des_astzl_e	0.0	0.0	0	0.0
all	western_diet_gut_anoxic_membership	Prevotella_copri	Alistipes_putredinis	M_des_astzl_glc_e	0.0	0.0	0	0.0
all	western_diet_gut_anoxic_membership	Prevotella_copri	Alistipes_putredinis	M_dextrin_e	0.0	0.0	0	0.0
all	western_diet_gut_anoxic_membership	Prevotella_copri	Alistipes_putredinis	M_dfdcytd_e	0.0	0.0	0	0.0
all	western_diet_gut_anoxic_membership	Prevotella_copri	Alistipes_putredinis	M_dfduri_e	0.0	0.0	0	0.0
all	western_diet_gut_anoxic_membership	Prevotella_copri	Alistipes_putredinis	M_dgchol_e	0.0	0.0	0	0.0
all	western_diet_gut_anoxic_membership	Prevotella_copri	Alistipes_putredinis	M_dgsn_e	0.0	0.0	0	0.0
all	western_diet_gut_anoxic_membership	Prevotella_copri	Alistipes_putredinis	M_digoxin_e	0.0	0.0	0	0.0
all	western_diet_gut_anoxic_membership	Prevotella_copri	Alistipes_putredinis	M_digoxin_glc_e	0.0	0.0	0	0.0
all	western_diet_gut_anoxic_membership	Prevotella_copri	Alistipes_putredinis	M_din_e	0.0	0.0	0	0.0
all	western_diet_gut_anoxic_membership	Prevotella_copri	Alistipes_putredinis	M_dlb_e	0.0	0.0	0	0.0
all	western_diet_gut_anoxic_membership	Prevotella_copri	Alistipes_putredinis	M_dlb_glc_e	0.0	0.0	0	0.0
all	western_diet_gut_anoxic_membership	Prevotella_copri	Alistipes_putredinis	M_dnpz_5des_e	0.0	0.0	0	0.0
all	western_diet_gut_anoxic_membership	Prevotella_copri	Alistipes_putredinis	M_dnpz_6des_e	0.0	0.0	0	0.0
all	western_diet_gut_anoxic_membership	Prevotella_copri	Alistipes_putredinis	M_dnpz_m11_e	0.0	0.0	0	0.0
all	western_diet_gut_anoxic_membership	Prevotella_copri	Alistipes_putredinis	M_dnpz_m12_e	0.0	0.0	0	0.0
all	western_diet_gut_anoxic_membership	Prevotella_copri	Alistipes_putredinis	M_dnpz_m13_e	0.0	0.0	0	0.0
all	western_diet_gut_anoxic_membership	Prevotella_copri	Alistipes_putredinis	M_dnpz_m14_e	0.0	0.0	0	0.0
all	western_diet_gut_anoxic_membership	Prevotella_copri	Alistipes_putredinis	M_dnpz_m9_e	0.0	0.0	0	0.0
all	western_diet_gut_anoxic_membership	Prevotella_copri	Alistipes_putredinis	M_doh_etr_e	0.0	0.0	0	0.0
all	western_diet_gut_anoxic_membership	Prevotella_copri	Alistipes_putredinis	M_doh_etr_glc_e	0.0	0.0	0	0.0
all	western_diet_gut_anoxic_membership	Prevotella_copri	Alistipes_putredinis	M_doh_vcz_e	0.0	0.0	0	0.0
all	western_diet_gut_anoxic_membership	Prevotella_copri	Alistipes_putredinis	M_doh_vcz_glc_e	0.0	0.0	0	0.0
all	western_diet_gut_anoxic_membership	Prevotella_copri	Alistipes_putredinis	M_duri_e	0.0	0.0	0	0.0
all	western_diet_gut_anoxic_membership	Prevotella_copri	Alistipes_putredinis	M_dxo_e	0.0	0.0	0	0.0
all	western_diet_gut_anoxic_membership	Prevotella_copri	Alistipes_putredinis	M_dxo_glc_e	0.0	0.0	0	0.0
all	western_diet_gut_anoxic_membership	Prevotella_copri	Alistipes_putredinis	M_efv_e	0.0	0.0	0	0.0
all	western_diet_gut_anoxic_membership	Prevotella_copri	Alistipes_putredinis	M_efv_glc_e	0.0	0.0	0	0.0
all	western_diet_gut_anoxic_membership	Prevotella_copri	Alistipes_putredinis	M_eltr_e	0.0	0.0	0	0.0
all	western_diet_gut_anoxic_membership	Prevotella_copri	Alistipes_putredinis	M_eltr_glc_e	0.0	0.0	0	0.0
all	western_diet_gut_anoxic_membership	Prevotella_copri	Alistipes_putredinis	M_eltr_m3_e	0.0	0.0	0	0.0
all	western_diet_gut_anoxic_membership	Prevotella_copri	Alistipes_putredinis	M_eltr_m4_e	0.0	0.0	0	0.0
all	western_diet_gut_anoxic_membership	Prevotella_copri	Alistipes_putredinis	M_estradiol_e	0.0	0.0	0	0.0
all	western_diet_gut_anoxic_membership	Prevotella_copri	Alistipes_putredinis	M_estradiolglc_e	0.0	0.0	0	0.0
all	western_diet_gut_anoxic_membership	Prevotella_copri	Alistipes_putredinis	M_estriol_e	0.0	0.0	0	0.0
all	western_diet_gut_anoxic_membership	Prevotella_copri	Alistipes_putredinis	M_estriolglc_e	0.0	0.0	0	0.0
all	western_diet_gut_anoxic_membership	Prevotella_copri	Alistipes_putredinis	M_estrone_e	0.0	0.0	0	0.0
all	western_diet_gut_anoxic_membership	Prevotella_copri	Alistipes_putredinis	M_estroneglc_e	0.0	0.0	0	0.0
all	western_diet_gut_anoxic_membership	Prevotella_copri	Alistipes_putredinis	M_eztmb_e	0.0	0.0	0	0.0
all	western_diet_gut_anoxic_membership	Prevotella_copri	Alistipes_putredinis	M_eztmb_glc_e	0.0	0.0	0	0.0
all	western_diet_gut_anoxic_membership	Prevotella_copri	Alistipes_putredinis	M_fe2_e	0.0	1.0	0	0.0
all	western_diet_gut_anoxic_membership	Prevotella_copri	Alistipes_putredinis	M_fe3_e	0.0	1.0	0	0.0
all	western_diet_gut_anoxic_membership	Prevotella_copri	Alistipes_putredinis	M_fol_e	0.0	0.0	0	0.0
all	western_diet_gut_anoxic_membership	Prevotella_copri	Alistipes_putredinis	M_for_e	0.0	0.01	0	0.0
all	western_diet_gut_anoxic_membership	Prevotella_copri	Alistipes_putredinis	M_fru_e	0.0	0.0	0	0.0
all	western_diet_gut_anoxic_membership	Prevotella_copri	Alistipes_putredinis	M_fum_e	0.0	0.18	0	0.0
all	western_diet_gut_anoxic_membership	Prevotella_copri	Alistipes_putredinis	M_fvs_e	0.0	0.0	0	0.0
all	western_diet_gut_anoxic_membership	Prevotella_copri	Alistipes_putredinis	M_fvsgluc_e	0.0	0.0	0	0.0
all	western_diet_gut_anoxic_membership	Prevotella_copri	Alistipes_putredinis	M_fvstet_e	0.0	0.0	0	0.0
all	western_diet_gut_anoxic_membership	Prevotella_copri	Alistipes_putredinis	M_fvstetglu_e	0.0	0.0	0	0.0
all	western_diet_gut_anoxic_membership	Prevotella_copri	Alistipes_putredinis	M_gal_e	0.0	0.0	0	0.0
all	western_diet_gut_anoxic_membership	Prevotella_copri	Alistipes_putredinis	M_galt_e	0.0	0.0	0	0.0
all	western_diet_gut_anoxic_membership	Prevotella_copri	Alistipes_putredinis	M_galur_e	0.0	0.0	0	0.0
all	western_diet_gut_anoxic_membership	Prevotella_copri	Alistipes_putredinis	M_gchola_e	0.0	0.0	0	0.0
all	western_diet_gut_anoxic_membership	Prevotella_copri	Alistipes_putredinis	M_glc3meacp_e	0.0	0.0	0	0.0
all	western_diet_gut_anoxic_membership	Prevotella_copri	Alistipes_putredinis	M_glc_D_e	0.0	0.06	0	0.0
all	western_diet_gut_anoxic_membership	Prevotella_copri	Alistipes_putredinis	M_glcur_e	0.0	0.0	0	0.0
all	western_diet_gut_anoxic_membership	Prevotella_copri	Alistipes_putredinis	M_gln_L_e	0.0	0.05	0	0.0
all	western_diet_gut_anoxic_membership	Prevotella_copri	Alistipes_putredinis	M_gltmn_e	0.0	0.0	0	0.0
all	western_diet_gut_anoxic_membership	Prevotella_copri	Alistipes_putredinis	M_gltmn_glc_e	0.0	0.0	0	0.0
all	western_diet_gut_anoxic_membership	Prevotella_copri	Alistipes_putredinis	M_glu_L_e	0.0	0.1	0	0.0
all	western_diet_gut_anoxic_membership	Prevotella_copri	Alistipes_putredinis	M_gly_e	0.0	0.13	0	0.0
all	western_diet_gut_anoxic_membership	Prevotella_copri	Alistipes_putredinis	M_glyc_e	0.0	0.0	0	0.0
all	western_diet_gut_anoxic_membership	Prevotella_copri	Alistipes_putredinis	M_gmfl_e	0.0	0.0	0	0.0
all	western_diet_gut_anoxic_membership	Prevotella_copri	Alistipes_putredinis	M_gmfl_glc_e	0.0	0.0	0	0.0
all	western_diet_gut_anoxic_membership	Prevotella_copri	Alistipes_putredinis	M_gmfl_mIII_e	0.0	0.0	0	0.0
all	western_diet_gut_anoxic_membership	Prevotella_copri	Alistipes_putredinis	M_gmfl_mIII_glc_e	0.0	0.0	0	0.0
all	western_diet_gut_anoxic_membership	Prevotella_copri	Alistipes_putredinis	M_gmfl_mII_e	0.0	0.0	0	0.0
all	western_diet_gut_anoxic_membership	Prevotella_copri	Alistipes_putredinis	M_gmfl_mII_glc_e	0.0	0.0	0	0.0
all	western_diet_gut_anoxic_membership	Prevotella_copri	Alistipes_putredinis	M_gmfl_mI_e	0.0	0.0	0	0.0
all	western_diet_gut_anoxic_membership	Prevotella_copri	Alistipes_putredinis	M_gmfl_mI_glc_e	0.0	0.0	0	0.0
all	western_diet_gut_anoxic_membership	Prevotella_copri	Alistipes_putredinis	M_gsn_e	0.0	0.0	0	0.0
all	western_diet_gut_anoxic_membership	Prevotella_copri	Alistipes_putredinis	M_gtacmp_e	0.0	0.0	0	0.0
all	western_diet_gut_anoxic_membership	Prevotella_copri	Alistipes_putredinis	M_gua_e	0.0	0.01	0	0.0
all	western_diet_gut_anoxic_membership	Prevotella_copri	Alistipes_putredinis	M_h2o_e	0.0	0.32	0	0.0
all	western_diet_gut_anoxic_membership	Prevotella_copri	Alistipes_putredinis	M_h_e	0.0	0.29	0	0.0
all	western_diet_gut_anoxic_membership	Prevotella_copri	Alistipes_putredinis	M_hg2_e	0.0	0.0	0	0.0
all	western_diet_gut_anoxic_membership	Prevotella_copri	Alistipes_putredinis	M_his_L_e	0.0	0.0	0	0.0
all	western_diet_gut_anoxic_membership	Prevotella_copri	Alistipes_putredinis	M_hst_37_diglc_e	0.0	0.0	0	0.0
all	western_diet_gut_anoxic_membership	Prevotella_copri	Alistipes_putredinis	M_hst_3_glc_e	0.0	0.0	0	0.0
all	western_diet_gut_anoxic_membership	Prevotella_copri	Alistipes_putredinis	M_hst_3_s_e	0.0	0.0	0	0.0
all	western_diet_gut_anoxic_membership	Prevotella_copri	Alistipes_putredinis	M_hst_3glc_7s_e	0.0	0.0	0	0.0
all	western_diet_gut_anoxic_membership	Prevotella_copri	Alistipes_putredinis	M_hst_7_glc_e	0.0	0.0	0	0.0
all	western_diet_gut_anoxic_membership	Prevotella_copri	Alistipes_putredinis	M_hst_7_s_e	0.0	0.0	0	0.0
all	western_diet_gut_anoxic_membership	Prevotella_copri	Alistipes_putredinis	M_hst_7glc_3s_e	0.0	0.0	0	0.0
all	western_diet_gut_anoxic_membership	Prevotella_copri	Alistipes_putredinis	M_hst_e	0.0	0.0	0	0.0
all	western_diet_gut_anoxic_membership	Prevotella_copri	Alistipes_putredinis	M_hxan_e	0.0	0.0	0	0.0
all	western_diet_gut_anoxic_membership	Prevotella_copri	Alistipes_putredinis	M_ibup_S_e	0.0	0.0	0	0.0
all	western_diet_gut_anoxic_membership	Prevotella_copri	Alistipes_putredinis	M_ibupgluc_e	0.0	0.0	0	0.0
all	western_diet_gut_anoxic_membership	Prevotella_copri	Alistipes_putredinis	M_ile_L_e	0.0	0.0	0	0.0
all	western_diet_gut_anoxic_membership	Prevotella_copri	Alistipes_putredinis	M_imn_e	0.0	0.0	0	0.0
all	western_diet_gut_anoxic_membership	Prevotella_copri	Alistipes_putredinis	M_imn_glc_e	0.0	0.0	0	0.0
all	western_diet_gut_anoxic_membership	Prevotella_copri	Alistipes_putredinis	M_ins_e	0.0	0.0	0	0.0
all	western_diet_gut_anoxic_membership	Prevotella_copri	Alistipes_putredinis	M_inv_e	0.0	0.0	0	0.0
all	western_diet_gut_anoxic_membership	Prevotella_copri	Alistipes_putredinis	M_inv_m1_e	0.0	0.0	0	0.0
all	western_diet_gut_anoxic_membership	Prevotella_copri	Alistipes_putredinis	M_isobut_e	0.0	0.0	1	0.0
all	western_diet_gut_anoxic_membership	Prevotella_copri	Alistipes_putredinis	M_isocapr_e	0.0	0.0	1	0.0
all	western_diet_gut_anoxic_membership	Prevotella_copri	Alistipes_putredinis	M_isosorbide_5mn_e	0.0	0.0	0	0.0
all	western_diet_gut_anoxic_membership	Prevotella_copri	Alistipes_putredinis	M_isosorbide_5mn_glc_e	0.0	0.0	0	0.0
all	western_diet_gut_anoxic_membership	Prevotella_copri	Alistipes_putredinis	M_isoval_e	0.0	0.0	1	0.0
all	western_diet_gut_anoxic_membership	Prevotella_copri	Alistipes_putredinis	M_k_e	0.0	1.0	0	0.0
all	western_diet_gut_anoxic_membership	Prevotella_copri	Alistipes_putredinis	M_kprofen_e	0.0	0.0	0	0.0
all	western_diet_gut_anoxic_membership	Prevotella_copri	Alistipes_putredinis	M_kprofen_glc_e	0.0	0.0	0	0.0
all	western_diet_gut_anoxic_membership	Prevotella_copri	Alistipes_putredinis	M_lac_D_e	0.0	0.0	1	0.0
all	western_diet_gut_anoxic_membership	Prevotella_copri	Alistipes_putredinis	M_lac_L_e	0.0	0.0	0	0.0
all	western_diet_gut_anoxic_membership	Prevotella_copri	Alistipes_putredinis	M_lactl_e	0.0	0.0	0	0.0
all	western_diet_gut_anoxic_membership	Prevotella_copri	Alistipes_putredinis	M_lcts_e	0.0	0.0	0	0.0
all	western_diet_gut_anoxic_membership	Prevotella_copri	Alistipes_putredinis	M_leu_L_e	0.0	0.03	0	0.0
all	western_diet_gut_anoxic_membership	Prevotella_copri	Alistipes_putredinis	M_lst4exp_e	0.0	0.0	0	0.0
all	western_diet_gut_anoxic_membership	Prevotella_copri	Alistipes_putredinis	M_lstn1gluc_e	0.0	0.0	0	0.0
all	western_diet_gut_anoxic_membership	Prevotella_copri	Alistipes_putredinis	M_lstn_e	0.0	0.0	0	0.0
all	western_diet_gut_anoxic_membership	Prevotella_copri	Alistipes_putredinis	M_lstnm4_e	0.0	0.0	0	0.0
all	western_diet_gut_anoxic_membership	Prevotella_copri	Alistipes_putredinis	M_lstnm7_e	0.0	0.0	0	0.0
all	western_diet_gut_anoxic_membership	Prevotella_copri	Alistipes_putredinis	M_lys_L_e	0.0	0.0	0	0.0
all	western_diet_gut_anoxic_membership	Prevotella_copri	Alistipes_putredinis	M_malt_e	0.0	0.0	0	0.0
all	western_diet_gut_anoxic_membership	Prevotella_copri	Alistipes_putredinis	M_mantr_e	0.0	0.0	0	0.0
all	western_diet_gut_anoxic_membership	Prevotella_copri	Alistipes_putredinis	M_mdz_e	0.0	0.0	0	0.0
all	western_diet_gut_anoxic_membership	Prevotella_copri	Alistipes_putredinis	M_mdz_glc_e	0.0	0.0	0	0.0
all	western_diet_gut_anoxic_membership	Prevotella_copri	Alistipes_putredinis	M_mdzglc_e	0.0	0.0	0	0.0
all	western_diet_gut_anoxic_membership	Prevotella_copri	Alistipes_putredinis	M_met_L_e	0.0	0.37	0	0.0
all	western_diet_gut_anoxic_membership	Prevotella_copri	Alistipes_putredinis	M_mg2_e	0.0	1.0	0	0.0
all	western_diet_gut_anoxic_membership	Prevotella_copri	Alistipes_putredinis	M_miso_e	0.0	0.0	0	0.0
all	western_diet_gut_anoxic_membership	Prevotella_copri	Alistipes_putredinis	M_miso_glc_e	0.0	0.0	0	0.0
all	western_diet_gut_anoxic_membership	Prevotella_copri	Alistipes_putredinis	M_mn2_e	0.0	1.0	0	0.0
all	western_diet_gut_anoxic_membership	Prevotella_copri	Alistipes_putredinis	M_mqn8_e	0.0	0.0	0	0.0
all	western_diet_gut_anoxic_membership	Prevotella_copri	Alistipes_putredinis	M_mrphn_3glc_e	0.0	0.0	0	0.0
all	western_diet_gut_anoxic_membership	Prevotella_copri	Alistipes_putredinis	M_mrphn_6glc_e	0.0	0.0	0	0.0
all	western_diet_gut_anoxic_membership	Prevotella_copri	Alistipes_putredinis	M_mrphn_e	0.0	0.0	0	0.0
all	western_diet_gut_anoxic_membership	Prevotella_copri	Alistipes_putredinis	M_mtz_e	0.0	0.0	0	0.0
all	western_diet_gut_anoxic_membership	Prevotella_copri	Alistipes_putredinis	M_mtz_glc_e	0.0	0.0	0	0.0
all	western_diet_gut_anoxic_membership	Prevotella_copri	Alistipes_putredinis	M_na1_e	0.0	0.0	0	0.0
all	western_diet_gut_anoxic_membership	Prevotella_copri	Alistipes_putredinis	M_nac_e	0.0	0.0	0	0.0
all	western_diet_gut_anoxic_membership	Prevotella_copri	Alistipes_putredinis	M_nchlphncl_e	0.0	0.0	1	0.0
all	western_diet_gut_anoxic_membership	Prevotella_copri	Alistipes_putredinis	M_nh4_e	0.0	0.15	1	0.0
all	western_diet_gut_anoxic_membership	Prevotella_copri	Alistipes_putredinis	M_nsldp_m5_e	0.0	0.0	0	0.0
all	western_diet_gut_anoxic_membership	Prevotella_copri	Alistipes_putredinis	M_nsldp_m5_glc_e	0.0	0.0	0	0.0
all	western_diet_gut_anoxic_membership	Prevotella_copri	Alistipes_putredinis	M_nverp_e	0.0	0.0	0	0.0
all	western_diet_gut_anoxic_membership	Prevotella_copri	Alistipes_putredinis	M_nverp_glc_e	0.0	0.0	0	0.0
all	western_diet_gut_anoxic_membership	Prevotella_copri	Alistipes_putredinis	M_nzp_e	0.0	0.0	1	0.0
all	western_diet_gut_anoxic_membership	Prevotella_copri	Alistipes_putredinis	M_o2_e	0.0	0.0	0	0.0
all	western_diet_gut_anoxic_membership	Prevotella_copri	Alistipes_putredinis	M_ocdca_e	0.0	0.0	0	0.0
all	western_diet_gut_anoxic_membership	Prevotella_copri	Alistipes_putredinis	M_odsm_egltmn_e	0.0	0.0	0	0.0
all	western_diet_gut_anoxic_membership	Prevotella_copri	Alistipes_putredinis	M_odsm_egltmn_glc_e	0.0	0.0	0	0.0
all	western_diet_gut_anoxic_membership	Prevotella_copri	Alistipes_putredinis	M_odsm_gltmn_e	0.0	0.0	0	0.0
all	western_diet_gut_anoxic_membership	Prevotella_copri	Alistipes_putredinis	M_odsm_gltmn_glc_e	0.0	0.0	0	0.0
all	western_diet_gut_anoxic_membership	Prevotella_copri	Alistipes_putredinis	M_oh_etr_e	0.0	0.0	0	0.0
all	western_diet_gut_anoxic_membership	Prevotella_copri	Alistipes_putredinis	M_oh_etr_glc_e	0.0	0.0	0	0.0
all	western_diet_gut_anoxic_membership	Prevotella_copri	Alistipes_putredinis	M_oh_pbl_e	0.0	0.0	0	0.0
all	western_diet_gut_anoxic_membership	Prevotella_copri	Alistipes_putredinis	M_oh_pbl_glc_e	0.0	0.0	0	0.0
all	western_diet_gut_anoxic_membership	Prevotella_copri	Alistipes_putredinis	M_pb_e	0.0	0.0	0	0.0
all	western_diet_gut_anoxic_membership	Prevotella_copri	Alistipes_putredinis	M_pcresol_e	0.0	0.0	0	0.0
all	western_diet_gut_anoxic_membership	Prevotella_copri	Alistipes_putredinis	M_phe_L_e	0.0	0.0	0	0.0
all	western_diet_gut_anoxic_membership	Prevotella_copri	Alistipes_putredinis	M_pheme_e	0.0	1.0	0	0.0
all	western_diet_gut_anoxic_membership	Prevotella_copri	Alistipes_putredinis	M_phppa_e	0.0	0.0	0	0.0
all	western_diet_gut_anoxic_membership	Prevotella_copri	Alistipes_putredinis	M_phppa_glc_e	0.0	0.0	0	0.0
all	western_diet_gut_anoxic_membership	Prevotella_copri	Alistipes_putredinis	M_phtn_glc_e	0.0	0.0	0	0.0
all	western_diet_gut_anoxic_membership	Prevotella_copri	Alistipes_putredinis	M_pi_e	0.0	1.0	0	0.0
all	western_diet_gut_anoxic_membership	Prevotella_copri	Alistipes_putredinis	M_pnto_R_e	0.0	0.0	0	0.0
all	western_diet_gut_anoxic_membership	Prevotella_copri	Alistipes_putredinis	M_ppa_e	0.0	0.0	1	0.0
all	western_diet_gut_anoxic_membership	Prevotella_copri	Alistipes_putredinis	M_ppi_e	0.0	0.0	1	0.0
all	western_diet_gut_anoxic_membership	Prevotella_copri	Alistipes_putredinis	M_pro_L_e	0.0	0.0	0	0.0
all	western_diet_gut_anoxic_membership	Prevotella_copri	Alistipes_putredinis	M_prob_e	0.0	0.0	0	0.0
all	western_diet_gut_anoxic_membership	Prevotella_copri	Alistipes_putredinis	M_prob_glc_e	0.0	0.0	0	0.0
all	western_diet_gut_anoxic_membership	Prevotella_copri	Alistipes_putredinis	M_pront_e	0.0	0.0	0	0.0
all	western_diet_gut_anoxic_membership	Prevotella_copri	Alistipes_putredinis	M_pront_glc_e	0.0	0.0	0	0.0
all	western_diet_gut_anoxic_membership	Prevotella_copri	Alistipes_putredinis	M_propl_e	0.0	0.0	0	0.0
all	western_diet_gut_anoxic_membership	Prevotella_copri	Alistipes_putredinis	M_propl_glc_e	0.0	0.0	0	0.0
all	western_diet_gut_anoxic_membership	Prevotella_copri	Alistipes_putredinis	M_prx_mII_e	0.0	0.0	0	0.0
all	western_diet_gut_anoxic_membership	Prevotella_copri	Alistipes_putredinis	M_prx_mII_glc_e	0.0	0.0	0	0.0
all	western_diet_gut_anoxic_membership	Prevotella_copri	Alistipes_putredinis	M_prx_mI_e	0.0	0.0	0	0.0
all	western_diet_gut_anoxic_membership	Prevotella_copri	Alistipes_putredinis	M_prx_mI_glc_e	0.0	0.0	0	0.0
all	western_diet_gut_anoxic_membership	Prevotella_copri	Alistipes_putredinis	M_ptrc_e	0.0	0.0	0	0.0
all	western_diet_gut_anoxic_membership	Prevotella_copri	Alistipes_putredinis	M_ptvst_e	0.0	0.0	0	0.0
all	western_diet_gut_anoxic_membership	Prevotella_copri	Alistipes_putredinis	M_ptvstgluc_e	0.0	0.0	0	0.0
all	western_diet_gut_anoxic_membership	Prevotella_copri	Alistipes_putredinis	M_pvs_e	0.0	0.0	0	0.0
all	western_diet_gut_anoxic_membership	Prevotella_copri	Alistipes_putredinis	M_pvsgluc_e	0.0	0.0	0	0.0
all	western_diet_gut_anoxic_membership	Prevotella_copri	Alistipes_putredinis	M_pydam_e	0.0	0.0	0	0.0
all	western_diet_gut_anoxic_membership	Prevotella_copri	Alistipes_putredinis	M_pydx_e	0.0	0.0	0	0.0
all	western_diet_gut_anoxic_membership	Prevotella_copri	Alistipes_putredinis	M_pydxn_e	0.0	0.0	0	0.0
all	western_diet_gut_anoxic_membership	Prevotella_copri	Alistipes_putredinis	M_q8_e	0.0	1.0	0	0.0
all	western_diet_gut_anoxic_membership	Prevotella_copri	Alistipes_putredinis	M_r406_e	0.0	0.0	0	0.0
all	western_diet_gut_anoxic_membership	Prevotella_copri	Alistipes_putredinis	M_r406_glc_e	0.0	0.0	0	0.0
all	western_diet_gut_anoxic_membership	Prevotella_copri	Alistipes_putredinis	M_r529_e	0.0	0.0	0	0.0
all	western_diet_gut_anoxic_membership	Prevotella_copri	Alistipes_putredinis	M_r529_glc_e	0.0	0.0	0	0.0
all	western_diet_gut_anoxic_membership	Prevotella_copri	Alistipes_putredinis	M_r788_e	0.0	0.0	0	0.0
all	western_diet_gut_anoxic_membership	Prevotella_copri	Alistipes_putredinis	M_raffin_e	0.0	0.0	0	0.0
all	western_diet_gut_anoxic_membership	Prevotella_copri	Alistipes_putredinis	M_regfnb_e	0.0	0.0	0	0.0
all	western_diet_gut_anoxic_membership	Prevotella_copri	Alistipes_putredinis	M_regfnb_glc_e	0.0	0.0	0	0.0
all	western_diet_gut_anoxic_membership	Prevotella_copri	Alistipes_putredinis	M_rep_e	0.0	0.0	0	0.0
all	western_diet_gut_anoxic_membership	Prevotella_copri	Alistipes_putredinis	M_rep_glc_e	0.0	0.0	0	0.0
all	western_diet_gut_anoxic_membership	Prevotella_copri	Alistipes_putredinis	M_ribflv_e	0.0	0.0	0	0.0
all	western_diet_gut_anoxic_membership	Prevotella_copri	Alistipes_putredinis	M_rmn_e	0.0	0.11	0	0.0
all	western_diet_gut_anoxic_membership	Prevotella_copri	Alistipes_putredinis	M_rpn_104557_cb_glc_e	0.0	0.0	0	0.0
all	western_diet_gut_anoxic_membership	Prevotella_copri	Alistipes_putredinis	M_rpn_104557_e	0.0	0.0	0	0.0
all	western_diet_gut_anoxic_membership	Prevotella_copri	Alistipes_putredinis	M_rpn_96990_e	0.0	0.0	0	0.0
all	western_diet_gut_anoxic_membership	Prevotella_copri	Alistipes_putredinis	M_rpn_96990_glc_e	0.0	0.0	0	0.0
all	western_diet_gut_anoxic_membership	Prevotella_copri	Alistipes_putredinis	M_rpn_oh_e	0.0	0.0	0	0.0
all	western_diet_gut_anoxic_membership	Prevotella_copri	Alistipes_putredinis	M_rpn_oh_glc_e	0.0	0.0	0	0.0
all	western_diet_gut_anoxic_membership	Prevotella_copri	Alistipes_putredinis	M_rsv_e	0.0	0.0	0	0.0
all	western_diet_gut_anoxic_membership	Prevotella_copri	Alistipes_putredinis	M_rsvgluc_e	0.0	0.0	0	0.0
all	western_diet_gut_anoxic_membership	Prevotella_copri	Alistipes_putredinis	M_salcn_e	0.0	0.0	0	0.0
all	western_diet_gut_anoxic_membership	Prevotella_copri	Alistipes_putredinis	M_sb_611855_e	0.0	0.0	0	0.0
all	western_diet_gut_anoxic_membership	Prevotella_copri	Alistipes_putredinis	M_sb_y_e	0.0	0.0	0	0.0
all	western_diet_gut_anoxic_membership	Prevotella_copri	Alistipes_putredinis	M_sch_488128_e	0.0	0.0	0	0.0
all	western_diet_gut_anoxic_membership	Prevotella_copri	Alistipes_putredinis	M_sch_57871_e	0.0	0.0	0	0.0
all	western_diet_gut_anoxic_membership	Prevotella_copri	Alistipes_putredinis	M_sch_57871_glc_e	0.0	0.0	0	0.0
all	western_diet_gut_anoxic_membership	Prevotella_copri	Alistipes_putredinis	M_ser_L_e	0.0	0.15	0	0.0
all	western_diet_gut_anoxic_membership	Prevotella_copri	Alistipes_putredinis	M_sfnd_1689_e	0.0	0.0	0	0.0
all	western_diet_gut_anoxic_membership	Prevotella_copri	Alistipes_putredinis	M_sfnd_1689_glc_e	0.0	0.0	0	0.0
all	western_diet_gut_anoxic_membership	Prevotella_copri	Alistipes_putredinis	M_sftz_e	0.0	0.0	0	0.0
all	western_diet_gut_anoxic_membership	Prevotella_copri	Alistipes_putredinis	M_sftz_glc_e	0.0	0.0	0	0.0
all	western_diet_gut_anoxic_membership	Prevotella_copri	Alistipes_putredinis	M_simvgluc_e	0.0	0.0	0	0.0
all	western_diet_gut_anoxic_membership	Prevotella_copri	Alistipes_putredinis	M_smap_e	0.0	0.0	0	0.0
all	western_diet_gut_anoxic_membership	Prevotella_copri	Alistipes_putredinis	M_smap_glc_e	0.0	0.0	0	0.0
all	western_diet_gut_anoxic_membership	Prevotella_copri	Alistipes_putredinis	M_smvacid_e	0.0	0.0	0	0.0
all	western_diet_gut_anoxic_membership	Prevotella_copri	Alistipes_putredinis	M_sn38_e	0.0	0.0	0	0.0
all	western_diet_gut_anoxic_membership	Prevotella_copri	Alistipes_putredinis	M_sn38g_e	0.0	0.0	0	0.0
all	western_diet_gut_anoxic_membership	Prevotella_copri	Alistipes_putredinis	M_so4_e	0.0	1.0	0	0.0
all	western_diet_gut_anoxic_membership	Prevotella_copri	Alistipes_putredinis	M_spmd_e	0.0	0.0	0	0.0
all	western_diet_gut_anoxic_membership	Prevotella_copri	Alistipes_putredinis	M_spz_e	0.0	0.0	0	0.0
all	western_diet_gut_anoxic_membership	Prevotella_copri	Alistipes_putredinis	M_spz_glc_e	0.0	0.0	0	0.0
all	western_diet_gut_anoxic_membership	Prevotella_copri	Alistipes_putredinis	M_spz_sfn_e	0.0	0.0	0	0.0
all	western_diet_gut_anoxic_membership	Prevotella_copri	Alistipes_putredinis	M_spz_sfn_glc_e	0.0	0.0	0	0.0
all	western_diet_gut_anoxic_membership	Prevotella_copri	Alistipes_putredinis	M_srv_e	0.0	0.0	0	0.0
all	western_diet_gut_anoxic_membership	Prevotella_copri	Alistipes_putredinis	M_stg_e	0.0	0.0	0	0.0
all	western_diet_gut_anoxic_membership	Prevotella_copri	Alistipes_putredinis	M_stg_m3_e	0.0	0.0	0	0.0
all	western_diet_gut_anoxic_membership	Prevotella_copri	Alistipes_putredinis	M_stg_m4_e	0.0	0.0	0	0.0
all	western_diet_gut_anoxic_membership	Prevotella_copri	Alistipes_putredinis	M_stys_e	0.0	0.0	0	0.0
all	western_diet_gut_anoxic_membership	Prevotella_copri	Alistipes_putredinis	M_succ_e	0.0	0.13	0	0.0
all	western_diet_gut_anoxic_membership	Prevotella_copri	Alistipes_putredinis	M_sucr_e	0.0	0.0	0	0.0
all	western_diet_gut_anoxic_membership	Prevotella_copri	Alistipes_putredinis	M_tat_e	0.0	0.0	0	0.0
all	western_diet_gut_anoxic_membership	Prevotella_copri	Alistipes_putredinis	M_taur_e	0.0	0.0	0	0.0
all	western_diet_gut_anoxic_membership	Prevotella_copri	Alistipes_putredinis	M_tchola_e	0.0	0.0	0	0.0
all	western_diet_gut_anoxic_membership	Prevotella_copri	Alistipes_putredinis	M_tdchola_e	0.0	0.0	0	0.0
all	western_diet_gut_anoxic_membership	Prevotella_copri	Alistipes_putredinis	M_tgz_e	0.0	0.0	0	0.0
all	western_diet_gut_anoxic_membership	Prevotella_copri	Alistipes_putredinis	M_tgz_glc_e	0.0	0.0	0	0.0
all	western_diet_gut_anoxic_membership	Prevotella_copri	Alistipes_putredinis	M_thr_L_e	0.0	0.17	0	0.0
all	western_diet_gut_anoxic_membership	Prevotella_copri	Alistipes_putredinis	M_thsacmp_e	0.0	0.0	0	0.0
all	western_diet_gut_anoxic_membership	Prevotella_copri	Alistipes_putredinis	M_thymd_e	0.0	0.0	0	0.0
all	western_diet_gut_anoxic_membership	Prevotella_copri	Alistipes_putredinis	M_tlf_a_1a_e	0.0	0.0	0	0.0
all	western_diet_gut_anoxic_membership	Prevotella_copri	Alistipes_putredinis	M_tlf_a_1b_e	0.0	0.0	0	0.0
all	western_diet_gut_anoxic_membership	Prevotella_copri	Alistipes_putredinis	M_tlf_a_1x_e	0.0	0.0	0	0.0
all	western_diet_gut_anoxic_membership	Prevotella_copri	Alistipes_putredinis	M_tlf_a_2_e	0.0	0.0	0	0.0
all	western_diet_gut_anoxic_membership	Prevotella_copri	Alistipes_putredinis	M_tlf_a_2a_e	0.0	0.0	0	0.0
all	western_diet_gut_anoxic_membership	Prevotella_copri	Alistipes_putredinis	M_tlf_a_3_e	0.0	0.0	0	0.0
all	western_diet_gut_anoxic_membership	Prevotella_copri	Alistipes_putredinis	M_tlf_a_4_e	0.0	0.0	0	0.0
all	western_diet_gut_anoxic_membership	Prevotella_copri	Alistipes_putredinis	M_tlf_a_e	0.0	0.0	0	0.0
all	western_diet_gut_anoxic_membership	Prevotella_copri	Alistipes_putredinis	M_tlf_a_m1_e	0.0	0.0	0	0.0
all	western_diet_gut_anoxic_membership	Prevotella_copri	Alistipes_putredinis	M_tlf_a_m2_e	0.0	0.0	0	0.0
all	western_diet_gut_anoxic_membership	Prevotella_copri	Alistipes_putredinis	M_tlf_a_m3_e	0.0	0.0	0	0.0
all	western_diet_gut_anoxic_membership	Prevotella_copri	Alistipes_putredinis	M_tlf_a_m4_e	0.0	0.0	0	0.0
all	western_diet_gut_anoxic_membership	Prevotella_copri	Alistipes_putredinis	M_tlf_a_m4a_e	0.0	0.0	0	0.0
all	western_diet_gut_anoxic_membership	Prevotella_copri	Alistipes_putredinis	M_tlf_a_m5_e	0.0	0.0	0	0.0
all	western_diet_gut_anoxic_membership	Prevotella_copri	Alistipes_putredinis	M_tlf_a_m5a_e	0.0	0.0	0	0.0
all	western_diet_gut_anoxic_membership	Prevotella_copri	Alistipes_putredinis	M_tlf_a_m5b_e	0.0	0.0	0	0.0
all	western_diet_gut_anoxic_membership	Prevotella_copri	Alistipes_putredinis	M_tlf_a_m6_e	0.0	0.0	0	0.0
all	western_diet_gut_anoxic_membership	Prevotella_copri	Alistipes_putredinis	M_tlf_a_m9_e	0.0	0.0	0	0.0
all	western_diet_gut_anoxic_membership	Prevotella_copri	Alistipes_putredinis	M_tlms_e	0.0	0.0	0	0.0
all	western_diet_gut_anoxic_membership	Prevotella_copri	Alistipes_putredinis	M_tlms_glc_e	0.0	0.0	0	0.0
all	western_diet_gut_anoxic_membership	Prevotella_copri	Alistipes_putredinis	M_tmacmp_e	0.0	0.0	0	0.0
all	western_diet_gut_anoxic_membership	Prevotella_copri	Alistipes_putredinis	M_tolcp_ac_e	0.0	0.0	0	0.0
all	western_diet_gut_anoxic_membership	Prevotella_copri	Alistipes_putredinis	M_tolcp_ac_glc_e	0.0	0.0	0	0.0
all	western_diet_gut_anoxic_membership	Prevotella_copri	Alistipes_putredinis	M_tolcp_am_e	0.0	0.0	0	0.0
all	western_diet_gut_anoxic_membership	Prevotella_copri	Alistipes_putredinis	M_tolcp_am_glc_e	0.0	0.0	0	0.0
all	western_diet_gut_anoxic_membership	Prevotella_copri	Alistipes_putredinis	M_tolcp_e	0.0	0.0	0	0.0
all	western_diet_gut_anoxic_membership	Prevotella_copri	Alistipes_putredinis	M_tolcp_glc_e	0.0	0.0	0	0.0
all	western_diet_gut_anoxic_membership	Prevotella_copri	Alistipes_putredinis	M_tpno_1glc_4g_e	0.0	0.0	0	0.0
all	western_diet_gut_anoxic_membership	Prevotella_copri	Alistipes_putredinis	M_tpno_4g_e	0.0	0.0	0	0.0
all	western_diet_gut_anoxic_membership	Prevotella_copri	Alistipes_putredinis	M_tpno_4glc_e	0.0	0.0	0	0.0
all	western_diet_gut_anoxic_membership	Prevotella_copri	Alistipes_putredinis	M_tpnoh_e	0.0	0.0	0	0.0
all	western_diet_gut_anoxic_membership	Prevotella_copri	Alistipes_putredinis	M_trp_L_e	0.0	0.0	0	0.0
all	western_diet_gut_anoxic_membership	Prevotella_copri	Alistipes_putredinis	M_tsacmgluc_e	0.0	0.0	0	0.0
all	western_diet_gut_anoxic_membership	Prevotella_copri	Alistipes_putredinis	M_tsul_e	0.0	0.0	0	0.0
all	western_diet_gut_anoxic_membership	Prevotella_copri	Alistipes_putredinis	M_ttdca_e	0.0	0.0	0	0.0
all	western_diet_gut_anoxic_membership	Prevotella_copri	Alistipes_putredinis	M_tyr_L_e	0.0	0.0	0	0.0
all	western_diet_gut_anoxic_membership	Prevotella_copri	Alistipes_putredinis	M_ura_e	0.0	0.0	0	0.0
all	western_diet_gut_anoxic_membership	Prevotella_copri	Alistipes_putredinis	M_urea_e	0.0	0.0	1	0.0
all	western_diet_gut_anoxic_membership	Prevotella_copri	Alistipes_putredinis	M_uri_e	0.0	0.0	0	0.0
all	western_diet_gut_anoxic_membership	Prevotella_copri	Alistipes_putredinis	M_val_L_e	0.0	0.01	0	0.0
all	western_diet_gut_anoxic_membership	Prevotella_copri	Alistipes_putredinis	M_xan_e	0.0	0.0	0	0.0
all	western_diet_gut_anoxic_membership	Prevotella_copri	Alistipes_putredinis	M_xyl_D_e	0.0	0.12	0	0.0
all	western_diet_gut_anoxic_membership	Prevotella_copri	Alistipes_putredinis	M_zn2_e	0.0	1.0	0	0.0
all	western_diet_gut_anoxic_membership	Prevotella_copri	Phascolarctobacterium_succinatutens	M_12ppd_S_e	0.0	0.0	0	0.0
all	western_diet_gut_anoxic_membership	Prevotella_copri	Phascolarctobacterium_succinatutens	M_1hibup_S_e	0.0	0.0	0	0.0
all	western_diet_gut_anoxic_membership	Prevotella_copri	Phascolarctobacterium_succinatutens	M_1hibupglu_S_e	0.0	0.0	0	0.0
all	western_diet_gut_anoxic_membership	Prevotella_copri	Phascolarctobacterium_succinatutens	M_1hmdgluc_e	0.0	0.0	0	0.0
all	western_diet_gut_anoxic_membership	Prevotella_copri	Phascolarctobacterium_succinatutens	M_1ohmdz_e	0.0	0.0	0	0.0
all	western_diet_gut_anoxic_membership	Prevotella_copri	Phascolarctobacterium_succinatutens	M_26dap_M_e	0.0	0.0	0	0.0
all	western_diet_gut_anoxic_membership	Prevotella_copri	Phascolarctobacterium_succinatutens	M_2hatvacid_e	0.0	0.0	0	0.0
all	western_diet_gut_anoxic_membership	Prevotella_copri	Phascolarctobacterium_succinatutens	M_2hatvacidgluc_e	0.0	0.0	0	0.0
all	western_diet_gut_anoxic_membership	Prevotella_copri	Phascolarctobacterium_succinatutens	M_2hatvlac_e	0.0	0.0	0	0.0
all	western_diet_gut_anoxic_membership	Prevotella_copri	Phascolarctobacterium_succinatutens	M_2hatvlacgluc_e	0.0	0.0	0	0.0
all	western_diet_gut_anoxic_membership	Prevotella_copri	Phascolarctobacterium_succinatutens	M_2hibup_S_e	0.0	0.0	0	0.0
all	western_diet_gut_anoxic_membership	Prevotella_copri	Phascolarctobacterium_succinatutens	M_2hibupglu_S_e	0.0	0.0	0	0.0
all	western_diet_gut_anoxic_membership	Prevotella_copri	Phascolarctobacterium_succinatutens	M_2oh_cbz_e	0.0	0.0	0	0.0
all	western_diet_gut_anoxic_membership	Prevotella_copri	Phascolarctobacterium_succinatutens	M_2oh_cbz_glc_e	0.0	0.0	0	0.0
all	western_diet_gut_anoxic_membership	Prevotella_copri	Phascolarctobacterium_succinatutens	M_2oh_mtz_e	0.0	0.0	0	0.0
all	western_diet_gut_anoxic_membership	Prevotella_copri	Phascolarctobacterium_succinatutens	M_2oh_mtz_glc_e	0.0	0.0	0	0.0
all	western_diet_gut_anoxic_membership	Prevotella_copri	Phascolarctobacterium_succinatutens	M_3hibup_S_e	0.0	0.0	0	0.0
all	western_diet_gut_anoxic_membership	Prevotella_copri	Phascolarctobacterium_succinatutens	M_3hibupglu_S_e	0.0	0.0	0	0.0
all	western_diet_gut_anoxic_membership	Prevotella_copri	Phascolarctobacterium_succinatutens	M_3meacmp_e	0.0	0.0	0	0.0
all	western_diet_gut_anoxic_membership	Prevotella_copri	Phascolarctobacterium_succinatutens	M_3oh_cbz_e	0.0	0.0	0	0.0
all	western_diet_gut_anoxic_membership	Prevotella_copri	Phascolarctobacterium_succinatutens	M_3oh_cbz_glc_e	0.0	0.0	0	0.0
all	western_diet_gut_anoxic_membership	Prevotella_copri	Phascolarctobacterium_succinatutens	M_3oh_dlor_e	0.0	0.0	0	0.0
all	western_diet_gut_anoxic_membership	Prevotella_copri	Phascolarctobacterium_succinatutens	M_3oh_dlor_glc_e	0.0	0.0	0	0.0
all	western_diet_gut_anoxic_membership	Prevotella_copri	Phascolarctobacterium_succinatutens	M_3oh_mdea_e	0.0	0.0	0	0.0
all	western_diet_gut_anoxic_membership	Prevotella_copri	Phascolarctobacterium_succinatutens	M_3oh_mdea_glc_e	0.0	0.0	0	0.0
all	western_diet_gut_anoxic_membership	Prevotella_copri	Phascolarctobacterium_succinatutens	M_3oh_mxn_e	0.0	0.0	0	0.0
all	western_diet_gut_anoxic_membership	Prevotella_copri	Phascolarctobacterium_succinatutens	M_3oh_mxn_glc_e	0.0	0.0	0	0.0
all	western_diet_gut_anoxic_membership	Prevotella_copri	Phascolarctobacterium_succinatutens	M_4abz_e	0.0	0.0	0	0.0
all	western_diet_gut_anoxic_membership	Prevotella_copri	Phascolarctobacterium_succinatutens	M_4dh_tpno_1glc_e	0.0	0.0	0	0.0
all	western_diet_gut_anoxic_membership	Prevotella_copri	Phascolarctobacterium_succinatutens	M_4dh_tpno_e	0.0	0.0	0	0.0
all	western_diet_gut_anoxic_membership	Prevotella_copri	Phascolarctobacterium_succinatutens	M_4hmdgluc_e	0.0	0.0	0	0.0
all	western_diet_gut_anoxic_membership	Prevotella_copri	Phascolarctobacterium_succinatutens	M_4oh_dcf_e	0.0	0.0	0	0.0
all	western_diet_gut_anoxic_membership	Prevotella_copri	Phascolarctobacterium_succinatutens	M_4oh_dcf_glc_e	0.0	0.0	0	0.0
all	western_diet_gut_anoxic_membership	Prevotella_copri	Phascolarctobacterium_succinatutens	M_4oh_kp_e	0.0	0.0	0	0.0
all	western_diet_gut_anoxic_membership	Prevotella_copri	Phascolarctobacterium_succinatutens	M_4oh_kp_glc_e	0.0	0.0	0	0.0
all	western_diet_gut_anoxic_membership	Prevotella_copri	Phascolarctobacterium_succinatutens	M_4oh_levole_e	0.0	0.0	0	0.0
all	western_diet_gut_anoxic_membership	Prevotella_copri	Phascolarctobacterium_succinatutens	M_4oh_levole_glc_e	0.0	0.0	0	0.0
all	western_diet_gut_anoxic_membership	Prevotella_copri	Phascolarctobacterium_succinatutens	M_4oh_meth_e	0.0	0.0	0	0.0
all	western_diet_gut_anoxic_membership	Prevotella_copri	Phascolarctobacterium_succinatutens	M_4oh_meth_glc_e	0.0	0.0	0	0.0
all	western_diet_gut_anoxic_membership	Prevotella_copri	Phascolarctobacterium_succinatutens	M_4oh_propl_e	0.0	0.0	0	0.0
all	western_diet_gut_anoxic_membership	Prevotella_copri	Phascolarctobacterium_succinatutens	M_4oh_propl_glc_e	0.0	0.0	0	0.0
all	western_diet_gut_anoxic_membership	Prevotella_copri	Phascolarctobacterium_succinatutens	M_4oh_trz_e	0.0	0.0	0	0.0
all	western_diet_gut_anoxic_membership	Prevotella_copri	Phascolarctobacterium_succinatutens	M_4oh_trz_glc_e	0.0	0.0	0	0.0
all	western_diet_gut_anoxic_membership	Prevotella_copri	Phascolarctobacterium_succinatutens	M_4oh_vcz_e	0.0	0.0	0	0.0
all	western_diet_gut_anoxic_membership	Prevotella_copri	Phascolarctobacterium_succinatutens	M_4oh_vcz_glc_e	0.0	0.0	0	0.0
all	western_diet_gut_anoxic_membership	Prevotella_copri	Phascolarctobacterium_succinatutens	M_4ohmdz_e	0.0	0.0	0	0.0
all	western_diet_gut_anoxic_membership	Prevotella_copri	Phascolarctobacterium_succinatutens	M_5oh_sulfp_e	0.0	0.0	0	0.0
all	western_diet_gut_anoxic_membership	Prevotella_copri	Phascolarctobacterium_succinatutens	M_5oh_sulfp_glc_e	0.0	0.0	0	0.0
all	western_diet_gut_anoxic_membership	Prevotella_copri	Phascolarctobacterium_succinatutens	M_5ohfvs_e	0.0	0.0	0	0.0
all	western_diet_gut_anoxic_membership	Prevotella_copri	Phascolarctobacterium_succinatutens	M_5ohfvsglu_e	0.0	0.0	0	0.0
all	western_diet_gut_anoxic_membership	Prevotella_copri	Phascolarctobacterium_succinatutens	M_6bhglz_e	0.0	0.0	0	0.0
all	western_diet_gut_anoxic_membership	Prevotella_copri	Phascolarctobacterium_succinatutens	M_6bhglzglc_e	0.0	0.0	0	0.0
all	western_diet_gut_anoxic_membership	Prevotella_copri	Phascolarctobacterium_succinatutens	M_6ohfvs_e	0.0	0.0	0	0.0
all	western_diet_gut_anoxic_membership	Prevotella_copri	Phascolarctobacterium_succinatutens	M_6ohfvsglu_e	0.0	0.0	0	0.0
all	western_diet_gut_anoxic_membership	Prevotella_copri	Phascolarctobacterium_succinatutens	M_7a_czp_e	0.0	0.0	1	0.0
all	western_diet_gut_anoxic_membership	Prevotella_copri	Phascolarctobacterium_succinatutens	M_7bhglz_e	0.0	0.0	0	0.0
all	western_diet_gut_anoxic_membership	Prevotella_copri	Phascolarctobacterium_succinatutens	M_7bhglzglc_e	0.0	0.0	0	0.0
all	western_diet_gut_anoxic_membership	Prevotella_copri	Phascolarctobacterium_succinatutens	M_7oh_efv_e	0.0	0.0	0	0.0
all	western_diet_gut_anoxic_membership	Prevotella_copri	Phascolarctobacterium_succinatutens	M_7oh_efv_glc_e	0.0	0.0	0	0.0
all	western_diet_gut_anoxic_membership	Prevotella_copri	Phascolarctobacterium_succinatutens	M_814dioh_efv_e	0.0	0.0	0	0.0
all	western_diet_gut_anoxic_membership	Prevotella_copri	Phascolarctobacterium_succinatutens	M_814dioh_efv_glc_e	0.0	0.0	0	0.0
all	western_diet_gut_anoxic_membership	Prevotella_copri	Phascolarctobacterium_succinatutens	M_8oh_efv_e	0.0	0.0	0	0.0
all	western_diet_gut_anoxic_membership	Prevotella_copri	Phascolarctobacterium_succinatutens	M_8oh_efv_glc_e	0.0	0.0	0	0.0
all	western_diet_gut_anoxic_membership	Prevotella_copri	Phascolarctobacterium_succinatutens	M_N_oh_phtn_e	0.0	0.0	0	0.0
all	western_diet_gut_anoxic_membership	Prevotella_copri	Phascolarctobacterium_succinatutens	M_N_oh_phtn_glc_e	0.0	0.0	0	0.0
all	western_diet_gut_anoxic_membership	Prevotella_copri	Phascolarctobacterium_succinatutens	M_R_6oh_warf_e	0.0	0.0	0	0.0
all	western_diet_gut_anoxic_membership	Prevotella_copri	Phascolarctobacterium_succinatutens	M_R_6oh_warf_glc_e	0.0	0.0	0	0.0
all	western_diet_gut_anoxic_membership	Prevotella_copri	Phascolarctobacterium_succinatutens	M_R_7oh_warf_e	0.0	0.0	0	0.0
all	western_diet_gut_anoxic_membership	Prevotella_copri	Phascolarctobacterium_succinatutens	M_R_7oh_warf_glc_e	0.0	0.0	0	0.0
all	western_diet_gut_anoxic_membership	Prevotella_copri	Phascolarctobacterium_succinatutens	M_R_8oh_warf_e	0.0	0.0	0	0.0
all	western_diet_gut_anoxic_membership	Prevotella_copri	Phascolarctobacterium_succinatutens	M_R_8oh_warf_glc_e	0.0	0.0	0	0.0
all	western_diet_gut_anoxic_membership	Prevotella_copri	Phascolarctobacterium_succinatutens	M_S_4oh_warf_e	0.0	0.0	0	0.0
all	western_diet_gut_anoxic_membership	Prevotella_copri	Phascolarctobacterium_succinatutens	M_S_4oh_warf_glc_e	0.0	0.0	0	0.0
all	western_diet_gut_anoxic_membership	Prevotella_copri	Phascolarctobacterium_succinatutens	M_S_6oh_warf_e	0.0	0.0	0	0.0
all	western_diet_gut_anoxic_membership	Prevotella_copri	Phascolarctobacterium_succinatutens	M_S_6oh_warf_glc_e	0.0	0.0	0	0.0
all	western_diet_gut_anoxic_membership	Prevotella_copri	Phascolarctobacterium_succinatutens	M_ac_amn_b_gly_e	0.0	0.0	0	0.0
all	western_diet_gut_anoxic_membership	Prevotella_copri	Phascolarctobacterium_succinatutens	M_ac_amn_b_gly_glc_e	0.0	0.0	0	0.0
all	western_diet_gut_anoxic_membership	Prevotella_copri	Phascolarctobacterium_succinatutens	M_ac_e	0.0	0.07	0	0.0
all	western_diet_gut_anoxic_membership	Prevotella_copri	Phascolarctobacterium_succinatutens	M_acmp_e	0.0	0.0	0	0.0
all	western_diet_gut_anoxic_membership	Prevotella_copri	Phascolarctobacterium_succinatutens	M_acmp_glc_e	0.0	0.0	0	0.0
all	western_diet_gut_anoxic_membership	Prevotella_copri	Phascolarctobacterium_succinatutens	M_acmpglu_e	0.0	0.0	0	0.0
all	western_diet_gut_anoxic_membership	Prevotella_copri	Phascolarctobacterium_succinatutens	M_ade_e	0.0	0.0	0	0.0
all	western_diet_gut_anoxic_membership	Prevotella_copri	Phascolarctobacterium_succinatutens	M_adn_e	0.0	0.0	0	0.0
all	western_diet_gut_anoxic_membership	Prevotella_copri	Phascolarctobacterium_succinatutens	M_adocbl_e	0.0	0.0	0	0.0
all	western_diet_gut_anoxic_membership	Prevotella_copri	Phascolarctobacterium_succinatutens	M_ala_L_e	0.0	0.13	0	0.0
all	western_diet_gut_anoxic_membership	Prevotella_copri	Phascolarctobacterium_succinatutens	M_alaasp_e	0.0	0.0	0	0.0
all	western_diet_gut_anoxic_membership	Prevotella_copri	Phascolarctobacterium_succinatutens	M_alagln_e	0.0	0.0	0	0.0
all	western_diet_gut_anoxic_membership	Prevotella_copri	Phascolarctobacterium_succinatutens	M_alaglu_e	0.0	0.0	0	0.0
all	western_diet_gut_anoxic_membership	Prevotella_copri	Phascolarctobacterium_succinatutens	M_alagly_e	0.0	0.0	0	0.0
all	western_diet_gut_anoxic_membership	Prevotella_copri	Phascolarctobacterium_succinatutens	M_alahis_e	0.0	0.0	0	0.0
all	western_diet_gut_anoxic_membership	Prevotella_copri	Phascolarctobacterium_succinatutens	M_alaleu_e	0.0	0.0	0	0.0
all	western_diet_gut_anoxic_membership	Prevotella_copri	Phascolarctobacterium_succinatutens	M_alathr_e	0.0	0.0	0	0.0
all	western_diet_gut_anoxic_membership	Prevotella_copri	Phascolarctobacterium_succinatutens	M_alpz_4oh_e	0.0	0.0	0	0.0
all	western_diet_gut_anoxic_membership	Prevotella_copri	Phascolarctobacterium_succinatutens	M_alpz_4oh_glc_e	0.0	0.0	0	0.0
all	western_diet_gut_anoxic_membership	Prevotella_copri	Phascolarctobacterium_succinatutens	M_alpz_aoh_e	0.0	0.0	0	0.0
all	western_diet_gut_anoxic_membership	Prevotella_copri	Phascolarctobacterium_succinatutens	M_alpz_aoh_glc_e	0.0	0.0	0	0.0
all	western_diet_gut_anoxic_membership	Prevotella_copri	Phascolarctobacterium_succinatutens	M_am14_e	0.0	0.0	0	0.0
all	western_diet_gut_anoxic_membership	Prevotella_copri	Phascolarctobacterium_succinatutens	M_am14_glc_e	0.0	0.0	0	0.0
all	western_diet_gut_anoxic_membership	Prevotella_copri	Phascolarctobacterium_succinatutens	M_am1ccs_e	0.0	0.0	0	0.0
all	western_diet_gut_anoxic_membership	Prevotella_copri	Phascolarctobacterium_succinatutens	M_am1cglc_e	0.0	0.0	0	0.0
all	western_diet_gut_anoxic_membership	Prevotella_copri	Phascolarctobacterium_succinatutens	M_am5_e	0.0	0.0	0	0.0
all	western_diet_gut_anoxic_membership	Prevotella_copri	Phascolarctobacterium_succinatutens	M_am5_glc_e	0.0	0.0	0	0.0
all	western_diet_gut_anoxic_membership	Prevotella_copri	Phascolarctobacterium_succinatutens	M_am6_e	0.0	0.0	0	0.0
all	western_diet_gut_anoxic_membership	Prevotella_copri	Phascolarctobacterium_succinatutens	M_am6_glc_e	0.0	0.0	0	0.0
all	western_diet_gut_anoxic_membership	Prevotella_copri	Phascolarctobacterium_succinatutens	M_amio_c_e	0.0	0.0	0	0.0
all	western_diet_gut_anoxic_membership	Prevotella_copri	Phascolarctobacterium_succinatutens	M_amio_c_glc_e	0.0	0.0	0	0.0
all	western_diet_gut_anoxic_membership	Prevotella_copri	Phascolarctobacterium_succinatutens	M_amio_e	0.0	0.0	0	0.0
all	western_diet_gut_anoxic_membership	Prevotella_copri	Phascolarctobacterium_succinatutens	M_amio_glc_e	0.0	0.0	0	0.0
all	western_diet_gut_anoxic_membership	Prevotella_copri	Phascolarctobacterium_succinatutens	M_amn_b_gly_e	0.0	0.0	0	0.0
all	western_diet_gut_anoxic_membership	Prevotella_copri	Phascolarctobacterium_succinatutens	M_amn_b_gly_glc_e	0.0	0.0	0	0.0
all	western_diet_gut_anoxic_membership	Prevotella_copri	Phascolarctobacterium_succinatutens	M_amntd_m6_e	0.0	0.0	0	0.0
all	western_diet_gut_anoxic_membership	Prevotella_copri	Phascolarctobacterium_succinatutens	M_amntd_m6_glc_e	0.0	0.0	0	0.0
all	western_diet_gut_anoxic_membership	Prevotella_copri	Phascolarctobacterium_succinatutens	M_anzp_e	0.0	0.0	1	0.0
all	western_diet_gut_anoxic_membership	Prevotella_copri	Phascolarctobacterium_succinatutens	M_arab_L_e	0.0	0.13	0	0.0
all	western_diet_gut_anoxic_membership	Prevotella_copri	Phascolarctobacterium_succinatutens	M_arabttr_e	0.0	0.0	0	0.0
all	western_diet_gut_anoxic_membership	Prevotella_copri	Phascolarctobacterium_succinatutens	M_arg_L_e	0.0	0.0	0	0.0
all	western_diet_gut_anoxic_membership	Prevotella_copri	Phascolarctobacterium_succinatutens	M_arsenb_e	0.0	0.0	0	0.0
all	western_diet_gut_anoxic_membership	Prevotella_copri	Phascolarctobacterium_succinatutens	M_asn_L_e	0.0	0.09	0	0.0
all	western_diet_gut_anoxic_membership	Prevotella_copri	Phascolarctobacterium_succinatutens	M_asp_L_e	0.0	0.09	0	0.0
all	western_diet_gut_anoxic_membership	Prevotella_copri	Phascolarctobacterium_succinatutens	M_atvacid_e	0.0	0.0	0	0.0
all	western_diet_gut_anoxic_membership	Prevotella_copri	Phascolarctobacterium_succinatutens	M_atvacylgluc_e	0.0	0.0	0	0.0
all	western_diet_gut_anoxic_membership	Prevotella_copri	Phascolarctobacterium_succinatutens	M_atvethgluc_e	0.0	0.0	0	0.0
all	western_diet_gut_anoxic_membership	Prevotella_copri	Phascolarctobacterium_succinatutens	M_atvlac_e	0.0	0.0	0	0.0
all	western_diet_gut_anoxic_membership	Prevotella_copri	Phascolarctobacterium_succinatutens	M_atvlacgluc_e	0.0	0.0	0	0.0
all	western_diet_gut_anoxic_membership	Prevotella_copri	Phascolarctobacterium_succinatutens	M_bhpm_e	0.0	0.0	0	0.0
all	western_diet_gut_anoxic_membership	Prevotella_copri	Phascolarctobacterium_succinatutens	M_bhpm_glc_e	0.0	0.0	0	0.0
all	western_diet_gut_anoxic_membership	Prevotella_copri	Phascolarctobacterium_succinatutens	M_bilr_355_e	0.0	0.0	0	0.0
all	western_diet_gut_anoxic_membership	Prevotella_copri	Phascolarctobacterium_succinatutens	M_bilr_M10_e	0.0	0.0	0	0.0
all	western_diet_gut_anoxic_membership	Prevotella_copri	Phascolarctobacterium_succinatutens	M_bilr_M12_e	0.0	0.0	0	0.0
all	western_diet_gut_anoxic_membership	Prevotella_copri	Phascolarctobacterium_succinatutens	M_bilr_M14_e	0.0	0.0	0	0.0
all	western_diet_gut_anoxic_membership	Prevotella_copri	Phascolarctobacterium_succinatutens	M_bilr_M15_e	0.0	0.0	0	0.0
all	western_diet_gut_anoxic_membership	Prevotella_copri	Phascolarctobacterium_succinatutens	M_bilr_M16_e	0.0	0.0	0	0.0
all	western_diet_gut_anoxic_membership	Prevotella_copri	Phascolarctobacterium_succinatutens	M_bilr_M7_e	0.0	0.0	0	0.0
all	western_diet_gut_anoxic_membership	Prevotella_copri	Phascolarctobacterium_succinatutens	M_brv_e	0.0	0.0	0	0.0
all	western_diet_gut_anoxic_membership	Prevotella_copri	Phascolarctobacterium_succinatutens	M_bsn_e	0.0	0.0	0	0.0
all	western_diet_gut_anoxic_membership	Prevotella_copri	Phascolarctobacterium_succinatutens	M_bsn_glc_e	0.0	0.0	0	0.0
all	western_diet_gut_anoxic_membership	Prevotella_copri	Phascolarctobacterium_succinatutens	M_btn_e	0.0	0.0	0	0.0
all	western_diet_gut_anoxic_membership	Prevotella_copri	Phascolarctobacterium_succinatutens	M_bvu_e	0.0	0.0	0	0.0
all	western_diet_gut_anoxic_membership	Prevotella_copri	Phascolarctobacterium_succinatutens	M_bz_e	0.0	0.0	0	0.0
all	western_diet_gut_anoxic_membership	Prevotella_copri	Phascolarctobacterium_succinatutens	M_bz_glc_e	0.0	0.0	0	0.0
all	western_diet_gut_anoxic_membership	Prevotella_copri	Phascolarctobacterium_succinatutens	M_ca2_e	0.0	1.0	0	0.0
all	western_diet_gut_anoxic_membership	Prevotella_copri	Phascolarctobacterium_succinatutens	M_caribup_s_e	0.0	0.0	0	0.0
all	western_diet_gut_anoxic_membership	Prevotella_copri	Phascolarctobacterium_succinatutens	M_caribupglu_S_e	0.0	0.0	0	0.0
all	western_diet_gut_anoxic_membership	Prevotella_copri	Phascolarctobacterium_succinatutens	M_cbl1_e	0.0	0.0	0	0.0
all	western_diet_gut_anoxic_membership	Prevotella_copri	Phascolarctobacterium_succinatutens	M_cbl2_e	0.0	0.0	0	0.0
all	western_diet_gut_anoxic_membership	Prevotella_copri	Phascolarctobacterium_succinatutens	M_cbz_e	0.0	0.0	0	0.0
all	western_diet_gut_anoxic_membership	Prevotella_copri	Phascolarctobacterium_succinatutens	M_cbz_glc_e	0.0	0.0	0	0.0
all	western_diet_gut_anoxic_membership	Prevotella_copri	Phascolarctobacterium_succinatutens	M_cd2_e	0.0	0.0	0	0.0
all	western_diet_gut_anoxic_membership	Prevotella_copri	Phascolarctobacterium_succinatutens	M_cd6168_e	0.0	0.0	0	0.0
all	western_diet_gut_anoxic_membership	Prevotella_copri	Phascolarctobacterium_succinatutens	M_cd6168_glc_e	0.0	0.0	0	0.0
all	western_diet_gut_anoxic_membership	Prevotella_copri	Phascolarctobacterium_succinatutens	M_cellb_e	0.0	0.0	0	0.0
all	western_diet_gut_anoxic_membership	Prevotella_copri	Phascolarctobacterium_succinatutens	M_chlphncl_e	0.0	0.0	1	0.0
all	western_diet_gut_anoxic_membership	Prevotella_copri	Phascolarctobacterium_succinatutens	M_chlphncl_glc_e	0.0	0.0	0	0.0
all	western_diet_gut_anoxic_membership	Prevotella_copri	Phascolarctobacterium_succinatutens	M_cl_e	0.0	1.0	0	0.0
all	western_diet_gut_anoxic_membership	Prevotella_copri	Phascolarctobacterium_succinatutens	M_clcxb_c_e	0.0	0.0	0	0.0
all	western_diet_gut_anoxic_membership	Prevotella_copri	Phascolarctobacterium_succinatutens	M_clcxb_c_glc_e	0.0	0.0	0	0.0
all	western_diet_gut_anoxic_membership	Prevotella_copri	Phascolarctobacterium_succinatutens	M_clcxb_e	0.0	0.0	0	0.0
all	western_diet_gut_anoxic_membership	Prevotella_copri	Phascolarctobacterium_succinatutens	M_clcxb_glc_e	0.0	0.0	0	0.0
all	western_diet_gut_anoxic_membership	Prevotella_copri	Phascolarctobacterium_succinatutens	M_clobi_c_e	0.0	0.0	0	0.0
all	western_diet_gut_anoxic_membership	Prevotella_copri	Phascolarctobacterium_succinatutens	M_clobi_glc_e	0.0	0.0	0	0.0
all	western_diet_gut_anoxic_membership	Prevotella_copri	Phascolarctobacterium_succinatutens	M_co2_e	0.0	0.0	1	0.0
all	western_diet_gut_anoxic_membership	Prevotella_copri	Phascolarctobacterium_succinatutens	M_cobalt2_e	0.0	1.0	0	0.0
all	western_diet_gut_anoxic_membership	Prevotella_copri	Phascolarctobacterium_succinatutens	M_cro4_e	0.0	0.0	0	0.0
all	western_diet_gut_anoxic_membership	Prevotella_copri	Phascolarctobacterium_succinatutens	M_crvsm1_e	0.0	0.0	0	0.0
all	western_diet_gut_anoxic_membership	Prevotella_copri	Phascolarctobacterium_succinatutens	M_crvsm23_e	0.0	0.0	0	0.0
all	western_diet_gut_anoxic_membership	Prevotella_copri	Phascolarctobacterium_succinatutens	M_ctbt_e	0.0	0.0	0	0.0
all	western_diet_gut_anoxic_membership	Prevotella_copri	Phascolarctobacterium_succinatutens	M_cu2_e	0.0	1.0	0	0.0
all	western_diet_gut_anoxic_membership	Prevotella_copri	Phascolarctobacterium_succinatutens	M_cvm1gluc_e	0.0	0.0	0	0.0
all	western_diet_gut_anoxic_membership	Prevotella_copri	Phascolarctobacterium_succinatutens	M_cvm23gluc_e	0.0	0.0	0	0.0
all	western_diet_gut_anoxic_membership	Prevotella_copri	Phascolarctobacterium_succinatutens	M_cys_L_e	0.0	0.63	0	0.0
all	western_diet_gut_anoxic_membership	Prevotella_copri	Phascolarctobacterium_succinatutens	M_cytd_e	0.0	0.0	0	0.0
all	western_diet_gut_anoxic_membership	Prevotella_copri	Phascolarctobacterium_succinatutens	M_czp_e	0.0	0.0	1	0.0
all	western_diet_gut_anoxic_membership	Prevotella_copri	Phascolarctobacterium_succinatutens	M_daa_e	0.0	0.0	0	0.0
all	western_diet_gut_anoxic_membership	Prevotella_copri	Phascolarctobacterium_succinatutens	M_daa_glc_e	0.0	0.0	0	0.0
all	western_diet_gut_anoxic_membership	Prevotella_copri	Phascolarctobacterium_succinatutens	M_dad_2_e	0.0	0.0	0	0.0
all	western_diet_gut_anoxic_membership	Prevotella_copri	Phascolarctobacterium_succinatutens	M_dcf_e	0.0	0.0	0	0.0
all	western_diet_gut_anoxic_membership	Prevotella_copri	Phascolarctobacterium_succinatutens	M_dcf_glc_e	0.0	0.0	0	0.0
all	western_diet_gut_anoxic_membership	Prevotella_copri	Phascolarctobacterium_succinatutens	M_dcyt_e	0.0	0.0	0	0.0
all	western_diet_gut_anoxic_membership	Prevotella_copri	Phascolarctobacterium_succinatutens	M_ddea_e	0.0	0.0	0	0.0
all	western_diet_gut_anoxic_membership	Prevotella_copri	Phascolarctobacterium_succinatutens	M_ddea_glc_e	0.0	0.0	0	0.0
all	western_diet_gut_anoxic_membership	Prevotella_copri	Phascolarctobacterium_succinatutens	M_des_astzl_e	0.0	0.0	0	0.0
all	western_diet_gut_anoxic_membership	Prevotella_copri	Phascolarctobacterium_succinatutens	M_des_astzl_glc_e	0.0	0.0	0	0.0
all	western_diet_gut_anoxic_membership	Prevotella_copri	Phascolarctobacterium_succinatutens	M_dfdcytd_e	0.0	0.0	0	0.0
all	western_diet_gut_anoxic_membership	Prevotella_copri	Phascolarctobacterium_succinatutens	M_dfduri_e	0.0	0.0	0	0.0
all	western_diet_gut_anoxic_membership	Prevotella_copri	Phascolarctobacterium_succinatutens	M_dgsn_e	0.0	0.0	0	0.0
all	western_diet_gut_anoxic_membership	Prevotella_copri	Phascolarctobacterium_succinatutens	M_digoxin_e	0.0	0.0	0	0.0
all	western_diet_gut_anoxic_membership	Prevotella_copri	Phascolarctobacterium_succinatutens	M_digoxin_glc_e	0.0	0.0	0	0.0
all	western_diet_gut_anoxic_membership	Prevotella_copri	Phascolarctobacterium_succinatutens	M_din_e	0.0	0.0	0	0.0
all	western_diet_gut_anoxic_membership	Prevotella_copri	Phascolarctobacterium_succinatutens	M_dlb_e	0.0	0.0	0	0.0
all	western_diet_gut_anoxic_membership	Prevotella_copri	Phascolarctobacterium_succinatutens	M_dlb_glc_e	0.0	0.0	0	0.0
all	western_diet_gut_anoxic_membership	Prevotella_copri	Phascolarctobacterium_succinatutens	M_dnpz_5des_e	0.0	0.0	0	0.0
all	western_diet_gut_anoxic_membership	Prevotella_copri	Phascolarctobacterium_succinatutens	M_dnpz_6des_e	0.0	0.0	0	0.0
all	western_diet_gut_anoxic_membership	Prevotella_copri	Phascolarctobacterium_succinatutens	M_dnpz_m11_e	0.0	0.0	0	0.0
all	western_diet_gut_anoxic_membership	Prevotella_copri	Phascolarctobacterium_succinatutens	M_dnpz_m12_e	0.0	0.0	0	0.0
all	western_diet_gut_anoxic_membership	Prevotella_copri	Phascolarctobacterium_succinatutens	M_dnpz_m13_e	0.0	0.0	0	0.0
all	western_diet_gut_anoxic_membership	Prevotella_copri	Phascolarctobacterium_succinatutens	M_dnpz_m14_e	0.0	0.0	0	0.0
all	western_diet_gut_anoxic_membership	Prevotella_copri	Phascolarctobacterium_succinatutens	M_dnpz_m9_e	0.0	0.0	0	0.0
all	western_diet_gut_anoxic_membership	Prevotella_copri	Phascolarctobacterium_succinatutens	M_doh_etr_e	0.0	0.0	0	0.0
all	western_diet_gut_anoxic_membership	Prevotella_copri	Phascolarctobacterium_succinatutens	M_doh_etr_glc_e	0.0	0.0	0	0.0
all	western_diet_gut_anoxic_membership	Prevotella_copri	Phascolarctobacterium_succinatutens	M_doh_vcz_e	0.0	0.0	0	0.0
all	western_diet_gut_anoxic_membership	Prevotella_copri	Phascolarctobacterium_succinatutens	M_doh_vcz_glc_e	0.0	0.0	0	0.0
all	western_diet_gut_anoxic_membership	Prevotella_copri	Phascolarctobacterium_succinatutens	M_duri_e	0.0	0.0	0	0.0
all	western_diet_gut_anoxic_membership	Prevotella_copri	Phascolarctobacterium_succinatutens	M_dxo_e	0.0	0.0	0	0.0
all	western_diet_gut_anoxic_membership	Prevotella_copri	Phascolarctobacterium_succinatutens	M_dxo_glc_e	0.0	0.0	0	0.0
all	western_diet_gut_anoxic_membership	Prevotella_copri	Phascolarctobacterium_succinatutens	M_efv_e	0.0	0.0	0	0.0
all	western_diet_gut_anoxic_membership	Prevotella_copri	Phascolarctobacterium_succinatutens	M_efv_glc_e	0.0	0.0	0	0.0
all	western_diet_gut_anoxic_membership	Prevotella_copri	Phascolarctobacterium_succinatutens	M_eltr_e	0.0	0.0	0	0.0
all	western_diet_gut_anoxic_membership	Prevotella_copri	Phascolarctobacterium_succinatutens	M_eltr_glc_e	0.0	0.0	0	0.0
all	western_diet_gut_anoxic_membership	Prevotella_copri	Phascolarctobacterium_succinatutens	M_eltr_m3_e	0.0	0.0	0	0.0
all	western_diet_gut_anoxic_membership	Prevotella_copri	Phascolarctobacterium_succinatutens	M_eltr_m4_e	0.0	0.0	0	0.0
all	western_diet_gut_anoxic_membership	Prevotella_copri	Phascolarctobacterium_succinatutens	M_estradiol_e	0.0	0.0	0	0.0
all	western_diet_gut_anoxic_membership	Prevotella_copri	Phascolarctobacterium_succinatutens	M_estradiolglc_e	0.0	0.0	0	0.0
all	western_diet_gut_anoxic_membership	Prevotella_copri	Phascolarctobacterium_succinatutens	M_estriol_e	0.0	0.0	0	0.0
all	western_diet_gut_anoxic_membership	Prevotella_copri	Phascolarctobacterium_succinatutens	M_estriolglc_e	0.0	0.0	0	0.0
all	western_diet_gut_anoxic_membership	Prevotella_copri	Phascolarctobacterium_succinatutens	M_estrone_e	0.0	0.0	0	0.0
all	western_diet_gut_anoxic_membership	Prevotella_copri	Phascolarctobacterium_succinatutens	M_estroneglc_e	0.0	0.0	0	0.0
all	western_diet_gut_anoxic_membership	Prevotella_copri	Phascolarctobacterium_succinatutens	M_eztmb_e	0.0	0.0	0	0.0
all	western_diet_gut_anoxic_membership	Prevotella_copri	Phascolarctobacterium_succinatutens	M_eztmb_glc_e	0.0	0.0	0	0.0
all	western_diet_gut_anoxic_membership	Prevotella_copri	Phascolarctobacterium_succinatutens	M_fe2_e	0.0	1.0	0	0.0
all	western_diet_gut_anoxic_membership	Prevotella_copri	Phascolarctobacterium_succinatutens	M_fe3_e	0.0	1.0	0	0.0
all	western_diet_gut_anoxic_membership	Prevotella_copri	Phascolarctobacterium_succinatutens	M_fol_e	0.0	0.0	0	0.0
all	western_diet_gut_anoxic_membership	Prevotella_copri	Phascolarctobacterium_succinatutens	M_for_e	0.0	0.01	0	0.0
all	western_diet_gut_anoxic_membership	Prevotella_copri	Phascolarctobacterium_succinatutens	M_fru_e	0.0	0.0	0	0.0
all	western_diet_gut_anoxic_membership	Prevotella_copri	Phascolarctobacterium_succinatutens	M_fum_e	0.0	0.18	0	0.0
all	western_diet_gut_anoxic_membership	Prevotella_copri	Phascolarctobacterium_succinatutens	M_fvs_e	0.0	0.0	0	0.0
all	western_diet_gut_anoxic_membership	Prevotella_copri	Phascolarctobacterium_succinatutens	M_fvsgluc_e	0.0	0.0	0	0.0
all	western_diet_gut_anoxic_membership	Prevotella_copri	Phascolarctobacterium_succinatutens	M_fvstet_e	0.0	0.0	0	0.0
all	western_diet_gut_anoxic_membership	Prevotella_copri	Phascolarctobacterium_succinatutens	M_fvstetglu_e	0.0	0.0	0	0.0
all	western_diet_gut_anoxic_membership	Prevotella_copri	Phascolarctobacterium_succinatutens	M_gal_e	0.0	0.0	0	0.0
all	western_diet_gut_anoxic_membership	Prevotella_copri	Phascolarctobacterium_succinatutens	M_galt_e	0.0	0.0	0	0.0
all	western_diet_gut_anoxic_membership	Prevotella_copri	Phascolarctobacterium_succinatutens	M_galur_e	0.0	0.0	0	0.0
all	western_diet_gut_anoxic_membership	Prevotella_copri	Phascolarctobacterium_succinatutens	M_gbbtn_e	0.0	0.0	0	0.0
all	western_diet_gut_anoxic_membership	Prevotella_copri	Phascolarctobacterium_succinatutens	M_glc3meacp_e	0.0	0.0	0	0.0
all	western_diet_gut_anoxic_membership	Prevotella_copri	Phascolarctobacterium_succinatutens	M_glc_D_e	0.0	0.06	0	0.0
all	western_diet_gut_anoxic_membership	Prevotella_copri	Phascolarctobacterium_succinatutens	M_glcur_e	0.0	0.0	0	0.0
all	western_diet_gut_anoxic_membership	Prevotella_copri	Phascolarctobacterium_succinatutens	M_gln_L_e	0.0	0.05	0	0.0
all	western_diet_gut_anoxic_membership	Prevotella_copri	Phascolarctobacterium_succinatutens	M_gltmn_e	0.0	0.0	0	0.0
all	western_diet_gut_anoxic_membership	Prevotella_copri	Phascolarctobacterium_succinatutens	M_gltmn_glc_e	0.0	0.0	0	0.0
all	western_diet_gut_anoxic_membership	Prevotella_copri	Phascolarctobacterium_succinatutens	M_glu_L_e	0.0	0.1	0	0.0
all	western_diet_gut_anoxic_membership	Prevotella_copri	Phascolarctobacterium_succinatutens	M_gly_e	0.0	0.13	0	0.0
all	western_diet_gut_anoxic_membership	Prevotella_copri	Phascolarctobacterium_succinatutens	M_glyasn_e	0.0	0.0	0	0.0
all	western_diet_gut_anoxic_membership	Prevotella_copri	Phascolarctobacterium_succinatutens	M_glyb_e	0.0	0.0	0	0.0
all	western_diet_gut_anoxic_membership	Prevotella_copri	Phascolarctobacterium_succinatutens	M_glyc_e	0.0	0.0	0	0.0
all	western_diet_gut_anoxic_membership	Prevotella_copri	Phascolarctobacterium_succinatutens	M_glycys_e	0.0	0.0	0	0.0
all	western_diet_gut_anoxic_membership	Prevotella_copri	Phascolarctobacterium_succinatutens	M_glygln_e	0.0	0.0	0	0.0
all	western_diet_gut_anoxic_membership	Prevotella_copri	Phascolarctobacterium_succinatutens	M_glyglu_e	0.0	0.0	0	0.0
all	western_diet_gut_anoxic_membership	Prevotella_copri	Phascolarctobacterium_succinatutens	M_glymet_e	0.0	0.0	0	0.0
all	western_diet_gut_anoxic_membership	Prevotella_copri	Phascolarctobacterium_succinatutens	M_glyphe_e	0.0	0.0	0	0.0
all	western_diet_gut_anoxic_membership	Prevotella_copri	Phascolarctobacterium_succinatutens	M_glypro_e	0.0	0.0	0	0.0
all	western_diet_gut_anoxic_membership	Prevotella_copri	Phascolarctobacterium_succinatutens	M_glytyr_e	0.0	0.0	0	0.0
all	western_diet_gut_anoxic_membership	Prevotella_copri	Phascolarctobacterium_succinatutens	M_gmfl_e	0.0	0.0	0	0.0
all	western_diet_gut_anoxic_membership	Prevotella_copri	Phascolarctobacterium_succinatutens	M_gmfl_glc_e	0.0	0.0	0	0.0
all	western_diet_gut_anoxic_membership	Prevotella_copri	Phascolarctobacterium_succinatutens	M_gmfl_mIII_e	0.0	0.0	0	0.0
all	western_diet_gut_anoxic_membership	Prevotella_copri	Phascolarctobacterium_succinatutens	M_gmfl_mIII_glc_e	0.0	0.0	0	0.0
all	western_diet_gut_anoxic_membership	Prevotella_copri	Phascolarctobacterium_succinatutens	M_gmfl_mII_e	0.0	0.0	0	0.0
all	western_diet_gut_anoxic_membership	Prevotella_copri	Phascolarctobacterium_succinatutens	M_gmfl_mII_glc_e	0.0	0.0	0	0.0
all	western_diet_gut_anoxic_membership	Prevotella_copri	Phascolarctobacterium_succinatutens	M_gmfl_mI_e	0.0	0.0	0	0.0
all	western_diet_gut_anoxic_membership	Prevotella_copri	Phascolarctobacterium_succinatutens	M_gmfl_mI_glc_e	0.0	0.0	0	0.0
all	western_diet_gut_anoxic_membership	Prevotella_copri	Phascolarctobacterium_succinatutens	M_gsn_e	0.0	0.0	0	0.0
all	western_diet_gut_anoxic_membership	Prevotella_copri	Phascolarctobacterium_succinatutens	M_gtacmp_e	0.0	0.0	0	0.0
all	western_diet_gut_anoxic_membership	Prevotella_copri	Phascolarctobacterium_succinatutens	M_gua_e	0.0	0.01	0	0.0
all	western_diet_gut_anoxic_membership	Prevotella_copri	Phascolarctobacterium_succinatutens	M_h2o_e	0.0	0.32	0	0.0
all	western_diet_gut_anoxic_membership	Prevotella_copri	Phascolarctobacterium_succinatutens	M_h_e	0.0	0.29	0	0.0
all	western_diet_gut_anoxic_membership	Prevotella_copri	Phascolarctobacterium_succinatutens	M_hg2_e	0.0	0.0	0	0.0
all	western_diet_gut_anoxic_membership	Prevotella_copri	Phascolarctobacterium_succinatutens	M_his_L_e	0.0	0.0	0	0.0
all	western_diet_gut_anoxic_membership	Prevotella_copri	Phascolarctobacterium_succinatutens	M_hst_37_diglc_e	0.0	0.0	0	0.0
all	western_diet_gut_anoxic_membership	Prevotella_copri	Phascolarctobacterium_succinatutens	M_hst_3_glc_e	0.0	0.0	0	0.0
all	western_diet_gut_anoxic_membership	Prevotella_copri	Phascolarctobacterium_succinatutens	M_hst_3_s_e	0.0	0.0	0	0.0
all	western_diet_gut_anoxic_membership	Prevotella_copri	Phascolarctobacterium_succinatutens	M_hst_3glc_7s_e	0.0	0.0	0	0.0
all	western_diet_gut_anoxic_membership	Prevotella_copri	Phascolarctobacterium_succinatutens	M_hst_7_glc_e	0.0	0.0	0	0.0
all	western_diet_gut_anoxic_membership	Prevotella_copri	Phascolarctobacterium_succinatutens	M_hst_7_s_e	0.0	0.0	0	0.0
all	western_diet_gut_anoxic_membership	Prevotella_copri	Phascolarctobacterium_succinatutens	M_hst_7glc_3s_e	0.0	0.0	0	0.0
all	western_diet_gut_anoxic_membership	Prevotella_copri	Phascolarctobacterium_succinatutens	M_hst_e	0.0	0.0	0	0.0
all	western_diet_gut_anoxic_membership	Prevotella_copri	Phascolarctobacterium_succinatutens	M_hxan_e	0.0	0.0	0	0.0
all	western_diet_gut_anoxic_membership	Prevotella_copri	Phascolarctobacterium_succinatutens	M_ibup_S_e	0.0	0.0	0	0.0
all	western_diet_gut_anoxic_membership	Prevotella_copri	Phascolarctobacterium_succinatutens	M_ibupgluc_e	0.0	0.0	0	0.0
all	western_diet_gut_anoxic_membership	Prevotella_copri	Phascolarctobacterium_succinatutens	M_ile_L_e	0.0	0.0	0	0.0
all	western_diet_gut_anoxic_membership	Prevotella_copri	Phascolarctobacterium_succinatutens	M_imn_e	0.0	0.0	0	0.0
all	western_diet_gut_anoxic_membership	Prevotella_copri	Phascolarctobacterium_succinatutens	M_imn_glc_e	0.0	0.0	0	0.0
all	western_diet_gut_anoxic_membership	Prevotella_copri	Phascolarctobacterium_succinatutens	M_ins_e	0.0	0.0	0	0.0
all	western_diet_gut_anoxic_membership	Prevotella_copri	Phascolarctobacterium_succinatutens	M_inv_e	0.0	0.0	0	0.0
all	western_diet_gut_anoxic_membership	Prevotella_copri	Phascolarctobacterium_succinatutens	M_inv_m1_e	0.0	0.0	0	0.0
all	western_diet_gut_anoxic_membership	Prevotella_copri	Phascolarctobacterium_succinatutens	M_isosorbide_5mn_e	0.0	0.0	0	0.0
all	western_diet_gut_anoxic_membership	Prevotella_copri	Phascolarctobacterium_succinatutens	M_isosorbide_5mn_glc_e	0.0	0.0	0	0.0
all	western_diet_gut_anoxic_membership	Prevotella_copri	Phascolarctobacterium_succinatutens	M_k_e	0.0	1.0	0	0.0
all	western_diet_gut_anoxic_membership	Prevotella_copri	Phascolarctobacterium_succinatutens	M_kprofen_e	0.0	0.0	0	0.0
all	western_diet_gut_anoxic_membership	Prevotella_copri	Phascolarctobacterium_succinatutens	M_kprofen_glc_e	0.0	0.0	0	0.0
all	western_diet_gut_anoxic_membership	Prevotella_copri	Phascolarctobacterium_succinatutens	M_lac_L_e	0.0	0.0	0	0.0
all	western_diet_gut_anoxic_membership	Prevotella_copri	Phascolarctobacterium_succinatutens	M_lactl_e	0.0	0.0	0	0.0
all	western_diet_gut_anoxic_membership	Prevotella_copri	Phascolarctobacterium_succinatutens	M_lcts_e	0.0	0.0	0	0.0
all	western_diet_gut_anoxic_membership	Prevotella_copri	Phascolarctobacterium_succinatutens	M_leu_L_e	0.0	0.03	0	0.0
all	western_diet_gut_anoxic_membership	Prevotella_copri	Phascolarctobacterium_succinatutens	M_lst4exp_e	0.0	0.0	0	0.0
all	western_diet_gut_anoxic_membership	Prevotella_copri	Phascolarctobacterium_succinatutens	M_lstn1gluc_e	0.0	0.0	0	0.0
all	western_diet_gut_anoxic_membership	Prevotella_copri	Phascolarctobacterium_succinatutens	M_lstn_e	0.0	0.0	0	0.0
all	western_diet_gut_anoxic_membership	Prevotella_copri	Phascolarctobacterium_succinatutens	M_lstnm4_e	0.0	0.0	0	0.0
all	western_diet_gut_anoxic_membership	Prevotella_copri	Phascolarctobacterium_succinatutens	M_lstnm7_e	0.0	0.0	0	0.0
all	western_diet_gut_anoxic_membership	Prevotella_copri	Phascolarctobacterium_succinatutens	M_lys_L_e	0.0	0.0	0	0.0
all	western_diet_gut_anoxic_membership	Prevotella_copri	Phascolarctobacterium_succinatutens	M_malt_e	0.0	0.0	0	0.0
all	western_diet_gut_anoxic_membership	Prevotella_copri	Phascolarctobacterium_succinatutens	M_malthx_e	0.0	0.0	0	0.0
all	western_diet_gut_anoxic_membership	Prevotella_copri	Phascolarctobacterium_succinatutens	M_malttr_e	0.0	0.0	0	0.0
all	western_diet_gut_anoxic_membership	Prevotella_copri	Phascolarctobacterium_succinatutens	M_mantr_e	0.0	0.0	0	0.0
all	western_diet_gut_anoxic_membership	Prevotella_copri	Phascolarctobacterium_succinatutens	M_mdz_e	0.0	0.0	0	0.0
all	western_diet_gut_anoxic_membership	Prevotella_copri	Phascolarctobacterium_succinatutens	M_mdz_glc_e	0.0	0.0	0	0.0
all	western_diet_gut_anoxic_membership	Prevotella_copri	Phascolarctobacterium_succinatutens	M_mdzglc_e	0.0	0.0	0	0.0
all	western_diet_gut_anoxic_membership	Prevotella_copri	Phascolarctobacterium_succinatutens	M_met_D_e	0.0	0.0	0	0.0
all	western_diet_gut_anoxic_membership	Prevotella_copri	Phascolarctobacterium_succinatutens	M_met_L_e	0.0	0.37	0	0.0
all	western_diet_gut_anoxic_membership	Prevotella_copri	Phascolarctobacterium_succinatutens	M_metala_e	0.0	0.0	0	0.0
all	western_diet_gut_anoxic_membership	Prevotella_copri	Phascolarctobacterium_succinatutens	M_mg2_e	0.0	1.0	0	0.0
all	western_diet_gut_anoxic_membership	Prevotella_copri	Phascolarctobacterium_succinatutens	M_miso_e	0.0	0.0	0	0.0
all	western_diet_gut_anoxic_membership	Prevotella_copri	Phascolarctobacterium_succinatutens	M_miso_glc_e	0.0	0.0	0	0.0
all	western_diet_gut_anoxic_membership	Prevotella_copri	Phascolarctobacterium_succinatutens	M_mn2_e	0.0	1.0	0	0.0
all	western_diet_gut_anoxic_membership	Prevotella_copri	Phascolarctobacterium_succinatutens	M_mqn8_e	0.0	0.0	0	0.0
all	western_diet_gut_anoxic_membership	Prevotella_copri	Phascolarctobacterium_succinatutens	M_mrphn_3glc_e	0.0	0.0	0	0.0
all	western_diet_gut_anoxic_membership	Prevotella_copri	Phascolarctobacterium_succinatutens	M_mrphn_6glc_e	0.0	0.0	0	0.0
all	western_diet_gut_anoxic_membership	Prevotella_copri	Phascolarctobacterium_succinatutens	M_mrphn_e	0.0	0.0	0	0.0
all	western_diet_gut_anoxic_membership	Prevotella_copri	Phascolarctobacterium_succinatutens	M_mtz_e	0.0	0.0	0	0.0
all	western_diet_gut_anoxic_membership	Prevotella_copri	Phascolarctobacterium_succinatutens	M_mtz_glc_e	0.0	0.0	0	0.0
all	western_diet_gut_anoxic_membership	Prevotella_copri	Phascolarctobacterium_succinatutens	M_na1_e	0.0	0.0	0	0.0
all	western_diet_gut_anoxic_membership	Prevotella_copri	Phascolarctobacterium_succinatutens	M_nac_e	0.0	0.0	0	0.0
all	western_diet_gut_anoxic_membership	Prevotella_copri	Phascolarctobacterium_succinatutens	M_nchlphncl_e	0.0	0.0	1	0.0
all	western_diet_gut_anoxic_membership	Prevotella_copri	Phascolarctobacterium_succinatutens	M_nh4_e	0.0	0.15	1	0.0
all	western_diet_gut_anoxic_membership	Prevotella_copri	Phascolarctobacterium_succinatutens	M_nsldp_m5_e	0.0	0.0	0	0.0
all	western_diet_gut_anoxic_membership	Prevotella_copri	Phascolarctobacterium_succinatutens	M_nsldp_m5_glc_e	0.0	0.0	0	0.0
all	western_diet_gut_anoxic_membership	Prevotella_copri	Phascolarctobacterium_succinatutens	M_nverp_e	0.0	0.0	0	0.0
all	western_diet_gut_anoxic_membership	Prevotella_copri	Phascolarctobacterium_succinatutens	M_nverp_glc_e	0.0	0.0	0	0.0
all	western_diet_gut_anoxic_membership	Prevotella_copri	Phascolarctobacterium_succinatutens	M_nzp_e	0.0	0.0	1	0.0
all	western_diet_gut_anoxic_membership	Prevotella_copri	Phascolarctobacterium_succinatutens	M_o2_e	0.0	0.0	0	0.0
all	western_diet_gut_anoxic_membership	Prevotella_copri	Phascolarctobacterium_succinatutens	M_ocdca_e	0.0	0.0	0	0.0
all	western_diet_gut_anoxic_membership	Prevotella_copri	Phascolarctobacterium_succinatutens	M_odsm_egltmn_e	0.0	0.0	0	0.0
all	western_diet_gut_anoxic_membership	Prevotella_copri	Phascolarctobacterium_succinatutens	M_odsm_egltmn_glc_e	0.0	0.0	0	0.0
all	western_diet_gut_anoxic_membership	Prevotella_copri	Phascolarctobacterium_succinatutens	M_odsm_gltmn_e	0.0	0.0	0	0.0
all	western_diet_gut_anoxic_membership	Prevotella_copri	Phascolarctobacterium_succinatutens	M_odsm_gltmn_glc_e	0.0	0.0	0	0.0
all	western_diet_gut_anoxic_membership	Prevotella_copri	Phascolarctobacterium_succinatutens	M_oh_etr_e	0.0	0.0	0	0.0
all	western_diet_gut_anoxic_membership	Prevotella_copri	Phascolarctobacterium_succinatutens	M_oh_etr_glc_e	0.0	0.0	0	0.0
all	western_diet_gut_anoxic_membership	Prevotella_copri	Phascolarctobacterium_succinatutens	M_oh_pbl_e	0.0	0.0	0	0.0
all	western_diet_gut_anoxic_membership	Prevotella_copri	Phascolarctobacterium_succinatutens	M_oh_pbl_glc_e	0.0	0.0	0	0.0
all	western_diet_gut_anoxic_membership	Prevotella_copri	Phascolarctobacterium_succinatutens	M_pb_e	0.0	0.0	0	0.0
all	western_diet_gut_anoxic_membership	Prevotella_copri	Phascolarctobacterium_succinatutens	M_pcresol_e	0.0	0.0	0	0.0
all	western_diet_gut_anoxic_membership	Prevotella_copri	Phascolarctobacterium_succinatutens	M_phe_L_e	0.0	0.0	0	0.0
all	western_diet_gut_anoxic_membership	Prevotella_copri	Phascolarctobacterium_succinatutens	M_pheme_e	0.0	1.0	0	0.0
all	western_diet_gut_anoxic_membership	Prevotella_copri	Phascolarctobacterium_succinatutens	M_phppa_e	0.0	0.0	0	0.0
all	western_diet_gut_anoxic_membership	Prevotella_copri	Phascolarctobacterium_succinatutens	M_phppa_glc_e	0.0	0.0	0	0.0
all	western_diet_gut_anoxic_membership	Prevotella_copri	Phascolarctobacterium_succinatutens	M_phtn_glc_e	0.0	0.0	0	0.0
all	western_diet_gut_anoxic_membership	Prevotella_copri	Phascolarctobacterium_succinatutens	M_pi_e	0.0	1.0	0	0.0
all	western_diet_gut_anoxic_membership	Prevotella_copri	Phascolarctobacterium_succinatutens	M_pnto_R_e	0.0	0.0	0	0.0
all	western_diet_gut_anoxic_membership	Prevotella_copri	Phascolarctobacterium_succinatutens	M_ppa_e	0.0	0.0	1	0.0
all	western_diet_gut_anoxic_membership	Prevotella_copri	Phascolarctobacterium_succinatutens	M_ppi_e	0.0	0.0	0	0.0
all	western_diet_gut_anoxic_membership	Prevotella_copri	Phascolarctobacterium_succinatutens	M_pro_L_e	0.0	0.0	0	0.0
all	western_diet_gut_anoxic_membership	Prevotella_copri	Phascolarctobacterium_succinatutens	M_prob_e	0.0	0.0	0	0.0
all	western_diet_gut_anoxic_membership	Prevotella_copri	Phascolarctobacterium_succinatutens	M_prob_glc_e	0.0	0.0	0	0.0
all	western_diet_gut_anoxic_membership	Prevotella_copri	Phascolarctobacterium_succinatutens	M_pront_e	0.0	0.0	0	0.0
all	western_diet_gut_anoxic_membership	Prevotella_copri	Phascolarctobacterium_succinatutens	M_pront_glc_e	0.0	0.0	0	0.0
all	western_diet_gut_anoxic_membership	Prevotella_copri	Phascolarctobacterium_succinatutens	M_propl_e	0.0	0.0	0	0.0
all	western_diet_gut_anoxic_membership	Prevotella_copri	Phascolarctobacterium_succinatutens	M_propl_glc_e	0.0	0.0	0	0.0
all	western_diet_gut_anoxic_membership	Prevotella_copri	Phascolarctobacterium_succinatutens	M_prx_mII_e	0.0	0.0	0	0.0
all	western_diet_gut_anoxic_membership	Prevotella_copri	Phascolarctobacterium_succinatutens	M_prx_mII_glc_e	0.0	0.0	0	0.0
all	western_diet_gut_anoxic_membership	Prevotella_copri	Phascolarctobacterium_succinatutens	M_prx_mI_e	0.0	0.0	0	0.0
all	western_diet_gut_anoxic_membership	Prevotella_copri	Phascolarctobacterium_succinatutens	M_prx_mI_glc_e	0.0	0.0	0	0.0
all	western_diet_gut_anoxic_membership	Prevotella_copri	Phascolarctobacterium_succinatutens	M_ptrc_e	0.0	0.0	0	0.0
all	western_diet_gut_anoxic_membership	Prevotella_copri	Phascolarctobacterium_succinatutens	M_ptvst_e	0.0	0.0	0	0.0
all	western_diet_gut_anoxic_membership	Prevotella_copri	Phascolarctobacterium_succinatutens	M_ptvstgluc_e	0.0	0.0	0	0.0
all	western_diet_gut_anoxic_membership	Prevotella_copri	Phascolarctobacterium_succinatutens	M_pvs_e	0.0	0.0	0	0.0
all	western_diet_gut_anoxic_membership	Prevotella_copri	Phascolarctobacterium_succinatutens	M_pvsgluc_e	0.0	0.0	0	0.0
all	western_diet_gut_anoxic_membership	Prevotella_copri	Phascolarctobacterium_succinatutens	M_pydam_e	0.0	0.0	0	0.0
all	western_diet_gut_anoxic_membership	Prevotella_copri	Phascolarctobacterium_succinatutens	M_pydx_e	0.0	0.0	0	0.0
all	western_diet_gut_anoxic_membership	Prevotella_copri	Phascolarctobacterium_succinatutens	M_pydxn_e	0.0	0.0	0	0.0
all	western_diet_gut_anoxic_membership	Prevotella_copri	Phascolarctobacterium_succinatutens	M_q8_e	0.0	1.0	0	0.0
all	western_diet_gut_anoxic_membership	Prevotella_copri	Phascolarctobacterium_succinatutens	M_r406_e	0.0	0.0	0	0.0
all	western_diet_gut_anoxic_membership	Prevotella_copri	Phascolarctobacterium_succinatutens	M_r406_glc_e	0.0	0.0	0	0.0
all	western_diet_gut_anoxic_membership	Prevotella_copri	Phascolarctobacterium_succinatutens	M_r529_e	0.0	0.0	0	0.0
all	western_diet_gut_anoxic_membership	Prevotella_copri	Phascolarctobacterium_succinatutens	M_r529_glc_e	0.0	0.0	0	0.0
all	western_diet_gut_anoxic_membership	Prevotella_copri	Phascolarctobacterium_succinatutens	M_raffin_e	0.0	0.0	0	0.0
all	western_diet_gut_anoxic_membership	Prevotella_copri	Phascolarctobacterium_succinatutens	M_regfnb_e	0.0	0.0	0	0.0
all	western_diet_gut_anoxic_membership	Prevotella_copri	Phascolarctobacterium_succinatutens	M_regfnb_glc_e	0.0	0.0	0	0.0
all	western_diet_gut_anoxic_membership	Prevotella_copri	Phascolarctobacterium_succinatutens	M_rep_e	0.0	0.0	0	0.0
all	western_diet_gut_anoxic_membership	Prevotella_copri	Phascolarctobacterium_succinatutens	M_rep_glc_e	0.0	0.0	0	0.0
all	western_diet_gut_anoxic_membership	Prevotella_copri	Phascolarctobacterium_succinatutens	M_ribflv_e	0.0	0.0	0	0.0
all	western_diet_gut_anoxic_membership	Prevotella_copri	Phascolarctobacterium_succinatutens	M_rmn_e	0.0	0.11	0	0.0
all	western_diet_gut_anoxic_membership	Prevotella_copri	Phascolarctobacterium_succinatutens	M_rpn_104557_cb_glc_e	0.0	0.0	0	0.0
all	western_diet_gut_anoxic_membership	Prevotella_copri	Phascolarctobacterium_succinatutens	M_rpn_104557_e	0.0	0.0	0	0.0
all	western_diet_gut_anoxic_membership	Prevotella_copri	Phascolarctobacterium_succinatutens	M_rpn_96990_e	0.0	0.0	0	0.0
all	western_diet_gut_anoxic_membership	Prevotella_copri	Phascolarctobacterium_succinatutens	M_rpn_96990_glc_e	0.0	0.0	0	0.0
all	western_diet_gut_anoxic_membership	Prevotella_copri	Phascolarctobacterium_succinatutens	M_rpn_oh_e	0.0	0.0	0	0.0
all	western_diet_gut_anoxic_membership	Prevotella_copri	Phascolarctobacterium_succinatutens	M_rpn_oh_glc_e	0.0	0.0	0	0.0
all	western_diet_gut_anoxic_membership	Prevotella_copri	Phascolarctobacterium_succinatutens	M_rsv_e	0.0	0.0	0	0.0
all	western_diet_gut_anoxic_membership	Prevotella_copri	Phascolarctobacterium_succinatutens	M_rsvgluc_e	0.0	0.0	0	0.0
all	western_diet_gut_anoxic_membership	Prevotella_copri	Phascolarctobacterium_succinatutens	M_salcn_e	0.0	0.0	0	0.0
all	western_diet_gut_anoxic_membership	Prevotella_copri	Phascolarctobacterium_succinatutens	M_sb_611855_e	0.0	0.0	0	0.0
all	western_diet_gut_anoxic_membership	Prevotella_copri	Phascolarctobacterium_succinatutens	M_sb_y_e	0.0	0.0	0	0.0
all	western_diet_gut_anoxic_membership	Prevotella_copri	Phascolarctobacterium_succinatutens	M_sch_488128_e	0.0	0.0	0	0.0
all	western_diet_gut_anoxic_membership	Prevotella_copri	Phascolarctobacterium_succinatutens	M_sch_57871_e	0.0	0.0	0	0.0
all	western_diet_gut_anoxic_membership	Prevotella_copri	Phascolarctobacterium_succinatutens	M_sch_57871_glc_e	0.0	0.0	0	0.0
all	western_diet_gut_anoxic_membership	Prevotella_copri	Phascolarctobacterium_succinatutens	M_ser_L_e	0.0	0.15	0	0.0
all	western_diet_gut_anoxic_membership	Prevotella_copri	Phascolarctobacterium_succinatutens	M_sfnd_1689_e	0.0	0.0	0	0.0
all	western_diet_gut_anoxic_membership	Prevotella_copri	Phascolarctobacterium_succinatutens	M_sfnd_1689_glc_e	0.0	0.0	0	0.0
all	western_diet_gut_anoxic_membership	Prevotella_copri	Phascolarctobacterium_succinatutens	M_sftz_e	0.0	0.0	0	0.0
all	western_diet_gut_anoxic_membership	Prevotella_copri	Phascolarctobacterium_succinatutens	M_sftz_glc_e	0.0	0.0	0	0.0
all	western_diet_gut_anoxic_membership	Prevotella_copri	Phascolarctobacterium_succinatutens	M_simvgluc_e	0.0	0.0	0	0.0
all	western_diet_gut_anoxic_membership	Prevotella_copri	Phascolarctobacterium_succinatutens	M_smap_e	0.0	0.0	0	0.0
all	western_diet_gut_anoxic_membership	Prevotella_copri	Phascolarctobacterium_succinatutens	M_smap_glc_e	0.0	0.0	0	0.0
all	western_diet_gut_anoxic_membership	Prevotella_copri	Phascolarctobacterium_succinatutens	M_smvacid_e	0.0	0.0	0	0.0
all	western_diet_gut_anoxic_membership	Prevotella_copri	Phascolarctobacterium_succinatutens	M_sn38_e	0.0	0.0	0	0.0
all	western_diet_gut_anoxic_membership	Prevotella_copri	Phascolarctobacterium_succinatutens	M_sn38g_e	0.0	0.0	0	0.0
all	western_diet_gut_anoxic_membership	Prevotella_copri	Phascolarctobacterium_succinatutens	M_so4_e	0.0	1.0	0	0.0
all	western_diet_gut_anoxic_membership	Prevotella_copri	Phascolarctobacterium_succinatutens	M_spmd_e	0.0	0.0	0	0.0
all	western_diet_gut_anoxic_membership	Prevotella_copri	Phascolarctobacterium_succinatutens	M_spz_e	0.0	0.0	0	0.0
all	western_diet_gut_anoxic_membership	Prevotella_copri	Phascolarctobacterium_succinatutens	M_spz_glc_e	0.0	0.0	0	0.0
all	western_diet_gut_anoxic_membership	Prevotella_copri	Phascolarctobacterium_succinatutens	M_spz_sfn_e	0.0	0.0	0	0.0
all	western_diet_gut_anoxic_membership	Prevotella_copri	Phascolarctobacterium_succinatutens	M_spz_sfn_glc_e	0.0	0.0	0	0.0
all	western_diet_gut_anoxic_membership	Prevotella_copri	Phascolarctobacterium_succinatutens	M_srv_e	0.0	0.0	0	0.0
all	western_diet_gut_anoxic_membership	Prevotella_copri	Phascolarctobacterium_succinatutens	M_stg_e	0.0	0.0	0	0.0
all	western_diet_gut_anoxic_membership	Prevotella_copri	Phascolarctobacterium_succinatutens	M_stg_m3_e	0.0	0.0	0	0.0
all	western_diet_gut_anoxic_membership	Prevotella_copri	Phascolarctobacterium_succinatutens	M_stg_m4_e	0.0	0.0	0	0.0
all	western_diet_gut_anoxic_membership	Prevotella_copri	Phascolarctobacterium_succinatutens	M_stys_e	0.0	0.0	0	0.0
all	western_diet_gut_anoxic_membership	Prevotella_copri	Phascolarctobacterium_succinatutens	M_succ_e	0.0	0.13	0	0.0
all	western_diet_gut_anoxic_membership	Prevotella_copri	Phascolarctobacterium_succinatutens	M_sucr_e	0.0	0.0	0	0.0
all	western_diet_gut_anoxic_membership	Prevotella_copri	Phascolarctobacterium_succinatutens	M_tat_e	0.0	0.0	0	0.0
all	western_diet_gut_anoxic_membership	Prevotella_copri	Phascolarctobacterium_succinatutens	M_tgz_e	0.0	0.0	0	0.0
all	western_diet_gut_anoxic_membership	Prevotella_copri	Phascolarctobacterium_succinatutens	M_tgz_glc_e	0.0	0.0	0	0.0
all	western_diet_gut_anoxic_membership	Prevotella_copri	Phascolarctobacterium_succinatutens	M_thr_L_e	0.0	0.17	0	0.0
all	western_diet_gut_anoxic_membership	Prevotella_copri	Phascolarctobacterium_succinatutens	M_thsacmp_e	0.0	0.0	0	0.0
all	western_diet_gut_anoxic_membership	Prevotella_copri	Phascolarctobacterium_succinatutens	M_thymd_e	0.0	0.0	0	0.0
all	western_diet_gut_anoxic_membership	Prevotella_copri	Phascolarctobacterium_succinatutens	M_tlf_a_1a_e	0.0	0.0	0	0.0
all	western_diet_gut_anoxic_membership	Prevotella_copri	Phascolarctobacterium_succinatutens	M_tlf_a_1b_e	0.0	0.0	0	0.0
all	western_diet_gut_anoxic_membership	Prevotella_copri	Phascolarctobacterium_succinatutens	M_tlf_a_1x_e	0.0	0.0	0	0.0
all	western_diet_gut_anoxic_membership	Prevotella_copri	Phascolarctobacterium_succinatutens	M_tlf_a_2_e	0.0	0.0	0	0.0
all	western_diet_gut_anoxic_membership	Prevotella_copri	Phascolarctobacterium_succinatutens	M_tlf_a_2a_e	0.0	0.0	0	0.0
all	western_diet_gut_anoxic_membership	Prevotella_copri	Phascolarctobacterium_succinatutens	M_tlf_a_3_e	0.0	0.0	0	0.0
all	western_diet_gut_anoxic_membership	Prevotella_copri	Phascolarctobacterium_succinatutens	M_tlf_a_4_e	0.0	0.0	0	0.0
all	western_diet_gut_anoxic_membership	Prevotella_copri	Phascolarctobacterium_succinatutens	M_tlf_a_e	0.0	0.0	0	0.0
all	western_diet_gut_anoxic_membership	Prevotella_copri	Phascolarctobacterium_succinatutens	M_tlf_a_m1_e	0.0	0.0	0	0.0
all	western_diet_gut_anoxic_membership	Prevotella_copri	Phascolarctobacterium_succinatutens	M_tlf_a_m2_e	0.0	0.0	0	0.0
all	western_diet_gut_anoxic_membership	Prevotella_copri	Phascolarctobacterium_succinatutens	M_tlf_a_m3_e	0.0	0.0	0	0.0
all	western_diet_gut_anoxic_membership	Prevotella_copri	Phascolarctobacterium_succinatutens	M_tlf_a_m4_e	0.0	0.0	0	0.0
all	western_diet_gut_anoxic_membership	Prevotella_copri	Phascolarctobacterium_succinatutens	M_tlf_a_m4a_e	0.0	0.0	0	0.0
all	western_diet_gut_anoxic_membership	Prevotella_copri	Phascolarctobacterium_succinatutens	M_tlf_a_m5_e	0.0	0.0	0	0.0
all	western_diet_gut_anoxic_membership	Prevotella_copri	Phascolarctobacterium_succinatutens	M_tlf_a_m5a_e	0.0	0.0	0	0.0
all	western_diet_gut_anoxic_membership	Prevotella_copri	Phascolarctobacterium_succinatutens	M_tlf_a_m5b_e	0.0	0.0	0	0.0
all	western_diet_gut_anoxic_membership	Prevotella_copri	Phascolarctobacterium_succinatutens	M_tlf_a_m6_e	0.0	0.0	0	0.0
all	western_diet_gut_anoxic_membership	Prevotella_copri	Phascolarctobacterium_succinatutens	M_tlf_a_m9_e	0.0	0.0	0	0.0
all	western_diet_gut_anoxic_membership	Prevotella_copri	Phascolarctobacterium_succinatutens	M_tlms_e	0.0	0.0	0	0.0
all	western_diet_gut_anoxic_membership	Prevotella_copri	Phascolarctobacterium_succinatutens	M_tlms_glc_e	0.0	0.0	0	0.0
all	western_diet_gut_anoxic_membership	Prevotella_copri	Phascolarctobacterium_succinatutens	M_tmacmp_e	0.0	0.0	0	0.0
all	western_diet_gut_anoxic_membership	Prevotella_copri	Phascolarctobacterium_succinatutens	M_tolcp_ac_e	0.0	0.0	0	0.0
all	western_diet_gut_anoxic_membership	Prevotella_copri	Phascolarctobacterium_succinatutens	M_tolcp_ac_glc_e	0.0	0.0	0	0.0
all	western_diet_gut_anoxic_membership	Prevotella_copri	Phascolarctobacterium_succinatutens	M_tolcp_am_e	0.0	0.0	0	0.0
all	western_diet_gut_anoxic_membership	Prevotella_copri	Phascolarctobacterium_succinatutens	M_tolcp_am_glc_e	0.0	0.0	0	0.0
all	western_diet_gut_anoxic_membership	Prevotella_copri	Phascolarctobacterium_succinatutens	M_tolcp_e	0.0	0.0	0	0.0
all	western_diet_gut_anoxic_membership	Prevotella_copri	Phascolarctobacterium_succinatutens	M_tolcp_glc_e	0.0	0.0	0	0.0
all	western_diet_gut_anoxic_membership	Prevotella_copri	Phascolarctobacterium_succinatutens	M_tpno_1glc_4g_e	0.0	0.0	0	0.0
all	western_diet_gut_anoxic_membership	Prevotella_copri	Phascolarctobacterium_succinatutens	M_tpno_4g_e	0.0	0.0	0	0.0
all	western_diet_gut_anoxic_membership	Prevotella_copri	Phascolarctobacterium_succinatutens	M_tpno_4glc_e	0.0	0.0	0	0.0
all	western_diet_gut_anoxic_membership	Prevotella_copri	Phascolarctobacterium_succinatutens	M_tpnoh_e	0.0	0.0	0	0.0
all	western_diet_gut_anoxic_membership	Prevotella_copri	Phascolarctobacterium_succinatutens	M_trp_L_e	0.0	0.0	0	0.0
all	western_diet_gut_anoxic_membership	Prevotella_copri	Phascolarctobacterium_succinatutens	M_tsacmgluc_e	0.0	0.0	0	0.0
all	western_diet_gut_anoxic_membership	Prevotella_copri	Phascolarctobacterium_succinatutens	M_tsul_e	0.0	0.0	0	0.0
all	western_diet_gut_anoxic_membership	Prevotella_copri	Phascolarctobacterium_succinatutens	M_ttdca_e	0.0	0.0	0	0.0
all	western_diet_gut_anoxic_membership	Prevotella_copri	Phascolarctobacterium_succinatutens	M_tyr_L_e	0.0	0.0	0	0.0
all	western_diet_gut_anoxic_membership	Prevotella_copri	Phascolarctobacterium_succinatutens	M_ura_e	0.0	0.0	0	0.0
all	western_diet_gut_anoxic_membership	Prevotella_copri	Phascolarctobacterium_succinatutens	M_uri_e	0.0	0.0	0	0.0
all	western_diet_gut_anoxic_membership	Prevotella_copri	Phascolarctobacterium_succinatutens	M_val_L_e	0.0	0.01	0	0.0
all	western_diet_gut_anoxic_membership	Prevotella_copri	Phascolarctobacterium_succinatutens	M_xan_e	0.0	0.0	0	0.0
all	western_diet_gut_anoxic_membership	Prevotella_copri	Phascolarctobacterium_succinatutens	M_xyl_D_e	0.0	0.12	0	0.0
all	western_diet_gut_anoxic_membership	Prevotella_copri	Phascolarctobacterium_succinatutens	M_zn2_e	0.0	1.0	0	0.0
all	western_diet_gut_anoxic_membership	Prevotella_copri	Acidaminococcus_intestini	M_12ppd_S_e	0.0	0.0	0	0.0
all	western_diet_gut_anoxic_membership	Prevotella_copri	Acidaminococcus_intestini	M_1hibup_S_e	0.0	0.0	0	0.0
all	western_diet_gut_anoxic_membership	Prevotella_copri	Acidaminococcus_intestini	M_1hibupglu_S_e	0.0	0.0	0	0.0
all	western_diet_gut_anoxic_membership	Prevotella_copri	Acidaminococcus_intestini	M_1hmdgluc_e	0.0	0.0	0	0.0
all	western_diet_gut_anoxic_membership	Prevotella_copri	Acidaminococcus_intestini	M_1ohmdz_e	0.0	0.0	0	0.0
all	western_diet_gut_anoxic_membership	Prevotella_copri	Acidaminococcus_intestini	M_26dap_M_e	0.0	0.0	0	0.0
all	western_diet_gut_anoxic_membership	Prevotella_copri	Acidaminococcus_intestini	M_2hatvacid_e	0.0	0.0	0	0.0
all	western_diet_gut_anoxic_membership	Prevotella_copri	Acidaminococcus_intestini	M_2hatvacidgluc_e	0.0	0.0	0	0.0
all	western_diet_gut_anoxic_membership	Prevotella_copri	Acidaminococcus_intestini	M_2hatvlac_e	0.0	0.0	0	0.0
all	western_diet_gut_anoxic_membership	Prevotella_copri	Acidaminococcus_intestini	M_2hatvlacgluc_e	0.0	0.0	0	0.0
all	western_diet_gut_anoxic_membership	Prevotella_copri	Acidaminococcus_intestini	M_2hibup_S_e	0.0	0.0	0	0.0
all	western_diet_gut_anoxic_membership	Prevotella_copri	Acidaminococcus_intestini	M_2hibupglu_S_e	0.0	0.0	0	0.0
all	western_diet_gut_anoxic_membership	Prevotella_copri	Acidaminococcus_intestini	M_2oh_cbz_e	0.0	0.0	0	0.0
all	western_diet_gut_anoxic_membership	Prevotella_copri	Acidaminococcus_intestini	M_2oh_cbz_glc_e	0.0	0.0	0	0.0
all	western_diet_gut_anoxic_membership	Prevotella_copri	Acidaminococcus_intestini	M_2oh_mtz_e	0.0	0.0	0	0.0
all	western_diet_gut_anoxic_membership	Prevotella_copri	Acidaminococcus_intestini	M_2oh_mtz_glc_e	0.0	0.0	0	0.0
all	western_diet_gut_anoxic_membership	Prevotella_copri	Acidaminococcus_intestini	M_3hibup_S_e	0.0	0.0	0	0.0
all	western_diet_gut_anoxic_membership	Prevotella_copri	Acidaminococcus_intestini	M_3hibupglu_S_e	0.0	0.0	0	0.0
all	western_diet_gut_anoxic_membership	Prevotella_copri	Acidaminococcus_intestini	M_3meacmp_e	0.0	0.0	0	0.0
all	western_diet_gut_anoxic_membership	Prevotella_copri	Acidaminococcus_intestini	M_3oh_cbz_e	0.0	0.0	0	0.0
all	western_diet_gut_anoxic_membership	Prevotella_copri	Acidaminococcus_intestini	M_3oh_cbz_glc_e	0.0	0.0	0	0.0
all	western_diet_gut_anoxic_membership	Prevotella_copri	Acidaminococcus_intestini	M_3oh_dlor_e	0.0	0.0	0	0.0
all	western_diet_gut_anoxic_membership	Prevotella_copri	Acidaminococcus_intestini	M_3oh_dlor_glc_e	0.0	0.0	0	0.0
all	western_diet_gut_anoxic_membership	Prevotella_copri	Acidaminococcus_intestini	M_3oh_mdea_e	0.0	0.0	0	0.0
all	western_diet_gut_anoxic_membership	Prevotella_copri	Acidaminococcus_intestini	M_3oh_mdea_glc_e	0.0	0.0	0	0.0
all	western_diet_gut_anoxic_membership	Prevotella_copri	Acidaminococcus_intestini	M_3oh_mxn_e	0.0	0.0	0	0.0
all	western_diet_gut_anoxic_membership	Prevotella_copri	Acidaminococcus_intestini	M_3oh_mxn_glc_e	0.0	0.0	0	0.0
all	western_diet_gut_anoxic_membership	Prevotella_copri	Acidaminococcus_intestini	M_4abz_e	0.0	0.0	0	0.0
all	western_diet_gut_anoxic_membership	Prevotella_copri	Acidaminococcus_intestini	M_4ahmmp_e	0.0	0.0	0	0.0
all	western_diet_gut_anoxic_membership	Prevotella_copri	Acidaminococcus_intestini	M_4dh_tpno_1glc_e	0.0	0.0	0	0.0
all	western_diet_gut_anoxic_membership	Prevotella_copri	Acidaminococcus_intestini	M_4dh_tpno_e	0.0	0.0	0	0.0
all	western_diet_gut_anoxic_membership	Prevotella_copri	Acidaminococcus_intestini	M_4hmdgluc_e	0.0	0.0	0	0.0
all	western_diet_gut_anoxic_membership	Prevotella_copri	Acidaminococcus_intestini	M_4oh_dcf_e	0.0	0.0	0	0.0
all	western_diet_gut_anoxic_membership	Prevotella_copri	Acidaminococcus_intestini	M_4oh_dcf_glc_e	0.0	0.0	0	0.0
all	western_diet_gut_anoxic_membership	Prevotella_copri	Acidaminococcus_intestini	M_4oh_kp_e	0.0	0.0	0	0.0
all	western_diet_gut_anoxic_membership	Prevotella_copri	Acidaminococcus_intestini	M_4oh_kp_glc_e	0.0	0.0	0	0.0
all	western_diet_gut_anoxic_membership	Prevotella_copri	Acidaminococcus_intestini	M_4oh_levole_e	0.0	0.0	0	0.0
all	western_diet_gut_anoxic_membership	Prevotella_copri	Acidaminococcus_intestini	M_4oh_levole_glc_e	0.0	0.0	0	0.0
all	western_diet_gut_anoxic_membership	Prevotella_copri	Acidaminococcus_intestini	M_4oh_meth_e	0.0	0.0	0	0.0
all	western_diet_gut_anoxic_membership	Prevotella_copri	Acidaminococcus_intestini	M_4oh_meth_glc_e	0.0	0.0	0	0.0
all	western_diet_gut_anoxic_membership	Prevotella_copri	Acidaminococcus_intestini	M_4oh_propl_e	0.0	0.0	0	0.0
all	western_diet_gut_anoxic_membership	Prevotella_copri	Acidaminococcus_intestini	M_4oh_propl_glc_e	0.0	0.0	0	0.0
all	western_diet_gut_anoxic_membership	Prevotella_copri	Acidaminococcus_intestini	M_4oh_trz_e	0.0	0.0	0	0.0
all	western_diet_gut_anoxic_membership	Prevotella_copri	Acidaminococcus_intestini	M_4oh_trz_glc_e	0.0	0.0	0	0.0
all	western_diet_gut_anoxic_membership	Prevotella_copri	Acidaminococcus_intestini	M_4oh_vcz_e	0.0	0.0	0	0.0
all	western_diet_gut_anoxic_membership	Prevotella_copri	Acidaminococcus_intestini	M_4oh_vcz_glc_e	0.0	0.0	0	0.0
all	western_diet_gut_anoxic_membership	Prevotella_copri	Acidaminococcus_intestini	M_4ohmdz_e	0.0	0.0	0	0.0
all	western_diet_gut_anoxic_membership	Prevotella_copri	Acidaminococcus_intestini	M_5oh_sulfp_e	0.0	0.0	0	0.0
all	western_diet_gut_anoxic_membership	Prevotella_copri	Acidaminococcus_intestini	M_5oh_sulfp_glc_e	0.0	0.0	0	0.0
all	western_diet_gut_anoxic_membership	Prevotella_copri	Acidaminococcus_intestini	M_5ohfvs_e	0.0	0.0	0	0.0
all	western_diet_gut_anoxic_membership	Prevotella_copri	Acidaminococcus_intestini	M_5ohfvsglu_e	0.0	0.0	0	0.0
all	western_diet_gut_anoxic_membership	Prevotella_copri	Acidaminococcus_intestini	M_6bhglz_e	0.0	0.0	0	0.0
all	western_diet_gut_anoxic_membership	Prevotella_copri	Acidaminococcus_intestini	M_6bhglzglc_e	0.0	0.0	0	0.0
all	western_diet_gut_anoxic_membership	Prevotella_copri	Acidaminococcus_intestini	M_6ohfvs_e	0.0	0.0	0	0.0
all	western_diet_gut_anoxic_membership	Prevotella_copri	Acidaminococcus_intestini	M_6ohfvsglu_e	0.0	0.0	0	0.0
all	western_diet_gut_anoxic_membership	Prevotella_copri	Acidaminococcus_intestini	M_7a_czp_e	0.0	0.0	1	0.0
all	western_diet_gut_anoxic_membership	Prevotella_copri	Acidaminococcus_intestini	M_7bhglz_e	0.0	0.0	0	0.0
all	western_diet_gut_anoxic_membership	Prevotella_copri	Acidaminococcus_intestini	M_7bhglzglc_e	0.0	0.0	0	0.0
all	western_diet_gut_anoxic_membership	Prevotella_copri	Acidaminococcus_intestini	M_7oh_efv_e	0.0	0.0	0	0.0
all	western_diet_gut_anoxic_membership	Prevotella_copri	Acidaminococcus_intestini	M_7oh_efv_glc_e	0.0	0.0	0	0.0
all	western_diet_gut_anoxic_membership	Prevotella_copri	Acidaminococcus_intestini	M_814dioh_efv_e	0.0	0.0	0	0.0
all	western_diet_gut_anoxic_membership	Prevotella_copri	Acidaminococcus_intestini	M_814dioh_efv_glc_e	0.0	0.0	0	0.0
all	western_diet_gut_anoxic_membership	Prevotella_copri	Acidaminococcus_intestini	M_8oh_efv_e	0.0	0.0	0	0.0
all	western_diet_gut_anoxic_membership	Prevotella_copri	Acidaminococcus_intestini	M_8oh_efv_glc_e	0.0	0.0	0	0.0
all	western_diet_gut_anoxic_membership	Prevotella_copri	Acidaminococcus_intestini	M_Cit_Mg_e	0.0	0.0	0	0.0
all	western_diet_gut_anoxic_membership	Prevotella_copri	Acidaminococcus_intestini	M_Lcyst_e	0.0	0.0	0	0.0
all	western_diet_gut_anoxic_membership	Prevotella_copri	Acidaminococcus_intestini	M_N_oh_phtn_e	0.0	0.0	0	0.0
all	western_diet_gut_anoxic_membership	Prevotella_copri	Acidaminococcus_intestini	M_N_oh_phtn_glc_e	0.0	0.0	0	0.0
all	western_diet_gut_anoxic_membership	Prevotella_copri	Acidaminococcus_intestini	M_R_6oh_warf_e	0.0	0.0	0	0.0
all	western_diet_gut_anoxic_membership	Prevotella_copri	Acidaminococcus_intestini	M_R_6oh_warf_glc_e	0.0	0.0	0	0.0
all	western_diet_gut_anoxic_membership	Prevotella_copri	Acidaminococcus_intestini	M_R_7oh_warf_e	0.0	0.0	0	0.0
all	western_diet_gut_anoxic_membership	Prevotella_copri	Acidaminococcus_intestini	M_R_7oh_warf_glc_e	0.0	0.0	0	0.0
all	western_diet_gut_anoxic_membership	Prevotella_copri	Acidaminococcus_intestini	M_R_8oh_warf_e	0.0	0.0	0	0.0
all	western_diet_gut_anoxic_membership	Prevotella_copri	Acidaminococcus_intestini	M_R_8oh_warf_glc_e	0.0	0.0	0	0.0
all	western_diet_gut_anoxic_membership	Prevotella_copri	Acidaminococcus_intestini	M_S_4oh_warf_e	0.0	0.0	0	0.0
all	western_diet_gut_anoxic_membership	Prevotella_copri	Acidaminococcus_intestini	M_S_4oh_warf_glc_e	0.0	0.0	0	0.0
all	western_diet_gut_anoxic_membership	Prevotella_copri	Acidaminococcus_intestini	M_S_6oh_warf_e	0.0	0.0	0	0.0
all	western_diet_gut_anoxic_membership	Prevotella_copri	Acidaminococcus_intestini	M_S_6oh_warf_glc_e	0.0	0.0	0	0.0
all	western_diet_gut_anoxic_membership	Prevotella_copri	Acidaminococcus_intestini	M_ac_amn_b_gly_e	0.0	0.0	0	0.0
all	western_diet_gut_anoxic_membership	Prevotella_copri	Acidaminococcus_intestini	M_ac_amn_b_gly_glc_e	0.0	0.0	0	0.0
all	western_diet_gut_anoxic_membership	Prevotella_copri	Acidaminococcus_intestini	M_ac_e	0.0	0.07	0	0.0
all	western_diet_gut_anoxic_membership	Prevotella_copri	Acidaminococcus_intestini	M_acald_e	0.0	0.0	1	0.0
all	western_diet_gut_anoxic_membership	Prevotella_copri	Acidaminococcus_intestini	M_acmp_e	0.0	0.0	0	0.0
all	western_diet_gut_anoxic_membership	Prevotella_copri	Acidaminococcus_intestini	M_acmp_glc_e	0.0	0.0	0	0.0
all	western_diet_gut_anoxic_membership	Prevotella_copri	Acidaminococcus_intestini	M_acmpglu_e	0.0	0.0	0	0.0
all	western_diet_gut_anoxic_membership	Prevotella_copri	Acidaminococcus_intestini	M_ade_e	0.0	0.0	0	0.0
all	western_diet_gut_anoxic_membership	Prevotella_copri	Acidaminococcus_intestini	M_adn_e	0.0	0.0	0	0.0
all	western_diet_gut_anoxic_membership	Prevotella_copri	Acidaminococcus_intestini	M_adocbl_e	0.0	0.0	0	0.0
all	western_diet_gut_anoxic_membership	Prevotella_copri	Acidaminococcus_intestini	M_ala_L_e	0.0	0.13	0	0.0
all	western_diet_gut_anoxic_membership	Prevotella_copri	Acidaminococcus_intestini	M_alpz_4oh_e	0.0	0.0	0	0.0
all	western_diet_gut_anoxic_membership	Prevotella_copri	Acidaminococcus_intestini	M_alpz_4oh_glc_e	0.0	0.0	0	0.0
all	western_diet_gut_anoxic_membership	Prevotella_copri	Acidaminococcus_intestini	M_alpz_aoh_e	0.0	0.0	0	0.0
all	western_diet_gut_anoxic_membership	Prevotella_copri	Acidaminococcus_intestini	M_alpz_aoh_glc_e	0.0	0.0	0	0.0
all	western_diet_gut_anoxic_membership	Prevotella_copri	Acidaminococcus_intestini	M_am14_e	0.0	0.0	0	0.0
all	western_diet_gut_anoxic_membership	Prevotella_copri	Acidaminococcus_intestini	M_am14_glc_e	0.0	0.0	0	0.0
all	western_diet_gut_anoxic_membership	Prevotella_copri	Acidaminococcus_intestini	M_am1ccs_e	0.0	0.0	0	0.0
all	western_diet_gut_anoxic_membership	Prevotella_copri	Acidaminococcus_intestini	M_am1cglc_e	0.0	0.0	0	0.0
all	western_diet_gut_anoxic_membership	Prevotella_copri	Acidaminococcus_intestini	M_am5_e	0.0	0.0	0	0.0
all	western_diet_gut_anoxic_membership	Prevotella_copri	Acidaminococcus_intestini	M_am5_glc_e	0.0	0.0	0	0.0
all	western_diet_gut_anoxic_membership	Prevotella_copri	Acidaminococcus_intestini	M_am6_e	0.0	0.0	0	0.0
all	western_diet_gut_anoxic_membership	Prevotella_copri	Acidaminococcus_intestini	M_am6_glc_e	0.0	0.0	0	0.0
all	western_diet_gut_anoxic_membership	Prevotella_copri	Acidaminococcus_intestini	M_amio_c_e	0.0	0.0	0	0.0
all	western_diet_gut_anoxic_membership	Prevotella_copri	Acidaminococcus_intestini	M_amio_c_glc_e	0.0	0.0	0	0.0
all	western_diet_gut_anoxic_membership	Prevotella_copri	Acidaminococcus_intestini	M_amio_e	0.0	0.0	0	0.0
all	western_diet_gut_anoxic_membership	Prevotella_copri	Acidaminococcus_intestini	M_amio_glc_e	0.0	0.0	0	0.0
all	western_diet_gut_anoxic_membership	Prevotella_copri	Acidaminococcus_intestini	M_amn_b_gly_e	0.0	0.0	0	0.0
all	western_diet_gut_anoxic_membership	Prevotella_copri	Acidaminococcus_intestini	M_amn_b_gly_glc_e	0.0	0.0	0	0.0
all	western_diet_gut_anoxic_membership	Prevotella_copri	Acidaminococcus_intestini	M_amntd_m6_e	0.0	0.0	0	0.0
all	western_diet_gut_anoxic_membership	Prevotella_copri	Acidaminococcus_intestini	M_amntd_m6_glc_e	0.0	0.0	0	0.0
all	western_diet_gut_anoxic_membership	Prevotella_copri	Acidaminococcus_intestini	M_anzp_e	0.0	0.0	1	0.0
all	western_diet_gut_anoxic_membership	Prevotella_copri	Acidaminococcus_intestini	M_arab_L_e	0.0	0.13	0	0.0
all	western_diet_gut_anoxic_membership	Prevotella_copri	Acidaminococcus_intestini	M_arabttr_e	0.0	0.0	0	0.0
all	western_diet_gut_anoxic_membership	Prevotella_copri	Acidaminococcus_intestini	M_arbt_e	0.0	0.0	0	0.0
all	western_diet_gut_anoxic_membership	Prevotella_copri	Acidaminococcus_intestini	M_arg_L_e	0.0	0.0	0	0.0
all	western_diet_gut_anoxic_membership	Prevotella_copri	Acidaminococcus_intestini	M_arsenb_e	0.0	0.0	0	0.0
all	western_diet_gut_anoxic_membership	Prevotella_copri	Acidaminococcus_intestini	M_asn_L_e	0.0	0.09	0	0.0
all	western_diet_gut_anoxic_membership	Prevotella_copri	Acidaminococcus_intestini	M_asp_L_e	0.0	0.09	0	0.0
all	western_diet_gut_anoxic_membership	Prevotella_copri	Acidaminococcus_intestini	M_atvacid_e	0.0	0.0	0	0.0
all	western_diet_gut_anoxic_membership	Prevotella_copri	Acidaminococcus_intestini	M_atvacylgluc_e	0.0	0.0	0	0.0
all	western_diet_gut_anoxic_membership	Prevotella_copri	Acidaminococcus_intestini	M_atvethgluc_e	0.0	0.0	0	0.0
all	western_diet_gut_anoxic_membership	Prevotella_copri	Acidaminococcus_intestini	M_atvlac_e	0.0	0.0	0	0.0
all	western_diet_gut_anoxic_membership	Prevotella_copri	Acidaminococcus_intestini	M_atvlacgluc_e	0.0	0.0	0	0.0
all	western_diet_gut_anoxic_membership	Prevotella_copri	Acidaminococcus_intestini	M_bhpm_e	0.0	0.0	0	0.0
all	western_diet_gut_anoxic_membership	Prevotella_copri	Acidaminococcus_intestini	M_bhpm_glc_e	0.0	0.0	0	0.0
all	western_diet_gut_anoxic_membership	Prevotella_copri	Acidaminococcus_intestini	M_bilr_355_e	0.0	0.0	0	0.0
all	western_diet_gut_anoxic_membership	Prevotella_copri	Acidaminococcus_intestini	M_bilr_M10_e	0.0	0.0	0	0.0
all	western_diet_gut_anoxic_membership	Prevotella_copri	Acidaminococcus_intestini	M_bilr_M12_e	0.0	0.0	0	0.0
all	western_diet_gut_anoxic_membership	Prevotella_copri	Acidaminococcus_intestini	M_bilr_M14_e	0.0	0.0	0	0.0
all	western_diet_gut_anoxic_membership	Prevotella_copri	Acidaminococcus_intestini	M_bilr_M15_e	0.0	0.0	0	0.0
all	western_diet_gut_anoxic_membership	Prevotella_copri	Acidaminococcus_intestini	M_bilr_M16_e	0.0	0.0	0	0.0
all	western_diet_gut_anoxic_membership	Prevotella_copri	Acidaminococcus_intestini	M_bilr_M7_e	0.0	0.0	0	0.0
all	western_diet_gut_anoxic_membership	Prevotella_copri	Acidaminococcus_intestini	M_brv_e	0.0	0.0	0	0.0
all	western_diet_gut_anoxic_membership	Prevotella_copri	Acidaminococcus_intestini	M_bsn_e	0.0	0.0	0	0.0
all	western_diet_gut_anoxic_membership	Prevotella_copri	Acidaminococcus_intestini	M_bsn_glc_e	0.0	0.0	0	0.0
all	western_diet_gut_anoxic_membership	Prevotella_copri	Acidaminococcus_intestini	M_btn_e	0.0	0.0	0	0.0
all	western_diet_gut_anoxic_membership	Prevotella_copri	Acidaminococcus_intestini	M_but_e	0.0	0.0	1	0.0
all	western_diet_gut_anoxic_membership	Prevotella_copri	Acidaminococcus_intestini	M_butso3_e	0.0	0.0	0	0.0
all	western_diet_gut_anoxic_membership	Prevotella_copri	Acidaminococcus_intestini	M_bvu_e	0.0	0.0	0	0.0
all	western_diet_gut_anoxic_membership	Prevotella_copri	Acidaminococcus_intestini	M_bz_e	0.0	0.0	0	0.0
all	western_diet_gut_anoxic_membership	Prevotella_copri	Acidaminococcus_intestini	M_bz_glc_e	0.0	0.0	0	0.0
all	western_diet_gut_anoxic_membership	Prevotella_copri	Acidaminococcus_intestini	M_ca2_e	0.0	1.0	0	0.0
all	western_diet_gut_anoxic_membership	Prevotella_copri	Acidaminococcus_intestini	M_caribup_s_e	0.0	0.0	0	0.0
all	western_diet_gut_anoxic_membership	Prevotella_copri	Acidaminococcus_intestini	M_caribupglu_S_e	0.0	0.0	0	0.0
all	western_diet_gut_anoxic_membership	Prevotella_copri	Acidaminococcus_intestini	M_cbl1_e	0.0	0.0	0	0.0
all	western_diet_gut_anoxic_membership	Prevotella_copri	Acidaminococcus_intestini	M_cbl2_e	0.0	0.0	0	0.0
all	western_diet_gut_anoxic_membership	Prevotella_copri	Acidaminococcus_intestini	M_cbz_e	0.0	0.0	0	0.0
all	western_diet_gut_anoxic_membership	Prevotella_copri	Acidaminococcus_intestini	M_cbz_glc_e	0.0	0.0	0	0.0
all	western_diet_gut_anoxic_membership	Prevotella_copri	Acidaminococcus_intestini	M_cd2_e	0.0	0.0	0	0.0
all	western_diet_gut_anoxic_membership	Prevotella_copri	Acidaminococcus_intestini	M_cd6168_e	0.0	0.0	0	0.0
all	western_diet_gut_anoxic_membership	Prevotella_copri	Acidaminococcus_intestini	M_cd6168_glc_e	0.0	0.0	0	0.0
all	western_diet_gut_anoxic_membership	Prevotella_copri	Acidaminococcus_intestini	M_cellb_e	0.0	0.0	0	0.0
all	western_diet_gut_anoxic_membership	Prevotella_copri	Acidaminococcus_intestini	M_chlphncl_e	0.0	0.0	1	0.0
all	western_diet_gut_anoxic_membership	Prevotella_copri	Acidaminococcus_intestini	M_chlphncl_glc_e	0.0	0.0	0	0.0
all	western_diet_gut_anoxic_membership	Prevotella_copri	Acidaminococcus_intestini	M_cl_e	0.0	1.0	0	0.0
all	western_diet_gut_anoxic_membership	Prevotella_copri	Acidaminococcus_intestini	M_clcxb_c_e	0.0	0.0	0	0.0
all	western_diet_gut_anoxic_membership	Prevotella_copri	Acidaminococcus_intestini	M_clcxb_c_glc_e	0.0	0.0	0	0.0
all	western_diet_gut_anoxic_membership	Prevotella_copri	Acidaminococcus_intestini	M_clcxb_e	0.0	0.0	0	0.0
all	western_diet_gut_anoxic_membership	Prevotella_copri	Acidaminococcus_intestini	M_clcxb_glc_e	0.0	0.0	0	0.0
all	western_diet_gut_anoxic_membership	Prevotella_copri	Acidaminococcus_intestini	M_clobi_c_e	0.0	0.0	0	0.0
all	western_diet_gut_anoxic_membership	Prevotella_copri	Acidaminococcus_intestini	M_clobi_glc_e	0.0	0.0	0	0.0
all	western_diet_gut_anoxic_membership	Prevotella_copri	Acidaminococcus_intestini	M_co2_e	0.0	0.0	1	0.0
all	western_diet_gut_anoxic_membership	Prevotella_copri	Acidaminococcus_intestini	M_cobalt2_e	0.0	1.0	0	0.0
all	western_diet_gut_anoxic_membership	Prevotella_copri	Acidaminococcus_intestini	M_cro4_e	0.0	0.0	0	0.0
all	western_diet_gut_anoxic_membership	Prevotella_copri	Acidaminococcus_intestini	M_crvsm1_e	0.0	0.0	0	0.0
all	western_diet_gut_anoxic_membership	Prevotella_copri	Acidaminococcus_intestini	M_crvsm23_e	0.0	0.0	0	0.0
all	western_diet_gut_anoxic_membership	Prevotella_copri	Acidaminococcus_intestini	M_ctbt_e	0.0	0.0	0	0.0
all	western_diet_gut_anoxic_membership	Prevotella_copri	Acidaminococcus_intestini	M_cu2_e	0.0	1.0	0	0.0
all	western_diet_gut_anoxic_membership	Prevotella_copri	Acidaminococcus_intestini	M_cvm1gluc_e	0.0	0.0	0	0.0
all	western_diet_gut_anoxic_membership	Prevotella_copri	Acidaminococcus_intestini	M_cvm23gluc_e	0.0	0.0	0	0.0
all	western_diet_gut_anoxic_membership	Prevotella_copri	Acidaminococcus_intestini	M_cys_L_e	0.0	0.63	0	0.0
all	western_diet_gut_anoxic_membership	Prevotella_copri	Acidaminococcus_intestini	M_cytd_e	0.0	0.0	0	0.0
all	western_diet_gut_anoxic_membership	Prevotella_copri	Acidaminococcus_intestini	M_czp_e	0.0	0.0	1	0.0
all	western_diet_gut_anoxic_membership	Prevotella_copri	Acidaminococcus_intestini	M_daa_e	0.0	0.0	0	0.0
all	western_diet_gut_anoxic_membership	Prevotella_copri	Acidaminococcus_intestini	M_daa_glc_e	0.0	0.0	0	0.0
all	western_diet_gut_anoxic_membership	Prevotella_copri	Acidaminococcus_intestini	M_dad_2_e	0.0	0.0	0	0.0
all	western_diet_gut_anoxic_membership	Prevotella_copri	Acidaminococcus_intestini	M_dcf_e	0.0	0.0	0	0.0
all	western_diet_gut_anoxic_membership	Prevotella_copri	Acidaminococcus_intestini	M_dcf_glc_e	0.0	0.0	0	0.0
all	western_diet_gut_anoxic_membership	Prevotella_copri	Acidaminococcus_intestini	M_dcyt_e	0.0	0.0	0	0.0
all	western_diet_gut_anoxic_membership	Prevotella_copri	Acidaminococcus_intestini	M_ddea_e	0.0	0.0	0	0.0
all	western_diet_gut_anoxic_membership	Prevotella_copri	Acidaminococcus_intestini	M_ddea_glc_e	0.0	0.0	0	0.0
all	western_diet_gut_anoxic_membership	Prevotella_copri	Acidaminococcus_intestini	M_des_astzl_e	0.0	0.0	0	0.0
all	western_diet_gut_anoxic_membership	Prevotella_copri	Acidaminococcus_intestini	M_des_astzl_glc_e	0.0	0.0	0	0.0
all	western_diet_gut_anoxic_membership	Prevotella_copri	Acidaminococcus_intestini	M_dfdcytd_e	0.0	0.0	0	0.0
all	western_diet_gut_anoxic_membership	Prevotella_copri	Acidaminococcus_intestini	M_dfduri_e	0.0	0.0	0	0.0
all	western_diet_gut_anoxic_membership	Prevotella_copri	Acidaminococcus_intestini	M_dgsn_e	0.0	0.0	0	0.0
all	western_diet_gut_anoxic_membership	Prevotella_copri	Acidaminococcus_intestini	M_digoxin_e	0.0	0.0	0	0.0
all	western_diet_gut_anoxic_membership	Prevotella_copri	Acidaminococcus_intestini	M_digoxin_glc_e	0.0	0.0	0	0.0
all	western_diet_gut_anoxic_membership	Prevotella_copri	Acidaminococcus_intestini	M_din_e	0.0	0.0	0	0.0
all	western_diet_gut_anoxic_membership	Prevotella_copri	Acidaminococcus_intestini	M_dlb_e	0.0	0.0	0	0.0
all	western_diet_gut_anoxic_membership	Prevotella_copri	Acidaminococcus_intestini	M_dlb_glc_e	0.0	0.0	0	0.0
all	western_diet_gut_anoxic_membership	Prevotella_copri	Acidaminococcus_intestini	M_dnpz_5des_e	0.0	0.0	0	0.0
all	western_diet_gut_anoxic_membership	Prevotella_copri	Acidaminococcus_intestini	M_dnpz_6des_e	0.0	0.0	0	0.0
all	western_diet_gut_anoxic_membership	Prevotella_copri	Acidaminococcus_intestini	M_dnpz_m11_e	0.0	0.0	0	0.0
all	western_diet_gut_anoxic_membership	Prevotella_copri	Acidaminococcus_intestini	M_dnpz_m12_e	0.0	0.0	0	0.0
all	western_diet_gut_anoxic_membership	Prevotella_copri	Acidaminococcus_intestini	M_dnpz_m13_e	0.0	0.0	0	0.0
all	western_diet_gut_anoxic_membership	Prevotella_copri	Acidaminococcus_intestini	M_dnpz_m14_e	0.0	0.0	0	0.0
all	western_diet_gut_anoxic_membership	Prevotella_copri	Acidaminococcus_intestini	M_dnpz_m9_e	0.0	0.0	0	0.0
all	western_diet_gut_anoxic_membership	Prevotella_copri	Acidaminococcus_intestini	M_doh_etr_e	0.0	0.0	0	0.0
all	western_diet_gut_anoxic_membership	Prevotella_copri	Acidaminococcus_intestini	M_doh_etr_glc_e	0.0	0.0	0	0.0
all	western_diet_gut_anoxic_membership	Prevotella_copri	Acidaminococcus_intestini	M_doh_vcz_e	0.0	0.0	0	0.0
all	western_diet_gut_anoxic_membership	Prevotella_copri	Acidaminococcus_intestini	M_doh_vcz_glc_e	0.0	0.0	0	0.0
all	western_diet_gut_anoxic_membership	Prevotella_copri	Acidaminococcus_intestini	M_duri_e	0.0	0.0	0	0.0
all	western_diet_gut_anoxic_membership	Prevotella_copri	Acidaminococcus_intestini	M_dxo_e	0.0	0.0	0	0.0
all	western_diet_gut_anoxic_membership	Prevotella_copri	Acidaminococcus_intestini	M_dxo_glc_e	0.0	0.0	0	0.0
all	western_diet_gut_anoxic_membership	Prevotella_copri	Acidaminococcus_intestini	M_efv_e	0.0	0.0	0	0.0
all	western_diet_gut_anoxic_membership	Prevotella_copri	Acidaminococcus_intestini	M_efv_glc_e	0.0	0.0	0	0.0
all	western_diet_gut_anoxic_membership	Prevotella_copri	Acidaminococcus_intestini	M_eltr_e	0.0	0.0	0	0.0
all	western_diet_gut_anoxic_membership	Prevotella_copri	Acidaminococcus_intestini	M_eltr_glc_e	0.0	0.0	0	0.0
all	western_diet_gut_anoxic_membership	Prevotella_copri	Acidaminococcus_intestini	M_eltr_m3_e	0.0	0.0	0	0.0
all	western_diet_gut_anoxic_membership	Prevotella_copri	Acidaminococcus_intestini	M_eltr_m4_e	0.0	0.0	0	0.0
all	western_diet_gut_anoxic_membership	Prevotella_copri	Acidaminococcus_intestini	M_estradiol_e	0.0	0.0	0	0.0
all	western_diet_gut_anoxic_membership	Prevotella_copri	Acidaminococcus_intestini	M_estradiolglc_e	0.0	0.0	0	0.0
all	western_diet_gut_anoxic_membership	Prevotella_copri	Acidaminococcus_intestini	M_estriol_e	0.0	0.0	0	0.0
all	western_diet_gut_anoxic_membership	Prevotella_copri	Acidaminococcus_intestini	M_estriolglc_e	0.0	0.0	0	0.0
all	western_diet_gut_anoxic_membership	Prevotella_copri	Acidaminococcus_intestini	M_estrone_e	0.0	0.0	0	0.0
all	western_diet_gut_anoxic_membership	Prevotella_copri	Acidaminococcus_intestini	M_estroneglc_e	0.0	0.0	0	0.0
all	western_diet_gut_anoxic_membership	Prevotella_copri	Acidaminococcus_intestini	M_ethso3_e	0.0	0.0	0	0.0
all	western_diet_gut_anoxic_membership	Prevotella_copri	Acidaminococcus_intestini	M_etoh_e	0.0	0.0	1	0.0
all	western_diet_gut_anoxic_membership	Prevotella_copri	Acidaminococcus_intestini	M_eztmb_e	0.0	0.0	0	0.0
all	western_diet_gut_anoxic_membership	Prevotella_copri	Acidaminococcus_intestini	M_eztmb_glc_e	0.0	0.0	0	0.0
all	western_diet_gut_anoxic_membership	Prevotella_copri	Acidaminococcus_intestini	M_fe2_e	0.0	1.0	0	0.0
all	western_diet_gut_anoxic_membership	Prevotella_copri	Acidaminococcus_intestini	M_fe3_e	0.0	1.0	0	0.0
all	western_diet_gut_anoxic_membership	Prevotella_copri	Acidaminococcus_intestini	M_fol_e	0.0	0.0	0	0.0
all	western_diet_gut_anoxic_membership	Prevotella_copri	Acidaminococcus_intestini	M_for_e	0.0	0.01	0	0.0
all	western_diet_gut_anoxic_membership	Prevotella_copri	Acidaminococcus_intestini	M_fru_e	0.0	0.0	0	0.0
all	western_diet_gut_anoxic_membership	Prevotella_copri	Acidaminococcus_intestini	M_fum_e	0.0	0.18	0	0.0
all	western_diet_gut_anoxic_membership	Prevotella_copri	Acidaminococcus_intestini	M_fvs_e	0.0	0.0	0	0.0
all	western_diet_gut_anoxic_membership	Prevotella_copri	Acidaminococcus_intestini	M_fvsgluc_e	0.0	0.0	0	0.0
all	western_diet_gut_anoxic_membership	Prevotella_copri	Acidaminococcus_intestini	M_fvstet_e	0.0	0.0	0	0.0
all	western_diet_gut_anoxic_membership	Prevotella_copri	Acidaminococcus_intestini	M_fvstetglu_e	0.0	0.0	0	0.0
all	western_diet_gut_anoxic_membership	Prevotella_copri	Acidaminococcus_intestini	M_gal_e	0.0	0.0	0	0.0
all	western_diet_gut_anoxic_membership	Prevotella_copri	Acidaminococcus_intestini	M_galt_e	0.0	0.0	0	0.0
all	western_diet_gut_anoxic_membership	Prevotella_copri	Acidaminococcus_intestini	M_galur_e	0.0	0.0	0	0.0
all	western_diet_gut_anoxic_membership	Prevotella_copri	Acidaminococcus_intestini	M_gbbtn_e	0.0	0.0	0	0.0
all	western_diet_gut_anoxic_membership	Prevotella_copri	Acidaminococcus_intestini	M_glc3meacp_e	0.0	0.0	0	0.0
all	western_diet_gut_anoxic_membership	Prevotella_copri	Acidaminococcus_intestini	M_glc_D_e	0.0	0.06	0	0.0
all	western_diet_gut_anoxic_membership	Prevotella_copri	Acidaminococcus_intestini	M_glcur_e	0.0	0.0	0	0.0
all	western_diet_gut_anoxic_membership	Prevotella_copri	Acidaminococcus_intestini	M_gln_L_e	0.0	0.05	0	0.0
all	western_diet_gut_anoxic_membership	Prevotella_copri	Acidaminococcus_intestini	M_gltmn_e	0.0	0.0	0	0.0
all	western_diet_gut_anoxic_membership	Prevotella_copri	Acidaminococcus_intestini	M_gltmn_glc_e	0.0	0.0	0	0.0
all	western_diet_gut_anoxic_membership	Prevotella_copri	Acidaminococcus_intestini	M_glu_L_e	0.0	0.1	0	0.0
all	western_diet_gut_anoxic_membership	Prevotella_copri	Acidaminococcus_intestini	M_glutar_e	0.0	0.0	0	0.0
all	western_diet_gut_anoxic_membership	Prevotella_copri	Acidaminococcus_intestini	M_gly_e	0.0	0.13	0	0.0
all	western_diet_gut_anoxic_membership	Prevotella_copri	Acidaminococcus_intestini	M_glyb_e	0.0	0.0	0	0.0
all	western_diet_gut_anoxic_membership	Prevotella_copri	Acidaminococcus_intestini	M_glyc_e	0.0	0.0	0	0.0
all	western_diet_gut_anoxic_membership	Prevotella_copri	Acidaminococcus_intestini	M_gmfl_e	0.0	0.0	0	0.0
all	western_diet_gut_anoxic_membership	Prevotella_copri	Acidaminococcus_intestini	M_gmfl_glc_e	0.0	0.0	0	0.0
all	western_diet_gut_anoxic_membership	Prevotella_copri	Acidaminococcus_intestini	M_gmfl_mIII_e	0.0	0.0	0	0.0
all	western_diet_gut_anoxic_membership	Prevotella_copri	Acidaminococcus_intestini	M_gmfl_mIII_glc_e	0.0	0.0	0	0.0
all	western_diet_gut_anoxic_membership	Prevotella_copri	Acidaminococcus_intestini	M_gmfl_mII_e	0.0	0.0	0	0.0
all	western_diet_gut_anoxic_membership	Prevotella_copri	Acidaminococcus_intestini	M_gmfl_mII_glc_e	0.0	0.0	0	0.0
all	western_diet_gut_anoxic_membership	Prevotella_copri	Acidaminococcus_intestini	M_gmfl_mI_e	0.0	0.0	0	0.0
all	western_diet_gut_anoxic_membership	Prevotella_copri	Acidaminococcus_intestini	M_gmfl_mI_glc_e	0.0	0.0	0	0.0
all	western_diet_gut_anoxic_membership	Prevotella_copri	Acidaminococcus_intestini	M_gsn_e	0.0	0.0	0	0.0
all	western_diet_gut_anoxic_membership	Prevotella_copri	Acidaminococcus_intestini	M_gtacmp_e	0.0	0.0	0	0.0
all	western_diet_gut_anoxic_membership	Prevotella_copri	Acidaminococcus_intestini	M_gua_e	0.0	0.01	0	0.0
all	western_diet_gut_anoxic_membership	Prevotella_copri	Acidaminococcus_intestini	M_h2o_e	0.0	0.32	0	0.0
all	western_diet_gut_anoxic_membership	Prevotella_copri	Acidaminococcus_intestini	M_h_e	0.0	0.29	0	0.0
all	western_diet_gut_anoxic_membership	Prevotella_copri	Acidaminococcus_intestini	M_hexs_e	0.0	0.0	0	0.0
all	western_diet_gut_anoxic_membership	Prevotella_copri	Acidaminococcus_intestini	M_hg2_e	0.0	0.0	0	0.0
all	western_diet_gut_anoxic_membership	Prevotella_copri	Acidaminococcus_intestini	M_his_L_e	0.0	0.0	0	0.0
all	western_diet_gut_anoxic_membership	Prevotella_copri	Acidaminococcus_intestini	M_hst_37_diglc_e	0.0	0.0	0	0.0
all	western_diet_gut_anoxic_membership	Prevotella_copri	Acidaminococcus_intestini	M_hst_3_glc_e	0.0	0.0	0	0.0
all	western_diet_gut_anoxic_membership	Prevotella_copri	Acidaminococcus_intestini	M_hst_3_s_e	0.0	0.0	0	0.0
all	western_diet_gut_anoxic_membership	Prevotella_copri	Acidaminococcus_intestini	M_hst_3glc_7s_e	0.0	0.0	0	0.0
all	western_diet_gut_anoxic_membership	Prevotella_copri	Acidaminococcus_intestini	M_hst_7_glc_e	0.0	0.0	0	0.0
all	western_diet_gut_anoxic_membership	Prevotella_copri	Acidaminococcus_intestini	M_hst_7_s_e	0.0	0.0	0	0.0
all	western_diet_gut_anoxic_membership	Prevotella_copri	Acidaminococcus_intestini	M_hst_7glc_3s_e	0.0	0.0	0	0.0
all	western_diet_gut_anoxic_membership	Prevotella_copri	Acidaminococcus_intestini	M_hst_e	0.0	0.0	0	0.0
all	western_diet_gut_anoxic_membership	Prevotella_copri	Acidaminococcus_intestini	M_hxan_e	0.0	0.0	0	0.0
all	western_diet_gut_anoxic_membership	Prevotella_copri	Acidaminococcus_intestini	M_ibup_S_e	0.0	0.0	0	0.0
all	western_diet_gut_anoxic_membership	Prevotella_copri	Acidaminococcus_intestini	M_ibupgluc_e	0.0	0.0	0	0.0
all	western_diet_gut_anoxic_membership	Prevotella_copri	Acidaminococcus_intestini	M_ile_L_e	0.0	0.0	0	0.0
all	western_diet_gut_anoxic_membership	Prevotella_copri	Acidaminococcus_intestini	M_imn_e	0.0	0.0	0	0.0
all	western_diet_gut_anoxic_membership	Prevotella_copri	Acidaminococcus_intestini	M_imn_glc_e	0.0	0.0	0	0.0
all	western_diet_gut_anoxic_membership	Prevotella_copri	Acidaminococcus_intestini	M_ins_e	0.0	0.0	0	0.0
all	western_diet_gut_anoxic_membership	Prevotella_copri	Acidaminococcus_intestini	M_inv_e	0.0	0.0	0	0.0
all	western_diet_gut_anoxic_membership	Prevotella_copri	Acidaminococcus_intestini	M_inv_m1_e	0.0	0.0	0	0.0
all	western_diet_gut_anoxic_membership	Prevotella_copri	Acidaminococcus_intestini	M_isetac_e	0.0	0.0	0	0.0
all	western_diet_gut_anoxic_membership	Prevotella_copri	Acidaminococcus_intestini	M_isosorbide_5mn_e	0.0	0.0	0	0.0
all	western_diet_gut_anoxic_membership	Prevotella_copri	Acidaminococcus_intestini	M_isosorbide_5mn_glc_e	0.0	0.0	0	0.0
all	western_diet_gut_anoxic_membership	Prevotella_copri	Acidaminococcus_intestini	M_k_e	0.0	1.0	0	0.0
all	western_diet_gut_anoxic_membership	Prevotella_copri	Acidaminococcus_intestini	M_kprofen_e	0.0	0.0	0	0.0
all	western_diet_gut_anoxic_membership	Prevotella_copri	Acidaminococcus_intestini	M_kprofen_glc_e	0.0	0.0	0	0.0
all	western_diet_gut_anoxic_membership	Prevotella_copri	Acidaminococcus_intestini	M_lac_D_e	0.0	0.0	1	0.0
all	western_diet_gut_anoxic_membership	Prevotella_copri	Acidaminococcus_intestini	M_lac_L_e	0.0	0.0	1	0.0
all	western_diet_gut_anoxic_membership	Prevotella_copri	Acidaminococcus_intestini	M_lactl_e	0.0	0.0	0	0.0
all	western_diet_gut_anoxic_membership	Prevotella_copri	Acidaminococcus_intestini	M_lcts_e	0.0	0.0	0	0.0
all	western_diet_gut_anoxic_membership	Prevotella_copri	Acidaminococcus_intestini	M_leu_L_e	0.0	0.03	0	0.0
all	western_diet_gut_anoxic_membership	Prevotella_copri	Acidaminococcus_intestini	M_lst4exp_e	0.0	0.0	0	0.0
all	western_diet_gut_anoxic_membership	Prevotella_copri	Acidaminococcus_intestini	M_lstn1gluc_e	0.0	0.0	0	0.0
all	western_diet_gut_anoxic_membership	Prevotella_copri	Acidaminococcus_intestini	M_lstn_e	0.0	0.0	0	0.0
all	western_diet_gut_anoxic_membership	Prevotella_copri	Acidaminococcus_intestini	M_lstnm4_e	0.0	0.0	0	0.0
all	western_diet_gut_anoxic_membership	Prevotella_copri	Acidaminococcus_intestini	M_lstnm7_e	0.0	0.0	0	0.0
all	western_diet_gut_anoxic_membership	Prevotella_copri	Acidaminococcus_intestini	M_lys_L_e	0.0	0.0	0	0.0
all	western_diet_gut_anoxic_membership	Prevotella_copri	Acidaminococcus_intestini	M_mal_L_e	0.0	0.0	1	0.0
all	western_diet_gut_anoxic_membership	Prevotella_copri	Acidaminococcus_intestini	M_malt_e	0.0	0.0	0	0.0
all	western_diet_gut_anoxic_membership	Prevotella_copri	Acidaminococcus_intestini	M_mantr_e	0.0	0.0	0	0.0
all	western_diet_gut_anoxic_membership	Prevotella_copri	Acidaminococcus_intestini	M_mdz_e	0.0	0.0	0	0.0
all	western_diet_gut_anoxic_membership	Prevotella_copri	Acidaminococcus_intestini	M_mdz_glc_e	0.0	0.0	0	0.0
all	western_diet_gut_anoxic_membership	Prevotella_copri	Acidaminococcus_intestini	M_mdzglc_e	0.0	0.0	0	0.0
all	western_diet_gut_anoxic_membership	Prevotella_copri	Acidaminococcus_intestini	M_met_D_e	0.0	0.0	0	0.0
all	western_diet_gut_anoxic_membership	Prevotella_copri	Acidaminococcus_intestini	M_met_L_e	0.0	0.37	0	0.0
all	western_diet_gut_anoxic_membership	Prevotella_copri	Acidaminococcus_intestini	M_mg2_e	0.0	1.0	0	0.0
all	western_diet_gut_anoxic_membership	Prevotella_copri	Acidaminococcus_intestini	M_miso_e	0.0	0.0	0	0.0
all	western_diet_gut_anoxic_membership	Prevotella_copri	Acidaminococcus_intestini	M_miso_glc_e	0.0	0.0	0	0.0
all	western_diet_gut_anoxic_membership	Prevotella_copri	Acidaminococcus_intestini	M_mn2_e	0.0	1.0	0	0.0
all	western_diet_gut_anoxic_membership	Prevotella_copri	Acidaminococcus_intestini	M_mops_e	0.0	0.0	0	0.0
all	western_diet_gut_anoxic_membership	Prevotella_copri	Acidaminococcus_intestini	M_mqn8_e	0.0	0.0	0	0.0
all	western_diet_gut_anoxic_membership	Prevotella_copri	Acidaminococcus_intestini	M_mrphn_3glc_e	0.0	0.0	0	0.0
all	western_diet_gut_anoxic_membership	Prevotella_copri	Acidaminococcus_intestini	M_mrphn_6glc_e	0.0	0.0	0	0.0
all	western_diet_gut_anoxic_membership	Prevotella_copri	Acidaminococcus_intestini	M_mrphn_e	0.0	0.0	0	0.0
all	western_diet_gut_anoxic_membership	Prevotella_copri	Acidaminococcus_intestini	M_mso3_e	0.0	0.0	0	0.0
all	western_diet_gut_anoxic_membership	Prevotella_copri	Acidaminococcus_intestini	M_mtz_e	0.0	0.0	0	0.0
all	western_diet_gut_anoxic_membership	Prevotella_copri	Acidaminococcus_intestini	M_mtz_glc_e	0.0	0.0	0	0.0
all	western_diet_gut_anoxic_membership	Prevotella_copri	Acidaminococcus_intestini	M_na1_e	0.0	0.0	0	0.0
all	western_diet_gut_anoxic_membership	Prevotella_copri	Acidaminococcus_intestini	M_nac_e	0.0	0.0	0	0.0
all	western_diet_gut_anoxic_membership	Prevotella_copri	Acidaminococcus_intestini	M_nchlphncl_e	0.0	0.0	1	0.0
all	western_diet_gut_anoxic_membership	Prevotella_copri	Acidaminococcus_intestini	M_nh4_e	0.0	0.15	1	0.0
all	western_diet_gut_anoxic_membership	Prevotella_copri	Acidaminococcus_intestini	M_no3_e	0.0	0.0	0	0.0
all	western_diet_gut_anoxic_membership	Prevotella_copri	Acidaminococcus_intestini	M_nsldp_m5_e	0.0	0.0	0	0.0
all	western_diet_gut_anoxic_membership	Prevotella_copri	Acidaminococcus_intestini	M_nsldp_m5_glc_e	0.0	0.0	0	0.0
all	western_diet_gut_anoxic_membership	Prevotella_copri	Acidaminococcus_intestini	M_nverp_e	0.0	0.0	0	0.0
all	western_diet_gut_anoxic_membership	Prevotella_copri	Acidaminococcus_intestini	M_nverp_glc_e	0.0	0.0	0	0.0
all	western_diet_gut_anoxic_membership	Prevotella_copri	Acidaminococcus_intestini	M_nzp_e	0.0	0.0	1	0.0
all	western_diet_gut_anoxic_membership	Prevotella_copri	Acidaminococcus_intestini	M_o2_e	0.0	0.0	1	0.0
all	western_diet_gut_anoxic_membership	Prevotella_copri	Acidaminococcus_intestini	M_ocdca_e	0.0	0.0	0	0.0
all	western_diet_gut_anoxic_membership	Prevotella_copri	Acidaminococcus_intestini	M_odsm_egltmn_e	0.0	0.0	0	0.0
all	western_diet_gut_anoxic_membership	Prevotella_copri	Acidaminococcus_intestini	M_odsm_egltmn_glc_e	0.0	0.0	0	0.0
all	western_diet_gut_anoxic_membership	Prevotella_copri	Acidaminococcus_intestini	M_odsm_gltmn_e	0.0	0.0	0	0.0
all	western_diet_gut_anoxic_membership	Prevotella_copri	Acidaminococcus_intestini	M_odsm_gltmn_glc_e	0.0	0.0	0	0.0
all	western_diet_gut_anoxic_membership	Prevotella_copri	Acidaminococcus_intestini	M_oh_etr_e	0.0	0.0	0	0.0
all	western_diet_gut_anoxic_membership	Prevotella_copri	Acidaminococcus_intestini	M_oh_etr_glc_e	0.0	0.0	0	0.0
all	western_diet_gut_anoxic_membership	Prevotella_copri	Acidaminococcus_intestini	M_oh_pbl_e	0.0	0.0	0	0.0
all	western_diet_gut_anoxic_membership	Prevotella_copri	Acidaminococcus_intestini	M_oh_pbl_glc_e	0.0	0.0	0	0.0
all	western_diet_gut_anoxic_membership	Prevotella_copri	Acidaminococcus_intestini	M_orot_e	0.0	0.0	0	0.0
all	western_diet_gut_anoxic_membership	Prevotella_copri	Acidaminococcus_intestini	M_pb_e	0.0	0.0	0	0.0
all	western_diet_gut_anoxic_membership	Prevotella_copri	Acidaminococcus_intestini	M_pcresol_e	0.0	0.0	0	0.0
all	western_diet_gut_anoxic_membership	Prevotella_copri	Acidaminococcus_intestini	M_phe_L_e	0.0	0.0	0	0.0
all	western_diet_gut_anoxic_membership	Prevotella_copri	Acidaminococcus_intestini	M_pheme_e	0.0	1.0	0	0.0
all	western_diet_gut_anoxic_membership	Prevotella_copri	Acidaminococcus_intestini	M_phppa_e	0.0	0.0	0	0.0
all	western_diet_gut_anoxic_membership	Prevotella_copri	Acidaminococcus_intestini	M_phppa_glc_e	0.0	0.0	0	0.0
all	western_diet_gut_anoxic_membership	Prevotella_copri	Acidaminococcus_intestini	M_phtn_glc_e	0.0	0.0	0	0.0
all	western_diet_gut_anoxic_membership	Prevotella_copri	Acidaminococcus_intestini	M_pi_e	0.0	1.0	0	0.0
all	western_diet_gut_anoxic_membership	Prevotella_copri	Acidaminococcus_intestini	M_pnto_R_e	0.0	0.0	0	0.0
all	western_diet_gut_anoxic_membership	Prevotella_copri	Acidaminococcus_intestini	M_ppa_e	0.0	0.0	0	0.0
all	western_diet_gut_anoxic_membership	Prevotella_copri	Acidaminococcus_intestini	M_ppi_e	0.0	0.0	0	0.0
all	western_diet_gut_anoxic_membership	Prevotella_copri	Acidaminococcus_intestini	M_pro_L_e	0.0	0.0	0	0.0
all	western_diet_gut_anoxic_membership	Prevotella_copri	Acidaminococcus_intestini	M_prob_e	0.0	0.0	0	0.0
all	western_diet_gut_anoxic_membership	Prevotella_copri	Acidaminococcus_intestini	M_prob_glc_e	0.0	0.0	0	0.0
all	western_diet_gut_anoxic_membership	Prevotella_copri	Acidaminococcus_intestini	M_pront_e	0.0	0.0	0	0.0
all	western_diet_gut_anoxic_membership	Prevotella_copri	Acidaminococcus_intestini	M_pront_glc_e	0.0	0.0	0	0.0
all	western_diet_gut_anoxic_membership	Prevotella_copri	Acidaminococcus_intestini	M_propl_e	0.0	0.0	0	0.0
all	western_diet_gut_anoxic_membership	Prevotella_copri	Acidaminococcus_intestini	M_propl_glc_e	0.0	0.0	0	0.0
all	western_diet_gut_anoxic_membership	Prevotella_copri	Acidaminococcus_intestini	M_prx_mII_e	0.0	0.0	0	0.0
all	western_diet_gut_anoxic_membership	Prevotella_copri	Acidaminococcus_intestini	M_prx_mII_glc_e	0.0	0.0	0	0.0
all	western_diet_gut_anoxic_membership	Prevotella_copri	Acidaminococcus_intestini	M_prx_mI_e	0.0	0.0	0	0.0
all	western_diet_gut_anoxic_membership	Prevotella_copri	Acidaminococcus_intestini	M_prx_mI_glc_e	0.0	0.0	0	0.0
all	western_diet_gut_anoxic_membership	Prevotella_copri	Acidaminococcus_intestini	M_ptrc_e	0.0	0.0	0	0.0
all	western_diet_gut_anoxic_membership	Prevotella_copri	Acidaminococcus_intestini	M_ptvst_e	0.0	0.0	0	0.0
all	western_diet_gut_anoxic_membership	Prevotella_copri	Acidaminococcus_intestini	M_ptvstgluc_e	0.0	0.0	0	0.0
all	western_diet_gut_anoxic_membership	Prevotella_copri	Acidaminococcus_intestini	M_pvs_e	0.0	0.0	0	0.0
all	western_diet_gut_anoxic_membership	Prevotella_copri	Acidaminococcus_intestini	M_pvsgluc_e	0.0	0.0	0	0.0
all	western_diet_gut_anoxic_membership	Prevotella_copri	Acidaminococcus_intestini	M_pydam_e	0.0	0.0	0	0.0
all	western_diet_gut_anoxic_membership	Prevotella_copri	Acidaminococcus_intestini	M_pydx5p_e	0.0	0.0	1	0.0
all	western_diet_gut_anoxic_membership	Prevotella_copri	Acidaminococcus_intestini	M_pydx_e	0.0	0.0	0	0.0
all	western_diet_gut_anoxic_membership	Prevotella_copri	Acidaminococcus_intestini	M_pydxn_e	0.0	0.0	0	0.0
all	western_diet_gut_anoxic_membership	Prevotella_copri	Acidaminococcus_intestini	M_pyr_e	0.0	0.0	1	0.0
all	western_diet_gut_anoxic_membership	Prevotella_copri	Acidaminococcus_intestini	M_q8_e	0.0	1.0	0	0.0
all	western_diet_gut_anoxic_membership	Prevotella_copri	Acidaminococcus_intestini	M_r406_e	0.0	0.0	0	0.0
all	western_diet_gut_anoxic_membership	Prevotella_copri	Acidaminococcus_intestini	M_r406_glc_e	0.0	0.0	0	0.0
all	western_diet_gut_anoxic_membership	Prevotella_copri	Acidaminococcus_intestini	M_r529_e	0.0	0.0	0	0.0
all	western_diet_gut_anoxic_membership	Prevotella_copri	Acidaminococcus_intestini	M_r529_glc_e	0.0	0.0	0	0.0
all	western_diet_gut_anoxic_membership	Prevotella_copri	Acidaminococcus_intestini	M_r788_e	0.0	0.0	0	0.0
all	western_diet_gut_anoxic_membership	Prevotella_copri	Acidaminococcus_intestini	M_raffin_e	0.0	0.0	0	0.0
all	western_diet_gut_anoxic_membership	Prevotella_copri	Acidaminococcus_intestini	M_regfnb_e	0.0	0.0	0	0.0
all	western_diet_gut_anoxic_membership	Prevotella_copri	Acidaminococcus_intestini	M_regfnb_glc_e	0.0	0.0	0	0.0
all	western_diet_gut_anoxic_membership	Prevotella_copri	Acidaminococcus_intestini	M_rep_e	0.0	0.0	0	0.0
all	western_diet_gut_anoxic_membership	Prevotella_copri	Acidaminococcus_intestini	M_rep_glc_e	0.0	0.0	0	0.0
all	western_diet_gut_anoxic_membership	Prevotella_copri	Acidaminococcus_intestini	M_ribflv_e	0.0	0.0	0	0.0
all	western_diet_gut_anoxic_membership	Prevotella_copri	Acidaminococcus_intestini	M_rmn_e	0.0	0.11	0	0.0
all	western_diet_gut_anoxic_membership	Prevotella_copri	Acidaminococcus_intestini	M_rpn_104557_cb_glc_e	0.0	0.0	0	0.0
all	western_diet_gut_anoxic_membership	Prevotella_copri	Acidaminococcus_intestini	M_rpn_104557_e	0.0	0.0	0	0.0
all	western_diet_gut_anoxic_membership	Prevotella_copri	Acidaminococcus_intestini	M_rpn_96990_e	0.0	0.0	0	0.0
all	western_diet_gut_anoxic_membership	Prevotella_copri	Acidaminococcus_intestini	M_rpn_96990_glc_e	0.0	0.0	0	0.0
all	western_diet_gut_anoxic_membership	Prevotella_copri	Acidaminococcus_intestini	M_rpn_oh_e	0.0	0.0	0	0.0
all	western_diet_gut_anoxic_membership	Prevotella_copri	Acidaminococcus_intestini	M_rpn_oh_glc_e	0.0	0.0	0	0.0
all	western_diet_gut_anoxic_membership	Prevotella_copri	Acidaminococcus_intestini	M_rsv_e	0.0	0.0	0	0.0
all	western_diet_gut_anoxic_membership	Prevotella_copri	Acidaminococcus_intestini	M_rsvgluc_e	0.0	0.0	0	0.0
all	western_diet_gut_anoxic_membership	Prevotella_copri	Acidaminococcus_intestini	M_salcn_e	0.0	0.0	0	0.0
all	western_diet_gut_anoxic_membership	Prevotella_copri	Acidaminococcus_intestini	M_sb_611855_e	0.0	0.0	0	0.0
all	western_diet_gut_anoxic_membership	Prevotella_copri	Acidaminococcus_intestini	M_sb_y_e	0.0	0.0	0	0.0
all	western_diet_gut_anoxic_membership	Prevotella_copri	Acidaminococcus_intestini	M_sch_488128_e	0.0	0.0	0	0.0
all	western_diet_gut_anoxic_membership	Prevotella_copri	Acidaminococcus_intestini	M_sch_57871_e	0.0	0.0	0	0.0
all	western_diet_gut_anoxic_membership	Prevotella_copri	Acidaminococcus_intestini	M_sch_57871_glc_e	0.0	0.0	0	0.0
all	western_diet_gut_anoxic_membership	Prevotella_copri	Acidaminococcus_intestini	M_ser_L_e	0.0	0.15	0	0.0
all	western_diet_gut_anoxic_membership	Prevotella_copri	Acidaminococcus_intestini	M_sfnd_1689_e	0.0	0.0	0	0.0
all	western_diet_gut_anoxic_membership	Prevotella_copri	Acidaminococcus_intestini	M_sfnd_1689_glc_e	0.0	0.0	0	0.0
all	western_diet_gut_anoxic_membership	Prevotella_copri	Acidaminococcus_intestini	M_sftz_e	0.0	0.0	0	0.0
all	western_diet_gut_anoxic_membership	Prevotella_copri	Acidaminococcus_intestini	M_sftz_glc_e	0.0	0.0	0	0.0
all	western_diet_gut_anoxic_membership	Prevotella_copri	Acidaminococcus_intestini	M_simvgluc_e	0.0	0.0	0	0.0
all	western_diet_gut_anoxic_membership	Prevotella_copri	Acidaminococcus_intestini	M_smap_e	0.0	0.0	0	0.0
all	western_diet_gut_anoxic_membership	Prevotella_copri	Acidaminococcus_intestini	M_smap_glc_e	0.0	0.0	0	0.0
all	western_diet_gut_anoxic_membership	Prevotella_copri	Acidaminococcus_intestini	M_smvacid_e	0.0	0.0	0	0.0
all	western_diet_gut_anoxic_membership	Prevotella_copri	Acidaminococcus_intestini	M_sn38_e	0.0	0.0	0	0.0
all	western_diet_gut_anoxic_membership	Prevotella_copri	Acidaminococcus_intestini	M_sn38g_e	0.0	0.0	0	0.0
all	western_diet_gut_anoxic_membership	Prevotella_copri	Acidaminococcus_intestini	M_so4_e	0.0	1.0	0	0.0
all	western_diet_gut_anoxic_membership	Prevotella_copri	Acidaminococcus_intestini	M_spmd_e	0.0	0.0	0	0.0
all	western_diet_gut_anoxic_membership	Prevotella_copri	Acidaminococcus_intestini	M_spz_e	0.0	0.0	0	0.0
all	western_diet_gut_anoxic_membership	Prevotella_copri	Acidaminococcus_intestini	M_spz_glc_e	0.0	0.0	0	0.0
all	western_diet_gut_anoxic_membership	Prevotella_copri	Acidaminococcus_intestini	M_spz_sfn_e	0.0	0.0	0	0.0
all	western_diet_gut_anoxic_membership	Prevotella_copri	Acidaminococcus_intestini	M_spz_sfn_glc_e	0.0	0.0	0	0.0
all	western_diet_gut_anoxic_membership	Prevotella_copri	Acidaminococcus_intestini	M_srv_e	0.0	0.0	0	0.0
all	western_diet_gut_anoxic_membership	Prevotella_copri	Acidaminococcus_intestini	M_stg_e	0.0	0.0	0	0.0
all	western_diet_gut_anoxic_membership	Prevotella_copri	Acidaminococcus_intestini	M_stg_m3_e	0.0	0.0	0	0.0
all	western_diet_gut_anoxic_membership	Prevotella_copri	Acidaminococcus_intestini	M_stg_m4_e	0.0	0.0	0	0.0
all	western_diet_gut_anoxic_membership	Prevotella_copri	Acidaminococcus_intestini	M_stys_e	0.0	0.0	0	0.0
all	western_diet_gut_anoxic_membership	Prevotella_copri	Acidaminococcus_intestini	M_succ_e	0.0	0.13	0	0.0
all	western_diet_gut_anoxic_membership	Prevotella_copri	Acidaminococcus_intestini	M_sucr_e	0.0	0.0	0	0.0
all	western_diet_gut_anoxic_membership	Prevotella_copri	Acidaminococcus_intestini	M_sulfac_e	0.0	0.0	0	0.0
all	western_diet_gut_anoxic_membership	Prevotella_copri	Acidaminococcus_intestini	M_tat_e	0.0	0.0	0	0.0
all	western_diet_gut_anoxic_membership	Prevotella_copri	Acidaminococcus_intestini	M_taur_e	0.0	0.0	0	0.0
all	western_diet_gut_anoxic_membership	Prevotella_copri	Acidaminococcus_intestini	M_tgz_e	0.0	0.0	0	0.0
all	western_diet_gut_anoxic_membership	Prevotella_copri	Acidaminococcus_intestini	M_tgz_glc_e	0.0	0.0	0	0.0
all	western_diet_gut_anoxic_membership	Prevotella_copri	Acidaminococcus_intestini	M_thr_L_e	0.0	0.17	0	0.0
all	western_diet_gut_anoxic_membership	Prevotella_copri	Acidaminococcus_intestini	M_thsacmp_e	0.0	0.0	0	0.0
all	western_diet_gut_anoxic_membership	Prevotella_copri	Acidaminococcus_intestini	M_thymd_e	0.0	0.0	0	0.0
all	western_diet_gut_anoxic_membership	Prevotella_copri	Acidaminococcus_intestini	M_tlf_a_1a_e	0.0	0.0	0	0.0
all	western_diet_gut_anoxic_membership	Prevotella_copri	Acidaminococcus_intestini	M_tlf_a_1b_e	0.0	0.0	0	0.0
all	western_diet_gut_anoxic_membership	Prevotella_copri	Acidaminococcus_intestini	M_tlf_a_1x_e	0.0	0.0	0	0.0
all	western_diet_gut_anoxic_membership	Prevotella_copri	Acidaminococcus_intestini	M_tlf_a_2_e	0.0	0.0	0	0.0
all	western_diet_gut_anoxic_membership	Prevotella_copri	Acidaminococcus_intestini	M_tlf_a_2a_e	0.0	0.0	0	0.0
all	western_diet_gut_anoxic_membership	Prevotella_copri	Acidaminococcus_intestini	M_tlf_a_3_e	0.0	0.0	0	0.0
all	western_diet_gut_anoxic_membership	Prevotella_copri	Acidaminococcus_intestini	M_tlf_a_4_e	0.0	0.0	0	0.0
all	western_diet_gut_anoxic_membership	Prevotella_copri	Acidaminococcus_intestini	M_tlf_a_e	0.0	0.0	0	0.0
all	western_diet_gut_anoxic_membership	Prevotella_copri	Acidaminococcus_intestini	M_tlf_a_m1_e	0.0	0.0	0	0.0
all	western_diet_gut_anoxic_membership	Prevotella_copri	Acidaminococcus_intestini	M_tlf_a_m2_e	0.0	0.0	0	0.0
all	western_diet_gut_anoxic_membership	Prevotella_copri	Acidaminococcus_intestini	M_tlf_a_m3_e	0.0	0.0	0	0.0
all	western_diet_gut_anoxic_membership	Prevotella_copri	Acidaminococcus_intestini	M_tlf_a_m4_e	0.0	0.0	0	0.0
all	western_diet_gut_anoxic_membership	Prevotella_copri	Acidaminococcus_intestini	M_tlf_a_m4a_e	0.0	0.0	0	0.0
all	western_diet_gut_anoxic_membership	Prevotella_copri	Acidaminococcus_intestini	M_tlf_a_m5_e	0.0	0.0	0	0.0
all	western_diet_gut_anoxic_membership	Prevotella_copri	Acidaminococcus_intestini	M_tlf_a_m5a_e	0.0	0.0	0	0.0
all	western_diet_gut_anoxic_membership	Prevotella_copri	Acidaminococcus_intestini	M_tlf_a_m5b_e	0.0	0.0	0	0.0
all	western_diet_gut_anoxic_membership	Prevotella_copri	Acidaminococcus_intestini	M_tlf_a_m6_e	0.0	0.0	0	0.0
all	western_diet_gut_anoxic_membership	Prevotella_copri	Acidaminococcus_intestini	M_tlf_a_m9_e	0.0	0.0	0	0.0
all	western_diet_gut_anoxic_membership	Prevotella_copri	Acidaminococcus_intestini	M_tlms_e	0.0	0.0	0	0.0
all	western_diet_gut_anoxic_membership	Prevotella_copri	Acidaminococcus_intestini	M_tlms_glc_e	0.0	0.0	0	0.0
all	western_diet_gut_anoxic_membership	Prevotella_copri	Acidaminococcus_intestini	M_tmacmp_e	0.0	0.0	0	0.0
all	western_diet_gut_anoxic_membership	Prevotella_copri	Acidaminococcus_intestini	M_tolcp_ac_e	0.0	0.0	0	0.0
all	western_diet_gut_anoxic_membership	Prevotella_copri	Acidaminococcus_intestini	M_tolcp_ac_glc_e	0.0	0.0	0	0.0
all	western_diet_gut_anoxic_membership	Prevotella_copri	Acidaminococcus_intestini	M_tolcp_am_e	0.0	0.0	0	0.0
all	western_diet_gut_anoxic_membership	Prevotella_copri	Acidaminococcus_intestini	M_tolcp_am_glc_e	0.0	0.0	0	0.0
all	western_diet_gut_anoxic_membership	Prevotella_copri	Acidaminococcus_intestini	M_tolcp_e	0.0	0.0	0	0.0
all	western_diet_gut_anoxic_membership	Prevotella_copri	Acidaminococcus_intestini	M_tolcp_glc_e	0.0	0.0	0	0.0
all	western_diet_gut_anoxic_membership	Prevotella_copri	Acidaminococcus_intestini	M_tpno_1glc_4g_e	0.0	0.0	0	0.0
all	western_diet_gut_anoxic_membership	Prevotella_copri	Acidaminococcus_intestini	M_tpno_4g_e	0.0	0.0	0	0.0
all	western_diet_gut_anoxic_membership	Prevotella_copri	Acidaminococcus_intestini	M_tpno_4glc_e	0.0	0.0	0	0.0
all	western_diet_gut_anoxic_membership	Prevotella_copri	Acidaminococcus_intestini	M_tpnoh_e	0.0	0.0	0	0.0
all	western_diet_gut_anoxic_membership	Prevotella_copri	Acidaminococcus_intestini	M_trp_L_e	0.0	0.0	0	0.0
all	western_diet_gut_anoxic_membership	Prevotella_copri	Acidaminococcus_intestini	M_tsacmgluc_e	0.0	0.0	0	0.0
all	western_diet_gut_anoxic_membership	Prevotella_copri	Acidaminococcus_intestini	M_tsul_e	0.0	0.0	0	0.0
all	western_diet_gut_anoxic_membership	Prevotella_copri	Acidaminococcus_intestini	M_ttdca_e	0.0	0.0	0	0.0
all	western_diet_gut_anoxic_membership	Prevotella_copri	Acidaminococcus_intestini	M_tyr_L_e	0.0	0.0	0	0.0
all	western_diet_gut_anoxic_membership	Prevotella_copri	Acidaminococcus_intestini	M_ura_e	0.0	0.0	0	0.0
all	western_diet_gut_anoxic_membership	Prevotella_copri	Acidaminococcus_intestini	M_uri_e	0.0	0.0	0	0.0
all	western_diet_gut_anoxic_membership	Prevotella_copri	Acidaminococcus_intestini	M_val_L_e	0.0	0.01	0	0.0
all	western_diet_gut_anoxic_membership	Prevotella_copri	Acidaminococcus_intestini	M_xan_e	0.0	0.0	0	0.0
all	western_diet_gut_anoxic_membership	Prevotella_copri	Acidaminococcus_intestini	M_xyl_D_e	0.0	0.12	0	0.0
all	western_diet_gut_anoxic_membership	Prevotella_copri	Acidaminococcus_intestini	M_zn2_e	0.0	1.0	0	0.0
all	western_diet_gut_anoxic_membership	Prevotella_copri	Bacteroides_vulgatus	M_12ppd_S_e	0.0	0.0	1	0.0
all	western_diet_gut_anoxic_membership	Prevotella_copri	Bacteroides_vulgatus	M_1hibup_S_e	0.0	0.0	0	0.0
all	western_diet_gut_anoxic_membership	Prevotella_copri	Bacteroides_vulgatus	M_1hibupglu_S_e	0.0	0.0	0	0.0
all	western_diet_gut_anoxic_membership	Prevotella_copri	Bacteroides_vulgatus	M_1hmdgluc_e	0.0	0.0	0	0.0
all	western_diet_gut_anoxic_membership	Prevotella_copri	Bacteroides_vulgatus	M_1ohmdz_e	0.0	0.0	0	0.0
all	western_diet_gut_anoxic_membership	Prevotella_copri	Bacteroides_vulgatus	M_26dap_M_e	0.0	0.0	0	0.0
all	western_diet_gut_anoxic_membership	Prevotella_copri	Bacteroides_vulgatus	M_2hatvacid_e	0.0	0.0	0	0.0
all	western_diet_gut_anoxic_membership	Prevotella_copri	Bacteroides_vulgatus	M_2hatvacidgluc_e	0.0	0.0	0	0.0
all	western_diet_gut_anoxic_membership	Prevotella_copri	Bacteroides_vulgatus	M_2hatvlac_e	0.0	0.0	0	0.0
all	western_diet_gut_anoxic_membership	Prevotella_copri	Bacteroides_vulgatus	M_2hatvlacgluc_e	0.0	0.0	0	0.0
all	western_diet_gut_anoxic_membership	Prevotella_copri	Bacteroides_vulgatus	M_2hibup_S_e	0.0	0.0	0	0.0
all	western_diet_gut_anoxic_membership	Prevotella_copri	Bacteroides_vulgatus	M_2hibupglu_S_e	0.0	0.0	0	0.0
all	western_diet_gut_anoxic_membership	Prevotella_copri	Bacteroides_vulgatus	M_2oh_cbz_e	0.0	0.0	0	0.0
all	western_diet_gut_anoxic_membership	Prevotella_copri	Bacteroides_vulgatus	M_2oh_cbz_glc_e	0.0	0.0	0	0.0
all	western_diet_gut_anoxic_membership	Prevotella_copri	Bacteroides_vulgatus	M_2oh_mtz_e	0.0	0.0	0	0.0
all	western_diet_gut_anoxic_membership	Prevotella_copri	Bacteroides_vulgatus	M_2oh_mtz_glc_e	0.0	0.0	0	0.0
all	western_diet_gut_anoxic_membership	Prevotella_copri	Bacteroides_vulgatus	M_3hibup_S_e	0.0	0.0	0	0.0
all	western_diet_gut_anoxic_membership	Prevotella_copri	Bacteroides_vulgatus	M_3hibupglu_S_e	0.0	0.0	0	0.0
all	western_diet_gut_anoxic_membership	Prevotella_copri	Bacteroides_vulgatus	M_3meacmp_e	0.0	0.0	0	0.0
all	western_diet_gut_anoxic_membership	Prevotella_copri	Bacteroides_vulgatus	M_3oh_cbz_e	0.0	0.0	0	0.0
all	western_diet_gut_anoxic_membership	Prevotella_copri	Bacteroides_vulgatus	M_3oh_cbz_glc_e	0.0	0.0	0	0.0
all	western_diet_gut_anoxic_membership	Prevotella_copri	Bacteroides_vulgatus	M_3oh_dlor_e	0.0	0.0	0	0.0
all	western_diet_gut_anoxic_membership	Prevotella_copri	Bacteroides_vulgatus	M_3oh_dlor_glc_e	0.0	0.0	0	0.0
all	western_diet_gut_anoxic_membership	Prevotella_copri	Bacteroides_vulgatus	M_3oh_mdea_e	0.0	0.0	0	0.0
all	western_diet_gut_anoxic_membership	Prevotella_copri	Bacteroides_vulgatus	M_3oh_mdea_glc_e	0.0	0.0	0	0.0
all	western_diet_gut_anoxic_membership	Prevotella_copri	Bacteroides_vulgatus	M_3oh_mxn_e	0.0	0.0	0	0.0
all	western_diet_gut_anoxic_membership	Prevotella_copri	Bacteroides_vulgatus	M_3oh_mxn_glc_e	0.0	0.0	0	0.0
all	western_diet_gut_anoxic_membership	Prevotella_copri	Bacteroides_vulgatus	M_4abut_e	0.0	0.0	1	0.0
all	western_diet_gut_anoxic_membership	Prevotella_copri	Bacteroides_vulgatus	M_4abz_e	0.0	0.0	0	0.0
all	western_diet_gut_anoxic_membership	Prevotella_copri	Bacteroides_vulgatus	M_4dh_tpno_1glc_e	0.0	0.0	0	0.0
all	western_diet_gut_anoxic_membership	Prevotella_copri	Bacteroides_vulgatus	M_4dh_tpno_e	0.0	0.0	0	0.0
all	western_diet_gut_anoxic_membership	Prevotella_copri	Bacteroides_vulgatus	M_4hmdgluc_e	0.0	0.0	0	0.0
all	western_diet_gut_anoxic_membership	Prevotella_copri	Bacteroides_vulgatus	M_4oh_dcf_e	0.0	0.0	0	0.0
all	western_diet_gut_anoxic_membership	Prevotella_copri	Bacteroides_vulgatus	M_4oh_dcf_glc_e	0.0	0.0	0	0.0
all	western_diet_gut_anoxic_membership	Prevotella_copri	Bacteroides_vulgatus	M_4oh_kp_e	0.0	0.0	0	0.0
all	western_diet_gut_anoxic_membership	Prevotella_copri	Bacteroides_vulgatus	M_4oh_kp_glc_e	0.0	0.0	0	0.0
all	western_diet_gut_anoxic_membership	Prevotella_copri	Bacteroides_vulgatus	M_4oh_levole_e	0.0	0.0	0	0.0
all	western_diet_gut_anoxic_membership	Prevotella_copri	Bacteroides_vulgatus	M_4oh_levole_glc_e	0.0	0.0	0	0.0
all	western_diet_gut_anoxic_membership	Prevotella_copri	Bacteroides_vulgatus	M_4oh_meth_e	0.0	0.0	0	0.0
all	western_diet_gut_anoxic_membership	Prevotella_copri	Bacteroides_vulgatus	M_4oh_meth_glc_e	0.0	0.0	0	0.0
all	western_diet_gut_anoxic_membership	Prevotella_copri	Bacteroides_vulgatus	M_4oh_propl_e	0.0	0.0	0	0.0
all	western_diet_gut_anoxic_membership	Prevotella_copri	Bacteroides_vulgatus	M_4oh_propl_glc_e	0.0	0.0	0	0.0
all	western_diet_gut_anoxic_membership	Prevotella_copri	Bacteroides_vulgatus	M_4oh_trz_e	0.0	0.0	0	0.0
all	western_diet_gut_anoxic_membership	Prevotella_copri	Bacteroides_vulgatus	M_4oh_trz_glc_e	0.0	0.0	0	0.0
all	western_diet_gut_anoxic_membership	Prevotella_copri	Bacteroides_vulgatus	M_4oh_vcz_e	0.0	0.0	0	0.0
all	western_diet_gut_anoxic_membership	Prevotella_copri	Bacteroides_vulgatus	M_4oh_vcz_glc_e	0.0	0.0	0	0.0
all	western_diet_gut_anoxic_membership	Prevotella_copri	Bacteroides_vulgatus	M_4ohmdz_e	0.0	0.0	0	0.0
all	western_diet_gut_anoxic_membership	Prevotella_copri	Bacteroides_vulgatus	M_5asa_e	0.0	0.0	0	0.0
all	western_diet_gut_anoxic_membership	Prevotella_copri	Bacteroides_vulgatus	M_5oh_sulfp_e	0.0	0.0	0	0.0
all	western_diet_gut_anoxic_membership	Prevotella_copri	Bacteroides_vulgatus	M_5oh_sulfp_glc_e	0.0	0.0	0	0.0
all	western_diet_gut_anoxic_membership	Prevotella_copri	Bacteroides_vulgatus	M_5ohfvs_e	0.0	0.0	0	0.0
all	western_diet_gut_anoxic_membership	Prevotella_copri	Bacteroides_vulgatus	M_5ohfvsglu_e	0.0	0.0	0	0.0
all	western_diet_gut_anoxic_membership	Prevotella_copri	Bacteroides_vulgatus	M_6bhglz_e	0.0	0.0	0	0.0
all	western_diet_gut_anoxic_membership	Prevotella_copri	Bacteroides_vulgatus	M_6bhglzglc_e	0.0	0.0	0	0.0
all	western_diet_gut_anoxic_membership	Prevotella_copri	Bacteroides_vulgatus	M_6ohfvs_e	0.0	0.0	0	0.0
all	western_diet_gut_anoxic_membership	Prevotella_copri	Bacteroides_vulgatus	M_6ohfvsglu_e	0.0	0.0	0	0.0
all	western_diet_gut_anoxic_membership	Prevotella_copri	Bacteroides_vulgatus	M_7a_czp_e	0.0	0.0	0	0.0
all	western_diet_gut_anoxic_membership	Prevotella_copri	Bacteroides_vulgatus	M_7bhglz_e	0.0	0.0	0	0.0
all	western_diet_gut_anoxic_membership	Prevotella_copri	Bacteroides_vulgatus	M_7bhglzglc_e	0.0	0.0	0	0.0
all	western_diet_gut_anoxic_membership	Prevotella_copri	Bacteroides_vulgatus	M_7dhcdchol_e	0.0	0.0	0	0.0
all	western_diet_gut_anoxic_membership	Prevotella_copri	Bacteroides_vulgatus	M_7ocholate_e	0.0	0.0	0	0.0
all	western_diet_gut_anoxic_membership	Prevotella_copri	Bacteroides_vulgatus	M_7oh_efv_e	0.0	0.0	0	0.0
all	western_diet_gut_anoxic_membership	Prevotella_copri	Bacteroides_vulgatus	M_7oh_efv_glc_e	0.0	0.0	0	0.0
all	western_diet_gut_anoxic_membership	Prevotella_copri	Bacteroides_vulgatus	M_814dioh_efv_e	0.0	0.0	0	0.0
all	western_diet_gut_anoxic_membership	Prevotella_copri	Bacteroides_vulgatus	M_814dioh_efv_glc_e	0.0	0.0	0	0.0
all	western_diet_gut_anoxic_membership	Prevotella_copri	Bacteroides_vulgatus	M_8oh_efv_e	0.0	0.0	0	0.0
all	western_diet_gut_anoxic_membership	Prevotella_copri	Bacteroides_vulgatus	M_8oh_efv_glc_e	0.0	0.0	0	0.0
all	western_diet_gut_anoxic_membership	Prevotella_copri	Bacteroides_vulgatus	M_C02528_e	0.0	0.0	0	0.0
all	western_diet_gut_anoxic_membership	Prevotella_copri	Bacteroides_vulgatus	M_N_oh_phtn_e	0.0	0.0	0	0.0
all	western_diet_gut_anoxic_membership	Prevotella_copri	Bacteroides_vulgatus	M_N_oh_phtn_glc_e	0.0	0.0	0	0.0
all	western_diet_gut_anoxic_membership	Prevotella_copri	Bacteroides_vulgatus	M_R_6oh_warf_e	0.0	0.0	0	0.0
all	western_diet_gut_anoxic_membership	Prevotella_copri	Bacteroides_vulgatus	M_R_6oh_warf_glc_e	0.0	0.0	0	0.0
all	western_diet_gut_anoxic_membership	Prevotella_copri	Bacteroides_vulgatus	M_R_7oh_warf_e	0.0	0.0	0	0.0
all	western_diet_gut_anoxic_membership	Prevotella_copri	Bacteroides_vulgatus	M_R_7oh_warf_glc_e	0.0	0.0	0	0.0
all	western_diet_gut_anoxic_membership	Prevotella_copri	Bacteroides_vulgatus	M_R_8oh_warf_e	0.0	0.0	0	0.0
all	western_diet_gut_anoxic_membership	Prevotella_copri	Bacteroides_vulgatus	M_R_8oh_warf_glc_e	0.0	0.0	0	0.0
all	western_diet_gut_anoxic_membership	Prevotella_copri	Bacteroides_vulgatus	M_S_4oh_warf_e	0.0	0.0	0	0.0
all	western_diet_gut_anoxic_membership	Prevotella_copri	Bacteroides_vulgatus	M_S_4oh_warf_glc_e	0.0	0.0	0	0.0
all	western_diet_gut_anoxic_membership	Prevotella_copri	Bacteroides_vulgatus	M_S_6oh_warf_e	0.0	0.0	0	0.0
all	western_diet_gut_anoxic_membership	Prevotella_copri	Bacteroides_vulgatus	M_S_6oh_warf_glc_e	0.0	0.0	0	0.0
all	western_diet_gut_anoxic_membership	Prevotella_copri	Bacteroides_vulgatus	M_Ser_Thr_e	0.0	0.0	0	0.0
all	western_diet_gut_anoxic_membership	Prevotella_copri	Bacteroides_vulgatus	M_T_antigen_e	0.0	0.0	0	0.0
all	western_diet_gut_anoxic_membership	Prevotella_copri	Bacteroides_vulgatus	M_Tn_antigen_e	0.0	0.0	0	0.0
all	western_diet_gut_anoxic_membership	Prevotella_copri	Bacteroides_vulgatus	M_Tyr_ggn_e	0.0	0.0	0	0.0
all	western_diet_gut_anoxic_membership	Prevotella_copri	Bacteroides_vulgatus	M_abz_ala_b_e	0.0	0.0	0	0.0
all	western_diet_gut_anoxic_membership	Prevotella_copri	Bacteroides_vulgatus	M_ac_amn_b_gly_e	0.0	0.0	0	0.0
all	western_diet_gut_anoxic_membership	Prevotella_copri	Bacteroides_vulgatus	M_ac_amn_b_gly_glc_e	0.0	0.0	0	0.0
all	western_diet_gut_anoxic_membership	Prevotella_copri	Bacteroides_vulgatus	M_ac_e	0.0	0.07	0	0.0
all	western_diet_gut_anoxic_membership	Prevotella_copri	Bacteroides_vulgatus	M_acgal_e	0.0	0.0	0	0.0
all	western_diet_gut_anoxic_membership	Prevotella_copri	Bacteroides_vulgatus	M_acmp_e	0.0	0.0	0	0.0
all	western_diet_gut_anoxic_membership	Prevotella_copri	Bacteroides_vulgatus	M_acmp_glc_e	0.0	0.0	0	0.0
all	western_diet_gut_anoxic_membership	Prevotella_copri	Bacteroides_vulgatus	M_acmpglu_e	0.0	0.0	0	0.0
all	western_diet_gut_anoxic_membership	Prevotella_copri	Bacteroides_vulgatus	M_ade_e	0.0	0.0	0	0.0
all	western_diet_gut_anoxic_membership	Prevotella_copri	Bacteroides_vulgatus	M_adn_e	0.0	0.0	0	0.0
all	western_diet_gut_anoxic_membership	Prevotella_copri	Bacteroides_vulgatus	M_adocbl_e	0.0	0.0	0	0.0
all	western_diet_gut_anoxic_membership	Prevotella_copri	Bacteroides_vulgatus	M_ala_L_e	0.0	0.13	0	0.0
all	western_diet_gut_anoxic_membership	Prevotella_copri	Bacteroides_vulgatus	M_alaasp_e	0.0	0.0	0	0.0
all	western_diet_gut_anoxic_membership	Prevotella_copri	Bacteroides_vulgatus	M_alagln_e	0.0	0.0	0	0.0
all	western_diet_gut_anoxic_membership	Prevotella_copri	Bacteroides_vulgatus	M_alaglu_e	0.0	0.0	0	0.0
all	western_diet_gut_anoxic_membership	Prevotella_copri	Bacteroides_vulgatus	M_alagly_e	0.0	0.0	0	0.0
all	western_diet_gut_anoxic_membership	Prevotella_copri	Bacteroides_vulgatus	M_alahis_e	0.0	0.0	0	0.0
all	western_diet_gut_anoxic_membership	Prevotella_copri	Bacteroides_vulgatus	M_alaleu_e	0.0	0.0	0	0.0
all	western_diet_gut_anoxic_membership	Prevotella_copri	Bacteroides_vulgatus	M_alathr_e	0.0	0.0	0	0.0
all	western_diet_gut_anoxic_membership	Prevotella_copri	Bacteroides_vulgatus	M_alpz_4oh_e	0.0	0.0	0	0.0
all	western_diet_gut_anoxic_membership	Prevotella_copri	Bacteroides_vulgatus	M_alpz_4oh_glc_e	0.0	0.0	0	0.0
all	western_diet_gut_anoxic_membership	Prevotella_copri	Bacteroides_vulgatus	M_alpz_aoh_e	0.0	0.0	0	0.0
all	western_diet_gut_anoxic_membership	Prevotella_copri	Bacteroides_vulgatus	M_alpz_aoh_glc_e	0.0	0.0	0	0.0
all	western_diet_gut_anoxic_membership	Prevotella_copri	Bacteroides_vulgatus	M_am14_e	0.0	0.0	0	0.0
all	western_diet_gut_anoxic_membership	Prevotella_copri	Bacteroides_vulgatus	M_am14_glc_e	0.0	0.0	0	0.0
all	western_diet_gut_anoxic_membership	Prevotella_copri	Bacteroides_vulgatus	M_am1ccs_e	0.0	0.0	0	0.0
all	western_diet_gut_anoxic_membership	Prevotella_copri	Bacteroides_vulgatus	M_am1cglc_e	0.0	0.0	0	0.0
all	western_diet_gut_anoxic_membership	Prevotella_copri	Bacteroides_vulgatus	M_am5_e	0.0	0.0	0	0.0
all	western_diet_gut_anoxic_membership	Prevotella_copri	Bacteroides_vulgatus	M_am5_glc_e	0.0	0.0	0	0.0
all	western_diet_gut_anoxic_membership	Prevotella_copri	Bacteroides_vulgatus	M_am6_e	0.0	0.0	0	0.0
all	western_diet_gut_anoxic_membership	Prevotella_copri	Bacteroides_vulgatus	M_am6_glc_e	0.0	0.0	0	0.0
all	western_diet_gut_anoxic_membership	Prevotella_copri	Bacteroides_vulgatus	M_amio_c_e	0.0	0.0	0	0.0
all	western_diet_gut_anoxic_membership	Prevotella_copri	Bacteroides_vulgatus	M_amio_c_glc_e	0.0	0.0	0	0.0
all	western_diet_gut_anoxic_membership	Prevotella_copri	Bacteroides_vulgatus	M_amio_e	0.0	0.0	0	0.0
all	western_diet_gut_anoxic_membership	Prevotella_copri	Bacteroides_vulgatus	M_amio_glc_e	0.0	0.0	0	0.0
all	western_diet_gut_anoxic_membership	Prevotella_copri	Bacteroides_vulgatus	M_amn_b_gly_e	0.0	0.0	0	0.0
all	western_diet_gut_anoxic_membership	Prevotella_copri	Bacteroides_vulgatus	M_amn_b_gly_glc_e	0.0	0.0	0	0.0
all	western_diet_gut_anoxic_membership	Prevotella_copri	Bacteroides_vulgatus	M_amntd_m6_e	0.0	0.0	0	0.0
all	western_diet_gut_anoxic_membership	Prevotella_copri	Bacteroides_vulgatus	M_amntd_m6_glc_e	0.0	0.0	0	0.0
all	western_diet_gut_anoxic_membership	Prevotella_copri	Bacteroides_vulgatus	M_anzp_e	0.0	0.0	0	0.0
all	western_diet_gut_anoxic_membership	Prevotella_copri	Bacteroides_vulgatus	M_arab_L_e	0.0	0.13	0	0.0
all	western_diet_gut_anoxic_membership	Prevotella_copri	Bacteroides_vulgatus	M_arabttr_e	0.0	0.0	0	0.0
all	western_diet_gut_anoxic_membership	Prevotella_copri	Bacteroides_vulgatus	M_arg_L_e	0.0	0.0	0	0.0
all	western_diet_gut_anoxic_membership	Prevotella_copri	Bacteroides_vulgatus	M_arsenb_e	0.0	0.0	0	0.0
all	western_diet_gut_anoxic_membership	Prevotella_copri	Bacteroides_vulgatus	M_asn_L_e	0.0	0.09	0	0.0
all	western_diet_gut_anoxic_membership	Prevotella_copri	Bacteroides_vulgatus	M_asp_L_e	0.0	0.09	0	0.0
all	western_diet_gut_anoxic_membership	Prevotella_copri	Bacteroides_vulgatus	M_atvacid_e	0.0	0.0	0	0.0
all	western_diet_gut_anoxic_membership	Prevotella_copri	Bacteroides_vulgatus	M_atvacylgluc_e	0.0	0.0	0	0.0
all	western_diet_gut_anoxic_membership	Prevotella_copri	Bacteroides_vulgatus	M_atvethgluc_e	0.0	0.0	0	0.0
all	western_diet_gut_anoxic_membership	Prevotella_copri	Bacteroides_vulgatus	M_atvlac_e	0.0	0.0	0	0.0
all	western_diet_gut_anoxic_membership	Prevotella_copri	Bacteroides_vulgatus	M_atvlacgluc_e	0.0	0.0	0	0.0
all	western_diet_gut_anoxic_membership	Prevotella_copri	Bacteroides_vulgatus	M_bhpm_e	0.0	0.0	0	0.0
all	western_diet_gut_anoxic_membership	Prevotella_copri	Bacteroides_vulgatus	M_bhpm_glc_e	0.0	0.0	0	0.0
all	western_diet_gut_anoxic_membership	Prevotella_copri	Bacteroides_vulgatus	M_bilr_355_e	0.0	0.0	0	0.0
all	western_diet_gut_anoxic_membership	Prevotella_copri	Bacteroides_vulgatus	M_bilr_M10_e	0.0	0.0	0	0.0
all	western_diet_gut_anoxic_membership	Prevotella_copri	Bacteroides_vulgatus	M_bilr_M12_e	0.0	0.0	0	0.0
all	western_diet_gut_anoxic_membership	Prevotella_copri	Bacteroides_vulgatus	M_bilr_M14_e	0.0	0.0	0	0.0
all	western_diet_gut_anoxic_membership	Prevotella_copri	Bacteroides_vulgatus	M_bilr_M15_e	0.0	0.0	0	0.0
all	western_diet_gut_anoxic_membership	Prevotella_copri	Bacteroides_vulgatus	M_bilr_M16_e	0.0	0.0	0	0.0
all	western_diet_gut_anoxic_membership	Prevotella_copri	Bacteroides_vulgatus	M_bilr_M7_e	0.0	0.0	0	0.0
all	western_diet_gut_anoxic_membership	Prevotella_copri	Bacteroides_vulgatus	M_brv_e	0.0	0.0	0	0.0
all	western_diet_gut_anoxic_membership	Prevotella_copri	Bacteroides_vulgatus	M_bsn_e	0.0	0.0	0	0.0
all	western_diet_gut_anoxic_membership	Prevotella_copri	Bacteroides_vulgatus	M_bsn_glc_e	0.0	0.0	0	0.0
all	western_diet_gut_anoxic_membership	Prevotella_copri	Bacteroides_vulgatus	M_btn_e	0.0	0.0	0	0.0
all	western_diet_gut_anoxic_membership	Prevotella_copri	Bacteroides_vulgatus	M_bvu_e	0.0	0.0	0	0.0
all	western_diet_gut_anoxic_membership	Prevotella_copri	Bacteroides_vulgatus	M_bz_e	0.0	0.0	0	0.0
all	western_diet_gut_anoxic_membership	Prevotella_copri	Bacteroides_vulgatus	M_bz_glc_e	0.0	0.0	0	0.0
all	western_diet_gut_anoxic_membership	Prevotella_copri	Bacteroides_vulgatus	M_bzam_e	0.0	0.0	0	0.0
all	western_diet_gut_anoxic_membership	Prevotella_copri	Bacteroides_vulgatus	M_bzd_e	0.0	0.0	0	0.0
all	western_diet_gut_anoxic_membership	Prevotella_copri	Bacteroides_vulgatus	M_ca2_e	0.0	1.0	0	0.0
all	western_diet_gut_anoxic_membership	Prevotella_copri	Bacteroides_vulgatus	M_caribup_s_e	0.0	0.0	0	0.0
all	western_diet_gut_anoxic_membership	Prevotella_copri	Bacteroides_vulgatus	M_caribupglu_S_e	0.0	0.0	0	0.0
all	western_diet_gut_anoxic_membership	Prevotella_copri	Bacteroides_vulgatus	M_cbl1_e	0.0	0.0	0	0.0
all	western_diet_gut_anoxic_membership	Prevotella_copri	Bacteroides_vulgatus	M_cbl2_e	0.0	0.0	0	0.0
all	western_diet_gut_anoxic_membership	Prevotella_copri	Bacteroides_vulgatus	M_cbz_e	0.0	0.0	0	0.0
all	western_diet_gut_anoxic_membership	Prevotella_copri	Bacteroides_vulgatus	M_cbz_glc_e	0.0	0.0	0	0.0
all	western_diet_gut_anoxic_membership	Prevotella_copri	Bacteroides_vulgatus	M_cd2_e	0.0	0.0	0	0.0
all	western_diet_gut_anoxic_membership	Prevotella_copri	Bacteroides_vulgatus	M_cd6168_e	0.0	0.0	0	0.0
all	western_diet_gut_anoxic_membership	Prevotella_copri	Bacteroides_vulgatus	M_cd6168_glc_e	0.0	0.0	0	0.0
all	western_diet_gut_anoxic_membership	Prevotella_copri	Bacteroides_vulgatus	M_cellb_e	0.0	0.0	0	0.0
all	western_diet_gut_anoxic_membership	Prevotella_copri	Bacteroides_vulgatus	M_chlphncl_e	0.0	0.0	0	0.0
all	western_diet_gut_anoxic_membership	Prevotella_copri	Bacteroides_vulgatus	M_chlphncl_glc_e	0.0	0.0	0	0.0
all	western_diet_gut_anoxic_membership	Prevotella_copri	Bacteroides_vulgatus	M_cholate_e	0.0	0.0	0	0.0
all	western_diet_gut_anoxic_membership	Prevotella_copri	Bacteroides_vulgatus	M_cl_e	0.0	1.0	0	0.0
all	western_diet_gut_anoxic_membership	Prevotella_copri	Bacteroides_vulgatus	M_clcxb_c_e	0.0	0.0	0	0.0
all	western_diet_gut_anoxic_membership	Prevotella_copri	Bacteroides_vulgatus	M_clcxb_c_glc_e	0.0	0.0	0	0.0
all	western_diet_gut_anoxic_membership	Prevotella_copri	Bacteroides_vulgatus	M_clcxb_e	0.0	0.0	0	0.0
all	western_diet_gut_anoxic_membership	Prevotella_copri	Bacteroides_vulgatus	M_clcxb_glc_e	0.0	0.0	0	0.0
all	western_diet_gut_anoxic_membership	Prevotella_copri	Bacteroides_vulgatus	M_clobi_c_e	0.0	0.0	0	0.0
all	western_diet_gut_anoxic_membership	Prevotella_copri	Bacteroides_vulgatus	M_clobi_glc_e	0.0	0.0	0	0.0
all	western_diet_gut_anoxic_membership	Prevotella_copri	Bacteroides_vulgatus	M_co2_e	0.0	0.0	1	0.0
all	western_diet_gut_anoxic_membership	Prevotella_copri	Bacteroides_vulgatus	M_cobalt2_e	0.0	1.0	0	0.0
all	western_diet_gut_anoxic_membership	Prevotella_copri	Bacteroides_vulgatus	M_core2_e	0.0	0.0	0	0.0
all	western_diet_gut_anoxic_membership	Prevotella_copri	Bacteroides_vulgatus	M_core3_e	0.0	0.0	0	0.0
all	western_diet_gut_anoxic_membership	Prevotella_copri	Bacteroides_vulgatus	M_core4_e	0.0	0.0	0	0.0
all	western_diet_gut_anoxic_membership	Prevotella_copri	Bacteroides_vulgatus	M_core5_e	0.0	0.0	0	0.0
all	western_diet_gut_anoxic_membership	Prevotella_copri	Bacteroides_vulgatus	M_core6_e	0.0	0.0	0	0.0
all	western_diet_gut_anoxic_membership	Prevotella_copri	Bacteroides_vulgatus	M_core7_e	0.0	0.0	0	0.0
all	western_diet_gut_anoxic_membership	Prevotella_copri	Bacteroides_vulgatus	M_core8_e	0.0	0.0	0	0.0
all	western_diet_gut_anoxic_membership	Prevotella_copri	Bacteroides_vulgatus	M_cro4_e	0.0	0.0	0	0.0
all	western_diet_gut_anoxic_membership	Prevotella_copri	Bacteroides_vulgatus	M_crvsm1_e	0.0	0.0	0	0.0
all	western_diet_gut_anoxic_membership	Prevotella_copri	Bacteroides_vulgatus	M_crvsm23_e	0.0	0.0	0	0.0
all	western_diet_gut_anoxic_membership	Prevotella_copri	Bacteroides_vulgatus	M_ctbt_e	0.0	0.0	0	0.0
all	western_diet_gut_anoxic_membership	Prevotella_copri	Bacteroides_vulgatus	M_cu2_e	0.0	1.0	0	0.0
all	western_diet_gut_anoxic_membership	Prevotella_copri	Bacteroides_vulgatus	M_cvm1gluc_e	0.0	0.0	0	0.0
all	western_diet_gut_anoxic_membership	Prevotella_copri	Bacteroides_vulgatus	M_cvm23gluc_e	0.0	0.0	0	0.0
all	western_diet_gut_anoxic_membership	Prevotella_copri	Bacteroides_vulgatus	M_cys_L_e	0.0	0.63	0	0.0
all	western_diet_gut_anoxic_membership	Prevotella_copri	Bacteroides_vulgatus	M_cytd_e	0.0	0.0	0	0.0
all	western_diet_gut_anoxic_membership	Prevotella_copri	Bacteroides_vulgatus	M_czp_e	0.0	0.0	0	0.0
all	western_diet_gut_anoxic_membership	Prevotella_copri	Bacteroides_vulgatus	M_daa_e	0.0	0.0	0	0.0
all	western_diet_gut_anoxic_membership	Prevotella_copri	Bacteroides_vulgatus	M_daa_glc_e	0.0	0.0	0	0.0
all	western_diet_gut_anoxic_membership	Prevotella_copri	Bacteroides_vulgatus	M_dad_2_e	0.0	0.0	0	0.0
all	western_diet_gut_anoxic_membership	Prevotella_copri	Bacteroides_vulgatus	M_dcf_e	0.0	0.0	0	0.0
all	western_diet_gut_anoxic_membership	Prevotella_copri	Bacteroides_vulgatus	M_dcf_glc_e	0.0	0.0	0	0.0
all	western_diet_gut_anoxic_membership	Prevotella_copri	Bacteroides_vulgatus	M_dchac_e	0.0	0.0	0	0.0
all	western_diet_gut_anoxic_membership	Prevotella_copri	Bacteroides_vulgatus	M_dcyt_e	0.0	0.0	0	0.0
all	western_diet_gut_anoxic_membership	Prevotella_copri	Bacteroides_vulgatus	M_ddea_e	0.0	0.0	0	0.0
all	western_diet_gut_anoxic_membership	Prevotella_copri	Bacteroides_vulgatus	M_ddea_glc_e	0.0	0.0	0	0.0
all	western_diet_gut_anoxic_membership	Prevotella_copri	Bacteroides_vulgatus	M_des_astzl_e	0.0	0.0	0	0.0
all	western_diet_gut_anoxic_membership	Prevotella_copri	Bacteroides_vulgatus	M_des_astzl_glc_e	0.0	0.0	0	0.0
all	western_diet_gut_anoxic_membership	Prevotella_copri	Bacteroides_vulgatus	M_dextrin_e	0.0	0.0	0	0.0
all	western_diet_gut_anoxic_membership	Prevotella_copri	Bacteroides_vulgatus	M_dfdcytd_e	0.0	0.0	0	0.0
all	western_diet_gut_anoxic_membership	Prevotella_copri	Bacteroides_vulgatus	M_dfduri_e	0.0	0.0	0	0.0
all	western_diet_gut_anoxic_membership	Prevotella_copri	Bacteroides_vulgatus	M_dgsn_e	0.0	0.0	0	0.0
all	western_diet_gut_anoxic_membership	Prevotella_copri	Bacteroides_vulgatus	M_digoxin_e	0.0	0.0	0	0.0
all	western_diet_gut_anoxic_membership	Prevotella_copri	Bacteroides_vulgatus	M_digoxin_glc_e	0.0	0.0	0	0.0
all	western_diet_gut_anoxic_membership	Prevotella_copri	Bacteroides_vulgatus	M_din_e	0.0	0.0	0	0.0
all	western_diet_gut_anoxic_membership	Prevotella_copri	Bacteroides_vulgatus	M_dlb_e	0.0	0.0	0	0.0
all	western_diet_gut_anoxic_membership	Prevotella_copri	Bacteroides_vulgatus	M_dlb_glc_e	0.0	0.0	0	0.0
all	western_diet_gut_anoxic_membership	Prevotella_copri	Bacteroides_vulgatus	M_dnpz_5des_e	0.0	0.0	0	0.0
all	western_diet_gut_anoxic_membership	Prevotella_copri	Bacteroides_vulgatus	M_dnpz_6des_e	0.0	0.0	0	0.0
all	western_diet_gut_anoxic_membership	Prevotella_copri	Bacteroides_vulgatus	M_dnpz_m11_e	0.0	0.0	0	0.0
all	western_diet_gut_anoxic_membership	Prevotella_copri	Bacteroides_vulgatus	M_dnpz_m12_e	0.0	0.0	0	0.0
all	western_diet_gut_anoxic_membership	Prevotella_copri	Bacteroides_vulgatus	M_dnpz_m13_e	0.0	0.0	0	0.0
all	western_diet_gut_anoxic_membership	Prevotella_copri	Bacteroides_vulgatus	M_dnpz_m14_e	0.0	0.0	0	0.0
all	western_diet_gut_anoxic_membership	Prevotella_copri	Bacteroides_vulgatus	M_dnpz_m9_e	0.0	0.0	0	0.0
all	western_diet_gut_anoxic_membership	Prevotella_copri	Bacteroides_vulgatus	M_doh_etr_e	0.0	0.0	0	0.0
all	western_diet_gut_anoxic_membership	Prevotella_copri	Bacteroides_vulgatus	M_doh_etr_glc_e	0.0	0.0	0	0.0
all	western_diet_gut_anoxic_membership	Prevotella_copri	Bacteroides_vulgatus	M_doh_vcz_e	0.0	0.0	0	0.0
all	western_diet_gut_anoxic_membership	Prevotella_copri	Bacteroides_vulgatus	M_doh_vcz_glc_e	0.0	0.0	0	0.0
all	western_diet_gut_anoxic_membership	Prevotella_copri	Bacteroides_vulgatus	M_dsT_antigen_e	0.0	0.0	0	0.0
all	western_diet_gut_anoxic_membership	Prevotella_copri	Bacteroides_vulgatus	M_duri_e	0.0	0.0	0	0.0
all	western_diet_gut_anoxic_membership	Prevotella_copri	Bacteroides_vulgatus	M_dxo_e	0.0	0.0	0	0.0
all	western_diet_gut_anoxic_membership	Prevotella_copri	Bacteroides_vulgatus	M_dxo_glc_e	0.0	0.0	0	0.0
all	western_diet_gut_anoxic_membership	Prevotella_copri	Bacteroides_vulgatus	M_efv_e	0.0	0.0	0	0.0
all	western_diet_gut_anoxic_membership	Prevotella_copri	Bacteroides_vulgatus	M_efv_glc_e	0.0	0.0	0	0.0
all	western_diet_gut_anoxic_membership	Prevotella_copri	Bacteroides_vulgatus	M_eltr_e	0.0	0.0	0	0.0
all	western_diet_gut_anoxic_membership	Prevotella_copri	Bacteroides_vulgatus	M_eltr_glc_e	0.0	0.0	0	0.0
all	western_diet_gut_anoxic_membership	Prevotella_copri	Bacteroides_vulgatus	M_eltr_m3_e	0.0	0.0	0	0.0
all	western_diet_gut_anoxic_membership	Prevotella_copri	Bacteroides_vulgatus	M_eltr_m4_e	0.0	0.0	0	0.0
all	western_diet_gut_anoxic_membership	Prevotella_copri	Bacteroides_vulgatus	M_estradiol_e	0.0	0.0	0	0.0
all	western_diet_gut_anoxic_membership	Prevotella_copri	Bacteroides_vulgatus	M_estradiolglc_e	0.0	0.0	0	0.0
all	western_diet_gut_anoxic_membership	Prevotella_copri	Bacteroides_vulgatus	M_estriol_e	0.0	0.0	0	0.0
all	western_diet_gut_anoxic_membership	Prevotella_copri	Bacteroides_vulgatus	M_estriolglc_e	0.0	0.0	0	0.0
all	western_diet_gut_anoxic_membership	Prevotella_copri	Bacteroides_vulgatus	M_estrone_e	0.0	0.0	0	0.0
all	western_diet_gut_anoxic_membership	Prevotella_copri	Bacteroides_vulgatus	M_estroneglc_e	0.0	0.0	0	0.0
all	western_diet_gut_anoxic_membership	Prevotella_copri	Bacteroides_vulgatus	M_eztmb_e	0.0	0.0	0	0.0
all	western_diet_gut_anoxic_membership	Prevotella_copri	Bacteroides_vulgatus	M_eztmb_glc_e	0.0	0.0	0	0.0
all	western_diet_gut_anoxic_membership	Prevotella_copri	Bacteroides_vulgatus	M_f1a_e	0.0	0.0	0	0.0
all	western_diet_gut_anoxic_membership	Prevotella_copri	Bacteroides_vulgatus	M_fe2_e	0.0	1.0	0	0.0
all	western_diet_gut_anoxic_membership	Prevotella_copri	Bacteroides_vulgatus	M_fe3_e	0.0	1.0	0	0.0
all	western_diet_gut_anoxic_membership	Prevotella_copri	Bacteroides_vulgatus	M_fol_e	0.0	0.0	0	0.0
all	western_diet_gut_anoxic_membership	Prevotella_copri	Bacteroides_vulgatus	M_for_e	0.0	0.01	0	0.0
all	western_diet_gut_anoxic_membership	Prevotella_copri	Bacteroides_vulgatus	M_fru_e	0.0	0.0	0	0.0
all	western_diet_gut_anoxic_membership	Prevotella_copri	Bacteroides_vulgatus	M_fum_e	0.0	0.18	0	0.0
all	western_diet_gut_anoxic_membership	Prevotella_copri	Bacteroides_vulgatus	M_fvs_e	0.0	0.0	0	0.0
all	western_diet_gut_anoxic_membership	Prevotella_copri	Bacteroides_vulgatus	M_fvsgluc_e	0.0	0.0	0	0.0
all	western_diet_gut_anoxic_membership	Prevotella_copri	Bacteroides_vulgatus	M_fvstet_e	0.0	0.0	0	0.0
all	western_diet_gut_anoxic_membership	Prevotella_copri	Bacteroides_vulgatus	M_fvstetglu_e	0.0	0.0	0	0.0
all	western_diet_gut_anoxic_membership	Prevotella_copri	Bacteroides_vulgatus	M_gal_e	0.0	0.0	0	0.0
all	western_diet_gut_anoxic_membership	Prevotella_copri	Bacteroides_vulgatus	M_galt_e	0.0	0.0	0	0.0
all	western_diet_gut_anoxic_membership	Prevotella_copri	Bacteroides_vulgatus	M_galur_e	0.0	0.0	0	0.0
all	western_diet_gut_anoxic_membership	Prevotella_copri	Bacteroides_vulgatus	M_gbbtn_e	0.0	0.0	0	0.0
all	western_diet_gut_anoxic_membership	Prevotella_copri	Bacteroides_vulgatus	M_gcald_e	0.0	0.0	1	0.0
all	western_diet_gut_anoxic_membership	Prevotella_copri	Bacteroides_vulgatus	M_glc3meacp_e	0.0	0.0	0	0.0
all	western_diet_gut_anoxic_membership	Prevotella_copri	Bacteroides_vulgatus	M_glc_D_e	0.0	0.06	1	0.0
all	western_diet_gut_anoxic_membership	Prevotella_copri	Bacteroides_vulgatus	M_glcur_e	0.0	0.0	0	0.0
all	western_diet_gut_anoxic_membership	Prevotella_copri	Bacteroides_vulgatus	M_gln_L_e	0.0	0.05	0	0.0
all	western_diet_gut_anoxic_membership	Prevotella_copri	Bacteroides_vulgatus	M_gltmn_e	0.0	0.0	0	0.0
all	western_diet_gut_anoxic_membership	Prevotella_copri	Bacteroides_vulgatus	M_gltmn_glc_e	0.0	0.0	0	0.0
all	western_diet_gut_anoxic_membership	Prevotella_copri	Bacteroides_vulgatus	M_glu_L_e	0.0	0.1	0	0.0
all	western_diet_gut_anoxic_membership	Prevotella_copri	Bacteroides_vulgatus	M_gly_e	0.0	0.13	0	0.0
all	western_diet_gut_anoxic_membership	Prevotella_copri	Bacteroides_vulgatus	M_glyasn_e	0.0	0.0	0	0.0
all	western_diet_gut_anoxic_membership	Prevotella_copri	Bacteroides_vulgatus	M_glyb_e	0.0	0.0	0	0.0
all	western_diet_gut_anoxic_membership	Prevotella_copri	Bacteroides_vulgatus	M_glyc_e	0.0	0.0	0	0.0
all	western_diet_gut_anoxic_membership	Prevotella_copri	Bacteroides_vulgatus	M_glycys_e	0.0	0.0	0	0.0
all	western_diet_gut_anoxic_membership	Prevotella_copri	Bacteroides_vulgatus	M_glygln_e	0.0	0.0	0	0.0
all	western_diet_gut_anoxic_membership	Prevotella_copri	Bacteroides_vulgatus	M_glyglu_e	0.0	0.0	0	0.0
all	western_diet_gut_anoxic_membership	Prevotella_copri	Bacteroides_vulgatus	M_glygn2_e	0.0	0.0	0	0.0
all	western_diet_gut_anoxic_membership	Prevotella_copri	Bacteroides_vulgatus	M_glygn4_e	0.0	0.0	0	0.0
all	western_diet_gut_anoxic_membership	Prevotella_copri	Bacteroides_vulgatus	M_glygn5_e	0.0	0.0	0	0.0
all	western_diet_gut_anoxic_membership	Prevotella_copri	Bacteroides_vulgatus	M_glymet_e	0.0	0.0	0	0.0
all	western_diet_gut_anoxic_membership	Prevotella_copri	Bacteroides_vulgatus	M_glyphe_e	0.0	0.0	0	0.0
all	western_diet_gut_anoxic_membership	Prevotella_copri	Bacteroides_vulgatus	M_glypro_e	0.0	0.0	0	0.0
all	western_diet_gut_anoxic_membership	Prevotella_copri	Bacteroides_vulgatus	M_glytyr_e	0.0	0.0	0	0.0
all	western_diet_gut_anoxic_membership	Prevotella_copri	Bacteroides_vulgatus	M_gmfl_e	0.0	0.0	0	0.0
all	western_diet_gut_anoxic_membership	Prevotella_copri	Bacteroides_vulgatus	M_gmfl_glc_e	0.0	0.0	0	0.0
all	western_diet_gut_anoxic_membership	Prevotella_copri	Bacteroides_vulgatus	M_gmfl_mIII_e	0.0	0.0	0	0.0
all	western_diet_gut_anoxic_membership	Prevotella_copri	Bacteroides_vulgatus	M_gmfl_mIII_glc_e	0.0	0.0	0	0.0
all	western_diet_gut_anoxic_membership	Prevotella_copri	Bacteroides_vulgatus	M_gmfl_mII_e	0.0	0.0	0	0.0
all	western_diet_gut_anoxic_membership	Prevotella_copri	Bacteroides_vulgatus	M_gmfl_mII_glc_e	0.0	0.0	0	0.0
all	western_diet_gut_anoxic_membership	Prevotella_copri	Bacteroides_vulgatus	M_gmfl_mI_e	0.0	0.0	0	0.0
all	western_diet_gut_anoxic_membership	Prevotella_copri	Bacteroides_vulgatus	M_gmfl_mI_glc_e	0.0	0.0	0	0.0
all	western_diet_gut_anoxic_membership	Prevotella_copri	Bacteroides_vulgatus	M_gncore1_e	0.0	0.0	0	0.0
all	western_diet_gut_anoxic_membership	Prevotella_copri	Bacteroides_vulgatus	M_gncore2_e	0.0	0.0	0	0.0
all	western_diet_gut_anoxic_membership	Prevotella_copri	Bacteroides_vulgatus	M_gsn_e	0.0	0.0	0	0.0
all	western_diet_gut_anoxic_membership	Prevotella_copri	Bacteroides_vulgatus	M_gtacmp_e	0.0	0.0	0	0.0
all	western_diet_gut_anoxic_membership	Prevotella_copri	Bacteroides_vulgatus	M_gua_e	0.0	0.01	0	0.0
all	western_diet_gut_anoxic_membership	Prevotella_copri	Bacteroides_vulgatus	M_h2o_e	0.0	0.32	0	0.0
all	western_diet_gut_anoxic_membership	Prevotella_copri	Bacteroides_vulgatus	M_h_e	0.0	0.29	0	0.0
all	western_diet_gut_anoxic_membership	Prevotella_copri	Bacteroides_vulgatus	M_hg2_e	0.0	0.0	0	0.0
all	western_diet_gut_anoxic_membership	Prevotella_copri	Bacteroides_vulgatus	M_his_L_e	0.0	0.0	0	0.0
all	western_diet_gut_anoxic_membership	Prevotella_copri	Bacteroides_vulgatus	M_hst_37_diglc_e	0.0	0.0	0	0.0
all	western_diet_gut_anoxic_membership	Prevotella_copri	Bacteroides_vulgatus	M_hst_3_glc_e	0.0	0.0	0	0.0
all	western_diet_gut_anoxic_membership	Prevotella_copri	Bacteroides_vulgatus	M_hst_3_s_e	0.0	0.0	0	0.0
all	western_diet_gut_anoxic_membership	Prevotella_copri	Bacteroides_vulgatus	M_hst_3glc_7s_e	0.0	0.0	0	0.0
all	western_diet_gut_anoxic_membership	Prevotella_copri	Bacteroides_vulgatus	M_hst_7_glc_e	0.0	0.0	0	0.0
all	western_diet_gut_anoxic_membership	Prevotella_copri	Bacteroides_vulgatus	M_hst_7_s_e	0.0	0.0	0	0.0
all	western_diet_gut_anoxic_membership	Prevotella_copri	Bacteroides_vulgatus	M_hst_7glc_3s_e	0.0	0.0	0	0.0
all	western_diet_gut_anoxic_membership	Prevotella_copri	Bacteroides_vulgatus	M_hst_e	0.0	0.0	0	0.0
all	western_diet_gut_anoxic_membership	Prevotella_copri	Bacteroides_vulgatus	M_hxan_e	0.0	0.0	0	0.0
all	western_diet_gut_anoxic_membership	Prevotella_copri	Bacteroides_vulgatus	M_ibup_S_e	0.0	0.0	0	0.0
all	western_diet_gut_anoxic_membership	Prevotella_copri	Bacteroides_vulgatus	M_ibupgluc_e	0.0	0.0	0	0.0
all	western_diet_gut_anoxic_membership	Prevotella_copri	Bacteroides_vulgatus	M_ile_L_e	0.0	0.0	0	0.0
all	western_diet_gut_anoxic_membership	Prevotella_copri	Bacteroides_vulgatus	M_imn_e	0.0	0.0	0	0.0
all	western_diet_gut_anoxic_membership	Prevotella_copri	Bacteroides_vulgatus	M_imn_glc_e	0.0	0.0	0	0.0
all	western_diet_gut_anoxic_membership	Prevotella_copri	Bacteroides_vulgatus	M_ins_e	0.0	0.0	0	0.0
all	western_diet_gut_anoxic_membership	Prevotella_copri	Bacteroides_vulgatus	M_inv_e	0.0	0.0	0	0.0
all	western_diet_gut_anoxic_membership	Prevotella_copri	Bacteroides_vulgatus	M_inv_m1_e	0.0	0.0	0	0.0
all	western_diet_gut_anoxic_membership	Prevotella_copri	Bacteroides_vulgatus	M_isobut_e	0.0	0.0	1	0.0
all	western_diet_gut_anoxic_membership	Prevotella_copri	Bacteroides_vulgatus	M_isocapr_e	0.0	0.0	1	0.0
all	western_diet_gut_anoxic_membership	Prevotella_copri	Bacteroides_vulgatus	M_isosorbide_5mn_e	0.0	0.0	0	0.0
all	western_diet_gut_anoxic_membership	Prevotella_copri	Bacteroides_vulgatus	M_isosorbide_5mn_glc_e	0.0	0.0	0	0.0
all	western_diet_gut_anoxic_membership	Prevotella_copri	Bacteroides_vulgatus	M_isoval_e	0.0	0.0	1	0.0
all	western_diet_gut_anoxic_membership	Prevotella_copri	Bacteroides_vulgatus	M_k_e	0.0	1.0	0	0.0
all	western_diet_gut_anoxic_membership	Prevotella_copri	Bacteroides_vulgatus	M_kesto_e	0.0	0.0	0	0.0
all	western_diet_gut_anoxic_membership	Prevotella_copri	Bacteroides_vulgatus	M_kestottr_e	0.0	0.0	0	0.0
all	western_diet_gut_anoxic_membership	Prevotella_copri	Bacteroides_vulgatus	M_kprofen_e	0.0	0.0	0	0.0
all	western_diet_gut_anoxic_membership	Prevotella_copri	Bacteroides_vulgatus	M_kprofen_glc_e	0.0	0.0	0	0.0
all	western_diet_gut_anoxic_membership	Prevotella_copri	Bacteroides_vulgatus	M_lac_D_e	0.0	0.0	1	0.0
all	western_diet_gut_anoxic_membership	Prevotella_copri	Bacteroides_vulgatus	M_lac_L_e	0.0	0.0	1	0.0
all	western_diet_gut_anoxic_membership	Prevotella_copri	Bacteroides_vulgatus	M_lactl_e	0.0	0.0	0	0.0
all	western_diet_gut_anoxic_membership	Prevotella_copri	Bacteroides_vulgatus	M_lcts_e	0.0	0.0	0	0.0
all	western_diet_gut_anoxic_membership	Prevotella_copri	Bacteroides_vulgatus	M_leu_L_e	0.0	0.03	0	0.0
all	western_diet_gut_anoxic_membership	Prevotella_copri	Bacteroides_vulgatus	M_lst4exp_e	0.0	0.0	0	0.0
all	western_diet_gut_anoxic_membership	Prevotella_copri	Bacteroides_vulgatus	M_lstn1gluc_e	0.0	0.0	0	0.0
all	western_diet_gut_anoxic_membership	Prevotella_copri	Bacteroides_vulgatus	M_lstn_e	0.0	0.0	0	0.0
all	western_diet_gut_anoxic_membership	Prevotella_copri	Bacteroides_vulgatus	M_lstnm4_e	0.0	0.0	0	0.0
all	western_diet_gut_anoxic_membership	Prevotella_copri	Bacteroides_vulgatus	M_lstnm7_e	0.0	0.0	0	0.0
all	western_diet_gut_anoxic_membership	Prevotella_copri	Bacteroides_vulgatus	M_lys_L_e	0.0	0.0	0	0.0
all	western_diet_gut_anoxic_membership	Prevotella_copri	Bacteroides_vulgatus	M_malt_e	0.0	0.0	0	0.0
all	western_diet_gut_anoxic_membership	Prevotella_copri	Bacteroides_vulgatus	M_malttr_e	0.0	0.0	1	0.0
all	western_diet_gut_anoxic_membership	Prevotella_copri	Bacteroides_vulgatus	M_mantr_e	0.0	0.0	0	0.0
all	western_diet_gut_anoxic_membership	Prevotella_copri	Bacteroides_vulgatus	M_mdz_e	0.0	0.0	0	0.0
all	western_diet_gut_anoxic_membership	Prevotella_copri	Bacteroides_vulgatus	M_mdz_glc_e	0.0	0.0	0	0.0
all	western_diet_gut_anoxic_membership	Prevotella_copri	Bacteroides_vulgatus	M_mdzglc_e	0.0	0.0	0	0.0
all	western_diet_gut_anoxic_membership	Prevotella_copri	Bacteroides_vulgatus	M_met_L_e	0.0	0.37	0	0.0
all	western_diet_gut_anoxic_membership	Prevotella_copri	Bacteroides_vulgatus	M_metala_e	0.0	0.0	0	0.0
all	western_diet_gut_anoxic_membership	Prevotella_copri	Bacteroides_vulgatus	M_mg2_e	0.0	1.0	0	0.0
all	western_diet_gut_anoxic_membership	Prevotella_copri	Bacteroides_vulgatus	M_miso_e	0.0	0.0	0	0.0
all	western_diet_gut_anoxic_membership	Prevotella_copri	Bacteroides_vulgatus	M_miso_glc_e	0.0	0.0	0	0.0
all	western_diet_gut_anoxic_membership	Prevotella_copri	Bacteroides_vulgatus	M_mn2_e	0.0	1.0	0	0.0
all	western_diet_gut_anoxic_membership	Prevotella_copri	Bacteroides_vulgatus	M_mqn8_e	0.0	0.0	0	0.0
all	western_diet_gut_anoxic_membership	Prevotella_copri	Bacteroides_vulgatus	M_mrphn_3glc_e	0.0	0.0	0	0.0
all	western_diet_gut_anoxic_membership	Prevotella_copri	Bacteroides_vulgatus	M_mrphn_6glc_e	0.0	0.0	0	0.0
all	western_diet_gut_anoxic_membership	Prevotella_copri	Bacteroides_vulgatus	M_mrphn_e	0.0	0.0	0	0.0
all	western_diet_gut_anoxic_membership	Prevotella_copri	Bacteroides_vulgatus	M_mtz_e	0.0	0.0	0	0.0
all	western_diet_gut_anoxic_membership	Prevotella_copri	Bacteroides_vulgatus	M_mtz_glc_e	0.0	0.0	0	0.0
all	western_diet_gut_anoxic_membership	Prevotella_copri	Bacteroides_vulgatus	M_na1_e	0.0	0.0	0	0.0
all	western_diet_gut_anoxic_membership	Prevotella_copri	Bacteroides_vulgatus	M_nac_e	0.0	0.0	0	0.0
all	western_diet_gut_anoxic_membership	Prevotella_copri	Bacteroides_vulgatus	M_nchlphncl_e	0.0	0.0	0	0.0
all	western_diet_gut_anoxic_membership	Prevotella_copri	Bacteroides_vulgatus	M_neopront_e	0.0	0.0	0	0.0
all	western_diet_gut_anoxic_membership	Prevotella_copri	Bacteroides_vulgatus	M_nh4_e	0.0	0.15	1	0.0
all	western_diet_gut_anoxic_membership	Prevotella_copri	Bacteroides_vulgatus	M_nsldp_m5_e	0.0	0.0	0	0.0
all	western_diet_gut_anoxic_membership	Prevotella_copri	Bacteroides_vulgatus	M_nsldp_m5_glc_e	0.0	0.0	0	0.0
all	western_diet_gut_anoxic_membership	Prevotella_copri	Bacteroides_vulgatus	M_nverp_e	0.0	0.0	0	0.0
all	western_diet_gut_anoxic_membership	Prevotella_copri	Bacteroides_vulgatus	M_nverp_glc_e	0.0	0.0	0	0.0
all	western_diet_gut_anoxic_membership	Prevotella_copri	Bacteroides_vulgatus	M_nzp_e	0.0	0.0	0	0.0
all	western_diet_gut_anoxic_membership	Prevotella_copri	Bacteroides_vulgatus	M_o2_e	0.0	0.0	0	0.0
all	western_diet_gut_anoxic_membership	Prevotella_copri	Bacteroides_vulgatus	M_ocdca_e	0.0	0.0	0	0.0
all	western_diet_gut_anoxic_membership	Prevotella_copri	Bacteroides_vulgatus	M_odsm_egltmn_e	0.0	0.0	0	0.0
all	western_diet_gut_anoxic_membership	Prevotella_copri	Bacteroides_vulgatus	M_odsm_egltmn_glc_e	0.0	0.0	0	0.0
all	western_diet_gut_anoxic_membership	Prevotella_copri	Bacteroides_vulgatus	M_odsm_gltmn_e	0.0	0.0	0	0.0
all	western_diet_gut_anoxic_membership	Prevotella_copri	Bacteroides_vulgatus	M_odsm_gltmn_glc_e	0.0	0.0	0	0.0
all	western_diet_gut_anoxic_membership	Prevotella_copri	Bacteroides_vulgatus	M_oh_etr_e	0.0	0.0	0	0.0
all	western_diet_gut_anoxic_membership	Prevotella_copri	Bacteroides_vulgatus	M_oh_etr_glc_e	0.0	0.0	0	0.0
all	western_diet_gut_anoxic_membership	Prevotella_copri	Bacteroides_vulgatus	M_oh_pbl_e	0.0	0.0	0	0.0
all	western_diet_gut_anoxic_membership	Prevotella_copri	Bacteroides_vulgatus	M_oh_pbl_glc_e	0.0	0.0	0	0.0
all	western_diet_gut_anoxic_membership	Prevotella_copri	Bacteroides_vulgatus	M_olsa_e	0.0	0.0	0	0.0
all	western_diet_gut_anoxic_membership	Prevotella_copri	Bacteroides_vulgatus	M_pb_e	0.0	0.0	0	0.0
all	western_diet_gut_anoxic_membership	Prevotella_copri	Bacteroides_vulgatus	M_phe_L_e	0.0	0.0	0	0.0
all	western_diet_gut_anoxic_membership	Prevotella_copri	Bacteroides_vulgatus	M_pheme_e	0.0	1.0	0	0.0
all	western_diet_gut_anoxic_membership	Prevotella_copri	Bacteroides_vulgatus	M_phppa_e	0.0	0.0	0	0.0
all	western_diet_gut_anoxic_membership	Prevotella_copri	Bacteroides_vulgatus	M_phppa_glc_e	0.0	0.0	0	0.0
all	western_diet_gut_anoxic_membership	Prevotella_copri	Bacteroides_vulgatus	M_phtn_glc_e	0.0	0.0	0	0.0
all	western_diet_gut_anoxic_membership	Prevotella_copri	Bacteroides_vulgatus	M_pi_e	0.0	1.0	0	0.0
all	western_diet_gut_anoxic_membership	Prevotella_copri	Bacteroides_vulgatus	M_pnto_R_e	0.0	0.0	0	0.0
all	western_diet_gut_anoxic_membership	Prevotella_copri	Bacteroides_vulgatus	M_ppa_e	0.0	0.0	1	0.0
all	western_diet_gut_anoxic_membership	Prevotella_copri	Bacteroides_vulgatus	M_ppi_e	0.0	0.0	1	0.0
all	western_diet_gut_anoxic_membership	Prevotella_copri	Bacteroides_vulgatus	M_pro_L_e	0.0	0.0	0	0.0
all	western_diet_gut_anoxic_membership	Prevotella_copri	Bacteroides_vulgatus	M_prob_e	0.0	0.0	0	0.0
all	western_diet_gut_anoxic_membership	Prevotella_copri	Bacteroides_vulgatus	M_prob_glc_e	0.0	0.0	0	0.0
all	western_diet_gut_anoxic_membership	Prevotella_copri	Bacteroides_vulgatus	M_pront_e	0.0	0.0	0	0.0
all	western_diet_gut_anoxic_membership	Prevotella_copri	Bacteroides_vulgatus	M_pront_glc_e	0.0	0.0	0	0.0
all	western_diet_gut_anoxic_membership	Prevotella_copri	Bacteroides_vulgatus	M_propl_e	0.0	0.0	0	0.0
all	western_diet_gut_anoxic_membership	Prevotella_copri	Bacteroides_vulgatus	M_propl_glc_e	0.0	0.0	0	0.0
all	western_diet_gut_anoxic_membership	Prevotella_copri	Bacteroides_vulgatus	M_prx_mII_e	0.0	0.0	0	0.0
all	western_diet_gut_anoxic_membership	Prevotella_copri	Bacteroides_vulgatus	M_prx_mII_glc_e	0.0	0.0	0	0.0
all	western_diet_gut_anoxic_membership	Prevotella_copri	Bacteroides_vulgatus	M_prx_mI_e	0.0	0.0	0	0.0
all	western_diet_gut_anoxic_membership	Prevotella_copri	Bacteroides_vulgatus	M_prx_mI_glc_e	0.0	0.0	0	0.0
all	western_diet_gut_anoxic_membership	Prevotella_copri	Bacteroides_vulgatus	M_ptrc_e	0.0	0.0	0	0.0
all	western_diet_gut_anoxic_membership	Prevotella_copri	Bacteroides_vulgatus	M_ptvst_e	0.0	0.0	0	0.0
all	western_diet_gut_anoxic_membership	Prevotella_copri	Bacteroides_vulgatus	M_ptvstgluc_e	0.0	0.0	0	0.0
all	western_diet_gut_anoxic_membership	Prevotella_copri	Bacteroides_vulgatus	M_pvs_e	0.0	0.0	0	0.0
all	western_diet_gut_anoxic_membership	Prevotella_copri	Bacteroides_vulgatus	M_pvsgluc_e	0.0	0.0	0	0.0
all	western_diet_gut_anoxic_membership	Prevotella_copri	Bacteroides_vulgatus	M_pydam_e	0.0	0.0	0	0.0
all	western_diet_gut_anoxic_membership	Prevotella_copri	Bacteroides_vulgatus	M_pydx_e	0.0	0.0	0	0.0
all	western_diet_gut_anoxic_membership	Prevotella_copri	Bacteroides_vulgatus	M_pydxn_e	0.0	0.0	0	0.0
all	western_diet_gut_anoxic_membership	Prevotella_copri	Bacteroides_vulgatus	M_pyr_e	0.0	0.0	1	0.0
all	western_diet_gut_anoxic_membership	Prevotella_copri	Bacteroides_vulgatus	M_q8_e	0.0	1.0	0	0.0
all	western_diet_gut_anoxic_membership	Prevotella_copri	Bacteroides_vulgatus	M_r406_e	0.0	0.0	0	0.0
all	western_diet_gut_anoxic_membership	Prevotella_copri	Bacteroides_vulgatus	M_r406_glc_e	0.0	0.0	0	0.0
all	western_diet_gut_anoxic_membership	Prevotella_copri	Bacteroides_vulgatus	M_r529_e	0.0	0.0	0	0.0
all	western_diet_gut_anoxic_membership	Prevotella_copri	Bacteroides_vulgatus	M_r529_glc_e	0.0	0.0	0	0.0
all	western_diet_gut_anoxic_membership	Prevotella_copri	Bacteroides_vulgatus	M_raffin_e	0.0	0.0	0	0.0
all	western_diet_gut_anoxic_membership	Prevotella_copri	Bacteroides_vulgatus	M_regfnb_e	0.0	0.0	0	0.0
all	western_diet_gut_anoxic_membership	Prevotella_copri	Bacteroides_vulgatus	M_regfnb_glc_e	0.0	0.0	0	0.0
all	western_diet_gut_anoxic_membership	Prevotella_copri	Bacteroides_vulgatus	M_rep_e	0.0	0.0	0	0.0
all	western_diet_gut_anoxic_membership	Prevotella_copri	Bacteroides_vulgatus	M_rep_glc_e	0.0	0.0	0	0.0
all	western_diet_gut_anoxic_membership	Prevotella_copri	Bacteroides_vulgatus	M_ribflv_e	0.0	0.0	0	0.0
all	western_diet_gut_anoxic_membership	Prevotella_copri	Bacteroides_vulgatus	M_rmn_e	0.0	0.11	0	0.0
all	western_diet_gut_anoxic_membership	Prevotella_copri	Bacteroides_vulgatus	M_rpn_104557_cb_glc_e	0.0	0.0	0	0.0
all	western_diet_gut_anoxic_membership	Prevotella_copri	Bacteroides_vulgatus	M_rpn_104557_e	0.0	0.0	0	0.0
all	western_diet_gut_anoxic_membership	Prevotella_copri	Bacteroides_vulgatus	M_rpn_96990_e	0.0	0.0	0	0.0
all	western_diet_gut_anoxic_membership	Prevotella_copri	Bacteroides_vulgatus	M_rpn_96990_glc_e	0.0	0.0	0	0.0
all	western_diet_gut_anoxic_membership	Prevotella_copri	Bacteroides_vulgatus	M_rpn_oh_e	0.0	0.0	0	0.0
all	western_diet_gut_anoxic_membership	Prevotella_copri	Bacteroides_vulgatus	M_rpn_oh_glc_e	0.0	0.0	0	0.0
all	western_diet_gut_anoxic_membership	Prevotella_copri	Bacteroides_vulgatus	M_rsv_e	0.0	0.0	0	0.0
all	western_diet_gut_anoxic_membership	Prevotella_copri	Bacteroides_vulgatus	M_rsvgluc_e	0.0	0.0	0	0.0
all	western_diet_gut_anoxic_membership	Prevotella_copri	Bacteroides_vulgatus	M_sT_antigen_e	0.0	0.0	0	0.0
all	western_diet_gut_anoxic_membership	Prevotella_copri	Bacteroides_vulgatus	M_sTn_antigen_e	0.0	0.0	0	0.0
all	western_diet_gut_anoxic_membership	Prevotella_copri	Bacteroides_vulgatus	M_salcn_e	0.0	0.0	0	0.0
all	western_diet_gut_anoxic_membership	Prevotella_copri	Bacteroides_vulgatus	M_sanilamide_e	0.0	0.0	0	0.0
all	western_diet_gut_anoxic_membership	Prevotella_copri	Bacteroides_vulgatus	M_sb_611855_e	0.0	0.0	0	0.0
all	western_diet_gut_anoxic_membership	Prevotella_copri	Bacteroides_vulgatus	M_sb_y_e	0.0	0.0	0	0.0
all	western_diet_gut_anoxic_membership	Prevotella_copri	Bacteroides_vulgatus	M_sch_488128_e	0.0	0.0	0	0.0
all	western_diet_gut_anoxic_membership	Prevotella_copri	Bacteroides_vulgatus	M_sch_57871_e	0.0	0.0	0	0.0
all	western_diet_gut_anoxic_membership	Prevotella_copri	Bacteroides_vulgatus	M_sch_57871_glc_e	0.0	0.0	0	0.0
all	western_diet_gut_anoxic_membership	Prevotella_copri	Bacteroides_vulgatus	M_ser_L_e	0.0	0.15	0	0.0
all	western_diet_gut_anoxic_membership	Prevotella_copri	Bacteroides_vulgatus	M_sfnd_1689_e	0.0	0.0	0	0.0
all	western_diet_gut_anoxic_membership	Prevotella_copri	Bacteroides_vulgatus	M_sfnd_1689_glc_e	0.0	0.0	0	0.0
all	western_diet_gut_anoxic_membership	Prevotella_copri	Bacteroides_vulgatus	M_sftz_e	0.0	0.0	0	0.0
all	western_diet_gut_anoxic_membership	Prevotella_copri	Bacteroides_vulgatus	M_sftz_glc_e	0.0	0.0	0	0.0
all	western_diet_gut_anoxic_membership	Prevotella_copri	Bacteroides_vulgatus	M_simvgluc_e	0.0	0.0	0	0.0
all	western_diet_gut_anoxic_membership	Prevotella_copri	Bacteroides_vulgatus	M_smap_e	0.0	0.0	0	0.0
all	western_diet_gut_anoxic_membership	Prevotella_copri	Bacteroides_vulgatus	M_smap_glc_e	0.0	0.0	0	0.0
all	western_diet_gut_anoxic_membership	Prevotella_copri	Bacteroides_vulgatus	M_smvacid_e	0.0	0.0	0	0.0
all	western_diet_gut_anoxic_membership	Prevotella_copri	Bacteroides_vulgatus	M_sn38_e	0.0	0.0	0	0.0
all	western_diet_gut_anoxic_membership	Prevotella_copri	Bacteroides_vulgatus	M_sn38g_e	0.0	0.0	0	0.0
all	western_diet_gut_anoxic_membership	Prevotella_copri	Bacteroides_vulgatus	M_so4_e	0.0	1.0	0	0.0
all	western_diet_gut_anoxic_membership	Prevotella_copri	Bacteroides_vulgatus	M_spmd_e	0.0	0.0	0	0.0
all	western_diet_gut_anoxic_membership	Prevotella_copri	Bacteroides_vulgatus	M_spz_e	0.0	0.0	0	0.0
all	western_diet_gut_anoxic_membership	Prevotella_copri	Bacteroides_vulgatus	M_spz_glc_e	0.0	0.0	0	0.0
all	western_diet_gut_anoxic_membership	Prevotella_copri	Bacteroides_vulgatus	M_spz_sfn_e	0.0	0.0	0	0.0
all	western_diet_gut_anoxic_membership	Prevotella_copri	Bacteroides_vulgatus	M_spz_sfn_glc_e	0.0	0.0	0	0.0
all	western_diet_gut_anoxic_membership	Prevotella_copri	Bacteroides_vulgatus	M_srv_e	0.0	0.0	0	0.0
all	western_diet_gut_anoxic_membership	Prevotella_copri	Bacteroides_vulgatus	M_ssz_e	0.0	0.0	0	0.0
all	western_diet_gut_anoxic_membership	Prevotella_copri	Bacteroides_vulgatus	M_stg_e	0.0	0.0	0	0.0
all	western_diet_gut_anoxic_membership	Prevotella_copri	Bacteroides_vulgatus	M_stg_m3_e	0.0	0.0	0	0.0
all	western_diet_gut_anoxic_membership	Prevotella_copri	Bacteroides_vulgatus	M_stg_m4_e	0.0	0.0	0	0.0
all	western_diet_gut_anoxic_membership	Prevotella_copri	Bacteroides_vulgatus	M_stys_e	0.0	0.0	0	0.0
all	western_diet_gut_anoxic_membership	Prevotella_copri	Bacteroides_vulgatus	M_succ_e	0.0	0.13	0	0.0
all	western_diet_gut_anoxic_membership	Prevotella_copri	Bacteroides_vulgatus	M_sucr_e	0.0	0.0	0	0.0
all	western_diet_gut_anoxic_membership	Prevotella_copri	Bacteroides_vulgatus	M_sulfp_e	0.0	0.0	0	0.0
all	western_diet_gut_anoxic_membership	Prevotella_copri	Bacteroides_vulgatus	M_tab_e	0.0	0.0	0	0.0
all	western_diet_gut_anoxic_membership	Prevotella_copri	Bacteroides_vulgatus	M_tat_e	0.0	0.0	0	0.0
all	western_diet_gut_anoxic_membership	Prevotella_copri	Bacteroides_vulgatus	M_tgz_e	0.0	0.0	0	0.0
all	western_diet_gut_anoxic_membership	Prevotella_copri	Bacteroides_vulgatus	M_tgz_glc_e	0.0	0.0	0	0.0
all	western_diet_gut_anoxic_membership	Prevotella_copri	Bacteroides_vulgatus	M_thr_L_e	0.0	0.17	0	0.0
all	western_diet_gut_anoxic_membership	Prevotella_copri	Bacteroides_vulgatus	M_thsacmp_e	0.0	0.0	0	0.0
all	western_diet_gut_anoxic_membership	Prevotella_copri	Bacteroides_vulgatus	M_thymd_e	0.0	0.0	0	0.0
all	western_diet_gut_anoxic_membership	Prevotella_copri	Bacteroides_vulgatus	M_tlf_a_1a_e	0.0	0.0	0	0.0
all	western_diet_gut_anoxic_membership	Prevotella_copri	Bacteroides_vulgatus	M_tlf_a_1b_e	0.0	0.0	0	0.0
all	western_diet_gut_anoxic_membership	Prevotella_copri	Bacteroides_vulgatus	M_tlf_a_1x_e	0.0	0.0	0	0.0
all	western_diet_gut_anoxic_membership	Prevotella_copri	Bacteroides_vulgatus	M_tlf_a_2_e	0.0	0.0	0	0.0
all	western_diet_gut_anoxic_membership	Prevotella_copri	Bacteroides_vulgatus	M_tlf_a_2a_e	0.0	0.0	0	0.0
all	western_diet_gut_anoxic_membership	Prevotella_copri	Bacteroides_vulgatus	M_tlf_a_3_e	0.0	0.0	0	0.0
all	western_diet_gut_anoxic_membership	Prevotella_copri	Bacteroides_vulgatus	M_tlf_a_4_e	0.0	0.0	0	0.0
all	western_diet_gut_anoxic_membership	Prevotella_copri	Bacteroides_vulgatus	M_tlf_a_e	0.0	0.0	0	0.0
all	western_diet_gut_anoxic_membership	Prevotella_copri	Bacteroides_vulgatus	M_tlf_a_m1_e	0.0	0.0	0	0.0
all	western_diet_gut_anoxic_membership	Prevotella_copri	Bacteroides_vulgatus	M_tlf_a_m2_e	0.0	0.0	0	0.0
all	western_diet_gut_anoxic_membership	Prevotella_copri	Bacteroides_vulgatus	M_tlf_a_m3_e	0.0	0.0	0	0.0
all	western_diet_gut_anoxic_membership	Prevotella_copri	Bacteroides_vulgatus	M_tlf_a_m4_e	0.0	0.0	0	0.0
all	western_diet_gut_anoxic_membership	Prevotella_copri	Bacteroides_vulgatus	M_tlf_a_m4a_e	0.0	0.0	0	0.0
all	western_diet_gut_anoxic_membership	Prevotella_copri	Bacteroides_vulgatus	M_tlf_a_m5_e	0.0	0.0	0	0.0
all	western_diet_gut_anoxic_membership	Prevotella_copri	Bacteroides_vulgatus	M_tlf_a_m5a_e	0.0	0.0	0	0.0
all	western_diet_gut_anoxic_membership	Prevotella_copri	Bacteroides_vulgatus	M_tlf_a_m5b_e	0.0	0.0	0	0.0
all	western_diet_gut_anoxic_membership	Prevotella_copri	Bacteroides_vulgatus	M_tlf_a_m6_e	0.0	0.0	0	0.0
all	western_diet_gut_anoxic_membership	Prevotella_copri	Bacteroides_vulgatus	M_tlf_a_m9_e	0.0	0.0	0	0.0
all	western_diet_gut_anoxic_membership	Prevotella_copri	Bacteroides_vulgatus	M_tlms_e	0.0	0.0	0	0.0
all	western_diet_gut_anoxic_membership	Prevotella_copri	Bacteroides_vulgatus	M_tlms_glc_e	0.0	0.0	0	0.0
all	western_diet_gut_anoxic_membership	Prevotella_copri	Bacteroides_vulgatus	M_tmacmp_e	0.0	0.0	0	0.0
all	western_diet_gut_anoxic_membership	Prevotella_copri	Bacteroides_vulgatus	M_tolcp_ac_e	0.0	0.0	0	0.0
all	western_diet_gut_anoxic_membership	Prevotella_copri	Bacteroides_vulgatus	M_tolcp_ac_glc_e	0.0	0.0	0	0.0
all	western_diet_gut_anoxic_membership	Prevotella_copri	Bacteroides_vulgatus	M_tolcp_am_e	0.0	0.0	0	0.0
all	western_diet_gut_anoxic_membership	Prevotella_copri	Bacteroides_vulgatus	M_tolcp_am_glc_e	0.0	0.0	0	0.0
all	western_diet_gut_anoxic_membership	Prevotella_copri	Bacteroides_vulgatus	M_tolcp_e	0.0	0.0	0	0.0
all	western_diet_gut_anoxic_membership	Prevotella_copri	Bacteroides_vulgatus	M_tolcp_glc_e	0.0	0.0	0	0.0
all	western_diet_gut_anoxic_membership	Prevotella_copri	Bacteroides_vulgatus	M_tpno_1glc_4g_e	0.0	0.0	0	0.0
all	western_diet_gut_anoxic_membership	Prevotella_copri	Bacteroides_vulgatus	M_tpno_4g_e	0.0	0.0	0	0.0
all	western_diet_gut_anoxic_membership	Prevotella_copri	Bacteroides_vulgatus	M_tpno_4glc_e	0.0	0.0	0	0.0
all	western_diet_gut_anoxic_membership	Prevotella_copri	Bacteroides_vulgatus	M_tpnoh_e	0.0	0.0	0	0.0
all	western_diet_gut_anoxic_membership	Prevotella_copri	Bacteroides_vulgatus	M_trp_L_e	0.0	0.0	0	0.0
all	western_diet_gut_anoxic_membership	Prevotella_copri	Bacteroides_vulgatus	M_tsacmgluc_e	0.0	0.0	0	0.0
all	western_diet_gut_anoxic_membership	Prevotella_copri	Bacteroides_vulgatus	M_tsul_e	0.0	0.0	0	0.0
all	western_diet_gut_anoxic_membership	Prevotella_copri	Bacteroides_vulgatus	M_ttdca_e	0.0	0.0	0	0.0
all	western_diet_gut_anoxic_membership	Prevotella_copri	Bacteroides_vulgatus	M_tyr_L_e	0.0	0.0	0	0.0
all	western_diet_gut_anoxic_membership	Prevotella_copri	Bacteroides_vulgatus	M_ura_e	0.0	0.0	0	0.0
all	western_diet_gut_anoxic_membership	Prevotella_copri	Bacteroides_vulgatus	M_urea_e	0.0	0.0	0	0.0
all	western_diet_gut_anoxic_membership	Prevotella_copri	Bacteroides_vulgatus	M_uri_e	0.0	0.0	0	0.0
all	western_diet_gut_anoxic_membership	Prevotella_copri	Bacteroides_vulgatus	M_val_L_e	0.0	0.01	0	0.0
all	western_diet_gut_anoxic_membership	Prevotella_copri	Bacteroides_vulgatus	M_xan_e	0.0	0.0	0	0.0
all	western_diet_gut_anoxic_membership	Prevotella_copri	Bacteroides_vulgatus	M_xtsn_e	0.0	0.0	1	0.0
all	western_diet_gut_anoxic_membership	Prevotella_copri	Bacteroides_vulgatus	M_xyl_D_e	0.0	0.12	0	0.0
all	western_diet_gut_anoxic_membership	Prevotella_copri	Bacteroides_vulgatus	M_xylottr_e	0.0	0.0	0	0.0
all	western_diet_gut_anoxic_membership	Prevotella_copri	Bacteroides_vulgatus	M_zn2_e	0.0	1.0	0	0.0
all	western_diet_gut_anoxic_membership	Prevotella_copri	Eubacterium_rectale	M_12ppd_S_e	0.0	0.0	0	0.0
all	western_diet_gut_anoxic_membership	Prevotella_copri	Eubacterium_rectale	M_1hibup_S_e	0.0	0.0	0	0.0
all	western_diet_gut_anoxic_membership	Prevotella_copri	Eubacterium_rectale	M_1hibupglu_S_e	0.0	0.0	0	0.0
all	western_diet_gut_anoxic_membership	Prevotella_copri	Eubacterium_rectale	M_1hmdgluc_e	0.0	0.0	0	0.0
all	western_diet_gut_anoxic_membership	Prevotella_copri	Eubacterium_rectale	M_1ohmdz_e	0.0	0.0	0	0.0
all	western_diet_gut_anoxic_membership	Prevotella_copri	Eubacterium_rectale	M_26dap_M_e	0.0	0.0	0	0.0
all	western_diet_gut_anoxic_membership	Prevotella_copri	Eubacterium_rectale	M_2hatvacid_e	0.0	0.0	0	0.0
all	western_diet_gut_anoxic_membership	Prevotella_copri	Eubacterium_rectale	M_2hatvacidgluc_e	0.0	0.0	0	0.0
all	western_diet_gut_anoxic_membership	Prevotella_copri	Eubacterium_rectale	M_2hatvlac_e	0.0	0.0	0	0.0
all	western_diet_gut_anoxic_membership	Prevotella_copri	Eubacterium_rectale	M_2hatvlacgluc_e	0.0	0.0	0	0.0
all	western_diet_gut_anoxic_membership	Prevotella_copri	Eubacterium_rectale	M_2hibup_S_e	0.0	0.0	0	0.0
all	western_diet_gut_anoxic_membership	Prevotella_copri	Eubacterium_rectale	M_2hibupglu_S_e	0.0	0.0	0	0.0
all	western_diet_gut_anoxic_membership	Prevotella_copri	Eubacterium_rectale	M_2oh_cbz_e	0.0	0.0	0	0.0
all	western_diet_gut_anoxic_membership	Prevotella_copri	Eubacterium_rectale	M_2oh_cbz_glc_e	0.0	0.0	0	0.0
all	western_diet_gut_anoxic_membership	Prevotella_copri	Eubacterium_rectale	M_2oh_mtz_e	0.0	0.0	0	0.0
all	western_diet_gut_anoxic_membership	Prevotella_copri	Eubacterium_rectale	M_2oh_mtz_glc_e	0.0	0.0	0	0.0
all	western_diet_gut_anoxic_membership	Prevotella_copri	Eubacterium_rectale	M_3hibup_S_e	0.0	0.0	0	0.0
all	western_diet_gut_anoxic_membership	Prevotella_copri	Eubacterium_rectale	M_3hibupglu_S_e	0.0	0.0	0	0.0
all	western_diet_gut_anoxic_membership	Prevotella_copri	Eubacterium_rectale	M_3meacmp_e	0.0	0.0	0	0.0
all	western_diet_gut_anoxic_membership	Prevotella_copri	Eubacterium_rectale	M_3oh_cbz_e	0.0	0.0	0	0.0
all	western_diet_gut_anoxic_membership	Prevotella_copri	Eubacterium_rectale	M_3oh_cbz_glc_e	0.0	0.0	0	0.0
all	western_diet_gut_anoxic_membership	Prevotella_copri	Eubacterium_rectale	M_3oh_dlor_e	0.0	0.0	0	0.0
all	western_diet_gut_anoxic_membership	Prevotella_copri	Eubacterium_rectale	M_3oh_dlor_glc_e	0.0	0.0	0	0.0
all	western_diet_gut_anoxic_membership	Prevotella_copri	Eubacterium_rectale	M_3oh_mdea_e	0.0	0.0	0	0.0
all	western_diet_gut_anoxic_membership	Prevotella_copri	Eubacterium_rectale	M_3oh_mdea_glc_e	0.0	0.0	0	0.0
all	western_diet_gut_anoxic_membership	Prevotella_copri	Eubacterium_rectale	M_3oh_mxn_e	0.0	0.0	0	0.0
all	western_diet_gut_anoxic_membership	Prevotella_copri	Eubacterium_rectale	M_3oh_mxn_glc_e	0.0	0.0	0	0.0
all	western_diet_gut_anoxic_membership	Prevotella_copri	Eubacterium_rectale	M_4abut_e	0.0	0.0	1	0.0
all	western_diet_gut_anoxic_membership	Prevotella_copri	Eubacterium_rectale	M_4abz_e	0.0	0.0	0	0.0
all	western_diet_gut_anoxic_membership	Prevotella_copri	Eubacterium_rectale	M_4dh_tpno_1glc_e	0.0	0.0	0	0.0
all	western_diet_gut_anoxic_membership	Prevotella_copri	Eubacterium_rectale	M_4dh_tpno_e	0.0	0.0	0	0.0
all	western_diet_gut_anoxic_membership	Prevotella_copri	Eubacterium_rectale	M_4hmdgluc_e	0.0	0.0	0	0.0
all	western_diet_gut_anoxic_membership	Prevotella_copri	Eubacterium_rectale	M_4oh_dcf_e	0.0	0.0	0	0.0
all	western_diet_gut_anoxic_membership	Prevotella_copri	Eubacterium_rectale	M_4oh_dcf_glc_e	0.0	0.0	0	0.0
all	western_diet_gut_anoxic_membership	Prevotella_copri	Eubacterium_rectale	M_4oh_kp_e	0.0	0.0	0	0.0
all	western_diet_gut_anoxic_membership	Prevotella_copri	Eubacterium_rectale	M_4oh_kp_glc_e	0.0	0.0	0	0.0
all	western_diet_gut_anoxic_membership	Prevotella_copri	Eubacterium_rectale	M_4oh_levole_e	0.0	0.0	0	0.0
all	western_diet_gut_anoxic_membership	Prevotella_copri	Eubacterium_rectale	M_4oh_levole_glc_e	0.0	0.0	0	0.0
all	western_diet_gut_anoxic_membership	Prevotella_copri	Eubacterium_rectale	M_4oh_meth_e	0.0	0.0	0	0.0
all	western_diet_gut_anoxic_membership	Prevotella_copri	Eubacterium_rectale	M_4oh_meth_glc_e	0.0	0.0	0	0.0
all	western_diet_gut_anoxic_membership	Prevotella_copri	Eubacterium_rectale	M_4oh_propl_e	0.0	0.0	0	0.0
all	western_diet_gut_anoxic_membership	Prevotella_copri	Eubacterium_rectale	M_4oh_propl_glc_e	0.0	0.0	0	0.0
all	western_diet_gut_anoxic_membership	Prevotella_copri	Eubacterium_rectale	M_4oh_trz_e	0.0	0.0	0	0.0
all	western_diet_gut_anoxic_membership	Prevotella_copri	Eubacterium_rectale	M_4oh_trz_glc_e	0.0	0.0	0	0.0
all	western_diet_gut_anoxic_membership	Prevotella_copri	Eubacterium_rectale	M_4oh_vcz_e	0.0	0.0	0	0.0
all	western_diet_gut_anoxic_membership	Prevotella_copri	Eubacterium_rectale	M_4oh_vcz_glc_e	0.0	0.0	0	0.0
all	western_diet_gut_anoxic_membership	Prevotella_copri	Eubacterium_rectale	M_4ohmdz_e	0.0	0.0	0	0.0
all	western_diet_gut_anoxic_membership	Prevotella_copri	Eubacterium_rectale	M_5oh_sulfp_e	0.0	0.0	0	0.0
all	western_diet_gut_anoxic_membership	Prevotella_copri	Eubacterium_rectale	M_5oh_sulfp_glc_e	0.0	0.0	0	0.0
all	western_diet_gut_anoxic_membership	Prevotella_copri	Eubacterium_rectale	M_5ohfvs_e	0.0	0.0	0	0.0
all	western_diet_gut_anoxic_membership	Prevotella_copri	Eubacterium_rectale	M_5ohfvsglu_e	0.0	0.0	0	0.0
all	western_diet_gut_anoxic_membership	Prevotella_copri	Eubacterium_rectale	M_6bhglz_e	0.0	0.0	0	0.0
all	western_diet_gut_anoxic_membership	Prevotella_copri	Eubacterium_rectale	M_6bhglzglc_e	0.0	0.0	0	0.0
all	western_diet_gut_anoxic_membership	Prevotella_copri	Eubacterium_rectale	M_6ohfvs_e	0.0	0.0	0	0.0
all	western_diet_gut_anoxic_membership	Prevotella_copri	Eubacterium_rectale	M_6ohfvsglu_e	0.0	0.0	0	0.0
all	western_diet_gut_anoxic_membership	Prevotella_copri	Eubacterium_rectale	M_7a_czp_e	0.0	0.0	0	0.0
all	western_diet_gut_anoxic_membership	Prevotella_copri	Eubacterium_rectale	M_7bhglz_e	0.0	0.0	0	0.0
all	western_diet_gut_anoxic_membership	Prevotella_copri	Eubacterium_rectale	M_7bhglzglc_e	0.0	0.0	0	0.0
all	western_diet_gut_anoxic_membership	Prevotella_copri	Eubacterium_rectale	M_7oh_efv_e	0.0	0.0	0	0.0
all	western_diet_gut_anoxic_membership	Prevotella_copri	Eubacterium_rectale	M_7oh_efv_glc_e	0.0	0.0	0	0.0
all	western_diet_gut_anoxic_membership	Prevotella_copri	Eubacterium_rectale	M_814dioh_efv_e	0.0	0.0	0	0.0
all	western_diet_gut_anoxic_membership	Prevotella_copri	Eubacterium_rectale	M_814dioh_efv_glc_e	0.0	0.0	0	0.0
all	western_diet_gut_anoxic_membership	Prevotella_copri	Eubacterium_rectale	M_8oh_efv_e	0.0	0.0	0	0.0
all	western_diet_gut_anoxic_membership	Prevotella_copri	Eubacterium_rectale	M_8oh_efv_glc_e	0.0	0.0	0	0.0
all	western_diet_gut_anoxic_membership	Prevotella_copri	Eubacterium_rectale	M_N_oh_phtn_e	0.0	0.0	0	0.0
all	western_diet_gut_anoxic_membership	Prevotella_copri	Eubacterium_rectale	M_N_oh_phtn_glc_e	0.0	0.0	0	0.0
all	western_diet_gut_anoxic_membership	Prevotella_copri	Eubacterium_rectale	M_R_6oh_warf_e	0.0	0.0	0	0.0
all	western_diet_gut_anoxic_membership	Prevotella_copri	Eubacterium_rectale	M_R_6oh_warf_glc_e	0.0	0.0	0	0.0
all	western_diet_gut_anoxic_membership	Prevotella_copri	Eubacterium_rectale	M_R_7oh_warf_e	0.0	0.0	0	0.0
all	western_diet_gut_anoxic_membership	Prevotella_copri	Eubacterium_rectale	M_R_7oh_warf_glc_e	0.0	0.0	0	0.0
all	western_diet_gut_anoxic_membership	Prevotella_copri	Eubacterium_rectale	M_R_8oh_warf_e	0.0	0.0	0	0.0
all	western_diet_gut_anoxic_membership	Prevotella_copri	Eubacterium_rectale	M_R_8oh_warf_glc_e	0.0	0.0	0	0.0
all	western_diet_gut_anoxic_membership	Prevotella_copri	Eubacterium_rectale	M_S_4oh_warf_e	0.0	0.0	0	0.0
all	western_diet_gut_anoxic_membership	Prevotella_copri	Eubacterium_rectale	M_S_4oh_warf_glc_e	0.0	0.0	0	0.0
all	western_diet_gut_anoxic_membership	Prevotella_copri	Eubacterium_rectale	M_S_6oh_warf_e	0.0	0.0	0	0.0
all	western_diet_gut_anoxic_membership	Prevotella_copri	Eubacterium_rectale	M_S_6oh_warf_glc_e	0.0	0.0	0	0.0
all	western_diet_gut_anoxic_membership	Prevotella_copri	Eubacterium_rectale	M_ac_amn_b_gly_e	0.0	0.0	0	0.0
all	western_diet_gut_anoxic_membership	Prevotella_copri	Eubacterium_rectale	M_ac_amn_b_gly_glc_e	0.0	0.0	0	0.0
all	western_diet_gut_anoxic_membership	Prevotella_copri	Eubacterium_rectale	M_ac_e	0.0	0.07	0	0.0
all	western_diet_gut_anoxic_membership	Prevotella_copri	Eubacterium_rectale	M_acald_e	0.0	0.0	0	0.0
all	western_diet_gut_anoxic_membership	Prevotella_copri	Eubacterium_rectale	M_acmp_e	0.0	0.0	0	0.0
all	western_diet_gut_anoxic_membership	Prevotella_copri	Eubacterium_rectale	M_acmp_glc_e	0.0	0.0	0	0.0
all	western_diet_gut_anoxic_membership	Prevotella_copri	Eubacterium_rectale	M_acmpglu_e	0.0	0.0	0	0.0
all	western_diet_gut_anoxic_membership	Prevotella_copri	Eubacterium_rectale	M_ade_e	0.0	0.0	0	0.0
all	western_diet_gut_anoxic_membership	Prevotella_copri	Eubacterium_rectale	M_adn_e	0.0	0.0	0	0.0
all	western_diet_gut_anoxic_membership	Prevotella_copri	Eubacterium_rectale	M_adocbl_e	0.0	0.0	0	0.0
all	western_diet_gut_anoxic_membership	Prevotella_copri	Eubacterium_rectale	M_ala_L_e	0.0	0.13	0	0.0
all	western_diet_gut_anoxic_membership	Prevotella_copri	Eubacterium_rectale	M_alaasp_e	0.0	0.0	0	0.0
all	western_diet_gut_anoxic_membership	Prevotella_copri	Eubacterium_rectale	M_alagln_e	0.0	0.0	0	0.0
all	western_diet_gut_anoxic_membership	Prevotella_copri	Eubacterium_rectale	M_alaglu_e	0.0	0.0	0	0.0
all	western_diet_gut_anoxic_membership	Prevotella_copri	Eubacterium_rectale	M_alagly_e	0.0	0.0	0	0.0
all	western_diet_gut_anoxic_membership	Prevotella_copri	Eubacterium_rectale	M_alahis_e	0.0	0.0	0	0.0
all	western_diet_gut_anoxic_membership	Prevotella_copri	Eubacterium_rectale	M_alaleu_e	0.0	0.0	0	0.0
all	western_diet_gut_anoxic_membership	Prevotella_copri	Eubacterium_rectale	M_alathr_e	0.0	0.0	0	0.0
all	western_diet_gut_anoxic_membership	Prevotella_copri	Eubacterium_rectale	M_alpz_4oh_e	0.0	0.0	0	0.0
all	western_diet_gut_anoxic_membership	Prevotella_copri	Eubacterium_rectale	M_alpz_4oh_glc_e	0.0	0.0	0	0.0
all	western_diet_gut_anoxic_membership	Prevotella_copri	Eubacterium_rectale	M_alpz_aoh_e	0.0	0.0	0	0.0
all	western_diet_gut_anoxic_membership	Prevotella_copri	Eubacterium_rectale	M_alpz_aoh_glc_e	0.0	0.0	0	0.0
all	western_diet_gut_anoxic_membership	Prevotella_copri	Eubacterium_rectale	M_am14_e	0.0	0.0	0	0.0
all	western_diet_gut_anoxic_membership	Prevotella_copri	Eubacterium_rectale	M_am14_glc_e	0.0	0.0	0	0.0
all	western_diet_gut_anoxic_membership	Prevotella_copri	Eubacterium_rectale	M_am1ccs_e	0.0	0.0	0	0.0
all	western_diet_gut_anoxic_membership	Prevotella_copri	Eubacterium_rectale	M_am1cglc_e	0.0	0.0	0	0.0
all	western_diet_gut_anoxic_membership	Prevotella_copri	Eubacterium_rectale	M_am5_e	0.0	0.0	0	0.0
all	western_diet_gut_anoxic_membership	Prevotella_copri	Eubacterium_rectale	M_am5_glc_e	0.0	0.0	0	0.0
all	western_diet_gut_anoxic_membership	Prevotella_copri	Eubacterium_rectale	M_am6_e	0.0	0.0	0	0.0
all	western_diet_gut_anoxic_membership	Prevotella_copri	Eubacterium_rectale	M_am6_glc_e	0.0	0.0	0	0.0
all	western_diet_gut_anoxic_membership	Prevotella_copri	Eubacterium_rectale	M_amio_c_e	0.0	0.0	0	0.0
all	western_diet_gut_anoxic_membership	Prevotella_copri	Eubacterium_rectale	M_amio_c_glc_e	0.0	0.0	0	0.0
all	western_diet_gut_anoxic_membership	Prevotella_copri	Eubacterium_rectale	M_amio_e	0.0	0.0	0	0.0
all	western_diet_gut_anoxic_membership	Prevotella_copri	Eubacterium_rectale	M_amio_glc_e	0.0	0.0	0	0.0
all	western_diet_gut_anoxic_membership	Prevotella_copri	Eubacterium_rectale	M_amn_b_gly_e	0.0	0.0	0	0.0
all	western_diet_gut_anoxic_membership	Prevotella_copri	Eubacterium_rectale	M_amn_b_gly_glc_e	0.0	0.0	0	0.0
all	western_diet_gut_anoxic_membership	Prevotella_copri	Eubacterium_rectale	M_amntd_m6_e	0.0	0.0	0	0.0
all	western_diet_gut_anoxic_membership	Prevotella_copri	Eubacterium_rectale	M_amntd_m6_glc_e	0.0	0.0	0	0.0
all	western_diet_gut_anoxic_membership	Prevotella_copri	Eubacterium_rectale	M_anzp_e	0.0	0.0	0	0.0
all	western_diet_gut_anoxic_membership	Prevotella_copri	Eubacterium_rectale	M_arab_L_e	0.0	0.13	0	0.0
all	western_diet_gut_anoxic_membership	Prevotella_copri	Eubacterium_rectale	M_arabttr_e	0.0	0.0	0	0.0
all	western_diet_gut_anoxic_membership	Prevotella_copri	Eubacterium_rectale	M_arbt_e	0.0	0.0	0	0.0
all	western_diet_gut_anoxic_membership	Prevotella_copri	Eubacterium_rectale	M_arg_L_e	0.0	0.0	0	0.0
all	western_diet_gut_anoxic_membership	Prevotella_copri	Eubacterium_rectale	M_arsenb_e	0.0	0.0	0	0.0
all	western_diet_gut_anoxic_membership	Prevotella_copri	Eubacterium_rectale	M_asn_L_e	0.0	0.09	0	0.0
all	western_diet_gut_anoxic_membership	Prevotella_copri	Eubacterium_rectale	M_asp_L_e	0.0	0.09	0	0.0
all	western_diet_gut_anoxic_membership	Prevotella_copri	Eubacterium_rectale	M_atvacid_e	0.0	0.0	0	0.0
all	western_diet_gut_anoxic_membership	Prevotella_copri	Eubacterium_rectale	M_atvacylgluc_e	0.0	0.0	0	0.0
all	western_diet_gut_anoxic_membership	Prevotella_copri	Eubacterium_rectale	M_atvethgluc_e	0.0	0.0	0	0.0
all	western_diet_gut_anoxic_membership	Prevotella_copri	Eubacterium_rectale	M_atvlac_e	0.0	0.0	0	0.0
all	western_diet_gut_anoxic_membership	Prevotella_copri	Eubacterium_rectale	M_atvlacgluc_e	0.0	0.0	0	0.0
all	western_diet_gut_anoxic_membership	Prevotella_copri	Eubacterium_rectale	M_bhpm_e	0.0	0.0	0	0.0
all	western_diet_gut_anoxic_membership	Prevotella_copri	Eubacterium_rectale	M_bhpm_glc_e	0.0	0.0	0	0.0
all	western_diet_gut_anoxic_membership	Prevotella_copri	Eubacterium_rectale	M_bilr_355_e	0.0	0.0	0	0.0
all	western_diet_gut_anoxic_membership	Prevotella_copri	Eubacterium_rectale	M_bilr_M10_e	0.0	0.0	0	0.0
all	western_diet_gut_anoxic_membership	Prevotella_copri	Eubacterium_rectale	M_bilr_M12_e	0.0	0.0	0	0.0
all	western_diet_gut_anoxic_membership	Prevotella_copri	Eubacterium_rectale	M_bilr_M14_e	0.0	0.0	0	0.0
all	western_diet_gut_anoxic_membership	Prevotella_copri	Eubacterium_rectale	M_bilr_M15_e	0.0	0.0	0	0.0
all	western_diet_gut_anoxic_membership	Prevotella_copri	Eubacterium_rectale	M_bilr_M16_e	0.0	0.0	0	0.0
all	western_diet_gut_anoxic_membership	Prevotella_copri	Eubacterium_rectale	M_bilr_M7_e	0.0	0.0	0	0.0
all	western_diet_gut_anoxic_membership	Prevotella_copri	Eubacterium_rectale	M_brv_e	0.0	0.0	0	0.0
all	western_diet_gut_anoxic_membership	Prevotella_copri	Eubacterium_rectale	M_bsn_e	0.0	0.0	0	0.0
all	western_diet_gut_anoxic_membership	Prevotella_copri	Eubacterium_rectale	M_bsn_glc_e	0.0	0.0	0	0.0
all	western_diet_gut_anoxic_membership	Prevotella_copri	Eubacterium_rectale	M_btn_e	0.0	0.0	0	0.0
all	western_diet_gut_anoxic_membership	Prevotella_copri	Eubacterium_rectale	M_but_e	0.0	0.0	1	0.0
all	western_diet_gut_anoxic_membership	Prevotella_copri	Eubacterium_rectale	M_bvu_e	0.0	0.0	0	0.0
all	western_diet_gut_anoxic_membership	Prevotella_copri	Eubacterium_rectale	M_bz_e	0.0	0.0	0	0.0
all	western_diet_gut_anoxic_membership	Prevotella_copri	Eubacterium_rectale	M_bz_glc_e	0.0	0.0	0	0.0
all	western_diet_gut_anoxic_membership	Prevotella_copri	Eubacterium_rectale	M_ca2_e	0.0	1.0	0	0.0
all	western_diet_gut_anoxic_membership	Prevotella_copri	Eubacterium_rectale	M_caribup_s_e	0.0	0.0	0	0.0
all	western_diet_gut_anoxic_membership	Prevotella_copri	Eubacterium_rectale	M_caribupglu_S_e	0.0	0.0	0	0.0
all	western_diet_gut_anoxic_membership	Prevotella_copri	Eubacterium_rectale	M_cbl1_e	0.0	0.0	0	0.0
all	western_diet_gut_anoxic_membership	Prevotella_copri	Eubacterium_rectale	M_cbl2_e	0.0	0.0	0	0.0
all	western_diet_gut_anoxic_membership	Prevotella_copri	Eubacterium_rectale	M_cbz_e	0.0	0.0	0	0.0
all	western_diet_gut_anoxic_membership	Prevotella_copri	Eubacterium_rectale	M_cbz_glc_e	0.0	0.0	0	0.0
all	western_diet_gut_anoxic_membership	Prevotella_copri	Eubacterium_rectale	M_cd2_e	0.0	0.0	0	0.0
all	western_diet_gut_anoxic_membership	Prevotella_copri	Eubacterium_rectale	M_cd6168_e	0.0	0.0	0	0.0
all	western_diet_gut_anoxic_membership	Prevotella_copri	Eubacterium_rectale	M_cd6168_glc_e	0.0	0.0	0	0.0
all	western_diet_gut_anoxic_membership	Prevotella_copri	Eubacterium_rectale	M_cellb_e	0.0	0.0	0	0.0
all	western_diet_gut_anoxic_membership	Prevotella_copri	Eubacterium_rectale	M_chlphncl_e	0.0	0.0	0	0.0
all	western_diet_gut_anoxic_membership	Prevotella_copri	Eubacterium_rectale	M_chlphncl_glc_e	0.0	0.0	0	0.0
all	western_diet_gut_anoxic_membership	Prevotella_copri	Eubacterium_rectale	M_cl_e	0.0	1.0	0	0.0
all	western_diet_gut_anoxic_membership	Prevotella_copri	Eubacterium_rectale	M_clcxb_c_e	0.0	0.0	0	0.0
all	western_diet_gut_anoxic_membership	Prevotella_copri	Eubacterium_rectale	M_clcxb_c_glc_e	0.0	0.0	0	0.0
all	western_diet_gut_anoxic_membership	Prevotella_copri	Eubacterium_rectale	M_clcxb_e	0.0	0.0	0	0.0
all	western_diet_gut_anoxic_membership	Prevotella_copri	Eubacterium_rectale	M_clcxb_glc_e	0.0	0.0	0	0.0
all	western_diet_gut_anoxic_membership	Prevotella_copri	Eubacterium_rectale	M_clobi_c_e	0.0	0.0	0	0.0
all	western_diet_gut_anoxic_membership	Prevotella_copri	Eubacterium_rectale	M_clobi_glc_e	0.0	0.0	0	0.0
all	western_diet_gut_anoxic_membership	Prevotella_copri	Eubacterium_rectale	M_co2_e	0.0	0.0	1	0.0
all	western_diet_gut_anoxic_membership	Prevotella_copri	Eubacterium_rectale	M_cobalt2_e	0.0	1.0	0	0.0
all	western_diet_gut_anoxic_membership	Prevotella_copri	Eubacterium_rectale	M_cro4_e	0.0	0.0	0	0.0
all	western_diet_gut_anoxic_membership	Prevotella_copri	Eubacterium_rectale	M_crvsm1_e	0.0	0.0	0	0.0
all	western_diet_gut_anoxic_membership	Prevotella_copri	Eubacterium_rectale	M_crvsm23_e	0.0	0.0	0	0.0
all	western_diet_gut_anoxic_membership	Prevotella_copri	Eubacterium_rectale	M_cu2_e	0.0	1.0	0	0.0
all	western_diet_gut_anoxic_membership	Prevotella_copri	Eubacterium_rectale	M_cvm1gluc_e	0.0	0.0	0	0.0
all	western_diet_gut_anoxic_membership	Prevotella_copri	Eubacterium_rectale	M_cvm23gluc_e	0.0	0.0	0	0.0
all	western_diet_gut_anoxic_membership	Prevotella_copri	Eubacterium_rectale	M_cys_L_e	0.0	0.63	0	0.0
all	western_diet_gut_anoxic_membership	Prevotella_copri	Eubacterium_rectale	M_cytd_e	0.0	0.0	0	0.0
all	western_diet_gut_anoxic_membership	Prevotella_copri	Eubacterium_rectale	M_czp_e	0.0	0.0	0	0.0
all	western_diet_gut_anoxic_membership	Prevotella_copri	Eubacterium_rectale	M_daa_e	0.0	0.0	0	0.0
all	western_diet_gut_anoxic_membership	Prevotella_copri	Eubacterium_rectale	M_daa_glc_e	0.0	0.0	0	0.0
all	western_diet_gut_anoxic_membership	Prevotella_copri	Eubacterium_rectale	M_dad_2_e	0.0	0.0	0	0.0
all	western_diet_gut_anoxic_membership	Prevotella_copri	Eubacterium_rectale	M_dcf_e	0.0	0.0	0	0.0
all	western_diet_gut_anoxic_membership	Prevotella_copri	Eubacterium_rectale	M_dcf_glc_e	0.0	0.0	0	0.0
all	western_diet_gut_anoxic_membership	Prevotella_copri	Eubacterium_rectale	M_dcyt_e	0.0	0.0	0	0.0
all	western_diet_gut_anoxic_membership	Prevotella_copri	Eubacterium_rectale	M_ddea_e	0.0	0.0	0	0.0
all	western_diet_gut_anoxic_membership	Prevotella_copri	Eubacterium_rectale	M_ddea_glc_e	0.0	0.0	0	0.0
all	western_diet_gut_anoxic_membership	Prevotella_copri	Eubacterium_rectale	M_des_astzl_e	0.0	0.0	0	0.0
all	western_diet_gut_anoxic_membership	Prevotella_copri	Eubacterium_rectale	M_des_astzl_glc_e	0.0	0.0	0	0.0
all	western_diet_gut_anoxic_membership	Prevotella_copri	Eubacterium_rectale	M_dfdcytd_e	0.0	0.0	0	0.0
all	western_diet_gut_anoxic_membership	Prevotella_copri	Eubacterium_rectale	M_dfduri_e	0.0	0.0	0	0.0
all	western_diet_gut_anoxic_membership	Prevotella_copri	Eubacterium_rectale	M_dgsn_e	0.0	0.0	0	0.0
all	western_diet_gut_anoxic_membership	Prevotella_copri	Eubacterium_rectale	M_digoxin_e	0.0	0.0	0	0.0
all	western_diet_gut_anoxic_membership	Prevotella_copri	Eubacterium_rectale	M_digoxin_glc_e	0.0	0.0	0	0.0
all	western_diet_gut_anoxic_membership	Prevotella_copri	Eubacterium_rectale	M_din_e	0.0	0.0	0	0.0
all	western_diet_gut_anoxic_membership	Prevotella_copri	Eubacterium_rectale	M_dlb_e	0.0	0.0	0	0.0
all	western_diet_gut_anoxic_membership	Prevotella_copri	Eubacterium_rectale	M_dlb_glc_e	0.0	0.0	0	0.0
all	western_diet_gut_anoxic_membership	Prevotella_copri	Eubacterium_rectale	M_dnpz_5des_e	0.0	0.0	0	0.0
all	western_diet_gut_anoxic_membership	Prevotella_copri	Eubacterium_rectale	M_dnpz_6des_e	0.0	0.0	0	0.0
all	western_diet_gut_anoxic_membership	Prevotella_copri	Eubacterium_rectale	M_dnpz_m11_e	0.0	0.0	0	0.0
all	western_diet_gut_anoxic_membership	Prevotella_copri	Eubacterium_rectale	M_dnpz_m12_e	0.0	0.0	0	0.0
all	western_diet_gut_anoxic_membership	Prevotella_copri	Eubacterium_rectale	M_dnpz_m13_e	0.0	0.0	0	0.0
all	western_diet_gut_anoxic_membership	Prevotella_copri	Eubacterium_rectale	M_dnpz_m14_e	0.0	0.0	0	0.0
all	western_diet_gut_anoxic_membership	Prevotella_copri	Eubacterium_rectale	M_dnpz_m9_e	0.0	0.0	0	0.0
all	western_diet_gut_anoxic_membership	Prevotella_copri	Eubacterium_rectale	M_doh_etr_e	0.0	0.0	0	0.0
all	western_diet_gut_anoxic_membership	Prevotella_copri	Eubacterium_rectale	M_doh_etr_glc_e	0.0	0.0	0	0.0
all	western_diet_gut_anoxic_membership	Prevotella_copri	Eubacterium_rectale	M_doh_vcz_e	0.0	0.0	0	0.0
all	western_diet_gut_anoxic_membership	Prevotella_copri	Eubacterium_rectale	M_doh_vcz_glc_e	0.0	0.0	0	0.0
all	western_diet_gut_anoxic_membership	Prevotella_copri	Eubacterium_rectale	M_duri_e	0.0	0.0	0	0.0
all	western_diet_gut_anoxic_membership	Prevotella_copri	Eubacterium_rectale	M_dxo_e	0.0	0.0	0	0.0
all	western_diet_gut_anoxic_membership	Prevotella_copri	Eubacterium_rectale	M_dxo_glc_e	0.0	0.0	0	0.0
all	western_diet_gut_anoxic_membership	Prevotella_copri	Eubacterium_rectale	M_efv_e	0.0	0.0	0	0.0
all	western_diet_gut_anoxic_membership	Prevotella_copri	Eubacterium_rectale	M_efv_glc_e	0.0	0.0	0	0.0
all	western_diet_gut_anoxic_membership	Prevotella_copri	Eubacterium_rectale	M_eltr_e	0.0	0.0	0	0.0
all	western_diet_gut_anoxic_membership	Prevotella_copri	Eubacterium_rectale	M_eltr_glc_e	0.0	0.0	0	0.0
all	western_diet_gut_anoxic_membership	Prevotella_copri	Eubacterium_rectale	M_eltr_m3_e	0.0	0.0	0	0.0
all	western_diet_gut_anoxic_membership	Prevotella_copri	Eubacterium_rectale	M_eltr_m4_e	0.0	0.0	0	0.0
all	western_diet_gut_anoxic_membership	Prevotella_copri	Eubacterium_rectale	M_estradiol_e	0.0	0.0	0	0.0
all	western_diet_gut_anoxic_membership	Prevotella_copri	Eubacterium_rectale	M_estradiolglc_e	0.0	0.0	0	0.0
all	western_diet_gut_anoxic_membership	Prevotella_copri	Eubacterium_rectale	M_estriol_e	0.0	0.0	0	0.0
all	western_diet_gut_anoxic_membership	Prevotella_copri	Eubacterium_rectale	M_estriolglc_e	0.0	0.0	0	0.0
all	western_diet_gut_anoxic_membership	Prevotella_copri	Eubacterium_rectale	M_estrone_e	0.0	0.0	0	0.0
all	western_diet_gut_anoxic_membership	Prevotella_copri	Eubacterium_rectale	M_estroneglc_e	0.0	0.0	0	0.0
all	western_diet_gut_anoxic_membership	Prevotella_copri	Eubacterium_rectale	M_eztmb_e	0.0	0.0	0	0.0
all	western_diet_gut_anoxic_membership	Prevotella_copri	Eubacterium_rectale	M_eztmb_glc_e	0.0	0.0	0	0.0
all	western_diet_gut_anoxic_membership	Prevotella_copri	Eubacterium_rectale	M_fe2_e	0.0	1.0	0	0.0
all	western_diet_gut_anoxic_membership	Prevotella_copri	Eubacterium_rectale	M_fe3_e	0.0	1.0	0	0.0
all	western_diet_gut_anoxic_membership	Prevotella_copri	Eubacterium_rectale	M_fol_e	0.0	0.0	0	0.0
all	western_diet_gut_anoxic_membership	Prevotella_copri	Eubacterium_rectale	M_for_e	0.0	0.01	0	0.0
all	western_diet_gut_anoxic_membership	Prevotella_copri	Eubacterium_rectale	M_fru_e	0.0	0.0	0	0.0
all	western_diet_gut_anoxic_membership	Prevotella_copri	Eubacterium_rectale	M_fum_e	0.0	0.18	0	0.0
all	western_diet_gut_anoxic_membership	Prevotella_copri	Eubacterium_rectale	M_fvs_e	0.0	0.0	0	0.0
all	western_diet_gut_anoxic_membership	Prevotella_copri	Eubacterium_rectale	M_fvsgluc_e	0.0	0.0	0	0.0
all	western_diet_gut_anoxic_membership	Prevotella_copri	Eubacterium_rectale	M_fvstet_e	0.0	0.0	0	0.0
all	western_diet_gut_anoxic_membership	Prevotella_copri	Eubacterium_rectale	M_fvstetglu_e	0.0	0.0	0	0.0
all	western_diet_gut_anoxic_membership	Prevotella_copri	Eubacterium_rectale	M_gal_e	0.0	0.0	0	0.0
all	western_diet_gut_anoxic_membership	Prevotella_copri	Eubacterium_rectale	M_galt_e	0.0	0.0	0	0.0
all	western_diet_gut_anoxic_membership	Prevotella_copri	Eubacterium_rectale	M_galur_e	0.0	0.0	0	0.0
all	western_diet_gut_anoxic_membership	Prevotella_copri	Eubacterium_rectale	M_glc3meacp_e	0.0	0.0	0	0.0
all	western_diet_gut_anoxic_membership	Prevotella_copri	Eubacterium_rectale	M_glc_D_e	0.0	0.06	1	0.0
all	western_diet_gut_anoxic_membership	Prevotella_copri	Eubacterium_rectale	M_glcur_e	0.0	0.0	0	0.0
all	western_diet_gut_anoxic_membership	Prevotella_copri	Eubacterium_rectale	M_gln_L_e	0.0	0.05	0	0.0
all	western_diet_gut_anoxic_membership	Prevotella_copri	Eubacterium_rectale	M_gltmn_e	0.0	0.0	0	0.0
all	western_diet_gut_anoxic_membership	Prevotella_copri	Eubacterium_rectale	M_gltmn_glc_e	0.0	0.0	0	0.0
all	western_diet_gut_anoxic_membership	Prevotella_copri	Eubacterium_rectale	M_glu_L_e	0.0	0.1	0	0.0
all	western_diet_gut_anoxic_membership	Prevotella_copri	Eubacterium_rectale	M_gly_e	0.0	0.13	0	0.0
all	western_diet_gut_anoxic_membership	Prevotella_copri	Eubacterium_rectale	M_glyasn_e	0.0	0.0	0	0.0
all	western_diet_gut_anoxic_membership	Prevotella_copri	Eubacterium_rectale	M_glyb_e	0.0	0.0	0	0.0
all	western_diet_gut_anoxic_membership	Prevotella_copri	Eubacterium_rectale	M_glyc_e	0.0	0.0	0	0.0
all	western_diet_gut_anoxic_membership	Prevotella_copri	Eubacterium_rectale	M_glycys_e	0.0	0.0	0	0.0
all	western_diet_gut_anoxic_membership	Prevotella_copri	Eubacterium_rectale	M_glygln_e	0.0	0.0	0	0.0
all	western_diet_gut_anoxic_membership	Prevotella_copri	Eubacterium_rectale	M_glyglu_e	0.0	0.0	0	0.0
all	western_diet_gut_anoxic_membership	Prevotella_copri	Eubacterium_rectale	M_glymet_e	0.0	0.0	0	0.0
all	western_diet_gut_anoxic_membership	Prevotella_copri	Eubacterium_rectale	M_glyphe_e	0.0	0.0	0	0.0
all	western_diet_gut_anoxic_membership	Prevotella_copri	Eubacterium_rectale	M_glypro_e	0.0	0.0	0	0.0
all	western_diet_gut_anoxic_membership	Prevotella_copri	Eubacterium_rectale	M_glytyr_e	0.0	0.0	0	0.0
all	western_diet_gut_anoxic_membership	Prevotella_copri	Eubacterium_rectale	M_gmfl_e	0.0	0.0	0	0.0
all	western_diet_gut_anoxic_membership	Prevotella_copri	Eubacterium_rectale	M_gmfl_glc_e	0.0	0.0	0	0.0
all	western_diet_gut_anoxic_membership	Prevotella_copri	Eubacterium_rectale	M_gmfl_mIII_e	0.0	0.0	0	0.0
all	western_diet_gut_anoxic_membership	Prevotella_copri	Eubacterium_rectale	M_gmfl_mIII_glc_e	0.0	0.0	0	0.0
all	western_diet_gut_anoxic_membership	Prevotella_copri	Eubacterium_rectale	M_gmfl_mII_e	0.0	0.0	0	0.0
all	western_diet_gut_anoxic_membership	Prevotella_copri	Eubacterium_rectale	M_gmfl_mII_glc_e	0.0	0.0	0	0.0
all	western_diet_gut_anoxic_membership	Prevotella_copri	Eubacterium_rectale	M_gmfl_mI_e	0.0	0.0	0	0.0
all	western_diet_gut_anoxic_membership	Prevotella_copri	Eubacterium_rectale	M_gmfl_mI_glc_e	0.0	0.0	0	0.0
all	western_diet_gut_anoxic_membership	Prevotella_copri	Eubacterium_rectale	M_gsn_e	0.0	0.0	0	0.0
all	western_diet_gut_anoxic_membership	Prevotella_copri	Eubacterium_rectale	M_gtacmp_e	0.0	0.0	0	0.0
all	western_diet_gut_anoxic_membership	Prevotella_copri	Eubacterium_rectale	M_gua_e	0.0	0.01	0	0.0
all	western_diet_gut_anoxic_membership	Prevotella_copri	Eubacterium_rectale	M_h2o_e	0.0	0.32	0	0.0
all	western_diet_gut_anoxic_membership	Prevotella_copri	Eubacterium_rectale	M_h_e	0.0	0.29	0	0.0
all	western_diet_gut_anoxic_membership	Prevotella_copri	Eubacterium_rectale	M_hg2_e	0.0	0.0	0	0.0
all	western_diet_gut_anoxic_membership	Prevotella_copri	Eubacterium_rectale	M_his_L_e	0.0	0.0	0	0.0
all	western_diet_gut_anoxic_membership	Prevotella_copri	Eubacterium_rectale	M_hst_37_diglc_e	0.0	0.0	0	0.0
all	western_diet_gut_anoxic_membership	Prevotella_copri	Eubacterium_rectale	M_hst_3_glc_e	0.0	0.0	0	0.0
all	western_diet_gut_anoxic_membership	Prevotella_copri	Eubacterium_rectale	M_hst_3_s_e	0.0	0.0	0	0.0
all	western_diet_gut_anoxic_membership	Prevotella_copri	Eubacterium_rectale	M_hst_3glc_7s_e	0.0	0.0	0	0.0
all	western_diet_gut_anoxic_membership	Prevotella_copri	Eubacterium_rectale	M_hst_7_glc_e	0.0	0.0	0	0.0
all	western_diet_gut_anoxic_membership	Prevotella_copri	Eubacterium_rectale	M_hst_7_s_e	0.0	0.0	0	0.0
all	western_diet_gut_anoxic_membership	Prevotella_copri	Eubacterium_rectale	M_hst_7glc_3s_e	0.0	0.0	0	0.0
all	western_diet_gut_anoxic_membership	Prevotella_copri	Eubacterium_rectale	M_hst_e	0.0	0.0	0	0.0
all	western_diet_gut_anoxic_membership	Prevotella_copri	Eubacterium_rectale	M_hxan_e	0.0	0.0	0	0.0
all	western_diet_gut_anoxic_membership	Prevotella_copri	Eubacterium_rectale	M_ibup_S_e	0.0	0.0	0	0.0
all	western_diet_gut_anoxic_membership	Prevotella_copri	Eubacterium_rectale	M_ibupgluc_e	0.0	0.0	0	0.0
all	western_diet_gut_anoxic_membership	Prevotella_copri	Eubacterium_rectale	M_ile_L_e	0.0	0.0	0	0.0
all	western_diet_gut_anoxic_membership	Prevotella_copri	Eubacterium_rectale	M_imn_e	0.0	0.0	0	0.0
all	western_diet_gut_anoxic_membership	Prevotella_copri	Eubacterium_rectale	M_imn_glc_e	0.0	0.0	0	0.0
all	western_diet_gut_anoxic_membership	Prevotella_copri	Eubacterium_rectale	M_ins_e	0.0	0.0	0	0.0
all	western_diet_gut_anoxic_membership	Prevotella_copri	Eubacterium_rectale	M_inv_e	0.0	0.0	0	0.0
all	western_diet_gut_anoxic_membership	Prevotella_copri	Eubacterium_rectale	M_inv_m1_e	0.0	0.0	0	0.0
all	western_diet_gut_anoxic_membership	Prevotella_copri	Eubacterium_rectale	M_isosorbide_5mn_e	0.0	0.0	0	0.0
all	western_diet_gut_anoxic_membership	Prevotella_copri	Eubacterium_rectale	M_isosorbide_5mn_glc_e	0.0	0.0	0	0.0
all	western_diet_gut_anoxic_membership	Prevotella_copri	Eubacterium_rectale	M_k_e	0.0	1.0	0	0.0
all	western_diet_gut_anoxic_membership	Prevotella_copri	Eubacterium_rectale	M_kprofen_e	0.0	0.0	0	0.0
all	western_diet_gut_anoxic_membership	Prevotella_copri	Eubacterium_rectale	M_kprofen_glc_e	0.0	0.0	0	0.0
all	western_diet_gut_anoxic_membership	Prevotella_copri	Eubacterium_rectale	M_lac_D_e	0.0	0.0	1	0.0
all	western_diet_gut_anoxic_membership	Prevotella_copri	Eubacterium_rectale	M_lac_L_e	0.0	0.0	1	0.0
all	western_diet_gut_anoxic_membership	Prevotella_copri	Eubacterium_rectale	M_lactl_e	0.0	0.0	0	0.0
all	western_diet_gut_anoxic_membership	Prevotella_copri	Eubacterium_rectale	M_lcts_e	0.0	0.0	0	0.0
all	western_diet_gut_anoxic_membership	Prevotella_copri	Eubacterium_rectale	M_leu_L_e	0.0	0.03	0	0.0
all	western_diet_gut_anoxic_membership	Prevotella_copri	Eubacterium_rectale	M_lst4exp_e	0.0	0.0	0	0.0
all	western_diet_gut_anoxic_membership	Prevotella_copri	Eubacterium_rectale	M_lstn1gluc_e	0.0	0.0	0	0.0
all	western_diet_gut_anoxic_membership	Prevotella_copri	Eubacterium_rectale	M_lstn_e	0.0	0.0	0	0.0
all	western_diet_gut_anoxic_membership	Prevotella_copri	Eubacterium_rectale	M_lstnm4_e	0.0	0.0	0	0.0
all	western_diet_gut_anoxic_membership	Prevotella_copri	Eubacterium_rectale	M_lstnm7_e	0.0	0.0	0	0.0
all	western_diet_gut_anoxic_membership	Prevotella_copri	Eubacterium_rectale	M_lys_L_e	0.0	0.0	0	0.0
all	western_diet_gut_anoxic_membership	Prevotella_copri	Eubacterium_rectale	M_malt_e	0.0	0.0	0	0.0
all	western_diet_gut_anoxic_membership	Prevotella_copri	Eubacterium_rectale	M_malthx_e	0.0	0.0	0	0.0
all	western_diet_gut_anoxic_membership	Prevotella_copri	Eubacterium_rectale	M_malttr_e	0.0	0.0	1	0.0
all	western_diet_gut_anoxic_membership	Prevotella_copri	Eubacterium_rectale	M_mantr_e	0.0	0.0	0	0.0
all	western_diet_gut_anoxic_membership	Prevotella_copri	Eubacterium_rectale	M_mdz_e	0.0	0.0	0	0.0
all	western_diet_gut_anoxic_membership	Prevotella_copri	Eubacterium_rectale	M_mdz_glc_e	0.0	0.0	0	0.0
all	western_diet_gut_anoxic_membership	Prevotella_copri	Eubacterium_rectale	M_mdzglc_e	0.0	0.0	0	0.0
all	western_diet_gut_anoxic_membership	Prevotella_copri	Eubacterium_rectale	M_met_L_e	0.0	0.37	0	0.0
all	western_diet_gut_anoxic_membership	Prevotella_copri	Eubacterium_rectale	M_metala_e	0.0	0.0	0	0.0
all	western_diet_gut_anoxic_membership	Prevotella_copri	Eubacterium_rectale	M_mg2_e	0.0	1.0	0	0.0
all	western_diet_gut_anoxic_membership	Prevotella_copri	Eubacterium_rectale	M_miso_e	0.0	0.0	0	0.0
all	western_diet_gut_anoxic_membership	Prevotella_copri	Eubacterium_rectale	M_miso_glc_e	0.0	0.0	0	0.0
all	western_diet_gut_anoxic_membership	Prevotella_copri	Eubacterium_rectale	M_mn2_e	0.0	1.0	0	0.0
all	western_diet_gut_anoxic_membership	Prevotella_copri	Eubacterium_rectale	M_mqn8_e	0.0	0.0	0	0.0
all	western_diet_gut_anoxic_membership	Prevotella_copri	Eubacterium_rectale	M_mrphn_3glc_e	0.0	0.0	0	0.0
all	western_diet_gut_anoxic_membership	Prevotella_copri	Eubacterium_rectale	M_mrphn_6glc_e	0.0	0.0	0	0.0
all	western_diet_gut_anoxic_membership	Prevotella_copri	Eubacterium_rectale	M_mrphn_e	0.0	0.0	0	0.0
all	western_diet_gut_anoxic_membership	Prevotella_copri	Eubacterium_rectale	M_mtz_e	0.0	0.0	0	0.0
all	western_diet_gut_anoxic_membership	Prevotella_copri	Eubacterium_rectale	M_mtz_glc_e	0.0	0.0	0	0.0
all	western_diet_gut_anoxic_membership	Prevotella_copri	Eubacterium_rectale	M_na1_e	0.0	0.0	0	0.0
all	western_diet_gut_anoxic_membership	Prevotella_copri	Eubacterium_rectale	M_nac_e	0.0	0.0	0	0.0
all	western_diet_gut_anoxic_membership	Prevotella_copri	Eubacterium_rectale	M_nchlphncl_e	0.0	0.0	0	0.0
all	western_diet_gut_anoxic_membership	Prevotella_copri	Eubacterium_rectale	M_nh4_e	0.0	0.15	1	0.0
all	western_diet_gut_anoxic_membership	Prevotella_copri	Eubacterium_rectale	M_nsldp_m5_e	0.0	0.0	0	0.0
all	western_diet_gut_anoxic_membership	Prevotella_copri	Eubacterium_rectale	M_nsldp_m5_glc_e	0.0	0.0	0	0.0
all	western_diet_gut_anoxic_membership	Prevotella_copri	Eubacterium_rectale	M_nverp_e	0.0	0.0	0	0.0
all	western_diet_gut_anoxic_membership	Prevotella_copri	Eubacterium_rectale	M_nverp_glc_e	0.0	0.0	0	0.0
all	western_diet_gut_anoxic_membership	Prevotella_copri	Eubacterium_rectale	M_nzp_e	0.0	0.0	0	0.0
all	western_diet_gut_anoxic_membership	Prevotella_copri	Eubacterium_rectale	M_o2_e	0.0	0.0	0	0.0
all	western_diet_gut_anoxic_membership	Prevotella_copri	Eubacterium_rectale	M_ocdca_e	0.0	0.0	0	0.0
all	western_diet_gut_anoxic_membership	Prevotella_copri	Eubacterium_rectale	M_odsm_egltmn_e	0.0	0.0	0	0.0
all	western_diet_gut_anoxic_membership	Prevotella_copri	Eubacterium_rectale	M_odsm_egltmn_glc_e	0.0	0.0	0	0.0
all	western_diet_gut_anoxic_membership	Prevotella_copri	Eubacterium_rectale	M_odsm_gltmn_e	0.0	0.0	0	0.0
all	western_diet_gut_anoxic_membership	Prevotella_copri	Eubacterium_rectale	M_odsm_gltmn_glc_e	0.0	0.0	0	0.0
all	western_diet_gut_anoxic_membership	Prevotella_copri	Eubacterium_rectale	M_oh_etr_e	0.0	0.0	0	0.0
all	western_diet_gut_anoxic_membership	Prevotella_copri	Eubacterium_rectale	M_oh_etr_glc_e	0.0	0.0	0	0.0
all	western_diet_gut_anoxic_membership	Prevotella_copri	Eubacterium_rectale	M_oh_pbl_e	0.0	0.0	0	0.0
all	western_diet_gut_anoxic_membership	Prevotella_copri	Eubacterium_rectale	M_oh_pbl_glc_e	0.0	0.0	0	0.0
all	western_diet_gut_anoxic_membership	Prevotella_copri	Eubacterium_rectale	M_pb_e	0.0	0.0	0	0.0
all	western_diet_gut_anoxic_membership	Prevotella_copri	Eubacterium_rectale	M_phe_L_e	0.0	0.0	0	0.0
all	western_diet_gut_anoxic_membership	Prevotella_copri	Eubacterium_rectale	M_pheme_e	0.0	1.0	0	0.0
all	western_diet_gut_anoxic_membership	Prevotella_copri	Eubacterium_rectale	M_phppa_e	0.0	0.0	0	0.0
all	western_diet_gut_anoxic_membership	Prevotella_copri	Eubacterium_rectale	M_phppa_glc_e	0.0	0.0	0	0.0
all	western_diet_gut_anoxic_membership	Prevotella_copri	Eubacterium_rectale	M_phtn_glc_e	0.0	0.0	0	0.0
all	western_diet_gut_anoxic_membership	Prevotella_copri	Eubacterium_rectale	M_pi_e	0.0	1.0	0	0.0
all	western_diet_gut_anoxic_membership	Prevotella_copri	Eubacterium_rectale	M_pnto_R_e	0.0	0.0	0	0.0
all	western_diet_gut_anoxic_membership	Prevotella_copri	Eubacterium_rectale	M_ppa_e	0.0	0.0	0	0.0
all	western_diet_gut_anoxic_membership	Prevotella_copri	Eubacterium_rectale	M_ppi_e	0.0	0.0	0	0.0
all	western_diet_gut_anoxic_membership	Prevotella_copri	Eubacterium_rectale	M_pro_L_e	0.0	0.0	0	0.0
all	western_diet_gut_anoxic_membership	Prevotella_copri	Eubacterium_rectale	M_prob_e	0.0	0.0	0	0.0
all	western_diet_gut_anoxic_membership	Prevotella_copri	Eubacterium_rectale	M_prob_glc_e	0.0	0.0	0	0.0
all	western_diet_gut_anoxic_membership	Prevotella_copri	Eubacterium_rectale	M_pront_e	0.0	0.0	0	0.0
all	western_diet_gut_anoxic_membership	Prevotella_copri	Eubacterium_rectale	M_pront_glc_e	0.0	0.0	0	0.0
all	western_diet_gut_anoxic_membership	Prevotella_copri	Eubacterium_rectale	M_propl_e	0.0	0.0	0	0.0
all	western_diet_gut_anoxic_membership	Prevotella_copri	Eubacterium_rectale	M_propl_glc_e	0.0	0.0	0	0.0
all	western_diet_gut_anoxic_membership	Prevotella_copri	Eubacterium_rectale	M_prx_mII_e	0.0	0.0	0	0.0
all	western_diet_gut_anoxic_membership	Prevotella_copri	Eubacterium_rectale	M_prx_mII_glc_e	0.0	0.0	0	0.0
all	western_diet_gut_anoxic_membership	Prevotella_copri	Eubacterium_rectale	M_prx_mI_e	0.0	0.0	0	0.0
all	western_diet_gut_anoxic_membership	Prevotella_copri	Eubacterium_rectale	M_prx_mI_glc_e	0.0	0.0	0	0.0
all	western_diet_gut_anoxic_membership	Prevotella_copri	Eubacterium_rectale	M_ptrc_e	0.0	0.0	0	0.0
all	western_diet_gut_anoxic_membership	Prevotella_copri	Eubacterium_rectale	M_ptvst_e	0.0	0.0	0	0.0
all	western_diet_gut_anoxic_membership	Prevotella_copri	Eubacterium_rectale	M_ptvstgluc_e	0.0	0.0	0	0.0
all	western_diet_gut_anoxic_membership	Prevotella_copri	Eubacterium_rectale	M_pvs_e	0.0	0.0	0	0.0
all	western_diet_gut_anoxic_membership	Prevotella_copri	Eubacterium_rectale	M_pvsgluc_e	0.0	0.0	0	0.0
all	western_diet_gut_anoxic_membership	Prevotella_copri	Eubacterium_rectale	M_pydam_e	0.0	0.0	0	0.0
all	western_diet_gut_anoxic_membership	Prevotella_copri	Eubacterium_rectale	M_pydx_e	0.0	0.0	0	0.0
all	western_diet_gut_anoxic_membership	Prevotella_copri	Eubacterium_rectale	M_pydxn_e	0.0	0.0	0	0.0
all	western_diet_gut_anoxic_membership	Prevotella_copri	Eubacterium_rectale	M_q8_e	0.0	1.0	0	0.0
all	western_diet_gut_anoxic_membership	Prevotella_copri	Eubacterium_rectale	M_r406_e	0.0	0.0	0	0.0
all	western_diet_gut_anoxic_membership	Prevotella_copri	Eubacterium_rectale	M_r406_glc_e	0.0	0.0	0	0.0
all	western_diet_gut_anoxic_membership	Prevotella_copri	Eubacterium_rectale	M_r529_e	0.0	0.0	0	0.0
all	western_diet_gut_anoxic_membership	Prevotella_copri	Eubacterium_rectale	M_r529_glc_e	0.0	0.0	0	0.0
all	western_diet_gut_anoxic_membership	Prevotella_copri	Eubacterium_rectale	M_raffin_e	0.0	0.0	0	0.0
all	western_diet_gut_anoxic_membership	Prevotella_copri	Eubacterium_rectale	M_regfnb_e	0.0	0.0	0	0.0
all	western_diet_gut_anoxic_membership	Prevotella_copri	Eubacterium_rectale	M_regfnb_glc_e	0.0	0.0	0	0.0
all	western_diet_gut_anoxic_membership	Prevotella_copri	Eubacterium_rectale	M_rep_e	0.0	0.0	0	0.0
all	western_diet_gut_anoxic_membership	Prevotella_copri	Eubacterium_rectale	M_rep_glc_e	0.0	0.0	0	0.0
all	western_diet_gut_anoxic_membership	Prevotella_copri	Eubacterium_rectale	M_ribflv_e	0.0	0.0	0	0.0
all	western_diet_gut_anoxic_membership	Prevotella_copri	Eubacterium_rectale	M_rmn_e	0.0	0.11	0	0.0
all	western_diet_gut_anoxic_membership	Prevotella_copri	Eubacterium_rectale	M_rpn_104557_cb_glc_e	0.0	0.0	0	0.0
all	western_diet_gut_anoxic_membership	Prevotella_copri	Eubacterium_rectale	M_rpn_104557_e	0.0	0.0	0	0.0
all	western_diet_gut_anoxic_membership	Prevotella_copri	Eubacterium_rectale	M_rpn_96990_e	0.0	0.0	0	0.0
all	western_diet_gut_anoxic_membership	Prevotella_copri	Eubacterium_rectale	M_rpn_96990_glc_e	0.0	0.0	0	0.0
all	western_diet_gut_anoxic_membership	Prevotella_copri	Eubacterium_rectale	M_rpn_oh_e	0.0	0.0	0	0.0
all	western_diet_gut_anoxic_membership	Prevotella_copri	Eubacterium_rectale	M_rpn_oh_glc_e	0.0	0.0	0	0.0
all	western_diet_gut_anoxic_membership	Prevotella_copri	Eubacterium_rectale	M_rsv_e	0.0	0.0	0	0.0
all	western_diet_gut_anoxic_membership	Prevotella_copri	Eubacterium_rectale	M_rsvgluc_e	0.0	0.0	0	0.0
all	western_diet_gut_anoxic_membership	Prevotella_copri	Eubacterium_rectale	M_salcn_e	0.0	0.0	0	0.0
all	western_diet_gut_anoxic_membership	Prevotella_copri	Eubacterium_rectale	M_sb_611855_e	0.0	0.0	0	0.0
all	western_diet_gut_anoxic_membership	Prevotella_copri	Eubacterium_rectale	M_sb_y_e	0.0	0.0	0	0.0
all	western_diet_gut_anoxic_membership	Prevotella_copri	Eubacterium_rectale	M_sch_488128_e	0.0	0.0	0	0.0
all	western_diet_gut_anoxic_membership	Prevotella_copri	Eubacterium_rectale	M_sch_57871_e	0.0	0.0	0	0.0
all	western_diet_gut_anoxic_membership	Prevotella_copri	Eubacterium_rectale	M_sch_57871_glc_e	0.0	0.0	0	0.0
all	western_diet_gut_anoxic_membership	Prevotella_copri	Eubacterium_rectale	M_ser_L_e	0.0	0.15	0	0.0
all	western_diet_gut_anoxic_membership	Prevotella_copri	Eubacterium_rectale	M_sfnd_1689_e	0.0	0.0	0	0.0
all	western_diet_gut_anoxic_membership	Prevotella_copri	Eubacterium_rectale	M_sfnd_1689_glc_e	0.0	0.0	0	0.0
all	western_diet_gut_anoxic_membership	Prevotella_copri	Eubacterium_rectale	M_sftz_e	0.0	0.0	0	0.0
all	western_diet_gut_anoxic_membership	Prevotella_copri	Eubacterium_rectale	M_sftz_glc_e	0.0	0.0	0	0.0
all	western_diet_gut_anoxic_membership	Prevotella_copri	Eubacterium_rectale	M_simvgluc_e	0.0	0.0	0	0.0
all	western_diet_gut_anoxic_membership	Prevotella_copri	Eubacterium_rectale	M_smap_e	0.0	0.0	0	0.0
all	western_diet_gut_anoxic_membership	Prevotella_copri	Eubacterium_rectale	M_smap_glc_e	0.0	0.0	0	0.0
all	western_diet_gut_anoxic_membership	Prevotella_copri	Eubacterium_rectale	M_smvacid_e	0.0	0.0	0	0.0
all	western_diet_gut_anoxic_membership	Prevotella_copri	Eubacterium_rectale	M_sn38_e	0.0	0.0	0	0.0
all	western_diet_gut_anoxic_membership	Prevotella_copri	Eubacterium_rectale	M_sn38g_e	0.0	0.0	0	0.0
all	western_diet_gut_anoxic_membership	Prevotella_copri	Eubacterium_rectale	M_so4_e	0.0	1.0	0	0.0
all	western_diet_gut_anoxic_membership	Prevotella_copri	Eubacterium_rectale	M_spmd_e	0.0	0.0	0	0.0
all	western_diet_gut_anoxic_membership	Prevotella_copri	Eubacterium_rectale	M_spz_e	0.0	0.0	0	0.0
all	western_diet_gut_anoxic_membership	Prevotella_copri	Eubacterium_rectale	M_spz_glc_e	0.0	0.0	0	0.0
all	western_diet_gut_anoxic_membership	Prevotella_copri	Eubacterium_rectale	M_spz_sfn_e	0.0	0.0	0	0.0
all	western_diet_gut_anoxic_membership	Prevotella_copri	Eubacterium_rectale	M_spz_sfn_glc_e	0.0	0.0	0	0.0
all	western_diet_gut_anoxic_membership	Prevotella_copri	Eubacterium_rectale	M_srv_e	0.0	0.0	0	0.0
all	western_diet_gut_anoxic_membership	Prevotella_copri	Eubacterium_rectale	M_stg_e	0.0	0.0	0	0.0
all	western_diet_gut_anoxic_membership	Prevotella_copri	Eubacterium_rectale	M_stg_m3_e	0.0	0.0	0	0.0
all	western_diet_gut_anoxic_membership	Prevotella_copri	Eubacterium_rectale	M_stg_m4_e	0.0	0.0	0	0.0
all	western_diet_gut_anoxic_membership	Prevotella_copri	Eubacterium_rectale	M_strch2_e	0.0	0.0	1	0.0
all	western_diet_gut_anoxic_membership	Prevotella_copri	Eubacterium_rectale	M_stys_e	0.0	0.0	0	0.0
all	western_diet_gut_anoxic_membership	Prevotella_copri	Eubacterium_rectale	M_succ_e	0.0	0.13	0	0.0
all	western_diet_gut_anoxic_membership	Prevotella_copri	Eubacterium_rectale	M_sucr_e	0.0	0.0	0	0.0
all	western_diet_gut_anoxic_membership	Prevotella_copri	Eubacterium_rectale	M_tat_e	0.0	0.0	0	0.0
all	western_diet_gut_anoxic_membership	Prevotella_copri	Eubacterium_rectale	M_tgz_e	0.0	0.0	0	0.0
all	western_diet_gut_anoxic_membership	Prevotella_copri	Eubacterium_rectale	M_tgz_glc_e	0.0	0.0	0	0.0
all	western_diet_gut_anoxic_membership	Prevotella_copri	Eubacterium_rectale	M_thr_L_e	0.0	0.17	0	0.0
all	western_diet_gut_anoxic_membership	Prevotella_copri	Eubacterium_rectale	M_thsacmp_e	0.0	0.0	0	0.0
all	western_diet_gut_anoxic_membership	Prevotella_copri	Eubacterium_rectale	M_thymd_e	0.0	0.0	0	0.0
all	western_diet_gut_anoxic_membership	Prevotella_copri	Eubacterium_rectale	M_tlf_a_1a_e	0.0	0.0	0	0.0
all	western_diet_gut_anoxic_membership	Prevotella_copri	Eubacterium_rectale	M_tlf_a_1b_e	0.0	0.0	0	0.0
all	western_diet_gut_anoxic_membership	Prevotella_copri	Eubacterium_rectale	M_tlf_a_1x_e	0.0	0.0	0	0.0
all	western_diet_gut_anoxic_membership	Prevotella_copri	Eubacterium_rectale	M_tlf_a_2_e	0.0	0.0	0	0.0
all	western_diet_gut_anoxic_membership	Prevotella_copri	Eubacterium_rectale	M_tlf_a_2a_e	0.0	0.0	0	0.0
all	western_diet_gut_anoxic_membership	Prevotella_copri	Eubacterium_rectale	M_tlf_a_3_e	0.0	0.0	0	0.0
all	western_diet_gut_anoxic_membership	Prevotella_copri	Eubacterium_rectale	M_tlf_a_4_e	0.0	0.0	0	0.0
all	western_diet_gut_anoxic_membership	Prevotella_copri	Eubacterium_rectale	M_tlf_a_e	0.0	0.0	0	0.0
all	western_diet_gut_anoxic_membership	Prevotella_copri	Eubacterium_rectale	M_tlf_a_m1_e	0.0	0.0	0	0.0
all	western_diet_gut_anoxic_membership	Prevotella_copri	Eubacterium_rectale	M_tlf_a_m2_e	0.0	0.0	0	0.0
all	western_diet_gut_anoxic_membership	Prevotella_copri	Eubacterium_rectale	M_tlf_a_m3_e	0.0	0.0	0	0.0
all	western_diet_gut_anoxic_membership	Prevotella_copri	Eubacterium_rectale	M_tlf_a_m4_e	0.0	0.0	0	0.0
all	western_diet_gut_anoxic_membership	Prevotella_copri	Eubacterium_rectale	M_tlf_a_m4a_e	0.0	0.0	0	0.0
all	western_diet_gut_anoxic_membership	Prevotella_copri	Eubacterium_rectale	M_tlf_a_m5_e	0.0	0.0	0	0.0
all	western_diet_gut_anoxic_membership	Prevotella_copri	Eubacterium_rectale	M_tlf_a_m5a_e	0.0	0.0	0	0.0
all	western_diet_gut_anoxic_membership	Prevotella_copri	Eubacterium_rectale	M_tlf_a_m5b_e	0.0	0.0	0	0.0
all	western_diet_gut_anoxic_membership	Prevotella_copri	Eubacterium_rectale	M_tlf_a_m6_e	0.0	0.0	0	0.0
all	western_diet_gut_anoxic_membership	Prevotella_copri	Eubacterium_rectale	M_tlf_a_m9_e	0.0	0.0	0	0.0
all	western_diet_gut_anoxic_membership	Prevotella_copri	Eubacterium_rectale	M_tlms_e	0.0	0.0	0	0.0
all	western_diet_gut_anoxic_membership	Prevotella_copri	Eubacterium_rectale	M_tlms_glc_e	0.0	0.0	0	0.0
all	western_diet_gut_anoxic_membership	Prevotella_copri	Eubacterium_rectale	M_tmacmp_e	0.0	0.0	0	0.0
all	western_diet_gut_anoxic_membership	Prevotella_copri	Eubacterium_rectale	M_tolcp_ac_e	0.0	0.0	0	0.0
all	western_diet_gut_anoxic_membership	Prevotella_copri	Eubacterium_rectale	M_tolcp_ac_glc_e	0.0	0.0	0	0.0
all	western_diet_gut_anoxic_membership	Prevotella_copri	Eubacterium_rectale	M_tolcp_am_e	0.0	0.0	0	0.0
all	western_diet_gut_anoxic_membership	Prevotella_copri	Eubacterium_rectale	M_tolcp_am_glc_e	0.0	0.0	0	0.0
all	western_diet_gut_anoxic_membership	Prevotella_copri	Eubacterium_rectale	M_tolcp_e	0.0	0.0	0	0.0
all	western_diet_gut_anoxic_membership	Prevotella_copri	Eubacterium_rectale	M_tolcp_glc_e	0.0	0.0	0	0.0
all	western_diet_gut_anoxic_membership	Prevotella_copri	Eubacterium_rectale	M_tpno_1glc_4g_e	0.0	0.0	0	0.0
all	western_diet_gut_anoxic_membership	Prevotella_copri	Eubacterium_rectale	M_tpno_4g_e	0.0	0.0	0	0.0
all	western_diet_gut_anoxic_membership	Prevotella_copri	Eubacterium_rectale	M_tpno_4glc_e	0.0	0.0	0	0.0
all	western_diet_gut_anoxic_membership	Prevotella_copri	Eubacterium_rectale	M_tpnoh_e	0.0	0.0	0	0.0
all	western_diet_gut_anoxic_membership	Prevotella_copri	Eubacterium_rectale	M_trp_L_e	0.0	0.0	0	0.0
all	western_diet_gut_anoxic_membership	Prevotella_copri	Eubacterium_rectale	M_tsacmgluc_e	0.0	0.0	0	0.0
all	western_diet_gut_anoxic_membership	Prevotella_copri	Eubacterium_rectale	M_tsul_e	0.0	0.0	0	0.0
all	western_diet_gut_anoxic_membership	Prevotella_copri	Eubacterium_rectale	M_ttdca_e	0.0	0.0	0	0.0
all	western_diet_gut_anoxic_membership	Prevotella_copri	Eubacterium_rectale	M_tyr_L_e	0.0	0.0	0	0.0
all	western_diet_gut_anoxic_membership	Prevotella_copri	Eubacterium_rectale	M_ura_e	0.0	0.0	0	0.0
all	western_diet_gut_anoxic_membership	Prevotella_copri	Eubacterium_rectale	M_uri_e	0.0	0.0	0	0.0
all	western_diet_gut_anoxic_membership	Prevotella_copri	Eubacterium_rectale	M_val_L_e	0.0	0.01	0	0.0
all	western_diet_gut_anoxic_membership	Prevotella_copri	Eubacterium_rectale	M_xan_e	0.0	0.0	0	0.0
all	western_diet_gut_anoxic_membership	Prevotella_copri	Eubacterium_rectale	M_xyl_D_e	0.0	0.12	0	0.0
all	western_diet_gut_anoxic_membership	Prevotella_copri	Eubacterium_rectale	M_xylottr_e	0.0	0.0	0	0.0
all	western_diet_gut_anoxic_membership	Prevotella_copri	Eubacterium_rectale	M_zn2_e	0.0	1.0	0	0.0
all	western_diet_gut_anoxic_membership	Alistipes_putredinis	Prevotella_copri	M_12ppd_S_e	0.0	0.0	1	0.0
all	western_diet_gut_anoxic_membership	Alistipes_putredinis	Prevotella_copri	M_1hibup_S_e	0.0	0.0	0	0.0
all	western_diet_gut_anoxic_membership	Alistipes_putredinis	Prevotella_copri	M_1hibupglu_S_e	0.0	0.0	0	0.0
all	western_diet_gut_anoxic_membership	Alistipes_putredinis	Prevotella_copri	M_1hmdgluc_e	0.0	0.0	0	0.0
all	western_diet_gut_anoxic_membership	Alistipes_putredinis	Prevotella_copri	M_1ohmdz_e	0.0	0.0	0	0.0
all	western_diet_gut_anoxic_membership	Alistipes_putredinis	Prevotella_copri	M_26dap_M_e	0.0	1.0	0	0.0
all	western_diet_gut_anoxic_membership	Alistipes_putredinis	Prevotella_copri	M_2hatvacid_e	0.0	0.0	0	0.0
all	western_diet_gut_anoxic_membership	Alistipes_putredinis	Prevotella_copri	M_2hatvacidgluc_e	0.0	0.0	0	0.0
all	western_diet_gut_anoxic_membership	Alistipes_putredinis	Prevotella_copri	M_2hatvlac_e	0.0	0.0	0	0.0
all	western_diet_gut_anoxic_membership	Alistipes_putredinis	Prevotella_copri	M_2hatvlacgluc_e	0.0	0.0	0	0.0
all	western_diet_gut_anoxic_membership	Alistipes_putredinis	Prevotella_copri	M_2hibup_S_e	0.0	0.0	0	0.0
all	western_diet_gut_anoxic_membership	Alistipes_putredinis	Prevotella_copri	M_2hibupglu_S_e	0.0	0.0	0	0.0
all	western_diet_gut_anoxic_membership	Alistipes_putredinis	Prevotella_copri	M_2oh_cbz_e	0.0	0.0	0	0.0
all	western_diet_gut_anoxic_membership	Alistipes_putredinis	Prevotella_copri	M_2oh_cbz_glc_e	0.0	0.0	0	0.0
all	western_diet_gut_anoxic_membership	Alistipes_putredinis	Prevotella_copri	M_2oh_mtz_e	0.0	0.0	0	0.0
all	western_diet_gut_anoxic_membership	Alistipes_putredinis	Prevotella_copri	M_2oh_mtz_glc_e	0.0	0.0	0	0.0
all	western_diet_gut_anoxic_membership	Alistipes_putredinis	Prevotella_copri	M_3hibup_S_e	0.0	0.0	0	0.0
all	western_diet_gut_anoxic_membership	Alistipes_putredinis	Prevotella_copri	M_3hibupglu_S_e	0.0	0.0	0	0.0
all	western_diet_gut_anoxic_membership	Alistipes_putredinis	Prevotella_copri	M_3meacmp_e	0.0	0.0	0	0.0
all	western_diet_gut_anoxic_membership	Alistipes_putredinis	Prevotella_copri	M_3oh_cbz_e	0.0	0.0	0	0.0
all	western_diet_gut_anoxic_membership	Alistipes_putredinis	Prevotella_copri	M_3oh_cbz_glc_e	0.0	0.0	0	0.0
all	western_diet_gut_anoxic_membership	Alistipes_putredinis	Prevotella_copri	M_3oh_dlor_e	0.0	0.0	0	0.0
all	western_diet_gut_anoxic_membership	Alistipes_putredinis	Prevotella_copri	M_3oh_dlor_glc_e	0.0	0.0	0	0.0
all	western_diet_gut_anoxic_membership	Alistipes_putredinis	Prevotella_copri	M_3oh_mdea_e	0.0	0.0	0	0.0
all	western_diet_gut_anoxic_membership	Alistipes_putredinis	Prevotella_copri	M_3oh_mdea_glc_e	0.0	0.0	0	0.0
all	western_diet_gut_anoxic_membership	Alistipes_putredinis	Prevotella_copri	M_3oh_mxn_e	0.0	0.0	0	0.0
all	western_diet_gut_anoxic_membership	Alistipes_putredinis	Prevotella_copri	M_3oh_mxn_glc_e	0.0	0.0	0	0.0
all	western_diet_gut_anoxic_membership	Alistipes_putredinis	Prevotella_copri	M_4dh_tpno_1glc_e	0.0	0.0	0	0.0
all	western_diet_gut_anoxic_membership	Alistipes_putredinis	Prevotella_copri	M_4dh_tpno_e	0.0	0.0	0	0.0
all	western_diet_gut_anoxic_membership	Alistipes_putredinis	Prevotella_copri	M_4hbz_e	0.0	1.0	0	0.0
all	western_diet_gut_anoxic_membership	Alistipes_putredinis	Prevotella_copri	M_4hmdgluc_e	0.0	0.0	0	0.0
all	western_diet_gut_anoxic_membership	Alistipes_putredinis	Prevotella_copri	M_4oh_dcf_e	0.0	0.0	0	0.0
all	western_diet_gut_anoxic_membership	Alistipes_putredinis	Prevotella_copri	M_4oh_dcf_glc_e	0.0	0.0	0	0.0
all	western_diet_gut_anoxic_membership	Alistipes_putredinis	Prevotella_copri	M_4oh_kp_e	0.0	0.0	0	0.0
all	western_diet_gut_anoxic_membership	Alistipes_putredinis	Prevotella_copri	M_4oh_kp_glc_e	0.0	0.0	0	0.0
all	western_diet_gut_anoxic_membership	Alistipes_putredinis	Prevotella_copri	M_4oh_levole_e	0.0	0.0	0	0.0
all	western_diet_gut_anoxic_membership	Alistipes_putredinis	Prevotella_copri	M_4oh_levole_glc_e	0.0	0.0	0	0.0
all	western_diet_gut_anoxic_membership	Alistipes_putredinis	Prevotella_copri	M_4oh_meth_e	0.0	0.0	0	0.0
all	western_diet_gut_anoxic_membership	Alistipes_putredinis	Prevotella_copri	M_4oh_meth_glc_e	0.0	0.0	0	0.0
all	western_diet_gut_anoxic_membership	Alistipes_putredinis	Prevotella_copri	M_4oh_propl_e	0.0	0.0	0	0.0
all	western_diet_gut_anoxic_membership	Alistipes_putredinis	Prevotella_copri	M_4oh_propl_glc_e	0.0	0.0	0	0.0
all	western_diet_gut_anoxic_membership	Alistipes_putredinis	Prevotella_copri	M_4oh_trz_e	0.0	0.0	0	0.0
all	western_diet_gut_anoxic_membership	Alistipes_putredinis	Prevotella_copri	M_4oh_trz_glc_e	0.0	0.0	0	0.0
all	western_diet_gut_anoxic_membership	Alistipes_putredinis	Prevotella_copri	M_4oh_vcz_e	0.0	0.0	0	0.0
all	western_diet_gut_anoxic_membership	Alistipes_putredinis	Prevotella_copri	M_4oh_vcz_glc_e	0.0	0.0	0	0.0
all	western_diet_gut_anoxic_membership	Alistipes_putredinis	Prevotella_copri	M_4ohmdz_e	0.0	0.0	0	0.0
all	western_diet_gut_anoxic_membership	Alistipes_putredinis	Prevotella_copri	M_5oh_sulfp_e	0.0	0.0	0	0.0
all	western_diet_gut_anoxic_membership	Alistipes_putredinis	Prevotella_copri	M_5oh_sulfp_glc_e	0.0	0.0	0	0.0
all	western_diet_gut_anoxic_membership	Alistipes_putredinis	Prevotella_copri	M_5ohfvs_e	0.0	0.0	0	0.0
all	western_diet_gut_anoxic_membership	Alistipes_putredinis	Prevotella_copri	M_5ohfvsglu_e	0.0	0.0	0	0.0
all	western_diet_gut_anoxic_membership	Alistipes_putredinis	Prevotella_copri	M_6bhglz_e	0.0	0.0	0	0.0
all	western_diet_gut_anoxic_membership	Alistipes_putredinis	Prevotella_copri	M_6bhglzglc_e	0.0	0.0	0	0.0
all	western_diet_gut_anoxic_membership	Alistipes_putredinis	Prevotella_copri	M_6ohfvs_e	0.0	0.0	0	0.0
all	western_diet_gut_anoxic_membership	Alistipes_putredinis	Prevotella_copri	M_6ohfvsglu_e	0.0	0.0	0	0.0
all	western_diet_gut_anoxic_membership	Alistipes_putredinis	Prevotella_copri	M_7a_czp_e	0.0	0.08333333333333333	1	0.0
all	western_diet_gut_anoxic_membership	Alistipes_putredinis	Prevotella_copri	M_7bhglz_e	0.0	0.0	0	0.0
all	western_diet_gut_anoxic_membership	Alistipes_putredinis	Prevotella_copri	M_7bhglzglc_e	0.0	0.0	0	0.0
all	western_diet_gut_anoxic_membership	Alistipes_putredinis	Prevotella_copri	M_7oh_efv_e	0.0	0.0	0	0.0
all	western_diet_gut_anoxic_membership	Alistipes_putredinis	Prevotella_copri	M_7oh_efv_glc_e	0.0	0.0	0	0.0
all	western_diet_gut_anoxic_membership	Alistipes_putredinis	Prevotella_copri	M_814dioh_efv_e	0.0	0.0	0	0.0
all	western_diet_gut_anoxic_membership	Alistipes_putredinis	Prevotella_copri	M_814dioh_efv_glc_e	0.0	0.0	0	0.0
all	western_diet_gut_anoxic_membership	Alistipes_putredinis	Prevotella_copri	M_8oh_efv_e	0.0	0.0	0	0.0
all	western_diet_gut_anoxic_membership	Alistipes_putredinis	Prevotella_copri	M_8oh_efv_glc_e	0.0	0.0	0	0.0
all	western_diet_gut_anoxic_membership	Alistipes_putredinis	Prevotella_copri	M_C02528_e	0.0	0.0	0	0.0
all	western_diet_gut_anoxic_membership	Alistipes_putredinis	Prevotella_copri	M_N_oh_phtn_e	0.0	0.0	0	0.0
all	western_diet_gut_anoxic_membership	Alistipes_putredinis	Prevotella_copri	M_N_oh_phtn_glc_e	0.0	0.0	0	0.0
all	western_diet_gut_anoxic_membership	Alistipes_putredinis	Prevotella_copri	M_R_6oh_warf_e	0.0	0.0	0	0.0
all	western_diet_gut_anoxic_membership	Alistipes_putredinis	Prevotella_copri	M_R_6oh_warf_glc_e	0.0	0.0	0	0.0
all	western_diet_gut_anoxic_membership	Alistipes_putredinis	Prevotella_copri	M_R_7oh_warf_e	0.0	0.0	0	0.0
all	western_diet_gut_anoxic_membership	Alistipes_putredinis	Prevotella_copri	M_R_7oh_warf_glc_e	0.0	0.0	0	0.0
all	western_diet_gut_anoxic_membership	Alistipes_putredinis	Prevotella_copri	M_R_8oh_warf_e	0.0	0.0	0	0.0
all	western_diet_gut_anoxic_membership	Alistipes_putredinis	Prevotella_copri	M_R_8oh_warf_glc_e	0.0	0.0	0	0.0
all	western_diet_gut_anoxic_membership	Alistipes_putredinis	Prevotella_copri	M_S_4oh_warf_e	0.0	0.0	0	0.0
all	western_diet_gut_anoxic_membership	Alistipes_putredinis	Prevotella_copri	M_S_4oh_warf_glc_e	0.0	0.0	0	0.0
all	western_diet_gut_anoxic_membership	Alistipes_putredinis	Prevotella_copri	M_S_6oh_warf_e	0.0	0.0	0	0.0
all	western_diet_gut_anoxic_membership	Alistipes_putredinis	Prevotella_copri	M_S_6oh_warf_glc_e	0.0	0.0	0	0.0
all	western_diet_gut_anoxic_membership	Alistipes_putredinis	Prevotella_copri	M_ac_amn_b_gly_e	0.0	0.0	0	0.0
all	western_diet_gut_anoxic_membership	Alistipes_putredinis	Prevotella_copri	M_ac_amn_b_gly_glc_e	0.0	0.0	0	0.0
all	western_diet_gut_anoxic_membership	Alistipes_putredinis	Prevotella_copri	M_ac_e	0.0	0.17708333333333334	0	0.0
all	western_diet_gut_anoxic_membership	Alistipes_putredinis	Prevotella_copri	M_acmp_e	0.0	0.0	0	0.0
all	western_diet_gut_anoxic_membership	Alistipes_putredinis	Prevotella_copri	M_acmp_glc_e	0.0	0.0	0	0.0
all	western_diet_gut_anoxic_membership	Alistipes_putredinis	Prevotella_copri	M_acmpglu_e	0.0	0.0	0	0.0
all	western_diet_gut_anoxic_membership	Alistipes_putredinis	Prevotella_copri	M_adn_e	0.0	0.23958333333333334	0	0.0
all	western_diet_gut_anoxic_membership	Alistipes_putredinis	Prevotella_copri	M_adocbl_e	0.0	0.0	0	0.0
all	western_diet_gut_anoxic_membership	Alistipes_putredinis	Prevotella_copri	M_alpz_4oh_e	0.0	0.0	0	0.0
all	western_diet_gut_anoxic_membership	Alistipes_putredinis	Prevotella_copri	M_alpz_4oh_glc_e	0.0	0.0	0	0.0
all	western_diet_gut_anoxic_membership	Alistipes_putredinis	Prevotella_copri	M_alpz_aoh_e	0.0	0.0	0	0.0
all	western_diet_gut_anoxic_membership	Alistipes_putredinis	Prevotella_copri	M_alpz_aoh_glc_e	0.0	0.0	0	0.0
all	western_diet_gut_anoxic_membership	Alistipes_putredinis	Prevotella_copri	M_am14_e	0.0	0.0	0	0.0
all	western_diet_gut_anoxic_membership	Alistipes_putredinis	Prevotella_copri	M_am14_glc_e	0.0	0.0	0	0.0
all	western_diet_gut_anoxic_membership	Alistipes_putredinis	Prevotella_copri	M_am1ccs_e	0.0	0.0	0	0.0
all	western_diet_gut_anoxic_membership	Alistipes_putredinis	Prevotella_copri	M_am1cglc_e	0.0	0.0	0	0.0
all	western_diet_gut_anoxic_membership	Alistipes_putredinis	Prevotella_copri	M_am5_e	0.0	0.0	0	0.0
all	western_diet_gut_anoxic_membership	Alistipes_putredinis	Prevotella_copri	M_am5_glc_e	0.0	0.0	0	0.0
all	western_diet_gut_anoxic_membership	Alistipes_putredinis	Prevotella_copri	M_am6_e	0.0	0.0	0	0.0
all	western_diet_gut_anoxic_membership	Alistipes_putredinis	Prevotella_copri	M_am6_glc_e	0.0	0.0	0	0.0
all	western_diet_gut_anoxic_membership	Alistipes_putredinis	Prevotella_copri	M_amio_c_e	0.0	0.0	0	0.0
all	western_diet_gut_anoxic_membership	Alistipes_putredinis	Prevotella_copri	M_amio_c_glc_e	0.0	0.0	0	0.0
all	western_diet_gut_anoxic_membership	Alistipes_putredinis	Prevotella_copri	M_amio_e	0.0	0.0	0	0.0
all	western_diet_gut_anoxic_membership	Alistipes_putredinis	Prevotella_copri	M_amio_glc_e	0.0	0.0	0	0.0
all	western_diet_gut_anoxic_membership	Alistipes_putredinis	Prevotella_copri	M_amn_b_gly_e	0.0	0.0	0	0.0
all	western_diet_gut_anoxic_membership	Alistipes_putredinis	Prevotella_copri	M_amn_b_gly_glc_e	0.0	0.0	0	0.0
all	western_diet_gut_anoxic_membership	Alistipes_putredinis	Prevotella_copri	M_amntd_m6_e	0.0	0.0	0	0.0
all	western_diet_gut_anoxic_membership	Alistipes_putredinis	Prevotella_copri	M_amntd_m6_glc_e	0.0	0.0	0	0.0
all	western_diet_gut_anoxic_membership	Alistipes_putredinis	Prevotella_copri	M_anzp_e	0.0	0.08333333333333333	1	0.0
all	western_diet_gut_anoxic_membership	Alistipes_putredinis	Prevotella_copri	M_arab_D_e	0.0	1.0	0	0.0
all	western_diet_gut_anoxic_membership	Alistipes_putredinis	Prevotella_copri	M_arabttr_e	0.0	0.0	0	0.0
all	western_diet_gut_anoxic_membership	Alistipes_putredinis	Prevotella_copri	M_arg_L_e	0.0	1.0	0	0.0
all	western_diet_gut_anoxic_membership	Alistipes_putredinis	Prevotella_copri	M_asn_L_e	0.0	1.0	0	0.0
all	western_diet_gut_anoxic_membership	Alistipes_putredinis	Prevotella_copri	M_atvacid_e	0.0	0.0	0	0.0
all	western_diet_gut_anoxic_membership	Alistipes_putredinis	Prevotella_copri	M_atvacylgluc_e	0.0	0.0	0	0.0
all	western_diet_gut_anoxic_membership	Alistipes_putredinis	Prevotella_copri	M_atvethgluc_e	0.0	0.0	0	0.0
all	western_diet_gut_anoxic_membership	Alistipes_putredinis	Prevotella_copri	M_atvlac_e	0.0	0.0	0	0.0
all	western_diet_gut_anoxic_membership	Alistipes_putredinis	Prevotella_copri	M_atvlacgluc_e	0.0	0.0	0	0.0
all	western_diet_gut_anoxic_membership	Alistipes_putredinis	Prevotella_copri	M_bhpm_e	0.0	0.0	0	0.0
all	western_diet_gut_anoxic_membership	Alistipes_putredinis	Prevotella_copri	M_bhpm_glc_e	0.0	0.0	0	0.0
all	western_diet_gut_anoxic_membership	Alistipes_putredinis	Prevotella_copri	M_bilr_355_e	0.0	0.0	0	0.0
all	western_diet_gut_anoxic_membership	Alistipes_putredinis	Prevotella_copri	M_bilr_M10_e	0.0	0.0	0	0.0
all	western_diet_gut_anoxic_membership	Alistipes_putredinis	Prevotella_copri	M_bilr_M12_e	0.0	0.0	0	0.0
all	western_diet_gut_anoxic_membership	Alistipes_putredinis	Prevotella_copri	M_bilr_M14_e	0.0	0.0	0	0.0
all	western_diet_gut_anoxic_membership	Alistipes_putredinis	Prevotella_copri	M_bilr_M15_e	0.0	0.0	0	0.0
all	western_diet_gut_anoxic_membership	Alistipes_putredinis	Prevotella_copri	M_bilr_M16_e	0.0	0.0	0	0.0
all	western_diet_gut_anoxic_membership	Alistipes_putredinis	Prevotella_copri	M_bilr_M7_e	0.0	0.0	0	0.0
all	western_diet_gut_anoxic_membership	Alistipes_putredinis	Prevotella_copri	M_brv_e	0.0	0.0	0	0.0
all	western_diet_gut_anoxic_membership	Alistipes_putredinis	Prevotella_copri	M_bsn_e	0.0	0.0	0	0.0
all	western_diet_gut_anoxic_membership	Alistipes_putredinis	Prevotella_copri	M_bsn_glc_e	0.0	0.0	0	0.0
all	western_diet_gut_anoxic_membership	Alistipes_putredinis	Prevotella_copri	M_but_e	0.0	0.0	0	0.0
all	western_diet_gut_anoxic_membership	Alistipes_putredinis	Prevotella_copri	M_bvu_e	0.0	0.0	0	0.0
all	western_diet_gut_anoxic_membership	Alistipes_putredinis	Prevotella_copri	M_bz_e	0.0	0.0	0	0.0
all	western_diet_gut_anoxic_membership	Alistipes_putredinis	Prevotella_copri	M_bz_glc_e	0.0	0.0	0	0.0
all	western_diet_gut_anoxic_membership	Alistipes_putredinis	Prevotella_copri	M_ca2_e	0.0	1.0	0	0.0
all	western_diet_gut_anoxic_membership	Alistipes_putredinis	Prevotella_copri	M_caribup_s_e	0.0	0.0	0	0.0
all	western_diet_gut_anoxic_membership	Alistipes_putredinis	Prevotella_copri	M_caribupglu_S_e	0.0	0.0	0	0.0
all	western_diet_gut_anoxic_membership	Alistipes_putredinis	Prevotella_copri	M_cbl2_e	0.0	0.0	0	0.0
all	western_diet_gut_anoxic_membership	Alistipes_putredinis	Prevotella_copri	M_cbz_e	0.0	0.0	0	0.0
all	western_diet_gut_anoxic_membership	Alistipes_putredinis	Prevotella_copri	M_cbz_glc_e	0.0	0.0	0	0.0
all	western_diet_gut_anoxic_membership	Alistipes_putredinis	Prevotella_copri	M_cd2_e	0.0	0.0	0	0.0
all	western_diet_gut_anoxic_membership	Alistipes_putredinis	Prevotella_copri	M_cd6168_e	0.0	0.0	0	0.0
all	western_diet_gut_anoxic_membership	Alistipes_putredinis	Prevotella_copri	M_cd6168_glc_e	0.0	0.0	0	0.0
all	western_diet_gut_anoxic_membership	Alistipes_putredinis	Prevotella_copri	M_chlphncl_e	0.0	0.3333333333333333	1	0.0
all	western_diet_gut_anoxic_membership	Alistipes_putredinis	Prevotella_copri	M_chlphncl_glc_e	0.0	0.0	0	0.0
all	western_diet_gut_anoxic_membership	Alistipes_putredinis	Prevotella_copri	M_cholate_e	0.0	0.0	0	0.0
all	western_diet_gut_anoxic_membership	Alistipes_putredinis	Prevotella_copri	M_cit_e	0.0	0.0	0	0.0
all	western_diet_gut_anoxic_membership	Alistipes_putredinis	Prevotella_copri	M_cl_e	0.0	1.0	0	0.0
all	western_diet_gut_anoxic_membership	Alistipes_putredinis	Prevotella_copri	M_clcxb_c_e	0.0	0.0	0	0.0
all	western_diet_gut_anoxic_membership	Alistipes_putredinis	Prevotella_copri	M_clcxb_c_glc_e	0.0	0.0	0	0.0
all	western_diet_gut_anoxic_membership	Alistipes_putredinis	Prevotella_copri	M_clcxb_e	0.0	0.0	0	0.0
all	western_diet_gut_anoxic_membership	Alistipes_putredinis	Prevotella_copri	M_clcxb_glc_e	0.0	0.0	0	0.0
all	western_diet_gut_anoxic_membership	Alistipes_putredinis	Prevotella_copri	M_clobi_c_e	0.0	0.0	0	0.0
all	western_diet_gut_anoxic_membership	Alistipes_putredinis	Prevotella_copri	M_clobi_glc_e	0.0	0.0	0	0.0
all	western_diet_gut_anoxic_membership	Alistipes_putredinis	Prevotella_copri	M_co2_e	0.0	0.0	1	0.0
all	western_diet_gut_anoxic_membership	Alistipes_putredinis	Prevotella_copri	M_cobalt2_e	0.0	1.0	0	0.0
all	western_diet_gut_anoxic_membership	Alistipes_putredinis	Prevotella_copri	M_cro4_e	0.0	0.0	0	0.0
all	western_diet_gut_anoxic_membership	Alistipes_putredinis	Prevotella_copri	M_crvsm1_e	0.0	0.0	0	0.0
all	western_diet_gut_anoxic_membership	Alistipes_putredinis	Prevotella_copri	M_crvsm23_e	0.0	0.0	0	0.0
all	western_diet_gut_anoxic_membership	Alistipes_putredinis	Prevotella_copri	M_cu2_e	0.0	1.0	0	0.0
all	western_diet_gut_anoxic_membership	Alistipes_putredinis	Prevotella_copri	M_cvm1gluc_e	0.0	0.0	0	0.0
all	western_diet_gut_anoxic_membership	Alistipes_putredinis	Prevotella_copri	M_cvm23gluc_e	0.0	0.0	0	0.0
all	western_diet_gut_anoxic_membership	Alistipes_putredinis	Prevotella_copri	M_cys_L_e	0.0	1.0	0	0.0
all	western_diet_gut_anoxic_membership	Alistipes_putredinis	Prevotella_copri	M_cytd_e	0.0	0.010416666666666666	0	0.0
all	western_diet_gut_anoxic_membership	Alistipes_putredinis	Prevotella_copri	M_czp_e	0.0	0.08333333333333333	1	0.0
all	western_diet_gut_anoxic_membership	Alistipes_putredinis	Prevotella_copri	M_daa_e	0.0	0.0	0	0.0
all	western_diet_gut_anoxic_membership	Alistipes_putredinis	Prevotella_copri	M_daa_glc_e	0.0	0.0	0	0.0
all	western_diet_gut_anoxic_membership	Alistipes_putredinis	Prevotella_copri	M_dad_2_e	0.0	0.0	0	0.0
all	western_diet_gut_anoxic_membership	Alistipes_putredinis	Prevotella_copri	M_dcf_e	0.0	0.0	0	0.0
all	western_diet_gut_anoxic_membership	Alistipes_putredinis	Prevotella_copri	M_dcf_glc_e	0.0	0.0	0	0.0
all	western_diet_gut_anoxic_membership	Alistipes_putredinis	Prevotella_copri	M_dcyt_e	0.0	0.0	0	0.0
all	western_diet_gut_anoxic_membership	Alistipes_putredinis	Prevotella_copri	M_ddea_e	0.0	0.0	0	0.0
all	western_diet_gut_anoxic_membership	Alistipes_putredinis	Prevotella_copri	M_ddea_glc_e	0.0	0.0	0	0.0
all	western_diet_gut_anoxic_membership	Alistipes_putredinis	Prevotella_copri	M_des_astzl_e	0.0	0.0	0	0.0
all	western_diet_gut_anoxic_membership	Alistipes_putredinis	Prevotella_copri	M_des_astzl_glc_e	0.0	0.0	0	0.0
all	western_diet_gut_anoxic_membership	Alistipes_putredinis	Prevotella_copri	M_dextrin_e	0.0	0.0	0	0.0
all	western_diet_gut_anoxic_membership	Alistipes_putredinis	Prevotella_copri	M_dfdcytd_e	0.0	0.0	0	0.0
all	western_diet_gut_anoxic_membership	Alistipes_putredinis	Prevotella_copri	M_dfduri_e	0.0	0.0	0	0.0
all	western_diet_gut_anoxic_membership	Alistipes_putredinis	Prevotella_copri	M_dgchol_e	0.0	0.0	0	0.0
all	western_diet_gut_anoxic_membership	Alistipes_putredinis	Prevotella_copri	M_dgsn_e	0.0	0.0	0	0.0
all	western_diet_gut_anoxic_membership	Alistipes_putredinis	Prevotella_copri	M_digoxin_e	0.0	0.0	0	0.0
all	western_diet_gut_anoxic_membership	Alistipes_putredinis	Prevotella_copri	M_digoxin_glc_e	0.0	0.0	0	0.0
all	western_diet_gut_anoxic_membership	Alistipes_putredinis	Prevotella_copri	M_din_e	0.0	0.0	0	0.0
all	western_diet_gut_anoxic_membership	Alistipes_putredinis	Prevotella_copri	M_dlb_e	0.0	0.0	0	0.0
all	western_diet_gut_anoxic_membership	Alistipes_putredinis	Prevotella_copri	M_dlb_glc_e	0.0	0.0	0	0.0
all	western_diet_gut_anoxic_membership	Alistipes_putredinis	Prevotella_copri	M_dnpz_5des_e	0.0	0.0	0	0.0
all	western_diet_gut_anoxic_membership	Alistipes_putredinis	Prevotella_copri	M_dnpz_6des_e	0.0	0.0	0	0.0
all	western_diet_gut_anoxic_membership	Alistipes_putredinis	Prevotella_copri	M_dnpz_m11_e	0.0	0.0	0	0.0
all	western_diet_gut_anoxic_membership	Alistipes_putredinis	Prevotella_copri	M_dnpz_m12_e	0.0	0.0	0	0.0
all	western_diet_gut_anoxic_membership	Alistipes_putredinis	Prevotella_copri	M_dnpz_m13_e	0.0	0.0	0	0.0
all	western_diet_gut_anoxic_membership	Alistipes_putredinis	Prevotella_copri	M_dnpz_m14_e	0.0	0.0	0	0.0
all	western_diet_gut_anoxic_membership	Alistipes_putredinis	Prevotella_copri	M_dnpz_m9_e	0.0	0.0	0	0.0
all	western_diet_gut_anoxic_membership	Alistipes_putredinis	Prevotella_copri	M_doh_etr_e	0.0	0.0	0	0.0
all	western_diet_gut_anoxic_membership	Alistipes_putredinis	Prevotella_copri	M_doh_etr_glc_e	0.0	0.0	0	0.0
all	western_diet_gut_anoxic_membership	Alistipes_putredinis	Prevotella_copri	M_doh_vcz_e	0.0	0.0	0	0.0
all	western_diet_gut_anoxic_membership	Alistipes_putredinis	Prevotella_copri	M_doh_vcz_glc_e	0.0	0.0	0	0.0
all	western_diet_gut_anoxic_membership	Alistipes_putredinis	Prevotella_copri	M_duri_e	0.0	0.0	0	0.0
all	western_diet_gut_anoxic_membership	Alistipes_putredinis	Prevotella_copri	M_dxo_e	0.0	0.0	0	0.0
all	western_diet_gut_anoxic_membership	Alistipes_putredinis	Prevotella_copri	M_dxo_glc_e	0.0	0.0	0	0.0
all	western_diet_gut_anoxic_membership	Alistipes_putredinis	Prevotella_copri	M_efv_e	0.0	0.0	0	0.0
all	western_diet_gut_anoxic_membership	Alistipes_putredinis	Prevotella_copri	M_efv_glc_e	0.0	0.0	0	0.0
all	western_diet_gut_anoxic_membership	Alistipes_putredinis	Prevotella_copri	M_eltr_e	0.0	0.0	0	0.0
all	western_diet_gut_anoxic_membership	Alistipes_putredinis	Prevotella_copri	M_eltr_glc_e	0.0	0.0	0	0.0
all	western_diet_gut_anoxic_membership	Alistipes_putredinis	Prevotella_copri	M_eltr_m3_e	0.0	0.0	0	0.0
all	western_diet_gut_anoxic_membership	Alistipes_putredinis	Prevotella_copri	M_eltr_m4_e	0.0	0.0	0	0.0
all	western_diet_gut_anoxic_membership	Alistipes_putredinis	Prevotella_copri	M_estradiol_e	0.0	0.0	0	0.0
all	western_diet_gut_anoxic_membership	Alistipes_putredinis	Prevotella_copri	M_estradiolglc_e	0.0	0.0	0	0.0
all	western_diet_gut_anoxic_membership	Alistipes_putredinis	Prevotella_copri	M_estriol_e	0.0	0.0	0	0.0
all	western_diet_gut_anoxic_membership	Alistipes_putredinis	Prevotella_copri	M_estriolglc_e	0.0	0.0	0	0.0
all	western_diet_gut_anoxic_membership	Alistipes_putredinis	Prevotella_copri	M_estrone_e	0.0	0.0	0	0.0
all	western_diet_gut_anoxic_membership	Alistipes_putredinis	Prevotella_copri	M_estroneglc_e	0.0	0.0	0	0.0
all	western_diet_gut_anoxic_membership	Alistipes_putredinis	Prevotella_copri	M_eztmb_e	0.0	0.0	0	0.0
all	western_diet_gut_anoxic_membership	Alistipes_putredinis	Prevotella_copri	M_eztmb_glc_e	0.0	0.0	0	0.0
all	western_diet_gut_anoxic_membership	Alistipes_putredinis	Prevotella_copri	M_fe2_e	0.0	1.0	0	0.0
all	western_diet_gut_anoxic_membership	Alistipes_putredinis	Prevotella_copri	M_fe3_e	0.0	1.0	0	0.0
all	western_diet_gut_anoxic_membership	Alistipes_putredinis	Prevotella_copri	M_fol_e	0.0	1.0	0	0.0
all	western_diet_gut_anoxic_membership	Alistipes_putredinis	Prevotella_copri	M_fum_e	0.0	0.13541666666666666	0	0.0
all	western_diet_gut_anoxic_membership	Alistipes_putredinis	Prevotella_copri	M_fvs_e	0.0	0.0	0	0.0
all	western_diet_gut_anoxic_membership	Alistipes_putredinis	Prevotella_copri	M_fvsgluc_e	0.0	0.0	0	0.0
all	western_diet_gut_anoxic_membership	Alistipes_putredinis	Prevotella_copri	M_fvstet_e	0.0	0.0	0	0.0
all	western_diet_gut_anoxic_membership	Alistipes_putredinis	Prevotella_copri	M_fvstetglu_e	0.0	0.0	0	0.0
all	western_diet_gut_anoxic_membership	Alistipes_putredinis	Prevotella_copri	M_galt_e	0.0	0.0	0	0.0
all	western_diet_gut_anoxic_membership	Alistipes_putredinis	Prevotella_copri	M_galur_e	0.0	0.0	0	0.0
all	western_diet_gut_anoxic_membership	Alistipes_putredinis	Prevotella_copri	M_gchola_e	0.0	0.0	0	0.0
all	western_diet_gut_anoxic_membership	Alistipes_putredinis	Prevotella_copri	M_glc3meacp_e	0.0	0.0	0	0.0
all	western_diet_gut_anoxic_membership	Alistipes_putredinis	Prevotella_copri	M_glc_D_e	0.0	0.0	0	0.0
all	western_diet_gut_anoxic_membership	Alistipes_putredinis	Prevotella_copri	M_glcur_e	0.0	0.0	0	0.0
all	western_diet_gut_anoxic_membership	Alistipes_putredinis	Prevotella_copri	M_gltmn_e	0.0	0.0	0	0.0
all	western_diet_gut_anoxic_membership	Alistipes_putredinis	Prevotella_copri	M_gltmn_glc_e	0.0	0.0	0	0.0
all	western_diet_gut_anoxic_membership	Alistipes_putredinis	Prevotella_copri	M_glu_L_e	0.0	0.2604166666666667	0	0.0
all	western_diet_gut_anoxic_membership	Alistipes_putredinis	Prevotella_copri	M_gly_e	0.0	0.0	0	0.0
all	western_diet_gut_anoxic_membership	Alistipes_putredinis	Prevotella_copri	M_glyc_e	0.0	0.010416666666666666	0	0.0
all	western_diet_gut_anoxic_membership	Alistipes_putredinis	Prevotella_copri	M_gmfl_e	0.0	0.0	0	0.0
all	western_diet_gut_anoxic_membership	Alistipes_putredinis	Prevotella_copri	M_gmfl_glc_e	0.0	0.0	0	0.0
all	western_diet_gut_anoxic_membership	Alistipes_putredinis	Prevotella_copri	M_gmfl_mIII_e	0.0	0.0	0	0.0
all	western_diet_gut_anoxic_membership	Alistipes_putredinis	Prevotella_copri	M_gmfl_mIII_glc_e	0.0	0.0	0	0.0
all	western_diet_gut_anoxic_membership	Alistipes_putredinis	Prevotella_copri	M_gmfl_mII_e	0.0	0.0	0	0.0
all	western_diet_gut_anoxic_membership	Alistipes_putredinis	Prevotella_copri	M_gmfl_mII_glc_e	0.0	0.0	0	0.0
all	western_diet_gut_anoxic_membership	Alistipes_putredinis	Prevotella_copri	M_gmfl_mI_e	0.0	0.0	0	0.0
all	western_diet_gut_anoxic_membership	Alistipes_putredinis	Prevotella_copri	M_gmfl_mI_glc_e	0.0	0.0	0	0.0
all	western_diet_gut_anoxic_membership	Alistipes_putredinis	Prevotella_copri	M_gsn_e	0.0	0.23958333333333334	0	0.0
all	western_diet_gut_anoxic_membership	Alistipes_putredinis	Prevotella_copri	M_gtacmp_e	0.0	0.0	0	0.0
all	western_diet_gut_anoxic_membership	Alistipes_putredinis	Prevotella_copri	M_gthox_e	0.0	1.0	0	0.0
all	western_diet_gut_anoxic_membership	Alistipes_putredinis	Prevotella_copri	M_h2_e	0.0	0.041666666666666664	0	0.0
all	western_diet_gut_anoxic_membership	Alistipes_putredinis	Prevotella_copri	M_h2o_e	0.0	0.08333333333333333	0	0.0
all	western_diet_gut_anoxic_membership	Alistipes_putredinis	Prevotella_copri	M_h_e	0.0	0.3333333333333333	0	0.0
all	western_diet_gut_anoxic_membership	Alistipes_putredinis	Prevotella_copri	M_hg2_e	0.0	0.0	0	0.0
all	western_diet_gut_anoxic_membership	Alistipes_putredinis	Prevotella_copri	M_his_L_e	0.0	1.0	0	0.0
all	western_diet_gut_anoxic_membership	Alistipes_putredinis	Prevotella_copri	M_hst_37_diglc_e	0.0	0.0	0	0.0
all	western_diet_gut_anoxic_membership	Alistipes_putredinis	Prevotella_copri	M_hst_3_glc_e	0.0	0.0	0	0.0
all	western_diet_gut_anoxic_membership	Alistipes_putredinis	Prevotella_copri	M_hst_3_s_e	0.0	0.0	0	0.0
all	western_diet_gut_anoxic_membership	Alistipes_putredinis	Prevotella_copri	M_hst_3glc_7s_e	0.0	0.0	0	0.0
all	western_diet_gut_anoxic_membership	Alistipes_putredinis	Prevotella_copri	M_hst_7_glc_e	0.0	0.0	0	0.0
all	western_diet_gut_anoxic_membership	Alistipes_putredinis	Prevotella_copri	M_hst_7_s_e	0.0	0.0	0	0.0
all	western_diet_gut_anoxic_membership	Alistipes_putredinis	Prevotella_copri	M_hst_7glc_3s_e	0.0	0.0	0	0.0
all	western_diet_gut_anoxic_membership	Alistipes_putredinis	Prevotella_copri	M_hst_e	0.0	0.0	0	0.0
all	western_diet_gut_anoxic_membership	Alistipes_putredinis	Prevotella_copri	M_ibup_S_e	0.0	0.0	0	0.0
all	western_diet_gut_anoxic_membership	Alistipes_putredinis	Prevotella_copri	M_ibupgluc_e	0.0	0.0	0	0.0
all	western_diet_gut_anoxic_membership	Alistipes_putredinis	Prevotella_copri	M_ile_L_e	0.0	1.0	0	0.0
all	western_diet_gut_anoxic_membership	Alistipes_putredinis	Prevotella_copri	M_imn_e	0.0	0.0	0	0.0
all	western_diet_gut_anoxic_membership	Alistipes_putredinis	Prevotella_copri	M_imn_glc_e	0.0	0.0	0	0.0
all	western_diet_gut_anoxic_membership	Alistipes_putredinis	Prevotella_copri	M_indole_e	0.0	0.46875	0	0.0
all	western_diet_gut_anoxic_membership	Alistipes_putredinis	Prevotella_copri	M_ins_e	0.0	0.23958333333333334	1	0.0
all	western_diet_gut_anoxic_membership	Alistipes_putredinis	Prevotella_copri	M_inv_e	0.0	0.0	0	0.0
all	western_diet_gut_anoxic_membership	Alistipes_putredinis	Prevotella_copri	M_inv_m1_e	0.0	0.0	0	0.0
all	western_diet_gut_anoxic_membership	Alistipes_putredinis	Prevotella_copri	M_isobut_e	0.0	0.0	0	0.0
all	western_diet_gut_anoxic_membership	Alistipes_putredinis	Prevotella_copri	M_isocapr_e	0.0	0.0	0	0.0
all	western_diet_gut_anoxic_membership	Alistipes_putredinis	Prevotella_copri	M_isosorbide_5mn_e	0.0	0.0	0	0.0
all	western_diet_gut_anoxic_membership	Alistipes_putredinis	Prevotella_copri	M_isosorbide_5mn_glc_e	0.0	0.0	0	0.0
all	western_diet_gut_anoxic_membership	Alistipes_putredinis	Prevotella_copri	M_isoval_e	0.0	0.0	0	0.0
all	western_diet_gut_anoxic_membership	Alistipes_putredinis	Prevotella_copri	M_k_e	0.0	1.0	0	0.0
all	western_diet_gut_anoxic_membership	Alistipes_putredinis	Prevotella_copri	M_kprofen_e	0.0	0.0	0	0.0
all	western_diet_gut_anoxic_membership	Alistipes_putredinis	Prevotella_copri	M_kprofen_glc_e	0.0	0.0	0	0.0
all	western_diet_gut_anoxic_membership	Alistipes_putredinis	Prevotella_copri	M_lac_D_e	0.0	0.3229166666666667	0	0.0
all	western_diet_gut_anoxic_membership	Alistipes_putredinis	Prevotella_copri	M_lac_L_e	0.0	0.0	0	0.0
all	western_diet_gut_anoxic_membership	Alistipes_putredinis	Prevotella_copri	M_lactl_e	0.0	0.0	0	0.0
all	western_diet_gut_anoxic_membership	Alistipes_putredinis	Prevotella_copri	M_leu_L_e	0.0	1.0	0	0.0
all	western_diet_gut_anoxic_membership	Alistipes_putredinis	Prevotella_copri	M_lst4exp_e	0.0	0.0	0	0.0
all	western_diet_gut_anoxic_membership	Alistipes_putredinis	Prevotella_copri	M_lstn1gluc_e	0.0	0.0	0	0.0
all	western_diet_gut_anoxic_membership	Alistipes_putredinis	Prevotella_copri	M_lstn_e	0.0	0.0	0	0.0
all	western_diet_gut_anoxic_membership	Alistipes_putredinis	Prevotella_copri	M_lstnm4_e	0.0	0.0	0	0.0
all	western_diet_gut_anoxic_membership	Alistipes_putredinis	Prevotella_copri	M_lstnm7_e	0.0	0.0	0	0.0
all	western_diet_gut_anoxic_membership	Alistipes_putredinis	Prevotella_copri	M_lys_L_e	0.0	1.0	0	0.0
all	western_diet_gut_anoxic_membership	Alistipes_putredinis	Prevotella_copri	M_mantr_e	0.0	0.0	0	0.0
all	western_diet_gut_anoxic_membership	Alistipes_putredinis	Prevotella_copri	M_mdz_e	0.0	0.0	0	0.0
all	western_diet_gut_anoxic_membership	Alistipes_putredinis	Prevotella_copri	M_mdz_glc_e	0.0	0.0	0	0.0
all	western_diet_gut_anoxic_membership	Alistipes_putredinis	Prevotella_copri	M_mdzglc_e	0.0	0.0	0	0.0
all	western_diet_gut_anoxic_membership	Alistipes_putredinis	Prevotella_copri	M_met_L_e	0.0	1.0	0	0.0
all	western_diet_gut_anoxic_membership	Alistipes_putredinis	Prevotella_copri	M_mg2_e	0.0	1.0	0	0.0
all	western_diet_gut_anoxic_membership	Alistipes_putredinis	Prevotella_copri	M_miso_e	0.0	0.0	0	0.0
all	western_diet_gut_anoxic_membership	Alistipes_putredinis	Prevotella_copri	M_miso_glc_e	0.0	0.0	0	0.0
all	western_diet_gut_anoxic_membership	Alistipes_putredinis	Prevotella_copri	M_mn2_e	0.0	1.0	0	0.0
all	western_diet_gut_anoxic_membership	Alistipes_putredinis	Prevotella_copri	M_mqn8_e	0.0	1.0	0	0.0
all	western_diet_gut_anoxic_membership	Alistipes_putredinis	Prevotella_copri	M_mrphn_3glc_e	0.0	0.0	0	0.0
all	western_diet_gut_anoxic_membership	Alistipes_putredinis	Prevotella_copri	M_mrphn_6glc_e	0.0	0.0	0	0.0
all	western_diet_gut_anoxic_membership	Alistipes_putredinis	Prevotella_copri	M_mrphn_e	0.0	0.0	0	0.0
all	western_diet_gut_anoxic_membership	Alistipes_putredinis	Prevotella_copri	M_mtz_e	0.0	0.0	0	0.0
all	western_diet_gut_anoxic_membership	Alistipes_putredinis	Prevotella_copri	M_mtz_glc_e	0.0	0.0	0	0.0
all	western_diet_gut_anoxic_membership	Alistipes_putredinis	Prevotella_copri	M_na1_e	0.0	0.0	0	0.0
all	western_diet_gut_anoxic_membership	Alistipes_putredinis	Prevotella_copri	M_nac_e	0.0	0.71875	0	0.0
all	western_diet_gut_anoxic_membership	Alistipes_putredinis	Prevotella_copri	M_nchlphncl_e	0.0	0.0	1	0.0
all	western_diet_gut_anoxic_membership	Alistipes_putredinis	Prevotella_copri	M_nh4_e	0.0	0.0	1	0.0
all	western_diet_gut_anoxic_membership	Alistipes_putredinis	Prevotella_copri	M_nsldp_m5_e	0.0	0.0	0	0.0
all	western_diet_gut_anoxic_membership	Alistipes_putredinis	Prevotella_copri	M_nsldp_m5_glc_e	0.0	0.0	0	0.0
all	western_diet_gut_anoxic_membership	Alistipes_putredinis	Prevotella_copri	M_nverp_e	0.0	0.0	0	0.0
all	western_diet_gut_anoxic_membership	Alistipes_putredinis	Prevotella_copri	M_nverp_glc_e	0.0	0.0	0	0.0
all	western_diet_gut_anoxic_membership	Alistipes_putredinis	Prevotella_copri	M_nzp_e	0.0	0.08333333333333333	1	0.0
all	western_diet_gut_anoxic_membership	Alistipes_putredinis	Prevotella_copri	M_o2_e	0.0	0.28125	1	0.0
all	western_diet_gut_anoxic_membership	Alistipes_putredinis	Prevotella_copri	M_ocdca_e	0.0	1.0	0	0.0
all	western_diet_gut_anoxic_membership	Alistipes_putredinis	Prevotella_copri	M_ocdcea_e	0.0	1.0	0	0.0
all	western_diet_gut_anoxic_membership	Alistipes_putredinis	Prevotella_copri	M_odsm_egltmn_e	0.0	0.0	0	0.0
all	western_diet_gut_anoxic_membership	Alistipes_putredinis	Prevotella_copri	M_odsm_egltmn_glc_e	0.0	0.0	0	0.0
all	western_diet_gut_anoxic_membership	Alistipes_putredinis	Prevotella_copri	M_odsm_gltmn_e	0.0	0.0	0	0.0
all	western_diet_gut_anoxic_membership	Alistipes_putredinis	Prevotella_copri	M_odsm_gltmn_glc_e	0.0	0.0	0	0.0
all	western_diet_gut_anoxic_membership	Alistipes_putredinis	Prevotella_copri	M_oh_etr_e	0.0	0.0	0	0.0
all	western_diet_gut_anoxic_membership	Alistipes_putredinis	Prevotella_copri	M_oh_etr_glc_e	0.0	0.0	0	0.0
all	western_diet_gut_anoxic_membership	Alistipes_putredinis	Prevotella_copri	M_oh_pbl_e	0.0	0.0	0	0.0
all	western_diet_gut_anoxic_membership	Alistipes_putredinis	Prevotella_copri	M_oh_pbl_glc_e	0.0	0.0	0	0.0
all	western_diet_gut_anoxic_membership	Alistipes_putredinis	Prevotella_copri	M_pb_e	0.0	0.0	0	0.0
all	western_diet_gut_anoxic_membership	Alistipes_putredinis	Prevotella_copri	M_pcresol_e	0.0	0.0	0	0.0
all	western_diet_gut_anoxic_membership	Alistipes_putredinis	Prevotella_copri	M_phe_L_e	0.0	1.0	0	0.0
all	western_diet_gut_anoxic_membership	Alistipes_putredinis	Prevotella_copri	M_pheme_e	0.0	1.0	0	0.0
all	western_diet_gut_anoxic_membership	Alistipes_putredinis	Prevotella_copri	M_phppa_e	0.0	0.0	0	0.0
all	western_diet_gut_anoxic_membership	Alistipes_putredinis	Prevotella_copri	M_phppa_glc_e	0.0	0.0	0	0.0
all	western_diet_gut_anoxic_membership	Alistipes_putredinis	Prevotella_copri	M_phtn_glc_e	0.0	0.0	0	0.0
all	western_diet_gut_anoxic_membership	Alistipes_putredinis	Prevotella_copri	M_pi_e	0.0	1.0	0	0.0
all	western_diet_gut_anoxic_membership	Alistipes_putredinis	Prevotella_copri	M_pnto_R_e	0.0	1.0	0	0.0
all	western_diet_gut_anoxic_membership	Alistipes_putredinis	Prevotella_copri	M_ppa_e	0.0	0.0	1	0.0
all	western_diet_gut_anoxic_membership	Alistipes_putredinis	Prevotella_copri	M_ppi_e	0.0	0.0	1	0.0
all	western_diet_gut_anoxic_membership	Alistipes_putredinis	Prevotella_copri	M_pro_L_e	0.0	1.0	0	0.0
all	western_diet_gut_anoxic_membership	Alistipes_putredinis	Prevotella_copri	M_prob_e	0.0	0.0	0	0.0
all	western_diet_gut_anoxic_membership	Alistipes_putredinis	Prevotella_copri	M_prob_glc_e	0.0	0.0	0	0.0
all	western_diet_gut_anoxic_membership	Alistipes_putredinis	Prevotella_copri	M_pront_e	0.0	0.0	0	0.0
all	western_diet_gut_anoxic_membership	Alistipes_putredinis	Prevotella_copri	M_pront_glc_e	0.0	0.0	0	0.0
all	western_diet_gut_anoxic_membership	Alistipes_putredinis	Prevotella_copri	M_propl_e	0.0	0.0	0	0.0
all	western_diet_gut_anoxic_membership	Alistipes_putredinis	Prevotella_copri	M_propl_glc_e	0.0	0.0	0	0.0
all	western_diet_gut_anoxic_membership	Alistipes_putredinis	Prevotella_copri	M_prx_mII_e	0.0	0.0	0	0.0
all	western_diet_gut_anoxic_membership	Alistipes_putredinis	Prevotella_copri	M_prx_mII_glc_e	0.0	0.0	0	0.0
all	western_diet_gut_anoxic_membership	Alistipes_putredinis	Prevotella_copri	M_prx_mI_e	0.0	0.0	0	0.0
all	western_diet_gut_anoxic_membership	Alistipes_putredinis	Prevotella_copri	M_prx_mI_glc_e	0.0	0.0	0	0.0
all	western_diet_gut_anoxic_membership	Alistipes_putredinis	Prevotella_copri	M_ptvst_e	0.0	0.0	0	0.0
all	western_diet_gut_anoxic_membership	Alistipes_putredinis	Prevotella_copri	M_ptvstgluc_e	0.0	0.0	0	0.0
all	western_diet_gut_anoxic_membership	Alistipes_putredinis	Prevotella_copri	M_pvs_e	0.0	0.0	0	0.0
all	western_diet_gut_anoxic_membership	Alistipes_putredinis	Prevotella_copri	M_pvsgluc_e	0.0	0.0	0	0.0
all	western_diet_gut_anoxic_membership	Alistipes_putredinis	Prevotella_copri	M_r406_e	0.0	0.0	0	0.0
all	western_diet_gut_anoxic_membership	Alistipes_putredinis	Prevotella_copri	M_r406_glc_e	0.0	0.0	0	0.0
all	western_diet_gut_anoxic_membership	Alistipes_putredinis	Prevotella_copri	M_r529_e	0.0	0.0	0	0.0
all	western_diet_gut_anoxic_membership	Alistipes_putredinis	Prevotella_copri	M_r529_glc_e	0.0	0.0	0	0.0
all	western_diet_gut_anoxic_membership	Alistipes_putredinis	Prevotella_copri	M_r788_e	0.0	0.0	0	0.0
all	western_diet_gut_anoxic_membership	Alistipes_putredinis	Prevotella_copri	M_regfnb_e	0.0	0.0	0	0.0
all	western_diet_gut_anoxic_membership	Alistipes_putredinis	Prevotella_copri	M_regfnb_glc_e	0.0	0.0	0	0.0
all	western_diet_gut_anoxic_membership	Alistipes_putredinis	Prevotella_copri	M_rep_e	0.0	0.0	0	0.0
all	western_diet_gut_anoxic_membership	Alistipes_putredinis	Prevotella_copri	M_rep_glc_e	0.0	0.0	0	0.0
all	western_diet_gut_anoxic_membership	Alistipes_putredinis	Prevotella_copri	M_ribflv_e	0.0	1.0	0	0.0
all	western_diet_gut_anoxic_membership	Alistipes_putredinis	Prevotella_copri	M_rpn_104557_cb_glc_e	0.0	0.0	0	0.0
all	western_diet_gut_anoxic_membership	Alistipes_putredinis	Prevotella_copri	M_rpn_104557_e	0.0	0.0	0	0.0
all	western_diet_gut_anoxic_membership	Alistipes_putredinis	Prevotella_copri	M_rpn_96990_e	0.0	0.0	0	0.0
all	western_diet_gut_anoxic_membership	Alistipes_putredinis	Prevotella_copri	M_rpn_96990_glc_e	0.0	0.0	0	0.0
all	western_diet_gut_anoxic_membership	Alistipes_putredinis	Prevotella_copri	M_rpn_oh_e	0.0	0.0	0	0.0
all	western_diet_gut_anoxic_membership	Alistipes_putredinis	Prevotella_copri	M_rpn_oh_glc_e	0.0	0.0	0	0.0
all	western_diet_gut_anoxic_membership	Alistipes_putredinis	Prevotella_copri	M_rsv_e	0.0	0.0	0	0.0
all	western_diet_gut_anoxic_membership	Alistipes_putredinis	Prevotella_copri	M_rsvgluc_e	0.0	0.0	0	0.0
all	western_diet_gut_anoxic_membership	Alistipes_putredinis	Prevotella_copri	M_salcn_e	0.0	0.0	0	0.0
all	western_diet_gut_anoxic_membership	Alistipes_putredinis	Prevotella_copri	M_sb_611855_e	0.0	0.0	0	0.0
all	western_diet_gut_anoxic_membership	Alistipes_putredinis	Prevotella_copri	M_sb_y_e	0.0	0.0	0	0.0
all	western_diet_gut_anoxic_membership	Alistipes_putredinis	Prevotella_copri	M_sch_488128_e	0.0	0.0	0	0.0
all	western_diet_gut_anoxic_membership	Alistipes_putredinis	Prevotella_copri	M_sch_57871_e	0.0	0.0	0	0.0
all	western_diet_gut_anoxic_membership	Alistipes_putredinis	Prevotella_copri	M_sch_57871_glc_e	0.0	0.0	0	0.0
all	western_diet_gut_anoxic_membership	Alistipes_putredinis	Prevotella_copri	M_sfnd_1689_e	0.0	0.0	0	0.0
all	western_diet_gut_anoxic_membership	Alistipes_putredinis	Prevotella_copri	M_sfnd_1689_glc_e	0.0	0.0	0	0.0
all	western_diet_gut_anoxic_membership	Alistipes_putredinis	Prevotella_copri	M_sftz_e	0.0	0.0	0	0.0
all	western_diet_gut_anoxic_membership	Alistipes_putredinis	Prevotella_copri	M_sftz_glc_e	0.0	0.0	0	0.0
all	western_diet_gut_anoxic_membership	Alistipes_putredinis	Prevotella_copri	M_sheme_e	0.0	1.0	0	0.0
all	western_diet_gut_anoxic_membership	Alistipes_putredinis	Prevotella_copri	M_simvgluc_e	0.0	0.0	0	0.0
all	western_diet_gut_anoxic_membership	Alistipes_putredinis	Prevotella_copri	M_smap_e	0.0	0.0	0	0.0
all	western_diet_gut_anoxic_membership	Alistipes_putredinis	Prevotella_copri	M_smap_glc_e	0.0	0.0	0	0.0
all	western_diet_gut_anoxic_membership	Alistipes_putredinis	Prevotella_copri	M_smvacid_e	0.0	0.0	0	0.0
all	western_diet_gut_anoxic_membership	Alistipes_putredinis	Prevotella_copri	M_sn38_e	0.0	0.0	0	0.0
all	western_diet_gut_anoxic_membership	Alistipes_putredinis	Prevotella_copri	M_sn38g_e	0.0	0.0	0	0.0
all	western_diet_gut_anoxic_membership	Alistipes_putredinis	Prevotella_copri	M_so4_e	0.0	1.0	0	0.0
all	western_diet_gut_anoxic_membership	Alistipes_putredinis	Prevotella_copri	M_spmd_e	0.0	1.0	0	0.0
all	western_diet_gut_anoxic_membership	Alistipes_putredinis	Prevotella_copri	M_spz_e	0.0	0.0	0	0.0
all	western_diet_gut_anoxic_membership	Alistipes_putredinis	Prevotella_copri	M_spz_glc_e	0.0	0.0	0	0.0
all	western_diet_gut_anoxic_membership	Alistipes_putredinis	Prevotella_copri	M_spz_sfn_e	0.0	0.0	0	0.0
all	western_diet_gut_anoxic_membership	Alistipes_putredinis	Prevotella_copri	M_spz_sfn_glc_e	0.0	0.0	0	0.0
all	western_diet_gut_anoxic_membership	Alistipes_putredinis	Prevotella_copri	M_srv_e	0.0	0.0	0	0.0
all	western_diet_gut_anoxic_membership	Alistipes_putredinis	Prevotella_copri	M_stg_e	0.0	0.0	0	0.0
all	western_diet_gut_anoxic_membership	Alistipes_putredinis	Prevotella_copri	M_stg_m3_e	0.0	0.0	0	0.0
all	western_diet_gut_anoxic_membership	Alistipes_putredinis	Prevotella_copri	M_stg_m4_e	0.0	0.0	0	0.0
all	western_diet_gut_anoxic_membership	Alistipes_putredinis	Prevotella_copri	M_stys_e	0.0	0.0	0	0.0
all	western_diet_gut_anoxic_membership	Alistipes_putredinis	Prevotella_copri	M_succ_e	0.0	0.28125	0	0.0
all	western_diet_gut_anoxic_membership	Alistipes_putredinis	Prevotella_copri	M_tat_e	0.0	0.0	0	0.0
all	western_diet_gut_anoxic_membership	Alistipes_putredinis	Prevotella_copri	M_taur_e	0.0	0.0	0	0.0
all	western_diet_gut_anoxic_membership	Alistipes_putredinis	Prevotella_copri	M_tchola_e	0.0	0.0	0	0.0
all	western_diet_gut_anoxic_membership	Alistipes_putredinis	Prevotella_copri	M_tdchola_e	0.0	0.0	0	0.0
all	western_diet_gut_anoxic_membership	Alistipes_putredinis	Prevotella_copri	M_tgz_e	0.0	0.0	0	0.0
all	western_diet_gut_anoxic_membership	Alistipes_putredinis	Prevotella_copri	M_tgz_glc_e	0.0	0.0	0	0.0
all	western_diet_gut_anoxic_membership	Alistipes_putredinis	Prevotella_copri	M_thm_e	0.0	1.0	0	0.0
all	western_diet_gut_anoxic_membership	Alistipes_putredinis	Prevotella_copri	M_thsacmp_e	0.0	0.0	0	0.0
all	western_diet_gut_anoxic_membership	Alistipes_putredinis	Prevotella_copri	M_thymd_e	0.0	1.0	0	0.0
all	western_diet_gut_anoxic_membership	Alistipes_putredinis	Prevotella_copri	M_tlf_a_1a_e	0.0	0.0	0	0.0
all	western_diet_gut_anoxic_membership	Alistipes_putredinis	Prevotella_copri	M_tlf_a_1b_e	0.0	0.0	0	0.0
all	western_diet_gut_anoxic_membership	Alistipes_putredinis	Prevotella_copri	M_tlf_a_1x_e	0.0	0.0	0	0.0
all	western_diet_gut_anoxic_membership	Alistipes_putredinis	Prevotella_copri	M_tlf_a_2_e	0.0	0.0	0	0.0
all	western_diet_gut_anoxic_membership	Alistipes_putredinis	Prevotella_copri	M_tlf_a_2a_e	0.0	0.0	0	0.0
all	western_diet_gut_anoxic_membership	Alistipes_putredinis	Prevotella_copri	M_tlf_a_3_e	0.0	0.0	0	0.0
all	western_diet_gut_anoxic_membership	Alistipes_putredinis	Prevotella_copri	M_tlf_a_4_e	0.0	0.0	0	0.0
all	western_diet_gut_anoxic_membership	Alistipes_putredinis	Prevotella_copri	M_tlf_a_e	0.0	0.0	0	0.0
all	western_diet_gut_anoxic_membership	Alistipes_putredinis	Prevotella_copri	M_tlf_a_m1_e	0.0	0.0	0	0.0
all	western_diet_gut_anoxic_membership	Alistipes_putredinis	Prevotella_copri	M_tlf_a_m2_e	0.0	0.0	0	0.0
all	western_diet_gut_anoxic_membership	Alistipes_putredinis	Prevotella_copri	M_tlf_a_m3_e	0.0	0.0	0	0.0
all	western_diet_gut_anoxic_membership	Alistipes_putredinis	Prevotella_copri	M_tlf_a_m4_e	0.0	0.0	0	0.0
all	western_diet_gut_anoxic_membership	Alistipes_putredinis	Prevotella_copri	M_tlf_a_m4a_e	0.0	0.0	0	0.0
all	western_diet_gut_anoxic_membership	Alistipes_putredinis	Prevotella_copri	M_tlf_a_m5_e	0.0	0.0	0	0.0
all	western_diet_gut_anoxic_membership	Alistipes_putredinis	Prevotella_copri	M_tlf_a_m5a_e	0.0	0.0	0	0.0
all	western_diet_gut_anoxic_membership	Alistipes_putredinis	Prevotella_copri	M_tlf_a_m5b_e	0.0	0.0	0	0.0
all	western_diet_gut_anoxic_membership	Alistipes_putredinis	Prevotella_copri	M_tlf_a_m6_e	0.0	0.0	0	0.0
all	western_diet_gut_anoxic_membership	Alistipes_putredinis	Prevotella_copri	M_tlf_a_m9_e	0.0	0.0	0	0.0
all	western_diet_gut_anoxic_membership	Alistipes_putredinis	Prevotella_copri	M_tlms_e	0.0	0.0	0	0.0
all	western_diet_gut_anoxic_membership	Alistipes_putredinis	Prevotella_copri	M_tlms_glc_e	0.0	0.0	0	0.0
all	western_diet_gut_anoxic_membership	Alistipes_putredinis	Prevotella_copri	M_tmacmp_e	0.0	0.0	0	0.0
all	western_diet_gut_anoxic_membership	Alistipes_putredinis	Prevotella_copri	M_tolcp_ac_e	0.0	0.0	0	0.0
all	western_diet_gut_anoxic_membership	Alistipes_putredinis	Prevotella_copri	M_tolcp_ac_glc_e	0.0	0.0	0	0.0
all	western_diet_gut_anoxic_membership	Alistipes_putredinis	Prevotella_copri	M_tolcp_am_e	0.0	0.0	0	0.0
all	western_diet_gut_anoxic_membership	Alistipes_putredinis	Prevotella_copri	M_tolcp_am_glc_e	0.0	0.0	0	0.0
all	western_diet_gut_anoxic_membership	Alistipes_putredinis	Prevotella_copri	M_tolcp_e	0.0	0.0	0	0.0
all	western_diet_gut_anoxic_membership	Alistipes_putredinis	Prevotella_copri	M_tolcp_glc_e	0.0	0.0	0	0.0
all	western_diet_gut_anoxic_membership	Alistipes_putredinis	Prevotella_copri	M_tpno_1glc_4g_e	0.0	0.0	0	0.0
all	western_diet_gut_anoxic_membership	Alistipes_putredinis	Prevotella_copri	M_tpno_4g_e	0.0	0.0	0	0.0
all	western_diet_gut_anoxic_membership	Alistipes_putredinis	Prevotella_copri	M_tpno_4glc_e	0.0	0.0	0	0.0
all	western_diet_gut_anoxic_membership	Alistipes_putredinis	Prevotella_copri	M_tpnoh_e	0.0	0.0	0	0.0
all	western_diet_gut_anoxic_membership	Alistipes_putredinis	Prevotella_copri	M_trp_L_e	0.0	0.53125	0	0.0
all	western_diet_gut_anoxic_membership	Alistipes_putredinis	Prevotella_copri	M_tsacmgluc_e	0.0	0.0	0	0.0
all	western_diet_gut_anoxic_membership	Alistipes_putredinis	Prevotella_copri	M_tsul_e	0.0	0.0	0	0.0
all	western_diet_gut_anoxic_membership	Alistipes_putredinis	Prevotella_copri	M_ttdca_e	0.0	1.0	0	0.0
all	western_diet_gut_anoxic_membership	Alistipes_putredinis	Prevotella_copri	M_tyr_L_e	0.0	1.0	0	0.0
all	western_diet_gut_anoxic_membership	Alistipes_putredinis	Prevotella_copri	M_urea_e	0.0	0.0	0	0.0
all	western_diet_gut_anoxic_membership	Alistipes_putredinis	Prevotella_copri	M_uri_e	0.0	0.020833333333333332	0	0.0
all	western_diet_gut_anoxic_membership	Alistipes_putredinis	Prevotella_copri	M_val_L_e	0.0	1.0	0	0.0
all	western_diet_gut_anoxic_membership	Alistipes_putredinis	Prevotella_copri	M_zn2_e	0.0	1.0	0	0.0
all	western_diet_gut_anoxic_membership	Alistipes_putredinis	Phascolarctobacterium_succinatutens	M_26dap_M_e	0.0	1.0	0	0.0
all	western_diet_gut_anoxic_membership	Alistipes_putredinis	Phascolarctobacterium_succinatutens	M_4hbz_e	0.0	1.0	0	0.0
all	western_diet_gut_anoxic_membership	Alistipes_putredinis	Phascolarctobacterium_succinatutens	M_7a_czp_e	0.0	0.08333333333333333	1	0.0
all	western_diet_gut_anoxic_membership	Alistipes_putredinis	Phascolarctobacterium_succinatutens	M_C02528_e	0.0	0.0	0	0.0
all	western_diet_gut_anoxic_membership	Alistipes_putredinis	Phascolarctobacterium_succinatutens	M_ac_e	0.0	0.17708333333333334	0	0.0
all	western_diet_gut_anoxic_membership	Alistipes_putredinis	Phascolarctobacterium_succinatutens	M_adn_e	0.0	0.23958333333333334	0	0.0
all	western_diet_gut_anoxic_membership	Alistipes_putredinis	Phascolarctobacterium_succinatutens	M_adocbl_e	0.0	0.0	0	0.0
all	western_diet_gut_anoxic_membership	Alistipes_putredinis	Phascolarctobacterium_succinatutens	M_alaasp_e	0.0	0.0	0	0.0
all	western_diet_gut_anoxic_membership	Alistipes_putredinis	Phascolarctobacterium_succinatutens	M_alagln_e	0.0	0.0	0	0.0
all	western_diet_gut_anoxic_membership	Alistipes_putredinis	Phascolarctobacterium_succinatutens	M_alaglu_e	0.0	0.0	0	0.0
all	western_diet_gut_anoxic_membership	Alistipes_putredinis	Phascolarctobacterium_succinatutens	M_alagly_e	0.0	0.0	0	0.0
all	western_diet_gut_anoxic_membership	Alistipes_putredinis	Phascolarctobacterium_succinatutens	M_alahis_e	0.0	0.0	0	0.0
all	western_diet_gut_anoxic_membership	Alistipes_putredinis	Phascolarctobacterium_succinatutens	M_alaleu_e	0.0	0.0	0	0.0
all	western_diet_gut_anoxic_membership	Alistipes_putredinis	Phascolarctobacterium_succinatutens	M_alathr_e	0.0	0.0	0	0.0
all	western_diet_gut_anoxic_membership	Alistipes_putredinis	Phascolarctobacterium_succinatutens	M_anzp_e	0.0	0.08333333333333333	1	0.0
all	western_diet_gut_anoxic_membership	Alistipes_putredinis	Phascolarctobacterium_succinatutens	M_arab_D_e	0.0	1.0	0	0.0
all	western_diet_gut_anoxic_membership	Alistipes_putredinis	Phascolarctobacterium_succinatutens	M_arg_L_e	0.0	1.0	0	0.0
all	western_diet_gut_anoxic_membership	Alistipes_putredinis	Phascolarctobacterium_succinatutens	M_arsenb_e	0.0	0.0	0	0.0
all	western_diet_gut_anoxic_membership	Alistipes_putredinis	Phascolarctobacterium_succinatutens	M_asn_L_e	0.0	1.0	0	0.0
all	western_diet_gut_anoxic_membership	Alistipes_putredinis	Phascolarctobacterium_succinatutens	M_brv_e	0.0	0.0	0	0.0
all	western_diet_gut_anoxic_membership	Alistipes_putredinis	Phascolarctobacterium_succinatutens	M_but_e	0.0	0.0	0	0.0
all	western_diet_gut_anoxic_membership	Alistipes_putredinis	Phascolarctobacterium_succinatutens	M_bvu_e	0.0	0.0	0	0.0
all	western_diet_gut_anoxic_membership	Alistipes_putredinis	Phascolarctobacterium_succinatutens	M_ca2_e	0.0	1.0	0	0.0
all	western_diet_gut_anoxic_membership	Alistipes_putredinis	Phascolarctobacterium_succinatutens	M_cbl2_e	0.0	0.0	0	0.0
all	western_diet_gut_anoxic_membership	Alistipes_putredinis	Phascolarctobacterium_succinatutens	M_cd2_e	0.0	0.0	0	0.0
all	western_diet_gut_anoxic_membership	Alistipes_putredinis	Phascolarctobacterium_succinatutens	M_chlphncl_e	0.0	0.3333333333333333	1	0.0
all	western_diet_gut_anoxic_membership	Alistipes_putredinis	Phascolarctobacterium_succinatutens	M_cholate_e	0.0	0.0	0	0.0
all	western_diet_gut_anoxic_membership	Alistipes_putredinis	Phascolarctobacterium_succinatutens	M_cit_e	0.0	0.0	0	0.0
all	western_diet_gut_anoxic_membership	Alistipes_putredinis	Phascolarctobacterium_succinatutens	M_cl_e	0.0	1.0	0	0.0
all	western_diet_gut_anoxic_membership	Alistipes_putredinis	Phascolarctobacterium_succinatutens	M_co2_e	0.0	0.0	1	0.0
all	western_diet_gut_anoxic_membership	Alistipes_putredinis	Phascolarctobacterium_succinatutens	M_cobalt2_e	0.0	1.0	0	0.0
all	western_diet_gut_anoxic_membership	Alistipes_putredinis	Phascolarctobacterium_succinatutens	M_cro4_e	0.0	0.0	0	0.0
all	western_diet_gut_anoxic_membership	Alistipes_putredinis	Phascolarctobacterium_succinatutens	M_ctbt_e	0.0	0.0	0	0.0
all	western_diet_gut_anoxic_membership	Alistipes_putredinis	Phascolarctobacterium_succinatutens	M_cu2_e	0.0	1.0	0	0.0
all	western_diet_gut_anoxic_membership	Alistipes_putredinis	Phascolarctobacterium_succinatutens	M_cys_L_e	0.0	1.0	0	0.0
all	western_diet_gut_anoxic_membership	Alistipes_putredinis	Phascolarctobacterium_succinatutens	M_cytd_e	0.0	0.010416666666666666	0	0.0
all	western_diet_gut_anoxic_membership	Alistipes_putredinis	Phascolarctobacterium_succinatutens	M_czp_e	0.0	0.08333333333333333	1	0.0
all	western_diet_gut_anoxic_membership	Alistipes_putredinis	Phascolarctobacterium_succinatutens	M_dad_2_e	0.0	0.0	0	0.0
all	western_diet_gut_anoxic_membership	Alistipes_putredinis	Phascolarctobacterium_succinatutens	M_dcyt_e	0.0	0.0	0	0.0
all	western_diet_gut_anoxic_membership	Alistipes_putredinis	Phascolarctobacterium_succinatutens	M_dextrin_e	0.0	0.0	0	0.0
all	western_diet_gut_anoxic_membership	Alistipes_putredinis	Phascolarctobacterium_succinatutens	M_dfdcytd_e	0.0	0.0	0	0.0
all	western_diet_gut_anoxic_membership	Alistipes_putredinis	Phascolarctobacterium_succinatutens	M_dfduri_e	0.0	0.0	0	0.0
all	western_diet_gut_anoxic_membership	Alistipes_putredinis	Phascolarctobacterium_succinatutens	M_dgchol_e	0.0	0.0	0	0.0
all	western_diet_gut_anoxic_membership	Alistipes_putredinis	Phascolarctobacterium_succinatutens	M_dgsn_e	0.0	0.0	0	0.0
all	western_diet_gut_anoxic_membership	Alistipes_putredinis	Phascolarctobacterium_succinatutens	M_din_e	0.0	0.0	0	0.0
all	western_diet_gut_anoxic_membership	Alistipes_putredinis	Phascolarctobacterium_succinatutens	M_duri_e	0.0	0.0	0	0.0
all	western_diet_gut_anoxic_membership	Alistipes_putredinis	Phascolarctobacterium_succinatutens	M_fe2_e	0.0	1.0	0	0.0
all	western_diet_gut_anoxic_membership	Alistipes_putredinis	Phascolarctobacterium_succinatutens	M_fe3_e	0.0	1.0	0	0.0
all	western_diet_gut_anoxic_membership	Alistipes_putredinis	Phascolarctobacterium_succinatutens	M_fol_e	0.0	1.0	0	0.0
all	western_diet_gut_anoxic_membership	Alistipes_putredinis	Phascolarctobacterium_succinatutens	M_fum_e	0.0	0.13541666666666666	0	0.0
all	western_diet_gut_anoxic_membership	Alistipes_putredinis	Phascolarctobacterium_succinatutens	M_gbbtn_e	0.0	0.0	0	0.0
all	western_diet_gut_anoxic_membership	Alistipes_putredinis	Phascolarctobacterium_succinatutens	M_gchola_e	0.0	0.0	0	0.0
all	western_diet_gut_anoxic_membership	Alistipes_putredinis	Phascolarctobacterium_succinatutens	M_glc_D_e	0.0	0.0	0	0.0
all	western_diet_gut_anoxic_membership	Alistipes_putredinis	Phascolarctobacterium_succinatutens	M_glu_L_e	0.0	0.2604166666666667	0	0.0
all	western_diet_gut_anoxic_membership	Alistipes_putredinis	Phascolarctobacterium_succinatutens	M_gly_e	0.0	0.0	0	0.0
all	western_diet_gut_anoxic_membership	Alistipes_putredinis	Phascolarctobacterium_succinatutens	M_glyasn_e	0.0	0.0	0	0.0
all	western_diet_gut_anoxic_membership	Alistipes_putredinis	Phascolarctobacterium_succinatutens	M_glyb_e	0.0	0.0	0	0.0
all	western_diet_gut_anoxic_membership	Alistipes_putredinis	Phascolarctobacterium_succinatutens	M_glyc_e	0.0	0.010416666666666666	0	0.0
all	western_diet_gut_anoxic_membership	Alistipes_putredinis	Phascolarctobacterium_succinatutens	M_glycys_e	0.0	0.0	0	0.0
all	western_diet_gut_anoxic_membership	Alistipes_putredinis	Phascolarctobacterium_succinatutens	M_glygln_e	0.0	0.0	0	0.0
all	western_diet_gut_anoxic_membership	Alistipes_putredinis	Phascolarctobacterium_succinatutens	M_glyglu_e	0.0	0.0	0	0.0
all	western_diet_gut_anoxic_membership	Alistipes_putredinis	Phascolarctobacterium_succinatutens	M_glymet_e	0.0	0.0	0	0.0
all	western_diet_gut_anoxic_membership	Alistipes_putredinis	Phascolarctobacterium_succinatutens	M_glyphe_e	0.0	0.0	0	0.0
all	western_diet_gut_anoxic_membership	Alistipes_putredinis	Phascolarctobacterium_succinatutens	M_glypro_e	0.0	0.0	0	0.0
all	western_diet_gut_anoxic_membership	Alistipes_putredinis	Phascolarctobacterium_succinatutens	M_glytyr_e	0.0	0.0	0	0.0
all	western_diet_gut_anoxic_membership	Alistipes_putredinis	Phascolarctobacterium_succinatutens	M_gsn_e	0.0	0.23958333333333334	0	0.0
all	western_diet_gut_anoxic_membership	Alistipes_putredinis	Phascolarctobacterium_succinatutens	M_gthox_e	0.0	1.0	0	0.0
all	western_diet_gut_anoxic_membership	Alistipes_putredinis	Phascolarctobacterium_succinatutens	M_h2_e	0.0	0.041666666666666664	0	0.0
all	western_diet_gut_anoxic_membership	Alistipes_putredinis	Phascolarctobacterium_succinatutens	M_h2o_e	0.0	0.08333333333333333	0	0.0
all	western_diet_gut_anoxic_membership	Alistipes_putredinis	Phascolarctobacterium_succinatutens	M_h_e	0.0	0.3333333333333333	0	0.0
all	western_diet_gut_anoxic_membership	Alistipes_putredinis	Phascolarctobacterium_succinatutens	M_hg2_e	0.0	0.0	0	0.0
all	western_diet_gut_anoxic_membership	Alistipes_putredinis	Phascolarctobacterium_succinatutens	M_his_L_e	0.0	1.0	0	0.0
all	western_diet_gut_anoxic_membership	Alistipes_putredinis	Phascolarctobacterium_succinatutens	M_ile_L_e	0.0	1.0	0	0.0
all	western_diet_gut_anoxic_membership	Alistipes_putredinis	Phascolarctobacterium_succinatutens	M_indole_e	0.0	0.46875	0	0.0
all	western_diet_gut_anoxic_membership	Alistipes_putredinis	Phascolarctobacterium_succinatutens	M_ins_e	0.0	0.23958333333333334	0	0.0
all	western_diet_gut_anoxic_membership	Alistipes_putredinis	Phascolarctobacterium_succinatutens	M_isobut_e	0.0	0.0	0	0.0
all	western_diet_gut_anoxic_membership	Alistipes_putredinis	Phascolarctobacterium_succinatutens	M_isocapr_e	0.0	0.0	0	0.0
all	western_diet_gut_anoxic_membership	Alistipes_putredinis	Phascolarctobacterium_succinatutens	M_isoval_e	0.0	0.0	0	0.0
all	western_diet_gut_anoxic_membership	Alistipes_putredinis	Phascolarctobacterium_succinatutens	M_k_e	0.0	1.0	0	0.0
all	western_diet_gut_anoxic_membership	Alistipes_putredinis	Phascolarctobacterium_succinatutens	M_lac_D_e	0.0	0.3229166666666667	0	0.0
all	western_diet_gut_anoxic_membership	Alistipes_putredinis	Phascolarctobacterium_succinatutens	M_leu_L_e	0.0	1.0	0	0.0
all	western_diet_gut_anoxic_membership	Alistipes_putredinis	Phascolarctobacterium_succinatutens	M_lys_L_e	0.0	1.0	0	0.0
all	western_diet_gut_anoxic_membership	Alistipes_putredinis	Phascolarctobacterium_succinatutens	M_malthx_e	0.0	0.0	0	0.0
all	western_diet_gut_anoxic_membership	Alistipes_putredinis	Phascolarctobacterium_succinatutens	M_malttr_e	0.0	0.0	0	0.0
all	western_diet_gut_anoxic_membership	Alistipes_putredinis	Phascolarctobacterium_succinatutens	M_met_D_e	0.0	0.0	0	0.0
all	western_diet_gut_anoxic_membership	Alistipes_putredinis	Phascolarctobacterium_succinatutens	M_met_L_e	0.0	1.0	0	0.0
all	western_diet_gut_anoxic_membership	Alistipes_putredinis	Phascolarctobacterium_succinatutens	M_metala_e	0.0	0.0	0	0.0
all	western_diet_gut_anoxic_membership	Alistipes_putredinis	Phascolarctobacterium_succinatutens	M_mg2_e	0.0	1.0	0	0.0
all	western_diet_gut_anoxic_membership	Alistipes_putredinis	Phascolarctobacterium_succinatutens	M_mn2_e	0.0	1.0	0	0.0
all	western_diet_gut_anoxic_membership	Alistipes_putredinis	Phascolarctobacterium_succinatutens	M_mqn8_e	0.0	1.0	0	0.0
all	western_diet_gut_anoxic_membership	Alistipes_putredinis	Phascolarctobacterium_succinatutens	M_na1_e	0.0	0.0	0	0.0
all	western_diet_gut_anoxic_membership	Alistipes_putredinis	Phascolarctobacterium_succinatutens	M_nac_e	0.0	0.71875	0	0.0
all	western_diet_gut_anoxic_membership	Alistipes_putredinis	Phascolarctobacterium_succinatutens	M_nchlphncl_e	0.0	0.0	1	0.0
all	western_diet_gut_anoxic_membership	Alistipes_putredinis	Phascolarctobacterium_succinatutens	M_nh4_e	0.0	0.0	1	0.0
all	western_diet_gut_anoxic_membership	Alistipes_putredinis	Phascolarctobacterium_succinatutens	M_nzp_e	0.0	0.08333333333333333	1	0.0
all	western_diet_gut_anoxic_membership	Alistipes_putredinis	Phascolarctobacterium_succinatutens	M_o2_e	0.0	0.28125	0	0.0
all	western_diet_gut_anoxic_membership	Alistipes_putredinis	Phascolarctobacterium_succinatutens	M_ocdca_e	0.0	1.0	0	0.0
all	western_diet_gut_anoxic_membership	Alistipes_putredinis	Phascolarctobacterium_succinatutens	M_ocdcea_e	0.0	1.0	0	0.0
all	western_diet_gut_anoxic_membership	Alistipes_putredinis	Phascolarctobacterium_succinatutens	M_pb_e	0.0	0.0	0	0.0
all	western_diet_gut_anoxic_membership	Alistipes_putredinis	Phascolarctobacterium_succinatutens	M_pcresol_e	0.0	0.0	0	0.0
all	western_diet_gut_anoxic_membership	Alistipes_putredinis	Phascolarctobacterium_succinatutens	M_phe_L_e	0.0	1.0	0	0.0
all	western_diet_gut_anoxic_membership	Alistipes_putredinis	Phascolarctobacterium_succinatutens	M_pheme_e	0.0	1.0	0	0.0
all	western_diet_gut_anoxic_membership	Alistipes_putredinis	Phascolarctobacterium_succinatutens	M_pi_e	0.0	1.0	0	0.0
all	western_diet_gut_anoxic_membership	Alistipes_putredinis	Phascolarctobacterium_succinatutens	M_pnto_R_e	0.0	1.0	0	0.0
all	western_diet_gut_anoxic_membership	Alistipes_putredinis	Phascolarctobacterium_succinatutens	M_ppa_e	0.0	0.0	1	0.0
all	western_diet_gut_anoxic_membership	Alistipes_putredinis	Phascolarctobacterium_succinatutens	M_ppi_e	0.0	0.0	0	0.0
all	western_diet_gut_anoxic_membership	Alistipes_putredinis	Phascolarctobacterium_succinatutens	M_pro_L_e	0.0	1.0	0	0.0
all	western_diet_gut_anoxic_membership	Alistipes_putredinis	Phascolarctobacterium_succinatutens	M_r406_e	0.0	0.0	0	0.0
all	western_diet_gut_anoxic_membership	Alistipes_putredinis	Phascolarctobacterium_succinatutens	M_r788_e	0.0	0.0	0	0.0
all	western_diet_gut_anoxic_membership	Alistipes_putredinis	Phascolarctobacterium_succinatutens	M_ribflv_e	0.0	1.0	0	0.0
all	western_diet_gut_anoxic_membership	Alistipes_putredinis	Phascolarctobacterium_succinatutens	M_sheme_e	0.0	1.0	0	0.0
all	western_diet_gut_anoxic_membership	Alistipes_putredinis	Phascolarctobacterium_succinatutens	M_so4_e	0.0	1.0	0	0.0
all	western_diet_gut_anoxic_membership	Alistipes_putredinis	Phascolarctobacterium_succinatutens	M_spmd_e	0.0	1.0	0	0.0
all	western_diet_gut_anoxic_membership	Alistipes_putredinis	Phascolarctobacterium_succinatutens	M_srv_e	0.0	0.0	0	0.0
all	western_diet_gut_anoxic_membership	Alistipes_putredinis	Phascolarctobacterium_succinatutens	M_succ_e	0.0	0.28125	0	0.0
all	western_diet_gut_anoxic_membership	Alistipes_putredinis	Phascolarctobacterium_succinatutens	M_taur_e	0.0	0.0	0	0.0
all	western_diet_gut_anoxic_membership	Alistipes_putredinis	Phascolarctobacterium_succinatutens	M_tchola_e	0.0	0.0	0	0.0
all	western_diet_gut_anoxic_membership	Alistipes_putredinis	Phascolarctobacterium_succinatutens	M_tdchola_e	0.0	0.0	0	0.0
all	western_diet_gut_anoxic_membership	Alistipes_putredinis	Phascolarctobacterium_succinatutens	M_thm_e	0.0	1.0	0	0.0
all	western_diet_gut_anoxic_membership	Alistipes_putredinis	Phascolarctobacterium_succinatutens	M_thymd_e	0.0	1.0	0	0.0
all	western_diet_gut_anoxic_membership	Alistipes_putredinis	Phascolarctobacterium_succinatutens	M_trp_L_e	0.0	0.53125	0	0.0
all	western_diet_gut_anoxic_membership	Alistipes_putredinis	Phascolarctobacterium_succinatutens	M_ttdca_e	0.0	1.0	0	0.0
all	western_diet_gut_anoxic_membership	Alistipes_putredinis	Phascolarctobacterium_succinatutens	M_tyr_L_e	0.0	1.0	0	0.0
all	western_diet_gut_anoxic_membership	Alistipes_putredinis	Phascolarctobacterium_succinatutens	M_urea_e	0.0	0.0	0	0.0
all	western_diet_gut_anoxic_membership	Alistipes_putredinis	Phascolarctobacterium_succinatutens	M_uri_e	0.0	0.020833333333333332	0	0.0
all	western_diet_gut_anoxic_membership	Alistipes_putredinis	Phascolarctobacterium_succinatutens	M_val_L_e	0.0	1.0	0	0.0
all	western_diet_gut_anoxic_membership	Alistipes_putredinis	Phascolarctobacterium_succinatutens	M_zn2_e	0.0	1.0	0	0.0
all	western_diet_gut_anoxic_membership	Alistipes_putredinis	Acidaminococcus_intestini	M_26dap_M_e	0.0	1.0	0	0.0
all	western_diet_gut_anoxic_membership	Alistipes_putredinis	Acidaminococcus_intestini	M_4ahmmp_e	0.0	0.0	0	0.0
all	western_diet_gut_anoxic_membership	Alistipes_putredinis	Acidaminococcus_intestini	M_4hbz_e	0.0	1.0	0	0.0
all	western_diet_gut_anoxic_membership	Alistipes_putredinis	Acidaminococcus_intestini	M_7a_czp_e	0.0	0.08333333333333333	1	0.0
all	western_diet_gut_anoxic_membership	Alistipes_putredinis	Acidaminococcus_intestini	M_C02528_e	0.0	0.0	0	0.0
all	western_diet_gut_anoxic_membership	Alistipes_putredinis	Acidaminococcus_intestini	M_Cit_Mg_e	0.0	0.0	0	0.0
all	western_diet_gut_anoxic_membership	Alistipes_putredinis	Acidaminococcus_intestini	M_Lcyst_e	0.0	0.0	0	0.0
all	western_diet_gut_anoxic_membership	Alistipes_putredinis	Acidaminococcus_intestini	M_ac_e	0.0	0.17708333333333334	0	0.0
all	western_diet_gut_anoxic_membership	Alistipes_putredinis	Acidaminococcus_intestini	M_acald_e	0.0	0.0	1	0.0
all	western_diet_gut_anoxic_membership	Alistipes_putredinis	Acidaminococcus_intestini	M_adn_e	0.0	0.23958333333333334	0	0.0
all	western_diet_gut_anoxic_membership	Alistipes_putredinis	Acidaminococcus_intestini	M_adocbl_e	0.0	0.0	0	0.0
all	western_diet_gut_anoxic_membership	Alistipes_putredinis	Acidaminococcus_intestini	M_anzp_e	0.0	0.08333333333333333	1	0.0
all	western_diet_gut_anoxic_membership	Alistipes_putredinis	Acidaminococcus_intestini	M_arab_D_e	0.0	1.0	0	0.0
all	western_diet_gut_anoxic_membership	Alistipes_putredinis	Acidaminococcus_intestini	M_arbt_e	0.0	0.0	0	0.0
all	western_diet_gut_anoxic_membership	Alistipes_putredinis	Acidaminococcus_intestini	M_arg_L_e	0.0	1.0	0	0.0
all	western_diet_gut_anoxic_membership	Alistipes_putredinis	Acidaminococcus_intestini	M_arsenb_e	0.0	0.0	0	0.0
all	western_diet_gut_anoxic_membership	Alistipes_putredinis	Acidaminococcus_intestini	M_asn_L_e	0.0	1.0	0	0.0
all	western_diet_gut_anoxic_membership	Alistipes_putredinis	Acidaminococcus_intestini	M_brv_e	0.0	0.0	0	0.0
all	western_diet_gut_anoxic_membership	Alistipes_putredinis	Acidaminococcus_intestini	M_but_e	0.0	0.0	1	0.0
all	western_diet_gut_anoxic_membership	Alistipes_putredinis	Acidaminococcus_intestini	M_butso3_e	0.0	0.0	0	0.0
all	western_diet_gut_anoxic_membership	Alistipes_putredinis	Acidaminococcus_intestini	M_bvu_e	0.0	0.0	0	0.0
all	western_diet_gut_anoxic_membership	Alistipes_putredinis	Acidaminococcus_intestini	M_ca2_e	0.0	1.0	0	0.0
all	western_diet_gut_anoxic_membership	Alistipes_putredinis	Acidaminococcus_intestini	M_cbl2_e	0.0	0.0	0	0.0
all	western_diet_gut_anoxic_membership	Alistipes_putredinis	Acidaminococcus_intestini	M_cd2_e	0.0	0.0	0	0.0
all	western_diet_gut_anoxic_membership	Alistipes_putredinis	Acidaminococcus_intestini	M_chlphncl_e	0.0	0.3333333333333333	1	0.0
all	western_diet_gut_anoxic_membership	Alistipes_putredinis	Acidaminococcus_intestini	M_cholate_e	0.0	0.0	0	0.0
all	western_diet_gut_anoxic_membership	Alistipes_putredinis	Acidaminococcus_intestini	M_cit_e	0.0	0.0	0	0.0
all	western_diet_gut_anoxic_membership	Alistipes_putredinis	Acidaminococcus_intestini	M_cl_e	0.0	1.0	0	0.0
all	western_diet_gut_anoxic_membership	Alistipes_putredinis	Acidaminococcus_intestini	M_co2_e	0.0	0.0	1	0.0
all	western_diet_gut_anoxic_membership	Alistipes_putredinis	Acidaminococcus_intestini	M_cobalt2_e	0.0	1.0	0	0.0
all	western_diet_gut_anoxic_membership	Alistipes_putredinis	Acidaminococcus_intestini	M_cro4_e	0.0	0.0	0	0.0
all	western_diet_gut_anoxic_membership	Alistipes_putredinis	Acidaminococcus_intestini	M_ctbt_e	0.0	0.0	0	0.0
all	western_diet_gut_anoxic_membership	Alistipes_putredinis	Acidaminococcus_intestini	M_cu2_e	0.0	1.0	0	0.0
all	western_diet_gut_anoxic_membership	Alistipes_putredinis	Acidaminococcus_intestini	M_cys_L_e	0.0	1.0	0	0.0
all	western_diet_gut_anoxic_membership	Alistipes_putredinis	Acidaminococcus_intestini	M_cytd_e	0.0	0.010416666666666666	0	0.0
all	western_diet_gut_anoxic_membership	Alistipes_putredinis	Acidaminococcus_intestini	M_czp_e	0.0	0.08333333333333333	1	0.0
all	western_diet_gut_anoxic_membership	Alistipes_putredinis	Acidaminococcus_intestini	M_dad_2_e	0.0	0.0	0	0.0
all	western_diet_gut_anoxic_membership	Alistipes_putredinis	Acidaminococcus_intestini	M_dcyt_e	0.0	0.0	0	0.0
all	western_diet_gut_anoxic_membership	Alistipes_putredinis	Acidaminococcus_intestini	M_dextrin_e	0.0	0.0	0	0.0
all	western_diet_gut_anoxic_membership	Alistipes_putredinis	Acidaminococcus_intestini	M_dfdcytd_e	0.0	0.0	0	0.0
all	western_diet_gut_anoxic_membership	Alistipes_putredinis	Acidaminococcus_intestini	M_dfduri_e	0.0	0.0	0	0.0
all	western_diet_gut_anoxic_membership	Alistipes_putredinis	Acidaminococcus_intestini	M_dgchol_e	0.0	0.0	0	0.0
all	western_diet_gut_anoxic_membership	Alistipes_putredinis	Acidaminococcus_intestini	M_dgsn_e	0.0	0.0	0	0.0
all	western_diet_gut_anoxic_membership	Alistipes_putredinis	Acidaminococcus_intestini	M_din_e	0.0	0.0	0	0.0
all	western_diet_gut_anoxic_membership	Alistipes_putredinis	Acidaminococcus_intestini	M_duri_e	0.0	0.0	0	0.0
all	western_diet_gut_anoxic_membership	Alistipes_putredinis	Acidaminococcus_intestini	M_ethso3_e	0.0	0.0	0	0.0
all	western_diet_gut_anoxic_membership	Alistipes_putredinis	Acidaminococcus_intestini	M_etoh_e	0.0	0.0	1	0.0
all	western_diet_gut_anoxic_membership	Alistipes_putredinis	Acidaminococcus_intestini	M_fe2_e	0.0	1.0	0	0.0
all	western_diet_gut_anoxic_membership	Alistipes_putredinis	Acidaminococcus_intestini	M_fe3_e	0.0	1.0	0	0.0
all	western_diet_gut_anoxic_membership	Alistipes_putredinis	Acidaminococcus_intestini	M_fol_e	0.0	1.0	0	0.0
all	western_diet_gut_anoxic_membership	Alistipes_putredinis	Acidaminococcus_intestini	M_fum_e	0.0	0.13541666666666666	0	0.0
all	western_diet_gut_anoxic_membership	Alistipes_putredinis	Acidaminococcus_intestini	M_galt_e	0.0	0.0	0	0.0
all	western_diet_gut_anoxic_membership	Alistipes_putredinis	Acidaminococcus_intestini	M_gbbtn_e	0.0	0.0	0	0.0
all	western_diet_gut_anoxic_membership	Alistipes_putredinis	Acidaminococcus_intestini	M_gchola_e	0.0	0.0	0	0.0
all	western_diet_gut_anoxic_membership	Alistipes_putredinis	Acidaminococcus_intestini	M_glc_D_e	0.0	0.0	0	0.0
all	western_diet_gut_anoxic_membership	Alistipes_putredinis	Acidaminococcus_intestini	M_glu_L_e	0.0	0.2604166666666667	0	0.0
all	western_diet_gut_anoxic_membership	Alistipes_putredinis	Acidaminococcus_intestini	M_glutar_e	0.0	0.0	0	0.0
all	western_diet_gut_anoxic_membership	Alistipes_putredinis	Acidaminococcus_intestini	M_gly_e	0.0	0.0	0	0.0
all	western_diet_gut_anoxic_membership	Alistipes_putredinis	Acidaminococcus_intestini	M_glyb_e	0.0	0.0	0	0.0
all	western_diet_gut_anoxic_membership	Alistipes_putredinis	Acidaminococcus_intestini	M_glyc_e	0.0	0.010416666666666666	0	0.0
all	western_diet_gut_anoxic_membership	Alistipes_putredinis	Acidaminococcus_intestini	M_gsn_e	0.0	0.23958333333333334	0	0.0
all	western_diet_gut_anoxic_membership	Alistipes_putredinis	Acidaminococcus_intestini	M_gthox_e	0.0	1.0	0	0.0
all	western_diet_gut_anoxic_membership	Alistipes_putredinis	Acidaminococcus_intestini	M_h2_e	0.0	0.041666666666666664	0	0.0
all	western_diet_gut_anoxic_membership	Alistipes_putredinis	Acidaminococcus_intestini	M_h2o_e	0.0	0.08333333333333333	0	0.0
all	western_diet_gut_anoxic_membership	Alistipes_putredinis	Acidaminococcus_intestini	M_h_e	0.0	0.3333333333333333	0	0.0
all	western_diet_gut_anoxic_membership	Alistipes_putredinis	Acidaminococcus_intestini	M_hexs_e	0.0	0.0	0	0.0
all	western_diet_gut_anoxic_membership	Alistipes_putredinis	Acidaminococcus_intestini	M_hg2_e	0.0	0.0	0	0.0
all	western_diet_gut_anoxic_membership	Alistipes_putredinis	Acidaminococcus_intestini	M_his_L_e	0.0	1.0	0	0.0
all	western_diet_gut_anoxic_membership	Alistipes_putredinis	Acidaminococcus_intestini	M_ile_L_e	0.0	1.0	0	0.0
all	western_diet_gut_anoxic_membership	Alistipes_putredinis	Acidaminococcus_intestini	M_indole_e	0.0	0.46875	0	0.0
all	western_diet_gut_anoxic_membership	Alistipes_putredinis	Acidaminococcus_intestini	M_ins_e	0.0	0.23958333333333334	0	0.0
all	western_diet_gut_anoxic_membership	Alistipes_putredinis	Acidaminococcus_intestini	M_isetac_e	0.0	0.0	0	0.0
all	western_diet_gut_anoxic_membership	Alistipes_putredinis	Acidaminococcus_intestini	M_isobut_e	0.0	0.0	0	0.0
all	western_diet_gut_anoxic_membership	Alistipes_putredinis	Acidaminococcus_intestini	M_isocapr_e	0.0	0.0	0	0.0
all	western_diet_gut_anoxic_membership	Alistipes_putredinis	Acidaminococcus_intestini	M_isoval_e	0.0	0.0	0	0.0
all	western_diet_gut_anoxic_membership	Alistipes_putredinis	Acidaminococcus_intestini	M_k_e	0.0	1.0	0	0.0
all	western_diet_gut_anoxic_membership	Alistipes_putredinis	Acidaminococcus_intestini	M_lac_D_e	0.0	0.3229166666666667	1	0.0
all	western_diet_gut_anoxic_membership	Alistipes_putredinis	Acidaminococcus_intestini	M_lac_L_e	0.0	0.0	1	0.0
all	western_diet_gut_anoxic_membership	Alistipes_putredinis	Acidaminococcus_intestini	M_leu_L_e	0.0	1.0	0	0.0
all	western_diet_gut_anoxic_membership	Alistipes_putredinis	Acidaminococcus_intestini	M_lys_L_e	0.0	1.0	0	0.0
all	western_diet_gut_anoxic_membership	Alistipes_putredinis	Acidaminococcus_intestini	M_mal_L_e	0.0	0.0	1	0.0
all	western_diet_gut_anoxic_membership	Alistipes_putredinis	Acidaminococcus_intestini	M_met_D_e	0.0	0.0	0	0.0
all	western_diet_gut_anoxic_membership	Alistipes_putredinis	Acidaminococcus_intestini	M_met_L_e	0.0	1.0	0	0.0
all	western_diet_gut_anoxic_membership	Alistipes_putredinis	Acidaminococcus_intestini	M_mg2_e	0.0	1.0	0	0.0
all	western_diet_gut_anoxic_membership	Alistipes_putredinis	Acidaminococcus_intestini	M_mn2_e	0.0	1.0	0	0.0
all	western_diet_gut_anoxic_membership	Alistipes_putredinis	Acidaminococcus_intestini	M_mops_e	0.0	0.0	0	0.0
all	western_diet_gut_anoxic_membership	Alistipes_putredinis	Acidaminococcus_intestini	M_mqn8_e	0.0	1.0	0	0.0
all	western_diet_gut_anoxic_membership	Alistipes_putredinis	Acidaminococcus_intestini	M_mso3_e	0.0	0.0	0	0.0
all	western_diet_gut_anoxic_membership	Alistipes_putredinis	Acidaminococcus_intestini	M_na1_e	0.0	0.0	0	0.0
all	western_diet_gut_anoxic_membership	Alistipes_putredinis	Acidaminococcus_intestini	M_nac_e	0.0	0.71875	0	0.0
all	western_diet_gut_anoxic_membership	Alistipes_putredinis	Acidaminococcus_intestini	M_nchlphncl_e	0.0	0.0	1	0.0
all	western_diet_gut_anoxic_membership	Alistipes_putredinis	Acidaminococcus_intestini	M_nh4_e	0.0	0.0	1	0.0
all	western_diet_gut_anoxic_membership	Alistipes_putredinis	Acidaminococcus_intestini	M_no3_e	0.0	0.0	0	0.0
all	western_diet_gut_anoxic_membership	Alistipes_putredinis	Acidaminococcus_intestini	M_nzp_e	0.0	0.08333333333333333	1	0.0
all	western_diet_gut_anoxic_membership	Alistipes_putredinis	Acidaminococcus_intestini	M_o2_e	0.0	0.28125	1	0.0
all	western_diet_gut_anoxic_membership	Alistipes_putredinis	Acidaminococcus_intestini	M_ocdca_e	0.0	1.0	0	0.0
all	western_diet_gut_anoxic_membership	Alistipes_putredinis	Acidaminococcus_intestini	M_ocdcea_e	0.0	1.0	0	0.0
all	western_diet_gut_anoxic_membership	Alistipes_putredinis	Acidaminococcus_intestini	M_orot_e	0.0	0.0	0	0.0
all	western_diet_gut_anoxic_membership	Alistipes_putredinis	Acidaminococcus_intestini	M_pb_e	0.0	0.0	0	0.0
all	western_diet_gut_anoxic_membership	Alistipes_putredinis	Acidaminococcus_intestini	M_pcresol_e	0.0	0.0	0	0.0
all	western_diet_gut_anoxic_membership	Alistipes_putredinis	Acidaminococcus_intestini	M_phe_L_e	0.0	1.0	0	0.0
all	western_diet_gut_anoxic_membership	Alistipes_putredinis	Acidaminococcus_intestini	M_pheme_e	0.0	1.0	0	0.0
all	western_diet_gut_anoxic_membership	Alistipes_putredinis	Acidaminococcus_intestini	M_pi_e	0.0	1.0	0	0.0
all	western_diet_gut_anoxic_membership	Alistipes_putredinis	Acidaminococcus_intestini	M_pnto_R_e	0.0	1.0	0	0.0
all	western_diet_gut_anoxic_membership	Alistipes_putredinis	Acidaminococcus_intestini	M_ppa_e	0.0	0.0	0	0.0
all	western_diet_gut_anoxic_membership	Alistipes_putredinis	Acidaminococcus_intestini	M_ppi_e	0.0	0.0	0	0.0
all	western_diet_gut_anoxic_membership	Alistipes_putredinis	Acidaminococcus_intestini	M_pro_L_e	0.0	1.0	0	0.0
all	western_diet_gut_anoxic_membership	Alistipes_putredinis	Acidaminococcus_intestini	M_pydx5p_e	0.0	0.0	1	0.0
all	western_diet_gut_anoxic_membership	Alistipes_putredinis	Acidaminococcus_intestini	M_pyr_e	0.0	0.0	1	0.0
all	western_diet_gut_anoxic_membership	Alistipes_putredinis	Acidaminococcus_intestini	M_r406_e	0.0	0.0	0	0.0
all	western_diet_gut_anoxic_membership	Alistipes_putredinis	Acidaminococcus_intestini	M_r788_e	0.0	0.0	0	0.0
all	western_diet_gut_anoxic_membership	Alistipes_putredinis	Acidaminococcus_intestini	M_ribflv_e	0.0	1.0	0	0.0
all	western_diet_gut_anoxic_membership	Alistipes_putredinis	Acidaminococcus_intestini	M_salcn_e	0.0	0.0	0	0.0
all	western_diet_gut_anoxic_membership	Alistipes_putredinis	Acidaminococcus_intestini	M_sheme_e	0.0	1.0	0	0.0
all	western_diet_gut_anoxic_membership	Alistipes_putredinis	Acidaminococcus_intestini	M_so4_e	0.0	1.0	0	0.0
all	western_diet_gut_anoxic_membership	Alistipes_putredinis	Acidaminococcus_intestini	M_spmd_e	0.0	1.0	0	0.0
all	western_diet_gut_anoxic_membership	Alistipes_putredinis	Acidaminococcus_intestini	M_srv_e	0.0	0.0	0	0.0
all	western_diet_gut_anoxic_membership	Alistipes_putredinis	Acidaminococcus_intestini	M_succ_e	0.0	0.28125	0	0.0
all	western_diet_gut_anoxic_membership	Alistipes_putredinis	Acidaminococcus_intestini	M_sulfac_e	0.0	0.0	0	0.0
all	western_diet_gut_anoxic_membership	Alistipes_putredinis	Acidaminococcus_intestini	M_taur_e	0.0	0.0	0	0.0
all	western_diet_gut_anoxic_membership	Alistipes_putredinis	Acidaminococcus_intestini	M_tchola_e	0.0	0.0	0	0.0
all	western_diet_gut_anoxic_membership	Alistipes_putredinis	Acidaminococcus_intestini	M_tdchola_e	0.0	0.0	0	0.0
all	western_diet_gut_anoxic_membership	Alistipes_putredinis	Acidaminococcus_intestini	M_thm_e	0.0	1.0	0	0.0
all	western_diet_gut_anoxic_membership	Alistipes_putredinis	Acidaminococcus_intestini	M_thymd_e	0.0	1.0	0	0.0
all	western_diet_gut_anoxic_membership	Alistipes_putredinis	Acidaminococcus_intestini	M_trp_L_e	0.0	0.53125	0	0.0
all	western_diet_gut_anoxic_membership	Alistipes_putredinis	Acidaminococcus_intestini	M_ttdca_e	0.0	1.0	0	0.0
all	western_diet_gut_anoxic_membership	Alistipes_putredinis	Acidaminococcus_intestini	M_tyr_L_e	0.0	1.0	0	0.0
all	western_diet_gut_anoxic_membership	Alistipes_putredinis	Acidaminococcus_intestini	M_urea_e	0.0	0.0	0	0.0
all	western_diet_gut_anoxic_membership	Alistipes_putredinis	Acidaminococcus_intestini	M_uri_e	0.0	0.020833333333333332	0	0.0
all	western_diet_gut_anoxic_membership	Alistipes_putredinis	Acidaminococcus_intestini	M_val_L_e	0.0	1.0	0	0.0
all	western_diet_gut_anoxic_membership	Alistipes_putredinis	Acidaminococcus_intestini	M_zn2_e	0.0	1.0	0	0.0
all	western_diet_gut_anoxic_membership	Alistipes_putredinis	Bacteroides_vulgatus	M_12ppd_S_e	0.0	0.0	1	0.0
all	western_diet_gut_anoxic_membership	Alistipes_putredinis	Bacteroides_vulgatus	M_26dap_M_e	0.0	1.0	0	0.0
all	western_diet_gut_anoxic_membership	Alistipes_putredinis	Bacteroides_vulgatus	M_4abut_e	0.0	0.0	1	0.0
all	western_diet_gut_anoxic_membership	Alistipes_putredinis	Bacteroides_vulgatus	M_4hbz_e	0.0	1.0	0	0.0
all	western_diet_gut_anoxic_membership	Alistipes_putredinis	Bacteroides_vulgatus	M_5asa_e	0.0	0.0	0	0.0
all	western_diet_gut_anoxic_membership	Alistipes_putredinis	Bacteroides_vulgatus	M_7a_czp_e	0.0	0.08333333333333333	0	0.0
all	western_diet_gut_anoxic_membership	Alistipes_putredinis	Bacteroides_vulgatus	M_7dhcdchol_e	0.0	0.0	0	0.0
all	western_diet_gut_anoxic_membership	Alistipes_putredinis	Bacteroides_vulgatus	M_7ocholate_e	0.0	0.0	0	0.0
all	western_diet_gut_anoxic_membership	Alistipes_putredinis	Bacteroides_vulgatus	M_C02528_e	0.0	0.0	0	0.0
all	western_diet_gut_anoxic_membership	Alistipes_putredinis	Bacteroides_vulgatus	M_Ser_Thr_e	0.0	0.0	0	0.0
all	western_diet_gut_anoxic_membership	Alistipes_putredinis	Bacteroides_vulgatus	M_T_antigen_e	0.0	0.0	0	0.0
all	western_diet_gut_anoxic_membership	Alistipes_putredinis	Bacteroides_vulgatus	M_Tn_antigen_e	0.0	0.0	0	0.0
all	western_diet_gut_anoxic_membership	Alistipes_putredinis	Bacteroides_vulgatus	M_Tyr_ggn_e	0.0	0.0	0	0.0
all	western_diet_gut_anoxic_membership	Alistipes_putredinis	Bacteroides_vulgatus	M_abz_ala_b_e	0.0	0.0	0	0.0
all	western_diet_gut_anoxic_membership	Alistipes_putredinis	Bacteroides_vulgatus	M_ac_e	0.0	0.17708333333333334	0	0.0
all	western_diet_gut_anoxic_membership	Alistipes_putredinis	Bacteroides_vulgatus	M_acgal_e	0.0	0.0	0	0.0
all	western_diet_gut_anoxic_membership	Alistipes_putredinis	Bacteroides_vulgatus	M_adn_e	0.0	0.23958333333333334	0	0.0
all	western_diet_gut_anoxic_membership	Alistipes_putredinis	Bacteroides_vulgatus	M_adocbl_e	0.0	0.0	0	0.0
all	western_diet_gut_anoxic_membership	Alistipes_putredinis	Bacteroides_vulgatus	M_alaasp_e	0.0	0.0	0	0.0
all	western_diet_gut_anoxic_membership	Alistipes_putredinis	Bacteroides_vulgatus	M_alagln_e	0.0	0.0	0	0.0
all	western_diet_gut_anoxic_membership	Alistipes_putredinis	Bacteroides_vulgatus	M_alaglu_e	0.0	0.0	0	0.0
all	western_diet_gut_anoxic_membership	Alistipes_putredinis	Bacteroides_vulgatus	M_alagly_e	0.0	0.0	0	0.0
all	western_diet_gut_anoxic_membership	Alistipes_putredinis	Bacteroides_vulgatus	M_alahis_e	0.0	0.0	0	0.0
all	western_diet_gut_anoxic_membership	Alistipes_putredinis	Bacteroides_vulgatus	M_alaleu_e	0.0	0.0	0	0.0
all	western_diet_gut_anoxic_membership	Alistipes_putredinis	Bacteroides_vulgatus	M_alathr_e	0.0	0.0	0	0.0
all	western_diet_gut_anoxic_membership	Alistipes_putredinis	Bacteroides_vulgatus	M_anzp_e	0.0	0.08333333333333333	0	0.0
all	western_diet_gut_anoxic_membership	Alistipes_putredinis	Bacteroides_vulgatus	M_arab_D_e	0.0	1.0	0	0.0
all	western_diet_gut_anoxic_membership	Alistipes_putredinis	Bacteroides_vulgatus	M_arabttr_e	0.0	0.0	0	0.0
all	western_diet_gut_anoxic_membership	Alistipes_putredinis	Bacteroides_vulgatus	M_arg_L_e	0.0	1.0	0	0.0
all	western_diet_gut_anoxic_membership	Alistipes_putredinis	Bacteroides_vulgatus	M_arsenb_e	0.0	0.0	0	0.0
all	western_diet_gut_anoxic_membership	Alistipes_putredinis	Bacteroides_vulgatus	M_asn_L_e	0.0	1.0	0	0.0
all	western_diet_gut_anoxic_membership	Alistipes_putredinis	Bacteroides_vulgatus	M_brv_e	0.0	0.0	0	0.0
all	western_diet_gut_anoxic_membership	Alistipes_putredinis	Bacteroides_vulgatus	M_but_e	0.0	0.0	0	0.0
all	western_diet_gut_anoxic_membership	Alistipes_putredinis	Bacteroides_vulgatus	M_bvu_e	0.0	0.0	0	0.0
all	western_diet_gut_anoxic_membership	Alistipes_putredinis	Bacteroides_vulgatus	M_bz_e	0.0	0.0	0	0.0
all	western_diet_gut_anoxic_membership	Alistipes_putredinis	Bacteroides_vulgatus	M_bzam_e	0.0	0.0	0	0.0
all	western_diet_gut_anoxic_membership	Alistipes_putredinis	Bacteroides_vulgatus	M_bzd_e	0.0	0.0	0	0.0
all	western_diet_gut_anoxic_membership	Alistipes_putredinis	Bacteroides_vulgatus	M_ca2_e	0.0	1.0	0	0.0
all	western_diet_gut_anoxic_membership	Alistipes_putredinis	Bacteroides_vulgatus	M_cbl2_e	0.0	0.0	0	0.0
all	western_diet_gut_anoxic_membership	Alistipes_putredinis	Bacteroides_vulgatus	M_cd2_e	0.0	0.0	0	0.0
all	western_diet_gut_anoxic_membership	Alistipes_putredinis	Bacteroides_vulgatus	M_chlphncl_e	0.0	0.3333333333333333	0	0.0
all	western_diet_gut_anoxic_membership	Alistipes_putredinis	Bacteroides_vulgatus	M_cholate_e	0.0	0.0	0	0.0
all	western_diet_gut_anoxic_membership	Alistipes_putredinis	Bacteroides_vulgatus	M_cit_e	0.0	0.0	0	0.0
all	western_diet_gut_anoxic_membership	Alistipes_putredinis	Bacteroides_vulgatus	M_cl_e	0.0	1.0	0	0.0
all	western_diet_gut_anoxic_membership	Alistipes_putredinis	Bacteroides_vulgatus	M_co2_e	0.0	0.0	1	0.0
all	western_diet_gut_anoxic_membership	Alistipes_putredinis	Bacteroides_vulgatus	M_cobalt2_e	0.0	1.0	0	0.0
all	western_diet_gut_anoxic_membership	Alistipes_putredinis	Bacteroides_vulgatus	M_core2_e	0.0	0.0	0	0.0
all	western_diet_gut_anoxic_membership	Alistipes_putredinis	Bacteroides_vulgatus	M_core3_e	0.0	0.0	0	0.0
all	western_diet_gut_anoxic_membership	Alistipes_putredinis	Bacteroides_vulgatus	M_core4_e	0.0	0.0	0	0.0
all	western_diet_gut_anoxic_membership	Alistipes_putredinis	Bacteroides_vulgatus	M_core5_e	0.0	0.0	0	0.0
all	western_diet_gut_anoxic_membership	Alistipes_putredinis	Bacteroides_vulgatus	M_core6_e	0.0	0.0	0	0.0
all	western_diet_gut_anoxic_membership	Alistipes_putredinis	Bacteroides_vulgatus	M_core7_e	0.0	0.0	0	0.0
all	western_diet_gut_anoxic_membership	Alistipes_putredinis	Bacteroides_vulgatus	M_core8_e	0.0	0.0	0	0.0
all	western_diet_gut_anoxic_membership	Alistipes_putredinis	Bacteroides_vulgatus	M_cro4_e	0.0	0.0	0	0.0
all	western_diet_gut_anoxic_membership	Alistipes_putredinis	Bacteroides_vulgatus	M_ctbt_e	0.0	0.0	0	0.0
all	western_diet_gut_anoxic_membership	Alistipes_putredinis	Bacteroides_vulgatus	M_cu2_e	0.0	1.0	0	0.0
all	western_diet_gut_anoxic_membership	Alistipes_putredinis	Bacteroides_vulgatus	M_cys_L_e	0.0	1.0	0	0.0
all	western_diet_gut_anoxic_membership	Alistipes_putredinis	Bacteroides_vulgatus	M_cytd_e	0.0	0.010416666666666666	0	0.0
all	western_diet_gut_anoxic_membership	Alistipes_putredinis	Bacteroides_vulgatus	M_czp_e	0.0	0.08333333333333333	0	0.0
all	western_diet_gut_anoxic_membership	Alistipes_putredinis	Bacteroides_vulgatus	M_dad_2_e	0.0	0.0	0	0.0
all	western_diet_gut_anoxic_membership	Alistipes_putredinis	Bacteroides_vulgatus	M_dchac_e	0.0	0.0	0	0.0
all	western_diet_gut_anoxic_membership	Alistipes_putredinis	Bacteroides_vulgatus	M_dcyt_e	0.0	0.0	0	0.0
all	western_diet_gut_anoxic_membership	Alistipes_putredinis	Bacteroides_vulgatus	M_dextrin_e	0.0	0.0	0	0.0
all	western_diet_gut_anoxic_membership	Alistipes_putredinis	Bacteroides_vulgatus	M_dgchol_e	0.0	0.0	0	0.0
all	western_diet_gut_anoxic_membership	Alistipes_putredinis	Bacteroides_vulgatus	M_dgsn_e	0.0	0.0	0	0.0
all	western_diet_gut_anoxic_membership	Alistipes_putredinis	Bacteroides_vulgatus	M_din_e	0.0	0.0	0	0.0
all	western_diet_gut_anoxic_membership	Alistipes_putredinis	Bacteroides_vulgatus	M_dsT_antigen_e	0.0	0.0	0	0.0
all	western_diet_gut_anoxic_membership	Alistipes_putredinis	Bacteroides_vulgatus	M_duri_e	0.0	0.0	0	0.0
all	western_diet_gut_anoxic_membership	Alistipes_putredinis	Bacteroides_vulgatus	M_f1a_e	0.0	0.0	0	0.0
all	western_diet_gut_anoxic_membership	Alistipes_putredinis	Bacteroides_vulgatus	M_fe2_e	0.0	1.0	0	0.0
all	western_diet_gut_anoxic_membership	Alistipes_putredinis	Bacteroides_vulgatus	M_fe3_e	0.0	1.0	0	0.0
all	western_diet_gut_anoxic_membership	Alistipes_putredinis	Bacteroides_vulgatus	M_fol_e	0.0	1.0	0	0.0
all	western_diet_gut_anoxic_membership	Alistipes_putredinis	Bacteroides_vulgatus	M_fum_e	0.0	0.13541666666666666	0	0.0
all	western_diet_gut_anoxic_membership	Alistipes_putredinis	Bacteroides_vulgatus	M_galt_e	0.0	0.0	0	0.0
all	western_diet_gut_anoxic_membership	Alistipes_putredinis	Bacteroides_vulgatus	M_galur_e	0.0	0.0	0	0.0
all	western_diet_gut_anoxic_membership	Alistipes_putredinis	Bacteroides_vulgatus	M_gbbtn_e	0.0	0.0	0	0.0
all	western_diet_gut_anoxic_membership	Alistipes_putredinis	Bacteroides_vulgatus	M_gcald_e	0.0	0.0	1	0.0
all	western_diet_gut_anoxic_membership	Alistipes_putredinis	Bacteroides_vulgatus	M_gchola_e	0.0	0.0	0	0.0
all	western_diet_gut_anoxic_membership	Alistipes_putredinis	Bacteroides_vulgatus	M_glc_D_e	0.0	0.0	1	0.0
all	western_diet_gut_anoxic_membership	Alistipes_putredinis	Bacteroides_vulgatus	M_glcur_e	0.0	0.0	0	0.0
all	western_diet_gut_anoxic_membership	Alistipes_putredinis	Bacteroides_vulgatus	M_glu_L_e	0.0	0.2604166666666667	0	0.0
all	western_diet_gut_anoxic_membership	Alistipes_putredinis	Bacteroides_vulgatus	M_gly_e	0.0	0.0	0	0.0
all	western_diet_gut_anoxic_membership	Alistipes_putredinis	Bacteroides_vulgatus	M_glyasn_e	0.0	0.0	0	0.0
all	western_diet_gut_anoxic_membership	Alistipes_putredinis	Bacteroides_vulgatus	M_glyb_e	0.0	0.0	0	0.0
all	western_diet_gut_anoxic_membership	Alistipes_putredinis	Bacteroides_vulgatus	M_glyc_e	0.0	0.010416666666666666	0	0.0
all	western_diet_gut_anoxic_membership	Alistipes_putredinis	Bacteroides_vulgatus	M_glycys_e	0.0	0.0	0	0.0
all	western_diet_gut_anoxic_membership	Alistipes_putredinis	Bacteroides_vulgatus	M_glygln_e	0.0	0.0	0	0.0
all	western_diet_gut_anoxic_membership	Alistipes_putredinis	Bacteroides_vulgatus	M_glyglu_e	0.0	0.0	0	0.0
all	western_diet_gut_anoxic_membership	Alistipes_putredinis	Bacteroides_vulgatus	M_glygn2_e	0.0	0.0	0	0.0
all	western_diet_gut_anoxic_membership	Alistipes_putredinis	Bacteroides_vulgatus	M_glygn4_e	0.0	0.0	0	0.0
all	western_diet_gut_anoxic_membership	Alistipes_putredinis	Bacteroides_vulgatus	M_glygn5_e	0.0	0.0	0	0.0
all	western_diet_gut_anoxic_membership	Alistipes_putredinis	Bacteroides_vulgatus	M_glymet_e	0.0	0.0	0	0.0
all	western_diet_gut_anoxic_membership	Alistipes_putredinis	Bacteroides_vulgatus	M_glyphe_e	0.0	0.0	0	0.0
all	western_diet_gut_anoxic_membership	Alistipes_putredinis	Bacteroides_vulgatus	M_glypro_e	0.0	0.0	0	0.0
all	western_diet_gut_anoxic_membership	Alistipes_putredinis	Bacteroides_vulgatus	M_glytyr_e	0.0	0.0	0	0.0
all	western_diet_gut_anoxic_membership	Alistipes_putredinis	Bacteroides_vulgatus	M_gncore1_e	0.0	0.0	0	0.0
all	western_diet_gut_anoxic_membership	Alistipes_putredinis	Bacteroides_vulgatus	M_gncore2_e	0.0	0.0	0	0.0
all	western_diet_gut_anoxic_membership	Alistipes_putredinis	Bacteroides_vulgatus	M_gsn_e	0.0	0.23958333333333334	0	0.0
all	western_diet_gut_anoxic_membership	Alistipes_putredinis	Bacteroides_vulgatus	M_gthox_e	0.0	1.0	0	0.0
all	western_diet_gut_anoxic_membership	Alistipes_putredinis	Bacteroides_vulgatus	M_h2_e	0.0	0.041666666666666664	0	0.0
all	western_diet_gut_anoxic_membership	Alistipes_putredinis	Bacteroides_vulgatus	M_h2o_e	0.0	0.08333333333333333	0	0.0
all	western_diet_gut_anoxic_membership	Alistipes_putredinis	Bacteroides_vulgatus	M_h_e	0.0	0.3333333333333333	0	0.0
all	western_diet_gut_anoxic_membership	Alistipes_putredinis	Bacteroides_vulgatus	M_hg2_e	0.0	0.0	0	0.0
all	western_diet_gut_anoxic_membership	Alistipes_putredinis	Bacteroides_vulgatus	M_his_L_e	0.0	1.0	0	0.0
all	western_diet_gut_anoxic_membership	Alistipes_putredinis	Bacteroides_vulgatus	M_ile_L_e	0.0	1.0	0	0.0
all	western_diet_gut_anoxic_membership	Alistipes_putredinis	Bacteroides_vulgatus	M_indole_e	0.0	0.46875	0	0.0
all	western_diet_gut_anoxic_membership	Alistipes_putredinis	Bacteroides_vulgatus	M_ins_e	0.0	0.23958333333333334	0	0.0
all	western_diet_gut_anoxic_membership	Alistipes_putredinis	Bacteroides_vulgatus	M_isobut_e	0.0	0.0	1	0.0
all	western_diet_gut_anoxic_membership	Alistipes_putredinis	Bacteroides_vulgatus	M_isocapr_e	0.0	0.0	1	0.0
all	western_diet_gut_anoxic_membership	Alistipes_putredinis	Bacteroides_vulgatus	M_isoval_e	0.0	0.0	1	0.0
all	western_diet_gut_anoxic_membership	Alistipes_putredinis	Bacteroides_vulgatus	M_k_e	0.0	1.0	0	0.0
all	western_diet_gut_anoxic_membership	Alistipes_putredinis	Bacteroides_vulgatus	M_kesto_e	0.0	0.0	0	0.0
all	western_diet_gut_anoxic_membership	Alistipes_putredinis	Bacteroides_vulgatus	M_kestottr_e	0.0	0.0	0	0.0
all	western_diet_gut_anoxic_membership	Alistipes_putredinis	Bacteroides_vulgatus	M_lac_D_e	0.0	0.3229166666666667	1	0.0
all	western_diet_gut_anoxic_membership	Alistipes_putredinis	Bacteroides_vulgatus	M_lac_L_e	0.0	0.0	1	0.0
all	western_diet_gut_anoxic_membership	Alistipes_putredinis	Bacteroides_vulgatus	M_leu_L_e	0.0	1.0	0	0.0
all	western_diet_gut_anoxic_membership	Alistipes_putredinis	Bacteroides_vulgatus	M_lys_L_e	0.0	1.0	0	0.0
all	western_diet_gut_anoxic_membership	Alistipes_putredinis	Bacteroides_vulgatus	M_malttr_e	0.0	0.0	1	0.0
all	western_diet_gut_anoxic_membership	Alistipes_putredinis	Bacteroides_vulgatus	M_mantr_e	0.0	0.0	0	0.0
all	western_diet_gut_anoxic_membership	Alistipes_putredinis	Bacteroides_vulgatus	M_met_L_e	0.0	1.0	0	0.0
all	western_diet_gut_anoxic_membership	Alistipes_putredinis	Bacteroides_vulgatus	M_metala_e	0.0	0.0	0	0.0
all	western_diet_gut_anoxic_membership	Alistipes_putredinis	Bacteroides_vulgatus	M_mg2_e	0.0	1.0	0	0.0
all	western_diet_gut_anoxic_membership	Alistipes_putredinis	Bacteroides_vulgatus	M_mn2_e	0.0	1.0	0	0.0
all	western_diet_gut_anoxic_membership	Alistipes_putredinis	Bacteroides_vulgatus	M_mqn8_e	0.0	1.0	0	0.0
all	western_diet_gut_anoxic_membership	Alistipes_putredinis	Bacteroides_vulgatus	M_na1_e	0.0	0.0	0	0.0
all	western_diet_gut_anoxic_membership	Alistipes_putredinis	Bacteroides_vulgatus	M_nac_e	0.0	0.71875	0	0.0
all	western_diet_gut_anoxic_membership	Alistipes_putredinis	Bacteroides_vulgatus	M_nchlphncl_e	0.0	0.0	0	0.0
all	western_diet_gut_anoxic_membership	Alistipes_putredinis	Bacteroides_vulgatus	M_neopront_e	0.0	0.0	0	0.0
all	western_diet_gut_anoxic_membership	Alistipes_putredinis	Bacteroides_vulgatus	M_nh4_e	0.0	0.0	1	0.0
all	western_diet_gut_anoxic_membership	Alistipes_putredinis	Bacteroides_vulgatus	M_nzp_e	0.0	0.08333333333333333	0	0.0
all	western_diet_gut_anoxic_membership	Alistipes_putredinis	Bacteroides_vulgatus	M_o2_e	0.0	0.28125	0	0.0
all	western_diet_gut_anoxic_membership	Alistipes_putredinis	Bacteroides_vulgatus	M_ocdca_e	0.0	1.0	0	0.0
all	western_diet_gut_anoxic_membership	Alistipes_putredinis	Bacteroides_vulgatus	M_ocdcea_e	0.0	1.0	0	0.0
all	western_diet_gut_anoxic_membership	Alistipes_putredinis	Bacteroides_vulgatus	M_olsa_e	0.0	0.0	0	0.0
all	western_diet_gut_anoxic_membership	Alistipes_putredinis	Bacteroides_vulgatus	M_pb_e	0.0	0.0	0	0.0
all	western_diet_gut_anoxic_membership	Alistipes_putredinis	Bacteroides_vulgatus	M_pcresol_e	0.0	0.0	0	0.0
all	western_diet_gut_anoxic_membership	Alistipes_putredinis	Bacteroides_vulgatus	M_phe_L_e	0.0	1.0	0	0.0
all	western_diet_gut_anoxic_membership	Alistipes_putredinis	Bacteroides_vulgatus	M_pheme_e	0.0	1.0	0	0.0
all	western_diet_gut_anoxic_membership	Alistipes_putredinis	Bacteroides_vulgatus	M_pi_e	0.0	1.0	0	0.0
all	western_diet_gut_anoxic_membership	Alistipes_putredinis	Bacteroides_vulgatus	M_pnto_R_e	0.0	1.0	0	0.0
all	western_diet_gut_anoxic_membership	Alistipes_putredinis	Bacteroides_vulgatus	M_ppa_e	0.0	0.0	1	0.0
all	western_diet_gut_anoxic_membership	Alistipes_putredinis	Bacteroides_vulgatus	M_ppi_e	0.0	0.0	1	0.0
all	western_diet_gut_anoxic_membership	Alistipes_putredinis	Bacteroides_vulgatus	M_pro_L_e	0.0	1.0	0	0.0
all	western_diet_gut_anoxic_membership	Alistipes_putredinis	Bacteroides_vulgatus	M_pront_e	0.0	0.0	0	0.0
all	western_diet_gut_anoxic_membership	Alistipes_putredinis	Bacteroides_vulgatus	M_pyr_e	0.0	0.0	1	0.0
all	western_diet_gut_anoxic_membership	Alistipes_putredinis	Bacteroides_vulgatus	M_r406_e	0.0	0.0	0	0.0
all	western_diet_gut_anoxic_membership	Alistipes_putredinis	Bacteroides_vulgatus	M_r788_e	0.0	0.0	0	0.0
all	western_diet_gut_anoxic_membership	Alistipes_putredinis	Bacteroides_vulgatus	M_ribflv_e	0.0	1.0	0	0.0
all	western_diet_gut_anoxic_membership	Alistipes_putredinis	Bacteroides_vulgatus	M_sT_antigen_e	0.0	0.0	0	0.0
all	western_diet_gut_anoxic_membership	Alistipes_putredinis	Bacteroides_vulgatus	M_sTn_antigen_e	0.0	0.0	0	0.0
all	western_diet_gut_anoxic_membership	Alistipes_putredinis	Bacteroides_vulgatus	M_sanilamide_e	0.0	0.0	0	0.0
all	western_diet_gut_anoxic_membership	Alistipes_putredinis	Bacteroides_vulgatus	M_sheme_e	0.0	1.0	0	0.0
all	western_diet_gut_anoxic_membership	Alistipes_putredinis	Bacteroides_vulgatus	M_so4_e	0.0	1.0	0	0.0
all	western_diet_gut_anoxic_membership	Alistipes_putredinis	Bacteroides_vulgatus	M_spmd_e	0.0	1.0	0	0.0
all	western_diet_gut_anoxic_membership	Alistipes_putredinis	Bacteroides_vulgatus	M_srv_e	0.0	0.0	0	0.0
all	western_diet_gut_anoxic_membership	Alistipes_putredinis	Bacteroides_vulgatus	M_ssz_e	0.0	0.0	0	0.0
all	western_diet_gut_anoxic_membership	Alistipes_putredinis	Bacteroides_vulgatus	M_stys_e	0.0	0.0	0	0.0
all	western_diet_gut_anoxic_membership	Alistipes_putredinis	Bacteroides_vulgatus	M_succ_e	0.0	0.28125	0	0.0
all	western_diet_gut_anoxic_membership	Alistipes_putredinis	Bacteroides_vulgatus	M_sulfp_e	0.0	0.0	0	0.0
all	western_diet_gut_anoxic_membership	Alistipes_putredinis	Bacteroides_vulgatus	M_tab_e	0.0	0.0	0	0.0
all	western_diet_gut_anoxic_membership	Alistipes_putredinis	Bacteroides_vulgatus	M_taur_e	0.0	0.0	0	0.0
all	western_diet_gut_anoxic_membership	Alistipes_putredinis	Bacteroides_vulgatus	M_tchola_e	0.0	0.0	0	0.0
all	western_diet_gut_anoxic_membership	Alistipes_putredinis	Bacteroides_vulgatus	M_tdchola_e	0.0	0.0	0	0.0
all	western_diet_gut_anoxic_membership	Alistipes_putredinis	Bacteroides_vulgatus	M_thm_e	0.0	1.0	0	0.0
all	western_diet_gut_anoxic_membership	Alistipes_putredinis	Bacteroides_vulgatus	M_thymd_e	0.0	1.0	0	0.0
all	western_diet_gut_anoxic_membership	Alistipes_putredinis	Bacteroides_vulgatus	M_trp_L_e	0.0	0.53125	0	0.0
all	western_diet_gut_anoxic_membership	Alistipes_putredinis	Bacteroides_vulgatus	M_tsul_e	0.0	0.0	0	0.0
all	western_diet_gut_anoxic_membership	Alistipes_putredinis	Bacteroides_vulgatus	M_ttdca_e	0.0	1.0	0	0.0
all	western_diet_gut_anoxic_membership	Alistipes_putredinis	Bacteroides_vulgatus	M_tyr_L_e	0.0	1.0	0	0.0
all	western_diet_gut_anoxic_membership	Alistipes_putredinis	Bacteroides_vulgatus	M_urea_e	0.0	0.0	0	0.0
all	western_diet_gut_anoxic_membership	Alistipes_putredinis	Bacteroides_vulgatus	M_uri_e	0.0	0.020833333333333332	0	0.0
all	western_diet_gut_anoxic_membership	Alistipes_putredinis	Bacteroides_vulgatus	M_val_L_e	0.0	1.0	0	0.0
all	western_diet_gut_anoxic_membership	Alistipes_putredinis	Bacteroides_vulgatus	M_xtsn_e	0.0	0.0	1	0.0
all	western_diet_gut_anoxic_membership	Alistipes_putredinis	Bacteroides_vulgatus	M_xylottr_e	0.0	0.0	0	0.0
all	western_diet_gut_anoxic_membership	Alistipes_putredinis	Bacteroides_vulgatus	M_zn2_e	0.0	1.0	0	0.0
all	western_diet_gut_anoxic_membership	Alistipes_putredinis	Eubacterium_rectale	M_26dap_M_e	0.0	1.0	0	0.0
all	western_diet_gut_anoxic_membership	Alistipes_putredinis	Eubacterium_rectale	M_4abut_e	0.0	0.0	1	0.0
all	western_diet_gut_anoxic_membership	Alistipes_putredinis	Eubacterium_rectale	M_4hbz_e	0.0	1.0	0	0.0
all	western_diet_gut_anoxic_membership	Alistipes_putredinis	Eubacterium_rectale	M_7a_czp_e	0.0	0.08333333333333333	0	0.0
all	western_diet_gut_anoxic_membership	Alistipes_putredinis	Eubacterium_rectale	M_C02528_e	0.0	0.0	0	0.0
all	western_diet_gut_anoxic_membership	Alistipes_putredinis	Eubacterium_rectale	M_ac_e	0.0	0.17708333333333334	0	0.0
all	western_diet_gut_anoxic_membership	Alistipes_putredinis	Eubacterium_rectale	M_acald_e	0.0	0.0	0	0.0
all	western_diet_gut_anoxic_membership	Alistipes_putredinis	Eubacterium_rectale	M_adn_e	0.0	0.23958333333333334	0	0.0
all	western_diet_gut_anoxic_membership	Alistipes_putredinis	Eubacterium_rectale	M_adocbl_e	0.0	0.0	0	0.0
all	western_diet_gut_anoxic_membership	Alistipes_putredinis	Eubacterium_rectale	M_alaasp_e	0.0	0.0	0	0.0
all	western_diet_gut_anoxic_membership	Alistipes_putredinis	Eubacterium_rectale	M_alagln_e	0.0	0.0	0	0.0
all	western_diet_gut_anoxic_membership	Alistipes_putredinis	Eubacterium_rectale	M_alaglu_e	0.0	0.0	0	0.0
all	western_diet_gut_anoxic_membership	Alistipes_putredinis	Eubacterium_rectale	M_alagly_e	0.0	0.0	0	0.0
all	western_diet_gut_anoxic_membership	Alistipes_putredinis	Eubacterium_rectale	M_alahis_e	0.0	0.0	0	0.0
all	western_diet_gut_anoxic_membership	Alistipes_putredinis	Eubacterium_rectale	M_alaleu_e	0.0	0.0	0	0.0
all	western_diet_gut_anoxic_membership	Alistipes_putredinis	Eubacterium_rectale	M_alathr_e	0.0	0.0	0	0.0
all	western_diet_gut_anoxic_membership	Alistipes_putredinis	Eubacterium_rectale	M_anzp_e	0.0	0.08333333333333333	0	0.0
all	western_diet_gut_anoxic_membership	Alistipes_putredinis	Eubacterium_rectale	M_arab_D_e	0.0	1.0	0	0.0
all	western_diet_gut_anoxic_membership	Alistipes_putredinis	Eubacterium_rectale	M_arabttr_e	0.0	0.0	0	0.0
all	western_diet_gut_anoxic_membership	Alistipes_putredinis	Eubacterium_rectale	M_arbt_e	0.0	0.0	0	0.0
all	western_diet_gut_anoxic_membership	Alistipes_putredinis	Eubacterium_rectale	M_arg_L_e	0.0	1.0	0	0.0
all	western_diet_gut_anoxic_membership	Alistipes_putredinis	Eubacterium_rectale	M_arsenb_e	0.0	0.0	0	0.0
all	western_diet_gut_anoxic_membership	Alistipes_putredinis	Eubacterium_rectale	M_asn_L_e	0.0	1.0	0	0.0
all	western_diet_gut_anoxic_membership	Alistipes_putredinis	Eubacterium_rectale	M_brv_e	0.0	0.0	0	0.0
all	western_diet_gut_anoxic_membership	Alistipes_putredinis	Eubacterium_rectale	M_but_e	0.0	0.0	1	0.0
all	western_diet_gut_anoxic_membership	Alistipes_putredinis	Eubacterium_rectale	M_bvu_e	0.0	0.0	0	0.0
all	western_diet_gut_anoxic_membership	Alistipes_putredinis	Eubacterium_rectale	M_ca2_e	0.0	1.0	0	0.0
all	western_diet_gut_anoxic_membership	Alistipes_putredinis	Eubacterium_rectale	M_cbl2_e	0.0	0.0	0	0.0
all	western_diet_gut_anoxic_membership	Alistipes_putredinis	Eubacterium_rectale	M_cd2_e	0.0	0.0	0	0.0
all	western_diet_gut_anoxic_membership	Alistipes_putredinis	Eubacterium_rectale	M_chlphncl_e	0.0	0.3333333333333333	0	0.0
all	western_diet_gut_anoxic_membership	Alistipes_putredinis	Eubacterium_rectale	M_cholate_e	0.0	0.0	0	0.0
all	western_diet_gut_anoxic_membership	Alistipes_putredinis	Eubacterium_rectale	M_cit_e	0.0	0.0	0	0.0
all	western_diet_gut_anoxic_membership	Alistipes_putredinis	Eubacterium_rectale	M_cl_e	0.0	1.0	0	0.0
all	western_diet_gut_anoxic_membership	Alistipes_putredinis	Eubacterium_rectale	M_co2_e	0.0	0.0	1	0.0
all	western_diet_gut_anoxic_membership	Alistipes_putredinis	Eubacterium_rectale	M_cobalt2_e	0.0	1.0	0	0.0
all	western_diet_gut_anoxic_membership	Alistipes_putredinis	Eubacterium_rectale	M_cro4_e	0.0	0.0	0	0.0
all	western_diet_gut_anoxic_membership	Alistipes_putredinis	Eubacterium_rectale	M_cu2_e	0.0	1.0	0	0.0
all	western_diet_gut_anoxic_membership	Alistipes_putredinis	Eubacterium_rectale	M_cys_L_e	0.0	1.0	0	0.0
all	western_diet_gut_anoxic_membership	Alistipes_putredinis	Eubacterium_rectale	M_cytd_e	0.0	0.010416666666666666	0	0.0
all	western_diet_gut_anoxic_membership	Alistipes_putredinis	Eubacterium_rectale	M_czp_e	0.0	0.08333333333333333	0	0.0
all	western_diet_gut_anoxic_membership	Alistipes_putredinis	Eubacterium_rectale	M_dad_2_e	0.0	0.0	0	0.0
all	western_diet_gut_anoxic_membership	Alistipes_putredinis	Eubacterium_rectale	M_dcyt_e	0.0	0.0	0	0.0
all	western_diet_gut_anoxic_membership	Alistipes_putredinis	Eubacterium_rectale	M_dextrin_e	0.0	0.0	0	0.0
all	western_diet_gut_anoxic_membership	Alistipes_putredinis	Eubacterium_rectale	M_dgchol_e	0.0	0.0	0	0.0
all	western_diet_gut_anoxic_membership	Alistipes_putredinis	Eubacterium_rectale	M_dgsn_e	0.0	0.0	0	0.0
all	western_diet_gut_anoxic_membership	Alistipes_putredinis	Eubacterium_rectale	M_din_e	0.0	0.0	0	0.0
all	western_diet_gut_anoxic_membership	Alistipes_putredinis	Eubacterium_rectale	M_duri_e	0.0	0.0	0	0.0
all	western_diet_gut_anoxic_membership	Alistipes_putredinis	Eubacterium_rectale	M_fe2_e	0.0	1.0	0	0.0
all	western_diet_gut_anoxic_membership	Alistipes_putredinis	Eubacterium_rectale	M_fe3_e	0.0	1.0	0	0.0
all	western_diet_gut_anoxic_membership	Alistipes_putredinis	Eubacterium_rectale	M_fol_e	0.0	1.0	0	0.0
all	western_diet_gut_anoxic_membership	Alistipes_putredinis	Eubacterium_rectale	M_fum_e	0.0	0.13541666666666666	0	0.0
all	western_diet_gut_anoxic_membership	Alistipes_putredinis	Eubacterium_rectale	M_galt_e	0.0	0.0	0	0.0
all	western_diet_gut_anoxic_membership	Alistipes_putredinis	Eubacterium_rectale	M_gchola_e	0.0	0.0	0	0.0
all	western_diet_gut_anoxic_membership	Alistipes_putredinis	Eubacterium_rectale	M_glc_D_e	0.0	0.0	1	0.0
all	western_diet_gut_anoxic_membership	Alistipes_putredinis	Eubacterium_rectale	M_glu_L_e	0.0	0.2604166666666667	0	0.0
all	western_diet_gut_anoxic_membership	Alistipes_putredinis	Eubacterium_rectale	M_gly_e	0.0	0.0	0	0.0
all	western_diet_gut_anoxic_membership	Alistipes_putredinis	Eubacterium_rectale	M_glyasn_e	0.0	0.0	0	0.0
all	western_diet_gut_anoxic_membership	Alistipes_putredinis	Eubacterium_rectale	M_glyb_e	0.0	0.0	0	0.0
all	western_diet_gut_anoxic_membership	Alistipes_putredinis	Eubacterium_rectale	M_glyc_e	0.0	0.010416666666666666	0	0.0
all	western_diet_gut_anoxic_membership	Alistipes_putredinis	Eubacterium_rectale	M_glycys_e	0.0	0.0	0	0.0
all	western_diet_gut_anoxic_membership	Alistipes_putredinis	Eubacterium_rectale	M_glygln_e	0.0	0.0	0	0.0
all	western_diet_gut_anoxic_membership	Alistipes_putredinis	Eubacterium_rectale	M_glyglu_e	0.0	0.0	0	0.0
all	western_diet_gut_anoxic_membership	Alistipes_putredinis	Eubacterium_rectale	M_glymet_e	0.0	0.0	0	0.0
all	western_diet_gut_anoxic_membership	Alistipes_putredinis	Eubacterium_rectale	M_glyphe_e	0.0	0.0	0	0.0
all	western_diet_gut_anoxic_membership	Alistipes_putredinis	Eubacterium_rectale	M_glypro_e	0.0	0.0	0	0.0
all	western_diet_gut_anoxic_membership	Alistipes_putredinis	Eubacterium_rectale	M_glytyr_e	0.0	0.0	0	0.0
all	western_diet_gut_anoxic_membership	Alistipes_putredinis	Eubacterium_rectale	M_gsn_e	0.0	0.23958333333333334	0	0.0
all	western_diet_gut_anoxic_membership	Alistipes_putredinis	Eubacterium_rectale	M_gthox_e	0.0	1.0	0	0.0
all	western_diet_gut_anoxic_membership	Alistipes_putredinis	Eubacterium_rectale	M_h2_e	0.0	0.041666666666666664	0	0.0
all	western_diet_gut_anoxic_membership	Alistipes_putredinis	Eubacterium_rectale	M_h2o_e	0.0	0.08333333333333333	0	0.0
all	western_diet_gut_anoxic_membership	Alistipes_putredinis	Eubacterium_rectale	M_h_e	0.0	0.3333333333333333	0	0.0
all	western_diet_gut_anoxic_membership	Alistipes_putredinis	Eubacterium_rectale	M_hg2_e	0.0	0.0	0	0.0
all	western_diet_gut_anoxic_membership	Alistipes_putredinis	Eubacterium_rectale	M_his_L_e	0.0	1.0	0	0.0
all	western_diet_gut_anoxic_membership	Alistipes_putredinis	Eubacterium_rectale	M_ile_L_e	0.0	1.0	0	0.0
all	western_diet_gut_anoxic_membership	Alistipes_putredinis	Eubacterium_rectale	M_indole_e	0.0	0.46875	0	0.0
all	western_diet_gut_anoxic_membership	Alistipes_putredinis	Eubacterium_rectale	M_ins_e	0.0	0.23958333333333334	0	0.0
all	western_diet_gut_anoxic_membership	Alistipes_putredinis	Eubacterium_rectale	M_isobut_e	0.0	0.0	0	0.0
all	western_diet_gut_anoxic_membership	Alistipes_putredinis	Eubacterium_rectale	M_isocapr_e	0.0	0.0	0	0.0
all	western_diet_gut_anoxic_membership	Alistipes_putredinis	Eubacterium_rectale	M_isoval_e	0.0	0.0	0	0.0
all	western_diet_gut_anoxic_membership	Alistipes_putredinis	Eubacterium_rectale	M_k_e	0.0	1.0	0	0.0
all	western_diet_gut_anoxic_membership	Alistipes_putredinis	Eubacterium_rectale	M_lac_D_e	0.0	0.3229166666666667	1	0.0
all	western_diet_gut_anoxic_membership	Alistipes_putredinis	Eubacterium_rectale	M_lac_L_e	0.0	0.0	1	0.0
all	western_diet_gut_anoxic_membership	Alistipes_putredinis	Eubacterium_rectale	M_leu_L_e	0.0	1.0	0	0.0
all	western_diet_gut_anoxic_membership	Alistipes_putredinis	Eubacterium_rectale	M_lys_L_e	0.0	1.0	0	0.0
all	western_diet_gut_anoxic_membership	Alistipes_putredinis	Eubacterium_rectale	M_malthx_e	0.0	0.0	0	0.0
all	western_diet_gut_anoxic_membership	Alistipes_putredinis	Eubacterium_rectale	M_malttr_e	0.0	0.0	1	0.0
all	western_diet_gut_anoxic_membership	Alistipes_putredinis	Eubacterium_rectale	M_mantr_e	0.0	0.0	0	0.0
all	western_diet_gut_anoxic_membership	Alistipes_putredinis	Eubacterium_rectale	M_met_L_e	0.0	1.0	0	0.0
all	western_diet_gut_anoxic_membership	Alistipes_putredinis	Eubacterium_rectale	M_metala_e	0.0	0.0	0	0.0
all	western_diet_gut_anoxic_membership	Alistipes_putredinis	Eubacterium_rectale	M_mg2_e	0.0	1.0	0	0.0
all	western_diet_gut_anoxic_membership	Alistipes_putredinis	Eubacterium_rectale	M_mn2_e	0.0	1.0	0	0.0
all	western_diet_gut_anoxic_membership	Alistipes_putredinis	Eubacterium_rectale	M_mqn8_e	0.0	1.0	0	0.0
all	western_diet_gut_anoxic_membership	Alistipes_putredinis	Eubacterium_rectale	M_na1_e	0.0	0.0	0	0.0
all	western_diet_gut_anoxic_membership	Alistipes_putredinis	Eubacterium_rectale	M_nac_e	0.0	0.71875	0	0.0
all	western_diet_gut_anoxic_membership	Alistipes_putredinis	Eubacterium_rectale	M_nchlphncl_e	0.0	0.0	0	0.0
all	western_diet_gut_anoxic_membership	Alistipes_putredinis	Eubacterium_rectale	M_nh4_e	0.0	0.0	1	0.0
all	western_diet_gut_anoxic_membership	Alistipes_putredinis	Eubacterium_rectale	M_nzp_e	0.0	0.08333333333333333	0	0.0
all	western_diet_gut_anoxic_membership	Alistipes_putredinis	Eubacterium_rectale	M_o2_e	0.0	0.28125	0	0.0
all	western_diet_gut_anoxic_membership	Alistipes_putredinis	Eubacterium_rectale	M_ocdca_e	0.0	1.0	0	0.0
all	western_diet_gut_anoxic_membership	Alistipes_putredinis	Eubacterium_rectale	M_ocdcea_e	0.0	1.0	0	0.0
all	western_diet_gut_anoxic_membership	Alistipes_putredinis	Eubacterium_rectale	M_pb_e	0.0	0.0	0	0.0
all	western_diet_gut_anoxic_membership	Alistipes_putredinis	Eubacterium_rectale	M_pcresol_e	0.0	0.0	0	0.0
all	western_diet_gut_anoxic_membership	Alistipes_putredinis	Eubacterium_rectale	M_phe_L_e	0.0	1.0	0	0.0
all	western_diet_gut_anoxic_membership	Alistipes_putredinis	Eubacterium_rectale	M_pheme_e	0.0	1.0	0	0.0
all	western_diet_gut_anoxic_membership	Alistipes_putredinis	Eubacterium_rectale	M_pi_e	0.0	1.0	0	0.0
all	western_diet_gut_anoxic_membership	Alistipes_putredinis	Eubacterium_rectale	M_pnto_R_e	0.0	1.0	0	0.0
all	western_diet_gut_anoxic_membership	Alistipes_putredinis	Eubacterium_rectale	M_ppa_e	0.0	0.0	0	0.0
all	western_diet_gut_anoxic_membership	Alistipes_putredinis	Eubacterium_rectale	M_ppi_e	0.0	0.0	0	0.0
all	western_diet_gut_anoxic_membership	Alistipes_putredinis	Eubacterium_rectale	M_pro_L_e	0.0	1.0	0	0.0
all	western_diet_gut_anoxic_membership	Alistipes_putredinis	Eubacterium_rectale	M_r406_e	0.0	0.0	0	0.0
all	western_diet_gut_anoxic_membership	Alistipes_putredinis	Eubacterium_rectale	M_r788_e	0.0	0.0	0	0.0
all	western_diet_gut_anoxic_membership	Alistipes_putredinis	Eubacterium_rectale	M_ribflv_e	0.0	1.0	0	0.0
all	western_diet_gut_anoxic_membership	Alistipes_putredinis	Eubacterium_rectale	M_salcn_e	0.0	0.0	0	0.0
all	western_diet_gut_anoxic_membership	Alistipes_putredinis	Eubacterium_rectale	M_sheme_e	0.0	1.0	0	0.0
all	western_diet_gut_anoxic_membership	Alistipes_putredinis	Eubacterium_rectale	M_so4_e	0.0	1.0	0	0.0
all	western_diet_gut_anoxic_membership	Alistipes_putredinis	Eubacterium_rectale	M_spmd_e	0.0	1.0	0	0.0
all	western_diet_gut_anoxic_membership	Alistipes_putredinis	Eubacterium_rectale	M_srv_e	0.0	0.0	0	0.0
all	western_diet_gut_anoxic_membership	Alistipes_putredinis	Eubacterium_rectale	M_strch2_e	0.0	0.0	1	0.0
all	western_diet_gut_anoxic_membership	Alistipes_putredinis	Eubacterium_rectale	M_stys_e	0.0	0.0	0	0.0
all	western_diet_gut_anoxic_membership	Alistipes_putredinis	Eubacterium_rectale	M_succ_e	0.0	0.28125	0	0.0
all	western_diet_gut_anoxic_membership	Alistipes_putredinis	Eubacterium_rectale	M_taur_e	0.0	0.0	0	0.0
all	western_diet_gut_anoxic_membership	Alistipes_putredinis	Eubacterium_rectale	M_tchola_e	0.0	0.0	0	0.0
all	western_diet_gut_anoxic_membership	Alistipes_putredinis	Eubacterium_rectale	M_tdchola_e	0.0	0.0	0	0.0
all	western_diet_gut_anoxic_membership	Alistipes_putredinis	Eubacterium_rectale	M_thm_e	0.0	1.0	0	0.0
all	western_diet_gut_anoxic_membership	Alistipes_putredinis	Eubacterium_rectale	M_thymd_e	0.0	1.0	0	0.0
all	western_diet_gut_anoxic_membership	Alistipes_putredinis	Eubacterium_rectale	M_trp_L_e	0.0	0.53125	0	0.0
all	western_diet_gut_anoxic_membership	Alistipes_putredinis	Eubacterium_rectale	M_tsul_e	0.0	0.0	0	0.0
all	western_diet_gut_anoxic_membership	Alistipes_putredinis	Eubacterium_rectale	M_ttdca_e	0.0	1.0	0	0.0
all	western_diet_gut_anoxic_membership	Alistipes_putredinis	Eubacterium_rectale	M_tyr_L_e	0.0	1.0	0	0.0
all	western_diet_gut_anoxic_membership	Alistipes_putredinis	Eubacterium_rectale	M_urea_e	0.0	0.0	0	0.0
all	western_diet_gut_anoxic_membership	Alistipes_putredinis	Eubacterium_rectale	M_uri_e	0.0	0.020833333333333332	0	0.0
all	western_diet_gut_anoxic_membership	Alistipes_putredinis	Eubacterium_rectale	M_val_L_e	0.0	1.0	0	0.0
all	western_diet_gut_anoxic_membership	Alistipes_putredinis	Eubacterium_rectale	M_xylottr_e	0.0	0.0	0	0.0
all	western_diet_gut_anoxic_membership	Alistipes_putredinis	Eubacterium_rectale	M_zn2_e	0.0	1.0	0	0.0
all	western_diet_gut_anoxic_membership	Phascolarctobacterium_succinatutens	Prevotella_copri	M_12ppd_S_e	0.0	0.0	1	0.0
all	western_diet_gut_anoxic_membership	Phascolarctobacterium_succinatutens	Prevotella_copri	M_1hibup_S_e	0.0	0.0	0	0.0
all	western_diet_gut_anoxic_membership	Phascolarctobacterium_succinatutens	Prevotella_copri	M_1hibupglu_S_e	0.0	0.0	0	0.0
all	western_diet_gut_anoxic_membership	Phascolarctobacterium_succinatutens	Prevotella_copri	M_1hmdgluc_e	0.0	0.0	0	0.0
all	western_diet_gut_anoxic_membership	Phascolarctobacterium_succinatutens	Prevotella_copri	M_1ohmdz_e	0.0	0.0	0	0.0
all	western_diet_gut_anoxic_membership	Phascolarctobacterium_succinatutens	Prevotella_copri	M_2hatvacid_e	0.0	0.0	0	0.0
all	western_diet_gut_anoxic_membership	Phascolarctobacterium_succinatutens	Prevotella_copri	M_2hatvacidgluc_e	0.0	0.0	0	0.0
all	western_diet_gut_anoxic_membership	Phascolarctobacterium_succinatutens	Prevotella_copri	M_2hatvlac_e	0.0	0.0	0	0.0
all	western_diet_gut_anoxic_membership	Phascolarctobacterium_succinatutens	Prevotella_copri	M_2hatvlacgluc_e	0.0	0.0	0	0.0
all	western_diet_gut_anoxic_membership	Phascolarctobacterium_succinatutens	Prevotella_copri	M_2hibup_S_e	0.0	0.0	0	0.0
all	western_diet_gut_anoxic_membership	Phascolarctobacterium_succinatutens	Prevotella_copri	M_2hibupglu_S_e	0.0	0.0	0	0.0
all	western_diet_gut_anoxic_membership	Phascolarctobacterium_succinatutens	Prevotella_copri	M_2oh_cbz_e	0.0	0.0	0	0.0
all	western_diet_gut_anoxic_membership	Phascolarctobacterium_succinatutens	Prevotella_copri	M_2oh_cbz_glc_e	0.0	0.0	0	0.0
all	western_diet_gut_anoxic_membership	Phascolarctobacterium_succinatutens	Prevotella_copri	M_2oh_mtz_e	0.0	0.0	0	0.0
all	western_diet_gut_anoxic_membership	Phascolarctobacterium_succinatutens	Prevotella_copri	M_2oh_mtz_glc_e	0.0	0.0	0	0.0
all	western_diet_gut_anoxic_membership	Phascolarctobacterium_succinatutens	Prevotella_copri	M_3hibup_S_e	0.0	0.0	0	0.0
all	western_diet_gut_anoxic_membership	Phascolarctobacterium_succinatutens	Prevotella_copri	M_3hibupglu_S_e	0.0	0.0	0	0.0
all	western_diet_gut_anoxic_membership	Phascolarctobacterium_succinatutens	Prevotella_copri	M_3meacmp_e	0.0	0.0	0	0.0
all	western_diet_gut_anoxic_membership	Phascolarctobacterium_succinatutens	Prevotella_copri	M_3oh_cbz_e	0.0	0.0	0	0.0
all	western_diet_gut_anoxic_membership	Phascolarctobacterium_succinatutens	Prevotella_copri	M_3oh_cbz_glc_e	0.0	0.0	0	0.0
all	western_diet_gut_anoxic_membership	Phascolarctobacterium_succinatutens	Prevotella_copri	M_3oh_dlor_e	0.0	0.0	0	0.0
all	western_diet_gut_anoxic_membership	Phascolarctobacterium_succinatutens	Prevotella_copri	M_3oh_dlor_glc_e	0.0	0.0	0	0.0
all	western_diet_gut_anoxic_membership	Phascolarctobacterium_succinatutens	Prevotella_copri	M_3oh_mdea_e	0.0	0.0	0	0.0
all	western_diet_gut_anoxic_membership	Phascolarctobacterium_succinatutens	Prevotella_copri	M_3oh_mdea_glc_e	0.0	0.0	0	0.0
all	western_diet_gut_anoxic_membership	Phascolarctobacterium_succinatutens	Prevotella_copri	M_3oh_mxn_e	0.0	0.0	0	0.0
all	western_diet_gut_anoxic_membership	Phascolarctobacterium_succinatutens	Prevotella_copri	M_3oh_mxn_glc_e	0.0	0.0	0	0.0
all	western_diet_gut_anoxic_membership	Phascolarctobacterium_succinatutens	Prevotella_copri	M_4dh_tpno_1glc_e	0.0	0.0	0	0.0
all	western_diet_gut_anoxic_membership	Phascolarctobacterium_succinatutens	Prevotella_copri	M_4dh_tpno_e	0.0	0.0	0	0.0
all	western_diet_gut_anoxic_membership	Phascolarctobacterium_succinatutens	Prevotella_copri	M_4hmdgluc_e	0.0	0.0	0	0.0
all	western_diet_gut_anoxic_membership	Phascolarctobacterium_succinatutens	Prevotella_copri	M_4oh_dcf_e	0.0	0.0	0	0.0
all	western_diet_gut_anoxic_membership	Phascolarctobacterium_succinatutens	Prevotella_copri	M_4oh_dcf_glc_e	0.0	0.0	0	0.0
all	western_diet_gut_anoxic_membership	Phascolarctobacterium_succinatutens	Prevotella_copri	M_4oh_kp_e	0.0	0.0	0	0.0
all	western_diet_gut_anoxic_membership	Phascolarctobacterium_succinatutens	Prevotella_copri	M_4oh_kp_glc_e	0.0	0.0	0	0.0
all	western_diet_gut_anoxic_membership	Phascolarctobacterium_succinatutens	Prevotella_copri	M_4oh_levole_e	0.0	0.0	0	0.0
all	western_diet_gut_anoxic_membership	Phascolarctobacterium_succinatutens	Prevotella_copri	M_4oh_levole_glc_e	0.0	0.0	0	0.0
all	western_diet_gut_anoxic_membership	Phascolarctobacterium_succinatutens	Prevotella_copri	M_4oh_meth_e	0.0	0.0	0	0.0
all	western_diet_gut_anoxic_membership	Phascolarctobacterium_succinatutens	Prevotella_copri	M_4oh_meth_glc_e	0.0	0.0	0	0.0
all	western_diet_gut_anoxic_membership	Phascolarctobacterium_succinatutens	Prevotella_copri	M_4oh_propl_e	0.0	0.0	0	0.0
all	western_diet_gut_anoxic_membership	Phascolarctobacterium_succinatutens	Prevotella_copri	M_4oh_propl_glc_e	0.0	0.0	0	0.0
all	western_diet_gut_anoxic_membership	Phascolarctobacterium_succinatutens	Prevotella_copri	M_4oh_trz_e	0.0	0.0	0	0.0
all	western_diet_gut_anoxic_membership	Phascolarctobacterium_succinatutens	Prevotella_copri	M_4oh_trz_glc_e	0.0	0.0	0	0.0
all	western_diet_gut_anoxic_membership	Phascolarctobacterium_succinatutens	Prevotella_copri	M_4oh_vcz_e	0.0	0.0	0	0.0
all	western_diet_gut_anoxic_membership	Phascolarctobacterium_succinatutens	Prevotella_copri	M_4oh_vcz_glc_e	0.0	0.0	0	0.0
all	western_diet_gut_anoxic_membership	Phascolarctobacterium_succinatutens	Prevotella_copri	M_4ohmdz_e	0.0	0.0	0	0.0
all	western_diet_gut_anoxic_membership	Phascolarctobacterium_succinatutens	Prevotella_copri	M_5oh_sulfp_e	0.0	0.0	0	0.0
all	western_diet_gut_anoxic_membership	Phascolarctobacterium_succinatutens	Prevotella_copri	M_5oh_sulfp_glc_e	0.0	0.0	0	0.0
all	western_diet_gut_anoxic_membership	Phascolarctobacterium_succinatutens	Prevotella_copri	M_5ohfvs_e	0.0	0.0	0	0.0
all	western_diet_gut_anoxic_membership	Phascolarctobacterium_succinatutens	Prevotella_copri	M_5ohfvsglu_e	0.0	0.0	0	0.0
all	western_diet_gut_anoxic_membership	Phascolarctobacterium_succinatutens	Prevotella_copri	M_6bhglz_e	0.0	0.0	0	0.0
all	western_diet_gut_anoxic_membership	Phascolarctobacterium_succinatutens	Prevotella_copri	M_6bhglzglc_e	0.0	0.0	0	0.0
all	western_diet_gut_anoxic_membership	Phascolarctobacterium_succinatutens	Prevotella_copri	M_6ohfvs_e	0.0	0.0	0	0.0
all	western_diet_gut_anoxic_membership	Phascolarctobacterium_succinatutens	Prevotella_copri	M_6ohfvsglu_e	0.0	0.0	0	0.0
all	western_diet_gut_anoxic_membership	Phascolarctobacterium_succinatutens	Prevotella_copri	M_7a_czp_e	0.0	0.29	1	0.0
all	western_diet_gut_anoxic_membership	Phascolarctobacterium_succinatutens	Prevotella_copri	M_7bhglz_e	0.0	0.0	0	0.0
all	western_diet_gut_anoxic_membership	Phascolarctobacterium_succinatutens	Prevotella_copri	M_7bhglzglc_e	0.0	0.0	0	0.0
all	western_diet_gut_anoxic_membership	Phascolarctobacterium_succinatutens	Prevotella_copri	M_7oh_efv_e	0.0	0.0	0	0.0
all	western_diet_gut_anoxic_membership	Phascolarctobacterium_succinatutens	Prevotella_copri	M_7oh_efv_glc_e	0.0	0.0	0	0.0
all	western_diet_gut_anoxic_membership	Phascolarctobacterium_succinatutens	Prevotella_copri	M_814dioh_efv_e	0.0	0.0	0	0.0
all	western_diet_gut_anoxic_membership	Phascolarctobacterium_succinatutens	Prevotella_copri	M_814dioh_efv_glc_e	0.0	0.0	0	0.0
all	western_diet_gut_anoxic_membership	Phascolarctobacterium_succinatutens	Prevotella_copri	M_8oh_efv_e	0.0	0.0	0	0.0
all	western_diet_gut_anoxic_membership	Phascolarctobacterium_succinatutens	Prevotella_copri	M_8oh_efv_glc_e	0.0	0.0	0	0.0
all	western_diet_gut_anoxic_membership	Phascolarctobacterium_succinatutens	Prevotella_copri	M_N_oh_phtn_e	0.0	0.0	0	0.0
all	western_diet_gut_anoxic_membership	Phascolarctobacterium_succinatutens	Prevotella_copri	M_N_oh_phtn_glc_e	0.0	0.0	0	0.0
all	western_diet_gut_anoxic_membership	Phascolarctobacterium_succinatutens	Prevotella_copri	M_R_6oh_warf_e	0.0	0.0	0	0.0
all	western_diet_gut_anoxic_membership	Phascolarctobacterium_succinatutens	Prevotella_copri	M_R_6oh_warf_glc_e	0.0	0.0	0	0.0
all	western_diet_gut_anoxic_membership	Phascolarctobacterium_succinatutens	Prevotella_copri	M_R_7oh_warf_e	0.0	0.0	0	0.0
all	western_diet_gut_anoxic_membership	Phascolarctobacterium_succinatutens	Prevotella_copri	M_R_7oh_warf_glc_e	0.0	0.0	0	0.0
all	western_diet_gut_anoxic_membership	Phascolarctobacterium_succinatutens	Prevotella_copri	M_R_8oh_warf_e	0.0	0.0	0	0.0
all	western_diet_gut_anoxic_membership	Phascolarctobacterium_succinatutens	Prevotella_copri	M_R_8oh_warf_glc_e	0.0	0.0	0	0.0
all	western_diet_gut_anoxic_membership	Phascolarctobacterium_succinatutens	Prevotella_copri	M_S_4oh_warf_e	0.0	0.0	0	0.0
all	western_diet_gut_anoxic_membership	Phascolarctobacterium_succinatutens	Prevotella_copri	M_S_4oh_warf_glc_e	0.0	0.0	0	0.0
all	western_diet_gut_anoxic_membership	Phascolarctobacterium_succinatutens	Prevotella_copri	M_S_6oh_warf_e	0.0	0.0	0	0.0
all	western_diet_gut_anoxic_membership	Phascolarctobacterium_succinatutens	Prevotella_copri	M_S_6oh_warf_glc_e	0.0	0.0	0	0.0
all	western_diet_gut_anoxic_membership	Phascolarctobacterium_succinatutens	Prevotella_copri	M_ac_amn_b_gly_e	0.0	0.0	0	0.0
all	western_diet_gut_anoxic_membership	Phascolarctobacterium_succinatutens	Prevotella_copri	M_ac_amn_b_gly_glc_e	0.0	0.0	0	0.0
all	western_diet_gut_anoxic_membership	Phascolarctobacterium_succinatutens	Prevotella_copri	M_acmp_e	0.0	0.0	0	0.0
all	western_diet_gut_anoxic_membership	Phascolarctobacterium_succinatutens	Prevotella_copri	M_acmp_glc_e	0.0	0.0	0	0.0
all	western_diet_gut_anoxic_membership	Phascolarctobacterium_succinatutens	Prevotella_copri	M_acmpglu_e	0.0	0.0	0	0.0
all	western_diet_gut_anoxic_membership	Phascolarctobacterium_succinatutens	Prevotella_copri	M_adocbl_e	0.0	0.0	0	0.0
all	western_diet_gut_anoxic_membership	Phascolarctobacterium_succinatutens	Prevotella_copri	M_alaasp_e	0.0	0.0	0	0.0
all	western_diet_gut_anoxic_membership	Phascolarctobacterium_succinatutens	Prevotella_copri	M_alagln_e	0.0	0.0	0	0.0
all	western_diet_gut_anoxic_membership	Phascolarctobacterium_succinatutens	Prevotella_copri	M_alaglu_e	0.0	0.0	0	0.0
all	western_diet_gut_anoxic_membership	Phascolarctobacterium_succinatutens	Prevotella_copri	M_alagly_e	0.0	0.0	0	0.0
all	western_diet_gut_anoxic_membership	Phascolarctobacterium_succinatutens	Prevotella_copri	M_alahis_e	0.0	0.0	0	0.0
all	western_diet_gut_anoxic_membership	Phascolarctobacterium_succinatutens	Prevotella_copri	M_alaleu_e	0.0	0.0	0	0.0
all	western_diet_gut_anoxic_membership	Phascolarctobacterium_succinatutens	Prevotella_copri	M_alathr_e	0.0	0.0	0	0.0
all	western_diet_gut_anoxic_membership	Phascolarctobacterium_succinatutens	Prevotella_copri	M_alpz_4oh_e	0.0	0.0	0	0.0
all	western_diet_gut_anoxic_membership	Phascolarctobacterium_succinatutens	Prevotella_copri	M_alpz_4oh_glc_e	0.0	0.0	0	0.0
all	western_diet_gut_anoxic_membership	Phascolarctobacterium_succinatutens	Prevotella_copri	M_alpz_aoh_e	0.0	0.0	0	0.0
all	western_diet_gut_anoxic_membership	Phascolarctobacterium_succinatutens	Prevotella_copri	M_alpz_aoh_glc_e	0.0	0.0	0	0.0
all	western_diet_gut_anoxic_membership	Phascolarctobacterium_succinatutens	Prevotella_copri	M_am14_e	0.0	0.0	0	0.0
all	western_diet_gut_anoxic_membership	Phascolarctobacterium_succinatutens	Prevotella_copri	M_am14_glc_e	0.0	0.0	0	0.0
all	western_diet_gut_anoxic_membership	Phascolarctobacterium_succinatutens	Prevotella_copri	M_am1ccs_e	0.0	0.0	0	0.0
all	western_diet_gut_anoxic_membership	Phascolarctobacterium_succinatutens	Prevotella_copri	M_am1cglc_e	0.0	0.0	0	0.0
all	western_diet_gut_anoxic_membership	Phascolarctobacterium_succinatutens	Prevotella_copri	M_am5_e	0.0	0.0	0	0.0
all	western_diet_gut_anoxic_membership	Phascolarctobacterium_succinatutens	Prevotella_copri	M_am5_glc_e	0.0	0.0	0	0.0
all	western_diet_gut_anoxic_membership	Phascolarctobacterium_succinatutens	Prevotella_copri	M_am6_e	0.0	0.0	0	0.0
all	western_diet_gut_anoxic_membership	Phascolarctobacterium_succinatutens	Prevotella_copri	M_am6_glc_e	0.0	0.0	0	0.0
all	western_diet_gut_anoxic_membership	Phascolarctobacterium_succinatutens	Prevotella_copri	M_amio_c_e	0.0	0.0	0	0.0
all	western_diet_gut_anoxic_membership	Phascolarctobacterium_succinatutens	Prevotella_copri	M_amio_c_glc_e	0.0	0.0	0	0.0
all	western_diet_gut_anoxic_membership	Phascolarctobacterium_succinatutens	Prevotella_copri	M_amio_e	0.0	0.0	0	0.0
all	western_diet_gut_anoxic_membership	Phascolarctobacterium_succinatutens	Prevotella_copri	M_amio_glc_e	0.0	0.0	0	0.0
all	western_diet_gut_anoxic_membership	Phascolarctobacterium_succinatutens	Prevotella_copri	M_amn_b_gly_e	0.0	0.0	0	0.0
all	western_diet_gut_anoxic_membership	Phascolarctobacterium_succinatutens	Prevotella_copri	M_amn_b_gly_glc_e	0.0	0.0	0	0.0
all	western_diet_gut_anoxic_membership	Phascolarctobacterium_succinatutens	Prevotella_copri	M_amntd_m6_e	0.0	0.0	0	0.0
all	western_diet_gut_anoxic_membership	Phascolarctobacterium_succinatutens	Prevotella_copri	M_amntd_m6_glc_e	0.0	0.0	0	0.0
all	western_diet_gut_anoxic_membership	Phascolarctobacterium_succinatutens	Prevotella_copri	M_anzp_e	0.0	0.29	1	0.0
all	western_diet_gut_anoxic_membership	Phascolarctobacterium_succinatutens	Prevotella_copri	M_arab_L_e	0.0	0.0	0	0.0
all	western_diet_gut_anoxic_membership	Phascolarctobacterium_succinatutens	Prevotella_copri	M_arabttr_e	0.0	0.0	0	0.0
all	western_diet_gut_anoxic_membership	Phascolarctobacterium_succinatutens	Prevotella_copri	M_arsenb_e	0.0	0.0	0	0.0
all	western_diet_gut_anoxic_membership	Phascolarctobacterium_succinatutens	Prevotella_copri	M_asn_L_e	0.0	1.0	0	0.0
all	western_diet_gut_anoxic_membership	Phascolarctobacterium_succinatutens	Prevotella_copri	M_atvacid_e	0.0	0.0	0	0.0
all	western_diet_gut_anoxic_membership	Phascolarctobacterium_succinatutens	Prevotella_copri	M_atvacylgluc_e	0.0	0.0	0	0.0
all	western_diet_gut_anoxic_membership	Phascolarctobacterium_succinatutens	Prevotella_copri	M_atvethgluc_e	0.0	0.0	0	0.0
all	western_diet_gut_anoxic_membership	Phascolarctobacterium_succinatutens	Prevotella_copri	M_atvlac_e	0.0	0.0	0	0.0
all	western_diet_gut_anoxic_membership	Phascolarctobacterium_succinatutens	Prevotella_copri	M_atvlacgluc_e	0.0	0.0	0	0.0
all	western_diet_gut_anoxic_membership	Phascolarctobacterium_succinatutens	Prevotella_copri	M_bhpm_e	0.0	0.0	0	0.0
all	western_diet_gut_anoxic_membership	Phascolarctobacterium_succinatutens	Prevotella_copri	M_bhpm_glc_e	0.0	0.0	0	0.0
all	western_diet_gut_anoxic_membership	Phascolarctobacterium_succinatutens	Prevotella_copri	M_bilr_355_e	0.0	0.0	0	0.0
all	western_diet_gut_anoxic_membership	Phascolarctobacterium_succinatutens	Prevotella_copri	M_bilr_M10_e	0.0	0.0	0	0.0
all	western_diet_gut_anoxic_membership	Phascolarctobacterium_succinatutens	Prevotella_copri	M_bilr_M12_e	0.0	0.0	0	0.0
all	western_diet_gut_anoxic_membership	Phascolarctobacterium_succinatutens	Prevotella_copri	M_bilr_M14_e	0.0	0.0	0	0.0
all	western_diet_gut_anoxic_membership	Phascolarctobacterium_succinatutens	Prevotella_copri	M_bilr_M15_e	0.0	0.0	0	0.0
all	western_diet_gut_anoxic_membership	Phascolarctobacterium_succinatutens	Prevotella_copri	M_bilr_M16_e	0.0	0.0	0	0.0
all	western_diet_gut_anoxic_membership	Phascolarctobacterium_succinatutens	Prevotella_copri	M_bilr_M7_e	0.0	0.0	0	0.0
all	western_diet_gut_anoxic_membership	Phascolarctobacterium_succinatutens	Prevotella_copri	M_brv_e	0.0	0.0	0	0.0
all	western_diet_gut_anoxic_membership	Phascolarctobacterium_succinatutens	Prevotella_copri	M_bsn_e	0.0	0.0	0	0.0
all	western_diet_gut_anoxic_membership	Phascolarctobacterium_succinatutens	Prevotella_copri	M_bsn_glc_e	0.0	0.0	0	0.0
all	western_diet_gut_anoxic_membership	Phascolarctobacterium_succinatutens	Prevotella_copri	M_btn_e	0.0	0.0	0	0.0
all	western_diet_gut_anoxic_membership	Phascolarctobacterium_succinatutens	Prevotella_copri	M_bvu_e	0.0	0.0	0	0.0
all	western_diet_gut_anoxic_membership	Phascolarctobacterium_succinatutens	Prevotella_copri	M_bz_e	0.0	0.0	0	0.0
all	western_diet_gut_anoxic_membership	Phascolarctobacterium_succinatutens	Prevotella_copri	M_bz_glc_e	0.0	0.0	0	0.0
all	western_diet_gut_anoxic_membership	Phascolarctobacterium_succinatutens	Prevotella_copri	M_ca2_e	0.0	1.0	0	0.0
all	western_diet_gut_anoxic_membership	Phascolarctobacterium_succinatutens	Prevotella_copri	M_caribup_s_e	0.0	0.0	0	0.0
all	western_diet_gut_anoxic_membership	Phascolarctobacterium_succinatutens	Prevotella_copri	M_caribupglu_S_e	0.0	0.0	0	0.0
all	western_diet_gut_anoxic_membership	Phascolarctobacterium_succinatutens	Prevotella_copri	M_cbl1_e	0.0	0.0	0	0.0
all	western_diet_gut_anoxic_membership	Phascolarctobacterium_succinatutens	Prevotella_copri	M_cbl2_e	0.0	0.0	0	0.0
all	western_diet_gut_anoxic_membership	Phascolarctobacterium_succinatutens	Prevotella_copri	M_cbz_e	0.0	0.0	0	0.0
all	western_diet_gut_anoxic_membership	Phascolarctobacterium_succinatutens	Prevotella_copri	M_cbz_glc_e	0.0	0.0	0	0.0
all	western_diet_gut_anoxic_membership	Phascolarctobacterium_succinatutens	Prevotella_copri	M_cd2_e	0.0	0.0	0	0.0
all	western_diet_gut_anoxic_membership	Phascolarctobacterium_succinatutens	Prevotella_copri	M_cd6168_e	0.0	0.0	0	0.0
all	western_diet_gut_anoxic_membership	Phascolarctobacterium_succinatutens	Prevotella_copri	M_cd6168_glc_e	0.0	0.0	0	0.0
all	western_diet_gut_anoxic_membership	Phascolarctobacterium_succinatutens	Prevotella_copri	M_cgly_e	0.0	1.0	0	0.0
all	western_diet_gut_anoxic_membership	Phascolarctobacterium_succinatutens	Prevotella_copri	M_chlphncl_e	0.0	0.0	1	0.0
all	western_diet_gut_anoxic_membership	Phascolarctobacterium_succinatutens	Prevotella_copri	M_chlphncl_glc_e	0.0	0.0	0	0.0
all	western_diet_gut_anoxic_membership	Phascolarctobacterium_succinatutens	Prevotella_copri	M_cl_e	0.0	1.0	0	0.0
all	western_diet_gut_anoxic_membership	Phascolarctobacterium_succinatutens	Prevotella_copri	M_clcxb_c_e	0.0	0.0	0	0.0
all	western_diet_gut_anoxic_membership	Phascolarctobacterium_succinatutens	Prevotella_copri	M_clcxb_c_glc_e	0.0	0.0	0	0.0
all	western_diet_gut_anoxic_membership	Phascolarctobacterium_succinatutens	Prevotella_copri	M_clcxb_e	0.0	0.0	0	0.0
all	western_diet_gut_anoxic_membership	Phascolarctobacterium_succinatutens	Prevotella_copri	M_clcxb_glc_e	0.0	0.0	0	0.0
all	western_diet_gut_anoxic_membership	Phascolarctobacterium_succinatutens	Prevotella_copri	M_clobi_c_e	0.0	0.0	0	0.0
all	western_diet_gut_anoxic_membership	Phascolarctobacterium_succinatutens	Prevotella_copri	M_clobi_glc_e	0.0	0.0	0	0.0
all	western_diet_gut_anoxic_membership	Phascolarctobacterium_succinatutens	Prevotella_copri	M_co2_e	0.0	0.09	1	0.0
all	western_diet_gut_anoxic_membership	Phascolarctobacterium_succinatutens	Prevotella_copri	M_cobalt2_e	0.0	1.0	0	0.0
all	western_diet_gut_anoxic_membership	Phascolarctobacterium_succinatutens	Prevotella_copri	M_cro4_e	0.0	0.0	0	0.0
all	western_diet_gut_anoxic_membership	Phascolarctobacterium_succinatutens	Prevotella_copri	M_crvsm1_e	0.0	0.0	0	0.0
all	western_diet_gut_anoxic_membership	Phascolarctobacterium_succinatutens	Prevotella_copri	M_crvsm23_e	0.0	0.0	0	0.0
all	western_diet_gut_anoxic_membership	Phascolarctobacterium_succinatutens	Prevotella_copri	M_ctbt_e	0.0	0.0	0	0.0
all	western_diet_gut_anoxic_membership	Phascolarctobacterium_succinatutens	Prevotella_copri	M_cu2_e	0.0	1.0	0	0.0
all	western_diet_gut_anoxic_membership	Phascolarctobacterium_succinatutens	Prevotella_copri	M_cvm1gluc_e	0.0	0.0	0	0.0
all	western_diet_gut_anoxic_membership	Phascolarctobacterium_succinatutens	Prevotella_copri	M_cvm23gluc_e	0.0	0.0	0	0.0
all	western_diet_gut_anoxic_membership	Phascolarctobacterium_succinatutens	Prevotella_copri	M_czp_e	0.0	0.0	1	0.0
all	western_diet_gut_anoxic_membership	Phascolarctobacterium_succinatutens	Prevotella_copri	M_daa_e	0.0	0.0	0	0.0
all	western_diet_gut_anoxic_membership	Phascolarctobacterium_succinatutens	Prevotella_copri	M_daa_glc_e	0.0	0.0	0	0.0
all	western_diet_gut_anoxic_membership	Phascolarctobacterium_succinatutens	Prevotella_copri	M_dcf_e	0.0	0.0	0	0.0
all	western_diet_gut_anoxic_membership	Phascolarctobacterium_succinatutens	Prevotella_copri	M_dcf_glc_e	0.0	0.0	0	0.0
all	western_diet_gut_anoxic_membership	Phascolarctobacterium_succinatutens	Prevotella_copri	M_ddea_e	0.0	0.0	0	0.0
all	western_diet_gut_anoxic_membership	Phascolarctobacterium_succinatutens	Prevotella_copri	M_ddea_glc_e	0.0	0.0	0	0.0
all	western_diet_gut_anoxic_membership	Phascolarctobacterium_succinatutens	Prevotella_copri	M_des_astzl_e	0.0	0.0	0	0.0
all	western_diet_gut_anoxic_membership	Phascolarctobacterium_succinatutens	Prevotella_copri	M_des_astzl_glc_e	0.0	0.0	0	0.0
all	western_diet_gut_anoxic_membership	Phascolarctobacterium_succinatutens	Prevotella_copri	M_dfdcytd_e	0.0	0.0	0	0.0
all	western_diet_gut_anoxic_membership	Phascolarctobacterium_succinatutens	Prevotella_copri	M_dfduri_e	0.0	0.0	0	0.0
all	western_diet_gut_anoxic_membership	Phascolarctobacterium_succinatutens	Prevotella_copri	M_dgsn_e	0.0	0.0	0	0.0
all	western_diet_gut_anoxic_membership	Phascolarctobacterium_succinatutens	Prevotella_copri	M_digoxin_e	0.0	0.0	0	0.0
all	western_diet_gut_anoxic_membership	Phascolarctobacterium_succinatutens	Prevotella_copri	M_digoxin_glc_e	0.0	0.0	0	0.0
all	western_diet_gut_anoxic_membership	Phascolarctobacterium_succinatutens	Prevotella_copri	M_din_e	0.0	0.0	0	0.0
all	western_diet_gut_anoxic_membership	Phascolarctobacterium_succinatutens	Prevotella_copri	M_dlb_e	0.0	0.0	0	0.0
all	western_diet_gut_anoxic_membership	Phascolarctobacterium_succinatutens	Prevotella_copri	M_dlb_glc_e	0.0	0.0	0	0.0
all	western_diet_gut_anoxic_membership	Phascolarctobacterium_succinatutens	Prevotella_copri	M_dnpz_5des_e	0.0	0.0	0	0.0
all	western_diet_gut_anoxic_membership	Phascolarctobacterium_succinatutens	Prevotella_copri	M_dnpz_6des_e	0.0	0.0	0	0.0
all	western_diet_gut_anoxic_membership	Phascolarctobacterium_succinatutens	Prevotella_copri	M_dnpz_m11_e	0.0	0.0	0	0.0
all	western_diet_gut_anoxic_membership	Phascolarctobacterium_succinatutens	Prevotella_copri	M_dnpz_m12_e	0.0	0.0	0	0.0
all	western_diet_gut_anoxic_membership	Phascolarctobacterium_succinatutens	Prevotella_copri	M_dnpz_m13_e	0.0	0.0	0	0.0
all	western_diet_gut_anoxic_membership	Phascolarctobacterium_succinatutens	Prevotella_copri	M_dnpz_m14_e	0.0	0.0	0	0.0
all	western_diet_gut_anoxic_membership	Phascolarctobacterium_succinatutens	Prevotella_copri	M_dnpz_m9_e	0.0	0.0	0	0.0
all	western_diet_gut_anoxic_membership	Phascolarctobacterium_succinatutens	Prevotella_copri	M_doh_etr_e	0.0	0.0	0	0.0
all	western_diet_gut_anoxic_membership	Phascolarctobacterium_succinatutens	Prevotella_copri	M_doh_etr_glc_e	0.0	0.0	0	0.0
all	western_diet_gut_anoxic_membership	Phascolarctobacterium_succinatutens	Prevotella_copri	M_doh_vcz_e	0.0	0.0	0	0.0
all	western_diet_gut_anoxic_membership	Phascolarctobacterium_succinatutens	Prevotella_copri	M_doh_vcz_glc_e	0.0	0.0	0	0.0
all	western_diet_gut_anoxic_membership	Phascolarctobacterium_succinatutens	Prevotella_copri	M_drib_e	0.0	0.55	0	0.0
all	western_diet_gut_anoxic_membership	Phascolarctobacterium_succinatutens	Prevotella_copri	M_duri_e	0.0	0.0	0	0.0
all	western_diet_gut_anoxic_membership	Phascolarctobacterium_succinatutens	Prevotella_copri	M_dxo_e	0.0	0.0	0	0.0
all	western_diet_gut_anoxic_membership	Phascolarctobacterium_succinatutens	Prevotella_copri	M_dxo_glc_e	0.0	0.0	0	0.0
all	western_diet_gut_anoxic_membership	Phascolarctobacterium_succinatutens	Prevotella_copri	M_efv_e	0.0	0.0	0	0.0
all	western_diet_gut_anoxic_membership	Phascolarctobacterium_succinatutens	Prevotella_copri	M_efv_glc_e	0.0	0.0	0	0.0
all	western_diet_gut_anoxic_membership	Phascolarctobacterium_succinatutens	Prevotella_copri	M_eltr_e	0.0	0.0	0	0.0
all	western_diet_gut_anoxic_membership	Phascolarctobacterium_succinatutens	Prevotella_copri	M_eltr_glc_e	0.0	0.0	0	0.0
all	western_diet_gut_anoxic_membership	Phascolarctobacterium_succinatutens	Prevotella_copri	M_eltr_m3_e	0.0	0.0	0	0.0
all	western_diet_gut_anoxic_membership	Phascolarctobacterium_succinatutens	Prevotella_copri	M_eltr_m4_e	0.0	0.0	0	0.0
all	western_diet_gut_anoxic_membership	Phascolarctobacterium_succinatutens	Prevotella_copri	M_estradiol_e	0.0	0.0	0	0.0
all	western_diet_gut_anoxic_membership	Phascolarctobacterium_succinatutens	Prevotella_copri	M_estradiolglc_e	0.0	0.0	0	0.0
all	western_diet_gut_anoxic_membership	Phascolarctobacterium_succinatutens	Prevotella_copri	M_estriol_e	0.0	0.0	0	0.0
all	western_diet_gut_anoxic_membership	Phascolarctobacterium_succinatutens	Prevotella_copri	M_estriolglc_e	0.0	0.0	0	0.0
all	western_diet_gut_anoxic_membership	Phascolarctobacterium_succinatutens	Prevotella_copri	M_estrone_e	0.0	0.0	0	0.0
all	western_diet_gut_anoxic_membership	Phascolarctobacterium_succinatutens	Prevotella_copri	M_estroneglc_e	0.0	0.0	0	0.0
all	western_diet_gut_anoxic_membership	Phascolarctobacterium_succinatutens	Prevotella_copri	M_eztmb_e	0.0	0.0	0	0.0
all	western_diet_gut_anoxic_membership	Phascolarctobacterium_succinatutens	Prevotella_copri	M_eztmb_glc_e	0.0	0.0	0	0.0
all	western_diet_gut_anoxic_membership	Phascolarctobacterium_succinatutens	Prevotella_copri	M_fe2_e	0.0	1.0	0	0.0
all	western_diet_gut_anoxic_membership	Phascolarctobacterium_succinatutens	Prevotella_copri	M_fe3_e	0.0	1.0	0	0.0
all	western_diet_gut_anoxic_membership	Phascolarctobacterium_succinatutens	Prevotella_copri	M_fol_e	0.0	0.0	0	0.0
all	western_diet_gut_anoxic_membership	Phascolarctobacterium_succinatutens	Prevotella_copri	M_fru_e	0.0	0.2	0	0.0
all	western_diet_gut_anoxic_membership	Phascolarctobacterium_succinatutens	Prevotella_copri	M_fvs_e	0.0	0.0	0	0.0
all	western_diet_gut_anoxic_membership	Phascolarctobacterium_succinatutens	Prevotella_copri	M_fvsgluc_e	0.0	0.0	0	0.0
all	western_diet_gut_anoxic_membership	Phascolarctobacterium_succinatutens	Prevotella_copri	M_fvstet_e	0.0	0.0	0	0.0
all	western_diet_gut_anoxic_membership	Phascolarctobacterium_succinatutens	Prevotella_copri	M_fvstetglu_e	0.0	0.0	0	0.0
all	western_diet_gut_anoxic_membership	Phascolarctobacterium_succinatutens	Prevotella_copri	M_galt_e	0.0	0.0	0	0.0
all	western_diet_gut_anoxic_membership	Phascolarctobacterium_succinatutens	Prevotella_copri	M_galur_e	0.0	0.0	0	0.0
all	western_diet_gut_anoxic_membership	Phascolarctobacterium_succinatutens	Prevotella_copri	M_gbbtn_e	0.0	0.0	0	0.0
all	western_diet_gut_anoxic_membership	Phascolarctobacterium_succinatutens	Prevotella_copri	M_glc3meacp_e	0.0	0.0	0	0.0
all	western_diet_gut_anoxic_membership	Phascolarctobacterium_succinatutens	Prevotella_copri	M_glc_D_e	0.0	0.0	0	0.0
all	western_diet_gut_anoxic_membership	Phascolarctobacterium_succinatutens	Prevotella_copri	M_glcur_e	0.0	0.0	0	0.0
all	western_diet_gut_anoxic_membership	Phascolarctobacterium_succinatutens	Prevotella_copri	M_gln_L_e	0.0	0.0	0	0.0
all	western_diet_gut_anoxic_membership	Phascolarctobacterium_succinatutens	Prevotella_copri	M_gltmn_e	0.0	0.0	0	0.0
all	western_diet_gut_anoxic_membership	Phascolarctobacterium_succinatutens	Prevotella_copri	M_gltmn_glc_e	0.0	0.0	0	0.0
all	western_diet_gut_anoxic_membership	Phascolarctobacterium_succinatutens	Prevotella_copri	M_glu_L_e	0.0	0.0	0	0.0
all	western_diet_gut_anoxic_membership	Phascolarctobacterium_succinatutens	Prevotella_copri	M_glyasn_e	0.0	0.0	0	0.0
all	western_diet_gut_anoxic_membership	Phascolarctobacterium_succinatutens	Prevotella_copri	M_glyasp_e	0.0	0.0	0	0.0
all	western_diet_gut_anoxic_membership	Phascolarctobacterium_succinatutens	Prevotella_copri	M_glyb_e	0.0	0.0	0	0.0
all	western_diet_gut_anoxic_membership	Phascolarctobacterium_succinatutens	Prevotella_copri	M_glyc3p_e	0.0	0.0	0	0.0
all	western_diet_gut_anoxic_membership	Phascolarctobacterium_succinatutens	Prevotella_copri	M_glycys_e	0.0	0.0	0	0.0
all	western_diet_gut_anoxic_membership	Phascolarctobacterium_succinatutens	Prevotella_copri	M_glygln_e	0.0	0.0	0	0.0
all	western_diet_gut_anoxic_membership	Phascolarctobacterium_succinatutens	Prevotella_copri	M_glyglu_e	0.0	0.0	0	0.0
all	western_diet_gut_anoxic_membership	Phascolarctobacterium_succinatutens	Prevotella_copri	M_glyleu_e	0.0	0.64	0	0.0
all	western_diet_gut_anoxic_membership	Phascolarctobacterium_succinatutens	Prevotella_copri	M_glymet_e	0.0	0.0	0	0.0
all	western_diet_gut_anoxic_membership	Phascolarctobacterium_succinatutens	Prevotella_copri	M_glyphe_e	0.0	0.0	0	0.0
all	western_diet_gut_anoxic_membership	Phascolarctobacterium_succinatutens	Prevotella_copri	M_glypro_e	0.0	0.0	0	0.0
all	western_diet_gut_anoxic_membership	Phascolarctobacterium_succinatutens	Prevotella_copri	M_glytyr_e	0.0	0.0	0	0.0
all	western_diet_gut_anoxic_membership	Phascolarctobacterium_succinatutens	Prevotella_copri	M_gmfl_e	0.0	0.0	0	0.0
all	western_diet_gut_anoxic_membership	Phascolarctobacterium_succinatutens	Prevotella_copri	M_gmfl_glc_e	0.0	0.0	0	0.0
all	western_diet_gut_anoxic_membership	Phascolarctobacterium_succinatutens	Prevotella_copri	M_gmfl_mIII_e	0.0	0.0	0	0.0
all	western_diet_gut_anoxic_membership	Phascolarctobacterium_succinatutens	Prevotella_copri	M_gmfl_mIII_glc_e	0.0	0.0	0	0.0
all	western_diet_gut_anoxic_membership	Phascolarctobacterium_succinatutens	Prevotella_copri	M_gmfl_mII_e	0.0	0.0	0	0.0
all	western_diet_gut_anoxic_membership	Phascolarctobacterium_succinatutens	Prevotella_copri	M_gmfl_mII_glc_e	0.0	0.0	0	0.0
all	western_diet_gut_anoxic_membership	Phascolarctobacterium_succinatutens	Prevotella_copri	M_gmfl_mI_e	0.0	0.0	0	0.0
all	western_diet_gut_anoxic_membership	Phascolarctobacterium_succinatutens	Prevotella_copri	M_gmfl_mI_glc_e	0.0	0.0	0	0.0
all	western_diet_gut_anoxic_membership	Phascolarctobacterium_succinatutens	Prevotella_copri	M_gtacmp_e	0.0	0.0	0	0.0
all	western_diet_gut_anoxic_membership	Phascolarctobacterium_succinatutens	Prevotella_copri	M_h2o_e	0.0	0.0	0	0.0
all	western_diet_gut_anoxic_membership	Phascolarctobacterium_succinatutens	Prevotella_copri	M_h_e	0.0	0.2	0	0.0
all	western_diet_gut_anoxic_membership	Phascolarctobacterium_succinatutens	Prevotella_copri	M_hg2_e	0.0	0.0	0	0.0
all	western_diet_gut_anoxic_membership	Phascolarctobacterium_succinatutens	Prevotella_copri	M_his_L_e	0.0	0.49	0	0.0
all	western_diet_gut_anoxic_membership	Phascolarctobacterium_succinatutens	Prevotella_copri	M_hst_37_diglc_e	0.0	0.0	0	0.0
all	western_diet_gut_anoxic_membership	Phascolarctobacterium_succinatutens	Prevotella_copri	M_hst_3_glc_e	0.0	0.0	0	0.0
all	western_diet_gut_anoxic_membership	Phascolarctobacterium_succinatutens	Prevotella_copri	M_hst_3_s_e	0.0	0.0	0	0.0
all	western_diet_gut_anoxic_membership	Phascolarctobacterium_succinatutens	Prevotella_copri	M_hst_3glc_7s_e	0.0	0.0	0	0.0
all	western_diet_gut_anoxic_membership	Phascolarctobacterium_succinatutens	Prevotella_copri	M_hst_7_glc_e	0.0	0.0	0	0.0
all	western_diet_gut_anoxic_membership	Phascolarctobacterium_succinatutens	Prevotella_copri	M_hst_7_s_e	0.0	0.0	0	0.0
all	western_diet_gut_anoxic_membership	Phascolarctobacterium_succinatutens	Prevotella_copri	M_hst_7glc_3s_e	0.0	0.0	0	0.0
all	western_diet_gut_anoxic_membership	Phascolarctobacterium_succinatutens	Prevotella_copri	M_hst_e	0.0	0.0	0	0.0
all	western_diet_gut_anoxic_membership	Phascolarctobacterium_succinatutens	Prevotella_copri	M_hxan_e	0.0	1.0	0	0.0
all	western_diet_gut_anoxic_membership	Phascolarctobacterium_succinatutens	Prevotella_copri	M_ibup_S_e	0.0	0.0	0	0.0
all	western_diet_gut_anoxic_membership	Phascolarctobacterium_succinatutens	Prevotella_copri	M_ibupgluc_e	0.0	0.0	0	0.0
all	western_diet_gut_anoxic_membership	Phascolarctobacterium_succinatutens	Prevotella_copri	M_ile_L_e	0.0	1.0	0	0.0
all	western_diet_gut_anoxic_membership	Phascolarctobacterium_succinatutens	Prevotella_copri	M_imn_e	0.0	0.0	0	0.0
all	western_diet_gut_anoxic_membership	Phascolarctobacterium_succinatutens	Prevotella_copri	M_imn_glc_e	0.0	0.0	0	0.0
all	western_diet_gut_anoxic_membership	Phascolarctobacterium_succinatutens	Prevotella_copri	M_ins_e	0.0	0.0	1	0.0
all	western_diet_gut_anoxic_membership	Phascolarctobacterium_succinatutens	Prevotella_copri	M_inv_e	0.0	0.0	0	0.0
all	western_diet_gut_anoxic_membership	Phascolarctobacterium_succinatutens	Prevotella_copri	M_inv_m1_e	0.0	0.0	0	0.0
all	western_diet_gut_anoxic_membership	Phascolarctobacterium_succinatutens	Prevotella_copri	M_isosorbide_5mn_e	0.0	0.0	0	0.0
all	western_diet_gut_anoxic_membership	Phascolarctobacterium_succinatutens	Prevotella_copri	M_isosorbide_5mn_glc_e	0.0	0.0	0	0.0
all	western_diet_gut_anoxic_membership	Phascolarctobacterium_succinatutens	Prevotella_copri	M_k_e	0.0	1.0	0	0.0
all	western_diet_gut_anoxic_membership	Phascolarctobacterium_succinatutens	Prevotella_copri	M_kprofen_e	0.0	0.0	0	0.0
all	western_diet_gut_anoxic_membership	Phascolarctobacterium_succinatutens	Prevotella_copri	M_kprofen_glc_e	0.0	0.0	0	0.0
all	western_diet_gut_anoxic_membership	Phascolarctobacterium_succinatutens	Prevotella_copri	M_lac_L_e	0.0	0.0	0	0.0
all	western_diet_gut_anoxic_membership	Phascolarctobacterium_succinatutens	Prevotella_copri	M_lactl_e	0.0	0.0	0	0.0
all	western_diet_gut_anoxic_membership	Phascolarctobacterium_succinatutens	Prevotella_copri	M_leu_L_e	0.0	0.36	0	0.0
all	western_diet_gut_anoxic_membership	Phascolarctobacterium_succinatutens	Prevotella_copri	M_lst4exp_e	0.0	0.0	0	0.0
all	western_diet_gut_anoxic_membership	Phascolarctobacterium_succinatutens	Prevotella_copri	M_lstn1gluc_e	0.0	0.0	0	0.0
all	western_diet_gut_anoxic_membership	Phascolarctobacterium_succinatutens	Prevotella_copri	M_lstn_e	0.0	0.0	0	0.0
all	western_diet_gut_anoxic_membership	Phascolarctobacterium_succinatutens	Prevotella_copri	M_lstnm4_e	0.0	0.0	0	0.0
all	western_diet_gut_anoxic_membership	Phascolarctobacterium_succinatutens	Prevotella_copri	M_lstnm7_e	0.0	0.0	0	0.0
all	western_diet_gut_anoxic_membership	Phascolarctobacterium_succinatutens	Prevotella_copri	M_lys_L_e	0.0	1.0	0	0.0
all	western_diet_gut_anoxic_membership	Phascolarctobacterium_succinatutens	Prevotella_copri	M_malt_e	0.0	0.0	0	0.0
all	western_diet_gut_anoxic_membership	Phascolarctobacterium_succinatutens	Prevotella_copri	M_malthx_e	0.0	0.0	0	0.0
all	western_diet_gut_anoxic_membership	Phascolarctobacterium_succinatutens	Prevotella_copri	M_malttr_e	0.0	0.0	0	0.0
all	western_diet_gut_anoxic_membership	Phascolarctobacterium_succinatutens	Prevotella_copri	M_mantr_e	0.0	0.0	0	0.0
all	western_diet_gut_anoxic_membership	Phascolarctobacterium_succinatutens	Prevotella_copri	M_mdz_e	0.0	0.0	0	0.0
all	western_diet_gut_anoxic_membership	Phascolarctobacterium_succinatutens	Prevotella_copri	M_mdz_glc_e	0.0	0.0	0	0.0
all	western_diet_gut_anoxic_membership	Phascolarctobacterium_succinatutens	Prevotella_copri	M_mdzglc_e	0.0	0.0	0	0.0
all	western_diet_gut_anoxic_membership	Phascolarctobacterium_succinatutens	Prevotella_copri	M_met_D_e	0.0	0.0	0	0.0
all	western_diet_gut_anoxic_membership	Phascolarctobacterium_succinatutens	Prevotella_copri	M_met_L_e	0.0	0.36	0	0.0
all	western_diet_gut_anoxic_membership	Phascolarctobacterium_succinatutens	Prevotella_copri	M_metala_e	0.0	0.0	0	0.0
all	western_diet_gut_anoxic_membership	Phascolarctobacterium_succinatutens	Prevotella_copri	M_metsox_S_L_e	0.0	0.34	0	0.0
all	western_diet_gut_anoxic_membership	Phascolarctobacterium_succinatutens	Prevotella_copri	M_mg2_e	0.0	1.0	0	0.0
all	western_diet_gut_anoxic_membership	Phascolarctobacterium_succinatutens	Prevotella_copri	M_miso_e	0.0	0.0	0	0.0
all	western_diet_gut_anoxic_membership	Phascolarctobacterium_succinatutens	Prevotella_copri	M_miso_glc_e	0.0	0.0	0	0.0
all	western_diet_gut_anoxic_membership	Phascolarctobacterium_succinatutens	Prevotella_copri	M_mn2_e	0.0	1.0	0	0.0
all	western_diet_gut_anoxic_membership	Phascolarctobacterium_succinatutens	Prevotella_copri	M_mrphn_3glc_e	0.0	0.0	0	0.0
all	western_diet_gut_anoxic_membership	Phascolarctobacterium_succinatutens	Prevotella_copri	M_mrphn_6glc_e	0.0	0.0	0	0.0
all	western_diet_gut_anoxic_membership	Phascolarctobacterium_succinatutens	Prevotella_copri	M_mrphn_e	0.0	0.0	0	0.0
all	western_diet_gut_anoxic_membership	Phascolarctobacterium_succinatutens	Prevotella_copri	M_mtz_e	0.0	0.0	0	0.0
all	western_diet_gut_anoxic_membership	Phascolarctobacterium_succinatutens	Prevotella_copri	M_mtz_glc_e	0.0	0.0	0	0.0
all	western_diet_gut_anoxic_membership	Phascolarctobacterium_succinatutens	Prevotella_copri	M_na1_e	0.0	0.4	0	0.0
all	western_diet_gut_anoxic_membership	Phascolarctobacterium_succinatutens	Prevotella_copri	M_nac_e	0.0	1.0	0	0.0
all	western_diet_gut_anoxic_membership	Phascolarctobacterium_succinatutens	Prevotella_copri	M_nchlphncl_e	0.0	0.27	1	0.0
all	western_diet_gut_anoxic_membership	Phascolarctobacterium_succinatutens	Prevotella_copri	M_nh4_e	0.0	0.8	1	0.0
all	western_diet_gut_anoxic_membership	Phascolarctobacterium_succinatutens	Prevotella_copri	M_nsldp_m5_e	0.0	0.0	0	0.0
all	western_diet_gut_anoxic_membership	Phascolarctobacterium_succinatutens	Prevotella_copri	M_nsldp_m5_glc_e	0.0	0.0	0	0.0
all	western_diet_gut_anoxic_membership	Phascolarctobacterium_succinatutens	Prevotella_copri	M_nverp_e	0.0	0.0	0	0.0
all	western_diet_gut_anoxic_membership	Phascolarctobacterium_succinatutens	Prevotella_copri	M_nverp_glc_e	0.0	0.0	0	0.0
all	western_diet_gut_anoxic_membership	Phascolarctobacterium_succinatutens	Prevotella_copri	M_nzp_e	0.0	0.0	1	0.0
all	western_diet_gut_anoxic_membership	Phascolarctobacterium_succinatutens	Prevotella_copri	M_o2_e	0.0	0.0	1	0.0
all	western_diet_gut_anoxic_membership	Phascolarctobacterium_succinatutens	Prevotella_copri	M_odsm_egltmn_e	0.0	0.0	0	0.0
all	western_diet_gut_anoxic_membership	Phascolarctobacterium_succinatutens	Prevotella_copri	M_odsm_egltmn_glc_e	0.0	0.0	0	0.0
all	western_diet_gut_anoxic_membership	Phascolarctobacterium_succinatutens	Prevotella_copri	M_odsm_gltmn_e	0.0	0.0	0	0.0
all	western_diet_gut_anoxic_membership	Phascolarctobacterium_succinatutens	Prevotella_copri	M_odsm_gltmn_glc_e	0.0	0.0	0	0.0
all	western_diet_gut_anoxic_membership	Phascolarctobacterium_succinatutens	Prevotella_copri	M_oh_etr_e	0.0	0.0	0	0.0
all	western_diet_gut_anoxic_membership	Phascolarctobacterium_succinatutens	Prevotella_copri	M_oh_etr_glc_e	0.0	0.0	0	0.0
all	western_diet_gut_anoxic_membership	Phascolarctobacterium_succinatutens	Prevotella_copri	M_oh_pbl_e	0.0	0.0	0	0.0
all	western_diet_gut_anoxic_membership	Phascolarctobacterium_succinatutens	Prevotella_copri	M_oh_pbl_glc_e	0.0	0.0	0	0.0
all	western_diet_gut_anoxic_membership	Phascolarctobacterium_succinatutens	Prevotella_copri	M_pb_e	0.0	0.0	0	0.0
all	western_diet_gut_anoxic_membership	Phascolarctobacterium_succinatutens	Prevotella_copri	M_pcresol_e	0.0	0.0	0	0.0
all	western_diet_gut_anoxic_membership	Phascolarctobacterium_succinatutens	Prevotella_copri	M_phe_L_e	0.0	0.0	0	0.0
all	western_diet_gut_anoxic_membership	Phascolarctobacterium_succinatutens	Prevotella_copri	M_phppa_e	0.0	0.0	0	0.0
all	western_diet_gut_anoxic_membership	Phascolarctobacterium_succinatutens	Prevotella_copri	M_phppa_glc_e	0.0	0.0	0	0.0
all	western_diet_gut_anoxic_membership	Phascolarctobacterium_succinatutens	Prevotella_copri	M_phtn_glc_e	0.0	0.0	0	0.0
all	western_diet_gut_anoxic_membership	Phascolarctobacterium_succinatutens	Prevotella_copri	M_pi_e	0.0	1.0	0	0.0
all	western_diet_gut_anoxic_membership	Phascolarctobacterium_succinatutens	Prevotella_copri	M_pime_e	0.0	0.0	0	0.0
all	western_diet_gut_anoxic_membership	Phascolarctobacterium_succinatutens	Prevotella_copri	M_pnto_R_e	0.0	0.27	0	0.0
all	western_diet_gut_anoxic_membership	Phascolarctobacterium_succinatutens	Prevotella_copri	M_ppa_e	0.0	0.0	1	0.0
all	western_diet_gut_anoxic_membership	Phascolarctobacterium_succinatutens	Prevotella_copri	M_ppi_e	0.0	0.0	1	0.0
all	western_diet_gut_anoxic_membership	Phascolarctobacterium_succinatutens	Prevotella_copri	M_pro_L_e	0.0	0.14	0	0.0
all	western_diet_gut_anoxic_membership	Phascolarctobacterium_succinatutens	Prevotella_copri	M_prob_e	0.0	0.0	0	0.0
all	western_diet_gut_anoxic_membership	Phascolarctobacterium_succinatutens	Prevotella_copri	M_prob_glc_e	0.0	0.0	0	0.0
all	western_diet_gut_anoxic_membership	Phascolarctobacterium_succinatutens	Prevotella_copri	M_pront_e	0.0	0.0	0	0.0
all	western_diet_gut_anoxic_membership	Phascolarctobacterium_succinatutens	Prevotella_copri	M_pront_glc_e	0.0	0.0	0	0.0
all	western_diet_gut_anoxic_membership	Phascolarctobacterium_succinatutens	Prevotella_copri	M_propl_e	0.0	0.0	0	0.0
all	western_diet_gut_anoxic_membership	Phascolarctobacterium_succinatutens	Prevotella_copri	M_propl_glc_e	0.0	0.0	0	0.0
all	western_diet_gut_anoxic_membership	Phascolarctobacterium_succinatutens	Prevotella_copri	M_prx_mII_e	0.0	0.0	0	0.0
all	western_diet_gut_anoxic_membership	Phascolarctobacterium_succinatutens	Prevotella_copri	M_prx_mII_glc_e	0.0	0.0	0	0.0
all	western_diet_gut_anoxic_membership	Phascolarctobacterium_succinatutens	Prevotella_copri	M_prx_mI_e	0.0	0.0	0	0.0
all	western_diet_gut_anoxic_membership	Phascolarctobacterium_succinatutens	Prevotella_copri	M_prx_mI_glc_e	0.0	0.0	0	0.0
all	western_diet_gut_anoxic_membership	Phascolarctobacterium_succinatutens	Prevotella_copri	M_ptrc_e	0.0	0.0	0	0.0
all	western_diet_gut_anoxic_membership	Phascolarctobacterium_succinatutens	Prevotella_copri	M_ptvst_e	0.0	0.0	0	0.0
all	western_diet_gut_anoxic_membership	Phascolarctobacterium_succinatutens	Prevotella_copri	M_ptvstgluc_e	0.0	0.0	0	0.0
all	western_diet_gut_anoxic_membership	Phascolarctobacterium_succinatutens	Prevotella_copri	M_pvs_e	0.0	0.0	0	0.0
all	western_diet_gut_anoxic_membership	Phascolarctobacterium_succinatutens	Prevotella_copri	M_pvsgluc_e	0.0	0.0	0	0.0
all	western_diet_gut_anoxic_membership	Phascolarctobacterium_succinatutens	Prevotella_copri	M_pydxn_e	0.0	0.0	0	0.0
all	western_diet_gut_anoxic_membership	Phascolarctobacterium_succinatutens	Prevotella_copri	M_q8_e	0.0	0.0	0	0.0
all	western_diet_gut_anoxic_membership	Phascolarctobacterium_succinatutens	Prevotella_copri	M_r406_e	0.0	0.0	0	0.0
all	western_diet_gut_anoxic_membership	Phascolarctobacterium_succinatutens	Prevotella_copri	M_r406_glc_e	0.0	0.0	0	0.0
all	western_diet_gut_anoxic_membership	Phascolarctobacterium_succinatutens	Prevotella_copri	M_r529_e	0.0	0.0	0	0.0
all	western_diet_gut_anoxic_membership	Phascolarctobacterium_succinatutens	Prevotella_copri	M_r529_glc_e	0.0	0.0	0	0.0
all	western_diet_gut_anoxic_membership	Phascolarctobacterium_succinatutens	Prevotella_copri	M_regfnb_e	0.0	0.0	0	0.0
all	western_diet_gut_anoxic_membership	Phascolarctobacterium_succinatutens	Prevotella_copri	M_regfnb_glc_e	0.0	0.0	0	0.0
all	western_diet_gut_anoxic_membership	Phascolarctobacterium_succinatutens	Prevotella_copri	M_rep_e	0.0	0.0	0	0.0
all	western_diet_gut_anoxic_membership	Phascolarctobacterium_succinatutens	Prevotella_copri	M_rep_glc_e	0.0	0.0	0	0.0
all	western_diet_gut_anoxic_membership	Phascolarctobacterium_succinatutens	Prevotella_copri	M_rib_D_e	0.0	0.2	0	0.0
all	western_diet_gut_anoxic_membership	Phascolarctobacterium_succinatutens	Prevotella_copri	M_rpn_104557_cb_glc_e	0.0	0.0	0	0.0
all	western_diet_gut_anoxic_membership	Phascolarctobacterium_succinatutens	Prevotella_copri	M_rpn_104557_e	0.0	0.0	0	0.0
all	western_diet_gut_anoxic_membership	Phascolarctobacterium_succinatutens	Prevotella_copri	M_rpn_96990_e	0.0	0.0	0	0.0
all	western_diet_gut_anoxic_membership	Phascolarctobacterium_succinatutens	Prevotella_copri	M_rpn_96990_glc_e	0.0	0.0	0	0.0
all	western_diet_gut_anoxic_membership	Phascolarctobacterium_succinatutens	Prevotella_copri	M_rpn_oh_e	0.0	0.0	0	0.0
all	western_diet_gut_anoxic_membership	Phascolarctobacterium_succinatutens	Prevotella_copri	M_rpn_oh_glc_e	0.0	0.0	0	0.0
all	western_diet_gut_anoxic_membership	Phascolarctobacterium_succinatutens	Prevotella_copri	M_rsv_e	0.0	0.0	0	0.0
all	western_diet_gut_anoxic_membership	Phascolarctobacterium_succinatutens	Prevotella_copri	M_rsvgluc_e	0.0	0.0	0	0.0
all	western_diet_gut_anoxic_membership	Phascolarctobacterium_succinatutens	Prevotella_copri	M_salcn_e	0.0	0.0	0	0.0
all	western_diet_gut_anoxic_membership	Phascolarctobacterium_succinatutens	Prevotella_copri	M_sb_611855_e	0.0	0.0	0	0.0
all	western_diet_gut_anoxic_membership	Phascolarctobacterium_succinatutens	Prevotella_copri	M_sb_y_e	0.0	0.0	0	0.0
all	western_diet_gut_anoxic_membership	Phascolarctobacterium_succinatutens	Prevotella_copri	M_sch_488128_e	0.0	0.0	0	0.0
all	western_diet_gut_anoxic_membership	Phascolarctobacterium_succinatutens	Prevotella_copri	M_sch_57871_e	0.0	0.0	0	0.0
all	western_diet_gut_anoxic_membership	Phascolarctobacterium_succinatutens	Prevotella_copri	M_sch_57871_glc_e	0.0	0.0	0	0.0
all	western_diet_gut_anoxic_membership	Phascolarctobacterium_succinatutens	Prevotella_copri	M_ser_L_e	0.0	1.0	0	0.0
all	western_diet_gut_anoxic_membership	Phascolarctobacterium_succinatutens	Prevotella_copri	M_sfnd_1689_e	0.0	0.0	0	0.0
all	western_diet_gut_anoxic_membership	Phascolarctobacterium_succinatutens	Prevotella_copri	M_sfnd_1689_glc_e	0.0	0.0	0	0.0
all	western_diet_gut_anoxic_membership	Phascolarctobacterium_succinatutens	Prevotella_copri	M_sftz_e	0.0	0.0	0	0.0
all	western_diet_gut_anoxic_membership	Phascolarctobacterium_succinatutens	Prevotella_copri	M_sftz_glc_e	0.0	0.0	0	0.0
all	western_diet_gut_anoxic_membership	Phascolarctobacterium_succinatutens	Prevotella_copri	M_sheme_e	0.0	0.0	0	0.0
all	western_diet_gut_anoxic_membership	Phascolarctobacterium_succinatutens	Prevotella_copri	M_simvgluc_e	0.0	0.0	0	0.0
all	western_diet_gut_anoxic_membership	Phascolarctobacterium_succinatutens	Prevotella_copri	M_smap_e	0.0	0.0	0	0.0
all	western_diet_gut_anoxic_membership	Phascolarctobacterium_succinatutens	Prevotella_copri	M_smap_glc_e	0.0	0.0	0	0.0
all	western_diet_gut_anoxic_membership	Phascolarctobacterium_succinatutens	Prevotella_copri	M_smvacid_e	0.0	0.0	0	0.0
all	western_diet_gut_anoxic_membership	Phascolarctobacterium_succinatutens	Prevotella_copri	M_sn38_e	0.0	0.0	0	0.0
all	western_diet_gut_anoxic_membership	Phascolarctobacterium_succinatutens	Prevotella_copri	M_sn38g_e	0.0	0.0	0	0.0
all	western_diet_gut_anoxic_membership	Phascolarctobacterium_succinatutens	Prevotella_copri	M_so4_e	0.0	1.0	0	0.0
all	western_diet_gut_anoxic_membership	Phascolarctobacterium_succinatutens	Prevotella_copri	M_spmd_e	0.0	0.0	0	0.0
all	western_diet_gut_anoxic_membership	Phascolarctobacterium_succinatutens	Prevotella_copri	M_spz_e	0.0	0.0	0	0.0
all	western_diet_gut_anoxic_membership	Phascolarctobacterium_succinatutens	Prevotella_copri	M_spz_glc_e	0.0	0.0	0	0.0
all	western_diet_gut_anoxic_membership	Phascolarctobacterium_succinatutens	Prevotella_copri	M_spz_sfn_e	0.0	0.0	0	0.0
all	western_diet_gut_anoxic_membership	Phascolarctobacterium_succinatutens	Prevotella_copri	M_spz_sfn_glc_e	0.0	0.0	0	0.0
all	western_diet_gut_anoxic_membership	Phascolarctobacterium_succinatutens	Prevotella_copri	M_srv_e	0.0	0.0	0	0.0
all	western_diet_gut_anoxic_membership	Phascolarctobacterium_succinatutens	Prevotella_copri	M_stg_e	0.0	0.0	0	0.0
all	western_diet_gut_anoxic_membership	Phascolarctobacterium_succinatutens	Prevotella_copri	M_stg_m3_e	0.0	0.0	0	0.0
all	western_diet_gut_anoxic_membership	Phascolarctobacterium_succinatutens	Prevotella_copri	M_stg_m4_e	0.0	0.0	0	0.0
all	western_diet_gut_anoxic_membership	Phascolarctobacterium_succinatutens	Prevotella_copri	M_stys_e	0.0	0.0	0	0.0
all	western_diet_gut_anoxic_membership	Phascolarctobacterium_succinatutens	Prevotella_copri	M_succ_e	0.0	1.0	0	0.0
all	western_diet_gut_anoxic_membership	Phascolarctobacterium_succinatutens	Prevotella_copri	M_tat_e	0.0	0.0	0	0.0
all	western_diet_gut_anoxic_membership	Phascolarctobacterium_succinatutens	Prevotella_copri	M_tgz_e	0.0	0.0	0	0.0
all	western_diet_gut_anoxic_membership	Phascolarctobacterium_succinatutens	Prevotella_copri	M_tgz_glc_e	0.0	0.0	0	0.0
all	western_diet_gut_anoxic_membership	Phascolarctobacterium_succinatutens	Prevotella_copri	M_thsacmp_e	0.0	0.0	0	0.0
all	western_diet_gut_anoxic_membership	Phascolarctobacterium_succinatutens	Prevotella_copri	M_thymd_e	0.0	0.0	0	0.0
all	western_diet_gut_anoxic_membership	Phascolarctobacterium_succinatutens	Prevotella_copri	M_tlf_a_1a_e	0.0	0.0	0	0.0
all	western_diet_gut_anoxic_membership	Phascolarctobacterium_succinatutens	Prevotella_copri	M_tlf_a_1b_e	0.0	0.0	0	0.0
all	western_diet_gut_anoxic_membership	Phascolarctobacterium_succinatutens	Prevotella_copri	M_tlf_a_1x_e	0.0	0.0	0	0.0
all	western_diet_gut_anoxic_membership	Phascolarctobacterium_succinatutens	Prevotella_copri	M_tlf_a_2_e	0.0	0.0	0	0.0
all	western_diet_gut_anoxic_membership	Phascolarctobacterium_succinatutens	Prevotella_copri	M_tlf_a_2a_e	0.0	0.0	0	0.0
all	western_diet_gut_anoxic_membership	Phascolarctobacterium_succinatutens	Prevotella_copri	M_tlf_a_3_e	0.0	0.0	0	0.0
all	western_diet_gut_anoxic_membership	Phascolarctobacterium_succinatutens	Prevotella_copri	M_tlf_a_4_e	0.0	0.0	0	0.0
all	western_diet_gut_anoxic_membership	Phascolarctobacterium_succinatutens	Prevotella_copri	M_tlf_a_e	0.0	0.0	0	0.0
all	western_diet_gut_anoxic_membership	Phascolarctobacterium_succinatutens	Prevotella_copri	M_tlf_a_m1_e	0.0	0.0	0	0.0
all	western_diet_gut_anoxic_membership	Phascolarctobacterium_succinatutens	Prevotella_copri	M_tlf_a_m2_e	0.0	0.0	0	0.0
all	western_diet_gut_anoxic_membership	Phascolarctobacterium_succinatutens	Prevotella_copri	M_tlf_a_m3_e	0.0	0.0	0	0.0
all	western_diet_gut_anoxic_membership	Phascolarctobacterium_succinatutens	Prevotella_copri	M_tlf_a_m4_e	0.0	0.0	0	0.0
all	western_diet_gut_anoxic_membership	Phascolarctobacterium_succinatutens	Prevotella_copri	M_tlf_a_m4a_e	0.0	0.0	0	0.0
all	western_diet_gut_anoxic_membership	Phascolarctobacterium_succinatutens	Prevotella_copri	M_tlf_a_m5_e	0.0	0.0	0	0.0
all	western_diet_gut_anoxic_membership	Phascolarctobacterium_succinatutens	Prevotella_copri	M_tlf_a_m5a_e	0.0	0.0	0	0.0
all	western_diet_gut_anoxic_membership	Phascolarctobacterium_succinatutens	Prevotella_copri	M_tlf_a_m5b_e	0.0	0.0	0	0.0
all	western_diet_gut_anoxic_membership	Phascolarctobacterium_succinatutens	Prevotella_copri	M_tlf_a_m6_e	0.0	0.0	0	0.0
all	western_diet_gut_anoxic_membership	Phascolarctobacterium_succinatutens	Prevotella_copri	M_tlf_a_m9_e	0.0	0.0	0	0.0
all	western_diet_gut_anoxic_membership	Phascolarctobacterium_succinatutens	Prevotella_copri	M_tlms_e	0.0	0.0	0	0.0
all	western_diet_gut_anoxic_membership	Phascolarctobacterium_succinatutens	Prevotella_copri	M_tlms_glc_e	0.0	0.0	0	0.0
all	western_diet_gut_anoxic_membership	Phascolarctobacterium_succinatutens	Prevotella_copri	M_tmacmp_e	0.0	0.0	0	0.0
all	western_diet_gut_anoxic_membership	Phascolarctobacterium_succinatutens	Prevotella_copri	M_tolcp_ac_e	0.0	0.0	0	0.0
all	western_diet_gut_anoxic_membership	Phascolarctobacterium_succinatutens	Prevotella_copri	M_tolcp_ac_glc_e	0.0	0.0	0	0.0
all	western_diet_gut_anoxic_membership	Phascolarctobacterium_succinatutens	Prevotella_copri	M_tolcp_am_e	0.0	0.0	0	0.0
all	western_diet_gut_anoxic_membership	Phascolarctobacterium_succinatutens	Prevotella_copri	M_tolcp_am_glc_e	0.0	0.0	0	0.0
all	western_diet_gut_anoxic_membership	Phascolarctobacterium_succinatutens	Prevotella_copri	M_tolcp_e	0.0	0.0	0	0.0
all	western_diet_gut_anoxic_membership	Phascolarctobacterium_succinatutens	Prevotella_copri	M_tolcp_glc_e	0.0	0.0	0	0.0
all	western_diet_gut_anoxic_membership	Phascolarctobacterium_succinatutens	Prevotella_copri	M_tpno_1glc_4g_e	0.0	0.0	0	0.0
all	western_diet_gut_anoxic_membership	Phascolarctobacterium_succinatutens	Prevotella_copri	M_tpno_4g_e	0.0	0.0	0	0.0
all	western_diet_gut_anoxic_membership	Phascolarctobacterium_succinatutens	Prevotella_copri	M_tpno_4glc_e	0.0	0.0	0	0.0
all	western_diet_gut_anoxic_membership	Phascolarctobacterium_succinatutens	Prevotella_copri	M_tpnoh_e	0.0	0.0	0	0.0
all	western_diet_gut_anoxic_membership	Phascolarctobacterium_succinatutens	Prevotella_copri	M_tsacmgluc_e	0.0	0.0	0	0.0
all	western_diet_gut_anoxic_membership	Phascolarctobacterium_succinatutens	Prevotella_copri	M_tsul_e	0.0	0.0	0	0.0
all	western_diet_gut_anoxic_membership	Phascolarctobacterium_succinatutens	Prevotella_copri	M_ttdca_e	0.0	1.0	0	0.0
all	western_diet_gut_anoxic_membership	Phascolarctobacterium_succinatutens	Prevotella_copri	M_ura_e	0.0	0.14	0	0.0
all	western_diet_gut_anoxic_membership	Phascolarctobacterium_succinatutens	Prevotella_copri	M_val_L_e	0.0	0.06	0	0.0
all	western_diet_gut_anoxic_membership	Phascolarctobacterium_succinatutens	Prevotella_copri	M_zn2_e	0.0	1.0	0	0.0
all	western_diet_gut_anoxic_membership	Phascolarctobacterium_succinatutens	Alistipes_putredinis	M_7a_czp_e	0.0	0.29	1	0.0
all	western_diet_gut_anoxic_membership	Phascolarctobacterium_succinatutens	Alistipes_putredinis	M_C02528_e	0.0	0.0	0	0.0
all	western_diet_gut_anoxic_membership	Phascolarctobacterium_succinatutens	Alistipes_putredinis	M_adocbl_e	0.0	0.0	0	0.0
all	western_diet_gut_anoxic_membership	Phascolarctobacterium_succinatutens	Alistipes_putredinis	M_alaasp_e	0.0	0.0	0	0.0
all	western_diet_gut_anoxic_membership	Phascolarctobacterium_succinatutens	Alistipes_putredinis	M_alagln_e	0.0	0.0	0	0.0
all	western_diet_gut_anoxic_membership	Phascolarctobacterium_succinatutens	Alistipes_putredinis	M_alaglu_e	0.0	0.0	0	0.0
all	western_diet_gut_anoxic_membership	Phascolarctobacterium_succinatutens	Alistipes_putredinis	M_alagly_e	0.0	0.0	0	0.0
all	western_diet_gut_anoxic_membership	Phascolarctobacterium_succinatutens	Alistipes_putredinis	M_alahis_e	0.0	0.0	0	0.0
all	western_diet_gut_anoxic_membership	Phascolarctobacterium_succinatutens	Alistipes_putredinis	M_alaleu_e	0.0	0.0	0	0.0
all	western_diet_gut_anoxic_membership	Phascolarctobacterium_succinatutens	Alistipes_putredinis	M_alathr_e	0.0	0.0	0	0.0
all	western_diet_gut_anoxic_membership	Phascolarctobacterium_succinatutens	Alistipes_putredinis	M_anzp_e	0.0	0.29	1	0.0
all	western_diet_gut_anoxic_membership	Phascolarctobacterium_succinatutens	Alistipes_putredinis	M_arab_L_e	0.0	0.0	0	0.0
all	western_diet_gut_anoxic_membership	Phascolarctobacterium_succinatutens	Alistipes_putredinis	M_arsenb_e	0.0	0.0	0	0.0
all	western_diet_gut_anoxic_membership	Phascolarctobacterium_succinatutens	Alistipes_putredinis	M_asn_L_e	0.0	1.0	0	0.0
all	western_diet_gut_anoxic_membership	Phascolarctobacterium_succinatutens	Alistipes_putredinis	M_brv_e	0.0	0.0	0	0.0
all	western_diet_gut_anoxic_membership	Phascolarctobacterium_succinatutens	Alistipes_putredinis	M_btn_e	0.0	0.0	0	0.0
all	western_diet_gut_anoxic_membership	Phascolarctobacterium_succinatutens	Alistipes_putredinis	M_but_e	0.0	0.0	0	0.0
all	western_diet_gut_anoxic_membership	Phascolarctobacterium_succinatutens	Alistipes_putredinis	M_bvu_e	0.0	0.0	0	0.0
all	western_diet_gut_anoxic_membership	Phascolarctobacterium_succinatutens	Alistipes_putredinis	M_ca2_e	0.0	1.0	0	0.0
all	western_diet_gut_anoxic_membership	Phascolarctobacterium_succinatutens	Alistipes_putredinis	M_cbl1_e	0.0	0.0	0	0.0
all	western_diet_gut_anoxic_membership	Phascolarctobacterium_succinatutens	Alistipes_putredinis	M_cbl2_e	0.0	0.0	0	0.0
all	western_diet_gut_anoxic_membership	Phascolarctobacterium_succinatutens	Alistipes_putredinis	M_cd2_e	0.0	0.0	0	0.0
all	western_diet_gut_anoxic_membership	Phascolarctobacterium_succinatutens	Alistipes_putredinis	M_cgly_e	0.0	1.0	0	0.0
all	western_diet_gut_anoxic_membership	Phascolarctobacterium_succinatutens	Alistipes_putredinis	M_chlphncl_e	0.0	0.0	1	0.0
all	western_diet_gut_anoxic_membership	Phascolarctobacterium_succinatutens	Alistipes_putredinis	M_cholate_e	0.0	0.0	0	0.0
all	western_diet_gut_anoxic_membership	Phascolarctobacterium_succinatutens	Alistipes_putredinis	M_cl_e	0.0	1.0	0	0.0
all	western_diet_gut_anoxic_membership	Phascolarctobacterium_succinatutens	Alistipes_putredinis	M_co2_e	0.0	0.09	1	0.0
all	western_diet_gut_anoxic_membership	Phascolarctobacterium_succinatutens	Alistipes_putredinis	M_cobalt2_e	0.0	1.0	0	0.0
all	western_diet_gut_anoxic_membership	Phascolarctobacterium_succinatutens	Alistipes_putredinis	M_cro4_e	0.0	0.0	0	0.0
all	western_diet_gut_anoxic_membership	Phascolarctobacterium_succinatutens	Alistipes_putredinis	M_ctbt_e	0.0	0.0	0	0.0
all	western_diet_gut_anoxic_membership	Phascolarctobacterium_succinatutens	Alistipes_putredinis	M_cu2_e	0.0	1.0	0	0.0
all	western_diet_gut_anoxic_membership	Phascolarctobacterium_succinatutens	Alistipes_putredinis	M_czp_e	0.0	0.0	1	0.0
all	western_diet_gut_anoxic_membership	Phascolarctobacterium_succinatutens	Alistipes_putredinis	M_dextrin_e	0.0	0.0	0	0.0
all	western_diet_gut_anoxic_membership	Phascolarctobacterium_succinatutens	Alistipes_putredinis	M_dfdcytd_e	0.0	0.0	0	0.0
all	western_diet_gut_anoxic_membership	Phascolarctobacterium_succinatutens	Alistipes_putredinis	M_dfduri_e	0.0	0.0	0	0.0
all	western_diet_gut_anoxic_membership	Phascolarctobacterium_succinatutens	Alistipes_putredinis	M_dgchol_e	0.0	0.0	0	0.0
all	western_diet_gut_anoxic_membership	Phascolarctobacterium_succinatutens	Alistipes_putredinis	M_dgsn_e	0.0	0.0	0	0.0
all	western_diet_gut_anoxic_membership	Phascolarctobacterium_succinatutens	Alistipes_putredinis	M_din_e	0.0	0.0	0	0.0
all	western_diet_gut_anoxic_membership	Phascolarctobacterium_succinatutens	Alistipes_putredinis	M_drib_e	0.0	0.55	0	0.0
all	western_diet_gut_anoxic_membership	Phascolarctobacterium_succinatutens	Alistipes_putredinis	M_duri_e	0.0	0.0	0	0.0
all	western_diet_gut_anoxic_membership	Phascolarctobacterium_succinatutens	Alistipes_putredinis	M_fe2_e	0.0	1.0	0	0.0
all	western_diet_gut_anoxic_membership	Phascolarctobacterium_succinatutens	Alistipes_putredinis	M_fe3_e	0.0	1.0	0	0.0
all	western_diet_gut_anoxic_membership	Phascolarctobacterium_succinatutens	Alistipes_putredinis	M_fol_e	0.0	0.0	0	0.0
all	western_diet_gut_anoxic_membership	Phascolarctobacterium_succinatutens	Alistipes_putredinis	M_fru_e	0.0	0.2	0	0.0
all	western_diet_gut_anoxic_membership	Phascolarctobacterium_succinatutens	Alistipes_putredinis	M_gbbtn_e	0.0	0.0	0	0.0
all	western_diet_gut_anoxic_membership	Phascolarctobacterium_succinatutens	Alistipes_putredinis	M_gchola_e	0.0	0.0	0	0.0
all	western_diet_gut_anoxic_membership	Phascolarctobacterium_succinatutens	Alistipes_putredinis	M_glc_D_e	0.0	0.0	0	0.0
all	western_diet_gut_anoxic_membership	Phascolarctobacterium_succinatutens	Alistipes_putredinis	M_gln_L_e	0.0	0.0	0	0.0
all	western_diet_gut_anoxic_membership	Phascolarctobacterium_succinatutens	Alistipes_putredinis	M_glu_L_e	0.0	0.0	0	0.0
all	western_diet_gut_anoxic_membership	Phascolarctobacterium_succinatutens	Alistipes_putredinis	M_glyasn_e	0.0	0.0	0	0.0
all	western_diet_gut_anoxic_membership	Phascolarctobacterium_succinatutens	Alistipes_putredinis	M_glyasp_e	0.0	0.0	0	0.0
all	western_diet_gut_anoxic_membership	Phascolarctobacterium_succinatutens	Alistipes_putredinis	M_glyb_e	0.0	0.0	0	0.0
all	western_diet_gut_anoxic_membership	Phascolarctobacterium_succinatutens	Alistipes_putredinis	M_glyc3p_e	0.0	0.0	0	0.0
all	western_diet_gut_anoxic_membership	Phascolarctobacterium_succinatutens	Alistipes_putredinis	M_glycys_e	0.0	0.0	0	0.0
all	western_diet_gut_anoxic_membership	Phascolarctobacterium_succinatutens	Alistipes_putredinis	M_glygln_e	0.0	0.0	0	0.0
all	western_diet_gut_anoxic_membership	Phascolarctobacterium_succinatutens	Alistipes_putredinis	M_glyglu_e	0.0	0.0	0	0.0
all	western_diet_gut_anoxic_membership	Phascolarctobacterium_succinatutens	Alistipes_putredinis	M_glyleu_e	0.0	0.64	0	0.0
all	western_diet_gut_anoxic_membership	Phascolarctobacterium_succinatutens	Alistipes_putredinis	M_glymet_e	0.0	0.0	0	0.0
all	western_diet_gut_anoxic_membership	Phascolarctobacterium_succinatutens	Alistipes_putredinis	M_glyphe_e	0.0	0.0	0	0.0
all	western_diet_gut_anoxic_membership	Phascolarctobacterium_succinatutens	Alistipes_putredinis	M_glypro_e	0.0	0.0	0	0.0
all	western_diet_gut_anoxic_membership	Phascolarctobacterium_succinatutens	Alistipes_putredinis	M_glytyr_e	0.0	0.0	0	0.0
all	western_diet_gut_anoxic_membership	Phascolarctobacterium_succinatutens	Alistipes_putredinis	M_h2o_e	0.0	0.0	0	0.0
all	western_diet_gut_anoxic_membership	Phascolarctobacterium_succinatutens	Alistipes_putredinis	M_h_e	0.0	0.2	0	0.0
all	western_diet_gut_anoxic_membership	Phascolarctobacterium_succinatutens	Alistipes_putredinis	M_hg2_e	0.0	0.0	0	0.0
all	western_diet_gut_anoxic_membership	Phascolarctobacterium_succinatutens	Alistipes_putredinis	M_his_L_e	0.0	0.49	0	0.0
all	western_diet_gut_anoxic_membership	Phascolarctobacterium_succinatutens	Alistipes_putredinis	M_hxan_e	0.0	1.0	0	0.0
all	western_diet_gut_anoxic_membership	Phascolarctobacterium_succinatutens	Alistipes_putredinis	M_ile_L_e	0.0	1.0	0	0.0
all	western_diet_gut_anoxic_membership	Phascolarctobacterium_succinatutens	Alistipes_putredinis	M_ins_e	0.0	0.0	0	0.0
all	western_diet_gut_anoxic_membership	Phascolarctobacterium_succinatutens	Alistipes_putredinis	M_isobut_e	0.0	0.0	1	0.0
all	western_diet_gut_anoxic_membership	Phascolarctobacterium_succinatutens	Alistipes_putredinis	M_isocapr_e	0.0	0.0	1	0.0
all	western_diet_gut_anoxic_membership	Phascolarctobacterium_succinatutens	Alistipes_putredinis	M_isoval_e	0.0	0.0	1	0.0
all	western_diet_gut_anoxic_membership	Phascolarctobacterium_succinatutens	Alistipes_putredinis	M_k_e	0.0	1.0	0	0.0
all	western_diet_gut_anoxic_membership	Phascolarctobacterium_succinatutens	Alistipes_putredinis	M_lac_D_e	0.0	0.0	1	0.0
all	western_diet_gut_anoxic_membership	Phascolarctobacterium_succinatutens	Alistipes_putredinis	M_leu_L_e	0.0	0.36	0	0.0
all	western_diet_gut_anoxic_membership	Phascolarctobacterium_succinatutens	Alistipes_putredinis	M_lys_L_e	0.0	1.0	0	0.0
all	western_diet_gut_anoxic_membership	Phascolarctobacterium_succinatutens	Alistipes_putredinis	M_malt_e	0.0	0.0	0	0.0
all	western_diet_gut_anoxic_membership	Phascolarctobacterium_succinatutens	Alistipes_putredinis	M_malthx_e	0.0	0.0	0	0.0
all	western_diet_gut_anoxic_membership	Phascolarctobacterium_succinatutens	Alistipes_putredinis	M_malttr_e	0.0	0.0	0	0.0
all	western_diet_gut_anoxic_membership	Phascolarctobacterium_succinatutens	Alistipes_putredinis	M_met_D_e	0.0	0.0	0	0.0
all	western_diet_gut_anoxic_membership	Phascolarctobacterium_succinatutens	Alistipes_putredinis	M_met_L_e	0.0	0.36	0	0.0
all	western_diet_gut_anoxic_membership	Phascolarctobacterium_succinatutens	Alistipes_putredinis	M_metala_e	0.0	0.0	0	0.0
all	western_diet_gut_anoxic_membership	Phascolarctobacterium_succinatutens	Alistipes_putredinis	M_metsox_S_L_e	0.0	0.34	0	0.0
all	western_diet_gut_anoxic_membership	Phascolarctobacterium_succinatutens	Alistipes_putredinis	M_mg2_e	0.0	1.0	0	0.0
all	western_diet_gut_anoxic_membership	Phascolarctobacterium_succinatutens	Alistipes_putredinis	M_mn2_e	0.0	1.0	0	0.0
all	western_diet_gut_anoxic_membership	Phascolarctobacterium_succinatutens	Alistipes_putredinis	M_na1_e	0.0	0.4	0	0.0
all	western_diet_gut_anoxic_membership	Phascolarctobacterium_succinatutens	Alistipes_putredinis	M_nac_e	0.0	1.0	0	0.0
all	western_diet_gut_anoxic_membership	Phascolarctobacterium_succinatutens	Alistipes_putredinis	M_nchlphncl_e	0.0	0.27	1	0.0
all	western_diet_gut_anoxic_membership	Phascolarctobacterium_succinatutens	Alistipes_putredinis	M_nh4_e	0.0	0.8	1	0.0
all	western_diet_gut_anoxic_membership	Phascolarctobacterium_succinatutens	Alistipes_putredinis	M_nzp_e	0.0	0.0	1	0.0
all	western_diet_gut_anoxic_membership	Phascolarctobacterium_succinatutens	Alistipes_putredinis	M_o2_e	0.0	0.0	0	0.0
all	western_diet_gut_anoxic_membership	Phascolarctobacterium_succinatutens	Alistipes_putredinis	M_pb_e	0.0	0.0	0	0.0
all	western_diet_gut_anoxic_membership	Phascolarctobacterium_succinatutens	Alistipes_putredinis	M_pcresol_e	0.0	0.0	0	0.0
all	western_diet_gut_anoxic_membership	Phascolarctobacterium_succinatutens	Alistipes_putredinis	M_phe_L_e	0.0	0.0	0	0.0
all	western_diet_gut_anoxic_membership	Phascolarctobacterium_succinatutens	Alistipes_putredinis	M_pi_e	0.0	1.0	0	0.0
all	western_diet_gut_anoxic_membership	Phascolarctobacterium_succinatutens	Alistipes_putredinis	M_pime_e	0.0	0.0	0	0.0
all	western_diet_gut_anoxic_membership	Phascolarctobacterium_succinatutens	Alistipes_putredinis	M_pnto_R_e	0.0	0.27	0	0.0
all	western_diet_gut_anoxic_membership	Phascolarctobacterium_succinatutens	Alistipes_putredinis	M_ppa_e	0.0	0.0	1	0.0
all	western_diet_gut_anoxic_membership	Phascolarctobacterium_succinatutens	Alistipes_putredinis	M_ppi_e	0.0	0.0	1	0.0
all	western_diet_gut_anoxic_membership	Phascolarctobacterium_succinatutens	Alistipes_putredinis	M_pro_L_e	0.0	0.14	0	0.0
all	western_diet_gut_anoxic_membership	Phascolarctobacterium_succinatutens	Alistipes_putredinis	M_ptrc_e	0.0	0.0	0	0.0
all	western_diet_gut_anoxic_membership	Phascolarctobacterium_succinatutens	Alistipes_putredinis	M_pydxn_e	0.0	0.0	0	0.0
all	western_diet_gut_anoxic_membership	Phascolarctobacterium_succinatutens	Alistipes_putredinis	M_q8_e	0.0	0.0	0	0.0
all	western_diet_gut_anoxic_membership	Phascolarctobacterium_succinatutens	Alistipes_putredinis	M_r406_e	0.0	0.0	0	0.0
all	western_diet_gut_anoxic_membership	Phascolarctobacterium_succinatutens	Alistipes_putredinis	M_r788_e	0.0	0.0	0	0.0
all	western_diet_gut_anoxic_membership	Phascolarctobacterium_succinatutens	Alistipes_putredinis	M_rib_D_e	0.0	0.2	0	0.0
all	western_diet_gut_anoxic_membership	Phascolarctobacterium_succinatutens	Alistipes_putredinis	M_ser_L_e	0.0	1.0	0	0.0
all	western_diet_gut_anoxic_membership	Phascolarctobacterium_succinatutens	Alistipes_putredinis	M_sheme_e	0.0	0.0	0	0.0
all	western_diet_gut_anoxic_membership	Phascolarctobacterium_succinatutens	Alistipes_putredinis	M_so4_e	0.0	1.0	0	0.0
all	western_diet_gut_anoxic_membership	Phascolarctobacterium_succinatutens	Alistipes_putredinis	M_spmd_e	0.0	0.0	0	0.0
all	western_diet_gut_anoxic_membership	Phascolarctobacterium_succinatutens	Alistipes_putredinis	M_srv_e	0.0	0.0	0	0.0
all	western_diet_gut_anoxic_membership	Phascolarctobacterium_succinatutens	Alistipes_putredinis	M_succ_e	0.0	1.0	0	0.0
all	western_diet_gut_anoxic_membership	Phascolarctobacterium_succinatutens	Alistipes_putredinis	M_taur_e	0.0	0.0	0	0.0
all	western_diet_gut_anoxic_membership	Phascolarctobacterium_succinatutens	Alistipes_putredinis	M_tchola_e	0.0	0.0	0	0.0
all	western_diet_gut_anoxic_membership	Phascolarctobacterium_succinatutens	Alistipes_putredinis	M_tdchola_e	0.0	0.0	0	0.0
all	western_diet_gut_anoxic_membership	Phascolarctobacterium_succinatutens	Alistipes_putredinis	M_thymd_e	0.0	0.0	0	0.0
all	western_diet_gut_anoxic_membership	Phascolarctobacterium_succinatutens	Alistipes_putredinis	M_ttdca_e	0.0	1.0	0	0.0
all	western_diet_gut_anoxic_membership	Phascolarctobacterium_succinatutens	Alistipes_putredinis	M_ura_e	0.0	0.14	0	0.0
all	western_diet_gut_anoxic_membership	Phascolarctobacterium_succinatutens	Alistipes_putredinis	M_urea_e	0.0	0.0	1	0.0
all	western_diet_gut_anoxic_membership	Phascolarctobacterium_succinatutens	Alistipes_putredinis	M_val_L_e	0.0	0.06	0	0.0
all	western_diet_gut_anoxic_membership	Phascolarctobacterium_succinatutens	Alistipes_putredinis	M_zn2_e	0.0	1.0	0	0.0
all	western_diet_gut_anoxic_membership	Phascolarctobacterium_succinatutens	Acidaminococcus_intestini	M_4ahmmp_e	0.0	0.0	0	0.0
all	western_diet_gut_anoxic_membership	Phascolarctobacterium_succinatutens	Acidaminococcus_intestini	M_7a_czp_e	0.0	0.29	1	0.0
all	western_diet_gut_anoxic_membership	Phascolarctobacterium_succinatutens	Acidaminococcus_intestini	M_Cit_Mg_e	0.0	0.0	0	0.0
all	western_diet_gut_anoxic_membership	Phascolarctobacterium_succinatutens	Acidaminococcus_intestini	M_Lcyst_e	0.0	0.0	0	0.0
all	western_diet_gut_anoxic_membership	Phascolarctobacterium_succinatutens	Acidaminococcus_intestini	M_acald_e	0.0	0.0	1	0.0
all	western_diet_gut_anoxic_membership	Phascolarctobacterium_succinatutens	Acidaminococcus_intestini	M_adocbl_e	0.0	0.0	0	0.0
all	western_diet_gut_anoxic_membership	Phascolarctobacterium_succinatutens	Acidaminococcus_intestini	M_alaasp_e	0.0	0.0	0	0.0
all	western_diet_gut_anoxic_membership	Phascolarctobacterium_succinatutens	Acidaminococcus_intestini	M_alagln_e	0.0	0.0	0	0.0
all	western_diet_gut_anoxic_membership	Phascolarctobacterium_succinatutens	Acidaminococcus_intestini	M_alaglu_e	0.0	0.0	0	0.0
all	western_diet_gut_anoxic_membership	Phascolarctobacterium_succinatutens	Acidaminococcus_intestini	M_alagly_e	0.0	0.0	0	0.0
all	western_diet_gut_anoxic_membership	Phascolarctobacterium_succinatutens	Acidaminococcus_intestini	M_alahis_e	0.0	0.0	0	0.0
all	western_diet_gut_anoxic_membership	Phascolarctobacterium_succinatutens	Acidaminococcus_intestini	M_alaleu_e	0.0	0.0	0	0.0
all	western_diet_gut_anoxic_membership	Phascolarctobacterium_succinatutens	Acidaminococcus_intestini	M_alathr_e	0.0	0.0	0	0.0
all	western_diet_gut_anoxic_membership	Phascolarctobacterium_succinatutens	Acidaminococcus_intestini	M_anzp_e	0.0	0.29	1	0.0
all	western_diet_gut_anoxic_membership	Phascolarctobacterium_succinatutens	Acidaminococcus_intestini	M_arab_L_e	0.0	0.0	0	0.0
all	western_diet_gut_anoxic_membership	Phascolarctobacterium_succinatutens	Acidaminococcus_intestini	M_arbt_e	0.0	0.0	0	0.0
all	western_diet_gut_anoxic_membership	Phascolarctobacterium_succinatutens	Acidaminococcus_intestini	M_arsenb_e	0.0	0.0	0	0.0
all	western_diet_gut_anoxic_membership	Phascolarctobacterium_succinatutens	Acidaminococcus_intestini	M_asn_L_e	0.0	1.0	0	0.0
all	western_diet_gut_anoxic_membership	Phascolarctobacterium_succinatutens	Acidaminococcus_intestini	M_btn_e	0.0	0.0	0	0.0
all	western_diet_gut_anoxic_membership	Phascolarctobacterium_succinatutens	Acidaminococcus_intestini	M_but_e	0.0	0.0	1	0.0
all	western_diet_gut_anoxic_membership	Phascolarctobacterium_succinatutens	Acidaminococcus_intestini	M_butso3_e	0.0	0.0	0	0.0
all	western_diet_gut_anoxic_membership	Phascolarctobacterium_succinatutens	Acidaminococcus_intestini	M_ca2_e	0.0	1.0	0	0.0
all	western_diet_gut_anoxic_membership	Phascolarctobacterium_succinatutens	Acidaminococcus_intestini	M_cbl1_e	0.0	0.0	0	0.0
all	western_diet_gut_anoxic_membership	Phascolarctobacterium_succinatutens	Acidaminococcus_intestini	M_cbl2_e	0.0	0.0	0	0.0
all	western_diet_gut_anoxic_membership	Phascolarctobacterium_succinatutens	Acidaminococcus_intestini	M_cd2_e	0.0	0.0	0	0.0
all	western_diet_gut_anoxic_membership	Phascolarctobacterium_succinatutens	Acidaminococcus_intestini	M_cgly_e	0.0	1.0	0	0.0
all	western_diet_gut_anoxic_membership	Phascolarctobacterium_succinatutens	Acidaminococcus_intestini	M_chlphncl_e	0.0	0.0	1	0.0
all	western_diet_gut_anoxic_membership	Phascolarctobacterium_succinatutens	Acidaminococcus_intestini	M_cl_e	0.0	1.0	0	0.0
all	western_diet_gut_anoxic_membership	Phascolarctobacterium_succinatutens	Acidaminococcus_intestini	M_co2_e	0.0	0.09	1	0.0
all	western_diet_gut_anoxic_membership	Phascolarctobacterium_succinatutens	Acidaminococcus_intestini	M_cobalt2_e	0.0	1.0	0	0.0
all	western_diet_gut_anoxic_membership	Phascolarctobacterium_succinatutens	Acidaminococcus_intestini	M_cro4_e	0.0	0.0	0	0.0
all	western_diet_gut_anoxic_membership	Phascolarctobacterium_succinatutens	Acidaminococcus_intestini	M_ctbt_e	0.0	0.0	0	0.0
all	western_diet_gut_anoxic_membership	Phascolarctobacterium_succinatutens	Acidaminococcus_intestini	M_cu2_e	0.0	1.0	0	0.0
all	western_diet_gut_anoxic_membership	Phascolarctobacterium_succinatutens	Acidaminococcus_intestini	M_czp_e	0.0	0.0	1	0.0
all	western_diet_gut_anoxic_membership	Phascolarctobacterium_succinatutens	Acidaminococcus_intestini	M_dfdcytd_e	0.0	0.0	0	0.0
all	western_diet_gut_anoxic_membership	Phascolarctobacterium_succinatutens	Acidaminococcus_intestini	M_dfduri_e	0.0	0.0	0	0.0
all	western_diet_gut_anoxic_membership	Phascolarctobacterium_succinatutens	Acidaminococcus_intestini	M_dgsn_e	0.0	0.0	0	0.0
all	western_diet_gut_anoxic_membership	Phascolarctobacterium_succinatutens	Acidaminococcus_intestini	M_drib_e	0.0	0.55	0	0.0
all	western_diet_gut_anoxic_membership	Phascolarctobacterium_succinatutens	Acidaminococcus_intestini	M_ethso3_e	0.0	0.0	0	0.0
all	western_diet_gut_anoxic_membership	Phascolarctobacterium_succinatutens	Acidaminococcus_intestini	M_etoh_e	0.0	0.0	1	0.0
all	western_diet_gut_anoxic_membership	Phascolarctobacterium_succinatutens	Acidaminococcus_intestini	M_fe2_e	0.0	1.0	0	0.0
all	western_diet_gut_anoxic_membership	Phascolarctobacterium_succinatutens	Acidaminococcus_intestini	M_fe3_e	0.0	1.0	0	0.0
all	western_diet_gut_anoxic_membership	Phascolarctobacterium_succinatutens	Acidaminococcus_intestini	M_fol_e	0.0	0.0	0	0.0
all	western_diet_gut_anoxic_membership	Phascolarctobacterium_succinatutens	Acidaminococcus_intestini	M_fru_e	0.0	0.2	0	0.0
all	western_diet_gut_anoxic_membership	Phascolarctobacterium_succinatutens	Acidaminococcus_intestini	M_galt_e	0.0	0.0	0	0.0
all	western_diet_gut_anoxic_membership	Phascolarctobacterium_succinatutens	Acidaminococcus_intestini	M_gbbtn_e	0.0	0.0	0	0.0
all	western_diet_gut_anoxic_membership	Phascolarctobacterium_succinatutens	Acidaminococcus_intestini	M_glc_D_e	0.0	0.0	0	0.0
all	western_diet_gut_anoxic_membership	Phascolarctobacterium_succinatutens	Acidaminococcus_intestini	M_gln_L_e	0.0	0.0	0	0.0
all	western_diet_gut_anoxic_membership	Phascolarctobacterium_succinatutens	Acidaminococcus_intestini	M_glu_L_e	0.0	0.0	0	0.0
all	western_diet_gut_anoxic_membership	Phascolarctobacterium_succinatutens	Acidaminococcus_intestini	M_glutar_e	0.0	0.0	0	0.0
all	western_diet_gut_anoxic_membership	Phascolarctobacterium_succinatutens	Acidaminococcus_intestini	M_glyasn_e	0.0	0.0	0	0.0
all	western_diet_gut_anoxic_membership	Phascolarctobacterium_succinatutens	Acidaminococcus_intestini	M_glyasp_e	0.0	0.0	0	0.0
all	western_diet_gut_anoxic_membership	Phascolarctobacterium_succinatutens	Acidaminococcus_intestini	M_glyb_e	0.0	0.0	0	0.0
all	western_diet_gut_anoxic_membership	Phascolarctobacterium_succinatutens	Acidaminococcus_intestini	M_glyc3p_e	0.0	0.0	0	0.0
all	western_diet_gut_anoxic_membership	Phascolarctobacterium_succinatutens	Acidaminococcus_intestini	M_glycys_e	0.0	0.0	0	0.0
all	western_diet_gut_anoxic_membership	Phascolarctobacterium_succinatutens	Acidaminococcus_intestini	M_glygln_e	0.0	0.0	0	0.0
all	western_diet_gut_anoxic_membership	Phascolarctobacterium_succinatutens	Acidaminococcus_intestini	M_glyglu_e	0.0	0.0	0	0.0
all	western_diet_gut_anoxic_membership	Phascolarctobacterium_succinatutens	Acidaminococcus_intestini	M_glyleu_e	0.0	0.64	0	0.0
all	western_diet_gut_anoxic_membership	Phascolarctobacterium_succinatutens	Acidaminococcus_intestini	M_glymet_e	0.0	0.0	0	0.0
all	western_diet_gut_anoxic_membership	Phascolarctobacterium_succinatutens	Acidaminococcus_intestini	M_glyphe_e	0.0	0.0	0	0.0
all	western_diet_gut_anoxic_membership	Phascolarctobacterium_succinatutens	Acidaminococcus_intestini	M_glypro_e	0.0	0.0	0	0.0
all	western_diet_gut_anoxic_membership	Phascolarctobacterium_succinatutens	Acidaminococcus_intestini	M_glytyr_e	0.0	0.0	0	0.0
all	western_diet_gut_anoxic_membership	Phascolarctobacterium_succinatutens	Acidaminococcus_intestini	M_h2o_e	0.0	0.0	0	0.0
all	western_diet_gut_anoxic_membership	Phascolarctobacterium_succinatutens	Acidaminococcus_intestini	M_h_e	0.0	0.2	0	0.0
all	western_diet_gut_anoxic_membership	Phascolarctobacterium_succinatutens	Acidaminococcus_intestini	M_hexs_e	0.0	0.0	0	0.0
all	western_diet_gut_anoxic_membership	Phascolarctobacterium_succinatutens	Acidaminococcus_intestini	M_hg2_e	0.0	0.0	0	0.0
all	western_diet_gut_anoxic_membership	Phascolarctobacterium_succinatutens	Acidaminococcus_intestini	M_his_L_e	0.0	0.49	0	0.0
all	western_diet_gut_anoxic_membership	Phascolarctobacterium_succinatutens	Acidaminococcus_intestini	M_hxan_e	0.0	1.0	0	0.0
all	western_diet_gut_anoxic_membership	Phascolarctobacterium_succinatutens	Acidaminococcus_intestini	M_ile_L_e	0.0	1.0	0	0.0
all	western_diet_gut_anoxic_membership	Phascolarctobacterium_succinatutens	Acidaminococcus_intestini	M_ins_e	0.0	0.0	0	0.0
all	western_diet_gut_anoxic_membership	Phascolarctobacterium_succinatutens	Acidaminococcus_intestini	M_isetac_e	0.0	0.0	0	0.0
all	western_diet_gut_anoxic_membership	Phascolarctobacterium_succinatutens	Acidaminococcus_intestini	M_k_e	0.0	1.0	0	0.0
all	western_diet_gut_anoxic_membership	Phascolarctobacterium_succinatutens	Acidaminococcus_intestini	M_lac_D_e	0.0	0.0	1	0.0
all	western_diet_gut_anoxic_membership	Phascolarctobacterium_succinatutens	Acidaminococcus_intestini	M_lac_L_e	0.0	0.0	1	0.0
all	western_diet_gut_anoxic_membership	Phascolarctobacterium_succinatutens	Acidaminococcus_intestini	M_leu_L_e	0.0	0.36	0	0.0
all	western_diet_gut_anoxic_membership	Phascolarctobacterium_succinatutens	Acidaminococcus_intestini	M_lys_L_e	0.0	1.0	0	0.0
all	western_diet_gut_anoxic_membership	Phascolarctobacterium_succinatutens	Acidaminococcus_intestini	M_mal_L_e	0.0	0.0	1	0.0
all	western_diet_gut_anoxic_membership	Phascolarctobacterium_succinatutens	Acidaminococcus_intestini	M_malt_e	0.0	0.0	0	0.0
all	western_diet_gut_anoxic_membership	Phascolarctobacterium_succinatutens	Acidaminococcus_intestini	M_malthx_e	0.0	0.0	0	0.0
all	western_diet_gut_anoxic_membership	Phascolarctobacterium_succinatutens	Acidaminococcus_intestini	M_malttr_e	0.0	0.0	0	0.0
all	western_diet_gut_anoxic_membership	Phascolarctobacterium_succinatutens	Acidaminococcus_intestini	M_met_D_e	0.0	0.0	0	0.0
all	western_diet_gut_anoxic_membership	Phascolarctobacterium_succinatutens	Acidaminococcus_intestini	M_met_L_e	0.0	0.36	0	0.0
all	western_diet_gut_anoxic_membership	Phascolarctobacterium_succinatutens	Acidaminococcus_intestini	M_metala_e	0.0	0.0	0	0.0
all	western_diet_gut_anoxic_membership	Phascolarctobacterium_succinatutens	Acidaminococcus_intestini	M_metsox_S_L_e	0.0	0.34	0	0.0
all	western_diet_gut_anoxic_membership	Phascolarctobacterium_succinatutens	Acidaminococcus_intestini	M_mg2_e	0.0	1.0	0	0.0
all	western_diet_gut_anoxic_membership	Phascolarctobacterium_succinatutens	Acidaminococcus_intestini	M_mn2_e	0.0	1.0	0	0.0
all	western_diet_gut_anoxic_membership	Phascolarctobacterium_succinatutens	Acidaminococcus_intestini	M_mops_e	0.0	0.0	0	0.0
all	western_diet_gut_anoxic_membership	Phascolarctobacterium_succinatutens	Acidaminococcus_intestini	M_mso3_e	0.0	0.0	0	0.0
all	western_diet_gut_anoxic_membership	Phascolarctobacterium_succinatutens	Acidaminococcus_intestini	M_na1_e	0.0	0.4	0	0.0
all	western_diet_gut_anoxic_membership	Phascolarctobacterium_succinatutens	Acidaminococcus_intestini	M_nac_e	0.0	1.0	0	0.0
all	western_diet_gut_anoxic_membership	Phascolarctobacterium_succinatutens	Acidaminococcus_intestini	M_nchlphncl_e	0.0	0.27	1	0.0
all	western_diet_gut_anoxic_membership	Phascolarctobacterium_succinatutens	Acidaminococcus_intestini	M_nh4_e	0.0	0.8	1	0.0
all	western_diet_gut_anoxic_membership	Phascolarctobacterium_succinatutens	Acidaminococcus_intestini	M_no3_e	0.0	0.0	0	0.0
all	western_diet_gut_anoxic_membership	Phascolarctobacterium_succinatutens	Acidaminococcus_intestini	M_nzp_e	0.0	0.0	1	0.0
all	western_diet_gut_anoxic_membership	Phascolarctobacterium_succinatutens	Acidaminococcus_intestini	M_o2_e	0.0	0.0	1	0.0
all	western_diet_gut_anoxic_membership	Phascolarctobacterium_succinatutens	Acidaminococcus_intestini	M_orot_e	0.0	0.0	0	0.0
all	western_diet_gut_anoxic_membership	Phascolarctobacterium_succinatutens	Acidaminococcus_intestini	M_pb_e	0.0	0.0	0	0.0
all	western_diet_gut_anoxic_membership	Phascolarctobacterium_succinatutens	Acidaminococcus_intestini	M_pcresol_e	0.0	0.0	0	0.0
all	western_diet_gut_anoxic_membership	Phascolarctobacterium_succinatutens	Acidaminococcus_intestini	M_phe_L_e	0.0	0.0	0	0.0
all	western_diet_gut_anoxic_membership	Phascolarctobacterium_succinatutens	Acidaminococcus_intestini	M_pi_e	0.0	1.0	0	0.0
all	western_diet_gut_anoxic_membership	Phascolarctobacterium_succinatutens	Acidaminococcus_intestini	M_pime_e	0.0	0.0	0	0.0
all	western_diet_gut_anoxic_membership	Phascolarctobacterium_succinatutens	Acidaminococcus_intestini	M_pnto_R_e	0.0	0.27	0	0.0
all	western_diet_gut_anoxic_membership	Phascolarctobacterium_succinatutens	Acidaminococcus_intestini	M_ppa_e	0.0	0.0	0	0.0
all	western_diet_gut_anoxic_membership	Phascolarctobacterium_succinatutens	Acidaminococcus_intestini	M_pro_L_e	0.0	0.14	0	0.0
all	western_diet_gut_anoxic_membership	Phascolarctobacterium_succinatutens	Acidaminococcus_intestini	M_ptrc_e	0.0	0.0	0	0.0
all	western_diet_gut_anoxic_membership	Phascolarctobacterium_succinatutens	Acidaminococcus_intestini	M_pydx5p_e	0.0	0.0	1	0.0
all	western_diet_gut_anoxic_membership	Phascolarctobacterium_succinatutens	Acidaminococcus_intestini	M_pydxn_e	0.0	0.0	0	0.0
all	western_diet_gut_anoxic_membership	Phascolarctobacterium_succinatutens	Acidaminococcus_intestini	M_pyr_e	0.0	0.0	1	0.0
all	western_diet_gut_anoxic_membership	Phascolarctobacterium_succinatutens	Acidaminococcus_intestini	M_q8_e	0.0	0.0	0	0.0
all	western_diet_gut_anoxic_membership	Phascolarctobacterium_succinatutens	Acidaminococcus_intestini	M_r406_e	0.0	0.0	0	0.0
all	western_diet_gut_anoxic_membership	Phascolarctobacterium_succinatutens	Acidaminococcus_intestini	M_r788_e	0.0	0.0	0	0.0
all	western_diet_gut_anoxic_membership	Phascolarctobacterium_succinatutens	Acidaminococcus_intestini	M_rib_D_e	0.0	0.2	0	0.0
all	western_diet_gut_anoxic_membership	Phascolarctobacterium_succinatutens	Acidaminococcus_intestini	M_salcn_e	0.0	0.0	0	0.0
all	western_diet_gut_anoxic_membership	Phascolarctobacterium_succinatutens	Acidaminococcus_intestini	M_ser_L_e	0.0	1.0	0	0.0
all	western_diet_gut_anoxic_membership	Phascolarctobacterium_succinatutens	Acidaminococcus_intestini	M_sheme_e	0.0	0.0	0	0.0
all	western_diet_gut_anoxic_membership	Phascolarctobacterium_succinatutens	Acidaminococcus_intestini	M_so4_e	0.0	1.0	0	0.0
all	western_diet_gut_anoxic_membership	Phascolarctobacterium_succinatutens	Acidaminococcus_intestini	M_spmd_e	0.0	0.0	0	0.0
all	western_diet_gut_anoxic_membership	Phascolarctobacterium_succinatutens	Acidaminococcus_intestini	M_succ_e	0.0	1.0	0	0.0
all	western_diet_gut_anoxic_membership	Phascolarctobacterium_succinatutens	Acidaminococcus_intestini	M_sulfac_e	0.0	0.0	0	0.0
all	western_diet_gut_anoxic_membership	Phascolarctobacterium_succinatutens	Acidaminococcus_intestini	M_taur_e	0.0	0.0	0	0.0
all	western_diet_gut_anoxic_membership	Phascolarctobacterium_succinatutens	Acidaminococcus_intestini	M_thymd_e	0.0	0.0	0	0.0
all	western_diet_gut_anoxic_membership	Phascolarctobacterium_succinatutens	Acidaminococcus_intestini	M_ttdca_e	0.0	1.0	0	0.0
all	western_diet_gut_anoxic_membership	Phascolarctobacterium_succinatutens	Acidaminococcus_intestini	M_ura_e	0.0	0.14	0	0.0
all	western_diet_gut_anoxic_membership	Phascolarctobacterium_succinatutens	Acidaminococcus_intestini	M_val_L_e	0.0	0.06	0	0.0
all	western_diet_gut_anoxic_membership	Phascolarctobacterium_succinatutens	Acidaminococcus_intestini	M_zn2_e	0.0	1.0	0	0.0
all	western_diet_gut_anoxic_membership	Phascolarctobacterium_succinatutens	Bacteroides_vulgatus	M_12ppd_S_e	0.0	0.0	1	0.0
all	western_diet_gut_anoxic_membership	Phascolarctobacterium_succinatutens	Bacteroides_vulgatus	M_4abut_e	0.0	0.0	1	0.0
all	western_diet_gut_anoxic_membership	Phascolarctobacterium_succinatutens	Bacteroides_vulgatus	M_5asa_e	0.0	0.0	0	0.0
all	western_diet_gut_anoxic_membership	Phascolarctobacterium_succinatutens	Bacteroides_vulgatus	M_7a_czp_e	0.0	0.29	0	0.0
all	western_diet_gut_anoxic_membership	Phascolarctobacterium_succinatutens	Bacteroides_vulgatus	M_7dhcdchol_e	0.0	0.0	0	0.0
all	western_diet_gut_anoxic_membership	Phascolarctobacterium_succinatutens	Bacteroides_vulgatus	M_7ocholate_e	0.0	0.0	0	0.0
all	western_diet_gut_anoxic_membership	Phascolarctobacterium_succinatutens	Bacteroides_vulgatus	M_C02528_e	0.0	0.0	0	0.0
all	western_diet_gut_anoxic_membership	Phascolarctobacterium_succinatutens	Bacteroides_vulgatus	M_Ser_Thr_e	0.0	0.0	0	0.0
all	western_diet_gut_anoxic_membership	Phascolarctobacterium_succinatutens	Bacteroides_vulgatus	M_T_antigen_e	0.0	0.0	0	0.0
all	western_diet_gut_anoxic_membership	Phascolarctobacterium_succinatutens	Bacteroides_vulgatus	M_Tn_antigen_e	0.0	0.0	0	0.0
all	western_diet_gut_anoxic_membership	Phascolarctobacterium_succinatutens	Bacteroides_vulgatus	M_Tyr_ggn_e	0.0	0.0	0	0.0
all	western_diet_gut_anoxic_membership	Phascolarctobacterium_succinatutens	Bacteroides_vulgatus	M_abz_ala_b_e	0.0	0.0	0	0.0
all	western_diet_gut_anoxic_membership	Phascolarctobacterium_succinatutens	Bacteroides_vulgatus	M_acgal_e	0.0	0.0	0	0.0
all	western_diet_gut_anoxic_membership	Phascolarctobacterium_succinatutens	Bacteroides_vulgatus	M_adocbl_e	0.0	0.0	0	0.0
all	western_diet_gut_anoxic_membership	Phascolarctobacterium_succinatutens	Bacteroides_vulgatus	M_alaasp_e	0.0	0.0	0	0.0
all	western_diet_gut_anoxic_membership	Phascolarctobacterium_succinatutens	Bacteroides_vulgatus	M_alagln_e	0.0	0.0	0	0.0
all	western_diet_gut_anoxic_membership	Phascolarctobacterium_succinatutens	Bacteroides_vulgatus	M_alaglu_e	0.0	0.0	0	0.0
all	western_diet_gut_anoxic_membership	Phascolarctobacterium_succinatutens	Bacteroides_vulgatus	M_alagly_e	0.0	0.0	0	0.0
all	western_diet_gut_anoxic_membership	Phascolarctobacterium_succinatutens	Bacteroides_vulgatus	M_alahis_e	0.0	0.0	0	0.0
all	western_diet_gut_anoxic_membership	Phascolarctobacterium_succinatutens	Bacteroides_vulgatus	M_alaleu_e	0.0	0.0	0	0.0
all	western_diet_gut_anoxic_membership	Phascolarctobacterium_succinatutens	Bacteroides_vulgatus	M_alathr_e	0.0	0.0	0	0.0
all	western_diet_gut_anoxic_membership	Phascolarctobacterium_succinatutens	Bacteroides_vulgatus	M_anzp_e	0.0	0.29	0	0.0
all	western_diet_gut_anoxic_membership	Phascolarctobacterium_succinatutens	Bacteroides_vulgatus	M_arab_L_e	0.0	0.0	0	0.0
all	western_diet_gut_anoxic_membership	Phascolarctobacterium_succinatutens	Bacteroides_vulgatus	M_arabttr_e	0.0	0.0	0	0.0
all	western_diet_gut_anoxic_membership	Phascolarctobacterium_succinatutens	Bacteroides_vulgatus	M_arsenb_e	0.0	0.0	0	0.0
all	western_diet_gut_anoxic_membership	Phascolarctobacterium_succinatutens	Bacteroides_vulgatus	M_asn_L_e	0.0	1.0	0	0.0
all	western_diet_gut_anoxic_membership	Phascolarctobacterium_succinatutens	Bacteroides_vulgatus	M_btn_e	0.0	0.0	0	0.0
all	western_diet_gut_anoxic_membership	Phascolarctobacterium_succinatutens	Bacteroides_vulgatus	M_bz_e	0.0	0.0	0	0.0
all	western_diet_gut_anoxic_membership	Phascolarctobacterium_succinatutens	Bacteroides_vulgatus	M_bzam_e	0.0	0.0	0	0.0
all	western_diet_gut_anoxic_membership	Phascolarctobacterium_succinatutens	Bacteroides_vulgatus	M_bzd_e	0.0	0.0	0	0.0
all	western_diet_gut_anoxic_membership	Phascolarctobacterium_succinatutens	Bacteroides_vulgatus	M_ca2_e	0.0	1.0	0	0.0
all	western_diet_gut_anoxic_membership	Phascolarctobacterium_succinatutens	Bacteroides_vulgatus	M_cbl1_e	0.0	0.0	0	0.0
all	western_diet_gut_anoxic_membership	Phascolarctobacterium_succinatutens	Bacteroides_vulgatus	M_cbl2_e	0.0	0.0	0	0.0
all	western_diet_gut_anoxic_membership	Phascolarctobacterium_succinatutens	Bacteroides_vulgatus	M_cd2_e	0.0	0.0	0	0.0
all	western_diet_gut_anoxic_membership	Phascolarctobacterium_succinatutens	Bacteroides_vulgatus	M_cgly_e	0.0	1.0	0	0.0
all	western_diet_gut_anoxic_membership	Phascolarctobacterium_succinatutens	Bacteroides_vulgatus	M_chlphncl_e	0.0	0.0	0	0.0
all	western_diet_gut_anoxic_membership	Phascolarctobacterium_succinatutens	Bacteroides_vulgatus	M_cholate_e	0.0	0.0	0	0.0
all	western_diet_gut_anoxic_membership	Phascolarctobacterium_succinatutens	Bacteroides_vulgatus	M_cl_e	0.0	1.0	0	0.0
all	western_diet_gut_anoxic_membership	Phascolarctobacterium_succinatutens	Bacteroides_vulgatus	M_co2_e	0.0	0.09	1	0.0
all	western_diet_gut_anoxic_membership	Phascolarctobacterium_succinatutens	Bacteroides_vulgatus	M_cobalt2_e	0.0	1.0	0	0.0
all	western_diet_gut_anoxic_membership	Phascolarctobacterium_succinatutens	Bacteroides_vulgatus	M_core2_e	0.0	0.0	0	0.0
all	western_diet_gut_anoxic_membership	Phascolarctobacterium_succinatutens	Bacteroides_vulgatus	M_core3_e	0.0	0.0	0	0.0
all	western_diet_gut_anoxic_membership	Phascolarctobacterium_succinatutens	Bacteroides_vulgatus	M_core4_e	0.0	0.0	0	0.0
all	western_diet_gut_anoxic_membership	Phascolarctobacterium_succinatutens	Bacteroides_vulgatus	M_core5_e	0.0	0.0	0	0.0
all	western_diet_gut_anoxic_membership	Phascolarctobacterium_succinatutens	Bacteroides_vulgatus	M_core6_e	0.0	0.0	0	0.0
all	western_diet_gut_anoxic_membership	Phascolarctobacterium_succinatutens	Bacteroides_vulgatus	M_core7_e	0.0	0.0	0	0.0
all	western_diet_gut_anoxic_membership	Phascolarctobacterium_succinatutens	Bacteroides_vulgatus	M_core8_e	0.0	0.0	0	0.0
all	western_diet_gut_anoxic_membership	Phascolarctobacterium_succinatutens	Bacteroides_vulgatus	M_cro4_e	0.0	0.0	0	0.0
all	western_diet_gut_anoxic_membership	Phascolarctobacterium_succinatutens	Bacteroides_vulgatus	M_ctbt_e	0.0	0.0	0	0.0
all	western_diet_gut_anoxic_membership	Phascolarctobacterium_succinatutens	Bacteroides_vulgatus	M_cu2_e	0.0	1.0	0	0.0
all	western_diet_gut_anoxic_membership	Phascolarctobacterium_succinatutens	Bacteroides_vulgatus	M_czp_e	0.0	0.0	0	0.0
all	western_diet_gut_anoxic_membership	Phascolarctobacterium_succinatutens	Bacteroides_vulgatus	M_dchac_e	0.0	0.0	0	0.0
all	western_diet_gut_anoxic_membership	Phascolarctobacterium_succinatutens	Bacteroides_vulgatus	M_dextrin_e	0.0	0.0	0	0.0
all	western_diet_gut_anoxic_membership	Phascolarctobacterium_succinatutens	Bacteroides_vulgatus	M_dfdcytd_e	0.0	0.0	0	0.0
all	western_diet_gut_anoxic_membership	Phascolarctobacterium_succinatutens	Bacteroides_vulgatus	M_dfduri_e	0.0	0.0	0	0.0
all	western_diet_gut_anoxic_membership	Phascolarctobacterium_succinatutens	Bacteroides_vulgatus	M_dgsn_e	0.0	0.0	0	0.0
all	western_diet_gut_anoxic_membership	Phascolarctobacterium_succinatutens	Bacteroides_vulgatus	M_drib_e	0.0	0.55	0	0.0
all	western_diet_gut_anoxic_membership	Phascolarctobacterium_succinatutens	Bacteroides_vulgatus	M_dsT_antigen_e	0.0	0.0	0	0.0
all	western_diet_gut_anoxic_membership	Phascolarctobacterium_succinatutens	Bacteroides_vulgatus	M_f1a_e	0.0	0.0	0	0.0
all	western_diet_gut_anoxic_membership	Phascolarctobacterium_succinatutens	Bacteroides_vulgatus	M_fe2_e	0.0	1.0	0	0.0
all	western_diet_gut_anoxic_membership	Phascolarctobacterium_succinatutens	Bacteroides_vulgatus	M_fe3_e	0.0	1.0	0	0.0
all	western_diet_gut_anoxic_membership	Phascolarctobacterium_succinatutens	Bacteroides_vulgatus	M_fol_e	0.0	0.0	0	0.0
all	western_diet_gut_anoxic_membership	Phascolarctobacterium_succinatutens	Bacteroides_vulgatus	M_fru_e	0.0	0.2	0	0.0
all	western_diet_gut_anoxic_membership	Phascolarctobacterium_succinatutens	Bacteroides_vulgatus	M_galt_e	0.0	0.0	0	0.0
all	western_diet_gut_anoxic_membership	Phascolarctobacterium_succinatutens	Bacteroides_vulgatus	M_galur_e	0.0	0.0	0	0.0
all	western_diet_gut_anoxic_membership	Phascolarctobacterium_succinatutens	Bacteroides_vulgatus	M_gbbtn_e	0.0	0.0	0	0.0
all	western_diet_gut_anoxic_membership	Phascolarctobacterium_succinatutens	Bacteroides_vulgatus	M_gcald_e	0.0	0.0	1	0.0
all	western_diet_gut_anoxic_membership	Phascolarctobacterium_succinatutens	Bacteroides_vulgatus	M_glc_D_e	0.0	0.0	1	0.0
all	western_diet_gut_anoxic_membership	Phascolarctobacterium_succinatutens	Bacteroides_vulgatus	M_glcur_e	0.0	0.0	0	0.0
all	western_diet_gut_anoxic_membership	Phascolarctobacterium_succinatutens	Bacteroides_vulgatus	M_gln_L_e	0.0	0.0	0	0.0
all	western_diet_gut_anoxic_membership	Phascolarctobacterium_succinatutens	Bacteroides_vulgatus	M_glu_L_e	0.0	0.0	0	0.0
all	western_diet_gut_anoxic_membership	Phascolarctobacterium_succinatutens	Bacteroides_vulgatus	M_glyasn_e	0.0	0.0	0	0.0
all	western_diet_gut_anoxic_membership	Phascolarctobacterium_succinatutens	Bacteroides_vulgatus	M_glyasp_e	0.0	0.0	0	0.0
all	western_diet_gut_anoxic_membership	Phascolarctobacterium_succinatutens	Bacteroides_vulgatus	M_glyb_e	0.0	0.0	0	0.0
all	western_diet_gut_anoxic_membership	Phascolarctobacterium_succinatutens	Bacteroides_vulgatus	M_glyc3p_e	0.0	0.0	0	0.0
all	western_diet_gut_anoxic_membership	Phascolarctobacterium_succinatutens	Bacteroides_vulgatus	M_glycys_e	0.0	0.0	0	0.0
all	western_diet_gut_anoxic_membership	Phascolarctobacterium_succinatutens	Bacteroides_vulgatus	M_glygln_e	0.0	0.0	0	0.0
all	western_diet_gut_anoxic_membership	Phascolarctobacterium_succinatutens	Bacteroides_vulgatus	M_glyglu_e	0.0	0.0	0	0.0
all	western_diet_gut_anoxic_membership	Phascolarctobacterium_succinatutens	Bacteroides_vulgatus	M_glygn2_e	0.0	0.0	0	0.0
all	western_diet_gut_anoxic_membership	Phascolarctobacterium_succinatutens	Bacteroides_vulgatus	M_glygn4_e	0.0	0.0	0	0.0
all	western_diet_gut_anoxic_membership	Phascolarctobacterium_succinatutens	Bacteroides_vulgatus	M_glygn5_e	0.0	0.0	0	0.0
all	western_diet_gut_anoxic_membership	Phascolarctobacterium_succinatutens	Bacteroides_vulgatus	M_glyleu_e	0.0	0.64	0	0.0
all	western_diet_gut_anoxic_membership	Phascolarctobacterium_succinatutens	Bacteroides_vulgatus	M_glymet_e	0.0	0.0	0	0.0
all	western_diet_gut_anoxic_membership	Phascolarctobacterium_succinatutens	Bacteroides_vulgatus	M_glyphe_e	0.0	0.0	0	0.0
all	western_diet_gut_anoxic_membership	Phascolarctobacterium_succinatutens	Bacteroides_vulgatus	M_glypro_e	0.0	0.0	0	0.0
all	western_diet_gut_anoxic_membership	Phascolarctobacterium_succinatutens	Bacteroides_vulgatus	M_glytyr_e	0.0	0.0	0	0.0
all	western_diet_gut_anoxic_membership	Phascolarctobacterium_succinatutens	Bacteroides_vulgatus	M_gncore1_e	0.0	0.0	0	0.0
all	western_diet_gut_anoxic_membership	Phascolarctobacterium_succinatutens	Bacteroides_vulgatus	M_gncore2_e	0.0	0.0	0	0.0
all	western_diet_gut_anoxic_membership	Phascolarctobacterium_succinatutens	Bacteroides_vulgatus	M_h2o_e	0.0	0.0	0	0.0
all	western_diet_gut_anoxic_membership	Phascolarctobacterium_succinatutens	Bacteroides_vulgatus	M_h_e	0.0	0.2	0	0.0
all	western_diet_gut_anoxic_membership	Phascolarctobacterium_succinatutens	Bacteroides_vulgatus	M_hg2_e	0.0	0.0	0	0.0
all	western_diet_gut_anoxic_membership	Phascolarctobacterium_succinatutens	Bacteroides_vulgatus	M_his_L_e	0.0	0.49	0	0.0
all	western_diet_gut_anoxic_membership	Phascolarctobacterium_succinatutens	Bacteroides_vulgatus	M_hxan_e	0.0	1.0	0	0.0
all	western_diet_gut_anoxic_membership	Phascolarctobacterium_succinatutens	Bacteroides_vulgatus	M_ile_L_e	0.0	1.0	0	0.0
all	western_diet_gut_anoxic_membership	Phascolarctobacterium_succinatutens	Bacteroides_vulgatus	M_isobut_e	0.0	0.0	1	0.0
all	western_diet_gut_anoxic_membership	Phascolarctobacterium_succinatutens	Bacteroides_vulgatus	M_isocapr_e	0.0	0.0	1	0.0
all	western_diet_gut_anoxic_membership	Phascolarctobacterium_succinatutens	Bacteroides_vulgatus	M_isoval_e	0.0	0.0	1	0.0
all	western_diet_gut_anoxic_membership	Phascolarctobacterium_succinatutens	Bacteroides_vulgatus	M_k_e	0.0	1.0	0	0.0
all	western_diet_gut_anoxic_membership	Phascolarctobacterium_succinatutens	Bacteroides_vulgatus	M_kesto_e	0.0	0.0	0	0.0
all	western_diet_gut_anoxic_membership	Phascolarctobacterium_succinatutens	Bacteroides_vulgatus	M_kestottr_e	0.0	0.0	0	0.0
all	western_diet_gut_anoxic_membership	Phascolarctobacterium_succinatutens	Bacteroides_vulgatus	M_lac_D_e	0.0	0.0	1	0.0
all	western_diet_gut_anoxic_membership	Phascolarctobacterium_succinatutens	Bacteroides_vulgatus	M_lac_L_e	0.0	0.0	1	0.0
all	western_diet_gut_anoxic_membership	Phascolarctobacterium_succinatutens	Bacteroides_vulgatus	M_leu_L_e	0.0	0.36	0	0.0
all	western_diet_gut_anoxic_membership	Phascolarctobacterium_succinatutens	Bacteroides_vulgatus	M_lys_L_e	0.0	1.0	0	0.0
all	western_diet_gut_anoxic_membership	Phascolarctobacterium_succinatutens	Bacteroides_vulgatus	M_malt_e	0.0	0.0	0	0.0
all	western_diet_gut_anoxic_membership	Phascolarctobacterium_succinatutens	Bacteroides_vulgatus	M_malthx_e	0.0	0.0	0	0.0
all	western_diet_gut_anoxic_membership	Phascolarctobacterium_succinatutens	Bacteroides_vulgatus	M_malttr_e	0.0	0.0	1	0.0
all	western_diet_gut_anoxic_membership	Phascolarctobacterium_succinatutens	Bacteroides_vulgatus	M_mantr_e	0.0	0.0	0	0.0
all	western_diet_gut_anoxic_membership	Phascolarctobacterium_succinatutens	Bacteroides_vulgatus	M_met_D_e	0.0	0.0	0	0.0
all	western_diet_gut_anoxic_membership	Phascolarctobacterium_succinatutens	Bacteroides_vulgatus	M_met_L_e	0.0	0.36	0	0.0
all	western_diet_gut_anoxic_membership	Phascolarctobacterium_succinatutens	Bacteroides_vulgatus	M_metala_e	0.0	0.0	0	0.0
all	western_diet_gut_anoxic_membership	Phascolarctobacterium_succinatutens	Bacteroides_vulgatus	M_metsox_S_L_e	0.0	0.34	0	0.0
all	western_diet_gut_anoxic_membership	Phascolarctobacterium_succinatutens	Bacteroides_vulgatus	M_mg2_e	0.0	1.0	0	0.0
all	western_diet_gut_anoxic_membership	Phascolarctobacterium_succinatutens	Bacteroides_vulgatus	M_mn2_e	0.0	1.0	0	0.0
all	western_diet_gut_anoxic_membership	Phascolarctobacterium_succinatutens	Bacteroides_vulgatus	M_na1_e	0.0	0.4	0	0.0
all	western_diet_gut_anoxic_membership	Phascolarctobacterium_succinatutens	Bacteroides_vulgatus	M_nac_e	0.0	1.0	0	0.0
all	western_diet_gut_anoxic_membership	Phascolarctobacterium_succinatutens	Bacteroides_vulgatus	M_nchlphncl_e	0.0	0.27	0	0.0
all	western_diet_gut_anoxic_membership	Phascolarctobacterium_succinatutens	Bacteroides_vulgatus	M_neopront_e	0.0	0.0	0	0.0
all	western_diet_gut_anoxic_membership	Phascolarctobacterium_succinatutens	Bacteroides_vulgatus	M_nh4_e	0.0	0.8	1	0.0
all	western_diet_gut_anoxic_membership	Phascolarctobacterium_succinatutens	Bacteroides_vulgatus	M_nzp_e	0.0	0.0	0	0.0
all	western_diet_gut_anoxic_membership	Phascolarctobacterium_succinatutens	Bacteroides_vulgatus	M_o2_e	0.0	0.0	0	0.0
all	western_diet_gut_anoxic_membership	Phascolarctobacterium_succinatutens	Bacteroides_vulgatus	M_olsa_e	0.0	0.0	0	0.0
all	western_diet_gut_anoxic_membership	Phascolarctobacterium_succinatutens	Bacteroides_vulgatus	M_pb_e	0.0	0.0	0	0.0
all	western_diet_gut_anoxic_membership	Phascolarctobacterium_succinatutens	Bacteroides_vulgatus	M_pcresol_e	0.0	0.0	0	0.0
all	western_diet_gut_anoxic_membership	Phascolarctobacterium_succinatutens	Bacteroides_vulgatus	M_phe_L_e	0.0	0.0	0	0.0
all	western_diet_gut_anoxic_membership	Phascolarctobacterium_succinatutens	Bacteroides_vulgatus	M_pi_e	0.0	1.0	0	0.0
all	western_diet_gut_anoxic_membership	Phascolarctobacterium_succinatutens	Bacteroides_vulgatus	M_pime_e	0.0	0.0	0	0.0
all	western_diet_gut_anoxic_membership	Phascolarctobacterium_succinatutens	Bacteroides_vulgatus	M_pnto_R_e	0.0	0.27	0	0.0
all	western_diet_gut_anoxic_membership	Phascolarctobacterium_succinatutens	Bacteroides_vulgatus	M_ppa_e	0.0	0.0	1	0.0
all	western_diet_gut_anoxic_membership	Phascolarctobacterium_succinatutens	Bacteroides_vulgatus	M_ppi_e	0.0	0.0	1	0.0
all	western_diet_gut_anoxic_membership	Phascolarctobacterium_succinatutens	Bacteroides_vulgatus	M_pro_L_e	0.0	0.14	0	0.0
all	western_diet_gut_anoxic_membership	Phascolarctobacterium_succinatutens	Bacteroides_vulgatus	M_pront_e	0.0	0.0	0	0.0
all	western_diet_gut_anoxic_membership	Phascolarctobacterium_succinatutens	Bacteroides_vulgatus	M_ptrc_e	0.0	0.0	0	0.0
all	western_diet_gut_anoxic_membership	Phascolarctobacterium_succinatutens	Bacteroides_vulgatus	M_pydxn_e	0.0	0.0	0	0.0
all	western_diet_gut_anoxic_membership	Phascolarctobacterium_succinatutens	Bacteroides_vulgatus	M_pyr_e	0.0	0.0	1	0.0
all	western_diet_gut_anoxic_membership	Phascolarctobacterium_succinatutens	Bacteroides_vulgatus	M_q8_e	0.0	0.0	0	0.0
all	western_diet_gut_anoxic_membership	Phascolarctobacterium_succinatutens	Bacteroides_vulgatus	M_rib_D_e	0.0	0.2	0	0.0
all	western_diet_gut_anoxic_membership	Phascolarctobacterium_succinatutens	Bacteroides_vulgatus	M_sT_antigen_e	0.0	0.0	0	0.0
all	western_diet_gut_anoxic_membership	Phascolarctobacterium_succinatutens	Bacteroides_vulgatus	M_sTn_antigen_e	0.0	0.0	0	0.0
all	western_diet_gut_anoxic_membership	Phascolarctobacterium_succinatutens	Bacteroides_vulgatus	M_sanilamide_e	0.0	0.0	0	0.0
all	western_diet_gut_anoxic_membership	Phascolarctobacterium_succinatutens	Bacteroides_vulgatus	M_ser_L_e	0.0	1.0	0	0.0
all	western_diet_gut_anoxic_membership	Phascolarctobacterium_succinatutens	Bacteroides_vulgatus	M_sheme_e	0.0	0.0	0	0.0
all	western_diet_gut_anoxic_membership	Phascolarctobacterium_succinatutens	Bacteroides_vulgatus	M_so4_e	0.0	1.0	0	0.0
all	western_diet_gut_anoxic_membership	Phascolarctobacterium_succinatutens	Bacteroides_vulgatus	M_spmd_e	0.0	0.0	0	0.0
all	western_diet_gut_anoxic_membership	Phascolarctobacterium_succinatutens	Bacteroides_vulgatus	M_ssz_e	0.0	0.0	0	0.0
all	western_diet_gut_anoxic_membership	Phascolarctobacterium_succinatutens	Bacteroides_vulgatus	M_stys_e	0.0	0.0	0	0.0
all	western_diet_gut_anoxic_membership	Phascolarctobacterium_succinatutens	Bacteroides_vulgatus	M_succ_e	0.0	1.0	0	0.0
all	western_diet_gut_anoxic_membership	Phascolarctobacterium_succinatutens	Bacteroides_vulgatus	M_sulfp_e	0.0	0.0	0	0.0
all	western_diet_gut_anoxic_membership	Phascolarctobacterium_succinatutens	Bacteroides_vulgatus	M_tab_e	0.0	0.0	0	0.0
all	western_diet_gut_anoxic_membership	Phascolarctobacterium_succinatutens	Bacteroides_vulgatus	M_thymd_e	0.0	0.0	0	0.0
all	western_diet_gut_anoxic_membership	Phascolarctobacterium_succinatutens	Bacteroides_vulgatus	M_tsul_e	0.0	0.0	0	0.0
all	western_diet_gut_anoxic_membership	Phascolarctobacterium_succinatutens	Bacteroides_vulgatus	M_ttdca_e	0.0	1.0	0	0.0
all	western_diet_gut_anoxic_membership	Phascolarctobacterium_succinatutens	Bacteroides_vulgatus	M_ura_e	0.0	0.14	0	0.0
all	western_diet_gut_anoxic_membership	Phascolarctobacterium_succinatutens	Bacteroides_vulgatus	M_urea_e	0.0	0.0	0	0.0
all	western_diet_gut_anoxic_membership	Phascolarctobacterium_succinatutens	Bacteroides_vulgatus	M_val_L_e	0.0	0.06	0	0.0
all	western_diet_gut_anoxic_membership	Phascolarctobacterium_succinatutens	Bacteroides_vulgatus	M_xtsn_e	0.0	0.0	1	0.0
all	western_diet_gut_anoxic_membership	Phascolarctobacterium_succinatutens	Bacteroides_vulgatus	M_xylottr_e	0.0	0.0	0	0.0
all	western_diet_gut_anoxic_membership	Phascolarctobacterium_succinatutens	Bacteroides_vulgatus	M_zn2_e	0.0	1.0	0	0.0
all	western_diet_gut_anoxic_membership	Phascolarctobacterium_succinatutens	Eubacterium_rectale	M_4abut_e	0.0	0.0	1	0.0
all	western_diet_gut_anoxic_membership	Phascolarctobacterium_succinatutens	Eubacterium_rectale	M_7a_czp_e	0.0	0.29	0	0.0
all	western_diet_gut_anoxic_membership	Phascolarctobacterium_succinatutens	Eubacterium_rectale	M_acald_e	0.0	0.0	0	0.0
all	western_diet_gut_anoxic_membership	Phascolarctobacterium_succinatutens	Eubacterium_rectale	M_adocbl_e	0.0	0.0	0	0.0
all	western_diet_gut_anoxic_membership	Phascolarctobacterium_succinatutens	Eubacterium_rectale	M_alaasp_e	0.0	0.0	0	0.0
all	western_diet_gut_anoxic_membership	Phascolarctobacterium_succinatutens	Eubacterium_rectale	M_alagln_e	0.0	0.0	0	0.0
all	western_diet_gut_anoxic_membership	Phascolarctobacterium_succinatutens	Eubacterium_rectale	M_alaglu_e	0.0	0.0	0	0.0
all	western_diet_gut_anoxic_membership	Phascolarctobacterium_succinatutens	Eubacterium_rectale	M_alagly_e	0.0	0.0	0	0.0
all	western_diet_gut_anoxic_membership	Phascolarctobacterium_succinatutens	Eubacterium_rectale	M_alahis_e	0.0	0.0	0	0.0
all	western_diet_gut_anoxic_membership	Phascolarctobacterium_succinatutens	Eubacterium_rectale	M_alaleu_e	0.0	0.0	0	0.0
all	western_diet_gut_anoxic_membership	Phascolarctobacterium_succinatutens	Eubacterium_rectale	M_alathr_e	0.0	0.0	0	0.0
all	western_diet_gut_anoxic_membership	Phascolarctobacterium_succinatutens	Eubacterium_rectale	M_anzp_e	0.0	0.29	0	0.0
all	western_diet_gut_anoxic_membership	Phascolarctobacterium_succinatutens	Eubacterium_rectale	M_arab_L_e	0.0	0.0	0	0.0
all	western_diet_gut_anoxic_membership	Phascolarctobacterium_succinatutens	Eubacterium_rectale	M_arabttr_e	0.0	0.0	0	0.0
all	western_diet_gut_anoxic_membership	Phascolarctobacterium_succinatutens	Eubacterium_rectale	M_arbt_e	0.0	0.0	0	0.0
all	western_diet_gut_anoxic_membership	Phascolarctobacterium_succinatutens	Eubacterium_rectale	M_arsenb_e	0.0	0.0	0	0.0
all	western_diet_gut_anoxic_membership	Phascolarctobacterium_succinatutens	Eubacterium_rectale	M_asn_L_e	0.0	1.0	0	0.0
all	western_diet_gut_anoxic_membership	Phascolarctobacterium_succinatutens	Eubacterium_rectale	M_btn_e	0.0	0.0	0	0.0
all	western_diet_gut_anoxic_membership	Phascolarctobacterium_succinatutens	Eubacterium_rectale	M_but_e	0.0	0.0	1	0.0
all	western_diet_gut_anoxic_membership	Phascolarctobacterium_succinatutens	Eubacterium_rectale	M_ca2_e	0.0	1.0	0	0.0
all	western_diet_gut_anoxic_membership	Phascolarctobacterium_succinatutens	Eubacterium_rectale	M_cbl1_e	0.0	0.0	0	0.0
all	western_diet_gut_anoxic_membership	Phascolarctobacterium_succinatutens	Eubacterium_rectale	M_cbl2_e	0.0	0.0	0	0.0
all	western_diet_gut_anoxic_membership	Phascolarctobacterium_succinatutens	Eubacterium_rectale	M_cd2_e	0.0	0.0	0	0.0
all	western_diet_gut_anoxic_membership	Phascolarctobacterium_succinatutens	Eubacterium_rectale	M_cgly_e	0.0	1.0	0	0.0
all	western_diet_gut_anoxic_membership	Phascolarctobacterium_succinatutens	Eubacterium_rectale	M_chlphncl_e	0.0	0.0	0	0.0
all	western_diet_gut_anoxic_membership	Phascolarctobacterium_succinatutens	Eubacterium_rectale	M_cl_e	0.0	1.0	0	0.0
all	western_diet_gut_anoxic_membership	Phascolarctobacterium_succinatutens	Eubacterium_rectale	M_co2_e	0.0	0.09	1	0.0
all	western_diet_gut_anoxic_membership	Phascolarctobacterium_succinatutens	Eubacterium_rectale	M_cobalt2_e	0.0	1.0	0	0.0
all	western_diet_gut_anoxic_membership	Phascolarctobacterium_succinatutens	Eubacterium_rectale	M_cro4_e	0.0	0.0	0	0.0
all	western_diet_gut_anoxic_membership	Phascolarctobacterium_succinatutens	Eubacterium_rectale	M_ctbt_e	0.0	0.0	0	0.0
all	western_diet_gut_anoxic_membership	Phascolarctobacterium_succinatutens	Eubacterium_rectale	M_cu2_e	0.0	1.0	0	0.0
all	western_diet_gut_anoxic_membership	Phascolarctobacterium_succinatutens	Eubacterium_rectale	M_czp_e	0.0	0.0	0	0.0
all	western_diet_gut_anoxic_membership	Phascolarctobacterium_succinatutens	Eubacterium_rectale	M_dfdcytd_e	0.0	0.0	0	0.0
all	western_diet_gut_anoxic_membership	Phascolarctobacterium_succinatutens	Eubacterium_rectale	M_dfduri_e	0.0	0.0	0	0.0
all	western_diet_gut_anoxic_membership	Phascolarctobacterium_succinatutens	Eubacterium_rectale	M_dgsn_e	0.0	0.0	0	0.0
all	western_diet_gut_anoxic_membership	Phascolarctobacterium_succinatutens	Eubacterium_rectale	M_drib_e	0.0	0.55	0	0.0
all	western_diet_gut_anoxic_membership	Phascolarctobacterium_succinatutens	Eubacterium_rectale	M_fe2_e	0.0	1.0	0	0.0
all	western_diet_gut_anoxic_membership	Phascolarctobacterium_succinatutens	Eubacterium_rectale	M_fe3_e	0.0	1.0	0	0.0
all	western_diet_gut_anoxic_membership	Phascolarctobacterium_succinatutens	Eubacterium_rectale	M_fol_e	0.0	0.0	0	0.0
all	western_diet_gut_anoxic_membership	Phascolarctobacterium_succinatutens	Eubacterium_rectale	M_fru_e	0.0	0.2	0	0.0
all	western_diet_gut_anoxic_membership	Phascolarctobacterium_succinatutens	Eubacterium_rectale	M_galt_e	0.0	0.0	0	0.0
all	western_diet_gut_anoxic_membership	Phascolarctobacterium_succinatutens	Eubacterium_rectale	M_gbbtn_e	0.0	0.0	0	0.0
all	western_diet_gut_anoxic_membership	Phascolarctobacterium_succinatutens	Eubacterium_rectale	M_glc_D_e	0.0	0.0	1	0.0
all	western_diet_gut_anoxic_membership	Phascolarctobacterium_succinatutens	Eubacterium_rectale	M_gln_L_e	0.0	0.0	0	0.0
all	western_diet_gut_anoxic_membership	Phascolarctobacterium_succinatutens	Eubacterium_rectale	M_glu_L_e	0.0	0.0	0	0.0
all	western_diet_gut_anoxic_membership	Phascolarctobacterium_succinatutens	Eubacterium_rectale	M_glyasn_e	0.0	0.0	0	0.0
all	western_diet_gut_anoxic_membership	Phascolarctobacterium_succinatutens	Eubacterium_rectale	M_glyasp_e	0.0	0.0	0	0.0
all	western_diet_gut_anoxic_membership	Phascolarctobacterium_succinatutens	Eubacterium_rectale	M_glyb_e	0.0	0.0	0	0.0
all	western_diet_gut_anoxic_membership	Phascolarctobacterium_succinatutens	Eubacterium_rectale	M_glyc3p_e	0.0	0.0	0	0.0
all	western_diet_gut_anoxic_membership	Phascolarctobacterium_succinatutens	Eubacterium_rectale	M_glycys_e	0.0	0.0	0	0.0
all	western_diet_gut_anoxic_membership	Phascolarctobacterium_succinatutens	Eubacterium_rectale	M_glygln_e	0.0	0.0	0	0.0
all	western_diet_gut_anoxic_membership	Phascolarctobacterium_succinatutens	Eubacterium_rectale	M_glyglu_e	0.0	0.0	0	0.0
all	western_diet_gut_anoxic_membership	Phascolarctobacterium_succinatutens	Eubacterium_rectale	M_glyleu_e	0.0	0.64	0	0.0
all	western_diet_gut_anoxic_membership	Phascolarctobacterium_succinatutens	Eubacterium_rectale	M_glymet_e	0.0	0.0	0	0.0
all	western_diet_gut_anoxic_membership	Phascolarctobacterium_succinatutens	Eubacterium_rectale	M_glyphe_e	0.0	0.0	0	0.0
all	western_diet_gut_anoxic_membership	Phascolarctobacterium_succinatutens	Eubacterium_rectale	M_glypro_e	0.0	0.0	0	0.0
all	western_diet_gut_anoxic_membership	Phascolarctobacterium_succinatutens	Eubacterium_rectale	M_glytyr_e	0.0	0.0	0	0.0
all	western_diet_gut_anoxic_membership	Phascolarctobacterium_succinatutens	Eubacterium_rectale	M_h2o_e	0.0	0.0	0	0.0
all	western_diet_gut_anoxic_membership	Phascolarctobacterium_succinatutens	Eubacterium_rectale	M_h_e	0.0	0.2	0	0.0
all	western_diet_gut_anoxic_membership	Phascolarctobacterium_succinatutens	Eubacterium_rectale	M_hg2_e	0.0	0.0	0	0.0
all	western_diet_gut_anoxic_membership	Phascolarctobacterium_succinatutens	Eubacterium_rectale	M_his_L_e	0.0	0.49	0	0.0
all	western_diet_gut_anoxic_membership	Phascolarctobacterium_succinatutens	Eubacterium_rectale	M_hxan_e	0.0	1.0	0	0.0
all	western_diet_gut_anoxic_membership	Phascolarctobacterium_succinatutens	Eubacterium_rectale	M_ile_L_e	0.0	1.0	0	0.0
all	western_diet_gut_anoxic_membership	Phascolarctobacterium_succinatutens	Eubacterium_rectale	M_k_e	0.0	1.0	0	0.0
all	western_diet_gut_anoxic_membership	Phascolarctobacterium_succinatutens	Eubacterium_rectale	M_lac_D_e	0.0	0.0	1	0.0
all	western_diet_gut_anoxic_membership	Phascolarctobacterium_succinatutens	Eubacterium_rectale	M_lac_L_e	0.0	0.0	1	0.0
all	western_diet_gut_anoxic_membership	Phascolarctobacterium_succinatutens	Eubacterium_rectale	M_leu_L_e	0.0	0.36	0	0.0
all	western_diet_gut_anoxic_membership	Phascolarctobacterium_succinatutens	Eubacterium_rectale	M_lys_L_e	0.0	1.0	0	0.0
all	western_diet_gut_anoxic_membership	Phascolarctobacterium_succinatutens	Eubacterium_rectale	M_malt_e	0.0	0.0	0	0.0
all	western_diet_gut_anoxic_membership	Phascolarctobacterium_succinatutens	Eubacterium_rectale	M_malthx_e	0.0	0.0	0	0.0
all	western_diet_gut_anoxic_membership	Phascolarctobacterium_succinatutens	Eubacterium_rectale	M_malttr_e	0.0	0.0	1	0.0
all	western_diet_gut_anoxic_membership	Phascolarctobacterium_succinatutens	Eubacterium_rectale	M_mantr_e	0.0	0.0	0	0.0
all	western_diet_gut_anoxic_membership	Phascolarctobacterium_succinatutens	Eubacterium_rectale	M_met_D_e	0.0	0.0	0	0.0
all	western_diet_gut_anoxic_membership	Phascolarctobacterium_succinatutens	Eubacterium_rectale	M_met_L_e	0.0	0.36	0	0.0
all	western_diet_gut_anoxic_membership	Phascolarctobacterium_succinatutens	Eubacterium_rectale	M_metala_e	0.0	0.0	0	0.0
all	western_diet_gut_anoxic_membership	Phascolarctobacterium_succinatutens	Eubacterium_rectale	M_metsox_S_L_e	0.0	0.34	0	0.0
all	western_diet_gut_anoxic_membership	Phascolarctobacterium_succinatutens	Eubacterium_rectale	M_mg2_e	0.0	1.0	0	0.0
all	western_diet_gut_anoxic_membership	Phascolarctobacterium_succinatutens	Eubacterium_rectale	M_mn2_e	0.0	1.0	0	0.0
all	western_diet_gut_anoxic_membership	Phascolarctobacterium_succinatutens	Eubacterium_rectale	M_na1_e	0.0	0.4	0	0.0
all	western_diet_gut_anoxic_membership	Phascolarctobacterium_succinatutens	Eubacterium_rectale	M_nac_e	0.0	1.0	0	0.0
all	western_diet_gut_anoxic_membership	Phascolarctobacterium_succinatutens	Eubacterium_rectale	M_nchlphncl_e	0.0	0.27	0	0.0
all	western_diet_gut_anoxic_membership	Phascolarctobacterium_succinatutens	Eubacterium_rectale	M_nh4_e	0.0	0.8	1	0.0
all	western_diet_gut_anoxic_membership	Phascolarctobacterium_succinatutens	Eubacterium_rectale	M_nzp_e	0.0	0.0	0	0.0
all	western_diet_gut_anoxic_membership	Phascolarctobacterium_succinatutens	Eubacterium_rectale	M_o2_e	0.0	0.0	0	0.0
all	western_diet_gut_anoxic_membership	Phascolarctobacterium_succinatutens	Eubacterium_rectale	M_pb_e	0.0	0.0	0	0.0
all	western_diet_gut_anoxic_membership	Phascolarctobacterium_succinatutens	Eubacterium_rectale	M_pcresol_e	0.0	0.0	0	0.0
all	western_diet_gut_anoxic_membership	Phascolarctobacterium_succinatutens	Eubacterium_rectale	M_phe_L_e	0.0	0.0	0	0.0
all	western_diet_gut_anoxic_membership	Phascolarctobacterium_succinatutens	Eubacterium_rectale	M_pi_e	0.0	1.0	0	0.0
all	western_diet_gut_anoxic_membership	Phascolarctobacterium_succinatutens	Eubacterium_rectale	M_pime_e	0.0	0.0	0	0.0
all	western_diet_gut_anoxic_membership	Phascolarctobacterium_succinatutens	Eubacterium_rectale	M_pnto_R_e	0.0	0.27	0	0.0
all	western_diet_gut_anoxic_membership	Phascolarctobacterium_succinatutens	Eubacterium_rectale	M_ppa_e	0.0	0.0	0	0.0
all	western_diet_gut_anoxic_membership	Phascolarctobacterium_succinatutens	Eubacterium_rectale	M_pro_L_e	0.0	0.14	0	0.0
all	western_diet_gut_anoxic_membership	Phascolarctobacterium_succinatutens	Eubacterium_rectale	M_ptrc_e	0.0	0.0	0	0.0
all	western_diet_gut_anoxic_membership	Phascolarctobacterium_succinatutens	Eubacterium_rectale	M_pydxn_e	0.0	0.0	0	0.0
all	western_diet_gut_anoxic_membership	Phascolarctobacterium_succinatutens	Eubacterium_rectale	M_q8_e	0.0	0.0	0	0.0
all	western_diet_gut_anoxic_membership	Phascolarctobacterium_succinatutens	Eubacterium_rectale	M_rib_D_e	0.0	0.2	0	0.0
all	western_diet_gut_anoxic_membership	Phascolarctobacterium_succinatutens	Eubacterium_rectale	M_salcn_e	0.0	0.0	0	0.0
all	western_diet_gut_anoxic_membership	Phascolarctobacterium_succinatutens	Eubacterium_rectale	M_ser_L_e	0.0	1.0	0	0.0
all	western_diet_gut_anoxic_membership	Phascolarctobacterium_succinatutens	Eubacterium_rectale	M_sheme_e	0.0	0.0	0	0.0
all	western_diet_gut_anoxic_membership	Phascolarctobacterium_succinatutens	Eubacterium_rectale	M_so4_e	0.0	1.0	0	0.0
all	western_diet_gut_anoxic_membership	Phascolarctobacterium_succinatutens	Eubacterium_rectale	M_spmd_e	0.0	0.0	0	0.0
all	western_diet_gut_anoxic_membership	Phascolarctobacterium_succinatutens	Eubacterium_rectale	M_strch2_e	0.0	0.0	1	0.0
all	western_diet_gut_anoxic_membership	Phascolarctobacterium_succinatutens	Eubacterium_rectale	M_stys_e	0.0	0.0	0	0.0
all	western_diet_gut_anoxic_membership	Phascolarctobacterium_succinatutens	Eubacterium_rectale	M_succ_e	0.0	1.0	0	0.0
all	western_diet_gut_anoxic_membership	Phascolarctobacterium_succinatutens	Eubacterium_rectale	M_thymd_e	0.0	0.0	0	0.0
all	western_diet_gut_anoxic_membership	Phascolarctobacterium_succinatutens	Eubacterium_rectale	M_tsul_e	0.0	0.0	0	0.0
all	western_diet_gut_anoxic_membership	Phascolarctobacterium_succinatutens	Eubacterium_rectale	M_ttdca_e	0.0	1.0	0	0.0
all	western_diet_gut_anoxic_membership	Phascolarctobacterium_succinatutens	Eubacterium_rectale	M_ura_e	0.0	0.14	0	0.0
all	western_diet_gut_anoxic_membership	Phascolarctobacterium_succinatutens	Eubacterium_rectale	M_val_L_e	0.0	0.06	0	0.0
all	western_diet_gut_anoxic_membership	Phascolarctobacterium_succinatutens	Eubacterium_rectale	M_xylottr_e	0.0	0.0	0	0.0
all	western_diet_gut_anoxic_membership	Phascolarctobacterium_succinatutens	Eubacterium_rectale	M_zn2_e	0.0	1.0	0	0.0
all	western_diet_gut_anoxic_membership	Acidaminococcus_intestini	Prevotella_copri	M_12ppd_S_e	0.0	0.0	1	0.0
all	western_diet_gut_anoxic_membership	Acidaminococcus_intestini	Prevotella_copri	M_1hibup_S_e	0.0	0.0	0	0.0
all	western_diet_gut_anoxic_membership	Acidaminococcus_intestini	Prevotella_copri	M_1hibupglu_S_e	0.0	0.0	0	0.0
all	western_diet_gut_anoxic_membership	Acidaminococcus_intestini	Prevotella_copri	M_1hmdgluc_e	0.0	0.0	0	0.0
all	western_diet_gut_anoxic_membership	Acidaminococcus_intestini	Prevotella_copri	M_1ohmdz_e	0.0	0.0	0	0.0
all	western_diet_gut_anoxic_membership	Acidaminococcus_intestini	Prevotella_copri	M_2hatvacid_e	0.0	0.0	0	0.0
all	western_diet_gut_anoxic_membership	Acidaminococcus_intestini	Prevotella_copri	M_2hatvacidgluc_e	0.0	0.0	0	0.0
all	western_diet_gut_anoxic_membership	Acidaminococcus_intestini	Prevotella_copri	M_2hatvlac_e	0.0	0.0	0	0.0
all	western_diet_gut_anoxic_membership	Acidaminococcus_intestini	Prevotella_copri	M_2hatvlacgluc_e	0.0	0.0	0	0.0
all	western_diet_gut_anoxic_membership	Acidaminococcus_intestini	Prevotella_copri	M_2hibup_S_e	0.0	0.0	0	0.0
all	western_diet_gut_anoxic_membership	Acidaminococcus_intestini	Prevotella_copri	M_2hibupglu_S_e	0.0	0.0	0	0.0
all	western_diet_gut_anoxic_membership	Acidaminococcus_intestini	Prevotella_copri	M_2oh_cbz_e	0.0	0.0	0	0.0
all	western_diet_gut_anoxic_membership	Acidaminococcus_intestini	Prevotella_copri	M_2oh_cbz_glc_e	0.0	0.0	0	0.0
all	western_diet_gut_anoxic_membership	Acidaminococcus_intestini	Prevotella_copri	M_2oh_mtz_e	0.0	0.0	0	0.0
all	western_diet_gut_anoxic_membership	Acidaminococcus_intestini	Prevotella_copri	M_2oh_mtz_glc_e	0.0	0.0	0	0.0
all	western_diet_gut_anoxic_membership	Acidaminococcus_intestini	Prevotella_copri	M_3hibup_S_e	0.0	0.0	0	0.0
all	western_diet_gut_anoxic_membership	Acidaminococcus_intestini	Prevotella_copri	M_3hibupglu_S_e	0.0	0.0	0	0.0
all	western_diet_gut_anoxic_membership	Acidaminococcus_intestini	Prevotella_copri	M_3meacmp_e	0.0	0.0	0	0.0
all	western_diet_gut_anoxic_membership	Acidaminococcus_intestini	Prevotella_copri	M_3oh_cbz_e	0.0	0.0	0	0.0
all	western_diet_gut_anoxic_membership	Acidaminococcus_intestini	Prevotella_copri	M_3oh_cbz_glc_e	0.0	0.0	0	0.0
all	western_diet_gut_anoxic_membership	Acidaminococcus_intestini	Prevotella_copri	M_3oh_dlor_e	0.0	0.0	0	0.0
all	western_diet_gut_anoxic_membership	Acidaminococcus_intestini	Prevotella_copri	M_3oh_dlor_glc_e	0.0	0.0	0	0.0
all	western_diet_gut_anoxic_membership	Acidaminococcus_intestini	Prevotella_copri	M_3oh_mdea_e	0.0	0.0	0	0.0
all	western_diet_gut_anoxic_membership	Acidaminococcus_intestini	Prevotella_copri	M_3oh_mdea_glc_e	0.0	0.0	0	0.0
all	western_diet_gut_anoxic_membership	Acidaminococcus_intestini	Prevotella_copri	M_3oh_mxn_e	0.0	0.0	0	0.0
all	western_diet_gut_anoxic_membership	Acidaminococcus_intestini	Prevotella_copri	M_3oh_mxn_glc_e	0.0	0.0	0	0.0
all	western_diet_gut_anoxic_membership	Acidaminococcus_intestini	Prevotella_copri	M_4abz_e	0.0	1.0	0	0.0
all	western_diet_gut_anoxic_membership	Acidaminococcus_intestini	Prevotella_copri	M_4ahmmp_e	0.0	0.0	0	0.0
all	western_diet_gut_anoxic_membership	Acidaminococcus_intestini	Prevotella_copri	M_4dh_tpno_1glc_e	0.0	0.0	0	0.0
all	western_diet_gut_anoxic_membership	Acidaminococcus_intestini	Prevotella_copri	M_4dh_tpno_e	0.0	0.0	0	0.0
all	western_diet_gut_anoxic_membership	Acidaminococcus_intestini	Prevotella_copri	M_4hmdgluc_e	0.0	0.0	0	0.0
all	western_diet_gut_anoxic_membership	Acidaminococcus_intestini	Prevotella_copri	M_4oh_dcf_e	0.0	0.0	0	0.0
all	western_diet_gut_anoxic_membership	Acidaminococcus_intestini	Prevotella_copri	M_4oh_dcf_glc_e	0.0	0.0	0	0.0
all	western_diet_gut_anoxic_membership	Acidaminococcus_intestini	Prevotella_copri	M_4oh_kp_e	0.0	0.0	0	0.0
all	western_diet_gut_anoxic_membership	Acidaminococcus_intestini	Prevotella_copri	M_4oh_kp_glc_e	0.0	0.0	0	0.0
all	western_diet_gut_anoxic_membership	Acidaminococcus_intestini	Prevotella_copri	M_4oh_levole_e	0.0	0.0	0	0.0
all	western_diet_gut_anoxic_membership	Acidaminococcus_intestini	Prevotella_copri	M_4oh_levole_glc_e	0.0	0.0	0	0.0
all	western_diet_gut_anoxic_membership	Acidaminococcus_intestini	Prevotella_copri	M_4oh_meth_e	0.0	0.0	0	0.0
all	western_diet_gut_anoxic_membership	Acidaminococcus_intestini	Prevotella_copri	M_4oh_meth_glc_e	0.0	0.0	0	0.0
all	western_diet_gut_anoxic_membership	Acidaminococcus_intestini	Prevotella_copri	M_4oh_propl_e	0.0	0.0	0	0.0
all	western_diet_gut_anoxic_membership	Acidaminococcus_intestini	Prevotella_copri	M_4oh_propl_glc_e	0.0	0.0	0	0.0
all	western_diet_gut_anoxic_membership	Acidaminococcus_intestini	Prevotella_copri	M_4oh_trz_e	0.0	0.0	0	0.0
all	western_diet_gut_anoxic_membership	Acidaminococcus_intestini	Prevotella_copri	M_4oh_trz_glc_e	0.0	0.0	0	0.0
all	western_diet_gut_anoxic_membership	Acidaminococcus_intestini	Prevotella_copri	M_4oh_vcz_e	0.0	0.0	0	0.0
all	western_diet_gut_anoxic_membership	Acidaminococcus_intestini	Prevotella_copri	M_4oh_vcz_glc_e	0.0	0.0	0	0.0
all	western_diet_gut_anoxic_membership	Acidaminococcus_intestini	Prevotella_copri	M_4ohmdz_e	0.0	0.0	0	0.0
all	western_diet_gut_anoxic_membership	Acidaminococcus_intestini	Prevotella_copri	M_5oh_sulfp_e	0.0	0.0	0	0.0
all	western_diet_gut_anoxic_membership	Acidaminococcus_intestini	Prevotella_copri	M_5oh_sulfp_glc_e	0.0	0.0	0	0.0
all	western_diet_gut_anoxic_membership	Acidaminococcus_intestini	Prevotella_copri	M_5ohfvs_e	0.0	0.0	0	0.0
all	western_diet_gut_anoxic_membership	Acidaminococcus_intestini	Prevotella_copri	M_5ohfvsglu_e	0.0	0.0	0	0.0
all	western_diet_gut_anoxic_membership	Acidaminococcus_intestini	Prevotella_copri	M_6bhglz_e	0.0	0.0	0	0.0
all	western_diet_gut_anoxic_membership	Acidaminococcus_intestini	Prevotella_copri	M_6bhglzglc_e	0.0	0.0	0	0.0
all	western_diet_gut_anoxic_membership	Acidaminococcus_intestini	Prevotella_copri	M_6ohfvs_e	0.0	0.0	0	0.0
all	western_diet_gut_anoxic_membership	Acidaminococcus_intestini	Prevotella_copri	M_6ohfvsglu_e	0.0	0.0	0	0.0
all	western_diet_gut_anoxic_membership	Acidaminococcus_intestini	Prevotella_copri	M_7a_czp_e	0.0	0.2	1	0.0
all	western_diet_gut_anoxic_membership	Acidaminococcus_intestini	Prevotella_copri	M_7bhglz_e	0.0	0.0	0	0.0
all	western_diet_gut_anoxic_membership	Acidaminococcus_intestini	Prevotella_copri	M_7bhglzglc_e	0.0	0.0	0	0.0
all	western_diet_gut_anoxic_membership	Acidaminococcus_intestini	Prevotella_copri	M_7oh_efv_e	0.0	0.0	0	0.0
all	western_diet_gut_anoxic_membership	Acidaminococcus_intestini	Prevotella_copri	M_7oh_efv_glc_e	0.0	0.0	0	0.0
all	western_diet_gut_anoxic_membership	Acidaminococcus_intestini	Prevotella_copri	M_814dioh_efv_e	0.0	0.0	0	0.0
all	western_diet_gut_anoxic_membership	Acidaminococcus_intestini	Prevotella_copri	M_814dioh_efv_glc_e	0.0	0.0	0	0.0
all	western_diet_gut_anoxic_membership	Acidaminococcus_intestini	Prevotella_copri	M_8oh_efv_e	0.0	0.0	0	0.0
all	western_diet_gut_anoxic_membership	Acidaminococcus_intestini	Prevotella_copri	M_8oh_efv_glc_e	0.0	0.0	0	0.0
all	western_diet_gut_anoxic_membership	Acidaminococcus_intestini	Prevotella_copri	M_Cit_Mg_e	0.0	0.0	0	0.0
all	western_diet_gut_anoxic_membership	Acidaminococcus_intestini	Prevotella_copri	M_Lcyst_e	0.0	0.0	0	0.0
all	western_diet_gut_anoxic_membership	Acidaminococcus_intestini	Prevotella_copri	M_N_oh_phtn_e	0.0	0.0	0	0.0
all	western_diet_gut_anoxic_membership	Acidaminococcus_intestini	Prevotella_copri	M_N_oh_phtn_glc_e	0.0	0.0	0	0.0
all	western_diet_gut_anoxic_membership	Acidaminococcus_intestini	Prevotella_copri	M_R_6oh_warf_e	0.0	0.0	0	0.0
all	western_diet_gut_anoxic_membership	Acidaminococcus_intestini	Prevotella_copri	M_R_6oh_warf_glc_e	0.0	0.0	0	0.0
all	western_diet_gut_anoxic_membership	Acidaminococcus_intestini	Prevotella_copri	M_R_7oh_warf_e	0.0	0.0	0	0.0
all	western_diet_gut_anoxic_membership	Acidaminococcus_intestini	Prevotella_copri	M_R_7oh_warf_glc_e	0.0	0.0	0	0.0
all	western_diet_gut_anoxic_membership	Acidaminococcus_intestini	Prevotella_copri	M_R_8oh_warf_e	0.0	0.0	0	0.0
all	western_diet_gut_anoxic_membership	Acidaminococcus_intestini	Prevotella_copri	M_R_8oh_warf_glc_e	0.0	0.0	0	0.0
all	western_diet_gut_anoxic_membership	Acidaminococcus_intestini	Prevotella_copri	M_S_4oh_warf_e	0.0	0.0	0	0.0
all	western_diet_gut_anoxic_membership	Acidaminococcus_intestini	Prevotella_copri	M_S_4oh_warf_glc_e	0.0	0.0	0	0.0
all	western_diet_gut_anoxic_membership	Acidaminococcus_intestini	Prevotella_copri	M_S_6oh_warf_e	0.0	0.0	0	0.0
all	western_diet_gut_anoxic_membership	Acidaminococcus_intestini	Prevotella_copri	M_S_6oh_warf_glc_e	0.0	0.0	0	0.0
all	western_diet_gut_anoxic_membership	Acidaminococcus_intestini	Prevotella_copri	M_ac_amn_b_gly_e	0.0	0.0	0	0.0
all	western_diet_gut_anoxic_membership	Acidaminococcus_intestini	Prevotella_copri	M_ac_amn_b_gly_glc_e	0.0	0.0	0	0.0
all	western_diet_gut_anoxic_membership	Acidaminococcus_intestini	Prevotella_copri	M_ac_e	0.0	0.0	0	0.0
all	western_diet_gut_anoxic_membership	Acidaminococcus_intestini	Prevotella_copri	M_acald_e	0.0	0.0	0	0.0
all	western_diet_gut_anoxic_membership	Acidaminococcus_intestini	Prevotella_copri	M_acgam_e	0.0	0.0	0	0.0
all	western_diet_gut_anoxic_membership	Acidaminococcus_intestini	Prevotella_copri	M_acmp_e	0.0	0.0	0	0.0
all	western_diet_gut_anoxic_membership	Acidaminococcus_intestini	Prevotella_copri	M_acmp_glc_e	0.0	0.0	0	0.0
all	western_diet_gut_anoxic_membership	Acidaminococcus_intestini	Prevotella_copri	M_acmpglu_e	0.0	0.0	0	0.0
all	western_diet_gut_anoxic_membership	Acidaminococcus_intestini	Prevotella_copri	M_ade_e	0.0	0.0	0	0.0
all	western_diet_gut_anoxic_membership	Acidaminococcus_intestini	Prevotella_copri	M_adn_e	0.0	0.0	0	0.0
all	western_diet_gut_anoxic_membership	Acidaminococcus_intestini	Prevotella_copri	M_adocbl_e	0.0	0.0	0	0.0
all	western_diet_gut_anoxic_membership	Acidaminococcus_intestini	Prevotella_copri	M_ala_L_e	0.0	0.0	0	0.0
all	western_diet_gut_anoxic_membership	Acidaminococcus_intestini	Prevotella_copri	M_alpz_4oh_e	0.0	0.0	0	0.0
all	western_diet_gut_anoxic_membership	Acidaminococcus_intestini	Prevotella_copri	M_alpz_4oh_glc_e	0.0	0.0	0	0.0
all	western_diet_gut_anoxic_membership	Acidaminococcus_intestini	Prevotella_copri	M_alpz_aoh_e	0.0	0.0	0	0.0
all	western_diet_gut_anoxic_membership	Acidaminococcus_intestini	Prevotella_copri	M_alpz_aoh_glc_e	0.0	0.0	0	0.0
all	western_diet_gut_anoxic_membership	Acidaminococcus_intestini	Prevotella_copri	M_am14_e	0.0	0.0	0	0.0
all	western_diet_gut_anoxic_membership	Acidaminococcus_intestini	Prevotella_copri	M_am14_glc_e	0.0	0.0	0	0.0
all	western_diet_gut_anoxic_membership	Acidaminococcus_intestini	Prevotella_copri	M_am1ccs_e	0.0	0.0	0	0.0
all	western_diet_gut_anoxic_membership	Acidaminococcus_intestini	Prevotella_copri	M_am1cglc_e	0.0	0.0	0	0.0
all	western_diet_gut_anoxic_membership	Acidaminococcus_intestini	Prevotella_copri	M_am5_e	0.0	0.0	0	0.0
all	western_diet_gut_anoxic_membership	Acidaminococcus_intestini	Prevotella_copri	M_am5_glc_e	0.0	0.0	0	0.0
all	western_diet_gut_anoxic_membership	Acidaminococcus_intestini	Prevotella_copri	M_am6_e	0.0	0.0	0	0.0
all	western_diet_gut_anoxic_membership	Acidaminococcus_intestini	Prevotella_copri	M_am6_glc_e	0.0	0.0	0	0.0
all	western_diet_gut_anoxic_membership	Acidaminococcus_intestini	Prevotella_copri	M_amio_c_e	0.0	0.0	0	0.0
all	western_diet_gut_anoxic_membership	Acidaminococcus_intestini	Prevotella_copri	M_amio_c_glc_e	0.0	0.0	0	0.0
all	western_diet_gut_anoxic_membership	Acidaminococcus_intestini	Prevotella_copri	M_amio_e	0.0	0.0	0	0.0
all	western_diet_gut_anoxic_membership	Acidaminococcus_intestini	Prevotella_copri	M_amio_glc_e	0.0	0.0	0	0.0
all	western_diet_gut_anoxic_membership	Acidaminococcus_intestini	Prevotella_copri	M_amn_b_gly_e	0.0	0.0	0	0.0
all	western_diet_gut_anoxic_membership	Acidaminococcus_intestini	Prevotella_copri	M_amn_b_gly_glc_e	0.0	0.0	0	0.0
all	western_diet_gut_anoxic_membership	Acidaminococcus_intestini	Prevotella_copri	M_amntd_m6_e	0.0	0.0	0	0.0
all	western_diet_gut_anoxic_membership	Acidaminococcus_intestini	Prevotella_copri	M_amntd_m6_glc_e	0.0	0.0	0	0.0
all	western_diet_gut_anoxic_membership	Acidaminococcus_intestini	Prevotella_copri	M_anzp_e	0.0	0.2	1	0.0
all	western_diet_gut_anoxic_membership	Acidaminococcus_intestini	Prevotella_copri	M_arabttr_e	0.0	0.0	0	0.0
all	western_diet_gut_anoxic_membership	Acidaminococcus_intestini	Prevotella_copri	M_arbt_e	0.0	0.0	0	0.0
all	western_diet_gut_anoxic_membership	Acidaminococcus_intestini	Prevotella_copri	M_arg_L_e	0.0	0.0	0	0.0
all	western_diet_gut_anoxic_membership	Acidaminococcus_intestini	Prevotella_copri	M_arsenb_e	0.0	0.0	0	0.0
all	western_diet_gut_anoxic_membership	Acidaminococcus_intestini	Prevotella_copri	M_asn_L_e	0.0	1.0	0	0.0
all	western_diet_gut_anoxic_membership	Acidaminococcus_intestini	Prevotella_copri	M_asp_L_e	0.0	0.0	0	0.0
all	western_diet_gut_anoxic_membership	Acidaminococcus_intestini	Prevotella_copri	M_atvacid_e	0.0	0.0	0	0.0
all	western_diet_gut_anoxic_membership	Acidaminococcus_intestini	Prevotella_copri	M_atvacylgluc_e	0.0	0.0	0	0.0
all	western_diet_gut_anoxic_membership	Acidaminococcus_intestini	Prevotella_copri	M_atvethgluc_e	0.0	0.0	0	0.0
all	western_diet_gut_anoxic_membership	Acidaminococcus_intestini	Prevotella_copri	M_atvlac_e	0.0	0.0	0	0.0
all	western_diet_gut_anoxic_membership	Acidaminococcus_intestini	Prevotella_copri	M_atvlacgluc_e	0.0	0.0	0	0.0
all	western_diet_gut_anoxic_membership	Acidaminococcus_intestini	Prevotella_copri	M_bhpm_e	0.0	0.0	0	0.0
all	western_diet_gut_anoxic_membership	Acidaminococcus_intestini	Prevotella_copri	M_bhpm_glc_e	0.0	0.0	0	0.0
all	western_diet_gut_anoxic_membership	Acidaminococcus_intestini	Prevotella_copri	M_bilr_355_e	0.0	0.0	0	0.0
all	western_diet_gut_anoxic_membership	Acidaminococcus_intestini	Prevotella_copri	M_bilr_M10_e	0.0	0.0	0	0.0
all	western_diet_gut_anoxic_membership	Acidaminococcus_intestini	Prevotella_copri	M_bilr_M12_e	0.0	0.0	0	0.0
all	western_diet_gut_anoxic_membership	Acidaminococcus_intestini	Prevotella_copri	M_bilr_M14_e	0.0	0.0	0	0.0
all	western_diet_gut_anoxic_membership	Acidaminococcus_intestini	Prevotella_copri	M_bilr_M15_e	0.0	0.0	0	0.0
all	western_diet_gut_anoxic_membership	Acidaminococcus_intestini	Prevotella_copri	M_bilr_M16_e	0.0	0.0	0	0.0
all	western_diet_gut_anoxic_membership	Acidaminococcus_intestini	Prevotella_copri	M_bilr_M7_e	0.0	0.0	0	0.0
all	western_diet_gut_anoxic_membership	Acidaminococcus_intestini	Prevotella_copri	M_brv_e	0.0	0.0	0	0.0
all	western_diet_gut_anoxic_membership	Acidaminococcus_intestini	Prevotella_copri	M_bsn_e	0.0	0.0	0	0.0
all	western_diet_gut_anoxic_membership	Acidaminococcus_intestini	Prevotella_copri	M_bsn_glc_e	0.0	0.0	0	0.0
all	western_diet_gut_anoxic_membership	Acidaminococcus_intestini	Prevotella_copri	M_btn_e	0.0	0.0	0	0.0
all	western_diet_gut_anoxic_membership	Acidaminococcus_intestini	Prevotella_copri	M_but_e	0.0	0.0	0	0.0
all	western_diet_gut_anoxic_membership	Acidaminococcus_intestini	Prevotella_copri	M_butso3_e	0.0	0.0	0	0.0
all	western_diet_gut_anoxic_membership	Acidaminococcus_intestini	Prevotella_copri	M_bvu_e	0.0	0.0	0	0.0
all	western_diet_gut_anoxic_membership	Acidaminococcus_intestini	Prevotella_copri	M_bz_e	0.0	0.0	0	0.0
all	western_diet_gut_anoxic_membership	Acidaminococcus_intestini	Prevotella_copri	M_bz_glc_e	0.0	0.0	0	0.0
all	western_diet_gut_anoxic_membership	Acidaminococcus_intestini	Prevotella_copri	M_ca2_e	0.0	1.0	0	0.0
all	western_diet_gut_anoxic_membership	Acidaminococcus_intestini	Prevotella_copri	M_caribup_s_e	0.0	0.0	0	0.0
all	western_diet_gut_anoxic_membership	Acidaminococcus_intestini	Prevotella_copri	M_caribupglu_S_e	0.0	0.0	0	0.0
all	western_diet_gut_anoxic_membership	Acidaminococcus_intestini	Prevotella_copri	M_cbl1_e	0.0	0.0	0	0.0
all	western_diet_gut_anoxic_membership	Acidaminococcus_intestini	Prevotella_copri	M_cbl2_e	0.0	0.0	0	0.0
all	western_diet_gut_anoxic_membership	Acidaminococcus_intestini	Prevotella_copri	M_cbz_e	0.0	0.0	0	0.0
all	western_diet_gut_anoxic_membership	Acidaminococcus_intestini	Prevotella_copri	M_cbz_glc_e	0.0	0.0	0	0.0
all	western_diet_gut_anoxic_membership	Acidaminococcus_intestini	Prevotella_copri	M_cd2_e	0.0	0.0	0	0.0
all	western_diet_gut_anoxic_membership	Acidaminococcus_intestini	Prevotella_copri	M_cd6168_e	0.0	0.0	0	0.0
all	western_diet_gut_anoxic_membership	Acidaminococcus_intestini	Prevotella_copri	M_cd6168_glc_e	0.0	0.0	0	0.0
all	western_diet_gut_anoxic_membership	Acidaminococcus_intestini	Prevotella_copri	M_cgly_e	0.0	1.0	0	0.0
all	western_diet_gut_anoxic_membership	Acidaminococcus_intestini	Prevotella_copri	M_chlphncl_e	0.0	0.0	1	0.0
all	western_diet_gut_anoxic_membership	Acidaminococcus_intestini	Prevotella_copri	M_chlphncl_glc_e	0.0	0.0	0	0.0
all	western_diet_gut_anoxic_membership	Acidaminococcus_intestini	Prevotella_copri	M_chsterol_e	0.0	0.0	0	0.0
all	western_diet_gut_anoxic_membership	Acidaminococcus_intestini	Prevotella_copri	M_cit_e	0.0	0.3333333333333333	0	0.0
all	western_diet_gut_anoxic_membership	Acidaminococcus_intestini	Prevotella_copri	M_cl_e	0.0	1.0	0	0.0
all	western_diet_gut_anoxic_membership	Acidaminococcus_intestini	Prevotella_copri	M_clcxb_c_e	0.0	0.0	0	0.0
all	western_diet_gut_anoxic_membership	Acidaminococcus_intestini	Prevotella_copri	M_clcxb_c_glc_e	0.0	0.0	0	0.0
all	western_diet_gut_anoxic_membership	Acidaminococcus_intestini	Prevotella_copri	M_clcxb_e	0.0	0.0	0	0.0
all	western_diet_gut_anoxic_membership	Acidaminococcus_intestini	Prevotella_copri	M_clcxb_glc_e	0.0	0.0	0	0.0
all	western_diet_gut_anoxic_membership	Acidaminococcus_intestini	Prevotella_copri	M_clobi_c_e	0.0	0.0	0	0.0
all	western_diet_gut_anoxic_membership	Acidaminococcus_intestini	Prevotella_copri	M_clobi_glc_e	0.0	0.0	0	0.0
all	western_diet_gut_anoxic_membership	Acidaminococcus_intestini	Prevotella_copri	M_co2_e	0.0	0.0	1	0.0
all	western_diet_gut_anoxic_membership	Acidaminococcus_intestini	Prevotella_copri	M_cobalt2_e	0.0	1.0	0	0.0
all	western_diet_gut_anoxic_membership	Acidaminococcus_intestini	Prevotella_copri	M_cro4_e	0.0	0.0	0	0.0
all	western_diet_gut_anoxic_membership	Acidaminococcus_intestini	Prevotella_copri	M_crvsm1_e	0.0	0.0	0	0.0
all	western_diet_gut_anoxic_membership	Acidaminococcus_intestini	Prevotella_copri	M_crvsm23_e	0.0	0.0	0	0.0
all	western_diet_gut_anoxic_membership	Acidaminococcus_intestini	Prevotella_copri	M_ctbt_e	0.0	0.0	0	0.0
all	western_diet_gut_anoxic_membership	Acidaminococcus_intestini	Prevotella_copri	M_cu2_e	0.0	1.0	0	0.0
all	western_diet_gut_anoxic_membership	Acidaminococcus_intestini	Prevotella_copri	M_cvm1gluc_e	0.0	0.0	0	0.0
all	western_diet_gut_anoxic_membership	Acidaminococcus_intestini	Prevotella_copri	M_cvm23gluc_e	0.0	0.0	0	0.0
all	western_diet_gut_anoxic_membership	Acidaminococcus_intestini	Prevotella_copri	M_cys_L_e	0.0	0.0	0	0.0
all	western_diet_gut_anoxic_membership	Acidaminococcus_intestini	Prevotella_copri	M_czp_e	0.0	0.0	1	0.0
all	western_diet_gut_anoxic_membership	Acidaminococcus_intestini	Prevotella_copri	M_daa_e	0.0	0.0	0	0.0
all	western_diet_gut_anoxic_membership	Acidaminococcus_intestini	Prevotella_copri	M_daa_glc_e	0.0	0.0	0	0.0
all	western_diet_gut_anoxic_membership	Acidaminococcus_intestini	Prevotella_copri	M_dcf_e	0.0	0.0	0	0.0
all	western_diet_gut_anoxic_membership	Acidaminococcus_intestini	Prevotella_copri	M_dcf_glc_e	0.0	0.0	0	0.0
all	western_diet_gut_anoxic_membership	Acidaminococcus_intestini	Prevotella_copri	M_ddea_e	0.0	0.0	0	0.0
all	western_diet_gut_anoxic_membership	Acidaminococcus_intestini	Prevotella_copri	M_ddea_glc_e	0.0	0.0	0	0.0
all	western_diet_gut_anoxic_membership	Acidaminococcus_intestini	Prevotella_copri	M_des_astzl_e	0.0	0.0	0	0.0
all	western_diet_gut_anoxic_membership	Acidaminococcus_intestini	Prevotella_copri	M_des_astzl_glc_e	0.0	0.0	0	0.0
all	western_diet_gut_anoxic_membership	Acidaminococcus_intestini	Prevotella_copri	M_dfdcytd_e	0.0	0.0	0	0.0
all	western_diet_gut_anoxic_membership	Acidaminococcus_intestini	Prevotella_copri	M_dfduri_e	0.0	0.0	0	0.0
all	western_diet_gut_anoxic_membership	Acidaminococcus_intestini	Prevotella_copri	M_digoxin_e	0.0	0.0	0	0.0
all	western_diet_gut_anoxic_membership	Acidaminococcus_intestini	Prevotella_copri	M_digoxin_glc_e	0.0	0.0	0	0.0
all	western_diet_gut_anoxic_membership	Acidaminococcus_intestini	Prevotella_copri	M_din_e	0.0	0.0	0	0.0
all	western_diet_gut_anoxic_membership	Acidaminococcus_intestini	Prevotella_copri	M_dlb_e	0.0	0.0	0	0.0
all	western_diet_gut_anoxic_membership	Acidaminococcus_intestini	Prevotella_copri	M_dlb_glc_e	0.0	0.0	0	0.0
all	western_diet_gut_anoxic_membership	Acidaminococcus_intestini	Prevotella_copri	M_dnpz_5des_e	0.0	0.0	0	0.0
all	western_diet_gut_anoxic_membership	Acidaminococcus_intestini	Prevotella_copri	M_dnpz_6des_e	0.0	0.0	0	0.0
all	western_diet_gut_anoxic_membership	Acidaminococcus_intestini	Prevotella_copri	M_dnpz_m11_e	0.0	0.0	0	0.0
all	western_diet_gut_anoxic_membership	Acidaminococcus_intestini	Prevotella_copri	M_dnpz_m12_e	0.0	0.0	0	0.0
all	western_diet_gut_anoxic_membership	Acidaminococcus_intestini	Prevotella_copri	M_dnpz_m13_e	0.0	0.0	0	0.0
all	western_diet_gut_anoxic_membership	Acidaminococcus_intestini	Prevotella_copri	M_dnpz_m14_e	0.0	0.0	0	0.0
all	western_diet_gut_anoxic_membership	Acidaminococcus_intestini	Prevotella_copri	M_dnpz_m9_e	0.0	0.0	0	0.0
all	western_diet_gut_anoxic_membership	Acidaminococcus_intestini	Prevotella_copri	M_doh_etr_e	0.0	0.0	0	0.0
all	western_diet_gut_anoxic_membership	Acidaminococcus_intestini	Prevotella_copri	M_doh_etr_glc_e	0.0	0.0	0	0.0
all	western_diet_gut_anoxic_membership	Acidaminococcus_intestini	Prevotella_copri	M_doh_vcz_e	0.0	0.0	0	0.0
all	western_diet_gut_anoxic_membership	Acidaminococcus_intestini	Prevotella_copri	M_doh_vcz_glc_e	0.0	0.0	0	0.0
all	western_diet_gut_anoxic_membership	Acidaminococcus_intestini	Prevotella_copri	M_duri_e	0.0	0.0	0	0.0
all	western_diet_gut_anoxic_membership	Acidaminococcus_intestini	Prevotella_copri	M_dxo_e	0.0	0.0	0	0.0
all	western_diet_gut_anoxic_membership	Acidaminococcus_intestini	Prevotella_copri	M_dxo_glc_e	0.0	0.0	0	0.0
all	western_diet_gut_anoxic_membership	Acidaminococcus_intestini	Prevotella_copri	M_efv_e	0.0	0.0	0	0.0
all	western_diet_gut_anoxic_membership	Acidaminococcus_intestini	Prevotella_copri	M_efv_glc_e	0.0	0.0	0	0.0
all	western_diet_gut_anoxic_membership	Acidaminococcus_intestini	Prevotella_copri	M_eltr_e	0.0	0.0	0	0.0
all	western_diet_gut_anoxic_membership	Acidaminococcus_intestini	Prevotella_copri	M_eltr_glc_e	0.0	0.0	0	0.0
all	western_diet_gut_anoxic_membership	Acidaminococcus_intestini	Prevotella_copri	M_eltr_m3_e	0.0	0.0	0	0.0
all	western_diet_gut_anoxic_membership	Acidaminococcus_intestini	Prevotella_copri	M_eltr_m4_e	0.0	0.0	0	0.0
all	western_diet_gut_anoxic_membership	Acidaminococcus_intestini	Prevotella_copri	M_estradiol_e	0.0	0.0	0	0.0
all	western_diet_gut_anoxic_membership	Acidaminococcus_intestini	Prevotella_copri	M_estradiolglc_e	0.0	0.0	0	0.0
all	western_diet_gut_anoxic_membership	Acidaminococcus_intestini	Prevotella_copri	M_estriol_e	0.0	0.0	0	0.0
all	western_diet_gut_anoxic_membership	Acidaminococcus_intestini	Prevotella_copri	M_estriolglc_e	0.0	0.0	0	0.0
all	western_diet_gut_anoxic_membership	Acidaminococcus_intestini	Prevotella_copri	M_estrone_e	0.0	0.0	0	0.0
all	western_diet_gut_anoxic_membership	Acidaminococcus_intestini	Prevotella_copri	M_estroneglc_e	0.0	0.0	0	0.0
all	western_diet_gut_anoxic_membership	Acidaminococcus_intestini	Prevotella_copri	M_ethso3_e	0.0	0.0	0	0.0
all	western_diet_gut_anoxic_membership	Acidaminococcus_intestini	Prevotella_copri	M_etoh_e	0.0	0.0	0	0.0
all	western_diet_gut_anoxic_membership	Acidaminococcus_intestini	Prevotella_copri	M_eztmb_e	0.0	0.0	0	0.0
all	western_diet_gut_anoxic_membership	Acidaminococcus_intestini	Prevotella_copri	M_eztmb_glc_e	0.0	0.0	0	0.0
all	western_diet_gut_anoxic_membership	Acidaminococcus_intestini	Prevotella_copri	M_fe2_e	0.0	1.0	0	0.0
all	western_diet_gut_anoxic_membership	Acidaminococcus_intestini	Prevotella_copri	M_fe3_e	0.0	1.0	0	0.0
all	western_diet_gut_anoxic_membership	Acidaminococcus_intestini	Prevotella_copri	M_fol_e	0.0	0.0	0	0.0
all	western_diet_gut_anoxic_membership	Acidaminococcus_intestini	Prevotella_copri	M_for_e	0.0	0.0	0	0.0
all	western_diet_gut_anoxic_membership	Acidaminococcus_intestini	Prevotella_copri	M_fru_e	0.0	0.3333333333333333	0	0.0
all	western_diet_gut_anoxic_membership	Acidaminococcus_intestini	Prevotella_copri	M_fvs_e	0.0	0.0	0	0.0
all	western_diet_gut_anoxic_membership	Acidaminococcus_intestini	Prevotella_copri	M_fvsgluc_e	0.0	0.0	0	0.0
all	western_diet_gut_anoxic_membership	Acidaminococcus_intestini	Prevotella_copri	M_fvstet_e	0.0	0.0	0	0.0
all	western_diet_gut_anoxic_membership	Acidaminococcus_intestini	Prevotella_copri	M_fvstetglu_e	0.0	0.0	0	0.0
all	western_diet_gut_anoxic_membership	Acidaminococcus_intestini	Prevotella_copri	M_galt_e	0.0	0.0	0	0.0
all	western_diet_gut_anoxic_membership	Acidaminococcus_intestini	Prevotella_copri	M_galur_e	0.0	0.0	0	0.0
all	western_diet_gut_anoxic_membership	Acidaminococcus_intestini	Prevotella_copri	M_gam_e	0.0	0.0	0	0.0
all	western_diet_gut_anoxic_membership	Acidaminococcus_intestini	Prevotella_copri	M_gbbtn_e	0.0	0.0	0	0.0
all	western_diet_gut_anoxic_membership	Acidaminococcus_intestini	Prevotella_copri	M_glc3meacp_e	0.0	0.0	0	0.0
all	western_diet_gut_anoxic_membership	Acidaminococcus_intestini	Prevotella_copri	M_glc_D_e	0.0	0.3333333333333333	0	0.0
all	western_diet_gut_anoxic_membership	Acidaminococcus_intestini	Prevotella_copri	M_glcur_e	0.0	0.0	0	0.0
all	western_diet_gut_anoxic_membership	Acidaminococcus_intestini	Prevotella_copri	M_gln_L_e	0.0	0.0	0	0.0
all	western_diet_gut_anoxic_membership	Acidaminococcus_intestini	Prevotella_copri	M_gltmn_e	0.0	0.0	0	0.0
all	western_diet_gut_anoxic_membership	Acidaminococcus_intestini	Prevotella_copri	M_gltmn_glc_e	0.0	0.0	0	0.0
all	western_diet_gut_anoxic_membership	Acidaminococcus_intestini	Prevotella_copri	M_glu_L_e	0.0	0.26666666666666666	0	0.0
all	western_diet_gut_anoxic_membership	Acidaminococcus_intestini	Prevotella_copri	M_glutar_e	0.0	0.0	0	0.0
all	western_diet_gut_anoxic_membership	Acidaminococcus_intestini	Prevotella_copri	M_gly_e	0.0	0.0	0	0.0
all	western_diet_gut_anoxic_membership	Acidaminococcus_intestini	Prevotella_copri	M_glyb_e	0.0	0.0	0	0.0
all	western_diet_gut_anoxic_membership	Acidaminococcus_intestini	Prevotella_copri	M_glyc_e	0.0	0.3333333333333333	0	0.0
all	western_diet_gut_anoxic_membership	Acidaminococcus_intestini	Prevotella_copri	M_gmfl_e	0.0	0.0	0	0.0
all	western_diet_gut_anoxic_membership	Acidaminococcus_intestini	Prevotella_copri	M_gmfl_glc_e	0.0	0.0	0	0.0
all	western_diet_gut_anoxic_membership	Acidaminococcus_intestini	Prevotella_copri	M_gmfl_mIII_e	0.0	0.0	0	0.0
all	western_diet_gut_anoxic_membership	Acidaminococcus_intestini	Prevotella_copri	M_gmfl_mIII_glc_e	0.0	0.0	0	0.0
all	western_diet_gut_anoxic_membership	Acidaminococcus_intestini	Prevotella_copri	M_gmfl_mII_e	0.0	0.0	0	0.0
all	western_diet_gut_anoxic_membership	Acidaminococcus_intestini	Prevotella_copri	M_gmfl_mII_glc_e	0.0	0.0	0	0.0
all	western_diet_gut_anoxic_membership	Acidaminococcus_intestini	Prevotella_copri	M_gmfl_mI_e	0.0	0.0	0	0.0
all	western_diet_gut_anoxic_membership	Acidaminococcus_intestini	Prevotella_copri	M_gmfl_mI_glc_e	0.0	0.0	0	0.0
all	western_diet_gut_anoxic_membership	Acidaminococcus_intestini	Prevotella_copri	M_gtacmp_e	0.0	0.0	0	0.0
all	western_diet_gut_anoxic_membership	Acidaminococcus_intestini	Prevotella_copri	M_gua_e	0.0	0.0	0	0.0
all	western_diet_gut_anoxic_membership	Acidaminococcus_intestini	Prevotella_copri	M_h2_e	0.0	0.0	0	0.0
all	western_diet_gut_anoxic_membership	Acidaminococcus_intestini	Prevotella_copri	M_h2o_e	0.0	0.2	0	0.0
all	western_diet_gut_anoxic_membership	Acidaminococcus_intestini	Prevotella_copri	M_h2s_e	0.0	0.0	0	0.0
all	western_diet_gut_anoxic_membership	Acidaminococcus_intestini	Prevotella_copri	M_h_e	0.0	0.3333333333333333	0	0.0
all	western_diet_gut_anoxic_membership	Acidaminococcus_intestini	Prevotella_copri	M_hexs_e	0.0	0.0	0	0.0
all	western_diet_gut_anoxic_membership	Acidaminococcus_intestini	Prevotella_copri	M_hg2_e	0.0	0.0	0	0.0
all	western_diet_gut_anoxic_membership	Acidaminococcus_intestini	Prevotella_copri	M_his_L_e	0.0	0.0	0	0.0
all	western_diet_gut_anoxic_membership	Acidaminococcus_intestini	Prevotella_copri	M_hst_37_diglc_e	0.0	0.0	0	0.0
all	western_diet_gut_anoxic_membership	Acidaminococcus_intestini	Prevotella_copri	M_hst_3_glc_e	0.0	0.0	0	0.0
all	western_diet_gut_anoxic_membership	Acidaminococcus_intestini	Prevotella_copri	M_hst_3_s_e	0.0	0.0	0	0.0
all	western_diet_gut_anoxic_membership	Acidaminococcus_intestini	Prevotella_copri	M_hst_3glc_7s_e	0.0	0.0	0	0.0
all	western_diet_gut_anoxic_membership	Acidaminococcus_intestini	Prevotella_copri	M_hst_7_glc_e	0.0	0.0	0	0.0
all	western_diet_gut_anoxic_membership	Acidaminococcus_intestini	Prevotella_copri	M_hst_7_s_e	0.0	0.0	0	0.0
all	western_diet_gut_anoxic_membership	Acidaminococcus_intestini	Prevotella_copri	M_hst_7glc_3s_e	0.0	0.0	0	0.0
all	western_diet_gut_anoxic_membership	Acidaminococcus_intestini	Prevotella_copri	M_hst_e	0.0	0.0	0	0.0
all	western_diet_gut_anoxic_membership	Acidaminococcus_intestini	Prevotella_copri	M_hxan_e	0.0	0.0	0	0.0
all	western_diet_gut_anoxic_membership	Acidaminococcus_intestini	Prevotella_copri	M_ibup_S_e	0.0	0.0	0	0.0
all	western_diet_gut_anoxic_membership	Acidaminococcus_intestini	Prevotella_copri	M_ibupgluc_e	0.0	0.0	0	0.0
all	western_diet_gut_anoxic_membership	Acidaminococcus_intestini	Prevotella_copri	M_ile_L_e	0.0	0.0	0	0.0
all	western_diet_gut_anoxic_membership	Acidaminococcus_intestini	Prevotella_copri	M_imn_e	0.0	0.0	0	0.0
all	western_diet_gut_anoxic_membership	Acidaminococcus_intestini	Prevotella_copri	M_imn_glc_e	0.0	0.0	0	0.0
all	western_diet_gut_anoxic_membership	Acidaminococcus_intestini	Prevotella_copri	M_ins_e	0.0	0.0	1	0.0
all	western_diet_gut_anoxic_membership	Acidaminococcus_intestini	Prevotella_copri	M_inv_e	0.0	0.0	0	0.0
all	western_diet_gut_anoxic_membership	Acidaminococcus_intestini	Prevotella_copri	M_inv_m1_e	0.0	0.0	0	0.0
all	western_diet_gut_anoxic_membership	Acidaminococcus_intestini	Prevotella_copri	M_isetac_e	0.0	0.0	0	0.0
all	western_diet_gut_anoxic_membership	Acidaminococcus_intestini	Prevotella_copri	M_isosorbide_5mn_e	0.0	0.0	0	0.0
all	western_diet_gut_anoxic_membership	Acidaminococcus_intestini	Prevotella_copri	M_isosorbide_5mn_glc_e	0.0	0.0	0	0.0
all	western_diet_gut_anoxic_membership	Acidaminococcus_intestini	Prevotella_copri	M_k_e	0.0	1.0	0	0.0
all	western_diet_gut_anoxic_membership	Acidaminococcus_intestini	Prevotella_copri	M_kprofen_e	0.0	0.0	0	0.0
all	western_diet_gut_anoxic_membership	Acidaminococcus_intestini	Prevotella_copri	M_kprofen_glc_e	0.0	0.0	0	0.0
all	western_diet_gut_anoxic_membership	Acidaminococcus_intestini	Prevotella_copri	M_lac_D_e	0.0	0.2	0	0.0
all	western_diet_gut_anoxic_membership	Acidaminococcus_intestini	Prevotella_copri	M_lac_L_e	0.0	0.06666666666666667	0	0.0
all	western_diet_gut_anoxic_membership	Acidaminococcus_intestini	Prevotella_copri	M_lactl_e	0.0	0.0	0	0.0
all	western_diet_gut_anoxic_membership	Acidaminococcus_intestini	Prevotella_copri	M_leu_L_e	0.0	0.0	0	0.0
all	western_diet_gut_anoxic_membership	Acidaminococcus_intestini	Prevotella_copri	M_lst4exp_e	0.0	0.0	0	0.0
all	western_diet_gut_anoxic_membership	Acidaminococcus_intestini	Prevotella_copri	M_lstn1gluc_e	0.0	0.0	0	0.0
all	western_diet_gut_anoxic_membership	Acidaminococcus_intestini	Prevotella_copri	M_lstn_e	0.0	0.0	0	0.0
all	western_diet_gut_anoxic_membership	Acidaminococcus_intestini	Prevotella_copri	M_lstnm4_e	0.0	0.0	0	0.0
all	western_diet_gut_anoxic_membership	Acidaminococcus_intestini	Prevotella_copri	M_lstnm7_e	0.0	0.0	0	0.0
all	western_diet_gut_anoxic_membership	Acidaminococcus_intestini	Prevotella_copri	M_lys_L_e	0.0	0.0	0	0.0
all	western_diet_gut_anoxic_membership	Acidaminococcus_intestini	Prevotella_copri	M_mal_L_e	0.0	0.0	0	0.0
all	western_diet_gut_anoxic_membership	Acidaminococcus_intestini	Prevotella_copri	M_malt_e	0.0	0.0	0	0.0
all	western_diet_gut_anoxic_membership	Acidaminococcus_intestini	Prevotella_copri	M_man_e	0.0	0.0	0	0.0
all	western_diet_gut_anoxic_membership	Acidaminococcus_intestini	Prevotella_copri	M_mantr_e	0.0	0.0	0	0.0
all	western_diet_gut_anoxic_membership	Acidaminococcus_intestini	Prevotella_copri	M_mdz_e	0.0	0.0	0	0.0
all	western_diet_gut_anoxic_membership	Acidaminococcus_intestini	Prevotella_copri	M_mdz_glc_e	0.0	0.0	0	0.0
all	western_diet_gut_anoxic_membership	Acidaminococcus_intestini	Prevotella_copri	M_mdzglc_e	0.0	0.0	0	0.0
all	western_diet_gut_anoxic_membership	Acidaminococcus_intestini	Prevotella_copri	M_met_D_e	0.0	0.0	0	0.0
all	western_diet_gut_anoxic_membership	Acidaminococcus_intestini	Prevotella_copri	M_met_L_e	0.0	0.0	0	0.0
all	western_diet_gut_anoxic_membership	Acidaminococcus_intestini	Prevotella_copri	M_metsox_S_L_e	0.0	0.0	0	0.0
all	western_diet_gut_anoxic_membership	Acidaminococcus_intestini	Prevotella_copri	M_mg2_e	0.0	1.0	0	0.0
all	western_diet_gut_anoxic_membership	Acidaminococcus_intestini	Prevotella_copri	M_miso_e	0.0	0.0	0	0.0
all	western_diet_gut_anoxic_membership	Acidaminococcus_intestini	Prevotella_copri	M_miso_glc_e	0.0	0.0	0	0.0
all	western_diet_gut_anoxic_membership	Acidaminococcus_intestini	Prevotella_copri	M_mn2_e	0.0	1.0	0	0.0
all	western_diet_gut_anoxic_membership	Acidaminococcus_intestini	Prevotella_copri	M_mnl_e	0.0	0.0	0	0.0
all	western_diet_gut_anoxic_membership	Acidaminococcus_intestini	Prevotella_copri	M_mops_e	0.0	0.0	0	0.0
all	western_diet_gut_anoxic_membership	Acidaminococcus_intestini	Prevotella_copri	M_mqn7_e	0.0	0.0	0	0.0
all	western_diet_gut_anoxic_membership	Acidaminococcus_intestini	Prevotella_copri	M_mqn8_e	0.0	1.0	0	0.0
all	western_diet_gut_anoxic_membership	Acidaminococcus_intestini	Prevotella_copri	M_mrphn_3glc_e	0.0	0.0	0	0.0
all	western_diet_gut_anoxic_membership	Acidaminococcus_intestini	Prevotella_copri	M_mrphn_6glc_e	0.0	0.0	0	0.0
all	western_diet_gut_anoxic_membership	Acidaminococcus_intestini	Prevotella_copri	M_mrphn_e	0.0	0.0	0	0.0
all	western_diet_gut_anoxic_membership	Acidaminococcus_intestini	Prevotella_copri	M_mso3_e	0.0	0.0	0	0.0
all	western_diet_gut_anoxic_membership	Acidaminococcus_intestini	Prevotella_copri	M_mtz_e	0.0	0.0	0	0.0
all	western_diet_gut_anoxic_membership	Acidaminococcus_intestini	Prevotella_copri	M_mtz_glc_e	0.0	0.0	0	0.0
all	western_diet_gut_anoxic_membership	Acidaminococcus_intestini	Prevotella_copri	M_na1_e	0.0	0.06666666666666667	0	0.0
all	western_diet_gut_anoxic_membership	Acidaminococcus_intestini	Prevotella_copri	M_nchlphncl_e	0.0	0.0	1	0.0
all	western_diet_gut_anoxic_membership	Acidaminococcus_intestini	Prevotella_copri	M_nh4_e	0.0	0.0	1	0.0
all	western_diet_gut_anoxic_membership	Acidaminococcus_intestini	Prevotella_copri	M_nmn_e	0.0	1.0	0	0.0
all	western_diet_gut_anoxic_membership	Acidaminococcus_intestini	Prevotella_copri	M_no3_e	0.0	0.0	0	0.0
all	western_diet_gut_anoxic_membership	Acidaminococcus_intestini	Prevotella_copri	M_nsldp_m5_e	0.0	0.0	0	0.0
all	western_diet_gut_anoxic_membership	Acidaminococcus_intestini	Prevotella_copri	M_nsldp_m5_glc_e	0.0	0.0	0	0.0
all	western_diet_gut_anoxic_membership	Acidaminococcus_intestini	Prevotella_copri	M_nverp_e	0.0	0.0	0	0.0
all	western_diet_gut_anoxic_membership	Acidaminococcus_intestini	Prevotella_copri	M_nverp_glc_e	0.0	0.0	0	0.0
all	western_diet_gut_anoxic_membership	Acidaminococcus_intestini	Prevotella_copri	M_nzp_e	0.0	0.0	1	0.0
all	western_diet_gut_anoxic_membership	Acidaminococcus_intestini	Prevotella_copri	M_o2_e	0.0	0.0	1	0.0
all	western_diet_gut_anoxic_membership	Acidaminococcus_intestini	Prevotella_copri	M_ocdca_e	0.0	1.0	0	0.0
all	western_diet_gut_anoxic_membership	Acidaminococcus_intestini	Prevotella_copri	M_odsm_egltmn_e	0.0	0.0	0	0.0
all	western_diet_gut_anoxic_membership	Acidaminococcus_intestini	Prevotella_copri	M_odsm_egltmn_glc_e	0.0	0.0	0	0.0
all	western_diet_gut_anoxic_membership	Acidaminococcus_intestini	Prevotella_copri	M_odsm_gltmn_e	0.0	0.0	0	0.0
all	western_diet_gut_anoxic_membership	Acidaminococcus_intestini	Prevotella_copri	M_odsm_gltmn_glc_e	0.0	0.0	0	0.0
all	western_diet_gut_anoxic_membership	Acidaminococcus_intestini	Prevotella_copri	M_oh_etr_e	0.0	0.0	0	0.0
all	western_diet_gut_anoxic_membership	Acidaminococcus_intestini	Prevotella_copri	M_oh_etr_glc_e	0.0	0.0	0	0.0
all	western_diet_gut_anoxic_membership	Acidaminococcus_intestini	Prevotella_copri	M_oh_pbl_e	0.0	0.0	0	0.0
all	western_diet_gut_anoxic_membership	Acidaminococcus_intestini	Prevotella_copri	M_oh_pbl_glc_e	0.0	0.0	0	0.0
all	western_diet_gut_anoxic_membership	Acidaminococcus_intestini	Prevotella_copri	M_orn_e	0.0	0.0	0	0.0
all	western_diet_gut_anoxic_membership	Acidaminococcus_intestini	Prevotella_copri	M_orot_e	0.0	0.0	0	0.0
all	western_diet_gut_anoxic_membership	Acidaminococcus_intestini	Prevotella_copri	M_pb_e	0.0	0.0	0	0.0
all	western_diet_gut_anoxic_membership	Acidaminococcus_intestini	Prevotella_copri	M_pcresol_e	0.0	0.0	0	0.0
all	western_diet_gut_anoxic_membership	Acidaminococcus_intestini	Prevotella_copri	M_phe_L_e	0.0	0.0	0	0.0
all	western_diet_gut_anoxic_membership	Acidaminococcus_intestini	Prevotella_copri	M_pheme_e	0.0	1.0	0	0.0
all	western_diet_gut_anoxic_membership	Acidaminococcus_intestini	Prevotella_copri	M_phppa_e	0.0	0.0	0	0.0
all	western_diet_gut_anoxic_membership	Acidaminococcus_intestini	Prevotella_copri	M_phppa_glc_e	0.0	0.0	0	0.0
all	western_diet_gut_anoxic_membership	Acidaminococcus_intestini	Prevotella_copri	M_phtn_glc_e	0.0	0.0	0	0.0
all	western_diet_gut_anoxic_membership	Acidaminococcus_intestini	Prevotella_copri	M_pi_e	0.0	1.0	0	0.0
all	western_diet_gut_anoxic_membership	Acidaminococcus_intestini	Prevotella_copri	M_pime_e	0.0	0.0	0	0.0
all	western_diet_gut_anoxic_membership	Acidaminococcus_intestini	Prevotella_copri	M_pnto_R_e	0.0	1.0	0	0.0
all	western_diet_gut_anoxic_membership	Acidaminococcus_intestini	Prevotella_copri	M_ppa_e	0.0	0.0	1	0.0
all	western_diet_gut_anoxic_membership	Acidaminococcus_intestini	Prevotella_copri	M_ppi_e	0.0	0.0	1	0.0
all	western_diet_gut_anoxic_membership	Acidaminococcus_intestini	Prevotella_copri	M_pro_L_e	0.0	0.0	0	0.0
all	western_diet_gut_anoxic_membership	Acidaminococcus_intestini	Prevotella_copri	M_prob_e	0.0	0.0	0	0.0
all	western_diet_gut_anoxic_membership	Acidaminococcus_intestini	Prevotella_copri	M_prob_glc_e	0.0	0.0	0	0.0
all	western_diet_gut_anoxic_membership	Acidaminococcus_intestini	Prevotella_copri	M_pront_e	0.0	0.0	0	0.0
all	western_diet_gut_anoxic_membership	Acidaminococcus_intestini	Prevotella_copri	M_pront_glc_e	0.0	0.0	0	0.0
all	western_diet_gut_anoxic_membership	Acidaminococcus_intestini	Prevotella_copri	M_propl_e	0.0	0.0	0	0.0
all	western_diet_gut_anoxic_membership	Acidaminococcus_intestini	Prevotella_copri	M_propl_glc_e	0.0	0.0	0	0.0
all	western_diet_gut_anoxic_membership	Acidaminococcus_intestini	Prevotella_copri	M_prx_mII_e	0.0	0.0	0	0.0
all	western_diet_gut_anoxic_membership	Acidaminococcus_intestini	Prevotella_copri	M_prx_mII_glc_e	0.0	0.0	0	0.0
all	western_diet_gut_anoxic_membership	Acidaminococcus_intestini	Prevotella_copri	M_prx_mI_e	0.0	0.0	0	0.0
all	western_diet_gut_anoxic_membership	Acidaminococcus_intestini	Prevotella_copri	M_prx_mI_glc_e	0.0	0.0	0	0.0
all	western_diet_gut_anoxic_membership	Acidaminococcus_intestini	Prevotella_copri	M_ptrc_e	0.0	0.0	0	0.0
all	western_diet_gut_anoxic_membership	Acidaminococcus_intestini	Prevotella_copri	M_ptvst_e	0.0	0.0	0	0.0
all	western_diet_gut_anoxic_membership	Acidaminococcus_intestini	Prevotella_copri	M_ptvstgluc_e	0.0	0.0	0	0.0
all	western_diet_gut_anoxic_membership	Acidaminococcus_intestini	Prevotella_copri	M_pvs_e	0.0	0.0	0	0.0
all	western_diet_gut_anoxic_membership	Acidaminococcus_intestini	Prevotella_copri	M_pvsgluc_e	0.0	0.0	0	0.0
all	western_diet_gut_anoxic_membership	Acidaminococcus_intestini	Prevotella_copri	M_pydam_e	0.0	0.0	0	0.0
all	western_diet_gut_anoxic_membership	Acidaminococcus_intestini	Prevotella_copri	M_pydx5p_e	0.0	0.0	0	0.0
all	western_diet_gut_anoxic_membership	Acidaminococcus_intestini	Prevotella_copri	M_pydx_e	0.0	1.0	0	0.0
all	western_diet_gut_anoxic_membership	Acidaminococcus_intestini	Prevotella_copri	M_pydxn_e	0.0	0.0	0	0.0
all	western_diet_gut_anoxic_membership	Acidaminococcus_intestini	Prevotella_copri	M_pyr_e	0.0	0.0	0	0.0
all	western_diet_gut_anoxic_membership	Acidaminococcus_intestini	Prevotella_copri	M_r406_e	0.0	0.0	0	0.0
all	western_diet_gut_anoxic_membership	Acidaminococcus_intestini	Prevotella_copri	M_r406_glc_e	0.0	0.0	0	0.0
all	western_diet_gut_anoxic_membership	Acidaminococcus_intestini	Prevotella_copri	M_r529_e	0.0	0.0	0	0.0
all	western_diet_gut_anoxic_membership	Acidaminococcus_intestini	Prevotella_copri	M_r529_glc_e	0.0	0.0	0	0.0
all	western_diet_gut_anoxic_membership	Acidaminococcus_intestini	Prevotella_copri	M_r788_e	0.0	0.0	0	0.0
all	western_diet_gut_anoxic_membership	Acidaminococcus_intestini	Prevotella_copri	M_regfnb_e	0.0	0.0	0	0.0
all	western_diet_gut_anoxic_membership	Acidaminococcus_intestini	Prevotella_copri	M_regfnb_glc_e	0.0	0.0	0	0.0
all	western_diet_gut_anoxic_membership	Acidaminococcus_intestini	Prevotella_copri	M_rep_e	0.0	0.0	0	0.0
all	western_diet_gut_anoxic_membership	Acidaminococcus_intestini	Prevotella_copri	M_rep_glc_e	0.0	0.0	0	0.0
all	western_diet_gut_anoxic_membership	Acidaminococcus_intestini	Prevotella_copri	M_ribflv_e	0.0	0.0	0	0.0
all	western_diet_gut_anoxic_membership	Acidaminococcus_intestini	Prevotella_copri	M_rpn_104557_cb_glc_e	0.0	0.0	0	0.0
all	western_diet_gut_anoxic_membership	Acidaminococcus_intestini	Prevotella_copri	M_rpn_104557_e	0.0	0.0	0	0.0
all	western_diet_gut_anoxic_membership	Acidaminococcus_intestini	Prevotella_copri	M_rpn_96990_e	0.0	0.0	0	0.0
all	western_diet_gut_anoxic_membership	Acidaminococcus_intestini	Prevotella_copri	M_rpn_96990_glc_e	0.0	0.0	0	0.0
all	western_diet_gut_anoxic_membership	Acidaminococcus_intestini	Prevotella_copri	M_rpn_oh_e	0.0	0.0	0	0.0
all	western_diet_gut_anoxic_membership	Acidaminococcus_intestini	Prevotella_copri	M_rpn_oh_glc_e	0.0	0.0	0	0.0
all	western_diet_gut_anoxic_membership	Acidaminococcus_intestini	Prevotella_copri	M_rsv_e	0.0	0.0	0	0.0
all	western_diet_gut_anoxic_membership	Acidaminococcus_intestini	Prevotella_copri	M_rsvgluc_e	0.0	0.0	0	0.0
all	western_diet_gut_anoxic_membership	Acidaminococcus_intestini	Prevotella_copri	M_salcn_e	0.0	0.0	0	0.0
all	western_diet_gut_anoxic_membership	Acidaminococcus_intestini	Prevotella_copri	M_sb_611855_e	0.0	0.0	0	0.0
all	western_diet_gut_anoxic_membership	Acidaminococcus_intestini	Prevotella_copri	M_sb_y_e	0.0	0.0	0	0.0
all	western_diet_gut_anoxic_membership	Acidaminococcus_intestini	Prevotella_copri	M_sbt_D_e	0.0	0.0	0	0.0
all	western_diet_gut_anoxic_membership	Acidaminococcus_intestini	Prevotella_copri	M_sch_488128_e	0.0	0.0	0	0.0
all	western_diet_gut_anoxic_membership	Acidaminococcus_intestini	Prevotella_copri	M_sch_57871_e	0.0	0.0	0	0.0
all	western_diet_gut_anoxic_membership	Acidaminococcus_intestini	Prevotella_copri	M_sch_57871_glc_e	0.0	0.0	0	0.0
all	western_diet_gut_anoxic_membership	Acidaminococcus_intestini	Prevotella_copri	M_ser_L_e	0.0	1.0	0	0.0
all	western_diet_gut_anoxic_membership	Acidaminococcus_intestini	Prevotella_copri	M_sfnd_1689_e	0.0	0.0	0	0.0
all	western_diet_gut_anoxic_membership	Acidaminococcus_intestini	Prevotella_copri	M_sfnd_1689_glc_e	0.0	0.0	0	0.0
all	western_diet_gut_anoxic_membership	Acidaminococcus_intestini	Prevotella_copri	M_sftz_e	0.0	0.0	0	0.0
all	western_diet_gut_anoxic_membership	Acidaminococcus_intestini	Prevotella_copri	M_sftz_glc_e	0.0	0.0	0	0.0
all	western_diet_gut_anoxic_membership	Acidaminococcus_intestini	Prevotella_copri	M_simvgluc_e	0.0	0.0	0	0.0
all	western_diet_gut_anoxic_membership	Acidaminococcus_intestini	Prevotella_copri	M_smap_e	0.0	0.0	0	0.0
all	western_diet_gut_anoxic_membership	Acidaminococcus_intestini	Prevotella_copri	M_smap_glc_e	0.0	0.0	0	0.0
all	western_diet_gut_anoxic_membership	Acidaminococcus_intestini	Prevotella_copri	M_smvacid_e	0.0	0.0	0	0.0
all	western_diet_gut_anoxic_membership	Acidaminococcus_intestini	Prevotella_copri	M_sn38_e	0.0	0.0	0	0.0
all	western_diet_gut_anoxic_membership	Acidaminococcus_intestini	Prevotella_copri	M_sn38g_e	0.0	0.0	0	0.0
all	western_diet_gut_anoxic_membership	Acidaminococcus_intestini	Prevotella_copri	M_so4_e	0.0	1.0	0	0.0
all	western_diet_gut_anoxic_membership	Acidaminococcus_intestini	Prevotella_copri	M_spmd_e	0.0	1.0	0	0.0
all	western_diet_gut_anoxic_membership	Acidaminococcus_intestini	Prevotella_copri	M_spz_e	0.0	0.0	0	0.0
all	western_diet_gut_anoxic_membership	Acidaminococcus_intestini	Prevotella_copri	M_spz_glc_e	0.0	0.0	0	0.0
all	western_diet_gut_anoxic_membership	Acidaminococcus_intestini	Prevotella_copri	M_spz_sfn_e	0.0	0.0	0	0.0
all	western_diet_gut_anoxic_membership	Acidaminococcus_intestini	Prevotella_copri	M_spz_sfn_glc_e	0.0	0.0	0	0.0
all	western_diet_gut_anoxic_membership	Acidaminococcus_intestini	Prevotella_copri	M_srv_e	0.0	0.0	0	0.0
all	western_diet_gut_anoxic_membership	Acidaminococcus_intestini	Prevotella_copri	M_stg_e	0.0	0.0	0	0.0
all	western_diet_gut_anoxic_membership	Acidaminococcus_intestini	Prevotella_copri	M_stg_m3_e	0.0	0.0	0	0.0
all	western_diet_gut_anoxic_membership	Acidaminococcus_intestini	Prevotella_copri	M_stg_m4_e	0.0	0.0	0	0.0
all	western_diet_gut_anoxic_membership	Acidaminococcus_intestini	Prevotella_copri	M_stys_e	0.0	0.0	0	0.0
all	western_diet_gut_anoxic_membership	Acidaminococcus_intestini	Prevotella_copri	M_succ_e	0.0	0.0	0	0.0
all	western_diet_gut_anoxic_membership	Acidaminococcus_intestini	Prevotella_copri	M_sucr_e	0.0	0.0	0	0.0
all	western_diet_gut_anoxic_membership	Acidaminococcus_intestini	Prevotella_copri	M_sulfac_e	0.0	0.0	0	0.0
all	western_diet_gut_anoxic_membership	Acidaminococcus_intestini	Prevotella_copri	M_tat_e	0.0	0.0	0	0.0
all	western_diet_gut_anoxic_membership	Acidaminococcus_intestini	Prevotella_copri	M_taur_e	0.0	0.0	0	0.0
all	western_diet_gut_anoxic_membership	Acidaminococcus_intestini	Prevotella_copri	M_tgz_e	0.0	0.0	0	0.0
all	western_diet_gut_anoxic_membership	Acidaminococcus_intestini	Prevotella_copri	M_tgz_glc_e	0.0	0.0	0	0.0
all	western_diet_gut_anoxic_membership	Acidaminococcus_intestini	Prevotella_copri	M_thm_e	0.0	0.0	0	0.0
all	western_diet_gut_anoxic_membership	Acidaminococcus_intestini	Prevotella_copri	M_thsacmp_e	0.0	0.0	0	0.0
all	western_diet_gut_anoxic_membership	Acidaminococcus_intestini	Prevotella_copri	M_thymd_e	0.0	0.0	0	0.0
all	western_diet_gut_anoxic_membership	Acidaminococcus_intestini	Prevotella_copri	M_tlf_a_1a_e	0.0	0.0	0	0.0
all	western_diet_gut_anoxic_membership	Acidaminococcus_intestini	Prevotella_copri	M_tlf_a_1b_e	0.0	0.0	0	0.0
all	western_diet_gut_anoxic_membership	Acidaminococcus_intestini	Prevotella_copri	M_tlf_a_1x_e	0.0	0.0	0	0.0
all	western_diet_gut_anoxic_membership	Acidaminococcus_intestini	Prevotella_copri	M_tlf_a_2_e	0.0	0.0	0	0.0
all	western_diet_gut_anoxic_membership	Acidaminococcus_intestini	Prevotella_copri	M_tlf_a_2a_e	0.0	0.0	0	0.0
all	western_diet_gut_anoxic_membership	Acidaminococcus_intestini	Prevotella_copri	M_tlf_a_3_e	0.0	0.0	0	0.0
all	western_diet_gut_anoxic_membership	Acidaminococcus_intestini	Prevotella_copri	M_tlf_a_4_e	0.0	0.0	0	0.0
all	western_diet_gut_anoxic_membership	Acidaminococcus_intestini	Prevotella_copri	M_tlf_a_e	0.0	0.0	0	0.0
all	western_diet_gut_anoxic_membership	Acidaminococcus_intestini	Prevotella_copri	M_tlf_a_m1_e	0.0	0.0	0	0.0
all	western_diet_gut_anoxic_membership	Acidaminococcus_intestini	Prevotella_copri	M_tlf_a_m2_e	0.0	0.0	0	0.0
all	western_diet_gut_anoxic_membership	Acidaminococcus_intestini	Prevotella_copri	M_tlf_a_m3_e	0.0	0.0	0	0.0
all	western_diet_gut_anoxic_membership	Acidaminococcus_intestini	Prevotella_copri	M_tlf_a_m4_e	0.0	0.0	0	0.0
all	western_diet_gut_anoxic_membership	Acidaminococcus_intestini	Prevotella_copri	M_tlf_a_m4a_e	0.0	0.0	0	0.0
all	western_diet_gut_anoxic_membership	Acidaminococcus_intestini	Prevotella_copri	M_tlf_a_m5_e	0.0	0.0	0	0.0
all	western_diet_gut_anoxic_membership	Acidaminococcus_intestini	Prevotella_copri	M_tlf_a_m5a_e	0.0	0.0	0	0.0
all	western_diet_gut_anoxic_membership	Acidaminococcus_intestini	Prevotella_copri	M_tlf_a_m5b_e	0.0	0.0	0	0.0
all	western_diet_gut_anoxic_membership	Acidaminococcus_intestini	Prevotella_copri	M_tlf_a_m6_e	0.0	0.0	0	0.0
all	western_diet_gut_anoxic_membership	Acidaminococcus_intestini	Prevotella_copri	M_tlf_a_m9_e	0.0	0.0	0	0.0
all	western_diet_gut_anoxic_membership	Acidaminococcus_intestini	Prevotella_copri	M_tlms_e	0.0	0.0	0	0.0
all	western_diet_gut_anoxic_membership	Acidaminococcus_intestini	Prevotella_copri	M_tlms_glc_e	0.0	0.0	0	0.0
all	western_diet_gut_anoxic_membership	Acidaminococcus_intestini	Prevotella_copri	M_tmacmp_e	0.0	0.0	0	0.0
all	western_diet_gut_anoxic_membership	Acidaminococcus_intestini	Prevotella_copri	M_tolcp_ac_e	0.0	0.0	0	0.0
all	western_diet_gut_anoxic_membership	Acidaminococcus_intestini	Prevotella_copri	M_tolcp_ac_glc_e	0.0	0.0	0	0.0
all	western_diet_gut_anoxic_membership	Acidaminococcus_intestini	Prevotella_copri	M_tolcp_am_e	0.0	0.0	0	0.0
all	western_diet_gut_anoxic_membership	Acidaminococcus_intestini	Prevotella_copri	M_tolcp_am_glc_e	0.0	0.0	0	0.0
all	western_diet_gut_anoxic_membership	Acidaminococcus_intestini	Prevotella_copri	M_tolcp_e	0.0	0.0	0	0.0
all	western_diet_gut_anoxic_membership	Acidaminococcus_intestini	Prevotella_copri	M_tolcp_glc_e	0.0	0.0	0	0.0
all	western_diet_gut_anoxic_membership	Acidaminococcus_intestini	Prevotella_copri	M_tpno_1glc_4g_e	0.0	0.0	0	0.0
all	western_diet_gut_anoxic_membership	Acidaminococcus_intestini	Prevotella_copri	M_tpno_4g_e	0.0	0.0	0	0.0
all	western_diet_gut_anoxic_membership	Acidaminococcus_intestini	Prevotella_copri	M_tpno_4glc_e	0.0	0.0	0	0.0
all	western_diet_gut_anoxic_membership	Acidaminococcus_intestini	Prevotella_copri	M_tpnoh_e	0.0	0.0	0	0.0
all	western_diet_gut_anoxic_membership	Acidaminococcus_intestini	Prevotella_copri	M_tre_e	0.0	0.0	0	0.0
all	western_diet_gut_anoxic_membership	Acidaminococcus_intestini	Prevotella_copri	M_trp_L_e	0.0	0.0	0	0.0
all	western_diet_gut_anoxic_membership	Acidaminococcus_intestini	Prevotella_copri	M_tsacmgluc_e	0.0	0.0	0	0.0
all	western_diet_gut_anoxic_membership	Acidaminococcus_intestini	Prevotella_copri	M_tsul_e	0.0	0.0	0	0.0
all	western_diet_gut_anoxic_membership	Acidaminococcus_intestini	Prevotella_copri	M_ttdca_e	0.0	1.0	0	0.0
all	western_diet_gut_anoxic_membership	Acidaminococcus_intestini	Prevotella_copri	M_tyr_L_e	0.0	0.0	0	0.0
all	western_diet_gut_anoxic_membership	Acidaminococcus_intestini	Prevotella_copri	M_ura_e	0.0	0.0	0	0.0
all	western_diet_gut_anoxic_membership	Acidaminococcus_intestini	Prevotella_copri	M_val_L_e	0.0	0.0	0	0.0
all	western_diet_gut_anoxic_membership	Acidaminococcus_intestini	Prevotella_copri	M_xan_e	0.0	0.0	0	0.0
all	western_diet_gut_anoxic_membership	Acidaminococcus_intestini	Prevotella_copri	M_zn2_e	0.0	1.0	0	0.0
all	western_diet_gut_anoxic_membership	Acidaminococcus_intestini	Alistipes_putredinis	M_4abz_e	0.0	1.0	0	0.0
all	western_diet_gut_anoxic_membership	Acidaminococcus_intestini	Alistipes_putredinis	M_4ahmmp_e	0.0	0.0	0	0.0
all	western_diet_gut_anoxic_membership	Acidaminococcus_intestini	Alistipes_putredinis	M_7a_czp_e	0.0	0.2	1	0.0
all	western_diet_gut_anoxic_membership	Acidaminococcus_intestini	Alistipes_putredinis	M_C02528_e	0.0	0.0	0	0.0
all	western_diet_gut_anoxic_membership	Acidaminococcus_intestini	Alistipes_putredinis	M_Cit_Mg_e	0.0	0.0	0	0.0
all	western_diet_gut_anoxic_membership	Acidaminococcus_intestini	Alistipes_putredinis	M_Lcyst_e	0.0	0.0	0	0.0
all	western_diet_gut_anoxic_membership	Acidaminococcus_intestini	Alistipes_putredinis	M_ac_e	0.0	0.0	0	0.0
all	western_diet_gut_anoxic_membership	Acidaminococcus_intestini	Alistipes_putredinis	M_acald_e	0.0	0.0	0	0.0
all	western_diet_gut_anoxic_membership	Acidaminococcus_intestini	Alistipes_putredinis	M_acgam_e	0.0	0.0	0	0.0
all	western_diet_gut_anoxic_membership	Acidaminococcus_intestini	Alistipes_putredinis	M_ade_e	0.0	0.0	0	0.0
all	western_diet_gut_anoxic_membership	Acidaminococcus_intestini	Alistipes_putredinis	M_adn_e	0.0	0.0	0	0.0
all	western_diet_gut_anoxic_membership	Acidaminococcus_intestini	Alistipes_putredinis	M_adocbl_e	0.0	0.0	0	0.0
all	western_diet_gut_anoxic_membership	Acidaminococcus_intestini	Alistipes_putredinis	M_ala_L_e	0.0	0.0	0	0.0
all	western_diet_gut_anoxic_membership	Acidaminococcus_intestini	Alistipes_putredinis	M_anzp_e	0.0	0.2	1	0.0
all	western_diet_gut_anoxic_membership	Acidaminococcus_intestini	Alistipes_putredinis	M_arbt_e	0.0	0.0	0	0.0
all	western_diet_gut_anoxic_membership	Acidaminococcus_intestini	Alistipes_putredinis	M_arg_L_e	0.0	0.0	0	0.0
all	western_diet_gut_anoxic_membership	Acidaminococcus_intestini	Alistipes_putredinis	M_arsenb_e	0.0	0.0	0	0.0
all	western_diet_gut_anoxic_membership	Acidaminococcus_intestini	Alistipes_putredinis	M_asn_L_e	0.0	1.0	0	0.0
all	western_diet_gut_anoxic_membership	Acidaminococcus_intestini	Alistipes_putredinis	M_asp_L_e	0.0	0.0	0	0.0
all	western_diet_gut_anoxic_membership	Acidaminococcus_intestini	Alistipes_putredinis	M_brv_e	0.0	0.0	0	0.0
all	western_diet_gut_anoxic_membership	Acidaminococcus_intestini	Alistipes_putredinis	M_btn_e	0.0	0.0	0	0.0
all	western_diet_gut_anoxic_membership	Acidaminococcus_intestini	Alistipes_putredinis	M_but_e	0.0	0.0	0	0.0
all	western_diet_gut_anoxic_membership	Acidaminococcus_intestini	Alistipes_putredinis	M_butso3_e	0.0	0.0	0	0.0
all	western_diet_gut_anoxic_membership	Acidaminococcus_intestini	Alistipes_putredinis	M_bvu_e	0.0	0.0	0	0.0
all	western_diet_gut_anoxic_membership	Acidaminococcus_intestini	Alistipes_putredinis	M_ca2_e	0.0	1.0	0	0.0
all	western_diet_gut_anoxic_membership	Acidaminococcus_intestini	Alistipes_putredinis	M_cbl1_e	0.0	0.0	0	0.0
all	western_diet_gut_anoxic_membership	Acidaminococcus_intestini	Alistipes_putredinis	M_cbl2_e	0.0	0.0	0	0.0
all	western_diet_gut_anoxic_membership	Acidaminococcus_intestini	Alistipes_putredinis	M_cd2_e	0.0	0.0	0	0.0
all	western_diet_gut_anoxic_membership	Acidaminococcus_intestini	Alistipes_putredinis	M_cgly_e	0.0	1.0	0	0.0
all	western_diet_gut_anoxic_membership	Acidaminococcus_intestini	Alistipes_putredinis	M_chlphncl_e	0.0	0.0	1	0.0
all	western_diet_gut_anoxic_membership	Acidaminococcus_intestini	Alistipes_putredinis	M_cholate_e	0.0	0.0	0	0.0
all	western_diet_gut_anoxic_membership	Acidaminococcus_intestini	Alistipes_putredinis	M_chsterol_e	0.0	0.0	0	0.0
all	western_diet_gut_anoxic_membership	Acidaminococcus_intestini	Alistipes_putredinis	M_cit_e	0.0	0.3333333333333333	0	0.0
all	western_diet_gut_anoxic_membership	Acidaminococcus_intestini	Alistipes_putredinis	M_cl_e	0.0	1.0	0	0.0
all	western_diet_gut_anoxic_membership	Acidaminococcus_intestini	Alistipes_putredinis	M_co2_e	0.0	0.0	1	0.0
all	western_diet_gut_anoxic_membership	Acidaminococcus_intestini	Alistipes_putredinis	M_cobalt2_e	0.0	1.0	0	0.0
all	western_diet_gut_anoxic_membership	Acidaminococcus_intestini	Alistipes_putredinis	M_cro4_e	0.0	0.0	0	0.0
all	western_diet_gut_anoxic_membership	Acidaminococcus_intestini	Alistipes_putredinis	M_ctbt_e	0.0	0.0	0	0.0
all	western_diet_gut_anoxic_membership	Acidaminococcus_intestini	Alistipes_putredinis	M_cu2_e	0.0	1.0	0	0.0
all	western_diet_gut_anoxic_membership	Acidaminococcus_intestini	Alistipes_putredinis	M_cys_L_e	0.0	0.0	0	0.0
all	western_diet_gut_anoxic_membership	Acidaminococcus_intestini	Alistipes_putredinis	M_czp_e	0.0	0.0	1	0.0
all	western_diet_gut_anoxic_membership	Acidaminococcus_intestini	Alistipes_putredinis	M_dextrin_e	0.0	0.0	0	0.0
all	western_diet_gut_anoxic_membership	Acidaminococcus_intestini	Alistipes_putredinis	M_dfdcytd_e	0.0	0.0	0	0.0
all	western_diet_gut_anoxic_membership	Acidaminococcus_intestini	Alistipes_putredinis	M_dfduri_e	0.0	0.0	0	0.0
all	western_diet_gut_anoxic_membership	Acidaminococcus_intestini	Alistipes_putredinis	M_dgchol_e	0.0	0.0	0	0.0
all	western_diet_gut_anoxic_membership	Acidaminococcus_intestini	Alistipes_putredinis	M_din_e	0.0	0.0	0	0.0
all	western_diet_gut_anoxic_membership	Acidaminococcus_intestini	Alistipes_putredinis	M_duri_e	0.0	0.0	0	0.0
all	western_diet_gut_anoxic_membership	Acidaminococcus_intestini	Alistipes_putredinis	M_ethso3_e	0.0	0.0	0	0.0
all	western_diet_gut_anoxic_membership	Acidaminococcus_intestini	Alistipes_putredinis	M_etoh_e	0.0	0.0	0	0.0
all	western_diet_gut_anoxic_membership	Acidaminococcus_intestini	Alistipes_putredinis	M_fe2_e	0.0	1.0	0	0.0
all	western_diet_gut_anoxic_membership	Acidaminococcus_intestini	Alistipes_putredinis	M_fe3_e	0.0	1.0	0	0.0
all	western_diet_gut_anoxic_membership	Acidaminococcus_intestini	Alistipes_putredinis	M_fol_e	0.0	0.0	0	0.0
all	western_diet_gut_anoxic_membership	Acidaminococcus_intestini	Alistipes_putredinis	M_for_e	0.0	0.0	0	0.0
all	western_diet_gut_anoxic_membership	Acidaminococcus_intestini	Alistipes_putredinis	M_fru_e	0.0	0.3333333333333333	0	0.0
all	western_diet_gut_anoxic_membership	Acidaminococcus_intestini	Alistipes_putredinis	M_galt_e	0.0	0.0	0	0.0
all	western_diet_gut_anoxic_membership	Acidaminococcus_intestini	Alistipes_putredinis	M_gam_e	0.0	0.0	0	0.0
all	western_diet_gut_anoxic_membership	Acidaminococcus_intestini	Alistipes_putredinis	M_gbbtn_e	0.0	0.0	0	0.0
all	western_diet_gut_anoxic_membership	Acidaminococcus_intestini	Alistipes_putredinis	M_gchola_e	0.0	0.0	0	0.0
all	western_diet_gut_anoxic_membership	Acidaminococcus_intestini	Alistipes_putredinis	M_glc_D_e	0.0	0.3333333333333333	0	0.0
all	western_diet_gut_anoxic_membership	Acidaminococcus_intestini	Alistipes_putredinis	M_gln_L_e	0.0	0.0	0	0.0
all	western_diet_gut_anoxic_membership	Acidaminococcus_intestini	Alistipes_putredinis	M_glu_L_e	0.0	0.26666666666666666	0	0.0
all	western_diet_gut_anoxic_membership	Acidaminococcus_intestini	Alistipes_putredinis	M_glutar_e	0.0	0.0	0	0.0
all	western_diet_gut_anoxic_membership	Acidaminococcus_intestini	Alistipes_putredinis	M_gly_e	0.0	0.0	0	0.0
all	western_diet_gut_anoxic_membership	Acidaminococcus_intestini	Alistipes_putredinis	M_glyb_e	0.0	0.0	0	0.0
all	western_diet_gut_anoxic_membership	Acidaminococcus_intestini	Alistipes_putredinis	M_glyc_e	0.0	0.3333333333333333	0	0.0
all	western_diet_gut_anoxic_membership	Acidaminococcus_intestini	Alistipes_putredinis	M_gua_e	0.0	0.0	0	0.0
all	western_diet_gut_anoxic_membership	Acidaminococcus_intestini	Alistipes_putredinis	M_h2_e	0.0	0.0	0	0.0
all	western_diet_gut_anoxic_membership	Acidaminococcus_intestini	Alistipes_putredinis	M_h2o_e	0.0	0.2	0	0.0
all	western_diet_gut_anoxic_membership	Acidaminococcus_intestini	Alistipes_putredinis	M_h2s_e	0.0	0.0	0	0.0
all	western_diet_gut_anoxic_membership	Acidaminococcus_intestini	Alistipes_putredinis	M_h_e	0.0	0.3333333333333333	0	0.0
all	western_diet_gut_anoxic_membership	Acidaminococcus_intestini	Alistipes_putredinis	M_hexs_e	0.0	0.0	0	0.0
all	western_diet_gut_anoxic_membership	Acidaminococcus_intestini	Alistipes_putredinis	M_hg2_e	0.0	0.0	0	0.0
all	western_diet_gut_anoxic_membership	Acidaminococcus_intestini	Alistipes_putredinis	M_his_L_e	0.0	0.0	0	0.0
all	western_diet_gut_anoxic_membership	Acidaminococcus_intestini	Alistipes_putredinis	M_hxan_e	0.0	0.0	0	0.0
all	western_diet_gut_anoxic_membership	Acidaminococcus_intestini	Alistipes_putredinis	M_ile_L_e	0.0	0.0	0	0.0
all	western_diet_gut_anoxic_membership	Acidaminococcus_intestini	Alistipes_putredinis	M_ins_e	0.0	0.0	0	0.0
all	western_diet_gut_anoxic_membership	Acidaminococcus_intestini	Alistipes_putredinis	M_isetac_e	0.0	0.0	0	0.0
all	western_diet_gut_anoxic_membership	Acidaminococcus_intestini	Alistipes_putredinis	M_isobut_e	0.0	0.0	1	0.0
all	western_diet_gut_anoxic_membership	Acidaminococcus_intestini	Alistipes_putredinis	M_isocapr_e	0.0	0.0	1	0.0
all	western_diet_gut_anoxic_membership	Acidaminococcus_intestini	Alistipes_putredinis	M_isoval_e	0.0	0.0	1	0.0
all	western_diet_gut_anoxic_membership	Acidaminococcus_intestini	Alistipes_putredinis	M_k_e	0.0	1.0	0	0.0
all	western_diet_gut_anoxic_membership	Acidaminococcus_intestini	Alistipes_putredinis	M_lac_D_e	0.0	0.2	1	0.0
all	western_diet_gut_anoxic_membership	Acidaminococcus_intestini	Alistipes_putredinis	M_lac_L_e	0.0	0.06666666666666667	0	0.0
all	western_diet_gut_anoxic_membership	Acidaminococcus_intestini	Alistipes_putredinis	M_leu_L_e	0.0	0.0	0	0.0
all	western_diet_gut_anoxic_membership	Acidaminococcus_intestini	Alistipes_putredinis	M_lys_L_e	0.0	0.0	0	0.0
all	western_diet_gut_anoxic_membership	Acidaminococcus_intestini	Alistipes_putredinis	M_mal_L_e	0.0	0.0	0	0.0
all	western_diet_gut_anoxic_membership	Acidaminococcus_intestini	Alistipes_putredinis	M_malt_e	0.0	0.0	0	0.0
all	western_diet_gut_anoxic_membership	Acidaminococcus_intestini	Alistipes_putredinis	M_man_e	0.0	0.0	0	0.0
all	western_diet_gut_anoxic_membership	Acidaminococcus_intestini	Alistipes_putredinis	M_met_D_e	0.0	0.0	0	0.0
all	western_diet_gut_anoxic_membership	Acidaminococcus_intestini	Alistipes_putredinis	M_met_L_e	0.0	0.0	0	0.0
all	western_diet_gut_anoxic_membership	Acidaminococcus_intestini	Alistipes_putredinis	M_metsox_S_L_e	0.0	0.0	0	0.0
all	western_diet_gut_anoxic_membership	Acidaminococcus_intestini	Alistipes_putredinis	M_mg2_e	0.0	1.0	0	0.0
all	western_diet_gut_anoxic_membership	Acidaminococcus_intestini	Alistipes_putredinis	M_mn2_e	0.0	1.0	0	0.0
all	western_diet_gut_anoxic_membership	Acidaminococcus_intestini	Alistipes_putredinis	M_mnl_e	0.0	0.0	0	0.0
all	western_diet_gut_anoxic_membership	Acidaminococcus_intestini	Alistipes_putredinis	M_mops_e	0.0	0.0	0	0.0
all	western_diet_gut_anoxic_membership	Acidaminococcus_intestini	Alistipes_putredinis	M_mqn7_e	0.0	0.0	0	0.0
all	western_diet_gut_anoxic_membership	Acidaminococcus_intestini	Alistipes_putredinis	M_mqn8_e	0.0	1.0	0	0.0
all	western_diet_gut_anoxic_membership	Acidaminococcus_intestini	Alistipes_putredinis	M_mso3_e	0.0	0.0	0	0.0
all	western_diet_gut_anoxic_membership	Acidaminococcus_intestini	Alistipes_putredinis	M_na1_e	0.0	0.06666666666666667	0	0.0
all	western_diet_gut_anoxic_membership	Acidaminococcus_intestini	Alistipes_putredinis	M_nchlphncl_e	0.0	0.0	1	0.0
all	western_diet_gut_anoxic_membership	Acidaminococcus_intestini	Alistipes_putredinis	M_nh4_e	0.0	0.0	1	0.0
all	western_diet_gut_anoxic_membership	Acidaminococcus_intestini	Alistipes_putredinis	M_nmn_e	0.0	1.0	0	0.0
all	western_diet_gut_anoxic_membership	Acidaminococcus_intestini	Alistipes_putredinis	M_no3_e	0.0	0.0	0	0.0
all	western_diet_gut_anoxic_membership	Acidaminococcus_intestini	Alistipes_putredinis	M_nzp_e	0.0	0.0	1	0.0
all	western_diet_gut_anoxic_membership	Acidaminococcus_intestini	Alistipes_putredinis	M_o2_e	0.0	0.0	0	0.0
all	western_diet_gut_anoxic_membership	Acidaminococcus_intestini	Alistipes_putredinis	M_ocdca_e	0.0	1.0	0	0.0
all	western_diet_gut_anoxic_membership	Acidaminococcus_intestini	Alistipes_putredinis	M_orn_e	0.0	0.0	0	0.0
all	western_diet_gut_anoxic_membership	Acidaminococcus_intestini	Alistipes_putredinis	M_orot_e	0.0	0.0	0	0.0
all	western_diet_gut_anoxic_membership	Acidaminococcus_intestini	Alistipes_putredinis	M_pb_e	0.0	0.0	0	0.0
all	western_diet_gut_anoxic_membership	Acidaminococcus_intestini	Alistipes_putredinis	M_pcresol_e	0.0	0.0	0	0.0
all	western_diet_gut_anoxic_membership	Acidaminococcus_intestini	Alistipes_putredinis	M_phe_L_e	0.0	0.0	0	0.0
all	western_diet_gut_anoxic_membership	Acidaminococcus_intestini	Alistipes_putredinis	M_pheme_e	0.0	1.0	0	0.0
all	western_diet_gut_anoxic_membership	Acidaminococcus_intestini	Alistipes_putredinis	M_pi_e	0.0	1.0	0	0.0
all	western_diet_gut_anoxic_membership	Acidaminococcus_intestini	Alistipes_putredinis	M_pime_e	0.0	0.0	0	0.0
all	western_diet_gut_anoxic_membership	Acidaminococcus_intestini	Alistipes_putredinis	M_pnto_R_e	0.0	1.0	0	0.0
all	western_diet_gut_anoxic_membership	Acidaminococcus_intestini	Alistipes_putredinis	M_ppa_e	0.0	0.0	1	0.0
all	western_diet_gut_anoxic_membership	Acidaminococcus_intestini	Alistipes_putredinis	M_ppi_e	0.0	0.0	1	0.0
all	western_diet_gut_anoxic_membership	Acidaminococcus_intestini	Alistipes_putredinis	M_pro_L_e	0.0	0.0	0	0.0
all	western_diet_gut_anoxic_membership	Acidaminococcus_intestini	Alistipes_putredinis	M_ptrc_e	0.0	0.0	0	0.0
all	western_diet_gut_anoxic_membership	Acidaminococcus_intestini	Alistipes_putredinis	M_pydam_e	0.0	0.0	0	0.0
all	western_diet_gut_anoxic_membership	Acidaminococcus_intestini	Alistipes_putredinis	M_pydx5p_e	0.0	0.0	0	0.0
all	western_diet_gut_anoxic_membership	Acidaminococcus_intestini	Alistipes_putredinis	M_pydx_e	0.0	1.0	0	0.0
all	western_diet_gut_anoxic_membership	Acidaminococcus_intestini	Alistipes_putredinis	M_pydxn_e	0.0	0.0	0	0.0
all	western_diet_gut_anoxic_membership	Acidaminococcus_intestini	Alistipes_putredinis	M_pyr_e	0.0	0.0	0	0.0
all	western_diet_gut_anoxic_membership	Acidaminococcus_intestini	Alistipes_putredinis	M_r406_e	0.0	0.0	0	0.0
all	western_diet_gut_anoxic_membership	Acidaminococcus_intestini	Alistipes_putredinis	M_r788_e	0.0	0.0	0	0.0
all	western_diet_gut_anoxic_membership	Acidaminococcus_intestini	Alistipes_putredinis	M_ribflv_e	0.0	0.0	0	0.0
all	western_diet_gut_anoxic_membership	Acidaminococcus_intestini	Alistipes_putredinis	M_salcn_e	0.0	0.0	0	0.0
all	western_diet_gut_anoxic_membership	Acidaminococcus_intestini	Alistipes_putredinis	M_sbt_D_e	0.0	0.0	0	0.0
all	western_diet_gut_anoxic_membership	Acidaminococcus_intestini	Alistipes_putredinis	M_ser_L_e	0.0	1.0	0	0.0
all	western_diet_gut_anoxic_membership	Acidaminococcus_intestini	Alistipes_putredinis	M_so4_e	0.0	1.0	0	0.0
all	western_diet_gut_anoxic_membership	Acidaminococcus_intestini	Alistipes_putredinis	M_spmd_e	0.0	1.0	0	0.0
all	western_diet_gut_anoxic_membership	Acidaminococcus_intestini	Alistipes_putredinis	M_srv_e	0.0	0.0	0	0.0
all	western_diet_gut_anoxic_membership	Acidaminococcus_intestini	Alistipes_putredinis	M_succ_e	0.0	0.0	0	0.0
all	western_diet_gut_anoxic_membership	Acidaminococcus_intestini	Alistipes_putredinis	M_sucr_e	0.0	0.0	0	0.0
all	western_diet_gut_anoxic_membership	Acidaminococcus_intestini	Alistipes_putredinis	M_sulfac_e	0.0	0.0	0	0.0
all	western_diet_gut_anoxic_membership	Acidaminococcus_intestini	Alistipes_putredinis	M_taur_e	0.0	0.0	0	0.0
all	western_diet_gut_anoxic_membership	Acidaminococcus_intestini	Alistipes_putredinis	M_tchola_e	0.0	0.0	0	0.0
all	western_diet_gut_anoxic_membership	Acidaminococcus_intestini	Alistipes_putredinis	M_tdchola_e	0.0	0.0	0	0.0
all	western_diet_gut_anoxic_membership	Acidaminococcus_intestini	Alistipes_putredinis	M_thm_e	0.0	0.0	0	0.0
all	western_diet_gut_anoxic_membership	Acidaminococcus_intestini	Alistipes_putredinis	M_thymd_e	0.0	0.0	0	0.0
all	western_diet_gut_anoxic_membership	Acidaminococcus_intestini	Alistipes_putredinis	M_tre_e	0.0	0.0	0	0.0
all	western_diet_gut_anoxic_membership	Acidaminococcus_intestini	Alistipes_putredinis	M_trp_L_e	0.0	0.0	0	0.0
all	western_diet_gut_anoxic_membership	Acidaminococcus_intestini	Alistipes_putredinis	M_ttdca_e	0.0	1.0	0	0.0
all	western_diet_gut_anoxic_membership	Acidaminococcus_intestini	Alistipes_putredinis	M_tyr_L_e	0.0	0.0	0	0.0
all	western_diet_gut_anoxic_membership	Acidaminococcus_intestini	Alistipes_putredinis	M_ura_e	0.0	0.0	0	0.0
all	western_diet_gut_anoxic_membership	Acidaminococcus_intestini	Alistipes_putredinis	M_urea_e	0.0	0.0	1	0.0
all	western_diet_gut_anoxic_membership	Acidaminococcus_intestini	Alistipes_putredinis	M_val_L_e	0.0	0.0	0	0.0
all	western_diet_gut_anoxic_membership	Acidaminococcus_intestini	Alistipes_putredinis	M_xan_e	0.0	0.0	0	0.0
all	western_diet_gut_anoxic_membership	Acidaminococcus_intestini	Alistipes_putredinis	M_zn2_e	0.0	1.0	0	0.0
all	western_diet_gut_anoxic_membership	Acidaminococcus_intestini	Phascolarctobacterium_succinatutens	M_4abz_e	0.0	1.0	0	0.0
all	western_diet_gut_anoxic_membership	Acidaminococcus_intestini	Phascolarctobacterium_succinatutens	M_4ahmmp_e	0.0	0.0	0	0.0
all	western_diet_gut_anoxic_membership	Acidaminococcus_intestini	Phascolarctobacterium_succinatutens	M_7a_czp_e	0.0	0.2	1	0.0
all	western_diet_gut_anoxic_membership	Acidaminococcus_intestini	Phascolarctobacterium_succinatutens	M_Cit_Mg_e	0.0	0.0	0	0.0
all	western_diet_gut_anoxic_membership	Acidaminococcus_intestini	Phascolarctobacterium_succinatutens	M_Lcyst_e	0.0	0.0	0	0.0
all	western_diet_gut_anoxic_membership	Acidaminococcus_intestini	Phascolarctobacterium_succinatutens	M_ac_e	0.0	0.0	0	0.0
all	western_diet_gut_anoxic_membership	Acidaminococcus_intestini	Phascolarctobacterium_succinatutens	M_acald_e	0.0	0.0	0	0.0
all	western_diet_gut_anoxic_membership	Acidaminococcus_intestini	Phascolarctobacterium_succinatutens	M_acgam_e	0.0	0.0	0	0.0
all	western_diet_gut_anoxic_membership	Acidaminococcus_intestini	Phascolarctobacterium_succinatutens	M_ade_e	0.0	0.0	0	0.0
all	western_diet_gut_anoxic_membership	Acidaminococcus_intestini	Phascolarctobacterium_succinatutens	M_adn_e	0.0	0.0	0	0.0
all	western_diet_gut_anoxic_membership	Acidaminococcus_intestini	Phascolarctobacterium_succinatutens	M_adocbl_e	0.0	0.0	0	0.0
all	western_diet_gut_anoxic_membership	Acidaminococcus_intestini	Phascolarctobacterium_succinatutens	M_ala_L_e	0.0	0.0	0	0.0
all	western_diet_gut_anoxic_membership	Acidaminococcus_intestini	Phascolarctobacterium_succinatutens	M_alaasp_e	0.0	0.0	0	0.0
all	western_diet_gut_anoxic_membership	Acidaminococcus_intestini	Phascolarctobacterium_succinatutens	M_alagln_e	0.0	0.0	0	0.0
all	western_diet_gut_anoxic_membership	Acidaminococcus_intestini	Phascolarctobacterium_succinatutens	M_alaglu_e	0.0	0.0	0	0.0
all	western_diet_gut_anoxic_membership	Acidaminococcus_intestini	Phascolarctobacterium_succinatutens	M_alagly_e	0.0	0.0	0	0.0
all	western_diet_gut_anoxic_membership	Acidaminococcus_intestini	Phascolarctobacterium_succinatutens	M_alahis_e	0.0	0.0	0	0.0
all	western_diet_gut_anoxic_membership	Acidaminococcus_intestini	Phascolarctobacterium_succinatutens	M_alaleu_e	0.0	0.0	0	0.0
all	western_diet_gut_anoxic_membership	Acidaminococcus_intestini	Phascolarctobacterium_succinatutens	M_alathr_e	0.0	0.0	0	0.0
all	western_diet_gut_anoxic_membership	Acidaminococcus_intestini	Phascolarctobacterium_succinatutens	M_anzp_e	0.0	0.2	1	0.0
all	western_diet_gut_anoxic_membership	Acidaminococcus_intestini	Phascolarctobacterium_succinatutens	M_arbt_e	0.0	0.0	0	0.0
all	western_diet_gut_anoxic_membership	Acidaminococcus_intestini	Phascolarctobacterium_succinatutens	M_arg_L_e	0.0	0.0	0	0.0
all	western_diet_gut_anoxic_membership	Acidaminococcus_intestini	Phascolarctobacterium_succinatutens	M_arsenb_e	0.0	0.0	0	0.0
all	western_diet_gut_anoxic_membership	Acidaminococcus_intestini	Phascolarctobacterium_succinatutens	M_asn_L_e	0.0	1.0	0	0.0
all	western_diet_gut_anoxic_membership	Acidaminococcus_intestini	Phascolarctobacterium_succinatutens	M_asp_L_e	0.0	0.0	0	0.0
all	western_diet_gut_anoxic_membership	Acidaminococcus_intestini	Phascolarctobacterium_succinatutens	M_btn_e	0.0	0.0	0	0.0
all	western_diet_gut_anoxic_membership	Acidaminococcus_intestini	Phascolarctobacterium_succinatutens	M_but_e	0.0	0.0	0	0.0
all	western_diet_gut_anoxic_membership	Acidaminococcus_intestini	Phascolarctobacterium_succinatutens	M_butso3_e	0.0	0.0	0	0.0
all	western_diet_gut_anoxic_membership	Acidaminococcus_intestini	Phascolarctobacterium_succinatutens	M_ca2_e	0.0	1.0	0	0.0
all	western_diet_gut_anoxic_membership	Acidaminococcus_intestini	Phascolarctobacterium_succinatutens	M_cbl1_e	0.0	0.0	0	0.0
all	western_diet_gut_anoxic_membership	Acidaminococcus_intestini	Phascolarctobacterium_succinatutens	M_cbl2_e	0.0	0.0	0	0.0
all	western_diet_gut_anoxic_membership	Acidaminococcus_intestini	Phascolarctobacterium_succinatutens	M_cd2_e	0.0	0.0	0	0.0
all	western_diet_gut_anoxic_membership	Acidaminococcus_intestini	Phascolarctobacterium_succinatutens	M_cgly_e	0.0	1.0	0	0.0
all	western_diet_gut_anoxic_membership	Acidaminococcus_intestini	Phascolarctobacterium_succinatutens	M_chlphncl_e	0.0	0.0	1	0.0
all	western_diet_gut_anoxic_membership	Acidaminococcus_intestini	Phascolarctobacterium_succinatutens	M_chsterol_e	0.0	0.0	0	0.0
all	western_diet_gut_anoxic_membership	Acidaminococcus_intestini	Phascolarctobacterium_succinatutens	M_cit_e	0.0	0.3333333333333333	0	0.0
all	western_diet_gut_anoxic_membership	Acidaminococcus_intestini	Phascolarctobacterium_succinatutens	M_cl_e	0.0	1.0	0	0.0
all	western_diet_gut_anoxic_membership	Acidaminococcus_intestini	Phascolarctobacterium_succinatutens	M_co2_e	0.0	0.0	1	0.0
all	western_diet_gut_anoxic_membership	Acidaminococcus_intestini	Phascolarctobacterium_succinatutens	M_cobalt2_e	0.0	1.0	0	0.0
all	western_diet_gut_anoxic_membership	Acidaminococcus_intestini	Phascolarctobacterium_succinatutens	M_cro4_e	0.0	0.0	0	0.0
all	western_diet_gut_anoxic_membership	Acidaminococcus_intestini	Phascolarctobacterium_succinatutens	M_ctbt_e	0.0	0.0	0	0.0
all	western_diet_gut_anoxic_membership	Acidaminococcus_intestini	Phascolarctobacterium_succinatutens	M_cu2_e	0.0	1.0	0	0.0
all	western_diet_gut_anoxic_membership	Acidaminococcus_intestini	Phascolarctobacterium_succinatutens	M_cys_L_e	0.0	0.0	0	0.0
all	western_diet_gut_anoxic_membership	Acidaminococcus_intestini	Phascolarctobacterium_succinatutens	M_czp_e	0.0	0.0	1	0.0
all	western_diet_gut_anoxic_membership	Acidaminococcus_intestini	Phascolarctobacterium_succinatutens	M_dfdcytd_e	0.0	0.0	0	0.0
all	western_diet_gut_anoxic_membership	Acidaminococcus_intestini	Phascolarctobacterium_succinatutens	M_dfduri_e	0.0	0.0	0	0.0
all	western_diet_gut_anoxic_membership	Acidaminococcus_intestini	Phascolarctobacterium_succinatutens	M_ethso3_e	0.0	0.0	0	0.0
all	western_diet_gut_anoxic_membership	Acidaminococcus_intestini	Phascolarctobacterium_succinatutens	M_etoh_e	0.0	0.0	0	0.0
all	western_diet_gut_anoxic_membership	Acidaminococcus_intestini	Phascolarctobacterium_succinatutens	M_fe2_e	0.0	1.0	0	0.0
all	western_diet_gut_anoxic_membership	Acidaminococcus_intestini	Phascolarctobacterium_succinatutens	M_fe3_e	0.0	1.0	0	0.0
all	western_diet_gut_anoxic_membership	Acidaminococcus_intestini	Phascolarctobacterium_succinatutens	M_fol_e	0.0	0.0	0	0.0
all	western_diet_gut_anoxic_membership	Acidaminococcus_intestini	Phascolarctobacterium_succinatutens	M_for_e	0.0	0.0	0	0.0
all	western_diet_gut_anoxic_membership	Acidaminococcus_intestini	Phascolarctobacterium_succinatutens	M_fru_e	0.0	0.3333333333333333	0	0.0
all	western_diet_gut_anoxic_membership	Acidaminococcus_intestini	Phascolarctobacterium_succinatutens	M_galt_e	0.0	0.0	0	0.0
all	western_diet_gut_anoxic_membership	Acidaminococcus_intestini	Phascolarctobacterium_succinatutens	M_gam_e	0.0	0.0	0	0.0
all	western_diet_gut_anoxic_membership	Acidaminococcus_intestini	Phascolarctobacterium_succinatutens	M_gbbtn_e	0.0	0.0	0	0.0
all	western_diet_gut_anoxic_membership	Acidaminococcus_intestini	Phascolarctobacterium_succinatutens	M_glc_D_e	0.0	0.3333333333333333	0	0.0
all	western_diet_gut_anoxic_membership	Acidaminococcus_intestini	Phascolarctobacterium_succinatutens	M_gln_L_e	0.0	0.0	0	0.0
all	western_diet_gut_anoxic_membership	Acidaminococcus_intestini	Phascolarctobacterium_succinatutens	M_glu_L_e	0.0	0.26666666666666666	0	0.0
all	western_diet_gut_anoxic_membership	Acidaminococcus_intestini	Phascolarctobacterium_succinatutens	M_glutar_e	0.0	0.0	0	0.0
all	western_diet_gut_anoxic_membership	Acidaminococcus_intestini	Phascolarctobacterium_succinatutens	M_gly_e	0.0	0.0	0	0.0
all	western_diet_gut_anoxic_membership	Acidaminococcus_intestini	Phascolarctobacterium_succinatutens	M_glyasn_e	0.0	0.0	0	0.0
all	western_diet_gut_anoxic_membership	Acidaminococcus_intestini	Phascolarctobacterium_succinatutens	M_glyb_e	0.0	0.0	0	0.0
all	western_diet_gut_anoxic_membership	Acidaminococcus_intestini	Phascolarctobacterium_succinatutens	M_glyc_e	0.0	0.3333333333333333	0	0.0
all	western_diet_gut_anoxic_membership	Acidaminococcus_intestini	Phascolarctobacterium_succinatutens	M_glycys_e	0.0	0.0	0	0.0
all	western_diet_gut_anoxic_membership	Acidaminococcus_intestini	Phascolarctobacterium_succinatutens	M_glygln_e	0.0	0.0	0	0.0
all	western_diet_gut_anoxic_membership	Acidaminococcus_intestini	Phascolarctobacterium_succinatutens	M_glyglu_e	0.0	0.0	0	0.0
all	western_diet_gut_anoxic_membership	Acidaminococcus_intestini	Phascolarctobacterium_succinatutens	M_glymet_e	0.0	0.0	0	0.0
all	western_diet_gut_anoxic_membership	Acidaminococcus_intestini	Phascolarctobacterium_succinatutens	M_glyphe_e	0.0	0.0	0	0.0
all	western_diet_gut_anoxic_membership	Acidaminococcus_intestini	Phascolarctobacterium_succinatutens	M_glypro_e	0.0	0.0	0	0.0
all	western_diet_gut_anoxic_membership	Acidaminococcus_intestini	Phascolarctobacterium_succinatutens	M_glytyr_e	0.0	0.0	0	0.0
all	western_diet_gut_anoxic_membership	Acidaminococcus_intestini	Phascolarctobacterium_succinatutens	M_gua_e	0.0	0.0	0	0.0
all	western_diet_gut_anoxic_membership	Acidaminococcus_intestini	Phascolarctobacterium_succinatutens	M_h2_e	0.0	0.0	0	0.0
all	western_diet_gut_anoxic_membership	Acidaminococcus_intestini	Phascolarctobacterium_succinatutens	M_h2o_e	0.0	0.2	0	0.0
all	western_diet_gut_anoxic_membership	Acidaminococcus_intestini	Phascolarctobacterium_succinatutens	M_h2s_e	0.0	0.0	0	0.0
all	western_diet_gut_anoxic_membership	Acidaminococcus_intestini	Phascolarctobacterium_succinatutens	M_h_e	0.0	0.3333333333333333	0	0.0
all	western_diet_gut_anoxic_membership	Acidaminococcus_intestini	Phascolarctobacterium_succinatutens	M_hexs_e	0.0	0.0	0	0.0
all	western_diet_gut_anoxic_membership	Acidaminococcus_intestini	Phascolarctobacterium_succinatutens	M_hg2_e	0.0	0.0	0	0.0
all	western_diet_gut_anoxic_membership	Acidaminococcus_intestini	Phascolarctobacterium_succinatutens	M_his_L_e	0.0	0.0	0	0.0
all	western_diet_gut_anoxic_membership	Acidaminococcus_intestini	Phascolarctobacterium_succinatutens	M_hxan_e	0.0	0.0	0	0.0
all	western_diet_gut_anoxic_membership	Acidaminococcus_intestini	Phascolarctobacterium_succinatutens	M_ile_L_e	0.0	0.0	0	0.0
all	western_diet_gut_anoxic_membership	Acidaminococcus_intestini	Phascolarctobacterium_succinatutens	M_ins_e	0.0	0.0	0	0.0
all	western_diet_gut_anoxic_membership	Acidaminococcus_intestini	Phascolarctobacterium_succinatutens	M_isetac_e	0.0	0.0	0	0.0
all	western_diet_gut_anoxic_membership	Acidaminococcus_intestini	Phascolarctobacterium_succinatutens	M_k_e	0.0	1.0	0	0.0
all	western_diet_gut_anoxic_membership	Acidaminococcus_intestini	Phascolarctobacterium_succinatutens	M_lac_D_e	0.0	0.2	0	0.0
all	western_diet_gut_anoxic_membership	Acidaminococcus_intestini	Phascolarctobacterium_succinatutens	M_lac_L_e	0.0	0.06666666666666667	0	0.0
all	western_diet_gut_anoxic_membership	Acidaminococcus_intestini	Phascolarctobacterium_succinatutens	M_leu_L_e	0.0	0.0	0	0.0
all	western_diet_gut_anoxic_membership	Acidaminococcus_intestini	Phascolarctobacterium_succinatutens	M_lys_L_e	0.0	0.0	0	0.0
all	western_diet_gut_anoxic_membership	Acidaminococcus_intestini	Phascolarctobacterium_succinatutens	M_mal_L_e	0.0	0.0	0	0.0
all	western_diet_gut_anoxic_membership	Acidaminococcus_intestini	Phascolarctobacterium_succinatutens	M_malt_e	0.0	0.0	0	0.0
all	western_diet_gut_anoxic_membership	Acidaminococcus_intestini	Phascolarctobacterium_succinatutens	M_malthx_e	0.0	0.0	0	0.0
all	western_diet_gut_anoxic_membership	Acidaminococcus_intestini	Phascolarctobacterium_succinatutens	M_malttr_e	0.0	0.0	0	0.0
all	western_diet_gut_anoxic_membership	Acidaminococcus_intestini	Phascolarctobacterium_succinatutens	M_man_e	0.0	0.0	0	0.0
all	western_diet_gut_anoxic_membership	Acidaminococcus_intestini	Phascolarctobacterium_succinatutens	M_met_D_e	0.0	0.0	0	0.0
all	western_diet_gut_anoxic_membership	Acidaminococcus_intestini	Phascolarctobacterium_succinatutens	M_met_L_e	0.0	0.0	0	0.0
all	western_diet_gut_anoxic_membership	Acidaminococcus_intestini	Phascolarctobacterium_succinatutens	M_metala_e	0.0	0.0	0	0.0
all	western_diet_gut_anoxic_membership	Acidaminococcus_intestini	Phascolarctobacterium_succinatutens	M_metsox_S_L_e	0.0	0.0	0	0.0
all	western_diet_gut_anoxic_membership	Acidaminococcus_intestini	Phascolarctobacterium_succinatutens	M_mg2_e	0.0	1.0	0	0.0
all	western_diet_gut_anoxic_membership	Acidaminococcus_intestini	Phascolarctobacterium_succinatutens	M_mn2_e	0.0	1.0	0	0.0
all	western_diet_gut_anoxic_membership	Acidaminococcus_intestini	Phascolarctobacterium_succinatutens	M_mnl_e	0.0	0.0	0	0.0
all	western_diet_gut_anoxic_membership	Acidaminococcus_intestini	Phascolarctobacterium_succinatutens	M_mops_e	0.0	0.0	0	0.0
all	western_diet_gut_anoxic_membership	Acidaminococcus_intestini	Phascolarctobacterium_succinatutens	M_mqn7_e	0.0	0.0	0	0.0
all	western_diet_gut_anoxic_membership	Acidaminococcus_intestini	Phascolarctobacterium_succinatutens	M_mqn8_e	0.0	1.0	0	0.0
all	western_diet_gut_anoxic_membership	Acidaminococcus_intestini	Phascolarctobacterium_succinatutens	M_mso3_e	0.0	0.0	0	0.0
all	western_diet_gut_anoxic_membership	Acidaminococcus_intestini	Phascolarctobacterium_succinatutens	M_na1_e	0.0	0.06666666666666667	0	0.0
all	western_diet_gut_anoxic_membership	Acidaminococcus_intestini	Phascolarctobacterium_succinatutens	M_nchlphncl_e	0.0	0.0	1	0.0
all	western_diet_gut_anoxic_membership	Acidaminococcus_intestini	Phascolarctobacterium_succinatutens	M_nh4_e	0.0	0.0	1	0.0
all	western_diet_gut_anoxic_membership	Acidaminococcus_intestini	Phascolarctobacterium_succinatutens	M_nmn_e	0.0	1.0	0	0.0
all	western_diet_gut_anoxic_membership	Acidaminococcus_intestini	Phascolarctobacterium_succinatutens	M_no3_e	0.0	0.0	0	0.0
all	western_diet_gut_anoxic_membership	Acidaminococcus_intestini	Phascolarctobacterium_succinatutens	M_nzp_e	0.0	0.0	1	0.0
all	western_diet_gut_anoxic_membership	Acidaminococcus_intestini	Phascolarctobacterium_succinatutens	M_o2_e	0.0	0.0	0	0.0
all	western_diet_gut_anoxic_membership	Acidaminococcus_intestini	Phascolarctobacterium_succinatutens	M_ocdca_e	0.0	1.0	0	0.0
all	western_diet_gut_anoxic_membership	Acidaminococcus_intestini	Phascolarctobacterium_succinatutens	M_orn_e	0.0	0.0	0	0.0
all	western_diet_gut_anoxic_membership	Acidaminococcus_intestini	Phascolarctobacterium_succinatutens	M_orot_e	0.0	0.0	0	0.0
all	western_diet_gut_anoxic_membership	Acidaminococcus_intestini	Phascolarctobacterium_succinatutens	M_pb_e	0.0	0.0	0	0.0
all	western_diet_gut_anoxic_membership	Acidaminococcus_intestini	Phascolarctobacterium_succinatutens	M_pcresol_e	0.0	0.0	0	0.0
all	western_diet_gut_anoxic_membership	Acidaminococcus_intestini	Phascolarctobacterium_succinatutens	M_phe_L_e	0.0	0.0	0	0.0
all	western_diet_gut_anoxic_membership	Acidaminococcus_intestini	Phascolarctobacterium_succinatutens	M_pheme_e	0.0	1.0	0	0.0
all	western_diet_gut_anoxic_membership	Acidaminococcus_intestini	Phascolarctobacterium_succinatutens	M_pi_e	0.0	1.0	0	0.0
all	western_diet_gut_anoxic_membership	Acidaminococcus_intestini	Phascolarctobacterium_succinatutens	M_pime_e	0.0	0.0	0	0.0
all	western_diet_gut_anoxic_membership	Acidaminococcus_intestini	Phascolarctobacterium_succinatutens	M_pnto_R_e	0.0	1.0	0	0.0
all	western_diet_gut_anoxic_membership	Acidaminococcus_intestini	Phascolarctobacterium_succinatutens	M_ppa_e	0.0	0.0	1	0.0
all	western_diet_gut_anoxic_membership	Acidaminococcus_intestini	Phascolarctobacterium_succinatutens	M_pro_L_e	0.0	0.0	0	0.0
all	western_diet_gut_anoxic_membership	Acidaminococcus_intestini	Phascolarctobacterium_succinatutens	M_ptrc_e	0.0	0.0	0	0.0
all	western_diet_gut_anoxic_membership	Acidaminococcus_intestini	Phascolarctobacterium_succinatutens	M_pydam_e	0.0	0.0	0	0.0
all	western_diet_gut_anoxic_membership	Acidaminococcus_intestini	Phascolarctobacterium_succinatutens	M_pydx5p_e	0.0	0.0	0	0.0
all	western_diet_gut_anoxic_membership	Acidaminococcus_intestini	Phascolarctobacterium_succinatutens	M_pydx_e	0.0	1.0	0	0.0
all	western_diet_gut_anoxic_membership	Acidaminococcus_intestini	Phascolarctobacterium_succinatutens	M_pydxn_e	0.0	0.0	0	0.0
all	western_diet_gut_anoxic_membership	Acidaminococcus_intestini	Phascolarctobacterium_succinatutens	M_pyr_e	0.0	0.0	0	0.0
all	western_diet_gut_anoxic_membership	Acidaminococcus_intestini	Phascolarctobacterium_succinatutens	M_r406_e	0.0	0.0	0	0.0
all	western_diet_gut_anoxic_membership	Acidaminococcus_intestini	Phascolarctobacterium_succinatutens	M_r788_e	0.0	0.0	0	0.0
all	western_diet_gut_anoxic_membership	Acidaminococcus_intestini	Phascolarctobacterium_succinatutens	M_ribflv_e	0.0	0.0	0	0.0
all	western_diet_gut_anoxic_membership	Acidaminococcus_intestini	Phascolarctobacterium_succinatutens	M_salcn_e	0.0	0.0	0	0.0
all	western_diet_gut_anoxic_membership	Acidaminococcus_intestini	Phascolarctobacterium_succinatutens	M_sbt_D_e	0.0	0.0	0	0.0
all	western_diet_gut_anoxic_membership	Acidaminococcus_intestini	Phascolarctobacterium_succinatutens	M_ser_L_e	0.0	1.0	0	0.0
all	western_diet_gut_anoxic_membership	Acidaminococcus_intestini	Phascolarctobacterium_succinatutens	M_so4_e	0.0	1.0	0	0.0
all	western_diet_gut_anoxic_membership	Acidaminococcus_intestini	Phascolarctobacterium_succinatutens	M_spmd_e	0.0	1.0	0	0.0
all	western_diet_gut_anoxic_membership	Acidaminococcus_intestini	Phascolarctobacterium_succinatutens	M_succ_e	0.0	0.0	0	0.0
all	western_diet_gut_anoxic_membership	Acidaminococcus_intestini	Phascolarctobacterium_succinatutens	M_sucr_e	0.0	0.0	0	0.0
all	western_diet_gut_anoxic_membership	Acidaminococcus_intestini	Phascolarctobacterium_succinatutens	M_sulfac_e	0.0	0.0	0	0.0
all	western_diet_gut_anoxic_membership	Acidaminococcus_intestini	Phascolarctobacterium_succinatutens	M_taur_e	0.0	0.0	0	0.0
all	western_diet_gut_anoxic_membership	Acidaminococcus_intestini	Phascolarctobacterium_succinatutens	M_thm_e	0.0	0.0	0	0.0
all	western_diet_gut_anoxic_membership	Acidaminococcus_intestini	Phascolarctobacterium_succinatutens	M_thymd_e	0.0	0.0	0	0.0
all	western_diet_gut_anoxic_membership	Acidaminococcus_intestini	Phascolarctobacterium_succinatutens	M_tre_e	0.0	0.0	0	0.0
all	western_diet_gut_anoxic_membership	Acidaminococcus_intestini	Phascolarctobacterium_succinatutens	M_trp_L_e	0.0	0.0	0	0.0
all	western_diet_gut_anoxic_membership	Acidaminococcus_intestini	Phascolarctobacterium_succinatutens	M_ttdca_e	0.0	1.0	0	0.0
all	western_diet_gut_anoxic_membership	Acidaminococcus_intestini	Phascolarctobacterium_succinatutens	M_tyr_L_e	0.0	0.0	0	0.0
all	western_diet_gut_anoxic_membership	Acidaminococcus_intestini	Phascolarctobacterium_succinatutens	M_ura_e	0.0	0.0	0	0.0
all	western_diet_gut_anoxic_membership	Acidaminococcus_intestini	Phascolarctobacterium_succinatutens	M_val_L_e	0.0	0.0	0	0.0
all	western_diet_gut_anoxic_membership	Acidaminococcus_intestini	Phascolarctobacterium_succinatutens	M_xan_e	0.0	0.0	0	0.0
all	western_diet_gut_anoxic_membership	Acidaminococcus_intestini	Phascolarctobacterium_succinatutens	M_zn2_e	0.0	1.0	0	0.0
all	western_diet_gut_anoxic_membership	Acidaminococcus_intestini	Bacteroides_vulgatus	M_12ppd_S_e	0.0	0.0	1	0.0
all	western_diet_gut_anoxic_membership	Acidaminococcus_intestini	Bacteroides_vulgatus	M_4abut_e	0.0	0.0	1	0.0
all	western_diet_gut_anoxic_membership	Acidaminococcus_intestini	Bacteroides_vulgatus	M_4abz_e	0.0	1.0	0	0.0
all	western_diet_gut_anoxic_membership	Acidaminococcus_intestini	Bacteroides_vulgatus	M_4ahmmp_e	0.0	0.0	0	0.0
all	western_diet_gut_anoxic_membership	Acidaminococcus_intestini	Bacteroides_vulgatus	M_5asa_e	0.0	0.0	0	0.0
all	western_diet_gut_anoxic_membership	Acidaminococcus_intestini	Bacteroides_vulgatus	M_7a_czp_e	0.0	0.2	0	0.0
all	western_diet_gut_anoxic_membership	Acidaminococcus_intestini	Bacteroides_vulgatus	M_7dhcdchol_e	0.0	0.0	0	0.0
all	western_diet_gut_anoxic_membership	Acidaminococcus_intestini	Bacteroides_vulgatus	M_7ocholate_e	0.0	0.0	0	0.0
all	western_diet_gut_anoxic_membership	Acidaminococcus_intestini	Bacteroides_vulgatus	M_C02528_e	0.0	0.0	0	0.0
all	western_diet_gut_anoxic_membership	Acidaminococcus_intestini	Bacteroides_vulgatus	M_Cit_Mg_e	0.0	0.0	0	0.0
all	western_diet_gut_anoxic_membership	Acidaminococcus_intestini	Bacteroides_vulgatus	M_Lcyst_e	0.0	0.0	0	0.0
all	western_diet_gut_anoxic_membership	Acidaminococcus_intestini	Bacteroides_vulgatus	M_Ser_Thr_e	0.0	0.0	0	0.0
all	western_diet_gut_anoxic_membership	Acidaminococcus_intestini	Bacteroides_vulgatus	M_T_antigen_e	0.0	0.0	0	0.0
all	western_diet_gut_anoxic_membership	Acidaminococcus_intestini	Bacteroides_vulgatus	M_Tn_antigen_e	0.0	0.0	0	0.0
all	western_diet_gut_anoxic_membership	Acidaminococcus_intestini	Bacteroides_vulgatus	M_Tyr_ggn_e	0.0	0.0	0	0.0
all	western_diet_gut_anoxic_membership	Acidaminococcus_intestini	Bacteroides_vulgatus	M_abz_ala_b_e	0.0	0.0	0	0.0
all	western_diet_gut_anoxic_membership	Acidaminococcus_intestini	Bacteroides_vulgatus	M_ac_e	0.0	0.0	0	0.0
all	western_diet_gut_anoxic_membership	Acidaminococcus_intestini	Bacteroides_vulgatus	M_acald_e	0.0	0.0	0	0.0
all	western_diet_gut_anoxic_membership	Acidaminococcus_intestini	Bacteroides_vulgatus	M_acgal_e	0.0	0.0	0	0.0
all	western_diet_gut_anoxic_membership	Acidaminococcus_intestini	Bacteroides_vulgatus	M_acgam_e	0.0	0.0	0	0.0
all	western_diet_gut_anoxic_membership	Acidaminococcus_intestini	Bacteroides_vulgatus	M_ade_e	0.0	0.0	0	0.0
all	western_diet_gut_anoxic_membership	Acidaminococcus_intestini	Bacteroides_vulgatus	M_adn_e	0.0	0.0	0	0.0
all	western_diet_gut_anoxic_membership	Acidaminococcus_intestini	Bacteroides_vulgatus	M_adocbl_e	0.0	0.0	0	0.0
all	western_diet_gut_anoxic_membership	Acidaminococcus_intestini	Bacteroides_vulgatus	M_ala_L_e	0.0	0.0	0	0.0
all	western_diet_gut_anoxic_membership	Acidaminococcus_intestini	Bacteroides_vulgatus	M_alaasp_e	0.0	0.0	0	0.0
all	western_diet_gut_anoxic_membership	Acidaminococcus_intestini	Bacteroides_vulgatus	M_alagln_e	0.0	0.0	0	0.0
all	western_diet_gut_anoxic_membership	Acidaminococcus_intestini	Bacteroides_vulgatus	M_alaglu_e	0.0	0.0	0	0.0
all	western_diet_gut_anoxic_membership	Acidaminococcus_intestini	Bacteroides_vulgatus	M_alagly_e	0.0	0.0	0	0.0
all	western_diet_gut_anoxic_membership	Acidaminococcus_intestini	Bacteroides_vulgatus	M_alahis_e	0.0	0.0	0	0.0
all	western_diet_gut_anoxic_membership	Acidaminococcus_intestini	Bacteroides_vulgatus	M_alaleu_e	0.0	0.0	0	0.0
all	western_diet_gut_anoxic_membership	Acidaminococcus_intestini	Bacteroides_vulgatus	M_alathr_e	0.0	0.0	0	0.0
all	western_diet_gut_anoxic_membership	Acidaminococcus_intestini	Bacteroides_vulgatus	M_anzp_e	0.0	0.2	0	0.0
all	western_diet_gut_anoxic_membership	Acidaminococcus_intestini	Bacteroides_vulgatus	M_arabttr_e	0.0	0.0	0	0.0
all	western_diet_gut_anoxic_membership	Acidaminococcus_intestini	Bacteroides_vulgatus	M_arbt_e	0.0	0.0	0	0.0
all	western_diet_gut_anoxic_membership	Acidaminococcus_intestini	Bacteroides_vulgatus	M_arg_L_e	0.0	0.0	0	0.0
all	western_diet_gut_anoxic_membership	Acidaminococcus_intestini	Bacteroides_vulgatus	M_arsenb_e	0.0	0.0	0	0.0
all	western_diet_gut_anoxic_membership	Acidaminococcus_intestini	Bacteroides_vulgatus	M_asn_L_e	0.0	1.0	0	0.0
all	western_diet_gut_anoxic_membership	Acidaminococcus_intestini	Bacteroides_vulgatus	M_asp_L_e	0.0	0.0	0	0.0
all	western_diet_gut_anoxic_membership	Acidaminococcus_intestini	Bacteroides_vulgatus	M_btn_e	0.0	0.0	0	0.0
all	western_diet_gut_anoxic_membership	Acidaminococcus_intestini	Bacteroides_vulgatus	M_but_e	0.0	0.0	0	0.0
all	western_diet_gut_anoxic_membership	Acidaminococcus_intestini	Bacteroides_vulgatus	M_butso3_e	0.0	0.0	0	0.0
all	western_diet_gut_anoxic_membership	Acidaminococcus_intestini	Bacteroides_vulgatus	M_bz_e	0.0	0.0	0	0.0
all	western_diet_gut_anoxic_membership	Acidaminococcus_intestini	Bacteroides_vulgatus	M_bzam_e	0.0	0.0	0	0.0
all	western_diet_gut_anoxic_membership	Acidaminococcus_intestini	Bacteroides_vulgatus	M_bzd_e	0.0	0.0	0	0.0
all	western_diet_gut_anoxic_membership	Acidaminococcus_intestini	Bacteroides_vulgatus	M_ca2_e	0.0	1.0	0	0.0
all	western_diet_gut_anoxic_membership	Acidaminococcus_intestini	Bacteroides_vulgatus	M_cbl1_e	0.0	0.0	0	0.0
all	western_diet_gut_anoxic_membership	Acidaminococcus_intestini	Bacteroides_vulgatus	M_cbl2_e	0.0	0.0	0	0.0
all	western_diet_gut_anoxic_membership	Acidaminococcus_intestini	Bacteroides_vulgatus	M_cd2_e	0.0	0.0	0	0.0
all	western_diet_gut_anoxic_membership	Acidaminococcus_intestini	Bacteroides_vulgatus	M_cgly_e	0.0	1.0	0	0.0
all	western_diet_gut_anoxic_membership	Acidaminococcus_intestini	Bacteroides_vulgatus	M_chlphncl_e	0.0	0.0	0	0.0
all	western_diet_gut_anoxic_membership	Acidaminococcus_intestini	Bacteroides_vulgatus	M_cholate_e	0.0	0.0	0	0.0
all	western_diet_gut_anoxic_membership	Acidaminococcus_intestini	Bacteroides_vulgatus	M_chsterol_e	0.0	0.0	0	0.0
all	western_diet_gut_anoxic_membership	Acidaminococcus_intestini	Bacteroides_vulgatus	M_cit_e	0.0	0.3333333333333333	0	0.0
all	western_diet_gut_anoxic_membership	Acidaminococcus_intestini	Bacteroides_vulgatus	M_cl_e	0.0	1.0	0	0.0
all	western_diet_gut_anoxic_membership	Acidaminococcus_intestini	Bacteroides_vulgatus	M_co2_e	0.0	0.0	1	0.0
all	western_diet_gut_anoxic_membership	Acidaminococcus_intestini	Bacteroides_vulgatus	M_cobalt2_e	0.0	1.0	0	0.0
all	western_diet_gut_anoxic_membership	Acidaminococcus_intestini	Bacteroides_vulgatus	M_core2_e	0.0	0.0	0	0.0
all	western_diet_gut_anoxic_membership	Acidaminococcus_intestini	Bacteroides_vulgatus	M_core3_e	0.0	0.0	0	0.0
all	western_diet_gut_anoxic_membership	Acidaminococcus_intestini	Bacteroides_vulgatus	M_core4_e	0.0	0.0	0	0.0
all	western_diet_gut_anoxic_membership	Acidaminococcus_intestini	Bacteroides_vulgatus	M_core5_e	0.0	0.0	0	0.0
all	western_diet_gut_anoxic_membership	Acidaminococcus_intestini	Bacteroides_vulgatus	M_core6_e	0.0	0.0	0	0.0
all	western_diet_gut_anoxic_membership	Acidaminococcus_intestini	Bacteroides_vulgatus	M_core7_e	0.0	0.0	0	0.0
all	western_diet_gut_anoxic_membership	Acidaminococcus_intestini	Bacteroides_vulgatus	M_core8_e	0.0	0.0	0	0.0
all	western_diet_gut_anoxic_membership	Acidaminococcus_intestini	Bacteroides_vulgatus	M_cro4_e	0.0	0.0	0	0.0
all	western_diet_gut_anoxic_membership	Acidaminococcus_intestini	Bacteroides_vulgatus	M_ctbt_e	0.0	0.0	0	0.0
all	western_diet_gut_anoxic_membership	Acidaminococcus_intestini	Bacteroides_vulgatus	M_cu2_e	0.0	1.0	0	0.0
all	western_diet_gut_anoxic_membership	Acidaminococcus_intestini	Bacteroides_vulgatus	M_cys_L_e	0.0	0.0	0	0.0
all	western_diet_gut_anoxic_membership	Acidaminococcus_intestini	Bacteroides_vulgatus	M_czp_e	0.0	0.0	0	0.0
all	western_diet_gut_anoxic_membership	Acidaminococcus_intestini	Bacteroides_vulgatus	M_dchac_e	0.0	0.0	0	0.0
all	western_diet_gut_anoxic_membership	Acidaminococcus_intestini	Bacteroides_vulgatus	M_dextrin_e	0.0	0.0	0	0.0
all	western_diet_gut_anoxic_membership	Acidaminococcus_intestini	Bacteroides_vulgatus	M_dfdcytd_e	0.0	0.0	0	0.0
all	western_diet_gut_anoxic_membership	Acidaminococcus_intestini	Bacteroides_vulgatus	M_dfduri_e	0.0	0.0	0	0.0
all	western_diet_gut_anoxic_membership	Acidaminococcus_intestini	Bacteroides_vulgatus	M_dsT_antigen_e	0.0	0.0	0	0.0
all	western_diet_gut_anoxic_membership	Acidaminococcus_intestini	Bacteroides_vulgatus	M_ethso3_e	0.0	0.0	0	0.0
all	western_diet_gut_anoxic_membership	Acidaminococcus_intestini	Bacteroides_vulgatus	M_etoh_e	0.0	0.0	0	0.0
all	western_diet_gut_anoxic_membership	Acidaminococcus_intestini	Bacteroides_vulgatus	M_f1a_e	0.0	0.0	0	0.0
all	western_diet_gut_anoxic_membership	Acidaminococcus_intestini	Bacteroides_vulgatus	M_fe2_e	0.0	1.0	0	0.0
all	western_diet_gut_anoxic_membership	Acidaminococcus_intestini	Bacteroides_vulgatus	M_fe3_e	0.0	1.0	0	0.0
all	western_diet_gut_anoxic_membership	Acidaminococcus_intestini	Bacteroides_vulgatus	M_fol_e	0.0	0.0	0	0.0
all	western_diet_gut_anoxic_membership	Acidaminococcus_intestini	Bacteroides_vulgatus	M_for_e	0.0	0.0	0	0.0
all	western_diet_gut_anoxic_membership	Acidaminococcus_intestini	Bacteroides_vulgatus	M_fru_e	0.0	0.3333333333333333	0	0.0
all	western_diet_gut_anoxic_membership	Acidaminococcus_intestini	Bacteroides_vulgatus	M_galt_e	0.0	0.0	0	0.0
all	western_diet_gut_anoxic_membership	Acidaminococcus_intestini	Bacteroides_vulgatus	M_galur_e	0.0	0.0	0	0.0
all	western_diet_gut_anoxic_membership	Acidaminococcus_intestini	Bacteroides_vulgatus	M_gam_e	0.0	0.0	0	0.0
all	western_diet_gut_anoxic_membership	Acidaminococcus_intestini	Bacteroides_vulgatus	M_gbbtn_e	0.0	0.0	0	0.0
all	western_diet_gut_anoxic_membership	Acidaminococcus_intestini	Bacteroides_vulgatus	M_gcald_e	0.0	0.0	1	0.0
all	western_diet_gut_anoxic_membership	Acidaminococcus_intestini	Bacteroides_vulgatus	M_glc_D_e	0.0	0.3333333333333333	1	0.0
all	western_diet_gut_anoxic_membership	Acidaminococcus_intestini	Bacteroides_vulgatus	M_glcur_e	0.0	0.0	0	0.0
all	western_diet_gut_anoxic_membership	Acidaminococcus_intestini	Bacteroides_vulgatus	M_gln_L_e	0.0	0.0	0	0.0
all	western_diet_gut_anoxic_membership	Acidaminococcus_intestini	Bacteroides_vulgatus	M_glu_L_e	0.0	0.26666666666666666	0	0.0
all	western_diet_gut_anoxic_membership	Acidaminococcus_intestini	Bacteroides_vulgatus	M_glutar_e	0.0	0.0	0	0.0
all	western_diet_gut_anoxic_membership	Acidaminococcus_intestini	Bacteroides_vulgatus	M_gly_e	0.0	0.0	0	0.0
all	western_diet_gut_anoxic_membership	Acidaminococcus_intestini	Bacteroides_vulgatus	M_glyasn_e	0.0	0.0	0	0.0
all	western_diet_gut_anoxic_membership	Acidaminococcus_intestini	Bacteroides_vulgatus	M_glyb_e	0.0	0.0	0	0.0
all	western_diet_gut_anoxic_membership	Acidaminococcus_intestini	Bacteroides_vulgatus	M_glyc_e	0.0	0.3333333333333333	0	0.0
all	western_diet_gut_anoxic_membership	Acidaminococcus_intestini	Bacteroides_vulgatus	M_glycys_e	0.0	0.0	0	0.0
all	western_diet_gut_anoxic_membership	Acidaminococcus_intestini	Bacteroides_vulgatus	M_glygln_e	0.0	0.0	0	0.0
all	western_diet_gut_anoxic_membership	Acidaminococcus_intestini	Bacteroides_vulgatus	M_glyglu_e	0.0	0.0	0	0.0
all	western_diet_gut_anoxic_membership	Acidaminococcus_intestini	Bacteroides_vulgatus	M_glygn2_e	0.0	0.0	0	0.0
all	western_diet_gut_anoxic_membership	Acidaminococcus_intestini	Bacteroides_vulgatus	M_glygn4_e	0.0	0.0	0	0.0
all	western_diet_gut_anoxic_membership	Acidaminococcus_intestini	Bacteroides_vulgatus	M_glygn5_e	0.0	0.0	0	0.0
all	western_diet_gut_anoxic_membership	Acidaminococcus_intestini	Bacteroides_vulgatus	M_glymet_e	0.0	0.0	0	0.0
all	western_diet_gut_anoxic_membership	Acidaminococcus_intestini	Bacteroides_vulgatus	M_glyphe_e	0.0	0.0	0	0.0
all	western_diet_gut_anoxic_membership	Acidaminococcus_intestini	Bacteroides_vulgatus	M_glypro_e	0.0	0.0	0	0.0
all	western_diet_gut_anoxic_membership	Acidaminococcus_intestini	Bacteroides_vulgatus	M_glytyr_e	0.0	0.0	0	0.0
all	western_diet_gut_anoxic_membership	Acidaminococcus_intestini	Bacteroides_vulgatus	M_gncore1_e	0.0	0.0	0	0.0
all	western_diet_gut_anoxic_membership	Acidaminococcus_intestini	Bacteroides_vulgatus	M_gncore2_e	0.0	0.0	0	0.0
all	western_diet_gut_anoxic_membership	Acidaminococcus_intestini	Bacteroides_vulgatus	M_gua_e	0.0	0.0	0	0.0
all	western_diet_gut_anoxic_membership	Acidaminococcus_intestini	Bacteroides_vulgatus	M_h2_e	0.0	0.0	0	0.0
all	western_diet_gut_anoxic_membership	Acidaminococcus_intestini	Bacteroides_vulgatus	M_h2o_e	0.0	0.2	0	0.0
all	western_diet_gut_anoxic_membership	Acidaminococcus_intestini	Bacteroides_vulgatus	M_h2s_e	0.0	0.0	0	0.0
all	western_diet_gut_anoxic_membership	Acidaminococcus_intestini	Bacteroides_vulgatus	M_h_e	0.0	0.3333333333333333	0	0.0
all	western_diet_gut_anoxic_membership	Acidaminococcus_intestini	Bacteroides_vulgatus	M_hexs_e	0.0	0.0	0	0.0
all	western_diet_gut_anoxic_membership	Acidaminococcus_intestini	Bacteroides_vulgatus	M_hg2_e	0.0	0.0	0	0.0
all	western_diet_gut_anoxic_membership	Acidaminococcus_intestini	Bacteroides_vulgatus	M_his_L_e	0.0	0.0	0	0.0
all	western_diet_gut_anoxic_membership	Acidaminococcus_intestini	Bacteroides_vulgatus	M_hxan_e	0.0	0.0	0	0.0
all	western_diet_gut_anoxic_membership	Acidaminococcus_intestini	Bacteroides_vulgatus	M_ile_L_e	0.0	0.0	0	0.0
all	western_diet_gut_anoxic_membership	Acidaminococcus_intestini	Bacteroides_vulgatus	M_ins_e	0.0	0.0	0	0.0
all	western_diet_gut_anoxic_membership	Acidaminococcus_intestini	Bacteroides_vulgatus	M_isetac_e	0.0	0.0	0	0.0
all	western_diet_gut_anoxic_membership	Acidaminococcus_intestini	Bacteroides_vulgatus	M_isobut_e	0.0	0.0	1	0.0
all	western_diet_gut_anoxic_membership	Acidaminococcus_intestini	Bacteroides_vulgatus	M_isocapr_e	0.0	0.0	1	0.0
all	western_diet_gut_anoxic_membership	Acidaminococcus_intestini	Bacteroides_vulgatus	M_isoval_e	0.0	0.0	1	0.0
all	western_diet_gut_anoxic_membership	Acidaminococcus_intestini	Bacteroides_vulgatus	M_k_e	0.0	1.0	0	0.0
all	western_diet_gut_anoxic_membership	Acidaminococcus_intestini	Bacteroides_vulgatus	M_kesto_e	0.0	0.0	0	0.0
all	western_diet_gut_anoxic_membership	Acidaminococcus_intestini	Bacteroides_vulgatus	M_kestottr_e	0.0	0.0	0	0.0
all	western_diet_gut_anoxic_membership	Acidaminococcus_intestini	Bacteroides_vulgatus	M_lac_D_e	0.0	0.2	1	0.0
all	western_diet_gut_anoxic_membership	Acidaminococcus_intestini	Bacteroides_vulgatus	M_lac_L_e	0.0	0.06666666666666667	1	0.0
all	western_diet_gut_anoxic_membership	Acidaminococcus_intestini	Bacteroides_vulgatus	M_leu_L_e	0.0	0.0	0	0.0
all	western_diet_gut_anoxic_membership	Acidaminococcus_intestini	Bacteroides_vulgatus	M_lys_L_e	0.0	0.0	0	0.0
all	western_diet_gut_anoxic_membership	Acidaminococcus_intestini	Bacteroides_vulgatus	M_mal_L_e	0.0	0.0	0	0.0
all	western_diet_gut_anoxic_membership	Acidaminococcus_intestini	Bacteroides_vulgatus	M_malt_e	0.0	0.0	0	0.0
all	western_diet_gut_anoxic_membership	Acidaminococcus_intestini	Bacteroides_vulgatus	M_malttr_e	0.0	0.0	1	0.0
all	western_diet_gut_anoxic_membership	Acidaminococcus_intestini	Bacteroides_vulgatus	M_man_e	0.0	0.0	0	0.0
all	western_diet_gut_anoxic_membership	Acidaminococcus_intestini	Bacteroides_vulgatus	M_mantr_e	0.0	0.0	0	0.0
all	western_diet_gut_anoxic_membership	Acidaminococcus_intestini	Bacteroides_vulgatus	M_met_D_e	0.0	0.0	0	0.0
all	western_diet_gut_anoxic_membership	Acidaminococcus_intestini	Bacteroides_vulgatus	M_met_L_e	0.0	0.0	0	0.0
all	western_diet_gut_anoxic_membership	Acidaminococcus_intestini	Bacteroides_vulgatus	M_metala_e	0.0	0.0	0	0.0
all	western_diet_gut_anoxic_membership	Acidaminococcus_intestini	Bacteroides_vulgatus	M_metsox_S_L_e	0.0	0.0	0	0.0
all	western_diet_gut_anoxic_membership	Acidaminococcus_intestini	Bacteroides_vulgatus	M_mg2_e	0.0	1.0	0	0.0
all	western_diet_gut_anoxic_membership	Acidaminococcus_intestini	Bacteroides_vulgatus	M_mn2_e	0.0	1.0	0	0.0
all	western_diet_gut_anoxic_membership	Acidaminococcus_intestini	Bacteroides_vulgatus	M_mnl_e	0.0	0.0	0	0.0
all	western_diet_gut_anoxic_membership	Acidaminococcus_intestini	Bacteroides_vulgatus	M_mops_e	0.0	0.0	0	0.0
all	western_diet_gut_anoxic_membership	Acidaminococcus_intestini	Bacteroides_vulgatus	M_mqn7_e	0.0	0.0	0	0.0
all	western_diet_gut_anoxic_membership	Acidaminococcus_intestini	Bacteroides_vulgatus	M_mqn8_e	0.0	1.0	0	0.0
all	western_diet_gut_anoxic_membership	Acidaminococcus_intestini	Bacteroides_vulgatus	M_mso3_e	0.0	0.0	0	0.0
all	western_diet_gut_anoxic_membership	Acidaminococcus_intestini	Bacteroides_vulgatus	M_na1_e	0.0	0.06666666666666667	0	0.0
all	western_diet_gut_anoxic_membership	Acidaminococcus_intestini	Bacteroides_vulgatus	M_nchlphncl_e	0.0	0.0	0	0.0
all	western_diet_gut_anoxic_membership	Acidaminococcus_intestini	Bacteroides_vulgatus	M_neopront_e	0.0	0.0	0	0.0
all	western_diet_gut_anoxic_membership	Acidaminococcus_intestini	Bacteroides_vulgatus	M_nh4_e	0.0	0.0	1	0.0
all	western_diet_gut_anoxic_membership	Acidaminococcus_intestini	Bacteroides_vulgatus	M_nmn_e	0.0	1.0	0	0.0
all	western_diet_gut_anoxic_membership	Acidaminococcus_intestini	Bacteroides_vulgatus	M_no3_e	0.0	0.0	0	0.0
all	western_diet_gut_anoxic_membership	Acidaminococcus_intestini	Bacteroides_vulgatus	M_nzp_e	0.0	0.0	0	0.0
all	western_diet_gut_anoxic_membership	Acidaminococcus_intestini	Bacteroides_vulgatus	M_o2_e	0.0	0.0	0	0.0
all	western_diet_gut_anoxic_membership	Acidaminococcus_intestini	Bacteroides_vulgatus	M_ocdca_e	0.0	1.0	0	0.0
all	western_diet_gut_anoxic_membership	Acidaminococcus_intestini	Bacteroides_vulgatus	M_olsa_e	0.0	0.0	0	0.0
all	western_diet_gut_anoxic_membership	Acidaminococcus_intestini	Bacteroides_vulgatus	M_orn_e	0.0	0.0	0	0.0
all	western_diet_gut_anoxic_membership	Acidaminococcus_intestini	Bacteroides_vulgatus	M_orot_e	0.0	0.0	0	0.0
all	western_diet_gut_anoxic_membership	Acidaminococcus_intestini	Bacteroides_vulgatus	M_pb_e	0.0	0.0	0	0.0
all	western_diet_gut_anoxic_membership	Acidaminococcus_intestini	Bacteroides_vulgatus	M_pcresol_e	0.0	0.0	0	0.0
all	western_diet_gut_anoxic_membership	Acidaminococcus_intestini	Bacteroides_vulgatus	M_phe_L_e	0.0	0.0	0	0.0
all	western_diet_gut_anoxic_membership	Acidaminococcus_intestini	Bacteroides_vulgatus	M_pheme_e	0.0	1.0	0	0.0
all	western_diet_gut_anoxic_membership	Acidaminococcus_intestini	Bacteroides_vulgatus	M_pi_e	0.0	1.0	0	0.0
all	western_diet_gut_anoxic_membership	Acidaminococcus_intestini	Bacteroides_vulgatus	M_pime_e	0.0	0.0	0	0.0
all	western_diet_gut_anoxic_membership	Acidaminococcus_intestini	Bacteroides_vulgatus	M_pnto_R_e	0.0	1.0	0	0.0
all	western_diet_gut_anoxic_membership	Acidaminococcus_intestini	Bacteroides_vulgatus	M_ppa_e	0.0	0.0	1	0.0
all	western_diet_gut_anoxic_membership	Acidaminococcus_intestini	Bacteroides_vulgatus	M_ppi_e	0.0	0.0	1	0.0
all	western_diet_gut_anoxic_membership	Acidaminococcus_intestini	Bacteroides_vulgatus	M_pro_L_e	0.0	0.0	0	0.0
all	western_diet_gut_anoxic_membership	Acidaminococcus_intestini	Bacteroides_vulgatus	M_pront_e	0.0	0.0	0	0.0
all	western_diet_gut_anoxic_membership	Acidaminococcus_intestini	Bacteroides_vulgatus	M_ptrc_e	0.0	0.0	0	0.0
all	western_diet_gut_anoxic_membership	Acidaminococcus_intestini	Bacteroides_vulgatus	M_pydam_e	0.0	0.0	0	0.0
all	western_diet_gut_anoxic_membership	Acidaminococcus_intestini	Bacteroides_vulgatus	M_pydx5p_e	0.0	0.0	0	0.0
all	western_diet_gut_anoxic_membership	Acidaminococcus_intestini	Bacteroides_vulgatus	M_pydx_e	0.0	1.0	0	0.0
all	western_diet_gut_anoxic_membership	Acidaminococcus_intestini	Bacteroides_vulgatus	M_pydxn_e	0.0	0.0	0	0.0
all	western_diet_gut_anoxic_membership	Acidaminococcus_intestini	Bacteroides_vulgatus	M_pyr_e	0.0	0.0	1	0.0
all	western_diet_gut_anoxic_membership	Acidaminococcus_intestini	Bacteroides_vulgatus	M_r406_e	0.0	0.0	0	0.0
all	western_diet_gut_anoxic_membership	Acidaminococcus_intestini	Bacteroides_vulgatus	M_r788_e	0.0	0.0	0	0.0
all	western_diet_gut_anoxic_membership	Acidaminococcus_intestini	Bacteroides_vulgatus	M_ribflv_e	0.0	0.0	0	0.0
all	western_diet_gut_anoxic_membership	Acidaminococcus_intestini	Bacteroides_vulgatus	M_sT_antigen_e	0.0	0.0	0	0.0
all	western_diet_gut_anoxic_membership	Acidaminococcus_intestini	Bacteroides_vulgatus	M_sTn_antigen_e	0.0	0.0	0	0.0
all	western_diet_gut_anoxic_membership	Acidaminococcus_intestini	Bacteroides_vulgatus	M_salcn_e	0.0	0.0	0	0.0
all	western_diet_gut_anoxic_membership	Acidaminococcus_intestini	Bacteroides_vulgatus	M_sanilamide_e	0.0	0.0	0	0.0
all	western_diet_gut_anoxic_membership	Acidaminococcus_intestini	Bacteroides_vulgatus	M_sbt_D_e	0.0	0.0	0	0.0
all	western_diet_gut_anoxic_membership	Acidaminococcus_intestini	Bacteroides_vulgatus	M_ser_L_e	0.0	1.0	0	0.0
all	western_diet_gut_anoxic_membership	Acidaminococcus_intestini	Bacteroides_vulgatus	M_so4_e	0.0	1.0	0	0.0
all	western_diet_gut_anoxic_membership	Acidaminococcus_intestini	Bacteroides_vulgatus	M_spmd_e	0.0	1.0	0	0.0
all	western_diet_gut_anoxic_membership	Acidaminococcus_intestini	Bacteroides_vulgatus	M_ssz_e	0.0	0.0	0	0.0
all	western_diet_gut_anoxic_membership	Acidaminococcus_intestini	Bacteroides_vulgatus	M_stys_e	0.0	0.0	0	0.0
all	western_diet_gut_anoxic_membership	Acidaminococcus_intestini	Bacteroides_vulgatus	M_succ_e	0.0	0.0	0	0.0
all	western_diet_gut_anoxic_membership	Acidaminococcus_intestini	Bacteroides_vulgatus	M_sucr_e	0.0	0.0	0	0.0
all	western_diet_gut_anoxic_membership	Acidaminococcus_intestini	Bacteroides_vulgatus	M_sulfac_e	0.0	0.0	0	0.0
all	western_diet_gut_anoxic_membership	Acidaminococcus_intestini	Bacteroides_vulgatus	M_sulfp_e	0.0	0.0	0	0.0
all	western_diet_gut_anoxic_membership	Acidaminococcus_intestini	Bacteroides_vulgatus	M_tab_e	0.0	0.0	0	0.0
all	western_diet_gut_anoxic_membership	Acidaminococcus_intestini	Bacteroides_vulgatus	M_taur_e	0.0	0.0	0	0.0
all	western_diet_gut_anoxic_membership	Acidaminococcus_intestini	Bacteroides_vulgatus	M_thm_e	0.0	0.0	0	0.0
all	western_diet_gut_anoxic_membership	Acidaminococcus_intestini	Bacteroides_vulgatus	M_thymd_e	0.0	0.0	0	0.0
all	western_diet_gut_anoxic_membership	Acidaminococcus_intestini	Bacteroides_vulgatus	M_tre_e	0.0	0.0	0	0.0
all	western_diet_gut_anoxic_membership	Acidaminococcus_intestini	Bacteroides_vulgatus	M_trp_L_e	0.0	0.0	0	0.0
all	western_diet_gut_anoxic_membership	Acidaminococcus_intestini	Bacteroides_vulgatus	M_tsul_e	0.0	0.0	0	0.0
all	western_diet_gut_anoxic_membership	Acidaminococcus_intestini	Bacteroides_vulgatus	M_ttdca_e	0.0	1.0	0	0.0
all	western_diet_gut_anoxic_membership	Acidaminococcus_intestini	Bacteroides_vulgatus	M_tyr_L_e	0.0	0.0	0	0.0
all	western_diet_gut_anoxic_membership	Acidaminococcus_intestini	Bacteroides_vulgatus	M_ura_e	0.0	0.0	0	0.0
all	western_diet_gut_anoxic_membership	Acidaminococcus_intestini	Bacteroides_vulgatus	M_urea_e	0.0	0.0	0	0.0
all	western_diet_gut_anoxic_membership	Acidaminococcus_intestini	Bacteroides_vulgatus	M_val_L_e	0.0	0.0	0	0.0
all	western_diet_gut_anoxic_membership	Acidaminococcus_intestini	Bacteroides_vulgatus	M_xan_e	0.0	0.0	0	0.0
all	western_diet_gut_anoxic_membership	Acidaminococcus_intestini	Bacteroides_vulgatus	M_xtsn_e	0.0	0.0	1	0.0
all	western_diet_gut_anoxic_membership	Acidaminococcus_intestini	Bacteroides_vulgatus	M_xylottr_e	0.0	0.0	0	0.0
all	western_diet_gut_anoxic_membership	Acidaminococcus_intestini	Bacteroides_vulgatus	M_zn2_e	0.0	1.0	0	0.0
all	western_diet_gut_anoxic_membership	Acidaminococcus_intestini	Eubacterium_rectale	M_4abut_e	0.0	0.0	1	0.0
all	western_diet_gut_anoxic_membership	Acidaminococcus_intestini	Eubacterium_rectale	M_4abz_e	0.0	1.0	0	0.0
all	western_diet_gut_anoxic_membership	Acidaminococcus_intestini	Eubacterium_rectale	M_4ahmmp_e	0.0	0.0	0	0.0
all	western_diet_gut_anoxic_membership	Acidaminococcus_intestini	Eubacterium_rectale	M_7a_czp_e	0.0	0.2	0	0.0
all	western_diet_gut_anoxic_membership	Acidaminococcus_intestini	Eubacterium_rectale	M_Cit_Mg_e	0.0	0.0	0	0.0
all	western_diet_gut_anoxic_membership	Acidaminococcus_intestini	Eubacterium_rectale	M_Lcyst_e	0.0	0.0	0	0.0
all	western_diet_gut_anoxic_membership	Acidaminococcus_intestini	Eubacterium_rectale	M_ac_e	0.0	0.0	0	0.0
all	western_diet_gut_anoxic_membership	Acidaminococcus_intestini	Eubacterium_rectale	M_acald_e	0.0	0.0	0	0.0
all	western_diet_gut_anoxic_membership	Acidaminococcus_intestini	Eubacterium_rectale	M_acgam_e	0.0	0.0	0	0.0
all	western_diet_gut_anoxic_membership	Acidaminococcus_intestini	Eubacterium_rectale	M_ade_e	0.0	0.0	0	0.0
all	western_diet_gut_anoxic_membership	Acidaminococcus_intestini	Eubacterium_rectale	M_adn_e	0.0	0.0	0	0.0
all	western_diet_gut_anoxic_membership	Acidaminococcus_intestini	Eubacterium_rectale	M_adocbl_e	0.0	0.0	0	0.0
all	western_diet_gut_anoxic_membership	Acidaminococcus_intestini	Eubacterium_rectale	M_ala_L_e	0.0	0.0	0	0.0
all	western_diet_gut_anoxic_membership	Acidaminococcus_intestini	Eubacterium_rectale	M_alaasp_e	0.0	0.0	0	0.0
all	western_diet_gut_anoxic_membership	Acidaminococcus_intestini	Eubacterium_rectale	M_alagln_e	0.0	0.0	0	0.0
all	western_diet_gut_anoxic_membership	Acidaminococcus_intestini	Eubacterium_rectale	M_alaglu_e	0.0	0.0	0	0.0
all	western_diet_gut_anoxic_membership	Acidaminococcus_intestini	Eubacterium_rectale	M_alagly_e	0.0	0.0	0	0.0
all	western_diet_gut_anoxic_membership	Acidaminococcus_intestini	Eubacterium_rectale	M_alahis_e	0.0	0.0	0	0.0
all	western_diet_gut_anoxic_membership	Acidaminococcus_intestini	Eubacterium_rectale	M_alaleu_e	0.0	0.0	0	0.0
all	western_diet_gut_anoxic_membership	Acidaminococcus_intestini	Eubacterium_rectale	M_alathr_e	0.0	0.0	0	0.0
all	western_diet_gut_anoxic_membership	Acidaminococcus_intestini	Eubacterium_rectale	M_anzp_e	0.0	0.2	0	0.0
all	western_diet_gut_anoxic_membership	Acidaminococcus_intestini	Eubacterium_rectale	M_arabttr_e	0.0	0.0	0	0.0
all	western_diet_gut_anoxic_membership	Acidaminococcus_intestini	Eubacterium_rectale	M_arbt_e	0.0	0.0	0	0.0
all	western_diet_gut_anoxic_membership	Acidaminococcus_intestini	Eubacterium_rectale	M_arg_L_e	0.0	0.0	0	0.0
all	western_diet_gut_anoxic_membership	Acidaminococcus_intestini	Eubacterium_rectale	M_arsenb_e	0.0	0.0	0	0.0
all	western_diet_gut_anoxic_membership	Acidaminococcus_intestini	Eubacterium_rectale	M_asn_L_e	0.0	1.0	0	0.0
all	western_diet_gut_anoxic_membership	Acidaminococcus_intestini	Eubacterium_rectale	M_asp_L_e	0.0	0.0	0	0.0
all	western_diet_gut_anoxic_membership	Acidaminococcus_intestini	Eubacterium_rectale	M_btn_e	0.0	0.0	0	0.0
all	western_diet_gut_anoxic_membership	Acidaminococcus_intestini	Eubacterium_rectale	M_but_e	0.0	0.0	1	0.0
all	western_diet_gut_anoxic_membership	Acidaminococcus_intestini	Eubacterium_rectale	M_butso3_e	0.0	0.0	0	0.0
all	western_diet_gut_anoxic_membership	Acidaminococcus_intestini	Eubacterium_rectale	M_ca2_e	0.0	1.0	0	0.0
all	western_diet_gut_anoxic_membership	Acidaminococcus_intestini	Eubacterium_rectale	M_cbl1_e	0.0	0.0	0	0.0
all	western_diet_gut_anoxic_membership	Acidaminococcus_intestini	Eubacterium_rectale	M_cbl2_e	0.0	0.0	0	0.0
all	western_diet_gut_anoxic_membership	Acidaminococcus_intestini	Eubacterium_rectale	M_cd2_e	0.0	0.0	0	0.0
all	western_diet_gut_anoxic_membership	Acidaminococcus_intestini	Eubacterium_rectale	M_cgly_e	0.0	1.0	0	0.0
all	western_diet_gut_anoxic_membership	Acidaminococcus_intestini	Eubacterium_rectale	M_chlphncl_e	0.0	0.0	0	0.0
all	western_diet_gut_anoxic_membership	Acidaminococcus_intestini	Eubacterium_rectale	M_chsterol_e	0.0	0.0	0	0.0
all	western_diet_gut_anoxic_membership	Acidaminococcus_intestini	Eubacterium_rectale	M_cit_e	0.0	0.3333333333333333	0	0.0
all	western_diet_gut_anoxic_membership	Acidaminococcus_intestini	Eubacterium_rectale	M_cl_e	0.0	1.0	0	0.0
all	western_diet_gut_anoxic_membership	Acidaminococcus_intestini	Eubacterium_rectale	M_co2_e	0.0	0.0	1	0.0
all	western_diet_gut_anoxic_membership	Acidaminococcus_intestini	Eubacterium_rectale	M_cobalt2_e	0.0	1.0	0	0.0
all	western_diet_gut_anoxic_membership	Acidaminococcus_intestini	Eubacterium_rectale	M_cro4_e	0.0	0.0	0	0.0
all	western_diet_gut_anoxic_membership	Acidaminococcus_intestini	Eubacterium_rectale	M_ctbt_e	0.0	0.0	0	0.0
all	western_diet_gut_anoxic_membership	Acidaminococcus_intestini	Eubacterium_rectale	M_cu2_e	0.0	1.0	0	0.0
all	western_diet_gut_anoxic_membership	Acidaminococcus_intestini	Eubacterium_rectale	M_cys_L_e	0.0	0.0	0	0.0
all	western_diet_gut_anoxic_membership	Acidaminococcus_intestini	Eubacterium_rectale	M_czp_e	0.0	0.0	0	0.0
all	western_diet_gut_anoxic_membership	Acidaminococcus_intestini	Eubacterium_rectale	M_dfdcytd_e	0.0	0.0	0	0.0
all	western_diet_gut_anoxic_membership	Acidaminococcus_intestini	Eubacterium_rectale	M_dfduri_e	0.0	0.0	0	0.0
all	western_diet_gut_anoxic_membership	Acidaminococcus_intestini	Eubacterium_rectale	M_ethso3_e	0.0	0.0	0	0.0
all	western_diet_gut_anoxic_membership	Acidaminococcus_intestini	Eubacterium_rectale	M_etoh_e	0.0	0.0	0	0.0
all	western_diet_gut_anoxic_membership	Acidaminococcus_intestini	Eubacterium_rectale	M_fe2_e	0.0	1.0	0	0.0
all	western_diet_gut_anoxic_membership	Acidaminococcus_intestini	Eubacterium_rectale	M_fe3_e	0.0	1.0	0	0.0
all	western_diet_gut_anoxic_membership	Acidaminococcus_intestini	Eubacterium_rectale	M_fol_e	0.0	0.0	0	0.0
all	western_diet_gut_anoxic_membership	Acidaminococcus_intestini	Eubacterium_rectale	M_for_e	0.0	0.0	0	0.0
all	western_diet_gut_anoxic_membership	Acidaminococcus_intestini	Eubacterium_rectale	M_fru_e	0.0	0.3333333333333333	0	0.0
all	western_diet_gut_anoxic_membership	Acidaminococcus_intestini	Eubacterium_rectale	M_galt_e	0.0	0.0	0	0.0
all	western_diet_gut_anoxic_membership	Acidaminococcus_intestini	Eubacterium_rectale	M_gam_e	0.0	0.0	0	0.0
all	western_diet_gut_anoxic_membership	Acidaminococcus_intestini	Eubacterium_rectale	M_gbbtn_e	0.0	0.0	0	0.0
all	western_diet_gut_anoxic_membership	Acidaminococcus_intestini	Eubacterium_rectale	M_glc_D_e	0.0	0.3333333333333333	1	0.0
all	western_diet_gut_anoxic_membership	Acidaminococcus_intestini	Eubacterium_rectale	M_gln_L_e	0.0	0.0	0	0.0
all	western_diet_gut_anoxic_membership	Acidaminococcus_intestini	Eubacterium_rectale	M_glu_L_e	0.0	0.26666666666666666	0	0.0
all	western_diet_gut_anoxic_membership	Acidaminococcus_intestini	Eubacterium_rectale	M_glutar_e	0.0	0.0	0	0.0
all	western_diet_gut_anoxic_membership	Acidaminococcus_intestini	Eubacterium_rectale	M_gly_e	0.0	0.0	0	0.0
all	western_diet_gut_anoxic_membership	Acidaminococcus_intestini	Eubacterium_rectale	M_glyasn_e	0.0	0.0	0	0.0
all	western_diet_gut_anoxic_membership	Acidaminococcus_intestini	Eubacterium_rectale	M_glyb_e	0.0	0.0	0	0.0
all	western_diet_gut_anoxic_membership	Acidaminococcus_intestini	Eubacterium_rectale	M_glyc_e	0.0	0.3333333333333333	0	0.0
all	western_diet_gut_anoxic_membership	Acidaminococcus_intestini	Eubacterium_rectale	M_glycys_e	0.0	0.0	0	0.0
all	western_diet_gut_anoxic_membership	Acidaminococcus_intestini	Eubacterium_rectale	M_glygln_e	0.0	0.0	0	0.0
all	western_diet_gut_anoxic_membership	Acidaminococcus_intestini	Eubacterium_rectale	M_glyglu_e	0.0	0.0	0	0.0
all	western_diet_gut_anoxic_membership	Acidaminococcus_intestini	Eubacterium_rectale	M_glymet_e	0.0	0.0	0	0.0
all	western_diet_gut_anoxic_membership	Acidaminococcus_intestini	Eubacterium_rectale	M_glyphe_e	0.0	0.0	0	0.0
all	western_diet_gut_anoxic_membership	Acidaminococcus_intestini	Eubacterium_rectale	M_glypro_e	0.0	0.0	0	0.0
all	western_diet_gut_anoxic_membership	Acidaminococcus_intestini	Eubacterium_rectale	M_glytyr_e	0.0	0.0	0	0.0
all	western_diet_gut_anoxic_membership	Acidaminococcus_intestini	Eubacterium_rectale	M_gua_e	0.0	0.0	0	0.0
all	western_diet_gut_anoxic_membership	Acidaminococcus_intestini	Eubacterium_rectale	M_h2_e	0.0	0.0	0	0.0
all	western_diet_gut_anoxic_membership	Acidaminococcus_intestini	Eubacterium_rectale	M_h2o_e	0.0	0.2	0	0.0
all	western_diet_gut_anoxic_membership	Acidaminococcus_intestini	Eubacterium_rectale	M_h2s_e	0.0	0.0	0	0.0
all	western_diet_gut_anoxic_membership	Acidaminococcus_intestini	Eubacterium_rectale	M_h_e	0.0	0.3333333333333333	0	0.0
all	western_diet_gut_anoxic_membership	Acidaminococcus_intestini	Eubacterium_rectale	M_hexs_e	0.0	0.0	0	0.0
all	western_diet_gut_anoxic_membership	Acidaminococcus_intestini	Eubacterium_rectale	M_hg2_e	0.0	0.0	0	0.0
all	western_diet_gut_anoxic_membership	Acidaminococcus_intestini	Eubacterium_rectale	M_his_L_e	0.0	0.0	0	0.0
all	western_diet_gut_anoxic_membership	Acidaminococcus_intestini	Eubacterium_rectale	M_hxan_e	0.0	0.0	0	0.0
all	western_diet_gut_anoxic_membership	Acidaminococcus_intestini	Eubacterium_rectale	M_ile_L_e	0.0	0.0	0	0.0
all	western_diet_gut_anoxic_membership	Acidaminococcus_intestini	Eubacterium_rectale	M_ins_e	0.0	0.0	0	0.0
all	western_diet_gut_anoxic_membership	Acidaminococcus_intestini	Eubacterium_rectale	M_isetac_e	0.0	0.0	0	0.0
all	western_diet_gut_anoxic_membership	Acidaminococcus_intestini	Eubacterium_rectale	M_k_e	0.0	1.0	0	0.0
all	western_diet_gut_anoxic_membership	Acidaminococcus_intestini	Eubacterium_rectale	M_lac_D_e	0.0	0.2	1	0.0
all	western_diet_gut_anoxic_membership	Acidaminococcus_intestini	Eubacterium_rectale	M_lac_L_e	0.0	0.06666666666666667	1	0.0
all	western_diet_gut_anoxic_membership	Acidaminococcus_intestini	Eubacterium_rectale	M_leu_L_e	0.0	0.0	0	0.0
all	western_diet_gut_anoxic_membership	Acidaminococcus_intestini	Eubacterium_rectale	M_lys_L_e	0.0	0.0	0	0.0
all	western_diet_gut_anoxic_membership	Acidaminococcus_intestini	Eubacterium_rectale	M_mal_L_e	0.0	0.0	0	0.0
all	western_diet_gut_anoxic_membership	Acidaminococcus_intestini	Eubacterium_rectale	M_malt_e	0.0	0.0	0	0.0
all	western_diet_gut_anoxic_membership	Acidaminococcus_intestini	Eubacterium_rectale	M_malthx_e	0.0	0.0	0	0.0
all	western_diet_gut_anoxic_membership	Acidaminococcus_intestini	Eubacterium_rectale	M_malttr_e	0.0	0.0	1	0.0
all	western_diet_gut_anoxic_membership	Acidaminococcus_intestini	Eubacterium_rectale	M_man_e	0.0	0.0	0	0.0
all	western_diet_gut_anoxic_membership	Acidaminococcus_intestini	Eubacterium_rectale	M_mantr_e	0.0	0.0	0	0.0
all	western_diet_gut_anoxic_membership	Acidaminococcus_intestini	Eubacterium_rectale	M_met_D_e	0.0	0.0	0	0.0
all	western_diet_gut_anoxic_membership	Acidaminococcus_intestini	Eubacterium_rectale	M_met_L_e	0.0	0.0	0	0.0
all	western_diet_gut_anoxic_membership	Acidaminococcus_intestini	Eubacterium_rectale	M_metala_e	0.0	0.0	0	0.0
all	western_diet_gut_anoxic_membership	Acidaminococcus_intestini	Eubacterium_rectale	M_metsox_S_L_e	0.0	0.0	0	0.0
all	western_diet_gut_anoxic_membership	Acidaminococcus_intestini	Eubacterium_rectale	M_mg2_e	0.0	1.0	0	0.0
all	western_diet_gut_anoxic_membership	Acidaminococcus_intestini	Eubacterium_rectale	M_mn2_e	0.0	1.0	0	0.0
all	western_diet_gut_anoxic_membership	Acidaminococcus_intestini	Eubacterium_rectale	M_mnl_e	0.0	0.0	0	0.0
all	western_diet_gut_anoxic_membership	Acidaminococcus_intestini	Eubacterium_rectale	M_mops_e	0.0	0.0	0	0.0
all	western_diet_gut_anoxic_membership	Acidaminococcus_intestini	Eubacterium_rectale	M_mqn7_e	0.0	0.0	0	0.0
all	western_diet_gut_anoxic_membership	Acidaminococcus_intestini	Eubacterium_rectale	M_mqn8_e	0.0	1.0	0	0.0
all	western_diet_gut_anoxic_membership	Acidaminococcus_intestini	Eubacterium_rectale	M_mso3_e	0.0	0.0	0	0.0
all	western_diet_gut_anoxic_membership	Acidaminococcus_intestini	Eubacterium_rectale	M_na1_e	0.0	0.06666666666666667	0	0.0
all	western_diet_gut_anoxic_membership	Acidaminococcus_intestini	Eubacterium_rectale	M_nchlphncl_e	0.0	0.0	0	0.0
all	western_diet_gut_anoxic_membership	Acidaminococcus_intestini	Eubacterium_rectale	M_nh4_e	0.0	0.0	1	0.0
all	western_diet_gut_anoxic_membership	Acidaminococcus_intestini	Eubacterium_rectale	M_nmn_e	0.0	1.0	0	0.0
all	western_diet_gut_anoxic_membership	Acidaminococcus_intestini	Eubacterium_rectale	M_no3_e	0.0	0.0	0	0.0
all	western_diet_gut_anoxic_membership	Acidaminococcus_intestini	Eubacterium_rectale	M_nzp_e	0.0	0.0	0	0.0
all	western_diet_gut_anoxic_membership	Acidaminococcus_intestini	Eubacterium_rectale	M_o2_e	0.0	0.0	0	0.0
all	western_diet_gut_anoxic_membership	Acidaminococcus_intestini	Eubacterium_rectale	M_ocdca_e	0.0	1.0	0	0.0
all	western_diet_gut_anoxic_membership	Acidaminococcus_intestini	Eubacterium_rectale	M_orn_e	0.0	0.0	0	0.0
all	western_diet_gut_anoxic_membership	Acidaminococcus_intestini	Eubacterium_rectale	M_orot_e	0.0	0.0	0	0.0
all	western_diet_gut_anoxic_membership	Acidaminococcus_intestini	Eubacterium_rectale	M_pb_e	0.0	0.0	0	0.0
all	western_diet_gut_anoxic_membership	Acidaminococcus_intestini	Eubacterium_rectale	M_pcresol_e	0.0	0.0	0	0.0
all	western_diet_gut_anoxic_membership	Acidaminococcus_intestini	Eubacterium_rectale	M_phe_L_e	0.0	0.0	0	0.0
all	western_diet_gut_anoxic_membership	Acidaminococcus_intestini	Eubacterium_rectale	M_pheme_e	0.0	1.0	0	0.0
all	western_diet_gut_anoxic_membership	Acidaminococcus_intestini	Eubacterium_rectale	M_pi_e	0.0	1.0	0	0.0
all	western_diet_gut_anoxic_membership	Acidaminococcus_intestini	Eubacterium_rectale	M_pime_e	0.0	0.0	0	0.0
all	western_diet_gut_anoxic_membership	Acidaminococcus_intestini	Eubacterium_rectale	M_pnto_R_e	0.0	1.0	0	0.0
all	western_diet_gut_anoxic_membership	Acidaminococcus_intestini	Eubacterium_rectale	M_pro_L_e	0.0	0.0	0	0.0
all	western_diet_gut_anoxic_membership	Acidaminococcus_intestini	Eubacterium_rectale	M_ptrc_e	0.0	0.0	0	0.0
all	western_diet_gut_anoxic_membership	Acidaminococcus_intestini	Eubacterium_rectale	M_pydam_e	0.0	0.0	0	0.0
all	western_diet_gut_anoxic_membership	Acidaminococcus_intestini	Eubacterium_rectale	M_pydx5p_e	0.0	0.0	0	0.0
all	western_diet_gut_anoxic_membership	Acidaminococcus_intestini	Eubacterium_rectale	M_pydx_e	0.0	1.0	0	0.0
all	western_diet_gut_anoxic_membership	Acidaminococcus_intestini	Eubacterium_rectale	M_pydxn_e	0.0	0.0	0	0.0
all	western_diet_gut_anoxic_membership	Acidaminococcus_intestini	Eubacterium_rectale	M_pyr_e	0.0	0.0	0	0.0
all	western_diet_gut_anoxic_membership	Acidaminococcus_intestini	Eubacterium_rectale	M_r406_e	0.0	0.0	0	0.0
all	western_diet_gut_anoxic_membership	Acidaminococcus_intestini	Eubacterium_rectale	M_r788_e	0.0	0.0	0	0.0
all	western_diet_gut_anoxic_membership	Acidaminococcus_intestini	Eubacterium_rectale	M_ribflv_e	0.0	0.0	0	0.0
all	western_diet_gut_anoxic_membership	Acidaminococcus_intestini	Eubacterium_rectale	M_salcn_e	0.0	0.0	0	0.0
all	western_diet_gut_anoxic_membership	Acidaminococcus_intestini	Eubacterium_rectale	M_sbt_D_e	0.0	0.0	0	0.0
all	western_diet_gut_anoxic_membership	Acidaminococcus_intestini	Eubacterium_rectale	M_ser_L_e	0.0	1.0	0	0.0
all	western_diet_gut_anoxic_membership	Acidaminococcus_intestini	Eubacterium_rectale	M_so4_e	0.0	1.0	0	0.0
all	western_diet_gut_anoxic_membership	Acidaminococcus_intestini	Eubacterium_rectale	M_spmd_e	0.0	1.0	0	0.0
all	western_diet_gut_anoxic_membership	Acidaminococcus_intestini	Eubacterium_rectale	M_strch2_e	0.0	0.0	1	0.0
all	western_diet_gut_anoxic_membership	Acidaminococcus_intestini	Eubacterium_rectale	M_stys_e	0.0	0.0	0	0.0
all	western_diet_gut_anoxic_membership	Acidaminococcus_intestini	Eubacterium_rectale	M_succ_e	0.0	0.0	0	0.0
all	western_diet_gut_anoxic_membership	Acidaminococcus_intestini	Eubacterium_rectale	M_sucr_e	0.0	0.0	0	0.0
all	western_diet_gut_anoxic_membership	Acidaminococcus_intestini	Eubacterium_rectale	M_sulfac_e	0.0	0.0	0	0.0
all	western_diet_gut_anoxic_membership	Acidaminococcus_intestini	Eubacterium_rectale	M_taur_e	0.0	0.0	0	0.0
all	western_diet_gut_anoxic_membership	Acidaminococcus_intestini	Eubacterium_rectale	M_thm_e	0.0	0.0	0	0.0
all	western_diet_gut_anoxic_membership	Acidaminococcus_intestini	Eubacterium_rectale	M_thymd_e	0.0	0.0	0	0.0
all	western_diet_gut_anoxic_membership	Acidaminococcus_intestini	Eubacterium_rectale	M_tre_e	0.0	0.0	0	0.0
all	western_diet_gut_anoxic_membership	Acidaminococcus_intestini	Eubacterium_rectale	M_trp_L_e	0.0	0.0	0	0.0
all	western_diet_gut_anoxic_membership	Acidaminococcus_intestini	Eubacterium_rectale	M_tsul_e	0.0	0.0	0	0.0
all	western_diet_gut_anoxic_membership	Acidaminococcus_intestini	Eubacterium_rectale	M_ttdca_e	0.0	1.0	0	0.0
all	western_diet_gut_anoxic_membership	Acidaminococcus_intestini	Eubacterium_rectale	M_tyr_L_e	0.0	0.0	0	0.0
all	western_diet_gut_anoxic_membership	Acidaminococcus_intestini	Eubacterium_rectale	M_ura_e	0.0	0.0	0	0.0
all	western_diet_gut_anoxic_membership	Acidaminococcus_intestini	Eubacterium_rectale	M_val_L_e	0.0	0.0	0	0.0
all	western_diet_gut_anoxic_membership	Acidaminococcus_intestini	Eubacterium_rectale	M_xan_e	0.0	0.0	0	0.0
all	western_diet_gut_anoxic_membership	Acidaminococcus_intestini	Eubacterium_rectale	M_xylottr_e	0.0	0.0	0	0.0
all	western_diet_gut_anoxic_membership	Acidaminococcus_intestini	Eubacterium_rectale	M_zn2_e	0.0	1.0	0	0.0
all	western_diet_gut_anoxic_membership	Bacteroides_vulgatus	Prevotella_copri	M_12ppd_S_e	0.0	0.07	1	0.0
all	western_diet_gut_anoxic_membership	Bacteroides_vulgatus	Prevotella_copri	M_1hibup_S_e	0.0	0.0	0	0.0
all	western_diet_gut_anoxic_membership	Bacteroides_vulgatus	Prevotella_copri	M_1hibupglu_S_e	0.0	0.0	0	0.0
all	western_diet_gut_anoxic_membership	Bacteroides_vulgatus	Prevotella_copri	M_1hmdgluc_e	0.0	0.0	0	0.0
all	western_diet_gut_anoxic_membership	Bacteroides_vulgatus	Prevotella_copri	M_1ohmdz_e	0.0	0.0	0	0.0
all	western_diet_gut_anoxic_membership	Bacteroides_vulgatus	Prevotella_copri	M_26dap_M_e	0.0	0.0	0	0.0
all	western_diet_gut_anoxic_membership	Bacteroides_vulgatus	Prevotella_copri	M_2hatvacid_e	0.0	0.0	0	0.0
all	western_diet_gut_anoxic_membership	Bacteroides_vulgatus	Prevotella_copri	M_2hatvacidgluc_e	0.0	0.0	0	0.0
all	western_diet_gut_anoxic_membership	Bacteroides_vulgatus	Prevotella_copri	M_2hatvlac_e	0.0	0.0	0	0.0
all	western_diet_gut_anoxic_membership	Bacteroides_vulgatus	Prevotella_copri	M_2hatvlacgluc_e	0.0	0.0	0	0.0
all	western_diet_gut_anoxic_membership	Bacteroides_vulgatus	Prevotella_copri	M_2hibup_S_e	0.0	0.0	0	0.0
all	western_diet_gut_anoxic_membership	Bacteroides_vulgatus	Prevotella_copri	M_2hibupglu_S_e	0.0	0.0	0	0.0
all	western_diet_gut_anoxic_membership	Bacteroides_vulgatus	Prevotella_copri	M_2obut_e	0.0	0.04	0	0.0
all	western_diet_gut_anoxic_membership	Bacteroides_vulgatus	Prevotella_copri	M_2oh_cbz_e	0.0	0.0	0	0.0
all	western_diet_gut_anoxic_membership	Bacteroides_vulgatus	Prevotella_copri	M_2oh_cbz_glc_e	0.0	0.0	0	0.0
all	western_diet_gut_anoxic_membership	Bacteroides_vulgatus	Prevotella_copri	M_2oh_mtz_e	0.0	0.0	0	0.0
all	western_diet_gut_anoxic_membership	Bacteroides_vulgatus	Prevotella_copri	M_2oh_mtz_glc_e	0.0	0.0	0	0.0
all	western_diet_gut_anoxic_membership	Bacteroides_vulgatus	Prevotella_copri	M_3hibup_S_e	0.0	0.0	0	0.0
all	western_diet_gut_anoxic_membership	Bacteroides_vulgatus	Prevotella_copri	M_3hibupglu_S_e	0.0	0.0	0	0.0
all	western_diet_gut_anoxic_membership	Bacteroides_vulgatus	Prevotella_copri	M_3meacmp_e	0.0	0.0	0	0.0
all	western_diet_gut_anoxic_membership	Bacteroides_vulgatus	Prevotella_copri	M_3oh_cbz_e	0.0	0.0	0	0.0
all	western_diet_gut_anoxic_membership	Bacteroides_vulgatus	Prevotella_copri	M_3oh_cbz_glc_e	0.0	0.0	0	0.0
all	western_diet_gut_anoxic_membership	Bacteroides_vulgatus	Prevotella_copri	M_3oh_dlor_e	0.0	0.0	0	0.0
all	western_diet_gut_anoxic_membership	Bacteroides_vulgatus	Prevotella_copri	M_3oh_dlor_glc_e	0.0	0.0	0	0.0
all	western_diet_gut_anoxic_membership	Bacteroides_vulgatus	Prevotella_copri	M_3oh_mdea_e	0.0	0.0	0	0.0
all	western_diet_gut_anoxic_membership	Bacteroides_vulgatus	Prevotella_copri	M_3oh_mdea_glc_e	0.0	0.0	0	0.0
all	western_diet_gut_anoxic_membership	Bacteroides_vulgatus	Prevotella_copri	M_3oh_mxn_e	0.0	0.0	0	0.0
all	western_diet_gut_anoxic_membership	Bacteroides_vulgatus	Prevotella_copri	M_3oh_mxn_glc_e	0.0	0.0	0	0.0
all	western_diet_gut_anoxic_membership	Bacteroides_vulgatus	Prevotella_copri	M_4abut_e	0.0	0.0	0	0.0
all	western_diet_gut_anoxic_membership	Bacteroides_vulgatus	Prevotella_copri	M_4abz_e	0.0	0.0	0	0.0
all	western_diet_gut_anoxic_membership	Bacteroides_vulgatus	Prevotella_copri	M_4dh_tpno_1glc_e	0.0	0.0	0	0.0
all	western_diet_gut_anoxic_membership	Bacteroides_vulgatus	Prevotella_copri	M_4dh_tpno_e	0.0	0.0	0	0.0
all	western_diet_gut_anoxic_membership	Bacteroides_vulgatus	Prevotella_copri	M_4hmdgluc_e	0.0	0.0	0	0.0
all	western_diet_gut_anoxic_membership	Bacteroides_vulgatus	Prevotella_copri	M_4oh_dcf_e	0.0	0.0	0	0.0
all	western_diet_gut_anoxic_membership	Bacteroides_vulgatus	Prevotella_copri	M_4oh_dcf_glc_e	0.0	0.0	0	0.0
all	western_diet_gut_anoxic_membership	Bacteroides_vulgatus	Prevotella_copri	M_4oh_kp_e	0.0	0.0	0	0.0
all	western_diet_gut_anoxic_membership	Bacteroides_vulgatus	Prevotella_copri	M_4oh_kp_glc_e	0.0	0.0	0	0.0
all	western_diet_gut_anoxic_membership	Bacteroides_vulgatus	Prevotella_copri	M_4oh_levole_e	0.0	0.0	0	0.0
all	western_diet_gut_anoxic_membership	Bacteroides_vulgatus	Prevotella_copri	M_4oh_levole_glc_e	0.0	0.0	0	0.0
all	western_diet_gut_anoxic_membership	Bacteroides_vulgatus	Prevotella_copri	M_4oh_meth_e	0.0	0.0	0	0.0
all	western_diet_gut_anoxic_membership	Bacteroides_vulgatus	Prevotella_copri	M_4oh_meth_glc_e	0.0	0.0	0	0.0
all	western_diet_gut_anoxic_membership	Bacteroides_vulgatus	Prevotella_copri	M_4oh_propl_e	0.0	0.0	0	0.0
all	western_diet_gut_anoxic_membership	Bacteroides_vulgatus	Prevotella_copri	M_4oh_propl_glc_e	0.0	0.0	0	0.0
all	western_diet_gut_anoxic_membership	Bacteroides_vulgatus	Prevotella_copri	M_4oh_trz_e	0.0	0.0	0	0.0
all	western_diet_gut_anoxic_membership	Bacteroides_vulgatus	Prevotella_copri	M_4oh_trz_glc_e	0.0	0.0	0	0.0
all	western_diet_gut_anoxic_membership	Bacteroides_vulgatus	Prevotella_copri	M_4oh_vcz_e	0.0	0.0	0	0.0
all	western_diet_gut_anoxic_membership	Bacteroides_vulgatus	Prevotella_copri	M_4oh_vcz_glc_e	0.0	0.0	0	0.0
all	western_diet_gut_anoxic_membership	Bacteroides_vulgatus	Prevotella_copri	M_4ohmdz_e	0.0	0.0	0	0.0
all	western_diet_gut_anoxic_membership	Bacteroides_vulgatus	Prevotella_copri	M_5asa_e	0.0	0.0	0	0.0
all	western_diet_gut_anoxic_membership	Bacteroides_vulgatus	Prevotella_copri	M_5oh_sulfp_e	0.0	0.0	0	0.0
all	western_diet_gut_anoxic_membership	Bacteroides_vulgatus	Prevotella_copri	M_5oh_sulfp_glc_e	0.0	0.0	0	0.0
all	western_diet_gut_anoxic_membership	Bacteroides_vulgatus	Prevotella_copri	M_5ohfvs_e	0.0	0.0	0	0.0
all	western_diet_gut_anoxic_membership	Bacteroides_vulgatus	Prevotella_copri	M_5ohfvsglu_e	0.0	0.0	0	0.0
all	western_diet_gut_anoxic_membership	Bacteroides_vulgatus	Prevotella_copri	M_6bhglz_e	0.0	0.0	0	0.0
all	western_diet_gut_anoxic_membership	Bacteroides_vulgatus	Prevotella_copri	M_6bhglzglc_e	0.0	0.0	0	0.0
all	western_diet_gut_anoxic_membership	Bacteroides_vulgatus	Prevotella_copri	M_6ohfvs_e	0.0	0.0	0	0.0
all	western_diet_gut_anoxic_membership	Bacteroides_vulgatus	Prevotella_copri	M_6ohfvsglu_e	0.0	0.0	0	0.0
all	western_diet_gut_anoxic_membership	Bacteroides_vulgatus	Prevotella_copri	M_7a_czp_e	0.0	0.0	1	0.0
all	western_diet_gut_anoxic_membership	Bacteroides_vulgatus	Prevotella_copri	M_7bhglz_e	0.0	0.0	0	0.0
all	western_diet_gut_anoxic_membership	Bacteroides_vulgatus	Prevotella_copri	M_7bhglzglc_e	0.0	0.0	0	0.0
all	western_diet_gut_anoxic_membership	Bacteroides_vulgatus	Prevotella_copri	M_7dhcdchol_e	0.0	0.0	0	0.0
all	western_diet_gut_anoxic_membership	Bacteroides_vulgatus	Prevotella_copri	M_7ocholate_e	0.0	0.0	0	0.0
all	western_diet_gut_anoxic_membership	Bacteroides_vulgatus	Prevotella_copri	M_7oh_efv_e	0.0	0.0	0	0.0
all	western_diet_gut_anoxic_membership	Bacteroides_vulgatus	Prevotella_copri	M_7oh_efv_glc_e	0.0	0.0	0	0.0
all	western_diet_gut_anoxic_membership	Bacteroides_vulgatus	Prevotella_copri	M_814dioh_efv_e	0.0	0.0	0	0.0
all	western_diet_gut_anoxic_membership	Bacteroides_vulgatus	Prevotella_copri	M_814dioh_efv_glc_e	0.0	0.0	0	0.0
all	western_diet_gut_anoxic_membership	Bacteroides_vulgatus	Prevotella_copri	M_8oh_efv_e	0.0	0.0	0	0.0
all	western_diet_gut_anoxic_membership	Bacteroides_vulgatus	Prevotella_copri	M_8oh_efv_glc_e	0.0	0.0	0	0.0
all	western_diet_gut_anoxic_membership	Bacteroides_vulgatus	Prevotella_copri	M_C02528_e	0.0	0.0	0	0.0
all	western_diet_gut_anoxic_membership	Bacteroides_vulgatus	Prevotella_copri	M_N_oh_phtn_e	0.0	0.0	0	0.0
all	western_diet_gut_anoxic_membership	Bacteroides_vulgatus	Prevotella_copri	M_N_oh_phtn_glc_e	0.0	0.0	0	0.0
all	western_diet_gut_anoxic_membership	Bacteroides_vulgatus	Prevotella_copri	M_R_6oh_warf_e	0.0	0.0	0	0.0
all	western_diet_gut_anoxic_membership	Bacteroides_vulgatus	Prevotella_copri	M_R_6oh_warf_glc_e	0.0	0.0	0	0.0
all	western_diet_gut_anoxic_membership	Bacteroides_vulgatus	Prevotella_copri	M_R_7oh_warf_e	0.0	0.0	0	0.0
all	western_diet_gut_anoxic_membership	Bacteroides_vulgatus	Prevotella_copri	M_R_7oh_warf_glc_e	0.0	0.0	0	0.0
all	western_diet_gut_anoxic_membership	Bacteroides_vulgatus	Prevotella_copri	M_R_8oh_warf_e	0.0	0.0	0	0.0
all	western_diet_gut_anoxic_membership	Bacteroides_vulgatus	Prevotella_copri	M_R_8oh_warf_glc_e	0.0	0.0	0	0.0
all	western_diet_gut_anoxic_membership	Bacteroides_vulgatus	Prevotella_copri	M_S_4oh_warf_e	0.0	0.0	0	0.0
all	western_diet_gut_anoxic_membership	Bacteroides_vulgatus	Prevotella_copri	M_S_4oh_warf_glc_e	0.0	0.0	0	0.0
all	western_diet_gut_anoxic_membership	Bacteroides_vulgatus	Prevotella_copri	M_S_6oh_warf_e	0.0	0.0	0	0.0
all	western_diet_gut_anoxic_membership	Bacteroides_vulgatus	Prevotella_copri	M_S_6oh_warf_glc_e	0.0	0.0	0	0.0
all	western_diet_gut_anoxic_membership	Bacteroides_vulgatus	Prevotella_copri	M_Ser_Thr_e	0.0	0.0	0	0.0
all	western_diet_gut_anoxic_membership	Bacteroides_vulgatus	Prevotella_copri	M_T_antigen_e	0.0	0.0	0	0.0
all	western_diet_gut_anoxic_membership	Bacteroides_vulgatus	Prevotella_copri	M_Tn_antigen_e	0.0	0.0	0	0.0
all	western_diet_gut_anoxic_membership	Bacteroides_vulgatus	Prevotella_copri	M_Tyr_ggn_e	0.0	0.0	0	0.0
all	western_diet_gut_anoxic_membership	Bacteroides_vulgatus	Prevotella_copri	M_abz_ala_b_e	0.0	0.0	0	0.0
all	western_diet_gut_anoxic_membership	Bacteroides_vulgatus	Prevotella_copri	M_ac_amn_b_gly_e	0.0	0.0	0	0.0
all	western_diet_gut_anoxic_membership	Bacteroides_vulgatus	Prevotella_copri	M_ac_amn_b_gly_glc_e	0.0	0.0	0	0.0
all	western_diet_gut_anoxic_membership	Bacteroides_vulgatus	Prevotella_copri	M_ac_e	0.0	0.0	0	0.0
all	western_diet_gut_anoxic_membership	Bacteroides_vulgatus	Prevotella_copri	M_acgal_e	0.0	0.0	0	0.0
all	western_diet_gut_anoxic_membership	Bacteroides_vulgatus	Prevotella_copri	M_acgam_e	0.0	0.0	0	0.0
all	western_diet_gut_anoxic_membership	Bacteroides_vulgatus	Prevotella_copri	M_acmp_e	0.0	0.0	0	0.0
all	western_diet_gut_anoxic_membership	Bacteroides_vulgatus	Prevotella_copri	M_acmp_glc_e	0.0	0.0	0	0.0
all	western_diet_gut_anoxic_membership	Bacteroides_vulgatus	Prevotella_copri	M_acmpglu_e	0.0	0.0	0	0.0
all	western_diet_gut_anoxic_membership	Bacteroides_vulgatus	Prevotella_copri	M_acnam_e	0.0	0.0	0	0.0
all	western_diet_gut_anoxic_membership	Bacteroides_vulgatus	Prevotella_copri	M_ade_e	0.0	0.04	0	0.0
all	western_diet_gut_anoxic_membership	Bacteroides_vulgatus	Prevotella_copri	M_adn_e	0.0	0.0	0	0.0
all	western_diet_gut_anoxic_membership	Bacteroides_vulgatus	Prevotella_copri	M_adocbl_e	0.0	0.0	0	0.0
all	western_diet_gut_anoxic_membership	Bacteroides_vulgatus	Prevotella_copri	M_ala_L_e	0.0	0.24	0	0.0
all	western_diet_gut_anoxic_membership	Bacteroides_vulgatus	Prevotella_copri	M_alaasp_e	0.0	0.0	0	0.0
all	western_diet_gut_anoxic_membership	Bacteroides_vulgatus	Prevotella_copri	M_alagln_e	0.0	0.0	0	0.0
all	western_diet_gut_anoxic_membership	Bacteroides_vulgatus	Prevotella_copri	M_alaglu_e	0.0	0.0	0	0.0
all	western_diet_gut_anoxic_membership	Bacteroides_vulgatus	Prevotella_copri	M_alagly_e	0.0	0.0	0	0.0
all	western_diet_gut_anoxic_membership	Bacteroides_vulgatus	Prevotella_copri	M_alahis_e	0.0	0.0	0	0.0
all	western_diet_gut_anoxic_membership	Bacteroides_vulgatus	Prevotella_copri	M_alaleu_e	0.0	0.0	0	0.0
all	western_diet_gut_anoxic_membership	Bacteroides_vulgatus	Prevotella_copri	M_alathr_e	0.0	0.0	0	0.0
all	western_diet_gut_anoxic_membership	Bacteroides_vulgatus	Prevotella_copri	M_alpz_4oh_e	0.0	0.0	0	0.0
all	western_diet_gut_anoxic_membership	Bacteroides_vulgatus	Prevotella_copri	M_alpz_4oh_glc_e	0.0	0.0	0	0.0
all	western_diet_gut_anoxic_membership	Bacteroides_vulgatus	Prevotella_copri	M_alpz_aoh_e	0.0	0.0	0	0.0
all	western_diet_gut_anoxic_membership	Bacteroides_vulgatus	Prevotella_copri	M_alpz_aoh_glc_e	0.0	0.0	0	0.0
all	western_diet_gut_anoxic_membership	Bacteroides_vulgatus	Prevotella_copri	M_am14_e	0.0	0.0	0	0.0
all	western_diet_gut_anoxic_membership	Bacteroides_vulgatus	Prevotella_copri	M_am14_glc_e	0.0	0.0	0	0.0
all	western_diet_gut_anoxic_membership	Bacteroides_vulgatus	Prevotella_copri	M_am1ccs_e	0.0	0.0	0	0.0
all	western_diet_gut_anoxic_membership	Bacteroides_vulgatus	Prevotella_copri	M_am1cglc_e	0.0	0.0	0	0.0
all	western_diet_gut_anoxic_membership	Bacteroides_vulgatus	Prevotella_copri	M_am5_e	0.0	0.0	0	0.0
all	western_diet_gut_anoxic_membership	Bacteroides_vulgatus	Prevotella_copri	M_am5_glc_e	0.0	0.0	0	0.0
all	western_diet_gut_anoxic_membership	Bacteroides_vulgatus	Prevotella_copri	M_am6_e	0.0	0.0	0	0.0
all	western_diet_gut_anoxic_membership	Bacteroides_vulgatus	Prevotella_copri	M_am6_glc_e	0.0	0.0	0	0.0
all	western_diet_gut_anoxic_membership	Bacteroides_vulgatus	Prevotella_copri	M_amio_c_e	0.0	0.0	0	0.0
all	western_diet_gut_anoxic_membership	Bacteroides_vulgatus	Prevotella_copri	M_amio_c_glc_e	0.0	0.0	0	0.0
all	western_diet_gut_anoxic_membership	Bacteroides_vulgatus	Prevotella_copri	M_amio_e	0.0	0.0	0	0.0
all	western_diet_gut_anoxic_membership	Bacteroides_vulgatus	Prevotella_copri	M_amio_glc_e	0.0	0.0	0	0.0
all	western_diet_gut_anoxic_membership	Bacteroides_vulgatus	Prevotella_copri	M_amn_b_gly_e	0.0	0.0	0	0.0
all	western_diet_gut_anoxic_membership	Bacteroides_vulgatus	Prevotella_copri	M_amn_b_gly_glc_e	0.0	0.0	0	0.0
all	western_diet_gut_anoxic_membership	Bacteroides_vulgatus	Prevotella_copri	M_amntd_m6_e	0.0	0.0	0	0.0
all	western_diet_gut_anoxic_membership	Bacteroides_vulgatus	Prevotella_copri	M_amntd_m6_glc_e	0.0	0.0	0	0.0
all	western_diet_gut_anoxic_membership	Bacteroides_vulgatus	Prevotella_copri	M_amylopect900_e	0.0	0.0	0	0.0
all	western_diet_gut_anoxic_membership	Bacteroides_vulgatus	Prevotella_copri	M_amylose300_e	0.0	0.0	0	0.0
all	western_diet_gut_anoxic_membership	Bacteroides_vulgatus	Prevotella_copri	M_anzp_e	0.0	0.0	1	0.0
all	western_diet_gut_anoxic_membership	Bacteroides_vulgatus	Prevotella_copri	M_arab_L_e	0.0	0.04	0	0.0
all	western_diet_gut_anoxic_membership	Bacteroides_vulgatus	Prevotella_copri	M_arabinoxyl_e	0.0	0.0	0	0.0
all	western_diet_gut_anoxic_membership	Bacteroides_vulgatus	Prevotella_copri	M_arabttr_e	0.0	0.0	0	0.0
all	western_diet_gut_anoxic_membership	Bacteroides_vulgatus	Prevotella_copri	M_arsenb_e	0.0	0.0	0	0.0
all	western_diet_gut_anoxic_membership	Bacteroides_vulgatus	Prevotella_copri	M_asn_L_e	0.0	0.08	0	0.0
all	western_diet_gut_anoxic_membership	Bacteroides_vulgatus	Prevotella_copri	M_atvacid_e	0.0	0.0	0	0.0
all	western_diet_gut_anoxic_membership	Bacteroides_vulgatus	Prevotella_copri	M_atvacylgluc_e	0.0	0.0	0	0.0
all	western_diet_gut_anoxic_membership	Bacteroides_vulgatus	Prevotella_copri	M_atvethgluc_e	0.0	0.0	0	0.0
all	western_diet_gut_anoxic_membership	Bacteroides_vulgatus	Prevotella_copri	M_atvlac_e	0.0	0.0	0	0.0
all	western_diet_gut_anoxic_membership	Bacteroides_vulgatus	Prevotella_copri	M_atvlacgluc_e	0.0	0.0	0	0.0
all	western_diet_gut_anoxic_membership	Bacteroides_vulgatus	Prevotella_copri	M_bhpm_e	0.0	0.0	0	0.0
all	western_diet_gut_anoxic_membership	Bacteroides_vulgatus	Prevotella_copri	M_bhpm_glc_e	0.0	0.0	0	0.0
all	western_diet_gut_anoxic_membership	Bacteroides_vulgatus	Prevotella_copri	M_bilr_355_e	0.0	0.0	0	0.0
all	western_diet_gut_anoxic_membership	Bacteroides_vulgatus	Prevotella_copri	M_bilr_M10_e	0.0	0.0	0	0.0
all	western_diet_gut_anoxic_membership	Bacteroides_vulgatus	Prevotella_copri	M_bilr_M12_e	0.0	0.0	0	0.0
all	western_diet_gut_anoxic_membership	Bacteroides_vulgatus	Prevotella_copri	M_bilr_M14_e	0.0	0.0	0	0.0
all	western_diet_gut_anoxic_membership	Bacteroides_vulgatus	Prevotella_copri	M_bilr_M15_e	0.0	0.0	0	0.0
all	western_diet_gut_anoxic_membership	Bacteroides_vulgatus	Prevotella_copri	M_bilr_M16_e	0.0	0.0	0	0.0
all	western_diet_gut_anoxic_membership	Bacteroides_vulgatus	Prevotella_copri	M_bilr_M7_e	0.0	0.0	0	0.0
all	western_diet_gut_anoxic_membership	Bacteroides_vulgatus	Prevotella_copri	M_brv_e	0.0	0.0	0	0.0
all	western_diet_gut_anoxic_membership	Bacteroides_vulgatus	Prevotella_copri	M_bsn_e	0.0	0.0	0	0.0
all	western_diet_gut_anoxic_membership	Bacteroides_vulgatus	Prevotella_copri	M_bsn_glc_e	0.0	0.0	0	0.0
all	western_diet_gut_anoxic_membership	Bacteroides_vulgatus	Prevotella_copri	M_bvu_e	0.0	0.0	0	0.0
all	western_diet_gut_anoxic_membership	Bacteroides_vulgatus	Prevotella_copri	M_bz_e	0.0	0.0	0	0.0
all	western_diet_gut_anoxic_membership	Bacteroides_vulgatus	Prevotella_copri	M_bz_glc_e	0.0	0.0	0	0.0
all	western_diet_gut_anoxic_membership	Bacteroides_vulgatus	Prevotella_copri	M_bzam_e	0.0	0.0	0	0.0
all	western_diet_gut_anoxic_membership	Bacteroides_vulgatus	Prevotella_copri	M_bzd_e	0.0	0.0	0	0.0
all	western_diet_gut_anoxic_membership	Bacteroides_vulgatus	Prevotella_copri	M_ca2_e	0.0	1.0	0	0.0
all	western_diet_gut_anoxic_membership	Bacteroides_vulgatus	Prevotella_copri	M_caribup_s_e	0.0	0.0	0	0.0
all	western_diet_gut_anoxic_membership	Bacteroides_vulgatus	Prevotella_copri	M_caribupglu_S_e	0.0	0.0	0	0.0
all	western_diet_gut_anoxic_membership	Bacteroides_vulgatus	Prevotella_copri	M_cbl1_e	0.0	0.0	0	0.0
all	western_diet_gut_anoxic_membership	Bacteroides_vulgatus	Prevotella_copri	M_cbl2_e	0.0	0.0	0	0.0
all	western_diet_gut_anoxic_membership	Bacteroides_vulgatus	Prevotella_copri	M_cbz_e	0.0	0.0	0	0.0
all	western_diet_gut_anoxic_membership	Bacteroides_vulgatus	Prevotella_copri	M_cbz_glc_e	0.0	0.0	0	0.0
all	western_diet_gut_anoxic_membership	Bacteroides_vulgatus	Prevotella_copri	M_cd2_e	0.0	0.0	0	0.0
all	western_diet_gut_anoxic_membership	Bacteroides_vulgatus	Prevotella_copri	M_cd6168_e	0.0	0.0	0	0.0
all	western_diet_gut_anoxic_membership	Bacteroides_vulgatus	Prevotella_copri	M_cd6168_glc_e	0.0	0.0	0	0.0
all	western_diet_gut_anoxic_membership	Bacteroides_vulgatus	Prevotella_copri	M_cgly_e	0.0	0.07	0	0.0
all	western_diet_gut_anoxic_membership	Bacteroides_vulgatus	Prevotella_copri	M_chlphncl_e	0.0	0.0	1	0.0
all	western_diet_gut_anoxic_membership	Bacteroides_vulgatus	Prevotella_copri	M_chlphncl_glc_e	0.0	0.0	0	0.0
all	western_diet_gut_anoxic_membership	Bacteroides_vulgatus	Prevotella_copri	M_cholate_e	0.0	0.0	0	0.0
all	western_diet_gut_anoxic_membership	Bacteroides_vulgatus	Prevotella_copri	M_cit_e	0.0	0.0	0	0.0
all	western_diet_gut_anoxic_membership	Bacteroides_vulgatus	Prevotella_copri	M_cl_e	0.0	1.0	0	0.0
all	western_diet_gut_anoxic_membership	Bacteroides_vulgatus	Prevotella_copri	M_clcxb_c_e	0.0	0.0	0	0.0
all	western_diet_gut_anoxic_membership	Bacteroides_vulgatus	Prevotella_copri	M_clcxb_c_glc_e	0.0	0.0	0	0.0
all	western_diet_gut_anoxic_membership	Bacteroides_vulgatus	Prevotella_copri	M_clcxb_e	0.0	0.0	0	0.0
all	western_diet_gut_anoxic_membership	Bacteroides_vulgatus	Prevotella_copri	M_clcxb_glc_e	0.0	0.0	0	0.0
all	western_diet_gut_anoxic_membership	Bacteroides_vulgatus	Prevotella_copri	M_clobi_c_e	0.0	0.0	0	0.0
all	western_diet_gut_anoxic_membership	Bacteroides_vulgatus	Prevotella_copri	M_clobi_glc_e	0.0	0.0	0	0.0
all	western_diet_gut_anoxic_membership	Bacteroides_vulgatus	Prevotella_copri	M_co2_e	0.0	0.02	1	0.0
all	western_diet_gut_anoxic_membership	Bacteroides_vulgatus	Prevotella_copri	M_cobalt2_e	0.0	1.0	0	0.0
all	western_diet_gut_anoxic_membership	Bacteroides_vulgatus	Prevotella_copri	M_core2_e	0.0	0.0	0	0.0
all	western_diet_gut_anoxic_membership	Bacteroides_vulgatus	Prevotella_copri	M_core3_e	0.0	0.0	0	0.0
all	western_diet_gut_anoxic_membership	Bacteroides_vulgatus	Prevotella_copri	M_core4_e	0.0	0.0	0	0.0
all	western_diet_gut_anoxic_membership	Bacteroides_vulgatus	Prevotella_copri	M_core5_e	0.0	0.0	0	0.0
all	western_diet_gut_anoxic_membership	Bacteroides_vulgatus	Prevotella_copri	M_core6_e	0.0	0.0	0	0.0
all	western_diet_gut_anoxic_membership	Bacteroides_vulgatus	Prevotella_copri	M_core7_e	0.0	0.0	0	0.0
all	western_diet_gut_anoxic_membership	Bacteroides_vulgatus	Prevotella_copri	M_core8_e	0.0	0.0	0	0.0
all	western_diet_gut_anoxic_membership	Bacteroides_vulgatus	Prevotella_copri	M_cro4_e	0.0	0.0	0	0.0
all	western_diet_gut_anoxic_membership	Bacteroides_vulgatus	Prevotella_copri	M_crvsm1_e	0.0	0.0	0	0.0
all	western_diet_gut_anoxic_membership	Bacteroides_vulgatus	Prevotella_copri	M_crvsm23_e	0.0	0.0	0	0.0
all	western_diet_gut_anoxic_membership	Bacteroides_vulgatus	Prevotella_copri	M_ctbt_e	0.0	0.0	0	0.0
all	western_diet_gut_anoxic_membership	Bacteroides_vulgatus	Prevotella_copri	M_cu2_e	0.0	1.0	0	0.0
all	western_diet_gut_anoxic_membership	Bacteroides_vulgatus	Prevotella_copri	M_cvm1gluc_e	0.0	0.0	0	0.0
all	western_diet_gut_anoxic_membership	Bacteroides_vulgatus	Prevotella_copri	M_cvm23gluc_e	0.0	0.0	0	0.0
all	western_diet_gut_anoxic_membership	Bacteroides_vulgatus	Prevotella_copri	M_cys_L_e	0.0	0.16	0	0.0
all	western_diet_gut_anoxic_membership	Bacteroides_vulgatus	Prevotella_copri	M_czp_e	0.0	0.0	1	0.0
all	western_diet_gut_anoxic_membership	Bacteroides_vulgatus	Prevotella_copri	M_daa_e	0.0	0.0	0	0.0
all	western_diet_gut_anoxic_membership	Bacteroides_vulgatus	Prevotella_copri	M_daa_glc_e	0.0	0.0	0	0.0
all	western_diet_gut_anoxic_membership	Bacteroides_vulgatus	Prevotella_copri	M_dcf_e	0.0	0.0	0	0.0
all	western_diet_gut_anoxic_membership	Bacteroides_vulgatus	Prevotella_copri	M_dcf_glc_e	0.0	0.0	0	0.0
all	western_diet_gut_anoxic_membership	Bacteroides_vulgatus	Prevotella_copri	M_dchac_e	0.0	0.0	0	0.0
all	western_diet_gut_anoxic_membership	Bacteroides_vulgatus	Prevotella_copri	M_ddea_e	0.0	0.0	0	0.0
all	western_diet_gut_anoxic_membership	Bacteroides_vulgatus	Prevotella_copri	M_ddea_glc_e	0.0	0.0	0	0.0
all	western_diet_gut_anoxic_membership	Bacteroides_vulgatus	Prevotella_copri	M_des_astzl_e	0.0	0.0	0	0.0
all	western_diet_gut_anoxic_membership	Bacteroides_vulgatus	Prevotella_copri	M_des_astzl_glc_e	0.0	0.0	0	0.0
all	western_diet_gut_anoxic_membership	Bacteroides_vulgatus	Prevotella_copri	M_dextrin_e	0.0	0.0	0	0.0
all	western_diet_gut_anoxic_membership	Bacteroides_vulgatus	Prevotella_copri	M_dfdcytd_e	0.0	0.0	0	0.0
all	western_diet_gut_anoxic_membership	Bacteroides_vulgatus	Prevotella_copri	M_dfduri_e	0.0	0.0	0	0.0
all	western_diet_gut_anoxic_membership	Bacteroides_vulgatus	Prevotella_copri	M_digoxin_e	0.0	0.0	0	0.0
all	western_diet_gut_anoxic_membership	Bacteroides_vulgatus	Prevotella_copri	M_digoxin_glc_e	0.0	0.0	0	0.0
all	western_diet_gut_anoxic_membership	Bacteroides_vulgatus	Prevotella_copri	M_din_e	0.0	0.0	0	0.0
all	western_diet_gut_anoxic_membership	Bacteroides_vulgatus	Prevotella_copri	M_dlb_e	0.0	0.0	0	0.0
all	western_diet_gut_anoxic_membership	Bacteroides_vulgatus	Prevotella_copri	M_dlb_glc_e	0.0	0.0	0	0.0
all	western_diet_gut_anoxic_membership	Bacteroides_vulgatus	Prevotella_copri	M_dnpz_5des_e	0.0	0.0	0	0.0
all	western_diet_gut_anoxic_membership	Bacteroides_vulgatus	Prevotella_copri	M_dnpz_6des_e	0.0	0.0	0	0.0
all	western_diet_gut_anoxic_membership	Bacteroides_vulgatus	Prevotella_copri	M_dnpz_m11_e	0.0	0.0	0	0.0
all	western_diet_gut_anoxic_membership	Bacteroides_vulgatus	Prevotella_copri	M_dnpz_m12_e	0.0	0.0	0	0.0
all	western_diet_gut_anoxic_membership	Bacteroides_vulgatus	Prevotella_copri	M_dnpz_m13_e	0.0	0.0	0	0.0
all	western_diet_gut_anoxic_membership	Bacteroides_vulgatus	Prevotella_copri	M_dnpz_m14_e	0.0	0.0	0	0.0
all	western_diet_gut_anoxic_membership	Bacteroides_vulgatus	Prevotella_copri	M_dnpz_m9_e	0.0	0.0	0	0.0
all	western_diet_gut_anoxic_membership	Bacteroides_vulgatus	Prevotella_copri	M_doh_etr_e	0.0	0.0	0	0.0
all	western_diet_gut_anoxic_membership	Bacteroides_vulgatus	Prevotella_copri	M_doh_etr_glc_e	0.0	0.0	0	0.0
all	western_diet_gut_anoxic_membership	Bacteroides_vulgatus	Prevotella_copri	M_doh_vcz_e	0.0	0.0	0	0.0
all	western_diet_gut_anoxic_membership	Bacteroides_vulgatus	Prevotella_copri	M_doh_vcz_glc_e	0.0	0.0	0	0.0
all	western_diet_gut_anoxic_membership	Bacteroides_vulgatus	Prevotella_copri	M_dsT_antigen_e	0.0	0.0	0	0.0
all	western_diet_gut_anoxic_membership	Bacteroides_vulgatus	Prevotella_copri	M_duri_e	0.0	0.0	0	0.0
all	western_diet_gut_anoxic_membership	Bacteroides_vulgatus	Prevotella_copri	M_dxo_e	0.0	0.0	0	0.0
all	western_diet_gut_anoxic_membership	Bacteroides_vulgatus	Prevotella_copri	M_dxo_glc_e	0.0	0.0	0	0.0
all	western_diet_gut_anoxic_membership	Bacteroides_vulgatus	Prevotella_copri	M_efv_e	0.0	0.0	0	0.0
all	western_diet_gut_anoxic_membership	Bacteroides_vulgatus	Prevotella_copri	M_efv_glc_e	0.0	0.0	0	0.0
all	western_diet_gut_anoxic_membership	Bacteroides_vulgatus	Prevotella_copri	M_eltr_e	0.0	0.0	0	0.0
all	western_diet_gut_anoxic_membership	Bacteroides_vulgatus	Prevotella_copri	M_eltr_glc_e	0.0	0.0	0	0.0
all	western_diet_gut_anoxic_membership	Bacteroides_vulgatus	Prevotella_copri	M_eltr_m3_e	0.0	0.0	0	0.0
all	western_diet_gut_anoxic_membership	Bacteroides_vulgatus	Prevotella_copri	M_eltr_m4_e	0.0	0.0	0	0.0
all	western_diet_gut_anoxic_membership	Bacteroides_vulgatus	Prevotella_copri	M_estradiol_e	0.0	0.0	0	0.0
all	western_diet_gut_anoxic_membership	Bacteroides_vulgatus	Prevotella_copri	M_estradiolglc_e	0.0	0.0	0	0.0
all	western_diet_gut_anoxic_membership	Bacteroides_vulgatus	Prevotella_copri	M_estriol_e	0.0	0.0	0	0.0
all	western_diet_gut_anoxic_membership	Bacteroides_vulgatus	Prevotella_copri	M_estriolglc_e	0.0	0.0	0	0.0
all	western_diet_gut_anoxic_membership	Bacteroides_vulgatus	Prevotella_copri	M_estrone_e	0.0	0.0	0	0.0
all	western_diet_gut_anoxic_membership	Bacteroides_vulgatus	Prevotella_copri	M_estroneglc_e	0.0	0.0	0	0.0
all	western_diet_gut_anoxic_membership	Bacteroides_vulgatus	Prevotella_copri	M_eztmb_e	0.0	0.0	0	0.0
all	western_diet_gut_anoxic_membership	Bacteroides_vulgatus	Prevotella_copri	M_eztmb_glc_e	0.0	0.0	0	0.0
all	western_diet_gut_anoxic_membership	Bacteroides_vulgatus	Prevotella_copri	M_f1a_e	0.0	0.0	0	0.0
all	western_diet_gut_anoxic_membership	Bacteroides_vulgatus	Prevotella_copri	M_fe2_e	0.0	1.0	0	0.0
all	western_diet_gut_anoxic_membership	Bacteroides_vulgatus	Prevotella_copri	M_fe3_e	0.0	0.0	0	0.0
all	western_diet_gut_anoxic_membership	Bacteroides_vulgatus	Prevotella_copri	M_fol_e	0.0	0.0	0	0.0
all	western_diet_gut_anoxic_membership	Bacteroides_vulgatus	Prevotella_copri	M_for_e	0.0	0.0	0	0.0
all	western_diet_gut_anoxic_membership	Bacteroides_vulgatus	Prevotella_copri	M_fru_e	0.0	0.01	0	0.0
all	western_diet_gut_anoxic_membership	Bacteroides_vulgatus	Prevotella_copri	M_fum_e	0.0	0.2	0	0.0
all	western_diet_gut_anoxic_membership	Bacteroides_vulgatus	Prevotella_copri	M_fvs_e	0.0	0.0	0	0.0
all	western_diet_gut_anoxic_membership	Bacteroides_vulgatus	Prevotella_copri	M_fvsgluc_e	0.0	0.0	0	0.0
all	western_diet_gut_anoxic_membership	Bacteroides_vulgatus	Prevotella_copri	M_fvstet_e	0.0	0.0	0	0.0
all	western_diet_gut_anoxic_membership	Bacteroides_vulgatus	Prevotella_copri	M_fvstetglu_e	0.0	0.0	0	0.0
all	western_diet_gut_anoxic_membership	Bacteroides_vulgatus	Prevotella_copri	M_gal_e	0.0	0.01	0	0.0
all	western_diet_gut_anoxic_membership	Bacteroides_vulgatus	Prevotella_copri	M_galt_e	0.0	0.0	0	0.0
all	western_diet_gut_anoxic_membership	Bacteroides_vulgatus	Prevotella_copri	M_galur_e	0.0	0.0	0	0.0
all	western_diet_gut_anoxic_membership	Bacteroides_vulgatus	Prevotella_copri	M_gam_e	0.0	0.01	0	0.0
all	western_diet_gut_anoxic_membership	Bacteroides_vulgatus	Prevotella_copri	M_gbbtn_e	0.0	0.0	0	0.0
all	western_diet_gut_anoxic_membership	Bacteroides_vulgatus	Prevotella_copri	M_gcald_e	0.0	0.0	0	0.0
all	western_diet_gut_anoxic_membership	Bacteroides_vulgatus	Prevotella_copri	M_glc3meacp_e	0.0	0.0	0	0.0
all	western_diet_gut_anoxic_membership	Bacteroides_vulgatus	Prevotella_copri	M_glc_D_e	0.0	0.01	0	0.0
all	western_diet_gut_anoxic_membership	Bacteroides_vulgatus	Prevotella_copri	M_glcur_e	0.0	0.0	0	0.0
all	western_diet_gut_anoxic_membership	Bacteroides_vulgatus	Prevotella_copri	M_gltmn_e	0.0	0.0	0	0.0
all	western_diet_gut_anoxic_membership	Bacteroides_vulgatus	Prevotella_copri	M_gltmn_glc_e	0.0	0.0	0	0.0
all	western_diet_gut_anoxic_membership	Bacteroides_vulgatus	Prevotella_copri	M_glu_L_e	0.0	0.02	0	0.0
all	western_diet_gut_anoxic_membership	Bacteroides_vulgatus	Prevotella_copri	M_gly_e	0.0	0.0	0	0.0
all	western_diet_gut_anoxic_membership	Bacteroides_vulgatus	Prevotella_copri	M_glyasn_e	0.0	0.0	0	0.0
all	western_diet_gut_anoxic_membership	Bacteroides_vulgatus	Prevotella_copri	M_glyasp_e	0.0	0.01	0	0.0
all	western_diet_gut_anoxic_membership	Bacteroides_vulgatus	Prevotella_copri	M_glyb_e	0.0	0.0	0	0.0
all	western_diet_gut_anoxic_membership	Bacteroides_vulgatus	Prevotella_copri	M_glyc_e	0.0	0.1	0	0.0
all	western_diet_gut_anoxic_membership	Bacteroides_vulgatus	Prevotella_copri	M_glycys_e	0.0	0.0	0	0.0
all	western_diet_gut_anoxic_membership	Bacteroides_vulgatus	Prevotella_copri	M_glygln_e	0.0	0.0	0	0.0
all	western_diet_gut_anoxic_membership	Bacteroides_vulgatus	Prevotella_copri	M_glyglu_e	0.0	0.0	0	0.0
all	western_diet_gut_anoxic_membership	Bacteroides_vulgatus	Prevotella_copri	M_glygn2_e	0.0	0.0	0	0.0
all	western_diet_gut_anoxic_membership	Bacteroides_vulgatus	Prevotella_copri	M_glygn4_e	0.0	0.0	0	0.0
all	western_diet_gut_anoxic_membership	Bacteroides_vulgatus	Prevotella_copri	M_glygn5_e	0.0	0.0	0	0.0
all	western_diet_gut_anoxic_membership	Bacteroides_vulgatus	Prevotella_copri	M_glyleu_e	0.0	0.01	0	0.0
all	western_diet_gut_anoxic_membership	Bacteroides_vulgatus	Prevotella_copri	M_glymet_e	0.0	0.0	0	0.0
all	western_diet_gut_anoxic_membership	Bacteroides_vulgatus	Prevotella_copri	M_glyphe_e	0.0	0.0	0	0.0
all	western_diet_gut_anoxic_membership	Bacteroides_vulgatus	Prevotella_copri	M_glypro_e	0.0	0.0	0	0.0
all	western_diet_gut_anoxic_membership	Bacteroides_vulgatus	Prevotella_copri	M_glytyr_e	0.0	0.0	0	0.0
all	western_diet_gut_anoxic_membership	Bacteroides_vulgatus	Prevotella_copri	M_gmfl_e	0.0	0.0	0	0.0
all	western_diet_gut_anoxic_membership	Bacteroides_vulgatus	Prevotella_copri	M_gmfl_glc_e	0.0	0.0	0	0.0
all	western_diet_gut_anoxic_membership	Bacteroides_vulgatus	Prevotella_copri	M_gmfl_mIII_e	0.0	0.0	0	0.0
all	western_diet_gut_anoxic_membership	Bacteroides_vulgatus	Prevotella_copri	M_gmfl_mIII_glc_e	0.0	0.0	0	0.0
all	western_diet_gut_anoxic_membership	Bacteroides_vulgatus	Prevotella_copri	M_gmfl_mII_e	0.0	0.0	0	0.0
all	western_diet_gut_anoxic_membership	Bacteroides_vulgatus	Prevotella_copri	M_gmfl_mII_glc_e	0.0	0.0	0	0.0
all	western_diet_gut_anoxic_membership	Bacteroides_vulgatus	Prevotella_copri	M_gmfl_mI_e	0.0	0.0	0	0.0
all	western_diet_gut_anoxic_membership	Bacteroides_vulgatus	Prevotella_copri	M_gmfl_mI_glc_e	0.0	0.0	0	0.0
all	western_diet_gut_anoxic_membership	Bacteroides_vulgatus	Prevotella_copri	M_gncore1_e	0.0	0.0	0	0.0
all	western_diet_gut_anoxic_membership	Bacteroides_vulgatus	Prevotella_copri	M_gncore2_e	0.0	0.0	0	0.0
all	western_diet_gut_anoxic_membership	Bacteroides_vulgatus	Prevotella_copri	M_gsn_e	0.0	0.0	0	0.0
all	western_diet_gut_anoxic_membership	Bacteroides_vulgatus	Prevotella_copri	M_gtacmp_e	0.0	0.0	0	0.0
all	western_diet_gut_anoxic_membership	Bacteroides_vulgatus	Prevotella_copri	M_gthox_e	0.0	0.0	0	0.0
all	western_diet_gut_anoxic_membership	Bacteroides_vulgatus	Prevotella_copri	M_h2_e	0.0	0.18	0	0.0
all	western_diet_gut_anoxic_membership	Bacteroides_vulgatus	Prevotella_copri	M_h2o_e	0.0	0.17	0	0.0
all	western_diet_gut_anoxic_membership	Bacteroides_vulgatus	Prevotella_copri	M_h2s_e	0.0	0.77	0	0.0
all	western_diet_gut_anoxic_membership	Bacteroides_vulgatus	Prevotella_copri	M_h_e	0.0	0.27	0	0.0
all	western_diet_gut_anoxic_membership	Bacteroides_vulgatus	Prevotella_copri	M_hg2_e	0.0	0.0	0	0.0
all	western_diet_gut_anoxic_membership	Bacteroides_vulgatus	Prevotella_copri	M_hst_37_diglc_e	0.0	0.0	0	0.0
all	western_diet_gut_anoxic_membership	Bacteroides_vulgatus	Prevotella_copri	M_hst_3_glc_e	0.0	0.0	0	0.0
all	western_diet_gut_anoxic_membership	Bacteroides_vulgatus	Prevotella_copri	M_hst_3_s_e	0.0	0.0	0	0.0
all	western_diet_gut_anoxic_membership	Bacteroides_vulgatus	Prevotella_copri	M_hst_3glc_7s_e	0.0	0.0	0	0.0
all	western_diet_gut_anoxic_membership	Bacteroides_vulgatus	Prevotella_copri	M_hst_7_glc_e	0.0	0.0	0	0.0
all	western_diet_gut_anoxic_membership	Bacteroides_vulgatus	Prevotella_copri	M_hst_7_s_e	0.0	0.0	0	0.0
all	western_diet_gut_anoxic_membership	Bacteroides_vulgatus	Prevotella_copri	M_hst_7glc_3s_e	0.0	0.0	0	0.0
all	western_diet_gut_anoxic_membership	Bacteroides_vulgatus	Prevotella_copri	M_hst_e	0.0	0.0	0	0.0
all	western_diet_gut_anoxic_membership	Bacteroides_vulgatus	Prevotella_copri	M_hxan_e	0.0	0.0	0	0.0
all	western_diet_gut_anoxic_membership	Bacteroides_vulgatus	Prevotella_copri	M_ibup_S_e	0.0	0.0	0	0.0
all	western_diet_gut_anoxic_membership	Bacteroides_vulgatus	Prevotella_copri	M_ibupgluc_e	0.0	0.0	0	0.0
all	western_diet_gut_anoxic_membership	Bacteroides_vulgatus	Prevotella_copri	M_imn_e	0.0	0.0	0	0.0
all	western_diet_gut_anoxic_membership	Bacteroides_vulgatus	Prevotella_copri	M_imn_glc_e	0.0	0.0	0	0.0
all	western_diet_gut_anoxic_membership	Bacteroides_vulgatus	Prevotella_copri	M_ins_e	0.0	0.0	1	0.0
all	western_diet_gut_anoxic_membership	Bacteroides_vulgatus	Prevotella_copri	M_inulin_e	0.0	0.0	0	0.0
all	western_diet_gut_anoxic_membership	Bacteroides_vulgatus	Prevotella_copri	M_inv_e	0.0	0.0	0	0.0
all	western_diet_gut_anoxic_membership	Bacteroides_vulgatus	Prevotella_copri	M_inv_m1_e	0.0	0.0	0	0.0
all	western_diet_gut_anoxic_membership	Bacteroides_vulgatus	Prevotella_copri	M_isobut_e	0.0	0.0	0	0.0
all	western_diet_gut_anoxic_membership	Bacteroides_vulgatus	Prevotella_copri	M_isocapr_e	0.0	0.0	0	0.0
all	western_diet_gut_anoxic_membership	Bacteroides_vulgatus	Prevotella_copri	M_isosorbide_5mn_e	0.0	0.0	0	0.0
all	western_diet_gut_anoxic_membership	Bacteroides_vulgatus	Prevotella_copri	M_isosorbide_5mn_glc_e	0.0	0.0	0	0.0
all	western_diet_gut_anoxic_membership	Bacteroides_vulgatus	Prevotella_copri	M_isoval_e	0.0	0.0	0	0.0
all	western_diet_gut_anoxic_membership	Bacteroides_vulgatus	Prevotella_copri	M_k_e	0.0	1.0	0	0.0
all	western_diet_gut_anoxic_membership	Bacteroides_vulgatus	Prevotella_copri	M_kesto_e	0.0	0.0	0	0.0
all	western_diet_gut_anoxic_membership	Bacteroides_vulgatus	Prevotella_copri	M_kestopt_e	0.0	0.0	0	0.0
all	western_diet_gut_anoxic_membership	Bacteroides_vulgatus	Prevotella_copri	M_kestottr_e	0.0	0.0	0	0.0
all	western_diet_gut_anoxic_membership	Bacteroides_vulgatus	Prevotella_copri	M_kprofen_e	0.0	0.0	0	0.0
all	western_diet_gut_anoxic_membership	Bacteroides_vulgatus	Prevotella_copri	M_kprofen_glc_e	0.0	0.0	0	0.0
all	western_diet_gut_anoxic_membership	Bacteroides_vulgatus	Prevotella_copri	M_lac_D_e	0.0	0.1	0	0.0
all	western_diet_gut_anoxic_membership	Bacteroides_vulgatus	Prevotella_copri	M_lac_L_e	0.0	0.0	0	0.0
all	western_diet_gut_anoxic_membership	Bacteroides_vulgatus	Prevotella_copri	M_lactl_e	0.0	0.0	0	0.0
all	western_diet_gut_anoxic_membership	Bacteroides_vulgatus	Prevotella_copri	M_lcts_e	0.0	0.0	0	0.0
all	western_diet_gut_anoxic_membership	Bacteroides_vulgatus	Prevotella_copri	M_leu_L_e	0.0	0.04	0	0.0
all	western_diet_gut_anoxic_membership	Bacteroides_vulgatus	Prevotella_copri	M_lst4exp_e	0.0	0.0	0	0.0
all	western_diet_gut_anoxic_membership	Bacteroides_vulgatus	Prevotella_copri	M_lstn1gluc_e	0.0	0.0	0	0.0
all	western_diet_gut_anoxic_membership	Bacteroides_vulgatus	Prevotella_copri	M_lstn_e	0.0	0.0	0	0.0
all	western_diet_gut_anoxic_membership	Bacteroides_vulgatus	Prevotella_copri	M_lstnm4_e	0.0	0.0	0	0.0
all	western_diet_gut_anoxic_membership	Bacteroides_vulgatus	Prevotella_copri	M_lstnm7_e	0.0	0.0	0	0.0
all	western_diet_gut_anoxic_membership	Bacteroides_vulgatus	Prevotella_copri	M_malt_e	0.0	0.0	0	0.0
all	western_diet_gut_anoxic_membership	Bacteroides_vulgatus	Prevotella_copri	M_malttr_e	0.0	0.0	0	0.0
all	western_diet_gut_anoxic_membership	Bacteroides_vulgatus	Prevotella_copri	M_man_e	0.0	0.01	0	0.0
all	western_diet_gut_anoxic_membership	Bacteroides_vulgatus	Prevotella_copri	M_mantr_e	0.0	0.0	0	0.0
all	western_diet_gut_anoxic_membership	Bacteroides_vulgatus	Prevotella_copri	M_mdz_e	0.0	0.0	0	0.0
all	western_diet_gut_anoxic_membership	Bacteroides_vulgatus	Prevotella_copri	M_mdz_glc_e	0.0	0.0	0	0.0
all	western_diet_gut_anoxic_membership	Bacteroides_vulgatus	Prevotella_copri	M_mdzglc_e	0.0	0.0	0	0.0
all	western_diet_gut_anoxic_membership	Bacteroides_vulgatus	Prevotella_copri	M_melib_e	0.0	0.0	0	0.0
all	western_diet_gut_anoxic_membership	Bacteroides_vulgatus	Prevotella_copri	M_met_L_e	0.0	0.0	0	0.0
all	western_diet_gut_anoxic_membership	Bacteroides_vulgatus	Prevotella_copri	M_metala_e	0.0	0.0	0	0.0
all	western_diet_gut_anoxic_membership	Bacteroides_vulgatus	Prevotella_copri	M_mg2_e	0.0	1.0	0	0.0
all	western_diet_gut_anoxic_membership	Bacteroides_vulgatus	Prevotella_copri	M_miso_e	0.0	0.0	0	0.0
all	western_diet_gut_anoxic_membership	Bacteroides_vulgatus	Prevotella_copri	M_miso_glc_e	0.0	0.0	0	0.0
all	western_diet_gut_anoxic_membership	Bacteroides_vulgatus	Prevotella_copri	M_mn2_e	0.0	1.0	0	0.0
all	western_diet_gut_anoxic_membership	Bacteroides_vulgatus	Prevotella_copri	M_mqn7_e	0.0	0.0	0	0.0
all	western_diet_gut_anoxic_membership	Bacteroides_vulgatus	Prevotella_copri	M_mqn8_e	0.0	0.0	0	0.0
all	western_diet_gut_anoxic_membership	Bacteroides_vulgatus	Prevotella_copri	M_mrphn_3glc_e	0.0	0.0	0	0.0
all	western_diet_gut_anoxic_membership	Bacteroides_vulgatus	Prevotella_copri	M_mrphn_6glc_e	0.0	0.0	0	0.0
all	western_diet_gut_anoxic_membership	Bacteroides_vulgatus	Prevotella_copri	M_mrphn_e	0.0	0.0	0	0.0
all	western_diet_gut_anoxic_membership	Bacteroides_vulgatus	Prevotella_copri	M_mtz_e	0.0	0.0	0	0.0
all	western_diet_gut_anoxic_membership	Bacteroides_vulgatus	Prevotella_copri	M_mtz_glc_e	0.0	0.0	0	0.0
all	western_diet_gut_anoxic_membership	Bacteroides_vulgatus	Prevotella_copri	M_na1_e	0.0	0.0	0	0.0
all	western_diet_gut_anoxic_membership	Bacteroides_vulgatus	Prevotella_copri	M_nac_e	0.0	0.0	0	0.0
all	western_diet_gut_anoxic_membership	Bacteroides_vulgatus	Prevotella_copri	M_nchlphncl_e	0.0	0.0	1	0.0
all	western_diet_gut_anoxic_membership	Bacteroides_vulgatus	Prevotella_copri	M_neopront_e	0.0	0.0	0	0.0
all	western_diet_gut_anoxic_membership	Bacteroides_vulgatus	Prevotella_copri	M_nh4_e	0.0	0.18	1	0.0
all	western_diet_gut_anoxic_membership	Bacteroides_vulgatus	Prevotella_copri	M_nsldp_m5_e	0.0	0.0	0	0.0
all	western_diet_gut_anoxic_membership	Bacteroides_vulgatus	Prevotella_copri	M_nsldp_m5_glc_e	0.0	0.0	0	0.0
all	western_diet_gut_anoxic_membership	Bacteroides_vulgatus	Prevotella_copri	M_nverp_e	0.0	0.0	0	0.0
all	western_diet_gut_anoxic_membership	Bacteroides_vulgatus	Prevotella_copri	M_nverp_glc_e	0.0	0.0	0	0.0
all	western_diet_gut_anoxic_membership	Bacteroides_vulgatus	Prevotella_copri	M_nzp_e	0.0	0.0	1	0.0
all	western_diet_gut_anoxic_membership	Bacteroides_vulgatus	Prevotella_copri	M_o2_e	0.0	0.0	1	0.0
all	western_diet_gut_anoxic_membership	Bacteroides_vulgatus	Prevotella_copri	M_ocdca_e	0.0	0.0	0	0.0
all	western_diet_gut_anoxic_membership	Bacteroides_vulgatus	Prevotella_copri	M_odsm_egltmn_e	0.0	0.0	0	0.0
all	western_diet_gut_anoxic_membership	Bacteroides_vulgatus	Prevotella_copri	M_odsm_egltmn_glc_e	0.0	0.0	0	0.0
all	western_diet_gut_anoxic_membership	Bacteroides_vulgatus	Prevotella_copri	M_odsm_gltmn_e	0.0	0.0	0	0.0
all	western_diet_gut_anoxic_membership	Bacteroides_vulgatus	Prevotella_copri	M_odsm_gltmn_glc_e	0.0	0.0	0	0.0
all	western_diet_gut_anoxic_membership	Bacteroides_vulgatus	Prevotella_copri	M_oh_etr_e	0.0	0.0	0	0.0
all	western_diet_gut_anoxic_membership	Bacteroides_vulgatus	Prevotella_copri	M_oh_etr_glc_e	0.0	0.0	0	0.0
all	western_diet_gut_anoxic_membership	Bacteroides_vulgatus	Prevotella_copri	M_oh_pbl_e	0.0	0.0	0	0.0
all	western_diet_gut_anoxic_membership	Bacteroides_vulgatus	Prevotella_copri	M_oh_pbl_glc_e	0.0	0.0	0	0.0
all	western_diet_gut_anoxic_membership	Bacteroides_vulgatus	Prevotella_copri	M_olsa_e	0.0	0.0	0	0.0
all	western_diet_gut_anoxic_membership	Bacteroides_vulgatus	Prevotella_copri	M_pb_e	0.0	0.0	0	0.0
all	western_diet_gut_anoxic_membership	Bacteroides_vulgatus	Prevotella_copri	M_pheme_e	0.0	0.0	0	0.0
all	western_diet_gut_anoxic_membership	Bacteroides_vulgatus	Prevotella_copri	M_phppa_e	0.0	0.0	0	0.0
all	western_diet_gut_anoxic_membership	Bacteroides_vulgatus	Prevotella_copri	M_phppa_glc_e	0.0	0.0	0	0.0
all	western_diet_gut_anoxic_membership	Bacteroides_vulgatus	Prevotella_copri	M_phtn_glc_e	0.0	0.0	0	0.0
all	western_diet_gut_anoxic_membership	Bacteroides_vulgatus	Prevotella_copri	M_pi_e	0.0	1.0	0	0.0
all	western_diet_gut_anoxic_membership	Bacteroides_vulgatus	Prevotella_copri	M_ppa_e	0.0	0.0	1	0.0
all	western_diet_gut_anoxic_membership	Bacteroides_vulgatus	Prevotella_copri	M_ppi_e	0.0	0.0	1	0.0
all	western_diet_gut_anoxic_membership	Bacteroides_vulgatus	Prevotella_copri	M_pro_L_e	0.0	0.06	0	0.0
all	western_diet_gut_anoxic_membership	Bacteroides_vulgatus	Prevotella_copri	M_prob_e	0.0	0.0	0	0.0
all	western_diet_gut_anoxic_membership	Bacteroides_vulgatus	Prevotella_copri	M_prob_glc_e	0.0	0.0	0	0.0
all	western_diet_gut_anoxic_membership	Bacteroides_vulgatus	Prevotella_copri	M_pront_e	0.0	0.0	0	0.0
all	western_diet_gut_anoxic_membership	Bacteroides_vulgatus	Prevotella_copri	M_pront_glc_e	0.0	0.0	0	0.0
all	western_diet_gut_anoxic_membership	Bacteroides_vulgatus	Prevotella_copri	M_propl_e	0.0	0.0	0	0.0
all	western_diet_gut_anoxic_membership	Bacteroides_vulgatus	Prevotella_copri	M_propl_glc_e	0.0	0.0	0	0.0
all	western_diet_gut_anoxic_membership	Bacteroides_vulgatus	Prevotella_copri	M_prx_mII_e	0.0	0.0	0	0.0
all	western_diet_gut_anoxic_membership	Bacteroides_vulgatus	Prevotella_copri	M_prx_mII_glc_e	0.0	0.0	0	0.0
all	western_diet_gut_anoxic_membership	Bacteroides_vulgatus	Prevotella_copri	M_prx_mI_e	0.0	0.0	0	0.0
all	western_diet_gut_anoxic_membership	Bacteroides_vulgatus	Prevotella_copri	M_prx_mI_glc_e	0.0	0.0	0	0.0
all	western_diet_gut_anoxic_membership	Bacteroides_vulgatus	Prevotella_copri	M_ptrc_e	0.0	0.0	0	0.0
all	western_diet_gut_anoxic_membership	Bacteroides_vulgatus	Prevotella_copri	M_ptvst_e	0.0	0.0	0	0.0
all	western_diet_gut_anoxic_membership	Bacteroides_vulgatus	Prevotella_copri	M_ptvstgluc_e	0.0	0.0	0	0.0
all	western_diet_gut_anoxic_membership	Bacteroides_vulgatus	Prevotella_copri	M_pvs_e	0.0	0.0	0	0.0
all	western_diet_gut_anoxic_membership	Bacteroides_vulgatus	Prevotella_copri	M_pvsgluc_e	0.0	0.0	0	0.0
all	western_diet_gut_anoxic_membership	Bacteroides_vulgatus	Prevotella_copri	M_pyr_e	0.0	0.14	0	0.0
all	western_diet_gut_anoxic_membership	Bacteroides_vulgatus	Prevotella_copri	M_r406_e	0.0	0.0	0	0.0
all	western_diet_gut_anoxic_membership	Bacteroides_vulgatus	Prevotella_copri	M_r406_glc_e	0.0	0.0	0	0.0
all	western_diet_gut_anoxic_membership	Bacteroides_vulgatus	Prevotella_copri	M_r529_e	0.0	0.0	0	0.0
all	western_diet_gut_anoxic_membership	Bacteroides_vulgatus	Prevotella_copri	M_r529_glc_e	0.0	0.0	0	0.0
all	western_diet_gut_anoxic_membership	Bacteroides_vulgatus	Prevotella_copri	M_raffin_e	0.0	0.0	0	0.0
all	western_diet_gut_anoxic_membership	Bacteroides_vulgatus	Prevotella_copri	M_regfnb_e	0.0	0.0	0	0.0
all	western_diet_gut_anoxic_membership	Bacteroides_vulgatus	Prevotella_copri	M_regfnb_glc_e	0.0	0.0	0	0.0
all	western_diet_gut_anoxic_membership	Bacteroides_vulgatus	Prevotella_copri	M_rep_e	0.0	0.0	0	0.0
all	western_diet_gut_anoxic_membership	Bacteroides_vulgatus	Prevotella_copri	M_rep_glc_e	0.0	0.0	0	0.0
all	western_diet_gut_anoxic_membership	Bacteroides_vulgatus	Prevotella_copri	M_ribflv_e	0.0	0.0	0	0.0
all	western_diet_gut_anoxic_membership	Bacteroides_vulgatus	Prevotella_copri	M_rmn_e	0.0	0.03	0	0.0
all	western_diet_gut_anoxic_membership	Bacteroides_vulgatus	Prevotella_copri	M_rpn_104557_cb_glc_e	0.0	0.0	0	0.0
all	western_diet_gut_anoxic_membership	Bacteroides_vulgatus	Prevotella_copri	M_rpn_104557_e	0.0	0.0	0	0.0
all	western_diet_gut_anoxic_membership	Bacteroides_vulgatus	Prevotella_copri	M_rpn_96990_e	0.0	0.0	0	0.0
all	western_diet_gut_anoxic_membership	Bacteroides_vulgatus	Prevotella_copri	M_rpn_96990_glc_e	0.0	0.0	0	0.0
all	western_diet_gut_anoxic_membership	Bacteroides_vulgatus	Prevotella_copri	M_rpn_oh_e	0.0	0.0	0	0.0
all	western_diet_gut_anoxic_membership	Bacteroides_vulgatus	Prevotella_copri	M_rpn_oh_glc_e	0.0	0.0	0	0.0
all	western_diet_gut_anoxic_membership	Bacteroides_vulgatus	Prevotella_copri	M_rsv_e	0.0	0.0	0	0.0
all	western_diet_gut_anoxic_membership	Bacteroides_vulgatus	Prevotella_copri	M_rsvgluc_e	0.0	0.0	0	0.0
all	western_diet_gut_anoxic_membership	Bacteroides_vulgatus	Prevotella_copri	M_sT_antigen_e	0.0	0.0	0	0.0
all	western_diet_gut_anoxic_membership	Bacteroides_vulgatus	Prevotella_copri	M_sTn_antigen_e	0.0	0.0	0	0.0
all	western_diet_gut_anoxic_membership	Bacteroides_vulgatus	Prevotella_copri	M_salcn_e	0.0	0.0	0	0.0
all	western_diet_gut_anoxic_membership	Bacteroides_vulgatus	Prevotella_copri	M_sanilamide_e	0.0	0.0	0	0.0
all	western_diet_gut_anoxic_membership	Bacteroides_vulgatus	Prevotella_copri	M_sb_611855_e	0.0	0.0	0	0.0
all	western_diet_gut_anoxic_membership	Bacteroides_vulgatus	Prevotella_copri	M_sb_y_e	0.0	0.0	0	0.0
all	western_diet_gut_anoxic_membership	Bacteroides_vulgatus	Prevotella_copri	M_sch_488128_e	0.0	0.0	0	0.0
all	western_diet_gut_anoxic_membership	Bacteroides_vulgatus	Prevotella_copri	M_sch_57871_e	0.0	0.0	0	0.0
all	western_diet_gut_anoxic_membership	Bacteroides_vulgatus	Prevotella_copri	M_sch_57871_glc_e	0.0	0.0	0	0.0
all	western_diet_gut_anoxic_membership	Bacteroides_vulgatus	Prevotella_copri	M_ser_L_e	0.0	0.11	0	0.0
all	western_diet_gut_anoxic_membership	Bacteroides_vulgatus	Prevotella_copri	M_sfnd_1689_e	0.0	0.0	0	0.0
all	western_diet_gut_anoxic_membership	Bacteroides_vulgatus	Prevotella_copri	M_sfnd_1689_glc_e	0.0	0.0	0	0.0
all	western_diet_gut_anoxic_membership	Bacteroides_vulgatus	Prevotella_copri	M_sftz_e	0.0	0.0	0	0.0
all	western_diet_gut_anoxic_membership	Bacteroides_vulgatus	Prevotella_copri	M_sftz_glc_e	0.0	0.0	0	0.0
all	western_diet_gut_anoxic_membership	Bacteroides_vulgatus	Prevotella_copri	M_simvgluc_e	0.0	0.0	0	0.0
all	western_diet_gut_anoxic_membership	Bacteroides_vulgatus	Prevotella_copri	M_smap_e	0.0	0.0	0	0.0
all	western_diet_gut_anoxic_membership	Bacteroides_vulgatus	Prevotella_copri	M_smap_glc_e	0.0	0.0	0	0.0
all	western_diet_gut_anoxic_membership	Bacteroides_vulgatus	Prevotella_copri	M_smvacid_e	0.0	0.0	0	0.0
all	western_diet_gut_anoxic_membership	Bacteroides_vulgatus	Prevotella_copri	M_sn38_e	0.0	0.0	0	0.0
all	western_diet_gut_anoxic_membership	Bacteroides_vulgatus	Prevotella_copri	M_sn38g_e	0.0	0.0	0	0.0
all	western_diet_gut_anoxic_membership	Bacteroides_vulgatus	Prevotella_copri	M_so4_e	0.0	1.0	0	0.0
all	western_diet_gut_anoxic_membership	Bacteroides_vulgatus	Prevotella_copri	M_spmd_e	0.0	0.0	0	0.0
all	western_diet_gut_anoxic_membership	Bacteroides_vulgatus	Prevotella_copri	M_spz_e	0.0	0.0	0	0.0
all	western_diet_gut_anoxic_membership	Bacteroides_vulgatus	Prevotella_copri	M_spz_glc_e	0.0	0.0	0	0.0
all	western_diet_gut_anoxic_membership	Bacteroides_vulgatus	Prevotella_copri	M_spz_sfn_e	0.0	0.0	0	0.0
all	western_diet_gut_anoxic_membership	Bacteroides_vulgatus	Prevotella_copri	M_spz_sfn_glc_e	0.0	0.0	0	0.0
all	western_diet_gut_anoxic_membership	Bacteroides_vulgatus	Prevotella_copri	M_srv_e	0.0	0.0	0	0.0
all	western_diet_gut_anoxic_membership	Bacteroides_vulgatus	Prevotella_copri	M_ssz_e	0.0	0.0	0	0.0
all	western_diet_gut_anoxic_membership	Bacteroides_vulgatus	Prevotella_copri	M_stg_e	0.0	0.0	0	0.0
all	western_diet_gut_anoxic_membership	Bacteroides_vulgatus	Prevotella_copri	M_stg_m3_e	0.0	0.0	0	0.0
all	western_diet_gut_anoxic_membership	Bacteroides_vulgatus	Prevotella_copri	M_stg_m4_e	0.0	0.0	0	0.0
all	western_diet_gut_anoxic_membership	Bacteroides_vulgatus	Prevotella_copri	M_stys_e	0.0	0.0	0	0.0
all	western_diet_gut_anoxic_membership	Bacteroides_vulgatus	Prevotella_copri	M_succ_e	0.0	0.07	0	0.0
all	western_diet_gut_anoxic_membership	Bacteroides_vulgatus	Prevotella_copri	M_sucr_e	0.0	0.0	0	0.0
all	western_diet_gut_anoxic_membership	Bacteroides_vulgatus	Prevotella_copri	M_sulfp_e	0.0	0.0	0	0.0
all	western_diet_gut_anoxic_membership	Bacteroides_vulgatus	Prevotella_copri	M_tab_e	0.0	0.0	0	0.0
all	western_diet_gut_anoxic_membership	Bacteroides_vulgatus	Prevotella_copri	M_tat_e	0.0	0.0	0	0.0
all	western_diet_gut_anoxic_membership	Bacteroides_vulgatus	Prevotella_copri	M_tgz_e	0.0	0.0	0	0.0
all	western_diet_gut_anoxic_membership	Bacteroides_vulgatus	Prevotella_copri	M_tgz_glc_e	0.0	0.0	0	0.0
all	western_diet_gut_anoxic_membership	Bacteroides_vulgatus	Prevotella_copri	M_thsacmp_e	0.0	0.0	0	0.0
all	western_diet_gut_anoxic_membership	Bacteroides_vulgatus	Prevotella_copri	M_tlf_a_1a_e	0.0	0.0	0	0.0
all	western_diet_gut_anoxic_membership	Bacteroides_vulgatus	Prevotella_copri	M_tlf_a_1b_e	0.0	0.0	0	0.0
all	western_diet_gut_anoxic_membership	Bacteroides_vulgatus	Prevotella_copri	M_tlf_a_1x_e	0.0	0.0	0	0.0
all	western_diet_gut_anoxic_membership	Bacteroides_vulgatus	Prevotella_copri	M_tlf_a_2_e	0.0	0.0	0	0.0
all	western_diet_gut_anoxic_membership	Bacteroides_vulgatus	Prevotella_copri	M_tlf_a_2a_e	0.0	0.0	0	0.0
all	western_diet_gut_anoxic_membership	Bacteroides_vulgatus	Prevotella_copri	M_tlf_a_3_e	0.0	0.0	0	0.0
all	western_diet_gut_anoxic_membership	Bacteroides_vulgatus	Prevotella_copri	M_tlf_a_4_e	0.0	0.0	0	0.0
all	western_diet_gut_anoxic_membership	Bacteroides_vulgatus	Prevotella_copri	M_tlf_a_e	0.0	0.0	0	0.0
all	western_diet_gut_anoxic_membership	Bacteroides_vulgatus	Prevotella_copri	M_tlf_a_m1_e	0.0	0.0	0	0.0
all	western_diet_gut_anoxic_membership	Bacteroides_vulgatus	Prevotella_copri	M_tlf_a_m2_e	0.0	0.0	0	0.0
all	western_diet_gut_anoxic_membership	Bacteroides_vulgatus	Prevotella_copri	M_tlf_a_m3_e	0.0	0.0	0	0.0
all	western_diet_gut_anoxic_membership	Bacteroides_vulgatus	Prevotella_copri	M_tlf_a_m4_e	0.0	0.0	0	0.0
all	western_diet_gut_anoxic_membership	Bacteroides_vulgatus	Prevotella_copri	M_tlf_a_m4a_e	0.0	0.0	0	0.0
all	western_diet_gut_anoxic_membership	Bacteroides_vulgatus	Prevotella_copri	M_tlf_a_m5_e	0.0	0.0	0	0.0
all	western_diet_gut_anoxic_membership	Bacteroides_vulgatus	Prevotella_copri	M_tlf_a_m5a_e	0.0	0.0	0	0.0
all	western_diet_gut_anoxic_membership	Bacteroides_vulgatus	Prevotella_copri	M_tlf_a_m5b_e	0.0	0.0	0	0.0
all	western_diet_gut_anoxic_membership	Bacteroides_vulgatus	Prevotella_copri	M_tlf_a_m6_e	0.0	0.0	0	0.0
all	western_diet_gut_anoxic_membership	Bacteroides_vulgatus	Prevotella_copri	M_tlf_a_m9_e	0.0	0.0	0	0.0
all	western_diet_gut_anoxic_membership	Bacteroides_vulgatus	Prevotella_copri	M_tlms_e	0.0	0.0	0	0.0
all	western_diet_gut_anoxic_membership	Bacteroides_vulgatus	Prevotella_copri	M_tlms_glc_e	0.0	0.0	0	0.0
all	western_diet_gut_anoxic_membership	Bacteroides_vulgatus	Prevotella_copri	M_tmacmp_e	0.0	0.0	0	0.0
all	western_diet_gut_anoxic_membership	Bacteroides_vulgatus	Prevotella_copri	M_tolcp_ac_e	0.0	0.0	0	0.0
all	western_diet_gut_anoxic_membership	Bacteroides_vulgatus	Prevotella_copri	M_tolcp_ac_glc_e	0.0	0.0	0	0.0
all	western_diet_gut_anoxic_membership	Bacteroides_vulgatus	Prevotella_copri	M_tolcp_am_e	0.0	0.0	0	0.0
all	western_diet_gut_anoxic_membership	Bacteroides_vulgatus	Prevotella_copri	M_tolcp_am_glc_e	0.0	0.0	0	0.0
all	western_diet_gut_anoxic_membership	Bacteroides_vulgatus	Prevotella_copri	M_tolcp_e	0.0	0.0	0	0.0
all	western_diet_gut_anoxic_membership	Bacteroides_vulgatus	Prevotella_copri	M_tolcp_glc_e	0.0	0.0	0	0.0
all	western_diet_gut_anoxic_membership	Bacteroides_vulgatus	Prevotella_copri	M_tpno_1glc_4g_e	0.0	0.0	0	0.0
all	western_diet_gut_anoxic_membership	Bacteroides_vulgatus	Prevotella_copri	M_tpno_4g_e	0.0	0.0	0	0.0
all	western_diet_gut_anoxic_membership	Bacteroides_vulgatus	Prevotella_copri	M_tpno_4glc_e	0.0	0.0	0	0.0
all	western_diet_gut_anoxic_membership	Bacteroides_vulgatus	Prevotella_copri	M_tpnoh_e	0.0	0.0	0	0.0
all	western_diet_gut_anoxic_membership	Bacteroides_vulgatus	Prevotella_copri	M_trp_L_e	0.0	0.0	0	0.0
all	western_diet_gut_anoxic_membership	Bacteroides_vulgatus	Prevotella_copri	M_tsacmgluc_e	0.0	0.0	0	0.0
all	western_diet_gut_anoxic_membership	Bacteroides_vulgatus	Prevotella_copri	M_tsul_e	0.0	0.0	0	0.0
all	western_diet_gut_anoxic_membership	Bacteroides_vulgatus	Prevotella_copri	M_ttdca_e	0.0	0.0	0	0.0
all	western_diet_gut_anoxic_membership	Bacteroides_vulgatus	Prevotella_copri	M_urea_e	0.0	0.0	0	0.0
all	western_diet_gut_anoxic_membership	Bacteroides_vulgatus	Prevotella_copri	M_val_L_e	0.0	0.09	0	0.0
all	western_diet_gut_anoxic_membership	Bacteroides_vulgatus	Prevotella_copri	M_xan_e	0.0	0.0	0	0.0
all	western_diet_gut_anoxic_membership	Bacteroides_vulgatus	Prevotella_copri	M_xtsn_e	0.0	0.0	0	0.0
all	western_diet_gut_anoxic_membership	Bacteroides_vulgatus	Prevotella_copri	M_xyl_D_e	0.0	0.04	0	0.0
all	western_diet_gut_anoxic_membership	Bacteroides_vulgatus	Prevotella_copri	M_xylottr_e	0.0	0.0	0	0.0
all	western_diet_gut_anoxic_membership	Bacteroides_vulgatus	Prevotella_copri	M_zn2_e	0.0	1.0	0	0.0
all	western_diet_gut_anoxic_membership	Bacteroides_vulgatus	Alistipes_putredinis	M_12ppd_S_e	0.0	0.07	0	0.0
all	western_diet_gut_anoxic_membership	Bacteroides_vulgatus	Alistipes_putredinis	M_26dap_M_e	0.0	0.0	0	0.0
all	western_diet_gut_anoxic_membership	Bacteroides_vulgatus	Alistipes_putredinis	M_2obut_e	0.0	0.04	0	0.0
all	western_diet_gut_anoxic_membership	Bacteroides_vulgatus	Alistipes_putredinis	M_4abut_e	0.0	0.0	0	0.0
all	western_diet_gut_anoxic_membership	Bacteroides_vulgatus	Alistipes_putredinis	M_4abz_e	0.0	0.0	0	0.0
all	western_diet_gut_anoxic_membership	Bacteroides_vulgatus	Alistipes_putredinis	M_5asa_e	0.0	0.0	0	0.0
all	western_diet_gut_anoxic_membership	Bacteroides_vulgatus	Alistipes_putredinis	M_7a_czp_e	0.0	0.0	1	0.0
all	western_diet_gut_anoxic_membership	Bacteroides_vulgatus	Alistipes_putredinis	M_7dhcdchol_e	0.0	0.0	0	0.0
all	western_diet_gut_anoxic_membership	Bacteroides_vulgatus	Alistipes_putredinis	M_7ocholate_e	0.0	0.0	0	0.0
all	western_diet_gut_anoxic_membership	Bacteroides_vulgatus	Alistipes_putredinis	M_C02528_e	0.0	0.0	0	0.0
all	western_diet_gut_anoxic_membership	Bacteroides_vulgatus	Alistipes_putredinis	M_Ser_Thr_e	0.0	0.0	0	0.0
all	western_diet_gut_anoxic_membership	Bacteroides_vulgatus	Alistipes_putredinis	M_T_antigen_e	0.0	0.0	0	0.0
all	western_diet_gut_anoxic_membership	Bacteroides_vulgatus	Alistipes_putredinis	M_Tn_antigen_e	0.0	0.0	0	0.0
all	western_diet_gut_anoxic_membership	Bacteroides_vulgatus	Alistipes_putredinis	M_Tyr_ggn_e	0.0	0.0	0	0.0
all	western_diet_gut_anoxic_membership	Bacteroides_vulgatus	Alistipes_putredinis	M_abz_ala_b_e	0.0	0.0	0	0.0
all	western_diet_gut_anoxic_membership	Bacteroides_vulgatus	Alistipes_putredinis	M_ac_e	0.0	0.0	0	0.0
all	western_diet_gut_anoxic_membership	Bacteroides_vulgatus	Alistipes_putredinis	M_acgal_e	0.0	0.0	0	0.0
all	western_diet_gut_anoxic_membership	Bacteroides_vulgatus	Alistipes_putredinis	M_acgam_e	0.0	0.0	0	0.0
all	western_diet_gut_anoxic_membership	Bacteroides_vulgatus	Alistipes_putredinis	M_acnam_e	0.0	0.0	0	0.0
all	western_diet_gut_anoxic_membership	Bacteroides_vulgatus	Alistipes_putredinis	M_ade_e	0.0	0.04	0	0.0
all	western_diet_gut_anoxic_membership	Bacteroides_vulgatus	Alistipes_putredinis	M_adn_e	0.0	0.0	0	0.0
all	western_diet_gut_anoxic_membership	Bacteroides_vulgatus	Alistipes_putredinis	M_adocbl_e	0.0	0.0	0	0.0
all	western_diet_gut_anoxic_membership	Bacteroides_vulgatus	Alistipes_putredinis	M_ala_L_e	0.0	0.24	0	0.0
all	western_diet_gut_anoxic_membership	Bacteroides_vulgatus	Alistipes_putredinis	M_alaasp_e	0.0	0.0	0	0.0
all	western_diet_gut_anoxic_membership	Bacteroides_vulgatus	Alistipes_putredinis	M_alagln_e	0.0	0.0	0	0.0
all	western_diet_gut_anoxic_membership	Bacteroides_vulgatus	Alistipes_putredinis	M_alaglu_e	0.0	0.0	0	0.0
all	western_diet_gut_anoxic_membership	Bacteroides_vulgatus	Alistipes_putredinis	M_alagly_e	0.0	0.0	0	0.0
all	western_diet_gut_anoxic_membership	Bacteroides_vulgatus	Alistipes_putredinis	M_alahis_e	0.0	0.0	0	0.0
all	western_diet_gut_anoxic_membership	Bacteroides_vulgatus	Alistipes_putredinis	M_alaleu_e	0.0	0.0	0	0.0
all	western_diet_gut_anoxic_membership	Bacteroides_vulgatus	Alistipes_putredinis	M_alathr_e	0.0	0.0	0	0.0
all	western_diet_gut_anoxic_membership	Bacteroides_vulgatus	Alistipes_putredinis	M_amylopect900_e	0.0	0.0	0	0.0
all	western_diet_gut_anoxic_membership	Bacteroides_vulgatus	Alistipes_putredinis	M_amylose300_e	0.0	0.0	0	0.0
all	western_diet_gut_anoxic_membership	Bacteroides_vulgatus	Alistipes_putredinis	M_anzp_e	0.0	0.0	1	0.0
all	western_diet_gut_anoxic_membership	Bacteroides_vulgatus	Alistipes_putredinis	M_arab_L_e	0.0	0.04	0	0.0
all	western_diet_gut_anoxic_membership	Bacteroides_vulgatus	Alistipes_putredinis	M_arabinoxyl_e	0.0	0.0	0	0.0
all	western_diet_gut_anoxic_membership	Bacteroides_vulgatus	Alistipes_putredinis	M_arabttr_e	0.0	0.0	0	0.0
all	western_diet_gut_anoxic_membership	Bacteroides_vulgatus	Alistipes_putredinis	M_arsenb_e	0.0	0.0	0	0.0
all	western_diet_gut_anoxic_membership	Bacteroides_vulgatus	Alistipes_putredinis	M_asn_L_e	0.0	0.08	0	0.0
all	western_diet_gut_anoxic_membership	Bacteroides_vulgatus	Alistipes_putredinis	M_brv_e	0.0	0.0	0	0.0
all	western_diet_gut_anoxic_membership	Bacteroides_vulgatus	Alistipes_putredinis	M_but_e	0.0	0.0	0	0.0
all	western_diet_gut_anoxic_membership	Bacteroides_vulgatus	Alistipes_putredinis	M_bvu_e	0.0	0.0	0	0.0
all	western_diet_gut_anoxic_membership	Bacteroides_vulgatus	Alistipes_putredinis	M_bz_e	0.0	0.0	0	0.0
all	western_diet_gut_anoxic_membership	Bacteroides_vulgatus	Alistipes_putredinis	M_bzam_e	0.0	0.0	0	0.0
all	western_diet_gut_anoxic_membership	Bacteroides_vulgatus	Alistipes_putredinis	M_bzd_e	0.0	0.0	0	0.0
all	western_diet_gut_anoxic_membership	Bacteroides_vulgatus	Alistipes_putredinis	M_ca2_e	0.0	1.0	0	0.0
all	western_diet_gut_anoxic_membership	Bacteroides_vulgatus	Alistipes_putredinis	M_cbl1_e	0.0	0.0	0	0.0
all	western_diet_gut_anoxic_membership	Bacteroides_vulgatus	Alistipes_putredinis	M_cbl2_e	0.0	0.0	0	0.0
all	western_diet_gut_anoxic_membership	Bacteroides_vulgatus	Alistipes_putredinis	M_cd2_e	0.0	0.0	0	0.0
all	western_diet_gut_anoxic_membership	Bacteroides_vulgatus	Alistipes_putredinis	M_cgly_e	0.0	0.07	0	0.0
all	western_diet_gut_anoxic_membership	Bacteroides_vulgatus	Alistipes_putredinis	M_chlphncl_e	0.0	0.0	1	0.0
all	western_diet_gut_anoxic_membership	Bacteroides_vulgatus	Alistipes_putredinis	M_cholate_e	0.0	0.0	0	0.0
all	western_diet_gut_anoxic_membership	Bacteroides_vulgatus	Alistipes_putredinis	M_cit_e	0.0	0.0	0	0.0
all	western_diet_gut_anoxic_membership	Bacteroides_vulgatus	Alistipes_putredinis	M_cl_e	0.0	1.0	0	0.0
all	western_diet_gut_anoxic_membership	Bacteroides_vulgatus	Alistipes_putredinis	M_co2_e	0.0	0.02	1	0.0
all	western_diet_gut_anoxic_membership	Bacteroides_vulgatus	Alistipes_putredinis	M_cobalt2_e	0.0	1.0	0	0.0
all	western_diet_gut_anoxic_membership	Bacteroides_vulgatus	Alistipes_putredinis	M_core2_e	0.0	0.0	0	0.0
all	western_diet_gut_anoxic_membership	Bacteroides_vulgatus	Alistipes_putredinis	M_core3_e	0.0	0.0	0	0.0
all	western_diet_gut_anoxic_membership	Bacteroides_vulgatus	Alistipes_putredinis	M_core4_e	0.0	0.0	0	0.0
all	western_diet_gut_anoxic_membership	Bacteroides_vulgatus	Alistipes_putredinis	M_core5_e	0.0	0.0	0	0.0
all	western_diet_gut_anoxic_membership	Bacteroides_vulgatus	Alistipes_putredinis	M_core6_e	0.0	0.0	0	0.0
all	western_diet_gut_anoxic_membership	Bacteroides_vulgatus	Alistipes_putredinis	M_core7_e	0.0	0.0	0	0.0
all	western_diet_gut_anoxic_membership	Bacteroides_vulgatus	Alistipes_putredinis	M_core8_e	0.0	0.0	0	0.0
all	western_diet_gut_anoxic_membership	Bacteroides_vulgatus	Alistipes_putredinis	M_cro4_e	0.0	0.0	0	0.0
all	western_diet_gut_anoxic_membership	Bacteroides_vulgatus	Alistipes_putredinis	M_ctbt_e	0.0	0.0	0	0.0
all	western_diet_gut_anoxic_membership	Bacteroides_vulgatus	Alistipes_putredinis	M_cu2_e	0.0	1.0	0	0.0
all	western_diet_gut_anoxic_membership	Bacteroides_vulgatus	Alistipes_putredinis	M_cys_L_e	0.0	0.16	0	0.0
all	western_diet_gut_anoxic_membership	Bacteroides_vulgatus	Alistipes_putredinis	M_czp_e	0.0	0.0	1	0.0
all	western_diet_gut_anoxic_membership	Bacteroides_vulgatus	Alistipes_putredinis	M_dchac_e	0.0	0.0	0	0.0
all	western_diet_gut_anoxic_membership	Bacteroides_vulgatus	Alistipes_putredinis	M_dextrin_e	0.0	0.0	0	0.0
all	western_diet_gut_anoxic_membership	Bacteroides_vulgatus	Alistipes_putredinis	M_dgchol_e	0.0	0.0	0	0.0
all	western_diet_gut_anoxic_membership	Bacteroides_vulgatus	Alistipes_putredinis	M_din_e	0.0	0.0	0	0.0
all	western_diet_gut_anoxic_membership	Bacteroides_vulgatus	Alistipes_putredinis	M_dsT_antigen_e	0.0	0.0	0	0.0
all	western_diet_gut_anoxic_membership	Bacteroides_vulgatus	Alistipes_putredinis	M_duri_e	0.0	0.0	0	0.0
all	western_diet_gut_anoxic_membership	Bacteroides_vulgatus	Alistipes_putredinis	M_f1a_e	0.0	0.0	0	0.0
all	western_diet_gut_anoxic_membership	Bacteroides_vulgatus	Alistipes_putredinis	M_fe2_e	0.0	1.0	0	0.0
all	western_diet_gut_anoxic_membership	Bacteroides_vulgatus	Alistipes_putredinis	M_fe3_e	0.0	0.0	0	0.0
all	western_diet_gut_anoxic_membership	Bacteroides_vulgatus	Alistipes_putredinis	M_fol_e	0.0	0.0	0	0.0
all	western_diet_gut_anoxic_membership	Bacteroides_vulgatus	Alistipes_putredinis	M_for_e	0.0	0.0	0	0.0
all	western_diet_gut_anoxic_membership	Bacteroides_vulgatus	Alistipes_putredinis	M_fru_e	0.0	0.01	0	0.0
all	western_diet_gut_anoxic_membership	Bacteroides_vulgatus	Alistipes_putredinis	M_fum_e	0.0	0.2	0	0.0
all	western_diet_gut_anoxic_membership	Bacteroides_vulgatus	Alistipes_putredinis	M_gal_e	0.0	0.01	0	0.0
all	western_diet_gut_anoxic_membership	Bacteroides_vulgatus	Alistipes_putredinis	M_galt_e	0.0	0.0	0	0.0
all	western_diet_gut_anoxic_membership	Bacteroides_vulgatus	Alistipes_putredinis	M_galur_e	0.0	0.0	0	0.0
all	western_diet_gut_anoxic_membership	Bacteroides_vulgatus	Alistipes_putredinis	M_gam_e	0.0	0.01	0	0.0
all	western_diet_gut_anoxic_membership	Bacteroides_vulgatus	Alistipes_putredinis	M_gbbtn_e	0.0	0.0	0	0.0
all	western_diet_gut_anoxic_membership	Bacteroides_vulgatus	Alistipes_putredinis	M_gcald_e	0.0	0.0	0	0.0
all	western_diet_gut_anoxic_membership	Bacteroides_vulgatus	Alistipes_putredinis	M_gchola_e	0.0	0.0	0	0.0
all	western_diet_gut_anoxic_membership	Bacteroides_vulgatus	Alistipes_putredinis	M_glc_D_e	0.0	0.01	0	0.0
all	western_diet_gut_anoxic_membership	Bacteroides_vulgatus	Alistipes_putredinis	M_glcur_e	0.0	0.0	0	0.0
all	western_diet_gut_anoxic_membership	Bacteroides_vulgatus	Alistipes_putredinis	M_glu_L_e	0.0	0.02	0	0.0
all	western_diet_gut_anoxic_membership	Bacteroides_vulgatus	Alistipes_putredinis	M_gly_e	0.0	0.0	0	0.0
all	western_diet_gut_anoxic_membership	Bacteroides_vulgatus	Alistipes_putredinis	M_glyasn_e	0.0	0.0	0	0.0
all	western_diet_gut_anoxic_membership	Bacteroides_vulgatus	Alistipes_putredinis	M_glyasp_e	0.0	0.01	0	0.0
all	western_diet_gut_anoxic_membership	Bacteroides_vulgatus	Alistipes_putredinis	M_glyb_e	0.0	0.0	0	0.0
all	western_diet_gut_anoxic_membership	Bacteroides_vulgatus	Alistipes_putredinis	M_glyc_e	0.0	0.1	0	0.0
all	western_diet_gut_anoxic_membership	Bacteroides_vulgatus	Alistipes_putredinis	M_glycys_e	0.0	0.0	0	0.0
all	western_diet_gut_anoxic_membership	Bacteroides_vulgatus	Alistipes_putredinis	M_glygln_e	0.0	0.0	0	0.0
all	western_diet_gut_anoxic_membership	Bacteroides_vulgatus	Alistipes_putredinis	M_glyglu_e	0.0	0.0	0	0.0
all	western_diet_gut_anoxic_membership	Bacteroides_vulgatus	Alistipes_putredinis	M_glygn2_e	0.0	0.0	0	0.0
all	western_diet_gut_anoxic_membership	Bacteroides_vulgatus	Alistipes_putredinis	M_glygn4_e	0.0	0.0	0	0.0
all	western_diet_gut_anoxic_membership	Bacteroides_vulgatus	Alistipes_putredinis	M_glygn5_e	0.0	0.0	0	0.0
all	western_diet_gut_anoxic_membership	Bacteroides_vulgatus	Alistipes_putredinis	M_glyleu_e	0.0	0.01	0	0.0
all	western_diet_gut_anoxic_membership	Bacteroides_vulgatus	Alistipes_putredinis	M_glymet_e	0.0	0.0	0	0.0
all	western_diet_gut_anoxic_membership	Bacteroides_vulgatus	Alistipes_putredinis	M_glyphe_e	0.0	0.0	0	0.0
all	western_diet_gut_anoxic_membership	Bacteroides_vulgatus	Alistipes_putredinis	M_glypro_e	0.0	0.0	0	0.0
all	western_diet_gut_anoxic_membership	Bacteroides_vulgatus	Alistipes_putredinis	M_glytyr_e	0.0	0.0	0	0.0
all	western_diet_gut_anoxic_membership	Bacteroides_vulgatus	Alistipes_putredinis	M_gncore1_e	0.0	0.0	0	0.0
all	western_diet_gut_anoxic_membership	Bacteroides_vulgatus	Alistipes_putredinis	M_gncore2_e	0.0	0.0	0	0.0
all	western_diet_gut_anoxic_membership	Bacteroides_vulgatus	Alistipes_putredinis	M_gsn_e	0.0	0.0	0	0.0
all	western_diet_gut_anoxic_membership	Bacteroides_vulgatus	Alistipes_putredinis	M_gthox_e	0.0	0.0	0	0.0
all	western_diet_gut_anoxic_membership	Bacteroides_vulgatus	Alistipes_putredinis	M_h2_e	0.0	0.18	0	0.0
all	western_diet_gut_anoxic_membership	Bacteroides_vulgatus	Alistipes_putredinis	M_h2o_e	0.0	0.17	0	0.0
all	western_diet_gut_anoxic_membership	Bacteroides_vulgatus	Alistipes_putredinis	M_h2s_e	0.0	0.77	0	0.0
all	western_diet_gut_anoxic_membership	Bacteroides_vulgatus	Alistipes_putredinis	M_h_e	0.0	0.27	0	0.0
all	western_diet_gut_anoxic_membership	Bacteroides_vulgatus	Alistipes_putredinis	M_hg2_e	0.0	0.0	0	0.0
all	western_diet_gut_anoxic_membership	Bacteroides_vulgatus	Alistipes_putredinis	M_hxan_e	0.0	0.0	0	0.0
all	western_diet_gut_anoxic_membership	Bacteroides_vulgatus	Alistipes_putredinis	M_ins_e	0.0	0.0	0	0.0
all	western_diet_gut_anoxic_membership	Bacteroides_vulgatus	Alistipes_putredinis	M_inulin_e	0.0	0.0	0	0.0
all	western_diet_gut_anoxic_membership	Bacteroides_vulgatus	Alistipes_putredinis	M_isobut_e	0.0	0.0	1	0.0
all	western_diet_gut_anoxic_membership	Bacteroides_vulgatus	Alistipes_putredinis	M_isocapr_e	0.0	0.0	1	0.0
all	western_diet_gut_anoxic_membership	Bacteroides_vulgatus	Alistipes_putredinis	M_isoval_e	0.0	0.0	1	0.0
all	western_diet_gut_anoxic_membership	Bacteroides_vulgatus	Alistipes_putredinis	M_k_e	0.0	1.0	0	0.0
all	western_diet_gut_anoxic_membership	Bacteroides_vulgatus	Alistipes_putredinis	M_kesto_e	0.0	0.0	0	0.0
all	western_diet_gut_anoxic_membership	Bacteroides_vulgatus	Alistipes_putredinis	M_kestopt_e	0.0	0.0	0	0.0
all	western_diet_gut_anoxic_membership	Bacteroides_vulgatus	Alistipes_putredinis	M_kestottr_e	0.0	0.0	0	0.0
all	western_diet_gut_anoxic_membership	Bacteroides_vulgatus	Alistipes_putredinis	M_lac_D_e	0.0	0.1	1	0.0
all	western_diet_gut_anoxic_membership	Bacteroides_vulgatus	Alistipes_putredinis	M_lac_L_e	0.0	0.0	0	0.0
all	western_diet_gut_anoxic_membership	Bacteroides_vulgatus	Alistipes_putredinis	M_lcts_e	0.0	0.0	0	0.0
all	western_diet_gut_anoxic_membership	Bacteroides_vulgatus	Alistipes_putredinis	M_leu_L_e	0.0	0.04	0	0.0
all	western_diet_gut_anoxic_membership	Bacteroides_vulgatus	Alistipes_putredinis	M_malt_e	0.0	0.0	0	0.0
all	western_diet_gut_anoxic_membership	Bacteroides_vulgatus	Alistipes_putredinis	M_malttr_e	0.0	0.0	0	0.0
all	western_diet_gut_anoxic_membership	Bacteroides_vulgatus	Alistipes_putredinis	M_man_e	0.0	0.01	0	0.0
all	western_diet_gut_anoxic_membership	Bacteroides_vulgatus	Alistipes_putredinis	M_mantr_e	0.0	0.0	0	0.0
all	western_diet_gut_anoxic_membership	Bacteroides_vulgatus	Alistipes_putredinis	M_melib_e	0.0	0.0	0	0.0
all	western_diet_gut_anoxic_membership	Bacteroides_vulgatus	Alistipes_putredinis	M_met_L_e	0.0	0.0	0	0.0
all	western_diet_gut_anoxic_membership	Bacteroides_vulgatus	Alistipes_putredinis	M_metala_e	0.0	0.0	0	0.0
all	western_diet_gut_anoxic_membership	Bacteroides_vulgatus	Alistipes_putredinis	M_mg2_e	0.0	1.0	0	0.0
all	western_diet_gut_anoxic_membership	Bacteroides_vulgatus	Alistipes_putredinis	M_mn2_e	0.0	1.0	0	0.0
all	western_diet_gut_anoxic_membership	Bacteroides_vulgatus	Alistipes_putredinis	M_mqn7_e	0.0	0.0	0	0.0
all	western_diet_gut_anoxic_membership	Bacteroides_vulgatus	Alistipes_putredinis	M_mqn8_e	0.0	0.0	0	0.0
all	western_diet_gut_anoxic_membership	Bacteroides_vulgatus	Alistipes_putredinis	M_na1_e	0.0	0.0	0	0.0
all	western_diet_gut_anoxic_membership	Bacteroides_vulgatus	Alistipes_putredinis	M_nac_e	0.0	0.0	0	0.0
all	western_diet_gut_anoxic_membership	Bacteroides_vulgatus	Alistipes_putredinis	M_nchlphncl_e	0.0	0.0	1	0.0
all	western_diet_gut_anoxic_membership	Bacteroides_vulgatus	Alistipes_putredinis	M_neopront_e	0.0	0.0	0	0.0
all	western_diet_gut_anoxic_membership	Bacteroides_vulgatus	Alistipes_putredinis	M_nh4_e	0.0	0.18	1	0.0
all	western_diet_gut_anoxic_membership	Bacteroides_vulgatus	Alistipes_putredinis	M_nzp_e	0.0	0.0	1	0.0
all	western_diet_gut_anoxic_membership	Bacteroides_vulgatus	Alistipes_putredinis	M_o2_e	0.0	0.0	0	0.0
all	western_diet_gut_anoxic_membership	Bacteroides_vulgatus	Alistipes_putredinis	M_ocdca_e	0.0	0.0	0	0.0
all	western_diet_gut_anoxic_membership	Bacteroides_vulgatus	Alistipes_putredinis	M_olsa_e	0.0	0.0	0	0.0
all	western_diet_gut_anoxic_membership	Bacteroides_vulgatus	Alistipes_putredinis	M_pb_e	0.0	0.0	0	0.0
all	western_diet_gut_anoxic_membership	Bacteroides_vulgatus	Alistipes_putredinis	M_pcresol_e	0.0	0.0	0	0.0
all	western_diet_gut_anoxic_membership	Bacteroides_vulgatus	Alistipes_putredinis	M_pheme_e	0.0	0.0	0	0.0
all	western_diet_gut_anoxic_membership	Bacteroides_vulgatus	Alistipes_putredinis	M_pi_e	0.0	1.0	0	0.0
all	western_diet_gut_anoxic_membership	Bacteroides_vulgatus	Alistipes_putredinis	M_ppa_e	0.0	0.0	1	0.0
all	western_diet_gut_anoxic_membership	Bacteroides_vulgatus	Alistipes_putredinis	M_ppi_e	0.0	0.0	1	0.0
all	western_diet_gut_anoxic_membership	Bacteroides_vulgatus	Alistipes_putredinis	M_pro_L_e	0.0	0.06	0	0.0
all	western_diet_gut_anoxic_membership	Bacteroides_vulgatus	Alistipes_putredinis	M_pront_e	0.0	0.0	0	0.0
all	western_diet_gut_anoxic_membership	Bacteroides_vulgatus	Alistipes_putredinis	M_ptrc_e	0.0	0.0	0	0.0
all	western_diet_gut_anoxic_membership	Bacteroides_vulgatus	Alistipes_putredinis	M_pyr_e	0.0	0.14	0	0.0
all	western_diet_gut_anoxic_membership	Bacteroides_vulgatus	Alistipes_putredinis	M_r406_e	0.0	0.0	0	0.0
all	western_diet_gut_anoxic_membership	Bacteroides_vulgatus	Alistipes_putredinis	M_r788_e	0.0	0.0	0	0.0
all	western_diet_gut_anoxic_membership	Bacteroides_vulgatus	Alistipes_putredinis	M_raffin_e	0.0	0.0	0	0.0
all	western_diet_gut_anoxic_membership	Bacteroides_vulgatus	Alistipes_putredinis	M_ribflv_e	0.0	0.0	0	0.0
all	western_diet_gut_anoxic_membership	Bacteroides_vulgatus	Alistipes_putredinis	M_rmn_e	0.0	0.03	0	0.0
all	western_diet_gut_anoxic_membership	Bacteroides_vulgatus	Alistipes_putredinis	M_sT_antigen_e	0.0	0.0	0	0.0
all	western_diet_gut_anoxic_membership	Bacteroides_vulgatus	Alistipes_putredinis	M_sTn_antigen_e	0.0	0.0	0	0.0
all	western_diet_gut_anoxic_membership	Bacteroides_vulgatus	Alistipes_putredinis	M_sanilamide_e	0.0	0.0	0	0.0
all	western_diet_gut_anoxic_membership	Bacteroides_vulgatus	Alistipes_putredinis	M_ser_L_e	0.0	0.11	0	0.0
all	western_diet_gut_anoxic_membership	Bacteroides_vulgatus	Alistipes_putredinis	M_so4_e	0.0	1.0	0	0.0
all	western_diet_gut_anoxic_membership	Bacteroides_vulgatus	Alistipes_putredinis	M_spmd_e	0.0	0.0	0	0.0
all	western_diet_gut_anoxic_membership	Bacteroides_vulgatus	Alistipes_putredinis	M_srv_e	0.0	0.0	0	0.0
all	western_diet_gut_anoxic_membership	Bacteroides_vulgatus	Alistipes_putredinis	M_ssz_e	0.0	0.0	0	0.0
all	western_diet_gut_anoxic_membership	Bacteroides_vulgatus	Alistipes_putredinis	M_stys_e	0.0	0.0	0	0.0
all	western_diet_gut_anoxic_membership	Bacteroides_vulgatus	Alistipes_putredinis	M_succ_e	0.0	0.07	0	0.0
all	western_diet_gut_anoxic_membership	Bacteroides_vulgatus	Alistipes_putredinis	M_sucr_e	0.0	0.0	0	0.0
all	western_diet_gut_anoxic_membership	Bacteroides_vulgatus	Alistipes_putredinis	M_sulfp_e	0.0	0.0	0	0.0
all	western_diet_gut_anoxic_membership	Bacteroides_vulgatus	Alistipes_putredinis	M_tab_e	0.0	0.0	0	0.0
all	western_diet_gut_anoxic_membership	Bacteroides_vulgatus	Alistipes_putredinis	M_taur_e	0.0	0.0	0	0.0
all	western_diet_gut_anoxic_membership	Bacteroides_vulgatus	Alistipes_putredinis	M_tchola_e	0.0	0.0	0	0.0
all	western_diet_gut_anoxic_membership	Bacteroides_vulgatus	Alistipes_putredinis	M_tdchola_e	0.0	0.0	0	0.0
all	western_diet_gut_anoxic_membership	Bacteroides_vulgatus	Alistipes_putredinis	M_trp_L_e	0.0	0.0	0	0.0
all	western_diet_gut_anoxic_membership	Bacteroides_vulgatus	Alistipes_putredinis	M_tsul_e	0.0	0.0	0	0.0
all	western_diet_gut_anoxic_membership	Bacteroides_vulgatus	Alistipes_putredinis	M_ttdca_e	0.0	0.0	0	0.0
all	western_diet_gut_anoxic_membership	Bacteroides_vulgatus	Alistipes_putredinis	M_urea_e	0.0	0.0	1	0.0
all	western_diet_gut_anoxic_membership	Bacteroides_vulgatus	Alistipes_putredinis	M_val_L_e	0.0	0.09	0	0.0
all	western_diet_gut_anoxic_membership	Bacteroides_vulgatus	Alistipes_putredinis	M_xan_e	0.0	0.0	0	0.0
all	western_diet_gut_anoxic_membership	Bacteroides_vulgatus	Alistipes_putredinis	M_xtsn_e	0.0	0.0	0	0.0
all	western_diet_gut_anoxic_membership	Bacteroides_vulgatus	Alistipes_putredinis	M_xyl_D_e	0.0	0.04	0	0.0
all	western_diet_gut_anoxic_membership	Bacteroides_vulgatus	Alistipes_putredinis	M_xylottr_e	0.0	0.0	0	0.0
all	western_diet_gut_anoxic_membership	Bacteroides_vulgatus	Alistipes_putredinis	M_zn2_e	0.0	1.0	0	0.0
all	western_diet_gut_anoxic_membership	Bacteroides_vulgatus	Phascolarctobacterium_succinatutens	M_12ppd_S_e	0.0	0.07	0	0.0
all	western_diet_gut_anoxic_membership	Bacteroides_vulgatus	Phascolarctobacterium_succinatutens	M_26dap_M_e	0.0	0.0	0	0.0
all	western_diet_gut_anoxic_membership	Bacteroides_vulgatus	Phascolarctobacterium_succinatutens	M_2obut_e	0.0	0.04	0	0.0
all	western_diet_gut_anoxic_membership	Bacteroides_vulgatus	Phascolarctobacterium_succinatutens	M_4abut_e	0.0	0.0	0	0.0
all	western_diet_gut_anoxic_membership	Bacteroides_vulgatus	Phascolarctobacterium_succinatutens	M_4abz_e	0.0	0.0	0	0.0
all	western_diet_gut_anoxic_membership	Bacteroides_vulgatus	Phascolarctobacterium_succinatutens	M_5asa_e	0.0	0.0	0	0.0
all	western_diet_gut_anoxic_membership	Bacteroides_vulgatus	Phascolarctobacterium_succinatutens	M_7a_czp_e	0.0	0.0	1	0.0
all	western_diet_gut_anoxic_membership	Bacteroides_vulgatus	Phascolarctobacterium_succinatutens	M_7dhcdchol_e	0.0	0.0	0	0.0
all	western_diet_gut_anoxic_membership	Bacteroides_vulgatus	Phascolarctobacterium_succinatutens	M_7ocholate_e	0.0	0.0	0	0.0
all	western_diet_gut_anoxic_membership	Bacteroides_vulgatus	Phascolarctobacterium_succinatutens	M_C02528_e	0.0	0.0	0	0.0
all	western_diet_gut_anoxic_membership	Bacteroides_vulgatus	Phascolarctobacterium_succinatutens	M_Ser_Thr_e	0.0	0.0	0	0.0
all	western_diet_gut_anoxic_membership	Bacteroides_vulgatus	Phascolarctobacterium_succinatutens	M_T_antigen_e	0.0	0.0	0	0.0
all	western_diet_gut_anoxic_membership	Bacteroides_vulgatus	Phascolarctobacterium_succinatutens	M_Tn_antigen_e	0.0	0.0	0	0.0
all	western_diet_gut_anoxic_membership	Bacteroides_vulgatus	Phascolarctobacterium_succinatutens	M_Tyr_ggn_e	0.0	0.0	0	0.0
all	western_diet_gut_anoxic_membership	Bacteroides_vulgatus	Phascolarctobacterium_succinatutens	M_abz_ala_b_e	0.0	0.0	0	0.0
all	western_diet_gut_anoxic_membership	Bacteroides_vulgatus	Phascolarctobacterium_succinatutens	M_ac_e	0.0	0.0	0	0.0
all	western_diet_gut_anoxic_membership	Bacteroides_vulgatus	Phascolarctobacterium_succinatutens	M_acgal_e	0.0	0.0	0	0.0
all	western_diet_gut_anoxic_membership	Bacteroides_vulgatus	Phascolarctobacterium_succinatutens	M_acgam_e	0.0	0.0	0	0.0
all	western_diet_gut_anoxic_membership	Bacteroides_vulgatus	Phascolarctobacterium_succinatutens	M_acnam_e	0.0	0.0	0	0.0
all	western_diet_gut_anoxic_membership	Bacteroides_vulgatus	Phascolarctobacterium_succinatutens	M_ade_e	0.0	0.04	0	0.0
all	western_diet_gut_anoxic_membership	Bacteroides_vulgatus	Phascolarctobacterium_succinatutens	M_adn_e	0.0	0.0	0	0.0
all	western_diet_gut_anoxic_membership	Bacteroides_vulgatus	Phascolarctobacterium_succinatutens	M_adocbl_e	0.0	0.0	0	0.0
all	western_diet_gut_anoxic_membership	Bacteroides_vulgatus	Phascolarctobacterium_succinatutens	M_ala_L_e	0.0	0.24	0	0.0
all	western_diet_gut_anoxic_membership	Bacteroides_vulgatus	Phascolarctobacterium_succinatutens	M_alaasp_e	0.0	0.0	0	0.0
all	western_diet_gut_anoxic_membership	Bacteroides_vulgatus	Phascolarctobacterium_succinatutens	M_alagln_e	0.0	0.0	0	0.0
all	western_diet_gut_anoxic_membership	Bacteroides_vulgatus	Phascolarctobacterium_succinatutens	M_alaglu_e	0.0	0.0	0	0.0
all	western_diet_gut_anoxic_membership	Bacteroides_vulgatus	Phascolarctobacterium_succinatutens	M_alagly_e	0.0	0.0	0	0.0
all	western_diet_gut_anoxic_membership	Bacteroides_vulgatus	Phascolarctobacterium_succinatutens	M_alahis_e	0.0	0.0	0	0.0
all	western_diet_gut_anoxic_membership	Bacteroides_vulgatus	Phascolarctobacterium_succinatutens	M_alaleu_e	0.0	0.0	0	0.0
all	western_diet_gut_anoxic_membership	Bacteroides_vulgatus	Phascolarctobacterium_succinatutens	M_alathr_e	0.0	0.0	0	0.0
all	western_diet_gut_anoxic_membership	Bacteroides_vulgatus	Phascolarctobacterium_succinatutens	M_amylopect900_e	0.0	0.0	0	0.0
all	western_diet_gut_anoxic_membership	Bacteroides_vulgatus	Phascolarctobacterium_succinatutens	M_amylose300_e	0.0	0.0	0	0.0
all	western_diet_gut_anoxic_membership	Bacteroides_vulgatus	Phascolarctobacterium_succinatutens	M_anzp_e	0.0	0.0	1	0.0
all	western_diet_gut_anoxic_membership	Bacteroides_vulgatus	Phascolarctobacterium_succinatutens	M_arab_L_e	0.0	0.04	0	0.0
all	western_diet_gut_anoxic_membership	Bacteroides_vulgatus	Phascolarctobacterium_succinatutens	M_arabinoxyl_e	0.0	0.0	0	0.0
all	western_diet_gut_anoxic_membership	Bacteroides_vulgatus	Phascolarctobacterium_succinatutens	M_arabttr_e	0.0	0.0	0	0.0
all	western_diet_gut_anoxic_membership	Bacteroides_vulgatus	Phascolarctobacterium_succinatutens	M_arsenb_e	0.0	0.0	0	0.0
all	western_diet_gut_anoxic_membership	Bacteroides_vulgatus	Phascolarctobacterium_succinatutens	M_asn_L_e	0.0	0.08	0	0.0
all	western_diet_gut_anoxic_membership	Bacteroides_vulgatus	Phascolarctobacterium_succinatutens	M_bz_e	0.0	0.0	0	0.0
all	western_diet_gut_anoxic_membership	Bacteroides_vulgatus	Phascolarctobacterium_succinatutens	M_bzam_e	0.0	0.0	0	0.0
all	western_diet_gut_anoxic_membership	Bacteroides_vulgatus	Phascolarctobacterium_succinatutens	M_bzd_e	0.0	0.0	0	0.0
all	western_diet_gut_anoxic_membership	Bacteroides_vulgatus	Phascolarctobacterium_succinatutens	M_ca2_e	0.0	1.0	0	0.0
all	western_diet_gut_anoxic_membership	Bacteroides_vulgatus	Phascolarctobacterium_succinatutens	M_cbl1_e	0.0	0.0	0	0.0
all	western_diet_gut_anoxic_membership	Bacteroides_vulgatus	Phascolarctobacterium_succinatutens	M_cbl2_e	0.0	0.0	0	0.0
all	western_diet_gut_anoxic_membership	Bacteroides_vulgatus	Phascolarctobacterium_succinatutens	M_cd2_e	0.0	0.0	0	0.0
all	western_diet_gut_anoxic_membership	Bacteroides_vulgatus	Phascolarctobacterium_succinatutens	M_cgly_e	0.0	0.07	0	0.0
all	western_diet_gut_anoxic_membership	Bacteroides_vulgatus	Phascolarctobacterium_succinatutens	M_chlphncl_e	0.0	0.0	1	0.0
all	western_diet_gut_anoxic_membership	Bacteroides_vulgatus	Phascolarctobacterium_succinatutens	M_cholate_e	0.0	0.0	0	0.0
all	western_diet_gut_anoxic_membership	Bacteroides_vulgatus	Phascolarctobacterium_succinatutens	M_cit_e	0.0	0.0	0	0.0
all	western_diet_gut_anoxic_membership	Bacteroides_vulgatus	Phascolarctobacterium_succinatutens	M_cl_e	0.0	1.0	0	0.0
all	western_diet_gut_anoxic_membership	Bacteroides_vulgatus	Phascolarctobacterium_succinatutens	M_co2_e	0.0	0.02	1	0.0
all	western_diet_gut_anoxic_membership	Bacteroides_vulgatus	Phascolarctobacterium_succinatutens	M_cobalt2_e	0.0	1.0	0	0.0
all	western_diet_gut_anoxic_membership	Bacteroides_vulgatus	Phascolarctobacterium_succinatutens	M_core2_e	0.0	0.0	0	0.0
all	western_diet_gut_anoxic_membership	Bacteroides_vulgatus	Phascolarctobacterium_succinatutens	M_core3_e	0.0	0.0	0	0.0
all	western_diet_gut_anoxic_membership	Bacteroides_vulgatus	Phascolarctobacterium_succinatutens	M_core4_e	0.0	0.0	0	0.0
all	western_diet_gut_anoxic_membership	Bacteroides_vulgatus	Phascolarctobacterium_succinatutens	M_core5_e	0.0	0.0	0	0.0
all	western_diet_gut_anoxic_membership	Bacteroides_vulgatus	Phascolarctobacterium_succinatutens	M_core6_e	0.0	0.0	0	0.0
all	western_diet_gut_anoxic_membership	Bacteroides_vulgatus	Phascolarctobacterium_succinatutens	M_core7_e	0.0	0.0	0	0.0
all	western_diet_gut_anoxic_membership	Bacteroides_vulgatus	Phascolarctobacterium_succinatutens	M_core8_e	0.0	0.0	0	0.0
all	western_diet_gut_anoxic_membership	Bacteroides_vulgatus	Phascolarctobacterium_succinatutens	M_cro4_e	0.0	0.0	0	0.0
all	western_diet_gut_anoxic_membership	Bacteroides_vulgatus	Phascolarctobacterium_succinatutens	M_ctbt_e	0.0	0.0	0	0.0
all	western_diet_gut_anoxic_membership	Bacteroides_vulgatus	Phascolarctobacterium_succinatutens	M_cu2_e	0.0	1.0	0	0.0
all	western_diet_gut_anoxic_membership	Bacteroides_vulgatus	Phascolarctobacterium_succinatutens	M_cys_L_e	0.0	0.16	0	0.0
all	western_diet_gut_anoxic_membership	Bacteroides_vulgatus	Phascolarctobacterium_succinatutens	M_czp_e	0.0	0.0	1	0.0
all	western_diet_gut_anoxic_membership	Bacteroides_vulgatus	Phascolarctobacterium_succinatutens	M_dchac_e	0.0	0.0	0	0.0
all	western_diet_gut_anoxic_membership	Bacteroides_vulgatus	Phascolarctobacterium_succinatutens	M_dextrin_e	0.0	0.0	0	0.0
all	western_diet_gut_anoxic_membership	Bacteroides_vulgatus	Phascolarctobacterium_succinatutens	M_dfdcytd_e	0.0	0.0	0	0.0
all	western_diet_gut_anoxic_membership	Bacteroides_vulgatus	Phascolarctobacterium_succinatutens	M_dfduri_e	0.0	0.0	0	0.0
all	western_diet_gut_anoxic_membership	Bacteroides_vulgatus	Phascolarctobacterium_succinatutens	M_dsT_antigen_e	0.0	0.0	0	0.0
all	western_diet_gut_anoxic_membership	Bacteroides_vulgatus	Phascolarctobacterium_succinatutens	M_f1a_e	0.0	0.0	0	0.0
all	western_diet_gut_anoxic_membership	Bacteroides_vulgatus	Phascolarctobacterium_succinatutens	M_fe2_e	0.0	1.0	0	0.0
all	western_diet_gut_anoxic_membership	Bacteroides_vulgatus	Phascolarctobacterium_succinatutens	M_fe3_e	0.0	0.0	0	0.0
all	western_diet_gut_anoxic_membership	Bacteroides_vulgatus	Phascolarctobacterium_succinatutens	M_fol_e	0.0	0.0	0	0.0
all	western_diet_gut_anoxic_membership	Bacteroides_vulgatus	Phascolarctobacterium_succinatutens	M_for_e	0.0	0.0	0	0.0
all	western_diet_gut_anoxic_membership	Bacteroides_vulgatus	Phascolarctobacterium_succinatutens	M_fru_e	0.0	0.01	0	0.0
all	western_diet_gut_anoxic_membership	Bacteroides_vulgatus	Phascolarctobacterium_succinatutens	M_fum_e	0.0	0.2	0	0.0
all	western_diet_gut_anoxic_membership	Bacteroides_vulgatus	Phascolarctobacterium_succinatutens	M_gal_e	0.0	0.01	0	0.0
all	western_diet_gut_anoxic_membership	Bacteroides_vulgatus	Phascolarctobacterium_succinatutens	M_galt_e	0.0	0.0	0	0.0
all	western_diet_gut_anoxic_membership	Bacteroides_vulgatus	Phascolarctobacterium_succinatutens	M_galur_e	0.0	0.0	0	0.0
all	western_diet_gut_anoxic_membership	Bacteroides_vulgatus	Phascolarctobacterium_succinatutens	M_gam_e	0.0	0.01	0	0.0
all	western_diet_gut_anoxic_membership	Bacteroides_vulgatus	Phascolarctobacterium_succinatutens	M_gbbtn_e	0.0	0.0	0	0.0
all	western_diet_gut_anoxic_membership	Bacteroides_vulgatus	Phascolarctobacterium_succinatutens	M_gcald_e	0.0	0.0	0	0.0
all	western_diet_gut_anoxic_membership	Bacteroides_vulgatus	Phascolarctobacterium_succinatutens	M_glc_D_e	0.0	0.01	0	0.0
all	western_diet_gut_anoxic_membership	Bacteroides_vulgatus	Phascolarctobacterium_succinatutens	M_glcur_e	0.0	0.0	0	0.0
all	western_diet_gut_anoxic_membership	Bacteroides_vulgatus	Phascolarctobacterium_succinatutens	M_glu_L_e	0.0	0.02	0	0.0
all	western_diet_gut_anoxic_membership	Bacteroides_vulgatus	Phascolarctobacterium_succinatutens	M_gly_e	0.0	0.0	0	0.0
all	western_diet_gut_anoxic_membership	Bacteroides_vulgatus	Phascolarctobacterium_succinatutens	M_glyasn_e	0.0	0.0	0	0.0
all	western_diet_gut_anoxic_membership	Bacteroides_vulgatus	Phascolarctobacterium_succinatutens	M_glyasp_e	0.0	0.01	0	0.0
all	western_diet_gut_anoxic_membership	Bacteroides_vulgatus	Phascolarctobacterium_succinatutens	M_glyb_e	0.0	0.0	0	0.0
all	western_diet_gut_anoxic_membership	Bacteroides_vulgatus	Phascolarctobacterium_succinatutens	M_glyc_e	0.0	0.1	0	0.0
all	western_diet_gut_anoxic_membership	Bacteroides_vulgatus	Phascolarctobacterium_succinatutens	M_glycys_e	0.0	0.0	0	0.0
all	western_diet_gut_anoxic_membership	Bacteroides_vulgatus	Phascolarctobacterium_succinatutens	M_glygln_e	0.0	0.0	0	0.0
all	western_diet_gut_anoxic_membership	Bacteroides_vulgatus	Phascolarctobacterium_succinatutens	M_glyglu_e	0.0	0.0	0	0.0
all	western_diet_gut_anoxic_membership	Bacteroides_vulgatus	Phascolarctobacterium_succinatutens	M_glygn2_e	0.0	0.0	0	0.0
all	western_diet_gut_anoxic_membership	Bacteroides_vulgatus	Phascolarctobacterium_succinatutens	M_glygn4_e	0.0	0.0	0	0.0
all	western_diet_gut_anoxic_membership	Bacteroides_vulgatus	Phascolarctobacterium_succinatutens	M_glygn5_e	0.0	0.0	0	0.0
all	western_diet_gut_anoxic_membership	Bacteroides_vulgatus	Phascolarctobacterium_succinatutens	M_glyleu_e	0.0	0.01	0	0.0
all	western_diet_gut_anoxic_membership	Bacteroides_vulgatus	Phascolarctobacterium_succinatutens	M_glymet_e	0.0	0.0	0	0.0
all	western_diet_gut_anoxic_membership	Bacteroides_vulgatus	Phascolarctobacterium_succinatutens	M_glyphe_e	0.0	0.0	0	0.0
all	western_diet_gut_anoxic_membership	Bacteroides_vulgatus	Phascolarctobacterium_succinatutens	M_glypro_e	0.0	0.0	0	0.0
all	western_diet_gut_anoxic_membership	Bacteroides_vulgatus	Phascolarctobacterium_succinatutens	M_glytyr_e	0.0	0.0	0	0.0
all	western_diet_gut_anoxic_membership	Bacteroides_vulgatus	Phascolarctobacterium_succinatutens	M_gncore1_e	0.0	0.0	0	0.0
all	western_diet_gut_anoxic_membership	Bacteroides_vulgatus	Phascolarctobacterium_succinatutens	M_gncore2_e	0.0	0.0	0	0.0
all	western_diet_gut_anoxic_membership	Bacteroides_vulgatus	Phascolarctobacterium_succinatutens	M_gsn_e	0.0	0.0	0	0.0
all	western_diet_gut_anoxic_membership	Bacteroides_vulgatus	Phascolarctobacterium_succinatutens	M_gthox_e	0.0	0.0	0	0.0
all	western_diet_gut_anoxic_membership	Bacteroides_vulgatus	Phascolarctobacterium_succinatutens	M_h2_e	0.0	0.18	0	0.0
all	western_diet_gut_anoxic_membership	Bacteroides_vulgatus	Phascolarctobacterium_succinatutens	M_h2o_e	0.0	0.17	0	0.0
all	western_diet_gut_anoxic_membership	Bacteroides_vulgatus	Phascolarctobacterium_succinatutens	M_h2s_e	0.0	0.77	0	0.0
all	western_diet_gut_anoxic_membership	Bacteroides_vulgatus	Phascolarctobacterium_succinatutens	M_h_e	0.0	0.27	0	0.0
all	western_diet_gut_anoxic_membership	Bacteroides_vulgatus	Phascolarctobacterium_succinatutens	M_hg2_e	0.0	0.0	0	0.0
all	western_diet_gut_anoxic_membership	Bacteroides_vulgatus	Phascolarctobacterium_succinatutens	M_hxan_e	0.0	0.0	0	0.0
all	western_diet_gut_anoxic_membership	Bacteroides_vulgatus	Phascolarctobacterium_succinatutens	M_inulin_e	0.0	0.0	0	0.0
all	western_diet_gut_anoxic_membership	Bacteroides_vulgatus	Phascolarctobacterium_succinatutens	M_isobut_e	0.0	0.0	0	0.0
all	western_diet_gut_anoxic_membership	Bacteroides_vulgatus	Phascolarctobacterium_succinatutens	M_isocapr_e	0.0	0.0	0	0.0
all	western_diet_gut_anoxic_membership	Bacteroides_vulgatus	Phascolarctobacterium_succinatutens	M_isoval_e	0.0	0.0	0	0.0
all	western_diet_gut_anoxic_membership	Bacteroides_vulgatus	Phascolarctobacterium_succinatutens	M_k_e	0.0	1.0	0	0.0
all	western_diet_gut_anoxic_membership	Bacteroides_vulgatus	Phascolarctobacterium_succinatutens	M_kesto_e	0.0	0.0	0	0.0
all	western_diet_gut_anoxic_membership	Bacteroides_vulgatus	Phascolarctobacterium_succinatutens	M_kestopt_e	0.0	0.0	0	0.0
all	western_diet_gut_anoxic_membership	Bacteroides_vulgatus	Phascolarctobacterium_succinatutens	M_kestottr_e	0.0	0.0	0	0.0
all	western_diet_gut_anoxic_membership	Bacteroides_vulgatus	Phascolarctobacterium_succinatutens	M_lac_D_e	0.0	0.1	0	0.0
all	western_diet_gut_anoxic_membership	Bacteroides_vulgatus	Phascolarctobacterium_succinatutens	M_lac_L_e	0.0	0.0	0	0.0
all	western_diet_gut_anoxic_membership	Bacteroides_vulgatus	Phascolarctobacterium_succinatutens	M_lcts_e	0.0	0.0	0	0.0
all	western_diet_gut_anoxic_membership	Bacteroides_vulgatus	Phascolarctobacterium_succinatutens	M_leu_L_e	0.0	0.04	0	0.0
all	western_diet_gut_anoxic_membership	Bacteroides_vulgatus	Phascolarctobacterium_succinatutens	M_malt_e	0.0	0.0	0	0.0
all	western_diet_gut_anoxic_membership	Bacteroides_vulgatus	Phascolarctobacterium_succinatutens	M_malthx_e	0.0	0.0	0	0.0
all	western_diet_gut_anoxic_membership	Bacteroides_vulgatus	Phascolarctobacterium_succinatutens	M_malttr_e	0.0	0.0	0	0.0
all	western_diet_gut_anoxic_membership	Bacteroides_vulgatus	Phascolarctobacterium_succinatutens	M_man_e	0.0	0.01	0	0.0
all	western_diet_gut_anoxic_membership	Bacteroides_vulgatus	Phascolarctobacterium_succinatutens	M_mantr_e	0.0	0.0	0	0.0
all	western_diet_gut_anoxic_membership	Bacteroides_vulgatus	Phascolarctobacterium_succinatutens	M_melib_e	0.0	0.0	0	0.0
all	western_diet_gut_anoxic_membership	Bacteroides_vulgatus	Phascolarctobacterium_succinatutens	M_met_D_e	0.0	0.0	0	0.0
all	western_diet_gut_anoxic_membership	Bacteroides_vulgatus	Phascolarctobacterium_succinatutens	M_met_L_e	0.0	0.0	0	0.0
all	western_diet_gut_anoxic_membership	Bacteroides_vulgatus	Phascolarctobacterium_succinatutens	M_metala_e	0.0	0.0	0	0.0
all	western_diet_gut_anoxic_membership	Bacteroides_vulgatus	Phascolarctobacterium_succinatutens	M_mg2_e	0.0	1.0	0	0.0
all	western_diet_gut_anoxic_membership	Bacteroides_vulgatus	Phascolarctobacterium_succinatutens	M_mn2_e	0.0	1.0	0	0.0
all	western_diet_gut_anoxic_membership	Bacteroides_vulgatus	Phascolarctobacterium_succinatutens	M_mqn7_e	0.0	0.0	0	0.0
all	western_diet_gut_anoxic_membership	Bacteroides_vulgatus	Phascolarctobacterium_succinatutens	M_mqn8_e	0.0	0.0	0	0.0
all	western_diet_gut_anoxic_membership	Bacteroides_vulgatus	Phascolarctobacterium_succinatutens	M_na1_e	0.0	0.0	0	0.0
all	western_diet_gut_anoxic_membership	Bacteroides_vulgatus	Phascolarctobacterium_succinatutens	M_nac_e	0.0	0.0	0	0.0
all	western_diet_gut_anoxic_membership	Bacteroides_vulgatus	Phascolarctobacterium_succinatutens	M_nchlphncl_e	0.0	0.0	1	0.0
all	western_diet_gut_anoxic_membership	Bacteroides_vulgatus	Phascolarctobacterium_succinatutens	M_neopront_e	0.0	0.0	0	0.0
all	western_diet_gut_anoxic_membership	Bacteroides_vulgatus	Phascolarctobacterium_succinatutens	M_nh4_e	0.0	0.18	1	0.0
all	western_diet_gut_anoxic_membership	Bacteroides_vulgatus	Phascolarctobacterium_succinatutens	M_nzp_e	0.0	0.0	1	0.0
all	western_diet_gut_anoxic_membership	Bacteroides_vulgatus	Phascolarctobacterium_succinatutens	M_o2_e	0.0	0.0	0	0.0
all	western_diet_gut_anoxic_membership	Bacteroides_vulgatus	Phascolarctobacterium_succinatutens	M_ocdca_e	0.0	0.0	0	0.0
all	western_diet_gut_anoxic_membership	Bacteroides_vulgatus	Phascolarctobacterium_succinatutens	M_olsa_e	0.0	0.0	0	0.0
all	western_diet_gut_anoxic_membership	Bacteroides_vulgatus	Phascolarctobacterium_succinatutens	M_pb_e	0.0	0.0	0	0.0
all	western_diet_gut_anoxic_membership	Bacteroides_vulgatus	Phascolarctobacterium_succinatutens	M_pcresol_e	0.0	0.0	0	0.0
all	western_diet_gut_anoxic_membership	Bacteroides_vulgatus	Phascolarctobacterium_succinatutens	M_pheme_e	0.0	0.0	0	0.0
all	western_diet_gut_anoxic_membership	Bacteroides_vulgatus	Phascolarctobacterium_succinatutens	M_pi_e	0.0	1.0	0	0.0
all	western_diet_gut_anoxic_membership	Bacteroides_vulgatus	Phascolarctobacterium_succinatutens	M_ppa_e	0.0	0.0	1	0.0
all	western_diet_gut_anoxic_membership	Bacteroides_vulgatus	Phascolarctobacterium_succinatutens	M_ppi_e	0.0	0.0	0	0.0
all	western_diet_gut_anoxic_membership	Bacteroides_vulgatus	Phascolarctobacterium_succinatutens	M_pro_L_e	0.0	0.06	0	0.0
all	western_diet_gut_anoxic_membership	Bacteroides_vulgatus	Phascolarctobacterium_succinatutens	M_pront_e	0.0	0.0	0	0.0
all	western_diet_gut_anoxic_membership	Bacteroides_vulgatus	Phascolarctobacterium_succinatutens	M_ptrc_e	0.0	0.0	0	0.0
all	western_diet_gut_anoxic_membership	Bacteroides_vulgatus	Phascolarctobacterium_succinatutens	M_pyr_e	0.0	0.14	0	0.0
all	western_diet_gut_anoxic_membership	Bacteroides_vulgatus	Phascolarctobacterium_succinatutens	M_raffin_e	0.0	0.0	0	0.0
all	western_diet_gut_anoxic_membership	Bacteroides_vulgatus	Phascolarctobacterium_succinatutens	M_ribflv_e	0.0	0.0	0	0.0
all	western_diet_gut_anoxic_membership	Bacteroides_vulgatus	Phascolarctobacterium_succinatutens	M_rmn_e	0.0	0.03	0	0.0
all	western_diet_gut_anoxic_membership	Bacteroides_vulgatus	Phascolarctobacterium_succinatutens	M_sT_antigen_e	0.0	0.0	0	0.0
all	western_diet_gut_anoxic_membership	Bacteroides_vulgatus	Phascolarctobacterium_succinatutens	M_sTn_antigen_e	0.0	0.0	0	0.0
all	western_diet_gut_anoxic_membership	Bacteroides_vulgatus	Phascolarctobacterium_succinatutens	M_sanilamide_e	0.0	0.0	0	0.0
all	western_diet_gut_anoxic_membership	Bacteroides_vulgatus	Phascolarctobacterium_succinatutens	M_ser_L_e	0.0	0.11	0	0.0
all	western_diet_gut_anoxic_membership	Bacteroides_vulgatus	Phascolarctobacterium_succinatutens	M_so4_e	0.0	1.0	0	0.0
all	western_diet_gut_anoxic_membership	Bacteroides_vulgatus	Phascolarctobacterium_succinatutens	M_spmd_e	0.0	0.0	0	0.0
all	western_diet_gut_anoxic_membership	Bacteroides_vulgatus	Phascolarctobacterium_succinatutens	M_ssz_e	0.0	0.0	0	0.0
all	western_diet_gut_anoxic_membership	Bacteroides_vulgatus	Phascolarctobacterium_succinatutens	M_stys_e	0.0	0.0	0	0.0
all	western_diet_gut_anoxic_membership	Bacteroides_vulgatus	Phascolarctobacterium_succinatutens	M_succ_e	0.0	0.07	0	0.0
all	western_diet_gut_anoxic_membership	Bacteroides_vulgatus	Phascolarctobacterium_succinatutens	M_sucr_e	0.0	0.0	0	0.0
all	western_diet_gut_anoxic_membership	Bacteroides_vulgatus	Phascolarctobacterium_succinatutens	M_sulfp_e	0.0	0.0	0	0.0
all	western_diet_gut_anoxic_membership	Bacteroides_vulgatus	Phascolarctobacterium_succinatutens	M_tab_e	0.0	0.0	0	0.0
all	western_diet_gut_anoxic_membership	Bacteroides_vulgatus	Phascolarctobacterium_succinatutens	M_trp_L_e	0.0	0.0	0	0.0
all	western_diet_gut_anoxic_membership	Bacteroides_vulgatus	Phascolarctobacterium_succinatutens	M_tsul_e	0.0	0.0	0	0.0
all	western_diet_gut_anoxic_membership	Bacteroides_vulgatus	Phascolarctobacterium_succinatutens	M_ttdca_e	0.0	0.0	0	0.0
all	western_diet_gut_anoxic_membership	Bacteroides_vulgatus	Phascolarctobacterium_succinatutens	M_urea_e	0.0	0.0	0	0.0
all	western_diet_gut_anoxic_membership	Bacteroides_vulgatus	Phascolarctobacterium_succinatutens	M_val_L_e	0.0	0.09	0	0.0
all	western_diet_gut_anoxic_membership	Bacteroides_vulgatus	Phascolarctobacterium_succinatutens	M_xan_e	0.0	0.0	0	0.0
all	western_diet_gut_anoxic_membership	Bacteroides_vulgatus	Phascolarctobacterium_succinatutens	M_xtsn_e	0.0	0.0	0	0.0
all	western_diet_gut_anoxic_membership	Bacteroides_vulgatus	Phascolarctobacterium_succinatutens	M_xyl_D_e	0.0	0.04	0	0.0
all	western_diet_gut_anoxic_membership	Bacteroides_vulgatus	Phascolarctobacterium_succinatutens	M_xylottr_e	0.0	0.0	0	0.0
all	western_diet_gut_anoxic_membership	Bacteroides_vulgatus	Phascolarctobacterium_succinatutens	M_zn2_e	0.0	1.0	0	0.0
all	western_diet_gut_anoxic_membership	Bacteroides_vulgatus	Acidaminococcus_intestini	M_12ppd_S_e	0.0	0.07	0	0.0
all	western_diet_gut_anoxic_membership	Bacteroides_vulgatus	Acidaminococcus_intestini	M_26dap_M_e	0.0	0.0	0	0.0
all	western_diet_gut_anoxic_membership	Bacteroides_vulgatus	Acidaminococcus_intestini	M_2obut_e	0.0	0.04	0	0.0
all	western_diet_gut_anoxic_membership	Bacteroides_vulgatus	Acidaminococcus_intestini	M_4abut_e	0.0	0.0	0	0.0
all	western_diet_gut_anoxic_membership	Bacteroides_vulgatus	Acidaminococcus_intestini	M_4abz_e	0.0	0.0	0	0.0
all	western_diet_gut_anoxic_membership	Bacteroides_vulgatus	Acidaminococcus_intestini	M_4ahmmp_e	0.0	0.0	0	0.0
all	western_diet_gut_anoxic_membership	Bacteroides_vulgatus	Acidaminococcus_intestini	M_5asa_e	0.0	0.0	0	0.0
all	western_diet_gut_anoxic_membership	Bacteroides_vulgatus	Acidaminococcus_intestini	M_7a_czp_e	0.0	0.0	1	0.0
all	western_diet_gut_anoxic_membership	Bacteroides_vulgatus	Acidaminococcus_intestini	M_7dhcdchol_e	0.0	0.0	0	0.0
all	western_diet_gut_anoxic_membership	Bacteroides_vulgatus	Acidaminococcus_intestini	M_7ocholate_e	0.0	0.0	0	0.0
all	western_diet_gut_anoxic_membership	Bacteroides_vulgatus	Acidaminococcus_intestini	M_C02528_e	0.0	0.0	0	0.0
all	western_diet_gut_anoxic_membership	Bacteroides_vulgatus	Acidaminococcus_intestini	M_Cit_Mg_e	0.0	0.0	0	0.0
all	western_diet_gut_anoxic_membership	Bacteroides_vulgatus	Acidaminococcus_intestini	M_Lcyst_e	0.0	0.0	0	0.0
all	western_diet_gut_anoxic_membership	Bacteroides_vulgatus	Acidaminococcus_intestini	M_Ser_Thr_e	0.0	0.0	0	0.0
all	western_diet_gut_anoxic_membership	Bacteroides_vulgatus	Acidaminococcus_intestini	M_T_antigen_e	0.0	0.0	0	0.0
all	western_diet_gut_anoxic_membership	Bacteroides_vulgatus	Acidaminococcus_intestini	M_Tn_antigen_e	0.0	0.0	0	0.0
all	western_diet_gut_anoxic_membership	Bacteroides_vulgatus	Acidaminococcus_intestini	M_Tyr_ggn_e	0.0	0.0	0	0.0
all	western_diet_gut_anoxic_membership	Bacteroides_vulgatus	Acidaminococcus_intestini	M_abz_ala_b_e	0.0	0.0	0	0.0
all	western_diet_gut_anoxic_membership	Bacteroides_vulgatus	Acidaminococcus_intestini	M_ac_e	0.0	0.0	0	0.0
all	western_diet_gut_anoxic_membership	Bacteroides_vulgatus	Acidaminococcus_intestini	M_acald_e	0.0	0.0	1	0.0
all	western_diet_gut_anoxic_membership	Bacteroides_vulgatus	Acidaminococcus_intestini	M_acgal_e	0.0	0.0	0	0.0
all	western_diet_gut_anoxic_membership	Bacteroides_vulgatus	Acidaminococcus_intestini	M_acgam_e	0.0	0.0	0	0.0
all	western_diet_gut_anoxic_membership	Bacteroides_vulgatus	Acidaminococcus_intestini	M_acnam_e	0.0	0.0	0	0.0
all	western_diet_gut_anoxic_membership	Bacteroides_vulgatus	Acidaminococcus_intestini	M_ade_e	0.0	0.04	0	0.0
all	western_diet_gut_anoxic_membership	Bacteroides_vulgatus	Acidaminococcus_intestini	M_adn_e	0.0	0.0	0	0.0
all	western_diet_gut_anoxic_membership	Bacteroides_vulgatus	Acidaminococcus_intestini	M_adocbl_e	0.0	0.0	0	0.0
all	western_diet_gut_anoxic_membership	Bacteroides_vulgatus	Acidaminococcus_intestini	M_ala_L_e	0.0	0.24	0	0.0
all	western_diet_gut_anoxic_membership	Bacteroides_vulgatus	Acidaminococcus_intestini	M_alaasp_e	0.0	0.0	0	0.0
all	western_diet_gut_anoxic_membership	Bacteroides_vulgatus	Acidaminococcus_intestini	M_alagln_e	0.0	0.0	0	0.0
all	western_diet_gut_anoxic_membership	Bacteroides_vulgatus	Acidaminococcus_intestini	M_alaglu_e	0.0	0.0	0	0.0
all	western_diet_gut_anoxic_membership	Bacteroides_vulgatus	Acidaminococcus_intestini	M_alagly_e	0.0	0.0	0	0.0
all	western_diet_gut_anoxic_membership	Bacteroides_vulgatus	Acidaminococcus_intestini	M_alahis_e	0.0	0.0	0	0.0
all	western_diet_gut_anoxic_membership	Bacteroides_vulgatus	Acidaminococcus_intestini	M_alaleu_e	0.0	0.0	0	0.0
all	western_diet_gut_anoxic_membership	Bacteroides_vulgatus	Acidaminococcus_intestini	M_alathr_e	0.0	0.0	0	0.0
all	western_diet_gut_anoxic_membership	Bacteroides_vulgatus	Acidaminococcus_intestini	M_amylopect900_e	0.0	0.0	0	0.0
all	western_diet_gut_anoxic_membership	Bacteroides_vulgatus	Acidaminococcus_intestini	M_amylose300_e	0.0	0.0	0	0.0
all	western_diet_gut_anoxic_membership	Bacteroides_vulgatus	Acidaminococcus_intestini	M_anzp_e	0.0	0.0	1	0.0
all	western_diet_gut_anoxic_membership	Bacteroides_vulgatus	Acidaminococcus_intestini	M_arab_L_e	0.0	0.04	0	0.0
all	western_diet_gut_anoxic_membership	Bacteroides_vulgatus	Acidaminococcus_intestini	M_arabinoxyl_e	0.0	0.0	0	0.0
all	western_diet_gut_anoxic_membership	Bacteroides_vulgatus	Acidaminococcus_intestini	M_arabttr_e	0.0	0.0	0	0.0
all	western_diet_gut_anoxic_membership	Bacteroides_vulgatus	Acidaminococcus_intestini	M_arbt_e	0.0	0.0	0	0.0
all	western_diet_gut_anoxic_membership	Bacteroides_vulgatus	Acidaminococcus_intestini	M_arsenb_e	0.0	0.0	0	0.0
all	western_diet_gut_anoxic_membership	Bacteroides_vulgatus	Acidaminococcus_intestini	M_asn_L_e	0.0	0.08	0	0.0
all	western_diet_gut_anoxic_membership	Bacteroides_vulgatus	Acidaminococcus_intestini	M_but_e	0.0	0.0	1	0.0
all	western_diet_gut_anoxic_membership	Bacteroides_vulgatus	Acidaminococcus_intestini	M_butso3_e	0.0	0.0	0	0.0
all	western_diet_gut_anoxic_membership	Bacteroides_vulgatus	Acidaminococcus_intestini	M_bz_e	0.0	0.0	0	0.0
all	western_diet_gut_anoxic_membership	Bacteroides_vulgatus	Acidaminococcus_intestini	M_bzam_e	0.0	0.0	0	0.0
all	western_diet_gut_anoxic_membership	Bacteroides_vulgatus	Acidaminococcus_intestini	M_bzd_e	0.0	0.0	0	0.0
all	western_diet_gut_anoxic_membership	Bacteroides_vulgatus	Acidaminococcus_intestini	M_ca2_e	0.0	1.0	0	0.0
all	western_diet_gut_anoxic_membership	Bacteroides_vulgatus	Acidaminococcus_intestini	M_cbl1_e	0.0	0.0	0	0.0
all	western_diet_gut_anoxic_membership	Bacteroides_vulgatus	Acidaminococcus_intestini	M_cbl2_e	0.0	0.0	0	0.0
all	western_diet_gut_anoxic_membership	Bacteroides_vulgatus	Acidaminococcus_intestini	M_cd2_e	0.0	0.0	0	0.0
all	western_diet_gut_anoxic_membership	Bacteroides_vulgatus	Acidaminococcus_intestini	M_cgly_e	0.0	0.07	0	0.0
all	western_diet_gut_anoxic_membership	Bacteroides_vulgatus	Acidaminococcus_intestini	M_chlphncl_e	0.0	0.0	1	0.0
all	western_diet_gut_anoxic_membership	Bacteroides_vulgatus	Acidaminococcus_intestini	M_cholate_e	0.0	0.0	0	0.0
all	western_diet_gut_anoxic_membership	Bacteroides_vulgatus	Acidaminococcus_intestini	M_cit_e	0.0	0.0	0	0.0
all	western_diet_gut_anoxic_membership	Bacteroides_vulgatus	Acidaminococcus_intestini	M_cl_e	0.0	1.0	0	0.0
all	western_diet_gut_anoxic_membership	Bacteroides_vulgatus	Acidaminococcus_intestini	M_co2_e	0.0	0.02	1	0.0
all	western_diet_gut_anoxic_membership	Bacteroides_vulgatus	Acidaminococcus_intestini	M_cobalt2_e	0.0	1.0	0	0.0
all	western_diet_gut_anoxic_membership	Bacteroides_vulgatus	Acidaminococcus_intestini	M_core2_e	0.0	0.0	0	0.0
all	western_diet_gut_anoxic_membership	Bacteroides_vulgatus	Acidaminococcus_intestini	M_core3_e	0.0	0.0	0	0.0
all	western_diet_gut_anoxic_membership	Bacteroides_vulgatus	Acidaminococcus_intestini	M_core4_e	0.0	0.0	0	0.0
all	western_diet_gut_anoxic_membership	Bacteroides_vulgatus	Acidaminococcus_intestini	M_core5_e	0.0	0.0	0	0.0
all	western_diet_gut_anoxic_membership	Bacteroides_vulgatus	Acidaminococcus_intestini	M_core6_e	0.0	0.0	0	0.0
all	western_diet_gut_anoxic_membership	Bacteroides_vulgatus	Acidaminococcus_intestini	M_core7_e	0.0	0.0	0	0.0
all	western_diet_gut_anoxic_membership	Bacteroides_vulgatus	Acidaminococcus_intestini	M_core8_e	0.0	0.0	0	0.0
all	western_diet_gut_anoxic_membership	Bacteroides_vulgatus	Acidaminococcus_intestini	M_cro4_e	0.0	0.0	0	0.0
all	western_diet_gut_anoxic_membership	Bacteroides_vulgatus	Acidaminococcus_intestini	M_ctbt_e	0.0	0.0	0	0.0
all	western_diet_gut_anoxic_membership	Bacteroides_vulgatus	Acidaminococcus_intestini	M_cu2_e	0.0	1.0	0	0.0
all	western_diet_gut_anoxic_membership	Bacteroides_vulgatus	Acidaminococcus_intestini	M_cys_L_e	0.0	0.16	0	0.0
all	western_diet_gut_anoxic_membership	Bacteroides_vulgatus	Acidaminococcus_intestini	M_czp_e	0.0	0.0	1	0.0
all	western_diet_gut_anoxic_membership	Bacteroides_vulgatus	Acidaminococcus_intestini	M_dchac_e	0.0	0.0	0	0.0
all	western_diet_gut_anoxic_membership	Bacteroides_vulgatus	Acidaminococcus_intestini	M_dextrin_e	0.0	0.0	0	0.0
all	western_diet_gut_anoxic_membership	Bacteroides_vulgatus	Acidaminococcus_intestini	M_dfdcytd_e	0.0	0.0	0	0.0
all	western_diet_gut_anoxic_membership	Bacteroides_vulgatus	Acidaminococcus_intestini	M_dfduri_e	0.0	0.0	0	0.0
all	western_diet_gut_anoxic_membership	Bacteroides_vulgatus	Acidaminococcus_intestini	M_dsT_antigen_e	0.0	0.0	0	0.0
all	western_diet_gut_anoxic_membership	Bacteroides_vulgatus	Acidaminococcus_intestini	M_ethso3_e	0.0	0.0	0	0.0
all	western_diet_gut_anoxic_membership	Bacteroides_vulgatus	Acidaminococcus_intestini	M_etoh_e	0.0	0.0	1	0.0
all	western_diet_gut_anoxic_membership	Bacteroides_vulgatus	Acidaminococcus_intestini	M_f1a_e	0.0	0.0	0	0.0
all	western_diet_gut_anoxic_membership	Bacteroides_vulgatus	Acidaminococcus_intestini	M_fe2_e	0.0	1.0	0	0.0
all	western_diet_gut_anoxic_membership	Bacteroides_vulgatus	Acidaminococcus_intestini	M_fe3_e	0.0	0.0	0	0.0
all	western_diet_gut_anoxic_membership	Bacteroides_vulgatus	Acidaminococcus_intestini	M_fol_e	0.0	0.0	0	0.0
all	western_diet_gut_anoxic_membership	Bacteroides_vulgatus	Acidaminococcus_intestini	M_for_e	0.0	0.0	0	0.0
all	western_diet_gut_anoxic_membership	Bacteroides_vulgatus	Acidaminococcus_intestini	M_fru_e	0.0	0.01	0	0.0
all	western_diet_gut_anoxic_membership	Bacteroides_vulgatus	Acidaminococcus_intestini	M_fum_e	0.0	0.2	0	0.0
all	western_diet_gut_anoxic_membership	Bacteroides_vulgatus	Acidaminococcus_intestini	M_gal_e	0.0	0.01	0	0.0
all	western_diet_gut_anoxic_membership	Bacteroides_vulgatus	Acidaminococcus_intestini	M_galt_e	0.0	0.0	0	0.0
all	western_diet_gut_anoxic_membership	Bacteroides_vulgatus	Acidaminococcus_intestini	M_galur_e	0.0	0.0	0	0.0
all	western_diet_gut_anoxic_membership	Bacteroides_vulgatus	Acidaminococcus_intestini	M_gam_e	0.0	0.01	0	0.0
all	western_diet_gut_anoxic_membership	Bacteroides_vulgatus	Acidaminococcus_intestini	M_gbbtn_e	0.0	0.0	0	0.0
all	western_diet_gut_anoxic_membership	Bacteroides_vulgatus	Acidaminococcus_intestini	M_gcald_e	0.0	0.0	0	0.0
all	western_diet_gut_anoxic_membership	Bacteroides_vulgatus	Acidaminococcus_intestini	M_glc_D_e	0.0	0.01	0	0.0
all	western_diet_gut_anoxic_membership	Bacteroides_vulgatus	Acidaminococcus_intestini	M_glcur_e	0.0	0.0	0	0.0
all	western_diet_gut_anoxic_membership	Bacteroides_vulgatus	Acidaminococcus_intestini	M_glu_L_e	0.0	0.02	0	0.0
all	western_diet_gut_anoxic_membership	Bacteroides_vulgatus	Acidaminococcus_intestini	M_glutar_e	0.0	0.0	0	0.0
all	western_diet_gut_anoxic_membership	Bacteroides_vulgatus	Acidaminococcus_intestini	M_gly_e	0.0	0.0	0	0.0
all	western_diet_gut_anoxic_membership	Bacteroides_vulgatus	Acidaminococcus_intestini	M_glyasn_e	0.0	0.0	0	0.0
all	western_diet_gut_anoxic_membership	Bacteroides_vulgatus	Acidaminococcus_intestini	M_glyasp_e	0.0	0.01	0	0.0
all	western_diet_gut_anoxic_membership	Bacteroides_vulgatus	Acidaminococcus_intestini	M_glyb_e	0.0	0.0	0	0.0
all	western_diet_gut_anoxic_membership	Bacteroides_vulgatus	Acidaminococcus_intestini	M_glyc_e	0.0	0.1	0	0.0
all	western_diet_gut_anoxic_membership	Bacteroides_vulgatus	Acidaminococcus_intestini	M_glycys_e	0.0	0.0	0	0.0
all	western_diet_gut_anoxic_membership	Bacteroides_vulgatus	Acidaminococcus_intestini	M_glygln_e	0.0	0.0	0	0.0
all	western_diet_gut_anoxic_membership	Bacteroides_vulgatus	Acidaminococcus_intestini	M_glyglu_e	0.0	0.0	0	0.0
all	western_diet_gut_anoxic_membership	Bacteroides_vulgatus	Acidaminococcus_intestini	M_glygn2_e	0.0	0.0	0	0.0
all	western_diet_gut_anoxic_membership	Bacteroides_vulgatus	Acidaminococcus_intestini	M_glygn4_e	0.0	0.0	0	0.0
all	western_diet_gut_anoxic_membership	Bacteroides_vulgatus	Acidaminococcus_intestini	M_glygn5_e	0.0	0.0	0	0.0
all	western_diet_gut_anoxic_membership	Bacteroides_vulgatus	Acidaminococcus_intestini	M_glyleu_e	0.0	0.01	0	0.0
all	western_diet_gut_anoxic_membership	Bacteroides_vulgatus	Acidaminococcus_intestini	M_glymet_e	0.0	0.0	0	0.0
all	western_diet_gut_anoxic_membership	Bacteroides_vulgatus	Acidaminococcus_intestini	M_glyphe_e	0.0	0.0	0	0.0
all	western_diet_gut_anoxic_membership	Bacteroides_vulgatus	Acidaminococcus_intestini	M_glypro_e	0.0	0.0	0	0.0
all	western_diet_gut_anoxic_membership	Bacteroides_vulgatus	Acidaminococcus_intestini	M_glytyr_e	0.0	0.0	0	0.0
all	western_diet_gut_anoxic_membership	Bacteroides_vulgatus	Acidaminococcus_intestini	M_gncore1_e	0.0	0.0	0	0.0
all	western_diet_gut_anoxic_membership	Bacteroides_vulgatus	Acidaminococcus_intestini	M_gncore2_e	0.0	0.0	0	0.0
all	western_diet_gut_anoxic_membership	Bacteroides_vulgatus	Acidaminococcus_intestini	M_gsn_e	0.0	0.0	0	0.0
all	western_diet_gut_anoxic_membership	Bacteroides_vulgatus	Acidaminococcus_intestini	M_gthox_e	0.0	0.0	0	0.0
all	western_diet_gut_anoxic_membership	Bacteroides_vulgatus	Acidaminococcus_intestini	M_h2_e	0.0	0.18	0	0.0
all	western_diet_gut_anoxic_membership	Bacteroides_vulgatus	Acidaminococcus_intestini	M_h2o_e	0.0	0.17	0	0.0
all	western_diet_gut_anoxic_membership	Bacteroides_vulgatus	Acidaminococcus_intestini	M_h2s_e	0.0	0.77	0	0.0
all	western_diet_gut_anoxic_membership	Bacteroides_vulgatus	Acidaminococcus_intestini	M_h_e	0.0	0.27	0	0.0
all	western_diet_gut_anoxic_membership	Bacteroides_vulgatus	Acidaminococcus_intestini	M_hexs_e	0.0	0.0	0	0.0
all	western_diet_gut_anoxic_membership	Bacteroides_vulgatus	Acidaminococcus_intestini	M_hg2_e	0.0	0.0	0	0.0
all	western_diet_gut_anoxic_membership	Bacteroides_vulgatus	Acidaminococcus_intestini	M_hxan_e	0.0	0.0	0	0.0
all	western_diet_gut_anoxic_membership	Bacteroides_vulgatus	Acidaminococcus_intestini	M_ins_e	0.0	0.0	0	0.0
all	western_diet_gut_anoxic_membership	Bacteroides_vulgatus	Acidaminococcus_intestini	M_inulin_e	0.0	0.0	0	0.0
all	western_diet_gut_anoxic_membership	Bacteroides_vulgatus	Acidaminococcus_intestini	M_isetac_e	0.0	0.0	0	0.0
all	western_diet_gut_anoxic_membership	Bacteroides_vulgatus	Acidaminococcus_intestini	M_isobut_e	0.0	0.0	0	0.0
all	western_diet_gut_anoxic_membership	Bacteroides_vulgatus	Acidaminococcus_intestini	M_isocapr_e	0.0	0.0	0	0.0
all	western_diet_gut_anoxic_membership	Bacteroides_vulgatus	Acidaminococcus_intestini	M_isoval_e	0.0	0.0	0	0.0
all	western_diet_gut_anoxic_membership	Bacteroides_vulgatus	Acidaminococcus_intestini	M_k_e	0.0	1.0	0	0.0
all	western_diet_gut_anoxic_membership	Bacteroides_vulgatus	Acidaminococcus_intestini	M_kesto_e	0.0	0.0	0	0.0
all	western_diet_gut_anoxic_membership	Bacteroides_vulgatus	Acidaminococcus_intestini	M_kestopt_e	0.0	0.0	0	0.0
all	western_diet_gut_anoxic_membership	Bacteroides_vulgatus	Acidaminococcus_intestini	M_kestottr_e	0.0	0.0	0	0.0
all	western_diet_gut_anoxic_membership	Bacteroides_vulgatus	Acidaminococcus_intestini	M_lac_D_e	0.0	0.1	1	0.0
all	western_diet_gut_anoxic_membership	Bacteroides_vulgatus	Acidaminococcus_intestini	M_lac_L_e	0.0	0.0	1	0.0
all	western_diet_gut_anoxic_membership	Bacteroides_vulgatus	Acidaminococcus_intestini	M_lcts_e	0.0	0.0	0	0.0
all	western_diet_gut_anoxic_membership	Bacteroides_vulgatus	Acidaminococcus_intestini	M_leu_L_e	0.0	0.04	0	0.0
all	western_diet_gut_anoxic_membership	Bacteroides_vulgatus	Acidaminococcus_intestini	M_mal_L_e	0.0	0.0	1	0.0
all	western_diet_gut_anoxic_membership	Bacteroides_vulgatus	Acidaminococcus_intestini	M_malt_e	0.0	0.0	0	0.0
all	western_diet_gut_anoxic_membership	Bacteroides_vulgatus	Acidaminococcus_intestini	M_malttr_e	0.0	0.0	0	0.0
all	western_diet_gut_anoxic_membership	Bacteroides_vulgatus	Acidaminococcus_intestini	M_man_e	0.0	0.01	0	0.0
all	western_diet_gut_anoxic_membership	Bacteroides_vulgatus	Acidaminococcus_intestini	M_mantr_e	0.0	0.0	0	0.0
all	western_diet_gut_anoxic_membership	Bacteroides_vulgatus	Acidaminococcus_intestini	M_melib_e	0.0	0.0	0	0.0
all	western_diet_gut_anoxic_membership	Bacteroides_vulgatus	Acidaminococcus_intestini	M_met_D_e	0.0	0.0	0	0.0
all	western_diet_gut_anoxic_membership	Bacteroides_vulgatus	Acidaminococcus_intestini	M_met_L_e	0.0	0.0	0	0.0
all	western_diet_gut_anoxic_membership	Bacteroides_vulgatus	Acidaminococcus_intestini	M_metala_e	0.0	0.0	0	0.0
all	western_diet_gut_anoxic_membership	Bacteroides_vulgatus	Acidaminococcus_intestini	M_mg2_e	0.0	1.0	0	0.0
all	western_diet_gut_anoxic_membership	Bacteroides_vulgatus	Acidaminococcus_intestini	M_mn2_e	0.0	1.0	0	0.0
all	western_diet_gut_anoxic_membership	Bacteroides_vulgatus	Acidaminococcus_intestini	M_mops_e	0.0	0.0	0	0.0
all	western_diet_gut_anoxic_membership	Bacteroides_vulgatus	Acidaminococcus_intestini	M_mqn7_e	0.0	0.0	0	0.0
all	western_diet_gut_anoxic_membership	Bacteroides_vulgatus	Acidaminococcus_intestini	M_mqn8_e	0.0	0.0	0	0.0
all	western_diet_gut_anoxic_membership	Bacteroides_vulgatus	Acidaminococcus_intestini	M_mso3_e	0.0	0.0	0	0.0
all	western_diet_gut_anoxic_membership	Bacteroides_vulgatus	Acidaminococcus_intestini	M_na1_e	0.0	0.0	0	0.0
all	western_diet_gut_anoxic_membership	Bacteroides_vulgatus	Acidaminococcus_intestini	M_nac_e	0.0	0.0	0	0.0
all	western_diet_gut_anoxic_membership	Bacteroides_vulgatus	Acidaminococcus_intestini	M_nchlphncl_e	0.0	0.0	1	0.0
all	western_diet_gut_anoxic_membership	Bacteroides_vulgatus	Acidaminococcus_intestini	M_neopront_e	0.0	0.0	0	0.0
all	western_diet_gut_anoxic_membership	Bacteroides_vulgatus	Acidaminococcus_intestini	M_nh4_e	0.0	0.18	1	0.0
all	western_diet_gut_anoxic_membership	Bacteroides_vulgatus	Acidaminococcus_intestini	M_no3_e	0.0	0.0	0	0.0
all	western_diet_gut_anoxic_membership	Bacteroides_vulgatus	Acidaminococcus_intestini	M_nzp_e	0.0	0.0	1	0.0
all	western_diet_gut_anoxic_membership	Bacteroides_vulgatus	Acidaminococcus_intestini	M_o2_e	0.0	0.0	1	0.0
all	western_diet_gut_anoxic_membership	Bacteroides_vulgatus	Acidaminococcus_intestini	M_ocdca_e	0.0	0.0	0	0.0
all	western_diet_gut_anoxic_membership	Bacteroides_vulgatus	Acidaminococcus_intestini	M_olsa_e	0.0	0.0	0	0.0
all	western_diet_gut_anoxic_membership	Bacteroides_vulgatus	Acidaminococcus_intestini	M_orot_e	0.0	0.0	0	0.0
all	western_diet_gut_anoxic_membership	Bacteroides_vulgatus	Acidaminococcus_intestini	M_pb_e	0.0	0.0	0	0.0
all	western_diet_gut_anoxic_membership	Bacteroides_vulgatus	Acidaminococcus_intestini	M_pcresol_e	0.0	0.0	0	0.0
all	western_diet_gut_anoxic_membership	Bacteroides_vulgatus	Acidaminococcus_intestini	M_pheme_e	0.0	0.0	0	0.0
all	western_diet_gut_anoxic_membership	Bacteroides_vulgatus	Acidaminococcus_intestini	M_pi_e	0.0	1.0	0	0.0
all	western_diet_gut_anoxic_membership	Bacteroides_vulgatus	Acidaminococcus_intestini	M_ppa_e	0.0	0.0	0	0.0
all	western_diet_gut_anoxic_membership	Bacteroides_vulgatus	Acidaminococcus_intestini	M_ppi_e	0.0	0.0	0	0.0
all	western_diet_gut_anoxic_membership	Bacteroides_vulgatus	Acidaminococcus_intestini	M_pro_L_e	0.0	0.06	0	0.0
all	western_diet_gut_anoxic_membership	Bacteroides_vulgatus	Acidaminococcus_intestini	M_pront_e	0.0	0.0	0	0.0
all	western_diet_gut_anoxic_membership	Bacteroides_vulgatus	Acidaminococcus_intestini	M_ptrc_e	0.0	0.0	0	0.0
all	western_diet_gut_anoxic_membership	Bacteroides_vulgatus	Acidaminococcus_intestini	M_pydx5p_e	0.0	0.0	1	0.0
all	western_diet_gut_anoxic_membership	Bacteroides_vulgatus	Acidaminococcus_intestini	M_pyr_e	0.0	0.14	1	0.0
all	western_diet_gut_anoxic_membership	Bacteroides_vulgatus	Acidaminococcus_intestini	M_r406_e	0.0	0.0	0	0.0
all	western_diet_gut_anoxic_membership	Bacteroides_vulgatus	Acidaminococcus_intestini	M_r788_e	0.0	0.0	0	0.0
all	western_diet_gut_anoxic_membership	Bacteroides_vulgatus	Acidaminococcus_intestini	M_raffin_e	0.0	0.0	0	0.0
all	western_diet_gut_anoxic_membership	Bacteroides_vulgatus	Acidaminococcus_intestini	M_ribflv_e	0.0	0.0	0	0.0
all	western_diet_gut_anoxic_membership	Bacteroides_vulgatus	Acidaminococcus_intestini	M_rmn_e	0.0	0.03	0	0.0
all	western_diet_gut_anoxic_membership	Bacteroides_vulgatus	Acidaminococcus_intestini	M_sT_antigen_e	0.0	0.0	0	0.0
all	western_diet_gut_anoxic_membership	Bacteroides_vulgatus	Acidaminococcus_intestini	M_sTn_antigen_e	0.0	0.0	0	0.0
all	western_diet_gut_anoxic_membership	Bacteroides_vulgatus	Acidaminococcus_intestini	M_salcn_e	0.0	0.0	0	0.0
all	western_diet_gut_anoxic_membership	Bacteroides_vulgatus	Acidaminococcus_intestini	M_sanilamide_e	0.0	0.0	0	0.0
all	western_diet_gut_anoxic_membership	Bacteroides_vulgatus	Acidaminococcus_intestini	M_ser_L_e	0.0	0.11	0	0.0
all	western_diet_gut_anoxic_membership	Bacteroides_vulgatus	Acidaminococcus_intestini	M_so4_e	0.0	1.0	0	0.0
all	western_diet_gut_anoxic_membership	Bacteroides_vulgatus	Acidaminococcus_intestini	M_spmd_e	0.0	0.0	0	0.0
all	western_diet_gut_anoxic_membership	Bacteroides_vulgatus	Acidaminococcus_intestini	M_ssz_e	0.0	0.0	0	0.0
all	western_diet_gut_anoxic_membership	Bacteroides_vulgatus	Acidaminococcus_intestini	M_stys_e	0.0	0.0	0	0.0
all	western_diet_gut_anoxic_membership	Bacteroides_vulgatus	Acidaminococcus_intestini	M_succ_e	0.0	0.07	0	0.0
all	western_diet_gut_anoxic_membership	Bacteroides_vulgatus	Acidaminococcus_intestini	M_sucr_e	0.0	0.0	0	0.0
all	western_diet_gut_anoxic_membership	Bacteroides_vulgatus	Acidaminococcus_intestini	M_sulfac_e	0.0	0.0	0	0.0
all	western_diet_gut_anoxic_membership	Bacteroides_vulgatus	Acidaminococcus_intestini	M_sulfp_e	0.0	0.0	0	0.0
all	western_diet_gut_anoxic_membership	Bacteroides_vulgatus	Acidaminococcus_intestini	M_tab_e	0.0	0.0	0	0.0
all	western_diet_gut_anoxic_membership	Bacteroides_vulgatus	Acidaminococcus_intestini	M_taur_e	0.0	0.0	0	0.0
all	western_diet_gut_anoxic_membership	Bacteroides_vulgatus	Acidaminococcus_intestini	M_trp_L_e	0.0	0.0	0	0.0
all	western_diet_gut_anoxic_membership	Bacteroides_vulgatus	Acidaminococcus_intestini	M_tsul_e	0.0	0.0	0	0.0
all	western_diet_gut_anoxic_membership	Bacteroides_vulgatus	Acidaminococcus_intestini	M_ttdca_e	0.0	0.0	0	0.0
all	western_diet_gut_anoxic_membership	Bacteroides_vulgatus	Acidaminococcus_intestini	M_urea_e	0.0	0.0	0	0.0
all	western_diet_gut_anoxic_membership	Bacteroides_vulgatus	Acidaminococcus_intestini	M_val_L_e	0.0	0.09	0	0.0
all	western_diet_gut_anoxic_membership	Bacteroides_vulgatus	Acidaminococcus_intestini	M_xan_e	0.0	0.0	0	0.0
all	western_diet_gut_anoxic_membership	Bacteroides_vulgatus	Acidaminococcus_intestini	M_xtsn_e	0.0	0.0	0	0.0
all	western_diet_gut_anoxic_membership	Bacteroides_vulgatus	Acidaminococcus_intestini	M_xyl_D_e	0.0	0.04	0	0.0
all	western_diet_gut_anoxic_membership	Bacteroides_vulgatus	Acidaminococcus_intestini	M_xylottr_e	0.0	0.0	0	0.0
all	western_diet_gut_anoxic_membership	Bacteroides_vulgatus	Acidaminococcus_intestini	M_zn2_e	0.0	1.0	0	0.0
all	western_diet_gut_anoxic_membership	Bacteroides_vulgatus	Eubacterium_rectale	M_12ppd_S_e	0.0	0.07	0	0.0
all	western_diet_gut_anoxic_membership	Bacteroides_vulgatus	Eubacterium_rectale	M_26dap_M_e	0.0	0.0	0	0.0
all	western_diet_gut_anoxic_membership	Bacteroides_vulgatus	Eubacterium_rectale	M_2obut_e	0.0	0.04	0	0.0
all	western_diet_gut_anoxic_membership	Bacteroides_vulgatus	Eubacterium_rectale	M_4abut_e	0.0	0.0	1	0.0
all	western_diet_gut_anoxic_membership	Bacteroides_vulgatus	Eubacterium_rectale	M_4abz_e	0.0	0.0	0	0.0
all	western_diet_gut_anoxic_membership	Bacteroides_vulgatus	Eubacterium_rectale	M_5asa_e	0.0	0.0	0	0.0
all	western_diet_gut_anoxic_membership	Bacteroides_vulgatus	Eubacterium_rectale	M_7dhcdchol_e	0.0	0.0	0	0.0
all	western_diet_gut_anoxic_membership	Bacteroides_vulgatus	Eubacterium_rectale	M_7ocholate_e	0.0	0.0	0	0.0
all	western_diet_gut_anoxic_membership	Bacteroides_vulgatus	Eubacterium_rectale	M_C02528_e	0.0	0.0	0	0.0
all	western_diet_gut_anoxic_membership	Bacteroides_vulgatus	Eubacterium_rectale	M_Ser_Thr_e	0.0	0.0	0	0.0
all	western_diet_gut_anoxic_membership	Bacteroides_vulgatus	Eubacterium_rectale	M_T_antigen_e	0.0	0.0	0	0.0
all	western_diet_gut_anoxic_membership	Bacteroides_vulgatus	Eubacterium_rectale	M_Tn_antigen_e	0.0	0.0	0	0.0
all	western_diet_gut_anoxic_membership	Bacteroides_vulgatus	Eubacterium_rectale	M_Tyr_ggn_e	0.0	0.0	0	0.0
all	western_diet_gut_anoxic_membership	Bacteroides_vulgatus	Eubacterium_rectale	M_abz_ala_b_e	0.0	0.0	0	0.0
all	western_diet_gut_anoxic_membership	Bacteroides_vulgatus	Eubacterium_rectale	M_ac_e	0.0	0.0	0	0.0
all	western_diet_gut_anoxic_membership	Bacteroides_vulgatus	Eubacterium_rectale	M_acald_e	0.0	0.0	0	0.0
all	western_diet_gut_anoxic_membership	Bacteroides_vulgatus	Eubacterium_rectale	M_acgal_e	0.0	0.0	0	0.0
all	western_diet_gut_anoxic_membership	Bacteroides_vulgatus	Eubacterium_rectale	M_acgam_e	0.0	0.0	0	0.0
all	western_diet_gut_anoxic_membership	Bacteroides_vulgatus	Eubacterium_rectale	M_acnam_e	0.0	0.0	0	0.0
all	western_diet_gut_anoxic_membership	Bacteroides_vulgatus	Eubacterium_rectale	M_ade_e	0.0	0.04	0	0.0
all	western_diet_gut_anoxic_membership	Bacteroides_vulgatus	Eubacterium_rectale	M_adn_e	0.0	0.0	0	0.0
all	western_diet_gut_anoxic_membership	Bacteroides_vulgatus	Eubacterium_rectale	M_adocbl_e	0.0	0.0	0	0.0
all	western_diet_gut_anoxic_membership	Bacteroides_vulgatus	Eubacterium_rectale	M_ala_L_e	0.0	0.24	0	0.0
all	western_diet_gut_anoxic_membership	Bacteroides_vulgatus	Eubacterium_rectale	M_alaasp_e	0.0	0.0	0	0.0
all	western_diet_gut_anoxic_membership	Bacteroides_vulgatus	Eubacterium_rectale	M_alagln_e	0.0	0.0	0	0.0
all	western_diet_gut_anoxic_membership	Bacteroides_vulgatus	Eubacterium_rectale	M_alaglu_e	0.0	0.0	0	0.0
all	western_diet_gut_anoxic_membership	Bacteroides_vulgatus	Eubacterium_rectale	M_alagly_e	0.0	0.0	0	0.0
all	western_diet_gut_anoxic_membership	Bacteroides_vulgatus	Eubacterium_rectale	M_alahis_e	0.0	0.0	0	0.0
all	western_diet_gut_anoxic_membership	Bacteroides_vulgatus	Eubacterium_rectale	M_alaleu_e	0.0	0.0	0	0.0
all	western_diet_gut_anoxic_membership	Bacteroides_vulgatus	Eubacterium_rectale	M_alathr_e	0.0	0.0	0	0.0
all	western_diet_gut_anoxic_membership	Bacteroides_vulgatus	Eubacterium_rectale	M_amylopect900_e	0.0	0.0	0	0.0
all	western_diet_gut_anoxic_membership	Bacteroides_vulgatus	Eubacterium_rectale	M_amylose300_e	0.0	0.0	0	0.0
all	western_diet_gut_anoxic_membership	Bacteroides_vulgatus	Eubacterium_rectale	M_arab_L_e	0.0	0.04	0	0.0
all	western_diet_gut_anoxic_membership	Bacteroides_vulgatus	Eubacterium_rectale	M_arabinoxyl_e	0.0	0.0	0	0.0
all	western_diet_gut_anoxic_membership	Bacteroides_vulgatus	Eubacterium_rectale	M_arabttr_e	0.0	0.0	0	0.0
all	western_diet_gut_anoxic_membership	Bacteroides_vulgatus	Eubacterium_rectale	M_arbt_e	0.0	0.0	0	0.0
all	western_diet_gut_anoxic_membership	Bacteroides_vulgatus	Eubacterium_rectale	M_arsenb_e	0.0	0.0	0	0.0
all	western_diet_gut_anoxic_membership	Bacteroides_vulgatus	Eubacterium_rectale	M_asn_L_e	0.0	0.08	0	0.0
all	western_diet_gut_anoxic_membership	Bacteroides_vulgatus	Eubacterium_rectale	M_but_e	0.0	0.0	1	0.0
all	western_diet_gut_anoxic_membership	Bacteroides_vulgatus	Eubacterium_rectale	M_bz_e	0.0	0.0	0	0.0
all	western_diet_gut_anoxic_membership	Bacteroides_vulgatus	Eubacterium_rectale	M_bzam_e	0.0	0.0	0	0.0
all	western_diet_gut_anoxic_membership	Bacteroides_vulgatus	Eubacterium_rectale	M_bzd_e	0.0	0.0	0	0.0
all	western_diet_gut_anoxic_membership	Bacteroides_vulgatus	Eubacterium_rectale	M_ca2_e	0.0	1.0	0	0.0
all	western_diet_gut_anoxic_membership	Bacteroides_vulgatus	Eubacterium_rectale	M_cbl1_e	0.0	0.0	0	0.0
all	western_diet_gut_anoxic_membership	Bacteroides_vulgatus	Eubacterium_rectale	M_cbl2_e	0.0	0.0	0	0.0
all	western_diet_gut_anoxic_membership	Bacteroides_vulgatus	Eubacterium_rectale	M_cd2_e	0.0	0.0	0	0.0
all	western_diet_gut_anoxic_membership	Bacteroides_vulgatus	Eubacterium_rectale	M_cgly_e	0.0	0.07	0	0.0
all	western_diet_gut_anoxic_membership	Bacteroides_vulgatus	Eubacterium_rectale	M_cholate_e	0.0	0.0	0	0.0
all	western_diet_gut_anoxic_membership	Bacteroides_vulgatus	Eubacterium_rectale	M_cit_e	0.0	0.0	0	0.0
all	western_diet_gut_anoxic_membership	Bacteroides_vulgatus	Eubacterium_rectale	M_cl_e	0.0	1.0	0	0.0
all	western_diet_gut_anoxic_membership	Bacteroides_vulgatus	Eubacterium_rectale	M_co2_e	0.0	0.02	1	0.0
all	western_diet_gut_anoxic_membership	Bacteroides_vulgatus	Eubacterium_rectale	M_cobalt2_e	0.0	1.0	0	0.0
all	western_diet_gut_anoxic_membership	Bacteroides_vulgatus	Eubacterium_rectale	M_core2_e	0.0	0.0	0	0.0
all	western_diet_gut_anoxic_membership	Bacteroides_vulgatus	Eubacterium_rectale	M_core3_e	0.0	0.0	0	0.0
all	western_diet_gut_anoxic_membership	Bacteroides_vulgatus	Eubacterium_rectale	M_core4_e	0.0	0.0	0	0.0
all	western_diet_gut_anoxic_membership	Bacteroides_vulgatus	Eubacterium_rectale	M_core5_e	0.0	0.0	0	0.0
all	western_diet_gut_anoxic_membership	Bacteroides_vulgatus	Eubacterium_rectale	M_core6_e	0.0	0.0	0	0.0
all	western_diet_gut_anoxic_membership	Bacteroides_vulgatus	Eubacterium_rectale	M_core7_e	0.0	0.0	0	0.0
all	western_diet_gut_anoxic_membership	Bacteroides_vulgatus	Eubacterium_rectale	M_core8_e	0.0	0.0	0	0.0
all	western_diet_gut_anoxic_membership	Bacteroides_vulgatus	Eubacterium_rectale	M_cro4_e	0.0	0.0	0	0.0
all	western_diet_gut_anoxic_membership	Bacteroides_vulgatus	Eubacterium_rectale	M_ctbt_e	0.0	0.0	0	0.0
all	western_diet_gut_anoxic_membership	Bacteroides_vulgatus	Eubacterium_rectale	M_cu2_e	0.0	1.0	0	0.0
all	western_diet_gut_anoxic_membership	Bacteroides_vulgatus	Eubacterium_rectale	M_cys_L_e	0.0	0.16	0	0.0
all	western_diet_gut_anoxic_membership	Bacteroides_vulgatus	Eubacterium_rectale	M_dchac_e	0.0	0.0	0	0.0
all	western_diet_gut_anoxic_membership	Bacteroides_vulgatus	Eubacterium_rectale	M_dextrin_e	0.0	0.0	0	0.0
all	western_diet_gut_anoxic_membership	Bacteroides_vulgatus	Eubacterium_rectale	M_dsT_antigen_e	0.0	0.0	0	0.0
all	western_diet_gut_anoxic_membership	Bacteroides_vulgatus	Eubacterium_rectale	M_f1a_e	0.0	0.0	0	0.0
all	western_diet_gut_anoxic_membership	Bacteroides_vulgatus	Eubacterium_rectale	M_fe2_e	0.0	1.0	0	0.0
all	western_diet_gut_anoxic_membership	Bacteroides_vulgatus	Eubacterium_rectale	M_fe3_e	0.0	0.0	0	0.0
all	western_diet_gut_anoxic_membership	Bacteroides_vulgatus	Eubacterium_rectale	M_fol_e	0.0	0.0	0	0.0
all	western_diet_gut_anoxic_membership	Bacteroides_vulgatus	Eubacterium_rectale	M_for_e	0.0	0.0	0	0.0
all	western_diet_gut_anoxic_membership	Bacteroides_vulgatus	Eubacterium_rectale	M_fru_e	0.0	0.01	0	0.0
all	western_diet_gut_anoxic_membership	Bacteroides_vulgatus	Eubacterium_rectale	M_fum_e	0.0	0.2	0	0.0
all	western_diet_gut_anoxic_membership	Bacteroides_vulgatus	Eubacterium_rectale	M_gal_e	0.0	0.01	0	0.0
all	western_diet_gut_anoxic_membership	Bacteroides_vulgatus	Eubacterium_rectale	M_galt_e	0.0	0.0	0	0.0
all	western_diet_gut_anoxic_membership	Bacteroides_vulgatus	Eubacterium_rectale	M_galur_e	0.0	0.0	0	0.0
all	western_diet_gut_anoxic_membership	Bacteroides_vulgatus	Eubacterium_rectale	M_gam_e	0.0	0.01	0	0.0
all	western_diet_gut_anoxic_membership	Bacteroides_vulgatus	Eubacterium_rectale	M_gbbtn_e	0.0	0.0	0	0.0
all	western_diet_gut_anoxic_membership	Bacteroides_vulgatus	Eubacterium_rectale	M_gcald_e	0.0	0.0	0	0.0
all	western_diet_gut_anoxic_membership	Bacteroides_vulgatus	Eubacterium_rectale	M_glc_D_e	0.0	0.01	1	0.0
all	western_diet_gut_anoxic_membership	Bacteroides_vulgatus	Eubacterium_rectale	M_glcur_e	0.0	0.0	0	0.0
all	western_diet_gut_anoxic_membership	Bacteroides_vulgatus	Eubacterium_rectale	M_glu_L_e	0.0	0.02	0	0.0
all	western_diet_gut_anoxic_membership	Bacteroides_vulgatus	Eubacterium_rectale	M_gly_e	0.0	0.0	0	0.0
all	western_diet_gut_anoxic_membership	Bacteroides_vulgatus	Eubacterium_rectale	M_glyasn_e	0.0	0.0	0	0.0
all	western_diet_gut_anoxic_membership	Bacteroides_vulgatus	Eubacterium_rectale	M_glyasp_e	0.0	0.01	0	0.0
all	western_diet_gut_anoxic_membership	Bacteroides_vulgatus	Eubacterium_rectale	M_glyb_e	0.0	0.0	0	0.0
all	western_diet_gut_anoxic_membership	Bacteroides_vulgatus	Eubacterium_rectale	M_glyc_e	0.0	0.1	0	0.0
all	western_diet_gut_anoxic_membership	Bacteroides_vulgatus	Eubacterium_rectale	M_glycys_e	0.0	0.0	0	0.0
all	western_diet_gut_anoxic_membership	Bacteroides_vulgatus	Eubacterium_rectale	M_glygln_e	0.0	0.0	0	0.0
all	western_diet_gut_anoxic_membership	Bacteroides_vulgatus	Eubacterium_rectale	M_glyglu_e	0.0	0.0	0	0.0
all	western_diet_gut_anoxic_membership	Bacteroides_vulgatus	Eubacterium_rectale	M_glygn2_e	0.0	0.0	0	0.0
all	western_diet_gut_anoxic_membership	Bacteroides_vulgatus	Eubacterium_rectale	M_glygn4_e	0.0	0.0	0	0.0
all	western_diet_gut_anoxic_membership	Bacteroides_vulgatus	Eubacterium_rectale	M_glygn5_e	0.0	0.0	0	0.0
all	western_diet_gut_anoxic_membership	Bacteroides_vulgatus	Eubacterium_rectale	M_glyleu_e	0.0	0.01	0	0.0
all	western_diet_gut_anoxic_membership	Bacteroides_vulgatus	Eubacterium_rectale	M_glymet_e	0.0	0.0	0	0.0
all	western_diet_gut_anoxic_membership	Bacteroides_vulgatus	Eubacterium_rectale	M_glyphe_e	0.0	0.0	0	0.0
all	western_diet_gut_anoxic_membership	Bacteroides_vulgatus	Eubacterium_rectale	M_glypro_e	0.0	0.0	0	0.0
all	western_diet_gut_anoxic_membership	Bacteroides_vulgatus	Eubacterium_rectale	M_glytyr_e	0.0	0.0	0	0.0
all	western_diet_gut_anoxic_membership	Bacteroides_vulgatus	Eubacterium_rectale	M_gncore1_e	0.0	0.0	0	0.0
all	western_diet_gut_anoxic_membership	Bacteroides_vulgatus	Eubacterium_rectale	M_gncore2_e	0.0	0.0	0	0.0
all	western_diet_gut_anoxic_membership	Bacteroides_vulgatus	Eubacterium_rectale	M_gsn_e	0.0	0.0	0	0.0
all	western_diet_gut_anoxic_membership	Bacteroides_vulgatus	Eubacterium_rectale	M_gthox_e	0.0	0.0	0	0.0
all	western_diet_gut_anoxic_membership	Bacteroides_vulgatus	Eubacterium_rectale	M_h2_e	0.0	0.18	0	0.0
all	western_diet_gut_anoxic_membership	Bacteroides_vulgatus	Eubacterium_rectale	M_h2o_e	0.0	0.17	0	0.0
all	western_diet_gut_anoxic_membership	Bacteroides_vulgatus	Eubacterium_rectale	M_h2s_e	0.0	0.77	0	0.0
all	western_diet_gut_anoxic_membership	Bacteroides_vulgatus	Eubacterium_rectale	M_h_e	0.0	0.27	0	0.0
all	western_diet_gut_anoxic_membership	Bacteroides_vulgatus	Eubacterium_rectale	M_hg2_e	0.0	0.0	0	0.0
all	western_diet_gut_anoxic_membership	Bacteroides_vulgatus	Eubacterium_rectale	M_hxan_e	0.0	0.0	0	0.0
all	western_diet_gut_anoxic_membership	Bacteroides_vulgatus	Eubacterium_rectale	M_inulin_e	0.0	0.0	0	0.0
all	western_diet_gut_anoxic_membership	Bacteroides_vulgatus	Eubacterium_rectale	M_isobut_e	0.0	0.0	0	0.0
all	western_diet_gut_anoxic_membership	Bacteroides_vulgatus	Eubacterium_rectale	M_isocapr_e	0.0	0.0	0	0.0
all	western_diet_gut_anoxic_membership	Bacteroides_vulgatus	Eubacterium_rectale	M_isoval_e	0.0	0.0	0	0.0
all	western_diet_gut_anoxic_membership	Bacteroides_vulgatus	Eubacterium_rectale	M_k_e	0.0	1.0	0	0.0
all	western_diet_gut_anoxic_membership	Bacteroides_vulgatus	Eubacterium_rectale	M_kesto_e	0.0	0.0	0	0.0
all	western_diet_gut_anoxic_membership	Bacteroides_vulgatus	Eubacterium_rectale	M_kestopt_e	0.0	0.0	0	0.0
all	western_diet_gut_anoxic_membership	Bacteroides_vulgatus	Eubacterium_rectale	M_kestottr_e	0.0	0.0	0	0.0
all	western_diet_gut_anoxic_membership	Bacteroides_vulgatus	Eubacterium_rectale	M_lac_D_e	0.0	0.1	1	0.0
all	western_diet_gut_anoxic_membership	Bacteroides_vulgatus	Eubacterium_rectale	M_lac_L_e	0.0	0.0	1	0.0
all	western_diet_gut_anoxic_membership	Bacteroides_vulgatus	Eubacterium_rectale	M_lcts_e	0.0	0.0	0	0.0
all	western_diet_gut_anoxic_membership	Bacteroides_vulgatus	Eubacterium_rectale	M_leu_L_e	0.0	0.04	0	0.0
all	western_diet_gut_anoxic_membership	Bacteroides_vulgatus	Eubacterium_rectale	M_malt_e	0.0	0.0	0	0.0
all	western_diet_gut_anoxic_membership	Bacteroides_vulgatus	Eubacterium_rectale	M_malthx_e	0.0	0.0	0	0.0
all	western_diet_gut_anoxic_membership	Bacteroides_vulgatus	Eubacterium_rectale	M_malttr_e	0.0	0.0	1	0.0
all	western_diet_gut_anoxic_membership	Bacteroides_vulgatus	Eubacterium_rectale	M_man_e	0.0	0.01	0	0.0
all	western_diet_gut_anoxic_membership	Bacteroides_vulgatus	Eubacterium_rectale	M_mantr_e	0.0	0.0	0	0.0
all	western_diet_gut_anoxic_membership	Bacteroides_vulgatus	Eubacterium_rectale	M_melib_e	0.0	0.0	0	0.0
all	western_diet_gut_anoxic_membership	Bacteroides_vulgatus	Eubacterium_rectale	M_met_L_e	0.0	0.0	0	0.0
all	western_diet_gut_anoxic_membership	Bacteroides_vulgatus	Eubacterium_rectale	M_metala_e	0.0	0.0	0	0.0
all	western_diet_gut_anoxic_membership	Bacteroides_vulgatus	Eubacterium_rectale	M_mg2_e	0.0	1.0	0	0.0
all	western_diet_gut_anoxic_membership	Bacteroides_vulgatus	Eubacterium_rectale	M_mn2_e	0.0	1.0	0	0.0
all	western_diet_gut_anoxic_membership	Bacteroides_vulgatus	Eubacterium_rectale	M_mqn7_e	0.0	0.0	0	0.0
all	western_diet_gut_anoxic_membership	Bacteroides_vulgatus	Eubacterium_rectale	M_mqn8_e	0.0	0.0	0	0.0
all	western_diet_gut_anoxic_membership	Bacteroides_vulgatus	Eubacterium_rectale	M_na1_e	0.0	0.0	0	0.0
all	western_diet_gut_anoxic_membership	Bacteroides_vulgatus	Eubacterium_rectale	M_nac_e	0.0	0.0	0	0.0
all	western_diet_gut_anoxic_membership	Bacteroides_vulgatus	Eubacterium_rectale	M_neopront_e	0.0	0.0	0	0.0
all	western_diet_gut_anoxic_membership	Bacteroides_vulgatus	Eubacterium_rectale	M_nh4_e	0.0	0.18	1	0.0
all	western_diet_gut_anoxic_membership	Bacteroides_vulgatus	Eubacterium_rectale	M_o2_e	0.0	0.0	0	0.0
all	western_diet_gut_anoxic_membership	Bacteroides_vulgatus	Eubacterium_rectale	M_ocdca_e	0.0	0.0	0	0.0
all	western_diet_gut_anoxic_membership	Bacteroides_vulgatus	Eubacterium_rectale	M_olsa_e	0.0	0.0	0	0.0
all	western_diet_gut_anoxic_membership	Bacteroides_vulgatus	Eubacterium_rectale	M_pb_e	0.0	0.0	0	0.0
all	western_diet_gut_anoxic_membership	Bacteroides_vulgatus	Eubacterium_rectale	M_pheme_e	0.0	0.0	0	0.0
all	western_diet_gut_anoxic_membership	Bacteroides_vulgatus	Eubacterium_rectale	M_pi_e	0.0	1.0	0	0.0
all	western_diet_gut_anoxic_membership	Bacteroides_vulgatus	Eubacterium_rectale	M_ppa_e	0.0	0.0	0	0.0
all	western_diet_gut_anoxic_membership	Bacteroides_vulgatus	Eubacterium_rectale	M_ppi_e	0.0	0.0	0	0.0
all	western_diet_gut_anoxic_membership	Bacteroides_vulgatus	Eubacterium_rectale	M_pro_L_e	0.0	0.06	0	0.0
all	western_diet_gut_anoxic_membership	Bacteroides_vulgatus	Eubacterium_rectale	M_pront_e	0.0	0.0	0	0.0
all	western_diet_gut_anoxic_membership	Bacteroides_vulgatus	Eubacterium_rectale	M_ptrc_e	0.0	0.0	0	0.0
all	western_diet_gut_anoxic_membership	Bacteroides_vulgatus	Eubacterium_rectale	M_pyr_e	0.0	0.14	0	0.0
all	western_diet_gut_anoxic_membership	Bacteroides_vulgatus	Eubacterium_rectale	M_raffin_e	0.0	0.0	0	0.0
all	western_diet_gut_anoxic_membership	Bacteroides_vulgatus	Eubacterium_rectale	M_ribflv_e	0.0	0.0	0	0.0
all	western_diet_gut_anoxic_membership	Bacteroides_vulgatus	Eubacterium_rectale	M_rmn_e	0.0	0.03	0	0.0
all	western_diet_gut_anoxic_membership	Bacteroides_vulgatus	Eubacterium_rectale	M_sT_antigen_e	0.0	0.0	0	0.0
all	western_diet_gut_anoxic_membership	Bacteroides_vulgatus	Eubacterium_rectale	M_sTn_antigen_e	0.0	0.0	0	0.0
all	western_diet_gut_anoxic_membership	Bacteroides_vulgatus	Eubacterium_rectale	M_salcn_e	0.0	0.0	0	0.0
all	western_diet_gut_anoxic_membership	Bacteroides_vulgatus	Eubacterium_rectale	M_sanilamide_e	0.0	0.0	0	0.0
all	western_diet_gut_anoxic_membership	Bacteroides_vulgatus	Eubacterium_rectale	M_ser_L_e	0.0	0.11	0	0.0
all	western_diet_gut_anoxic_membership	Bacteroides_vulgatus	Eubacterium_rectale	M_so4_e	0.0	1.0	0	0.0
all	western_diet_gut_anoxic_membership	Bacteroides_vulgatus	Eubacterium_rectale	M_spmd_e	0.0	0.0	0	0.0
all	western_diet_gut_anoxic_membership	Bacteroides_vulgatus	Eubacterium_rectale	M_ssz_e	0.0	0.0	0	0.0
all	western_diet_gut_anoxic_membership	Bacteroides_vulgatus	Eubacterium_rectale	M_strch2_e	0.0	0.0	1	0.0
all	western_diet_gut_anoxic_membership	Bacteroides_vulgatus	Eubacterium_rectale	M_stys_e	0.0	0.0	0	0.0
all	western_diet_gut_anoxic_membership	Bacteroides_vulgatus	Eubacterium_rectale	M_succ_e	0.0	0.07	0	0.0
all	western_diet_gut_anoxic_membership	Bacteroides_vulgatus	Eubacterium_rectale	M_sucr_e	0.0	0.0	0	0.0
all	western_diet_gut_anoxic_membership	Bacteroides_vulgatus	Eubacterium_rectale	M_sulfp_e	0.0	0.0	0	0.0
all	western_diet_gut_anoxic_membership	Bacteroides_vulgatus	Eubacterium_rectale	M_tab_e	0.0	0.0	0	0.0
all	western_diet_gut_anoxic_membership	Bacteroides_vulgatus	Eubacterium_rectale	M_trp_L_e	0.0	0.0	0	0.0
all	western_diet_gut_anoxic_membership	Bacteroides_vulgatus	Eubacterium_rectale	M_tsul_e	0.0	0.0	0	0.0
all	western_diet_gut_anoxic_membership	Bacteroides_vulgatus	Eubacterium_rectale	M_ttdca_e	0.0	0.0	0	0.0
all	western_diet_gut_anoxic_membership	Bacteroides_vulgatus	Eubacterium_rectale	M_urea_e	0.0	0.0	0	0.0
all	western_diet_gut_anoxic_membership	Bacteroides_vulgatus	Eubacterium_rectale	M_val_L_e	0.0	0.09	0	0.0
all	western_diet_gut_anoxic_membership	Bacteroides_vulgatus	Eubacterium_rectale	M_xan_e	0.0	0.0	0	0.0
all	western_diet_gut_anoxic_membership	Bacteroides_vulgatus	Eubacterium_rectale	M_xtsn_e	0.0	0.0	0	0.0
all	western_diet_gut_anoxic_membership	Bacteroides_vulgatus	Eubacterium_rectale	M_xyl_D_e	0.0	0.04	0	0.0
all	western_diet_gut_anoxic_membership	Bacteroides_vulgatus	Eubacterium_rectale	M_xylottr_e	0.0	0.0	0	0.0
all	western_diet_gut_anoxic_membership	Bacteroides_vulgatus	Eubacterium_rectale	M_zn2_e	0.0	1.0	0	0.0
all	western_diet_gut_anoxic_membership	Eubacterium_rectale	Prevotella_copri	M_12ppd_S_e	0.0	0.0	1	0.0
all	western_diet_gut_anoxic_membership	Eubacterium_rectale	Prevotella_copri	M_1hibup_S_e	0.0	0.0	0	0.0
all	western_diet_gut_anoxic_membership	Eubacterium_rectale	Prevotella_copri	M_1hibupglu_S_e	0.0	0.0	0	0.0
all	western_diet_gut_anoxic_membership	Eubacterium_rectale	Prevotella_copri	M_1hmdgluc_e	0.0	0.0	0	0.0
all	western_diet_gut_anoxic_membership	Eubacterium_rectale	Prevotella_copri	M_1ohmdz_e	0.0	0.0	0	0.0
all	western_diet_gut_anoxic_membership	Eubacterium_rectale	Prevotella_copri	M_26dap_M_e	0.0	0.0	0	0.0
all	western_diet_gut_anoxic_membership	Eubacterium_rectale	Prevotella_copri	M_2hatvacid_e	0.0	0.0	0	0.0
all	western_diet_gut_anoxic_membership	Eubacterium_rectale	Prevotella_copri	M_2hatvacidgluc_e	0.0	0.0	0	0.0
all	western_diet_gut_anoxic_membership	Eubacterium_rectale	Prevotella_copri	M_2hatvlac_e	0.0	0.0	0	0.0
all	western_diet_gut_anoxic_membership	Eubacterium_rectale	Prevotella_copri	M_2hatvlacgluc_e	0.0	0.0	0	0.0
all	western_diet_gut_anoxic_membership	Eubacterium_rectale	Prevotella_copri	M_2hibup_S_e	0.0	0.0	0	0.0
all	western_diet_gut_anoxic_membership	Eubacterium_rectale	Prevotella_copri	M_2hibupglu_S_e	0.0	0.0	0	0.0
all	western_diet_gut_anoxic_membership	Eubacterium_rectale	Prevotella_copri	M_2oh_cbz_e	0.0	0.0	0	0.0
all	western_diet_gut_anoxic_membership	Eubacterium_rectale	Prevotella_copri	M_2oh_cbz_glc_e	0.0	0.0	0	0.0
all	western_diet_gut_anoxic_membership	Eubacterium_rectale	Prevotella_copri	M_2oh_mtz_e	0.0	0.0	0	0.0
all	western_diet_gut_anoxic_membership	Eubacterium_rectale	Prevotella_copri	M_2oh_mtz_glc_e	0.0	0.0	0	0.0
all	western_diet_gut_anoxic_membership	Eubacterium_rectale	Prevotella_copri	M_3hibup_S_e	0.0	0.0	0	0.0
all	western_diet_gut_anoxic_membership	Eubacterium_rectale	Prevotella_copri	M_3hibupglu_S_e	0.0	0.0	0	0.0
all	western_diet_gut_anoxic_membership	Eubacterium_rectale	Prevotella_copri	M_3meacmp_e	0.0	0.0	0	0.0
all	western_diet_gut_anoxic_membership	Eubacterium_rectale	Prevotella_copri	M_3oh_cbz_e	0.0	0.0	0	0.0
all	western_diet_gut_anoxic_membership	Eubacterium_rectale	Prevotella_copri	M_3oh_cbz_glc_e	0.0	0.0	0	0.0
all	western_diet_gut_anoxic_membership	Eubacterium_rectale	Prevotella_copri	M_3oh_dlor_e	0.0	0.0	0	0.0
all	western_diet_gut_anoxic_membership	Eubacterium_rectale	Prevotella_copri	M_3oh_dlor_glc_e	0.0	0.0	0	0.0
all	western_diet_gut_anoxic_membership	Eubacterium_rectale	Prevotella_copri	M_3oh_mdea_e	0.0	0.0	0	0.0
all	western_diet_gut_anoxic_membership	Eubacterium_rectale	Prevotella_copri	M_3oh_mdea_glc_e	0.0	0.0	0	0.0
all	western_diet_gut_anoxic_membership	Eubacterium_rectale	Prevotella_copri	M_3oh_mxn_e	0.0	0.0	0	0.0
all	western_diet_gut_anoxic_membership	Eubacterium_rectale	Prevotella_copri	M_3oh_mxn_glc_e	0.0	0.0	0	0.0
all	western_diet_gut_anoxic_membership	Eubacterium_rectale	Prevotella_copri	M_4abut_e	0.0	0.0	0	0.0
all	western_diet_gut_anoxic_membership	Eubacterium_rectale	Prevotella_copri	M_4abz_e	0.0	0.0	0	0.0
all	western_diet_gut_anoxic_membership	Eubacterium_rectale	Prevotella_copri	M_4dh_tpno_1glc_e	0.0	0.0	0	0.0
all	western_diet_gut_anoxic_membership	Eubacterium_rectale	Prevotella_copri	M_4dh_tpno_e	0.0	0.0	0	0.0
all	western_diet_gut_anoxic_membership	Eubacterium_rectale	Prevotella_copri	M_4hmdgluc_e	0.0	0.0	0	0.0
all	western_diet_gut_anoxic_membership	Eubacterium_rectale	Prevotella_copri	M_4oh_dcf_e	0.0	0.0	0	0.0
all	western_diet_gut_anoxic_membership	Eubacterium_rectale	Prevotella_copri	M_4oh_dcf_glc_e	0.0	0.0	0	0.0
all	western_diet_gut_anoxic_membership	Eubacterium_rectale	Prevotella_copri	M_4oh_kp_e	0.0	0.0	0	0.0
all	western_diet_gut_anoxic_membership	Eubacterium_rectale	Prevotella_copri	M_4oh_kp_glc_e	0.0	0.0	0	0.0
all	western_diet_gut_anoxic_membership	Eubacterium_rectale	Prevotella_copri	M_4oh_levole_e	0.0	0.0	0	0.0
all	western_diet_gut_anoxic_membership	Eubacterium_rectale	Prevotella_copri	M_4oh_levole_glc_e	0.0	0.0	0	0.0
all	western_diet_gut_anoxic_membership	Eubacterium_rectale	Prevotella_copri	M_4oh_meth_e	0.0	0.0	0	0.0
all	western_diet_gut_anoxic_membership	Eubacterium_rectale	Prevotella_copri	M_4oh_meth_glc_e	0.0	0.0	0	0.0
all	western_diet_gut_anoxic_membership	Eubacterium_rectale	Prevotella_copri	M_4oh_propl_e	0.0	0.0	0	0.0
all	western_diet_gut_anoxic_membership	Eubacterium_rectale	Prevotella_copri	M_4oh_propl_glc_e	0.0	0.0	0	0.0
all	western_diet_gut_anoxic_membership	Eubacterium_rectale	Prevotella_copri	M_4oh_trz_e	0.0	0.0	0	0.0
all	western_diet_gut_anoxic_membership	Eubacterium_rectale	Prevotella_copri	M_4oh_trz_glc_e	0.0	0.0	0	0.0
all	western_diet_gut_anoxic_membership	Eubacterium_rectale	Prevotella_copri	M_4oh_vcz_e	0.0	0.0	0	0.0
all	western_diet_gut_anoxic_membership	Eubacterium_rectale	Prevotella_copri	M_4oh_vcz_glc_e	0.0	0.0	0	0.0
all	western_diet_gut_anoxic_membership	Eubacterium_rectale	Prevotella_copri	M_4ohmdz_e	0.0	0.0	0	0.0
all	western_diet_gut_anoxic_membership	Eubacterium_rectale	Prevotella_copri	M_5oh_sulfp_e	0.0	0.0	0	0.0
all	western_diet_gut_anoxic_membership	Eubacterium_rectale	Prevotella_copri	M_5oh_sulfp_glc_e	0.0	0.0	0	0.0
all	western_diet_gut_anoxic_membership	Eubacterium_rectale	Prevotella_copri	M_5ohfvs_e	0.0	0.0	0	0.0
all	western_diet_gut_anoxic_membership	Eubacterium_rectale	Prevotella_copri	M_5ohfvsglu_e	0.0	0.0	0	0.0
all	western_diet_gut_anoxic_membership	Eubacterium_rectale	Prevotella_copri	M_6bhglz_e	0.0	0.0	0	0.0
all	western_diet_gut_anoxic_membership	Eubacterium_rectale	Prevotella_copri	M_6bhglzglc_e	0.0	0.0	0	0.0
all	western_diet_gut_anoxic_membership	Eubacterium_rectale	Prevotella_copri	M_6ohfvs_e	0.0	0.0	0	0.0
all	western_diet_gut_anoxic_membership	Eubacterium_rectale	Prevotella_copri	M_6ohfvsglu_e	0.0	0.0	0	0.0
all	western_diet_gut_anoxic_membership	Eubacterium_rectale	Prevotella_copri	M_7a_czp_e	0.0	0.0	1	0.0
all	western_diet_gut_anoxic_membership	Eubacterium_rectale	Prevotella_copri	M_7bhglz_e	0.0	0.0	0	0.0
all	western_diet_gut_anoxic_membership	Eubacterium_rectale	Prevotella_copri	M_7bhglzglc_e	0.0	0.0	0	0.0
all	western_diet_gut_anoxic_membership	Eubacterium_rectale	Prevotella_copri	M_7oh_efv_e	0.0	0.0	0	0.0
all	western_diet_gut_anoxic_membership	Eubacterium_rectale	Prevotella_copri	M_7oh_efv_glc_e	0.0	0.0	0	0.0
all	western_diet_gut_anoxic_membership	Eubacterium_rectale	Prevotella_copri	M_814dioh_efv_e	0.0	0.0	0	0.0
all	western_diet_gut_anoxic_membership	Eubacterium_rectale	Prevotella_copri	M_814dioh_efv_glc_e	0.0	0.0	0	0.0
all	western_diet_gut_anoxic_membership	Eubacterium_rectale	Prevotella_copri	M_8oh_efv_e	0.0	0.0	0	0.0
all	western_diet_gut_anoxic_membership	Eubacterium_rectale	Prevotella_copri	M_8oh_efv_glc_e	0.0	0.0	0	0.0
all	western_diet_gut_anoxic_membership	Eubacterium_rectale	Prevotella_copri	M_N_oh_phtn_e	0.0	0.0	0	0.0
all	western_diet_gut_anoxic_membership	Eubacterium_rectale	Prevotella_copri	M_N_oh_phtn_glc_e	0.0	0.0	0	0.0
all	western_diet_gut_anoxic_membership	Eubacterium_rectale	Prevotella_copri	M_R_6oh_warf_e	0.0	0.0	0	0.0
all	western_diet_gut_anoxic_membership	Eubacterium_rectale	Prevotella_copri	M_R_6oh_warf_glc_e	0.0	0.0	0	0.0
all	western_diet_gut_anoxic_membership	Eubacterium_rectale	Prevotella_copri	M_R_7oh_warf_e	0.0	0.0	0	0.0
all	western_diet_gut_anoxic_membership	Eubacterium_rectale	Prevotella_copri	M_R_7oh_warf_glc_e	0.0	0.0	0	0.0
all	western_diet_gut_anoxic_membership	Eubacterium_rectale	Prevotella_copri	M_R_8oh_warf_e	0.0	0.0	0	0.0
all	western_diet_gut_anoxic_membership	Eubacterium_rectale	Prevotella_copri	M_R_8oh_warf_glc_e	0.0	0.0	0	0.0
all	western_diet_gut_anoxic_membership	Eubacterium_rectale	Prevotella_copri	M_S_4oh_warf_e	0.0	0.0	0	0.0
all	western_diet_gut_anoxic_membership	Eubacterium_rectale	Prevotella_copri	M_S_4oh_warf_glc_e	0.0	0.0	0	0.0
all	western_diet_gut_anoxic_membership	Eubacterium_rectale	Prevotella_copri	M_S_6oh_warf_e	0.0	0.0	0	0.0
all	western_diet_gut_anoxic_membership	Eubacterium_rectale	Prevotella_copri	M_S_6oh_warf_glc_e	0.0	0.0	0	0.0
all	western_diet_gut_anoxic_membership	Eubacterium_rectale	Prevotella_copri	M_ac_amn_b_gly_e	0.0	0.0	0	0.0
all	western_diet_gut_anoxic_membership	Eubacterium_rectale	Prevotella_copri	M_ac_amn_b_gly_glc_e	0.0	0.0	0	0.0
all	western_diet_gut_anoxic_membership	Eubacterium_rectale	Prevotella_copri	M_ac_e	0.0	0.0	0	0.0
all	western_diet_gut_anoxic_membership	Eubacterium_rectale	Prevotella_copri	M_acald_e	0.0	0.0	0	0.0
all	western_diet_gut_anoxic_membership	Eubacterium_rectale	Prevotella_copri	M_acgam_e	0.0	0.0	0	0.0
all	western_diet_gut_anoxic_membership	Eubacterium_rectale	Prevotella_copri	M_acmp_e	0.0	0.0	0	0.0
all	western_diet_gut_anoxic_membership	Eubacterium_rectale	Prevotella_copri	M_acmp_glc_e	0.0	0.0	0	0.0
all	western_diet_gut_anoxic_membership	Eubacterium_rectale	Prevotella_copri	M_acmpglu_e	0.0	0.0	0	0.0
all	western_diet_gut_anoxic_membership	Eubacterium_rectale	Prevotella_copri	M_ade_e	0.0	0.0	0	0.0
all	western_diet_gut_anoxic_membership	Eubacterium_rectale	Prevotella_copri	M_adocbl_e	0.0	0.0	0	0.0
all	western_diet_gut_anoxic_membership	Eubacterium_rectale	Prevotella_copri	M_ala_D_e	0.0	0.51	0	0.0
all	western_diet_gut_anoxic_membership	Eubacterium_rectale	Prevotella_copri	M_ala_L_e	0.0	0.49	0	0.0
all	western_diet_gut_anoxic_membership	Eubacterium_rectale	Prevotella_copri	M_alaasp_e	0.0	0.0	0	0.0
all	western_diet_gut_anoxic_membership	Eubacterium_rectale	Prevotella_copri	M_alagln_e	0.0	0.0	0	0.0
all	western_diet_gut_anoxic_membership	Eubacterium_rectale	Prevotella_copri	M_alaglu_e	0.0	0.0	0	0.0
all	western_diet_gut_anoxic_membership	Eubacterium_rectale	Prevotella_copri	M_alagly_e	0.0	0.0	0	0.0
all	western_diet_gut_anoxic_membership	Eubacterium_rectale	Prevotella_copri	M_alahis_e	0.0	0.0	0	0.0
all	western_diet_gut_anoxic_membership	Eubacterium_rectale	Prevotella_copri	M_alaleu_e	0.0	0.0	0	0.0
all	western_diet_gut_anoxic_membership	Eubacterium_rectale	Prevotella_copri	M_alathr_e	0.0	0.0	0	0.0
all	western_diet_gut_anoxic_membership	Eubacterium_rectale	Prevotella_copri	M_alpz_4oh_e	0.0	0.0	0	0.0
all	western_diet_gut_anoxic_membership	Eubacterium_rectale	Prevotella_copri	M_alpz_4oh_glc_e	0.0	0.0	0	0.0
all	western_diet_gut_anoxic_membership	Eubacterium_rectale	Prevotella_copri	M_alpz_aoh_e	0.0	0.0	0	0.0
all	western_diet_gut_anoxic_membership	Eubacterium_rectale	Prevotella_copri	M_alpz_aoh_glc_e	0.0	0.0	0	0.0
all	western_diet_gut_anoxic_membership	Eubacterium_rectale	Prevotella_copri	M_am14_e	0.0	0.0	0	0.0
all	western_diet_gut_anoxic_membership	Eubacterium_rectale	Prevotella_copri	M_am14_glc_e	0.0	0.0	0	0.0
all	western_diet_gut_anoxic_membership	Eubacterium_rectale	Prevotella_copri	M_am1ccs_e	0.0	0.0	0	0.0
all	western_diet_gut_anoxic_membership	Eubacterium_rectale	Prevotella_copri	M_am1cglc_e	0.0	0.0	0	0.0
all	western_diet_gut_anoxic_membership	Eubacterium_rectale	Prevotella_copri	M_am5_e	0.0	0.0	0	0.0
all	western_diet_gut_anoxic_membership	Eubacterium_rectale	Prevotella_copri	M_am5_glc_e	0.0	0.0	0	0.0
all	western_diet_gut_anoxic_membership	Eubacterium_rectale	Prevotella_copri	M_am6_e	0.0	0.0	0	0.0
all	western_diet_gut_anoxic_membership	Eubacterium_rectale	Prevotella_copri	M_am6_glc_e	0.0	0.0	0	0.0
all	western_diet_gut_anoxic_membership	Eubacterium_rectale	Prevotella_copri	M_amio_c_e	0.0	0.0	0	0.0
all	western_diet_gut_anoxic_membership	Eubacterium_rectale	Prevotella_copri	M_amio_c_glc_e	0.0	0.0	0	0.0
all	western_diet_gut_anoxic_membership	Eubacterium_rectale	Prevotella_copri	M_amio_e	0.0	0.0	0	0.0
all	western_diet_gut_anoxic_membership	Eubacterium_rectale	Prevotella_copri	M_amio_glc_e	0.0	0.0	0	0.0
all	western_diet_gut_anoxic_membership	Eubacterium_rectale	Prevotella_copri	M_amn_b_gly_e	0.0	0.0	0	0.0
all	western_diet_gut_anoxic_membership	Eubacterium_rectale	Prevotella_copri	M_amn_b_gly_glc_e	0.0	0.0	0	0.0
all	western_diet_gut_anoxic_membership	Eubacterium_rectale	Prevotella_copri	M_amntd_m6_e	0.0	0.0	0	0.0
all	western_diet_gut_anoxic_membership	Eubacterium_rectale	Prevotella_copri	M_amntd_m6_glc_e	0.0	0.0	0	0.0
all	western_diet_gut_anoxic_membership	Eubacterium_rectale	Prevotella_copri	M_amylopect900_e	0.0	0.0	0	0.0
all	western_diet_gut_anoxic_membership	Eubacterium_rectale	Prevotella_copri	M_amylose300_e	0.0	0.0	0	0.0
all	western_diet_gut_anoxic_membership	Eubacterium_rectale	Prevotella_copri	M_anzp_e	0.0	0.0	1	0.0
all	western_diet_gut_anoxic_membership	Eubacterium_rectale	Prevotella_copri	M_arab_L_e	0.0	0.06	0	0.0
all	western_diet_gut_anoxic_membership	Eubacterium_rectale	Prevotella_copri	M_arabttr_e	0.0	0.0	0	0.0
all	western_diet_gut_anoxic_membership	Eubacterium_rectale	Prevotella_copri	M_arbt_e	0.0	0.0	0	0.0
all	western_diet_gut_anoxic_membership	Eubacterium_rectale	Prevotella_copri	M_arg_L_e	0.0	0.0	0	0.0
all	western_diet_gut_anoxic_membership	Eubacterium_rectale	Prevotella_copri	M_arsenb_e	0.0	0.0	0	0.0
all	western_diet_gut_anoxic_membership	Eubacterium_rectale	Prevotella_copri	M_asn_L_e	0.0	0.0	0	0.0
all	western_diet_gut_anoxic_membership	Eubacterium_rectale	Prevotella_copri	M_asp_L_e	0.0	0.12	0	0.0
all	western_diet_gut_anoxic_membership	Eubacterium_rectale	Prevotella_copri	M_atvacid_e	0.0	0.0	0	0.0
all	western_diet_gut_anoxic_membership	Eubacterium_rectale	Prevotella_copri	M_atvacylgluc_e	0.0	0.0	0	0.0
all	western_diet_gut_anoxic_membership	Eubacterium_rectale	Prevotella_copri	M_atvethgluc_e	0.0	0.0	0	0.0
all	western_diet_gut_anoxic_membership	Eubacterium_rectale	Prevotella_copri	M_atvlac_e	0.0	0.0	0	0.0
all	western_diet_gut_anoxic_membership	Eubacterium_rectale	Prevotella_copri	M_atvlacgluc_e	0.0	0.0	0	0.0
all	western_diet_gut_anoxic_membership	Eubacterium_rectale	Prevotella_copri	M_bhpm_e	0.0	0.0	0	0.0
all	western_diet_gut_anoxic_membership	Eubacterium_rectale	Prevotella_copri	M_bhpm_glc_e	0.0	0.0	0	0.0
all	western_diet_gut_anoxic_membership	Eubacterium_rectale	Prevotella_copri	M_bilr_355_e	0.0	0.0	0	0.0
all	western_diet_gut_anoxic_membership	Eubacterium_rectale	Prevotella_copri	M_bilr_M10_e	0.0	0.0	0	0.0
all	western_diet_gut_anoxic_membership	Eubacterium_rectale	Prevotella_copri	M_bilr_M12_e	0.0	0.0	0	0.0
all	western_diet_gut_anoxic_membership	Eubacterium_rectale	Prevotella_copri	M_bilr_M14_e	0.0	0.0	0	0.0
all	western_diet_gut_anoxic_membership	Eubacterium_rectale	Prevotella_copri	M_bilr_M15_e	0.0	0.0	0	0.0
all	western_diet_gut_anoxic_membership	Eubacterium_rectale	Prevotella_copri	M_bilr_M16_e	0.0	0.0	0	0.0
all	western_diet_gut_anoxic_membership	Eubacterium_rectale	Prevotella_copri	M_bilr_M7_e	0.0	0.0	0	0.0
all	western_diet_gut_anoxic_membership	Eubacterium_rectale	Prevotella_copri	M_brv_e	0.0	0.0	0	0.0
all	western_diet_gut_anoxic_membership	Eubacterium_rectale	Prevotella_copri	M_bsn_e	0.0	0.0	0	0.0
all	western_diet_gut_anoxic_membership	Eubacterium_rectale	Prevotella_copri	M_bsn_glc_e	0.0	0.0	0	0.0
all	western_diet_gut_anoxic_membership	Eubacterium_rectale	Prevotella_copri	M_btn_e	0.0	0.0	0	0.0
all	western_diet_gut_anoxic_membership	Eubacterium_rectale	Prevotella_copri	M_but_e	0.0	0.0	0	0.0
all	western_diet_gut_anoxic_membership	Eubacterium_rectale	Prevotella_copri	M_bvu_e	0.0	0.0	0	0.0
all	western_diet_gut_anoxic_membership	Eubacterium_rectale	Prevotella_copri	M_bz_e	0.0	0.0	0	0.0
all	western_diet_gut_anoxic_membership	Eubacterium_rectale	Prevotella_copri	M_bz_glc_e	0.0	0.0	0	0.0
all	western_diet_gut_anoxic_membership	Eubacterium_rectale	Prevotella_copri	M_ca2_e	0.0	1.0	0	0.0
all	western_diet_gut_anoxic_membership	Eubacterium_rectale	Prevotella_copri	M_caribup_s_e	0.0	0.0	0	0.0
all	western_diet_gut_anoxic_membership	Eubacterium_rectale	Prevotella_copri	M_caribupglu_S_e	0.0	0.0	0	0.0
all	western_diet_gut_anoxic_membership	Eubacterium_rectale	Prevotella_copri	M_cbl1_e	0.0	0.0	0	0.0
all	western_diet_gut_anoxic_membership	Eubacterium_rectale	Prevotella_copri	M_cbl2_e	0.0	0.0	0	0.0
all	western_diet_gut_anoxic_membership	Eubacterium_rectale	Prevotella_copri	M_cbz_e	0.0	0.0	0	0.0
all	western_diet_gut_anoxic_membership	Eubacterium_rectale	Prevotella_copri	M_cbz_glc_e	0.0	0.0	0	0.0
all	western_diet_gut_anoxic_membership	Eubacterium_rectale	Prevotella_copri	M_cd2_e	0.0	0.0	0	0.0
all	western_diet_gut_anoxic_membership	Eubacterium_rectale	Prevotella_copri	M_cd6168_e	0.0	0.0	0	0.0
all	western_diet_gut_anoxic_membership	Eubacterium_rectale	Prevotella_copri	M_cd6168_glc_e	0.0	0.0	0	0.0
all	western_diet_gut_anoxic_membership	Eubacterium_rectale	Prevotella_copri	M_cellb_e	0.0	0.0	0	0.0
all	western_diet_gut_anoxic_membership	Eubacterium_rectale	Prevotella_copri	M_cgly_e	0.0	0.27	0	0.0
all	western_diet_gut_anoxic_membership	Eubacterium_rectale	Prevotella_copri	M_chlphncl_e	0.0	0.0	1	0.0
all	western_diet_gut_anoxic_membership	Eubacterium_rectale	Prevotella_copri	M_chlphncl_glc_e	0.0	0.0	0	0.0
all	western_diet_gut_anoxic_membership	Eubacterium_rectale	Prevotella_copri	M_cl_e	0.0	1.0	0	0.0
all	western_diet_gut_anoxic_membership	Eubacterium_rectale	Prevotella_copri	M_clcxb_c_e	0.0	0.0	0	0.0
all	western_diet_gut_anoxic_membership	Eubacterium_rectale	Prevotella_copri	M_clcxb_c_glc_e	0.0	0.0	0	0.0
all	western_diet_gut_anoxic_membership	Eubacterium_rectale	Prevotella_copri	M_clcxb_e	0.0	0.0	0	0.0
all	western_diet_gut_anoxic_membership	Eubacterium_rectale	Prevotella_copri	M_clcxb_glc_e	0.0	0.0	0	0.0
all	western_diet_gut_anoxic_membership	Eubacterium_rectale	Prevotella_copri	M_clobi_c_e	0.0	0.0	0	0.0
all	western_diet_gut_anoxic_membership	Eubacterium_rectale	Prevotella_copri	M_clobi_glc_e	0.0	0.0	0	0.0
all	western_diet_gut_anoxic_membership	Eubacterium_rectale	Prevotella_copri	M_co2_e	0.0	0.0	1	0.0
all	western_diet_gut_anoxic_membership	Eubacterium_rectale	Prevotella_copri	M_cobalt2_e	0.0	1.0	0	0.0
all	western_diet_gut_anoxic_membership	Eubacterium_rectale	Prevotella_copri	M_cro4_e	0.0	0.0	0	0.0
all	western_diet_gut_anoxic_membership	Eubacterium_rectale	Prevotella_copri	M_crvsm1_e	0.0	0.0	0	0.0
all	western_diet_gut_anoxic_membership	Eubacterium_rectale	Prevotella_copri	M_crvsm23_e	0.0	0.0	0	0.0
all	western_diet_gut_anoxic_membership	Eubacterium_rectale	Prevotella_copri	M_cu2_e	0.0	1.0	0	0.0
all	western_diet_gut_anoxic_membership	Eubacterium_rectale	Prevotella_copri	M_cvm1gluc_e	0.0	0.0	0	0.0
all	western_diet_gut_anoxic_membership	Eubacterium_rectale	Prevotella_copri	M_cvm23gluc_e	0.0	0.0	0	0.0
all	western_diet_gut_anoxic_membership	Eubacterium_rectale	Prevotella_copri	M_cys_L_e	0.0	0.73	0	0.0
all	western_diet_gut_anoxic_membership	Eubacterium_rectale	Prevotella_copri	M_czp_e	0.0	0.0	1	0.0
all	western_diet_gut_anoxic_membership	Eubacterium_rectale	Prevotella_copri	M_daa_e	0.0	0.0	0	0.0
all	western_diet_gut_anoxic_membership	Eubacterium_rectale	Prevotella_copri	M_daa_glc_e	0.0	0.0	0	0.0
all	western_diet_gut_anoxic_membership	Eubacterium_rectale	Prevotella_copri	M_dcf_e	0.0	0.0	0	0.0
all	western_diet_gut_anoxic_membership	Eubacterium_rectale	Prevotella_copri	M_dcf_glc_e	0.0	0.0	0	0.0
all	western_diet_gut_anoxic_membership	Eubacterium_rectale	Prevotella_copri	M_ddca_e	0.0	0.0	0	0.0
all	western_diet_gut_anoxic_membership	Eubacterium_rectale	Prevotella_copri	M_ddea_e	0.0	0.0	0	0.0
all	western_diet_gut_anoxic_membership	Eubacterium_rectale	Prevotella_copri	M_ddea_glc_e	0.0	0.0	0	0.0
all	western_diet_gut_anoxic_membership	Eubacterium_rectale	Prevotella_copri	M_des_astzl_e	0.0	0.0	0	0.0
all	western_diet_gut_anoxic_membership	Eubacterium_rectale	Prevotella_copri	M_des_astzl_glc_e	0.0	0.0	0	0.0
all	western_diet_gut_anoxic_membership	Eubacterium_rectale	Prevotella_copri	M_dfdcytd_e	0.0	0.0	0	0.0
all	western_diet_gut_anoxic_membership	Eubacterium_rectale	Prevotella_copri	M_dfduri_e	0.0	0.0	0	0.0
all	western_diet_gut_anoxic_membership	Eubacterium_rectale	Prevotella_copri	M_digoxin_e	0.0	0.0	0	0.0
all	western_diet_gut_anoxic_membership	Eubacterium_rectale	Prevotella_copri	M_digoxin_glc_e	0.0	0.0	0	0.0
all	western_diet_gut_anoxic_membership	Eubacterium_rectale	Prevotella_copri	M_din_e	0.0	0.0	0	0.0
all	western_diet_gut_anoxic_membership	Eubacterium_rectale	Prevotella_copri	M_dlb_e	0.0	0.0	0	0.0
all	western_diet_gut_anoxic_membership	Eubacterium_rectale	Prevotella_copri	M_dlb_glc_e	0.0	0.0	0	0.0
all	western_diet_gut_anoxic_membership	Eubacterium_rectale	Prevotella_copri	M_dnpz_5des_e	0.0	0.0	0	0.0
all	western_diet_gut_anoxic_membership	Eubacterium_rectale	Prevotella_copri	M_dnpz_6des_e	0.0	0.0	0	0.0
all	western_diet_gut_anoxic_membership	Eubacterium_rectale	Prevotella_copri	M_dnpz_m11_e	0.0	0.0	0	0.0
all	western_diet_gut_anoxic_membership	Eubacterium_rectale	Prevotella_copri	M_dnpz_m12_e	0.0	0.0	0	0.0
all	western_diet_gut_anoxic_membership	Eubacterium_rectale	Prevotella_copri	M_dnpz_m13_e	0.0	0.0	0	0.0
all	western_diet_gut_anoxic_membership	Eubacterium_rectale	Prevotella_copri	M_dnpz_m14_e	0.0	0.0	0	0.0
all	western_diet_gut_anoxic_membership	Eubacterium_rectale	Prevotella_copri	M_dnpz_m9_e	0.0	0.0	0	0.0
all	western_diet_gut_anoxic_membership	Eubacterium_rectale	Prevotella_copri	M_doh_etr_e	0.0	0.0	0	0.0
all	western_diet_gut_anoxic_membership	Eubacterium_rectale	Prevotella_copri	M_doh_etr_glc_e	0.0	0.0	0	0.0
all	western_diet_gut_anoxic_membership	Eubacterium_rectale	Prevotella_copri	M_doh_vcz_e	0.0	0.0	0	0.0
all	western_diet_gut_anoxic_membership	Eubacterium_rectale	Prevotella_copri	M_doh_vcz_glc_e	0.0	0.0	0	0.0
all	western_diet_gut_anoxic_membership	Eubacterium_rectale	Prevotella_copri	M_drib_e	0.0	0.0	0	0.0
all	western_diet_gut_anoxic_membership	Eubacterium_rectale	Prevotella_copri	M_duri_e	0.0	0.0	0	0.0
all	western_diet_gut_anoxic_membership	Eubacterium_rectale	Prevotella_copri	M_dxo_e	0.0	0.0	0	0.0
all	western_diet_gut_anoxic_membership	Eubacterium_rectale	Prevotella_copri	M_dxo_glc_e	0.0	0.0	0	0.0
all	western_diet_gut_anoxic_membership	Eubacterium_rectale	Prevotella_copri	M_efv_e	0.0	0.0	0	0.0
all	western_diet_gut_anoxic_membership	Eubacterium_rectale	Prevotella_copri	M_efv_glc_e	0.0	0.0	0	0.0
all	western_diet_gut_anoxic_membership	Eubacterium_rectale	Prevotella_copri	M_eltr_e	0.0	0.0	0	0.0
all	western_diet_gut_anoxic_membership	Eubacterium_rectale	Prevotella_copri	M_eltr_glc_e	0.0	0.0	0	0.0
all	western_diet_gut_anoxic_membership	Eubacterium_rectale	Prevotella_copri	M_eltr_m3_e	0.0	0.0	0	0.0
all	western_diet_gut_anoxic_membership	Eubacterium_rectale	Prevotella_copri	M_eltr_m4_e	0.0	0.0	0	0.0
all	western_diet_gut_anoxic_membership	Eubacterium_rectale	Prevotella_copri	M_estradiol_e	0.0	0.0	0	0.0
all	western_diet_gut_anoxic_membership	Eubacterium_rectale	Prevotella_copri	M_estradiolglc_e	0.0	0.0	0	0.0
all	western_diet_gut_anoxic_membership	Eubacterium_rectale	Prevotella_copri	M_estriol_e	0.0	0.0	0	0.0
all	western_diet_gut_anoxic_membership	Eubacterium_rectale	Prevotella_copri	M_estriolglc_e	0.0	0.0	0	0.0
all	western_diet_gut_anoxic_membership	Eubacterium_rectale	Prevotella_copri	M_estrone_e	0.0	0.0	0	0.0
all	western_diet_gut_anoxic_membership	Eubacterium_rectale	Prevotella_copri	M_estroneglc_e	0.0	0.0	0	0.0
all	western_diet_gut_anoxic_membership	Eubacterium_rectale	Prevotella_copri	M_eztmb_e	0.0	0.0	0	0.0
all	western_diet_gut_anoxic_membership	Eubacterium_rectale	Prevotella_copri	M_eztmb_glc_e	0.0	0.0	0	0.0
all	western_diet_gut_anoxic_membership	Eubacterium_rectale	Prevotella_copri	M_fe2_e	0.0	1.0	0	0.0
all	western_diet_gut_anoxic_membership	Eubacterium_rectale	Prevotella_copri	M_fe3_e	0.0	1.0	0	0.0
all	western_diet_gut_anoxic_membership	Eubacterium_rectale	Prevotella_copri	M_fol_e	0.0	1.0	0	0.0
all	western_diet_gut_anoxic_membership	Eubacterium_rectale	Prevotella_copri	M_for_e	0.0	0.0	0	0.0
all	western_diet_gut_anoxic_membership	Eubacterium_rectale	Prevotella_copri	M_fru_e	0.0	0.02	0	0.0
all	western_diet_gut_anoxic_membership	Eubacterium_rectale	Prevotella_copri	M_fum_e	0.0	0.14	0	0.0
all	western_diet_gut_anoxic_membership	Eubacterium_rectale	Prevotella_copri	M_fvs_e	0.0	0.0	0	0.0
all	western_diet_gut_anoxic_membership	Eubacterium_rectale	Prevotella_copri	M_fvsgluc_e	0.0	0.0	0	0.0
all	western_diet_gut_anoxic_membership	Eubacterium_rectale	Prevotella_copri	M_fvstet_e	0.0	0.0	0	0.0
all	western_diet_gut_anoxic_membership	Eubacterium_rectale	Prevotella_copri	M_fvstetglu_e	0.0	0.0	0	0.0
all	western_diet_gut_anoxic_membership	Eubacterium_rectale	Prevotella_copri	M_gal_e	0.0	0.02	0	0.0
all	western_diet_gut_anoxic_membership	Eubacterium_rectale	Prevotella_copri	M_galt_e	0.0	0.0	0	0.0
all	western_diet_gut_anoxic_membership	Eubacterium_rectale	Prevotella_copri	M_galur_e	0.0	0.0	0	0.0
all	western_diet_gut_anoxic_membership	Eubacterium_rectale	Prevotella_copri	M_gam_e	0.0	0.02	0	0.0
all	western_diet_gut_anoxic_membership	Eubacterium_rectale	Prevotella_copri	M_glc3meacp_e	0.0	0.0	0	0.0
all	western_diet_gut_anoxic_membership	Eubacterium_rectale	Prevotella_copri	M_glc_D_e	0.0	0.02	0	0.0
all	western_diet_gut_anoxic_membership	Eubacterium_rectale	Prevotella_copri	M_glcur_e	0.0	0.0	0	0.0
all	western_diet_gut_anoxic_membership	Eubacterium_rectale	Prevotella_copri	M_gln_L_e	0.0	0.02	0	0.0
all	western_diet_gut_anoxic_membership	Eubacterium_rectale	Prevotella_copri	M_gltmn_e	0.0	0.0	0	0.0
all	western_diet_gut_anoxic_membership	Eubacterium_rectale	Prevotella_copri	M_gltmn_glc_e	0.0	0.0	0	0.0
all	western_diet_gut_anoxic_membership	Eubacterium_rectale	Prevotella_copri	M_glu_L_e	0.0	0.08	0	0.0
all	western_diet_gut_anoxic_membership	Eubacterium_rectale	Prevotella_copri	M_gly_e	0.0	0.06	0	0.0
all	western_diet_gut_anoxic_membership	Eubacterium_rectale	Prevotella_copri	M_glyasn_e	0.0	0.0	0	0.0
all	western_diet_gut_anoxic_membership	Eubacterium_rectale	Prevotella_copri	M_glyasp_e	0.0	0.02	0	0.0
all	western_diet_gut_anoxic_membership	Eubacterium_rectale	Prevotella_copri	M_glyb_e	0.0	0.0	0	0.0
all	western_diet_gut_anoxic_membership	Eubacterium_rectale	Prevotella_copri	M_glyc3p_e	0.0	0.14	0	0.0
all	western_diet_gut_anoxic_membership	Eubacterium_rectale	Prevotella_copri	M_glycys_e	0.0	0.0	0	0.0
all	western_diet_gut_anoxic_membership	Eubacterium_rectale	Prevotella_copri	M_glygln_e	0.0	0.0	0	0.0
all	western_diet_gut_anoxic_membership	Eubacterium_rectale	Prevotella_copri	M_glyglu_e	0.0	0.0	0	0.0
all	western_diet_gut_anoxic_membership	Eubacterium_rectale	Prevotella_copri	M_glyleu_e	0.0	0.27	0	0.0
all	western_diet_gut_anoxic_membership	Eubacterium_rectale	Prevotella_copri	M_glymet_e	0.0	0.0	0	0.0
all	western_diet_gut_anoxic_membership	Eubacterium_rectale	Prevotella_copri	M_glyphe_e	0.0	0.0	0	0.0
all	western_diet_gut_anoxic_membership	Eubacterium_rectale	Prevotella_copri	M_glypro_e	0.0	0.0	0	0.0
all	western_diet_gut_anoxic_membership	Eubacterium_rectale	Prevotella_copri	M_glytyr_e	0.0	0.0	0	0.0
all	western_diet_gut_anoxic_membership	Eubacterium_rectale	Prevotella_copri	M_gmfl_e	0.0	0.0	0	0.0
all	western_diet_gut_anoxic_membership	Eubacterium_rectale	Prevotella_copri	M_gmfl_glc_e	0.0	0.0	0	0.0
all	western_diet_gut_anoxic_membership	Eubacterium_rectale	Prevotella_copri	M_gmfl_mIII_e	0.0	0.0	0	0.0
all	western_diet_gut_anoxic_membership	Eubacterium_rectale	Prevotella_copri	M_gmfl_mIII_glc_e	0.0	0.0	0	0.0
all	western_diet_gut_anoxic_membership	Eubacterium_rectale	Prevotella_copri	M_gmfl_mII_e	0.0	0.0	0	0.0
all	western_diet_gut_anoxic_membership	Eubacterium_rectale	Prevotella_copri	M_gmfl_mII_glc_e	0.0	0.0	0	0.0
all	western_diet_gut_anoxic_membership	Eubacterium_rectale	Prevotella_copri	M_gmfl_mI_e	0.0	0.0	0	0.0
all	western_diet_gut_anoxic_membership	Eubacterium_rectale	Prevotella_copri	M_gmfl_mI_glc_e	0.0	0.0	0	0.0
all	western_diet_gut_anoxic_membership	Eubacterium_rectale	Prevotella_copri	M_gtacmp_e	0.0	0.0	0	0.0
all	western_diet_gut_anoxic_membership	Eubacterium_rectale	Prevotella_copri	M_gua_e	0.0	0.0	0	0.0
all	western_diet_gut_anoxic_membership	Eubacterium_rectale	Prevotella_copri	M_h2_e	0.0	0.0	0	0.0
all	western_diet_gut_anoxic_membership	Eubacterium_rectale	Prevotella_copri	M_h2o_e	0.0	0.12	0	0.0
all	western_diet_gut_anoxic_membership	Eubacterium_rectale	Prevotella_copri	M_h_e	0.0	0.2	0	0.0
all	western_diet_gut_anoxic_membership	Eubacterium_rectale	Prevotella_copri	M_hg2_e	0.0	0.0	0	0.0
all	western_diet_gut_anoxic_membership	Eubacterium_rectale	Prevotella_copri	M_his_L_e	0.0	0.0	0	0.0
all	western_diet_gut_anoxic_membership	Eubacterium_rectale	Prevotella_copri	M_hst_37_diglc_e	0.0	0.0	0	0.0
all	western_diet_gut_anoxic_membership	Eubacterium_rectale	Prevotella_copri	M_hst_3_glc_e	0.0	0.0	0	0.0
all	western_diet_gut_anoxic_membership	Eubacterium_rectale	Prevotella_copri	M_hst_3_s_e	0.0	0.0	0	0.0
all	western_diet_gut_anoxic_membership	Eubacterium_rectale	Prevotella_copri	M_hst_3glc_7s_e	0.0	0.0	0	0.0
all	western_diet_gut_anoxic_membership	Eubacterium_rectale	Prevotella_copri	M_hst_7_glc_e	0.0	0.0	0	0.0
all	western_diet_gut_anoxic_membership	Eubacterium_rectale	Prevotella_copri	M_hst_7_s_e	0.0	0.0	0	0.0
all	western_diet_gut_anoxic_membership	Eubacterium_rectale	Prevotella_copri	M_hst_7glc_3s_e	0.0	0.0	0	0.0
all	western_diet_gut_anoxic_membership	Eubacterium_rectale	Prevotella_copri	M_hst_e	0.0	0.0	0	0.0
all	western_diet_gut_anoxic_membership	Eubacterium_rectale	Prevotella_copri	M_hxan_e	0.0	0.0	0	0.0
all	western_diet_gut_anoxic_membership	Eubacterium_rectale	Prevotella_copri	M_ibup_S_e	0.0	0.0	0	0.0
all	western_diet_gut_anoxic_membership	Eubacterium_rectale	Prevotella_copri	M_ibupgluc_e	0.0	0.0	0	0.0
all	western_diet_gut_anoxic_membership	Eubacterium_rectale	Prevotella_copri	M_ile_L_e	0.0	0.0	0	0.0
all	western_diet_gut_anoxic_membership	Eubacterium_rectale	Prevotella_copri	M_imn_e	0.0	0.0	0	0.0
all	western_diet_gut_anoxic_membership	Eubacterium_rectale	Prevotella_copri	M_imn_glc_e	0.0	0.0	0	0.0
all	western_diet_gut_anoxic_membership	Eubacterium_rectale	Prevotella_copri	M_ins_e	0.0	0.0	1	0.0
all	western_diet_gut_anoxic_membership	Eubacterium_rectale	Prevotella_copri	M_inulin_e	0.0	0.0	0	0.0
all	western_diet_gut_anoxic_membership	Eubacterium_rectale	Prevotella_copri	M_inv_e	0.0	0.0	0	0.0
all	western_diet_gut_anoxic_membership	Eubacterium_rectale	Prevotella_copri	M_inv_m1_e	0.0	0.0	0	0.0
all	western_diet_gut_anoxic_membership	Eubacterium_rectale	Prevotella_copri	M_isosorbide_5mn_e	0.0	0.0	0	0.0
all	western_diet_gut_anoxic_membership	Eubacterium_rectale	Prevotella_copri	M_isosorbide_5mn_glc_e	0.0	0.0	0	0.0
all	western_diet_gut_anoxic_membership	Eubacterium_rectale	Prevotella_copri	M_k_e	0.0	1.0	0	0.0
all	western_diet_gut_anoxic_membership	Eubacterium_rectale	Prevotella_copri	M_kprofen_e	0.0	0.0	0	0.0
all	western_diet_gut_anoxic_membership	Eubacterium_rectale	Prevotella_copri	M_kprofen_glc_e	0.0	0.0	0	0.0
all	western_diet_gut_anoxic_membership	Eubacterium_rectale	Prevotella_copri	M_lac_D_e	0.0	0.16	0	0.0
all	western_diet_gut_anoxic_membership	Eubacterium_rectale	Prevotella_copri	M_lac_L_e	0.0	0.14	0	0.0
all	western_diet_gut_anoxic_membership	Eubacterium_rectale	Prevotella_copri	M_lactl_e	0.0	0.0	0	0.0
all	western_diet_gut_anoxic_membership	Eubacterium_rectale	Prevotella_copri	M_lcts_e	0.0	0.0	0	0.0
all	western_diet_gut_anoxic_membership	Eubacterium_rectale	Prevotella_copri	M_leu_L_e	0.0	0.73	0	0.0
all	western_diet_gut_anoxic_membership	Eubacterium_rectale	Prevotella_copri	M_lst4exp_e	0.0	0.0	0	0.0
all	western_diet_gut_anoxic_membership	Eubacterium_rectale	Prevotella_copri	M_lstn1gluc_e	0.0	0.0	0	0.0
all	western_diet_gut_anoxic_membership	Eubacterium_rectale	Prevotella_copri	M_lstn_e	0.0	0.0	0	0.0
all	western_diet_gut_anoxic_membership	Eubacterium_rectale	Prevotella_copri	M_lstnm4_e	0.0	0.0	0	0.0
all	western_diet_gut_anoxic_membership	Eubacterium_rectale	Prevotella_copri	M_lstnm7_e	0.0	0.0	0	0.0
all	western_diet_gut_anoxic_membership	Eubacterium_rectale	Prevotella_copri	M_lys_L_e	0.0	0.0	0	0.0
all	western_diet_gut_anoxic_membership	Eubacterium_rectale	Prevotella_copri	M_malt_e	0.0	0.0	0	0.0
all	western_diet_gut_anoxic_membership	Eubacterium_rectale	Prevotella_copri	M_malthx_e	0.0	0.0	0	0.0
all	western_diet_gut_anoxic_membership	Eubacterium_rectale	Prevotella_copri	M_malttr_e	0.0	0.0	0	0.0
all	western_diet_gut_anoxic_membership	Eubacterium_rectale	Prevotella_copri	M_man_e	0.0	0.02	0	0.0
all	western_diet_gut_anoxic_membership	Eubacterium_rectale	Prevotella_copri	M_mantr_e	0.0	0.0	0	0.0
all	western_diet_gut_anoxic_membership	Eubacterium_rectale	Prevotella_copri	M_mdz_e	0.0	0.0	0	0.0
all	western_diet_gut_anoxic_membership	Eubacterium_rectale	Prevotella_copri	M_mdz_glc_e	0.0	0.0	0	0.0
all	western_diet_gut_anoxic_membership	Eubacterium_rectale	Prevotella_copri	M_mdzglc_e	0.0	0.0	0	0.0
all	western_diet_gut_anoxic_membership	Eubacterium_rectale	Prevotella_copri	M_melib_e	0.0	0.0	0	0.0
all	western_diet_gut_anoxic_membership	Eubacterium_rectale	Prevotella_copri	M_met_L_e	0.0	1.0	0	0.0
all	western_diet_gut_anoxic_membership	Eubacterium_rectale	Prevotella_copri	M_metala_e	0.0	0.0	0	0.0
all	western_diet_gut_anoxic_membership	Eubacterium_rectale	Prevotella_copri	M_mg2_e	0.0	1.0	0	0.0
all	western_diet_gut_anoxic_membership	Eubacterium_rectale	Prevotella_copri	M_miso_e	0.0	0.0	0	0.0
all	western_diet_gut_anoxic_membership	Eubacterium_rectale	Prevotella_copri	M_miso_glc_e	0.0	0.0	0	0.0
all	western_diet_gut_anoxic_membership	Eubacterium_rectale	Prevotella_copri	M_mn2_e	0.0	1.0	0	0.0
all	western_diet_gut_anoxic_membership	Eubacterium_rectale	Prevotella_copri	M_mnl_e	0.0	0.0	0	0.0
all	western_diet_gut_anoxic_membership	Eubacterium_rectale	Prevotella_copri	M_mqn7_e	0.0	0.0	0	0.0
all	western_diet_gut_anoxic_membership	Eubacterium_rectale	Prevotella_copri	M_mrphn_3glc_e	0.0	0.0	0	0.0
all	western_diet_gut_anoxic_membership	Eubacterium_rectale	Prevotella_copri	M_mrphn_6glc_e	0.0	0.0	0	0.0
all	western_diet_gut_anoxic_membership	Eubacterium_rectale	Prevotella_copri	M_mrphn_e	0.0	0.0	0	0.0
all	western_diet_gut_anoxic_membership	Eubacterium_rectale	Prevotella_copri	M_mtz_e	0.0	0.0	0	0.0
all	western_diet_gut_anoxic_membership	Eubacterium_rectale	Prevotella_copri	M_mtz_glc_e	0.0	0.0	0	0.0
all	western_diet_gut_anoxic_membership	Eubacterium_rectale	Prevotella_copri	M_na1_e	0.0	0.0	0	0.0
all	western_diet_gut_anoxic_membership	Eubacterium_rectale	Prevotella_copri	M_nac_e	0.0	0.0	0	0.0
all	western_diet_gut_anoxic_membership	Eubacterium_rectale	Prevotella_copri	M_nchlphncl_e	0.0	0.0	1	0.0
all	western_diet_gut_anoxic_membership	Eubacterium_rectale	Prevotella_copri	M_nh4_e	0.0	0.28	1	0.0
all	western_diet_gut_anoxic_membership	Eubacterium_rectale	Prevotella_copri	M_nsldp_m5_e	0.0	0.0	0	0.0
all	western_diet_gut_anoxic_membership	Eubacterium_rectale	Prevotella_copri	M_nsldp_m5_glc_e	0.0	0.0	0	0.0
all	western_diet_gut_anoxic_membership	Eubacterium_rectale	Prevotella_copri	M_nverp_e	0.0	0.0	0	0.0
all	western_diet_gut_anoxic_membership	Eubacterium_rectale	Prevotella_copri	M_nverp_glc_e	0.0	0.0	0	0.0
all	western_diet_gut_anoxic_membership	Eubacterium_rectale	Prevotella_copri	M_nzp_e	0.0	0.0	1	0.0
all	western_diet_gut_anoxic_membership	Eubacterium_rectale	Prevotella_copri	M_o2_e	0.0	0.0	1	0.0
all	western_diet_gut_anoxic_membership	Eubacterium_rectale	Prevotella_copri	M_ocdca_e	0.0	0.0	0	0.0
all	western_diet_gut_anoxic_membership	Eubacterium_rectale	Prevotella_copri	M_odsm_egltmn_e	0.0	0.0	0	0.0
all	western_diet_gut_anoxic_membership	Eubacterium_rectale	Prevotella_copri	M_odsm_egltmn_glc_e	0.0	0.0	0	0.0
all	western_diet_gut_anoxic_membership	Eubacterium_rectale	Prevotella_copri	M_odsm_gltmn_e	0.0	0.0	0	0.0
all	western_diet_gut_anoxic_membership	Eubacterium_rectale	Prevotella_copri	M_odsm_gltmn_glc_e	0.0	0.0	0	0.0
all	western_diet_gut_anoxic_membership	Eubacterium_rectale	Prevotella_copri	M_oh_etr_e	0.0	0.0	0	0.0
all	western_diet_gut_anoxic_membership	Eubacterium_rectale	Prevotella_copri	M_oh_etr_glc_e	0.0	0.0	0	0.0
all	western_diet_gut_anoxic_membership	Eubacterium_rectale	Prevotella_copri	M_oh_pbl_e	0.0	0.0	0	0.0
all	western_diet_gut_anoxic_membership	Eubacterium_rectale	Prevotella_copri	M_oh_pbl_glc_e	0.0	0.0	0	0.0
all	western_diet_gut_anoxic_membership	Eubacterium_rectale	Prevotella_copri	M_orn_e	0.0	0.0	0	0.0
all	western_diet_gut_anoxic_membership	Eubacterium_rectale	Prevotella_copri	M_pb_e	0.0	0.0	0	0.0
all	western_diet_gut_anoxic_membership	Eubacterium_rectale	Prevotella_copri	M_phe_L_e	0.0	1.0	0	0.0
all	western_diet_gut_anoxic_membership	Eubacterium_rectale	Prevotella_copri	M_pheme_e	0.0	0.0	0	0.0
all	western_diet_gut_anoxic_membership	Eubacterium_rectale	Prevotella_copri	M_phppa_e	0.0	0.0	0	0.0
all	western_diet_gut_anoxic_membership	Eubacterium_rectale	Prevotella_copri	M_phppa_glc_e	0.0	0.0	0	0.0
all	western_diet_gut_anoxic_membership	Eubacterium_rectale	Prevotella_copri	M_phtn_glc_e	0.0	0.0	0	0.0
all	western_diet_gut_anoxic_membership	Eubacterium_rectale	Prevotella_copri	M_pi_e	0.0	0.86	0	0.0
all	western_diet_gut_anoxic_membership	Eubacterium_rectale	Prevotella_copri	M_pnto_R_e	0.0	0.0	0	0.0
all	western_diet_gut_anoxic_membership	Eubacterium_rectale	Prevotella_copri	M_ppa_e	0.0	0.0	1	0.0
all	western_diet_gut_anoxic_membership	Eubacterium_rectale	Prevotella_copri	M_ppi_e	0.0	0.0	1	0.0
all	western_diet_gut_anoxic_membership	Eubacterium_rectale	Prevotella_copri	M_pro_L_e	0.0	0.0	0	0.0
all	western_diet_gut_anoxic_membership	Eubacterium_rectale	Prevotella_copri	M_prob_e	0.0	0.0	0	0.0
all	western_diet_gut_anoxic_membership	Eubacterium_rectale	Prevotella_copri	M_prob_glc_e	0.0	0.0	0	0.0
all	western_diet_gut_anoxic_membership	Eubacterium_rectale	Prevotella_copri	M_pront_e	0.0	0.0	0	0.0
all	western_diet_gut_anoxic_membership	Eubacterium_rectale	Prevotella_copri	M_pront_glc_e	0.0	0.0	0	0.0
all	western_diet_gut_anoxic_membership	Eubacterium_rectale	Prevotella_copri	M_propl_e	0.0	0.0	0	0.0
all	western_diet_gut_anoxic_membership	Eubacterium_rectale	Prevotella_copri	M_propl_glc_e	0.0	0.0	0	0.0
all	western_diet_gut_anoxic_membership	Eubacterium_rectale	Prevotella_copri	M_prx_mII_e	0.0	0.0	0	0.0
all	western_diet_gut_anoxic_membership	Eubacterium_rectale	Prevotella_copri	M_prx_mII_glc_e	0.0	0.0	0	0.0
all	western_diet_gut_anoxic_membership	Eubacterium_rectale	Prevotella_copri	M_prx_mI_e	0.0	0.0	0	0.0
all	western_diet_gut_anoxic_membership	Eubacterium_rectale	Prevotella_copri	M_prx_mI_glc_e	0.0	0.0	0	0.0
all	western_diet_gut_anoxic_membership	Eubacterium_rectale	Prevotella_copri	M_ptrc_e	0.0	0.0	0	0.0
all	western_diet_gut_anoxic_membership	Eubacterium_rectale	Prevotella_copri	M_ptvst_e	0.0	0.0	0	0.0
all	western_diet_gut_anoxic_membership	Eubacterium_rectale	Prevotella_copri	M_ptvstgluc_e	0.0	0.0	0	0.0
all	western_diet_gut_anoxic_membership	Eubacterium_rectale	Prevotella_copri	M_pvs_e	0.0	0.0	0	0.0
all	western_diet_gut_anoxic_membership	Eubacterium_rectale	Prevotella_copri	M_pvsgluc_e	0.0	0.0	0	0.0
all	western_diet_gut_anoxic_membership	Eubacterium_rectale	Prevotella_copri	M_pydx_e	0.0	0.0	0	0.0
all	western_diet_gut_anoxic_membership	Eubacterium_rectale	Prevotella_copri	M_r406_e	0.0	0.0	0	0.0
all	western_diet_gut_anoxic_membership	Eubacterium_rectale	Prevotella_copri	M_r406_glc_e	0.0	0.0	0	0.0
all	western_diet_gut_anoxic_membership	Eubacterium_rectale	Prevotella_copri	M_r529_e	0.0	0.0	0	0.0
all	western_diet_gut_anoxic_membership	Eubacterium_rectale	Prevotella_copri	M_r529_glc_e	0.0	0.0	0	0.0
all	western_diet_gut_anoxic_membership	Eubacterium_rectale	Prevotella_copri	M_raffin_e	0.0	0.0	0	0.0
all	western_diet_gut_anoxic_membership	Eubacterium_rectale	Prevotella_copri	M_regfnb_e	0.0	0.0	0	0.0
all	western_diet_gut_anoxic_membership	Eubacterium_rectale	Prevotella_copri	M_regfnb_glc_e	0.0	0.0	0	0.0
all	western_diet_gut_anoxic_membership	Eubacterium_rectale	Prevotella_copri	M_rep_e	0.0	0.0	0	0.0
all	western_diet_gut_anoxic_membership	Eubacterium_rectale	Prevotella_copri	M_rep_glc_e	0.0	0.0	0	0.0
all	western_diet_gut_anoxic_membership	Eubacterium_rectale	Prevotella_copri	M_rib_D_e	0.0	0.0	0	0.0
all	western_diet_gut_anoxic_membership	Eubacterium_rectale	Prevotella_copri	M_ribflv_e	0.0	1.0	0	0.0
all	western_diet_gut_anoxic_membership	Eubacterium_rectale	Prevotella_copri	M_rpn_104557_cb_glc_e	0.0	0.0	0	0.0
all	western_diet_gut_anoxic_membership	Eubacterium_rectale	Prevotella_copri	M_rpn_104557_e	0.0	0.0	0	0.0
all	western_diet_gut_anoxic_membership	Eubacterium_rectale	Prevotella_copri	M_rpn_96990_e	0.0	0.0	0	0.0
all	western_diet_gut_anoxic_membership	Eubacterium_rectale	Prevotella_copri	M_rpn_96990_glc_e	0.0	0.0	0	0.0
all	western_diet_gut_anoxic_membership	Eubacterium_rectale	Prevotella_copri	M_rpn_oh_e	0.0	0.0	0	0.0
all	western_diet_gut_anoxic_membership	Eubacterium_rectale	Prevotella_copri	M_rpn_oh_glc_e	0.0	0.0	0	0.0
all	western_diet_gut_anoxic_membership	Eubacterium_rectale	Prevotella_copri	M_rsv_e	0.0	0.0	0	0.0
all	western_diet_gut_anoxic_membership	Eubacterium_rectale	Prevotella_copri	M_rsvgluc_e	0.0	0.0	0	0.0
all	western_diet_gut_anoxic_membership	Eubacterium_rectale	Prevotella_copri	M_salcn_e	0.0	0.0	0	0.0
all	western_diet_gut_anoxic_membership	Eubacterium_rectale	Prevotella_copri	M_sb_611855_e	0.0	0.0	0	0.0
all	western_diet_gut_anoxic_membership	Eubacterium_rectale	Prevotella_copri	M_sb_y_e	0.0	0.0	0	0.0
all	western_diet_gut_anoxic_membership	Eubacterium_rectale	Prevotella_copri	M_sbt_D_e	0.0	0.0	0	0.0
all	western_diet_gut_anoxic_membership	Eubacterium_rectale	Prevotella_copri	M_sch_488128_e	0.0	0.0	0	0.0
all	western_diet_gut_anoxic_membership	Eubacterium_rectale	Prevotella_copri	M_sch_57871_e	0.0	0.0	0	0.0
all	western_diet_gut_anoxic_membership	Eubacterium_rectale	Prevotella_copri	M_sch_57871_glc_e	0.0	0.0	0	0.0
all	western_diet_gut_anoxic_membership	Eubacterium_rectale	Prevotella_copri	M_ser_L_e	0.0	0.1	0	0.0
all	western_diet_gut_anoxic_membership	Eubacterium_rectale	Prevotella_copri	M_sfnd_1689_e	0.0	0.0	0	0.0
all	western_diet_gut_anoxic_membership	Eubacterium_rectale	Prevotella_copri	M_sfnd_1689_glc_e	0.0	0.0	0	0.0
all	western_diet_gut_anoxic_membership	Eubacterium_rectale	Prevotella_copri	M_sftz_e	0.0	0.0	0	0.0
all	western_diet_gut_anoxic_membership	Eubacterium_rectale	Prevotella_copri	M_sftz_glc_e	0.0	0.0	0	0.0
all	western_diet_gut_anoxic_membership	Eubacterium_rectale	Prevotella_copri	M_simvgluc_e	0.0	0.0	0	0.0
all	western_diet_gut_anoxic_membership	Eubacterium_rectale	Prevotella_copri	M_smap_e	0.0	0.0	0	0.0
all	western_diet_gut_anoxic_membership	Eubacterium_rectale	Prevotella_copri	M_smap_glc_e	0.0	0.0	0	0.0
all	western_diet_gut_anoxic_membership	Eubacterium_rectale	Prevotella_copri	M_smvacid_e	0.0	0.0	0	0.0
all	western_diet_gut_anoxic_membership	Eubacterium_rectale	Prevotella_copri	M_sn38_e	0.0	0.0	0	0.0
all	western_diet_gut_anoxic_membership	Eubacterium_rectale	Prevotella_copri	M_sn38g_e	0.0	0.0	0	0.0
all	western_diet_gut_anoxic_membership	Eubacterium_rectale	Prevotella_copri	M_so4_e	0.0	1.0	0	0.0
all	western_diet_gut_anoxic_membership	Eubacterium_rectale	Prevotella_copri	M_spmd_e	0.0	0.0	0	0.0
all	western_diet_gut_anoxic_membership	Eubacterium_rectale	Prevotella_copri	M_spz_e	0.0	0.0	0	0.0
all	western_diet_gut_anoxic_membership	Eubacterium_rectale	Prevotella_copri	M_spz_glc_e	0.0	0.0	0	0.0
all	western_diet_gut_anoxic_membership	Eubacterium_rectale	Prevotella_copri	M_spz_sfn_e	0.0	0.0	0	0.0
all	western_diet_gut_anoxic_membership	Eubacterium_rectale	Prevotella_copri	M_spz_sfn_glc_e	0.0	0.0	0	0.0
all	western_diet_gut_anoxic_membership	Eubacterium_rectale	Prevotella_copri	M_srv_e	0.0	0.0	0	0.0
all	western_diet_gut_anoxic_membership	Eubacterium_rectale	Prevotella_copri	M_stg_e	0.0	0.0	0	0.0
all	western_diet_gut_anoxic_membership	Eubacterium_rectale	Prevotella_copri	M_stg_m3_e	0.0	0.0	0	0.0
all	western_diet_gut_anoxic_membership	Eubacterium_rectale	Prevotella_copri	M_stg_m4_e	0.0	0.0	0	0.0
all	western_diet_gut_anoxic_membership	Eubacterium_rectale	Prevotella_copri	M_strch1_e	0.0	0.0	0	0.0
all	western_diet_gut_anoxic_membership	Eubacterium_rectale	Prevotella_copri	M_strch2_e	0.0	0.0	0	0.0
all	western_diet_gut_anoxic_membership	Eubacterium_rectale	Prevotella_copri	M_stys_e	0.0	0.0	0	0.0
all	western_diet_gut_anoxic_membership	Eubacterium_rectale	Prevotella_copri	M_succ_e	0.0	0.0	0	0.0
all	western_diet_gut_anoxic_membership	Eubacterium_rectale	Prevotella_copri	M_sucr_e	0.0	0.0	0	0.0
all	western_diet_gut_anoxic_membership	Eubacterium_rectale	Prevotella_copri	M_tat_e	0.0	0.0	0	0.0
all	western_diet_gut_anoxic_membership	Eubacterium_rectale	Prevotella_copri	M_tgz_e	0.0	0.0	0	0.0
all	western_diet_gut_anoxic_membership	Eubacterium_rectale	Prevotella_copri	M_tgz_glc_e	0.0	0.0	0	0.0
all	western_diet_gut_anoxic_membership	Eubacterium_rectale	Prevotella_copri	M_thm_e	0.0	1.0	0	0.0
all	western_diet_gut_anoxic_membership	Eubacterium_rectale	Prevotella_copri	M_thr_L_e	0.0	0.04	0	0.0
all	western_diet_gut_anoxic_membership	Eubacterium_rectale	Prevotella_copri	M_thsacmp_e	0.0	0.0	0	0.0
all	western_diet_gut_anoxic_membership	Eubacterium_rectale	Prevotella_copri	M_thymd_e	0.0	0.0	0	0.0
all	western_diet_gut_anoxic_membership	Eubacterium_rectale	Prevotella_copri	M_tlf_a_1a_e	0.0	0.0	0	0.0
all	western_diet_gut_anoxic_membership	Eubacterium_rectale	Prevotella_copri	M_tlf_a_1b_e	0.0	0.0	0	0.0
all	western_diet_gut_anoxic_membership	Eubacterium_rectale	Prevotella_copri	M_tlf_a_1x_e	0.0	0.0	0	0.0
all	western_diet_gut_anoxic_membership	Eubacterium_rectale	Prevotella_copri	M_tlf_a_2_e	0.0	0.0	0	0.0
all	western_diet_gut_anoxic_membership	Eubacterium_rectale	Prevotella_copri	M_tlf_a_2a_e	0.0	0.0	0	0.0
all	western_diet_gut_anoxic_membership	Eubacterium_rectale	Prevotella_copri	M_tlf_a_3_e	0.0	0.0	0	0.0
all	western_diet_gut_anoxic_membership	Eubacterium_rectale	Prevotella_copri	M_tlf_a_4_e	0.0	0.0	0	0.0
all	western_diet_gut_anoxic_membership	Eubacterium_rectale	Prevotella_copri	M_tlf_a_e	0.0	0.0	0	0.0
all	western_diet_gut_anoxic_membership	Eubacterium_rectale	Prevotella_copri	M_tlf_a_m1_e	0.0	0.0	0	0.0
all	western_diet_gut_anoxic_membership	Eubacterium_rectale	Prevotella_copri	M_tlf_a_m2_e	0.0	0.0	0	0.0
all	western_diet_gut_anoxic_membership	Eubacterium_rectale	Prevotella_copri	M_tlf_a_m3_e	0.0	0.0	0	0.0
all	western_diet_gut_anoxic_membership	Eubacterium_rectale	Prevotella_copri	M_tlf_a_m4_e	0.0	0.0	0	0.0
all	western_diet_gut_anoxic_membership	Eubacterium_rectale	Prevotella_copri	M_tlf_a_m4a_e	0.0	0.0	0	0.0
all	western_diet_gut_anoxic_membership	Eubacterium_rectale	Prevotella_copri	M_tlf_a_m5_e	0.0	0.0	0	0.0
all	western_diet_gut_anoxic_membership	Eubacterium_rectale	Prevotella_copri	M_tlf_a_m5a_e	0.0	0.0	0	0.0
all	western_diet_gut_anoxic_membership	Eubacterium_rectale	Prevotella_copri	M_tlf_a_m5b_e	0.0	0.0	0	0.0
all	western_diet_gut_anoxic_membership	Eubacterium_rectale	Prevotella_copri	M_tlf_a_m6_e	0.0	0.0	0	0.0
all	western_diet_gut_anoxic_membership	Eubacterium_rectale	Prevotella_copri	M_tlf_a_m9_e	0.0	0.0	0	0.0
all	western_diet_gut_anoxic_membership	Eubacterium_rectale	Prevotella_copri	M_tlms_e	0.0	0.0	0	0.0
all	western_diet_gut_anoxic_membership	Eubacterium_rectale	Prevotella_copri	M_tlms_glc_e	0.0	0.0	0	0.0
all	western_diet_gut_anoxic_membership	Eubacterium_rectale	Prevotella_copri	M_tmacmp_e	0.0	0.0	0	0.0
all	western_diet_gut_anoxic_membership	Eubacterium_rectale	Prevotella_copri	M_tolcp_ac_e	0.0	0.0	0	0.0
all	western_diet_gut_anoxic_membership	Eubacterium_rectale	Prevotella_copri	M_tolcp_ac_glc_e	0.0	0.0	0	0.0
all	western_diet_gut_anoxic_membership	Eubacterium_rectale	Prevotella_copri	M_tolcp_am_e	0.0	0.0	0	0.0
all	western_diet_gut_anoxic_membership	Eubacterium_rectale	Prevotella_copri	M_tolcp_am_glc_e	0.0	0.0	0	0.0
all	western_diet_gut_anoxic_membership	Eubacterium_rectale	Prevotella_copri	M_tolcp_e	0.0	0.0	0	0.0
all	western_diet_gut_anoxic_membership	Eubacterium_rectale	Prevotella_copri	M_tolcp_glc_e	0.0	0.0	0	0.0
all	western_diet_gut_anoxic_membership	Eubacterium_rectale	Prevotella_copri	M_tpno_1glc_4g_e	0.0	0.0	0	0.0
all	western_diet_gut_anoxic_membership	Eubacterium_rectale	Prevotella_copri	M_tpno_4g_e	0.0	0.0	0	0.0
all	western_diet_gut_anoxic_membership	Eubacterium_rectale	Prevotella_copri	M_tpno_4glc_e	0.0	0.0	0	0.0
all	western_diet_gut_anoxic_membership	Eubacterium_rectale	Prevotella_copri	M_tpnoh_e	0.0	0.0	0	0.0
all	western_diet_gut_anoxic_membership	Eubacterium_rectale	Prevotella_copri	M_tre_e	0.0	0.0	0	0.0
all	western_diet_gut_anoxic_membership	Eubacterium_rectale	Prevotella_copri	M_trp_L_e	0.0	0.0	0	0.0
all	western_diet_gut_anoxic_membership	Eubacterium_rectale	Prevotella_copri	M_tsacmgluc_e	0.0	0.0	0	0.0
all	western_diet_gut_anoxic_membership	Eubacterium_rectale	Prevotella_copri	M_tsul_e	0.0	0.0	0	0.0
all	western_diet_gut_anoxic_membership	Eubacterium_rectale	Prevotella_copri	M_ttdca_e	0.0	0.0	0	0.0
all	western_diet_gut_anoxic_membership	Eubacterium_rectale	Prevotella_copri	M_tyr_L_e	0.0	1.0	0	0.0
all	western_diet_gut_anoxic_membership	Eubacterium_rectale	Prevotella_copri	M_ura_e	0.0	0.0	0	0.0
all	western_diet_gut_anoxic_membership	Eubacterium_rectale	Prevotella_copri	M_val_L_e	0.0	0.0	0	0.0
all	western_diet_gut_anoxic_membership	Eubacterium_rectale	Prevotella_copri	M_xan_e	0.0	0.0	0	0.0
all	western_diet_gut_anoxic_membership	Eubacterium_rectale	Prevotella_copri	M_xyl_D_e	0.0	0.06	0	0.0
all	western_diet_gut_anoxic_membership	Eubacterium_rectale	Prevotella_copri	M_xylottr_e	0.0	0.0	0	0.0
all	western_diet_gut_anoxic_membership	Eubacterium_rectale	Prevotella_copri	M_zn2_e	0.0	1.0	0	0.0
all	western_diet_gut_anoxic_membership	Eubacterium_rectale	Alistipes_putredinis	M_26dap_M_e	0.0	0.0	0	0.0
all	western_diet_gut_anoxic_membership	Eubacterium_rectale	Alistipes_putredinis	M_4abut_e	0.0	0.0	0	0.0
all	western_diet_gut_anoxic_membership	Eubacterium_rectale	Alistipes_putredinis	M_4abz_e	0.0	0.0	0	0.0
all	western_diet_gut_anoxic_membership	Eubacterium_rectale	Alistipes_putredinis	M_7a_czp_e	0.0	0.0	1	0.0
all	western_diet_gut_anoxic_membership	Eubacterium_rectale	Alistipes_putredinis	M_C02528_e	0.0	0.0	0	0.0
all	western_diet_gut_anoxic_membership	Eubacterium_rectale	Alistipes_putredinis	M_ac_e	0.0	0.0	0	0.0
all	western_diet_gut_anoxic_membership	Eubacterium_rectale	Alistipes_putredinis	M_acald_e	0.0	0.0	0	0.0
all	western_diet_gut_anoxic_membership	Eubacterium_rectale	Alistipes_putredinis	M_acgam_e	0.0	0.0	0	0.0
all	western_diet_gut_anoxic_membership	Eubacterium_rectale	Alistipes_putredinis	M_ade_e	0.0	0.0	0	0.0
all	western_diet_gut_anoxic_membership	Eubacterium_rectale	Alistipes_putredinis	M_adocbl_e	0.0	0.0	0	0.0
all	western_diet_gut_anoxic_membership	Eubacterium_rectale	Alistipes_putredinis	M_ala_D_e	0.0	0.51	0	0.0
all	western_diet_gut_anoxic_membership	Eubacterium_rectale	Alistipes_putredinis	M_ala_L_e	0.0	0.49	0	0.0
all	western_diet_gut_anoxic_membership	Eubacterium_rectale	Alistipes_putredinis	M_alaasp_e	0.0	0.0	0	0.0
all	western_diet_gut_anoxic_membership	Eubacterium_rectale	Alistipes_putredinis	M_alagln_e	0.0	0.0	0	0.0
all	western_diet_gut_anoxic_membership	Eubacterium_rectale	Alistipes_putredinis	M_alaglu_e	0.0	0.0	0	0.0
all	western_diet_gut_anoxic_membership	Eubacterium_rectale	Alistipes_putredinis	M_alagly_e	0.0	0.0	0	0.0
all	western_diet_gut_anoxic_membership	Eubacterium_rectale	Alistipes_putredinis	M_alahis_e	0.0	0.0	0	0.0
all	western_diet_gut_anoxic_membership	Eubacterium_rectale	Alistipes_putredinis	M_alaleu_e	0.0	0.0	0	0.0
all	western_diet_gut_anoxic_membership	Eubacterium_rectale	Alistipes_putredinis	M_alathr_e	0.0	0.0	0	0.0
all	western_diet_gut_anoxic_membership	Eubacterium_rectale	Alistipes_putredinis	M_amylopect900_e	0.0	0.0	0	0.0
all	western_diet_gut_anoxic_membership	Eubacterium_rectale	Alistipes_putredinis	M_amylose300_e	0.0	0.0	0	0.0
all	western_diet_gut_anoxic_membership	Eubacterium_rectale	Alistipes_putredinis	M_anzp_e	0.0	0.0	1	0.0
all	western_diet_gut_anoxic_membership	Eubacterium_rectale	Alistipes_putredinis	M_arab_L_e	0.0	0.06	0	0.0
all	western_diet_gut_anoxic_membership	Eubacterium_rectale	Alistipes_putredinis	M_arabttr_e	0.0	0.0	0	0.0
all	western_diet_gut_anoxic_membership	Eubacterium_rectale	Alistipes_putredinis	M_arbt_e	0.0	0.0	0	0.0
all	western_diet_gut_anoxic_membership	Eubacterium_rectale	Alistipes_putredinis	M_arg_L_e	0.0	0.0	0	0.0
all	western_diet_gut_anoxic_membership	Eubacterium_rectale	Alistipes_putredinis	M_arsenb_e	0.0	0.0	0	0.0
all	western_diet_gut_anoxic_membership	Eubacterium_rectale	Alistipes_putredinis	M_asn_L_e	0.0	0.0	0	0.0
all	western_diet_gut_anoxic_membership	Eubacterium_rectale	Alistipes_putredinis	M_asp_L_e	0.0	0.12	0	0.0
all	western_diet_gut_anoxic_membership	Eubacterium_rectale	Alistipes_putredinis	M_brv_e	0.0	0.0	0	0.0
all	western_diet_gut_anoxic_membership	Eubacterium_rectale	Alistipes_putredinis	M_btn_e	0.0	0.0	0	0.0
all	western_diet_gut_anoxic_membership	Eubacterium_rectale	Alistipes_putredinis	M_but_e	0.0	0.0	0	0.0
all	western_diet_gut_anoxic_membership	Eubacterium_rectale	Alistipes_putredinis	M_bvu_e	0.0	0.0	0	0.0
all	western_diet_gut_anoxic_membership	Eubacterium_rectale	Alistipes_putredinis	M_ca2_e	0.0	1.0	0	0.0
all	western_diet_gut_anoxic_membership	Eubacterium_rectale	Alistipes_putredinis	M_cbl1_e	0.0	0.0	0	0.0
all	western_diet_gut_anoxic_membership	Eubacterium_rectale	Alistipes_putredinis	M_cbl2_e	0.0	0.0	0	0.0
all	western_diet_gut_anoxic_membership	Eubacterium_rectale	Alistipes_putredinis	M_cd2_e	0.0	0.0	0	0.0
all	western_diet_gut_anoxic_membership	Eubacterium_rectale	Alistipes_putredinis	M_cellb_e	0.0	0.0	0	0.0
all	western_diet_gut_anoxic_membership	Eubacterium_rectale	Alistipes_putredinis	M_cgly_e	0.0	0.27	0	0.0
all	western_diet_gut_anoxic_membership	Eubacterium_rectale	Alistipes_putredinis	M_chlphncl_e	0.0	0.0	1	0.0
all	western_diet_gut_anoxic_membership	Eubacterium_rectale	Alistipes_putredinis	M_cholate_e	0.0	0.0	0	0.0
all	western_diet_gut_anoxic_membership	Eubacterium_rectale	Alistipes_putredinis	M_cl_e	0.0	1.0	0	0.0
all	western_diet_gut_anoxic_membership	Eubacterium_rectale	Alistipes_putredinis	M_co2_e	0.0	0.0	1	0.0
all	western_diet_gut_anoxic_membership	Eubacterium_rectale	Alistipes_putredinis	M_cobalt2_e	0.0	1.0	0	0.0
all	western_diet_gut_anoxic_membership	Eubacterium_rectale	Alistipes_putredinis	M_cro4_e	0.0	0.0	0	0.0
all	western_diet_gut_anoxic_membership	Eubacterium_rectale	Alistipes_putredinis	M_cu2_e	0.0	1.0	0	0.0
all	western_diet_gut_anoxic_membership	Eubacterium_rectale	Alistipes_putredinis	M_cys_L_e	0.0	0.73	0	0.0
all	western_diet_gut_anoxic_membership	Eubacterium_rectale	Alistipes_putredinis	M_czp_e	0.0	0.0	1	0.0
all	western_diet_gut_anoxic_membership	Eubacterium_rectale	Alistipes_putredinis	M_ddca_e	0.0	0.0	0	0.0
all	western_diet_gut_anoxic_membership	Eubacterium_rectale	Alistipes_putredinis	M_dextrin_e	0.0	0.0	0	0.0
all	western_diet_gut_anoxic_membership	Eubacterium_rectale	Alistipes_putredinis	M_dgchol_e	0.0	0.0	0	0.0
all	western_diet_gut_anoxic_membership	Eubacterium_rectale	Alistipes_putredinis	M_din_e	0.0	0.0	0	0.0
all	western_diet_gut_anoxic_membership	Eubacterium_rectale	Alistipes_putredinis	M_drib_e	0.0	0.0	0	0.0
all	western_diet_gut_anoxic_membership	Eubacterium_rectale	Alistipes_putredinis	M_duri_e	0.0	0.0	0	0.0
all	western_diet_gut_anoxic_membership	Eubacterium_rectale	Alistipes_putredinis	M_fe2_e	0.0	1.0	0	0.0
all	western_diet_gut_anoxic_membership	Eubacterium_rectale	Alistipes_putredinis	M_fe3_e	0.0	1.0	0	0.0
all	western_diet_gut_anoxic_membership	Eubacterium_rectale	Alistipes_putredinis	M_fol_e	0.0	1.0	0	0.0
all	western_diet_gut_anoxic_membership	Eubacterium_rectale	Alistipes_putredinis	M_for_e	0.0	0.0	0	0.0
all	western_diet_gut_anoxic_membership	Eubacterium_rectale	Alistipes_putredinis	M_fru_e	0.0	0.02	0	0.0
all	western_diet_gut_anoxic_membership	Eubacterium_rectale	Alistipes_putredinis	M_fum_e	0.0	0.14	0	0.0
all	western_diet_gut_anoxic_membership	Eubacterium_rectale	Alistipes_putredinis	M_gal_e	0.0	0.02	0	0.0
all	western_diet_gut_anoxic_membership	Eubacterium_rectale	Alistipes_putredinis	M_galt_e	0.0	0.0	0	0.0
all	western_diet_gut_anoxic_membership	Eubacterium_rectale	Alistipes_putredinis	M_gam_e	0.0	0.02	0	0.0
all	western_diet_gut_anoxic_membership	Eubacterium_rectale	Alistipes_putredinis	M_gchola_e	0.0	0.0	0	0.0
all	western_diet_gut_anoxic_membership	Eubacterium_rectale	Alistipes_putredinis	M_glc_D_e	0.0	0.02	0	0.0
all	western_diet_gut_anoxic_membership	Eubacterium_rectale	Alistipes_putredinis	M_gln_L_e	0.0	0.02	0	0.0
all	western_diet_gut_anoxic_membership	Eubacterium_rectale	Alistipes_putredinis	M_glu_L_e	0.0	0.08	0	0.0
all	western_diet_gut_anoxic_membership	Eubacterium_rectale	Alistipes_putredinis	M_gly_e	0.0	0.06	0	0.0
all	western_diet_gut_anoxic_membership	Eubacterium_rectale	Alistipes_putredinis	M_glyasn_e	0.0	0.0	0	0.0
all	western_diet_gut_anoxic_membership	Eubacterium_rectale	Alistipes_putredinis	M_glyasp_e	0.0	0.02	0	0.0
all	western_diet_gut_anoxic_membership	Eubacterium_rectale	Alistipes_putredinis	M_glyb_e	0.0	0.0	0	0.0
all	western_diet_gut_anoxic_membership	Eubacterium_rectale	Alistipes_putredinis	M_glyc3p_e	0.0	0.14	0	0.0
all	western_diet_gut_anoxic_membership	Eubacterium_rectale	Alistipes_putredinis	M_glycys_e	0.0	0.0	0	0.0
all	western_diet_gut_anoxic_membership	Eubacterium_rectale	Alistipes_putredinis	M_glygln_e	0.0	0.0	0	0.0
all	western_diet_gut_anoxic_membership	Eubacterium_rectale	Alistipes_putredinis	M_glyglu_e	0.0	0.0	0	0.0
all	western_diet_gut_anoxic_membership	Eubacterium_rectale	Alistipes_putredinis	M_glyleu_e	0.0	0.27	0	0.0
all	western_diet_gut_anoxic_membership	Eubacterium_rectale	Alistipes_putredinis	M_glymet_e	0.0	0.0	0	0.0
all	western_diet_gut_anoxic_membership	Eubacterium_rectale	Alistipes_putredinis	M_glyphe_e	0.0	0.0	0	0.0
all	western_diet_gut_anoxic_membership	Eubacterium_rectale	Alistipes_putredinis	M_glypro_e	0.0	0.0	0	0.0
all	western_diet_gut_anoxic_membership	Eubacterium_rectale	Alistipes_putredinis	M_glytyr_e	0.0	0.0	0	0.0
all	western_diet_gut_anoxic_membership	Eubacterium_rectale	Alistipes_putredinis	M_gua_e	0.0	0.0	0	0.0
all	western_diet_gut_anoxic_membership	Eubacterium_rectale	Alistipes_putredinis	M_h2_e	0.0	0.0	0	0.0
all	western_diet_gut_anoxic_membership	Eubacterium_rectale	Alistipes_putredinis	M_h2o_e	0.0	0.12	0	0.0
all	western_diet_gut_anoxic_membership	Eubacterium_rectale	Alistipes_putredinis	M_h_e	0.0	0.2	0	0.0
all	western_diet_gut_anoxic_membership	Eubacterium_rectale	Alistipes_putredinis	M_hg2_e	0.0	0.0	0	0.0
all	western_diet_gut_anoxic_membership	Eubacterium_rectale	Alistipes_putredinis	M_his_L_e	0.0	0.0	0	0.0
all	western_diet_gut_anoxic_membership	Eubacterium_rectale	Alistipes_putredinis	M_hxan_e	0.0	0.0	0	0.0
all	western_diet_gut_anoxic_membership	Eubacterium_rectale	Alistipes_putredinis	M_ile_L_e	0.0	0.0	0	0.0
all	western_diet_gut_anoxic_membership	Eubacterium_rectale	Alistipes_putredinis	M_ins_e	0.0	0.0	0	0.0
all	western_diet_gut_anoxic_membership	Eubacterium_rectale	Alistipes_putredinis	M_inulin_e	0.0	0.0	0	0.0
all	western_diet_gut_anoxic_membership	Eubacterium_rectale	Alistipes_putredinis	M_isobut_e	0.0	0.0	1	0.0
all	western_diet_gut_anoxic_membership	Eubacterium_rectale	Alistipes_putredinis	M_isocapr_e	0.0	0.0	1	0.0
all	western_diet_gut_anoxic_membership	Eubacterium_rectale	Alistipes_putredinis	M_isoval_e	0.0	0.0	1	0.0
all	western_diet_gut_anoxic_membership	Eubacterium_rectale	Alistipes_putredinis	M_k_e	0.0	1.0	0	0.0
all	western_diet_gut_anoxic_membership	Eubacterium_rectale	Alistipes_putredinis	M_lac_D_e	0.0	0.16	1	0.0
all	western_diet_gut_anoxic_membership	Eubacterium_rectale	Alistipes_putredinis	M_lac_L_e	0.0	0.14	0	0.0
all	western_diet_gut_anoxic_membership	Eubacterium_rectale	Alistipes_putredinis	M_lcts_e	0.0	0.0	0	0.0
all	western_diet_gut_anoxic_membership	Eubacterium_rectale	Alistipes_putredinis	M_leu_L_e	0.0	0.73	0	0.0
all	western_diet_gut_anoxic_membership	Eubacterium_rectale	Alistipes_putredinis	M_lys_L_e	0.0	0.0	0	0.0
all	western_diet_gut_anoxic_membership	Eubacterium_rectale	Alistipes_putredinis	M_malt_e	0.0	0.0	0	0.0
all	western_diet_gut_anoxic_membership	Eubacterium_rectale	Alistipes_putredinis	M_malthx_e	0.0	0.0	0	0.0
all	western_diet_gut_anoxic_membership	Eubacterium_rectale	Alistipes_putredinis	M_malttr_e	0.0	0.0	0	0.0
all	western_diet_gut_anoxic_membership	Eubacterium_rectale	Alistipes_putredinis	M_man_e	0.0	0.02	0	0.0
all	western_diet_gut_anoxic_membership	Eubacterium_rectale	Alistipes_putredinis	M_mantr_e	0.0	0.0	0	0.0
all	western_diet_gut_anoxic_membership	Eubacterium_rectale	Alistipes_putredinis	M_melib_e	0.0	0.0	0	0.0
all	western_diet_gut_anoxic_membership	Eubacterium_rectale	Alistipes_putredinis	M_met_L_e	0.0	1.0	0	0.0
all	western_diet_gut_anoxic_membership	Eubacterium_rectale	Alistipes_putredinis	M_metala_e	0.0	0.0	0	0.0
all	western_diet_gut_anoxic_membership	Eubacterium_rectale	Alistipes_putredinis	M_mg2_e	0.0	1.0	0	0.0
all	western_diet_gut_anoxic_membership	Eubacterium_rectale	Alistipes_putredinis	M_mn2_e	0.0	1.0	0	0.0
all	western_diet_gut_anoxic_membership	Eubacterium_rectale	Alistipes_putredinis	M_mnl_e	0.0	0.0	0	0.0
all	western_diet_gut_anoxic_membership	Eubacterium_rectale	Alistipes_putredinis	M_mqn7_e	0.0	0.0	0	0.0
all	western_diet_gut_anoxic_membership	Eubacterium_rectale	Alistipes_putredinis	M_na1_e	0.0	0.0	0	0.0
all	western_diet_gut_anoxic_membership	Eubacterium_rectale	Alistipes_putredinis	M_nac_e	0.0	0.0	0	0.0
all	western_diet_gut_anoxic_membership	Eubacterium_rectale	Alistipes_putredinis	M_nchlphncl_e	0.0	0.0	1	0.0
all	western_diet_gut_anoxic_membership	Eubacterium_rectale	Alistipes_putredinis	M_nh4_e	0.0	0.28	1	0.0
all	western_diet_gut_anoxic_membership	Eubacterium_rectale	Alistipes_putredinis	M_nzp_e	0.0	0.0	1	0.0
all	western_diet_gut_anoxic_membership	Eubacterium_rectale	Alistipes_putredinis	M_o2_e	0.0	0.0	0	0.0
all	western_diet_gut_anoxic_membership	Eubacterium_rectale	Alistipes_putredinis	M_ocdca_e	0.0	0.0	0	0.0
all	western_diet_gut_anoxic_membership	Eubacterium_rectale	Alistipes_putredinis	M_orn_e	0.0	0.0	0	0.0
all	western_diet_gut_anoxic_membership	Eubacterium_rectale	Alistipes_putredinis	M_pb_e	0.0	0.0	0	0.0
all	western_diet_gut_anoxic_membership	Eubacterium_rectale	Alistipes_putredinis	M_pcresol_e	0.0	0.0	0	0.0
all	western_diet_gut_anoxic_membership	Eubacterium_rectale	Alistipes_putredinis	M_phe_L_e	0.0	1.0	0	0.0
all	western_diet_gut_anoxic_membership	Eubacterium_rectale	Alistipes_putredinis	M_pheme_e	0.0	0.0	0	0.0
all	western_diet_gut_anoxic_membership	Eubacterium_rectale	Alistipes_putredinis	M_pi_e	0.0	0.86	0	0.0
all	western_diet_gut_anoxic_membership	Eubacterium_rectale	Alistipes_putredinis	M_pnto_R_e	0.0	0.0	0	0.0
all	western_diet_gut_anoxic_membership	Eubacterium_rectale	Alistipes_putredinis	M_ppa_e	0.0	0.0	1	0.0
all	western_diet_gut_anoxic_membership	Eubacterium_rectale	Alistipes_putredinis	M_ppi_e	0.0	0.0	1	0.0
all	western_diet_gut_anoxic_membership	Eubacterium_rectale	Alistipes_putredinis	M_pro_L_e	0.0	0.0	0	0.0
all	western_diet_gut_anoxic_membership	Eubacterium_rectale	Alistipes_putredinis	M_ptrc_e	0.0	0.0	0	0.0
all	western_diet_gut_anoxic_membership	Eubacterium_rectale	Alistipes_putredinis	M_pydx_e	0.0	0.0	0	0.0
all	western_diet_gut_anoxic_membership	Eubacterium_rectale	Alistipes_putredinis	M_r406_e	0.0	0.0	0	0.0
all	western_diet_gut_anoxic_membership	Eubacterium_rectale	Alistipes_putredinis	M_r788_e	0.0	0.0	0	0.0
all	western_diet_gut_anoxic_membership	Eubacterium_rectale	Alistipes_putredinis	M_raffin_e	0.0	0.0	0	0.0
all	western_diet_gut_anoxic_membership	Eubacterium_rectale	Alistipes_putredinis	M_rib_D_e	0.0	0.0	0	0.0
all	western_diet_gut_anoxic_membership	Eubacterium_rectale	Alistipes_putredinis	M_ribflv_e	0.0	1.0	0	0.0
all	western_diet_gut_anoxic_membership	Eubacterium_rectale	Alistipes_putredinis	M_salcn_e	0.0	0.0	0	0.0
all	western_diet_gut_anoxic_membership	Eubacterium_rectale	Alistipes_putredinis	M_sbt_D_e	0.0	0.0	0	0.0
all	western_diet_gut_anoxic_membership	Eubacterium_rectale	Alistipes_putredinis	M_ser_L_e	0.0	0.1	0	0.0
all	western_diet_gut_anoxic_membership	Eubacterium_rectale	Alistipes_putredinis	M_so4_e	0.0	1.0	0	0.0
all	western_diet_gut_anoxic_membership	Eubacterium_rectale	Alistipes_putredinis	M_spmd_e	0.0	0.0	0	0.0
all	western_diet_gut_anoxic_membership	Eubacterium_rectale	Alistipes_putredinis	M_srv_e	0.0	0.0	0	0.0
all	western_diet_gut_anoxic_membership	Eubacterium_rectale	Alistipes_putredinis	M_strch1_e	0.0	0.0	0	0.0
all	western_diet_gut_anoxic_membership	Eubacterium_rectale	Alistipes_putredinis	M_strch2_e	0.0	0.0	0	0.0
all	western_diet_gut_anoxic_membership	Eubacterium_rectale	Alistipes_putredinis	M_stys_e	0.0	0.0	0	0.0
all	western_diet_gut_anoxic_membership	Eubacterium_rectale	Alistipes_putredinis	M_succ_e	0.0	0.0	0	0.0
all	western_diet_gut_anoxic_membership	Eubacterium_rectale	Alistipes_putredinis	M_sucr_e	0.0	0.0	0	0.0
all	western_diet_gut_anoxic_membership	Eubacterium_rectale	Alistipes_putredinis	M_taur_e	0.0	0.0	0	0.0
all	western_diet_gut_anoxic_membership	Eubacterium_rectale	Alistipes_putredinis	M_tchola_e	0.0	0.0	0	0.0
all	western_diet_gut_anoxic_membership	Eubacterium_rectale	Alistipes_putredinis	M_tdchola_e	0.0	0.0	0	0.0
all	western_diet_gut_anoxic_membership	Eubacterium_rectale	Alistipes_putredinis	M_thm_e	0.0	1.0	0	0.0
all	western_diet_gut_anoxic_membership	Eubacterium_rectale	Alistipes_putredinis	M_thr_L_e	0.0	0.04	0	0.0
all	western_diet_gut_anoxic_membership	Eubacterium_rectale	Alistipes_putredinis	M_thymd_e	0.0	0.0	0	0.0
all	western_diet_gut_anoxic_membership	Eubacterium_rectale	Alistipes_putredinis	M_tre_e	0.0	0.0	0	0.0
all	western_diet_gut_anoxic_membership	Eubacterium_rectale	Alistipes_putredinis	M_trp_L_e	0.0	0.0	0	0.0
all	western_diet_gut_anoxic_membership	Eubacterium_rectale	Alistipes_putredinis	M_tsul_e	0.0	0.0	0	0.0
all	western_diet_gut_anoxic_membership	Eubacterium_rectale	Alistipes_putredinis	M_ttdca_e	0.0	0.0	0	0.0
all	western_diet_gut_anoxic_membership	Eubacterium_rectale	Alistipes_putredinis	M_tyr_L_e	0.0	1.0	0	0.0
all	western_diet_gut_anoxic_membership	Eubacterium_rectale	Alistipes_putredinis	M_ura_e	0.0	0.0	0	0.0
all	western_diet_gut_anoxic_membership	Eubacterium_rectale	Alistipes_putredinis	M_urea_e	0.0	0.0	1	0.0
all	western_diet_gut_anoxic_membership	Eubacterium_rectale	Alistipes_putredinis	M_val_L_e	0.0	0.0	0	0.0
all	western_diet_gut_anoxic_membership	Eubacterium_rectale	Alistipes_putredinis	M_xan_e	0.0	0.0	0	0.0
all	western_diet_gut_anoxic_membership	Eubacterium_rectale	Alistipes_putredinis	M_xyl_D_e	0.0	0.06	0	0.0
all	western_diet_gut_anoxic_membership	Eubacterium_rectale	Alistipes_putredinis	M_xylottr_e	0.0	0.0	0	0.0
all	western_diet_gut_anoxic_membership	Eubacterium_rectale	Alistipes_putredinis	M_zn2_e	0.0	1.0	0	0.0
all	western_diet_gut_anoxic_membership	Eubacterium_rectale	Phascolarctobacterium_succinatutens	M_26dap_M_e	0.0	0.0	0	0.0
all	western_diet_gut_anoxic_membership	Eubacterium_rectale	Phascolarctobacterium_succinatutens	M_4abut_e	0.0	0.0	0	0.0
all	western_diet_gut_anoxic_membership	Eubacterium_rectale	Phascolarctobacterium_succinatutens	M_4abz_e	0.0	0.0	0	0.0
all	western_diet_gut_anoxic_membership	Eubacterium_rectale	Phascolarctobacterium_succinatutens	M_7a_czp_e	0.0	0.0	1	0.0
all	western_diet_gut_anoxic_membership	Eubacterium_rectale	Phascolarctobacterium_succinatutens	M_ac_e	0.0	0.0	0	0.0
all	western_diet_gut_anoxic_membership	Eubacterium_rectale	Phascolarctobacterium_succinatutens	M_acald_e	0.0	0.0	0	0.0
all	western_diet_gut_anoxic_membership	Eubacterium_rectale	Phascolarctobacterium_succinatutens	M_acgam_e	0.0	0.0	0	0.0
all	western_diet_gut_anoxic_membership	Eubacterium_rectale	Phascolarctobacterium_succinatutens	M_ade_e	0.0	0.0	0	0.0
all	western_diet_gut_anoxic_membership	Eubacterium_rectale	Phascolarctobacterium_succinatutens	M_adocbl_e	0.0	0.0	0	0.0
all	western_diet_gut_anoxic_membership	Eubacterium_rectale	Phascolarctobacterium_succinatutens	M_ala_D_e	0.0	0.51	0	0.0
all	western_diet_gut_anoxic_membership	Eubacterium_rectale	Phascolarctobacterium_succinatutens	M_ala_L_e	0.0	0.49	0	0.0
all	western_diet_gut_anoxic_membership	Eubacterium_rectale	Phascolarctobacterium_succinatutens	M_alaasp_e	0.0	0.0	0	0.0
all	western_diet_gut_anoxic_membership	Eubacterium_rectale	Phascolarctobacterium_succinatutens	M_alagln_e	0.0	0.0	0	0.0
all	western_diet_gut_anoxic_membership	Eubacterium_rectale	Phascolarctobacterium_succinatutens	M_alaglu_e	0.0	0.0	0	0.0
all	western_diet_gut_anoxic_membership	Eubacterium_rectale	Phascolarctobacterium_succinatutens	M_alagly_e	0.0	0.0	0	0.0
all	western_diet_gut_anoxic_membership	Eubacterium_rectale	Phascolarctobacterium_succinatutens	M_alahis_e	0.0	0.0	0	0.0
all	western_diet_gut_anoxic_membership	Eubacterium_rectale	Phascolarctobacterium_succinatutens	M_alaleu_e	0.0	0.0	0	0.0
all	western_diet_gut_anoxic_membership	Eubacterium_rectale	Phascolarctobacterium_succinatutens	M_alathr_e	0.0	0.0	0	0.0
all	western_diet_gut_anoxic_membership	Eubacterium_rectale	Phascolarctobacterium_succinatutens	M_amylopect900_e	0.0	0.0	0	0.0
all	western_diet_gut_anoxic_membership	Eubacterium_rectale	Phascolarctobacterium_succinatutens	M_amylose300_e	0.0	0.0	0	0.0
all	western_diet_gut_anoxic_membership	Eubacterium_rectale	Phascolarctobacterium_succinatutens	M_anzp_e	0.0	0.0	1	0.0
all	western_diet_gut_anoxic_membership	Eubacterium_rectale	Phascolarctobacterium_succinatutens	M_arab_L_e	0.0	0.06	0	0.0
all	western_diet_gut_anoxic_membership	Eubacterium_rectale	Phascolarctobacterium_succinatutens	M_arabttr_e	0.0	0.0	0	0.0
all	western_diet_gut_anoxic_membership	Eubacterium_rectale	Phascolarctobacterium_succinatutens	M_arbt_e	0.0	0.0	0	0.0
all	western_diet_gut_anoxic_membership	Eubacterium_rectale	Phascolarctobacterium_succinatutens	M_arg_L_e	0.0	0.0	0	0.0
all	western_diet_gut_anoxic_membership	Eubacterium_rectale	Phascolarctobacterium_succinatutens	M_arsenb_e	0.0	0.0	0	0.0
all	western_diet_gut_anoxic_membership	Eubacterium_rectale	Phascolarctobacterium_succinatutens	M_asn_L_e	0.0	0.0	0	0.0
all	western_diet_gut_anoxic_membership	Eubacterium_rectale	Phascolarctobacterium_succinatutens	M_asp_L_e	0.0	0.12	0	0.0
all	western_diet_gut_anoxic_membership	Eubacterium_rectale	Phascolarctobacterium_succinatutens	M_btn_e	0.0	0.0	0	0.0
all	western_diet_gut_anoxic_membership	Eubacterium_rectale	Phascolarctobacterium_succinatutens	M_but_e	0.0	0.0	0	0.0
all	western_diet_gut_anoxic_membership	Eubacterium_rectale	Phascolarctobacterium_succinatutens	M_ca2_e	0.0	1.0	0	0.0
all	western_diet_gut_anoxic_membership	Eubacterium_rectale	Phascolarctobacterium_succinatutens	M_cbl1_e	0.0	0.0	0	0.0
all	western_diet_gut_anoxic_membership	Eubacterium_rectale	Phascolarctobacterium_succinatutens	M_cbl2_e	0.0	0.0	0	0.0
all	western_diet_gut_anoxic_membership	Eubacterium_rectale	Phascolarctobacterium_succinatutens	M_cd2_e	0.0	0.0	0	0.0
all	western_diet_gut_anoxic_membership	Eubacterium_rectale	Phascolarctobacterium_succinatutens	M_cellb_e	0.0	0.0	0	0.0
all	western_diet_gut_anoxic_membership	Eubacterium_rectale	Phascolarctobacterium_succinatutens	M_cgly_e	0.0	0.27	0	0.0
all	western_diet_gut_anoxic_membership	Eubacterium_rectale	Phascolarctobacterium_succinatutens	M_chlphncl_e	0.0	0.0	1	0.0
all	western_diet_gut_anoxic_membership	Eubacterium_rectale	Phascolarctobacterium_succinatutens	M_cl_e	0.0	1.0	0	0.0
all	western_diet_gut_anoxic_membership	Eubacterium_rectale	Phascolarctobacterium_succinatutens	M_co2_e	0.0	0.0	1	0.0
all	western_diet_gut_anoxic_membership	Eubacterium_rectale	Phascolarctobacterium_succinatutens	M_cobalt2_e	0.0	1.0	0	0.0
all	western_diet_gut_anoxic_membership	Eubacterium_rectale	Phascolarctobacterium_succinatutens	M_cro4_e	0.0	0.0	0	0.0
all	western_diet_gut_anoxic_membership	Eubacterium_rectale	Phascolarctobacterium_succinatutens	M_ctbt_e	0.0	0.0	0	0.0
all	western_diet_gut_anoxic_membership	Eubacterium_rectale	Phascolarctobacterium_succinatutens	M_cu2_e	0.0	1.0	0	0.0
all	western_diet_gut_anoxic_membership	Eubacterium_rectale	Phascolarctobacterium_succinatutens	M_cys_L_e	0.0	0.73	0	0.0
all	western_diet_gut_anoxic_membership	Eubacterium_rectale	Phascolarctobacterium_succinatutens	M_czp_e	0.0	0.0	1	0.0
all	western_diet_gut_anoxic_membership	Eubacterium_rectale	Phascolarctobacterium_succinatutens	M_ddca_e	0.0	0.0	0	0.0
all	western_diet_gut_anoxic_membership	Eubacterium_rectale	Phascolarctobacterium_succinatutens	M_dfdcytd_e	0.0	0.0	0	0.0
all	western_diet_gut_anoxic_membership	Eubacterium_rectale	Phascolarctobacterium_succinatutens	M_dfduri_e	0.0	0.0	0	0.0
all	western_diet_gut_anoxic_membership	Eubacterium_rectale	Phascolarctobacterium_succinatutens	M_drib_e	0.0	0.0	0	0.0
all	western_diet_gut_anoxic_membership	Eubacterium_rectale	Phascolarctobacterium_succinatutens	M_fe2_e	0.0	1.0	0	0.0
all	western_diet_gut_anoxic_membership	Eubacterium_rectale	Phascolarctobacterium_succinatutens	M_fe3_e	0.0	1.0	0	0.0
all	western_diet_gut_anoxic_membership	Eubacterium_rectale	Phascolarctobacterium_succinatutens	M_fol_e	0.0	1.0	0	0.0
all	western_diet_gut_anoxic_membership	Eubacterium_rectale	Phascolarctobacterium_succinatutens	M_for_e	0.0	0.0	0	0.0
all	western_diet_gut_anoxic_membership	Eubacterium_rectale	Phascolarctobacterium_succinatutens	M_fru_e	0.0	0.02	0	0.0
all	western_diet_gut_anoxic_membership	Eubacterium_rectale	Phascolarctobacterium_succinatutens	M_fum_e	0.0	0.14	0	0.0
all	western_diet_gut_anoxic_membership	Eubacterium_rectale	Phascolarctobacterium_succinatutens	M_gal_e	0.0	0.02	0	0.0
all	western_diet_gut_anoxic_membership	Eubacterium_rectale	Phascolarctobacterium_succinatutens	M_galt_e	0.0	0.0	0	0.0
all	western_diet_gut_anoxic_membership	Eubacterium_rectale	Phascolarctobacterium_succinatutens	M_gam_e	0.0	0.02	0	0.0
all	western_diet_gut_anoxic_membership	Eubacterium_rectale	Phascolarctobacterium_succinatutens	M_gbbtn_e	0.0	0.0	0	0.0
all	western_diet_gut_anoxic_membership	Eubacterium_rectale	Phascolarctobacterium_succinatutens	M_glc_D_e	0.0	0.02	0	0.0
all	western_diet_gut_anoxic_membership	Eubacterium_rectale	Phascolarctobacterium_succinatutens	M_gln_L_e	0.0	0.02	0	0.0
all	western_diet_gut_anoxic_membership	Eubacterium_rectale	Phascolarctobacterium_succinatutens	M_glu_L_e	0.0	0.08	0	0.0
all	western_diet_gut_anoxic_membership	Eubacterium_rectale	Phascolarctobacterium_succinatutens	M_gly_e	0.0	0.06	0	0.0
all	western_diet_gut_anoxic_membership	Eubacterium_rectale	Phascolarctobacterium_succinatutens	M_glyasn_e	0.0	0.0	0	0.0
all	western_diet_gut_anoxic_membership	Eubacterium_rectale	Phascolarctobacterium_succinatutens	M_glyasp_e	0.0	0.02	0	0.0
all	western_diet_gut_anoxic_membership	Eubacterium_rectale	Phascolarctobacterium_succinatutens	M_glyb_e	0.0	0.0	0	0.0
all	western_diet_gut_anoxic_membership	Eubacterium_rectale	Phascolarctobacterium_succinatutens	M_glyc3p_e	0.0	0.14	0	0.0
all	western_diet_gut_anoxic_membership	Eubacterium_rectale	Phascolarctobacterium_succinatutens	M_glycys_e	0.0	0.0	0	0.0
all	western_diet_gut_anoxic_membership	Eubacterium_rectale	Phascolarctobacterium_succinatutens	M_glygln_e	0.0	0.0	0	0.0
all	western_diet_gut_anoxic_membership	Eubacterium_rectale	Phascolarctobacterium_succinatutens	M_glyglu_e	0.0	0.0	0	0.0
all	western_diet_gut_anoxic_membership	Eubacterium_rectale	Phascolarctobacterium_succinatutens	M_glyleu_e	0.0	0.27	0	0.0
all	western_diet_gut_anoxic_membership	Eubacterium_rectale	Phascolarctobacterium_succinatutens	M_glymet_e	0.0	0.0	0	0.0
all	western_diet_gut_anoxic_membership	Eubacterium_rectale	Phascolarctobacterium_succinatutens	M_glyphe_e	0.0	0.0	0	0.0
all	western_diet_gut_anoxic_membership	Eubacterium_rectale	Phascolarctobacterium_succinatutens	M_glypro_e	0.0	0.0	0	0.0
all	western_diet_gut_anoxic_membership	Eubacterium_rectale	Phascolarctobacterium_succinatutens	M_glytyr_e	0.0	0.0	0	0.0
all	western_diet_gut_anoxic_membership	Eubacterium_rectale	Phascolarctobacterium_succinatutens	M_gua_e	0.0	0.0	0	0.0
all	western_diet_gut_anoxic_membership	Eubacterium_rectale	Phascolarctobacterium_succinatutens	M_h2_e	0.0	0.0	0	0.0
all	western_diet_gut_anoxic_membership	Eubacterium_rectale	Phascolarctobacterium_succinatutens	M_h2o_e	0.0	0.12	0	0.0
all	western_diet_gut_anoxic_membership	Eubacterium_rectale	Phascolarctobacterium_succinatutens	M_h_e	0.0	0.2	0	0.0
all	western_diet_gut_anoxic_membership	Eubacterium_rectale	Phascolarctobacterium_succinatutens	M_hg2_e	0.0	0.0	0	0.0
all	western_diet_gut_anoxic_membership	Eubacterium_rectale	Phascolarctobacterium_succinatutens	M_his_L_e	0.0	0.0	0	0.0
all	western_diet_gut_anoxic_membership	Eubacterium_rectale	Phascolarctobacterium_succinatutens	M_hxan_e	0.0	0.0	0	0.0
all	western_diet_gut_anoxic_membership	Eubacterium_rectale	Phascolarctobacterium_succinatutens	M_ile_L_e	0.0	0.0	0	0.0
all	western_diet_gut_anoxic_membership	Eubacterium_rectale	Phascolarctobacterium_succinatutens	M_inulin_e	0.0	0.0	0	0.0
all	western_diet_gut_anoxic_membership	Eubacterium_rectale	Phascolarctobacterium_succinatutens	M_k_e	0.0	1.0	0	0.0
all	western_diet_gut_anoxic_membership	Eubacterium_rectale	Phascolarctobacterium_succinatutens	M_lac_D_e	0.0	0.16	0	0.0
all	western_diet_gut_anoxic_membership	Eubacterium_rectale	Phascolarctobacterium_succinatutens	M_lac_L_e	0.0	0.14	0	0.0
all	western_diet_gut_anoxic_membership	Eubacterium_rectale	Phascolarctobacterium_succinatutens	M_lcts_e	0.0	0.0	0	0.0
all	western_diet_gut_anoxic_membership	Eubacterium_rectale	Phascolarctobacterium_succinatutens	M_leu_L_e	0.0	0.73	0	0.0
all	western_diet_gut_anoxic_membership	Eubacterium_rectale	Phascolarctobacterium_succinatutens	M_lys_L_e	0.0	0.0	0	0.0
all	western_diet_gut_anoxic_membership	Eubacterium_rectale	Phascolarctobacterium_succinatutens	M_malt_e	0.0	0.0	0	0.0
all	western_diet_gut_anoxic_membership	Eubacterium_rectale	Phascolarctobacterium_succinatutens	M_malthx_e	0.0	0.0	0	0.0
all	western_diet_gut_anoxic_membership	Eubacterium_rectale	Phascolarctobacterium_succinatutens	M_malttr_e	0.0	0.0	0	0.0
all	western_diet_gut_anoxic_membership	Eubacterium_rectale	Phascolarctobacterium_succinatutens	M_man_e	0.0	0.02	0	0.0
all	western_diet_gut_anoxic_membership	Eubacterium_rectale	Phascolarctobacterium_succinatutens	M_mantr_e	0.0	0.0	0	0.0
all	western_diet_gut_anoxic_membership	Eubacterium_rectale	Phascolarctobacterium_succinatutens	M_melib_e	0.0	0.0	0	0.0
all	western_diet_gut_anoxic_membership	Eubacterium_rectale	Phascolarctobacterium_succinatutens	M_met_D_e	0.0	0.0	0	0.0
all	western_diet_gut_anoxic_membership	Eubacterium_rectale	Phascolarctobacterium_succinatutens	M_met_L_e	0.0	1.0	0	0.0
all	western_diet_gut_anoxic_membership	Eubacterium_rectale	Phascolarctobacterium_succinatutens	M_metala_e	0.0	0.0	0	0.0
all	western_diet_gut_anoxic_membership	Eubacterium_rectale	Phascolarctobacterium_succinatutens	M_mg2_e	0.0	1.0	0	0.0
all	western_diet_gut_anoxic_membership	Eubacterium_rectale	Phascolarctobacterium_succinatutens	M_mn2_e	0.0	1.0	0	0.0
all	western_diet_gut_anoxic_membership	Eubacterium_rectale	Phascolarctobacterium_succinatutens	M_mnl_e	0.0	0.0	0	0.0
all	western_diet_gut_anoxic_membership	Eubacterium_rectale	Phascolarctobacterium_succinatutens	M_mqn7_e	0.0	0.0	0	0.0
all	western_diet_gut_anoxic_membership	Eubacterium_rectale	Phascolarctobacterium_succinatutens	M_na1_e	0.0	0.0	0	0.0
all	western_diet_gut_anoxic_membership	Eubacterium_rectale	Phascolarctobacterium_succinatutens	M_nac_e	0.0	0.0	0	0.0
all	western_diet_gut_anoxic_membership	Eubacterium_rectale	Phascolarctobacterium_succinatutens	M_nchlphncl_e	0.0	0.0	1	0.0
all	western_diet_gut_anoxic_membership	Eubacterium_rectale	Phascolarctobacterium_succinatutens	M_nh4_e	0.0	0.28	1	0.0
all	western_diet_gut_anoxic_membership	Eubacterium_rectale	Phascolarctobacterium_succinatutens	M_nzp_e	0.0	0.0	1	0.0
all	western_diet_gut_anoxic_membership	Eubacterium_rectale	Phascolarctobacterium_succinatutens	M_o2_e	0.0	0.0	0	0.0
all	western_diet_gut_anoxic_membership	Eubacterium_rectale	Phascolarctobacterium_succinatutens	M_ocdca_e	0.0	0.0	0	0.0
all	western_diet_gut_anoxic_membership	Eubacterium_rectale	Phascolarctobacterium_succinatutens	M_orn_e	0.0	0.0	0	0.0
all	western_diet_gut_anoxic_membership	Eubacterium_rectale	Phascolarctobacterium_succinatutens	M_pb_e	0.0	0.0	0	0.0
all	western_diet_gut_anoxic_membership	Eubacterium_rectale	Phascolarctobacterium_succinatutens	M_pcresol_e	0.0	0.0	0	0.0
all	western_diet_gut_anoxic_membership	Eubacterium_rectale	Phascolarctobacterium_succinatutens	M_phe_L_e	0.0	1.0	0	0.0
all	western_diet_gut_anoxic_membership	Eubacterium_rectale	Phascolarctobacterium_succinatutens	M_pheme_e	0.0	0.0	0	0.0
all	western_diet_gut_anoxic_membership	Eubacterium_rectale	Phascolarctobacterium_succinatutens	M_pi_e	0.0	0.86	0	0.0
all	western_diet_gut_anoxic_membership	Eubacterium_rectale	Phascolarctobacterium_succinatutens	M_pnto_R_e	0.0	0.0	0	0.0
all	western_diet_gut_anoxic_membership	Eubacterium_rectale	Phascolarctobacterium_succinatutens	M_ppa_e	0.0	0.0	1	0.0
all	western_diet_gut_anoxic_membership	Eubacterium_rectale	Phascolarctobacterium_succinatutens	M_pro_L_e	0.0	0.0	0	0.0
all	western_diet_gut_anoxic_membership	Eubacterium_rectale	Phascolarctobacterium_succinatutens	M_ptrc_e	0.0	0.0	0	0.0
all	western_diet_gut_anoxic_membership	Eubacterium_rectale	Phascolarctobacterium_succinatutens	M_pydx_e	0.0	0.0	0	0.0
all	western_diet_gut_anoxic_membership	Eubacterium_rectale	Phascolarctobacterium_succinatutens	M_raffin_e	0.0	0.0	0	0.0
all	western_diet_gut_anoxic_membership	Eubacterium_rectale	Phascolarctobacterium_succinatutens	M_rib_D_e	0.0	0.0	0	0.0
all	western_diet_gut_anoxic_membership	Eubacterium_rectale	Phascolarctobacterium_succinatutens	M_ribflv_e	0.0	1.0	0	0.0
all	western_diet_gut_anoxic_membership	Eubacterium_rectale	Phascolarctobacterium_succinatutens	M_salcn_e	0.0	0.0	0	0.0
all	western_diet_gut_anoxic_membership	Eubacterium_rectale	Phascolarctobacterium_succinatutens	M_sbt_D_e	0.0	0.0	0	0.0
all	western_diet_gut_anoxic_membership	Eubacterium_rectale	Phascolarctobacterium_succinatutens	M_ser_L_e	0.0	0.1	0	0.0
all	western_diet_gut_anoxic_membership	Eubacterium_rectale	Phascolarctobacterium_succinatutens	M_so4_e	0.0	1.0	0	0.0
all	western_diet_gut_anoxic_membership	Eubacterium_rectale	Phascolarctobacterium_succinatutens	M_spmd_e	0.0	0.0	0	0.0
all	western_diet_gut_anoxic_membership	Eubacterium_rectale	Phascolarctobacterium_succinatutens	M_strch1_e	0.0	0.0	0	0.0
all	western_diet_gut_anoxic_membership	Eubacterium_rectale	Phascolarctobacterium_succinatutens	M_strch2_e	0.0	0.0	0	0.0
all	western_diet_gut_anoxic_membership	Eubacterium_rectale	Phascolarctobacterium_succinatutens	M_stys_e	0.0	0.0	0	0.0
all	western_diet_gut_anoxic_membership	Eubacterium_rectale	Phascolarctobacterium_succinatutens	M_succ_e	0.0	0.0	0	0.0
all	western_diet_gut_anoxic_membership	Eubacterium_rectale	Phascolarctobacterium_succinatutens	M_sucr_e	0.0	0.0	0	0.0
all	western_diet_gut_anoxic_membership	Eubacterium_rectale	Phascolarctobacterium_succinatutens	M_thm_e	0.0	1.0	0	0.0
all	western_diet_gut_anoxic_membership	Eubacterium_rectale	Phascolarctobacterium_succinatutens	M_thr_L_e	0.0	0.04	0	0.0
all	western_diet_gut_anoxic_membership	Eubacterium_rectale	Phascolarctobacterium_succinatutens	M_thymd_e	0.0	0.0	0	0.0
all	western_diet_gut_anoxic_membership	Eubacterium_rectale	Phascolarctobacterium_succinatutens	M_tre_e	0.0	0.0	0	0.0
all	western_diet_gut_anoxic_membership	Eubacterium_rectale	Phascolarctobacterium_succinatutens	M_trp_L_e	0.0	0.0	0	0.0
all	western_diet_gut_anoxic_membership	Eubacterium_rectale	Phascolarctobacterium_succinatutens	M_tsul_e	0.0	0.0	0	0.0
all	western_diet_gut_anoxic_membership	Eubacterium_rectale	Phascolarctobacterium_succinatutens	M_ttdca_e	0.0	0.0	0	0.0
all	western_diet_gut_anoxic_membership	Eubacterium_rectale	Phascolarctobacterium_succinatutens	M_tyr_L_e	0.0	1.0	0	0.0
all	western_diet_gut_anoxic_membership	Eubacterium_rectale	Phascolarctobacterium_succinatutens	M_ura_e	0.0	0.0	0	0.0
all	western_diet_gut_anoxic_membership	Eubacterium_rectale	Phascolarctobacterium_succinatutens	M_val_L_e	0.0	0.0	0	0.0
all	western_diet_gut_anoxic_membership	Eubacterium_rectale	Phascolarctobacterium_succinatutens	M_xan_e	0.0	0.0	0	0.0
all	western_diet_gut_anoxic_membership	Eubacterium_rectale	Phascolarctobacterium_succinatutens	M_xyl_D_e	0.0	0.06	0	0.0
all	western_diet_gut_anoxic_membership	Eubacterium_rectale	Phascolarctobacterium_succinatutens	M_xylottr_e	0.0	0.0	0	0.0
all	western_diet_gut_anoxic_membership	Eubacterium_rectale	Phascolarctobacterium_succinatutens	M_zn2_e	0.0	1.0	0	0.0
all	western_diet_gut_anoxic_membership	Eubacterium_rectale	Acidaminococcus_intestini	M_26dap_M_e	0.0	0.0	0	0.0
all	western_diet_gut_anoxic_membership	Eubacterium_rectale	Acidaminococcus_intestini	M_4abut_e	0.0	0.0	0	0.0
all	western_diet_gut_anoxic_membership	Eubacterium_rectale	Acidaminococcus_intestini	M_4abz_e	0.0	0.0	0	0.0
all	western_diet_gut_anoxic_membership	Eubacterium_rectale	Acidaminococcus_intestini	M_4ahmmp_e	0.0	0.0	0	0.0
all	western_diet_gut_anoxic_membership	Eubacterium_rectale	Acidaminococcus_intestini	M_7a_czp_e	0.0	0.0	1	0.0
all	western_diet_gut_anoxic_membership	Eubacterium_rectale	Acidaminococcus_intestini	M_Cit_Mg_e	0.0	0.0	0	0.0
all	western_diet_gut_anoxic_membership	Eubacterium_rectale	Acidaminococcus_intestini	M_Lcyst_e	0.0	0.0	0	0.0
all	western_diet_gut_anoxic_membership	Eubacterium_rectale	Acidaminococcus_intestini	M_ac_e	0.0	0.0	0	0.0
all	western_diet_gut_anoxic_membership	Eubacterium_rectale	Acidaminococcus_intestini	M_acald_e	0.0	0.0	1	0.0
all	western_diet_gut_anoxic_membership	Eubacterium_rectale	Acidaminococcus_intestini	M_acgam_e	0.0	0.0	0	0.0
all	western_diet_gut_anoxic_membership	Eubacterium_rectale	Acidaminococcus_intestini	M_ade_e	0.0	0.0	0	0.0
all	western_diet_gut_anoxic_membership	Eubacterium_rectale	Acidaminococcus_intestini	M_adocbl_e	0.0	0.0	0	0.0
all	western_diet_gut_anoxic_membership	Eubacterium_rectale	Acidaminococcus_intestini	M_ala_D_e	0.0	0.51	0	0.0
all	western_diet_gut_anoxic_membership	Eubacterium_rectale	Acidaminococcus_intestini	M_ala_L_e	0.0	0.49	0	0.0
all	western_diet_gut_anoxic_membership	Eubacterium_rectale	Acidaminococcus_intestini	M_alaasp_e	0.0	0.0	0	0.0
all	western_diet_gut_anoxic_membership	Eubacterium_rectale	Acidaminococcus_intestini	M_alagln_e	0.0	0.0	0	0.0
all	western_diet_gut_anoxic_membership	Eubacterium_rectale	Acidaminococcus_intestini	M_alaglu_e	0.0	0.0	0	0.0
all	western_diet_gut_anoxic_membership	Eubacterium_rectale	Acidaminococcus_intestini	M_alagly_e	0.0	0.0	0	0.0
all	western_diet_gut_anoxic_membership	Eubacterium_rectale	Acidaminococcus_intestini	M_alahis_e	0.0	0.0	0	0.0
all	western_diet_gut_anoxic_membership	Eubacterium_rectale	Acidaminococcus_intestini	M_alaleu_e	0.0	0.0	0	0.0
all	western_diet_gut_anoxic_membership	Eubacterium_rectale	Acidaminococcus_intestini	M_alathr_e	0.0	0.0	0	0.0
all	western_diet_gut_anoxic_membership	Eubacterium_rectale	Acidaminococcus_intestini	M_amylopect900_e	0.0	0.0	0	0.0
all	western_diet_gut_anoxic_membership	Eubacterium_rectale	Acidaminococcus_intestini	M_amylose300_e	0.0	0.0	0	0.0
all	western_diet_gut_anoxic_membership	Eubacterium_rectale	Acidaminococcus_intestini	M_anzp_e	0.0	0.0	1	0.0
all	western_diet_gut_anoxic_membership	Eubacterium_rectale	Acidaminococcus_intestini	M_arab_L_e	0.0	0.06	0	0.0
all	western_diet_gut_anoxic_membership	Eubacterium_rectale	Acidaminococcus_intestini	M_arabttr_e	0.0	0.0	0	0.0
all	western_diet_gut_anoxic_membership	Eubacterium_rectale	Acidaminococcus_intestini	M_arbt_e	0.0	0.0	0	0.0
all	western_diet_gut_anoxic_membership	Eubacterium_rectale	Acidaminococcus_intestini	M_arg_L_e	0.0	0.0	0	0.0
all	western_diet_gut_anoxic_membership	Eubacterium_rectale	Acidaminococcus_intestini	M_arsenb_e	0.0	0.0	0	0.0
all	western_diet_gut_anoxic_membership	Eubacterium_rectale	Acidaminococcus_intestini	M_asn_L_e	0.0	0.0	0	0.0
all	western_diet_gut_anoxic_membership	Eubacterium_rectale	Acidaminococcus_intestini	M_asp_L_e	0.0	0.12	0	0.0
all	western_diet_gut_anoxic_membership	Eubacterium_rectale	Acidaminococcus_intestini	M_btn_e	0.0	0.0	0	0.0
all	western_diet_gut_anoxic_membership	Eubacterium_rectale	Acidaminococcus_intestini	M_but_e	0.0	0.0	1	0.0
all	western_diet_gut_anoxic_membership	Eubacterium_rectale	Acidaminococcus_intestini	M_butso3_e	0.0	0.0	0	0.0
all	western_diet_gut_anoxic_membership	Eubacterium_rectale	Acidaminococcus_intestini	M_ca2_e	0.0	1.0	0	0.0
all	western_diet_gut_anoxic_membership	Eubacterium_rectale	Acidaminococcus_intestini	M_cbl1_e	0.0	0.0	0	0.0
all	western_diet_gut_anoxic_membership	Eubacterium_rectale	Acidaminococcus_intestini	M_cbl2_e	0.0	0.0	0	0.0
all	western_diet_gut_anoxic_membership	Eubacterium_rectale	Acidaminococcus_intestini	M_cd2_e	0.0	0.0	0	0.0
all	western_diet_gut_anoxic_membership	Eubacterium_rectale	Acidaminococcus_intestini	M_cellb_e	0.0	0.0	0	0.0
all	western_diet_gut_anoxic_membership	Eubacterium_rectale	Acidaminococcus_intestini	M_cgly_e	0.0	0.27	0	0.0
all	western_diet_gut_anoxic_membership	Eubacterium_rectale	Acidaminococcus_intestini	M_chlphncl_e	0.0	0.0	1	0.0
all	western_diet_gut_anoxic_membership	Eubacterium_rectale	Acidaminococcus_intestini	M_cl_e	0.0	1.0	0	0.0
all	western_diet_gut_anoxic_membership	Eubacterium_rectale	Acidaminococcus_intestini	M_co2_e	0.0	0.0	1	0.0
all	western_diet_gut_anoxic_membership	Eubacterium_rectale	Acidaminococcus_intestini	M_cobalt2_e	0.0	1.0	0	0.0
all	western_diet_gut_anoxic_membership	Eubacterium_rectale	Acidaminococcus_intestini	M_cro4_e	0.0	0.0	0	0.0
all	western_diet_gut_anoxic_membership	Eubacterium_rectale	Acidaminococcus_intestini	M_ctbt_e	0.0	0.0	0	0.0
all	western_diet_gut_anoxic_membership	Eubacterium_rectale	Acidaminococcus_intestini	M_cu2_e	0.0	1.0	0	0.0
all	western_diet_gut_anoxic_membership	Eubacterium_rectale	Acidaminococcus_intestini	M_cys_L_e	0.0	0.73	0	0.0
all	western_diet_gut_anoxic_membership	Eubacterium_rectale	Acidaminococcus_intestini	M_czp_e	0.0	0.0	1	0.0
all	western_diet_gut_anoxic_membership	Eubacterium_rectale	Acidaminococcus_intestini	M_ddca_e	0.0	0.0	0	0.0
all	western_diet_gut_anoxic_membership	Eubacterium_rectale	Acidaminococcus_intestini	M_dfdcytd_e	0.0	0.0	0	0.0
all	western_diet_gut_anoxic_membership	Eubacterium_rectale	Acidaminococcus_intestini	M_dfduri_e	0.0	0.0	0	0.0
all	western_diet_gut_anoxic_membership	Eubacterium_rectale	Acidaminococcus_intestini	M_drib_e	0.0	0.0	0	0.0
all	western_diet_gut_anoxic_membership	Eubacterium_rectale	Acidaminococcus_intestini	M_ethso3_e	0.0	0.0	0	0.0
all	western_diet_gut_anoxic_membership	Eubacterium_rectale	Acidaminococcus_intestini	M_etoh_e	0.0	0.0	1	0.0
all	western_diet_gut_anoxic_membership	Eubacterium_rectale	Acidaminococcus_intestini	M_fe2_e	0.0	1.0	0	0.0
all	western_diet_gut_anoxic_membership	Eubacterium_rectale	Acidaminococcus_intestini	M_fe3_e	0.0	1.0	0	0.0
all	western_diet_gut_anoxic_membership	Eubacterium_rectale	Acidaminococcus_intestini	M_fol_e	0.0	1.0	0	0.0
all	western_diet_gut_anoxic_membership	Eubacterium_rectale	Acidaminococcus_intestini	M_for_e	0.0	0.0	0	0.0
all	western_diet_gut_anoxic_membership	Eubacterium_rectale	Acidaminococcus_intestini	M_fru_e	0.0	0.02	0	0.0
all	western_diet_gut_anoxic_membership	Eubacterium_rectale	Acidaminococcus_intestini	M_fum_e	0.0	0.14	0	0.0
all	western_diet_gut_anoxic_membership	Eubacterium_rectale	Acidaminococcus_intestini	M_gal_e	0.0	0.02	0	0.0
all	western_diet_gut_anoxic_membership	Eubacterium_rectale	Acidaminococcus_intestini	M_galt_e	0.0	0.0	0	0.0
all	western_diet_gut_anoxic_membership	Eubacterium_rectale	Acidaminococcus_intestini	M_gam_e	0.0	0.02	0	0.0
all	western_diet_gut_anoxic_membership	Eubacterium_rectale	Acidaminococcus_intestini	M_gbbtn_e	0.0	0.0	0	0.0
all	western_diet_gut_anoxic_membership	Eubacterium_rectale	Acidaminococcus_intestini	M_glc_D_e	0.0	0.02	0	0.0
all	western_diet_gut_anoxic_membership	Eubacterium_rectale	Acidaminococcus_intestini	M_gln_L_e	0.0	0.02	0	0.0
all	western_diet_gut_anoxic_membership	Eubacterium_rectale	Acidaminococcus_intestini	M_glu_L_e	0.0	0.08	0	0.0
all	western_diet_gut_anoxic_membership	Eubacterium_rectale	Acidaminococcus_intestini	M_glutar_e	0.0	0.0	0	0.0
all	western_diet_gut_anoxic_membership	Eubacterium_rectale	Acidaminococcus_intestini	M_gly_e	0.0	0.06	0	0.0
all	western_diet_gut_anoxic_membership	Eubacterium_rectale	Acidaminococcus_intestini	M_glyasn_e	0.0	0.0	0	0.0
all	western_diet_gut_anoxic_membership	Eubacterium_rectale	Acidaminococcus_intestini	M_glyasp_e	0.0	0.02	0	0.0
all	western_diet_gut_anoxic_membership	Eubacterium_rectale	Acidaminococcus_intestini	M_glyb_e	0.0	0.0	0	0.0
all	western_diet_gut_anoxic_membership	Eubacterium_rectale	Acidaminococcus_intestini	M_glyc3p_e	0.0	0.14	0	0.0
all	western_diet_gut_anoxic_membership	Eubacterium_rectale	Acidaminococcus_intestini	M_glycys_e	0.0	0.0	0	0.0
all	western_diet_gut_anoxic_membership	Eubacterium_rectale	Acidaminococcus_intestini	M_glygln_e	0.0	0.0	0	0.0
all	western_diet_gut_anoxic_membership	Eubacterium_rectale	Acidaminococcus_intestini	M_glyglu_e	0.0	0.0	0	0.0
all	western_diet_gut_anoxic_membership	Eubacterium_rectale	Acidaminococcus_intestini	M_glyleu_e	0.0	0.27	0	0.0
all	western_diet_gut_anoxic_membership	Eubacterium_rectale	Acidaminococcus_intestini	M_glymet_e	0.0	0.0	0	0.0
all	western_diet_gut_anoxic_membership	Eubacterium_rectale	Acidaminococcus_intestini	M_glyphe_e	0.0	0.0	0	0.0
all	western_diet_gut_anoxic_membership	Eubacterium_rectale	Acidaminococcus_intestini	M_glypro_e	0.0	0.0	0	0.0
all	western_diet_gut_anoxic_membership	Eubacterium_rectale	Acidaminococcus_intestini	M_glytyr_e	0.0	0.0	0	0.0
all	western_diet_gut_anoxic_membership	Eubacterium_rectale	Acidaminococcus_intestini	M_gua_e	0.0	0.0	0	0.0
all	western_diet_gut_anoxic_membership	Eubacterium_rectale	Acidaminococcus_intestini	M_h2_e	0.0	0.0	0	0.0
all	western_diet_gut_anoxic_membership	Eubacterium_rectale	Acidaminococcus_intestini	M_h2o_e	0.0	0.12	0	0.0
all	western_diet_gut_anoxic_membership	Eubacterium_rectale	Acidaminococcus_intestini	M_h_e	0.0	0.2	0	0.0
all	western_diet_gut_anoxic_membership	Eubacterium_rectale	Acidaminococcus_intestini	M_hexs_e	0.0	0.0	0	0.0
all	western_diet_gut_anoxic_membership	Eubacterium_rectale	Acidaminococcus_intestini	M_hg2_e	0.0	0.0	0	0.0
all	western_diet_gut_anoxic_membership	Eubacterium_rectale	Acidaminococcus_intestini	M_his_L_e	0.0	0.0	0	0.0
all	western_diet_gut_anoxic_membership	Eubacterium_rectale	Acidaminococcus_intestini	M_hxan_e	0.0	0.0	0	0.0
all	western_diet_gut_anoxic_membership	Eubacterium_rectale	Acidaminococcus_intestini	M_ile_L_e	0.0	0.0	0	0.0
all	western_diet_gut_anoxic_membership	Eubacterium_rectale	Acidaminococcus_intestini	M_ins_e	0.0	0.0	0	0.0
all	western_diet_gut_anoxic_membership	Eubacterium_rectale	Acidaminococcus_intestini	M_inulin_e	0.0	0.0	0	0.0
all	western_diet_gut_anoxic_membership	Eubacterium_rectale	Acidaminococcus_intestini	M_isetac_e	0.0	0.0	0	0.0
all	western_diet_gut_anoxic_membership	Eubacterium_rectale	Acidaminococcus_intestini	M_k_e	0.0	1.0	0	0.0
all	western_diet_gut_anoxic_membership	Eubacterium_rectale	Acidaminococcus_intestini	M_lac_D_e	0.0	0.16	1	0.0
all	western_diet_gut_anoxic_membership	Eubacterium_rectale	Acidaminococcus_intestini	M_lac_L_e	0.0	0.14	1	0.0
all	western_diet_gut_anoxic_membership	Eubacterium_rectale	Acidaminococcus_intestini	M_lcts_e	0.0	0.0	0	0.0
all	western_diet_gut_anoxic_membership	Eubacterium_rectale	Acidaminococcus_intestini	M_leu_L_e	0.0	0.73	0	0.0
all	western_diet_gut_anoxic_membership	Eubacterium_rectale	Acidaminococcus_intestini	M_lys_L_e	0.0	0.0	0	0.0
all	western_diet_gut_anoxic_membership	Eubacterium_rectale	Acidaminococcus_intestini	M_mal_L_e	0.0	0.0	1	0.0
all	western_diet_gut_anoxic_membership	Eubacterium_rectale	Acidaminococcus_intestini	M_malt_e	0.0	0.0	0	0.0
all	western_diet_gut_anoxic_membership	Eubacterium_rectale	Acidaminococcus_intestini	M_malthx_e	0.0	0.0	0	0.0
all	western_diet_gut_anoxic_membership	Eubacterium_rectale	Acidaminococcus_intestini	M_malttr_e	0.0	0.0	0	0.0
all	western_diet_gut_anoxic_membership	Eubacterium_rectale	Acidaminococcus_intestini	M_man_e	0.0	0.02	0	0.0
all	western_diet_gut_anoxic_membership	Eubacterium_rectale	Acidaminococcus_intestini	M_mantr_e	0.0	0.0	0	0.0
all	western_diet_gut_anoxic_membership	Eubacterium_rectale	Acidaminococcus_intestini	M_melib_e	0.0	0.0	0	0.0
all	western_diet_gut_anoxic_membership	Eubacterium_rectale	Acidaminococcus_intestini	M_met_D_e	0.0	0.0	0	0.0
all	western_diet_gut_anoxic_membership	Eubacterium_rectale	Acidaminococcus_intestini	M_met_L_e	0.0	1.0	0	0.0
all	western_diet_gut_anoxic_membership	Eubacterium_rectale	Acidaminococcus_intestini	M_metala_e	0.0	0.0	0	0.0
all	western_diet_gut_anoxic_membership	Eubacterium_rectale	Acidaminococcus_intestini	M_mg2_e	0.0	1.0	0	0.0
all	western_diet_gut_anoxic_membership	Eubacterium_rectale	Acidaminococcus_intestini	M_mn2_e	0.0	1.0	0	0.0
all	western_diet_gut_anoxic_membership	Eubacterium_rectale	Acidaminococcus_intestini	M_mnl_e	0.0	0.0	0	0.0
all	western_diet_gut_anoxic_membership	Eubacterium_rectale	Acidaminococcus_intestini	M_mops_e	0.0	0.0	0	0.0
all	western_diet_gut_anoxic_membership	Eubacterium_rectale	Acidaminococcus_intestini	M_mqn7_e	0.0	0.0	0	0.0
all	western_diet_gut_anoxic_membership	Eubacterium_rectale	Acidaminococcus_intestini	M_mso3_e	0.0	0.0	0	0.0
all	western_diet_gut_anoxic_membership	Eubacterium_rectale	Acidaminococcus_intestini	M_na1_e	0.0	0.0	0	0.0
all	western_diet_gut_anoxic_membership	Eubacterium_rectale	Acidaminococcus_intestini	M_nac_e	0.0	0.0	0	0.0
all	western_diet_gut_anoxic_membership	Eubacterium_rectale	Acidaminococcus_intestini	M_nchlphncl_e	0.0	0.0	1	0.0
all	western_diet_gut_anoxic_membership	Eubacterium_rectale	Acidaminococcus_intestini	M_nh4_e	0.0	0.28	1	0.0
all	western_diet_gut_anoxic_membership	Eubacterium_rectale	Acidaminococcus_intestini	M_no3_e	0.0	0.0	0	0.0
all	western_diet_gut_anoxic_membership	Eubacterium_rectale	Acidaminococcus_intestini	M_nzp_e	0.0	0.0	1	0.0
all	western_diet_gut_anoxic_membership	Eubacterium_rectale	Acidaminococcus_intestini	M_o2_e	0.0	0.0	1	0.0
all	western_diet_gut_anoxic_membership	Eubacterium_rectale	Acidaminococcus_intestini	M_ocdca_e	0.0	0.0	0	0.0
all	western_diet_gut_anoxic_membership	Eubacterium_rectale	Acidaminococcus_intestini	M_orn_e	0.0	0.0	0	0.0
all	western_diet_gut_anoxic_membership	Eubacterium_rectale	Acidaminococcus_intestini	M_orot_e	0.0	0.0	0	0.0
all	western_diet_gut_anoxic_membership	Eubacterium_rectale	Acidaminococcus_intestini	M_pb_e	0.0	0.0	0	0.0
all	western_diet_gut_anoxic_membership	Eubacterium_rectale	Acidaminococcus_intestini	M_pcresol_e	0.0	0.0	0	0.0
all	western_diet_gut_anoxic_membership	Eubacterium_rectale	Acidaminococcus_intestini	M_phe_L_e	0.0	1.0	0	0.0
all	western_diet_gut_anoxic_membership	Eubacterium_rectale	Acidaminococcus_intestini	M_pheme_e	0.0	0.0	0	0.0
all	western_diet_gut_anoxic_membership	Eubacterium_rectale	Acidaminococcus_intestini	M_pi_e	0.0	0.86	0	0.0
all	western_diet_gut_anoxic_membership	Eubacterium_rectale	Acidaminococcus_intestini	M_pnto_R_e	0.0	0.0	0	0.0
all	western_diet_gut_anoxic_membership	Eubacterium_rectale	Acidaminococcus_intestini	M_pro_L_e	0.0	0.0	0	0.0
all	western_diet_gut_anoxic_membership	Eubacterium_rectale	Acidaminococcus_intestini	M_ptrc_e	0.0	0.0	0	0.0
all	western_diet_gut_anoxic_membership	Eubacterium_rectale	Acidaminococcus_intestini	M_pydx5p_e	0.0	0.0	1	0.0
all	western_diet_gut_anoxic_membership	Eubacterium_rectale	Acidaminococcus_intestini	M_pydx_e	0.0	0.0	0	0.0
all	western_diet_gut_anoxic_membership	Eubacterium_rectale	Acidaminococcus_intestini	M_pyr_e	0.0	0.0	1	0.0
all	western_diet_gut_anoxic_membership	Eubacterium_rectale	Acidaminococcus_intestini	M_r406_e	0.0	0.0	0	0.0
all	western_diet_gut_anoxic_membership	Eubacterium_rectale	Acidaminococcus_intestini	M_r788_e	0.0	0.0	0	0.0
all	western_diet_gut_anoxic_membership	Eubacterium_rectale	Acidaminococcus_intestini	M_raffin_e	0.0	0.0	0	0.0
all	western_diet_gut_anoxic_membership	Eubacterium_rectale	Acidaminococcus_intestini	M_rib_D_e	0.0	0.0	0	0.0
all	western_diet_gut_anoxic_membership	Eubacterium_rectale	Acidaminococcus_intestini	M_ribflv_e	0.0	1.0	0	0.0
all	western_diet_gut_anoxic_membership	Eubacterium_rectale	Acidaminococcus_intestini	M_salcn_e	0.0	0.0	0	0.0
all	western_diet_gut_anoxic_membership	Eubacterium_rectale	Acidaminococcus_intestini	M_sbt_D_e	0.0	0.0	0	0.0
all	western_diet_gut_anoxic_membership	Eubacterium_rectale	Acidaminococcus_intestini	M_ser_L_e	0.0	0.1	0	0.0
all	western_diet_gut_anoxic_membership	Eubacterium_rectale	Acidaminococcus_intestini	M_so4_e	0.0	1.0	0	0.0
all	western_diet_gut_anoxic_membership	Eubacterium_rectale	Acidaminococcus_intestini	M_spmd_e	0.0	0.0	0	0.0
all	western_diet_gut_anoxic_membership	Eubacterium_rectale	Acidaminococcus_intestini	M_strch1_e	0.0	0.0	0	0.0
all	western_diet_gut_anoxic_membership	Eubacterium_rectale	Acidaminococcus_intestini	M_strch2_e	0.0	0.0	0	0.0
all	western_diet_gut_anoxic_membership	Eubacterium_rectale	Acidaminococcus_intestini	M_stys_e	0.0	0.0	0	0.0
all	western_diet_gut_anoxic_membership	Eubacterium_rectale	Acidaminococcus_intestini	M_succ_e	0.0	0.0	0	0.0
all	western_diet_gut_anoxic_membership	Eubacterium_rectale	Acidaminococcus_intestini	M_sucr_e	0.0	0.0	0	0.0
all	western_diet_gut_anoxic_membership	Eubacterium_rectale	Acidaminococcus_intestini	M_sulfac_e	0.0	0.0	0	0.0
all	western_diet_gut_anoxic_membership	Eubacterium_rectale	Acidaminococcus_intestini	M_taur_e	0.0	0.0	0	0.0
all	western_diet_gut_anoxic_membership	Eubacterium_rectale	Acidaminococcus_intestini	M_thm_e	0.0	1.0	0	0.0
all	western_diet_gut_anoxic_membership	Eubacterium_rectale	Acidaminococcus_intestini	M_thr_L_e	0.0	0.04	0	0.0
all	western_diet_gut_anoxic_membership	Eubacterium_rectale	Acidaminococcus_intestini	M_thymd_e	0.0	0.0	0	0.0
all	western_diet_gut_anoxic_membership	Eubacterium_rectale	Acidaminococcus_intestini	M_tre_e	0.0	0.0	0	0.0
all	western_diet_gut_anoxic_membership	Eubacterium_rectale	Acidaminococcus_intestini	M_trp_L_e	0.0	0.0	0	0.0
all	western_diet_gut_anoxic_membership	Eubacterium_rectale	Acidaminococcus_intestini	M_tsul_e	0.0	0.0	0	0.0
all	western_diet_gut_anoxic_membership	Eubacterium_rectale	Acidaminococcus_intestini	M_ttdca_e	0.0	0.0	0	0.0
all	western_diet_gut_anoxic_membership	Eubacterium_rectale	Acidaminococcus_intestini	M_tyr_L_e	0.0	1.0	0	0.0
all	western_diet_gut_anoxic_membership	Eubacterium_rectale	Acidaminococcus_intestini	M_ura_e	0.0	0.0	0	0.0
all	western_diet_gut_anoxic_membership	Eubacterium_rectale	Acidaminococcus_intestini	M_val_L_e	0.0	0.0	0	0.0
all	western_diet_gut_anoxic_membership	Eubacterium_rectale	Acidaminococcus_intestini	M_xan_e	0.0	0.0	0	0.0
all	western_diet_gut_anoxic_membership	Eubacterium_rectale	Acidaminococcus_intestini	M_xyl_D_e	0.0	0.06	0	0.0
all	western_diet_gut_anoxic_membership	Eubacterium_rectale	Acidaminococcus_intestini	M_xylottr_e	0.0	0.0	0	0.0
all	western_diet_gut_anoxic_membership	Eubacterium_rectale	Acidaminococcus_intestini	M_zn2_e	0.0	1.0	0	0.0
all	western_diet_gut_anoxic_membership	Eubacterium_rectale	Bacteroides_vulgatus	M_12ppd_S_e	0.0	0.0	1	0.0
all	western_diet_gut_anoxic_membership	Eubacterium_rectale	Bacteroides_vulgatus	M_26dap_M_e	0.0	0.0	0	0.0
all	western_diet_gut_anoxic_membership	Eubacterium_rectale	Bacteroides_vulgatus	M_4abut_e	0.0	0.0	1	0.0
all	western_diet_gut_anoxic_membership	Eubacterium_rectale	Bacteroides_vulgatus	M_4abz_e	0.0	0.0	0	0.0
all	western_diet_gut_anoxic_membership	Eubacterium_rectale	Bacteroides_vulgatus	M_5asa_e	0.0	0.0	0	0.0
all	western_diet_gut_anoxic_membership	Eubacterium_rectale	Bacteroides_vulgatus	M_7dhcdchol_e	0.0	0.0	0	0.0
all	western_diet_gut_anoxic_membership	Eubacterium_rectale	Bacteroides_vulgatus	M_7ocholate_e	0.0	0.0	0	0.0
all	western_diet_gut_anoxic_membership	Eubacterium_rectale	Bacteroides_vulgatus	M_C02528_e	0.0	0.0	0	0.0
all	western_diet_gut_anoxic_membership	Eubacterium_rectale	Bacteroides_vulgatus	M_Ser_Thr_e	0.0	0.0	0	0.0
all	western_diet_gut_anoxic_membership	Eubacterium_rectale	Bacteroides_vulgatus	M_T_antigen_e	0.0	0.0	0	0.0
all	western_diet_gut_anoxic_membership	Eubacterium_rectale	Bacteroides_vulgatus	M_Tn_antigen_e	0.0	0.0	0	0.0
all	western_diet_gut_anoxic_membership	Eubacterium_rectale	Bacteroides_vulgatus	M_Tyr_ggn_e	0.0	0.0	0	0.0
all	western_diet_gut_anoxic_membership	Eubacterium_rectale	Bacteroides_vulgatus	M_abz_ala_b_e	0.0	0.0	0	0.0
all	western_diet_gut_anoxic_membership	Eubacterium_rectale	Bacteroides_vulgatus	M_ac_e	0.0	0.0	0	0.0
all	western_diet_gut_anoxic_membership	Eubacterium_rectale	Bacteroides_vulgatus	M_acald_e	0.0	0.0	0	0.0
all	western_diet_gut_anoxic_membership	Eubacterium_rectale	Bacteroides_vulgatus	M_acgal_e	0.0	0.0	0	0.0
all	western_diet_gut_anoxic_membership	Eubacterium_rectale	Bacteroides_vulgatus	M_acgam_e	0.0	0.0	0	0.0
all	western_diet_gut_anoxic_membership	Eubacterium_rectale	Bacteroides_vulgatus	M_ade_e	0.0	0.0	0	0.0
all	western_diet_gut_anoxic_membership	Eubacterium_rectale	Bacteroides_vulgatus	M_adocbl_e	0.0	0.0	0	0.0
all	western_diet_gut_anoxic_membership	Eubacterium_rectale	Bacteroides_vulgatus	M_ala_D_e	0.0	0.51	0	0.0
all	western_diet_gut_anoxic_membership	Eubacterium_rectale	Bacteroides_vulgatus	M_ala_L_e	0.0	0.49	0	0.0
all	western_diet_gut_anoxic_membership	Eubacterium_rectale	Bacteroides_vulgatus	M_alaasp_e	0.0	0.0	0	0.0
all	western_diet_gut_anoxic_membership	Eubacterium_rectale	Bacteroides_vulgatus	M_alagln_e	0.0	0.0	0	0.0
all	western_diet_gut_anoxic_membership	Eubacterium_rectale	Bacteroides_vulgatus	M_alaglu_e	0.0	0.0	0	0.0
all	western_diet_gut_anoxic_membership	Eubacterium_rectale	Bacteroides_vulgatus	M_alagly_e	0.0	0.0	0	0.0
all	western_diet_gut_anoxic_membership	Eubacterium_rectale	Bacteroides_vulgatus	M_alahis_e	0.0	0.0	0	0.0
all	western_diet_gut_anoxic_membership	Eubacterium_rectale	Bacteroides_vulgatus	M_alaleu_e	0.0	0.0	0	0.0
all	western_diet_gut_anoxic_membership	Eubacterium_rectale	Bacteroides_vulgatus	M_alathr_e	0.0	0.0	0	0.0
all	western_diet_gut_anoxic_membership	Eubacterium_rectale	Bacteroides_vulgatus	M_amylopect900_e	0.0	0.0	0	0.0
all	western_diet_gut_anoxic_membership	Eubacterium_rectale	Bacteroides_vulgatus	M_amylose300_e	0.0	0.0	0	0.0
all	western_diet_gut_anoxic_membership	Eubacterium_rectale	Bacteroides_vulgatus	M_arab_L_e	0.0	0.06	0	0.0
all	western_diet_gut_anoxic_membership	Eubacterium_rectale	Bacteroides_vulgatus	M_arabttr_e	0.0	0.0	0	0.0
all	western_diet_gut_anoxic_membership	Eubacterium_rectale	Bacteroides_vulgatus	M_arbt_e	0.0	0.0	0	0.0
all	western_diet_gut_anoxic_membership	Eubacterium_rectale	Bacteroides_vulgatus	M_arg_L_e	0.0	0.0	0	0.0
all	western_diet_gut_anoxic_membership	Eubacterium_rectale	Bacteroides_vulgatus	M_arsenb_e	0.0	0.0	0	0.0
all	western_diet_gut_anoxic_membership	Eubacterium_rectale	Bacteroides_vulgatus	M_asn_L_e	0.0	0.0	0	0.0
all	western_diet_gut_anoxic_membership	Eubacterium_rectale	Bacteroides_vulgatus	M_asp_L_e	0.0	0.12	0	0.0
all	western_diet_gut_anoxic_membership	Eubacterium_rectale	Bacteroides_vulgatus	M_btn_e	0.0	0.0	0	0.0
all	western_diet_gut_anoxic_membership	Eubacterium_rectale	Bacteroides_vulgatus	M_but_e	0.0	0.0	0	0.0
all	western_diet_gut_anoxic_membership	Eubacterium_rectale	Bacteroides_vulgatus	M_bz_e	0.0	0.0	0	0.0
all	western_diet_gut_anoxic_membership	Eubacterium_rectale	Bacteroides_vulgatus	M_bzam_e	0.0	0.0	0	0.0
all	western_diet_gut_anoxic_membership	Eubacterium_rectale	Bacteroides_vulgatus	M_bzd_e	0.0	0.0	0	0.0
all	western_diet_gut_anoxic_membership	Eubacterium_rectale	Bacteroides_vulgatus	M_ca2_e	0.0	1.0	0	0.0
all	western_diet_gut_anoxic_membership	Eubacterium_rectale	Bacteroides_vulgatus	M_cbl1_e	0.0	0.0	0	0.0
all	western_diet_gut_anoxic_membership	Eubacterium_rectale	Bacteroides_vulgatus	M_cbl2_e	0.0	0.0	0	0.0
all	western_diet_gut_anoxic_membership	Eubacterium_rectale	Bacteroides_vulgatus	M_cd2_e	0.0	0.0	0	0.0
all	western_diet_gut_anoxic_membership	Eubacterium_rectale	Bacteroides_vulgatus	M_cellb_e	0.0	0.0	0	0.0
all	western_diet_gut_anoxic_membership	Eubacterium_rectale	Bacteroides_vulgatus	M_cgly_e	0.0	0.27	0	0.0
all	western_diet_gut_anoxic_membership	Eubacterium_rectale	Bacteroides_vulgatus	M_cholate_e	0.0	0.0	0	0.0
all	western_diet_gut_anoxic_membership	Eubacterium_rectale	Bacteroides_vulgatus	M_cl_e	0.0	1.0	0	0.0
all	western_diet_gut_anoxic_membership	Eubacterium_rectale	Bacteroides_vulgatus	M_co2_e	0.0	0.0	1	0.0
all	western_diet_gut_anoxic_membership	Eubacterium_rectale	Bacteroides_vulgatus	M_cobalt2_e	0.0	1.0	0	0.0
all	western_diet_gut_anoxic_membership	Eubacterium_rectale	Bacteroides_vulgatus	M_core2_e	0.0	0.0	0	0.0
all	western_diet_gut_anoxic_membership	Eubacterium_rectale	Bacteroides_vulgatus	M_core3_e	0.0	0.0	0	0.0
all	western_diet_gut_anoxic_membership	Eubacterium_rectale	Bacteroides_vulgatus	M_core4_e	0.0	0.0	0	0.0
all	western_diet_gut_anoxic_membership	Eubacterium_rectale	Bacteroides_vulgatus	M_core5_e	0.0	0.0	0	0.0
all	western_diet_gut_anoxic_membership	Eubacterium_rectale	Bacteroides_vulgatus	M_core6_e	0.0	0.0	0	0.0
all	western_diet_gut_anoxic_membership	Eubacterium_rectale	Bacteroides_vulgatus	M_core7_e	0.0	0.0	0	0.0
all	western_diet_gut_anoxic_membership	Eubacterium_rectale	Bacteroides_vulgatus	M_core8_e	0.0	0.0	0	0.0
all	western_diet_gut_anoxic_membership	Eubacterium_rectale	Bacteroides_vulgatus	M_cro4_e	0.0	0.0	0	0.0
all	western_diet_gut_anoxic_membership	Eubacterium_rectale	Bacteroides_vulgatus	M_ctbt_e	0.0	0.0	0	0.0
all	western_diet_gut_anoxic_membership	Eubacterium_rectale	Bacteroides_vulgatus	M_cu2_e	0.0	1.0	0	0.0
all	western_diet_gut_anoxic_membership	Eubacterium_rectale	Bacteroides_vulgatus	M_cys_L_e	0.0	0.73	0	0.0
all	western_diet_gut_anoxic_membership	Eubacterium_rectale	Bacteroides_vulgatus	M_dchac_e	0.0	0.0	0	0.0
all	western_diet_gut_anoxic_membership	Eubacterium_rectale	Bacteroides_vulgatus	M_ddca_e	0.0	0.0	0	0.0
all	western_diet_gut_anoxic_membership	Eubacterium_rectale	Bacteroides_vulgatus	M_dextrin_e	0.0	0.0	0	0.0
all	western_diet_gut_anoxic_membership	Eubacterium_rectale	Bacteroides_vulgatus	M_drib_e	0.0	0.0	0	0.0
all	western_diet_gut_anoxic_membership	Eubacterium_rectale	Bacteroides_vulgatus	M_dsT_antigen_e	0.0	0.0	0	0.0
all	western_diet_gut_anoxic_membership	Eubacterium_rectale	Bacteroides_vulgatus	M_f1a_e	0.0	0.0	0	0.0
all	western_diet_gut_anoxic_membership	Eubacterium_rectale	Bacteroides_vulgatus	M_fe2_e	0.0	1.0	0	0.0
all	western_diet_gut_anoxic_membership	Eubacterium_rectale	Bacteroides_vulgatus	M_fe3_e	0.0	1.0	0	0.0
all	western_diet_gut_anoxic_membership	Eubacterium_rectale	Bacteroides_vulgatus	M_fol_e	0.0	1.0	0	0.0
all	western_diet_gut_anoxic_membership	Eubacterium_rectale	Bacteroides_vulgatus	M_for_e	0.0	0.0	0	0.0
all	western_diet_gut_anoxic_membership	Eubacterium_rectale	Bacteroides_vulgatus	M_fru_e	0.0	0.02	0	0.0
all	western_diet_gut_anoxic_membership	Eubacterium_rectale	Bacteroides_vulgatus	M_fum_e	0.0	0.14	0	0.0
all	western_diet_gut_anoxic_membership	Eubacterium_rectale	Bacteroides_vulgatus	M_gal_e	0.0	0.02	0	0.0
all	western_diet_gut_anoxic_membership	Eubacterium_rectale	Bacteroides_vulgatus	M_galt_e	0.0	0.0	0	0.0
all	western_diet_gut_anoxic_membership	Eubacterium_rectale	Bacteroides_vulgatus	M_galur_e	0.0	0.0	0	0.0
all	western_diet_gut_anoxic_membership	Eubacterium_rectale	Bacteroides_vulgatus	M_gam_e	0.0	0.02	0	0.0
all	western_diet_gut_anoxic_membership	Eubacterium_rectale	Bacteroides_vulgatus	M_gbbtn_e	0.0	0.0	0	0.0
all	western_diet_gut_anoxic_membership	Eubacterium_rectale	Bacteroides_vulgatus	M_gcald_e	0.0	0.0	1	0.0
all	western_diet_gut_anoxic_membership	Eubacterium_rectale	Bacteroides_vulgatus	M_glc_D_e	0.0	0.02	1	0.0
all	western_diet_gut_anoxic_membership	Eubacterium_rectale	Bacteroides_vulgatus	M_glcur_e	0.0	0.0	0	0.0
all	western_diet_gut_anoxic_membership	Eubacterium_rectale	Bacteroides_vulgatus	M_gln_L_e	0.0	0.02	0	0.0
all	western_diet_gut_anoxic_membership	Eubacterium_rectale	Bacteroides_vulgatus	M_glu_L_e	0.0	0.08	0	0.0
all	western_diet_gut_anoxic_membership	Eubacterium_rectale	Bacteroides_vulgatus	M_gly_e	0.0	0.06	0	0.0
all	western_diet_gut_anoxic_membership	Eubacterium_rectale	Bacteroides_vulgatus	M_glyasn_e	0.0	0.0	0	0.0
all	western_diet_gut_anoxic_membership	Eubacterium_rectale	Bacteroides_vulgatus	M_glyasp_e	0.0	0.02	0	0.0
all	western_diet_gut_anoxic_membership	Eubacterium_rectale	Bacteroides_vulgatus	M_glyb_e	0.0	0.0	0	0.0
all	western_diet_gut_anoxic_membership	Eubacterium_rectale	Bacteroides_vulgatus	M_glyc3p_e	0.0	0.14	0	0.0
all	western_diet_gut_anoxic_membership	Eubacterium_rectale	Bacteroides_vulgatus	M_glycys_e	0.0	0.0	0	0.0
all	western_diet_gut_anoxic_membership	Eubacterium_rectale	Bacteroides_vulgatus	M_glygln_e	0.0	0.0	0	0.0
all	western_diet_gut_anoxic_membership	Eubacterium_rectale	Bacteroides_vulgatus	M_glyglu_e	0.0	0.0	0	0.0
all	western_diet_gut_anoxic_membership	Eubacterium_rectale	Bacteroides_vulgatus	M_glygn2_e	0.0	0.0	0	0.0
all	western_diet_gut_anoxic_membership	Eubacterium_rectale	Bacteroides_vulgatus	M_glygn4_e	0.0	0.0	0	0.0
all	western_diet_gut_anoxic_membership	Eubacterium_rectale	Bacteroides_vulgatus	M_glygn5_e	0.0	0.0	0	0.0
all	western_diet_gut_anoxic_membership	Eubacterium_rectale	Bacteroides_vulgatus	M_glyleu_e	0.0	0.27	0	0.0
all	western_diet_gut_anoxic_membership	Eubacterium_rectale	Bacteroides_vulgatus	M_glymet_e	0.0	0.0	0	0.0
all	western_diet_gut_anoxic_membership	Eubacterium_rectale	Bacteroides_vulgatus	M_glyphe_e	0.0	0.0	0	0.0
all	western_diet_gut_anoxic_membership	Eubacterium_rectale	Bacteroides_vulgatus	M_glypro_e	0.0	0.0	0	0.0
all	western_diet_gut_anoxic_membership	Eubacterium_rectale	Bacteroides_vulgatus	M_glytyr_e	0.0	0.0	0	0.0
all	western_diet_gut_anoxic_membership	Eubacterium_rectale	Bacteroides_vulgatus	M_gncore1_e	0.0	0.0	0	0.0
all	western_diet_gut_anoxic_membership	Eubacterium_rectale	Bacteroides_vulgatus	M_gncore2_e	0.0	0.0	0	0.0
all	western_diet_gut_anoxic_membership	Eubacterium_rectale	Bacteroides_vulgatus	M_gua_e	0.0	0.0	0	0.0
all	western_diet_gut_anoxic_membership	Eubacterium_rectale	Bacteroides_vulgatus	M_h2_e	0.0	0.0	0	0.0
all	western_diet_gut_anoxic_membership	Eubacterium_rectale	Bacteroides_vulgatus	M_h2o_e	0.0	0.12	0	0.0
all	western_diet_gut_anoxic_membership	Eubacterium_rectale	Bacteroides_vulgatus	M_h_e	0.0	0.2	0	0.0
all	western_diet_gut_anoxic_membership	Eubacterium_rectale	Bacteroides_vulgatus	M_hg2_e	0.0	0.0	0	0.0
all	western_diet_gut_anoxic_membership	Eubacterium_rectale	Bacteroides_vulgatus	M_his_L_e	0.0	0.0	0	0.0
all	western_diet_gut_anoxic_membership	Eubacterium_rectale	Bacteroides_vulgatus	M_hxan_e	0.0	0.0	0	0.0
all	western_diet_gut_anoxic_membership	Eubacterium_rectale	Bacteroides_vulgatus	M_ile_L_e	0.0	0.0	0	0.0
all	western_diet_gut_anoxic_membership	Eubacterium_rectale	Bacteroides_vulgatus	M_inulin_e	0.0	0.0	0	0.0
all	western_diet_gut_anoxic_membership	Eubacterium_rectale	Bacteroides_vulgatus	M_isobut_e	0.0	0.0	1	0.0
all	western_diet_gut_anoxic_membership	Eubacterium_rectale	Bacteroides_vulgatus	M_isocapr_e	0.0	0.0	1	0.0
all	western_diet_gut_anoxic_membership	Eubacterium_rectale	Bacteroides_vulgatus	M_isoval_e	0.0	0.0	1	0.0
all	western_diet_gut_anoxic_membership	Eubacterium_rectale	Bacteroides_vulgatus	M_k_e	0.0	1.0	0	0.0
all	western_diet_gut_anoxic_membership	Eubacterium_rectale	Bacteroides_vulgatus	M_kesto_e	0.0	0.0	0	0.0
all	western_diet_gut_anoxic_membership	Eubacterium_rectale	Bacteroides_vulgatus	M_kestottr_e	0.0	0.0	0	0.0
all	western_diet_gut_anoxic_membership	Eubacterium_rectale	Bacteroides_vulgatus	M_lac_D_e	0.0	0.16	1	0.0
all	western_diet_gut_anoxic_membership	Eubacterium_rectale	Bacteroides_vulgatus	M_lac_L_e	0.0	0.14	1	0.0
all	western_diet_gut_anoxic_membership	Eubacterium_rectale	Bacteroides_vulgatus	M_lcts_e	0.0	0.0	0	0.0
all	western_diet_gut_anoxic_membership	Eubacterium_rectale	Bacteroides_vulgatus	M_leu_L_e	0.0	0.73	0	0.0
all	western_diet_gut_anoxic_membership	Eubacterium_rectale	Bacteroides_vulgatus	M_lys_L_e	0.0	0.0	0	0.0
all	western_diet_gut_anoxic_membership	Eubacterium_rectale	Bacteroides_vulgatus	M_malt_e	0.0	0.0	0	0.0
all	western_diet_gut_anoxic_membership	Eubacterium_rectale	Bacteroides_vulgatus	M_malthx_e	0.0	0.0	0	0.0
all	western_diet_gut_anoxic_membership	Eubacterium_rectale	Bacteroides_vulgatus	M_malttr_e	0.0	0.0	1	0.0
all	western_diet_gut_anoxic_membership	Eubacterium_rectale	Bacteroides_vulgatus	M_man_e	0.0	0.02	0	0.0
all	western_diet_gut_anoxic_membership	Eubacterium_rectale	Bacteroides_vulgatus	M_mantr_e	0.0	0.0	0	0.0
all	western_diet_gut_anoxic_membership	Eubacterium_rectale	Bacteroides_vulgatus	M_melib_e	0.0	0.0	0	0.0
all	western_diet_gut_anoxic_membership	Eubacterium_rectale	Bacteroides_vulgatus	M_met_L_e	0.0	1.0	0	0.0
all	western_diet_gut_anoxic_membership	Eubacterium_rectale	Bacteroides_vulgatus	M_metala_e	0.0	0.0	0	0.0
all	western_diet_gut_anoxic_membership	Eubacterium_rectale	Bacteroides_vulgatus	M_mg2_e	0.0	1.0	0	0.0
all	western_diet_gut_anoxic_membership	Eubacterium_rectale	Bacteroides_vulgatus	M_mn2_e	0.0	1.0	0	0.0
all	western_diet_gut_anoxic_membership	Eubacterium_rectale	Bacteroides_vulgatus	M_mnl_e	0.0	0.0	0	0.0
all	western_diet_gut_anoxic_membership	Eubacterium_rectale	Bacteroides_vulgatus	M_mqn7_e	0.0	0.0	0	0.0
all	western_diet_gut_anoxic_membership	Eubacterium_rectale	Bacteroides_vulgatus	M_na1_e	0.0	0.0	0	0.0
all	western_diet_gut_anoxic_membership	Eubacterium_rectale	Bacteroides_vulgatus	M_nac_e	0.0	0.0	0	0.0
all	western_diet_gut_anoxic_membership	Eubacterium_rectale	Bacteroides_vulgatus	M_neopront_e	0.0	0.0	0	0.0
all	western_diet_gut_anoxic_membership	Eubacterium_rectale	Bacteroides_vulgatus	M_nh4_e	0.0	0.28	1	0.0
all	western_diet_gut_anoxic_membership	Eubacterium_rectale	Bacteroides_vulgatus	M_o2_e	0.0	0.0	0	0.0
all	western_diet_gut_anoxic_membership	Eubacterium_rectale	Bacteroides_vulgatus	M_ocdca_e	0.0	0.0	0	0.0
all	western_diet_gut_anoxic_membership	Eubacterium_rectale	Bacteroides_vulgatus	M_olsa_e	0.0	0.0	0	0.0
all	western_diet_gut_anoxic_membership	Eubacterium_rectale	Bacteroides_vulgatus	M_orn_e	0.0	0.0	0	0.0
all	western_diet_gut_anoxic_membership	Eubacterium_rectale	Bacteroides_vulgatus	M_pb_e	0.0	0.0	0	0.0
all	western_diet_gut_anoxic_membership	Eubacterium_rectale	Bacteroides_vulgatus	M_phe_L_e	0.0	1.0	0	0.0
all	western_diet_gut_anoxic_membership	Eubacterium_rectale	Bacteroides_vulgatus	M_pheme_e	0.0	0.0	0	0.0
all	western_diet_gut_anoxic_membership	Eubacterium_rectale	Bacteroides_vulgatus	M_pi_e	0.0	0.86	0	0.0
all	western_diet_gut_anoxic_membership	Eubacterium_rectale	Bacteroides_vulgatus	M_pnto_R_e	0.0	0.0	0	0.0
all	western_diet_gut_anoxic_membership	Eubacterium_rectale	Bacteroides_vulgatus	M_ppa_e	0.0	0.0	1	0.0
all	western_diet_gut_anoxic_membership	Eubacterium_rectale	Bacteroides_vulgatus	M_ppi_e	0.0	0.0	1	0.0
all	western_diet_gut_anoxic_membership	Eubacterium_rectale	Bacteroides_vulgatus	M_pro_L_e	0.0	0.0	0	0.0
all	western_diet_gut_anoxic_membership	Eubacterium_rectale	Bacteroides_vulgatus	M_pront_e	0.0	0.0	0	0.0
all	western_diet_gut_anoxic_membership	Eubacterium_rectale	Bacteroides_vulgatus	M_ptrc_e	0.0	0.0	0	0.0
all	western_diet_gut_anoxic_membership	Eubacterium_rectale	Bacteroides_vulgatus	M_pydx_e	0.0	0.0	0	0.0
all	western_diet_gut_anoxic_membership	Eubacterium_rectale	Bacteroides_vulgatus	M_pyr_e	0.0	0.0	1	0.0
all	western_diet_gut_anoxic_membership	Eubacterium_rectale	Bacteroides_vulgatus	M_raffin_e	0.0	0.0	0	0.0
all	western_diet_gut_anoxic_membership	Eubacterium_rectale	Bacteroides_vulgatus	M_rib_D_e	0.0	0.0	0	0.0
all	western_diet_gut_anoxic_membership	Eubacterium_rectale	Bacteroides_vulgatus	M_ribflv_e	0.0	1.0	0	0.0
all	western_diet_gut_anoxic_membership	Eubacterium_rectale	Bacteroides_vulgatus	M_sT_antigen_e	0.0	0.0	0	0.0
all	western_diet_gut_anoxic_membership	Eubacterium_rectale	Bacteroides_vulgatus	M_sTn_antigen_e	0.0	0.0	0	0.0
all	western_diet_gut_anoxic_membership	Eubacterium_rectale	Bacteroides_vulgatus	M_salcn_e	0.0	0.0	0	0.0
all	western_diet_gut_anoxic_membership	Eubacterium_rectale	Bacteroides_vulgatus	M_sanilamide_e	0.0	0.0	0	0.0
all	western_diet_gut_anoxic_membership	Eubacterium_rectale	Bacteroides_vulgatus	M_sbt_D_e	0.0	0.0	0	0.0
all	western_diet_gut_anoxic_membership	Eubacterium_rectale	Bacteroides_vulgatus	M_ser_L_e	0.0	0.1	0	0.0
all	western_diet_gut_anoxic_membership	Eubacterium_rectale	Bacteroides_vulgatus	M_so4_e	0.0	1.0	0	0.0
all	western_diet_gut_anoxic_membership	Eubacterium_rectale	Bacteroides_vulgatus	M_spmd_e	0.0	0.0	0	0.0
all	western_diet_gut_anoxic_membership	Eubacterium_rectale	Bacteroides_vulgatus	M_ssz_e	0.0	0.0	0	0.0
all	western_diet_gut_anoxic_membership	Eubacterium_rectale	Bacteroides_vulgatus	M_strch1_e	0.0	0.0	0	0.0
all	western_diet_gut_anoxic_membership	Eubacterium_rectale	Bacteroides_vulgatus	M_strch2_e	0.0	0.0	0	0.0
all	western_diet_gut_anoxic_membership	Eubacterium_rectale	Bacteroides_vulgatus	M_stys_e	0.0	0.0	0	0.0
all	western_diet_gut_anoxic_membership	Eubacterium_rectale	Bacteroides_vulgatus	M_succ_e	0.0	0.0	0	0.0
all	western_diet_gut_anoxic_membership	Eubacterium_rectale	Bacteroides_vulgatus	M_sucr_e	0.0	0.0	0	0.0
all	western_diet_gut_anoxic_membership	Eubacterium_rectale	Bacteroides_vulgatus	M_sulfp_e	0.0	0.0	0	0.0
all	western_diet_gut_anoxic_membership	Eubacterium_rectale	Bacteroides_vulgatus	M_tab_e	0.0	0.0	0	0.0
all	western_diet_gut_anoxic_membership	Eubacterium_rectale	Bacteroides_vulgatus	M_thm_e	0.0	1.0	0	0.0
all	western_diet_gut_anoxic_membership	Eubacterium_rectale	Bacteroides_vulgatus	M_thr_L_e	0.0	0.04	0	0.0
all	western_diet_gut_anoxic_membership	Eubacterium_rectale	Bacteroides_vulgatus	M_thymd_e	0.0	0.0	0	0.0
all	western_diet_gut_anoxic_membership	Eubacterium_rectale	Bacteroides_vulgatus	M_tre_e	0.0	0.0	0	0.0
all	western_diet_gut_anoxic_membership	Eubacterium_rectale	Bacteroides_vulgatus	M_trp_L_e	0.0	0.0	0	0.0
all	western_diet_gut_anoxic_membership	Eubacterium_rectale	Bacteroides_vulgatus	M_tsul_e	0.0	0.0	0	0.0
all	western_diet_gut_anoxic_membership	Eubacterium_rectale	Bacteroides_vulgatus	M_ttdca_e	0.0	0.0	0	0.0
all	western_diet_gut_anoxic_membership	Eubacterium_rectale	Bacteroides_vulgatus	M_tyr_L_e	0.0	1.0	0	0.0
all	western_diet_gut_anoxic_membership	Eubacterium_rectale	Bacteroides_vulgatus	M_ura_e	0.0	0.0	0	0.0
all	western_diet_gut_anoxic_membership	Eubacterium_rectale	Bacteroides_vulgatus	M_urea_e	0.0	0.0	0	0.0
all	western_diet_gut_anoxic_membership	Eubacterium_rectale	Bacteroides_vulgatus	M_val_L_e	0.0	0.0	0	0.0
all	western_diet_gut_anoxic_membership	Eubacterium_rectale	Bacteroides_vulgatus	M_xan_e	0.0	0.0	0	0.0
all	western_diet_gut_anoxic_membership	Eubacterium_rectale	Bacteroides_vulgatus	M_xtsn_e	0.0	0.0	1	0.0
all	western_diet_gut_anoxic_membership	Eubacterium_rectale	Bacteroides_vulgatus	M_xyl_D_e	0.0	0.06	0	0.0
all	western_diet_gut_anoxic_membership	Eubacterium_rectale	Bacteroides_vulgatus	M_xylottr_e	0.0	0.0	0	0.0
all	western_diet_gut_anoxic_membership	Eubacterium_rectale	Bacteroides_vulgatus	M_zn2_e	0.0	1.0	0	0.0
