	PRISM.7122	PRISM.7147	PRISM.7150	PRISM.7153	PRISM.7184	PRISM.7238	PRISM.7406	PRISM.7408	PRISM.7421	PRISM.7445	PRISM.7486	PRISM.7496	PRISM.7506	PRISM.7547	PRISM.7658	PRISM.7662	PRISM.7744	PRISM.7759	PRISM.7762	PRISM.7776	PRISM.7791	PRISM.7843	PRISM.7847	PRISM.7852	PRISM.7855	PRISM.7858	PRISM.7860	PRISM.7861	PRISM.7862	PRISM.7870	PRISM.7874	PRISM.7875	PRISM.7879	PRISM.7897	PRISM.7899	PRISM.7904	PRISM.7906	PRISM.7908	PRISM.7909	PRISM.7910	PRISM.7911	PRISM.7912	PRISM.7938	PRISM.7941	PRISM.7947	PRISM.7948	PRISM.7955	PRISM.7971	PRISM.7989	PRISM.8095	PRISM.8096	PRISM.8101	PRISM.8106	PRISM.8129	PRISM.8226	PRISM.8244	PRISM.8264	PRISM.8275	PRISM.8283	PRISM.8332	PRISM.8336	PRISM.8361	PRISM.8374	PRISM.8377	PRISM.8406	PRISM.8441	PRISM.8444	PRISM.8447	PRISM.8452	PRISM.8458	PRISM.8462	PRISM.8464	PRISM.8466	PRISM.8467	PRISM.8475	PRISM.8480	PRISM.8483	PRISM.8485	PRISM.8496	PRISM.8502	PRISM.8503	PRISM.8511	PRISM.8513	PRISM.8515	PRISM.8523	PRISM.8534	PRISM.8537	PRISM.8550	PRISM.8564	PRISM.8565	PRISM.8573	PRISM.8577	PRISM.8589	PRISM.8591	PRISM.8592	PRISM.8605	PRISM.8624	PRISM.8628	PRISM.8629	PRISM.8667	PRISM.8675	PRISM.8683	PRISM.8692	PRISM.8696	PRISM.8728	PRISM.8734	PRISM.8735	PRISM.8746	PRISM.8749	PRISM.8753	PRISM.8754	PRISM.8758	PRISM.8764	PRISM.8765	PRISM.8774	PRISM.8776	PRISM.8778	PRISM.8783	PRISM.8784	PRISM.8785	PRISM.8788	PRISM.8789	PRISM.8794	PRISM.8795	PRISM.8800	PRISM.8802	PRISM.8803	PRISM.8805	PRISM.8806	PRISM.8807	PRISM.8809	PRISM.8815	PRISM.8841	PRISM.8843	PRISM.8844	PRISM.8846	PRISM.8847	PRISM.8849	PRISM.8878	PRISM.8882	PRISM.8892	PRISM.8894	PRISM.8898	PRISM.8924	PRISM.8932	PRISM.8982	PRISM.8998	PRISM.9010	PRISM.9018	PRISM.9030	PRISM.9033	PRISM.9074	PRISM.9079	PRISM.9126	PRISM.9148
MB001	0.7375690119920089	-0.6510257129751889	0.7107119868181089	-0.8381796813887181	-0.2740689408006194	-1.8320317476857966	1.795832761687115	-2.137276778126477	0.44085939797885754	1.1382743918930283	0.3117946887532925	0.5435446221226954	-0.26014620693131096	-0.4309603477481776	0.9540825799377783	-0.5716166826689566	-0.4381086216944299	0.7675962920919916	-1.0747433339231698	2.444907440956664	0.44257056455834043	1.1594410485358324	-0.5905795017328508	-1.8946400926894436	-0.10843809351487277	0.9258060414067071	-0.3019154202227128	-0.0333081566316622	-0.5629959964367233	0.07452189746681892	-0.3078553171579177	-1.348701653599175	-1.3725794389945198	1.1987508425395328	-0.36940742726591314	-1.1475067714405878	0.04371559058836105	0.5157231287848667	-1.2354738131181966	-0.32406631143672016	-0.23399938269292342	-0.5335586894174442	0.7129500346394657	-0.03454633154595044	-0.07846789036743473	0.4578895683212698	-1.0388937260169167	-2.015889949462954	0.5436343675069129	1.3090873955600628	0.732235105774321	-1.2069462545138432	1.023040554130417	1.2828038449658088	-1.0525853046932276	-0.8121226291279466	2.2129730403689036	0.765414188430757	0.03635937179094473	-1.2819500905915016	3.8217950836316925	1.8633620571677643	-0.543760422747015	0.49879273794704027	0.035728530132296044	0.6230867584493396	-0.5127725899040412	-0.1392382037383868	3.5150911069265236	0.5306531964231009	1.4645032736113457	2.145562842704348	0.03663544996196677	-2.3063405041059593	-0.4540780326448228	-0.2564862925167688	2.366016109519496	0.5270456212818146	-1.3107546258089524	1.3709251139163525	-1.66177689020184	1.6501349143538775	-1.087042156898085	4.222869952318213	-1.5286001113003707	5.262516930904713	2.337770152675879	-1.3940943370294718	1.654677583902349	1.1394615602689893	-0.48165383624429303	-2.5462434032254047	0.1283555544617494	1.6704864871311536	0.3684993240135297	-0.9787836131369918	-0.8568579951878093	0.06040342090553796	4.0917091725937125	-0.2565778932524392	2.3668546776575843	-1.804958039103882	-0.6768038781214987	0.4728411266985644	-1.870775747957878	1.2043209322970725	3.141311437474455	0.09564109112964658	0.4740177742762288	1.2549685348813826	-0.4901980804778505	3.1744889400528526	-0.5663248673714563	0.16940623658024734	-1.8542301434354256	-1.465744785534758	-2.601633562139625	1.7255738691311153	-0.9476506717644471	-0.8650092602384847	0.571381988866885	-1.2315837091114918	0.9441499270665732	0.16395416701922372	0.9878542071483372	-1.8495890427423944	1.2679996148506554	1.7775318039405912	2.9538381353046796	1.5249349024612444	3.7636101939215356	2.525565221890248	2.5270859134110797	0.45820294117319627	2.022881890385621	0.7808834025106322	0.25706294663433127	3.6305756919524867	-1.0747988616496595	0.015809519112256254	1.6572921252310984	0.7324503722800779	-0.08779299463501644	-1.785545261672718	-2.666406601527619	-1.5268806019640797	0.522905161186257	-0.6281887629837763	1.1107897150626869	1.652853236932942	-0.02131231726347771	2.1830679355402145	0.20070717952568806	0.42266468250971023	0.5144763948370867
MB002	-0.8185137824115127	-1.2692586237530943	4.911653493636002	1.199884426267963	-1.234119557046002	6.040168196248459	0.4983329208200278	-0.9817486744992703	-0.12262819289490601	1.4058770930259286	4.890040965827383	7.012576388359731	2.143118443725249	2.321545832701857	5.526609402983585	3.001973187127879	-1.3185359637588236	5.765972817324357	5.9332333974707225	6.631741470012151	4.8381525880462295	8.052852779004592	4.153838189777232	2.3221802665712374	2.2113098308834003	4.85547447703328	5.361851017826495	-1.3898674398418578	0.03427548987659801	3.937990686925053	4.579462033016371	3.586944612829514	2.934435048433124	6.851763083912832	-2.269271400124489	-1.9148064588235236	3.7043590273888896	-1.8126793624494972	4.920222096688607	5.040653227807407	-0.9886305213608182	3.467322779177576	2.7283328879371815	1.627034465846152	3.3168597601729806	4.783824062014444	4.141637707959049	2.1456094621389514	0.6651347178658771	7.6140776426166665	5.415791883655226	3.2605738402880613	5.819725411425618	6.030917306393226	5.864170584108459	-1.8471696487902634	4.0627358459585174	5.4060552428154525	3.9443062127776716	-1.2188855270138719	1.8655435621199725	6.531336372395835	-0.5681607532148352	3.7786741390704615	3.608808822155658	4.440756506576512	2.659889391304441	4.293869926945803	2.532644666568319	3.5596297125239698	5.9070062762266895	-0.7565349308396989	4.35600024159227	2.7296049581485162	1.5940733609826871	3.259560498046439	4.037805043723403	5.066568354628025	0.4044583215688373	4.96093811079522	2.9009800691589858	6.442657856159084	-0.12866141283344135	6.407307248315963	3.018743406430163	3.6007637787093127	4.378109116235456	0.2329661375147012	5.166124582116829	0.8480836113553512	5.0292848576834785	3.113830984418011	2.9911363653394387	-0.49209361375523564	5.535047647922796	4.587941941886344	-0.8563128586989404	-1.6259823875049078	4.316160165702508	6.122914282509623	6.753273870880399	4.719457660491166	-1.4643781252198824	4.071775494628058	3.1798037900980294	4.73845314213036	4.721395522892002	1.6770260043744116	2.748148623936479	5.202313132527658	3.0176991845304233	8.140433512089977	4.238623989100205	2.9923559867044016	2.846745224774815	4.085806894599336	3.4625040774803075	-1.4164979979430647	-1.6912405363393175	2.8477227716315365	-1.279359619041566	5.045318642167926	2.9527523702750162	1.717561671100377	5.708563492121841	-1.6908308884730534	-1.2896015336784625	1.1016217841302423	0.7556902876344775	4.893792479690853	1.2082080873692558	-0.37908180878216413	4.882483060839169	1.8698011811927246	0.4982581753938078	5.987032164532269	1.6923413468405206	7.8018334462819725	3.9290411147468607	3.9536548868420525	8.340131133253509	4.679348359473049	3.456168485706752	4.313013873087587	6.1677269233374	2.5010192741150075	2.9269768830177627	2.957676174110997	4.813825015744982	6.201462677460279	6.619545331903562	5.117511286928249	-1.3985538906261308	1.9013758332981263	2.9974502663503744
MB003	-2.1874877591997226	-2.4514935096265624	0.32875044244163654	-2.216639831593378	-1.9488112046427197	-1.9926598518995107	0.7588140073096383	-1.6051199509476977	-2.600671260735238	-0.6629737884805369	-1.816173658632792	-0.7855133240715038	-2.3024978030882766	-2.326517921073485	-1.8027919217380237	-2.8852594849080457	-2.8479623930618994	-2.0296386496577217	-2.1332316324608946	-1.915151131732756	-2.3333444444276443	-0.20646370308020678	-2.570080660236183	-2.811377907482881	-3.055198965976488	-2.4987923025931646	-2.6193614018998517	-2.2677609727015398	-2.6897200249494224	-2.715617435246857	-2.6923515837482146	2.6387852728418215	-2.476530729375571	-2.022568084588608	-2.8971375954152494	-2.604513820730169	-2.887500307663392	-2.8971543873807555	-2.8111431709815244	-2.5318745883158	-2.344349053635799	-2.907560776143675	-0.9101062631067087	-0.957436384040367	-2.097944567709771	-2.1829499998789146	-2.8074346484072903	-0.012369965097079216	0.012422138512983238	-0.2699897657889636	2.1108875257667803	-2.2482941038491404	1.8759765257242735	-1.7359316911138514	1.9670950687022275	-2.113490502474283	2.357879003289658	1.802051485090077	-2.0278611049211532	-2.648613591441767	0.3647734379721701	-1.7697496845914404	-2.6014064977098563	-2.3553197861920996	-2.9301336427279345	-2.8754297305357195	-2.3691081781919143	-2.0637012719952734	3.5698642312134803	-2.5846299088149287	-1.9505373517700608	-2.683944848600179	-2.260293862879241	-2.7428230166979244	1.0778779359625696	5.260137841969809	-0.8376947699262001	-0.5337450705449189	-1.8558089411042147	4.7640901864495175	-2.4604997215128526	-1.0916099347776171	-2.3236471337902875	-0.9397971525185245	2.353592186393885	0.6516638007147204	-1.168835445955109	0.8044960993289259	-2.0853235786960997	1.963906121871223	-2.465964743498123	-2.8048142271520122	-2.779770797310495	-2.0459867236134777	-1.6282947212691692	2.850628154257797	-0.7822789697320616	-2.1193612181434576	3.777664365403134	-1.0727176615024465	-1.5158034995167675	-2.320272427389586	-2.724826995134423	-2.2721809528563615	-2.3424794960624835	-1.3971746078700953	1.1660801309048372	1.3368166912213155	-1.1146970755313355	-1.847638794531834	-2.637131985976013	0.16185044726576514	-1.864670571252022	-1.7488826306683887	-2.692668667475883	-2.028110318442586	-1.9445023467737954	-2.427362645836121	-2.6170625834362644	-1.8418765402656758	-2.5989470285446217	-2.4526320416290464	-2.5586543481180293	-2.0520094489420373	-1.9538812133089056	-1.5169591844298846	-2.1156962323016106	0.8545172149032503	1.2092702340013926	-0.9211724636763297	1.1750842170112143	-0.3762387645656933	-2.022987409884248	-2.029557691772059	0.38459518144740734	-1.5416373624823052	-1.4318825245044895	1.7237496214452666	-1.1400975389821824	2.0549447964337935	-0.4493291960867758	-2.5081481559152685	0.43679483649132944	-2.0596862563173275	0.3870068127099042	-2.1706888470262102	0.36270843179013923	-2.0313407307409443	-1.735822617784656	-1.756497498705592	-0.3005183412876704	0.08116723110033064	-2.3774191641704316	-2.9290766641151595	-2.6307563982096127
MB004	-1.0283354974046581	-0.5051123298515456	-0.00039109995942432363	-1.6330952100476317	-1.3425244043294118	0.1934179095490105	0.6324286336059046	0.3528667037174458	-0.55600727646069	0.07474211971009304	-1.168029276806955	0.8301479643156755	-0.5345571747712379	0.22928400456146658	-0.7543272756056556	-1.1048350279134524	-1.568851680372851	1.3855004591442057	0.15527607302693092	-0.8441208953968697	-1.1076360252947142	0.5023262930556971	-0.6171325852026328	-0.9896222116319278	-1.4108208208091648	-1.0803459716376356	-0.615149370812027	-1.044607798092196	-0.5194474298332876	-1.2192974630921363	-0.782029040271464	3.312637208329474	-0.9108393023741259	0.2122321380225447	-0.5880317624416902	-0.003078202324785728	-1.4792065973308182	0.1547436586667743	1.747533729662618	-1.1445850147342966	-1.1057781017629047	-1.3566873100009795	0.36493461369364866	-0.37870452544967215	0.7042129391610228	-1.0160926873505876	-1.518514639190113	1.6892485118098772	2.541589651268465	1.031295055174045	1.17919647660917	-0.8805960547469294	1.357091950751177	2.8934404215991787	1.2181372429633077	-0.8150359795647013	2.7781903086115847	1.7083194876047756	-0.718728928333932	-1.2942421512998186	0.3241283104685877	0.1842239988935006	-1.487065887976451	-0.5431354624902038	-1.2624623934647339	-0.8564331486641166	-1.1705000800288223	-0.5718901329851382	2.800014063477734	-0.9031352693002592	-0.6161970253456914	-0.32730817041626636	-0.24834439807627717	-1.2436771953748753	0.1634387315912864	4.394300973583945	-0.11496745515588458	0.13460378671381434	3.4800427450799045	4.09457917442064	-0.8701692020362204	0.056332625345442366	-0.9042364608696412	0.5357925810210205	1.145671320345099	1.0225018440665448	0.2839053636437665	0.3383229946953481	-0.2546353557148464	1.7927307562418031	-0.9927400065052883	-1.2540019780481968	-1.3176574468396778	-0.8868323683468926	-0.6362789556688071	2.3975130437456773	-0.6923156275705296	-1.1182834270862427	2.5689243041343968	1.0864597648099128	-0.1496615335959799	-0.3023235338802319	-0.08591721856666101	-0.8949658058863381	-0.445488229051235	-0.7901996527432491	0.4674315959108428	2.865710102000225	1.0227216374142394	-0.8087940674099343	-1.1975254597739466	1.2186355989456423	-0.3712878335652725	-0.4370484518613278	-1.3484707426941727	-0.12532723139252155	-0.6230399950738086	0.4454289516856669	-1.0168121460135664	-0.5035322559942097	0.5328310425980778	0.4959040706120339	0.5846939632964752	0.02980180172498237	-0.7692593151218574	0.5595134566177435	-0.7645474999362403	0.4777730751737721	2.172307949592435	0.5082116127560514	0.6066089414948124	-0.1579899927334516	-0.18567872624524284	-0.306339731211116	2.586791789688583	0.05456835384972436	-0.22608487429065782	1.597236022653826	-0.9392041818174004	1.2275996966624447	1.3796529953195114	-1.0043266061726772	0.6528099650553747	-0.4383163810209769	0.6680503859551106	0.38576506117587606	-0.142280261884574	-0.5064189257790437	-0.8662381235318684	6.061895215873317	0.24811940632915963	0.09105950847003363	0.31331657533427304	-1.5212355346679303	-1.0810378962693115
MB005	0.700522917296464	1.7282641947481112	2.27762050132383	0.7729307299331465	4.210382574271403	2.654041603601785	1.9817408429230188	5.52772006583737	1.6720443572977945	2.559392612357329	4.612428441893181	6.939171360101738	3.570197952014996	1.2402979549622097	3.708196628428925	3.537669774808211	4.412713830901453	2.5359521925269064	5.513836348700839	6.262041832003858	4.935897832244259	6.061022059370095	3.4036136488987516	3.1562931794557594	1.0797330409503534	2.98993128800283	5.135298771271542	5.297373902443525	2.1046987132467576	1.4191817320551978	4.280259522535221	2.3237470913932583	4.160993085314265	5.184767365612323	1.370723339020798	3.8391409044556024	1.6352844119036032	3.79309043557791	3.970332618226744	4.171080313195729	4.302529885994177	3.0663263056276415	0.8580608287926399	1.656590836051115	1.2695257726346156	1.5256207603446619	3.821859890156763	2.5813357290583916	4.143980518854253	6.745224404103231	2.3580346838686426	3.4806673147661575	1.7837277041287747	2.593370721357963	2.677861568283717	3.7066634529087326	3.1205799268047443	6.088201018394653	4.046833494447366	3.608047512884414	1.629604426676618	5.0812382889589385	5.468804384560176	2.297902140305239	5.537641616168878	3.759643779666681	3.947690351711395	5.278146406727307	2.2303485325831325	1.64732555526858	4.602917538288276	1.1468424090545248	4.935275381080422	1.3120874984716107	2.881646196710687	2.26345743654434	5.241185952391968	4.511746189015642	5.469775301368739	2.3897168015774604	3.4971018826396554	3.2701026476644746	0.7557425768554982	7.206691014007342	1.997253661545483	1.526020044010723	1.8362258774854379	0.8689376877547907	2.5747492270566177	0.11380958493985283	4.541876738959543	4.023216333530664	3.206634926094037	0.8001702677581326	4.521560552654849	4.780956974354861	4.3186355393013125	3.623068880321497	2.2415597758188888	4.269956872861413	2.809384349972439	2.9361330724230044	2.7664351670717267	1.3200097583337396	3.7071766211425032	4.182935503449609	3.4501934040031994	3.2680733583246067	3.177571055028978	5.286062553709084	3.3063548531880924	3.3209120278765862	3.6306336577146467	2.8888677806943797	2.860117439672802	3.5981808348147064	3.0393078055138503	0.735575193887283	0.38575613557851973	3.143282616123188	1.3917740918336756	3.819547633110913	1.8057060952842	1.7141708633457142	4.73301842793683	1.3621684649897228	1.6256892713928348	1.32058444682262	3.3216422296780888	3.5201809646042985	2.389153272469435	2.290871690708679	3.561662574858553	4.288748853402149	3.409827395361578	3.2012966181233296	3.1326358606409155	3.018583517159609	3.866066522157091	2.1978606856774627	4.630054895859055	4.509989874443269	5.03191361837831	3.0628424989782115	1.9697571998204122	3.835990734174226	1.7997277823540605	2.2500300731923675	3.9717590013233934	6.099490903598777	5.141929445946012	1.2450439054220936	1.513154478207933	4.416896942030261	4.366258388158164
MB006	4.12326945593693	3.2944821793583348	3.5629470858598324	-2.956818089828932	2.239057368446585	-2.945351901618645	-2.481482888129092	-1.8712234362846072	-2.5306796805071716	-3.1335703516646642	1.9777437248817877	3.2395056484518285	2.2192918759525613	3.7920485015851337	1.8677656727160876	2.7795901546161126	-3.52707884914762	-2.2004090783729406	3.5031869482799776	2.2589206281833203	3.2047858666522853	-2.866098994042053	0.7202418938820268	2.1165600904317667	-0.8146872581838425	3.3234264143236265	2.19168963345353	3.4676319001396276	3.079331926667151	1.783133018403479	2.7367570962430365	-1.6610235968071425	0.9723266873198595	2.4127668137216087	2.9164833792461193	3.1694382136896495	3.820790062221965	-3.385743023844068	2.149832811261483	1.504679562666139	1.5066050841786733	2.086288852974411	-3.282492237818868	-0.5851280192682999	-2.840009344186731	-1.2802673592588363	1.9299940138059792	-2.2349042042888474	-2.345656710359961	-2.221530467593716	0.9235994356891393	2.5476725000100053	-3.626310235511074	-2.7605850082431935	-1.595874577353829	1.9902718559205264	-1.2662298429902652	1.8840936339846133	2.7580016135346	1.9347477307955776	-0.5617980986294562	0.13282496404666944	-2.388232004375535	1.900102065987209	-2.5802906209574683	2.680973312957496	1.6765690441172705	2.861550978987623	-0.5711578063229084	4.287444027549964	4.269730058524181	-1.9533535956151287	1.7206465407744886	2.1957075174664293	-2.8842277641637057	0.2589189819908668	1.532630322360883	-2.014141149598009	-2.52877677378207	0.11764578339512965	1.9095565835721064	-1.6197643212483008	-1.87135358490415	4.4254980853145405	-2.5805080159086824	-2.0871711154726356	-2.3358650128927945	-2.1511095799172146	-2.5053582633598506	-1.744144624633	-0.021787122434955286	1.7844702695083052	1.1621986567635707	-3.974873063495112	2.851165120086619	1.8704227970954372	-2.3478470094084862	1.2854266160378547	-1.1916972451162646	1.9101589780442723	-1.7980488385632771	0.27702506696999585	1.3287392612528848	1.6164559018582167	0.8909422363283559	2.9468816049745437	-0.42314863652083723	-0.7829109736050643	-2.563452281579563	-2.6015752921563777	1.4547502750898325	-2.6365572245491364	0.3223144325376337	-0.26252291707569064	2.2142700431067706	1.502291686114619	1.4175723032454233	3.6111071153748027	2.2604512393796554	2.3355023268378607	0.46035428837110715	1.6625198419145066	2.4150002210941457	-2.2444741973237186	1.2272758426475407	0.24406763892182237	2.8206454490259203	0.25204557282279794	-1.255567216259065	-3.1120183484151767	-2.0806885270692987	-2.6380238730674552	0.13482549309439307	-2.854383263329874	-0.5805413077860333	-3.017923400376848	0.7285560372783815	-1.6274751216874765	2.57107842151085	-2.352122171916582	-2.200524424440614	1.3203683977563418	0.4067307897621131	0.7126602605345482	-3.5403031769209665	0.14866216740213023	-0.6815347321564076	2.685449030716419	-1.0060592715928358	-2.120663024513904	0.3359621229938181	-3.4861564402028264	3.4499417231032625	2.5581608435037033	2.517460351392148
MB007	-0.629583081787473	-1.4829597767883786	-2.276354237902204	-3.2657536513051486	-2.692968919347768	-2.968591199056128	-2.37548672288454	-3.1626695292753	-2.7285918165836094	-2.825573190954705	2.313780922772131	-2.4553718254429686	-0.3452369289608592	-1.9503584152251392	-3.045894463770706	3.366562202754059	-0.18214702554154716	-3.155943898737746	-2.1332316324608946	-2.7910049607471255	-2.865724434109004	2.8094610312307458	1.645576949308217	1.6908271548634364	0.9851919547756491	-2.6263023520937274	-2.4190053467343198	1.9140718519870275	-2.8940147134026644	0.7400908155603245	3.178431270763552	-2.9216577118025455	2.254491417159965	3.0167418100578747	2.008279060006786	-1.9247364479668079	2.0486340169282524	0.7661987912283434	2.224504642219131	1.951708125084954	-2.4152811408234918	2.146355007844784	-3.282492237818868	-3.0259516575178758	-2.8569500093741134	-3.003188507880836	1.4784367728821879	-1.3620405365635087	-2.6287695480263977	-2.891400823623366	-0.9490674984972678	2.6790394644680715	-1.8863430901636633	-1.8870291051215702	-2.6764416148277057	1.0116222915697524	-1.5596771382072543	0.7015756097324086	2.9057198372687134	-0.36783975846558636	-1.8185025013939704	-2.333555175569888	1.0923016350858328	-2.59334041558326	-3.391485120651966	1.046866698946423	0.5327487632771222	2.05932244362012	-1.998649093982074	-2.0034981189819856	-1.8970304861422154	-1.7693698996831948	-1.986282787339114	-2.8050280013778544	-1.2155323275453487	0.9178186260419032	-0.7962612524727852	-2.610884834725443	-1.945094990960964	-1.472135264685214	1.7939274415215936	-1.9262820966212182	-2.6209407045822273	-1.0332685576829057	-3.268626300881065	-2.2122418103237838	-2.61474325148712	-1.9518484103352893	-2.1745195955178236	-1.3316142055713662	0.7788668614662999	1.862307556206516	2.360855048623491	-3.0850924008331333	-2.2962758292697973	-2.0435005493478435	1.4537039510786443	1.726040722327717	-1.7458694883393928	-2.5264921041036494	-3.0205710102724925	0.6474720736437973	1.4153065546812655	-1.7052548871042887	1.5714908926029247	-2.296021309238995	-3.299134048811082	-0.8143901598425405	0.78023738839976	-1.9962868805852167	1.3278832362854978	-2.2336106067621664	1.6324811434312343	1.7881373169522687	0.7119963329213341	0.00046254784806443183	0.9901032868703803	-2.5225977263833492	-3.5765487807146394	2.4299662198536405	-0.616796139454209	2.9369420586391204	-3.080258498020216	-1.0563329287481	0.3035222697249438	1.7899948339227247	-2.9119947679177205	-2.684236694129339	-1.9500889251958373	-3.14585763576841	-2.637854502718488	-2.1760380980837066	-3.8197636589369637	-0.7753433260044034	-1.4022120583785576	-3.3285604871787626	1.2154842437903017	-1.8374743334299612	-0.9491993411446025	-1.4841043597790637	-3.2487872714047406	2.177214905526112	0.3397995147219337	-2.9617478522413094	-2.0798316122260054	-1.1136482259118425	-3.44071827074006	-2.76989033537357	-2.9386457646346678	4.422410423746447	1.9253108722074623	-2.9992655618071247	-2.4034472617973055	0.9953198061036908	0.07758585919440719
MB008	2.5912294393848674	0.903285175799585	3.9165380929858378	2.820489134294439	1.1481443852913555	-1.8472374084597742	-2.382696357299084	2.3238005454389095	3.4329964408376377	-1.812303010878857	0.5767582063488463	1.225566103495102	1.6070717778457029	2.4017930247829984	0.6243914011403806	-0.5464553124709539	0.47937177425842403	3.6320275073887025	3.4219269282052007	1.140683168437401	2.238790219972615	-0.28671727315617623	0.6147449923343569	0.4391377192410877	0.8164124842563911	1.643326524973154	1.9251822958658105	1.2332455626665446	2.2294232590312753	0.7261835246173067	0.2016628835047456	0.09090811348282557	-2.901418674184904	0.26525467360770794	-0.43252690508407543	0.6142959972132109	-0.36159424051192435	-0.4754850466004328	0.3999038832209898	-1.5394815748047588	3.2262339047475024	-1.6473337954191587	-2.453328408147609	3.8305883008432637	-2.0472636975229808	3.3753690478285785	-0.8621132875096782	-1.0359494385532582	-1.4588018225718447	-1.7423181499866232	2.6453024177100426	0.5682596355471938	-4.199628204278103	4.024968213600391	2.396862375692627	1.5581832038936287	-0.24890521634384122	2.800646837149598	0.5981660974395862	-1.113144023715038	-0.3374463213258547	4.479029946546331	2.2418029330301428	4.624001620617207	2.1812675181451997	-0.08138058365417056	-2.11039290522164	-0.39174075082315074	0.01228970488069514	2.382509628451885	3.5363195197535227	3.9627268158563203	1.486870394002997	1.4186954064958872	1.3404692473265118	-0.6412863203120409	2.211939397958832	1.0545304829970092	2.1127131881714556	3.579008606604	-0.0775249232352353	4.573050235714866	1.6722131285216388	5.329949496165616	-1.556234113341139	-1.5242589914168736	-1.5805215408017315	1.441374860421683	3.31963354939795	-2.0418034932208347	2.2537164189366816	0.045836115486832085	-1.571807528730056	-3.241801392673908	3.5134959352840687	1.2763710739969145	2.5162631933343826	0.04782923366994929	-0.6230853411226764	3.0245210512847436	3.7080143689949274	0.14137674927050803	-1.828065044838981	2.3561080939630035	-2.2953121798924796	1.9077154225012949	0.3293803561341928	-0.9697693812864774	-2.946859987742764	1.5528965959651009	-1.4771963854593801	-2.6635005480757066	-0.23623910620775135	-1.3213990170913892	0.10117439120798633	-1.3022499071115785	-1.422136283606541	2.248207202236811	2.090365761983617	-1.780884249074533	-1.456636309742322	-1.8040384687789377	1.8535709970055958	2.9850302510920246	-0.1494564325771126	0.8152266657388756	1.8918823704057877	4.020785768183906	-1.468454033732348	-3.2742186719262136	-2.263426687541509	-2.742395234367203	-0.15557216725620648	1.6339656869134211	1.6606527044607873	3.1153973242276845	3.720288782785472	-2.2489189771885147	0.8111037522881581	-0.6232346255999417	3.110390289092175	-0.09146016260331713	-0.008147689067561359	2.057144296270356	-3.519050172431637	-0.5443068717814095	3.325022211397499	-0.3496077297490148	-0.14658940109461938	3.732333628550812	-0.6718432159675949	-3.854502558593797	1.7617846395455325	0.8959092427703581	0.07179529228046277
MB009	1.8586885023840605	0.9274594627837036	3.1893802796555377	1.1784132899498356	0.46331813912241504	-3.713218408521014	-3.3435798283647458	0.6272306263720857	1.0807039330367418	-2.5512997247103435	-0.5553445461434503	1.2729116703913679	-1.0405200853167456	1.8120415813468487	0.0976369615853745	0.33227115450113676	-2.7686973458657826	-0.22343525524405372	-0.738632146471673	0.3726882419895041	1.7381759690450789	0.3026040817771527	0.7823655950884216	-1.2401518669404252	1.4893906671243684	2.1832794604128765	0.0003489299265897472	2.6853244904014657	1.1124018039624293	2.0777842112986136	2.4830318166364327	-2.228857321345364	-0.6523730085699198	1.5983412609126981	0.04652421480208524	2.200098009800687	1.8958934555565277	-0.734369664953082	1.8451874519879476	-0.504546713051365	2.4023035588842268	1.2130024687345804	-3.967618090548825	0.5267405897515722	-3.7896661669819913	1.3493253978506692	1.211219610159235	-3.3682428679989727	-3.05109427528326	-3.2741186158449604	0.9764282484376618	1.2858493334833385	-4.990287849703664	2.5725086715489534	-1.1507563172919415	1.8747052988052326	-1.9198351603011794	0.7543407162549807	-0.48051092481820756	-0.12410296365577977	-1.879227193808422	1.3337500042718649	1.114227257301815	1.9395584841058593	-1.4217805408308006	1.405140388031751	-1.524218486734525	-0.21376701162279854	-2.440234095650096	-0.8089679208027523	-0.08778224745795171	0.5478696469175866	-0.13456434438419684	-2.3034573647576053	-3.2197229312662703	0.1468866957195516	0.7798191418490514	-2.3571674764516892	-1.8412347732876864	0.012836541664409395	0.16493730978436538	3.431668640921913	1.1430444370088484	2.4340461940257034	1.98454100626902	-2.994068479739509	-2.544190238265603	-2.136516532810832	-0.3114631055840711	-2.8929191828683045	0.3787794737892627	-0.7527299482276417	1.8723831098591326	-3.8216969204069553	0.1082120287188495	-0.5507228880941817	1.6570718056994966	0.1025952803013448	-2.1623397089347147	2.2622015916338007	-0.18090609924789014	-1.0298961672443099	-0.3489935078277373	-1.6470371443893654	-1.457375868613842	-0.9344790675944115	-0.6208397425106753	-1.7297389598938047	-3.281150766505773	-1.1516625675147836	-0.6130467766512409	-3.237893128252809	1.874132926383381	-0.20757774826933684	0.9302188094042432	1.5959646486111136	0.5802476285217644	-1.3720468892433164	2.4434792406353285	1.0817661569586612	-1.167745756229829	-0.9832930196738605	-1.6432721328438813	1.2299018914987396	-0.9042592072305773	0.9838923078054078	1.3700199708107057	0.175876748866429	-2.2064691732505946	-3.1557401211375478	-2.78237828261072	-3.470256418531866	-1.941279130254232	-0.3026802427299433	-0.21165824253492715	1.8418086209071811	1.0923685752023022	-2.7422530324124086	0.5914308787601881	-1.9015978608453263	-0.7087605294563168	-0.9740637092179618	0.14016974915139002	1.1468242167788167	-4.02911986006913	-1.1618651198693906	-0.06694509510377955	0.540670638995536	-1.0355348768845491	-0.17404342721451016	-1.525718885753534	-3.854502558593797	-1.7210516318922728	-1.891554198352667	1.6216487421589907
MB010	-0.3692162372959462	0.01364417477656854	0.10591544886207416	-1.8904884046297337	-0.9730800517480525	1.1052660473500282	-2.051136910806756	1.9562801954814226	0.3190290761645471	-1.166594061921753	-0.6049501537314885	-1.4438727082039247	-0.4005967328175801	0.4096781575726034	-0.4782546053700507	-0.40549165899662576	2.8573895383215984	-0.48622079700857235	-0.36728569031507163	-0.7163578252545673	-1.7327461669381519	-1.2788451812663126	0.26442871289556	0.21445262146924016	-0.42605213779518447	0.9624320705774059	-0.11805207952729546	-1.5088765648871423	0.06761042377161885	-0.7851206084615363	-0.7566244957454415	-1.140327444368749	-0.2340689062970469	-0.5445539493168692	1.7092480450523837	-0.27157873647390574	-0.8555090883514227	0.6251601583811439	-0.5835363248494847	-0.776074967316605	-1.4274019799406492	-0.22954575097964813	-0.6999382582897891	-1.9538098133761768	2.58531064537965	-0.6743096624303941	1.8313971760456136	-1.6841578826076002	0.4605231334116002	1.7861881116943046	-0.3988029464053948	0.1861763304058881	-2.258664348630557	-0.44446326592544416	0.5349729185011007	0.5308406221682667	-2.181998758320667	-1.007116659942497	0.3881017420648387	-0.11671200663606118	-0.7588505102616008	-0.49891440831889966	0.7209847241837268	-1.8689849780589771	0.4275162586386383	0.20181498921105856	-0.23705880083292552	-0.49192582321780787	-1.2493230872291647	-0.8698084900141829	-1.2285426178412866	-2.2258207606589018	-0.545568994896211	-0.43315964399196183	-0.22636645254250531	-0.36906288486739136	-1.220132180502203	0.3554646936870114	-1.3871108117014987	-0.43825478963697506	-0.8392511430661598	-1.1297380683173657	-0.699730561560064	-1.9915603817154803	0.04046711908124223	-0.6502173420344679	0.949531241332533	-1.9105577627203374	0.5640147978390981	-0.15926540235446573	-1.100954166623902	-0.5867252627803348	-0.4421854119375217	-0.649661988871463	-1.872216336032551	-0.284506536263061	0.017595943430253058	-0.5994875074944197	1.5873430223589011	0.6278941675416778	-1.9685771474839182	2.999080849069564	0.1420738610327268	-0.18542305830814065	2.1683990966372244	-0.17331616915262238	-0.6118281894554745	-0.8037866113634493	1.9691451826875177	0.14329502619719214	-0.13286631473581956	-2.2821486362820114	4.73657261258544	4.28540414821564	1.4700455868572506	4.0423326974709175	-0.004401526325870542	-0.10785512007367615	-0.07156261819719667	-0.538547002313984	1.2438483233451194	0.8413221046103496	0.06661829441873124	0.1560160297255777	0.9737406972088802	-0.4851524463033279	0.08888888010903528	-1.2592397634097754	-0.5585448885762556	1.7239056408051452	-1.3816994466724015	-1.523182260471211	-0.07033655508554304	0.8778271653502454	3.0599394570344023	-0.33598100177432855	-0.00286872733641097	-1.8153687507438008	0.42064239006630366	-0.5698506950083111	-0.4347331932933862	0.30435875991563766	1.7230274509212071	-1.491329828711251	-0.5472863852362515	1.1313393571384607	1.224986580133323	0.029640971892658463	0.032456736538581055	1.961818604640552	4.470072812323551	0.03018248024716108	1.1657685091832475	-0.40460116865899565	-0.066201192218589
MB011	4.792803020252299	5.761348435810981	6.412924195093623	7.678902984726019	4.879031356127831	5.099444394704197	2.1467790482674483	7.725183859244002	6.580541501240866	2.5702145929908413	5.0158116232933265	3.2553925281704608	6.1828217110590105	6.288025501056719	4.38463765924841	4.8544299746575446	4.023723762388241	4.170854206477751	4.910805099010101	3.7546466109093055	4.336939800874502	3.2597251395686664	6.563347337319591	5.154428591471586	5.12994094096697	4.700849290402959	6.32718329030773	4.851240344024264	5.058714722736165	3.612960199114765	4.526660791377321	2.435347394486267	4.221508181661112	2.5884579323984367	6.2428601918273365	5.596868409227608	4.0076997714351865	5.530114970191804	4.706022530166589	4.767185157977945	3.914845259340577	5.248795498198379	1.4972953653161047	0.811729978768617	7.43290055374751	6.026264760200265	3.4687353913922463	1.7593053142550996	5.479625365675775	6.638992444413231	6.047065504359978	6.257298158446625	2.173345744228408	4.9476972477275805	7.478705304768378	6.768228678872737	3.2891535944717676	4.828860385243203	5.8589195074192055	4.681823694179197	3.099338344734388	4.112898073197619	6.55820634874886	4.837766014180868	6.378734863919004	5.2377556177836	4.898021392138771	3.6497654695747244	3.870051630800729	4.8595221955016425	5.575446135232223	0.1758479645684652	6.800763080078173	5.342871663330436	6.421182646522302	5.862077652311929	4.689934723957327	8.299468369102703	3.3789126268154535	7.1632062264241645	4.144386584044219	0.7810170970681609	5.972879858936184	4.0853926785338235	6.309550802598835	3.1714707783213525	2.98637785468046	1.0036316708289519	4.853940424493315	5.632616281900812	2.185997750518517	4.91170159493597	1.7975925087303661	1.8812095698857956	3.2128051187392535	5.52711875120739	5.95806924901535	3.976846563356797	3.866420534696556	7.912963468237018	0.6495671982266433	2.113891985841369	5.426184009667326	6.555584728412976	4.3777945395478035	6.711187044278084	5.251636568194005	3.4654268695380948	6.585981923038403	7.835285651492401	4.7223726301374995	1.7230362787069637	6.070019426888493	3.6287798903693336	5.538832150630799	3.968169875508397	5.524428537783601	6.804275651723415	5.500980405543997	6.447973498238617	5.112678134566645	4.391472170818629	4.972785063298249	7.423082128272719	6.243259220972412	5.05096398942345	6.9941684383822	2.416974547831864	2.433799131007328	3.5095080868344315	3.606010622917272	1.5631770970695076	6.857124082015093	7.1484793547512915	9.262124161872343	3.362058087626872	6.952818838591182	2.0277735291322374	7.254056949942042	5.222883639489209	3.154037561674536	6.008953773412799	6.2627445112783775	3.9621348680704966	4.824415279455854	5.523568413028695	7.681853255815364	5.153575099282657	4.379745406412029	6.98636311223692	3.736153827969116	0.05312836143964006	5.538158739490962	6.468720603719804	6.619953847679054
MB012	2.7390392619626676	0.16623542836738814	0.9630476299851605	0.3902329126368489	-1.1501208052624623	1.7153574896667036	-2.4975857914533375	3.475415515382334	1.2850989637537156	-1.8786087091600052	-1.4187330187143221	-1.6587821493450772	0.5995490075345247	1.546974593011213	-1.6343692218168506	-1.1874860173957043	1.027418610299966	-0.7168361244575987	0.4269257849669259	-1.0301404448960572	-1.9919939867094714	-1.2373424324424303	0.9342643580304903	-1.3109716022726188	-0.43307715540852154	1.0570890697332622	-0.6069760413252983	-1.1665651169052396	0.18765946154937918	-2.047182451816413	-0.7859299928612096	-2.289460265256679	1.8473521962588562	-2.481555651356132	2.8784602610487866	-0.4830923171516144	-1.6252565314286835	-0.17798299341938417	-1.1946799588357733	-0.9341501260700742	-2.987789690479344	-0.8217348610336623	-3.4016089605939595	-3.428642504254576	1.8221211944540894	-0.02120375819264808	-1.3040869087863767	-0.45727493554285914	2.764947356455843	3.7727715905351262	0.11955461100265907	0.8257260815958531	-2.031553439585851	0.7439177732438358	1.840222966104137	0.8020952535592949	-2.10140823327321	-0.44459800228597857	-0.04957755673898845	-0.3418656615375868	-1.2278263003258623	1.2865457359438395	1.1804483229615643	-0.20032010606041162	1.3553170164698525	-1.3011485032998102	-0.3049696398764068	-0.3994115306547732	-1.2706413131625265	-1.0491389646709504	-0.9009527115763838	-2.088660108119578	1.2608121141923139	-0.44520881922558075	0.18990714590166746	0.2156002868938387	-0.2043845869981844	1.9076168921855627	-1.4082126755171878	-0.035678099463206436	-0.6941158335033082	-1.2065841353935838	-1.100592454415037	-2.167621776975343	0.8545782148831726	-1.8491617267408689	-1.8537585967551156	-3.301706288020924	-0.6416763521005411	0.21113918774060636	-2.0797939399433503	2.152138165526237	-2.141362621534232	0.06165174332007517	-2.3527377975201826	-0.7844580036190738	0.3885936812198345	-1.1831803863184467	-1.6607382464579672	1.3750380079898283	-3.0752792889771374	-0.22745199796517923	0.20438226446287633	0.7150112532363497	2.826147066480803	0.3548668689072727	-0.5758088954929352	-1.1919516851375853	1.8253133843480862	2.5914898551534886	-0.7888326773420298	-2.9455799335520148	0.37460257191826773	1.985082961691675	1.0025695008666302	0.05002660920930602	0.15549382567771275	0.42483395608703844	-0.6337794435777981	0.4642098927417493	3.1938114732224845	-0.12469083716014673	-0.7752285535444141	0.7206896323370238	0.43066572220233823	-0.3099370601989486	-0.4509179954608591	-3.334662481368385	-1.7221397248366657	-1.3805870135497553	-1.2586707378913626	-2.5640211632068493	0.6076485173571715	1.422329213124696	3.8204911874163843	1.0425793442951	3.405354080442198	-1.7725716621286232	2.27491348791565	-1.0136661748860476	-1.4939057205951674	-0.21050912442325043	-0.030570492981450315	-0.7759031453662697	1.2714303497718262	1.7968127156251885	1.9596383474380232	-1.2183905899834064	-0.5521506063960118	3.0309646542852064	2.351287205590287	-3.706901172957302	0.12463514680072763	0.6896728616947723	0.8185260721497016
MB013	7.980156624142244	5.532321691981229	5.742317439832769	2.4051634971723486	4.167468801865409	8.430357529500597	1.4632273343144533	7.223962096702468	6.557938063229245	3.674461101312379	5.8030737252652775	3.6339744313711506	6.074614767027224	6.296146628239059	3.789867348627766	4.066418413395413	3.77056970236952	4.937838292388314	6.253574789967763	3.4779814450137776	2.452620574755115	5.733523337930542	6.078555390481363	3.961622804110349	4.171833503153732	5.436419789802551	5.244578753362638	3.45748508237694	5.312365243451932	2.621028988045314	3.9838903389184317	2.958512080916643	4.07608233744817	2.5756548821665657	5.758585681996515	4.859407706715084	3.6712354985615274	5.269662971937622	3.469733535587267	4.411931210395313	3.4542484484112483	5.1108690524936655	0.9447388023740828	0.7569561816343437	7.521079178047887	5.217358747705398	3.871132391334851	2.0686879183905393	8.129406845816547	9.509896023168782	6.926463107540193	5.742907773494303	-0.4240333625871653	5.3372927868991535	6.8827604718516255	2.5460354622183345	3.6391023656120227	5.1335016723337965	5.231126726517072	5.857134411871727	3.7507618874718673	4.966912773206893	5.5928486858580975	4.59755772047033	6.803780557602635	2.145540705899286	4.989024709143495	3.7454344066542564	4.51173496345712	0.9867704692053323	4.251652416328842	-1.2661852917878722	6.698979268414328	6.012477004228727	6.572879332362868	6.112442246801386	4.665739919084213	6.1192404042365744	4.644081330393938	2.8239053680193154	4.282694881584559	-0.8720076701871182	4.3636480245043945	3.497944549254224	6.738292737468698	1.9588775567904086	1.0340416965964874	1.3703138224253202	3.8079270915607424	8.036202271508781	2.8042725454113464	4.5025129352157816	1.4969193754930936	1.5377715813695705	2.22830018884763	6.690954334013655	5.359608223410538	3.4878208482493145	3.604118835734166	7.0304508389509675	0.44702125235949275	2.894226550811344	5.848965937046844	6.377849053092607	4.496801277167725	6.74255960095393	5.9221905031999444	3.1288769350831913	8.677052102941381	7.969204845203727	4.4126206235651555	1.394657822795411	4.566744548877358	4.423785284024898	5.854614400199818	3.9432106812094982	5.062483208699767	6.720979075536722	5.83936614596568	5.438636709623749	6.153630794587852	4.886424475463823	6.2826958581822065	3.9580694993973085	6.792942093797318	3.742980802595038	6.0670870092260465	1.4362420096104147	2.4893017688709236	2.7097466802363126	1.947049830620827	1.1738465327123162	2.505598695874755	6.7859298422171594	7.562509423623215	6.617573681925835	6.6271199687530284	2.095322752641377	6.955067252741706	6.2329158417760135	3.5517915299537757	5.23908183681243	5.815272506501371	3.644191769271346	1.8885010701357015	5.129633802622535	7.112383820211413	4.91099879852489	6.753351155900074	6.618124617627629	3.0433085502355057	-0.9233051709191287	6.575586666773344	5.760661316906576	5.832618145113276
MB014	1.4751738218438657	1.4258955523127446	1.265370443535918	1.3369254010386546	0.16718380990356163	2.7406713741523365	2.0415012344169314	2.718323625331748	1.6881828958425595	0.6251241793194744	1.1728145425327456	0.20291628849320453	1.6306013136218986	2.1614177576581746	-0.08633167264791552	0.5029985910865795	5.439616480175896	0.2975043339909913	1.3973461339538806	0.10489895226015555	0.2064606244976721	0.47436083019992914	2.1162719437266526	4.7383454925238215	0.5481391383536813	5.852508174615286	1.3623805257801305	1.022125684592461	0.9791972590240325	-0.5126997769959125	0.7689577105551759	1.0423888228135114	4.248717425860706	4.875489487448459	1.7211228464945663	1.322858093356798	-0.0027626039717958406	6.217365918175164	3.1513016223864803	0.4424634686952871	-0.49598128405301445	0.7425256842165817	0.5091123548112932	1.2432055853201138	3.0791784206401855	1.4946690961515259	3.284141946162964	0.9492828550331129	2.845278716234195	2.8684984195061736	1.6101064134134786	1.3094645909259395	1.3953859607401657	0.8463207355767128	2.612189001285026	1.608297069233478	3.033375374923355	0.6474818965418381	1.1242091033041977	1.5067521481181858	0.8304096142369612	1.691889126797994	5.673196411041575	0.6029207385146709	2.781495535367207	0.3115415473141807	2.5458165623149487	3.319865484419423	0.8967427296958368	4.10259959990565	1.3712136909482835	0.886795950207107	2.074122217254832	0.8729251560315952	2.359346143052541	3.014606964609664	0.6534878159397399	3.8015250543492787	-0.036703757367099854	2.517488771959453	0.6009382608256173	-0.5030975428977236	0.8200197423986486	0.015733513898151585	5.770940748137122	0.5912455330926942	1.1325151272182286	-0.013125212419231147	0.9280515558392359	3.112192686846882	2.8478156082342023	0.6151003067575127	2.2128582957036524	4.31651940589861	-0.5379712760497384	1.3902653704975965	4.092712055340419	2.7223398846838656	1.359236370609036	2.79958050233006	0.2509834030429321	6.959553063822682	1.2240049572928378	2.1128153498092797	4.161680044150392	1.5603955370507112	1.12739605642136	3.4655006614653745	3.5774351972548004	3.071032220802591	4.5983918448517915	0.24913831591340596	4.810285172972064	5.073131772128763	1.265069884514638	7.268428216612796	1.4253678895103699	2.6067799124814064	1.8156345599723984	1.2908120913015084	7.207454104008145	6.769367529762092	1.624657931935058	2.3199110031743766	2.586593286986276	0.3811320906749254	1.4108936945998884	1.0850896860045411	2.3770645173541	2.049268498222168	2.097028459217645	1.2342630058672288	1.4721483604205652	2.769907591726639	5.562478730726558	1.142555366019268	2.1018773216300985	1.2912022492781006	2.3529679802719388	2.14855055504406	0.9050732873704028	1.350005995493599	7.400751924322972	-0.02583085336151747	2.1398143684682704	1.7836749628958826	2.638182113500344	0.988239139878134	1.5025133948118263	7.757647283295652	6.392734477228352	-0.1776425157724617	8.093584474686356	1.7465725574861883	2.144112696413253
MB015	-1.7963387971982634	-1.914868180741781	-1.605540258876669	-3.2657536513051486	-2.044066395032946	-1.0762465489567905	-2.444888179862529	-0.48831417786996667	-1.7120155908449863	-1.325070468666409	-1.8347795115942596	-3.488998171418629	-1.8979590616560715	-0.44049734406431895	-3.7256719382749104	2.197918280486874	2.219769452684597	-2.976377986344902	-3.0958580755083407	1.095027198200487	-1.7645661669227026	-3.4678372240451942	-0.40105367462212627	1.9051244371135603	1.1334110183298005	-0.6943190829110879	1.9346807043131786	0.33665927933147266	-1.348302169588636	-2.7453213784146673	-2.288604450700639	-5.743836798510932	2.28956772499392	-4.053951885426006	-1.3501634438175225	-3.484444580268308	-0.4304930316490969	-3.176793952963667	-1.6330388456646956	0.6439015157918098	0.5138644291660563	2.4929571072397003	-2.6817330345169026	-4.301103400145848	0.28728507186877295	-2.6917928815315033	-0.2752862633621689	-3.3682428679989727	3.3369646086809395	-1.7201694296652192	-2.6388563754511676	-0.7698828084346019	-3.9229324245856656	1.8597548584337886	-0.19090953460670157	-2.6475298301898835	-0.6671107513532242	-1.616428203905171	3.817515288423957	2.12545190069327	-2.224768454822131	-2.9888508466988117	-1.7746735986708764	-3.315688145402623	-0.43979287236064657	1.2487238018471905	1.8779530194007004	0.06346001745468755	-0.43150291762085047	-1.51307453805817	-2.138707561125921	-4.022405438105684	-1.9850287240274067	-2.3034573647576053	-1.3072683979525888	4.378924868948601	-2.160076046869321	0.9692016268707011	-3.13606111702766	-1.472135264685214	-1.1000531099216735	-4.2662089730381485	-2.3169412764621873	-3.1573061642930007	-2.5236297280618167	-2.8224894082739915	-4.172992592853383	-4.661369009143767	-1.8508790299630782	0.008928453192464048	-1.350967658800668	-1.9449993538561428	0.7609745977522433	-4.0200183513733485	-4.271890679974469	-1.9884934134191656	-2.5692344112822028	1.0959737869826292	-2.2814657529567786	-0.049670923701979675	-4.929893344125311	0.908547401347799	3.8093964305127956	-0.9134643631664687	3.2441326643250115	0.05590741680168776	0.5652497228537419	-0.4135869706273514	-0.4816209404388214	-1.0699169555541577	2.788998695011797	-2.6189900415600356	-1.6144601563057748	3.1252745556363415	4.243199244418652	-2.373294410053802	3.6077529933312045	-0.7509831074332762	-1.2141910553580049	2.2161843687579967	-0.7529099918416424	1.021187347689497	-2.9835642495085164	-0.9061540676539774	3.170327161255053	-2.1775621307613395	-1.349777553236759	-2.6242835019217825	-1.2491958105590033	-2.660690066369556	-1.8317691040958959	-1.728088462898553	3.583760711682066	-0.979132916597278	1.2625836362366147	-1.3328469578410314	2.0988450043108884	-2.365885147848074	4.192227757575593	0.8981752338920526	-3.969341997683504	-0.8687727991175063	3.534085414404654	-3.1173107858617204	-2.2302049653599703	3.495936914195573	0.41281205793514	-1.294484666397504	-3.234839730422312	-1.987608325621526	-1.8642919764501897	-4.632712512447535	-1.6413848610435515	-1.5723114829680522	3.411620494530241
MB016	0.4101097000076255	0.0010030047811318	1.5727330184066437	0.5491427035367664	0.5218169359585714	2.8709576788884705	-2.166626125712222	1.9660923062733033	2.4833117618666876	-1.976261948432807	0.2238135764654139	-1.3809009212206096	0.5044033364424072	0.7354232842317963	-1.994609835542116	-0.6809210872258937	-0.19609578045105192	-1.9923238048742853	-0.4042498795194476	-0.29201233562257656	-0.8618163414090789	-2.5532134890436886	1.8876393197756833	-1.3117020950328966	-0.3778609709882117	-1.3306143045016299	0.9765948159457984	-1.4437058006006573	-0.04619651998972696	-1.5412770472453374	0.6707521652074169	-1.905166186154558	0.4486905156752119	-0.877488275103957	2.5065014536129837	-0.5332248162632975	-1.3277919056586898	-0.34761724506118696	0.3626247309565116	-1.4818249030667463	-1.7747042504301422	-0.17642828383138465	-3.079884803550984	-3.5267184554627384	0.9877575561656631	-0.4734891337245486	-0.8588026828933524	-0.7512445576300752	0.5121081868936148	5.186357748971335	0.6829842885215385	0.6961139387446913	-3.99449436439669	2.082525654380537	0.8428595940394832	0.07436450491765889	-0.9553149587194358	0.8117339313741798	0.08100337309804662	-0.5232796817354268	-1.4323278159546344	0.5074695097434541	0.46045343755174173	0.7906293341825492	1.6296245918415506	-0.7539740041382288	0.9460673440718184	-0.9852012145460263	-0.31725361430086707	-1.0016053666841866	0.8168568884222802	-3.22764901704325	1.5345646880857755	-0.4942045321318531	1.3481209579049596	2.863634805533832	-1.1055007231137939	2.885614580834196	-3.379486614069556	-5.188132716608649	0.8853087227932965	-1.5260640405406605	-0.6688232208732403	-2.3972919828561885	0.2398448735001244	-2.165757512260944	-3.0696727208278	-3.3992161235959486	-0.3489103365941748	0.8493568881012532	-2.929670982545563	1.1399119057130545	-1.6595196089289965	-0.0859075277818242	-2.2446282727129265	-0.3303385733658182	2.675900348361764	0.07684612112377831	-1.2806273380004196	2.274911685056055	-0.6971744433582678	-0.9004396318891281	2.1177128460114325	1.4881920340844452	1.3000204285051362	1.4307326838605139	-0.8590078924964821	-0.7649955733124045	3.574516892296505	1.7113892339888315	1.1374207872349373	-1.9427526441299303	0.7432850479447062	0.7723423193042676	0.7735873070987527	0.15147617258775803	2.14390023930435	2.1780149978632126	2.422419453130086	3.0606532333019763	2.659653927103423	0.8649318319080308	-0.023698578886378385	1.2189498060681068	-0.016764109486892664	0.2052200238587698	0.5143291198255406	-2.8456907138298266	-1.756702753224463	-0.47497931751313693	-2.00643180993902	-2.715263502724703	-0.1742241742470636	2.1225313426944643	4.737148281558664	0.971139634470358	3.2932965088057493	-2.4484781864089147	1.5138374807830113	0.08637548186124455	-2.674811645664752	1.0870650995692026	0.25055970184126153	1.7751163732818869	3.4490425198304404	2.383112227046836	1.1762971385754524	1.08806596065123	0.08258644052031805	1.120778626926528	1.2066771739649091	-3.5544633475806897	1.446090111501798	3.128786887634795	1.9961413696603687
MB017	0.8394009917091001	1.3437656525354003	0.3710556266405467	0.6925846339813679	0.7632459620349268	0.7882077721490628	-1.5127260866603507	3.3349722421171846	0.010490015322313084	-1.483348884289077	0.8283244658796667	-1.0519300444807556	2.749655863197975	2.6662309921472307	-0.6934847705294303	-0.8720720735201279	0.11884250018529396	-0.6260470058214693	0.08090858678568758	-1.1983327595826303	-0.8937270429255042	-1.318130503999365	2.5165354220114677	0.2446491963182993	0.5656033054446992	0.26448278191225505	1.399727420909663	0.3356388756310249	1.3741989839394435	-0.5275212312663395	0.7290109799824869	-1.694918369953518	2.151519693168888	-1.5453788212235793	0.6656020128700852	-0.32901106351833853	-0.0444138639599716	-0.8566878469672137	0.29950932587680423	0.12066832210094347	-0.6248362761913437	1.400319331202982	-0.46692192000470456	-0.02877313867139364	1.4110893126433597	0.21498085435174552	-0.9516173320411747	-2.4911063198548486	0.8210589739928462	0.12834120261056547	0.14848092092290877	0.04944990685797812	-2.245673757149561	-0.3515377550677279	0.11828595584973556	0.1566234331914167	-1.078648659559013	1.4145266502017906	2.631932029020599	1.6083547765239503	-1.4457655412074608	1.0442128957696406	1.7522073599797077	0.5703547191192788	0.22834806113185557	-0.5505460569259633	1.5022256395046396	-0.5486135967325945	0.7365759440775035	-1.0817822295921182	-0.26730565115972027	-2.2131180948978724	0.7117867088977867	-0.3471410801315926	-0.14818557076976013	4.914014671207857	-0.5165993903054602	1.6776938750230777	-0.3052159495511866	2.0894248913530307	1.7679688409477343	-0.7465193212057102	1.3949882533605926	-1.411649327685394	0.12933811029039788	-2.435188937792386	-1.8744635430586492	-3.1312775373372457	-0.2212633332250089	0.008928453192464048	-1.7036458491536255	0.2790766995787344	-0.6790196643287869	0.0518604488256198	-0.4855409830596482	-0.4987207070900155	2.646468816447915	2.9795343767721096	-1.5949440647977777	4.280289092140762	0.6574020763741881	-1.2790258992847523	2.856074478250929	0.2550307239695684	3.6225716564083226	0.4193837556915607	1.3872333808270527	-0.12422654220895701	2.0088821495784366	1.7460322762843603	1.8247869087052653	-1.8867883457093804	0.9204959182663455	2.6807829321629377	2.588355267321747	-0.2183629802973659	2.1222986587064936	1.6712965740818415	-0.6648886096239286	3.0180806803549887	2.474902800387043	1.9347298745176031	-0.2262115653796588	3.848334024137313	0.4036251382834024	2.6593275734166637	0.7531162557928841	-1.2444887910636666	-1.0536790732088512	0.7033506231910387	-1.3549199341565519	-1.9681825713349657	0.9545595384822203	3.845700877827979	2.370657649236282	-0.3080780987638079	4.770187267921749	-1.3489482164342572	3.7093070676700632	-0.11935592873429535	0.41761820642568637	2.2677270104796765	3.129276961933905	0.9977090315460568	0.16371029592116138	3.8385746552918594	0.4918097760735378	3.043937224074937	-0.7984356484556958	1.1699994622016536	2.6676568483740635	-1.4137701251795125	3.369927957449148	2.4684896241839747	2.8488113870856093
MB018	-1.953969135175921	-1.9138448341206864	-0.39663019066735217	-1.5483712767928495	-2.141841869484132	-0.7764124633071585	-2.126629300654276	-0.12683943329364133	-1.4213995688985666	-3.622082134447755	-1.5982270837781005	-2.860599380452049	-1.4843932341410389	0.006952687184867301	-2.7061164400978743	-2.517984758232606	-1.6895067491119269	-2.335736730260212	-2.248486960656873	-2.7996190438094626	-3.219267782396151	-1.633462776060032	-0.38172992406076567	-2.084335159356489	-2.4730211076431123	-1.677989003646113	-1.8865536162223258	-2.7430623135795145	-1.2815588383409908	-2.933884997471184	-1.6522126505185426	-0.8879395638771417	-1.7390531610631248	-2.2730037590360688	-1.1139624950503064	-1.285735645719205	-2.060771096889776	-0.7624505372509365	-2.3485487922078088	-1.9325517630119684	-3.076169009678136	-1.3400616610348726	-3.586335645766553	-5.062623348478384	0.7243910799748168	-1.8740365705481459	1.41942283777097	-3.3682428679989727	-1.209340834846591	0.6540248857299691	-0.20465172012329091	-0.19371307131353888	-3.9229324245856656	-1.6028486365195445	-0.8205436210595973	1.132431734037092	-2.8123459705345404	-0.9592128928802435	-1.1126218589682262	-0.654383618799673	-2.6167849238514993	-2.4564494695922505	-1.2457878531996371	-2.376330489200946	-0.6377772188766784	-2.672450024769571	-1.8434678721448785	-1.5923968978860321	-5.9997664731602995	-1.4612170642396247	-2.3186911353093222	-3.798871845699482	-1.471903731601289	-1.9545956749506015	-1.2757453458086907	-5.328497315715111	-2.2857187953453657	-0.40754373719157044	-3.489435212165196	-5.188132716608649	-1.6485216245754204	-3.8573478822179315	-2.4367113265124027	-2.8635237642121343	-1.6950245124883931	-0.26700540751491353	-3.024618118071402	-4.661369009143767	-1.6795150826065282	-1.498283581776251	-3.3254839557914586	-2.0167709711540764	-3.24744978884054	-2.621827573124925	-1.9669993737020732	-1.9992554380333338	-0.8460113314527185	-2.446931430490742	-3.094866823587532	0.04839290240351346	-4.929893344125311	-0.6873806105163531	-1.3013114017501657	-1.238522604404034	-1.1326763377437503	-0.43173733297663297	-1.197040813726728	-1.2275657663939636	0.43776756731616295	-0.47859810683351967	-1.6728348423240513	-2.7791788958752317	4.419776255473254	-0.7614277326438472	-0.6979683801539371	4.361960680195323	-0.7859322730252511	2.428025283600424	-0.9294007212952122	-1.491256490080473	-0.5883546214538384	-0.8896658676698017	-1.4379834730880923	-0.8102545223398216	5.1891658035564845	-1.4892992382409815	-0.2056153884833538	-1.7640542896555296	-1.5887592246054414	2.2882053937533122	-2.1470805655626855	-2.8682572986601897	-1.1732224531041187	-0.5876579373381006	1.0334925933351755	-1.1443848561531151	-0.6575703681390124	-1.6440831543029475	-0.19515775185310957	-1.5621598840607547	-3.4244553163314375	-0.5226799368173118	-0.016115045007126128	-2.193708563093974	-1.353711756571764	2.696027874851957	0.01705460810204329	-0.5080180836088326	-1.9941257310550675	0.19113251802076014	3.0456209341953056	-4.00898995791184	0.46152156166823843	-0.958579188916822	-0.5557591798452446
MB019	2.419257136726852	3.615670257985119	6.430556248304368	-1.2680291728051891	4.210587678907564	0.4784752969727144	0.2042107245237439	5.476803970475393	0.17844268801359142	0.3338611409887893	0.7616364828877149	2.22702408919986	4.714419328219133	5.865293026109802	2.446259163619719	3.427177627709395	3.16517075091972	-1.3621846459429499	-0.4260980109567516	1.7765526949966617	2.0240784550373707	-0.5545612959515331	4.979395819291886	2.8141847382424716	3.328389080386314	3.5847580580706513	3.345694663824653	2.857485125312274	4.517970352591764	2.6086224313876842	5.37999253299788	0.37785887632153425	4.968335403720152	2.1723292346978287	4.762228959227446	4.859663368705644	2.8198246091849644	-0.9372575138565349	4.184924233985685	3.545320106732528	1.2742598190700756	4.674365425609033	-0.4382043183639297	-1.7600862206196677	5.224917848559759	0.12013937945026676	2.549141302952533	0.5061032829519743	1.8686976737918561	4.165933142712417	0.6208003240501938	5.899714680594974	-1.636491200094433	2.4518032020636404	1.5956830857440432	6.059706694108159	2.2012167878831015	3.4053753604246646	5.018779442556389	4.868080239361607	1.040151568623978	4.493823576677526	0.9183115523184062	2.153180486219477	1.1025252795478888	3.5732374687733044	3.5731434031356963	3.8390177937386216	2.1234274695228432	5.045086203936652	-1.309036896803109	-1.41933700643194	0.5507812159548484	4.518655971630388	-0.27300349940491486	5.15208200185714	3.517350074144784	5.0334099664976035	-1.820408101948372	1.6490742074018252	5.5807849174667385	-1.6530558988943511	4.498217747151528	2.719200381200608	0.5749849213691487	-0.315789955256248	-0.32330635850161116	-0.8757864510742568	3.2521590138167555	2.165785716136318	-0.804723850473799	4.481330944005814	1.6143843595416705	-1.5102144483662236	1.6820438047270638	3.385230349566598	5.160132255570983	4.089632352918275	1.1729937483526882	4.715301838098307	-1.1094848758998204	0.919275644477751	5.093563830306493	0.7201604961122747	4.4129647563273195	6.025516755745395	2.913937062503707	1.6862502791945175	2.275266174697431	3.920486281155479	4.054610489693285	-0.06767502847440987	4.394409147344973	5.069390821124825	5.793502813720256	3.319754575623908	5.369548566843205	1.264983483381088	4.338066374929243	4.285655470982427	4.731221529250098	4.236938644305382	5.287091868626106	5.502475818290725	4.734709205673351	4.458837513654817	4.3498661843278	0.9569724659846788	1.1627360309544041	8.238601165188042	0.631011711800511	0.3161861784455766	2.9083043602464906	5.477717919903464	2.59136662771148	-0.012869404664417772	5.187618162151262	0.5060801941232231	5.295255783640025	1.2693372221669676	-0.006646781387516398	5.433553068163591	4.1367932824301334	4.447640322518785	2.041107950098942	4.920518256095901	0.48788673186371945	6.251865682011584	2.5254744085045537	0.44789985739029703	2.472052353052905	-1.7154613663393583	4.0170785956577815	4.823251557579987	4.965655206936567
MB020	-3.875837485208187	-2.8143768247036682	-1.2935452826682265	-4.065379847585135	0.6012019498462937	-2.3260682561496733	-3.208167987582849	-1.5014499289688317	-2.461318533403638	-2.631166066046431	-3.034808241468996	-3.5333892177822612	-0.5834762681523253	-0.4525670269225692	-3.604087420537093	1.6609332139747188	-3.218801429391248	-3.50021610196797	-3.813590907527713	-0.11821422986368191	0.4544306421163231	-2.654631048054082	1.1915879508115088	-0.38556797718276936	1.2459950510658437	1.0479443216024302	-1.1798054944082743	1.1660089678249665	-1.2155331619225764	-3.182674594102158	2.774222496533027	-2.4229390134965634	1.9713206547276032	-4.336758110077032	-1.6249012724589056	-1.8883403477337293	0.23136415727580495	-4.394089021643728	-0.8274168423624202	-2.291335895162467	-3.5495410868047372	1.4922802620282942	-1.9284882933664544	-3.8087185827328582	-0.41471469442028663	-2.7975323360797333	-2.2942151823564183	-2.2539183734306736	0.13312563631173013	3.051408051421185	-2.4224964560769777	1.110919241417764	-4.990287849703664	-2.559060535216206	-2.524958371690156	0.43214667874234713	-2.394985394014414	-0.23781222106207522	2.516249142262878	-1.2517766955744376	-1.724833502755187	-1.8786989438097095	3.772182590218862	-0.4973057644334915	0.25169088751397517	1.3548067472165384	1.6146291840566054	1.3697947667156267	-0.7210176743014696	-1.7463489659294709	-3.961651509220138	-4.509133113763713	-2.966886169859892	-2.9785039528257347	-2.930274354283803	1.4937059080674837	0.9020218193318783	-0.10630807423208388	-4.017391195606573	-0.7565617099072739	-1.6291707480141921	-3.876710911954797	0.6425071890841094	-1.4408793988126227	-3.508817328882774	-2.7068158182364197	-2.6595950986054184	-3.9263221194645848	-3.445514052606514	-1.1364651290024206	-0.7455668907351072	-2.02411689695304	1.660214628944698	-4.252971494200983	-4.0521834679516875	-3.0164401942871297	-2.162664882578458	-0.035451104533653854	-3.094866823587532	0.6200465186762276	-4.388404139596146	-1.8076284041587165	-0.551129355534469	-2.4909454250613248	2.59740987678739	-1.056970081194585	-1.9059633738160553	-1.4780337289635526	0.2967753637900099	-0.9807656996280425	1.5783628930482232	-3.5592719927843124	-1.201174569856688	2.4932193256934942	1.7231310665188655	1.1633174891848306	2.4652879889924186	-1.771102556680436	1.820507038240061	0.5418058996446797	1.2827775818782632	1.7562814003885503	-2.0532874797713596	-0.4661437176290324	-2.5572951545247573	0.3837055061153727	-1.7491933326499005	-3.8142434184092995	-1.0502029567805824	0.21546297724918162	-1.3303543922801122	-2.790278929622774	-1.4285444290935274	-0.07019072504343349	1.1083335620536143	-2.1351912657853003	2.316767377263779	-2.7676825985016187	0.4942032800433367	-3.553507035950611	-3.798521644316656	0.1332537921561121	0.4923611641598251	1.1572494463501837	-0.680732558041031	2.617546055785972	-2.3788862767664476	1.9403531255182296	-3.1082998372847275	-0.24590380574113446	1.0979959963595594	-4.14817757150732	-0.28771706978851697	0.4046290132301209	1.1805836034696524
MB021	6.7100141810625615	2.2858635143404396	1.6507056343987214	2.0099276619075077	3.2535227265696296	6.531612902145821	0.03126899446886888	5.297780750592288	2.183307303767031	0.28752535117431854	3.9207351181467294	1.4886758049003825	4.562309212665496	4.336145662884897	0.2872315894625297	2.7211687150911708	3.4122694992507565	2.5523408434777677	3.9281493999496	-0.5758827404511653	1.710472461957278	1.7845553065728215	4.71347687403126	1.7854923471507886	2.3998067643260406	2.292785349879799	3.281550871664752	1.6349186142237553	3.3077964320966204	1.6344697721790142	1.6933025674224345	1.194303009209782	3.3108402965778243	0.10066022366687655	4.741999624393415	3.0427170368392877	0.411554407669553	0.37891559220767057	3.4461174929190985	1.6777739586927414	0.9517554660372616	3.066218223326339	-0.6999382582897891	-1.0656911442073174	2.8017962873677966	0.8592131207202964	0.9820453494263326	0.45883632499977267	4.457209663060531	4.809388255655496	4.279667158301904	3.8742504691879045	-1.4629577696379528	2.9525652911142615	5.474393131033262	5.191686432653833	1.300611136287495	2.5263301418608775	3.5514953342858417	3.5800354679034987	1.8018900154885866	4.241361648820823	4.65958818907475	2.1460411945126276	3.205783807978939	1.4596689923869661	4.049817091099359	2.514027846946669	2.5166630003143577	-0.09973265588736169	1.4141576584220719	-1.745363886715527	4.343313998526242	4.547108620640947	3.1578553231395325	3.95472180166435	3.625540399837954	7.278474635336113	0.005050444846485647	1.9426180345208381	2.4427711362633344	3.8423237803025083	3.5548212211396617	1.525096071016871	1.873166240482198	0.22814459986137337	-1.0247699970691446	-0.09150459287688406	5.406785017511613	3.1311934134102097	1.5600966090038408	2.8712058380943164	-0.2570218777396729	5.475114540189595	1.3382923472208823	3.1426335620664227	4.540690971822194	-0.1882456931877643	1.526339270137063	4.909719988462756	-1.8364024108131947	1.4981610368208225	3.215054771335897	3.3431716245010854	5.015007948735512	2.581661360948253	3.3164264200624256	1.9900753391654291	8.414397966515615	5.365554158385807	3.877669254742122	0.5671623430228614	5.255064559711918	3.0480198117994295	4.421794036221986	2.687862863250424	4.152619988155555	6.508219364981649	4.290165467106265	5.632768073735976	3.7109680195265087	3.475793795485953	1.3369634310802283	5.21252946011097	4.4233463167115	4.874749734739792	4.068374020798397	-0.4882008497757173	0.9092153391733451	1.163989220085698	0.5425126669794444	-0.16778971078143634	2.0890477068682056	4.912373350922744	9.226618894175921	5.236792216807869	4.762348327437387	0.8607950797841184	5.296611074004742	3.8433125090302758	-0.06664901120254108	3.3811785623112893	4.507952906677239	4.157099947276974	8.448180189960514	3.3982522840895326	4.703063423406744	4.350308809429761	1.762610690759531	6.076526643358883	3.3434709798035422	-1.853855099850545	1.645560164600668	5.033300818642157	5.364917782605522
MB022	0.8187458009896815	-0.49669675458261153	-0.37454267399907515	-0.8229889071167271	-1.0852009355093877	0.21313206143146068	-0.9975090664035928	0.48280517704227144	-0.19515250368569603	-1.812303010878857	-0.06678637782690267	-1.2504082519780102	-0.7383563127939032	0.32857394644381976	-1.3318823459270046	-1.0000641687969427	-0.6175778462745134	-2.0799406318357843	-0.10630405647451724	-1.8663478718149857	-1.3157365191085093	-0.6474321085529038	0.47880344034280853	-0.8281183139639703	-1.006605047062778	-0.5805496113105697	-0.504287727026675	-1.338391144591446	-0.14135431269907972	-1.7386008854282888	-1.1251928796776305	-2.1717181771489305	-0.6756570550981911	-1.6866454687244516	-0.620230984239698	-1.1527632287331446	-1.3586931253827563	-0.8403519283437753	-1.8957207560892195	-0.8458529244137303	-1.678246949240906	-1.3835685310365067	-0.49995715884306513	-1.8994100257416342	0.3699282235189649	-1.0658282011703921	-1.4456802021105153	1.1677208536831962	0.1282172961522221	-0.21623385989280486	-0.7208689925860927	-0.3488672863947251	-1.5719438494591724	-0.9247676998951135	0.9246842797513875	1.118004508644451	-1.99649674067782	-0.8103023789219037	-0.3284939517275349	-1.2623592917153657	-0.9372070179606027	-0.7286862048963059	-0.1288460703931733	-1.2336242090760035	0.8411180864038288	-1.8514310717990217	2.511133749830445	-1.0883017880261372	1.0369089062293382	-1.1681902739805494	-1.4705967007233323	-0.9418171498022936	0.16526039382602775	-1.2016724504219596	-1.3062358613402907	-0.03459748781662597	-1.8263282969587777	1.0943796827868262	-2.06428841526947	-0.5155150026566453	-0.7749871782766897	-1.7719909807793535	-0.4664293918087372	-1.491220341196538	-0.7235867902376629	-0.5300163780831433	-1.7562142299362193	-1.8011915053236187	-1.1756570809132967	1.571659527660647	-2.4290480359373845	-1.155479220419175	-1.5966052983416796	-1.6318032322004097	-1.5616507216881956	-0.8751484022446565	-0.27854416313061137	-1.1486385698353603	0.37942657846760675	1.075303960727906	-1.0693508706372494	-0.3306134382397623	-0.6578003445070237	-0.3311868828172564	-0.8610824299320159	0.8150501366784573	-1.4118157095964108	-0.5718408386150138	1.2508278471520473	1.2097266213090618	-1.2112074219571083	-1.6297698569796228	0.06535498178018706	-0.5078438166118584	-0.23863622048138655	-0.27785718943648874	-0.659720331402692	0.20942326461432614	-0.8367984419700631	-0.11476511198548511	-0.012420177645145358	-0.20319445545504244	-0.3749872373921139	0.6362115535771427	-0.0072252646030062095	-0.2506648376631153	-0.2688076931299648	-1.274539565724961	-1.3399951545502375	2.1993305426671137	-0.9637276024095112	-1.161060121730591	-0.7730287254722583	0.6195363380245418	2.6855367652295135	-0.6770839448790831	0.2873474556431379	-1.7725716621286232	0.5875494661024696	0.02942552774356244	-1.3558823257980013	-0.020391767222180945	0.746613224058259	-1.0823480148651363	0.9347871517429631	5.580682514200401	-0.45992242729436406	0.009337226002347876	0.6735145950054644	0.9449026737247568	4.4621029155870175	-1.355909541194361	0.4645224143161464	0.03558295270348566	0.3834900336219942
MB023	-2.8343413505944834	-1.3637806778842183	-2.886889781733661	-3.0867128225609175	2.462442909239474	-0.6203378843412288	-1.2379121945069258	-2.1218971119262218	-2.4398703864330518	-2.5904357781397245	0.2789113337147704	-3.4114470431025357	-2.1675262560771733	3.1816894588650007	-2.599520075230034	1.242345625186279	2.594592658960295	-2.0645825898022085	-2.353163645455515	1.6987334018617668	-2.6778849454747506	-0.08321474375587634	1.5490335741144134	1.4207407207625273	1.1544900378250622	2.2336523895243747	1.5274491912988335	1.1471741227016947	-2.4436005806623546	0.231859614800487	0.558524474763626	0.009663326922892068	2.078516046242191	-0.43852693221461436	2.6970588107326536	-3.119208591166535	-2.1503481430904516	-0.061399281687307905	1.5804861222970636	0.2242725187238861	-3.17864163006195	0.8957537525291484	-2.5933799790536565	-2.8262916956551383	-1.2513597951776312	4.142535681467374	-2.411973137107725	-2.2539183734306736	-1.2850334196664779	-0.03525300304713852	-0.5500367747147319	0.545784350587911	-2.518495712514355	-1.5179471116163068	4.474946237776904	-2.7000566566946578	-0.15460586000009613	1.7062575466606287	-3.1794776686517467	1.95600651033973	-1.0220622491040512	2.3889153069807785	-2.6738508814620037	0.321437583897068	3.189962699456353	0.7449308609033078	1.343151818619229	-1.4618766559265088	-0.1149383725400197	0.9478886930884993	-3.4816918319661347	-3.566216534969243	-2.4505995669486165	-1.9607076106957546	-1.6707602517632871	4.761850809585212	2.581445047484179	3.254995590053775	-3.469133166384383	-1.1227864392917617	2.264909375981288	-2.82679446663942	1.6081233062735727	0.8263856824691951	-1.9660572300555632	-1.7307042110193258	3.312187232297612	-1.1107778662302206	-2.3921291704503673	-1.2781403813722019	-3.142044028960866	-0.6540352030731773	-0.7309241595023535	-3.528392131798995	-4.085610339164717	-1.3303125171948889	-2.449741368996751	-4.3938844776683075	-1.2531082130653886	-2.6123347077146644	-3.2202563525653325	0.9940770989109486	1.1602867616222579	-1.9818735446546185	1.4737883530114004	2.7571272081795426	0.4345250755726928	-0.6846086837550409	0.7096572277369173	4.183052854061101	0.4537588491555624	0.8832396520661607	-2.6118315068457196	0.8693089039965187	0.6274394691303637	1.546154306155115	1.9678105470087965	4.349315879292922	2.4173588059833317	2.9206500580017023	2.5739195087232467	1.9106509010978838	-1.7973805229661899	-0.05052641273712588	2.289484738154955	1.2229627770780773	-1.8988440872811818	-2.09838911368975	7.340969138506257	-1.4860990179168478	-1.8910875255770705	-2.1854485338177554	3.1610937045436494	3.88636510500519	1.343318774053774	0.022549265748885716	3.4345612521193187	-1.667807768221854	3.1544594668860375	-3.0212203217743596	-3.2691307522730284	0.7215706886872333	3.6628874133614744	1.7372310021391613	-3.6782818710416336	-3.1676409989335523	3.0774693892989005	-3.6653646061674783	-1.6013370595689445	-2.3034596657566038	-3.3641410690953784	-2.7759502535186336	3.763272520659875	2.865787511492954	2.1281720768886787
MB024	-2.3408508621692725	-1.367209010639817	-1.9589612572875694	-1.165086250188308	-0.1184230374560773	0.6330679860876831	0.20475507932098935	0.6943959990425839	-1.1615117574529172	2.916677029521578	0.01946959569098894	-0.8476393705392322	-1.7071120605819585	-0.9649639150754403	-1.1369702547368572	2.2000489634660996	3.9990953938822162	-0.8032967156765984	-0.10679032268944333	0.04299769392904551	-0.18736090846563425	-0.32530507516874607	-1.7973178957291758	-0.4886817741629814	-1.4006797149471675	-0.8258441435242077	-0.4694840817110979	-1.2083693788495573	-1.1359012101003065	0.14938473234854133	-1.634587542706031	-0.2916829653049646	-0.7415585394171087	-0.4307460151623186	-1.3970012575865072	-1.309724165302823	-0.020885487442243722	0.64314751139531	-0.9021817234168088	-1.0714739544051426	0.38916912504228396	-1.4223522689970833	-0.5863969516974539	-0.5016847113373561	-0.278129227449611	0.2926211987930394	3.124979670336586	-1.7285632790741001	0.5766439746739973	-2.143300929182944	-0.31066354524890905	-1.439762241922793	-0.6795441307758523	-0.08388921668839444	-1.7582562799383776	-1.356591856401593	-1.566132694662592	1.3130985059894495	-0.4135547912269262	-1.2590568916134943	-0.2852420560656377	0.21234909690940285	-1.0009385105194415	-0.30652533588979125	0.154139248182954	-2.324388835470957	-0.3238860667634489	-1.8604631408298244	-0.5819210148869551	-0.7606970854293849	1.9497158983925695	2.2086950249361825	0.4161560996915572	-0.8185676140094404	-0.5775999829142844	-5.328497315715111	1.0931410117302738	-0.33082799964189746	0.6613796893300155	-5.188132716608649	-1.0400383525749843	1.4178711348122022	-1.5922229990261298	-1.9263235493143416	-0.14192299617855575	-1.910579867395187	0.13195382604099315	1.2798809613975113	-0.9986769556806188	-1.9619817871727836	-0.25667602188747196	2.245104404373298	-0.3228454563016525	-0.40357520782682776	0.5774081881635142	1.8674835604092257	-0.0005346181845613529	-0.0613947052235746	0.5467466926258773	-0.6229402139780316	-0.24449432205916644	0.34109629273898356	-2.0652083869791475	-0.18011001826629958	2.807867739277385	0.7920740140442595	0.33615172397871174	-1.3472461064385364	0.4517928501080508	0.0195335200735407	-0.9601816922172697	3.2367465828499133	-1.0929000087213865	-1.000409074033774	-0.9408235449537949	0.06394489627835753	-0.39254177223314635	0.20967727082406462	-1.5792377300984901	-1.6776099164254559	0.7211056548474897	0.7945085395692013	-0.21070701160348904	-0.07031724999841238	2.577018780190353	-2.61185502223325	-1.2405633578177326	0.12596491185759007	-2.1270014909537647	-1.2290097543271497	0.8016254629641679	-0.542959979025639	-0.24692086829555393	-0.08443290328073516	-2.5304708993192975	-0.9965268075756377	-1.8113987383836037	-1.9909032055268074	-0.1268895509127539	1.1164539052248248	0.8132249147265949	-1.0425381719437912	1.7908143108854695	-1.936125939160215	-1.784146334030341	-1.0801496911623198	-0.9677928074413789	-1.8070294389605168	-0.8358372308663302	1.8356930649661658	3.068428047935477	-0.6771640193640867	-0.036112254824562484	0.3405399121508239	0.5308036470465236
MB025	3.1067931495506373	-1.1648480532093757	-0.0832780276091647	1.5554071330162476	-0.4065944876618328	1.5298960118470548	-0.35215083312689544	1.233041585992484	1.034692997103602	5.202746829652417	1.4313880097446097	1.3631605238191629	0.41351542102789374	-0.24994958199825668	0.3597521628029625	-2.1109674271586165	-1.3299344829576478	2.4368277487959116	1.1924752458955723	-0.6762365874820162	2.234366312544709	-0.9557591091886106	0.2213707523897277	-0.18070597820759726	-0.4732016738630245	-0.07229263586824253	2.384574058372947	0.7728495823095232	-1.8973619594967142	2.831707004227015	-0.05989460620674958	1.297166497828111	-2.788341921263476	0.11559575889384988	-0.8468075779628448	0.737597908563834	-1.3726355853729961	-0.3893094616591135	-0.3325491357703205	0.04120718569676818	1.5289306968828908	-0.7961258623165657	2.191979274826629	2.6321607501905833	4.293993194075527	3.914544863813309	-3.220671006092295	0.3513639881833086	4.031048924271942	5.851482509664161	0.6631770025987613	1.3517580323619693	4.769446488801543	2.76241623604814	2.9797831743796817	2.7506967139479395	-0.10381836076274631	1.8717607542129073	-0.8640895265045065	-0.4455203682637974	0.3866600538278071	3.1473095568905007	2.489477371161156	4.827930272081595	1.0911929063461114	-2.152977484437706	-0.6208416495204885	-2.1262950030610197	0.8967427296958368	1.2026489374746205	1.758464755196175	4.730353866779839	-0.02180368592756743	-0.05929055215353074	-0.7111321761981397	0.19321630142020396	1.7602382648499715	0.5555018115452928	2.2630102683631614	1.5590823261005324	-1.1890696089997244	4.277652899573156	-1.541372585209369	1.7353790392292767	1.499345171350571	0.6274878958668104	4.869418369141233	5.900071127056533	2.3744353005168213	7.969773461534757	1.3377900486025247	-1.3864138401884132	-0.4258117881970689	3.345288761979618	2.0418715608289872	1.293400213919262	2.683346316036931	0.5779191603628169	8.345029396024028	1.21410625443158	4.435078721900143	-1.4384491220240605	0.6662655099576327	1.537676220188608	-1.729056539930455	0.3342291073565562	-0.037465887229798156	-0.3699298897956851	-0.5249423331208654	2.839839326259291	-0.12571461023651231	5.47863385002365	-1.8152377082571913	-2.8254115910985504	0.06889962815334805	-2.0562581560947706	0.33224549978610085	4.05569475940022	1.8586953459493527	0.6258469979926105	-1.0724890511572376	-2.6095201958236967	0.8566681536411984	2.6230897265592175	0.4647143665721263	2.7841845183238076	2.6703274205359406	3.0080855382034617	-0.6175554926147733	4.809096210035724	1.372940244285699	6.619157946366231	-0.47075274536801004	0.6384345023069908	-1.012127119204047	2.1937001189477954	3.8564504038476928	-0.9352607249971463	0.2364294650313088	1.7257409111782094	1.0171421783559431	-0.6987331995302863	-1.2846257671862684	0.1271429253740095	6.705596829153949	-1.487408425802351	2.258266114110569	0.26888224109529624	-0.2739211848724903	4.273192968833004	-3.0508556363886523	2.646320270838168	-0.908887901721755	0.1895861757815993	1.6946037112947465
MB026	-0.42091457591325465	1.7454888311643106	-2.849880308257637	-1.3066115507683929	-1.9738209174636534	-1.6466119794248577	0.4597266665852775	-2.179484571053912	2.401876651460645	-0.3029159382472102	4.433316596685432	3.117793293160253	2.2281248515167063	3.4244740805488743	0.3600079011693271	-2.1887537039083202	-0.9383843470267239	-0.7791251944543447	4.675271946083393	-1.2117968842279687	4.916941121741648	-1.334287201803825	-1.733321391732071	2.185180769773347	1.4258047801794218	2.328486256739609	-1.76839852350259	3.656871891361937	2.5768473391720814	-1.4970486776164122	2.2500668768082823	-0.5625423687378674	1.571498036773196	2.2881070637734693	1.1447153682679252	1.4097358233254633	3.9003191276918328	2.7063949242573635	-2.307566378809349	3.023625698569231	-1.550395492116941	0.09101676814667847	-1.3931840312218355	-0.5437398048612518	-1.8926037301750007	-0.9311170313914765	-0.15625897514694742	-1.0079511395140148	-1.453470146201079	-1.2659062169441029	4.132009324690068	0.25778944292595707	-1.248680261070902	-1.337662682958678	-1.726128117562121	-0.19641722492301383	-0.422794140558608	-1.4431054806402113	2.115120188259552	1.6312643415007937	0.5106972112243646	-1.4999727759081498	-2.419780852479171	-1.412519355769735	-2.835244246328429	-0.4987476927710386	0.36229029528990786	1.638573583799797	0.19718644797960128	-0.6432239396269512	1.0148694365260322	1.3692205868862324	-2.258644807773642	2.7507651631600645	2.7242189259295753	0.6560354664477073	-1.6376467894678033	-2.2250227742083926	-0.6015917492672322	0.32257409328190434	1.5954304550724752	-1.5382502497967305	2.2283957644417294	3.0153872030654734	1.4078629742082196	-1.345197094584023	0.20254594042857477	-1.043007041870922	-1.8431207596650196	-0.4673604362753583	4.429876601326683	-2.212902553523162	2.0817436864187124	-0.49548964340850077	3.146182875106227	2.9357640389479007	1.2145547149121931	2.5305782650355786	1.9354442469765676	-2.4235426404516858	-1.2245318023799658	-1.6326787394806281	1.2106990733080316	4.062613744672346	0.21502595965123206	0.37132494272633565	2.2293256676670845	-0.11359147801797853	0.11412675515322768	-1.0183821868065746	1.7566307486725874	-0.1121005104605981	0.8071032858935796	0.906320780728012	3.1727860909608188	1.76069679421661	1.6636331145467809	-1.702798622270441	-3.0286508878590768	-2.269649227405531	1.6636355272886663	1.1239225904147077	2.257766631790303	-1.4744666660883308	2.317665878876789	-2.2337295683471368	0.7940790869487966	4.674206812622125	-1.3802034485762729	-0.4717525549021655	-1.5201806009696597	1.4377694640774354	4.146885895604514	-2.352120130331061	-2.391313415400237	-1.7558108507691657	-1.5967514772007991	-0.26257149875277896	3.2086231559320035	-0.867157802629416	4.624886615833624	1.7564383039020974	2.4751862683351824	0.6808321859708597	-0.26976664187569277	-2.671445145477718	-2.4069168246936528	-2.6302873006183765	2.8755498397814643	-1.9322921181115493	-1.8090070720460698	-1.1989375390226105	1.5095313492921063	2.06505235322268	-2.6047314966411275
MB027	-1.3347812044119785	-0.22968701141961034	-0.809537451819164	-0.867899430560179	-0.5649169395423659	-1.451693300633318	-0.3225177568204014	-1.355199971714173	-0.5273916518483652	-0.8500339897490292	-0.4135539292796402	-0.9737332822968963	-1.2831994157432858	-0.9152281664300723	-0.33602105800313886	-1.133870691606921	2.617433916284231	0.04680054388426136	0.2562862974756772	-0.03254914835082978	-0.687795650282971	0.40279463449497044	-0.721463801139139	-1.0320796299666641	0.020856072077195087	-0.5669449820660457	-0.7120201941375797	-0.7752911342950046	-0.4595113305043812	-0.6506438962254055	-0.5948526867313895	-0.9932899975947098	-0.9575257636139325	-0.30551840166368827	-0.4154272688348799	-0.6556526000255545	-0.6179452498110694	0.236102793685518	-1.0976685917409155	-0.4302350312776362	-0.6920410071779806	-1.337112901449749	-0.6489229864917068	0.03959340583429238	-2.356642142463718	-0.7905288992893809	-0.8081279238222487	0.007828908539922352	-0.5080181627586047	-1.3956673570013205	-0.17595057057917174	-1.5951365464767182	0.8739507599021454	0.37659133631690445	-0.03484204210239916	-0.8876307165519641	-0.09634343246589694	-0.7397629401336019	-1.3913680659905685	-0.9788763364667608	-0.7188234156509665	-0.37096574890531286	-1.3254407216632274	-1.2632649857501637	-0.963624942052622	-1.2870205765824423	-1.147907342697441	-0.9915709608191188	-0.9428873357491057	-1.2457605919381614	-0.5414516884472764	-0.8775496391626163	-0.8567066602877063	-0.23921326388030018	-1.3646706006604656	5.42567261397711	-0.9928214331164416	-0.9731005976143265	0.647609210442635	0.3340884404815885	-1.2276334546292622	-1.1474455610570082	-1.2593151846791306	-0.09665085208714785	0.38259561802331543	0.9307477030888425	-0.2519899538707939	-0.9704697919838328	-0.21239773980816778	-1.1778665392812293	-0.514054650958153	-0.9839369364360087	-0.8422389455615056	0.210397790677467	-0.5587383560481669	-0.19513150737468088	-1.3948022498611845	-0.34308652953542484	-0.7848772067741123	-0.3663074775796922	1.6750661117645969	1.0688807295275264	-0.8587288547593115	-0.10004585944713718	-0.08574000506323909	-0.47296677253921793	-0.14760913902350836	-0.9949885572520376	0.42310854545430665	-0.5927349172948215	0.4345725107288345	-1.134412468154773	-0.5659146379820204	-1.3193866615483767	-0.9862243348724578	0.22222444694587473	-1.7037056661355212	-1.8306448938177926	-0.640797626639471	-1.200454582465654	-0.8402751294679938	-0.8707441705533814	-0.7631049137279966	-0.33467253523435403	-0.48197573651163417	1.491051976910435	-0.628971194926887	0.4091599319066166	0.7885044341504184	0.24462652188934264	0.6815542838100086	-0.2258039295041243	-0.5369952329096872	-0.937325740134666	0.19467469982550512	-0.7587509621622921	-1.5089405448453235	0.4793968292503674	-0.6442123455908693	-0.5270057639709798	-0.2662232723520681	0.021097918047305875	-0.43837327748693866	-1.38850265175995	0.12927151859079267	-0.7352871111416848	-0.7071757118353599	-1.1598905493958211	0.3427687392308645	1.863478738995819	-0.08489559596752194	0.2625111048449611	1.9645019975124614	-0.7655064295348399	-1.4290153265730456
MB028	1.70569754423755	-0.4165870317225444	0.27877399221091537	0.90424046664661	0.8754383698525698	3.8217566094775064	3.4458990832024456	1.0380604455803626	0.3085852895724095	3.6933908711242456	0.520796815697647	2.755341065251237	0.9111509758581109	0.9634198220074666	1.2391409078714624	0.3555595799729794	0.5672431143954979	2.632430509767768	2.029670074354371	0.9187411007542927	2.0820615376316587	1.1152580363683846	-0.036206777106912114	-0.199271579188113	-0.9459338470230056	-0.41667319747930875	0.6446658917196233	0.7574249127608788	0.6793777018997913	2.753762278912042	-0.24675671960836976	1.4972060164647507	-0.605092709784878	0.13632421411862516	0.10692906155497983	0.24053525838493783	1.7502825409429326	0.5227957012021234	-0.5781797208978956	-0.9975757674548689	1.2529962244984612	-0.6065812385357452	2.037337152515213	4.810455856450443	3.9014691746757055	3.600160153553694	-0.6472737833681306	-1.346426678600464	-0.11367303263021888	-0.10572655423255739	1.4263570259315408	-0.7954421867124815	6.065725798836112	2.3516656582011244	2.3220304580691433	0.025222702184272805	-0.26640635884238684	1.7968749186875579	0.3196117167233199	-0.7083846371251097	-0.009197618989775336	2.761875474011691	3.56514537957546	3.7103926499344624	1.0481558676528673	0.4742056085826123	-0.8093166398119225	0.9617202584717104	0.2918600051101272	2.123913799237439	0.5681032171350049	6.176582558665132	1.9805649942168584	0.7901033745477228	1.0739703737853077	-0.7514287371822181	1.929506663819132	1.1788751925131624	1.1653427603285378	3.39591481762631	0.7492085644281916	4.643338714322264	0.6234609305453338	3.2623378262611125	2.367811905340268	0.0896358371927839	5.059285392381871	5.682344318305815	3.992262655425579	-0.4306537780523758	1.7353667673678652	0.10805772967439431	-0.47400713810844675	3.975585474035591	1.5332893046518992	1.1680719714927896	2.568045299630218	0.4876142013519891	0.22690197328155115	2.19590923176649	2.2967616846271968	1.4960015227212562	-0.722535438762236	0.6712693947519801	-0.9170194912563732	0.8967555695392422	0.5288157002111777	-1.12431665955212	3.9620959598438468	1.9504994906948356	-0.7470812109034197	5.871917611225907	-0.21522443226965748	-2.2205287876222854	0.3939852933435928	-1.1497663230085955	-0.7112508147415042	3.8104382258340284	-0.8156050036981215	1.1394034228600978	-0.30799608222045194	-1.5325850957237712	0.1242996258323803	0.904143948083691	0.7020980237664851	-0.5273780547971985	1.788234716356012	2.801057210696637	-1.7888650019370829	-0.2637029418424248	0.19217918166433456	3.476621387807234	0.2218749487979519	0.6200110770044338	2.9287900451777924	1.5340269343155715	2.6267888436595426	-1.0843229612785823	1.1231289609682165	0.003548770254043987	2.671408781890147	-1.0936072946825721	-0.12933732469365466	-0.24473439184106027	-0.34603899471390775	1.1626327469655697	1.058218942777426	0.06420979754350764	-0.4056009906918092	3.815314189749741	-1.2711430367909244	1.73481593718512	0.41153939355884006	-0.24307553548152683	1.668786204720802
MB029	-0.42253598212961485	-2.0480652487137796	-2.6092471009464244	-1.0725994256288072	-2.225491151458158	-0.31385295998944684	-0.21426040850245442	-1.6292495779826126	-1.5356719047931726	-1.3055560546489176	-1.0445518344899352	-1.3316521628785605	-1.6850721329418947	-0.8356349466888187	-1.3978801066422584	1.871734466917185	4.343671178624916	0.19143040105414322	0.03004989049752993	-1.1913793098556429	-0.6484214819106162	2.927523360027081	-1.72291924721908	-2.03418495592694	1.6237754498341532	-2.1468770069384338	-2.2268813030172154	-1.521408282899193	-2.0304828714381715	-0.16510473031324757	-2.0718198531858363	-0.380231734435867	-2.3741114295908643	4.2427857065563614	-1.7406272406206371	-1.8459492093113372	-1.1288096752678412	-0.7932731772510362	2.2943947723568066	-1.4118529518878127	-0.793969487409349	-2.0402445397007805	-1.7140134272940148	-0.6300523508359017	-1.8926037301750007	-0.7947011756422686	-1.9040823737863528	-2.0008732865870282	-1.7165386168991503	-1.5680585824545084	-0.40741108636419554	-1.427261565379876	-0.9954942538762861	-0.9644307732322392	-2.1535212420979324	-1.9465253989817555	-2.0371503279212337	-1.3032802385532438	-1.866105814392614	2.7081888162491294	-0.9051833980155024	-1.2885253793321993	-2.4736547163980998	-1.6664339635751713	-1.1247487361615551	-1.1463622826632829	-2.509659525230041	-2.1832532512024505	-0.7462047522047524	-2.4293600038356473	-1.393319977275988	-0.8109331642441866	-2.1825272558454305	-1.6933308629956745	-1.7608848906764312	-5.328497315715111	-1.2550723495915506	-2.4815023842720443	-1.1261494537087753	-5.188132716608649	-1.9168212303480212	-1.0742628530160268	-2.2776238954345507	-0.5359237750906622	-1.6870089786749585	-0.25349319611949284	1.8686172477416472	-0.8861053099749974	-1.448174899045929	-1.2609328679913716	-1.6885532599428803	2.2523172570375234	-1.8312042578591177	-0.7502001781375984	4.776312768414815	-1.3247852048356634	-1.930267905730263	-2.2037505129012667	-0.8194584057970449	-2.8299521295824803	-1.118979870488653	-1.3959265441826272	-1.8810092867839323	-1.072248765799161	1.5800835474200152	4.874673623514001	-1.8700413326497394	1.1206432992822037	-1.375991142702814	-0.07898746471973261	-2.1570956640700176	-1.1543393378031315	-1.5636110585584806	-2.292071230396642	-1.166345335749278	-2.0529821795492555	-2.7656835769610044	-0.2983734527346815	-2.416365091710916	-2.3592959653373358	3.0562081418718767	0.5140285289181143	-1.397508280213037	-2.714734986203652	-0.2644286127481532	-3.329166377246178	-1.205301031291743	-0.12394151259112363	-1.6437592115129114	0.4307681252456188	-1.9626741198974855	-1.2894649463005567	0.16303434235083536	-1.7543613516999343	-2.7370417318291196	-1.7185086110186774	-1.8270050608518709	-1.4226600041401234	-1.9018137000116315	-0.3301535889978098	0.8268251443641219	-1.5806679448044125	2.8245991167741646	-2.655244307486857	-1.082785909248635	-3.0622884005545865	-0.6857628315667448	-2.2420272007559303	-1.28106426386851	-2.341309660672472	3.4066162942937845	-0.20912028220902457	-1.5701427937905752	-1.6252868451822078	-1.774594328310675
MB030	2.1060950187937557	0.1510954954577075	1.5946678863186952	1.1282784156960313	-1.6716871439976941	-0.7445433638068337	-0.10045738375933233	-3.29915487678473	0.5521603837464966	-2.0875062631931485	-0.05788505945785616	1.294991772612346	1.1667556538094992	1.6176472705434017	-2.4339819673097516	-1.247318823147305	0.33306114588275815	2.2441631656250145	-3.4047427371641916	1.1529978613832368	0.7372197575232873	-2.5740966757294466	-0.11875118474943314	0.8742121943153442	0.4390596244945524	0.9134460553566317	1.1005653511270248	0.009325888569611251	0.5207645906444593	1.9236928520812535	-0.9662651400640438	1.0839243124006748	-0.10642878705431436	-0.5162709834576109	0.48783128298537104	0.5355929845901279	0.6541906490062859	-0.3633316363535055	-1.0040966304797	-0.42759751239829846	-0.5820742186562846	-1.286169449002041	-2.4492527687034436	2.3363956802017487	-2.1140699218977463	-2.573631050525009	-0.4733838688314256	-0.9386247741099858	-2.426717866981507	-2.601974500241438	0.5712824865285331	0.15081423889805556	-1.2368446756693814	1.542794506100587	-2.915494101420382	1.252115954071371	-1.8836012329281822	0.6386222066092362	-0.3014422970655959	-0.6505456784893235	-1.7799758054305297	1.6817565910773933	1.8783522833409867	1.1874178159057402	-3.434609317038543	-0.9612914228668803	-0.13404604604872805	0.3933312752305387	-0.7590402520547226	1.2358803892922445	-0.37520779503432955	-2.2036958781513185	1.145769610764468	1.1789470961735695	-2.576728168688497	-5.328497315715111	-3.1606487583138687	0.15416704090305622	-0.5846023451152522	-0.9030801981951555	-1.03980723101476	2.6300572273206493	-0.2752699439722326	-0.17023174973517108	2.270558579702308	-1.4959662363528334	-2.1180412073164874	-0.9682152741093102	-2.796065313919515	-1.8010524353329966	1.3453049608211716	-0.9078699946877853	1.5642107615674021	0.7984928243494274	0.46586491724491275	2.269135897466003	-3.1404698661180372	0.1932927458524878	-1.4979241576231601	-2.2619216093150865	-0.7034511618999435	-2.041538235835878	0.6358073416922361	2.4431562677165015	-0.6359937449451154	1.4544253159823404	1.2672227219368244	-1.6715588753696569	-2.8563630698672107	0.44086367264813653	-1.2135934541636724	-1.8298280228924	-0.10497052094296144	-0.7064052923437867	0.6463430332440163	-1.5806339351592165	0.4351400562450891	1.0544159166689182	0.8517513666224525	-0.34528748532085185	-0.8454251757832552	-0.7767270691163635	1.1919069484062037	1.417010940397489	0.5699338887594507	-0.43791919864618123	2.028335566359303	-3.0934057633630285	-1.8840461564138433	-2.2238204992102357	-2.5468103659055323	-1.7584676317377426	-1.5585912835397586	0.6602056398039728	-1.1713458078879153	3.5216770631811842	1.7949143857278047	-0.854529136867118	1.6937319557263013	-0.2942086778747104	-2.8016285139912203	-1.1364276472892954	-0.20625756426457897	0.046156157447967416	-1.501628622729946	-0.20964050957520985	2.4516286523318938	0.5642930195652998	-2.4674670468807633	2.9732647421694995	0.27420585156701094	3.781982117445894	-0.11910469267423807	1.0824528570501997	0.8237177962423301
MB031	1.8539943396917264	0.24107429441346717	-3.8784265882869793	2.4896571216159504	-1.7273669070120548	-0.8275861163264313	-2.6747198721670244	-3.522908231024269	0.9282389531828636	-2.146540393167495	0.09471865822581016	-0.5780465297092636	-0.5800202129801386	0.36877308015359844	-3.034399760019829	-4.74573238815932	-3.7783674966406826	-1.1114107553784063	-2.362402152579099	-2.1918710131898855	3.3961756613271676	-2.304445762974334	-4.146354637642	-3.6583963337833394	-0.4666572251735319	-0.4811842971981104	-1.3112919623488342	0.4119890056285662	-4.215174596640961	0.910685641282349	-2.0935733083664783	1.8941334849453888	-5.083933978849337	-3.733101808861411	-1.6808342782026005	-4.537435827139733	1.0422036310810592	-3.4947557477593527	-3.8273066550270594	-4.209917965634302	-2.452058564617838	-3.726917582610258	-2.686878121275207	-1.5002751925534952	-2.2394704630697735	3.3296687556135227	-5.0739183896167495	-1.6416407723397466	-1.7234802588229279	-1.7038739956328008	1.2040920780389106	-2.2874507678453906	-0.838432294789019	-3.675110832674074	-2.1632641009580755	1.212081780998406	-1.3513211798253266	-2.269437266684749	-4.640681235346434	-2.457479544806449	-0.7319885613676416	0.17651472794671896	-2.751956227393684	-2.6166925313302674	-3.856782924692654	-2.720089731745505	-2.5414592938334186	-4.678175487571125	-0.42223586912821176	3.7709768173401503	-3.1461359366113975	-1.3746928861972538	1.1209372581701063	-3.423343280592759	-3.0645624382040833	-0.6948418756373904	-3.0817756488022923	-2.4542936196335283	5.4241804734586925	4.235498283759733	-0.43506184870894327	4.536837532511118	0.5350594600362477	-0.655327087039911	4.372993387504904	-0.6602458552544892	-1.2438979776272543	-0.035912148880756334	3.1015648360566237	-2.4807709375616493	-0.48735704461036633	-2.571413416953983	-2.5148819635121678	4.00793078597726	-1.3114985732271105	0.6601041297446173	3.6973524149673995	-2.543185141968359	-0.7792281755453985	-3.0067779272830606	4.8594502910200355	-3.9255960165092283	0.2467884070115014	0.5715533464756684	-3.4135282164732095	0.4782235631301548	-3.3306376658575836	-1.6778586746126471	-2.6301838413543486	-0.26603937079672946	-4.320505179465145	1.0323613388469717	-4.876560163022177	-5.0344424080882515	-2.016748653995223	-4.646686933461739	-2.7309160639536074	-1.9557789519115936	-0.27581339780605685	-4.377899630007804	-4.599315741664546	-4.612928414009037	0.6697546610021385	2.029802919742508	-1.6167866124766217	-4.4122544453431765	1.6531202372246758	-1.769958777709192	-2.048666449370179	-1.874927264263821	-2.1891401497017515	-1.5587498067987706	-2.7092848010085966	-3.6993982594752097	-2.328381336554461	2.9358295224805095	1.7724612016189267	-2.6465467199382218	-1.702916689678375	-2.930239894022492	-2.9925956714918165	-1.139649771803489	-4.22086368939941	-1.8037627642268212	-3.0965845473995124	1.109550725994838	2.9197955757079415	-0.5364254289221284	-3.570001679097528	4.141203328958476	-4.653321341670502	6.001278894111768	-3.122416687321607	-3.9385358816383214	-4.015300721210572
MB032	-1.5822085434165665	-4.740556305583521	-4.186599771002458	-1.3725255932006561	-2.472287774311633	0.23914427442233865	4.395720669301063	-3.0335117179539566	-2.0901941276986395	3.8558104862332767	-2.0330997594154248	-2.1497668557446747	-4.655742594598661	-4.151243453598109	-2.0095356349008107	-4.531205206011416	-2.223541936777086	-1.5854280915130161	-3.252448865250873	-0.4095379012337492	-2.273322681642955	-0.656694660114681	-3.735035844329328	4.228539264400495	-3.494960642734296	-2.918014324403101	-3.6888430825137437	-3.68488488476226	-3.6935428998071336	-0.9590551169171597	-3.9626973945243886	0.7883640631520663	-4.135836382394918	0.2508653705511197	-4.113655755064214	-2.8983658321727965	-3.343464581819167	-3.512183208566439	3.259430744755716	4.455400259705556	0.02201403143697611	-4.305089414271273	-0.18048169717654616	-1.1726949519978813	4.496899785922902	-1.5689064109683706	-4.044198020032588	0.38346302421992107	-0.6181971429921482	0.6910549471564771	-2.5802221670316943	-4.089731451686044	1.5734971444285888	0.828870813082605	-0.3436672435752204	-4.0792278420324255	4.2130286356031075	-2.617199723222761	-4.8396574221570114	-4.675337544154194	9.637436015980644	-1.6621997277705756	0.8375460877262535	1.9699984387832714	-2.562392381858741	-3.7537968350677122	-3.750798425518055	-3.848171870075954	1.9987859840664797	-3.160858589054129	-2.0324588480877424	-1.3464423730489905	-1.8602944429253725	-2.259800065562814	-1.5867237196023396	0.2156002868938387	-1.6392041083149032	-1.1903794609085416	-1.728179537568888	1.4184872435077027	-0.026497516865626736	-2.82679446663942	-3.9943894774375197	-2.4633044693364834	-0.592441433831512	3.2900976731656675	-1.3745709457760569	4.16906405086278	-1.7819183632572972	-1.209770984745564	-1.7030611333069334	-4.22841544075026	-3.3191193516973927	0.5165649935098893	-1.987639756417499	-2.1383355932646317	-1.5799472736855797	-1.8860345564143008	10.288062814269482	-1.8511519985110745	-2.636329145914896	-1.8183817493093137	-4.242861048792168	-2.636695370894415	-4.202884150271797	-4.070029487884854	-3.2280655173215607	-1.4832221918452557	-3.005369657803765	-2.5319514675974713	-4.958119387425863	5.4475006677223785	-4.153582077663241	-4.789107182521279	-4.5784947580447115	-4.221761451783808	-4.547307568471476	-3.831432424007838	0.8726740753505258	-3.2261892929688214	-4.5038377069946804	-2.993215534210581	2.2191337999831786	0.33234343829716373	-4.434133506987669	-4.114172043428834	-2.2801027535483342	-1.5604196361834237	-0.7850486255742197	-1.2011980934834678	-1.2743215876385499	-1.2546974074666046	-3.1956689336852833	0.893687212457273	-0.6578037229419884	-3.825081990824737	3.477544924696792	1.4186427485459845	-3.415772738851283	-1.95480367108388	-2.3651332252508137	-4.051134528076377	-2.867856490685373	-3.543719645801346	3.442926238636219	3.9342920599234406	-2.9963490700901616	-3.845211513520492	-3.1625734761189044	-1.2920703486860408	-3.613560776266839	0.2562722511424802	-3.7003914241851703	-3.722966693205926	-3.8493772375785973
MB033	-2.4213552607094417	-4.480398112633436	-3.4858092842757387	-3.9247560668561974	-4.294098764345053	2.0131006649822396	-2.787424098896606	-0.4664215352547618	-4.279190533299625	0.8393202708245902	-4.246474090422948	-4.1383620059404045	-3.3991332577080433	-4.290005173718956	-3.7105764730544823	-4.267918051351494	-4.545488798255293	-3.280670892415463	-3.3851947618143257	-3.479107114375573	-4.2029259551288485	-0.2230791184821932	-4.744953149477757	-4.006578863774345	-4.063085164345698	-4.560857779797315	-4.563590985935324	-4.172780127747796	-4.709571571297322	-4.15899762780859	-4.649740088330859	-1.7663622707017073	-4.658101642123548	-2.8270765729143026	-4.74488407235864	-4.841838299159004	-4.397825762800836	-4.437481989485331	-5.04636080324292	-4.615535410648571	-4.3200902794294755	-5.039600016116718	-0.3867439215837347	-3.2042874769276857	-2.691950783358232	-3.1818811422758024	-4.434670107609851	6.776679146901758	-1.902243459316427	-2.489503163950472	-3.617027795159302	-3.6525328728525555	-2.8119598738547484	-3.564194605234235	-0.900343459322178	-4.381644285735726	-1.9106528527588704	-3.784791721367739	-4.03690890527188	-3.4984260011245043	3.0281977052341027	-3.3855926920740487	-3.0100307716979096	-3.772448117494468	-2.3088358994947544	-4.27807958408455	-4.4494376085103875	-4.179424357081113	0.3446403837343581	-3.8765865279988745	-3.920045761956313	-2.6738893973665956	-3.863755288267134	-3.560227375367578	-3.5674797742381497	-5.328497315715111	-2.6075667927391066	-3.1567408815415927	-3.5384737656745084	-5.188132716608649	-4.073858433563006	-3.4528191922218525	1.2244567845953673	-4.0535967471083385	-3.3707206373897662	5.5891116582867	-2.4911260484605187	-3.2128655534094186	-3.053725319853614	-1.3093292408964938	0.7363491625664595	-1.515891389639692	-4.539386729275617	-1.2142657904610594	-2.368891394253751	-5.641744388245337	-3.5355477952148426	-4.751081278815627	3.2169626819778196	-2.719761510996989	-3.2466025618520664	-1.3950411666147744	-5.357377903141405	-3.853090023015872	-3.752061678364446	-3.910878037183755	-1.7660708868041795	0.885714522423001	-2.110864223221636	-3.2535458367927053	-4.667268140689962	0.82212058746771	-3.4950479021495173	-4.381575934800022	-4.525091292033404	-4.362871418844675	-4.713154538445249	-3.0645771063993212	-3.5508541003262737	-0.24624165581431345	-4.545678713287197	-3.679760122897415	-1.4238845733989418	-4.079308053304551	-3.896705667680891	-3.8260147759039125	-2.939255137298728	-2.4580072344110633	7.302038198696529	-2.5586281296692572	-0.8173178786328741	-1.7543633559076213	-3.0331419719931763	-0.7557034587013778	1.8426644851308236	-1.0887818339416402	-3.9591238371941895	5.800542675914386	-4.717263289022517	-5.556071656379617	-1.2841948312752223	-4.112298813638908	-4.803169626076068	-4.252136014668508	-1.1493435697032766	-4.6393642636532055	-3.7875484764110485	-4.191563303922309	-4.1499614212736144	2.2850059890466454	-4.160512806896961	-1.5327880393076114	-4.590766407258663	-4.948550549365764	-4.828332374742271
MB034	-1.6217918133678069	-4.201027966201536	-2.374392251235772	-1.6660517616748507	-2.1112849821830952	0.8617716702068741	-1.3456116331301349	3.5418597352490586	-1.4013973085124576	1.486882750593428	-1.9075415891511902	-2.8874272408896395	-2.549095192375721	-3.4880990352897747	-1.8635212861395871	-3.612516728941941	-1.9491540758160761	2.7673492939807147	-3.6411780753171286	-3.224345936937194	-2.0124967923434154	6.918995671978982	-3.8155907583951603	-3.9038603545271515	-2.794430517535898	-3.837368091618199	-3.8028344437465336	-2.9118289221514715	-2.196674407620347	-0.3490181506329595	-3.93458346060544	0.8374959379164464	-3.851321880403817	3.452312235961627	-4.119523712765942	-2.4966079127294734	0.5415947357713922	-2.1375884100822073	-2.9492239550389643	-0.2772602927884602	-1.4443521748816934	-3.657123752663993	4.535476358691364	-1.393365093688102	-0.4372540437159582	-1.4980277585741621	-3.789111562602611	4.70573845888889	0.5139685712572089	1.209494503126237	-1.9424869830683988	-4.194761419708232	-1.3835869678145514	0.26115496705021535	3.7814290237833195	-3.6384308203613873	0.3064342205410284	-2.6098978850087384	-4.283613818035135	-3.4012531679732954	10.539488210032758	-1.119450656680355	1.6912040709436278	-2.1642746415013683	-1.9889433911077035	-1.321021973442008	-3.8610764723597653	-3.844208240636136	6.467203207972085	-1.989548538892377	-1.4782495065453318	0.4480780567078835	-1.8658413348533145	-0.03233997297362734	4.16437124078565	-5.328497315715111	0.9066149505588861	-1.066426157613126	-1.6351437724132527	2.33396681115826	-2.333956180200148	-1.786391929275915	-4.0772130051895354	-3.8521645673554037	0.0909613509225835	6.047223842950595	-0.3057208619652787	0.32419980179433594	-1.274915109220009	-0.9771964105719722	2.1556105862915684	2.8106437201692485	-2.611002984073834	-1.4483550658290945	0.8595339797117951	-3.46126603162681	-0.4557470071806673	-2.246302328375008	4.806735962426762	2.6023001767282965	-2.50091129172149	0.35472520460807466	-4.420662292733475	-3.1230479608573205	-3.82183519374274	-2.6714042053962626	-3.4053735977967783	0.49600302056783363	1.3078261433678744	-1.9495958559295659	-4.247686151243685	6.18263404696679	-3.6173465209377333	-4.016237113291442	-4.066541431327203	-3.5598937416121625	-4.131376456025416	-2.36278235263455	-2.9355514805496403	-0.3042520644515223	-4.0024014466262265	-3.6645175324687873	-3.0832270905814987	-3.4662787929726466	-2.2092572005097857	-2.9513952489041273	-2.641848375819233	-0.83346802187687	0.7273512217913751	-1.5453289506744134	1.1057494741945888	0.019839969381989064	-1.994843413645631	0.32130225764016096	1.0265963126843864	-2.53770021770854	-2.7626664699779315	5.8445102359733605	-3.032214925891255	-1.5475072709494917	-1.764145926088002	-4.09355354491079	-3.971077031702757	-4.138821502976354	4.628854258429763	-3.0344214599521377	-3.5240231978415455	-3.8065613300160406	-3.234839730422312	-1.0754955575235847	-4.198894076877455	5.3965480495160385	-2.6937700994287628	-4.455732184088957	-4.536321871554549
MB035	-3.3497176711401995	-3.065413626347576	-3.475816710601965	-3.0804276832994546	-3.8484048996021407	1.6133362313478274	-0.6178501216961934	3.010538536490717	-3.4468083616859015	-0.3254527822257103	-3.6083528572828936	-4.015598047687714	-2.4917274242643837	-4.051501635595768	-3.093241960293925	3.0519655709461864	-3.3427903191526367	-2.5139476003749532	-3.5159889132227935	-3.9141075061574906	-3.684759251788255	3.5263981429977473	-4.050959881280578	-4.48240417445228	-3.7158656203581257	-4.437460469201207	-3.5094786182023974	-3.9751968647148512	-4.0048838198317585	-3.9729242389668595	-4.465400723132422	-1.1304762929101102	-4.853192523137008	-2.3372788045336836	-4.143346056499717	-4.096583212121063	-3.568511387640428	-3.6844219821785753	-4.775908188412035	-4.3801254961784775	-3.878946058710028	-3.9246115673126605	0.15906782301771116	-2.342838881117352	-2.519409171245295	-3.0459505560536773	-4.062525776710653	7.979382030597393	-1.9712013991008241	-1.7822995524347238	-3.4680860806359775	-4.8846091194387995	-3.012732280107029	-2.7062705658634396	-1.451398040709826	-3.829927327346965	-0.6385303889087357	-2.6190335440544406	-3.976137653821991	-3.96935887257495	2.3486731241252965	-3.2692629403781215	-2.666365664768671	-3.4814808891357014	-3.7618565667817574	-4.496333647185542	-4.627748437503164	-4.582695044414572	4.0943949551371865	3.1572605331440506	-3.217541150753659	-2.909746358278486	-3.6050093857797005	-2.7677005533584254	-3.017767195844325	-1.274883279654583	-2.987442844214833	-2.851004670886274	-2.9644181761365243	-0.38987674615886014	-4.434188241324292	-3.7484391089419997	-4.520929720518667	-3.5001742472041943	-2.4439534574369475	1.1647489679516045	-2.5041304558891646	-2.0733615799574583	-2.6589379130806474	-0.9336903831276704	-3.3740176668509676	2.088387817545553	-4.467214415966981	-2.680561276571556	1.4448350971307802	-3.1104937932315284	-3.1037016028153825	-2.1431364426955453	0.1296377543728049	-3.740382149711113	-3.421167914964691	-3.04066077281904	-4.380923311247834	-3.8060710971298555	-3.1668288695659284	-3.56689973821795	-2.613692272524979	0.1324976190805085	-1.7372529901713971	-2.6250246362947305	-4.464538727150853	-0.03166757598712344	-3.611170795856671	-2.707213848673886	-4.004790621805221	-3.693946569506755	-3.950686868348349	-3.4835152606226547	-3.465415221826272	-4.026304848044128	-3.7566984794013933	1.9457113596224689	-3.1019831610810282	-3.852055053211769	-3.7528668229625524	-3.513913449857599	-3.150820717359073	-2.7829785620163037	8.322878533979274	-2.807112001688388	-0.894689293723534	-2.678474820034646	-2.965227777984431	3.0956965047768543	-0.907413453840535	-0.09621564625133061	-3.711813812595741	-0.5579771698903588	-3.685886093098155	-2.9596564902725113	-3.134719849906677	-4.204746357812796	-4.021442814385907	2.2555630426708433	-1.849290002612456	-4.182732344813698	-4.173732537368396	-4.030200261569575	-3.9784186742444874	-3.5017206970153882	-3.309083127430659	-2.7029529255699742	-3.638065760224446	-4.106541289502603	-4.499039674460644
MB036	-2.3325976047521113	-3.5421315506295166	-2.682206220082003	-2.3736091970688804	-2.9498028539527077	1.4992622133361158	-1.174699374178184	4.1060892769515185	0.4560016277210073	1.8678196200542168	-2.7411658057552	-3.3027716263786626	-4.512273633335615	-3.0057522034285604	-2.616933769562511	-2.5190167693047822	-2.870342759664122	3.2004405213389617	-4.3858630263028395	-3.92293610027782	-2.990722141672234	6.353125554456829	-4.715050396645818	-2.891437252139842	-3.973896363527632	-4.895710590226303	-4.345920384352299	-3.157232189956341	-4.206543917329953	-3.0373540348535144	-3.818783995743498	0.4347748233718969	-5.015544870256975	4.125647811214233	-4.912103091309503	-4.953246571445428	-4.916811088570342	-1.3971422843660601	-3.28301636951013	-2.9216085238124485	-2.440089102194401	-4.801663931391212	5.701974143652704	-1.6414239877716224	-1.0196984523907506	-2.2049744619204876	-4.662766528675156	5.6527493218008615	0.7896728913909214	0.06882651133677875	-1.6678799958004582	-4.698138050610803	-1.1998855321886452	-3.3259438770650505	4.375404607205413	-3.139833018916823	1.3314452448428877	-1.6832677706396648	-3.9012351826758502	-2.6024916014093273	9.51527967496556	-2.3089185862421093	0.5778876530380685	-2.467991988662728	-1.6087492244443649	-4.214767179637624	-4.403831369681803	-4.408400402140583	4.07114855051758	-2.1236977403510036	1.4521209542592528	-1.4630822140325126	-2.3980999934595086	-2.8193930109776115	-0.34612354505713583	0.9815502405886152	-0.34397231068586187	-1.4006092882476704	-1.8114310751674747	1.107767917386659	-4.6830907011905	-0.7942142215159613	-5.15772446549927	-3.365340166744918	-0.9442518170837637	2.0399582810181798	-0.7255256294435792	-1.240955804025889	-1.126658389366714	-0.8068038242042768	-2.9417016256114135	3.2282738648224534	-4.442209857985216	-1.1052555509642712	1.2698463083221476	-0.9000677986915004	-2.180943102031529	-1.3841210997921936	3.5299920497156103	-2.396913485958965	-2.337680189373481	2.777948896591699	-4.824759743294926	-4.406915309592488	-4.688647107188044	-3.0333775725653602	-2.2466950354305695	8.529605828617592	4.369843968483758	-3.1889528346562965	-4.712486607624181	2.7110574192187302	-3.6323257536205045	-4.468962656152701	-4.440975994307332	-3.763840632293629	-4.550040301351039	-3.0173897776030145	-4.527815111103332	-4.06094799980677	-1.9693187419702252	-2.9835987377756457	-3.8917067777348304	-4.321202498633443	-3.4453441631158004	-3.701375959373271	-3.8547629751859613	-2.222406985476992	2.0562983754796615	-2.4056025293923007	0.2798699425540718	-0.994667278636463	-2.416475530391754	0.36903682261147175	0.881329591474735	-2.026452253902498	-3.646286158482594	-0.12631637883251834	-3.8822841961614287	-0.6117566345663441	1.541345514840982	-4.995599722230033	-3.3843048280039323	-3.160300612828321	5.165631128066516	-1.65720472745	-3.2257775911644693	-4.283191598837539	-4.043548619868538	-2.2387429614998737	-3.5233299831891784	1.4903714832494686	-3.3975506345377706	-4.578225555966261	-5.034759422870247
MB037	-2.975012161647008	-5.093147126761313	-4.343311257161954	-2.9963475916894087	-3.603825210377055	6.481928287529107	-2.687723463361447	-2.6407657668442557	-1.9844780081278284	-2.2909019936635815	-3.3895439077363925	-3.6575021298703465	-3.601407801260083	-4.485050650877723	-1.9459795469529269	-5.05769199413975	-3.372941059963531	-2.992308741332053	-4.318009891048673	-4.869351033718152	-3.626736399261575	-1.965921283280215	-5.222068608755167	-4.951304408827347	-3.0266683726538632	-5.730437429743807	-5.623577535962053	-4.584683195168649	-5.855725968146987	-4.128481552981384	-5.224634014320456	0.605758095780156	-5.6575010670485755	-4.422002329355113	-5.856392263158875	-5.917464708622234	-5.872698660301437	-4.650892528661217	-5.445087041877588	-4.7346525597001605	-5.000988963802392	-5.2739725913006525	-2.011584064300287	-2.6835353525785184	-0.9374670068912998	-1.5176483302244854	-5.024313849554722	6.682311249170292	-1.4272300086645622	-1.1175364371914025	-5.114294599208806	-5.467139155018552	1.739614771929178	-4.867407044436243	-1.5366027886237354	-4.520818087338117	-1.2285616439688791	-3.647446931991146	-4.866797765742821	-4.4309721215853815	7.874281708411328	-0.12957705129907993	-0.5410856643341759	-3.346720340101081	-1.9274301633896904	-4.3649291108275765	-5.169512391777412	-4.9484189781730565	0.8330934466195616	-4.5195502627208715	-3.2764363697227665	-3.484202197862519	-3.1222039925234277	-3.264595713239565	4.066442052294228	-5.328497315715111	-2.7674602579466683	-2.237910898460415	-2.886640689266418	4.339159990793611	-5.536560682023885	-4.528748532141535	-3.8888760817311363	-4.7233161132839285	-1.7658825069900725	5.082746480930749	-2.7900771242385716	-1.970080012600432	0.945156411741852	-1.5407706692227592	-2.443651588379673	-3.4905237861449185	-2.253827414004239	4.754268641160111	-2.5837960546911756	-5.641744388245337	-2.845993257043128	-4.198518957866914	0.9529484913741637	1.6781411506455983	-3.5755394404622045	-3.1940763384062514	-4.849349856933793	-4.509748023530863	-5.178594545073309	-4.1943070824426805	-3.594651436676955	4.439628764634904	-2.2788569856730945	-3.553955577700643	-5.162439574064552	7.76617331084942	-4.4051240113556105	-4.959148059309214	-4.97767606792116	-4.5749345709173035	-4.935948419865927	-4.14441985723135	-5.031361025266315	-4.036370022885898	-4.699329933367615	-5.362013993033255	-4.496396628760019	-4.8210649109800325	-4.243828719222684	-4.078937884793117	-3.794485860622533	-3.025019086371902	4.914192919597495	-3.3927847407644727	4.32527568481145	-2.9096519952675823	-2.4041517679994424	-0.619642740029402	-1.0411649755746257	-3.2127178896498805	-3.103914578632992	-0.13813277882494468	-4.857073306651447	-5.556071656379617	3.4698550261807917	-4.814665119687438	-4.891629520098341	-4.411428677850694	-1.7022657934318541	-2.968962810308528	-4.982371024219333	-5.862241830354031	-5.063335515771284	-2.1649415002336863	-5.374116720221043	4.600245808664537	-5.005416066723749	-5.101163974563047	-5.687531873656122
MB038	2.4690990458821416	1.4867285425725791	3.2657676308607586	1.6409053699136011	2.1245737756971907	3.3465568131963463	7.7165283311868595	4.5067569600896356	4.702583358839031	4.031395692631137	1.8328766359364437	4.125750556804504	0.49816276451948127	1.6332867547408423	4.519272400529216	2.150708799292863	1.4267565087033738	5.456400654584682	2.5128385548636967	5.225074693222368	1.4106465361686782	2.8009956567967	2.985919965248706	2.264526056590613	2.293391554449382	1.2571967981611492	3.55797489298541	2.4926170184213587	2.71665366524317	1.1475653440957654	0.9771992032990875	1.968887102242138	1.2260414478902906	5.574846115620609	1.6932451675781817	1.6074122968999376	3.678524578411486	1.8190007782288076	0.9022091211864129	3.054311758858746	2.5583720558182383	3.577735359198843	3.9966392568151914	2.996756965614436	1.7677500652749618	2.830766903507291	2.186317948597199	6.678445621247727	3.463459821143095	3.395677984878162	2.9465283027896803	0.9014276094354843	2.604545559315702	3.3147003892216578	5.22417704340533	0.6193184890441019	4.879152379919044	2.1247758177937754	1.0438510427991838	1.9601126400210882	6.596788426687614	3.125576423730073	1.1673890131448577	1.8179101265336595	3.5918803887198463	2.890378288026021	2.165768532788351	1.4378363458710073	6.3581116716098744	1.757533041659828	5.059280520823275	5.22454123584667	2.13983123501146	3.1546742952409046	1.8765479125083786	3.4500787870256984	4.404358066963403	4.025524905533354	2.3950312139846153	3.4562132026690247	2.005138246609582	2.3790150940421313	0.6456210054997804	4.784111157183216	2.759185596578252	9.391364453407135	4.127961817987481	2.0383769811179535	4.210625467259876	5.512036008506303	5.401237279562379	4.187868653117704	2.545534251833735	3.6513784248972136	3.600232364878078	1.8767242701256963	1.4949804524347954	2.774038637633099	7.822888962264732	1.9985802010951677	3.516513011328464	6.339554254743261	-0.3499615838565262	4.188444114286553	1.5005169208043379	3.2592671046261765	6.069187293156058	5.366847188231485	2.9629577591044853	2.6323153837762217	2.1931884556014074	7.142536905356634	2.268180695654367	0.13380333212022322	0.5073003829843641	2.436192660372524	-1.0695734273818385	3.1363467493346775	0.8541933692567483	3.571661163765812	1.6432983206123808	0.948437677785658	2.898986090955435	1.432099404941197	2.245097263980738	-0.2816318698815987	3.3275517923382534	3.698533253764995	4.539916999159057	3.1920226590814513	4.733544277556521	3.025438145256911	3.615681458574257	3.880290121785503	4.958629858628922	3.7093439706441993	2.859373055092485	8.556986420477433	2.14292261354408	4.2708704218843305	4.703129243380281	1.6571474642368678	0.13654103173059795	1.2947190923209728	7.462901593352056	4.30092135177618	1.8746265705920626	2.782875682311836	2.3480109615624993	2.479078249652793	1.914690085882233	3.6514249781827255	0.9555913072730604	2.0151925225037735	1.813355222530105
MB039	-4.138221343454939	-3.2257922350821318	-3.8587916902406505	-3.868088488639984	-4.331618385786985	-1.9867705098759796	-3.601016515174571	-3.0499214847160676	-3.3416508816912014	-3.443128409139586	-1.662676483716858	-1.9553857950818418	-4.225216104486724	-3.597146247903522	-3.756564182256927	-4.994365226466348	-5.067193087107255	-3.5494426868071134	-1.481498198634208	-4.19661979507848	-3.1852328060837136	-4.346301430998862	-4.028468231609436	-3.7800636877142404	-4.384940271497878	-3.2938918510935125	-3.9075673264809527	-4.277360398867696	-4.4594151007559875	-3.9884798143430658	0.8908619307370937	-2.9216577118025455	1.7911989769550134	-3.785515531509203	-3.7138968373013954	-1.8186549777532282	-2.5238683442212855	-2.955870768130419	2.999359846779882	-3.8723871331298696	-3.9908784949272817	-2.429116883719211	-1.8607624494161215	-2.2703190429448714	-1.8325658534297986	-3.445916713452922	0.8513275355553613	-3.3682428679989727	-3.824673966248188	-0.24588012684880134	-1.5063289075783466	-4.983999335496689	-3.2822381459793437	-4.294773161658467	-3.230266759381207	-4.997327339412372	-3.3707376919007004	-3.761509096550645	-2.7804676449829726	-5.037670085730983	-1.724833502755187	-3.316605429654677	-4.75569179063271	-4.637451440988505	-4.927431822200731	-2.2166979830856643	3.7770899863305623	-2.971896067782736	1.6161689432155155	-4.99824399283554	-4.147901070321948	-4.448321828726362	-3.0078603951779037	-2.3430991453410783	-3.6078939079746117	-1.274883279654583	-3.904069192952493	-3.4579679793388127	-1.601466071591366	-5.188132716608649	-3.960475280119197	-3.714621500603199	-2.73262640562523	-2.7474862771337243	-3.0282278572982246	-2.788052267933459	-4.172992592853383	-4.661369009143767	-3.5323091048767346	-2.8092705436071537	2.6125530996395883	-5.599797918693615	3.4535500924487623	-4.196313457448886	-2.753949116069517	-2.375818505659124	-4.229465500267336	1.838085629775371	-3.094866823587532	-4.803373802709276	-4.388404139596146	-2.5786520805752247	-3.1123547053998557	-2.3177868200866243	-4.800484479985227	-3.1912540674929186	-3.605124924665869	-2.2284979054323983	-0.8525733845155496	-4.15275619050192	0.5739012764548912	-3.433719599632468	-3.5928692127393784	2.436995432006757	-3.00729188821514	0.7300805414691665	1.908179455194297	-2.4642282975764314	-4.789717490526416	-4.172718624146966	-3.7041798939484583	-3.9218710693553227	-3.9170485028228104	-3.721828101052875	-4.428632396974567	-1.3230237061100976	-3.54127958166821	-2.0931690974434627	-1.9165224339456532	-3.6176923617579337	-2.045968470238897	-3.094841992667993	-1.968401414889625	-4.738347277987517	-1.5172949656772072	-3.0874197898169626	-3.0739994335414966	-2.296003907703776	-1.7713772000838137	-2.419377942979665	-1.801332276449667	-2.6080921174416645	-2.4036283242543135	-4.706906185878346	-2.8531232288897286	-4.959004684118525	-3.4144238685277184	-3.927304427955188	-1.94342178990882	-4.0024831840782	3.3851614070693445	-3.7347298308171073	-2.139708897202871	-3.7299164117697217	-4.880539309935164
MB040	-4.677278494032949	-4.418431692581443	-5.249097672944227	-4.499728492435221	-5.819748203277237	-4.5749775366649725	-3.601016515174571	-4.954777108003718	-5.538515079131447	-4.825643118310198	-5.546830802415922	-4.675533639457948	-5.388157879674762	-5.387465273599153	-5.63458603510494	-4.698987016640848	-4.851566194938779	-4.493892651852709	-4.28573521391319	-3.9776099302450376	-5.864220477732403	-4.346301430998862	-5.106702805738655	-5.336946967202995	-5.056493441894156	-4.042922638647559	-5.0663879865780075	-5.45133954854707	-4.913828507819084	-4.831530966956617	-4.602301584368028	-5.743836798510932	-2.6665762105014155	-5.106709912207188	-5.051375930649926	5.026075490344465	-4.197567898108566	-4.746849850682143	-3.38690215452091	-5.563638640944719	-4.253076128891458	-4.963015422914647	-4.024928748801855	-4.749101698848994	-4.439021800713865	-5.36459155475432	2.709963880759063	-2.376285505149834	-4.200436739059311	-3.684716402535475	-3.8580049928491142	-5.19667068066658	-3.5762494114569066	-4.365323405227988	-3.6480427921936887	-5.179430242190792	-4.476789103133065	-5.668719860807515	-5.804109985407417	-5.870861854406503	-2.6167849238514993	-3.109359624288116	-5.15823027035918	-5.842219897007718	-5.486889756315996	-4.7661915915577655	-3.1145071515394163	-5.175166067863963	-1.513312833817782	-5.015941524432021	-5.607673118803925	-3.783580739603382	-5.535535365683424	-5.8173303029893955	-5.187319443949594	0.1703197786231705	-5.322571867263573	-4.623957875980187	-5.285530382276269	-0.7230567630897298	-5.7689350689308485	-4.51015816488713	-5.308456511609697	-3.8296155949567634	-5.702721401174996	-3.309283787472369	-4.172992592853383	-3.9263221194645848	-4.539377974010874	-2.6711222608503764	1.040241471841231	-6.25915659168911	2.8820749085795336	-4.777316352989748	-4.921544043284802	-3.8569700696890052	-5.431737755854547	1.5481374923561377	-3.094866823587532	-4.343999748707665	-4.929893344125311	-3.204831344021656	-4.982281109443381	-3.9543298092311137	-5.08728729691576	-5.428435189729408	-4.457982555319511	-2.4759499467886563	-3.95365408189323	-4.514701444980718	-4.973013653333992	-3.145308091190426	-5.522298546319279	-3.9672358232926577	-4.489963797818462	-4.5389346627389635	-3.380033733399385	-5.1130848945787815	-5.967401276023883	-5.483559549795392	-5.531017536002944	-4.5560019886007215	-5.007342651994701	-4.148812535014889	-5.312946639512369	-1.8170632565763452	-4.955370912759461	-4.373355040313104	-2.6417211754840277	-4.185936736173893	-2.6778938033820694	-4.165714222971291	-4.629335908090567	-5.381465789716099	-2.6284318337107546	-4.781243669814568	-5.047329803862475	-1.601462982674125	-4.241718331664414	-2.4547818336334295	-3.798521644316656	-3.662713522547092	-4.671176654587265	-3.0794638111109442	-3.138812264783308	-5.222675935436661	-4.389512695632472	-4.887626086874664	-4.35715151854124	-4.229532351898129	-2.157177959785976	-4.632712512447535	-4.445230530133786	-4.8801732420241795	-5.14481683696412
MB041	-3.6578225404123508	-0.4996764308705579	2.702863264371409	-2.6952284262180317	-3.3521245128733206	4.520552240222267	-2.1902208591501413	-2.813616373249017	1.8285283265432808	-2.298324798005247	-1.9848672290734335	-1.7150505823171276	-4.7380561274186315	-2.4046073622422703	2.271072444973383	0.237619781508009	-3.874686874092327	-2.254204367400682	-2.9605004999211317	-1.9527646447476101	0.41613984654520575	-2.8474350255505687	-0.779598772422414	-4.465144220806416	-4.292789579547509	0.48016276435026484	0.9645897225279514	-3.530769734474653	-3.532336622125192	-0.49507213459661514	-3.5840698608305086	-1.1603257517178172	-0.9495602649663111	-1.965388307196248	1.097491825473357	-0.9038586323623523	-4.051038478528429	-2.3814573041947096	0.11095372277866122	-1.7664058681975288	1.0068348883470621	-3.0782662670436425	-2.9991725592657374	-3.1539008368982238	2.596345417904536	4.303604849890688	0.7204911868105919	-2.046617191751743	-2.5866109838230837	-2.277304555112268	-3.0731210166576464	-1.9795433408497711	-3.85615137010093	-2.0858208638612474	-2.5828280712871496	-4.21340049626702	-1.3565593759103631	-2.3321822423463807	1.041611458352838	0.36958629506295715	-1.1443737414662554	-3.9681314744831475	-3.789936245852809	-3.127467914294117	1.9518307611336176	-1.838395114710675	-0.7819319210866889	-3.485708595307126	-0.5292273352267731	-4.659301559169201	-3.592798066111797	-4.419248971698501	-0.6461245416481756	1.660846397128945	-1.961921063036538	-5.328497315715111	-3.452790479867083	-2.77420663293983	-1.945094990960964	-5.188132716608649	-3.46386080092332	-4.106492628240527	-2.457006027353679	-3.9353482910418904	-2.5903103971449415	-1.1831276602663667	-4.172992592853383	-2.3015260776935804	3.7108984534858314	-1.7210101748156585	0.9984106515941686	-3.019421662440041	0.5276025341091417	-3.4470563516718578	2.3007135303188697	-3.6121524234864104	-0.9747839721452003	-2.2774078039013625	0.10899585992648042	-0.9651262614566551	-3.0205710102724925	-3.102156995610448	-3.8313906490113467	-2.3529625977532262	-0.5436076268629177	-0.6459320570626197	0.7289962311803597	-1.0440603793285472	-0.24752148842188149	-2.1593045168141405	-0.6660743590246048	-2.1376823095306374	-2.4060742549815295	-0.2908680327764035	-3.642535447578614	-3.1984455925561477	-1.081184776004438	-0.8052637941474075	-4.3527808993764365	3.949207386958255	-3.956587552204489	-2.959019470533761	4.205098821348944	-2.4121260809158294	-4.1440849345970605	1.5588969286178056	-3.7667102622295037	-1.9833925247316735	-1.8448800288674718	-2.373295497884099	-2.3148515770514084	-2.9031709806106516	-3.1460437581899363	-1.737997549549167	0.39465986538177766	-2.16335526823962	-1.6168950976849423	-1.191265376337876	-1.5156243737275474	-2.385184746638929	-2.1389275445312457	-1.8482306717158412	-3.1374555274653346	-0.8414163043016334	-3.3457199518396052	1.1800935400200023	-0.6581821662369993	-3.2767106374528856	-2.9498542951925426	-3.1607997993639163	-3.1786855923159454	-4.335319474771465	-3.8018300217595034	-3.522788843400747	0.9790328944147584
MB042	-3.2627030781225397	-0.42089868208685743	2.6260034835016244	-2.6952284262180317	-4.014790999828222	4.680264606067158	-1.1618108600727073	-3.743130854900345	1.8781461154970724	-1.4303619868570472	-3.092215040181612	-3.077791957497519	-4.220335261751459	-1.7535238824517485	2.2804654565123483	0.25148991664299203	-3.3264245599874327	-1.400666595798068	-3.176314180052433	-2.7711893867845774	0.4737943497154191	-0.8909732420789727	-0.6833704355989649	-4.3674086903544405	-4.258182459202684	0.41320712853671093	0.8375229382419311	-4.970057912337271	-4.913828507819084	-0.7599639517870145	-3.763882314716904	-0.6992438137165689	-2.472191452237996	-3.906948667966873	1.2596631791424082	-0.1885998593065743	-2.1605864189124526	-2.7834794684089825	0.30402822765380666	-2.2627753339431678	1.0531876054538802	-4.421375613868249	-2.7024741458103385	-2.4721655520918713	2.549541536488345	4.443202549565405	-2.8276735559651476	-2.0311355548226633	-2.3989609411721453	-2.1104045038892476	-3.4914196477035144	-4.476088565292251	-3.2464943625990728	-3.500641172679858	-2.3571262555130836	-4.193883728008071	-1.1922609813495484	-2.5619577002726164	1.0604084429830358	0.5403599345089241	-0.6372317996570391	-3.114297589946382	-3.502812222122797	-3.2888898805596742	1.9806360223784507	-0.3097607364812447	-1.209936616067897	-0.4271864922122619	-0.2926440537304682	-3.6342087619693384	-2.1444432869300645	-3.7536825954275503	-0.8014855822603035	2.074107467633275	-3.1263147378781238	-5.328497315715111	-3.1606487583138687	-3.2356322221413727	-3.1954041612104813	-5.188132716608649	-3.345853807913726	-4.196535981766226	-2.600026009361133	-2.985185981821198	-2.1197534845122146	0.39288943357017203	-1.6844981024575905	-2.3631902895064982	3.860321315289154	-1.6127438344536724	0.9780420028458154	-4.90189872707288	0.5188180749599507	-3.46016116434153	2.5416413924790735	-3.6121524234864104	-3.5355477952148426	0.4246690740320771	0.20819126347421957	-0.7398570344589128	-3.6728609656894218	-0.779122672461126	-3.1525982023102035	-2.804557355939732	-0.5856386477687829	-2.9880418651634173	0.8110019898450025	-0.9666612379424091	-2.320169524789547	-3.4738223217581172	-0.6225517436533936	-0.5806069170347907	-4.196867252280413	-0.3598496237537727	-2.9193712440310113	-3.375735727441338	-1.6884127612629012	-3.8285469040532796	-4.389957014584998	4.170425742588558	-3.8075796245821607	-4.164242107578456	4.172849683499031	-3.1193996973501346	-4.049631356508101	-1.0974670509432816	-1.9564512243728913	-2.4181067207443068	-1.7221397248366657	-1.9478813464051932	-1.7182664690578822	-2.6479842453557456	-2.8667048041981893	-1.4737272911150416	0.7069271431676061	-3.538581622411524	-3.8504657600773466	-0.06785630019793132	-1.074229542880726	-1.8709822461103585	-2.7575449303200177	-2.588661770831063	-3.6574433248650635	-1.751865265595578	-1.984772560305748	1.259727508568405	-0.9655483043484807	-3.4695232448786824	-3.6349332820821836	-3.0297141890477235	-2.8593850624129704	-2.8724116163200364	-4.1536041310837	-4.736753145857088	1.190655193520577
MB043	3.4300619826569774	-2.4365467457065986	-2.7544453398170567	-2.0879423953973433	-2.1777886210292348	-1.3334513838888853	-2.8981770372253717	-2.478790262359711	-1.507183996224489	-1.4983007897628422	-2.5461668236146977	-2.232764741847582	-1.4940677624891228	-2.7371795095216154	-2.500962706611082	-3.1871994983470504	-0.8418561867544492	-2.5239503853467458	-2.45725452825865	-3.202536634204428	-2.620783664743734	-0.41291307227547236	-2.9392332024768617	-3.073802066386114	-3.138596558887367	-2.4459251693764337	-3.2871781973344376	-0.18003273336813308	-2.6187639567531855	-3.1128044650907984	-0.309436928079335	0.13611204332318394	-1.802600190526186	-3.659297860768664	-2.895405745939743	-2.3295309441943264	-2.501913099279114	-3.727088605963093	-2.7161421919882196	-3.1718753133095436	-2.269162407619243	-1.0255202151982532	-1.4175279579532614	-1.5342791877673587	-1.5350127218109186	-1.9040097184815643	-2.9059854977553927	9.440141455023635	-1.0287973086279507	-0.7237343620530456	-2.026148372539735	-0.4183260670552116	-2.0367764815563305	-3.751250591181746	2.2976748146404358	-2.5410628261011876	-0.21144802706521304	0.1022259358820179	-3.0702859832908294	-2.800889701837886	-0.015650951363733512	-2.212003337038551	-1.2439879879248092	-2.545064196059103	-3.0797455485564385	-1.9025779803413787	-2.0166917001351523	-2.518435557522042	0.6676678533327634	-0.7563992727374877	-2.4502228842762825	-2.5968908442427363	0.514909393124297	-1.187425089696971	-2.304784601655296	0.1703197786231705	0.029235724304275124	-1.684383641142805	-2.2943303132758075	-0.278276180794915	-1.4083820337227726	-1.6456780695115292	-0.9267273351775804	-1.3043734515405383	1.1693519628579452	-0.7034996193029883	-2.64441986074071	-1.0095953518733953	-2.0722807407492443	-2.141132429536313	-2.9118921209657174	-2.8713607640567664	-2.9532370424373715	-2.0752753068671517	-2.456040366486821	-1.4050942652296659	-1.2259401167700759	-1.9851979987739208	-0.03802654729796373	-3.0128407433773496	-2.629104549583399	-2.088222230312665	-1.0540524367966224	-0.913888787665261	0.7728242057306787	-2.8065675227607443	-2.9331523765897867	-1.5815354123029248	2.127367283122352	-3.3658922442532475	-1.9656070182580754	-0.8843490561481069	-1.1196537596638088	-0.5649962185184414	1.479184129069619	-3.148311169751409	-0.2310259020737826	0.06592806169594212	-2.8382747859943	1.027250824640971	-2.785393098085285	-1.1970010747758	-3.393600729348149	-3.8628116891136717	-2.687901753727264	2.942648606432356	-3.0636734095579428	-2.4410125776051252	-1.6756745765286336	-1.9353467104192692	-1.7477569883690265	-1.08851298177213	-3.3726100060614126	-2.8836451140740387	-1.378341951153244	-3.4087105431402627	1.9773005569047433	-1.7763874985524595	-1.9498238629921634	-2.1080496891781006	-0.6744174326045709	-0.6933485417411305	-3.292998064264884	-2.074407219113377	-2.6574822690220543	1.059326277041139	-2.435755799338761	-2.496053353823277	-1.1517157283870603	-2.1617129036492173	-0.697862356093367	-3.464386398601542	-3.4462221633315213	-2.6448377524025286	1.112233153294472
MB044	-2.964649101086202	-0.7864565377286468	-3.1845991437252064	-3.420399670242876	-2.9260838927729917	-1.4397293397691495	-3.2943729399883352	0.1348334568221219	-3.3657038609346888	-2.6259831277902173	-2.3593970361517353	-2.2257251282368866	0.7676291195448988	-1.7532434296703627	-1.8742103174999283	-1.5558190972248518	-1.9121730457931916	-2.9003223008623458	-2.2381876455585488	-2.126524936320928	-3.3517230031168816	-2.075049243933041	-2.0262733127277084	-0.6961899064281143	-1.4200697715007289	-4.327631118198374	0.6170123294591807	-1.492408218218019	-2.3534452206471324	-1.790608783850228	-3.4833233499540164	-1.1807321667042405	-1.977522232573123	-1.6212140014380143	0.4716698341231975	-2.6759329591439	-2.1006724516598476	-1.4919827416464155	-3.3510609502402575	-1.6178395611145486	-2.8354114887758364	-2.8457923292900427	-2.4451936726938897	-2.268065046267564	-1.7730354407262112	-3.0341056616662243	-2.4651997600353317	7.884527738997626	-2.9631171275010164	-1.407614705648971	-2.5802221670316943	-0.5715284914254148	-3.7935522100736367	-2.253173977932942	-2.6764416148277057	-1.7196061237032136	-1.6755269075627748	-1.0181632016456135	-0.16735091761237086	-1.9205877030729708	-1.3308704446755772	-2.287036495497551	-2.919605302356972	-2.993424992463032	-2.4435255529180395	-2.7596458118186042	-1.9278943660824224	-1.2029850747823394	-0.7985658844663064	-1.5173848743941072	-2.4739307272743503	-2.935405441653053	-0.31095862356538717	-2.4639405270350743	0.6091474673616943	-0.22161119603674528	-1.1696658425762028	0.010717946458596472	-3.140874061138483	-5.188132716608649	-1.316516679442441	-2.981919046127011	-1.3707800706034226	-2.159195345392238	-2.4785839024418905	-1.946404789612732	-3.4257083742581482	-2.681460033564411	-0.8622690780667313	-1.7272666787529207	-2.545513206154702	-3.4799295102665058	-1.8573948408066476	-2.755922264111801	-2.6382479898311004	-2.777976139567844	-0.11395864062627226	-2.3281010693742443	-1.5949440647977777	-1.285119000557959	-2.010342158646443	-3.2719099326837124	-1.0481944140885826	-0.662586783399556	0.11492294709943796	-1.3306492109812353	-3.392523259253972	-1.9863242461485413	-3.696078759373046	-3.7773934675261636	-2.142533411578582	-3.414245384420388	-1.2070532702127323	-1.0631742106140045	-0.026664720533961628	-1.1648573656726349	-1.3601968709357894	-2.997111745371509	-2.3013942149176136	-3.241605372311313	-2.1139688183902	-0.8640558421647047	-4.181927282925503	-0.9312056666873261	-1.6561222974433978	0.08985073506676056	-2.7493727765288742	-3.306741534431964	-2.0724935174869135	-3.2826395432630004	-3.1548608601443657	-3.134752357620881	-2.9741058312387203	0.9741338668447819	-2.511979783293249	-2.444914523414905	-3.112628750851858	-2.5932320599734577	0.9148130652296835	-1.8029928354655897	-2.7637248474332097	-1.6294946006631594	-2.6264928762897295	-0.9811055656589946	-2.2477437421148387	-0.9707552175934167	-2.455454446205769	-2.4053526849400546	-3.397221054727213	-0.99806985403578	-0.4620264310782112	-2.797824229079515	-2.178722592253619	-2.871290742419456	0.3214256634425885
MB045	-2.777181656182851	-3.7602248542750125	-4.189978713008665	-2.2326143575165283	-4.050224694650344	-4.042472288836537	-2.075673216619162	-4.213209116800805	-3.8512589093706886	-3.8059693275953332	-3.9201747519933505	-3.372053117922137	-3.7772565876310003	-4.10896185633456	-2.5327479795609324	-3.143841410558432	-3.7383667115294825	-4.3100464106887895	-2.280037079253475	-4.045420003814117	-3.4594238444466585	-4.346301430998862	-3.134161840225879	-3.556814951291078	0.36123946048713496	-3.9088780919419914	-4.098131945865218	-3.083305981543866	-3.7248989262512557	-3.0806722084737572	-2.4799003452295523	-5.743836798510932	-0.2903976547816196	-3.739505243504711	-3.5715377016430425	-3.0465949572345288	-4.099918778329353	-3.982257838576677	0.2971985450707484	-3.719593583928493	-3.7195719590611134	-2.873915328912653	-3.489712860703687	-2.286240897489579	-3.4140365231227534	-3.371714217621884	-2.9783656944014707	-3.3682428679989727	-2.98747369677951	-3.684716402535475	-3.8580049928491142	-3.390966188235872	-3.4395484149923057	-3.0323343340681888	-4.823884022006647	-3.4290632426395433	-2.4251054985070564	-4.748014874293737	-3.7715128479967186	-4.450286743550216	-2.6167849238514993	-4.684651339295801	-3.555830709060235	-2.8730610874659384	-4.113663821365124	-0.7357500268695762	1.1358203193814278	-2.4271252860391472	-1.6933848214105431	-3.6990443200160783	-3.9337229050688407	-1.1387778312186185	-4.419841791142755	-3.67820722394214	-4.0717995037792	-5.328497315715111	-3.4672305536599293	-2.9085032621898694	-4.266147491141675	-1.0748136112957276	1.2583995059241957	-3.087149567851501	1.501662087321061	-3.0342877437696743	-3.728776879695019	-3.309283787472369	-2.8437591087977356	-2.211709395255239	-4.6397184543851395	-2.5077992956762074	-4.259402416599494	-3.2714174451629505	-3.1736061034185363	-3.390121414810716	-4.143931475280906	-2.1508482352118197	-4.501881095225498	-0.8105138390759921	-3.094866823587532	-3.54646391274394	-1.7917971896529608	-3.1676842504375315	-2.0304442929781636	-3.3621400349082613	-2.825858607221064	-4.081221923162417	-4.433579225821703	-2.4759499467886563	-3.4281750392894796	-3.7325149478374176	-4.0172668213737035	-3.7289581112100496	-1.62488020131455	-2.17097187005068	-3.671179866965054	-3.64134850296384	0.5177856790391901	-3.4298839828875938	-4.082604669683858	-3.9679527896636975	-3.355290329914995	-3.282556110105057	-4.721495980068422	-3.8628116891136717	-4.538708598120003	-1.4059910535332154	-3.0247964902529567	-2.721176849323925	-2.9484570769199987	-3.8322429507981113	-3.363184147523416	-3.0909371827130823	-4.510047238520741	-4.2764971984446305	-1.7703890442028314	-4.419371108468255	-3.650024127385759	-3.973503229769257	-2.9621433416393117	-3.500854616347217	-3.2898966996671657	-2.054225812699073	-3.8229717492528597	5.370493052227856	-2.4072621212639884	-0.6077940441233567	-3.022309675460294	-3.029396275743582	-2.863518215269318	-4.1558475328215	-2.545295116071383	-3.006051091385265	-2.9876080641237834	-4.158695482961463	-3.7523177097279934
MB046	-2.612098593047744	-1.3704115068738005	-1.624095335969276	-2.1428348942942783	-0.9993563682732081	-2.3898932317419366	-3.170348467913403	-0.92769327099756	-2.0346525378723133	-0.7037219415880251	-2.2106806909411088	-0.434572852284143	1.4998176685734146	-2.2480899582107003	-2.041483123037649	0.8194000889110598	-1.7911525487262567	-1.9911429789270674	-0.8503167770337701	-1.9944231850887313	-0.22218587036797377	-1.3886755438630107	-0.7526268014610054	-1.7346977915530948	0.7950198700456337	-2.325412752319801	0.8446969154200392	1.9546964140364969	-0.7929988738794291	1.643793435273147	2.9028448295092426	-2.228857321345364	1.413800349729331	-2.0099556499454554	-0.18653055963231946	0.7435000060543491	-2.2853742914647173	-2.504064608506308	1.2934670434199234	-1.1130342445424901	-0.496359754935062	-0.6051640567419581	-0.3422440610912769	-0.8708377510776195	-2.663390049126207	-2.191363639490749	-0.7103840846427287	0.46138055154757573	1.4374928139665712	-0.15830521300082978	-2.111495914247792	2.2420949117437043	-1.3567007185014255	-2.0903192911229507	-1.2756159376075775	1.281560329293021	1.0273647914933353	-1.9048267423609229	2.412060562629576	0.1284742176862288	-2.224768454822131	-3.134296960807424	-2.9292581394141326	-1.941892407522273	-2.1742921280092613	-0.2390790892345045	1.7555227112027865	1.5266507224311452	-0.9123085864174509	-1.8751387989199753	-2.9200094456591916	-1.775462541422213	-1.7754896324703324	-2.117469135394831	-0.19973499808042128	0.7248604978760982	-1.059942057546687	-1.7672734626036029	-2.2205584148461046	-0.38987674615886014	1.5066674987975324	-0.78529074115424	1.456857907524383	2.8344836180330413	-2.077582840034422	-2.8581548915835118	-0.5422459696692101	-1.5626828545174103	-2.4331024515172057	-1.9646307772329656	-0.701883508660611	1.2321075235713614	0.29460326842297757	-1.19081025818957	-1.8285866160651238	-1.9884934134191656	-3.068237436997217	2.9698184348088734	-3.094866823587532	-0.6761582472580621	-0.38678779148517073	-1.7255270075274787	1.4558193988959793	-1.77407170360698	2.442335102134779	-1.5308051532560665	-1.5241846383795359	-1.6778586746126471	-0.8506310549262732	-2.5489082675712016	-0.15303841702823107	-1.753702713080619	1.6106958695252276	1.4942563575293235	-2.072512384442878	-1.0660245457767896	1.6561661025709098	-2.467178025549689	-1.8507570344254125	-1.940092780597527	-1.015114933375255	1.0050426064663114	-2.402961625528558	-2.3772504194108794	-1.3840156723045016	3.292439608531147	-1.8599058991103625	-1.5700709714070218	2.4226098917751564	-1.4395101409328337	-2.3907248195700035	-1.8995782076073588	-0.9014974671626312	-2.3167590265942675	1.4787592017616866	-2.05633298837431	-2.7805581145258866	0.034413292483694846	-1.496342195099782	-1.2162369541684264	-0.16123597978382875	2.007506901970048	-2.0934295389105912	2.564121145947105	-0.4596966722363245	1.7591489372704254	-1.9182545704874325	-1.0392378783727567	-1.4495799700253649	-3.0451904968386234	-0.7433398691888069	-1.6191084107789386	-2.0597180771977985	-1.9967432286494269	-2.1042174079187212
MB047	-3.2285688846312546	4.7812575066743666	-2.4322167104997074	-3.939439327400734	-3.3238164021199204	-4.042472288836537	-1.6687965882828504	-3.0335117179539566	-3.3512027606839876	-4.119548722009519	-2.9319823275268995	-2.943343768791836	-1.8614019099983201	-3.49128292675843	-3.3762310352750564	2.7740315795238093	-3.511331902085483	-2.9827198662922463	-2.875591942311143	-3.445541107132456	-3.871121350122235	-2.7094773173142137	-3.1281174889024292	2.314662954855569	-1.708040372320741	-3.364125208702834	-3.563900324175549	-1.3882308192452086	-2.3321214978470044	-2.440956119330174	-2.2681956292850973	-2.982238993310933	3.938034919431295	-3.1289022831699658	-2.5492987764911907	3.8227384177495525	-3.576959685340145	-3.477626808299327	1.983049990519035	-2.1674612025185773	-2.57884237299114	2.68011712737961	-3.2016296828330546	-3.306999632671621	-3.4755357731726324	-3.5325098509650825	3.4171275017339893	-1.5521124128395023	-2.546158097610043	-3.300363587445304	-2.65919082241445	-2.7346367596486623	-2.518495712514355	-1.449938323646533	-4.823884022006647	-2.2687234646625534	-2.9318028998959367	-2.3743938984286466	-2.7006330938206196	-2.327220490440257	-1.6725736223215932	-4.379350858473433	-4.111859876535554	-3.3572821578454946	-2.9340835018988134	0.6591113641958781	-1.5309170418207652	-1.5055518115751712	-5.9997664731602995	-3.2483762987893865	-3.706774276168394	-3.603534870416592	-3.3347477372065732	-3.7307928806734765	-3.5674797742381497	-0.9433832477498321	-3.84576861804792	-2.5559177757692257	-3.710404665333595	-1.1227864392917617	-2.661122055678809	-3.567972133403684	-2.6972485632728533	-0.9547815160786826	-3.932754951024929	-3.309283787472369	-2.629471472511341	-2.2762198031278285	-3.604609466867611	-1.2427269646027739	2.7143624440735783	-3.165964093427596	4.46180773392195	-3.609248466974364	-1.5607430800644178	-2.1259775846470355	-3.6183059122053933	-2.1267852255873025	-2.539875690757979	-2.279291180339184	-2.305917479501087	-2.7246646779619947	-2.082271826241781	-3.342687167591958	-2.3327588829128	-2.946480338451913	2.527066010211554	-0.5908393432829531	-2.0785481540972928	-2.901066484890139	2.613978179178365	-1.9561247130191077	3.6930880682953777	3.3990683826327217	-3.432296828363003	-1.0554751926435042	-2.1435602958499818	-3.1169264580556675	-2.045894462081752	-2.4581951762560292	-2.4587990063831704	2.2767171626839895	-2.984910651337911	-2.654810268288923	-2.8204326876161545	-1.009990759809229	-2.6411644125205243	-2.393702742970877	-1.1543390327102898	-2.1111303230563987	-1.28731156523566	-2.1066909035936945	-2.7512085169800766	-3.337274281987174	-2.692172613206294	-2.410249922313861	-2.955053458270198	-2.032008315200992	-3.098910399084616	-2.8468510195224983	-3.116912316150499	-2.6094945535652343	-3.8886151328202754	-1.2084324479890558	-3.6301423655185463	-2.237009486656473	-2.64670215028241	-1.9716685404017182	-1.4750448651412675	-3.619146228223638	-2.4524094185768863	-2.4088464632370847	-2.9363935144256352	-3.0736760466504105	-3.0390725079718237
MB048	-2.4610557482276096	1.782677594468808	-1.8250868391663406	-1.37821968204387	-2.3758444019709906	-1.9956175808169831	-2.5970680408365627	-1.3511567934392676	-3.4415419896449215	-2.063655944189387	-2.3461235363272	-1.9977583351940265	-1.533895751207873	-3.0037917310975875	-2.1330609807422114	2.661662259961103	1.0801425638382227	-2.039498657455921	-2.113138658528266	-1.9080317135224192	-2.8779541972836666	-2.169010215892161	1.2998348838652873	2.110305304500497	2.927053855145707	-1.7955139955733728	-2.179546767776934	1.5627471943175744	1.9456974182626992	1.322538780847986	0.06695983718988607	-1.644497517451553	1.9241013117359227	-1.9102701572525422	1.4042775899102153	1.0350456321377424	1.2957861121238894	-1.2195026224794283	1.5161511892995136	1.8387546907240981	-2.172578929717387	2.1526702644903892	-2.6028202182918854	-3.2393466904707804	-2.501288569056376	-2.816295983101181	2.0476032273517237	-0.27447271615109514	-2.3200335698429235	-2.656332218803394	-1.687121818672269	-1.5319366950319893	-2.06330890295062	1.8496052626065458	-2.915494101420382	-0.3104102255191936	-1.8400804802597115	-2.67373220483392	1.527024954777704	1.507531226342703	-1.7990536265982016	-2.9844937873383692	-3.502812222122797	-1.998467346280865	-2.8952698894333277	1.423291633860237	2.3964162774762796	1.9708982138674145	0.1872068229674273	-2.4832027503312233	-2.25502871720969	-2.337272479402875	-2.8834799412079537	-2.793212805577955	-1.4891791364328917	-5.328497315715111	-2.898497600659839	-2.7308082356508834	-2.123550122912045	-1.1227864392917617	1.6957589176463461	-1.9790917088711026	0.4787596188560954	-0.5207296563497561	-2.954683525000247	-1.44608795096228	-2.2612815511491835	-1.2709832209917753	-2.2509250203083333	-1.0779559247748178	-0.2190005907998671	-0.44947111174883236	1.4573759320224209	-2.8919644075113737	-2.8950927585811375	1.1963767622877004	-2.8107511864054224	-0.01662500389445487	-0.9375919166457187	-1.6547953338254011	-1.7732733757332433	-1.227573499830907	-0.9843573525871463	-2.1613258908894917	2.6247948843746576	-2.2690101090691748	-1.6590347404703945	-0.6729734951529913	-2.154213759000129	-3.00920120271398	2.0347586607353065	-2.307330705781938	3.2951538993931972	2.8506969323052695	-1.675726848253464	2.1104019551520947	1.545849691505321	-1.6850752653850751	2.506556761551515	2.414108512812753	2.1548031780736725	1.4711412875920962	-2.3980797950776847	-2.0206734796795693	-2.2463033778703316	1.7325882617765727	-1.1666909199503266	-2.4222325857660127	-1.2641260673288794	-1.7603498741987078	-2.3312217976252256	-1.8646744973017775	-2.616017680448687	-2.5781785024698127	-0.8501694473203809	-2.231866871193068	-3.0277210875013605	-1.8960522976288772	-2.0147280993409176	-0.8239073303820632	-1.8801296554081954	-1.074678582098631	-2.3130877706439907	-0.3729911815176141	-2.1468483654929322	-0.8426759546156566	-1.968926054466893	2.7647371694217124	-0.45179570665116486	-1.4802905651315275	-0.5598984867579624	-2.0246815429502867	-1.5425132470128684	0.6508093905254047	1.4377822100159197
MB049	-1.695796787117473	0.0906450575500033	-0.7699023728328385	0.18316017036285182	1.4754912545579604	-0.5446586830887661	5.4802496050373435	-0.06922515758732928	0.3023905456563929	-0.7166602963414501	-0.5212845626244924	-0.328400063536872	2.8512345509054944	-1.165757493719651	-1.1082519458495685	-1.5749166917362292	-1.7911525487262567	1.6023644291510912	-0.386079203678527	3.794733627470893	-0.8282481456957234	-1.1523598419078063	-2.1097516897312882	-1.2090079475829052	-1.9088200480710382	-0.6293564353882015	-1.0774806000221844	-1.074029808441031	-1.9224309885562123	-0.5474080028841719	0.8966596906453042	-0.5793483762990377	-1.4207243318403924	2.4608732441634595	-1.967332695173913	0.023483285941789944	0.0930044587267469	0.3754388484168203	-2.0126005877033757	-1.0842396232386449	-0.13734564529261561	-1.5012709023877937	0.061594058048717315	-0.2631231957129927	0.7451022738425781	0.042686175932306725	0.09438851550785987	0.47400548437546774	1.5913879206269463	1.5868167155176138	-0.5587993320452203	0.8633379488514787	2.793629407323758	-0.15268866962887806	5.94155898208703	-0.9097329240455725	5.888700037301199	-0.9648135605920913	0.3338856400136603	-0.42949399659895793	0.4596976174874623	-0.08551720127799989	-1.6744001143776703	0.5911140213622499	0.26081269919402317	-0.16915373693798053	0.7101097239398557	1.3084514170727166	0.39477410218853937	-1.991281631772365	0.8212529616612789	1.2333156290913712	-0.9622515734831936	-0.03606066451842338	-1.2878302219890276	0.3403032686474958	-0.7141889081262285	-0.8417496709611569	-0.6978438802068272	3.3742495952031293	-0.9818945445823006	2.58069924323181	-1.7598584121206136	3.071171210687721	-0.8587478340344123	1.1333889428323118	-0.7917753041591578	1.724745086896272	-1.0188076739713754	8.223605376007175	-0.43716260633722115	1.3745497604496926	-0.2982629406092281	0.8267242783569211	-1.3615178229430285	1.8175767131502312	-0.06609417079488367	1.5190830764604168	1.47447004660288	-1.5176424044513528	-0.2125159590405996	3.8324315606783497	1.7094009728516317	1.4871153855191919	-1.5624357742423607	-1.4107160696500216	-0.5989821581467503	0.9078602418747028	-0.32795833013358866	0.7289965124856579	-1.3469014070048866	5.6164484220620094	-0.20263694620534167	-0.28081814130873006	-1.6373434671524896	-1.1259292515759647	-0.3720722968767163	-1.25690394211553	-1.5795795893366682	-0.6669460633326763	-1.6714554863702187	-1.474640233911451	2.283499170354184	2.5916657063234707	0.19572292878309483	1.2530670941995092	-0.7350473431683611	5.641440773037723	0.8411714386868496	-0.6163476556491183	6.849384380170237	5.675844229794845	3.6160998162798217	-1.6876438908552167	-0.6184265157881175	4.820889477287164	2.07942786028008	7.783553931925287	0.9788355988586837	3.473304988938403	0.27686389742872564	-1.4594100006546071	0.21198342876830978	0.8022049096755683	7.085033454746245	-0.12676600257679826	-1.0208577219460881	-2.542390164736825	-0.5248546439135087	2.5092877397266955	-1.0386445436700527	0.8360740262443063	1.5299865819796619	-1.2867259656088912	0.32789628904727763
MB050	-3.998448326287807	-4.518401714733756	-3.9530206957773224	-4.134844993109077	-4.813409106627827	-3.6492963280957476	-1.6136489647845575	2.4971329483379323	-4.897697754570736	-3.541437911034784	-3.77942432836336	-4.069539625427419	-3.1661357474793865	-4.238209218722904	-4.280587673250519	-5.084189949481555	-4.086626963932473	-2.687404694222094	-3.600347234213203	-1.8079785522236769	-4.702944425101083	-2.299088457787729	-4.946000113795867	-4.951304408827347	-5.095013056410845	-4.958852694089556	-4.383286697195063	-4.845865294534269	-4.986105868897339	-4.263421561200351	-4.78848647414779	-1.5069009999479448	-4.789689181032801	-3.505712042395981	-4.861406413656021	-4.661456296276944	-4.8094043969831946	-3.9364398245771284	-5.248086462630131	-4.869901860438967	-2.4791817234397	-5.2614741008779875	0.1677184976360273	-2.9744557873496547	-3.044303870863363	-3.538991736286608	-5.158788833217712	-2.31323139153176	1.8782432673752307	-2.5013932425759773	-3.1709847589159015	-4.933069933497508	0.22702805268601978	-2.684255420202211	2.9470641319610156	-3.939308770204894	5.751403022087519	-3.053541289340016	-3.6919523390077567	-4.054608052243132	-1.6725736223215932	-4.248042829931556	-3.650964324989319	-3.1705725049741567	-2.8008855552839567	-4.481659832660267	-4.725307067865573	-3.7076130189782246	-2.440234095650096	-4.684617274377786	-3.920045761956313	0.8633497307805094	-3.6177558801494474	-3.55016129615386	1.0473588755771521	-5.328497315715111	-4.2293219523384895	-2.4436140732675717	-4.311766520403458	-0.6906381001693784	-5.003000060896967	-3.105063742030394	-5.279306430067339	0.35181755015687877	-4.052818169571747	2.271650153439527	-1.4769287632495587	-3.5967394412510867	-3.950506833584946	4.165827433303703	-3.995994039127906	-1.3077600522235793	-4.277513239258284	-3.784524092869894	-4.180629918618081	-3.6121524234864104	-3.7470381353567355	-2.2099237269528222	0.04685248799454733	-4.214621614121825	-3.374587677156196	0.4999371115779674	-4.667728919123563	-3.493126861991607	-4.594926869121212	-3.9446660155655238	-3.09632302868342	-0.7649955733124045	-2.565606390706101	-1.0416505737330048	-4.599608274562647	-1.8457740450536235	-3.7944473165386707	-4.089479293236147	-3.837937818239854	-3.959085366904368	-4.05514040571137	-3.737715002397321	-3.9985037830884442	-4.44257736129724	-3.9102628849667607	-4.035731526416232	-2.498067008345009	-2.882433814965532	-3.86186798174397	-3.432467104146774	-3.8780432924361445	-2.3718438414298273	-0.8976287628035955	-2.3245464124583215	8.020416489388385	-1.6017636854939585	-1.5254320123352763	-4.044169094104163	-3.1945283568964644	-2.6347694587752706	-0.8812764798134509	5.356646918289149	-4.6957502648037845	0.9604855819888796	-3.667862258615738	-4.016154730751776	-3.3707393923363664	-4.806214125385958	5.370157430085468	0.1532092066240729	-3.9733956223151754	-5.161386380095487	-4.010453502020598	-3.784358542828951	-4.96405379951816	-2.498971755766437	-4.401072943812318	-4.530515154934255	-4.463097625557589
MB051	1.5707438469639525	1.349409445567507	-0.4031301997196124	3.9832576128521957	4.008234348491047	0.1158221427832462	3.864596915119577	2.301153116774091	1.8553953389026372	-0.37319603499784293	1.6257499907400241	1.766196515721001	1.1142069026741108	2.89683725448897	1.5973937692607478	1.989270844828619	2.955398234183413	-0.46112157795055886	-0.11337816518084232	0.32669044121446866	0.46644117000906515	-0.4475368195824565	2.906415699342241	0.3711542970676911	0.09814935100960298	-0.6039225539399631	1.0641738809749608	1.6115780127551735	0.9842816011752591	2.6959407115852674	0.7497876809245154	0.07341555769771446	0.9962795897942085	1.0846538949319804	2.487507697427521	-0.854749119624671	2.0487563303607192	-0.10102421851955334	-0.7333351054900996	0.581836254620617	1.9199441681521412	0.19374116575584033	0.13357992856618495	0.3807487750897458	-0.5808153478824334	4.9638214424137574	1.0873669634064758	6.326047172423855	-0.535241627556795	-1.2763919839941344	-0.8219086985137114	-0.5251084796661001	0.09946384540888609	-0.8173665806912389	3.526753734785019	2.0836512206810127	-0.08155913969867612	0.9556081925779027	0.2889758040725612	1.5001759151398408	0.2793536949961304	-0.22041744626497461	-0.28210320608817163	3.9308841318145076	-0.1494127432120873	1.8298527326192433	-0.827860170446205	0.10745289352980425	0.3906909638530278	0.2283315150866212	3.5824910799352265	2.0534691182968006	2.8678694747956914	1.0627316501936246	-0.5280509663219277	-0.36906288486739136	-0.18526726710758545	0.08161730486233587	0.09738822859262264	-0.17788931019608611	-0.08853235759975675	1.3346272866414477	0.5792938408086208	1.8324625378537682	-0.43230006027500956	0.7808371973115413	1.7373339295449233	1.671372414508511	0.1109930747400405	-0.05460301794749611	-0.024401864039457877	-0.7265404956344037	0.9494109849781731	-0.25291570857625345	2.450346369606412	3.6417272462646357	-0.08229833224485361	1.016050969841328	0.8709542450865104	0.5861973062920214	1.0370687324390122	0.4700960878762608	1.0575858195622185	1.2614933686153789	0.11397733885846506	3.007178861017837	1.350947755655885	-0.8197343975400297	-0.1587904942438012	-1.003686256162121	0.8822318905955555	3.4036171102073123	1.9082444905284461	2.489983904069688	2.4820866995819975	1.6669108313530305	1.62547161097962	3.460236725007131	2.4215419941547287	-0.7564651140955254	1.5436051045901715	-0.45495232994022494	-1.1121165984560974	3.370089154604142	2.4531993355013872	0.7093278408760222	0.4823233723401641	0.35194237940354256	-1.3216188419010795	1.5314750341110361	-0.22957220824197755	-0.1802290070806336	0.4620984623775932	0.08015373745356769	-2.1733195896836026	-0.10008432006447343	2.1450110250412333	-0.7175943902581103	3.4526273841606265	-0.16392683458466806	-0.3715659348592517	1.2422321942843553	4.158142310117783	-0.36367872487882646	-0.04752985773937546	-0.3427772563478948	4.144743572355687	0.07442985821235659	0.3531845509528111	-1.1302742309640905	0.28191567823140495	0.7534587595825917	2.637476645906581	1.9285955150606489	2.0264170260106287
MB052	0.6263133797934533	2.894314117975412	0.6380936699877031	2.0969017356572754	4.052531121905643	0.4572923248798286	2.1804927402151577	1.0770072066374459	0.5225872082673915	2.1109925484923524	3.3250626115752677	0.7418087268375793	3.611333157486797	-0.008651618552182327	1.4452349386546555	0.3693916339340264	2.1786222512156073	1.5428576108978094	3.580592591683466	1.0283571490548464	3.226143939886592	0.24596198934794344	4.167528253786764	1.7062400867758818	4.108544631061208	2.774422661350484	3.670071629512547	1.101750256952295	2.6259533278922804	1.50670171044262	2.3492385423914053	1.333688237642198	2.359516924034166	1.0252820791142803	1.2562649054451658	2.8354778379538903	2.672694090023973	3.390067072353224	2.055774875816769	1.6278384969306998	0.5829610327121699	1.3928257347050028	1.3279791616213084	1.2124174488864137	1.0213601999501556	0.8208135730911721	3.2886824077154984	1.8283422744039814	1.1695974673390435	0.3604809144490648	1.1969489719920112	-0.18750896687108387	2.087435921594129	1.5470757416804473	0.11728559572672914	1.2466941504177935	0.7301812849010876	0.7349026590898884	0.926518563020613	2.6432588053199604	0.44346739690150727	1.2751868441767726	0.24282166269548533	1.6088650819363535	0.44138492698990106	0.3006193072352561	2.8874939572073055	2.5752070941766947	1.530948129215246	3.543814785480828	0.8526455114105254	1.6157671767200217	0.16686449880871024	1.9795483271340082	1.8191679070949087	0.9178186260419032	0.5988181675285267	-0.35750881809894786	1.3114380138664803	0.0888042015510564	1.7907294518664925	1.7287546283365902	3.903544243053744	0.5401753287720403	-0.034650063226692396	0.6335868869941006	1.0779573949382364	1.5740192344587287	2.004279311325921	0.4840329538774828	2.930363342964344	2.5588052922366424	1.9060965822343192	3.6270213894911443	1.7025594981541818	4.5861811263766725	0.6805079426854181	1.4818479030111718	0.12280435684035851	-0.0030286972596069717	5.092007838074373	1.7077507342513147	3.3980193001001417	1.594997927297765	3.053718711175147	2.594004026158169	0.37613917433449906	2.011464016935294	1.1220626086333283	0.5689994336365096	3.161533448629914	0.541280146904386	3.153309200055965	1.3119451775480826	1.5618510928726241	3.6789805595373126	2.309837507644419	0.2888949722200831	2.9702196663940583	4.077663118004174	2.192708637328086	1.8105877054024662	1.6779417393299205	2.3666122149879696	1.36981565118284	3.6274879160680236	0.49574175260628106	1.5923520420770885	0.2448371595758374	2.1016502791590943	1.3165187036975787	2.0887802951024392	1.5422407712877657	1.1711958981165003	1.130167626495254	0.8456538978869306	-0.2817870425052682	0.5955731124980694	0.9228795108049095	4.867743360974977	1.7163271592539413	2.3359023313751424	0.2687730737217464	1.3450087031125442	1.3190254544489104	-0.35314596389011665	0.5127323047459793	3.536399230806688	3.009315260144972	0.3625519614958197	1.018370463453353	1.2070792017166099	3.885097627411808	3.460066398456207	3.2856011305845003
MB053	1.84533772341329	5.545062701551509	3.049326977750467	6.759302744725018	1.165609232275286	3.682080503369227	2.2843262773380673	3.530106440630025	6.3145746270075875	5.157468326271505	6.411418271272194	5.241859720865753	3.963532647847675	3.8690669671133646	6.202472410288513	4.284048621669223	6.0077132337583095	5.687946369822299	5.910261415248341	5.509046005089177	2.608993329397162	1.4332724886885728	4.949353200788256	5.313202577296341	4.5122815651690455	4.167424591150127	5.772972255699182	5.7152709759809035	5.7774630504189854	4.517186574919647	4.550481472017991	6.978638941866944	3.639296322918883	5.740478012938213	5.487084152390764	5.651938612882235	5.827371921496512	6.8904506281938165	3.697235711491328	6.161938218443142	5.56271241393042	5.021923103160849	6.5065443629923685	4.612758167815093	1.0674619577781304	5.820718251925166	5.788353248405884	1.4446731643417543	2.58253277423465	1.2987069688585304	6.879914471718135	3.6858513191620137	2.2242659900179946	6.693319145822293	1.3766466627749523	4.433128468750121	3.1925434533017887	5.465457098316497	4.976761402995592	5.374759903055565	2.7670475179352145	6.9646188335737005	0.6760069415917895	2.342672339156465	6.587052004803501	4.030181855215734	3.1327705186209727	4.541341976688029	3.2887681588172866	3.715494454278282	5.723574493960934	1.839008127889885	5.901548964878636	5.4475803139117485	5.169871314363592	3.101036924879426	0.7368772396993233	0.9353862178121943	5.238921735926479	2.779252889136192	4.5967153477791065	1.119374611178113	1.6866689192744628	0.8575756285909506	4.401679093996695	1.7556603234403596	1.5868297433377467	1.4128457917631403	4.804357851484509	1.3816770412216783	3.9912419802382617	4.786324441465961	3.3848247998036936	1.3258164862511892	6.198444842933423	4.857960426506964	0.7297896810056361	3.10867500787663	2.766294779833383	-0.40051473295907236	2.127743659821326	7.459400846265441	4.992624722535343	6.123076438357799	4.351178640428748	5.563100647360876	2.8465441551257546	2.3191107052695017	1.0568859919534894	6.334138884094715	3.556670334749585	1.1630963141258928	3.6072667607138476	3.3197622408018654	4.9006280670382445	5.605023728140439	3.3448456191903677	4.6560303492522985	5.350090100112618	4.005777198154778	5.567561486033856	4.066605669853242	6.4856162384143605	6.073331011581253	6.875555264189748	-0.21661766019005846	1.2116262599702994	2.7103586193097	1.677776781883015	2.099708449526749	2.2216100066169844	2.148935563354965	4.774943744554587	3.3325181627884692	2.183928067175609	6.215705716924519	0.3146476932493165	2.0385321817052287	4.625576889649182	5.21477404894184	6.678255761570637	4.188850141744055	2.890611937205872	1.2859823074737564	2.2287084792427647	1.805309109973984	5.446994482671881	4.689883953930985	5.771759522329381	0.3498170159410705	5.2308471525381375	6.405281604654481	5.7493752793349415	5.392633350441207	4.559932297009418
MB054	1.9858900944413538	2.601850150409689	2.7776327338352393	3.0745658949677193	4.070638894456829	0.08375640624275782	1.2799840426562845	3.260536693258933	3.358775011964526	1.3550829909522184	4.050802319982649	4.021540238944185	2.48513948311089	3.8291389318840983	3.725782475822566	4.021836652146897	4.298283906057483	4.544887431977765	4.293063850628757	4.631840536905191	5.071537812202031	0.5513920227351203	3.177200712580734	2.5499438840725928	3.319208698437908	3.477086842386928	3.9455572037624904	4.026133391415792	3.8729315495788272	4.136942284031829	3.61940441377126	0.605758095780156	3.4695103397280675	3.7840751786100064	3.0024558692878065	3.5413481040396517	3.989871061525987	4.052940099749869	2.99003733236617	3.4362948354419194	3.045199286359506	3.0722887258409983	0.24458359666024876	0.7415325438075087	0.43995868293089124	4.613337514270285	3.6254945745390454	1.7396837468501243	0.5257937686926546	-0.2471346673138708	3.5493393851475714	3.049994221761037	1.5189259281186631	4.517452848913828	-0.3279223602950534	2.6318037126302967	0.7571855244803043	3.0193491154638705	2.7770509593049333	2.661461632806481	1.058010811042294	1.407535151503466	0.8999359648459597	0.5999482744269411	3.416631406041379	3.8117225614701464	3.0185466393698706	3.578992330119849	1.6991266331883734	2.4169328086513184	0.7913501185682765	4.070799153237949	3.1837882916125793	2.929081170276394	2.8055625761293665	1.6044922492365137	4.611336934957169	-0.13492939351361244	0.46036849160034876	0.9415288591635296	2.9730640788022686	0.047486911980900715	2.9763268667611076	3.274696041024253	1.938729170610582	0.7931649883779546	1.2962539332546772	0.7627021849942377	1.8607952398683913	-0.0828860929808588	4.578026934893039	2.569117847155118	3.4530327826531133	0.6385210402983335	5.172409062626871	3.3158205360152415	5.12925897174515	2.3686768756392436	2.165982676329401	-0.7492973582032949	5.49837053696818	3.7520341245246787	2.7300894012749843	-0.27540732378185595	1.9775464852058686	3.5178293550721973	2.8899209385149156	0.43066084961533413	-0.12911886894065638	1.5826986544497146	3.0329334402053494	0.2276412668509593	2.6980999609482863	1.4289271919134725	2.0966219426004233	4.340062593803999	2.934531906224807	0.3162964091021525	2.1966918858234123	1.3189725212562609	2.350017625623096	2.5204731977545363	3.2002442145014145	3.7307528367556193	2.382704228252564	0.7588374637450324	-0.3698375588549805	0.8116258749740002	-0.5179926928615295	6.236544642371975	0.7546715203481078	1.802965696845928	3.698113468668666	2.4618647235830657	0.29800503241511045	0.2661515330270916	-0.43830525771152473	0.7843497061192064	3.0397547655233197	3.1068219083842106	1.5748388287478639	3.15632400987747	2.49260540620699	2.412203493536108	0.13690700053467886	1.8150428775765581	-0.054697634577506093	2.793717852993124	3.7313810102997724	-0.3994826216282821	1.60617527222783	0.015361895387153268	2.3236146987626665	3.8060111708405646	1.7419716043195725
MB055	3.998752414278691	3.1328765276959336	2.2939230327000217	4.051313472244304	2.7243219640427023	1.4677530378617636	3.458864750475853	2.0777195300582285	4.263040835185735	7.084066076003281	4.650415987203129	5.0987157501413	0.754006129890942	3.8427528675951583	5.486075227964569	3.4152580070126897	2.78230914291634	4.2094414540297045	5.042069816330979	4.5104688843304075	3.752462199767389	1.8121630732653315	4.5594049223117965	2.7445741711164864	3.1961862730535104	4.297651876870328	4.676370924428612	3.9290061678466417	3.405423410036536	4.235929724314472	3.1419721753915457	4.3554657605517395	2.0211089621137255	4.505392577336673	3.043084996774062	4.033320656061605	4.707092316426252	4.986927714628566	3.301784919079658	3.2171501163557643	4.567794562710365	2.723181565260111	5.681530926124168	6.605235959125345	3.8704851976539407	6.239675072465041	2.4608291747425675	0.562782769289301	3.1899463781245574	1.795348074446867	5.550006598553047	1.3533305576384569	5.492266879750561	4.367393735003417	2.1869232681428032	3.714723540900275	1.4467084691814618	4.838139924173141	2.700729171345359	2.832164832992662	1.785456388464457	4.470486835817952	4.267971129605445	3.674371534903405	1.4044801053665514	3.706734949880949	4.28424372036411	2.505466067982641	2.958807793525054	3.3048594888904788	4.9434359539492405	4.189463187596625	4.493118524184386	4.0621961093450425	4.104029437863965	1.7718208586615098	2.022580958856418	1.2635866364300536	5.286728680906785	3.257653273967187	2.955013909306931	5.814157870364111	3.6873113747136688	3.4547899496879104	3.5716766102721538	2.759366899025852	7.15342832911794	3.4652124969702562	5.123395320052881	0.9006660676670712	4.66970039302249	1.618984746100847	4.564414986158621	3.740468805830101	4.998655169415796	4.170164157326749	2.7262275611336486	1.4640216020125587	2.053868661150684	5.178023682280106	4.2984529603505	2.7513384869629576	1.5992041804014168	4.492842691996485	1.4351284122184857	2.2841048757191498	4.303613439163844	0.8056813779521352	2.097983897044087	4.70983805825478	2.9147678209263486	5.590546540676066	3.9590841581274283	1.8889624799104006	3.220281893642303	3.3027269208885475	2.897885134580533	3.839717193551241	3.1434894632284696	1.887342369256296	3.860511042702443	3.4911727234991226	4.012028784291973	4.805877523948158	3.9643834994978207	2.280004741233258	4.528775090079414	5.7666369284538685	0.15177479875173105	3.7889188529733717	3.4292654254158625	3.833367641016606	5.4032128744802375	2.874190418531195	0.7945745589714921	4.839561481716064	1.9162012680295781	0.6106186237197537	2.6545735917781768	5.364092549649122	6.138455916044084	2.7220758649169534	2.142889291544223	1.9852323709060231	5.126038202466764	-0.11952003810235556	2.7300740692401497	3.357092723604622	4.588672441647354	2.09676931951842	0.07654618491413068	4.4573636617933845	4.424752205749973	3.5943749139092027	2.4804692352133833
MB056	0.06680363797459776	3.2186441137925765	1.5369354296218978	0.8886208484992064	0.3550424194436381	0.3009132089633031	2.308229685377257	2.8222376026221303	0.8392521093724898	1.1996359102300511	3.4751386999745426	4.792815872999871	3.3217760558353673	0.2420239285195187	3.498705320422636	3.2746338109837483	3.4509707712731457	1.1007217871396104	1.3445869346039911	0.7778806344882545	3.4042509112421158	6.810648998804896	2.7040823633164743	3.248173856230351	1.3543449481447265	0.6157149036606926	3.344488072982001	3.553760481777304	3.257625585791641	0.8538762190865397	3.58925291109363	1.3485890300797356	2.0193738816034594	3.8313492581523816	3.1203365897317203	3.4762120813615427	4.013642737878545	3.8418686648058555	2.295140915186118	3.31078693626932	5.032848466414846	2.3808218050218652	0.3069562454520085	1.9258047837877719	0.43425354967085106	1.710876391944156	2.322910687213975	-0.30407708290450763	1.0076045560706444	-0.10246250544120095	4.941002885387606	-0.25012752795848314	1.3471960583004376	3.993452114788324	0.28885028899155607	2.4266870301778587	0.5761832966047837	0.7199093025287473	2.8616674518856327	1.9968916908437766	0.7936261203334922	1.8972965642097845	5.585080557313846	5.336530305471492	0.4693154200839169	3.5757921303059677	2.3465787756351677	0.4001639275104898	1.503091544075052	0.058781542001727694	4.16619600623304	1.1955130407512753	0.2878979439298961	2.1792805572688048	3.0570911215725385	1.5059627162019797	1.0336542363475516	0.0811920942287383	2.0298880980687573	0.3340884404815885	3.1555358925828276	0.577193863053628	2.246381802447952	5.106558930837868	-0.3173689231550174	1.4439388127372226	1.3520389698930106	0.2889550607473499	1.147311974063813	-0.053817781168513434	1.7247604394078442	3.2304394070695324	3.407998175203441	0.6877456885477082	4.074303862772395	4.407995315964554	4.769579388399267	2.53245700088197	1.2514036835570206	-0.844769406152265	2.0964556064469217	2.9029276212247845	3.0891891698170353	3.722094685686865	1.8205929004010883	0.9003347484291231	3.388911661190037	0.7442401919807935	-0.28406428409868667	0.32497314194165483	2.1188110734704644	0.39947676970990464	3.129654359557172	2.868544258252812	3.2525898748908197	3.482552283695613	2.431631927790492	0.29020804329306493	2.986246814004514	-0.729795397481543	2.487064086050262	-0.34653405338569776	2.98109357788951	0.27827138945439245	2.7382313639263938	-1.1873143104273698	4.021250025658007	1.5542855205130168	-0.8355468103057593	1.0852634636616205	0.6662254990963525	1.2254065588657088	2.1429232187266676	0.15662444684199883	0.6252697910243104	0.13275394450521638	-0.20788667067265187	0.9236210503491922	3.6232069313228035	1.3819124993418601	2.3722109757168184	2.694522186612631	-0.01847051688977963	2.078379318485559	1.7085625565129074	2.635783996600769	3.490262681190563	-0.015290890761754383	2.019115363292576	-0.13463982568369026	3.257870814795342	0.20298518009193955	2.404354881013912	2.9373316377103658	3.9348255911980816
MB057	4.140972960714848	1.4878196395112582	2.1534309992040352	4.238808697462377	2.1875425057071016	5.669875625854793	3.599858538465063	5.322301305597929	3.3317447989102273	7.05592037445548	3.542832685222292	4.175040750245568	0.8833259407259622	3.840332528476912	3.0054247833366423	2.10301935493841	1.2149994863350262	2.920337428662939	4.862982096723876	3.4264936806959767	2.3117429530939004	1.6375371632673223	2.1074724142513963	3.072175459347201	0.9532426807440002	2.615263912439131	3.821127090961183	1.1205873403306708	1.0743528187711586	3.6746584212981057	1.2923952246276702	2.5276796663105356	-0.10602239094165	0.7404557463448738	1.4410528665696782	1.094185067057702	3.752679045849616	4.056096387162633	1.0915042138020246	0.6803753740035843	3.927059293273185	0.10213221186935062	4.122264500321194	6.49487317922373	4.978086649435506	4.540194637467639	2.2156685585695355	1.9753389437498559	3.597898127827464	2.4955042422229647	3.645993276135128	0.8253082488608152	6.525701930129809	2.1690730199739807	3.3096562628124717	4.576070858555817	1.6894332638473024	3.156430135959572	0.20428537700738847	2.2536484233311027	1.5730674656710235	5.5720811581980785	6.011433522966091	2.5915189907664677	2.8917586081204103	0.8028469208373537	1.4636154103343166	0.17720186256815929	1.9747365957690812	3.4858582774861278	4.482159163789131	6.077646583667969	3.509245348781443	1.9938097146308573	3.7719506635673055	0.6123455563749118	2.907251924124166	3.8923137972413135	5.197704006675045	5.634094319139783	0.41962163101842354	5.799705712423862	1.0795706173985327	4.081586642045613	2.409761360877723	4.182711890301057	7.93560882882832	7.198886020791491	5.463833170464884	6.253283336512798	2.358220539325849	0.22973855634451557	0.9484263585497352	3.773188840044292	4.538737151682529	2.4358187800335775	5.052434195417018	0.2773550943096055	1.6098097491102514	5.8385363307218565	5.4286743638362545	1.8104680638092034	0.5858401776652071	2.9105686157880974	0.2596725917103102	2.8619777626700307	2.2228839449531943	0.15902340606455034	4.029664181668376	3.9644331036959795	-0.33161502818776967	6.365552293632032	0.931920378667761	-0.3665597824339244	1.1560486962781207	2.111977803101074	-0.2535737463248626	5.0037716849854315	2.8474084596110814	0.028243459253766368	2.122161831096072	0.15593126380242417	1.9324363210961524	3.2649850967088954	1.8046857577956965	2.3431023406164586	4.390719946109079	3.976329630846445	0.06406881982789692	6.802111149429068	4.11439226441557	4.922441990392741	5.525579690459699	1.620362067792005	0.9428017984875812	5.1673488179805265	4.45306449024007	3.512689906777653	2.2030199055808604	2.11942760101038	4.008539671465731	0.5270979039835435	1.0740016097262561	0.8217465703627171	1.7433831860550892	0.7188627699184984	2.311778813462384	0.9925312540323494	1.8196750591888815	5.06879033347272	0.2650852104867276	5.954907016625324	0.9725608977682221	1.5943574369904185	2.9796555311666175
MB058	5.443396149397094	5.293027836048676	5.168950862114144	5.5814840943629305	5.997421071140086	5.58507992439276	4.920776208965815	6.095784493540378	5.480723197765852	6.853136975055492	6.1072837456506175	6.316422602048361	4.972707830582392	6.036682024063865	6.0270370064380785	4.792393359321176	5.442904293360039	6.1930622768484875	7.13155082615868	6.98252420558359	6.2322481776278735	4.552975750145852	5.550226499369941	5.039089727671664	5.7392167768760185	5.812854796114036	6.10895073131927	6.441697963455583	5.699471787588017	6.703690821903952	5.322786124140716	4.29306207199545	4.607385940874227	5.77590471268735	5.529248575535219	5.4198192253675295	5.823123963497285	5.927446452253548	4.542758596741391	5.386963972275119	6.522674987714403	4.490817439155924	6.588908233578172	3.706212086598879	6.130292219914863	6.631898918015685	5.107903745410878	2.024966176505089	3.567173860344468	2.7446046223155216	6.366775171136189	4.287275858786506	6.162345818246073	7.213219958924137	3.1859727429180387	5.808854706189466	3.1322708261254206	6.2469430605669025	4.358752371862765	4.724693268369704	3.4937808445056486	6.459854476388265	3.1073001054085445	6.535456857339882	5.85727326799517	5.111075212202072	5.3787090661661745	5.181606620252829	4.1752868941350965	6.6014860103728275	6.219369002333683	7.035091768451668	5.136536281329591	4.795144615451285	4.934473938855808	3.714350267191536	6.512184461186868	5.309186230260776	7.389132093080334	3.6975176708119886	5.139820532346042	7.023317371642617	5.109598915438943	5.532285771807619	5.178973092631992	3.9641667332573753	8.322816466347689	4.592483798681611	6.868399928913448	2.1984228375212735	5.996010699564683	4.836228366814304	5.730175444677288	7.037860770582797	6.647481148396264	5.881628761019291	6.880137964751269	4.900770923455676	3.331616281538138	5.3633818134135005	7.844158375909693	5.660305529481575	4.707860793620941	6.430034880291363	4.202241802452967	5.764383487231449	5.637111792758178	2.7743524876941894	5.777868860917125	6.002740656088632	4.452561235235793	3.825074928844769	5.072121633426576	4.47718124425623	5.266016220124009	5.13206633109842	3.307341857689897	5.933969471595037	4.848756764434336	4.134282830905388	5.443157487975948	4.3120156180203235	5.2242747995574295	5.125272012036459	5.7060687687587155	3.2020927550590947	5.993762737367351	6.86092750878291	2.102580611809186	4.40951508408272	3.737685711533895	5.390909872983853	6.646785609934096	5.392282454731042	3.0264260644462766	6.424276197888068	5.137125853026539	3.2735116614231936	5.4067011790772534	5.30479265455856	7.820254120267661	4.788657577540417	4.832906695530548	4.263610226360648	8.1891394318815	4.237724142727878	5.531783098580515	4.6020798759745976	6.31402843182282	6.158051285664538	4.1623491802805095	6.6992689135513475	5.5883991466204606	5.947004787309222	5.40759221327553
MB059	0.6993345622277864	3.2622069308354362	-1.1564795748464167	2.73742897161895	-0.2563769702828953	0.1827425924043471	3.569889722329222	-0.2681252331659856	1.0659871200359419	1.034290473182029	0.8314899589531652	0.2815283154056072	-0.4234425050266184	-0.49134134261139195	2.2557693275526107	0.429561474625368	0.24047228601533632	3.2617768889393943	0.7353212792886143	-0.009085115184854331	0.2131010578866963	-0.016172364454575927	2.6403878694054814	0.050122311452743595	2.9171728249604207	2.0265353208584926	0.7680342643647213	2.249449319038839	1.523458168538255	2.2066673089841125	1.481961648937152	2.4924440334463585	2.925478026487621	2.218066607982273	0.3659506248344	2.9657924672895675	4.207335861376857	1.7697492703627296	-0.35861415211804726	4.0886382462482	0.29329214533945347	3.0264573452264907	0.5930956900061606	0.673309846850632	-0.927492632212239	0.5617462058296434	2.3086265532695265	-1.2646538392302453	0.15412104256849446	0.5287329096108433	0.9962714533725041	0.09623082158476315	1.244022626848853	1.5904255098331541	-0.40249427001352167	-0.3082533613876297	-0.6385303889087357	-0.06483232721306997	0.39120962978067464	2.1216331096637546	-0.9051833980155024	1.1746734547143909	0.1055426494115217	0.308935222656781	1.1400211890858074	0.11886255503999532	0.8575459099512575	0.029681196266010623	0.01228970488069514	-0.6394015684660399	0.9761296643829533	1.525914298094687	0.07217933981375779	2.354134436626075	3.445932483465058	0.2374941797727228	-0.27831756743612956	-0.7845481855835494	1.5913426472394692	0.0888042015510564	1.0400504167264062	0.3337534963779305	2.26256543420953	-0.9472612681672601	0.03120130516310482	0.9083222830974584	0.5202690270941961	1.3998533000304612	0.3459160649907407	1.2954974985652061	0.8798561794317417	1.5597978022435752	1.6046775176215098	-0.007318608761222478	0.5831662039666572	0.4313443881757255	0.4353497692392816	1.6924445832725636	0.1783714931934739	-0.7329903348589983	2.5398890511213894	1.4027035777379266	-0.15009214798967552	0.23450934322450934	1.595613439770517	0.43540572273376643	0.9306772995910002	-0.47809743944387506	-0.18756815847767605	0.5186179170318432	2.1512346731515626	1.1240727047306471	0.07577234848664283	0.9135388770641635	0.7846536242134121	1.3477212009809358	0.709406515746184	0.10599190805652547	0.037665271639689024	3.300378306003374	1.7051538715312713	2.370019489551945	4.1670350159720835	0.8363033841179881	0.3303147597902001	-1.0934147607458211	-0.19649845065422866	1.0543504586128725	-0.9814825586434157	2.8701391241074186	0.8837780934357582	0.8048878234618719	0.5471501025874925	-0.9417081287711877	-2.1603461371358605	1.0785425660981467	-0.8043115274804773	0.598066820690315	-0.11853782696406157	2.3032813960161604	3.069264225878987	0.9196694015647573	-1.0912725072214275	-0.3506970881517155	0.4012894455795202	0.40920384859954684	0.13413493127867326	0.32365302193102075	3.701039433730542	-0.2831289647823034	-0.11915240557768314	0.9535994792031586	0.28384083815651806	3.020204405821034	-0.22957360002140703
MB060	-0.9007693661215548	-0.23995273711664922	-1.7195498665183937	0.7587453469954468	-1.5040287489826873	-0.8786080717718772	0.6275674126072257	-1.0145852400324333	0.9540245950930366	0.36394700150887616	0.04423122974909255	-0.7360748308114662	-0.738805523332501	-0.9001797210757996	0.4553007319374496	-1.1429569857186728	-0.41594515934063647	-0.004465518348498065	0.745536113890676	-0.10604712334477462	-0.7230622738764128	-0.7385344887298206	-0.14357797241535408	-0.4191208732612095	2.4470270473080307	-0.16137031559818737	0.04586201663204115	-0.38313372955099645	0.05399717680250671	1.3949529846049433	-1.1030143304502484	-0.07877055423225876	-0.8324022150610046	-0.9069222527746259	-0.11192805260610061	-0.2733543579402742	-0.08077813042250082	3.6565209398085505	4.308780595817804	0.555924594731902	-0.1859611983386582	2.264160214750383	-0.301538018199901	-0.36551821924848404	-1.8764515227267111	0.13196048444031128	0.4611136451145583	-0.5576620895587983	-0.7684885539766615	-1.7201694296652192	0.4966857658327726	-1.4322430997021112	0.1465751513356146	1.1982316104938926	-1.5210293914537605	-0.820225807653685	-1.534263754734683	-1.2538058453351635	-1.0599804384834526	-0.7582607452622865	-0.025409713548746993	0.8377396643392618	-0.7078407359105601	-0.9050492480438699	0.49587827299902987	1.1671399252965724	-1.2971257570108419	-0.9187482578878532	-1.998649093982074	-1.0300525405155234	-0.812124712651082	-0.24818277304580683	0.131116786191658	-0.04084343982073335	-0.5409298206665945	-5.328497315715111	-1.4889862907704128	-1.5606181321861747	-0.4260372856129475	-0.5992479276163625	-1.0929604088898417	-0.8628456495314438	3.0810051187617233	-2.1363822257719125	3.672039837846394	0.12885352600056876	-0.6865088155471106	0.1779595604649984	-0.5808095751163709	-0.8270064876273331	1.1545166571641161	-0.7056114665190725	2.63936262945949	-0.7621202287584161	0.2992076051052823	-0.6924871570249103	-1.286914637964669	-1.6992655783568145	0.24324481074955528	-2.1379207409569414	0.1806885334296382	1.7716604992934286	-0.499525954346284	-0.33999618736735826	-0.6836334070695402	-0.5250052556781917	0.0021492506722289306	-1.4325105770877684	-1.7195158916371884	0.44092511224955366	1.886978078087206	-0.5158452804890619	-0.17796731394294696	2.313078539356334	-0.539779003396256	-0.11991733088127887	-1.3686840281186932	-0.3909178818684236	-0.1541185450122109	1.9112273562591744	-0.45698797658115886	-1.007141562136951	-0.17811984851019602	0.6537350181143644	0.6122616823257623	-1.550399442878394	-0.6536807945978786	0.7778682621266189	-1.5005977669796096	0.6740238803568595	-0.03118346280150419	0.14948645259468663	-0.48038737058102754	-1.762493554177004	-2.511979783293249	0.49658324651763586	-1.6250181181923296	-0.19625017277371093	-0.3649874224203291	0.12124667088922436	0.25468947501639505	-0.991443240928076	-1.9025166559604987	-1.739853684098133	0.2292218035456859	-1.1693679291830739	-0.12278709610698968	-0.1329267442545854	1.202087208015838	-1.5886938196608789	0.3161781691641874	-0.09985825253580494	-0.532613931524871	-0.17562578382091587	-0.741824968784158
MB061	4.6890774361848395	-0.9042360083552516	2.115000880416706	2.3926161518873457	-0.5802877263310755	5.0073249599051115	2.4295346000238283	3.8092519714970354	0.6499372208876846	1.5494982341350632	2.5233356989031206	0.3750541775349152	0.40441370472798344	1.0063367969304426	2.5602262682028405	0.2297200568945552	0.20091417112101428	0.37274540231689635	0.577566643007879	3.300957030672043	3.230769079148737	4.235128030314617	-0.8394882370062362	3.1440562976497013	-0.5932984554122696	0.2980729161152009	1.4365963007220852	1.7458698357074827	0.18404488442395728	3.175459691768796	-0.5320133620306517	0.7260304385937824	0.6472908549015237	1.047111369735278	-0.9091636324669841	1.3659406488019732	1.1541237030981284	0.1923639189889954	0.00854814455881403	1.7469103050359633	0.5259214983365954	0.3874332542537262	1.3833836568091824	1.3202903320867563	-0.07317424534188532	5.880349291766291	-0.12181017807287109	-1.041644411202311	0.924363370778746	-0.10463735376040795	0.22425400915113336	-1.1507499055235364	3.921344236099589	1.7048342194660773	0.35095463995884124	3.241693744786776	-0.287820229713887	0.38014497842288897	0.15901895364817165	1.029282892787827	0.6952732760138325	0.8151327944974893	0.3364821235402804	4.19304707801655	2.983276946826882	0.5481805877010606	-0.6923183507335571	0.7030397850913781	0.9863386799709124	3.713454552921065	2.568021088803576	3.3357850399230617	4.144873381564268	-0.38657600342641096	-0.31577088753118865	-0.2564862925167688	4.349386170722547	1.1756061825816442	4.291992691741232	0.0888042015510564	-0.9335741924787948	0.6088704411307946	1.6767812811277496	3.9649369878863023	2.5863976730205813	1.5321154453636705	0.9192691784295413	0.29851808140489133	1.1249868010590784	-0.8270064876273331	0.009384290995748223	0.7090949613502282	1.0522489772027246	1.1894392412227228	0.9833987021770678	-0.8542722857764371	1.2280676012329508	-0.49820270322750737	-0.006321637124138135	3.8555212159438454	4.1186081921727995	0.345763410526823	1.6134259050302688	-0.291908111127551	-0.0990273373855084	0.4820747094536788	1.452133817606959	-0.4189562480545366	0.3106012087613088	3.1003103543092	0.3373410937998491	1.105761182290804	-0.6507385313160352	-0.32058553458016625	-0.6786260642408104	1.7063133797625678	-1.2383459204117813	3.3067960859377994	1.2373740317239994	1.8763651951184253	0.18104870084094316	0.4383479507609538	-0.2348728055958631	0.16933934764111314	3.353161022661528	-2.009298145149357	0.43633269034646815	1.3218078533312498	-1.043286765405421	6.498160232283384	1.240733764509935	1.8480664728161136	2.7440242472961236	3.8876305707383683	-1.3492839180304852	4.193204019363932	2.483758677718372	1.2257746054737328	-0.43066567597277405	-0.5671184294829175	1.2344358620993976	2.137386574746807	0.1689305269829564	1.4233271182410894	0.2860346424055624	2.2384549432771355	3.2078858961886434	0.01741363024233955	-0.05151020981891996	4.325757994806785	-1.795945432637021	4.120681058933302	-0.8035470858610108	0.3135125159518264	-0.15511191867863872
MB062	0.37217253163303177	-0.34157201936791814	-1.2265036934102547	0.42808431809752534	0.12406302442997319	-0.16606766512863125	2.7461777041254756	-0.20739324348149424	-0.09821559755229359	1.0878855351654524	0.31456358684276076	-0.014899383602273275	0.1206451915732405	-0.6088052581188208	0.2944928973605778	-0.644145607838535	0.18824243471617041	0.8609916988661306	0.6370940432802712	0.08172856986651666	-0.08747771537915217	-0.22509164855633124	0.9602120738099211	0.03427124524631342	-0.06359925857720405	0.6311702421674559	-0.08542788334926499	0.23555588682201556	0.21363667183288015	0.2709374951549881	-0.35003249667451364	1.1817607781866846	1.9077261576978	-0.4588520248665269	-0.36982268566284393	0.4838698595169477	0.3237119938080717	0.8680052328274135	0.3303410536792635	0.10705402810887765	0.1834093709310478	0.03841758671021189	1.2203702940246028	0.8221288752472393	-0.5799385870268967	0.33241217632527587	1.8658996592930421	0.4562856088487113	1.3544207425116976	-0.5531420585484099	0.29468774189824565	-1.248043729493789	1.284726797050074	0.6732101717399752	-0.06560859926954343	-0.18667984199609222	-1.4793403812911645	-0.7137573394351087	-0.6070110780897133	-0.661221425033836	0.12033823067862848	0.6484503602618439	0.18205974501932332	0.18549684782358078	0.11565916411452903	0.6116190995003503	-0.4590055983806236	-0.6893770741098306	-1.337466444549543	0.007823163221443608	-0.24038370146632815	1.332121024487928	-0.8007183898278676	0.2561332383279735	-0.01826641039757604	-5.328497315715111	-0.003166007671056903	-0.3951406966473954	0.8543896482761433	-0.8271398925116262	-0.6352073676099801	0.5765112919110393	0.2435778767273682	-0.384537442188563	-0.7420341838703397	-0.28901204934078883	1.449048964140486	0.9603910946980605	-0.027153961421399586	-0.6619825296475312	-0.31708794629383874	-0.5896485722252764	-0.48056532259442	0.29087164314250735	0.16309542625758944	0.32602832104268753	-0.07130070416226353	-0.56120935623031	-1.0058675756689706	-0.6714673680799415	2.2666426258322163	1.1511804928622347	-0.1090269908787116	0.4966364702065338	-1.0616686154906025	0.0075314215336863555	1.0425058356320491	-0.9573943542482617	0.30475162055057936	0.08652903100563769	0.2137324164614185	0.6761561864023573	0.7907006738450519	2.9236810146880563	0.09648541390846521	0.20636805395512425	-1.0443618701511284	0.26414259525728134	-0.5911037216067863	2.109143497621309	0.5391986823938435	-0.8469630749862525	0.03759556755198368	-0.2627093276381487	0.44724923300928054	3.4814814815289115	0.1572615600908982	1.7842221878762645	-0.2002864361699377	1.7527515095090855	0.7383255466023471	1.844823582880477	-0.10768759845799991	-0.6115740373918346	-1.8908138998386264	-0.03836091264123631	-0.3797775502720402	0.9890092400052133	-0.5672783254671945	0.7070532297280465	0.7456463503373261	-0.7934092790144973	-1.3247357301737352	-1.2563476203872277	0.22971708502362986	-1.4339580131276	-0.04482795076291701	-0.1962045705737543	1.6532679123426641	-0.24827940580558483	-0.6585156393757039	0.21637199389086703	0.07255753815213062	0.2501506049125162	-0.3706424588908721
MB063	0.7425160665665826	1.3470270820189203	-0.49196742298348717	0.7995479010060196	0.20709273975214426	0.6642179240440917	0.6186133174279931	0.37519140081231406	0.3443732104008772	1.2149606957491503	2.8239870900657174	0.9352341895280576	1.7619108999379165	0.17793819268323752	1.4492867569454946	0.3030984786108233	1.6263982455798818	1.5470511571758054	0.8339122041663387	0.5572275597571927	0.9126775859813892	1.0224961508881254	2.5122320845108854	0.24349262569306696	0.8331124154320655	1.352420085985501	2.039542568425987	2.000560239496423	2.6082114551773046	0.5647965493721765	0.6776183989052953	0.6838044596010695	1.101978023538643	0.9208986985295589	1.0966296578373447	1.4485462576577444	1.4978709186528425	2.9568278683896185	0.7636030791416069	1.124680162579149	0.8736547817935287	1.0192890530332699	1.1105870698824631	1.1275979451130507	1.5656833371407162	0.700864929325979	0.8201740167076013	0.4914168251779678	-0.21470119153529765	-0.9345180527734733	0.5865969766625323	1.279334957895748	1.3846669416460626	1.0060768417351937	-0.0016064966160076466	0.44898571489363714	-0.8175756812386279	0.46539566270396904	0.018085503444228657	1.095228466543209	-1.3430037951638756	1.1018654742894771	0.2603529104515694	0.4317685475609041	1.4208533954928235	0.6856558629269438	1.4118290248731524	0.7271834497050094	0.08707585206985691	0.2376173239061279	0.7505872422930713	2.2007410772235394	-0.4232377992002849	1.368697818573958	1.803177061058026	-0.7514287371822181	0.5094028273558244	-0.14607733327025763	0.9658463437118501	-0.278276180794915	1.054896828047731	0.9218113802485837	0.9504407477044987	0.5905180706369624	-0.37479496335919826	0.1918409063642006	1.2580676706990932	2.190966225321728	1.5228675241497873	-0.05185738260292716	0.24273253103769665	0.4675649882843933	0.1990385729069999	0.414052759681522	0.8385067496939627	0.22365087861845723	0.8904396739017448	0.15733401876345976	-1.2899712814765767	0.2605727634166417	1.332502620059282	3.5888051694201843	1.824550594353422	0.972309744197549	1.1519156613221568	0.7414231687946398	0.4464086361908626	-0.35298710151242574	0.3352057097374228	0.21473032593415375	2.3097791620854684	0.6132266779328095	1.6224823099131642	1.6289143523828091	2.3710110122528176	2.1018851139713126	0.8005175198715833	0.41796985053674796	1.4403347094744205	2.603654838276179	2.5370359531092914	1.4668827293283417	1.9664367271810574	0.19415608338022494	0.15362482703518587	0.17114890087103518	0.6889793666257171	1.7525095017851253	-1.255567216259065	2.0963466550429954	0.41463749628388236	1.3844605832822783	0.9119421427033343	-0.05444815477699905	-1.097437011985491	0.5480073629255093	-0.39548180662471033	0.6128998739160441	2.2472951948742868	0.3879784154146213	1.4875354346311145	-0.20036517859065484	-0.11365251558491707	-0.5122174262659307	2.2231252749888837	-0.03411465769780442	0.4232095976367649	0.8600613223523732	3.4027984248793732	0.46132530468559274	1.3874776899183239	0.40433708552182956	0.7228848350262425	2.8770431310961664	0.14586740348578786
MB064	0.3955368325092117	-0.08830087743012527	0.013006994384859638	0.22101937969551244	0.11391135900214877	0.8937403982159431	-0.06633934181534507	2.275371724852633	0.35315312255993003	1.2898973787304557	0.5523529943716285	1.2251768191608905	0.3266755732610962	0.3249656885789305	1.221254114469339	1.4740786119115752	2.8279461744694023	0.6701926248147174	1.0696217762429088	0.6486774514647484	0.4045839897899519	0.5712724114754053	1.578865188199332	1.193379978976398	1.1238371955299176	-0.051842449152006864	3.2224941796465494	1.1057419998705367	1.6802388454882822	2.6534388624536565	1.5314900546286596	0.07635231562364364	2.6150971415027744	2.093249337313007	1.178334829893691	1.076229801219612	1.2369224667727732	1.9417689085870382	1.812031639995893	2.200930178300074	0.6127431996181194	1.4013512737114322	1.3876020116004915	1.306187632465111	2.2080359572241175	1.7664678701084284	1.36108956732944	-2.162269024256304	-0.1621806195192761	-1.3012950224682722	0.81863091731989	-0.25242711336879076	1.0487391888441602	3.2831123308283576	-0.7442721775488526	2.0307710840009694	-1.5033791549938176	0.49420367107127117	0.6274899245285885	0.4269637169623035	-1.6391918372592027	1.9386314163831129	-0.25833455733591393	2.4989194563729766	1.5397220427105056	1.492474686711053	0.9905780385125142	1.9703436107880687	-0.9744307198496216	0.879426696243268	1.1311631426026771	2.446551899719158	0.048022824023719934	-0.33681540611557814	0.580781095070515	-0.811410752900187	0.9542223704472672	-1.0257261443361365	2.29435646144187	-0.6592374894218089	0.6514670093110704	0.27212461258142184	0.9005741491331465	0.7139089553506865	-0.4896917256095712	-0.09725146932565032	1.1763611209625946	0.5427499173028529	0.9401511863904943	-0.9195990615342851	0.2134102164031857	1.2849508820969833	1.6018260748437259	1.0893266807501334	1.1556435188778877	0.6269966862694298	1.9797032924354676	1.1306456233538915	-1.5452579645912081	-0.10322450083268286	1.3823431604347984	0.8339561984939738	1.0151474255182134	0.15262082462315973	0.3429654475664812	-0.214382151004461	1.5496828241262515	-1.1500784054439173	0.4311114179551776	0.2677605373026086	0.9789929700427917	-0.49898239109797515	1.8025472794745703	1.5402571812000163	1.4309840781889438	1.5816429412983029	0.6328669300079302	0.40480933952624554	1.6006896860986437	-0.6363015517972661	1.5692342839529863	1.4270893430463385	0.3091916089278479	1.6034143626995476	0.07888315287189585	0.6699133484738775	0.6656094020888101	0.6880553000863081	-1.2470809979078865	1.7236036899727516	0.09968903424471165	1.0225090907661265	1.4616397990938212	-0.19081263109742785	-1.6787205038853266	0.28113446304917566	0.09444029795256981	0.29081115221444875	0.5106703944022737	1.1557039125522568	1.5701338214469311	1.3005699311201457	-0.3788139561914381	0.7071256539341393	1.138386895037229	1.494283033193427	0.33317100875418504	0.001195061994076596	1.4579345896631004	1.2877539286453459	0.9169362929493303	0.47968315507434056	1.4341043755949432	1.3920802006418933	-0.1050626835782662
MB065	1.8945898013354183	-1.1111801907923482	0.23358214594800586	1.1559275609945745	2.976456334189413	-0.9891955525858229	0.6372663374111731	0.8821092795745722	0.7082539115752144	4.676348601531744	-2.0787183501316076	0.2196275093236011	-1.5868509063256573	1.7842926662244771	-0.15839026695592118	-0.39815877348563156	-1.46472498606298	2.0000820505774835	-0.2107474299039005	1.4171909735175614	0.5827711122990165	-1.6812701428591925	-2.1130218449717617	-1.8796987155606937	-1.2648478800391763	1.4529095834487684	0.5819539687977118	1.6018404114352336	-1.939202996697948	0.8567576667812116	-0.6939391549012708	2.474216138735538	-2.631440189508022	-2.2140079965180117	-0.9951413025667266	-1.9141009327950282	-0.8780850955160551	-0.07789250238315581	-1.2892437270958377	-1.4089549454117858	3.0090126451206967	-2.6088807537547565	3.280051616839761	4.6288166551067125	-0.4823255483606168	4.67281142754776	-2.4356842463321557	-1.0302867150463602	-0.22788358639583706	-1.0480650147442638	-0.43036645981921673	-1.2397703916936287	3.7461144110559967	-0.15009429844561595	-0.7301589482100468	-0.5794931638971939	-0.4801461575292443	2.7208261587423115	-0.9172385504371681	1.7145560498029448	-0.07912859530613048	-0.9416299665653192	5.165057752625563	1.087583842831651	1.9795246060231886	-0.6305494685813873	-1.553861782603538	-1.7153542492856024	0.5422606827944909	3.8529758612085843	2.040615580239094	3.3928050147792463	0.004763106784714921	-0.22993910223853398	-0.6947613989437382	-0.6412863203120409	1.5508575224587648	-0.2986033358481137	4.077318015123817	2.8455055117160466	-1.7111864822683396	4.759918496634543	-0.45505721368978147	0.4212224877453874	2.176654913310294	0.781790903273933	0.20079676791602097	0.6307111984892071	-0.5538379838806335	-1.0955969053761478	-0.10525641831823584	-1.693377911312134	-1.0963054236650622	5.410524413962064	3.492278799749604	0.5020861263813847	3.595936206564037	-1.467377952454508	-0.27296895907259966	3.146565093989172	2.416493444928445	0.30084564491726695	-2.3028103862376312	0.8773640726960199	-1.8065211817654374	-2.4205308370457654	1.0720842901790757	-1.3517970352806543	-1.060117408174424	-0.08323303129097148	-2.279889719902809	-0.8131922962336535	-2.0583455290063863	-2.8702933483145845	-1.900485927925291	-2.523732906170755	-1.6595746957484447	1.8311696648567164	-0.699357094969689	0.005405213006179466	-2.0615418949307145	-2.517738944074514	-2.3594995949381	-0.3061883100901497	0.9873422465425161	-0.8524436476321782	0.7872047745896138	-0.8055814706185505	-1.0891214505981512	1.0604428710289895	0.19647124405049432	1.7280816359940996	-0.6642471810971351	2.306608190381618	-2.475992746227739	3.0444394989567423	3.147361816785069	-1.6851052838313603	-2.079462439580359	1.2814402607288518	3.9871156074753005	-1.1671335109602836	0.1157258048295482	1.111616078308578	-1.143461821908188	-2.199623100202868	2.6596168535711433	0.12029125409948449	-1.2704982262840083	-0.8626816546124942	-1.1367981744661737	4.467356035092679	-1.7450300134942474	-2.4294488059714094	-0.1807832463583079
MB066	3.038754929429139	1.725075879186483	1.9909881560081306	3.9823887825927304	3.6324002459606914	5.814485445400787	0.24021781895802086	2.146339494705022	3.44171140462616	1.3224232361001897	0.12483454524030613	-0.19306921429855528	1.02305875753716	2.580557946254257	0.2909373344786328	0.6408424055552144	3.088981211245934	0.3493876334092665	-0.0634808778829612	2.182316904941305	2.0783007865689855	-0.4276052776883503	1.4716763078097834	0.3303376160689808	1.2510810296064383	2.3179745151892064	1.6912925146657498	0.32780549463090836	2.1165650453025986	3.1336152715265078	0.39109581212857414	4.147423261269953	1.5570925248678558	0.0482303855808901	2.4438700823018333	0.2261214933994795	1.3969642049683184	3.654225128594539	1.4540568519265564	2.1560731246726803	0.32175556423981266	1.5267561188299954	3.8948218851875973	5.394265303888783	2.140660133822653	0.731773511195513	-0.24832759523171966	0.06041173438308789	-0.09163535549776114	-0.5949159754972211	2.2119504892010564	0.3808373182757503	4.468442979633116	2.410847411042864	5.437315025272731	2.518908876273202	0.2553717692764881	2.488259391864747	0.39990800546708627	0.20005135202587354	0.4815925913803394	2.477456377820215	2.081991512661209	2.4295173656959914	2.342648794960466	0.41607917052290766	0.7273384842608968	-0.6060669189067349	0.6488826664741465	2.263802516174577	4.78101223592863	2.4929131220390968	2.2624516944483295	1.4443997974024505	2.8426272105792894	-0.4518345150769463	4.379629682345092	1.250727719518534	1.5390543226272042	2.6273083975866776	1.0740855272952095	2.55115775289174	0.9647694052839988	1.4981297521618373	3.7044172551463443	0.23310705028193368	0.7387722006326225	6.3301951489561095	4.245831404113773	0.035839142755527575	-0.514766935631318	1.3049166104937955	-0.4327322471328623	0.24229542809621307	0.6084673814554975	1.3408988552048182	1.6116040998933663	-0.5427859082987831	0.6463282824556362	2.845254240605132	3.361176225049605	3.771218672071143	-0.156115004618945	2.3260212200234793	0.34295311250915095	2.669825805376763	2.6222972366039956	0.20909591583395937	0.21798165275587955	3.7574315447724853	0.8433621481886311	-0.24473475859153382	0.5396217148501306	-0.4174941170767248	2.268730379407379	3.1396503788982706	0.15375971121353782	4.535043823198696	1.7349291861526517	-0.501170180348784	1.9171872209666851	0.8824808041673666	2.5470317006403285	3.0635619055557077	2.6375201223598586	-1.020706427829765	2.14551535396422	4.214163218601429	-0.9278719987294544	5.7541278965793765	0.8107573716008414	3.8378615734575536	0.03759073722328132	3.610073125055771	1.2600579375706644	2.1242325234042516	2.649804350902583	0.3767509501882529	2.8849480946904116	1.3787990468347608	1.2032422313646443	1.3325088442890527	2.3232650747509265	0.705478450551583	2.655290489048692	-0.8197939733324295	3.925418121213168	1.3082724351741248	3.08674030577649	2.624229017036849	-0.7014096153581146	1.6588857502707928	3.108396820287582	3.258073511883352	3.0144147907419434
MB067	-1.040302776324042	3.940781047553953	-1.375092875327793	0.4883269880042196	-0.9497477014302902	-1.0044697294246507	3.4442940331916843	-0.5819519949599474	-0.3164834402702166	0.17852381249532812	0.346759659899452	-0.12750059705645356	-0.7984348255206948	-0.4938054429976546	1.7550702807005116	3.1321169750655136	0.06305382201900045	0.048644042209506466	0.8674245472206144	0.13155153199109648	-0.362539799099598	0.1947825824970124	-0.1406875281110782	-0.35002701773089573	-0.7144553054817253	-0.3413186267812236	-0.1128949498763614	0.09508112681977998	-0.21238882157281314	1.4720964538811598	-1.2097887934089346	0.32210454395305366	3.8783950016586295	-0.475414877887383	-0.36760996418491754	-0.4705259324394575	-0.15481948113108412	0.8775728341927618	-0.19919679724379868	4.810986947605625	0.028529867030981038	3.9820918088413277	0.1815815517804218	-0.7419909436844456	-1.9324679157026399	0.5362234221974651	4.171221452142282	-2.648938506755547	-1.1197496408906389	-1.736734809829688	0.430201344387644	-1.0791328704003984	0.18930781922161444	0.3143827252410176	-1.5313846619307796	-0.8512600989218768	-2.1700804973982883	-0.18929525971783967	-0.31990270219609673	-0.9324343164076394	-1.8383371501919932	0.6042703104108114	-1.6297797050037506	-0.09113449381424132	0.6267435573011495	3.753598455729902	-0.9846977224860849	-0.7880534489927511	-1.4341366943446516	-0.9300798524432157	-0.18845851230591215	0.1491554568261524	-0.7487908419387583	-0.2705749137915259	-0.5486407440672885	0.3403032686474958	-0.8238069056929422	-1.6868725936496638	0.40362258235322557	-0.25737639894081	-0.792698701504956	-0.4894570035155592	3.5513540875972014	-1.1066597592441347	-0.7451421081234582	-0.2270044779649325	-0.682266110617844	-0.8063904202962178	-0.0918549287546675	-0.7168109707831825	-0.6505980806602008	-0.4958241267132957	-0.5131672521848065	-0.6453057496964973	0.1554602593627319	-0.20407738766697392	-0.6034135330902437	-1.5636774526290464	-1.9236930910852674	-1.7294519698832342	0.5825468645726595	0.6474720736437973	-0.8591892241459451	-0.010836341643162939	-1.1386286561110746	-0.5706941054098724	-0.8516028450330513	-0.20926725325469242	-1.0496447585219144	-0.1443140410527306	4.359070674553665	-1.3251140569323052	-0.3368721637568832	2.995769673942884	-0.4401051318692195	2.8556310355248513	3.1899047499655495	-0.6243461128147967	-0.7309990115786418	2.8465785694326105	-0.6305212147888248	4.085968513497958	-0.08010368229335185	-0.09824811367625053	-0.1628462974765572	-1.3507697577809719	0.034696716894034196	1.5100033210719443	-1.0554216732184898	0.33334304265887127	-0.12569343453871085	-0.36316197278912554	-0.27909440896341486	-0.977062565935789	-2.3593524018307246	0.07706416238944769	-1.2980213850701574	0.21808159303251884	0.3209953320215817	-0.17677112169791265	0.9167062334991076	-0.40502354815156494	-1.2300935422695787	1.4459415320397708	0.36519293518975715	-1.3280018120980577	-0.6281368602062596	3.4780178009758265	1.3907811617255463	-0.7112017111184343	-0.7355471086532983	-0.34076246152250356	-0.03666166015396577	-0.025168937236776046	-0.802289806645339
MB068	-1.3686829335180555	0.78789820312742	-1.4838059820525515	0.48655914300571546	-0.6701884599546215	-0.641525157770765	1.0942101975350642	3.114781893500896	-0.2984170703200437	-0.33743870214644467	-0.15214719313046388	0.3486786118789933	1.7090641979453238	-0.05492632082956739	1.9926990245779583	1.941435501806943	1.9221993089358378	0.37850058141266807	0.1912963132165597	2.647333949933344	-0.12102067012828766	0.0951013675471728	2.056163829240405	1.3594723897584604	1.7039368806365287	2.3729334776560416	-0.40070736775887816	2.169962312014378	1.1569370733004254	0.3588877014013381	1.4527016328941613	-0.48764578987651674	1.3790738641514846	2.3446278983002866	1.6185753441167847	1.2328446838973353	0.18671446578069695	2.446732898297757	1.1958000248255143	1.9270840157851419	0.23363066664475962	1.5050641263129743	-0.22302556915976623	1.2409172789149698	-1.425121427522381	-0.13228695354667863	1.6603100188818152	-2.0311355548226633	0.7449532666851262	-0.11558311572783708	0.5386734855938577	1.2239867305334284	-0.7378162943647695	3.390640138435776	0.1746586105400123	0.9589688774814631	-1.0628633766759634	-0.5819277040756177	1.975645078814237	1.6275146436801942	-1.6896919121314173	-0.055791111894469836	-0.09750458983766919	-0.33713713573917303	-0.010934870930443097	2.2795031307010447	-0.8714276962790999	2.7477894655518247	-1.2493230872291647	-0.5055898780730885	-0.243301291135138	0.5963566886165044	-0.10851263849285608	-0.5178209785132264	0.8211948952920567	0.07310087319031489	-0.31660943337249847	-1.794651757817043	0.8735596653589548	-0.6592374894218089	1.9162754073208976	0.80039898558368	1.0710789762950785	2.1661280193493573	-1.4820052762140001	-0.43070555697879875	0.6148621472397622	1.2233805585753563	0.017312631518553445	-0.40914760424720953	0.1232017765908866	1.9445573662857152	-0.2837790614833846	0.15711040554926115	0.8529798988153443	3.28678045367627	0.6826154489535003	1.137622331849034	-2.076305806479544	-2.025345764855558	0.3196821704722286	2.6005262555351063	1.1096114184816823	0.6623568602228218	-0.09991050496152631	-0.6150488440886477	-0.4982157145475874	-0.6846086837550409	-0.8946643121508018	0.010314825140703476	1.5262789637015457	-0.9108158588146118	1.8202563723281804	1.7748888842791617	1.8733071329464028	2.0810431986473263	1.284617698333447	-0.21189027109720726	1.5470104185730644	0.5630297938871331	0.8272507214908096	-0.9476787824953821	1.6966642016598907	-0.6734377209664064	2.2059412381905874	-1.6651414472208774	0.3120452125132207	0.44587667437005685	-1.4843967534673297	0.3872715826575792	-0.9185152703982151	1.768780775740825	1.3553615851017264	-0.9280928583401042	-1.0797828666048783	-0.36683625536592857	-0.759533723695224	-1.0891185257887699	1.7864006368029184	0.2103695037826565	0.8442837623906527	1.3503271469737044	1.533916629490319	-1.2270590758536457	1.7950984152982494	0.5715603367215634	-0.013191786132493277	-0.530269838804414	2.3921299609243327	-0.6697521287183399	0.8792943146159002	-0.2424796078548752	1.5503128315779504	2.279823910103082	-0.4788677960387133
MB069	3.133103815972028	3.1223770970655957	1.538367550895284	3.1867996185277896	1.2692187839333	0.21670454061655775	0.5600897421671309	2.524172904131561	0.09501073283888317	1.618557618474842	3.9812926169105047	0.9094077766055282	2.6453071582399943	3.2944960755854638	3.017600863215473	1.2173795647353298	3.782454953915165	1.4389938371467794	3.800509942666065	1.5013571815405147	3.0852525936443858	1.9497013274025399	2.8229072772801302	1.0612793703664734	1.798189830903719	1.772712184650346	1.3821037668853497	0.5985685074128364	2.0402666744596383	1.8376136170326287	1.4644799283446934	3.997565600131173	1.9318823960056148	1.3222487961393599	1.6404924712402567	1.7887088959690862	2.267248378068645	3.3656538165356116	1.4765740958751667	1.9120280777514385	1.9931788658404317	1.4415507306311035	4.86930581966826	1.028682770846176	0.17807425050356684	0.94823019469899	0.28410254187577433	-0.43835253364892424	-0.1592611596587581	-0.7713520826706208	4.732627174965809	1.5427264988539955	0.9026127819867904	1.7986063802266	-0.10607314125865841	2.2131772134535144	0.27816109885672624	3.0461526643087993	0.22683874644049062	-0.08845622054423519	0.047081564813074905	2.2591736091629304	3.753238845412186	3.358084941120463	2.86261108297652	0.7202942925435352	0.46847544196345137	0.8986387096235253	0.8564766016223739	1.986715189553907	2.6175647427497992	1.1798341182928391	2.7200103060436778	3.3157619413914965	3.0460423060174477	-0.2926217488770462	0.727346955223485	1.7476555164540573	1.4204554278499995	4.747448004703029	0.8344539297672471	1.3028825321008854	1.2783171940776867	1.717719638767404	2.2803506599978105	0.4462871909940702	1.348711547137043	4.286927837569355	0.02370578433603754	0.48150857078487697	0.2374571232569922	0.43300308984332236	0.32114620355154333	2.826264511578233	1.744568979320528	4.3609273063971035	0.03941710303859658	-0.04754382287200176	0.3305057277246082	3.705370241489846	1.4553433583876174	2.6193480373757927	2.516829764329488	3.8652078059714166	1.0478465576809075	2.2158755746620473	3.2518626163977844	0.3582770206843833	0.19533224388266035	3.3568233069708233	1.6583649790743413	2.5575100192868376	1.9231999997850053	1.7246494803425687	3.4774761371875025	3.4386951072269154	0.6927827182768569	2.667660563946675	1.7999999456257472	2.8756928937606245	3.1205691373375686	1.657103411944452	3.1821172810639675	3.031253001151126	2.8429514095997765	0.58715272400641	2.3119291933122987	6.730584142604366	-0.32660173919709834	1.3407087241836209	0.28741862584485034	1.1644912041143147	3.0191070652598198	3.639796729168957	0.6371268729331572	3.8141651170755413	2.4605470549919835	1.7297341720108257	2.8056100441495735	3.469602527065976	2.392458662741377	1.9136415977611563	4.332709726459396	1.3102722413196366	-0.10052491448598566	-0.25715213388032243	4.891083320249567	1.8424989477623859	4.827315738920731	0.41192937897195314	1.3073480858434365	4.610670907331628	2.6860779200719254	2.4176613264462636	2.486942703694554
MB070	1.0159250803361806	1.1202627537138534	-2.0691629470545756	1.2213286349904635	-1.1115814911790682	-1.3137864795611787	-0.34207077474188985	-0.9722654715243539	2.3429686762229194	-0.40858932367554424	2.422414994522355	0.24054085656398883	-1.7514673199251876	-1.2349489300995629	1.2797070533479227	2.2031584278061835	2.3741408662208574	-0.22747292001150043	4.0012712868138784	2.669104063972937	4.000975857132454	0.48034855043273517	2.0455545756027913	1.5037288253408514	1.257943941944359	3.133671428313333	2.7251092670892474	3.5227655817115764	1.8455174183222205	1.3452653733826052	1.769786645731184	1.8034796497328207	1.5811080082054083	2.9665108246991423	1.0767547774975048	1.7122559873776595	1.87927886434374	3.0429583901013224	1.692904804649321	1.825102149989637	2.7679086071252286	1.1202512189643974	-1.1179079756820265	-0.5640149623835331	-1.3466593514672809	3.248060373821306	2.4717125143961365	-1.6312880638730078	-1.0357767094068304	-1.6361767304134798	-0.008218557557732709	0.6758777694465827	-0.3351933574798238	3.9596212513501614	-1.4659162917167716	1.5488880382533718	-0.887355382582351	3.251564885545478	1.2266445807754867	1.6558948298773242	-0.8973352023975103	0.3133800330374701	-1.171177815919986	2.998455672370791	-1.3405592027096596	1.1415236771360417	1.2941002008204006	2.3601144775028526	0.11441340346229545	-1.509318174386621	1.4203633340994894	-0.20151999990068425	-1.6613164235329538	0.9818259416528541	3.0364411625518724	-0.006566124374593585	2.3281361130501086	-1.6287836446484132	-0.4900164075465554	1.0252351413162337	1.5913625556493143	-1.4507118655115168	1.724682957082976	0.37637847825399895	-1.778925214918429	-0.6304570776804486	-1.0926139162937751	-1.4804621535639306	-0.5713768165946931	-2.0947566378816447	2.393665378177128	0.7977906345894112	2.5486808682105107	-1.2454603250300593	4.242562352701125	1.9039448424885732	-0.3242213020602218	0.9339777929216684	-0.8675093567385748	-2.0163253249213966	-0.5820503249829159	2.843334967998773	-1.9241437121234952	0.5832106821340446	0.8733819919188832	2.6798497655878943	1.697236176895439	-0.6255322417445814	-1.3075115830966624	-0.04495726491514063	0.6462635456496661	-1.496583177177687	1.900261716766268	0.9894681940188814	2.333828605813771	1.853722723651277	1.1440460867412021	-1.4021389912709221	0.2176883807239145	0.7229306460408242	2.171669422990103	0.8420318892562753	1.5716258219437949	3.2959183577983433	-0.8741603487392453	-0.6840643815219387	-1.0312161912753943	0.04033802450572743	-1.7816279099688614	-0.4150629767104448	-0.20712571406634694	-0.5827712475775542	-0.13972871751273175	-1.6745413873590955	-2.298340732912161	-0.30008847808425543	-1.2450902614784685	-0.5506558008198859	2.4621328795265223	-0.6950149808820232	4.582689584287612	0.5495185502163373	3.4332875794945457	0.5315967551837533	-1.0015486397389406	0.6412495163250034	-1.900966371701573	1.629956930114293	3.530486353532573	-1.5832563873839742	2.23283415589687	-1.1878247454019188	2.476370083869922	2.7819226702083597	-1.4682818696715678
MB071	0.6346638695506535	2.9859162519184066	3.324594215723317	4.362205183219568	4.272541650044403	0.19374968382367364	0.7621440096738663	0.2690592177668414	3.950943771742006	1.2775655410737494	0.12775518382012763	0.19375290579592885	2.9641725457919277	4.517114070585535	0.7603675076356646	3.895801343589238	3.692818656379899	5.263624186121346	4.936060517206046	4.51619564939419	3.6404164221528523	1.9028366460852935	3.103149843829569	2.8203436400015605	3.1841880331789527	2.6458711376780517	3.9169262120701953	3.4865639829104937	3.6848718994679475	3.7189657046019944	3.2795087470870596	0.9190115305361264	1.0337562346513245	4.426779997872096	2.953018716473644	3.2312061969096124	4.029140075573069	4.689892990752765	2.7562520951103897	3.5013780758256035	4.845407547213982	2.7291970013279316	3.8572247204414927	1.2226943535577588	-0.430438736875713	0.9012667973903872	3.7273968140366702	-0.44776897810193006	0.9248564531598742	-0.45885597031685066	4.062181324090877	3.7720170340927544	1.4288363456824866	4.1620516961025995	0.5230375460522687	-0.1990570646069223	0.8794409029596437	5.0299311234397805	3.469539673244217	2.490377925443945	1.4612910078710968	5.867966825869489	-0.3096244153412453	1.2123703361895082	1.0157039872266118	3.5576769537633357	2.436602128950277	2.8025579806579337	1.6733667335771383	0.023095963765111804	5.52342866550652	0.5442717289392647	0.024108997687513067	2.380794887268898	3.9221100891911025	1.8219049194006383	1.7342999324024229	-0.46754992494858705	0.953701034284423	1.4966377175415309	3.1618004741083148	0.9218113802485837	3.0290319119172997	-0.1622264454593889	-0.4933148442693671	1.5461952035879865	1.05101748334196	0.6442734622596777	1.5458172458730033	-0.5541019509307752	4.956280300906837	3.954048470404954	5.142183851122445	0.5053744905373998	4.220633467601594	3.462246831551287	4.8790596843282135	2.6669148339771995	1.0782848944589887	-1.0476934977507462	2.612858462984362	4.013710819175822	2.7140970942522973	3.716124682163114	2.213378749630162	3.9144149348484722	-0.07794153191122533	1.0266883418193817	-0.5829132095735989	0.0026306142515153397	2.398022622420825	1.4609954236735394	4.207084418130616	2.3463277675170637	3.613441043415847	3.266036652870153	2.463022176798982	-0.21111628073898636	3.2677254212213835	-1.0804751058632052	3.29234344832951	2.488339261812235	2.4929586190601736	3.4692588697545164	-0.0038029211902195215	-0.316599860131876	4.6892388338126025	3.8125145589940486	-0.17249377249585507	1.6608412922612708	0.8071861634443724	1.335911319871201	4.158780475024864	0.6005019222841081	-0.25865216671688174	-0.0657935264032492	-0.34406583501615273	0.06942773377039657	4.3622756135826215	0.7116211967966413	1.643031168379598	0.5705725242846995	4.2827165232786575	1.528817867877109	0.7930987543613259	-1.0691295829840088	-0.9790915175210468	2.757324464631859	4.054032157886182	0.41805574942015866	2.431079309441463	0.6812872532220595	3.23711638692527	3.8296230614840843	3.256238526313189
MB072	4.411965905674688	2.4230059280215244	2.5809708482618987	1.449895416043148	3.0653705012418966	1.511770643615292	2.4061855122205014	1.1266175896686415	1.7783099161133418	1.6379422806818793	2.3376340828593003	4.359577961806934	2.4239469162247813	3.1839231912377217	4.357514306248502	2.907042876201613	1.2706207291129914	0.39827861582963653	0.9399182936762953	1.199420278401587	3.9360113752618062	-0.06131388910163338	2.8632529352424676	0.5568440736097662	2.4541518808710343	3.5568836171519633	2.956890552326783	1.5659911744861619	3.62546993025755	3.2032219287551777	1.861569771565411	0.5285914137875718	0.9735145896166193	2.034387353166016	0.999234168890835	2.744805934656995	0.5007461017205213	2.1609894684812296	0.7592402118070716	1.9410612787413841	1.2240129684909364	0.6854223047157975	2.756634512083182	5.14923604955217	1.190666484369558	1.8985261544477172	0.9522843573667767	0.3284105503648984	0.0673574728079096	-0.23094713475077988	0.1028270648085492	2.619058786469676	6.9876652020657675	2.888684545474784	0.9576160754075964	3.9262104782574987	0.19601714778594115	0.4070350870139148	0.8550210398852851	1.9107387349238047	0.5010894845913647	1.576077974365429	2.5269467933623755	4.688567243333532	3.879176955654925	0.5707864870548018	1.2545641220190369	2.3690430518069823	1.1598220665193688	3.9565529429443753	0.5439930611521344	6.197869542860616	1.3866902675004695	1.3847430660139954	1.6433067775315884	2.0857950301322647	1.461937667590938	0.471907882900922	4.435964371805828	0.521455243955474	2.2617485600250093	4.2344014926383755	2.359080352821196	3.115612869752402	0.06914007428285807	2.3778581475410796	1.7057698676754507	6.11309732598907	2.0132797865623235	0.7492316144338922	1.1915735085176005	2.3529691282273744	0.26181521206503167	1.7816151659819006	2.0315330486416654	1.989874580046794	4.654049925957905	2.5572292814545197	0.40732618574109836	0.6958821338918177	6.64310535324902	1.3644402543194518	2.7262476984072546	2.554766922837004	1.6926449878275855	2.526128766647317	1.8479957705434629	0.45790975481558327	1.076340938105382	0.6786013484672413	0.28513560331383214	1.7701644547864754	1.0573430248774702	0.6066772563951366	1.2586796836496985	1.1187265227034127	1.1323078334737051	3.088425955268865	1.2664855706458997	2.658028993827224	1.3211357142731197	0.7950773695987676	2.2409390188885654	-0.005207083337571916	0.4310060567602747	2.1699947650002214	3.3230370848187523	1.9670274464096513	-0.7471779392503795	2.180552484645312	1.2148936005094342	5.7831039274458504	1.3164831762224702	2.2063370734942795	2.9911535177574633	0.33769377556993696	4.190788056418167	0.944722279732451	2.2796985690317797	1.8694661875531864	1.234208338965983	3.404438851439317	0.9013368999429483	0.5331466231050825	0.4713507816616733	2.192097051944799	2.9128406037724828	1.7628051996277776	3.3277288904248694	0.5834083064473532	0.3239971810650957	1.6939242715145042	1.5734245866215586	1.0400716495006819	2.8080787382138146
MB073	4.824242436989428	1.797813377790165	2.560124379351599	4.656732388404464	4.4119589306505755	6.532361002499483	2.070107490079245	4.583432908876682	3.5245111193457266	6.227203014421934	2.588427917595771	2.218182047454029	2.842723203558144	2.9615379348500532	3.2174587188927815	0.9191764166684298	3.993856705115655	2.9720084045236845	2.7459079836273705	2.1267072222285757	2.8715320829822257	4.8128123881458915	2.1669585559316067	1.2567673538532942	1.947340748957262	2.9542343089253853	3.363511294912395	1.4275166307182277	2.4015010552257046	2.1794996092864816	1.4462314126912252	4.471852842931474	1.4404443798760083	1.392557423835207	2.3146476608410467	1.9543418194040862	2.3332083833886363	3.853991216138434	1.8191839884318952	1.345688971766024	2.4637391553807655	1.4888696180513827	7.342110012179473	6.108431931378423	7.226548342883751	3.1664106150686466	0.7099381713746569	2.011845418610333	3.673123623924944	0.9718845773088631	3.152859010020536	2.2124478432675145	5.543749224460193	2.074387853703512	5.3438879261918935	4.332892145774911	2.944689327518601	4.56019955949585	0.7071903104482438	0.9957825347146096	1.8278396372952788	3.4023366088728864	5.98171061216825	2.963554347145184	3.9342163796759717	1.022978184712601	3.1084360548503787	0.902285863062148	2.4442963261964294	3.8599327722495316	4.59540170500742	3.79681946266001	3.414710602036055	2.705952394412421	3.688572403435943	3.6614415660051547	5.708123524442557	5.495611152094385	3.8267938182701338	5.002090088903609	1.0962760150814352	2.52283173690258	2.2076765461994947	1.4025581115215848	3.3902787668383025	3.996502241710923	4.824092932888572	7.210622908698125	4.431099618935713	4.437521493419381	1.9629281618740748	1.371588718531366	0.5386453131904503	5.411641854452924	2.107141871214157	2.4673813972132637	4.794083177506046	0.8044909140685137	2.100169900603813	4.688111334817276	4.09831443537014	3.4186865555080557	2.3202377526570626	3.281301068740932	1.0448919535201036	2.908368596284382	2.417958565273672	1.3479168308665272	7.3058568707347415	5.130096123930792	1.6968156641415097	1.8769627796295811	1.182797616143179	1.768376809331346	2.6716064400974506	2.3279535867853705	1.384088248905595	4.795264125283749	2.4084601190137622	2.891494058703926	3.0304036140267154	1.6327383809471252	3.175704516982738	3.877800552937871	3.367316921450054	1.149537999898067	4.055330683030272	5.615744764866833	2.937436141062588	7.177884859258723	2.1759744106005225	3.816143106949827	3.9387508320926257	5.039660520168937	3.1187278695947143	3.0808149631617834	5.148335918912542	6.4421651793675405	3.1895562245413283	3.029921779330996	4.304824753582117	1.7874014289885478	3.060231592054137	1.9201117789741495	4.736575469295723	0.8926825544991015	4.415065303558494	1.694127405365717	4.362303565760778	5.590211473130629	1.7645506301047895	4.311568746557033	5.021350699620878	4.269222182351802	2.9083328570538347
MB074	2.0746030773938653	3.2706825582861994	-0.16346723428589094	-0.5609684725377022	2.2853030917918575	-0.49588826925287677	0.5193451571770851	-0.571104163966746	1.27467143054389	0.9855098920125798	-0.42579835258638354	-0.09803505147455027	1.5901413752951203	1.9710057572012518	-0.3027308208166666	1.1628219358721745	0.4910728326311249	0.6837845019199102	-0.4549578531995486	-0.4092737192187279	-0.23246670857941165	-0.7374129867326644	4.032140030147048	2.9699181518278355	2.4510729882713784	2.814984153801187	-0.7299400948809396	2.04903691467479	4.051116533143052	0.1694450709297941	1.1868303062553638	0.09090811348282557	2.968821283020901	-0.21750018774003976	-1.324660384735453	2.6579621742243127	3.7430994762940326	0.6060807408543933	0.7349404058039051	2.3137886556754257	1.037225783130041	2.5233417129834983	0.16355165207983724	0.2575194047038938	-0.8171896374821337	0.23129843117913929	2.965710859499003	-1.5239663666109227	-0.3322803536712229	-1.946597687955995	3.214460267300783	3.0505362075559344	1.8374628799856865	-0.4584723637583874	-0.8438221341936334	-0.7160123572884487	-0.24544144473035523	-0.6007742600827939	0.6991060347839344	2.8417367600888177	-0.8076684191138614	-0.5486461234668507	-0.602122329411781	-0.3774876057875467	0.0908888566989301	2.968868026196282	2.3733246963587122	2.291397792422268	1.0992460294193105	-0.3578539810385859	-0.523322494155714	0.7938982860404007	0.2655744461449405	-0.785848151874811	-0.3856131419208477	0.1468866957195516	-0.9442112964820772	-0.28624434462861714	0.06076308908281902	-0.5155150026566453	2.631171390027842	-0.11853898383214201	2.6989295979151704	-1.3379458419774952	-1.3010487195160145	-0.2481390228179201	-0.16755142181637162	0.7215818875688313	-0.47900473285638867	-0.5730505421039247	0.2572420822438035	2.0787075095259064	1.222035509001663	-0.9845292591424695	-0.11946129345166412	0.25706719729246164	-0.4528303872362933	1.1360127647440441	-1.2088618110330707	-0.7569143130117659	0.12589657705362534	1.551244754844535	1.3647238183096917	0.3467175714410171	2.4868729315924414	-0.44610869167497924	2.3796040173876696	-0.4118035989067135	0.936418484438855	0.5509461840392014	2.4182658077865353	-1.0621172591464045	3.548805029382571	0.7014852710905801	2.1055549698786136	0.8469202035060119	2.203130197560883	-0.27781801617575397	1.9701176656573542	0.23106704004192835	-0.8672538060107673	2.5781515480497745	2.8876850959255487	0.556644420318591	1.2470866390661914	0.8994828815834088	-1.1808765234613485	-0.18085879301650643	-0.9718106065160068	0.390355070148221	0.46020167663493794	0.2163146856665854	-0.43583022916863356	-1.6258917176293295	1.6662840133542112	0.3530133651936005	-1.402173696012282	-0.041544676764539545	-1.072523528737504	2.6433262679118927	0.3902143334853623	3.213091642838487	-1.5192458691478183	0.34523753969870175	1.2267685394211352	1.3320366972918958	3.5996135731983028	3.207760105433116	1.0587467475513588	-0.47652191280861445	-1.0666941557211533	0.5720526782871769	-0.0020944482137519316	0.8943367962217001	-0.8937955058989804
MB075	-0.21947057846030482	1.72994015247866	0.22063259261649115	3.175152615137648	1.829067269423021	-0.3463379408774099	1.2050072722481175	1.314315137251362	0.007156336910409067	3.1783257520932446	2.915310558809791	0.8506607239830659	2.3358288247600427	0.8879324932709522	2.777709735523487	1.4014248593454637	0.2480539462268876	3.205084506780585	1.4396693572522041	0.6207810407178069	1.5097119149783431	0.391259489435555	2.930179085617147	1.5836926357955523	1.8321921491107709	1.0282141984983406	1.9383591701862217	2.2075662865685786	2.159011981336082	0.6183759305076828	0.995680546516053	0.6413845603201382	0.8736600216156765	2.1859232142650074	1.2659669002492882	2.3686138376911776	2.8908383676728002	2.795421245398005	1.9588769792791085	2.145808539225227	1.9831595201810197	1.7006659377619187	0.17009177991559454	0.7730065735993605	2.8179582854376584	-0.07754800946811535	2.1759256923555874	-0.5754186198260793	1.0535043345507908	5.285716868303855	0.663917644989171	2.344084660595678	0.5084356162150332	0.8407249294001256	-0.7853764947896469	1.4240655403556133	0.04508671264423114	0.32283489019102873	0.7420090976061431	1.7492572163692026	0.47169971843209346	1.5449127552216444	1.7511733125100157	0.6277045854530634	1.7352184686667522	1.9231111411361406	1.621476479133661	3.4355524218641813	0.7071974905034075	0.15493370902481107	1.503546353190524	0.7784913534459701	0.997123217432649	2.4877107539033894	2.0062148058526663	-0.1553105370740635	0.3327962309964345	0.3246048928948202	5.641322235956487	-0.19717663441142896	0.8728951467460337	0.22860722156758762	2.3093473677196457	0.5939997353625	-0.38018280962761786	0.8414595018894548	0.5126081018375022	-0.17757465266426387	0.9590079511181377	0.07454907787920817	0.9674167633303741	1.9503232354152082	1.6026750461422	0.31898390410244737	2.726199717572669	1.0775089482167415	0.3654140043050731	0.8817473482870284	0.7368852833921338	-0.6397998465377412	0.4416930865225446	0.37963929192898327	2.05931043650706	1.3318973705005623	1.6389956932649081	3.6495861056512693	0.3415563377216788	-0.41716328376591605	-0.7765987411811821	2.8642671268902973	1.3772105694823669	0.2831741979033833	0.27813448528071216	0.2675660963545585	2.4123273490269863	0.3146901192851326	1.9684206013673684	0.9260438932460708	2.177379306692581	1.4947524227996638	0.9651440935626256	2.0307466408253267	2.8667187073069265	1.7915517510654393	0.4649610843840257	-1.2957590993452168	0.7048796636849533	0.7113322968835547	-1.0519395045722995	0.019778506678900243	0.16024210110793113	0.6309846592488491	1.1367266979481174	1.96392535835317	-1.544772700733434	0.5256740833694469	-0.5129933913128095	0.20656956661063397	-0.1222655047677943	1.8305365370584088	1.1525745094174695	1.7145338591192045	2.588968958210984	0.736432076123827	0.5128638867275601	0.10586639721151325	2.6678563949449776	1.2417900093700638	2.541400013467566	-0.6639685579466654	-0.8965527041427173	-0.11864963090868486	2.7891734885904906	2.260307264337107	1.9066944370314642
MB076	-0.0785573351221256	1.9240199132947433	0.25088399784817206	3.2796592652544163	3.8329871626712695	0.5964912660190862	2.426038272333023	-0.01386699711118311	0.3496029845060642	1.066610688003081	-0.032787623602070326	0.5509949026214569	2.1687657851671753	2.231136340497498	2.5692500104818423	0.7726994022446014	1.377547709112517	0.7705832937804722	4.241040240801283	3.672478475128454	0.7889003892553337	0.5913590580295889	1.6906739238049617	1.5880256271562203	-0.08293121658712277	2.9166958549809916	0.9554903658254581	2.4267848409585735	2.3875931069876124	0.787011013221238	2.3426239329761662	1.1370888613807288	1.6241100278874132	2.797517985727441	2.9339161859841267	1.9791239515572512	3.7462991403993646	2.501735934532584	0.564224358046264	1.530266062532311	1.1012092162541443	0.3875644590908083	0.8970532013215777	2.477711542889957	0.18299015368473093	0.8341060675864735	2.1562787118706597	-1.2575411272986532	0.7748919900263669	0.35017228676947987	0.6444803867367508	-0.023999889669028107	1.5696659720615465	1.2843482944529532	-0.04774332683141225	1.8292291563689833	-0.9310002571689537	1.9270437798481082	0.46748837723413317	0.7130619495107329	0.17798024269644053	1.8505237703845765	0.4932686089633016	0.13778410053971957	1.0465312527802153	2.17667715126934	0.12382595530368423	0.7703075672652657	-0.04930232407765711	0.7269454367734616	1.0673873462903876	2.117058399027588	0.1353362602253778	0.6300579431259541	2.37696279083148	0.4155597348593396	4.093093303853222	0.36511642224911434	4.1106547515837315	0.2872135356617598	1.729491474532467	1.9501544419379275	1.2125528136356944	0.42661017602406837	-0.44952173723449995	1.269261484540218	1.3428617822250466	0.586508788382039	1.9112073124966855	-0.41758171566089786	2.8550042992262084	1.2182805176879876	2.70438455625903	0.5858247569909922	1.6889292412204062	0.38057306517842093	1.4960699239260062	1.1202674385035332	0.6104881783872678	4.322261602532703	1.7654040403356293	2.554958587804351	0.3858246518422179	0.26604920612800775	0.08230780832914686	1.1905320411111058	0.07164692313947363	-0.17775666307031202	0.31532893199825374	4.019881028940825	1.385071768181029	1.515427888160307	3.3058528074718296	1.6843111197114142	2.9310184806782864	3.002606554853574	2.118551795365258	0.5361649725918678	0.9663986142785737	-0.6174409758168968	1.9024637480773068	0.11126633374122896	2.565805334981362	3.1593887515585077	0.3872738015097035	-0.34313613787421815	3.1678130259659447	3.4623436582350315	-1.3216188419010795	1.3059542168253007	1.3524127059716484	3.9335527316874987	3.6970891452825247	-0.13629806743214345	-1.9516960049348278	1.1639150038531838	1.1573966404779723	1.7962603309311334	3.1008137340327986	0.7939694177425736	1.1168847754031948	1.2226939991759247	-0.1501024348026192	0.8410475835363673	1.0099333837312265	-0.5486978257169808	0.7381194037614272	-0.4114108314555063	3.1145776366128644	0.1239385555018675	0.25618375422290995	1.2491101823410995	2.7642953532448544	2.899255005463849	4.13686894904709
MB077	2.8461167314565907	0.16817566805666573	2.4929677539213078	4.461372802920167	2.0976095250341125	5.61017461959749	7.247439315745069	4.5459668476713215	2.378023581733504	6.127630632855494	1.9302527719929978	1.3345551507798756	0.3174473943842244	3.3996704671685967	0.8880724393476491	0.1553094502779775	2.341937496935331	2.448063922031908	3.3650509600554335	2.0820517614946272	2.6050967326131014	1.2334870164986995	0.7498551494007284	0.4923201326714617	0.7458391683463841	0.7788019551331793	2.164668621666502	1.4258021232178404	0.6714284134789592	2.290875240379597	0.6101510618283523	4.101827117949892	-0.28106067086259845	0.2782846790978972	0.5127116252579622	1.2317527450396977	1.101405639496078	1.0663830499838696	-0.015149534363415817	0.8755425763546905	2.370163698839601	0.29852548018034764	3.659972991710849	6.473683039975496	2.4896307636713138	2.969454138457123	0.08513717328613879	0.10130248521244667	6.81361473173871	6.083816987372216	3.9115666444695023	0.6792084982436277	4.45107816239923	3.732330388258055	3.0568918429758627	2.121594683755891	6.074604410629213	3.037254962277486	0.0631147210406251	0.4019076595995177	1.0744690450685344	3.25252552892465	3.0229048206222426	2.2944158728562334	1.6206741967235034	0.3332707623766069	0.20934691942929007	0.28398118948312234	1.588149422338602	2.208604320268157	3.3827914221148667	5.352982984554101	3.1070431550746482	1.3111576510760292	2.271227381372941	0.047244047334984884	5.1956952026875385	5.2687986852132065	5.160675523558773	5.262434017798221	1.0732758497051806	4.425560304985951	0.49557912181601527	0.6685497037288766	4.383117566724106	3.988062250765026	5.8860911098589686	5.262539305985205	2.968546140601271	2.322218173226716	1.229861333511482	0.4445181861238563	1.150309263957646	5.705892720478178	2.2495159175076163	0.9679500141394266	3.440301509869788	-0.4589898591681649	2.3945906026064634	3.1948260503203434	5.275949461864018	1.2244509967354569	0.22701524309454957	0.5295478120380288	0.36899588674041617	1.5835605266889017	0.7609262090867563	0.41363568099809633	1.9226138507435264	4.8934082397369085	-0.07209265245517482	4.190254187237561	0.08979966063630229	-0.3843860252912972	0.5286745546080658	0.21564814446960945	-0.3988126147368529	2.7919349274590717	1.018943351077449	-0.4756640400960146	0.2436260517255633	-0.019774074134252473	0.8300496982419627	3.5091897134931553	1.6720989158012074	2.235195543179013	2.8491607129805745	7.0092283620212505	0.495321715227373	5.780544083915549	6.297487669044802	7.051387634192327	5.625723438669859	3.2620125809922778	0.6733939974452312	4.173589945987206	4.9200999377380175	7.635881354253252	1.3022841068553976	2.6115686821819084	2.199391655109407	0.209775970516052	1.2083489448697975	-0.5617505270055503	2.0510922885604144	0.016257378200585038	3.0130961458196275	-0.1378884157905924	1.7210574113988386	1.931034280330027	-0.9120293501444952	4.035819355611355	0.4044937613650532	1.0813184521577188	1.6457960780815197
MB078	-0.12446131457259924	3.821814414578755	1.452255909472762	3.8450303186081873	2.8170629719899365	2.550617123467072	0.11445014940355591	3.6738824768977842	4.818755602218813	1.9455596408325828	2.6048678592302075	3.398194640284193	3.279883119915975	-0.2377389357216142	4.88105155552566	2.996532941275021	3.1720234350131733	4.990533400909603	4.131037507011538	3.800908482990029	3.687541048673955	4.633055322608296	4.945251399604439	-0.34417813414291754	4.670219344166698	4.284199364063344	1.2145707771987837	4.144297964050656	5.18177308561223	3.6775660674442205	2.9499632762944152	4.030096673163358	2.385435268005126	4.583728541568247	4.019766594283835	3.131937752171681	5.098638770632404	4.218324369923309	2.602232352655765	4.4117657236802605	5.030367041822779	3.1208529816085733	4.500858080766616	6.615822635999152	-0.2362465794279789	-0.12927346157892217	3.857161433521768	0.3779540812591531	0.9107074425101551	0.0074925940974672756	0.6087466385808895	2.274721095197677	1.0986916994093407	0.3206053515884548	0.19801018896209044	2.1507644692674823	1.8454228725750799	-0.056730294144641036	3.5186764918004076	2.559552992654268	1.5442338554381525	0.992284159971109	-0.4204472843261673	0.12589919274806594	-0.28953189510216504	3.716229667938883	4.517302512543591	2.0375109696530744	2.7659782190299262	3.2635212823876065	4.770054476713204	0.32257383584273214	2.645889167076761	4.047106798630669	3.380815875723088	1.6477009588901765	4.6938645075821235	0.33158218543174023	5.597464718476564	1.5283473587923746	4.789779731682761	0.16524220113445054	2.7479466033560103	3.803070321279707	1.1659044894532915	1.7951850052900067	0.7876500320342377	0.3736654521375904	0.2997008868046134	0.21444596708488817	3.473111996484066	3.38381603980622	4.847305867094386	5.851450745104064	5.504178102798488	1.0933475686724492	1.1121208027713685	2.8893042058211176	1.5064863414271183	-0.3641541053310444	6.260810522029079	3.785517452982937	2.5858833203147213	0.147933978584474	-1.6624646934814402	-0.8644092235763772	3.893969302076652	0.8565728551273217	-0.2702852293257383	3.362228651151262	2.816461881062639	0.44644445858930126	5.171177039065401	2.595601816404103	4.3131716069307116	3.914985848682229	2.9331152987801143	1.6924125339761522	2.7726799511382128	3.153733421842907	2.521050180376382	3.3523620234742033	4.253794145448353	-1.0010444927487026	4.061080864617693	1.730877155099825	-0.31487062736026594	0.2438872250379358	0.23624667819741596	0.45796867178657763	1.0311039071054182	1.1732438291215086	6.191996712494118	4.270497471976418	0.6496213587092541	-0.5032272011291354	-1.0758424874174874	-0.09987161869821648	4.748161046455371	5.19765343687685	6.502385607057953	3.7542625894378867	-1.505589273571676	4.174985880525394	-0.21036929827340067	-1.0726903829710315	-0.9206124971297083	3.290117362323916	5.341226343100498	-0.29851592738885735	-1.3887801390873378	-0.6594164264134097	3.727176759611253	5.083111594451392	4.930461994277993
MB079	3.2365552161021443	-1.8259717670170712	1.5575246920725165	2.093608194027815	0.7020157409527394	0.02700299485339741	-2.000502724966344	0.3446346705931784	1.809464226056451	-0.5694763283532591	-1.9576766640729293	-0.866830259591401	-0.6032894532776263	1.0498701397218309	-1.2745501114493454	-2.371449073901651	0.30920824661748547	-2.0235251519171253	-2.498930105231775	-2.3369624691355355	2.00557396754851	-0.6072725786555608	-1.6345468010288666	-2.6471934314992955	-0.9653300951723169	-0.9272246408887703	0.7856657574242343	-0.9598716354269712	-1.4532044874475796	-0.4622585402550605	-1.8978849485745997	-0.2916829653049646	-2.0762299635455763	-2.7195687666371064	-1.0229506217219226	0.5697058020206605	-1.564480780365602	-1.3202936437574824	-0.9256278053189471	-1.9841038410225398	-0.44005787050053335	-2.865960838270742	0.9026235615716471	4.540845795823963	0.8365284345513473	-0.10948253574264655	-2.786563989396499	-0.883498925527288	-1.172535702220653	-1.1479704848999432	-1.069324375189483	-0.8668831910594186	2.8021216880619235	-0.8027458318094389	3.1627702172400713	0.3766906663945697	-0.7074490085570506	-0.4512970591271337	-1.0120416785547723	-3.5042985864298055	-0.01241907949844645	-1.6426928014411697	1.9162448858546712	0.3475516198829549	1.1166115598406723	-1.4326364263782327	-1.524218486734525	-1.859919158292315	0.2021391599249025	1.7675502934829659	-0.6290056979963499	1.0121029446747043	1.62847070771483	0.7178497175454295	1.2671037199620852	1.8946871289269112	-0.14897283762987001	-0.5706000765625276	-0.5823587441287756	-5.188132716608649	-0.5570788545040744	1.4481218658329054	-1.716158174602417	-1.8888109723205808	2.59724057610656	-0.8457644975968588	1.6729761455028989	7.837081487254144	0.5477568866762681	-1.499948853937827	-1.3530250758664373	-0.3728358971225907	-2.810689602673679	-1.5811787515534608	-1.7017864191832182	-2.4242774297018723	0.7021889382942472	-0.4951970879166172	0.33974756230502123	3.043692684087059	0.5534135908876099	0.1898770775581049	-2.8199382473515033	-0.28736020083266034	-2.4818096895999746	-0.26324771675046676	-1.7429094509719452	-1.3337162815359687	0.11383092907422387	0.24380667158353475	-2.579098352234488	-1.6493878447277837	-1.722590165214065	-3.1699932954765195	-1.0895658165476432	-3.0775287597449132	-3.0066241608155604	3.2336573238932376	-1.2309391380502612	-0.7304628172917935	-1.209927739031171	-1.431559181594693	0.4125570538224732	1.5416103505575514	-0.11766565282650276	-2.7219863666879007	0.8537436434664656	0.3198950655290904	-2.2458320923030204	3.6601934278283013	-1.4859338627303558	1.1237535105018903	-1.4123801373830513	0.13785582665056673	1.2283715291341633	-1.7706041408516668	1.4385525951693587	-1.80351399967385	0.33749923714252716	0.6227088186302767	-2.106278510566966	-0.5298452378443397	-0.4715766676107407	-2.224820602558374	-2.021719059337803	-1.048607218847489	2.8828794764196264	-1.4014749252428524	-2.0943375405156246	1.8391203095674156	-2.620426368448385	2.161070357872294	-0.6604698824891138	-1.257468248765342	0.44792469052093864
MB080	-2.21147001687741	1.888375841462203	-1.2088330963355354	3.879348590955643	-1.9470485047587935	-1.8370746546098857	0.48018065864166815	-1.4236632635999928	-1.8232538875803677	-0.3379631021813445	3.0644689427850276	-1.5776087010520161	1.5640124727515623	-1.7921258795661998	2.883338576724819	1.4216355603522413	1.7565184247458054	-0.7700353826989694	-1.4728813634724833	2.021485601713451	-0.5254699361141784	-0.3873149807907037	2.4994699942840146	1.3204567544388244	1.725836021595442	2.2157950747276693	-1.8627994213070735	2.75655214434119	2.2373805659557107	-0.8775823966697285	2.072025057186007	-1.1910936870346784	1.570267468718069	1.4661703829858048	0.533852243312456	-1.515212298059284	2.4472269425885154	1.9328012883440664	1.240970522142618	1.4823066329891716	1.0982936976985505	0.4060658447975669	-1.0178102560766753	0.30587064023992916	-1.770149951661642	-0.2410358806437376	1.4781755296918861	-2.31323139153176	-0.9746493226747912	-1.5680585824545084	-0.6902926348030274	-2.2270623061334227	-0.37117336712931603	-0.5999963407395796	-1.9133432621960154	0.8791273035905842	-0.49779085161612713	-1.6090471542016225	-0.5469736922955457	1.7574072392044293	-1.2278263003258623	-1.2037102331907157	-2.271137647543112	-1.553632877421352	-1.5905133583512416	-0.7741434699418406	1.3143230457872388	-0.04575032867153794	0.1410234570471589	-1.9588557633841006	1.2266344545390604	-0.8917591874410888	-0.1365359896147087	2.631305977346476	2.042248103734317	-0.2926217488770462	-1.3259905739228923	-2.433047375501559	-0.26199920101705665	-1.1227864392917617	1.8160979537327835	-1.2174738352485512	0.7629023201766394	-1.9670278566474089	-2.2795431996675184	-0.5353394793254793	-1.4177932418514523	-1.461843386308237	-1.772272437558847	-1.9104243206233544	1.6830342399712812	0.9097833339804948	1.4640368360330704	2.7529906615097284	-0.3183086246128557	-1.4110851692368183	-0.5105263844656083	0.6524472025631232	-1.4979241576231601	-2.5646006108289665	-0.5989217714405619	1.151804562770721	2.6717645361144857	-1.3762047841049672	0.885880644702234	2.294701995529598	-1.5020908991725133	-1.1613256106453846	-1.5782338956125521	-1.7962742355190944	1.7231240024291088	-2.3397271185033244	2.679714277527519	1.824514393142918	2.0558651449724348	2.4340969290426413	-0.28595075563936856	-1.577556927133621	1.415384248670982	-2.194733183532297	1.8838507081313534	0.2538420505570018	-1.1494570339513714	4.785138233932848	1.842958679474541	-2.5203693024911686	-1.1698259316169501	-0.8213021538717094	-1.7119995458517927	-1.1398241188796447	-1.1303323635154339	0.5307284830578087	0.8046387851993106	-0.19863174657478488	-2.186463567426058	-1.361548428344106	-1.991337790150208	-1.253879707954555	-1.4655701487492703	-0.3258570980471234	0.32742618403747237	2.2786261508434196	-0.375101417875106	-0.1850746947226405	-0.06865897675554677	-1.7279120748155998	-1.1243683047344817	1.8073147527949844	3.6475053633221526	-2.434218562737346	-1.9188033125789055	-1.3467993194237238	1.6498431976839019	1.9864787728150448	2.06422226096962
MB081	0.2490839559484037	0.8259752543108965	0.8372344342553086	2.1685554907576075	0.5395549429806454	0.8497946543594832	2.360961267896604	2.2005738759961524	1.7808915595294996	1.7296666378541978	2.774182615628212	4.0255515706912135	0.7557380882707205	0.04043907677030667	1.6760158754888508	1.4882784053538591	1.0047911311031914	0.2463141070493151	1.102668069667848	2.336722581420508	0.6305620820573337	2.328849648295088	1.3840337785978472	1.271971222583569	0.5090433945421937	-0.3998093049998932	1.787584844116739	1.9348114644774466	1.1998817956516499	1.4673757205923428	2.2971745367918768	1.2447804577222144	0.9232956869261768	1.1968613685003922	0.7386703605294089	0.797218710801662	1.8782096989514594	1.4042016265577288	0.46924993591038433	0.4730817801147671	1.7095257040120195	-0.021240557100505875	0.5649462231665936	1.5344919305986622	0.2806357721093313	0.6488403525635578	0.908585082537483	0.16138125235664802	1.4439671214145378	-0.8576688347693668	0.6319463177575706	1.0327573981607694	2.097885196804695	3.378903106711375	0.09091864589105825	1.1911623968806548	-0.21983866346805314	0.3407845409715602	0.2787178738320595	-0.15582072634126032	-0.9619162113933868	2.250549887009499	-0.1958995061514468	4.034903284851502	-0.2910089799179829	2.1775366647843333	1.0968068995994331	0.9518332898998292	-0.3340030225635022	1.352986526790593	1.9222637751471137	1.8735698069602442	0.486209000052809	-0.29654698331778917	1.0864023383989911	-0.1553105370740635	2.512011591761394	0.7227889565734671	1.1958398167229243	-0.035678099463206436	1.2073788747851522	1.4507839334070471	0.5576936680908684	5.487903234523019	-0.4009255299657166	1.0465629764495326	2.2520763925629836	0.6165009054399366	1.987066596640875	-0.10247054163252933	1.9130509450472388	0.4967333132388072	1.7510128523487634	0.39789468193426636	1.1346721084038451	0.1108966876236881	1.5915879446195786	2.022422489985086	-1.217555856736558	0.7883504820807694	2.0309163736867033	1.6422813705989974	1.9435746944353136	1.5469235340019072	0.3301665239939249	1.1308960563971642	-0.018773644434732617	-1.1688946455277751	0.210085708340344	0.5929262594198139	0.450685866667099	0.9162676545751616	0.02145856438495919	0.14668384424904435	0.6384525950694533	-0.02870082988062883	0.0020830861524290256	1.5241134727759986	1.1106811120191349	-0.8053798968971018	0.6975317772445351	1.1051718986433148	1.6621815163594142	1.8102379455260929	0.21607278201750013	2.542638258333099	1.5158825711835693	1.0424579903200817	-1.525402314190675	1.4244351487146245	1.2208252722524726	2.0831037864826287	1.6363541883462682	-0.11377320455891038	1.434439542356687	3.0177880953982417	1.3517270589884562	0.6759020613247007	1.0051481918742722	0.34835853959305396	1.6551285612495592	0.5763913843646078	0.8029334774192023	0.8171968875608728	-0.045571701517618024	1.048764807526883	-0.31246492736800313	1.0419699459500231	1.7522296775053592	0.07282180445094433	0.37250629367757426	0.05918054383652205	1.604249000907024	2.0047438543482796	1.7648747261384932
MB082	2.4010157730147084	3.9893801525239256	0.7828742800367134	4.738829202568834	0.5033029384222516	-0.006471633638454932	8.435806391591848	0.8083504506347836	3.152888214322987	0.7346318801072691	3.0645941552657128	0.10675876734427625	4.585214973385742	3.000279788022933	4.810372131625233	0.3102584216469966	1.5773088058452887	2.188037592767844	4.904131821811004	1.107971404902024	0.7228779020675526	0.6703701290438051	4.223475140590369	3.9734248036225206	3.750746764822423	2.718065119879462	0.6078232160121706	1.1475627355573232	3.265672324913358	0.7355074446631269	1.2377648914321489	4.636073632920084	3.2126927131587895	2.6294415797335944	2.3078774186156066	2.4632095655201836	2.951318568867662	3.111351527202536	2.956581366612566	2.593672578607231	1.6009735312456934	3.242241613073535	4.4010734866192225	4.905772220930597	-0.46342826987652685	1.0398966783856585	1.821406398930936	0.1934464263951643	1.5140533681865342	0.2881912616553848	4.062366942710611	3.243082923280986	5.357856490585608	3.4838839024764727	0.9053024312549862	3.139424147830713	4.5957853070818	0.49101617243090345	1.8542566968226293	3.2574868741575678	0.8093537956913224	1.8979886852937504	0.41135411508219555	0.27683769375462575	2.3536734836784987	0.6618785245133569	1.6164717505479107	1.9524199125757757	1.3694467669014685	1.0822972787860516	0.819176146263568	4.34408226175452	3.072025798874061	5.449264304445964	3.6965022401254473	1.0887853108186443	-0.14162534155614814	0.7605767531573289	2.9823335737046683	1.2906622103974206	3.0216235566360927	1.842926719160511	0.2899371842104683	-0.24624712681624494	2.8110250413632176	1.5169209710677833	1.2145609078616264	4.554178012186901	0.4460631182066166	0.6310529878212261	1.847483744841334	2.190745580259173	1.5752793148658455	0.5069986548820067	2.324775065397671	3.8505246591412616	0.3914146004319008	1.8217293248553066	0.8096210314886783	-1.334966498307267	2.111782143166769	1.561329047263171	3.3559254620339223	4.605712228656659	2.4217009600647623	3.3118384375527414	4.605084957908142	1.6302772910697652	0.24623869423949607	2.637506584344618	3.819511309968091	1.1858385950928323	2.1856624857895435	2.330969087880633	4.486331296946284	3.248413001997508	2.713227422955808	0.3535799562105435	3.3205764785386194	3.5228117005701893	3.9750838132268216	4.258972624241316	5.207306926709867	4.7036740642074495	3.96567090394991	2.3790317657408835	5.063041187137406	3.16239698475672	0.8776666310994532	1.852654664586531	5.682520428165625	2.558046523874501	2.7028957516770635	-0.08105026520599878	-0.6435617774457363	3.686362501710165	0.2137618953722118	6.609060666542884	0.7281050612747793	3.691102057074249	3.9553594966318864	2.6810353834989193	-0.5245225432813747	2.6554052802139596	7.580114330964619	3.6548350840548887	4.010547175578177	4.036969379591122	6.894047470042204	-0.20362564999880028	1.2753783810617456	5.104972488427718	2.5033205058746573	5.276506324367455	2.507088785553111
MB083	-0.3471536792800318	1.269760267819481	-1.18139444601937	-0.24820838572387238	-0.8695706617667778	0.05254027367714542	0.6279239141190889	-0.5306272750046261	-0.13718118906660237	1.2152936612998442	3.001846034604868	-0.33579144044690423	0.2947435481599072	-0.282207044631944	1.5191840364414668	0.9536665482338593	2.079916333948641	0.5374424951890786	0.06955628542015901	0.6806245265170254	0.04023560014198413	0.21271313288206173	2.3719620589707713	1.676038847311216	1.4063611420206916	-0.22606685678987937	0.46027656492691094	2.0619531166424947	2.4183817391058877	0.6018060754803125	1.3002961336435002	-0.3261673875254072	1.1533954247290055	3.1626709598997653	1.6974582932247015	2.206015092858528	2.2906626405726485	2.1598004591345745	1.3049255056974722	1.8971815596361292	1.920113080159628	1.725653876039182	0.24348283886238953	1.224887764306824	-0.03180462445543952	0.22919815001187516	2.2539188483231873	-1.8363307603492487	1.1414162108326789	0.5843619564431766	0.9608705659468395	-1.003157688531605	0.8394391750567998	1.1212790956046828	-0.5471136263620497	0.2920000504667861	-1.6827782632328923	1.0226519254860111	0.9078132683973763	1.319806968545926	-1.6068884924166493	0.398957355115499	-0.6839334910823105	0.5049867669592842	-0.685494172871131	1.9047326277719439	0.2683113139031539	1.3939042077452921	-1.2706413131625265	0.0025224893595154896	1.3319426765050686	1.1827993116308617	-0.6741085709261867	-0.7154821277501657	1.9874311617314717	-0.36906288486739136	0.479040863941961	-1.3232013107362839	2.0654760981971085	-0.46335075680908666	1.4784036083655518	0.0360255638640794	0.4425559269856212	-0.41047830323423007	-1.1931181790746468	-0.024216840826548847	2.067984031038395	-0.18887358114221264	0.7860585429702978	0.13872071765232796	1.3172701293493612	1.0988925422676283	2.9455820572413423	0.5081215330591426	0.6063918859392992	-0.3762353901444033	1.213661084561684	1.8114576953989623	-1.8719770186842677	-0.8112491687010337	1.593213535505602	1.3571846597466877	0.4530554808912255	-0.12307198954565379	-0.1702663435144336	-0.5142991893427329	-0.04867097153947064	-1.4936805831935906	-0.326808436624102	-0.4437706226820737	1.4560912188989308	-0.12856059088434968	2.018276270792623	1.875415484895341	1.609972584590257	1.9113031881997298	0.02504608694988253	0.024497557735976727	0.34694352230618897	-0.32253458604109486	1.9198061539233784	1.2445791012917615	1.2411088839895426	-0.10377789621812994	-0.7926980602167042	-0.13281462757458762	-0.12287600793622211	-0.03292004522490899	-1.912404749839828	1.1890404670824744	1.2384120565103434	1.9899549062595439	0.5643996559204947	-0.4742190232017034	-1.82417432995992	-0.09818926922943305	-0.8661194642421535	-0.6684295696697777	0.1306593642376832	0.4569365098395126	1.2138647154337896	0.6949248797226444	1.3746214868953963	0.11621412346725446	0.5217774161939275	-0.5937015546308642	-0.14474384377281702	0.19640495886825704	3.4917589148246178	-0.15306576739016542	1.282951627019	-0.30493422848504714	2.0938631953941487	1.9891609139753008	1.7395449947502186
MB084	1.5055418102047469	2.512501188520199	2.068829912905665	4.830077155323711	2.553968957539416	3.431599944779398	3.9724489777494165	4.805914039379885	2.4030636244004304	3.516668774844395	0.782633537399307	3.9799678944116046	4.015226713606853	2.9860412465147537	3.5758730035486934	3.2353462094716106	4.933358865227074	1.1038790876897364	1.4353606780022021	4.798892317169677	5.620187142270735	6.029206088080008	3.404802217439772	2.944102231721164	3.2056686273756894	3.605079249955331	4.853410583349934	4.272197500706073	3.474151541100719	4.928214176616648	4.136321498561399	1.9401985988821924	3.308918460081885	2.7531007714064666	3.885814044191359	3.630806586747946	3.7585650423415675	4.650352194232498	3.3292266618006314	3.2023002837822814	4.590361093756927	2.2281452824742196	1.375869716718113	2.8622025877065473	1.0941032853076074	4.031166858287286	2.532155549348249	1.2712557396600008	3.3120925547333284	1.3764088573272382	4.699308104734973	3.5606969143475675	2.857828301496669	3.6507086288590322	2.10040725257938	4.20402262732231	1.0856682524558732	3.2861514962127547	3.128893480133768	2.7238501495039715	0.9014452149214769	4.481254530656242	3.416184920908151	3.581822454639507	2.2163808178426585	3.3463467459335874	3.053396019692893	1.6803840278086213	1.8334303313370857	4.2889997295263775	4.974305778391209	3.7775208634776174	3.81357109777871	2.319911446649612	2.8589276641174033	2.8760925978167533	4.636795528295901	5.48820709326258	3.789415767659322	1.8157266872666193	3.2714905027071017	5.055701497124657	3.142069012100249	3.0091835614632947	0.8561485586567441	3.0914174494377926	3.0271709071564166	1.9912842625638207	5.335384930479277	0.9744825565710116	2.3465420012097713	2.8402933320473096	3.959282509532803	2.8196746911743826	4.608910629624978	1.2100158158460799	5.438338045269235	3.0005641413065156	0.895527554262662	1.493891572434129	3.7802838588017265	4.323413721746481	1.9017325592986563	2.1257776832079376	2.635970798173231	2.4318240370585036	2.722344600838455	1.0644406371854274	4.809014016171341	3.7000297093708037	2.8892604157118003	2.6084151267982136	2.252678775629799	3.5928390039049933	2.2933816210458904	3.437853728074967	1.8324874928754546	5.311372962452683	4.002927722963587	2.8688037908727013	4.048924894759903	2.775441045340597	2.7641733676741715	0.6002156007704915	2.2892658730164497	3.4545583530254866	2.073561245120195	2.3955210605532917	0.17599211005402893	3.7206744709646964	3.605716536828213	4.205632914398329	3.3671451987486156	3.8287144626797476	-0.11377751089668742	2.0068344527048554	1.7384829576921623	1.8738508840674521	4.694871429496562	4.745880977570564	1.8384539598678904	2.342303353813297	3.87605129109624	1.6900206646034608	4.485793247634783	3.8703152117612216	3.8944511452172437	3.04654337406146	3.728507047177141	1.5474234867602883	0.8319483820526958	3.2268585330951707	4.411286281555828	3.852970784041471	3.7608322569908808
MB085	0.15003612034106872	0.5170430803504882	-0.4683520112417945	0.4468542448532755	0.0769065733345764	0.21345736016106187	0.0952057244666733	-0.4329780129297305	0.1119927134894283	0.9457720608736224	0.34127817959660156	0.8329513464525391	1.4986194778523076	-0.28795579701998264	0.7260300962376025	-0.10527329615776004	0.7630197553759883	0.25845767639183315	1.104480390152884	0.16779959137516443	0.10064762704109942	0.36219902682725014	2.526807482245048	2.2231871533433685	0.5784591685375506	0.33679913300740605	-0.1599236053124926	-0.2732803137471347	1.5249081163332043	0.9977964537376556	0.9232493723848911	-0.02218530220687498	0.47585012823099326	2.059249559097627	0.7092713672660471	0.18695348290650138	1.012484689787998	0.9808622009159773	-0.30570944032833935	0.7762716817201252	0.6506605819726401	0.9372127250468525	0.8353166945160329	0.6515611259884633	0.05452848144209277	-0.21517611307315931	0.6244912082080587	0.44472618137568176	0.24471671418906737	-0.8080649653297307	0.3095708779395405	0.17562835788838438	0.5885428022707409	1.836423716642961	-0.5787280606340737	1.4064925963388788	-0.41048391542279994	-0.41095248976685284	0.14554036159651762	0.04634065213460392	-0.42124801722934	0.30401608365659527	0.2229059803438762	0.8901213201482028	0.3779618219075287	0.6131825211445969	0.557979106501099	0.9342590690153258	-0.6038013332345482	0.04087062861058666	0.4424944013132812	0.5892988215529815	-0.2939514426605587	0.7629793698948921	0.16058633315128823	-0.7514287371822181	1.1932690948136742	-0.7124115363971093	1.107285679886079	-0.3437315331397972	0.42545778778285115	0.7874888379227718	0.579703901820233	0.5785074535496513	-0.15650280367771785	0.15595343415193952	0.8823228794582967	0.8721605467530011	0.31633578664008866	0.02029011863161223	-0.10584797802293888	-0.16636609599898744	0.5435940428875492	0.7227593356674111	0.48093445600114926	-0.047982540467804924	0.15428074591677543	0.36405166952400325	-1.7023982247848384	0.2337267064945383	1.4947834727406368	1.691760628108402	0.3453046291787585	1.2649584703163974	0.5858601716413014	0.34104318088997765	0.13799911314118685	-0.4857422143699015	0.9325116518934546	0.048511299324372814	1.1866272368211028	-0.24069059597643871	0.41925112336385606	1.4973994962282378	1.5079814865794825	0.37336682452141634	-0.3785956325278672	0.07648729320215253	0.2979533364339719	1.5446616670098807	1.6415725370159553	1.3720560112297102	0.6210450444406597	-0.2778928597650996	0.2014648952978515	0.7966107192716398	2.9612494559745057	0.49250745448011024	-1.708642207788806	0.953724984491485	0.37629950675887436	0.9861050870414108	0.5520715080069198	-0.5407628803253957	-2.0858529902494194	0.15594038454416825	-0.46150523195087345	0.9365127084744955	1.471454526549425	0.48113911986989866	0.9818959349430241	0.570864272848497	-0.8728886015823694	0.13660015648140522	-0.13772077697045937	-0.02552374908442001	0.4164775794075375	1.4855294851641059	0.7118818832067468	0.08550740309397575	0.8147594382659058	0.13440228519861463	1.2600100852603724	1.5364840514485074	0.7080601792743133
MB086	2.2746664252500084	-0.7913713911604052	1.3727084639539964	1.0661251764246202	1.5311214837635383	0.10898536427436945	1.46327886712794	0.5854005391376571	0.47552755209059594	1.0110146519291883	-0.5101842424428522	0.4198498529447292	-0.2577363177478533	0.6854464850867581	0.029729712893637128	-0.09260383783732706	0.3110897110580444	1.131751065428305	0.45754196817729387	-0.15235567519554394	2.423200647193471	0.21703809710870914	-0.08643554226746097	-0.3578791272858135	0.5206427889743592	0.6407400582123675	1.2192628028494275	1.0850017718295666	-0.3350248774285065	0.681990103668511	1.284217010840777	-0.18717522690440447	-0.31282883250341076	-0.317610279215776	0.003999998433103613	1.532985007679633	1.0079496786876865	0.3460685069613696	0.25493775701371746	-0.5023736913377501	0.7379252743881084	-0.8330835279369753	0.09120550323011045	3.0644660818668354	1.0706630053637856	2.324849998871148	-0.8462620566928498	-1.652101781562644	1.7596656706531615	-0.23963092456078172	0.2109502384096622	-0.2164016711446397	2.3921271737421943	0.5058355114013029	0.9057574648256814	0.4425838454258093	-1.2519374779172274	-0.44585066182057176	0.38261149968133346	-0.2688532729740434	-1.1852297321952996	0.4626748726688241	2.2797399011800934	2.001073477592084	0.7564980238547783	0.750237714180761	0.021623795735536078	-0.46757706088933393	-0.8538209311618044	0.8845731340888552	0.9083372867370851	2.5017462991512964	0.48821864532858505	0.6167184375940202	-0.8274941337013324	-0.06343732569932925	0.3458341427542404	0.8975712211580618	0.5551366392588735	-0.17788931019608611	0.34396024448679885	3.0145784405400757	-0.029209410051481477	2.401355223824253	-0.36730041676483793	2.3237699007180748	1.5291612780069102	1.8562348235252069	0.18417021342116335	0.3435029855277172	1.0426087163870923	0.4293112127210712	0.7069544874239213	0.4725830750388962	1.3086774653433784	-0.6636184766504876	2.1100491496751674	0.9425865701686869	0.15872114864435716	1.9952528755621897	0.7784117446664158	0.5187820682185791	-0.25499532925844726	-0.353236211383539	-0.5218735942323489	0.49153646065130374	-0.8989861987464938	-1.6467492077272432	-0.1502777121087817	-0.14674373380483452	-0.7185854027195999	0.5592138980872807	-0.6324115695789772	-0.2098427411119559	-0.09800401343030085	-0.5847418235770832	1.2900526706682829	1.709210031700902	0.4400191275779948	-1.0223011443510943	-0.7671318694000622	-1.1861571527390407	0.16686119367036945	0.8389580005845989	-0.36159686843125805	-0.6787797420110095	0.9543268752585483	1.2795527886908147	0.16163550492046674	1.6303765485217134	1.4816137334080874	2.3173344405428162	0.44976254195527865	0.47173245389069685	-1.0538726191000425	0.39856454970773747	0.8484843784272318	0.3269184546425361	0.09027786049731645	0.9833203396947265	1.1979473631714228	-0.21651703323002813	-0.7920122192930066	0.6363167587349867	-0.7247618397701121	1.8612331554451966	0.03204822820231179	0.2919791441393169	-0.08434727399932918	0.584649968750135	1.8216705314652408	2.1291248992182723	0.4020160154169563	-0.12222427854451112	0.5562451478878812
MB087	1.5008108715110025	2.199849288400385	1.8433706388686932	2.0539171512186396	0.2766328207171531	0.5264619319400499	1.7356344178861018	0.47411766556384194	1.9809779868947137	6.585294873170544	0.9417734153202968	4.088017783467779	2.3002054544408557	3.803356201418568	3.9018117966725887	1.9446760888834778	3.578112412065165	4.347323484426237	4.273395770377435	4.582047441403628	3.659545454963717	0.6837194199649179	3.051610688066673	2.3206542547034132	3.293106766573044	0.01379216407546835	1.6607578690695126	3.4298838701285073	3.2875300762176067	4.689570268954901	2.6171372537667787	0.802649779636214	2.693996230443422	3.4504149379125817	1.8761238821275477	0.24827373316163115	4.06756290201324	3.510519312420044	1.7337335099428834	2.889284742726785	0.4377792484375931	2.4088649773652655	1.5306050900694226	1.8844705061058864	0.955443138462801	3.934494364429791	2.8829469699694474	-0.5062093435553088	1.3374344883736562	0.6313388783659821	4.0403996830735736	-0.44383242160687075	2.1448815569481248	4.757242017288159	0.4279368037252116	4.442099594191726	0.42195733324885154	3.0681592452393884	-0.5893775072320198	2.0801306916179225	0.4815925913803394	5.001539330298048	2.937381740334464	0.7470325048231867	0.9653125855017919	1.4607978809609365	2.0281106422932043	2.656771083798702	1.2187264892858858	1.19554569854105	2.9077778727284693	2.2617344622719555	1.231800046309382	0.6731577610875918	0.22644823870970043	0.9178186260419032	3.0484196176173937	5.037744096372259	3.6681308511919246	0.8083084635591486	3.4381391985305925	1.0231732491530794	2.3405350050223452	3.1319617698405455	0.09028659473387002	2.146130017850446	1.7301524318252461	2.4655089206557994	5.495181055471647	-0.4381186308234657	3.661362128626517	1.907729270254877	3.134541086983438	1.0675439618465	1.3107340999543995	3.5860145634649063	1.4538662237354565	1.7013314554492238	0.5055208635792763	0.31982199275350354	3.2250595970741243	0.7057715505436377	2.565402408776091	1.1428278937500131	0.6792429527248425	-0.09372732056241162	0.7110253695435915	0.8151290979859951	1.0092178369196247	0.8624666011608166	2.0238898379473715	1.0791601993879567	1.2111516664488784	2.1889377662768617	1.3581365219968902	3.5489176164021323	2.326195004655087	0.8871834791638662	2.726677763487733	-0.830723809938104	2.540830999449157	1.751350938918713	3.292482059858899	0.7725880021658096	1.0416118686307643	-0.9433814631136297	4.03018611655087	1.9146544232673373	-0.7033032989329531	2.0161400683868216	1.357687388057883	1.6890315879472428	1.6739588835856818	2.210642161543011	-0.8855611537430779	0.8130320988879705	3.829180899793381	0.15167062667972253	0.29412500081643067	1.1031917666724889	1.2260975450589555	-0.49842295756694277	2.8156999207557796	-0.46861300154374064	1.7156467667164392	0.5268815704352106	0.5324744526740286	1.6949675811277842	4.7047185847619355	4.100581052265802	0.9812709417201688	0.4442333002929182	3.306560480351801	0.8913903558083316	0.18495294309308807
MB088	-1.350048755704016	-0.9877541855300276	0.9051400509547696	0.03266183640447906	-1.673695010970368	-1.6677277406545414	2.1314958112818916	1.6891564839718853	-0.8540659338724765	-0.26612224588313715	-0.052881474376672344	-1.1901032494366515	-2.1022021680925187	-1.6346557021114378	0.6813344473413352	-1.5785384524018635	-0.43360047277718206	-0.3550296055812563	-0.7400054753393395	0.11761244628238643	2.201741808676923	-1.2064118385483216	0.05489125980363596	-1.0836655323666138	-1.1052481437618757	-1.275872327242329	-0.569319653388975	1.4235688597990874	0.5539754087802118	-1.0783120452896604	1.6502613951383607	-0.24208844278736485	-0.5082111807479839	-0.5693342923638873	-0.96406326328822	0.6632713530090966	-0.3406995415670364	0.6849002928737464	3.4836883447653513	-0.19808918958140254	-0.7767861631333997	1.74761120571375	0.3409968052978787	-0.4375830511717318	-2.1471223225688103	-0.4032391676832425	-0.8177422539891834	-2.593513363404643	-0.6321327501259137	-0.876334593274505	0.028786895570281246	-2.2182557287125597	-0.3535078330119301	0.12622008343101854	-1.1650862849045822	-1.463892128880719	-1.3777909364809577	-1.1942240811269436	-1.152644346446512	2.78361125053039	-1.6229097322479102	0.5183942460302378	-1.4621550267252754	-1.39346681193377	-0.2670148316940715	-1.8651711837041294	0.907435815699138	-0.7466566161321966	-0.6606930272633047	-1.7005700266375836	0.34442948290600306	0.09196029865452715	-0.6802084072290704	4.540408632380384	-0.8887987891341922	0.047244047334984884	-1.9555388903962836	-2.3189357263925015	-0.24933662103383014	-1.0290372086939676	-1.3016936495402005	-1.4167323431802412	4.13572185178861	-2.1120747502447337	-1.960794526593654	0.06651525913547829	-0.5061016864439534	-1.8116053371844618	-0.9920557747532701	-1.6644297235468066	-1.547969985026926	-1.1047217726757568	-1.3812379563071273	-0.8339208039406731	0.13469914546206496	-1.1812583443502866	-1.0433429493818096	1.6681030954457103	-1.2806273380004196	-1.8156302857149633	-0.7463340175534068	0.892595487034459	-1.0769746974764907	-0.455461295297626	0.6964024690608452	-0.7272946899818109	-1.2219826319364966	-1.106313448977108	-2.0446788093698967	0.21565428087476413	3.5395760278415715	-0.9827597396742949	3.932847607528311	-1.7274911815960596	-0.6883205384037998	2.6268495331107315	-2.37044537413831	-0.8645923306703995	1.7742990338182372	-1.858239550463856	-1.0464706383916713	-1.7929202710405718	-0.6395966137935982	-0.31455534932005236	-0.04498009168863071	-1.2549860907759882	-1.7779042535426193	0.6242124224908672	-1.7255427635487557	-0.05985150039546916	-0.09789333637112207	0.4029651349060881	-0.4373410368170383	-2.2038808292985674	-2.5880887898225584	0.6670243810512106	-1.8333773105630993	-0.5137498638009763	-1.3731709766313092	-0.5139846404275659	-0.9153043583910829	2.0076594508293306	-2.2718387421989483	0.0946273212773745	4.657765553163807	0.9583630418862317	1.6398093125242683	-1.9310068249138128	0.7259697870188262	-1.9530057782737291	-1.0503296970866778	-0.6831505755222054	5.0198103274091945	-0.4279442398144848	-0.29844487089737015
MB089	5.764787616372834	3.41570493433462	1.1501540838756314	3.9929617080998447	3.5677747742199255	2.1984777644954354	2.6895146564661205	3.6325186999753507	4.5680977049038045	1.9738649967463484	4.4183641964324085	1.3353525904289212	4.1283366652649	1.0109425560933785	2.952056299048027	3.6351362480966856	5.596887358662789	6.242343641898992	3.295660897140764	2.831656853351384	3.72787077052235	1.0324748153211107	3.643328763672238	3.9733174307886694	2.8704068253913197	5.1488027131460505	1.440318348026409	3.181558534679529	3.867667134189303	3.1993512922697276	2.316292141881304	3.9392990576362044	3.4609157440501725	3.50251389433664	2.5469742679944973	3.937963467537837	4.341378109556228	4.883113794130591	2.218227456959763	3.659587981660855	1.689158925600914	2.7807130675144522	4.984953791194513	2.0661064452018243	0.5768006615253167	1.2908657192855157	3.333383098559578	0.2624288960182337	2.40544098275278	1.0833989556898	1.951254412018085	0.037461980970750375	1.792184936303829	3.0776241125859025	0.9836232358614332	2.7314501428477724	1.6481367402664828	1.5943755073008816	2.0830631691811456	3.0731465650209344	1.6182971945288003	3.140161930409856	0.6208640500606748	3.7977157672080253	4.863147398100633	1.9380184485485623	1.7756102690101638	2.4037207429948912	1.9955030139586878	0.6159857819307639	2.0075567673178245	5.245441852207936	3.246167752110698	5.313879427045112	5.241139901556595	1.3898355647625875	2.7256841784183674	1.2852529505381405	3.4678142524105766	0.9098503944371297	1.3618357818435713	4.798605250154246	2.889044936200463	0.9530099831789807	0.8193916624320243	3.7938431391449168	1.8009846692701466	1.7803268510215489	1.3180708083775752	0.6829100072382008	3.31152124188354	2.8724920971874823	3.643260975912875	4.583073332666945	4.170137708670493	1.789333886604096	1.72275483482154	1.9188065263439418	1.9465739316771327	-0.37149456911599366	1.6283743190381985	5.990212088776872	4.282238153766876	4.881786701837354	1.1115220921717164	4.506246626483337	5.737661678890993	1.0190490011463122	1.2264255311948258	1.7542278675707976	3.274915548849293	2.1144376243674907	3.3258722296941503	3.4519877660222846	3.7219054029325145	3.950177686039927	2.4212752677017733	0.7252852857832925	3.8734366573658	2.9401004300415536	4.132441819878161	2.2829804735947743	4.215312465678649	1.6805888321365492	2.343951070547451	0.6256934073596181	0.788933323469605	6.320868964886633	0.5639358423432146	6.9830781558817305	2.160149010437358	2.2842894770773743	1.9119279456085403	1.8583833047863978	-0.5038914109026607	1.9335881730017448	0.47849602895998267	2.425856471985697	0.7490959229424243	4.815048158494255	2.039934709799663	1.4781576979272	0.25559257364564125	2.7540827750150587	1.3583899810281306	0.4112954009215075	5.51492411106206	3.56886206459789	6.739722476903925	1.5478971872212783	1.4492357306526324	1.9532178401653182	2.618383005243216	5.048228045906205	4.748225082432641
MB090	3.5672761356568348	0.1755701346950822	0.03106033359861904	2.908499450207845	1.0040319486463476	5.348997526046274	8.483949230781862	5.001731133496892	3.0277278348044776	5.442535110236201	2.5412446681381846	2.1495485640002556	0.10366596798474426	1.0547031426925484	0.7308065446776357	-0.834976425385852	0.9306339670249297	3.252222361864864	2.4256145726002822	4.783729120848209	1.9080686272557097	2.962216587517122	0.8191020026681892	1.3031742157726223	0.24997695085184368	-0.4914171917051391	3.690379853180816	3.2215156071842426	-0.36777075413246774	3.7251147088581993	-0.2371886875644007	5.172152927862573	-1.264447709228251	0.5540290863578106	0.1210108953838489	2.5925926564999315	0.17533297714460172	1.2361217821679267	-0.13591610730778925	-0.8496265536430734	5.534073727086383	-1.163231152337997	4.635055991374776	6.8359387197876345	3.5679722302832024	2.813048190228411	-1.0920887397754635	0.4158941821156841	7.67046949931197	5.818457669568193	1.5040807474034041	2.1272881997211046	7.139035784129179	2.990934409760757	6.722551842901977	1.442438350051244	1.80931162986096	3.3776847571188267	1.7240300454809931	-0.4492006282012122	1.8339686144234406	3.754364560926155	6.098567452944379	5.297466211113159	3.381864757528615	1.0110563569468694	-0.5167260153985564	-0.8704916810587973	2.3992100439754998	3.075940935636573	1.8626072892355259	7.968611380038156	1.7899168534557655	2.2379818817987296	3.090134036327025	1.5300346472578354	5.310139939673126	2.914094909502828	4.179193372289286	3.434283048714402	-0.8255413065019619	5.955188999475604	-0.6152721393723803	0.756391002955966	3.5669516692250864	7.481862816559904	7.184376479832981	1.5992171799429977	4.770993017203411	0.6463684178468494	0.8491821362759016	-0.6509177826495156	1.2685292702475905	5.268463158451369	0.6541612220628732	2.306026068888503	5.340510266074146	-1.1455119622862524	1.8647317349006727	3.386540946827828	6.178088464554174	0.18842489803295948	-0.9372129143361327	0.9690211439356711	-1.3402254560703186	0.15356202876790093	0.37259619834459645	1.037620924533229	5.3521915577281165	4.977905119281025	-1.2052382400217416	7.268845776887824	-0.9893784379967148	-1.433352405633423	1.5397777586037158	-0.3859771733465287	-0.44002167787596846	5.194176423510933	-0.019988127722478488	-0.8571476952138974	-0.1751645216291582	-0.9848480575615444	2.132747551953777	3.3790569549431977	2.0751048671341756	3.5309134821427204	-0.4972647426542167	3.338667761874696	0.629761043551305	6.956554450814455	8.069012117436147	8.438200488848485	5.555199801365574	3.4855737402114215	0.9730193401651182	5.170185318141504	5.130973369367281	1.6822688000688544	3.354472523447577	4.700108094369402	4.55631943095312	0.6694016336161814	3.2597938678022143	-0.32544365405134545	-0.40032375746837445	0.574083558457609	2.6587801851241215	0.15572980486333154	0.1157141055802029	5.561072068795329	-1.4688442601309752	3.837560940312601	1.0754514957267505	1.386281968476296	3.6124372327670713
MB091	3.3141499461109083	0.2685082391122746	0.32970944688893944	2.4425885822226903	2.172601088319775	1.618536618538184	3.5780247663912697	2.6547375876746457	2.36799315341419	3.7977477113297846	1.243148873289381	1.7785861682259467	1.0104413576384204	0.7283209754515516	1.6449157151201597	-0.28406282917636094	2.5777926289996964	2.238801898903903	3.247071489075635	2.8012471168476747	1.860809624400896	2.411030728937086	0.4087932375418024	1.2117411198065202	0.00510072273021045	1.6413338913090794	0.9400764371962405	1.20423884890453	0.3835362505952382	1.5428851223747069	0.2700964601838036	1.023233562158608	0.23373517739175487	1.2744076688852024	0.5135132322924081	0.27359178009251206	1.068134351460576	1.703093115732325	0.14806578120576752	0.6485077559002317	3.2857407023938308	-0.5778081770919927	2.28686543406379	3.0767699830695303	3.774140243837669	1.7429494993371213	0.47423195081848224	2.2198842583458163	3.710062655548482	2.7661126983182047	1.6553429190820834	0.45576892816002346	2.9136768833227773	2.528542615733345	2.6577095798391923	2.4768765369100425	2.441092621671306	3.3712414922070604	0.38034580626146486	0.30273332544429277	-0.5674029139750569	2.979174653091799	1.9734961071162447	1.3707005351993624	1.6893238306298821	0.6331564072220459	0.6048712280238977	-0.3701780276343909	0.0002710513460062458	2.328141766968966	2.566521539395344	3.053072038081207	1.8396581163173638	1.0599948111360957	1.7080648479707214	0.2374941797727228	2.2728238802110505	3.212757245489379	2.4179164229832484	1.2950510864962528	0.21043900826122108	1.7558870378356284	0.988721084642231	1.2709280579461977	0.3709382109801975	2.7510203143477385	3.0348660742004405	2.6113618222143256	2.746121001458744	0.8147256100819806	0.10045022777473811	0.09160318312154025	0.49491985700845387	1.9905843736110231	2.744599590161549	0.315394676573602	2.084872289445636	-0.40930373857852587	1.179370700910022	2.1071502476893214	1.9678437553252754	1.5429347015064012	0.2771020851801378	2.8826494146220547	-0.20302783175176753	1.9831884111657256	0.30857652386799383	-1.0307373181194937	1.7131906996209247	2.5733958747787895	-0.12773868972106683	2.1810234915341713	0.3079177037860168	-0.3637482365103306	1.1110329428955392	1.0356031002175303	0.5146450615118816	3.717157862217374	1.1994518122605289	-0.27123454917243794	0.7496992944335155	-0.6764014569387946	0.7256561071756398	2.3669744414480425	0.3465523049479149	-0.05193947228136775	1.1911933260283352	4.802397959036577	3.751711188332811	3.2363773239598608	3.564495641344271	4.2279789231707845	1.6989440738120516	1.5785327947322934	2.963992082204812	1.3767800781086965	1.9141292938206735	2.3273812850880446	1.2848478360097193	1.5781579991439347	1.4615908922463436	-0.19382636808177622	0.9697252656618733	-0.1533562316941568	2.0291410737757865	0.13702596253826016	1.0118263689108815	0.19263945924560044	1.405793354014154	1.7001151996120853	-0.4536702831881865	1.326429918251839	0.7889224017157215	1.822487170223881	1.3045405514143589
MB092	-2.6991116479353607	-3.3763499381379685	-3.660975690401827	-2.657583769593929	-3.581006026342127	-1.3692196030952726	6.605744611746869	-1.0724224486223122	-3.094447941720274	2.2525096114093808	-3.437465647147322	-2.2872033718507794	-3.9001784832555275	-3.136601147985939	-3.3038452704320953	-3.8793764437295657	-3.140334817426127	-2.8944805648992755	-2.50426382860897	-2.420222665816656	-2.682934504832807	-2.0291431068810493	-3.791905380219122	-3.6854900764307397	-2.7878936239417813	-3.236968144855238	-2.4066222856753594	-4.084148863997296	-2.8940147134026644	-2.5231916011726216	-3.8957441183720753	-2.810505075141492	-4.007327157060074	-3.914572589686937	-3.6026371492398725	-4.035915254192398	-3.124181213341795	-3.232807721350147	-4.421634778075007	-4.1830626454159265	-3.0887344375652663	-4.454074167453315	-0.7581847905827903	-1.256688477662907	-3.1530333805519124	-1.222836320513835	-3.8651009002430436	1.7547845013731092	-0.9358796080081504	-2.221530467593716	-2.1416443477065954	-4.268615198778841	0.1802218022710722	-3.177274908590862	-2.4972327600834188	-2.351381251978797	-2.0687632345711346	-2.641305778829407	-4.087491697368974	-4.050241123140432	-2.6167849238514993	-1.750580085946817	-0.15694792926536394	-1.6069055694672691	-2.4711652685692744	-3.91778609608898	-3.078328391056913	-4.242196556026108	-1.2706413131625265	-2.7991738458573217	-2.1239468379655904	-1.8170573319141212	-3.5142623156400745	-3.388661046500852	-3.473060050343628	-5.328497315715111	-2.4751285330906363	-2.5922247514861514	0.5951618230431865	0.5022882302053127	-3.922612280828896	-0.4363692752657311	-3.209439930361772	-3.252787334634977	-3.895736779850301	-1.4684519857426022	-1.3661462283349994	-0.7062256016361594	0.5915913193987006	6.496597495972139	-3.352493769870682	-2.4126558158607265	-3.18057502564542	-1.9238688894520628	-1.720769194736663	-4.006275712970728	-2.1526528451925078	-4.620865131743538	1.7955249706645393	-2.6753966058195324	-0.47882204519452465	-2.31359775178459	-4.35781649530036	-3.0029612971589703	-3.9733094389379344	-3.2134541461580266	-3.1891170405270923	-1.398483065173739	-2.3017814058431174	-1.8579911863242717	-4.121575701359309	-1.1226442015613873	-3.583243620460445	-4.198190017503524	-3.056200419114563	-3.429971592568492	-3.726772470885315	-0.5590407727954751	-2.3548746281302444	-3.562025861546549	-3.6426685980985845	-4.276254430268191	-3.233737413113655	-3.199670934189994	-3.377896005644942	-2.0485718292442883	-2.6837666327828273	-1.5504282196348225	-1.7289574224886586	-0.7847471163329001	-0.02171389618660058	-0.07195764763791246	-0.9003757559995513	-2.214754859152368	-3.1945283568964644	-2.120156979602733	-1.7811871804037072	0.423158641973556	-3.670499429815676	-3.121314250934663	-2.6635321634091085	-3.383663691942944	-3.8773709466390827	-4.015296782181897	-1.0901720953235792	-3.2772957338689173	-3.183695438652009	-3.42048165111511	-2.5622772810372716	-1.316687569921486	-3.9365480318731905	-2.2402791178143566	-3.679181651648488	-3.500365285476345	-3.3448825647012725
MB093	1.4765716164207419	-1.6637553828380671	3.005877169209657	1.1931858983902934	0.9242793355532974	3.242198438263383	0.4122262360699178	-1.6208478994610562	1.455115853298107	1.136114678170018	0.46973889892826026	2.3431167625450477	-0.233951553891246	2.4237572865597103	-1.5099791993907061	-2.179152320386301	-1.501204330429169	1.187088148420238	1.6997800885663228	1.286163887607965	-0.22883462680618738	-1.2263161814799677	-1.6426996378851193	-1.3994817940545028	-0.6600810216679198	1.721456090445935	-1.0034988048809694	-0.8480870762934298	-1.1778306725565484	2.2803577798164927	-1.3720861416243668	-0.9351880581928231	-1.9945641587703706	-1.58928831196436	-1.0047607172558246	1.5558939495783726	-0.8904336418830097	-1.6283331213413401	-2.4714603255537346	-1.3314261811736738	1.4169979274457623	-2.5097989922251616	-0.7956120045780679	0.18641607999303744	3.8840201929931837	1.0406974911657212	-2.351361793339147	1.20946790944169	0.5371176048570909	-0.7820107844076443	0.3940130993021409	0.8459377518087292	4.526380834487796	-1.2947019665893276	-0.6472707742884918	-0.061455726769480634	-0.2681734376889473	0.6687455744742028	-0.8549738603103938	-1.5849289472590025	-0.7188234156509665	3.0694503922931053	-0.6932205510867568	-0.8296479628028965	2.364276238772991	-1.3108830136985326	-1.5555825212032905	-1.259831833204454	-0.5395462798657569	4.2043492730291465	1.6055448481265042	4.814403563897315	2.1840399269385395	0.7696631322572829	-1.7024615580870375	-1.0165331046887829	-0.2972802282262066	-1.1858393342496605	2.34710831105659	-0.6592374894218089	-1.705774304477667	4.7986820311872105	-1.614412866050178	2.328531635154344	1.4795211561572579	0.050799118044503544	5.722484815789247	3.7500826259059856	4.488603905902333	-0.7935586257546348	0.23367186301473808	0.8560094033963734	-1.634249349903814	0.031182196838825504	-0.9529000542324226	1.8455067681005142	-0.6537516567689998	-1.6062546596799896	-1.079148633662406	4.013070681102055	3.1500140885431795	-2.126101330628467	-1.6355166745812078	2.9745094326779116	-0.9226886263704701	0.5753518889726355	0.7254000901335775	-1.3203670718218437	2.5579110726855445	-0.5932532178721708	-2.5068973577842284	6.534223760152832	-2.3435007676616557	-2.5718389505330066	-1.6202910026110997	-2.3070544870986094	-2.165756084541691	1.9297784196144185	-1.6336718735818438	0.6783356171677353	-2.1737167766662164	-0.44825665182978547	-1.8551017671207273	0.23575265951737023	1.1830335779256167	-0.48503347057778434	1.1837913420774635	-0.5996814994161266	-1.6953244500951765	0.3237464491833535	0.5800254854912001	1.3326454158973444	-0.8403916404147704	-0.4148099656734825	-0.43499390244253355	3.331387167185719	1.3102877646637996	0.441010138092798	-1.8121998964256587	0.1615477946030488	-0.8097793544216572	-1.6567246721944535	0.3558222606535608	-0.2125376119688065	-0.9535304579374664	-1.1835477331972948	-1.3212310857728742	1.4789680749999619	-1.2313356208292312	-0.7848893344577377	-1.746463008164861	0.25418395353733914	-1.4279421713643163	-2.0577229134491546	-0.2692587458511486
MB094	1.2898921603598694	3.526101759685064	-0.4745127258518522	-0.6656227607323508	2.7013965799418154	-1.3033557097392716	-1.338795041916704	-1.1592958239535989	-0.5675088272121265	-1.178679660177231	-0.8848880267261219	-0.29122696688639316	0.7784775650470719	-0.9935422292808536	-0.10834834909633173	0.8323262896261951	-0.860982334002558	-0.13057077894896452	0.22466839931473537	0.11056935799706658	-0.592644296243761	-1.7406063072032385	1.961577568867157	-0.81224985377228	1.9158187922385919	-1.1315085506678386	1.0533468007667572	0.9323210154087889	1.7185688600730744	0.009931615402556382	1.5694222928309252	0.798385452358529	2.724250280343881	-0.08609801465708777	0.7269033112425403	1.336123777435728	1.8433972589886372	1.9216566017282837	-0.6776626365526743	0.17969580929221607	0.3723996169233299	2.224912318993387	0.005908335458865821	-0.2728729601905897	-0.3689737502752557	-0.5197236204961815	-0.28827858902638415	-2.1449056511014604	-1.3644926632127028	-1.2486706348837746	-0.6902926348030274	-2.636727980558833	-0.73211794647003	0.09020058808389031	-2.2662992670389475	-0.23692413696815073	-2.0475773147974348	-0.2957912769102027	1.8397497926416273	1.3838610079183349	-0.9958412054188308	-0.5933917398879238	-2.8545249413719365	0.7407638264906584	-0.48695606067754404	1.7932966909261108	1.612674523712128	1.3359160651329045	-0.9744307198496216	-1.209789946864161	-0.1375495243275502	-1.9905419310854846	-1.6833173327115372	-1.5339084174066056	-1.2878302219890276	-0.36906288486739136	-1.1137604591725303	-2.951696949828099	0.8278492264265847	-1.282282228882707	0.7706817127076482	0.0044677681420672855	1.0373846435872371	-2.606755500013014	-1.377138138152917	-1.8896852063995961	-0.5608201208100319	-3.349273155366676	-1.172358646695427	-2.147481605191695	2.145011125053962	0.8226993624467589	2.55437982609421	2.8005353791119445	-0.10836016483170674	-1.026712239894982	-0.4929411815914104	0.276919396882894	-2.476406590037344	-4.0137316114098756	0.703678434198018	5.04239876446259	1.685886582786968	-0.07790596268759487	1.062447985350004	-0.9795117297250311	-1.6989185475351416	-1.6285377201794375	-2.2984741374381805	-1.0944311135762863	1.0174126546647306	-2.1704987535927263	0.867189784565614	1.8297467395037188	-0.06718137047620765	2.336787497109122	1.081742855271587	-1.8692865267027656	1.3676941717757218	-2.026533117700077	0.3526225605417457	1.9725477274556802	-1.6072972846982143	-1.8125415234118538	-0.911561136827661	-1.4839547945670049	-2.2199987011251654	0.03175769388480987	-2.0724935174869135	-0.5369043807708369	-0.9439528323394484	-0.42679073182976346	0.13363030554971722	-1.4971086301303433	-1.6787205038853266	-0.48694554216289276	-1.7714115114635103	-1.267576486504975	-1.2704221298415082	-0.6407024779694872	0.991223660632981	1.114673382351266	-1.6393538432122305	1.2974377344067545	-1.6853193339983559	1.126406440061766	2.680952688100862	-0.1759070596076553	-0.4592395493773722	-2.2923784983694677	3.9758841797269273	0.36746019821745435	-1.2401676493730864	-0.07603429654018079	-0.3273787651426776
MB095	-0.2894100937453974	-0.7801162965086643	-1.4198815777443237	1.9168658584137237	-1.2144576396112434	-0.9530443794085244	1.066015068179123	0.08186873630024216	-0.31533027288803694	0.4845442288973931	2.5847931357614753	0.26160910737165466	-0.9181097759075749	0.8236073622802689	3.9276318036309155	1.3400505756980845	-0.5530936994690068	3.802750513216825	3.3142381807315466	-0.0011503415598355105	0.059006501243503706	1.121391238763076	3.6100565320868654	-1.060093623323037	-0.5248515015876238	-0.37403672396502685	-1.016987265865982	-0.6106613243543872	2.8628947142089674	1.247114915997117	-1.1728325287984767	-0.14239359616362002	0.5125003235989576	2.545578905180439	-0.9115406709120029	-0.7656795381854788	3.8127037697594197	3.8518918605947965	0.23507090660524987	-0.4355310307433822	0.5914153473695647	1.5327709847872057	0.09504567923818819	0.7364124081374541	0.0064597356113687	-0.563543639656956	1.335537548682205	-2.2162448379839486	-0.1376327316581616	-0.6534759234546552	1.3562577470234052	-2.150463159477308	1.6142910418467045	0.31180116729817975	-0.4885665958165397	-0.6838033926492919	-1.1233886879625903	-0.933710183041681	0.4098130194948384	0.7981820677405889	-0.6432770919580992	-0.14775931088259853	-1.0702742014550886	-0.07240621400534053	-1.2928581738271099	0.4655516934094859	2.0461584900953413	1.6900380830464465	0.7278526761660071	-0.4744732895755934	-0.2724241539614951	1.6681404152275991	-1.077227035362034	-0.8773253360591475	3.61480310343984	-0.4095925514841916	-0.3443991814573302	-1.1903794609085416	0.2997515700933615	-0.6287929325152462	1.8747169027107278	-0.313006501078549	2.043441643296414	0.1824135340977211	-1.1714314624005446	-0.32872893035091977	0.35314534047010504	0.9076333035726325	-0.07764942601953528	-1.323199039108637	0.25146350037874843	-1.0457352036727139	-0.15722014842239407	0.7862936807032472	0.4527476179881038	-0.4109897512671328	0.3405322567900768	1.1847107323835457	-0.21364779047738125	-1.6000238267052644	1.3477308231588827	-0.12049477045608015	2.199088052282754	-0.25235988483312966	-2.113860934698139	-1.2703036869796271	2.8111374268379903	-1.153813435944766	-0.25605081723226597	1.3144898711273019	1.9828848001129593	-0.03626271504545464	0.9296117608014232	0.1268270806545102	0.2836620657100193	2.405706931484163	-1.7831999671821332	0.08561447045122428	-0.8516580095214161	-0.6293044072631853	3.139295998684026	1.8426144265508704	2.603162021315738	-0.9985745426885977	-0.24016923907300658	-2.3078598469690252	0.5231482950957513	0.6374857692897802	-1.497879305092237	0.5974067990721572	0.1461372599948021	0.5029403910507924	0.970000897568605	-0.037870924282565	-1.8521921895004088	-0.47164197589988355	-1.226833481541421	-0.6577553146286022	-0.5263052995875555	0.49914913882141754	0.3941754511212636	2.2878477012545186	-1.68324000519417	-1.780466431143493	0.5979286870602518	-1.8951188684863949	-0.7334914918374569	-0.6946446979318965	2.987364628186822	-1.0529074519761874	-0.9139808818356094	-0.36134352476940634	-0.20732936917187494	3.977049483709205	0.18269559985023864
MB096	0.2994027341442287	1.6745147199917483	-0.6256132028784602	2.4999171280805346	0.7529427370247905	1.1872697772288774	1.745397980234479	-0.15643194332679755	0.19088538137893885	2.8041297336654596	2.854152822768743	0.6065133291399958	0.8789836020104023	0.24103206033166558	1.9229965543523075	0.42750279972737726	3.2684835224086717	1.432360597236615	1.9553941618552857	0.9107291209830981	1.0542483352235514	0.9951248271067694	1.939110571447877	0.7790411065110385	0.8594012945516383	1.430368231661749	1.6436036417596034	0.5386726540181872	1.9615051213598464	1.1478111699676479	1.0793207660593218	2.726210934280064	1.4102030805349868	0.5633723644435342	1.1944837983340415	0.1438493726579848	1.8175723121543328	2.759952891143085	1.1485108627330076	1.0593296718159664	1.0683445944809602	1.3795347385807082	1.2511957900447106	1.0688542029861585	0.4217796225846584	2.904997550099657	0.021733264675627417	0.3862061566699033	1.4624226089518615	-0.668667875783246	3.145612569916807	0.3047683301557784	5.129473691584275	0.6840512540348138	0.03817159647993762	0.856742163247576	0.20707424329287427	1.1779303111632498	-0.09860868634096853	0.2955112466523353	0.23751878767161827	1.4940217446847788	0.2700931931518884	1.3180991767663794	1.1422231594703272	0.07097676094459437	0.3506467823857369	0.061312266425293416	0.4189288940444307	2.89026550018043	1.4810641218475533	1.619600461450477	0.4400565022493872	2.500347248181563	2.0485018544963847	-0.4518345150769463	1.1402341452582494	-0.6242468163952051	1.1387084007980368	0.3788641223502758	0.34523367081821643	1.4551892701025357	1.379410536532811	0.34549620016677096	-0.043870139828690924	0.22065444288505276	1.1704035964319175	6.363353100643389	1.880426579221476	0.05889387570135085	0.21229157417777245	0.27674061847276477	0.3592534791754014	0.585363162661527	0.8150061705074476	0.2805866200252485	0.6952835512457192	-0.011431392554806408	0.4802638856039465	3.843404209275449	1.2898174081801939	1.8343606226490499	1.4777259629101218	2.4131771987614004	0.1840467392651286	1.424109002135153	2.888448400599569	-0.5070717754971596	1.010123785664554	3.2566341250371877	1.588787839366649	0.13892182105681172	1.0359185044862258	1.5552556868751175	0.9304271335453818	2.2581756337896186	0.2646109194854276	3.3729311249134986	1.9962245522457351	0.2666977817653695	1.9629700117745488	1.296666807872338	2.170027394943687	2.4523574914942188	0.10685695159667219	0.803472498145128	1.744941072539592	2.443942475338801	-1.1698626154467942	1.6792212123972936	0.8449241621202699	2.0920658381196438	3.5920825505042426	2.4962315219813043	-0.805956823576178	3.3939605602082548	1.15028933917562	2.358515219833502	2.0733496373950766	0.9144307033803232	1.7731993887944757	1.1061017686639776	1.886010601221872	0.32900166955648924	0.005279582408432404	0.23918013988359732	0.48919612404230506	1.4954534740380625	4.740132407732245	-0.3383123797822165	0.6897080897379588	4.174182770339921	3.158567524183942	2.258227785272929	1.0064759715916232
MB097	-2.580009695648126	2.749178870377696	0.3512639304534311	-1.5538016016811014	4.314211190456124	-2.7701994212387753	-2.633589366713876	-2.7129063848145574	2.665419520096325	-2.499872392619322	-0.17162755705036048	-2.8121583425617978	2.436352860399948	3.936947401832522	-2.369246575897451	1.0740400412873914	-2.598224247740787	-3.413367058616382	-3.1352771978316643	-0.11015168259789831	0.6719399649720321	-2.412099954796739	-2.456115686401608	0.9490270848116342	1.593449125532616	-2.4918562135154225	-3.8099622831928404	-2.2886663838317194	1.156051025664845	-3.427433467098494	2.8024176003650263	-1.2445756208920962	-3.3974843956718823	-0.9325826886665496	1.6270503842061803	2.5456036750483904	-2.6805539225391373	-1.609800123574125	0.7209523703135874	-2.5694216276292305	4.542022869954986	1.6993004687832558	-2.801531969123138	-2.352591331875715	-2.728838473755774	0.10851580106468184	-3.1105900598070617	-1.8237668249963033	-1.8939486982650848	-2.040120565187337	-3.31842192641626	2.58923094781035	-2.8466615852182766	-3.791610910464561	-2.183039297677558	2.2424017106788314	-0.7933618520320032	-2.5112548698357493	1.333240267306775	1.4838333654105798	0.26478744846333946	-3.5321828817576826	-3.266323038582847	2.6891370214644894	4.408017861340922	-3.2356811418659106	1.846949712153811	1.1048263045110405	0.410941949945542	2.4572950800535382	-0.42692196740040345	-4.081948289330882	-3.5924233217490347	0.4904647493699601	-2.919856982804614	0.6123455563749118	-3.4385559571534685	-3.0538495575039217	3.2935866764263046	-0.6906381001693784	2.1894831460403745	-1.9445207200901287	2.680288813348258	-1.0366764136096531	-2.4785839024418905	-2.030051224198136	-2.2612815511491835	-2.14378643697224	-2.8439586460682946	-1.5725192229927458	-3.6193711293533397	2.3840336700851337	-2.802270821295628	-3.002479065338976	-3.4953416322766095	-3.330189866776898	-2.9733359620863222	1.319632854801828	-0.6279157556196804	-2.584213669736622	-2.7433695091108206	-2.9117058411161896	0.9646782016057953	-3.2419762826817156	0.09695944505386311	-3.0881364445381188	-2.7539543504977235	-1.1352762441724717	-2.443932398484593	-3.060836103652738	-2.714560554958294	-2.5435468106569292	-1.8099381968110944	-3.180824889372234	-2.632615631041687	-2.668888106979322	-2.7029108031687485	-3.091787513853447	1.4363272698310148	-0.2757909506706122	-3.4895167535139127	-3.7390830072846324	-3.141372290716186	-2.749646595105526	-1.6004371997909406	-1.5524730025141444	-3.138378058296567	-2.6616592251880924	-1.6986372987059752	-2.1996707972621685	-1.9712738185265781	-2.91290832228875	-3.0973232145723006	-3.466505745003147	-2.097889500070842	-3.652717693761643	-3.138113467169452	-1.632428633968539	-3.836186825148795	-1.8029928354655897	-3.512214428670978	1.2782169410376323	-3.305542463970262	-0.5462156728806189	-1.7730783133881332	2.6719030505462094	0.1482193255697375	2.4001571326563536	-2.047538522503711	-3.6472251961295505	-1.9835488147805815	-2.902648601817715	2.3746079820103114	1.661276992886247	-3.3372190072497823
MB098	0.826919601943426	1.0173419268002233	4.805191035646809	2.4332112601672335	0.6650358542380861	1.0006547836949018	-0.23911430573448378	-0.5802395234696895	2.2111463607687583	0.18724812803869462	1.3225761057767027	4.407553034569223	3.0929980658232674	-0.08863650559098879	2.5666217954603443	2.7978885729351086	0.723026677645537	-1.256595446095302	0.405301679625623	-0.2418445775007747	1.8965525048665812	-1.8815175213548372	0.39723943889125124	1.8023022500665817	-0.006456952204445976	-1.1177704751691362	1.1879289628949206	2.001098196060143	-0.011671105187629038	2.8764973864533534	2.6587329826334525	-0.34386604072253846	0.04534095740862387	-1.1770300518916255	2.7644356541318524	-0.55853861410821	0.22038723938545335	-1.4192995558451145	0.17850652350266838	1.103959670315355	2.12633452815046	0.026566528117068167	-0.7732924085846946	-0.6007292454411619	0.058238954236292884	-0.4578439606961293	-0.8356367173090335	0.5442442795208571	-1.2963299769928351	-1.7764891203316218	-1.075628789086272	3.109430755262144	0.2743405725160528	-0.35842811836488053	-1.4708029294715494	4.476907677060131	-0.1721248579558221	-0.5383693577854398	2.8126033365157683	0.7390471390037048	-1.15443231871879	2.6864697737772847	2.8088754225562615	0.3591529345321556	3.262121064456883	1.3988125750901261	0.977021196451255	3.824907055060107	-0.4130539108911684	2.4395502208722846	1.2873910395189974	2.3379485729100518	1.2769310276567767	1.2498973510887996	-1.0734359254460788	1.0979869833533433	1.184191008885402	0.535181754384638	-0.6475630038268303	0.48274665104771763	1.499416181677903	0.9575046044558988	3.614978150516511	5.2015982138519	2.8916605063891323	-0.06228218391301432	-0.24376394681673474	1.151941240370851	3.3066429190556645	0.7114304452156031	0.38096387719074354	2.7088266120235795	0.5251128327946271	2.12949667689354	3.680589960178926	1.517875968174283	-0.3223024699790642	2.667433811360149	1.7886358805037208	5.797002125399143	2.2618940524888433	-1.5293362503463612	1.2807948092469372	2.9599646619099245	2.290462917490477	4.697348285816853	-0.8422568581360608	-0.3733531688068119	-0.6571644244502011	-1.235421232501288	1.3791130143944281	1.7487565623703176	-0.6305347067237168	-0.2585227171922142	-0.24608431683214693	-0.6206337945969604	0.16794035313068534	4.495021773595477	2.900254202895427	0.6894256505653873	-0.481884261606055	0.5297792146225886	-0.9700853862813013	1.490121152453212	1.8979455624507038	4.500525261589903	2.727954590874565	-0.14757459624012803	-0.3257605938885657	-0.054810184498329306	-1.5038121822820631	-0.6806995681423942	-1.712795253309869	1.004089602318854	-1.5172949656772072	5.318939952450153	0.9312123841386004	-1.143445784267481	0.6447559790266588	-0.16757982758720047	-0.9955655299766732	2.5261790800414277	0.22260213544939056	4.401588296824684	-1.910520138298617	1.8568121929837238	0.009049732794677467	1.585294631381399	-1.040533065495568	-0.10000588093478235	1.4017011114205227	0.08581642294145375	-0.47689287042544315	-0.38228097953326845	1.3922478893815304
MB099	1.4838329358117797	0.30864119174245097	0.3545059555607306	0.3374270439285798	2.1152521070851407	-0.8883490648585148	-2.7243805911854135	-1.0716593744880534	2.343517644314576	-0.9708369238002419	-0.0033842002544730576	3.3691445689698414	0.12121573688148146	0.6170323448216237	-1.116613232896011	0.6892058650669517	-1.6099998077866244	-0.7402066275532082	-0.8250625712447253	0.8327586297409448	1.763769298291705	-1.8885806588871645	-0.43268865064539064	-0.5710820022161807	-0.1551011842411114	-0.6022497428649398	0.5413894179853225	0.01807972666032942	1.0350260572779826	1.4497898749674585	0.43364778156392525	-1.521287295371513	-1.1080724955637882	-0.8618240610368453	1.1320305653610703	0.5134948581049583	-0.7559901241615323	-1.7373974589724241	-1.0443475908943993	0.7403016115772241	2.009915222396537	0.37727843289066065	-1.4117464304628715	-1.1184754364463068	-1.33727070324926	0.6917339731049656	-1.626095182026753	-0.8083793655897118	-1.931829236639956	-2.286910341005793	-2.0537960314814736	0.5067582178377199	-0.6608509929927102	-1.332718823963285	-2.3571262555130836	1.6810163694115214	-1.4973150702309237	-1.9872078841921201	0.6481814850255452	-0.22313932013760507	-1.2723183775942992	0.043694154085605064	-1.611435244820072	-1.6406683840122547	-1.1473626577534919	0.4558823987691012	-0.7849157605998309	0.2222676654676219	-1.3846338818665167	2.3987837235185507	0.1434135111349999	2.3388808218331043	1.1511204557572619	0.5164567457734348	-2.4204728669116946	-0.8752214859788428	-0.194045254787806	-1.1768204551549601	-1.3022785193017548	-0.46335075680908666	-0.5784107599219519	1.7804607675514719	-0.33372425131901107	3.182832567354228	0.9449754002366353	-1.302151520639681	-1.9245104093703649	-0.8986301577440923	2.391334660356418	-0.010048842285051762	-0.45747723009704977	0.7089351758837283	-0.30435214886067286	1.3207393857751972	1.6540179410193643	0.5764208727774456	1.8074767549128037	0.315047931820124	-1.4094902374122036	2.0608870850731167	1.1481215602610044	-2.4016253098464997	-0.7660443149841623	1.0141055846362397	1.2627464401947748	1.6793241916722774	-1.938241274117411	-1.8880743292502107	-0.13195214446160364	-3.042659192443466	0.4161990508003601	-0.8117624000161285	-1.2300088355673573	-1.88933147375573	-1.6131971105221803	-2.855393004981451	0.14394262592406015	1.9456046387093124	0.2139030096508483	-0.9440957963382539	-0.7187325843291799	0.18525402137394842	-1.4592918977971063	-0.9515911585787507	-0.34648926593291307	2.0451572578382367	1.2275315817756258	-1.5499960665842423	-2.3872972096901446	-0.9022183418565319	-1.8168564967367633	-1.1216782885339782	-2.3955431854709914	1.170004610192719	-2.6704711096665754	-0.5258196103079005	-0.09911130017821179	-2.4673729025574875	-1.8314315990438175	-1.3501437557294018	-1.6179516383485755	0.05752858277864181	0.07575780427244716	1.1941639432097695	-1.5923197122609913	-0.46483096897965925	0.898399595362755	0.14579145856170683	-1.3652370771773619	-2.184535091769355	1.0998880614638828	5.149602520534083	-1.3752304468400105	-1.7943690118707547	-1.9614097822379986
MB100	-2.8618666672491084	-1.5854963570648533	-2.755251173511583	-1.5456671326253044	-2.137571203043132	-3.367815930948188	-1.6025329429073025	-2.9789654893219915	-3.3804183411320086	-2.4043307354538044	-3.04802224838458	-1.9407717769716033	-2.6747609644766532	-2.7545822715206167	-2.5466857258272153	1.7822792090039492	-1.4021441705138136	-3.3939833159444515	-2.6951932743221167	-2.3100920874973436	-2.531345389499651	-2.092279058936393	-2.742829621433888	-1.8069677799017887	-2.052262866573103	-2.770651973866217	-2.930667257632278	-2.671227610531311	-2.51223904430607	-1.2787069563976186	-2.2387059110539465	-2.7104807144703535	1.8155208912229037	-3.146498041448126	-2.472738375730425	-2.635950270247127	-2.5646449885679337	-2.856794595618398	-1.6928463704361887	2.878516882728711	-2.3371670275523044	-1.6251622178872163	-3.1109285895665852	-2.549644389560287	-3.075699700182911	-2.614063400346442	1.2155135878525307	-1.346426678600464	-3.05109427528326	-2.5888345223839515	-2.344550311699395	-1.9995977604422084	-2.0263575360987325	-2.503023581099473	-3.5651456202127534	-1.9591515426746131	-2.3802588565650336	-2.7502575683927635	-2.103219605964596	-2.479580005965272	-1.9218607798886698	-2.9976223342523785	-2.8635668158014767	-2.817909173945699	-3.2792226302619554	1.9730887779597612	-2.0443831067524583	-2.2045178132076773	-5.9997664731602995	-2.722429936068959	-2.7738256965193866	-2.3662706538971676	-3.2602628607671598	-2.0985266810773897	-2.7314987071585133	-1.1811524848944028	-3.246279644271512	-2.9695107220263104	-2.6451634097701113	-1.472135264685214	-2.5526359729706334	-1.9559121026617436	-1.9681575303780123	-2.0481242045874097	-2.9130205788142867	-1.961102013412745	-2.2309449685768445	-2.5749185144787567	-2.647356073490215	-1.6527108985097243	-3.1519516608404956	-2.5318482433574596	-2.1199482540926473	-2.604859697831266	-3.071741323884593	-2.2854230587051365	-1.8881007087492563	2.5851797627784645	-1.2806273380004196	-2.3363739532967447	-2.245267307702278	-3.2894069964096655	-2.1012246856177974	-0.7545139769155309	-1.295494434879143	-2.92854887749235	-2.760719359258653	-1.1389562942137488	-2.3846260316244443	-3.2486154348308	2.2640210157501652	-2.8424567272834995	3.7650350784115556	0.5690034469036096	-2.3374527371943055	2.8555585947710966	3.226152753140756	-1.3607474956205028	-2.588213286902504	-2.9921745563938726	0.04126131023014601	-2.3936261051793224	-3.124190285840994	-2.735535359259451	-3.079852111759351	3.1684140275618047	-2.009550390805014	-2.6735484788026387	-0.8697208752751493	-2.8666684679650114	-1.449398630901591	-1.9199115322854876	-3.2767766107532275	-3.5550819103156748	-1.3435722788949374	-2.517146069149545	-3.224813661081768	-2.233704102619262	-2.4795103482475067	-1.7132440224017031	-2.910346283050737	-2.129477861101181	-2.503190022766315	2.6032958036866756	-2.340371685633558	4.764463390497278	-2.421232354811302	-1.661256400848301	-2.255122993899729	-2.920699493211508	5.869029939060363	-0.7622556293305358	-2.647837746019132	-2.6354566291153585	-3.088432747463937
MB101	-3.090847235487571	-4.555032702353616	1.7043473963051294	-1.8276915132984382	-3.3030991023130216	-3.6648978789949656	-2.3378893402298306	-2.528829111953794	-3.916649966492388	-3.478871524479919	-4.538894732074898	-2.5948418903639165	-3.651131444791889	-4.333464667035468	-3.4718133078756743	-3.518463028745792	-2.5734560516270504	-4.08538049612851	-3.6495481835235744	-4.6635799702481116	4.195221409813774	-3.0632978822181514	-4.318900901158033	-2.266992557626966	-3.0758398166299292	-4.167763982110946	-3.213614295007245	-4.025329549761288	-3.648278671455647	-3.1128044650907984	-3.7739494038717805	0.30358600191666696	-2.984595862909287	-3.275138595656511	-3.534795573070885	-3.511948855339215	-3.0266018335988454	-2.890838174148305	-4.210773407159091	-4.029816360523412	-2.5270497097809077	-3.6696863940901965	-3.282492237818868	-3.326273428603244	-2.8655291915356713	-4.012474074474094	-3.006275029223043	-2.4670631996300667	-3.4298721129063097	-2.5256061157959575	-3.3589472119491344	2.851509641624924	-3.99449436439669	-3.1817411782298777	-2.915494101420382	-3.9329077559120833	-2.394985394014414	-3.722025021249486	-4.038242896885904	-2.684286388245943	-1.9003168012207468	-4.684651339295801	-3.836896216846851	-4.612307006739497	-3.603090115699594	2.579092819763831	3.4280752828929506	-2.651997817284763	0.9448972393434634	-4.262231449956355	-4.376965710276025	-3.1767469117123106	-2.8896545534014813	-3.8586081710173907	-3.547869139004355	-5.328497315715111	-4.350671038722163	-3.8469052482269532	-3.1217597297607487	-0.3665379906763526	-2.9553628468249213	-3.757075274582144	-3.6856825688945802	-2.3254108329942067	-2.9130205788142867	-2.6760832060736774	-3.273430287867278	-2.9524027181649934	-3.993816702469781	-2.9915889140371963	-4.080517812494605	-3.5120551184006805	-3.24371829620734	-3.648279982878435	-1.9793324107382624	-3.6121524234864104	-2.7330502643555956	-0.7929222705525776	-1.8889202663413016	-3.567420175006312	-3.652624176480966	0.34234298882238434	1.0241516353529976	-4.494394214623918	-4.327776265917607	-4.039880965625056	-3.795947345171772	0.25586681242535825	-3.656788490762448	-3.3016384438389945	-3.547809228798587	-2.3529853778889454	-2.6925118817345037	0.7514446069024485	-3.8577509994259325	2.266923069648735	-3.399761042571921	-4.49592884262375	-3.9268719248532014	-3.0021942030355833	3.151454153545658	2.976313231693397	-4.5432888829363485	-3.349682011842999	-3.657120807480938	1.071446466901227	-3.267812036387779	-2.85680202673624	-1.3216188419010795	-3.5677318792304984	-1.9569818006039608	-3.20648439676825	-3.3208392164217475	-2.8643457416771696	-2.5304708993192975	-4.347647744958495	-4.396925347407931	-3.1676713197063187	-3.981389584022031	-3.6679379182525835	-1.6958095687131998	-3.1040380520983053	-3.1755168813073045	3.4185740286037722	-1.8181049494205883	-5.065923193363562	-4.043903273920865	-3.7135355336252482	-3.1487264247653517	-3.5017206970153882	-2.8390916585788037	5.101538777529041	-1.9496521886419877	-3.3417827457727363	-3.8557679879260682
MB102	-2.522070852389888	-1.6192027149822437	-1.6427361789864499	-2.861812984194403	-1.4972667251118459	-2.416609277481685	-2.609094222135738	-3.438103580773598	-2.294684330502541	-0.6210326973054627	-1.4090003512647922	-1.2438172059574466	-2.0223343687014106	-2.7561099658793626	-1.687419645298732	-1.9443868754485898	-2.1212056072852024	-2.150743970718233	-1.6474211695476644	-1.3199923469937964	-2.155118064770593	-2.7760790144966165	-1.8513015825496009	-1.8985748386638202	-1.1144953196248588	-1.614498979695476	-1.9591516303868755	-1.7502825397348012	-1.6280673212040169	-0.9128952875023213	-0.4606635346258514	0.5097588838734781	-2.520991685151947	-2.624609661040699	-2.320520019430208	-1.6058063197874262	-1.9548273199620292	-2.5477734211718843	-2.707296338463453	-1.7270022979940975	-1.625363435086765	-2.397448414320336	-3.301385568149586	-1.7737260835290805	-2.684733763114357	-1.9414684112822123	-2.2171053742979074	-1.5713264177243538	-3.76928488405359	-3.684716402535475	-1.797955010146575	-1.5910307709224565	0.032322813630615954	0.18629151375150244	-2.835675268694869	-1.925163093526475	-4.476789103133065	-1.9621538110639616	-2.3267425328640785	-2.123794730465005	-2.224768454822131	-2.9715353680517893	-2.363139703879634	-1.9777653688226788	-2.5190000527658523	-1.9108984204295556	-1.9831221238041534	-1.537733932791233	-5.9997664731602995	-1.3379478208982079	-2.7673703358164428	0.864222597923936	-2.4606315925652833	-2.041543464972584	-2.978544009128438	-1.1811524848944028	-3.542734767135771	-2.0932406659368823	-2.9807268671181113	0.1863077445934085	-1.8040021823604127	-0.7879594342323237	-1.5631492802608564	-0.9873889396054807	-2.435480040076685	-2.994068479739509	-4.172992592853383	-1.4842278704348981	-1.4309682809821584	-0.8580970053903219	-2.0528955152103396	-2.340982267156991	-2.574104848290742	-1.1480977490090787	-2.2906128351298882	-2.0548746203665935	-1.2802306964843844	-1.6944179535250656	-3.094866823587532	-0.8866807241871406	-1.0191866946594867	-1.5738357839439416	-2.146062905783781	-2.643853056229167	-0.9542310285464408	-1.2103601633042338	-1.2003623506069037	-2.296523780722536	-2.102686773938146	-2.8193744558862477	-2.61915169810855	-2.075113552111974	-2.462622418398162	-1.2079625155109124	-3.3288644711334863	-3.083010590282944	-2.335476077346337	-2.0268916201965883	-2.3355138491351353	-1.9068319168452321	-1.7661324251684754	-1.8510229596110541	-1.8017042389195304	-1.6415267487115326	-1.9920073897308619	-0.9946244957694823	-2.0216204691604265	-3.222758354821554	-1.5422872249617932	-2.8778885769294344	-3.203015794112636	-2.6330806449441777	-2.8782128570793297	-3.2532679737514627	-2.6492305753638448	-1.386908186944103	-3.1225238285961545	-3.051710416068918	-1.8157777806608077	-1.6074517145452383	-1.2440685310448831	-1.8952019918375242	-1.5150239408644826	-1.8461306086733895	-2.908659776777206	-2.3049802744784857	0.6795084650190653	-1.5962281140137469	-1.4470687857488347	1.4949792143609502	-1.5374925421161176	6.148726413111554	-2.068063634892784	-1.7443041499572818	-1.9404161777040727
MB103	2.5581772788731945	-1.5329843077831367	2.2450432606610597	-2.7124253118680244	2.819478819495237	-1.9606894447586338	-2.2731507273089218	1.1679971239423086	4.118500680525135	-2.169199397158362	-0.2648283194792551	2.778022575908725	2.74083966164076	-0.12699110603363728	3.171570322448913	1.4961512864523652	3.1835522836014887	-2.992308741332053	-3.269545883649389	0.6695497899754752	1.3466962947766516	-2.226952254270328	2.195050546836703	0.6570033784633686	-0.7428772067281644	0.2828425060668813	0.5297040036558514	1.0019185285860939	2.080918657759754	2.4543497822680447	0.18725442582371965	-0.4723011461755977	-0.3291503509077449	0.029729466500670654	1.440101626979767	3.935613513786638	2.149597019365757	1.0034186030869936	-1.3645257955689845	0.2841276848346208	1.4761633241482803	0.20304084972129122	-1.461988904832678	-2.434236717418857	-1.5936376418915046	-2.7491518921907776	-0.6936877434764588	-0.25347974591897326	-1.265015733677732	-1.6668532416657929	-3.379842833078275	-0.5892114092420222	-3.4184771462416492	-3.895690112128582	-1.480648431438322	2.7190183369085927	0.15400875275656922	0.039174164260968425	0.9858252656067004	0.03626628003683141	-0.3241375441542438	1.3958454497931347	2.1451898120525064	2.5573204941617043	2.228902696712032	-0.28491005077875364	-0.8612700231843773	2.587151529051331	0.1410234570471589	0.9276316735467658	1.8054097752142333	0.32357311175893244	-2.778398931709564	3.939747471271631	-2.573058288236499	-0.6948418756373904	3.3850655805408456	-1.9537759622919193	0.44551267548217766	-1.7989220927321075	1.7374299454789837	-0.7418300664976254	2.9245633748724824	5.031463830392816	1.8000750393744287	-1.5987045496919254	-1.440125758431412	-1.8820745723325611	3.489855231651461	-2.2065146369307485	-0.7072677017933504	2.7812756922595776	0.8706374343891161	2.5002470598270543	-1.7466534454150633	-0.42658303842103074	5.197383203453537	1.212901862701985	-0.5668702371376995	-1.8101351661481004	-2.120921810991371	-3.162488400161891	1.5025757351986124	-2.4971293325910526	0.3894561678259221	0.07394165835950872	-3.1650988761964935	-1.4524876949967602	-3.263662392907735	-3.207660386517915	1.2954932657363631	-2.853403555480103	-0.6835429721861601	-1.740464492986975	0.6331761949301855	-2.658647224120079	-0.6284461634144591	2.554777608776786	2.1105225280643136	0.27027655448139676	-0.9653428355742637	-0.0550721130019296	-3.0582705838754585	-3.0741582971803467	2.1210120414802356	0.48129023523630643	0.3915566388672147	-2.2257982704743444	-2.025393922950183	-3.109644515144268	-2.4871954699763954	-2.8745152444519952	-3.6865907937004465	-0.6740440792898656	-1.9728425627120103	-0.6063633955297565	1.2307241507305315	-1.6886009834673867	-3.433685241588446	-2.2590272203555113	-3.5940988117241126	2.2246338635377976	-0.05179945645438089	4.0236382228614165	-3.400225452565241	-0.6402475870537687	-3.7875484764110485	-1.1629667245087907	-2.0072138555844763	-3.800824598914268	0.6585792607734655	-3.432594967439023	0.33477210530817025	-0.452634341119861	0.7741177580657403
MB104	-0.8692046452989022	-0.8388194278675662	-1.4311848661221411	0.9520223971020458	-0.585013076469389	-0.8111413448232128	-0.9872994522349821	0.08146753159500442	-0.49046835113311715	-0.5229695720145973	-1.3586344979826084	-0.5520555954496178	2.7276070438015756	-0.4880916689669679	-0.8555190389600718	1.7416143099576935	4.07725103281904	-0.9058880551825119	-0.49969191375894795	-0.9404202721855466	0.5984916796110529	-1.5542994938412011	-0.9701913398186974	4.685064338744161	2.9223780400187627	3.4772494282833204	-0.27840882058253236	-0.9855032643180337	-0.8363662101623097	-0.8857660147683575	-1.007608764998217	-0.6196969276091391	3.493789756590018	-1.657390946185341	-0.9543288040969289	3.1125078205912455	3.666861873749096	3.4028132848788903	-0.6485841264086742	-1.3954049098777812	-0.8088628568135903	-0.4246834686015175	-1.0148986520350114	-1.3376763260896691	-1.3005735081565746	-0.4223592452264402	2.13857299295967	0.9367247462985517	-0.3856682374029887	1.8297563971114919	-0.7928911894100867	-0.7123441861990845	-0.6181238210239339	-0.7249833916684114	-1.0920459266068718	-0.36758475881538644	0.6098211217103398	2.405362908763008	-1.3226409472066658	3.0596640328642115	0.30786470965264456	-1.1712752604041032	-0.8506426558465492	-0.8421604085019769	-1.1575239998826419	2.3647903209996155	-0.34227107303979754	3.6116537453575814	-0.005792881069194067	-0.9497804051372345	-0.8884246552246573	-0.4279511954931916	3.9124810661286356	-0.8828737992703086	-1.2837856810688724	0.2156002868938387	-1.2185958921396907	-1.1768204551549601	-0.7932264469947921	0.028498782111570975	3.65055522008184	-0.17313471629457666	-0.9922573538203414	0.178775475742734	2.8314316538527153	-0.5335619620065195	2.1862570344971743	-0.12002217189346176	-1.4292637914875304	-0.6994455248304359	1.844205947988205	2.3095754527347765	3.689654544589836	0.23150151714753342	-1.0422379286345347	-1.2711300854533238	-0.99711875031349	-0.9020188035743688	0.06638808054527168	-0.12297118586050537	0.02783143120764109	-1.2829739116401413	-0.42881348784642626	-0.5295355783680691	1.8556134409258274	-1.0334567171255404	-1.549469424428679	-0.16514678699601681	-1.3648960831409234	-0.55944180455303	2.3672471204740457	1.5414360772045779	0.018425454626010307	1.6118276828236109	1.502393010000687	-1.3926700743922638	2.7626016535702576	-1.4543966896274814	1.2991968115904884	4.012374922939135	-0.7384656748087028	-0.7376880714127783	-1.8817909511931585	-0.8724299648000251	-1.170546161093574	-0.34825913919613694	-0.6131907971139192	-0.46035167439558045	-1.019449978947538	-0.2228245426130009	-0.8618789515518781	-0.8587194408184349	-1.0146023574176937	-1.2481240475518476	1.2451961830025606	-1.0466784035415913	-1.0758424874174874	-0.6940042508174091	-0.776634427430686	-1.1074862442540407	0.10105956858005527	-0.3385473829404475	-2.0140278919957506	-0.41759483568286093	5.14449314204213	-0.21102093958039259	-1.422145757645639	-0.32232244337685945	0.16992740368268144	-1.168932844528669	2.111822476979314	0.802967135004975	4.344544853153308	4.291124203686006	-0.596295717744928
MB105	-2.2090457433283	-1.7807336663922744	-2.2531542146787515	5.629441898036909	-0.846455942332641	-2.224257967860236	-2.1210438554226503	-1.7840690696104584	-2.219193095351697	-2.518268690653125	-2.171167342900576	-1.6707917168695925	-2.4212306664922734	-2.155885587409472	-2.24766022233114	-2.0516555278488653	-1.7793347321789126	-2.334072462411834	-2.1785246599733448	-2.426160113985121	-1.4270576423895749	-2.5127115913103495	-0.8739916901164886	-1.3267960097069205	-1.394514651408108	-2.284140011195115	-2.160123174028472	-1.5218754501168625	-1.8474084452719461	-1.9903307781184196	-1.6964164003995812	-1.1207212407176836	-1.5456144737895476	-2.1530272687967376	0.11829532820698141	-1.521860367688463	-1.8424327087415504	-1.677629072405285	3.8814449396022046	-2.3105002315189402	-1.4112066957448075	3.749126592818834	-2.011584064300287	-2.2197206163234124	-1.608234241374264	-2.186306965790651	3.5977240754196407	-0.7176412131902232	-2.3719537001782953	-1.9062166345745482	-2.47235778823571	-1.7188574002784591	-0.9918039386903903	-2.096348846243183	-2.2238030047205335	-1.8540622470716848	-1.774161939312794	-2.2464127438653865	-2.3663284892011385	-2.1425887326575994	-0.7123052728557351	-1.344276928506014	-2.2031824254455366	-1.9680139045449536	-1.9202247312918495	-2.3227057579236874	-1.2181983852400284	-1.7415800160048862	-0.6038013332345482	-1.850728860317691	-3.184450928341331	-0.5877738924080109	-1.9590502815329813	-2.2166485892967387	-2.845004886660208	-0.5420806129258295	-2.347063378566798	-2.074706216671853	-2.3258605366333622	-0.5992479276163625	-1.2998935918882983	-1.558254863429152	-1.6078136710253466	-1.391977199298351	-2.077582840034422	-1.1398715695787676	-2.75582608077967	-1.1918915596198403	-2.1602685580357956	-2.3516952843513987	-2.4338922293691088	-1.3107661575589633	-1.777351387137041	-1.8513453879047432	-1.9932165762938236	-1.9063287405071332	-1.2118432764354097	1.669038983457102	-0.9988263826523891	-1.8341685471201306	-2.688417805808882	-1.4742021009749031	3.6918171304695493	-1.450331852098726	-0.5457052416672488	-1.9753027225616666	-2.659658074062161	-1.6467492077272432	-2.288617458246531	-2.6847724841965253	-1.911129066506537	-2.1760744090963673	4.244496499288999	1.6758623847260328	-0.9791689199396325	-2.245723884157874	-1.3433248384268666	-1.6969698176387862	-1.945543561133733	-0.7759932809711136	-2.2935709732246714	-2.2495958491993697	-2.8514163834814674	-1.7891556196991374	-2.454664227981697	-0.22369219739176494	-1.467312365819211	-2.493998227492062	-1.2858492737810838	-1.1082486447533295	-2.25574472991838	-2.4696725782193862	-2.2336637243398307	-3.2215466400594703	-2.328381336554461	-2.0919581455862915	-0.8227552457786587	-1.904707885105342	-2.5343531916682966	-1.8810836617763922	-1.534777414470513	3.9022897978177875	-2.100970543988195	-1.4544247417859726	-2.4568987145655345	-1.0506406061408677	-2.7282181472813267	3.9249502221159513	-2.4674670468807633	-2.4908212553610607	5.239035950141313	-1.0584285748438607	-1.0868412183002398	-1.8375682172554253	-2.5919687024134603
MB106	3.274516878489748	-2.9077039808502523	-1.5393506313914962	-2.4113963556515916	3.546806732779424	-0.998987845563418	-2.5763640819686504	-2.170288865587855	2.5145943698273605	-1.5254468104199184	-2.926077615000345	3.848029343146947	-3.039602829231028	3.8045164234750715	1.684007859790218	-3.4692030303653354	-2.380746276252016	-3.0971822880110107	-1.9377654073271433	-3.4345982263498254	-2.2009456812573474	-2.127655707225143	0.8033286093328247	-2.1633315017431665	-3.494960642734296	-3.0018801553708716	3.6482745845282913	3.8546997662850355	2.542193276547798	4.280869930831958	4.1175160479093265	-0.48764578987651674	-3.5058184579682914	-3.505712042395981	3.2621187467575483	-2.2825681877353396	-2.769181768805706	-2.853756432222477	-2.1550603724028674	-2.770398682448283	3.1242345758758114	-3.756810243272377	-2.1108772127898305	3.4320723393725734	4.016428035857788	0.671482586278187	-4.044198020032588	-1.385928174627841	-1.0805375287809085	-1.5540465185061976	-2.983986640753564	-2.529440299992949	-0.6568903812911184	-3.868637277153658	-1.5107802545007267	3.3041798803974176	-0.17857227273032983	-2.7336531208885084	3.5178866641418116	-2.8063177293103267	-0.1035695759675388	-1.7480516810133135	4.0114486860546625	4.3064994321085575	-2.001713495591316	-3.3163701135048047	-3.1435799474649757	-2.8638596048441185	-0.08816480268284188	4.184816167997637	2.436696119225079	-1.9981484824135016	-2.1583900052222607	1.0743417706469938	-2.5585119819253777	1.8084925010183284	-2.860783585309875	-1.0373726056428847	3.968672630324538	-0.9433284865591158	-3.383663040509405	4.117908206200072	3.1430329053213155	-1.491220341196538	-1.8801531595239815	-1.6407977366016055	-2.739130669824924	-1.5345180987826161	-1.2807700462647347	-1.6090194532633415	-2.829252070971277	-0.39067107941064005	-3.418256448564015	-1.6489046476623042	3.9674994814582467	-1.5255536327587826	3.701435212487687	-2.176663505597621	-0.6425485945845555	-0.9994489017413635	-1.303556527368599	-3.7906229859402885	-3.564543210544308	-3.0888412209354783	-0.31251074749537366	-2.486268117580753	-3.0682365626501724	-1.106313448977108	-2.6605437469698785	-2.614534762709301	-3.333223363556251	-1.2991907030774055	-3.0888974880681435	-3.6541660081369987	-3.6438810218507145	-3.583792324182175	-3.1910017791094347	-2.323000332333935	2.7770353992762153	-3.405049353215019	-3.4944825710807095	-2.8800444403507264	-3.0488906055401532	-3.054689813604332	-2.351919522898486	-1.4178643722630913	4.05783674480157	-3.071404657696693	-1.5565790910352337	-1.4052926715591756	-2.0184312969304514	-1.8704078350868176	-3.1400102508853767	0.38653766371032283	-2.5493103886414676	-2.803170768046808	-0.9186190321711543	-1.8193517714914886	-2.7166819732591314	-2.930239894022492	-2.8960923964070027	-3.0372791372374195	-4.008611562256771	-1.9540431131108242	-3.363560383530853	-3.533989723103015	-3.039998889113864	-2.748982361702672	-3.4895056073622346	-2.3887058381869775	-2.623120533593056	-1.1424543711804258	-3.0305562282282494	-3.6690421128060997	-3.463157745858764
MB107	-1.0121108917640171	3.9468395889833974	-0.5660853865081741	2.021241255291681	4.676929259100622	-0.8556096858748532	0.009676533130063447	-0.04954505961717004	3.9180806646713418	0.1489879287325131	-0.3145781461401622	5.782772207823156	-0.5941758547533604	3.0841209753541827	0.7560747316412444	4.484198256472025	-0.2441978838010277	-0.4257251167588638	-0.0277952645367332	3.704846291303654	-0.35018402248815494	0.3832511805241854	-0.1657604090991036	4.592258616776867	4.124726531403512	-0.8990005146467404	5.04443238147107	-0.6292433650680405	4.155015666483482	0.3673723946495375	5.030675478917047	0.12779049230322403	3.6693800778604264	-1.0264714018958294	3.8532569595737094	-0.3506338996501821	-0.3096688638353102	0.43985241293081856	3.488373597410832	4.033846201404261	5.573081303827744	3.4928575081776403	-0.4574424393035077	-0.40981492572987754	-0.8731683096490421	-0.5894250306664723	4.143963194466942	1.0969393837535222	0.15091953287183202	-0.3159836595421943	-0.008218557557732709	-0.2901177509739252	0.9481002746123677	-0.5029454902016806	-0.21713094974856517	-0.5110913088567148	1.2144837358585328	4.44897932491035	4.54740445835173	4.423163092728007	0.9568109415539201	-0.9089131167049675	0.08860981180351502	-1.1307448026631466	3.5800839547022356	4.457040898802585	4.591895733973287	-0.04362545518658578	2.418782161825214	-0.8686788675773247	-0.9488602601056346	0.4935463218746605	3.731441743141289	4.704986526672439	-0.8217561105777236	2.7614339793648472	-0.9414925935250178	-0.7323594676732732	-0.5449681065473087	1.1286728760371956	4.238121877878564	5.869262981590737	4.784539323812706	-0.4266688201016198	3.130158947937595	1.1460512094713593	-0.3367014472879184	0.518604530934109	-1.067417888243721	0.946155286804677	1.8633997126584143	4.629676426953606	3.3054142332622964	-0.545358456579967	-0.45745830826732536	0.3302503187098269	-0.3191125759387763	4.621732345945157	0.49454934456673705	-1.0141738125321407	-0.5295456186990162	-0.5236170173891832	4.109779071553808	4.551455646726671	2.009008990975934	-0.4543825110033346	-0.6516616550956158	0.9159219879403437	-0.5734561175684778	-0.7717578415179815	3.096775230127962	-0.3697518574738776	2.82570880102669	1.1248141008109886	3.431706464985769	0.894559111656478	3.5378642695282867	-0.04275442164761323	3.8731144026018023	3.2225232503925048	1.6621930925642365	3.085277261159656	-0.9021976501072508	-0.805158883618045	4.622374679996096	0.5161847481918844	0.10844967215505008	-0.10818422691999174	-0.08947896514851372	-0.47872862331557187	-0.42690211859920524	-0.3716038751265174	-1.0063776951054404	-1.4674033765568861	-0.13396045644180532	-0.5715381316953714	-1.0497830252176765	0.45095195289507295	-0.6390424388786595	0.20785850702458575	-0.10194456677989017	2.638075829842351	-1.2779559397965183	4.115775041173687	-0.3719089517792149	-0.14858836159736644	-1.1415971729049552	3.8857745313238192	0.6178367470165895	-0.9327911186353948	2.3395443611582696	0.4564747405348797	-0.599793978466538	-0.5305875343091078	-0.0037025894428719397
MB108	-1.3930100178203162	-2.808354011631412	-2.380469782850467	-2.6909750189946386	-2.0315315603734554	-3.4531321240721073	-2.2666867431881226	-2.3724920613002407	-2.473214360902306	-1.1983256640278395	-2.7964961193911115	-1.2860850870728928	-2.264939858975601	0.30012844173759046	-2.1377122050214137	-2.582971596004141	-1.6945731847653098	-2.927040827647744	-2.194089980068698	-2.9386160492054145	-2.7840642799426574	-2.9444464651327333	-0.6915061339224504	-2.2823056487195723	-0.08738541442499592	-2.256448769429367	-1.861779320710374	-1.8083027080770435	-1.7573810238363174	-1.535865194846803	0.2101089311609421	-2.353974218669862	-0.888555328761778	-3.190035742530963	-2.0894071842684516	-2.691156682639246	-1.9819997786005379	-2.5500098257393766	-3.3577895390993513	-2.5446632185427696	-1.4625889613797067	-2.7366133908009482	-1.04940657033125	-1.3200726637996265	0.49409140842516663	-3.5586933595852255	-2.9597736029146704	-0.8266368813243048	-3.7965959803600686	-3.684716402535475	-2.498252854590975	5.328123476127098	-2.245673757149561	-2.2287143750801715	-4.823884022006647	5.968756132522989	-4.476789103133065	-1.8064829700743488	-2.2668574262552097	-2.373117350318739	-2.6167849238514993	-1.67502769817116	-0.3562589007204373	-1.4724942206272527	-2.3455037047063136	-1.0623439893676672	-1.9870914757357783	-1.1459957535649723	-5.9997664731602995	-2.19978736256296	-2.14329350686576	-2.0998678853415598	-1.2369624638214152	-2.0822413579265167	-2.88924058876702	-0.6412863203120409	-1.7643923147532696	-3.651259223581036	-1.058370036349455	-5.188132716608649	-2.173829297918707	1.4675433451720084	-1.5829126626535528	0.1876452505830457	-1.9400163764558194	-3.309283787472369	-1.5006380069791003	-0.476537059418499	-2.6677131799394136	-1.1192332775450566	-2.69296020296375	-1.558940197458436	-2.234635324054577	-2.2419938410691707	-1.8345336586047356	-2.1017105025566156	-1.9175874986547363	-2.3849007209054998	-3.094866823587532	-2.1104149059815995	-1.3626385180598266	-2.9958025025297523	0.22911105542452592	-3.0666699607885075	-1.6964855460277155	-2.365911897499201	-2.358245488575802	-0.9604737836454742	-1.7103054268501694	-2.436930359634113	-2.0560980978124634	-1.7391491467916076	-1.7795061740374791	-2.7911789306417205	-1.411151428013075	-3.3431252305193144	-2.0851206264255957	-1.0573770840400627	-1.485347982668606	-2.7206930607089665	-3.188154368885259	-3.103434961092651	-2.451555289140776	-2.7181718082211486	-1.4549082152792394	3.1187669314789828	-1.8486997892151091	-2.2700765271974124	-1.5451293042775678	-2.278063742600228	-1.8910875255770705	-2.0965472817605963	-2.1844676376164447	-2.947834043643269	-2.7602545585344718	-1.4181523756664642	-0.9129037237245221	-2.292794993088325	-0.9618354386314607	-0.9967522283682104	0.04660588029171642	-1.5222157752516772	-0.2480945112120203	-0.7616694779030908	-2.8973029797351515	5.132641047091118	-2.4755489404766298	-0.4367955464084643	-1.3721941319964799	-2.8413097292870884	-1.3624357638962739	-1.2767595869897406	-3.036056801531524	-1.6598806622551052	-2.2462104801501184
MB109	-0.1675317117081807	0.5262490995013094	0.7861495619080001	-1.6660517616748507	0.15875000744614365	-2.5261917914686958	-1.9138495996620772	-1.7058211270684058	-1.2321797285330494	0.4136474114561519	0.9568574741250568	2.2863211643974948	-1.2637708209966396	2.846144484566355	-0.5620863918374361	3.1586339396036527	3.680781969850271	0.9358420542381358	-1.245357122746773	4.331303900927031	-1.1581280675299093	2.4964647235669872	4.375552813925968	2.701312095389243	2.1142920416744326	2.7756780077011376	3.800074848045308	3.732669082452122	4.005271943716789	4.5206968637202065	2.7275242534393405	-0.5190600455081373	0.9558834255902164	3.956365323818927	4.255289013113041	1.7765506132612776	3.957331291741867	-1.2495412885849468	1.3170415904980572	0.21176113932750162	-0.4974960277821783	3.928499560861979	-1.9882282545476713	-2.3307805634480143	-2.4431535967264058	-2.465741800832312	0.658602575397853	-0.9386247741099858	-2.288901183791058	-2.5256061157959575	-1.105586610117772	0.5496457804782606	-1.3125903888036152	-0.18101170609621775	-1.83279628274361	3.865238240702223	-0.9984241759317598	0.7288548280765514	3.1977374767443294	0.30241552674839944	-1.164593099843671	-1.0733902761074248	-1.793187086902721	1.8712622992286452	1.087298041098375	1.5931326598397586	1.208337284270959	1.2904203457967531	-0.508903496752902	3.835109304557168	-1.066937796411473	-1.7316219803549355	2.2130967409716966	1.127289772512409	-1.4646977724199175	0.8259864645028303	-0.711411778943674	-1.7511992044563538	0.369462835477643	0.40052191332657117	2.2621995020985883	5.425924994628933	-0.46666282899502765	0.07742729237313739	-1.5774725833325753	-2.1748831143579075	-0.5096578900359034	-1.3736195795243429	-1.4542678500524495	-0.9177351325797307	1.740459959963192	-0.552296310994655	3.6135250826926253	-1.7450109599246915	-0.008433549806385443	-0.6579434180786148	-1.7157442340087137	3.9794097106498736	-1.6472285390661714	-0.4745732752417755	-1.2660227999310436	-0.17541505317672268	-0.038906317962101866	1.0395860186164532	2.190390524018885	2.7038919707311155	2.0490498450439025	0.40658642485768404	-1.8840950489406296	-2.1776743819445876	3.9205601528499314	-2.4078494180119154	1.4263494360595024	1.9464107002233648	3.028306451867862	0.14673871728330035	1.1328575147297162	-1.3631930477297107	-0.39982383893826867	-1.7939053593439818	1.247212467290888	1.648941983098367	2.7875287492719982	-1.4470533870574371	-1.3141573728088858	2.0042373789260193	3.851880522857954	-1.7608482939082997	-1.4271424125221532	-0.19569984984277156	-1.8267734846471484	-1.9656496250263729	-1.9184129602136117	0.0030035664829632935	-1.7276772808292034	-0.4967072156176009	3.509671079632647	-1.8415465630613408	4.110190420659557	0.28756301693918207	0.03761137928460556	0.30130777837255707	2.4044001572176184	2.1032270196621505	-2.0170254037007425	1.9257489159518233	-0.9324716279719336	1.8272034975917366	-0.5823229284450324	-1.547743332704453	2.985323200094344	0.2953939389840272	0.6862233564045308	2.538661791216926	4.166525624381337
MB110	0.7153244286514084	0.30830870020419976	1.40874037494594	0.8874365202414607	1.4592701217761146	1.5104379139582749	2.8120478732739933	0.14029672140173943	1.3168267516329362	-0.5433727024856481	0.6346170490588543	1.28057162228703	0.3788318942499185	0.47053574128207565	1.3585238676414138	0.6947009603528	-2.0417633914188356	1.4241327575915879	1.9294202816536332	1.8539297631980256	1.2172056401098263	0.8581091152510059	0.9090088841383848	0.12041936095658112	0.06375473866180759	1.173969031664936	0.3887864589447645	1.0967210329418187	0.4730210294139878	1.242933184470047	1.398218161088506	0.36695392342439526	-2.9352391576720835	-1.8959354416610026	0.5885777211516343	1.5894085271095975	1.3561858928332748	0.8340445824000549	0.2774495889026083	0.8878008848074961	1.772095436719738	-2.6767794731882324	1.1516133012996033	1.0305139444311457	0.47840037192381324	1.5273034142140274	1.4075299769770275	-2.4206446321528343	-2.2767146369268634	-2.601974500241438	0.8940437055839814	0.8083970150466193	1.02254926947852	1.0878459925788908	-1.8759249742169501	0.0557454655759706	-1.5217952201661404	0.08357666007013975	1.0751073772171384	1.122316485835122	-1.3803129820287676	0.8875574458098852	1.4184579925582037	0.8817856278880853	0.06740948691913928	0.8407058065110116	0.7733362599349469	1.3407127918457116	-1.360772093090434	0.8101530080606176	0.2116648812944506	1.130709281993286	0.4596005803902692	0.6338803764673573	0.12595388796605533	-0.6948418756373904	0.9122812891722232	3.4118849966524394	2.0694088741644467	0.2872135356617598	0.739194207475693	1.758298463465298	0.9856387973595355	0.6752273600482095	0.009485189957224804	2.2173446554733385	1.5059365966275209	0.22548592850285587	1.0799612053600045	1.7682842625900967	0.23728919337198118	-0.1217458203008821	0.7106028238262425	0.9118553072360376	1.2889780343151394	0.8245425493457166	0.5044933676546659	0.3551887814996961	-1.9415437036601908	1.4199613579405481	1.4758515676437218	-1.4237694437221595	0.2975851045291078	1.29375020308352	0.514829502303435	0.24319379046376177	-0.1832339784913053	-1.3609615010989344	0.6418616880998975	0.833598369396654	-3.1570546664795467	2.1863119184194684	-2.0955134355263674	-3.3608111689522584	0.2886872448119009	-1.80922062893646	-3.1994738077770943	0.7587215878320652	0.3394786923731541	-1.2993048372982328	0.3143612852953046	-3.0591171496000804	0.645928449547525	1.1656487740437083	0.3512620459378244	0.7787516594813502	2.0284445525483834	1.744658000250359	-2.3741698113769836	2.045267359991505	-1.8168564967367633	3.3696596171719113	-0.30251230509872684	-1.4757685006275452	1.5305674794360673	1.446479072285534	1.0927439533355878	-2.273754784487066	0.08439914282053351	0.1389102487973517	0.09716550331691565	0.24989605108033608	0.16009296602869938	-2.6764538306083434	0.853000928486809	-2.804969651903284	-0.0007269031229366618	1.3496660475234412	-0.1520699228221769	1.903042083229158	0.6950964704957014	1.184764063720789	0.5410850990638032	-1.815735361281119	0.22517057448960376
MB111	0.7610699515105175	2.6992684360449735	0.33070436365033107	3.3428021659053107	3.7720773729810544	3.591132466448097	-1.0312730041562634	3.035129769490033	2.546694833904345	-0.24200657596386854	2.8828435357994007	3.6687503787378324	2.555554961358908	0.025541948570694473	3.244421226698468	1.1280661696941152	2.078297703843212	1.7570094010306807	-0.2939888879669965	2.8618812844197477	2.0934303157302656	2.2819096425169514	2.2557859076631983	3.8170598130520537	1.4546070429860505	3.6447564008169877	1.8301789348187967	0.668080532962489	2.5871966457431173	1.6041957204689012	1.268027664315829	0.3012468841122615	0.6670651496737712	3.471521569446508	2.1522269812688597	1.2346619365418885	3.205367189805256	3.047433986403517	1.362571143760638	3.025118067966025	3.3766894569819454	1.8975641938200525	-0.41986369832762094	0.8764485899288292	3.230345042074682	2.3510817753500506	1.7627598739598689	-0.14296340131482665	-1.453470146201079	-1.372192534481547	2.8928855541053338	1.5219124942175668	0.3035067095003132	-0.09098734091904248	-0.32480291471207146	1.9766531941087715	-0.433169704238324	3.006166227662356	0.09383273353583288	1.096412404207494	0.12315975587641681	2.6989558887462834	-0.239388897212935	1.7461865510615073	2.6861406018386793	1.162125617570502	1.0743427226746354	1.715396588034964	0.3403468731180128	1.5231150322429032	3.411559291516653	-0.34274579623171597	2.734289038738533	3.029769736665524	3.1439623032745097	0.2374941797727228	1.5119989592331686	0.9382783389136975	3.44416590098838	-0.23690449075733078	1.9039735859284095	1.943650550033614	1.1703269463096673	1.6803998923864816	-0.3683676335392736	-1.4416745416750274	0.5753265980223361	0.4860022956932344	3.6200479605445715	1.714111285172292	1.4899362454283684	1.5210107132389483	1.0686551713103727	2.323315093681738	3.163776599335934	3.5721949718355557	2.744828516338697	1.779209538830492	-0.7792281755453985	0.6195640437914598	0.2650262298343833	2.8485702178080663	1.5537590684012734	2.514661503983233	0.6445711572120709	2.796900706518568	2.4690382823334165	-0.33467571000696417	-0.6539712976460024	2.8982159307208786	2.34024722932059	0.9060630980111757	2.2818167750993377	2.450961097854565	2.7730299321540013	3.259447600699433	1.7443471080782764	1.9159963468434462	1.9082271506827988	1.4657545763730813	3.3381283624686864	2.84079337697219	3.1587674396229577	2.4061824815414328	0.6112321372018341	1.5603442945874537	3.904451499793245	1.5607570978584215	-0.32492015551087405	-0.03270680817261784	-1.3753335623331147	-0.3093574982880085	3.3519269372793623	2.273612380052761	0.09440860189769928	-0.4903512992162522	1.9844704877087835	0.4869799823586245	2.061693285774159	-0.011991633694266923	2.147857268413415	1.1974179295283527	2.709502039540414	1.5501964643045838	-0.7816514268420551	1.621320946639683	2.0198593181064277	2.2720383145817307	3.381804223527727	2.7345643747545934	2.5075119531076258	0.4346802069608966	3.316190818371205	2.7198232956037147	2.914361795980861
MB112	0.41749240845773805	-0.49145426058974273	-0.7446494743297709	0.03433193365829723	-0.016188124789911384	0.5413343850319503	-1.3430499631160178	0.6371326291258494	-0.013764277066620423	1.5589076934088784	0.12650452593169526	0.3255623379378392	-0.047260901645842956	1.0656726361775428	-0.9100056775208767	-1.1018271163013633	-0.6025529535563754	2.4434698315043395	1.9146468734507307	0.2137479113232459	-0.7391177813982575	-1.282704986846209	-0.2087272077633564	0.4220540903913248	-1.212807463411175	0.3186638337257435	-0.7951408222775456	-1.1419768528217809	-0.7180700459601033	0.48102412645341097	-0.3262503005010693	1.0025434494743513	-0.9212517484970055	-0.6493395294046156	-0.5560028209399137	-0.7174314637106338	-0.3057964768918078	-0.1758964627974713	-1.0201009021696477	-0.7230592678389218	-0.18332813082412613	-1.1857531675723374	1.9498130021708961	2.76738124272379	-0.10591018292427101	1.4016769437330225	-1.878767961639233	2.6809747290729407	-0.48959610978675805	-1.823946280537566	0.6319463177575706	-0.49766819443410526	0.960202628903307	1.7350483993691483	-0.7561872906973459	-0.02812900473724156	-0.37443718321881647	-0.514145284839719	-1.3886282424813023	-0.6954703530357618	-1.6391918372592027	2.650099918207749	3.13088337725571	0.29241730171139757	-0.8230962725322364	-1.0726489126933139	-0.9054522200616306	1.1959107679553602	-1.1490588412677738	0.5064027593810367	-0.2604631970634994	2.6098941945762784	-0.1506475818505848	0.00025005847601899944	0.07593068778205847	-5.328497315715111	2.487568410091307	2.0971554382218027	1.0103489565131145	3.6819413375433596	-0.9684634620843182	0.33722909468894535	-0.41203431588092077	-0.17051884209933554	0.695834116440988	-2.241206236506674	0.557104498343092	3.814660043456197	0.5592467216293819	0.059594891569764386	-1.0663457244106116	-1.1106192246621864	-1.0921816878372974	1.2361524687656447	0.6437079118198019	1.3681276775992348	1.6440989791334104	-0.17514770647540523	-2.208301596373932	0.5908435068187146	0.8268167344756492	-0.7796008069698086	-0.25638039935372525	-0.17929512717903862	0.07289892582544155	-0.18160066219422255	-1.1782693807913738	-1.7774528152766127	1.5017073986883407	-0.8474777158191191	-0.5719408287812913	2.5131696783789126	-1.1668238297564972	-1.0538818078623713	-0.554199541965489	-1.1312497745029741	-1.243245962422046	0.5561198791194562	-0.3409213715122119	-1.332202687371038	-0.7901828842007159	0.41162130797309704	-0.2007106679123698	0.5030145380341882	1.346046802300176	1.1437436579394635	1.334755957798916	1.2431610481064768	0.44642714388518456	0.5573236759615146	-0.4606479060526887	0.8975761338088741	1.2790796682895085	0.09979136668609812	0.6426124294565501	1.9789585102200764	2.9508544411559585	-1.1796204998902127	-0.6830927184818005	0.896913799507141	-1.24271317749945	-0.5833421616794805	-0.700260079619266	-0.12226201815926796	2.8656499939149773	-0.8804614053557698	0.26153225587859374	0.38323904480530313	-0.3142997268675405	-0.4927899545497674	0.818048154023626	0.860738596983742	-0.10077345598622678	-0.10163737429961017	0.7531973877116238
MB113	-2.664155941248838	5.007876681337784	3.4260576077076053	-2.9458051257950117	-2.413032450090274	-2.254494873901548	-1.4701922262358096	-1.9792291412057406	-2.6832878867243295	-1.7204233464318452	-2.8174002459635332	-1.5380428563473405	-2.0922975381802535	-3.013632754819552	2.8525520170121457	2.5648529745840003	3.612978972539044	-2.829644474312511	0.047916991981422186	-2.2061057000316886	-2.7402306525143834	-2.2419779707401144	0.5221636828766112	1.5297722574413468	1.420005465133971	-2.541450561944938	-2.9762269198038744	0.5368853499603814	2.344473175274004	-2.155600842983066	-2.0191289299130144	-2.017614296573308	2.699004231823606	2.3908686330197337	-1.9297422964978201	2.8011122183405632	3.683330760575461	-2.9003275177235146	0.9211918864124833	2.4947089127201414	-3.0062479573028806	3.2582967656485025	-2.756290892483417	-3.1059316879731362	-2.6019632582610495	-2.929835574125187	1.997247702232194	-1.799102820380167	-1.6858840853742691	-2.35686562553291	-1.645268125166984	3.558264226947456	-2.9073158222344304	-1.9916539383857899	-2.2134552399057057	-1.8077983323800435	-0.433169704238324	-2.3390949381642354	3.8920683179129316	-1.874856638709761	-1.6557434433106817	-3.061276434265249	-2.5048882647642294	-2.7066932400143475	-2.78541728495086	0.7897647823601233	3.3671558396302164	4.1281352507019715	1.167377683275502	-2.979937675254549	-2.499854375371763	-3.367543127533887	-2.4076164789908514	-2.427433386880047	3.9227020523775673	-0.4095925514841916	-2.6473410585625476	-2.891734987787272	-3.093756295312396	-0.8271398925116262	2.4792231715663346	-2.751048787310106	2.037333250058337	-2.1570997854329885	2.1649396674248322	-2.471520211410658	-2.6002288062289356	-2.001224699904805	-2.8616349368653378	-1.2414391386989365	1.8994265043980505	2.9641540316823054	3.397035741203921	3.25310840879645	-2.008715159283252	-1.6859897749960773	-2.7084360627678308	0.0644782703466742	-1.3885518817141804	-0.9258886589511768	-1.705283635896997	-2.2916652066749688	2.9778991932841175	-2.23649946881374	-1.1831316124203477	2.106593996925592	-2.3109665415349525	0.13456323246821	-1.7524374485786787	-2.530751199449373	1.6015511223855512	-1.422850093752027	3.9443000375971717	2.944389089593253	1.0950594647277905	5.623312895958852	2.7870736644933967	-1.1696734930044137	-1.7550398437272543	1.950560616179545	1.8080106918389465	-1.5658770019926411	-2.567490510092563	-2.975933315637807	-2.556451117310285	-1.144195330530902	4.279980384574531	-0.27818743687777037	-0.9449040891983973	-1.373042211439083	-1.4736065419268183	-1.8342699932776085	-1.2664316009668148	-3.080990634106481	-1.9622133877516568	-2.690376090070348	-2.776641304196284	-1.4280426400950201	-2.339038030297216	-1.9995054153337382	-3.0907818354399534	1.6785926987191564	-3.256282274190138	-0.460706217994689	-2.5245662618424554	3.2500418291951894	-2.245393006303585	-1.6009910647573404	-1.7838232711879716	-3.152083808058091	4.998972590173697	-0.8379827774095752	1.1327840985149997	0.788561040678692	-2.4534623302293124
MB114	-1.8405724213799477	3.5294624626337665	-1.3266064533489388	-1.9039215745095905	-1.187729507614316	-2.4964273192233595	-1.5290261723188543	-1.797639454819766	-1.9367011392248692	-2.0905279504664502	-1.1670149305656938	-1.606455548394333	-0.1669548067410096	-0.5522232055768423	0.5793215161953853	2.5729450006453485	0.4545149177135537	0.5201603545959284	-0.5503033950959608	-1.3622445295498355	-0.7645618787910591	-1.5048042179869867	2.3866049532569695	0.160861284300422	3.2321926760867887	-1.0537430886421468	1.2074912003700984	1.356928419652914	1.206876076381521	-1.1876856063901347	2.227408606977157	-0.23806448351691856	4.086095656465137	1.0664267551830946	2.733719539163382	2.6058055353352785	-0.238993270627474	-0.9489291572083207	3.2251131043750405	0.082145694276063	-1.4720846531360365	4.325669013164877	-1.8562565227032533	-0.9251785393403722	-3.444313452913061	-2.2469550586680533	2.5532712158852693	-2.648938506755547	-1.5279632134090573	-2.891400823623366	-0.43147282760488004	0.2018900140675184	-1.795943354804768	-0.7416188426147787	-2.060982617931387	-1.0460887758142086	-0.6410951120156625	-2.2214367230224106	3.6520332332592265	-0.2517534997353579	-1.8185025013939704	-2.06997746282736	-1.403518694928616	-1.4165770934184732	-1.9541795658221677	1.7762571813195676	4.621996372886061	2.643384899387512	1.9603650098726941	-1.3320985525655384	-0.5435380498621889	-1.7238534239450836	-1.57785560974677	-0.8979396609994446	-0.6313079056701465	0.5666592851893837	-1.174060898561745	-1.589587861519	-1.230490117509472	-0.3437315331397972	3.1440330095209355	-1.5214162972414513	3.0177996834899474	-1.8697839076084506	-1.7277450137749213	-2.788052267933459	-2.629471472511341	-1.4010134869882354	-0.6819920881147397	-1.2085248826730304	1.0231293521277882	1.8419045502579277	2.2867908310490446	-0.6176357308348841	-0.8074147765459205	0.6585883121463283	-1.9894078515843034	1.5570321061535477	-2.333395839287366	-1.3498419295464377	-1.6416236811719926	-1.302144414015281	3.0055786972931715	0.4073023259121129	3.8792823744961367	-0.8200672513247547	-0.7304704390237031	-0.2403010587557528	-1.9983759344908947	-1.9712968122557513	2.478713357746546	-0.30314056901851316	3.807049468238599	3.6956974060194003	-0.0749691957783396	2.2563263602382895	3.303187369628998	-1.8467961448550518	-0.6831827509368429	1.544181190245256	1.5907381161843492	3.3833436397010956	0.2058575116324146	-1.2456747442853384	-1.1519410975420055	2.966182420114065	1.112617521660444	-0.9686137956760223	-0.9171825126035387	-1.0863795262388134	-1.6917954008344402	-1.430134797501962	-0.77246486599992	-1.7169727414824436	0.3046014960941559	-0.22772598721391013	-1.900088617709681	-1.9514212264320303	0.7661374116860182	-0.4131614426469916	0.267634386361598	2.4095425628226295	-0.5066887133339151	3.724371474881739	-2.721692739369299	3.3117575303722253	-1.1165155416613803	0.8606723317138698	0.29779749275093437	-2.2887118961102733	3.9311487831260026	0.4939709671440706	0.38070355599321637	0.181803376994214	-0.3159649886651632
MB115	-0.09625693838328075	2.1447004975547603	0.02066930666403799	-0.05857248051973052	0.2848886069634542	0.2743383673303761	0.3719176738263261	0.2182244019844859	-0.5048515783574778	-0.3951696147109818	0.26822851464262065	0.6252337335108686	2.6941835584319396	0.4000228716511742	1.1235878934059222	4.020678076214198	3.962560190641054	0.18916580626519597	1.246881115705829	0.595378045013832	1.3080330401960358	0.4839901409627121	2.9870122145353255	2.285588437468072	2.291057516993364	1.4925960092187225	0.14271469853134455	2.6620281882764765	3.330925182235359	0.8613098659861445	3.4298377969142875	0.8973134948035915	4.401714730404111	1.3294659214194642	3.375937665693776	3.1629917243807544	0.6319948580920105	0.7329068413583029	4.436597483955861	1.8555307594676647	2.000982496108528	3.1676017513655745	0.8756275139731731	0.2321607476870966	0.19153525988283704	-0.4768302898390484	3.3069090111424924	0.7769099681091873	2.3829848441638903	0.4195517119131047	0.8007124943655368	2.695716672828815	0.3045147945566917	2.1147891624131896	0.5048630612767013	3.8177456642127776	1.8579498260636935	-0.041975187991484475	3.4631377317821794	3.3796504183132	-0.4864606642680762	-0.9813014441162728	0.151572885981631	3.3216543013492865	-0.2997755732202769	2.1321549895266427	3.130263462087018	3.0069353890533232	1.2006888073891426	0.5963532578031794	0.8989481776923727	0.3862387534712628	-0.019167669554624567	3.444313341349587	0.6701744592504371	1.6424008739178237	0.4246469833687261	0.4912857074333825	0.174934125489127	0.9661683650341759	3.7192184940316677	0.3939915394944098	3.402985608198507	-0.255269651978308	0.015322420447809293	-1.186533860312382	0.6055619071274343	0.9814441356467416	0.4604492967737901	0.11513628383288932	2.4887911118428434	3.439704523243029	4.156950150149282	-0.6080722024219547	0.42573639057523227	2.548738491462596	-0.23486260459247532	1.620868672539041	-0.21364779047738125	1.7434382801759956	0.22685546456362893	0.8750145472950752	3.438844641582622	0.7523578946679601	3.4290542435912537	2.254388808173796	1.4483079193044022	0.278456724520705	0.5293185708316095	-0.8544095367812279	3.189146880910453	1.3867611974189415	5.267558666136901	4.754485056810605	2.2681510730387178	2.997192905642703	4.421651557476059	0.30014071473686776	3.27997802431811	0.36870486730706364	2.8150053150591647	4.182755325664982	0.14621875753263502	0.2446869272772254	0.17225429657432123	1.2215927461504155	4.131811265687245	0.36195369675301237	2.4084586012038667	-0.00500289090982875	-0.22805999805655297	0.2546700578390748	-0.4725260791374666	1.0981549813004268	1.589571854594677	-0.1349094650693523	-0.37643913532127016	-0.05649501462876749	2.2460411469434467	0.754734625886404	0.9532283986994035	1.9949039880655253	2.0714382456233613	1.2927391827505863	1.1321807359325184	4.2417410567628995	0.5073498379036838	4.275180831663743	0.7796053902758411	-0.16700186477146772	4.637435036917857	1.6572168229974142	2.7208471882134555	1.6407301221734043	1.4046100725868351
MB116	2.691440966263733	2.5530808393828206	0.9049326657637788	3.406774361515711	3.0562873494852676	1.179749181209658	0.059352291840617966	2.104663751495824	2.568069745573121	-0.1328618999054445	2.4448521661618106	2.356933199284857	3.199357440835872	3.9113469105579934	0.9227515900558636	2.182265549694974	2.5864342753307987	-0.26100229027559685	4.559049786975684	0.7436143383023275	1.3003000211657305	-1.0431303713867628	2.958294008814244	2.3078820029896656	1.6886268331786232	2.395308613373774	3.043672130325784	1.7486782241181418	3.4880000570890948	2.0666666685718056	0.6397063882201754	1.7254340564216495	2.342435557315892	1.4115679270523396	3.0987929278835757	1.550304008782061	1.4481742712104237	2.2945922411281847	1.793943250579428	1.7007583491394742	2.3232592241396155	3.317989245972562	0.9764582228908667	1.0516606319083097	1.7812299802424372	0.05061732267518515	1.5186558789229734	1.2232027982299538	2.2907731096942996	1.5795697303896876	1.8802332462788396	3.0451314594900802	3.966777757917309	2.1496017997965744	0.0006454013308268003	3.640871689624091	2.129712425894769	1.3612480179967363	3.6875924738846004	3.3107445408943015	0.0004049598370343688	2.940600563302847	2.8759439309187247	1.3793028608659972	3.2359083837296545	1.545177514038648	1.8612371771277605	3.2615567399973804	0.3531724948877475	3.8878056264561467	1.7817818092461968	0.5042328734075845	3.5877212765022	2.28451954864319	2.0513087235020953	1.0511077919371328	1.6208844804240563	3.654324258792519	1.078610929751176	0.8704620785322774	3.1151854283839056	2.0821673756439374	3.0394529241333768	2.431665680773407	1.9545480856112167	-1.246288250650018	1.32197121901617	2.1364370204806526	3.0457637480542488	0.3876220678855624	1.0813316860808948	3.54461516973035	1.4532390693498893	2.7612524947387174	0.7677842525936258	2.6423973148911317	3.265409023097291	2.6791567092948254	-0.5760226986711068	4.979791429891971	1.5549083475999748	1.934284064606568	3.7135677884706473	3.007649271383337	2.709210881476813	3.80995302874992	2.8438076054664716	0.587959628380947	0.18298425551586206	2.393545536977925	3.046167837513554	2.579541464546848	4.173540634228714	4.10922795652366	2.4963471886252933	3.200415210304003	3.403692445351142	3.4071412216699315	2.816671320848073	2.591488693279074	3.686594869825025	3.1179541513542386	2.3834300987738155	3.478183163145254	3.002814639690044	2.5398516013912458	3.451076325726456	0.2521168436056307	2.103395858127616	1.566292030336779	-0.7008827407676996	0.022268588829636116	-0.12568110659107568	1.9959783389671397	2.848943156617879	2.0638316111512305	3.8769224753260048	-0.545060229014485	3.2571259718398835	1.1464037823107258	-0.25053322231038777	1.8381012408704311	3.1622326034323	3.302380834754527	0.5644825470721972	2.6272947348092046	2.6983721227475232	2.834817462016238	2.108749555496887	4.450017657654275	4.321221754589572	5.692567793806081	3.370865849067507	2.284929456248771	2.971711895921934
MB117	-0.3715266009608982	0.574486915722833	-1.3040668483140454	0.8688977719629385	-0.02852345344052054	-1.0267028103534983	-0.6826746732462645	-1.7169084303575737	-0.793891864065559	-2.01478738855873	-0.8715960869034465	-0.5936972845750716	3.3187895154020577	0.9573221472192115	-0.2738814389593909	3.73120329948506	3.850756034310357	-1.217186727751125	0.2737247780655263	0.7815005423952543	-0.7342980449342233	0.6568402207218789	3.923617394260429	2.871047135845119	3.3662303238782183	-1.0022589957671961	-0.4253716234139535	0.8128705025662084	3.365830774669665	-1.1722466893726473	0.8797430736339953	-0.1948377533062633	2.4702505832010972	4.0137134758220885	4.119672405356242	1.6926383661657471	-0.08774613837046363	-0.9875964999575064	1.8038897618205487	2.9641049067426977	-0.8527571214895246	3.377558607410876	-0.897100607035048	-0.432541913115271	-2.0284351422117677	-0.3806016057576649	3.0714548928298866	0.07920596138435343	-1.1448176004506365	-0.5412796182046673	-0.5946381835595442	3.74757755060962	0.026352487208715303	1.0713692841624605	-1.4183200059846932	0.9400782451299623	0.03076179498186349	-1.0871346592545628	3.994609127039177	0.13861277148320816	-0.921067024435855	-0.9644358035974037	-0.7296420556647778	0.0930859821086294	-0.6164991824803145	0.3265161016335849	1.27129582383425	1.7687342258258	-0.04296958154310904	-0.2375340714975085	-0.5806517299449716	-0.9104529283833056	-1.155001063037604	-0.15818294326082416	-0.10349408898014545	0.5349993811655995	-0.6383445201126747	-1.067767043638499	-1.3771379334602898	0.2751432564823624	3.449021220560848	-1.1068097098420768	3.556886557489615	-0.6571938914996309	0.08079188789367109	-1.882816225277498	-1.4446527405696319	0.5836503559251032	0.07418849228647417	-0.3583864377958861	2.534362382049583	4.029910574501699	3.6989664335786467	-1.1833379956819332	-0.354848395202378	-0.6924871570249103	-0.920455323773119	3.7977889163989773	-0.7244265407713542	0.22086767303343535	-0.7854269445092186	-0.8843790003290195	3.834638639792768	-0.2073808764582008	2.6990668983100665	0.7024364097113782	-0.36541941102839104	0.28202422071486666	0.1161950909587226	-1.5442754965407808	3.1780746904872004	0.4916929371300469	4.534261769766021	4.433244470064649	4.008023477938367	3.9960790380440674	3.643669061743606	-0.5729420547430966	0.25019477175149696	2.187281189975846	3.637531304592959	3.0167336395881046	-1.0834380644437243	-0.2559365617338507	-0.7829127985090913	0.4497694074150722	1.7448133869571238	-0.0938794206588014	-0.8271827054183749	-0.5066031356698737	-1.207755264006627	-0.8675389706814549	-1.3625974346845435	-1.1420342647091903	-1.558799989563033	-0.7934474993456568	0.18465304077246536	-0.8530095322943598	3.937945825815741	-0.0800344131229167	-0.9881878727135351	3.105240008939628	1.3134713106847533	-0.4779590298182548	-0.6819640034840617	3.8272826372333695	-0.3894462153483591	3.6149721182010675	-0.6101703736387822	-1.7914942182703868	4.5288812730106365	0.6371986427307341	4.1691262746970965	2.5384899810179062	-0.21315614016629247
MB118	3.203120500898252	1.811851383105032	3.542773167969112	-2.190569940422632	2.1813487512652685	1.0302613086512906	-2.361221541440214	2.4134580275026067	-1.8989342225043426	-2.1561885949366157	-1.2389917026792734	3.0297209286940943	1.7222652200886879	2.8825043562354464	-2.0936316270945046	2.7706055117694204	2.4744620838378877	-2.266562314356948	-1.042614049085703	2.1694134407645125	3.5977221056577324	-1.4833063072837955	2.2503082570992454	1.9095666886505631	2.5050207025312856	2.6701815486860925	2.3830402327441327	2.906674274694634	2.49187429802653	3.5188775300983544	3.1331825789900343	-0.8428231317482027	2.396428193286047	0.2730697952724537	2.3299432083372515	2.5528453493763417	-2.0215050896216775	1.152422808117171	2.0690057066549157	2.1175572789165447	2.6609385830136283	1.4182185529845661	-1.8406437725645723	-0.9240035591586313	-1.4926488033716439	-2.100946960600565	2.2143624433565785	-0.0042413911094332235	-1.829956918252206	-1.3996339677625151	-2.191856120600253	1.7396825137187255	-1.4338825517754579	1.349900990107293	-0.8569926933837948	3.0384318920273614	-0.6032982752268428	-1.965967662960777	2.925431555650511	2.3981365885751957	-0.4761469604908122	3.9554829789378196	3.2362980059757254	3.625660717921666	2.296001359290157	3.230520993544605	2.4096652509053165	3.1021919863617233	0.5028163230979592	3.7386885980605324	2.7587752802008207	-1.1227415459669423	-0.36329240028434207	1.8631021381321844	-2.5092042662443923	1.3829710202768837	3.7069006900760497	-1.0478401287478771	3.965078108230295	-0.21684328773594608	2.066157344370671	3.7449419974768867	2.0538687139204317	3.6000764630380635	-1.2354112673746176	-1.454973637447619	-2.091700348938623	0.47223128550329285	-1.3098143166982883	-1.088945015181828	1.7632462424710456	2.0850234755986037	3.637104457569117	-1.0451324584561288	3.517557003926921	-0.9556540838439567	-1.3808925690771066	1.5823277817653425	-0.15764942975946283	0.369578861701072	-1.5110855820748164	-2.329241867346745	2.1525038398149263	-1.5705102935844462	1.663038419022306	-1.7728827534588305	-2.4821063055414463	-0.6660568137047953	-0.30385929496440767	-1.999807645862326	1.125082629610195	1.8241187632156768	2.067844447192468	1.7111755850058605	1.1759302681348176	1.9198893447031562	1.6730058351787278	2.6134310028874372	2.752081396294381	2.0069836354060966	2.0540210837161395	1.452864836798101	-2.648812048540025	-1.5108539135242545	1.753076315440544	1.1949995222833527	2.563636164477151	-1.3184622199682448	-1.377792968387661	-0.09517244550228021	-2.093618978823635	-1.5142832074438388	-0.4865094296207424	2.872257425320818	-1.2563623268366033	-0.7616234354058111	2.831793956532108	-2.209831786324642	2.776120003681256	-1.1121811576156073	-2.522538414911798	1.7625876256682895	-0.2828104118423713	2.7300479488254163	-2.532375510557541	1.7445089453046814	-0.3307161209555609	2.373268032048216	-1.9190024100562084	-0.9791210606283212	1.186140472266608	-0.22798581589544042	2.3436439734499688	1.6222003983480384	2.7537305457273042
MB119	0.1329574483609779	0.875398455091486	0.09553222304247377	-0.014978361719395039	1.5004616077614426	0.4797221496135151	-0.17504618411088657	-0.47913392689202006	-0.02767035633674908	-0.1702992214200414	1.0381362808792964	0.8931050094098572	1.626523407182611	0.015740823109238633	0.919103413606984	2.393538944566858	1.1670515666130523	0.8144209661889921	1.1719029020618477	1.15923640209944	0.48002373396875964	1.5262644427307963	1.9911838217200568	1.051732800309443	2.15238432569192	0.15400971224995885	2.1294836323290696	2.0833151794820735	1.4000379288705647	0.7674281659242386	1.114434315265287	1.2076363902710892	3.1196000709235	0.6839937672635577	2.3555320552880126	0.7226126999394982	1.2985091662013097	0.5820498141219508	2.5285418000642874	1.1341830645414985	-0.1325984394144033	2.2919271189286903	0.14001306354316334	0.9597979398930194	0.2953524057924426	-0.016776652737030773	2.1555564151486513	0.8553050703842846	0.0019322131469223791	1.419766449988126	0.9341083325541462	1.7680427176835058	0.5295749607016216	1.0966355312308602	-0.24405848450451018	2.59819782800347	-0.22490704792816807	-0.6969675610378125	1.0386008640345619	2.3371020863730454	1.0970647799336781	-0.4920589201068921	0.3887727132806553	0.0561338999116936	1.3436348153018063	1.6075196503176823	1.3389920871249625	3.758334713747022	0.10900535379332599	0.5049031347055637	-0.14188844247819432	0.16595812213000727	0.0011582051705900653	0.2340719197501313	0.2315610780214037	0.4685039385853891	-0.15460739064035067	0.20052034647995676	0.06722132350727605	0.10332896847478246	2.4376095396899586	0.3504414268917664	1.2404432552233136	4.237279489556094	0.45405399661134815	-0.8530712211621907	0.3658425192315189	0.7638980932172039	0.562737787765422	0.27471739883587176	0.8148073790735983	2.609431941230951	2.4920573341428813	-0.1243550506618103	0.5933215218648575	0.7463945030867594	0.24578018841782523	2.114948522178527	-0.483861133725517	1.2656594234018472	1.4966454720236557	0.6462086440412129	3.8567934534525086	0.6913352899671761	1.8559232123844893	0.4759529719692335	0.20885214174838307	1.5061227786303437	-0.1782134215121811	0.08222894831417271	3.182814114815181	0.9808878446486204	2.373850008249705	3.8682532283537387	1.0931376609457022	1.1966480920142644	2.079983133867297	0.7232510095571714	3.1491118306443795	3.2324947837111937	1.7727265543629418	1.3699657057469867	0.3555145646841007	0.5947152202795722	0.5343258859116906	3.935645558388639	1.7559120012590048	0.20356360060204892	-0.5564247958105586	0.8021779306598606	-0.6481499701192419	0.725621103910246	-0.2738594537503065	-0.3363985606003954	0.09034400487685801	1.1841659964412345	-0.06130539604611762	-0.2205577209021552	1.3067144972928215	0.7206950045562737	1.5605747806387207	1.9408122228525357	0.43679483649132944	2.421916686288192	0.020654528976535858	4.540900923294556	1.005287412538416	3.927359449258689	1.2179222423365292	0.4241448158756107	2.5288336212026667	5.134162195112527	1.172925617197019	0.4559871123223145	1.4733454765329235
MB120	3.8284906946276216	2.467575576071977	2.193244954031539	3.5250040227914425	2.3231728537263026	5.221235028042011	-0.7222195178542261	3.4929038924767193	3.117067934670886	1.508800168902983	0.9329354027150734	2.7360080315066613	1.7583480224089714	3.0811531890799158	0.3830105165642008	0.5950783554295658	0.49733351455087327	2.0497021701975555	4.524904094847878	2.1324635017708546	1.2922216203282186	-1.1868959589514478	0.5397026980684201	1.0128584193912138	1.787037183563248	1.7737028247330322	2.0960001970664965	0.4414145209634768	0.7228742293631054	1.5202576677430244	0.18988381177017377	2.5264152875647605	-0.4563638233979477	0.06181310078791569	2.0409508850106253	0.20355225167569824	1.634636934224238	0.549688534676374	0.01395137088025411	0.05334962491050188	2.009467386903041	-0.17804379173775242	3.6202745069010485	4.36110973568549	-0.3004097165808002	4.0504801078110795	-1.442443357894967	-0.2482996478923276	-0.8151287270731125	-1.1761762618425582	1.8534415385920955	2.218004286575474	5.139644649901185	2.3147404826542264	3.077532583541524	2.1823778201115323	0.193790981492036	2.381249404685474	1.3423980084129221	1.4003547120878395	0.15641132489062137	3.7881024055947146	3.991820625916266	0.2174421855221258	2.814572700162513	1.0024745000225224	1.758032335994705	2.079017971059124	0.510104719621002	3.1509898115303603	2.458539438859372	3.2541147417883014	2.6895292012999583	2.1745348113163736	2.00365523699164	1.333552686704257	3.0822562829529474	5.554951411117123	2.638463996195214	1.2129440312522322	0.37369015868301414	3.5088548439985603	0.7486004571154279	2.7085125925406857	3.3186639929003574	-0.7868661150109126	2.6497305908981375	5.8315774567068965	4.2050213822357785	0.9514832548046499	1.5807520819809575	1.4362178898017977	-0.2178661397173789	3.845041342750493	0.5326854311772005	2.3625236732717427	3.6829211746087065	1.511019848551948	-0.3040035811224051	4.10267893055474	2.160300170097085	-1.1326690831246413	0.8078504808633937	2.917016339636003	1.058505516116429	3.361524816251218	0.532687446020244	0.04729254935350191	1.5882456227748811	2.4476918388906554	-0.28266390313950307	7.923410113466867	0.6296685964186617	-0.28036882383737627	0.8366193200282295	-0.29096753831612254	1.481662567665171	3.5669627779098487	1.2246600819293567	2.0738631263521485	1.182464145206617	0.7792932030154569	2.0376768094660624	3.1838276238535173	1.8348207934341554	2.6041112908067676	4.043631151397426	2.8272605682718277	-0.6403263054657433	5.717883698232919	-0.8301110167303101	3.0524825031698617	-0.8827547597965619	4.037255479169217	1.4834896090164715	3.8505732943554154	3.7412330000433975	-1.2030474552069457	2.7466818983100163	0.8924862060175327	1.9982086185187633	0.6338864324650277	2.3678810493134623	2.166007857106896	-2.2596095189832024	0.4074462639933518	2.330881218021121	1.2636293431103889	-0.36995182049254716	4.217842017051892	1.7271412826860288	4.983990527108176	1.0230460990677743	0.9808668791744353	1.4481639317035269
MB121	3.7966634855404955	0.545355678784329	1.9283699850808693	0.7586105598656863	2.1515901876116494	0.06544564992153212	-2.964976577203398	-1.4559956514584371	1.1923596708397763	-1.6022783633680362	-1.2206397263173816	0.1448317915251156	0.6018051373388893	2.5357102084724064	-0.9428639051283945	-0.29149246350667646	0.9223225274354769	-1.3082951002245569	-0.5061972394153127	-1.6399817014244906	-1.0629051241891228	-2.7675071506713316	-0.27737299663221293	-0.21452264457326908	0.2076790997181739	0.3926388776950054	1.6545071495830905	-0.21091484401456917	0.30043807321749494	-0.5301500614945986	-0.6352448397342645	-1.2228384217984782	-0.7286015693413104	-0.7070883574591473	0.1643790954822295	-0.7543369644459048	0.2829927346366903	0.01532563628564887	-1.3772545598335322	-0.9153006520733573	-0.04041963482776545	-0.35780466073905437	-0.14453276925148728	0.082776715823357	-0.13300518949337814	1.0109067393695792	-1.3104386489584892	-0.5196733017413369	-1.6146836574337406	-2.839758435571971	-1.0404181616101678	1.099746125127786	-0.12260423059045422	-1.0241904802785573	-1.5418482870545045	0.4682098965204302	-1.2147940128601604	-1.5455876315692088	0.0292086975267285	1.5384187551841846	-1.3803129820287676	-0.9801291199438928	0.05213845789969618	-0.4424872003909712	2.0826893920522744	-0.9638808123308973	1.1822400595377704	0.21232058484023497	-1.04066913622977	1.2550992953001128	-1.4360157390606378	-0.37034872867032753	-0.02338863753136522	1.4279466506636656	-1.5745034215321176	-0.9433832477498321	-0.5475037305512398	0.3362068138306977	-0.8659066723219659	-0.15896695861056998	0.5919390121450157	-0.34537822872933965	1.7955149283392045	-0.3461610807498836	1.510662302038904	-1.869218211563366	-1.9618565815729152	1.5312982235510724	0.5798984293309459	-0.1605745871895028	-0.87549124355602	-0.22377510476734752	-0.4644810207128236	-1.0075366085440898	-1.7777236813885455	-0.17572781561108286	-0.0611606436636567	0.6717986221843564	-1.5822891879978567	2.9839806293210502	-0.3266992640300064	-1.0959115824474601	-0.1299038014269671	1.9315823399715546	1.9256087824798431	1.1184274109549097	-0.46122548817304576	-1.264495199640697	-1.148620773083172	-1.805524742519248	-0.7741951407490086	2.232077246325143	-0.033873827127713696	0.05269452967222499	1.8653732200523088	-0.5674157099230772	0.44996300323390503	0.41809357433504246	0.3817880695358262	0.09638543872897642	0.11303322693316176	-0.5230248503271362	-1.6170277430661564	0.1401456873370357	-1.8152412694933524	1.7317395558659987	0.8494803591643896	-1.2346692478902774	-1.7392719210962433	0.6234333881721916	-2.2481213351764016	-0.7098147942312334	-1.7818921083703678	-1.1615746284410555	-1.7445437086968631	-0.556585820066033	1.9363584165026477	-1.8273657246384438	-0.12534582522269666	-0.465995255080232	-2.2438032724508385	-0.18633433549307732	-0.6330855241619648	2.769594690116211	-1.7513031319705163	0.2800436584347459	2.84730001515073	1.4461514026013358	-1.7159358893879304	-0.11613037883060251	0.9069465713468459	4.2264736511140795	0.7980272054054112	-1.0889117050297017	-0.025309499491752874
MB122	3.271191737211744	2.840498957241892	2.7432853608331174	3.970899930277956	2.992984625694497	3.7329381177930685	-1.0740060549338235	3.6095052398656007	3.1747424041879135	3.355114239188575	2.300554985614456	2.9528698717562563	3.232257780750664	4.489657487987049	1.4050021466500997	1.140318050933308	2.1396560323398965	2.863121963638182	2.709142747462436	2.891433144435547	2.5584539624324574	0.5136179687323512	2.7444202234175394	2.6943586640987602	2.1764018955917868	2.5601032524929233	2.49390602689858	1.8064221454299512	2.6795979816241964	2.378119771845159	1.6724208068976303	1.4972060164647507	2.1905809185710536	1.2545330413236533	2.364221014146511	1.8328590578769974	2.826723363734951	1.8020445055521987	1.7039778671770236	2.166823795194893	2.754294374517098	1.660081880949594	2.1019705184946638	2.2374586226253736	0.6947042947963649	3.527428359539897	0.6547077077248797	1.7910638367262575	0.48377893698082985	-0.012162035411330763	1.4750619984109186	2.996838114227196	2.110132839429763	1.5930356970062363	1.1485293187575785	3.8152367153805153	0.6543877458349794	1.8722956697051503	3.107707010628075	3.022694828637902	0.39528231178775464	2.593784354936046	4.5368891395806425	1.3615182380151314	2.1665102997949983	0.8277886887457884	2.346761384198338	3.9361955422824457	1.1191904493167524	4.16620056192234	3.17183077606313	1.9939116964776904	3.4500877325472654	2.753883982840404	3.0971794432630437	0.776701244511159	3.2968567440827155	4.36742545554459	4.008959145716818	0.521455243955474	2.0297046942281645	1.820153706236784	2.7824573197633757	2.3112316475553323	2.642159876877722	-0.261578593784483	1.9441350319097142	4.334811737063021	4.588428651270541	1.340099743425693	1.049788804855189	2.5238884199843348	1.144981942317627	1.5492834590966167	1.7208920653556605	2.3011950851942045	4.048651004304777	1.8288966443333141	0.4641480720615654	5.1862673972244355	2.017055773345909	0.2234099650138699	2.4156495304214216	2.970493787425414	2.7300163248228344	4.059849406082748	1.0767269465452936	3.4452258457477125	2.047827669772068	1.8060946185318292	2.166233534622352	4.8921028476897765	2.2500558175572216	2.20723907658851	2.192130066271438	1.471169086699553	2.378545867598981	3.8914542334611806	3.0271938885129988	1.721661902674044	2.2056771012212284	2.2086075693114884	3.0554567724879425	4.142600743544771	2.503019198905368	3.2831305398395463	4.491406817250862	1.5660959240263113	0.09047699547724974	3.106616581181119	0.48098957400042686	1.1475965508363224	-0.4821778877063494	3.5719836868061074	1.4269770374610165	1.9901064425081119	3.9926029633981353	0.06731269428567366	3.253046230913026	1.6102110496250077	1.8313406290232432	2.7768060699373756	3.505811335389234	3.0667040760804545	-0.8624256914224322	3.3841053375143906	1.9448538427265607	2.701004910097315	1.0895821726326682	3.2948590140323333	2.715827020098338	3.1218142082082165	2.787462297958168	2.0542352996193634	3.4705728591017193
MB123	0.4586646403320245	1.6710592608144328	0.7059656359187354	-0.3692429321944797	2.5256723231248586	-0.8021208771787922	-0.35088525514537316	-0.7279824191890594	1.7527614688580737	0.8846609488301702	2.1671200726162025	1.3497461566117535	1.6723066686317347	0.23992458394826865	2.0800798863083747	1.5662791627066053	1.3489372720845774	1.949546336005854	3.091094576699386	1.5035828521655166	0.5014910403566981	0.15655268380894327	1.6964489724710257	1.5800505200746917	1.6722655764070096	1.449532412539197	1.4651136540313443	0.4850585731090842	1.848162822798809	1.8658198760352978	1.5472877245062593	2.5546071676993165	1.562898032565271	0.78704305219477	1.610639461746925	2.521622083015666	1.545087812081694	1.4239245837397831	0.546624728352338	1.93905776336136	1.038776397370012	1.436753056873255	-0.030719796407172595	1.179720421094876	-1.525943638684149	-0.8492614890115373	0.8333442585397499	-0.8220411570763364	0.4565940365664183	-3.0034483366277254	2.140155332003201	2.882010910831289	-0.19629886618005798	2.240294103882711	0.3014170564197798	1.5916607420123041	-0.6697499309150086	-0.4946532592333881	0.7977396617284125	1.5708870605479675	-0.5730393204211666	-0.5000011629695393	0.13268825877850077	1.0242564780834655	0.9843090932198448	1.0884563859748742	1.055640390897345	1.7872044433576475	0.11441340346229545	-0.07021452291082575	0.751223203436413	1.4189510023045404	0.58770911943071	1.784155654868079	1.5788006390146707	0.813891005307247	0.19236584292643322	1.221651914242849	0.4202060836803234	-0.38987674615886014	1.209818481875934	0.6436262614410273	1.1280651259132055	1.0088361536836645	1.2170651999358126	-2.0956041079254053	1.3061567400253384	1.8123906374431078	0.5237696904181517	0.7949361642543291	1.5103147074691448	1.7371722588607428	2.4019580642524287	1.1134398092214992	2.278618090787389	2.164270592515871	1.1243018636363367	0.6195824277436053	-0.9310138965112102	0.9790289566873582	2.1205426478692315	1.570035927185784	1.4049524840898044	1.9459581687382768	1.1131622448499092	0.8994846446223201	1.1828382295640933	-0.7624622315639424	1.0208719098138221	0.05205252508224589	1.185019441606297	-0.021891381455528602	0.9935648006039468	2.3113194164120126	1.1480376763691904	0.9811835491124601	0.8535860797970951	1.2491402785767853	1.1841612607460998	1.2830967699859777	1.5473436423080322	1.4303855064378181	1.3856418298250714	1.7745536120425802	0.8992490883005448	1.08472962962463	1.977566702685749	1.2469631839622437	-1.219987840507546	0.4639731892888648	1.1460651845821364	0.4008315718520912	0.6675368353599538	1.9890857448897448	-0.6184265157881175	2.1658513860482893	0.35816901300273507	-1.6609716786374467	2.2483014070815646	2.1294138201590984	1.9998501493989442	1.850234370104972	0.8425871803123695	0.8492494455091473	0.5566576528297809	1.137096456919224	2.979524399614953	2.1109294539738146	2.075765656298807	1.1952474920072866	1.589097551119579	0.9702099312148089	1.2872845711927576	1.34598868398	1.4624693417693289
MB124	-1.0455838349212705	-1.1905170388127253	-0.05607099988340636	-1.321607451111257	-1.4122521187929582	-1.1781223734907869	-0.8133392244261906	-1.8521748802979356	-1.667376890533065	-1.7941389057405157	-0.3619351286827488	-0.738846324629213	2.4349405646533615	-1.7201475746654538	-0.6108364886227715	0.5289592721737311	-1.4506968597314982	-1.2708499205901127	-1.6588371644288156	-1.794167191266105	-1.2190830216194604	-1.334287201803825	-1.0855881843994357	-0.44766007190424073	0.9098309366620452	0.1984172542792697	-2.213748094701426	3.5476731243608333	-1.1048923909535846	1.213247285715993	3.314320303423898	-1.4116061384586107	0.529344093792603	-0.6608029379419218	0.9701150038570736	0.3089561931292817	-1.9657772368080488	-2.1631097081457185	0.22966837826233455	-1.5676665127280263	-1.793916841384318	-0.0684769536044767	-2.0599987533080952	-1.2984951137919367	-1.78174220309959	-1.8131786900832996	-1.5029448175795759	-0.2482996478923276	-2.405828277932745	-1.9128345855114777	-1.2477325817451401	2.417923426907766	-1.305004245231526	-1.9957472671121437	-2.4972327600834188	1.7901414324484257	-1.6470361394503303	-2.2152889840093746	-0.16224534487419096	-1.5045585537004316	-1.5158040516428315	-2.1901559598182168	-2.0135337738517958	-1.8122947467677797	-1.810840855040233	0.7675990606548115	2.227127441366733	2.7663152522555396	-0.3089829523070904	-0.8191229876789059	-1.2184657273824442	-1.354432840189748	-1.8438360198952495	-1.657233866616954	-2.316052683723269	2.514659748778513	-1.6183822130796148	-0.7507570120677851	-2.099422395670544	-0.8643893522494626	0.7300238679436433	-1.6352318503039243	1.506558307582333	4.4958672658143035	-1.1955571044697653	-2.046041002757997	-1.408998036524137	0.3142559889520964	-1.514544821135562	-0.3404534921822915	-1.2090312033287098	0.33809063908784687	-1.7160944655805848	-1.3678793845210002	-1.7250369763144615	-0.8508349138454783	-1.4435969417150645	3.9491315341053994	-1.7023982247848384	0.3658540312894534	-0.2372259677040045	-0.8215999520347363	0.9928900186324894	-0.5576764633434106	4.685998126524277	-0.9777416808030353	0.6430508990771537	-0.9918011587100342	-1.3481617599969944	-2.2993998716202704	-0.7959831176630283	0.09834948392667542	-0.29655005660950273	-0.6829523450219739	0.6520827030166751	-0.9262126945754439	1.1358428710154351	-1.6823762614417497	3.3767867728487087	-1.9551258857961527	-1.367134708721256	0.8984656037023431	-1.752780857413189	-1.3305015541131926	-0.6447076200106459	4.299169802539482	-0.06433648950121018	-2.6017683398610405	-1.565253293228313	-1.0338605551279496	-1.8021630115539917	-1.440554700397664	-2.837389303240247	-1.7175508343142045	-2.005425256145619	-0.35569930640946446	-1.3267675652539506	-1.9112490988126254	-1.3244899181383545	-0.43922946297225884	1.1544245768289585	3.303355341954062	-2.353672351640494	2.807974041969092	-1.0555636626433351	1.7101661726130253	-1.5584452053816307	2.679554681939557	-1.6370850773954793	-0.33675209991332444	2.445676942807218	0.3660592692186011	-1.6318583832362137	-0.7027547710876547	-1.5996301315178396
MB125	1.634653456868044	0.3132845026367228	2.651721383384647	-1.1818369672686373	1.3783135014533938	0.04448529544599111	-1.295585016650195	-1.5585401610720861	-0.1888361155964482	-1.2610107420651175	-0.3680726086644004	0.3546740610388408	-0.08404426445478386	0.9042677495176559	-0.23280395317531877	0.2792323055327497	1.309522874963113	-0.9074839922930416	0.4217784849865822	-1.7753533188032335	1.61206607017684	-2.008953571133425	0.2762120522473088	-0.7825395813465237	-0.19562508865633177	-0.28499541197808753	1.6835840023269366	0.8135942205149016	0.5240296228564469	0.07497113939178401	0.2836585746977027	-0.9679747100859544	0.8179215183447228	-1.0016402185852957	0.5653188819914545	1.6247494541674774	-1.2544748635860108	-1.1247115925977873	-0.42727379611539895	-0.0733094674772028	0.13788642638391835	-0.16192920539837363	-0.6747948216447295	-1.230821271211349	0.0937123429967901	-1.4485852003156783	-0.5980455135083593	-2.2349042042888474	-2.241021508699909	-3.0437725404184306	-0.5327386968428822	0.6016084192943758	-0.02203988305915061	-0.6181047258927475	-1.0022823903325104	2.1224729440783534	-1.2905139789940527	-1.3327630686249332	0.8033406070965325	-0.09288830150056437	-1.7990536265982016	-0.39841770507538143	2.941630988348666	0.25281204749652986	1.1680136344102703	-0.6645615344633224	1.4564824089790527	0.26876058096516076	-0.3424841186238954	1.2204514657605552	-0.5377533154660981	0.4640437575089287	-0.3500110388695976	0.8886024585601859	-1.0612454963938003	-0.5904537492226183	-1.2857899635827899	2.7528379792418454	0.24084804189797104	-5.188132716608649	0.5885886564108151	2.4245893851767386	1.1220290741738062	0.8822264081417996	0.17315417421933788	-2.603146068770103	-0.7546823386446668	0.5931468599540892	0.6070462410515072	1.8466121818543106	-0.33374460023906316	-0.07429929572148364	-0.7542858581264502	-0.20854074716964988	-0.5694542158860418	-0.1635732046357905	2.276337062367751	1.3766039807462693	-1.6077611423271438	0.8851487933076054	0.4221369575078189	-0.8412433698727568	0.7924748878913439	0.5872872390808173	2.0266651224720587	0.9016471254043239	-1.0796241922924814	-1.5930805022001397	-1.046807513930382	-0.5506262614642399	-0.41623517123496523	-0.9844565201429294	-0.9855379899788606	-0.8966894349715027	0.31962463468294633	-1.4644729894237685	1.373315244424961	0.7088015094384472	1.6146598016499922	0.6532726916324263	-0.13492292534593808	-0.5899368640257929	0.5885762541655506	-1.1451001081638559	-1.475590116610494	1.794156341539062	1.4191099121412183	-1.4005780571890014	-1.7744428174016758	-1.5164797586609868	-1.7049433478217484	-1.3718908151858304	-1.3988429815075278	0.4374753685557531	-1.7969201235390457	-0.8820592334608985	0.6413419068596902	-1.1333460361407877	0.1686524803043561	0.20408015008933766	-0.9881878727135351	0.49507890931716325	-0.1952215980822043	1.7935340704850429	-1.6490181796223613	0.10787680948498224	1.4411070600403049	1.5006203824619417	-0.578106709299588	-0.6313469274549632	-0.08021739668949834	0.23678704420091812	-1.2908684686733274	0.31790577185002356	-0.4109407730558079
MB126	1.69012241777813	4.838958546294094	4.078938749109888	1.9731994132161859	5.323302258112572	0.3892747128987182	1.9987777496558987	0.7226043574602272	5.6956252913949985	1.3185274935709206	6.784459861731737	5.581472965902718	5.67062700090602	3.770784461737464	6.171450471192244	4.496858400766913	2.3196024926687624	6.314417089447613	6.615508729662256	5.713451976571582	3.3740473646334452	5.013162513480635	5.33951244554051	5.629875873481462	4.3963257448812385	5.955333646780158	4.999340418533042	3.7561726123385384	5.48969261726462	3.4941527374062282	3.3066947586820215	6.559855498871331	4.705637497381418	5.225509360579345	5.07473715834782	5.160747164700474	5.7386249474234425	6.491561011187322	3.8022849595558754	5.515038777278818	4.2463939446096255	4.462744546514208	1.1256286413278733	1.1511650221363938	0.34972594470844065	0.6844258560802308	4.703485536870188	3.3138017604565455	1.607582876083267	0.6427462125347585	7.007721490530494	4.921670155520941	1.3167238138749262	6.696709593698103	0.8947791011067956	3.5919502426233176	2.614910625965644	1.0239018769910313	3.888201624157225	4.962573264879654	2.676989349697278	0.44662991149413145	0.5536028074034363	4.089497033264367	0.6377041964817067	3.7094430983914775	4.240351591132052	5.27466999781565	3.620821917149251	0.5380778533326875	4.904611178857155	0.8378486685554467	3.89081569347241	5.415903478108401	5.646326781109521	2.6950629368526107	1.2188125056832702	3.9707511306124506	0.8870555281108912	2.465879721460249	4.7498361720827855	1.7817913810415034	4.026993329684254	3.0712722421067733	5.2426651891292515	2.4333831789246148	1.1570361919555854	1.6765038758802735	4.204360904097481	2.465484308026028	5.984848823426979	5.081852038953198	2.758311286987876	0.46597179600357386	4.194330543032042	6.033609130797834	0.35052676436468566	4.02010462699157	3.6170443084930417	0.6248585075895168	1.5805718359660252	6.213810211444825	5.288930378849402	6.026620521619853	4.963024852305235	5.040883783580866	5.7493900076929165	3.227435323534362	1.039510146996788	2.348228581599713	5.00968729247821	2.9315078481972154	4.189460882524857	5.08443234400797	5.466577686241782	4.6419887021585335	4.423178966726992	0.8380644146094403	2.1565673007348227	5.24503335606898	5.39226560600188	5.401295394920123	5.646112440525121	6.25811740212746	5.731859708289113	1.142576076656196	6.42857755113185	1.3612453344021809	2.0263450556635245	0.6928769864357385	1.2875101481946096	0.8861753190174149	3.5909112803146934	0.9193671917969608	1.7729750305316703	6.445587716234798	0.551131455894514	4.485639944846723	6.099662577330422	6.806683974976508	5.948618254655888	5.577270149221049	4.642817684631899	4.236267638531147	2.020669969327426	3.0850119413999426	7.024628227417761	5.812633625286306	6.309575076981594	1.7304261493187818	5.818217170655873	0.6480078864145824	5.051476875502923	5.034310192616054	5.490120341599844
MB127	1.306443066936831	0.05877849032217508	2.385324400546149	-0.011187281590792963	-0.891698654581285	-0.5502274110855492	-2.9823977353585374	-2.0203934045913208	1.5478490560496976	-1.4605258197632995	-0.46270551137248894	0.719002129067901	-0.6450198485982144	-0.5191127159140834	-1.3105902250809276	-1.0854434071643304	-1.5566090557912196	0.4224370524707748	1.4330168626532966	0.598757643702716	1.2529319761385578	-2.136698935901192	-0.9084180718426946	-1.0156403543152743	-0.9898469161796486	-1.212752891885982	-1.3959118372226111	0.9703764867116078	-0.986223666647855	-0.5402363580054246	-0.9357988292511745	-0.7448508186989518	-1.114512286333242	-1.2819136488873841	0.14719080053912936	-0.917302884388473	-0.32055932183265323	-1.1760715702435771	-0.4715680141719645	-1.070000095336674	-1.2622278322226759	-0.8564781240998345	-1.478799603495597	-1.2501586767753672	-1.6559146580073651	0.2510341274519412	-2.0165747075744784	0.3556097145106669	-1.3891173273317232	-2.221530467593716	-0.7646920061617646	-0.6937980080855475	-1.4778186619821483	-0.6194847974607924	-2.8949342047275266	-0.19363264948473002	-1.4272771761593788	-1.5318786263179298	2.2785846486822035	-1.1674188371958811	-1.8383371501919932	-1.8503287681983007	-0.7946037553664596	-0.8586060375490323	-0.17634902997839852	0.17713298326208182	2.574785453944961	0.19519403391257395	-1.5993010519673412	0.18755666153733674	-2.0776948854197137	-0.6862633098497035	0.32440432449450096	-0.9826209640588388	-1.3946565646108233	-0.4095925514841916	-1.9544702388212496	1.771630102191514	-1.2847845648618499	1.4638895539052053	1.3799427773128654	-0.20171651542281488	0.46275899610685567	0.7935347538918958	-0.9849537811005327	-2.471520211410658	-2.313981844310815	-0.3462914626672191	-0.3552901801070618	6.688190914121115	-1.3298177618780862	-0.5184679282996809	-1.0893699505958159	0.9785326171556497	-1.627324559967482	2.3920338856912293	-1.1036020174031123	0.7315571154617109	-2.333395839287366	0.9211267707590647	-1.1032045985509882	-0.759244705586438	-0.9000751347097307	0.9058364786076929	-0.5139089694602115	-0.4193025164822366	-1.8443744569928722	-1.3563687697973172	-2.1302090780657217	-2.1171809966453488	-1.5198026681344734	-0.37251085647176474	-0.8075808620798881	-0.485582127623843	-1.212259027062017	-1.9358363043568954	-0.5608037470579017	-0.999227870462386	-1.6191010447719014	-1.6076263412044556	-0.9402586665154331	-1.0505037640445298	0.4868977292992511	-0.6991615467985177	-0.9587461331762448	1.6158724969737852	4.327439617101378	-2.3957138145133428	-1.103657770780229	-1.1348756711310823	-2.4871954699763954	-1.585199722789481	-2.449849872917218	-2.1583798362456257	-1.8150068138576092	5.084933796420719	-0.9638967928173763	-1.6143844756432184	-1.0528321525672908	-1.0222316526741793	-1.664348230911008	0.42529700076864163	-0.98725288647071	0.6985535768144393	-2.540246223945866	2.068105306544455	-0.9099521677066171	0.27099579787261696	-1.0814442339287318	0.5341752447398687	0.8175296016213895	4.0731770354825	-0.3571818276024281	-1.7568297101854142	-1.1407638562184967
MB128	0.0779327392863447	4.287619988068018	0.904289498215828	1.2262386537096397	5.430795264815204	0.08449670900705364	2.1163240877385805	-0.34181324345366093	1.094982293938715	1.3928610534974624	1.4764401528898432	2.1971923027919855	2.891723782804796	0.3767691982851149	3.774122902437428	4.300088407685518	3.5573401045556334	1.2107485601040402	4.9927384336123195	3.5064895603840887	0.30461081904859366	2.914407531900027	3.8608925678389445	3.435571766716584	4.466332201633792	3.359489969901639	0.6484008641964127	2.930980875275016	4.976653776705824	4.155605253834739	4.494260664076856	1.7603307507085937	3.149002747734527	4.4704155789611955	3.2106221603395255	5.254728211203238	3.764193861128489	1.887166068236506	2.750145336932941	4.304494742980955	3.9999304392284563	4.348714682670044	-0.07515739006106514	-0.3875929970919145	-0.11192914893365113	0.3583502338127591	3.443386378301457	0.5696470469875798	0.7555194815790074	2.705208969153616	2.18247046920355	4.740370684566679	-0.46450920627741255	5.192463716871718	-0.1733566989568036	3.469883962161598	0.9356506192294081	0.062061921833112876	3.4859985835579748	4.253545755955462	1.365161409601372	-0.037822471991406204	-0.28107287815303295	0.5870102013187166	-0.18302424567120212	4.076292310593671	3.582458228172417	4.528158763518481	1.6434247216363067	0.5838842736669667	2.34991100759665	0.4636097201889857	1.3691988118539458	4.145806379693766	3.7011928623297337	2.324388300226465	3.3747838926110374	0.40466617790696624	2.7188573228425117	1.0700985041167232	4.283833376527969	-0.0884398594157112	1.882254193133016	5.690211868479016	4.0664593196996055	-0.7823007576875636	0.3471139504130196	1.9152619831471114	0.5465769973456149	2.311070277387497	2.5197328787604265	4.617148751742407	3.9474931508223023	0.18918221230139487	5.646546731765392	2.7712306196534007	0.08466283397266317	3.8396599879772846	0.8107704278717307	1.1078126612416037	2.1906110303577178	2.704368283932167	4.37178666698424	5.378594617134187	1.3185118150626227	1.8380429697681047	3.048511380129743	1.5618661466559125	1.0576346575260853	-0.06045732033906148	3.648907545620315	-0.3126368937198798	1.660298987810549	4.172420301875794	3.747067751723546	3.7030930374019233	3.8422969811643517	2.333447049537054	4.177964305004468	3.4662409692348772	4.414997423224738	3.280764888437659	3.9086744717040665	2.9524698467530808	4.263976883624107	2.97923710674943	1.45290158403989	0.15567638827784513	0.09047699547724974	-0.1789865674126947	-0.22705312687368995	-0.11494285879033406	2.626093627505745	1.8282003697114746	0.332693790543674	1.7288981925882583	3.026747782335259	-0.4267895083541209	2.3728981873559123	1.6105202645219645	3.1321792526760808	3.35861852158056	3.589052849011784	2.0827894002461003	1.272478100410284	3.47171677918117	2.0355359398813135	4.698778003947094	4.453394570644663	-0.6147402197187137	2.965047746617528	0.7430957627192436	4.5633523172906	4.425639749202078	3.592722744637525
MB129	-2.1548504422782866	1.8539079986610671	2.2838820180816564	2.9645906819261993	-1.4184613153783818	-1.8245147519982048	0.6504796405653028	-1.296522816152864	1.6608939101797562	-0.4458655386107022	2.1964809462869503	0.493484658458744	2.0081581928347	-1.589848422866229	-0.8941968042831974	1.3354894381502032	3.4401459060094917	-2.263458480759544	-1.387060227805467	2.924921567602878	-1.8562045262753815	-2.2024004748930306	-1.6543644707371339	1.7546329319329699	-1.2957226155403925	-2.4289061608118683	-1.712416902551336	-0.3524847820989425	-0.3186932495091499	0.057207975994242766	0.47523339979122436	-1.2667958448594998	-0.8126054106030933	-0.419070913838933	0.9550287409243827	-1.6177957322166243	0.526646499429881	-2.1450272991495503	-0.3178274151056133	0.8222443523507863	-1.2468766155727558	-1.8735344798974571	3.3362875123482674	-1.6756925003814889	-2.043469518469431	2.6767531530147872	-2.144430821005339	-0.7176412131902232	-1.4508149303033075	-0.9171953771718719	-2.0938337119010466	2.1686633825431567	-2.4216143844870146	-0.24112980781097804	-0.6072350963356197	2.698450963551336	-0.8518570045157485	-1.402052676920972	0.6535330210721506	1.384013162346668	-1.5013984159002245	2.4914041643794267	-0.17222382291077132	-0.01974579331812265	-2.8104575406874304	-0.37665122963297293	1.0160345539387938	2.345630022985806	-0.08816480268284188	2.8908968548246143	2.3789186561550286	-1.354432840189748	1.6902415588450648	0.36168645311597203	-1.1160314914267495	-5.328497315715111	-1.539882303526955	-1.60324692333446	-1.1947162437265835	-1.3416499014822119	0.7949185540659265	-1.7186321784780052	0.22580618173878175	-0.01672507540604684	1.6554140792110967	-2.046041002757997	-1.8956062642385625	-1.488007821548429	0.6513899002612291	-1.4416801893033995	-1.6157931970463686	2.42089139044991	-1.2308943872242688	-1.9424909247813318	0.7781613871508917	2.104817157876978	-1.6509565997125595	-0.519938193266607	-0.030005585182136585	2.2029346088298976	-1.258682194657034	-2.067204285577498	1.2893185066984838	1.3291977830488255	0.6334059803181287	2.7472370576144955	1.2210786913936165	-0.8524138634959524	-1.3155104974666827	-2.057893989507294	-0.31214816928498657	-0.12065456806313968	-1.267350299025475	-0.9216105693138772	0.1597008344342452	-2.1760313547098296	-0.4718160951492454	1.3214913625492626	1.658665120024593	0.7034579028163037	0.4947330699911472	0.5177875127508607	-2.266303157907764	3.3472034622038693	0.7858978685376083	1.6656162179242973	1.7725103684517816	-1.2735559574887088	-1.1314963550775712	-1.669846737226127	-1.7973127721020141	-2.0994349753694657	-2.078642577678517	-2.4192195901695914	0.1483632663496124	-1.282096780301094	-0.5539778023234057	-1.232569664685526	2.0037226195106896	-0.7233190359393564	-0.27596286855156116	0.41328059966710473	-0.9841510234483692	-0.39107658977214577	-1.8896907333167725	0.8909735466018995	-2.455454446205769	1.7568399337637182	-1.4958942266641682	-2.9773588846332384	2.0932160310944257	-0.6055163166955086	0.6988133082646062	-0.026199087895209416	1.6850158085346694
MB130	-2.2689147536558067	-0.4619995275218134	-2.1662831658913273	-2.5862963771790124	-2.2395491046093667	-2.9301537510554976	-1.6676161062341635	-1.555235692231422	-3.1131831872909697	-1.5067050313459376	-2.023504063241136	-1.9147359398383141	0.8247693022889635	-2.794286624904304	-0.7168538503371966	-1.0503646693693298	-2.2915329686873056	-2.7790836357616975	-1.8845750105639016	-2.5574908078635215	-2.531345389499651	-2.1927460943752966	0.4692739947858131	-0.7127130284437593	-0.1330538477507579	1.1955900808533597	-1.415947464411456	1.932406750477882	-0.20152405544263008	-1.2983749259313129	-0.06261155099979021	-5.743836798510932	-1.4857316300028165	-1.9061535136071424	-0.6038268148579755	-2.0410163705034083	-2.732053534582927	-0.8210946915650368	-0.6667303973159227	-1.9200685503776267	-1.3818739247958334	-1.4103999694547733	-1.6068724560737024	-2.7112037901085877	-1.3316795355192053	-2.415869847944384	-0.12346511451156061	-0.25607989233728645	-0.7738640625600652	-2.1267174507855096	-2.0371158805791136	5.274531720140686	-1.2558494401841998	-2.4265505766277755	-2.835675268694869	-0.12760748666420874	0.15516762786397287	-1.2900726543294248	-1.9693540287444646	4.088815017116051	-2.224768454822131	-2.728853666324424	-3.0640411577612845	-3.1531070826049774	2.960398849754844	2.131030567748218	-1.402945079456221	3.519397654033898	-2.5896539623646557	-2.840887396120868	-3.165109938876032	-2.4627220683558875	-2.1764381044082928	-1.7011821148962962	-2.166359148587384	-0.12373893200803643	-2.6034705985193725	-2.996840887481955	-1.744762223028955	-1.2262424311349012	3.475904971230378	-1.6940853970294203	3.329933350799773	-1.7985632260923445	-2.6102082161300544	-1.9685324302452507	-1.2588572265611742	-2.039925725530056	-3.1207529344686638	-0.14325815652693308	-2.595611859913973	-0.8356836373712389	-2.079028906400917	-1.900028784157728	-2.513165269141119	-1.946567435049385	-2.513403723403238	1.9129290157288956	-2.076305806479544	-2.537772948521459	-1.6497009076268423	-2.490187291555685	-0.08273464367900552	-1.1540905484082487	4.883937357568604	1.7974346797569316	-2.01250524436235	-0.5248681003031468	-1.8237739314442276	-2.0306091241641884	-0.3091956911647058	-2.0306291731763757	4.177572456328889	-0.902390952569549	-1.5897926971311298	-1.047665494874309	2.7319241928713938	-2.4387827092743457	3.3253881765682944	-2.1002184966892097	-1.7993876261156192	-1.3461176904844905	-2.684084911949048	-2.4830280925827974	-2.450102460528587	4.35626510384733	2.418991367043785	-1.7748157889254284	-0.05682524810439382	-2.4233490188313525	-0.4805477625747905	-0.8503915929526791	-1.8269774497528104	-3.0260107175173356	-0.7668105285493496	-2.0781514196662076	-2.861448180921947	-1.0891185257887699	-1.765679083266269	-1.739333169325736	-2.0531102556751026	2.9154255730712197	-3.2036187553379776	-0.5181950740154502	-1.9147385937037864	-1.525009722712766	-2.2865398662457412	3.5923286744380993	-1.649290818846751	-2.6507881781064615	-0.2733886444246387	-2.164109377524632	-0.4001151801658942	-2.284675397498086	-0.07259844421555606
MB131	-1.8591699053663646	3.784748229215001	-1.820644433608626	-1.0608897486035644	0.07504320936683406	-1.2727007376480248	-1.001743511419745	-1.497549716561359	-0.6820941248294154	-1.936568022147954	-0.07253866031968847	-1.1048166309735006	-0.3967595453415216	-0.4957970529826117	-0.0785704282850137	1.2326472300851616	-0.6167131725638173	0.2915028984130572	0.40733983058306933	-1.5167641653509403	-0.35116688593364653	-0.5705592061593467	-0.9071095515529635	2.7517850039279397	1.385047348774684	4.010428894000692	0.366852410880913	-0.12850168932039097	0.194955008211946	2.7899080504665132	0.6429687008038183	-1.8841180048248667	2.263591218992821	-0.9917132105148774	3.4827927081616803	-0.30572556850952815	-0.8193381406868854	3.569408870692998	2.352896539304984	3.4970483768001586	-1.2492848795393545	2.936952140132841	-2.3377534220196043	-2.592313424760629	-2.9556299409508995	0.5049157328357863	2.720902557800807	-2.6208419909058875	-2.562143421063748	-2.69913187291254	-0.3892065440143444	2.6089806634295307	-0.6958497317079448	-0.33946221864412607	-1.7011486886854463	-1.88075078831268	-3.0109877021379496	-1.2789577222183635	1.8979182304219435	0.040696938532597926	-2.087259239973415	0.23675977140347904	-2.793422469262877	-0.294538267406935	-0.6596196299343369	4.230089050125615	-0.3104087464897942	3.3076002217542397	-1.5698090841774235	-0.8389255798959105	-0.3086395541677067	-1.2625195930108166	-1.2088889346362492	0.018628767943363655	-0.9880604570128337	0.3403032686474958	-0.43786959404722836	-1.454439908514189	1.3025732949593358	-1.0748136112957276	-0.9721282643651614	1.0341788469560331	-1.3745350048399372	-2.1120747502447337	1.589807390850555	-2.4001314814089074	-1.1967704096090106	-0.5840340709032272	-0.7784575765853852	-1.7210101748156585	0.6572395068803747	-0.15549701024620255	2.327085619276601	1.0554266147785825	-0.34970038776682344	0.4179267738507795	-1.3689920588128395	-1.5948596432579825	-2.016314177702247	-0.6162751531983073	-1.5843038859297742	-0.7658268882622217	0.2773237845606218	0.3967125428948872	-1.8984686846417285	-1.9915329884310697	-0.7587944566256031	-0.5429868814886696	-1.6092383324449262	-0.15217663329158704	2.604528959102449	-1.646091336678083	-1.700482179974788	-0.890055533157792	-1.2555512391383497	2.7236501779597537	2.126569578868793	-1.68406228504786	0.09043885243025773	2.140107194967154	-0.7233957417332757	3.1646170867590246	-0.44894491880093135	-1.820927706331183	-0.5563178658633738	-2.0043937059742145	-1.3365213631596102	0.5444828133526798	-1.3729893695360182	-1.6253402490551405	-1.518348600643936	-1.340941255372691	-1.0530336731790904	-1.5351643246040503	-1.9835859319099107	-0.6568764830028151	-1.4756117047071324	-2.0004240920392586	-0.1530509949815091	-0.10894814596160352	-1.8252961381808834	-0.7357506095440396	-2.095309465625112	2.5082202706508667	-1.802869690181014	2.1915517710874095	-0.47834586235704535	3.9303468888502353	1.1546945999122125	-1.832387413723362	-1.415837362259266	0.8076355559371846	-1.2966639082465292	-0.8467974524366468	-1.6165627371172988
MB132	2.0668251100737036	3.1221311439668096	1.631072897347984	0.13680682881097894	-0.5478210950983478	-1.7710517441269058	-0.8616873402040106	-1.6920144487887594	1.3666241711441014	-1.483348884289077	4.150028929797088	2.5567614524563895	2.9081595505673796	-1.9634207788452347	3.7093239280969454	2.8533815896944095	0.012066039222593083	-1.7575195123489138	4.664611470858648	-0.3448304450386779	-2.072980495393298	-0.49389062606006284	-1.783087151779986	3.4490878949997477	4.982524657309179	4.4473606332608	-1.9659175899303811	-0.2796013102733408	3.6798947272224423	2.2554897675627137	4.2894551416449325	-0.7515392790614186	3.47305594120129	-2.236618472712207	4.213278238606746	3.4112973541246694	-0.6961791573034057	2.385909277284953	3.2639994511278605	3.437295849685352	-1.8092757409538684	3.0307968489525656	-1.0809979933237717	-1.9992219748234135	-1.408928772066579	3.2881719406571985	-0.06854288412042919	0.5229692437112679	-0.4547187284184879	-1.2659062169441029	-1.7638159813802563	-1.2113411322427776	1.9412999347453725	-1.1789104870855684	-1.4905918319732852	-1.7320077804687273	-0.598364937322529	-1.1100060081837047	2.756987792681765	3.794814093508715	-0.7386367052864813	-1.948718740739091	-2.0252482058984764	-1.8745937664281556	-0.8689505854837734	0.14064849046680994	2.8258297582964014	-0.663729494409032	1.1348644444587501	-0.5222173180406688	-2.2036860587903853	0.8226544630267707	-1.1280439160887976	2.9533213409861974	1.1737674151434145	1.9469757582777385	-1.732236845993837	-2.3474716366916297	4.083295334547303	0.11764578339512965	1.4631817651288763	0.17549118026221144	-0.19074081385104957	1.1522759665925495	2.2904965330739904	-1.3694816681299162	-0.3594332086583094	-1.570877808030442	-2.2298462800152663	-0.4721195099315221	3.123446710232666	3.69336651783863	0.5887995185023946	3.5534965309195394	-1.6469089043753051	3.7933816827939353	-1.5489680220496602	0.5629720727477077	-0.5760226986711068	-2.0646171897463503	-0.8797219806741037	-1.6576811295738132	4.179387697140337	3.513767306702422	-0.8033239603099362	-2.0273284505962472	2.8697143289704963	-0.040923600556002526	-1.5879213185863499	-1.8446142582853984	2.035346847012608	-1.1685282404195938	-0.9279494328627003	-0.8960656338059749	2.6327305629668736	-1.6131754802429157	1.0948314311507765	-2.4217011513646494	3.577371405305625	0.8044886130539046	-1.9493011404513876	3.511060332028059	2.648456042958986	-1.9836612988071796	-1.432723793205117	3.2087977907985152	-1.284306375912701	-0.19669698858879414	-0.7613743766098615	-1.4014187994455156	-0.928612780340984	-1.0927310741847567	-0.6712273776079858	-1.3158178382264367	-1.3724624022394245	-1.4542304055036777	-2.461401907907055	-1.3243204367593737	-0.9736033786998917	-0.8274409420824682	-1.14966067729892	2.848826806894592	-1.979920255107384	2.551666827930571	-0.8728107102991256	4.412842814879259	-1.228114525230259	0.31648618288450603	1.8023113660338153	-1.6879679251385848	-0.49295667267186793	-1.0632953660470097	-0.6991513431431944	-0.6185460719105187	-2.1358592994139887
MB133	4.061822253532646	0.9220136691590568	3.8828490166983274	2.0484025210280343	2.5839841216758064	-0.40979171401406056	0.8564562422888358	1.6645108892321243	1.3167366184432012	-0.8721599377890144	0.5538958945325021	2.9377926402482935	1.2839497096413242	3.192319873170141	1.1772897588919786	1.9100406894478263	3.0803281380158687	2.083085283131479	-1.2132282087369628	1.7784508045398342	5.764625071521007	-1.008729901787305	2.3725775050482216	0.9932951597360908	1.2360478100301817	1.3659380265721381	2.5137025490144644	3.005542313136492	1.26894056851184	4.113066120380605	2.243392979402941	0.779693636413513	0.8802888518445382	2.1741189158402348	2.7839283879872037	2.2042264273352625	2.3115448048031615	0.5582277416012751	1.8757046373328334	1.0914877198496091	1.9290080925650415	1.115785375152047	-0.06087068413787655	2.5986343380910144	-0.3555797041731097	5.361923604422691	0.3933250381190465	0.40385541590719853	2.243117810921934	-0.55484823869274	-0.8966008295620842	2.417051776494098	-1.1277167300458704	-0.7124017361116284	1.176331956058899	3.5626767193933153	1.0774128617401555	1.2256219391514769	1.815672311371359	1.3498506784603057	1.0139068912739901	3.408400704701152	3.501145975316467	2.7467566327772763	2.617572185570573	2.0509334806979265	2.369201279497119	1.9175593722001496	1.402712107407618	4.943976846994472	1.8796803625633256	2.613617942801887	4.241543745860006	2.2035668634377092	0.7272852945745116	1.0511077919371328	2.358147694151155	6.694436390141905	4.256323875032098	0.6545722960305724	1.0225149112941088	3.68013638909554	1.6348680831460811	3.250106621600829	2.3068866748182204	-0.2959896406031106	-1.0519703803919906	3.455161635512912	3.1849861625608558	0.5064701426210831	2.3681702986392663	1.6805948940318265	2.3379386975112837	4.283053634327187	2.3916151760677096	0.2783703567111333	2.955751791702764	1.2622997632196808	0.9091542856330754	3.217410093413732	1.8747297285679227	-1.232074761995948	0.6780155098802823	1.6782299570831265	1.6439682526683645	2.380369725289473	-0.1342634376053944	-0.3102340069871268	-0.3332649377996475	1.1469630423339492	0.7661632219759991	-1.080641398804632	1.4121283976703278	-0.0663195214274408	0.5327132338389688	-1.198519854428966	1.1935235371339816	3.075654611900287	2.65294021394371	1.2463072848982053	0.8735517691088006	0.17562917384485033	-1.871118113673825	2.045438664321982	0.9545989839237521	2.6484664502091917	3.4005015394645195	0.09609356125491253	-0.0012156409943528956	1.0960333552876786	-1.159307060481618	-1.586930433772018	-1.3509692976893035	1.0206470674708568	1.763848523883043	-0.7309359534362034	4.236776147243847	-0.9894592899512027	1.7917286140123458	-0.39691966824941183	-1.5239531380818576	0.6322966109390729	1.4170970790573332	1.871818415473637	-0.9797376685473704	2.3302795808735715	2.170313511301269	1.2160081548719068	-1.4495799700253649	-2.368683735909457	1.5413791852646694	1.492797588163505	1.6364746991732622	1.2299702050063157	1.715047071101944
MB134	-1.005548685621278	-1.9395381124586102	-2.658509322054801	-2.851793160877369	3.5616716777838997	-1.6827786326976728	-2.470889896033439	-2.368764073655324	-1.0421412295637857	-2.4862939096360996	-2.7584410796291454	-2.3388682129669522	-2.9279654467039533	-2.2057634615806094	-2.2152337656847028	-2.702065100741793	-2.5842167323906287	-2.294939051778547	-0.9268288707802519	-2.958699125425559	-2.7295660178292467	-2.105399079568519	-2.4168883720189775	-1.731356804338243	-1.2546708031353413	-1.1929455139631884	-2.5279728071412855	4.147559550490094	-0.4151068641575053	-2.466862530227065	2.9964170539782087	-1.9711070447508003	-0.12770921449806494	-2.3123035232318667	-1.8259587041252336	3.1305662458369232	-2.9221556496029537	-1.5619950341601356	-2.3772562604928096	-2.5827028249607142	-2.149576131580938	-2.7120544579397654	-3.1348606936070986	-0.3875929970919145	-0.5497264240424258	-2.2668013957100417	-1.2293312098515523	-2.2162448379839486	-1.9892103779873036	0.526997907264878	-1.4744138845288237	-2.04832549130564	-1.1774610438765887	-2.6761231094124067	-1.065566595674051	-2.973545710649912	-1.4558659311203836	-1.5918146009637884	-1.9771412676187756	4.112368986930914	-0.41158229959991743	-0.7825000313213586	-2.90529853698229	-2.75978178071564	-2.917403295153088	-1.489829374594935	2.5939409234709903	-2.4935326928005113	0.18217941292583184	-3.052432032841212	-3.03366849984036	-1.5633384695663235	-2.311074095579528	-1.0789425801756352	-2.7401198684082413	0.3972698861412187	-2.7112734347529432	-1.866568161001112	-1.6502420869155703	-5.188132716608649	2.147674671088363	-0.57676002348129	2.9028676212628532	-2.3710230423420438	-0.7235867902376629	-2.193388013464684	-2.6750041774637374	-2.2354158010061127	-2.703605190095006	-0.0359254509470599	-2.8944238336851686	1.5686300465257341	-2.730644959706207	-1.8150540135111495	-3.3070273361209352	-1.734613754872516	-0.983410542307599	1.4556828472260266	-1.9415437036601908	-1.97887109344801	-0.3776547285134413	-2.234743248473878	2.5853763767851703	-2.4447646910390066	3.5041689734574364	-1.8544563120413216	-2.1317669388999168	-1.2898949233180446	-0.790023080298834	-1.374379762835087	-2.751026492152884	-2.5039695226551064	-2.6778783601468064	-2.821602379567329	0.09837002655352123	-2.625635627810949	-2.5047093823972855	-1.3130519458876169	3.040943750631894	-2.4453360186014175	-2.5841482008277996	-2.256973045969092	-2.499309789568814	-3.124555231160061	-1.0250927919853723	1.048351968909623	-2.8444112500528345	-1.5409637278441526	-1.6469052997539322	-1.416132840165277	-1.2158377316573006	-2.286512005994677	-2.6231671664821334	-2.6932601671749428	-0.24147884524899155	-1.1359841538816973	-2.9365352773576916	-2.386782212181572	-2.1688823599123506	-1.2865373530970494	-1.499143025739711	2.7117051268212276	-2.944023900343611	-2.277916419460917	-2.540246223945866	-1.9871845396843524	-0.7854836466187152	-1.7788307411781128	-1.5198813884280806	-2.3806488276235207	-3.197672958941494	-2.006976280082945	-1.9459367818939217	-2.8000134450804435	-3.130995379565663
MB135	-2.0340126392926585	0.618929496585559	3.1913889121691748	-1.598339623982703	-1.433627991363144	-2.583173246988414	-1.4877774731016693	-1.616892660818671	-2.0807203160882324	-1.6875284286068624	-2.1865047783016482	0.9300921062338725	0.6413613705000323	0.42070915626072836	-0.7819807081179793	1.8361538511189286	1.0138021069850254	-1.8701348684609922	-1.6974622404863169	-1.44802551927949	1.9479127891769838	-2.866098994042053	0.9929629648979281	0.39881222723501697	0.04138174630733271	0.7368753427559627	0.9411279427805983	2.339524498016684	1.080933261690845	1.3078813102977662	1.8602569454801525	-2.06639042073728	0.6892480822872473	1.1654201449843855	1.5259285080856433	0.9962103818257653	-2.069188375610925	0.7700102824792445	1.791536592499905	0.6932374803924617	1.7158230165422586	0.7756413821951291	-2.2506997854114683	-0.9187331663775335	-1.9461171192558595	-1.7492754192487663	1.1105060220167342	-1.6626733814082026	-1.559978293480878	-1.8931106927982224	-1.152276418971784	1.5336093155415478	-1.8294249246678458	1.3568146545060369	-1.4708029294715494	0.9078009391385855	-1.1192376827977046	0.7449229686636105	1.4524070162894223	1.7909722053687789	-1.742878515703854	2.288293634656214	-1.8184172752711536	1.1267733244311984	-2.4932037476431006	1.6337265924725664	1.5440873564012572	1.8045040907477077	-0.5190137845771563	1.4929506718391083	-2.249902023398633	-1.4933463444935384	0.8530731006371397	-2.323816114509315	-2.587819316833082	1.954782910353897	-0.37518245635032876	-1.9902309185382467	-2.079194944989272	-1.1731771386592733	1.1657578636870491	-0.5292291325977825	0.046605801029176774	-1.4636382265642283	-2.940602126090429	-2.2218037058631683	-1.4446527405696319	-1.8435137732379303	-0.6467251572111792	-2.618754983300226	0.8052885637292357	0.8780426116169266	2.918521199948164	1.3319627136134446	-1.7059737822617294	-1.1717534826261478	-1.8186902301214012	1.8219068113244763	-1.6338989137149085	-2.005163008744759	-1.5205437812583078	-1.2268252553909953	0.8825813166555676	-1.7621030582189796	0.23591807027421208	-2.0251658106205497	-1.7315268449902597	-1.5476789618434577	-2.1513595874917097	-2.2937053508486027	0.6901977576649987	-0.8378186747068366	1.5738245222642204	0.9406323822955267	-0.06816096200166744	1.0018354239464315	1.0465473550957842	-2.018369076320772	1.2909702321668286	-0.4780818269817191	0.25106230818006914	0.5536181414487418	0.3088666409413863	-1.6229316539502907	-2.1938748481031407	-0.02638459908566393	0.33140459860145555	-0.7049214724841555	-1.6986372987059752	-1.9926447933679938	-1.2714576987138315	-0.9728716111632014	-1.6593924010057286	-0.08811038639586677	-2.5493103886414676	-2.313685068642398	0.7506691925784548	-2.180771134223546	-0.27199620533167135	-1.9995054153337382	-0.824826349730639	0.43389773326688275	0.8280271344688916	1.447622193725329	-0.18606222317328047	1.1951948209675924	-1.9874413190179219	1.0856707143584998	-1.2683983499499707	-1.0287398180756515	-0.09023843346607485	-2.2626891628511263	-0.33471990657840855	-0.359488750940681	-1.0345538068991562
MB136	0.9225575157541357	-1.623477902386611	1.7411297596633943	-1.2690526033230292	-1.1077699639055432	-2.732363288436657	-2.4552078782596922	-1.6138271433314202	-1.9367011392248692	1.2898973787304557	-0.36306886076677714	-0.6141364504767193	1.1991286833076034	-2.41162431882033	-2.780120451009571	-3.8094401360702115	-3.2394193354304344	3.823480985865258	0.27072825850861904	4.252070562541422	2.705647617575325	0.07042291094602504	-4.874398410477548	1.2253301918308264	0.6731010389437557	-0.29893586585857257	0.1387231143954164	-2.615303966958331	-1.5947173543642714	-2.2612994050441415	-2.0150544267571693	-1.3010802951048248	-3.9225853502537857	1.812249784077057	-3.893932009202513	0.8044565305674931	-0.9685341537057672	-0.6095128967747279	-1.2980270249894508	1.0997635484848312	0.10803474819818071	-0.6031598143183166	2.85455542861886	3.0778332341836485	-2.7671391541404073	-0.782236209881054	0.23957742915419367	-2.2930669556554566	3.870331232476726	-1.5727732433704773	1.5804988570696494	0.7751207800833742	2.854332818852784	-0.7431804883759714	4.838510327909848	-4.450594963291323	2.552530140821399	-3.154875735581941	0.06778740735830624	-0.9966065955513619	-1.2498249162492954	1.789261989955631	1.2062213363172827	2.5861953992447946	0.7676220199967556	-1.6505027222691435	-2.4489417819538533	2.565106344681415	-0.8826372189960292	-0.7819499302223694	-0.3042457385703745	4.1015827854517655	-0.5434914778680398	0.10201389177939202	-0.40974088119732777	-1.0165331046887829	-3.1786504755126117	-2.77420663293983	-1.692410899788202	1.0535097111260745	-1.576029909037385	1.7551869854778648	-0.6434290267706126	0.08256788794912318	-0.023243241556569316	-0.7777561481664446	1.6239991751453111	3.6313691599538096	2.527060081326278	4.316810734657168	1.5392795847777068	1.4349043258244052	-1.8747704185654213	3.4727711339626426	-3.2612775427230467	-0.6411089585572611	-3.5355477952148426	-1.1922637563791687	-1.5452579645912081	-3.740382149711113	2.8991790640098705	0.03563454070662786	0.3876791611776378	-0.6886784337638474	-4.792067787438518	-1.8975652593125751	-1.9613704327396349	-1.4275780377257927	-3.1686395703300647	-2.764856324779714	-2.2488967793514147	-2.8984300597098116	-2.638473732048068	-4.765590495778781	-3.11394530407878	-4.268618354666547	-4.904254349413129	-1.9535671079662986	-3.6089736735623257	-0.7546395002173218	-4.173408553236509	-0.7140653717903671	0.9854838921739528	-1.0472269779356083	-1.0698656826857178	-0.10115762398403572	-2.4597055029525023	2.3183992229993535	-2.1955014633050336	-1.7597349662689403	-0.5857388843121765	4.441848381408461	-2.2707974774861643	-3.011142956376389	0.16739740385066426	-0.8290493162821679	-0.48715558281164917	5.893280095405229	-2.589785055482249	-1.1554577931552394	1.1854825405570057	-2.0178450820973612	-3.256282274190138	-0.6316641548812569	1.4082202664043901	-5.082175051481205	-2.4260501042283202	-2.6887599364534998	-1.6160770800978561	-2.3259973233426905	-4.883305608627927	1.5013179852025207	-2.439239961426683	-3.955868645071927	-3.211820882664302
MB137	-2.619371487098455	-3.316371219313119	2.7727239242818484	-2.6332522598162207	-2.907505640208365	-2.1386739974805202	-0.2462083218174289	-2.5700621335119997	-1.7824479067332568	-1.8688630212877744	-2.381349460734331	-1.2854000219754926	-3.672015828530369	-2.859928993735929	-2.905877525813075	-2.241317935381712	-2.6029373638011046	-1.7640808161581774	-2.6951932743221167	-0.41138913210386185	-0.7483397767292024	-3.354191964710891	-3.2497161306963402	-3.2451690528408887	-2.608267068376679	-2.4904747501893034	-1.5879043550333538	-2.252121315765029	-3.2352475182367693	-1.7238373284529338	-2.670857622756971	-2.117668197453394	-3.3217810439748527	-3.038891550348138	-2.5215332154046406	-2.870450925872042	-2.3975281779239728	-1.9955052042248305	-2.435924853291149	-3.3168482750119974	-2.4930242607924225	-3.5131945449385666	-2.6972483980951925	-1.4553309947403967	-2.840009344186731	-1.4713545461739646	-3.5389347242190494	-1.9714999868738907	-0.9031469015897162	-1.7649685690794108	-2.8025150396331355	-3.090458362628306	-1.125609068890336	-2.3227480382778083	5.769944080735372	-3.4670419606159175	-2.394985394014414	-2.5312285803573236	-4.152672662934477	-3.201063216059956	-1.7071083489617003	-1.880138802002774	-1.8073006604885435	-2.862216044711264	-3.8011048422797735	-2.6929376141364276	-2.9986780943092812	-3.590518197999164	-1.873013558121075	-3.8539875298896558	-1.6951733935991324	-0.3268295638262355	-2.8237442937011394	-2.496578887043958	-2.7144762043529216	4.844289507238413	-3.254084294493758	0.8005163440386731	-2.3279983245153204	-1.7066834704462792	-3.698006277572614	-0.3044565948529758	-3.302465746861146	-2.4519953169442967	3.694126732310326	0.3636347004387357	-1.9245104093703649	-1.4956108598095952	-2.1745195955178236	-0.30401122206015785	-2.8492806895528062	-4.359113920992184	-2.5808003677791875	-1.7763532552692585	-3.5143588531450867	-3.4156381287764486	-0.5510607276058455	-2.6077068717769167	0.43947665970810945	-3.667570111589674	-1.3707865859890642	-2.1409174669160986	-4.270384914418951	-3.070331202322828	-3.2236901131517888	-2.867369723520241	0.22292070420261645	-1.1651029668175426	-2.786741512203509	-1.018646586877967	-4.2513253992413125	-0.9396246922322327	-2.689078189932042	-3.773565519761414	-3.3407261009350817	-3.041731639360256	-2.8117566031230012	-3.0808143433680932	-3.766448371825441	-1.9898001591058305	-2.557789813229677	-3.598662803884359	-3.3976639551175065	-2.3247908518135265	-2.4638506707424295	-2.9354077177255267	-3.1914735675927197	-0.03292004522490899	0.8057374901498449	-2.2999793452948563	-1.0830423193212262	-1.0327467600215847	-1.1201630475210322	-2.4694497981329455	0.22360696536906666	-2.6750983082183364	-2.0676131450095028	0.12462011106638116	-3.8272169695202543	-2.7948870500363174	-1.6258675344167415	-3.430394606152534	-0.01587980268521072	-2.109623064695148	-1.5621564208370735	-3.8463225345943863	-3.0311151692620637	-3.7037139233879843	-1.125918245180987	-1.5832563873839742	-2.0168286623440626	-0.8458022019876381	-3.09864844206783	-2.2896186321741734	-3.5825782817842757
MB138	-3.522996693705453	1.37962391594027	1.7001985730591302	1.79420614543871	1.2571747788254486	-1.1966023692328385	3.886092232173514	-3.707021439519151	0.9652321643207653	-3.466814641785037	-1.022813906985144	1.840107370840065	1.7606816341606697	-3.75420734029624	0.6710831972787705	-0.38170150340433295	-4.4920131258193825	1.4804280636045997	0.7993360010860284	4.088060338068613	-1.3261100000327533	-2.8947648039337572	-4.6036518271620785	-3.9386243479615812	-1.7867417299480133	1.318170956946962	-1.2149558140587189	-1.447168915781024	-1.902497345886446	-1.2773167933483247	0.4326434378567896	1.8403310894722402	-3.3974843956718823	2.9388903653150757	-1.9476899235267178	1.176058687823427	2.0867062917095067	1.8286507899532056	-0.43025079948259126	1.3369172070829611	1.0841718591454086	-0.4853049455422296	-3.1109285895665852	-2.7324693811146883	-3.141612769652573	-3.6858245762446664	0.41918783455922615	-2.0783186102833238	-2.365314337964872	-0.3432479862785982	1.7448880616613556	0.8468073207370175	0.20556870714885456	0.11948206813896078	-0.5627959146437611	-2.3392081271139915	-0.7963567104372746	0.8724046411696058	1.2438728051121846	1.3839941443091472	-1.473195151341523	0.32106374307298324	-4.021155880032541	-0.8869303193559581	1.0920759913340348	-0.9286427275360225	-1.232744844693987	1.8072867092005227	-1.4090790033215796	-1.8552605677770053	1.0884810811492445	0.027944137347175158	-0.7473357184170588	-0.13404804271607773	-4.35409214474557	-0.2564862925167688	-3.6019686618627382	-2.9000839785220247	1.635721854774789	3.1263474193387673	-0.010271131389971266	2.528099275155399	0.5330425616376671	3.9334163779249343	-1.865731000590234	5.178875055398205	-2.15427768282502	-2.1885519933845163	1.898244904742957	1.6900431468306438	1.1603386549901744	-0.8230336377376757	1.2385753470778385	-3.0805699183428743	1.5176677139337045	-0.21855937001726033	-2.7084360627678308	-0.2497760351022844	-1.8889202663413016	-4.030415248476588	2.0169175746502876	-3.871506396487586	-2.1765391950599735	-1.0928511461656	0.17162137232609798	-0.45783146560312105	2.703834862981294	-1.6047604395392199	-3.118673218063206	-1.2688172505387136	-0.31629633842153027	-2.933582415724608	-3.1383041448332794	-1.592532114553519	-4.408637090072042	-4.456033317202801	-0.7651465095463017	-2.083125806944615	-3.0718007492106976	-0.8187410453250719	-2.0446597577186374	-0.06929852983892992	-0.1380426202735734	-3.769929665333482	1.230780265309619	-0.8131970070214383	-1.677040170959577	0.6348645987964474	-1.4071094555927726	-3.0955186488950055	-0.19730896924383146	-1.4655542082280064	-1.80260029021521	-1.9024981251858666	-2.511979783293249	2.7469460943828032	-4.038730779157492	-0.7904722478614996	-1.885027963887989	0.596634943154311	0.7437901375666183	-0.5504004177619475	0.7282304263098531	0.4998485830980881	4.681833189406086	-4.628896556850816	2.5787774995860504	-1.4526232684287868	-2.6670270912520824	1.2709246543164374	-0.8315245642691274	1.4379344151392122	0.6688697495411713	1.056728543842456	-3.6691565853303594
MB139	1.8341875442530657	2.7161163649784363	-2.0356329068278782	0.1279819947674916	-1.0155294683681664	-0.5078597011474031	0.36142635975055803	-0.3772374011388351	0.18670848947016339	0.8720712984800176	0.3569709501326699	0.6998105704880144	-0.741880541257621	-0.4536367776174899	-0.28649227490171114	-0.599848656262294	0.24340214833569096	0.2474470569433862	0.032380166275350675	-0.5033756528837134	-1.2105313512823832	-1.4082132893245376	-1.403569879850071	-0.5982783307904329	-1.0848681048103286	-1.0732939225245026	-0.5438884324178304	0.1401494765062159	-0.8269553902986386	-0.6342617370010402	-0.25102768220888816	-1.1603257517178172	1.8766584418277477	-0.6103623925953912	-1.099211333435929	0.46836355150683584	0.4025543958203288	-0.29765688382440914	1.2113880132106214	0.9381561618036995	-0.02070033704351637	1.952833463303743	0.4912199725001667	0.30312062657070626	-1.0430973873604454	1.885742798964733	3.528124337967757	-2.0008732865870282	1.646299985618442	0.4753269187516622	3.0375054710431106	-0.7009829487264465	-0.5602586601353856	0.7486753234368173	-0.44197488224988035	1.1900478262259577	-0.7494830868176514	-0.7733957481639049	-1.2586663593289051	-1.0715137074218228	0.2350025470197714	0.08693734189032476	-1.0672557745053286	-1.368453794764644	0.46911795225048536	2.890643788567469	-0.6613848259418686	0.18644923031988814	-1.360772093090434	0.04041587678027625	-0.030740159372259157	-0.8086064974052505	-0.4356704798175386	1.9152000952348693	-0.7547567094622494	-0.12373893200803643	-0.7681486931866424	1.232604221815822	0.8360212291824265	-0.9433284865591158	2.1629150839544566	0.5787847195392519	-0.3975502386727401	0.195242704619341	0.723446964314876	0.49570941989735395	-0.32330635850161116	-1.461843386308237	-0.9138071552827611	2.749256178596238	0.6580668086580053	-1.4647379262383078	0.8872914229610629	-0.9577094584802435	0.27938027927745424	0.7892313835383344	-0.6617949440931046	-0.10698274836470656	1.5793855134495907	-0.9745867689341434	1.1039986131999866	-0.16604964690823643	2.485346167186851	0.8091881267453394	1.307213541173014	0.2761766330802491	-0.30267360277683153	-0.8919407125953214	0.16838287620071135	0.8466226887789361	2.340865582927769	-0.172066498148439	-1.237091241347601	1.754583364873218	1.8244300635474646	0.49677400630747304	3.9397022066270995	-0.102218973101035	0.4075222066823816	1.8708723571862915	-0.9183095793239069	2.015759891890543	2.89367023958169	-0.1438916000458761	-0.3225289752494849	1.9988779605979916	-1.0788004594532357	1.0957225119397913	-0.27814643960571495	-0.7734495405089952	0.48642792806317203	0.5417135108060815	0.6338885088503563	0.5835045014676146	1.1039089535041207	0.9122835197231014	0.3987323847555837	1.1039251031477821	-0.8566776541974761	-0.18232672377546066	0.6055314819292477	1.331473211483436	-0.22666681262773736	1.3565710696946036	0.233670530619408	-1.7187953728364773	0.2932289267882844	2.4563690915393686	2.035433098330544	0.05366234428803551	0.8818915768527891	1.4758439821708063	-0.9747726831279877	-0.25660989270979684	-0.9031227612276247
MB140	-1.409200422714008	-2.8989002859563673	-3.718433174536349	-4.171475108153491	-4.360711801002651	-2.3511115632821955	-1.645447725107223	-4.436402426312805	-3.2595570706910024	-2.925031553615721	-1.2126491169060607	-1.550463003000921	-3.2753905635809746	-2.424709495587541	-4.228958399885528	0.6116351139373064	-4.502481932749624	-4.144589841145535	-3.2082362892179557	-2.7166456406380437	-4.121467309722797	-3.596073652952713	-4.744953149477757	-3.8515616119520297	-2.6471223386504574	-2.632647850830116	-3.3851231240042114	-4.88557342956218	-4.26858400844664	0.8454311882219541	1.206233164975762	-3.3565976036941034	-0.5277179681977655	-3.7141339131505546	-3.7457825238963087	-2.874128196826941	-1.668976367213486	-2.556749205988412	2.2735094237107516	-3.682772867100649	-3.2743883902202757	-2.2630770253142822	-3.9492218992055097	-3.747572705300369	1.091800297392485	-2.8516380019419962	1.378094848757982	-3.3682428679989727	-3.077720827347358	-1.6825517631248488	-1.17763165645502	-3.9754503001426276	-3.5055648344599195	-4.1433526638878	-3.3195052427663576	-3.162214519020024	-2.8123459705345404	-3.6072020148631765	-1.8852998784483477	-4.113184875053988	-0.045217670579701164	-3.6267318030329996	-3.7450829538860155	-4.441525029986707	-3.75284131704573	-1.3281498090137855	-2.18348713476077	-3.170623327224642	-5.9997664731602995	-3.0675835880046414	-3.893240191129891	-1.4887479218138537	-2.856156501521479	-2.6014178729809334	-3.16528355489241	0.5187854377526531	-4.2609839322035	-3.9857740786338383	-3.13606111702766	-5.188132716608649	-0.46999887915024363	-3.6120020981130434	-2.3711068849965313	-0.5670226432233427	-1.5774725833325753	-1.7912984910483694	-1.731732916989218	-3.7663265473897134	-3.1536394874544715	-0.29898356590729236	0.1341536275159685	-3.7575056817745525	-1.9654499278783648	-4.445199824698632	2.2935498818004305	-1.751361729511002	-4.847555497985066	0.36245267968137806	-2.38817108307763	-4.321240645525126	-3.758170263155767	-3.9367740989282485	0.3433697694226616	-0.8710927412360636	0.3400872589204669	-4.388426207382343	-3.112274360499333	-1.7297389598938047	-3.1529977064496393	-3.6895642993182154	0.10783869859693507	-2.9824610890069536	-3.6603843775030267	0.9786960410133227	-1.2833702212476839	-2.999557717671193	-1.3185928643379565	-4.425461224321197	-3.4387280302258842	-1.7124467008322304	-3.635000310034295	-2.779949092792606	-3.0184768057111224	-4.208118362484226	-4.354634916355037	2.4500297558138158	-3.820828196413604	-2.6230192713228284	-1.6920225402218847	-3.7390482483637673	-0.6009802983864638	-3.312528191091202	-1.8125191710065796	-4.675163073468571	-2.5493103886414676	-3.107242659483914	-4.578416937947248	-1.3909587867038447	-2.2302528926983882	-2.87388198105406	-2.946896056307244	2.1727338305708033	-1.622793957570817	4.704109133982957	0.46158146870518735	-4.959004684118525	-3.4274846476750405	0.053313765857648576	-2.3371752482625343	-2.446999249308851	-2.4166652180050363	-3.792824077233023	-3.4629870588932867	-3.2910552207777837	-4.686309783340221
MB141	-0.7888202996521443	-2.41335675089236	-1.6363960940182576	-2.4210705429086214	-2.8048230660956985	-0.5586390834903057	-2.417046150659189	-2.0848020922716763	-2.4752108298968203	-1.103741854349952	-1.7922080977088743	3.0968319318020514	-1.9027440275141503	-3.296328858156375	-1.720655579255011	-3.195288816692047	-0.8790759629039426	-0.2817158697125315	-1.6657498456657347	-0.5430402661637963	-0.9452190268630529	-2.6394977541673104	-2.570080660236183	-2.04858592952512	-2.2604703559210284	-2.6933351150295444	-1.9108858311538963	-2.7011672239452604	-2.592759939449695	-3.273010531660548	-2.3307158291400025	-1.2556240168512858	2.212445409704772	-2.1245156204263704	-2.670159446411348	-1.941267149299966	2.25568051676487	-1.4788566246974177	-1.7506910223327	-1.9200685503776267	-2.306627521708066	-1.996601476540346	-0.3168503433737708	-0.1060382383103029	-2.0099545596612423	-1.3734886006292264	1.4441750270467901	-2.2539183734306736	0.4702788612805566	-1.423769837631502	0.17115542465446865	-2.502867246959635	-0.9362798580407006	-1.3847762287370333	0.22353247197914605	-3.274578013259255	-0.7552235342890086	-2.9693232496758135	-2.6371710053027906	-2.3799275422022896	-1.9663932450585158	-1.126885570049593	-1.9735813108941098	-1.4150535116291092	-0.8883325208209829	5.0906369653370955	-0.6019165469126788	-1.9320714758054907	-2.092131426836433	-2.9036686578534585	-2.7803229998052323	0.4562021155340208	-2.3590911703033406	-1.8359879887899453	-2.573058288236499	0.19321630142020396	-3.647364265690163	-2.179138507981838	-2.292263229215953	-0.3665379906763526	1.380394873353593	-1.7636852147085413	-3.059861692890311	-2.2468363247386076	-2.251074939199274	-1.4028066209629877	-1.2778765763110513	0.2786526878047706	-0.9762332826132365	0.5786552434926691	-0.2227181992449978	-2.436497778430925	1.312350887362756	-0.522382086401084	-0.8242127985929901	3.9775582441957242	-3.519787403511078	-2.813213965985269	-2.539875690757979	-3.515830631158602	-0.3544399569706762	-1.514267580583402	2.7795142294981607	4.991786248193671	0.8621793553781725	-1.6990223662801913	-2.1221625634625614	-0.7350109972189198	-0.5705190243195801	-1.1313308741697963	2.342932872597042	-2.799829784584885	-3.454231350105216	-1.8667637276673084	-0.21552650060258483	-1.9692612072161992	-1.4478801243461792	-2.626133446481642	-2.252861465322039	-2.0666406397882	-2.736783038106669	-2.6201103226042264	-0.1378081119038157	-2.3247908518135265	-1.6138239223552127	0.5131420819015329	-3.374372172006078	-1.1498008317379451	-1.7221397248366657	-2.657667819327827	-1.3502676924853336	1.033031770545005	-1.8691156205843704	-2.8845734881726326	-1.157065397408502	-0.994911096445481	-1.9666890936754609	2.259177413690482	-2.309243494570504	-1.7843871053544103	-1.815641572851872	-0.12821949698994306	-0.8913461642798346	-1.8175275568899014	0.8789454131958419	-3.7424070180028215	-2.954525135975116	-0.8879416809990763	-1.8123234802695745	-3.101325388819708	-2.7869069359568854	-2.087881581079582	-1.140066725850728	-2.145283272232211	-3.5119529579531097
MB142	-4.471399358513093	-5.2701439904875595	3.1671336469136406	-4.377941406034012	-4.532027032700801	-2.6549886355600716	-2.286205411606458	-2.7168513385825523	-3.4105132255196615	-3.332446457294429	-2.7436155055196227	-3.687307186293527	-4.600837258089043	-3.6150306087636164	-4.765328853863913	-2.5655130889307287	-3.9938592216012347	-2.2299374041979387	-4.138352781360945	-2.4006819801538235	-3.7127184369673687	0.13944371725335714	-5.641219307590195	-3.709312255108755	-4.072457654264583	-5.043836393317157	-1.2170939426748273	-3.456925851388771	-4.986105868897339	-3.917872028557799	-2.4076766628692834	-5.743836798510932	-5.157345754173803	-3.547240488515456	-3.551329382699156	-3.951301649141424	-4.499193177170716	-3.8183050200129944	-5.21510938755691	-4.667927968808108	-4.429867103841035	-5.580654533547999	-3.8130977707587945	-3.4073131497770337	-3.52427682651782	-4.450967577409305	-4.123539392890264	-2.738299737491218	-1.551144767157533	-3.0034483366277254	-2.5070357301825155	-5.114009403114203	-3.8889845372463245	-4.294773161658467	-1.5313846619307796	-4.859318093414998	-0.9838469692058585	2.3299820156508897	-4.395415678637584	-4.805585670789042	-2.6167849238514993	-2.1000409302345027	-3.2528270636065564	-2.1914784792975777	-4.437730817164043	-4.2092054194293524	-2.888332383755574	-2.0142697763295834	-5.9997664731602995	-4.684617274377786	-3.5638429366621516	-1.7355290078241836	-3.9493448369351416	-4.617335588664668	-3.934154401432849	6.132794370558477	-4.327483954661606	-2.3003543631440575	-4.311766520403458	-5.188132716608649	-4.483588850274187	-3.5327057693030035	-5.120274058553298	-2.7067700074416976	2.685097483014774	1.5298622190951452	-2.16354575381761	-1.4544918715350583	-2.756763940200498	-2.39970400770528	-4.025367750341294	-6.25915659168911	-4.282763169222082	-2.3127135379696995	-3.4523259686145593	-5.641744388245337	-4.762766217820406	-4.873122009648555	-1.8389281621729818	-4.214621614121825	-4.929893344125311	-3.7906229859402885	-5.103022844525762	-2.920713732628853	-4.0702611732145515	-3.6621446474656416	-2.991266425737784	-2.4759499467886563	-3.7580696062300856	-2.2918143606577104	-4.809562441498145	-2.875663405739454	-4.977505808334428	-5.1253419055070335	-5.102718459433903	-4.417025101840959	-4.583429200702042	-2.3033739618392293	-3.6716036045200555	-5.001586181766814	-2.9132675177804597	-5.108076717146632	-3.1774645273127113	-3.4305522273353795	-3.66475867006935	-4.055415024186681	-3.8780432924361445	-1.6146931650470986	-0.7770947719671639	-3.14585763576841	-2.012413555081709	-2.171365881829825	-3.0605422105038986	-4.239816304665533	-2.784019051659941	-4.712476968456416	-3.609655417625257	-0.3671315511609947	-4.614047632301714	-2.5103549107155736	-3.0323417978632463	-4.6948260319288835	1.7396275970902577	-5.584951129860423	-2.920147033682797	-5.00343486297333	-4.389512695632472	-5.182603177899554	-3.591180523162155	-3.55221584103589	-3.1149328355095776	-0.5817256116377933	-5.005416066723749	-3.8964744590300118	-4.974106210366735
MB143	2.701232835355822	2.803479325345619	-1.6756015243310376	1.5175747367180739	4.304183412412735	-1.446548352046193	0.0580927431593512	-2.0443153487729777	3.360738106608859	-2.1497461284499533	1.8838294858924742	3.382097093203031	2.885410666547479	1.1530044400511654	3.9868907884395863	1.3030331169677183	0.5120474035339813	-2.7790836357616975	-2.907093900753191	2.175866072456672	0.8742042451396763	3.792678222893403	3.8377279536725313	3.801616732980473	1.7209119757803348	3.8205542219701174	-3.2335118409188635	-0.568540629525387	2.872469500815434	2.505755224367217	0.560692808781706	-0.7856695365378314	2.2988175460723284	2.3860489189472744	2.339944225344188	1.7583272407912647	3.628464564859393	3.9027726206974256	1.5082248653910586	3.4447394435419305	3.983887698557866	0.37475675516934803	-2.2082597630117853	-2.5289737457111805	-2.0664535815055167	-0.6468884143124836	2.8444872297023798	-1.3699398497235666	-1.7771378535914693	-1.5540465185061976	1.4826001030028317	1.5422164953514388	3.781743949980954	-3.1001161162705184	-1.5313846619307796	0.6034281604011369	0.1746657635194353	-2.3772723864412093	-1.7281003138763085	-1.5134826051840191	0.46771500231189655	-2.2509017845679313	-1.9459905419673724	2.9787528086002677	2.2335476993490593	0.44427073432087383	-0.2815755738167871	1.3697732475921702	0.18217941292583184	-0.08004291727581148	2.404507594693748	-1.8043962309167316	1.8071599336459991	4.049283210867255	3.2431232423059875	0.2374941797727228	-2.9964856205171824	-0.26077724340094477	-2.577008144070554	-0.14039602308692345	0.8221427781623438	3.612954621908602	2.9551501109417986	-2.9338207195917896	-2.157371502477341	-1.246288250650018	-0.8108508382955453	-1.510992583798144	-2.4010903631820284	-1.2261132187414603	-0.059595529367449274	1.340551606996578	1.126474771406583	-1.9468380151060671	-2.944527989508428	3.9007913520864888	-2.4551191279291196	2.4853976708814987	-0.191496526316282	-2.971153243381563	-1.8661648747549524	1.0316702362509131	1.580831814149863	2.243532208179423	1.1804637731935008	3.0729224082053284	2.328390189633671	-0.30862560626632884	-0.13138484679747897	-1.5816434795741792	2.6623451755053082	-1.8994279919923152	3.0135526840088414	0.5266861660393625	2.7107214622759885	1.0810376366446812	1.3677339480280004	-1.1272068518850826	2.204882513892713	2.9470779760134	1.8667640170393147	0.6652163772810304	-2.7190971488215947	2.859903800405843	2.612039892984601	-1.9345885091165371	-2.813070205503596	-1.9800658307119754	0.12051985943473298	-2.458578481244066	-0.22755643574143036	0.47027053886720793	0.42556066262537406	1.960759982894654	0.2723076361462695	-2.3905023899272813	2.5286488390539237	-1.2664278956257	1.735345595971534	-1.2534759200353882	-2.4076358539475002	1.0781822280445965	-0.13647655608390075	-0.9401291740246212	-0.4353302760034623	1.0529602151766007	-1.7234488575014986	2.315306810445838	3.9363792943991465	-2.0432969833545496	-0.9057130468070866	-2.781374054521571	3.7410064616004988	2.334551897127379	2.4430122692731544
MB144	-1.9520947024839774	-3.449613896917393	-2.948523526638647	-2.0695343979869705	-2.270703399136302	-1.1794311071971553	-1.944498094835117	-2.5542598469549933	-2.337288594692902	0.4918913936515992	2.524069377310343	-3.2001000670990205	-3.2650352504154627	-3.4294549739946305	-2.125356694970238	-3.9765065443462273	-2.3078119674912108	4.500809815881782	-2.6233936329467795	-1.9905635129292811	-2.409961746956797	7.805469338919261	-3.4695573737838927	-4.045177080656953	-4.431033798326895	-4.466911832921383	-3.7276087378751335	-3.783018998647494	-3.7090980180143758	-3.7986620562708353	-3.4658230457349095	0.802649779636214	-0.6793987302201865	-3.5262607044653738	-4.5106221681607055	-3.576747166072753	-3.7426761155023636	-1.6655375493405966	-3.2521725977686904	-2.5694216276292305	-3.454020422837857	1.970187771197061	-1.7619401223327973	-1.6342310624614154	-1.0989408741533069	-1.7971007420685723	-3.7723662637518443	8.089697292924129	-1.069610795501596	-0.5016446206021516	-2.628842137556381	-3.7389515987355484	-2.625779878797047	-3.177274908590862	-0.2866093494732933	-2.8459578747632825	1.3491485454573002	5.186873173120862	3.0237078181855805	3.0112671869726757	0.7219449342510558	-1.8758254321125634	-1.5256358306203666	-2.4308737480714804	4.659866147504531	-3.893224859704871	-3.6410327130727937	3.113488343244759	1.209748317532247	4.139309271022628	4.228453313624392	-3.052458745090183	-0.8951505495667433	-1.8878183931912638	2.5632335170711373	2.5012420315156003	5.931135995588484	4.0046117149837865	-2.0858920701518606	-0.3214336332610923	-4.240713914259987	-3.8573478822179315	-3.7489347012906906	-3.5082258466824143	-0.8924379573994159	-0.416387384359556	5.453071859129313	-0.8635427494787518	-1.9361958345391574	-1.4495728579457356	-2.5970399573080716	-2.9304127655377092	-3.5209155962153256	-2.0540367689055508	-2.083887939854721	-2.8018321098033	3.692249875961843	-3.4452406203553947	0.5820173949842768	-0.2608366120366181	-1.5792523067562563	-3.5424683612707373	-3.5679934219692466	-3.790876896131685	0.28772382845580236	-3.232538968642295	1.8709089559607541	-0.33138209326201107	-2.3632626129289243	-2.615839994996712	-3.880836208402873	-1.9295570304900256	-3.0830713412543336	-2.1263603011393712	-3.7963103129607587	-1.9960877690421661	-3.8493067485573196	-3.166207633578102	-3.679948253146544	-3.577249432444673	-1.9019551240858483	0.48128395119722533	-2.6936043039231343	-3.6581509971137827	4.873566893627492	-2.8116776428838666	-3.110662150747377	-1.5595468434904234	-0.5098737494340568	-2.4561086116871245	-1.6961588703698922	-2.166715393701507	-2.095961605838985	5.469118468171904	-2.1603461371358605	-2.725059789679298	-3.004869775391441	0.3888853289401375	-3.4397280941719224	-3.500854616347217	-2.4843138504786957	-4.269033514907596	-2.905215186457383	-2.97079280929775	-3.5403031769209665	-4.143520034987531	-2.7888157390832333	-2.7853754877944317	-3.2053036415380856	5.1426051102388035	3.935082646125971	-3.590450103804425	-3.8258408684489673	-3.7947379757218	-3.8180221228060685
MB145	-3.4534003166002236	-3.3878960724511096	-3.041737915203173	-3.3857959338727657	-3.8366830430602707	-2.2660736564432806	-2.000502724966344	3.7619557539673343	-3.6130136644109907	-2.575579694150136	-3.361855815040416	-4.490558410777618	2.3851063006905084	3.7933312993453505	-3.344564889874011	1.925412733774662	-3.695199249382328	-3.733599293118292	-4.301742351283789	-4.627058939061424	-4.210671176831407	-2.654631048054082	3.5760417082641602	3.0651117800232015	3.173680104422356	3.562504134992407	3.4794494821538473	2.9666118775507826	3.070609421483357	2.6119179754918225	-4.845916733393713	-0.39421720721712816	3.8439638713693007	-4.73254226984791	-5.021926324847736	-5.1842202009598335	-4.673576049948635	-3.560198247297931	2.4685917726987903	-5.157780427583203	-4.520910302271268	0.20262000774157674	-2.924491055165406	-3.075184719862806	-2.151331757245897	-3.3827777066764604	2.5167019797851795	-1.514757684809565	-1.4641620781587275	-1.880174297066585	-3.260556235737834	-4.966733057961303	-3.5055648344599195	-4.380051023010118	-2.2555046994796406	-3.302491663199474	-0.6057741009814279	4.445233487650241	-3.8239836237454794	2.208651438801671	-0.8973352023975103	-3.594212037875449	-3.266323038582847	3.6228037895832266	-3.5745273890798597	2.6058141417158556	-1.762435562986167	1.5969980219142315	-0.4039554945149124	4.691257039392056	3.35934025151066	-3.5420895534714596	-3.10669427583049	-3.0130210050668946	-3.2480958933043755	2.0651172342587696	5.139605426180836	-2.867098275184272	-3.320042028878923	-0.8643893522494626	2.4525229521244913	-3.8573478822179315	-4.191432200269461	-0.8669160236417834	3.863738323867632	-1.8360107863582549	-2.3358650128927945	-2.5637519515131437	-3.9089951017402917	-1.4401091034420954	-3.0192708452286077	-2.700469014285418	-2.5580285352708456	-2.435056124913629	-4.019837905123241	-3.1785004577076172	4.3422879115697235	-3.827724860808229	-0.8020183313175817	-4.214621614121825	-2.938823366337104	3.1049986468185757	-3.4507241812185736	-4.573635169460223	3.1314019345172053	2.6245632390166644	2.2129785500578514	-0.5614400203757146	-2.432541223057404	-2.6015752921563777	-4.270961617253971	-2.2044287632387416	3.5552134636127315	-3.713823066008443	2.636537611547661	-2.941441206687964	2.0299356491241562	3.964155311378607	3.2318371509872055	-3.891589056930168	-0.09795951739933884	-2.6594679755719124	2.5514165004703404	4.21488058802598	-3.506702464995419	1.421966726862287	-3.642059621506	-2.7859481480577095	-0.5251512467760726	-2.8722627861741206	-1.6788180813814293	-2.1590123197829207	-3.2247048087394177	-3.4715044885746593	0.07529752024894343	-3.5360167372434734	3.7580179293785703	-1.84768617057623	3.648056370504243	-3.0534844453162844	-3.486344778818591	-3.313159247612612	1.7838381970222184	1.7622337018385066	-3.1829020834492603	2.5859486562818796	-3.509648153143475	-4.988324441155991	-3.805169068792985	-3.6472251961295505	-3.7208013290089426	-4.237377135034132	-4.279217765706674	-4.333780728392847	2.1238022877461704
MB146	-1.318748715044256	-1.7107197912952774	-2.8507668717235575	-2.481167529840958	-2.30285958044346	-0.24209369870879627	-2.164684798465867	-1.888913254720343	-2.6212724007060952	-0.8685867225842312	3.8286175197703063	-2.003358901535595	-2.258073506587036	-2.424709495587541	-1.3437540547846947	-2.18135985614113	3.217801226685025	-1.8004705791077615	-1.2722927370640846	-1.3691184999271755	-1.8473849117893009	-0.24338903862185113	-1.7318287298919017	-2.2361310495154685	-2.3752403809053932	-1.9590827621331943	-2.138377146513843	-1.7867575954837598	-1.7499865446730327	-2.120289362013887	-2.758530226736786	-0.9932899975947098	-1.4997143814742975	-2.0365109896125837	-1.5742375732647007	-2.266387950186866	-2.232027431973468	5.270918767745089	-2.2270459588215017	-2.5055392996326056	-1.8313262147742275	-2.094215092495488	-1.677636076481015	-0.3651823846793967	-2.207730682468327	-2.198145894073461	-1.8552986778881353	0.4550078068097232	-2.3200335698429235	1.5579212319401634	-0.979238050864419	-2.209526030546982	-2.735386073859358	-1.6065475465795522	-0.416050580880885	-1.9689506596614468	-2.0687632345711346	-1.9940618555492904	1.611141154770035	-2.099961593992181	-1.355286173909068	-0.5977785637348099	-0.6289799506069293	-2.2458800749835994	-2.510543043743617	-2.9981020110155807	-1.4295375726635209	-2.132703937777749	-1.337466444549543	-1.0508307224599331	-1.4776587454342813	-0.274171077361105	-2.2214482459577756	-2.3673541958348583	-1.6560104769994908	-1.1811524848944028	-1.297902923048202	0.3635142561125164	-1.4544778897263662	-1.7989220927321075	-1.754154619920084	-2.640087886183764	-2.5168506319413924	-1.3958807873303432	-1.7702112024212067	0.6445815508919885	-2.016601325259673	-1.736023177806434	-1.7686790690800933	-0.1471282925168893	-1.044324684423927	-2.5863939139601912	-0.02741571555911637	-1.928135605845835	-1.8685069335126183	-0.6636184766504876	-2.0013248532543724	-2.2175742191500083	-1.3380473063201919	-1.1274919138727064	-1.8043398165884064	-0.8891701638376244	-1.915499107829918	-1.118564372426432	-2.410978289358387	-1.3874228876763066	-2.040738527380082	0.06293120705101884	0.6123780790513429	0.15734372350491022	2.9358771571887265	0.8876895116464816	-1.7332651753212076	1.0379948712050924	-1.9267361759399337	-2.125895137797281	-2.780029469861665	-0.4772386473162893	-2.175901115841186	3.1197790684081905	-1.513354322900664	-2.2966222861977013	-1.391466331551916	-2.088019094111125	-1.5342435745921055	-1.650153133316163	-2.4758018117383234	-1.011052681799569	-1.4870787606608662	-1.9478813464051932	-1.4877073795395468	-2.6429916581358484	-2.109821351572158	-1.6338374068416783	0.6688367329780469	-1.8008638885674575	-1.6733752308743721	-1.6192734080954345	-1.245796834270534	-1.7936466993850093	-0.6242878102827127	-2.0828214794920417	-1.9087429792904373	-2.347701728514272	0.026132147375516723	-2.7430639424149073	-1.1591280864765743	-1.8218047477890762	-0.3438168720053518	-1.281320914280009	-0.35709093147884197	-2.004472353859894	-1.9914595556750374	-2.274861636369158	-1.368056890271891
MB147	-4.225240439311506	-4.651367867338182	-3.841921824689484	-3.582495159533382	-4.380588549809168	-2.0441711758342986	-2.4095855018854575	-3.454498905975246	-4.328961655003727	-2.864177793823517	-2.8253533437732443	-3.6648705264228845	-4.5692851524083915	-3.943119869345974	-4.5357219223523355	-4.23867311229866	-3.6812144901011967	-4.2294179043867555	-3.7939773335910445	-3.774845235693192	-3.519908050613549	-3.2521540417463033	-4.1802882719520404	-3.94369077847158	-4.258182459202684	-2.6899588448540808	-3.592263688331288	-4.615123487809543	-4.5521099728420955	-4.557174121748668	-4.917373321975928	-2.864537824257839	2.9406788044660876	-4.501339010364811	-3.6132223377789563	-4.208999984202038	-4.359991000366457	-3.6041899782896376	3.0916626155450775	-4.5465120699238195	-4.028997115795068	-4.944751860362406	-2.1924045655969646	-2.8302340390956573	-3.726569600653052	-2.315338607164037	1.7476638057366198	-2.4206446321528343	-3.824673966248188	-1.1635420435114288	-2.969873805062793	-4.08263508641255	-2.625779878797047	-4.281241314933778	-3.174912424135762	-4.177452984349705	-1.758339556940367	-3.5732691857506236	-4.527822026459893	-4.719729763949059	0.5389786539665575	-4.55115850099598	-3.611818308132518	-4.552080238282667	-4.622997886156986	-4.243049662599349	-4.67533851339437	-4.642391685853982	-5.9997664731602995	-3.540124952261179	-4.019963617659853	-3.281281763209119	-3.325128024077179	-2.5035879900666735	-2.625704250110493	-5.328497315715111	-4.00671622332505	1.2474207400611537	-3.8871591782764234	-1.282282228882707	-5.06573426614296	-2.96213936069098	-4.4684983288812825	-3.6374937826405525	-4.239257203624787	-2.7068158182364197	-3.273430287867278	-3.349273155366676	-3.666466298982476	-1.87342896847521	-3.967458578833387	-4.083508840123083	-4.0873500695635245	-3.3479764246189863	-4.5538716316850145	-5.641744388245337	-3.9295500363108538	-4.900828659152709	1.4667503940331574	-2.9199883864525162	-1.9142979166358778	-3.581094619889159	-4.388745775959983	-3.2639908318436675	-4.529985081102468	-4.4116481459158035	-4.247167882626043	-1.8803064396742357	-1.9623459203756717	-2.2331167626867803	1.2689491137720985	-1.7463994543832992	-3.8664954205249167	-3.7444434219142497	-3.702095219439326	3.6585436605466777	-4.45359495035834	-2.8299723954071307	-4.405223269301216	-4.826609662370612	-4.4335196644366235	-4.326290713583706	-3.8984020260118637	-0.48700092931400185	-4.641838280305388	-4.1186649007755225	-3.788007291177058	-3.4039320925993213	-0.7850486255742197	-3.0746970835507916	-3.0999781985665518	-1.6448740130325525	-2.5430531463307258	-3.701498429680626	-1.7193495597569637	-3.644118725551383	-3.859660158639457	-2.576073985972318	-3.960767163264906	-3.500854616347217	-3.473656665751962	-4.276438484000208	5.5720611169945915	-3.2442621043205975	-2.3599732458120943	-5.0341910086319315	-3.732555530724772	-4.622689376208068	-2.9842539824245744	-3.2240363450689653	-4.883305608627927	-4.285149696127837	-3.8137633817404524	-3.6116618160458156	-4.3731257834562545
MB148	3.6187364349809537	3.820280905556486	3.5339788076501337	4.173469814396768	5.6014482864067965	-0.11419452041621092	-0.038423646164915226	-0.46906245545490677	4.855768702532263	-0.15358408269835344	-0.6432383901771566	3.1121958503871294	-1.8111419489834342	-0.7806081511295542	5.025984273670756	2.8691726069499603	1.6248376824387547	5.498242358433645	3.6371713851642804	3.918477688921919	4.011380475713745	5.9471258757082595	-0.2782441696418143	-1.62743589013668	-0.44878351702444785	-1.1283214326618758	-1.4231544876733881	-1.18541138365587	-0.8026652720750098	-1.7819425213747344	3.195175517581907	1.0892632861252398	-1.6851998256322647	4.007643623669503	2.8292596914409875	4.410166527728281	3.9739710171998914	-0.1558798910342034	-1.1977894862724439	3.964420436915555	4.614125615534478	3.3947548873580127	0.41278538623275907	5.367174738826185	-0.468903184509351	5.390912235608624	4.035018409420143	0.2515184603527487	0.8072926818534878	5.367133169124	0.44136238910361847	3.862459246343162	0.36605885980312003	3.902579648944429	0.11528186830490661	-1.623876964883955	1.363088939337783	-0.9269277593756655	-1.7733585614376404	2.143051939193981	1.9862321821523015	3.658775352859733	6.360362964875426	-0.04340937994244953	3.967446860810748	-1.0671237708643648	-0.16036727876077084	4.316943379207121	1.9637651882720002	-1.9689823763978822	-0.32082304948286655	3.341552563014332	4.72716062005631	4.205600326015526	-0.6376337418362699	1.3041769656266409	-0.43927696838187913	1.5215201678414028	-0.18857458167819985	0.7189294891790743	-1.1067021893407292	3.007897609170424	3.728338443098268	-1.6697415338892334	-0.22812068718160639	0.5397726211898117	5.839937806777828	-0.3984089465206111	3.68858328850229	-0.8660230526465895	4.696335421221901	2.5464408483968226	-0.4446760791237585	5.919330065533549	5.082142861295696	3.5232595079613356	0.5373512532573272	-1.751486365035544	1.3579079274984949	5.154372517152648	-1.128565884923045	3.626506451299499	-1.7293598308046878	3.5227258538180264	-1.4021238207556879	-1.7878214961839856	-0.852609401120251	0.9670207706153651	-1.1152025781365023	3.6729513754909107	-1.3735501371879915	-1.4769390234446345	-0.6745543682510071	3.505624970875841	-1.2164097996709602	4.157217044751372	-1.65684221896751	-1.4546649617626848	-1.5422194185193847	-1.7128428764313517	2.2188411993054107	3.884938082475064	-0.32635146531135995	-0.8910865388672367	4.166584677832175	-2.6757234340775504	1.0198248790862534	0.18552128363732834	1.6214541162441165	0.23312999725545502	-0.07472646191455823	0.06666313752267783	1.1473424501615934	4.493466551720527	0.10783916583632447	1.9948579452095956	-1.4597737220027707	-0.5040626404927675	-0.8982824453843801	2.6932400577374906	5.749574462832995	-1.8027404775872142	4.248443552615926	-0.186102745879146	-2.0123536755867466	-2.853169033260568	4.003342346984263	3.0544348321131345	1.7945943879753878	5.2983124713074545	4.976655274904925	0.9903107979626009	4.4062152963865255	3.704357133358017	-1.0667461352408125
MB149	-2.0797591457253333	-1.8280348104054678	-2.7536401549676466	-1.9116794752220514	-0.6170992576959211	-2.0854341017304776	-1.6047462839801554	-4.17851677379595	-0.8886299501512269	-1.2171010644717892	-3.102696822242134	-4.306030827374322	-3.9584014954458633	-4.727588889919161	-0.9523180382353349	-3.582163721420075	-3.592670014098206	-0.10322324112377501	-2.641632691566503	-4.645152740704619	-0.7471214863902604	6.763450465467276	-4.6169166516385385	-5.491513588278255	-4.894085415699089	-4.310444167224043	-4.693231386563697	-4.845865294534269	-5.369641458906785	-5.265564260904556	-2.917067761655032	-0.24612865974833298	-5.278678009633629	-2.819367756451518	-2.648298189487215	-1.8917829711036394	-1.7199803144301749	-4.787968592070783	-4.768962777118888	-1.8534196506910536	-2.057996049298078	-3.037137015951788	3.5488460979769902	0.02424375980494453	2.8839629061476444	-0.5181369616220248	-2.5333735852056902	-0.883498925527288	-0.9390536222217563	6.957764041374018	-2.4306359355178238	-1.9995977604422084	0.34982132365172447	-2.283702427749901	-1.579358024213926	-3.359571665176741	0.5912733005323183	-0.8589901410297891	-4.732552084776898	-2.466380405807322	-0.13589783205326178	-2.0664992768343833	5.543590973852478	-3.18238792271506	-2.047942470834988	-5.3555310095875175	-4.505414725787287	-1.664432691693654	0.300852467330083	-1.8484706845337602	-1.7227103933230854	-2.1548906448937135	-1.170975773149113	-0.9669908137706624	0.5680340275994791	-5.328497315715111	-1.9959039508931333	-1.0772039292112296	-2.9807268671181113	-5.188132716608649	-5.7431121720416085	-3.180113183851047	-2.6800181818340905	-4.482346346435641	-1.6672468054275775	-0.9371795189105843	0.4780521725770388	-1.591663910127135	-1.2807700462647347	-3.281736739841193	-1.4816414254480375	-6.25915659168911	-5.019047030305338	2.8611654710263306	-1.629265824697896	-2.826271124778822	-2.479683478964132	-5.577405577823337	-0.3288256164701977	-4.466280765283306	-4.929893344125311	-2.2808767243791	-5.589156501803206	-2.6319518856213815	-3.9361253391642927	-4.447524577976081	0.5318470363956171	-1.4677368719059771	-3.285571069306524	-1.5492079162485393	-5.277639014805843	-3.5372211479855995	-4.95365245867454	-4.236569576294642	-5.187270453359326	-4.579015748862144	-5.25023327807361	-4.001086278439281	-5.238412561854687	-4.813321404635116	-3.4698964633169957	-5.124224939399685	-3.6252857603002067	-4.410600725857281	-0.9039359112617529	-4.793624923929119	-4.299454746850493	-0.8779150357322223	6.809182145935527	-1.9157561629689805	2.4124867605384415	-0.6901929940993359	-1.436725624313695	-1.0571207616384797	-3.1945283568964644	-1.2756630992924336	-4.555002208437143	0.2583609811980736	-2.582042786859745	0.0821080310465856	-0.36197659224138157	-4.9655426410805585	-2.010564299942917	-5.052503691300204	-4.02911986006913	-5.431623997515957	-2.051758477499993	-3.2703540286726467	-1.7527024393624036	-0.846977709752684	-3.7208013290089426	-3.519726778042493	-1.7404900519927349	-1.7423909901540036	-4.2517362634544575
MB150	-2.445599246595078	-0.7995273722667822	-2.425817436679072	-1.8530733110032767	-2.106109648253927	-0.32326558892468427	-1.29233723683193	-2.324189611899655	-1.4546914859521642	-2.03176374668074	0.005757332135354787	-2.255991877622355	-2.1480286370168225	-2.606574266006083	-2.09661006851187	-3.002022548459955	-2.170043303585337	-1.525885104615023	-2.6385696531085774	-1.399938248163748	-2.514093978014505	0.383981864526719	-2.479467104718541	-2.6361417336285298	-3.256288917034385	-2.8212368467623357	-2.91593057651467	-3.035477140595882	-2.0452198454420527	-2.436518377388607	0.48577014641453076	0.8333779479925862	-3.176863845321079	-2.5593691469339763	-2.1824849755540514	-2.4003662342262135	-2.898201651681716	-2.3015086690455693	-2.7295594426333105	-2.0820660247845524	-2.6366779956335247	-2.4182077695450213	-1.4896463587994422	-0.29829945223650434	5.989454205163366	-1.8926642482344214	-2.6039529506128547	-0.3631503797183431	-1.3891173273317232	0.10212978049436927	-1.5944143873857701	-1.5559478840754455	-2.9989312944726105	-1.8663948228026772	-0.8757278477199009	-2.8086473980520914	-0.6540183323838828	5.822962009732152	-2.690523652423976	1.1690320836381938	0.025569971497404254	-2.082247276722878	-1.165342980978986	-2.1892747300978055	-2.9869039743441395	-2.924855808338714	-2.9628694316783664	-2.0060538125075764	0.616767899411367	4.587915739989986	-1.733330781334864	-3.318704709488191	-1.9505386399053712	-2.381260718126585	-1.518094193472983	-0.7514287371822181	6.633848500042693	-1.8030135779775378	-1.838607594854297	-5.188132716608649	-2.2201363348496317	-1.996835966987291	-2.8558235815164563	-2.39198270002362	-1.3800705467164445	-0.8555187080844426	-0.4113399678441052	-1.4842278704348981	-2.387678508898791	-1.5184522451660065	-2.202944740506684	-2.472399257140176	-2.7750977778914505	-0.3805688899627917	-2.4211218758216297	-2.0663795507070883	4.038051277214612	-2.5234395903528357	0.15651374930515694	0.1672056794684451	-1.2477713418353478	-1.7169428608236075	-2.863398816106793	-1.132201197485962	-2.7455733505821884	-2.55235373359608	-2.1317669388999168	-0.9064448299363601	2.000060053278518	5.444927990986753	-2.141059321471112	-1.9295570304900256	-2.474405169687996	-2.867304069664918	-2.86911187907599	-2.5045417208995833	-3.100973977273826	-1.9299858288671619	-2.718533731023464	-2.779952547735607	2.5355162877003172	3.202356137769483	-2.1273456290921935	-2.7603622552528595	-2.0718789118913197	-2.6340540322927026	-1.3245375915441766	-2.3389746059810435	1.002537115582001	-2.495094522060869	-1.7973127721020141	-1.9320683365182187	-2.2720593341200512	5.355987694386795	-2.568511630458705	-1.6528883774273453	-2.975827529091484	-1.4835252063619198	-2.0074657478401967	-2.698419489829627	-1.962884323498276	-2.4732556099404874	-1.9732361379706074	-2.2091435928308254	-2.4003681068936906	-2.161815932427319	-2.971045399292459	-2.3148605871191004	-1.895165149558716	5.358616885171456	-0.9417099230798502	-1.2341935806085296	-2.357633312006989	-2.649561523836777	-2.6711095020894042
MB151	1.1381052850702318	0.9242314718592004	0.6671876397995478	0.26987980084425267	0.5888660591280184	6.037359925970578	5.667201779124225	2.2810637490400802	1.957557044576367	1.1437725618884844	1.4970979066407821	0.756136626152152	0.7456235630096675	1.2331483854611296	3.3058934812128973	-0.6781319057001838	-0.41559167896200133	3.8465846619499917	1.514642854962439	0.13308839335605782	-0.973520423834418	6.934699085853415	0.8356609759802556	0.8335696105257533	-0.12048925794795373	1.2328875971538649	0.42899480287915903	-1.4342436134627832	0.18542847178521704	-1.4144586312998317	-0.648931581048247	1.4815027567696726	-1.5727204775949746	2.9135397531979503	0.2373624116722599	-0.230537778837963	1.5274003129972824	1.3665845389651103	-0.7856946689957622	0.41502294266634987	-0.40818854113139835	0.83674663511351	5.747384210217525	3.390539911689907	5.492991202021365	0.29473319841397405	0.13829542026351138	8.678094604578112	5.798539379896207	5.972765030253743	3.330060262802027	0.26412734610724353	4.945932541782006	1.6401884887881408	5.778854308264487	-1.8593967633416195	5.3626209664340685	0.2651226007548164	0.7072251154007088	0.6284190135908201	2.3915634072653873	0.6323443645445535	0.022681942560959456	-0.48581843798765334	1.7684650722247897	-0.5779279625443099	0.10828988209484347	-1.8018183712415476	1.9141859379355788	-1.9161214705958844	0.4462100365478303	4.449257314137641	1.7366317664772302	0.6460148933731427	5.190490018190283	0.1468866957195516	0.8466212252797112	2.93143648106222	0.2935483393107283	3.5192577731542416	-0.2821422346050042	-0.8580570399652352	-0.2081657914976125	-1.3124365692773665	2.5759418984894378	6.787859407280584	3.9728145114578988	0.7859631367511533	-0.05412596138525849	3.9477392382039866	0.4629029607383863	-0.5852668064767217	1.025509401838609	-0.5674119174619978	-0.4735399399204976	2.4401702743485467	0.7664844017167178	-0.25657471659669806	2.513982445123524	2.579652343650814	0.726791063430035	5.634131981641043	0.9656067813554854	1.646820148918125	-0.6315058700478842	0.8177175953357292	3.8375160454458372	8.312397510408564	3.5852801580207903	3.977761074544894	-0.09560638337571348	2.1520166742934386	-0.2240934406026831	-0.4508477489446481	1.3320210849455254	-0.9688712675462305	0.04804494058428066	1.965247864053886	0.6277708633059476	0.877578506835909	0.41830554875817505	-0.055891329601571726	1.6913452212836946	-0.15179372535495972	3.0856945828163207	-1.5891151922602145	1.6441697711707297	3.4078347108798024	8.129244162921573	0.29044313028094493	4.282325360619231	1.7974025784834682	2.740153109115858	1.495285374530055	1.5853185736630042	2.4082750360344587	1.586572667641466	4.097673512454896	2.1133909394496815	5.012187375604535	0.6735664883736945	-0.02292406990687912	1.327809859897644	-0.7826720964961424	5.279237022887773	0.09501375282477831	2.3919644441689245	-0.5130319984375058	1.9047023408753025	0.5309070774165505	-0.4475252527484965	-0.017351915199622425	1.404829554843852	1.348946057630501	1.2732167148013431
MB152	-4.138221343454939	-4.893308394016184	-4.271022960614252	-4.2490243341577845	-5.0380106618324945	-2.1663960413525523	-2.417046150659189	-3.761686592070646	-4.920485840407723	-3.608181666591042	-3.6439198552157084	-4.162397190034648	-2.8996231025638304	-4.50682257414196	-3.804769136434368	-4.177195040850618	-4.661868306295879	-3.1827793163043037	3.882501748304148	-4.281757857563843	-0.43648695951301963	-0.8142698855960191	-4.468291227371363	-5.023404537455275	-4.983638655477779	-4.714333379970901	-4.970610894770374	-3.499898977786712	-4.986105868897339	-4.4034991963009436	-4.36307724308317	3.9732129048271263	-5.1830648691386445	-3.785515531509203	-4.99331924540584	-4.718043862474582	-4.121621727069734	-2.8507274713117816	-4.276241664224984	-4.746219368894138	-4.903227014757302	-4.482164212908008	-2.179898955364264	-3.78791842096264	0.7012968206012342	-4.170501256553324	-4.5787475156973985	-0.30955513873057683	-1.826090198031686	-2.102346749289902	-4.327491198264946	-4.586799196708268	-1.5395743470717491	-3.9716272828297647	-2.8550406735843694	-3.4872670785352327	-1.99649674067782	-0.801319770794926	-4.181522423021952	-3.5848685263481928	-1.8185025013939704	-3.2750596226199598	-2.543703649424076	-4.689720415068411	-3.6167038211258618	-4.089144613780853	-4.4494376085103875	-4.783744142257979	-5.9997664731602995	-2.5846299088149287	-3.3777482705816357	-3.377603699357458	-1.622197126134573	-4.419816508743782	-2.3447912229964896	-5.328497315715111	1.0892291522603097	3.4582264069332203	-4.180714796285908	-5.188132716608649	-5.06573426614296	-4.606771670914043	-5.2234379170504335	-4.096338541538929	-3.268626300881065	-0.8053388683136138	-0.9067875797707874	-3.7300301930768054	-5.4835844933732325	-2.216701392959399	-4.7442866486355655	-4.036455928805785	-4.532606084672001	-0.549299534937175	-5.509194562853878	-5.641744388245337	-0.9123529729011715	-4.807038571387035	-1.6338989137149085	-3.965288452370885	-2.999499109669836	-1.9825009966896374	-5.222135018476521	-4.715134433276219	-4.281450771780469	-4.269533464128822	-3.371466311961628	0.10524899742622473	1.524559504189467	-2.6382936379073723	-4.718285439318293	-2.359681013623984	-4.47565041165516	-4.635041342665707	-4.525091292033404	-3.573266348656478	-4.944031418461071	-3.6568748063148213	-4.6477628500416985	-4.282917292566906	-3.6839211692422236	-4.1894915642243635	-4.359603128370525	-4.488359941838199	-3.8999337474921596	-4.3650691723094575	-3.9666475466099165	-3.1910452616899647	7.879852410680099	-2.8088655889131857	-2.0490754948868375	-3.228599921875576	-2.9452262691580966	0.046740429688128415	-2.2836522048305845	-0.5649525586999218	-4.260459401926406	-2.1894010002896724	-3.891764264469897	-2.4729651885637107	-3.798521644316656	-4.706183973381062	-3.6396549248481467	-5.299119438845427	-3.1532939503696333	-3.8415726715084615	-3.09502523025108	-5.100310175718094	-4.35715151854124	0.08346117982840262	-2.2871669635840988	-4.361380941205805	-3.8258408684489673	-4.594648632977263	-5.034759422870247
MB153	-5.097208288934482	-4.065592397941861	-1.3402214975425952	-4.580622060447579	-4.945563375458805	-3.835969638663993	-1.7525262776292863	-2.6310447561019075	-4.967681683666498	-4.351703601666307	-4.84790380735819	-4.334516553203713	-3.5678894074675567	-3.794410557604518	-4.077493757786211	-5.883740473269359	-4.181227271095907	-4.020461746027394	-4.537170035745671	-2.326127521488271	-2.7784788434566563	-4.346301430998862	-5.06404191644164	-5.1679371545820905	-6.1964561088041785	-4.895710590226303	-4.578906262059487	-4.782999892376308	-5.316104731176307	-5.032577354026296	-5.155164784620629	-5.743836798510932	-5.250414551606393	-4.165522525528132	-5.856392263158875	-5.013979649869702	-4.05787679046538	-4.408345147138629	-5.74426411067252	-5.106447831168227	-4.609441689826058	-5.101151147480594	-4.106840050259963	-3.2513116639077566	-3.108113266605521	-4.795392521799856	-5.0637986784625	-2.677847314354988	-3.1769277828655778	-2.5256061157959575	-4.327491198264946	-4.83838860715276	-3.461073256608463	-4.576113648042236	-3.4885974327809492	-3.702211540313767	-3.038840115877548	-2.4551782600164334	-3.6631032005220634	-4.091760382256926	-1.5304202466613166	-3.956572383712528	-3.836896216846851	-5.160706574431876	-3.500378607803448	-4.25459049443387	-5.306281832115096	-5.0099432679254035	-5.9997664731602995	-5.280057850882898	-5.268389290855488	-3.1767469117123106	-5.535535365683424	-5.272085250182064	-4.519215818744076	-5.328497315715111	-4.983965445945634	-3.804593862089673	-3.939377584133597	-5.188132716608649	-5.052868624919511	-4.251880612223367	-5.540456321443155	-2.8635237642121343	-4.141699025709064	-2.7547616701120248	-4.172992592853383	-4.661369009143767	-4.520463857224209	-0.8766897959784412	-4.458847548709196	-5.599797918693615	-4.793661894902393	-3.185119620836339	-4.418659748272351	-5.641744388245337	-5.431737755854547	-5.201758019554526	-3.094866823587532	-3.4572432130433857	-4.131684040299197	-4.282453368958599	-4.812687783599506	-4.128460501160507	-4.265235862929388	-2.8401602559633634	-2.6576150058856687	-0.6145608614165479	-1.4285380624377275	-2.6263436414490346	-4.245267322995185	-2.0852735785912486	-3.4573938277235943	-3.4308421134225693	-3.8121164899995685	-3.5408880894857244	-3.834480365833265	-3.4050526132738153	-4.165315380737835	-4.006473416281643	-3.696027088382422	-4.794415257785024	-3.4234401493181714	-4.2711643495358285	-3.340246764458577	-3.638150296710343	-2.679494846580072	-2.595603054512564	-0.3882074357814105	-2.7377407325948475	-0.9065313240936721	-2.0865055206196743	7.723034669637245	-3.6910414098518984	-1.129102179945388	-2.569345963594163	-3.701903921724858	-1.0766975739445552	-4.6746903207767225	-2.0110002087132735	-3.448753424960241	-4.491172241413473	-4.831795525201656	-5.4865580821835405	-1.8814789539366057	-5.555137728915812	-4.230782987277397	-5.862241830354031	-4.4042884961466875	-4.670906843354549	-5.374116720221043	-5.169904752868865	-5.005416066723749	-4.717845880805438	-5.2425109590075785
MB154	-3.132645635706643	-4.296050036586031	-3.6142246362394044	-3.296382512702843	-3.8783251459736654	-0.6377086432750065	-1.2409876729562939	-3.1144641517082725	-2.962488252209168	-2.6004638813146226	-3.2101225589778775	-3.9446573545163073	-3.0277135504903976	-3.7076083885521847	-3.284090823270134	-5.084189949481555	-3.1269485517070175	-2.488399157896435	-4.138352781360945	-3.1237456408600135	-2.9635473260949707	-1.5120741317674238	-4.791553782235489	-4.465144220806416	-4.035483504116532	-4.182648507525	-4.408996520980848	-4.453730042602881	-4.75314103633115	-3.7815207961258963	-4.59460943134645	-0.5514932527119125	-4.437685849676265	-3.2239799115754195	-4.459728166717514	-4.2020255900041015	-3.689066311545104	-3.610635522531167	-4.848151908889892	-4.910199982863407	-3.4323919136724186	-4.866458304825136	3.95625257304311	4.07674114775893	5.743377757882652	-2.888274985465088	-4.584965749275425	5.189549233757009	-1.519406826743067	5.966499432002899	-2.7675703369469087	-4.94975985167363	-0.043926306305621665	-4.425581805829976	-0.7928088928205828	-3.9785999239326433	4.2499957146290335	-2.348853701487524	-4.532187606379041	-4.437368967775909	-0.1730881087580709	-3.186118547818401	4.079957104647086	1.4787446086914091	-3.934402262773961	-4.124183293296534	-0.3921201793990834	-4.473034272785255	-0.16358948016365282	-4.83661973818359	-2.8712468430512015	1.1209704703841403	-3.255786738066085	-3.3227090900383587	-2.7229512354928005	0.8497471369566814	-3.167810604904709	0.23793522645961573	-2.9365027210174457	-1.2262424311349012	-4.765913780099784	-3.6502351447263237	-4.627326032212259	-4.253649015752261	1.1286113845874022	4.957773342885457	-2.7728049679292415	-1.7215688564384273	-3.342312348766443	-0.9441516986943448	-3.576601736335144	-4.859141601405727	-4.2465796164996545	1.523870397381235	-2.6543662569974362	-2.958318450043512	-2.968819304305791	-5.119803832706457	-0.3145662423494606	-3.9496485592046344	-3.181994499170102	0.21601551528212148	-4.861875447623127	-3.718187225696054	-4.62283976994292	-3.4376651616000657	-0.1981261315011693	-1.2036826789381116	-1.3812552505453048	-2.518827093866882	-4.6508248201914695	-2.6454579151780813	-4.18586904443101	-4.23071789572977	-4.33342985710052	-3.924489389214937	-3.7042044308403774	-3.057888639299655	-4.436473262036743	-3.077616203427744	-3.7206876608447583	-4.918911131619019	-4.025371430079385	-4.0143220878335875	-3.6028242752861495	-3.4392918908880166	-3.672275293947928	-1.6580247448000254	7.788546489018794	-2.8445990034532045	-0.2448214303884786	-0.6699097043845317	-0.36034987899648563	-3.150011599438269	-2.784019051659941	-0.5827004728143308	-4.008800689113054	-0.053760093721331614	-4.633856040893125	-0.98011961163553	-3.473656665751962	-4.32205813770757	-1.1904901193253465	-4.417844813484384	-2.021719059337803	-5.241712243780465	-1.556419134017533	-5.024277401904164	-3.805169068792985	-2.609594574359946	-4.5189497901858005	-3.362124147254944	-4.072653399336632	-2.211788167167999	-4.3731257834562545
MB155	-5.097208288934482	-5.67728135631282	-4.891791134194442	-5.229652422015425	-5.819748203277237	-4.5749775366649725	-3.2026768374045016	-4.954777108003718	-5.538515079131447	-4.825643118310198	-5.546830802415922	-5.267958037383371	-5.91070807920775	-5.667520791343385	-5.63458603510494	-6.3275341134855445	-4.866598931365853	-5.424011174105063	-5.13359503492531	-4.916122342385199	-5.494778322271459	-4.346301430998862	-5.641219307590195	-5.934965536494954	-6.1964561088041785	-5.3060043783578	-4.7837162447765795	-5.500056968976388	-5.855725968146987	-4.9472508503618435	-6.151703239022407	-5.743836798510932	-5.8159615074111946	-5.158445508522163	-5.856392263158875	-5.302276532051918	-5.3325703540513	-3.7343801126372043	-6.118285877685746	-5.487566429331048	-5.2309060412700585	-6.231786672542813	-3.6792892378004485	-3.3864292518952688	-1.1643572712031105	-4.750718948236672	-3.9673225114291677	-1.9016332701635204	-4.200436739059311	-1.491134029100552	-5.114294599208806	-5.798903935437512	-4.990287849703664	-4.942628822065437	-3.6480427921936887	-5.439923186365608	-2.5555709837410667	-5.286904518418686	-5.868580863478459	-6.025786189558171	-2.6167849238514993	-5.330998153839111	-3.756109082682757	-5.323688205292861	-5.486889756315996	-5.707482689501738	-5.169512391777412	-5.7989945172346	-5.9997664731602995	-5.783062155178154	-5.607673118803925	-2.9684338118395264	-5.535535365683424	-5.8173303029893955	-4.781666681179814	6.866898728244362	-4.899274506372123	-3.9857740786338383	-5.285530382276269	-5.188132716608649	-5.495927372866816	-5.235253707406896	-6.168349240435705	-5.24878821724789	-1.865731000590234	-1.386005331909388	-4.172992592853383	-4.661369009143767	-5.051832519419689	-3.926542200331774	-5.980893758780196	-6.25915659168911	-6.234612548817675	-2.044384461831209	-5.509194562853878	-5.641744388245337	-5.431737755854547	-5.95979712004213	-3.094866823587532	-4.803373802709276	-4.929893344125311	-4.664670849347379	-6.003298207928653	-5.396350834622593	-6.023843123522609	-5.428435189729408	-5.7627119252268635	-2.4759499467886563	-1.8382560061368771	-4.706404624855683	-6.05995463319364	-4.11025918658434	-5.286127295038913	-5.856432284925118	-5.746836347224636	-3.7092522713673226	-5.627349082645646	-5.333478089709002	-5.871292542912641	-5.879324628539066	-5.345799235225847	-5.894722414575028	-5.342917579951521	-3.6849462652851113	-5.312946639512369	-5.043485303535878	-5.170648079713526	-2.762434769965873	0.1559385323171032	-4.4649388625526125	-3.5400739494861586	-4.3130484784645	-2.683233277195466	-5.1330433809765275	-3.1945283568964644	-5.091783026107478	-5.4872688095261495	-3.5461018054911566	-5.2880547117213865	-5.556071656379617	-4.539648337798287	-5.451558857812314	-4.576846703758436	-6.230496245040349	-3.4578739355731685	-5.934229635218249	-4.982371024219333	-5.862241830354031	-5.063335515771284	-4.670906843354549	-5.374116720221043	-5.169904752868865	-5.005416066723749	-5.586821253451459	-5.350792920934378
MB156	-4.677278494032949	-5.94913113347744	-5.554999194341319	-4.499728492435221	-5.077523231030584	-3.9135316466649144	-4.02039530638301	-4.954777108003718	-4.770904419522459	-3.7892859198860336	-4.931786684824699	-4.103358867486586	-5.91070807920775	-5.667520791343385	-5.63458603510494	-5.473130993581824	-5.205966838895258	0.2887300968240485	-1.7899156187856988	-5.32435584967447	-2.3179978936221355	-3.9711095974447357	-4.233450598342527	-5.540449372767056	-2.6247348148320713	-4.865574311879474	-5.0663879865780075	-5.200348489815589	-2.071289974889072	-0.8717776884519957	-1.6341905602840558	-2.7592428067085297	-2.0053647559582712	-0.7449517501862015	-1.2179668166892528	1.5078594187229086	-5.074381393282137	-4.767197892401853	2.4508518888921884	-4.966588494773353	-4.857711137640102	-5.688847210877021	-4.492647040143462	-4.113512783072201	-3.834056806220083	-4.647056463569632	-5.3949771749671696	-2.738299737491218	-2.860307378491031	-3.300363587445304	-3.730275138240259	-4.4350225379173445	-4.29512172270549	2.894736366080357	-3.8914849972347856	-5.348264957617349	-3.2949606658573103	0.12254744168421894	-6.040748518094245	-6.136417246388466	-2.167476522215839	-4.295286070597376	-4.641915351716394	-5.039455371749147	-5.486889756315996	-1.4684888630069288	-5.464766283650074	-3.8970028721752348	-2.044298289614371	-4.7928212920991395	-5.14548012551421	-3.629210628196974	-3.995053285977809	-5.217559150072782	-4.376076489524536	-5.328497315715111	-4.544176855670171	-3.9857740786338383	3.484218189508958	-0.9433284865591158	-5.536560682023885	-4.833508152863798	-5.793822903059254	-4.0535967471083385	-4.406154373223812	-2.8581548915835118	-4.172992592853383	-3.8039901073626314	-4.960506402030736	-4.259228732338901	-5.241079937848662	0.5876983656979942	-4.742359462483303	-5.408004139798759	-5.123630104813264	-1.9363549505178792	-4.709987734122619	-3.1266583235671854	-2.0971303593860764	-4.803373802709276	-4.929893344125311	-4.597171450747545	-0.6179451533514921	-5.024379863902162	-1.1261694512625384	-5.428435189729408	-5.7627119252268635	-2.4759499467886563	-4.1024485289566215	-4.706404624855683	-6.321176687169177	-3.7289581112100496	-5.714451312099191	-4.782331508075101	-0.26284206730369153	-4.633644837463741	-5.946503406761099	-5.333478089709002	-6.073738668069054	-5.879324628539066	-0.3654221951126875	0.49655284957481527	-5.668228064373347	4.916382150945531	-5.312946639512369	-0.6281008959161856	-5.4011820084381394	-5.161855690448636	-2.9484570769199987	-3.96245903733206	-3.5400739494861586	-4.3130484784645	-4.957927317005639	-5.381465789716099	-0.903738081252552	-5.2780423088402415	-5.4872688095261495	-3.973503229769257	-4.739249317855272	-3.868650817905026	-3.714881822806321	-2.241465415804946	-4.721902886848721	2.166621693218058	-3.4778530465794173	0.11333929766173512	-4.230782987277397	-5.1406103982888665	-5.063335515771284	6.018449655855575	-4.96405379951816	-4.473001167730075	-5.005416066723749	-2.383048937872413	-2.5775793614422593
MB157	-5.097208288934482	-4.105064327704822	-2.939759663105777	-5.229652422015425	3.3792371142176476	-4.5749775366649725	-1.7461251223475838	-2.922374827719544	-4.875417416473315	-4.825643118310198	-4.1518791988157275	-5.267958037383371	3.7263854316996277	4.500673593244279	-5.63458603510494	-6.3275341134855445	-5.392453595895458	-4.384740524832191	-5.13359503492531	-5.32435584967447	-5.16323226737683	-4.346301430998862	-5.641219307590195	-5.934965536494954	-6.1964561088041785	-5.730437429743807	-5.623577535962053	-5.82106134046184	-5.855725968146987	-5.933529572126487	-6.151703239022407	-5.743836798510932	-0.783066283263989	-5.581767417839632	-5.856392263158875	-5.917464708622234	-5.872698660301437	-5.332279024298982	-6.428629692782315	-5.905868606595776	-5.68693129354142	-6.231786672542813	-4.402659954903566	-5.062623348478384	-4.06253695416482	-5.36459155475432	-6.217934829068631	-3.3682428679989727	-3.355925095200888	-2.945856069725682	-5.114294599208806	-0.9169166336755961	-4.990287849703664	-5.244289149982585	-4.823884022006647	-3.5695623086662547	-2.8123459705345404	-2.3530653589328168	-4.14521695251372	-4.1903336938305396	-1.0673522654791494	-4.838750615668916	-5.15823027035918	-5.375587719104496	-3.4986370407038816	-5.992689254932664	-6.064060667209476	-5.718509957327586	-5.9997664731602995	-5.783062155178154	-5.122612394177363	-4.885270136902275	-5.535535365683424	-5.390958967748293	-5.187319443949594	-5.328497315715111	-5.322571867263573	-4.147085948389826	-5.285530382276269	-5.188132716608649	-6.225002262226815	-5.235253707406896	-6.168349240435705	-5.24878821724789	-5.702721401174996	-3.309283787472369	-1.9771945302240361	-4.661369009143767	-5.4835844933732325	-1.324596658333686	-5.600062967202291	-3.9235701843974704	-6.234612548817675	-4.937154439284516	-5.509194562853878	-5.641744388245337	-5.431737755854547	0.3477979221852152	-2.507637684049479	-4.803373802709276	-2.7273584898801264	-5.094143978984716	-4.035227111190563	-5.396350834622593	-4.292832510674585	-3.678939597166364	-2.5678792465764317	0.04616608788706422	-2.2376290195352784	-2.8404058184672287	-4.418965860178104	-2.035475280902517	-3.876078258603515	-4.22296854257333	-4.064488789487847	-3.7548320109542104	-3.5570300416734266	-3.3900726932599436	-4.268821659749341	4.805438924295055	-3.8144113197872596	-5.894722414575028	-3.017084475286911	-0.27370182256067643	-3.4150254562158704	2.577535741202512	-3.5842365821230437	-2.5943745456438005	-1.0398465250410496	-2.7931929184328332	-1.584553910967072	-2.2778328234176755	-3.1074613773667785	-3.632456792503195	-3.1945283568964644	-3.3624346747548124	-3.7483252807951057	-1.726063082469114	-5.2880547117213865	-5.556071656379617	-4.539648337798287	-6.01942126312634	-5.403775833564238	-5.717426696901287	-4.02911986006913	-5.934229635218249	-4.982371024219333	-4.152536773382258	-5.063335515771284	-4.670906843354549	-5.374116720221043	-5.169904752868865	-5.005416066723749	-5.586821253451459	-2.324867709050846
MB158	-4.382441789215354	-5.750419723555682	-5.0229346160447825	-4.474155567458096	-2.0353717246343788	-4.5749775366649725	-3.7790870575590176	-4.299169408233821	-5.538515079131447	-3.364384047414841	-5.546830802415922	-4.805543447134234	-2.3385506541238756	0.5822892823579728	-5.63458603510494	-5.854310951807518	-5.836813123254507	-5.424011174105063	-5.13359503492531	-5.016787985262345	-4.629393142352286	-2.9444464651327333	-5.641219307590195	-5.491513588278255	-6.1964561088041785	-5.353216112730056	-4.862504014377901	-3.8149034716126593	-5.855725968146987	-5.093795239806115	-2.9387761819210994	-5.743836798510932	-1.8795162826491856	-5.185352919205629	-5.021926324847736	-5.917464708622234	-5.872698660301437	-5.023537923729808	-5.96979423518514	-5.590338768199588	-4.828478881780658	-2.4701670955459223	-1.899905433592668	-4.058063569001851	-3.52427682651782	-5.36459155475432	-5.704785989689193	-3.3682428679989727	-4.200436739059311	-3.684716402535475	-4.224086211149963	4.253767137251076	-3.264206560533795	-4.916921041035019	-1.205586579037293	-5.186855431318204	-4.476789103133065	-3.3180537506689074	-5.659065103926152	-5.661233193790678	-2.6167849238514993	-5.330998153839111	-3.3890483220166896	-5.430328948814346	-5.260436764502542	-5.992689254932664	-5.627599371013969	-4.868187501032044	-5.9997664731602995	0.5679755349067985	-5.607673118803925	-3.8958803141175373	-5.535535365683424	-5.8173303029893955	-5.187319443949594	-5.328497315715111	-5.322571867263573	0.11259151085330821	-5.285530382276269	-5.188132716608649	-6.225002262226815	-4.885749104807502	-5.702047606717804	-4.270831688353036	-5.702721401174996	-3.309283787472369	-4.172992592853383	-3.9263221194645848	-5.4835844933732325	-3.5024017924490725	-5.392778914862477	-6.25915659168911	-5.267291158903334	-3.9638981579644046	-4.629015157441847	-5.641744388245337	-5.431737755854547	-5.6639411496396255	-3.094866823587532	-4.803373802709276	-4.929893344125311	-5.094143978984716	1.964192175792908	-5.396350834622593	0.30609068374340076	-5.107194662339445	-5.115219863729601	-2.1855893211181936	-3.8317790668961447	-3.756744141812023	-5.9953452189633945	-3.7289581112100496	-5.151055670908542	-5.651591559985846	-5.520779492951211	-5.199127089317802	-0.6760162133594392	-4.898426767523292	-5.417164358137453	-1.1828076190750396	-5.145380974953509	-5.542570898354823	3.587692386619988	4.83876091781088	-4.538708598120003	-2.9478978901560993	-5.120456396089304	-4.759034497282624	-2.6764001268095505	1.2194032611829773	-3.2640403515081235	-3.6784285305277127	-4.629335908090567	-2.0011306694729587	-3.1945283568964644	-4.977216807932635	-4.861292535321329	-3.627892400590337	-4.808265590931024	-5.556071656379617	-4.539648337798287	-6.01942126312634	-4.861265076021979	-5.870171341132108	-2.760324754605957	-5.581782681996658	-4.230782987277397	1.6688831178286954	0.015172399535433811	-2.6045626708253806	-5.374116720221043	-5.169904752868865	-4.515353215532182	-4.484977754900271	3.653059640510798
MB159	-1.817392380088199	2.708204698791511	-2.970275316334895	3.8591432867388393	-3.0533985070961034	-1.8096481816503154	-1.9601819436456918	-2.5598748981430273	-1.955538866472562	5.4033200609479906	-2.457598667336887	-0.8210317941807226	-3.392728221904817	4.133303409061094	0.423055085063508	-2.945094938847813	-0.15332349744159135	-2.4082616687114964	3.5009937551330594	-4.417524216165823	-3.761127668812306	5.779941767466493	2.456087188988195	-1.9279126612213355	0.6113311195663336	1.9118578722864612	1.8883479257555678	-1.1804173015655728	2.6245440198581607	-0.836074721797285	-3.938551668524907	-0.46723814664163754	0.6747252256631286	1.1261987972530525	2.3495633504762026	-3.3692581177194896	0.5775168347868185	-0.1736062963685825	-1.2523923433153383	-0.9274867753477096	-5.053704455882919	1.5401734447663111	-2.7290205325492742	-2.7689489341037863	0.07704200091029456	-3.163844488804868	-2.586892317805215	-1.5239663666109227	-1.5748764842016651	-0.12665001455840574	-3.1208562012097563	2.7494719091995483	-3.9229324245856656	-4.281241314933778	-0.7395456017157329	2.6055879595475906	-0.7437754040886411	-1.9340043383499577	2.3634500973162442	2.5463647801763516	0.2793536949961304	0.1718974992858815	3.6798741828003863	-2.950101573355223	3.408782431404621	-1.1044652201271	-4.3964285209539335	-5.1312315024142405	0.38247432816322746	2.0872640336433372	0.26351290609403044	-4.4782652909044955	4.669818496212404	2.062856524200808	-2.4589405356302425	-5.328497315715111	2.35871995448768	-0.904699940853396	-1.5952758481283436	-0.9852648804176027	1.4492600450330082	-4.75993267670221	0.8653995573965432	-2.0295259234664123	-0.8888377026487166	-1.6461861866819465	0.27500489466033784	-2.2354158010061127	-3.238321005409178	-1.1135546872218924	-3.635388611867718	-2.5842400541731303	-4.267095348092654	-2.427982590156498	0.6818030571635205	-2.3601736837357876	0.4782968196771469	1.034607028090039	-0.40721752159650926	3.3680610064073333	-2.8541996623982193	-3.204831344021656	-2.994653872986932	-3.1465203061099274	-0.3848927380697553	-3.2743455271992072	-1.5268162879316662	-0.114914692060049	-1.7698001812492539	-0.6280690197002325	-0.5364168574621262	-2.2575851578874584	-3.0947577778879616	-1.5000341736434368	3.626995322827156	-1.4896626470533043	0.14686792534656856	-2.8310344647088623	2.7509075791012574	3.2471645846918946	3.3219391784614736	1.6322461098550534	3.1318372699371215	3.4269586854306393	2.2287914284975345	-4.129986158460028	-2.690208723493532	-0.9501833813588973	-1.0519395045722995	-1.7235157388804918	-1.5293912867186918	-2.3256215154541913	4.200379417910438	4.242928010947685	0.07805013793036863	-3.013356356684019	2.890449152889775	-1.6030690678503454	3.9997958493497556	-1.8709822461103585	-3.9091009414666384	-4.3617316910826585	4.238505076749223	-4.937906419340544	-3.2940323701110685	-2.680307403623858	-3.3039718923429184	3.134659295131576	-2.433268360433276	-1.215382769488997	-3.57090211541861	4.153019469968296	-3.5061717774863634	2.9796560223852318	2.374660739058231
MB160	-2.027933530466182	-1.7877418688919384	-1.3742820837957535	-1.7839098093599866	0.9709883000831248	-1.1926135193701004	-0.10292188896144872	-1.7164238088827268	-2.106646727160669	-0.5761101106761135	4.242562601105978	-1.0443674090920254	-2.39107881810033	-1.5747222682795083	-2.2829688504010264	0.6420684066345599	-2.4272048807136146	-0.668837706802897	-0.9240717291616001	1.0738536236429699	-2.95686746057864	0.5724830062179969	-1.64611636899083	1.0226399693231194	-2.090450212621925	-1.012597854084916	-2.360245770220166	-2.9697533292582285	-1.4171764990106483	-2.1122530642368655	-1.0191288844029902	0.1579701325443894	-2.0826617282710034	-1.5583504174061957	-1.823586107719728	-1.8592130392589343	-1.8275706736085349	2.398106666351704	0.23586020998754798	0.4467383758718615	-1.2529081850352135	-2.262457834351973	3.690049011297268	-2.6532968602262184	1.2594100661419603	-1.766804800443765	-2.4577388088383474	-1.7285632790741001	-0.46951748119137093	0.7945664053367629	4.668856121432162	-0.8791588259461207	-0.2986196870083795	-2.8180198003751364	3.9051755657540355	-0.5118555333344865	5.614615284717798	-1.2959211666103005	-1.7011745597299077	-2.5778696406115698	-0.7934755778679428	-1.3891115227748383	-1.910348506405727	0.7721772151187558	-2.1812585458838623	-1.3359555195211197	-1.7725469600328827	-1.3947799124024813	-0.17073696278064077	-1.2412440699894187	1.2603631126298325	-1.5103904834898998	-1.5770218650587609	-1.3482239081811809	-1.5193705361656633	3.1469289075256013	-2.4294471627124636	3.456802097305234	-2.770219415218582	0.5495340600797611	-2.0845595561451047	0.4723802416344327	-2.7658058504505005	-1.3650705978742934	-1.0716924150603937	-2.046041002757997	-2.1269779698248374	-2.053166217043753	-1.8052073785937761	-0.8572201989010377	-1.7417972014373824	0.8492967068671984	0.3481833377814736	-2.478581424003636	-2.3999012135548767	-1.0349285305716212	1.2880544029428922	-2.3607947785251193	-1.079148633662406	-1.4116604034585816	-0.8392463470906346	-1.6904340617703042	-2.039397321061916	-2.5789601734587198	1.0842901214016694	2.768451488449924	4.399766980303548	-0.15544787025110018	5.065841054748037	5.2373193568672045	2.441070612070283	-0.6012297107388989	-2.040779120190944	0.2297426695784628	-2.5267496403679965	3.5089155596509993	1.3132842945970626	0.5678689408256954	-2.483854565579656	-1.7252028235445591	-2.3855594849652118	1.3216498433092827	-1.3955818793542196	-2.42745335259921	3.856619519880046	-2.360779211802818	-1.833951015295355	-1.1437384488319893	0.2438862978028702	1.718627261847133	1.6705453471066676	0.4858673757077021	-0.8844871892948571	-1.6394371944090675	-0.10879478699136236	-0.8911133605875108	-2.1323812493269827	-1.4429960450656605	-1.5767477291595071	0.22653907331116585	1.6891239271579082	-1.2421976891417454	-1.5493092500827412	2.409444762661548	-2.3339222948388514	-2.3224608501865616	5.307360387154087	-0.48488141889603664	-1.1610928126570048	4.927507727552043	0.1858766896468964	-1.3161797226888599	-1.7480681457746599	-1.817794264537337	2.076082040023235
MB161	0.07547028728023975	-5.0545752049212815	-0.9148793979551666	-1.4333911301437965	-2.473777813550198	-0.36240625416886196	1.3844490402066594	0.32840344151801304	-2.0807203160882324	1.4852744808550717	-2.6726156396063896	-4.655418449721532	-5.074910653406289	-4.480752575717631	-2.44660062669751	-5.125301800117299	-4.329009128398634	-1.2264821775507908	-4.557800610587034	-4.846760929391635	-3.736630149772389	-1.4126073415607046	-5.641219307590195	-0.6691158403242978	-3.2667516268271592	-4.418297328199104	-4.462488381916005	-5.21901926500985	-4.040636013707046	-5.265564260904556	-5.210348721361697	-0.8282255893586132	-5.400469033012862	-2.3677705996157634	-5.195816789559555	-5.3669790663094865	-5.113044390997865	-4.51426982269918	-6.091955078819747	-4.429740802509716	0.18398466646607137	-1.1665359089604825	0.9314040995025588	3.582237883681776	1.7769228640660666	-0.7078562383694109	-3.7834985824794893	3.9426808721491584	3.173043019181889	5.91734324353106	-4.130378858507234	-1.45140253367863	1.3328870007026428	-4.043158663889741	0.6835392781347522	-4.524654252351775	3.529493196949206	-2.8749158411100026	-4.695815081385757	-4.89951104645611	3.700307476055701	-3.578340321055215	-1.6633988213338355	-1.4920330389520853	-3.0820372992662683	-4.1981738470830425	-5.653186848145006	-5.145662944081759	1.6161689432155155	-3.837367249957909	-1.8634652986332103	-1.1817171146308798	-1.5870729752901056	-3.9589149923925824	2.1063967566283335	-5.328497315715111	1.8495687781474208	-1.4663619457585373	-1.217012570599561	1.259388599988453	-5.219394148738391	-1.711877623574745	-4.772022506129086	-4.156326902826134	-2.1637810887214677	-1.7366010605118039	0.9861147673073507	5.41280075925466	-1.4284126349853228	-2.1997806632696655	-2.013060377955112	-4.859141601405727	-1.3952161370686555	0.811558101008627	-4.218726614277676	-5.641744388245337	-3.3812870889100353	-5.497765651428549	3.22747117708178	0.5198435695443422	-1.0907611451880648	-1.4524098275851642	-5.589156501803206	-4.171648975680135	-5.065017691327044	-3.4525599545968486	-3.5740279072112475	4.7585968224862425	6.4410082989564215	-1.6399593622969793	-5.301666500346189	-2.3397271185033244	-4.668476900229672	-4.205748993903379	-5.132101708533832	-4.18524337476534	-4.297470484148324	-1.4170146525435978	-4.277245716311092	-4.970213774977627	-3.832860692895901	-3.907302589540693	-2.250664811938014	-4.2711643495358285	-4.485054681280021	-4.15302059716527	-4.417432184303239	-0.4826874954215956	4.588617877405094	-3.495435569183355	3.88106929153004	2.3167232586340196	-0.23945007305924015	-2.117875139472895	4.223014500477658	-2.9558082763194484	-2.3044072246592737	2.29840315332215	-4.326293296479504	-1.9225417218310241	-1.3468231301154887	-4.538330742989912	4.0484252657026065	-3.867534475145616	0.6820075505533456	0.1861621556435198	-1.6364506760769348	-5.182603177899554	-3.6575491151054926	-3.9057565535485015	-4.55553518555085	-3.6534646620413387	-3.766861297552131	-4.116756790949498	-4.845433625255195
MB162	-3.255782391303848	-4.706589163909154	-0.475831938209895	-1.8847861161223864	-2.8691369016297674	-1.745355248625371	1.7776728931035652	0.128651394841782	-3.094447941720274	1.5480672139625433	-3.6200685267899555	-4.292086585458282	-4.30408399006408	-4.135936843911827	-3.6244973146777877	-4.546771910701736	-3.695199249382328	-1.8586986270251256	-3.5766257314269634	-4.432172403547577	-3.8766734496400312	-1.9173429165713447	-4.390808970827564	0.8127862776207033	-2.8707210494285773	-3.6941753891259115	-4.117401188829964	-4.615123487809543	-3.1570500779037376	-4.468902924271397	-4.506642758773783	-1.0733243037290094	-4.713553724704981	-2.5996430413404834	-4.30666208639508	-4.453573947290023	-3.9113377158387594	-4.101628597607736	-4.840688103365534	-4.585368796960232	0.5249677172941318	-2.833664429608212	4.492959456588677	-0.6830709218360997	1.3399233902807008	-1.4896156998109191	-0.32706354649246183	1.7547845013731092	3.4382673463282174	2.637131523319849	-1.6015227821860432	-3.919852224273866	-1.1151368861196556	-3.7834074776275664	-0.27617146534126036	-4.158618886901531	3.0345470665341994	-1.9358565170988324	-4.120275443197918	-4.6354367991611225	2.403158014031323	-3.2076232547626287	-2.128604386363744	-1.0073149111907895	0.03532228813007343	-4.0940755985813695	-4.5912426214948505	-4.534218074255787	0.7249279277600822	-3.656884799043029	-3.0707381190485776	-1.9705362009410035	1.2508075719016105	-4.588634589665258	1.4698406722801742	1.0794981805437907	0.9071647112845236	-1.6968908189906138	-1.3295011702623576	1.50731971080784	-4.21273653606024	-1.4200788065508139	-4.6970594154230225	-3.2098884938709613	-1.7071695824960305	-1.7727315988191528	0.7744203691053997	0.631621094304812	-1.2216306224327695	0.2741521081082734	-3.668214432099786	-1.082911005622381	-3.8293036964625307	0.8720169063854684	-4.244955386490547	-1.4859236189669502	-3.388117575377981	-4.356516958914361	2.0966833920363896	0.5075042255850786	-0.615121602025102	-0.22525175388764218	-4.568968667588637	-4.0972507798079985	-4.566099043941738	-2.046637670953354	-0.5126865108693845	6.990888671344124	6.470985580453442	0.5014172827098857	-4.792714512423774	-2.5196129811089882	-4.192453443293246	-3.8423671508073216	-4.346937106353521	-3.7530399845359685	-3.692527978928533	-0.8608812325352382	-1.1901237119226211	-4.2057197421092924	-3.6581838692065	1.1425754089143023	2.5912580076664398	-3.3178254411650965	-4.1236578818764205	-3.8724426414587043	-4.006015806562692	-0.8901238578685948	4.591095806083075	-2.046032876602702	3.7937114629788784	1.9844177659494822	-0.7674043870482414	-1.4858081681595383	8.8805386611958	-2.792153142883464	-1.6100542075390312	1.564005356543527	-3.97102521405572	-0.6348458921267941	-1.0656686262947943	-4.411515885341387	3.0608282965115032	-3.373718892823536	2.0003114253097163	-0.04533048073551349	-1.5956344876604707	-4.443709894397446	-3.1625734761189044	-3.1434431293058083	-3.8593437946530624	-3.200878954480828	-3.6181248583849506	-3.539942776148111	-4.242255423888457
MB163	-0.5071532131648482	-2.253272854964669	4.7545802739471075	2.9985127190051495	0.5029990476314667	0.4246519922185463	7.615509182190707	5.99167184873372	2.1155051620257384	7.130794590878797	0.12928164458139513	-3.168092265257835	-0.42202311773886425	-1.4096789200229836	-0.23234147116783355	-0.03577228813934763	-0.4415484588464933	2.5165492091576613	-3.378762773943567	-2.7408228810705033	1.3659230203183261	3.5456238996837364	-3.82764719830873	-1.0544276900355394	2.369153904945109	-2.226318561150336	0.7452101931941586	-3.906950833892168	-3.89837653856591	-2.1775730481784414	-0.2005633940756919	2.6736737326110935	-4.450126338530336	1.9686285459102688	-1.254515086554579	-2.13058732744722	-0.7484405168545569	-0.38287964058690527	-2.790832612675394	2.391080115538193	4.90055697316023	-1.1760983760981611	6.5740240602702205	4.714336821761658	0.7288992666952243	3.412943366346288	1.560840612990713	6.256500192449423	8.628776310166659	5.359562894828382	-1.6268077885860581	-3.5729919136759793	4.183211848640162	0.5172000286254121	6.832451275225573	-1.5683891012125404	8.998487334688223	2.559193162826638	-0.7029685987166152	-0.21457435718637363	2.1259797623793215	-0.5682431948377733	2.3157787164685892	4.548321873828072	0.6203693835314255	0.9974721854477515	-3.7546731415787074	-3.207604141322304	3.054762062269936	2.061138595421414	1.2210464599902116	3.204211193697855	4.3350948124776565	-0.11048193480047708	7.640766223541972	2.018792311281887	5.909032432617478	4.843217069391948	4.1940231488300235	7.584930500760242	-1.0046141348302173	3.223980349178894	-0.83541977940589	0.9416496382492134	3.665425286478614	1.3233890598117668	6.468919755073742	1.151941240370851	2.788251714251153	0.47943841601291837	-0.9127134863823319	-2.2338996624768095	-2.6945154115581955	5.047266992365974	-0.70905171573372	-0.7844580036190738	0.43385094621486253	-1.7145313841743492	2.1645003257980058	6.63684579064189	3.4239385180368416	-2.107884620275298	-4.335231567811281	0.55106546586621	-2.3876201170817763	-0.9195899568631472	1.629480192454805	5.38274568427061	5.922001806586322	1.9956177411592178	-1.684057006610188	0.07625365507155024	-1.7964098085419806	1.1818657884319537	-1.3885941145867244	-0.7491965243019543	1.9342313346164328	3.494604484340444	-1.5371816475432167	-0.21231308490783096	1.4305983517538818	-2.579683795864815	-1.3183606089111208	-0.8092333152355948	-1.6105423064337447	-2.4036063360805855	-1.567973048503708	5.129517052740937	10.077082579779049	-0.9481082344017846	9.739271764238042	8.356078970618597	5.3425733252523315	3.5466614531976335	8.620648791572096	2.2697801511201297	2.8209011474306607	7.979691548518915	-1.3541660107877735	4.498046272239041	3.514243150000447	-0.09656450330782285	-2.1776385690255804	1.5681872126511145	6.369910556754958	4.586001885523648	4.713535889788493	-3.790443580579468	1.308959004584044	-2.1520891896808685	-3.1739945519528963	1.0436803602025195	0.09520939249561522	0.8189722001472823	-2.0931550628499345
MB164	-2.261232157264761	-2.5358522102887413	-0.972569081417765	-1.4261761435821647	-1.9648169043569972	0.007212888983527677	1.151424048297505	1.3269369109154638	-1.3315118313780534	1.9989613295610802	-2.516415326279386	-3.915730014774395	-1.6284472157388405	-0.7084267751534572	-2.4529701745703942	-3.5972250664683827	-1.9582037420219107	-1.474605333643268	-3.7373442555803127	-3.4677927960509294	-1.6222840544375332	-0.5994306425165572	-4.105495428555347	6.157916412239467	-3.070639525050315	1.2468931175356506	-2.979339321370025	-3.6257103067131258	-3.2287617057075115	-4.036653327046681	-4.2058945376510835	0.6901737882376988	-4.96192276028379	-0.4286344123262875	-3.1569479825881244	-3.7034575553676152	-3.4534125635083077	-3.712663178295598	-4.870883512651031	-1.8881896710875559	0.25323041978174654	1.4979437476227488	2.2971951654378007	-0.4368613308214364	6.161452272467704	-1.4318420912797816	-3.5345613917553846	6.479724839476805	6.872782123741635	6.7669751291927245	-2.3827641258872934	-1.9615775225436174	-0.7166128801420086	-3.3311278984451587	2.8862960175865107	-2.202881449494802	4.082297371987293	-0.724464933208079	-1.679487629851546	-2.6644727359695777	2.0386198339679424	-1.3570050045127537	-1.0963054837907755	-1.109958312828498	2.081849902939246	-3.8080009211076433	-4.6370869904336525	-4.0450597326776	1.2692678166464928	-1.459177294700007	-1.8470959472038917	-0.8456945777916953	0.012444412213509892	-2.736144285263846	2.494088316907024	1.1427665763990165	0.7004539731791004	-0.0859953387817054	-0.45652672606722255	3.908592797756703	0.358735954643711	-2.0194684385442176	-1.530490401545193	-2.1060890930715033	-0.551860844177229	-0.7487091859609816	2.847876618135417	2.0424896727272177	-1.4343860006631992	1.6890820045405812	-3.4891884066609524	-0.5157451956197905	-4.024430745044788	0.26353988941978557	-2.53455612807905	-1.8395866145466222	-1.0186808354338002	-0.5860636990320067	1.8782533976196767	2.1687055580036336	3.5288388001745856	4.494931473628899	-0.2730245014021886	-3.372010239108965	-3.106792811028938	2.781884672198526	-0.9428314353181051	11.159968536522346	5.043254219791849	4.751704797000115	-2.94321825708849	-0.5276056998728755	-2.0617392351285933	-2.2223542363231346	-2.496374288273704	-2.0744704133425795	-1.6545708446886973	-1.1065364898428065	-2.477680046384335	-2.168143167230988	-2.1011169368183165	-3.0799761097016702	-1.5585592260365981	-3.518542451773781	-2.02220524510831	-2.695056509947703	-2.0594943133392487	0.5809958102302133	9.056732260550799	-1.3229556065840278	7.7157528273325795	5.759769491528036	0.562213292979683	-1.191364019105217	6.840386353911242	0.7018721862218937	1.868281646823145	1.875885358467709	-3.655345932819433	0.3071039389726087	1.5737861813018652	-4.211688657304826	2.04558207425526	-3.191910123974939	2.379196076563389	2.184882155929169	-0.3523377252449329	-4.248892988672492	0.12824874802996433	-3.0297141890477235	-0.7905527877004221	-2.545126113554435	-3.689730307164421	-3.264433277459691	-3.8557679879260682
MB165	-1.8422488820238723	-2.5211011766923814	-3.087877086786966	-1.419012840379473	-1.0024331639840387	-1.3411189865986621	-1.693914171112949	-1.6854167701975769	-1.4561330476653183	-1.1726186034499566	-0.9706589513421502	-1.0633823287782995	0.9436671415450979	-4.074091087861181	3.313110853261466	-2.506702378266942	-2.6029373638011046	2.316287119169586	-2.277902485829763	1.940520286036981	-2.0693195410858563	-1.2336534902606768	-0.7282750956218909	-1.8959499551864019	-2.420225793163744	-2.163661387397907	-0.9936075085194247	-4.402463574525672	0.3612167831082207	-5.36395111382212	-5.716426939093937	1.0913909198005332	-4.304747660138077	2.2304990413820267	-4.231499105252166	-4.304392605939116	-1.15406414766153	0.515827500428033	-3.3851659842965764	0.05526350929227508	-2.701493077046834	1.1464716140345574	-1.0584759162826405	1.1461403153916292	-1.379256640361497	-2.028028006100161	-0.9813987756895672	-0.16648869815822387	-0.02382917063107115	0.5240995304703073	2.162157483541171	-1.3609363013573734	0.35940471553834286	3.310348256841686	2.12651292855933	-3.2095700714204867	1.2850171807514457	-2.63196532340889	-4.508409386159141	-4.314721241085624	0.8857978609998085	-2.234338703273526	-2.107060863074521	-1.8721861468980592	0.9311281532110378	-5.005683849649225	-2.9419839886101267	-4.030656788596672	1.4334652889461967	-5.052304850332693	-0.4792784985651366	1.8805937174907754	-1.50237280800701	-0.42476679170056286	-1.2868175521337921	-0.1553105370740635	-0.9276262651425018	-1.444612315109099	-1.5039261330877913	3.1270487558401134	-4.19090488175032	-3.714621500603199	-1.6538011005532072	-3.923032803176186	1.1886662816539353	9.757357505988077	-1.6449221317598077	1.7556596632308041	-2.0626090511398605	3.5734587185503406	-1.1552218008477038	-4.494854620199768	-0.4898907982214533	-1.5523817210913062	-2.279382156719052	2.4867052651735273	-1.4485114248998148	-3.252158453211652	0.46901014510977035	-3.0886152575439425	0.5697034099721794	-1.3291186957036611	-3.1640704912126427	0.26617965001298316	-3.9797984603995475	-4.139144007497569	4.727846683303694	-1.4374675670476584	-1.9241569654576498	-1.1879558498830232	-2.904551741273143	-3.074206536986008	-3.7754025848490684	-1.4646682886909623	-4.496259517061794	-2.634956838551501	-2.663149755570771	-3.600263691418874	-2.0998300535507495	-1.6994601864726109	-3.209139389963358	-2.740153668570114	2.2026201320752925	-3.382586911347598	-2.2370656186734283	-0.296349053571034	-1.2133035997779889	1.151351196947446	2.0725509362338226	4.320293510079405	1.4905048166618222	-0.6469799428189535	2.1271461323129532	0.1467241053310353	-0.7047908333857116	2.7411590295656554	-3.2997645543738408	3.0039787030598273	-2.0935585347607546	4.078604962056881	-1.1976912413980454	-1.4611889292196736	2.4967320828372914	-4.2631035870019005	1.3922458635362904	-1.800918443121378	-0.813973811078192	-3.5251739119353056	0.7361950611139338	-3.093110600659662	-3.8876015205746732	0.49766489072364806	-2.7584915099492875	-0.8914906504355375	-0.6797099456061133
MB166	5.169250474648841	-2.8038605879792016	6.495887033967552	-1.282453401490173	3.919892322703867	1.6870740174370633	-0.8183729314567465	-0.6113613863920992	-0.8214211968325813	0.982293079559895	-1.3734797014448077	-2.7539873462322966	-2.71446413346968	1.0207561839888166	0.5037394120799918	4.6762108747173565	2.9855900373932975	-1.5214484251472769	-2.498930105231775	-2.8651637252876085	-1.8002202616148084	-0.3485853164888031	-2.0871552249678107	-0.05969053650832823	4.412069308406965	5.5460793072666945	5.283231072746351	5.9140270734339815	-1.8522929908485937	-2.924824679487557	-2.76465767244653	1.3452968780013421	-3.162944948178372	-2.8909847296695137	-0.2904076385282286	-2.731858378279867	-2.974175867300988	-2.59816809303714	3.1457971968725635	1.1055328684250183	-2.8612618441314197	2.7330211056207343	7.03554819550751	-0.875301654198875	8.194528944362144	-1.0500522288286547	-1.8041339443828308	0.3527812341465193	0.8950865237989571	7.355131501566462	-1.9374834365806155	2.8885427945816105	-1.98573451333686	-2.393448731121266	0.175603218706474	-2.3766297795056435	1.795258013975829	1.0563292666395432	5.205914932220527	3.7009868969169926	1.4328015830396499	-1.3630006732731843	6.2111876416000715	3.164244086188808	-2.6141994622751223	6.579403468708085	5.815120206703612	-2.2091339362573796	2.416626303249453	5.227939424177656	-1.599344923955261	-1.5699511703918922	4.475090841345931	-1.7790144334595261	-0.8773082069361333	2.0755095776486447	-1.1380124520408774	-0.13863158207727366	-1.0932407863360858	1.0136976033187226	2.901770145740082	-2.7045709913253333	2.1291315775777804	-1.6839867964783775	-0.20065943071208103	0.13250956125929214	7.9343451024919345	-0.3682957878800117	-1.3562129996396788	-0.2919870446420294	2.4622663369849915	-1.490347830990749	4.233193474253191	-1.270988327708988	-1.6302378720852495	-1.2402666475259672	-0.965623060222752	2.2569169839048646	1.275509650173884	-1.7707346363661287	-0.414698383423179	-2.932076320959432	-2.8134165304526366	-2.387566128967377	-2.7658078294151336	-2.309805531378643	-1.820232950838646	0.7238456084405378	-0.2873731866442988	-1.7980021999688027	3.0867334443537677	-1.1285110234456486	-2.182497172126215	3.952157187050414	1.9927825420350649	-1.9405016783426081	5.242628495431337	-1.7648629927929083	4.7491415963270995	3.4028892006302396	-2.6461245618627895	-3.303421297789246	-2.7479109303842346	-2.233812359987761	-1.6609344907072003	2.7402824211994963	-1.5605200031602493	0.7646800434401912	0.5373362518071918	-1.575035205338688	-0.5081565469381548	-0.09079133891388658	-0.9250204582043864	-1.2853314599589982	3.589086672718767	-2.1164334616215648	-2.245247790621317	-0.5013883159923118	-2.5125333646224384	-1.1853856814177668	-2.18650460159008	2.8830937332556985	-2.406192850476245	4.558802740574478	-1.2376868904922045	0.1902900301446433	-1.7044939173901508	3.2471780470996157	-0.3889225069905997	-0.9262104922814149	-2.273761236772925	-2.6117070305095442	-2.035091329599073	-1.7984037511653632	3.9423835437061028
