MetaBAT 2 (2.18) using minContig 1500, minCV 1.0, minCVSum 1.0, maxP 95%, minS 60, maxEdges 200 and minClsSize 200000. with random seed=20260742
[00:00:00] Executing with 24 threads
[00:00:00] Parsing abundance file header [-98.7Gb / 1007.8Gb]
[00:00:00] Parsing assembly file [-98.7Gb / 1007.8Gb]
[00:00:00] ... processed 141 seqs, 141 long (>=1500), 0 short (>=1000) 1.0% (762594 of 75995087), ETA 0:00:00     [-98.7Gb / 1007.8Gb]     
[00:00:00] ... processed 245 seqs, 245 long (>=1500), 0 short (>=1000) 2.0% (1521844 of 75995087), ETA 0:00:00     [-98.7Gb / 1007.8Gb]     
[00:00:00] ... processed 318 seqs, 318 long (>=1500), 0 short (>=1000) 3.0% (2284258 of 75995087), ETA 0:00:00     [-98.7Gb / 1007.8Gb]     
[00:00:00] ... processed 379 seqs, 379 long (>=1500), 0 short (>=1000) 4.0% (3048721 of 75995087), ETA 0:00:00     [-98.7Gb / 1007.8Gb]     
[00:00:00] ... processed 481 seqs, 481 long (>=1500), 0 short (>=1000) 5.0% (3801300 of 75995087), ETA 0:00:00     [-98.7Gb / 1007.8Gb]     
[00:00:00] ... processed 579 seqs, 579 long (>=1500), 0 short (>=1000) 6.0% (4559770 of 75995087), ETA 0:00:00     [-98.7Gb / 1007.8Gb]     
[00:00:00] ... processed 695 seqs, 695 long (>=1500), 0 short (>=1000) 7.0% (5341695 of 75995087), ETA 0:00:00     [-98.7Gb / 1007.8Gb]     
[00:00:00] ... processed 806 seqs, 806 long (>=1500), 0 short (>=1000) 8.0% (6081088 of 75995087), ETA 0:00:00     [-98.7Gb / 1007.8Gb]     
[00:00:00] ... processed 887 seqs, 887 long (>=1500), 0 short (>=1000) 9.0% (6839670 of 75995087), ETA 0:00:00     [-98.7Gb / 1007.8Gb]     
[00:00:00] ... processed 992 seqs, 992 long (>=1500), 0 short (>=1000) 10.0% (7600079 of 75995087), ETA 0:00:00     [-98.7Gb / 1007.8Gb]     
[00:00:00] ... processed 1109 seqs, 1109 long (>=1500), 0 short (>=1000) 11.0% (8371164 of 75995087), ETA 0:00:00     [-98.7Gb / 1007.8Gb]     
[00:00:00] ... processed 1192 seqs, 1192 long (>=1500), 0 short (>=1000) 12.0% (9124343 of 75995087), ETA 0:00:00     [-98.7Gb / 1007.8Gb]     
[00:00:00] ... processed 1358 seqs, 1358 long (>=1500), 0 short (>=1000) 13.0% (9896955 of 75995087), ETA 0:00:00     [-98.7Gb / 1007.8Gb]     
[00:00:00] ... processed 1405 seqs, 1405 long (>=1500), 0 short (>=1000) 14.5% (11033112 of 75995087), ETA 0:00:00     [-98.7Gb / 1007.8Gb]     
[00:00:00] ... processed 1440 seqs, 1440 long (>=1500), 0 short (>=1000) 15.0% (11407120 of 75995087), ETA 0:00:00     [-98.7Gb / 1007.8Gb]     
[00:00:00] ... processed 1560 seqs, 1560 long (>=1500), 0 short (>=1000) 16.0% (12188560 of 75995087), ETA 0:00:00     [-98.7Gb / 1007.8Gb]     
[00:00:00] ... processed 1685 seqs, 1685 long (>=1500), 0 short (>=1000) 17.0% (12919802 of 75995087), ETA 0:00:00     [-98.7Gb / 1007.8Gb]     
[00:00:00] ... processed 1755 seqs, 1755 long (>=1500), 0 short (>=1000) 18.0% (13686992 of 75995087), ETA 0:00:00     [-98.7Gb / 1007.8Gb]     
[00:00:00] ... processed 1865 seqs, 1865 long (>=1500), 0 short (>=1000) 19.0% (14445440 of 75995087), ETA 0:00:00     [-98.7Gb / 1007.8Gb]     
[00:00:00] ... processed 1956 seqs, 1956 long (>=1500), 0 short (>=1000) 20.0% (15216254 of 75995087), ETA 0:00:00     [-98.7Gb / 1007.8Gb]     
[00:00:00] ... processed 2074 seqs, 2074 long (>=1500), 0 short (>=1000) 21.0% (15978675 of 75995087), ETA 0:00:00     [-98.7Gb / 1007.8Gb]     
[00:00:00] ... processed 2130 seqs, 2130 long (>=1500), 0 short (>=1000) 22.1% (16824324 of 75995087), ETA 0:00:00     [-98.7Gb / 1007.8Gb]     
[00:00:00] ... processed 2210 seqs, 2210 long (>=1500), 0 short (>=1000) 23.0% (17500697 of 75995087), ETA 0:00:00     [-98.7Gb / 1007.8Gb]     
[00:00:00] ... processed 2315 seqs, 2315 long (>=1500), 0 short (>=1000) 24.0% (18248490 of 75995087), ETA 0:00:00     [-98.7Gb / 1007.8Gb]     
[00:00:00] ... processed 2449 seqs, 2449 long (>=1500), 0 short (>=1000) 25.0% (18998841 of 75995087), ETA 0:00:00     [-98.7Gb / 1007.8Gb]     
[00:00:00] ... processed 2565 seqs, 2565 long (>=1500), 0 short (>=1000) 26.0% (19765357 of 75995087), ETA 0:00:00     [-98.7Gb / 1007.8Gb]     
[00:00:00] ... processed 2686 seqs, 2686 long (>=1500), 0 short (>=1000) 27.0% (20541538 of 75995087), ETA 0:00:00     [-98.7Gb / 1007.8Gb]     
[00:00:00] ... processed 2815 seqs, 2815 long (>=1500), 0 short (>=1000) 28.0% (21279556 of 75995087), ETA 0:00:00     [-98.7Gb / 1007.8Gb]     
[00:00:00] ... processed 2904 seqs, 2904 long (>=1500), 0 short (>=1000) 29.2% (22159014 of 75995087), ETA 0:00:00     [-98.7Gb / 1007.8Gb]     
[00:00:00] ... processed 2986 seqs, 2986 long (>=1500), 0 short (>=1000) 30.0% (22808244 of 75995087), ETA 0:00:00     [-98.7Gb / 1007.8Gb]     
[00:00:00] ... processed 3108 seqs, 3108 long (>=1500), 0 short (>=1000) 31.0% (23559238 of 75995087), ETA 0:00:00     [-98.7Gb / 1007.8Gb]     
[00:00:00] ... processed 3183 seqs, 3183 long (>=1500), 0 short (>=1000) 32.0% (24337340 of 75995087), ETA 0:00:00     [-98.7Gb / 1007.8Gb]     
[00:00:00] ... processed 3307 seqs, 3307 long (>=1500), 0 short (>=1000) 33.0% (25079459 of 75995087), ETA 0:00:00     [-98.7Gb / 1007.8Gb]     
[00:00:00] ... processed 3432 seqs, 3432 long (>=1500), 0 short (>=1000) 34.0% (25849493 of 75995087), ETA 0:00:00     [-98.7Gb / 1007.8Gb]     
[00:00:00] ... processed 3486 seqs, 3486 long (>=1500), 0 short (>=1000) 35.0% (26606674 of 75995087), ETA 0:00:00     [-98.7Gb / 1007.8Gb]     
[00:00:00] ... processed 3624 seqs, 3624 long (>=1500), 0 short (>=1000) 36.0% (27365395 of 75995087), ETA 0:00:00     [-98.7Gb / 1007.8Gb]     
[00:00:00] ... processed 3713 seqs, 3713 long (>=1500), 0 short (>=1000) 37.0% (28144937 of 75995087), ETA 0:00:00     [-98.7Gb / 1007.8Gb]     
[00:00:00] ... processed 3852 seqs, 3852 long (>=1500), 0 short (>=1000) 38.1% (28928637 of 75995087), ETA 0:00:00     [-98.7Gb / 1007.8Gb]     
[00:00:00] ... processed 3932 seqs, 3932 long (>=1500), 0 short (>=1000) 39.0% (29657063 of 75995087), ETA 0:00:00     [-98.7Gb / 1007.8Gb]     
[00:00:00] ... processed 4015 seqs, 4015 long (>=1500), 0 short (>=1000) 40.0% (30401424 of 75995087), ETA 0:00:00     [-98.7Gb / 1007.8Gb]     
[00:00:00] ... processed 4107 seqs, 4107 long (>=1500), 0 short (>=1000) 41.0% (31164948 of 75995087), ETA 0:00:00     [-98.7Gb / 1007.8Gb]     
[00:00:00] ... processed 4253 seqs, 4253 long (>=1500), 0 short (>=1000) 42.1% (31977569 of 75995087), ETA 0:00:00     [-98.7Gb / 1007.8Gb]     
[00:00:00] ... processed 4385 seqs, 4385 long (>=1500), 0 short (>=1000) 43.0% (32678610 of 75995087), ETA 0:00:00     [-98.7Gb / 1007.8Gb]     
[00:00:00] ... processed 4415 seqs, 4415 long (>=1500), 0 short (>=1000) 44.1% (33522669 of 75995087), ETA 0:00:00     [-98.7Gb / 1007.8Gb]     
[00:00:00] ... processed 4524 seqs, 4524 long (>=1500), 0 short (>=1000) 45.0% (34200523 of 75995087), ETA 0:00:00     [-98.7Gb / 1007.8Gb]     
[00:00:00] ... processed 4612 seqs, 4612 long (>=1500), 0 short (>=1000) 46.0% (34968294 of 75995087), ETA 0:00:00     [-98.7Gb / 1007.8Gb]     
[00:00:00] ... processed 4732 seqs, 4732 long (>=1500), 0 short (>=1000) 47.0% (35719820 of 75995087), ETA 0:00:00     [-98.7Gb / 1007.8Gb]     
[00:00:00] ... processed 4833 seqs, 4833 long (>=1500), 0 short (>=1000) 48.0% (36479131 of 75995087), ETA 0:00:00     [-98.7Gb / 1007.8Gb]     
[00:00:00] ... processed 4969 seqs, 4969 long (>=1500), 0 short (>=1000) 49.0% (37238727 of 75995087), ETA 0:00:00     [-98.7Gb / 1007.8Gb]     
[00:00:00] ... processed 5110 seqs, 5110 long (>=1500), 0 short (>=1000) 50.5% (38399485 of 75995087), ETA 0:00:00     [-98.7Gb / 1007.8Gb]     
[00:00:00] ... processed 5184 seqs, 5184 long (>=1500), 0 short (>=1000) 51.0% (38761553 of 75995087), ETA 0:00:00     [-98.7Gb / 1007.8Gb]     
[00:00:00] ... processed 5294 seqs, 5294 long (>=1500), 0 short (>=1000) 52.0% (39518381 of 75995087), ETA 0:00:00     [-98.7Gb / 1007.8Gb]     
[00:00:00] ... processed 5437 seqs, 5437 long (>=1500), 0 short (>=1000) 53.0% (40293269 of 75995087), ETA 0:00:00     [-98.7Gb / 1007.8Gb]     
[00:00:00] ... processed 5533 seqs, 5533 long (>=1500), 0 short (>=1000) 54.0% (41055735 of 75995087), ETA 0:00:00     [-98.7Gb / 1007.8Gb]     
[00:00:00] ... processed 5639 seqs, 5639 long (>=1500), 0 short (>=1000) 55.0% (41803905 of 75995087), ETA 0:00:00     [-98.7Gb / 1007.8Gb]     
[00:00:00] ... processed 5778 seqs, 5778 long (>=1500), 0 short (>=1000) 56.0% (42557898 of 75995087), ETA 0:00:00     [-98.7Gb / 1007.8Gb]     
[00:00:00] ... processed 5880 seqs, 5880 long (>=1500), 0 short (>=1000) 57.0% (43317788 of 75995087), ETA 0:00:00     [-98.7Gb / 1007.8Gb]     
[00:00:00] ... processed 5995 seqs, 5995 long (>=1500), 0 short (>=1000) 58.0% (44085871 of 75995087), ETA 0:00:00     [-98.7Gb / 1007.8Gb]     
[00:00:00] ... processed 6105 seqs, 6105 long (>=1500), 0 short (>=1000) 59.0% (44839950 of 75995087), ETA 0:00:00     [-98.7Gb / 1007.8Gb]     
[00:00:00] ... processed 6224 seqs, 6224 long (>=1500), 0 short (>=1000) 60.0% (45605388 of 75995087), ETA 0:00:00     [-98.7Gb / 1007.8Gb]     
[00:00:00] ... processed 6303 seqs, 6303 long (>=1500), 0 short (>=1000) 61.0% (46374552 of 75995087), ETA 0:00:00     [-98.7Gb / 1007.8Gb]     
[00:00:00] ... processed 6418 seqs, 6418 long (>=1500), 0 short (>=1000) 62.0% (47118628 of 75995087), ETA 0:00:00     [-98.7Gb / 1007.8Gb]     
[00:00:00] ... processed 6549 seqs, 6549 long (>=1500), 0 short (>=1000) 63.0% (47881182 of 75995087), ETA 0:00:00     [-98.7Gb / 1007.8Gb]     
[00:00:00] ... processed 6695 seqs, 6695 long (>=1500), 0 short (>=1000) 64.0% (48638439 of 75995087), ETA 0:00:00     [-98.7Gb / 1007.8Gb]     
[00:00:00] ... processed 6733 seqs, 6733 long (>=1500), 0 short (>=1000) 65.6% (49829586 of 75995087), ETA 0:00:00     [-98.7Gb / 1007.8Gb]     
[00:00:00] ... processed 6800 seqs, 6800 long (>=1500), 0 short (>=1000) 66.0% (50162604 of 75995087), ETA 0:00:00     [-98.7Gb / 1007.8Gb]     
[00:00:00] ... processed 6900 seqs, 6900 long (>=1500), 0 short (>=1000) 67.0% (50917509 of 75995087), ETA 0:00:00     [-98.7Gb / 1007.8Gb]     
[00:00:00] ... processed 7005 seqs, 7005 long (>=1500), 0 short (>=1000) 68.1% (51714834 of 75995087), ETA 0:00:00     [-98.7Gb / 1007.8Gb]     
[00:00:00] ... processed 7130 seqs, 7130 long (>=1500), 0 short (>=1000) 69.0% (52437747 of 75995087), ETA 0:00:00     [-98.7Gb / 1007.8Gb]     
[00:00:00] ... processed 7216 seqs, 7216 long (>=1500), 0 short (>=1000) 70.0% (53199691 of 75995087), ETA 0:00:00     [-98.7Gb / 1007.8Gb]     
[00:00:00] ... processed 7303 seqs, 7303 long (>=1500), 0 short (>=1000) 71.0% (53993580 of 75995087), ETA 0:00:00     [-98.7Gb / 1007.8Gb]     
[00:00:00] ... processed 7410 seqs, 7410 long (>=1500), 0 short (>=1000) 72.4% (55010572 of 75995087), ETA 0:00:00     [-98.7Gb / 1007.8Gb]     
[00:00:00] ... processed 7491 seqs, 7491 long (>=1500), 0 short (>=1000) 73.0% (55477009 of 75995087), ETA 0:00:00     [-98.7Gb / 1007.8Gb]     
[00:00:00] ... processed 7606 seqs, 7606 long (>=1500), 0 short (>=1000) 74.0% (56242787 of 75995087), ETA 0:00:00     [-98.7Gb / 1007.8Gb]     
[00:00:00] ... processed 7753 seqs, 7753 long (>=1500), 0 short (>=1000) 75.0% (57001423 of 75995087), ETA 0:00:00     [-98.7Gb / 1007.8Gb]     
[00:00:00] ... processed 7947 seqs, 7947 long (>=1500), 0 short (>=1000) 76.0% (57756450 of 75995087), ETA 0:00:00     [-98.7Gb / 1007.8Gb]     
[00:00:00] ... processed 8021 seqs, 8021 long (>=1500), 0 short (>=1000) 77.0% (58525888 of 75995087), ETA 0:00:00     [-98.7Gb / 1007.8Gb]     
[00:00:00] ... processed 8132 seqs, 8132 long (>=1500), 0 short (>=1000) 78.1% (59317365 of 75995087), ETA 0:00:00     [-98.7Gb / 1007.8Gb]     
[00:00:00] ... processed 8262 seqs, 8262 long (>=1500), 0 short (>=1000) 79.0% (60038347 of 75995087), ETA 0:00:00     [-98.7Gb / 1007.8Gb]     
[00:00:00] ... processed 8394 seqs, 8394 long (>=1500), 0 short (>=1000) 80.0% (60796410 of 75995087), ETA 0:00:00     [-98.7Gb / 1007.8Gb]     
[00:00:00] ... processed 8403 seqs, 8403 long (>=1500), 0 short (>=1000) 81.0% (61559884 of 75995087), ETA 0:00:00     [-98.7Gb / 1007.8Gb]     
[00:00:00] ... processed 8529 seqs, 8529 long (>=1500), 0 short (>=1000) 82.2% (62440319 of 75995087), ETA 0:00:00     [-98.7Gb / 1007.8Gb]     
[00:00:00] ... processed 8640 seqs, 8640 long (>=1500), 0 short (>=1000) 83.1% (63133567 of 75995087), ETA 0:00:00     [-98.7Gb / 1007.8Gb]     
[00:00:00] ... processed 8774 seqs, 8774 long (>=1500), 0 short (>=1000) 84.0% (63838022 of 75995087), ETA 0:00:00     [-98.7Gb / 1007.8Gb]     
[00:00:00] ... processed 8913 seqs, 8913 long (>=1500), 0 short (>=1000) 85.0% (64617970 of 75995087), ETA 0:00:00     [-98.7Gb / 1007.8Gb]     
[00:00:00] ... processed 9013 seqs, 9013 long (>=1500), 0 short (>=1000) 86.1% (65395545 of 75995087), ETA 0:00:00     [-98.7Gb / 1007.8Gb]     
[00:00:00] ... processed 9120 seqs, 9120 long (>=1500), 0 short (>=1000) 87.0% (66117035 of 75995087), ETA 0:00:00     [-98.7Gb / 1007.8Gb]     
[00:00:00] ... processed 9238 seqs, 9238 long (>=1500), 0 short (>=1000) 88.0% (66882192 of 75995087), ETA 0:00:00     [-98.7Gb / 1007.8Gb]     
[00:00:00] ... processed 9376 seqs, 9376 long (>=1500), 0 short (>=1000) 89.0% (67639967 of 75995087), ETA 0:00:00     [-98.7Gb / 1007.8Gb]     
[00:00:00] ... processed 9471 seqs, 9471 long (>=1500), 0 short (>=1000) 90.0% (68430004 of 75995087), ETA 0:00:00     [-98.7Gb / 1007.8Gb]     
[00:00:00] ... processed 9539 seqs, 9539 long (>=1500), 0 short (>=1000) 91.0% (69156488 of 75995087), ETA 0:00:00     [-98.6Gb / 1007.8Gb]     
[00:00:00] ... processed 9565 seqs, 9565 long (>=1500), 0 short (>=1000) 92.6% (70352421 of 75995087), ETA 0:00:00     [-98.6Gb / 1007.8Gb]     
[00:00:00] ... processed 9627 seqs, 9627 long (>=1500), 0 short (>=1000) 93.0% (70675913 of 75995087), ETA 0:00:00     [-98.6Gb / 1007.8Gb]     
[00:00:00] ... processed 9753 seqs, 9753 long (>=1500), 0 short (>=1000) 94.0% (71444146 of 75995087), ETA 0:00:00     [-98.6Gb / 1007.8Gb]     
[00:00:00] ... processed 9866 seqs, 9866 long (>=1500), 0 short (>=1000) 95.1% (72265342 of 75995087), ETA 0:00:00     [-98.6Gb / 1007.8Gb]     
[00:00:00] ... processed 10010 seqs, 10010 long (>=1500), 0 short (>=1000) 96.1% (73064957 of 75995087), ETA 0:00:00     [-98.6Gb / 1007.8Gb]     
[00:00:00] ... processed 10051 seqs, 10051 long (>=1500), 0 short (>=1000) 97.0% (73719330 of 75995087), ETA 0:00:00     [-98.6Gb / 1007.8Gb]     
[00:00:00] ... processed 10171 seqs, 10171 long (>=1500), 0 short (>=1000) 98.0% (74476776 of 75995087), ETA 0:00:00     [-98.6Gb / 1007.8Gb]     
[00:00:00] Number of large contigs >= 1500 bp are 10203, and small contigs >= 1000 bp are 0                                                                  
[00:00:00] Allocating 10203 contigs by 2 samples abundances [-98.6Gb / 1007.8Gb]
[00:00:00] Allocating 10203 contigs by 2 samples variances [-98.6Gb / 1007.8Gb]
[00:00:00] Allocating 0 small contigs by 2 samples abundances [-98.6Gb / 1007.8Gb]
[00:00:00] Reading 0.000529Gb abundance file [-98.6Gb / 1007.8Gb]
[00:00:00] ... processed 100 lines 100 contigs and 0 short contigs 1.0% (5730 of 567904), ETA 0:00:00     [-98.6Gb / 1007.8Gb]                 
[00:00:00] ... processed 202 lines 202 contigs and 0 short contigs 2.0% (11415 of 567904), ETA 0:00:00     [-98.6Gb / 1007.8Gb]                 
[00:00:00] ... processed 304 lines 304 contigs and 0 short contigs 3.0% (17053 of 567904), ETA 0:00:00     [-98.6Gb / 1007.8Gb]                 
[00:00:00] ... processed 406 lines 406 contigs and 0 short contigs 4.0% (22728 of 567904), ETA 0:00:00     [-98.6Gb / 1007.8Gb]                 
[00:00:00] ... processed 509 lines 509 contigs and 0 short contigs 5.0% (28438 of 567904), ETA 0:00:00     [-98.6Gb / 1007.8Gb]                 
[00:00:00] ... processed 611 lines 611 contigs and 0 short contigs 6.0% (34112 of 567904), ETA 0:00:00     [-98.6Gb / 1007.8Gb]                 
[00:00:00] ... processed 713 lines 713 contigs and 0 short contigs 7.0% (39777 of 567904), ETA 0:00:00     [-98.6Gb / 1007.8Gb]                 
[00:00:00] ... processed 816 lines 816 contigs and 0 short contigs 8.0% (45495 of 567904), ETA 0:00:00     [-98.6Gb / 1007.8Gb]                 
[00:00:00] ... processed 918 lines 918 contigs and 0 short contigs 9.0% (51165 of 567904), ETA 0:00:00     [-98.6Gb / 1007.8Gb]                 
[00:00:00] ... processed 1020 lines 1020 contigs and 0 short contigs 10.0% (56838 of 567904), ETA 0:00:00     [-98.6Gb / 1007.8Gb]                 
[00:00:00] ... processed 1122 lines 1122 contigs and 0 short contigs 11.0% (62531 of 567904), ETA 0:00:00     [-98.6Gb / 1007.8Gb]                 
[00:00:00] ... processed 1224 lines 1224 contigs and 0 short contigs 12.0% (68196 of 567904), ETA 0:00:00     [-98.6Gb / 1007.8Gb]                 
[00:00:00] ... processed 1326 lines 1326 contigs and 0 short contigs 13.0% (73857 of 567904), ETA 0:00:00     [-98.6Gb / 1007.8Gb]                 
[00:00:00] ... processed 1428 lines 1428 contigs and 0 short contigs 14.0% (79520 of 567904), ETA 0:00:00     [-98.6Gb / 1007.8Gb]                 
[00:00:00] ... processed 1531 lines 1531 contigs and 0 short contigs 15.0% (85222 of 567904), ETA 0:00:00     [-98.6Gb / 1007.8Gb]                 
[00:00:00] ... processed 1633 lines 1633 contigs and 0 short contigs 16.0% (90896 of 567904), ETA 0:00:00     [-98.6Gb / 1007.8Gb]                 
[00:00:00] ... processed 1735 lines 1735 contigs and 0 short contigs 17.0% (96582 of 567904), ETA 0:00:00     [-98.6Gb / 1007.8Gb]                 
[00:00:00] ... processed 1837 lines 1837 contigs and 0 short contigs 18.0% (102241 of 567904), ETA 0:00:00     [-98.6Gb / 1007.8Gb]                 
[00:00:00] ... processed 1940 lines 1940 contigs and 0 short contigs 19.0% (107957 of 567904), ETA 0:00:00     [-98.6Gb / 1007.8Gb]                 
[00:00:00] ... processed 2042 lines 2042 contigs and 0 short contigs 20.0% (113629 of 567904), ETA 0:00:00     [-98.6Gb / 1007.8Gb]                 
[00:00:00] ... processed 2144 lines 2144 contigs and 0 short contigs 21.0% (119293 of 567904), ETA 0:00:00     [-98.6Gb / 1007.8Gb]                 
[00:00:00] ... processed 2246 lines 2246 contigs and 0 short contigs 22.0% (124966 of 567904), ETA 0:00:00     [-98.6Gb / 1007.8Gb]                 
[00:00:00] ... processed 2349 lines 2349 contigs and 0 short contigs 23.0% (130689 of 567904), ETA 0:00:00     [-98.6Gb / 1007.8Gb]                 
[00:00:00] ... processed 2451 lines 2451 contigs and 0 short contigs 24.0% (136323 of 567904), ETA 0:00:00     [-98.6Gb / 1007.8Gb]                 
[00:00:00] ... processed 2554 lines 2554 contigs and 0 short contigs 25.0% (142053 of 567904), ETA 0:00:00     [-98.6Gb / 1007.8Gb]                 
[00:00:00] ... processed 2656 lines 2656 contigs and 0 short contigs 26.0% (147711 of 567904), ETA 0:00:00     [-98.6Gb / 1007.8Gb]                 
[00:00:00] ... processed 2758 lines 2758 contigs and 0 short contigs 27.0% (153407 of 567904), ETA 0:00:00     [-98.6Gb / 1007.8Gb]                 
[00:00:00] ... processed 2859 lines 2859 contigs and 0 short contigs 28.0% (159051 of 567904), ETA 0:00:00     [-98.6Gb / 1007.8Gb]                 
[00:00:00] ... processed 2961 lines 2961 contigs and 0 short contigs 29.0% (164738 of 567904), ETA 0:00:00     [-98.6Gb / 1007.8Gb]                 
[00:00:00] ... processed 3063 lines 3063 contigs and 0 short contigs 30.0% (170410 of 567904), ETA 0:00:00     [-98.6Gb / 1007.8Gb]                 
[00:00:00] ... processed 3165 lines 3165 contigs and 0 short contigs 31.0% (176102 of 567904), ETA 0:00:00     [-98.6Gb / 1007.8Gb]                 
[00:00:00] ... processed 3267 lines 3267 contigs and 0 short contigs 32.0% (181779 of 567904), ETA 0:00:00     [-98.6Gb / 1007.8Gb]                 
[00:00:00] ... processed 3369 lines 3369 contigs and 0 short contigs 33.0% (187453 of 567904), ETA 0:00:00     [-98.6Gb / 1007.8Gb]                 
[00:00:00] ... processed 3472 lines 3472 contigs and 0 short contigs 34.0% (193174 of 567904), ETA 0:00:00     [-98.6Gb / 1007.8Gb]                 
[00:00:00] ... processed 3574 lines 3574 contigs and 0 short contigs 35.0% (198839 of 567904), ETA 0:00:00     [-98.6Gb / 1007.8Gb]                 
[00:00:00] ... processed 3676 lines 3676 contigs and 0 short contigs 36.0% (204515 of 567904), ETA 0:00:00     [-98.6Gb / 1007.8Gb]                 
[00:00:00] ... processed 3778 lines 3778 contigs and 0 short contigs 37.0% (210188 of 567904), ETA 0:00:00     [-98.6Gb / 1007.8Gb]                 
[00:00:00] ... processed 3880 lines 3880 contigs and 0 short contigs 38.0% (215860 of 567904), ETA 0:00:00     [-98.6Gb / 1007.8Gb]                 
[00:00:00] ... processed 3982 lines 3982 contigs and 0 short contigs 39.0% (221545 of 567904), ETA 0:00:00     [-98.6Gb / 1007.8Gb]                 
[00:00:00] ... processed 4084 lines 4084 contigs and 0 short contigs 40.0% (227243 of 567904), ETA 0:00:00     [-98.6Gb / 1007.8Gb]                 
[00:00:00] ... processed 4186 lines 4186 contigs and 0 short contigs 41.0% (232907 of 567904), ETA 0:00:00     [-98.6Gb / 1007.8Gb]                 
[00:00:00] ... processed 4288 lines 4288 contigs and 0 short contigs 42.0% (238570 of 567904), ETA 0:00:00     [-98.6Gb / 1007.8Gb]                 
[00:00:00] ... processed 4391 lines 4391 contigs and 0 short contigs 43.0% (244288 of 567904), ETA 0:00:00     [-98.6Gb / 1007.8Gb]                 
[00:00:00] ... processed 4493 lines 4493 contigs and 0 short contigs 44.0% (249975 of 567904), ETA 0:00:00     [-98.6Gb / 1007.8Gb]                 
[00:00:00] ... processed 4594 lines 4594 contigs and 0 short contigs 45.0% (255606 of 567904), ETA 0:00:00     [-98.6Gb / 1007.8Gb]                 
[00:00:00] ... processed 4696 lines 4696 contigs and 0 short contigs 46.0% (261285 of 567904), ETA 0:00:00     [-98.6Gb / 1007.8Gb]                 
[00:00:00] ... processed 4799 lines 4799 contigs and 0 short contigs 47.0% (267015 of 567904), ETA 0:00:00     [-98.6Gb / 1007.8Gb]                 
[00:00:00] ... processed 4901 lines 4901 contigs and 0 short contigs 48.0% (272688 of 567904), ETA 0:00:00     [-98.6Gb / 1007.8Gb]                 
[00:00:00] ... processed 5003 lines 5003 contigs and 0 short contigs 49.0% (278371 of 567904), ETA 0:00:00     [-98.6Gb / 1007.8Gb]                 
[00:00:00] ... processed 5104 lines 5104 contigs and 0 short contigs 50.0% (284004 of 567904), ETA 0:00:00     [-98.6Gb / 1007.8Gb]                 
[00:00:00] ... processed 5207 lines 5207 contigs and 0 short contigs 51.0% (289724 of 567904), ETA 0:00:00     [-98.6Gb / 1007.8Gb]                 
[00:00:00] ... processed 5308 lines 5308 contigs and 0 short contigs 52.0% (295367 of 567904), ETA 0:00:00     [-98.6Gb / 1007.8Gb]                 
[00:00:00] ... processed 5411 lines 5411 contigs and 0 short contigs 53.0% (301095 of 567904), ETA 0:00:00     [-98.6Gb / 1007.8Gb]                 
[00:00:00] ... processed 5513 lines 5513 contigs and 0 short contigs 54.0% (306761 of 567904), ETA 0:00:00     [-98.6Gb / 1007.8Gb]                 
[00:00:00] ... processed 5615 lines 5615 contigs and 0 short contigs 55.0% (312418 of 567904), ETA 0:00:00     [-98.6Gb / 1007.8Gb]                 
[00:00:00] ... processed 5717 lines 5717 contigs and 0 short contigs 56.0% (318102 of 567904), ETA 0:00:00     [-98.6Gb / 1007.8Gb]                 
[00:00:00] ... processed 5819 lines 5819 contigs and 0 short contigs 57.0% (323774 of 567904), ETA 0:00:00     [-98.6Gb / 1007.8Gb]                 
[00:00:00] ... processed 5921 lines 5921 contigs and 0 short contigs 58.0% (329453 of 567904), ETA 0:00:00     [-98.6Gb / 1007.8Gb]                 
[00:00:00] ... processed 6023 lines 6023 contigs and 0 short contigs 59.0% (335133 of 567904), ETA 0:00:00     [-98.6Gb / 1007.8Gb]                 
[00:00:00] ... processed 6126 lines 6126 contigs and 0 short contigs 60.0% (340851 of 567904), ETA 0:00:00     [-98.6Gb / 1007.8Gb]                 
[00:00:00] ... processed 6228 lines 6228 contigs and 0 short contigs 61.0% (346520 of 567904), ETA 0:00:00     [-98.6Gb / 1007.8Gb]                 
[00:00:00] ... processed 6330 lines 6330 contigs and 0 short contigs 62.0% (352202 of 567904), ETA 0:00:00     [-98.6Gb / 1007.8Gb]                 
[00:00:00] ... processed 6432 lines 6432 contigs and 0 short contigs 63.0% (357870 of 567904), ETA 0:00:00     [-98.6Gb / 1007.8Gb]                 
[00:00:00] ... processed 6534 lines 6534 contigs and 0 short contigs 64.0% (363533 of 567904), ETA 0:00:00     [-98.6Gb / 1007.8Gb]                 
[00:00:00] ... processed 6636 lines 6636 contigs and 0 short contigs 65.0% (369212 of 567904), ETA 0:00:00     [-98.6Gb / 1007.8Gb]                 
[00:00:00] ... processed 6738 lines 6738 contigs and 0 short contigs 66.0% (374906 of 567904), ETA 0:00:00     [-98.6Gb / 1007.8Gb]                 
[00:00:00] ... processed 6840 lines 6840 contigs and 0 short contigs 67.0% (380606 of 567904), ETA 0:00:00     [-98.6Gb / 1007.8Gb]                 
[00:00:00] ... processed 6942 lines 6942 contigs and 0 short contigs 68.0% (386287 of 567904), ETA 0:00:00     [-98.6Gb / 1007.8Gb]                 
[00:00:00] ... processed 7044 lines 7044 contigs and 0 short contigs 69.0% (391956 of 567904), ETA 0:00:00     [-98.6Gb / 1007.8Gb]                 
[00:00:00] ... processed 7146 lines 7146 contigs and 0 short contigs 70.0% (397610 of 567904), ETA 0:00:00     [-98.6Gb / 1007.8Gb]                 
[00:00:00] ... processed 7248 lines 7248 contigs and 0 short contigs 71.0% (403293 of 567904), ETA 0:00:00     [-98.6Gb / 1007.8Gb]                 
[00:00:00] ... processed 7350 lines 7350 contigs and 0 short contigs 72.0% (408966 of 567904), ETA 0:00:00     [-98.6Gb / 1007.8Gb]                 
[00:00:00] ... processed 7453 lines 7453 contigs and 0 short contigs 73.0% (414688 of 567904), ETA 0:00:00     [-98.6Gb / 1007.8Gb]                 
[00:00:00] ... processed 7555 lines 7555 contigs and 0 short contigs 74.0% (420352 of 567904), ETA 0:00:00     [-98.6Gb / 1007.8Gb]                 
[00:00:00] ... processed 7657 lines 7657 contigs and 0 short contigs 75.0% (426017 of 567904), ETA 0:00:00     [-98.6Gb / 1007.8Gb]                 
[00:00:00] ... processed 7759 lines 7759 contigs and 0 short contigs 76.0% (431717 of 567904), ETA 0:00:00     [-98.6Gb / 1007.8Gb]                 
[00:00:00] ... processed 7860 lines 7860 contigs and 0 short contigs 77.0% (437371 of 567904), ETA 0:00:00     [-98.6Gb / 1007.8Gb]                 
[00:00:00] ... processed 7962 lines 7962 contigs and 0 short contigs 78.0% (443070 of 567904), ETA 0:00:00     [-98.6Gb / 1007.8Gb]                 
[00:00:00] ... processed 8064 lines 8064 contigs and 0 short contigs 79.0% (448762 of 567904), ETA 0:00:00     [-98.6Gb / 1007.8Gb]                 
[00:00:00] ... processed 8165 lines 8165 contigs and 0 short contigs 80.0% (454400 of 567904), ETA 0:00:00     [-98.6Gb / 1007.8Gb]                 
[00:00:00] ... processed 8267 lines 8267 contigs and 0 short contigs 81.0% (460080 of 567904), ETA 0:00:00     [-98.6Gb / 1007.8Gb]                 
[00:00:00] ... processed 8369 lines 8369 contigs and 0 short contigs 82.0% (465769 of 567904), ETA 0:00:00     [-98.6Gb / 1007.8Gb]                 
[00:00:00] ... processed 8471 lines 8471 contigs and 0 short contigs 83.0% (471471 of 567904), ETA 0:00:00     [-98.6Gb / 1007.8Gb]                 
[00:00:00] ... processed 8573 lines 8573 contigs and 0 short contigs 84.0% (477133 of 567904), ETA 0:00:00     [-98.6Gb / 1007.8Gb]                 
[00:00:00] ... processed 8676 lines 8676 contigs and 0 short contigs 85.0% (482851 of 567904), ETA 0:00:00     [-98.6Gb / 1007.8Gb]                 
[00:00:00] ... processed 8778 lines 8778 contigs and 0 short contigs 86.0% (488532 of 567904), ETA 0:00:00     [-98.6Gb / 1007.8Gb]                 
[00:00:00] ... processed 8879 lines 8879 contigs and 0 short contigs 87.0% (494160 of 567904), ETA 0:00:00     [-98.6Gb / 1007.8Gb]                 
[00:00:00] ... processed 8981 lines 8981 contigs and 0 short contigs 88.0% (499861 of 567904), ETA 0:00:00     [-98.6Gb / 1007.8Gb]                 
[00:00:00] ... processed 9083 lines 9083 contigs and 0 short contigs 89.0% (505545 of 567904), ETA 0:00:00     [-98.6Gb / 1007.8Gb]                 
[00:00:00] ... processed 9185 lines 9185 contigs and 0 short contigs 90.0% (511233 of 567904), ETA 0:00:00     [-98.6Gb / 1007.8Gb]                 
[00:00:00] ... processed 9287 lines 9287 contigs and 0 short contigs 91.0% (516897 of 567904), ETA 0:00:00     [-98.6Gb / 1007.8Gb]                 
[00:00:00] ... processed 9389 lines 9389 contigs and 0 short contigs 92.0% (522584 of 567904), ETA 0:00:00     [-98.6Gb / 1007.8Gb]                 
[00:00:00] ... processed 9491 lines 9491 contigs and 0 short contigs 93.0% (528254 of 567904), ETA 0:00:00     [-98.6Gb / 1007.8Gb]                 
[00:00:00] ... processed 9593 lines 9593 contigs and 0 short contigs 94.0% (533950 of 567904), ETA 0:00:00     [-98.6Gb / 1007.8Gb]                 
[00:00:00] ... processed 9695 lines 9695 contigs and 0 short contigs 95.0% (539633 of 567904), ETA 0:00:00     [-98.6Gb / 1007.8Gb]                 
[00:00:00] ... processed 9797 lines 9797 contigs and 0 short contigs 96.0% (545314 of 567904), ETA 0:00:00     [-98.6Gb / 1007.8Gb]                 
[00:00:00] ... processed 9899 lines 9899 contigs and 0 short contigs 97.0% (550981 of 567904), ETA 0:00:00     [-98.6Gb / 1007.8Gb]                 
[00:00:00] ... processed 10001 lines 10001 contigs and 0 short contigs 98.0% (556669 of 567904), ETA 0:00:00     [-98.6Gb / 1007.8Gb]                 
[00:00:00] ... processed 10103 lines 10103 contigs and 0 short contigs 99.0% (562372 of 567904), ETA 0:00:00     [-98.6Gb / 1007.8Gb]                 
[00:00:00] Finished reading 10203 contigs and 2 coverages from ${ARTICLE42_WORK_DIR}/inputs/jgi-depth.ge1500.tsv [-98.6Gb / 1007.8Gb]. Ignored 0 too small contigs.                                     
[00:00:00] Number of target contigs: 10203 of large (>= 1500) and 0 of small ones (>=1000 & <1500). 
[00:00:00] Start contig TNF calculation. nobs = 10203
[00:00:00] Allocated memory for TNF [-98.6Gb / 1007.8Gb]
[00:00:00] Calculating TNF 1.0% (106 of 10203), ETA 0:00:00    
[00:00:00] Calculating TNF 2.0% (207 of 10203), ETA 0:00:00    
[00:00:00] Calculating TNF 4.0% (407 of 10203), ETA 0:00:00    
[00:00:00] Calculating TNF 4.1% (416 of 10203), ETA 0:00:00    
[00:00:00] Calculating TNF 6.8% (697 of 10203), ETA 0:00:00    
[00:00:00] Calculating TNF 7.2% (735 of 10203), ETA 0:00:00    
[00:00:00] Calculating TNF 8.1% (828 of 10203), ETA 0:00:00    
[00:00:00] Calculating TNF 9.1% (929 of 10203), ETA 0:00:00    
[00:00:00] Calculating TNF 13.1% (1338 of 10203), ETA 0:00:00    
[00:00:00] Calculating TNF 13.4% (1363 of 10203), ETA 0:00:00    
[00:00:00] Calculating TNF 17.2% (1750 of 10203), ETA 0:00:00    
[00:00:00] Calculating TNF 17.5% (1785 of 10203), ETA 0:00:00    
[00:00:00] Calculating TNF 18.3% (1870 of 10203), ETA 0:00:00    
[00:00:00] Calculating TNF 19.3% (1968 of 10203), ETA 0:00:00    
[00:00:00] Calculating TNF 20.5% (2093 of 10203), ETA 0:00:00    
[00:00:00] Calculating TNF 27.7% (2827 of 10203), ETA 0:00:00    
[00:00:00] Calculating TNF 28.4% (2897 of 10203), ETA 0:00:00    
[00:00:00] Calculating TNF 29.4% (3003 of 10203), ETA 0:00:00    
[00:00:00] Calculating TNF 30.3% (3094 of 10203), ETA 0:00:00    
[00:00:00] Calculating TNF 31.4% (3202 of 10203), ETA 0:00:00    
[00:00:00] Calculating TNF 32.4% (3305 of 10203), ETA 0:00:00    
[00:00:00] Calculating TNF 33.5% (3413 of 10203), ETA 0:00:00    
[00:00:00] Calculating TNF 34.4% (3514 of 10203), ETA 0:00:00    
[00:00:00] Calculating TNF 35.4% (3609 of 10203), ETA 0:00:00    
[00:00:00] Calculating TNF 37.8% (3861 of 10203), ETA 0:00:00    
[00:00:00] Calculating TNF 38.5% (3926 of 10203), ETA 0:00:00    
[00:00:00] Calculating TNF 39.8% (4063 of 10203), ETA 0:00:00    
[00:00:00] Calculating TNF 40.5% (4132 of 10203), ETA 0:00:00    
[00:00:00] Calculating TNF 41.5% (4232 of 10203), ETA 0:00:00    
[00:00:00] Calculating TNF 42.6% (4344 of 10203), ETA 0:00:00    
[00:00:00] Calculating TNF 43.5% (4436 of 10203), ETA 0:00:00    
[00:00:00] Calculating TNF 44.6% (4547 of 10203), ETA 0:00:00    
[00:00:00] Calculating TNF 45.9% (4686 of 10203), ETA 0:00:00    
[00:00:00] Calculating TNF 46.5% (4742 of 10203), ETA 0:00:00    
[00:00:00] Calculating TNF 47.9% (4889 of 10203), ETA 0:00:00    
[00:00:00] Calculating TNF 48.5% (4944 of 10203), ETA 0:00:00    
[00:00:00] Calculating TNF 49.5% (5048 of 10203), ETA 0:00:00    
[00:00:00] Calculating TNF 50.7% (5168 of 10203), ETA 0:00:00    
[00:00:00] Calculating TNF 51.5% (5259 of 10203), ETA 0:00:00    
[00:00:00] Calculating TNF 52.5% (5356 of 10203), ETA 0:00:00    
[00:00:00] Calculating TNF 54.4% (5553 of 10203), ETA 0:00:00    
[00:00:00] Calculating TNF 55.0% (5613 of 10203), ETA 0:00:00    
[00:00:00] Calculating TNF 55.7% (5683 of 10203), ETA 0:00:00    
[00:00:00] Calculating TNF 56.6% (5772 of 10203), ETA 0:00:00    
[00:00:00] Calculating TNF 58.5% (5968 of 10203), ETA 0:00:00    
[00:00:00] Calculating TNF 58.7% (5985 of 10203), ETA 0:00:00    
[00:00:00] Calculating TNF 60.3% (6157 of 10203), ETA 0:00:00    
[00:00:00] Calculating TNF 60.6% (6182 of 10203), ETA 0:00:00    
[00:00:00] Calculating TNF 63.5% (6478 of 10203), ETA 0:00:00    
[00:00:00] Calculating TNF 63.6% (6489 of 10203), ETA 0:00:00    
[00:00:00] Calculating TNF 65.1% (6638 of 10203), ETA 0:00:00    
[00:00:00] Calculating TNF 65.9% (6723 of 10203), ETA 0:00:00    
[00:00:00] Calculating TNF 66.7% (6803 of 10203), ETA 0:00:00    
[00:00:00] Calculating TNF 67.9% (6923 of 10203), ETA 0:00:00    
[00:00:00] Calculating TNF 68.7% (7010 of 10203), ETA 0:00:00    
[00:00:00] Calculating TNF 69.7% (7114 of 10203), ETA 0:00:00    
[00:00:00] Calculating TNF 70.7% (7215 of 10203), ETA 0:00:00    
[00:00:00] Calculating TNF 71.9% (7335 of 10203), ETA 0:00:00    
[00:00:00] Calculating TNF 72.7% (7418 of 10203), ETA 0:00:00    
[00:00:00] Calculating TNF 73.7% (7524 of 10203), ETA 0:00:00    
[00:00:00] Calculating TNF 74.8% (7631 of 10203), ETA 0:00:00    
[00:00:00] Calculating TNF 76.4% (7793 of 10203), ETA 0:00:00    
[00:00:00] Calculating TNF 76.8% (7836 of 10203), ETA 0:00:00    
[00:00:00] Calculating TNF 77.8% (7935 of 10203), ETA 0:00:00    
[00:00:00] Calculating TNF 82.0% (8365 of 10203), ETA 0:00:00    
[00:00:00] Calculating TNF 83.8% (8551 of 10203), ETA 0:00:00    
[00:00:00] Calculating TNF 84.8% (8657 of 10203), ETA 0:00:00    
[00:00:00] Calculating TNF 85.9% (8761 of 10203), ETA 0:00:00    
[00:00:00] Calculating TNF 86.9% (8868 of 10203), ETA 0:00:00    
[00:00:00] Calculating TNF 88.3% (9011 of 10203), ETA 0:00:00    
[00:00:00] Calculating TNF 89.5% (9135 of 10203), ETA 0:00:00    
[00:00:00] Calculating TNF 89.8% (9167 of 10203), ETA 0:00:00    
[00:00:00] Calculating TNF 91.9% (9379 of 10203), ETA 0:00:00    
[00:00:00] Calculating TNF 92.9% (9482 of 10203), ETA 0:00:00    
[00:00:00] Calculating TNF 94.0% (9586 of 10203), ETA 0:00:00    
[00:00:00] Calculating TNF 95.1% (9699 of 10203), ETA 0:00:00    
[00:00:00] Calculating TNF 96.9% (9891 of 10203), ETA 0:00:00    
[00:00:00] Calculating TNF 98.1% (10014 of 10203), ETA 0:00:00    
[00:00:00] Calculating TNF 99.1% (10116 of 10203), ETA 0:00:00    
[00:00:00] Finished contig TNF calculation.  [-98.6Gb / 1007.8Gb]                                
[00:00:00] ... processing TNF matrix 1.2% (120 of 10203), ETA 0:00:07                   
[00:00:00] ... processing TNF matrix 2.1% (215 of 10203), ETA 0:00:05                   
[00:00:00] ... processing TNF matrix 3.0% (309 of 10203), ETA 0:00:03                   
[00:00:00] ... processing TNF matrix 4.2% (425 of 10203), ETA 0:00:03                   
[00:00:00] ... processing TNF matrix 5.1% (519 of 10203), ETA 0:00:02                   
[00:00:00] ... processing TNF matrix 6.2% (629 of 10203), ETA 0:00:02                   
[00:00:00] ... processing TNF matrix 7.1% (723 of 10203), ETA 0:00:02                   
[00:00:00] ... processing TNF matrix 8.2% (839 of 10203), ETA 0:00:02                   
[00:00:00] ... processing TNF matrix 9.1% (930 of 10203), ETA 0:00:02                   
[00:00:00] ... processing TNF matrix 10.3% (1047 of 10203), ETA 0:00:02                   
[00:00:00] ... processing TNF matrix 11.2% (1139 of 10203), ETA 0:00:02                   
[00:00:00] ... processing TNF matrix 12.3% (1254 of 10203), ETA 0:00:02                   
[00:00:00] ... processing TNF matrix 13.2% (1347 of 10203), ETA 0:00:01                   
[00:00:00] ... processing TNF matrix 14.3% (1462 of 10203), ETA 0:00:01                   
[00:00:00] ... processing TNF matrix 15.3% (1556 of 10203), ETA 0:00:01                   
[00:00:00] ... processing TNF matrix 16.3% (1667 of 10203), ETA 0:00:01                   
[00:00:00] ... processing TNF matrix 17.2% (1760 of 10203), ETA 0:00:01                   
[00:00:00] ... processing TNF matrix 18.2% (1855 of 10203), ETA 0:00:01                   
[00:00:00] ... processing TNF matrix 19.3% (1972 of 10203), ETA 0:00:01                   
[00:00:00] ... processing TNF matrix 20.2% (2063 of 10203), ETA 0:00:01                   
[00:00:00] ... processing TNF matrix 21.3% (2175 of 10203), ETA 0:00:01                   
[00:00:00] ... processing TNF matrix 22.2% (2270 of 10203), ETA 0:00:01                   
[00:00:00] ... processing TNF matrix 23.4% (2384 of 10203), ETA 0:00:01                   
[00:00:00] ... processing TNF matrix 24.3% (2475 of 10203), ETA 0:00:01                   
[00:00:00] ... processing TNF matrix 25.4% (2588 of 10203), ETA 0:00:01                   
[00:00:00] ... processing TNF matrix 26.3% (2681 of 10203), ETA 0:00:01                   
[00:00:00] ... processing TNF matrix 27.4% (2794 of 10203), ETA 0:00:01                   
[00:00:00] ... processing TNF matrix 28.3% (2887 of 10203), ETA 0:00:01                   
[00:00:00] ... processing TNF matrix 29.4% (3002 of 10203), ETA 0:00:01                   
[00:00:00] ... processing TNF matrix 30.3% (3090 of 10203), ETA 0:00:01                   
[00:00:00] ... processing TNF matrix 31.5% (3209 of 10203), ETA 0:00:01                   
[00:00:00] ... processing TNF matrix 32.3% (3299 of 10203), ETA 0:00:01                   
[00:00:00] ... processing TNF matrix 33.5% (3417 of 10203), ETA 0:00:01                   
[00:00:00] ... processing TNF matrix 34.4% (3507 of 10203), ETA 0:00:01                   
[00:00:00] ... processing TNF matrix 35.5% (3622 of 10203), ETA 0:00:01                   
[00:00:00] ... processing TNF matrix 36.4% (3713 of 10203), ETA 0:00:01                   
[00:00:00] ... processing TNF matrix 37.5% (3828 of 10203), ETA 0:00:01                   
[00:00:00] ... processing TNF matrix 38.4% (3921 of 10203), ETA 0:00:01                   
[00:00:00] ... processing TNF matrix 39.6% (4038 of 10203), ETA 0:00:01                   
[00:00:00] ... processing TNF matrix 40.4% (4127 of 10203), ETA 0:00:01                   
[00:00:00] ... processing TNF matrix 41.6% (4241 of 10203), ETA 0:00:01                   
[00:00:00] ... processing TNF matrix 42.5% (4334 of 10203), ETA 0:00:01                   
[00:00:00] ... processing TNF matrix 43.6% (4450 of 10203), ETA 0:00:01                   
[00:00:00] ... processing TNF matrix 44.5% (4542 of 10203), ETA 0:00:01                   
[00:00:00] ... processing TNF matrix 45.4% (4635 of 10203), ETA 0:00:01                   
[00:00:00] ... processing TNF matrix 46.5% (4746 of 10203), ETA 0:00:01                   
[00:00:00] ... processing TNF matrix 47.6% (4858 of 10203), ETA 0:00:01                   
[00:00:00] ... processing TNF matrix 48.5% (4946 of 10203), ETA 0:00:01                   
[00:00:00] ... processing TNF matrix 49.6% (5058 of 10203), ETA 0:00:01                   
[00:00:00] ... processing TNF matrix 50.7% (5170 of 10203), ETA 0:00:01                   
[00:00:00] ... processing TNF matrix 51.6% (5261 of 10203), ETA 0:00:01                   
[00:00:00] ... processing TNF matrix 52.7% (5374 of 10203), ETA 0:00:01                   
[00:00:00] ... processing TNF matrix 53.6% (5464 of 10203), ETA 0:00:01                   
[00:00:00] ... processing TNF matrix 54.6% (5575 of 10203), ETA 0:00:01                   
[00:00:00] ... processing TNF matrix 55.6% (5670 of 10203), ETA 0:00:01                   
[00:00:00] ... processing TNF matrix 56.7% (5786 of 10203), ETA 0:00:01                   
[00:00:00] ... processing TNF matrix 57.6% (5880 of 10203), ETA 0:00:01                   
[00:00:00] ... processing TNF matrix 58.7% (5991 of 10203), ETA 0:00:01                   
[00:00:00] ... processing TNF matrix 59.6% (6086 of 10203), ETA 0:00:01                   
[00:00:00] ... processing TNF matrix 60.7% (6197 of 10203), ETA 0:00:00                   
[00:00:00] ... processing TNF matrix 61.7% (6291 of 10203), ETA 0:00:00                   
[00:00:00] ... processing TNF matrix 62.6% (6386 of 10203), ETA 0:00:00                   
[00:00:01] ... processing TNF matrix 63.7% (6498 of 10203), ETA 0:00:00                   
[00:00:01] ... processing TNF matrix 64.8% (6614 of 10203), ETA 0:00:00                   
[00:00:01] ... processing TNF matrix 65.7% (6708 of 10203), ETA 0:00:00                   
[00:00:01] ... processing TNF matrix 66.7% (6802 of 10203), ETA 0:00:00                   
[00:00:01] ... processing TNF matrix 67.8% (6918 of 10203), ETA 0:00:00                   
[00:00:01] ... processing TNF matrix 68.7% (7007 of 10203), ETA 0:00:00                   
[00:00:01] ... processing TNF matrix 69.8% (7124 of 10203), ETA 0:00:00                   
[00:00:01] ... processing TNF matrix 70.7% (7218 of 10203), ETA 0:00:00                   
[00:00:01] ... processing TNF matrix 71.9% (7331 of 10203), ETA 0:00:00                   
[00:00:01] ... processing TNF matrix 72.8% (7423 of 10203), ETA 0:00:00                   
[00:00:01] ... processing TNF matrix 73.9% (7539 of 10203), ETA 0:00:00                   
[00:00:01] ... processing TNF matrix 74.8% (7634 of 10203), ETA 0:00:00                   
[00:00:01] ... processing TNF matrix 75.9% (7746 of 10203), ETA 0:00:00                   
[00:00:01] ... processing TNF matrix 76.8% (7841 of 10203), ETA 0:00:00                   
[00:00:01] ... processing TNF matrix 77.7% (7932 of 10203), ETA 0:00:00                   
[00:00:01] ... processing TNF matrix 78.9% (8049 of 10203), ETA 0:00:00                   
[00:00:01] ... processing TNF matrix 79.8% (8141 of 10203), ETA 0:00:00                   
[00:00:01] ... processing TNF matrix 80.9% (8251 of 10203), ETA 0:00:00                   
[00:00:01] ... processing TNF matrix 82.0% (8364 of 10203), ETA 0:00:00                   
[00:00:01] ... processing TNF matrix 82.9% (8459 of 10203), ETA 0:00:00                   
[00:00:01] ... processing TNF matrix 84.0% (8570 of 10203), ETA 0:00:00                   
[00:00:01] ... processing TNF matrix 84.9% (8662 of 10203), ETA 0:00:00                   
[00:00:01] ... processing TNF matrix 85.8% (8758 of 10203), ETA 0:00:00                   
[00:00:01] ... processing TNF matrix 86.9% (8870 of 10203), ETA 0:00:00                   
[00:00:01] ... processing TNF matrix 87.8% (8963 of 10203), ETA 0:00:00                   
[00:00:01] ... processing TNF matrix 89.0% (9077 of 10203), ETA 0:00:00                   
[00:00:01] ... processing TNF matrix 89.9% (9171 of 10203), ETA 0:00:00                   
[00:00:01] ... processing TNF matrix 91.0% (9283 of 10203), ETA 0:00:00                   
[00:00:01] ... processing TNF matrix 91.9% (9377 of 10203), ETA 0:00:00                   
[00:00:01] ... processing TNF matrix 93.0% (9493 of 10203), ETA 0:00:00                   
[00:00:01] ... processing TNF matrix 93.9% (9585 of 10203), ETA 0:00:00                   
[00:00:01] Finding cutoff p=999 [-97.9Gb / 1007.8Gb]                                                     
[00:00:01] ... finding cutoff p=999 1.5% (155 of 10203), ETA 0:00:00                              
[00:00:01] ... finding cutoff p=999 2.6% (263 of 10203), ETA 0:00:00                              
[00:00:01] ... finding cutoff p=999 3.3% (341 of 10203), ETA 0:00:00                              
[00:00:01] ... finding cutoff p=999 4.4% (444 of 10203), ETA 0:00:00                              
[00:00:01] ... finding cutoff p=999 5.1% (524 of 10203), ETA 0:00:00                              
[00:00:01] ... finding cutoff p=999 6.1% (622 of 10203), ETA 0:00:00                              
[00:00:01] ... finding cutoff p=999 7.6% (771 of 10203), ETA 0:00:00                              
[00:00:01] ... finding cutoff p=999 8.6% (875 of 10203), ETA 0:00:00                              
[00:00:01] ... finding cutoff p=999 9.5% (967 of 10203), ETA 0:00:00                              
[00:00:01] ... finding cutoff p=999 10.4% (1059 of 10203), ETA 0:00:00                              
[00:00:01] ... finding cutoff p=999 11.3% (1150 of 10203), ETA 0:00:00                              
[00:00:01] ... finding cutoff p=999 12.4% (1262 of 10203), ETA 0:00:00                              
[00:00:01] ... finding cutoff p=999 14.6% (1488 of 10203), ETA 0:00:00                              
[00:00:01] ... finding cutoff p=999 15.9% (1623 of 10203), ETA 0:00:00                              
[00:00:01] ... finding cutoff p=999 16.7% (1699 of 10203), ETA 0:00:00                              
[00:00:01] ... finding cutoff p=999 17.3% (1770 of 10203), ETA 0:00:00                              
[00:00:01] ... finding cutoff p=999 18.7% (1911 of 10203), ETA 0:00:00                              
[00:00:01] ... finding cutoff p=999 19.7% (2011 of 10203), ETA 0:00:00                              
[00:00:01] ... finding cutoff p=999 20.6% (2099 of 10203), ETA 0:00:00                              
[00:00:01] ... finding cutoff p=999 21.3% (2170 of 10203), ETA 0:00:00                              
[00:00:01] ... finding cutoff p=999 22.5% (2295 of 10203), ETA 0:00:00                              
[00:00:01] ... finding cutoff p=999 23.5% (2395 of 10203), ETA 0:00:00                              
[00:00:01] ... finding cutoff p=999 24.2% (2474 of 10203), ETA 0:00:00                              
[00:00:01] ... finding cutoff p=999 25.3% (2579 of 10203), ETA 0:00:00                              
[00:00:01] ... finding cutoff p=999 26.5% (2704 of 10203), ETA 0:00:00                              
[00:00:01] ... finding cutoff p=999 27.8% (2836 of 10203), ETA 0:00:00                              
[00:00:01] ... finding cutoff p=999 28.5% (2908 of 10203), ETA 0:00:00                              
[00:00:01] ... finding cutoff p=999 29.3% (2987 of 10203), ETA 0:00:00                              
[00:00:01] ... finding cutoff p=999 30.5% (3114 of 10203), ETA 0:00:00                              
[00:00:01] ... finding cutoff p=999 31.5% (3216 of 10203), ETA 0:00:00                              
[00:00:01] ... finding cutoff p=999 32.5% (3316 of 10203), ETA 0:00:00                              
[00:00:01] ... finding cutoff p=999 33.6% (3433 of 10203), ETA 0:00:00                              
[00:00:01] ... finding cutoff p=999 34.7% (3540 of 10203), ETA 0:00:00                              
[00:00:01] ... finding cutoff p=999 35.4% (3614 of 10203), ETA 0:00:00                              
[00:00:01] ... finding cutoff p=999 36.7% (3748 of 10203), ETA 0:00:00                              
[00:00:01] ... finding cutoff p=999 37.4% (3819 of 10203), ETA 0:00:00                              
[00:00:01] ... finding cutoff p=999 38.4% (3921 of 10203), ETA 0:00:00                              
[00:00:01] ... finding cutoff p=999 39.5% (4030 of 10203), ETA 0:00:00                              
[00:00:01] ... finding cutoff p=999 40.6% (4140 of 10203), ETA 0:00:00                              
[00:00:01] ... finding cutoff p=999 41.7% (4251 of 10203), ETA 0:00:00                              
[00:00:01] ... finding cutoff p=999 42.7% (4358 of 10203), ETA 0:00:00                              
[00:00:01] ... finding cutoff p=999 43.6% (4451 of 10203), ETA 0:00:00                              
[00:00:01] ... finding cutoff p=999 44.8% (4569 of 10203), ETA 0:00:00                              
[00:00:01] ... finding cutoff p=999 45.9% (4679 of 10203), ETA 0:00:00                              
[00:00:01] ... finding cutoff p=999 46.9% (4786 of 10203), ETA 0:00:00                              
[00:00:01] ... finding cutoff p=999 47.8% (4879 of 10203), ETA 0:00:00                              
[00:00:01] ... finding cutoff p=999 48.9% (4989 of 10203), ETA 0:00:00                              
[00:00:01] ... finding cutoff p=999 49.5% (5050 of 10203), ETA 0:00:00                              
[00:00:01] ... finding cutoff p=999 50.6% (5167 of 10203), ETA 0:00:00                              
[00:00:01] ... finding cutoff p=999 51.7% (5278 of 10203), ETA 0:00:00                              
[00:00:01] ... finding cutoff p=999 52.5% (5358 of 10203), ETA 0:00:00                              
[00:00:01] ... finding cutoff p=999 53.6% (5471 of 10203), ETA 0:00:00                              
[00:00:01] ... finding cutoff p=999 54.9% (5606 of 10203), ETA 0:00:00                              
[00:00:01] ... finding cutoff p=999 55.5% (5665 of 10203), ETA 0:00:00                              
[00:00:01] ... finding cutoff p=999 56.6% (5779 of 10203), ETA 0:00:00                              
[00:00:01] ... finding cutoff p=999 57.7% (5888 of 10203), ETA 0:00:00                              
[00:00:01] ... finding cutoff p=999 58.7% (5992 of 10203), ETA 0:00:00                              
[00:00:01] ... finding cutoff p=999 59.7% (6092 of 10203), ETA 0:00:00                              
[00:00:01] ... finding cutoff p=999 60.8% (6199 of 10203), ETA 0:00:00                              
[00:00:01] ... finding cutoff p=999 61.7% (6293 of 10203), ETA 0:00:00                              
[00:00:01] ... finding cutoff p=999 62.8% (6410 of 10203), ETA 0:00:00                              
[00:00:01] ... finding cutoff p=999 63.7% (6495 of 10203), ETA 0:00:00                              
[00:00:01] ... finding cutoff p=999 64.7% (6604 of 10203), ETA 0:00:00                              
[00:00:01] ... finding cutoff p=999 65.8% (6717 of 10203), ETA 0:00:00                              
[00:00:01] ... finding cutoff p=999 66.7% (6808 of 10203), ETA 0:00:00                              
[00:00:01] ... finding cutoff p=999 67.7% (6911 of 10203), ETA 0:00:00                              
[00:00:01] ... finding cutoff p=999 68.8% (7015 of 10203), ETA 0:00:00                              
[00:00:01] ... finding cutoff p=999 69.7% (7111 of 10203), ETA 0:00:00                              
[00:00:01] ... finding cutoff p=999 70.7% (7213 of 10203), ETA 0:00:00                              
[00:00:01] ... finding cutoff p=999 71.8% (7325 of 10203), ETA 0:00:00                              
[00:00:01] ... finding cutoff p=999 72.8% (7423 of 10203), ETA 0:00:00                              
[00:00:01] ... finding cutoff p=999 73.7% (7519 of 10203), ETA 0:00:00                              
[00:00:01] ... finding cutoff p=999 74.9% (7638 of 10203), ETA 0:00:00                              
[00:00:01] ... finding cutoff p=999 75.8% (7729 of 10203), ETA 0:00:00                              
[00:00:01] ... finding cutoff p=999 76.8% (7831 of 10203), ETA 0:00:00                              
[00:00:01] ... finding cutoff p=999 77.8% (7934 of 10203), ETA 0:00:00                              
[00:00:01] ... finding cutoff p=999 78.8% (8040 of 10203), ETA 0:00:00                              
[00:00:01] ... finding cutoff p=999 79.8% (8140 of 10203), ETA 0:00:00                              
[00:00:01] ... finding cutoff p=999 80.8% (8247 of 10203), ETA 0:00:00                              
[00:00:01] ... finding cutoff p=999 81.9% (8359 of 10203), ETA 0:00:00                              
[00:00:01] ... finding cutoff p=999 82.9% (8462 of 10203), ETA 0:00:00                              
[00:00:01] ... finding cutoff p=999 83.9% (8557 of 10203), ETA 0:00:00                              
[00:00:01] ... finding cutoff p=999 84.8% (8656 of 10203), ETA 0:00:00                              
[00:00:01] ... finding cutoff p=999 85.8% (8756 of 10203), ETA 0:00:00                              
[00:00:01] ... finding cutoff p=999 87.0% (8873 of 10203), ETA 0:00:00                              
[00:00:01] ... finding cutoff p=999 87.9% (8970 of 10203), ETA 0:00:00                              
[00:00:01] ... finding cutoff p=999 88.9% (9072 of 10203), ETA 0:00:00                              
[00:00:01] ... finding cutoff p=999 90.0% (9180 of 10203), ETA 0:00:00                              
[00:00:01] ... finding cutoff p=999 90.9% (9270 of 10203), ETA 0:00:00                              
[00:00:01] ... finding cutoff p=999 91.9% (9376 of 10203), ETA 0:00:00                              
[00:00:01] ... finding cutoff p=999 93.0% (9484 of 10203), ETA 0:00:00                              
[00:00:01] ... finding cutoff p=999 93.9% (9579 of 10203), ETA 0:00:00                              
[00:00:01] ... finding cutoff p=999 94.9% (9683 of 10203), ETA 0:00:00                              
[00:00:01] ... finding cutoff p=999 95.9% (9789 of 10203), ETA 0:00:00                              
[00:00:01] ... finding cutoff p=999 96.9% (9890 of 10203), ETA 0:00:00                              
[00:00:01] ... finding cutoff p=999 98.0% (9995 of 10203), ETA 0:00:00                              
[00:00:01] ... finding cutoff p=999 98.9% (10094 of 10203), ETA 0:00:00                              
[00:00:01] ... finding cutoff p=999 99.9% (10197 of 10203), ETA 0:00:00                              
[00:00:01] Preparing TNF Graph Building [pTNF = 99.9; 53 / 10203 (P = 0.52%) round 1]               
[00:00:01] Finding cutoff p=996 [-97.9Gb / 1007.8Gb]                                                     
[00:00:01] ... finding cutoff p=996 1.7% (174 of 10203), ETA 0:00:00                              
[00:00:01] ... finding cutoff p=996 2.9% (294 of 10203), ETA 0:00:00                              
[00:00:01] ... finding cutoff p=996 3.9% (393 of 10203), ETA 0:00:00                              
[00:00:01] ... finding cutoff p=996 4.9% (499 of 10203), ETA 0:00:00                              
[00:00:01] ... finding cutoff p=996 5.8% (594 of 10203), ETA 0:00:00                              
[00:00:01] ... finding cutoff p=996 6.8% (689 of 10203), ETA 0:00:00                              
[00:00:01] ... finding cutoff p=996 7.7% (783 of 10203), ETA 0:00:00                              
[00:00:01] ... finding cutoff p=996 9.0% (920 of 10203), ETA 0:00:00                              
[00:00:01] ... finding cutoff p=996 10.0% (1021 of 10203), ETA 0:00:00                              
[00:00:01] ... finding cutoff p=996 11.3% (1157 of 10203), ETA 0:00:00                              
[00:00:01] ... finding cutoff p=996 12.4% (1265 of 10203), ETA 0:00:00                              
[00:00:01] ... finding cutoff p=996 13.5% (1377 of 10203), ETA 0:00:00                              
[00:00:01] ... finding cutoff p=996 14.7% (1499 of 10203), ETA 0:00:00                              
[00:00:01] ... finding cutoff p=996 15.7% (1605 of 10203), ETA 0:00:00                              
[00:00:01] ... finding cutoff p=996 16.6% (1689 of 10203), ETA 0:00:00                              
[00:00:01] ... finding cutoff p=996 17.3% (1763 of 10203), ETA 0:00:00                              
[00:00:01] ... finding cutoff p=996 18.7% (1903 of 10203), ETA 0:00:00                              
[00:00:01] ... finding cutoff p=996 19.5% (1989 of 10203), ETA 0:00:00                              
[00:00:01] ... finding cutoff p=996 20.4% (2078 of 10203), ETA 0:00:00                              
[00:00:01] ... finding cutoff p=996 21.7% (2219 of 10203), ETA 0:00:00                              
[00:00:01] ... finding cutoff p=996 22.6% (2304 of 10203), ETA 0:00:00                              
[00:00:01] ... finding cutoff p=996 23.4% (2389 of 10203), ETA 0:00:00                              
[00:00:01] ... finding cutoff p=996 24.3% (2478 of 10203), ETA 0:00:00                              
[00:00:01] ... finding cutoff p=996 25.7% (2619 of 10203), ETA 0:00:00                              
[00:00:01] ... finding cutoff p=996 26.2% (2678 of 10203), ETA 0:00:00                              
[00:00:01] ... finding cutoff p=996 27.4% (2796 of 10203), ETA 0:00:00                              
[00:00:01] ... finding cutoff p=996 28.7% (2931 of 10203), ETA 0:00:00                              
[00:00:01] ... finding cutoff p=996 29.5% (3008 of 10203), ETA 0:00:00                              
[00:00:01] ... finding cutoff p=996 30.4% (3106 of 10203), ETA 0:00:00                              
[00:00:01] ... finding cutoff p=996 31.6% (3222 of 10203), ETA 0:00:00                              
[00:00:01] ... finding cutoff p=996 32.7% (3341 of 10203), ETA 0:00:00                              
[00:00:01] ... finding cutoff p=996 33.4% (3409 of 10203), ETA 0:00:00                              
[00:00:01] ... finding cutoff p=996 34.7% (3542 of 10203), ETA 0:00:00                              
[00:00:01] ... finding cutoff p=996 35.7% (3641 of 10203), ETA 0:00:00                              
[00:00:01] ... finding cutoff p=996 36.8% (3751 of 10203), ETA 0:00:00                              
[00:00:01] ... finding cutoff p=996 37.8% (3855 of 10203), ETA 0:00:00                              
[00:00:01] ... finding cutoff p=996 38.4% (3920 of 10203), ETA 0:00:00                              
[00:00:01] ... finding cutoff p=996 39.5% (4030 of 10203), ETA 0:00:00                              
[00:00:01] ... finding cutoff p=996 40.7% (4155 of 10203), ETA 0:00:00                              
[00:00:01] ... finding cutoff p=996 41.9% (4277 of 10203), ETA 0:00:00                              
[00:00:01] ... finding cutoff p=996 42.5% (4336 of 10203), ETA 0:00:00                              
[00:00:01] ... finding cutoff p=996 43.6% (4444 of 10203), ETA 0:00:00                              
[00:00:01] ... finding cutoff p=996 44.6% (4554 of 10203), ETA 0:00:00                              
[00:00:01] ... finding cutoff p=996 45.9% (4686 of 10203), ETA 0:00:00                              
[00:00:01] ... finding cutoff p=996 46.4% (4738 of 10203), ETA 0:00:00                              
[00:00:01] ... finding cutoff p=996 47.6% (4856 of 10203), ETA 0:00:00                              
[00:00:01] ... finding cutoff p=996 48.5% (4952 of 10203), ETA 0:00:00                              
[00:00:01] ... finding cutoff p=996 49.7% (5073 of 10203), ETA 0:00:00                              
[00:00:01] ... finding cutoff p=996 50.7% (5178 of 10203), ETA 0:00:00                              
[00:00:01] ... finding cutoff p=996 51.5% (5255 of 10203), ETA 0:00:00                              
[00:00:01] ... finding cutoff p=996 52.7% (5374 of 10203), ETA 0:00:00                              
[00:00:01] ... finding cutoff p=996 53.7% (5484 of 10203), ETA 0:00:00                              
[00:00:01] ... finding cutoff p=996 54.7% (5586 of 10203), ETA 0:00:00                              
[00:00:01] ... finding cutoff p=996 55.7% (5680 of 10203), ETA 0:00:00                              
[00:00:01] ... finding cutoff p=996 56.6% (5772 of 10203), ETA 0:00:00                              
[00:00:01] ... finding cutoff p=996 57.6% (5882 of 10203), ETA 0:00:00                              
[00:00:01] ... finding cutoff p=996 58.8% (6001 of 10203), ETA 0:00:00                              
[00:00:01] ... finding cutoff p=996 59.9% (6114 of 10203), ETA 0:00:00                              
[00:00:01] ... finding cutoff p=996 60.8% (6208 of 10203), ETA 0:00:00                              
[00:00:01] ... finding cutoff p=996 61.7% (6300 of 10203), ETA 0:00:00                              
[00:00:01] ... finding cutoff p=996 62.7% (6396 of 10203), ETA 0:00:00                              
[00:00:01] ... finding cutoff p=996 63.9% (6515 of 10203), ETA 0:00:00                              
[00:00:01] ... finding cutoff p=996 64.8% (6612 of 10203), ETA 0:00:00                              
[00:00:01] ... finding cutoff p=996 65.8% (6714 of 10203), ETA 0:00:00                              
[00:00:01] ... finding cutoff p=996 66.7% (6805 of 10203), ETA 0:00:00                              
[00:00:01] ... finding cutoff p=996 67.8% (6918 of 10203), ETA 0:00:00                              
[00:00:01] ... finding cutoff p=996 68.9% (7028 of 10203), ETA 0:00:00                              
[00:00:01] ... finding cutoff p=996 69.8% (7125 of 10203), ETA 0:00:00                              
[00:00:01] ... finding cutoff p=996 70.7% (7217 of 10203), ETA 0:00:00                              
[00:00:01] ... finding cutoff p=996 71.8% (7330 of 10203), ETA 0:00:00                              
[00:00:01] ... finding cutoff p=996 72.7% (7417 of 10203), ETA 0:00:00                              
[00:00:01] ... finding cutoff p=996 73.9% (7537 of 10203), ETA 0:00:00                              
[00:00:01] ... finding cutoff p=996 74.8% (7635 of 10203), ETA 0:00:00                              
[00:00:01] ... finding cutoff p=996 75.8% (7736 of 10203), ETA 0:00:00                              
[00:00:01] ... finding cutoff p=996 76.9% (7844 of 10203), ETA 0:00:00                              
[00:00:01] ... finding cutoff p=996 77.9% (7952 of 10203), ETA 0:00:00                              
[00:00:01] ... finding cutoff p=996 78.8% (8037 of 10203), ETA 0:00:00                              
[00:00:01] ... finding cutoff p=996 79.9% (8153 of 10203), ETA 0:00:00                              
[00:00:01] ... finding cutoff p=996 80.8% (8245 of 10203), ETA 0:00:00                              
[00:00:01] ... finding cutoff p=996 81.9% (8355 of 10203), ETA 0:00:00                              
[00:00:01] ... finding cutoff p=996 82.9% (8454 of 10203), ETA 0:00:00                              
[00:00:01] ... finding cutoff p=996 83.9% (8564 of 10203), ETA 0:00:00                              
[00:00:01] ... finding cutoff p=996 84.9% (8662 of 10203), ETA 0:00:00                              
[00:00:01] ... finding cutoff p=996 86.0% (8770 of 10203), ETA 0:00:00                              
[00:00:01] ... finding cutoff p=996 87.0% (8872 of 10203), ETA 0:00:00                              
[00:00:01] ... finding cutoff p=996 87.8% (8963 of 10203), ETA 0:00:00                              
[00:00:01] ... finding cutoff p=996 88.9% (9071 of 10203), ETA 0:00:00                              
[00:00:01] ... finding cutoff p=996 89.9% (9170 of 10203), ETA 0:00:00                              
[00:00:01] ... finding cutoff p=996 90.9% (9272 of 10203), ETA 0:00:00                              
[00:00:01] ... finding cutoff p=996 91.9% (9375 of 10203), ETA 0:00:00                              
[00:00:01] ... finding cutoff p=996 92.9% (9478 of 10203), ETA 0:00:00                              
[00:00:01] ... finding cutoff p=996 94.0% (9586 of 10203), ETA 0:00:00                              
[00:00:01] ... finding cutoff p=996 94.9% (9682 of 10203), ETA 0:00:00                              
[00:00:01] ... finding cutoff p=996 95.9% (9785 of 10203), ETA 0:00:00                              
[00:00:01] ... finding cutoff p=996 96.9% (9889 of 10203), ETA 0:00:00                              
[00:00:01] ... finding cutoff p=996 98.0% (9994 of 10203), ETA 0:00:00                              
[00:00:01] ... finding cutoff p=996 98.9% (10095 of 10203), ETA 0:00:00                              
[00:00:01] ... finding cutoff p=996 99.9% (10197 of 10203), ETA 0:00:00                              
[00:00:01] Preparing TNF Graph Building [pTNF = 99.6; 753 / 10203 (P = 7.38%) round 2]               
[00:00:01] Finding cutoff p=994 [-97.9Gb / 1007.8Gb]                                                     
[00:00:01] ... finding cutoff p=994 1.7% (171 of 10203), ETA 0:00:00                              
[00:00:01] ... finding cutoff p=994 2.8% (290 of 10203), ETA 0:00:00                              
[00:00:01] ... finding cutoff p=994 3.9% (397 of 10203), ETA 0:00:00                              
[00:00:01] ... finding cutoff p=994 4.8% (487 of 10203), ETA 0:00:00                              
[00:00:01] ... finding cutoff p=994 5.4% (549 of 10203), ETA 0:00:00                              
[00:00:01] ... finding cutoff p=994 6.4% (653 of 10203), ETA 0:00:00                              
[00:00:01] ... finding cutoff p=994 7.4% (756 of 10203), ETA 0:00:00                              
[00:00:01] ... finding cutoff p=994 8.6% (873 of 10203), ETA 0:00:00                              
[00:00:01] ... finding cutoff p=994 9.5% (965 of 10203), ETA 0:00:00                              
[00:00:01] ... finding cutoff p=994 10.6% (1078 of 10203), ETA 0:00:00                              
[00:00:01] ... finding cutoff p=994 11.7% (1198 of 10203), ETA 0:00:00                              
[00:00:01] ... finding cutoff p=994 12.8% (1310 of 10203), ETA 0:00:00                              
[00:00:01] ... finding cutoff p=994 13.9% (1417 of 10203), ETA 0:00:00                              
[00:00:01] ... finding cutoff p=994 15.1% (1545 of 10203), ETA 0:00:00                              
[00:00:01] ... finding cutoff p=994 16.6% (1698 of 10203), ETA 0:00:00                              
[00:00:01] ... finding cutoff p=994 18.4% (1874 of 10203), ETA 0:00:00                              
[00:00:01] ... finding cutoff p=994 19.2% (1958 of 10203), ETA 0:00:00                              
[00:00:01] ... finding cutoff p=994 20.8% (2121 of 10203), ETA 0:00:00                              
[00:00:01] ... finding cutoff p=994 21.7% (2213 of 10203), ETA 0:00:00                              
[00:00:01] ... finding cutoff p=994 22.9% (2336 of 10203), ETA 0:00:00                              
[00:00:01] ... finding cutoff p=994 23.8% (2424 of 10203), ETA 0:00:00                              
[00:00:01] ... finding cutoff p=994 24.5% (2503 of 10203), ETA 0:00:00                              
[00:00:01] ... finding cutoff p=994 25.3% (2582 of 10203), ETA 0:00:00                              
[00:00:01] ... finding cutoff p=994 26.5% (2702 of 10203), ETA 0:00:00                              
[00:00:01] ... finding cutoff p=994 27.9% (2850 of 10203), ETA 0:00:00                              
[00:00:01] ... finding cutoff p=994 28.5% (2908 of 10203), ETA 0:00:00                              
[00:00:01] ... finding cutoff p=994 29.3% (2987 of 10203), ETA 0:00:00                              
[00:00:01] ... finding cutoff p=994 30.3% (3094 of 10203), ETA 0:00:00                              
[00:00:01] ... finding cutoff p=994 31.8% (3241 of 10203), ETA 0:00:00                              
[00:00:01] ... finding cutoff p=994 32.5% (3314 of 10203), ETA 0:00:00                              
[00:00:01] ... finding cutoff p=994 33.6% (3428 of 10203), ETA 0:00:00                              
[00:00:01] ... finding cutoff p=994 34.6% (3533 of 10203), ETA 0:00:00                              
[00:00:01] ... finding cutoff p=994 35.6% (3637 of 10203), ETA 0:00:00                              
[00:00:01] ... finding cutoff p=994 36.6% (3738 of 10203), ETA 0:00:00                              
[00:00:01] ... finding cutoff p=994 37.9% (3864 of 10203), ETA 0:00:00                              
[00:00:01] ... finding cutoff p=994 38.4% (3921 of 10203), ETA 0:00:00                              
[00:00:01] ... finding cutoff p=994 39.5% (4026 of 10203), ETA 0:00:00                              
[00:00:01] ... finding cutoff p=994 40.8% (4164 of 10203), ETA 0:00:00                              
[00:00:01] ... finding cutoff p=994 41.7% (4250 of 10203), ETA 0:00:00                              
[00:00:01] ... finding cutoff p=994 42.4% (4327 of 10203), ETA 0:00:00                              
[00:00:01] ... finding cutoff p=994 43.7% (4463 of 10203), ETA 0:00:00                              
[00:00:01] ... finding cutoff p=994 44.5% (4543 of 10203), ETA 0:00:00                              
[00:00:01] ... finding cutoff p=994 45.7% (4662 of 10203), ETA 0:00:00                              
[00:00:01] ... finding cutoff p=994 46.8% (4773 of 10203), ETA 0:00:00                              
[00:00:01] ... finding cutoff p=994 47.7% (4866 of 10203), ETA 0:00:00                              
[00:00:01] ... finding cutoff p=994 48.7% (4964 of 10203), ETA 0:00:00                              
[00:00:01] ... finding cutoff p=994 49.5% (5053 of 10203), ETA 0:00:00                              
[00:00:01] ... finding cutoff p=994 50.8% (5181 of 10203), ETA 0:00:00                              
[00:00:01] ... finding cutoff p=994 51.8% (5287 of 10203), ETA 0:00:00                              
[00:00:01] ... finding cutoff p=994 52.7% (5373 of 10203), ETA 0:00:00                              
[00:00:01] ... finding cutoff p=994 53.7% (5483 of 10203), ETA 0:00:00                              
[00:00:01] ... finding cutoff p=994 54.6% (5573 of 10203), ETA 0:00:00                              
[00:00:01] ... finding cutoff p=994 55.5% (5665 of 10203), ETA 0:00:00                              
[00:00:01] ... finding cutoff p=994 56.7% (5789 of 10203), ETA 0:00:00                              
[00:00:01] ... finding cutoff p=994 57.8% (5896 of 10203), ETA 0:00:00                              
[00:00:01] ... finding cutoff p=994 58.7% (5989 of 10203), ETA 0:00:00                              
[00:00:01] ... finding cutoff p=994 59.6% (6077 of 10203), ETA 0:00:00                              
[00:00:01] ... finding cutoff p=994 60.8% (6208 of 10203), ETA 0:00:00                              
[00:00:01] ... finding cutoff p=994 61.7% (6295 of 10203), ETA 0:00:00                              
[00:00:01] ... finding cutoff p=994 62.6% (6387 of 10203), ETA 0:00:00                              
[00:00:01] ... finding cutoff p=994 63.9% (6519 of 10203), ETA 0:00:00                              
[00:00:01] ... finding cutoff p=994 64.7% (6601 of 10203), ETA 0:00:00                              
[00:00:01] ... finding cutoff p=994 65.8% (6709 of 10203), ETA 0:00:00                              
[00:00:01] ... finding cutoff p=994 66.6% (6800 of 10203), ETA 0:00:00                              
[00:00:01] ... finding cutoff p=994 67.7% (6905 of 10203), ETA 0:00:00                              
[00:00:01] ... finding cutoff p=994 68.8% (7021 of 10203), ETA 0:00:00                              
[00:00:01] ... finding cutoff p=994 69.8% (7123 of 10203), ETA 0:00:00                              
[00:00:01] ... finding cutoff p=994 70.9% (7231 of 10203), ETA 0:00:00                              
[00:00:01] ... finding cutoff p=994 71.7% (7314 of 10203), ETA 0:00:00                              
[00:00:01] ... finding cutoff p=994 72.8% (7431 of 10203), ETA 0:00:00                              
[00:00:01] ... finding cutoff p=994 73.8% (7527 of 10203), ETA 0:00:00                              
[00:00:01] ... finding cutoff p=994 74.7% (7626 of 10203), ETA 0:00:00                              
[00:00:01] ... finding cutoff p=994 75.9% (7742 of 10203), ETA 0:00:00                              
[00:00:01] ... finding cutoff p=994 76.8% (7834 of 10203), ETA 0:00:00                              
[00:00:01] ... finding cutoff p=994 77.8% (7941 of 10203), ETA 0:00:00                              
[00:00:01] ... finding cutoff p=994 78.9% (8055 of 10203), ETA 0:00:00                              
[00:00:01] ... finding cutoff p=994 79.8% (8146 of 10203), ETA 0:00:00                              
[00:00:01] ... finding cutoff p=994 80.9% (8250 of 10203), ETA 0:00:00                              
[00:00:01] ... finding cutoff p=994 81.9% (8359 of 10203), ETA 0:00:00                              
[00:00:01] ... finding cutoff p=994 82.8% (8452 of 10203), ETA 0:00:00                              
[00:00:01] ... finding cutoff p=994 83.9% (8557 of 10203), ETA 0:00:00                              
[00:00:01] ... finding cutoff p=994 84.8% (8657 of 10203), ETA 0:00:00                              
[00:00:01] ... finding cutoff p=994 85.9% (8761 of 10203), ETA 0:00:00                              
[00:00:01] ... finding cutoff p=994 86.9% (8864 of 10203), ETA 0:00:00                              
[00:00:01] ... finding cutoff p=994 87.9% (8971 of 10203), ETA 0:00:00                              
[00:00:01] ... finding cutoff p=994 88.9% (9071 of 10203), ETA 0:00:00                              
[00:00:01] ... finding cutoff p=994 89.9% (9171 of 10203), ETA 0:00:00                              
[00:00:01] ... finding cutoff p=994 90.9% (9277 of 10203), ETA 0:00:00                              
[00:00:01] ... finding cutoff p=994 92.0% (9383 of 10203), ETA 0:00:00                              
[00:00:01] ... finding cutoff p=994 93.0% (9487 of 10203), ETA 0:00:00                              
[00:00:01] ... finding cutoff p=994 93.9% (9583 of 10203), ETA 0:00:00                              
[00:00:01] ... finding cutoff p=994 95.0% (9689 of 10203), ETA 0:00:00                              
[00:00:01] ... finding cutoff p=994 95.9% (9787 of 10203), ETA 0:00:00                              
[00:00:01] ... finding cutoff p=994 97.0% (9893 of 10203), ETA 0:00:00                              
[00:00:01] ... finding cutoff p=994 97.9% (9992 of 10203), ETA 0:00:00                              
[00:00:01] ... finding cutoff p=994 98.9% (10094 of 10203), ETA 0:00:00                              
[00:00:01] ... finding cutoff p=994 99.9% (10197 of 10203), ETA 0:00:00                              
[00:00:01] Preparing TNF Graph Building [pTNF = 99.4; 999 / 10203 (P = 9.79%) round 3]               
[00:00:01] Finding cutoff p=991 [-97.9Gb / 1007.8Gb]                                                     
[00:00:01] ... finding cutoff p=991 1.8% (180 of 10203), ETA 0:00:00                              
[00:00:01] ... finding cutoff p=991 3.0% (308 of 10203), ETA 0:00:00                              
[00:00:01] ... finding cutoff p=991 4.0% (405 of 10203), ETA 0:00:00                              
[00:00:01] ... finding cutoff p=991 4.9% (503 of 10203), ETA 0:00:00                              
[00:00:01] ... finding cutoff p=991 5.9% (599 of 10203), ETA 0:00:00                              
[00:00:01] ... finding cutoff p=991 6.8% (693 of 10203), ETA 0:00:00                              
[00:00:01] ... finding cutoff p=991 7.7% (784 of 10203), ETA 0:00:00                              
[00:00:01] ... finding cutoff p=991 8.9% (905 of 10203), ETA 0:00:00                              
[00:00:01] ... finding cutoff p=991 9.8% (1003 of 10203), ETA 0:00:00                              
[00:00:01] ... finding cutoff p=991 10.7% (1090 of 10203), ETA 0:00:00                              
[00:00:01] ... finding cutoff p=991 11.9% (1215 of 10203), ETA 0:00:00                              
[00:00:01] ... finding cutoff p=991 13.1% (1339 of 10203), ETA 0:00:00                              
[00:00:01] ... finding cutoff p=991 14.4% (1467 of 10203), ETA 0:00:00                              
[00:00:01] ... finding cutoff p=991 15.8% (1613 of 10203), ETA 0:00:00                              
[00:00:01] ... finding cutoff p=991 16.7% (1703 of 10203), ETA 0:00:00                              
[00:00:01] ... finding cutoff p=991 17.5% (1789 of 10203), ETA 0:00:00                              
[00:00:01] ... finding cutoff p=991 18.2% (1859 of 10203), ETA 0:00:00                              
[00:00:01] ... finding cutoff p=991 19.6% (2003 of 10203), ETA 0:00:00                              
[00:00:01] ... finding cutoff p=991 20.6% (2102 of 10203), ETA 0:00:00                              
[00:00:01] ... finding cutoff p=991 21.5% (2190 of 10203), ETA 0:00:00                              
[00:00:01] ... finding cutoff p=991 22.2% (2268 of 10203), ETA 0:00:00                              
[00:00:01] ... finding cutoff p=991 23.6% (2409 of 10203), ETA 0:00:00                              
[00:00:01] ... finding cutoff p=991 24.6% (2506 of 10203), ETA 0:00:00                              
[00:00:01] ... finding cutoff p=991 25.3% (2585 of 10203), ETA 0:00:00                              
[00:00:01] ... finding cutoff p=991 26.6% (2712 of 10203), ETA 0:00:00                              
[00:00:01] ... finding cutoff p=991 27.4% (2793 of 10203), ETA 0:00:00                              
[00:00:01] ... finding cutoff p=991 28.6% (2919 of 10203), ETA 0:00:00                              
[00:00:01] ... finding cutoff p=991 29.4% (3003 of 10203), ETA 0:00:00                              
[00:00:01] ... finding cutoff p=991 30.7% (3132 of 10203), ETA 0:00:00                              
[00:00:01] ... finding cutoff p=991 31.4% (3200 of 10203), ETA 0:00:00                              
[00:00:01] ... finding cutoff p=991 32.6% (3328 of 10203), ETA 0:00:00                              
[00:00:01] ... finding cutoff p=991 33.8% (3449 of 10203), ETA 0:00:00                              
[00:00:01] ... finding cutoff p=991 34.5% (3519 of 10203), ETA 0:00:00                              
[00:00:01] ... finding cutoff p=991 35.4% (3610 of 10203), ETA 0:00:00                              
[00:00:01] ... finding cutoff p=991 36.5% (3725 of 10203), ETA 0:00:00                              
[00:00:01] ... finding cutoff p=991 37.7% (3849 of 10203), ETA 0:00:00                              
[00:00:01] ... finding cutoff p=991 38.4% (3921 of 10203), ETA 0:00:00                              
[00:00:01] ... finding cutoff p=991 39.6% (4043 of 10203), ETA 0:00:00                              
[00:00:01] ... finding cutoff p=991 40.7% (4157 of 10203), ETA 0:00:00                              
[00:00:01] ... finding cutoff p=991 41.4% (4228 of 10203), ETA 0:00:00                              
[00:00:01] ... finding cutoff p=991 42.6% (4349 of 10203), ETA 0:00:00                              
[00:00:01] ... finding cutoff p=991 43.4% (4429 of 10203), ETA 0:00:00                              
[00:00:01] ... finding cutoff p=991 44.8% (4574 of 10203), ETA 0:00:00                              
[00:00:01] ... finding cutoff p=991 45.6% (4652 of 10203), ETA 0:00:00                              
[00:00:01] ... finding cutoff p=991 46.5% (4742 of 10203), ETA 0:00:00                              
[00:00:01] ... finding cutoff p=991 47.8% (4880 of 10203), ETA 0:00:00                              
[00:00:01] ... finding cutoff p=991 48.6% (4955 of 10203), ETA 0:00:00                              
[00:00:01] ... finding cutoff p=991 49.7% (5071 of 10203), ETA 0:00:00                              
[00:00:01] ... finding cutoff p=991 50.8% (5181 of 10203), ETA 0:00:00                              
[00:00:01] ... finding cutoff p=991 51.6% (5266 of 10203), ETA 0:00:00                              
[00:00:01] ... finding cutoff p=991 52.8% (5385 of 10203), ETA 0:00:00                              
[00:00:01] ... finding cutoff p=991 53.9% (5495 of 10203), ETA 0:00:00                              
[00:00:01] ... finding cutoff p=991 54.8% (5587 of 10203), ETA 0:00:00                              
[00:00:01] ... finding cutoff p=991 55.8% (5691 of 10203), ETA 0:00:00                              
[00:00:01] ... finding cutoff p=991 56.8% (5794 of 10203), ETA 0:00:00                              
[00:00:01] ... finding cutoff p=991 57.7% (5885 of 10203), ETA 0:00:00                              
[00:00:01] ... finding cutoff p=991 58.6% (5982 of 10203), ETA 0:00:00                              
[00:00:01] ... finding cutoff p=991 59.7% (6092 of 10203), ETA 0:00:00                              
[00:00:01] ... finding cutoff p=991 60.6% (6186 of 10203), ETA 0:00:00                              
[00:00:01] ... finding cutoff p=991 61.6% (6289 of 10203), ETA 0:00:00                              
[00:00:01] ... finding cutoff p=991 62.6% (6390 of 10203), ETA 0:00:00                              
[00:00:01] ... finding cutoff p=991 63.8% (6505 of 10203), ETA 0:00:00                              
[00:00:01] ... finding cutoff p=991 64.8% (6609 of 10203), ETA 0:00:00                              
[00:00:01] ... finding cutoff p=991 65.8% (6718 of 10203), ETA 0:00:00                              
[00:00:01] ... finding cutoff p=991 66.7% (6805 of 10203), ETA 0:00:00                              
[00:00:01] ... finding cutoff p=991 67.7% (6909 of 10203), ETA 0:00:00                              
[00:00:01] ... finding cutoff p=991 68.7% (7014 of 10203), ETA 0:00:00                              
[00:00:01] ... finding cutoff p=991 69.8% (7125 of 10203), ETA 0:00:00                              
[00:00:01] ... finding cutoff p=991 70.9% (7229 of 10203), ETA 0:00:00                              
[00:00:01] ... finding cutoff p=991 71.7% (7313 of 10203), ETA 0:00:00                              
[00:00:01] ... finding cutoff p=991 72.8% (7424 of 10203), ETA 0:00:00                              
[00:00:01] ... finding cutoff p=991 73.7% (7521 of 10203), ETA 0:00:00                              
[00:00:01] ... finding cutoff p=991 74.8% (7632 of 10203), ETA 0:00:00                              
[00:00:01] ... finding cutoff p=991 75.8% (7732 of 10203), ETA 0:00:00                              
[00:00:01] ... finding cutoff p=991 76.8% (7835 of 10203), ETA 0:00:00                              
[00:00:01] ... finding cutoff p=991 77.8% (7939 of 10203), ETA 0:00:00                              
[00:00:01] ... finding cutoff p=991 78.9% (8047 of 10203), ETA 0:00:00                              
[00:00:01] ... finding cutoff p=991 79.9% (8155 of 10203), ETA 0:00:00                              
[00:00:01] ... finding cutoff p=991 80.9% (8250 of 10203), ETA 0:00:00                              
[00:00:01] ... finding cutoff p=991 81.8% (8347 of 10203), ETA 0:00:00                              
[00:00:01] ... finding cutoff p=991 82.9% (8457 of 10203), ETA 0:00:00                              
[00:00:01] ... finding cutoff p=991 83.9% (8565 of 10203), ETA 0:00:00                              
[00:00:01] ... finding cutoff p=991 84.9% (8663 of 10203), ETA 0:00:00                              
[00:00:01] ... finding cutoff p=991 85.9% (8761 of 10203), ETA 0:00:00                              
[00:00:01] ... finding cutoff p=991 86.9% (8863 of 10203), ETA 0:00:00                              
[00:00:01] ... finding cutoff p=991 87.9% (8967 of 10203), ETA 0:00:00                              
[00:00:01] ... finding cutoff p=991 88.9% (9066 of 10203), ETA 0:00:00                              
[00:00:01] ... finding cutoff p=991 89.9% (9169 of 10203), ETA 0:00:00                              
[00:00:01] ... finding cutoff p=991 90.9% (9271 of 10203), ETA 0:00:00                              
[00:00:01] ... finding cutoff p=991 91.9% (9375 of 10203), ETA 0:00:00                              
[00:00:01] ... finding cutoff p=991 93.0% (9484 of 10203), ETA 0:00:00                              
[00:00:01] ... finding cutoff p=991 93.9% (9581 of 10203), ETA 0:00:00                              
[00:00:01] ... finding cutoff p=991 94.9% (9687 of 10203), ETA 0:00:00                              
[00:00:01] ... finding cutoff p=991 96.0% (9790 of 10203), ETA 0:00:00                              
[00:00:01] ... finding cutoff p=991 96.9% (9890 of 10203), ETA 0:00:00                              
[00:00:01] ... finding cutoff p=991 97.9% (9992 of 10203), ETA 0:00:00                              
[00:00:01] ... finding cutoff p=991 98.9% (10094 of 10203), ETA 0:00:00                              
[00:00:01] ... finding cutoff p=991 99.9% (10197 of 10203), ETA 0:00:00                              
[00:00:01] Preparing TNF Graph Building [pTNF = 99.1; 1289 / 10203 (P = 12.63%) round 4]               
[00:00:01] Finding cutoff p=990 [-97.9Gb / 1007.8Gb]                                                     
[00:00:01] ... finding cutoff p=990 1.7% (173 of 10203), ETA 0:00:00                              
[00:00:01] ... finding cutoff p=990 3.0% (306 of 10203), ETA 0:00:00                              
[00:00:01] ... finding cutoff p=990 4.0% (408 of 10203), ETA 0:00:00                              
[00:00:01] ... finding cutoff p=990 4.9% (500 of 10203), ETA 0:00:00                              
[00:00:01] ... finding cutoff p=990 6.0% (610 of 10203), ETA 0:00:00                              
[00:00:01] ... finding cutoff p=990 7.0% (713 of 10203), ETA 0:00:00                              
[00:00:01] ... finding cutoff p=990 8.0% (816 of 10203), ETA 0:00:00                              
[00:00:01] ... finding cutoff p=990 9.0% (914 of 10203), ETA 0:00:00                              
[00:00:01] ... finding cutoff p=990 9.9% (1008 of 10203), ETA 0:00:00                              
[00:00:01] ... finding cutoff p=990 11.0% (1118 of 10203), ETA 0:00:00                              
[00:00:01] ... finding cutoff p=990 12.0% (1224 of 10203), ETA 0:00:00                              
[00:00:01] ... finding cutoff p=990 13.1% (1338 of 10203), ETA 0:00:00                              
[00:00:01] ... finding cutoff p=990 14.2% (1448 of 10203), ETA 0:00:00                              
[00:00:01] ... finding cutoff p=990 15.5% (1583 of 10203), ETA 0:00:00                              
[00:00:01] ... finding cutoff p=990 16.2% (1655 of 10203), ETA 0:00:00                              
[00:00:01] ... finding cutoff p=990 17.8% (1817 of 10203), ETA 0:00:00                              
[00:00:01] ... finding cutoff p=990 18.9% (1925 of 10203), ETA 0:00:00                              
[00:00:01] ... finding cutoff p=990 19.8% (2021 of 10203), ETA 0:00:00                              
[00:00:01] ... finding cutoff p=990 20.6% (2106 of 10203), ETA 0:00:00                              
[00:00:01] ... finding cutoff p=990 22.3% (2275 of 10203), ETA 0:00:00                              
[00:00:01] ... finding cutoff p=990 23.3% (2376 of 10203), ETA 0:00:00                              
[00:00:01] ... finding cutoff p=990 24.7% (2519 of 10203), ETA 0:00:00                              
[00:00:01] ... finding cutoff p=990 25.7% (2621 of 10203), ETA 0:00:00                              
[00:00:01] ... finding cutoff p=990 26.5% (2701 of 10203), ETA 0:00:00                              
[00:00:01] ... finding cutoff p=990 27.6% (2813 of 10203), ETA 0:00:00                              
[00:00:01] ... finding cutoff p=990 28.8% (2943 of 10203), ETA 0:00:00                              
[00:00:01] ... finding cutoff p=990 29.5% (3008 of 10203), ETA 0:00:00                              
[00:00:01] ... finding cutoff p=990 30.8% (3140 of 10203), ETA 0:00:00                              
[00:00:01] ... finding cutoff p=990 31.5% (3213 of 10203), ETA 0:00:00                              
[00:00:01] ... finding cutoff p=990 32.7% (3338 of 10203), ETA 0:00:00                              
[00:00:01] ... finding cutoff p=990 33.8% (3452 of 10203), ETA 0:00:00                              
[00:00:01] ... finding cutoff p=990 34.5% (3516 of 10203), ETA 0:00:00                              
[00:00:01] ... finding cutoff p=990 35.7% (3644 of 10203), ETA 0:00:00                              
[00:00:01] ... finding cutoff p=990 36.8% (3753 of 10203), ETA 0:00:00                              
[00:00:01] ... finding cutoff p=990 37.4% (3820 of 10203), ETA 0:00:00                              
[00:00:01] ... finding cutoff p=990 38.6% (3935 of 10203), ETA 0:00:00                              
[00:00:01] ... finding cutoff p=990 39.8% (4062 of 10203), ETA 0:00:00                              
[00:00:01] ... finding cutoff p=990 40.4% (4125 of 10203), ETA 0:00:00                              
[00:00:01] ... finding cutoff p=990 41.5% (4235 of 10203), ETA 0:00:00                              
[00:00:01] ... finding cutoff p=990 42.6% (4349 of 10203), ETA 0:00:00                              
[00:00:01] ... finding cutoff p=990 43.9% (4481 of 10203), ETA 0:00:00                              
[00:00:01] ... finding cutoff p=990 44.5% (4537 of 10203), ETA 0:00:00                              
[00:00:01] ... finding cutoff p=990 45.6% (4656 of 10203), ETA 0:00:00                              
[00:00:01] ... finding cutoff p=990 46.9% (4786 of 10203), ETA 0:00:00                              
[00:00:01] ... finding cutoff p=990 47.8% (4881 of 10203), ETA 0:00:00                              
[00:00:01] ... finding cutoff p=990 48.7% (4969 of 10203), ETA 0:00:00                              
[00:00:01] ... finding cutoff p=990 49.6% (5057 of 10203), ETA 0:00:00                              
[00:00:01] ... finding cutoff p=990 50.5% (5153 of 10203), ETA 0:00:00                              
[00:00:01] ... finding cutoff p=990 51.7% (5274 of 10203), ETA 0:00:00                              
[00:00:01] ... finding cutoff p=990 52.7% (5377 of 10203), ETA 0:00:00                              
[00:00:01] ... finding cutoff p=990 53.7% (5476 of 10203), ETA 0:00:00                              
[00:00:01] ... finding cutoff p=990 54.5% (5564 of 10203), ETA 0:00:00                              
[00:00:01] ... finding cutoff p=990 55.8% (5691 of 10203), ETA 0:00:00                              
[00:00:01] ... finding cutoff p=990 56.9% (5801 of 10203), ETA 0:00:00                              
[00:00:01] ... finding cutoff p=990 57.7% (5889 of 10203), ETA 0:00:00                              
[00:00:01] ... finding cutoff p=990 58.8% (5996 of 10203), ETA 0:00:00                              
[00:00:01] ... finding cutoff p=990 59.6% (6078 of 10203), ETA 0:00:00                              
[00:00:01] ... finding cutoff p=990 60.8% (6202 of 10203), ETA 0:00:00                              
[00:00:01] ... finding cutoff p=990 61.8% (6307 of 10203), ETA 0:00:00                              
[00:00:01] ... finding cutoff p=990 62.7% (6402 of 10203), ETA 0:00:00                              
[00:00:01] ... finding cutoff p=990 63.8% (6505 of 10203), ETA 0:00:00                              
[00:00:01] ... finding cutoff p=990 64.6% (6595 of 10203), ETA 0:00:00                              
[00:00:01] ... finding cutoff p=990 65.6% (6696 of 10203), ETA 0:00:00                              
[00:00:01] ... finding cutoff p=990 66.7% (6807 of 10203), ETA 0:00:00                              
[00:00:01] ... finding cutoff p=990 67.9% (6927 of 10203), ETA 0:00:00                              
[00:00:01] ... finding cutoff p=990 68.7% (7009 of 10203), ETA 0:00:00                              
[00:00:01] ... finding cutoff p=990 69.8% (7126 of 10203), ETA 0:00:00                              
[00:00:01] ... finding cutoff p=990 70.9% (7234 of 10203), ETA 0:00:00                              
[00:00:01] ... finding cutoff p=990 71.7% (7318 of 10203), ETA 0:00:00                              
[00:00:01] ... finding cutoff p=990 72.9% (7436 of 10203), ETA 0:00:00                              
[00:00:01] ... finding cutoff p=990 73.9% (7536 of 10203), ETA 0:00:00                              
[00:00:01] ... finding cutoff p=990 74.8% (7631 of 10203), ETA 0:00:00                              
[00:00:01] ... finding cutoff p=990 75.9% (7740 of 10203), ETA 0:00:00                              
[00:00:01] ... finding cutoff p=990 76.8% (7835 of 10203), ETA 0:00:00                              
[00:00:01] ... finding cutoff p=990 77.9% (7944 of 10203), ETA 0:00:00                              
[00:00:01] ... finding cutoff p=990 78.9% (8050 of 10203), ETA 0:00:00                              
[00:00:01] ... finding cutoff p=990 79.9% (8153 of 10203), ETA 0:00:00                              
[00:00:01] ... finding cutoff p=990 80.8% (8247 of 10203), ETA 0:00:00                              
[00:00:01] ... finding cutoff p=990 81.8% (8348 of 10203), ETA 0:00:00                              
[00:00:01] ... finding cutoff p=990 82.8% (8446 of 10203), ETA 0:00:00                              
[00:00:01] ... finding cutoff p=990 83.9% (8558 of 10203), ETA 0:00:00                              
[00:00:01] ... finding cutoff p=990 84.8% (8656 of 10203), ETA 0:00:00                              
[00:00:01] ... finding cutoff p=990 86.0% (8770 of 10203), ETA 0:00:00                              
[00:00:01] ... finding cutoff p=990 86.8% (8858 of 10203), ETA 0:00:00                              
[00:00:01] ... finding cutoff p=990 87.9% (8973 of 10203), ETA 0:00:00                              
[00:00:01] ... finding cutoff p=990 89.0% (9078 of 10203), ETA 0:00:00                              
[00:00:01] ... finding cutoff p=990 89.9% (9168 of 10203), ETA 0:00:00                              
[00:00:01] ... finding cutoff p=990 90.9% (9271 of 10203), ETA 0:00:00                              
[00:00:01] ... finding cutoff p=990 91.9% (9373 of 10203), ETA 0:00:00                              
[00:00:01] ... finding cutoff p=990 92.9% (9479 of 10203), ETA 0:00:00                              
[00:00:01] ... finding cutoff p=990 94.0% (9588 of 10203), ETA 0:00:00                              
[00:00:01] ... finding cutoff p=990 94.9% (9682 of 10203), ETA 0:00:00                              
[00:00:01] ... finding cutoff p=990 95.9% (9789 of 10203), ETA 0:00:00                              
[00:00:01] ... finding cutoff p=990 96.9% (9890 of 10203), ETA 0:00:00                              
[00:00:01] ... finding cutoff p=990 98.0% (9994 of 10203), ETA 0:00:00                              
[00:00:01] ... finding cutoff p=990 98.9% (10094 of 10203), ETA 0:00:00                              
[00:00:01] ... finding cutoff p=990 99.9% (10197 of 10203), ETA 0:00:00                              
[00:00:01] Preparing TNF Graph Building [pTNF = 99.0; 1371 / 10203 (P = 13.44%) round 5]               
[00:00:01] Finding cutoff p=986 [-97.9Gb / 1007.8Gb]                                                     
[00:00:01] ... finding cutoff p=986 1.6% (162 of 10203), ETA 0:00:00                              
[00:00:01] ... finding cutoff p=986 3.7% (376 of 10203), ETA 0:00:00                              
[00:00:01] ... finding cutoff p=986 4.5% (464 of 10203), ETA 0:00:00                              
[00:00:01] ... finding cutoff p=986 5.7% (585 of 10203), ETA 0:00:00                              
[00:00:01] ... finding cutoff p=986 6.7% (687 of 10203), ETA 0:00:00                              
[00:00:01] ... finding cutoff p=986 7.8% (800 of 10203), ETA 0:00:00                              
[00:00:01] ... finding cutoff p=986 8.9% (904 of 10203), ETA 0:00:00                              
[00:00:01] ... finding cutoff p=986 10.0% (1023 of 10203), ETA 0:00:00                              
[00:00:01] ... finding cutoff p=986 11.1% (1128 of 10203), ETA 0:00:00                              
[00:00:01] ... finding cutoff p=986 12.1% (1238 of 10203), ETA 0:00:00                              
[00:00:01] ... finding cutoff p=986 13.2% (1348 of 10203), ETA 0:00:00                              
[00:00:01] ... finding cutoff p=986 14.3% (1455 of 10203), ETA 0:00:00                              
[00:00:01] ... finding cutoff p=986 15.5% (1577 of 10203), ETA 0:00:00                              
[00:00:01] ... finding cutoff p=986 16.4% (1674 of 10203), ETA 0:00:00                              
[00:00:01] ... finding cutoff p=986 17.8% (1813 of 10203), ETA 0:00:00                              
[00:00:01] ... finding cutoff p=986 18.7% (1904 of 10203), ETA 0:00:00                              
[00:00:01] ... finding cutoff p=986 19.4% (1979 of 10203), ETA 0:00:00                              
[00:00:01] ... finding cutoff p=986 20.3% (2073 of 10203), ETA 0:00:00                              
[00:00:01] ... finding cutoff p=986 21.7% (2215 of 10203), ETA 0:00:00                              
[00:00:01] ... finding cutoff p=986 22.4% (2281 of 10203), ETA 0:00:00                              
[00:00:01] ... finding cutoff p=986 23.4% (2384 of 10203), ETA 0:00:00                              
[00:00:01] ... finding cutoff p=986 24.7% (2524 of 10203), ETA 0:00:00                              
[00:00:01] ... finding cutoff p=986 25.5% (2602 of 10203), ETA 0:00:00                              
[00:00:01] ... finding cutoff p=986 26.6% (2719 of 10203), ETA 0:00:00                              
[00:00:01] ... finding cutoff p=986 27.4% (2792 of 10203), ETA 0:00:00                              
[00:00:01] ... finding cutoff p=986 28.5% (2904 of 10203), ETA 0:00:00                              
[00:00:01] ... finding cutoff p=986 29.9% (3047 of 10203), ETA 0:00:00                              
[00:00:01] ... finding cutoff p=986 30.7% (3128 of 10203), ETA 0:00:00                              
[00:00:01] ... finding cutoff p=986 31.4% (3205 of 10203), ETA 0:00:00                              
[00:00:01] ... finding cutoff p=986 32.6% (3326 of 10203), ETA 0:00:00                              
[00:00:01] ... finding cutoff p=986 33.7% (3443 of 10203), ETA 0:00:00                              
[00:00:01] ... finding cutoff p=986 34.4% (3511 of 10203), ETA 0:00:00                              
[00:00:01] ... finding cutoff p=986 35.7% (3639 of 10203), ETA 0:00:00                              
[00:00:01] ... finding cutoff p=986 36.7% (3740 of 10203), ETA 0:00:00                              
[00:00:01] ... finding cutoff p=986 37.8% (3861 of 10203), ETA 0:00:00                              
[00:00:01] ... finding cutoff p=986 38.4% (3918 of 10203), ETA 0:00:00                              
[00:00:01] ... finding cutoff p=986 39.7% (4047 of 10203), ETA 0:00:00                              
[00:00:01] ... finding cutoff p=986 40.4% (4124 of 10203), ETA 0:00:00                              
[00:00:01] ... finding cutoff p=986 41.4% (4226 of 10203), ETA 0:00:00                              
[00:00:01] ... finding cutoff p=986 42.6% (4350 of 10203), ETA 0:00:00                              
[00:00:01] ... finding cutoff p=986 43.9% (4475 of 10203), ETA 0:00:00                              
[00:00:01] ... finding cutoff p=986 45.1% (4602 of 10203), ETA 0:00:00                              
[00:00:01] ... finding cutoff p=986 45.7% (4662 of 10203), ETA 0:00:00                              
[00:00:01] ... finding cutoff p=986 46.8% (4773 of 10203), ETA 0:00:00                              
[00:00:01] ... finding cutoff p=986 47.6% (4861 of 10203), ETA 0:00:00                              
[00:00:01] ... finding cutoff p=986 48.9% (4993 of 10203), ETA 0:00:00                              
[00:00:01] ... finding cutoff p=986 49.6% (5058 of 10203), ETA 0:00:00                              
[00:00:01] ... finding cutoff p=986 50.6% (5158 of 10203), ETA 0:00:00                              
[00:00:01] ... finding cutoff p=986 51.7% (5277 of 10203), ETA 0:00:00                              
[00:00:01] ... finding cutoff p=986 52.7% (5375 of 10203), ETA 0:00:00                              
[00:00:01] ... finding cutoff p=986 53.5% (5461 of 10203), ETA 0:00:00                              
[00:00:01] ... finding cutoff p=986 54.6% (5571 of 10203), ETA 0:00:00                              
[00:00:01] ... finding cutoff p=986 55.5% (5667 of 10203), ETA 0:00:00                              
[00:00:01] ... finding cutoff p=986 56.9% (5801 of 10203), ETA 0:00:00                              
[00:00:01] ... finding cutoff p=986 57.8% (5901 of 10203), ETA 0:00:00                              
[00:00:01] ... finding cutoff p=986 58.7% (5990 of 10203), ETA 0:00:00                              
[00:00:01] ... finding cutoff p=986 59.7% (6089 of 10203), ETA 0:00:00                              
[00:00:01] ... finding cutoff p=986 60.9% (6209 of 10203), ETA 0:00:00                              
[00:00:01] ... finding cutoff p=986 61.9% (6315 of 10203), ETA 0:00:00                              
[00:00:01] ... finding cutoff p=986 62.9% (6414 of 10203), ETA 0:00:00                              
[00:00:01] ... finding cutoff p=986 63.7% (6504 of 10203), ETA 0:00:00                              
[00:00:01] ... finding cutoff p=986 64.8% (6612 of 10203), ETA 0:00:00                              
[00:00:01] ... finding cutoff p=986 65.6% (6695 of 10203), ETA 0:00:00                              
[00:00:01] ... finding cutoff p=986 66.6% (6800 of 10203), ETA 0:00:00                              
[00:00:01] ... finding cutoff p=986 67.7% (6912 of 10203), ETA 0:00:00                              
[00:00:01] ... finding cutoff p=986 68.7% (7011 of 10203), ETA 0:00:00                              
[00:00:01] ... finding cutoff p=986 69.8% (7125 of 10203), ETA 0:00:00                              
[00:00:01] ... finding cutoff p=986 70.9% (7229 of 10203), ETA 0:00:00                              
[00:00:01] ... finding cutoff p=986 71.8% (7328 of 10203), ETA 0:00:00                              
[00:00:01] ... finding cutoff p=986 72.8% (7430 of 10203), ETA 0:00:00                              
[00:00:01] ... finding cutoff p=986 73.9% (7536 of 10203), ETA 0:00:00                              
[00:00:01] ... finding cutoff p=986 74.9% (7638 of 10203), ETA 0:00:00                              
[00:00:01] ... finding cutoff p=986 75.8% (7731 of 10203), ETA 0:00:00                              
[00:00:01] ... finding cutoff p=986 76.9% (7848 of 10203), ETA 0:00:00                              
[00:00:01] ... finding cutoff p=986 77.8% (7939 of 10203), ETA 0:00:00                              
[00:00:01] ... finding cutoff p=986 78.8% (8039 of 10203), ETA 0:00:00                              
[00:00:01] ... finding cutoff p=986 79.8% (8141 of 10203), ETA 0:00:00                              
[00:00:01] ... finding cutoff p=986 80.8% (8242 of 10203), ETA 0:00:00                              
[00:00:01] ... finding cutoff p=986 81.9% (8352 of 10203), ETA 0:00:00                              
[00:00:01] ... finding cutoff p=986 82.8% (8448 of 10203), ETA 0:00:00                              
[00:00:01] ... finding cutoff p=986 83.9% (8561 of 10203), ETA 0:00:00                              
[00:00:01] ... finding cutoff p=986 84.8% (8652 of 10203), ETA 0:00:00                              
[00:00:01] ... finding cutoff p=986 85.8% (8757 of 10203), ETA 0:00:00                              
[00:00:01] ... finding cutoff p=986 86.9% (8870 of 10203), ETA 0:00:00                              
[00:00:01] ... finding cutoff p=986 87.9% (8973 of 10203), ETA 0:00:00                              
[00:00:01] ... finding cutoff p=986 88.9% (9068 of 10203), ETA 0:00:00                              
[00:00:01] ... finding cutoff p=986 89.9% (9172 of 10203), ETA 0:00:00                              
[00:00:01] ... finding cutoff p=986 90.9% (9276 of 10203), ETA 0:00:00                              
[00:00:01] ... finding cutoff p=986 91.9% (9377 of 10203), ETA 0:00:00                              
[00:00:01] ... finding cutoff p=986 92.9% (9481 of 10203), ETA 0:00:00                              
[00:00:01] ... finding cutoff p=986 93.9% (9584 of 10203), ETA 0:00:00                              
[00:00:01] ... finding cutoff p=986 95.0% (9691 of 10203), ETA 0:00:00                              
[00:00:01] ... finding cutoff p=986 96.0% (9791 of 10203), ETA 0:00:00                              
[00:00:01] ... finding cutoff p=986 96.9% (9889 of 10203), ETA 0:00:00                              
[00:00:01] ... finding cutoff p=986 97.9% (9991 of 10203), ETA 0:00:00                              
[00:00:01] ... finding cutoff p=986 98.9% (10094 of 10203), ETA 0:00:00                              
[00:00:01] ... finding cutoff p=986 99.9% (10197 of 10203), ETA 0:00:00                              
[00:00:01] Preparing TNF Graph Building [pTNF = 98.6; 1707 / 10203 (P = 16.73%) round 6]               
[00:00:01] Finding cutoff p=981 [-97.9Gb / 1007.8Gb]                                                     
[00:00:01] ... finding cutoff p=981 1.6% (165 of 10203), ETA 0:00:00                              
[00:00:01] ... finding cutoff p=981 2.8% (284 of 10203), ETA 0:00:00                              
[00:00:01] ... finding cutoff p=981 3.7% (374 of 10203), ETA 0:00:00                              
[00:00:01] ... finding cutoff p=981 4.8% (491 of 10203), ETA 0:00:00                              
[00:00:01] ... finding cutoff p=981 5.7% (581 of 10203), ETA 0:00:00                              
[00:00:01] ... finding cutoff p=981 6.6% (672 of 10203), ETA 0:00:00                              
[00:00:01] ... finding cutoff p=981 7.6% (777 of 10203), ETA 0:00:00                              
[00:00:01] ... finding cutoff p=981 8.5% (870 of 10203), ETA 0:00:00                              
[00:00:01] ... finding cutoff p=981 9.4% (961 of 10203), ETA 0:00:00                              
[00:00:01] ... finding cutoff p=981 10.4% (1061 of 10203), ETA 0:00:00                              
[00:00:01] ... finding cutoff p=981 11.4% (1159 of 10203), ETA 0:00:00                              
[00:00:01] ... finding cutoff p=981 12.5% (1280 of 10203), ETA 0:00:00                              
[00:00:01] ... finding cutoff p=981 13.6% (1389 of 10203), ETA 0:00:00                              
[00:00:01] ... finding cutoff p=981 14.7% (1498 of 10203), ETA 0:00:00                              
[00:00:01] ... finding cutoff p=981 16.1% (1643 of 10203), ETA 0:00:00                              
[00:00:01] ... finding cutoff p=981 16.8% (1712 of 10203), ETA 0:00:00                              
[00:00:01] ... finding cutoff p=981 17.5% (1789 of 10203), ETA 0:00:00                              
[00:00:01] ... finding cutoff p=981 18.3% (1864 of 10203), ETA 0:00:00                              
[00:00:01] ... finding cutoff p=981 19.8% (2018 of 10203), ETA 0:00:00                              
[00:00:01] ... finding cutoff p=981 20.6% (2106 of 10203), ETA 0:00:00                              
[00:00:01] ... finding cutoff p=981 21.4% (2182 of 10203), ETA 0:00:00                              
[00:00:01] ... finding cutoff p=981 22.2% (2269 of 10203), ETA 0:00:00                              
[00:00:01] ... finding cutoff p=981 23.8% (2428 of 10203), ETA 0:00:00                              
[00:00:01] ... finding cutoff p=981 25.6% (2617 of 10203), ETA 0:00:00                              
[00:00:01] ... finding cutoff p=981 26.6% (2711 of 10203), ETA 0:00:00                              
[00:00:01] ... finding cutoff p=981 27.3% (2781 of 10203), ETA 0:00:00                              
[00:00:01] ... finding cutoff p=981 28.6% (2914 of 10203), ETA 0:00:00                              
[00:00:01] ... finding cutoff p=981 29.8% (3039 of 10203), ETA 0:00:00                              
[00:00:01] ... finding cutoff p=981 30.5% (3109 of 10203), ETA 0:00:00                              
[00:00:01] ... finding cutoff p=981 31.3% (3193 of 10203), ETA 0:00:00                              
[00:00:01] ... finding cutoff p=981 32.4% (3306 of 10203), ETA 0:00:00                              
[00:00:01] ... finding cutoff p=981 33.6% (3433 of 10203), ETA 0:00:00                              
[00:00:01] ... finding cutoff p=981 34.3% (3504 of 10203), ETA 0:00:00                              
[00:00:01] ... finding cutoff p=981 35.7% (3645 of 10203), ETA 0:00:00                              
[00:00:01] ... finding cutoff p=981 36.7% (3748 of 10203), ETA 0:00:00                              
[00:00:01] ... finding cutoff p=981 37.8% (3861 of 10203), ETA 0:00:00                              
[00:00:01] ... finding cutoff p=981 38.9% (3966 of 10203), ETA 0:00:00                              
[00:00:01] ... finding cutoff p=981 39.4% (4023 of 10203), ETA 0:00:00                              
[00:00:01] ... finding cutoff p=981 40.5% (4128 of 10203), ETA 0:00:00                              
[00:00:01] ... finding cutoff p=981 41.8% (4261 of 10203), ETA 0:00:00                              
[00:00:01] ... finding cutoff p=981 42.7% (4354 of 10203), ETA 0:00:00                              
[00:00:01] ... finding cutoff p=981 43.5% (4435 of 10203), ETA 0:00:00                              
[00:00:01] ... finding cutoff p=981 44.6% (4552 of 10203), ETA 0:00:00                              
[00:00:01] ... finding cutoff p=981 45.8% (4675 of 10203), ETA 0:00:00                              
[00:00:01] ... finding cutoff p=981 46.4% (4739 of 10203), ETA 0:00:00                              
[00:00:01] ... finding cutoff p=981 47.5% (4846 of 10203), ETA 0:00:00                              
[00:00:01] ... finding cutoff p=981 48.5% (4944 of 10203), ETA 0:00:00                              
[00:00:01] ... finding cutoff p=981 49.6% (5059 of 10203), ETA 0:00:00                              
[00:00:01] ... finding cutoff p=981 50.6% (5163 of 10203), ETA 0:00:00                              
[00:00:01] ... finding cutoff p=981 51.5% (5254 of 10203), ETA 0:00:00                              
[00:00:01] ... finding cutoff p=981 52.7% (5381 of 10203), ETA 0:00:00                              
[00:00:01] ... finding cutoff p=981 53.7% (5484 of 10203), ETA 0:00:00                              
[00:00:01] ... finding cutoff p=981 54.8% (5588 of 10203), ETA 0:00:00                              
[00:00:01] ... finding cutoff p=981 55.8% (5692 of 10203), ETA 0:00:00                              
[00:00:01] ... finding cutoff p=981 56.6% (5772 of 10203), ETA 0:00:00                              
[00:00:01] ... finding cutoff p=981 57.7% (5888 of 10203), ETA 0:00:00                              
[00:00:01] ... finding cutoff p=981 58.8% (5997 of 10203), ETA 0:00:00                              
[00:00:01] ... finding cutoff p=981 59.8% (6103 of 10203), ETA 0:00:00                              
[00:00:01] ... finding cutoff p=981 60.6% (6188 of 10203), ETA 0:00:00                              
[00:00:01] ... finding cutoff p=981 61.7% (6293 of 10203), ETA 0:00:00                              
[00:00:01] ... finding cutoff p=981 62.7% (6397 of 10203), ETA 0:00:00                              
[00:00:01] ... finding cutoff p=981 63.7% (6500 of 10203), ETA 0:00:00                              
[00:00:01] ... finding cutoff p=981 64.6% (6594 of 10203), ETA 0:00:00                              
[00:00:01] ... finding cutoff p=981 65.7% (6706 of 10203), ETA 0:00:00                              
[00:00:01] ... finding cutoff p=981 66.8% (6820 of 10203), ETA 0:00:00                              
[00:00:01] ... finding cutoff p=981 67.7% (6908 of 10203), ETA 0:00:00                              
[00:00:01] ... finding cutoff p=981 68.6% (7004 of 10203), ETA 0:00:00                              
[00:00:01] ... finding cutoff p=981 69.7% (7116 of 10203), ETA 0:00:00                              
[00:00:01] ... finding cutoff p=981 70.8% (7219 of 10203), ETA 0:00:00                              
[00:00:01] ... finding cutoff p=981 71.8% (7326 of 10203), ETA 0:00:00                              
[00:00:01] ... finding cutoff p=981 72.9% (7434 of 10203), ETA 0:00:00                              
[00:00:01] ... finding cutoff p=981 73.9% (7538 of 10203), ETA 0:00:00                              
[00:00:01] ... finding cutoff p=981 74.9% (7641 of 10203), ETA 0:00:00                              
[00:00:01] ... finding cutoff p=981 75.8% (7734 of 10203), ETA 0:00:00                              
[00:00:01] ... finding cutoff p=981 76.8% (7831 of 10203), ETA 0:00:00                              
[00:00:01] ... finding cutoff p=981 77.9% (7946 of 10203), ETA 0:00:00                              
[00:00:01] ... finding cutoff p=981 78.8% (8040 of 10203), ETA 0:00:00                              
[00:00:01] ... finding cutoff p=981 79.8% (8141 of 10203), ETA 0:00:00                              
[00:00:01] ... finding cutoff p=981 80.9% (8254 of 10203), ETA 0:00:00                              
[00:00:01] ... finding cutoff p=981 81.8% (8346 of 10203), ETA 0:00:00                              
[00:00:01] ... finding cutoff p=981 82.8% (8452 of 10203), ETA 0:00:00                              
[00:00:01] ... finding cutoff p=981 83.8% (8552 of 10203), ETA 0:00:00                              
[00:00:01] ... finding cutoff p=981 84.9% (8663 of 10203), ETA 0:00:00                              
[00:00:01] ... finding cutoff p=981 85.9% (8762 of 10203), ETA 0:00:00                              
[00:00:01] ... finding cutoff p=981 86.9% (8866 of 10203), ETA 0:00:00                              
[00:00:01] ... finding cutoff p=981 87.9% (8969 of 10203), ETA 0:00:00                              
[00:00:01] ... finding cutoff p=981 88.9% (9068 of 10203), ETA 0:00:00                              
[00:00:01] ... finding cutoff p=981 89.9% (9175 of 10203), ETA 0:00:00                              
[00:00:01] ... finding cutoff p=981 90.9% (9276 of 10203), ETA 0:00:00                              
[00:00:01] ... finding cutoff p=981 91.9% (9376 of 10203), ETA 0:00:00                              
[00:00:01] ... finding cutoff p=981 92.9% (9480 of 10203), ETA 0:00:00                              
[00:00:01] ... finding cutoff p=981 94.0% (9586 of 10203), ETA 0:00:00                              
[00:00:01] ... finding cutoff p=981 95.0% (9690 of 10203), ETA 0:00:00                              
[00:00:01] ... finding cutoff p=981 95.9% (9787 of 10203), ETA 0:00:00                              
[00:00:01] ... finding cutoff p=981 96.9% (9888 of 10203), ETA 0:00:00                              
[00:00:01] ... finding cutoff p=981 97.9% (9992 of 10203), ETA 0:00:00                              
[00:00:01] ... finding cutoff p=981 98.9% (10094 of 10203), ETA 0:00:00                              
[00:00:01] ... finding cutoff p=981 99.9% (10197 of 10203), ETA 0:00:00                              
[00:00:01] Preparing TNF Graph Building [pTNF = 98.1; 2147 / 10203 (P = 21.04%) round 7]               
[00:00:01] Finding cutoff p=976 [-97.9Gb / 1007.8Gb]                                                     
[00:00:01] ... finding cutoff p=976 1.5% (158 of 10203), ETA 0:00:00                              
[00:00:01] ... finding cutoff p=976 2.7% (274 of 10203), ETA 0:00:00                              
[00:00:01] ... finding cutoff p=976 3.6% (370 of 10203), ETA 0:00:00                              
[00:00:01] ... finding cutoff p=976 4.4% (450 of 10203), ETA 0:00:00                              
[00:00:01] ... finding cutoff p=976 5.3% (539 of 10203), ETA 0:00:00                              
[00:00:01] ... finding cutoff p=976 7.1% (724 of 10203), ETA 0:00:00                              
[00:00:01] ... finding cutoff p=976 9.0% (918 of 10203), ETA 0:00:00                              
[00:00:01] ... finding cutoff p=976 9.9% (1014 of 10203), ETA 0:00:00                              
[00:00:01] ... finding cutoff p=976 11.0% (1124 of 10203), ETA 0:00:00                              
[00:00:01] ... finding cutoff p=976 12.0% (1224 of 10203), ETA 0:00:00                              
[00:00:01] ... finding cutoff p=976 13.0% (1325 of 10203), ETA 0:00:00                              
[00:00:01] ... finding cutoff p=976 13.9% (1421 of 10203), ETA 0:00:00                              
[00:00:01] ... finding cutoff p=976 15.0% (1527 of 10203), ETA 0:00:00                              
[00:00:01] ... finding cutoff p=976 16.2% (1653 of 10203), ETA 0:00:00                              
[00:00:01] ... finding cutoff p=976 17.3% (1762 of 10203), ETA 0:00:00                              
[00:00:01] ... finding cutoff p=976 18.7% (1904 of 10203), ETA 0:00:00                              
[00:00:01] ... finding cutoff p=976 19.4% (1983 of 10203), ETA 0:00:00                              
[00:00:01] ... finding cutoff p=976 20.4% (2077 of 10203), ETA 0:00:00                              
[00:00:01] ... finding cutoff p=976 21.7% (2211 of 10203), ETA 0:00:00                              
[00:00:01] ... finding cutoff p=976 22.7% (2315 of 10203), ETA 0:00:00                              
[00:00:01] ... finding cutoff p=976 23.6% (2412 of 10203), ETA 0:00:00                              
[00:00:01] ... finding cutoff p=976 24.4% (2487 of 10203), ETA 0:00:00                              
[00:00:01] ... finding cutoff p=976 25.7% (2627 of 10203), ETA 0:00:00                              
[00:00:01] ... finding cutoff p=976 26.6% (2714 of 10203), ETA 0:00:00                              
[00:00:01] ... finding cutoff p=976 27.5% (2801 of 10203), ETA 0:00:00                              
[00:00:01] ... finding cutoff p=976 28.4% (2902 of 10203), ETA 0:00:00                              
[00:00:01] ... finding cutoff p=976 29.6% (3022 of 10203), ETA 0:00:00                              
[00:00:01] ... finding cutoff p=976 30.3% (3094 of 10203), ETA 0:00:00                              
[00:00:01] ... finding cutoff p=976 31.6% (3223 of 10203), ETA 0:00:00                              
[00:00:01] ... finding cutoff p=976 32.8% (3351 of 10203), ETA 0:00:00                              
[00:00:01] ... finding cutoff p=976 33.5% (3420 of 10203), ETA 0:00:00                              
[00:00:01] ... finding cutoff p=976 34.8% (3552 of 10203), ETA 0:00:00                              
[00:00:01] ... finding cutoff p=976 35.4% (3611 of 10203), ETA 0:00:00                              
[00:00:01] ... finding cutoff p=976 36.6% (3734 of 10203), ETA 0:00:00                              
[00:00:01] ... finding cutoff p=976 37.7% (3851 of 10203), ETA 0:00:00                              
[00:00:01] ... finding cutoff p=976 38.8% (3956 of 10203), ETA 0:00:00                              
[00:00:01] ... finding cutoff p=976 39.4% (4022 of 10203), ETA 0:00:00                              
[00:00:01] ... finding cutoff p=976 40.4% (4121 of 10203), ETA 0:00:00                              
[00:00:01] ... finding cutoff p=976 41.5% (4232 of 10203), ETA 0:00:00                              
[00:00:01] ... finding cutoff p=976 42.7% (4352 of 10203), ETA 0:00:00                              
[00:00:01] ... finding cutoff p=976 43.9% (4476 of 10203), ETA 0:00:00                              
[00:00:01] ... finding cutoff p=976 44.6% (4550 of 10203), ETA 0:00:00                              
[00:00:01] ... finding cutoff p=976 45.7% (4667 of 10203), ETA 0:00:00                              
[00:00:01] ... finding cutoff p=976 46.7% (4764 of 10203), ETA 0:00:00                              
[00:00:01] ... finding cutoff p=976 47.7% (4868 of 10203), ETA 0:00:00                              
[00:00:01] ... finding cutoff p=976 48.6% (4955 of 10203), ETA 0:00:00                              
[00:00:01] ... finding cutoff p=976 49.6% (5058 of 10203), ETA 0:00:00                              
[00:00:01] ... finding cutoff p=976 50.6% (5167 of 10203), ETA 0:00:00                              
[00:00:01] ... finding cutoff p=976 51.6% (5265 of 10203), ETA 0:00:00                              
[00:00:01] ... finding cutoff p=976 52.5% (5359 of 10203), ETA 0:00:00                              
[00:00:01] ... finding cutoff p=976 53.7% (5482 of 10203), ETA 0:00:00                              
[00:00:01] ... finding cutoff p=976 54.8% (5587 of 10203), ETA 0:00:00                              
[00:00:01] ... finding cutoff p=976 55.6% (5674 of 10203), ETA 0:00:00                              
[00:00:01] ... finding cutoff p=976 56.9% (5804 of 10203), ETA 0:00:00                              
[00:00:01] ... finding cutoff p=976 57.8% (5901 of 10203), ETA 0:00:00                              
[00:00:01] ... finding cutoff p=976 58.8% (6000 of 10203), ETA 0:00:00                              
[00:00:01] ... finding cutoff p=976 59.8% (6099 of 10203), ETA 0:00:00                              
[00:00:01] ... finding cutoff p=976 60.7% (6193 of 10203), ETA 0:00:00                              
[00:00:01] ... finding cutoff p=976 61.7% (6295 of 10203), ETA 0:00:00                              
[00:00:01] ... finding cutoff p=976 62.6% (6389 of 10203), ETA 0:00:00                              
[00:00:01] ... finding cutoff p=976 63.7% (6500 of 10203), ETA 0:00:00                              
[00:00:01] ... finding cutoff p=976 64.6% (6594 of 10203), ETA 0:00:00                              
[00:00:01] ... finding cutoff p=976 65.7% (6699 of 10203), ETA 0:00:00                              
[00:00:01] ... finding cutoff p=976 66.8% (6812 of 10203), ETA 0:00:00                              
[00:00:01] ... finding cutoff p=976 67.8% (6917 of 10203), ETA 0:00:00                              
[00:00:01] ... finding cutoff p=976 68.9% (7025 of 10203), ETA 0:00:00                              
[00:00:01] ... finding cutoff p=976 69.9% (7129 of 10203), ETA 0:00:00                              
[00:00:01] ... finding cutoff p=976 70.9% (7235 of 10203), ETA 0:00:00                              
[00:00:01] ... finding cutoff p=976 71.7% (7319 of 10203), ETA 0:00:00                              
[00:00:01] ... finding cutoff p=976 72.7% (7420 of 10203), ETA 0:00:00                              
[00:00:01] ... finding cutoff p=976 73.8% (7528 of 10203), ETA 0:00:00                              
[00:00:01] ... finding cutoff p=976 74.8% (7634 of 10203), ETA 0:00:00                              
[00:00:01] ... finding cutoff p=976 75.7% (7728 of 10203), ETA 0:00:00                              
[00:00:01] ... finding cutoff p=976 76.9% (7846 of 10203), ETA 0:00:00                              
[00:00:01] ... finding cutoff p=976 77.8% (7938 of 10203), ETA 0:00:00                              
[00:00:01] ... finding cutoff p=976 78.8% (8043 of 10203), ETA 0:00:00                              
[00:00:01] ... finding cutoff p=976 79.9% (8148 of 10203), ETA 0:00:00                              
[00:00:01] ... finding cutoff p=976 80.8% (8245 of 10203), ETA 0:00:00                              
[00:00:01] ... finding cutoff p=976 81.8% (8351 of 10203), ETA 0:00:00                              
[00:00:01] ... finding cutoff p=976 82.8% (8447 of 10203), ETA 0:00:00                              
[00:00:01] ... finding cutoff p=976 83.9% (8560 of 10203), ETA 0:00:00                              
[00:00:01] ... finding cutoff p=976 84.8% (8655 of 10203), ETA 0:00:00                              
[00:00:01] ... finding cutoff p=976 85.9% (8760 of 10203), ETA 0:00:00                              
[00:00:01] ... finding cutoff p=976 86.9% (8863 of 10203), ETA 0:00:00                              
[00:00:01] ... finding cutoff p=976 87.8% (8963 of 10203), ETA 0:00:00                              
[00:00:01] ... finding cutoff p=976 88.9% (9066 of 10203), ETA 0:00:00                              
[00:00:01] ... finding cutoff p=976 89.9% (9170 of 10203), ETA 0:00:00                              
[00:00:01] ... finding cutoff p=976 90.9% (9271 of 10203), ETA 0:00:00                              
[00:00:01] ... finding cutoff p=976 92.0% (9383 of 10203), ETA 0:00:00                              
[00:00:01] ... finding cutoff p=976 93.0% (9486 of 10203), ETA 0:00:00                              
[00:00:01] ... finding cutoff p=976 93.9% (9579 of 10203), ETA 0:00:00                              
[00:00:01] ... finding cutoff p=976 94.9% (9684 of 10203), ETA 0:00:00                              
[00:00:01] ... finding cutoff p=976 95.9% (9788 of 10203), ETA 0:00:00                              
[00:00:01] ... finding cutoff p=976 96.9% (9891 of 10203), ETA 0:00:00                              
[00:00:01] ... finding cutoff p=976 97.9% (9992 of 10203), ETA 0:00:00                              
[00:00:01] ... finding cutoff p=976 98.9% (10095 of 10203), ETA 0:00:00                              
[00:00:01] ... finding cutoff p=976 99.9% (10197 of 10203), ETA 0:00:00                              
[00:00:01] Preparing TNF Graph Building [pTNF = 97.6; 2555 / 10203 (P = 25.04%) round 8]               
[00:00:01] Finding cutoff p=973 [-97.9Gb / 1007.8Gb]                                                     
[00:00:01] ... finding cutoff p=973 1.5% (155 of 10203), ETA 0:00:00                              
[00:00:01] ... finding cutoff p=973 2.6% (270 of 10203), ETA 0:00:00                              
[00:00:01] ... finding cutoff p=973 3.4% (352 of 10203), ETA 0:00:00                              
[00:00:01] ... finding cutoff p=973 4.3% (439 of 10203), ETA 0:00:00                              
[00:00:01] ... finding cutoff p=973 5.2% (527 of 10203), ETA 0:00:00                              
[00:00:01] ... finding cutoff p=973 6.6% (671 of 10203), ETA 0:00:00                              
[00:00:01] ... finding cutoff p=973 7.7% (785 of 10203), ETA 0:00:00                              
[00:00:01] ... finding cutoff p=973 8.6% (878 of 10203), ETA 0:00:00                              
[00:00:01] ... finding cutoff p=973 9.4% (963 of 10203), ETA 0:00:00                              
[00:00:01] ... finding cutoff p=973 10.4% (1060 of 10203), ETA 0:00:00                              
[00:00:01] ... finding cutoff p=973 11.2% (1143 of 10203), ETA 0:00:00                              
[00:00:01] ... finding cutoff p=973 12.2% (1241 of 10203), ETA 0:00:00                              
[00:00:01] ... finding cutoff p=973 13.4% (1368 of 10203), ETA 0:00:00                              
[00:00:01] ... finding cutoff p=973 14.6% (1486 of 10203), ETA 0:00:00                              
[00:00:01] ... finding cutoff p=973 15.8% (1610 of 10203), ETA 0:00:00                              
[00:00:01] ... finding cutoff p=973 16.9% (1724 of 10203), ETA 0:00:00                              
[00:00:01] ... finding cutoff p=973 17.5% (1789 of 10203), ETA 0:00:00                              
[00:00:01] ... finding cutoff p=973 18.2% (1860 of 10203), ETA 0:00:00                              
[00:00:01] ... finding cutoff p=973 19.6% (2000 of 10203), ETA 0:00:00                              
[00:00:01] ... finding cutoff p=973 20.3% (2069 of 10203), ETA 0:00:00                              
[00:00:01] ... finding cutoff p=973 21.6% (2199 of 10203), ETA 0:00:00                              
[00:00:01] ... finding cutoff p=973 22.5% (2300 of 10203), ETA 0:00:00                              
[00:00:01] ... finding cutoff p=973 23.3% (2380 of 10203), ETA 0:00:00                              
[00:00:01] ... finding cutoff p=973 24.2% (2473 of 10203), ETA 0:00:00                              
[00:00:01] ... finding cutoff p=973 25.6% (2613 of 10203), ETA 0:00:00                              
[00:00:01] ... finding cutoff p=973 26.6% (2709 of 10203), ETA 0:00:00                              
[00:00:01] ... finding cutoff p=973 27.5% (2803 of 10203), ETA 0:00:00                              
[00:00:01] ... finding cutoff p=973 28.8% (2935 of 10203), ETA 0:00:00                              
[00:00:01] ... finding cutoff p=973 29.5% (3007 of 10203), ETA 0:00:00                              
[00:00:01] ... finding cutoff p=973 30.6% (3121 of 10203), ETA 0:00:00                              
[00:00:01] ... finding cutoff p=973 31.3% (3194 of 10203), ETA 0:00:00                              
[00:00:01] ... finding cutoff p=973 32.5% (3314 of 10203), ETA 0:00:00                              
[00:00:01] ... finding cutoff p=973 33.9% (3455 of 10203), ETA 0:00:00                              
[00:00:01] ... finding cutoff p=973 34.4% (3511 of 10203), ETA 0:00:00                              
[00:00:01] ... finding cutoff p=973 35.6% (3630 of 10203), ETA 0:00:00                              
[00:00:01] ... finding cutoff p=973 36.9% (3765 of 10203), ETA 0:00:00                              
[00:00:01] ... finding cutoff p=973 37.6% (3837 of 10203), ETA 0:00:00                              
[00:00:01] ... finding cutoff p=973 38.7% (3944 of 10203), ETA 0:00:00                              
[00:00:01] ... finding cutoff p=973 39.7% (4047 of 10203), ETA 0:00:00                              
[00:00:01] ... finding cutoff p=973 40.4% (4123 of 10203), ETA 0:00:00                              
[00:00:01] ... finding cutoff p=973 41.4% (4223 of 10203), ETA 0:00:00                              
[00:00:01] ... finding cutoff p=973 42.4% (4331 of 10203), ETA 0:00:00                              
[00:00:01] ... finding cutoff p=973 43.7% (4459 of 10203), ETA 0:00:00                              
[00:00:01] ... finding cutoff p=973 44.9% (4585 of 10203), ETA 0:00:00                              
[00:00:01] ... finding cutoff p=973 45.5% (4642 of 10203), ETA 0:00:00                              
[00:00:01] ... finding cutoff p=973 46.5% (4746 of 10203), ETA 0:00:00                              
[00:00:01] ... finding cutoff p=973 47.5% (4846 of 10203), ETA 0:00:00                              
[00:00:01] ... finding cutoff p=973 48.5% (4948 of 10203), ETA 0:00:00                              
[00:00:01] ... finding cutoff p=973 49.6% (5060 of 10203), ETA 0:00:00                              
[00:00:01] ... finding cutoff p=973 50.7% (5177 of 10203), ETA 0:00:00                              
[00:00:01] ... finding cutoff p=973 51.7% (5274 of 10203), ETA 0:00:00                              
[00:00:01] ... finding cutoff p=973 52.6% (5371 of 10203), ETA 0:00:00                              
[00:00:01] ... finding cutoff p=973 53.6% (5467 of 10203), ETA 0:00:00                              
[00:00:01] ... finding cutoff p=973 54.6% (5571 of 10203), ETA 0:00:00                              
[00:00:01] ... finding cutoff p=973 55.5% (5665 of 10203), ETA 0:00:00                              
[00:00:01] ... finding cutoff p=973 56.7% (5785 of 10203), ETA 0:00:00                              
[00:00:01] ... finding cutoff p=973 57.7% (5886 of 10203), ETA 0:00:00                              
[00:00:01] ... finding cutoff p=973 58.6% (5983 of 10203), ETA 0:00:00                              
[00:00:01] ... finding cutoff p=973 59.8% (6102 of 10203), ETA 0:00:00                              
[00:00:01] ... finding cutoff p=973 60.8% (6207 of 10203), ETA 0:00:00                              
[00:00:01] ... finding cutoff p=973 61.7% (6292 of 10203), ETA 0:00:00                              
[00:00:01] ... finding cutoff p=973 62.8% (6406 of 10203), ETA 0:00:00                              
[00:00:01] ... finding cutoff p=973 63.8% (6513 of 10203), ETA 0:00:00                              
[00:00:01] ... finding cutoff p=973 64.7% (6604 of 10203), ETA 0:00:00                              
[00:00:01] ... finding cutoff p=973 65.8% (6712 of 10203), ETA 0:00:00                              
[00:00:01] ... finding cutoff p=973 66.6% (6799 of 10203), ETA 0:00:00                              
[00:00:01] ... finding cutoff p=973 67.7% (6907 of 10203), ETA 0:00:00                              
[00:00:01] ... finding cutoff p=973 68.8% (7016 of 10203), ETA 0:00:00                              
[00:00:01] ... finding cutoff p=973 69.8% (7124 of 10203), ETA 0:00:00                              
[00:00:01] ... finding cutoff p=973 70.8% (7224 of 10203), ETA 0:00:00                              
[00:00:01] ... finding cutoff p=973 71.9% (7336 of 10203), ETA 0:00:00                              
[00:00:01] ... finding cutoff p=973 72.9% (7443 of 10203), ETA 0:00:00                              
[00:00:01] ... finding cutoff p=973 73.7% (7521 of 10203), ETA 0:00:00                              
[00:00:01] ... finding cutoff p=973 74.8% (7632 of 10203), ETA 0:00:00                              
[00:00:01] ... finding cutoff p=973 75.8% (7729 of 10203), ETA 0:00:00                              
[00:00:01] ... finding cutoff p=973 76.8% (7831 of 10203), ETA 0:00:00                              
[00:00:01] ... finding cutoff p=973 77.9% (7944 of 10203), ETA 0:00:00                              
[00:00:01] ... finding cutoff p=973 78.9% (8052 of 10203), ETA 0:00:00                              
[00:00:01] ... finding cutoff p=973 79.8% (8143 of 10203), ETA 0:00:00                              
[00:00:01] ... finding cutoff p=973 80.8% (8246 of 10203), ETA 0:00:00                              
[00:00:01] ... finding cutoff p=973 81.9% (8356 of 10203), ETA 0:00:00                              
[00:00:01] ... finding cutoff p=973 82.8% (8448 of 10203), ETA 0:00:00                              
[00:00:01] ... finding cutoff p=973 83.9% (8560 of 10203), ETA 0:00:00                              
[00:00:01] ... finding cutoff p=973 84.8% (8656 of 10203), ETA 0:00:00                              
[00:00:01] ... finding cutoff p=973 85.8% (8758 of 10203), ETA 0:00:00                              
[00:00:01] ... finding cutoff p=973 86.9% (8863 of 10203), ETA 0:00:00                              
[00:00:01] ... finding cutoff p=973 87.8% (8962 of 10203), ETA 0:00:00                              
[00:00:01] ... finding cutoff p=973 88.9% (9073 of 10203), ETA 0:00:00                              
[00:00:01] ... finding cutoff p=973 89.8% (9167 of 10203), ETA 0:00:00                              
[00:00:01] ... finding cutoff p=973 91.0% (9281 of 10203), ETA 0:00:00                              
[00:00:01] ... finding cutoff p=973 91.9% (9380 of 10203), ETA 0:00:00                              
[00:00:01] ... finding cutoff p=973 92.9% (9478 of 10203), ETA 0:00:00                              
[00:00:01] ... finding cutoff p=973 93.9% (9584 of 10203), ETA 0:00:00                              
[00:00:01] ... finding cutoff p=973 94.9% (9686 of 10203), ETA 0:00:00                              
[00:00:01] ... finding cutoff p=973 95.9% (9787 of 10203), ETA 0:00:00                              
[00:00:01] ... finding cutoff p=973 96.9% (9889 of 10203), ETA 0:00:00                              
[00:00:01] ... finding cutoff p=973 97.9% (9991 of 10203), ETA 0:00:00                              
[00:00:01] ... finding cutoff p=973 98.9% (10094 of 10203), ETA 0:00:00                              
[00:00:01] ... finding cutoff p=973 99.9% (10197 of 10203), ETA 0:00:00                              
[00:00:01] Preparing TNF Graph Building [pTNF = 97.3; 2812 / 10203 (P = 27.56%) round 9]               
[00:00:01] Finding cutoff p=969 [-97.9Gb / 1007.8Gb]                                                     
[00:00:01] ... finding cutoff p=969 1.5% (150 of 10203), ETA 0:00:00                              
[00:00:01] ... finding cutoff p=969 2.6% (270 of 10203), ETA 0:00:00                              
[00:00:01] ... finding cutoff p=969 3.6% (371 of 10203), ETA 0:00:00                              
[00:00:01] ... finding cutoff p=969 4.7% (476 of 10203), ETA 0:00:00                              
[00:00:01] ... finding cutoff p=969 5.5% (562 of 10203), ETA 0:00:00                              
[00:00:01] ... finding cutoff p=969 6.5% (668 of 10203), ETA 0:00:00                              
[00:00:01] ... finding cutoff p=969 7.5% (761 of 10203), ETA 0:00:00                              
[00:00:01] ... finding cutoff p=969 8.2% (841 of 10203), ETA 0:00:00                              
[00:00:01] ... finding cutoff p=969 10.2% (1043 of 10203), ETA 0:00:00                              
[00:00:01] ... finding cutoff p=969 11.3% (1152 of 10203), ETA 0:00:00                              
[00:00:01] ... finding cutoff p=969 12.2% (1249 of 10203), ETA 0:00:00                              
[00:00:01] ... finding cutoff p=969 13.2% (1348 of 10203), ETA 0:00:00                              
[00:00:01] ... finding cutoff p=969 14.3% (1460 of 10203), ETA 0:00:00                              
[00:00:01] ... finding cutoff p=969 15.3% (1566 of 10203), ETA 0:00:00                              
[00:00:01] ... finding cutoff p=969 16.6% (1691 of 10203), ETA 0:00:00                              
[00:00:01] ... finding cutoff p=969 17.3% (1769 of 10203), ETA 0:00:00                              
[00:00:01] ... finding cutoff p=969 18.6% (1896 of 10203), ETA 0:00:00                              
[00:00:01] ... finding cutoff p=969 19.4% (1981 of 10203), ETA 0:00:00                              
[00:00:01] ... finding cutoff p=969 20.2% (2064 of 10203), ETA 0:00:00                              
[00:00:01] ... finding cutoff p=969 21.5% (2196 of 10203), ETA 0:00:00                              
[00:00:01] ... finding cutoff p=969 22.3% (2276 of 10203), ETA 0:00:00                              
[00:00:01] ... finding cutoff p=969 23.3% (2376 of 10203), ETA 0:00:00                              
[00:00:01] ... finding cutoff p=969 24.4% (2486 of 10203), ETA 0:00:00                              
[00:00:01] ... finding cutoff p=969 25.3% (2582 of 10203), ETA 0:00:00                              
[00:00:01] ... finding cutoff p=969 26.6% (2710 of 10203), ETA 0:00:00                              
[00:00:01] ... finding cutoff p=969 27.4% (2794 of 10203), ETA 0:00:00                              
[00:00:01] ... finding cutoff p=969 28.6% (2914 of 10203), ETA 0:00:00                              
[00:00:01] ... finding cutoff p=969 29.8% (3036 of 10203), ETA 0:00:00                              
[00:00:01] ... finding cutoff p=969 30.5% (3113 of 10203), ETA 0:00:00                              
[00:00:01] ... finding cutoff p=969 31.3% (3198 of 10203), ETA 0:00:00                              
[00:00:01] ... finding cutoff p=969 32.5% (3311 of 10203), ETA 0:00:00                              
[00:00:01] ... finding cutoff p=969 33.7% (3443 of 10203), ETA 0:00:00                              
[00:00:01] ... finding cutoff p=969 34.3% (3504 of 10203), ETA 0:00:00                              
[00:00:01] ... finding cutoff p=969 35.5% (3624 of 10203), ETA 0:00:00                              
[00:00:01] ... finding cutoff p=969 36.7% (3748 of 10203), ETA 0:00:00                              
[00:00:01] ... finding cutoff p=969 37.9% (3872 of 10203), ETA 0:00:00                              
[00:00:01] ... finding cutoff p=969 38.5% (3926 of 10203), ETA 0:00:00                              
[00:00:01] ... finding cutoff p=969 39.5% (4029 of 10203), ETA 0:00:00                              
[00:00:01] ... finding cutoff p=969 40.6% (4143 of 10203), ETA 0:00:00                              
[00:00:01] ... finding cutoff p=969 41.9% (4270 of 10203), ETA 0:00:00                              
[00:00:01] ... finding cutoff p=969 42.4% (4327 of 10203), ETA 0:00:00                              
[00:00:01] ... finding cutoff p=969 43.7% (4458 of 10203), ETA 0:00:00                              
[00:00:01] ... finding cutoff p=969 44.4% (4535 of 10203), ETA 0:00:00                              
[00:00:01] ... finding cutoff p=969 45.5% (4644 of 10203), ETA 0:00:00                              
[00:00:01] ... finding cutoff p=969 46.5% (4745 of 10203), ETA 0:00:00                              
[00:00:01] ... finding cutoff p=969 47.6% (4857 of 10203), ETA 0:00:00                              
[00:00:01] ... finding cutoff p=969 48.7% (4964 of 10203), ETA 0:00:00                              
[00:00:01] ... finding cutoff p=969 49.6% (5064 of 10203), ETA 0:00:00                              
[00:00:01] ... finding cutoff p=969 50.7% (5176 of 10203), ETA 0:00:00                              
[00:00:01] ... finding cutoff p=969 51.9% (5299 of 10203), ETA 0:00:00                              
[00:00:01] ... finding cutoff p=969 52.6% (5363 of 10203), ETA 0:00:00                              
[00:00:01] ... finding cutoff p=969 53.7% (5484 of 10203), ETA 0:00:00                              
[00:00:01] ... finding cutoff p=969 54.8% (5587 of 10203), ETA 0:00:00                              
[00:00:01] ... finding cutoff p=969 55.7% (5678 of 10203), ETA 0:00:00                              
[00:00:01] ... finding cutoff p=969 56.7% (5784 of 10203), ETA 0:00:00                              
[00:00:01] ... finding cutoff p=969 57.6% (5882 of 10203), ETA 0:00:00                              
[00:00:01] ... finding cutoff p=969 58.8% (6003 of 10203), ETA 0:00:00                              
[00:00:01] ... finding cutoff p=969 59.9% (6108 of 10203), ETA 0:00:00                              
[00:00:01] ... finding cutoff p=969 60.8% (6203 of 10203), ETA 0:00:00                              
[00:00:01] ... finding cutoff p=969 61.7% (6298 of 10203), ETA 0:00:00                              
[00:00:01] ... finding cutoff p=969 62.7% (6400 of 10203), ETA 0:00:00                              
[00:00:01] ... finding cutoff p=969 63.7% (6497 of 10203), ETA 0:00:00                              
[00:00:01] ... finding cutoff p=969 64.8% (6615 of 10203), ETA 0:00:00                              
[00:00:01] ... finding cutoff p=969 65.9% (6720 of 10203), ETA 0:00:00                              
[00:00:01] ... finding cutoff p=969 66.8% (6812 of 10203), ETA 0:00:00                              
[00:00:01] ... finding cutoff p=969 67.7% (6905 of 10203), ETA 0:00:00                              
[00:00:01] ... finding cutoff p=969 68.7% (7014 of 10203), ETA 0:00:00                              
[00:00:01] ... finding cutoff p=969 69.8% (7122 of 10203), ETA 0:00:00                              
[00:00:01] ... finding cutoff p=969 70.7% (7218 of 10203), ETA 0:00:00                              
[00:00:01] ... finding cutoff p=969 71.8% (7326 of 10203), ETA 0:00:00                              
[00:00:01] ... finding cutoff p=969 72.8% (7429 of 10203), ETA 0:00:00                              
[00:00:01] ... finding cutoff p=969 73.8% (7528 of 10203), ETA 0:00:00                              
[00:00:01] ... finding cutoff p=969 74.8% (7631 of 10203), ETA 0:00:00                              
[00:00:01] ... finding cutoff p=969 75.9% (7743 of 10203), ETA 0:00:00                              
[00:00:01] ... finding cutoff p=969 76.8% (7839 of 10203), ETA 0:00:00                              
[00:00:01] ... finding cutoff p=969 77.9% (7950 of 10203), ETA 0:00:00                              
[00:00:01] ... finding cutoff p=969 78.8% (8038 of 10203), ETA 0:00:00                              
[00:00:01] ... finding cutoff p=969 79.8% (8139 of 10203), ETA 0:00:00                              
[00:00:01] ... finding cutoff p=969 80.8% (8248 of 10203), ETA 0:00:00                              
[00:00:01] ... finding cutoff p=969 81.9% (8355 of 10203), ETA 0:00:00                              
[00:00:01] ... finding cutoff p=969 82.8% (8451 of 10203), ETA 0:00:00                              
[00:00:01] ... finding cutoff p=969 83.9% (8562 of 10203), ETA 0:00:00                              
[00:00:01] ... finding cutoff p=969 84.9% (8665 of 10203), ETA 0:00:00                              
[00:00:01] ... finding cutoff p=969 85.9% (8763 of 10203), ETA 0:00:00                              
[00:00:01] ... finding cutoff p=969 86.9% (8866 of 10203), ETA 0:00:00                              
[00:00:01] ... finding cutoff p=969 87.9% (8973 of 10203), ETA 0:00:00                              
[00:00:01] ... finding cutoff p=969 88.9% (9068 of 10203), ETA 0:00:00                              
[00:00:01] ... finding cutoff p=969 89.9% (9172 of 10203), ETA 0:00:00                              
[00:00:01] ... finding cutoff p=969 90.9% (9279 of 10203), ETA 0:00:00                              
[00:00:01] ... finding cutoff p=969 91.9% (9380 of 10203), ETA 0:00:00                              
[00:00:01] ... finding cutoff p=969 92.9% (9479 of 10203), ETA 0:00:00                              
[00:00:01] ... finding cutoff p=969 93.9% (9583 of 10203), ETA 0:00:00                              
[00:00:01] ... finding cutoff p=969 94.9% (9685 of 10203), ETA 0:00:00                              
[00:00:01] ... finding cutoff p=969 95.9% (9785 of 10203), ETA 0:00:00                              
[00:00:01] ... finding cutoff p=969 96.9% (9888 of 10203), ETA 0:00:00                              
[00:00:01] ... finding cutoff p=969 97.9% (9991 of 10203), ETA 0:00:00                              
[00:00:01] ... finding cutoff p=969 98.9% (10094 of 10203), ETA 0:00:00                              
[00:00:01] ... finding cutoff p=969 99.9% (10197 of 10203), ETA 0:00:00                              
[00:00:01] Preparing TNF Graph Building [pTNF = 96.9; 3126 / 10203 (P = 30.64%) round 10]               
[00:00:01] Finding cutoff p=965 [-97.9Gb / 1007.8Gb]                                                     
[00:00:01] ... finding cutoff p=965 1.3% (136 of 10203), ETA 0:00:00                              
[00:00:01] ... finding cutoff p=965 2.4% (245 of 10203), ETA 0:00:00                              
[00:00:01] ... finding cutoff p=965 3.4% (342 of 10203), ETA 0:00:00                              
[00:00:01] ... finding cutoff p=965 4.1% (416 of 10203), ETA 0:00:00                              
[00:00:01] ... finding cutoff p=965 5.9% (600 of 10203), ETA 0:00:00                              
[00:00:01] ... finding cutoff p=965 7.0% (716 of 10203), ETA 0:00:00                              
[00:00:01] ... finding cutoff p=965 8.0% (816 of 10203), ETA 0:00:00                              
[00:00:01] ... finding cutoff p=965 9.0% (917 of 10203), ETA 0:00:00                              
[00:00:01] ... finding cutoff p=965 9.8% (1003 of 10203), ETA 0:00:00                              
[00:00:01] ... finding cutoff p=965 10.8% (1104 of 10203), ETA 0:00:00                              
[00:00:01] ... finding cutoff p=965 11.8% (1200 of 10203), ETA 0:00:00                              
[00:00:01] ... finding cutoff p=965 12.8% (1306 of 10203), ETA 0:00:00                              
[00:00:01] ... finding cutoff p=965 13.7% (1396 of 10203), ETA 0:00:00                              
[00:00:01] ... finding cutoff p=965 14.6% (1491 of 10203), ETA 0:00:00                              
[00:00:01] ... finding cutoff p=965 15.7% (1599 of 10203), ETA 0:00:00                              
[00:00:01] ... finding cutoff p=965 16.9% (1725 of 10203), ETA 0:00:00                              
[00:00:01] ... finding cutoff p=965 17.6% (1799 of 10203), ETA 0:00:00                              
[00:00:01] ... finding cutoff p=965 18.4% (1873 of 10203), ETA 0:00:00                              
[00:00:01] ... finding cutoff p=965 19.8% (2016 of 10203), ETA 0:00:00                              
[00:00:01] ... finding cutoff p=965 20.6% (2100 of 10203), ETA 0:00:00                              
[00:00:01] ... finding cutoff p=965 21.5% (2191 of 10203), ETA 0:00:00                              
[00:00:01] ... finding cutoff p=965 22.8% (2322 of 10203), ETA 0:00:00                              
[00:00:01] ... finding cutoff p=965 23.8% (2430 of 10203), ETA 0:00:00                              
[00:00:01] ... finding cutoff p=965 24.4% (2492 of 10203), ETA 0:00:00                              
[00:00:01] ... finding cutoff p=965 26.0% (2655 of 10203), ETA 0:00:00                              
[00:00:01] ... finding cutoff p=965 27.2% (2771 of 10203), ETA 0:00:00                              
[00:00:01] ... finding cutoff p=965 27.9% (2849 of 10203), ETA 0:00:00                              
[00:00:01] ... finding cutoff p=965 28.5% (2909 of 10203), ETA 0:00:00                              
[00:00:01] ... finding cutoff p=965 29.5% (3010 of 10203), ETA 0:00:00                              
[00:00:01] ... finding cutoff p=965 30.9% (3155 of 10203), ETA 0:00:00                              
[00:00:01] ... finding cutoff p=965 31.6% (3226 of 10203), ETA 0:00:00                              
[00:00:01] ... finding cutoff p=965 32.3% (3299 of 10203), ETA 0:00:00                              
[00:00:01] ... finding cutoff p=965 33.4% (3403 of 10203), ETA 0:00:00                              
[00:00:01] ... finding cutoff p=965 34.6% (3527 of 10203), ETA 0:00:00                              
[00:00:01] ... finding cutoff p=965 35.9% (3660 of 10203), ETA 0:00:00                              
[00:00:01] ... finding cutoff p=965 36.5% (3726 of 10203), ETA 0:00:00                              
[00:00:01] ... finding cutoff p=965 37.6% (3841 of 10203), ETA 0:00:00                              
[00:00:01] ... finding cutoff p=965 38.6% (3942 of 10203), ETA 0:00:00                              
[00:00:01] ... finding cutoff p=965 39.8% (4058 of 10203), ETA 0:00:00                              
[00:00:01] ... finding cutoff p=965 41.0% (4179 of 10203), ETA 0:00:00                              
[00:00:01] ... finding cutoff p=965 41.5% (4230 of 10203), ETA 0:00:00                              
[00:00:01] ... finding cutoff p=965 42.4% (4329 of 10203), ETA 0:00:00                              
[00:00:01] ... finding cutoff p=965 43.5% (4438 of 10203), ETA 0:00:00                              
[00:00:01] ... finding cutoff p=965 44.8% (4573 of 10203), ETA 0:00:00                              
[00:00:01] ... finding cutoff p=965 45.5% (4642 of 10203), ETA 0:00:00                              
[00:00:01] ... finding cutoff p=965 46.5% (4743 of 10203), ETA 0:00:00                              
[00:00:01] ... finding cutoff p=965 47.6% (4854 of 10203), ETA 0:00:00                              
[00:00:01] ... finding cutoff p=965 48.8% (4979 of 10203), ETA 0:00:00                              
[00:00:01] ... finding cutoff p=965 49.8% (5080 of 10203), ETA 0:00:00                              
[00:00:01] ... finding cutoff p=965 50.9% (5191 of 10203), ETA 0:00:00                              
[00:00:01] ... finding cutoff p=965 51.5% (5253 of 10203), ETA 0:00:00                              
[00:00:01] ... finding cutoff p=965 52.7% (5372 of 10203), ETA 0:00:00                              
[00:00:01] ... finding cutoff p=965 53.6% (5470 of 10203), ETA 0:00:00                              
[00:00:01] ... finding cutoff p=965 54.6% (5570 of 10203), ETA 0:00:00                              
[00:00:01] ... finding cutoff p=965 55.5% (5665 of 10203), ETA 0:00:00                              
[00:00:01] ... finding cutoff p=965 56.5% (5768 of 10203), ETA 0:00:00                              
[00:00:01] ... finding cutoff p=965 57.7% (5889 of 10203), ETA 0:00:00                              
[00:00:01] ... finding cutoff p=965 58.6% (5984 of 10203), ETA 0:00:00                              
[00:00:01] ... finding cutoff p=965 59.8% (6102 of 10203), ETA 0:00:00                              
[00:00:01] ... finding cutoff p=965 60.9% (6209 of 10203), ETA 0:00:00                              
[00:00:01] ... finding cutoff p=965 61.7% (6293 of 10203), ETA 0:00:00                              
[00:00:01] ... finding cutoff p=965 62.9% (6414 of 10203), ETA 0:00:00                              
[00:00:01] ... finding cutoff p=965 63.8% (6514 of 10203), ETA 0:00:00                              
[00:00:01] ... finding cutoff p=965 64.7% (6600 of 10203), ETA 0:00:00                              
[00:00:01] ... finding cutoff p=965 65.6% (6697 of 10203), ETA 0:00:00                              
[00:00:01] ... finding cutoff p=965 66.8% (6817 of 10203), ETA 0:00:00                              
[00:00:01] ... finding cutoff p=965 67.9% (6924 of 10203), ETA 0:00:00                              
[00:00:01] ... finding cutoff p=965 68.7% (7010 of 10203), ETA 0:00:00                              
[00:00:01] ... finding cutoff p=965 70.0% (7137 of 10203), ETA 0:00:00                              
[00:00:01] ... finding cutoff p=965 70.8% (7228 of 10203), ETA 0:00:00                              
[00:00:01] ... finding cutoff p=965 71.9% (7333 of 10203), ETA 0:00:00                              
[00:00:01] ... finding cutoff p=965 72.9% (7440 of 10203), ETA 0:00:00                              
[00:00:01] ... finding cutoff p=965 73.9% (7541 of 10203), ETA 0:00:00                              
[00:00:01] ... finding cutoff p=965 74.7% (7625 of 10203), ETA 0:00:00                              
[00:00:01] ... finding cutoff p=965 75.7% (7728 of 10203), ETA 0:00:00                              
[00:00:01] ... finding cutoff p=965 76.9% (7847 of 10203), ETA 0:00:00                              
[00:00:01] ... finding cutoff p=965 77.8% (7938 of 10203), ETA 0:00:00                              
[00:00:01] ... finding cutoff p=965 78.8% (8042 of 10203), ETA 0:00:00                              
[00:00:01] ... finding cutoff p=965 79.9% (8149 of 10203), ETA 0:00:00                              
[00:00:01] ... finding cutoff p=965 80.8% (8241 of 10203), ETA 0:00:00                              
[00:00:01] ... finding cutoff p=965 81.8% (8350 of 10203), ETA 0:00:00                              
[00:00:01] ... finding cutoff p=965 82.9% (8458 of 10203), ETA 0:00:00                              
[00:00:01] ... finding cutoff p=965 83.8% (8553 of 10203), ETA 0:00:00                              
[00:00:01] ... finding cutoff p=965 85.0% (8668 of 10203), ETA 0:00:00                              
[00:00:01] ... finding cutoff p=965 85.9% (8762 of 10203), ETA 0:00:00                              
[00:00:01] ... finding cutoff p=965 86.9% (8867 of 10203), ETA 0:00:00                              
[00:00:01] ... finding cutoff p=965 87.9% (8964 of 10203), ETA 0:00:00                              
[00:00:01] ... finding cutoff p=965 88.9% (9067 of 10203), ETA 0:00:00                              
[00:00:01] ... finding cutoff p=965 89.9% (9171 of 10203), ETA 0:00:00                              
[00:00:01] ... finding cutoff p=965 90.9% (9279 of 10203), ETA 0:00:00                              
[00:00:01] ... finding cutoff p=965 91.9% (9379 of 10203), ETA 0:00:00                              
[00:00:01] ... finding cutoff p=965 92.9% (9482 of 10203), ETA 0:00:00                              
[00:00:01] ... finding cutoff p=965 93.9% (9584 of 10203), ETA 0:00:00                              
[00:00:01] ... finding cutoff p=965 95.0% (9689 of 10203), ETA 0:00:00                              
[00:00:01] ... finding cutoff p=965 96.0% (9791 of 10203), ETA 0:00:00                              
[00:00:01] ... finding cutoff p=965 96.9% (9889 of 10203), ETA 0:00:00                              
[00:00:01] ... finding cutoff p=965 98.0% (9994 of 10203), ETA 0:00:00                              
[00:00:01] ... finding cutoff p=965 98.9% (10094 of 10203), ETA 0:00:00                              
[00:00:01] ... finding cutoff p=965 99.9% (10197 of 10203), ETA 0:00:00                              
[00:00:01] Preparing TNF Graph Building [pTNF = 96.5; 3500 / 10203 (P = 34.30%) round 11]               
[00:00:01] Finding cutoff p=962 [-97.9Gb / 1007.8Gb]                                                     
[00:00:01] ... finding cutoff p=962 1.5% (154 of 10203), ETA 0:00:00                              
[00:00:01] ... finding cutoff p=962 2.7% (279 of 10203), ETA 0:00:00                              
[00:00:01] ... finding cutoff p=962 3.6% (366 of 10203), ETA 0:00:00                              
[00:00:01] ... finding cutoff p=962 4.6% (467 of 10203), ETA 0:00:00                              
[00:00:01] ... finding cutoff p=962 5.4% (546 of 10203), ETA 0:00:00                              
[00:00:01] ... finding cutoff p=962 6.2% (635 of 10203), ETA 0:00:00                              
[00:00:01] ... finding cutoff p=962 7.6% (778 of 10203), ETA 0:00:00                              
[00:00:01] ... finding cutoff p=962 8.5% (869 of 10203), ETA 0:00:00                              
[00:00:01] ... finding cutoff p=962 9.4% (962 of 10203), ETA 0:00:00                              
[00:00:01] ... finding cutoff p=962 11.3% (1156 of 10203), ETA 0:00:00                              
[00:00:01] ... finding cutoff p=962 12.4% (1268 of 10203), ETA 0:00:00                              
[00:00:01] ... finding cutoff p=962 13.3% (1353 of 10203), ETA 0:00:00                              
[00:00:01] ... finding cutoff p=962 14.5% (1479 of 10203), ETA 0:00:00                              
[00:00:01] ... finding cutoff p=962 15.5% (1580 of 10203), ETA 0:00:00                              
[00:00:01] ... finding cutoff p=962 16.5% (1682 of 10203), ETA 0:00:00                              
[00:00:01] ... finding cutoff p=962 17.6% (1797 of 10203), ETA 0:00:00                              
[00:00:01] ... finding cutoff p=962 18.3% (1871 of 10203), ETA 0:00:00                              
[00:00:01] ... finding cutoff p=962 19.6% (1999 of 10203), ETA 0:00:00                              
[00:00:01] ... finding cutoff p=962 20.6% (2098 of 10203), ETA 0:00:00                              
[00:00:01] ... finding cutoff p=962 21.4% (2185 of 10203), ETA 0:00:00                              
[00:00:01] ... finding cutoff p=962 22.6% (2304 of 10203), ETA 0:00:00                              
[00:00:01] ... finding cutoff p=962 23.4% (2392 of 10203), ETA 0:00:00                              
[00:00:01] ... finding cutoff p=962 24.2% (2472 of 10203), ETA 0:00:00                              
[00:00:01] ... finding cutoff p=962 25.5% (2597 of 10203), ETA 0:00:00                              
[00:00:01] ... finding cutoff p=962 26.5% (2699 of 10203), ETA 0:00:00                              
[00:00:01] ... finding cutoff p=962 27.5% (2804 of 10203), ETA 0:00:00                              
[00:00:01] ... finding cutoff p=962 28.8% (2934 of 10203), ETA 0:00:00                              
[00:00:01] ... finding cutoff p=962 29.4% (3000 of 10203), ETA 0:00:00                              
[00:00:01] ... finding cutoff p=962 30.7% (3130 of 10203), ETA 0:00:00                              
[00:00:01] ... finding cutoff p=962 31.4% (3200 of 10203), ETA 0:00:00                              
[00:00:01] ... finding cutoff p=962 32.5% (3313 of 10203), ETA 0:00:00                              
[00:00:01] ... finding cutoff p=962 33.7% (3434 of 10203), ETA 0:00:00                              
[00:00:01] ... finding cutoff p=962 34.4% (3505 of 10203), ETA 0:00:00                              
[00:00:01] ... finding cutoff p=962 35.6% (3628 of 10203), ETA 0:00:00                              
[00:00:01] ... finding cutoff p=962 36.9% (3768 of 10203), ETA 0:00:00                              
[00:00:01] ... finding cutoff p=962 37.5% (3829 of 10203), ETA 0:00:00                              
[00:00:01] ... finding cutoff p=962 38.6% (3940 of 10203), ETA 0:00:00                              
[00:00:01] ... finding cutoff p=962 39.7% (4052 of 10203), ETA 0:00:00                              
[00:00:01] ... finding cutoff p=962 40.9% (4173 of 10203), ETA 0:00:00                              
[00:00:01] ... finding cutoff p=962 41.6% (4240 of 10203), ETA 0:00:00                              
[00:00:01] ... finding cutoff p=962 42.6% (4344 of 10203), ETA 0:00:00                              
[00:00:01] ... finding cutoff p=962 43.7% (4462 of 10203), ETA 0:00:00                              
[00:00:01] ... finding cutoff p=962 44.9% (4578 of 10203), ETA 0:00:00                              
[00:00:01] ... finding cutoff p=962 45.8% (4678 of 10203), ETA 0:00:00                              
[00:00:01] ... finding cutoff p=962 46.8% (4777 of 10203), ETA 0:00:00                              
[00:00:01] ... finding cutoff p=962 47.9% (4891 of 10203), ETA 0:00:00                              
[00:00:01] ... finding cutoff p=962 48.5% (4944 of 10203), ETA 0:00:00                              
[00:00:01] ... finding cutoff p=962 49.8% (5080 of 10203), ETA 0:00:00                              
[00:00:01] ... finding cutoff p=962 51.0% (5200 of 10203), ETA 0:00:00                              
[00:00:01] ... finding cutoff p=962 51.5% (5258 of 10203), ETA 0:00:00                              
[00:00:01] ... finding cutoff p=962 52.5% (5357 of 10203), ETA 0:00:00                              
[00:00:01] ... finding cutoff p=962 53.7% (5480 of 10203), ETA 0:00:00                              
[00:00:01] ... finding cutoff p=962 54.7% (5585 of 10203), ETA 0:00:00                              
[00:00:01] ... finding cutoff p=962 55.6% (5673 of 10203), ETA 0:00:00                              
[00:00:01] ... finding cutoff p=962 56.8% (5799 of 10203), ETA 0:00:00                              
[00:00:01] ... finding cutoff p=962 57.8% (5896 of 10203), ETA 0:00:00                              
[00:00:01] ... finding cutoff p=962 58.8% (5997 of 10203), ETA 0:00:00                              
[00:00:01] ... finding cutoff p=962 59.6% (6082 of 10203), ETA 0:00:00                              
[00:00:01] ... finding cutoff p=962 60.6% (6183 of 10203), ETA 0:00:00                              
[00:00:01] ... finding cutoff p=962 61.7% (6296 of 10203), ETA 0:00:00                              
[00:00:01] ... finding cutoff p=962 62.7% (6394 of 10203), ETA 0:00:00                              
[00:00:01] ... finding cutoff p=962 63.8% (6508 of 10203), ETA 0:00:00                              
[00:00:01] ... finding cutoff p=962 64.6% (6594 of 10203), ETA 0:00:00                              
[00:00:01] ... finding cutoff p=962 65.8% (6713 of 10203), ETA 0:00:00                              
[00:00:01] ... finding cutoff p=962 66.7% (6803 of 10203), ETA 0:00:00                              
[00:00:01] ... finding cutoff p=962 67.7% (6907 of 10203), ETA 0:00:00                              
[00:00:01] ... finding cutoff p=962 68.8% (7018 of 10203), ETA 0:00:00                              
[00:00:01] ... finding cutoff p=962 69.8% (7121 of 10203), ETA 0:00:00                              
[00:00:01] ... finding cutoff p=962 70.9% (7232 of 10203), ETA 0:00:00                              
[00:00:01] ... finding cutoff p=962 71.9% (7337 of 10203), ETA 0:00:00                              
[00:00:01] ... finding cutoff p=962 72.7% (7421 of 10203), ETA 0:00:00                              
[00:00:01] ... finding cutoff p=962 73.9% (7538 of 10203), ETA 0:00:00                              
[00:00:01] ... finding cutoff p=962 74.9% (7643 of 10203), ETA 0:00:00                              
[00:00:01] ... finding cutoff p=962 75.9% (7745 of 10203), ETA 0:00:00                              
[00:00:01] ... finding cutoff p=962 76.8% (7834 of 10203), ETA 0:00:00                              
[00:00:01] ... finding cutoff p=962 77.9% (7947 of 10203), ETA 0:00:00                              
[00:00:01] ... finding cutoff p=962 78.9% (8050 of 10203), ETA 0:00:00                              
[00:00:01] ... finding cutoff p=962 79.9% (8152 of 10203), ETA 0:00:00                              
[00:00:01] ... finding cutoff p=962 80.9% (8251 of 10203), ETA 0:00:00                              
[00:00:01] ... finding cutoff p=962 81.8% (8346 of 10203), ETA 0:00:00                              
[00:00:01] ... finding cutoff p=962 82.8% (8453 of 10203), ETA 0:00:00                              
[00:00:01] ... finding cutoff p=962 83.9% (8561 of 10203), ETA 0:00:00                              
[00:00:01] ... finding cutoff p=962 84.9% (8660 of 10203), ETA 0:00:00                              
[00:00:01] ... finding cutoff p=962 85.9% (8768 of 10203), ETA 0:00:00                              
[00:00:01] ... finding cutoff p=962 86.9% (8870 of 10203), ETA 0:00:00                              
[00:00:01] ... finding cutoff p=962 87.9% (8973 of 10203), ETA 0:00:00                              
[00:00:01] ... finding cutoff p=962 88.9% (9068 of 10203), ETA 0:00:00                              
[00:00:01] ... finding cutoff p=962 89.9% (9173 of 10203), ETA 0:00:00                              
[00:00:01] ... finding cutoff p=962 90.9% (9273 of 10203), ETA 0:00:00                              
[00:00:01] ... finding cutoff p=962 92.0% (9382 of 10203), ETA 0:00:00                              
[00:00:01] ... finding cutoff p=962 92.9% (9483 of 10203), ETA 0:00:00                              
[00:00:01] ... finding cutoff p=962 93.9% (9580 of 10203), ETA 0:00:00                              
[00:00:01] ... finding cutoff p=962 95.0% (9689 of 10203), ETA 0:00:00                              
[00:00:01] ... finding cutoff p=962 95.9% (9785 of 10203), ETA 0:00:00                              
[00:00:01] ... finding cutoff p=962 96.9% (9890 of 10203), ETA 0:00:00                              
[00:00:01] ... finding cutoff p=962 98.0% (9994 of 10203), ETA 0:00:00                              
[00:00:01] ... finding cutoff p=962 98.9% (10094 of 10203), ETA 0:00:00                              
[00:00:01] ... finding cutoff p=962 99.9% (10197 of 10203), ETA 0:00:00                              
[00:00:01] Preparing TNF Graph Building [pTNF = 96.2; 3786 / 10203 (P = 37.11%) round 12]               
[00:00:01] Finding cutoff p=957 [-97.9Gb / 1007.8Gb]                                                     
[00:00:01] ... finding cutoff p=957 1.3% (136 of 10203), ETA 0:00:00                              
[00:00:01] ... finding cutoff p=957 2.5% (253 of 10203), ETA 0:00:00                              
[00:00:01] ... finding cutoff p=957 3.5% (353 of 10203), ETA 0:00:00                              
[00:00:01] ... finding cutoff p=957 4.3% (436 of 10203), ETA 0:00:00                              
[00:00:01] ... finding cutoff p=957 5.9% (601 of 10203), ETA 0:00:00                              
[00:00:01] ... finding cutoff p=957 6.9% (705 of 10203), ETA 0:00:00                              
[00:00:01] ... finding cutoff p=957 8.0% (815 of 10203), ETA 0:00:00                              
[00:00:01] ... finding cutoff p=957 8.8% (901 of 10203), ETA 0:00:00                              
[00:00:01] ... finding cutoff p=957 9.8% (996 of 10203), ETA 0:00:00                              
[00:00:01] ... finding cutoff p=957 10.7% (1094 of 10203), ETA 0:00:00                              
[00:00:01] ... finding cutoff p=957 11.7% (1189 of 10203), ETA 0:00:00                              
[00:00:01] ... finding cutoff p=957 12.5% (1275 of 10203), ETA 0:00:00                              
[00:00:01] ... finding cutoff p=957 13.4% (1367 of 10203), ETA 0:00:00                              
[00:00:01] ... finding cutoff p=957 14.5% (1476 of 10203), ETA 0:00:00                              
[00:00:01] ... finding cutoff p=957 15.6% (1591 of 10203), ETA 0:00:00                              
[00:00:01] ... finding cutoff p=957 16.8% (1714 of 10203), ETA 0:00:00                              
[00:00:01] ... finding cutoff p=957 17.6% (1799 of 10203), ETA 0:00:00                              
[00:00:01] ... finding cutoff p=957 18.3% (1868 of 10203), ETA 0:00:00                              
[00:00:01] ... finding cutoff p=957 19.6% (1997 of 10203), ETA 0:00:00                              
[00:00:01] ... finding cutoff p=957 20.2% (2065 of 10203), ETA 0:00:00                              
[00:00:01] ... finding cutoff p=957 21.7% (2209 of 10203), ETA 0:00:00                              
[00:00:01] ... finding cutoff p=957 22.4% (2290 of 10203), ETA 0:00:00                              
[00:00:01] ... finding cutoff p=957 23.5% (2398 of 10203), ETA 0:00:00                              
[00:00:01] ... finding cutoff p=957 24.4% (2489 of 10203), ETA 0:00:00                              
[00:00:01] ... finding cutoff p=957 25.7% (2621 of 10203), ETA 0:00:00                              
[00:00:01] ... finding cutoff p=957 26.6% (2713 of 10203), ETA 0:00:00                              
[00:00:01] ... finding cutoff p=957 27.4% (2792 of 10203), ETA 0:00:00                              
[00:00:01] ... finding cutoff p=957 28.7% (2931 of 10203), ETA 0:00:00                              
[00:00:01] ... finding cutoff p=957 29.3% (2994 of 10203), ETA 0:00:00                              
[00:00:01] ... finding cutoff p=957 30.5% (3113 of 10203), ETA 0:00:00                              
[00:00:01] ... finding cutoff p=957 31.6% (3221 of 10203), ETA 0:00:00                              
[00:00:01] ... finding cutoff p=957 32.9% (3353 of 10203), ETA 0:00:00                              
[00:00:01] ... finding cutoff p=957 33.5% (3418 of 10203), ETA 0:00:00                              
[00:00:01] ... finding cutoff p=957 34.6% (3533 of 10203), ETA 0:00:00                              
[00:00:01] ... finding cutoff p=957 35.4% (3609 of 10203), ETA 0:00:00                              
[00:00:01] ... finding cutoff p=957 36.6% (3730 of 10203), ETA 0:00:00                              
[00:00:01] ... finding cutoff p=957 37.8% (3854 of 10203), ETA 0:00:00                              
[00:00:01] ... finding cutoff p=957 38.4% (3916 of 10203), ETA 0:00:00                              
[00:00:01] ... finding cutoff p=957 39.7% (4046 of 10203), ETA 0:00:00                              
[00:00:01] ... finding cutoff p=957 40.4% (4120 of 10203), ETA 0:00:00                              
[00:00:01] ... finding cutoff p=957 41.8% (4263 of 10203), ETA 0:00:00                              
[00:00:01] ... finding cutoff p=957 42.4% (4330 of 10203), ETA 0:00:00                              
[00:00:01] ... finding cutoff p=957 43.8% (4464 of 10203), ETA 0:00:00                              
[00:00:01] ... finding cutoff p=957 44.4% (4532 of 10203), ETA 0:00:00                              
[00:00:01] ... finding cutoff p=957 45.8% (4674 of 10203), ETA 0:00:00                              
[00:00:01] ... finding cutoff p=957 46.5% (4748 of 10203), ETA 0:00:00                              
[00:00:01] ... finding cutoff p=957 47.6% (4853 of 10203), ETA 0:00:00                              
[00:00:01] ... finding cutoff p=957 48.7% (4965 of 10203), ETA 0:00:00                              
[00:00:01] ... finding cutoff p=957 49.7% (5070 of 10203), ETA 0:00:00                              
[00:00:01] ... finding cutoff p=957 50.8% (5179 of 10203), ETA 0:00:00                              
[00:00:01] ... finding cutoff p=957 52.0% (5301 of 10203), ETA 0:00:00                              
[00:00:01] ... finding cutoff p=957 52.5% (5359 of 10203), ETA 0:00:00                              
[00:00:01] ... finding cutoff p=957 53.6% (5468 of 10203), ETA 0:00:00                              
[00:00:01] ... finding cutoff p=957 54.7% (5578 of 10203), ETA 0:00:00                              
[00:00:01] ... finding cutoff p=957 55.9% (5700 of 10203), ETA 0:00:00                              
[00:00:01] ... finding cutoff p=957 56.8% (5797 of 10203), ETA 0:00:00                              
[00:00:01] ... finding cutoff p=957 57.8% (5897 of 10203), ETA 0:00:00                              
[00:00:01] ... finding cutoff p=957 58.8% (6000 of 10203), ETA 0:00:00                              
[00:00:01] ... finding cutoff p=957 59.7% (6096 of 10203), ETA 0:00:00                              
[00:00:01] ... finding cutoff p=957 60.6% (6184 of 10203), ETA 0:00:00                              
[00:00:01] ... finding cutoff p=957 61.8% (6304 of 10203), ETA 0:00:00                              
[00:00:01] ... finding cutoff p=957 62.7% (6402 of 10203), ETA 0:00:00                              
[00:00:01] ... finding cutoff p=957 63.7% (6496 of 10203), ETA 0:00:00                              
[00:00:01] ... finding cutoff p=957 64.8% (6613 of 10203), ETA 0:00:00                              
[00:00:01] ... finding cutoff p=957 65.7% (6707 of 10203), ETA 0:00:00                              
[00:00:01] ... finding cutoff p=957 66.8% (6818 of 10203), ETA 0:00:00                              
[00:00:01] ... finding cutoff p=957 67.7% (6908 of 10203), ETA 0:00:00                              
[00:00:01] ... finding cutoff p=957 68.8% (7024 of 10203), ETA 0:00:00                              
[00:00:01] ... finding cutoff p=957 69.9% (7134 of 10203), ETA 0:00:00                              
[00:00:01] ... finding cutoff p=957 70.9% (7230 of 10203), ETA 0:00:00                              
[00:00:01] ... finding cutoff p=957 71.8% (7330 of 10203), ETA 0:00:00                              
[00:00:01] ... finding cutoff p=957 72.8% (7431 of 10203), ETA 0:00:00                              
[00:00:01] ... finding cutoff p=957 73.9% (7542 of 10203), ETA 0:00:00                              
[00:00:01] ... finding cutoff p=957 74.9% (7644 of 10203), ETA 0:00:00                              
[00:00:01] ... finding cutoff p=957 75.8% (7735 of 10203), ETA 0:00:00                              
[00:00:01] ... finding cutoff p=957 76.9% (7850 of 10203), ETA 0:00:00                              
[00:00:01] ... finding cutoff p=957 77.9% (7950 of 10203), ETA 0:00:00                              
[00:00:01] ... finding cutoff p=957 78.8% (8040 of 10203), ETA 0:00:00                              
[00:00:01] ... finding cutoff p=957 79.9% (8148 of 10203), ETA 0:00:00                              
[00:00:01] ... finding cutoff p=957 80.8% (8246 of 10203), ETA 0:00:00                              
[00:00:01] ... finding cutoff p=957 81.9% (8354 of 10203), ETA 0:00:00                              
[00:00:01] ... finding cutoff p=957 82.8% (8451 of 10203), ETA 0:00:00                              
[00:00:01] ... finding cutoff p=957 83.8% (8553 of 10203), ETA 0:00:00                              
[00:00:01] ... finding cutoff p=957 84.9% (8667 of 10203), ETA 0:00:00                              
[00:00:01] ... finding cutoff p=957 85.9% (8761 of 10203), ETA 0:00:00                              
[00:00:01] ... finding cutoff p=957 86.9% (8867 of 10203), ETA 0:00:00                              
[00:00:01] ... finding cutoff p=957 87.9% (8971 of 10203), ETA 0:00:00                              
[00:00:01] ... finding cutoff p=957 88.9% (9070 of 10203), ETA 0:00:00                              
[00:00:01] ... finding cutoff p=957 89.9% (9175 of 10203), ETA 0:00:00                              
[00:00:01] ... finding cutoff p=957 90.9% (9272 of 10203), ETA 0:00:00                              
[00:00:01] ... finding cutoff p=957 91.9% (9373 of 10203), ETA 0:00:00                              
[00:00:01] ... finding cutoff p=957 92.9% (9482 of 10203), ETA 0:00:00                              
[00:00:01] ... finding cutoff p=957 93.9% (9581 of 10203), ETA 0:00:00                              
[00:00:01] ... finding cutoff p=957 95.0% (9690 of 10203), ETA 0:00:00                              
[00:00:01] ... finding cutoff p=957 95.9% (9787 of 10203), ETA 0:00:00                              
[00:00:01] ... finding cutoff p=957 96.9% (9891 of 10203), ETA 0:00:00                              
[00:00:01] ... finding cutoff p=957 97.9% (9991 of 10203), ETA 0:00:00                              
[00:00:01] ... finding cutoff p=957 98.9% (10095 of 10203), ETA 0:00:00                              
[00:00:01] ... finding cutoff p=957 99.9% (10197 of 10203), ETA 0:00:00                              
[00:00:01] Preparing TNF Graph Building [pTNF = 95.7; 4200 / 10203 (P = 41.16%) round 13]               
[00:00:01] Finding cutoff p=953 [-97.9Gb / 1007.8Gb]                                                     
[00:00:01] ... finding cutoff p=953 1.5% (154 of 10203), ETA 0:00:00                              
[00:00:01] ... finding cutoff p=953 2.6% (267 of 10203), ETA 0:00:00                              
[00:00:01] ... finding cutoff p=953 3.5% (360 of 10203), ETA 0:00:00                              
[00:00:01] ... finding cutoff p=953 4.3% (441 of 10203), ETA 0:00:00                              
[00:00:01] ... finding cutoff p=953 5.1% (519 of 10203), ETA 0:00:00                              
[00:00:01] ... finding cutoff p=953 6.1% (618 of 10203), ETA 0:00:00                              
[00:00:01] ... finding cutoff p=953 7.8% (794 of 10203), ETA 0:00:00                              
[00:00:01] ... finding cutoff p=953 8.8% (894 of 10203), ETA 0:00:00                              
[00:00:01] ... finding cutoff p=953 9.7% (991 of 10203), ETA 0:00:00                              
[00:00:01] ... finding cutoff p=953 10.7% (1092 of 10203), ETA 0:00:00                              
[00:00:01] ... finding cutoff p=953 11.8% (1200 of 10203), ETA 0:00:00                              
[00:00:01] ... finding cutoff p=953 13.8% (1403 of 10203), ETA 0:00:00                              
[00:00:01] ... finding cutoff p=953 14.8% (1509 of 10203), ETA 0:00:00                              
[00:00:01] ... finding cutoff p=953 16.0% (1637 of 10203), ETA 0:00:00                              
[00:00:01] ... finding cutoff p=953 17.3% (1765 of 10203), ETA 0:00:00                              
[00:00:01] ... finding cutoff p=953 18.5% (1886 of 10203), ETA 0:00:00                              
[00:00:01] ... finding cutoff p=953 19.6% (1998 of 10203), ETA 0:00:00                              
[00:00:01] ... finding cutoff p=953 20.4% (2077 of 10203), ETA 0:00:00                              
[00:00:01] ... finding cutoff p=953 21.6% (2206 of 10203), ETA 0:00:00                              
[00:00:01] ... finding cutoff p=953 22.2% (2266 of 10203), ETA 0:00:00                              
[00:00:01] ... finding cutoff p=953 23.5% (2395 of 10203), ETA 0:00:00                              
[00:00:01] ... finding cutoff p=953 24.5% (2501 of 10203), ETA 0:00:00                              
[00:00:01] ... finding cutoff p=953 25.5% (2599 of 10203), ETA 0:00:00                              
[00:00:01] ... finding cutoff p=953 26.3% (2681 of 10203), ETA 0:00:00                              
[00:00:01] ... finding cutoff p=953 27.5% (2804 of 10203), ETA 0:00:00                              
[00:00:01] ... finding cutoff p=953 28.8% (2942 of 10203), ETA 0:00:00                              
[00:00:01] ... finding cutoff p=953 29.5% (3005 of 10203), ETA 0:00:00                              
[00:00:01] ... finding cutoff p=953 30.7% (3130 of 10203), ETA 0:00:00                              
[00:00:01] ... finding cutoff p=953 31.4% (3206 of 10203), ETA 0:00:00                              
[00:00:01] ... finding cutoff p=953 32.5% (3315 of 10203), ETA 0:00:00                              
[00:00:01] ... finding cutoff p=953 33.7% (3436 of 10203), ETA 0:00:00                              
[00:00:01] ... finding cutoff p=953 34.9% (3564 of 10203), ETA 0:00:00                              
[00:00:01] ... finding cutoff p=953 35.5% (3622 of 10203), ETA 0:00:00                              
[00:00:01] ... finding cutoff p=953 36.6% (3734 of 10203), ETA 0:00:00                              
[00:00:01] ... finding cutoff p=953 37.8% (3852 of 10203), ETA 0:00:00                              
[00:00:01] ... finding cutoff p=953 38.8% (3956 of 10203), ETA 0:00:00                              
[00:00:01] ... finding cutoff p=953 39.4% (4019 of 10203), ETA 0:00:00                              
[00:00:01] ... finding cutoff p=953 40.5% (4129 of 10203), ETA 0:00:00                              
[00:00:01] ... finding cutoff p=953 41.6% (4247 of 10203), ETA 0:00:00                              
[00:00:01] ... finding cutoff p=953 42.8% (4371 of 10203), ETA 0:00:00                              
[00:00:01] ... finding cutoff p=953 43.9% (4481 of 10203), ETA 0:00:00                              
[00:00:01] ... finding cutoff p=953 44.4% (4535 of 10203), ETA 0:00:00                              
[00:00:01] ... finding cutoff p=953 45.5% (4644 of 10203), ETA 0:00:00                              
[00:00:01] ... finding cutoff p=953 46.5% (4743 of 10203), ETA 0:00:00                              
[00:00:01] ... finding cutoff p=953 47.5% (4845 of 10203), ETA 0:00:00                              
[00:00:01] ... finding cutoff p=953 48.8% (4979 of 10203), ETA 0:00:00                              
[00:00:01] ... finding cutoff p=953 49.5% (5054 of 10203), ETA 0:00:00                              
[00:00:01] ... finding cutoff p=953 50.5% (5157 of 10203), ETA 0:00:00                              
[00:00:01] ... finding cutoff p=953 51.5% (5259 of 10203), ETA 0:00:00                              
[00:00:01] ... finding cutoff p=953 52.7% (5374 of 10203), ETA 0:00:00                              
[00:00:01] ... finding cutoff p=953 53.8% (5488 of 10203), ETA 0:00:00                              
[00:00:01] ... finding cutoff p=953 54.8% (5592 of 10203), ETA 0:00:00                              
[00:00:01] ... finding cutoff p=953 55.7% (5685 of 10203), ETA 0:00:00                              
[00:00:01] ... finding cutoff p=953 56.6% (5770 of 10203), ETA 0:00:00                              
[00:00:01] ... finding cutoff p=953 57.5% (5871 of 10203), ETA 0:00:00                              
[00:00:01] ... finding cutoff p=953 58.7% (5991 of 10203), ETA 0:00:00                              
[00:00:01] ... finding cutoff p=953 59.7% (6094 of 10203), ETA 0:00:00                              
[00:00:01] ... finding cutoff p=953 60.7% (6190 of 10203), ETA 0:00:00                              
[00:00:01] ... finding cutoff p=953 61.9% (6311 of 10203), ETA 0:00:00                              
[00:00:01] ... finding cutoff p=953 62.8% (6411 of 10203), ETA 0:00:00                              
[00:00:01] ... finding cutoff p=953 63.6% (6494 of 10203), ETA 0:00:00                              
[00:00:01] ... finding cutoff p=953 64.8% (6609 of 10203), ETA 0:00:00                              
[00:00:01] ... finding cutoff p=953 65.7% (6699 of 10203), ETA 0:00:00                              
[00:00:01] ... finding cutoff p=953 66.7% (6804 of 10203), ETA 0:00:00                              
[00:00:01] ... finding cutoff p=953 67.8% (6914 of 10203), ETA 0:00:00                              
[00:00:01] ... finding cutoff p=953 68.7% (7011 of 10203), ETA 0:00:00                              
[00:00:01] ... finding cutoff p=953 69.9% (7130 of 10203), ETA 0:00:00                              
[00:00:01] ... finding cutoff p=953 70.9% (7229 of 10203), ETA 0:00:00                              
[00:00:01] ... finding cutoff p=953 71.8% (7322 of 10203), ETA 0:00:00                              
[00:00:01] ... finding cutoff p=953 72.8% (7429 of 10203), ETA 0:00:00                              
[00:00:01] ... finding cutoff p=953 73.8% (7529 of 10203), ETA 0:00:00                              
[00:00:01] ... finding cutoff p=953 74.7% (7625 of 10203), ETA 0:00:00                              
[00:00:01] ... finding cutoff p=953 75.9% (7746 of 10203), ETA 0:00:00                              
[00:00:01] ... finding cutoff p=953 76.8% (7837 of 10203), ETA 0:00:00                              
[00:00:01] ... finding cutoff p=953 77.9% (7953 of 10203), ETA 0:00:00                              
[00:00:01] ... finding cutoff p=953 78.8% (8037 of 10203), ETA 0:00:00                              
[00:00:01] ... finding cutoff p=953 79.9% (8152 of 10203), ETA 0:00:00                              
[00:00:01] ... finding cutoff p=953 80.8% (8243 of 10203), ETA 0:00:00                              
[00:00:01] ... finding cutoff p=953 81.9% (8352 of 10203), ETA 0:00:00                              
[00:00:01] ... finding cutoff p=953 82.8% (8447 of 10203), ETA 0:00:00                              
[00:00:01] ... finding cutoff p=953 83.9% (8557 of 10203), ETA 0:00:00                              
[00:00:01] ... finding cutoff p=953 84.9% (8667 of 10203), ETA 0:00:00                              
[00:00:01] ... finding cutoff p=953 85.9% (8766 of 10203), ETA 0:00:00                              
[00:00:01] ... finding cutoff p=953 86.9% (8869 of 10203), ETA 0:00:00                              
[00:00:01] ... finding cutoff p=953 87.8% (8961 of 10203), ETA 0:00:00                              
[00:00:01] ... finding cutoff p=953 89.0% (9076 of 10203), ETA 0:00:00                              
[00:00:01] ... finding cutoff p=953 90.0% (9178 of 10203), ETA 0:00:00                              
[00:00:01] ... finding cutoff p=953 90.9% (9270 of 10203), ETA 0:00:00                              
[00:00:01] ... finding cutoff p=953 91.9% (9375 of 10203), ETA 0:00:00                              
[00:00:01] ... finding cutoff p=953 92.9% (9479 of 10203), ETA 0:00:00                              
[00:00:01] ... finding cutoff p=953 93.9% (9584 of 10203), ETA 0:00:00                              
[00:00:01] ... finding cutoff p=953 94.9% (9682 of 10203), ETA 0:00:00                              
[00:00:01] ... finding cutoff p=953 95.9% (9786 of 10203), ETA 0:00:00                              
[00:00:01] ... finding cutoff p=953 96.9% (9891 of 10203), ETA 0:00:00                              
[00:00:01] ... finding cutoff p=953 97.9% (9991 of 10203), ETA 0:00:00                              
[00:00:01] ... finding cutoff p=953 98.9% (10095 of 10203), ETA 0:00:00                              
[00:00:01] ... finding cutoff p=953 99.9% (10197 of 10203), ETA 0:00:00                              
[00:00:01] Preparing TNF Graph Building [pTNF = 95.3; 4541 / 10203 (P = 44.51%) round 14]               
[00:00:01] Finding cutoff p=949 [-97.9Gb / 1007.8Gb]                                                     
[00:00:01] ... finding cutoff p=949 1.4% (141 of 10203), ETA 0:00:00                              
[00:00:01] ... finding cutoff p=949 2.5% (250 of 10203), ETA 0:00:00                              
[00:00:01] ... finding cutoff p=949 3.3% (341 of 10203), ETA 0:00:00                              
[00:00:01] ... finding cutoff p=949 4.2% (430 of 10203), ETA 0:00:00                              
[00:00:01] ... finding cutoff p=949 5.7% (584 of 10203), ETA 0:00:00                              
[00:00:01] ... finding cutoff p=949 6.8% (690 of 10203), ETA 0:00:00                              
[00:00:01] ... finding cutoff p=949 7.8% (792 of 10203), ETA 0:00:00                              
[00:00:01] ... finding cutoff p=949 8.5% (872 of 10203), ETA 0:00:00                              
[00:00:01] ... finding cutoff p=949 9.4% (955 of 10203), ETA 0:00:00                              
[00:00:01] ... finding cutoff p=949 10.4% (1057 of 10203), ETA 0:00:00                              
[00:00:01] ... finding cutoff p=949 11.4% (1162 of 10203), ETA 0:00:00                              
[00:00:01] ... finding cutoff p=949 12.4% (1270 of 10203), ETA 0:00:00                              
[00:00:01] ... finding cutoff p=949 13.8% (1406 of 10203), ETA 0:00:00                              
[00:00:01] ... finding cutoff p=949 14.9% (1517 of 10203), ETA 0:00:00                              
[00:00:01] ... finding cutoff p=949 16.1% (1642 of 10203), ETA 0:00:00                              
[00:00:01] ... finding cutoff p=949 17.2% (1756 of 10203), ETA 0:00:00                              
[00:00:01] ... finding cutoff p=949 18.4% (1877 of 10203), ETA 0:00:00                              
[00:00:01] ... finding cutoff p=949 19.4% (1978 of 10203), ETA 0:00:00                              
[00:00:01] ... finding cutoff p=949 20.7% (2113 of 10203), ETA 0:00:00                              
[00:00:01] ... finding cutoff p=949 21.4% (2186 of 10203), ETA 0:00:00                              
[00:00:01] ... finding cutoff p=949 22.6% (2301 of 10203), ETA 0:00:00                              
[00:00:01] ... finding cutoff p=949 23.4% (2387 of 10203), ETA 0:00:00                              
[00:00:01] ... finding cutoff p=949 24.3% (2477 of 10203), ETA 0:00:00                              
[00:00:01] ... finding cutoff p=949 25.6% (2615 of 10203), ETA 0:00:00                              
[00:00:01] ... finding cutoff p=949 26.5% (2704 of 10203), ETA 0:00:00                              
[00:00:01] ... finding cutoff p=949 27.3% (2789 of 10203), ETA 0:00:00                              
[00:00:01] ... finding cutoff p=949 28.5% (2910 of 10203), ETA 0:00:00                              
[00:00:01] ... finding cutoff p=949 29.7% (3034 of 10203), ETA 0:00:00                              
[00:00:01] ... finding cutoff p=949 30.5% (3108 of 10203), ETA 0:00:00                              
[00:00:01] ... finding cutoff p=949 31.5% (3212 of 10203), ETA 0:00:00                              
[00:00:01] ... finding cutoff p=949 32.6% (3329 of 10203), ETA 0:00:00                              
[00:00:01] ... finding cutoff p=949 33.8% (3452 of 10203), ETA 0:00:00                              
[00:00:01] ... finding cutoff p=949 34.4% (3507 of 10203), ETA 0:00:00                              
[00:00:01] ... finding cutoff p=949 35.5% (3617 of 10203), ETA 0:00:00                              
[00:00:01] ... finding cutoff p=949 36.7% (3742 of 10203), ETA 0:00:00                              
[00:00:01] ... finding cutoff p=949 38.0% (3876 of 10203), ETA 0:00:00                              
[00:00:01] ... finding cutoff p=949 38.6% (3942 of 10203), ETA 0:00:00                              
[00:00:01] ... finding cutoff p=949 39.6% (4041 of 10203), ETA 0:00:00                              
[00:00:01] ... finding cutoff p=949 40.7% (4149 of 10203), ETA 0:00:00                              
[00:00:01] ... finding cutoff p=949 41.8% (4268 of 10203), ETA 0:00:00                              
[00:00:01] ... finding cutoff p=949 42.4% (4330 of 10203), ETA 0:00:00                              
[00:00:01] ... finding cutoff p=949 43.5% (4436 of 10203), ETA 0:00:00                              
[00:00:01] ... finding cutoff p=949 44.5% (4538 of 10203), ETA 0:00:00                              
[00:00:01] ... finding cutoff p=949 45.5% (4647 of 10203), ETA 0:00:00                              
[00:00:01] ... finding cutoff p=949 46.7% (4762 of 10203), ETA 0:00:00                              
[00:00:01] ... finding cutoff p=949 47.5% (4844 of 10203), ETA 0:00:00                              
[00:00:01] ... finding cutoff p=949 48.8% (4975 of 10203), ETA 0:00:00                              
[00:00:01] ... finding cutoff p=949 50.0% (5106 of 10203), ETA 0:00:00                              
[00:00:01] ... finding cutoff p=949 50.6% (5158 of 10203), ETA 0:00:00                              
[00:00:01] ... finding cutoff p=949 51.5% (5257 of 10203), ETA 0:00:00                              
[00:00:01] ... finding cutoff p=949 52.8% (5383 of 10203), ETA 0:00:00                              
[00:00:01] ... finding cutoff p=949 53.8% (5491 of 10203), ETA 0:00:00                              
[00:00:01] ... finding cutoff p=949 54.7% (5583 of 10203), ETA 0:00:00                              
[00:00:01] ... finding cutoff p=949 55.6% (5669 of 10203), ETA 0:00:00                              
[00:00:01] ... finding cutoff p=949 56.7% (5784 of 10203), ETA 0:00:00                              
[00:00:01] ... finding cutoff p=949 57.7% (5888 of 10203), ETA 0:00:00                              
[00:00:01] ... finding cutoff p=949 58.8% (6000 of 10203), ETA 0:00:00                              
[00:00:01] ... finding cutoff p=949 59.9% (6109 of 10203), ETA 0:00:00                              
[00:00:01] ... finding cutoff p=949 60.8% (6202 of 10203), ETA 0:00:00                              
[00:00:01] ... finding cutoff p=949 61.7% (6294 of 10203), ETA 0:00:00                              
[00:00:01] ... finding cutoff p=949 62.9% (6420 of 10203), ETA 0:00:00                              
[00:00:01] ... finding cutoff p=949 63.9% (6522 of 10203), ETA 0:00:00                              
[00:00:01] ... finding cutoff p=949 64.7% (6604 of 10203), ETA 0:00:00                              
[00:00:01] ... finding cutoff p=949 65.7% (6706 of 10203), ETA 0:00:00                              
[00:00:01] ... finding cutoff p=949 66.8% (6820 of 10203), ETA 0:00:00                              
[00:00:01] ... finding cutoff p=949 67.7% (6906 of 10203), ETA 0:00:00                              
[00:00:01] ... finding cutoff p=949 68.7% (7005 of 10203), ETA 0:00:00                              
[00:00:01] ... finding cutoff p=949 69.7% (7112 of 10203), ETA 0:00:00                              
[00:00:01] ... finding cutoff p=949 70.8% (7222 of 10203), ETA 0:00:00                              
[00:00:01] ... finding cutoff p=949 71.8% (7327 of 10203), ETA 0:00:00                              
[00:00:01] ... finding cutoff p=949 72.8% (7425 of 10203), ETA 0:00:00                              
[00:00:01] ... finding cutoff p=949 73.8% (7525 of 10203), ETA 0:00:00                              
[00:00:01] ... finding cutoff p=949 74.8% (7627 of 10203), ETA 0:00:00                              
[00:00:01] ... finding cutoff p=949 75.9% (7739 of 10203), ETA 0:00:00                              
[00:00:01] ... finding cutoff p=949 76.8% (7836 of 10203), ETA 0:00:00                              
[00:00:01] ... finding cutoff p=949 77.9% (7949 of 10203), ETA 0:00:00                              
[00:00:01] ... finding cutoff p=949 78.8% (8036 of 10203), ETA 0:00:00                              
[00:00:01] ... finding cutoff p=949 79.8% (8142 of 10203), ETA 0:00:00                              
[00:00:01] ... finding cutoff p=949 80.9% (8252 of 10203), ETA 0:00:00                              
[00:00:01] ... finding cutoff p=949 81.8% (8348 of 10203), ETA 0:00:00                              
[00:00:01] ... finding cutoff p=949 82.9% (8454 of 10203), ETA 0:00:00                              
[00:00:01] ... finding cutoff p=949 83.9% (8562 of 10203), ETA 0:00:00                              
[00:00:01] ... finding cutoff p=949 84.8% (8656 of 10203), ETA 0:00:00                              
[00:00:01] ... finding cutoff p=949 85.8% (8758 of 10203), ETA 0:00:00                              
[00:00:01] ... finding cutoff p=949 86.9% (8862 of 10203), ETA 0:00:00                              
[00:00:01] ... finding cutoff p=949 87.8% (8963 of 10203), ETA 0:00:00                              
[00:00:01] ... finding cutoff p=949 88.9% (9071 of 10203), ETA 0:00:00                              
[00:00:01] ... finding cutoff p=949 89.9% (9176 of 10203), ETA 0:00:00                              
[00:00:01] ... finding cutoff p=949 90.9% (9273 of 10203), ETA 0:00:00                              
[00:00:01] ... finding cutoff p=949 91.9% (9377 of 10203), ETA 0:00:00                              
[00:00:01] ... finding cutoff p=949 92.9% (9476 of 10203), ETA 0:00:00                              
[00:00:01] ... finding cutoff p=949 93.9% (9581 of 10203), ETA 0:00:00                              
[00:00:01] ... finding cutoff p=949 94.9% (9682 of 10203), ETA 0:00:00                              
[00:00:01] ... finding cutoff p=949 95.9% (9789 of 10203), ETA 0:00:00                              
[00:00:01] ... finding cutoff p=949 96.9% (9890 of 10203), ETA 0:00:00                              
[00:00:01] ... finding cutoff p=949 98.0% (9995 of 10203), ETA 0:00:00                              
[00:00:01] ... finding cutoff p=949 98.9% (10094 of 10203), ETA 0:00:00                              
[00:00:01] ... finding cutoff p=949 99.9% (10197 of 10203), ETA 0:00:00                              
[00:00:01] Preparing TNF Graph Building [pTNF = 94.9; 4838 / 10203 (P = 47.42%) round 15]               
[00:00:01] Finding cutoff p=944 [-97.9Gb / 1007.8Gb]                                                     
[00:00:01] ... finding cutoff p=944 1.5% (148 of 10203), ETA 0:00:00                              
[00:00:01] ... finding cutoff p=944 2.6% (270 of 10203), ETA 0:00:00                              
[00:00:01] ... finding cutoff p=944 3.7% (377 of 10203), ETA 0:00:00                              
[00:00:01] ... finding cutoff p=944 4.5% (456 of 10203), ETA 0:00:00                              
[00:00:01] ... finding cutoff p=944 5.3% (545 of 10203), ETA 0:00:00                              
[00:00:01] ... finding cutoff p=944 6.2% (635 of 10203), ETA 0:00:00                              
[00:00:01] ... finding cutoff p=944 7.1% (724 of 10203), ETA 0:00:00                              
[00:00:01] ... finding cutoff p=944 8.1% (825 of 10203), ETA 0:00:00                              
[00:00:01] ... finding cutoff p=944 9.6% (977 of 10203), ETA 0:00:00                              
[00:00:01] ... finding cutoff p=944 10.7% (1094 of 10203), ETA 0:00:00                              
[00:00:01] ... finding cutoff p=944 11.8% (1202 of 10203), ETA 0:00:00                              
[00:00:01] ... finding cutoff p=944 12.8% (1307 of 10203), ETA 0:00:00                              
[00:00:01] ... finding cutoff p=944 14.1% (1434 of 10203), ETA 0:00:00                              
[00:00:01] ... finding cutoff p=944 15.2% (1551 of 10203), ETA 0:00:00                              
[00:00:01] ... finding cutoff p=944 16.4% (1674 of 10203), ETA 0:00:00                              
[00:00:01] ... finding cutoff p=944 18.0% (1835 of 10203), ETA 0:00:00                              
[00:00:01] ... finding cutoff p=944 18.8% (1919 of 10203), ETA 0:00:00                              
[00:00:01] ... finding cutoff p=944 19.4% (1982 of 10203), ETA 0:00:00                              
[00:00:01] ... finding cutoff p=944 20.3% (2068 of 10203), ETA 0:00:00                              
[00:00:01] ... finding cutoff p=944 21.5% (2197 of 10203), ETA 0:00:00                              
[00:00:01] ... finding cutoff p=944 22.5% (2299 of 10203), ETA 0:00:00                              
[00:00:01] ... finding cutoff p=944 23.3% (2380 of 10203), ETA 0:00:00                              
[00:00:01] ... finding cutoff p=944 24.6% (2505 of 10203), ETA 0:00:00                              
[00:00:01] ... finding cutoff p=944 25.5% (2605 of 10203), ETA 0:00:00                              
[00:00:01] ... finding cutoff p=944 26.3% (2679 of 10203), ETA 0:00:00                              
[00:00:01] ... finding cutoff p=944 27.6% (2814 of 10203), ETA 0:00:00                              
[00:00:01] ... finding cutoff p=944 28.4% (2899 of 10203), ETA 0:00:00                              
[00:00:01] ... finding cutoff p=944 29.7% (3029 of 10203), ETA 0:00:00                              
[00:00:01] ... finding cutoff p=944 30.5% (3109 of 10203), ETA 0:00:00                              
[00:00:01] ... finding cutoff p=944 31.6% (3223 of 10203), ETA 0:00:00                              
[00:00:01] ... finding cutoff p=944 32.4% (3302 of 10203), ETA 0:00:00                              
[00:00:01] ... finding cutoff p=944 33.6% (3427 of 10203), ETA 0:00:00                              
[00:00:01] ... finding cutoff p=944 34.7% (3542 of 10203), ETA 0:00:00                              
[00:00:01] ... finding cutoff p=944 35.4% (3613 of 10203), ETA 0:00:00                              
[00:00:01] ... finding cutoff p=944 36.6% (3737 of 10203), ETA 0:00:00                              
[00:00:01] ... finding cutoff p=944 37.4% (3820 of 10203), ETA 0:00:00                              
[00:00:01] ... finding cutoff p=944 38.5% (3924 of 10203), ETA 0:00:00                              
[00:00:01] ... finding cutoff p=944 39.5% (4028 of 10203), ETA 0:00:00                              
[00:00:01] ... finding cutoff p=944 40.8% (4160 of 10203), ETA 0:00:00                              
[00:00:01] ... finding cutoff p=944 41.5% (4236 of 10203), ETA 0:00:00                              
[00:00:01] ... finding cutoff p=944 42.4% (4331 of 10203), ETA 0:00:00                              
[00:00:01] ... finding cutoff p=944 43.5% (4439 of 10203), ETA 0:00:00                              
[00:00:01] ... finding cutoff p=944 44.7% (4559 of 10203), ETA 0:00:00                              
[00:00:01] ... finding cutoff p=944 45.8% (4668 of 10203), ETA 0:00:00                              
[00:00:01] ... finding cutoff p=944 46.8% (4772 of 10203), ETA 0:00:00                              
[00:00:01] ... finding cutoff p=944 47.7% (4866 of 10203), ETA 0:00:00                              
[00:00:01] ... finding cutoff p=944 49.0% (4999 of 10203), ETA 0:00:00                              
[00:00:01] ... finding cutoff p=944 49.8% (5077 of 10203), ETA 0:00:00                              
[00:00:01] ... finding cutoff p=944 50.5% (5155 of 10203), ETA 0:00:00                              
[00:00:01] ... finding cutoff p=944 51.8% (5283 of 10203), ETA 0:00:00                              
[00:00:01] ... finding cutoff p=944 52.8% (5388 of 10203), ETA 0:00:00                              
[00:00:01] ... finding cutoff p=944 53.8% (5486 of 10203), ETA 0:00:00                              
[00:00:01] ... finding cutoff p=944 54.7% (5586 of 10203), ETA 0:00:00                              
[00:00:01] ... finding cutoff p=944 55.7% (5683 of 10203), ETA 0:00:00                              
[00:00:01] ... finding cutoff p=944 56.8% (5797 of 10203), ETA 0:00:00                              
[00:00:01] ... finding cutoff p=944 57.7% (5889 of 10203), ETA 0:00:00                              
[00:00:01] ... finding cutoff p=944 58.6% (5975 of 10203), ETA 0:00:00                              
[00:00:01] ... finding cutoff p=944 59.8% (6097 of 10203), ETA 0:00:00                              
[00:00:01] ... finding cutoff p=944 60.8% (6204 of 10203), ETA 0:00:00                              
[00:00:01] ... finding cutoff p=944 61.8% (6301 of 10203), ETA 0:00:00                              
[00:00:01] ... finding cutoff p=944 62.7% (6401 of 10203), ETA 0:00:00                              
[00:00:01] ... finding cutoff p=944 63.7% (6502 of 10203), ETA 0:00:00                              
[00:00:01] ... finding cutoff p=944 64.6% (6592 of 10203), ETA 0:00:00                              
[00:00:01] ... finding cutoff p=944 65.8% (6715 of 10203), ETA 0:00:00                              
[00:00:01] ... finding cutoff p=944 66.7% (6802 of 10203), ETA 0:00:00                              
[00:00:01] ... finding cutoff p=944 67.7% (6903 of 10203), ETA 0:00:00                              
[00:00:01] ... finding cutoff p=944 68.7% (7010 of 10203), ETA 0:00:00                              
[00:00:01] ... finding cutoff p=944 69.8% (7125 of 10203), ETA 0:00:00                              
[00:00:01] ... finding cutoff p=944 70.9% (7232 of 10203), ETA 0:00:00                              
[00:00:01] ... finding cutoff p=944 71.9% (7336 of 10203), ETA 0:00:00                              
[00:00:01] ... finding cutoff p=944 72.9% (7437 of 10203), ETA 0:00:00                              
[00:00:01] ... finding cutoff p=944 73.9% (7538 of 10203), ETA 0:00:00                              
[00:00:01] ... finding cutoff p=944 74.9% (7638 of 10203), ETA 0:00:00                              
[00:00:01] ... finding cutoff p=944 75.7% (7727 of 10203), ETA 0:00:00                              
[00:00:01] ... finding cutoff p=944 76.8% (7839 of 10203), ETA 0:00:00                              
[00:00:01] ... finding cutoff p=944 77.8% (7935 of 10203), ETA 0:00:00                              
[00:00:01] ... finding cutoff p=944 78.8% (8040 of 10203), ETA 0:00:00                              
[00:00:01] ... finding cutoff p=944 79.8% (8143 of 10203), ETA 0:00:00                              
[00:00:01] ... finding cutoff p=944 80.9% (8255 of 10203), ETA 0:00:00                              
[00:00:01] ... finding cutoff p=944 81.8% (8347 of 10203), ETA 0:00:00                              
[00:00:01] ... finding cutoff p=944 82.9% (8456 of 10203), ETA 0:00:00                              
[00:00:01] ... finding cutoff p=944 83.9% (8560 of 10203), ETA 0:00:00                              
[00:00:01] ... finding cutoff p=944 84.9% (8658 of 10203), ETA 0:00:00                              
[00:00:01] ... finding cutoff p=944 85.8% (8758 of 10203), ETA 0:00:00                              
[00:00:01] ... finding cutoff p=944 86.8% (8859 of 10203), ETA 0:00:00                              
[00:00:01] ... finding cutoff p=944 88.0% (8974 of 10203), ETA 0:00:00                              
[00:00:01] ... finding cutoff p=944 88.9% (9072 of 10203), ETA 0:00:00                              
[00:00:01] ... finding cutoff p=944 89.9% (9175 of 10203), ETA 0:00:00                              
[00:00:01] ... finding cutoff p=944 90.9% (9273 of 10203), ETA 0:00:00                              
[00:00:01] ... finding cutoff p=944 91.9% (9374 of 10203), ETA 0:00:00                              
[00:00:01] ... finding cutoff p=944 92.9% (9476 of 10203), ETA 0:00:00                              
[00:00:01] ... finding cutoff p=944 93.9% (9585 of 10203), ETA 0:00:00                              
[00:00:01] ... finding cutoff p=944 94.9% (9687 of 10203), ETA 0:00:00                              
[00:00:01] ... finding cutoff p=944 95.9% (9789 of 10203), ETA 0:00:00                              
[00:00:01] ... finding cutoff p=944 97.0% (9895 of 10203), ETA 0:00:00                              
[00:00:01] ... finding cutoff p=944 97.9% (9991 of 10203), ETA 0:00:00                              
[00:00:01] ... finding cutoff p=944 98.9% (10094 of 10203), ETA 0:00:00                              
[00:00:01] ... finding cutoff p=944 99.9% (10197 of 10203), ETA 0:00:00                              
[00:00:01] Preparing TNF Graph Building [pTNF = 94.4; 5202 / 10203 (P = 50.99%) round 16]               
[00:00:01] Finding cutoff p=940 [-97.9Gb / 1007.8Gb]                                                     
[00:00:01] ... finding cutoff p=940 1.4% (144 of 10203), ETA 0:00:00                              
[00:00:01] ... finding cutoff p=940 2.6% (264 of 10203), ETA 0:00:00                              
[00:00:01] ... finding cutoff p=940 3.4% (349 of 10203), ETA 0:00:00                              
[00:00:01] ... finding cutoff p=940 4.4% (445 of 10203), ETA 0:00:00                              
[00:00:01] ... finding cutoff p=940 5.1% (523 of 10203), ETA 0:00:00                              
[00:00:01] ... finding cutoff p=940 6.7% (680 of 10203), ETA 0:00:00                              
[00:00:01] ... finding cutoff p=940 7.6% (774 of 10203), ETA 0:00:00                              
[00:00:01] ... finding cutoff p=940 8.5% (863 of 10203), ETA 0:00:00                              
[00:00:01] ... finding cutoff p=940 9.5% (966 of 10203), ETA 0:00:00                              
[00:00:01] ... finding cutoff p=940 10.3% (1048 of 10203), ETA 0:00:00                              
[00:00:01] ... finding cutoff p=940 11.2% (1144 of 10203), ETA 0:00:00                              
[00:00:01] ... finding cutoff p=940 12.2% (1245 of 10203), ETA 0:00:00                              
[00:00:01] ... finding cutoff p=940 13.4% (1363 of 10203), ETA 0:00:00                              
[00:00:01] ... finding cutoff p=940 14.4% (1469 of 10203), ETA 0:00:00                              
[00:00:01] ... finding cutoff p=940 15.6% (1592 of 10203), ETA 0:00:00                              
[00:00:01] ... finding cutoff p=940 16.8% (1713 of 10203), ETA 0:00:00                              
[00:00:01] ... finding cutoff p=940 17.7% (1806 of 10203), ETA 0:00:00                              
[00:00:01] ... finding cutoff p=940 18.3% (1870 of 10203), ETA 0:00:00                              
[00:00:01] ... finding cutoff p=940 19.4% (1982 of 10203), ETA 0:00:00                              
[00:00:01] ... finding cutoff p=940 20.3% (2076 of 10203), ETA 0:00:00                              
[00:00:01] ... finding cutoff p=940 21.6% (2204 of 10203), ETA 0:00:00                              
[00:00:01] ... finding cutoff p=940 22.5% (2298 of 10203), ETA 0:00:00                              
[00:00:01] ... finding cutoff p=940 23.4% (2390 of 10203), ETA 0:00:00                              
[00:00:01] ... finding cutoff p=940 24.7% (2525 of 10203), ETA 0:00:00                              
[00:00:01] ... finding cutoff p=940 25.5% (2600 of 10203), ETA 0:00:00                              
[00:00:01] ... finding cutoff p=940 26.3% (2686 of 10203), ETA 0:00:00                              
[00:00:01] ... finding cutoff p=940 27.6% (2815 of 10203), ETA 0:00:00                              
[00:00:01] ... finding cutoff p=940 28.4% (2896 of 10203), ETA 0:00:00                              
[00:00:01] ... finding cutoff p=940 29.5% (3013 of 10203), ETA 0:00:00                              
[00:00:01] ... finding cutoff p=940 30.8% (3144 of 10203), ETA 0:00:00                              
[00:00:01] ... finding cutoff p=940 31.4% (3208 of 10203), ETA 0:00:00                              
[00:00:01] ... finding cutoff p=940 32.7% (3333 of 10203), ETA 0:00:00                              
[00:00:01] ... finding cutoff p=940 33.6% (3432 of 10203), ETA 0:00:00                              
[00:00:01] ... finding cutoff p=940 34.8% (3551 of 10203), ETA 0:00:00                              
[00:00:01] ... finding cutoff p=940 35.6% (3628 of 10203), ETA 0:00:00                              
[00:00:01] ... finding cutoff p=940 36.7% (3743 of 10203), ETA 0:00:00                              
[00:00:01] ... finding cutoff p=940 37.4% (3812 of 10203), ETA 0:00:00                              
[00:00:01] ... finding cutoff p=940 38.5% (3928 of 10203), ETA 0:00:00                              
[00:00:01] ... finding cutoff p=940 39.7% (4049 of 10203), ETA 0:00:00                              
[00:00:01] ... finding cutoff p=940 40.7% (4156 of 10203), ETA 0:00:00                              
[00:00:01] ... finding cutoff p=940 41.4% (4226 of 10203), ETA 0:00:00                              
[00:00:01] ... finding cutoff p=940 42.4% (4327 of 10203), ETA 0:00:00                              
[00:00:01] ... finding cutoff p=940 43.5% (4439 of 10203), ETA 0:00:00                              
[00:00:01] ... finding cutoff p=940 44.5% (4544 of 10203), ETA 0:00:00                              
[00:00:01] ... finding cutoff p=940 45.5% (4647 of 10203), ETA 0:00:00                              
[00:00:01] ... finding cutoff p=940 46.6% (4753 of 10203), ETA 0:00:00                              
[00:00:01] ... finding cutoff p=940 47.8% (4874 of 10203), ETA 0:00:00                              
[00:00:01] ... finding cutoff p=940 48.5% (4949 of 10203), ETA 0:00:00                              
[00:00:01] ... finding cutoff p=940 49.5% (5049 of 10203), ETA 0:00:00                              
[00:00:01] ... finding cutoff p=940 50.8% (5186 of 10203), ETA 0:00:00                              
[00:00:01] ... finding cutoff p=940 52.0% (5301 of 10203), ETA 0:00:00                              
[00:00:01] ... finding cutoff p=940 52.5% (5361 of 10203), ETA 0:00:00                              
[00:00:01] ... finding cutoff p=940 53.7% (5479 of 10203), ETA 0:00:00                              
[00:00:01] ... finding cutoff p=940 54.6% (5572 of 10203), ETA 0:00:00                              
[00:00:01] ... finding cutoff p=940 55.7% (5686 of 10203), ETA 0:00:00                              
[00:00:01] ... finding cutoff p=940 56.8% (5797 of 10203), ETA 0:00:00                              
[00:00:01] ... finding cutoff p=940 57.6% (5878 of 10203), ETA 0:00:00                              
[00:00:01] ... finding cutoff p=940 58.7% (5994 of 10203), ETA 0:00:00                              
[00:00:01] ... finding cutoff p=940 59.8% (6101 of 10203), ETA 0:00:00                              
[00:00:01] ... finding cutoff p=940 60.6% (6181 of 10203), ETA 0:00:00                              
[00:00:01] ... finding cutoff p=940 61.7% (6298 of 10203), ETA 0:00:00                              
[00:00:01] ... finding cutoff p=940 62.8% (6405 of 10203), ETA 0:00:00                              
[00:00:01] ... finding cutoff p=940 63.7% (6501 of 10203), ETA 0:00:00                              
[00:00:01] ... finding cutoff p=940 64.8% (6613 of 10203), ETA 0:00:00                              
[00:00:01] ... finding cutoff p=940 65.7% (6708 of 10203), ETA 0:00:00                              
[00:00:01] ... finding cutoff p=940 66.8% (6812 of 10203), ETA 0:00:00                              
[00:00:01] ... finding cutoff p=940 67.9% (6923 of 10203), ETA 0:00:00                              
[00:00:01] ... finding cutoff p=940 68.7% (7010 of 10203), ETA 0:00:00                              
[00:00:01] ... finding cutoff p=940 69.9% (7128 of 10203), ETA 0:00:00                              
[00:00:01] ... finding cutoff p=940 70.9% (7229 of 10203), ETA 0:00:00                              
[00:00:01] ... finding cutoff p=940 71.9% (7335 of 10203), ETA 0:00:00                              
[00:00:01] ... finding cutoff p=940 72.9% (7438 of 10203), ETA 0:00:00                              
[00:00:01] ... finding cutoff p=940 73.9% (7540 of 10203), ETA 0:00:00                              
[00:00:01] ... finding cutoff p=940 74.9% (7645 of 10203), ETA 0:00:00                              
[00:00:01] ... finding cutoff p=940 75.8% (7736 of 10203), ETA 0:00:00                              
[00:00:01] ... finding cutoff p=940 76.8% (7838 of 10203), ETA 0:00:00                              
[00:00:01] ... finding cutoff p=940 77.7% (7932 of 10203), ETA 0:00:00                              
[00:00:01] ... finding cutoff p=940 78.8% (8041 of 10203), ETA 0:00:00                              
[00:00:01] ... finding cutoff p=940 79.8% (8143 of 10203), ETA 0:00:00                              
[00:00:01] ... finding cutoff p=940 80.8% (8241 of 10203), ETA 0:00:00                              
[00:00:01] ... finding cutoff p=940 81.8% (8350 of 10203), ETA 0:00:00                              
[00:00:01] ... finding cutoff p=940 82.8% (8450 of 10203), ETA 0:00:00                              
[00:00:01] ... finding cutoff p=940 83.9% (8559 of 10203), ETA 0:00:00                              
[00:00:01] ... finding cutoff p=940 84.9% (8666 of 10203), ETA 0:00:00                              
[00:00:01] ... finding cutoff p=940 85.9% (8766 of 10203), ETA 0:00:00                              
[00:00:01] ... finding cutoff p=940 86.9% (8866 of 10203), ETA 0:00:00                              
[00:00:01] ... finding cutoff p=940 87.9% (8972 of 10203), ETA 0:00:00                              
[00:00:01] ... finding cutoff p=940 88.9% (9066 of 10203), ETA 0:00:00                              
[00:00:01] ... finding cutoff p=940 89.9% (9171 of 10203), ETA 0:00:00                              
[00:00:01] ... finding cutoff p=940 90.9% (9271 of 10203), ETA 0:00:00                              
[00:00:01] ... finding cutoff p=940 91.9% (9376 of 10203), ETA 0:00:00                              
[00:00:01] ... finding cutoff p=940 92.9% (9476 of 10203), ETA 0:00:00                              
[00:00:01] ... finding cutoff p=940 94.0% (9586 of 10203), ETA 0:00:00                              
[00:00:01] ... finding cutoff p=940 95.0% (9691 of 10203), ETA 0:00:00                              
[00:00:01] ... finding cutoff p=940 95.9% (9787 of 10203), ETA 0:00:00                              
[00:00:01] ... finding cutoff p=940 96.9% (9890 of 10203), ETA 0:00:00                              
[00:00:01] ... finding cutoff p=940 98.0% (9994 of 10203), ETA 0:00:00                              
[00:00:01] ... finding cutoff p=940 98.9% (10095 of 10203), ETA 0:00:00                              
[00:00:01] ... finding cutoff p=940 99.9% (10197 of 10203), ETA 0:00:00                              
[00:00:01] Preparing TNF Graph Building [pTNF = 94.0; 5455 / 10203 (P = 53.46%) round 17]               
[00:00:01] Finding cutoff p=937 [-97.9Gb / 1007.8Gb]                                                     
[00:00:01] ... finding cutoff p=937 1.5% (150 of 10203), ETA 0:00:00                              
[00:00:01] ... finding cutoff p=937 2.6% (267 of 10203), ETA 0:00:00                              
[00:00:01] ... finding cutoff p=937 3.5% (353 of 10203), ETA 0:00:00                              
[00:00:01] ... finding cutoff p=937 4.3% (437 of 10203), ETA 0:00:00                              
[00:00:01] ... finding cutoff p=937 5.0% (515 of 10203), ETA 0:00:00                              
[00:00:01] ... finding cutoff p=937 6.5% (663 of 10203), ETA 0:00:00                              
[00:00:01] ... finding cutoff p=937 7.4% (758 of 10203), ETA 0:00:00                              
[00:00:01] ... finding cutoff p=937 8.4% (854 of 10203), ETA 0:00:00                              
[00:00:01] ... finding cutoff p=937 9.1% (929 of 10203), ETA 0:00:00                              
[00:00:01] ... finding cutoff p=937 10.7% (1095 of 10203), ETA 0:00:00                              
[00:00:01] ... finding cutoff p=937 12.1% (1233 of 10203), ETA 0:00:00                              
[00:00:01] ... finding cutoff p=937 13.4% (1366 of 10203), ETA 0:00:00                              
[00:00:01] ... finding cutoff p=937 14.4% (1470 of 10203), ETA 0:00:00                              
[00:00:01] ... finding cutoff p=937 15.5% (1580 of 10203), ETA 0:00:00                              
[00:00:01] ... finding cutoff p=937 16.7% (1706 of 10203), ETA 0:00:00                              
[00:00:01] ... finding cutoff p=937 17.3% (1761 of 10203), ETA 0:00:00                              
[00:00:01] ... finding cutoff p=937 18.9% (1927 of 10203), ETA 0:00:00                              
[00:00:01] ... finding cutoff p=937 20.3% (2073 of 10203), ETA 0:00:00                              
[00:00:01] ... finding cutoff p=937 21.8% (2221 of 10203), ETA 0:00:00                              
[00:00:01] ... finding cutoff p=937 22.7% (2318 of 10203), ETA 0:00:00                              
[00:00:01] ... finding cutoff p=937 23.6% (2406 of 10203), ETA 0:00:00                              
[00:00:01] ... finding cutoff p=937 24.2% (2474 of 10203), ETA 0:00:00                              
[00:00:01] ... finding cutoff p=937 25.5% (2605 of 10203), ETA 0:00:00                              
[00:00:01] ... finding cutoff p=937 26.5% (2699 of 10203), ETA 0:00:00                              
[00:00:01] ... finding cutoff p=937 27.4% (2798 of 10203), ETA 0:00:00                              
[00:00:01] ... finding cutoff p=937 28.7% (2926 of 10203), ETA 0:00:00                              
[00:00:01] ... finding cutoff p=937 29.3% (2988 of 10203), ETA 0:00:00                              
[00:00:01] ... finding cutoff p=937 30.4% (3102 of 10203), ETA 0:00:00                              
[00:00:01] ... finding cutoff p=937 31.7% (3237 of 10203), ETA 0:00:00                              
[00:00:01] ... finding cutoff p=937 32.3% (3297 of 10203), ETA 0:00:00                              
[00:00:01] ... finding cutoff p=937 33.5% (3423 of 10203), ETA 0:00:00                              
[00:00:01] ... finding cutoff p=937 34.7% (3541 of 10203), ETA 0:00:00                              
[00:00:01] ... finding cutoff p=937 35.8% (3649 of 10203), ETA 0:00:00                              
[00:00:01] ... finding cutoff p=937 36.4% (3709 of 10203), ETA 0:00:00                              
[00:00:01] ... finding cutoff p=937 37.5% (3823 of 10203), ETA 0:00:00                              
[00:00:01] ... finding cutoff p=937 38.5% (3932 of 10203), ETA 0:00:00                              
[00:00:01] ... finding cutoff p=937 39.6% (4045 of 10203), ETA 0:00:00                              
[00:00:01] ... finding cutoff p=937 40.7% (4149 of 10203), ETA 0:00:00                              
[00:00:01] ... finding cutoff p=937 41.8% (4267 of 10203), ETA 0:00:00                              
[00:00:01] ... finding cutoff p=937 42.9% (4379 of 10203), ETA 0:00:00                              
[00:00:01] ... finding cutoff p=937 43.5% (4441 of 10203), ETA 0:00:00                              
[00:00:01] ... finding cutoff p=937 44.6% (4549 of 10203), ETA 0:00:00                              
[00:00:01] ... finding cutoff p=937 45.9% (4683 of 10203), ETA 0:00:00                              
[00:00:01] ... finding cutoff p=937 46.6% (4750 of 10203), ETA 0:00:00                              
[00:00:01] ... finding cutoff p=937 47.5% (4851 of 10203), ETA 0:00:00                              
[00:00:01] ... finding cutoff p=937 48.5% (4951 of 10203), ETA 0:00:00                              
[00:00:01] ... finding cutoff p=937 49.6% (5064 of 10203), ETA 0:00:00                              
[00:00:01] ... finding cutoff p=937 50.6% (5167 of 10203), ETA 0:00:00                              
[00:00:01] ... finding cutoff p=937 51.7% (5273 of 10203), ETA 0:00:00                              
[00:00:01] ... finding cutoff p=937 52.7% (5379 of 10203), ETA 0:00:00                              
[00:00:01] ... finding cutoff p=937 53.7% (5474 of 10203), ETA 0:00:00                              
[00:00:01] ... finding cutoff p=937 54.6% (5571 of 10203), ETA 0:00:00                              
[00:00:01] ... finding cutoff p=937 55.9% (5701 of 10203), ETA 0:00:00                              
[00:00:01] ... finding cutoff p=937 56.6% (5773 of 10203), ETA 0:00:00                              
[00:00:01] ... finding cutoff p=937 57.6% (5873 of 10203), ETA 0:00:00                              
[00:00:01] ... finding cutoff p=937 58.8% (6002 of 10203), ETA 0:00:00                              
[00:00:01] ... finding cutoff p=937 59.8% (6106 of 10203), ETA 0:00:00                              
[00:00:01] ... finding cutoff p=937 60.7% (6194 of 10203), ETA 0:00:00                              
[00:00:01] ... finding cutoff p=937 62.2% (6345 of 10203), ETA 0:00:00                              
[00:00:01] ... finding cutoff p=937 62.6% (6386 of 10203), ETA 0:00:00                              
[00:00:01] ... finding cutoff p=937 63.7% (6499 of 10203), ETA 0:00:00                              
[00:00:01] ... finding cutoff p=937 64.6% (6595 of 10203), ETA 0:00:00                              
[00:00:01] ... finding cutoff p=937 65.6% (6698 of 10203), ETA 0:00:00                              
[00:00:01] ... finding cutoff p=937 66.7% (6808 of 10203), ETA 0:00:00                              
[00:00:01] ... finding cutoff p=937 67.8% (6914 of 10203), ETA 0:00:00                              
[00:00:01] ... finding cutoff p=937 68.9% (7026 of 10203), ETA 0:00:00                              
[00:00:01] ... finding cutoff p=937 69.7% (7111 of 10203), ETA 0:00:00                              
[00:00:01] ... finding cutoff p=937 70.7% (7216 of 10203), ETA 0:00:00                              
[00:00:01] ... finding cutoff p=937 71.8% (7330 of 10203), ETA 0:00:00                              
[00:00:01] ... finding cutoff p=937 72.9% (7436 of 10203), ETA 0:00:00                              
[00:00:01] ... finding cutoff p=937 73.9% (7539 of 10203), ETA 0:00:00                              
[00:00:01] ... finding cutoff p=937 74.7% (7623 of 10203), ETA 0:00:00                              
[00:00:01] ... finding cutoff p=937 75.7% (7725 of 10203), ETA 0:00:00                              
[00:00:01] ... finding cutoff p=937 76.8% (7836 of 10203), ETA 0:00:00                              
[00:00:01] ... finding cutoff p=937 77.7% (7932 of 10203), ETA 0:00:00                              
[00:00:01] ... finding cutoff p=937 78.9% (8054 of 10203), ETA 0:00:00                              
[00:00:01] ... finding cutoff p=937 79.8% (8140 of 10203), ETA 0:00:00                              
[00:00:01] ... finding cutoff p=937 80.8% (8242 of 10203), ETA 0:00:00                              
[00:00:01] ... finding cutoff p=937 81.8% (8344 of 10203), ETA 0:00:00                              
[00:00:01] ... finding cutoff p=937 82.9% (8462 of 10203), ETA 0:00:00                              
[00:00:01] ... finding cutoff p=937 83.8% (8550 of 10203), ETA 0:00:00                              
[00:00:01] ... finding cutoff p=937 84.9% (8660 of 10203), ETA 0:00:00                              
[00:00:01] ... finding cutoff p=937 85.9% (8765 of 10203), ETA 0:00:00                              
[00:00:01] ... finding cutoff p=937 87.0% (8873 of 10203), ETA 0:00:00                              
[00:00:01] ... finding cutoff p=937 87.9% (8972 of 10203), ETA 0:00:00                              
[00:00:01] ... finding cutoff p=937 88.9% (9068 of 10203), ETA 0:00:00                              
[00:00:01] ... finding cutoff p=937 89.8% (9167 of 10203), ETA 0:00:00                              
[00:00:01] ... finding cutoff p=937 90.9% (9279 of 10203), ETA 0:00:00                              
[00:00:01] ... finding cutoff p=937 91.9% (9379 of 10203), ETA 0:00:00                              
[00:00:01] ... finding cutoff p=937 92.9% (9479 of 10203), ETA 0:00:00                              
[00:00:01] ... finding cutoff p=937 93.9% (9585 of 10203), ETA 0:00:00                              
[00:00:01] ... finding cutoff p=937 94.9% (9684 of 10203), ETA 0:00:00                              
[00:00:01] ... finding cutoff p=937 95.9% (9789 of 10203), ETA 0:00:00                              
[00:00:01] ... finding cutoff p=937 96.9% (9889 of 10203), ETA 0:00:00                              
[00:00:01] ... finding cutoff p=937 98.0% (9994 of 10203), ETA 0:00:00                              
[00:00:01] ... finding cutoff p=937 98.9% (10094 of 10203), ETA 0:00:00                              
[00:00:01] ... finding cutoff p=937 99.9% (10197 of 10203), ETA 0:00:00                              
[00:00:01] Preparing TNF Graph Building [pTNF = 93.7; 5644 / 10203 (P = 55.32%) round 18]               
[00:00:01] Finding cutoff p=933 [-97.9Gb / 1007.8Gb]                                                     
[00:00:01] ... finding cutoff p=933 1.4% (142 of 10203), ETA 0:00:00                              
[00:00:01] ... finding cutoff p=933 2.5% (255 of 10203), ETA 0:00:00                              
[00:00:01] ... finding cutoff p=933 3.4% (344 of 10203), ETA 0:00:00                              
[00:00:01] ... finding cutoff p=933 4.1% (421 of 10203), ETA 0:00:00                              
[00:00:01] ... finding cutoff p=933 5.6% (571 of 10203), ETA 0:00:00                              
[00:00:01] ... finding cutoff p=933 6.4% (658 of 10203), ETA 0:00:00                              
[00:00:01] ... finding cutoff p=933 7.4% (756 of 10203), ETA 0:00:00                              
[00:00:01] ... finding cutoff p=933 8.3% (842 of 10203), ETA 0:00:00                              
[00:00:01] ... finding cutoff p=933 9.2% (940 of 10203), ETA 0:00:00                              
[00:00:01] ... finding cutoff p=933 10.1% (1032 of 10203), ETA 0:00:00                              
[00:00:01] ... finding cutoff p=933 11.7% (1198 of 10203), ETA 0:00:00                              
[00:00:01] ... finding cutoff p=933 12.9% (1314 of 10203), ETA 0:00:00                              
[00:00:01] ... finding cutoff p=933 13.8% (1404 of 10203), ETA 0:00:00                              
[00:00:01] ... finding cutoff p=933 15.1% (1542 of 10203), ETA 0:00:00                              
[00:00:01] ... finding cutoff p=933 16.2% (1654 of 10203), ETA 0:00:00                              
[00:00:01] ... finding cutoff p=933 17.6% (1795 of 10203), ETA 0:00:00                              
[00:00:01] ... finding cutoff p=933 18.6% (1900 of 10203), ETA 0:00:00                              
[00:00:01] ... finding cutoff p=933 19.3% (1974 of 10203), ETA 0:00:00                              
[00:00:01] ... finding cutoff p=933 20.3% (2069 of 10203), ETA 0:00:00                              
[00:00:01] ... finding cutoff p=933 21.6% (2204 of 10203), ETA 0:00:00                              
[00:00:01] ... finding cutoff p=933 22.4% (2290 of 10203), ETA 0:00:00                              
[00:00:01] ... finding cutoff p=933 23.3% (2378 of 10203), ETA 0:00:00                              
[00:00:01] ... finding cutoff p=933 24.5% (2503 of 10203), ETA 0:00:00                              
[00:00:01] ... finding cutoff p=933 25.3% (2585 of 10203), ETA 0:00:00                              
[00:00:01] ... finding cutoff p=933 26.7% (2723 of 10203), ETA 0:00:00                              
[00:00:01] ... finding cutoff p=933 27.4% (2795 of 10203), ETA 0:00:00                              
[00:00:01] ... finding cutoff p=933 28.3% (2890 of 10203), ETA 0:00:00                              
[00:00:01] ... finding cutoff p=933 29.4% (2997 of 10203), ETA 0:00:00                              
[00:00:01] ... finding cutoff p=933 30.7% (3137 of 10203), ETA 0:00:00                              
[00:00:01] ... finding cutoff p=933 31.4% (3206 of 10203), ETA 0:00:00                              
[00:00:01] ... finding cutoff p=933 32.6% (3330 of 10203), ETA 0:00:00                              
[00:00:01] ... finding cutoff p=933 33.8% (3446 of 10203), ETA 0:00:00                              
[00:00:01] ... finding cutoff p=933 34.9% (3559 of 10203), ETA 0:00:00                              
[00:00:01] ... finding cutoff p=933 35.6% (3633 of 10203), ETA 0:00:00                              
[00:00:01] ... finding cutoff p=933 36.4% (3709 of 10203), ETA 0:00:00                              
[00:00:01] ... finding cutoff p=933 37.6% (3835 of 10203), ETA 0:00:00                              
[00:00:01] ... finding cutoff p=933 38.8% (3960 of 10203), ETA 0:00:00                              
[00:00:01] ... finding cutoff p=933 39.5% (4027 of 10203), ETA 0:00:00                              
[00:00:01] ... finding cutoff p=933 40.4% (4120 of 10203), ETA 0:00:00                              
[00:00:01] ... finding cutoff p=933 41.6% (4244 of 10203), ETA 0:00:00                              
[00:00:01] ... finding cutoff p=933 42.5% (4333 of 10203), ETA 0:00:00                              
[00:00:01] ... finding cutoff p=933 43.5% (4443 of 10203), ETA 0:00:00                              
[00:00:01] ... finding cutoff p=933 44.7% (4559 of 10203), ETA 0:00:00                              
[00:00:01] ... finding cutoff p=933 45.7% (4665 of 10203), ETA 0:00:00                              
[00:00:01] ... finding cutoff p=933 46.9% (4783 of 10203), ETA 0:00:00                              
[00:00:01] ... finding cutoff p=933 47.9% (4890 of 10203), ETA 0:00:00                              
[00:00:01] ... finding cutoff p=933 49.0% (4995 of 10203), ETA 0:00:00                              
[00:00:01] ... finding cutoff p=933 49.5% (5050 of 10203), ETA 0:00:00                              
[00:00:01] ... finding cutoff p=933 50.6% (5160 of 10203), ETA 0:00:00                              
[00:00:01] ... finding cutoff p=933 51.5% (5258 of 10203), ETA 0:00:00                              
[00:00:01] ... finding cutoff p=933 52.6% (5363 of 10203), ETA 0:00:00                              
[00:00:01] ... finding cutoff p=933 53.8% (5490 of 10203), ETA 0:00:00                              
[00:00:01] ... finding cutoff p=933 54.8% (5595 of 10203), ETA 0:00:00                              
[00:00:01] ... finding cutoff p=933 55.7% (5684 of 10203), ETA 0:00:00                              
[00:00:01] ... finding cutoff p=933 56.8% (5799 of 10203), ETA 0:00:00                              
[00:00:01] ... finding cutoff p=933 57.9% (5904 of 10203), ETA 0:00:00                              
[00:00:01] ... finding cutoff p=933 58.7% (5989 of 10203), ETA 0:00:00                              
[00:00:01] ... finding cutoff p=933 59.6% (6082 of 10203), ETA 0:00:00                              
[00:00:01] ... finding cutoff p=933 60.7% (6189 of 10203), ETA 0:00:00                              
[00:00:01] ... finding cutoff p=933 61.7% (6293 of 10203), ETA 0:00:00                              
[00:00:01] ... finding cutoff p=933 62.8% (6404 of 10203), ETA 0:00:00                              
[00:00:01] ... finding cutoff p=933 63.7% (6499 of 10203), ETA 0:00:00                              
[00:00:01] ... finding cutoff p=933 64.8% (6609 of 10203), ETA 0:00:00                              
[00:00:01] ... finding cutoff p=933 65.7% (6701 of 10203), ETA 0:00:00                              
[00:00:01] ... finding cutoff p=933 66.8% (6814 of 10203), ETA 0:00:00                              
[00:00:01] ... finding cutoff p=933 67.8% (6917 of 10203), ETA 0:00:00                              
[00:00:01] ... finding cutoff p=933 68.8% (7023 of 10203), ETA 0:00:00                              
[00:00:01] ... finding cutoff p=933 69.7% (7110 of 10203), ETA 0:00:00                              
[00:00:01] ... finding cutoff p=933 70.8% (7226 of 10203), ETA 0:00:00                              
[00:00:01] ... finding cutoff p=933 71.8% (7330 of 10203), ETA 0:00:00                              
[00:00:01] ... finding cutoff p=933 72.8% (7431 of 10203), ETA 0:00:00                              
[00:00:01] ... finding cutoff p=933 73.9% (7541 of 10203), ETA 0:00:00                              
[00:00:01] ... finding cutoff p=933 74.9% (7640 of 10203), ETA 0:00:00                              
[00:00:01] ... finding cutoff p=933 75.8% (7730 of 10203), ETA 0:00:00                              
[00:00:01] ... finding cutoff p=933 76.9% (7842 of 10203), ETA 0:00:00                              
[00:00:01] ... finding cutoff p=933 77.7% (7932 of 10203), ETA 0:00:00                              
[00:00:01] ... finding cutoff p=933 78.8% (8037 of 10203), ETA 0:00:00                              
[00:00:01] ... finding cutoff p=933 79.8% (8142 of 10203), ETA 0:00:00                              
[00:00:01] ... finding cutoff p=933 80.8% (8242 of 10203), ETA 0:00:00                              
[00:00:01] ... finding cutoff p=933 81.9% (8359 of 10203), ETA 0:00:00                              
[00:00:01] ... finding cutoff p=933 82.9% (8454 of 10203), ETA 0:00:00                              
[00:00:01] ... finding cutoff p=933 83.9% (8559 of 10203), ETA 0:00:00                              
[00:00:01] ... finding cutoff p=933 84.8% (8657 of 10203), ETA 0:00:00                              
[00:00:01] ... finding cutoff p=933 85.8% (8756 of 10203), ETA 0:00:00                              
[00:00:01] ... finding cutoff p=933 86.9% (8868 of 10203), ETA 0:00:00                              
[00:00:01] ... finding cutoff p=933 87.9% (8968 of 10203), ETA 0:00:00                              
[00:00:01] ... finding cutoff p=933 88.9% (9066 of 10203), ETA 0:00:00                              
[00:00:01] ... finding cutoff p=933 90.0% (9178 of 10203), ETA 0:00:00                              
[00:00:01] ... finding cutoff p=933 90.9% (9277 of 10203), ETA 0:00:00                              
[00:00:01] ... finding cutoff p=933 91.9% (9376 of 10203), ETA 0:00:00                              
[00:00:01] ... finding cutoff p=933 92.9% (9478 of 10203), ETA 0:00:00                              
[00:00:01] ... finding cutoff p=933 93.9% (9584 of 10203), ETA 0:00:00                              
[00:00:01] ... finding cutoff p=933 94.9% (9683 of 10203), ETA 0:00:00                              
[00:00:01] ... finding cutoff p=933 96.0% (9791 of 10203), ETA 0:00:00                              
[00:00:01] ... finding cutoff p=933 96.9% (9890 of 10203), ETA 0:00:00                              
[00:00:01] ... finding cutoff p=933 97.9% (9992 of 10203), ETA 0:00:00                              
[00:00:01] ... finding cutoff p=933 98.9% (10094 of 10203), ETA 0:00:00                              
[00:00:01] ... finding cutoff p=933 99.9% (10197 of 10203), ETA 0:00:00                              
[00:00:01] Preparing TNF Graph Building [pTNF = 93.3; 5913 / 10203 (P = 57.95%) round 19]               
[00:00:01] Finding cutoff p=929 [-97.9Gb / 1007.8Gb]                                                     
[00:00:01] ... finding cutoff p=929 1.5% (148 of 10203), ETA 0:00:00                              
[00:00:01] ... finding cutoff p=929 2.5% (255 of 10203), ETA 0:00:00                              
[00:00:01] ... finding cutoff p=929 3.3% (340 of 10203), ETA 0:00:00                              
[00:00:01] ... finding cutoff p=929 4.1% (423 of 10203), ETA 0:00:00                              
[00:00:01] ... finding cutoff p=929 5.6% (572 of 10203), ETA 0:00:00                              
[00:00:01] ... finding cutoff p=929 6.6% (672 of 10203), ETA 0:00:00                              
[00:00:01] ... finding cutoff p=929 7.7% (789 of 10203), ETA 0:00:00                              
[00:00:01] ... finding cutoff p=929 8.6% (881 of 10203), ETA 0:00:00                              
[00:00:01] ... finding cutoff p=929 9.7% (985 of 10203), ETA 0:00:00                              
[00:00:01] ... finding cutoff p=929 10.5% (1076 of 10203), ETA 0:00:00                              
[00:00:01] ... finding cutoff p=929 11.5% (1175 of 10203), ETA 0:00:00                              
[00:00:01] ... finding cutoff p=929 12.4% (1265 of 10203), ETA 0:00:00                              
[00:00:01] ... finding cutoff p=929 13.2% (1345 of 10203), ETA 0:00:00                              
[00:00:01] ... finding cutoff p=929 14.2% (1450 of 10203), ETA 0:00:00                              
[00:00:01] ... finding cutoff p=929 15.4% (1567 of 10203), ETA 0:00:00                              
[00:00:01] ... finding cutoff p=929 16.5% (1683 of 10203), ETA 0:00:00                              
[00:00:01] ... finding cutoff p=929 17.2% (1756 of 10203), ETA 0:00:00                              
[00:00:01] ... finding cutoff p=929 18.5% (1889 of 10203), ETA 0:00:00                              
[00:00:01] ... finding cutoff p=929 19.2% (1961 of 10203), ETA 0:00:00                              
[00:00:01] ... finding cutoff p=929 20.7% (2107 of 10203), ETA 0:00:00                              
[00:00:01] ... finding cutoff p=929 21.5% (2195 of 10203), ETA 0:00:00                              
[00:00:01] ... finding cutoff p=929 23.1% (2361 of 10203), ETA 0:00:00                              
[00:00:01] ... finding cutoff p=929 23.8% (2429 of 10203), ETA 0:00:00                              
[00:00:01] ... finding cutoff p=929 24.7% (2522 of 10203), ETA 0:00:00                              
[00:00:01] ... finding cutoff p=929 25.4% (2594 of 10203), ETA 0:00:00                              
[00:00:01] ... finding cutoff p=929 26.7% (2721 of 10203), ETA 0:00:00                              
[00:00:01] ... finding cutoff p=929 27.3% (2787 of 10203), ETA 0:00:00                              
[00:00:01] ... finding cutoff p=929 28.3% (2890 of 10203), ETA 0:00:00                              
[00:00:01] ... finding cutoff p=929 29.4% (3004 of 10203), ETA 0:00:00                              
[00:00:01] ... finding cutoff p=929 30.6% (3127 of 10203), ETA 0:00:00                              
[00:00:01] ... finding cutoff p=929 31.9% (3253 of 10203), ETA 0:00:00                              
[00:00:01] ... finding cutoff p=929 32.6% (3324 of 10203), ETA 0:00:00                              
[00:00:01] ... finding cutoff p=929 33.4% (3408 of 10203), ETA 0:00:00                              
[00:00:01] ... finding cutoff p=929 34.4% (3512 of 10203), ETA 0:00:00                              
[00:00:01] ... finding cutoff p=929 35.5% (3621 of 10203), ETA 0:00:00                              
[00:00:01] ... finding cutoff p=929 36.9% (3765 of 10203), ETA 0:00:00                              
[00:00:01] ... finding cutoff p=929 37.7% (3842 of 10203), ETA 0:00:00                              
[00:00:01] ... finding cutoff p=929 38.7% (3945 of 10203), ETA 0:00:00                              
[00:00:01] ... finding cutoff p=929 39.9% (4068 of 10203), ETA 0:00:00                              
[00:00:01] ... finding cutoff p=929 40.5% (4128 of 10203), ETA 0:00:00                              
[00:00:01] ... finding cutoff p=929 41.4% (4227 of 10203), ETA 0:00:00                              
[00:00:01] ... finding cutoff p=929 42.6% (4350 of 10203), ETA 0:00:00                              
[00:00:01] ... finding cutoff p=929 43.8% (4466 of 10203), ETA 0:00:00                              
[00:00:01] ... finding cutoff p=929 44.9% (4583 of 10203), ETA 0:00:00                              
[00:00:01] ... finding cutoff p=929 45.9% (4685 of 10203), ETA 0:00:00                              
[00:00:01] ... finding cutoff p=929 46.5% (4744 of 10203), ETA 0:00:00                              
[00:00:01] ... finding cutoff p=929 47.5% (4845 of 10203), ETA 0:00:00                              
[00:00:01] ... finding cutoff p=929 48.6% (4956 of 10203), ETA 0:00:00                              
[00:00:01] ... finding cutoff p=929 49.6% (5062 of 10203), ETA 0:00:00                              
[00:00:01] ... finding cutoff p=929 50.7% (5172 of 10203), ETA 0:00:00                              
[00:00:01] ... finding cutoff p=929 51.6% (5267 of 10203), ETA 0:00:00                              
[00:00:01] ... finding cutoff p=929 52.7% (5382 of 10203), ETA 0:00:00                              
[00:00:01] ... finding cutoff p=929 53.7% (5477 of 10203), ETA 0:00:00                              
[00:00:01] ... finding cutoff p=929 54.6% (5575 of 10203), ETA 0:00:00                              
[00:00:01] ... finding cutoff p=929 55.7% (5681 of 10203), ETA 0:00:00                              
[00:00:01] ... finding cutoff p=929 56.6% (5778 of 10203), ETA 0:00:00                              
[00:00:01] ... finding cutoff p=929 57.5% (5871 of 10203), ETA 0:00:00                              
[00:00:01] ... finding cutoff p=929 58.8% (6000 of 10203), ETA 0:00:00                              
[00:00:01] ... finding cutoff p=929 59.9% (6108 of 10203), ETA 0:00:00                              
[00:00:01] ... finding cutoff p=929 60.8% (6201 of 10203), ETA 0:00:00                              
[00:00:01] ... finding cutoff p=929 61.6% (6284 of 10203), ETA 0:00:00                              
[00:00:01] ... finding cutoff p=929 62.9% (6413 of 10203), ETA 0:00:00                              
[00:00:01] ... finding cutoff p=929 63.7% (6495 of 10203), ETA 0:00:00                              
[00:00:01] ... finding cutoff p=929 64.8% (6607 of 10203), ETA 0:00:00                              
[00:00:01] ... finding cutoff p=929 65.7% (6705 of 10203), ETA 0:00:00                              
[00:00:01] ... finding cutoff p=929 66.7% (6803 of 10203), ETA 0:00:00                              
[00:00:01] ... finding cutoff p=929 67.7% (6905 of 10203), ETA 0:00:00                              
[00:00:01] ... finding cutoff p=929 68.8% (7016 of 10203), ETA 0:00:00                              
[00:00:01] ... finding cutoff p=929 69.9% (7132 of 10203), ETA 0:00:00                              
[00:00:01] ... finding cutoff p=929 70.7% (7215 of 10203), ETA 0:00:00                              
[00:00:01] ... finding cutoff p=929 71.7% (7317 of 10203), ETA 0:00:00                              
[00:00:01] ... finding cutoff p=929 72.8% (7429 of 10203), ETA 0:00:00                              
[00:00:01] ... finding cutoff p=929 73.7% (7522 of 10203), ETA 0:00:00                              
[00:00:01] ... finding cutoff p=929 74.8% (7636 of 10203), ETA 0:00:00                              
[00:00:01] ... finding cutoff p=929 75.9% (7744 of 10203), ETA 0:00:00                              
[00:00:01] ... finding cutoff p=929 76.8% (7838 of 10203), ETA 0:00:00                              
[00:00:01] ... finding cutoff p=929 77.9% (7946 of 10203), ETA 0:00:00                              
[00:00:01] ... finding cutoff p=929 78.9% (8048 of 10203), ETA 0:00:00                              
[00:00:01] ... finding cutoff p=929 79.8% (8141 of 10203), ETA 0:00:00                              
[00:00:01] ... finding cutoff p=929 80.8% (8246 of 10203), ETA 0:00:00                              
[00:00:01] ... finding cutoff p=929 81.8% (8343 of 10203), ETA 0:00:00                              
[00:00:01] ... finding cutoff p=929 82.8% (8448 of 10203), ETA 0:00:00                              
[00:00:01] ... finding cutoff p=929 83.8% (8552 of 10203), ETA 0:00:00                              
[00:00:01] ... finding cutoff p=929 84.9% (8662 of 10203), ETA 0:00:00                              
[00:00:01] ... finding cutoff p=929 85.8% (8756 of 10203), ETA 0:00:00                              
[00:00:01] ... finding cutoff p=929 86.8% (8860 of 10203), ETA 0:00:00                              
[00:00:01] ... finding cutoff p=929 87.9% (8965 of 10203), ETA 0:00:00                              
[00:00:01] ... finding cutoff p=929 88.8% (9064 of 10203), ETA 0:00:00                              
[00:00:01] ... finding cutoff p=929 89.9% (9172 of 10203), ETA 0:00:00                              
[00:00:01] ... finding cutoff p=929 90.9% (9271 of 10203), ETA 0:00:00                              
[00:00:01] ... finding cutoff p=929 91.9% (9377 of 10203), ETA 0:00:00                              
[00:00:01] ... finding cutoff p=929 92.9% (9480 of 10203), ETA 0:00:00                              
[00:00:01] ... finding cutoff p=929 93.9% (9584 of 10203), ETA 0:00:00                              
[00:00:01] ... finding cutoff p=929 94.9% (9683 of 10203), ETA 0:00:00                              
[00:00:01] ... finding cutoff p=929 95.9% (9785 of 10203), ETA 0:00:00                              
[00:00:01] ... finding cutoff p=929 96.9% (9888 of 10203), ETA 0:00:00                              
[00:00:01] ... finding cutoff p=929 98.0% (9994 of 10203), ETA 0:00:00                              
[00:00:01] ... finding cutoff p=929 98.9% (10095 of 10203), ETA 0:00:00                              
[00:00:01] ... finding cutoff p=929 99.9% (10197 of 10203), ETA 0:00:00                              
[00:00:01] Preparing TNF Graph Building [pTNF = 92.9; 6145 / 10203 (P = 60.23%) round 20]               
[00:00:01] Finding cutoff p=925 [-97.9Gb / 1007.8Gb]                                                     
[00:00:01] ... finding cutoff p=925 1.3% (131 of 10203), ETA 0:00:00                              
[00:00:01] ... finding cutoff p=925 3.0% (307 of 10203), ETA 0:00:00                              
[00:00:01] ... finding cutoff p=925 3.9% (395 of 10203), ETA 0:00:00                              
[00:00:01] ... finding cutoff p=925 4.8% (486 of 10203), ETA 0:00:00                              
[00:00:01] ... finding cutoff p=925 5.6% (573 of 10203), ETA 0:00:00                              
[00:00:01] ... finding cutoff p=925 6.5% (666 of 10203), ETA 0:00:00                              
[00:00:01] ... finding cutoff p=925 7.3% (745 of 10203), ETA 0:00:00                              
[00:00:01] ... finding cutoff p=925 8.5% (872 of 10203), ETA 0:00:00                              
[00:00:01] ... finding cutoff p=925 9.3% (951 of 10203), ETA 0:00:00                              
[00:00:01] ... finding cutoff p=925 10.5% (1067 of 10203), ETA 0:00:00                              
[00:00:01] ... finding cutoff p=925 11.3% (1158 of 10203), ETA 0:00:00                              
[00:00:01] ... finding cutoff p=925 12.9% (1315 of 10203), ETA 0:00:00                              
[00:00:01] ... finding cutoff p=925 14.1% (1436 of 10203), ETA 0:00:00                              
[00:00:01] ... finding cutoff p=925 15.2% (1547 of 10203), ETA 0:00:00                              
[00:00:01] ... finding cutoff p=925 16.9% (1721 of 10203), ETA 0:00:00                              
[00:00:01] ... finding cutoff p=925 17.8% (1816 of 10203), ETA 0:00:00                              
[00:00:01] ... finding cutoff p=925 18.7% (1913 of 10203), ETA 0:00:00                              
[00:00:01] ... finding cutoff p=925 19.8% (2016 of 10203), ETA 0:00:00                              
[00:00:01] ... finding cutoff p=925 20.6% (2105 of 10203), ETA 0:00:00                              
[00:00:01] ... finding cutoff p=925 21.7% (2209 of 10203), ETA 0:00:00                              
[00:00:01] ... finding cutoff p=925 22.5% (2297 of 10203), ETA 0:00:00                              
[00:00:01] ... finding cutoff p=925 23.2% (2370 of 10203), ETA 0:00:00                              
[00:00:01] ... finding cutoff p=925 24.5% (2499 of 10203), ETA 0:00:00                              
[00:00:01] ... finding cutoff p=925 25.3% (2583 of 10203), ETA 0:00:00                              
[00:00:01] ... finding cutoff p=925 26.8% (2733 of 10203), ETA 0:00:00                              
[00:00:01] ... finding cutoff p=925 27.5% (2802 of 10203), ETA 0:00:00                              
[00:00:01] ... finding cutoff p=925 28.4% (2900 of 10203), ETA 0:00:00                              
[00:00:01] ... finding cutoff p=925 29.6% (3021 of 10203), ETA 0:00:00                              
[00:00:01] ... finding cutoff p=925 30.3% (3093 of 10203), ETA 0:00:00                              
[00:00:01] ... finding cutoff p=925 31.5% (3210 of 10203), ETA 0:00:00                              
[00:00:01] ... finding cutoff p=925 32.6% (3331 of 10203), ETA 0:00:00                              
[00:00:01] ... finding cutoff p=925 33.6% (3429 of 10203), ETA 0:00:00                              
[00:00:01] ... finding cutoff p=925 34.8% (3553 of 10203), ETA 0:00:00                              
[00:00:01] ... finding cutoff p=925 35.7% (3640 of 10203), ETA 0:00:00                              
[00:00:01] ... finding cutoff p=925 36.4% (3717 of 10203), ETA 0:00:00                              
[00:00:01] ... finding cutoff p=925 37.6% (3832 of 10203), ETA 0:00:00                              
[00:00:01] ... finding cutoff p=925 38.6% (3940 of 10203), ETA 0:00:00                              
[00:00:01] ... finding cutoff p=925 39.4% (4017 of 10203), ETA 0:00:00                              
[00:00:01] ... finding cutoff p=925 40.4% (4124 of 10203), ETA 0:00:00                              
[00:00:01] ... finding cutoff p=925 41.6% (4243 of 10203), ETA 0:00:00                              
[00:00:01] ... finding cutoff p=925 42.7% (4361 of 10203), ETA 0:00:00                              
[00:00:01] ... finding cutoff p=925 43.8% (4465 of 10203), ETA 0:00:00                              
[00:00:01] ... finding cutoff p=925 44.7% (4562 of 10203), ETA 0:00:00                              
[00:00:01] ... finding cutoff p=925 45.7% (4664 of 10203), ETA 0:00:00                              
[00:00:01] ... finding cutoff p=925 46.8% (4775 of 10203), ETA 0:00:00                              
[00:00:01] ... finding cutoff p=925 47.9% (4889 of 10203), ETA 0:00:00                              
[00:00:01] ... finding cutoff p=925 48.9% (4993 of 10203), ETA 0:00:00                              
[00:00:01] ... finding cutoff p=925 49.9% (5096 of 10203), ETA 0:00:00                              
[00:00:01] ... finding cutoff p=925 50.5% (5157 of 10203), ETA 0:00:00                              
[00:00:01] ... finding cutoff p=925 51.7% (5278 of 10203), ETA 0:00:00                              
[00:00:01] ... finding cutoff p=925 52.8% (5387 of 10203), ETA 0:00:00                              
[00:00:01] ... finding cutoff p=925 53.7% (5481 of 10203), ETA 0:00:00                              
[00:00:01] ... finding cutoff p=925 54.7% (5576 of 10203), ETA 0:00:00                              
[00:00:01] ... finding cutoff p=925 55.6% (5670 of 10203), ETA 0:00:00                              
[00:00:01] ... finding cutoff p=925 56.6% (5779 of 10203), ETA 0:00:00                              
[00:00:01] ... finding cutoff p=925 57.6% (5880 of 10203), ETA 0:00:00                              
[00:00:01] ... finding cutoff p=925 58.6% (5980 of 10203), ETA 0:00:00                              
[00:00:01] ... finding cutoff p=925 59.7% (6093 of 10203), ETA 0:00:00                              
[00:00:01] ... finding cutoff p=925 60.6% (6183 of 10203), ETA 0:00:00                              
[00:00:01] ... finding cutoff p=925 61.7% (6295 of 10203), ETA 0:00:00                              
[00:00:01] ... finding cutoff p=925 62.7% (6399 of 10203), ETA 0:00:00                              
[00:00:01] ... finding cutoff p=925 63.6% (6493 of 10203), ETA 0:00:00                              
[00:00:01] ... finding cutoff p=925 64.6% (6595 of 10203), ETA 0:00:00                              
[00:00:01] ... finding cutoff p=925 65.9% (6719 of 10203), ETA 0:00:00                              
[00:00:01] ... finding cutoff p=925 66.8% (6812 of 10203), ETA 0:00:00                              
[00:00:01] ... finding cutoff p=925 67.8% (6916 of 10203), ETA 0:00:00                              
[00:00:01] ... finding cutoff p=925 68.9% (7027 of 10203), ETA 0:00:00                              
[00:00:01] ... finding cutoff p=925 69.7% (7113 of 10203), ETA 0:00:00                              
[00:00:01] ... finding cutoff p=925 70.7% (7216 of 10203), ETA 0:00:00                              
[00:00:01] ... finding cutoff p=925 71.9% (7332 of 10203), ETA 0:00:00                              
[00:00:01] ... finding cutoff p=925 72.9% (7434 of 10203), ETA 0:00:00                              
[00:00:01] ... finding cutoff p=925 73.9% (7536 of 10203), ETA 0:00:00                              
[00:00:01] ... finding cutoff p=925 74.9% (7639 of 10203), ETA 0:00:00                              
[00:00:01] ... finding cutoff p=925 75.9% (7748 of 10203), ETA 0:00:00                              
[00:00:01] ... finding cutoff p=925 76.8% (7841 of 10203), ETA 0:00:00                              
[00:00:01] ... finding cutoff p=925 77.9% (7950 of 10203), ETA 0:00:00                              
[00:00:01] ... finding cutoff p=925 78.8% (8042 of 10203), ETA 0:00:00                              
[00:00:01] ... finding cutoff p=925 79.8% (8142 of 10203), ETA 0:00:00                              
[00:00:01] ... finding cutoff p=925 80.9% (8254 of 10203), ETA 0:00:00                              
[00:00:01] ... finding cutoff p=925 81.8% (8347 of 10203), ETA 0:00:00                              
[00:00:01] ... finding cutoff p=925 82.9% (8455 of 10203), ETA 0:00:00                              
[00:00:01] ... finding cutoff p=925 83.8% (8549 of 10203), ETA 0:00:00                              
[00:00:01] ... finding cutoff p=925 84.9% (8662 of 10203), ETA 0:00:00                              
[00:00:01] ... finding cutoff p=925 85.9% (8769 of 10203), ETA 0:00:00                              
[00:00:01] ... finding cutoff p=925 86.9% (8871 of 10203), ETA 0:00:00                              
[00:00:01] ... finding cutoff p=925 87.9% (8966 of 10203), ETA 0:00:00                              
[00:00:01] ... finding cutoff p=925 88.9% (9067 of 10203), ETA 0:00:00                              
[00:00:01] ... finding cutoff p=925 90.0% (9180 of 10203), ETA 0:00:00                              
[00:00:01] ... finding cutoff p=925 90.9% (9278 of 10203), ETA 0:00:00                              
[00:00:01] ... finding cutoff p=925 91.9% (9381 of 10203), ETA 0:00:00                              
[00:00:01] ... finding cutoff p=925 92.9% (9482 of 10203), ETA 0:00:00                              
[00:00:01] ... finding cutoff p=925 93.9% (9581 of 10203), ETA 0:00:00                              
[00:00:01] ... finding cutoff p=925 95.0% (9690 of 10203), ETA 0:00:00                              
[00:00:01] ... finding cutoff p=925 96.0% (9790 of 10203), ETA 0:00:00                              
[00:00:01] ... finding cutoff p=925 96.9% (9891 of 10203), ETA 0:00:00                              
[00:00:01] ... finding cutoff p=925 97.9% (9992 of 10203), ETA 0:00:00                              
[00:00:01] ... finding cutoff p=925 98.9% (10094 of 10203), ETA 0:00:00                              
[00:00:01] ... finding cutoff p=925 99.9% (10197 of 10203), ETA 0:00:00                              
[00:00:01] Preparing TNF Graph Building [pTNF = 92.5; 6359 / 10203 (P = 62.32%) round 21]               
[00:00:01] Finding cutoff p=921 [-97.9Gb / 1007.8Gb]                                                     
[00:00:01] ... finding cutoff p=921 1.4% (139 of 10203), ETA 0:00:00                              
[00:00:01] ... finding cutoff p=921 2.2% (229 of 10203), ETA 0:00:00                              
[00:00:01] ... finding cutoff p=921 3.7% (379 of 10203), ETA 0:00:00                              
[00:00:01] ... finding cutoff p=921 4.8% (486 of 10203), ETA 0:00:00                              
[00:00:01] ... finding cutoff p=921 5.7% (585 of 10203), ETA 0:00:00                              
[00:00:01] ... finding cutoff p=921 6.5% (664 of 10203), ETA 0:00:00                              
[00:00:01] ... finding cutoff p=921 7.3% (743 of 10203), ETA 0:00:00                              
[00:00:01] ... finding cutoff p=921 8.2% (832 of 10203), ETA 0:00:00                              
[00:00:01] ... finding cutoff p=921 9.7% (990 of 10203), ETA 0:00:00                              
[00:00:01] ... finding cutoff p=921 10.7% (1092 of 10203), ETA 0:00:00                              
[00:00:01] ... finding cutoff p=921 11.6% (1187 of 10203), ETA 0:00:00                              
[00:00:01] ... finding cutoff p=921 12.6% (1286 of 10203), ETA 0:00:00                              
[00:00:01] ... finding cutoff p=921 13.5% (1379 of 10203), ETA 0:00:00                              
[00:00:01] ... finding cutoff p=921 14.7% (1499 of 10203), ETA 0:00:00                              
[00:00:01] ... finding cutoff p=921 15.6% (1590 of 10203), ETA 0:00:00                              
[00:00:01] ... finding cutoff p=921 16.9% (1725 of 10203), ETA 0:00:00                              
[00:00:01] ... finding cutoff p=921 17.8% (1821 of 10203), ETA 0:00:00                              
[00:00:01] ... finding cutoff p=921 18.6% (1894 of 10203), ETA 0:00:00                              
[00:00:01] ... finding cutoff p=921 19.2% (1964 of 10203), ETA 0:00:00                              
[00:00:01] ... finding cutoff p=921 20.5% (2092 of 10203), ETA 0:00:00                              
[00:00:01] ... finding cutoff p=921 21.3% (2176 of 10203), ETA 0:00:00                              
[00:00:01] ... finding cutoff p=921 22.7% (2316 of 10203), ETA 0:00:00                              
[00:00:01] ... finding cutoff p=921 23.6% (2410 of 10203), ETA 0:00:00                              
[00:00:01] ... finding cutoff p=921 25.1% (2563 of 10203), ETA 0:00:00                              
[00:00:01] ... finding cutoff p=921 25.8% (2635 of 10203), ETA 0:00:00                              
[00:00:01] ... finding cutoff p=921 26.5% (2707 of 10203), ETA 0:00:00                              
[00:00:01] ... finding cutoff p=921 27.8% (2836 of 10203), ETA 0:00:00                              
[00:00:01] ... finding cutoff p=921 28.8% (2938 of 10203), ETA 0:00:00                              
[00:00:01] ... finding cutoff p=921 29.5% (3014 of 10203), ETA 0:00:00                              
[00:00:01] ... finding cutoff p=921 30.6% (3119 of 10203), ETA 0:00:00                              
[00:00:01] ... finding cutoff p=921 31.3% (3197 of 10203), ETA 0:00:00                              
[00:00:01] ... finding cutoff p=921 32.4% (3308 of 10203), ETA 0:00:00                              
[00:00:01] ... finding cutoff p=921 33.6% (3426 of 10203), ETA 0:00:00                              
[00:00:01] ... finding cutoff p=921 34.9% (3560 of 10203), ETA 0:00:00                              
[00:00:01] ... finding cutoff p=921 35.7% (3641 of 10203), ETA 0:00:00                              
[00:00:01] ... finding cutoff p=921 36.7% (3749 of 10203), ETA 0:00:00                              
[00:00:01] ... finding cutoff p=921 37.6% (3832 of 10203), ETA 0:00:00                              
[00:00:01] ... finding cutoff p=921 38.6% (3941 of 10203), ETA 0:00:00                              
[00:00:01] ... finding cutoff p=921 39.8% (4060 of 10203), ETA 0:00:00                              
[00:00:01] ... finding cutoff p=921 40.6% (4140 of 10203), ETA 0:00:00                              
[00:00:01] ... finding cutoff p=921 41.5% (4238 of 10203), ETA 0:00:00                              
[00:00:01] ... finding cutoff p=921 42.7% (4361 of 10203), ETA 0:00:00                              
[00:00:01] ... finding cutoff p=921 43.8% (4471 of 10203), ETA 0:00:00                              
[00:00:01] ... finding cutoff p=921 44.6% (4553 of 10203), ETA 0:00:00                              
[00:00:01] ... finding cutoff p=921 45.5% (4647 of 10203), ETA 0:00:00                              
[00:00:01] ... finding cutoff p=921 46.7% (4764 of 10203), ETA 0:00:00                              
[00:00:01] ... finding cutoff p=921 47.8% (4881 of 10203), ETA 0:00:00                              
[00:00:01] ... finding cutoff p=921 48.9% (4991 of 10203), ETA 0:00:00                              
[00:00:01] ... finding cutoff p=921 49.5% (5050 of 10203), ETA 0:00:00                              
[00:00:01] ... finding cutoff p=921 50.6% (5162 of 10203), ETA 0:00:00                              
[00:00:01] ... finding cutoff p=921 51.7% (5272 of 10203), ETA 0:00:00                              
[00:00:01] ... finding cutoff p=921 52.8% (5391 of 10203), ETA 0:00:00                              
[00:00:01] ... finding cutoff p=921 53.9% (5503 of 10203), ETA 0:00:00                              
[00:00:01] ... finding cutoff p=921 54.8% (5594 of 10203), ETA 0:00:00                              
[00:00:01] ... finding cutoff p=921 55.7% (5681 of 10203), ETA 0:00:00                              
[00:00:01] ... finding cutoff p=921 56.6% (5770 of 10203), ETA 0:00:00                              
[00:00:01] ... finding cutoff p=921 57.7% (5890 of 10203), ETA 0:00:00                              
[00:00:01] ... finding cutoff p=921 58.7% (5989 of 10203), ETA 0:00:00                              
[00:00:01] ... finding cutoff p=921 59.6% (6084 of 10203), ETA 0:00:00                              
[00:00:01] ... finding cutoff p=921 60.9% (6212 of 10203), ETA 0:00:00                              
[00:00:01] ... finding cutoff p=921 61.9% (6318 of 10203), ETA 0:00:00                              
[00:00:01] ... finding cutoff p=921 62.9% (6415 of 10203), ETA 0:00:00                              
[00:00:01] ... finding cutoff p=921 63.9% (6521 of 10203), ETA 0:00:00                              
[00:00:01] ... finding cutoff p=921 64.8% (6612 of 10203), ETA 0:00:00                              
[00:00:01] ... finding cutoff p=921 65.7% (6704 of 10203), ETA 0:00:00                              
[00:00:01] ... finding cutoff p=921 66.8% (6819 of 10203), ETA 0:00:00                              
[00:00:01] ... finding cutoff p=921 67.7% (6906 of 10203), ETA 0:00:00                              
[00:00:01] ... finding cutoff p=921 68.7% (7012 of 10203), ETA 0:00:00                              
[00:00:01] ... finding cutoff p=921 69.8% (7122 of 10203), ETA 0:00:00                              
[00:00:01] ... finding cutoff p=921 70.8% (7225 of 10203), ETA 0:00:00                              
[00:00:01] ... finding cutoff p=921 71.8% (7329 of 10203), ETA 0:00:00                              
[00:00:01] ... finding cutoff p=921 72.9% (7434 of 10203), ETA 0:00:00                              
[00:00:01] ... finding cutoff p=921 73.9% (7540 of 10203), ETA 0:00:00                              
[00:00:01] ... finding cutoff p=921 74.9% (7640 of 10203), ETA 0:00:00                              
[00:00:01] ... finding cutoff p=921 75.8% (7732 of 10203), ETA 0:00:00                              
[00:00:01] ... finding cutoff p=921 76.7% (7828 of 10203), ETA 0:00:00                              
[00:00:01] ... finding cutoff p=921 77.8% (7938 of 10203), ETA 0:00:00                              
[00:00:01] ... finding cutoff p=921 78.8% (8044 of 10203), ETA 0:00:00                              
[00:00:01] ... finding cutoff p=921 79.9% (8151 of 10203), ETA 0:00:00                              
[00:00:01] ... finding cutoff p=921 80.8% (8245 of 10203), ETA 0:00:00                              
[00:00:01] ... finding cutoff p=921 81.9% (8360 of 10203), ETA 0:00:00                              
[00:00:01] ... finding cutoff p=921 82.8% (8450 of 10203), ETA 0:00:00                              
[00:00:01] ... finding cutoff p=921 83.8% (8549 of 10203), ETA 0:00:00                              
[00:00:01] ... finding cutoff p=921 84.9% (8662 of 10203), ETA 0:00:00                              
[00:00:01] ... finding cutoff p=921 85.9% (8765 of 10203), ETA 0:00:00                              
[00:00:01] ... finding cutoff p=921 86.8% (8860 of 10203), ETA 0:00:00                              
[00:00:01] ... finding cutoff p=921 87.8% (8961 of 10203), ETA 0:00:00                              
[00:00:01] ... finding cutoff p=921 88.9% (9070 of 10203), ETA 0:00:00                              
[00:00:01] ... finding cutoff p=921 89.9% (9175 of 10203), ETA 0:00:00                              
[00:00:01] ... finding cutoff p=921 91.0% (9280 of 10203), ETA 0:00:00                              
[00:00:01] ... finding cutoff p=921 91.9% (9381 of 10203), ETA 0:00:00                              
[00:00:01] ... finding cutoff p=921 93.0% (9486 of 10203), ETA 0:00:00                              
[00:00:01] ... finding cutoff p=921 93.9% (9582 of 10203), ETA 0:00:00                              
[00:00:01] ... finding cutoff p=921 94.9% (9685 of 10203), ETA 0:00:00                              
[00:00:01] ... finding cutoff p=921 95.9% (9786 of 10203), ETA 0:00:00                              
[00:00:01] ... finding cutoff p=921 97.0% (9893 of 10203), ETA 0:00:00                              
[00:00:01] ... finding cutoff p=921 98.0% (9994 of 10203), ETA 0:00:00                              
[00:00:01] ... finding cutoff p=921 98.9% (10095 of 10203), ETA 0:00:00                              
[00:00:01] ... finding cutoff p=921 99.9% (10197 of 10203), ETA 0:00:00                              
[00:00:01] Preparing TNF Graph Building [pTNF = 92.1; 6583 / 10203 (P = 64.52%) round 22]               
[00:00:01] Finding cutoff p=916 [-97.9Gb / 1007.8Gb]                                                     
[00:00:01] ... finding cutoff p=916 1.4% (146 of 10203), ETA 0:00:00                              
[00:00:01] ... finding cutoff p=916 2.5% (257 of 10203), ETA 0:00:00                              
[00:00:01] ... finding cutoff p=916 3.5% (354 of 10203), ETA 0:00:00                              
[00:00:01] ... finding cutoff p=916 5.2% (529 of 10203), ETA 0:00:00                              
[00:00:01] ... finding cutoff p=916 6.3% (638 of 10203), ETA 0:00:00                              
[00:00:01] ... finding cutoff p=916 7.3% (744 of 10203), ETA 0:00:00                              
[00:00:01] ... finding cutoff p=916 8.1% (829 of 10203), ETA 0:00:00                              
[00:00:01] ... finding cutoff p=916 9.1% (932 of 10203), ETA 0:00:00                              
[00:00:01] ... finding cutoff p=916 10.6% (1083 of 10203), ETA 0:00:00                              
[00:00:01] ... finding cutoff p=916 11.7% (1189 of 10203), ETA 0:00:00                              
[00:00:01] ... finding cutoff p=916 12.7% (1294 of 10203), ETA 0:00:00                              
[00:00:01] ... finding cutoff p=916 13.6% (1390 of 10203), ETA 0:00:00                              
[00:00:01] ... finding cutoff p=916 14.5% (1484 of 10203), ETA 0:00:00                              
[00:00:01] ... finding cutoff p=916 15.5% (1583 of 10203), ETA 0:00:00                              
[00:00:01] ... finding cutoff p=916 16.6% (1689 of 10203), ETA 0:00:00                              
[00:00:01] ... finding cutoff p=916 17.6% (1794 of 10203), ETA 0:00:00                              
[00:00:01] ... finding cutoff p=916 18.4% (1880 of 10203), ETA 0:00:00                              
[00:00:01] ... finding cutoff p=916 19.7% (2010 of 10203), ETA 0:00:00                              
[00:00:01] ... finding cutoff p=916 20.4% (2086 of 10203), ETA 0:00:00                              
[00:00:01] ... finding cutoff p=916 21.7% (2217 of 10203), ETA 0:00:00                              
[00:00:01] ... finding cutoff p=916 22.5% (2292 of 10203), ETA 0:00:00                              
[00:00:01] ... finding cutoff p=916 23.3% (2380 of 10203), ETA 0:00:00                              
[00:00:01] ... finding cutoff p=916 24.6% (2513 of 10203), ETA 0:00:00                              
[00:00:01] ... finding cutoff p=916 25.5% (2598 of 10203), ETA 0:00:00                              
[00:00:01] ... finding cutoff p=916 26.4% (2695 of 10203), ETA 0:00:00                              
[00:00:01] ... finding cutoff p=916 27.6% (2818 of 10203), ETA 0:00:00                              
[00:00:01] ... finding cutoff p=916 28.3% (2891 of 10203), ETA 0:00:00                              
[00:00:01] ... finding cutoff p=916 29.4% (2995 of 10203), ETA 0:00:00                              
[00:00:01] ... finding cutoff p=916 30.7% (3132 of 10203), ETA 0:00:00                              
[00:00:01] ... finding cutoff p=916 31.5% (3216 of 10203), ETA 0:00:00                              
[00:00:01] ... finding cutoff p=916 32.7% (3332 of 10203), ETA 0:00:00                              
[00:00:01] ... finding cutoff p=916 33.7% (3443 of 10203), ETA 0:00:00                              
[00:00:01] ... finding cutoff p=916 35.0% (3567 of 10203), ETA 0:00:00                              
[00:00:01] ... finding cutoff p=916 35.7% (3639 of 10203), ETA 0:00:00                              
[00:00:01] ... finding cutoff p=916 36.8% (3752 of 10203), ETA 0:00:00                              
[00:00:01] ... finding cutoff p=916 37.4% (3813 of 10203), ETA 0:00:00                              
[00:00:01] ... finding cutoff p=916 38.5% (3924 of 10203), ETA 0:00:00                              
[00:00:01] ... finding cutoff p=916 39.7% (4049 of 10203), ETA 0:00:00                              
[00:00:01] ... finding cutoff p=916 40.6% (4145 of 10203), ETA 0:00:00                              
[00:00:01] ... finding cutoff p=916 41.9% (4273 of 10203), ETA 0:00:00                              
[00:00:01] ... finding cutoff p=916 42.5% (4333 of 10203), ETA 0:00:00                              
[00:00:01] ... finding cutoff p=916 43.7% (4461 of 10203), ETA 0:00:00                              
[00:00:01] ... finding cutoff p=916 44.9% (4583 of 10203), ETA 0:00:00                              
[00:00:01] ... finding cutoff p=916 45.5% (4638 of 10203), ETA 0:00:00                              
[00:00:01] ... finding cutoff p=916 46.5% (4744 of 10203), ETA 0:00:00                              
[00:00:01] ... finding cutoff p=916 47.5% (4847 of 10203), ETA 0:00:00                              
[00:00:01] ... finding cutoff p=916 48.5% (4948 of 10203), ETA 0:00:00                              
[00:00:01] ... finding cutoff p=916 50.0% (5100 of 10203), ETA 0:00:00                              
[00:00:01] ... finding cutoff p=916 50.7% (5172 of 10203), ETA 0:00:00                              
[00:00:01] ... finding cutoff p=916 51.6% (5261 of 10203), ETA 0:00:00                              
[00:00:01] ... finding cutoff p=916 52.6% (5362 of 10203), ETA 0:00:00                              
[00:00:01] ... finding cutoff p=916 53.6% (5473 of 10203), ETA 0:00:00                              
[00:00:01] ... finding cutoff p=916 54.6% (5574 of 10203), ETA 0:00:00                              
[00:00:01] ... finding cutoff p=916 55.8% (5698 of 10203), ETA 0:00:00                              
[00:00:01] ... finding cutoff p=916 56.8% (5797 of 10203), ETA 0:00:00                              
[00:00:01] ... finding cutoff p=916 57.7% (5890 of 10203), ETA 0:00:00                              
[00:00:01] ... finding cutoff p=916 58.7% (5986 of 10203), ETA 0:00:00                              
[00:00:01] ... finding cutoff p=916 59.8% (6104 of 10203), ETA 0:00:00                              
[00:00:01] ... finding cutoff p=916 60.8% (6204 of 10203), ETA 0:00:00                              
[00:00:01] ... finding cutoff p=916 61.8% (6308 of 10203), ETA 0:00:00                              
[00:00:01] ... finding cutoff p=916 62.7% (6398 of 10203), ETA 0:00:00                              
[00:00:01] ... finding cutoff p=916 63.7% (6497 of 10203), ETA 0:00:00                              
[00:00:01] ... finding cutoff p=916 64.8% (6611 of 10203), ETA 0:00:00                              
[00:00:01] ... finding cutoff p=916 65.7% (6704 of 10203), ETA 0:00:00                              
[00:00:01] ... finding cutoff p=916 66.7% (6803 of 10203), ETA 0:00:00                              
[00:00:01] ... finding cutoff p=916 67.8% (6914 of 10203), ETA 0:00:00                              
[00:00:01] ... finding cutoff p=916 68.7% (7007 of 10203), ETA 0:00:00                              
[00:00:01] ... finding cutoff p=916 69.9% (7130 of 10203), ETA 0:00:00                              
[00:00:01] ... finding cutoff p=916 70.7% (7215 of 10203), ETA 0:00:00                              
[00:00:01] ... finding cutoff p=916 71.8% (7330 of 10203), ETA 0:00:00                              
[00:00:01] ... finding cutoff p=916 72.9% (7438 of 10203), ETA 0:00:00                              
[00:00:01] ... finding cutoff p=916 73.8% (7534 of 10203), ETA 0:00:00                              
[00:00:01] ... finding cutoff p=916 74.9% (7637 of 10203), ETA 0:00:00                              
[00:00:01] ... finding cutoff p=916 75.9% (7746 of 10203), ETA 0:00:00                              
[00:00:01] ... finding cutoff p=916 76.8% (7831 of 10203), ETA 0:00:00                              
[00:00:01] ... finding cutoff p=916 77.7% (7932 of 10203), ETA 0:00:00                              
[00:00:01] ... finding cutoff p=916 78.8% (8040 of 10203), ETA 0:00:00                              
[00:00:01] ... finding cutoff p=916 79.8% (8141 of 10203), ETA 0:00:00                              
[00:00:01] ... finding cutoff p=916 80.9% (8251 of 10203), ETA 0:00:00                              
[00:00:01] ... finding cutoff p=916 81.9% (8356 of 10203), ETA 0:00:00                              
[00:00:01] ... finding cutoff p=916 82.9% (8462 of 10203), ETA 0:00:00                              
[00:00:01] ... finding cutoff p=916 83.8% (8554 of 10203), ETA 0:00:00                              
[00:00:01] ... finding cutoff p=916 84.8% (8654 of 10203), ETA 0:00:00                              
[00:00:01] ... finding cutoff p=916 85.9% (8765 of 10203), ETA 0:00:00                              
[00:00:01] ... finding cutoff p=916 86.9% (8862 of 10203), ETA 0:00:00                              
[00:00:01] ... finding cutoff p=916 87.8% (8962 of 10203), ETA 0:00:00                              
[00:00:01] ... finding cutoff p=916 88.9% (9074 of 10203), ETA 0:00:00                              
[00:00:01] ... finding cutoff p=916 89.8% (9167 of 10203), ETA 0:00:00                              
[00:00:01] ... finding cutoff p=916 90.9% (9279 of 10203), ETA 0:00:00                              
[00:00:01] ... finding cutoff p=916 91.9% (9375 of 10203), ETA 0:00:00                              
[00:00:01] ... finding cutoff p=916 93.0% (9485 of 10203), ETA 0:00:00                              
[00:00:01] ... finding cutoff p=916 93.9% (9580 of 10203), ETA 0:00:00                              
[00:00:01] ... finding cutoff p=916 95.0% (9688 of 10203), ETA 0:00:00                              
[00:00:01] ... finding cutoff p=916 95.9% (9786 of 10203), ETA 0:00:00                              
[00:00:01] ... finding cutoff p=916 97.0% (9893 of 10203), ETA 0:00:00                              
[00:00:01] ... finding cutoff p=916 98.0% (9994 of 10203), ETA 0:00:00                              
[00:00:01] ... finding cutoff p=916 98.9% (10094 of 10203), ETA 0:00:00                              
[00:00:01] ... finding cutoff p=916 99.9% (10197 of 10203), ETA 0:00:00                              
[00:00:01] Preparing TNF Graph Building [pTNF = 91.6; 6822 / 10203 (P = 66.86%) round 23]               
[00:00:01] Finding cutoff p=911 [-97.9Gb / 1007.8Gb]                                                     
[00:00:01] ... finding cutoff p=911 1.5% (153 of 10203), ETA 0:00:00                              
[00:00:01] ... finding cutoff p=911 2.6% (266 of 10203), ETA 0:00:00                              
[00:00:01] ... finding cutoff p=911 3.5% (355 of 10203), ETA 0:00:00                              
[00:00:01] ... finding cutoff p=911 4.3% (441 of 10203), ETA 0:00:00                              
[00:00:01] ... finding cutoff p=911 5.2% (528 of 10203), ETA 0:00:00                              
[00:00:01] ... finding cutoff p=911 6.1% (620 of 10203), ETA 0:00:00                              
[00:00:01] ... finding cutoff p=911 7.7% (789 of 10203), ETA 0:00:00                              
[00:00:01] ... finding cutoff p=911 8.8% (895 of 10203), ETA 0:00:00                              
[00:00:01] ... finding cutoff p=911 9.7% (987 of 10203), ETA 0:00:00                              
[00:00:01] ... finding cutoff p=911 10.6% (1085 of 10203), ETA 0:00:00                              
[00:00:01] ... finding cutoff p=911 11.7% (1191 of 10203), ETA 0:00:00                              
[00:00:01] ... finding cutoff p=911 12.6% (1290 of 10203), ETA 0:00:00                              
[00:00:01] ... finding cutoff p=911 13.7% (1395 of 10203), ETA 0:00:00                              
[00:00:01] ... finding cutoff p=911 14.7% (1495 of 10203), ETA 0:00:00                              
[00:00:01] ... finding cutoff p=911 15.6% (1594 of 10203), ETA 0:00:00                              
[00:00:01] ... finding cutoff p=911 16.7% (1708 of 10203), ETA 0:00:00                              
[00:00:01] ... finding cutoff p=911 17.9% (1826 of 10203), ETA 0:00:00                              
[00:00:01] ... finding cutoff p=911 18.7% (1911 of 10203), ETA 0:00:00                              
[00:00:01] ... finding cutoff p=911 19.5% (1992 of 10203), ETA 0:00:00                              
[00:00:01] ... finding cutoff p=911 20.7% (2110 of 10203), ETA 0:00:00                              
[00:00:01] ... finding cutoff p=911 21.4% (2180 of 10203), ETA 0:00:00                              
[00:00:01] ... finding cutoff p=911 22.2% (2270 of 10203), ETA 0:00:00                              
[00:00:01] ... finding cutoff p=911 23.3% (2382 of 10203), ETA 0:00:00                              
[00:00:01] ... finding cutoff p=911 24.7% (2523 of 10203), ETA 0:00:00                              
[00:00:01] ... finding cutoff p=911 25.8% (2628 of 10203), ETA 0:00:00                              
[00:00:01] ... finding cutoff p=911 27.2% (2775 of 10203), ETA 0:00:00                              
[00:00:01] ... finding cutoff p=911 28.0% (2852 of 10203), ETA 0:00:00                              
[00:00:01] ... finding cutoff p=911 28.7% (2928 of 10203), ETA 0:00:00                              
[00:00:01] ... finding cutoff p=911 29.5% (3014 of 10203), ETA 0:00:00                              
[00:00:01] ... finding cutoff p=911 30.6% (3121 of 10203), ETA 0:00:00                              
[00:00:01] ... finding cutoff p=911 31.3% (3196 of 10203), ETA 0:00:00                              
[00:00:01] ... finding cutoff p=911 32.4% (3309 of 10203), ETA 0:00:00                              
[00:00:01] ... finding cutoff p=911 33.8% (3451 of 10203), ETA 0:00:00                              
[00:00:01] ... finding cutoff p=911 34.5% (3515 of 10203), ETA 0:00:00                              
[00:00:01] ... finding cutoff p=911 35.5% (3623 of 10203), ETA 0:00:00                              
[00:00:01] ... finding cutoff p=911 36.8% (3758 of 10203), ETA 0:00:00                              
[00:00:01] ... finding cutoff p=911 37.4% (3818 of 10203), ETA 0:00:00                              
[00:00:01] ... finding cutoff p=911 38.4% (3918 of 10203), ETA 0:00:00                              
[00:00:01] ... finding cutoff p=911 39.5% (4033 of 10203), ETA 0:00:00                              
[00:00:01] ... finding cutoff p=911 40.7% (4153 of 10203), ETA 0:00:00                              
[00:00:01] ... finding cutoff p=911 41.8% (4266 of 10203), ETA 0:00:00                              
[00:00:01] ... finding cutoff p=911 42.5% (4339 of 10203), ETA 0:00:00                              
[00:00:01] ... finding cutoff p=911 43.6% (4447 of 10203), ETA 0:00:00                              
[00:00:01] ... finding cutoff p=911 44.7% (4558 of 10203), ETA 0:00:00                              
[00:00:01] ... finding cutoff p=911 45.8% (4675 of 10203), ETA 0:00:00                              
[00:00:01] ... finding cutoff p=911 46.9% (4783 of 10203), ETA 0:00:00                              
[00:00:01] ... finding cutoff p=911 48.0% (4899 of 10203), ETA 0:00:00                              
[00:00:01] ... finding cutoff p=911 48.6% (4963 of 10203), ETA 0:00:00                              
[00:00:01] ... finding cutoff p=911 49.7% (5068 of 10203), ETA 0:00:00                              
[00:00:01] ... finding cutoff p=911 51.0% (5200 of 10203), ETA 0:00:00                              
[00:00:01] ... finding cutoff p=911 51.6% (5266 of 10203), ETA 0:00:00                              
[00:00:01] ... finding cutoff p=911 52.5% (5357 of 10203), ETA 0:00:00                              
[00:00:01] ... finding cutoff p=911 53.5% (5459 of 10203), ETA 0:00:00                              
[00:00:01] ... finding cutoff p=911 54.7% (5580 of 10203), ETA 0:00:00                              
[00:00:01] ... finding cutoff p=911 55.7% (5680 of 10203), ETA 0:00:00                              
[00:00:01] ... finding cutoff p=911 56.6% (5775 of 10203), ETA 0:00:00                              
[00:00:01] ... finding cutoff p=911 57.8% (5899 of 10203), ETA 0:00:00                              
[00:00:01] ... finding cutoff p=911 58.8% (5998 of 10203), ETA 0:00:00                              
[00:00:01] ... finding cutoff p=911 59.7% (6093 of 10203), ETA 0:00:00                              
[00:00:01] ... finding cutoff p=911 60.7% (6190 of 10203), ETA 0:00:00                              
[00:00:01] ... finding cutoff p=911 61.6% (6284 of 10203), ETA 0:00:00                              
[00:00:01] ... finding cutoff p=911 62.7% (6393 of 10203), ETA 0:00:00                              
[00:00:01] ... finding cutoff p=911 63.8% (6514 of 10203), ETA 0:00:00                              
[00:00:01] ... finding cutoff p=911 64.8% (6607 of 10203), ETA 0:00:00                              
[00:00:01] ... finding cutoff p=911 65.6% (6697 of 10203), ETA 0:00:00                              
[00:00:01] ... finding cutoff p=911 66.8% (6815 of 10203), ETA 0:00:00                              
[00:00:01] ... finding cutoff p=911 67.7% (6905 of 10203), ETA 0:00:00                              
[00:00:01] ... finding cutoff p=911 68.9% (7030 of 10203), ETA 0:00:00                              
[00:00:01] ... finding cutoff p=911 69.8% (7118 of 10203), ETA 0:00:00                              
[00:00:01] ... finding cutoff p=911 70.7% (7213 of 10203), ETA 0:00:00                              
[00:00:01] ... finding cutoff p=911 71.7% (7320 of 10203), ETA 0:00:00                              
[00:00:01] ... finding cutoff p=911 72.8% (7424 of 10203), ETA 0:00:00                              
[00:00:01] ... finding cutoff p=911 73.8% (7528 of 10203), ETA 0:00:00                              
[00:00:01] ... finding cutoff p=911 74.9% (7641 of 10203), ETA 0:00:00                              
[00:00:01] ... finding cutoff p=911 75.8% (7735 of 10203), ETA 0:00:00                              
[00:00:01] ... finding cutoff p=911 76.8% (7835 of 10203), ETA 0:00:00                              
[00:00:01] ... finding cutoff p=911 77.8% (7937 of 10203), ETA 0:00:00                              
[00:00:01] ... finding cutoff p=911 78.8% (8037 of 10203), ETA 0:00:00                              
[00:00:01] ... finding cutoff p=911 79.8% (8141 of 10203), ETA 0:00:00                              
[00:00:01] ... finding cutoff p=911 80.9% (8252 of 10203), ETA 0:00:00                              
[00:00:01] ... finding cutoff p=911 81.9% (8356 of 10203), ETA 0:00:00                              
[00:00:01] ... finding cutoff p=911 82.8% (8450 of 10203), ETA 0:00:00                              
[00:00:01] ... finding cutoff p=911 83.9% (8560 of 10203), ETA 0:00:00                              
[00:00:01] ... finding cutoff p=911 84.8% (8653 of 10203), ETA 0:00:00                              
[00:00:01] ... finding cutoff p=911 85.9% (8761 of 10203), ETA 0:00:00                              
[00:00:01] ... finding cutoff p=911 86.9% (8869 of 10203), ETA 0:00:00                              
[00:00:01] ... finding cutoff p=911 87.9% (8973 of 10203), ETA 0:00:00                              
[00:00:01] ... finding cutoff p=911 88.9% (9072 of 10203), ETA 0:00:00                              
[00:00:01] ... finding cutoff p=911 89.9% (9175 of 10203), ETA 0:00:00                              
[00:00:01] ... finding cutoff p=911 90.9% (9273 of 10203), ETA 0:00:00                              
[00:00:01] ... finding cutoff p=911 91.9% (9377 of 10203), ETA 0:00:00                              
[00:00:01] ... finding cutoff p=911 92.9% (9483 of 10203), ETA 0:00:00                              
[00:00:01] ... finding cutoff p=911 93.9% (9583 of 10203), ETA 0:00:00                              
[00:00:01] ... finding cutoff p=911 94.9% (9686 of 10203), ETA 0:00:00                              
[00:00:01] ... finding cutoff p=911 95.9% (9786 of 10203), ETA 0:00:00                              
[00:00:01] ... finding cutoff p=911 96.9% (9888 of 10203), ETA 0:00:00                              
[00:00:01] ... finding cutoff p=911 98.0% (9994 of 10203), ETA 0:00:00                              
[00:00:01] ... finding cutoff p=911 98.9% (10094 of 10203), ETA 0:00:00                              
[00:00:01] ... finding cutoff p=911 99.9% (10197 of 10203), ETA 0:00:00                              
[00:00:01] Preparing TNF Graph Building [pTNF = 91.1; 7062 / 10203 (P = 69.21%) round 24]               
[00:00:01] Finding cutoff p=907 [-97.9Gb / 1007.8Gb]                                                     
[00:00:01] ... finding cutoff p=907 1.3% (136 of 10203), ETA 0:00:00                              
[00:00:01] ... finding cutoff p=907 2.3% (237 of 10203), ETA 0:00:00                              
[00:00:01] ... finding cutoff p=907 3.1% (317 of 10203), ETA 0:00:00                              
[00:00:01] ... finding cutoff p=907 4.6% (470 of 10203), ETA 0:00:00                              
[00:00:01] ... finding cutoff p=907 5.4% (549 of 10203), ETA 0:00:00                              
[00:00:01] ... finding cutoff p=907 7.0% (710 of 10203), ETA 0:00:00                              
[00:00:01] ... finding cutoff p=907 7.7% (790 of 10203), ETA 0:00:00                              
[00:00:01] ... finding cutoff p=907 8.6% (877 of 10203), ETA 0:00:00                              
[00:00:01] ... finding cutoff p=907 9.4% (963 of 10203), ETA 0:00:00                              
[00:00:01] ... finding cutoff p=907 10.4% (1062 of 10203), ETA 0:00:00                              
[00:00:01] ... finding cutoff p=907 11.2% (1143 of 10203), ETA 0:00:00                              
[00:00:01] ... finding cutoff p=907 12.3% (1254 of 10203), ETA 0:00:00                              
[00:00:01] ... finding cutoff p=907 13.8% (1409 of 10203), ETA 0:00:00                              
[00:00:01] ... finding cutoff p=907 15.2% (1555 of 10203), ETA 0:00:00                              
[00:00:01] ... finding cutoff p=907 16.3% (1663 of 10203), ETA 0:00:00                              
[00:00:01] ... finding cutoff p=907 17.2% (1759 of 10203), ETA 0:00:00                              
[00:00:01] ... finding cutoff p=907 18.4% (1875 of 10203), ETA 0:00:00                              
[00:00:01] ... finding cutoff p=907 19.8% (2022 of 10203), ETA 0:00:00                              
[00:00:01] ... finding cutoff p=907 20.6% (2099 of 10203), ETA 0:00:00                              
[00:00:01] ... finding cutoff p=907 21.4% (2181 of 10203), ETA 0:00:00                              
[00:00:01] ... finding cutoff p=907 22.7% (2314 of 10203), ETA 0:00:00                              
[00:00:01] ... finding cutoff p=907 23.5% (2400 of 10203), ETA 0:00:00                              
[00:00:01] ... finding cutoff p=907 24.4% (2485 of 10203), ETA 0:00:00                              
[00:00:01] ... finding cutoff p=907 25.5% (2601 of 10203), ETA 0:00:00                              
[00:00:01] ... finding cutoff p=907 26.3% (2687 of 10203), ETA 0:00:00                              
[00:00:01] ... finding cutoff p=907 27.6% (2820 of 10203), ETA 0:00:00                              
[00:00:01] ... finding cutoff p=907 28.4% (2899 of 10203), ETA 0:00:00                              
[00:00:01] ... finding cutoff p=907 29.6% (3018 of 10203), ETA 0:00:00                              
[00:00:01] ... finding cutoff p=907 30.8% (3145 of 10203), ETA 0:00:00                              
[00:00:01] ... finding cutoff p=907 31.5% (3211 of 10203), ETA 0:00:00                              
[00:00:01] ... finding cutoff p=907 32.7% (3334 of 10203), ETA 0:00:00                              
[00:00:01] ... finding cutoff p=907 33.9% (3455 of 10203), ETA 0:00:00                              
[00:00:01] ... finding cutoff p=907 34.5% (3525 of 10203), ETA 0:00:00                              
[00:00:01] ... finding cutoff p=907 35.7% (3641 of 10203), ETA 0:00:00                              
[00:00:01] ... finding cutoff p=907 36.5% (3722 of 10203), ETA 0:00:00                              
[00:00:01] ... finding cutoff p=907 37.7% (3849 of 10203), ETA 0:00:00                              
[00:00:01] ... finding cutoff p=907 38.5% (3925 of 10203), ETA 0:00:00                              
[00:00:01] ... finding cutoff p=907 39.4% (4024 of 10203), ETA 0:00:00                              
[00:00:01] ... finding cutoff p=907 40.5% (4131 of 10203), ETA 0:00:00                              
[00:00:01] ... finding cutoff p=907 41.8% (4263 of 10203), ETA 0:00:00                              
[00:00:01] ... finding cutoff p=907 42.4% (4329 of 10203), ETA 0:00:00                              
[00:00:01] ... finding cutoff p=907 43.7% (4460 of 10203), ETA 0:00:00                              
[00:00:01] ... finding cutoff p=907 44.8% (4574 of 10203), ETA 0:00:00                              
[00:00:01] ... finding cutoff p=907 45.9% (4686 of 10203), ETA 0:00:00                              
[00:00:01] ... finding cutoff p=907 46.5% (4748 of 10203), ETA 0:00:00                              
[00:00:01] ... finding cutoff p=907 47.6% (4855 of 10203), ETA 0:00:00                              
[00:00:01] ... finding cutoff p=907 48.6% (4960 of 10203), ETA 0:00:00                              
[00:00:01] ... finding cutoff p=907 49.7% (5074 of 10203), ETA 0:00:00                              
[00:00:01] ... finding cutoff p=907 50.7% (5168 of 10203), ETA 0:00:00                              
[00:00:01] ... finding cutoff p=907 51.6% (5268 of 10203), ETA 0:00:00                              
[00:00:01] ... finding cutoff p=907 52.7% (5381 of 10203), ETA 0:00:00                              
[00:00:01] ... finding cutoff p=907 53.6% (5471 of 10203), ETA 0:00:00                              
[00:00:01] ... finding cutoff p=907 54.7% (5584 of 10203), ETA 0:00:00                              
[00:00:01] ... finding cutoff p=907 55.8% (5689 of 10203), ETA 0:00:00                              
[00:00:01] ... finding cutoff p=907 56.7% (5785 of 10203), ETA 0:00:00                              
[00:00:01] ... finding cutoff p=907 57.6% (5875 of 10203), ETA 0:00:00                              
[00:00:01] ... finding cutoff p=907 58.6% (5982 of 10203), ETA 0:00:00                              
[00:00:01] ... finding cutoff p=907 59.6% (6083 of 10203), ETA 0:00:00                              
[00:00:01] ... finding cutoff p=907 60.8% (6199 of 10203), ETA 0:00:00                              
[00:00:01] ... finding cutoff p=907 61.8% (6301 of 10203), ETA 0:00:00                              
[00:00:01] ... finding cutoff p=907 62.6% (6389 of 10203), ETA 0:00:00                              
[00:00:01] ... finding cutoff p=907 63.8% (6506 of 10203), ETA 0:00:00                              
[00:00:01] ... finding cutoff p=907 64.6% (6594 of 10203), ETA 0:00:00                              
[00:00:01] ... finding cutoff p=907 65.7% (6703 of 10203), ETA 0:00:00                              
[00:00:01] ... finding cutoff p=907 66.6% (6799 of 10203), ETA 0:00:00                              
[00:00:01] ... finding cutoff p=907 67.7% (6909 of 10203), ETA 0:00:00                              
[00:00:01] ... finding cutoff p=907 68.8% (7023 of 10203), ETA 0:00:00                              
[00:00:01] ... finding cutoff p=907 69.7% (7108 of 10203), ETA 0:00:00                              
[00:00:01] ... finding cutoff p=907 70.8% (7219 of 10203), ETA 0:00:00                              
[00:00:01] ... finding cutoff p=907 71.8% (7325 of 10203), ETA 0:00:00                              
[00:00:01] ... finding cutoff p=907 72.8% (7426 of 10203), ETA 0:00:00                              
[00:00:01] ... finding cutoff p=907 73.8% (7528 of 10203), ETA 0:00:00                              
[00:00:01] ... finding cutoff p=907 74.9% (7639 of 10203), ETA 0:00:00                              
[00:00:01] ... finding cutoff p=907 75.8% (7731 of 10203), ETA 0:00:00                              
[00:00:01] ... finding cutoff p=907 76.8% (7831 of 10203), ETA 0:00:00                              
[00:00:01] ... finding cutoff p=907 77.9% (7946 of 10203), ETA 0:00:00                              
[00:00:01] ... finding cutoff p=907 78.9% (8047 of 10203), ETA 0:00:00                              
[00:00:01] ... finding cutoff p=907 79.9% (8148 of 10203), ETA 0:00:00                              
[00:00:01] ... finding cutoff p=907 80.8% (8246 of 10203), ETA 0:00:00                              
[00:00:01] ... finding cutoff p=907 81.9% (8356 of 10203), ETA 0:00:00                              
[00:00:01] ... finding cutoff p=907 82.9% (8454 of 10203), ETA 0:00:00                              
[00:00:01] ... finding cutoff p=907 83.8% (8554 of 10203), ETA 0:00:00                              
[00:00:01] ... finding cutoff p=907 84.9% (8665 of 10203), ETA 0:00:00                              
[00:00:01] ... finding cutoff p=907 85.9% (8768 of 10203), ETA 0:00:00                              
[00:00:01] ... finding cutoff p=907 86.8% (8858 of 10203), ETA 0:00:00                              
[00:00:01] ... finding cutoff p=907 87.9% (8969 of 10203), ETA 0:00:00                              
[00:00:01] ... finding cutoff p=907 88.8% (9065 of 10203), ETA 0:00:00                              
[00:00:01] ... finding cutoff p=907 90.0% (9178 of 10203), ETA 0:00:00                              
[00:00:01] ... finding cutoff p=907 90.9% (9270 of 10203), ETA 0:00:00                              
[00:00:01] ... finding cutoff p=907 91.9% (9380 of 10203), ETA 0:00:00                              
[00:00:01] ... finding cutoff p=907 92.9% (9481 of 10203), ETA 0:00:00                              
[00:00:01] ... finding cutoff p=907 93.9% (9583 of 10203), ETA 0:00:00                              
[00:00:01] ... finding cutoff p=907 95.0% (9691 of 10203), ETA 0:00:00                              
[00:00:01] ... finding cutoff p=907 95.9% (9788 of 10203), ETA 0:00:00                              
[00:00:01] ... finding cutoff p=907 97.0% (9892 of 10203), ETA 0:00:00                              
[00:00:01] ... finding cutoff p=907 97.9% (9993 of 10203), ETA 0:00:00                              
[00:00:01] ... finding cutoff p=907 98.9% (10095 of 10203), ETA 0:00:00                              
[00:00:01] ... finding cutoff p=907 99.9% (10197 of 10203), ETA 0:00:00                              
[00:00:01] Preparing TNF Graph Building [pTNF = 90.7; 7223 / 10203 (P = 70.79%) round 25]               
[00:00:01] Finding cutoff p=903 [-97.9Gb / 1007.8Gb]                                                     
[00:00:01] ... finding cutoff p=903 1.4% (147 of 10203), ETA 0:00:00                              
[00:00:01] ... finding cutoff p=903 2.5% (255 of 10203), ETA 0:00:00                              
[00:00:01] ... finding cutoff p=903 3.5% (357 of 10203), ETA 0:00:00                              
[00:00:01] ... finding cutoff p=903 4.2% (433 of 10203), ETA 0:00:00                              
[00:00:01] ... finding cutoff p=903 5.1% (516 of 10203), ETA 0:00:00                              
[00:00:01] ... finding cutoff p=903 6.5% (659 of 10203), ETA 0:00:00                              
[00:00:01] ... finding cutoff p=903 7.3% (744 of 10203), ETA 0:00:00                              
[00:00:01] ... finding cutoff p=903 8.1% (826 of 10203), ETA 0:00:00                              
[00:00:01] ... finding cutoff p=903 9.6% (980 of 10203), ETA 0:00:00                              
[00:00:01] ... finding cutoff p=903 10.7% (1088 of 10203), ETA 0:00:00                              
[00:00:01] ... finding cutoff p=903 11.5% (1174 of 10203), ETA 0:00:00                              
[00:00:01] ... finding cutoff p=903 12.5% (1271 of 10203), ETA 0:00:00                              
[00:00:01] ... finding cutoff p=903 13.4% (1370 of 10203), ETA 0:00:00                              
[00:00:01] ... finding cutoff p=903 14.5% (1482 of 10203), ETA 0:00:00                              
[00:00:01] ... finding cutoff p=903 15.6% (1590 of 10203), ETA 0:00:00                              
[00:00:01] ... finding cutoff p=903 16.5% (1685 of 10203), ETA 0:00:00                              
[00:00:01] ... finding cutoff p=903 17.2% (1758 of 10203), ETA 0:00:00                              
[00:00:01] ... finding cutoff p=903 18.3% (1872 of 10203), ETA 0:00:00                              
[00:00:01] ... finding cutoff p=903 19.7% (2015 of 10203), ETA 0:00:00                              
[00:00:01] ... finding cutoff p=903 20.5% (2090 of 10203), ETA 0:00:00                              
[00:00:01] ... finding cutoff p=903 21.3% (2171 of 10203), ETA 0:00:00                              
[00:00:01] ... finding cutoff p=903 22.4% (2289 of 10203), ETA 0:00:00                              
[00:00:01] ... finding cutoff p=903 23.8% (2433 of 10203), ETA 0:00:00                              
[00:00:01] ... finding cutoff p=903 24.6% (2509 of 10203), ETA 0:00:00                              
[00:00:01] ... finding cutoff p=903 25.5% (2601 of 10203), ETA 0:00:00                              
[00:00:01] ... finding cutoff p=903 26.7% (2723 of 10203), ETA 0:00:00                              
[00:00:01] ... finding cutoff p=903 27.4% (2799 of 10203), ETA 0:00:00                              
[00:00:01] ... finding cutoff p=903 28.7% (2933 of 10203), ETA 0:00:00                              
[00:00:01] ... finding cutoff p=903 29.3% (2988 of 10203), ETA 0:00:00                              
[00:00:01] ... finding cutoff p=903 30.3% (3092 of 10203), ETA 0:00:00                              
[00:00:01] ... finding cutoff p=903 31.4% (3205 of 10203), ETA 0:00:00                              
[00:00:01] ... finding cutoff p=903 32.6% (3324 of 10203), ETA 0:00:00                              
[00:00:01] ... finding cutoff p=903 33.6% (3425 of 10203), ETA 0:00:00                              
[00:00:01] ... finding cutoff p=903 34.8% (3549 of 10203), ETA 0:00:00                              
[00:00:01] ... finding cutoff p=903 35.5% (3619 of 10203), ETA 0:00:00                              
[00:00:01] ... finding cutoff p=903 36.7% (3740 of 10203), ETA 0:00:00                              
[00:00:01] ... finding cutoff p=903 37.6% (3836 of 10203), ETA 0:00:00                              
[00:00:01] ... finding cutoff p=903 38.7% (3951 of 10203), ETA 0:00:00                              
[00:00:01] ... finding cutoff p=903 39.4% (4021 of 10203), ETA 0:00:00                              
[00:00:01] ... finding cutoff p=903 40.7% (4148 of 10203), ETA 0:00:00                              
[00:00:01] ... finding cutoff p=903 41.4% (4227 of 10203), ETA 0:00:00                              
[00:00:01] ... finding cutoff p=903 42.5% (4338 of 10203), ETA 0:00:00                              
[00:00:01] ... finding cutoff p=903 43.8% (4470 of 10203), ETA 0:00:00                              
[00:00:01] ... finding cutoff p=903 44.4% (4533 of 10203), ETA 0:00:00                              
[00:00:01] ... finding cutoff p=903 45.7% (4659 of 10203), ETA 0:00:00                              
[00:00:01] ... finding cutoff p=903 46.9% (4783 of 10203), ETA 0:00:00                              
[00:00:01] ... finding cutoff p=903 47.5% (4844 of 10203), ETA 0:00:00                              
[00:00:01] ... finding cutoff p=903 48.5% (4944 of 10203), ETA 0:00:00                              
[00:00:01] ... finding cutoff p=903 49.8% (5078 of 10203), ETA 0:00:00                              
[00:00:01] ... finding cutoff p=903 51.0% (5204 of 10203), ETA 0:00:00                              
[00:00:01] ... finding cutoff p=903 51.6% (5265 of 10203), ETA 0:00:00                              
[00:00:01] ... finding cutoff p=903 52.8% (5384 of 10203), ETA 0:00:00                              
[00:00:01] ... finding cutoff p=903 53.7% (5481 of 10203), ETA 0:00:00                              
[00:00:01] ... finding cutoff p=903 54.6% (5568 of 10203), ETA 0:00:00                              
[00:00:01] ... finding cutoff p=903 55.7% (5678 of 10203), ETA 0:00:00                              
[00:00:01] ... finding cutoff p=903 56.6% (5770 of 10203), ETA 0:00:00                              
[00:00:01] ... finding cutoff p=903 57.7% (5892 of 10203), ETA 0:00:00                              
[00:00:01] ... finding cutoff p=903 58.7% (5990 of 10203), ETA 0:00:00                              
[00:00:01] ... finding cutoff p=903 59.8% (6105 of 10203), ETA 0:00:00                              
[00:00:01] ... finding cutoff p=903 60.7% (6197 of 10203), ETA 0:00:00                              
[00:00:01] ... finding cutoff p=903 61.9% (6319 of 10203), ETA 0:00:00                              
[00:00:01] ... finding cutoff p=903 63.0% (6426 of 10203), ETA 0:00:00                              
[00:00:01] ... finding cutoff p=903 63.8% (6510 of 10203), ETA 0:00:00                              
[00:00:01] ... finding cutoff p=903 64.6% (6595 of 10203), ETA 0:00:00                              
[00:00:01] ... finding cutoff p=903 65.8% (6714 of 10203), ETA 0:00:00                              
[00:00:01] ... finding cutoff p=903 66.7% (6802 of 10203), ETA 0:00:00                              
[00:00:01] ... finding cutoff p=903 67.8% (6922 of 10203), ETA 0:00:00                              
[00:00:01] ... finding cutoff p=903 69.0% (7036 of 10203), ETA 0:00:00                              
[00:00:01] ... finding cutoff p=903 69.7% (7115 of 10203), ETA 0:00:00                              
[00:00:01] ... finding cutoff p=903 70.7% (7216 of 10203), ETA 0:00:00                              
[00:00:01] ... finding cutoff p=903 71.7% (7316 of 10203), ETA 0:00:00                              
[00:00:01] ... finding cutoff p=903 72.7% (7417 of 10203), ETA 0:00:00                              
[00:00:01] ... finding cutoff p=903 73.9% (7544 of 10203), ETA 0:00:00                              
[00:00:01] ... finding cutoff p=903 74.9% (7638 of 10203), ETA 0:00:00                              
[00:00:01] ... finding cutoff p=903 75.7% (7728 of 10203), ETA 0:00:00                              
[00:00:01] ... finding cutoff p=903 76.9% (7844 of 10203), ETA 0:00:00                              
[00:00:01] ... finding cutoff p=903 77.8% (7940 of 10203), ETA 0:00:00                              
[00:00:01] ... finding cutoff p=903 78.9% (8046 of 10203), ETA 0:00:00                              
[00:00:01] ... finding cutoff p=903 79.8% (8142 of 10203), ETA 0:00:00                              
[00:00:01] ... finding cutoff p=903 80.9% (8256 of 10203), ETA 0:00:00                              
[00:00:01] ... finding cutoff p=903 81.8% (8348 of 10203), ETA 0:00:00                              
[00:00:01] ... finding cutoff p=903 82.8% (8446 of 10203), ETA 0:00:00                              
[00:00:01] ... finding cutoff p=903 84.0% (8566 of 10203), ETA 0:00:00                              
[00:00:01] ... finding cutoff p=903 84.9% (8662 of 10203), ETA 0:00:00                              
[00:00:01] ... finding cutoff p=903 85.9% (8764 of 10203), ETA 0:00:00                              
[00:00:01] ... finding cutoff p=903 86.9% (8870 of 10203), ETA 0:00:00                              
[00:00:01] ... finding cutoff p=903 87.8% (8963 of 10203), ETA 0:00:00                              
[00:00:01] ... finding cutoff p=903 88.9% (9067 of 10203), ETA 0:00:00                              
[00:00:01] ... finding cutoff p=903 89.8% (9167 of 10203), ETA 0:00:00                              
[00:00:01] ... finding cutoff p=903 90.9% (9275 of 10203), ETA 0:00:00                              
[00:00:01] ... finding cutoff p=903 91.9% (9381 of 10203), ETA 0:00:00                              
[00:00:01] ... finding cutoff p=903 92.9% (9479 of 10203), ETA 0:00:00                              
[00:00:01] ... finding cutoff p=903 94.0% (9588 of 10203), ETA 0:00:00                              
[00:00:01] ... finding cutoff p=903 94.9% (9683 of 10203), ETA 0:00:00                              
[00:00:01] ... finding cutoff p=903 95.9% (9786 of 10203), ETA 0:00:00                              
[00:00:01] ... finding cutoff p=903 96.9% (9888 of 10203), ETA 0:00:00                              
[00:00:01] ... finding cutoff p=903 97.9% (9991 of 10203), ETA 0:00:00                              
[00:00:01] ... finding cutoff p=903 98.9% (10094 of 10203), ETA 0:00:00                              
[00:00:01] ... finding cutoff p=903 99.9% (10197 of 10203), ETA 0:00:00                              
[00:00:01] Preparing TNF Graph Building [pTNF = 90.3; 7386 / 10203 (P = 72.39%) round 26]               
[00:00:01] Finding cutoff p=899 [-97.9Gb / 1007.8Gb]                                                     
[00:00:01] ... finding cutoff p=899 1.2% (127 of 10203), ETA 0:00:00                              
[00:00:01] ... finding cutoff p=899 2.4% (248 of 10203), ETA 0:00:00                              
[00:00:01] ... finding cutoff p=899 3.6% (370 of 10203), ETA 0:00:00                              
[00:00:01] ... finding cutoff p=899 4.4% (454 of 10203), ETA 0:00:00                              
[00:00:01] ... finding cutoff p=899 5.4% (548 of 10203), ETA 0:00:00                              
[00:00:01] ... finding cutoff p=899 6.2% (634 of 10203), ETA 0:00:00                              
[00:00:01] ... finding cutoff p=899 7.8% (794 of 10203), ETA 0:00:00                              
[00:00:01] ... finding cutoff p=899 9.6% (980 of 10203), ETA 0:00:00                              
[00:00:01] ... finding cutoff p=899 10.4% (1058 of 10203), ETA 0:00:00                              
[00:00:01] ... finding cutoff p=899 11.4% (1161 of 10203), ETA 0:00:00                              
[00:00:01] ... finding cutoff p=899 12.3% (1254 of 10203), ETA 0:00:00                              
[00:00:01] ... finding cutoff p=899 13.4% (1363 of 10203), ETA 0:00:00                              
[00:00:01] ... finding cutoff p=899 14.4% (1466 of 10203), ETA 0:00:00                              
[00:00:01] ... finding cutoff p=899 15.5% (1584 of 10203), ETA 0:00:00                              
[00:00:01] ... finding cutoff p=899 16.5% (1688 of 10203), ETA 0:00:00                              
[00:00:01] ... finding cutoff p=899 17.2% (1755 of 10203), ETA 0:00:00                              
[00:00:01] ... finding cutoff p=899 18.3% (1866 of 10203), ETA 0:00:00                              
[00:00:01] ... finding cutoff p=899 19.3% (1968 of 10203), ETA 0:00:00                              
[00:00:01] ... finding cutoff p=899 20.5% (2093 of 10203), ETA 0:00:00                              
[00:00:01] ... finding cutoff p=899 21.2% (2168 of 10203), ETA 0:00:00                              
[00:00:01] ... finding cutoff p=899 22.5% (2299 of 10203), ETA 0:00:00                              
[00:00:01] ... finding cutoff p=899 23.3% (2376 of 10203), ETA 0:00:00                              
[00:00:01] ... finding cutoff p=899 24.7% (2516 of 10203), ETA 0:00:00                              
[00:00:01] ... finding cutoff p=899 25.4% (2595 of 10203), ETA 0:00:00                              
[00:00:01] ... finding cutoff p=899 26.3% (2681 of 10203), ETA 0:00:00                              
[00:00:01] ... finding cutoff p=899 27.6% (2811 of 10203), ETA 0:00:00                              
[00:00:01] ... finding cutoff p=899 28.5% (2904 of 10203), ETA 0:00:00                              
[00:00:01] ... finding cutoff p=899 29.5% (3014 of 10203), ETA 0:00:00                              
[00:00:01] ... finding cutoff p=899 30.3% (3091 of 10203), ETA 0:00:00                              
[00:00:01] ... finding cutoff p=899 31.3% (3194 of 10203), ETA 0:00:00                              
[00:00:01] ... finding cutoff p=899 32.6% (3324 of 10203), ETA 0:00:00                              
[00:00:01] ... finding cutoff p=899 33.7% (3442 of 10203), ETA 0:00:00                              
[00:00:01] ... finding cutoff p=899 34.4% (3508 of 10203), ETA 0:00:00                              
[00:00:01] ... finding cutoff p=899 35.5% (3617 of 10203), ETA 0:00:00                              
[00:00:01] ... finding cutoff p=899 36.8% (3755 of 10203), ETA 0:00:00                              
[00:00:01] ... finding cutoff p=899 37.5% (3829 of 10203), ETA 0:00:00                              
[00:00:01] ... finding cutoff p=899 38.7% (3949 of 10203), ETA 0:00:00                              
[00:00:01] ... finding cutoff p=899 39.4% (4019 of 10203), ETA 0:00:00                              
[00:00:01] ... finding cutoff p=899 40.5% (4134 of 10203), ETA 0:00:00                              
[00:00:01] ... finding cutoff p=899 41.7% (4257 of 10203), ETA 0:00:00                              
[00:00:01] ... finding cutoff p=899 42.5% (4338 of 10203), ETA 0:00:00                              
[00:00:01] ... finding cutoff p=899 43.7% (4460 of 10203), ETA 0:00:00                              
[00:00:01] ... finding cutoff p=899 44.8% (4571 of 10203), ETA 0:00:00                              
[00:00:01] ... finding cutoff p=899 45.9% (4680 of 10203), ETA 0:00:00                              
[00:00:01] ... finding cutoff p=899 46.9% (4785 of 10203), ETA 0:00:00                              
[00:00:01] ... finding cutoff p=899 47.4% (4841 of 10203), ETA 0:00:00                              
[00:00:01] ... finding cutoff p=899 48.5% (4945 of 10203), ETA 0:00:00                              
[00:00:01] ... finding cutoff p=899 49.7% (5073 of 10203), ETA 0:00:00                              
[00:00:01] ... finding cutoff p=899 50.7% (5176 of 10203), ETA 0:00:00                              
[00:00:01] ... finding cutoff p=899 51.7% (5279 of 10203), ETA 0:00:00                              
[00:00:01] ... finding cutoff p=899 52.8% (5386 of 10203), ETA 0:00:00                              
[00:00:01] ... finding cutoff p=899 53.7% (5479 of 10203), ETA 0:00:00                              
[00:00:01] ... finding cutoff p=899 54.6% (5567 of 10203), ETA 0:00:00                              
[00:00:01] ... finding cutoff p=899 55.8% (5694 of 10203), ETA 0:00:00                              
[00:00:01] ... finding cutoff p=899 56.7% (5788 of 10203), ETA 0:00:00                              
[00:00:01] ... finding cutoff p=899 57.7% (5884 of 10203), ETA 0:00:00                              
[00:00:01] ... finding cutoff p=899 58.8% (5999 of 10203), ETA 0:00:00                              
[00:00:01] ... finding cutoff p=899 59.8% (6104 of 10203), ETA 0:00:00                              
[00:00:01] ... finding cutoff p=899 60.8% (6208 of 10203), ETA 0:00:00                              
[00:00:01] ... finding cutoff p=899 61.9% (6313 of 10203), ETA 0:00:00                              
[00:00:01] ... finding cutoff p=899 62.8% (6406 of 10203), ETA 0:00:00                              
[00:00:01] ... finding cutoff p=899 63.9% (6519 of 10203), ETA 0:00:00                              
[00:00:01] ... finding cutoff p=899 64.8% (6613 of 10203), ETA 0:00:00                              
[00:00:01] ... finding cutoff p=899 65.9% (6720 of 10203), ETA 0:00:00                              
[00:00:01] ... finding cutoff p=899 66.7% (6807 of 10203), ETA 0:00:00                              
[00:00:01] ... finding cutoff p=899 67.8% (6915 of 10203), ETA 0:00:00                              
[00:00:01] ... finding cutoff p=899 68.8% (7023 of 10203), ETA 0:00:00                              
[00:00:01] ... finding cutoff p=899 69.9% (7127 of 10203), ETA 0:00:00                              
[00:00:01] ... finding cutoff p=899 70.9% (7232 of 10203), ETA 0:00:00                              
[00:00:01] ... finding cutoff p=899 71.9% (7335 of 10203), ETA 0:00:00                              
[00:00:01] ... finding cutoff p=899 72.8% (7431 of 10203), ETA 0:00:00                              
[00:00:01] ... finding cutoff p=899 73.9% (7536 of 10203), ETA 0:00:00                              
[00:00:01] ... finding cutoff p=899 74.9% (7637 of 10203), ETA 0:00:00                              
[00:00:01] ... finding cutoff p=899 75.9% (7741 of 10203), ETA 0:00:00                              
[00:00:01] ... finding cutoff p=899 76.8% (7839 of 10203), ETA 0:00:00                              
[00:00:01] ... finding cutoff p=899 77.8% (7943 of 10203), ETA 0:00:00                              
[00:00:01] ... finding cutoff p=899 78.8% (8042 of 10203), ETA 0:00:00                              
[00:00:01] ... finding cutoff p=899 79.8% (8145 of 10203), ETA 0:00:00                              
[00:00:01] ... finding cutoff p=899 80.9% (8254 of 10203), ETA 0:00:00                              
[00:00:01] ... finding cutoff p=899 81.9% (8357 of 10203), ETA 0:00:00                              
[00:00:01] ... finding cutoff p=899 82.9% (8460 of 10203), ETA 0:00:00                              
[00:00:01] ... finding cutoff p=899 83.8% (8552 of 10203), ETA 0:00:00                              
[00:00:01] ... finding cutoff p=899 84.8% (8655 of 10203), ETA 0:00:00                              
[00:00:01] ... finding cutoff p=899 85.8% (8755 of 10203), ETA 0:00:00                              
[00:00:01] ... finding cutoff p=899 86.9% (8871 of 10203), ETA 0:00:00                              
[00:00:01] ... finding cutoff p=899 87.9% (8968 of 10203), ETA 0:00:00                              
[00:00:01] ... finding cutoff p=899 88.9% (9069 of 10203), ETA 0:00:00                              
[00:00:01] ... finding cutoff p=899 89.8% (9167 of 10203), ETA 0:00:00                              
[00:00:01] ... finding cutoff p=899 91.0% (9281 of 10203), ETA 0:00:00                              
[00:00:01] ... finding cutoff p=899 91.9% (9378 of 10203), ETA 0:00:00                              
[00:00:01] ... finding cutoff p=899 93.0% (9487 of 10203), ETA 0:00:00                              
[00:00:01] ... finding cutoff p=899 93.9% (9583 of 10203), ETA 0:00:00                              
[00:00:01] ... finding cutoff p=899 95.0% (9692 of 10203), ETA 0:00:00                              
[00:00:01] ... finding cutoff p=899 95.9% (9787 of 10203), ETA 0:00:00                              
[00:00:01] ... finding cutoff p=899 96.9% (9889 of 10203), ETA 0:00:00                              
[00:00:01] ... finding cutoff p=899 97.9% (9993 of 10203), ETA 0:00:00                              
[00:00:01] ... finding cutoff p=899 98.9% (10095 of 10203), ETA 0:00:00                              
[00:00:01] ... finding cutoff p=899 99.9% (10197 of 10203), ETA 0:00:00                              
[00:00:01] Preparing TNF Graph Building [pTNF = 89.9; 7487 / 10203 (P = 73.38%) round 27]               
[00:00:01] Finding cutoff p=888 [-97.9Gb / 1007.8Gb]                                                     
[00:00:01] ... finding cutoff p=888 1.4% (143 of 10203), ETA 0:00:00                              
[00:00:01] ... finding cutoff p=888 2.5% (257 of 10203), ETA 0:00:00                              
[00:00:01] ... finding cutoff p=888 3.3% (339 of 10203), ETA 0:00:00                              
[00:00:01] ... finding cutoff p=888 4.2% (428 of 10203), ETA 0:00:00                              
[00:00:01] ... finding cutoff p=888 5.6% (576 of 10203), ETA 0:00:00                              
[00:00:01] ... finding cutoff p=888 6.4% (655 of 10203), ETA 0:00:00                              
[00:00:01] ... finding cutoff p=888 7.3% (749 of 10203), ETA 0:00:00                              
[00:00:01] ... finding cutoff p=888 8.1% (830 of 10203), ETA 0:00:00                              
[00:00:01] ... finding cutoff p=888 9.7% (990 of 10203), ETA 0:00:00                              
[00:00:01] ... finding cutoff p=888 10.7% (1089 of 10203), ETA 0:00:00                              
[00:00:01] ... finding cutoff p=888 11.7% (1189 of 10203), ETA 0:00:00                              
[00:00:01] ... finding cutoff p=888 12.6% (1285 of 10203), ETA 0:00:00                              
[00:00:01] ... finding cutoff p=888 13.7% (1394 of 10203), ETA 0:00:00                              
[00:00:01] ... finding cutoff p=888 14.5% (1484 of 10203), ETA 0:00:00                              
[00:00:01] ... finding cutoff p=888 15.4% (1570 of 10203), ETA 0:00:00                              
[00:00:01] ... finding cutoff p=888 16.5% (1685 of 10203), ETA 0:00:00                              
[00:00:01] ... finding cutoff p=888 17.6% (1791 of 10203), ETA 0:00:00                              
[00:00:01] ... finding cutoff p=888 18.2% (1854 of 10203), ETA 0:00:00                              
[00:00:01] ... finding cutoff p=888 19.4% (1984 of 10203), ETA 0:00:00                              
[00:00:01] ... finding cutoff p=888 20.2% (2065 of 10203), ETA 0:00:00                              
[00:00:01] ... finding cutoff p=888 21.6% (2201 of 10203), ETA 0:00:00                              
[00:00:01] ... finding cutoff p=888 22.3% (2280 of 10203), ETA 0:00:00                              
[00:00:01] ... finding cutoff p=888 23.3% (2374 of 10203), ETA 0:00:00                              
[00:00:01] ... finding cutoff p=888 24.4% (2492 of 10203), ETA 0:00:00                              
[00:00:01] ... finding cutoff p=888 25.9% (2643 of 10203), ETA 0:00:00                              
[00:00:01] ... finding cutoff p=888 26.6% (2713 of 10203), ETA 0:00:00                              
[00:00:01] ... finding cutoff p=888 27.5% (2804 of 10203), ETA 0:00:00                              
[00:00:01] ... finding cutoff p=888 28.3% (2886 of 10203), ETA 0:00:00                              
[00:00:01] ... finding cutoff p=888 29.4% (2999 of 10203), ETA 0:00:00                              
[00:00:01] ... finding cutoff p=888 30.5% (3111 of 10203), ETA 0:00:00                              
[00:00:01] ... finding cutoff p=888 31.8% (3241 of 10203), ETA 0:00:00                              
[00:00:01] ... finding cutoff p=888 32.5% (3317 of 10203), ETA 0:00:00                              
[00:00:01] ... finding cutoff p=888 33.5% (3422 of 10203), ETA 0:00:00                              
[00:00:01] ... finding cutoff p=888 34.7% (3541 of 10203), ETA 0:00:00                              
[00:00:01] ... finding cutoff p=888 35.4% (3610 of 10203), ETA 0:00:00                              
[00:00:01] ... finding cutoff p=888 36.5% (3721 of 10203), ETA 0:00:00                              
[00:00:01] ... finding cutoff p=888 37.6% (3841 of 10203), ETA 0:00:00                              
[00:00:01] ... finding cutoff p=888 38.5% (3925 of 10203), ETA 0:00:00                              
[00:00:01] ... finding cutoff p=888 39.5% (4026 of 10203), ETA 0:00:00                              
[00:00:01] ... finding cutoff p=888 40.6% (4141 of 10203), ETA 0:00:00                              
[00:00:01] ... finding cutoff p=888 41.8% (4269 of 10203), ETA 0:00:00                              
[00:00:01] ... finding cutoff p=888 42.5% (4340 of 10203), ETA 0:00:00                              
[00:00:01] ... finding cutoff p=888 43.4% (4431 of 10203), ETA 0:00:00                              
[00:00:01] ... finding cutoff p=888 44.5% (4540 of 10203), ETA 0:00:00                              
[00:00:01] ... finding cutoff p=888 45.5% (4642 of 10203), ETA 0:00:00                              
[00:00:01] ... finding cutoff p=888 46.6% (4750 of 10203), ETA 0:00:00                              
[00:00:01] ... finding cutoff p=888 47.6% (4859 of 10203), ETA 0:00:00                              
[00:00:01] ... finding cutoff p=888 48.6% (4958 of 10203), ETA 0:00:00                              
[00:00:01] ... finding cutoff p=888 49.6% (5065 of 10203), ETA 0:00:00                              
[00:00:01] ... finding cutoff p=888 50.6% (5161 of 10203), ETA 0:00:00                              
[00:00:01] ... finding cutoff p=888 51.6% (5263 of 10203), ETA 0:00:00                              
[00:00:01] ... finding cutoff p=888 52.5% (5357 of 10203), ETA 0:00:00                              
[00:00:01] ... finding cutoff p=888 53.8% (5485 of 10203), ETA 0:00:00                              
[00:00:01] ... finding cutoff p=888 54.6% (5574 of 10203), ETA 0:00:00                              
[00:00:01] ... finding cutoff p=888 55.5% (5667 of 10203), ETA 0:00:00                              
[00:00:01] ... finding cutoff p=888 56.7% (5786 of 10203), ETA 0:00:00                              
[00:00:01] ... finding cutoff p=888 57.8% (5893 of 10203), ETA 0:00:00                              
[00:00:01] ... finding cutoff p=888 58.6% (5976 of 10203), ETA 0:00:00                              
[00:00:01] ... finding cutoff p=888 59.8% (6099 of 10203), ETA 0:00:00                              
[00:00:01] ... finding cutoff p=888 60.8% (6201 of 10203), ETA 0:00:00                              
[00:00:01] ... finding cutoff p=888 61.7% (6299 of 10203), ETA 0:00:00                              
[00:00:01] ... finding cutoff p=888 62.6% (6388 of 10203), ETA 0:00:00                              
[00:00:01] ... finding cutoff p=888 63.6% (6493 of 10203), ETA 0:00:00                              
[00:00:01] ... finding cutoff p=888 64.8% (6609 of 10203), ETA 0:00:00                              
[00:00:01] ... finding cutoff p=888 65.7% (6702 of 10203), ETA 0:00:00                              
[00:00:01] ... finding cutoff p=888 66.7% (6801 of 10203), ETA 0:00:00                              
[00:00:01] ... finding cutoff p=888 67.7% (6906 of 10203), ETA 0:00:00                              
[00:00:01] ... finding cutoff p=888 68.7% (7012 of 10203), ETA 0:00:00                              
[00:00:01] ... finding cutoff p=888 69.8% (7117 of 10203), ETA 0:00:00                              
[00:00:01] ... finding cutoff p=888 70.7% (7215 of 10203), ETA 0:00:00                              
[00:00:01] ... finding cutoff p=888 71.7% (7319 of 10203), ETA 0:00:00                              
[00:00:01] ... finding cutoff p=888 72.8% (7431 of 10203), ETA 0:00:00                              
[00:00:01] ... finding cutoff p=888 73.9% (7537 of 10203), ETA 0:00:00                              
[00:00:01] ... finding cutoff p=888 74.8% (7631 of 10203), ETA 0:00:00                              
[00:00:01] ... finding cutoff p=888 75.9% (7741 of 10203), ETA 0:00:00                              
[00:00:01] ... finding cutoff p=888 76.9% (7842 of 10203), ETA 0:00:00                              
[00:00:01] ... finding cutoff p=888 77.8% (7942 of 10203), ETA 0:00:00                              
[00:00:01] ... finding cutoff p=888 78.9% (8046 of 10203), ETA 0:00:00                              
[00:00:01] ... finding cutoff p=888 79.9% (8150 of 10203), ETA 0:00:00                              
[00:00:01] ... finding cutoff p=888 80.9% (8254 of 10203), ETA 0:00:00                              
[00:00:01] ... finding cutoff p=888 81.8% (8346 of 10203), ETA 0:00:00                              
[00:00:01] ... finding cutoff p=888 82.8% (8451 of 10203), ETA 0:00:00                              
[00:00:01] ... finding cutoff p=888 83.9% (8563 of 10203), ETA 0:00:00                              
[00:00:01] ... finding cutoff p=888 84.9% (8663 of 10203), ETA 0:00:00                              
[00:00:01] ... finding cutoff p=888 85.8% (8759 of 10203), ETA 0:00:00                              
[00:00:01] ... finding cutoff p=888 86.9% (8868 of 10203), ETA 0:00:00                              
[00:00:01] ... finding cutoff p=888 87.9% (8964 of 10203), ETA 0:00:00                              
[00:00:01] ... finding cutoff p=888 88.9% (9075 of 10203), ETA 0:00:00                              
[00:00:01] ... finding cutoff p=888 89.9% (9172 of 10203), ETA 0:00:00                              
[00:00:01] ... finding cutoff p=888 90.9% (9274 of 10203), ETA 0:00:00                              
[00:00:01] ... finding cutoff p=888 91.9% (9374 of 10203), ETA 0:00:00                              
[00:00:01] ... finding cutoff p=888 92.9% (9481 of 10203), ETA 0:00:00                              
[00:00:01] ... finding cutoff p=888 94.0% (9588 of 10203), ETA 0:00:00                              
[00:00:01] ... finding cutoff p=888 94.9% (9686 of 10203), ETA 0:00:00                              
[00:00:01] ... finding cutoff p=888 95.9% (9787 of 10203), ETA 0:00:00                              
[00:00:01] ... finding cutoff p=888 97.0% (9894 of 10203), ETA 0:00:00                              
[00:00:01] ... finding cutoff p=888 97.9% (9993 of 10203), ETA 0:00:00                              
[00:00:01] ... finding cutoff p=888 98.9% (10095 of 10203), ETA 0:00:00                              
[00:00:01] ... finding cutoff p=888 99.9% (10197 of 10203), ETA 0:00:00                              
[00:00:01] Preparing TNF Graph Building [pTNF = 88.8; 7566 / 10203 (P = 74.15%) round 28]               
[00:00:01] Finding cutoff p=877 [-97.9Gb / 1007.8Gb]                                                     
[00:00:01] ... finding cutoff p=877 1.4% (142 of 10203), ETA 0:00:00                              
[00:00:01] ... finding cutoff p=877 2.5% (251 of 10203), ETA 0:00:00                              
[00:00:01] ... finding cutoff p=877 3.3% (334 of 10203), ETA 0:00:00                              
[00:00:01] ... finding cutoff p=877 4.6% (469 of 10203), ETA 0:00:00                              
[00:00:01] ... finding cutoff p=877 5.6% (568 of 10203), ETA 0:00:00                              
[00:00:01] ... finding cutoff p=877 6.3% (644 of 10203), ETA 0:00:00                              
[00:00:01] ... finding cutoff p=877 7.1% (726 of 10203), ETA 0:00:00                              
[00:00:01] ... finding cutoff p=877 8.6% (877 of 10203), ETA 0:00:00                              
[00:00:01] ... finding cutoff p=877 9.6% (977 of 10203), ETA 0:00:00                              
[00:00:01] ... finding cutoff p=877 11.4% (1166 of 10203), ETA 0:00:00                              
[00:00:01] ... finding cutoff p=877 12.5% (1280 of 10203), ETA 0:00:00                              
[00:00:01] ... finding cutoff p=877 13.6% (1391 of 10203), ETA 0:00:00                              
[00:00:01] ... finding cutoff p=877 14.6% (1487 of 10203), ETA 0:00:00                              
[00:00:01] ... finding cutoff p=877 15.7% (1605 of 10203), ETA 0:00:00                              
[00:00:01] ... finding cutoff p=877 16.8% (1713 of 10203), ETA 0:00:00                              
[00:00:01] ... finding cutoff p=877 17.7% (1804 of 10203), ETA 0:00:00                              
[00:00:01] ... finding cutoff p=877 18.3% (1872 of 10203), ETA 0:00:00                              
[00:00:01] ... finding cutoff p=877 19.6% (1996 of 10203), ETA 0:00:00                              
[00:00:01] ... finding cutoff p=877 20.3% (2075 of 10203), ETA 0:00:00                              
[00:00:01] ... finding cutoff p=877 21.7% (2212 of 10203), ETA 0:00:00                              
[00:00:01] ... finding cutoff p=877 22.4% (2287 of 10203), ETA 0:00:00                              
[00:00:01] ... finding cutoff p=877 23.2% (2371 of 10203), ETA 0:00:00                              
[00:00:01] ... finding cutoff p=877 24.5% (2497 of 10203), ETA 0:00:00                              
[00:00:01] ... finding cutoff p=877 25.7% (2621 of 10203), ETA 0:00:00                              
[00:00:01] ... finding cutoff p=877 26.7% (2720 of 10203), ETA 0:00:00                              
[00:00:01] ... finding cutoff p=877 27.4% (2796 of 10203), ETA 0:00:00                              
[00:00:01] ... finding cutoff p=877 28.8% (2936 of 10203), ETA 0:00:00                              
[00:00:01] ... finding cutoff p=877 29.5% (3005 of 10203), ETA 0:00:00                              
[00:00:01] ... finding cutoff p=877 30.5% (3109 of 10203), ETA 0:00:00                              
[00:00:01] ... finding cutoff p=877 31.6% (3227 of 10203), ETA 0:00:00                              
[00:00:01] ... finding cutoff p=877 32.8% (3346 of 10203), ETA 0:00:00                              
[00:00:01] ... finding cutoff p=877 33.4% (3410 of 10203), ETA 0:00:00                              
[00:00:01] ... finding cutoff p=877 34.5% (3519 of 10203), ETA 0:00:00                              
[00:00:01] ... finding cutoff p=877 35.7% (3638 of 10203), ETA 0:00:00                              
[00:00:01] ... finding cutoff p=877 36.5% (3720 of 10203), ETA 0:00:00                              
[00:00:01] ... finding cutoff p=877 37.6% (3836 of 10203), ETA 0:00:00                              
[00:00:01] ... finding cutoff p=877 38.4% (3916 of 10203), ETA 0:00:00                              
[00:00:01] ... finding cutoff p=877 39.4% (4024 of 10203), ETA 0:00:00                              
[00:00:01] ... finding cutoff p=877 40.6% (4145 of 10203), ETA 0:00:00                              
[00:00:01] ... finding cutoff p=877 41.8% (4269 of 10203), ETA 0:00:00                              
[00:00:01] ... finding cutoff p=877 42.4% (4330 of 10203), ETA 0:00:00                              
[00:00:01] ... finding cutoff p=877 43.5% (4437 of 10203), ETA 0:00:00                              
[00:00:01] ... finding cutoff p=877 44.6% (4554 of 10203), ETA 0:00:00                              
[00:00:01] ... finding cutoff p=877 45.7% (4667 of 10203), ETA 0:00:00                              
[00:00:01] ... finding cutoff p=877 46.9% (4782 of 10203), ETA 0:00:00                              
[00:00:01] ... finding cutoff p=877 47.9% (4890 of 10203), ETA 0:00:00                              
[00:00:01] ... finding cutoff p=877 48.9% (4991 of 10203), ETA 0:00:00                              
[00:00:01] ... finding cutoff p=877 49.5% (5053 of 10203), ETA 0:00:00                              
[00:00:01] ... finding cutoff p=877 50.7% (5176 of 10203), ETA 0:00:00                              
[00:00:01] ... finding cutoff p=877 51.8% (5289 of 10203), ETA 0:00:00                              
[00:00:01] ... finding cutoff p=877 52.9% (5396 of 10203), ETA 0:00:00                              
[00:00:01] ... finding cutoff p=877 53.7% (5483 of 10203), ETA 0:00:00                              
[00:00:01] ... finding cutoff p=877 54.6% (5575 of 10203), ETA 0:00:00                              
[00:00:01] ... finding cutoff p=877 55.6% (5668 of 10203), ETA 0:00:00                              
[00:00:01] ... finding cutoff p=877 56.8% (5796 of 10203), ETA 0:00:00                              
[00:00:01] ... finding cutoff p=877 57.8% (5894 of 10203), ETA 0:00:00                              
[00:00:01] ... finding cutoff p=877 58.7% (5987 of 10203), ETA 0:00:00                              
[00:00:01] ... finding cutoff p=877 59.6% (6082 of 10203), ETA 0:00:00                              
[00:00:01] ... finding cutoff p=877 60.9% (6210 of 10203), ETA 0:00:00                              
[00:00:01] ... finding cutoff p=877 61.8% (6308 of 10203), ETA 0:00:00                              
[00:00:01] ... finding cutoff p=877 62.7% (6400 of 10203), ETA 0:00:00                              
[00:00:01] ... finding cutoff p=877 63.6% (6494 of 10203), ETA 0:00:00                              
[00:00:01] ... finding cutoff p=877 64.7% (6603 of 10203), ETA 0:00:00                              
[00:00:01] ... finding cutoff p=877 65.9% (6721 of 10203), ETA 0:00:00                              
[00:00:01] ... finding cutoff p=877 66.8% (6812 of 10203), ETA 0:00:00                              
[00:00:01] ... finding cutoff p=877 67.7% (6909 of 10203), ETA 0:00:00                              
[00:00:01] ... finding cutoff p=877 68.8% (7017 of 10203), ETA 0:00:00                              
[00:00:01] ... finding cutoff p=877 69.7% (7109 of 10203), ETA 0:00:00                              
[00:00:01] ... finding cutoff p=877 70.8% (7223 of 10203), ETA 0:00:00                              
[00:00:01] ... finding cutoff p=877 71.8% (7322 of 10203), ETA 0:00:00                              
[00:00:01] ... finding cutoff p=877 72.7% (7421 of 10203), ETA 0:00:00                              
[00:00:01] ... finding cutoff p=877 73.7% (7522 of 10203), ETA 0:00:00                              
[00:00:01] ... finding cutoff p=877 74.7% (7622 of 10203), ETA 0:00:00                              
[00:00:01] ... finding cutoff p=877 75.8% (7737 of 10203), ETA 0:00:00                              
[00:00:01] ... finding cutoff p=877 76.9% (7845 of 10203), ETA 0:00:00                              
[00:00:01] ... finding cutoff p=877 77.9% (7950 of 10203), ETA 0:00:00                              
[00:00:01] ... finding cutoff p=877 78.9% (8047 of 10203), ETA 0:00:00                              
[00:00:01] ... finding cutoff p=877 79.9% (8152 of 10203), ETA 0:00:00                              
[00:00:01] ... finding cutoff p=877 80.8% (8243 of 10203), ETA 0:00:00                              
[00:00:01] ... finding cutoff p=877 81.8% (8347 of 10203), ETA 0:00:00                              
[00:00:01] ... finding cutoff p=877 82.8% (8449 of 10203), ETA 0:00:00                              
[00:00:01] ... finding cutoff p=877 83.9% (8560 of 10203), ETA 0:00:00                              
[00:00:01] ... finding cutoff p=877 84.9% (8659 of 10203), ETA 0:00:00                              
[00:00:01] ... finding cutoff p=877 85.9% (8768 of 10203), ETA 0:00:00                              
[00:00:01] ... finding cutoff p=877 86.9% (8863 of 10203), ETA 0:00:00                              
[00:00:01] ... finding cutoff p=877 87.8% (8961 of 10203), ETA 0:00:00                              
[00:00:01] ... finding cutoff p=877 88.9% (9073 of 10203), ETA 0:00:00                              
[00:00:01] ... finding cutoff p=877 89.9% (9171 of 10203), ETA 0:00:00                              
[00:00:01] ... finding cutoff p=877 90.9% (9276 of 10203), ETA 0:00:00                              
[00:00:01] ... finding cutoff p=877 91.9% (9376 of 10203), ETA 0:00:00                              
[00:00:01] ... finding cutoff p=877 92.9% (9476 of 10203), ETA 0:00:00                              
[00:00:01] ... finding cutoff p=877 93.9% (9580 of 10203), ETA 0:00:00                              
[00:00:01] ... finding cutoff p=877 95.0% (9689 of 10203), ETA 0:00:00                              
[00:00:01] ... finding cutoff p=877 96.0% (9790 of 10203), ETA 0:00:00                              
[00:00:01] ... finding cutoff p=877 97.0% (9893 of 10203), ETA 0:00:00                              
[00:00:01] ... finding cutoff p=877 97.9% (9991 of 10203), ETA 0:00:00                              
[00:00:01] ... finding cutoff p=877 98.9% (10095 of 10203), ETA 0:00:00                              
[00:00:01] ... finding cutoff p=877 99.9% (10197 of 10203), ETA 0:00:00                              
[00:00:01] Preparing TNF Graph Building [pTNF = 87.7; 7675 / 10203 (P = 75.22%) round 29]               
[00:00:01] Finding cutoff p=867 [-97.9Gb / 1007.8Gb]                                                     
[00:00:01] ... finding cutoff p=867 1.4% (147 of 10203), ETA 0:00:00                              
[00:00:01] ... finding cutoff p=867 2.6% (264 of 10203), ETA 0:00:00                              
[00:00:01] ... finding cutoff p=867 3.3% (339 of 10203), ETA 0:00:00                              
[00:00:01] ... finding cutoff p=867 4.4% (451 of 10203), ETA 0:00:00                              
[00:00:01] ... finding cutoff p=867 5.3% (537 of 10203), ETA 0:00:00                              
[00:00:01] ... finding cutoff p=867 6.6% (676 of 10203), ETA 0:00:00                              
[00:00:01] ... finding cutoff p=867 7.5% (762 of 10203), ETA 0:00:00                              
[00:00:01] ... finding cutoff p=867 8.4% (852 of 10203), ETA 0:00:00                              
[00:00:01] ... finding cutoff p=867 9.2% (935 of 10203), ETA 0:00:00                              
[00:00:01] ... finding cutoff p=867 10.7% (1095 of 10203), ETA 0:00:00                              
[00:00:01] ... finding cutoff p=867 11.8% (1206 of 10203), ETA 0:00:00                              
[00:00:01] ... finding cutoff p=867 12.9% (1318 of 10203), ETA 0:00:00                              
[00:00:01] ... finding cutoff p=867 13.8% (1412 of 10203), ETA 0:00:00                              
[00:00:01] ... finding cutoff p=867 15.0% (1534 of 10203), ETA 0:00:00                              
[00:00:01] ... finding cutoff p=867 16.1% (1643 of 10203), ETA 0:00:00                              
[00:00:01] ... finding cutoff p=867 17.2% (1751 of 10203), ETA 0:00:00                              
[00:00:01] ... finding cutoff p=867 18.5% (1886 of 10203), ETA 0:00:00                              
[00:00:01] ... finding cutoff p=867 19.2% (1963 of 10203), ETA 0:00:00                              
[00:00:01] ... finding cutoff p=867 20.4% (2084 of 10203), ETA 0:00:00                              
[00:00:01] ... finding cutoff p=867 21.3% (2173 of 10203), ETA 0:00:00                              
[00:00:01] ... finding cutoff p=867 22.4% (2288 of 10203), ETA 0:00:00                              
[00:00:01] ... finding cutoff p=867 23.2% (2370 of 10203), ETA 0:00:00                              
[00:00:01] ... finding cutoff p=867 24.4% (2491 of 10203), ETA 0:00:00                              
[00:00:01] ... finding cutoff p=867 25.9% (2640 of 10203), ETA 0:00:00                              
[00:00:01] ... finding cutoff p=867 26.7% (2726 of 10203), ETA 0:00:00                              
[00:00:01] ... finding cutoff p=867 27.6% (2818 of 10203), ETA 0:00:00                              
[00:00:01] ... finding cutoff p=867 28.4% (2898 of 10203), ETA 0:00:00                              
[00:00:01] ... finding cutoff p=867 29.6% (3024 of 10203), ETA 0:00:00                              
[00:00:01] ... finding cutoff p=867 30.9% (3149 of 10203), ETA 0:00:00                              
[00:00:01] ... finding cutoff p=867 31.5% (3214 of 10203), ETA 0:00:00                              
[00:00:01] ... finding cutoff p=867 32.7% (3334 of 10203), ETA 0:00:00                              
[00:00:01] ... finding cutoff p=867 33.9% (3454 of 10203), ETA 0:00:00                              
[00:00:01] ... finding cutoff p=867 34.4% (3512 of 10203), ETA 0:00:00                              
[00:00:01] ... finding cutoff p=867 35.7% (3638 of 10203), ETA 0:00:00                              
[00:00:01] ... finding cutoff p=867 36.4% (3713 of 10203), ETA 0:00:00                              
[00:00:01] ... finding cutoff p=867 37.6% (3834 of 10203), ETA 0:00:00                              
[00:00:01] ... finding cutoff p=867 38.4% (3915 of 10203), ETA 0:00:00                              
[00:00:01] ... finding cutoff p=867 39.5% (4029 of 10203), ETA 0:00:00                              
[00:00:01] ... finding cutoff p=867 40.6% (4147 of 10203), ETA 0:00:00                              
[00:00:01] ... finding cutoff p=867 41.9% (4270 of 10203), ETA 0:00:00                              
[00:00:01] ... finding cutoff p=867 42.6% (4344 of 10203), ETA 0:00:00                              
[00:00:01] ... finding cutoff p=867 43.6% (4444 of 10203), ETA 0:00:00                              
[00:00:01] ... finding cutoff p=867 44.6% (4554 of 10203), ETA 0:00:00                              
[00:00:01] ... finding cutoff p=867 45.6% (4648 of 10203), ETA 0:00:00                              
[00:00:01] ... finding cutoff p=867 46.6% (4750 of 10203), ETA 0:00:00                              
[00:00:01] ... finding cutoff p=867 47.8% (4874 of 10203), ETA 0:00:00                              
[00:00:01] ... finding cutoff p=867 48.9% (4993 of 10203), ETA 0:00:00                              
[00:00:01] ... finding cutoff p=867 50.0% (5101 of 10203), ETA 0:00:00                              
[00:00:01] ... finding cutoff p=867 50.6% (5163 of 10203), ETA 0:00:00                              
[00:00:01] ... finding cutoff p=867 51.5% (5253 of 10203), ETA 0:00:00                              
[00:00:01] ... finding cutoff p=867 52.6% (5363 of 10203), ETA 0:00:00                              
[00:00:01] ... finding cutoff p=867 53.6% (5471 of 10203), ETA 0:00:00                              
[00:00:01] ... finding cutoff p=867 54.5% (5565 of 10203), ETA 0:00:00                              
[00:00:01] ... finding cutoff p=867 55.8% (5690 of 10203), ETA 0:00:00                              
[00:00:01] ... finding cutoff p=867 56.8% (5792 of 10203), ETA 0:00:00                              
[00:00:01] ... finding cutoff p=867 57.7% (5890 of 10203), ETA 0:00:00                              
[00:00:01] ... finding cutoff p=867 58.7% (5994 of 10203), ETA 0:00:00                              
[00:00:01] ... finding cutoff p=867 59.7% (6087 of 10203), ETA 0:00:00                              
[00:00:01] ... finding cutoff p=867 60.6% (6185 of 10203), ETA 0:00:00                              
[00:00:01] ... finding cutoff p=867 61.6% (6283 of 10203), ETA 0:00:00                              
[00:00:01] ... finding cutoff p=867 62.9% (6418 of 10203), ETA 0:00:00                              
[00:00:01] ... finding cutoff p=867 63.9% (6518 of 10203), ETA 0:00:00                              
[00:00:01] ... finding cutoff p=867 64.8% (6609 of 10203), ETA 0:00:00                              
[00:00:01] ... finding cutoff p=867 65.8% (6717 of 10203), ETA 0:00:00                              
[00:00:01] ... finding cutoff p=867 66.9% (6823 of 10203), ETA 0:00:00                              
[00:00:01] ... finding cutoff p=867 67.7% (6907 of 10203), ETA 0:00:00                              
[00:00:01] ... finding cutoff p=867 68.8% (7018 of 10203), ETA 0:00:00                              
[00:00:01] ... finding cutoff p=867 69.8% (7122 of 10203), ETA 0:00:00                              
[00:00:01] ... finding cutoff p=867 70.8% (7224 of 10203), ETA 0:00:00                              
[00:00:01] ... finding cutoff p=867 71.8% (7323 of 10203), ETA 0:00:00                              
[00:00:01] ... finding cutoff p=867 72.8% (7423 of 10203), ETA 0:00:00                              
[00:00:01] ... finding cutoff p=867 73.8% (7529 of 10203), ETA 0:00:00                              
[00:00:01] ... finding cutoff p=867 74.7% (7624 of 10203), ETA 0:00:00                              
[00:00:01] ... finding cutoff p=867 75.8% (7733 of 10203), ETA 0:00:00                              
[00:00:01] ... finding cutoff p=867 76.8% (7841 of 10203), ETA 0:00:00                              
[00:00:01] ... finding cutoff p=867 77.8% (7943 of 10203), ETA 0:00:00                              
[00:00:01] ... finding cutoff p=867 78.8% (8044 of 10203), ETA 0:00:00                              
[00:00:01] ... finding cutoff p=867 79.8% (8141 of 10203), ETA 0:00:00                              
[00:00:01] ... finding cutoff p=867 80.9% (8254 of 10203), ETA 0:00:00                              
[00:00:01] ... finding cutoff p=867 81.8% (8343 of 10203), ETA 0:00:00                              
[00:00:01] ... finding cutoff p=867 82.8% (8447 of 10203), ETA 0:00:00                              
[00:00:01] ... finding cutoff p=867 83.8% (8551 of 10203), ETA 0:00:00                              
[00:00:01] ... finding cutoff p=867 84.9% (8667 of 10203), ETA 0:00:00                              
[00:00:01] ... finding cutoff p=867 85.8% (8759 of 10203), ETA 0:00:00                              
[00:00:01] ... finding cutoff p=867 87.0% (8872 of 10203), ETA 0:00:00                              
[00:00:01] ... finding cutoff p=867 87.8% (8963 of 10203), ETA 0:00:00                              
[00:00:01] ... finding cutoff p=867 88.9% (9066 of 10203), ETA 0:00:00                              
[00:00:01] ... finding cutoff p=867 89.9% (9170 of 10203), ETA 0:00:00                              
[00:00:01] ... finding cutoff p=867 90.9% (9275 of 10203), ETA 0:00:00                              
[00:00:01] ... finding cutoff p=867 92.0% (9384 of 10203), ETA 0:00:00                              
[00:00:01] ... finding cutoff p=867 92.9% (9483 of 10203), ETA 0:00:00                              
[00:00:01] ... finding cutoff p=867 93.9% (9583 of 10203), ETA 0:00:00                              
[00:00:01] ... finding cutoff p=867 95.0% (9691 of 10203), ETA 0:00:00                              
[00:00:01] ... finding cutoff p=867 95.9% (9789 of 10203), ETA 0:00:00                              
[00:00:01] ... finding cutoff p=867 96.9% (9890 of 10203), ETA 0:00:00                              
[00:00:01] ... finding cutoff p=867 97.9% (9993 of 10203), ETA 0:00:00                              
[00:00:01] ... finding cutoff p=867 98.9% (10095 of 10203), ETA 0:00:00                              
[00:00:01] ... finding cutoff p=867 99.9% (10197 of 10203), ETA 0:00:00                              
[00:00:01] Preparing TNF Graph Building [pTNF = 86.7; 7810 / 10203 (P = 76.55%) round 30]               
[00:00:01] Finding cutoff p=857 [-97.9Gb / 1007.8Gb]                                                     
[00:00:01] ... finding cutoff p=857 1.4% (142 of 10203), ETA 0:00:00                              
[00:00:01] ... finding cutoff p=857 2.4% (245 of 10203), ETA 0:00:00                              
[00:00:01] ... finding cutoff p=857 3.2% (326 of 10203), ETA 0:00:00                              
[00:00:01] ... finding cutoff p=857 4.2% (431 of 10203), ETA 0:00:00                              
[00:00:01] ... finding cutoff p=857 5.6% (574 of 10203), ETA 0:00:00                              
[00:00:01] ... finding cutoff p=857 6.6% (677 of 10203), ETA 0:00:00                              
[00:00:01] ... finding cutoff p=857 7.5% (763 of 10203), ETA 0:00:00                              
[00:00:01] ... finding cutoff p=857 8.3% (847 of 10203), ETA 0:00:00                              
[00:00:01] ... finding cutoff p=857 9.3% (948 of 10203), ETA 0:00:00                              
[00:00:01] ... finding cutoff p=857 10.1% (1030 of 10203), ETA 0:00:00                              
[00:00:01] ... finding cutoff p=857 11.6% (1179 of 10203), ETA 0:00:00                              
[00:00:01] ... finding cutoff p=857 12.8% (1306 of 10203), ETA 0:00:00                              
[00:00:01] ... finding cutoff p=857 14.9% (1520 of 10203), ETA 0:00:00                              
[00:00:01] ... finding cutoff p=857 16.0% (1633 of 10203), ETA 0:00:00                              
[00:00:01] ... finding cutoff p=857 17.0% (1739 of 10203), ETA 0:00:00                              
[00:00:01] ... finding cutoff p=857 17.7% (1811 of 10203), ETA 0:00:00                              
[00:00:01] ... finding cutoff p=857 18.3% (1869 of 10203), ETA 0:00:00                              
[00:00:01] ... finding cutoff p=857 19.6% (2003 of 10203), ETA 0:00:00                              
[00:00:01] ... finding cutoff p=857 20.3% (2073 of 10203), ETA 0:00:00                              
[00:00:01] ... finding cutoff p=857 21.3% (2173 of 10203), ETA 0:00:00                              
[00:00:01] ... finding cutoff p=857 22.4% (2290 of 10203), ETA 0:00:00                              
[00:00:01] ... finding cutoff p=857 23.8% (2430 of 10203), ETA 0:00:00                              
[00:00:01] ... finding cutoff p=857 24.5% (2500 of 10203), ETA 0:00:00                              
[00:00:01] ... finding cutoff p=857 25.8% (2629 of 10203), ETA 0:00:00                              
[00:00:01] ... finding cutoff p=857 26.5% (2703 of 10203), ETA 0:00:00                              
[00:00:01] ... finding cutoff p=857 27.9% (2843 of 10203), ETA 0:00:00                              
[00:00:01] ... finding cutoff p=857 28.7% (2932 of 10203), ETA 0:00:00                              
[00:00:01] ... finding cutoff p=857 29.4% (3004 of 10203), ETA 0:00:00                              
[00:00:01] ... finding cutoff p=857 30.5% (3108 of 10203), ETA 0:00:00                              
[00:00:01] ... finding cutoff p=857 31.7% (3230 of 10203), ETA 0:00:00                              
[00:00:01] ... finding cutoff p=857 32.9% (3357 of 10203), ETA 0:00:00                              
[00:00:01] ... finding cutoff p=857 33.5% (3418 of 10203), ETA 0:00:00                              
[00:00:01] ... finding cutoff p=857 34.5% (3518 of 10203), ETA 0:00:00                              
[00:00:01] ... finding cutoff p=857 35.7% (3646 of 10203), ETA 0:00:00                              
[00:00:01] ... finding cutoff p=857 36.5% (3729 of 10203), ETA 0:00:00                              
[00:00:01] ... finding cutoff p=857 37.8% (3859 of 10203), ETA 0:00:00                              
[00:00:01] ... finding cutoff p=857 38.7% (3945 of 10203), ETA 0:00:00                              
[00:00:01] ... finding cutoff p=857 39.6% (4037 of 10203), ETA 0:00:00                              
[00:00:01] ... finding cutoff p=857 40.5% (4134 of 10203), ETA 0:00:00                              
[00:00:01] ... finding cutoff p=857 41.8% (4264 of 10203), ETA 0:00:00                              
[00:00:01] ... finding cutoff p=857 42.4% (4331 of 10203), ETA 0:00:00                              
[00:00:01] ... finding cutoff p=857 43.7% (4462 of 10203), ETA 0:00:00                              
[00:00:01] ... finding cutoff p=857 44.5% (4536 of 10203), ETA 0:00:00                              
[00:00:01] ... finding cutoff p=857 45.4% (4636 of 10203), ETA 0:00:00                              
[00:00:01] ... finding cutoff p=857 46.5% (4741 of 10203), ETA 0:00:00                              
[00:00:01] ... finding cutoff p=857 47.5% (4850 of 10203), ETA 0:00:00                              
[00:00:01] ... finding cutoff p=857 48.5% (4953 of 10203), ETA 0:00:00                              
[00:00:01] ... finding cutoff p=857 49.5% (5053 of 10203), ETA 0:00:00                              
[00:00:01] ... finding cutoff p=857 50.6% (5163 of 10203), ETA 0:00:00                              
[00:00:01] ... finding cutoff p=857 51.7% (5273 of 10203), ETA 0:00:00                              
[00:00:01] ... finding cutoff p=857 52.7% (5377 of 10203), ETA 0:00:00                              
[00:00:01] ... finding cutoff p=857 53.7% (5480 of 10203), ETA 0:00:00                              
[00:00:01] ... finding cutoff p=857 54.8% (5592 of 10203), ETA 0:00:00                              
[00:00:01] ... finding cutoff p=857 55.7% (5681 of 10203), ETA 0:00:00                              
[00:00:01] ... finding cutoff p=857 56.6% (5772 of 10203), ETA 0:00:00                              
[00:00:01] ... finding cutoff p=857 57.9% (5906 of 10203), ETA 0:00:00                              
[00:00:01] ... finding cutoff p=857 58.8% (6000 of 10203), ETA 0:00:00                              
[00:00:01] ... finding cutoff p=857 59.7% (6096 of 10203), ETA 0:00:00                              
[00:00:01] ... finding cutoff p=857 60.8% (6201 of 10203), ETA 0:00:00                              
[00:00:01] ... finding cutoff p=857 61.9% (6314 of 10203), ETA 0:00:00                              
[00:00:01] ... finding cutoff p=857 62.9% (6417 of 10203), ETA 0:00:00                              
[00:00:01] ... finding cutoff p=857 63.8% (6508 of 10203), ETA 0:00:00                              
[00:00:01] ... finding cutoff p=857 64.6% (6594 of 10203), ETA 0:00:00                              
[00:00:01] ... finding cutoff p=857 65.8% (6714 of 10203), ETA 0:00:00                              
[00:00:01] ... finding cutoff p=857 66.8% (6811 of 10203), ETA 0:00:00                              
[00:00:01] ... finding cutoff p=857 67.7% (6910 of 10203), ETA 0:00:00                              
[00:00:01] ... finding cutoff p=857 68.7% (7007 of 10203), ETA 0:00:00                              
[00:00:01] ... finding cutoff p=857 69.8% (7117 of 10203), ETA 0:00:00                              
[00:00:01] ... finding cutoff p=857 70.8% (7225 of 10203), ETA 0:00:00                              
[00:00:01] ... finding cutoff p=857 71.8% (7326 of 10203), ETA 0:00:00                              
[00:00:01] ... finding cutoff p=857 72.8% (7432 of 10203), ETA 0:00:00                              
[00:00:01] ... finding cutoff p=857 73.8% (7530 of 10203), ETA 0:00:00                              
[00:00:01] ... finding cutoff p=857 74.8% (7633 of 10203), ETA 0:00:00                              
[00:00:01] ... finding cutoff p=857 75.9% (7748 of 10203), ETA 0:00:00                              
[00:00:01] ... finding cutoff p=857 76.8% (7833 of 10203), ETA 0:00:00                              
[00:00:01] ... finding cutoff p=857 77.8% (7935 of 10203), ETA 0:00:00                              
[00:00:01] ... finding cutoff p=857 78.8% (8044 of 10203), ETA 0:00:00                              
[00:00:01] ... finding cutoff p=857 79.9% (8155 of 10203), ETA 0:00:00                              
[00:00:01] ... finding cutoff p=857 80.8% (8244 of 10203), ETA 0:00:00                              
[00:00:01] ... finding cutoff p=857 81.9% (8353 of 10203), ETA 0:00:00                              
[00:00:01] ... finding cutoff p=857 82.9% (8459 of 10203), ETA 0:00:00                              
[00:00:01] ... finding cutoff p=857 83.9% (8557 of 10203), ETA 0:00:00                              
[00:00:01] ... finding cutoff p=857 84.9% (8662 of 10203), ETA 0:00:00                              
[00:00:01] ... finding cutoff p=857 85.9% (8766 of 10203), ETA 0:00:00                              
[00:00:01] ... finding cutoff p=857 86.9% (8869 of 10203), ETA 0:00:00                              
[00:00:01] ... finding cutoff p=857 88.0% (8974 of 10203), ETA 0:00:00                              
[00:00:01] ... finding cutoff p=857 88.9% (9066 of 10203), ETA 0:00:00                              
[00:00:01] ... finding cutoff p=857 90.0% (9180 of 10203), ETA 0:00:00                              
[00:00:01] ... finding cutoff p=857 90.9% (9270 of 10203), ETA 0:00:00                              
[00:00:01] ... finding cutoff p=857 91.9% (9375 of 10203), ETA 0:00:00                              
[00:00:01] ... finding cutoff p=857 92.9% (9482 of 10203), ETA 0:00:00                              
[00:00:01] ... finding cutoff p=857 94.0% (9589 of 10203), ETA 0:00:00                              
[00:00:01] ... finding cutoff p=857 95.0% (9689 of 10203), ETA 0:00:00                              
[00:00:01] ... finding cutoff p=857 95.9% (9788 of 10203), ETA 0:00:00                              
[00:00:01] ... finding cutoff p=857 96.9% (9888 of 10203), ETA 0:00:00                              
[00:00:01] ... finding cutoff p=857 97.9% (9991 of 10203), ETA 0:00:00                              
[00:00:01] ... finding cutoff p=857 98.9% (10094 of 10203), ETA 0:00:00                              
[00:00:01] ... finding cutoff p=857 99.9% (10197 of 10203), ETA 0:00:00                              
[00:00:01] Preparing TNF Graph Building [pTNF = 85.7; 7930 / 10203 (P = 77.72%) round 31]               
[00:00:01] Finding cutoff p=848 [-97.9Gb / 1007.8Gb]                                                     
[00:00:01] ... finding cutoff p=848 1.5% (150 of 10203), ETA 0:00:00                              
[00:00:01] ... finding cutoff p=848 2.3% (233 of 10203), ETA 0:00:00                              
[00:00:01] ... finding cutoff p=848 3.0% (311 of 10203), ETA 0:00:00                              
[00:00:01] ... finding cutoff p=848 4.4% (446 of 10203), ETA 0:00:00                              
[00:00:01] ... finding cutoff p=848 5.1% (522 of 10203), ETA 0:00:00                              
[00:00:01] ... finding cutoff p=848 6.1% (620 of 10203), ETA 0:00:00                              
[00:00:01] ... finding cutoff p=848 7.5% (767 of 10203), ETA 0:00:00                              
[00:00:01] ... finding cutoff p=848 8.5% (872 of 10203), ETA 0:00:00                              
[00:00:01] ... finding cutoff p=848 9.5% (969 of 10203), ETA 0:00:00                              
[00:00:01] ... finding cutoff p=848 10.4% (1061 of 10203), ETA 0:00:00                              
[00:00:01] ... finding cutoff p=848 11.3% (1156 of 10203), ETA 0:00:00                              
[00:00:01] ... finding cutoff p=848 12.3% (1252 of 10203), ETA 0:00:00                              
[00:00:01] ... finding cutoff p=848 13.3% (1358 of 10203), ETA 0:00:00                              
[00:00:01] ... finding cutoff p=848 14.3% (1458 of 10203), ETA 0:00:00                              
[00:00:01] ... finding cutoff p=848 15.3% (1565 of 10203), ETA 0:00:00                              
[00:00:01] ... finding cutoff p=848 16.4% (1676 of 10203), ETA 0:00:00                              
[00:00:01] ... finding cutoff p=848 17.2% (1753 of 10203), ETA 0:00:00                              
[00:00:01] ... finding cutoff p=848 18.5% (1887 of 10203), ETA 0:00:00                              
[00:00:01] ... finding cutoff p=848 19.2% (1961 of 10203), ETA 0:00:00                              
[00:00:01] ... finding cutoff p=848 20.5% (2092 of 10203), ETA 0:00:00                              
[00:00:01] ... finding cutoff p=848 21.4% (2181 of 10203), ETA 0:00:00                              
[00:00:01] ... finding cutoff p=848 22.5% (2299 of 10203), ETA 0:00:00                              
[00:00:01] ... finding cutoff p=848 23.3% (2380 of 10203), ETA 0:00:00                              
[00:00:01] ... finding cutoff p=848 24.6% (2508 of 10203), ETA 0:00:00                              
[00:00:01] ... finding cutoff p=848 25.5% (2597 of 10203), ETA 0:00:00                              
[00:00:01] ... finding cutoff p=848 26.3% (2687 of 10203), ETA 0:00:00                              
[00:00:01] ... finding cutoff p=848 27.8% (2835 of 10203), ETA 0:00:00                              
[00:00:01] ... finding cutoff p=848 28.7% (2926 of 10203), ETA 0:00:00                              
[00:00:01] ... finding cutoff p=848 29.3% (2994 of 10203), ETA 0:00:00                              
[00:00:01] ... finding cutoff p=848 30.4% (3101 of 10203), ETA 0:00:00                              
[00:00:01] ... finding cutoff p=848 31.7% (3237 of 10203), ETA 0:00:00                              
[00:00:01] ... finding cutoff p=848 32.3% (3298 of 10203), ETA 0:00:00                              
[00:00:01] ... finding cutoff p=848 33.4% (3404 of 10203), ETA 0:00:00                              
[00:00:01] ... finding cutoff p=848 34.6% (3529 of 10203), ETA 0:00:00                              
[00:00:01] ... finding cutoff p=848 35.7% (3647 of 10203), ETA 0:00:00                              
[00:00:01] ... finding cutoff p=848 36.4% (3712 of 10203), ETA 0:00:00                              
[00:00:01] ... finding cutoff p=848 37.5% (3829 of 10203), ETA 0:00:00                              
[00:00:01] ... finding cutoff p=848 38.5% (3924 of 10203), ETA 0:00:00                              
[00:00:01] ... finding cutoff p=848 39.6% (4044 of 10203), ETA 0:00:00                              
[00:00:01] ... finding cutoff p=848 41.0% (4181 of 10203), ETA 0:00:00                              
[00:00:01] ... finding cutoff p=848 41.6% (4244 of 10203), ETA 0:00:00                              
[00:00:01] ... finding cutoff p=848 42.6% (4350 of 10203), ETA 0:00:00                              
[00:00:01] ... finding cutoff p=848 43.6% (4446 of 10203), ETA 0:00:00                              
[00:00:01] ... finding cutoff p=848 44.8% (4566 of 10203), ETA 0:00:00                              
[00:00:01] ... finding cutoff p=848 45.8% (4677 of 10203), ETA 0:00:00                              
[00:00:01] ... finding cutoff p=848 46.9% (4790 of 10203), ETA 0:00:00                              
[00:00:01] ... finding cutoff p=848 47.5% (4848 of 10203), ETA 0:00:00                              
[00:00:01] ... finding cutoff p=848 48.5% (4953 of 10203), ETA 0:00:00                              
[00:00:01] ... finding cutoff p=848 49.6% (5058 of 10203), ETA 0:00:00                              
[00:00:01] ... finding cutoff p=848 50.7% (5170 of 10203), ETA 0:00:00                              
[00:00:01] ... finding cutoff p=848 51.7% (5273 of 10203), ETA 0:00:00                              
[00:00:01] ... finding cutoff p=848 52.7% (5381 of 10203), ETA 0:00:00                              
[00:00:01] ... finding cutoff p=848 53.8% (5486 of 10203), ETA 0:00:00                              
[00:00:01] ... finding cutoff p=848 54.7% (5576 of 10203), ETA 0:00:00                              
[00:00:01] ... finding cutoff p=848 55.6% (5669 of 10203), ETA 0:00:00                              
[00:00:01] ... finding cutoff p=848 56.6% (5778 of 10203), ETA 0:00:00                              
[00:00:01] ... finding cutoff p=848 57.6% (5880 of 10203), ETA 0:00:00                              
[00:00:01] ... finding cutoff p=848 58.6% (5975 of 10203), ETA 0:00:00                              
[00:00:01] ... finding cutoff p=848 59.9% (6110 of 10203), ETA 0:00:00                              
[00:00:01] ... finding cutoff p=848 60.9% (6213 of 10203), ETA 0:00:00                              
[00:00:01] ... finding cutoff p=848 61.8% (6304 of 10203), ETA 0:00:00                              
[00:00:01] ... finding cutoff p=848 62.7% (6394 of 10203), ETA 0:00:00                              
[00:00:01] ... finding cutoff p=848 63.6% (6489 of 10203), ETA 0:00:00                              
[00:00:01] ... finding cutoff p=848 64.7% (6604 of 10203), ETA 0:00:00                              
[00:00:01] ... finding cutoff p=848 65.7% (6699 of 10203), ETA 0:00:00                              
[00:00:01] ... finding cutoff p=848 66.8% (6817 of 10203), ETA 0:00:00                              
[00:00:01] ... finding cutoff p=848 67.7% (6903 of 10203), ETA 0:00:00                              
[00:00:01] ... finding cutoff p=848 68.7% (7011 of 10203), ETA 0:00:00                              
[00:00:01] ... finding cutoff p=848 69.8% (7123 of 10203), ETA 0:00:00                              
[00:00:01] ... finding cutoff p=848 70.8% (7224 of 10203), ETA 0:00:00                              
[00:00:01] ... finding cutoff p=848 71.8% (7327 of 10203), ETA 0:00:00                              
[00:00:01] ... finding cutoff p=848 72.7% (7419 of 10203), ETA 0:00:00                              
[00:00:01] ... finding cutoff p=848 73.7% (7521 of 10203), ETA 0:00:00                              
[00:00:01] ... finding cutoff p=848 74.8% (7634 of 10203), ETA 0:00:00                              
[00:00:01] ... finding cutoff p=848 75.8% (7732 of 10203), ETA 0:00:00                              
[00:00:01] ... finding cutoff p=848 76.8% (7840 of 10203), ETA 0:00:00                              
[00:00:01] ... finding cutoff p=848 77.9% (7945 of 10203), ETA 0:00:00                              
[00:00:01] ... finding cutoff p=848 78.8% (8045 of 10203), ETA 0:00:00                              
[00:00:01] ... finding cutoff p=848 79.9% (8148 of 10203), ETA 0:00:00                              
[00:00:01] ... finding cutoff p=848 80.9% (8250 of 10203), ETA 0:00:00                              
[00:00:01] ... finding cutoff p=848 81.9% (8354 of 10203), ETA 0:00:00                              
[00:00:01] ... finding cutoff p=848 82.8% (8451 of 10203), ETA 0:00:00                              
[00:00:01] ... finding cutoff p=848 83.8% (8550 of 10203), ETA 0:00:00                              
[00:00:01] ... finding cutoff p=848 84.8% (8654 of 10203), ETA 0:00:00                              
[00:00:01] ... finding cutoff p=848 85.9% (8769 of 10203), ETA 0:00:00                              
[00:00:01] ... finding cutoff p=848 86.8% (8861 of 10203), ETA 0:00:00                              
[00:00:01] ... finding cutoff p=848 87.9% (8968 of 10203), ETA 0:00:00                              
[00:00:01] ... finding cutoff p=848 89.0% (9077 of 10203), ETA 0:00:00                              
[00:00:01] ... finding cutoff p=848 89.9% (9172 of 10203), ETA 0:00:00                              
[00:00:01] ... finding cutoff p=848 90.9% (9275 of 10203), ETA 0:00:00                              
[00:00:01] ... finding cutoff p=848 91.9% (9373 of 10203), ETA 0:00:00                              
[00:00:01] ... finding cutoff p=848 92.9% (9478 of 10203), ETA 0:00:00                              
[00:00:01] ... finding cutoff p=848 93.9% (9584 of 10203), ETA 0:00:00                              
[00:00:01] ... finding cutoff p=848 94.9% (9684 of 10203), ETA 0:00:00                              
[00:00:01] ... finding cutoff p=848 95.9% (9785 of 10203), ETA 0:00:00                              
[00:00:01] ... finding cutoff p=848 96.9% (9888 of 10203), ETA 0:00:00                              
[00:00:01] ... finding cutoff p=848 97.9% (9993 of 10203), ETA 0:00:00                              
[00:00:01] ... finding cutoff p=848 98.9% (10095 of 10203), ETA 0:00:00                              
[00:00:01] ... finding cutoff p=848 99.9% (10197 of 10203), ETA 0:00:00                              
[00:00:01] Preparing TNF Graph Building [pTNF = 84.8; 8049 / 10203 (P = 78.89%) round 32]               
[00:00:01] Finding cutoff p=839 [-97.9Gb / 1007.8Gb]                                                     
[00:00:01] ... finding cutoff p=839 1.4% (145 of 10203), ETA 0:00:00                              
[00:00:01] ... finding cutoff p=839 2.4% (246 of 10203), ETA 0:00:00                              
[00:00:01] ... finding cutoff p=839 3.2% (329 of 10203), ETA 0:00:00                              
[00:00:01] ... finding cutoff p=839 4.6% (465 of 10203), ETA 0:00:00                              
[00:00:01] ... finding cutoff p=839 5.4% (550 of 10203), ETA 0:00:00                              
[00:00:01] ... finding cutoff p=839 6.2% (628 of 10203), ETA 0:00:00                              
[00:00:01] ... finding cutoff p=839 7.2% (736 of 10203), ETA 0:00:00                              
[00:00:01] ... finding cutoff p=839 8.2% (836 of 10203), ETA 0:00:00                              
[00:00:01] ... finding cutoff p=839 9.2% (935 of 10203), ETA 0:00:00                              
[00:00:01] ... finding cutoff p=839 10.1% (1035 of 10203), ETA 0:00:00                              
[00:00:01] ... finding cutoff p=839 11.8% (1206 of 10203), ETA 0:00:00                              
[00:00:01] ... finding cutoff p=839 13.0% (1324 of 10203), ETA 0:00:00                              
[00:00:01] ... finding cutoff p=839 14.0% (1429 of 10203), ETA 0:00:00                              
[00:00:01] ... finding cutoff p=839 15.2% (1547 of 10203), ETA 0:00:00                              
[00:00:01] ... finding cutoff p=839 17.2% (1756 of 10203), ETA 0:00:00                              
[00:00:01] ... finding cutoff p=839 18.5% (1892 of 10203), ETA 0:00:00                              
[00:00:01] ... finding cutoff p=839 19.5% (1989 of 10203), ETA 0:00:00                              
[00:00:01] ... finding cutoff p=839 20.2% (2064 of 10203), ETA 0:00:00                              
[00:00:01] ... finding cutoff p=839 21.5% (2190 of 10203), ETA 0:00:00                              
[00:00:01] ... finding cutoff p=839 22.5% (2292 of 10203), ETA 0:00:00                              
[00:00:01] ... finding cutoff p=839 23.4% (2383 of 10203), ETA 0:00:00                              
[00:00:01] ... finding cutoff p=839 24.5% (2500 of 10203), ETA 0:00:00                              
[00:00:01] ... finding cutoff p=839 25.4% (2590 of 10203), ETA 0:00:00                              
[00:00:01] ... finding cutoff p=839 26.6% (2713 of 10203), ETA 0:00:00                              
[00:00:01] ... finding cutoff p=839 27.5% (2805 of 10203), ETA 0:00:00                              
[00:00:01] ... finding cutoff p=839 28.3% (2892 of 10203), ETA 0:00:00                              
[00:00:01] ... finding cutoff p=839 29.7% (3033 of 10203), ETA 0:00:00                              
[00:00:01] ... finding cutoff p=839 30.5% (3113 of 10203), ETA 0:00:00                              
[00:00:01] ... finding cutoff p=839 31.6% (3223 of 10203), ETA 0:00:00                              
[00:00:01] ... finding cutoff p=839 32.8% (3347 of 10203), ETA 0:00:00                              
[00:00:01] ... finding cutoff p=839 33.3% (3400 of 10203), ETA 0:00:00                              
[00:00:01] ... finding cutoff p=839 34.5% (3515 of 10203), ETA 0:00:00                              
[00:00:01] ... finding cutoff p=839 35.8% (3656 of 10203), ETA 0:00:00                              
[00:00:01] ... finding cutoff p=839 36.6% (3730 of 10203), ETA 0:00:00                              
[00:00:01] ... finding cutoff p=839 37.5% (3830 of 10203), ETA 0:00:00                              
[00:00:01] ... finding cutoff p=839 38.9% (3964 of 10203), ETA 0:00:00                              
[00:00:01] ... finding cutoff p=839 39.6% (4038 of 10203), ETA 0:00:00                              
[00:00:01] ... finding cutoff p=839 40.7% (4149 of 10203), ETA 0:00:00                              
[00:00:01] ... finding cutoff p=839 41.7% (4252 of 10203), ETA 0:00:00                              
[00:00:01] ... finding cutoff p=839 42.9% (4379 of 10203), ETA 0:00:00                              
[00:00:01] ... finding cutoff p=839 43.6% (4452 of 10203), ETA 0:00:00                              
[00:00:01] ... finding cutoff p=839 44.5% (4542 of 10203), ETA 0:00:00                              
[00:00:01] ... finding cutoff p=839 45.6% (4648 of 10203), ETA 0:00:00                              
[00:00:01] ... finding cutoff p=839 46.8% (4770 of 10203), ETA 0:00:00                              
[00:00:01] ... finding cutoff p=839 47.8% (4880 of 10203), ETA 0:00:00                              
[00:00:01] ... finding cutoff p=839 48.9% (4989 of 10203), ETA 0:00:00                              
[00:00:01] ... finding cutoff p=839 50.1% (5107 of 10203), ETA 0:00:00                              
[00:00:01] ... finding cutoff p=839 50.7% (5169 of 10203), ETA 0:00:00                              
[00:00:01] ... finding cutoff p=839 51.7% (5273 of 10203), ETA 0:00:00                              
[00:00:01] ... finding cutoff p=839 52.8% (5390 of 10203), ETA 0:00:00                              
[00:00:01] ... finding cutoff p=839 53.9% (5495 of 10203), ETA 0:00:00                              
[00:00:01] ... finding cutoff p=839 54.8% (5594 of 10203), ETA 0:00:00                              
[00:00:01] ... finding cutoff p=839 55.7% (5688 of 10203), ETA 0:00:00                              
[00:00:01] ... finding cutoff p=839 56.7% (5783 of 10203), ETA 0:00:00                              
[00:00:01] ... finding cutoff p=839 57.8% (5899 of 10203), ETA 0:00:00                              
[00:00:01] ... finding cutoff p=839 58.9% (6006 of 10203), ETA 0:00:00                              
[00:00:01] ... finding cutoff p=839 59.8% (6102 of 10203), ETA 0:00:00                              
[00:00:01] ... finding cutoff p=839 60.6% (6187 of 10203), ETA 0:00:00                              
[00:00:01] ... finding cutoff p=839 61.9% (6315 of 10203), ETA 0:00:00                              
[00:00:01] ... finding cutoff p=839 62.9% (6418 of 10203), ETA 0:00:00                              
[00:00:01] ... finding cutoff p=839 63.8% (6505 of 10203), ETA 0:00:00                              
[00:00:01] ... finding cutoff p=839 64.6% (6594 of 10203), ETA 0:00:00                              
[00:00:01] ... finding cutoff p=839 65.8% (6717 of 10203), ETA 0:00:00                              
[00:00:01] ... finding cutoff p=839 66.7% (6808 of 10203), ETA 0:00:00                              
[00:00:01] ... finding cutoff p=839 67.7% (6903 of 10203), ETA 0:00:00                              
[00:00:01] ... finding cutoff p=839 68.7% (7012 of 10203), ETA 0:00:00                              
[00:00:01] ... finding cutoff p=839 69.7% (7114 of 10203), ETA 0:00:00                              
[00:00:01] ... finding cutoff p=839 70.7% (7212 of 10203), ETA 0:00:00                              
[00:00:01] ... finding cutoff p=839 71.9% (7336 of 10203), ETA 0:00:00                              
[00:00:01] ... finding cutoff p=839 72.7% (7419 of 10203), ETA 0:00:00                              
[00:00:01] ... finding cutoff p=839 73.9% (7536 of 10203), ETA 0:00:00                              
[00:00:01] ... finding cutoff p=839 74.7% (7626 of 10203), ETA 0:00:00                              
[00:00:01] ... finding cutoff p=839 75.9% (7745 of 10203), ETA 0:00:00                              
[00:00:01] ... finding cutoff p=839 76.7% (7830 of 10203), ETA 0:00:00                              
[00:00:01] ... finding cutoff p=839 77.8% (7937 of 10203), ETA 0:00:00                              
[00:00:01] ... finding cutoff p=839 78.8% (8043 of 10203), ETA 0:00:00                              
[00:00:01] ... finding cutoff p=839 79.9% (8148 of 10203), ETA 0:00:00                              
[00:00:01] ... finding cutoff p=839 80.8% (8246 of 10203), ETA 0:00:00                              
[00:00:01] ... finding cutoff p=839 81.9% (8355 of 10203), ETA 0:00:00                              
[00:00:01] ... finding cutoff p=839 82.9% (8462 of 10203), ETA 0:00:00                              
[00:00:01] ... finding cutoff p=839 83.9% (8557 of 10203), ETA 0:00:00                              
[00:00:01] ... finding cutoff p=839 84.9% (8661 of 10203), ETA 0:00:00                              
[00:00:01] ... finding cutoff p=839 85.9% (8766 of 10203), ETA 0:00:00                              
[00:00:01] ... finding cutoff p=839 86.8% (8858 of 10203), ETA 0:00:00                              
[00:00:01] ... finding cutoff p=839 87.8% (8961 of 10203), ETA 0:00:00                              
[00:00:01] ... finding cutoff p=839 88.9% (9066 of 10203), ETA 0:00:00                              
[00:00:01] ... finding cutoff p=839 89.9% (9169 of 10203), ETA 0:00:00                              
[00:00:01] ... finding cutoff p=839 90.9% (9270 of 10203), ETA 0:00:00                              
[00:00:01] ... finding cutoff p=839 91.9% (9373 of 10203), ETA 0:00:00                              
[00:00:01] ... finding cutoff p=839 92.9% (9478 of 10203), ETA 0:00:00                              
[00:00:01] ... finding cutoff p=839 93.9% (9579 of 10203), ETA 0:00:00                              
[00:00:01] ... finding cutoff p=839 94.9% (9685 of 10203), ETA 0:00:00                              
[00:00:01] ... finding cutoff p=839 96.0% (9790 of 10203), ETA 0:00:00                              
[00:00:01] ... finding cutoff p=839 97.0% (9892 of 10203), ETA 0:00:00                              
[00:00:01] ... finding cutoff p=839 97.9% (9991 of 10203), ETA 0:00:00                              
[00:00:01] ... finding cutoff p=839 98.9% (10094 of 10203), ETA 0:00:00                              
[00:00:01] ... finding cutoff p=839 99.9% (10197 of 10203), ETA 0:00:00                              
[00:00:01] Preparing TNF Graph Building [pTNF = 83.9; 8168 / 10203 (P = 80.05%) round 33]               
[00:00:01] Finding cutoff p=830 [-97.9Gb / 1007.8Gb]                                                     
[00:00:01] ... finding cutoff p=830 1.5% (148 of 10203), ETA 0:00:00                              
[00:00:01] ... finding cutoff p=830 2.5% (255 of 10203), ETA 0:00:00                              
[00:00:01] ... finding cutoff p=830 3.3% (339 of 10203), ETA 0:00:00                              
[00:00:01] ... finding cutoff p=830 4.7% (475 of 10203), ETA 0:00:00                              
[00:00:01] ... finding cutoff p=830 5.4% (553 of 10203), ETA 0:00:00                              
[00:00:01] ... finding cutoff p=830 6.2% (628 of 10203), ETA 0:00:00                              
[00:00:01] ... finding cutoff p=830 7.1% (725 of 10203), ETA 0:00:00                              
[00:00:01] ... finding cutoff p=830 8.1% (829 of 10203), ETA 0:00:00                              
[00:00:01] ... finding cutoff p=830 9.6% (978 of 10203), ETA 0:00:00                              
[00:00:01] ... finding cutoff p=830 10.7% (1089 of 10203), ETA 0:00:00                              
[00:00:01] ... finding cutoff p=830 11.6% (1181 of 10203), ETA 0:00:00                              
[00:00:01] ... finding cutoff p=830 12.7% (1294 of 10203), ETA 0:00:00                              
[00:00:01] ... finding cutoff p=830 13.4% (1371 of 10203), ETA 0:00:00                              
[00:00:01] ... finding cutoff p=830 14.5% (1482 of 10203), ETA 0:00:00                              
[00:00:01] ... finding cutoff p=830 15.4% (1573 of 10203), ETA 0:00:00                              
[00:00:01] ... finding cutoff p=830 16.3% (1662 of 10203), ETA 0:00:00                              
[00:00:01] ... finding cutoff p=830 17.6% (1798 of 10203), ETA 0:00:00                              
[00:00:01] ... finding cutoff p=830 18.6% (1900 of 10203), ETA 0:00:00                              
[00:00:01] ... finding cutoff p=830 19.2% (1961 of 10203), ETA 0:00:00                              
[00:00:01] ... finding cutoff p=830 20.4% (2083 of 10203), ETA 0:00:00                              
[00:00:01] ... finding cutoff p=830 21.3% (2170 of 10203), ETA 0:00:00                              
[00:00:01] ... finding cutoff p=830 22.7% (2313 of 10203), ETA 0:00:00                              
[00:00:01] ... finding cutoff p=830 23.7% (2414 of 10203), ETA 0:00:00                              
[00:00:01] ... finding cutoff p=830 24.3% (2483 of 10203), ETA 0:00:00                              
[00:00:01] ... finding cutoff p=830 25.5% (2606 of 10203), ETA 0:00:00                              
[00:00:01] ... finding cutoff p=830 26.4% (2690 of 10203), ETA 0:00:00                              
[00:00:01] ... finding cutoff p=830 27.7% (2823 of 10203), ETA 0:00:00                              
[00:00:01] ... finding cutoff p=830 28.3% (2885 of 10203), ETA 0:00:00                              
[00:00:01] ... finding cutoff p=830 29.8% (3038 of 10203), ETA 0:00:00                              
[00:00:01] ... finding cutoff p=830 30.5% (3108 of 10203), ETA 0:00:00                              
[00:00:01] ... finding cutoff p=830 31.6% (3222 of 10203), ETA 0:00:00                              
[00:00:01] ... finding cutoff p=830 32.8% (3342 of 10203), ETA 0:00:00                              
[00:00:01] ... finding cutoff p=830 33.9% (3457 of 10203), ETA 0:00:00                              
[00:00:01] ... finding cutoff p=830 34.5% (3522 of 10203), ETA 0:00:00                              
[00:00:01] ... finding cutoff p=830 35.7% (3646 of 10203), ETA 0:00:00                              
[00:00:01] ... finding cutoff p=830 36.4% (3710 of 10203), ETA 0:00:00                              
[00:00:01] ... finding cutoff p=830 37.4% (3814 of 10203), ETA 0:00:00                              
[00:00:01] ... finding cutoff p=830 38.5% (3930 of 10203), ETA 0:00:00                              
[00:00:01] ... finding cutoff p=830 39.4% (4020 of 10203), ETA 0:00:00                              
[00:00:01] ... finding cutoff p=830 40.4% (4125 of 10203), ETA 0:00:00                              
[00:00:01] ... finding cutoff p=830 41.7% (4251 of 10203), ETA 0:00:00                              
[00:00:01] ... finding cutoff p=830 42.7% (4353 of 10203), ETA 0:00:00                              
[00:00:01] ... finding cutoff p=830 43.8% (4470 of 10203), ETA 0:00:00                              
[00:00:01] ... finding cutoff p=830 44.6% (4549 of 10203), ETA 0:00:00                              
[00:00:01] ... finding cutoff p=830 45.7% (4658 of 10203), ETA 0:00:00                              
[00:00:01] ... finding cutoff p=830 46.8% (4773 of 10203), ETA 0:00:00                              
[00:00:01] ... finding cutoff p=830 47.9% (4888 of 10203), ETA 0:00:00                              
[00:00:01] ... finding cutoff p=830 48.6% (4959 of 10203), ETA 0:00:00                              
[00:00:01] ... finding cutoff p=830 49.5% (5048 of 10203), ETA 0:00:00                              
[00:00:01] ... finding cutoff p=830 50.6% (5163 of 10203), ETA 0:00:00                              
[00:00:01] ... finding cutoff p=830 51.6% (5264 of 10203), ETA 0:00:00                              
[00:00:01] ... finding cutoff p=830 52.7% (5372 of 10203), ETA 0:00:00                              
[00:00:01] ... finding cutoff p=830 53.7% (5479 of 10203), ETA 0:00:00                              
[00:00:01] ... finding cutoff p=830 54.6% (5571 of 10203), ETA 0:00:00                              
[00:00:01] ... finding cutoff p=830 55.6% (5668 of 10203), ETA 0:00:00                              
[00:00:01] ... finding cutoff p=830 56.7% (5788 of 10203), ETA 0:00:00                              
[00:00:01] ... finding cutoff p=830 57.7% (5887 of 10203), ETA 0:00:00                              
[00:00:01] ... finding cutoff p=830 58.6% (5981 of 10203), ETA 0:00:00                              
[00:00:01] ... finding cutoff p=830 59.7% (6088 of 10203), ETA 0:00:00                              
[00:00:01] ... finding cutoff p=830 60.7% (6192 of 10203), ETA 0:00:00                              
[00:00:01] ... finding cutoff p=830 61.6% (6285 of 10203), ETA 0:00:00                              
[00:00:01] ... finding cutoff p=830 62.7% (6402 of 10203), ETA 0:00:00                              
[00:00:01] ... finding cutoff p=830 63.6% (6489 of 10203), ETA 0:00:00                              
[00:00:01] ... finding cutoff p=830 64.9% (6619 of 10203), ETA 0:00:00                              
[00:00:01] ... finding cutoff p=830 65.8% (6718 of 10203), ETA 0:00:00                              
[00:00:01] ... finding cutoff p=830 66.8% (6811 of 10203), ETA 0:00:00                              
[00:00:01] ... finding cutoff p=830 67.8% (6918 of 10203), ETA 0:00:00                              
[00:00:01] ... finding cutoff p=830 68.8% (7020 of 10203), ETA 0:00:00                              
[00:00:01] ... finding cutoff p=830 69.9% (7128 of 10203), ETA 0:00:00                              
[00:00:01] ... finding cutoff p=830 70.9% (7232 of 10203), ETA 0:00:00                              
[00:00:01] ... finding cutoff p=830 71.7% (7316 of 10203), ETA 0:00:00                              
[00:00:01] ... finding cutoff p=830 72.9% (7435 of 10203), ETA 0:00:00                              
[00:00:01] ... finding cutoff p=830 73.8% (7531 of 10203), ETA 0:00:00                              
[00:00:01] ... finding cutoff p=830 74.8% (7630 of 10203), ETA 0:00:00                              
[00:00:01] ... finding cutoff p=830 75.9% (7742 of 10203), ETA 0:00:00                              
[00:00:01] ... finding cutoff p=830 76.7% (7829 of 10203), ETA 0:00:00                              
[00:00:01] ... finding cutoff p=830 77.8% (7936 of 10203), ETA 0:00:00                              
[00:00:01] ... finding cutoff p=830 78.9% (8052 of 10203), ETA 0:00:00                              
[00:00:01] ... finding cutoff p=830 79.9% (8148 of 10203), ETA 0:00:00                              
[00:00:01] ... finding cutoff p=830 80.9% (8250 of 10203), ETA 0:00:00                              
[00:00:01] ... finding cutoff p=830 81.8% (8346 of 10203), ETA 0:00:00                              
[00:00:01] ... finding cutoff p=830 82.8% (8451 of 10203), ETA 0:00:00                              
[00:00:01] ... finding cutoff p=830 83.9% (8556 of 10203), ETA 0:00:00                              
[00:00:01] ... finding cutoff p=830 84.8% (8657 of 10203), ETA 0:00:00                              
[00:00:01] ... finding cutoff p=830 85.8% (8755 of 10203), ETA 0:00:00                              
[00:00:01] ... finding cutoff p=830 86.8% (8861 of 10203), ETA 0:00:00                              
[00:00:01] ... finding cutoff p=830 87.9% (8967 of 10203), ETA 0:00:00                              
[00:00:01] ... finding cutoff p=830 88.9% (9071 of 10203), ETA 0:00:00                              
[00:00:01] ... finding cutoff p=830 90.0% (9179 of 10203), ETA 0:00:00                              
[00:00:01] ... finding cutoff p=830 90.9% (9273 of 10203), ETA 0:00:00                              
[00:00:01] ... finding cutoff p=830 91.9% (9375 of 10203), ETA 0:00:00                              
[00:00:01] ... finding cutoff p=830 92.9% (9483 of 10203), ETA 0:00:00                              
[00:00:01] ... finding cutoff p=830 94.0% (9588 of 10203), ETA 0:00:00                              
[00:00:01] ... finding cutoff p=830 94.9% (9687 of 10203), ETA 0:00:00                              
[00:00:01] ... finding cutoff p=830 95.9% (9788 of 10203), ETA 0:00:00                              
[00:00:01] ... finding cutoff p=830 96.9% (9888 of 10203), ETA 0:00:00                              
[00:00:01] ... finding cutoff p=830 97.9% (9993 of 10203), ETA 0:00:00                              
[00:00:01] ... finding cutoff p=830 98.9% (10095 of 10203), ETA 0:00:00                              
[00:00:01] ... finding cutoff p=830 99.9% (10197 of 10203), ETA 0:00:00                              
[00:00:01] Preparing TNF Graph Building [pTNF = 83.0; 8284 / 10203 (P = 81.19%) round 34]               
[00:00:01] Finding cutoff p=819 [-97.9Gb / 1007.8Gb]                                                     
[00:00:01] ... finding cutoff p=819 1.4% (145 of 10203), ETA 0:00:00                              
[00:00:01] ... finding cutoff p=819 2.3% (239 of 10203), ETA 0:00:00                              
[00:00:01] ... finding cutoff p=819 3.2% (325 of 10203), ETA 0:00:00                              
[00:00:01] ... finding cutoff p=819 4.5% (464 of 10203), ETA 0:00:00                              
[00:00:01] ... finding cutoff p=819 5.3% (543 of 10203), ETA 0:00:00                              
[00:00:01] ... finding cutoff p=819 6.1% (627 of 10203), ETA 0:00:00                              
[00:00:01] ... finding cutoff p=819 7.5% (768 of 10203), ETA 0:00:00                              
[00:00:01] ... finding cutoff p=819 8.5% (868 of 10203), ETA 0:00:00                              
[00:00:01] ... finding cutoff p=819 9.4% (958 of 10203), ETA 0:00:00                              
[00:00:01] ... finding cutoff p=819 10.3% (1055 of 10203), ETA 0:00:00                              
[00:00:01] ... finding cutoff p=819 11.3% (1152 of 10203), ETA 0:00:00                              
[00:00:01] ... finding cutoff p=819 12.8% (1309 of 10203), ETA 0:00:00                              
[00:00:01] ... finding cutoff p=819 14.0% (1433 of 10203), ETA 0:00:00                              
[00:00:01] ... finding cutoff p=819 15.0% (1535 of 10203), ETA 0:00:00                              
[00:00:01] ... finding cutoff p=819 15.9% (1627 of 10203), ETA 0:00:00                              
[00:00:01] ... finding cutoff p=819 17.1% (1741 of 10203), ETA 0:00:00                              
[00:00:01] ... finding cutoff p=819 18.1% (1847 of 10203), ETA 0:00:00                              
[00:00:01] ... finding cutoff p=819 19.4% (1977 of 10203), ETA 0:00:00                              
[00:00:01] ... finding cutoff p=819 20.6% (2100 of 10203), ETA 0:00:00                              
[00:00:01] ... finding cutoff p=819 21.4% (2180 of 10203), ETA 0:00:00                              
[00:00:01] ... finding cutoff p=819 22.2% (2267 of 10203), ETA 0:00:00                              
[00:00:01] ... finding cutoff p=819 23.4% (2386 of 10203), ETA 0:00:00                              
[00:00:01] ... finding cutoff p=819 24.7% (2522 of 10203), ETA 0:00:00                              
[00:00:01] ... finding cutoff p=819 25.3% (2584 of 10203), ETA 0:00:00                              
[00:00:01] ... finding cutoff p=819 26.6% (2717 of 10203), ETA 0:00:00                              
[00:00:01] ... finding cutoff p=819 27.6% (2815 of 10203), ETA 0:00:00                              
[00:00:01] ... finding cutoff p=819 28.4% (2899 of 10203), ETA 0:00:00                              
[00:00:01] ... finding cutoff p=819 29.7% (3031 of 10203), ETA 0:00:00                              
[00:00:01] ... finding cutoff p=819 30.4% (3100 of 10203), ETA 0:00:00                              
[00:00:01] ... finding cutoff p=819 31.5% (3209 of 10203), ETA 0:00:00                              
[00:00:01] ... finding cutoff p=819 32.6% (3323 of 10203), ETA 0:00:00                              
[00:00:01] ... finding cutoff p=819 33.6% (3425 of 10203), ETA 0:00:00                              
[00:00:01] ... finding cutoff p=819 34.8% (3555 of 10203), ETA 0:00:00                              
[00:00:01] ... finding cutoff p=819 35.6% (3633 of 10203), ETA 0:00:00                              
[00:00:01] ... finding cutoff p=819 36.7% (3747 of 10203), ETA 0:00:00                              
[00:00:01] ... finding cutoff p=819 38.1% (3884 of 10203), ETA 0:00:00                              
[00:00:01] ... finding cutoff p=819 39.0% (3976 of 10203), ETA 0:00:00                              
[00:00:01] ... finding cutoff p=819 39.6% (4041 of 10203), ETA 0:00:00                              
[00:00:01] ... finding cutoff p=819 40.6% (4139 of 10203), ETA 0:00:00                              
[00:00:01] ... finding cutoff p=819 41.9% (4272 of 10203), ETA 0:00:00                              
[00:00:01] ... finding cutoff p=819 42.5% (4337 of 10203), ETA 0:00:00                              
[00:00:01] ... finding cutoff p=819 43.4% (4431 of 10203), ETA 0:00:00                              
[00:00:01] ... finding cutoff p=819 44.4% (4533 of 10203), ETA 0:00:00                              
[00:00:01] ... finding cutoff p=819 45.8% (4671 of 10203), ETA 0:00:00                              
[00:00:01] ... finding cutoff p=819 46.5% (4742 of 10203), ETA 0:00:00                              
[00:00:01] ... finding cutoff p=819 47.5% (4848 of 10203), ETA 0:00:00                              
[00:00:01] ... finding cutoff p=819 48.5% (4944 of 10203), ETA 0:00:00                              
[00:00:01] ... finding cutoff p=819 49.7% (5067 of 10203), ETA 0:00:00                              
[00:00:01] ... finding cutoff p=819 50.7% (5174 of 10203), ETA 0:00:00                              
[00:00:01] ... finding cutoff p=819 51.8% (5287 of 10203), ETA 0:00:00                              
[00:00:01] ... finding cutoff p=819 52.8% (5390 of 10203), ETA 0:00:00                              
[00:00:01] ... finding cutoff p=819 53.8% (5490 of 10203), ETA 0:00:00                              
[00:00:01] ... finding cutoff p=819 54.8% (5588 of 10203), ETA 0:00:00                              
[00:00:01] ... finding cutoff p=819 55.6% (5675 of 10203), ETA 0:00:00                              
[00:00:01] ... finding cutoff p=819 56.9% (5804 of 10203), ETA 0:00:00                              
[00:00:01] ... finding cutoff p=819 58.1% (5923 of 10203), ETA 0:00:00                              
[00:00:01] ... finding cutoff p=819 58.6% (5978 of 10203), ETA 0:00:00                              
[00:00:01] ... finding cutoff p=819 59.7% (6093 of 10203), ETA 0:00:00                              
[00:00:01] ... finding cutoff p=819 60.7% (6196 of 10203), ETA 0:00:00                              
[00:00:01] ... finding cutoff p=819 61.7% (6294 of 10203), ETA 0:00:00                              
[00:00:01] ... finding cutoff p=819 62.6% (6386 of 10203), ETA 0:00:00                              
[00:00:01] ... finding cutoff p=819 63.8% (6507 of 10203), ETA 0:00:00                              
[00:00:01] ... finding cutoff p=819 64.7% (6599 of 10203), ETA 0:00:00                              
[00:00:01] ... finding cutoff p=819 65.7% (6708 of 10203), ETA 0:00:00                              
[00:00:01] ... finding cutoff p=819 66.6% (6800 of 10203), ETA 0:00:00                              
[00:00:01] ... finding cutoff p=819 67.7% (6905 of 10203), ETA 0:00:00                              
[00:00:01] ... finding cutoff p=819 68.7% (7011 of 10203), ETA 0:00:00                              
[00:00:01] ... finding cutoff p=819 69.8% (7125 of 10203), ETA 0:00:00                              
[00:00:01] ... finding cutoff p=819 70.9% (7233 of 10203), ETA 0:00:00                              
[00:00:01] ... finding cutoff p=819 71.9% (7338 of 10203), ETA 0:00:00                              
[00:00:01] ... finding cutoff p=819 72.7% (7417 of 10203), ETA 0:00:00                              
[00:00:01] ... finding cutoff p=819 73.8% (7533 of 10203), ETA 0:00:00                              
[00:00:01] ... finding cutoff p=819 74.8% (7629 of 10203), ETA 0:00:00                              
[00:00:01] ... finding cutoff p=819 75.7% (7725 of 10203), ETA 0:00:00                              
[00:00:01] ... finding cutoff p=819 76.8% (7837 of 10203), ETA 0:00:00                              
[00:00:01] ... finding cutoff p=819 77.8% (7941 of 10203), ETA 0:00:00                              
[00:00:01] ... finding cutoff p=819 78.8% (8038 of 10203), ETA 0:00:00                              
[00:00:01] ... finding cutoff p=819 79.8% (8145 of 10203), ETA 0:00:00                              
[00:00:01] ... finding cutoff p=819 80.9% (8253 of 10203), ETA 0:00:00                              
[00:00:01] ... finding cutoff p=819 81.8% (8344 of 10203), ETA 0:00:00                              
[00:00:01] ... finding cutoff p=819 82.8% (8448 of 10203), ETA 0:00:00                              
[00:00:01] ... finding cutoff p=819 83.9% (8562 of 10203), ETA 0:00:00                              
[00:00:01] ... finding cutoff p=819 84.8% (8656 of 10203), ETA 0:00:00                              
[00:00:01] ... finding cutoff p=819 85.9% (8767 of 10203), ETA 0:00:00                              
[00:00:01] ... finding cutoff p=819 86.9% (8867 of 10203), ETA 0:00:00                              
[00:00:01] ... finding cutoff p=819 87.9% (8967 of 10203), ETA 0:00:00                              
[00:00:01] ... finding cutoff p=819 88.9% (9071 of 10203), ETA 0:00:00                              
[00:00:01] ... finding cutoff p=819 89.9% (9172 of 10203), ETA 0:00:00                              
[00:00:01] ... finding cutoff p=819 90.9% (9272 of 10203), ETA 0:00:00                              
[00:00:01] ... finding cutoff p=819 91.9% (9376 of 10203), ETA 0:00:00                              
[00:00:01] ... finding cutoff p=819 92.9% (9481 of 10203), ETA 0:00:00                              
[00:00:01] ... finding cutoff p=819 93.9% (9583 of 10203), ETA 0:00:00                              
[00:00:01] ... finding cutoff p=819 95.0% (9689 of 10203), ETA 0:00:00                              
[00:00:01] ... finding cutoff p=819 95.9% (9787 of 10203), ETA 0:00:00                              
[00:00:01] ... finding cutoff p=819 97.0% (9892 of 10203), ETA 0:00:00                              
[00:00:01] ... finding cutoff p=819 97.9% (9991 of 10203), ETA 0:00:00                              
[00:00:01] ... finding cutoff p=819 98.9% (10095 of 10203), ETA 0:00:00                              
[00:00:01] ... finding cutoff p=819 99.9% (10197 of 10203), ETA 0:00:00                              
[00:00:01] Preparing TNF Graph Building [pTNF = 81.9; 8423 / 10203 (P = 82.55%) round 35]               
[00:00:01] Finding cutoff p=809 [-97.9Gb / 1007.8Gb]                                                     
[00:00:01] ... finding cutoff p=809 1.3% (137 of 10203), ETA 0:00:00                              
[00:00:01] ... finding cutoff p=809 2.4% (248 of 10203), ETA 0:00:00                              
[00:00:01] ... finding cutoff p=809 3.2% (331 of 10203), ETA 0:00:00                              
[00:00:01] ... finding cutoff p=809 4.1% (418 of 10203), ETA 0:00:00                              
[00:00:01] ... finding cutoff p=809 5.5% (564 of 10203), ETA 0:00:00                              
[00:00:01] ... finding cutoff p=809 6.4% (651 of 10203), ETA 0:00:00                              
[00:00:01] ... finding cutoff p=809 7.3% (748 of 10203), ETA 0:00:00                              
[00:00:01] ... finding cutoff p=809 8.3% (844 of 10203), ETA 0:00:00                              
[00:00:01] ... finding cutoff p=809 9.7% (992 of 10203), ETA 0:00:00                              
[00:00:01] ... finding cutoff p=809 10.6% (1084 of 10203), ETA 0:00:00                              
[00:00:01] ... finding cutoff p=809 11.6% (1188 of 10203), ETA 0:00:00                              
[00:00:01] ... finding cutoff p=809 12.5% (1278 of 10203), ETA 0:00:00                              
[00:00:01] ... finding cutoff p=809 13.4% (1370 of 10203), ETA 0:00:00                              
[00:00:01] ... finding cutoff p=809 14.7% (1498 of 10203), ETA 0:00:00                              
[00:00:01] ... finding cutoff p=809 15.6% (1589 of 10203), ETA 0:00:00                              
[00:00:01] ... finding cutoff p=809 16.5% (1683 of 10203), ETA 0:00:00                              
[00:00:01] ... finding cutoff p=809 17.5% (1786 of 10203), ETA 0:00:00                              
[00:00:01] ... finding cutoff p=809 18.2% (1854 of 10203), ETA 0:00:00                              
[00:00:01] ... finding cutoff p=809 19.4% (1976 of 10203), ETA 0:00:00                              
[00:00:01] ... finding cutoff p=809 20.6% (2098 of 10203), ETA 0:00:00                              
[00:00:01] ... finding cutoff p=809 21.3% (2170 of 10203), ETA 0:00:00                              
[00:00:01] ... finding cutoff p=809 22.5% (2298 of 10203), ETA 0:00:00                              
[00:00:01] ... finding cutoff p=809 23.5% (2393 of 10203), ETA 0:00:00                              
[00:00:01] ... finding cutoff p=809 24.8% (2531 of 10203), ETA 0:00:00                              
[00:00:01] ... finding cutoff p=809 25.6% (2611 of 10203), ETA 0:00:00                              
[00:00:01] ... finding cutoff p=809 26.3% (2685 of 10203), ETA 0:00:00                              
[00:00:01] ... finding cutoff p=809 27.6% (2813 of 10203), ETA 0:00:00                              
[00:00:01] ... finding cutoff p=809 28.3% (2886 of 10203), ETA 0:00:00                              
[00:00:01] ... finding cutoff p=809 29.7% (3035 of 10203), ETA 0:00:00                              
[00:00:01] ... finding cutoff p=809 30.5% (3108 of 10203), ETA 0:00:00                              
[00:00:01] ... finding cutoff p=809 31.5% (3219 of 10203), ETA 0:00:00                              
[00:00:01] ... finding cutoff p=809 32.7% (3338 of 10203), ETA 0:00:00                              
[00:00:01] ... finding cutoff p=809 33.8% (3444 of 10203), ETA 0:00:00                              
[00:00:01] ... finding cutoff p=809 34.5% (3520 of 10203), ETA 0:00:00                              
[00:00:01] ... finding cutoff p=809 35.5% (3624 of 10203), ETA 0:00:00                              
[00:00:01] ... finding cutoff p=809 36.8% (3752 of 10203), ETA 0:00:00                              
[00:00:01] ... finding cutoff p=809 37.6% (3835 of 10203), ETA 0:00:00                              
[00:00:01] ... finding cutoff p=809 38.8% (3961 of 10203), ETA 0:00:00                              
[00:00:01] ... finding cutoff p=809 39.7% (4047 of 10203), ETA 0:00:00                              
[00:00:01] ... finding cutoff p=809 40.6% (4147 of 10203), ETA 0:00:00                              
[00:00:01] ... finding cutoff p=809 41.4% (4224 of 10203), ETA 0:00:00                              
[00:00:01] ... finding cutoff p=809 42.7% (4359 of 10203), ETA 0:00:00                              
[00:00:01] ... finding cutoff p=809 43.9% (4479 of 10203), ETA 0:00:00                              
[00:00:01] ... finding cutoff p=809 44.7% (4562 of 10203), ETA 0:00:00                              
[00:00:01] ... finding cutoff p=809 45.7% (4662 of 10203), ETA 0:00:00                              
[00:00:01] ... finding cutoff p=809 46.6% (4757 of 10203), ETA 0:00:00                              
[00:00:01] ... finding cutoff p=809 47.6% (4856 of 10203), ETA 0:00:00                              
[00:00:01] ... finding cutoff p=809 48.8% (4976 of 10203), ETA 0:00:00                              
[00:00:01] ... finding cutoff p=809 49.8% (5077 of 10203), ETA 0:00:00                              
[00:00:01] ... finding cutoff p=809 51.0% (5201 of 10203), ETA 0:00:00                              
[00:00:01] ... finding cutoff p=809 51.9% (5299 of 10203), ETA 0:00:00                              
[00:00:01] ... finding cutoff p=809 52.5% (5361 of 10203), ETA 0:00:00                              
[00:00:01] ... finding cutoff p=809 53.5% (5459 of 10203), ETA 0:00:00                              
[00:00:01] ... finding cutoff p=809 54.8% (5592 of 10203), ETA 0:00:00                              
[00:00:01] ... finding cutoff p=809 55.8% (5692 of 10203), ETA 0:00:00                              
[00:00:01] ... finding cutoff p=809 56.7% (5780 of 10203), ETA 0:00:00                              
[00:00:01] ... finding cutoff p=809 57.6% (5875 of 10203), ETA 0:00:00                              
[00:00:01] ... finding cutoff p=809 58.7% (5993 of 10203), ETA 0:00:00                              
[00:00:01] ... finding cutoff p=809 59.7% (6094 of 10203), ETA 0:00:00                              
[00:00:01] ... finding cutoff p=809 60.9% (6209 of 10203), ETA 0:00:00                              
[00:00:01] ... finding cutoff p=809 61.8% (6304 of 10203), ETA 0:00:00                              
[00:00:01] ... finding cutoff p=809 62.8% (6411 of 10203), ETA 0:00:00                              
[00:00:01] ... finding cutoff p=809 63.7% (6498 of 10203), ETA 0:00:00                              
[00:00:01] ... finding cutoff p=809 64.7% (6598 of 10203), ETA 0:00:00                              
[00:00:01] ... finding cutoff p=809 65.8% (6711 of 10203), ETA 0:00:00                              
[00:00:01] ... finding cutoff p=809 66.8% (6817 of 10203), ETA 0:00:00                              
[00:00:01] ... finding cutoff p=809 67.7% (6908 of 10203), ETA 0:00:00                              
[00:00:01] ... finding cutoff p=809 68.8% (7023 of 10203), ETA 0:00:00                              
[00:00:01] ... finding cutoff p=809 69.9% (7130 of 10203), ETA 0:00:00                              
[00:00:01] ... finding cutoff p=809 70.9% (7238 of 10203), ETA 0:00:00                              
[00:00:01] ... finding cutoff p=809 71.9% (7340 of 10203), ETA 0:00:00                              
[00:00:01] ... finding cutoff p=809 72.8% (7431 of 10203), ETA 0:00:00                              
[00:00:01] ... finding cutoff p=809 73.8% (7527 of 10203), ETA 0:00:00                              
[00:00:01] ... finding cutoff p=809 74.7% (7624 of 10203), ETA 0:00:00                              
[00:00:01] ... finding cutoff p=809 75.9% (7739 of 10203), ETA 0:00:00                              
[00:00:01] ... finding cutoff p=809 76.8% (7841 of 10203), ETA 0:00:00                              
[00:00:01] ... finding cutoff p=809 77.8% (7938 of 10203), ETA 0:00:00                              
[00:00:01] ... finding cutoff p=809 78.8% (8037 of 10203), ETA 0:00:00                              
[00:00:01] ... finding cutoff p=809 79.8% (8139 of 10203), ETA 0:00:00                              
[00:00:01] ... finding cutoff p=809 80.8% (8249 of 10203), ETA 0:00:00                              
[00:00:01] ... finding cutoff p=809 81.9% (8359 of 10203), ETA 0:00:00                              
[00:00:01] ... finding cutoff p=809 82.8% (8446 of 10203), ETA 0:00:00                              
[00:00:01] ... finding cutoff p=809 83.8% (8552 of 10203), ETA 0:00:00                              
[00:00:01] ... finding cutoff p=809 84.8% (8656 of 10203), ETA 0:00:00                              
[00:00:01] ... finding cutoff p=809 85.9% (8767 of 10203), ETA 0:00:00                              
[00:00:01] ... finding cutoff p=809 86.9% (8867 of 10203), ETA 0:00:00                              
[00:00:01] ... finding cutoff p=809 87.8% (8962 of 10203), ETA 0:00:00                              
[00:00:01] ... finding cutoff p=809 89.0% (9076 of 10203), ETA 0:00:00                              
[00:00:01] ... finding cutoff p=809 90.0% (9179 of 10203), ETA 0:00:00                              
[00:00:01] ... finding cutoff p=809 90.9% (9272 of 10203), ETA 0:00:00                              
[00:00:01] ... finding cutoff p=809 91.9% (9374 of 10203), ETA 0:00:00                              
[00:00:01] ... finding cutoff p=809 92.9% (9480 of 10203), ETA 0:00:00                              
[00:00:01] ... finding cutoff p=809 93.9% (9585 of 10203), ETA 0:00:00                              
[00:00:01] ... finding cutoff p=809 94.9% (9683 of 10203), ETA 0:00:00                              
[00:00:01] ... finding cutoff p=809 96.0% (9791 of 10203), ETA 0:00:00                              
[00:00:01] ... finding cutoff p=809 96.9% (9889 of 10203), ETA 0:00:00                              
[00:00:01] ... finding cutoff p=809 97.9% (9991 of 10203), ETA 0:00:00                              
[00:00:01] ... finding cutoff p=809 98.9% (10095 of 10203), ETA 0:00:00                              
[00:00:01] ... finding cutoff p=809 99.9% (10197 of 10203), ETA 0:00:00                              
[00:00:01] Preparing TNF Graph Building [pTNF = 80.9; 8555 / 10203 (P = 83.85%) round 36]               
[00:00:01] Finding cutoff p=799 [-97.9Gb / 1007.8Gb]                                                     
[00:00:01] ... finding cutoff p=799 1.4% (142 of 10203), ETA 0:00:00                              
[00:00:01] ... finding cutoff p=799 2.4% (243 of 10203), ETA 0:00:00                              
[00:00:01] ... finding cutoff p=799 3.2% (323 of 10203), ETA 0:00:00                              
[00:00:01] ... finding cutoff p=799 4.6% (467 of 10203), ETA 0:00:00                              
[00:00:01] ... finding cutoff p=799 5.3% (539 of 10203), ETA 0:00:00                              
[00:00:01] ... finding cutoff p=799 6.1% (624 of 10203), ETA 0:00:00                              
[00:00:01] ... finding cutoff p=799 7.5% (769 of 10203), ETA 0:00:00                              
[00:00:01] ... finding cutoff p=799 8.4% (859 of 10203), ETA 0:00:00                              
[00:00:01] ... finding cutoff p=799 9.8% (1001 of 10203), ETA 0:00:00                              
[00:00:01] ... finding cutoff p=799 10.9% (1113 of 10203), ETA 0:00:00                              
[00:00:01] ... finding cutoff p=799 11.7% (1197 of 10203), ETA 0:00:00                              
[00:00:01] ... finding cutoff p=799 12.7% (1298 of 10203), ETA 0:00:00                              
[00:00:01] ... finding cutoff p=799 13.6% (1392 of 10203), ETA 0:00:00                              
[00:00:01] ... finding cutoff p=799 14.4% (1473 of 10203), ETA 0:00:00                              
[00:00:01] ... finding cutoff p=799 15.3% (1562 of 10203), ETA 0:00:00                              
[00:00:01] ... finding cutoff p=799 16.2% (1657 of 10203), ETA 0:00:00                              
[00:00:01] ... finding cutoff p=799 17.3% (1770 of 10203), ETA 0:00:00                              
[00:00:01] ... finding cutoff p=799 18.5% (1892 of 10203), ETA 0:00:00                              
[00:00:01] ... finding cutoff p=799 19.2% (1964 of 10203), ETA 0:00:00                              
[00:00:01] ... finding cutoff p=799 20.7% (2107 of 10203), ETA 0:00:00                              
[00:00:01] ... finding cutoff p=799 21.4% (2187 of 10203), ETA 0:00:00                              
[00:00:01] ... finding cutoff p=799 22.7% (2320 of 10203), ETA 0:00:00                              
[00:00:01] ... finding cutoff p=799 23.7% (2414 of 10203), ETA 0:00:00                              
[00:00:01] ... finding cutoff p=799 24.4% (2490 of 10203), ETA 0:00:00                              
[00:00:01] ... finding cutoff p=799 25.6% (2608 of 10203), ETA 0:00:00                              
[00:00:01] ... finding cutoff p=799 26.5% (2707 of 10203), ETA 0:00:00                              
[00:00:01] ... finding cutoff p=799 27.5% (2804 of 10203), ETA 0:00:00                              
[00:00:01] ... finding cutoff p=799 28.7% (2933 of 10203), ETA 0:00:00                              
[00:00:01] ... finding cutoff p=799 29.7% (3028 of 10203), ETA 0:00:00                              
[00:00:01] ... finding cutoff p=799 30.5% (3107 of 10203), ETA 0:00:00                              
[00:00:01] ... finding cutoff p=799 31.4% (3202 of 10203), ETA 0:00:00                              
[00:00:01] ... finding cutoff p=799 32.5% (3311 of 10203), ETA 0:00:00                              
[00:00:01] ... finding cutoff p=799 33.6% (3425 of 10203), ETA 0:00:00                              
[00:00:01] ... finding cutoff p=799 34.7% (3544 of 10203), ETA 0:00:00                              
[00:00:01] ... finding cutoff p=799 35.4% (3607 of 10203), ETA 0:00:00                              
[00:00:01] ... finding cutoff p=799 36.7% (3748 of 10203), ETA 0:00:00                              
[00:00:01] ... finding cutoff p=799 37.5% (3824 of 10203), ETA 0:00:00                              
[00:00:01] ... finding cutoff p=799 38.8% (3954 of 10203), ETA 0:00:00                              
[00:00:01] ... finding cutoff p=799 39.5% (4030 of 10203), ETA 0:00:00                              
[00:00:01] ... finding cutoff p=799 40.6% (4145 of 10203), ETA 0:00:00                              
[00:00:01] ... finding cutoff p=799 41.9% (4271 of 10203), ETA 0:00:00                              
[00:00:01] ... finding cutoff p=799 42.5% (4337 of 10203), ETA 0:00:00                              
[00:00:01] ... finding cutoff p=799 43.7% (4460 of 10203), ETA 0:00:00                              
[00:00:01] ... finding cutoff p=799 44.4% (4532 of 10203), ETA 0:00:00                              
[00:00:01] ... finding cutoff p=799 45.8% (4671 of 10203), ETA 0:00:00                              
[00:00:01] ... finding cutoff p=799 46.4% (4739 of 10203), ETA 0:00:00                              
[00:00:01] ... finding cutoff p=799 47.8% (4873 of 10203), ETA 0:00:00                              
[00:00:01] ... finding cutoff p=799 48.5% (4950 of 10203), ETA 0:00:00                              
[00:00:01] ... finding cutoff p=799 49.8% (5079 of 10203), ETA 0:00:00                              
[00:00:01] ... finding cutoff p=799 50.9% (5194 of 10203), ETA 0:00:00                              
[00:00:01] ... finding cutoff p=799 51.6% (5262 of 10203), ETA 0:00:00                              
[00:00:01] ... finding cutoff p=799 52.8% (5383 of 10203), ETA 0:00:00                              
[00:00:01] ... finding cutoff p=799 53.8% (5485 of 10203), ETA 0:00:00                              
[00:00:01] ... finding cutoff p=799 54.9% (5598 of 10203), ETA 0:00:00                              
[00:00:01] ... finding cutoff p=799 55.8% (5694 of 10203), ETA 0:00:00                              
[00:00:01] ... finding cutoff p=799 56.8% (5797 of 10203), ETA 0:00:00                              
[00:00:01] ... finding cutoff p=799 57.8% (5893 of 10203), ETA 0:00:00                              
[00:00:01] ... finding cutoff p=799 58.6% (5983 of 10203), ETA 0:00:00                              
[00:00:01] ... finding cutoff p=799 59.7% (6090 of 10203), ETA 0:00:00                              
[00:00:01] ... finding cutoff p=799 60.9% (6210 of 10203), ETA 0:00:00                              
[00:00:01] ... finding cutoff p=799 61.8% (6307 of 10203), ETA 0:00:00                              
[00:00:01] ... finding cutoff p=799 62.8% (6404 of 10203), ETA 0:00:00                              
[00:00:01] ... finding cutoff p=799 63.7% (6498 of 10203), ETA 0:00:00                              
[00:00:01] ... finding cutoff p=799 64.8% (6611 of 10203), ETA 0:00:00                              
[00:00:01] ... finding cutoff p=799 65.7% (6703 of 10203), ETA 0:00:00                              
[00:00:01] ... finding cutoff p=799 66.7% (6809 of 10203), ETA 0:00:00                              
[00:00:01] ... finding cutoff p=799 67.9% (6926 of 10203), ETA 0:00:00                              
[00:00:01] ... finding cutoff p=799 68.7% (7012 of 10203), ETA 0:00:00                              
[00:00:01] ... finding cutoff p=799 69.7% (7110 of 10203), ETA 0:00:00                              
[00:00:01] ... finding cutoff p=799 70.7% (7218 of 10203), ETA 0:00:00                              
[00:00:01] ... finding cutoff p=799 71.9% (7334 of 10203), ETA 0:00:00                              
[00:00:01] ... finding cutoff p=799 72.9% (7441 of 10203), ETA 0:00:00                              
[00:00:01] ... finding cutoff p=799 73.7% (7521 of 10203), ETA 0:00:00                              
[00:00:01] ... finding cutoff p=799 74.8% (7627 of 10203), ETA 0:00:00                              
[00:00:01] ... finding cutoff p=799 75.9% (7740 of 10203), ETA 0:00:00                              
[00:00:01] ... finding cutoff p=799 76.9% (7843 of 10203), ETA 0:00:00                              
[00:00:01] ... finding cutoff p=799 77.8% (7943 of 10203), ETA 0:00:00                              
[00:00:01] ... finding cutoff p=799 78.8% (8041 of 10203), ETA 0:00:00                              
[00:00:01] ... finding cutoff p=799 79.8% (8140 of 10203), ETA 0:00:00                              
[00:00:01] ... finding cutoff p=799 80.8% (8241 of 10203), ETA 0:00:00                              
[00:00:01] ... finding cutoff p=799 81.9% (8353 of 10203), ETA 0:00:00                              
[00:00:01] ... finding cutoff p=799 82.9% (8454 of 10203), ETA 0:00:00                              
[00:00:01] ... finding cutoff p=799 83.9% (8560 of 10203), ETA 0:00:00                              
[00:00:01] ... finding cutoff p=799 84.9% (8661 of 10203), ETA 0:00:00                              
[00:00:01] ... finding cutoff p=799 85.8% (8758 of 10203), ETA 0:00:00                              
[00:00:01] ... finding cutoff p=799 86.9% (8865 of 10203), ETA 0:00:00                              
[00:00:01] ... finding cutoff p=799 87.8% (8963 of 10203), ETA 0:00:00                              
[00:00:01] ... finding cutoff p=799 88.9% (9066 of 10203), ETA 0:00:00                              
[00:00:01] ... finding cutoff p=799 89.8% (9167 of 10203), ETA 0:00:00                              
[00:00:01] ... finding cutoff p=799 90.9% (9271 of 10203), ETA 0:00:00                              
[00:00:01] ... finding cutoff p=799 91.9% (9373 of 10203), ETA 0:00:00                              
[00:00:01] ... finding cutoff p=799 92.9% (9480 of 10203), ETA 0:00:00                              
[00:00:01] ... finding cutoff p=799 94.0% (9586 of 10203), ETA 0:00:00                              
[00:00:01] ... finding cutoff p=799 94.9% (9687 of 10203), ETA 0:00:00                              
[00:00:01] ... finding cutoff p=799 95.9% (9787 of 10203), ETA 0:00:00                              
[00:00:01] ... finding cutoff p=799 96.9% (9890 of 10203), ETA 0:00:00                              
[00:00:01] ... finding cutoff p=799 97.9% (9992 of 10203), ETA 0:00:00                              
[00:00:01] ... finding cutoff p=799 98.9% (10094 of 10203), ETA 0:00:00                              
[00:00:01] ... finding cutoff p=799 99.9% (10197 of 10203), ETA 0:00:00                              
[00:00:01] Preparing TNF Graph Building [pTNF = 79.9; 8663 / 10203 (P = 84.91%) round 37]               
[00:00:01] Finding cutoff p=788 [-97.9Gb / 1007.8Gb]                                                     
[00:00:01] ... finding cutoff p=788 1.4% (147 of 10203), ETA 0:00:00                              
[00:00:01] ... finding cutoff p=788 2.5% (258 of 10203), ETA 0:00:00                              
[00:00:01] ... finding cutoff p=788 3.2% (327 of 10203), ETA 0:00:00                              
[00:00:01] ... finding cutoff p=788 4.6% (473 of 10203), ETA 0:00:00                              
[00:00:01] ... finding cutoff p=788 5.5% (560 of 10203), ETA 0:00:00                              
[00:00:01] ... finding cutoff p=788 6.1% (624 of 10203), ETA 0:00:00                              
[00:00:01] ... finding cutoff p=788 7.7% (781 of 10203), ETA 0:00:00                              
[00:00:01] ... finding cutoff p=788 8.7% (891 of 10203), ETA 0:00:00                              
[00:00:01] ... finding cutoff p=788 9.5% (965 of 10203), ETA 0:00:00                              
[00:00:01] ... finding cutoff p=788 10.2% (1043 of 10203), ETA 0:00:00                              
[00:00:01] ... finding cutoff p=788 11.6% (1187 of 10203), ETA 0:00:00                              
[00:00:01] ... finding cutoff p=788 12.7% (1298 of 10203), ETA 0:00:00                              
[00:00:01] ... finding cutoff p=788 13.8% (1407 of 10203), ETA 0:00:00                              
[00:00:01] ... finding cutoff p=788 14.7% (1497 of 10203), ETA 0:00:00                              
[00:00:01] ... finding cutoff p=788 15.5% (1578 of 10203), ETA 0:00:00                              
[00:00:01] ... finding cutoff p=788 16.3% (1668 of 10203), ETA 0:00:00                              
[00:00:01] ... finding cutoff p=788 17.4% (1780 of 10203), ETA 0:00:00                              
[00:00:01] ... finding cutoff p=788 18.4% (1878 of 10203), ETA 0:00:00                              
[00:00:01] ... finding cutoff p=788 19.5% (1987 of 10203), ETA 0:00:00                              
[00:00:01] ... finding cutoff p=788 20.2% (2061 of 10203), ETA 0:00:00                              
[00:00:01] ... finding cutoff p=788 21.4% (2179 of 10203), ETA 0:00:00                              
[00:00:01] ... finding cutoff p=788 22.8% (2325 of 10203), ETA 0:00:00                              
[00:00:01] ... finding cutoff p=788 23.5% (2402 of 10203), ETA 0:00:00                              
[00:00:01] ... finding cutoff p=788 24.3% (2478 of 10203), ETA 0:00:00                              
[00:00:01] ... finding cutoff p=788 25.4% (2592 of 10203), ETA 0:00:00                              
[00:00:01] ... finding cutoff p=788 26.6% (2718 of 10203), ETA 0:00:00                              
[00:00:01] ... finding cutoff p=788 27.4% (2800 of 10203), ETA 0:00:00                              
[00:00:01] ... finding cutoff p=788 28.7% (2925 of 10203), ETA 0:00:00                              
[00:00:01] ... finding cutoff p=788 29.5% (3014 of 10203), ETA 0:00:00                              
[00:00:01] ... finding cutoff p=788 30.6% (3127 of 10203), ETA 0:00:00                              
[00:00:01] ... finding cutoff p=788 31.7% (3239 of 10203), ETA 0:00:00                              
[00:00:01] ... finding cutoff p=788 32.8% (3351 of 10203), ETA 0:00:00                              
[00:00:01] ... finding cutoff p=788 33.5% (3415 of 10203), ETA 0:00:00                              
[00:00:01] ... finding cutoff p=788 34.5% (3522 of 10203), ETA 0:00:00                              
[00:00:01] ... finding cutoff p=788 35.7% (3644 of 10203), ETA 0:00:00                              
[00:00:01] ... finding cutoff p=788 36.5% (3725 of 10203), ETA 0:00:00                              
[00:00:01] ... finding cutoff p=788 37.7% (3845 of 10203), ETA 0:00:00                              
[00:00:01] ... finding cutoff p=788 38.5% (3924 of 10203), ETA 0:00:00                              
[00:00:01] ... finding cutoff p=788 39.4% (4025 of 10203), ETA 0:00:00                              
[00:00:01] ... finding cutoff p=788 41.0% (4183 of 10203), ETA 0:00:00                              
[00:00:01] ... finding cutoff p=788 41.7% (4252 of 10203), ETA 0:00:00                              
[00:00:01] ... finding cutoff p=788 42.5% (4337 of 10203), ETA 0:00:00                              
[00:00:01] ... finding cutoff p=788 43.5% (4441 of 10203), ETA 0:00:00                              
[00:00:01] ... finding cutoff p=788 44.5% (4539 of 10203), ETA 0:00:00                              
[00:00:01] ... finding cutoff p=788 45.6% (4651 of 10203), ETA 0:00:00                              
[00:00:01] ... finding cutoff p=788 46.6% (4758 of 10203), ETA 0:00:00                              
[00:00:01] ... finding cutoff p=788 47.7% (4866 of 10203), ETA 0:00:00                              
[00:00:01] ... finding cutoff p=788 48.7% (4964 of 10203), ETA 0:00:00                              
[00:00:01] ... finding cutoff p=788 49.6% (5062 of 10203), ETA 0:00:00                              
[00:00:01] ... finding cutoff p=788 50.5% (5152 of 10203), ETA 0:00:00                              
[00:00:01] ... finding cutoff p=788 51.7% (5274 of 10203), ETA 0:00:00                              
[00:00:01] ... finding cutoff p=788 52.8% (5391 of 10203), ETA 0:00:00                              
[00:00:01] ... finding cutoff p=788 53.8% (5487 of 10203), ETA 0:00:00                              
[00:00:01] ... finding cutoff p=788 54.6% (5570 of 10203), ETA 0:00:00                              
[00:00:01] ... finding cutoff p=788 55.5% (5666 of 10203), ETA 0:00:00                              
[00:00:01] ... finding cutoff p=788 56.8% (5794 of 10203), ETA 0:00:00                              
[00:00:01] ... finding cutoff p=788 57.7% (5890 of 10203), ETA 0:00:00                              
[00:00:01] ... finding cutoff p=788 58.8% (5995 of 10203), ETA 0:00:00                              
[00:00:01] ... finding cutoff p=788 59.7% (6094 of 10203), ETA 0:00:00                              
[00:00:01] ... finding cutoff p=788 60.6% (6181 of 10203), ETA 0:00:00                              
[00:00:01] ... finding cutoff p=788 61.8% (6302 of 10203), ETA 0:00:00                              
[00:00:01] ... finding cutoff p=788 62.7% (6399 of 10203), ETA 0:00:00                              
[00:00:01] ... finding cutoff p=788 63.6% (6490 of 10203), ETA 0:00:00                              
[00:00:01] ... finding cutoff p=788 64.9% (6617 of 10203), ETA 0:00:00                              
[00:00:01] ... finding cutoff p=788 65.7% (6703 of 10203), ETA 0:00:00                              
[00:00:01] ... finding cutoff p=788 66.7% (6808 of 10203), ETA 0:00:00                              
[00:00:01] ... finding cutoff p=788 67.9% (6930 of 10203), ETA 0:00:00                              
[00:00:01] ... finding cutoff p=788 68.9% (7027 of 10203), ETA 0:00:00                              
[00:00:01] ... finding cutoff p=788 69.7% (7115 of 10203), ETA 0:00:00                              
[00:00:01] ... finding cutoff p=788 70.8% (7219 of 10203), ETA 0:00:00                              
[00:00:01] ... finding cutoff p=788 71.7% (7317 of 10203), ETA 0:00:00                              
[00:00:01] ... finding cutoff p=788 72.9% (7435 of 10203), ETA 0:00:00                              
[00:00:01] ... finding cutoff p=788 73.9% (7535 of 10203), ETA 0:00:00                              
[00:00:01] ... finding cutoff p=788 74.8% (7629 of 10203), ETA 0:00:00                              
[00:00:01] ... finding cutoff p=788 75.9% (7746 of 10203), ETA 0:00:00                              
[00:00:01] ... finding cutoff p=788 76.8% (7833 of 10203), ETA 0:00:00                              
[00:00:01] ... finding cutoff p=788 77.9% (7949 of 10203), ETA 0:00:00                              
[00:00:01] ... finding cutoff p=788 78.9% (8046 of 10203), ETA 0:00:00                              
[00:00:01] ... finding cutoff p=788 79.8% (8141 of 10203), ETA 0:00:00                              
[00:00:01] ... finding cutoff p=788 80.8% (8248 of 10203), ETA 0:00:00                              
[00:00:01] ... finding cutoff p=788 81.9% (8352 of 10203), ETA 0:00:00                              
[00:00:01] ... finding cutoff p=788 82.8% (8451 of 10203), ETA 0:00:00                              
[00:00:01] ... finding cutoff p=788 83.9% (8558 of 10203), ETA 0:00:00                              
[00:00:01] ... finding cutoff p=788 84.8% (8655 of 10203), ETA 0:00:00                              
[00:00:01] ... finding cutoff p=788 85.9% (8768 of 10203), ETA 0:00:00                              
[00:00:01] ... finding cutoff p=788 86.9% (8864 of 10203), ETA 0:00:00                              
[00:00:01] ... finding cutoff p=788 87.9% (8967 of 10203), ETA 0:00:00                              
[00:00:01] ... finding cutoff p=788 88.9% (9069 of 10203), ETA 0:00:00                              
[00:00:01] ... finding cutoff p=788 89.8% (9167 of 10203), ETA 0:00:00                              
[00:00:01] ... finding cutoff p=788 90.9% (9277 of 10203), ETA 0:00:00                              
[00:00:01] ... finding cutoff p=788 91.9% (9373 of 10203), ETA 0:00:00                              
[00:00:01] ... finding cutoff p=788 92.9% (9483 of 10203), ETA 0:00:00                              
[00:00:01] ... finding cutoff p=788 93.9% (9582 of 10203), ETA 0:00:00                              
[00:00:01] ... finding cutoff p=788 95.0% (9689 of 10203), ETA 0:00:00                              
[00:00:01] ... finding cutoff p=788 96.0% (9790 of 10203), ETA 0:00:00                              
[00:00:01] ... finding cutoff p=788 96.9% (9891 of 10203), ETA 0:00:00                              
[00:00:01] ... finding cutoff p=788 97.9% (9991 of 10203), ETA 0:00:00                              
[00:00:01] ... finding cutoff p=788 98.9% (10095 of 10203), ETA 0:00:00                              
[00:00:01] ... finding cutoff p=788 99.9% (10197 of 10203), ETA 0:00:00                              
[00:00:01] Preparing TNF Graph Building [pTNF = 78.8; 8779 / 10203 (P = 86.04%) round 38]               
[00:00:01] Finding cutoff p=779 [-97.9Gb / 1007.8Gb]                                                     
[00:00:01] ... finding cutoff p=779 1.5% (150 of 10203), ETA 0:00:00                              
[00:00:01] ... finding cutoff p=779 2.5% (258 of 10203), ETA 0:00:00                              
[00:00:01] ... finding cutoff p=779 3.2% (327 of 10203), ETA 0:00:00                              
[00:00:01] ... finding cutoff p=779 4.1% (423 of 10203), ETA 0:00:00                              
[00:00:01] ... finding cutoff p=779 5.6% (571 of 10203), ETA 0:00:00                              
[00:00:01] ... finding cutoff p=779 6.5% (664 of 10203), ETA 0:00:00                              
[00:00:01] ... finding cutoff p=779 7.5% (767 of 10203), ETA 0:00:00                              
[00:00:01] ... finding cutoff p=779 8.3% (842 of 10203), ETA 0:00:00                              
[00:00:01] ... finding cutoff p=779 9.7% (987 of 10203), ETA 0:00:00                              
[00:00:01] ... finding cutoff p=779 10.8% (1098 of 10203), ETA 0:00:00                              
[00:00:01] ... finding cutoff p=779 11.4% (1163 of 10203), ETA 0:00:00                              
[00:00:01] ... finding cutoff p=779 12.4% (1270 of 10203), ETA 0:00:00                              
[00:00:01] ... finding cutoff p=779 13.4% (1364 of 10203), ETA 0:00:00                              
[00:00:01] ... finding cutoff p=779 14.4% (1465 of 10203), ETA 0:00:00                              
[00:00:01] ... finding cutoff p=779 15.3% (1561 of 10203), ETA 0:00:00                              
[00:00:01] ... finding cutoff p=779 16.2% (1656 of 10203), ETA 0:00:00                              
[00:00:01] ... finding cutoff p=779 17.2% (1759 of 10203), ETA 0:00:00                              
[00:00:01] ... finding cutoff p=779 18.4% (1879 of 10203), ETA 0:00:00                              
[00:00:01] ... finding cutoff p=779 19.7% (2011 of 10203), ETA 0:00:00                              
[00:00:01] ... finding cutoff p=779 21.1% (2150 of 10203), ETA 0:00:00                              
[00:00:01] ... finding cutoff p=779 21.7% (2214 of 10203), ETA 0:00:00                              
[00:00:01] ... finding cutoff p=779 22.4% (2289 of 10203), ETA 0:00:00                              
[00:00:01] ... finding cutoff p=779 23.5% (2399 of 10203), ETA 0:00:00                              
[00:00:01] ... finding cutoff p=779 24.3% (2482 of 10203), ETA 0:00:00                              
[00:00:01] ... finding cutoff p=779 25.5% (2604 of 10203), ETA 0:00:00                              
[00:00:01] ... finding cutoff p=779 26.3% (2683 of 10203), ETA 0:00:00                              
[00:00:01] ... finding cutoff p=779 27.7% (2831 of 10203), ETA 0:00:00                              
[00:00:01] ... finding cutoff p=779 28.5% (2911 of 10203), ETA 0:00:00                              
[00:00:01] ... finding cutoff p=779 29.3% (2992 of 10203), ETA 0:00:00                              
[00:00:01] ... finding cutoff p=779 30.7% (3129 of 10203), ETA 0:00:00                              
[00:00:01] ... finding cutoff p=779 31.3% (3197 of 10203), ETA 0:00:00                              
[00:00:01] ... finding cutoff p=779 32.7% (3335 of 10203), ETA 0:00:00                              
[00:00:01] ... finding cutoff p=779 33.5% (3414 of 10203), ETA 0:00:00                              
[00:00:01] ... finding cutoff p=779 34.6% (3530 of 10203), ETA 0:00:00                              
[00:00:01] ... finding cutoff p=779 35.8% (3654 of 10203), ETA 0:00:00                              
[00:00:01] ... finding cutoff p=779 36.5% (3728 of 10203), ETA 0:00:00                              
[00:00:01] ... finding cutoff p=779 37.8% (3855 of 10203), ETA 0:00:00                              
[00:00:01] ... finding cutoff p=779 38.6% (3939 of 10203), ETA 0:00:00                              
[00:00:01] ... finding cutoff p=779 39.7% (4053 of 10203), ETA 0:00:00                              
[00:00:01] ... finding cutoff p=779 40.5% (4130 of 10203), ETA 0:00:00                              
[00:00:01] ... finding cutoff p=779 41.7% (4255 of 10203), ETA 0:00:00                              
[00:00:01] ... finding cutoff p=779 42.8% (4368 of 10203), ETA 0:00:00                              
[00:00:01] ... finding cutoff p=779 43.8% (4474 of 10203), ETA 0:00:00                              
[00:00:01] ... finding cutoff p=779 44.8% (4574 of 10203), ETA 0:00:00                              
[00:00:01] ... finding cutoff p=779 45.8% (4672 of 10203), ETA 0:00:00                              
[00:00:01] ... finding cutoff p=779 46.9% (4783 of 10203), ETA 0:00:00                              
[00:00:01] ... finding cutoff p=779 47.5% (4847 of 10203), ETA 0:00:00                              
[00:00:01] ... finding cutoff p=779 48.5% (4947 of 10203), ETA 0:00:00                              
[00:00:01] ... finding cutoff p=779 49.6% (5061 of 10203), ETA 0:00:00                              
[00:00:01] ... finding cutoff p=779 50.5% (5157 of 10203), ETA 0:00:00                              
[00:00:01] ... finding cutoff p=779 51.6% (5267 of 10203), ETA 0:00:00                              
[00:00:01] ... finding cutoff p=779 52.6% (5364 of 10203), ETA 0:00:00                              
[00:00:01] ... finding cutoff p=779 53.7% (5476 of 10203), ETA 0:00:00                              
[00:00:01] ... finding cutoff p=779 54.7% (5584 of 10203), ETA 0:00:00                              
[00:00:01] ... finding cutoff p=779 55.6% (5673 of 10203), ETA 0:00:00                              
[00:00:01] ... finding cutoff p=779 56.7% (5786 of 10203), ETA 0:00:00                              
[00:00:01] ... finding cutoff p=779 57.7% (5889 of 10203), ETA 0:00:00                              
[00:00:01] ... finding cutoff p=779 58.6% (5976 of 10203), ETA 0:00:00                              
[00:00:01] ... finding cutoff p=779 59.7% (6092 of 10203), ETA 0:00:00                              
[00:00:01] ... finding cutoff p=779 60.8% (6203 of 10203), ETA 0:00:00                              
[00:00:01] ... finding cutoff p=779 61.9% (6312 of 10203), ETA 0:00:00                              
[00:00:01] ... finding cutoff p=779 62.9% (6418 of 10203), ETA 0:00:00                              
[00:00:01] ... finding cutoff p=779 63.8% (6509 of 10203), ETA 0:00:00                              
[00:00:01] ... finding cutoff p=779 64.7% (6598 of 10203), ETA 0:00:00                              
[00:00:01] ... finding cutoff p=779 65.8% (6715 of 10203), ETA 0:00:00                              
[00:00:01] ... finding cutoff p=779 66.6% (6800 of 10203), ETA 0:00:00                              
[00:00:01] ... finding cutoff p=779 67.8% (6915 of 10203), ETA 0:00:00                              
[00:00:01] ... finding cutoff p=779 68.9% (7034 of 10203), ETA 0:00:00                              
[00:00:01] ... finding cutoff p=779 69.7% (7114 of 10203), ETA 0:00:00                              
[00:00:01] ... finding cutoff p=779 70.8% (7223 of 10203), ETA 0:00:00                              
[00:00:01] ... finding cutoff p=779 71.7% (7317 of 10203), ETA 0:00:00                              
[00:00:01] ... finding cutoff p=779 72.9% (7441 of 10203), ETA 0:00:00                              
[00:00:01] ... finding cutoff p=779 73.7% (7522 of 10203), ETA 0:00:00                              
[00:00:01] ... finding cutoff p=779 74.8% (7634 of 10203), ETA 0:00:00                              
[00:00:01] ... finding cutoff p=779 75.7% (7726 of 10203), ETA 0:00:00                              
[00:00:01] ... finding cutoff p=779 76.8% (7834 of 10203), ETA 0:00:00                              
[00:00:01] ... finding cutoff p=779 77.8% (7933 of 10203), ETA 0:00:00                              
[00:00:01] ... finding cutoff p=779 78.9% (8048 of 10203), ETA 0:00:00                              
[00:00:01] ... finding cutoff p=779 79.9% (8152 of 10203), ETA 0:00:00                              
[00:00:01] ... finding cutoff p=779 80.9% (8250 of 10203), ETA 0:00:00                              
[00:00:01] ... finding cutoff p=779 81.9% (8355 of 10203), ETA 0:00:00                              
[00:00:01] ... finding cutoff p=779 82.8% (8449 of 10203), ETA 0:00:00                              
[00:00:01] ... finding cutoff p=779 83.9% (8564 of 10203), ETA 0:00:00                              
[00:00:01] ... finding cutoff p=779 84.9% (8663 of 10203), ETA 0:00:00                              
[00:00:01] ... finding cutoff p=779 85.8% (8759 of 10203), ETA 0:00:00                              
[00:00:01] ... finding cutoff p=779 86.9% (8864 of 10203), ETA 0:00:00                              
[00:00:01] ... finding cutoff p=779 87.9% (8973 of 10203), ETA 0:00:00                              
[00:00:01] ... finding cutoff p=779 88.8% (9064 of 10203), ETA 0:00:00                              
[00:00:01] ... finding cutoff p=779 89.9% (9175 of 10203), ETA 0:00:00                              
[00:00:01] ... finding cutoff p=779 90.9% (9276 of 10203), ETA 0:00:00                              
[00:00:01] ... finding cutoff p=779 92.0% (9386 of 10203), ETA 0:00:00                              
[00:00:01] ... finding cutoff p=779 92.9% (9478 of 10203), ETA 0:00:00                              
[00:00:01] ... finding cutoff p=779 93.9% (9579 of 10203), ETA 0:00:00                              
[00:00:01] ... finding cutoff p=779 95.0% (9689 of 10203), ETA 0:00:00                              
[00:00:01] ... finding cutoff p=779 95.9% (9787 of 10203), ETA 0:00:00                              
[00:00:01] ... finding cutoff p=779 96.9% (9888 of 10203), ETA 0:00:00                              
[00:00:01] ... finding cutoff p=779 98.0% (9994 of 10203), ETA 0:00:00                              
[00:00:01] ... finding cutoff p=779 98.9% (10094 of 10203), ETA 0:00:00                              
[00:00:01] ... finding cutoff p=779 99.9% (10197 of 10203), ETA 0:00:00                              
[00:00:01] Preparing TNF Graph Building [pTNF = 77.9; 8860 / 10203 (P = 86.84%) round 39]               
[00:00:01] Finding cutoff p=770 [-97.9Gb / 1007.8Gb]                                                     
[00:00:01] ... finding cutoff p=770 1.6% (161 of 10203), ETA 0:00:00                              
[00:00:01] ... finding cutoff p=770 2.6% (262 of 10203), ETA 0:00:00                              
[00:00:01] ... finding cutoff p=770 3.3% (341 of 10203), ETA 0:00:00                              
[00:00:01] ... finding cutoff p=770 4.1% (416 of 10203), ETA 0:00:00                              
[00:00:01] ... finding cutoff p=770 5.7% (578 of 10203), ETA 0:00:00                              
[00:00:01] ... finding cutoff p=770 6.5% (667 of 10203), ETA 0:00:00                              
[00:00:01] ... finding cutoff p=770 7.4% (757 of 10203), ETA 0:00:00                              
[00:00:01] ... finding cutoff p=770 8.1% (827 of 10203), ETA 0:00:00                              
[00:00:01] ... finding cutoff p=770 9.6% (976 of 10203), ETA 0:00:00                              
[00:00:01] ... finding cutoff p=770 10.5% (1067 of 10203), ETA 0:00:00                              
[00:00:01] ... finding cutoff p=770 11.4% (1160 of 10203), ETA 0:00:00                              
[00:00:01] ... finding cutoff p=770 12.3% (1252 of 10203), ETA 0:00:00                              
[00:00:01] ... finding cutoff p=770 13.2% (1347 of 10203), ETA 0:00:00                              
[00:00:01] ... finding cutoff p=770 14.2% (1452 of 10203), ETA 0:00:00                              
[00:00:01] ... finding cutoff p=770 15.8% (1610 of 10203), ETA 0:00:00                              
[00:00:01] ... finding cutoff p=770 16.9% (1725 of 10203), ETA 0:00:00                              
[00:00:01] ... finding cutoff p=770 17.8% (1812 of 10203), ETA 0:00:00                              
[00:00:01] ... finding cutoff p=770 18.4% (1878 of 10203), ETA 0:00:00                              
[00:00:01] ... finding cutoff p=770 19.6% (2003 of 10203), ETA 0:00:00                              
[00:00:01] ... finding cutoff p=770 20.5% (2088 of 10203), ETA 0:00:00                              
[00:00:01] ... finding cutoff p=770 21.3% (2172 of 10203), ETA 0:00:00                              
[00:00:01] ... finding cutoff p=770 22.3% (2274 of 10203), ETA 0:00:00                              
[00:00:01] ... finding cutoff p=770 23.5% (2399 of 10203), ETA 0:00:00                              
[00:00:01] ... finding cutoff p=770 24.8% (2527 of 10203), ETA 0:00:00                              
[00:00:01] ... finding cutoff p=770 25.2% (2576 of 10203), ETA 0:00:00                              
[00:00:01] ... finding cutoff p=770 26.7% (2721 of 10203), ETA 0:00:00                              
[00:00:01] ... finding cutoff p=770 27.6% (2817 of 10203), ETA 0:00:00                              
[00:00:01] ... finding cutoff p=770 28.6% (2917 of 10203), ETA 0:00:00                              
[00:00:01] ... finding cutoff p=770 29.8% (3040 of 10203), ETA 0:00:00                              
[00:00:01] ... finding cutoff p=770 30.5% (3108 of 10203), ETA 0:00:00                              
[00:00:01] ... finding cutoff p=770 31.5% (3215 of 10203), ETA 0:00:00                              
[00:00:01] ... finding cutoff p=770 32.5% (3315 of 10203), ETA 0:00:00                              
[00:00:01] ... finding cutoff p=770 33.8% (3446 of 10203), ETA 0:00:00                              
[00:00:01] ... finding cutoff p=770 34.5% (3520 of 10203), ETA 0:00:00                              
[00:00:01] ... finding cutoff p=770 35.6% (3631 of 10203), ETA 0:00:00                              
[00:00:01] ... finding cutoff p=770 36.9% (3769 of 10203), ETA 0:00:00                              
[00:00:01] ... finding cutoff p=770 37.8% (3855 of 10203), ETA 0:00:00                              
[00:00:01] ... finding cutoff p=770 38.5% (3924 of 10203), ETA 0:00:00                              
[00:00:01] ... finding cutoff p=770 39.6% (4042 of 10203), ETA 0:00:00                              
[00:00:01] ... finding cutoff p=770 41.2% (4206 of 10203), ETA 0:00:00                              
[00:00:01] ... finding cutoff p=770 42.2% (4303 of 10203), ETA 0:00:00                              
[00:00:01] ... finding cutoff p=770 42.8% (4363 of 10203), ETA 0:00:00                              
[00:00:01] ... finding cutoff p=770 43.7% (4455 of 10203), ETA 0:00:00                              
[00:00:01] ... finding cutoff p=770 44.6% (4555 of 10203), ETA 0:00:00                              
[00:00:01] ... finding cutoff p=770 45.6% (4655 of 10203), ETA 0:00:00                              
[00:00:01] ... finding cutoff p=770 46.7% (4763 of 10203), ETA 0:00:00                              
[00:00:01] ... finding cutoff p=770 47.8% (4872 of 10203), ETA 0:00:00                              
[00:00:01] ... finding cutoff p=770 48.9% (4993 of 10203), ETA 0:00:00                              
[00:00:01] ... finding cutoff p=770 49.9% (5087 of 10203), ETA 0:00:00                              
[00:00:01] ... finding cutoff p=770 51.0% (5207 of 10203), ETA 0:00:00                              
[00:00:01] ... finding cutoff p=770 51.7% (5275 of 10203), ETA 0:00:00                              
[00:00:01] ... finding cutoff p=770 52.8% (5388 of 10203), ETA 0:00:00                              
[00:00:01] ... finding cutoff p=770 53.9% (5496 of 10203), ETA 0:00:00                              
[00:00:01] ... finding cutoff p=770 54.9% (5604 of 10203), ETA 0:00:00                              
[00:00:01] ... finding cutoff p=770 55.7% (5683 of 10203), ETA 0:00:00                              
[00:00:01] ... finding cutoff p=770 56.5% (5769 of 10203), ETA 0:00:00                              
[00:00:01] ... finding cutoff p=770 57.6% (5873 of 10203), ETA 0:00:00                              
[00:00:01] ... finding cutoff p=770 58.7% (5989 of 10203), ETA 0:00:00                              
[00:00:01] ... finding cutoff p=770 59.7% (6094 of 10203), ETA 0:00:00                              
[00:00:01] ... finding cutoff p=770 60.6% (6185 of 10203), ETA 0:00:00                              
[00:00:01] ... finding cutoff p=770 61.7% (6299 of 10203), ETA 0:00:00                              
[00:00:01] ... finding cutoff p=770 62.7% (6395 of 10203), ETA 0:00:00                              
[00:00:01] ... finding cutoff p=770 63.8% (6513 of 10203), ETA 0:00:00                              
[00:00:01] ... finding cutoff p=770 64.8% (6611 of 10203), ETA 0:00:00                              
[00:00:01] ... finding cutoff p=770 65.6% (6696 of 10203), ETA 0:00:00                              
[00:00:01] ... finding cutoff p=770 66.7% (6807 of 10203), ETA 0:00:00                              
[00:00:01] ... finding cutoff p=770 67.8% (6919 of 10203), ETA 0:00:00                              
[00:00:01] ... finding cutoff p=770 68.7% (7009 of 10203), ETA 0:00:00                              
[00:00:01] ... finding cutoff p=770 69.8% (7123 of 10203), ETA 0:00:00                              
[00:00:01] ... finding cutoff p=770 70.9% (7229 of 10203), ETA 0:00:00                              
[00:00:01] ... finding cutoff p=770 71.9% (7336 of 10203), ETA 0:00:00                              
[00:00:01] ... finding cutoff p=770 72.8% (7425 of 10203), ETA 0:00:00                              
[00:00:01] ... finding cutoff p=770 73.7% (7523 of 10203), ETA 0:00:00                              
[00:00:01] ... finding cutoff p=770 74.8% (7627 of 10203), ETA 0:00:00                              
[00:00:01] ... finding cutoff p=770 75.8% (7730 of 10203), ETA 0:00:00                              
[00:00:01] ... finding cutoff p=770 76.8% (7839 of 10203), ETA 0:00:00                              
[00:00:01] ... finding cutoff p=770 77.8% (7941 of 10203), ETA 0:00:00                              
[00:00:01] ... finding cutoff p=770 78.8% (8041 of 10203), ETA 0:00:00                              
[00:00:01] ... finding cutoff p=770 79.8% (8139 of 10203), ETA 0:00:00                              
[00:00:01] ... finding cutoff p=770 80.9% (8259 of 10203), ETA 0:00:00                              
[00:00:01] ... finding cutoff p=770 81.8% (8347 of 10203), ETA 0:00:00                              
[00:00:01] ... finding cutoff p=770 82.9% (8458 of 10203), ETA 0:00:00                              
[00:00:01] ... finding cutoff p=770 83.9% (8563 of 10203), ETA 0:00:00                              
[00:00:01] ... finding cutoff p=770 84.9% (8665 of 10203), ETA 0:00:00                              
[00:00:01] ... finding cutoff p=770 85.9% (8764 of 10203), ETA 0:00:00                              
[00:00:01] ... finding cutoff p=770 86.9% (8871 of 10203), ETA 0:00:00                              
[00:00:01] ... finding cutoff p=770 87.9% (8970 of 10203), ETA 0:00:00                              
[00:00:01] ... finding cutoff p=770 88.9% (9073 of 10203), ETA 0:00:00                              
[00:00:01] ... finding cutoff p=770 90.0% (9180 of 10203), ETA 0:00:00                              
[00:00:01] ... finding cutoff p=770 91.0% (9280 of 10203), ETA 0:00:00                              
[00:00:01] ... finding cutoff p=770 91.9% (9377 of 10203), ETA 0:00:00                              
[00:00:01] ... finding cutoff p=770 92.9% (9478 of 10203), ETA 0:00:00                              
[00:00:01] ... finding cutoff p=770 93.9% (9579 of 10203), ETA 0:00:00                              
[00:00:01] ... finding cutoff p=770 94.9% (9685 of 10203), ETA 0:00:00                              
[00:00:01] ... finding cutoff p=770 96.0% (9794 of 10203), ETA 0:00:00                              
[00:00:01] ... finding cutoff p=770 96.9% (9889 of 10203), ETA 0:00:00                              
[00:00:01] ... finding cutoff p=770 98.0% (9994 of 10203), ETA 0:00:00                              
[00:00:01] ... finding cutoff p=770 98.9% (10094 of 10203), ETA 0:00:00                              
[00:00:01] ... finding cutoff p=770 99.9% (10197 of 10203), ETA 0:00:00                              
[00:00:01] Preparing TNF Graph Building [pTNF = 77.0; 8960 / 10203 (P = 87.82%) round 40]               
[00:00:01] Finding cutoff p=760 [-97.9Gb / 1007.8Gb]                                                     
[00:00:01] ... finding cutoff p=760 1.4% (144 of 10203), ETA 0:00:00                              
[00:00:01] ... finding cutoff p=760 2.4% (240 of 10203), ETA 0:00:00                              
[00:00:01] ... finding cutoff p=760 3.2% (328 of 10203), ETA 0:00:00                              
[00:00:01] ... finding cutoff p=760 4.7% (476 of 10203), ETA 0:00:00                              
[00:00:01] ... finding cutoff p=760 5.5% (557 of 10203), ETA 0:00:00                              
[00:00:01] ... finding cutoff p=760 6.2% (635 of 10203), ETA 0:00:00                              
[00:00:01] ... finding cutoff p=760 7.6% (775 of 10203), ETA 0:00:00                              
[00:00:01] ... finding cutoff p=760 8.5% (866 of 10203), ETA 0:00:00                              
[00:00:01] ... finding cutoff p=760 9.3% (948 of 10203), ETA 0:00:00                              
[00:00:01] ... finding cutoff p=760 10.3% (1052 of 10203), ETA 0:00:00                              
[00:00:01] ... finding cutoff p=760 11.9% (1210 of 10203), ETA 0:00:00                              
[00:00:01] ... finding cutoff p=760 13.2% (1346 of 10203), ETA 0:00:00                              
[00:00:01] ... finding cutoff p=760 14.5% (1482 of 10203), ETA 0:00:00                              
[00:00:01] ... finding cutoff p=760 15.7% (1597 of 10203), ETA 0:00:00                              
[00:00:01] ... finding cutoff p=760 17.1% (1745 of 10203), ETA 0:00:00                              
[00:00:01] ... finding cutoff p=760 17.9% (1827 of 10203), ETA 0:00:00                              
[00:00:01] ... finding cutoff p=760 18.8% (1920 of 10203), ETA 0:00:00                              
[00:00:01] ... finding cutoff p=760 19.8% (2023 of 10203), ETA 0:00:00                              
[00:00:01] ... finding cutoff p=760 20.5% (2091 of 10203), ETA 0:00:00                              
[00:00:01] ... finding cutoff p=760 21.4% (2183 of 10203), ETA 0:00:00                              
[00:00:01] ... finding cutoff p=760 22.6% (2308 of 10203), ETA 0:00:00                              
[00:00:01] ... finding cutoff p=760 23.4% (2388 of 10203), ETA 0:00:00                              
[00:00:01] ... finding cutoff p=760 24.5% (2504 of 10203), ETA 0:00:00                              
[00:00:01] ... finding cutoff p=760 25.8% (2629 of 10203), ETA 0:00:00                              
[00:00:01] ... finding cutoff p=760 26.4% (2696 of 10203), ETA 0:00:00                              
[00:00:01] ... finding cutoff p=760 27.8% (2836 of 10203), ETA 0:00:00                              
[00:00:01] ... finding cutoff p=760 28.7% (2926 of 10203), ETA 0:00:00                              
[00:00:01] ... finding cutoff p=760 29.4% (2997 of 10203), ETA 0:00:00                              
[00:00:01] ... finding cutoff p=760 30.7% (3137 of 10203), ETA 0:00:00                              
[00:00:01] ... finding cutoff p=760 31.4% (3208 of 10203), ETA 0:00:00                              
[00:00:01] ... finding cutoff p=760 32.5% (3312 of 10203), ETA 0:00:00                              
[00:00:01] ... finding cutoff p=760 33.5% (3423 of 10203), ETA 0:00:00                              
[00:00:01] ... finding cutoff p=760 34.6% (3526 of 10203), ETA 0:00:00                              
[00:00:01] ... finding cutoff p=760 35.4% (3614 of 10203), ETA 0:00:00                              
[00:00:01] ... finding cutoff p=760 36.4% (3715 of 10203), ETA 0:00:00                              
[00:00:01] ... finding cutoff p=760 37.4% (3818 of 10203), ETA 0:00:00                              
[00:00:01] ... finding cutoff p=760 38.8% (3961 of 10203), ETA 0:00:00                              
[00:00:01] ... finding cutoff p=760 39.7% (4053 of 10203), ETA 0:00:00                              
[00:00:01] ... finding cutoff p=760 40.8% (4161 of 10203), ETA 0:00:00                              
[00:00:01] ... finding cutoff p=760 41.5% (4230 of 10203), ETA 0:00:00                              
[00:00:01] ... finding cutoff p=760 42.6% (4351 of 10203), ETA 0:00:00                              
[00:00:01] ... finding cutoff p=760 43.8% (4469 of 10203), ETA 0:00:00                              
[00:00:01] ... finding cutoff p=760 44.9% (4583 of 10203), ETA 0:00:00                              
[00:00:01] ... finding cutoff p=760 45.8% (4676 of 10203), ETA 0:00:00                              
[00:00:01] ... finding cutoff p=760 46.5% (4742 of 10203), ETA 0:00:00                              
[00:00:01] ... finding cutoff p=760 47.7% (4867 of 10203), ETA 0:00:00                              
[00:00:01] ... finding cutoff p=760 48.8% (4982 of 10203), ETA 0:00:00                              
[00:00:01] ... finding cutoff p=760 49.7% (5072 of 10203), ETA 0:00:00                              
[00:00:01] ... finding cutoff p=760 50.8% (5186 of 10203), ETA 0:00:00                              
[00:00:01] ... finding cutoff p=760 51.8% (5289 of 10203), ETA 0:00:00                              
[00:00:01] ... finding cutoff p=760 52.8% (5392 of 10203), ETA 0:00:00                              
[00:00:01] ... finding cutoff p=760 53.8% (5490 of 10203), ETA 0:00:00                              
[00:00:01] ... finding cutoff p=760 54.7% (5580 of 10203), ETA 0:00:00                              
[00:00:01] ... finding cutoff p=760 55.5% (5666 of 10203), ETA 0:00:00                              
[00:00:01] ... finding cutoff p=760 56.6% (5775 of 10203), ETA 0:00:00                              
[00:00:01] ... finding cutoff p=760 57.9% (5903 of 10203), ETA 0:00:00                              
[00:00:01] ... finding cutoff p=760 58.8% (5995 of 10203), ETA 0:00:00                              
[00:00:01] ... finding cutoff p=760 59.7% (6089 of 10203), ETA 0:00:00                              
[00:00:01] ... finding cutoff p=760 60.9% (6209 of 10203), ETA 0:00:00                              
[00:00:01] ... finding cutoff p=760 61.8% (6308 of 10203), ETA 0:00:00                              
[00:00:01] ... finding cutoff p=760 62.7% (6397 of 10203), ETA 0:00:00                              
[00:00:01] ... finding cutoff p=760 63.9% (6524 of 10203), ETA 0:00:00                              
[00:00:01] ... finding cutoff p=760 64.8% (6614 of 10203), ETA 0:00:00                              
[00:00:01] ... finding cutoff p=760 65.9% (6720 of 10203), ETA 0:00:00                              
[00:00:01] ... finding cutoff p=760 66.8% (6815 of 10203), ETA 0:00:00                              
[00:00:01] ... finding cutoff p=760 67.8% (6922 of 10203), ETA 0:00:00                              
[00:00:01] ... finding cutoff p=760 68.7% (7005 of 10203), ETA 0:00:00                              
[00:00:01] ... finding cutoff p=760 69.7% (7115 of 10203), ETA 0:00:00                              
[00:00:01] ... finding cutoff p=760 70.8% (7223 of 10203), ETA 0:00:00                              
[00:00:01] ... finding cutoff p=760 71.7% (7316 of 10203), ETA 0:00:00                              
[00:00:01] ... finding cutoff p=760 72.8% (7426 of 10203), ETA 0:00:00                              
[00:00:01] ... finding cutoff p=760 73.8% (7525 of 10203), ETA 0:00:00                              
[00:00:01] ... finding cutoff p=760 74.8% (7627 of 10203), ETA 0:00:00                              
[00:00:01] ... finding cutoff p=760 75.7% (7726 of 10203), ETA 0:00:00                              
[00:00:01] ... finding cutoff p=760 76.9% (7847 of 10203), ETA 0:00:00                              
[00:00:01] ... finding cutoff p=760 77.8% (7942 of 10203), ETA 0:00:00                              
[00:00:01] ... finding cutoff p=760 78.8% (8045 of 10203), ETA 0:00:00                              
[00:00:01] ... finding cutoff p=760 79.8% (8138 of 10203), ETA 0:00:00                              
[00:00:01] ... finding cutoff p=760 80.8% (8249 of 10203), ETA 0:00:00                              
[00:00:01] ... finding cutoff p=760 81.9% (8357 of 10203), ETA 0:00:00                              
[00:00:01] ... finding cutoff p=760 82.9% (8457 of 10203), ETA 0:00:00                              
[00:00:01] ... finding cutoff p=760 83.9% (8557 of 10203), ETA 0:00:00                              
[00:00:01] ... finding cutoff p=760 84.8% (8653 of 10203), ETA 0:00:00                              
[00:00:01] ... finding cutoff p=760 85.9% (8766 of 10203), ETA 0:00:00                              
[00:00:01] ... finding cutoff p=760 86.8% (8858 of 10203), ETA 0:00:00                              
[00:00:01] ... finding cutoff p=760 87.9% (8967 of 10203), ETA 0:00:00                              
[00:00:01] ... finding cutoff p=760 88.8% (9065 of 10203), ETA 0:00:00                              
[00:00:01] ... finding cutoff p=760 89.8% (9167 of 10203), ETA 0:00:00                              
[00:00:01] ... finding cutoff p=760 90.9% (9276 of 10203), ETA 0:00:00                              
[00:00:01] ... finding cutoff p=760 91.9% (9373 of 10203), ETA 0:00:00                              
[00:00:01] ... finding cutoff p=760 92.9% (9477 of 10203), ETA 0:00:00                              
[00:00:01] ... finding cutoff p=760 93.9% (9582 of 10203), ETA 0:00:00                              
[00:00:01] ... finding cutoff p=760 95.0% (9688 of 10203), ETA 0:00:00                              
[00:00:01] ... finding cutoff p=760 95.9% (9787 of 10203), ETA 0:00:00                              
[00:00:01] ... finding cutoff p=760 97.0% (9892 of 10203), ETA 0:00:00                              
[00:00:01] ... finding cutoff p=760 97.9% (9992 of 10203), ETA 0:00:00                              
[00:00:01] ... finding cutoff p=760 98.9% (10094 of 10203), ETA 0:00:00                              
[00:00:01] ... finding cutoff p=760 99.9% (10197 of 10203), ETA 0:00:00                              
[00:00:01] Preparing TNF Graph Building [pTNF = 76.0; 9046 / 10203 (P = 88.66%) round 41]               
[00:00:01] Finding cutoff p=749 [-97.9Gb / 1007.8Gb]                                                     
[00:00:01] ... finding cutoff p=749 1.4% (140 of 10203), ETA 0:00:00                              
[00:00:01] ... finding cutoff p=749 3.0% (301 of 10203), ETA 0:00:00                              
[00:00:01] ... finding cutoff p=749 3.6% (371 of 10203), ETA 0:00:00                              
[00:00:01] ... finding cutoff p=749 4.4% (446 of 10203), ETA 0:00:00                              
[00:00:01] ... finding cutoff p=749 5.3% (537 of 10203), ETA 0:00:00                              
[00:00:01] ... finding cutoff p=749 6.6% (671 of 10203), ETA 0:00:00                              
[00:00:01] ... finding cutoff p=749 7.5% (770 of 10203), ETA 0:00:00                              
[00:00:01] ... finding cutoff p=749 8.2% (841 of 10203), ETA 0:00:00                              
[00:00:01] ... finding cutoff p=749 9.2% (935 of 10203), ETA 0:00:00                              
[00:00:01] ... finding cutoff p=749 10.7% (1089 of 10203), ETA 0:00:00                              
[00:00:01] ... finding cutoff p=749 11.7% (1197 of 10203), ETA 0:00:00                              
[00:00:01] ... finding cutoff p=749 12.7% (1295 of 10203), ETA 0:00:00                              
[00:00:01] ... finding cutoff p=749 13.6% (1387 of 10203), ETA 0:00:00                              
[00:00:01] ... finding cutoff p=749 14.7% (1501 of 10203), ETA 0:00:00                              
[00:00:01] ... finding cutoff p=749 15.6% (1595 of 10203), ETA 0:00:00                              
[00:00:01] ... finding cutoff p=749 16.3% (1662 of 10203), ETA 0:00:00                              
[00:00:01] ... finding cutoff p=749 17.7% (1804 of 10203), ETA 0:00:00                              
[00:00:01] ... finding cutoff p=749 18.8% (1922 of 10203), ETA 0:00:00                              
[00:00:01] ... finding cutoff p=749 19.7% (2009 of 10203), ETA 0:00:00                              
[00:00:01] ... finding cutoff p=749 20.2% (2064 of 10203), ETA 0:00:00                              
[00:00:01] ... finding cutoff p=749 21.5% (2189 of 10203), ETA 0:00:00                              
[00:00:01] ... finding cutoff p=749 22.8% (2324 of 10203), ETA 0:00:00                              
[00:00:01] ... finding cutoff p=749 23.5% (2396 of 10203), ETA 0:00:00                              
[00:00:01] ... finding cutoff p=749 24.2% (2473 of 10203), ETA 0:00:00                              
[00:00:01] ... finding cutoff p=749 25.3% (2577 of 10203), ETA 0:00:00                              
[00:00:01] ... finding cutoff p=749 26.9% (2748 of 10203), ETA 0:00:00                              
[00:00:01] ... finding cutoff p=749 27.7% (2831 of 10203), ETA 0:00:00                              
[00:00:01] ... finding cutoff p=749 28.4% (2900 of 10203), ETA 0:00:00                              
[00:00:01] ... finding cutoff p=749 29.6% (3015 of 10203), ETA 0:00:00                              
[00:00:01] ... finding cutoff p=749 30.7% (3136 of 10203), ETA 0:00:00                              
[00:00:01] ... finding cutoff p=749 31.8% (3240 of 10203), ETA 0:00:00                              
[00:00:01] ... finding cutoff p=749 32.3% (3298 of 10203), ETA 0:00:00                              
[00:00:01] ... finding cutoff p=749 33.4% (3403 of 10203), ETA 0:00:00                              
[00:00:01] ... finding cutoff p=749 34.4% (3510 of 10203), ETA 0:00:00                              
[00:00:01] ... finding cutoff p=749 35.6% (3632 of 10203), ETA 0:00:00                              
[00:00:01] ... finding cutoff p=749 36.8% (3756 of 10203), ETA 0:00:00                              
[00:00:01] ... finding cutoff p=749 37.6% (3839 of 10203), ETA 0:00:00                              
[00:00:01] ... finding cutoff p=749 38.6% (3940 of 10203), ETA 0:00:00                              
[00:00:01] ... finding cutoff p=749 40.0% (4078 of 10203), ETA 0:00:00                              
[00:00:01] ... finding cutoff p=749 40.8% (4161 of 10203), ETA 0:00:00                              
[00:00:01] ... finding cutoff p=749 41.7% (4251 of 10203), ETA 0:00:00                              
[00:00:01] ... finding cutoff p=749 42.7% (4358 of 10203), ETA 0:00:00                              
[00:00:01] ... finding cutoff p=749 43.4% (4432 of 10203), ETA 0:00:00                              
[00:00:01] ... finding cutoff p=749 44.8% (4568 of 10203), ETA 0:00:00                              
[00:00:01] ... finding cutoff p=749 45.4% (4636 of 10203), ETA 0:00:00                              
[00:00:01] ... finding cutoff p=749 46.7% (4761 of 10203), ETA 0:00:00                              
[00:00:01] ... finding cutoff p=749 48.0% (4896 of 10203), ETA 0:00:00                              
[00:00:01] ... finding cutoff p=749 48.6% (4955 of 10203), ETA 0:00:00                              
[00:00:01] ... finding cutoff p=749 49.5% (5051 of 10203), ETA 0:00:00                              
[00:00:01] ... finding cutoff p=749 50.5% (5154 of 10203), ETA 0:00:00                              
[00:00:01] ... finding cutoff p=749 51.6% (5269 of 10203), ETA 0:00:00                              
[00:00:01] ... finding cutoff p=749 52.7% (5377 of 10203), ETA 0:00:00                              
[00:00:01] ... finding cutoff p=749 53.7% (5474 of 10203), ETA 0:00:00                              
[00:00:01] ... finding cutoff p=749 54.7% (5577 of 10203), ETA 0:00:00                              
[00:00:01] ... finding cutoff p=749 55.7% (5686 of 10203), ETA 0:00:00                              
[00:00:01] ... finding cutoff p=749 56.8% (5797 of 10203), ETA 0:00:00                              
[00:00:01] ... finding cutoff p=749 57.7% (5887 of 10203), ETA 0:00:00                              
[00:00:01] ... finding cutoff p=749 58.6% (5984 of 10203), ETA 0:00:00                              
[00:00:01] ... finding cutoff p=749 59.9% (6115 of 10203), ETA 0:00:00                              
[00:00:01] ... finding cutoff p=749 60.9% (6209 of 10203), ETA 0:00:00                              
[00:00:01] ... finding cutoff p=749 61.7% (6299 of 10203), ETA 0:00:00                              
[00:00:01] ... finding cutoff p=749 62.6% (6386 of 10203), ETA 0:00:00                              
[00:00:01] ... finding cutoff p=749 63.7% (6499 of 10203), ETA 0:00:00                              
[00:00:01] ... finding cutoff p=749 64.6% (6594 of 10203), ETA 0:00:00                              
[00:00:01] ... finding cutoff p=749 65.7% (6708 of 10203), ETA 0:00:00                              
[00:00:01] ... finding cutoff p=749 66.8% (6817 of 10203), ETA 0:00:00                              
[00:00:01] ... finding cutoff p=749 67.7% (6906 of 10203), ETA 0:00:00                              
[00:00:01] ... finding cutoff p=749 68.8% (7022 of 10203), ETA 0:00:00                              
[00:00:01] ... finding cutoff p=749 69.8% (7117 of 10203), ETA 0:00:00                              
[00:00:01] ... finding cutoff p=749 70.8% (7227 of 10203), ETA 0:00:00                              
[00:00:01] ... finding cutoff p=749 71.8% (7325 of 10203), ETA 0:00:00                              
[00:00:01] ... finding cutoff p=749 72.7% (7417 of 10203), ETA 0:00:00                              
[00:00:01] ... finding cutoff p=749 74.0% (7546 of 10203), ETA 0:00:00                              
[00:00:01] ... finding cutoff p=749 74.9% (7642 of 10203), ETA 0:00:00                              
[00:00:01] ... finding cutoff p=749 75.7% (7725 of 10203), ETA 0:00:00                              
[00:00:01] ... finding cutoff p=749 76.8% (7837 of 10203), ETA 0:00:00                              
[00:00:01] ... finding cutoff p=749 77.9% (7947 of 10203), ETA 0:00:00                              
[00:00:01] ... finding cutoff p=749 78.8% (8045 of 10203), ETA 0:00:00                              
[00:00:01] ... finding cutoff p=749 79.8% (8141 of 10203), ETA 0:00:00                              
[00:00:01] ... finding cutoff p=749 80.8% (8243 of 10203), ETA 0:00:00                              
[00:00:01] ... finding cutoff p=749 81.8% (8349 of 10203), ETA 0:00:00                              
[00:00:01] ... finding cutoff p=749 82.9% (8459 of 10203), ETA 0:00:00                              
[00:00:01] ... finding cutoff p=749 83.8% (8550 of 10203), ETA 0:00:00                              
[00:00:01] ... finding cutoff p=749 84.9% (8667 of 10203), ETA 0:00:00                              
[00:00:01] ... finding cutoff p=749 86.0% (8770 of 10203), ETA 0:00:00                              
[00:00:01] ... finding cutoff p=749 86.9% (8864 of 10203), ETA 0:00:00                              
[00:00:01] ... finding cutoff p=749 87.8% (8962 of 10203), ETA 0:00:00                              
[00:00:01] ... finding cutoff p=749 88.9% (9073 of 10203), ETA 0:00:00                              
[00:00:01] ... finding cutoff p=749 89.9% (9176 of 10203), ETA 0:00:00                              
[00:00:01] ... finding cutoff p=749 90.9% (9278 of 10203), ETA 0:00:00                              
[00:00:01] ... finding cutoff p=749 92.0% (9384 of 10203), ETA 0:00:00                              
[00:00:01] ... finding cutoff p=749 92.9% (9476 of 10203), ETA 0:00:00                              
[00:00:01] ... finding cutoff p=749 93.9% (9579 of 10203), ETA 0:00:00                              
[00:00:01] ... finding cutoff p=749 94.9% (9686 of 10203), ETA 0:00:00                              
[00:00:01] ... finding cutoff p=749 96.0% (9790 of 10203), ETA 0:00:00                              
[00:00:01] ... finding cutoff p=749 96.9% (9891 of 10203), ETA 0:00:00                              
[00:00:01] ... finding cutoff p=749 97.9% (9993 of 10203), ETA 0:00:00                              
[00:00:01] ... finding cutoff p=749 98.9% (10094 of 10203), ETA 0:00:00                              
[00:00:01] ... finding cutoff p=749 99.9% (10197 of 10203), ETA 0:00:00                              
[00:00:01] Preparing TNF Graph Building [pTNF = 74.9; 9148 / 10203 (P = 89.66%) round 42]               
[00:00:01] Finding cutoff p=740 [-97.9Gb / 1007.8Gb]                                                     
[00:00:01] ... finding cutoff p=740 1.5% (148 of 10203), ETA 0:00:00                              
[00:00:01] ... finding cutoff p=740 2.5% (251 of 10203), ETA 0:00:00                              
[00:00:01] ... finding cutoff p=740 3.2% (326 of 10203), ETA 0:00:00                              
[00:00:01] ... finding cutoff p=740 4.0% (413 of 10203), ETA 0:00:00                              
[00:00:01] ... finding cutoff p=740 5.5% (559 of 10203), ETA 0:00:00                              
[00:00:01] ... finding cutoff p=740 6.2% (631 of 10203), ETA 0:00:00                              
[00:00:01] ... finding cutoff p=740 7.4% (757 of 10203), ETA 0:00:00                              
[00:00:01] ... finding cutoff p=740 8.2% (841 of 10203), ETA 0:00:00                              
[00:00:01] ... finding cutoff p=740 9.7% (992 of 10203), ETA 0:00:00                              
[00:00:01] ... finding cutoff p=740 10.6% (1080 of 10203), ETA 0:00:00                              
[00:00:01] ... finding cutoff p=740 11.5% (1172 of 10203), ETA 0:00:00                              
[00:00:01] ... finding cutoff p=740 12.4% (1264 of 10203), ETA 0:00:00                              
[00:00:01] ... finding cutoff p=740 13.3% (1361 of 10203), ETA 0:00:00                              
[00:00:01] ... finding cutoff p=740 14.6% (1486 of 10203), ETA 0:00:00                              
[00:00:01] ... finding cutoff p=740 15.3% (1563 of 10203), ETA 0:00:00                              
[00:00:01] ... finding cutoff p=740 16.4% (1670 of 10203), ETA 0:00:00                              
[00:00:01] ... finding cutoff p=740 17.2% (1754 of 10203), ETA 0:00:00                              
[00:00:01] ... finding cutoff p=740 18.6% (1901 of 10203), ETA 0:00:00                              
[00:00:01] ... finding cutoff p=740 19.7% (2011 of 10203), ETA 0:00:00                              
[00:00:01] ... finding cutoff p=740 20.8% (2121 of 10203), ETA 0:00:00                              
[00:00:01] ... finding cutoff p=740 21.5% (2191 of 10203), ETA 0:00:00                              
[00:00:01] ... finding cutoff p=740 22.6% (2301 of 10203), ETA 0:00:00                              
[00:00:01] ... finding cutoff p=740 23.8% (2433 of 10203), ETA 0:00:00                              
[00:00:01] ... finding cutoff p=740 24.5% (2504 of 10203), ETA 0:00:00                              
[00:00:01] ... finding cutoff p=740 25.3% (2584 of 10203), ETA 0:00:00                              
[00:00:01] ... finding cutoff p=740 26.6% (2710 of 10203), ETA 0:00:00                              
[00:00:01] ... finding cutoff p=740 27.4% (2795 of 10203), ETA 0:00:00                              
[00:00:01] ... finding cutoff p=740 28.5% (2912 of 10203), ETA 0:00:00                              
[00:00:01] ... finding cutoff p=740 30.0% (3061 of 10203), ETA 0:00:00                              
[00:00:01] ... finding cutoff p=740 30.8% (3146 of 10203), ETA 0:00:00                              
[00:00:01] ... finding cutoff p=740 31.6% (3225 of 10203), ETA 0:00:00                              
[00:00:01] ... finding cutoff p=740 32.5% (3317 of 10203), ETA 0:00:00                              
[00:00:01] ... finding cutoff p=740 33.6% (3433 of 10203), ETA 0:00:00                              
[00:00:01] ... finding cutoff p=740 34.8% (3552 of 10203), ETA 0:00:00                              
[00:00:01] ... finding cutoff p=740 35.5% (3624 of 10203), ETA 0:00:00                              
[00:00:01] ... finding cutoff p=740 36.6% (3735 of 10203), ETA 0:00:00                              
[00:00:01] ... finding cutoff p=740 37.4% (3814 of 10203), ETA 0:00:00                              
[00:00:01] ... finding cutoff p=740 38.6% (3934 of 10203), ETA 0:00:00                              
[00:00:01] ... finding cutoff p=740 39.7% (4048 of 10203), ETA 0:00:00                              
[00:00:01] ... finding cutoff p=740 40.4% (4121 of 10203), ETA 0:00:00                              
[00:00:01] ... finding cutoff p=740 41.5% (4234 of 10203), ETA 0:00:00                              
[00:00:01] ... finding cutoff p=740 42.6% (4347 of 10203), ETA 0:00:00                              
[00:00:01] ... finding cutoff p=740 43.5% (4442 of 10203), ETA 0:00:00                              
[00:00:01] ... finding cutoff p=740 44.4% (4532 of 10203), ETA 0:00:00                              
[00:00:01] ... finding cutoff p=740 45.8% (4671 of 10203), ETA 0:00:00                              
[00:00:01] ... finding cutoff p=740 46.8% (4780 of 10203), ETA 0:00:00                              
[00:00:01] ... finding cutoff p=740 47.9% (4888 of 10203), ETA 0:00:00                              
[00:00:01] ... finding cutoff p=740 48.9% (4987 of 10203), ETA 0:00:00                              
[00:00:01] ... finding cutoff p=740 49.8% (5085 of 10203), ETA 0:00:00                              
[00:00:01] ... finding cutoff p=740 50.5% (5153 of 10203), ETA 0:00:00                              
[00:00:01] ... finding cutoff p=740 51.8% (5287 of 10203), ETA 0:00:00                              
[00:00:01] ... finding cutoff p=740 52.9% (5397 of 10203), ETA 0:00:00                              
[00:00:01] ... finding cutoff p=740 53.9% (5497 of 10203), ETA 0:00:00                              
[00:00:01] ... finding cutoff p=740 54.8% (5588 of 10203), ETA 0:00:00                              
[00:00:01] ... finding cutoff p=740 55.7% (5678 of 10203), ETA 0:00:00                              
[00:00:01] ... finding cutoff p=740 56.6% (5779 of 10203), ETA 0:00:00                              
[00:00:01] ... finding cutoff p=740 57.6% (5873 of 10203), ETA 0:00:00                              
[00:00:01] ... finding cutoff p=740 58.7% (5986 of 10203), ETA 0:00:00                              
[00:00:01] ... finding cutoff p=740 59.7% (6088 of 10203), ETA 0:00:00                              
[00:00:01] ... finding cutoff p=740 60.8% (6200 of 10203), ETA 0:00:00                              
[00:00:01] ... finding cutoff p=740 61.8% (6301 of 10203), ETA 0:00:00                              
[00:00:01] ... finding cutoff p=740 62.7% (6395 of 10203), ETA 0:00:00                              
[00:00:01] ... finding cutoff p=740 63.9% (6521 of 10203), ETA 0:00:00                              
[00:00:01] ... finding cutoff p=740 64.9% (6626 of 10203), ETA 0:00:00                              
[00:00:01] ... finding cutoff p=740 65.9% (6720 of 10203), ETA 0:00:00                              
[00:00:01] ... finding cutoff p=740 66.7% (6802 of 10203), ETA 0:00:00                              
[00:00:01] ... finding cutoff p=740 67.7% (6912 of 10203), ETA 0:00:00                              
[00:00:01] ... finding cutoff p=740 68.9% (7025 of 10203), ETA 0:00:00                              
[00:00:01] ... finding cutoff p=740 69.7% (7116 of 10203), ETA 0:00:00                              
[00:00:01] ... finding cutoff p=740 70.9% (7230 of 10203), ETA 0:00:00                              
[00:00:01] ... finding cutoff p=740 71.8% (7328 of 10203), ETA 0:00:00                              
[00:00:01] ... finding cutoff p=740 72.8% (7426 of 10203), ETA 0:00:00                              
[00:00:01] ... finding cutoff p=740 73.9% (7535 of 10203), ETA 0:00:00                              
[00:00:01] ... finding cutoff p=740 74.9% (7637 of 10203), ETA 0:00:00                              
[00:00:01] ... finding cutoff p=740 76.0% (7750 of 10203), ETA 0:00:00                              
[00:00:01] ... finding cutoff p=740 76.8% (7836 of 10203), ETA 0:00:00                              
[00:00:01] ... finding cutoff p=740 78.0% (7955 of 10203), ETA 0:00:00                              
[00:00:01] ... finding cutoff p=740 78.8% (8038 of 10203), ETA 0:00:00                              
[00:00:01] ... finding cutoff p=740 79.8% (8139 of 10203), ETA 0:00:00                              
[00:00:01] ... finding cutoff p=740 80.8% (8249 of 10203), ETA 0:00:00                              
[00:00:01] ... finding cutoff p=740 81.9% (8354 of 10203), ETA 0:00:00                              
[00:00:01] ... finding cutoff p=740 82.9% (8456 of 10203), ETA 0:00:00                              
[00:00:01] ... finding cutoff p=740 83.9% (8561 of 10203), ETA 0:00:00                              
[00:00:01] ... finding cutoff p=740 84.9% (8664 of 10203), ETA 0:00:00                              
[00:00:01] ... finding cutoff p=740 85.9% (8761 of 10203), ETA 0:00:00                              
[00:00:01] ... finding cutoff p=740 86.9% (8870 of 10203), ETA 0:00:00                              
[00:00:01] ... finding cutoff p=740 87.8% (8961 of 10203), ETA 0:00:00                              
[00:00:01] ... finding cutoff p=740 89.0% (9077 of 10203), ETA 0:00:00                              
[00:00:01] ... finding cutoff p=740 89.9% (9174 of 10203), ETA 0:00:00                              
[00:00:01] ... finding cutoff p=740 90.9% (9276 of 10203), ETA 0:00:00                              
[00:00:01] ... finding cutoff p=740 91.9% (9378 of 10203), ETA 0:00:00                              
[00:00:01] ... finding cutoff p=740 92.9% (9479 of 10203), ETA 0:00:00                              
[00:00:01] ... finding cutoff p=740 94.0% (9586 of 10203), ETA 0:00:00                              
[00:00:01] ... finding cutoff p=740 94.9% (9683 of 10203), ETA 0:00:00                              
[00:00:01] ... finding cutoff p=740 95.9% (9787 of 10203), ETA 0:00:00                              
[00:00:01] ... finding cutoff p=740 97.0% (9893 of 10203), ETA 0:00:00                              
[00:00:01] ... finding cutoff p=740 97.9% (9992 of 10203), ETA 0:00:00                              
[00:00:01] ... finding cutoff p=740 98.9% (10094 of 10203), ETA 0:00:00                              
[00:00:01] ... finding cutoff p=740 99.9% (10197 of 10203), ETA 0:00:00                              
[00:00:01] Preparing TNF Graph Building [pTNF = 74.0; 9240 / 10203 (P = 90.56%) round 43]               
[00:00:01] Finding cutoff p=731 [-97.9Gb / 1007.8Gb]                                                     
[00:00:01] ... finding cutoff p=731 1.3% (135 of 10203), ETA 0:00:00                              
[00:00:01] ... finding cutoff p=731 2.3% (238 of 10203), ETA 0:00:00                              
[00:00:01] ... finding cutoff p=731 3.7% (374 of 10203), ETA 0:00:00                              
[00:00:01] ... finding cutoff p=731 4.6% (471 of 10203), ETA 0:00:00                              
[00:00:01] ... finding cutoff p=731 5.6% (568 of 10203), ETA 0:00:00                              
[00:00:01] ... finding cutoff p=731 6.3% (647 of 10203), ETA 0:00:00                              
[00:00:01] ... finding cutoff p=731 7.6% (772 of 10203), ETA 0:00:00                              
[00:00:01] ... finding cutoff p=731 8.4% (862 of 10203), ETA 0:00:00                              
[00:00:01] ... finding cutoff p=731 9.2% (940 of 10203), ETA 0:00:00                              
[00:00:01] ... finding cutoff p=731 10.7% (1092 of 10203), ETA 0:00:00                              
[00:00:01] ... finding cutoff p=731 11.7% (1189 of 10203), ETA 0:00:00                              
[00:00:01] ... finding cutoff p=731 12.6% (1284 of 10203), ETA 0:00:00                              
[00:00:01] ... finding cutoff p=731 13.5% (1382 of 10203), ETA 0:00:00                              
[00:00:01] ... finding cutoff p=731 14.7% (1499 of 10203), ETA 0:00:00                              
[00:00:01] ... finding cutoff p=731 15.6% (1594 of 10203), ETA 0:00:00                              
[00:00:01] ... finding cutoff p=731 16.5% (1681 of 10203), ETA 0:00:00                              
[00:00:01] ... finding cutoff p=731 17.5% (1783 of 10203), ETA 0:00:00                              
[00:00:01] ... finding cutoff p=731 18.4% (1880 of 10203), ETA 0:00:00                              
[00:00:01] ... finding cutoff p=731 19.7% (2009 of 10203), ETA 0:00:00                              
[00:00:01] ... finding cutoff p=731 20.8% (2118 of 10203), ETA 0:00:00                              
[00:00:01] ... finding cutoff p=731 21.4% (2182 of 10203), ETA 0:00:00                              
[00:00:01] ... finding cutoff p=731 22.4% (2283 of 10203), ETA 0:00:00                              
[00:00:01] ... finding cutoff p=731 23.6% (2404 of 10203), ETA 0:00:00                              
[00:00:01] ... finding cutoff p=731 24.3% (2481 of 10203), ETA 0:00:00                              
[00:00:01] ... finding cutoff p=731 25.6% (2612 of 10203), ETA 0:00:00                              
[00:00:01] ... finding cutoff p=731 26.5% (2706 of 10203), ETA 0:00:00                              
[00:00:01] ... finding cutoff p=731 27.3% (2790 of 10203), ETA 0:00:00                              
[00:00:01] ... finding cutoff p=731 28.6% (2913 of 10203), ETA 0:00:00                              
[00:00:01] ... finding cutoff p=731 29.4% (2995 of 10203), ETA 0:00:00                              
[00:00:01] ... finding cutoff p=731 30.6% (3121 of 10203), ETA 0:00:00                              
[00:00:01] ... finding cutoff p=731 31.7% (3239 of 10203), ETA 0:00:00                              
[00:00:01] ... finding cutoff p=731 32.3% (3296 of 10203), ETA 0:00:00                              
[00:00:01] ... finding cutoff p=731 33.7% (3439 of 10203), ETA 0:00:00                              
[00:00:01] ... finding cutoff p=731 34.7% (3545 of 10203), ETA 0:00:00                              
[00:00:01] ... finding cutoff p=731 35.5% (3618 of 10203), ETA 0:00:00                              
[00:00:01] ... finding cutoff p=731 36.7% (3746 of 10203), ETA 0:00:00                              
[00:00:01] ... finding cutoff p=731 37.5% (3823 of 10203), ETA 0:00:00                              
[00:00:01] ... finding cutoff p=731 38.5% (3925 of 10203), ETA 0:00:00                              
[00:00:01] ... finding cutoff p=731 39.9% (4069 of 10203), ETA 0:00:00                              
[00:00:01] ... finding cutoff p=731 40.7% (4153 of 10203), ETA 0:00:00                              
[00:00:01] ... finding cutoff p=731 41.6% (4243 of 10203), ETA 0:00:00                              
[00:00:01] ... finding cutoff p=731 42.6% (4350 of 10203), ETA 0:00:00                              
[00:00:01] ... finding cutoff p=731 43.6% (4451 of 10203), ETA 0:00:00                              
[00:00:01] ... finding cutoff p=731 44.4% (4533 of 10203), ETA 0:00:00                              
[00:00:01] ... finding cutoff p=731 45.7% (4667 of 10203), ETA 0:00:00                              
[00:00:01] ... finding cutoff p=731 46.9% (4782 of 10203), ETA 0:00:00                              
[00:00:01] ... finding cutoff p=731 48.0% (4894 of 10203), ETA 0:00:00                              
[00:00:01] ... finding cutoff p=731 48.5% (4952 of 10203), ETA 0:00:00                              
[00:00:01] ... finding cutoff p=731 49.8% (5076 of 10203), ETA 0:00:00                              
[00:00:01] ... finding cutoff p=731 50.9% (5189 of 10203), ETA 0:00:00                              
[00:00:01] ... finding cutoff p=731 51.8% (5288 of 10203), ETA 0:00:00                              
[00:00:01] ... finding cutoff p=731 52.8% (5389 of 10203), ETA 0:00:00                              
[00:00:01] ... finding cutoff p=731 53.8% (5490 of 10203), ETA 0:00:00                              
[00:00:01] ... finding cutoff p=731 54.8% (5594 of 10203), ETA 0:00:00                              
[00:00:01] ... finding cutoff p=731 55.6% (5669 of 10203), ETA 0:00:00                              
[00:00:01] ... finding cutoff p=731 56.6% (5771 of 10203), ETA 0:00:00                              
[00:00:01] ... finding cutoff p=731 57.7% (5888 of 10203), ETA 0:00:00                              
[00:00:01] ... finding cutoff p=731 58.6% (5974 of 10203), ETA 0:00:00                              
[00:00:01] ... finding cutoff p=731 59.8% (6099 of 10203), ETA 0:00:00                              
[00:00:01] ... finding cutoff p=731 60.6% (6188 of 10203), ETA 0:00:00                              
[00:00:01] ... finding cutoff p=731 61.8% (6309 of 10203), ETA 0:00:00                              
[00:00:01] ... finding cutoff p=731 62.8% (6404 of 10203), ETA 0:00:00                              
[00:00:01] ... finding cutoff p=731 63.7% (6501 of 10203), ETA 0:00:00                              
[00:00:01] ... finding cutoff p=731 64.9% (6622 of 10203), ETA 0:00:00                              
[00:00:01] ... finding cutoff p=731 65.7% (6707 of 10203), ETA 0:00:00                              
[00:00:01] ... finding cutoff p=731 66.8% (6818 of 10203), ETA 0:00:00                              
[00:00:01] ... finding cutoff p=731 67.7% (6906 of 10203), ETA 0:00:00                              
[00:00:01] ... finding cutoff p=731 68.8% (7018 of 10203), ETA 0:00:00                              
[00:00:01] ... finding cutoff p=731 69.7% (7113 of 10203), ETA 0:00:00                              
[00:00:01] ... finding cutoff p=731 70.9% (7232 of 10203), ETA 0:00:00                              
[00:00:01] ... finding cutoff p=731 71.8% (7325 of 10203), ETA 0:00:00                              
[00:00:01] ... finding cutoff p=731 72.7% (7421 of 10203), ETA 0:00:00                              
[00:00:01] ... finding cutoff p=731 73.8% (7527 of 10203), ETA 0:00:00                              
[00:00:01] ... finding cutoff p=731 74.9% (7637 of 10203), ETA 0:00:00                              
[00:00:01] ... finding cutoff p=731 75.8% (7733 of 10203), ETA 0:00:00                              
[00:00:01] ... finding cutoff p=731 76.7% (7828 of 10203), ETA 0:00:00                              
[00:00:01] ... finding cutoff p=731 77.9% (7945 of 10203), ETA 0:00:00                              
[00:00:01] ... finding cutoff p=731 78.9% (8055 of 10203), ETA 0:00:00                              
[00:00:01] ... finding cutoff p=731 79.8% (8144 of 10203), ETA 0:00:00                              
[00:00:01] ... finding cutoff p=731 80.9% (8258 of 10203), ETA 0:00:00                              
[00:00:01] ... finding cutoff p=731 81.9% (8352 of 10203), ETA 0:00:00                              
[00:00:01] ... finding cutoff p=731 82.8% (8453 of 10203), ETA 0:00:00                              
[00:00:01] ... finding cutoff p=731 83.9% (8559 of 10203), ETA 0:00:00                              
[00:00:01] ... finding cutoff p=731 84.8% (8656 of 10203), ETA 0:00:00                              
[00:00:01] ... finding cutoff p=731 85.8% (8756 of 10203), ETA 0:00:00                              
[00:00:01] ... finding cutoff p=731 86.9% (8866 of 10203), ETA 0:00:00                              
[00:00:01] ... finding cutoff p=731 87.9% (8964 of 10203), ETA 0:00:00                              
[00:00:01] ... finding cutoff p=731 88.9% (9075 of 10203), ETA 0:00:00                              
[00:00:01] ... finding cutoff p=731 89.9% (9176 of 10203), ETA 0:00:00                              
[00:00:01] ... finding cutoff p=731 90.9% (9276 of 10203), ETA 0:00:00                              
[00:00:01] ... finding cutoff p=731 91.9% (9377 of 10203), ETA 0:00:00                              
[00:00:01] ... finding cutoff p=731 93.0% (9484 of 10203), ETA 0:00:00                              
[00:00:01] ... finding cutoff p=731 93.9% (9582 of 10203), ETA 0:00:00                              
[00:00:01] ... finding cutoff p=731 95.0% (9688 of 10203), ETA 0:00:00                              
[00:00:01] ... finding cutoff p=731 95.9% (9786 of 10203), ETA 0:00:00                              
[00:00:01] ... finding cutoff p=731 96.9% (9891 of 10203), ETA 0:00:00                              
[00:00:01] ... finding cutoff p=731 97.9% (9991 of 10203), ETA 0:00:00                              
[00:00:01] ... finding cutoff p=731 98.9% (10095 of 10203), ETA 0:00:00                              
[00:00:01] ... finding cutoff p=731 99.9% (10197 of 10203), ETA 0:00:00                              
[00:00:01] Preparing TNF Graph Building [pTNF = 73.1; 9304 / 10203 (P = 91.19%) round 44]               
[00:00:01] Finding cutoff p=720 [-97.9Gb / 1007.8Gb]                                                     
[00:00:01] ... finding cutoff p=720 1.4% (146 of 10203), ETA 0:00:00                              
[00:00:01] ... finding cutoff p=720 2.4% (248 of 10203), ETA 0:00:00                              
[00:00:01] ... finding cutoff p=720 3.2% (326 of 10203), ETA 0:00:00                              
[00:00:01] ... finding cutoff p=720 4.6% (471 of 10203), ETA 0:00:00                              
[00:00:01] ... finding cutoff p=720 5.3% (538 of 10203), ETA 0:00:00                              
[00:00:01] ... finding cutoff p=720 6.5% (663 of 10203), ETA 0:00:00                              
[00:00:01] ... finding cutoff p=720 7.3% (749 of 10203), ETA 0:00:00                              
[00:00:01] ... finding cutoff p=720 8.2% (841 of 10203), ETA 0:00:00                              
[00:00:01] ... finding cutoff p=720 9.6% (979 of 10203), ETA 0:00:00                              
[00:00:01] ... finding cutoff p=720 10.4% (1063 of 10203), ETA 0:00:00                              
[00:00:01] ... finding cutoff p=720 11.2% (1143 of 10203), ETA 0:00:00                              
[00:00:01] ... finding cutoff p=720 12.9% (1316 of 10203), ETA 0:00:00                              
[00:00:01] ... finding cutoff p=720 13.6% (1392 of 10203), ETA 0:00:00                              
[00:00:01] ... finding cutoff p=720 14.4% (1471 of 10203), ETA 0:00:00                              
[00:00:01] ... finding cutoff p=720 15.9% (1618 of 10203), ETA 0:00:00                              
[00:00:01] ... finding cutoff p=720 16.9% (1725 of 10203), ETA 0:00:00                              
[00:00:01] ... finding cutoff p=720 17.9% (1822 of 10203), ETA 0:00:00                              
[00:00:01] ... finding cutoff p=720 18.7% (1908 of 10203), ETA 0:00:00                              
[00:00:01] ... finding cutoff p=720 19.3% (1971 of 10203), ETA 0:00:00                              
[00:00:01] ... finding cutoff p=720 20.4% (2083 of 10203), ETA 0:00:00                              
[00:00:01] ... finding cutoff p=720 21.7% (2211 of 10203), ETA 0:00:00                              
[00:00:01] ... finding cutoff p=720 22.4% (2285 of 10203), ETA 0:00:00                              
[00:00:01] ... finding cutoff p=720 23.6% (2405 of 10203), ETA 0:00:00                              
[00:00:01] ... finding cutoff p=720 24.7% (2525 of 10203), ETA 0:00:00                              
[00:00:01] ... finding cutoff p=720 25.5% (2606 of 10203), ETA 0:00:00                              
[00:00:01] ... finding cutoff p=720 26.8% (2737 of 10203), ETA 0:00:00                              
[00:00:01] ... finding cutoff p=720 27.7% (2828 of 10203), ETA 0:00:00                              
[00:00:01] ... finding cutoff p=720 28.4% (2896 of 10203), ETA 0:00:00                              
[00:00:01] ... finding cutoff p=720 29.5% (3012 of 10203), ETA 0:00:00                              
[00:00:01] ... finding cutoff p=720 30.8% (3138 of 10203), ETA 0:00:00                              
[00:00:01] ... finding cutoff p=720 31.6% (3227 of 10203), ETA 0:00:00                              
[00:00:01] ... finding cutoff p=720 32.7% (3338 of 10203), ETA 0:00:00                              
[00:00:01] ... finding cutoff p=720 33.4% (3406 of 10203), ETA 0:00:00                              
[00:00:01] ... finding cutoff p=720 34.7% (3542 of 10203), ETA 0:00:00                              
[00:00:01] ... finding cutoff p=720 35.4% (3616 of 10203), ETA 0:00:00                              
[00:00:01] ... finding cutoff p=720 36.6% (3739 of 10203), ETA 0:00:00                              
[00:00:01] ... finding cutoff p=720 37.8% (3856 of 10203), ETA 0:00:00                              
[00:00:01] ... finding cutoff p=720 38.5% (3929 of 10203), ETA 0:00:00                              
[00:00:01] ... finding cutoff p=720 39.4% (4017 of 10203), ETA 0:00:00                              
[00:00:01] ... finding cutoff p=720 40.5% (4133 of 10203), ETA 0:00:00                              
[00:00:01] ... finding cutoff p=720 41.7% (4254 of 10203), ETA 0:00:00                              
[00:00:01] ... finding cutoff p=720 42.7% (4361 of 10203), ETA 0:00:00                              
[00:00:01] ... finding cutoff p=720 43.6% (4452 of 10203), ETA 0:00:00                              
[00:00:01] ... finding cutoff p=720 44.7% (4558 of 10203), ETA 0:00:00                              
[00:00:01] ... finding cutoff p=720 45.6% (4649 of 10203), ETA 0:00:00                              
[00:00:01] ... finding cutoff p=720 46.6% (4754 of 10203), ETA 0:00:00                              
[00:00:01] ... finding cutoff p=720 47.8% (4873 of 10203), ETA 0:00:00                              
[00:00:01] ... finding cutoff p=720 48.8% (4980 of 10203), ETA 0:00:00                              
[00:00:01] ... finding cutoff p=720 49.9% (5093 of 10203), ETA 0:00:00                              
[00:00:01] ... finding cutoff p=720 50.8% (5185 of 10203), ETA 0:00:00                              
[00:00:01] ... finding cutoff p=720 52.0% (5302 of 10203), ETA 0:00:00                              
[00:00:01] ... finding cutoff p=720 52.5% (5358 of 10203), ETA 0:00:00                              
[00:00:01] ... finding cutoff p=720 53.6% (5468 of 10203), ETA 0:00:00                              
[00:00:01] ... finding cutoff p=720 54.7% (5579 of 10203), ETA 0:00:00                              
[00:00:01] ... finding cutoff p=720 55.5% (5667 of 10203), ETA 0:00:00                              
[00:00:01] ... finding cutoff p=720 56.8% (5797 of 10203), ETA 0:00:00                              
[00:00:01] ... finding cutoff p=720 57.7% (5886 of 10203), ETA 0:00:00                              
[00:00:01] ... finding cutoff p=720 58.8% (5999 of 10203), ETA 0:00:00                              
[00:00:01] ... finding cutoff p=720 59.6% (6083 of 10203), ETA 0:00:00                              
[00:00:01] ... finding cutoff p=720 60.8% (6204 of 10203), ETA 0:00:00                              
[00:00:01] ... finding cutoff p=720 61.7% (6295 of 10203), ETA 0:00:00                              
[00:00:01] ... finding cutoff p=720 62.7% (6393 of 10203), ETA 0:00:00                              
[00:00:01] ... finding cutoff p=720 63.9% (6515 of 10203), ETA 0:00:00                              
[00:00:01] ... finding cutoff p=720 64.7% (6602 of 10203), ETA 0:00:00                              
[00:00:01] ... finding cutoff p=720 65.8% (6709 of 10203), ETA 0:00:00                              
[00:00:01] ... finding cutoff p=720 66.8% (6816 of 10203), ETA 0:00:00                              
[00:00:01] ... finding cutoff p=720 67.7% (6910 of 10203), ETA 0:00:00                              
[00:00:01] ... finding cutoff p=720 68.8% (7019 of 10203), ETA 0:00:00                              
[00:00:01] ... finding cutoff p=720 69.9% (7134 of 10203), ETA 0:00:00                              
[00:00:01] ... finding cutoff p=720 70.8% (7228 of 10203), ETA 0:00:00                              
[00:00:01] ... finding cutoff p=720 71.7% (7317 of 10203), ETA 0:00:00                              
[00:00:01] ... finding cutoff p=720 72.7% (7422 of 10203), ETA 0:00:00                              
[00:00:01] ... finding cutoff p=720 73.7% (7519 of 10203), ETA 0:00:00                              
[00:00:01] ... finding cutoff p=720 74.8% (7629 of 10203), ETA 0:00:00                              
[00:00:01] ... finding cutoff p=720 75.8% (7731 of 10203), ETA 0:00:00                              
[00:00:01] ... finding cutoff p=720 76.8% (7831 of 10203), ETA 0:00:00                              
[00:00:01] ... finding cutoff p=720 77.8% (7941 of 10203), ETA 0:00:00                              
[00:00:01] ... finding cutoff p=720 78.8% (8036 of 10203), ETA 0:00:00                              
[00:00:01] ... finding cutoff p=720 79.9% (8148 of 10203), ETA 0:00:00                              
[00:00:01] ... finding cutoff p=720 80.8% (8249 of 10203), ETA 0:00:00                              
[00:00:01] ... finding cutoff p=720 81.9% (8358 of 10203), ETA 0:00:00                              
[00:00:01] ... finding cutoff p=720 82.8% (8446 of 10203), ETA 0:00:00                              
[00:00:01] ... finding cutoff p=720 83.8% (8549 of 10203), ETA 0:00:00                              
[00:00:01] ... finding cutoff p=720 84.9% (8658 of 10203), ETA 0:00:00                              
[00:00:01] ... finding cutoff p=720 85.8% (8756 of 10203), ETA 0:00:00                              
[00:00:01] ... finding cutoff p=720 86.9% (8863 of 10203), ETA 0:00:00                              
[00:00:01] ... finding cutoff p=720 87.9% (8966 of 10203), ETA 0:00:00                              
[00:00:01] ... finding cutoff p=720 88.9% (9072 of 10203), ETA 0:00:00                              
[00:00:01] ... finding cutoff p=720 89.9% (9173 of 10203), ETA 0:00:00                              
[00:00:01] ... finding cutoff p=720 90.9% (9271 of 10203), ETA 0:00:00                              
[00:00:01] ... finding cutoff p=720 91.9% (9375 of 10203), ETA 0:00:00                              
[00:00:01] ... finding cutoff p=720 92.9% (9480 of 10203), ETA 0:00:00                              
[00:00:01] ... finding cutoff p=720 93.9% (9579 of 10203), ETA 0:00:00                              
[00:00:01] ... finding cutoff p=720 95.0% (9689 of 10203), ETA 0:00:00                              
[00:00:01] ... finding cutoff p=720 96.0% (9790 of 10203), ETA 0:00:00                              
[00:00:01] ... finding cutoff p=720 96.9% (9889 of 10203), ETA 0:00:00                              
[00:00:01] ... finding cutoff p=720 97.9% (9992 of 10203), ETA 0:00:00                              
[00:00:01] ... finding cutoff p=720 98.9% (10095 of 10203), ETA 0:00:00                              
[00:00:01] ... finding cutoff p=720 99.9% (10197 of 10203), ETA 0:00:00                              
[00:00:01] Preparing TNF Graph Building [pTNF = 72.0; 9377 / 10203 (P = 91.90%) round 45]               
[00:00:01] Finding cutoff p=709 [-97.9Gb / 1007.8Gb]                                                     
[00:00:01] ... finding cutoff p=709 1.4% (141 of 10203), ETA 0:00:00                              
[00:00:01] ... finding cutoff p=709 2.1% (217 of 10203), ETA 0:00:00                              
[00:00:01] ... finding cutoff p=709 3.5% (362 of 10203), ETA 0:00:00                              
[00:00:01] ... finding cutoff p=709 5.1% (524 of 10203), ETA 0:00:00                              
[00:00:01] ... finding cutoff p=709 6.4% (650 of 10203), ETA 0:00:00                              
[00:00:01] ... finding cutoff p=709 7.2% (735 of 10203), ETA 0:00:00                              
[00:00:01] ... finding cutoff p=709 8.6% (877 of 10203), ETA 0:00:00                              
[00:00:01] ... finding cutoff p=709 9.6% (984 of 10203), ETA 0:00:00                              
[00:00:01] ... finding cutoff p=709 10.5% (1070 of 10203), ETA 0:00:00                              
[00:00:01] ... finding cutoff p=709 11.3% (1149 of 10203), ETA 0:00:00                              
[00:00:01] ... finding cutoff p=709 12.7% (1299 of 10203), ETA 0:00:00                              
[00:00:01] ... finding cutoff p=709 13.8% (1404 of 10203), ETA 0:00:00                              
[00:00:01] ... finding cutoff p=709 14.7% (1499 of 10203), ETA 0:00:00                              
[00:00:01] ... finding cutoff p=709 15.4% (1575 of 10203), ETA 0:00:00                              
[00:00:01] ... finding cutoff p=709 16.2% (1656 of 10203), ETA 0:00:00                              
[00:00:01] ... finding cutoff p=709 17.3% (1766 of 10203), ETA 0:00:00                              
[00:00:01] ... finding cutoff p=709 18.4% (1876 of 10203), ETA 0:00:00                              
[00:00:01] ... finding cutoff p=709 19.9% (2031 of 10203), ETA 0:00:00                              
[00:00:01] ... finding cutoff p=709 20.4% (2078 of 10203), ETA 0:00:00                              
[00:00:01] ... finding cutoff p=709 21.8% (2222 of 10203), ETA 0:00:00                              
[00:00:01] ... finding cutoff p=709 22.5% (2294 of 10203), ETA 0:00:00                              
[00:00:01] ... finding cutoff p=709 23.5% (2401 of 10203), ETA 0:00:00                              
[00:00:01] ... finding cutoff p=709 24.8% (2534 of 10203), ETA 0:00:00                              
[00:00:01] ... finding cutoff p=709 25.7% (2622 of 10203), ETA 0:00:00                              
[00:00:01] ... finding cutoff p=709 26.4% (2698 of 10203), ETA 0:00:00                              
[00:00:01] ... finding cutoff p=709 27.6% (2821 of 10203), ETA 0:00:00                              
[00:00:01] ... finding cutoff p=709 28.3% (2887 of 10203), ETA 0:00:00                              
[00:00:01] ... finding cutoff p=709 29.7% (3027 of 10203), ETA 0:00:00                              
[00:00:01] ... finding cutoff p=709 30.5% (3111 of 10203), ETA 0:00:00                              
[00:00:01] ... finding cutoff p=709 31.6% (3224 of 10203), ETA 0:00:00                              
[00:00:01] ... finding cutoff p=709 33.0% (3371 of 10203), ETA 0:00:00                              
[00:00:01] ... finding cutoff p=709 33.6% (3433 of 10203), ETA 0:00:00                              
[00:00:01] ... finding cutoff p=709 34.7% (3542 of 10203), ETA 0:00:00                              
[00:00:01] ... finding cutoff p=709 35.8% (3655 of 10203), ETA 0:00:00                              
[00:00:01] ... finding cutoff p=709 36.6% (3739 of 10203), ETA 0:00:00                              
[00:00:01] ... finding cutoff p=709 37.4% (3814 of 10203), ETA 0:00:00                              
[00:00:01] ... finding cutoff p=709 38.4% (3919 of 10203), ETA 0:00:00                              
[00:00:01] ... finding cutoff p=709 39.6% (4040 of 10203), ETA 0:00:00                              
[00:00:01] ... finding cutoff p=709 40.4% (4126 of 10203), ETA 0:00:00                              
[00:00:01] ... finding cutoff p=709 41.5% (4231 of 10203), ETA 0:00:00                              
[00:00:01] ... finding cutoff p=709 42.4% (4331 of 10203), ETA 0:00:00                              
[00:00:01] ... finding cutoff p=709 43.8% (4468 of 10203), ETA 0:00:00                              
[00:00:01] ... finding cutoff p=709 44.8% (4566 of 10203), ETA 0:00:00                              
[00:00:01] ... finding cutoff p=709 45.5% (4642 of 10203), ETA 0:00:00                              
[00:00:01] ... finding cutoff p=709 46.7% (4765 of 10203), ETA 0:00:00                              
[00:00:01] ... finding cutoff p=709 47.9% (4884 of 10203), ETA 0:00:00                              
[00:00:01] ... finding cutoff p=709 48.8% (4979 of 10203), ETA 0:00:00                              
[00:00:01] ... finding cutoff p=709 49.8% (5080 of 10203), ETA 0:00:00                              
[00:00:01] ... finding cutoff p=709 50.9% (5192 of 10203), ETA 0:00:00                              
[00:00:01] ... finding cutoff p=709 51.5% (5259 of 10203), ETA 0:00:00                              
[00:00:01] ... finding cutoff p=709 52.6% (5364 of 10203), ETA 0:00:00                              
[00:00:01] ... finding cutoff p=709 53.8% (5488 of 10203), ETA 0:00:00                              
[00:00:01] ... finding cutoff p=709 54.8% (5587 of 10203), ETA 0:00:00                              
[00:00:01] ... finding cutoff p=709 55.7% (5679 of 10203), ETA 0:00:00                              
[00:00:01] ... finding cutoff p=709 56.6% (5779 of 10203), ETA 0:00:00                              
[00:00:01] ... finding cutoff p=709 57.7% (5891 of 10203), ETA 0:00:00                              
[00:00:01] ... finding cutoff p=709 58.7% (5988 of 10203), ETA 0:00:00                              
[00:00:01] ... finding cutoff p=709 59.7% (6093 of 10203), ETA 0:00:00                              
[00:00:01] ... finding cutoff p=709 60.8% (6202 of 10203), ETA 0:00:00                              
[00:00:01] ... finding cutoff p=709 61.7% (6297 of 10203), ETA 0:00:00                              
[00:00:01] ... finding cutoff p=709 62.6% (6391 of 10203), ETA 0:00:00                              
[00:00:01] ... finding cutoff p=709 63.8% (6511 of 10203), ETA 0:00:00                              
[00:00:01] ... finding cutoff p=709 64.7% (6599 of 10203), ETA 0:00:00                              
[00:00:01] ... finding cutoff p=709 65.8% (6710 of 10203), ETA 0:00:00                              
[00:00:01] ... finding cutoff p=709 66.8% (6818 of 10203), ETA 0:00:00                              
[00:00:01] ... finding cutoff p=709 67.7% (6911 of 10203), ETA 0:00:00                              
[00:00:01] ... finding cutoff p=709 68.8% (7016 of 10203), ETA 0:00:00                              
[00:00:01] ... finding cutoff p=709 69.7% (7110 of 10203), ETA 0:00:00                              
[00:00:01] ... finding cutoff p=709 70.9% (7234 of 10203), ETA 0:00:00                              
[00:00:01] ... finding cutoff p=709 71.8% (7328 of 10203), ETA 0:00:00                              
[00:00:01] ... finding cutoff p=709 72.8% (7432 of 10203), ETA 0:00:00                              
[00:00:01] ... finding cutoff p=709 73.9% (7540 of 10203), ETA 0:00:00                              
[00:00:01] ... finding cutoff p=709 74.9% (7638 of 10203), ETA 0:00:00                              
[00:00:01] ... finding cutoff p=709 75.9% (7747 of 10203), ETA 0:00:00                              
[00:00:01] ... finding cutoff p=709 76.8% (7840 of 10203), ETA 0:00:00                              
[00:00:01] ... finding cutoff p=709 77.8% (7936 of 10203), ETA 0:00:00                              
[00:00:01] ... finding cutoff p=709 78.8% (8036 of 10203), ETA 0:00:00                              
[00:00:01] ... finding cutoff p=709 79.8% (8141 of 10203), ETA 0:00:00                              
[00:00:01] ... finding cutoff p=709 80.9% (8259 of 10203), ETA 0:00:00                              
[00:00:01] ... finding cutoff p=709 81.9% (8352 of 10203), ETA 0:00:00                              
[00:00:01] ... finding cutoff p=709 82.9% (8462 of 10203), ETA 0:00:00                              
[00:00:01] ... finding cutoff p=709 83.9% (8562 of 10203), ETA 0:00:00                              
[00:00:01] ... finding cutoff p=709 84.9% (8658 of 10203), ETA 0:00:00                              
[00:00:01] ... finding cutoff p=709 85.8% (8759 of 10203), ETA 0:00:00                              
[00:00:01] ... finding cutoff p=709 86.8% (8860 of 10203), ETA 0:00:00                              
[00:00:01] ... finding cutoff p=709 87.9% (8964 of 10203), ETA 0:00:00                              
[00:00:01] ... finding cutoff p=709 88.8% (9065 of 10203), ETA 0:00:00                              
[00:00:01] ... finding cutoff p=709 90.0% (9180 of 10203), ETA 0:00:00                              
[00:00:01] ... finding cutoff p=709 90.9% (9278 of 10203), ETA 0:00:00                              
[00:00:01] ... finding cutoff p=709 92.0% (9388 of 10203), ETA 0:00:00                              
[00:00:01] ... finding cutoff p=709 92.9% (9481 of 10203), ETA 0:00:00                              
[00:00:01] ... finding cutoff p=709 93.9% (9583 of 10203), ETA 0:00:00                              
[00:00:01] ... finding cutoff p=709 95.0% (9688 of 10203), ETA 0:00:00                              
[00:00:01] ... finding cutoff p=709 95.9% (9788 of 10203), ETA 0:00:00                              
[00:00:01] ... finding cutoff p=709 96.9% (9891 of 10203), ETA 0:00:00                              
[00:00:01] ... finding cutoff p=709 98.0% (9994 of 10203), ETA 0:00:00                              
[00:00:01] ... finding cutoff p=709 98.9% (10094 of 10203), ETA 0:00:00                              
[00:00:01] ... finding cutoff p=709 99.9% (10197 of 10203), ETA 0:00:00                              
[00:00:01] Preparing TNF Graph Building [pTNF = 70.9; 9445 / 10203 (P = 92.57%) round 46]               
[00:00:01] Finished Preparing TNF Graph Building [pTNF = 70.00] [-98.5Gb / 1007.8Gb]                                            
[00:00:01] Starting Building TNF Graph. CacheSize=256 TILE=51 nobs=10203 maxEdges=200
[00:00:02] Building TNF Graph 1.5% (153 of 10203), ETA 0:00:08     [-98.5Gb / 1007.8Gb]                           
[00:00:02] Building TNF Graph 14.0% (1428 of 10203), ETA 0:00:01     [-98.5Gb / 1007.8Gb]                           
[00:00:02] Building TNF Graph 28.5% (2907 of 10203), ETA 0:00:01     [-98.5Gb / 1007.8Gb]                           
[00:00:02] Building TNF Graph 39.5% (4029 of 10203), ETA 0:00:01     [-98.5Gb / 1007.8Gb]                           
[00:00:02] Building TNF Graph 53.0% (5406 of 10203), ETA 0:00:01     [-98.5Gb / 1007.8Gb]                           
[00:00:02] Building TNF Graph 64.5% (6579 of 10203), ETA 0:00:00     [-98.5Gb / 1007.8Gb]                           
[00:00:02] Building TNF Graph 76.5% (7803 of 10203), ETA 0:00:00     [-98.5Gb / 1007.8Gb]                           
[00:00:02] Building TNF Graph 88.0% (8976 of 10203), ETA 0:00:00     [-98.5Gb / 1007.8Gb]                           
[00:00:03] Building TNF Graph 100.5% (10251 of 10203), ETA 0:00:00     [-98.5Gb / 1007.8Gb]                           
[00:00:03] Finished Building TNF Graph (535363 edges) [-98.5Gb / 1007.8Gb]                                          
[00:00:03] Cleaned up after Building TNF Graph (535363 edges) [-98.5Gb / 1007.8Gb]                                          
[00:00:03] Cleaned up TNF matrix of large contigs [-98.5Gb / 1007.8Gb]                                             
[00:00:03] Applying coverage correlations to TNF graph with 535363 edges
[00:00:03] Allocated memory for graph edges [-98.5Gb / 1007.8Gb]
[00:00:03] ... calculating abundance dist 1.0% (5385 of 535363), ETA 0:00:00                              
[00:00:03] ... calculating abundance dist 2.0% (10730 of 535363), ETA 0:00:00                              
[00:00:03] ... calculating abundance dist 3.0% (16077 of 535363), ETA 0:00:00                              
[00:00:03] ... calculating abundance dist 4.0% (21434 of 535363), ETA 0:00:00                              
[00:00:03] ... calculating abundance dist 5.0% (26783 of 535363), ETA 0:00:00                              
[00:00:03] ... calculating abundance dist 6.0% (32142 of 535363), ETA 0:00:00                              
[00:00:03] ... calculating abundance dist 7.0% (37534 of 535363), ETA 0:00:00                              
[00:00:03] ... calculating abundance dist 8.0% (42835 of 535363), ETA 0:00:00                              
[00:00:03] ... calculating abundance dist 9.0% (48218 of 535363), ETA 0:00:00                              
[00:00:03] ... calculating abundance dist 10.0% (53565 of 535363), ETA 0:00:00                              
[00:00:03] ... calculating abundance dist 11.0% (58900 of 535363), ETA 0:00:00                              
[00:00:03] ... calculating abundance dist 12.0% (64248 of 535363), ETA 0:00:00                              
[00:00:03] ... calculating abundance dist 13.0% (69639 of 535363), ETA 0:00:00                              
[00:00:03] ... calculating abundance dist 14.0% (74988 of 535363), ETA 0:00:00                              
[00:00:03] ... calculating abundance dist 15.0% (80315 of 535363), ETA 0:00:00                              
[00:00:03] ... calculating abundance dist 16.0% (85683 of 535363), ETA 0:00:00                              
[00:00:03] ... calculating abundance dist 17.0% (91047 of 535363), ETA 0:00:00                              
[00:00:03] ... calculating abundance dist 18.0% (96410 of 535363), ETA 0:00:00                              
[00:00:03] ... calculating abundance dist 19.0% (101746 of 535363), ETA 0:00:00                              
[00:00:03] ... calculating abundance dist 20.0% (107082 of 535363), ETA 0:00:00                              
[00:00:03] ... calculating abundance dist 21.0% (112434 of 535363), ETA 0:00:00                              
[00:00:03] ... calculating abundance dist 22.0% (117807 of 535363), ETA 0:00:00                              
[00:00:03] ... calculating abundance dist 23.0% (123147 of 535363), ETA 0:00:00                              
[00:00:03] ... calculating abundance dist 24.0% (128504 of 535363), ETA 0:00:00                              
[00:00:03] ... calculating abundance dist 25.0% (133889 of 535363), ETA 0:00:00                              
[00:00:03] ... calculating abundance dist 26.0% (139220 of 535363), ETA 0:00:00                              
[00:00:03] ... calculating abundance dist 27.0% (144603 of 535363), ETA 0:00:00                              
[00:00:03] ... calculating abundance dist 28.0% (149915 of 535363), ETA 0:00:00                              
[00:00:03] ... calculating abundance dist 29.0% (155274 of 535363), ETA 0:00:00                              
[00:00:03] ... calculating abundance dist 30.0% (160630 of 535363), ETA 0:00:00                              
[00:00:03] ... calculating abundance dist 31.0% (165981 of 535363), ETA 0:00:00                              
[00:00:03] ... calculating abundance dist 32.0% (171336 of 535363), ETA 0:00:00                              
[00:00:03] ... calculating abundance dist 33.0% (176684 of 535363), ETA 0:00:00                              
[00:00:03] ... calculating abundance dist 34.0% (182055 of 535363), ETA 0:00:00                              
[00:00:03] ... calculating abundance dist 35.0% (187410 of 535363), ETA 0:00:00                              
[00:00:03] ... calculating abundance dist 36.0% (192811 of 535363), ETA 0:00:00                              
[00:00:03] ... calculating abundance dist 37.0% (198115 of 535363), ETA 0:00:00                              
[00:00:03] ... calculating abundance dist 38.0% (203456 of 535363), ETA 0:00:00                              
[00:00:03] ... calculating abundance dist 39.0% (208809 of 535363), ETA 0:00:00                              
[00:00:03] ... calculating abundance dist 40.0% (214163 of 535363), ETA 0:00:00                              
[00:00:03] ... calculating abundance dist 41.0% (219529 of 535363), ETA 0:00:00                              
[00:00:03] ... calculating abundance dist 42.0% (224873 of 535363), ETA 0:00:00                              
[00:00:03] ... calculating abundance dist 43.0% (230238 of 535363), ETA 0:00:00                              
[00:00:03] ... calculating abundance dist 44.0% (235576 of 535363), ETA 0:00:00                              
[00:00:03] ... calculating abundance dist 45.0% (240956 of 535363), ETA 0:00:00                              
[00:00:03] ... calculating abundance dist 46.0% (246285 of 535363), ETA 0:00:00                              
[00:00:03] ... calculating abundance dist 47.0% (251647 of 535363), ETA 0:00:00                              
[00:00:03] ... calculating abundance dist 48.0% (256998 of 535363), ETA 0:00:00                              
[00:00:03] ... calculating abundance dist 49.0% (262366 of 535363), ETA 0:00:00                              
[00:00:03] ... calculating abundance dist 50.0% (267720 of 535363), ETA 0:00:00                              
[00:00:03] ... calculating abundance dist 51.0% (273116 of 535363), ETA 0:00:00                              
[00:00:03] ... calculating abundance dist 52.0% (278412 of 535363), ETA 0:00:00                              
[00:00:03] ... calculating abundance dist 53.0% (283762 of 535363), ETA 0:00:00                              
[00:00:03] ... calculating abundance dist 54.0% (289140 of 535363), ETA 0:00:00                              
[00:00:03] ... calculating abundance dist 55.0% (294477 of 535363), ETA 0:00:00                              
[00:00:03] ... calculating abundance dist 56.0% (299825 of 535363), ETA 0:00:00                              
[00:00:03] ... calculating abundance dist 57.0% (305178 of 535363), ETA 0:00:00                              
[00:00:03] ... calculating abundance dist 58.0% (310549 of 535363), ETA 0:00:00                              
[00:00:03] ... calculating abundance dist 59.0% (315895 of 535363), ETA 0:00:00                              
[00:00:03] ... calculating abundance dist 60.0% (321293 of 535363), ETA 0:00:00                              
[00:00:03] ... calculating abundance dist 61.0% (326603 of 535363), ETA 0:00:00                              
[00:00:03] ... calculating abundance dist 62.0% (331959 of 535363), ETA 0:00:00                              
[00:00:03] ... calculating abundance dist 63.0% (337345 of 535363), ETA 0:00:00                              
[00:00:03] ... calculating abundance dist 64.0% (342680 of 535363), ETA 0:00:00                              
[00:00:03] ... calculating abundance dist 65.0% (348030 of 535363), ETA 0:00:00                              
[00:00:03] ... calculating abundance dist 66.0% (353364 of 535363), ETA 0:00:00                              
[00:00:03] ... calculating abundance dist 67.0% (358724 of 535363), ETA 0:00:00                              
[00:00:03] ... calculating abundance dist 68.0% (364122 of 535363), ETA 0:00:00                              
[00:00:03] ... calculating abundance dist 69.0% (369442 of 535363), ETA 0:00:00                              
[00:00:03] ... calculating abundance dist 70.0% (374804 of 535363), ETA 0:00:00                              
[00:00:03] ... calculating abundance dist 71.0% (380173 of 535363), ETA 0:00:00                              
[00:00:03] ... calculating abundance dist 72.0% (385491 of 535363), ETA 0:00:00                              
[00:00:03] ... calculating abundance dist 73.0% (390849 of 535363), ETA 0:00:00                              
[00:00:03] ... calculating abundance dist 74.0% (396198 of 535363), ETA 0:00:00                              
[00:00:03] ... calculating abundance dist 75.0% (401589 of 535363), ETA 0:00:00                              
[00:00:03] ... calculating abundance dist 76.0% (406929 of 535363), ETA 0:00:00                              
[00:00:03] ... calculating abundance dist 77.0% (412278 of 535363), ETA 0:00:00                              
[00:00:03] ... calculating abundance dist 78.0% (417615 of 535363), ETA 0:00:00                              
[00:00:03] ... calculating abundance dist 79.0% (422978 of 535363), ETA 0:00:00                              
[00:00:03] ... calculating abundance dist 80.0% (428322 of 535363), ETA 0:00:00                              
[00:00:03] ... calculating abundance dist 81.0% (433683 of 535363), ETA 0:00:00                              
[00:00:03] ... calculating abundance dist 82.0% (439048 of 535363), ETA 0:00:00                              
[00:00:03] ... calculating abundance dist 83.0% (444399 of 535363), ETA 0:00:00                              
[00:00:03] ... calculating abundance dist 84.0% (449742 of 535363), ETA 0:00:00                              
[00:00:03] ... calculating abundance dist 85.0% (455126 of 535363), ETA 0:00:00                              
[00:00:03] ... calculating abundance dist 86.0% (460457 of 535363), ETA 0:00:00                              
[00:00:03] ... calculating abundance dist 87.0% (465805 of 535363), ETA 0:00:00                              
[00:00:03] ... calculating abundance dist 88.0% (471161 of 535363), ETA 0:00:00                              
[00:00:03] ... calculating abundance dist 89.0% (476511 of 535363), ETA 0:00:00                              
[00:00:03] ... calculating abundance dist 90.0% (481868 of 535363), ETA 0:00:00                              
[00:00:03] ... calculating abundance dist 91.0% (487218 of 535363), ETA 0:00:00                              
[00:00:03] ... calculating abundance dist 92.0% (492578 of 535363), ETA 0:00:00                              
[00:00:03] ... calculating abundance dist 93.0% (497952 of 535363), ETA 0:00:00                              
[00:00:03] ... calculating abundance dist 94.0% (503281 of 535363), ETA 0:00:00                              
[00:00:03] ... calculating abundance dist 95.0% (508672 of 535363), ETA 0:00:00                              
[00:00:03] ... calculating abundance dist 96.0% (513989 of 535363), ETA 0:00:00                              
[00:00:03] ... calculating abundance dist 97.0% (519346 of 535363), ETA 0:00:00                              
[00:00:03] ... calculating abundance dist 98.0% (524694 of 535363), ETA 0:00:00                              
[00:00:03] ... calculating abundance dist 99.0% (530047 of 535363), ETA 0:00:00                              
[00:00:03] Calculating geometric means [-98.5Gb / 1007.8Gb]
[00:00:03] Traversing graph with 10203 nodes and 535363 edges [-98.5Gb / 1007.8Gb]
[00:00:03] Building SCR Graph and Binning (970 vertices and 2701 edges) [P = 9.50%; -98.5Gb / 1007.8Gb]                           
[00:00:03] ... traversing graph 1.0% (5354 of 535363), ETA 0:00:01                               
[00:00:03] ... traversing graph 2.0% (10708 of 535363), ETA 0:00:00                               
[00:00:03] Building SCR Graph and Binning (1939 vertices and 7562 edges) [P = 19.00%; -98.5Gb / 1007.8Gb]                           
[00:00:03] ... traversing graph 3.0% (16062 of 535363), ETA 0:00:01                               
[00:00:03] ... traversing graph 4.0% (21416 of 535363), ETA 0:00:01                               
[00:00:03] Building SCR Graph and Binning (2908 vertices and 11217 edges) [P = 28.50%; -98.5Gb / 1007.8Gb]                           
[00:00:03] ... traversing graph 5.0% (26770 of 535363), ETA 0:00:01                               
[00:00:03] ... traversing graph 6.0% (32124 of 535363), ETA 0:00:01                               
[00:00:03] ... traversing graph 7.0% (37478 of 535363), ETA 0:00:01                               
[00:00:03] Building SCR Graph and Binning (3879 vertices and 15392 edges) [P = 38.00%; -98.5Gb / 1007.8Gb]                           
[00:00:03] ... traversing graph 8.0% (42832 of 535363), ETA 0:00:01                               
[00:00:03] ... traversing graph 9.0% (48186 of 535363), ETA 0:00:01                               
[00:00:03] ... traversing graph 10.0% (53540 of 535363), ETA 0:00:01                               
[00:00:03] Building SCR Graph and Binning (4847 vertices and 18897 edges) [P = 47.50%; -98.5Gb / 1007.8Gb]                           
[00:00:03] ... traversing graph 11.0% (58894 of 535363), ETA 0:00:01                               
[00:00:03] ... traversing graph 12.0% (64248 of 535363), ETA 0:00:01                               
[00:00:03] ... traversing graph 13.0% (69602 of 535363), ETA 0:00:01                               
[00:00:03] ... traversing graph 14.0% (74956 of 535363), ETA 0:00:01                               
[00:00:03] ... traversing graph 15.0% (80310 of 535363), ETA 0:00:01                               
[00:00:03] Building SCR Graph and Binning (5816 vertices and 23477 edges) [P = 57.00%; -98.5Gb / 1007.8Gb]                           
[00:00:03] ... traversing graph 16.0% (85664 of 535363), ETA 0:00:01                               
[00:00:03] ... traversing graph 17.0% (91018 of 535363), ETA 0:00:01                               
[00:00:03] ... traversing graph 18.0% (96372 of 535363), ETA 0:00:01                               
[00:00:03] ... traversing graph 19.0% (101726 of 535363), ETA 0:00:01                               
[00:00:03] ... traversing graph 20.0% (107080 of 535363), ETA 0:00:01                               
[00:00:03] ... traversing graph 21.0% (112434 of 535363), ETA 0:00:01                               
[00:00:03] ... traversing graph 22.0% (117788 of 535363), ETA 0:00:00                               
[00:00:03] ... traversing graph 23.0% (123142 of 535363), ETA 0:00:00                               
[00:00:03] Building SCR Graph and Binning (6785 vertices and 26253 edges) [P = 66.50%; -98.5Gb / 1007.8Gb]                           
[00:00:03] ... traversing graph 24.0% (128496 of 535363), ETA 0:00:01                               
[00:00:03] ... traversing graph 25.0% (133850 of 535363), ETA 0:00:00                               
[00:00:03] ... traversing graph 26.0% (139204 of 535363), ETA 0:00:00                               
[00:00:03] ... traversing graph 27.0% (144558 of 535363), ETA 0:00:00                               
[00:00:03] ... traversing graph 28.0% (149912 of 535363), ETA 0:00:00                               
[00:00:03] ... traversing graph 29.0% (155266 of 535363), ETA 0:00:00                               
[00:00:03] ... traversing graph 30.0% (160620 of 535363), ETA 0:00:00                               
[00:00:03] ... traversing graph 31.0% (165974 of 535363), ETA 0:00:00                               
[00:00:03] ... traversing graph 32.0% (171328 of 535363), ETA 0:00:00                               
[00:00:03] ... traversing graph 33.0% (176682 of 535363), ETA 0:00:00                               
[00:00:03] ... traversing graph 34.0% (182036 of 535363), ETA 0:00:00                               
[00:00:03] ... traversing graph 35.0% (187390 of 535363), ETA 0:00:00                               
[00:00:03] ... traversing graph 36.0% (192744 of 535363), ETA 0:00:00                               
[00:00:03] ... traversing graph 37.0% (198098 of 535363), ETA 0:00:00                               
[00:00:03] Building SCR Graph and Binning (7755 vertices and 29549 edges) [P = 76.00%; -98.5Gb / 1007.8Gb]                           
[00:00:03] ... traversing graph 38.0% (203452 of 535363), ETA 0:00:00                               
[00:00:03] ... traversing graph 39.0% (208806 of 535363), ETA 0:00:00                               
[00:00:03] ... traversing graph 40.0% (214160 of 535363), ETA 0:00:00                               
[00:00:03] ... traversing graph 41.0% (219514 of 535363), ETA 0:00:00                               
[00:00:03] ... traversing graph 42.0% (224868 of 535363), ETA 0:00:00                               
[00:00:03] ... traversing graph 43.0% (230222 of 535363), ETA 0:00:00                               
[00:00:03] ... traversing graph 44.0% (235576 of 535363), ETA 0:00:00                               
[00:00:03] ... traversing graph 45.0% (240930 of 535363), ETA 0:00:00                               
[00:00:03] ... traversing graph 46.0% (246284 of 535363), ETA 0:00:00                               
[00:00:03] ... traversing graph 47.0% (251638 of 535363), ETA 0:00:00                               
[00:00:03] ... traversing graph 48.0% (256992 of 535363), ETA 0:00:00                               
[00:00:03] ... traversing graph 49.0% (262346 of 535363), ETA 0:00:00                               
[00:00:03] ... traversing graph 50.0% (267700 of 535363), ETA 0:00:00                               
[00:00:03] ... traversing graph 51.0% (273054 of 535363), ETA 0:00:00                               
[00:00:03] ... traversing graph 52.0% (278408 of 535363), ETA 0:00:00                               
[00:00:03] ... traversing graph 53.0% (283762 of 535363), ETA 0:00:00                               
[00:00:03] ... traversing graph 54.0% (289116 of 535363), ETA 0:00:00                               
[00:00:03] ... traversing graph 55.0% (294470 of 535363), ETA 0:00:00                               
[00:00:03] ... traversing graph 56.0% (299824 of 535363), ETA 0:00:00                               
[00:00:03] ... traversing graph 57.0% (305178 of 535363), ETA 0:00:00                               
[00:00:03] ... traversing graph 58.0% (310532 of 535363), ETA 0:00:00                               
[00:00:03] ... traversing graph 59.0% (315886 of 535363), ETA 0:00:00                               
[00:00:03] ... traversing graph 60.0% (321240 of 535363), ETA 0:00:00                               
[00:00:03] ... traversing graph 61.0% (326594 of 535363), ETA 0:00:00                               
[00:00:03] ... traversing graph 62.0% (331948 of 535363), ETA 0:00:00                               
[00:00:03] ... traversing graph 63.0% (337302 of 535363), ETA 0:00:00                               
[00:00:03] ... traversing graph 64.0% (342656 of 535363), ETA 0:00:00                               
[00:00:03] ... traversing graph 65.0% (348010 of 535363), ETA 0:00:00                               
[00:00:03] Building SCR Graph and Binning (8724 vertices and 36018 edges) [P = 85.50%; -98.5Gb / 1007.8Gb]                           
[00:00:03] ... traversing graph 66.0% (353364 of 535363), ETA 0:00:00                               
[00:00:03] ... traversing graph 67.0% (358718 of 535363), ETA 0:00:00                               
[00:00:03] ... traversing graph 68.0% (364072 of 535363), ETA 0:00:00                               
[00:00:03] ... traversing graph 69.0% (369426 of 535363), ETA 0:00:00                               
[00:00:03] ... traversing graph 70.0% (374780 of 535363), ETA 0:00:00                               
[00:00:03] ... traversing graph 71.0% (380134 of 535363), ETA 0:00:00                               
[00:00:03] ... traversing graph 72.0% (385488 of 535363), ETA 0:00:00                               
[00:00:03] ... traversing graph 73.0% (390842 of 535363), ETA 0:00:00                               
[00:00:03] ... traversing graph 74.0% (396196 of 535363), ETA 0:00:00                               
[00:00:03] ... traversing graph 75.0% (401550 of 535363), ETA 0:00:00                               
[00:00:03] ... traversing graph 76.0% (406904 of 535363), ETA 0:00:00                               
[00:00:03] ... traversing graph 77.0% (412258 of 535363), ETA 0:00:00                               
[00:00:03] ... traversing graph 78.0% (417612 of 535363), ETA 0:00:00                               
[00:00:03] ... traversing graph 79.0% (422966 of 535363), ETA 0:00:00                               
[00:00:03] ... traversing graph 80.0% (428320 of 535363), ETA 0:00:00                               
[00:00:03] ... traversing graph 81.0% (433674 of 535363), ETA 0:00:00                               
[00:00:03] ... traversing graph 82.0% (439028 of 535363), ETA 0:00:00                               
[00:00:03] ... traversing graph 83.0% (444382 of 535363), ETA 0:00:00                               
[00:00:03] ... traversing graph 84.0% (449736 of 535363), ETA 0:00:00                               
[00:00:03] ... traversing graph 85.0% (455090 of 535363), ETA 0:00:00                               
[00:00:03] ... traversing graph 86.0% (460444 of 535363), ETA 0:00:00                               
[00:00:03] ... traversing graph 87.0% (465798 of 535363), ETA 0:00:00                               
[00:00:03] ... traversing graph 88.0% (471152 of 535363), ETA 0:00:00                               
[00:00:03] Building SCR Graph and Binning (9282 vertices and 45305 edges) [P = 95.00%; -98.6Gb / 1007.8Gb]                           
[00:00:03] Finished Traversing graph [-98.6Gb / 1007.8Gb]                                       
[00:00:03] Dissolved 1843 small clusters leaving 1096 leftover contigs to be re-merged into larger clusters
[00:00:03] Rescuing singleton large contigs                                   
[00:00:03] There are 34 bins already
[00:00:03] Outputting bins
[00:00:03] Writing cluster stats to: ${ARTICLE42_WORK_DIR}/bins/metabat2-multisample/bin.BinInfo.txt
[00:00:03] Writing Members stats to: ${ARTICLE42_WORK_DIR}/bins/metabat2-multisample/bin.BinMembers.txt
[00:00:03] Saving cluster membership matrix to ${ARTICLE42_WORK_DIR}/bins/metabat2-multisample/bin.MemberMatrix.txt
[00:00:03] 93.11% (69772750 bases) of large (>=1500) and 0.00% (0 bases) of small (<1500) contigs were binned.
34 bins (69772750 bases in total) formed.
[00:00:03] Finished
