MetaBAT 2 (2.18) using minContig 1500, minCV 1.0, minCVSum 1.0, maxP 95%, minS 60, maxEdges 200 and minClsSize 200000. with random seed=20260742
[00:00:00] Executing with 24 threads
[00:00:00] Parsing abundance file header [-98.6Gb / 1007.8Gb]
[00:00:00] Parsing assembly file [-98.6Gb / 1007.8Gb]
[00:00:00] ... processed 141 seqs, 141 long (>=1500), 0 short (>=1000) 1.0% (762594 of 75995087), ETA 0:00:00     [-98.6Gb / 1007.8Gb]     
[00:00:00] ... processed 245 seqs, 245 long (>=1500), 0 short (>=1000) 2.0% (1521844 of 75995087), ETA 0:00:00     [-98.6Gb / 1007.8Gb]     
[00:00:00] ... processed 318 seqs, 318 long (>=1500), 0 short (>=1000) 3.0% (2284258 of 75995087), ETA 0:00:00     [-98.6Gb / 1007.8Gb]     
[00:00:00] ... processed 379 seqs, 379 long (>=1500), 0 short (>=1000) 4.0% (3048721 of 75995087), ETA 0:00:00     [-98.6Gb / 1007.8Gb]     
[00:00:00] ... processed 481 seqs, 481 long (>=1500), 0 short (>=1000) 5.0% (3801300 of 75995087), ETA 0:00:00     [-98.6Gb / 1007.8Gb]     
[00:00:00] ... processed 579 seqs, 579 long (>=1500), 0 short (>=1000) 6.0% (4559770 of 75995087), ETA 0:00:00     [-98.6Gb / 1007.8Gb]     
[00:00:00] ... processed 695 seqs, 695 long (>=1500), 0 short (>=1000) 7.0% (5341695 of 75995087), ETA 0:00:00     [-98.6Gb / 1007.8Gb]     
[00:00:00] ... processed 806 seqs, 806 long (>=1500), 0 short (>=1000) 8.0% (6081088 of 75995087), ETA 0:00:00     [-98.6Gb / 1007.8Gb]     
[00:00:00] ... processed 887 seqs, 887 long (>=1500), 0 short (>=1000) 9.0% (6839670 of 75995087), ETA 0:00:00     [-98.6Gb / 1007.8Gb]     
[00:00:00] ... processed 992 seqs, 992 long (>=1500), 0 short (>=1000) 10.0% (7600079 of 75995087), ETA 0:00:00     [-98.6Gb / 1007.8Gb]     
[00:00:00] ... processed 1109 seqs, 1109 long (>=1500), 0 short (>=1000) 11.0% (8371164 of 75995087), ETA 0:00:00     [-98.6Gb / 1007.8Gb]     
[00:00:00] ... processed 1192 seqs, 1192 long (>=1500), 0 short (>=1000) 12.0% (9124343 of 75995087), ETA 0:00:00     [-98.6Gb / 1007.8Gb]     
[00:00:00] ... processed 1358 seqs, 1358 long (>=1500), 0 short (>=1000) 13.0% (9896955 of 75995087), ETA 0:00:00     [-98.6Gb / 1007.8Gb]     
[00:00:00] ... processed 1405 seqs, 1405 long (>=1500), 0 short (>=1000) 14.5% (11033112 of 75995087), ETA 0:00:00     [-98.6Gb / 1007.8Gb]     
[00:00:00] ... processed 1440 seqs, 1440 long (>=1500), 0 short (>=1000) 15.0% (11407120 of 75995087), ETA 0:00:00     [-98.6Gb / 1007.8Gb]     
[00:00:00] ... processed 1560 seqs, 1560 long (>=1500), 0 short (>=1000) 16.0% (12188560 of 75995087), ETA 0:00:00     [-98.6Gb / 1007.8Gb]     
[00:00:00] ... processed 1685 seqs, 1685 long (>=1500), 0 short (>=1000) 17.0% (12919802 of 75995087), ETA 0:00:00     [-98.6Gb / 1007.8Gb]     
[00:00:00] ... processed 1755 seqs, 1755 long (>=1500), 0 short (>=1000) 18.0% (13686992 of 75995087), ETA 0:00:00     [-98.6Gb / 1007.8Gb]     
[00:00:00] ... processed 1865 seqs, 1865 long (>=1500), 0 short (>=1000) 19.0% (14445440 of 75995087), ETA 0:00:00     [-98.6Gb / 1007.8Gb]     
[00:00:00] ... processed 1956 seqs, 1956 long (>=1500), 0 short (>=1000) 20.0% (15216254 of 75995087), ETA 0:00:00     [-98.6Gb / 1007.8Gb]     
[00:00:00] ... processed 2074 seqs, 2074 long (>=1500), 0 short (>=1000) 21.0% (15978675 of 75995087), ETA 0:00:00     [-98.6Gb / 1007.8Gb]     
[00:00:00] ... processed 2130 seqs, 2130 long (>=1500), 0 short (>=1000) 22.1% (16824324 of 75995087), ETA 0:00:00     [-98.6Gb / 1007.8Gb]     
[00:00:00] ... processed 2210 seqs, 2210 long (>=1500), 0 short (>=1000) 23.0% (17500697 of 75995087), ETA 0:00:00     [-98.6Gb / 1007.8Gb]     
[00:00:00] ... processed 2315 seqs, 2315 long (>=1500), 0 short (>=1000) 24.0% (18248490 of 75995087), ETA 0:00:00     [-98.6Gb / 1007.8Gb]     
[00:00:00] ... processed 2449 seqs, 2449 long (>=1500), 0 short (>=1000) 25.0% (18998841 of 75995087), ETA 0:00:00     [-98.6Gb / 1007.8Gb]     
[00:00:00] ... processed 2565 seqs, 2565 long (>=1500), 0 short (>=1000) 26.0% (19765357 of 75995087), ETA 0:00:00     [-98.6Gb / 1007.8Gb]     
[00:00:00] ... processed 2686 seqs, 2686 long (>=1500), 0 short (>=1000) 27.0% (20541538 of 75995087), ETA 0:00:00     [-98.6Gb / 1007.8Gb]     
[00:00:00] ... processed 2815 seqs, 2815 long (>=1500), 0 short (>=1000) 28.0% (21279556 of 75995087), ETA 0:00:00     [-98.6Gb / 1007.8Gb]     
[00:00:00] ... processed 2904 seqs, 2904 long (>=1500), 0 short (>=1000) 29.2% (22159014 of 75995087), ETA 0:00:00     [-98.6Gb / 1007.8Gb]     
[00:00:00] ... processed 2986 seqs, 2986 long (>=1500), 0 short (>=1000) 30.0% (22808244 of 75995087), ETA 0:00:00     [-98.6Gb / 1007.8Gb]     
[00:00:00] ... processed 3108 seqs, 3108 long (>=1500), 0 short (>=1000) 31.0% (23559238 of 75995087), ETA 0:00:00     [-98.6Gb / 1007.8Gb]     
[00:00:00] ... processed 3183 seqs, 3183 long (>=1500), 0 short (>=1000) 32.0% (24337340 of 75995087), ETA 0:00:00     [-98.6Gb / 1007.8Gb]     
[00:00:00] ... processed 3307 seqs, 3307 long (>=1500), 0 short (>=1000) 33.0% (25079459 of 75995087), ETA 0:00:00     [-98.6Gb / 1007.8Gb]     
[00:00:00] ... processed 3432 seqs, 3432 long (>=1500), 0 short (>=1000) 34.0% (25849493 of 75995087), ETA 0:00:00     [-98.6Gb / 1007.8Gb]     
[00:00:00] ... processed 3486 seqs, 3486 long (>=1500), 0 short (>=1000) 35.0% (26606674 of 75995087), ETA 0:00:00     [-98.6Gb / 1007.8Gb]     
[00:00:00] ... processed 3624 seqs, 3624 long (>=1500), 0 short (>=1000) 36.0% (27365395 of 75995087), ETA 0:00:00     [-98.6Gb / 1007.8Gb]     
[00:00:00] ... processed 3713 seqs, 3713 long (>=1500), 0 short (>=1000) 37.0% (28144937 of 75995087), ETA 0:00:00     [-98.6Gb / 1007.8Gb]     
[00:00:00] ... processed 3852 seqs, 3852 long (>=1500), 0 short (>=1000) 38.1% (28928637 of 75995087), ETA 0:00:00     [-98.6Gb / 1007.8Gb]     
[00:00:00] ... processed 3932 seqs, 3932 long (>=1500), 0 short (>=1000) 39.0% (29657063 of 75995087), ETA 0:00:00     [-98.6Gb / 1007.8Gb]     
[00:00:00] ... processed 4015 seqs, 4015 long (>=1500), 0 short (>=1000) 40.0% (30401424 of 75995087), ETA 0:00:00     [-98.6Gb / 1007.8Gb]     
[00:00:00] ... processed 4107 seqs, 4107 long (>=1500), 0 short (>=1000) 41.0% (31164948 of 75995087), ETA 0:00:00     [-98.6Gb / 1007.8Gb]     
[00:00:00] ... processed 4253 seqs, 4253 long (>=1500), 0 short (>=1000) 42.1% (31977569 of 75995087), ETA 0:00:00     [-98.6Gb / 1007.8Gb]     
[00:00:00] ... processed 4385 seqs, 4385 long (>=1500), 0 short (>=1000) 43.0% (32678610 of 75995087), ETA 0:00:00     [-98.6Gb / 1007.8Gb]     
[00:00:00] ... processed 4415 seqs, 4415 long (>=1500), 0 short (>=1000) 44.1% (33522669 of 75995087), ETA 0:00:00     [-98.6Gb / 1007.8Gb]     
[00:00:00] ... processed 4524 seqs, 4524 long (>=1500), 0 short (>=1000) 45.0% (34200523 of 75995087), ETA 0:00:00     [-98.6Gb / 1007.8Gb]     
[00:00:00] ... processed 4612 seqs, 4612 long (>=1500), 0 short (>=1000) 46.0% (34968294 of 75995087), ETA 0:00:00     [-98.6Gb / 1007.8Gb]     
[00:00:00] ... processed 4732 seqs, 4732 long (>=1500), 0 short (>=1000) 47.0% (35719820 of 75995087), ETA 0:00:00     [-98.6Gb / 1007.8Gb]     
[00:00:00] ... processed 4833 seqs, 4833 long (>=1500), 0 short (>=1000) 48.0% (36479131 of 75995087), ETA 0:00:00     [-98.6Gb / 1007.8Gb]     
[00:00:00] ... processed 4969 seqs, 4969 long (>=1500), 0 short (>=1000) 49.0% (37238727 of 75995087), ETA 0:00:00     [-98.6Gb / 1007.8Gb]     
[00:00:00] ... processed 5110 seqs, 5110 long (>=1500), 0 short (>=1000) 50.5% (38399485 of 75995087), ETA 0:00:00     [-98.6Gb / 1007.8Gb]     
[00:00:00] ... processed 5184 seqs, 5184 long (>=1500), 0 short (>=1000) 51.0% (38761553 of 75995087), ETA 0:00:00     [-98.6Gb / 1007.8Gb]     
[00:00:00] ... processed 5294 seqs, 5294 long (>=1500), 0 short (>=1000) 52.0% (39518381 of 75995087), ETA 0:00:00     [-98.6Gb / 1007.8Gb]     
[00:00:00] ... processed 5437 seqs, 5437 long (>=1500), 0 short (>=1000) 53.0% (40293269 of 75995087), ETA 0:00:00     [-98.6Gb / 1007.8Gb]     
[00:00:00] ... processed 5533 seqs, 5533 long (>=1500), 0 short (>=1000) 54.0% (41055735 of 75995087), ETA 0:00:00     [-98.6Gb / 1007.8Gb]     
[00:00:00] ... processed 5639 seqs, 5639 long (>=1500), 0 short (>=1000) 55.0% (41803905 of 75995087), ETA 0:00:00     [-98.6Gb / 1007.8Gb]     
[00:00:00] ... processed 5778 seqs, 5778 long (>=1500), 0 short (>=1000) 56.0% (42557898 of 75995087), ETA 0:00:00     [-98.6Gb / 1007.8Gb]     
[00:00:00] ... processed 5880 seqs, 5880 long (>=1500), 0 short (>=1000) 57.0% (43317788 of 75995087), ETA 0:00:00     [-98.6Gb / 1007.8Gb]     
[00:00:00] ... processed 5995 seqs, 5995 long (>=1500), 0 short (>=1000) 58.0% (44085871 of 75995087), ETA 0:00:00     [-98.6Gb / 1007.8Gb]     
[00:00:00] ... processed 6105 seqs, 6105 long (>=1500), 0 short (>=1000) 59.0% (44839950 of 75995087), ETA 0:00:00     [-98.6Gb / 1007.8Gb]     
[00:00:00] ... processed 6224 seqs, 6224 long (>=1500), 0 short (>=1000) 60.0% (45605388 of 75995087), ETA 0:00:00     [-98.6Gb / 1007.8Gb]     
[00:00:00] ... processed 6303 seqs, 6303 long (>=1500), 0 short (>=1000) 61.0% (46374552 of 75995087), ETA 0:00:00     [-98.6Gb / 1007.8Gb]     
[00:00:00] ... processed 6418 seqs, 6418 long (>=1500), 0 short (>=1000) 62.0% (47118628 of 75995087), ETA 0:00:00     [-98.6Gb / 1007.8Gb]     
[00:00:00] ... processed 6549 seqs, 6549 long (>=1500), 0 short (>=1000) 63.0% (47881182 of 75995087), ETA 0:00:00     [-98.6Gb / 1007.8Gb]     
[00:00:00] ... processed 6695 seqs, 6695 long (>=1500), 0 short (>=1000) 64.0% (48638439 of 75995087), ETA 0:00:00     [-98.6Gb / 1007.8Gb]     
[00:00:00] ... processed 6733 seqs, 6733 long (>=1500), 0 short (>=1000) 65.6% (49829586 of 75995087), ETA 0:00:00     [-98.6Gb / 1007.8Gb]     
[00:00:00] ... processed 6800 seqs, 6800 long (>=1500), 0 short (>=1000) 66.0% (50162604 of 75995087), ETA 0:00:00     [-98.6Gb / 1007.8Gb]     
[00:00:00] ... processed 6900 seqs, 6900 long (>=1500), 0 short (>=1000) 67.0% (50917509 of 75995087), ETA 0:00:00     [-98.6Gb / 1007.8Gb]     
[00:00:00] ... processed 7005 seqs, 7005 long (>=1500), 0 short (>=1000) 68.1% (51714834 of 75995087), ETA 0:00:00     [-98.6Gb / 1007.8Gb]     
[00:00:00] ... processed 7130 seqs, 7130 long (>=1500), 0 short (>=1000) 69.0% (52437747 of 75995087), ETA 0:00:00     [-98.6Gb / 1007.8Gb]     
[00:00:00] ... processed 7216 seqs, 7216 long (>=1500), 0 short (>=1000) 70.0% (53199691 of 75995087), ETA 0:00:00     [-98.6Gb / 1007.8Gb]     
[00:00:00] ... processed 7303 seqs, 7303 long (>=1500), 0 short (>=1000) 71.0% (53993580 of 75995087), ETA 0:00:00     [-98.6Gb / 1007.8Gb]     
[00:00:00] ... processed 7410 seqs, 7410 long (>=1500), 0 short (>=1000) 72.4% (55010572 of 75995087), ETA 0:00:00     [-98.6Gb / 1007.8Gb]     
[00:00:00] ... processed 7491 seqs, 7491 long (>=1500), 0 short (>=1000) 73.0% (55477009 of 75995087), ETA 0:00:00     [-98.6Gb / 1007.8Gb]     
[00:00:00] ... processed 7606 seqs, 7606 long (>=1500), 0 short (>=1000) 74.0% (56242787 of 75995087), ETA 0:00:00     [-98.6Gb / 1007.8Gb]     
[00:00:00] ... processed 7753 seqs, 7753 long (>=1500), 0 short (>=1000) 75.0% (57001423 of 75995087), ETA 0:00:00     [-98.6Gb / 1007.8Gb]     
[00:00:00] ... processed 7947 seqs, 7947 long (>=1500), 0 short (>=1000) 76.0% (57756450 of 75995087), ETA 0:00:00     [-98.6Gb / 1007.8Gb]     
[00:00:00] ... processed 8021 seqs, 8021 long (>=1500), 0 short (>=1000) 77.0% (58525888 of 75995087), ETA 0:00:00     [-98.6Gb / 1007.8Gb]     
[00:00:00] ... processed 8132 seqs, 8132 long (>=1500), 0 short (>=1000) 78.1% (59317365 of 75995087), ETA 0:00:00     [-98.6Gb / 1007.8Gb]     
[00:00:00] ... processed 8262 seqs, 8262 long (>=1500), 0 short (>=1000) 79.0% (60038347 of 75995087), ETA 0:00:00     [-98.6Gb / 1007.8Gb]     
[00:00:00] ... processed 8394 seqs, 8394 long (>=1500), 0 short (>=1000) 80.0% (60796410 of 75995087), ETA 0:00:00     [-98.6Gb / 1007.8Gb]     
[00:00:00] ... processed 8403 seqs, 8403 long (>=1500), 0 short (>=1000) 81.0% (61559884 of 75995087), ETA 0:00:00     [-98.6Gb / 1007.8Gb]     
[00:00:00] ... processed 8529 seqs, 8529 long (>=1500), 0 short (>=1000) 82.2% (62440319 of 75995087), ETA 0:00:00     [-98.6Gb / 1007.8Gb]     
[00:00:00] ... processed 8640 seqs, 8640 long (>=1500), 0 short (>=1000) 83.1% (63133567 of 75995087), ETA 0:00:00     [-98.6Gb / 1007.8Gb]     
[00:00:00] ... processed 8774 seqs, 8774 long (>=1500), 0 short (>=1000) 84.0% (63838022 of 75995087), ETA 0:00:00     [-98.6Gb / 1007.8Gb]     
[00:00:00] ... processed 8913 seqs, 8913 long (>=1500), 0 short (>=1000) 85.0% (64617970 of 75995087), ETA 0:00:00     [-98.6Gb / 1007.8Gb]     
[00:00:00] ... processed 9013 seqs, 9013 long (>=1500), 0 short (>=1000) 86.1% (65395545 of 75995087), ETA 0:00:00     [-98.6Gb / 1007.8Gb]     
[00:00:00] ... processed 9120 seqs, 9120 long (>=1500), 0 short (>=1000) 87.0% (66117035 of 75995087), ETA 0:00:00     [-98.6Gb / 1007.8Gb]     
[00:00:00] ... processed 9238 seqs, 9238 long (>=1500), 0 short (>=1000) 88.0% (66882192 of 75995087), ETA 0:00:00     [-98.6Gb / 1007.8Gb]     
[00:00:00] ... processed 9376 seqs, 9376 long (>=1500), 0 short (>=1000) 89.0% (67639967 of 75995087), ETA 0:00:00     [-98.6Gb / 1007.8Gb]     
[00:00:00] ... processed 9471 seqs, 9471 long (>=1500), 0 short (>=1000) 90.0% (68430004 of 75995087), ETA 0:00:00     [-98.6Gb / 1007.8Gb]     
[00:00:00] ... processed 9539 seqs, 9539 long (>=1500), 0 short (>=1000) 91.0% (69156488 of 75995087), ETA 0:00:00     [-98.6Gb / 1007.8Gb]     
[00:00:00] ... processed 9565 seqs, 9565 long (>=1500), 0 short (>=1000) 92.6% (70352421 of 75995087), ETA 0:00:00     [-98.6Gb / 1007.8Gb]     
[00:00:00] ... processed 9627 seqs, 9627 long (>=1500), 0 short (>=1000) 93.0% (70675913 of 75995087), ETA 0:00:00     [-98.6Gb / 1007.8Gb]     
[00:00:00] ... processed 9753 seqs, 9753 long (>=1500), 0 short (>=1000) 94.0% (71444146 of 75995087), ETA 0:00:00     [-98.6Gb / 1007.8Gb]     
[00:00:00] ... processed 9866 seqs, 9866 long (>=1500), 0 short (>=1000) 95.1% (72265342 of 75995087), ETA 0:00:00     [-98.6Gb / 1007.8Gb]     
[00:00:00] ... processed 10010 seqs, 10010 long (>=1500), 0 short (>=1000) 96.1% (73064957 of 75995087), ETA 0:00:00     [-98.6Gb / 1007.8Gb]     
[00:00:00] ... processed 10051 seqs, 10051 long (>=1500), 0 short (>=1000) 97.0% (73719330 of 75995087), ETA 0:00:00     [-98.6Gb / 1007.8Gb]     
[00:00:00] ... processed 10171 seqs, 10171 long (>=1500), 0 short (>=1000) 98.0% (74476776 of 75995087), ETA 0:00:00     [-98.6Gb / 1007.8Gb]     
[00:00:00] Number of large contigs >= 1500 bp are 10203, and small contigs >= 1000 bp are 0                                                                  
[00:00:00] Allocating 10203 contigs by 1 samples abundances [-98.6Gb / 1007.8Gb]
[00:00:00] Allocating 10203 contigs by 1 samples variances [-98.6Gb / 1007.8Gb]
[00:00:00] Allocating 0 small contigs by 1 samples abundances [-98.6Gb / 1007.8Gb]
[00:00:00] Reading 0.000378Gb abundance file [-98.6Gb / 1007.8Gb]
[00:00:00] ... processed 102 lines 101 contigs and 0 short contigs 1.0% (4077 of 405634), ETA 0:00:00     [-98.6Gb / 1007.8Gb]                 
[00:00:00] ... processed 205 lines 203 contigs and 0 short contigs 2.0% (8140 of 405634), ETA 0:00:00     [-98.6Gb / 1007.8Gb]                 
[00:00:00] ... processed 310 lines 306 contigs and 0 short contigs 3.0% (12201 of 405634), ETA 0:00:00     [-98.6Gb / 1007.8Gb]                 
[00:00:00] ... processed 413 lines 408 contigs and 0 short contigs 4.0% (16257 of 405634), ETA 0:00:00     [-98.6Gb / 1007.8Gb]                 
[00:00:00] ... processed 517 lines 510 contigs and 0 short contigs 5.0% (20293 of 405634), ETA 0:00:00     [-98.6Gb / 1007.8Gb]                 
[00:00:00] ... processed 620 lines 612 contigs and 0 short contigs 6.0% (24353 of 405634), ETA 0:00:00     [-98.6Gb / 1007.8Gb]                 
[00:00:00] ... processed 723 lines 715 contigs and 0 short contigs 7.0% (28434 of 405634), ETA 0:00:00     [-98.6Gb / 1007.8Gb]                 
[00:00:00] ... processed 827 lines 817 contigs and 0 short contigs 8.0% (32484 of 405634), ETA 0:00:00     [-98.6Gb / 1007.8Gb]                 
[00:00:00] ... processed 931 lines 919 contigs and 0 short contigs 9.0% (36540 of 405634), ETA 0:00:00     [-98.6Gb / 1007.8Gb]                 
[00:00:00] ... processed 1033 lines 1021 contigs and 0 short contigs 10.0% (40590 of 405634), ETA 0:00:00     [-98.6Gb / 1007.8Gb]                 
[00:00:00] ... processed 1138 lines 1123 contigs and 0 short contigs 11.0% (44662 of 405634), ETA 0:00:00     [-98.6Gb / 1007.8Gb]                 
[00:00:00] ... processed 1241 lines 1225 contigs and 0 short contigs 12.0% (48701 of 405634), ETA 0:00:00     [-98.6Gb / 1007.8Gb]                 
[00:00:00] ... processed 1345 lines 1327 contigs and 0 short contigs 13.0% (52742 of 405634), ETA 0:00:00     [-98.6Gb / 1007.8Gb]                 
[00:00:00] ... processed 1448 lines 1430 contigs and 0 short contigs 14.0% (56819 of 405634), ETA 0:00:00     [-98.6Gb / 1007.8Gb]                 
[00:00:00] ... processed 1552 lines 1532 contigs and 0 short contigs 15.0% (60857 of 405634), ETA 0:00:00     [-98.6Gb / 1007.8Gb]                 
[00:00:00] ... processed 1656 lines 1634 contigs and 0 short contigs 16.0% (64914 of 405634), ETA 0:00:00     [-98.6Gb / 1007.8Gb]                 
[00:00:00] ... processed 1758 lines 1736 contigs and 0 short contigs 17.0% (68982 of 405634), ETA 0:00:00     [-98.6Gb / 1007.8Gb]                 
[00:00:00] ... processed 1861 lines 1839 contigs and 0 short contigs 18.0% (73063 of 405634), ETA 0:00:00     [-98.6Gb / 1007.8Gb]                 
[00:00:00] ... processed 1963 lines 1941 contigs and 0 short contigs 19.0% (77095 of 405634), ETA 0:00:00     [-98.6Gb / 1007.8Gb]                 
[00:00:00] ... processed 2067 lines 2043 contigs and 0 short contigs 20.0% (81148 of 405634), ETA 0:00:00     [-98.6Gb / 1007.8Gb]                 
[00:00:00] ... processed 2171 lines 2146 contigs and 0 short contigs 21.0% (85229 of 405634), ETA 0:00:00     [-98.6Gb / 1007.8Gb]                 
[00:00:00] ... processed 2276 lines 2248 contigs and 0 short contigs 22.0% (89284 of 405634), ETA 0:00:00     [-98.6Gb / 1007.8Gb]                 
[00:00:00] ... processed 2381 lines 2350 contigs and 0 short contigs 23.0% (93336 of 405634), ETA 0:00:00     [-98.6Gb / 1007.8Gb]                 
[00:00:00] ... processed 2486 lines 2453 contigs and 0 short contigs 24.0% (97393 of 405634), ETA 0:00:00     [-98.6Gb / 1007.8Gb]                 
[00:00:00] ... processed 2589 lines 2555 contigs and 0 short contigs 25.0% (101439 of 405634), ETA 0:00:00     [-98.6Gb / 1007.8Gb]                 
[00:00:00] ... processed 2693 lines 2658 contigs and 0 short contigs 26.0% (105516 of 405634), ETA 0:00:00     [-98.6Gb / 1007.8Gb]                 
[00:00:00] ... processed 2796 lines 2760 contigs and 0 short contigs 27.0% (109578 of 405634), ETA 0:00:00     [-98.6Gb / 1007.8Gb]                 
[00:00:00] ... processed 2899 lines 2861 contigs and 0 short contigs 28.0% (113620 of 405634), ETA 0:00:00     [-98.6Gb / 1007.8Gb]                 
[00:00:00] ... processed 3001 lines 2963 contigs and 0 short contigs 29.0% (117690 of 405634), ETA 0:00:00     [-98.6Gb / 1007.8Gb]                 
[00:00:00] ... processed 3104 lines 3065 contigs and 0 short contigs 30.0% (121749 of 405634), ETA 0:00:00     [-98.6Gb / 1007.8Gb]                 
[00:00:00] ... processed 3207 lines 3166 contigs and 0 short contigs 31.0% (125774 of 405634), ETA 0:00:00     [-98.6Gb / 1007.8Gb]                 
[00:00:00] ... processed 3312 lines 3268 contigs and 0 short contigs 32.0% (129830 of 405634), ETA 0:00:00     [-98.6Gb / 1007.8Gb]                 
[00:00:00] ... processed 3414 lines 3370 contigs and 0 short contigs 33.0% (133897 of 405634), ETA 0:00:00     [-98.6Gb / 1007.8Gb]                 
[00:00:00] ... processed 3517 lines 3472 contigs and 0 short contigs 34.0% (137944 of 405634), ETA 0:00:00     [-98.6Gb / 1007.8Gb]                 
[00:00:00] ... processed 3621 lines 3575 contigs and 0 short contigs 35.0% (142022 of 405634), ETA 0:00:00     [-98.6Gb / 1007.8Gb]                 
[00:00:00] ... processed 3726 lines 3677 contigs and 0 short contigs 36.0% (146060 of 405634), ETA 0:00:00     [-98.6Gb / 1007.8Gb]                 
[00:00:00] ... processed 3828 lines 3779 contigs and 0 short contigs 37.0% (150111 of 405634), ETA 0:00:00     [-98.6Gb / 1007.8Gb]                 
[00:00:00] ... processed 3931 lines 3881 contigs and 0 short contigs 38.0% (154171 of 405634), ETA 0:00:00     [-98.6Gb / 1007.8Gb]                 
[00:00:00] ... processed 4033 lines 3983 contigs and 0 short contigs 39.0% (158233 of 405634), ETA 0:00:00     [-98.6Gb / 1007.8Gb]                 
[00:00:00] ... processed 4139 lines 4085 contigs and 0 short contigs 40.0% (162311 of 405634), ETA 0:00:00     [-98.6Gb / 1007.8Gb]                 
[00:00:00] ... processed 4243 lines 4187 contigs and 0 short contigs 41.0% (166357 of 405634), ETA 0:00:00     [-98.6Gb / 1007.8Gb]                 
[00:00:00] ... processed 4345 lines 4289 contigs and 0 short contigs 42.0% (170413 of 405634), ETA 0:00:00     [-98.6Gb / 1007.8Gb]                 
[00:00:00] ... processed 4450 lines 4391 contigs and 0 short contigs 43.0% (174462 of 405634), ETA 0:00:00     [-98.6Gb / 1007.8Gb]                 
[00:00:00] ... processed 4554 lines 4493 contigs and 0 short contigs 44.0% (178538 of 405634), ETA 0:00:00     [-98.6Gb / 1007.8Gb]                 
[00:00:00] ... processed 4655 lines 4594 contigs and 0 short contigs 45.0% (182567 of 405634), ETA 0:00:00     [-98.6Gb / 1007.8Gb]                 
[00:00:00] ... processed 4757 lines 4696 contigs and 0 short contigs 46.0% (186630 of 405634), ETA 0:00:00     [-98.6Gb / 1007.8Gb]                 
[00:00:00] ... processed 4860 lines 4798 contigs and 0 short contigs 47.0% (190687 of 405634), ETA 0:00:00     [-98.6Gb / 1007.8Gb]                 
[00:00:00] ... processed 4963 lines 4900 contigs and 0 short contigs 48.0% (194741 of 405634), ETA 0:00:00     [-98.6Gb / 1007.8Gb]                 
[00:00:00] ... processed 5067 lines 5002 contigs and 0 short contigs 49.0% (198801 of 405634), ETA 0:00:00     [-98.6Gb / 1007.8Gb]                 
[00:00:00] ... processed 5171 lines 5104 contigs and 0 short contigs 50.0% (202863 of 405634), ETA 0:00:00     [-98.6Gb / 1007.8Gb]                 
[00:00:00] ... processed 5274 lines 5207 contigs and 0 short contigs 51.0% (206947 of 405634), ETA 0:00:00     [-98.6Gb / 1007.8Gb]                 
[00:00:00] ... processed 5378 lines 5308 contigs and 0 short contigs 52.0% (210976 of 405634), ETA 0:00:00     [-98.6Gb / 1007.8Gb]                 
[00:00:00] ... processed 5482 lines 5411 contigs and 0 short contigs 53.0% (215058 of 405634), ETA 0:00:00     [-98.6Gb / 1007.8Gb]                 
[00:00:00] ... processed 5584 lines 5513 contigs and 0 short contigs 54.0% (219110 of 405634), ETA 0:00:00     [-98.6Gb / 1007.8Gb]                 
[00:00:00] ... processed 5688 lines 5615 contigs and 0 short contigs 55.0% (223150 of 405634), ETA 0:00:00     [-98.6Gb / 1007.8Gb]                 
[00:00:00] ... processed 5790 lines 5717 contigs and 0 short contigs 56.0% (227198 of 405634), ETA 0:00:00     [-98.6Gb / 1007.8Gb]                 
[00:00:00] ... processed 5894 lines 5820 contigs and 0 short contigs 57.0% (231271 of 405634), ETA 0:00:00     [-98.6Gb / 1007.8Gb]                 
[00:00:00] ... processed 5998 lines 5922 contigs and 0 short contigs 58.0% (235331 of 405634), ETA 0:00:00     [-98.6Gb / 1007.8Gb]                 
[00:00:00] ... processed 6100 lines 6024 contigs and 0 short contigs 59.0% (239389 of 405634), ETA 0:00:00     [-98.6Gb / 1007.8Gb]                 
[00:00:00] ... processed 6204 lines 6126 contigs and 0 short contigs 60.0% (243439 of 405634), ETA 0:00:00     [-98.6Gb / 1007.8Gb]                 
[00:00:00] ... processed 6308 lines 6229 contigs and 0 short contigs 61.0% (247515 of 405634), ETA 0:00:00     [-98.6Gb / 1007.8Gb]                 
[00:00:00] ... processed 6413 lines 6331 contigs and 0 short contigs 62.0% (251566 of 405634), ETA 0:00:00     [-98.6Gb / 1007.8Gb]                 
[00:00:00] ... processed 6515 lines 6433 contigs and 0 short contigs 63.0% (255614 of 405634), ETA 0:00:00     [-98.6Gb / 1007.8Gb]                 
[00:00:00] ... processed 6617 lines 6535 contigs and 0 short contigs 64.0% (259661 of 405634), ETA 0:00:00     [-98.6Gb / 1007.8Gb]                 
[00:00:00] ... processed 6722 lines 6637 contigs and 0 short contigs 65.0% (263719 of 405634), ETA 0:00:00     [-98.6Gb / 1007.8Gb]                 
[00:00:00] ... processed 6827 lines 6739 contigs and 0 short contigs 66.0% (267783 of 405634), ETA 0:00:00     [-98.6Gb / 1007.8Gb]                 
[00:00:00] ... processed 6931 lines 6841 contigs and 0 short contigs 67.0% (271847 of 405634), ETA 0:00:00     [-98.6Gb / 1007.8Gb]                 
[00:00:00] ... processed 7033 lines 6943 contigs and 0 short contigs 68.0% (275899 of 405634), ETA 0:00:00     [-98.6Gb / 1007.8Gb]                 
[00:00:00] ... processed 7137 lines 7045 contigs and 0 short contigs 69.0% (279936 of 405634), ETA 0:00:00     [-98.6Gb / 1007.8Gb]                 
[00:00:00] ... processed 7242 lines 7148 contigs and 0 short contigs 70.0% (284001 of 405634), ETA 0:00:00     [-98.6Gb / 1007.8Gb]                 
[00:00:00] ... processed 7345 lines 7250 contigs and 0 short contigs 71.0% (288066 of 405634), ETA 0:00:00     [-98.6Gb / 1007.8Gb]                 
[00:00:00] ... processed 7449 lines 7352 contigs and 0 short contigs 72.0% (292130 of 405634), ETA 0:00:00     [-98.6Gb / 1007.8Gb]                 
[00:00:00] ... processed 7552 lines 7454 contigs and 0 short contigs 73.0% (296174 of 405634), ETA 0:00:00     [-98.6Gb / 1007.8Gb]                 
[00:00:00] ... processed 7654 lines 7556 contigs and 0 short contigs 74.0% (300222 of 405634), ETA 0:00:00     [-98.6Gb / 1007.8Gb]                 
[00:00:00] ... processed 7759 lines 7658 contigs and 0 short contigs 75.0% (304279 of 405634), ETA 0:00:00     [-98.6Gb / 1007.8Gb]                 
[00:00:00] ... processed 7861 lines 7760 contigs and 0 short contigs 76.0% (308354 of 405634), ETA 0:00:00     [-98.6Gb / 1007.8Gb]                 
[00:00:00] ... processed 7962 lines 7861 contigs and 0 short contigs 77.0% (312394 of 405634), ETA 0:00:00     [-98.6Gb / 1007.8Gb]                 
[00:00:00] ... processed 8065 lines 7963 contigs and 0 short contigs 78.0% (316466 of 405634), ETA 0:00:00     [-98.6Gb / 1007.8Gb]                 
[00:00:00] ... processed 8168 lines 8065 contigs and 0 short contigs 79.0% (320524 of 405634), ETA 0:00:00     [-98.6Gb / 1007.8Gb]                 
[00:00:00] ... processed 8272 lines 8167 contigs and 0 short contigs 80.0% (324582 of 405634), ETA 0:00:00     [-98.6Gb / 1007.8Gb]                 
[00:00:00] ... processed 8376 lines 8269 contigs and 0 short contigs 81.0% (328632 of 405634), ETA 0:00:00     [-98.6Gb / 1007.8Gb]                 
[00:00:00] ... processed 8480 lines 8371 contigs and 0 short contigs 82.0% (332688 of 405634), ETA 0:00:00     [-98.6Gb / 1007.8Gb]                 
[00:00:00] ... processed 8582 lines 8473 contigs and 0 short contigs 83.0% (336767 of 405634), ETA 0:00:00     [-98.6Gb / 1007.8Gb]                 
[00:00:00] ... processed 8684 lines 8575 contigs and 0 short contigs 84.0% (340813 of 405634), ETA 0:00:00     [-98.6Gb / 1007.8Gb]                 
[00:00:00] ... processed 8787 lines 8677 contigs and 0 short contigs 85.0% (344865 of 405634), ETA 0:00:00     [-98.6Gb / 1007.8Gb]                 
[00:00:00] ... processed 8890 lines 8779 contigs and 0 short contigs 86.0% (348913 of 405634), ETA 0:00:00     [-98.6Gb / 1007.8Gb]                 
[00:00:00] ... processed 8993 lines 8881 contigs and 0 short contigs 87.0% (352980 of 405634), ETA 0:00:00     [-98.6Gb / 1007.8Gb]                 
[00:00:00] ... processed 9098 lines 8982 contigs and 0 short contigs 88.0% (357022 of 405634), ETA 0:00:00     [-98.6Gb / 1007.8Gb]                 
[00:00:00] ... processed 9202 lines 9084 contigs and 0 short contigs 89.0% (361086 of 405634), ETA 0:00:00     [-98.6Gb / 1007.8Gb]                 
[00:00:00] ... processed 9305 lines 9186 contigs and 0 short contigs 90.0% (365148 of 405634), ETA 0:00:00     [-98.6Gb / 1007.8Gb]                 
[00:00:00] ... processed 9408 lines 9288 contigs and 0 short contigs 91.0% (369208 of 405634), ETA 0:00:00     [-98.6Gb / 1007.8Gb]                 
[00:00:00] ... processed 9513 lines 9390 contigs and 0 short contigs 92.0% (373267 of 405634), ETA 0:00:00     [-98.6Gb / 1007.8Gb]                 
[00:00:00] ... processed 9618 lines 9492 contigs and 0 short contigs 93.0% (377318 of 405634), ETA 0:00:00     [-98.6Gb / 1007.8Gb]                 
[00:00:00] ... processed 9721 lines 9594 contigs and 0 short contigs 94.0% (381380 of 405634), ETA 0:00:00     [-98.6Gb / 1007.8Gb]                 
[00:00:00] ... processed 9824 lines 9696 contigs and 0 short contigs 95.0% (385444 of 405634), ETA 0:00:00     [-98.6Gb / 1007.8Gb]                 
[00:00:00] ... processed 9927 lines 9798 contigs and 0 short contigs 96.0% (389505 of 405634), ETA 0:00:00     [-98.6Gb / 1007.8Gb]                 
[00:00:00] ... processed 10030 lines 9899 contigs and 0 short contigs 97.0% (393529 of 405634), ETA 0:00:00     [-98.6Gb / 1007.8Gb]                 
[00:00:00] ... processed 10134 lines 10001 contigs and 0 short contigs 98.0% (397606 of 405634), ETA 0:00:00     [-98.6Gb / 1007.8Gb]                 
[00:00:00] ... processed 10238 lines 10103 contigs and 0 short contigs 99.0% (401677 of 405634), ETA 0:00:00     [-98.6Gb / 1007.8Gb]                 
[00:00:00] Finished reading 10203 contigs and 1 coverages from ${ARTICLE42_WORK_DIR}/inputs/jgi-depth.MOCK1-only.tsv [-98.6Gb / 1007.8Gb]. Ignored 0 too small contigs.                                     
[00:00:00] Number of target contigs: 10066 of large (>= 1500) and 0 of small ones (>=1000 & <1500). 
[00:00:00] Start contig TNF calculation. nobs = 10066
[00:00:00] Allocated memory for TNF [-98.6Gb / 1007.8Gb]
[00:00:00] Calculating TNF 1.2% (117 of 10066), ETA 0:00:00    
[00:00:00] Calculating TNF 2.0% (203 of 10066), ETA 0:00:00    
[00:00:00] Calculating TNF 3.2% (318 of 10066), ETA 0:00:00    
[00:00:00] Calculating TNF 4.1% (411 of 10066), ETA 0:00:00    
[00:00:00] Calculating TNF 5.0% (505 of 10066), ETA 0:00:00    
[00:00:00] Calculating TNF 6.1% (609 of 10066), ETA 0:00:00    
[00:00:00] Calculating TNF 7.2% (725 of 10066), ETA 0:00:00    
[00:00:00] Calculating TNF 8.2% (828 of 10066), ETA 0:00:00    
[00:00:00] Calculating TNF 9.0% (910 of 10066), ETA 0:00:00    
[00:00:00] Calculating TNF 10.2% (1022 of 10066), ETA 0:00:00    
[00:00:00] Calculating TNF 11.1% (1113 of 10066), ETA 0:00:00    
[00:00:00] Calculating TNF 12.0% (1212 of 10066), ETA 0:00:00    
[00:00:00] Calculating TNF 14.3% (1442 of 10066), ETA 0:00:00    
[00:00:00] Calculating TNF 15.2% (1533 of 10066), ETA 0:00:00    
[00:00:00] Calculating TNF 16.6% (1669 of 10066), ETA 0:00:00    
[00:00:00] Calculating TNF 17.6% (1769 of 10066), ETA 0:00:00    
[00:00:00] Calculating TNF 20.0% (2014 of 10066), ETA 0:00:00    
[00:00:00] Calculating TNF 20.1% (2027 of 10066), ETA 0:00:00    
[00:00:00] Calculating TNF 21.2% (2136 of 10066), ETA 0:00:00    
[00:00:00] Calculating TNF 24.2% (2441 of 10066), ETA 0:00:00    
[00:00:00] Calculating TNF 25.2% (2533 of 10066), ETA 0:00:00    
[00:00:00] Calculating TNF 26.1% (2632 of 10066), ETA 0:00:00    
[00:00:00] Calculating TNF 27.1% (2728 of 10066), ETA 0:00:00    
[00:00:00] Calculating TNF 28.4% (2861 of 10066), ETA 0:00:00    
[00:00:00] Calculating TNF 29.5% (2966 of 10066), ETA 0:00:00    
[00:00:00] Calculating TNF 30.4% (3062 of 10066), ETA 0:00:00    
[00:00:00] Calculating TNF 31.3% (3148 of 10066), ETA 0:00:00    
[00:00:00] Calculating TNF 32.1% (3232 of 10066), ETA 0:00:00    
[00:00:00] Calculating TNF 34.0% (3424 of 10066), ETA 0:00:00    
[00:00:00] Calculating TNF 34.1% (3434 of 10066), ETA 0:00:00    
[00:00:00] Calculating TNF 35.8% (3605 of 10066), ETA 0:00:00    
[00:00:00] Calculating TNF 36.1% (3638 of 10066), ETA 0:00:00    
[00:00:00] Calculating TNF 37.1% (3739 of 10066), ETA 0:00:00    
[00:00:00] Calculating TNF 38.2% (3848 of 10066), ETA 0:00:00    
[00:00:00] Calculating TNF 40.4% (4068 of 10066), ETA 0:00:00    
[00:00:00] Calculating TNF 41.7% (4197 of 10066), ETA 0:00:00    
[00:00:00] Calculating TNF 42.2% (4252 of 10066), ETA 0:00:00    
[00:00:00] Calculating TNF 44.0% (4427 of 10066), ETA 0:00:00    
[00:00:00] Calculating TNF 44.3% (4458 of 10066), ETA 0:00:00    
[00:00:00] Calculating TNF 45.9% (4617 of 10066), ETA 0:00:00    
[00:00:00] Calculating TNF 46.2% (4646 of 10066), ETA 0:00:00    
[00:00:00] Calculating TNF 47.2% (4749 of 10066), ETA 0:00:00    
[00:00:00] Calculating TNF 48.2% (4855 of 10066), ETA 0:00:00    
[00:00:00] Calculating TNF 52.2% (5257 of 10066), ETA 0:00:00    
[00:00:00] Calculating TNF 53.3% (5365 of 10066), ETA 0:00:00    
[00:00:00] Calculating TNF 54.4% (5479 of 10066), ETA 0:00:00    
[00:00:00] Calculating TNF 55.2% (5557 of 10066), ETA 0:00:00    
[00:00:00] Calculating TNF 57.6% (5802 of 10066), ETA 0:00:00    
[00:00:00] Calculating TNF 60.9% (6132 of 10066), ETA 0:00:00    
[00:00:00] Calculating TNF 61.2% (6162 of 10066), ETA 0:00:00    
[00:00:00] Calculating TNF 62.2% (6265 of 10066), ETA 0:00:00    
[00:00:00] Calculating TNF 63.3% (6372 of 10066), ETA 0:00:00    
[00:00:00] Calculating TNF 64.2% (6467 of 10066), ETA 0:00:00    
[00:00:00] Calculating TNF 65.3% (6571 of 10066), ETA 0:00:00    
[00:00:00] Calculating TNF 66.3% (6671 of 10066), ETA 0:00:00    
[00:00:00] Calculating TNF 67.3% (6775 of 10066), ETA 0:00:00    
[00:00:00] Calculating TNF 68.4% (6885 of 10066), ETA 0:00:00    
[00:00:00] Calculating TNF 69.7% (7011 of 10066), ETA 0:00:00    
[00:00:00] Calculating TNF 70.5% (7092 of 10066), ETA 0:00:00    
[00:00:00] Calculating TNF 71.3% (7182 of 10066), ETA 0:00:00    
[00:00:00] Calculating TNF 72.3% (7277 of 10066), ETA 0:00:00    
[00:00:00] Calculating TNF 73.3% (7379 of 10066), ETA 0:00:00    
[00:00:00] Calculating TNF 74.3% (7481 of 10066), ETA 0:00:00    
[00:00:00] Calculating TNF 75.3% (7575 of 10066), ETA 0:00:00    
[00:00:00] Calculating TNF 76.3% (7677 of 10066), ETA 0:00:00    
[00:00:00] Calculating TNF 77.5% (7801 of 10066), ETA 0:00:00    
[00:00:00] Calculating TNF 78.4% (7893 of 10066), ETA 0:00:00    
[00:00:00] Calculating TNF 79.4% (7990 of 10066), ETA 0:00:00    
[00:00:00] Calculating TNF 81.2% (8173 of 10066), ETA 0:00:00    
[00:00:00] Calculating TNF 81.4% (8191 of 10066), ETA 0:00:00    
[00:00:00] Calculating TNF 82.4% (8295 of 10066), ETA 0:00:00    
[00:00:00] Calculating TNF 83.3% (8383 of 10066), ETA 0:00:00    
[00:00:00] Calculating TNF 84.4% (8496 of 10066), ETA 0:00:00    
[00:00:00] Calculating TNF 85.5% (8605 of 10066), ETA 0:00:00    
[00:00:00] Calculating TNF 86.5% (8708 of 10066), ETA 0:00:00    
[00:00:00] Calculating TNF 87.4% (8795 of 10066), ETA 0:00:00    
[00:00:00] Calculating TNF 88.5% (8907 of 10066), ETA 0:00:00    
[00:00:00] Calculating TNF 89.4% (8996 of 10066), ETA 0:00:00    
[00:00:00] Calculating TNF 90.3% (9094 of 10066), ETA 0:00:00    
[00:00:00] Calculating TNF 91.5% (9210 of 10066), ETA 0:00:00    
[00:00:00] Calculating TNF 92.3% (9292 of 10066), ETA 0:00:00    
[00:00:00] Calculating TNF 93.5% (9413 of 10066), ETA 0:00:00    
[00:00:00] Calculating TNF 94.5% (9511 of 10066), ETA 0:00:00    
[00:00:00] Calculating TNF 95.4% (9600 of 10066), ETA 0:00:00    
[00:00:00] Calculating TNF 96.5% (9711 of 10066), ETA 0:00:00    
[00:00:00] Calculating TNF 97.6% (9824 of 10066), ETA 0:00:00    
[00:00:00] Calculating TNF 98.9% (9952 of 10066), ETA 0:00:00    
[00:00:00] Calculating TNF 99.5% (10015 of 10066), ETA 0:00:00    
[00:00:00] Finished contig TNF calculation.  [-98.6Gb / 1007.8Gb]                                
[00:00:00] ... processing TNF matrix 1.3% (127 of 10066), ETA 0:00:06                   
[00:00:00] ... processing TNF matrix 2.2% (223 of 10066), ETA 0:00:04                   
[00:00:00] ... processing TNF matrix 3.2% (318 of 10066), ETA 0:00:03                   
[00:00:00] ... processing TNF matrix 4.1% (414 of 10066), ETA 0:00:03                   
[00:00:00] ... processing TNF matrix 5.2% (524 of 10066), ETA 0:00:02                   
[00:00:00] ... processing TNF matrix 6.1% (619 of 10066), ETA 0:00:02                   
[00:00:00] ... processing TNF matrix 7.1% (715 of 10066), ETA 0:00:02                   
[00:00:00] ... processing TNF matrix 8.0% (809 of 10066), ETA 0:00:02                   
[00:00:00] ... processing TNF matrix 9.2% (929 of 10066), ETA 0:00:02                   
[00:00:00] ... processing TNF matrix 10.2% (1024 of 10066), ETA 0:00:02                   
[00:00:00] ... processing TNF matrix 11.1% (1118 of 10066), ETA 0:00:01                   
[00:00:00] ... processing TNF matrix 12.1% (1213 of 10066), ETA 0:00:01                   
[00:00:00] ... processing TNF matrix 13.2% (1330 of 10066), ETA 0:00:01                   
[00:00:00] ... processing TNF matrix 14.1% (1424 of 10066), ETA 0:00:01                   
[00:00:00] ... processing TNF matrix 15.1% (1519 of 10066), ETA 0:00:01                   
[00:00:00] ... processing TNF matrix 16.3% (1636 of 10066), ETA 0:00:01                   
[00:00:00] ... processing TNF matrix 17.2% (1728 of 10066), ETA 0:00:01                   
[00:00:00] ... processing TNF matrix 18.1% (1823 of 10066), ETA 0:00:01                   
[00:00:00] ... processing TNF matrix 19.3% (1939 of 10066), ETA 0:00:01                   
[00:00:00] ... processing TNF matrix 20.2% (2033 of 10066), ETA 0:00:01                   
[00:00:00] ... processing TNF matrix 21.1% (2128 of 10066), ETA 0:00:01                   
[00:00:00] ... processing TNF matrix 22.1% (2223 of 10066), ETA 0:00:01                   
[00:00:00] ... processing TNF matrix 23.3% (2343 of 10066), ETA 0:00:01                   
[00:00:00] ... processing TNF matrix 24.2% (2438 of 10066), ETA 0:00:01                   
[00:00:00] ... processing TNF matrix 25.2% (2533 of 10066), ETA 0:00:01                   
[00:00:00] ... processing TNF matrix 26.1% (2629 of 10066), ETA 0:00:01                   
[00:00:00] ... processing TNF matrix 27.3% (2748 of 10066), ETA 0:00:01                   
[00:00:00] ... processing TNF matrix 28.2% (2841 of 10066), ETA 0:00:01                   
[00:00:00] ... processing TNF matrix 29.1% (2932 of 10066), ETA 0:00:01                   
[00:00:00] ... processing TNF matrix 30.3% (3047 of 10066), ETA 0:00:01                   
[00:00:00] ... processing TNF matrix 31.2% (3142 of 10066), ETA 0:00:01                   
[00:00:00] ... processing TNF matrix 32.1% (3236 of 10066), ETA 0:00:01                   
[00:00:00] ... processing TNF matrix 33.3% (3354 of 10066), ETA 0:00:01                   
[00:00:00] ... processing TNF matrix 34.3% (3448 of 10066), ETA 0:00:01                   
[00:00:00] ... processing TNF matrix 35.2% (3542 of 10066), ETA 0:00:01                   
[00:00:00] ... processing TNF matrix 36.3% (3655 of 10066), ETA 0:00:01                   
[00:00:00] ... processing TNF matrix 37.2% (3748 of 10066), ETA 0:00:01                   
[00:00:00] ... processing TNF matrix 38.2% (3843 of 10066), ETA 0:00:01                   
[00:00:00] ... processing TNF matrix 39.4% (3961 of 10066), ETA 0:00:01                   
[00:00:00] ... processing TNF matrix 40.3% (4057 of 10066), ETA 0:00:01                   
[00:00:00] ... processing TNF matrix 41.2% (4152 of 10066), ETA 0:00:01                   
[00:00:00] ... processing TNF matrix 42.2% (4246 of 10066), ETA 0:00:01                   
[00:00:00] ... processing TNF matrix 43.3% (4362 of 10066), ETA 0:00:01                   
[00:00:00] ... processing TNF matrix 44.2% (4453 of 10066), ETA 0:00:01                   
[00:00:00] ... processing TNF matrix 45.2% (4548 of 10066), ETA 0:00:01                   
[00:00:00] ... processing TNF matrix 46.4% (4667 of 10066), ETA 0:00:01                   
[00:00:00] ... processing TNF matrix 47.3% (4761 of 10066), ETA 0:00:01                   
[00:00:00] ... processing TNF matrix 48.2% (4855 of 10066), ETA 0:00:01                   
[00:00:00] ... processing TNF matrix 49.4% (4972 of 10066), ETA 0:00:01                   
[00:00:00] ... processing TNF matrix 50.3% (5065 of 10066), ETA 0:00:01                   
[00:00:00] ... processing TNF matrix 51.2% (5158 of 10066), ETA 0:00:01                   
[00:00:00] ... processing TNF matrix 52.2% (5255 of 10066), ETA 0:00:01                   
[00:00:00] ... processing TNF matrix 53.4% (5372 of 10066), ETA 0:00:01                   
[00:00:00] ... processing TNF matrix 54.3% (5466 of 10066), ETA 0:00:01                   
[00:00:00] ... processing TNF matrix 55.2% (5561 of 10066), ETA 0:00:01                   
[00:00:00] ... processing TNF matrix 56.2% (5658 of 10066), ETA 0:00:01                   
[00:00:00] ... processing TNF matrix 57.4% (5774 of 10066), ETA 0:00:01                   
[00:00:00] ... processing TNF matrix 58.3% (5868 of 10066), ETA 0:00:01                   
[00:00:00] ... processing TNF matrix 59.2% (5962 of 10066), ETA 0:00:00                   
[00:00:00] ... processing TNF matrix 60.4% (6076 of 10066), ETA 0:00:00                   
[00:00:00] ... processing TNF matrix 61.3% (6169 of 10066), ETA 0:00:00                   
[00:00:00] ... processing TNF matrix 62.2% (6263 of 10066), ETA 0:00:00                   
[00:00:00] ... processing TNF matrix 63.4% (6380 of 10066), ETA 0:00:00                   
[00:00:00] ... processing TNF matrix 64.3% (6474 of 10066), ETA 0:00:00                   
[00:00:00] ... processing TNF matrix 65.3% (6570 of 10066), ETA 0:00:00                   
[00:00:01] ... processing TNF matrix 66.5% (6689 of 10066), ETA 0:00:00                   
[00:00:01] ... processing TNF matrix 67.4% (6784 of 10066), ETA 0:00:00                   
[00:00:01] ... processing TNF matrix 68.3% (6879 of 10066), ETA 0:00:00                   
[00:00:01] ... processing TNF matrix 69.3% (6973 of 10066), ETA 0:00:00                   
[00:00:01] ... processing TNF matrix 70.5% (7092 of 10066), ETA 0:00:00                   
[00:00:01] ... processing TNF matrix 71.4% (7186 of 10066), ETA 0:00:00                   
[00:00:01] ... processing TNF matrix 72.3% (7281 of 10066), ETA 0:00:00                   
[00:00:01] ... processing TNF matrix 73.3% (7376 of 10066), ETA 0:00:00                   
[00:00:01] ... processing TNF matrix 74.5% (7495 of 10066), ETA 0:00:00                   
[00:00:01] ... processing TNF matrix 75.4% (7587 of 10066), ETA 0:00:00                   
[00:00:01] ... processing TNF matrix 76.3% (7681 of 10066), ETA 0:00:00                   
[00:00:01] ... processing TNF matrix 77.5% (7799 of 10066), ETA 0:00:00                   
[00:00:01] ... processing TNF matrix 78.4% (7891 of 10066), ETA 0:00:00                   
[00:00:01] ... processing TNF matrix 79.3% (7987 of 10066), ETA 0:00:00                   
[00:00:01] ... processing TNF matrix 80.3% (8082 of 10066), ETA 0:00:00                   
[00:00:01] ... processing TNF matrix 81.5% (8200 of 10066), ETA 0:00:00                   
[00:00:01] ... processing TNF matrix 82.3% (8288 of 10066), ETA 0:00:00                   
[00:00:01] ... processing TNF matrix 83.5% (8404 of 10066), ETA 0:00:00                   
[00:00:01] ... processing TNF matrix 84.4% (8499 of 10066), ETA 0:00:00                   
[00:00:01] ... processing TNF matrix 85.4% (8592 of 10066), ETA 0:00:00                   
[00:00:01] ... processing TNF matrix 86.3% (8686 of 10066), ETA 0:00:00                   
[00:00:01] ... processing TNF matrix 87.5% (8808 of 10066), ETA 0:00:00                   
[00:00:01] ... processing TNF matrix 88.4% (8903 of 10066), ETA 0:00:00                   
[00:00:01] ... processing TNF matrix 89.4% (8999 of 10066), ETA 0:00:00                   
[00:00:01] ... processing TNF matrix 90.3% (9092 of 10066), ETA 0:00:00                   
[00:00:01] ... processing TNF matrix 91.5% (9210 of 10066), ETA 0:00:00                   
[00:00:01] ... processing TNF matrix 92.4% (9305 of 10066), ETA 0:00:00                   
[00:00:01] ... processing TNF matrix 93.4% (9399 of 10066), ETA 0:00:00                   
[00:00:01] ... processing TNF matrix 94.5% (9517 of 10066), ETA 0:00:00                   
[00:00:01] ... processing TNF matrix 95.5% (9613 of 10066), ETA 0:00:00                   
[00:00:01] ... processing TNF matrix 96.4% (9705 of 10066), ETA 0:00:00                   
[00:00:01] ... processing TNF matrix 97.4% (9800 of 10066), ETA 0:00:00                   
[00:00:01] Finding cutoff p=999 [-97.9Gb / 1007.8Gb]                                                     
[00:00:01] ... finding cutoff p=999 1.6% (161 of 10066), ETA 0:00:00                              
[00:00:01] ... finding cutoff p=999 2.7% (268 of 10066), ETA 0:00:00                              
[00:00:01] ... finding cutoff p=999 4.5% (457 of 10066), ETA 0:00:00                              
[00:00:01] ... finding cutoff p=999 5.6% (563 of 10066), ETA 0:00:00                              
[00:00:01] ... finding cutoff p=999 6.8% (680 of 10066), ETA 0:00:00                              
[00:00:01] ... finding cutoff p=999 7.9% (793 of 10066), ETA 0:00:00                              
[00:00:01] ... finding cutoff p=999 9.1% (917 of 10066), ETA 0:00:00                              
[00:00:01] ... finding cutoff p=999 10.4% (1049 of 10066), ETA 0:00:00                              
[00:00:01] ... finding cutoff p=999 11.1% (1118 of 10066), ETA 0:00:00                              
[00:00:01] ... finding cutoff p=999 12.4% (1246 of 10066), ETA 0:00:00                              
[00:00:01] ... finding cutoff p=999 13.1% (1316 of 10066), ETA 0:00:00                              
[00:00:01] ... finding cutoff p=999 14.3% (1441 of 10066), ETA 0:00:00                              
[00:00:01] ... finding cutoff p=999 15.6% (1569 of 10066), ETA 0:00:00                              
[00:00:01] ... finding cutoff p=999 16.4% (1655 of 10066), ETA 0:00:00                              
[00:00:01] ... finding cutoff p=999 17.2% (1731 of 10066), ETA 0:00:00                              
[00:00:01] ... finding cutoff p=999 18.3% (1840 of 10066), ETA 0:00:00                              
[00:00:01] ... finding cutoff p=999 19.7% (1983 of 10066), ETA 0:00:00                              
[00:00:01] ... finding cutoff p=999 20.4% (2049 of 10066), ETA 0:00:00                              
[00:00:01] ... finding cutoff p=999 21.5% (2167 of 10066), ETA 0:00:00                              
[00:00:01] ... finding cutoff p=999 22.2% (2233 of 10066), ETA 0:00:00                              
[00:00:01] ... finding cutoff p=999 23.5% (2361 of 10066), ETA 0:00:00                              
[00:00:01] ... finding cutoff p=999 24.1% (2428 of 10066), ETA 0:00:00                              
[00:00:01] ... finding cutoff p=999 25.5% (2563 of 10066), ETA 0:00:00                              
[00:00:01] ... finding cutoff p=999 26.1% (2628 of 10066), ETA 0:00:00                              
[00:00:01] ... finding cutoff p=999 27.5% (2773 of 10066), ETA 0:00:00                              
[00:00:01] ... finding cutoff p=999 28.4% (2860 of 10066), ETA 0:00:00                              
[00:00:01] ... finding cutoff p=999 29.2% (2940 of 10066), ETA 0:00:00                              
[00:00:01] ... finding cutoff p=999 30.5% (3066 of 10066), ETA 0:00:00                              
[00:00:01] ... finding cutoff p=999 31.2% (3145 of 10066), ETA 0:00:00                              
[00:00:01] ... finding cutoff p=999 32.4% (3257 of 10066), ETA 0:00:00                              
[00:00:01] ... finding cutoff p=999 33.4% (3358 of 10066), ETA 0:00:00                              
[00:00:01] ... finding cutoff p=999 34.6% (3480 of 10066), ETA 0:00:00                              
[00:00:01] ... finding cutoff p=999 35.1% (3537 of 10066), ETA 0:00:00                              
[00:00:01] ... finding cutoff p=999 36.2% (3642 of 10066), ETA 0:00:00                              
[00:00:01] ... finding cutoff p=999 37.3% (3751 of 10066), ETA 0:00:00                              
[00:00:01] ... finding cutoff p=999 38.3% (3857 of 10066), ETA 0:00:00                              
[00:00:01] ... finding cutoff p=999 39.3% (3955 of 10066), ETA 0:00:00                              
[00:00:01] ... finding cutoff p=999 40.4% (4069 of 10066), ETA 0:00:00                              
[00:00:01] ... finding cutoff p=999 41.7% (4194 of 10066), ETA 0:00:00                              
[00:00:01] ... finding cutoff p=999 42.2% (4252 of 10066), ETA 0:00:00                              
[00:00:01] ... finding cutoff p=999 43.3% (4363 of 10066), ETA 0:00:00                              
[00:00:01] ... finding cutoff p=999 44.6% (4492 of 10066), ETA 0:00:00                              
[00:00:01] ... finding cutoff p=999 45.2% (4553 of 10066), ETA 0:00:00                              
[00:00:01] ... finding cutoff p=999 46.3% (4661 of 10066), ETA 0:00:00                              
[00:00:01] ... finding cutoff p=999 47.3% (4763 of 10066), ETA 0:00:00                              
[00:00:01] ... finding cutoff p=999 48.4% (4869 of 10066), ETA 0:00:00                              
[00:00:01] ... finding cutoff p=999 49.2% (4954 of 10066), ETA 0:00:00                              
[00:00:01] ... finding cutoff p=999 50.6% (5093 of 10066), ETA 0:00:00                              
[00:00:01] ... finding cutoff p=999 51.4% (5176 of 10066), ETA 0:00:00                              
[00:00:01] ... finding cutoff p=999 52.5% (5287 of 10066), ETA 0:00:00                              
[00:00:01] ... finding cutoff p=999 53.6% (5395 of 10066), ETA 0:00:00                              
[00:00:01] ... finding cutoff p=999 54.5% (5481 of 10066), ETA 0:00:00                              
[00:00:01] ... finding cutoff p=999 55.2% (5555 of 10066), ETA 0:00:00                              
[00:00:01] ... finding cutoff p=999 56.5% (5683 of 10066), ETA 0:00:00                              
[00:00:01] ... finding cutoff p=999 57.5% (5786 of 10066), ETA 0:00:00                              
[00:00:01] ... finding cutoff p=999 58.4% (5882 of 10066), ETA 0:00:00                              
[00:00:01] ... finding cutoff p=999 59.3% (5971 of 10066), ETA 0:00:00                              
[00:00:01] ... finding cutoff p=999 60.3% (6068 of 10066), ETA 0:00:00                              
[00:00:01] ... finding cutoff p=999 61.3% (6172 of 10066), ETA 0:00:00                              
[00:00:01] ... finding cutoff p=999 62.4% (6283 of 10066), ETA 0:00:00                              
[00:00:01] ... finding cutoff p=999 63.3% (6374 of 10066), ETA 0:00:00                              
[00:00:01] ... finding cutoff p=999 64.3% (6473 of 10066), ETA 0:00:00                              
[00:00:01] ... finding cutoff p=999 65.2% (6567 of 10066), ETA 0:00:00                              
[00:00:01] ... finding cutoff p=999 66.2% (6666 of 10066), ETA 0:00:00                              
[00:00:01] ... finding cutoff p=999 67.4% (6780 of 10066), ETA 0:00:00                              
[00:00:01] ... finding cutoff p=999 68.4% (6889 of 10066), ETA 0:00:00                              
[00:00:01] ... finding cutoff p=999 69.3% (6971 of 10066), ETA 0:00:00                              
[00:00:01] ... finding cutoff p=999 70.3% (7074 of 10066), ETA 0:00:00                              
[00:00:01] ... finding cutoff p=999 71.3% (7176 of 10066), ETA 0:00:00                              
[00:00:01] ... finding cutoff p=999 72.3% (7279 of 10066), ETA 0:00:00                              
[00:00:01] ... finding cutoff p=999 73.3% (7375 of 10066), ETA 0:00:00                              
[00:00:01] ... finding cutoff p=999 74.4% (7487 of 10066), ETA 0:00:00                              
[00:00:01] ... finding cutoff p=999 75.4% (7590 of 10066), ETA 0:00:00                              
[00:00:01] ... finding cutoff p=999 76.4% (7695 of 10066), ETA 0:00:00                              
[00:00:01] ... finding cutoff p=999 77.3% (7784 of 10066), ETA 0:00:00                              
[00:00:01] ... finding cutoff p=999 78.3% (7884 of 10066), ETA 0:00:00                              
[00:00:01] ... finding cutoff p=999 79.4% (7990 of 10066), ETA 0:00:00                              
[00:00:01] ... finding cutoff p=999 80.4% (8091 of 10066), ETA 0:00:00                              
[00:00:01] ... finding cutoff p=999 81.3% (8181 of 10066), ETA 0:00:00                              
[00:00:01] ... finding cutoff p=999 82.4% (8290 of 10066), ETA 0:00:00                              
[00:00:01] ... finding cutoff p=999 83.3% (8389 of 10066), ETA 0:00:00                              
[00:00:01] ... finding cutoff p=999 84.3% (8484 of 10066), ETA 0:00:00                              
[00:00:01] ... finding cutoff p=999 85.3% (8588 of 10066), ETA 0:00:00                              
[00:00:01] ... finding cutoff p=999 86.3% (8686 of 10066), ETA 0:00:00                              
[00:00:01] ... finding cutoff p=999 87.4% (8795 of 10066), ETA 0:00:00                              
[00:00:01] ... finding cutoff p=999 88.4% (8896 of 10066), ETA 0:00:00                              
[00:00:01] ... finding cutoff p=999 89.3% (8992 of 10066), ETA 0:00:00                              
[00:00:01] ... finding cutoff p=999 90.3% (9090 of 10066), ETA 0:00:00                              
[00:00:01] ... finding cutoff p=999 91.4% (9202 of 10066), ETA 0:00:00                              
[00:00:01] ... finding cutoff p=999 92.3% (9293 of 10066), ETA 0:00:00                              
[00:00:01] ... finding cutoff p=999 93.3% (9395 of 10066), ETA 0:00:00                              
[00:00:01] ... finding cutoff p=999 94.4% (9499 of 10066), ETA 0:00:00                              
[00:00:01] ... finding cutoff p=999 95.4% (9600 of 10066), ETA 0:00:00                              
[00:00:01] ... finding cutoff p=999 96.3% (9696 of 10066), ETA 0:00:00                              
[00:00:01] ... finding cutoff p=999 97.3% (9797 of 10066), ETA 0:00:00                              
[00:00:01] ... finding cutoff p=999 98.3% (9899 of 10066), ETA 0:00:00                              
[00:00:01] ... finding cutoff p=999 99.3% (9999 of 10066), ETA 0:00:00                              
[00:00:01] Preparing TNF Graph Building [pTNF = 99.9; 53 / 10066 (P = 0.53%) round 1]               
[00:00:01] Finding cutoff p=997 [-97.9Gb / 1007.8Gb]                                                     
[00:00:01] ... finding cutoff p=997 1.8% (185 of 10066), ETA 0:00:00                              
[00:00:01] ... finding cutoff p=997 3.0% (302 of 10066), ETA 0:00:00                              
[00:00:01] ... finding cutoff p=997 4.1% (415 of 10066), ETA 0:00:00                              
[00:00:01] ... finding cutoff p=997 5.4% (539 of 10066), ETA 0:00:00                              
[00:00:01] ... finding cutoff p=997 6.4% (641 of 10066), ETA 0:00:00                              
[00:00:01] ... finding cutoff p=997 7.4% (746 of 10066), ETA 0:00:00                              
[00:00:01] ... finding cutoff p=997 8.7% (872 of 10066), ETA 0:00:00                              
[00:00:01] ... finding cutoff p=997 9.8% (986 of 10066), ETA 0:00:00                              
[00:00:01] ... finding cutoff p=997 11.0% (1108 of 10066), ETA 0:00:00                              
[00:00:01] ... finding cutoff p=997 12.5% (1259 of 10066), ETA 0:00:00                              
[00:00:01] ... finding cutoff p=997 13.2% (1332 of 10066), ETA 0:00:00                              
[00:00:01] ... finding cutoff p=997 14.6% (1474 of 10066), ETA 0:00:00                              
[00:00:01] ... finding cutoff p=997 15.5% (1556 of 10066), ETA 0:00:00                              
[00:00:01] ... finding cutoff p=997 16.5% (1656 of 10066), ETA 0:00:00                              
[00:00:01] ... finding cutoff p=997 17.2% (1736 of 10066), ETA 0:00:00                              
[00:00:01] ... finding cutoff p=997 18.5% (1864 of 10066), ETA 0:00:00                              
[00:00:01] ... finding cutoff p=997 19.5% (1966 of 10066), ETA 0:00:00                              
[00:00:01] ... finding cutoff p=997 20.3% (2048 of 10066), ETA 0:00:00                              
[00:00:01] ... finding cutoff p=997 21.2% (2138 of 10066), ETA 0:00:00                              
[00:00:01] ... finding cutoff p=997 22.6% (2275 of 10066), ETA 0:00:00                              
[00:00:01] ... finding cutoff p=997 23.5% (2367 of 10066), ETA 0:00:00                              
[00:00:01] ... finding cutoff p=997 24.5% (2470 of 10066), ETA 0:00:00                              
[00:00:01] ... finding cutoff p=997 25.4% (2552 of 10066), ETA 0:00:00                              
[00:00:01] ... finding cutoff p=997 26.2% (2633 of 10066), ETA 0:00:00                              
[00:00:01] ... finding cutoff p=997 27.6% (2781 of 10066), ETA 0:00:00                              
[00:00:01] ... finding cutoff p=997 29.3% (2954 of 10066), ETA 0:00:00                              
[00:00:01] ... finding cutoff p=997 30.1% (3034 of 10066), ETA 0:00:00                              
[00:00:01] ... finding cutoff p=997 31.6% (3182 of 10066), ETA 0:00:00                              
[00:00:01] ... finding cutoff p=997 32.3% (3253 of 10066), ETA 0:00:00                              
[00:00:01] ... finding cutoff p=997 33.1% (3336 of 10066), ETA 0:00:00                              
[00:00:01] ... finding cutoff p=997 34.5% (3468 of 10066), ETA 0:00:00                              
[00:00:01] ... finding cutoff p=997 35.1% (3537 of 10066), ETA 0:00:00                              
[00:00:01] ... finding cutoff p=997 36.5% (3676 of 10066), ETA 0:00:00                              
[00:00:01] ... finding cutoff p=997 37.2% (3749 of 10066), ETA 0:00:00                              
[00:00:01] ... finding cutoff p=997 38.4% (3863 of 10066), ETA 0:00:00                              
[00:00:01] ... finding cutoff p=997 39.8% (4004 of 10066), ETA 0:00:00                              
[00:00:01] ... finding cutoff p=997 40.4% (4062 of 10066), ETA 0:00:00                              
[00:00:01] ... finding cutoff p=997 41.5% (4175 of 10066), ETA 0:00:00                              
[00:00:01] ... finding cutoff p=997 42.7% (4296 of 10066), ETA 0:00:00                              
[00:00:01] ... finding cutoff p=997 43.4% (4369 of 10066), ETA 0:00:00                              
[00:00:01] ... finding cutoff p=997 44.6% (4491 of 10066), ETA 0:00:00                              
[00:00:01] ... finding cutoff p=997 45.2% (4550 of 10066), ETA 0:00:00                              
[00:00:01] ... finding cutoff p=997 46.3% (4658 of 10066), ETA 0:00:00                              
[00:00:01] ... finding cutoff p=997 47.3% (4759 of 10066), ETA 0:00:00                              
[00:00:01] ... finding cutoff p=997 48.4% (4870 of 10066), ETA 0:00:00                              
[00:00:01] ... finding cutoff p=997 49.4% (4977 of 10066), ETA 0:00:00                              
[00:00:01] ... finding cutoff p=997 50.6% (5090 of 10066), ETA 0:00:00                              
[00:00:01] ... finding cutoff p=997 51.5% (5188 of 10066), ETA 0:00:00                              
[00:00:01] ... finding cutoff p=997 52.4% (5270 of 10066), ETA 0:00:00                              
[00:00:01] ... finding cutoff p=997 53.2% (5356 of 10066), ETA 0:00:00                              
[00:00:01] ... finding cutoff p=997 54.5% (5485 of 10066), ETA 0:00:00                              
[00:00:01] ... finding cutoff p=997 55.6% (5598 of 10066), ETA 0:00:00                              
[00:00:01] ... finding cutoff p=997 56.6% (5699 of 10066), ETA 0:00:00                              
[00:00:01] ... finding cutoff p=997 57.5% (5791 of 10066), ETA 0:00:00                              
[00:00:01] ... finding cutoff p=997 58.7% (5906 of 10066), ETA 0:00:00                              
[00:00:01] ... finding cutoff p=997 59.6% (6001 of 10066), ETA 0:00:00                              
[00:00:01] ... finding cutoff p=997 60.4% (6075 of 10066), ETA 0:00:00                              
[00:00:01] ... finding cutoff p=997 61.3% (6167 of 10066), ETA 0:00:00                              
[00:00:01] ... finding cutoff p=997 62.2% (6262 of 10066), ETA 0:00:00                              
[00:00:01] ... finding cutoff p=997 63.4% (6378 of 10066), ETA 0:00:00                              
[00:00:01] ... finding cutoff p=997 64.5% (6492 of 10066), ETA 0:00:00                              
[00:00:01] ... finding cutoff p=997 65.4% (6581 of 10066), ETA 0:00:00                              
[00:00:01] ... finding cutoff p=997 66.5% (6691 of 10066), ETA 0:00:00                              
[00:00:01] ... finding cutoff p=997 67.4% (6785 of 10066), ETA 0:00:00                              
[00:00:01] ... finding cutoff p=997 68.5% (6895 of 10066), ETA 0:00:00                              
[00:00:01] ... finding cutoff p=997 69.3% (6978 of 10066), ETA 0:00:00                              
[00:00:01] ... finding cutoff p=997 70.4% (7085 of 10066), ETA 0:00:00                              
[00:00:01] ... finding cutoff p=997 71.4% (7189 of 10066), ETA 0:00:00                              
[00:00:01] ... finding cutoff p=997 72.2% (7272 of 10066), ETA 0:00:00                              
[00:00:01] ... finding cutoff p=997 73.3% (7375 of 10066), ETA 0:00:00                              
[00:00:01] ... finding cutoff p=997 74.3% (7479 of 10066), ETA 0:00:00                              
[00:00:01] ... finding cutoff p=997 75.3% (7578 of 10066), ETA 0:00:00                              
[00:00:01] ... finding cutoff p=997 76.3% (7679 of 10066), ETA 0:00:00                              
[00:00:01] ... finding cutoff p=997 77.5% (7797 of 10066), ETA 0:00:00                              
[00:00:01] ... finding cutoff p=997 78.3% (7886 of 10066), ETA 0:00:00                              
[00:00:01] ... finding cutoff p=997 79.4% (7988 of 10066), ETA 0:00:00                              
[00:00:01] ... finding cutoff p=997 80.3% (8087 of 10066), ETA 0:00:00                              
[00:00:01] ... finding cutoff p=997 81.3% (8186 of 10066), ETA 0:00:00                              
[00:00:01] ... finding cutoff p=997 82.3% (8285 of 10066), ETA 0:00:00                              
[00:00:01] ... finding cutoff p=997 83.4% (8392 of 10066), ETA 0:00:00                              
[00:00:01] ... finding cutoff p=997 84.4% (8496 of 10066), ETA 0:00:00                              
[00:00:01] ... finding cutoff p=997 85.3% (8585 of 10066), ETA 0:00:00                              
[00:00:01] ... finding cutoff p=997 86.3% (8686 of 10066), ETA 0:00:00                              
[00:00:01] ... finding cutoff p=997 87.3% (8791 of 10066), ETA 0:00:00                              
[00:00:01] ... finding cutoff p=997 88.4% (8896 of 10066), ETA 0:00:00                              
[00:00:01] ... finding cutoff p=997 89.3% (8992 of 10066), ETA 0:00:00                              
[00:00:01] ... finding cutoff p=997 90.3% (9091 of 10066), ETA 0:00:00                              
[00:00:01] ... finding cutoff p=997 91.3% (9192 of 10066), ETA 0:00:00                              
[00:00:01] ... finding cutoff p=997 92.4% (9296 of 10066), ETA 0:00:00                              
[00:00:01] ... finding cutoff p=997 93.3% (9393 of 10066), ETA 0:00:00                              
[00:00:01] ... finding cutoff p=997 94.4% (9499 of 10066), ETA 0:00:00                              
[00:00:01] ... finding cutoff p=997 95.4% (9600 of 10066), ETA 0:00:00                              
[00:00:01] ... finding cutoff p=997 96.4% (9700 of 10066), ETA 0:00:00                              
[00:00:01] ... finding cutoff p=997 97.3% (9797 of 10066), ETA 0:00:00                              
[00:00:01] ... finding cutoff p=997 98.4% (9900 of 10066), ETA 0:00:00                              
[00:00:01] ... finding cutoff p=997 99.3% (9999 of 10066), ETA 0:00:00                              
[00:00:01] Preparing TNF Graph Building [pTNF = 99.7; 543 / 10066 (P = 5.39%) round 2]               
[00:00:01] Finding cutoff p=995 [-97.9Gb / 1007.8Gb]                                                     
[00:00:01] ... finding cutoff p=995 1.9% (191 of 10066), ETA 0:00:00                              
[00:00:01] ... finding cutoff p=995 3.3% (329 of 10066), ETA 0:00:00                              
[00:00:01] ... finding cutoff p=995 4.5% (455 of 10066), ETA 0:00:00                              
[00:00:01] ... finding cutoff p=995 5.5% (554 of 10066), ETA 0:00:00                              
[00:00:01] ... finding cutoff p=995 6.6% (666 of 10066), ETA 0:00:00                              
[00:00:01] ... finding cutoff p=995 7.7% (774 of 10066), ETA 0:00:00                              
[00:00:01] ... finding cutoff p=995 9.0% (907 of 10066), ETA 0:00:00                              
[00:00:01] ... finding cutoff p=995 10.4% (1044 of 10066), ETA 0:00:00                              
[00:00:01] ... finding cutoff p=995 13.5% (1362 of 10066), ETA 0:00:00                              
[00:00:01] ... finding cutoff p=995 14.4% (1454 of 10066), ETA 0:00:00                              
[00:00:01] ... finding cutoff p=995 15.4% (1551 of 10066), ETA 0:00:00                              
[00:00:01] ... finding cutoff p=995 16.2% (1630 of 10066), ETA 0:00:00                              
[00:00:01] ... finding cutoff p=995 17.1% (1718 of 10066), ETA 0:00:00                              
[00:00:01] ... finding cutoff p=995 18.5% (1860 of 10066), ETA 0:00:00                              
[00:00:01] ... finding cutoff p=995 19.3% (1938 of 10066), ETA 0:00:00                              
[00:00:01] ... finding cutoff p=995 20.3% (2041 of 10066), ETA 0:00:00                              
[00:00:01] ... finding cutoff p=995 21.1% (2123 of 10066), ETA 0:00:00                              
[00:00:01] ... finding cutoff p=995 22.6% (2274 of 10066), ETA 0:00:00                              
[00:00:01] ... finding cutoff p=995 23.4% (2354 of 10066), ETA 0:00:00                              
[00:00:01] ... finding cutoff p=995 24.4% (2461 of 10066), ETA 0:00:00                              
[00:00:01] ... finding cutoff p=995 25.4% (2561 of 10066), ETA 0:00:00                              
[00:00:01] ... finding cutoff p=995 26.2% (2638 of 10066), ETA 0:00:00                              
[00:00:01] ... finding cutoff p=995 27.2% (2741 of 10066), ETA 0:00:00                              
[00:00:01] ... finding cutoff p=995 28.6% (2883 of 10066), ETA 0:00:00                              
[00:00:01] ... finding cutoff p=995 29.8% (3002 of 10066), ETA 0:00:00                              
[00:00:01] ... finding cutoff p=995 30.8% (3102 of 10066), ETA 0:00:00                              
[00:00:01] ... finding cutoff p=995 31.5% (3170 of 10066), ETA 0:00:00                              
[00:00:01] ... finding cutoff p=995 32.2% (3242 of 10066), ETA 0:00:00                              
[00:00:01] ... finding cutoff p=995 33.4% (3366 of 10066), ETA 0:00:00                              
[00:00:01] ... finding cutoff p=995 34.3% (3448 of 10066), ETA 0:00:00                              
[00:00:01] ... finding cutoff p=995 35.3% (3557 of 10066), ETA 0:00:00                              
[00:00:01] ... finding cutoff p=995 36.4% (3659 of 10066), ETA 0:00:00                              
[00:00:01] ... finding cutoff p=995 37.6% (3785 of 10066), ETA 0:00:00                              
[00:00:01] ... finding cutoff p=995 38.2% (3849 of 10066), ETA 0:00:00                              
[00:00:01] ... finding cutoff p=995 39.3% (3954 of 10066), ETA 0:00:00                              
[00:00:01] ... finding cutoff p=995 40.6% (4091 of 10066), ETA 0:00:00                              
[00:00:01] ... finding cutoff p=995 41.2% (4146 of 10066), ETA 0:00:00                              
[00:00:01] ... finding cutoff p=995 42.4% (4269 of 10066), ETA 0:00:00                              
[00:00:01] ... finding cutoff p=995 43.7% (4396 of 10066), ETA 0:00:00                              
[00:00:01] ... finding cutoff p=995 44.3% (4455 of 10066), ETA 0:00:00                              
[00:00:01] ... finding cutoff p=995 45.4% (4569 of 10066), ETA 0:00:00                              
[00:00:01] ... finding cutoff p=995 46.2% (4648 of 10066), ETA 0:00:00                              
[00:00:01] ... finding cutoff p=995 47.6% (4789 of 10066), ETA 0:00:00                              
[00:00:01] ... finding cutoff p=995 48.2% (4852 of 10066), ETA 0:00:00                              
[00:00:01] ... finding cutoff p=995 49.2% (4954 of 10066), ETA 0:00:00                              
[00:00:01] ... finding cutoff p=995 50.4% (5078 of 10066), ETA 0:00:00                              
[00:00:01] ... finding cutoff p=995 51.6% (5196 of 10066), ETA 0:00:00                              
[00:00:01] ... finding cutoff p=995 52.6% (5291 of 10066), ETA 0:00:00                              
[00:00:01] ... finding cutoff p=995 53.6% (5395 of 10066), ETA 0:00:00                              
[00:00:01] ... finding cutoff p=995 54.3% (5470 of 10066), ETA 0:00:00                              
[00:00:01] ... finding cutoff p=995 55.4% (5572 of 10066), ETA 0:00:00                              
[00:00:01] ... finding cutoff p=995 56.4% (5678 of 10066), ETA 0:00:00                              
[00:00:01] ... finding cutoff p=995 57.4% (5778 of 10066), ETA 0:00:00                              
[00:00:01] ... finding cutoff p=995 58.4% (5878 of 10066), ETA 0:00:00                              
[00:00:01] ... finding cutoff p=995 59.4% (5983 of 10066), ETA 0:00:00                              
[00:00:01] ... finding cutoff p=995 60.3% (6074 of 10066), ETA 0:00:00                              
[00:00:01] ... finding cutoff p=995 61.5% (6190 of 10066), ETA 0:00:00                              
[00:00:01] ... finding cutoff p=995 62.4% (6281 of 10066), ETA 0:00:00                              
[00:00:01] ... finding cutoff p=995 63.2% (6366 of 10066), ETA 0:00:00                              
[00:00:01] ... finding cutoff p=995 64.3% (6473 of 10066), ETA 0:00:00                              
[00:00:01] ... finding cutoff p=995 65.5% (6594 of 10066), ETA 0:00:00                              
[00:00:01] ... finding cutoff p=995 66.4% (6688 of 10066), ETA 0:00:00                              
[00:00:01] ... finding cutoff p=995 67.5% (6794 of 10066), ETA 0:00:00                              
[00:00:01] ... finding cutoff p=995 68.4% (6881 of 10066), ETA 0:00:00                              
[00:00:01] ... finding cutoff p=995 69.4% (6989 of 10066), ETA 0:00:00                              
[00:00:01] ... finding cutoff p=995 70.3% (7072 of 10066), ETA 0:00:00                              
[00:00:01] ... finding cutoff p=995 71.5% (7194 of 10066), ETA 0:00:00                              
[00:00:01] ... finding cutoff p=995 72.3% (7280 of 10066), ETA 0:00:00                              
[00:00:01] ... finding cutoff p=995 73.4% (7392 of 10066), ETA 0:00:00                              
[00:00:01] ... finding cutoff p=995 74.3% (7476 of 10066), ETA 0:00:00                              
[00:00:01] ... finding cutoff p=995 75.3% (7575 of 10066), ETA 0:00:00                              
[00:00:01] ... finding cutoff p=995 76.4% (7693 of 10066), ETA 0:00:00                              
[00:00:01] ... finding cutoff p=995 77.3% (7781 of 10066), ETA 0:00:00                              
[00:00:01] ... finding cutoff p=995 78.4% (7895 of 10066), ETA 0:00:00                              
[00:00:01] ... finding cutoff p=995 79.3% (7981 of 10066), ETA 0:00:00                              
[00:00:01] ... finding cutoff p=995 80.4% (8093 of 10066), ETA 0:00:00                              
[00:00:01] ... finding cutoff p=995 81.4% (8193 of 10066), ETA 0:00:00                              
[00:00:01] ... finding cutoff p=995 82.4% (8294 of 10066), ETA 0:00:00                              
[00:00:01] ... finding cutoff p=995 83.3% (8385 of 10066), ETA 0:00:00                              
[00:00:01] ... finding cutoff p=995 84.3% (8487 of 10066), ETA 0:00:00                              
[00:00:01] ... finding cutoff p=995 85.3% (8587 of 10066), ETA 0:00:00                              
[00:00:01] ... finding cutoff p=995 86.3% (8691 of 10066), ETA 0:00:00                              
[00:00:01] ... finding cutoff p=995 87.4% (8795 of 10066), ETA 0:00:00                              
[00:00:01] ... finding cutoff p=995 88.3% (8889 of 10066), ETA 0:00:00                              
[00:00:01] ... finding cutoff p=995 89.4% (8996 of 10066), ETA 0:00:00                              
[00:00:01] ... finding cutoff p=995 90.4% (9100 of 10066), ETA 0:00:00                              
[00:00:01] ... finding cutoff p=995 91.4% (9199 of 10066), ETA 0:00:00                              
[00:00:01] ... finding cutoff p=995 92.4% (9299 of 10066), ETA 0:00:00                              
[00:00:01] ... finding cutoff p=995 93.3% (9394 of 10066), ETA 0:00:00                              
[00:00:01] ... finding cutoff p=995 94.3% (9494 of 10066), ETA 0:00:00                              
[00:00:01] ... finding cutoff p=995 95.4% (9601 of 10066), ETA 0:00:00                              
[00:00:01] ... finding cutoff p=995 96.3% (9696 of 10066), ETA 0:00:00                              
[00:00:01] ... finding cutoff p=995 97.4% (9801 of 10066), ETA 0:00:00                              
[00:00:01] ... finding cutoff p=995 98.3% (9899 of 10066), ETA 0:00:00                              
[00:00:01] ... finding cutoff p=995 99.3% (9999 of 10066), ETA 0:00:00                              
[00:00:01] Preparing TNF Graph Building [pTNF = 99.5; 888 / 10066 (P = 8.82%) round 3]               
[00:00:01] Finding cutoff p=993 [-97.9Gb / 1007.8Gb]                                                     
[00:00:01] ... finding cutoff p=993 1.9% (192 of 10066), ETA 0:00:00                              
[00:00:01] ... finding cutoff p=993 3.3% (329 of 10066), ETA 0:00:00                              
[00:00:01] ... finding cutoff p=993 4.5% (452 of 10066), ETA 0:00:00                              
[00:00:01] ... finding cutoff p=993 5.7% (569 of 10066), ETA 0:00:00                              
[00:00:01] ... finding cutoff p=993 6.6% (665 of 10066), ETA 0:00:00                              
[00:00:01] ... finding cutoff p=993 7.7% (780 of 10066), ETA 0:00:00                              
[00:00:01] ... finding cutoff p=993 8.8% (884 of 10066), ETA 0:00:00                              
[00:00:01] ... finding cutoff p=993 10.0% (1011 of 10066), ETA 0:00:00                              
[00:00:01] ... finding cutoff p=993 11.2% (1127 of 10066), ETA 0:00:00                              
[00:00:01] ... finding cutoff p=993 12.4% (1253 of 10066), ETA 0:00:00                              
[00:00:01] ... finding cutoff p=993 13.5% (1356 of 10066), ETA 0:00:00                              
[00:00:01] ... finding cutoff p=993 14.3% (1435 of 10066), ETA 0:00:00                              
[00:00:01] ... finding cutoff p=993 15.5% (1563 of 10066), ETA 0:00:00                              
[00:00:01] ... finding cutoff p=993 16.5% (1660 of 10066), ETA 0:00:00                              
[00:00:01] ... finding cutoff p=993 17.4% (1749 of 10066), ETA 0:00:00                              
[00:00:01] ... finding cutoff p=993 18.1% (1821 of 10066), ETA 0:00:00                              
[00:00:01] ... finding cutoff p=993 19.5% (1964 of 10066), ETA 0:00:00                              
[00:00:01] ... finding cutoff p=993 20.4% (2051 of 10066), ETA 0:00:00                              
[00:00:01] ... finding cutoff p=993 21.2% (2130 of 10066), ETA 0:00:00                              
[00:00:01] ... finding cutoff p=993 22.6% (2274 of 10066), ETA 0:00:00                              
[00:00:01] ... finding cutoff p=993 23.4% (2355 of 10066), ETA 0:00:00                              
[00:00:01] ... finding cutoff p=993 24.3% (2451 of 10066), ETA 0:00:00                              
[00:00:01] ... finding cutoff p=993 25.2% (2539 of 10066), ETA 0:00:00                              
[00:00:01] ... finding cutoff p=993 26.6% (2676 of 10066), ETA 0:00:00                              
[00:00:01] ... finding cutoff p=993 27.6% (2777 of 10066), ETA 0:00:00                              
[00:00:01] ... finding cutoff p=993 28.7% (2884 of 10066), ETA 0:00:00                              
[00:00:01] ... finding cutoff p=993 29.5% (2971 of 10066), ETA 0:00:00                              
[00:00:01] ... finding cutoff p=993 30.4% (3057 of 10066), ETA 0:00:00                              
[00:00:01] ... finding cutoff p=993 31.6% (3182 of 10066), ETA 0:00:00                              
[00:00:01] ... finding cutoff p=993 32.3% (3253 of 10066), ETA 0:00:00                              
[00:00:01] ... finding cutoff p=993 33.2% (3343 of 10066), ETA 0:00:00                              
[00:00:01] ... finding cutoff p=993 34.4% (3467 of 10066), ETA 0:00:00                              
[00:00:01] ... finding cutoff p=993 35.7% (3597 of 10066), ETA 0:00:00                              
[00:00:01] ... finding cutoff p=993 37.0% (3721 of 10066), ETA 0:00:00                              
[00:00:01] ... finding cutoff p=993 37.6% (3784 of 10066), ETA 0:00:00                              
[00:00:01] ... finding cutoff p=993 38.3% (3851 of 10066), ETA 0:00:00                              
[00:00:01] ... finding cutoff p=993 39.3% (3952 of 10066), ETA 0:00:00                              
[00:00:01] ... finding cutoff p=993 40.4% (4067 of 10066), ETA 0:00:00                              
[00:00:01] ... finding cutoff p=993 41.6% (4190 of 10066), ETA 0:00:00                              
[00:00:01] ... finding cutoff p=993 42.2% (4251 of 10066), ETA 0:00:00                              
[00:00:01] ... finding cutoff p=993 43.4% (4367 of 10066), ETA 0:00:00                              
[00:00:01] ... finding cutoff p=993 44.4% (4467 of 10066), ETA 0:00:00                              
[00:00:01] ... finding cutoff p=993 45.5% (4581 of 10066), ETA 0:00:00                              
[00:00:01] ... finding cutoff p=993 46.2% (4649 of 10066), ETA 0:00:00                              
[00:00:01] ... finding cutoff p=993 47.2% (4754 of 10066), ETA 0:00:00                              
[00:00:01] ... finding cutoff p=993 48.3% (4857 of 10066), ETA 0:00:00                              
[00:00:01] ... finding cutoff p=993 49.4% (4973 of 10066), ETA 0:00:00                              
[00:00:01] ... finding cutoff p=993 50.2% (5051 of 10066), ETA 0:00:00                              
[00:00:01] ... finding cutoff p=993 51.3% (5166 of 10066), ETA 0:00:00                              
[00:00:01] ... finding cutoff p=993 52.6% (5292 of 10066), ETA 0:00:00                              
[00:00:01] ... finding cutoff p=993 53.4% (5374 of 10066), ETA 0:00:00                              
[00:00:01] ... finding cutoff p=993 54.5% (5488 of 10066), ETA 0:00:00                              
[00:00:01] ... finding cutoff p=993 55.3% (5564 of 10066), ETA 0:00:00                              
[00:00:01] ... finding cutoff p=993 56.4% (5677 of 10066), ETA 0:00:00                              
[00:00:01] ... finding cutoff p=993 57.5% (5786 of 10066), ETA 0:00:00                              
[00:00:01] ... finding cutoff p=993 58.5% (5884 of 10066), ETA 0:00:00                              
[00:00:01] ... finding cutoff p=993 59.2% (5963 of 10066), ETA 0:00:00                              
[00:00:01] ... finding cutoff p=993 60.5% (6087 of 10066), ETA 0:00:00                              
[00:00:01] ... finding cutoff p=993 61.5% (6187 of 10066), ETA 0:00:00                              
[00:00:01] ... finding cutoff p=993 62.3% (6272 of 10066), ETA 0:00:00                              
[00:00:01] ... finding cutoff p=993 63.4% (6379 of 10066), ETA 0:00:00                              
[00:00:01] ... finding cutoff p=993 64.3% (6476 of 10066), ETA 0:00:00                              
[00:00:01] ... finding cutoff p=993 65.4% (6587 of 10066), ETA 0:00:00                              
[00:00:01] ... finding cutoff p=993 66.4% (6687 of 10066), ETA 0:00:00                              
[00:00:01] ... finding cutoff p=993 67.4% (6780 of 10066), ETA 0:00:00                              
[00:00:01] ... finding cutoff p=993 68.2% (6869 of 10066), ETA 0:00:00                              
[00:00:01] ... finding cutoff p=993 69.4% (6990 of 10066), ETA 0:00:00                              
[00:00:01] ... finding cutoff p=993 70.3% (7074 of 10066), ETA 0:00:00                              
[00:00:01] ... finding cutoff p=993 71.5% (7197 of 10066), ETA 0:00:00                              
[00:00:01] ... finding cutoff p=993 72.3% (7281 of 10066), ETA 0:00:00                              
[00:00:01] ... finding cutoff p=993 73.3% (7383 of 10066), ETA 0:00:00                              
[00:00:01] ... finding cutoff p=993 74.4% (7492 of 10066), ETA 0:00:00                              
[00:00:01] ... finding cutoff p=993 75.5% (7596 of 10066), ETA 0:00:00                              
[00:00:01] ... finding cutoff p=993 76.3% (7685 of 10066), ETA 0:00:00                              
[00:00:01] ... finding cutoff p=993 77.4% (7793 of 10066), ETA 0:00:00                              
[00:00:01] ... finding cutoff p=993 78.4% (7889 of 10066), ETA 0:00:00                              
[00:00:01] ... finding cutoff p=993 79.3% (7987 of 10066), ETA 0:00:00                              
[00:00:01] ... finding cutoff p=993 80.3% (8084 of 10066), ETA 0:00:00                              
[00:00:01] ... finding cutoff p=993 81.4% (8197 of 10066), ETA 0:00:00                              
[00:00:01] ... finding cutoff p=993 82.4% (8291 of 10066), ETA 0:00:00                              
[00:00:01] ... finding cutoff p=993 83.3% (8388 of 10066), ETA 0:00:00                              
[00:00:01] ... finding cutoff p=993 84.4% (8500 of 10066), ETA 0:00:00                              
[00:00:01] ... finding cutoff p=993 85.3% (8587 of 10066), ETA 0:00:00                              
[00:00:01] ... finding cutoff p=993 86.4% (8694 of 10066), ETA 0:00:00                              
[00:00:01] ... finding cutoff p=993 87.4% (8794 of 10066), ETA 0:00:00                              
[00:00:01] ... finding cutoff p=993 88.4% (8898 of 10066), ETA 0:00:00                              
[00:00:01] ... finding cutoff p=993 89.4% (8996 of 10066), ETA 0:00:00                              
[00:00:01] ... finding cutoff p=993 90.4% (9100 of 10066), ETA 0:00:00                              
[00:00:01] ... finding cutoff p=993 91.4% (9198 of 10066), ETA 0:00:00                              
[00:00:01] ... finding cutoff p=993 92.4% (9300 of 10066), ETA 0:00:00                              
[00:00:01] ... finding cutoff p=993 93.4% (9401 of 10066), ETA 0:00:00                              
[00:00:01] ... finding cutoff p=993 94.4% (9500 of 10066), ETA 0:00:00                              
[00:00:01] ... finding cutoff p=993 95.3% (9597 of 10066), ETA 0:00:00                              
[00:00:01] ... finding cutoff p=993 96.3% (9698 of 10066), ETA 0:00:00                              
[00:00:01] ... finding cutoff p=993 97.3% (9799 of 10066), ETA 0:00:00                              
[00:00:01] ... finding cutoff p=993 98.3% (9899 of 10066), ETA 0:00:00                              
[00:00:01] ... finding cutoff p=993 99.3% (9999 of 10066), ETA 0:00:00                              
[00:00:01] Preparing TNF Graph Building [pTNF = 99.3; 1100 / 10066 (P = 10.93%) round 4]               
[00:00:01] Finding cutoff p=991 [-97.9Gb / 1007.8Gb]                                                     
[00:00:01] ... finding cutoff p=991 1.5% (156 of 10066), ETA 0:00:00                              
[00:00:01] ... finding cutoff p=991 2.8% (279 of 10066), ETA 0:00:00                              
[00:00:01] ... finding cutoff p=991 4.0% (401 of 10066), ETA 0:00:00                              
[00:00:01] ... finding cutoff p=991 4.9% (498 of 10066), ETA 0:00:00                              
[00:00:01] ... finding cutoff p=991 5.9% (590 of 10066), ETA 0:00:00                              
[00:00:01] ... finding cutoff p=991 6.9% (699 of 10066), ETA 0:00:00                              
[00:00:01] ... finding cutoff p=991 7.8% (788 of 10066), ETA 0:00:00                              
[00:00:01] ... finding cutoff p=991 9.1% (912 of 10066), ETA 0:00:00                              
[00:00:01] ... finding cutoff p=991 10.3% (1032 of 10066), ETA 0:00:00                              
[00:00:01] ... finding cutoff p=991 11.4% (1152 of 10066), ETA 0:00:00                              
[00:00:01] ... finding cutoff p=991 12.8% (1286 of 10066), ETA 0:00:00                              
[00:00:01] ... finding cutoff p=991 13.8% (1385 of 10066), ETA 0:00:00                              
[00:00:01] ... finding cutoff p=991 14.5% (1464 of 10066), ETA 0:00:00                              
[00:00:01] ... finding cutoff p=991 15.3% (1543 of 10066), ETA 0:00:00                              
[00:00:01] ... finding cutoff p=991 16.1% (1621 of 10066), ETA 0:00:00                              
[00:00:01] ... finding cutoff p=991 17.7% (1784 of 10066), ETA 0:00:00                              
[00:00:01] ... finding cutoff p=991 18.5% (1863 of 10066), ETA 0:00:00                              
[00:00:01] ... finding cutoff p=991 19.4% (1957 of 10066), ETA 0:00:00                              
[00:00:01] ... finding cutoff p=991 20.2% (2031 of 10066), ETA 0:00:00                              
[00:00:01] ... finding cutoff p=991 21.5% (2165 of 10066), ETA 0:00:00                              
[00:00:01] ... finding cutoff p=991 22.3% (2246 of 10066), ETA 0:00:00                              
[00:00:01] ... finding cutoff p=991 23.2% (2337 of 10066), ETA 0:00:00                              
[00:00:01] ... finding cutoff p=991 24.6% (2477 of 10066), ETA 0:00:00                              
[00:00:01] ... finding cutoff p=991 25.5% (2571 of 10066), ETA 0:00:00                              
[00:00:01] ... finding cutoff p=991 26.4% (2660 of 10066), ETA 0:00:00                              
[00:00:01] ... finding cutoff p=991 27.2% (2738 of 10066), ETA 0:00:00                              
[00:00:01] ... finding cutoff p=991 28.7% (2884 of 10066), ETA 0:00:00                              
[00:00:01] ... finding cutoff p=991 29.6% (2980 of 10066), ETA 0:00:00                              
[00:00:01] ... finding cutoff p=991 30.7% (3086 of 10066), ETA 0:00:00                              
[00:00:01] ... finding cutoff p=991 31.4% (3156 of 10066), ETA 0:00:00                              
[00:00:01] ... finding cutoff p=991 32.6% (3278 of 10066), ETA 0:00:00                              
[00:00:01] ... finding cutoff p=991 33.3% (3350 of 10066), ETA 0:00:00                              
[00:00:01] ... finding cutoff p=991 34.6% (3478 of 10066), ETA 0:00:00                              
[00:00:01] ... finding cutoff p=991 35.5% (3573 of 10066), ETA 0:00:00                              
[00:00:01] ... finding cutoff p=991 36.1% (3638 of 10066), ETA 0:00:00                              
[00:00:01] ... finding cutoff p=991 37.2% (3742 of 10066), ETA 0:00:00                              
[00:00:01] ... finding cutoff p=991 38.3% (3856 of 10066), ETA 0:00:00                              
[00:00:01] ... finding cutoff p=991 39.5% (3976 of 10066), ETA 0:00:00                              
[00:00:01] ... finding cutoff p=991 40.5% (4081 of 10066), ETA 0:00:00                              
[00:00:01] ... finding cutoff p=991 41.1% (4142 of 10066), ETA 0:00:00                              
[00:00:01] ... finding cutoff p=991 42.5% (4282 of 10066), ETA 0:00:00                              
[00:00:01] ... finding cutoff p=991 43.2% (4349 of 10066), ETA 0:00:00                              
[00:00:01] ... finding cutoff p=991 44.4% (4474 of 10066), ETA 0:00:00                              
[00:00:01] ... finding cutoff p=991 45.2% (4547 of 10066), ETA 0:00:00                              
[00:00:01] ... finding cutoff p=991 46.4% (4668 of 10066), ETA 0:00:00                              
[00:00:01] ... finding cutoff p=991 47.3% (4766 of 10066), ETA 0:00:00                              
[00:00:01] ... finding cutoff p=991 48.5% (4880 of 10066), ETA 0:00:00                              
[00:00:01] ... finding cutoff p=991 49.6% (4990 of 10066), ETA 0:00:00                              
[00:00:01] ... finding cutoff p=991 50.2% (5055 of 10066), ETA 0:00:00                              
[00:00:01] ... finding cutoff p=991 51.2% (5156 of 10066), ETA 0:00:00                              
[00:00:01] ... finding cutoff p=991 52.5% (5287 of 10066), ETA 0:00:00                              
[00:00:01] ... finding cutoff p=991 53.5% (5390 of 10066), ETA 0:00:00                              
[00:00:01] ... finding cutoff p=991 54.6% (5492 of 10066), ETA 0:00:00                              
[00:00:01] ... finding cutoff p=991 55.6% (5598 of 10066), ETA 0:00:00                              
[00:00:01] ... finding cutoff p=991 56.5% (5687 of 10066), ETA 0:00:00                              
[00:00:01] ... finding cutoff p=991 57.5% (5783 of 10066), ETA 0:00:00                              
[00:00:01] ... finding cutoff p=991 58.3% (5865 of 10066), ETA 0:00:00                              
[00:00:01] ... finding cutoff p=991 59.6% (5996 of 10066), ETA 0:00:00                              
[00:00:01] ... finding cutoff p=991 60.3% (6067 of 10066), ETA 0:00:00                              
[00:00:01] ... finding cutoff p=991 61.4% (6182 of 10066), ETA 0:00:00                              
[00:00:01] ... finding cutoff p=991 62.5% (6290 of 10066), ETA 0:00:00                              
[00:00:01] ... finding cutoff p=991 63.3% (6375 of 10066), ETA 0:00:00                              
[00:00:01] ... finding cutoff p=991 64.3% (6471 of 10066), ETA 0:00:00                              
[00:00:01] ... finding cutoff p=991 65.5% (6596 of 10066), ETA 0:00:00                              
[00:00:01] ... finding cutoff p=991 66.4% (6679 of 10066), ETA 0:00:00                              
[00:00:01] ... finding cutoff p=991 67.3% (6774 of 10066), ETA 0:00:00                              
[00:00:01] ... finding cutoff p=991 68.3% (6871 of 10066), ETA 0:00:00                              
[00:00:01] ... finding cutoff p=991 69.4% (6988 of 10066), ETA 0:00:00                              
[00:00:01] ... finding cutoff p=991 70.3% (7074 of 10066), ETA 0:00:00                              
[00:00:01] ... finding cutoff p=991 71.4% (7187 of 10066), ETA 0:00:00                              
[00:00:01] ... finding cutoff p=991 72.4% (7292 of 10066), ETA 0:00:00                              
[00:00:01] ... finding cutoff p=991 73.5% (7400 of 10066), ETA 0:00:00                              
[00:00:01] ... finding cutoff p=991 74.3% (7477 of 10066), ETA 0:00:00                              
[00:00:01] ... finding cutoff p=991 75.4% (7594 of 10066), ETA 0:00:00                              
[00:00:01] ... finding cutoff p=991 76.4% (7691 of 10066), ETA 0:00:00                              
[00:00:01] ... finding cutoff p=991 77.3% (7781 of 10066), ETA 0:00:00                              
[00:00:01] ... finding cutoff p=991 78.5% (7897 of 10066), ETA 0:00:00                              
[00:00:01] ... finding cutoff p=991 79.4% (7996 of 10066), ETA 0:00:00                              
[00:00:01] ... finding cutoff p=991 80.4% (8093 of 10066), ETA 0:00:00                              
[00:00:01] ... finding cutoff p=991 81.4% (8191 of 10066), ETA 0:00:00                              
[00:00:01] ... finding cutoff p=991 82.3% (8282 of 10066), ETA 0:00:00                              
[00:00:01] ... finding cutoff p=991 83.4% (8395 of 10066), ETA 0:00:00                              
[00:00:01] ... finding cutoff p=991 84.4% (8493 of 10066), ETA 0:00:00                              
[00:00:01] ... finding cutoff p=991 85.3% (8587 of 10066), ETA 0:00:00                              
[00:00:01] ... finding cutoff p=991 86.4% (8695 of 10066), ETA 0:00:00                              
[00:00:01] ... finding cutoff p=991 87.4% (8801 of 10066), ETA 0:00:00                              
[00:00:01] ... finding cutoff p=991 88.3% (8892 of 10066), ETA 0:00:00                              
[00:00:01] ... finding cutoff p=991 89.4% (8998 of 10066), ETA 0:00:00                              
[00:00:01] ... finding cutoff p=991 90.3% (9094 of 10066), ETA 0:00:00                              
[00:00:01] ... finding cutoff p=991 91.3% (9195 of 10066), ETA 0:00:00                              
[00:00:01] ... finding cutoff p=991 92.3% (9292 of 10066), ETA 0:00:00                              
[00:00:01] ... finding cutoff p=991 93.4% (9398 of 10066), ETA 0:00:00                              
[00:00:01] ... finding cutoff p=991 94.3% (9495 of 10066), ETA 0:00:00                              
[00:00:01] ... finding cutoff p=991 95.3% (9595 of 10066), ETA 0:00:00                              
[00:00:01] ... finding cutoff p=991 96.4% (9702 of 10066), ETA 0:00:00                              
[00:00:01] ... finding cutoff p=991 97.4% (9800 of 10066), ETA 0:00:00                              
[00:00:01] ... finding cutoff p=991 98.3% (9899 of 10066), ETA 0:00:00                              
[00:00:01] ... finding cutoff p=991 99.3% (9999 of 10066), ETA 0:00:00                              
[00:00:01] Preparing TNF Graph Building [pTNF = 99.1; 1289 / 10066 (P = 12.81%) round 5]               
[00:00:01] Finding cutoff p=988 [-97.9Gb / 1007.8Gb]                                                     
[00:00:01] ... finding cutoff p=988 1.7% (176 of 10066), ETA 0:00:00                              
[00:00:01] ... finding cutoff p=988 3.0% (306 of 10066), ETA 0:00:00                              
[00:00:01] ... finding cutoff p=988 4.5% (454 of 10066), ETA 0:00:00                              
[00:00:01] ... finding cutoff p=988 5.6% (563 of 10066), ETA 0:00:00                              
[00:00:01] ... finding cutoff p=988 6.8% (680 of 10066), ETA 0:00:00                              
[00:00:01] ... finding cutoff p=988 7.5% (759 of 10066), ETA 0:00:00                              
[00:00:01] ... finding cutoff p=988 8.6% (870 of 10066), ETA 0:00:00                              
[00:00:01] ... finding cutoff p=988 9.7% (975 of 10066), ETA 0:00:00                              
[00:00:01] ... finding cutoff p=988 10.8% (1084 of 10066), ETA 0:00:00                              
[00:00:01] ... finding cutoff p=988 12.0% (1211 of 10066), ETA 0:00:00                              
[00:00:01] ... finding cutoff p=988 13.3% (1337 of 10066), ETA 0:00:00                              
[00:00:01] ... finding cutoff p=988 14.4% (1451 of 10066), ETA 0:00:00                              
[00:00:01] ... finding cutoff p=988 15.2% (1528 of 10066), ETA 0:00:00                              
[00:00:01] ... finding cutoff p=988 16.4% (1649 of 10066), ETA 0:00:00                              
[00:00:01] ... finding cutoff p=988 17.2% (1735 of 10066), ETA 0:00:00                              
[00:00:01] ... finding cutoff p=988 18.1% (1819 of 10066), ETA 0:00:00                              
[00:00:01] ... finding cutoff p=988 19.4% (1955 of 10066), ETA 0:00:00                              
[00:00:01] ... finding cutoff p=988 20.3% (2047 of 10066), ETA 0:00:00                              
[00:00:01] ... finding cutoff p=988 21.3% (2144 of 10066), ETA 0:00:00                              
[00:00:01] ... finding cutoff p=988 22.1% (2222 of 10066), ETA 0:00:00                              
[00:00:01] ... finding cutoff p=988 23.5% (2366 of 10066), ETA 0:00:00                              
[00:00:01] ... finding cutoff p=988 24.3% (2442 of 10066), ETA 0:00:00                              
[00:00:01] ... finding cutoff p=988 25.1% (2530 of 10066), ETA 0:00:00                              
[00:00:01] ... finding cutoff p=988 26.4% (2660 of 10066), ETA 0:00:00                              
[00:00:01] ... finding cutoff p=988 27.2% (2734 of 10066), ETA 0:00:00                              
[00:00:01] ... finding cutoff p=988 28.1% (2832 of 10066), ETA 0:00:00                              
[00:00:01] ... finding cutoff p=988 29.5% (2968 of 10066), ETA 0:00:00                              
[00:00:01] ... finding cutoff p=988 30.4% (3061 of 10066), ETA 0:00:00                              
[00:00:01] ... finding cutoff p=988 31.4% (3156 of 10066), ETA 0:00:00                              
[00:00:01] ... finding cutoff p=988 32.5% (3276 of 10066), ETA 0:00:00                              
[00:00:01] ... finding cutoff p=988 33.2% (3345 of 10066), ETA 0:00:00                              
[00:00:01] ... finding cutoff p=988 34.4% (3465 of 10066), ETA 0:00:00                              
[00:00:01] ... finding cutoff p=988 35.2% (3541 of 10066), ETA 0:00:00                              
[00:00:01] ... finding cutoff p=988 36.5% (3675 of 10066), ETA 0:00:00                              
[00:00:01] ... finding cutoff p=988 37.6% (3785 of 10066), ETA 0:00:00                              
[00:00:01] ... finding cutoff p=988 38.3% (3851 of 10066), ETA 0:00:00                              
[00:00:01] ... finding cutoff p=988 39.3% (3958 of 10066), ETA 0:00:00                              
[00:00:01] ... finding cutoff p=988 40.6% (4088 of 10066), ETA 0:00:00                              
[00:00:01] ... finding cutoff p=988 41.2% (4144 of 10066), ETA 0:00:00                              
[00:00:01] ... finding cutoff p=988 42.3% (4258 of 10066), ETA 0:00:00                              
[00:00:01] ... finding cutoff p=988 43.6% (4390 of 10066), ETA 0:00:00                              
[00:00:01] ... finding cutoff p=988 44.3% (4455 of 10066), ETA 0:00:00                              
[00:00:01] ... finding cutoff p=988 45.5% (4579 of 10066), ETA 0:00:00                              
[00:00:01] ... finding cutoff p=988 46.5% (4684 of 10066), ETA 0:00:00                              
[00:00:01] ... finding cutoff p=988 47.7% (4797 of 10066), ETA 0:00:00                              
[00:00:01] ... finding cutoff p=988 48.4% (4871 of 10066), ETA 0:00:00                              
[00:00:01] ... finding cutoff p=988 49.3% (4966 of 10066), ETA 0:00:00                              
[00:00:01] ... finding cutoff p=988 50.4% (5074 of 10066), ETA 0:00:00                              
[00:00:01] ... finding cutoff p=988 51.4% (5174 of 10066), ETA 0:00:00                              
[00:00:01] ... finding cutoff p=988 52.3% (5261 of 10066), ETA 0:00:00                              
[00:00:01] ... finding cutoff p=988 53.5% (5383 of 10066), ETA 0:00:00                              
[00:00:01] ... finding cutoff p=988 54.6% (5494 of 10066), ETA 0:00:00                              
[00:00:01] ... finding cutoff p=988 55.6% (5598 of 10066), ETA 0:00:00                              
[00:00:01] ... finding cutoff p=988 56.4% (5682 of 10066), ETA 0:00:00                              
[00:00:01] ... finding cutoff p=988 57.3% (5772 of 10066), ETA 0:00:00                              
[00:00:01] ... finding cutoff p=988 58.3% (5867 of 10066), ETA 0:00:00                              
[00:00:01] ... finding cutoff p=988 59.2% (5960 of 10066), ETA 0:00:00                              
[00:00:01] ... finding cutoff p=988 60.5% (6090 of 10066), ETA 0:00:00                              
[00:00:01] ... finding cutoff p=988 61.5% (6194 of 10066), ETA 0:00:00                              
[00:00:01] ... finding cutoff p=988 62.4% (6283 of 10066), ETA 0:00:00                              
[00:00:01] ... finding cutoff p=988 63.3% (6374 of 10066), ETA 0:00:00                              
[00:00:01] ... finding cutoff p=988 64.4% (6478 of 10066), ETA 0:00:00                              
[00:00:01] ... finding cutoff p=988 65.2% (6568 of 10066), ETA 0:00:00                              
[00:00:01] ... finding cutoff p=988 66.3% (6669 of 10066), ETA 0:00:00                              
[00:00:01] ... finding cutoff p=988 67.4% (6786 of 10066), ETA 0:00:00                              
[00:00:01] ... finding cutoff p=988 68.3% (6875 of 10066), ETA 0:00:00                              
[00:00:01] ... finding cutoff p=988 69.3% (6971 of 10066), ETA 0:00:00                              
[00:00:01] ... finding cutoff p=988 70.4% (7085 of 10066), ETA 0:00:00                              
[00:00:01] ... finding cutoff p=988 71.3% (7174 of 10066), ETA 0:00:00                              
[00:00:01] ... finding cutoff p=988 72.5% (7293 of 10066), ETA 0:00:00                              
[00:00:01] ... finding cutoff p=988 73.5% (7397 of 10066), ETA 0:00:00                              
[00:00:01] ... finding cutoff p=988 74.3% (7479 of 10066), ETA 0:00:00                              
[00:00:01] ... finding cutoff p=988 75.3% (7576 of 10066), ETA 0:00:00                              
[00:00:01] ... finding cutoff p=988 76.4% (7688 of 10066), ETA 0:00:00                              
[00:00:01] ... finding cutoff p=988 77.4% (7794 of 10066), ETA 0:00:00                              
[00:00:01] ... finding cutoff p=988 78.3% (7881 of 10066), ETA 0:00:00                              
[00:00:01] ... finding cutoff p=988 79.4% (7994 of 10066), ETA 0:00:00                              
[00:00:01] ... finding cutoff p=988 80.3% (8081 of 10066), ETA 0:00:00                              
[00:00:01] ... finding cutoff p=988 81.5% (8200 of 10066), ETA 0:00:00                              
[00:00:01] ... finding cutoff p=988 82.4% (8296 of 10066), ETA 0:00:00                              
[00:00:01] ... finding cutoff p=988 83.3% (8389 of 10066), ETA 0:00:00                              
[00:00:01] ... finding cutoff p=988 84.3% (8487 of 10066), ETA 0:00:00                              
[00:00:01] ... finding cutoff p=988 85.3% (8591 of 10066), ETA 0:00:00                              
[00:00:01] ... finding cutoff p=988 86.4% (8692 of 10066), ETA 0:00:00                              
[00:00:01] ... finding cutoff p=988 87.3% (8787 of 10066), ETA 0:00:00                              
[00:00:01] ... finding cutoff p=988 88.3% (8892 of 10066), ETA 0:00:00                              
[00:00:01] ... finding cutoff p=988 89.4% (8995 of 10066), ETA 0:00:00                              
[00:00:01] ... finding cutoff p=988 90.4% (9098 of 10066), ETA 0:00:00                              
[00:00:01] ... finding cutoff p=988 91.4% (9197 of 10066), ETA 0:00:00                              
[00:00:01] ... finding cutoff p=988 92.4% (9299 of 10066), ETA 0:00:00                              
[00:00:01] ... finding cutoff p=988 93.3% (9393 of 10066), ETA 0:00:00                              
[00:00:01] ... finding cutoff p=988 94.3% (9494 of 10066), ETA 0:00:00                              
[00:00:01] ... finding cutoff p=988 95.3% (9597 of 10066), ETA 0:00:00                              
[00:00:01] ... finding cutoff p=988 96.4% (9703 of 10066), ETA 0:00:00                              
[00:00:01] ... finding cutoff p=988 97.3% (9799 of 10066), ETA 0:00:00                              
[00:00:01] ... finding cutoff p=988 98.4% (9900 of 10066), ETA 0:00:00                              
[00:00:01] ... finding cutoff p=988 99.3% (9999 of 10066), ETA 0:00:00                              
[00:00:01] Preparing TNF Graph Building [pTNF = 98.8; 1546 / 10066 (P = 15.36%) round 6]               
[00:00:01] Finding cutoff p=985 [-97.9Gb / 1007.8Gb]                                                     
[00:00:01] ... finding cutoff p=985 1.7% (171 of 10066), ETA 0:00:00                              
[00:00:01] ... finding cutoff p=985 3.0% (303 of 10066), ETA 0:00:00                              
[00:00:01] ... finding cutoff p=985 4.3% (431 of 10066), ETA 0:00:00                              
[00:00:01] ... finding cutoff p=985 5.4% (543 of 10066), ETA 0:00:00                              
[00:00:01] ... finding cutoff p=985 6.3% (636 of 10066), ETA 0:00:00                              
[00:00:01] ... finding cutoff p=985 7.4% (740 of 10066), ETA 0:00:00                              
[00:00:01] ... finding cutoff p=985 8.6% (864 of 10066), ETA 0:00:00                              
[00:00:01] ... finding cutoff p=985 9.6% (967 of 10066), ETA 0:00:00                              
[00:00:01] ... finding cutoff p=985 10.6% (1062 of 10066), ETA 0:00:00                              
[00:00:01] ... finding cutoff p=985 11.6% (1168 of 10066), ETA 0:00:00                              
[00:00:01] ... finding cutoff p=985 12.8% (1292 of 10066), ETA 0:00:00                              
[00:00:01] ... finding cutoff p=985 13.9% (1403 of 10066), ETA 0:00:00                              
[00:00:01] ... finding cutoff p=985 14.7% (1481 of 10066), ETA 0:00:00                              
[00:00:01] ... finding cutoff p=985 15.4% (1550 of 10066), ETA 0:00:00                              
[00:00:01] ... finding cutoff p=985 16.1% (1624 of 10066), ETA 0:00:00                              
[00:00:01] ... finding cutoff p=985 17.4% (1756 of 10066), ETA 0:00:00                              
[00:00:01] ... finding cutoff p=985 18.4% (1852 of 10066), ETA 0:00:00                              
[00:00:01] ... finding cutoff p=985 19.3% (1942 of 10066), ETA 0:00:00                              
[00:00:01] ... finding cutoff p=985 20.2% (2029 of 10066), ETA 0:00:00                              
[00:00:01] ... finding cutoff p=985 21.7% (2189 of 10066), ETA 0:00:00                              
[00:00:01] ... finding cutoff p=985 22.5% (2265 of 10066), ETA 0:00:00                              
[00:00:01] ... finding cutoff p=985 23.4% (2355 of 10066), ETA 0:00:00                              
[00:00:01] ... finding cutoff p=985 24.3% (2444 of 10066), ETA 0:00:00                              
[00:00:01] ... finding cutoff p=985 25.6% (2573 of 10066), ETA 0:00:00                              
[00:00:01] ... finding cutoff p=985 26.4% (2655 of 10066), ETA 0:00:00                              
[00:00:01] ... finding cutoff p=985 27.4% (2755 of 10066), ETA 0:00:00                              
[00:00:01] ... finding cutoff p=985 28.1% (2829 of 10066), ETA 0:00:00                              
[00:00:01] ... finding cutoff p=985 29.4% (2963 of 10066), ETA 0:00:00                              
[00:00:01] ... finding cutoff p=985 30.4% (3058 of 10066), ETA 0:00:00                              
[00:00:01] ... finding cutoff p=985 31.3% (3155 of 10066), ETA 0:00:00                              
[00:00:01] ... finding cutoff p=985 32.5% (3273 of 10066), ETA 0:00:00                              
[00:00:01] ... finding cutoff p=985 33.2% (3345 of 10066), ETA 0:00:00                              
[00:00:01] ... finding cutoff p=985 34.4% (3467 of 10066), ETA 0:00:00                              
[00:00:01] ... finding cutoff p=985 35.4% (3564 of 10066), ETA 0:00:00                              
[00:00:01] ... finding cutoff p=985 36.5% (3673 of 10066), ETA 0:00:00                              
[00:00:01] ... finding cutoff p=985 37.6% (3783 of 10066), ETA 0:00:00                              
[00:00:01] ... finding cutoff p=985 38.4% (3864 of 10066), ETA 0:00:00                              
[00:00:01] ... finding cutoff p=985 39.2% (3946 of 10066), ETA 0:00:00                              
[00:00:01] ... finding cutoff p=985 40.1% (4040 of 10066), ETA 0:00:00                              
[00:00:01] ... finding cutoff p=985 41.5% (4181 of 10066), ETA 0:00:00                              
[00:00:01] ... finding cutoff p=985 42.6% (4291 of 10066), ETA 0:00:00                              
[00:00:01] ... finding cutoff p=985 43.2% (4352 of 10066), ETA 0:00:00                              
[00:00:01] ... finding cutoff p=985 44.3% (4458 of 10066), ETA 0:00:00                              
[00:00:01] ... finding cutoff p=985 45.3% (4562 of 10066), ETA 0:00:00                              
[00:00:01] ... finding cutoff p=985 46.6% (4694 of 10066), ETA 0:00:00                              
[00:00:01] ... finding cutoff p=985 47.7% (4802 of 10066), ETA 0:00:00                              
[00:00:01] ... finding cutoff p=985 48.2% (4855 of 10066), ETA 0:00:00                              
[00:00:01] ... finding cutoff p=985 49.2% (4957 of 10066), ETA 0:00:00                              
[00:00:01] ... finding cutoff p=985 50.4% (5071 of 10066), ETA 0:00:00                              
[00:00:01] ... finding cutoff p=985 51.5% (5179 of 10066), ETA 0:00:00                              
[00:00:01] ... finding cutoff p=985 52.3% (5266 of 10066), ETA 0:00:00                              
[00:00:01] ... finding cutoff p=985 53.4% (5379 of 10066), ETA 0:00:00                              
[00:00:01] ... finding cutoff p=985 54.4% (5475 of 10066), ETA 0:00:00                              
[00:00:01] ... finding cutoff p=985 55.3% (5563 of 10066), ETA 0:00:00                              
[00:00:01] ... finding cutoff p=985 56.6% (5694 of 10066), ETA 0:00:00                              
[00:00:01] ... finding cutoff p=985 57.2% (5757 of 10066), ETA 0:00:00                              
[00:00:01] ... finding cutoff p=985 58.4% (5880 of 10066), ETA 0:00:00                              
[00:00:01] ... finding cutoff p=985 59.4% (5984 of 10066), ETA 0:00:00                              
[00:00:01] ... finding cutoff p=985 60.6% (6095 of 10066), ETA 0:00:00                              
[00:00:01] ... finding cutoff p=985 61.4% (6185 of 10066), ETA 0:00:00                              
[00:00:01] ... finding cutoff p=985 62.3% (6270 of 10066), ETA 0:00:00                              
[00:00:01] ... finding cutoff p=985 63.3% (6375 of 10066), ETA 0:00:00                              
[00:00:01] ... finding cutoff p=985 64.4% (6487 of 10066), ETA 0:00:00                              
[00:00:01] ... finding cutoff p=985 65.4% (6582 of 10066), ETA 0:00:00                              
[00:00:01] ... finding cutoff p=985 66.3% (6673 of 10066), ETA 0:00:00                              
[00:00:01] ... finding cutoff p=985 67.3% (6770 of 10066), ETA 0:00:00                              
[00:00:01] ... finding cutoff p=985 68.2% (6870 of 10066), ETA 0:00:00                              
[00:00:01] ... finding cutoff p=985 69.4% (6984 of 10066), ETA 0:00:00                              
[00:00:01] ... finding cutoff p=985 70.3% (7072 of 10066), ETA 0:00:00                              
[00:00:01] ... finding cutoff p=985 71.3% (7178 of 10066), ETA 0:00:00                              
[00:00:01] ... finding cutoff p=985 72.3% (7280 of 10066), ETA 0:00:00                              
[00:00:01] ... finding cutoff p=985 73.5% (7400 of 10066), ETA 0:00:00                              
[00:00:01] ... finding cutoff p=985 74.3% (7478 of 10066), ETA 0:00:00                              
[00:00:01] ... finding cutoff p=985 75.3% (7583 of 10066), ETA 0:00:00                              
[00:00:01] ... finding cutoff p=985 76.3% (7684 of 10066), ETA 0:00:00                              
[00:00:01] ... finding cutoff p=985 77.4% (7787 of 10066), ETA 0:00:00                              
[00:00:01] ... finding cutoff p=985 78.3% (7880 of 10066), ETA 0:00:00                              
[00:00:01] ... finding cutoff p=985 79.4% (7996 of 10066), ETA 0:00:00                              
[00:00:01] ... finding cutoff p=985 80.4% (8091 of 10066), ETA 0:00:00                              
[00:00:01] ... finding cutoff p=985 81.4% (8190 of 10066), ETA 0:00:00                              
[00:00:01] ... finding cutoff p=985 82.4% (8290 of 10066), ETA 0:00:00                              
[00:00:01] ... finding cutoff p=985 83.3% (8389 of 10066), ETA 0:00:00                              
[00:00:01] ... finding cutoff p=985 84.5% (8502 of 10066), ETA 0:00:00                              
[00:00:01] ... finding cutoff p=985 85.3% (8587 of 10066), ETA 0:00:00                              
[00:00:01] ... finding cutoff p=985 86.3% (8689 of 10066), ETA 0:00:00                              
[00:00:01] ... finding cutoff p=985 87.4% (8793 of 10066), ETA 0:00:00                              
[00:00:01] ... finding cutoff p=985 88.3% (8893 of 10066), ETA 0:00:00                              
[00:00:01] ... finding cutoff p=985 89.4% (8999 of 10066), ETA 0:00:00                              
[00:00:01] ... finding cutoff p=985 90.3% (9094 of 10066), ETA 0:00:00                              
[00:00:01] ... finding cutoff p=985 91.4% (9200 of 10066), ETA 0:00:00                              
[00:00:01] ... finding cutoff p=985 92.4% (9298 of 10066), ETA 0:00:00                              
[00:00:01] ... finding cutoff p=985 93.4% (9397 of 10066), ETA 0:00:00                              
[00:00:01] ... finding cutoff p=985 94.3% (9494 of 10066), ETA 0:00:00                              
[00:00:01] ... finding cutoff p=985 95.4% (9599 of 10066), ETA 0:00:00                              
[00:00:01] ... finding cutoff p=985 96.4% (9699 of 10066), ETA 0:00:00                              
[00:00:01] ... finding cutoff p=985 97.3% (9798 of 10066), ETA 0:00:00                              
[00:00:01] ... finding cutoff p=985 98.3% (9899 of 10066), ETA 0:00:00                              
[00:00:01] ... finding cutoff p=985 99.3% (9999 of 10066), ETA 0:00:00                              
[00:00:01] Preparing TNF Graph Building [pTNF = 98.5; 1779 / 10066 (P = 17.67%) round 7]               
[00:00:01] Finding cutoff p=981 [-97.9Gb / 1007.8Gb]                                                     
[00:00:01] ... finding cutoff p=981 1.5% (150 of 10066), ETA 0:00:00                              
[00:00:01] ... finding cutoff p=981 2.7% (273 of 10066), ETA 0:00:00                              
[00:00:01] ... finding cutoff p=981 3.8% (378 of 10066), ETA 0:00:00                              
[00:00:01] ... finding cutoff p=981 4.8% (480 of 10066), ETA 0:00:00                              
[00:00:01] ... finding cutoff p=981 5.7% (577 of 10066), ETA 0:00:00                              
[00:00:01] ... finding cutoff p=981 6.7% (677 of 10066), ETA 0:00:00                              
[00:00:01] ... finding cutoff p=981 8.1% (815 of 10066), ETA 0:00:00                              
[00:00:01] ... finding cutoff p=981 9.4% (943 of 10066), ETA 0:00:00                              
[00:00:01] ... finding cutoff p=981 10.7% (1081 of 10066), ETA 0:00:00                              
[00:00:01] ... finding cutoff p=981 11.9% (1195 of 10066), ETA 0:00:00                              
[00:00:01] ... finding cutoff p=981 13.5% (1358 of 10066), ETA 0:00:00                              
[00:00:01] ... finding cutoff p=981 14.5% (1455 of 10066), ETA 0:00:00                              
[00:00:01] ... finding cutoff p=981 15.2% (1534 of 10066), ETA 0:00:00                              
[00:00:01] ... finding cutoff p=981 16.5% (1656 of 10066), ETA 0:00:00                              
[00:00:01] ... finding cutoff p=981 17.1% (1722 of 10066), ETA 0:00:00                              
[00:00:01] ... finding cutoff p=981 18.7% (1882 of 10066), ETA 0:00:00                              
[00:00:01] ... finding cutoff p=981 19.8% (1995 of 10066), ETA 0:00:00                              
[00:00:01] ... finding cutoff p=981 20.8% (2089 of 10066), ETA 0:00:00                              
[00:00:01] ... finding cutoff p=981 21.6% (2172 of 10066), ETA 0:00:00                              
[00:00:01] ... finding cutoff p=981 22.3% (2244 of 10066), ETA 0:00:00                              
[00:00:01] ... finding cutoff p=981 23.6% (2376 of 10066), ETA 0:00:00                              
[00:00:01] ... finding cutoff p=981 24.5% (2463 of 10066), ETA 0:00:00                              
[00:00:01] ... finding cutoff p=981 25.4% (2557 of 10066), ETA 0:00:00                              
[00:00:01] ... finding cutoff p=981 26.7% (2689 of 10066), ETA 0:00:00                              
[00:00:01] ... finding cutoff p=981 27.5% (2765 of 10066), ETA 0:00:00                              
[00:00:01] ... finding cutoff p=981 28.2% (2835 of 10066), ETA 0:00:00                              
[00:00:01] ... finding cutoff p=981 29.4% (2963 of 10066), ETA 0:00:00                              
[00:00:01] ... finding cutoff p=981 30.2% (3043 of 10066), ETA 0:00:00                              
[00:00:01] ... finding cutoff p=981 31.5% (3174 of 10066), ETA 0:00:00                              
[00:00:01] ... finding cutoff p=981 32.4% (3259 of 10066), ETA 0:00:00                              
[00:00:01] ... finding cutoff p=981 33.1% (3336 of 10066), ETA 0:00:00                              
[00:00:01] ... finding cutoff p=981 34.5% (3468 of 10066), ETA 0:00:00                              
[00:00:01] ... finding cutoff p=981 35.2% (3543 of 10066), ETA 0:00:00                              
[00:00:01] ... finding cutoff p=981 36.6% (3680 of 10066), ETA 0:00:00                              
[00:00:01] ... finding cutoff p=981 37.2% (3740 of 10066), ETA 0:00:00                              
[00:00:01] ... finding cutoff p=981 38.3% (3858 of 10066), ETA 0:00:00                              
[00:00:01] ... finding cutoff p=981 39.5% (3977 of 10066), ETA 0:00:00                              
[00:00:01] ... finding cutoff p=981 40.2% (4042 of 10066), ETA 0:00:00                              
[00:00:01] ... finding cutoff p=981 41.2% (4146 of 10066), ETA 0:00:00                              
[00:00:01] ... finding cutoff p=981 42.4% (4269 of 10066), ETA 0:00:00                              
[00:00:01] ... finding cutoff p=981 43.5% (4376 of 10066), ETA 0:00:00                              
[00:00:01] ... finding cutoff p=981 44.6% (4487 of 10066), ETA 0:00:00                              
[00:00:01] ... finding cutoff p=981 45.2% (4549 of 10066), ETA 0:00:00                              
[00:00:01] ... finding cutoff p=981 46.3% (4662 of 10066), ETA 0:00:00                              
[00:00:01] ... finding cutoff p=981 47.5% (4782 of 10066), ETA 0:00:00                              
[00:00:01] ... finding cutoff p=981 48.7% (4905 of 10066), ETA 0:00:00                              
[00:00:01] ... finding cutoff p=981 49.2% (4957 of 10066), ETA 0:00:00                              
[00:00:01] ... finding cutoff p=981 50.5% (5083 of 10066), ETA 0:00:00                              
[00:00:01] ... finding cutoff p=981 51.3% (5160 of 10066), ETA 0:00:00                              
[00:00:01] ... finding cutoff p=981 52.2% (5256 of 10066), ETA 0:00:00                              
[00:00:01] ... finding cutoff p=981 53.4% (5378 of 10066), ETA 0:00:00                              
[00:00:01] ... finding cutoff p=981 54.5% (5490 of 10066), ETA 0:00:00                              
[00:00:01] ... finding cutoff p=981 55.6% (5601 of 10066), ETA 0:00:00                              
[00:00:01] ... finding cutoff p=981 56.4% (5675 of 10066), ETA 0:00:00                              
[00:00:01] ... finding cutoff p=981 57.6% (5800 of 10066), ETA 0:00:00                              
[00:00:01] ... finding cutoff p=981 58.6% (5895 of 10066), ETA 0:00:00                              
[00:00:01] ... finding cutoff p=981 59.5% (5988 of 10066), ETA 0:00:00                              
[00:00:01] ... finding cutoff p=981 60.6% (6095 of 10066), ETA 0:00:00                              
[00:00:01] ... finding cutoff p=981 61.4% (6183 of 10066), ETA 0:00:00                              
[00:00:01] ... finding cutoff p=981 62.5% (6287 of 10066), ETA 0:00:00                              
[00:00:01] ... finding cutoff p=981 63.4% (6377 of 10066), ETA 0:00:00                              
[00:00:01] ... finding cutoff p=981 64.5% (6490 of 10066), ETA 0:00:00                              
[00:00:01] ... finding cutoff p=981 65.4% (6581 of 10066), ETA 0:00:00                              
[00:00:01] ... finding cutoff p=981 66.3% (6675 of 10066), ETA 0:00:00                              
[00:00:01] ... finding cutoff p=981 67.2% (6767 of 10066), ETA 0:00:00                              
[00:00:01] ... finding cutoff p=981 68.3% (6874 of 10066), ETA 0:00:00                              
[00:00:01] ... finding cutoff p=981 69.4% (6990 of 10066), ETA 0:00:00                              
[00:00:01] ... finding cutoff p=981 70.3% (7077 of 10066), ETA 0:00:00                              
[00:00:01] ... finding cutoff p=981 71.4% (7184 of 10066), ETA 0:00:00                              
[00:00:01] ... finding cutoff p=981 72.4% (7290 of 10066), ETA 0:00:00                              
[00:00:01] ... finding cutoff p=981 73.5% (7398 of 10066), ETA 0:00:00                              
[00:00:01] ... finding cutoff p=981 74.3% (7481 of 10066), ETA 0:00:00                              
[00:00:01] ... finding cutoff p=981 75.3% (7579 of 10066), ETA 0:00:00                              
[00:00:01] ... finding cutoff p=981 76.5% (7700 of 10066), ETA 0:00:00                              
[00:00:01] ... finding cutoff p=981 77.5% (7798 of 10066), ETA 0:00:00                              
[00:00:01] ... finding cutoff p=981 78.5% (7901 of 10066), ETA 0:00:00                              
[00:00:01] ... finding cutoff p=981 79.3% (7981 of 10066), ETA 0:00:00                              
[00:00:01] ... finding cutoff p=981 80.4% (8097 of 10066), ETA 0:00:00                              
[00:00:01] ... finding cutoff p=981 81.4% (8194 of 10066), ETA 0:00:00                              
[00:00:01] ... finding cutoff p=981 82.4% (8292 of 10066), ETA 0:00:00                              
[00:00:01] ... finding cutoff p=981 83.3% (8388 of 10066), ETA 0:00:00                              
[00:00:01] ... finding cutoff p=981 84.4% (8499 of 10066), ETA 0:00:00                              
[00:00:01] ... finding cutoff p=981 85.4% (8598 of 10066), ETA 0:00:00                              
[00:00:01] ... finding cutoff p=981 86.3% (8688 of 10066), ETA 0:00:00                              
[00:00:01] ... finding cutoff p=981 87.4% (8793 of 10066), ETA 0:00:00                              
[00:00:01] ... finding cutoff p=981 88.4% (8899 of 10066), ETA 0:00:00                              
[00:00:01] ... finding cutoff p=981 89.3% (8992 of 10066), ETA 0:00:00                              
[00:00:01] ... finding cutoff p=981 90.3% (9091 of 10066), ETA 0:00:00                              
[00:00:01] ... finding cutoff p=981 91.4% (9198 of 10066), ETA 0:00:00                              
[00:00:01] ... finding cutoff p=981 92.4% (9297 of 10066), ETA 0:00:00                              
[00:00:01] ... finding cutoff p=981 93.3% (9395 of 10066), ETA 0:00:00                              
[00:00:01] ... finding cutoff p=981 94.3% (9497 of 10066), ETA 0:00:00                              
[00:00:01] ... finding cutoff p=981 95.3% (9595 of 10066), ETA 0:00:00                              
[00:00:01] ... finding cutoff p=981 96.3% (9697 of 10066), ETA 0:00:00                              
[00:00:01] ... finding cutoff p=981 97.4% (9800 of 10066), ETA 0:00:00                              
[00:00:01] ... finding cutoff p=981 98.3% (9898 of 10066), ETA 0:00:00                              
[00:00:01] ... finding cutoff p=981 99.3% (9999 of 10066), ETA 0:00:00                              
[00:00:01] Preparing TNF Graph Building [pTNF = 98.1; 2143 / 10066 (P = 21.29%) round 8]               
[00:00:01] Finding cutoff p=977 [-97.9Gb / 1007.8Gb]                                                     
[00:00:01] ... finding cutoff p=977 1.4% (136 of 10066), ETA 0:00:00                              
[00:00:01] ... finding cutoff p=977 2.7% (274 of 10066), ETA 0:00:00                              
[00:00:01] ... finding cutoff p=977 3.6% (367 of 10066), ETA 0:00:00                              
[00:00:01] ... finding cutoff p=977 4.6% (468 of 10066), ETA 0:00:00                              
[00:00:01] ... finding cutoff p=977 5.5% (550 of 10066), ETA 0:00:00                              
[00:00:01] ... finding cutoff p=977 6.5% (650 of 10066), ETA 0:00:00                              
[00:00:01] ... finding cutoff p=977 7.4% (748 of 10066), ETA 0:00:00                              
[00:00:01] ... finding cutoff p=977 8.3% (838 of 10066), ETA 0:00:00                              
[00:00:01] ... finding cutoff p=977 9.4% (944 of 10066), ETA 0:00:00                              
[00:00:01] ... finding cutoff p=977 10.4% (1044 of 10066), ETA 0:00:00                              
[00:00:01] ... finding cutoff p=977 11.5% (1159 of 10066), ETA 0:00:00                              
[00:00:01] ... finding cutoff p=977 12.6% (1265 of 10066), ETA 0:00:00                              
[00:00:01] ... finding cutoff p=977 13.6% (1374 of 10066), ETA 0:00:00                              
[00:00:01] ... finding cutoff p=977 14.9% (1499 of 10066), ETA 0:00:00                              
[00:00:01] ... finding cutoff p=977 15.9% (1599 of 10066), ETA 0:00:00                              
[00:00:01] ... finding cutoff p=977 16.8% (1692 of 10066), ETA 0:00:00                              
[00:00:01] ... finding cutoff p=977 17.6% (1773 of 10066), ETA 0:00:00                              
[00:00:01] ... finding cutoff p=977 18.4% (1849 of 10066), ETA 0:00:00                              
[00:00:01] ... finding cutoff p=977 19.1% (1925 of 10066), ETA 0:00:00                              
[00:00:01] ... finding cutoff p=977 20.4% (2057 of 10066), ETA 0:00:00                              
[00:00:01] ... finding cutoff p=977 21.2% (2136 of 10066), ETA 0:00:00                              
[00:00:01] ... finding cutoff p=977 22.1% (2227 of 10066), ETA 0:00:00                              
[00:00:01] ... finding cutoff p=977 23.6% (2374 of 10066), ETA 0:00:00                              
[00:00:01] ... finding cutoff p=977 33.9% (3415 of 10066), ETA 0:00:00                              
[00:00:01] ... finding cutoff p=977 35.0% (3519 of 10066), ETA 0:00:00                              
[00:00:01] ... finding cutoff p=977 35.6% (3581 of 10066), ETA 0:00:00                              
[00:00:01] ... finding cutoff p=977 36.7% (3698 of 10066), ETA 0:00:00                              
[00:00:01] ... finding cutoff p=977 37.3% (3759 of 10066), ETA 0:00:00                              
[00:00:01] ... finding cutoff p=977 38.5% (3874 of 10066), ETA 0:00:00                              
[00:00:01] ... finding cutoff p=977 39.7% (3995 of 10066), ETA 0:00:00                              
[00:00:01] ... finding cutoff p=977 40.3% (4052 of 10066), ETA 0:00:00                              
[00:00:01] ... finding cutoff p=977 41.3% (4162 of 10066), ETA 0:00:00                              
[00:00:01] ... finding cutoff p=977 42.5% (4282 of 10066), ETA 0:00:00                              
[00:00:01] ... finding cutoff p=977 43.2% (4344 of 10066), ETA 0:00:00                              
[00:00:01] ... finding cutoff p=977 44.2% (4451 of 10066), ETA 0:00:00                              
[00:00:01] ... finding cutoff p=977 45.5% (4580 of 10066), ETA 0:00:00                              
[00:00:01] ... finding cutoff p=977 46.6% (4692 of 10066), ETA 0:00:00                              
[00:00:01] ... finding cutoff p=977 47.2% (4754 of 10066), ETA 0:00:00                              
[00:00:01] ... finding cutoff p=977 48.3% (4858 of 10066), ETA 0:00:00                              
[00:00:01] ... finding cutoff p=977 49.3% (4964 of 10066), ETA 0:00:00                              
[00:00:01] ... finding cutoff p=977 50.3% (5066 of 10066), ETA 0:00:00                              
[00:00:01] ... finding cutoff p=977 51.3% (5168 of 10066), ETA 0:00:00                              
[00:00:01] ... finding cutoff p=977 52.4% (5270 of 10066), ETA 0:00:00                              
[00:00:01] ... finding cutoff p=977 53.3% (5366 of 10066), ETA 0:00:00                              
[00:00:01] ... finding cutoff p=977 54.2% (5458 of 10066), ETA 0:00:00                              
[00:00:01] ... finding cutoff p=977 55.4% (5577 of 10066), ETA 0:00:00                              
[00:00:01] ... finding cutoff p=977 56.5% (5686 of 10066), ETA 0:00:00                              
[00:00:01] ... finding cutoff p=977 57.4% (5778 of 10066), ETA 0:00:00                              
[00:00:01] ... finding cutoff p=977 58.2% (5860 of 10066), ETA 0:00:00                              
[00:00:01] ... finding cutoff p=977 59.2% (5964 of 10066), ETA 0:00:00                              
[00:00:01] ... finding cutoff p=977 60.3% (6072 of 10066), ETA 0:00:00                              
[00:00:01] ... finding cutoff p=977 61.5% (6186 of 10066), ETA 0:00:00                              
[00:00:01] ... finding cutoff p=977 62.4% (6281 of 10066), ETA 0:00:00                              
[00:00:01] ... finding cutoff p=977 63.5% (6390 of 10066), ETA 0:00:00                              
[00:00:01] ... finding cutoff p=977 64.3% (6476 of 10066), ETA 0:00:00                              
[00:00:01] ... finding cutoff p=977 65.5% (6590 of 10066), ETA 0:00:00                              
[00:00:01] ... finding cutoff p=977 66.4% (6679 of 10066), ETA 0:00:00                              
[00:00:01] ... finding cutoff p=977 67.5% (6795 of 10066), ETA 0:00:00                              
[00:00:01] ... finding cutoff p=977 68.4% (6884 of 10066), ETA 0:00:00                              
[00:00:01] ... finding cutoff p=977 69.2% (6969 of 10066), ETA 0:00:00                              
[00:00:01] ... finding cutoff p=977 70.3% (7077 of 10066), ETA 0:00:00                              
[00:00:01] ... finding cutoff p=977 71.5% (7193 of 10066), ETA 0:00:00                              
[00:00:01] ... finding cutoff p=977 72.4% (7284 of 10066), ETA 0:00:00                              
[00:00:01] ... finding cutoff p=977 73.4% (7391 of 10066), ETA 0:00:00                              
[00:00:01] ... finding cutoff p=977 74.4% (7492 of 10066), ETA 0:00:00                              
[00:00:01] ... finding cutoff p=977 75.3% (7580 of 10066), ETA 0:00:00                              
[00:00:01] ... finding cutoff p=977 76.4% (7695 of 10066), ETA 0:00:00                              
[00:00:01] ... finding cutoff p=977 77.4% (7794 of 10066), ETA 0:00:00                              
[00:00:01] ... finding cutoff p=977 78.4% (7891 of 10066), ETA 0:00:00                              
[00:00:01] ... finding cutoff p=977 79.4% (7995 of 10066), ETA 0:00:00                              
[00:00:01] ... finding cutoff p=977 80.4% (8093 of 10066), ETA 0:00:00                              
[00:00:01] ... finding cutoff p=977 81.4% (8189 of 10066), ETA 0:00:00                              
[00:00:01] ... finding cutoff p=977 82.3% (8287 of 10066), ETA 0:00:00                              
[00:00:01] ... finding cutoff p=977 83.3% (8386 of 10066), ETA 0:00:00                              
[00:00:01] ... finding cutoff p=977 84.3% (8489 of 10066), ETA 0:00:00                              
[00:00:01] ... finding cutoff p=977 85.3% (8586 of 10066), ETA 0:00:00                              
[00:00:01] ... finding cutoff p=977 86.4% (8694 of 10066), ETA 0:00:00                              
[00:00:01] ... finding cutoff p=977 87.4% (8796 of 10066), ETA 0:00:00                              
[00:00:01] ... finding cutoff p=977 88.3% (8892 of 10066), ETA 0:00:00                              
[00:00:01] ... finding cutoff p=977 89.4% (9000 of 10066), ETA 0:00:00                              
[00:00:01] ... finding cutoff p=977 90.3% (9093 of 10066), ETA 0:00:00                              
[00:00:01] ... finding cutoff p=977 91.4% (9199 of 10066), ETA 0:00:00                              
[00:00:01] ... finding cutoff p=977 92.4% (9299 of 10066), ETA 0:00:00                              
[00:00:01] ... finding cutoff p=977 93.4% (9401 of 10066), ETA 0:00:00                              
[00:00:01] ... finding cutoff p=977 94.3% (9495 of 10066), ETA 0:00:00                              
[00:00:01] ... finding cutoff p=977 95.4% (9600 of 10066), ETA 0:00:00                              
[00:00:01] ... finding cutoff p=977 96.4% (9701 of 10066), ETA 0:00:00                              
[00:00:01] ... finding cutoff p=977 97.4% (9801 of 10066), ETA 0:00:00                              
[00:00:01] ... finding cutoff p=977 98.3% (9898 of 10066), ETA 0:00:00                              
[00:00:01] ... finding cutoff p=977 99.3% (9999 of 10066), ETA 0:00:00                              
[00:00:01] Preparing TNF Graph Building [pTNF = 97.7; 2480 / 10066 (P = 24.64%) round 9]               
[00:00:01] Finding cutoff p=972 [-97.9Gb / 1007.8Gb]                                                     
[00:00:01] ... finding cutoff p=972 1.5% (153 of 10066), ETA 0:00:00                              
[00:00:01] ... finding cutoff p=972 2.6% (260 of 10066), ETA 0:00:00                              
[00:00:01] ... finding cutoff p=972 3.6% (365 of 10066), ETA 0:00:00                              
[00:00:01] ... finding cutoff p=972 4.6% (462 of 10066), ETA 0:00:00                              
[00:00:01] ... finding cutoff p=972 5.4% (547 of 10066), ETA 0:00:00                              
[00:00:01] ... finding cutoff p=972 6.3% (635 of 10066), ETA 0:00:00                              
[00:00:01] ... finding cutoff p=972 7.3% (738 of 10066), ETA 0:00:00                              
[00:00:01] ... finding cutoff p=972 8.5% (852 of 10066), ETA 0:00:00                              
[00:00:01] ... finding cutoff p=972 9.5% (960 of 10066), ETA 0:00:00                              
[00:00:01] ... finding cutoff p=972 10.6% (1064 of 10066), ETA 0:00:00                              
[00:00:01] ... finding cutoff p=972 11.7% (1176 of 10066), ETA 0:00:00                              
[00:00:01] ... finding cutoff p=972 12.7% (1278 of 10066), ETA 0:00:00                              
[00:00:01] ... finding cutoff p=972 15.0% (1513 of 10066), ETA 0:00:00                              
[00:00:01] ... finding cutoff p=972 15.8% (1590 of 10066), ETA 0:00:00                              
[00:00:01] ... finding cutoff p=972 16.5% (1664 of 10066), ETA 0:00:00                              
[00:00:01] ... finding cutoff p=972 17.2% (1733 of 10066), ETA 0:00:00                              
[00:00:01] ... finding cutoff p=972 18.5% (1862 of 10066), ETA 0:00:00                              
[00:00:01] ... finding cutoff p=972 19.5% (1962 of 10066), ETA 0:00:00                              
[00:00:01] ... finding cutoff p=972 20.2% (2036 of 10066), ETA 0:00:00                              
[00:00:01] ... finding cutoff p=972 21.4% (2154 of 10066), ETA 0:00:00                              
[00:00:01] ... finding cutoff p=972 22.2% (2239 of 10066), ETA 0:00:00                              
[00:00:01] ... finding cutoff p=972 23.6% (2372 of 10066), ETA 0:00:00                              
[00:00:01] ... finding cutoff p=972 24.3% (2444 of 10066), ETA 0:00:00                              
[00:00:01] ... finding cutoff p=972 25.1% (2526 of 10066), ETA 0:00:00                              
[00:00:01] ... finding cutoff p=972 26.4% (2662 of 10066), ETA 0:00:00                              
[00:00:01] ... finding cutoff p=972 27.4% (2755 of 10066), ETA 0:00:00                              
[00:00:01] ... finding cutoff p=972 28.3% (2844 of 10066), ETA 0:00:00                              
[00:00:01] ... finding cutoff p=972 29.7% (2993 of 10066), ETA 0:00:00                              
[00:00:01] ... finding cutoff p=972 30.6% (3078 of 10066), ETA 0:00:00                              
[00:00:01] ... finding cutoff p=972 31.5% (3169 of 10066), ETA 0:00:00                              
[00:00:01] ... finding cutoff p=972 32.3% (3250 of 10066), ETA 0:00:00                              
[00:00:01] ... finding cutoff p=972 33.4% (3367 of 10066), ETA 0:00:00                              
[00:00:01] ... finding cutoff p=972 34.7% (3497 of 10066), ETA 0:00:00                              
[00:00:01] ... finding cutoff p=972 35.5% (3570 of 10066), ETA 0:00:00                              
[00:00:01] ... finding cutoff p=972 36.1% (3637 of 10066), ETA 0:00:00                              
[00:00:01] ... finding cutoff p=972 37.6% (3781 of 10066), ETA 0:00:00                              
[00:00:01] ... finding cutoff p=972 38.3% (3852 of 10066), ETA 0:00:00                              
[00:00:01] ... finding cutoff p=972 39.5% (3974 of 10066), ETA 0:00:00                              
[00:00:01] ... finding cutoff p=972 40.8% (4102 of 10066), ETA 0:00:00                              
[00:00:01] ... finding cutoff p=972 41.3% (4162 of 10066), ETA 0:00:00                              
[00:00:01] ... finding cutoff p=972 42.4% (4268 of 10066), ETA 0:00:00                              
[00:00:01] ... finding cutoff p=972 43.4% (4367 of 10066), ETA 0:00:00                              
[00:00:01] ... finding cutoff p=972 44.4% (4472 of 10066), ETA 0:00:00                              
[00:00:01] ... finding cutoff p=972 45.5% (4583 of 10066), ETA 0:00:00                              
[00:00:01] ... finding cutoff p=972 46.7% (4701 of 10066), ETA 0:00:00                              
[00:00:01] ... finding cutoff p=972 47.2% (4756 of 10066), ETA 0:00:00                              
[00:00:01] ... finding cutoff p=972 48.5% (4878 of 10066), ETA 0:00:00                              
[00:00:01] ... finding cutoff p=972 49.5% (4986 of 10066), ETA 0:00:00                              
[00:00:01] ... finding cutoff p=972 50.7% (5100 of 10066), ETA 0:00:00                              
[00:00:01] ... finding cutoff p=972 51.2% (5151 of 10066), ETA 0:00:00                              
[00:00:01] ... finding cutoff p=972 52.6% (5290 of 10066), ETA 0:00:00                              
[00:00:01] ... finding cutoff p=972 53.3% (5367 of 10066), ETA 0:00:00                              
[00:00:01] ... finding cutoff p=972 54.3% (5462 of 10066), ETA 0:00:00                              
[00:00:01] ... finding cutoff p=972 55.6% (5594 of 10066), ETA 0:00:00                              
[00:00:01] ... finding cutoff p=972 56.6% (5695 of 10066), ETA 0:00:00                              
[00:00:01] ... finding cutoff p=972 57.5% (5788 of 10066), ETA 0:00:00                              
[00:00:01] ... finding cutoff p=972 58.4% (5879 of 10066), ETA 0:00:00                              
[00:00:01] ... finding cutoff p=972 59.3% (5974 of 10066), ETA 0:00:00                              
[00:00:01] ... finding cutoff p=972 60.3% (6065 of 10066), ETA 0:00:00                              
[00:00:01] ... finding cutoff p=972 61.5% (6193 of 10066), ETA 0:00:00                              
[00:00:01] ... finding cutoff p=972 62.5% (6292 of 10066), ETA 0:00:00                              
[00:00:01] ... finding cutoff p=972 63.4% (6384 of 10066), ETA 0:00:00                              
[00:00:01] ... finding cutoff p=972 64.3% (6474 of 10066), ETA 0:00:00                              
[00:00:01] ... finding cutoff p=972 65.4% (6586 of 10066), ETA 0:00:00                              
[00:00:01] ... finding cutoff p=972 66.3% (6676 of 10066), ETA 0:00:00                              
[00:00:01] ... finding cutoff p=972 67.4% (6781 of 10066), ETA 0:00:00                              
[00:00:01] ... finding cutoff p=972 68.5% (6892 of 10066), ETA 0:00:00                              
[00:00:01] ... finding cutoff p=972 69.5% (6994 of 10066), ETA 0:00:00                              
[00:00:01] ... finding cutoff p=972 70.2% (7070 of 10066), ETA 0:00:00                              
[00:00:01] ... finding cutoff p=972 71.4% (7188 of 10066), ETA 0:00:00                              
[00:00:01] ... finding cutoff p=972 72.5% (7296 of 10066), ETA 0:00:00                              
[00:00:01] ... finding cutoff p=972 73.3% (7374 of 10066), ETA 0:00:00                              
[00:00:01] ... finding cutoff p=972 74.4% (7493 of 10066), ETA 0:00:00                              
[00:00:01] ... finding cutoff p=972 75.3% (7576 of 10066), ETA 0:00:00                              
[00:00:01] ... finding cutoff p=972 76.3% (7677 of 10066), ETA 0:00:00                              
[00:00:01] ... finding cutoff p=972 77.3% (7782 of 10066), ETA 0:00:00                              
[00:00:01] ... finding cutoff p=972 78.3% (7881 of 10066), ETA 0:00:00                              
[00:00:01] ... finding cutoff p=972 79.3% (7979 of 10066), ETA 0:00:00                              
[00:00:01] ... finding cutoff p=972 80.4% (8094 of 10066), ETA 0:00:00                              
[00:00:01] ... finding cutoff p=972 81.4% (8194 of 10066), ETA 0:00:00                              
[00:00:01] ... finding cutoff p=972 82.3% (8289 of 10066), ETA 0:00:00                              
[00:00:01] ... finding cutoff p=972 83.3% (8387 of 10066), ETA 0:00:00                              
[00:00:01] ... finding cutoff p=972 84.5% (8501 of 10066), ETA 0:00:00                              
[00:00:01] ... finding cutoff p=972 85.3% (8591 of 10066), ETA 0:00:00                              
[00:00:01] ... finding cutoff p=972 86.4% (8699 of 10066), ETA 0:00:00                              
[00:00:01] ... finding cutoff p=972 87.4% (8794 of 10066), ETA 0:00:00                              
[00:00:01] ... finding cutoff p=972 88.4% (8900 of 10066), ETA 0:00:00                              
[00:00:01] ... finding cutoff p=972 89.3% (8991 of 10066), ETA 0:00:00                              
[00:00:01] ... finding cutoff p=972 90.4% (9095 of 10066), ETA 0:00:00                              
[00:00:01] ... finding cutoff p=972 91.4% (9201 of 10066), ETA 0:00:00                              
[00:00:01] ... finding cutoff p=972 92.4% (9298 of 10066), ETA 0:00:00                              
[00:00:01] ... finding cutoff p=972 93.4% (9401 of 10066), ETA 0:00:00                              
[00:00:01] ... finding cutoff p=972 94.3% (9495 of 10066), ETA 0:00:00                              
[00:00:01] ... finding cutoff p=972 95.4% (9598 of 10066), ETA 0:00:00                              
[00:00:01] ... finding cutoff p=972 96.4% (9700 of 10066), ETA 0:00:00                              
[00:00:01] ... finding cutoff p=972 97.4% (9800 of 10066), ETA 0:00:00                              
[00:00:01] ... finding cutoff p=972 98.3% (9898 of 10066), ETA 0:00:00                              
[00:00:01] ... finding cutoff p=972 99.3% (9999 of 10066), ETA 0:00:00                              
[00:00:01] Preparing TNF Graph Building [pTNF = 97.2; 2880 / 10066 (P = 28.61%) round 10]               
[00:00:01] Finding cutoff p=967 [-97.9Gb / 1007.8Gb]                                                     
[00:00:01] ... finding cutoff p=967 1.5% (156 of 10066), ETA 0:00:00                              
[00:00:01] ... finding cutoff p=967 2.8% (277 of 10066), ETA 0:00:00                              
[00:00:01] ... finding cutoff p=967 4.1% (408 of 10066), ETA 0:00:00                              
[00:00:01] ... finding cutoff p=967 5.7% (577 of 10066), ETA 0:00:00                              
[00:00:01] ... finding cutoff p=967 6.9% (691 of 10066), ETA 0:00:00                              
[00:00:01] ... finding cutoff p=967 7.7% (777 of 10066), ETA 0:00:00                              
[00:00:01] ... finding cutoff p=967 8.9% (892 of 10066), ETA 0:00:00                              
[00:00:01] ... finding cutoff p=967 9.8% (990 of 10066), ETA 0:00:00                              
[00:00:01] ... finding cutoff p=967 11.3% (1136 of 10066), ETA 0:00:00                              
[00:00:01] ... finding cutoff p=967 12.3% (1240 of 10066), ETA 0:00:00                              
[00:00:01] ... finding cutoff p=967 13.4% (1351 of 10066), ETA 0:00:00                              
[00:00:01] ... finding cutoff p=967 14.8% (1489 of 10066), ETA 0:00:00                              
[00:00:01] ... finding cutoff p=967 15.7% (1581 of 10066), ETA 0:00:00                              
[00:00:01] ... finding cutoff p=967 16.6% (1667 of 10066), ETA 0:00:00                              
[00:00:01] ... finding cutoff p=967 17.3% (1739 of 10066), ETA 0:00:00                              
[00:00:01] ... finding cutoff p=967 18.5% (1865 of 10066), ETA 0:00:00                              
[00:00:01] ... finding cutoff p=967 19.6% (1971 of 10066), ETA 0:00:00                              
[00:00:01] ... finding cutoff p=967 20.4% (2055 of 10066), ETA 0:00:00                              
[00:00:01] ... finding cutoff p=967 21.2% (2137 of 10066), ETA 0:00:00                              
[00:00:01] ... finding cutoff p=967 22.5% (2268 of 10066), ETA 0:00:00                              
[00:00:01] ... finding cutoff p=967 23.3% (2347 of 10066), ETA 0:00:00                              
[00:00:01] ... finding cutoff p=967 24.2% (2434 of 10066), ETA 0:00:00                              
[00:00:01] ... finding cutoff p=967 25.5% (2564 of 10066), ETA 0:00:00                              
[00:00:01] ... finding cutoff p=967 26.2% (2636 of 10066), ETA 0:00:00                              
[00:00:01] ... finding cutoff p=967 27.5% (2773 of 10066), ETA 0:00:00                              
[00:00:01] ... finding cutoff p=967 28.4% (2856 of 10066), ETA 0:00:00                              
[00:00:01] ... finding cutoff p=967 29.3% (2950 of 10066), ETA 0:00:00                              
[00:00:01] ... finding cutoff p=967 30.2% (3036 of 10066), ETA 0:00:00                              
[00:00:01] ... finding cutoff p=967 31.5% (3167 of 10066), ETA 0:00:00                              
[00:00:01] ... finding cutoff p=967 32.2% (3241 of 10066), ETA 0:00:00                              
[00:00:01] ... finding cutoff p=967 33.5% (3369 of 10066), ETA 0:00:00                              
[00:00:01] ... finding cutoff p=967 34.3% (3448 of 10066), ETA 0:00:00                              
[00:00:01] ... finding cutoff p=967 35.6% (3585 of 10066), ETA 0:00:00                              
[00:00:01] ... finding cutoff p=967 36.3% (3650 of 10066), ETA 0:00:00                              
[00:00:01] ... finding cutoff p=967 37.7% (3799 of 10066), ETA 0:00:00                              
[00:00:01] ... finding cutoff p=967 38.4% (3862 of 10066), ETA 0:00:00                              
[00:00:01] ... finding cutoff p=967 39.5% (3977 of 10066), ETA 0:00:00                              
[00:00:01] ... finding cutoff p=967 40.5% (4080 of 10066), ETA 0:00:00                              
[00:00:01] ... finding cutoff p=967 41.2% (4145 of 10066), ETA 0:00:00                              
[00:00:01] ... finding cutoff p=967 42.2% (4245 of 10066), ETA 0:00:00                              
[00:00:01] ... finding cutoff p=967 43.3% (4358 of 10066), ETA 0:00:00                              
[00:00:01] ... finding cutoff p=967 44.3% (4463 of 10066), ETA 0:00:00                              
[00:00:01] ... finding cutoff p=967 45.7% (4597 of 10066), ETA 0:00:00                              
[00:00:01] ... finding cutoff p=967 46.3% (4658 of 10066), ETA 0:00:00                              
[00:00:01] ... finding cutoff p=967 47.3% (4760 of 10066), ETA 0:00:00                              
[00:00:01] ... finding cutoff p=967 48.5% (4883 of 10066), ETA 0:00:00                              
[00:00:01] ... finding cutoff p=967 49.6% (4988 of 10066), ETA 0:00:00                              
[00:00:01] ... finding cutoff p=967 50.2% (5053 of 10066), ETA 0:00:00                              
[00:00:01] ... finding cutoff p=967 51.2% (5157 of 10066), ETA 0:00:00                              
[00:00:01] ... finding cutoff p=967 52.3% (5265 of 10066), ETA 0:00:00                              
[00:00:01] ... finding cutoff p=967 53.3% (5362 of 10066), ETA 0:00:00                              
[00:00:01] ... finding cutoff p=967 54.3% (5463 of 10066), ETA 0:00:00                              
[00:00:01] ... finding cutoff p=967 55.2% (5557 of 10066), ETA 0:00:00                              
[00:00:01] ... finding cutoff p=967 56.4% (5676 of 10066), ETA 0:00:00                              
[00:00:01] ... finding cutoff p=967 57.4% (5781 of 10066), ETA 0:00:00                              
[00:00:01] ... finding cutoff p=967 58.3% (5873 of 10066), ETA 0:00:00                              
[00:00:01] ... finding cutoff p=967 59.3% (5973 of 10066), ETA 0:00:00                              
[00:00:01] ... finding cutoff p=967 60.3% (6074 of 10066), ETA 0:00:00                              
[00:00:01] ... finding cutoff p=967 61.2% (6161 of 10066), ETA 0:00:00                              
[00:00:01] ... finding cutoff p=967 62.3% (6268 of 10066), ETA 0:00:00                              
[00:00:01] ... finding cutoff p=967 63.3% (6367 of 10066), ETA 0:00:00                              
[00:00:01] ... finding cutoff p=967 64.3% (6468 of 10066), ETA 0:00:00                              
[00:00:01] ... finding cutoff p=967 65.3% (6575 of 10066), ETA 0:00:00                              
[00:00:01] ... finding cutoff p=967 66.5% (6691 of 10066), ETA 0:00:00                              
[00:00:01] ... finding cutoff p=967 67.3% (6777 of 10066), ETA 0:00:00                              
[00:00:01] ... finding cutoff p=967 68.3% (6875 of 10066), ETA 0:00:00                              
[00:00:01] ... finding cutoff p=967 69.5% (6993 of 10066), ETA 0:00:00                              
[00:00:01] ... finding cutoff p=967 70.4% (7090 of 10066), ETA 0:00:00                              
[00:00:01] ... finding cutoff p=967 71.5% (7193 of 10066), ETA 0:00:00                              
[00:00:01] ... finding cutoff p=967 72.2% (7272 of 10066), ETA 0:00:00                              
[00:00:01] ... finding cutoff p=967 73.5% (7395 of 10066), ETA 0:00:00                              
[00:00:01] ... finding cutoff p=967 74.3% (7479 of 10066), ETA 0:00:00                              
[00:00:01] ... finding cutoff p=967 75.3% (7582 of 10066), ETA 0:00:00                              
[00:00:01] ... finding cutoff p=967 76.3% (7681 of 10066), ETA 0:00:00                              
[00:00:01] ... finding cutoff p=967 77.3% (7783 of 10066), ETA 0:00:00                              
[00:00:01] ... finding cutoff p=967 78.3% (7878 of 10066), ETA 0:00:00                              
[00:00:01] ... finding cutoff p=967 79.3% (7985 of 10066), ETA 0:00:00                              
[00:00:01] ... finding cutoff p=967 80.3% (8080 of 10066), ETA 0:00:00                              
[00:00:01] ... finding cutoff p=967 81.4% (8196 of 10066), ETA 0:00:00                              
[00:00:01] ... finding cutoff p=967 82.4% (8298 of 10066), ETA 0:00:00                              
[00:00:01] ... finding cutoff p=967 83.5% (8404 of 10066), ETA 0:00:00                              
[00:00:01] ... finding cutoff p=967 84.3% (8489 of 10066), ETA 0:00:00                              
[00:00:01] ... finding cutoff p=967 85.4% (8594 of 10066), ETA 0:00:00                              
[00:00:01] ... finding cutoff p=967 86.4% (8700 of 10066), ETA 0:00:00                              
[00:00:01] ... finding cutoff p=967 87.3% (8790 of 10066), ETA 0:00:00                              
[00:00:01] ... finding cutoff p=967 88.3% (8891 of 10066), ETA 0:00:00                              
[00:00:01] ... finding cutoff p=967 89.4% (8997 of 10066), ETA 0:00:00                              
[00:00:01] ... finding cutoff p=967 90.3% (9091 of 10066), ETA 0:00:00                              
[00:00:01] ... finding cutoff p=967 91.3% (9194 of 10066), ETA 0:00:00                              
[00:00:01] ... finding cutoff p=967 92.3% (9294 of 10066), ETA 0:00:00                              
[00:00:01] ... finding cutoff p=967 93.4% (9400 of 10066), ETA 0:00:00                              
[00:00:01] ... finding cutoff p=967 94.4% (9500 of 10066), ETA 0:00:00                              
[00:00:01] ... finding cutoff p=967 95.4% (9599 of 10066), ETA 0:00:00                              
[00:00:01] ... finding cutoff p=967 96.3% (9697 of 10066), ETA 0:00:00                              
[00:00:01] ... finding cutoff p=967 97.3% (9799 of 10066), ETA 0:00:00                              
[00:00:01] ... finding cutoff p=967 98.4% (9900 of 10066), ETA 0:00:00                              
[00:00:01] ... finding cutoff p=967 99.3% (9999 of 10066), ETA 0:00:00                              
[00:00:01] Preparing TNF Graph Building [pTNF = 96.7; 3310 / 10066 (P = 32.88%) round 11]               
[00:00:01] Finding cutoff p=963 [-97.9Gb / 1007.8Gb]                                                     
[00:00:01] ... finding cutoff p=963 1.6% (164 of 10066), ETA 0:00:00                              
[00:00:01] ... finding cutoff p=963 2.7% (275 of 10066), ETA 0:00:00                              
[00:00:01] ... finding cutoff p=963 3.6% (367 of 10066), ETA 0:00:00                              
[00:00:01] ... finding cutoff p=963 4.5% (449 of 10066), ETA 0:00:00                              
[00:00:01] ... finding cutoff p=963 5.2% (528 of 10066), ETA 0:00:00                              
[00:00:01] ... finding cutoff p=963 6.3% (634 of 10066), ETA 0:00:00                              
[00:00:01] ... finding cutoff p=963 7.2% (727 of 10066), ETA 0:00:00                              
[00:00:01] ... finding cutoff p=963 8.1% (812 of 10066), ETA 0:00:00                              
[00:00:01] ... finding cutoff p=963 9.1% (914 of 10066), ETA 0:00:00                              
[00:00:01] ... finding cutoff p=963 10.1% (1013 of 10066), ETA 0:00:00                              
[00:00:01] ... finding cutoff p=963 11.4% (1151 of 10066), ETA 0:00:00                              
[00:00:01] ... finding cutoff p=963 12.6% (1266 of 10066), ETA 0:00:00                              
[00:00:01] ... finding cutoff p=963 13.8% (1388 of 10066), ETA 0:00:00                              
[00:00:01] ... finding cutoff p=963 15.0% (1511 of 10066), ETA 0:00:00                              
[00:00:01] ... finding cutoff p=963 15.6% (1568 of 10066), ETA 0:00:00                              
[00:00:01] ... finding cutoff p=963 16.3% (1643 of 10066), ETA 0:00:00                              
[00:00:01] ... finding cutoff p=963 17.9% (1805 of 10066), ETA 0:00:00                              
[00:00:01] ... finding cutoff p=963 18.8% (1893 of 10066), ETA 0:00:00                              
[00:00:01] ... finding cutoff p=963 19.5% (1959 of 10066), ETA 0:00:00                              
[00:00:01] ... finding cutoff p=963 20.2% (2032 of 10066), ETA 0:00:00                              
[00:00:01] ... finding cutoff p=963 21.3% (2149 of 10066), ETA 0:00:00                              
[00:00:01] ... finding cutoff p=963 22.1% (2226 of 10066), ETA 0:00:00                              
[00:00:01] ... finding cutoff p=963 23.4% (2358 of 10066), ETA 0:00:00                              
[00:00:01] ... finding cutoff p=963 24.2% (2438 of 10066), ETA 0:00:00                              
[00:00:01] ... finding cutoff p=963 25.2% (2532 of 10066), ETA 0:00:00                              
[00:00:01] ... finding cutoff p=963 26.4% (2655 of 10066), ETA 0:00:00                              
[00:00:01] ... finding cutoff p=963 27.1% (2731 of 10066), ETA 0:00:00                              
[00:00:01] ... finding cutoff p=963 28.5% (2868 of 10066), ETA 0:00:00                              
[00:00:01] ... finding cutoff p=963 29.2% (2936 of 10066), ETA 0:00:00                              
[00:00:01] ... finding cutoff p=963 30.4% (3058 of 10066), ETA 0:00:00                              
[00:00:01] ... finding cutoff p=963 31.6% (3184 of 10066), ETA 0:00:00                              
[00:00:01] ... finding cutoff p=963 32.3% (3252 of 10066), ETA 0:00:00                              
[00:00:01] ... finding cutoff p=963 33.1% (3333 of 10066), ETA 0:00:00                              
[00:00:01] ... finding cutoff p=963 34.2% (3444 of 10066), ETA 0:00:00                              
[00:00:01] ... finding cutoff p=963 35.4% (3564 of 10066), ETA 0:00:00                              
[00:00:01] ... finding cutoff p=963 36.7% (3694 of 10066), ETA 0:00:00                              
[00:00:01] ... finding cutoff p=963 37.3% (3752 of 10066), ETA 0:00:00                              
[00:00:01] ... finding cutoff p=963 38.3% (3855 of 10066), ETA 0:00:00                              
[00:00:01] ... finding cutoff p=963 39.6% (3987 of 10066), ETA 0:00:00                              
[00:00:01] ... finding cutoff p=963 40.2% (4045 of 10066), ETA 0:00:00                              
[00:00:01] ... finding cutoff p=963 41.3% (4161 of 10066), ETA 0:00:00                              
[00:00:01] ... finding cutoff p=963 42.5% (4282 of 10066), ETA 0:00:00                              
[00:00:01] ... finding cutoff p=963 43.3% (4358 of 10066), ETA 0:00:00                              
[00:00:01] ... finding cutoff p=963 44.6% (4485 of 10066), ETA 0:00:00                              
[00:00:01] ... finding cutoff p=963 45.3% (4564 of 10066), ETA 0:00:00                              
[00:00:01] ... finding cutoff p=963 46.5% (4677 of 10066), ETA 0:00:00                              
[00:00:01] ... finding cutoff p=963 47.5% (4780 of 10066), ETA 0:00:00                              
[00:00:01] ... finding cutoff p=963 48.7% (4907 of 10066), ETA 0:00:00                              
[00:00:01] ... finding cutoff p=963 49.4% (4972 of 10066), ETA 0:00:00                              
[00:00:01] ... finding cutoff p=963 50.4% (5074 of 10066), ETA 0:00:00                              
[00:00:01] ... finding cutoff p=963 51.4% (5177 of 10066), ETA 0:00:00                              
[00:00:01] ... finding cutoff p=963 52.5% (5288 of 10066), ETA 0:00:00                              
[00:00:01] ... finding cutoff p=963 53.6% (5393 of 10066), ETA 0:00:00                              
[00:00:01] ... finding cutoff p=963 54.4% (5480 of 10066), ETA 0:00:00                              
[00:00:01] ... finding cutoff p=963 55.3% (5570 of 10066), ETA 0:00:00                              
[00:00:01] ... finding cutoff p=963 56.3% (5669 of 10066), ETA 0:00:00                              
[00:00:01] ... finding cutoff p=963 57.5% (5784 of 10066), ETA 0:00:00                              
[00:00:01] ... finding cutoff p=963 58.4% (5880 of 10066), ETA 0:00:00                              
[00:00:01] ... finding cutoff p=963 59.3% (5969 of 10066), ETA 0:00:00                              
[00:00:01] ... finding cutoff p=963 60.4% (6082 of 10066), ETA 0:00:00                              
[00:00:01] ... finding cutoff p=963 61.5% (6189 of 10066), ETA 0:00:00                              
[00:00:01] ... finding cutoff p=963 62.5% (6293 of 10066), ETA 0:00:00                              
[00:00:01] ... finding cutoff p=963 63.5% (6390 of 10066), ETA 0:00:00                              
[00:00:01] ... finding cutoff p=963 64.4% (6479 of 10066), ETA 0:00:00                              
[00:00:01] ... finding cutoff p=963 65.3% (6569 of 10066), ETA 0:00:00                              
[00:00:01] ... finding cutoff p=963 66.5% (6692 of 10066), ETA 0:00:00                              
[00:00:01] ... finding cutoff p=963 67.4% (6787 of 10066), ETA 0:00:00                              
[00:00:01] ... finding cutoff p=963 68.3% (6873 of 10066), ETA 0:00:00                              
[00:00:01] ... finding cutoff p=963 69.4% (6983 of 10066), ETA 0:00:00                              
[00:00:01] ... finding cutoff p=963 70.3% (7078 of 10066), ETA 0:00:00                              
[00:00:01] ... finding cutoff p=963 71.3% (7178 of 10066), ETA 0:00:00                              
[00:00:01] ... finding cutoff p=963 72.4% (7292 of 10066), ETA 0:00:00                              
[00:00:01] ... finding cutoff p=963 73.4% (7387 of 10066), ETA 0:00:00                              
[00:00:01] ... finding cutoff p=963 74.5% (7495 of 10066), ETA 0:00:00                              
[00:00:01] ... finding cutoff p=963 75.5% (7603 of 10066), ETA 0:00:00                              
[00:00:01] ... finding cutoff p=963 76.3% (7676 of 10066), ETA 0:00:00                              
[00:00:01] ... finding cutoff p=963 77.3% (7786 of 10066), ETA 0:00:00                              
[00:00:01] ... finding cutoff p=963 78.3% (7881 of 10066), ETA 0:00:00                              
[00:00:01] ... finding cutoff p=963 79.4% (7995 of 10066), ETA 0:00:00                              
[00:00:01] ... finding cutoff p=963 80.4% (8097 of 10066), ETA 0:00:00                              
[00:00:01] ... finding cutoff p=963 81.3% (8181 of 10066), ETA 0:00:00                              
[00:00:01] ... finding cutoff p=963 82.3% (8284 of 10066), ETA 0:00:00                              
[00:00:01] ... finding cutoff p=963 83.3% (8387 of 10066), ETA 0:00:00                              
[00:00:01] ... finding cutoff p=963 84.3% (8487 of 10066), ETA 0:00:00                              
[00:00:01] ... finding cutoff p=963 85.4% (8592 of 10066), ETA 0:00:00                              
[00:00:01] ... finding cutoff p=963 86.4% (8694 of 10066), ETA 0:00:00                              
[00:00:01] ... finding cutoff p=963 87.4% (8800 of 10066), ETA 0:00:00                              
[00:00:01] ... finding cutoff p=963 88.4% (8894 of 10066), ETA 0:00:00                              
[00:00:01] ... finding cutoff p=963 89.4% (9001 of 10066), ETA 0:00:00                              
[00:00:01] ... finding cutoff p=963 90.4% (9098 of 10066), ETA 0:00:00                              
[00:00:01] ... finding cutoff p=963 91.4% (9196 of 10066), ETA 0:00:00                              
[00:00:01] ... finding cutoff p=963 92.4% (9297 of 10066), ETA 0:00:00                              
[00:00:01] ... finding cutoff p=963 93.3% (9394 of 10066), ETA 0:00:00                              
[00:00:01] ... finding cutoff p=963 94.4% (9498 of 10066), ETA 0:00:00                              
[00:00:01] ... finding cutoff p=963 95.4% (9599 of 10066), ETA 0:00:00                              
[00:00:01] ... finding cutoff p=963 96.3% (9697 of 10066), ETA 0:00:00                              
[00:00:01] ... finding cutoff p=963 97.3% (9797 of 10066), ETA 0:00:00                              
[00:00:01] ... finding cutoff p=963 98.3% (9899 of 10066), ETA 0:00:00                              
[00:00:01] ... finding cutoff p=963 99.3% (9999 of 10066), ETA 0:00:00                              
[00:00:01] Preparing TNF Graph Building [pTNF = 96.3; 3658 / 10066 (P = 36.34%) round 12]               
[00:00:01] Finding cutoff p=960 [-97.9Gb / 1007.8Gb]                                                     
[00:00:01] ... finding cutoff p=960 1.6% (159 of 10066), ETA 0:00:00                              
[00:00:01] ... finding cutoff p=960 2.7% (275 of 10066), ETA 0:00:00                              
[00:00:01] ... finding cutoff p=960 3.8% (378 of 10066), ETA 0:00:00                              
[00:00:01] ... finding cutoff p=960 4.7% (475 of 10066), ETA 0:00:00                              
[00:00:01] ... finding cutoff p=960 5.8% (581 of 10066), ETA 0:00:00                              
[00:00:01] ... finding cutoff p=960 6.7% (676 of 10066), ETA 0:00:00                              
[00:00:01] ... finding cutoff p=960 7.7% (773 of 10066), ETA 0:00:00                              
[00:00:01] ... finding cutoff p=960 8.6% (863 of 10066), ETA 0:00:00                              
[00:00:01] ... finding cutoff p=960 9.6% (963 of 10066), ETA 0:00:00                              
[00:00:01] ... finding cutoff p=960 10.6% (1070 of 10066), ETA 0:00:00                              
[00:00:01] ... finding cutoff p=960 11.5% (1162 of 10066), ETA 0:00:00                              
[00:00:01] ... finding cutoff p=960 12.8% (1288 of 10066), ETA 0:00:00                              
[00:00:01] ... finding cutoff p=960 14.0% (1412 of 10066), ETA 0:00:00                              
[00:00:01] ... finding cutoff p=960 14.8% (1491 of 10066), ETA 0:00:00                              
[00:00:01] ... finding cutoff p=960 15.5% (1557 of 10066), ETA 0:00:00                              
[00:00:01] ... finding cutoff p=960 16.1% (1620 of 10066), ETA 0:00:00                              
[00:00:01] ... finding cutoff p=960 17.4% (1752 of 10066), ETA 0:00:00                              
[00:00:01] ... finding cutoff p=960 18.5% (1867 of 10066), ETA 0:00:00                              
[00:00:01] ... finding cutoff p=960 19.5% (1960 of 10066), ETA 0:00:00                              
[00:00:01] ... finding cutoff p=960 20.2% (2029 of 10066), ETA 0:00:00                              
[00:00:01] ... finding cutoff p=960 21.3% (2145 of 10066), ETA 0:00:00                              
[00:00:01] ... finding cutoff p=960 22.1% (2222 of 10066), ETA 0:00:00                              
[00:00:01] ... finding cutoff p=960 23.5% (2362 of 10066), ETA 0:00:00                              
[00:00:01] ... finding cutoff p=960 24.2% (2431 of 10066), ETA 0:00:00                              
[00:00:01] ... finding cutoff p=960 25.5% (2566 of 10066), ETA 0:00:00                              
[00:00:01] ... finding cutoff p=960 26.2% (2635 of 10066), ETA 0:00:00                              
[00:00:01] ... finding cutoff p=960 27.1% (2730 of 10066), ETA 0:00:00                              
[00:00:01] ... finding cutoff p=960 28.4% (2856 of 10066), ETA 0:00:00                              
[00:00:01] ... finding cutoff p=960 29.8% (3002 of 10066), ETA 0:00:00                              
[00:00:01] ... finding cutoff p=960 30.6% (3080 of 10066), ETA 0:00:00                              
[00:00:01] ... finding cutoff p=960 31.3% (3154 of 10066), ETA 0:00:00                              
[00:00:01] ... finding cutoff p=960 32.3% (3254 of 10066), ETA 0:00:00                              
[00:00:01] ... finding cutoff p=960 33.4% (3364 of 10066), ETA 0:00:00                              
[00:00:01] ... finding cutoff p=960 34.6% (3487 of 10066), ETA 0:00:00                              
[00:00:01] ... finding cutoff p=960 35.4% (3562 of 10066), ETA 0:00:00                              
[00:00:01] ... finding cutoff p=960 36.3% (3658 of 10066), ETA 0:00:00                              
[00:00:01] ... finding cutoff p=960 37.4% (3769 of 10066), ETA 0:00:00                              
[00:00:01] ... finding cutoff p=960 38.8% (3905 of 10066), ETA 0:00:00                              
[00:00:01] ... finding cutoff p=960 39.4% (3966 of 10066), ETA 0:00:00                              
[00:00:01] ... finding cutoff p=960 40.2% (4042 of 10066), ETA 0:00:00                              
[00:00:01] ... finding cutoff p=960 41.3% (4154 of 10066), ETA 0:00:00                              
[00:00:01] ... finding cutoff p=960 42.7% (4303 of 10066), ETA 0:00:00                              
[00:00:01] ... finding cutoff p=960 43.4% (4369 of 10066), ETA 0:00:00                              
[00:00:01] ... finding cutoff p=960 44.4% (4473 of 10066), ETA 0:00:00                              
[00:00:01] ... finding cutoff p=960 45.6% (4590 of 10066), ETA 0:00:00                              
[00:00:01] ... finding cutoff p=960 46.2% (4650 of 10066), ETA 0:00:00                              
[00:00:01] ... finding cutoff p=960 47.2% (4755 of 10066), ETA 0:00:00                              
[00:00:01] ... finding cutoff p=960 48.5% (4882 of 10066), ETA 0:00:00                              
[00:00:01] ... finding cutoff p=960 49.2% (4957 of 10066), ETA 0:00:00                              
[00:00:01] ... finding cutoff p=960 50.4% (5069 of 10066), ETA 0:00:00                              
[00:00:01] ... finding cutoff p=960 51.4% (5178 of 10066), ETA 0:00:00                              
[00:00:01] ... finding cutoff p=960 52.4% (5276 of 10066), ETA 0:00:00                              
[00:00:01] ... finding cutoff p=960 53.5% (5384 of 10066), ETA 0:00:00                              
[00:00:01] ... finding cutoff p=960 54.4% (5477 of 10066), ETA 0:00:00                              
[00:00:01] ... finding cutoff p=960 55.3% (5566 of 10066), ETA 0:00:00                              
[00:00:01] ... finding cutoff p=960 56.5% (5689 of 10066), ETA 0:00:00                              
[00:00:01] ... finding cutoff p=960 57.6% (5798 of 10066), ETA 0:00:00                              
[00:00:01] ... finding cutoff p=960 58.4% (5877 of 10066), ETA 0:00:00                              
[00:00:01] ... finding cutoff p=960 59.4% (5977 of 10066), ETA 0:00:00                              
[00:00:01] ... finding cutoff p=960 60.3% (6071 of 10066), ETA 0:00:00                              
[00:00:01] ... finding cutoff p=960 61.5% (6186 of 10066), ETA 0:00:00                              
[00:00:01] ... finding cutoff p=960 62.5% (6293 of 10066), ETA 0:00:00                              
[00:00:01] ... finding cutoff p=960 63.5% (6393 of 10066), ETA 0:00:00                              
[00:00:01] ... finding cutoff p=960 64.3% (6470 of 10066), ETA 0:00:00                              
[00:00:01] ... finding cutoff p=960 65.4% (6587 of 10066), ETA 0:00:00                              
[00:00:01] ... finding cutoff p=960 66.4% (6681 of 10066), ETA 0:00:00                              
[00:00:01] ... finding cutoff p=960 67.4% (6783 of 10066), ETA 0:00:00                              
[00:00:01] ... finding cutoff p=960 68.2% (6869 of 10066), ETA 0:00:00                              
[00:00:01] ... finding cutoff p=960 69.5% (6991 of 10066), ETA 0:00:00                              
[00:00:01] ... finding cutoff p=960 70.4% (7085 of 10066), ETA 0:00:00                              
[00:00:01] ... finding cutoff p=960 71.4% (7186 of 10066), ETA 0:00:00                              
[00:00:01] ... finding cutoff p=960 72.3% (7279 of 10066), ETA 0:00:00                              
[00:00:01] ... finding cutoff p=960 73.3% (7381 of 10066), ETA 0:00:00                              
[00:00:01] ... finding cutoff p=960 74.4% (7488 of 10066), ETA 0:00:00                              
[00:00:01] ... finding cutoff p=960 75.3% (7575 of 10066), ETA 0:00:00                              
[00:00:01] ... finding cutoff p=960 76.5% (7700 of 10066), ETA 0:00:00                              
[00:00:01] ... finding cutoff p=960 77.4% (7793 of 10066), ETA 0:00:00                              
[00:00:01] ... finding cutoff p=960 78.3% (7881 of 10066), ETA 0:00:00                              
[00:00:01] ... finding cutoff p=960 79.4% (7993 of 10066), ETA 0:00:00                              
[00:00:01] ... finding cutoff p=960 80.4% (8093 of 10066), ETA 0:00:00                              
[00:00:01] ... finding cutoff p=960 81.4% (8192 of 10066), ETA 0:00:00                              
[00:00:01] ... finding cutoff p=960 82.4% (8290 of 10066), ETA 0:00:00                              
[00:00:01] ... finding cutoff p=960 83.3% (8389 of 10066), ETA 0:00:00                              
[00:00:01] ... finding cutoff p=960 84.4% (8491 of 10066), ETA 0:00:00                              
[00:00:01] ... finding cutoff p=960 85.4% (8594 of 10066), ETA 0:00:00                              
[00:00:01] ... finding cutoff p=960 86.4% (8695 of 10066), ETA 0:00:00                              
[00:00:01] ... finding cutoff p=960 87.3% (8788 of 10066), ETA 0:00:00                              
[00:00:01] ... finding cutoff p=960 88.4% (8897 of 10066), ETA 0:00:00                              
[00:00:01] ... finding cutoff p=960 89.4% (9000 of 10066), ETA 0:00:00                              
[00:00:01] ... finding cutoff p=960 90.3% (9091 of 10066), ETA 0:00:00                              
[00:00:01] ... finding cutoff p=960 91.3% (9193 of 10066), ETA 0:00:00                              
[00:00:01] ... finding cutoff p=960 92.4% (9297 of 10066), ETA 0:00:00                              
[00:00:01] ... finding cutoff p=960 93.4% (9400 of 10066), ETA 0:00:00                              
[00:00:01] ... finding cutoff p=960 94.4% (9502 of 10066), ETA 0:00:00                              
[00:00:01] ... finding cutoff p=960 95.4% (9601 of 10066), ETA 0:00:00                              
[00:00:01] ... finding cutoff p=960 96.3% (9698 of 10066), ETA 0:00:00                              
[00:00:01] ... finding cutoff p=960 97.4% (9800 of 10066), ETA 0:00:00                              
[00:00:01] ... finding cutoff p=960 98.4% (9900 of 10066), ETA 0:00:00                              
[00:00:01] ... finding cutoff p=960 99.3% (9999 of 10066), ETA 0:00:00                              
[00:00:01] Preparing TNF Graph Building [pTNF = 96.0; 3916 / 10066 (P = 38.90%) round 13]               
[00:00:01] Finding cutoff p=957 [-97.9Gb / 1007.8Gb]                                                     
[00:00:01] ... finding cutoff p=957 1.6% (163 of 10066), ETA 0:00:00                              
[00:00:01] ... finding cutoff p=957 2.8% (281 of 10066), ETA 0:00:00                              
[00:00:01] ... finding cutoff p=957 3.7% (375 of 10066), ETA 0:00:00                              
[00:00:01] ... finding cutoff p=957 4.7% (473 of 10066), ETA 0:00:00                              
[00:00:01] ... finding cutoff p=957 5.6% (559 of 10066), ETA 0:00:00                              
[00:00:01] ... finding cutoff p=957 6.4% (643 of 10066), ETA 0:00:00                              
[00:00:01] ... finding cutoff p=957 7.3% (733 of 10066), ETA 0:00:00                              
[00:00:01] ... finding cutoff p=957 8.1% (819 of 10066), ETA 0:00:00                              
[00:00:01] ... finding cutoff p=957 9.1% (911 of 10066), ETA 0:00:00                              
[00:00:01] ... finding cutoff p=957 10.6% (1069 of 10066), ETA 0:00:00                              
[00:00:01] ... finding cutoff p=957 11.5% (1156 of 10066), ETA 0:00:00                              
[00:00:01] ... finding cutoff p=957 12.9% (1298 of 10066), ETA 0:00:00                              
[00:00:01] ... finding cutoff p=957 14.1% (1416 of 10066), ETA 0:00:00                              
[00:00:01] ... finding cutoff p=957 15.5% (1558 of 10066), ETA 0:00:00                              
[00:00:01] ... finding cutoff p=957 16.2% (1631 of 10066), ETA 0:00:00                              
[00:00:01] ... finding cutoff p=957 17.5% (1761 of 10066), ETA 0:00:00                              
[00:00:01] ... finding cutoff p=957 18.2% (1836 of 10066), ETA 0:00:00                              
[00:00:01] ... finding cutoff p=957 19.7% (1978 of 10066), ETA 0:00:00                              
[00:00:01] ... finding cutoff p=957 20.5% (2060 of 10066), ETA 0:00:00                              
[00:00:01] ... finding cutoff p=957 21.1% (2124 of 10066), ETA 0:00:00                              
[00:00:01] ... finding cutoff p=957 22.2% (2239 of 10066), ETA 0:00:00                              
[00:00:01] ... finding cutoff p=957 23.8% (2393 of 10066), ETA 0:00:00                              
[00:00:01] ... finding cutoff p=957 24.5% (2469 of 10066), ETA 0:00:00                              
[00:00:01] ... finding cutoff p=957 25.3% (2548 of 10066), ETA 0:00:00                              
[00:00:01] ... finding cutoff p=957 26.5% (2666 of 10066), ETA 0:00:00                              
[00:00:01] ... finding cutoff p=957 27.3% (2746 of 10066), ETA 0:00:00                              
[00:00:01] ... finding cutoff p=957 28.1% (2831 of 10066), ETA 0:00:00                              
[00:00:01] ... finding cutoff p=957 29.4% (2960 of 10066), ETA 0:00:00                              
[00:00:01] ... finding cutoff p=957 30.2% (3044 of 10066), ETA 0:00:00                              
[00:00:01] ... finding cutoff p=957 31.7% (3189 of 10066), ETA 0:00:00                              
[00:00:01] ... finding cutoff p=957 32.5% (3276 of 10066), ETA 0:00:00                              
[00:00:01] ... finding cutoff p=957 33.2% (3342 of 10066), ETA 0:00:00                              
[00:00:01] ... finding cutoff p=957 34.4% (3460 of 10066), ETA 0:00:00                              
[00:00:01] ... finding cutoff p=957 35.7% (3595 of 10066), ETA 0:00:00                              
[00:00:01] ... finding cutoff p=957 36.4% (3666 of 10066), ETA 0:00:00                              
[00:00:01] ... finding cutoff p=957 37.3% (3755 of 10066), ETA 0:00:00                              
[00:00:01] ... finding cutoff p=957 38.4% (3867 of 10066), ETA 0:00:00                              
[00:00:01] ... finding cutoff p=957 39.8% (4005 of 10066), ETA 0:00:00                              
[00:00:01] ... finding cutoff p=957 40.5% (4078 of 10066), ETA 0:00:00                              
[00:00:01] ... finding cutoff p=957 41.2% (4149 of 10066), ETA 0:00:00                              
[00:00:01] ... finding cutoff p=957 42.4% (4265 of 10066), ETA 0:00:00                              
[00:00:01] ... finding cutoff p=957 43.2% (4346 of 10066), ETA 0:00:00                              
[00:00:01] ... finding cutoff p=957 44.3% (4457 of 10066), ETA 0:00:00                              
[00:00:01] ... finding cutoff p=957 45.4% (4573 of 10066), ETA 0:00:00                              
[00:00:01] ... finding cutoff p=957 46.6% (4687 of 10066), ETA 0:00:00                              
[00:00:01] ... finding cutoff p=957 47.2% (4752 of 10066), ETA 0:00:00                              
[00:00:01] ... finding cutoff p=957 48.3% (4864 of 10066), ETA 0:00:00                              
[00:00:01] ... finding cutoff p=957 49.7% (4998 of 10066), ETA 0:00:00                              
[00:00:01] ... finding cutoff p=957 50.4% (5069 of 10066), ETA 0:00:00                              
[00:00:01] ... finding cutoff p=957 51.4% (5170 of 10066), ETA 0:00:00                              
[00:00:01] ... finding cutoff p=957 52.5% (5280 of 10066), ETA 0:00:00                              
[00:00:01] ... finding cutoff p=957 53.6% (5392 of 10066), ETA 0:00:00                              
[00:00:01] ... finding cutoff p=957 54.5% (5487 of 10066), ETA 0:00:00                              
[00:00:01] ... finding cutoff p=957 55.5% (5584 of 10066), ETA 0:00:00                              
[00:00:01] ... finding cutoff p=957 56.4% (5673 of 10066), ETA 0:00:00                              
[00:00:01] ... finding cutoff p=957 57.3% (5767 of 10066), ETA 0:00:00                              
[00:00:01] ... finding cutoff p=957 58.3% (5865 of 10066), ETA 0:00:00                              
[00:00:01] ... finding cutoff p=957 59.6% (5996 of 10066), ETA 0:00:00                              
[00:00:01] ... finding cutoff p=957 60.3% (6073 of 10066), ETA 0:00:00                              
[00:00:01] ... finding cutoff p=957 61.3% (6169 of 10066), ETA 0:00:00                              
[00:00:01] ... finding cutoff p=957 62.3% (6276 of 10066), ETA 0:00:00                              
[00:00:01] ... finding cutoff p=957 63.5% (6387 of 10066), ETA 0:00:00                              
[00:00:01] ... finding cutoff p=957 64.4% (6486 of 10066), ETA 0:00:00                              
[00:00:01] ... finding cutoff p=957 65.4% (6581 of 10066), ETA 0:00:00                              
[00:00:01] ... finding cutoff p=957 66.5% (6691 of 10066), ETA 0:00:00                              
[00:00:01] ... finding cutoff p=957 67.3% (6778 of 10066), ETA 0:00:00                              
[00:00:01] ... finding cutoff p=957 68.4% (6886 of 10066), ETA 0:00:00                              
[00:00:01] ... finding cutoff p=957 69.3% (6973 of 10066), ETA 0:00:00                              
[00:00:01] ... finding cutoff p=957 70.4% (7084 of 10066), ETA 0:00:00                              
[00:00:01] ... finding cutoff p=957 71.5% (7193 of 10066), ETA 0:00:00                              
[00:00:01] ... finding cutoff p=957 72.3% (7281 of 10066), ETA 0:00:00                              
[00:00:01] ... finding cutoff p=957 73.4% (7393 of 10066), ETA 0:00:00                              
[00:00:01] ... finding cutoff p=957 74.5% (7501 of 10066), ETA 0:00:00                              
[00:00:01] ... finding cutoff p=957 75.3% (7584 of 10066), ETA 0:00:00                              
[00:00:01] ... finding cutoff p=957 76.4% (7691 of 10066), ETA 0:00:00                              
[00:00:01] ... finding cutoff p=957 77.3% (7778 of 10066), ETA 0:00:00                              
[00:00:01] ... finding cutoff p=957 78.3% (7882 of 10066), ETA 0:00:00                              
[00:00:01] ... finding cutoff p=957 79.3% (7980 of 10066), ETA 0:00:00                              
[00:00:01] ... finding cutoff p=957 80.3% (8085 of 10066), ETA 0:00:00                              
[00:00:01] ... finding cutoff p=957 81.3% (8184 of 10066), ETA 0:00:00                              
[00:00:01] ... finding cutoff p=957 82.4% (8294 of 10066), ETA 0:00:00                              
[00:00:01] ... finding cutoff p=957 83.4% (8396 of 10066), ETA 0:00:00                              
[00:00:01] ... finding cutoff p=957 84.4% (8498 of 10066), ETA 0:00:00                              
[00:00:01] ... finding cutoff p=957 85.3% (8585 of 10066), ETA 0:00:00                              
[00:00:01] ... finding cutoff p=957 86.3% (8689 of 10066), ETA 0:00:00                              
[00:00:01] ... finding cutoff p=957 87.4% (8796 of 10066), ETA 0:00:00                              
[00:00:01] ... finding cutoff p=957 88.3% (8890 of 10066), ETA 0:00:00                              
[00:00:01] ... finding cutoff p=957 89.4% (8996 of 10066), ETA 0:00:00                              
[00:00:01] ... finding cutoff p=957 90.4% (9098 of 10066), ETA 0:00:00                              
[00:00:01] ... finding cutoff p=957 91.4% (9199 of 10066), ETA 0:00:00                              
[00:00:01] ... finding cutoff p=957 92.3% (9295 of 10066), ETA 0:00:00                              
[00:00:01] ... finding cutoff p=957 93.3% (9393 of 10066), ETA 0:00:00                              
[00:00:01] ... finding cutoff p=957 94.4% (9502 of 10066), ETA 0:00:00                              
[00:00:01] ... finding cutoff p=957 95.4% (9600 of 10066), ETA 0:00:00                              
[00:00:01] ... finding cutoff p=957 96.4% (9700 of 10066), ETA 0:00:00                              
[00:00:01] ... finding cutoff p=957 97.3% (9798 of 10066), ETA 0:00:00                              
[00:00:01] ... finding cutoff p=957 98.3% (9898 of 10066), ETA 0:00:00                              
[00:00:01] ... finding cutoff p=957 99.3% (9999 of 10066), ETA 0:00:00                              
[00:00:01] Preparing TNF Graph Building [pTNF = 95.7; 4167 / 10066 (P = 41.40%) round 14]               
[00:00:01] Finding cutoff p=953 [-97.9Gb / 1007.8Gb]                                                     
[00:00:01] ... finding cutoff p=953 1.5% (154 of 10066), ETA 0:00:00                              
[00:00:01] ... finding cutoff p=953 2.7% (275 of 10066), ETA 0:00:00                              
[00:00:01] ... finding cutoff p=953 3.5% (355 of 10066), ETA 0:00:00                              
[00:00:01] ... finding cutoff p=953 4.5% (458 of 10066), ETA 0:00:00                              
[00:00:01] ... finding cutoff p=953 5.4% (544 of 10066), ETA 0:00:00                              
[00:00:01] ... finding cutoff p=953 6.3% (631 of 10066), ETA 0:00:00                              
[00:00:01] ... finding cutoff p=953 7.2% (728 of 10066), ETA 0:00:00                              
[00:00:01] ... finding cutoff p=953 8.2% (829 of 10066), ETA 0:00:00                              
[00:00:01] ... finding cutoff p=953 9.2% (928 of 10066), ETA 0:00:00                              
[00:00:01] ... finding cutoff p=953 10.1% (1020 of 10066), ETA 0:00:00                              
[00:00:01] ... finding cutoff p=953 11.1% (1121 of 10066), ETA 0:00:00                              
[00:00:01] ... finding cutoff p=953 12.2% (1227 of 10066), ETA 0:00:00                              
[00:00:01] ... finding cutoff p=953 13.3% (1340 of 10066), ETA 0:00:00                              
[00:00:01] ... finding cutoff p=953 14.5% (1458 of 10066), ETA 0:00:00                              
[00:00:01] ... finding cutoff p=953 15.4% (1552 of 10066), ETA 0:00:00                              
[00:00:01] ... finding cutoff p=953 16.1% (1619 of 10066), ETA 0:00:00                              
[00:00:01] ... finding cutoff p=953 17.2% (1729 of 10066), ETA 0:00:00                              
[00:00:01] ... finding cutoff p=953 18.8% (1897 of 10066), ETA 0:00:00                              
[00:00:01] ... finding cutoff p=953 19.6% (1972 of 10066), ETA 0:00:00                              
[00:00:01] ... finding cutoff p=953 20.6% (2075 of 10066), ETA 0:00:00                              
[00:00:01] ... finding cutoff p=953 21.3% (2142 of 10066), ETA 0:00:00                              
[00:00:01] ... finding cutoff p=953 22.5% (2268 of 10066), ETA 0:00:00                              
[00:00:01] ... finding cutoff p=953 23.2% (2335 of 10066), ETA 0:00:00                              
[00:00:01] ... finding cutoff p=953 24.4% (2460 of 10066), ETA 0:00:00                              
[00:00:01] ... finding cutoff p=953 25.2% (2541 of 10066), ETA 0:00:00                              
[00:00:01] ... finding cutoff p=953 26.4% (2657 of 10066), ETA 0:00:00                              
[00:00:01] ... finding cutoff p=953 27.3% (2746 of 10066), ETA 0:00:00                              
[00:00:01] ... finding cutoff p=953 28.2% (2835 of 10066), ETA 0:00:00                              
[00:00:01] ... finding cutoff p=953 29.2% (2944 of 10066), ETA 0:00:00                              
[00:00:01] ... finding cutoff p=953 30.9% (3109 of 10066), ETA 0:00:00                              
[00:00:01] ... finding cutoff p=953 31.8% (3198 of 10066), ETA 0:00:00                              
[00:00:01] ... finding cutoff p=953 32.6% (3285 of 10066), ETA 0:00:00                              
[00:00:01] ... finding cutoff p=953 33.3% (3353 of 10066), ETA 0:00:00                              
[00:00:01] ... finding cutoff p=953 34.3% (3456 of 10066), ETA 0:00:00                              
[00:00:01] ... finding cutoff p=953 35.6% (3583 of 10066), ETA 0:00:00                              
[00:00:01] ... finding cutoff p=953 36.5% (3670 of 10066), ETA 0:00:00                              
[00:00:01] ... finding cutoff p=953 37.2% (3742 of 10066), ETA 0:00:00                              
[00:00:01] ... finding cutoff p=953 38.3% (3855 of 10066), ETA 0:00:00                              
[00:00:01] ... finding cutoff p=953 39.8% (4003 of 10066), ETA 0:00:00                              
[00:00:01] ... finding cutoff p=953 41.1% (4138 of 10066), ETA 0:00:00                              
[00:00:01] ... finding cutoff p=953 41.8% (4212 of 10066), ETA 0:00:00                              
[00:00:01] ... finding cutoff p=953 42.6% (4284 of 10066), ETA 0:00:00                              
[00:00:01] ... finding cutoff p=953 43.3% (4358 of 10066), ETA 0:00:00                              
[00:00:01] ... finding cutoff p=953 44.4% (4471 of 10066), ETA 0:00:00                              
[00:00:01] ... finding cutoff p=953 45.3% (4558 of 10066), ETA 0:00:00                              
[00:00:01] ... finding cutoff p=953 46.3% (4665 of 10066), ETA 0:00:00                              
[00:00:01] ... finding cutoff p=953 47.6% (4787 of 10066), ETA 0:00:00                              
[00:00:01] ... finding cutoff p=953 48.7% (4900 of 10066), ETA 0:00:00                              
[00:00:01] ... finding cutoff p=953 49.3% (4961 of 10066), ETA 0:00:00                              
[00:00:01] ... finding cutoff p=953 50.3% (5068 of 10066), ETA 0:00:00                              
[00:00:01] ... finding cutoff p=953 51.4% (5174 of 10066), ETA 0:00:00                              
[00:00:01] ... finding cutoff p=953 52.5% (5284 of 10066), ETA 0:00:00                              
[00:00:01] ... finding cutoff p=953 53.4% (5372 of 10066), ETA 0:00:00                              
[00:00:01] ... finding cutoff p=953 54.5% (5487 of 10066), ETA 0:00:00                              
[00:00:01] ... finding cutoff p=953 55.7% (5602 of 10066), ETA 0:00:00                              
[00:00:01] ... finding cutoff p=953 56.6% (5694 of 10066), ETA 0:00:00                              
[00:00:01] ... finding cutoff p=953 57.7% (5804 of 10066), ETA 0:00:00                              
[00:00:01] ... finding cutoff p=953 58.3% (5868 of 10066), ETA 0:00:00                              
[00:00:01] ... finding cutoff p=953 59.2% (5962 of 10066), ETA 0:00:00                              
[00:00:01] ... finding cutoff p=953 60.3% (6068 of 10066), ETA 0:00:00                              
[00:00:01] ... finding cutoff p=953 61.3% (6175 of 10066), ETA 0:00:00                              
[00:00:01] ... finding cutoff p=953 62.4% (6283 of 10066), ETA 0:00:00                              
[00:00:01] ... finding cutoff p=953 63.4% (6380 of 10066), ETA 0:00:00                              
[00:00:01] ... finding cutoff p=953 64.3% (6468 of 10066), ETA 0:00:00                              
[00:00:01] ... finding cutoff p=953 65.5% (6593 of 10066), ETA 0:00:00                              
[00:00:01] ... finding cutoff p=953 66.4% (6684 of 10066), ETA 0:00:00                              
[00:00:01] ... finding cutoff p=953 67.5% (6794 of 10066), ETA 0:00:00                              
[00:00:01] ... finding cutoff p=953 68.4% (6884 of 10066), ETA 0:00:00                              
[00:00:01] ... finding cutoff p=953 69.4% (6982 of 10066), ETA 0:00:00                              
[00:00:01] ... finding cutoff p=953 70.2% (7071 of 10066), ETA 0:00:00                              
[00:00:01] ... finding cutoff p=953 71.3% (7178 of 10066), ETA 0:00:00                              
[00:00:01] ... finding cutoff p=953 72.2% (7272 of 10066), ETA 0:00:00                              
[00:00:01] ... finding cutoff p=953 73.3% (7382 of 10066), ETA 0:00:00                              
[00:00:01] ... finding cutoff p=953 74.5% (7498 of 10066), ETA 0:00:00                              
[00:00:01] ... finding cutoff p=953 75.3% (7579 of 10066), ETA 0:00:00                              
[00:00:01] ... finding cutoff p=953 76.5% (7697 of 10066), ETA 0:00:00                              
[00:00:01] ... finding cutoff p=953 77.5% (7800 of 10066), ETA 0:00:00                              
[00:00:01] ... finding cutoff p=953 78.4% (7892 of 10066), ETA 0:00:00                              
[00:00:01] ... finding cutoff p=953 79.3% (7983 of 10066), ETA 0:00:00                              
[00:00:01] ... finding cutoff p=953 80.3% (8081 of 10066), ETA 0:00:00                              
[00:00:01] ... finding cutoff p=953 81.5% (8201 of 10066), ETA 0:00:00                              
[00:00:01] ... finding cutoff p=953 82.3% (8283 of 10066), ETA 0:00:00                              
[00:00:01] ... finding cutoff p=953 83.4% (8393 of 10066), ETA 0:00:00                              
[00:00:01] ... finding cutoff p=953 84.4% (8498 of 10066), ETA 0:00:00                              
[00:00:01] ... finding cutoff p=953 85.5% (8602 of 10066), ETA 0:00:00                              
[00:00:01] ... finding cutoff p=953 86.4% (8692 of 10066), ETA 0:00:00                              
[00:00:01] ... finding cutoff p=953 87.4% (8794 of 10066), ETA 0:00:00                              
[00:00:01] ... finding cutoff p=953 88.3% (8888 of 10066), ETA 0:00:00                              
[00:00:01] ... finding cutoff p=953 89.3% (8992 of 10066), ETA 0:00:00                              
[00:00:01] ... finding cutoff p=953 90.3% (9093 of 10066), ETA 0:00:00                              
[00:00:01] ... finding cutoff p=953 91.4% (9197 of 10066), ETA 0:00:00                              
[00:00:01] ... finding cutoff p=953 92.4% (9296 of 10066), ETA 0:00:00                              
[00:00:01] ... finding cutoff p=953 93.3% (9394 of 10066), ETA 0:00:00                              
[00:00:01] ... finding cutoff p=953 94.3% (9494 of 10066), ETA 0:00:00                              
[00:00:01] ... finding cutoff p=953 95.3% (9595 of 10066), ETA 0:00:00                              
[00:00:01] ... finding cutoff p=953 96.3% (9696 of 10066), ETA 0:00:00                              
[00:00:01] ... finding cutoff p=953 97.3% (9799 of 10066), ETA 0:00:00                              
[00:00:01] ... finding cutoff p=953 98.3% (9899 of 10066), ETA 0:00:00                              
[00:00:01] ... finding cutoff p=953 99.3% (9999 of 10066), ETA 0:00:00                              
[00:00:01] Preparing TNF Graph Building [pTNF = 95.3; 4509 / 10066 (P = 44.79%) round 15]               
[00:00:01] Finding cutoff p=950 [-97.9Gb / 1007.8Gb]                                                     
[00:00:01] ... finding cutoff p=950 1.6% (165 of 10066), ETA 0:00:00                              
[00:00:01] ... finding cutoff p=950 3.0% (304 of 10066), ETA 0:00:00                              
[00:00:01] ... finding cutoff p=950 4.7% (475 of 10066), ETA 0:00:00                              
[00:00:01] ... finding cutoff p=950 5.6% (566 of 10066), ETA 0:00:00                              
[00:00:01] ... finding cutoff p=950 6.7% (673 of 10066), ETA 0:00:00                              
[00:00:01] ... finding cutoff p=950 7.6% (765 of 10066), ETA 0:00:00                              
[00:00:01] ... finding cutoff p=950 8.8% (889 of 10066), ETA 0:00:00                              
[00:00:01] ... finding cutoff p=950 9.8% (986 of 10066), ETA 0:00:00                              
[00:00:01] ... finding cutoff p=950 10.8% (1092 of 10066), ETA 0:00:00                              
[00:00:01] ... finding cutoff p=950 11.8% (1188 of 10066), ETA 0:00:00                              
[00:00:01] ... finding cutoff p=950 12.8% (1289 of 10066), ETA 0:00:00                              
[00:00:01] ... finding cutoff p=950 14.1% (1415 of 10066), ETA 0:00:00                              
[00:00:01] ... finding cutoff p=950 15.3% (1539 of 10066), ETA 0:00:00                              
[00:00:01] ... finding cutoff p=950 16.7% (1676 of 10066), ETA 0:00:00                              
[00:00:01] ... finding cutoff p=950 17.4% (1756 of 10066), ETA 0:00:00                              
[00:00:01] ... finding cutoff p=950 18.4% (1848 of 10066), ETA 0:00:00                              
[00:00:01] ... finding cutoff p=950 19.1% (1923 of 10066), ETA 0:00:00                              
[00:00:01] ... finding cutoff p=950 20.3% (2039 of 10066), ETA 0:00:00                              
[00:00:01] ... finding cutoff p=950 21.7% (2180 of 10066), ETA 0:00:00                              
[00:00:01] ... finding cutoff p=950 23.1% (2322 of 10066), ETA 0:00:00                              
[00:00:01] ... finding cutoff p=950 23.8% (2397 of 10066), ETA 0:00:00                              
[00:00:01] ... finding cutoff p=950 24.5% (2466 of 10066), ETA 0:00:00                              
[00:00:01] ... finding cutoff p=950 25.2% (2538 of 10066), ETA 0:00:00                              
[00:00:01] ... finding cutoff p=950 26.4% (2662 of 10066), ETA 0:00:00                              
[00:00:01] ... finding cutoff p=950 27.6% (2774 of 10066), ETA 0:00:00                              
[00:00:01] ... finding cutoff p=950 28.5% (2866 of 10066), ETA 0:00:00                              
[00:00:01] ... finding cutoff p=950 29.1% (2934 of 10066), ETA 0:00:00                              
[00:00:01] ... finding cutoff p=950 30.6% (3077 of 10066), ETA 0:00:00                              
[00:00:01] ... finding cutoff p=950 31.5% (3166 of 10066), ETA 0:00:00                              
[00:00:01] ... finding cutoff p=950 32.1% (3236 of 10066), ETA 0:00:00                              
[00:00:01] ... finding cutoff p=950 33.5% (3371 of 10066), ETA 0:00:00                              
[00:00:01] ... finding cutoff p=950 34.2% (3445 of 10066), ETA 0:00:00                              
[00:00:01] ... finding cutoff p=950 35.5% (3571 of 10066), ETA 0:00:00                              
[00:00:01] ... finding cutoff p=950 36.4% (3659 of 10066), ETA 0:00:00                              
[00:00:01] ... finding cutoff p=950 37.1% (3739 of 10066), ETA 0:00:00                              
[00:00:01] ... finding cutoff p=950 38.2% (3849 of 10066), ETA 0:00:00                              
[00:00:01] ... finding cutoff p=950 39.2% (3945 of 10066), ETA 0:00:00                              
[00:00:01] ... finding cutoff p=950 40.5% (4073 of 10066), ETA 0:00:00                              
[00:00:01] ... finding cutoff p=950 41.3% (4153 of 10066), ETA 0:00:00                              
[00:00:01] ... finding cutoff p=950 42.5% (4277 of 10066), ETA 0:00:00                              
[00:00:01] ... finding cutoff p=950 43.8% (4404 of 10066), ETA 0:00:00                              
[00:00:01] ... finding cutoff p=950 44.5% (4476 of 10066), ETA 0:00:00                              
[00:00:01] ... finding cutoff p=950 45.6% (4591 of 10066), ETA 0:00:00                              
[00:00:01] ... finding cutoff p=950 46.2% (4650 of 10066), ETA 0:00:00                              
[00:00:01] ... finding cutoff p=950 47.3% (4759 of 10066), ETA 0:00:00                              
[00:00:01] ... finding cutoff p=950 48.6% (4891 of 10066), ETA 0:00:00                              
[00:00:01] ... finding cutoff p=950 49.2% (4955 of 10066), ETA 0:00:00                              
[00:00:01] ... finding cutoff p=950 50.3% (5067 of 10066), ETA 0:00:00                              
[00:00:01] ... finding cutoff p=950 51.4% (5177 of 10066), ETA 0:00:00                              
[00:00:01] ... finding cutoff p=950 52.5% (5282 of 10066), ETA 0:00:00                              
[00:00:01] ... finding cutoff p=950 53.6% (5394 of 10066), ETA 0:00:00                              
[00:00:01] ... finding cutoff p=950 54.4% (5475 of 10066), ETA 0:00:00                              
[00:00:01] ... finding cutoff p=950 55.5% (5586 of 10066), ETA 0:00:00                              
[00:00:01] ... finding cutoff p=950 56.5% (5691 of 10066), ETA 0:00:00                              
[00:00:01] ... finding cutoff p=950 57.6% (5797 of 10066), ETA 0:00:00                              
[00:00:01] ... finding cutoff p=950 58.5% (5884 of 10066), ETA 0:00:00                              
[00:00:01] ... finding cutoff p=950 59.2% (5961 of 10066), ETA 0:00:00                              
[00:00:01] ... finding cutoff p=950 60.3% (6070 of 10066), ETA 0:00:00                              
[00:00:01] ... finding cutoff p=950 61.2% (6164 of 10066), ETA 0:00:00                              
[00:00:01] ... finding cutoff p=950 62.3% (6271 of 10066), ETA 0:00:00                              
[00:00:01] ... finding cutoff p=950 63.6% (6402 of 10066), ETA 0:00:00                              
[00:00:01] ... finding cutoff p=950 64.5% (6497 of 10066), ETA 0:00:00                              
[00:00:01] ... finding cutoff p=950 65.3% (6573 of 10066), ETA 0:00:00                              
[00:00:01] ... finding cutoff p=950 66.4% (6681 of 10066), ETA 0:00:00                              
[00:00:01] ... finding cutoff p=950 67.3% (6770 of 10066), ETA 0:00:00                              
[00:00:01] ... finding cutoff p=950 68.3% (6877 of 10066), ETA 0:00:00                              
[00:00:01] ... finding cutoff p=950 69.5% (6994 of 10066), ETA 0:00:00                              
[00:00:01] ... finding cutoff p=950 70.4% (7085 of 10066), ETA 0:00:00                              
[00:00:01] ... finding cutoff p=950 71.4% (7187 of 10066), ETA 0:00:00                              
[00:00:01] ... finding cutoff p=950 72.3% (7274 of 10066), ETA 0:00:00                              
[00:00:01] ... finding cutoff p=950 73.4% (7387 of 10066), ETA 0:00:00                              
[00:00:01] ... finding cutoff p=950 74.3% (7476 of 10066), ETA 0:00:00                              
[00:00:01] ... finding cutoff p=950 75.4% (7591 of 10066), ETA 0:00:00                              
[00:00:01] ... finding cutoff p=950 76.5% (7698 of 10066), ETA 0:00:00                              
[00:00:01] ... finding cutoff p=950 77.4% (7794 of 10066), ETA 0:00:00                              
[00:00:01] ... finding cutoff p=950 78.3% (7881 of 10066), ETA 0:00:00                              
[00:00:01] ... finding cutoff p=950 79.4% (7989 of 10066), ETA 0:00:00                              
[00:00:01] ... finding cutoff p=950 80.4% (8096 of 10066), ETA 0:00:00                              
[00:00:01] ... finding cutoff p=950 81.4% (8197 of 10066), ETA 0:00:00                              
[00:00:01] ... finding cutoff p=950 82.4% (8297 of 10066), ETA 0:00:00                              
[00:00:01] ... finding cutoff p=950 83.4% (8396 of 10066), ETA 0:00:00                              
[00:00:01] ... finding cutoff p=950 84.3% (8484 of 10066), ETA 0:00:00                              
[00:00:01] ... finding cutoff p=950 85.3% (8587 of 10066), ETA 0:00:00                              
[00:00:01] ... finding cutoff p=950 86.4% (8695 of 10066), ETA 0:00:00                              
[00:00:01] ... finding cutoff p=950 87.4% (8796 of 10066), ETA 0:00:00                              
[00:00:01] ... finding cutoff p=950 88.3% (8890 of 10066), ETA 0:00:00                              
[00:00:01] ... finding cutoff p=950 89.3% (8993 of 10066), ETA 0:00:00                              
[00:00:01] ... finding cutoff p=950 90.4% (9098 of 10066), ETA 0:00:00                              
[00:00:01] ... finding cutoff p=950 91.3% (9191 of 10066), ETA 0:00:00                              
[00:00:01] ... finding cutoff p=950 92.4% (9300 of 10066), ETA 0:00:00                              
[00:00:01] ... finding cutoff p=950 93.4% (9399 of 10066), ETA 0:00:00                              
[00:00:01] ... finding cutoff p=950 94.3% (9497 of 10066), ETA 0:00:00                              
[00:00:01] ... finding cutoff p=950 95.3% (9596 of 10066), ETA 0:00:00                              
[00:00:01] ... finding cutoff p=950 96.3% (9696 of 10066), ETA 0:00:00                              
[00:00:01] ... finding cutoff p=950 97.3% (9798 of 10066), ETA 0:00:00                              
[00:00:01] ... finding cutoff p=950 98.4% (9900 of 10066), ETA 0:00:00                              
[00:00:01] ... finding cutoff p=950 99.3% (9999 of 10066), ETA 0:00:00                              
[00:00:01] Preparing TNF Graph Building [pTNF = 95.0; 4737 / 10066 (P = 47.06%) round 16]               
[00:00:01] Finding cutoff p=945 [-97.9Gb / 1007.8Gb]                                                     
[00:00:01] ... finding cutoff p=945 1.6% (157 of 10066), ETA 0:00:00                              
[00:00:01] ... finding cutoff p=945 3.5% (348 of 10066), ETA 0:00:00                              
[00:00:01] ... finding cutoff p=945 4.3% (434 of 10066), ETA 0:00:00                              
[00:00:01] ... finding cutoff p=945 5.3% (533 of 10066), ETA 0:00:00                              
[00:00:01] ... finding cutoff p=945 6.3% (630 of 10066), ETA 0:00:00                              
[00:00:01] ... finding cutoff p=945 7.1% (717 of 10066), ETA 0:00:00                              
[00:00:01] ... finding cutoff p=945 8.2% (823 of 10066), ETA 0:00:00                              
[00:00:01] ... finding cutoff p=945 9.2% (922 of 10066), ETA 0:00:00                              
[00:00:01] ... finding cutoff p=945 10.7% (1082 of 10066), ETA 0:00:00                              
[00:00:01] ... finding cutoff p=945 11.8% (1187 of 10066), ETA 0:00:00                              
[00:00:01] ... finding cutoff p=945 13.1% (1316 of 10066), ETA 0:00:00                              
[00:00:01] ... finding cutoff p=945 14.1% (1420 of 10066), ETA 0:00:00                              
[00:00:01] ... finding cutoff p=945 15.4% (1547 of 10066), ETA 0:00:00                              
[00:00:01] ... finding cutoff p=945 16.2% (1628 of 10066), ETA 0:00:00                              
[00:00:01] ... finding cutoff p=945 17.1% (1717 of 10066), ETA 0:00:00                              
[00:00:01] ... finding cutoff p=945 18.3% (1844 of 10066), ETA 0:00:00                              
[00:00:01] ... finding cutoff p=945 19.7% (1978 of 10066), ETA 0:00:00                              
[00:00:01] ... finding cutoff p=945 20.4% (2054 of 10066), ETA 0:00:00                              
[00:00:01] ... finding cutoff p=945 21.1% (2125 of 10066), ETA 0:00:00                              
[00:00:01] ... finding cutoff p=945 22.3% (2245 of 10066), ETA 0:00:00                              
[00:00:01] ... finding cutoff p=945 23.6% (2376 of 10066), ETA 0:00:00                              
[00:00:01] ... finding cutoff p=945 24.4% (2455 of 10066), ETA 0:00:00                              
[00:00:01] ... finding cutoff p=945 25.2% (2539 of 10066), ETA 0:00:00                              
[00:00:01] ... finding cutoff p=945 26.4% (2658 of 10066), ETA 0:00:00                              
[00:00:01] ... finding cutoff p=945 27.3% (2743 of 10066), ETA 0:00:00                              
[00:00:01] ... finding cutoff p=945 28.5% (2869 of 10066), ETA 0:00:00                              
[00:00:01] ... finding cutoff p=945 29.2% (2941 of 10066), ETA 0:00:00                              
[00:00:01] ... finding cutoff p=945 30.6% (3085 of 10066), ETA 0:00:00                              
[00:00:01] ... finding cutoff p=945 31.6% (3176 of 10066), ETA 0:00:00                              
[00:00:01] ... finding cutoff p=945 32.5% (3273 of 10066), ETA 0:00:00                              
[00:00:01] ... finding cutoff p=945 33.2% (3340 of 10066), ETA 0:00:00                              
[00:00:01] ... finding cutoff p=945 34.3% (3454 of 10066), ETA 0:00:00                              
[00:00:01] ... finding cutoff p=945 35.7% (3598 of 10066), ETA 0:00:00                              
[00:00:01] ... finding cutoff p=945 36.4% (3665 of 10066), ETA 0:00:00                              
[00:00:01] ... finding cutoff p=945 37.2% (3744 of 10066), ETA 0:00:00                              
[00:00:01] ... finding cutoff p=945 38.3% (3853 of 10066), ETA 0:00:00                              
[00:00:01] ... finding cutoff p=945 39.5% (3981 of 10066), ETA 0:00:00                              
[00:00:01] ... finding cutoff p=945 40.3% (4057 of 10066), ETA 0:00:00                              
[00:00:01] ... finding cutoff p=945 41.4% (4167 of 10066), ETA 0:00:00                              
[00:00:01] ... finding cutoff p=945 42.7% (4300 of 10066), ETA 0:00:00                              
[00:00:01] ... finding cutoff p=945 43.4% (4370 of 10066), ETA 0:00:00                              
[00:00:01] ... finding cutoff p=945 44.6% (4485 of 10066), ETA 0:00:00                              
[00:00:01] ... finding cutoff p=945 45.5% (4585 of 10066), ETA 0:00:00                              
[00:00:01] ... finding cutoff p=945 46.6% (4693 of 10066), ETA 0:00:00                              
[00:00:01] ... finding cutoff p=945 47.2% (4752 of 10066), ETA 0:00:00                              
[00:00:01] ... finding cutoff p=945 48.4% (4870 of 10066), ETA 0:00:00                              
[00:00:01] ... finding cutoff p=945 49.6% (4997 of 10066), ETA 0:00:00                              
[00:00:01] ... finding cutoff p=945 50.2% (5057 of 10066), ETA 0:00:00                              
[00:00:01] ... finding cutoff p=945 51.2% (5155 of 10066), ETA 0:00:00                              
[00:00:01] ... finding cutoff p=945 52.2% (5257 of 10066), ETA 0:00:00                              
[00:00:01] ... finding cutoff p=945 53.2% (5357 of 10066), ETA 0:00:00                              
[00:00:01] ... finding cutoff p=945 54.5% (5481 of 10066), ETA 0:00:00                              
[00:00:01] ... finding cutoff p=945 55.4% (5573 of 10066), ETA 0:00:00                              
[00:00:01] ... finding cutoff p=945 56.4% (5675 of 10066), ETA 0:00:00                              
[00:00:01] ... finding cutoff p=945 57.4% (5776 of 10066), ETA 0:00:00                              
[00:00:01] ... finding cutoff p=945 58.3% (5870 of 10066), ETA 0:00:00                              
[00:00:01] ... finding cutoff p=945 59.3% (5965 of 10066), ETA 0:00:00                              
[00:00:01] ... finding cutoff p=945 60.2% (6060 of 10066), ETA 0:00:00                              
[00:00:01] ... finding cutoff p=945 61.3% (6169 of 10066), ETA 0:00:00                              
[00:00:01] ... finding cutoff p=945 62.4% (6277 of 10066), ETA 0:00:00                              
[00:00:01] ... finding cutoff p=945 63.4% (6377 of 10066), ETA 0:00:00                              
[00:00:01] ... finding cutoff p=945 64.5% (6492 of 10066), ETA 0:00:00                              
[00:00:01] ... finding cutoff p=945 65.5% (6589 of 10066), ETA 0:00:00                              
[00:00:01] ... finding cutoff p=945 66.4% (6681 of 10066), ETA 0:00:00                              
[00:00:01] ... finding cutoff p=945 67.2% (6768 of 10066), ETA 0:00:00                              
[00:00:01] ... finding cutoff p=945 68.4% (6890 of 10066), ETA 0:00:00                              
[00:00:01] ... finding cutoff p=945 69.5% (6998 of 10066), ETA 0:00:00                              
[00:00:01] ... finding cutoff p=945 70.5% (7095 of 10066), ETA 0:00:00                              
[00:00:01] ... finding cutoff p=945 71.4% (7189 of 10066), ETA 0:00:00                              
[00:00:01] ... finding cutoff p=945 72.4% (7284 of 10066), ETA 0:00:00                              
[00:00:01] ... finding cutoff p=945 73.5% (7396 of 10066), ETA 0:00:00                              
[00:00:01] ... finding cutoff p=945 74.3% (7479 of 10066), ETA 0:00:00                              
[00:00:01] ... finding cutoff p=945 75.5% (7596 of 10066), ETA 0:00:00                              
[00:00:01] ... finding cutoff p=945 76.3% (7682 of 10066), ETA 0:00:00                              
[00:00:01] ... finding cutoff p=945 77.3% (7779 of 10066), ETA 0:00:00                              
[00:00:01] ... finding cutoff p=945 78.4% (7888 of 10066), ETA 0:00:00                              
[00:00:01] ... finding cutoff p=945 79.4% (7988 of 10066), ETA 0:00:00                              
[00:00:01] ... finding cutoff p=945 80.3% (8088 of 10066), ETA 0:00:00                              
[00:00:01] ... finding cutoff p=945 81.3% (8186 of 10066), ETA 0:00:00                              
[00:00:01] ... finding cutoff p=945 82.4% (8290 of 10066), ETA 0:00:00                              
[00:00:01] ... finding cutoff p=945 83.4% (8395 of 10066), ETA 0:00:00                              
[00:00:01] ... finding cutoff p=945 84.4% (8495 of 10066), ETA 0:00:00                              
[00:00:01] ... finding cutoff p=945 85.4% (8597 of 10066), ETA 0:00:00                              
[00:00:01] ... finding cutoff p=945 86.4% (8701 of 10066), ETA 0:00:00                              
[00:00:01] ... finding cutoff p=945 87.4% (8797 of 10066), ETA 0:00:00                              
[00:00:01] ... finding cutoff p=945 88.3% (8891 of 10066), ETA 0:00:00                              
[00:00:01] ... finding cutoff p=945 89.4% (8999 of 10066), ETA 0:00:00                              
[00:00:01] ... finding cutoff p=945 90.3% (9091 of 10066), ETA 0:00:00                              
[00:00:01] ... finding cutoff p=945 91.4% (9202 of 10066), ETA 0:00:00                              
[00:00:01] ... finding cutoff p=945 92.4% (9297 of 10066), ETA 0:00:00                              
[00:00:01] ... finding cutoff p=945 93.3% (9396 of 10066), ETA 0:00:00                              
[00:00:01] ... finding cutoff p=945 94.3% (9497 of 10066), ETA 0:00:00                              
[00:00:01] ... finding cutoff p=945 95.3% (9596 of 10066), ETA 0:00:00                              
[00:00:01] ... finding cutoff p=945 96.3% (9696 of 10066), ETA 0:00:00                              
[00:00:01] ... finding cutoff p=945 97.4% (9800 of 10066), ETA 0:00:00                              
[00:00:01] ... finding cutoff p=945 98.3% (9898 of 10066), ETA 0:00:00                              
[00:00:01] ... finding cutoff p=945 99.3% (9999 of 10066), ETA 0:00:00                              
[00:00:01] Preparing TNF Graph Building [pTNF = 94.5; 5090 / 10066 (P = 50.57%) round 17]               
[00:00:01] Finding cutoff p=942 [-97.9Gb / 1007.8Gb]                                                     
[00:00:01] ... finding cutoff p=942 1.6% (158 of 10066), ETA 0:00:00                              
[00:00:01] ... finding cutoff p=942 2.7% (274 of 10066), ETA 0:00:00                              
[00:00:01] ... finding cutoff p=942 3.6% (358 of 10066), ETA 0:00:00                              
[00:00:01] ... finding cutoff p=942 4.4% (438 of 10066), ETA 0:00:00                              
[00:00:01] ... finding cutoff p=942 5.3% (534 of 10066), ETA 0:00:00                              
[00:00:01] ... finding cutoff p=942 6.1% (613 of 10066), ETA 0:00:00                              
[00:00:01] ... finding cutoff p=942 7.3% (736 of 10066), ETA 0:00:00                              
[00:00:01] ... finding cutoff p=942 8.3% (832 of 10066), ETA 0:00:00                              
[00:00:01] ... finding cutoff p=942 9.2% (925 of 10066), ETA 0:00:00                              
[00:00:01] ... finding cutoff p=942 10.1% (1015 of 10066), ETA 0:00:00                              
[00:00:01] ... finding cutoff p=942 11.1% (1118 of 10066), ETA 0:00:00                              
[00:00:01] ... finding cutoff p=942 12.1% (1216 of 10066), ETA 0:00:00                              
[00:00:01] ... finding cutoff p=942 13.0% (1313 of 10066), ETA 0:00:00                              
[00:00:01] ... finding cutoff p=942 14.2% (1428 of 10066), ETA 0:00:00                              
[00:00:01] ... finding cutoff p=942 15.1% (1517 of 10066), ETA 0:00:00                              
[00:00:01] ... finding cutoff p=942 16.2% (1629 of 10066), ETA 0:00:00                              
[00:00:01] ... finding cutoff p=942 17.6% (1774 of 10066), ETA 0:00:00                              
[00:00:01] ... finding cutoff p=942 18.4% (1850 of 10066), ETA 0:00:00                              
[00:00:01] ... finding cutoff p=942 19.2% (1931 of 10066), ETA 0:00:00                              
[00:00:01] ... finding cutoff p=942 20.3% (2048 of 10066), ETA 0:00:00                              
[00:00:01] ... finding cutoff p=942 21.7% (2186 of 10066), ETA 0:00:00                              
[00:00:01] ... finding cutoff p=942 22.4% (2256 of 10066), ETA 0:00:00                              
[00:00:01] ... finding cutoff p=942 23.3% (2349 of 10066), ETA 0:00:00                              
[00:00:01] ... finding cutoff p=942 24.1% (2424 of 10066), ETA 0:00:00                              
[00:00:01] ... finding cutoff p=942 25.6% (2575 of 10066), ETA 0:00:00                              
[00:00:01] ... finding cutoff p=942 26.4% (2660 of 10066), ETA 0:00:00                              
[00:00:01] ... finding cutoff p=942 27.6% (2778 of 10066), ETA 0:00:00                              
[00:00:01] ... finding cutoff p=942 28.1% (2831 of 10066), ETA 0:00:00                              
[00:00:01] ... finding cutoff p=942 29.4% (2961 of 10066), ETA 0:00:00                              
[00:00:01] ... finding cutoff p=942 30.5% (3066 of 10066), ETA 0:00:00                              
[00:00:01] ... finding cutoff p=942 31.3% (3147 of 10066), ETA 0:00:00                              
[00:00:01] ... finding cutoff p=942 32.6% (3277 of 10066), ETA 0:00:00                              
[00:00:01] ... finding cutoff p=942 33.3% (3348 of 10066), ETA 0:00:00                              
[00:00:01] ... finding cutoff p=942 34.5% (3472 of 10066), ETA 0:00:00                              
[00:00:01] ... finding cutoff p=942 35.2% (3545 of 10066), ETA 0:00:00                              
[00:00:01] ... finding cutoff p=942 36.4% (3662 of 10066), ETA 0:00:00                              
[00:00:01] ... finding cutoff p=942 37.6% (3781 of 10066), ETA 0:00:00                              
[00:00:01] ... finding cutoff p=942 38.3% (3859 of 10066), ETA 0:00:00                              
[00:00:01] ... finding cutoff p=942 39.5% (3981 of 10066), ETA 0:00:00                              
[00:00:01] ... finding cutoff p=942 40.3% (4056 of 10066), ETA 0:00:00                              
[00:00:01] ... finding cutoff p=942 41.5% (4179 of 10066), ETA 0:00:00                              
[00:00:01] ... finding cutoff p=942 42.7% (4301 of 10066), ETA 0:00:00                              
[00:00:01] ... finding cutoff p=942 43.5% (4382 of 10066), ETA 0:00:00                              
[00:00:01] ... finding cutoff p=942 44.3% (4459 of 10066), ETA 0:00:00                              
[00:00:01] ... finding cutoff p=942 45.3% (4562 of 10066), ETA 0:00:00                              
[00:00:01] ... finding cutoff p=942 46.5% (4679 of 10066), ETA 0:00:00                              
[00:00:01] ... finding cutoff p=942 47.7% (4798 of 10066), ETA 0:00:00                              
[00:00:01] ... finding cutoff p=942 48.3% (4863 of 10066), ETA 0:00:00                              
[00:00:01] ... finding cutoff p=942 49.3% (4966 of 10066), ETA 0:00:00                              
[00:00:01] ... finding cutoff p=942 50.3% (5064 of 10066), ETA 0:00:00                              
[00:00:01] ... finding cutoff p=942 51.3% (5167 of 10066), ETA 0:00:00                              
[00:00:01] ... finding cutoff p=942 52.2% (5258 of 10066), ETA 0:00:00                              
[00:00:01] ... finding cutoff p=942 53.5% (5384 of 10066), ETA 0:00:00                              
[00:00:01] ... finding cutoff p=942 54.4% (5475 of 10066), ETA 0:00:00                              
[00:00:01] ... finding cutoff p=942 55.4% (5572 of 10066), ETA 0:00:00                              
[00:00:01] ... finding cutoff p=942 56.3% (5671 of 10066), ETA 0:00:00                              
[00:00:01] ... finding cutoff p=942 57.4% (5773 of 10066), ETA 0:00:00                              
[00:00:01] ... finding cutoff p=942 58.3% (5869 of 10066), ETA 0:00:00                              
[00:00:01] ... finding cutoff p=942 59.3% (5967 of 10066), ETA 0:00:00                              
[00:00:01] ... finding cutoff p=942 60.3% (6065 of 10066), ETA 0:00:00                              
[00:00:01] ... finding cutoff p=942 61.3% (6168 of 10066), ETA 0:00:00                              
[00:00:01] ... finding cutoff p=942 62.4% (6281 of 10066), ETA 0:00:00                              
[00:00:01] ... finding cutoff p=942 63.3% (6375 of 10066), ETA 0:00:00                              
[00:00:01] ... finding cutoff p=942 64.2% (6467 of 10066), ETA 0:00:00                              
[00:00:01] ... finding cutoff p=942 65.3% (6577 of 10066), ETA 0:00:00                              
[00:00:01] ... finding cutoff p=942 66.5% (6695 of 10066), ETA 0:00:00                              
[00:00:01] ... finding cutoff p=942 67.5% (6799 of 10066), ETA 0:00:00                              
[00:00:01] ... finding cutoff p=942 68.4% (6887 of 10066), ETA 0:00:00                              
[00:00:01] ... finding cutoff p=942 69.3% (6979 of 10066), ETA 0:00:00                              
[00:00:01] ... finding cutoff p=942 70.3% (7075 of 10066), ETA 0:00:00                              
[00:00:01] ... finding cutoff p=942 71.5% (7200 of 10066), ETA 0:00:00                              
[00:00:01] ... finding cutoff p=942 72.4% (7292 of 10066), ETA 0:00:00                              
[00:00:01] ... finding cutoff p=942 73.5% (7397 of 10066), ETA 0:00:00                              
[00:00:01] ... finding cutoff p=942 74.5% (7499 of 10066), ETA 0:00:00                              
[00:00:01] ... finding cutoff p=942 75.4% (7594 of 10066), ETA 0:00:00                              
[00:00:01] ... finding cutoff p=942 76.4% (7688 of 10066), ETA 0:00:00                              
[00:00:01] ... finding cutoff p=942 77.4% (7796 of 10066), ETA 0:00:00                              
[00:00:01] ... finding cutoff p=942 78.4% (7892 of 10066), ETA 0:00:00                              
[00:00:01] ... finding cutoff p=942 79.3% (7987 of 10066), ETA 0:00:00                              
[00:00:01] ... finding cutoff p=942 80.3% (8085 of 10066), ETA 0:00:00                              
[00:00:01] ... finding cutoff p=942 81.3% (8183 of 10066), ETA 0:00:00                              
[00:00:01] ... finding cutoff p=942 82.3% (8283 of 10066), ETA 0:00:00                              
[00:00:01] ... finding cutoff p=942 83.4% (8396 of 10066), ETA 0:00:00                              
[00:00:01] ... finding cutoff p=942 84.4% (8498 of 10066), ETA 0:00:00                              
[00:00:01] ... finding cutoff p=942 85.4% (8599 of 10066), ETA 0:00:00                              
[00:00:01] ... finding cutoff p=942 86.4% (8700 of 10066), ETA 0:00:00                              
[00:00:01] ... finding cutoff p=942 87.4% (8798 of 10066), ETA 0:00:00                              
[00:00:01] ... finding cutoff p=942 88.4% (8896 of 10066), ETA 0:00:00                              
[00:00:01] ... finding cutoff p=942 89.4% (9001 of 10066), ETA 0:00:00                              
[00:00:01] ... finding cutoff p=942 90.4% (9097 of 10066), ETA 0:00:00                              
[00:00:01] ... finding cutoff p=942 91.4% (9197 of 10066), ETA 0:00:00                              
[00:00:01] ... finding cutoff p=942 92.4% (9296 of 10066), ETA 0:00:00                              
[00:00:01] ... finding cutoff p=942 93.4% (9398 of 10066), ETA 0:00:00                              
[00:00:01] ... finding cutoff p=942 94.4% (9501 of 10066), ETA 0:00:00                              
[00:00:01] ... finding cutoff p=942 95.3% (9596 of 10066), ETA 0:00:00                              
[00:00:01] ... finding cutoff p=942 96.4% (9699 of 10066), ETA 0:00:00                              
[00:00:01] ... finding cutoff p=942 97.3% (9797 of 10066), ETA 0:00:00                              
[00:00:01] ... finding cutoff p=942 98.3% (9898 of 10066), ETA 0:00:00                              
[00:00:01] ... finding cutoff p=942 99.3% (9999 of 10066), ETA 0:00:00                              
[00:00:01] Preparing TNF Graph Building [pTNF = 94.2; 5270 / 10066 (P = 52.35%) round 18]               
[00:00:01] Finding cutoff p=938 [-97.9Gb / 1007.8Gb]                                                     
[00:00:01] ... finding cutoff p=938 1.6% (163 of 10066), ETA 0:00:00                              
[00:00:01] ... finding cutoff p=938 2.8% (277 of 10066), ETA 0:00:00                              
[00:00:01] ... finding cutoff p=938 3.8% (378 of 10066), ETA 0:00:00                              
[00:00:01] ... finding cutoff p=938 4.7% (474 of 10066), ETA 0:00:00                              
[00:00:01] ... finding cutoff p=938 6.7% (674 of 10066), ETA 0:00:00                              
[00:00:01] ... finding cutoff p=938 8.0% (809 of 10066), ETA 0:00:00                              
[00:00:01] ... finding cutoff p=938 9.0% (910 of 10066), ETA 0:00:00                              
[00:00:01] ... finding cutoff p=938 10.2% (1029 of 10066), ETA 0:00:00                              
[00:00:01] ... finding cutoff p=938 11.4% (1144 of 10066), ETA 0:00:00                              
[00:00:01] ... finding cutoff p=938 12.4% (1247 of 10066), ETA 0:00:00                              
[00:00:01] ... finding cutoff p=938 13.6% (1372 of 10066), ETA 0:00:00                              
[00:00:01] ... finding cutoff p=938 14.5% (1461 of 10066), ETA 0:00:00                              
[00:00:01] ... finding cutoff p=938 15.2% (1528 of 10066), ETA 0:00:00                              
[00:00:01] ... finding cutoff p=938 16.6% (1672 of 10066), ETA 0:00:00                              
[00:00:01] ... finding cutoff p=938 17.4% (1752 of 10066), ETA 0:00:00                              
[00:00:01] ... finding cutoff p=938 18.3% (1844 of 10066), ETA 0:00:00                              
[00:00:01] ... finding cutoff p=938 19.5% (1966 of 10066), ETA 0:00:00                              
[00:00:01] ... finding cutoff p=938 20.4% (2053 of 10066), ETA 0:00:00                              
[00:00:01] ... finding cutoff p=938 21.2% (2139 of 10066), ETA 0:00:00                              
[00:00:01] ... finding cutoff p=938 22.3% (2248 of 10066), ETA 0:00:00                              
[00:00:01] ... finding cutoff p=938 23.7% (2389 of 10066), ETA 0:00:00                              
[00:00:01] ... finding cutoff p=938 24.5% (2466 of 10066), ETA 0:00:00                              
[00:00:01] ... finding cutoff p=938 25.4% (2552 of 10066), ETA 0:00:00                              
[00:00:01] ... finding cutoff p=938 26.5% (2672 of 10066), ETA 0:00:00                              
[00:00:01] ... finding cutoff p=938 27.2% (2742 of 10066), ETA 0:00:00                              
[00:00:01] ... finding cutoff p=938 28.2% (2839 of 10066), ETA 0:00:00                              
[00:00:01] ... finding cutoff p=938 29.6% (2979 of 10066), ETA 0:00:00                              
[00:00:01] ... finding cutoff p=938 30.5% (3072 of 10066), ETA 0:00:00                              
[00:00:01] ... finding cutoff p=938 31.3% (3146 of 10066), ETA 0:00:00                              
[00:00:01] ... finding cutoff p=938 32.2% (3243 of 10066), ETA 0:00:00                              
[00:00:01] ... finding cutoff p=938 33.3% (3356 of 10066), ETA 0:00:00                              
[00:00:01] ... finding cutoff p=938 34.6% (3487 of 10066), ETA 0:00:00                              
[00:00:01] ... finding cutoff p=938 35.3% (3554 of 10066), ETA 0:00:00                              
[00:00:01] ... finding cutoff p=938 36.4% (3669 of 10066), ETA 0:00:00                              
[00:00:01] ... finding cutoff p=938 37.2% (3745 of 10066), ETA 0:00:00                              
[00:00:01] ... finding cutoff p=938 38.5% (3876 of 10066), ETA 0:00:00                              
[00:00:01] ... finding cutoff p=938 39.2% (3949 of 10066), ETA 0:00:00                              
[00:00:01] ... finding cutoff p=938 40.4% (4066 of 10066), ETA 0:00:00                              
[00:00:01] ... finding cutoff p=938 41.7% (4201 of 10066), ETA 0:00:00                              
[00:00:01] ... finding cutoff p=938 42.4% (4268 of 10066), ETA 0:00:00                              
[00:00:01] ... finding cutoff p=938 43.5% (4376 of 10066), ETA 0:00:00                              
[00:00:01] ... finding cutoff p=938 44.6% (4492 of 10066), ETA 0:00:00                              
[00:00:01] ... finding cutoff p=938 45.3% (4559 of 10066), ETA 0:00:00                              
[00:00:01] ... finding cutoff p=938 46.3% (4665 of 10066), ETA 0:00:00                              
[00:00:01] ... finding cutoff p=938 47.4% (4768 of 10066), ETA 0:00:00                              
[00:00:01] ... finding cutoff p=938 48.3% (4865 of 10066), ETA 0:00:00                              
[00:00:01] ... finding cutoff p=938 49.5% (4986 of 10066), ETA 0:00:00                              
[00:00:01] ... finding cutoff p=938 50.2% (5053 of 10066), ETA 0:00:00                              
[00:00:01] ... finding cutoff p=938 51.2% (5155 of 10066), ETA 0:00:00                              
[00:00:01] ... finding cutoff p=938 52.3% (5260 of 10066), ETA 0:00:00                              
[00:00:01] ... finding cutoff p=938 53.5% (5383 of 10066), ETA 0:00:00                              
[00:00:01] ... finding cutoff p=938 54.6% (5499 of 10066), ETA 0:00:00                              
[00:00:01] ... finding cutoff p=938 55.5% (5589 of 10066), ETA 0:00:00                              
[00:00:01] ... finding cutoff p=938 56.7% (5705 of 10066), ETA 0:00:00                              
[00:00:01] ... finding cutoff p=938 57.2% (5757 of 10066), ETA 0:00:00                              
[00:00:01] ... finding cutoff p=938 58.3% (5868 of 10066), ETA 0:00:00                              
[00:00:01] ... finding cutoff p=938 59.4% (5978 of 10066), ETA 0:00:00                              
[00:00:01] ... finding cutoff p=938 60.5% (6091 of 10066), ETA 0:00:00                              
[00:00:01] ... finding cutoff p=938 61.5% (6188 of 10066), ETA 0:00:00                              
[00:00:01] ... finding cutoff p=938 62.4% (6284 of 10066), ETA 0:00:00                              
[00:00:01] ... finding cutoff p=938 63.4% (6381 of 10066), ETA 0:00:00                              
[00:00:01] ... finding cutoff p=938 64.4% (6480 of 10066), ETA 0:00:00                              
[00:00:01] ... finding cutoff p=938 65.4% (6581 of 10066), ETA 0:00:00                              
[00:00:01] ... finding cutoff p=938 66.3% (6672 of 10066), ETA 0:00:00                              
[00:00:01] ... finding cutoff p=938 67.2% (6767 of 10066), ETA 0:00:00                              
[00:00:01] ... finding cutoff p=938 68.5% (6896 of 10066), ETA 0:00:00                              
[00:00:01] ... finding cutoff p=938 69.6% (7002 of 10066), ETA 0:00:00                              
[00:00:01] ... finding cutoff p=938 70.5% (7100 of 10066), ETA 0:00:00                              
[00:00:01] ... finding cutoff p=938 71.5% (7194 of 10066), ETA 0:00:00                              
[00:00:01] ... finding cutoff p=938 72.4% (7289 of 10066), ETA 0:00:00                              
[00:00:01] ... finding cutoff p=938 73.4% (7386 of 10066), ETA 0:00:00                              
[00:00:01] ... finding cutoff p=938 74.3% (7481 of 10066), ETA 0:00:00                              
[00:00:01] ... finding cutoff p=938 75.4% (7590 of 10066), ETA 0:00:00                              
[00:00:01] ... finding cutoff p=938 76.3% (7678 of 10066), ETA 0:00:00                              
[00:00:01] ... finding cutoff p=938 77.5% (7797 of 10066), ETA 0:00:00                              
[00:00:01] ... finding cutoff p=938 78.3% (7885 of 10066), ETA 0:00:00                              
[00:00:01] ... finding cutoff p=938 79.4% (7996 of 10066), ETA 0:00:00                              
[00:00:01] ... finding cutoff p=938 80.4% (8093 of 10066), ETA 0:00:00                              
[00:00:01] ... finding cutoff p=938 81.3% (8183 of 10066), ETA 0:00:00                              
[00:00:01] ... finding cutoff p=938 82.4% (8293 of 10066), ETA 0:00:00                              
[00:00:01] ... finding cutoff p=938 83.4% (8398 of 10066), ETA 0:00:00                              
[00:00:01] ... finding cutoff p=938 84.4% (8491 of 10066), ETA 0:00:00                              
[00:00:01] ... finding cutoff p=938 85.3% (8586 of 10066), ETA 0:00:00                              
[00:00:01] ... finding cutoff p=938 86.3% (8691 of 10066), ETA 0:00:00                              
[00:00:01] ... finding cutoff p=938 87.4% (8801 of 10066), ETA 0:00:00                              
[00:00:01] ... finding cutoff p=938 88.3% (8888 of 10066), ETA 0:00:00                              
[00:00:01] ... finding cutoff p=938 89.4% (8994 of 10066), ETA 0:00:00                              
[00:00:01] ... finding cutoff p=938 90.4% (9103 of 10066), ETA 0:00:00                              
[00:00:01] ... finding cutoff p=938 91.4% (9196 of 10066), ETA 0:00:00                              
[00:00:01] ... finding cutoff p=938 92.4% (9296 of 10066), ETA 0:00:00                              
[00:00:01] ... finding cutoff p=938 93.4% (9402 of 10066), ETA 0:00:00                              
[00:00:01] ... finding cutoff p=938 94.3% (9497 of 10066), ETA 0:00:00                              
[00:00:01] ... finding cutoff p=938 95.3% (9597 of 10066), ETA 0:00:00                              
[00:00:01] ... finding cutoff p=938 96.4% (9699 of 10066), ETA 0:00:00                              
[00:00:01] ... finding cutoff p=938 97.4% (9801 of 10066), ETA 0:00:00                              
[00:00:01] ... finding cutoff p=938 98.4% (9900 of 10066), ETA 0:00:00                              
[00:00:01] ... finding cutoff p=938 99.3% (9999 of 10066), ETA 0:00:00                              
[00:00:01] Preparing TNF Graph Building [pTNF = 93.8; 5530 / 10066 (P = 54.94%) round 19]               
[00:00:01] Finding cutoff p=934 [-97.9Gb / 1007.8Gb]                                                     
[00:00:01] ... finding cutoff p=934 1.6% (159 of 10066), ETA 0:00:00                              
[00:00:01] ... finding cutoff p=934 2.8% (279 of 10066), ETA 0:00:00                              
[00:00:01] ... finding cutoff p=934 3.9% (396 of 10066), ETA 0:00:00                              
[00:00:01] ... finding cutoff p=934 4.8% (485 of 10066), ETA 0:00:00                              
[00:00:01] ... finding cutoff p=934 5.7% (569 of 10066), ETA 0:00:00                              
[00:00:01] ... finding cutoff p=934 6.5% (650 of 10066), ETA 0:00:00                              
[00:00:01] ... finding cutoff p=934 7.5% (752 of 10066), ETA 0:00:00                              
[00:00:01] ... finding cutoff p=934 8.4% (849 of 10066), ETA 0:00:00                              
[00:00:01] ... finding cutoff p=934 9.3% (935 of 10066), ETA 0:00:00                              
[00:00:01] ... finding cutoff p=934 10.4% (1050 of 10066), ETA 0:00:00                              
[00:00:01] ... finding cutoff p=934 11.5% (1160 of 10066), ETA 0:00:00                              
[00:00:01] ... finding cutoff p=934 12.6% (1265 of 10066), ETA 0:00:00                              
[00:00:01] ... finding cutoff p=934 13.5% (1360 of 10066), ETA 0:00:00                              
[00:00:01] ... finding cutoff p=934 14.5% (1463 of 10066), ETA 0:00:00                              
[00:00:01] ... finding cutoff p=934 15.3% (1536 of 10066), ETA 0:00:00                              
[00:00:01] ... finding cutoff p=934 16.6% (1668 of 10066), ETA 0:00:00                              
[00:00:01] ... finding cutoff p=934 17.4% (1749 of 10066), ETA 0:00:00                              
[00:00:01] ... finding cutoff p=934 18.1% (1824 of 10066), ETA 0:00:00                              
[00:00:01] ... finding cutoff p=934 19.3% (1947 of 10066), ETA 0:00:00                              
[00:00:01] ... finding cutoff p=934 20.7% (2083 of 10066), ETA 0:00:00                              
[00:00:01] ... finding cutoff p=934 21.5% (2160 of 10066), ETA 0:00:00                              
[00:00:01] ... finding cutoff p=934 22.3% (2246 of 10066), ETA 0:00:00                              
[00:00:01] ... finding cutoff p=934 23.4% (2360 of 10066), ETA 0:00:00                              
[00:00:01] ... finding cutoff p=934 24.2% (2434 of 10066), ETA 0:00:00                              
[00:00:01] ... finding cutoff p=934 25.4% (2555 of 10066), ETA 0:00:00                              
[00:00:01] ... finding cutoff p=934 26.7% (2689 of 10066), ETA 0:00:00                              
[00:00:01] ... finding cutoff p=934 27.5% (2770 of 10066), ETA 0:00:00                              
[00:00:01] ... finding cutoff p=934 28.6% (2875 of 10066), ETA 0:00:00                              
[00:00:01] ... finding cutoff p=934 29.4% (2963 of 10066), ETA 0:00:00                              
[00:00:01] ... finding cutoff p=934 30.2% (3036 of 10066), ETA 0:00:00                              
[00:00:01] ... finding cutoff p=934 31.3% (3155 of 10066), ETA 0:00:00                              
[00:00:01] ... finding cutoff p=934 32.7% (3291 of 10066), ETA 0:00:00                              
[00:00:01] ... finding cutoff p=934 33.4% (3366 of 10066), ETA 0:00:00                              
[00:00:01] ... finding cutoff p=934 34.2% (3442 of 10066), ETA 0:00:00                              
[00:00:01] ... finding cutoff p=934 35.3% (3550 of 10066), ETA 0:00:00                              
[00:00:01] ... finding cutoff p=934 36.1% (3637 of 10066), ETA 0:00:00                              
[00:00:01] ... finding cutoff p=934 37.4% (3765 of 10066), ETA 0:00:00                              
[00:00:01] ... finding cutoff p=934 38.2% (3844 of 10066), ETA 0:00:00                              
[00:00:01] ... finding cutoff p=934 39.4% (3965 of 10066), ETA 0:00:00                              
[00:00:01] ... finding cutoff p=934 40.7% (4101 of 10066), ETA 0:00:00                              
[00:00:01] ... finding cutoff p=934 41.4% (4171 of 10066), ETA 0:00:00                              
[00:00:01] ... finding cutoff p=934 42.2% (4245 of 10066), ETA 0:00:00                              
[00:00:01] ... finding cutoff p=934 43.3% (4362 of 10066), ETA 0:00:00                              
[00:00:01] ... finding cutoff p=934 44.5% (4480 of 10066), ETA 0:00:00                              
[00:00:01] ... finding cutoff p=934 45.7% (4603 of 10066), ETA 0:00:00                              
[00:00:01] ... finding cutoff p=934 46.4% (4666 of 10066), ETA 0:00:00                              
[00:00:01] ... finding cutoff p=934 47.3% (4763 of 10066), ETA 0:00:00                              
[00:00:01] ... finding cutoff p=934 48.5% (4885 of 10066), ETA 0:00:00                              
[00:00:01] ... finding cutoff p=934 49.2% (4952 of 10066), ETA 0:00:00                              
[00:00:01] ... finding cutoff p=934 50.3% (5065 of 10066), ETA 0:00:00                              
[00:00:01] ... finding cutoff p=934 51.3% (5159 of 10066), ETA 0:00:00                              
[00:00:01] ... finding cutoff p=934 52.2% (5253 of 10066), ETA 0:00:00                              
[00:00:01] ... finding cutoff p=934 53.2% (5355 of 10066), ETA 0:00:00                              
[00:00:01] ... finding cutoff p=934 54.4% (5479 of 10066), ETA 0:00:00                              
[00:00:01] ... finding cutoff p=934 55.3% (5570 of 10066), ETA 0:00:00                              
[00:00:01] ... finding cutoff p=934 56.4% (5673 of 10066), ETA 0:00:00                              
[00:00:01] ... finding cutoff p=934 57.3% (5767 of 10066), ETA 0:00:00                              
[00:00:01] ... finding cutoff p=934 58.4% (5875 of 10066), ETA 0:00:00                              
[00:00:01] ... finding cutoff p=934 59.4% (5983 of 10066), ETA 0:00:00                              
[00:00:01] ... finding cutoff p=934 60.5% (6086 of 10066), ETA 0:00:00                              
[00:00:01] ... finding cutoff p=934 61.5% (6194 of 10066), ETA 0:00:00                              
[00:00:01] ... finding cutoff p=934 62.6% (6299 of 10066), ETA 0:00:00                              
[00:00:01] ... finding cutoff p=934 63.6% (6399 of 10066), ETA 0:00:00                              
[00:00:01] ... finding cutoff p=934 64.5% (6489 of 10066), ETA 0:00:00                              
[00:00:01] ... finding cutoff p=934 65.3% (6577 of 10066), ETA 0:00:00                              
[00:00:01] ... finding cutoff p=934 66.5% (6689 of 10066), ETA 0:00:00                              
[00:00:01] ... finding cutoff p=934 67.5% (6796 of 10066), ETA 0:00:00                              
[00:00:01] ... finding cutoff p=934 68.2% (6870 of 10066), ETA 0:00:00                              
[00:00:01] ... finding cutoff p=934 69.4% (6986 of 10066), ETA 0:00:00                              
[00:00:01] ... finding cutoff p=934 70.4% (7090 of 10066), ETA 0:00:00                              
[00:00:01] ... finding cutoff p=934 71.4% (7187 of 10066), ETA 0:00:00                              
[00:00:01] ... finding cutoff p=934 72.4% (7289 of 10066), ETA 0:00:00                              
[00:00:01] ... finding cutoff p=934 73.3% (7377 of 10066), ETA 0:00:00                              
[00:00:01] ... finding cutoff p=934 74.3% (7479 of 10066), ETA 0:00:00                              
[00:00:01] ... finding cutoff p=934 75.3% (7577 of 10066), ETA 0:00:00                              
[00:00:01] ... finding cutoff p=934 76.3% (7685 of 10066), ETA 0:00:00                              
[00:00:01] ... finding cutoff p=934 77.5% (7802 of 10066), ETA 0:00:00                              
[00:00:01] ... finding cutoff p=934 78.4% (7889 of 10066), ETA 0:00:00                              
[00:00:01] ... finding cutoff p=934 79.3% (7981 of 10066), ETA 0:00:00                              
[00:00:01] ... finding cutoff p=934 80.3% (8085 of 10066), ETA 0:00:00                              
[00:00:01] ... finding cutoff p=934 81.3% (8188 of 10066), ETA 0:00:00                              
[00:00:01] ... finding cutoff p=934 82.3% (8284 of 10066), ETA 0:00:00                              
[00:00:01] ... finding cutoff p=934 83.3% (8385 of 10066), ETA 0:00:00                              
[00:00:01] ... finding cutoff p=934 84.3% (8490 of 10066), ETA 0:00:00                              
[00:00:01] ... finding cutoff p=934 85.4% (8595 of 10066), ETA 0:00:00                              
[00:00:01] ... finding cutoff p=934 86.4% (8697 of 10066), ETA 0:00:00                              
[00:00:01] ... finding cutoff p=934 87.3% (8789 of 10066), ETA 0:00:00                              
[00:00:01] ... finding cutoff p=934 88.3% (8892 of 10066), ETA 0:00:00                              
[00:00:01] ... finding cutoff p=934 89.4% (9000 of 10066), ETA 0:00:00                              
[00:00:01] ... finding cutoff p=934 90.3% (9092 of 10066), ETA 0:00:00                              
[00:00:01] ... finding cutoff p=934 91.4% (9200 of 10066), ETA 0:00:00                              
[00:00:01] ... finding cutoff p=934 92.4% (9298 of 10066), ETA 0:00:00                              
[00:00:01] ... finding cutoff p=934 93.4% (9403 of 10066), ETA 0:00:00                              
[00:00:01] ... finding cutoff p=934 94.4% (9501 of 10066), ETA 0:00:00                              
[00:00:01] ... finding cutoff p=934 95.4% (9601 of 10066), ETA 0:00:00                              
[00:00:01] ... finding cutoff p=934 96.4% (9700 of 10066), ETA 0:00:00                              
[00:00:01] ... finding cutoff p=934 97.3% (9797 of 10066), ETA 0:00:00                              
[00:00:01] ... finding cutoff p=934 98.3% (9898 of 10066), ETA 0:00:00                              
[00:00:01] ... finding cutoff p=934 99.3% (9999 of 10066), ETA 0:00:00                              
[00:00:01] Preparing TNF Graph Building [pTNF = 93.4; 5794 / 10066 (P = 57.56%) round 20]               
[00:00:01] Finding cutoff p=930 [-97.9Gb / 1007.8Gb]                                                     
[00:00:01] ... finding cutoff p=930 1.6% (158 of 10066), ETA 0:00:00                              
[00:00:01] ... finding cutoff p=930 2.8% (277 of 10066), ETA 0:00:00                              
[00:00:01] ... finding cutoff p=930 3.7% (373 of 10066), ETA 0:00:00                              
[00:00:01] ... finding cutoff p=930 4.7% (478 of 10066), ETA 0:00:00                              
[00:00:01] ... finding cutoff p=930 5.6% (562 of 10066), ETA 0:00:00                              
[00:00:01] ... finding cutoff p=930 6.5% (659 of 10066), ETA 0:00:00                              
[00:00:01] ... finding cutoff p=930 7.5% (752 of 10066), ETA 0:00:00                              
[00:00:01] ... finding cutoff p=930 9.5% (954 of 10066), ETA 0:00:00                              
[00:00:01] ... finding cutoff p=930 10.5% (1054 of 10066), ETA 0:00:00                              
[00:00:01] ... finding cutoff p=930 11.6% (1164 of 10066), ETA 0:00:00                              
[00:00:01] ... finding cutoff p=930 12.9% (1296 of 10066), ETA 0:00:00                              
[00:00:01] ... finding cutoff p=930 14.0% (1405 of 10066), ETA 0:00:00                              
[00:00:01] ... finding cutoff p=930 14.9% (1503 of 10066), ETA 0:00:00                              
[00:00:01] ... finding cutoff p=930 15.7% (1581 of 10066), ETA 0:00:00                              
[00:00:01] ... finding cutoff p=930 16.5% (1661 of 10066), ETA 0:00:00                              
[00:00:01] ... finding cutoff p=930 17.1% (1720 of 10066), ETA 0:00:00                              
[00:00:01] ... finding cutoff p=930 18.3% (1840 of 10066), ETA 0:00:00                              
[00:00:01] ... finding cutoff p=930 19.2% (1929 of 10066), ETA 0:00:00                              
[00:00:01] ... finding cutoff p=930 20.5% (2059 of 10066), ETA 0:00:00                              
[00:00:01] ... finding cutoff p=930 21.1% (2128 of 10066), ETA 0:00:00                              
[00:00:01] ... finding cutoff p=930 22.5% (2265 of 10066), ETA 0:00:00                              
[00:00:01] ... finding cutoff p=930 23.3% (2345 of 10066), ETA 0:00:00                              
[00:00:01] ... finding cutoff p=930 24.5% (2470 of 10066), ETA 0:00:00                              
[00:00:01] ... finding cutoff p=930 25.3% (2549 of 10066), ETA 0:00:00                              
[00:00:01] ... finding cutoff p=930 26.2% (2636 of 10066), ETA 0:00:00                              
[00:00:01] ... finding cutoff p=930 27.3% (2751 of 10066), ETA 0:00:00                              
[00:00:01] ... finding cutoff p=930 28.1% (2831 of 10066), ETA 0:00:00                              
[00:00:01] ... finding cutoff p=930 29.3% (2947 of 10066), ETA 0:00:00                              
[00:00:01] ... finding cutoff p=930 30.1% (3031 of 10066), ETA 0:00:00                              
[00:00:01] ... finding cutoff p=930 31.5% (3174 of 10066), ETA 0:00:00                              
[00:00:01] ... finding cutoff p=930 32.3% (3252 of 10066), ETA 0:00:00                              
[00:00:01] ... finding cutoff p=930 33.5% (3369 of 10066), ETA 0:00:00                              
[00:00:01] ... finding cutoff p=930 34.2% (3446 of 10066), ETA 0:00:00                              
[00:00:01] ... finding cutoff p=930 35.5% (3575 of 10066), ETA 0:00:00                              
[00:00:01] ... finding cutoff p=930 36.4% (3662 of 10066), ETA 0:00:00                              
[00:00:01] ... finding cutoff p=930 37.3% (3756 of 10066), ETA 0:00:00                              
[00:00:01] ... finding cutoff p=930 38.4% (3864 of 10066), ETA 0:00:00                              
[00:00:01] ... finding cutoff p=930 39.2% (3950 of 10066), ETA 0:00:00                              
[00:00:01] ... finding cutoff p=930 40.4% (4067 of 10066), ETA 0:00:00                              
[00:00:01] ... finding cutoff p=930 41.8% (4205 of 10066), ETA 0:00:00                              
[00:00:01] ... finding cutoff p=930 42.4% (4268 of 10066), ETA 0:00:00                              
[00:00:01] ... finding cutoff p=930 43.6% (4390 of 10066), ETA 0:00:00                              
[00:00:01] ... finding cutoff p=930 44.3% (4464 of 10066), ETA 0:00:00                              
[00:00:01] ... finding cutoff p=930 45.5% (4583 of 10066), ETA 0:00:00                              
[00:00:01] ... finding cutoff p=930 46.5% (4681 of 10066), ETA 0:00:00                              
[00:00:01] ... finding cutoff p=930 47.2% (4750 of 10066), ETA 0:00:00                              
[00:00:01] ... finding cutoff p=930 48.2% (4856 of 10066), ETA 0:00:00                              
[00:00:01] ... finding cutoff p=930 49.4% (4970 of 10066), ETA 0:00:00                              
[00:00:01] ... finding cutoff p=930 50.6% (5092 of 10066), ETA 0:00:00                              
[00:00:01] ... finding cutoff p=930 51.6% (5191 of 10066), ETA 0:00:00                              
[00:00:01] ... finding cutoff p=930 52.5% (5281 of 10066), ETA 0:00:00                              
[00:00:01] ... finding cutoff p=930 53.4% (5379 of 10066), ETA 0:00:00                              
[00:00:01] ... finding cutoff p=930 54.3% (5465 of 10066), ETA 0:00:00                              
[00:00:01] ... finding cutoff p=930 55.3% (5567 of 10066), ETA 0:00:00                              
[00:00:01] ... finding cutoff p=930 56.3% (5667 of 10066), ETA 0:00:00                              
[00:00:01] ... finding cutoff p=930 57.3% (5768 of 10066), ETA 0:00:00                              
[00:00:01] ... finding cutoff p=930 58.2% (5863 of 10066), ETA 0:00:00                              
[00:00:01] ... finding cutoff p=930 59.5% (5987 of 10066), ETA 0:00:00                              
[00:00:01] ... finding cutoff p=930 60.6% (6099 of 10066), ETA 0:00:00                              
[00:00:01] ... finding cutoff p=930 61.5% (6195 of 10066), ETA 0:00:00                              
[00:00:01] ... finding cutoff p=930 62.5% (6290 of 10066), ETA 0:00:00                              
[00:00:01] ... finding cutoff p=930 63.5% (6387 of 10066), ETA 0:00:00                              
[00:00:01] ... finding cutoff p=930 64.4% (6481 of 10066), ETA 0:00:00                              
[00:00:01] ... finding cutoff p=930 65.3% (6570 of 10066), ETA 0:00:00                              
[00:00:01] ... finding cutoff p=930 66.4% (6684 of 10066), ETA 0:00:00                              
[00:00:01] ... finding cutoff p=930 67.4% (6787 of 10066), ETA 0:00:00                              
[00:00:01] ... finding cutoff p=930 68.3% (6872 of 10066), ETA 0:00:00                              
[00:00:01] ... finding cutoff p=930 69.4% (6989 of 10066), ETA 0:00:00                              
[00:00:01] ... finding cutoff p=930 70.3% (7077 of 10066), ETA 0:00:00                              
[00:00:01] ... finding cutoff p=930 71.3% (7180 of 10066), ETA 0:00:00                              
[00:00:01] ... finding cutoff p=930 72.3% (7278 of 10066), ETA 0:00:00                              
[00:00:01] ... finding cutoff p=930 73.3% (7382 of 10066), ETA 0:00:00                              
[00:00:01] ... finding cutoff p=930 74.4% (7487 of 10066), ETA 0:00:00                              
[00:00:01] ... finding cutoff p=930 75.4% (7594 of 10066), ETA 0:00:00                              
[00:00:01] ... finding cutoff p=930 76.4% (7695 of 10066), ETA 0:00:00                              
[00:00:01] ... finding cutoff p=930 77.3% (7783 of 10066), ETA 0:00:00                              
[00:00:01] ... finding cutoff p=930 78.4% (7894 of 10066), ETA 0:00:00                              
[00:00:01] ... finding cutoff p=930 79.3% (7985 of 10066), ETA 0:00:00                              
[00:00:01] ... finding cutoff p=930 80.4% (8094 of 10066), ETA 0:00:00                              
[00:00:01] ... finding cutoff p=930 81.4% (8193 of 10066), ETA 0:00:00                              
[00:00:01] ... finding cutoff p=930 82.4% (8292 of 10066), ETA 0:00:00                              
[00:00:01] ... finding cutoff p=930 83.4% (8395 of 10066), ETA 0:00:00                              
[00:00:01] ... finding cutoff p=930 84.4% (8495 of 10066), ETA 0:00:00                              
[00:00:01] ... finding cutoff p=930 85.4% (8599 of 10066), ETA 0:00:00                              
[00:00:01] ... finding cutoff p=930 86.4% (8699 of 10066), ETA 0:00:00                              
[00:00:01] ... finding cutoff p=930 87.4% (8795 of 10066), ETA 0:00:00                              
[00:00:01] ... finding cutoff p=930 88.4% (8895 of 10066), ETA 0:00:00                              
[00:00:01] ... finding cutoff p=930 89.3% (8990 of 10066), ETA 0:00:00                              
[00:00:01] ... finding cutoff p=930 90.3% (9093 of 10066), ETA 0:00:00                              
[00:00:01] ... finding cutoff p=930 91.4% (9201 of 10066), ETA 0:00:00                              
[00:00:01] ... finding cutoff p=930 92.4% (9296 of 10066), ETA 0:00:00                              
[00:00:01] ... finding cutoff p=930 93.3% (9395 of 10066), ETA 0:00:00                              
[00:00:01] ... finding cutoff p=930 94.4% (9500 of 10066), ETA 0:00:00                              
[00:00:01] ... finding cutoff p=930 95.4% (9602 of 10066), ETA 0:00:00                              
[00:00:01] ... finding cutoff p=930 96.3% (9697 of 10066), ETA 0:00:00                              
[00:00:01] ... finding cutoff p=930 97.4% (9800 of 10066), ETA 0:00:00                              
[00:00:01] ... finding cutoff p=930 98.3% (9899 of 10066), ETA 0:00:00                              
[00:00:01] ... finding cutoff p=930 99.3% (9999 of 10066), ETA 0:00:00                              
[00:00:01] Preparing TNF Graph Building [pTNF = 93.0; 6017 / 10066 (P = 59.78%) round 21]               
[00:00:01] Finding cutoff p=926 [-97.9Gb / 1007.8Gb]                                                     
[00:00:01] ... finding cutoff p=926 1.6% (158 of 10066), ETA 0:00:00                              
[00:00:01] ... finding cutoff p=926 2.9% (287 of 10066), ETA 0:00:00                              
[00:00:01] ... finding cutoff p=926 3.9% (390 of 10066), ETA 0:00:00                              
[00:00:01] ... finding cutoff p=926 4.7% (474 of 10066), ETA 0:00:00                              
[00:00:01] ... finding cutoff p=926 5.7% (569 of 10066), ETA 0:00:00                              
[00:00:01] ... finding cutoff p=926 6.5% (654 of 10066), ETA 0:00:00                              
[00:00:01] ... finding cutoff p=926 7.5% (752 of 10066), ETA 0:00:00                              
[00:00:01] ... finding cutoff p=926 8.4% (849 of 10066), ETA 0:00:00                              
[00:00:01] ... finding cutoff p=926 9.4% (949 of 10066), ETA 0:00:00                              
[00:00:01] ... finding cutoff p=926 10.3% (1038 of 10066), ETA 0:00:00                              
[00:00:01] ... finding cutoff p=926 11.2% (1132 of 10066), ETA 0:00:00                              
[00:00:01] ... finding cutoff p=926 12.3% (1243 of 10066), ETA 0:00:00                              
[00:00:01] ... finding cutoff p=926 13.4% (1346 of 10066), ETA 0:00:00                              
[00:00:01] ... finding cutoff p=926 14.8% (1485 of 10066), ETA 0:00:00                              
[00:00:01] ... finding cutoff p=926 15.5% (1556 of 10066), ETA 0:00:00                              
[00:00:01] ... finding cutoff p=926 16.1% (1623 of 10066), ETA 0:00:00                              
[00:00:01] ... finding cutoff p=926 17.4% (1751 of 10066), ETA 0:00:00                              
[00:00:01] ... finding cutoff p=926 18.4% (1849 of 10066), ETA 0:00:00                              
[00:00:01] ... finding cutoff p=926 19.2% (1934 of 10066), ETA 0:00:00                              
[00:00:01] ... finding cutoff p=926 20.4% (2054 of 10066), ETA 0:00:00                              
[00:00:01] ... finding cutoff p=926 21.1% (2127 of 10066), ETA 0:00:00                              
[00:00:01] ... finding cutoff p=926 22.5% (2263 of 10066), ETA 0:00:00                              
[00:00:01] ... finding cutoff p=926 23.2% (2340 of 10066), ETA 0:00:00                              
[00:00:01] ... finding cutoff p=926 24.6% (2481 of 10066), ETA 0:00:00                              
[00:00:01] ... finding cutoff p=926 25.4% (2556 of 10066), ETA 0:00:00                              
[00:00:01] ... finding cutoff p=926 26.1% (2629 of 10066), ETA 0:00:00                              
[00:00:01] ... finding cutoff p=926 27.3% (2747 of 10066), ETA 0:00:00                              
[00:00:01] ... finding cutoff p=926 28.4% (2863 of 10066), ETA 0:00:00                              
[00:00:01] ... finding cutoff p=926 29.3% (2945 of 10066), ETA 0:00:00                              
[00:00:01] ... finding cutoff p=926 30.7% (3092 of 10066), ETA 0:00:00                              
[00:00:01] ... finding cutoff p=926 31.4% (3161 of 10066), ETA 0:00:00                              
[00:00:01] ... finding cutoff p=926 32.1% (3233 of 10066), ETA 0:00:00                              
[00:00:01] ... finding cutoff p=926 33.2% (3345 of 10066), ETA 0:00:00                              
[00:00:01] ... finding cutoff p=926 34.6% (3480 of 10066), ETA 0:00:00                              
[00:00:01] ... finding cutoff p=926 35.3% (3552 of 10066), ETA 0:00:00                              
[00:00:01] ... finding cutoff p=926 36.4% (3663 of 10066), ETA 0:00:00                              
[00:00:01] ... finding cutoff p=926 37.2% (3740 of 10066), ETA 0:00:00                              
[00:00:01] ... finding cutoff p=926 38.4% (3865 of 10066), ETA 0:00:00                              
[00:00:01] ... finding cutoff p=926 39.8% (4003 of 10066), ETA 0:00:00                              
[00:00:01] ... finding cutoff p=926 40.6% (4091 of 10066), ETA 0:00:00                              
[00:00:01] ... finding cutoff p=926 41.4% (4166 of 10066), ETA 0:00:00                              
[00:00:01] ... finding cutoff p=926 42.5% (4283 of 10066), ETA 0:00:00                              
[00:00:01] ... finding cutoff p=926 43.2% (4347 of 10066), ETA 0:00:00                              
[00:00:01] ... finding cutoff p=926 44.2% (4447 of 10066), ETA 0:00:00                              
[00:00:01] ... finding cutoff p=926 45.4% (4572 of 10066), ETA 0:00:00                              
[00:00:01] ... finding cutoff p=926 46.6% (4686 of 10066), ETA 0:00:00                              
[00:00:01] ... finding cutoff p=926 47.6% (4793 of 10066), ETA 0:00:00                              
[00:00:01] ... finding cutoff p=926 48.4% (4873 of 10066), ETA 0:00:00                              
[00:00:01] ... finding cutoff p=926 49.5% (4985 of 10066), ETA 0:00:00                              
[00:00:01] ... finding cutoff p=926 50.7% (5099 of 10066), ETA 0:00:00                              
[00:00:01] ... finding cutoff p=926 51.2% (5152 of 10066), ETA 0:00:00                              
[00:00:01] ... finding cutoff p=926 52.4% (5271 of 10066), ETA 0:00:00                              
[00:00:01] ... finding cutoff p=926 53.5% (5387 of 10066), ETA 0:00:00                              
[00:00:01] ... finding cutoff p=926 54.4% (5475 of 10066), ETA 0:00:00                              
[00:00:01] ... finding cutoff p=926 55.3% (5569 of 10066), ETA 0:00:00                              
[00:00:01] ... finding cutoff p=926 56.3% (5667 of 10066), ETA 0:00:00                              
[00:00:01] ... finding cutoff p=926 57.5% (5784 of 10066), ETA 0:00:00                              
[00:00:01] ... finding cutoff p=926 58.7% (5907 of 10066), ETA 0:00:00                              
[00:00:01] ... finding cutoff p=926 59.3% (5970 of 10066), ETA 0:00:00                              
[00:00:01] ... finding cutoff p=926 60.5% (6092 of 10066), ETA 0:00:00                              
[00:00:01] ... finding cutoff p=926 61.6% (6199 of 10066), ETA 0:00:00                              
[00:00:01] ... finding cutoff p=926 62.5% (6294 of 10066), ETA 0:00:00                              
[00:00:01] ... finding cutoff p=926 63.4% (6379 of 10066), ETA 0:00:00                              
[00:00:01] ... finding cutoff p=926 64.3% (6476 of 10066), ETA 0:00:00                              
[00:00:01] ... finding cutoff p=926 65.5% (6589 of 10066), ETA 0:00:00                              
[00:00:01] ... finding cutoff p=926 66.5% (6689 of 10066), ETA 0:00:00                              
[00:00:01] ... finding cutoff p=926 67.5% (6790 of 10066), ETA 0:00:00                              
[00:00:01] ... finding cutoff p=926 68.3% (6876 of 10066), ETA 0:00:00                              
[00:00:01] ... finding cutoff p=926 69.3% (6971 of 10066), ETA 0:00:00                              
[00:00:01] ... finding cutoff p=926 70.6% (7102 of 10066), ETA 0:00:00                              
[00:00:01] ... finding cutoff p=926 71.5% (7200 of 10066), ETA 0:00:00                              
[00:00:01] ... finding cutoff p=926 72.3% (7276 of 10066), ETA 0:00:00                              
[00:00:01] ... finding cutoff p=926 73.3% (7377 of 10066), ETA 0:00:00                              
[00:00:01] ... finding cutoff p=926 74.5% (7497 of 10066), ETA 0:00:00                              
[00:00:01] ... finding cutoff p=926 75.4% (7585 of 10066), ETA 0:00:00                              
[00:00:01] ... finding cutoff p=926 76.3% (7683 of 10066), ETA 0:00:00                              
[00:00:01] ... finding cutoff p=926 77.5% (7799 of 10066), ETA 0:00:00                              
[00:00:01] ... finding cutoff p=926 78.4% (7889 of 10066), ETA 0:00:00                              
[00:00:01] ... finding cutoff p=926 79.3% (7984 of 10066), ETA 0:00:00                              
[00:00:01] ... finding cutoff p=926 80.4% (8090 of 10066), ETA 0:00:00                              
[00:00:01] ... finding cutoff p=926 81.3% (8187 of 10066), ETA 0:00:00                              
[00:00:01] ... finding cutoff p=926 82.3% (8288 of 10066), ETA 0:00:00                              
[00:00:01] ... finding cutoff p=926 83.3% (8390 of 10066), ETA 0:00:00                              
[00:00:01] ... finding cutoff p=926 84.4% (8498 of 10066), ETA 0:00:00                              
[00:00:01] ... finding cutoff p=926 85.3% (8587 of 10066), ETA 0:00:00                              
[00:00:01] ... finding cutoff p=926 86.3% (8691 of 10066), ETA 0:00:00                              
[00:00:01] ... finding cutoff p=926 87.4% (8801 of 10066), ETA 0:00:00                              
[00:00:01] ... finding cutoff p=926 88.3% (8890 of 10066), ETA 0:00:00                              
[00:00:01] ... finding cutoff p=926 89.4% (8996 of 10066), ETA 0:00:00                              
[00:00:01] ... finding cutoff p=926 90.3% (9091 of 10066), ETA 0:00:00                              
[00:00:01] ... finding cutoff p=926 91.3% (9191 of 10066), ETA 0:00:00                              
[00:00:01] ... finding cutoff p=926 92.3% (9293 of 10066), ETA 0:00:00                              
[00:00:01] ... finding cutoff p=926 93.4% (9399 of 10066), ETA 0:00:00                              
[00:00:01] ... finding cutoff p=926 94.3% (9497 of 10066), ETA 0:00:00                              
[00:00:01] ... finding cutoff p=926 95.3% (9596 of 10066), ETA 0:00:00                              
[00:00:01] ... finding cutoff p=926 96.3% (9698 of 10066), ETA 0:00:00                              
[00:00:01] ... finding cutoff p=926 97.4% (9800 of 10066), ETA 0:00:00                              
[00:00:01] ... finding cutoff p=926 98.3% (9899 of 10066), ETA 0:00:00                              
[00:00:01] ... finding cutoff p=926 99.3% (9999 of 10066), ETA 0:00:00                              
[00:00:01] Preparing TNF Graph Building [pTNF = 92.6; 6232 / 10066 (P = 61.91%) round 22]               
[00:00:01] Finding cutoff p=921 [-97.9Gb / 1007.8Gb]                                                     
[00:00:01] ... finding cutoff p=921 1.5% (154 of 10066), ETA 0:00:00                              
[00:00:01] ... finding cutoff p=921 2.6% (266 of 10066), ETA 0:00:00                              
[00:00:01] ... finding cutoff p=921 3.6% (361 of 10066), ETA 0:00:00                              
[00:00:01] ... finding cutoff p=921 4.5% (451 of 10066), ETA 0:00:00                              
[00:00:01] ... finding cutoff p=921 5.3% (538 of 10066), ETA 0:00:00                              
[00:00:01] ... finding cutoff p=921 6.2% (623 of 10066), ETA 0:00:00                              
[00:00:01] ... finding cutoff p=921 7.2% (722 of 10066), ETA 0:00:00                              
[00:00:01] ... finding cutoff p=921 8.2% (825 of 10066), ETA 0:00:00                              
[00:00:01] ... finding cutoff p=921 9.7% (977 of 10066), ETA 0:00:00                              
[00:00:01] ... finding cutoff p=921 12.1% (1215 of 10066), ETA 0:00:00                              
[00:00:01] ... finding cutoff p=921 13.1% (1322 of 10066), ETA 0:00:00                              
[00:00:01] ... finding cutoff p=921 14.3% (1440 of 10066), ETA 0:00:00                              
[00:00:01] ... finding cutoff p=921 15.1% (1519 of 10066), ETA 0:00:00                              
[00:00:01] ... finding cutoff p=921 16.2% (1635 of 10066), ETA 0:00:00                              
[00:00:01] ... finding cutoff p=921 17.6% (1775 of 10066), ETA 0:00:00                              
[00:00:01] ... finding cutoff p=921 18.5% (1866 of 10066), ETA 0:00:00                              
[00:00:01] ... finding cutoff p=921 19.3% (1943 of 10066), ETA 0:00:00                              
[00:00:01] ... finding cutoff p=921 20.5% (2060 of 10066), ETA 0:00:00                              
[00:00:01] ... finding cutoff p=921 21.2% (2137 of 10066), ETA 0:00:00                              
[00:00:01] ... finding cutoff p=921 22.6% (2273 of 10066), ETA 0:00:00                              
[00:00:01] ... finding cutoff p=921 23.3% (2344 of 10066), ETA 0:00:00                              
[00:00:01] ... finding cutoff p=921 24.2% (2437 of 10066), ETA 0:00:00                              
[00:00:01] ... finding cutoff p=921 25.5% (2562 of 10066), ETA 0:00:00                              
[00:00:01] ... finding cutoff p=921 26.1% (2629 of 10066), ETA 0:00:00                              
[00:00:01] ... finding cutoff p=921 27.2% (2740 of 10066), ETA 0:00:00                              
[00:00:01] ... finding cutoff p=921 28.5% (2871 of 10066), ETA 0:00:00                              
[00:00:01] ... finding cutoff p=921 29.4% (2963 of 10066), ETA 0:00:00                              
[00:00:01] ... finding cutoff p=921 30.3% (3048 of 10066), ETA 0:00:00                              
[00:00:01] ... finding cutoff p=921 31.5% (3168 of 10066), ETA 0:00:00                              
[00:00:01] ... finding cutoff p=921 32.3% (3254 of 10066), ETA 0:00:00                              
[00:00:01] ... finding cutoff p=921 33.6% (3381 of 10066), ETA 0:00:00                              
[00:00:01] ... finding cutoff p=921 34.2% (3441 of 10066), ETA 0:00:00                              
[00:00:01] ... finding cutoff p=921 35.4% (3565 of 10066), ETA 0:00:00                              
[00:00:01] ... finding cutoff p=921 36.2% (3648 of 10066), ETA 0:00:00                              
[00:00:01] ... finding cutoff p=921 37.4% (3767 of 10066), ETA 0:00:00                              
[00:00:01] ... finding cutoff p=921 38.3% (3854 of 10066), ETA 0:00:00                              
[00:00:01] ... finding cutoff p=921 39.5% (3973 of 10066), ETA 0:00:00                              
[00:00:01] ... finding cutoff p=921 40.2% (4042 of 10066), ETA 0:00:00                              
[00:00:01] ... finding cutoff p=921 41.4% (4171 of 10066), ETA 0:00:00                              
[00:00:01] ... finding cutoff p=921 42.2% (4243 of 10066), ETA 0:00:00                              
[00:00:01] ... finding cutoff p=921 43.2% (4349 of 10066), ETA 0:00:00                              
[00:00:01] ... finding cutoff p=921 44.6% (4485 of 10066), ETA 0:00:00                              
[00:00:01] ... finding cutoff p=921 45.8% (4607 of 10066), ETA 0:00:00                              
[00:00:01] ... finding cutoff p=921 46.4% (4675 of 10066), ETA 0:00:00                              
[00:00:01] ... finding cutoff p=921 47.5% (4785 of 10066), ETA 0:00:00                              
[00:00:01] ... finding cutoff p=921 48.2% (4849 of 10066), ETA 0:00:00                              
[00:00:01] ... finding cutoff p=921 49.3% (4966 of 10066), ETA 0:00:00                              
[00:00:01] ... finding cutoff p=921 50.5% (5081 of 10066), ETA 0:00:00                              
[00:00:01] ... finding cutoff p=921 51.5% (5182 of 10066), ETA 0:00:00                              
[00:00:01] ... finding cutoff p=921 52.5% (5283 of 10066), ETA 0:00:00                              
[00:00:01] ... finding cutoff p=921 53.3% (5361 of 10066), ETA 0:00:00                              
[00:00:01] ... finding cutoff p=921 54.2% (5455 of 10066), ETA 0:00:00                              
[00:00:01] ... finding cutoff p=921 55.2% (5555 of 10066), ETA 0:00:00                              
[00:00:01] ... finding cutoff p=921 56.5% (5683 of 10066), ETA 0:00:00                              
[00:00:01] ... finding cutoff p=921 57.4% (5782 of 10066), ETA 0:00:00                              
[00:00:01] ... finding cutoff p=921 58.4% (5879 of 10066), ETA 0:00:00                              
[00:00:01] ... finding cutoff p=921 59.4% (5978 of 10066), ETA 0:00:00                              
[00:00:01] ... finding cutoff p=921 60.2% (6064 of 10066), ETA 0:00:00                              
[00:00:01] ... finding cutoff p=921 61.3% (6171 of 10066), ETA 0:00:00                              
[00:00:01] ... finding cutoff p=921 62.3% (6276 of 10066), ETA 0:00:00                              
[00:00:01] ... finding cutoff p=921 63.4% (6377 of 10066), ETA 0:00:00                              
[00:00:01] ... finding cutoff p=921 64.5% (6494 of 10066), ETA 0:00:00                              
[00:00:01] ... finding cutoff p=921 65.4% (6588 of 10066), ETA 0:00:00                              
[00:00:01] ... finding cutoff p=921 66.2% (6668 of 10066), ETA 0:00:00                              
[00:00:01] ... finding cutoff p=921 67.3% (6779 of 10066), ETA 0:00:00                              
[00:00:01] ... finding cutoff p=921 68.4% (6881 of 10066), ETA 0:00:00                              
[00:00:01] ... finding cutoff p=921 69.3% (6972 of 10066), ETA 0:00:00                              
[00:00:01] ... finding cutoff p=921 70.4% (7086 of 10066), ETA 0:00:00                              
[00:00:01] ... finding cutoff p=921 71.4% (7189 of 10066), ETA 0:00:00                              
[00:00:01] ... finding cutoff p=921 72.5% (7297 of 10066), ETA 0:00:00                              
[00:00:01] ... finding cutoff p=921 73.4% (7391 of 10066), ETA 0:00:00                              
[00:00:01] ... finding cutoff p=921 74.3% (7481 of 10066), ETA 0:00:00                              
[00:00:01] ... finding cutoff p=921 75.4% (7592 of 10066), ETA 0:00:00                              
[00:00:01] ... finding cutoff p=921 76.4% (7688 of 10066), ETA 0:00:00                              
[00:00:01] ... finding cutoff p=921 77.4% (7794 of 10066), ETA 0:00:00                              
[00:00:01] ... finding cutoff p=921 78.3% (7879 of 10066), ETA 0:00:00                              
[00:00:01] ... finding cutoff p=921 79.4% (7990 of 10066), ETA 0:00:00                              
[00:00:01] ... finding cutoff p=921 80.4% (8093 of 10066), ETA 0:00:00                              
[00:00:01] ... finding cutoff p=921 81.3% (8188 of 10066), ETA 0:00:00                              
[00:00:01] ... finding cutoff p=921 82.4% (8295 of 10066), ETA 0:00:00                              
[00:00:01] ... finding cutoff p=921 83.4% (8394 of 10066), ETA 0:00:00                              
[00:00:01] ... finding cutoff p=921 84.3% (8484 of 10066), ETA 0:00:00                              
[00:00:01] ... finding cutoff p=921 85.4% (8598 of 10066), ETA 0:00:00                              
[00:00:01] ... finding cutoff p=921 86.3% (8686 of 10066), ETA 0:00:00                              
[00:00:01] ... finding cutoff p=921 87.5% (8803 of 10066), ETA 0:00:00                              
[00:00:01] ... finding cutoff p=921 88.4% (8896 of 10066), ETA 0:00:00                              
[00:00:01] ... finding cutoff p=921 89.3% (8990 of 10066), ETA 0:00:00                              
[00:00:01] ... finding cutoff p=921 90.4% (9099 of 10066), ETA 0:00:00                              
[00:00:01] ... finding cutoff p=921 91.3% (9192 of 10066), ETA 0:00:00                              
[00:00:01] ... finding cutoff p=921 92.3% (9294 of 10066), ETA 0:00:00                              
[00:00:01] ... finding cutoff p=921 93.3% (9394 of 10066), ETA 0:00:00                              
[00:00:01] ... finding cutoff p=921 94.3% (9497 of 10066), ETA 0:00:00                              
[00:00:01] ... finding cutoff p=921 95.4% (9599 of 10066), ETA 0:00:00                              
[00:00:01] ... finding cutoff p=921 96.4% (9700 of 10066), ETA 0:00:00                              
[00:00:01] ... finding cutoff p=921 97.3% (9798 of 10066), ETA 0:00:00                              
[00:00:01] ... finding cutoff p=921 98.3% (9898 of 10066), ETA 0:00:00                              
[00:00:01] ... finding cutoff p=921 99.3% (9999 of 10066), ETA 0:00:00                              
[00:00:01] Preparing TNF Graph Building [pTNF = 92.1; 6506 / 10066 (P = 64.63%) round 23]               
[00:00:01] Finding cutoff p=916 [-97.9Gb / 1007.8Gb]                                                     
[00:00:01] ... finding cutoff p=916 1.6% (158 of 10066), ETA 0:00:00                              
[00:00:01] ... finding cutoff p=916 2.7% (276 of 10066), ETA 0:00:00                              
[00:00:01] ... finding cutoff p=916 3.7% (376 of 10066), ETA 0:00:00                              
[00:00:01] ... finding cutoff p=916 4.7% (472 of 10066), ETA 0:00:00                              
[00:00:01] ... finding cutoff p=916 5.4% (547 of 10066), ETA 0:00:00                              
[00:00:01] ... finding cutoff p=916 6.3% (637 of 10066), ETA 0:00:00                              
[00:00:01] ... finding cutoff p=916 7.3% (733 of 10066), ETA 0:00:00                              
[00:00:01] ... finding cutoff p=916 8.2% (828 of 10066), ETA 0:00:00                              
[00:00:01] ... finding cutoff p=916 9.1% (912 of 10066), ETA 0:00:00                              
[00:00:01] ... finding cutoff p=916 10.7% (1076 of 10066), ETA 0:00:00                              
[00:00:01] ... finding cutoff p=916 11.6% (1165 of 10066), ETA 0:00:00                              
[00:00:01] ... finding cutoff p=916 12.9% (1294 of 10066), ETA 0:00:00                              
[00:00:01] ... finding cutoff p=916 13.9% (1404 of 10066), ETA 0:00:00                              
[00:00:01] ... finding cutoff p=916 15.1% (1515 of 10066), ETA 0:00:00                              
[00:00:01] ... finding cutoff p=916 16.5% (1658 of 10066), ETA 0:00:00                              
[00:00:01] ... finding cutoff p=916 17.4% (1752 of 10066), ETA 0:00:00                              
[00:00:01] ... finding cutoff p=916 18.2% (1831 of 10066), ETA 0:00:00                              
[00:00:01] ... finding cutoff p=916 19.6% (1972 of 10066), ETA 0:00:00                              
[00:00:01] ... finding cutoff p=916 20.2% (2035 of 10066), ETA 0:00:00                              
[00:00:01] ... finding cutoff p=916 21.5% (2162 of 10066), ETA 0:00:00                              
[00:00:01] ... finding cutoff p=916 22.2% (2236 of 10066), ETA 0:00:00                              
[00:00:01] ... finding cutoff p=916 23.3% (2345 of 10066), ETA 0:00:00                              
[00:00:01] ... finding cutoff p=916 24.3% (2444 of 10066), ETA 0:00:00                              
[00:00:01] ... finding cutoff p=916 25.7% (2590 of 10066), ETA 0:00:00                              
[00:00:01] ... finding cutoff p=916 26.4% (2657 of 10066), ETA 0:00:00                              
[00:00:01] ... finding cutoff p=916 27.2% (2741 of 10066), ETA 0:00:00                              
[00:00:01] ... finding cutoff p=916 28.5% (2871 of 10066), ETA 0:00:00                              
[00:00:01] ... finding cutoff p=916 29.2% (2937 of 10066), ETA 0:00:00                              
[00:00:01] ... finding cutoff p=916 30.5% (3075 of 10066), ETA 0:00:00                              
[00:00:01] ... finding cutoff p=916 31.4% (3156 of 10066), ETA 0:00:00                              
[00:00:01] ... finding cutoff p=916 32.4% (3259 of 10066), ETA 0:00:00                              
[00:00:01] ... finding cutoff p=916 33.5% (3371 of 10066), ETA 0:00:00                              
[00:00:01] ... finding cutoff p=916 34.8% (3508 of 10066), ETA 0:00:00                              
[00:00:01] ... finding cutoff p=916 35.6% (3579 of 10066), ETA 0:00:00                              
[00:00:01] ... finding cutoff p=916 36.2% (3641 of 10066), ETA 0:00:00                              
[00:00:01] ... finding cutoff p=916 37.4% (3767 of 10066), ETA 0:00:00                              
[00:00:01] ... finding cutoff p=916 38.2% (3843 of 10066), ETA 0:00:00                              
[00:00:01] ... finding cutoff p=916 39.4% (3968 of 10066), ETA 0:00:00                              
[00:00:01] ... finding cutoff p=916 40.2% (4045 of 10066), ETA 0:00:00                              
[00:00:01] ... finding cutoff p=916 41.3% (4160 of 10066), ETA 0:00:00                              
[00:00:01] ... finding cutoff p=916 42.6% (4285 of 10066), ETA 0:00:00                              
[00:00:01] ... finding cutoff p=916 43.3% (4360 of 10066), ETA 0:00:00                              
[00:00:01] ... finding cutoff p=916 44.4% (4467 of 10066), ETA 0:00:00                              
[00:00:01] ... finding cutoff p=916 45.5% (4582 of 10066), ETA 0:00:00                              
[00:00:01] ... finding cutoff p=916 46.7% (4698 of 10066), ETA 0:00:00                              
[00:00:01] ... finding cutoff p=916 47.2% (4753 of 10066), ETA 0:00:00                              
[00:00:01] ... finding cutoff p=916 48.3% (4862 of 10066), ETA 0:00:00                              
[00:00:01] ... finding cutoff p=916 49.6% (4993 of 10066), ETA 0:00:00                              
[00:00:01] ... finding cutoff p=916 50.5% (5088 of 10066), ETA 0:00:00                              
[00:00:01] ... finding cutoff p=916 51.3% (5165 of 10066), ETA 0:00:00                              
[00:00:01] ... finding cutoff p=916 52.2% (5256 of 10066), ETA 0:00:00                              
[00:00:01] ... finding cutoff p=916 53.2% (5353 of 10066), ETA 0:00:00                              
[00:00:01] ... finding cutoff p=916 54.3% (5463 of 10066), ETA 0:00:00                              
[00:00:01] ... finding cutoff p=916 55.5% (5588 of 10066), ETA 0:00:00                              
[00:00:01] ... finding cutoff p=916 56.6% (5696 of 10066), ETA 0:00:00                              
[00:00:01] ... finding cutoff p=916 57.6% (5795 of 10066), ETA 0:00:00                              
[00:00:01] ... finding cutoff p=916 58.4% (5883 of 10066), ETA 0:00:00                              
[00:00:01] ... finding cutoff p=916 59.6% (5998 of 10066), ETA 0:00:00                              
[00:00:01] ... finding cutoff p=916 60.5% (6093 of 10066), ETA 0:00:00                              
[00:00:01] ... finding cutoff p=916 61.6% (6201 of 10066), ETA 0:00:00                              
[00:00:01] ... finding cutoff p=916 62.2% (6262 of 10066), ETA 0:00:00                              
[00:00:01] ... finding cutoff p=916 63.3% (6374 of 10066), ETA 0:00:00                              
[00:00:01] ... finding cutoff p=916 64.4% (6479 of 10066), ETA 0:00:00                              
[00:00:01] ... finding cutoff p=916 65.3% (6577 of 10066), ETA 0:00:00                              
[00:00:01] ... finding cutoff p=916 66.5% (6697 of 10066), ETA 0:00:00                              
[00:00:01] ... finding cutoff p=916 67.6% (6800 of 10066), ETA 0:00:00                              
[00:00:01] ... finding cutoff p=916 68.5% (6892 of 10066), ETA 0:00:00                              
[00:00:01] ... finding cutoff p=916 69.5% (6993 of 10066), ETA 0:00:00                              
[00:00:01] ... finding cutoff p=916 70.3% (7079 of 10066), ETA 0:00:00                              
[00:00:01] ... finding cutoff p=916 71.5% (7195 of 10066), ETA 0:00:00                              
[00:00:01] ... finding cutoff p=916 72.4% (7285 of 10066), ETA 0:00:00                              
[00:00:01] ... finding cutoff p=916 73.3% (7377 of 10066), ETA 0:00:00                              
[00:00:01] ... finding cutoff p=916 74.3% (7477 of 10066), ETA 0:00:00                              
[00:00:01] ... finding cutoff p=916 75.3% (7584 of 10066), ETA 0:00:00                              
[00:00:01] ... finding cutoff p=916 76.4% (7692 of 10066), ETA 0:00:00                              
[00:00:01] ... finding cutoff p=916 77.4% (7789 of 10066), ETA 0:00:00                              
[00:00:01] ... finding cutoff p=916 78.3% (7881 of 10066), ETA 0:00:00                              
[00:00:01] ... finding cutoff p=916 79.4% (7996 of 10066), ETA 0:00:00                              
[00:00:01] ... finding cutoff p=916 80.3% (8080 of 10066), ETA 0:00:00                              
[00:00:01] ... finding cutoff p=916 81.4% (8191 of 10066), ETA 0:00:00                              
[00:00:01] ... finding cutoff p=916 82.3% (8285 of 10066), ETA 0:00:00                              
[00:00:01] ... finding cutoff p=916 83.3% (8384 of 10066), ETA 0:00:00                              
[00:00:01] ... finding cutoff p=916 84.3% (8485 of 10066), ETA 0:00:00                              
[00:00:01] ... finding cutoff p=916 85.4% (8600 of 10066), ETA 0:00:00                              
[00:00:01] ... finding cutoff p=916 86.3% (8687 of 10066), ETA 0:00:00                              
[00:00:01] ... finding cutoff p=916 87.4% (8794 of 10066), ETA 0:00:00                              
[00:00:01] ... finding cutoff p=916 88.4% (8898 of 10066), ETA 0:00:00                              
[00:00:01] ... finding cutoff p=916 89.4% (8997 of 10066), ETA 0:00:00                              
[00:00:01] ... finding cutoff p=916 90.4% (9100 of 10066), ETA 0:00:00                              
[00:00:01] ... finding cutoff p=916 91.4% (9200 of 10066), ETA 0:00:00                              
[00:00:01] ... finding cutoff p=916 92.4% (9297 of 10066), ETA 0:00:00                              
[00:00:01] ... finding cutoff p=916 93.4% (9400 of 10066), ETA 0:00:00                              
[00:00:01] ... finding cutoff p=916 94.4% (9500 of 10066), ETA 0:00:00                              
[00:00:01] ... finding cutoff p=916 95.4% (9598 of 10066), ETA 0:00:00                              
[00:00:01] ... finding cutoff p=916 96.4% (9700 of 10066), ETA 0:00:00                              
[00:00:01] ... finding cutoff p=916 97.3% (9799 of 10066), ETA 0:00:00                              
[00:00:01] ... finding cutoff p=916 98.3% (9899 of 10066), ETA 0:00:00                              
[00:00:01] ... finding cutoff p=916 99.3% (9999 of 10066), ETA 0:00:00                              
[00:00:01] Preparing TNF Graph Building [pTNF = 91.6; 6741 / 10066 (P = 66.97%) round 24]               
[00:00:01] Finding cutoff p=911 [-97.9Gb / 1007.8Gb]                                                     
[00:00:01] ... finding cutoff p=911 1.5% (149 of 10066), ETA 0:00:00                              
[00:00:01] ... finding cutoff p=911 2.5% (250 of 10066), ETA 0:00:00                              
[00:00:01] ... finding cutoff p=911 3.4% (340 of 10066), ETA 0:00:00                              
[00:00:01] ... finding cutoff p=911 4.2% (425 of 10066), ETA 0:00:00                              
[00:00:01] ... finding cutoff p=911 5.1% (513 of 10066), ETA 0:00:00                              
[00:00:01] ... finding cutoff p=911 6.6% (665 of 10066), ETA 0:00:00                              
[00:00:01] ... finding cutoff p=911 7.7% (778 of 10066), ETA 0:00:00                              
[00:00:01] ... finding cutoff p=911 8.7% (877 of 10066), ETA 0:00:00                              
[00:00:01] ... finding cutoff p=911 9.6% (966 of 10066), ETA 0:00:00                              
[00:00:01] ... finding cutoff p=911 10.7% (1075 of 10066), ETA 0:00:00                              
[00:00:01] ... finding cutoff p=911 11.6% (1164 of 10066), ETA 0:00:00                              
[00:00:01] ... finding cutoff p=911 12.5% (1259 of 10066), ETA 0:00:00                              
[00:00:01] ... finding cutoff p=911 13.5% (1354 of 10066), ETA 0:00:00                              
[00:00:01] ... finding cutoff p=911 15.4% (1552 of 10066), ETA 0:00:00                              
[00:00:01] ... finding cutoff p=911 16.5% (1660 of 10066), ETA 0:00:00                              
[00:00:01] ... finding cutoff p=911 17.2% (1728 of 10066), ETA 0:00:00                              
[00:00:01] ... finding cutoff p=911 18.4% (1849 of 10066), ETA 0:00:00                              
[00:00:01] ... finding cutoff p=911 19.2% (1932 of 10066), ETA 0:00:00                              
[00:00:01] ... finding cutoff p=911 20.2% (2036 of 10066), ETA 0:00:00                              
[00:00:01] ... finding cutoff p=911 21.8% (2194 of 10066), ETA 0:00:00                              
[00:00:01] ... finding cutoff p=911 22.5% (2269 of 10066), ETA 0:00:00                              
[00:00:01] ... finding cutoff p=911 23.2% (2337 of 10066), ETA 0:00:00                              
[00:00:01] ... finding cutoff p=911 24.5% (2464 of 10066), ETA 0:00:00                              
[00:00:01] ... finding cutoff p=911 25.3% (2546 of 10066), ETA 0:00:00                              
[00:00:01] ... finding cutoff p=911 26.3% (2644 of 10066), ETA 0:00:00                              
[00:00:01] ... finding cutoff p=911 27.5% (2769 of 10066), ETA 0:00:00                              
[00:00:01] ... finding cutoff p=911 28.2% (2838 of 10066), ETA 0:00:00                              
[00:00:01] ... finding cutoff p=911 29.4% (2964 of 10066), ETA 0:00:00                              
[00:00:01] ... finding cutoff p=911 30.2% (3044 of 10066), ETA 0:00:00                              
[00:00:01] ... finding cutoff p=911 31.2% (3144 of 10066), ETA 0:00:00                              
[00:00:01] ... finding cutoff p=911 32.8% (3300 of 10066), ETA 0:00:00                              
[00:00:01] ... finding cutoff p=911 33.7% (3394 of 10066), ETA 0:00:00                              
[00:00:01] ... finding cutoff p=911 34.4% (3458 of 10066), ETA 0:00:00                              
[00:00:01] ... finding cutoff p=911 35.6% (3586 of 10066), ETA 0:00:00                              
[00:00:01] ... finding cutoff p=911 36.4% (3666 of 10066), ETA 0:00:00                              
[00:00:01] ... finding cutoff p=911 37.4% (3760 of 10066), ETA 0:00:00                              
[00:00:01] ... finding cutoff p=911 38.5% (3871 of 10066), ETA 0:00:00                              
[00:00:01] ... finding cutoff p=911 39.3% (3955 of 10066), ETA 0:00:00                              
[00:00:01] ... finding cutoff p=911 40.6% (4084 of 10066), ETA 0:00:00                              
[00:00:01] ... finding cutoff p=911 41.4% (4163 of 10066), ETA 0:00:00                              
[00:00:01] ... finding cutoff p=911 42.2% (4249 of 10066), ETA 0:00:00                              
[00:00:01] ... finding cutoff p=911 43.3% (4358 of 10066), ETA 0:00:00                              
[00:00:01] ... finding cutoff p=911 44.4% (4472 of 10066), ETA 0:00:00                              
[00:00:01] ... finding cutoff p=911 45.2% (4551 of 10066), ETA 0:00:00                              
[00:00:01] ... finding cutoff p=911 46.3% (4660 of 10066), ETA 0:00:00                              
[00:00:01] ... finding cutoff p=911 47.4% (4773 of 10066), ETA 0:00:00                              
[00:00:01] ... finding cutoff p=911 48.5% (4880 of 10066), ETA 0:00:00                              
[00:00:01] ... finding cutoff p=911 49.2% (4952 of 10066), ETA 0:00:00                              
[00:00:01] ... finding cutoff p=911 50.3% (5059 of 10066), ETA 0:00:00                              
[00:00:01] ... finding cutoff p=911 51.5% (5179 of 10066), ETA 0:00:00                              
[00:00:01] ... finding cutoff p=911 52.6% (5292 of 10066), ETA 0:00:00                              
[00:00:01] ... finding cutoff p=911 53.6% (5395 of 10066), ETA 0:00:00                              
[00:00:01] ... finding cutoff p=911 54.7% (5502 of 10066), ETA 0:00:00                              
[00:00:01] ... finding cutoff p=911 55.5% (5586 of 10066), ETA 0:00:00                              
[00:00:01] ... finding cutoff p=911 56.4% (5680 of 10066), ETA 0:00:00                              
[00:00:01] ... finding cutoff p=911 57.3% (5765 of 10066), ETA 0:00:00                              
[00:00:01] ... finding cutoff p=911 58.2% (5858 of 10066), ETA 0:00:00                              
[00:00:01] ... finding cutoff p=911 59.4% (5982 of 10066), ETA 0:00:00                              
[00:00:01] ... finding cutoff p=911 60.6% (6105 of 10066), ETA 0:00:00                              
[00:00:01] ... finding cutoff p=911 61.6% (6198 of 10066), ETA 0:00:00                              
[00:00:01] ... finding cutoff p=911 62.2% (6263 of 10066), ETA 0:00:00                              
[00:00:01] ... finding cutoff p=911 63.4% (6381 of 10066), ETA 0:00:00                              
[00:00:01] ... finding cutoff p=911 64.3% (6477 of 10066), ETA 0:00:00                              
[00:00:01] ... finding cutoff p=911 65.3% (6570 of 10066), ETA 0:00:00                              
[00:00:01] ... finding cutoff p=911 66.3% (6670 of 10066), ETA 0:00:00                              
[00:00:01] ... finding cutoff p=911 67.5% (6791 of 10066), ETA 0:00:00                              
[00:00:01] ... finding cutoff p=911 68.3% (6878 of 10066), ETA 0:00:00                              
[00:00:01] ... finding cutoff p=911 69.3% (6978 of 10066), ETA 0:00:00                              
[00:00:01] ... finding cutoff p=911 70.3% (7081 of 10066), ETA 0:00:00                              
[00:00:01] ... finding cutoff p=911 71.4% (7190 of 10066), ETA 0:00:00                              
[00:00:01] ... finding cutoff p=911 72.3% (7278 of 10066), ETA 0:00:00                              
[00:00:01] ... finding cutoff p=911 73.3% (7375 of 10066), ETA 0:00:00                              
[00:00:01] ... finding cutoff p=911 74.4% (7485 of 10066), ETA 0:00:00                              
[00:00:01] ... finding cutoff p=911 75.4% (7592 of 10066), ETA 0:00:00                              
[00:00:01] ... finding cutoff p=911 76.4% (7691 of 10066), ETA 0:00:00                              
[00:00:01] ... finding cutoff p=911 77.4% (7787 of 10066), ETA 0:00:00                              
[00:00:01] ... finding cutoff p=911 78.4% (7896 of 10066), ETA 0:00:00                              
[00:00:01] ... finding cutoff p=911 79.4% (7990 of 10066), ETA 0:00:00                              
[00:00:01] ... finding cutoff p=911 80.4% (8092 of 10066), ETA 0:00:00                              
[00:00:01] ... finding cutoff p=911 81.4% (8190 of 10066), ETA 0:00:00                              
[00:00:01] ... finding cutoff p=911 82.3% (8287 of 10066), ETA 0:00:00                              
[00:00:01] ... finding cutoff p=911 83.3% (8387 of 10066), ETA 0:00:00                              
[00:00:01] ... finding cutoff p=911 84.4% (8496 of 10066), ETA 0:00:00                              
[00:00:01] ... finding cutoff p=911 85.3% (8586 of 10066), ETA 0:00:00                              
[00:00:01] ... finding cutoff p=911 86.3% (8686 of 10066), ETA 0:00:00                              
[00:00:01] ... finding cutoff p=911 87.3% (8791 of 10066), ETA 0:00:00                              
[00:00:01] ... finding cutoff p=911 88.4% (8897 of 10066), ETA 0:00:00                              
[00:00:01] ... finding cutoff p=911 89.3% (8990 of 10066), ETA 0:00:00                              
[00:00:01] ... finding cutoff p=911 90.3% (9092 of 10066), ETA 0:00:00                              
[00:00:01] ... finding cutoff p=911 91.4% (9198 of 10066), ETA 0:00:00                              
[00:00:01] ... finding cutoff p=911 92.4% (9297 of 10066), ETA 0:00:00                              
[00:00:01] ... finding cutoff p=911 93.3% (9393 of 10066), ETA 0:00:00                              
[00:00:01] ... finding cutoff p=911 94.3% (9496 of 10066), ETA 0:00:00                              
[00:00:01] ... finding cutoff p=911 95.4% (9598 of 10066), ETA 0:00:00                              
[00:00:01] ... finding cutoff p=911 96.3% (9697 of 10066), ETA 0:00:00                              
[00:00:01] ... finding cutoff p=911 97.3% (9797 of 10066), ETA 0:00:00                              
[00:00:01] ... finding cutoff p=911 98.4% (9900 of 10066), ETA 0:00:00                              
[00:00:01] ... finding cutoff p=911 99.3% (9999 of 10066), ETA 0:00:00                              
[00:00:01] Preparing TNF Graph Building [pTNF = 91.1; 6972 / 10066 (P = 69.26%) round 25]               
[00:00:01] Finding cutoff p=908 [-97.9Gb / 1007.8Gb]                                                     
[00:00:01] ... finding cutoff p=908 1.6% (163 of 10066), ETA 0:00:00                              
[00:00:01] ... finding cutoff p=908 2.9% (288 of 10066), ETA 0:00:00                              
[00:00:01] ... finding cutoff p=908 3.9% (394 of 10066), ETA 0:00:00                              
[00:00:01] ... finding cutoff p=908 4.7% (478 of 10066), ETA 0:00:00                              
[00:00:01] ... finding cutoff p=908 5.6% (561 of 10066), ETA 0:00:00                              
[00:00:01] ... finding cutoff p=908 6.5% (658 of 10066), ETA 0:00:00                              
[00:00:01] ... finding cutoff p=908 7.4% (745 of 10066), ETA 0:00:00                              
[00:00:01] ... finding cutoff p=908 8.4% (842 of 10066), ETA 0:00:00                              
[00:00:01] ... finding cutoff p=908 9.2% (929 of 10066), ETA 0:00:00                              
[00:00:01] ... finding cutoff p=908 10.1% (1013 of 10066), ETA 0:00:00                              
[00:00:01] ... finding cutoff p=908 11.6% (1166 of 10066), ETA 0:00:00                              
[00:00:01] ... finding cutoff p=908 12.6% (1268 of 10066), ETA 0:00:00                              
[00:00:01] ... finding cutoff p=908 13.7% (1380 of 10066), ETA 0:00:00                              
[00:00:01] ... finding cutoff p=908 14.7% (1476 of 10066), ETA 0:00:00                              
[00:00:01] ... finding cutoff p=908 15.5% (1560 of 10066), ETA 0:00:00                              
[00:00:01] ... finding cutoff p=908 16.4% (1651 of 10066), ETA 0:00:00                              
[00:00:01] ... finding cutoff p=908 17.7% (1781 of 10066), ETA 0:00:00                              
[00:00:01] ... finding cutoff p=908 18.6% (1872 of 10066), ETA 0:00:00                              
[00:00:01] ... finding cutoff p=908 19.4% (1953 of 10066), ETA 0:00:00                              
[00:00:01] ... finding cutoff p=908 20.5% (2060 of 10066), ETA 0:00:00                              
[00:00:01] ... finding cutoff p=908 21.2% (2130 of 10066), ETA 0:00:00                              
[00:00:01] ... finding cutoff p=908 22.5% (2265 of 10066), ETA 0:00:00                              
[00:00:01] ... finding cutoff p=908 23.3% (2348 of 10066), ETA 0:00:00                              
[00:00:01] ... finding cutoff p=908 24.2% (2433 of 10066), ETA 0:00:00                              
[00:00:01] ... finding cutoff p=908 25.4% (2553 of 10066), ETA 0:00:00                              
[00:00:01] ... finding cutoff p=908 26.1% (2626 of 10066), ETA 0:00:00                              
[00:00:01] ... finding cutoff p=908 27.4% (2763 of 10066), ETA 0:00:00                              
[00:00:01] ... finding cutoff p=908 28.2% (2839 of 10066), ETA 0:00:00                              
[00:00:01] ... finding cutoff p=908 29.6% (2976 of 10066), ETA 0:00:00                              
[00:00:01] ... finding cutoff p=908 30.2% (3044 of 10066), ETA 0:00:00                              
[00:00:01] ... finding cutoff p=908 31.7% (3194 of 10066), ETA 0:00:00                              
[00:00:01] ... finding cutoff p=908 32.6% (3286 of 10066), ETA 0:00:00                              
[00:00:01] ... finding cutoff p=908 33.3% (3350 of 10066), ETA 0:00:00                              
[00:00:01] ... finding cutoff p=908 34.5% (3475 of 10066), ETA 0:00:00                              
[00:00:01] ... finding cutoff p=908 35.4% (3567 of 10066), ETA 0:00:00                              
[00:00:01] ... finding cutoff p=908 36.8% (3707 of 10066), ETA 0:00:00                              
[00:00:01] ... finding cutoff p=908 37.5% (3775 of 10066), ETA 0:00:00                              
[00:00:01] ... finding cutoff p=908 38.2% (3843 of 10066), ETA 0:00:00                              
[00:00:01] ... finding cutoff p=908 39.4% (3966 of 10066), ETA 0:00:00                              
[00:00:01] ... finding cutoff p=908 40.1% (4040 of 10066), ETA 0:00:00                              
[00:00:01] ... finding cutoff p=908 41.4% (4166 of 10066), ETA 0:00:00                              
[00:00:01] ... finding cutoff p=908 42.1% (4242 of 10066), ETA 0:00:00                              
[00:00:01] ... finding cutoff p=908 43.3% (4362 of 10066), ETA 0:00:00                              
[00:00:01] ... finding cutoff p=908 44.5% (4478 of 10066), ETA 0:00:00                              
[00:00:01] ... finding cutoff p=908 45.3% (4564 of 10066), ETA 0:00:00                              
[00:00:01] ... finding cutoff p=908 46.4% (4666 of 10066), ETA 0:00:00                              
[00:00:01] ... finding cutoff p=908 47.7% (4801 of 10066), ETA 0:00:00                              
[00:00:01] ... finding cutoff p=908 48.4% (4870 of 10066), ETA 0:00:00                              
[00:00:01] ... finding cutoff p=908 49.5% (4981 of 10066), ETA 0:00:00                              
[00:00:01] ... finding cutoff p=908 50.7% (5104 of 10066), ETA 0:00:00                              
[00:00:01] ... finding cutoff p=908 51.4% (5170 of 10066), ETA 0:00:00                              
[00:00:01] ... finding cutoff p=908 52.3% (5269 of 10066), ETA 0:00:00                              
[00:00:01] ... finding cutoff p=908 53.5% (5386 of 10066), ETA 0:00:00                              
[00:00:01] ... finding cutoff p=908 54.7% (5502 of 10066), ETA 0:00:00                              
[00:00:01] ... finding cutoff p=908 55.2% (5559 of 10066), ETA 0:00:00                              
[00:00:01] ... finding cutoff p=908 56.5% (5683 of 10066), ETA 0:00:00                              
[00:00:01] ... finding cutoff p=908 57.5% (5788 of 10066), ETA 0:00:00                              
[00:00:01] ... finding cutoff p=908 58.5% (5888 of 10066), ETA 0:00:00                              
[00:00:01] ... finding cutoff p=908 59.4% (5984 of 10066), ETA 0:00:00                              
[00:00:01] ... finding cutoff p=908 60.5% (6088 of 10066), ETA 0:00:00                              
[00:00:01] ... finding cutoff p=908 61.4% (6181 of 10066), ETA 0:00:00                              
[00:00:01] ... finding cutoff p=908 62.4% (6278 of 10066), ETA 0:00:00                              
[00:00:01] ... finding cutoff p=908 63.3% (6374 of 10066), ETA 0:00:00                              
[00:00:01] ... finding cutoff p=908 64.5% (6491 of 10066), ETA 0:00:00                              
[00:00:01] ... finding cutoff p=908 65.4% (6588 of 10066), ETA 0:00:00                              
[00:00:01] ... finding cutoff p=908 66.3% (6675 of 10066), ETA 0:00:00                              
[00:00:01] ... finding cutoff p=908 67.3% (6774 of 10066), ETA 0:00:00                              
[00:00:01] ... finding cutoff p=908 68.2% (6868 of 10066), ETA 0:00:00                              
[00:00:01] ... finding cutoff p=908 69.3% (6977 of 10066), ETA 0:00:00                              
[00:00:01] ... finding cutoff p=908 70.5% (7097 of 10066), ETA 0:00:00                              
[00:00:01] ... finding cutoff p=908 71.4% (7184 of 10066), ETA 0:00:00                              
[00:00:01] ... finding cutoff p=908 72.4% (7289 of 10066), ETA 0:00:00                              
[00:00:01] ... finding cutoff p=908 73.5% (7396 of 10066), ETA 0:00:00                              
[00:00:01] ... finding cutoff p=908 74.3% (7481 of 10066), ETA 0:00:00                              
[00:00:01] ... finding cutoff p=908 75.3% (7581 of 10066), ETA 0:00:00                              
[00:00:01] ... finding cutoff p=908 76.3% (7678 of 10066), ETA 0:00:00                              
[00:00:01] ... finding cutoff p=908 77.4% (7794 of 10066), ETA 0:00:00                              
[00:00:01] ... finding cutoff p=908 78.4% (7887 of 10066), ETA 0:00:00                              
[00:00:01] ... finding cutoff p=908 79.5% (8001 of 10066), ETA 0:00:00                              
[00:00:01] ... finding cutoff p=908 80.4% (8092 of 10066), ETA 0:00:00                              
[00:00:01] ... finding cutoff p=908 81.3% (8185 of 10066), ETA 0:00:00                              
[00:00:01] ... finding cutoff p=908 82.4% (8296 of 10066), ETA 0:00:00                              
[00:00:01] ... finding cutoff p=908 83.3% (8386 of 10066), ETA 0:00:00                              
[00:00:01] ... finding cutoff p=908 84.3% (8486 of 10066), ETA 0:00:00                              
[00:00:01] ... finding cutoff p=908 85.3% (8587 of 10066), ETA 0:00:00                              
[00:00:01] ... finding cutoff p=908 86.4% (8697 of 10066), ETA 0:00:00                              
[00:00:01] ... finding cutoff p=908 87.4% (8793 of 10066), ETA 0:00:00                              
[00:00:01] ... finding cutoff p=908 88.4% (8894 of 10066), ETA 0:00:00                              
[00:00:01] ... finding cutoff p=908 89.4% (9001 of 10066), ETA 0:00:00                              
[00:00:01] ... finding cutoff p=908 90.3% (9093 of 10066), ETA 0:00:00                              
[00:00:01] ... finding cutoff p=908 91.4% (9201 of 10066), ETA 0:00:00                              
[00:00:01] ... finding cutoff p=908 92.4% (9299 of 10066), ETA 0:00:00                              
[00:00:01] ... finding cutoff p=908 93.3% (9395 of 10066), ETA 0:00:00                              
[00:00:01] ... finding cutoff p=908 94.3% (9497 of 10066), ETA 0:00:00                              
[00:00:01] ... finding cutoff p=908 95.4% (9603 of 10066), ETA 0:00:00                              
[00:00:01] ... finding cutoff p=908 96.3% (9696 of 10066), ETA 0:00:00                              
[00:00:01] ... finding cutoff p=908 97.3% (9797 of 10066), ETA 0:00:00                              
[00:00:01] ... finding cutoff p=908 98.4% (9900 of 10066), ETA 0:00:00                              
[00:00:01] ... finding cutoff p=908 99.3% (9999 of 10066), ETA 0:00:00                              
[00:00:01] Preparing TNF Graph Building [pTNF = 90.8; 7098 / 10066 (P = 70.51%) round 26]               
[00:00:01] Finding cutoff p=905 [-97.9Gb / 1007.8Gb]                                                     
[00:00:01] ... finding cutoff p=905 1.5% (156 of 10066), ETA 0:00:00                              
[00:00:01] ... finding cutoff p=905 2.7% (274 of 10066), ETA 0:00:00                              
[00:00:01] ... finding cutoff p=905 3.7% (377 of 10066), ETA 0:00:00                              
[00:00:01] ... finding cutoff p=905 4.6% (462 of 10066), ETA 0:00:00                              
[00:00:01] ... finding cutoff p=905 5.5% (550 of 10066), ETA 0:00:00                              
[00:00:01] ... finding cutoff p=905 6.3% (638 of 10066), ETA 0:00:00                              
[00:00:01] ... finding cutoff p=905 7.4% (745 of 10066), ETA 0:00:00                              
[00:00:01] ... finding cutoff p=905 8.4% (844 of 10066), ETA 0:00:00                              
[00:00:01] ... finding cutoff p=905 9.3% (933 of 10066), ETA 0:00:00                              
[00:00:01] ... finding cutoff p=905 10.2% (1023 of 10066), ETA 0:00:00                              
[00:00:01] ... finding cutoff p=905 11.1% (1115 of 10066), ETA 0:00:00                              
[00:00:01] ... finding cutoff p=905 12.5% (1259 of 10066), ETA 0:00:00                              
[00:00:01] ... finding cutoff p=905 14.0% (1411 of 10066), ETA 0:00:00                              
[00:00:01] ... finding cutoff p=905 15.3% (1542 of 10066), ETA 0:00:00                              
[00:00:01] ... finding cutoff p=905 16.5% (1657 of 10066), ETA 0:00:00                              
[00:00:01] ... finding cutoff p=905 17.9% (1804 of 10066), ETA 0:00:00                              
[00:00:01] ... finding cutoff p=905 18.8% (1895 of 10066), ETA 0:00:00                              
[00:00:01] ... finding cutoff p=905 19.6% (1970 of 10066), ETA 0:00:00                              
[00:00:01] ... finding cutoff p=905 20.3% (2039 of 10066), ETA 0:00:00                              
[00:00:01] ... finding cutoff p=905 21.5% (2161 of 10066), ETA 0:00:00                              
[00:00:01] ... finding cutoff p=905 22.3% (2240 of 10066), ETA 0:00:00                              
[00:00:01] ... finding cutoff p=905 23.1% (2327 of 10066), ETA 0:00:00                              
[00:00:01] ... finding cutoff p=905 24.3% (2450 of 10066), ETA 0:00:00                              
[00:00:01] ... finding cutoff p=905 25.1% (2528 of 10066), ETA 0:00:00                              
[00:00:01] ... finding cutoff p=905 26.5% (2664 of 10066), ETA 0:00:00                              
[00:00:01] ... finding cutoff p=905 27.2% (2738 of 10066), ETA 0:00:00                              
[00:00:01] ... finding cutoff p=905 28.5% (2872 of 10066), ETA 0:00:00                              
[00:00:01] ... finding cutoff p=905 29.4% (2955 of 10066), ETA 0:00:00                              
[00:00:01] ... finding cutoff p=905 30.2% (3037 of 10066), ETA 0:00:00                              
[00:00:01] ... finding cutoff p=905 31.4% (3158 of 10066), ETA 0:00:00                              
[00:00:01] ... finding cutoff p=905 32.4% (3260 of 10066), ETA 0:00:00                              
[00:00:01] ... finding cutoff p=905 33.4% (3362 of 10066), ETA 0:00:00                              
[00:00:01] ... finding cutoff p=905 34.6% (3484 of 10066), ETA 0:00:00                              
[00:00:01] ... finding cutoff p=905 35.3% (3556 of 10066), ETA 0:00:00                              
[00:00:01] ... finding cutoff p=905 36.5% (3673 of 10066), ETA 0:00:00                              
[00:00:01] ... finding cutoff p=905 37.2% (3746 of 10066), ETA 0:00:00                              
[00:00:01] ... finding cutoff p=905 38.3% (3860 of 10066), ETA 0:00:00                              
[00:00:01] ... finding cutoff p=905 39.2% (3947 of 10066), ETA 0:00:00                              
[00:00:01] ... finding cutoff p=905 40.4% (4064 of 10066), ETA 0:00:00                              
[00:00:01] ... finding cutoff p=905 41.6% (4189 of 10066), ETA 0:00:00                              
[00:00:01] ... finding cutoff p=905 42.4% (4265 of 10066), ETA 0:00:00                              
[00:00:01] ... finding cutoff p=905 43.7% (4396 of 10066), ETA 0:00:00                              
[00:00:01] ... finding cutoff p=905 44.4% (4468 of 10066), ETA 0:00:00                              
[00:00:01] ... finding cutoff p=905 45.6% (4589 of 10066), ETA 0:00:00                              
[00:00:01] ... finding cutoff p=905 46.3% (4659 of 10066), ETA 0:00:00                              
[00:00:01] ... finding cutoff p=905 47.5% (4785 of 10066), ETA 0:00:00                              
[00:00:01] ... finding cutoff p=905 48.2% (4856 of 10066), ETA 0:00:00                              
[00:00:01] ... finding cutoff p=905 49.3% (4967 of 10066), ETA 0:00:00                              
[00:00:01] ... finding cutoff p=905 50.7% (5105 of 10066), ETA 0:00:00                              
[00:00:01] ... finding cutoff p=905 51.5% (5189 of 10066), ETA 0:00:00                              
[00:00:01] ... finding cutoff p=905 52.2% (5254 of 10066), ETA 0:00:00                              
[00:00:01] ... finding cutoff p=905 53.4% (5377 of 10066), ETA 0:00:00                              
[00:00:01] ... finding cutoff p=905 54.5% (5487 of 10066), ETA 0:00:00                              
[00:00:01] ... finding cutoff p=905 55.5% (5586 of 10066), ETA 0:00:00                              
[00:00:01] ... finding cutoff p=905 56.4% (5681 of 10066), ETA 0:00:00                              
[00:00:01] ... finding cutoff p=905 57.4% (5781 of 10066), ETA 0:00:00                              
[00:00:01] ... finding cutoff p=905 58.3% (5872 of 10066), ETA 0:00:00                              
[00:00:01] ... finding cutoff p=905 59.4% (5975 of 10066), ETA 0:00:00                              
[00:00:01] ... finding cutoff p=905 60.3% (6066 of 10066), ETA 0:00:00                              
[00:00:01] ... finding cutoff p=905 61.4% (6182 of 10066), ETA 0:00:00                              
[00:00:01] ... finding cutoff p=905 62.3% (6275 of 10066), ETA 0:00:00                              
[00:00:01] ... finding cutoff p=905 63.4% (6378 of 10066), ETA 0:00:00                              
[00:00:01] ... finding cutoff p=905 64.2% (6465 of 10066), ETA 0:00:00                              
[00:00:01] ... finding cutoff p=905 65.3% (6573 of 10066), ETA 0:00:00                              
[00:00:01] ... finding cutoff p=905 66.5% (6689 of 10066), ETA 0:00:00                              
[00:00:01] ... finding cutoff p=905 67.3% (6778 of 10066), ETA 0:00:00                              
[00:00:01] ... finding cutoff p=905 68.5% (6900 of 10066), ETA 0:00:00                              
[00:00:01] ... finding cutoff p=905 69.5% (6991 of 10066), ETA 0:00:00                              
[00:00:01] ... finding cutoff p=905 70.3% (7079 of 10066), ETA 0:00:00                              
[00:00:01] ... finding cutoff p=905 71.5% (7197 of 10066), ETA 0:00:00                              
[00:00:01] ... finding cutoff p=905 72.4% (7288 of 10066), ETA 0:00:00                              
[00:00:01] ... finding cutoff p=905 73.4% (7385 of 10066), ETA 0:00:00                              
[00:00:01] ... finding cutoff p=905 74.5% (7497 of 10066), ETA 0:00:00                              
[00:00:01] ... finding cutoff p=905 75.3% (7584 of 10066), ETA 0:00:00                              
[00:00:01] ... finding cutoff p=905 76.4% (7693 of 10066), ETA 0:00:00                              
[00:00:01] ... finding cutoff p=905 77.3% (7781 of 10066), ETA 0:00:00                              
[00:00:01] ... finding cutoff p=905 78.4% (7892 of 10066), ETA 0:00:00                              
[00:00:01] ... finding cutoff p=905 79.3% (7980 of 10066), ETA 0:00:00                              
[00:00:01] ... finding cutoff p=905 80.3% (8088 of 10066), ETA 0:00:00                              
[00:00:01] ... finding cutoff p=905 81.5% (8199 of 10066), ETA 0:00:00                              
[00:00:01] ... finding cutoff p=905 82.4% (8294 of 10066), ETA 0:00:00                              
[00:00:01] ... finding cutoff p=905 83.4% (8397 of 10066), ETA 0:00:00                              
[00:00:01] ... finding cutoff p=905 84.3% (8484 of 10066), ETA 0:00:00                              
[00:00:01] ... finding cutoff p=905 85.3% (8591 of 10066), ETA 0:00:00                              
[00:00:01] ... finding cutoff p=905 86.3% (8690 of 10066), ETA 0:00:00                              
[00:00:01] ... finding cutoff p=905 87.4% (8797 of 10066), ETA 0:00:00                              
[00:00:01] ... finding cutoff p=905 88.3% (8888 of 10066), ETA 0:00:00                              
[00:00:01] ... finding cutoff p=905 89.3% (8993 of 10066), ETA 0:00:00                              
[00:00:01] ... finding cutoff p=905 90.4% (9096 of 10066), ETA 0:00:00                              
[00:00:01] ... finding cutoff p=905 91.4% (9199 of 10066), ETA 0:00:00                              
[00:00:01] ... finding cutoff p=905 92.4% (9296 of 10066), ETA 0:00:00                              
[00:00:01] ... finding cutoff p=905 93.3% (9395 of 10066), ETA 0:00:00                              
[00:00:01] ... finding cutoff p=905 94.3% (9495 of 10066), ETA 0:00:00                              
[00:00:01] ... finding cutoff p=905 95.4% (9600 of 10066), ETA 0:00:00                              
[00:00:01] ... finding cutoff p=905 96.4% (9699 of 10066), ETA 0:00:00                              
[00:00:01] ... finding cutoff p=905 97.3% (9798 of 10066), ETA 0:00:00                              
[00:00:01] ... finding cutoff p=905 98.3% (9898 of 10066), ETA 0:00:00                              
[00:00:01] ... finding cutoff p=905 99.3% (9999 of 10066), ETA 0:00:00                              
[00:00:01] Preparing TNF Graph Building [pTNF = 90.5; 7207 / 10066 (P = 71.60%) round 27]               
[00:00:01] Finding cutoff p=900 [-97.9Gb / 1007.8Gb]                                                     
[00:00:01] ... finding cutoff p=900 1.7% (169 of 10066), ETA 0:00:00                              
[00:00:01] ... finding cutoff p=900 3.0% (297 of 10066), ETA 0:00:00                              
[00:00:01] ... finding cutoff p=900 4.1% (415 of 10066), ETA 0:00:00                              
[00:00:01] ... finding cutoff p=900 5.7% (572 of 10066), ETA 0:00:00                              
[00:00:01] ... finding cutoff p=900 6.5% (652 of 10066), ETA 0:00:00                              
[00:00:01] ... finding cutoff p=900 7.2% (725 of 10066), ETA 0:00:00                              
[00:00:01] ... finding cutoff p=900 8.2% (828 of 10066), ETA 0:00:00                              
[00:00:01] ... finding cutoff p=900 9.1% (916 of 10066), ETA 0:00:00                              
[00:00:01] ... finding cutoff p=900 10.6% (1067 of 10066), ETA 0:00:00                              
[00:00:01] ... finding cutoff p=900 11.5% (1158 of 10066), ETA 0:00:00                              
[00:00:01] ... finding cutoff p=900 12.6% (1265 of 10066), ETA 0:00:00                              
[00:00:01] ... finding cutoff p=900 13.5% (1362 of 10066), ETA 0:00:00                              
[00:00:01] ... finding cutoff p=900 14.5% (1464 of 10066), ETA 0:00:00                              
[00:00:01] ... finding cutoff p=900 15.8% (1595 of 10066), ETA 0:00:00                              
[00:00:01] ... finding cutoff p=900 16.6% (1666 of 10066), ETA 0:00:00                              
[00:00:01] ... finding cutoff p=900 17.2% (1734 of 10066), ETA 0:00:00                              
[00:00:01] ... finding cutoff p=900 18.5% (1860 of 10066), ETA 0:00:00                              
[00:00:01] ... finding cutoff p=900 19.3% (1939 of 10066), ETA 0:00:00                              
[00:00:01] ... finding cutoff p=900 20.6% (2072 of 10066), ETA 0:00:00                              
[00:00:01] ... finding cutoff p=900 21.3% (2146 of 10066), ETA 0:00:00                              
[00:00:01] ... finding cutoff p=900 22.1% (2228 of 10066), ETA 0:00:00                              
[00:00:01] ... finding cutoff p=900 23.4% (2351 of 10066), ETA 0:00:00                              
[00:00:01] ... finding cutoff p=900 24.7% (2489 of 10066), ETA 0:00:00                              
[00:00:01] ... finding cutoff p=900 25.4% (2554 of 10066), ETA 0:00:00                              
[00:00:01] ... finding cutoff p=900 26.3% (2646 of 10066), ETA 0:00:00                              
[00:00:01] ... finding cutoff p=900 27.6% (2775 of 10066), ETA 0:00:00                              
[00:00:01] ... finding cutoff p=900 28.3% (2848 of 10066), ETA 0:00:00                              
[00:00:01] ... finding cutoff p=900 29.2% (2936 of 10066), ETA 0:00:00                              
[00:00:01] ... finding cutoff p=900 30.3% (3050 of 10066), ETA 0:00:00                              
[00:00:01] ... finding cutoff p=900 31.8% (3203 of 10066), ETA 0:00:00                              
[00:00:01] ... finding cutoff p=900 32.7% (3294 of 10066), ETA 0:00:00                              
[00:00:01] ... finding cutoff p=900 33.5% (3368 of 10066), ETA 0:00:00                              
[00:00:01] ... finding cutoff p=900 34.6% (3482 of 10066), ETA 0:00:00                              
[00:00:01] ... finding cutoff p=900 35.5% (3569 of 10066), ETA 0:00:00                              
[00:00:01] ... finding cutoff p=900 36.3% (3655 of 10066), ETA 0:00:00                              
[00:00:01] ... finding cutoff p=900 37.5% (3771 of 10066), ETA 0:00:00                              
[00:00:01] ... finding cutoff p=900 38.3% (3855 of 10066), ETA 0:00:00                              
[00:00:01] ... finding cutoff p=900 39.5% (3976 of 10066), ETA 0:00:00                              
[00:00:01] ... finding cutoff p=900 40.2% (4051 of 10066), ETA 0:00:00                              
[00:00:01] ... finding cutoff p=900 41.5% (4176 of 10066), ETA 0:00:00                              
[00:00:01] ... finding cutoff p=900 42.7% (4298 of 10066), ETA 0:00:00                              
[00:00:01] ... finding cutoff p=900 43.4% (4368 of 10066), ETA 0:00:00                              
[00:00:01] ... finding cutoff p=900 44.4% (4471 of 10066), ETA 0:00:00                              
[00:00:01] ... finding cutoff p=900 45.7% (4602 of 10066), ETA 0:00:00                              
[00:00:01] ... finding cutoff p=900 46.3% (4658 of 10066), ETA 0:00:00                              
[00:00:01] ... finding cutoff p=900 47.3% (4765 of 10066), ETA 0:00:00                              
[00:00:01] ... finding cutoff p=900 48.4% (4873 of 10066), ETA 0:00:00                              
[00:00:01] ... finding cutoff p=900 49.8% (5010 of 10066), ETA 0:00:00                              
[00:00:01] ... finding cutoff p=900 50.3% (5067 of 10066), ETA 0:00:00                              
[00:00:01] ... finding cutoff p=900 51.3% (5166 of 10066), ETA 0:00:00                              
[00:00:01] ... finding cutoff p=900 52.3% (5267 of 10066), ETA 0:00:00                              
[00:00:01] ... finding cutoff p=900 53.4% (5376 of 10066), ETA 0:00:00                              
[00:00:01] ... finding cutoff p=900 54.4% (5480 of 10066), ETA 0:00:00                              
[00:00:01] ... finding cutoff p=900 55.5% (5589 of 10066), ETA 0:00:00                              
[00:00:01] ... finding cutoff p=900 56.5% (5688 of 10066), ETA 0:00:00                              
[00:00:01] ... finding cutoff p=900 57.5% (5789 of 10066), ETA 0:00:00                              
[00:00:01] ... finding cutoff p=900 58.5% (5885 of 10066), ETA 0:00:00                              
[00:00:01] ... finding cutoff p=900 59.4% (5984 of 10066), ETA 0:00:00                              
[00:00:01] ... finding cutoff p=900 60.5% (6091 of 10066), ETA 0:00:00                              
[00:00:01] ... finding cutoff p=900 61.4% (6183 of 10066), ETA 0:00:00                              
[00:00:01] ... finding cutoff p=900 62.3% (6267 of 10066), ETA 0:00:00                              
[00:00:01] ... finding cutoff p=900 63.5% (6391 of 10066), ETA 0:00:00                              
[00:00:01] ... finding cutoff p=900 64.4% (6478 of 10066), ETA 0:00:00                              
[00:00:01] ... finding cutoff p=900 65.5% (6590 of 10066), ETA 0:00:00                              
[00:00:01] ... finding cutoff p=900 66.3% (6676 of 10066), ETA 0:00:00                              
[00:00:01] ... finding cutoff p=900 67.4% (6789 of 10066), ETA 0:00:00                              
[00:00:01] ... finding cutoff p=900 68.5% (6892 of 10066), ETA 0:00:00                              
[00:00:01] ... finding cutoff p=900 69.4% (6984 of 10066), ETA 0:00:00                              
[00:00:01] ... finding cutoff p=900 70.4% (7085 of 10066), ETA 0:00:00                              
[00:00:01] ... finding cutoff p=900 71.4% (7192 of 10066), ETA 0:00:00                              
[00:00:01] ... finding cutoff p=900 72.4% (7286 of 10066), ETA 0:00:00                              
[00:00:01] ... finding cutoff p=900 73.3% (7383 of 10066), ETA 0:00:00                              
[00:00:01] ... finding cutoff p=900 74.4% (7486 of 10066), ETA 0:00:00                              
[00:00:01] ... finding cutoff p=900 75.4% (7592 of 10066), ETA 0:00:00                              
[00:00:01] ... finding cutoff p=900 76.3% (7679 of 10066), ETA 0:00:00                              
[00:00:01] ... finding cutoff p=900 77.4% (7794 of 10066), ETA 0:00:00                              
[00:00:01] ... finding cutoff p=900 78.3% (7885 of 10066), ETA 0:00:00                              
[00:00:01] ... finding cutoff p=900 79.5% (8000 of 10066), ETA 0:00:00                              
[00:00:01] ... finding cutoff p=900 80.3% (8080 of 10066), ETA 0:00:00                              
[00:00:01] ... finding cutoff p=900 81.4% (8197 of 10066), ETA 0:00:00                              
[00:00:01] ... finding cutoff p=900 82.3% (8289 of 10066), ETA 0:00:00                              
[00:00:01] ... finding cutoff p=900 83.4% (8399 of 10066), ETA 0:00:00                              
[00:00:01] ... finding cutoff p=900 84.4% (8499 of 10066), ETA 0:00:00                              
[00:00:01] ... finding cutoff p=900 85.4% (8600 of 10066), ETA 0:00:00                              
[00:00:01] ... finding cutoff p=900 86.4% (8702 of 10066), ETA 0:00:00                              
[00:00:01] ... finding cutoff p=900 87.4% (8795 of 10066), ETA 0:00:00                              
[00:00:01] ... finding cutoff p=900 88.3% (8889 of 10066), ETA 0:00:00                              
[00:00:01] ... finding cutoff p=900 89.4% (8998 of 10066), ETA 0:00:00                              
[00:00:01] ... finding cutoff p=900 90.3% (9091 of 10066), ETA 0:00:00                              
[00:00:01] ... finding cutoff p=900 91.4% (9202 of 10066), ETA 0:00:00                              
[00:00:01] ... finding cutoff p=900 92.4% (9302 of 10066), ETA 0:00:00                              
[00:00:01] ... finding cutoff p=900 93.4% (9398 of 10066), ETA 0:00:00                              
[00:00:01] ... finding cutoff p=900 94.4% (9498 of 10066), ETA 0:00:00                              
[00:00:01] ... finding cutoff p=900 95.4% (9600 of 10066), ETA 0:00:00                              
[00:00:01] ... finding cutoff p=900 96.3% (9696 of 10066), ETA 0:00:00                              
[00:00:01] ... finding cutoff p=900 97.3% (9799 of 10066), ETA 0:00:00                              
[00:00:01] ... finding cutoff p=900 98.3% (9899 of 10066), ETA 0:00:00                              
[00:00:01] ... finding cutoff p=900 99.3% (9999 of 10066), ETA 0:00:00                              
[00:00:01] Preparing TNF Graph Building [pTNF = 90.0; 7389 / 10066 (P = 73.41%) round 28]               
[00:00:01] Finding cutoff p=889 [-97.9Gb / 1007.8Gb]                                                     
[00:00:01] ... finding cutoff p=889 1.5% (148 of 10066), ETA 0:00:00                              
[00:00:01] ... finding cutoff p=889 2.5% (249 of 10066), ETA 0:00:00                              
[00:00:01] ... finding cutoff p=889 3.3% (334 of 10066), ETA 0:00:00                              
[00:00:01] ... finding cutoff p=889 4.3% (432 of 10066), ETA 0:00:00                              
[00:00:01] ... finding cutoff p=889 5.2% (527 of 10066), ETA 0:00:00                              
[00:00:01] ... finding cutoff p=889 6.1% (615 of 10066), ETA 0:00:00                              
[00:00:01] ... finding cutoff p=889 7.2% (724 of 10066), ETA 0:00:00                              
[00:00:01] ... finding cutoff p=889 8.2% (825 of 10066), ETA 0:00:00                              
[00:00:01] ... finding cutoff p=889 9.1% (917 of 10066), ETA 0:00:00                              
[00:00:01] ... finding cutoff p=889 10.1% (1014 of 10066), ETA 0:00:00                              
[00:00:01] ... finding cutoff p=889 11.7% (1175 of 10066), ETA 0:00:00                              
[00:00:01] ... finding cutoff p=889 12.6% (1267 of 10066), ETA 0:00:00                              
[00:00:01] ... finding cutoff p=889 13.4% (1350 of 10066), ETA 0:00:00                              
[00:00:01] ... finding cutoff p=889 14.7% (1476 of 10066), ETA 0:00:00                              
[00:00:01] ... finding cutoff p=889 15.6% (1566 of 10066), ETA 0:00:00                              
[00:00:01] ... finding cutoff p=889 16.5% (1664 of 10066), ETA 0:00:00                              
[00:00:01] ... finding cutoff p=889 17.2% (1729 of 10066), ETA 0:00:00                              
[00:00:01] ... finding cutoff p=889 18.5% (1866 of 10066), ETA 0:00:00                              
[00:00:01] ... finding cutoff p=889 20.0% (2009 of 10066), ETA 0:00:00                              
[00:00:01] ... finding cutoff p=889 20.7% (2088 of 10066), ETA 0:00:00                              
[00:00:01] ... finding cutoff p=889 21.4% (2152 of 10066), ETA 0:00:00                              
[00:00:01] ... finding cutoff p=889 22.2% (2233 of 10066), ETA 0:00:00                              
[00:00:01] ... finding cutoff p=889 23.3% (2347 of 10066), ETA 0:00:00                              
[00:00:01] ... finding cutoff p=889 24.2% (2439 of 10066), ETA 0:00:00                              
[00:00:01] ... finding cutoff p=889 25.5% (2571 of 10066), ETA 0:00:00                              
[00:00:01] ... finding cutoff p=889 26.3% (2644 of 10066), ETA 0:00:00                              
[00:00:01] ... finding cutoff p=889 27.7% (2784 of 10066), ETA 0:00:00                              
[00:00:01] ... finding cutoff p=889 28.5% (2870 of 10066), ETA 0:00:00                              
[00:00:01] ... finding cutoff p=889 29.4% (2960 of 10066), ETA 0:00:00                              
[00:00:01] ... finding cutoff p=889 30.2% (3042 of 10066), ETA 0:00:00                              
[00:00:01] ... finding cutoff p=889 31.4% (3164 of 10066), ETA 0:00:00                              
[00:00:01] ... finding cutoff p=889 32.2% (3242 of 10066), ETA 0:00:00                              
[00:00:01] ... finding cutoff p=889 33.4% (3361 of 10066), ETA 0:00:00                              
[00:00:01] ... finding cutoff p=889 34.1% (3435 of 10066), ETA 0:00:00                              
[00:00:01] ... finding cutoff p=889 35.4% (3567 of 10066), ETA 0:00:00                              
[00:00:01] ... finding cutoff p=889 36.3% (3655 of 10066), ETA 0:00:00                              
[00:00:01] ... finding cutoff p=889 37.1% (3737 of 10066), ETA 0:00:00                              
[00:00:01] ... finding cutoff p=889 38.3% (3853 of 10066), ETA 0:00:00                              
[00:00:01] ... finding cutoff p=889 39.9% (4012 of 10066), ETA 0:00:00                              
[00:00:01] ... finding cutoff p=889 40.6% (4087 of 10066), ETA 0:00:00                              
[00:00:01] ... finding cutoff p=889 41.2% (4146 of 10066), ETA 0:00:00                              
[00:00:01] ... finding cutoff p=889 42.2% (4250 of 10066), ETA 0:00:00                              
[00:00:01] ... finding cutoff p=889 43.5% (4383 of 10066), ETA 0:00:00                              
[00:00:01] ... finding cutoff p=889 44.3% (4461 of 10066), ETA 0:00:00                              
[00:00:01] ... finding cutoff p=889 45.5% (4576 of 10066), ETA 0:00:00                              
[00:00:01] ... finding cutoff p=889 46.7% (4699 of 10066), ETA 0:00:00                              
[00:00:01] ... finding cutoff p=889 47.4% (4772 of 10066), ETA 0:00:00                              
[00:00:01] ... finding cutoff p=889 48.4% (4870 of 10066), ETA 0:00:00                              
[00:00:01] ... finding cutoff p=889 49.7% (5003 of 10066), ETA 0:00:00                              
[00:00:01] ... finding cutoff p=889 50.5% (5081 of 10066), ETA 0:00:00                              
[00:00:01] ... finding cutoff p=889 51.5% (5186 of 10066), ETA 0:00:00                              
[00:00:01] ... finding cutoff p=889 52.6% (5292 of 10066), ETA 0:00:00                              
[00:00:01] ... finding cutoff p=889 53.5% (5388 of 10066), ETA 0:00:00                              
[00:00:01] ... finding cutoff p=889 54.6% (5499 of 10066), ETA 0:00:00                              
[00:00:01] ... finding cutoff p=889 55.3% (5564 of 10066), ETA 0:00:00                              
[00:00:01] ... finding cutoff p=889 56.5% (5685 of 10066), ETA 0:00:00                              
[00:00:01] ... finding cutoff p=889 57.6% (5793 of 10066), ETA 0:00:00                              
[00:00:01] ... finding cutoff p=889 58.3% (5871 of 10066), ETA 0:00:00                              
[00:00:01] ... finding cutoff p=889 59.5% (5988 of 10066), ETA 0:00:00                              
[00:00:01] ... finding cutoff p=889 60.7% (6110 of 10066), ETA 0:00:00                              
[00:00:01] ... finding cutoff p=889 61.3% (6171 of 10066), ETA 0:00:00                              
[00:00:01] ... finding cutoff p=889 62.3% (6272 of 10066), ETA 0:00:00                              
[00:00:01] ... finding cutoff p=889 63.2% (6366 of 10066), ETA 0:00:00                              
[00:00:01] ... finding cutoff p=889 64.4% (6480 of 10066), ETA 0:00:00                              
[00:00:01] ... finding cutoff p=889 65.2% (6567 of 10066), ETA 0:00:00                              
[00:00:01] ... finding cutoff p=889 66.2% (6668 of 10066), ETA 0:00:00                              
[00:00:01] ... finding cutoff p=889 67.4% (6788 of 10066), ETA 0:00:00                              
[00:00:01] ... finding cutoff p=889 68.4% (6885 of 10066), ETA 0:00:00                              
[00:00:01] ... finding cutoff p=889 69.5% (6994 of 10066), ETA 0:00:00                              
[00:00:01] ... finding cutoff p=889 70.4% (7089 of 10066), ETA 0:00:00                              
[00:00:01] ... finding cutoff p=889 71.3% (7174 of 10066), ETA 0:00:00                              
[00:00:01] ... finding cutoff p=889 72.2% (7272 of 10066), ETA 0:00:00                              
[00:00:01] ... finding cutoff p=889 73.4% (7393 of 10066), ETA 0:00:00                              
[00:00:01] ... finding cutoff p=889 74.3% (7477 of 10066), ETA 0:00:00                              
[00:00:01] ... finding cutoff p=889 75.4% (7585 of 10066), ETA 0:00:00                              
[00:00:01] ... finding cutoff p=889 76.4% (7692 of 10066), ETA 0:00:00                              
[00:00:01] ... finding cutoff p=889 77.3% (7786 of 10066), ETA 0:00:00                              
[00:00:01] ... finding cutoff p=889 78.5% (7897 of 10066), ETA 0:00:00                              
[00:00:01] ... finding cutoff p=889 79.4% (7992 of 10066), ETA 0:00:00                              
[00:00:01] ... finding cutoff p=889 80.4% (8092 of 10066), ETA 0:00:00                              
[00:00:01] ... finding cutoff p=889 81.3% (8187 of 10066), ETA 0:00:00                              
[00:00:01] ... finding cutoff p=889 82.3% (8283 of 10066), ETA 0:00:00                              
[00:00:01] ... finding cutoff p=889 83.4% (8400 of 10066), ETA 0:00:00                              
[00:00:01] ... finding cutoff p=889 84.4% (8497 of 10066), ETA 0:00:00                              
[00:00:01] ... finding cutoff p=889 85.3% (8588 of 10066), ETA 0:00:00                              
[00:00:01] ... finding cutoff p=889 86.4% (8702 of 10066), ETA 0:00:00                              
[00:00:01] ... finding cutoff p=889 87.4% (8793 of 10066), ETA 0:00:00                              
[00:00:01] ... finding cutoff p=889 88.3% (8888 of 10066), ETA 0:00:00                              
[00:00:01] ... finding cutoff p=889 89.4% (8996 of 10066), ETA 0:00:00                              
[00:00:01] ... finding cutoff p=889 90.4% (9096 of 10066), ETA 0:00:00                              
[00:00:01] ... finding cutoff p=889 91.3% (9192 of 10066), ETA 0:00:00                              
[00:00:01] ... finding cutoff p=889 92.3% (9293 of 10066), ETA 0:00:00                              
[00:00:01] ... finding cutoff p=889 93.4% (9401 of 10066), ETA 0:00:00                              
[00:00:01] ... finding cutoff p=889 94.3% (9496 of 10066), ETA 0:00:00                              
[00:00:01] ... finding cutoff p=889 95.3% (9596 of 10066), ETA 0:00:00                              
[00:00:01] ... finding cutoff p=889 96.4% (9700 of 10066), ETA 0:00:00                              
[00:00:01] ... finding cutoff p=889 97.3% (9797 of 10066), ETA 0:00:00                              
[00:00:01] ... finding cutoff p=889 98.4% (9900 of 10066), ETA 0:00:00                              
[00:00:01] ... finding cutoff p=889 99.3% (9999 of 10066), ETA 0:00:00                              
[00:00:01] Preparing TNF Graph Building [pTNF = 88.9; 7459 / 10066 (P = 74.10%) round 29]               
[00:00:01] Finding cutoff p=879 [-97.9Gb / 1007.8Gb]                                                     
[00:00:01] ... finding cutoff p=879 1.6% (161 of 10066), ETA 0:00:00                              
[00:00:01] ... finding cutoff p=879 2.8% (279 of 10066), ETA 0:00:00                              
[00:00:01] ... finding cutoff p=879 3.6% (362 of 10066), ETA 0:00:00                              
[00:00:01] ... finding cutoff p=879 4.5% (448 of 10066), ETA 0:00:00                              
[00:00:01] ... finding cutoff p=879 5.3% (538 of 10066), ETA 0:00:00                              
[00:00:01] ... finding cutoff p=879 6.3% (633 of 10066), ETA 0:00:00                              
[00:00:01] ... finding cutoff p=879 7.1% (719 of 10066), ETA 0:00:00                              
[00:00:01] ... finding cutoff p=879 8.3% (835 of 10066), ETA 0:00:00                              
[00:00:01] ... finding cutoff p=879 9.4% (944 of 10066), ETA 0:00:00                              
[00:00:01] ... finding cutoff p=879 10.2% (1027 of 10066), ETA 0:00:00                              
[00:00:01] ... finding cutoff p=879 11.3% (1133 of 10066), ETA 0:00:00                              
[00:00:01] ... finding cutoff p=879 12.2% (1224 of 10066), ETA 0:00:00                              
[00:00:01] ... finding cutoff p=879 13.1% (1315 of 10066), ETA 0:00:00                              
[00:00:01] ... finding cutoff p=879 14.9% (1495 of 10066), ETA 0:00:00                              
[00:00:01] ... finding cutoff p=879 15.9% (1603 of 10066), ETA 0:00:00                              
[00:00:01] ... finding cutoff p=879 16.8% (1692 of 10066), ETA 0:00:00                              
[00:00:01] ... finding cutoff p=879 17.5% (1760 of 10066), ETA 0:00:00                              
[00:00:01] ... finding cutoff p=879 18.3% (1841 of 10066), ETA 0:00:00                              
[00:00:01] ... finding cutoff p=879 19.5% (1964 of 10066), ETA 0:00:00                              
[00:00:01] ... finding cutoff p=879 20.3% (2047 of 10066), ETA 0:00:00                              
[00:00:01] ... finding cutoff p=879 21.5% (2169 of 10066), ETA 0:00:00                              
[00:00:01] ... finding cutoff p=879 22.3% (2244 of 10066), ETA 0:00:00                              
[00:00:01] ... finding cutoff p=879 23.6% (2376 of 10066), ETA 0:00:00                              
[00:00:01] ... finding cutoff p=879 24.4% (2456 of 10066), ETA 0:00:00                              
[00:00:01] ... finding cutoff p=879 25.1% (2526 of 10066), ETA 0:00:00                              
[00:00:01] ... finding cutoff p=879 26.3% (2652 of 10066), ETA 0:00:00                              
[00:00:01] ... finding cutoff p=879 27.3% (2744 of 10066), ETA 0:00:00                              
[00:00:01] ... finding cutoff p=879 28.2% (2835 of 10066), ETA 0:00:00                              
[00:00:01] ... finding cutoff p=879 29.1% (2932 of 10066), ETA 0:00:00                              
[00:00:01] ... finding cutoff p=879 30.8% (3104 of 10066), ETA 0:00:00                              
[00:00:01] ... finding cutoff p=879 31.7% (3194 of 10066), ETA 0:00:00                              
[00:00:01] ... finding cutoff p=879 32.5% (3271 of 10066), ETA 0:00:00                              
[00:00:01] ... finding cutoff p=879 33.2% (3341 of 10066), ETA 0:00:00                              
[00:00:01] ... finding cutoff p=879 34.4% (3459 of 10066), ETA 0:00:00                              
[00:00:01] ... finding cutoff p=879 35.2% (3541 of 10066), ETA 0:00:00                              
[00:00:01] ... finding cutoff p=879 36.5% (3671 of 10066), ETA 0:00:00                              
[00:00:01] ... finding cutoff p=879 37.2% (3740 of 10066), ETA 0:00:00                              
[00:00:01] ... finding cutoff p=879 38.4% (3869 of 10066), ETA 0:00:00                              
[00:00:01] ... finding cutoff p=879 39.1% (3940 of 10066), ETA 0:00:00                              
[00:00:01] ... finding cutoff p=879 40.3% (4061 of 10066), ETA 0:00:00                              
[00:00:01] ... finding cutoff p=879 41.6% (4191 of 10066), ETA 0:00:00                              
[00:00:01] ... finding cutoff p=879 42.3% (4253 of 10066), ETA 0:00:00                              
[00:00:01] ... finding cutoff p=879 43.6% (4391 of 10066), ETA 0:00:00                              
[00:00:01] ... finding cutoff p=879 44.4% (4466 of 10066), ETA 0:00:00                              
[00:00:01] ... finding cutoff p=879 45.6% (4591 of 10066), ETA 0:00:00                              
[00:00:01] ... finding cutoff p=879 46.7% (4702 of 10066), ETA 0:00:00                              
[00:00:01] ... finding cutoff p=879 47.3% (4766 of 10066), ETA 0:00:00                              
[00:00:01] ... finding cutoff p=879 48.4% (4871 of 10066), ETA 0:00:00                              
[00:00:01] ... finding cutoff p=879 49.6% (4991 of 10066), ETA 0:00:00                              
[00:00:01] ... finding cutoff p=879 50.3% (5063 of 10066), ETA 0:00:00                              
[00:00:01] ... finding cutoff p=879 51.3% (5162 of 10066), ETA 0:00:00                              
[00:00:01] ... finding cutoff p=879 52.3% (5260 of 10066), ETA 0:00:00                              
[00:00:01] ... finding cutoff p=879 53.3% (5363 of 10066), ETA 0:00:00                              
[00:00:01] ... finding cutoff p=879 54.4% (5472 of 10066), ETA 0:00:00                              
[00:00:01] ... finding cutoff p=879 55.2% (5555 of 10066), ETA 0:00:00                              
[00:00:01] ... finding cutoff p=879 56.3% (5667 of 10066), ETA 0:00:00                              
[00:00:01] ... finding cutoff p=879 57.3% (5767 of 10066), ETA 0:00:00                              
[00:00:01] ... finding cutoff p=879 58.3% (5869 of 10066), ETA 0:00:00                              
[00:00:01] ... finding cutoff p=879 59.2% (5959 of 10066), ETA 0:00:00                              
[00:00:01] ... finding cutoff p=879 60.4% (6076 of 10066), ETA 0:00:00                              
[00:00:01] ... finding cutoff p=879 61.4% (6180 of 10066), ETA 0:00:00                              
[00:00:01] ... finding cutoff p=879 62.4% (6282 of 10066), ETA 0:00:00                              
[00:00:01] ... finding cutoff p=879 63.4% (6382 of 10066), ETA 0:00:00                              
[00:00:01] ... finding cutoff p=879 64.3% (6468 of 10066), ETA 0:00:00                              
[00:00:01] ... finding cutoff p=879 65.3% (6570 of 10066), ETA 0:00:00                              
[00:00:01] ... finding cutoff p=879 66.2% (6666 of 10066), ETA 0:00:00                              
[00:00:01] ... finding cutoff p=879 67.3% (6779 of 10066), ETA 0:00:00                              
[00:00:01] ... finding cutoff p=879 68.2% (6870 of 10066), ETA 0:00:00                              
[00:00:01] ... finding cutoff p=879 69.3% (6980 of 10066), ETA 0:00:00                              
[00:00:01] ... finding cutoff p=879 70.5% (7092 of 10066), ETA 0:00:00                              
[00:00:01] ... finding cutoff p=879 71.4% (7192 of 10066), ETA 0:00:00                              
[00:00:01] ... finding cutoff p=879 72.4% (7289 of 10066), ETA 0:00:00                              
[00:00:01] ... finding cutoff p=879 73.4% (7391 of 10066), ETA 0:00:00                              
[00:00:01] ... finding cutoff p=879 74.3% (7480 of 10066), ETA 0:00:00                              
[00:00:01] ... finding cutoff p=879 75.5% (7595 of 10066), ETA 0:00:00                              
[00:00:01] ... finding cutoff p=879 76.3% (7685 of 10066), ETA 0:00:00                              
[00:00:01] ... finding cutoff p=879 77.4% (7790 of 10066), ETA 0:00:00                              
[00:00:01] ... finding cutoff p=879 78.3% (7882 of 10066), ETA 0:00:00                              
[00:00:01] ... finding cutoff p=879 79.4% (7993 of 10066), ETA 0:00:00                              
[00:00:01] ... finding cutoff p=879 80.3% (8086 of 10066), ETA 0:00:00                              
[00:00:01] ... finding cutoff p=879 81.3% (8186 of 10066), ETA 0:00:00                              
[00:00:01] ... finding cutoff p=879 82.4% (8297 of 10066), ETA 0:00:00                              
[00:00:01] ... finding cutoff p=879 83.4% (8400 of 10066), ETA 0:00:00                              
[00:00:01] ... finding cutoff p=879 84.3% (8488 of 10066), ETA 0:00:00                              
[00:00:01] ... finding cutoff p=879 85.3% (8585 of 10066), ETA 0:00:00                              
[00:00:01] ... finding cutoff p=879 86.3% (8687 of 10066), ETA 0:00:00                              
[00:00:01] ... finding cutoff p=879 87.3% (8788 of 10066), ETA 0:00:00                              
[00:00:01] ... finding cutoff p=879 88.4% (8899 of 10066), ETA 0:00:00                              
[00:00:01] ... finding cutoff p=879 89.3% (8990 of 10066), ETA 0:00:00                              
[00:00:01] ... finding cutoff p=879 90.3% (9094 of 10066), ETA 0:00:00                              
[00:00:01] ... finding cutoff p=879 91.3% (9194 of 10066), ETA 0:00:00                              
[00:00:01] ... finding cutoff p=879 92.3% (9294 of 10066), ETA 0:00:00                              
[00:00:01] ... finding cutoff p=879 93.4% (9401 of 10066), ETA 0:00:00                              
[00:00:01] ... finding cutoff p=879 94.4% (9499 of 10066), ETA 0:00:00                              
[00:00:01] ... finding cutoff p=879 95.4% (9599 of 10066), ETA 0:00:00                              
[00:00:01] ... finding cutoff p=879 96.3% (9697 of 10066), ETA 0:00:00                              
[00:00:01] ... finding cutoff p=879 97.3% (9797 of 10066), ETA 0:00:00                              
[00:00:01] ... finding cutoff p=879 98.3% (9899 of 10066), ETA 0:00:00                              
[00:00:01] ... finding cutoff p=879 99.3% (9999 of 10066), ETA 0:00:00                              
[00:00:01] Preparing TNF Graph Building [pTNF = 87.9; 7555 / 10066 (P = 75.05%) round 30]               
[00:00:01] Finding cutoff p=868 [-97.9Gb / 1007.8Gb]                                                     
[00:00:01] ... finding cutoff p=868 1.4% (144 of 10066), ETA 0:00:00                              
[00:00:01] ... finding cutoff p=868 2.5% (249 of 10066), ETA 0:00:00                              
[00:00:01] ... finding cutoff p=868 3.6% (360 of 10066), ETA 0:00:00                              
[00:00:01] ... finding cutoff p=868 4.4% (440 of 10066), ETA 0:00:00                              
[00:00:01] ... finding cutoff p=868 5.2% (521 of 10066), ETA 0:00:00                              
[00:00:01] ... finding cutoff p=868 6.1% (616 of 10066), ETA 0:00:00                              
[00:00:01] ... finding cutoff p=868 7.8% (785 of 10066), ETA 0:00:00                              
[00:00:01] ... finding cutoff p=868 8.8% (883 of 10066), ETA 0:00:00                              
[00:00:01] ... finding cutoff p=868 9.9% (996 of 10066), ETA 0:00:00                              
[00:00:01] ... finding cutoff p=868 10.7% (1081 of 10066), ETA 0:00:00                              
[00:00:01] ... finding cutoff p=868 11.6% (1171 of 10066), ETA 0:00:00                              
[00:00:01] ... finding cutoff p=868 12.5% (1263 of 10066), ETA 0:00:00                              
[00:00:01] ... finding cutoff p=868 13.5% (1359 of 10066), ETA 0:00:00                              
[00:00:01] ... finding cutoff p=868 14.5% (1456 of 10066), ETA 0:00:00                              
[00:00:01] ... finding cutoff p=868 15.4% (1552 of 10066), ETA 0:00:00                              
[00:00:01] ... finding cutoff p=868 16.4% (1654 of 10066), ETA 0:00:00                              
[00:00:01] ... finding cutoff p=868 17.2% (1733 of 10066), ETA 0:00:00                              
[00:00:01] ... finding cutoff p=868 18.6% (1870 of 10066), ETA 0:00:00                              
[00:00:01] ... finding cutoff p=868 19.4% (1948 of 10066), ETA 0:00:00                              
[00:00:01] ... finding cutoff p=868 20.7% (2086 of 10066), ETA 0:00:00                              
[00:00:01] ... finding cutoff p=868 21.4% (2156 of 10066), ETA 0:00:00                              
[00:00:01] ... finding cutoff p=868 22.2% (2232 of 10066), ETA 0:00:00                              
[00:00:01] ... finding cutoff p=868 23.4% (2354 of 10066), ETA 0:00:00                              
[00:00:01] ... finding cutoff p=868 24.5% (2470 of 10066), ETA 0:00:00                              
[00:00:01] ... finding cutoff p=868 25.4% (2559 of 10066), ETA 0:00:00                              
[00:00:01] ... finding cutoff p=868 26.2% (2638 of 10066), ETA 0:00:00                              
[00:00:01] ... finding cutoff p=868 27.4% (2762 of 10066), ETA 0:00:00                              
[00:00:01] ... finding cutoff p=868 28.2% (2836 of 10066), ETA 0:00:00                              
[00:00:01] ... finding cutoff p=868 29.5% (2970 of 10066), ETA 0:00:00                              
[00:00:01] ... finding cutoff p=868 30.3% (3047 of 10066), ETA 0:00:00                              
[00:00:01] ... finding cutoff p=868 31.5% (3173 of 10066), ETA 0:00:00                              
[00:00:01] ... finding cutoff p=868 32.2% (3245 of 10066), ETA 0:00:00                              
[00:00:01] ... finding cutoff p=868 33.5% (3374 of 10066), ETA 0:00:00                              
[00:00:01] ... finding cutoff p=868 34.1% (3435 of 10066), ETA 0:00:00                              
[00:00:01] ... finding cutoff p=868 35.3% (3555 of 10066), ETA 0:00:00                              
[00:00:01] ... finding cutoff p=868 36.7% (3696 of 10066), ETA 0:00:00                              
[00:00:01] ... finding cutoff p=868 37.5% (3771 of 10066), ETA 0:00:00                              
[00:00:01] ... finding cutoff p=868 38.1% (3838 of 10066), ETA 0:00:00                              
[00:00:01] ... finding cutoff p=868 39.4% (3965 of 10066), ETA 0:00:00                              
[00:00:01] ... finding cutoff p=868 40.1% (4041 of 10066), ETA 0:00:00                              
[00:00:01] ... finding cutoff p=868 41.3% (4155 of 10066), ETA 0:00:00                              
[00:00:01] ... finding cutoff p=868 42.6% (4293 of 10066), ETA 0:00:00                              
[00:00:01] ... finding cutoff p=868 43.5% (4380 of 10066), ETA 0:00:00                              
[00:00:01] ... finding cutoff p=868 44.2% (4445 of 10066), ETA 0:00:00                              
[00:00:01] ... finding cutoff p=868 45.2% (4550 of 10066), ETA 0:00:00                              
[00:00:01] ... finding cutoff p=868 46.3% (4664 of 10066), ETA 0:00:00                              
[00:00:01] ... finding cutoff p=868 47.6% (4792 of 10066), ETA 0:00:00                              
[00:00:01] ... finding cutoff p=868 48.3% (4862 of 10066), ETA 0:00:00                              
[00:00:01] ... finding cutoff p=868 49.5% (4981 of 10066), ETA 0:00:00                              
[00:00:01] ... finding cutoff p=868 50.6% (5091 of 10066), ETA 0:00:00                              
[00:00:01] ... finding cutoff p=868 51.6% (5195 of 10066), ETA 0:00:00                              
[00:00:01] ... finding cutoff p=868 52.3% (5266 of 10066), ETA 0:00:00                              
[00:00:01] ... finding cutoff p=868 53.3% (5370 of 10066), ETA 0:00:00                              
[00:00:01] ... finding cutoff p=868 54.5% (5490 of 10066), ETA 0:00:00                              
[00:00:01] ... finding cutoff p=868 55.6% (5598 of 10066), ETA 0:00:00                              
[00:00:01] ... finding cutoff p=868 56.5% (5686 of 10066), ETA 0:00:00                              
[00:00:01] ... finding cutoff p=868 57.4% (5781 of 10066), ETA 0:00:00                              
[00:00:01] ... finding cutoff p=868 58.5% (5889 of 10066), ETA 0:00:00                              
[00:00:01] ... finding cutoff p=868 59.7% (6008 of 10066), ETA 0:00:00                              
[00:00:01] ... finding cutoff p=868 60.6% (6105 of 10066), ETA 0:00:00                              
[00:00:01] ... finding cutoff p=868 61.6% (6199 of 10066), ETA 0:00:00                              
[00:00:01] ... finding cutoff p=868 62.5% (6291 of 10066), ETA 0:00:00                              
[00:00:01] ... finding cutoff p=868 63.5% (6392 of 10066), ETA 0:00:00                              
[00:00:01] ... finding cutoff p=868 64.4% (6484 of 10066), ETA 0:00:00                              
[00:00:01] ... finding cutoff p=868 65.5% (6592 of 10066), ETA 0:00:00                              
[00:00:01] ... finding cutoff p=868 66.4% (6680 of 10066), ETA 0:00:00                              
[00:00:01] ... finding cutoff p=868 67.4% (6784 of 10066), ETA 0:00:00                              
[00:00:01] ... finding cutoff p=868 68.2% (6868 of 10066), ETA 0:00:00                              
[00:00:01] ... finding cutoff p=868 69.3% (6978 of 10066), ETA 0:00:00                              
[00:00:01] ... finding cutoff p=868 70.5% (7096 of 10066), ETA 0:00:00                              
[00:00:01] ... finding cutoff p=868 71.3% (7173 of 10066), ETA 0:00:00                              
[00:00:01] ... finding cutoff p=868 72.4% (7292 of 10066), ETA 0:00:00                              
[00:00:01] ... finding cutoff p=868 73.2% (7373 of 10066), ETA 0:00:00                              
[00:00:01] ... finding cutoff p=868 74.5% (7501 of 10066), ETA 0:00:00                              
[00:00:01] ... finding cutoff p=868 75.3% (7578 of 10066), ETA 0:00:00                              
[00:00:01] ... finding cutoff p=868 76.3% (7678 of 10066), ETA 0:00:00                              
[00:00:01] ... finding cutoff p=868 77.4% (7788 of 10066), ETA 0:00:00                              
[00:00:01] ... finding cutoff p=868 78.5% (7902 of 10066), ETA 0:00:00                              
[00:00:01] ... finding cutoff p=868 79.4% (7988 of 10066), ETA 0:00:00                              
[00:00:01] ... finding cutoff p=868 80.3% (8088 of 10066), ETA 0:00:00                              
[00:00:01] ... finding cutoff p=868 81.3% (8186 of 10066), ETA 0:00:00                              
[00:00:01] ... finding cutoff p=868 82.4% (8294 of 10066), ETA 0:00:00                              
[00:00:01] ... finding cutoff p=868 83.4% (8400 of 10066), ETA 0:00:00                              
[00:00:01] ... finding cutoff p=868 84.4% (8498 of 10066), ETA 0:00:00                              
[00:00:01] ... finding cutoff p=868 85.4% (8592 of 10066), ETA 0:00:00                              
[00:00:01] ... finding cutoff p=868 86.4% (8698 of 10066), ETA 0:00:00                              
[00:00:01] ... finding cutoff p=868 87.3% (8792 of 10066), ETA 0:00:00                              
[00:00:01] ... finding cutoff p=868 88.4% (8898 of 10066), ETA 0:00:00                              
[00:00:01] ... finding cutoff p=868 89.3% (8991 of 10066), ETA 0:00:00                              
[00:00:01] ... finding cutoff p=868 90.4% (9101 of 10066), ETA 0:00:00                              
[00:00:01] ... finding cutoff p=868 91.4% (9200 of 10066), ETA 0:00:00                              
[00:00:01] ... finding cutoff p=868 92.4% (9297 of 10066), ETA 0:00:00                              
[00:00:01] ... finding cutoff p=868 93.3% (9393 of 10066), ETA 0:00:00                              
[00:00:01] ... finding cutoff p=868 94.4% (9498 of 10066), ETA 0:00:00                              
[00:00:01] ... finding cutoff p=868 95.4% (9598 of 10066), ETA 0:00:00                              
[00:00:01] ... finding cutoff p=868 96.4% (9701 of 10066), ETA 0:00:00                              
[00:00:01] ... finding cutoff p=868 97.3% (9798 of 10066), ETA 0:00:00                              
[00:00:01] ... finding cutoff p=868 98.3% (9898 of 10066), ETA 0:00:00                              
[00:00:01] ... finding cutoff p=868 99.3% (9999 of 10066), ETA 0:00:00                              
[00:00:01] Preparing TNF Graph Building [pTNF = 86.8; 7701 / 10066 (P = 76.51%) round 31]               
[00:00:01] Finding cutoff p=859 [-97.9Gb / 1007.8Gb]                                                     
[00:00:01] ... finding cutoff p=859 1.8% (177 of 10066), ETA 0:00:00                              
[00:00:01] ... finding cutoff p=859 3.1% (308 of 10066), ETA 0:00:00                              
[00:00:01] ... finding cutoff p=859 4.1% (416 of 10066), ETA 0:00:00                              
[00:00:01] ... finding cutoff p=859 5.6% (567 of 10066), ETA 0:00:00                              
[00:00:01] ... finding cutoff p=859 6.7% (679 of 10066), ETA 0:00:00                              
[00:00:01] ... finding cutoff p=859 7.8% (782 of 10066), ETA 0:00:00                              
[00:00:01] ... finding cutoff p=859 8.8% (890 of 10066), ETA 0:00:00                              
[00:00:01] ... finding cutoff p=859 10.0% (1005 of 10066), ETA 0:00:00                              
[00:00:01] ... finding cutoff p=859 11.1% (1113 of 10066), ETA 0:00:00                              
[00:00:01] ... finding cutoff p=859 12.3% (1236 of 10066), ETA 0:00:00                              
[00:00:01] ... finding cutoff p=859 13.2% (1331 of 10066), ETA 0:00:00                              
[00:00:01] ... finding cutoff p=859 14.4% (1447 of 10066), ETA 0:00:00                              
[00:00:01] ... finding cutoff p=859 15.2% (1534 of 10066), ETA 0:00:00                              
[00:00:01] ... finding cutoff p=859 16.4% (1651 of 10066), ETA 0:00:00                              
[00:00:01] ... finding cutoff p=859 17.2% (1732 of 10066), ETA 0:00:00                              
[00:00:01] ... finding cutoff p=859 18.4% (1854 of 10066), ETA 0:00:00                              
[00:00:01] ... finding cutoff p=859 19.7% (1981 of 10066), ETA 0:00:00                              
[00:00:01] ... finding cutoff p=859 20.5% (2059 of 10066), ETA 0:00:00                              
[00:00:01] ... finding cutoff p=859 21.2% (2130 of 10066), ETA 0:00:00                              
[00:00:01] ... finding cutoff p=859 22.3% (2247 of 10066), ETA 0:00:00                              
[00:00:01] ... finding cutoff p=859 23.6% (2378 of 10066), ETA 0:00:00                              
[00:00:01] ... finding cutoff p=859 24.3% (2450 of 10066), ETA 0:00:00                              
[00:00:01] ... finding cutoff p=859 25.5% (2568 of 10066), ETA 0:00:00                              
[00:00:01] ... finding cutoff p=859 26.4% (2661 of 10066), ETA 0:00:00                              
[00:00:01] ... finding cutoff p=859 27.6% (2778 of 10066), ETA 0:00:00                              
[00:00:01] ... finding cutoff p=859 28.3% (2850 of 10066), ETA 0:00:00                              
[00:00:01] ... finding cutoff p=859 29.2% (2944 of 10066), ETA 0:00:00                              
[00:00:01] ... finding cutoff p=859 30.5% (3068 of 10066), ETA 0:00:00                              
[00:00:01] ... finding cutoff p=859 31.4% (3161 of 10066), ETA 0:00:00                              
[00:00:01] ... finding cutoff p=859 32.3% (3250 of 10066), ETA 0:00:00                              
[00:00:01] ... finding cutoff p=859 33.4% (3358 of 10066), ETA 0:00:00                              
[00:00:01] ... finding cutoff p=859 34.6% (3482 of 10066), ETA 0:00:00                              
[00:00:01] ... finding cutoff p=859 35.3% (3556 of 10066), ETA 0:00:00                              
[00:00:01] ... finding cutoff p=859 36.5% (3677 of 10066), ETA 0:00:00                              
[00:00:01] ... finding cutoff p=859 37.4% (3761 of 10066), ETA 0:00:00                              
[00:00:01] ... finding cutoff p=859 38.6% (3886 of 10066), ETA 0:00:00                              
[00:00:01] ... finding cutoff p=859 39.2% (3947 of 10066), ETA 0:00:00                              
[00:00:01] ... finding cutoff p=859 40.5% (4073 of 10066), ETA 0:00:00                              
[00:00:01] ... finding cutoff p=859 41.1% (4141 of 10066), ETA 0:00:00                              
[00:00:01] ... finding cutoff p=859 42.3% (4261 of 10066), ETA 0:00:00                              
[00:00:01] ... finding cutoff p=859 43.2% (4345 of 10066), ETA 0:00:00                              
[00:00:01] ... finding cutoff p=859 44.5% (4479 of 10066), ETA 0:00:00                              
[00:00:01] ... finding cutoff p=859 45.2% (4554 of 10066), ETA 0:00:00                              
[00:00:01] ... finding cutoff p=859 46.3% (4664 of 10066), ETA 0:00:00                              
[00:00:01] ... finding cutoff p=859 47.7% (4797 of 10066), ETA 0:00:00                              
[00:00:01] ... finding cutoff p=859 48.4% (4874 of 10066), ETA 0:00:00                              
[00:00:01] ... finding cutoff p=859 49.6% (4991 of 10066), ETA 0:00:00                              
[00:00:01] ... finding cutoff p=859 50.3% (5060 of 10066), ETA 0:00:00                              
[00:00:01] ... finding cutoff p=859 51.3% (5159 of 10066), ETA 0:00:00                              
[00:00:01] ... finding cutoff p=859 52.5% (5287 of 10066), ETA 0:00:00                              
[00:00:01] ... finding cutoff p=859 53.2% (5360 of 10066), ETA 0:00:00                              
[00:00:01] ... finding cutoff p=859 54.2% (5459 of 10066), ETA 0:00:00                              
[00:00:01] ... finding cutoff p=859 55.2% (5558 of 10066), ETA 0:00:00                              
[00:00:01] ... finding cutoff p=859 56.4% (5680 of 10066), ETA 0:00:00                              
[00:00:01] ... finding cutoff p=859 57.5% (5786 of 10066), ETA 0:00:00                              
[00:00:01] ... finding cutoff p=859 58.4% (5876 of 10066), ETA 0:00:00                              
[00:00:01] ... finding cutoff p=859 59.5% (5990 of 10066), ETA 0:00:00                              
[00:00:01] ... finding cutoff p=859 60.4% (6083 of 10066), ETA 0:00:00                              
[00:00:01] ... finding cutoff p=859 61.4% (6180 of 10066), ETA 0:00:00                              
[00:00:01] ... finding cutoff p=859 62.3% (6268 of 10066), ETA 0:00:00                              
[00:00:01] ... finding cutoff p=859 63.2% (6366 of 10066), ETA 0:00:00                              
[00:00:01] ... finding cutoff p=859 64.3% (6475 of 10066), ETA 0:00:00                              
[00:00:01] ... finding cutoff p=859 65.4% (6585 of 10066), ETA 0:00:00                              
[00:00:01] ... finding cutoff p=859 66.2% (6667 of 10066), ETA 0:00:00                              
[00:00:01] ... finding cutoff p=859 67.4% (6784 of 10066), ETA 0:00:00                              
[00:00:01] ... finding cutoff p=859 68.4% (6889 of 10066), ETA 0:00:00                              
[00:00:01] ... finding cutoff p=859 69.4% (6982 of 10066), ETA 0:00:00                              
[00:00:01] ... finding cutoff p=859 70.3% (7080 of 10066), ETA 0:00:00                              
[00:00:01] ... finding cutoff p=859 71.5% (7198 of 10066), ETA 0:00:00                              
[00:00:01] ... finding cutoff p=859 72.4% (7290 of 10066), ETA 0:00:00                              
[00:00:01] ... finding cutoff p=859 73.4% (7384 of 10066), ETA 0:00:00                              
[00:00:01] ... finding cutoff p=859 74.4% (7488 of 10066), ETA 0:00:00                              
[00:00:01] ... finding cutoff p=859 75.3% (7583 of 10066), ETA 0:00:00                              
[00:00:01] ... finding cutoff p=859 76.4% (7689 of 10066), ETA 0:00:00                              
[00:00:01] ... finding cutoff p=859 77.5% (7797 of 10066), ETA 0:00:00                              
[00:00:01] ... finding cutoff p=859 78.3% (7883 of 10066), ETA 0:00:00                              
[00:00:01] ... finding cutoff p=859 79.3% (7986 of 10066), ETA 0:00:00                              
[00:00:01] ... finding cutoff p=859 80.4% (8094 of 10066), ETA 0:00:00                              
[00:00:01] ... finding cutoff p=859 81.3% (8186 of 10066), ETA 0:00:00                              
[00:00:01] ... finding cutoff p=859 82.3% (8287 of 10066), ETA 0:00:00                              
[00:00:01] ... finding cutoff p=859 83.4% (8398 of 10066), ETA 0:00:00                              
[00:00:01] ... finding cutoff p=859 84.3% (8490 of 10066), ETA 0:00:00                              
[00:00:01] ... finding cutoff p=859 85.4% (8596 of 10066), ETA 0:00:00                              
[00:00:01] ... finding cutoff p=859 86.4% (8699 of 10066), ETA 0:00:00                              
[00:00:01] ... finding cutoff p=859 87.4% (8794 of 10066), ETA 0:00:00                              
[00:00:01] ... finding cutoff p=859 88.3% (8892 of 10066), ETA 0:00:00                              
[00:00:01] ... finding cutoff p=859 89.3% (8989 of 10066), ETA 0:00:00                              
[00:00:01] ... finding cutoff p=859 90.4% (9099 of 10066), ETA 0:00:00                              
[00:00:01] ... finding cutoff p=859 91.4% (9201 of 10066), ETA 0:00:00                              
[00:00:01] ... finding cutoff p=859 92.3% (9294 of 10066), ETA 0:00:00                              
[00:00:01] ... finding cutoff p=859 93.4% (9401 of 10066), ETA 0:00:00                              
[00:00:01] ... finding cutoff p=859 94.3% (9497 of 10066), ETA 0:00:00                              
[00:00:01] ... finding cutoff p=859 95.3% (9595 of 10066), ETA 0:00:00                              
[00:00:01] ... finding cutoff p=859 96.4% (9702 of 10066), ETA 0:00:00                              
[00:00:01] ... finding cutoff p=859 97.3% (9798 of 10066), ETA 0:00:00                              
[00:00:01] ... finding cutoff p=859 98.3% (9899 of 10066), ETA 0:00:00                              
[00:00:01] ... finding cutoff p=859 99.3% (9999 of 10066), ETA 0:00:00                              
[00:00:01] Preparing TNF Graph Building [pTNF = 85.9; 7811 / 10066 (P = 77.60%) round 32]               
[00:00:01] Finding cutoff p=849 [-97.9Gb / 1007.8Gb]                                                     
[00:00:01] ... finding cutoff p=849 1.0% (103 of 10066), ETA 0:00:00                              
[00:00:01] ... finding cutoff p=849 2.1% (214 of 10066), ETA 0:00:00                              
[00:00:01] ... finding cutoff p=849 3.1% (312 of 10066), ETA 0:00:00                              
[00:00:01] ... finding cutoff p=849 4.2% (425 of 10066), ETA 0:00:00                              
[00:00:01] ... finding cutoff p=849 5.1% (515 of 10066), ETA 0:00:00                              
[00:00:01] ... finding cutoff p=849 6.2% (623 of 10066), ETA 0:00:00                              
[00:00:01] ... finding cutoff p=849 7.2% (721 of 10066), ETA 0:00:00                              
[00:00:01] ... finding cutoff p=849 8.1% (819 of 10066), ETA 0:00:00                              
[00:00:01] ... finding cutoff p=849 9.2% (931 of 10066), ETA 0:00:00                              
[00:00:01] ... finding cutoff p=849 10.4% (1043 of 10066), ETA 0:00:00                              
[00:00:01] ... finding cutoff p=849 11.2% (1132 of 10066), ETA 0:00:00                              
[00:00:01] ... finding cutoff p=849 12.6% (1270 of 10066), ETA 0:00:00                              
[00:00:01] ... finding cutoff p=849 13.1% (1321 of 10066), ETA 0:00:00                              
[00:00:01] ... finding cutoff p=849 14.4% (1446 of 10066), ETA 0:00:00                              
[00:00:01] ... finding cutoff p=849 15.2% (1533 of 10066), ETA 0:00:00                              
[00:00:01] ... finding cutoff p=849 16.4% (1655 of 10066), ETA 0:00:00                              
[00:00:01] ... finding cutoff p=849 17.3% (1742 of 10066), ETA 0:00:00                              
[00:00:01] ... finding cutoff p=849 18.1% (1819 of 10066), ETA 0:00:00                              
[00:00:01] ... finding cutoff p=849 19.4% (1950 of 10066), ETA 0:00:00                              
[00:00:01] ... finding cutoff p=849 20.6% (2076 of 10066), ETA 0:00:00                              
[00:00:01] ... finding cutoff p=849 21.3% (2142 of 10066), ETA 0:00:00                              
[00:00:01] ... finding cutoff p=849 22.6% (2270 of 10066), ETA 0:00:00                              
[00:00:01] ... finding cutoff p=849 24.1% (2421 of 10066), ETA 0:00:00                              
[00:00:01] ... finding cutoff p=849 24.9% (2502 of 10066), ETA 0:00:00                              
[00:00:01] ... finding cutoff p=849 25.7% (2587 of 10066), ETA 0:00:00                              
[00:00:01] ... finding cutoff p=849 26.3% (2651 of 10066), ETA 0:00:00                              
[00:00:01] ... finding cutoff p=849 27.6% (2783 of 10066), ETA 0:00:00                              
[00:00:01] ... finding cutoff p=849 28.4% (2858 of 10066), ETA 0:00:00                              
[00:00:01] ... finding cutoff p=849 29.6% (2981 of 10066), ETA 0:00:00                              
[00:00:01] ... finding cutoff p=849 30.4% (3058 of 10066), ETA 0:00:00                              
[00:00:01] ... finding cutoff p=849 31.1% (3133 of 10066), ETA 0:00:00                              
[00:00:01] ... finding cutoff p=849 32.5% (3275 of 10066), ETA 0:00:00                              
[00:00:01] ... finding cutoff p=849 33.4% (3359 of 10066), ETA 0:00:00                              
[00:00:01] ... finding cutoff p=849 34.6% (3479 of 10066), ETA 0:00:00                              
[00:00:01] ... finding cutoff p=849 35.4% (3568 of 10066), ETA 0:00:00                              
[00:00:01] ... finding cutoff p=849 36.1% (3638 of 10066), ETA 0:00:00                              
[00:00:01] ... finding cutoff p=849 37.3% (3759 of 10066), ETA 0:00:00                              
[00:00:01] ... finding cutoff p=849 38.1% (3839 of 10066), ETA 0:00:00                              
[00:00:01] ... finding cutoff p=849 39.5% (3976 of 10066), ETA 0:00:00                              
[00:00:01] ... finding cutoff p=849 40.6% (4084 of 10066), ETA 0:00:00                              
[00:00:01] ... finding cutoff p=849 41.3% (4161 of 10066), ETA 0:00:00                              
[00:00:01] ... finding cutoff p=849 42.5% (4280 of 10066), ETA 0:00:00                              
[00:00:01] ... finding cutoff p=849 43.2% (4353 of 10066), ETA 0:00:00                              
[00:00:01] ... finding cutoff p=849 44.3% (4463 of 10066), ETA 0:00:00                              
[00:00:01] ... finding cutoff p=849 45.5% (4577 of 10066), ETA 0:00:00                              
[00:00:01] ... finding cutoff p=849 46.6% (4690 of 10066), ETA 0:00:00                              
[00:00:01] ... finding cutoff p=849 47.2% (4750 of 10066), ETA 0:00:00                              
[00:00:01] ... finding cutoff p=849 48.3% (4864 of 10066), ETA 0:00:00                              
[00:00:01] ... finding cutoff p=849 49.5% (4979 of 10066), ETA 0:00:00                              
[00:00:01] ... finding cutoff p=849 50.6% (5092 of 10066), ETA 0:00:00                              
[00:00:01] ... finding cutoff p=849 51.2% (5157 of 10066), ETA 0:00:00                              
[00:00:01] ... finding cutoff p=849 52.6% (5290 of 10066), ETA 0:00:00                              
[00:00:01] ... finding cutoff p=849 53.3% (5364 of 10066), ETA 0:00:00                              
[00:00:01] ... finding cutoff p=849 54.2% (5457 of 10066), ETA 0:00:00                              
[00:00:01] ... finding cutoff p=849 55.2% (5560 of 10066), ETA 0:00:00                              
[00:00:01] ... finding cutoff p=849 56.3% (5663 of 10066), ETA 0:00:00                              
[00:00:01] ... finding cutoff p=849 57.2% (5757 of 10066), ETA 0:00:00                              
[00:00:01] ... finding cutoff p=849 58.4% (5879 of 10066), ETA 0:00:00                              
[00:00:01] ... finding cutoff p=849 59.6% (5995 of 10066), ETA 0:00:00                              
[00:00:01] ... finding cutoff p=849 60.6% (6097 of 10066), ETA 0:00:00                              
[00:00:01] ... finding cutoff p=849 61.7% (6207 of 10066), ETA 0:00:00                              
[00:00:01] ... finding cutoff p=849 62.2% (6263 of 10066), ETA 0:00:00                              
[00:00:01] ... finding cutoff p=849 63.3% (6367 of 10066), ETA 0:00:00                              
[00:00:01] ... finding cutoff p=849 64.4% (6486 of 10066), ETA 0:00:00                              
[00:00:01] ... finding cutoff p=849 65.3% (6575 of 10066), ETA 0:00:00                              
[00:00:01] ... finding cutoff p=849 66.4% (6685 of 10066), ETA 0:00:00                              
[00:00:01] ... finding cutoff p=849 67.3% (6775 of 10066), ETA 0:00:00                              
[00:00:01] ... finding cutoff p=849 68.3% (6876 of 10066), ETA 0:00:00                              
[00:00:01] ... finding cutoff p=849 69.5% (6991 of 10066), ETA 0:00:00                              
[00:00:01] ... finding cutoff p=849 70.3% (7080 of 10066), ETA 0:00:00                              
[00:00:01] ... finding cutoff p=849 71.3% (7176 of 10066), ETA 0:00:00                              
[00:00:01] ... finding cutoff p=849 72.4% (7284 of 10066), ETA 0:00:00                              
[00:00:01] ... finding cutoff p=849 73.4% (7390 of 10066), ETA 0:00:00                              
[00:00:01] ... finding cutoff p=849 74.5% (7495 of 10066), ETA 0:00:00                              
[00:00:01] ... finding cutoff p=849 75.4% (7593 of 10066), ETA 0:00:00                              
[00:00:01] ... finding cutoff p=849 76.5% (7698 of 10066), ETA 0:00:00                              
[00:00:01] ... finding cutoff p=849 77.3% (7784 of 10066), ETA 0:00:00                              
[00:00:01] ... finding cutoff p=849 78.4% (7896 of 10066), ETA 0:00:00                              
[00:00:01] ... finding cutoff p=849 79.3% (7982 of 10066), ETA 0:00:00                              
[00:00:01] ... finding cutoff p=849 80.4% (8091 of 10066), ETA 0:00:00                              
[00:00:01] ... finding cutoff p=849 81.4% (8194 of 10066), ETA 0:00:00                              
[00:00:01] ... finding cutoff p=849 82.3% (8283 of 10066), ETA 0:00:00                              
[00:00:01] ... finding cutoff p=849 83.3% (8385 of 10066), ETA 0:00:00                              
[00:00:01] ... finding cutoff p=849 84.4% (8498 of 10066), ETA 0:00:00                              
[00:00:01] ... finding cutoff p=849 85.4% (8595 of 10066), ETA 0:00:00                              
[00:00:01] ... finding cutoff p=849 86.4% (8695 of 10066), ETA 0:00:00                              
[00:00:01] ... finding cutoff p=849 87.4% (8795 of 10066), ETA 0:00:00                              
[00:00:01] ... finding cutoff p=849 88.4% (8896 of 10066), ETA 0:00:00                              
[00:00:01] ... finding cutoff p=849 89.4% (8995 of 10066), ETA 0:00:00                              
[00:00:01] ... finding cutoff p=849 90.4% (9096 of 10066), ETA 0:00:00                              
[00:00:01] ... finding cutoff p=849 91.4% (9198 of 10066), ETA 0:00:00                              
[00:00:01] ... finding cutoff p=849 92.4% (9299 of 10066), ETA 0:00:00                              
[00:00:01] ... finding cutoff p=849 93.4% (9397 of 10066), ETA 0:00:00                              
[00:00:01] ... finding cutoff p=849 94.4% (9498 of 10066), ETA 0:00:00                              
[00:00:01] ... finding cutoff p=849 95.3% (9597 of 10066), ETA 0:00:00                              
[00:00:01] ... finding cutoff p=849 96.4% (9702 of 10066), ETA 0:00:00                              
[00:00:01] ... finding cutoff p=849 97.3% (9797 of 10066), ETA 0:00:00                              
[00:00:01] ... finding cutoff p=849 98.3% (9899 of 10066), ETA 0:00:00                              
[00:00:01] ... finding cutoff p=849 99.3% (9999 of 10066), ETA 0:00:00                              
[00:00:01] Preparing TNF Graph Building [pTNF = 84.9; 7940 / 10066 (P = 78.88%) round 33]               
[00:00:01] Finding cutoff p=839 [-97.9Gb / 1007.8Gb]                                                     
[00:00:01] ... finding cutoff p=839 1.8% (180 of 10066), ETA 0:00:00                              
[00:00:01] ... finding cutoff p=839 3.1% (311 of 10066), ETA 0:00:00                              
[00:00:01] ... finding cutoff p=839 4.7% (476 of 10066), ETA 0:00:00                              
[00:00:01] ... finding cutoff p=839 5.9% (592 of 10066), ETA 0:00:00                              
[00:00:01] ... finding cutoff p=839 6.9% (694 of 10066), ETA 0:00:00                              
[00:00:01] ... finding cutoff p=839 7.9% (797 of 10066), ETA 0:00:00                              
[00:00:01] ... finding cutoff p=839 9.0% (910 of 10066), ETA 0:00:00                              
[00:00:01] ... finding cutoff p=839 10.2% (1029 of 10066), ETA 0:00:00                              
[00:00:01] ... finding cutoff p=839 11.5% (1153 of 10066), ETA 0:00:00                              
[00:00:01] ... finding cutoff p=839 12.6% (1272 of 10066), ETA 0:00:00                              
[00:00:01] ... finding cutoff p=839 13.4% (1345 of 10066), ETA 0:00:00                              
[00:00:01] ... finding cutoff p=839 14.5% (1458 of 10066), ETA 0:00:00                              
[00:00:01] ... finding cutoff p=839 15.4% (1549 of 10066), ETA 0:00:00                              
[00:00:01] ... finding cutoff p=839 16.1% (1623 of 10066), ETA 0:00:00                              
[00:00:01] ... finding cutoff p=839 17.2% (1733 of 10066), ETA 0:00:00                              
[00:00:01] ... finding cutoff p=839 18.2% (1834 of 10066), ETA 0:00:00                              
[00:00:01] ... finding cutoff p=839 19.1% (1920 of 10066), ETA 0:00:00                              
[00:00:01] ... finding cutoff p=839 20.3% (2046 of 10066), ETA 0:00:00                              
[00:00:01] ... finding cutoff p=839 21.1% (2122 of 10066), ETA 0:00:00                              
[00:00:01] ... finding cutoff p=839 22.3% (2247 of 10066), ETA 0:00:00                              
[00:00:01] ... finding cutoff p=839 23.5% (2364 of 10066), ETA 0:00:00                              
[00:00:01] ... finding cutoff p=839 24.2% (2434 of 10066), ETA 0:00:00                              
[00:00:01] ... finding cutoff p=839 25.6% (2572 of 10066), ETA 0:00:00                              
[00:00:01] ... finding cutoff p=839 26.3% (2645 of 10066), ETA 0:00:00                              
[00:00:01] ... finding cutoff p=839 27.6% (2782 of 10066), ETA 0:00:00                              
[00:00:01] ... finding cutoff p=839 28.3% (2852 of 10066), ETA 0:00:00                              
[00:00:01] ... finding cutoff p=839 29.1% (2929 of 10066), ETA 0:00:00                              
[00:00:01] ... finding cutoff p=839 30.3% (3045 of 10066), ETA 0:00:00                              
[00:00:01] ... finding cutoff p=839 31.6% (3184 of 10066), ETA 0:00:00                              
[00:00:01] ... finding cutoff p=839 32.5% (3269 of 10066), ETA 0:00:00                              
[00:00:01] ... finding cutoff p=839 33.2% (3339 of 10066), ETA 0:00:00                              
[00:00:01] ... finding cutoff p=839 34.4% (3464 of 10066), ETA 0:00:00                              
[00:00:01] ... finding cutoff p=839 35.5% (3577 of 10066), ETA 0:00:00                              
[00:00:01] ... finding cutoff p=839 36.4% (3662 of 10066), ETA 0:00:00                              
[00:00:01] ... finding cutoff p=839 37.5% (3772 of 10066), ETA 0:00:00                              
[00:00:01] ... finding cutoff p=839 38.3% (3858 of 10066), ETA 0:00:00                              
[00:00:01] ... finding cutoff p=839 39.5% (3973 of 10066), ETA 0:00:00                              
[00:00:01] ... finding cutoff p=839 40.6% (4088 of 10066), ETA 0:00:00                              
[00:00:01] ... finding cutoff p=839 41.3% (4157 of 10066), ETA 0:00:00                              
[00:00:01] ... finding cutoff p=839 42.6% (4292 of 10066), ETA 0:00:00                              
[00:00:01] ... finding cutoff p=839 43.4% (4368 of 10066), ETA 0:00:00                              
[00:00:01] ... finding cutoff p=839 44.6% (4488 of 10066), ETA 0:00:00                              
[00:00:01] ... finding cutoff p=839 45.5% (4577 of 10066), ETA 0:00:00                              
[00:00:01] ... finding cutoff p=839 46.7% (4698 of 10066), ETA 0:00:00                              
[00:00:01] ... finding cutoff p=839 47.5% (4777 of 10066), ETA 0:00:00                              
[00:00:01] ... finding cutoff p=839 48.6% (4890 of 10066), ETA 0:00:00                              
[00:00:01] ... finding cutoff p=839 49.2% (4957 of 10066), ETA 0:00:00                              
[00:00:01] ... finding cutoff p=839 50.4% (5069 of 10066), ETA 0:00:00                              
[00:00:01] ... finding cutoff p=839 51.4% (5170 of 10066), ETA 0:00:00                              
[00:00:01] ... finding cutoff p=839 52.4% (5271 of 10066), ETA 0:00:00                              
[00:00:01] ... finding cutoff p=839 53.5% (5382 of 10066), ETA 0:00:00                              
[00:00:01] ... finding cutoff p=839 54.5% (5487 of 10066), ETA 0:00:00                              
[00:00:01] ... finding cutoff p=839 55.4% (5579 of 10066), ETA 0:00:00                              
[00:00:01] ... finding cutoff p=839 56.4% (5679 of 10066), ETA 0:00:00                              
[00:00:01] ... finding cutoff p=839 57.5% (5786 of 10066), ETA 0:00:00                              
[00:00:01] ... finding cutoff p=839 58.5% (5885 of 10066), ETA 0:00:00                              
[00:00:01] ... finding cutoff p=839 59.4% (5984 of 10066), ETA 0:00:00                              
[00:00:01] ... finding cutoff p=839 60.6% (6101 of 10066), ETA 0:00:00                              
[00:00:01] ... finding cutoff p=839 61.2% (6163 of 10066), ETA 0:00:00                              
[00:00:01] ... finding cutoff p=839 62.3% (6269 of 10066), ETA 0:00:00                              
[00:00:01] ... finding cutoff p=839 63.3% (6369 of 10066), ETA 0:00:00                              
[00:00:01] ... finding cutoff p=839 64.4% (6483 of 10066), ETA 0:00:00                              
[00:00:01] ... finding cutoff p=839 65.3% (6573 of 10066), ETA 0:00:00                              
[00:00:01] ... finding cutoff p=839 66.3% (6676 of 10066), ETA 0:00:00                              
[00:00:01] ... finding cutoff p=839 67.5% (6796 of 10066), ETA 0:00:00                              
[00:00:01] ... finding cutoff p=839 68.3% (6879 of 10066), ETA 0:00:00                              
[00:00:01] ... finding cutoff p=839 69.5% (6991 of 10066), ETA 0:00:00                              
[00:00:01] ... finding cutoff p=839 70.3% (7079 of 10066), ETA 0:00:00                              
[00:00:01] ... finding cutoff p=839 71.3% (7178 of 10066), ETA 0:00:00                              
[00:00:01] ... finding cutoff p=839 72.3% (7281 of 10066), ETA 0:00:00                              
[00:00:01] ... finding cutoff p=839 73.4% (7385 of 10066), ETA 0:00:00                              
[00:00:01] ... finding cutoff p=839 74.4% (7491 of 10066), ETA 0:00:00                              
[00:00:01] ... finding cutoff p=839 75.4% (7587 of 10066), ETA 0:00:00                              
[00:00:01] ... finding cutoff p=839 76.5% (7699 of 10066), ETA 0:00:00                              
[00:00:01] ... finding cutoff p=839 77.4% (7791 of 10066), ETA 0:00:00                              
[00:00:01] ... finding cutoff p=839 78.4% (7888 of 10066), ETA 0:00:00                              
[00:00:01] ... finding cutoff p=839 79.4% (7988 of 10066), ETA 0:00:00                              
[00:00:01] ... finding cutoff p=839 80.3% (8087 of 10066), ETA 0:00:00                              
[00:00:01] ... finding cutoff p=839 81.3% (8184 of 10066), ETA 0:00:00                              
[00:00:01] ... finding cutoff p=839 82.3% (8287 of 10066), ETA 0:00:00                              
[00:00:01] ... finding cutoff p=839 83.3% (8384 of 10066), ETA 0:00:00                              
[00:00:01] ... finding cutoff p=839 84.4% (8495 of 10066), ETA 0:00:00                              
[00:00:01] ... finding cutoff p=839 85.4% (8594 of 10066), ETA 0:00:00                              
[00:00:01] ... finding cutoff p=839 86.3% (8688 of 10066), ETA 0:00:00                              
[00:00:01] ... finding cutoff p=839 87.3% (8791 of 10066), ETA 0:00:00                              
[00:00:01] ... finding cutoff p=839 88.4% (8899 of 10066), ETA 0:00:00                              
[00:00:01] ... finding cutoff p=839 89.4% (8995 of 10066), ETA 0:00:00                              
[00:00:01] ... finding cutoff p=839 90.4% (9104 of 10066), ETA 0:00:00                              
[00:00:01] ... finding cutoff p=839 91.3% (9193 of 10066), ETA 0:00:00                              
[00:00:01] ... finding cutoff p=839 92.4% (9305 of 10066), ETA 0:00:00                              
[00:00:01] ... finding cutoff p=839 93.3% (9396 of 10066), ETA 0:00:00                              
[00:00:01] ... finding cutoff p=839 94.3% (9494 of 10066), ETA 0:00:00                              
[00:00:01] ... finding cutoff p=839 95.4% (9600 of 10066), ETA 0:00:00                              
[00:00:01] ... finding cutoff p=839 96.3% (9696 of 10066), ETA 0:00:00                              
[00:00:01] ... finding cutoff p=839 97.4% (9800 of 10066), ETA 0:00:00                              
[00:00:01] ... finding cutoff p=839 98.3% (9898 of 10066), ETA 0:00:00                              
[00:00:01] ... finding cutoff p=839 99.3% (9999 of 10066), ETA 0:00:00                              
[00:00:01] Preparing TNF Graph Building [pTNF = 83.9; 8069 / 10066 (P = 80.16%) round 34]               
[00:00:01] Finding cutoff p=828 [-97.9Gb / 1007.8Gb]                                                     
[00:00:01] ... finding cutoff p=828 1.7% (175 of 10066), ETA 0:00:00                              
[00:00:01] ... finding cutoff p=828 3.2% (321 of 10066), ETA 0:00:00                              
[00:00:01] ... finding cutoff p=828 4.3% (428 of 10066), ETA 0:00:00                              
[00:00:01] ... finding cutoff p=828 5.1% (517 of 10066), ETA 0:00:00                              
[00:00:01] ... finding cutoff p=828 6.3% (638 of 10066), ETA 0:00:00                              
[00:00:01] ... finding cutoff p=828 7.3% (734 of 10066), ETA 0:00:00                              
[00:00:01] ... finding cutoff p=828 8.1% (820 of 10066), ETA 0:00:00                              
[00:00:01] ... finding cutoff p=828 9.7% (974 of 10066), ETA 0:00:00                              
[00:00:01] ... finding cutoff p=828 10.8% (1091 of 10066), ETA 0:00:00                              
[00:00:01] ... finding cutoff p=828 11.9% (1199 of 10066), ETA 0:00:00                              
[00:00:01] ... finding cutoff p=828 12.9% (1301 of 10066), ETA 0:00:00                              
[00:00:01] ... finding cutoff p=828 13.6% (1371 of 10066), ETA 0:00:00                              
[00:00:01] ... finding cutoff p=828 14.1% (1424 of 10066), ETA 0:00:00                              
[00:00:01] ... finding cutoff p=828 15.5% (1559 of 10066), ETA 0:00:00                              
[00:00:01] ... finding cutoff p=828 16.3% (1645 of 10066), ETA 0:00:00                              
[00:00:01] ... finding cutoff p=828 17.1% (1725 of 10066), ETA 0:00:00                              
[00:00:01] ... finding cutoff p=828 18.3% (1842 of 10066), ETA 0:00:00                              
[00:00:01] ... finding cutoff p=828 19.1% (1925 of 10066), ETA 0:00:00                              
[00:00:01] ... finding cutoff p=828 20.4% (2056 of 10066), ETA 0:00:00                              
[00:00:01] ... finding cutoff p=828 21.8% (2191 of 10066), ETA 0:00:00                              
[00:00:01] ... finding cutoff p=828 22.4% (2252 of 10066), ETA 0:00:00                              
[00:00:01] ... finding cutoff p=828 23.5% (2362 of 10066), ETA 0:00:00                              
[00:00:01] ... finding cutoff p=828 24.3% (2448 of 10066), ETA 0:00:00                              
[00:00:01] ... finding cutoff p=828 25.6% (2576 of 10066), ETA 0:00:00                              
[00:00:01] ... finding cutoff p=828 26.2% (2642 of 10066), ETA 0:00:00                              
[00:00:01] ... finding cutoff p=828 27.7% (2792 of 10066), ETA 0:00:00                              
[00:00:01] ... finding cutoff p=828 28.5% (2867 of 10066), ETA 0:00:00                              
[00:00:01] ... finding cutoff p=828 29.2% (2942 of 10066), ETA 0:00:00                              
[00:00:01] ... finding cutoff p=828 30.4% (3065 of 10066), ETA 0:00:00                              
[00:00:01] ... finding cutoff p=828 31.3% (3148 of 10066), ETA 0:00:00                              
[00:00:01] ... finding cutoff p=828 32.6% (3281 of 10066), ETA 0:00:00                              
[00:00:01] ... finding cutoff p=828 33.4% (3366 of 10066), ETA 0:00:00                              
[00:00:01] ... finding cutoff p=828 34.1% (3436 of 10066), ETA 0:00:00                              
[00:00:01] ... finding cutoff p=828 35.3% (3555 of 10066), ETA 0:00:00                              
[00:00:01] ... finding cutoff p=828 36.2% (3643 of 10066), ETA 0:00:00                              
[00:00:01] ... finding cutoff p=828 37.5% (3778 of 10066), ETA 0:00:00                              
[00:00:01] ... finding cutoff p=828 38.1% (3840 of 10066), ETA 0:00:00                              
[00:00:01] ... finding cutoff p=828 39.5% (3981 of 10066), ETA 0:00:00                              
[00:00:01] ... finding cutoff p=828 40.4% (4062 of 10066), ETA 0:00:00                              
[00:00:01] ... finding cutoff p=828 41.5% (4175 of 10066), ETA 0:00:00                              
[00:00:01] ... finding cutoff p=828 42.8% (4310 of 10066), ETA 0:00:00                              
[00:00:01] ... finding cutoff p=828 43.5% (4383 of 10066), ETA 0:00:00                              
[00:00:01] ... finding cutoff p=828 44.1% (4444 of 10066), ETA 0:00:00                              
[00:00:01] ... finding cutoff p=828 45.2% (4554 of 10066), ETA 0:00:00                              
[00:00:01] ... finding cutoff p=828 46.4% (4670 of 10066), ETA 0:00:00                              
[00:00:01] ... finding cutoff p=828 47.7% (4805 of 10066), ETA 0:00:00                              
[00:00:01] ... finding cutoff p=828 48.4% (4867 of 10066), ETA 0:00:00                              
[00:00:01] ... finding cutoff p=828 49.5% (4982 of 10066), ETA 0:00:00                              
[00:00:01] ... finding cutoff p=828 50.2% (5055 of 10066), ETA 0:00:00                              
[00:00:01] ... finding cutoff p=828 51.3% (5166 of 10066), ETA 0:00:00                              
[00:00:01] ... finding cutoff p=828 52.5% (5282 of 10066), ETA 0:00:00                              
[00:00:01] ... finding cutoff p=828 53.4% (5380 of 10066), ETA 0:00:00                              
[00:00:01] ... finding cutoff p=828 54.5% (5491 of 10066), ETA 0:00:00                              
[00:00:01] ... finding cutoff p=828 55.5% (5590 of 10066), ETA 0:00:00                              
[00:00:01] ... finding cutoff p=828 56.6% (5696 of 10066), ETA 0:00:00                              
[00:00:01] ... finding cutoff p=828 57.6% (5800 of 10066), ETA 0:00:00                              
[00:00:01] ... finding cutoff p=828 58.2% (5860 of 10066), ETA 0:00:00                              
[00:00:01] ... finding cutoff p=828 59.4% (5983 of 10066), ETA 0:00:00                              
[00:00:01] ... finding cutoff p=828 60.7% (6109 of 10066), ETA 0:00:00                              
[00:00:01] ... finding cutoff p=828 61.3% (6170 of 10066), ETA 0:00:00                              
[00:00:01] ... finding cutoff p=828 62.4% (6283 of 10066), ETA 0:00:00                              
[00:00:01] ... finding cutoff p=828 63.4% (6383 of 10066), ETA 0:00:00                              
[00:00:01] ... finding cutoff p=828 64.4% (6480 of 10066), ETA 0:00:00                              
[00:00:01] ... finding cutoff p=828 65.3% (6574 of 10066), ETA 0:00:00                              
[00:00:01] ... finding cutoff p=828 66.3% (6672 of 10066), ETA 0:00:00                              
[00:00:01] ... finding cutoff p=828 67.3% (6775 of 10066), ETA 0:00:00                              
[00:00:01] ... finding cutoff p=828 68.4% (6885 of 10066), ETA 0:00:00                              
[00:00:01] ... finding cutoff p=828 69.3% (6974 of 10066), ETA 0:00:00                              
[00:00:01] ... finding cutoff p=828 70.4% (7082 of 10066), ETA 0:00:00                              
[00:00:01] ... finding cutoff p=828 71.2% (7172 of 10066), ETA 0:00:00                              
[00:00:01] ... finding cutoff p=828 72.3% (7273 of 10066), ETA 0:00:00                              
[00:00:01] ... finding cutoff p=828 73.3% (7383 of 10066), ETA 0:00:00                              
[00:00:01] ... finding cutoff p=828 74.3% (7478 of 10066), ETA 0:00:00                              
[00:00:01] ... finding cutoff p=828 75.4% (7592 of 10066), ETA 0:00:00                              
[00:00:01] ... finding cutoff p=828 76.3% (7676 of 10066), ETA 0:00:00                              
[00:00:01] ... finding cutoff p=828 77.3% (7785 of 10066), ETA 0:00:00                              
[00:00:01] ... finding cutoff p=828 78.5% (7898 of 10066), ETA 0:00:00                              
[00:00:01] ... finding cutoff p=828 79.4% (7994 of 10066), ETA 0:00:00                              
[00:00:01] ... finding cutoff p=828 80.3% (8088 of 10066), ETA 0:00:00                              
[00:00:01] ... finding cutoff p=828 81.4% (8197 of 10066), ETA 0:00:00                              
[00:00:01] ... finding cutoff p=828 82.3% (8288 of 10066), ETA 0:00:00                              
[00:00:01] ... finding cutoff p=828 83.3% (8388 of 10066), ETA 0:00:00                              
[00:00:01] ... finding cutoff p=828 84.4% (8491 of 10066), ETA 0:00:00                              
[00:00:01] ... finding cutoff p=828 85.4% (8593 of 10066), ETA 0:00:00                              
[00:00:01] ... finding cutoff p=828 86.3% (8690 of 10066), ETA 0:00:00                              
[00:00:01] ... finding cutoff p=828 87.4% (8796 of 10066), ETA 0:00:00                              
[00:00:01] ... finding cutoff p=828 88.3% (8889 of 10066), ETA 0:00:00                              
[00:00:01] ... finding cutoff p=828 89.4% (8997 of 10066), ETA 0:00:00                              
[00:00:01] ... finding cutoff p=828 90.3% (9091 of 10066), ETA 0:00:00                              
[00:00:01] ... finding cutoff p=828 91.3% (9194 of 10066), ETA 0:00:00                              
[00:00:01] ... finding cutoff p=828 92.3% (9294 of 10066), ETA 0:00:00                              
[00:00:01] ... finding cutoff p=828 93.3% (9395 of 10066), ETA 0:00:00                              
[00:00:01] ... finding cutoff p=828 94.3% (9494 of 10066), ETA 0:00:00                              
[00:00:01] ... finding cutoff p=828 95.4% (9601 of 10066), ETA 0:00:00                              
[00:00:01] ... finding cutoff p=828 96.3% (9696 of 10066), ETA 0:00:00                              
[00:00:01] ... finding cutoff p=828 97.3% (9797 of 10066), ETA 0:00:00                              
[00:00:01] ... finding cutoff p=828 98.4% (9902 of 10066), ETA 0:00:00                              
[00:00:01] ... finding cutoff p=828 99.3% (9999 of 10066), ETA 0:00:00                              
[00:00:01] Preparing TNF Graph Building [pTNF = 82.8; 8199 / 10066 (P = 81.45%) round 35]               
[00:00:01] Finding cutoff p=817 [-97.9Gb / 1007.8Gb]                                                     
[00:00:01] ... finding cutoff p=817 1.7% (171 of 10066), ETA 0:00:00                              
[00:00:01] ... finding cutoff p=817 2.9% (287 of 10066), ETA 0:00:00                              
[00:00:01] ... finding cutoff p=817 4.0% (398 of 10066), ETA 0:00:00                              
[00:00:01] ... finding cutoff p=817 4.8% (480 of 10066), ETA 0:00:00                              
[00:00:01] ... finding cutoff p=817 5.8% (579 of 10066), ETA 0:00:00                              
[00:00:01] ... finding cutoff p=817 6.7% (676 of 10066), ETA 0:00:00                              
[00:00:01] ... finding cutoff p=817 8.7% (874 of 10066), ETA 0:00:00                              
[00:00:01] ... finding cutoff p=817 9.9% (999 of 10066), ETA 0:00:00                              
[00:00:01] ... finding cutoff p=817 11.1% (1117 of 10066), ETA 0:00:00                              
[00:00:01] ... finding cutoff p=817 12.9% (1300 of 10066), ETA 0:00:00                              
[00:00:01] ... finding cutoff p=817 13.6% (1373 of 10066), ETA 0:00:00                              
[00:00:01] ... finding cutoff p=817 14.4% (1450 of 10066), ETA 0:00:00                              
[00:00:01] ... finding cutoff p=817 15.2% (1529 of 10066), ETA 0:00:00                              
[00:00:01] ... finding cutoff p=817 16.4% (1650 of 10066), ETA 0:00:00                              
[00:00:01] ... finding cutoff p=817 17.1% (1717 of 10066), ETA 0:00:00                              
[00:00:01] ... finding cutoff p=817 18.5% (1858 of 10066), ETA 0:00:00                              
[00:00:01] ... finding cutoff p=817 19.3% (1944 of 10066), ETA 0:00:00                              
[00:00:01] ... finding cutoff p=817 20.3% (2040 of 10066), ETA 0:00:00                              
[00:00:01] ... finding cutoff p=817 21.2% (2139 of 10066), ETA 0:00:00                              
[00:00:01] ... finding cutoff p=817 22.5% (2267 of 10066), ETA 0:00:00                              
[00:00:01] ... finding cutoff p=817 23.4% (2358 of 10066), ETA 0:00:00                              
[00:00:01] ... finding cutoff p=817 24.2% (2434 of 10066), ETA 0:00:00                              
[00:00:01] ... finding cutoff p=817 25.3% (2547 of 10066), ETA 0:00:00                              
[00:00:01] ... finding cutoff p=817 26.6% (2680 of 10066), ETA 0:00:00                              
[00:00:01] ... finding cutoff p=817 27.4% (2754 of 10066), ETA 0:00:00                              
[00:00:01] ... finding cutoff p=817 28.6% (2877 of 10066), ETA 0:00:00                              
[00:00:01] ... finding cutoff p=817 29.2% (2937 of 10066), ETA 0:00:00                              
[00:00:01] ... finding cutoff p=817 30.5% (3074 of 10066), ETA 0:00:00                              
[00:00:01] ... finding cutoff p=817 31.4% (3156 of 10066), ETA 0:00:00                              
[00:00:01] ... finding cutoff p=817 32.2% (3245 of 10066), ETA 0:00:00                              
[00:00:01] ... finding cutoff p=817 33.6% (3382 of 10066), ETA 0:00:00                              
[00:00:01] ... finding cutoff p=817 34.2% (3443 of 10066), ETA 0:00:00                              
[00:00:01] ... finding cutoff p=817 35.4% (3567 of 10066), ETA 0:00:00                              
[00:00:01] ... finding cutoff p=817 36.2% (3645 of 10066), ETA 0:00:00                              
[00:00:01] ... finding cutoff p=817 37.5% (3772 of 10066), ETA 0:00:00                              
[00:00:01] ... finding cutoff p=817 38.4% (3863 of 10066), ETA 0:00:00                              
[00:00:01] ... finding cutoff p=817 39.1% (3940 of 10066), ETA 0:00:00                              
[00:00:01] ... finding cutoff p=817 40.2% (4050 of 10066), ETA 0:00:00                              
[00:00:01] ... finding cutoff p=817 41.5% (4181 of 10066), ETA 0:00:00                              
[00:00:01] ... finding cutoff p=817 42.8% (4306 of 10066), ETA 0:00:00                              
[00:00:01] ... finding cutoff p=817 43.7% (4395 of 10066), ETA 0:00:00                              
[00:00:01] ... finding cutoff p=817 44.4% (4474 of 10066), ETA 0:00:00                              
[00:00:01] ... finding cutoff p=817 45.5% (4579 of 10066), ETA 0:00:00                              
[00:00:01] ... finding cutoff p=817 46.2% (4648 of 10066), ETA 0:00:00                              
[00:00:01] ... finding cutoff p=817 47.2% (4753 of 10066), ETA 0:00:00                              
[00:00:01] ... finding cutoff p=817 48.3% (4861 of 10066), ETA 0:00:00                              
[00:00:01] ... finding cutoff p=817 49.2% (4953 of 10066), ETA 0:00:00                              
[00:00:01] ... finding cutoff p=817 50.4% (5069 of 10066), ETA 0:00:00                              
[00:00:01] ... finding cutoff p=817 51.4% (5178 of 10066), ETA 0:00:00                              
[00:00:01] ... finding cutoff p=817 52.5% (5285 of 10066), ETA 0:00:00                              
[00:00:01] ... finding cutoff p=817 53.6% (5399 of 10066), ETA 0:00:00                              
[00:00:01] ... finding cutoff p=817 54.3% (5463 of 10066), ETA 0:00:00                              
[00:00:01] ... finding cutoff p=817 55.2% (5561 of 10066), ETA 0:00:00                              
[00:00:01] ... finding cutoff p=817 56.3% (5663 of 10066), ETA 0:00:00                              
[00:00:01] ... finding cutoff p=817 57.5% (5791 of 10066), ETA 0:00:00                              
[00:00:01] ... finding cutoff p=817 58.6% (5903 of 10066), ETA 0:00:00                              
[00:00:01] ... finding cutoff p=817 59.3% (5965 of 10066), ETA 0:00:00                              
[00:00:01] ... finding cutoff p=817 60.3% (6065 of 10066), ETA 0:00:00                              
[00:00:01] ... finding cutoff p=817 61.3% (6171 of 10066), ETA 0:00:00                              
[00:00:01] ... finding cutoff p=817 62.4% (6277 of 10066), ETA 0:00:00                              
[00:00:01] ... finding cutoff p=817 63.3% (6375 of 10066), ETA 0:00:00                              
[00:00:01] ... finding cutoff p=817 64.5% (6496 of 10066), ETA 0:00:00                              
[00:00:01] ... finding cutoff p=817 65.4% (6584 of 10066), ETA 0:00:00                              
[00:00:01] ... finding cutoff p=817 66.4% (6687 of 10066), ETA 0:00:00                              
[00:00:01] ... finding cutoff p=817 67.3% (6773 of 10066), ETA 0:00:00                              
[00:00:01] ... finding cutoff p=817 68.4% (6889 of 10066), ETA 0:00:00                              
[00:00:01] ... finding cutoff p=817 69.2% (6970 of 10066), ETA 0:00:00                              
[00:00:01] ... finding cutoff p=817 70.4% (7083 of 10066), ETA 0:00:00                              
[00:00:01] ... finding cutoff p=817 71.3% (7176 of 10066), ETA 0:00:00                              
[00:00:01] ... finding cutoff p=817 72.5% (7297 of 10066), ETA 0:00:00                              
[00:00:01] ... finding cutoff p=817 73.3% (7376 of 10066), ETA 0:00:00                              
[00:00:01] ... finding cutoff p=817 74.3% (7480 of 10066), ETA 0:00:00                              
[00:00:01] ... finding cutoff p=817 75.3% (7584 of 10066), ETA 0:00:00                              
[00:00:01] ... finding cutoff p=817 76.4% (7688 of 10066), ETA 0:00:00                              
[00:00:01] ... finding cutoff p=817 77.4% (7794 of 10066), ETA 0:00:00                              
[00:00:01] ... finding cutoff p=817 78.3% (7885 of 10066), ETA 0:00:00                              
[00:00:01] ... finding cutoff p=817 79.4% (7995 of 10066), ETA 0:00:00                              
[00:00:01] ... finding cutoff p=817 80.4% (8093 of 10066), ETA 0:00:00                              
[00:00:01] ... finding cutoff p=817 81.3% (8185 of 10066), ETA 0:00:00                              
[00:00:01] ... finding cutoff p=817 82.3% (8288 of 10066), ETA 0:00:00                              
[00:00:01] ... finding cutoff p=817 83.3% (8388 of 10066), ETA 0:00:00                              
[00:00:01] ... finding cutoff p=817 84.4% (8491 of 10066), ETA 0:00:00                              
[00:00:01] ... finding cutoff p=817 85.3% (8590 of 10066), ETA 0:00:00                              
[00:00:01] ... finding cutoff p=817 86.4% (8701 of 10066), ETA 0:00:00                              
[00:00:01] ... finding cutoff p=817 87.3% (8789 of 10066), ETA 0:00:00                              
[00:00:01] ... finding cutoff p=817 88.3% (8889 of 10066), ETA 0:00:00                              
[00:00:01] ... finding cutoff p=817 89.4% (8998 of 10066), ETA 0:00:00                              
[00:00:01] ... finding cutoff p=817 90.4% (9096 of 10066), ETA 0:00:00                              
[00:00:01] ... finding cutoff p=817 91.4% (9197 of 10066), ETA 0:00:00                              
[00:00:01] ... finding cutoff p=817 92.4% (9297 of 10066), ETA 0:00:00                              
[00:00:01] ... finding cutoff p=817 93.4% (9400 of 10066), ETA 0:00:00                              
[00:00:01] ... finding cutoff p=817 94.4% (9498 of 10066), ETA 0:00:00                              
[00:00:01] ... finding cutoff p=817 95.4% (9602 of 10066), ETA 0:00:00                              
[00:00:01] ... finding cutoff p=817 96.3% (9697 of 10066), ETA 0:00:00                              
[00:00:01] ... finding cutoff p=817 97.3% (9798 of 10066), ETA 0:00:00                              
[00:00:01] ... finding cutoff p=817 98.4% (9900 of 10066), ETA 0:00:00                              
[00:00:01] ... finding cutoff p=817 99.3% (9999 of 10066), ETA 0:00:00                              
[00:00:01] Preparing TNF Graph Building [pTNF = 81.7; 8355 / 10066 (P = 83.00%) round 36]               
[00:00:01] Finding cutoff p=808 [-97.9Gb / 1007.8Gb]                                                     
[00:00:01] ... finding cutoff p=808 1.7% (169 of 10066), ETA 0:00:00                              
[00:00:01] ... finding cutoff p=808 2.8% (284 of 10066), ETA 0:00:00                              
[00:00:01] ... finding cutoff p=808 3.9% (388 of 10066), ETA 0:00:00                              
[00:00:01] ... finding cutoff p=808 4.7% (474 of 10066), ETA 0:00:00                              
[00:00:01] ... finding cutoff p=808 5.7% (573 of 10066), ETA 0:00:00                              
[00:00:01] ... finding cutoff p=808 6.7% (670 of 10066), ETA 0:00:00                              
[00:00:01] ... finding cutoff p=808 7.7% (771 of 10066), ETA 0:00:00                              
[00:00:01] ... finding cutoff p=808 8.7% (873 of 10066), ETA 0:00:00                              
[00:00:01] ... finding cutoff p=808 9.6% (971 of 10066), ETA 0:00:00                              
[00:00:01] ... finding cutoff p=808 10.7% (1074 of 10066), ETA 0:00:00                              
[00:00:01] ... finding cutoff p=808 11.8% (1187 of 10066), ETA 0:00:00                              
[00:00:01] ... finding cutoff p=808 12.9% (1297 of 10066), ETA 0:00:00                              
[00:00:01] ... finding cutoff p=808 13.5% (1362 of 10066), ETA 0:00:00                              
[00:00:01] ... finding cutoff p=808 14.2% (1432 of 10066), ETA 0:00:00                              
[00:00:01] ... finding cutoff p=808 15.1% (1518 of 10066), ETA 0:00:00                              
[00:00:01] ... finding cutoff p=808 16.2% (1627 of 10066), ETA 0:00:00                              
[00:00:01] ... finding cutoff p=808 17.7% (1781 of 10066), ETA 0:00:00                              
[00:00:01] ... finding cutoff p=808 18.5% (1862 of 10066), ETA 0:00:00                              
[00:00:01] ... finding cutoff p=808 19.2% (1929 of 10066), ETA 0:00:00                              
[00:00:01] ... finding cutoff p=808 20.3% (2048 of 10066), ETA 0:00:00                              
[00:00:01] ... finding cutoff p=808 21.2% (2130 of 10066), ETA 0:00:00                              
[00:00:01] ... finding cutoff p=808 22.5% (2261 of 10066), ETA 0:00:00                              
[00:00:01] ... finding cutoff p=808 23.1% (2325 of 10066), ETA 0:00:00                              
[00:00:01] ... finding cutoff p=808 24.3% (2446 of 10066), ETA 0:00:00                              
[00:00:01] ... finding cutoff p=808 25.6% (2577 of 10066), ETA 0:00:00                              
[00:00:01] ... finding cutoff p=808 26.3% (2647 of 10066), ETA 0:00:00                              
[00:00:01] ... finding cutoff p=808 27.2% (2736 of 10066), ETA 0:00:00                              
[00:00:01] ... finding cutoff p=808 28.3% (2848 of 10066), ETA 0:00:00                              
[00:00:01] ... finding cutoff p=808 29.6% (2982 of 10066), ETA 0:00:00                              
[00:00:01] ... finding cutoff p=808 31.0% (3124 of 10066), ETA 0:00:00                              
[00:00:01] ... finding cutoff p=808 31.8% (3205 of 10066), ETA 0:00:00                              
[00:00:01] ... finding cutoff p=808 32.7% (3288 of 10066), ETA 0:00:00                              
[00:00:01] ... finding cutoff p=808 33.3% (3357 of 10066), ETA 0:00:00                              
[00:00:01] ... finding cutoff p=808 34.5% (3476 of 10066), ETA 0:00:00                              
[00:00:01] ... finding cutoff p=808 35.4% (3567 of 10066), ETA 0:00:00                              
[00:00:01] ... finding cutoff p=808 36.3% (3654 of 10066), ETA 0:00:00                              
[00:00:01] ... finding cutoff p=808 37.5% (3771 of 10066), ETA 0:00:00                              
[00:00:01] ... finding cutoff p=808 38.5% (3874 of 10066), ETA 0:00:00                              
[00:00:01] ... finding cutoff p=808 39.2% (3943 of 10066), ETA 0:00:00                              
[00:00:01] ... finding cutoff p=808 40.2% (4047 of 10066), ETA 0:00:00                              
[00:00:01] ... finding cutoff p=808 41.5% (4176 of 10066), ETA 0:00:00                              
[00:00:01] ... finding cutoff p=808 42.3% (4255 of 10066), ETA 0:00:00                              
[00:00:01] ... finding cutoff p=808 43.6% (4387 of 10066), ETA 0:00:00                              
[00:00:01] ... finding cutoff p=808 44.4% (4472 of 10066), ETA 0:00:00                              
[00:00:01] ... finding cutoff p=808 45.5% (4577 of 10066), ETA 0:00:00                              
[00:00:01] ... finding cutoff p=808 46.7% (4701 of 10066), ETA 0:00:00                              
[00:00:01] ... finding cutoff p=808 47.4% (4772 of 10066), ETA 0:00:00                              
[00:00:01] ... finding cutoff p=808 48.4% (4876 of 10066), ETA 0:00:00                              
[00:00:01] ... finding cutoff p=808 49.2% (4950 of 10066), ETA 0:00:00                              
[00:00:01] ... finding cutoff p=808 50.3% (5059 of 10066), ETA 0:00:00                              
[00:00:01] ... finding cutoff p=808 51.3% (5162 of 10066), ETA 0:00:00                              
[00:00:01] ... finding cutoff p=808 52.3% (5260 of 10066), ETA 0:00:00                              
[00:00:01] ... finding cutoff p=808 53.3% (5364 of 10066), ETA 0:00:00                              
[00:00:01] ... finding cutoff p=808 54.3% (5468 of 10066), ETA 0:00:00                              
[00:00:01] ... finding cutoff p=808 55.3% (5563 of 10066), ETA 0:00:00                              
[00:00:01] ... finding cutoff p=808 56.3% (5665 of 10066), ETA 0:00:00                              
[00:00:01] ... finding cutoff p=808 57.6% (5793 of 10066), ETA 0:00:00                              
[00:00:01] ... finding cutoff p=808 58.6% (5897 of 10066), ETA 0:00:00                              
[00:00:01] ... finding cutoff p=808 59.7% (6007 of 10066), ETA 0:00:00                              
[00:00:01] ... finding cutoff p=808 60.2% (6060 of 10066), ETA 0:00:00                              
[00:00:01] ... finding cutoff p=808 61.3% (6171 of 10066), ETA 0:00:00                              
[00:00:01] ... finding cutoff p=808 62.3% (6272 of 10066), ETA 0:00:00                              
[00:00:01] ... finding cutoff p=808 63.5% (6388 of 10066), ETA 0:00:00                              
[00:00:01] ... finding cutoff p=808 64.5% (6490 of 10066), ETA 0:00:00                              
[00:00:01] ... finding cutoff p=808 65.2% (6568 of 10066), ETA 0:00:00                              
[00:00:01] ... finding cutoff p=808 66.3% (6674 of 10066), ETA 0:00:00                              
[00:00:01] ... finding cutoff p=808 67.5% (6790 of 10066), ETA 0:00:00                              
[00:00:01] ... finding cutoff p=808 68.3% (6876 of 10066), ETA 0:00:00                              
[00:00:01] ... finding cutoff p=808 69.4% (6983 of 10066), ETA 0:00:00                              
[00:00:01] ... finding cutoff p=808 70.4% (7083 of 10066), ETA 0:00:00                              
[00:00:01] ... finding cutoff p=808 71.4% (7191 of 10066), ETA 0:00:00                              
[00:00:01] ... finding cutoff p=808 72.3% (7281 of 10066), ETA 0:00:00                              
[00:00:01] ... finding cutoff p=808 73.3% (7376 of 10066), ETA 0:00:00                              
[00:00:01] ... finding cutoff p=808 74.3% (7482 of 10066), ETA 0:00:00                              
[00:00:01] ... finding cutoff p=808 75.3% (7582 of 10066), ETA 0:00:00                              
[00:00:01] ... finding cutoff p=808 76.5% (7696 of 10066), ETA 0:00:00                              
[00:00:01] ... finding cutoff p=808 77.3% (7785 of 10066), ETA 0:00:00                              
[00:00:01] ... finding cutoff p=808 78.4% (7896 of 10066), ETA 0:00:00                              
[00:00:01] ... finding cutoff p=808 79.4% (7988 of 10066), ETA 0:00:00                              
[00:00:01] ... finding cutoff p=808 80.3% (8086 of 10066), ETA 0:00:00                              
[00:00:01] ... finding cutoff p=808 81.3% (8183 of 10066), ETA 0:00:00                              
[00:00:01] ... finding cutoff p=808 82.3% (8284 of 10066), ETA 0:00:00                              
[00:00:01] ... finding cutoff p=808 83.3% (8385 of 10066), ETA 0:00:00                              
[00:00:01] ... finding cutoff p=808 84.3% (8484 of 10066), ETA 0:00:00                              
[00:00:01] ... finding cutoff p=808 85.4% (8598 of 10066), ETA 0:00:00                              
[00:00:01] ... finding cutoff p=808 86.4% (8694 of 10066), ETA 0:00:00                              
[00:00:01] ... finding cutoff p=808 87.4% (8796 of 10066), ETA 0:00:00                              
[00:00:01] ... finding cutoff p=808 88.3% (8889 of 10066), ETA 0:00:00                              
[00:00:01] ... finding cutoff p=808 89.3% (8990 of 10066), ETA 0:00:00                              
[00:00:01] ... finding cutoff p=808 90.4% (9097 of 10066), ETA 0:00:00                              
[00:00:01] ... finding cutoff p=808 91.4% (9199 of 10066), ETA 0:00:00                              
[00:00:01] ... finding cutoff p=808 92.4% (9303 of 10066), ETA 0:00:00                              
[00:00:01] ... finding cutoff p=808 93.3% (9396 of 10066), ETA 0:00:00                              
[00:00:01] ... finding cutoff p=808 94.4% (9500 of 10066), ETA 0:00:00                              
[00:00:01] ... finding cutoff p=808 95.3% (9595 of 10066), ETA 0:00:00                              
[00:00:01] ... finding cutoff p=808 96.3% (9698 of 10066), ETA 0:00:00                              
[00:00:01] ... finding cutoff p=808 97.3% (9797 of 10066), ETA 0:00:00                              
[00:00:01] ... finding cutoff p=808 98.4% (9900 of 10066), ETA 0:00:00                              
[00:00:01] ... finding cutoff p=808 99.3% (9999 of 10066), ETA 0:00:00                              
[00:00:01] Preparing TNF Graph Building [pTNF = 80.8; 8465 / 10066 (P = 84.09%) round 37]               
[00:00:01] Finding cutoff p=799 [-97.9Gb / 1007.8Gb]                                                     
[00:00:01] ... finding cutoff p=799 1.4% (144 of 10066), ETA 0:00:00                              
[00:00:01] ... finding cutoff p=799 2.6% (258 of 10066), ETA 0:00:00                              
[00:00:01] ... finding cutoff p=799 3.6% (361 of 10066), ETA 0:00:00                              
[00:00:01] ... finding cutoff p=799 4.7% (470 of 10066), ETA 0:00:00                              
[00:00:01] ... finding cutoff p=799 5.6% (562 of 10066), ETA 0:00:00                              
[00:00:01] ... finding cutoff p=799 6.7% (672 of 10066), ETA 0:00:00                              
[00:00:01] ... finding cutoff p=799 7.6% (762 of 10066), ETA 0:00:00                              
[00:00:01] ... finding cutoff p=799 8.5% (857 of 10066), ETA 0:00:00                              
[00:00:01] ... finding cutoff p=799 9.5% (953 of 10066), ETA 0:00:00                              
[00:00:01] ... finding cutoff p=799 11.6% (1172 of 10066), ETA 0:00:00                              
[00:00:01] ... finding cutoff p=799 12.7% (1283 of 10066), ETA 0:00:00                              
[00:00:01] ... finding cutoff p=799 13.6% (1372 of 10066), ETA 0:00:00                              
[00:00:01] ... finding cutoff p=799 14.3% (1440 of 10066), ETA 0:00:00                              
[00:00:01] ... finding cutoff p=799 15.1% (1522 of 10066), ETA 0:00:00                              
[00:00:01] ... finding cutoff p=799 16.5% (1658 of 10066), ETA 0:00:00                              
[00:00:01] ... finding cutoff p=799 17.2% (1727 of 10066), ETA 0:00:00                              
[00:00:01] ... finding cutoff p=799 18.3% (1844 of 10066), ETA 0:00:00                              
[00:00:01] ... finding cutoff p=799 19.2% (1936 of 10066), ETA 0:00:00                              
[00:00:01] ... finding cutoff p=799 20.5% (2062 of 10066), ETA 0:00:00                              
[00:00:01] ... finding cutoff p=799 21.7% (2186 of 10066), ETA 0:00:00                              
[00:00:01] ... finding cutoff p=799 22.4% (2250 of 10066), ETA 0:00:00                              
[00:00:01] ... finding cutoff p=799 23.1% (2325 of 10066), ETA 0:00:00                              
[00:00:01] ... finding cutoff p=799 24.3% (2445 of 10066), ETA 0:00:00                              
[00:00:01] ... finding cutoff p=799 25.2% (2540 of 10066), ETA 0:00:00                              
[00:00:01] ... finding cutoff p=799 26.5% (2668 of 10066), ETA 0:00:00                              
[00:00:01] ... finding cutoff p=799 27.4% (2759 of 10066), ETA 0:00:00                              
[00:00:01] ... finding cutoff p=799 28.3% (2849 of 10066), ETA 0:00:00                              
[00:00:01] ... finding cutoff p=799 29.4% (2957 of 10066), ETA 0:00:00                              
[00:00:01] ... finding cutoff p=799 30.1% (3032 of 10066), ETA 0:00:00                              
[00:00:01] ... finding cutoff p=799 31.5% (3169 of 10066), ETA 0:00:00                              
[00:00:01] ... finding cutoff p=799 32.2% (3237 of 10066), ETA 0:00:00                              
[00:00:01] ... finding cutoff p=799 33.4% (3359 of 10066), ETA 0:00:00                              
[00:00:01] ... finding cutoff p=799 34.7% (3490 of 10066), ETA 0:00:00                              
[00:00:01] ... finding cutoff p=799 35.3% (3555 of 10066), ETA 0:00:00                              
[00:00:01] ... finding cutoff p=799 36.6% (3680 of 10066), ETA 0:00:00                              
[00:00:01] ... finding cutoff p=799 37.2% (3747 of 10066), ETA 0:00:00                              
[00:00:01] ... finding cutoff p=799 38.6% (3882 of 10066), ETA 0:00:00                              
[00:00:01] ... finding cutoff p=799 39.3% (3953 of 10066), ETA 0:00:00                              
[00:00:01] ... finding cutoff p=799 40.5% (4074 of 10066), ETA 0:00:00                              
[00:00:01] ... finding cutoff p=799 41.7% (4202 of 10066), ETA 0:00:00                              
[00:00:01] ... finding cutoff p=799 42.6% (4292 of 10066), ETA 0:00:00                              
[00:00:01] ... finding cutoff p=799 43.4% (4373 of 10066), ETA 0:00:00                              
[00:00:01] ... finding cutoff p=799 44.6% (4485 of 10066), ETA 0:00:00                              
[00:00:01] ... finding cutoff p=799 45.2% (4545 of 10066), ETA 0:00:00                              
[00:00:01] ... finding cutoff p=799 46.2% (4651 of 10066), ETA 0:00:00                              
[00:00:01] ... finding cutoff p=799 47.5% (4779 of 10066), ETA 0:00:00                              
[00:00:01] ... finding cutoff p=799 48.6% (4893 of 10066), ETA 0:00:00                              
[00:00:01] ... finding cutoff p=799 49.3% (4965 of 10066), ETA 0:00:00                              
[00:00:01] ... finding cutoff p=799 50.3% (5067 of 10066), ETA 0:00:00                              
[00:00:01] ... finding cutoff p=799 51.4% (5172 of 10066), ETA 0:00:00                              
[00:00:01] ... finding cutoff p=799 52.4% (5270 of 10066), ETA 0:00:00                              
[00:00:01] ... finding cutoff p=799 53.5% (5381 of 10066), ETA 0:00:00                              
[00:00:01] ... finding cutoff p=799 54.5% (5481 of 10066), ETA 0:00:00                              
[00:00:01] ... finding cutoff p=799 55.4% (5579 of 10066), ETA 0:00:00                              
[00:00:01] ... finding cutoff p=799 56.2% (5659 of 10066), ETA 0:00:00                              
[00:00:01] ... finding cutoff p=799 57.5% (5783 of 10066), ETA 0:00:00                              
[00:00:01] ... finding cutoff p=799 58.5% (5893 of 10066), ETA 0:00:00                              
[00:00:01] ... finding cutoff p=799 59.2% (5960 of 10066), ETA 0:00:00                              
[00:00:01] ... finding cutoff p=799 60.4% (6084 of 10066), ETA 0:00:00                              
[00:00:01] ... finding cutoff p=799 61.4% (6182 of 10066), ETA 0:00:00                              
[00:00:01] ... finding cutoff p=799 62.4% (6284 of 10066), ETA 0:00:00                              
[00:00:01] ... finding cutoff p=799 63.3% (6375 of 10066), ETA 0:00:00                              
[00:00:01] ... finding cutoff p=799 64.5% (6488 of 10066), ETA 0:00:00                              
[00:00:01] ... finding cutoff p=799 65.3% (6578 of 10066), ETA 0:00:00                              
[00:00:01] ... finding cutoff p=799 66.3% (6675 of 10066), ETA 0:00:00                              
[00:00:01] ... finding cutoff p=799 67.2% (6769 of 10066), ETA 0:00:00                              
[00:00:01] ... finding cutoff p=799 68.3% (6874 of 10066), ETA 0:00:00                              
[00:00:01] ... finding cutoff p=799 69.5% (6998 of 10066), ETA 0:00:00                              
[00:00:01] ... finding cutoff p=799 70.4% (7084 of 10066), ETA 0:00:00                              
[00:00:01] ... finding cutoff p=799 71.3% (7181 of 10066), ETA 0:00:00                              
[00:00:01] ... finding cutoff p=799 72.2% (7272 of 10066), ETA 0:00:00                              
[00:00:01] ... finding cutoff p=799 73.3% (7375 of 10066), ETA 0:00:00                              
[00:00:01] ... finding cutoff p=799 74.3% (7483 of 10066), ETA 0:00:00                              
[00:00:01] ... finding cutoff p=799 75.3% (7581 of 10066), ETA 0:00:00                              
[00:00:01] ... finding cutoff p=799 76.4% (7689 of 10066), ETA 0:00:00                              
[00:00:01] ... finding cutoff p=799 77.4% (7795 of 10066), ETA 0:00:00                              
[00:00:01] ... finding cutoff p=799 78.3% (7886 of 10066), ETA 0:00:00                              
[00:00:01] ... finding cutoff p=799 79.3% (7984 of 10066), ETA 0:00:00                              
[00:00:01] ... finding cutoff p=799 80.3% (8081 of 10066), ETA 0:00:00                              
[00:00:01] ... finding cutoff p=799 81.4% (8191 of 10066), ETA 0:00:00                              
[00:00:01] ... finding cutoff p=799 82.4% (8290 of 10066), ETA 0:00:00                              
[00:00:01] ... finding cutoff p=799 83.4% (8394 of 10066), ETA 0:00:00                              
[00:00:01] ... finding cutoff p=799 84.3% (8487 of 10066), ETA 0:00:00                              
[00:00:01] ... finding cutoff p=799 85.3% (8588 of 10066), ETA 0:00:00                              
[00:00:01] ... finding cutoff p=799 86.4% (8692 of 10066), ETA 0:00:00                              
[00:00:01] ... finding cutoff p=799 87.4% (8795 of 10066), ETA 0:00:00                              
[00:00:01] ... finding cutoff p=799 88.3% (8888 of 10066), ETA 0:00:00                              
[00:00:01] ... finding cutoff p=799 89.4% (8999 of 10066), ETA 0:00:00                              
[00:00:01] ... finding cutoff p=799 90.4% (9100 of 10066), ETA 0:00:00                              
[00:00:01] ... finding cutoff p=799 91.4% (9205 of 10066), ETA 0:00:00                              
[00:00:01] ... finding cutoff p=799 92.4% (9296 of 10066), ETA 0:00:00                              
[00:00:01] ... finding cutoff p=799 93.3% (9396 of 10066), ETA 0:00:00                              
[00:00:01] ... finding cutoff p=799 94.3% (9497 of 10066), ETA 0:00:00                              
[00:00:01] ... finding cutoff p=799 95.3% (9595 of 10066), ETA 0:00:00                              
[00:00:01] ... finding cutoff p=799 96.3% (9696 of 10066), ETA 0:00:00                              
[00:00:01] ... finding cutoff p=799 97.4% (9801 of 10066), ETA 0:00:00                              
[00:00:01] ... finding cutoff p=799 98.4% (9901 of 10066), ETA 0:00:00                              
[00:00:01] ... finding cutoff p=799 99.3% (9999 of 10066), ETA 0:00:00                              
[00:00:01] Preparing TNF Graph Building [pTNF = 79.9; 8562 / 10066 (P = 85.06%) round 38]               
[00:00:01] Finding cutoff p=790 [-97.9Gb / 1007.8Gb]                                                     
[00:00:01] ... finding cutoff p=790 1.8% (179 of 10066), ETA 0:00:00                              
[00:00:01] ... finding cutoff p=790 3.0% (304 of 10066), ETA 0:00:00                              
[00:00:01] ... finding cutoff p=790 4.0% (406 of 10066), ETA 0:00:00                              
[00:00:01] ... finding cutoff p=790 5.7% (573 of 10066), ETA 0:00:00                              
[00:00:01] ... finding cutoff p=790 6.6% (668 of 10066), ETA 0:00:00                              
[00:00:01] ... finding cutoff p=790 7.7% (772 of 10066), ETA 0:00:00                              
[00:00:01] ... finding cutoff p=790 8.8% (887 of 10066), ETA 0:00:00                              
[00:00:01] ... finding cutoff p=790 9.7% (979 of 10066), ETA 0:00:00                              
[00:00:01] ... finding cutoff p=790 10.7% (1080 of 10066), ETA 0:00:00                              
[00:00:01] ... finding cutoff p=790 11.8% (1186 of 10066), ETA 0:00:00                              
[00:00:01] ... finding cutoff p=790 12.9% (1294 of 10066), ETA 0:00:00                              
[00:00:01] ... finding cutoff p=790 13.5% (1354 of 10066), ETA 0:00:00                              
[00:00:01] ... finding cutoff p=790 14.2% (1431 of 10066), ETA 0:00:00                              
[00:00:01] ... finding cutoff p=790 15.4% (1552 of 10066), ETA 0:00:00                              
[00:00:01] ... finding cutoff p=790 16.2% (1626 of 10066), ETA 0:00:00                              
[00:00:01] ... finding cutoff p=790 17.4% (1755 of 10066), ETA 0:00:00                              
[00:00:01] ... finding cutoff p=790 18.3% (1843 of 10066), ETA 0:00:00                              
[00:00:01] ... finding cutoff p=790 19.5% (1962 of 10066), ETA 0:00:00                              
[00:00:01] ... finding cutoff p=790 20.2% (2033 of 10066), ETA 0:00:00                              
[00:00:01] ... finding cutoff p=790 21.1% (2121 of 10066), ETA 0:00:00                              
[00:00:01] ... finding cutoff p=790 22.6% (2276 of 10066), ETA 0:00:00                              
[00:00:01] ... finding cutoff p=790 23.6% (2376 of 10066), ETA 0:00:00                              
[00:00:01] ... finding cutoff p=790 24.3% (2449 of 10066), ETA 0:00:00                              
[00:00:01] ... finding cutoff p=790 25.2% (2541 of 10066), ETA 0:00:00                              
[00:00:01] ... finding cutoff p=790 26.4% (2657 of 10066), ETA 0:00:00                              
[00:00:01] ... finding cutoff p=790 27.2% (2741 of 10066), ETA 0:00:00                              
[00:00:01] ... finding cutoff p=790 28.5% (2869 of 10066), ETA 0:00:00                              
[00:00:01] ... finding cutoff p=790 29.1% (2934 of 10066), ETA 0:00:00                              
[00:00:01] ... finding cutoff p=790 30.4% (3063 of 10066), ETA 0:00:00                              
[00:00:01] ... finding cutoff p=790 31.3% (3148 of 10066), ETA 0:00:00                              
[00:00:01] ... finding cutoff p=790 32.5% (3271 of 10066), ETA 0:00:00                              
[00:00:01] ... finding cutoff p=790 33.3% (3350 of 10066), ETA 0:00:00                              
[00:00:01] ... finding cutoff p=790 34.4% (3464 of 10066), ETA 0:00:00                              
[00:00:01] ... finding cutoff p=790 35.6% (3588 of 10066), ETA 0:00:00                              
[00:00:01] ... finding cutoff p=790 36.4% (3659 of 10066), ETA 0:00:00                              
[00:00:01] ... finding cutoff p=790 37.6% (3787 of 10066), ETA 0:00:00                              
[00:00:01] ... finding cutoff p=790 38.3% (3852 of 10066), ETA 0:00:00                              
[00:00:01] ... finding cutoff p=790 39.4% (3965 of 10066), ETA 0:00:00                              
[00:00:01] ... finding cutoff p=790 40.6% (4085 of 10066), ETA 0:00:00                              
[00:00:01] ... finding cutoff p=790 41.2% (4150 of 10066), ETA 0:00:00                              
[00:00:01] ... finding cutoff p=790 42.4% (4273 of 10066), ETA 0:00:00                              
[00:00:01] ... finding cutoff p=790 43.2% (4352 of 10066), ETA 0:00:00                              
[00:00:01] ... finding cutoff p=790 44.5% (4479 of 10066), ETA 0:00:00                              
[00:00:01] ... finding cutoff p=790 45.6% (4591 of 10066), ETA 0:00:00                              
[00:00:01] ... finding cutoff p=790 46.2% (4655 of 10066), ETA 0:00:00                              
[00:00:01] ... finding cutoff p=790 47.3% (4765 of 10066), ETA 0:00:00                              
[00:00:01] ... finding cutoff p=790 48.5% (4878 of 10066), ETA 0:00:00                              
[00:00:01] ... finding cutoff p=790 49.6% (4989 of 10066), ETA 0:00:00                              
[00:00:01] ... finding cutoff p=790 50.2% (5058 of 10066), ETA 0:00:00                              
[00:00:01] ... finding cutoff p=790 51.2% (5155 of 10066), ETA 0:00:00                              
[00:00:01] ... finding cutoff p=790 52.2% (5256 of 10066), ETA 0:00:00                              
[00:00:01] ... finding cutoff p=790 53.3% (5365 of 10066), ETA 0:00:00                              
[00:00:01] ... finding cutoff p=790 54.4% (5475 of 10066), ETA 0:00:00                              
[00:00:01] ... finding cutoff p=790 55.2% (5561 of 10066), ETA 0:00:00                              
[00:00:01] ... finding cutoff p=790 56.4% (5678 of 10066), ETA 0:00:00                              
[00:00:01] ... finding cutoff p=790 57.4% (5777 of 10066), ETA 0:00:00                              
[00:00:01] ... finding cutoff p=790 58.5% (5886 of 10066), ETA 0:00:00                              
[00:00:01] ... finding cutoff p=790 59.4% (5981 of 10066), ETA 0:00:00                              
[00:00:01] ... finding cutoff p=790 60.4% (6078 of 10066), ETA 0:00:00                              
[00:00:01] ... finding cutoff p=790 61.3% (6175 of 10066), ETA 0:00:00                              
[00:00:01] ... finding cutoff p=790 62.2% (6266 of 10066), ETA 0:00:00                              
[00:00:01] ... finding cutoff p=790 63.4% (6384 of 10066), ETA 0:00:00                              
[00:00:01] ... finding cutoff p=790 64.3% (6470 of 10066), ETA 0:00:00                              
[00:00:01] ... finding cutoff p=790 65.3% (6576 of 10066), ETA 0:00:00                              
[00:00:01] ... finding cutoff p=790 66.3% (6669 of 10066), ETA 0:00:00                              
[00:00:01] ... finding cutoff p=790 67.4% (6784 of 10066), ETA 0:00:00                              
[00:00:01] ... finding cutoff p=790 68.5% (6894 of 10066), ETA 0:00:00                              
[00:00:01] ... finding cutoff p=790 69.4% (6983 of 10066), ETA 0:00:00                              
[00:00:01] ... finding cutoff p=790 70.4% (7089 of 10066), ETA 0:00:00                              
[00:00:01] ... finding cutoff p=790 71.3% (7177 of 10066), ETA 0:00:00                              
[00:00:01] ... finding cutoff p=790 72.3% (7281 of 10066), ETA 0:00:00                              
[00:00:01] ... finding cutoff p=790 73.4% (7385 of 10066), ETA 0:00:00                              
[00:00:01] ... finding cutoff p=790 74.4% (7489 of 10066), ETA 0:00:00                              
[00:00:01] ... finding cutoff p=790 75.3% (7576 of 10066), ETA 0:00:00                              
[00:00:01] ... finding cutoff p=790 76.3% (7683 of 10066), ETA 0:00:00                              
[00:00:01] ... finding cutoff p=790 77.5% (7804 of 10066), ETA 0:00:00                              
[00:00:01] ... finding cutoff p=790 78.4% (7889 of 10066), ETA 0:00:00                              
[00:00:01] ... finding cutoff p=790 79.5% (7998 of 10066), ETA 0:00:00                              
[00:00:01] ... finding cutoff p=790 80.3% (8084 of 10066), ETA 0:00:00                              
[00:00:01] ... finding cutoff p=790 81.4% (8195 of 10066), ETA 0:00:00                              
[00:00:01] ... finding cutoff p=790 82.3% (8284 of 10066), ETA 0:00:00                              
[00:00:01] ... finding cutoff p=790 83.4% (8391 of 10066), ETA 0:00:00                              
[00:00:01] ... finding cutoff p=790 84.3% (8488 of 10066), ETA 0:00:00                              
[00:00:01] ... finding cutoff p=790 85.4% (8592 of 10066), ETA 0:00:00                              
[00:00:01] ... finding cutoff p=790 86.3% (8689 of 10066), ETA 0:00:00                              
[00:00:01] ... finding cutoff p=790 87.3% (8787 of 10066), ETA 0:00:00                              
[00:00:01] ... finding cutoff p=790 88.3% (8888 of 10066), ETA 0:00:00                              
[00:00:01] ... finding cutoff p=790 89.4% (8998 of 10066), ETA 0:00:00                              
[00:00:01] ... finding cutoff p=790 90.3% (9094 of 10066), ETA 0:00:00                              
[00:00:01] ... finding cutoff p=790 91.4% (9200 of 10066), ETA 0:00:00                              
[00:00:01] ... finding cutoff p=790 92.3% (9295 of 10066), ETA 0:00:00                              
[00:00:01] ... finding cutoff p=790 93.4% (9398 of 10066), ETA 0:00:00                              
[00:00:01] ... finding cutoff p=790 94.3% (9496 of 10066), ETA 0:00:00                              
[00:00:01] ... finding cutoff p=790 95.4% (9598 of 10066), ETA 0:00:00                              
[00:00:01] ... finding cutoff p=790 96.3% (9698 of 10066), ETA 0:00:00                              
[00:00:01] ... finding cutoff p=790 97.3% (9799 of 10066), ETA 0:00:00                              
[00:00:01] ... finding cutoff p=790 98.3% (9898 of 10066), ETA 0:00:00                              
[00:00:01] ... finding cutoff p=790 99.3% (9999 of 10066), ETA 0:00:00                              
[00:00:01] Preparing TNF Graph Building [pTNF = 79.0; 8650 / 10066 (P = 85.93%) round 39]               
[00:00:01] Finding cutoff p=780 [-97.9Gb / 1007.8Gb]                                                     
[00:00:01] ... finding cutoff p=780 1.6% (164 of 10066), ETA 0:00:00                              
[00:00:01] ... finding cutoff p=780 2.8% (286 of 10066), ETA 0:00:00                              
[00:00:01] ... finding cutoff p=780 3.9% (388 of 10066), ETA 0:00:00                              
[00:00:01] ... finding cutoff p=780 4.7% (477 of 10066), ETA 0:00:00                              
[00:00:01] ... finding cutoff p=780 5.9% (594 of 10066), ETA 0:00:00                              
[00:00:01] ... finding cutoff p=780 6.7% (674 of 10066), ETA 0:00:00                              
[00:00:01] ... finding cutoff p=780 7.5% (750 of 10066), ETA 0:00:00                              
[00:00:01] ... finding cutoff p=780 8.5% (858 of 10066), ETA 0:00:00                              
[00:00:01] ... finding cutoff p=780 9.4% (948 of 10066), ETA 0:00:00                              
[00:00:01] ... finding cutoff p=780 10.7% (1079 of 10066), ETA 0:00:00                              
[00:00:01] ... finding cutoff p=780 11.8% (1185 of 10066), ETA 0:00:00                              
[00:00:01] ... finding cutoff p=780 12.9% (1297 of 10066), ETA 0:00:00                              
[00:00:01] ... finding cutoff p=780 14.3% (1442 of 10066), ETA 0:00:00                              
[00:00:01] ... finding cutoff p=780 15.2% (1532 of 10066), ETA 0:00:00                              
[00:00:01] ... finding cutoff p=780 16.1% (1619 of 10066), ETA 0:00:00                              
[00:00:01] ... finding cutoff p=780 17.1% (1717 of 10066), ETA 0:00:00                              
[00:00:01] ... finding cutoff p=780 18.5% (1867 of 10066), ETA 0:00:00                              
[00:00:01] ... finding cutoff p=780 19.5% (1966 of 10066), ETA 0:00:00                              
[00:00:01] ... finding cutoff p=780 20.4% (2052 of 10066), ETA 0:00:00                              
[00:00:01] ... finding cutoff p=780 21.1% (2122 of 10066), ETA 0:00:00                              
[00:00:01] ... finding cutoff p=780 22.4% (2250 of 10066), ETA 0:00:00                              
[00:00:01] ... finding cutoff p=780 23.6% (2377 of 10066), ETA 0:00:00                              
[00:00:01] ... finding cutoff p=780 24.5% (2467 of 10066), ETA 0:00:00                              
[00:00:01] ... finding cutoff p=780 25.3% (2551 of 10066), ETA 0:00:00                              
[00:00:01] ... finding cutoff p=780 26.6% (2674 of 10066), ETA 0:00:00                              
[00:00:01] ... finding cutoff p=780 27.2% (2734 of 10066), ETA 0:00:00                              
[00:00:01] ... finding cutoff p=780 28.5% (2869 of 10066), ETA 0:00:00                              
[00:00:01] ... finding cutoff p=780 29.7% (2993 of 10066), ETA 0:00:00                              
[00:00:01] ... finding cutoff p=780 30.5% (3068 of 10066), ETA 0:00:00                              
[00:00:01] ... finding cutoff p=780 31.3% (3150 of 10066), ETA 0:00:00                              
[00:00:01] ... finding cutoff p=780 32.5% (3274 of 10066), ETA 0:00:00                              
[00:00:01] ... finding cutoff p=780 33.5% (3372 of 10066), ETA 0:00:00                              
[00:00:01] ... finding cutoff p=780 34.3% (3448 of 10066), ETA 0:00:00                              
[00:00:01] ... finding cutoff p=780 35.3% (3554 of 10066), ETA 0:00:00                              
[00:00:01] ... finding cutoff p=780 36.7% (3697 of 10066), ETA 0:00:00                              
[00:00:01] ... finding cutoff p=780 37.4% (3762 of 10066), ETA 0:00:00                              
[00:00:01] ... finding cutoff p=780 38.7% (3895 of 10066), ETA 0:00:00                              
[00:00:01] ... finding cutoff p=780 39.4% (3969 of 10066), ETA 0:00:00                              
[00:00:01] ... finding cutoff p=780 40.4% (4070 of 10066), ETA 0:00:00                              
[00:00:01] ... finding cutoff p=780 41.1% (4142 of 10066), ETA 0:00:00                              
[00:00:01] ... finding cutoff p=780 42.2% (4247 of 10066), ETA 0:00:00                              
[00:00:01] ... finding cutoff p=780 43.6% (4391 of 10066), ETA 0:00:00                              
[00:00:01] ... finding cutoff p=780 44.5% (4479 of 10066), ETA 0:00:00                              
[00:00:01] ... finding cutoff p=780 45.2% (4550 of 10066), ETA 0:00:00                              
[00:00:01] ... finding cutoff p=780 46.3% (4662 of 10066), ETA 0:00:00                              
[00:00:01] ... finding cutoff p=780 47.6% (4793 of 10066), ETA 0:00:00                              
[00:00:01] ... finding cutoff p=780 48.4% (4867 of 10066), ETA 0:00:00                              
[00:00:01] ... finding cutoff p=780 49.4% (4974 of 10066), ETA 0:00:00                              
[00:00:01] ... finding cutoff p=780 50.7% (5106 of 10066), ETA 0:00:00                              
[00:00:01] ... finding cutoff p=780 51.4% (5172 of 10066), ETA 0:00:00                              
[00:00:01] ... finding cutoff p=780 52.4% (5274 of 10066), ETA 0:00:00                              
[00:00:01] ... finding cutoff p=780 53.3% (5366 of 10066), ETA 0:00:00                              
[00:00:01] ... finding cutoff p=780 54.2% (5454 of 10066), ETA 0:00:00                              
[00:00:01] ... finding cutoff p=780 55.5% (5584 of 10066), ETA 0:00:00                              
[00:00:01] ... finding cutoff p=780 56.5% (5690 of 10066), ETA 0:00:00                              
[00:00:01] ... finding cutoff p=780 57.5% (5786 of 10066), ETA 0:00:00                              
[00:00:01] ... finding cutoff p=780 58.5% (5884 of 10066), ETA 0:00:00                              
[00:00:01] ... finding cutoff p=780 59.3% (5971 of 10066), ETA 0:00:00                              
[00:00:01] ... finding cutoff p=780 60.5% (6087 of 10066), ETA 0:00:00                              
[00:00:01] ... finding cutoff p=780 61.5% (6190 of 10066), ETA 0:00:00                              
[00:00:01] ... finding cutoff p=780 62.5% (6296 of 10066), ETA 0:00:00                              
[00:00:01] ... finding cutoff p=780 63.6% (6404 of 10066), ETA 0:00:00                              
[00:00:01] ... finding cutoff p=780 64.6% (6506 of 10066), ETA 0:00:00                              
[00:00:01] ... finding cutoff p=780 65.4% (6582 of 10066), ETA 0:00:00                              
[00:00:01] ... finding cutoff p=780 66.2% (6667 of 10066), ETA 0:00:00                              
[00:00:01] ... finding cutoff p=780 67.4% (6786 of 10066), ETA 0:00:00                              
[00:00:01] ... finding cutoff p=780 68.3% (6877 of 10066), ETA 0:00:00                              
[00:00:01] ... finding cutoff p=780 69.3% (6976 of 10066), ETA 0:00:00                              
[00:00:01] ... finding cutoff p=780 70.4% (7084 of 10066), ETA 0:00:00                              
[00:00:01] ... finding cutoff p=780 71.2% (7172 of 10066), ETA 0:00:00                              
[00:00:01] ... finding cutoff p=780 72.5% (7295 of 10066), ETA 0:00:00                              
[00:00:01] ... finding cutoff p=780 73.3% (7377 of 10066), ETA 0:00:00                              
[00:00:01] ... finding cutoff p=780 74.3% (7482 of 10066), ETA 0:00:00                              
[00:00:01] ... finding cutoff p=780 75.4% (7588 of 10066), ETA 0:00:00                              
[00:00:01] ... finding cutoff p=780 76.4% (7688 of 10066), ETA 0:00:00                              
[00:00:01] ... finding cutoff p=780 77.4% (7795 of 10066), ETA 0:00:00                              
[00:00:01] ... finding cutoff p=780 78.3% (7885 of 10066), ETA 0:00:00                              
[00:00:01] ... finding cutoff p=780 79.4% (7988 of 10066), ETA 0:00:00                              
[00:00:01] ... finding cutoff p=780 80.4% (8095 of 10066), ETA 0:00:00                              
[00:00:01] ... finding cutoff p=780 81.4% (8197 of 10066), ETA 0:00:00                              
[00:00:01] ... finding cutoff p=780 82.4% (8290 of 10066), ETA 0:00:00                              
[00:00:01] ... finding cutoff p=780 83.4% (8391 of 10066), ETA 0:00:00                              
[00:00:01] ... finding cutoff p=780 84.4% (8495 of 10066), ETA 0:00:00                              
[00:00:01] ... finding cutoff p=780 85.3% (8591 of 10066), ETA 0:00:00                              
[00:00:01] ... finding cutoff p=780 86.4% (8692 of 10066), ETA 0:00:00                              
[00:00:01] ... finding cutoff p=780 87.3% (8788 of 10066), ETA 0:00:00                              
[00:00:01] ... finding cutoff p=780 88.3% (8892 of 10066), ETA 0:00:00                              
[00:00:01] ... finding cutoff p=780 89.4% (9000 of 10066), ETA 0:00:00                              
[00:00:01] ... finding cutoff p=780 90.4% (9096 of 10066), ETA 0:00:00                              
[00:00:01] ... finding cutoff p=780 91.3% (9194 of 10066), ETA 0:00:00                              
[00:00:01] ... finding cutoff p=780 92.4% (9303 of 10066), ETA 0:00:00                              
[00:00:01] ... finding cutoff p=780 93.3% (9394 of 10066), ETA 0:00:00                              
[00:00:01] ... finding cutoff p=780 94.3% (9495 of 10066), ETA 0:00:00                              
[00:00:01] ... finding cutoff p=780 95.4% (9602 of 10066), ETA 0:00:00                              
[00:00:01] ... finding cutoff p=780 96.4% (9701 of 10066), ETA 0:00:00                              
[00:00:01] ... finding cutoff p=780 97.3% (9797 of 10066), ETA 0:00:00                              
[00:00:01] ... finding cutoff p=780 98.4% (9900 of 10066), ETA 0:00:00                              
[00:00:01] ... finding cutoff p=780 99.3% (9999 of 10066), ETA 0:00:00                              
[00:00:01] Preparing TNF Graph Building [pTNF = 78.0; 8748 / 10066 (P = 86.91%) round 40]               
[00:00:01] Finding cutoff p=771 [-97.9Gb / 1007.8Gb]                                                     
[00:00:01] ... finding cutoff p=771 1.7% (174 of 10066), ETA 0:00:00                              
[00:00:01] ... finding cutoff p=771 2.8% (283 of 10066), ETA 0:00:00                              
[00:00:01] ... finding cutoff p=771 4.0% (401 of 10066), ETA 0:00:00                              
[00:00:01] ... finding cutoff p=771 5.0% (501 of 10066), ETA 0:00:00                              
[00:00:01] ... finding cutoff p=771 6.0% (608 of 10066), ETA 0:00:00                              
[00:00:01] ... finding cutoff p=771 7.5% (759 of 10066), ETA 0:00:00                              
[00:00:01] ... finding cutoff p=771 8.6% (862 of 10066), ETA 0:00:00                              
[00:00:01] ... finding cutoff p=771 9.7% (976 of 10066), ETA 0:00:00                              
[00:00:01] ... finding cutoff p=771 10.7% (1080 of 10066), ETA 0:00:00                              
[00:00:01] ... finding cutoff p=771 11.7% (1173 of 10066), ETA 0:00:00                              
[00:00:01] ... finding cutoff p=771 12.9% (1297 of 10066), ETA 0:00:00                              
[00:00:01] ... finding cutoff p=771 13.6% (1368 of 10066), ETA 0:00:00                              
[00:00:01] ... finding cutoff p=771 14.3% (1440 of 10066), ETA 0:00:00                              
[00:00:01] ... finding cutoff p=771 15.2% (1533 of 10066), ETA 0:00:00                              
[00:00:01] ... finding cutoff p=771 16.4% (1649 of 10066), ETA 0:00:00                              
[00:00:01] ... finding cutoff p=771 17.1% (1723 of 10066), ETA 0:00:00                              
[00:00:01] ... finding cutoff p=771 18.5% (1861 of 10066), ETA 0:00:00                              
[00:00:01] ... finding cutoff p=771 19.3% (1939 of 10066), ETA 0:00:00                              
[00:00:01] ... finding cutoff p=771 20.4% (2049 of 10066), ETA 0:00:00                              
[00:00:01] ... finding cutoff p=771 21.6% (2176 of 10066), ETA 0:00:00                              
[00:00:01] ... finding cutoff p=771 22.3% (2240 of 10066), ETA 0:00:00                              
[00:00:01] ... finding cutoff p=771 23.1% (2323 of 10066), ETA 0:00:00                              
[00:00:01] ... finding cutoff p=771 24.2% (2435 of 10066), ETA 0:00:00                              
[00:00:01] ... finding cutoff p=771 25.5% (2564 of 10066), ETA 0:00:00                              
[00:00:01] ... finding cutoff p=771 26.2% (2637 of 10066), ETA 0:00:00                              
[00:00:01] ... finding cutoff p=771 27.2% (2741 of 10066), ETA 0:00:00                              
[00:00:01] ... finding cutoff p=771 28.6% (2879 of 10066), ETA 0:00:00                              
[00:00:01] ... finding cutoff p=771 29.3% (2948 of 10066), ETA 0:00:00                              
[00:00:01] ... finding cutoff p=771 30.7% (3089 of 10066), ETA 0:00:00                              
[00:00:01] ... finding cutoff p=771 31.6% (3183 of 10066), ETA 0:00:00                              
[00:00:01] ... finding cutoff p=771 32.4% (3259 of 10066), ETA 0:00:00                              
[00:00:01] ... finding cutoff p=771 33.1% (3333 of 10066), ETA 0:00:00                              
[00:00:01] ... finding cutoff p=771 34.2% (3447 of 10066), ETA 0:00:00                              
[00:00:01] ... finding cutoff p=771 35.4% (3565 of 10066), ETA 0:00:00                              
[00:00:01] ... finding cutoff p=771 36.7% (3694 of 10066), ETA 0:00:00                              
[00:00:01] ... finding cutoff p=771 37.7% (3793 of 10066), ETA 0:00:00                              
[00:00:01] ... finding cutoff p=771 38.3% (3852 of 10066), ETA 0:00:00                              
[00:00:01] ... finding cutoff p=771 39.4% (3961 of 10066), ETA 0:00:00                              
[00:00:01] ... finding cutoff p=771 40.6% (4088 of 10066), ETA 0:00:00                              
[00:00:01] ... finding cutoff p=771 41.3% (4162 of 10066), ETA 0:00:00                              
[00:00:01] ... finding cutoff p=771 42.6% (4293 of 10066), ETA 0:00:00                              
[00:00:01] ... finding cutoff p=771 43.5% (4381 of 10066), ETA 0:00:00                              
[00:00:01] ... finding cutoff p=771 44.2% (4447 of 10066), ETA 0:00:00                              
[00:00:01] ... finding cutoff p=771 45.5% (4579 of 10066), ETA 0:00:00                              
[00:00:01] ... finding cutoff p=771 46.3% (4659 of 10066), ETA 0:00:00                              
[00:00:01] ... finding cutoff p=771 47.2% (4756 of 10066), ETA 0:00:00                              
[00:00:01] ... finding cutoff p=771 48.3% (4864 of 10066), ETA 0:00:00                              
[00:00:01] ... finding cutoff p=771 49.6% (4991 of 10066), ETA 0:00:00                              
[00:00:01] ... finding cutoff p=771 50.6% (5096 of 10066), ETA 0:00:00                              
[00:00:01] ... finding cutoff p=771 51.5% (5187 of 10066), ETA 0:00:00                              
[00:00:01] ... finding cutoff p=771 52.2% (5253 of 10066), ETA 0:00:00                              
[00:00:01] ... finding cutoff p=771 53.3% (5363 of 10066), ETA 0:00:00                              
[00:00:01] ... finding cutoff p=771 54.4% (5478 of 10066), ETA 0:00:00                              
[00:00:01] ... finding cutoff p=771 55.3% (5564 of 10066), ETA 0:00:00                              
[00:00:01] ... finding cutoff p=771 56.3% (5668 of 10066), ETA 0:00:00                              
[00:00:01] ... finding cutoff p=771 57.3% (5765 of 10066), ETA 0:00:00                              
[00:00:01] ... finding cutoff p=771 58.6% (5898 of 10066), ETA 0:00:00                              
[00:00:01] ... finding cutoff p=771 59.2% (5964 of 10066), ETA 0:00:00                              
[00:00:01] ... finding cutoff p=771 60.6% (6098 of 10066), ETA 0:00:00                              
[00:00:01] ... finding cutoff p=771 61.6% (6201 of 10066), ETA 0:00:00                              
[00:00:01] ... finding cutoff p=771 62.7% (6309 of 10066), ETA 0:00:00                              
[00:00:01] ... finding cutoff p=771 63.2% (6364 of 10066), ETA 0:00:00                              
[00:00:01] ... finding cutoff p=771 64.5% (6491 of 10066), ETA 0:00:00                              
[00:00:01] ... finding cutoff p=771 65.3% (6575 of 10066), ETA 0:00:00                              
[00:00:01] ... finding cutoff p=771 66.3% (6676 of 10066), ETA 0:00:00                              
[00:00:01] ... finding cutoff p=771 67.5% (6792 of 10066), ETA 0:00:00                              
[00:00:01] ... finding cutoff p=771 68.4% (6885 of 10066), ETA 0:00:00                              
[00:00:01] ... finding cutoff p=771 69.4% (6990 of 10066), ETA 0:00:00                              
[00:00:01] ... finding cutoff p=771 70.5% (7094 of 10066), ETA 0:00:00                              
[00:00:01] ... finding cutoff p=771 71.3% (7181 of 10066), ETA 0:00:00                              
[00:00:01] ... finding cutoff p=771 72.3% (7277 of 10066), ETA 0:00:00                              
[00:00:01] ... finding cutoff p=771 73.4% (7385 of 10066), ETA 0:00:00                              
[00:00:01] ... finding cutoff p=771 74.5% (7495 of 10066), ETA 0:00:00                              
[00:00:01] ... finding cutoff p=771 75.3% (7581 of 10066), ETA 0:00:00                              
[00:00:01] ... finding cutoff p=771 76.3% (7684 of 10066), ETA 0:00:00                              
[00:00:01] ... finding cutoff p=771 77.4% (7795 of 10066), ETA 0:00:00                              
[00:00:01] ... finding cutoff p=771 78.4% (7889 of 10066), ETA 0:00:00                              
[00:00:01] ... finding cutoff p=771 79.5% (7998 of 10066), ETA 0:00:00                              
[00:00:01] ... finding cutoff p=771 80.3% (8086 of 10066), ETA 0:00:00                              
[00:00:01] ... finding cutoff p=771 81.3% (8182 of 10066), ETA 0:00:00                              
[00:00:01] ... finding cutoff p=771 82.4% (8290 of 10066), ETA 0:00:00                              
[00:00:01] ... finding cutoff p=771 83.3% (8386 of 10066), ETA 0:00:00                              
[00:00:01] ... finding cutoff p=771 84.3% (8487 of 10066), ETA 0:00:00                              
[00:00:01] ... finding cutoff p=771 85.3% (8585 of 10066), ETA 0:00:00                              
[00:00:01] ... finding cutoff p=771 86.3% (8686 of 10066), ETA 0:00:00                              
[00:00:01] ... finding cutoff p=771 87.3% (8790 of 10066), ETA 0:00:00                              
[00:00:01] ... finding cutoff p=771 88.3% (8889 of 10066), ETA 0:00:00                              
[00:00:01] ... finding cutoff p=771 89.3% (8992 of 10066), ETA 0:00:00                              
[00:00:01] ... finding cutoff p=771 90.4% (9096 of 10066), ETA 0:00:00                              
[00:00:01] ... finding cutoff p=771 91.3% (9192 of 10066), ETA 0:00:00                              
[00:00:01] ... finding cutoff p=771 92.4% (9300 of 10066), ETA 0:00:00                              
[00:00:01] ... finding cutoff p=771 93.4% (9400 of 10066), ETA 0:00:00                              
[00:00:01] ... finding cutoff p=771 94.3% (9497 of 10066), ETA 0:00:00                              
[00:00:01] ... finding cutoff p=771 95.4% (9600 of 10066), ETA 0:00:00                              
[00:00:01] ... finding cutoff p=771 96.4% (9702 of 10066), ETA 0:00:00                              
[00:00:01] ... finding cutoff p=771 97.4% (9803 of 10066), ETA 0:00:00                              
[00:00:01] ... finding cutoff p=771 98.3% (9898 of 10066), ETA 0:00:00                              
[00:00:01] ... finding cutoff p=771 99.3% (9999 of 10066), ETA 0:00:00                              
[00:00:01] Preparing TNF Graph Building [pTNF = 77.1; 8839 / 10066 (P = 87.81%) round 41]               
[00:00:01] Finding cutoff p=761 [-97.9Gb / 1007.8Gb]                                                     
[00:00:01] ... finding cutoff p=761 1.7% (168 of 10066), ETA 0:00:00                              
[00:00:01] ... finding cutoff p=761 2.8% (280 of 10066), ETA 0:00:00                              
[00:00:01] ... finding cutoff p=761 3.8% (387 of 10066), ETA 0:00:00                              
[00:00:01] ... finding cutoff p=761 4.7% (473 of 10066), ETA 0:00:00                              
[00:00:01] ... finding cutoff p=761 5.6% (565 of 10066), ETA 0:00:00                              
[00:00:01] ... finding cutoff p=761 6.8% (682 of 10066), ETA 0:00:00                              
[00:00:01] ... finding cutoff p=761 7.6% (770 of 10066), ETA 0:00:00                              
[00:00:01] ... finding cutoff p=761 9.0% (904 of 10066), ETA 0:00:00                              
[00:00:01] ... finding cutoff p=761 10.1% (1012 of 10066), ETA 0:00:00                              
[00:00:01] ... finding cutoff p=761 11.2% (1130 of 10066), ETA 0:00:00                              
[00:00:01] ... finding cutoff p=761 12.2% (1226 of 10066), ETA 0:00:00                              
[00:00:01] ... finding cutoff p=761 13.3% (1341 of 10066), ETA 0:00:00                              
[00:00:01] ... finding cutoff p=761 14.5% (1456 of 10066), ETA 0:00:00                              
[00:00:01] ... finding cutoff p=761 15.4% (1551 of 10066), ETA 0:00:00                              
[00:00:01] ... finding cutoff p=761 16.1% (1622 of 10066), ETA 0:00:00                              
[00:00:01] ... finding cutoff p=761 17.3% (1745 of 10066), ETA 0:00:00                              
[00:00:01] ... finding cutoff p=761 18.7% (1884 of 10066), ETA 0:00:00                              
[00:00:01] ... finding cutoff p=761 19.7% (1980 of 10066), ETA 0:00:00                              
[00:00:01] ... finding cutoff p=761 20.4% (2055 of 10066), ETA 0:00:00                              
[00:00:01] ... finding cutoff p=761 21.4% (2156 of 10066), ETA 0:00:00                              
[00:00:01] ... finding cutoff p=761 22.2% (2232 of 10066), ETA 0:00:00                              
[00:00:01] ... finding cutoff p=761 23.3% (2347 of 10066), ETA 0:00:00                              
[00:00:01] ... finding cutoff p=761 24.6% (2473 of 10066), ETA 0:00:00                              
[00:00:01] ... finding cutoff p=761 25.2% (2536 of 10066), ETA 0:00:00                              
[00:00:01] ... finding cutoff p=761 26.4% (2657 of 10066), ETA 0:00:00                              
[00:00:01] ... finding cutoff p=761 27.2% (2740 of 10066), ETA 0:00:00                              
[00:00:01] ... finding cutoff p=761 28.4% (2857 of 10066), ETA 0:00:00                              
[00:00:01] ... finding cutoff p=761 29.1% (2931 of 10066), ETA 0:00:00                              
[00:00:01] ... finding cutoff p=761 30.3% (3053 of 10066), ETA 0:00:00                              
[00:00:01] ... finding cutoff p=761 31.1% (3134 of 10066), ETA 0:00:00                              
[00:00:01] ... finding cutoff p=761 32.6% (3277 of 10066), ETA 0:00:00                              
[00:00:01] ... finding cutoff p=761 33.3% (3348 of 10066), ETA 0:00:00                              
[00:00:01] ... finding cutoff p=761 34.5% (3476 of 10066), ETA 0:00:00                              
[00:00:01] ... finding cutoff p=761 35.3% (3553 of 10066), ETA 0:00:00                              
[00:00:01] ... finding cutoff p=761 36.5% (3670 of 10066), ETA 0:00:00                              
[00:00:01] ... finding cutoff p=761 37.9% (3812 of 10066), ETA 0:00:00                              
[00:00:01] ... finding cutoff p=761 38.5% (3879 of 10066), ETA 0:00:00                              
[00:00:01] ... finding cutoff p=761 39.5% (3973 of 10066), ETA 0:00:00                              
[00:00:01] ... finding cutoff p=761 40.2% (4046 of 10066), ETA 0:00:00                              
[00:00:01] ... finding cutoff p=761 41.2% (4146 of 10066), ETA 0:00:00                              
[00:00:01] ... finding cutoff p=761 42.5% (4283 of 10066), ETA 0:00:00                              
[00:00:01] ... finding cutoff p=761 43.4% (4370 of 10066), ETA 0:00:00                              
[00:00:01] ... finding cutoff p=761 44.2% (4449 of 10066), ETA 0:00:00                              
[00:00:01] ... finding cutoff p=761 45.3% (4558 of 10066), ETA 0:00:00                              
[00:00:01] ... finding cutoff p=761 46.5% (4678 of 10066), ETA 0:00:00                              
[00:00:01] ... finding cutoff p=761 47.6% (4793 of 10066), ETA 0:00:00                              
[00:00:01] ... finding cutoff p=761 48.3% (4861 of 10066), ETA 0:00:00                              
[00:00:01] ... finding cutoff p=761 49.3% (4965 of 10066), ETA 0:00:00                              
[00:00:01] ... finding cutoff p=761 50.5% (5084 of 10066), ETA 0:00:00                              
[00:00:01] ... finding cutoff p=761 51.6% (5196 of 10066), ETA 0:00:00                              
[00:00:01] ... finding cutoff p=761 52.3% (5260 of 10066), ETA 0:00:00                              
[00:00:01] ... finding cutoff p=761 53.3% (5370 of 10066), ETA 0:00:00                              
[00:00:01] ... finding cutoff p=761 54.5% (5486 of 10066), ETA 0:00:00                              
[00:00:01] ... finding cutoff p=761 55.3% (5568 of 10066), ETA 0:00:00                              
[00:00:01] ... finding cutoff p=761 56.2% (5661 of 10066), ETA 0:00:00                              
[00:00:01] ... finding cutoff p=761 57.4% (5774 of 10066), ETA 0:00:00                              
[00:00:01] ... finding cutoff p=761 58.3% (5866 of 10066), ETA 0:00:00                              
[00:00:01] ... finding cutoff p=761 59.4% (5975 of 10066), ETA 0:00:00                              
[00:00:01] ... finding cutoff p=761 60.2% (6064 of 10066), ETA 0:00:00                              
[00:00:01] ... finding cutoff p=761 61.5% (6192 of 10066), ETA 0:00:00                              
[00:00:01] ... finding cutoff p=761 62.6% (6301 of 10066), ETA 0:00:00                              
[00:00:01] ... finding cutoff p=761 63.7% (6411 of 10066), ETA 0:00:00                              
[00:00:01] ... finding cutoff p=761 64.3% (6470 of 10066), ETA 0:00:00                              
[00:00:01] ... finding cutoff p=761 65.4% (6579 of 10066), ETA 0:00:00                              
[00:00:01] ... finding cutoff p=761 66.5% (6690 of 10066), ETA 0:00:00                              
[00:00:01] ... finding cutoff p=761 67.3% (6778 of 10066), ETA 0:00:00                              
[00:00:01] ... finding cutoff p=761 68.3% (6878 of 10066), ETA 0:00:00                              
[00:00:01] ... finding cutoff p=761 69.5% (6992 of 10066), ETA 0:00:00                              
[00:00:01] ... finding cutoff p=761 70.3% (7079 of 10066), ETA 0:00:00                              
[00:00:01] ... finding cutoff p=761 71.3% (7175 of 10066), ETA 0:00:00                              
[00:00:01] ... finding cutoff p=761 72.2% (7272 of 10066), ETA 0:00:00                              
[00:00:01] ... finding cutoff p=761 73.5% (7401 of 10066), ETA 0:00:00                              
[00:00:01] ... finding cutoff p=761 74.3% (7478 of 10066), ETA 0:00:00                              
[00:00:01] ... finding cutoff p=761 75.3% (7576 of 10066), ETA 0:00:00                              
[00:00:01] ... finding cutoff p=761 76.3% (7684 of 10066), ETA 0:00:00                              
[00:00:01] ... finding cutoff p=761 77.4% (7790 of 10066), ETA 0:00:00                              
[00:00:01] ... finding cutoff p=761 78.4% (7887 of 10066), ETA 0:00:00                              
[00:00:01] ... finding cutoff p=761 79.4% (7989 of 10066), ETA 0:00:00                              
[00:00:01] ... finding cutoff p=761 80.4% (8095 of 10066), ETA 0:00:00                              
[00:00:01] ... finding cutoff p=761 81.4% (8198 of 10066), ETA 0:00:00                              
[00:00:01] ... finding cutoff p=761 82.4% (8294 of 10066), ETA 0:00:00                              
[00:00:01] ... finding cutoff p=761 83.4% (8398 of 10066), ETA 0:00:00                              
[00:00:01] ... finding cutoff p=761 84.3% (8490 of 10066), ETA 0:00:00                              
[00:00:01] ... finding cutoff p=761 85.4% (8601 of 10066), ETA 0:00:00                              
[00:00:01] ... finding cutoff p=761 86.4% (8698 of 10066), ETA 0:00:00                              
[00:00:01] ... finding cutoff p=761 87.3% (8787 of 10066), ETA 0:00:00                              
[00:00:01] ... finding cutoff p=761 88.3% (8890 of 10066), ETA 0:00:00                              
[00:00:01] ... finding cutoff p=761 89.4% (8999 of 10066), ETA 0:00:00                              
[00:00:01] ... finding cutoff p=761 90.3% (9094 of 10066), ETA 0:00:00                              
[00:00:01] ... finding cutoff p=761 91.4% (9198 of 10066), ETA 0:00:00                              
[00:00:01] ... finding cutoff p=761 92.4% (9296 of 10066), ETA 0:00:00                              
[00:00:01] ... finding cutoff p=761 93.4% (9397 of 10066), ETA 0:00:00                              
[00:00:01] ... finding cutoff p=761 94.3% (9495 of 10066), ETA 0:00:00                              
[00:00:01] ... finding cutoff p=761 95.4% (9600 of 10066), ETA 0:00:00                              
[00:00:01] ... finding cutoff p=761 96.4% (9700 of 10066), ETA 0:00:00                              
[00:00:01] ... finding cutoff p=761 97.4% (9801 of 10066), ETA 0:00:00                              
[00:00:01] ... finding cutoff p=761 98.4% (9900 of 10066), ETA 0:00:00                              
[00:00:01] ... finding cutoff p=761 99.3% (9999 of 10066), ETA 0:00:00                              
[00:00:01] Preparing TNF Graph Building [pTNF = 76.1; 8925 / 10066 (P = 88.66%) round 42]               
[00:00:01] Finding cutoff p=750 [-97.9Gb / 1007.8Gb]                                                     
[00:00:01] ... finding cutoff p=750 1.6% (164 of 10066), ETA 0:00:00                              
[00:00:01] ... finding cutoff p=750 2.7% (273 of 10066), ETA 0:00:00                              
[00:00:01] ... finding cutoff p=750 3.7% (375 of 10066), ETA 0:00:00                              
[00:00:01] ... finding cutoff p=750 4.6% (464 of 10066), ETA 0:00:00                              
[00:00:01] ... finding cutoff p=750 5.5% (556 of 10066), ETA 0:00:00                              
[00:00:01] ... finding cutoff p=750 6.4% (645 of 10066), ETA 0:00:00                              
[00:00:01] ... finding cutoff p=750 7.3% (733 of 10066), ETA 0:00:00                              
[00:00:01] ... finding cutoff p=750 8.3% (839 of 10066), ETA 0:00:00                              
[00:00:01] ... finding cutoff p=750 9.4% (946 of 10066), ETA 0:00:00                              
[00:00:01] ... finding cutoff p=750 10.3% (1040 of 10066), ETA 0:00:00                              
[00:00:01] ... finding cutoff p=750 11.2% (1129 of 10066), ETA 0:00:00                              
[00:00:01] ... finding cutoff p=750 12.2% (1229 of 10066), ETA 0:00:00                              
[00:00:01] ... finding cutoff p=750 13.4% (1345 of 10066), ETA 0:00:00                              
[00:00:01] ... finding cutoff p=750 14.1% (1423 of 10066), ETA 0:00:00                              
[00:00:01] ... finding cutoff p=750 15.3% (1541 of 10066), ETA 0:00:00                              
[00:00:01] ... finding cutoff p=750 16.5% (1658 of 10066), ETA 0:00:00                              
[00:00:01] ... finding cutoff p=750 17.3% (1737 of 10066), ETA 0:00:00                              
[00:00:01] ... finding cutoff p=750 18.6% (1874 of 10066), ETA 0:00:00                              
[00:00:01] ... finding cutoff p=750 19.2% (1930 of 10066), ETA 0:00:00                              
[00:00:01] ... finding cutoff p=750 20.5% (2061 of 10066), ETA 0:00:00                              
[00:00:01] ... finding cutoff p=750 21.1% (2124 of 10066), ETA 0:00:00                              
[00:00:01] ... finding cutoff p=750 22.1% (2228 of 10066), ETA 0:00:00                              
[00:00:01] ... finding cutoff p=750 23.3% (2346 of 10066), ETA 0:00:00                              
[00:00:01] ... finding cutoff p=750 24.2% (2431 of 10066), ETA 0:00:00                              
[00:00:01] ... finding cutoff p=750 25.4% (2554 of 10066), ETA 0:00:00                              
[00:00:01] ... finding cutoff p=750 26.2% (2636 of 10066), ETA 0:00:00                              
[00:00:01] ... finding cutoff p=750 27.3% (2752 of 10066), ETA 0:00:00                              
[00:00:01] ... finding cutoff p=750 28.6% (2880 of 10066), ETA 0:00:00                              
[00:00:01] ... finding cutoff p=750 29.5% (2965 of 10066), ETA 0:00:00                              
[00:00:01] ... finding cutoff p=750 30.7% (3089 of 10066), ETA 0:00:00                              
[00:00:01] ... finding cutoff p=750 31.7% (3191 of 10066), ETA 0:00:00                              
[00:00:01] ... finding cutoff p=750 32.6% (3277 of 10066), ETA 0:00:00                              
[00:00:01] ... finding cutoff p=750 33.4% (3360 of 10066), ETA 0:00:00                              
[00:00:01] ... finding cutoff p=750 34.1% (3434 of 10066), ETA 0:00:00                              
[00:00:01] ... finding cutoff p=750 35.3% (3554 of 10066), ETA 0:00:00                              
[00:00:01] ... finding cutoff p=750 36.8% (3704 of 10066), ETA 0:00:00                              
[00:00:01] ... finding cutoff p=750 38.0% (3828 of 10066), ETA 0:00:00                              
[00:00:01] ... finding cutoff p=750 38.6% (3888 of 10066), ETA 0:00:00                              
[00:00:01] ... finding cutoff p=750 39.1% (3940 of 10066), ETA 0:00:00                              
[00:00:01] ... finding cutoff p=750 40.2% (4043 of 10066), ETA 0:00:00                              
[00:00:01] ... finding cutoff p=750 41.4% (4171 of 10066), ETA 0:00:00                              
[00:00:01] ... finding cutoff p=750 42.3% (4256 of 10066), ETA 0:00:00                              
[00:00:01] ... finding cutoff p=750 43.5% (4382 of 10066), ETA 0:00:00                              
[00:00:01] ... finding cutoff p=750 44.2% (4453 of 10066), ETA 0:00:00                              
[00:00:01] ... finding cutoff p=750 45.3% (4563 of 10066), ETA 0:00:00                              
[00:00:01] ... finding cutoff p=750 46.5% (4682 of 10066), ETA 0:00:00                              
[00:00:01] ... finding cutoff p=750 47.5% (4783 of 10066), ETA 0:00:00                              
[00:00:01] ... finding cutoff p=750 48.6% (4897 of 10066), ETA 0:00:00                              
[00:00:01] ... finding cutoff p=750 49.3% (4962 of 10066), ETA 0:00:00                              
[00:00:01] ... finding cutoff p=750 50.2% (5054 of 10066), ETA 0:00:00                              
[00:00:01] ... finding cutoff p=750 51.4% (5170 of 10066), ETA 0:00:00                              
[00:00:01] ... finding cutoff p=750 52.6% (5295 of 10066), ETA 0:00:00                              
[00:00:01] ... finding cutoff p=750 53.3% (5362 of 10066), ETA 0:00:00                              
[00:00:01] ... finding cutoff p=750 54.3% (5462 of 10066), ETA 0:00:00                              
[00:00:01] ... finding cutoff p=750 55.3% (5563 of 10066), ETA 0:00:00                              
[00:00:01] ... finding cutoff p=750 56.4% (5676 of 10066), ETA 0:00:00                              
[00:00:01] ... finding cutoff p=750 57.5% (5784 of 10066), ETA 0:00:00                              
[00:00:01] ... finding cutoff p=750 58.6% (5900 of 10066), ETA 0:00:00                              
[00:00:01] ... finding cutoff p=750 59.5% (5994 of 10066), ETA 0:00:00                              
[00:00:01] ... finding cutoff p=750 60.2% (6062 of 10066), ETA 0:00:00                              
[00:00:01] ... finding cutoff p=750 61.3% (6174 of 10066), ETA 0:00:00                              
[00:00:01] ... finding cutoff p=750 62.4% (6281 of 10066), ETA 0:00:00                              
[00:00:01] ... finding cutoff p=750 63.5% (6390 of 10066), ETA 0:00:00                              
[00:00:01] ... finding cutoff p=750 64.6% (6501 of 10066), ETA 0:00:00                              
[00:00:01] ... finding cutoff p=750 65.4% (6587 of 10066), ETA 0:00:00                              
[00:00:01] ... finding cutoff p=750 66.3% (6676 of 10066), ETA 0:00:00                              
[00:00:01] ... finding cutoff p=750 67.4% (6785 of 10066), ETA 0:00:00                              
[00:00:01] ... finding cutoff p=750 68.4% (6887 of 10066), ETA 0:00:00                              
[00:00:01] ... finding cutoff p=750 69.3% (6976 of 10066), ETA 0:00:00                              
[00:00:01] ... finding cutoff p=750 70.4% (7082 of 10066), ETA 0:00:00                              
[00:00:01] ... finding cutoff p=750 71.5% (7197 of 10066), ETA 0:00:00                              
[00:00:01] ... finding cutoff p=750 72.4% (7290 of 10066), ETA 0:00:00                              
[00:00:01] ... finding cutoff p=750 73.4% (7392 of 10066), ETA 0:00:00                              
[00:00:01] ... finding cutoff p=750 74.3% (7475 of 10066), ETA 0:00:00                              
[00:00:01] ... finding cutoff p=750 75.3% (7576 of 10066), ETA 0:00:00                              
[00:00:01] ... finding cutoff p=750 76.3% (7683 of 10066), ETA 0:00:00                              
[00:00:01] ... finding cutoff p=750 77.4% (7794 of 10066), ETA 0:00:00                              
[00:00:01] ... finding cutoff p=750 78.3% (7885 of 10066), ETA 0:00:00                              
[00:00:01] ... finding cutoff p=750 79.4% (7993 of 10066), ETA 0:00:00                              
[00:00:01] ... finding cutoff p=750 80.4% (8093 of 10066), ETA 0:00:00                              
[00:00:01] ... finding cutoff p=750 81.4% (8197 of 10066), ETA 0:00:00                              
[00:00:01] ... finding cutoff p=750 82.3% (8288 of 10066), ETA 0:00:00                              
[00:00:01] ... finding cutoff p=750 83.3% (8385 of 10066), ETA 0:00:00                              
[00:00:01] ... finding cutoff p=750 84.3% (8484 of 10066), ETA 0:00:00                              
[00:00:01] ... finding cutoff p=750 85.4% (8595 of 10066), ETA 0:00:00                              
[00:00:01] ... finding cutoff p=750 86.4% (8702 of 10066), ETA 0:00:00                              
[00:00:01] ... finding cutoff p=750 87.3% (8789 of 10066), ETA 0:00:00                              
[00:00:01] ... finding cutoff p=750 88.3% (8890 of 10066), ETA 0:00:00                              
[00:00:01] ... finding cutoff p=750 89.3% (8991 of 10066), ETA 0:00:00                              
[00:00:01] ... finding cutoff p=750 90.4% (9100 of 10066), ETA 0:00:00                              
[00:00:01] ... finding cutoff p=750 91.4% (9197 of 10066), ETA 0:00:00                              
[00:00:01] ... finding cutoff p=750 92.4% (9296 of 10066), ETA 0:00:00                              
[00:00:01] ... finding cutoff p=750 93.4% (9399 of 10066), ETA 0:00:00                              
[00:00:01] ... finding cutoff p=750 94.3% (9496 of 10066), ETA 0:00:00                              
[00:00:01] ... finding cutoff p=750 95.3% (9595 of 10066), ETA 0:00:00                              
[00:00:01] ... finding cutoff p=750 96.3% (9698 of 10066), ETA 0:00:00                              
[00:00:01] ... finding cutoff p=750 97.3% (9798 of 10066), ETA 0:00:00                              
[00:00:01] ... finding cutoff p=750 98.3% (9898 of 10066), ETA 0:00:00                              
[00:00:01] ... finding cutoff p=750 99.3% (9999 of 10066), ETA 0:00:00                              
[00:00:01] Preparing TNF Graph Building [pTNF = 75.0; 9032 / 10066 (P = 89.73%) round 43]               
[00:00:01] Finding cutoff p=741 [-97.9Gb / 1007.8Gb]                                                     
[00:00:01] ... finding cutoff p=741 1.6% (163 of 10066), ETA 0:00:00                              
[00:00:01] ... finding cutoff p=741 2.6% (263 of 10066), ETA 0:00:00                              
[00:00:01] ... finding cutoff p=741 3.6% (362 of 10066), ETA 0:00:00                              
[00:00:01] ... finding cutoff p=741 4.5% (454 of 10066), ETA 0:00:00                              
[00:00:01] ... finding cutoff p=741 5.4% (542 of 10066), ETA 0:00:00                              
[00:00:01] ... finding cutoff p=741 6.4% (641 of 10066), ETA 0:00:00                              
[00:00:01] ... finding cutoff p=741 7.2% (729 of 10066), ETA 0:00:00                              
[00:00:01] ... finding cutoff p=741 8.5% (851 of 10066), ETA 0:00:00                              
[00:00:01] ... finding cutoff p=741 9.4% (948 of 10066), ETA 0:00:00                              
[00:00:01] ... finding cutoff p=741 10.5% (1055 of 10066), ETA 0:00:00                              
[00:00:01] ... finding cutoff p=741 11.4% (1144 of 10066), ETA 0:00:00                              
[00:00:01] ... finding cutoff p=741 12.3% (1234 of 10066), ETA 0:00:00                              
[00:00:01] ... finding cutoff p=741 13.5% (1355 of 10066), ETA 0:00:00                              
[00:00:01] ... finding cutoff p=741 14.2% (1431 of 10066), ETA 0:00:00                              
[00:00:01] ... finding cutoff p=741 15.4% (1552 of 10066), ETA 0:00:00                              
[00:00:01] ... finding cutoff p=741 16.6% (1675 of 10066), ETA 0:00:00                              
[00:00:01] ... finding cutoff p=741 18.0% (1808 of 10066), ETA 0:00:00                              
[00:00:01] ... finding cutoff p=741 18.9% (1899 of 10066), ETA 0:00:00                              
[00:00:01] ... finding cutoff p=741 19.6% (1972 of 10066), ETA 0:00:00                              
[00:00:01] ... finding cutoff p=741 20.1% (2027 of 10066), ETA 0:00:00                              
[00:00:01] ... finding cutoff p=741 21.2% (2136 of 10066), ETA 0:00:00                              
[00:00:01] ... finding cutoff p=741 22.4% (2254 of 10066), ETA 0:00:00                              
[00:00:01] ... finding cutoff p=741 23.1% (2325 of 10066), ETA 0:00:00                              
[00:00:01] ... finding cutoff p=741 24.4% (2453 of 10066), ETA 0:00:00                              
[00:00:01] ... finding cutoff p=741 25.8% (2594 of 10066), ETA 0:00:00                              
[00:00:01] ... finding cutoff p=741 26.5% (2669 of 10066), ETA 0:00:00                              
[00:00:01] ... finding cutoff p=741 27.3% (2752 of 10066), ETA 0:00:00                              
[00:00:01] ... finding cutoff p=741 28.3% (2851 of 10066), ETA 0:00:00                              
[00:00:01] ... finding cutoff p=741 29.5% (2974 of 10066), ETA 0:00:00                              
[00:00:01] ... finding cutoff p=741 30.4% (3056 of 10066), ETA 0:00:00                              
[00:00:01] ... finding cutoff p=741 31.5% (3172 of 10066), ETA 0:00:00                              
[00:00:01] ... finding cutoff p=741 32.4% (3257 of 10066), ETA 0:00:00                              
[00:00:01] ... finding cutoff p=741 33.7% (3390 of 10066), ETA 0:00:00                              
[00:00:01] ... finding cutoff p=741 34.7% (3491 of 10066), ETA 0:00:00                              
[00:00:01] ... finding cutoff p=741 35.3% (3558 of 10066), ETA 0:00:00                              
[00:00:01] ... finding cutoff p=741 36.4% (3667 of 10066), ETA 0:00:00                              
[00:00:01] ... finding cutoff p=741 37.4% (3761 of 10066), ETA 0:00:00                              
[00:00:01] ... finding cutoff p=741 38.2% (3847 of 10066), ETA 0:00:00                              
[00:00:01] ... finding cutoff p=741 39.2% (3947 of 10066), ETA 0:00:00                              
[00:00:01] ... finding cutoff p=741 40.4% (4066 of 10066), ETA 0:00:00                              
[00:00:01] ... finding cutoff p=741 41.8% (4203 of 10066), ETA 0:00:00                              
[00:00:01] ... finding cutoff p=741 42.6% (4292 of 10066), ETA 0:00:00                              
[00:00:01] ... finding cutoff p=741 43.5% (4374 of 10066), ETA 0:00:00                              
[00:00:01] ... finding cutoff p=741 44.2% (4445 of 10066), ETA 0:00:00                              
[00:00:01] ... finding cutoff p=741 45.3% (4558 of 10066), ETA 0:00:00                              
[00:00:01] ... finding cutoff p=741 46.5% (4685 of 10066), ETA 0:00:00                              
[00:00:01] ... finding cutoff p=741 47.7% (4799 of 10066), ETA 0:00:00                              
[00:00:01] ... finding cutoff p=741 48.3% (4858 of 10066), ETA 0:00:00                              
[00:00:01] ... finding cutoff p=741 49.4% (4971 of 10066), ETA 0:00:00                              
[00:00:01] ... finding cutoff p=741 50.6% (5090 of 10066), ETA 0:00:00                              
[00:00:01] ... finding cutoff p=741 51.6% (5196 of 10066), ETA 0:00:00                              
[00:00:01] ... finding cutoff p=741 52.2% (5256 of 10066), ETA 0:00:00                              
[00:00:01] ... finding cutoff p=741 53.3% (5368 of 10066), ETA 0:00:00                              
[00:00:01] ... finding cutoff p=741 54.4% (5471 of 10066), ETA 0:00:00                              
[00:00:01] ... finding cutoff p=741 55.2% (5555 of 10066), ETA 0:00:00                              
[00:00:01] ... finding cutoff p=741 56.3% (5667 of 10066), ETA 0:00:00                              
[00:00:01] ... finding cutoff p=741 57.3% (5768 of 10066), ETA 0:00:00                              
[00:00:01] ... finding cutoff p=741 58.4% (5881 of 10066), ETA 0:00:00                              
[00:00:01] ... finding cutoff p=741 59.5% (5994 of 10066), ETA 0:00:00                              
[00:00:01] ... finding cutoff p=741 60.4% (6081 of 10066), ETA 0:00:00                              
[00:00:01] ... finding cutoff p=741 61.4% (6176 of 10066), ETA 0:00:00                              
[00:00:01] ... finding cutoff p=741 62.3% (6271 of 10066), ETA 0:00:00                              
[00:00:01] ... finding cutoff p=741 63.4% (6380 of 10066), ETA 0:00:00                              
[00:00:01] ... finding cutoff p=741 64.5% (6489 of 10066), ETA 0:00:00                              
[00:00:01] ... finding cutoff p=741 65.3% (6572 of 10066), ETA 0:00:00                              
[00:00:01] ... finding cutoff p=741 66.4% (6682 of 10066), ETA 0:00:00                              
[00:00:01] ... finding cutoff p=741 67.4% (6783 of 10066), ETA 0:00:00                              
[00:00:01] ... finding cutoff p=741 68.4% (6889 of 10066), ETA 0:00:00                              
[00:00:01] ... finding cutoff p=741 69.3% (6978 of 10066), ETA 0:00:00                              
[00:00:01] ... finding cutoff p=741 70.5% (7092 of 10066), ETA 0:00:00                              
[00:00:01] ... finding cutoff p=741 71.3% (7182 of 10066), ETA 0:00:00                              
[00:00:01] ... finding cutoff p=741 72.5% (7299 of 10066), ETA 0:00:00                              
[00:00:01] ... finding cutoff p=741 73.4% (7386 of 10066), ETA 0:00:00                              
[00:00:01] ... finding cutoff p=741 74.2% (7474 of 10066), ETA 0:00:00                              
[00:00:01] ... finding cutoff p=741 75.4% (7589 of 10066), ETA 0:00:00                              
[00:00:01] ... finding cutoff p=741 76.3% (7676 of 10066), ETA 0:00:00                              
[00:00:01] ... finding cutoff p=741 77.3% (7786 of 10066), ETA 0:00:00                              
[00:00:01] ... finding cutoff p=741 78.3% (7881 of 10066), ETA 0:00:00                              
[00:00:01] ... finding cutoff p=741 79.3% (7984 of 10066), ETA 0:00:00                              
[00:00:01] ... finding cutoff p=741 80.3% (8088 of 10066), ETA 0:00:00                              
[00:00:01] ... finding cutoff p=741 81.3% (8188 of 10066), ETA 0:00:00                              
[00:00:01] ... finding cutoff p=741 82.3% (8283 of 10066), ETA 0:00:00                              
[00:00:01] ... finding cutoff p=741 83.4% (8400 of 10066), ETA 0:00:00                              
[00:00:01] ... finding cutoff p=741 84.4% (8499 of 10066), ETA 0:00:00                              
[00:00:01] ... finding cutoff p=741 85.4% (8593 of 10066), ETA 0:00:00                              
[00:00:01] ... finding cutoff p=741 86.4% (8695 of 10066), ETA 0:00:00                              
[00:00:01] ... finding cutoff p=741 87.3% (8791 of 10066), ETA 0:00:00                              
[00:00:01] ... finding cutoff p=741 88.4% (8894 of 10066), ETA 0:00:00                              
[00:00:01] ... finding cutoff p=741 89.4% (8995 of 10066), ETA 0:00:00                              
[00:00:01] ... finding cutoff p=741 90.4% (9096 of 10066), ETA 0:00:00                              
[00:00:01] ... finding cutoff p=741 91.4% (9198 of 10066), ETA 0:00:00                              
[00:00:01] ... finding cutoff p=741 92.4% (9296 of 10066), ETA 0:00:00                              
[00:00:01] ... finding cutoff p=741 93.4% (9397 of 10066), ETA 0:00:00                              
[00:00:01] ... finding cutoff p=741 94.4% (9498 of 10066), ETA 0:00:00                              
[00:00:01] ... finding cutoff p=741 95.4% (9602 of 10066), ETA 0:00:00                              
[00:00:01] ... finding cutoff p=741 96.4% (9700 of 10066), ETA 0:00:00                              
[00:00:01] ... finding cutoff p=741 97.3% (9799 of 10066), ETA 0:00:00                              
[00:00:01] ... finding cutoff p=741 98.3% (9899 of 10066), ETA 0:00:00                              
[00:00:01] ... finding cutoff p=741 99.3% (9999 of 10066), ETA 0:00:00                              
[00:00:01] Preparing TNF Graph Building [pTNF = 74.1; 9105 / 10066 (P = 90.45%) round 44]               
[00:00:01] Finding cutoff p=730 [-97.9Gb / 1007.8Gb]                                                     
[00:00:01] ... finding cutoff p=730 1.6% (161 of 10066), ETA 0:00:00                              
[00:00:01] ... finding cutoff p=730 2.6% (259 of 10066), ETA 0:00:00                              
[00:00:01] ... finding cutoff p=730 3.5% (349 of 10066), ETA 0:00:00                              
[00:00:01] ... finding cutoff p=730 4.2% (427 of 10066), ETA 0:00:00                              
[00:00:01] ... finding cutoff p=730 5.1% (510 of 10066), ETA 0:00:00                              
[00:00:01] ... finding cutoff p=730 6.6% (662 of 10066), ETA 0:00:00                              
[00:00:01] ... finding cutoff p=730 7.5% (759 of 10066), ETA 0:00:00                              
[00:00:01] ... finding cutoff p=730 8.6% (866 of 10066), ETA 0:00:00                              
[00:00:01] ... finding cutoff p=730 9.4% (949 of 10066), ETA 0:00:00                              
[00:00:01] ... finding cutoff p=730 10.3% (1036 of 10066), ETA 0:00:00                              
[00:00:01] ... finding cutoff p=730 11.1% (1118 of 10066), ETA 0:00:00                              
[00:00:01] ... finding cutoff p=730 13.0% (1307 of 10066), ETA 0:00:00                              
[00:00:01] ... finding cutoff p=730 14.1% (1424 of 10066), ETA 0:00:00                              
[00:00:01] ... finding cutoff p=730 15.2% (1535 of 10066), ETA 0:00:00                              
[00:00:01] ... finding cutoff p=730 16.5% (1656 of 10066), ETA 0:00:00                              
[00:00:01] ... finding cutoff p=730 17.2% (1736 of 10066), ETA 0:00:00                              
[00:00:01] ... finding cutoff p=730 18.4% (1855 of 10066), ETA 0:00:00                              
[00:00:01] ... finding cutoff p=730 19.6% (1973 of 10066), ETA 0:00:00                              
[00:00:01] ... finding cutoff p=730 20.2% (2030 of 10066), ETA 0:00:00                              
[00:00:01] ... finding cutoff p=730 21.2% (2137 of 10066), ETA 0:00:00                              
[00:00:01] ... finding cutoff p=730 22.5% (2260 of 10066), ETA 0:00:00                              
[00:00:01] ... finding cutoff p=730 23.1% (2326 of 10066), ETA 0:00:00                              
[00:00:01] ... finding cutoff p=730 24.4% (2456 of 10066), ETA 0:00:00                              
[00:00:01] ... finding cutoff p=730 25.6% (2574 of 10066), ETA 0:00:00                              
[00:00:01] ... finding cutoff p=730 26.3% (2645 of 10066), ETA 0:00:00                              
[00:00:01] ... finding cutoff p=730 27.4% (2763 of 10066), ETA 0:00:00                              
[00:00:01] ... finding cutoff p=730 28.3% (2845 of 10066), ETA 0:00:00                              
[00:00:01] ... finding cutoff p=730 29.5% (2974 of 10066), ETA 0:00:00                              
[00:00:01] ... finding cutoff p=730 30.3% (3047 of 10066), ETA 0:00:00                              
[00:00:01] ... finding cutoff p=730 31.7% (3192 of 10066), ETA 0:00:00                              
[00:00:01] ... finding cutoff p=730 32.6% (3278 of 10066), ETA 0:00:00                              
[00:00:01] ... finding cutoff p=730 33.5% (3374 of 10066), ETA 0:00:00                              
[00:00:01] ... finding cutoff p=730 34.2% (3446 of 10066), ETA 0:00:00                              
[00:00:01] ... finding cutoff p=730 35.6% (3588 of 10066), ETA 0:00:00                              
[00:00:01] ... finding cutoff p=730 36.3% (3656 of 10066), ETA 0:00:00                              
[00:00:01] ... finding cutoff p=730 37.3% (3750 of 10066), ETA 0:00:00                              
[00:00:01] ... finding cutoff p=730 38.5% (3879 of 10066), ETA 0:00:00                              
[00:00:01] ... finding cutoff p=730 39.6% (3985 of 10066), ETA 0:00:00                              
[00:00:01] ... finding cutoff p=730 40.2% (4051 of 10066), ETA 0:00:00                              
[00:00:01] ... finding cutoff p=730 41.5% (4177 of 10066), ETA 0:00:00                              
[00:00:01] ... finding cutoff p=730 42.7% (4297 of 10066), ETA 0:00:00                              
[00:00:01] ... finding cutoff p=730 43.6% (4388 of 10066), ETA 0:00:00                              
[00:00:01] ... finding cutoff p=730 44.3% (4464 of 10066), ETA 0:00:00                              
[00:00:01] ... finding cutoff p=730 45.4% (4573 of 10066), ETA 0:00:00                              
[00:00:01] ... finding cutoff p=730 46.5% (4679 of 10066), ETA 0:00:00                              
[00:00:01] ... finding cutoff p=730 47.5% (4784 of 10066), ETA 0:00:00                              
[00:00:01] ... finding cutoff p=730 48.5% (4885 of 10066), ETA 0:00:00                              
[00:00:01] ... finding cutoff p=730 49.5% (4987 of 10066), ETA 0:00:00                              
[00:00:01] ... finding cutoff p=730 50.7% (5107 of 10066), ETA 0:00:00                              
[00:00:01] ... finding cutoff p=730 51.3% (5163 of 10066), ETA 0:00:00                              
[00:00:01] ... finding cutoff p=730 52.4% (5273 of 10066), ETA 0:00:00                              
[00:00:01] ... finding cutoff p=730 53.5% (5382 of 10066), ETA 0:00:00                              
[00:00:01] ... finding cutoff p=730 54.5% (5491 of 10066), ETA 0:00:00                              
[00:00:01] ... finding cutoff p=730 55.4% (5579 of 10066), ETA 0:00:00                              
[00:00:01] ... finding cutoff p=730 56.5% (5692 of 10066), ETA 0:00:00                              
[00:00:01] ... finding cutoff p=730 57.6% (5795 of 10066), ETA 0:00:00                              
[00:00:01] ... finding cutoff p=730 58.5% (5893 of 10066), ETA 0:00:00                              
[00:00:01] ... finding cutoff p=730 59.5% (5992 of 10066), ETA 0:00:00                              
[00:00:01] ... finding cutoff p=730 60.4% (6080 of 10066), ETA 0:00:00                              
[00:00:01] ... finding cutoff p=730 61.4% (6178 of 10066), ETA 0:00:00                              
[00:00:01] ... finding cutoff p=730 62.3% (6275 of 10066), ETA 0:00:00                              
[00:00:01] ... finding cutoff p=730 63.5% (6391 of 10066), ETA 0:00:00                              
[00:00:01] ... finding cutoff p=730 64.5% (6489 of 10066), ETA 0:00:00                              
[00:00:01] ... finding cutoff p=730 65.4% (6579 of 10066), ETA 0:00:00                              
[00:00:01] ... finding cutoff p=730 66.5% (6690 of 10066), ETA 0:00:00                              
[00:00:01] ... finding cutoff p=730 67.3% (6776 of 10066), ETA 0:00:00                              
[00:00:01] ... finding cutoff p=730 68.3% (6873 of 10066), ETA 0:00:00                              
[00:00:01] ... finding cutoff p=730 69.4% (6982 of 10066), ETA 0:00:00                              
[00:00:01] ... finding cutoff p=730 70.3% (7080 of 10066), ETA 0:00:00                              
[00:00:01] ... finding cutoff p=730 71.4% (7189 of 10066), ETA 0:00:00                              
[00:00:01] ... finding cutoff p=730 72.3% (7276 of 10066), ETA 0:00:00                              
[00:00:01] ... finding cutoff p=730 73.3% (7383 of 10066), ETA 0:00:00                              
[00:00:01] ... finding cutoff p=730 74.5% (7499 of 10066), ETA 0:00:00                              
[00:00:01] ... finding cutoff p=730 75.4% (7594 of 10066), ETA 0:00:00                              
[00:00:01] ... finding cutoff p=730 76.4% (7689 of 10066), ETA 0:00:00                              
[00:00:01] ... finding cutoff p=730 77.3% (7784 of 10066), ETA 0:00:00                              
[00:00:01] ... finding cutoff p=730 78.3% (7881 of 10066), ETA 0:00:00                              
[00:00:01] ... finding cutoff p=730 79.4% (7988 of 10066), ETA 0:00:00                              
[00:00:01] ... finding cutoff p=730 80.4% (8097 of 10066), ETA 0:00:00                              
[00:00:01] ... finding cutoff p=730 81.3% (8181 of 10066), ETA 0:00:00                              
[00:00:01] ... finding cutoff p=730 82.3% (8283 of 10066), ETA 0:00:00                              
[00:00:01] ... finding cutoff p=730 83.4% (8391 of 10066), ETA 0:00:00                              
[00:00:01] ... finding cutoff p=730 84.4% (8498 of 10066), ETA 0:00:00                              
[00:00:01] ... finding cutoff p=730 85.4% (8592 of 10066), ETA 0:00:00                              
[00:00:01] ... finding cutoff p=730 86.3% (8691 of 10066), ETA 0:00:00                              
[00:00:01] ... finding cutoff p=730 87.3% (8790 of 10066), ETA 0:00:00                              
[00:00:01] ... finding cutoff p=730 88.4% (8897 of 10066), ETA 0:00:00                              
[00:00:01] ... finding cutoff p=730 89.4% (8994 of 10066), ETA 0:00:00                              
[00:00:01] ... finding cutoff p=730 90.3% (9093 of 10066), ETA 0:00:00                              
[00:00:01] ... finding cutoff p=730 91.4% (9203 of 10066), ETA 0:00:00                              
[00:00:01] ... finding cutoff p=730 92.3% (9294 of 10066), ETA 0:00:00                              
[00:00:01] ... finding cutoff p=730 93.3% (9394 of 10066), ETA 0:00:00                              
[00:00:01] ... finding cutoff p=730 94.4% (9498 of 10066), ETA 0:00:00                              
[00:00:01] ... finding cutoff p=730 95.3% (9597 of 10066), ETA 0:00:00                              
[00:00:01] ... finding cutoff p=730 96.4% (9702 of 10066), ETA 0:00:00                              
[00:00:01] ... finding cutoff p=730 97.4% (9801 of 10066), ETA 0:00:00                              
[00:00:01] ... finding cutoff p=730 98.4% (9900 of 10066), ETA 0:00:00                              
[00:00:01] ... finding cutoff p=730 99.3% (9999 of 10066), ETA 0:00:00                              
[00:00:01] Preparing TNF Graph Building [pTNF = 73.0; 9197 / 10066 (P = 91.37%) round 45]               
[00:00:01] Finding cutoff p=719 [-97.9Gb / 1007.8Gb]                                                     
[00:00:01] ... finding cutoff p=719 1.6% (157 of 10066), ETA 0:00:00                              
[00:00:01] ... finding cutoff p=719 2.7% (271 of 10066), ETA 0:00:00                              
[00:00:01] ... finding cutoff p=719 3.8% (382 of 10066), ETA 0:00:00                              
[00:00:01] ... finding cutoff p=719 4.5% (457 of 10066), ETA 0:00:00                              
[00:00:01] ... finding cutoff p=719 5.4% (543 of 10066), ETA 0:00:00                              
[00:00:01] ... finding cutoff p=719 6.3% (634 of 10066), ETA 0:00:00                              
[00:00:01] ... finding cutoff p=719 7.1% (710 of 10066), ETA 0:00:00                              
[00:00:01] ... finding cutoff p=719 8.1% (813 of 10066), ETA 0:00:00                              
[00:00:01] ... finding cutoff p=719 9.7% (974 of 10066), ETA 0:00:00                              
[00:00:01] ... finding cutoff p=719 10.9% (1093 of 10066), ETA 0:00:00                              
[00:00:01] ... finding cutoff p=719 12.0% (1207 of 10066), ETA 0:00:00                              
[00:00:01] ... finding cutoff p=719 13.2% (1325 of 10066), ETA 0:00:00                              
[00:00:01] ... finding cutoff p=719 14.1% (1423 of 10066), ETA 0:00:00                              
[00:00:01] ... finding cutoff p=719 15.4% (1553 of 10066), ETA 0:00:00                              
[00:00:01] ... finding cutoff p=719 16.5% (1662 of 10066), ETA 0:00:00                              
[00:00:01] ... finding cutoff p=719 17.3% (1745 of 10066), ETA 0:00:00                              
[00:00:01] ... finding cutoff p=719 18.2% (1835 of 10066), ETA 0:00:00                              
[00:00:01] ... finding cutoff p=719 19.3% (1943 of 10066), ETA 0:00:00                              
[00:00:01] ... finding cutoff p=719 20.6% (2069 of 10066), ETA 0:00:00                              
[00:00:01] ... finding cutoff p=719 21.2% (2136 of 10066), ETA 0:00:00                              
[00:00:01] ... finding cutoff p=719 22.4% (2255 of 10066), ETA 0:00:00                              
[00:00:01] ... finding cutoff p=719 23.1% (2329 of 10066), ETA 0:00:00                              
[00:00:01] ... finding cutoff p=719 24.3% (2443 of 10066), ETA 0:00:00                              
[00:00:01] ... finding cutoff p=719 25.2% (2540 of 10066), ETA 0:00:00                              
[00:00:01] ... finding cutoff p=719 26.2% (2633 of 10066), ETA 0:00:00                              
[00:00:01] ... finding cutoff p=719 27.3% (2749 of 10066), ETA 0:00:00                              
[00:00:01] ... finding cutoff p=719 28.4% (2860 of 10066), ETA 0:00:00                              
[00:00:01] ... finding cutoff p=719 29.6% (2984 of 10066), ETA 0:00:00                              
[00:00:01] ... finding cutoff p=719 30.4% (3061 of 10066), ETA 0:00:00                              
[00:00:01] ... finding cutoff p=719 31.6% (3184 of 10066), ETA 0:00:00                              
[00:00:01] ... finding cutoff p=719 32.5% (3270 of 10066), ETA 0:00:00                              
[00:00:01] ... finding cutoff p=719 33.2% (3343 of 10066), ETA 0:00:00                              
[00:00:01] ... finding cutoff p=719 34.6% (3478 of 10066), ETA 0:00:00                              
[00:00:01] ... finding cutoff p=719 35.2% (3540 of 10066), ETA 0:00:00                              
[00:00:01] ... finding cutoff p=719 36.5% (3671 of 10066), ETA 0:00:00                              
[00:00:01] ... finding cutoff p=719 37.1% (3737 of 10066), ETA 0:00:00                              
[00:00:01] ... finding cutoff p=719 38.2% (3845 of 10066), ETA 0:00:00                              
[00:00:01] ... finding cutoff p=719 39.3% (3959 of 10066), ETA 0:00:00                              
[00:00:01] ... finding cutoff p=719 40.6% (4089 of 10066), ETA 0:00:00                              
[00:00:01] ... finding cutoff p=719 41.4% (4169 of 10066), ETA 0:00:00                              
[00:00:01] ... finding cutoff p=719 42.2% (4247 of 10066), ETA 0:00:00                              
[00:00:01] ... finding cutoff p=719 43.5% (4375 of 10066), ETA 0:00:00                              
[00:00:01] ... finding cutoff p=719 44.1% (4444 of 10066), ETA 0:00:00                              
[00:00:01] ... finding cutoff p=719 45.3% (4563 of 10066), ETA 0:00:00                              
[00:00:01] ... finding cutoff p=719 46.6% (4689 of 10066), ETA 0:00:00                              
[00:00:01] ... finding cutoff p=719 47.2% (4747 of 10066), ETA 0:00:00                              
[00:00:01] ... finding cutoff p=719 48.5% (4877 of 10066), ETA 0:00:00                              
[00:00:01] ... finding cutoff p=719 49.4% (4970 of 10066), ETA 0:00:00                              
[00:00:01] ... finding cutoff p=719 50.6% (5089 of 10066), ETA 0:00:00                              
[00:00:01] ... finding cutoff p=719 51.3% (5165 of 10066), ETA 0:00:00                              
[00:00:01] ... finding cutoff p=719 52.4% (5274 of 10066), ETA 0:00:00                              
[00:00:01] ... finding cutoff p=719 53.5% (5385 of 10066), ETA 0:00:00                              
[00:00:01] ... finding cutoff p=719 54.5% (5486 of 10066), ETA 0:00:00                              
[00:00:01] ... finding cutoff p=719 55.3% (5566 of 10066), ETA 0:00:00                              
[00:00:01] ... finding cutoff p=719 56.4% (5682 of 10066), ETA 0:00:00                              
[00:00:01] ... finding cutoff p=719 57.6% (5799 of 10066), ETA 0:00:00                              
[00:00:01] ... finding cutoff p=719 58.6% (5899 of 10066), ETA 0:00:00                              
[00:00:01] ... finding cutoff p=719 59.6% (5995 of 10066), ETA 0:00:00                              
[00:00:01] ... finding cutoff p=719 60.5% (6091 of 10066), ETA 0:00:00                              
[00:00:01] ... finding cutoff p=719 61.2% (6165 of 10066), ETA 0:00:00                              
[00:00:01] ... finding cutoff p=719 62.4% (6279 of 10066), ETA 0:00:00                              
[00:00:01] ... finding cutoff p=719 63.4% (6385 of 10066), ETA 0:00:00                              
[00:00:01] ... finding cutoff p=719 64.3% (6477 of 10066), ETA 0:00:00                              
[00:00:01] ... finding cutoff p=719 65.2% (6567 of 10066), ETA 0:00:00                              
[00:00:01] ... finding cutoff p=719 66.5% (6693 of 10066), ETA 0:00:00                              
[00:00:01] ... finding cutoff p=719 67.4% (6788 of 10066), ETA 0:00:00                              
[00:00:01] ... finding cutoff p=719 68.4% (6888 of 10066), ETA 0:00:00                              
[00:00:01] ... finding cutoff p=719 69.3% (6977 of 10066), ETA 0:00:00                              
[00:00:01] ... finding cutoff p=719 70.4% (7091 of 10066), ETA 0:00:00                              
[00:00:01] ... finding cutoff p=719 71.4% (7188 of 10066), ETA 0:00:00                              
[00:00:01] ... finding cutoff p=719 72.5% (7293 of 10066), ETA 0:00:00                              
[00:00:01] ... finding cutoff p=719 73.4% (7387 of 10066), ETA 0:00:00                              
[00:00:01] ... finding cutoff p=719 74.5% (7495 of 10066), ETA 0:00:00                              
[00:00:01] ... finding cutoff p=719 75.3% (7578 of 10066), ETA 0:00:00                              
[00:00:01] ... finding cutoff p=719 76.4% (7694 of 10066), ETA 0:00:00                              
[00:00:01] ... finding cutoff p=719 77.4% (7787 of 10066), ETA 0:00:00                              
[00:00:01] ... finding cutoff p=719 78.5% (7898 of 10066), ETA 0:00:00                              
[00:00:01] ... finding cutoff p=719 79.3% (7984 of 10066), ETA 0:00:00                              
[00:00:01] ... finding cutoff p=719 80.3% (8086 of 10066), ETA 0:00:00                              
[00:00:01] ... finding cutoff p=719 81.4% (8189 of 10066), ETA 0:00:00                              
[00:00:01] ... finding cutoff p=719 82.3% (8282 of 10066), ETA 0:00:00                              
[00:00:01] ... finding cutoff p=719 83.3% (8390 of 10066), ETA 0:00:00                              
[00:00:01] ... finding cutoff p=719 84.3% (8486 of 10066), ETA 0:00:00                              
[00:00:01] ... finding cutoff p=719 85.4% (8592 of 10066), ETA 0:00:00                              
[00:00:01] ... finding cutoff p=719 86.4% (8692 of 10066), ETA 0:00:00                              
[00:00:01] ... finding cutoff p=719 87.4% (8796 of 10066), ETA 0:00:00                              
[00:00:01] ... finding cutoff p=719 88.3% (8892 of 10066), ETA 0:00:00                              
[00:00:01] ... finding cutoff p=719 89.3% (8991 of 10066), ETA 0:00:00                              
[00:00:01] ... finding cutoff p=719 90.4% (9095 of 10066), ETA 0:00:00                              
[00:00:01] ... finding cutoff p=719 91.4% (9198 of 10066), ETA 0:00:00                              
[00:00:01] ... finding cutoff p=719 92.4% (9296 of 10066), ETA 0:00:00                              
[00:00:01] ... finding cutoff p=719 93.3% (9393 of 10066), ETA 0:00:00                              
[00:00:01] ... finding cutoff p=719 94.4% (9502 of 10066), ETA 0:00:00                              
[00:00:01] ... finding cutoff p=719 95.3% (9596 of 10066), ETA 0:00:00                              
[00:00:01] ... finding cutoff p=719 96.3% (9698 of 10066), ETA 0:00:00                              
[00:00:01] ... finding cutoff p=719 97.4% (9802 of 10066), ETA 0:00:00                              
[00:00:01] ... finding cutoff p=719 98.3% (9899 of 10066), ETA 0:00:00                              
[00:00:01] ... finding cutoff p=719 99.3% (9999 of 10066), ETA 0:00:00                              
[00:00:01] Preparing TNF Graph Building [pTNF = 71.9; 9258 / 10066 (P = 91.97%) round 46]               
[00:00:01] Finding cutoff p=710 [-97.9Gb / 1007.8Gb]                                                     
[00:00:01] ... finding cutoff p=710 1.5% (147 of 10066), ETA 0:00:00                              
[00:00:01] ... finding cutoff p=710 2.5% (247 of 10066), ETA 0:00:00                              
[00:00:01] ... finding cutoff p=710 3.4% (344 of 10066), ETA 0:00:00                              
[00:00:01] ... finding cutoff p=710 4.2% (420 of 10066), ETA 0:00:00                              
[00:00:01] ... finding cutoff p=710 5.1% (518 of 10066), ETA 0:00:00                              
[00:00:01] ... finding cutoff p=710 6.6% (668 of 10066), ETA 0:00:00                              
[00:00:01] ... finding cutoff p=710 7.5% (757 of 10066), ETA 0:00:00                              
[00:00:01] ... finding cutoff p=710 8.3% (835 of 10066), ETA 0:00:00                              
[00:00:01] ... finding cutoff p=710 9.3% (939 of 10066), ETA 0:00:00                              
[00:00:01] ... finding cutoff p=710 10.3% (1038 of 10066), ETA 0:00:00                              
[00:00:01] ... finding cutoff p=710 11.1% (1121 of 10066), ETA 0:00:00                              
[00:00:01] ... finding cutoff p=710 12.1% (1219 of 10066), ETA 0:00:00                              
[00:00:01] ... finding cutoff p=710 13.5% (1356 of 10066), ETA 0:00:00                              
[00:00:01] ... finding cutoff p=710 14.2% (1425 of 10066), ETA 0:00:00                              
[00:00:01] ... finding cutoff p=710 15.3% (1537 of 10066), ETA 0:00:00                              
[00:00:01] ... finding cutoff p=710 16.6% (1675 of 10066), ETA 0:00:00                              
[00:00:01] ... finding cutoff p=710 17.4% (1750 of 10066), ETA 0:00:00                              
[00:00:01] ... finding cutoff p=710 18.2% (1830 of 10066), ETA 0:00:00                              
[00:00:01] ... finding cutoff p=710 19.2% (1930 of 10066), ETA 0:00:00                              
[00:00:01] ... finding cutoff p=710 20.6% (2071 of 10066), ETA 0:00:00                              
[00:00:01] ... finding cutoff p=710 21.3% (2148 of 10066), ETA 0:00:00                              
[00:00:01] ... finding cutoff p=710 22.5% (2266 of 10066), ETA 0:00:00                              
[00:00:01] ... finding cutoff p=710 23.6% (2376 of 10066), ETA 0:00:00                              
[00:00:01] ... finding cutoff p=710 24.3% (2445 of 10066), ETA 0:00:00                              
[00:00:01] ... finding cutoff p=710 25.5% (2568 of 10066), ETA 0:00:00                              
[00:00:01] ... finding cutoff p=710 26.6% (2682 of 10066), ETA 0:00:00                              
[00:00:01] ... finding cutoff p=710 27.4% (2756 of 10066), ETA 0:00:00                              
[00:00:01] ... finding cutoff p=710 28.5% (2873 of 10066), ETA 0:00:00                              
[00:00:01] ... finding cutoff p=710 29.3% (2952 of 10066), ETA 0:00:00                              
[00:00:01] ... finding cutoff p=710 30.6% (3079 of 10066), ETA 0:00:00                              
[00:00:01] ... finding cutoff p=710 31.4% (3157 of 10066), ETA 0:00:00                              
[00:00:01] ... finding cutoff p=710 32.2% (3241 of 10066), ETA 0:00:00                              
[00:00:01] ... finding cutoff p=710 33.6% (3387 of 10066), ETA 0:00:00                              
[00:00:01] ... finding cutoff p=710 34.4% (3461 of 10066), ETA 0:00:00                              
[00:00:01] ... finding cutoff p=710 35.6% (3587 of 10066), ETA 0:00:00                              
[00:00:01] ... finding cutoff p=710 36.4% (3660 of 10066), ETA 0:00:00                              
[00:00:01] ... finding cutoff p=710 37.2% (3746 of 10066), ETA 0:00:00                              
[00:00:01] ... finding cutoff p=710 38.4% (3870 of 10066), ETA 0:00:00                              
[00:00:01] ... finding cutoff p=710 39.7% (3996 of 10066), ETA 0:00:00                              
[00:00:01] ... finding cutoff p=710 40.4% (4066 of 10066), ETA 0:00:00                              
[00:00:01] ... finding cutoff p=710 41.5% (4176 of 10066), ETA 0:00:00                              
[00:00:01] ... finding cutoff p=710 42.7% (4297 of 10066), ETA 0:00:00                              
[00:00:01] ... finding cutoff p=710 43.3% (4363 of 10066), ETA 0:00:00                              
[00:00:01] ... finding cutoff p=710 44.4% (4466 of 10066), ETA 0:00:00                              
[00:00:01] ... finding cutoff p=710 45.5% (4585 of 10066), ETA 0:00:00                              
[00:00:01] ... finding cutoff p=710 46.6% (4694 of 10066), ETA 0:00:00                              
[00:00:01] ... finding cutoff p=710 47.6% (4788 of 10066), ETA 0:00:00                              
[00:00:01] ... finding cutoff p=710 48.3% (4858 of 10066), ETA 0:00:00                              
[00:00:01] ... finding cutoff p=710 49.2% (4950 of 10066), ETA 0:00:00                              
[00:00:01] ... finding cutoff p=710 50.3% (5062 of 10066), ETA 0:00:00                              
[00:00:01] ... finding cutoff p=710 51.5% (5188 of 10066), ETA 0:00:00                              
[00:00:01] ... finding cutoff p=710 52.3% (5261 of 10066), ETA 0:00:00                              
[00:00:01] ... finding cutoff p=710 53.5% (5390 of 10066), ETA 0:00:00                              
[00:00:01] ... finding cutoff p=710 54.4% (5475 of 10066), ETA 0:00:00                              
[00:00:01] ... finding cutoff p=710 55.3% (5567 of 10066), ETA 0:00:00                              
[00:00:01] ... finding cutoff p=710 56.3% (5672 of 10066), ETA 0:00:00                              
[00:00:01] ... finding cutoff p=710 57.3% (5768 of 10066), ETA 0:00:00                              
[00:00:01] ... finding cutoff p=710 58.2% (5859 of 10066), ETA 0:00:00                              
[00:00:01] ... finding cutoff p=710 59.5% (5985 of 10066), ETA 0:00:00                              
[00:00:01] ... finding cutoff p=710 60.5% (6086 of 10066), ETA 0:00:00                              
[00:00:01] ... finding cutoff p=710 61.4% (6179 of 10066), ETA 0:00:00                              
[00:00:01] ... finding cutoff p=710 62.4% (6281 of 10066), ETA 0:00:00                              
[00:00:01] ... finding cutoff p=710 63.3% (6372 of 10066), ETA 0:00:00                              
[00:00:01] ... finding cutoff p=710 64.2% (6465 of 10066), ETA 0:00:00                              
[00:00:01] ... finding cutoff p=710 65.2% (6566 of 10066), ETA 0:00:00                              
[00:00:01] ... finding cutoff p=710 66.4% (6684 of 10066), ETA 0:00:00                              
[00:00:01] ... finding cutoff p=710 67.3% (6770 of 10066), ETA 0:00:00                              
[00:00:01] ... finding cutoff p=710 68.4% (6882 of 10066), ETA 0:00:00                              
[00:00:01] ... finding cutoff p=710 69.3% (6977 of 10066), ETA 0:00:00                              
[00:00:01] ... finding cutoff p=710 70.4% (7086 of 10066), ETA 0:00:00                              
[00:00:01] ... finding cutoff p=710 71.3% (7173 of 10066), ETA 0:00:00                              
[00:00:01] ... finding cutoff p=710 72.4% (7288 of 10066), ETA 0:00:00                              
[00:00:01] ... finding cutoff p=710 73.5% (7400 of 10066), ETA 0:00:00                              
[00:00:01] ... finding cutoff p=710 74.4% (7491 of 10066), ETA 0:00:00                              
[00:00:01] ... finding cutoff p=710 75.5% (7603 of 10066), ETA 0:00:00                              
[00:00:01] ... finding cutoff p=710 76.3% (7679 of 10066), ETA 0:00:00                              
[00:00:01] ... finding cutoff p=710 77.4% (7794 of 10066), ETA 0:00:00                              
[00:00:01] ... finding cutoff p=710 78.3% (7882 of 10066), ETA 0:00:00                              
[00:00:01] ... finding cutoff p=710 79.3% (7986 of 10066), ETA 0:00:00                              
[00:00:01] ... finding cutoff p=710 80.3% (8085 of 10066), ETA 0:00:00                              
[00:00:01] ... finding cutoff p=710 81.3% (8187 of 10066), ETA 0:00:00                              
[00:00:01] ... finding cutoff p=710 82.4% (8292 of 10066), ETA 0:00:00                              
[00:00:01] ... finding cutoff p=710 83.4% (8396 of 10066), ETA 0:00:00                              
[00:00:01] ... finding cutoff p=710 84.3% (8488 of 10066), ETA 0:00:00                              
[00:00:01] ... finding cutoff p=710 85.3% (8587 of 10066), ETA 0:00:00                              
[00:00:01] ... finding cutoff p=710 86.4% (8692 of 10066), ETA 0:00:00                              
[00:00:01] ... finding cutoff p=710 87.5% (8804 of 10066), ETA 0:00:00                              
[00:00:01] ... finding cutoff p=710 88.4% (8895 of 10066), ETA 0:00:00                              
[00:00:01] ... finding cutoff p=710 89.3% (8992 of 10066), ETA 0:00:00                              
[00:00:01] ... finding cutoff p=710 90.4% (9100 of 10066), ETA 0:00:00                              
[00:00:01] ... finding cutoff p=710 91.3% (9193 of 10066), ETA 0:00:00                              
[00:00:01] ... finding cutoff p=710 92.4% (9299 of 10066), ETA 0:00:00                              
[00:00:01] ... finding cutoff p=710 93.4% (9401 of 10066), ETA 0:00:00                              
[00:00:01] ... finding cutoff p=710 94.4% (9499 of 10066), ETA 0:00:00                              
[00:00:01] ... finding cutoff p=710 95.3% (9597 of 10066), ETA 0:00:00                              
[00:00:01] ... finding cutoff p=710 96.3% (9697 of 10066), ETA 0:00:00                              
[00:00:01] ... finding cutoff p=710 97.4% (9802 of 10066), ETA 0:00:00                              
[00:00:01] ... finding cutoff p=710 98.3% (9898 of 10066), ETA 0:00:00                              
[00:00:01] ... finding cutoff p=710 99.3% (9999 of 10066), ETA 0:00:00                              
[00:00:01] Preparing TNF Graph Building [pTNF = 71.0; 9309 / 10066 (P = 92.48%) round 47]               
[00:00:01] Finished Preparing TNF Graph Building [pTNF = 70.00] [-98.6Gb / 1007.8Gb]                                            
[00:00:01] Starting Building TNF Graph. CacheSize=256 TILE=51 nobs=10066 maxEdges=200
[00:00:02] Building TNF Graph 12.2% (1224 of 10066), ETA 0:00:01     [-98.6Gb / 1007.8Gb]                           
[00:00:02] Building TNF Graph 24.3% (2448 of 10066), ETA 0:00:01     [-98.6Gb / 1007.8Gb]                           
[00:00:02] Building TNF Graph 36.5% (3672 of 10066), ETA 0:00:01     [-98.6Gb / 1007.8Gb]                           
[00:00:02] Building TNF Graph 48.6% (4896 of 10066), ETA 0:00:01     [-98.6Gb / 1007.8Gb]                           
[00:00:02] Building TNF Graph 60.3% (6069 of 10066), ETA 0:00:00     [-98.6Gb / 1007.8Gb]                           
[00:00:02] Building TNF Graph 72.5% (7293 of 10066), ETA 0:00:00     [-98.6Gb / 1007.8Gb]                           
[00:00:02] Building TNF Graph 84.6% (8517 of 10066), ETA 0:00:00     [-98.6Gb / 1007.8Gb]                           
[00:00:02] Building TNF Graph 97.3% (9792 of 10066), ETA 0:00:00     [-98.6Gb / 1007.8Gb]                           
[00:00:02] Finished Building TNF Graph (529931 edges) [-98.6Gb / 1007.8Gb]                                          
[00:00:02] Cleaned up after Building TNF Graph (529931 edges) [-98.6Gb / 1007.8Gb]                                          
[00:00:02] Cleaned up TNF matrix of large contigs [-98.6Gb / 1007.8Gb]                                             
[00:00:02] Applying coverage correlations to TNF graph with 529931 edges
[00:00:02] Allocated memory for graph edges [-98.6Gb / 1007.8Gb]
[00:00:02] ... calculating abundance dist 1.0% (5336 of 529931), ETA 0:00:00                              
[00:00:02] ... calculating abundance dist 2.0% (10606 of 529931), ETA 0:00:00                              
[00:00:02] ... calculating abundance dist 3.0% (15917 of 529931), ETA 0:00:00                              
[00:00:02] ... calculating abundance dist 4.0% (21282 of 529931), ETA 0:00:00                              
[00:00:02] ... calculating abundance dist 5.0% (26502 of 529931), ETA 0:00:00                              
[00:00:02] ... calculating abundance dist 6.0% (31890 of 529931), ETA 0:00:00                              
[00:00:02] ... calculating abundance dist 7.0% (37142 of 529931), ETA 0:00:00                              
[00:00:02] ... calculating abundance dist 8.0% (42451 of 529931), ETA 0:00:00                              
[00:00:02] ... calculating abundance dist 9.0% (47716 of 529931), ETA 0:00:00                              
[00:00:02] ... calculating abundance dist 10.0% (53071 of 529931), ETA 0:00:00                              
[00:00:02] ... calculating abundance dist 11.0% (58311 of 529931), ETA 0:00:00                              
[00:00:02] ... calculating abundance dist 12.0% (63615 of 529931), ETA 0:00:00                              
[00:00:02] ... calculating abundance dist 13.0% (68963 of 529931), ETA 0:00:00                              
[00:00:02] ... calculating abundance dist 14.0% (74280 of 529931), ETA 0:00:00                              
[00:00:02] ... calculating abundance dist 15.0% (79518 of 529931), ETA 0:00:00                              
[00:00:02] ... calculating abundance dist 16.0% (84831 of 529931), ETA 0:00:00                              
[00:00:02] ... calculating abundance dist 17.0% (90130 of 529931), ETA 0:00:00                              
[00:00:02] ... calculating abundance dist 18.0% (95414 of 529931), ETA 0:00:00                              
[00:00:02] ... calculating abundance dist 19.0% (100745 of 529931), ETA 0:00:00                              
[00:00:02] ... calculating abundance dist 20.0% (106065 of 529931), ETA 0:00:00                              
[00:00:02] ... calculating abundance dist 21.0% (111365 of 529931), ETA 0:00:00                              
[00:00:02] ... calculating abundance dist 22.0% (116664 of 529931), ETA 0:00:00                              
[00:00:02] ... calculating abundance dist 23.0% (121935 of 529931), ETA 0:00:00                              
[00:00:02] ... calculating abundance dist 24.0% (127216 of 529931), ETA 0:00:00                              
[00:00:02] ... calculating abundance dist 25.0% (132525 of 529931), ETA 0:00:00                              
[00:00:02] ... calculating abundance dist 26.0% (137852 of 529931), ETA 0:00:00                              
[00:00:02] ... calculating abundance dist 27.0% (143169 of 529931), ETA 0:00:00                              
[00:00:02] ... calculating abundance dist 28.0% (148414 of 529931), ETA 0:00:00                              
[00:00:02] ... calculating abundance dist 29.0% (153773 of 529931), ETA 0:00:00                              
[00:00:02] ... calculating abundance dist 30.0% (159026 of 529931), ETA 0:00:00                              
[00:00:02] ... calculating abundance dist 31.0% (164346 of 529931), ETA 0:00:00                              
[00:00:02] ... calculating abundance dist 32.0% (169613 of 529931), ETA 0:00:00                              
[00:00:02] ... calculating abundance dist 33.0% (174931 of 529931), ETA 0:00:00                              
[00:00:02] ... calculating abundance dist 34.0% (180207 of 529931), ETA 0:00:00                              
[00:00:02] ... calculating abundance dist 35.0% (185601 of 529931), ETA 0:00:00                              
[00:00:02] ... calculating abundance dist 36.0% (190884 of 529931), ETA 0:00:00                              
[00:00:02] ... calculating abundance dist 37.0% (196119 of 529931), ETA 0:00:00                              
[00:00:02] ... calculating abundance dist 38.0% (201500 of 529931), ETA 0:00:00                              
[00:00:02] ... calculating abundance dist 39.0% (206752 of 529931), ETA 0:00:00                              
[00:00:02] ... calculating abundance dist 40.0% (212047 of 529931), ETA 0:00:00                              
[00:00:02] ... calculating abundance dist 41.0% (217378 of 529931), ETA 0:00:00                              
[00:00:02] ... calculating abundance dist 42.0% (222650 of 529931), ETA 0:00:00                              
[00:00:02] ... calculating abundance dist 43.0% (227917 of 529931), ETA 0:00:00                              
[00:00:02] ... calculating abundance dist 44.0% (233217 of 529931), ETA 0:00:00                              
[00:00:02] ... calculating abundance dist 45.0% (238509 of 529931), ETA 0:00:00                              
[00:00:02] ... calculating abundance dist 46.0% (243809 of 529931), ETA 0:00:00                              
[00:00:02] ... calculating abundance dist 47.0% (249103 of 529931), ETA 0:00:00                              
[00:00:02] ... calculating abundance dist 48.0% (254446 of 529931), ETA 0:00:00                              
[00:00:02] ... calculating abundance dist 49.0% (259759 of 529931), ETA 0:00:00                              
[00:00:02] ... calculating abundance dist 50.0% (265037 of 529931), ETA 0:00:00                              
[00:00:02] ... calculating abundance dist 51.0% (270391 of 529931), ETA 0:00:00                              
[00:00:02] ... calculating abundance dist 52.0% (275612 of 529931), ETA 0:00:00                              
[00:00:02] ... calculating abundance dist 53.0% (280949 of 529931), ETA 0:00:00                              
[00:00:02] ... calculating abundance dist 54.0% (286294 of 529931), ETA 0:00:00                              
[00:00:02] ... calculating abundance dist 55.0% (291521 of 529931), ETA 0:00:00                              
[00:00:02] ... calculating abundance dist 56.0% (296835 of 529931), ETA 0:00:00                              
[00:00:02] ... calculating abundance dist 57.0% (302158 of 529931), ETA 0:00:00                              
[00:00:02] ... calculating abundance dist 58.0% (307491 of 529931), ETA 0:00:00                              
[00:00:02] ... calculating abundance dist 59.0% (312738 of 529931), ETA 0:00:00                              
[00:00:02] ... calculating abundance dist 60.0% (318026 of 529931), ETA 0:00:00                              
[00:00:02] ... calculating abundance dist 61.0% (323301 of 529931), ETA 0:00:00                              
[00:00:02] ... calculating abundance dist 62.0% (328652 of 529931), ETA 0:00:00                              
[00:00:02] ... calculating abundance dist 63.0% (333921 of 529931), ETA 0:00:00                              
[00:00:02] ... calculating abundance dist 64.0% (339221 of 529931), ETA 0:00:00                              
[00:00:02] ... calculating abundance dist 65.0% (344579 of 529931), ETA 0:00:00                              
[00:00:02] ... calculating abundance dist 66.0% (349816 of 529931), ETA 0:00:00                              
[00:00:02] ... calculating abundance dist 67.0% (355134 of 529931), ETA 0:00:00                              
[00:00:02] ... calculating abundance dist 68.0% (360412 of 529931), ETA 0:00:00                              
[00:00:02] ... calculating abundance dist 69.0% (365716 of 529931), ETA 0:00:00                              
[00:00:02] ... calculating abundance dist 70.0% (371018 of 529931), ETA 0:00:00                              
[00:00:02] ... calculating abundance dist 71.0% (376329 of 529931), ETA 0:00:00                              
[00:00:02] ... calculating abundance dist 72.0% (381626 of 529931), ETA 0:00:00                              
[00:00:02] ... calculating abundance dist 73.0% (386902 of 529931), ETA 0:00:00                              
[00:00:02] ... calculating abundance dist 74.0% (392215 of 529931), ETA 0:00:00                              
[00:00:02] ... calculating abundance dist 75.0% (397517 of 529931), ETA 0:00:00                              
[00:00:02] ... calculating abundance dist 76.0% (402806 of 529931), ETA 0:00:00                              
[00:00:02] ... calculating abundance dist 77.0% (408112 of 529931), ETA 0:00:00                              
[00:00:02] ... calculating abundance dist 78.0% (413425 of 529931), ETA 0:00:00                              
[00:00:02] ... calculating abundance dist 79.0% (418735 of 529931), ETA 0:00:00                              
[00:00:02] ... calculating abundance dist 80.0% (424036 of 529931), ETA 0:00:00                              
[00:00:02] ... calculating abundance dist 81.0% (429332 of 529931), ETA 0:00:00                              
[00:00:02] ... calculating abundance dist 82.0% (434655 of 529931), ETA 0:00:00                              
[00:00:02] ... calculating abundance dist 83.0% (439940 of 529931), ETA 0:00:00                              
[00:00:02] ... calculating abundance dist 84.0% (445224 of 529931), ETA 0:00:00                              
[00:00:02] ... calculating abundance dist 85.0% (450504 of 529931), ETA 0:00:00                              
[00:00:02] ... calculating abundance dist 86.0% (455802 of 529931), ETA 0:00:00                              
[00:00:02] ... calculating abundance dist 87.0% (461113 of 529931), ETA 0:00:00                              
[00:00:02] ... calculating abundance dist 88.0% (466428 of 529931), ETA 0:00:00                              
[00:00:02] ... calculating abundance dist 89.0% (471725 of 529931), ETA 0:00:00                              
[00:00:03] ... calculating abundance dist 90.0% (477019 of 529931), ETA 0:00:00                              
[00:00:03] ... calculating abundance dist 91.0% (482300 of 529931), ETA 0:00:00                              
[00:00:03] ... calculating abundance dist 92.0% (487604 of 529931), ETA 0:00:00                              
[00:00:03] ... calculating abundance dist 93.0% (492907 of 529931), ETA 0:00:00                              
[00:00:03] ... calculating abundance dist 94.0% (498211 of 529931), ETA 0:00:00                              
[00:00:03] ... calculating abundance dist 95.0% (503502 of 529931), ETA 0:00:00                              
[00:00:03] ... calculating abundance dist 96.0% (508807 of 529931), ETA 0:00:00                              
[00:00:03] ... calculating abundance dist 97.0% (514115 of 529931), ETA 0:00:00                              
[00:00:03] ... calculating abundance dist 98.0% (519400 of 529931), ETA 0:00:00                              
[00:00:03] ... calculating abundance dist 99.0% (524700 of 529931), ETA 0:00:00                              
[00:00:03] Calculating geometric means [-98.6Gb / 1007.8Gb]
[00:00:03] Traversing graph with 10066 nodes and 529931 edges [-98.6Gb / 1007.8Gb]
[00:00:03] Building SCR Graph and Binning (957 vertices and 2528 edges) [P = 9.50%; -98.6Gb / 1007.8Gb]                           
[00:00:03] ... traversing graph 1.0% (5300 of 529931), ETA 0:00:01                               
[00:00:03] ... traversing graph 2.0% (10600 of 529931), ETA 0:00:00                               
[00:00:03] Building SCR Graph and Binning (1913 vertices and 8476 edges) [P = 19.00%; -98.6Gb / 1007.8Gb]                           
[00:00:03] ... traversing graph 3.0% (15900 of 529931), ETA 0:00:01                               
[00:00:03] ... traversing graph 4.0% (21200 of 529931), ETA 0:00:00                               
[00:00:03] Building SCR Graph and Binning (2869 vertices and 12877 edges) [P = 28.50%; -98.6Gb / 1007.8Gb]                           
[00:00:03] ... traversing graph 5.0% (26500 of 529931), ETA 0:00:01                               
[00:00:03] ... traversing graph 6.0% (31800 of 529931), ETA 0:00:01                               
[00:00:03] ... traversing graph 7.0% (37100 of 529931), ETA 0:00:01                               
[00:00:03] Building SCR Graph and Binning (3826 vertices and 17156 edges) [P = 38.00%; -98.6Gb / 1007.8Gb]                           
[00:00:03] ... traversing graph 8.0% (42400 of 529931), ETA 0:00:01                               
[00:00:03] ... traversing graph 9.0% (47700 of 529931), ETA 0:00:01                               
[00:00:03] ... traversing graph 10.0% (53000 of 529931), ETA 0:00:01                               
[00:00:03] ... traversing graph 11.0% (58300 of 529931), ETA 0:00:01                               
[00:00:03] Building SCR Graph and Binning (4782 vertices and 20852 edges) [P = 47.50%; -98.6Gb / 1007.8Gb]                           
[00:00:03] ... traversing graph 12.0% (63600 of 529931), ETA 0:00:01                               
[00:00:03] ... traversing graph 13.0% (68900 of 529931), ETA 0:00:01                               
[00:00:03] ... traversing graph 14.0% (74200 of 529931), ETA 0:00:01                               
[00:00:03] ... traversing graph 15.0% (79500 of 529931), ETA 0:00:01                               
[00:00:03] ... traversing graph 16.0% (84800 of 529931), ETA 0:00:01                               
[00:00:03] ... traversing graph 17.0% (90100 of 529931), ETA 0:00:01                               
[00:00:03] Building SCR Graph and Binning (5738 vertices and 25121 edges) [P = 57.00%; -98.6Gb / 1007.8Gb]                           
[00:00:03] ... traversing graph 18.0% (95400 of 529931), ETA 0:00:01                               
[00:00:03] ... traversing graph 19.0% (100700 of 529931), ETA 0:00:01                               
[00:00:03] ... traversing graph 20.0% (106000 of 529931), ETA 0:00:01                               
[00:00:03] ... traversing graph 21.0% (111300 of 529931), ETA 0:00:01                               
[00:00:03] ... traversing graph 22.0% (116600 of 529931), ETA 0:00:01                               
[00:00:03] ... traversing graph 23.0% (121900 of 529931), ETA 0:00:01                               
[00:00:03] ... traversing graph 24.0% (127200 of 529931), ETA 0:00:01                               
[00:00:03] ... traversing graph 25.0% (132500 of 529931), ETA 0:00:01                               
[00:00:03] ... traversing graph 26.0% (137800 of 529931), ETA 0:00:01                               
[00:00:03] Building SCR Graph and Binning (6695 vertices and 27828 edges) [P = 66.50%; -98.6Gb / 1007.8Gb]                           
[00:00:03] ... traversing graph 27.0% (143100 of 529931), ETA 0:00:01                               
[00:00:03] ... traversing graph 28.0% (148400 of 529931), ETA 0:00:01                               
[00:00:03] ... traversing graph 29.0% (153700 of 529931), ETA 0:00:01                               
[00:00:03] ... traversing graph 30.0% (159000 of 529931), ETA 0:00:01                               
[00:00:03] ... traversing graph 31.0% (164300 of 529931), ETA 0:00:00                               
[00:00:03] ... traversing graph 32.0% (169600 of 529931), ETA 0:00:00                               
[00:00:03] ... traversing graph 33.0% (174900 of 529931), ETA 0:00:00                               
[00:00:03] ... traversing graph 34.0% (180200 of 529931), ETA 0:00:00                               
[00:00:03] ... traversing graph 35.0% (185500 of 529931), ETA 0:00:00                               
[00:00:03] ... traversing graph 36.0% (190800 of 529931), ETA 0:00:00                               
[00:00:03] ... traversing graph 37.0% (196100 of 529931), ETA 0:00:00                               
[00:00:03] ... traversing graph 38.0% (201400 of 529931), ETA 0:00:00                               
[00:00:03] ... traversing graph 39.0% (206700 of 529931), ETA 0:00:00                               
[00:00:03] ... traversing graph 40.0% (212000 of 529931), ETA 0:00:00                               
[00:00:03] ... traversing graph 41.0% (217300 of 529931), ETA 0:00:00                               
[00:00:03] Building SCR Graph and Binning (7651 vertices and 31601 edges) [P = 76.00%; -98.6Gb / 1007.8Gb]                           
[00:00:03] ... traversing graph 42.0% (222600 of 529931), ETA 0:00:00                               
[00:00:03] ... traversing graph 43.0% (227900 of 529931), ETA 0:00:00                               
[00:00:03] ... traversing graph 44.0% (233200 of 529931), ETA 0:00:00                               
[00:00:03] ... traversing graph 45.0% (238500 of 529931), ETA 0:00:00                               
[00:00:03] ... traversing graph 46.0% (243800 of 529931), ETA 0:00:00                               
[00:00:03] ... traversing graph 47.0% (249100 of 529931), ETA 0:00:00                               
[00:00:03] ... traversing graph 48.0% (254400 of 529931), ETA 0:00:00                               
[00:00:03] ... traversing graph 49.0% (259700 of 529931), ETA 0:00:00                               
[00:00:03] ... traversing graph 50.0% (265000 of 529931), ETA 0:00:00                               
[00:00:03] ... traversing graph 51.0% (270300 of 529931), ETA 0:00:00                               
[00:00:03] ... traversing graph 52.0% (275600 of 529931), ETA 0:00:00                               
[00:00:03] ... traversing graph 53.0% (280900 of 529931), ETA 0:00:00                               
[00:00:03] ... traversing graph 54.0% (286200 of 529931), ETA 0:00:00                               
[00:00:03] ... traversing graph 55.0% (291500 of 529931), ETA 0:00:00                               
[00:00:03] ... traversing graph 56.0% (296800 of 529931), ETA 0:00:00                               
[00:00:03] ... traversing graph 57.0% (302100 of 529931), ETA 0:00:00                               
[00:00:03] ... traversing graph 58.0% (307400 of 529931), ETA 0:00:00                               
[00:00:03] ... traversing graph 59.0% (312700 of 529931), ETA 0:00:00                               
[00:00:03] ... traversing graph 60.0% (318000 of 529931), ETA 0:00:00                               
[00:00:03] ... traversing graph 61.0% (323300 of 529931), ETA 0:00:00                               
[00:00:03] ... traversing graph 62.0% (328600 of 529931), ETA 0:00:00                               
[00:00:03] ... traversing graph 63.0% (333900 of 529931), ETA 0:00:00                               
[00:00:03] ... traversing graph 64.0% (339200 of 529931), ETA 0:00:00                               
[00:00:03] ... traversing graph 65.0% (344500 of 529931), ETA 0:00:00                               
[00:00:03] ... traversing graph 66.0% (349800 of 529931), ETA 0:00:00                               
[00:00:03] Building SCR Graph and Binning (8607 vertices and 37773 edges) [P = 85.50%; -98.6Gb / 1007.8Gb]                           
[00:00:03] ... traversing graph 67.0% (355100 of 529931), ETA 0:00:00                               
[00:00:03] ... traversing graph 68.0% (360400 of 529931), ETA 0:00:00                               
[00:00:03] ... traversing graph 69.0% (365700 of 529931), ETA 0:00:00                               
[00:00:03] ... traversing graph 70.0% (371000 of 529931), ETA 0:00:00                               
[00:00:03] ... traversing graph 71.0% (376300 of 529931), ETA 0:00:00                               
[00:00:03] ... traversing graph 72.0% (381600 of 529931), ETA 0:00:00                               
[00:00:03] ... traversing graph 73.0% (386900 of 529931), ETA 0:00:00                               
[00:00:03] ... traversing graph 74.0% (392200 of 529931), ETA 0:00:00                               
[00:00:03] ... traversing graph 75.0% (397500 of 529931), ETA 0:00:00                               
[00:00:03] ... traversing graph 76.0% (402800 of 529931), ETA 0:00:00                               
[00:00:03] ... traversing graph 77.0% (408100 of 529931), ETA 0:00:00                               
[00:00:03] ... traversing graph 78.0% (413400 of 529931), ETA 0:00:00                               
[00:00:03] ... traversing graph 79.0% (418700 of 529931), ETA 0:00:00                               
[00:00:03] ... traversing graph 80.0% (424000 of 529931), ETA 0:00:00                               
[00:00:03] ... traversing graph 81.0% (429300 of 529931), ETA 0:00:00                               
[00:00:03] ... traversing graph 82.0% (434600 of 529931), ETA 0:00:00                               
[00:00:03] ... traversing graph 83.0% (439900 of 529931), ETA 0:00:00                               
[00:00:03] ... traversing graph 84.0% (445200 of 529931), ETA 0:00:00                               
[00:00:03] ... traversing graph 85.0% (450500 of 529931), ETA 0:00:00                               
[00:00:03] ... traversing graph 86.0% (455800 of 529931), ETA 0:00:00                               
[00:00:03] ... traversing graph 87.0% (461100 of 529931), ETA 0:00:00                               
[00:00:03] Building SCR Graph and Binning (9134 vertices and 47063 edges) [P = 95.00%; -98.6Gb / 1007.8Gb]                           
[00:00:03] Finished Traversing graph [-98.6Gb / 1007.8Gb]                                       
[00:00:03] Dissolved 1922 small clusters leaving 1115 leftover contigs to be re-merged into larger clusters
[00:00:03] Rescuing singleton large contigs                                   
[00:00:03] There are 33 bins already
[00:00:03] Outputting bins
[00:00:03] Writing cluster stats to: ${ARTICLE42_WORK_DIR}/bins/metabat2-MOCK1-only/bin.BinInfo.txt
[00:00:03] Writing Members stats to: ${ARTICLE42_WORK_DIR}/bins/metabat2-MOCK1-only/bin.BinMembers.txt
[00:00:03] Saving cluster membership matrix to ${ARTICLE42_WORK_DIR}/bins/metabat2-MOCK1-only/bin.MemberMatrix.txt
[00:00:03] 92.82% (69322891 bases) of large (>=1500) and 0.00% (0 bases) of small (<1500) contigs were binned.
33 bins (69322891 bases in total) formed.
[00:00:03] Finished
