2026-07-29 03:57:32.142 | INFO    | Starting Vamb version 5.0.4
2026-07-29 03:57:32.142 | INFO    | Random seed is 20260742
2026-07-29 03:57:32.143 | INFO    | Invoked with CLI args: '${HOME}/miniconda3/envs/metagenome-binning-2026.07/bin/vamb bin taxvamb --outdir ${ARTICLE42_WORK_DIR}/bins/taxvamb-kraken2 --fasta ${ARTICLE42_WORK_DIR}/inputs/megahit-coassembly.ge1500.fna --abundance_tsv ${ARTICLE42_WORK_DIR}/inputs/vamb-abundance.tsv --taxonomy ${ARTICLE42_WORK_DIR}/taxonomy/taxvamb-taxonomy.tsv -m 1500 -p 24 --seed 20260742 --minfasta 200000 -o'
2026-07-29 03:57:32.143 | INFO    | Loading TNF
2026-07-29 03:57:32.143 | INFO    | 	Minimum sequence length: 1500
2026-07-29 03:57:32.143 | INFO    | 	Loading data from FASTA file ${ARTICLE42_WORK_DIR}/inputs/megahit-coassembly.ge1500.fna
2026-07-29 03:57:34.067 | INFO    | 	Kept 74932939 bases in 10203 sequences
2026-07-29 03:57:34.067 | INFO    | 	Processed TNF in 1.92 seconds.

2026-07-29 03:57:34.067 | INFO    | Loading depths
2026-07-29 03:57:34.067 | INFO    | 	Reference hash: a57ebc950a20cc31f6d82d4bcee7dabf
2026-07-29 03:57:34.067 | INFO    | 	Parsing abundance from TSV at "${ARTICLE42_WORK_DIR}/inputs/vamb-abundance.tsv"
2026-07-29 03:57:34.086 | INFO    | 	Order of columns is:
2026-07-29 03:57:34.086 | INFO    | 	     0: MOCK1
2026-07-29 03:57:34.086 | INFO    | 	     1: MOCK2
2026-07-29 03:57:34.086 | INFO    | 	Processed abundance in 0.02 seconds.

2026-07-29 03:57:34.086 | INFO    | Predicting taxonomy with Taxometer
2026-07-29 03:57:34.263 | INFO    | 	190 nodes in the graph
2026-07-29 03:57:34.303 | INFO    | 	Created dataloader
2026-07-29 03:57:34.303 | INFO    | Starting training the taxonomy predictor
2026-07-29 03:57:34.303 | INFO    | Using threshold 0.5
2026-07-29 03:57:35.681 | INFO    | 	Network properties:
2026-07-29 03:57:35.681 | INFO    | 	    CUDA: False
2026-07-29 03:57:35.681 | INFO    | 	    Hierarchical loss: flat_softmax
2026-07-29 03:57:35.681 | INFO    | 	    Alpha: 0.15
2026-07-29 03:57:35.681 | INFO    | 	    Beta: 200.0
2026-07-29 03:57:35.682 | INFO    | 	    Dropout: 0.2
2026-07-29 03:57:35.682 | INFO    | 	    N hidden: 512, 512, 512, 512
2026-07-29 03:57:35.682 | INFO    | 	Training properties:
2026-07-29 03:57:35.682 | INFO    | 	    N epochs: 100
2026-07-29 03:57:35.682 | INFO    | 	    Starting batch size: 1024
2026-07-29 03:57:35.682 | INFO    | 	    Batchsteps: None
2026-07-29 03:57:35.682 | INFO    | 	    Learning rate: 0.001
2026-07-29 03:57:35.682 | INFO    | 	    N labels: torch.Size([10203, 2])
2026-07-29 03:57:36.423 | INFO    | 	Epoch: 1	CE: 2.6518709	Batchsize: 1024
2026-07-29 03:57:37.158 | INFO    | 	Epoch: 2	CE: 0.6567748	Batchsize: 1024
2026-07-29 03:57:37.927 | INFO    | 	Epoch: 3	CE: 0.2356161	Batchsize: 1024
2026-07-29 03:57:38.683 | INFO    | 	Epoch: 4	CE: 0.1449993	Batchsize: 1024
2026-07-29 03:57:39.426 | INFO    | 	Epoch: 5	CE: 0.1127726	Batchsize: 1024
2026-07-29 03:57:40.253 | INFO    | 	Epoch: 6	CE: 0.0908910	Batchsize: 1024
2026-07-29 03:57:41.058 | INFO    | 	Epoch: 7	CE: 0.0688498	Batchsize: 1024
2026-07-29 03:57:41.853 | INFO    | 	Epoch: 8	CE: 0.0536437	Batchsize: 1024
2026-07-29 03:57:42.651 | INFO    | 	Epoch: 9	CE: 0.0427029	Batchsize: 1024
2026-07-29 03:57:43.430 | INFO    | 	Epoch: 10	CE: 0.0365026	Batchsize: 1024
2026-07-29 03:57:44.172 | INFO    | 	Epoch: 11	CE: 0.0337046	Batchsize: 1024
2026-07-29 03:57:44.892 | INFO    | 	Epoch: 12	CE: 0.0315423	Batchsize: 1024
2026-07-29 03:57:45.634 | INFO    | 	Epoch: 13	CE: 0.0238512	Batchsize: 1024
2026-07-29 03:57:46.368 | INFO    | 	Epoch: 14	CE: 0.0268239	Batchsize: 1024
2026-07-29 03:57:47.090 | INFO    | 	Epoch: 15	CE: 0.0214821	Batchsize: 1024
2026-07-29 03:57:47.797 | INFO    | 	Epoch: 16	CE: 0.0177184	Batchsize: 1024
2026-07-29 03:57:48.510 | INFO    | 	Epoch: 17	CE: 0.0145389	Batchsize: 1024
2026-07-29 03:57:49.221 | INFO    | 	Epoch: 18	CE: 0.0178112	Batchsize: 1024
2026-07-29 03:57:49.985 | INFO    | 	Epoch: 19	CE: 0.0206662	Batchsize: 1024
2026-07-29 03:57:50.683 | INFO    | 	Epoch: 20	CE: 0.0184228	Batchsize: 1024
2026-07-29 03:57:51.362 | INFO    | 	Epoch: 21	CE: 0.0163512	Batchsize: 1024
2026-07-29 03:57:52.077 | INFO    | 	Epoch: 22	CE: 0.0154130	Batchsize: 1024
2026-07-29 03:57:52.792 | INFO    | 	Epoch: 23	CE: 0.0131140	Batchsize: 1024
2026-07-29 03:57:53.512 | INFO    | 	Epoch: 24	CE: 0.0163150	Batchsize: 1024
2026-07-29 03:57:54.272 | INFO    | 	Epoch: 25	CE: 0.0116412	Batchsize: 1024
2026-07-29 03:57:54.961 | INFO    | 	Epoch: 26	CE: 0.0099042	Batchsize: 1024
2026-07-29 03:57:55.696 | INFO    | 	Epoch: 27	CE: 0.0085759	Batchsize: 1024
2026-07-29 03:57:56.414 | INFO    | 	Epoch: 28	CE: 0.0088425	Batchsize: 1024
2026-07-29 03:57:57.128 | INFO    | 	Epoch: 29	CE: 0.0117474	Batchsize: 1024
2026-07-29 03:57:57.885 | INFO    | 	Epoch: 30	CE: 0.0098106	Batchsize: 1024
2026-07-29 03:57:58.609 | INFO    | 	Epoch: 31	CE: 0.0097129	Batchsize: 1024
2026-07-29 03:57:59.315 | INFO    | 	Epoch: 32	CE: 0.0082705	Batchsize: 1024
2026-07-29 03:58:00.076 | INFO    | 	Epoch: 33	CE: 0.0070405	Batchsize: 1024
2026-07-29 03:58:00.791 | INFO    | 	Epoch: 34	CE: 0.0075943	Batchsize: 1024
2026-07-29 03:58:01.523 | INFO    | 	Epoch: 35	CE: 0.0090508	Batchsize: 1024
2026-07-29 03:58:02.240 | INFO    | 	Epoch: 36	CE: 0.0056358	Batchsize: 1024
2026-07-29 03:58:02.942 | INFO    | 	Epoch: 37	CE: 0.0088969	Batchsize: 1024
2026-07-29 03:58:03.665 | INFO    | 	Epoch: 38	CE: 0.0066307	Batchsize: 1024
2026-07-29 03:58:04.385 | INFO    | 	Epoch: 39	CE: 0.0070037	Batchsize: 1024
2026-07-29 03:58:05.092 | INFO    | 	Epoch: 40	CE: 0.0058635	Batchsize: 1024
2026-07-29 03:58:05.837 | INFO    | 	Epoch: 41	CE: 0.0073805	Batchsize: 1024
2026-07-29 03:58:06.580 | INFO    | 	Epoch: 42	CE: 0.0063094	Batchsize: 1024
2026-07-29 03:58:07.327 | INFO    | 	Epoch: 43	CE: 0.0058487	Batchsize: 1024
2026-07-29 03:58:08.037 | INFO    | 	Epoch: 44	CE: 0.0062840	Batchsize: 1024
2026-07-29 03:58:08.800 | INFO    | 	Epoch: 45	CE: 0.0072054	Batchsize: 1024
2026-07-29 03:58:09.539 | INFO    | 	Epoch: 46	CE: 0.0059121	Batchsize: 1024
2026-07-29 03:58:10.234 | INFO    | 	Epoch: 47	CE: 0.0064396	Batchsize: 1024
2026-07-29 03:58:10.916 | INFO    | 	Epoch: 48	CE: 0.0040858	Batchsize: 1024
2026-07-29 03:58:11.611 | INFO    | 	Epoch: 49	CE: 0.0047409	Batchsize: 1024
2026-07-29 03:58:12.285 | INFO    | 	Epoch: 50	CE: 0.0037006	Batchsize: 1024
2026-07-29 03:58:12.997 | INFO    | 	Epoch: 51	CE: 0.0053199	Batchsize: 1024
2026-07-29 03:58:13.721 | INFO    | 	Epoch: 52	CE: 0.0040278	Batchsize: 1024
2026-07-29 03:58:14.411 | INFO    | 	Epoch: 53	CE: 0.0062084	Batchsize: 1024
2026-07-29 03:58:15.111 | INFO    | 	Epoch: 54	CE: 0.0054276	Batchsize: 1024
2026-07-29 03:58:15.868 | INFO    | 	Epoch: 55	CE: 0.0058711	Batchsize: 1024
2026-07-29 03:58:16.579 | INFO    | 	Epoch: 56	CE: 0.0053842	Batchsize: 1024
2026-07-29 03:58:17.308 | INFO    | 	Epoch: 57	CE: 0.0049090	Batchsize: 1024
2026-07-29 03:58:17.999 | INFO    | 	Epoch: 58	CE: 0.0060052	Batchsize: 1024
2026-07-29 03:58:18.712 | INFO    | 	Epoch: 59	CE: 0.0023419	Batchsize: 1024
2026-07-29 03:58:19.407 | INFO    | 	Epoch: 60	CE: 0.0032742	Batchsize: 1024
2026-07-29 03:58:20.083 | INFO    | 	Epoch: 61	CE: 0.0056261	Batchsize: 1024
2026-07-29 03:58:20.845 | INFO    | 	Epoch: 62	CE: 0.0061858	Batchsize: 1024
2026-07-29 03:58:21.537 | INFO    | 	Epoch: 63	CE: 0.0044538	Batchsize: 1024
2026-07-29 03:58:22.235 | INFO    | 	Epoch: 64	CE: 0.0044819	Batchsize: 1024
2026-07-29 03:58:22.936 | INFO    | 	Epoch: 65	CE: 0.0061445	Batchsize: 1024
2026-07-29 03:58:23.634 | INFO    | 	Epoch: 66	CE: 0.0056847	Batchsize: 1024
2026-07-29 03:58:24.377 | INFO    | 	Epoch: 67	CE: 0.0035729	Batchsize: 1024
2026-07-29 03:58:25.062 | INFO    | 	Epoch: 68	CE: 0.0039140	Batchsize: 1024
2026-07-29 03:58:25.746 | INFO    | 	Epoch: 69	CE: 0.0031177	Batchsize: 1024
2026-07-29 03:58:26.434 | INFO    | 	Epoch: 70	CE: 0.0027573	Batchsize: 1024
2026-07-29 03:58:27.165 | INFO    | 	Epoch: 71	CE: 0.0029655	Batchsize: 1024
2026-07-29 03:58:27.848 | INFO    | 	Epoch: 72	CE: 0.0033719	Batchsize: 1024
2026-07-29 03:58:28.551 | INFO    | 	Epoch: 73	CE: 0.0034223	Batchsize: 1024
2026-07-29 03:58:29.280 | INFO    | 	Epoch: 74	CE: 0.0025791	Batchsize: 1024
2026-07-29 03:58:30.007 | INFO    | 	Epoch: 75	CE: 0.0039617	Batchsize: 1024
2026-07-29 03:58:30.675 | INFO    | 	Epoch: 76	CE: 0.0041997	Batchsize: 1024
2026-07-29 03:58:31.359 | INFO    | 	Epoch: 77	CE: 0.0033917	Batchsize: 1024
2026-07-29 03:58:32.065 | INFO    | 	Epoch: 78	CE: 0.0033142	Batchsize: 1024
2026-07-29 03:58:32.793 | INFO    | 	Epoch: 79	CE: 0.0021423	Batchsize: 1024
2026-07-29 03:58:33.513 | INFO    | 	Epoch: 80	CE: 0.0024826	Batchsize: 1024
2026-07-29 03:58:34.207 | INFO    | 	Epoch: 81	CE: 0.0019368	Batchsize: 1024
2026-07-29 03:58:34.882 | INFO    | 	Epoch: 82	CE: 0.0021180	Batchsize: 1024
2026-07-29 03:58:35.579 | INFO    | 	Epoch: 83	CE: 0.0014376	Batchsize: 1024
2026-07-29 03:58:36.273 | INFO    | 	Epoch: 84	CE: 0.0036993	Batchsize: 1024
2026-07-29 03:58:36.974 | INFO    | 	Epoch: 85	CE: 0.0036669	Batchsize: 1024
2026-07-29 03:58:37.728 | INFO    | 	Epoch: 86	CE: 0.0044970	Batchsize: 1024
2026-07-29 03:58:38.461 | INFO    | 	Epoch: 87	CE: 0.0050580	Batchsize: 1024
2026-07-29 03:58:39.188 | INFO    | 	Epoch: 88	CE: 0.0054108	Batchsize: 1024
2026-07-29 03:58:39.882 | INFO    | 	Epoch: 89	CE: 0.0041725	Batchsize: 1024
2026-07-29 03:58:40.580 | INFO    | 	Epoch: 90	CE: 0.0037528	Batchsize: 1024
2026-07-29 03:58:41.282 | INFO    | 	Epoch: 91	CE: 0.0021838	Batchsize: 1024
2026-07-29 03:58:41.990 | INFO    | 	Epoch: 92	CE: 0.0032258	Batchsize: 1024
2026-07-29 03:58:42.699 | INFO    | 	Epoch: 93	CE: 0.0061762	Batchsize: 1024
2026-07-29 03:58:43.438 | INFO    | 	Epoch: 94	CE: 0.0035683	Batchsize: 1024
2026-07-29 03:58:44.141 | INFO    | 	Epoch: 95	CE: 0.0035033	Batchsize: 1024
2026-07-29 03:58:44.863 | INFO    | 	Epoch: 96	CE: 0.0039013	Batchsize: 1024
2026-07-29 03:58:45.631 | INFO    | 	Epoch: 97	CE: 0.0030302	Batchsize: 1024
2026-07-29 03:58:46.338 | INFO    | 	Epoch: 98	CE: 0.0024789	Batchsize: 1024
2026-07-29 03:58:47.026 | INFO    | 	Epoch: 99	CE: 0.0038956	Batchsize: 1024
2026-07-29 03:58:47.732 | INFO    | 	Epoch: 100	CE: 0.0053656	Batchsize: 1024
2026-07-29 03:58:47.741 | INFO    | Finished training the taxonomy predictor in 73.44 seconds.
2026-07-29 03:58:47.741 | INFO    | Writing the taxonomy predictions
2026-07-29 03:58:47.742 | INFO    | Using threshold 0.5
2026-07-29 03:58:48.844 | INFO    | Completed taxonomy predictions in 74.76 seconds.
2026-07-29 03:58:49.021 | INFO    | 	Network properties:
2026-07-29 03:58:49.021 | INFO    | 	    CUDA: False
2026-07-29 03:58:49.021 | INFO    | 	    Alpha: 0.15
2026-07-29 03:58:49.021 | INFO    | 	    Beta: 200.0
2026-07-29 03:58:49.021 | INFO    | 	    Dropout: 0.2
2026-07-29 03:58:49.021 | INFO    | 	    N hidden: 512, 512
2026-07-29 03:58:49.021 | INFO    | 	    N latent: 32
2026-07-29 03:58:49.021 | INFO    | 	Training properties:
2026-07-29 03:58:49.021 | INFO    | 	    N epochs: 300
2026-07-29 03:58:49.022 | INFO    | 	    Starting batch size: 256
2026-07-29 03:58:49.022 | INFO    | 	    Batchsteps: 25, 75, 150, 225
2026-07-29 03:58:49.022 | INFO    | 	    Learning rate: 0.001
2026-07-29 03:58:49.022 | INFO    | 	    N sequences: 10203
2026-07-29 03:58:49.022 | INFO    | 	    N samples: 2
2026-07-29 03:58:53.064 | INFO    | 		Epoch: 0  loss_vamb: 7.51391e-01  ab_vamb: 1.96439e-01  ce_vamb: 4.35289e-01  sse_vamb: 1.15798e-01  kld_vamb: 4.12398e-03  loss_labels: 7.37324e-01  ce_labels_labels: 7.29554e-01  kld_labels: 4.97307e+01  correct_labels_labels: 0.00000e+00  loss_joint: 1.92171e+00  ce_joint: 7.09137e-01  sse_joint: 7.26891e+01  ce_labels_joint: 1.15661e+00  kld_vamb_joint: 1.64184e+00  kld_labels_joint: 1.11123e+00  correct_labels_joint: 0.00000e+00  loss: 3.41042e+00
2026-07-29 03:58:56.912 | INFO    | 		Epoch: 1  loss_vamb: 5.62317e-01  ab_vamb: 5.91586e-02  ce_vamb: 4.25602e-01  sse_vamb: 6.90639e-02  kld_vamb: 8.43422e-03  loss_labels: 7.35874e-02  ce_labels_labels: 6.22637e-02  kld_labels: 7.24716e+01  correct_labels_labels: 0.00000e+00  loss_joint: 7.93629e-01  ce_joint: 6.94026e-01  sse_joint: 4.55162e+01  ce_labels_joint: 2.39035e-01  kld_vamb_joint: 2.40353e+00  kld_labels_joint: 1.65432e+00  correct_labels_joint: 0.00000e+00  loss: 1.42953e+00
2026-07-29 03:59:00.719 | INFO    | 		Epoch: 2  loss_vamb: 5.36302e-01  ab_vamb: 4.22890e-02  ce_vamb: 4.25071e-01  sse_vamb: 5.91127e-02  kld_vamb: 9.78960e-03  loss_labels: 2.82679e-02  ce_labels_labels: 1.70090e-02  kld_labels: 7.20571e+01  correct_labels_labels: 0.00000e+00  loss_joint: 6.49567e-01  ce_joint: 6.92993e-01  sse_joint: 4.04078e+01  ce_labels_joint: 1.16629e-01  kld_vamb_joint: 2.56572e+00  kld_labels_joint: 1.76882e+00  correct_labels_joint: 0.00000e+00  loss: 1.21414e+00
2026-07-29 03:59:04.581 | INFO    | 		Epoch: 3  loss_vamb: 5.24588e-01  ab_vamb: 3.45057e-02  ce_vamb: 4.24903e-01  sse_vamb: 5.47806e-02  kld_vamb: 1.03437e-02  loss_labels: 1.82332e-02  ce_labels_labels: 7.68682e-03  kld_labels: 6.74967e+01  correct_labels_labels: 0.00000e+00  loss_joint: 5.87235e-01  ce_joint: 6.92916e-01  sse_joint: 3.77730e+01  ce_labels_joint: 6.69212e-02  kld_vamb_joint: 2.61724e+00  kld_labels_joint: 1.94327e+00  correct_labels_joint: 0.00000e+00  loss: 1.13006e+00
2026-07-29 03:59:08.393 | INFO    | 		Epoch: 4  loss_vamb: 5.16834e-01  ab_vamb: 2.90901e-02  ce_vamb: 4.24947e-01  sse_vamb: 5.21771e-02  kld_vamb: 1.05861e-02  loss_labels: 1.42897e-02  ce_labels_labels: 4.65562e-03  kld_labels: 6.16583e+01  correct_labels_labels: 0.00000e+00  loss_joint: 5.51683e-01  ce_joint: 6.92873e-01  sse_joint: 3.63520e+01  ce_labels_joint: 3.95127e-02  kld_vamb_joint: 2.58332e+00  kld_labels_joint: 2.09532e+00  correct_labels_joint: 0.00000e+00  loss: 1.08281e+00
2026-07-29 03:59:12.181 | INFO    | 		Epoch: 5  loss_vamb: 5.12279e-01  ab_vamb: 2.62909e-02  ce_vamb: 4.24941e-01  sse_vamb: 5.03728e-02  kld_vamb: 1.06459e-02  loss_labels: 1.34040e-02  ce_labels_labels: 4.61167e-03  kld_labels: 5.62711e+01  correct_labels_labels: 0.00000e+00  loss_joint: 5.35761e-01  ce_joint: 6.92872e-01  sse_joint: 3.52930e+01  ce_labels_joint: 2.90647e-02  kld_vamb_joint: 2.58515e+00  kld_labels_joint: 2.29106e+00  correct_labels_joint: 0.00000e+00  loss: 1.06144e+00
2026-07-29 03:59:16.030 | INFO    | 		Epoch: 6  loss_vamb: 5.08077e-01  ab_vamb: 2.37326e-02  ce_vamb: 4.24902e-01  sse_vamb: 4.87607e-02  kld_vamb: 1.06469e-02  loss_labels: 1.09601e-02  ce_labels_labels: 2.74710e-03  kld_labels: 5.25630e+01  correct_labels_labels: 0.00000e+00  loss_joint: 5.25704e-01  ce_joint: 6.92798e-01  sse_joint: 3.45604e+01  ce_labels_joint: 2.20792e-02  kld_vamb_joint: 2.63122e+00  kld_labels_joint: 2.54033e+00  correct_labels_joint: 0.00000e+00  loss: 1.04474e+00
2026-07-29 03:59:19.796 | INFO    | 		Epoch: 7  loss_vamb: 5.06980e-01  ab_vamb: 2.37886e-02  ce_vamb: 4.24876e-01  sse_vamb: 4.76281e-02  kld_vamb: 1.06550e-02  loss_labels: 1.04406e-02  ce_labels_labels: 2.82999e-03  kld_labels: 4.87081e+01  correct_labels_labels: 0.00000e+00  loss_joint: 5.15885e-01  ce_joint: 6.92699e-01  sse_joint: 3.36139e+01  ce_labels_joint: 1.56377e-02  kld_vamb_joint: 2.68163e+00  kld_labels_joint: 2.79133e+00  correct_labels_joint: 0.00000e+00  loss: 1.03331e+00
2026-07-29 03:59:23.935 | INFO    | 		Epoch: 8  loss_vamb: 5.05256e-01  ab_vamb: 2.28448e-02  ce_vamb: 4.24830e-01  sse_vamb: 4.68296e-02  kld_vamb: 1.07203e-02  loss_labels: 9.89492e-03  ce_labels_labels: 2.68684e-03  kld_labels: 4.61317e+01  correct_labels_labels: 0.00000e+00  loss_joint: 5.12936e-01  ce_joint: 6.92814e-01  sse_joint: 3.30253e+01  ce_labels_joint: 1.46852e-02  kld_vamb_joint: 2.71405e+00  kld_labels_joint: 3.00953e+00  correct_labels_joint: 0.00000e+00  loss: 1.02809e+00
2026-07-29 03:59:28.079 | INFO    | 		Epoch: 9  loss_vamb: 5.03463e-01  ab_vamb: 2.17288e-02  ce_vamb: 4.24914e-01  sse_vamb: 4.60403e-02  kld_vamb: 1.07387e-02  loss_labels: 9.04042e-03  ce_labels_labels: 2.20596e-03  kld_labels: 4.37406e+01  correct_labels_labels: 0.00000e+00  loss_joint: 5.08905e-01  ce_joint: 6.92919e-01  sse_joint: 3.25441e+01  ce_labels_joint: 1.29321e-02  kld_vamb_joint: 2.80355e+00  kld_labels_joint: 3.25726e+00  correct_labels_joint: 0.00000e+00  loss: 1.02141e+00
2026-07-29 03:59:32.239 | INFO    | 		Epoch: 10  loss_vamb: 5.03073e-01  ab_vamb: 2.18046e-02  ce_vamb: 4.24873e-01  sse_vamb: 4.55957e-02  kld_vamb: 1.07624e-02  loss_labels: 8.86732e-03  ce_labels_labels: 2.11194e-03  kld_labels: 4.32345e+01  correct_labels_labels: 0.00000e+00  loss_joint: 5.06673e-01  ce_joint: 6.92772e-01  sse_joint: 3.20089e+01  ce_labels_joint: 1.15185e-02  kld_vamb_joint: 2.78858e+00  kld_labels_joint: 3.39031e+00  correct_labels_joint: 0.00000e+00  loss: 1.01861e+00
2026-07-29 03:59:39.073 | INFO    | 		Epoch: 11  loss_vamb: 5.01423e-01  ab_vamb: 2.09057e-02  ce_vamb: 4.24925e-01  sse_vamb: 4.47733e-02  kld_vamb: 1.07764e-02  loss_labels: 8.26007e-03  ce_labels_labels: 1.67120e-03  kld_labels: 4.21688e+01  correct_labels_labels: 0.00000e+00  loss_joint: 5.01608e-01  ce_joint: 6.92838e-01  sse_joint: 3.16479e+01  ce_labels_joint: 8.32929e-03  kld_vamb_joint: 2.87249e+00  kld_labels_joint: 3.57337e+00  correct_labels_joint: 0.00000e+00  loss: 1.01129e+00
2026-07-29 03:59:46.066 | INFO    | 		Epoch: 12  loss_vamb: 5.00807e-01  ab_vamb: 2.06887e-02  ce_vamb: 4.24826e-01  sse_vamb: 4.44389e-02  kld_vamb: 1.08100e-02  loss_labels: 7.51077e-03  ce_labels_labels: 1.32348e-03  kld_labels: 3.95987e+01  correct_labels_labels: 0.00000e+00  loss_joint: 4.99085e-01  ce_joint: 6.92710e-01  sse_joint: 3.11134e+01  ce_labels_joint: 6.91216e-03  kld_vamb_joint: 2.92337e+00  kld_labels_joint: 3.84406e+00  correct_labels_joint: 0.00000e+00  loss: 1.00740e+00
2026-07-29 03:59:53.129 | INFO    | 		Epoch: 13  loss_vamb: 4.99615e-01  ab_vamb: 1.99666e-02  ce_vamb: 4.24786e-01  sse_vamb: 4.38998e-02  kld_vamb: 1.09266e-02  loss_labels: 8.05344e-03  ce_labels_labels: 1.94584e-03  kld_labels: 3.90886e+01  correct_labels_labels: 0.00000e+00  loss_joint: 4.96067e-01  ce_joint: 6.92671e-01  sse_joint: 3.07624e+01  ce_labels_joint: 5.32252e-03  kld_vamb_joint: 3.01955e+00  kld_labels_joint: 4.11231e+00  correct_labels_joint: 0.00000e+00  loss: 1.00374e+00
2026-07-29 03:59:59.596 | INFO    | 		Epoch: 14  loss_vamb: 4.98958e-01  ab_vamb: 1.96731e-02  ce_vamb: 4.24846e-01  sse_vamb: 4.35332e-02  kld_vamb: 1.08779e-02  loss_labels: 7.62590e-03  ce_labels_labels: 1.29845e-03  kld_labels: 4.04957e+01  correct_labels_labels: 0.00000e+00  loss_joint: 4.95774e-01  ce_joint: 6.92793e-01  sse_joint: 3.02537e+01  ce_labels_joint: 6.90744e-03  kld_vamb_joint: 3.09794e+00  kld_labels_joint: 4.29220e+00  correct_labels_joint: 0.00000e+00  loss: 1.00236e+00
2026-07-29 04:00:06.607 | INFO    | 		Epoch: 15  loss_vamb: 4.99772e-01  ab_vamb: 2.05121e-02  ce_vamb: 4.24796e-01  sse_vamb: 4.33333e-02  kld_vamb: 1.10850e-02  loss_labels: 7.79750e-03  ce_labels_labels: 1.62005e-03  kld_labels: 3.95357e+01  correct_labels_labels: 0.00000e+00  loss_joint: 4.95504e-01  ce_joint: 6.92824e-01  sse_joint: 3.01675e+01  ce_labels_joint: 6.44742e-03  kld_vamb_joint: 3.16328e+00  kld_labels_joint: 4.42886e+00  correct_labels_joint: 0.00000e+00  loss: 1.00307e+00
2026-07-29 04:00:14.019 | INFO    | 		Epoch: 16  loss_vamb: 4.98241e-01  ab_vamb: 1.93145e-02  ce_vamb: 4.24777e-01  sse_vamb: 4.29940e-02  kld_vamb: 1.11128e-02  loss_labels: 7.89146e-03  ce_labels_labels: 1.43784e-03  kld_labels: 4.13032e+01  correct_labels_labels: 0.00000e+00  loss_joint: 4.93027e-01  ce_joint: 6.92683e-01  sse_joint: 2.99419e+01  ce_labels_joint: 4.77315e-03  kld_vamb_joint: 3.19850e+00  kld_labels_joint: 4.50679e+00  correct_labels_joint: 0.00000e+00  loss: 9.99159e-01
2026-07-29 04:00:20.693 | INFO    | 		Epoch: 17  loss_vamb: 4.98035e-01  ab_vamb: 1.94736e-02  ce_vamb: 4.24859e-01  sse_vamb: 4.26116e-02  kld_vamb: 1.10542e-02  loss_labels: 7.55129e-03  ce_labels_labels: 1.46842e-03  kld_labels: 3.89303e+01  correct_labels_labels: 0.00000e+00  loss_joint: 4.91514e-01  ce_joint: 6.92803e-01  sse_joint: 2.94475e+01  ce_labels_joint: 4.65646e-03  kld_vamb_joint: 3.29009e+00  kld_labels_joint: 4.73480e+00  correct_labels_joint: 0.00000e+00  loss: 9.97100e-01
2026-07-29 04:00:27.410 | INFO    | 		Epoch: 18  loss_vamb: 4.97420e-01  ab_vamb: 1.92326e-02  ce_vamb: 4.24757e-01  sse_vamb: 4.24225e-02  kld_vamb: 1.09714e-02  loss_labels: 7.51060e-03  ce_labels_labels: 1.30875e-03  kld_labels: 3.96919e+01  correct_labels_labels: 0.00000e+00  loss_joint: 4.96284e-01  ce_joint: 6.92715e-01  sse_joint: 2.94490e+01  ce_labels_joint: 8.56099e-03  kld_vamb_joint: 3.39172e+00  kld_labels_joint: 4.81415e+00  correct_labels_joint: 0.00000e+00  loss: 1.00122e+00
2026-07-29 04:00:33.984 | INFO    | 		Epoch: 19  loss_vamb: 4.97181e-01  ab_vamb: 1.91561e-02  ce_vamb: 4.24710e-01  sse_vamb: 4.22559e-02  kld_vamb: 1.10237e-02  loss_labels: 7.11919e-03  ce_labels_labels: 1.17601e-03  kld_labels: 3.80364e+01  correct_labels_labels: 0.00000e+00  loss_joint: 4.93901e-01  ce_joint: 6.92652e-01  sse_joint: 2.93867e+01  ce_labels_joint: 6.85837e-03  kld_vamb_joint: 3.52482e+00  kld_labels_joint: 4.97257e+00  correct_labels_joint: 0.00000e+00  loss: 9.98201e-01
2026-07-29 04:00:39.957 | INFO    | 		Epoch: 20  loss_vamb: 4.97024e-01  ab_vamb: 1.92689e-02  ce_vamb: 4.24680e-01  sse_vamb: 4.19433e-02  kld_vamb: 1.10981e-02  loss_labels: 7.12590e-03  ce_labels_labels: 1.28666e-03  kld_labels: 3.73711e+01  correct_labels_labels: 0.00000e+00  loss_joint: 4.94406e-01  ce_joint: 6.92635e-01  sse_joint: 2.91633e+01  ce_labels_joint: 7.54210e-03  kld_vamb_joint: 3.59199e+00  kld_labels_joint: 5.06246e+00  correct_labels_joint: 0.00000e+00  loss: 9.98556e-01
2026-07-29 04:00:46.013 | INFO    | 		Epoch: 21  loss_vamb: 4.96515e-01  ab_vamb: 1.88769e-02  ce_vamb: 4.24667e-01  sse_vamb: 4.17664e-02  kld_vamb: 1.11634e-02  loss_labels: 7.57778e-03  ce_labels_labels: 1.26361e-03  kld_labels: 4.04107e+01  correct_labels_labels: 0.00000e+00  loss_joint: 4.92779e-01  ce_joint: 6.92673e-01  sse_joint: 2.88759e+01  ce_labels_joint: 6.39133e-03  kld_vamb_joint: 3.66294e+00  kld_labels_joint: 5.23409e+00  correct_labels_joint: 0.00000e+00  loss: 9.96871e-01
2026-07-29 04:00:51.816 | INFO    | 		Epoch: 22  loss_vamb: 4.96322e-01  ab_vamb: 1.91033e-02  ce_vamb: 4.24646e-01  sse_vamb: 4.14016e-02  kld_vamb: 1.11299e-02  loss_labels: 7.12846e-03  ce_labels_labels: 1.01905e-03  kld_labels: 3.91003e+01  correct_labels_labels: 0.00000e+00  loss_joint: 4.90937e-01  ce_joint: 6.92631e-01  sse_joint: 2.88028e+01  ce_labels_joint: 5.41506e-03  kld_vamb_joint: 3.79820e+00  kld_labels_joint: 5.44520e+00  correct_labels_joint: 0.00000e+00  loss: 9.94387e-01
2026-07-29 04:00:57.581 | INFO    | 		Epoch: 23  loss_vamb: 4.95264e-01  ab_vamb: 1.81197e-02  ce_vamb: 4.24617e-01  sse_vamb: 4.13045e-02  kld_vamb: 1.11794e-02  loss_labels: 7.17400e-03  ce_labels_labels: 1.23596e-03  kld_labels: 3.80034e+01  correct_labels_labels: 0.00000e+00  loss_joint: 4.88105e-01  ce_joint: 6.92630e-01  sse_joint: 2.85871e+01  ce_labels_joint: 3.21182e-03  kld_vamb_joint: 3.92034e+00  kld_labels_joint: 5.64745e+00  correct_labels_joint: 0.00000e+00  loss: 9.90543e-01
2026-07-29 04:01:03.207 | INFO    | 		Epoch: 24  loss_vamb: 4.95028e-01  ab_vamb: 1.81049e-02  ce_vamb: 4.24572e-01  sse_vamb: 4.11170e-02  kld_vamb: 1.11887e-02  loss_labels: 7.65066e-03  ce_labels_labels: 1.32614e-03  kld_labels: 4.04769e+01  correct_labels_labels: 0.00000e+00  loss_joint: 4.89720e-01  ce_joint: 6.92560e-01  sse_joint: 2.82893e+01  ce_labels_joint: 5.65052e-03  kld_vamb_joint: 3.95201e+00  kld_labels_joint: 5.74638e+00  correct_labels_joint: 0.00000e+00  loss: 9.92399e-01
2026-07-29 04:01:08.151 | INFO    | 		Epoch: 25  loss_vamb: 4.90545e-01  ab_vamb: 1.44122e-02  ce_vamb: 4.24402e-01  sse_vamb: 4.01366e-02  kld_vamb: 1.12546e-02  loss_labels: 6.92099e-03  ce_labels_labels: 6.43048e-04  kld_labels: 4.01788e+01  correct_labels_labels: 0.00000e+00  loss_joint: 4.86340e-01  ce_joint: 6.92357e-01  sse_joint: 2.79375e+01  ce_labels_joint: 5.22030e-03  kld_vamb_joint: 4.01531e+00  kld_labels_joint: 5.80625e+00  correct_labels_joint: 0.00000e+00  loss: 9.83806e-01
2026-07-29 04:01:13.344 | INFO    | 		Epoch: 26  loss_vamb: 4.88071e-01  ab_vamb: 1.28307e-02  ce_vamb: 4.24348e-01  sse_vamb: 3.97550e-02  kld_vamb: 1.12514e-02  loss_labels: 6.42877e-03  ce_labels_labels: 7.34178e-04  kld_labels: 3.64454e+01  correct_labels_labels: 0.00000e+00  loss_joint: 4.81084e-01  ce_joint: 6.92187e-01  sse_joint: 2.74021e+01  ce_labels_joint: 3.29776e-03  kld_vamb_joint: 4.02913e+00  kld_labels_joint: 5.99166e+00  correct_labels_joint: 0.00000e+00  loss: 9.75584e-01
2026-07-29 04:01:18.304 | INFO    | 		Epoch: 27  loss_vamb: 4.88463e-01  ab_vamb: 1.29255e-02  ce_vamb: 4.24333e-01  sse_vamb: 3.98209e-02  kld_vamb: 1.12163e-02  loss_labels: 6.56617e-03  ce_labels_labels: 1.18323e-03  kld_labels: 3.44508e+01  correct_labels_labels: 0.00000e+00  loss_joint: 4.78449e-01  ce_joint: 6.92163e-01  sse_joint: 2.73246e+01  ce_labels_joint: 1.63387e-03  kld_vamb_joint: 4.09891e+00  kld_labels_joint: 6.21412e+00  correct_labels_joint: 0.00000e+00  loss: 9.73479e-01
2026-07-29 04:01:23.206 | INFO    | 		Epoch: 28  loss_vamb: 4.88414e-01  ab_vamb: 1.35350e-02  ce_vamb: 4.24271e-01  sse_vamb: 3.99026e-02  kld_vamb: 1.11475e-02  loss_labels: 6.23912e-03  ce_labels_labels: 7.60252e-04  kld_labels: 3.50647e+01  correct_labels_labels: 0.00000e+00  loss_joint: 4.78366e-01  ce_joint: 6.92058e-01  sse_joint: 2.71331e+01  ce_labels_joint: 1.67766e-03  kld_vamb_joint: 4.12544e+00  kld_labels_joint: 6.27885e+00  correct_labels_joint: 0.00000e+00  loss: 9.73019e-01
2026-07-29 04:01:28.560 | INFO    | 		Epoch: 29  loss_vamb: 4.88466e-01  ab_vamb: 1.37098e-02  ce_vamb: 4.24241e-01  sse_vamb: 3.97104e-02  kld_vamb: 1.10699e-02  loss_labels: 6.32712e-03  ce_labels_labels: 8.82545e-04  kld_labels: 3.48453e+01  correct_labels_labels: 0.00000e+00  loss_joint: 4.77827e-01  ce_joint: 6.92148e-01  sse_joint: 2.69955e+01  ce_labels_joint: 1.44656e-03  kld_vamb_joint: 4.15194e+00  kld_labels_joint: 6.39928e+00  correct_labels_joint: 0.00000e+00  loss: 9.72620e-01
2026-07-29 04:01:34.055 | INFO    | 		Epoch: 30  loss_vamb: 4.87997e-01  ab_vamb: 1.25776e-02  ce_vamb: 4.24218e-01  sse_vamb: 3.96071e-02  kld_vamb: 1.11332e-02  loss_labels: 6.76236e-03  ce_labels_labels: 1.05426e-03  kld_labels: 3.65318e+01  correct_labels_labels: 0.00000e+00  loss_joint: 4.77872e-01  ce_joint: 6.92057e-01  sse_joint: 2.69300e+01  ce_labels_joint: 1.51306e-03  kld_vamb_joint: 4.13609e+00  kld_labels_joint: 6.40504e+00  correct_labels_joint: 0.00000e+00  loss: 9.72631e-01
2026-07-29 04:01:39.875 | INFO    | 		Epoch: 31  loss_vamb: 4.87843e-01  ab_vamb: 1.29429e-02  ce_vamb: 4.24188e-01  sse_vamb: 3.93366e-02  kld_vamb: 1.11450e-02  loss_labels: 7.11806e-03  ce_labels_labels: 1.32347e-03  kld_labels: 3.70854e+01  correct_labels_labels: 0.00000e+00  loss_joint: 4.77231e-01  ce_joint: 6.92094e-01  sse_joint: 2.66341e+01  ce_labels_joint: 1.35783e-03  kld_vamb_joint: 4.18366e+00  kld_labels_joint: 6.45862e+00  correct_labels_joint: 0.00000e+00  loss: 9.72192e-01
2026-07-29 04:01:45.066 | INFO    | 		Epoch: 32  loss_vamb: 4.87878e-01  ab_vamb: 1.30868e-02  ce_vamb: 4.24114e-01  sse_vamb: 3.95134e-02  kld_vamb: 1.11533e-02  loss_labels: 7.25329e-03  ce_labels_labels: 1.46073e-03  kld_labels: 3.70724e+01  correct_labels_labels: 0.00000e+00  loss_joint: 4.76760e-01  ce_joint: 6.92042e-01  sse_joint: 2.66146e+01  ce_labels_joint: 1.19224e-03  kld_vamb_joint: 4.21424e+00  kld_labels_joint: 6.50686e+00  correct_labels_joint: 0.00000e+00  loss: 9.71892e-01
2026-07-29 04:01:50.198 | INFO    | 		Epoch: 33  loss_vamb: 4.91772e-01  ab_vamb: 1.67976e-02  ce_vamb: 4.24110e-01  sse_vamb: 3.94887e-02  kld_vamb: 1.11590e-02  loss_labels: 6.59198e-03  ce_labels_labels: 8.00761e-04  kld_labels: 3.70638e+01  correct_labels_labels: 0.00000e+00  loss_joint: 4.79956e-01  ce_joint: 6.92035e-01  sse_joint: 2.64328e+01  ce_labels_joint: 1.08784e-03  kld_vamb_joint: 4.19708e+00  kld_labels_joint: 6.55527e+00  correct_labels_joint: 0.00000e+00  loss: 9.78320e-01
2026-07-29 04:01:54.830 | INFO    | 		Epoch: 34  loss_vamb: 4.88242e-01  ab_vamb: 1.33103e-02  ce_vamb: 4.24139e-01  sse_vamb: 3.94276e-02  kld_vamb: 1.12245e-02  loss_labels: 7.21741e-03  ce_labels_labels: 1.22188e-03  kld_labels: 3.83714e+01  correct_labels_labels: 0.00000e+00  loss_joint: 4.76074e-01  ce_joint: 6.92171e-01  sse_joint: 2.64264e+01  ce_labels_joint: 9.09337e-04  kld_vamb_joint: 4.20780e+00  kld_labels_joint: 6.53393e+00  correct_labels_joint: 0.00000e+00  loss: 9.71534e-01
2026-07-29 04:01:59.953 | INFO    | 		Epoch: 35  loss_vamb: 4.87765e-01  ab_vamb: 1.30787e-02  ce_vamb: 4.24034e-01  sse_vamb: 3.93295e-02  kld_vamb: 1.12183e-02  loss_labels: 6.57426e-03  ce_labels_labels: 7.37827e-04  kld_labels: 3.73532e+01  correct_labels_labels: 0.00000e+00  loss_joint: 4.76232e-01  ce_joint: 6.92074e-01  sse_joint: 2.62658e+01  ce_labels_joint: 1.46920e-03  kld_vamb_joint: 4.19802e+00  kld_labels_joint: 6.61605e+00  correct_labels_joint: 0.00000e+00  loss: 9.70572e-01
2026-07-29 04:02:04.896 | INFO    | 		Epoch: 36  loss_vamb: 4.87774e-01  ab_vamb: 1.34250e-02  ce_vamb: 4.23968e-01  sse_vamb: 3.91906e-02  kld_vamb: 1.12541e-02  loss_labels: 6.09633e-03  ce_labels_labels: 7.20660e-04  kld_labels: 3.44043e+01  correct_labels_labels: 0.00000e+00  loss_joint: 4.75771e-01  ce_joint: 6.91960e-01  sse_joint: 2.61799e+01  ce_labels_joint: 1.35484e-03  kld_vamb_joint: 4.16507e+00  kld_labels_joint: 6.64307e+00  correct_labels_joint: 0.00000e+00  loss: 9.69642e-01
2026-07-29 04:02:09.782 | INFO    | 		Epoch: 37  loss_vamb: 4.90180e-01  ab_vamb: 1.58034e-02  ce_vamb: 4.23846e-01  sse_vamb: 3.92292e-02  kld_vamb: 1.11678e-02  loss_labels: 6.87412e-03  ce_labels_labels: 1.37296e-03  kld_labels: 3.52075e+01  correct_labels_labels: 0.00000e+00  loss_joint: 4.79170e-01  ce_joint: 6.91988e-01  sse_joint: 2.61903e+01  ce_labels_joint: 2.10592e-03  kld_vamb_joint: 4.19370e+00  kld_labels_joint: 6.64172e+00  correct_labels_joint: 0.00000e+00  loss: 9.76223e-01
2026-07-29 04:02:14.741 | INFO    | 		Epoch: 38  loss_vamb: 4.87505e-01  ab_vamb: 1.26126e-02  ce_vamb: 4.23826e-01  sse_vamb: 3.91123e-02  kld_vamb: 1.12033e-02  loss_labels: 6.97688e-03  ce_labels_labels: 1.09373e-03  kld_labels: 3.76522e+01  correct_labels_labels: 0.00000e+00  loss_joint: 4.76304e-01  ce_joint: 6.92056e-01  sse_joint: 2.60356e+01  ce_labels_joint: 1.39029e-03  kld_vamb_joint: 4.19840e+00  kld_labels_joint: 6.63071e+00  correct_labels_joint: 0.00000e+00  loss: 9.70786e-01
2026-07-29 04:02:19.780 | INFO    | 		Epoch: 39  loss_vamb: 4.87048e-01  ab_vamb: 1.36652e-02  ce_vamb: 4.23607e-01  sse_vamb: 3.90248e-02  kld_vamb: 1.12002e-02  loss_labels: 6.60217e-03  ce_labels_labels: 8.40797e-04  kld_labels: 3.68728e+01  correct_labels_labels: 0.00000e+00  loss_joint: 4.77061e-01  ce_joint: 6.92126e-01  sse_joint: 2.60201e+01  ce_labels_joint: 2.19123e-03  kld_vamb_joint: 4.21742e+00  kld_labels_joint: 6.69962e+00  correct_labels_joint: 0.00000e+00  loss: 9.70711e-01
2026-07-29 04:02:24.904 | INFO    | 		Epoch: 40  loss_vamb: 4.88332e-01  ab_vamb: 1.49878e-02  ce_vamb: 4.23510e-01  sse_vamb: 3.89177e-02  kld_vamb: 1.11986e-02  loss_labels: 6.06120e-03  ce_labels_labels: 5.02746e-04  kld_labels: 3.55741e+01  correct_labels_labels: 0.00000e+00  loss_joint: 4.77359e-01  ce_joint: 6.91884e-01  sse_joint: 2.58844e+01  ce_labels_joint: 1.69781e-03  kld_vamb_joint: 4.23058e+00  kld_labels_joint: 6.70168e+00  correct_labels_joint: 0.00000e+00  loss: 9.71752e-01
2026-07-29 04:02:29.801 | INFO    | 		Epoch: 41  loss_vamb: 4.86056e-01  ab_vamb: 1.27672e-02  ce_vamb: 4.23187e-01  sse_vamb: 3.90554e-02  kld_vamb: 1.11787e-02  loss_labels: 6.00924e-03  ce_labels_labels: 7.87978e-04  kld_labels: 3.34161e+01  correct_labels_labels: 0.00000e+00  loss_joint: 4.75411e-01  ce_joint: 6.91960e-01  sse_joint: 2.58029e+01  ce_labels_joint: 2.08751e-03  kld_vamb_joint: 4.23774e+00  kld_labels_joint: 6.78134e+00  correct_labels_joint: 0.00000e+00  loss: 9.67476e-01
2026-07-29 04:02:35.134 | INFO    | 		Epoch: 42  loss_vamb: 4.85752e-01  ab_vamb: 1.24762e-02  ce_vamb: 4.23032e-01  sse_vamb: 3.89613e-02  kld_vamb: 1.11585e-02  loss_labels: 6.09531e-03  ce_labels_labels: 8.40152e-04  kld_labels: 3.36330e+01  correct_labels_labels: 0.00000e+00  loss_joint: 4.76709e-01  ce_joint: 6.92053e-01  sse_joint: 2.58395e+01  ce_labels_joint: 2.27539e-03  kld_vamb_joint: 4.30508e+00  kld_labels_joint: 6.80648e+00  correct_labels_joint: 0.00000e+00  loss: 9.68556e-01
2026-07-29 04:02:40.582 | INFO    | 		Epoch: 43  loss_vamb: 4.85278e-01  ab_vamb: 1.21519e-02  ce_vamb: 4.22566e-01  sse_vamb: 3.90226e-02  kld_vamb: 1.11131e-02  loss_labels: 6.16376e-03  ce_labels_labels: 1.00926e-03  kld_labels: 3.29888e+01  correct_labels_labels: 0.00000e+00  loss_joint: 4.75595e-01  ce_joint: 6.91900e-01  sse_joint: 2.57989e+01  ce_labels_joint: 1.80934e-03  kld_vamb_joint: 4.32088e+00  kld_labels_joint: 6.87927e+00  correct_labels_joint: 0.00000e+00  loss: 9.67036e-01
2026-07-29 04:02:45.804 | INFO    | 		Epoch: 44  loss_vamb: 4.84463e-01  ab_vamb: 1.24592e-02  ce_vamb: 4.22236e-01  sse_vamb: 3.91146e-02  kld_vamb: 1.11251e-02  loss_labels: 6.40295e-03  ce_labels_labels: 9.55529e-04  kld_labels: 3.48635e+01  correct_labels_labels: 0.00000e+00  loss_joint: 4.74658e-01  ce_joint: 6.91917e-01  sse_joint: 2.58091e+01  ce_labels_joint: 1.21711e-03  kld_vamb_joint: 4.32890e+00  kld_labels_joint: 6.86350e+00  correct_labels_joint: 0.00000e+00  loss: 9.65525e-01
2026-07-29 04:02:50.721 | INFO    | 		Epoch: 45  loss_vamb: 4.83960e-01  ab_vamb: 1.22935e-02  ce_vamb: 4.21623e-01  sse_vamb: 3.89408e-02  kld_vamb: 1.12610e-02  loss_labels: 6.36041e-03  ce_labels_labels: 8.09613e-04  kld_labels: 3.55251e+01  correct_labels_labels: 0.00000e+00  loss_joint: 4.75297e-01  ce_joint: 6.91872e-01  sse_joint: 2.56496e+01  ce_labels_joint: 2.23633e-03  kld_vamb_joint: 4.35861e+00  kld_labels_joint: 6.87236e+00  correct_labels_joint: 0.00000e+00  loss: 9.65617e-01
2026-07-29 04:02:55.673 | INFO    | 		Epoch: 46  loss_vamb: 4.85298e-01  ab_vamb: 1.30407e-02  ce_vamb: 4.21312e-01  sse_vamb: 3.92600e-02  kld_vamb: 1.12513e-02  loss_labels: 6.43071e-03  ce_labels_labels: 1.09394e-03  kld_labels: 3.41553e+01  correct_labels_labels: 0.00000e+00  loss_joint: 4.75879e-01  ce_joint: 6.91757e-01  sse_joint: 2.57393e+01  ce_labels_joint: 1.39654e-03  kld_vamb_joint: 4.40848e+00  kld_labels_joint: 6.95728e+00  correct_labels_joint: 0.00000e+00  loss: 9.67607e-01
2026-07-29 04:03:00.824 | INFO    | 		Epoch: 47  loss_vamb: 4.86062e-01  ab_vamb: 1.39393e-02  ce_vamb: 4.20990e-01  sse_vamb: 3.92906e-02  kld_vamb: 1.13735e-02  loss_labels: 6.30088e-03  ce_labels_labels: 8.24468e-04  kld_labels: 3.50490e+01  correct_labels_labels: 0.00000e+00  loss_joint: 4.76852e-01  ce_joint: 6.91828e-01  sse_joint: 2.56510e+01  ce_labels_joint: 1.88619e-03  kld_vamb_joint: 4.38407e+00  kld_labels_joint: 6.99255e+00  correct_labels_joint: 0.00000e+00  loss: 9.69215e-01
2026-07-29 04:03:05.765 | INFO    | 		Epoch: 48  loss_vamb: 4.85191e-01  ab_vamb: 1.41507e-02  ce_vamb: 4.20668e-01  sse_vamb: 3.89791e-02  kld_vamb: 1.14368e-02  loss_labels: 6.37013e-03  ce_labels_labels: 1.00836e-03  kld_labels: 3.43153e+01  correct_labels_labels: 0.00000e+00  loss_joint: 4.74982e-01  ce_joint: 6.91461e-01  sse_joint: 2.54953e+01  ce_labels_joint: 6.80752e-04  kld_vamb_joint: 4.39734e+00  kld_labels_joint: 6.98740e+00  correct_labels_joint: 0.00000e+00  loss: 9.66543e-01
2026-07-29 04:03:10.983 | INFO    | 		Epoch: 49  loss_vamb: 4.84552e-01  ab_vamb: 1.32125e-02  ce_vamb: 4.20424e-01  sse_vamb: 3.87853e-02  kld_vamb: 1.14797e-02  loss_labels: 6.33550e-03  ce_labels_labels: 8.02391e-04  kld_labels: 3.54119e+01  correct_labels_labels: 0.00000e+00  loss_joint: 4.74328e-01  ce_joint: 6.91421e-01  sse_joint: 2.54273e+01  ce_labels_joint: 8.96218e-04  kld_vamb_joint: 4.40434e+00  kld_labels_joint: 7.02554e+00  correct_labels_joint: 0.00000e+00  loss: 9.65216e-01
2026-07-29 04:03:16.458 | INFO    | 		Epoch: 50  loss_vamb: 4.83224e-01  ab_vamb: 1.29563e-02  ce_vamb: 4.20237e-01  sse_vamb: 3.89614e-02  kld_vamb: 1.15355e-02  loss_labels: 6.28663e-03  ce_labels_labels: 9.00723e-04  kld_labels: 3.44698e+01  correct_labels_labels: 0.00000e+00  loss_joint: 4.73346e-01  ce_joint: 6.91395e-01  sse_joint: 2.53752e+01  ce_labels_joint: 1.09298e-03  kld_vamb_joint: 4.40480e+00  kld_labels_joint: 7.11811e+00  correct_labels_joint: 0.00000e+00  loss: 9.62856e-01
2026-07-29 04:03:21.697 | INFO    | 		Epoch: 51  loss_vamb: 4.82467e-01  ab_vamb: 1.21514e-02  ce_vamb: 4.20148e-01  sse_vamb: 3.87560e-02  kld_vamb: 1.15015e-02  loss_labels: 6.02096e-03  ce_labels_labels: 6.79672e-04  kld_labels: 3.41842e+01  correct_labels_labels: 0.00000e+00  loss_joint: 4.72752e-01  ce_joint: 6.91043e-01  sse_joint: 2.53496e+01  ce_labels_joint: 9.73522e-04  kld_vamb_joint: 4.46569e+00  kld_labels_joint: 7.15590e+00  correct_labels_joint: 0.00000e+00  loss: 9.61240e-01
2026-07-29 04:03:26.889 | INFO    | 		Epoch: 52  loss_vamb: 4.81237e-01  ab_vamb: 1.15235e-02  ce_vamb: 4.19955e-01  sse_vamb: 3.86780e-02  kld_vamb: 1.14989e-02  loss_labels: 6.31048e-03  ce_labels_labels: 1.01666e-03  kld_labels: 3.38805e+01  correct_labels_labels: 0.00000e+00  loss_joint: 4.71738e-01  ce_joint: 6.90988e-01  sse_joint: 2.52014e+01  ce_labels_joint: 1.02813e-03  kld_vamb_joint: 4.45629e+00  kld_labels_joint: 7.14572e+00  correct_labels_joint: 0.00000e+00  loss: 9.59285e-01
2026-07-29 04:03:31.812 | INFO    | 		Epoch: 53  loss_vamb: 4.82012e-01  ab_vamb: 1.20404e-02  ce_vamb: 4.19845e-01  sse_vamb: 3.86647e-02  kld_vamb: 1.15456e-02  loss_labels: 5.83602e-03  ce_labels_labels: 6.43562e-04  kld_labels: 3.32317e+01  correct_labels_labels: 0.00000e+00  loss_joint: 4.72330e-01  ce_joint: 6.91063e-01  sse_joint: 2.51170e+01  ce_labels_joint: 1.15424e-03  kld_vamb_joint: 4.41963e+00  kld_labels_joint: 7.18813e+00  correct_labels_joint: 0.00000e+00  loss: 9.60178e-01
2026-07-29 04:03:36.631 | INFO    | 		Epoch: 54  loss_vamb: 4.82878e-01  ab_vamb: 1.28250e-02  ce_vamb: 4.19810e-01  sse_vamb: 3.86744e-02  kld_vamb: 1.16606e-02  loss_labels: 6.45697e-03  ce_labels_labels: 1.22872e-03  kld_labels: 3.34608e+01  correct_labels_labels: 0.00000e+00  loss_joint: 4.72307e-01  ce_joint: 6.90698e-01  sse_joint: 2.51482e+01  ce_labels_joint: 5.90900e-04  kld_vamb_joint: 4.34033e+00  kld_labels_joint: 7.17787e+00  correct_labels_joint: 0.00000e+00  loss: 9.61643e-01
2026-07-29 04:03:41.305 | INFO    | 		Epoch: 55  loss_vamb: 4.82884e-01  ab_vamb: 1.25174e-02  ce_vamb: 4.19700e-01  sse_vamb: 3.83976e-02  kld_vamb: 1.16122e-02  loss_labels: 6.80623e-03  ce_labels_labels: 1.01634e-03  kld_labels: 3.70553e+01  correct_labels_labels: 0.00000e+00  loss_joint: 4.72484e-01  ce_joint: 6.90330e-01  sse_joint: 2.49985e+01  ce_labels_joint: 6.29605e-04  kld_vamb_joint: 4.37781e+00  kld_labels_joint: 7.13757e+00  correct_labels_joint: 0.00000e+00  loss: 9.62174e-01
2026-07-29 04:03:46.136 | INFO    | 		Epoch: 56  loss_vamb: 4.81212e-01  ab_vamb: 1.16934e-02  ce_vamb: 4.19584e-01  sse_vamb: 3.85244e-02  kld_vamb: 1.15431e-02  loss_labels: 6.49942e-03  ce_labels_labels: 6.53099e-04  kld_labels: 3.74164e+01  correct_labels_labels: 0.00000e+00  loss_joint: 4.71187e-01  ce_joint: 6.90011e-01  sse_joint: 2.48835e+01  ce_labels_joint: 1.41133e-03  kld_vamb_joint: 4.37773e+00  kld_labels_joint: 7.09661e+00  correct_labels_joint: 0.00000e+00  loss: 9.58899e-01
2026-07-29 04:03:50.888 | INFO    | 		Epoch: 57  loss_vamb: 4.80932e-01  ab_vamb: 1.17313e-02  ce_vamb: 4.19530e-01  sse_vamb: 3.81989e-02  kld_vamb: 1.14739e-02  loss_labels: 6.65437e-03  ce_labels_labels: 9.62120e-04  kld_labels: 3.64304e+01  correct_labels_labels: 0.00000e+00  loss_joint: 4.70182e-01  ce_joint: 6.89660e-01  sse_joint: 2.47281e+01  ce_labels_joint: 7.55548e-04  kld_vamb_joint: 4.37664e+00  kld_labels_joint: 7.09440e+00  correct_labels_joint: 0.00000e+00  loss: 9.57769e-01
2026-07-29 04:03:55.683 | INFO    | 		Epoch: 58  loss_vamb: 4.81787e-01  ab_vamb: 1.25295e-02  ce_vamb: 4.19524e-01  sse_vamb: 3.83430e-02  kld_vamb: 1.16413e-02  loss_labels: 6.81944e-03  ce_labels_labels: 1.07228e-03  kld_labels: 3.67818e+01  correct_labels_labels: 0.00000e+00  loss_joint: 4.70956e-01  ce_joint: 6.89285e-01  sse_joint: 2.47600e+01  ce_labels_joint: 9.71258e-04  kld_vamb_joint: 4.31801e+00  kld_labels_joint: 7.12135e+00  correct_labels_joint: 0.00000e+00  loss: 9.59563e-01
2026-07-29 04:04:00.947 | INFO    | 		Epoch: 59  loss_vamb: 4.82758e-01  ab_vamb: 1.37625e-02  ce_vamb: 4.19450e-01  sse_vamb: 3.83817e-02  kld_vamb: 1.16444e-02  loss_labels: 6.50914e-03  ce_labels_labels: 6.04152e-04  kld_labels: 3.77919e+01  correct_labels_labels: 0.00000e+00  loss_joint: 4.72930e-01  ce_joint: 6.89155e-01  sse_joint: 2.48393e+01  ce_labels_joint: 2.07450e-03  kld_vamb_joint: 4.31333e+00  kld_labels_joint: 7.11505e+00  correct_labels_joint: 0.00000e+00  loss: 9.62197e-01
2026-07-29 04:04:05.831 | INFO    | 		Epoch: 60  loss_vamb: 4.81917e-01  ab_vamb: 1.26378e-02  ce_vamb: 4.19506e-01  sse_vamb: 3.84130e-02  kld_vamb: 1.15516e-02  loss_labels: 6.24573e-03  ce_labels_labels: 8.41926e-04  kld_labels: 3.45843e+01  correct_labels_labels: 0.00000e+00  loss_joint: 4.71950e-01  ce_joint: 6.88957e-01  sse_joint: 2.50174e+01  ce_labels_joint: 1.40876e-03  kld_vamb_joint: 4.41985e+00  kld_labels_joint: 7.16738e+00  correct_labels_joint: 0.00000e+00  loss: 9.60112e-01
2026-07-29 04:04:10.840 | INFO    | 		Epoch: 61  loss_vamb: 4.80016e-01  ab_vamb: 1.07811e-02  ce_vamb: 4.19277e-01  sse_vamb: 3.82026e-02  kld_vamb: 1.15167e-02  loss_labels: 6.90686e-03  ce_labels_labels: 1.18722e-03  kld_labels: 3.66057e+01  correct_labels_labels: 0.00000e+00  loss_joint: 4.70410e-01  ce_joint: 6.88523e-01  sse_joint: 2.49183e+01  ce_labels_joint: 1.72469e-03  kld_vamb_joint: 4.41301e+00  kld_labels_joint: 7.11190e+00  correct_labels_joint: 0.00000e+00  loss: 9.57332e-01
2026-07-29 04:04:16.102 | INFO    | 		Epoch: 62  loss_vamb: 4.80003e-01  ab_vamb: 1.14315e-02  ce_vamb: 4.19241e-01  sse_vamb: 3.80091e-02  kld_vamb: 1.16031e-02  loss_labels: 6.92384e-03  ce_labels_labels: 7.12377e-04  kld_labels: 3.97534e+01  correct_labels_labels: 0.00000e+00  loss_joint: 4.69630e-01  ce_joint: 6.87992e-01  sse_joint: 2.48026e+01  ce_labels_joint: 1.12674e-03  kld_vamb_joint: 4.40249e+00  kld_labels_joint: 7.08744e+00  correct_labels_joint: 0.00000e+00  loss: 9.56557e-01
2026-07-29 04:04:21.150 | INFO    | 		Epoch: 63  loss_vamb: 4.81022e-01  ab_vamb: 1.22506e-02  ce_vamb: 4.19257e-01  sse_vamb: 3.83314e-02  kld_vamb: 1.15535e-02  loss_labels: 6.90725e-03  ce_labels_labels: 9.31540e-04  kld_labels: 3.82445e+01  correct_labels_labels: 0.00000e+00  loss_joint: 4.71058e-01  ce_joint: 6.87841e-01  sse_joint: 2.48601e+01  ce_labels_joint: 2.01314e-03  kld_vamb_joint: 4.44045e+00  kld_labels_joint: 7.16215e+00  correct_labels_joint: 0.00000e+00  loss: 9.58987e-01
2026-07-29 04:04:26.313 | INFO    | 		Epoch: 64  loss_vamb: 4.81655e-01  ab_vamb: 1.28106e-02  ce_vamb: 4.19265e-01  sse_vamb: 3.79069e-02  kld_vamb: 1.15622e-02  loss_labels: 7.74729e-03  ce_labels_labels: 1.72037e-03  kld_labels: 3.85723e+01  correct_labels_labels: 0.00000e+00  loss_joint: 4.72990e-01  ce_joint: 6.88108e-01  sse_joint: 2.48689e+01  ce_labels_joint: 2.23116e-03  kld_vamb_joint: 4.49991e+00  kld_labels_joint: 7.21812e+00  correct_labels_joint: 0.00000e+00  loss: 9.62392e-01
2026-07-29 04:04:31.555 | INFO    | 		Epoch: 65  loss_vamb: 4.80383e-01  ab_vamb: 1.17782e-02  ce_vamb: 4.19109e-01  sse_vamb: 3.78789e-02  kld_vamb: 1.15654e-02  loss_labels: 7.04928e-03  ce_labels_labels: 8.45566e-04  kld_labels: 3.97037e+01  correct_labels_labels: 0.00000e+00  loss_joint: 4.70932e-01  ce_joint: 6.88054e-01  sse_joint: 2.47875e+01  ce_labels_joint: 1.78539e-03  kld_vamb_joint: 4.53237e+00  kld_labels_joint: 7.16228e+00  correct_labels_joint: 0.00000e+00  loss: 9.58364e-01
2026-07-29 04:04:36.765 | INFO    | 		Epoch: 66  loss_vamb: 4.80356e-01  ab_vamb: 1.20795e-02  ce_vamb: 4.19154e-01  sse_vamb: 3.80372e-02  kld_vamb: 1.14829e-02  loss_labels: 6.55025e-03  ce_labels_labels: 6.15586e-04  kld_labels: 3.79819e+01  correct_labels_labels: 0.00000e+00  loss_joint: 4.72050e-01  ce_joint: 6.87801e-01  sse_joint: 2.49061e+01  ce_labels_joint: 2.39191e-03  kld_vamb_joint: 4.53144e+00  kld_labels_joint: 7.18300e+00  correct_labels_joint: 0.00000e+00  loss: 9.58956e-01
2026-07-29 04:04:41.956 | INFO    | 		Epoch: 67  loss_vamb: 4.80809e-01  ab_vamb: 1.18951e-02  ce_vamb: 4.19116e-01  sse_vamb: 3.80229e-02  kld_vamb: 1.14975e-02  loss_labels: 6.09347e-03  ce_labels_labels: 4.61802e-04  kld_labels: 3.60427e+01  correct_labels_labels: 0.00000e+00  loss_joint: 4.71267e-01  ce_joint: 6.87331e-01  sse_joint: 2.49754e+01  ce_labels_joint: 1.55543e-03  kld_vamb_joint: 4.56580e+00  kld_labels_joint: 7.25019e+00  correct_labels_joint: 0.00000e+00  loss: 9.58169e-01
2026-07-29 04:04:47.136 | INFO    | 		Epoch: 68  loss_vamb: 4.80384e-01  ab_vamb: 1.19890e-02  ce_vamb: 4.18904e-01  sse_vamb: 3.77777e-02  kld_vamb: 1.15265e-02  loss_labels: 5.92844e-03  ce_labels_labels: 8.12248e-04  kld_labels: 3.27436e+01  correct_labels_labels: 0.00000e+00  loss_joint: 4.70783e-01  ce_joint: 6.87020e-01  sse_joint: 2.47840e+01  ce_labels_joint: 1.92051e-03  kld_vamb_joint: 4.56360e+00  kld_labels_joint: 7.39409e+00  correct_labels_joint: 0.00000e+00  loss: 9.57095e-01
2026-07-29 04:04:52.319 | INFO    | 		Epoch: 69  loss_vamb: 4.80421e-01  ab_vamb: 1.19044e-02  ce_vamb: 4.19033e-01  sse_vamb: 3.76539e-02  kld_vamb: 1.16061e-02  loss_labels: 6.85574e-03  ce_labels_labels: 1.30076e-03  kld_labels: 3.55519e+01  correct_labels_labels: 0.00000e+00  loss_joint: 4.70024e-01  ce_joint: 6.86525e-01  sse_joint: 2.46548e+01  ce_labels_joint: 1.52952e-03  kld_vamb_joint: 4.56715e+00  kld_labels_joint: 7.38731e+00  correct_labels_joint: 0.00000e+00  loss: 9.57301e-01
2026-07-29 04:04:57.661 | INFO    | 		Epoch: 70  loss_vamb: 4.80767e-01  ab_vamb: 1.27262e-02  ce_vamb: 4.18952e-01  sse_vamb: 3.76353e-02  kld_vamb: 1.15489e-02  loss_labels: 6.21359e-03  ce_labels_labels: 5.94425e-04  kld_labels: 3.59627e+01  correct_labels_labels: 0.00000e+00  loss_joint: 4.69639e-01  ce_joint: 6.86434e-01  sse_joint: 2.46172e+01  ce_labels_joint: 1.15837e-03  kld_vamb_joint: 4.61099e+00  kld_labels_joint: 7.39984e+00  correct_labels_joint: 0.00000e+00  loss: 9.56619e-01
2026-07-29 04:05:02.964 | INFO    | 		Epoch: 71  loss_vamb: 4.78751e-01  ab_vamb: 1.04959e-02  ce_vamb: 4.18808e-01  sse_vamb: 3.77209e-02  kld_vamb: 1.15695e-02  loss_labels: 5.95629e-03  ce_labels_labels: 8.11994e-04  kld_labels: 3.29235e+01  correct_labels_labels: 0.00000e+00  loss_joint: 4.67057e-01  ce_joint: 6.86096e-01  sse_joint: 2.44226e+01  ce_labels_joint: 8.56440e-04  kld_vamb_joint: 4.61401e+00  kld_labels_joint: 7.54515e+00  correct_labels_joint: 0.00000e+00  loss: 9.51765e-01
2026-07-29 04:05:07.920 | INFO    | 		Epoch: 72  loss_vamb: 4.79513e-01  ab_vamb: 1.15777e-02  ce_vamb: 4.18816e-01  sse_vamb: 3.75487e-02  kld_vamb: 1.16253e-02  loss_labels: 7.02292e-03  ce_labels_labels: 1.55105e-03  kld_labels: 3.50200e+01  correct_labels_labels: 0.00000e+00  loss_joint: 4.67581e-01  ce_joint: 6.85658e-01  sse_joint: 2.43587e+01  ce_labels_joint: 1.14799e-03  kld_vamb_joint: 4.62212e+00  kld_labels_joint: 7.57010e+00  correct_labels_joint: 0.00000e+00  loss: 9.54117e-01
2026-07-29 04:05:12.694 | INFO    | 		Epoch: 73  loss_vamb: 4.79028e-01  ab_vamb: 1.13236e-02  ce_vamb: 4.18764e-01  sse_vamb: 3.76574e-02  kld_vamb: 1.15840e-02  loss_labels: 7.63225e-03  ce_labels_labels: 1.05910e-03  kld_labels: 4.20682e+01  correct_labels_labels: 0.00000e+00  loss_joint: 4.67414e-01  ce_joint: 6.85347e-01  sse_joint: 2.45136e+01  ce_labels_joint: 1.02734e-03  kld_vamb_joint: 4.64530e+00  kld_labels_joint: 7.48670e+00  correct_labels_joint: 0.00000e+00  loss: 9.54075e-01
2026-07-29 04:05:17.447 | INFO    | 		Epoch: 74  loss_vamb: 4.79028e-01  ab_vamb: 1.14786e-02  ce_vamb: 4.18767e-01  sse_vamb: 3.78009e-02  kld_vamb: 1.15912e-02  loss_labels: 7.43799e-03  ce_labels_labels: 1.02851e-03  kld_labels: 4.10207e+01  correct_labels_labels: 0.00000e+00  loss_joint: 4.67845e-01  ce_joint: 6.85167e-01  sse_joint: 2.45671e+01  ce_labels_joint: 1.16729e-03  kld_vamb_joint: 4.65040e+00  kld_labels_joint: 7.46461e+00  correct_labels_joint: 0.00000e+00  loss: 9.54311e-01
2026-07-29 04:05:21.836 | INFO    | 		Epoch: 75  loss_vamb: 4.78957e-01  ab_vamb: 1.15359e-02  ce_vamb: 4.18764e-01  sse_vamb: 3.73231e-02  kld_vamb: 1.15460e-02  loss_labels: 6.72776e-03  ce_labels_labels: 5.34607e-04  kld_labels: 3.96362e+01  correct_labels_labels: 0.00000e+00  loss_joint: 4.66509e-01  ce_joint: 6.84914e-01  sse_joint: 2.41836e+01  ce_labels_joint: 1.09695e-03  kld_vamb_joint: 4.68324e+00  kld_labels_joint: 7.49797e+00  correct_labels_joint: 0.00000e+00  loss: 9.52194e-01
2026-07-29 04:05:26.138 | INFO    | 		Epoch: 76  loss_vamb: 4.78138e-01  ab_vamb: 1.08563e-02  ce_vamb: 4.18714e-01  sse_vamb: 3.69573e-02  kld_vamb: 1.16070e-02  loss_labels: 6.67633e-03  ce_labels_labels: 6.10501e-04  kld_labels: 3.88213e+01  correct_labels_labels: 0.00000e+00  loss_joint: 4.66287e-01  ce_joint: 6.84991e-01  sse_joint: 2.40158e+01  ce_labels_joint: 8.31092e-04  kld_vamb_joint: 4.66079e+00  kld_labels_joint: 7.54819e+00  correct_labels_joint: 0.00000e+00  loss: 9.51101e-01
2026-07-29 04:05:30.453 | INFO    | 		Epoch: 77  loss_vamb: 4.77832e-01  ab_vamb: 1.03053e-02  ce_vamb: 4.18620e-01  sse_vamb: 3.69937e-02  kld_vamb: 1.16053e-02  loss_labels: 6.46541e-03  ce_labels_labels: 6.56601e-04  kld_labels: 3.71764e+01  correct_labels_labels: 0.00000e+00  loss_joint: 4.65134e-01  ce_joint: 6.84661e-01  sse_joint: 2.39382e+01  ce_labels_joint: 6.24598e-04  kld_vamb_joint: 4.66262e+00  kld_labels_joint: 7.60888e+00  correct_labels_joint: 0.00000e+00  loss: 9.49432e-01
2026-07-29 04:05:34.805 | INFO    | 		Epoch: 78  loss_vamb: 4.77004e-01  ab_vamb: 9.94302e-03  ce_vamb: 4.18623e-01  sse_vamb: 3.70058e-02  kld_vamb: 1.16261e-02  loss_labels: 5.96440e-03  ce_labels_labels: 4.38714e-04  kld_labels: 3.53644e+01  correct_labels_labels: 0.00000e+00  loss_joint: 4.64354e-01  ce_joint: 6.84624e-01  sse_joint: 2.38505e+01  ce_labels_joint: 5.13686e-04  kld_vamb_joint: 4.64668e+00  kld_labels_joint: 7.64195e+00  correct_labels_joint: 0.00000e+00  loss: 9.47323e-01
2026-07-29 04:05:39.553 | INFO    | 		Epoch: 79  loss_vamb: 4.77706e-01  ab_vamb: 9.97624e-03  ce_vamb: 4.18666e-01  sse_vamb: 3.66757e-02  kld_vamb: 1.16229e-02  loss_labels: 6.06248e-03  ce_labels_labels: 6.66662e-04  kld_labels: 3.45333e+01  correct_labels_labels: 0.00000e+00  loss_joint: 4.64616e-01  ce_joint: 6.84646e-01  sse_joint: 2.36951e+01  ce_labels_joint: 3.87086e-04  kld_vamb_joint: 4.64510e+00  kld_labels_joint: 7.70498e+00  correct_labels_joint: 0.00000e+00  loss: 9.48384e-01
2026-07-29 04:05:44.568 | INFO    | 		Epoch: 80  loss_vamb: 4.76436e-01  ab_vamb: 9.82009e-03  ce_vamb: 4.18538e-01  sse_vamb: 3.67615e-02  kld_vamb: 1.15925e-02  loss_labels: 6.22191e-03  ce_labels_labels: 8.83830e-04  kld_labels: 3.41637e+01  correct_labels_labels: 0.00000e+00  loss_joint: 4.64110e-01  ce_joint: 6.84288e-01  sse_joint: 2.37494e+01  ce_labels_joint: 5.30495e-04  kld_vamb_joint: 4.62405e+00  kld_labels_joint: 7.70077e+00  correct_labels_joint: 0.00000e+00  loss: 9.46768e-01
2026-07-29 04:05:48.981 | INFO    | 		Epoch: 81  loss_vamb: 4.77192e-01  ab_vamb: 1.08391e-02  ce_vamb: 4.18670e-01  sse_vamb: 3.68610e-02  kld_vamb: 1.15495e-02  loss_labels: 5.84610e-03  ce_labels_labels: 5.85414e-04  kld_labels: 3.36684e+01  correct_labels_labels: 0.00000e+00  loss_joint: 4.64050e-01  ce_joint: 6.84442e-01  sse_joint: 2.37798e+01  ce_labels_joint: 4.52652e-04  kld_vamb_joint: 4.63927e+00  kld_labels_joint: 7.74967e+00  correct_labels_joint: 0.00000e+00  loss: 9.47088e-01
2026-07-29 04:05:53.529 | INFO    | 		Epoch: 82  loss_vamb: 4.79301e-01  ab_vamb: 1.23463e-02  ce_vamb: 4.18522e-01  sse_vamb: 3.68664e-02  kld_vamb: 1.15513e-02  loss_labels: 5.66159e-03  ce_labels_labels: 4.15025e-04  kld_labels: 3.35780e+01  correct_labels_labels: 0.00000e+00  loss_joint: 4.66042e-01  ce_joint: 6.84248e-01  sse_joint: 2.36647e+01  ce_labels_joint: 7.69515e-04  kld_vamb_joint: 4.62953e+00  kld_labels_joint: 7.74527e+00  correct_labels_joint: 0.00000e+00  loss: 9.51004e-01
2026-07-29 04:05:58.079 | INFO    | 		Epoch: 83  loss_vamb: 4.76820e-01  ab_vamb: 1.01264e-02  ce_vamb: 4.18522e-01  sse_vamb: 3.68784e-02  kld_vamb: 1.15458e-02  loss_labels: 5.73063e-03  ce_labels_labels: 6.05515e-04  kld_labels: 3.28008e+01  correct_labels_labels: 0.00000e+00  loss_joint: 4.63493e-01  ce_joint: 6.84202e-01  sse_joint: 2.36900e+01  ce_labels_joint: 4.44454e-04  kld_vamb_joint: 4.62015e+00  kld_labels_joint: 7.76538e+00  correct_labels_joint: 0.00000e+00  loss: 9.46043e-01
2026-07-29 04:06:02.678 | INFO    | 		Epoch: 84  loss_vamb: 4.77228e-01  ab_vamb: 1.00493e-02  ce_vamb: 4.18498e-01  sse_vamb: 3.64925e-02  kld_vamb: 1.15123e-02  loss_labels: 5.33478e-03  ce_labels_labels: 3.22950e-04  kld_labels: 3.20757e+01  correct_labels_labels: 0.00000e+00  loss_joint: 4.64051e-01  ce_joint: 6.84146e-01  sse_joint: 2.34425e+01  ce_labels_joint: 4.77776e-04  kld_vamb_joint: 4.61129e+00  kld_labels_joint: 7.76920e+00  correct_labels_joint: 0.00000e+00  loss: 9.46614e-01
2026-07-29 04:06:07.420 | INFO    | 		Epoch: 85  loss_vamb: 4.78359e-01  ab_vamb: 1.05774e-02  ce_vamb: 4.18668e-01  sse_vamb: 3.65536e-02  kld_vamb: 1.15498e-02  loss_labels: 5.06208e-03  ce_labels_labels: 3.26550e-04  kld_labels: 3.03074e+01  correct_labels_labels: 0.00000e+00  loss_joint: 4.64915e-01  ce_joint: 6.84270e-01  sse_joint: 2.33562e+01  ce_labels_joint: 4.04633e-04  kld_vamb_joint: 4.59440e+00  kld_labels_joint: 7.86048e+00  correct_labels_joint: 0.00000e+00  loss: 9.48336e-01
2026-07-29 04:06:12.081 | INFO    | 		Epoch: 86  loss_vamb: 4.76183e-01  ab_vamb: 9.55619e-03  ce_vamb: 4.18632e-01  sse_vamb: 3.66541e-02  kld_vamb: 1.16251e-02  loss_labels: 5.29081e-03  ce_labels_labels: 7.96599e-04  kld_labels: 2.87630e+01  correct_labels_labels: 0.00000e+00  loss_joint: 4.62904e-01  ce_joint: 6.84152e-01  sse_joint: 2.33844e+01  ce_labels_joint: 3.57621e-04  kld_vamb_joint: 4.59207e+00  kld_labels_joint: 7.92926e+00  correct_labels_joint: 0.00000e+00  loss: 9.44379e-01
2026-07-29 04:06:16.563 | INFO    | 		Epoch: 87  loss_vamb: 4.76693e-01  ab_vamb: 9.71765e-03  ce_vamb: 4.18451e-01  sse_vamb: 3.65566e-02  kld_vamb: 1.15241e-02  loss_labels: 6.14819e-03  ce_labels_labels: 1.56085e-03  kld_labels: 2.93590e+01  correct_labels_labels: 0.00000e+00  loss_joint: 4.64416e-01  ce_joint: 6.83904e-01  sse_joint: 2.33838e+01  ce_labels_joint: 1.28838e-03  kld_vamb_joint: 4.60373e+00  kld_labels_joint: 7.92387e+00  correct_labels_joint: 0.00000e+00  loss: 9.47257e-01
2026-07-29 04:06:21.090 | INFO    | 		Epoch: 88  loss_vamb: 4.77959e-01  ab_vamb: 1.00817e-02  ce_vamb: 4.18627e-01  sse_vamb: 3.66481e-02  kld_vamb: 1.14799e-02  loss_labels: 5.78970e-03  ce_labels_labels: 6.52503e-04  kld_labels: 3.28780e+01  correct_labels_labels: 0.00000e+00  loss_joint: 4.64454e-01  ce_joint: 6.84081e-01  sse_joint: 2.34690e+01  ce_labels_joint: 5.71589e-04  kld_vamb_joint: 4.62753e+00  kld_labels_joint: 7.80718e+00  correct_labels_joint: 0.00000e+00  loss: 9.48203e-01
2026-07-29 04:06:25.500 | INFO    | 		Epoch: 89  loss_vamb: 4.77860e-01  ab_vamb: 1.10867e-02  ce_vamb: 4.18492e-01  sse_vamb: 3.66789e-02  kld_vamb: 1.15507e-02  loss_labels: 5.89783e-03  ce_labels_labels: 5.78443e-04  kld_labels: 3.40441e+01  correct_labels_labels: 0.00000e+00  loss_joint: 4.65577e-01  ce_joint: 6.83961e-01  sse_joint: 2.34508e+01  ce_labels_joint: 1.54017e-03  kld_vamb_joint: 4.62743e+00  kld_labels_joint: 7.80538e+00  correct_labels_joint: 0.00000e+00  loss: 9.49335e-01
2026-07-29 04:06:30.077 | INFO    | 		Epoch: 90  loss_vamb: 4.76727e-01  ab_vamb: 1.08028e-02  ce_vamb: 4.18404e-01  sse_vamb: 3.68155e-02  kld_vamb: 1.16097e-02  loss_labels: 6.12423e-03  ce_labels_labels: 8.54924e-04  kld_labels: 3.37235e+01  correct_labels_labels: 0.00000e+00  loss_joint: 4.64521e-01  ce_joint: 6.83791e-01  sse_joint: 2.36569e+01  ce_labels_joint: 1.21438e-03  kld_vamb_joint: 4.59627e+00  kld_labels_joint: 7.77822e+00  correct_labels_joint: 0.00000e+00  loss: 9.47373e-01
2026-07-29 04:06:34.609 | INFO    | 		Epoch: 91  loss_vamb: 4.77694e-01  ab_vamb: 1.01160e-02  ce_vamb: 4.18459e-01  sse_vamb: 3.65264e-02  kld_vamb: 1.16148e-02  loss_labels: 6.28412e-03  ce_labels_labels: 1.08765e-03  kld_labels: 3.32574e+01  correct_labels_labels: 0.00000e+00  loss_joint: 4.64705e-01  ce_joint: 6.83802e-01  sse_joint: 2.34833e+01  ce_labels_joint: 1.06578e-03  kld_vamb_joint: 4.64253e+00  kld_labels_joint: 7.80118e+00  correct_labels_joint: 0.00000e+00  loss: 9.48683e-01
2026-07-29 04:06:39.127 | INFO    | 		Epoch: 92  loss_vamb: 4.76924e-01  ab_vamb: 9.83791e-03  ce_vamb: 4.18436e-01  sse_vamb: 3.67079e-02  kld_vamb: 1.15694e-02  loss_labels: 5.93639e-03  ce_labels_labels: 6.27858e-04  kld_labels: 3.39746e+01  correct_labels_labels: 0.00000e+00  loss_joint: 4.63206e-01  ce_joint: 6.83720e-01  sse_joint: 2.35692e+01  ce_labels_joint: 3.84383e-04  kld_vamb_joint: 4.66925e+00  kld_labels_joint: 7.74861e+00  correct_labels_joint: 0.00000e+00  loss: 9.46066e-01
2026-07-29 04:06:43.491 | INFO    | 		Epoch: 93  loss_vamb: 4.76756e-01  ab_vamb: 9.79461e-03  ce_vamb: 4.18502e-01  sse_vamb: 3.65266e-02  kld_vamb: 1.15619e-02  loss_labels: 5.69013e-03  ce_labels_labels: 2.85879e-04  kld_labels: 3.45872e+01  correct_labels_labels: 0.00000e+00  loss_joint: 4.63033e-01  ce_joint: 6.83580e-01  sse_joint: 2.34557e+01  ce_labels_joint: 3.74087e-04  kld_vamb_joint: 4.66708e+00  kld_labels_joint: 7.75246e+00  correct_labels_joint: 0.00000e+00  loss: 9.45479e-01
2026-07-29 04:06:47.977 | INFO    | 		Epoch: 94  loss_vamb: 4.76648e-01  ab_vamb: 9.59642e-03  ce_vamb: 4.18481e-01  sse_vamb: 3.65670e-02  kld_vamb: 1.15320e-02  loss_labels: 5.36677e-03  ce_labels_labels: 1.56843e-04  kld_labels: 3.33435e+01  correct_labels_labels: 0.00000e+00  loss_joint: 4.63000e-01  ce_joint: 6.83651e-01  sse_joint: 2.33425e+01  ce_labels_joint: 5.13095e-04  kld_vamb_joint: 4.65243e+00  kld_labels_joint: 7.81926e+00  correct_labels_joint: 0.00000e+00  loss: 9.45015e-01
2026-07-29 04:06:52.436 | INFO    | 		Epoch: 95  loss_vamb: 4.76243e-01  ab_vamb: 1.00786e-02  ce_vamb: 4.18446e-01  sse_vamb: 3.63416e-02  kld_vamb: 1.15309e-02  loss_labels: 5.44687e-03  ce_labels_labels: 6.47867e-04  kld_labels: 3.07136e+01  correct_labels_labels: 0.00000e+00  loss_joint: 4.62391e-01  ce_joint: 6.83680e-01  sse_joint: 2.32947e+01  ce_labels_joint: 3.08645e-04  kld_vamb_joint: 4.62218e+00  kld_labels_joint: 7.91848e+00  correct_labels_joint: 0.00000e+00  loss: 9.44081e-01
2026-07-29 04:06:57.032 | INFO    | 		Epoch: 96  loss_vamb: 4.75548e-01  ab_vamb: 9.49639e-03  ce_vamb: 4.18376e-01  sse_vamb: 3.63595e-02  kld_vamb: 1.15777e-02  loss_labels: 5.50660e-03  ce_labels_labels: 8.78401e-04  kld_labels: 2.96204e+01  correct_labels_labels: 0.00000e+00  loss_joint: 4.61747e-01  ce_joint: 6.83532e-01  sse_joint: 2.31482e+01  ce_labels_joint: 4.45819e-04  kld_vamb_joint: 4.59859e+00  kld_labels_joint: 7.98111e+00  correct_labels_joint: 0.00000e+00  loss: 9.42801e-01
2026-07-29 04:07:01.359 | INFO    | 		Epoch: 97  loss_vamb: 4.77104e-01  ab_vamb: 9.51741e-03  ce_vamb: 4.18478e-01  sse_vamb: 3.64057e-02  kld_vamb: 1.15576e-02  loss_labels: 5.75821e-03  ce_labels_labels: 7.07541e-04  kld_labels: 3.23243e+01  correct_labels_labels: 0.00000e+00  loss_joint: 4.62968e-01  ce_joint: 6.83483e-01  sse_joint: 2.31617e+01  ce_labels_joint: 4.19920e-04  kld_vamb_joint: 4.58868e+00  kld_labels_joint: 7.89815e+00  correct_labels_joint: 0.00000e+00  loss: 9.45830e-01
2026-07-29 04:07:05.894 | INFO    | 		Epoch: 98  loss_vamb: 4.76566e-01  ab_vamb: 1.04063e-02  ce_vamb: 4.18310e-01  sse_vamb: 3.64732e-02  kld_vamb: 1.15401e-02  loss_labels: 6.34393e-03  ce_labels_labels: 9.92794e-04  kld_labels: 3.42472e+01  correct_labels_labels: 0.00000e+00  loss_joint: 4.62445e-01  ce_joint: 6.83362e-01  sse_joint: 2.31515e+01  ce_labels_joint: 3.83046e-04  kld_vamb_joint: 4.59183e+00  kld_labels_joint: 7.87057e+00  correct_labels_joint: 0.00000e+00  loss: 9.45354e-01
2026-07-29 04:07:10.332 | INFO    | 		Epoch: 99  loss_vamb: 4.77202e-01  ab_vamb: 1.06534e-02  ce_vamb: 4.18428e-01  sse_vamb: 3.64281e-02  kld_vamb: 1.15524e-02  loss_labels: 5.76732e-03  ce_labels_labels: 4.23610e-04  kld_labels: 3.41998e+01  correct_labels_labels: 0.00000e+00  loss_joint: 4.63277e-01  ce_joint: 6.83392e-01  sse_joint: 2.31971e+01  ce_labels_joint: 4.68544e-04  kld_vamb_joint: 4.59385e+00  kld_labels_joint: 7.85734e+00  correct_labels_joint: 0.00000e+00  loss: 9.46246e-01
2026-07-29 04:07:14.889 | INFO    | 		Epoch: 100  loss_vamb: 4.77453e-01  ab_vamb: 1.14638e-02  ce_vamb: 4.18424e-01  sse_vamb: 3.64625e-02  kld_vamb: 1.15630e-02  loss_labels: 5.61990e-03  ce_labels_labels: 5.89656e-04  kld_labels: 3.21936e+01  correct_labels_labels: 0.00000e+00  loss_joint: 4.63156e-01  ce_joint: 6.83361e-01  sse_joint: 2.31334e+01  ce_labels_joint: 5.56237e-04  kld_vamb_joint: 4.58573e+00  kld_labels_joint: 7.92637e+00  correct_labels_joint: 0.00000e+00  loss: 9.46230e-01
2026-07-29 04:07:19.335 | INFO    | 		Epoch: 101  loss_vamb: 4.76175e-01  ab_vamb: 9.87876e-03  ce_vamb: 4.18429e-01  sse_vamb: 3.66100e-02  kld_vamb: 1.15057e-02  loss_labels: 5.19321e-03  ce_labels_labels: 4.06676e-04  kld_labels: 3.06338e+01  correct_labels_labels: 0.00000e+00  loss_joint: 4.61966e-01  ce_joint: 6.83328e-01  sse_joint: 2.32441e+01  ce_labels_joint: 3.95045e-04  kld_vamb_joint: 4.60784e+00  kld_labels_joint: 7.98772e+00  correct_labels_joint: 0.00000e+00  loss: 9.43334e-01
2026-07-29 04:07:23.706 | INFO    | 		Epoch: 102  loss_vamb: 4.76906e-01  ab_vamb: 1.10944e-02  ce_vamb: 4.18308e-01  sse_vamb: 3.63336e-02  kld_vamb: 1.15119e-02  loss_labels: 5.41229e-03  ce_labels_labels: 7.83652e-04  kld_labels: 2.96233e+01  correct_labels_labels: 0.00000e+00  loss_joint: 4.64594e-01  ce_joint: 6.83222e-01  sse_joint: 2.31732e+01  ce_labels_joint: 1.81497e-03  kld_vamb_joint: 4.60939e+00  kld_labels_joint: 8.03871e+00  correct_labels_joint: 0.00000e+00  loss: 9.46912e-01
2026-07-29 04:07:27.756 | INFO    | 		Epoch: 103  loss_vamb: 4.76815e-01  ab_vamb: 1.08743e-02  ce_vamb: 4.18389e-01  sse_vamb: 3.62553e-02  kld_vamb: 1.14925e-02  loss_labels: 5.35529e-03  ce_labels_labels: 7.34032e-04  kld_labels: 2.95760e+01  correct_labels_labels: 0.00000e+00  loss_joint: 4.63783e-01  ce_joint: 6.83222e-01  sse_joint: 2.30952e+01  ce_labels_joint: 1.71479e-03  kld_vamb_joint: 4.62376e+00  kld_labels_joint: 8.00080e+00  correct_labels_joint: 0.00000e+00  loss: 9.45953e-01
2026-07-29 04:07:32.236 | INFO    | 		Epoch: 104  loss_vamb: 4.77456e-01  ab_vamb: 1.06116e-02  ce_vamb: 4.18486e-01  sse_vamb: 3.62286e-02  kld_vamb: 1.15535e-02  loss_labels: 5.30005e-03  ce_labels_labels: 5.36609e-04  kld_labels: 3.04860e+01  correct_labels_labels: 0.00000e+00  loss_joint: 4.63720e-01  ce_joint: 6.83374e-01  sse_joint: 2.30332e+01  ce_labels_joint: 6.13953e-04  kld_vamb_joint: 4.62597e+00  kld_labels_joint: 7.96393e+00  correct_labels_joint: 0.00000e+00  loss: 9.46477e-01
2026-07-29 04:07:36.581 | INFO    | 		Epoch: 105  loss_vamb: 4.76750e-01  ab_vamb: 1.04286e-02  ce_vamb: 4.18287e-01  sse_vamb: 3.62966e-02  kld_vamb: 1.15698e-02  loss_labels: 5.61039e-03  ce_labels_labels: 8.84542e-04  kld_labels: 3.02454e+01  correct_labels_labels: 0.00000e+00  loss_joint: 4.63011e-01  ce_joint: 6.83102e-01  sse_joint: 2.31157e+01  ce_labels_joint: 6.31324e-04  kld_vamb_joint: 4.59031e+00  kld_labels_joint: 7.95325e+00  correct_labels_joint: 0.00000e+00  loss: 9.45371e-01
2026-07-29 04:07:40.954 | INFO    | 		Epoch: 106  loss_vamb: 4.75726e-01  ab_vamb: 9.94122e-03  ce_vamb: 4.18259e-01  sse_vamb: 3.62021e-02  kld_vamb: 1.15718e-02  loss_labels: 5.28767e-03  ce_labels_labels: 4.47554e-04  kld_labels: 3.09767e+01  correct_labels_labels: 0.00000e+00  loss_joint: 4.62580e-01  ce_joint: 6.83083e-01  sse_joint: 2.31039e+01  ce_labels_joint: 7.82839e-04  kld_vamb_joint: 4.58016e+00  kld_labels_joint: 7.91424e+00  correct_labels_joint: 0.00000e+00  loss: 9.43594e-01
2026-07-29 04:07:45.482 | INFO    | 		Epoch: 107  loss_vamb: 4.76955e-01  ab_vamb: 1.07406e-02  ce_vamb: 4.18244e-01  sse_vamb: 3.61226e-02  kld_vamb: 1.15486e-02  loss_labels: 5.21769e-03  ce_labels_labels: 3.99687e-04  kld_labels: 3.08352e+01  correct_labels_labels: 0.00000e+00  loss_joint: 4.63445e-01  ce_joint: 6.83018e-01  sse_joint: 2.30137e+01  ce_labels_joint: 7.46126e-04  kld_vamb_joint: 4.60446e+00  kld_labels_joint: 7.97829e+00  correct_labels_joint: 0.00000e+00  loss: 9.45618e-01
2026-07-29 04:07:50.037 | INFO    | 		Epoch: 108  loss_vamb: 4.75692e-01  ab_vamb: 9.93396e-03  ce_vamb: 4.18421e-01  sse_vamb: 3.62507e-02  kld_vamb: 1.15329e-02  loss_labels: 5.72322e-03  ce_labels_labels: 1.06846e-03  kld_labels: 2.97905e+01  correct_labels_labels: 0.00000e+00  loss_joint: 4.61917e-01  ce_joint: 6.83560e-01  sse_joint: 2.29967e+01  ce_labels_joint: 4.62341e-04  kld_vamb_joint: 4.62879e+00  kld_labels_joint: 7.98545e+00  correct_labels_joint: 0.00000e+00  loss: 9.43332e-01
2026-07-29 04:07:54.460 | INFO    | 		Epoch: 109  loss_vamb: 4.77921e-01  ab_vamb: 1.16129e-02  ce_vamb: 4.18396e-01  sse_vamb: 3.63001e-02  kld_vamb: 1.15292e-02  loss_labels: 5.34784e-03  ce_labels_labels: 7.19923e-04  kld_labels: 2.96187e+01  correct_labels_labels: 0.00000e+00  loss_joint: 4.66074e-01  ce_joint: 6.83684e-01  sse_joint: 2.31392e+01  ce_labels_joint: 2.27143e-03  kld_vamb_joint: 4.62027e+00  kld_labels_joint: 7.96316e+00  correct_labels_joint: 0.00000e+00  loss: 9.49343e-01
2026-07-29 04:07:58.780 | INFO    | 		Epoch: 110  loss_vamb: 4.77552e-01  ab_vamb: 1.12618e-02  ce_vamb: 4.18411e-01  sse_vamb: 3.62289e-02  kld_vamb: 1.15780e-02  loss_labels: 5.19643e-03  ce_labels_labels: 3.91167e-04  kld_labels: 3.07537e+01  correct_labels_labels: 0.00000e+00  loss_joint: 4.64163e-01  ce_joint: 6.83696e-01  sse_joint: 2.31417e+01  ce_labels_joint: 7.02182e-04  kld_vamb_joint: 4.65127e+00  kld_labels_joint: 7.90419e+00  correct_labels_joint: 0.00000e+00  loss: 9.46911e-01
2026-07-29 04:08:03.374 | INFO    | 		Epoch: 111  loss_vamb: 4.78636e-01  ab_vamb: 1.19308e-02  ce_vamb: 4.18430e-01  sse_vamb: 3.63180e-02  kld_vamb: 1.16090e-02  loss_labels: 5.26825e-03  ce_labels_labels: 4.25914e-04  kld_labels: 3.09909e+01  correct_labels_labels: 0.00000e+00  loss_joint: 4.65402e-01  ce_joint: 6.83594e-01  sse_joint: 2.30615e+01  ce_labels_joint: 1.01714e-03  kld_vamb_joint: 4.60661e+00  kld_labels_joint: 7.88297e+00  correct_labels_joint: 0.00000e+00  loss: 9.49306e-01
2026-07-29 04:08:07.833 | INFO    | 		Epoch: 112  loss_vamb: 4.75621e-01  ab_vamb: 9.96011e-03  ce_vamb: 4.18411e-01  sse_vamb: 3.61142e-02  kld_vamb: 1.15584e-02  loss_labels: 5.11704e-03  ce_labels_labels: 4.34901e-04  kld_labels: 2.99657e+01  correct_labels_labels: 0.00000e+00  loss_joint: 4.62376e-01  ce_joint: 6.83430e-01  sse_joint: 2.31468e+01  ce_labels_joint: 9.56906e-04  kld_vamb_joint: 4.59586e+00  kld_labels_joint: 7.91136e+00  correct_labels_joint: 0.00000e+00  loss: 9.43113e-01
2026-07-29 04:08:12.322 | INFO    | 		Epoch: 113  loss_vamb: 4.75874e-01  ab_vamb: 1.02860e-02  ce_vamb: 4.18274e-01  sse_vamb: 3.62059e-02  kld_vamb: 1.16279e-02  loss_labels: 5.43176e-03  ce_labels_labels: 9.14434e-04  kld_labels: 2.89109e+01  correct_labels_labels: 0.00000e+00  loss_joint: 4.62689e-01  ce_joint: 6.83289e-01  sse_joint: 2.31083e+01  ce_labels_joint: 8.07317e-04  kld_vamb_joint: 4.62580e+00  kld_labels_joint: 7.97627e+00  correct_labels_joint: 0.00000e+00  loss: 9.43995e-01
2026-07-29 04:08:16.809 | INFO    | 		Epoch: 114  loss_vamb: 4.75874e-01  ab_vamb: 1.02712e-02  ce_vamb: 4.18309e-01  sse_vamb: 3.61915e-02  kld_vamb: 1.15968e-02  loss_labels: 5.07423e-03  ce_labels_labels: 5.28271e-04  kld_labels: 2.90941e+01  correct_labels_labels: 0.00000e+00  loss_joint: 4.62495e-01  ce_joint: 6.83229e-01  sse_joint: 2.30735e+01  ce_labels_joint: 5.81226e-04  kld_vamb_joint: 4.63028e+00  kld_labels_joint: 7.99886e+00  correct_labels_joint: 0.00000e+00  loss: 9.43443e-01
2026-07-29 04:08:21.170 | INFO    | 		Epoch: 115  loss_vamb: 4.76105e-01  ab_vamb: 1.01192e-02  ce_vamb: 4.18364e-01  sse_vamb: 3.62348e-02  kld_vamb: 1.15440e-02  loss_labels: 6.09509e-03  ce_labels_labels: 1.42230e-03  kld_labels: 2.99059e+01  correct_labels_labels: 0.00000e+00  loss_joint: 4.62095e-01  ce_joint: 6.83186e-01  sse_joint: 2.30690e+01  ce_labels_joint: 3.82459e-04  kld_vamb_joint: 4.64156e+00  kld_labels_joint: 7.99800e+00  correct_labels_joint: 0.00000e+00  loss: 9.44295e-01
2026-07-29 04:08:25.572 | INFO    | 		Epoch: 116  loss_vamb: 4.76860e-01  ab_vamb: 1.06883e-02  ce_vamb: 4.18270e-01  sse_vamb: 3.60722e-02  kld_vamb: 1.15250e-02  loss_labels: 5.29154e-03  ce_labels_labels: 4.10141e-04  kld_labels: 3.12410e+01  correct_labels_labels: 0.00000e+00  loss_joint: 4.62825e-01  ce_joint: 6.83039e-01  sse_joint: 2.30810e+01  ce_labels_joint: 4.54256e-04  kld_vamb_joint: 4.65768e+00  kld_labels_joint: 8.00615e+00  correct_labels_joint: 0.00000e+00  loss: 9.44977e-01
2026-07-29 04:08:29.885 | INFO    | 		Epoch: 117  loss_vamb: 4.76540e-01  ab_vamb: 1.06738e-02  ce_vamb: 4.18173e-01  sse_vamb: 3.63584e-02  kld_vamb: 1.15504e-02  loss_labels: 5.51041e-03  ce_labels_labels: 5.97910e-04  kld_labels: 3.14400e+01  correct_labels_labels: 0.00000e+00  loss_joint: 4.62101e-01  ce_joint: 6.82933e-01  sse_joint: 2.30202e+01  ce_labels_joint: 4.62669e-04  kld_vamb_joint: 4.65831e+00  kld_labels_joint: 8.04526e+00  correct_labels_joint: 0.00000e+00  loss: 9.44152e-01
2026-07-29 04:08:34.030 | INFO    | 		Epoch: 118  loss_vamb: 4.75472e-01  ab_vamb: 9.51885e-03  ce_vamb: 4.18247e-01  sse_vamb: 3.59871e-02  kld_vamb: 1.16608e-02  loss_labels: 5.39405e-03  ce_labels_labels: 5.49273e-04  kld_labels: 3.10066e+01  correct_labels_labels: 0.00000e+00  loss_joint: 4.61300e-01  ce_joint: 6.82922e-01  sse_joint: 2.28966e+01  ce_labels_joint: 4.49785e-04  kld_vamb_joint: 4.61800e+00  kld_labels_joint: 8.05403e+00  correct_labels_joint: 0.00000e+00  loss: 9.42166e-01
2026-07-29 04:08:38.269 | INFO    | 		Epoch: 119  loss_vamb: 4.75730e-01  ab_vamb: 1.01140e-02  ce_vamb: 4.18329e-01  sse_vamb: 3.60668e-02  kld_vamb: 1.16309e-02  loss_labels: 5.61770e-03  ce_labels_labels: 6.85948e-04  kld_labels: 3.15632e+01  correct_labels_labels: 0.00000e+00  loss_joint: 4.61242e-01  ce_joint: 6.83007e-01  sse_joint: 2.27896e+01  ce_labels_joint: 4.63889e-04  kld_vamb_joint: 4.62766e+00  kld_labels_joint: 8.04017e+00  correct_labels_joint: 0.00000e+00  loss: 9.42590e-01
2026-07-29 04:08:42.408 | INFO    | 		Epoch: 120  loss_vamb: 4.75055e-01  ab_vamb: 9.18563e-03  ce_vamb: 4.18271e-01  sse_vamb: 3.57494e-02  kld_vamb: 1.15868e-02  loss_labels: 5.33665e-03  ce_labels_labels: 2.86787e-04  kld_labels: 3.23192e+01  correct_labels_labels: 0.00000e+00  loss_joint: 4.61197e-01  ce_joint: 6.82878e-01  sse_joint: 2.27046e+01  ce_labels_joint: 4.73297e-04  kld_vamb_joint: 4.63459e+00  kld_labels_joint: 8.01252e+00  correct_labels_joint: 0.00000e+00  loss: 9.41589e-01
2026-07-29 04:08:46.704 | INFO    | 		Epoch: 121  loss_vamb: 4.75770e-01  ab_vamb: 9.70863e-03  ce_vamb: 4.18190e-01  sse_vamb: 3.59270e-02  kld_vamb: 1.15175e-02  loss_labels: 5.61319e-03  ce_labels_labels: 7.49612e-04  kld_labels: 3.11269e+01  correct_labels_labels: 0.00000e+00  loss_joint: 4.62134e-01  ce_joint: 6.82814e-01  sse_joint: 2.28301e+01  ce_labels_joint: 8.73961e-04  kld_vamb_joint: 4.68110e+00  kld_labels_joint: 8.05034e+00  correct_labels_joint: 0.00000e+00  loss: 9.43517e-01
2026-07-29 04:08:51.056 | INFO    | 		Epoch: 122  loss_vamb: 4.76072e-01  ab_vamb: 1.06530e-02  ce_vamb: 4.18242e-01  sse_vamb: 3.59295e-02  kld_vamb: 1.14670e-02  loss_labels: 5.59458e-03  ce_labels_labels: 9.25079e-04  kld_labels: 2.98848e+01  correct_labels_labels: 0.00000e+00  loss_joint: 4.63040e-01  ce_joint: 6.82751e-01  sse_joint: 2.28265e+01  ce_labels_joint: 1.17687e-03  kld_vamb_joint: 4.72325e+00  kld_labels_joint: 8.10557e+00  correct_labels_joint: 0.00000e+00  loss: 9.44707e-01
2026-07-29 04:08:55.785 | INFO    | 		Epoch: 123  loss_vamb: 4.75471e-01  ab_vamb: 9.45696e-03  ce_vamb: 4.18302e-01  sse_vamb: 3.60466e-02  kld_vamb: 1.15038e-02  loss_labels: 6.11061e-03  ce_labels_labels: 1.19569e-03  kld_labels: 3.14555e+01  correct_labels_labels: 0.00000e+00  loss_joint: 4.61883e-01  ce_joint: 6.82880e-01  sse_joint: 2.28393e+01  ce_labels_joint: 1.12565e-03  kld_vamb_joint: 4.71633e+00  kld_labels_joint: 8.04875e+00  correct_labels_joint: 0.00000e+00  loss: 9.43465e-01
2026-07-29 04:09:00.151 | INFO    | 		Epoch: 124  loss_vamb: 4.78099e-01  ab_vamb: 1.24492e-02  ce_vamb: 4.18207e-01  sse_vamb: 3.57760e-02  kld_vamb: 1.15505e-02  loss_labels: 6.02410e-03  ce_labels_labels: 5.63667e-04  kld_labels: 3.49468e+01  correct_labels_labels: 0.00000e+00  loss_joint: 4.64419e-01  ce_joint: 6.82708e-01  sse_joint: 2.27415e+01  ce_labels_joint: 1.58982e-03  kld_vamb_joint: 4.71420e+00  kld_labels_joint: 7.98331e+00  correct_labels_joint: 0.00000e+00  loss: 9.48542e-01
2026-07-29 04:09:04.374 | INFO    | 		Epoch: 125  loss_vamb: 4.76464e-01  ab_vamb: 1.09068e-02  ce_vamb: 4.18296e-01  sse_vamb: 3.59966e-02  kld_vamb: 1.14964e-02  loss_labels: 6.34721e-03  ce_labels_labels: 7.79647e-04  kld_labels: 3.56324e+01  correct_labels_labels: 0.00000e+00  loss_joint: 4.63465e-01  ce_joint: 6.82780e-01  sse_joint: 2.28903e+01  ce_labels_joint: 2.08352e-03  kld_vamb_joint: 4.69311e+00  kld_labels_joint: 7.94852e+00  correct_labels_joint: 0.00000e+00  loss: 9.46277e-01
2026-07-29 04:09:08.454 | INFO    | 		Epoch: 126  loss_vamb: 4.74304e-01  ab_vamb: 9.02679e-03  ce_vamb: 4.18252e-01  sse_vamb: 3.59027e-02  kld_vamb: 1.15238e-02  loss_labels: 5.66191e-03  ce_labels_labels: 3.85302e-04  kld_labels: 3.37703e+01  correct_labels_labels: 0.00000e+00  loss_joint: 4.61767e-01  ce_joint: 6.82672e-01  sse_joint: 2.28700e+01  ce_labels_joint: 1.02601e-03  kld_vamb_joint: 4.67044e+00  kld_labels_joint: 7.97137e+00  correct_labels_joint: 0.00000e+00  loss: 9.41732e-01
2026-07-29 04:09:12.932 | INFO    | 		Epoch: 127  loss_vamb: 4.75062e-01  ab_vamb: 1.00249e-02  ce_vamb: 4.18176e-01  sse_vamb: 3.58552e-02  kld_vamb: 1.15389e-02  loss_labels: 5.41980e-03  ce_labels_labels: 5.17929e-04  kld_labels: 3.13720e+01  correct_labels_labels: 0.00000e+00  loss_joint: 4.61106e-01  ce_joint: 6.82626e-01  sse_joint: 2.27524e+01  ce_labels_joint: 7.50496e-04  kld_vamb_joint: 4.65922e+00  kld_labels_joint: 8.04182e+00  correct_labels_joint: 0.00000e+00  loss: 9.41588e-01
2026-07-29 04:09:17.400 | INFO    | 		Epoch: 128  loss_vamb: 4.74118e-01  ab_vamb: 9.33798e-03  ce_vamb: 4.18129e-01  sse_vamb: 3.57717e-02  kld_vamb: 1.15867e-02  loss_labels: 5.16759e-03  ce_labels_labels: 5.56277e-04  kld_labels: 2.95124e+01  correct_labels_labels: 0.00000e+00  loss_joint: 4.60749e-01  ce_joint: 6.82530e-01  sse_joint: 2.27705e+01  ce_labels_joint: 9.63136e-04  kld_vamb_joint: 4.65031e+00  kld_labels_joint: 8.10232e+00  correct_labels_joint: 0.00000e+00  loss: 9.40035e-01
2026-07-29 04:09:21.735 | INFO    | 		Epoch: 129  loss_vamb: 4.75434e-01  ab_vamb: 9.14888e-03  ce_vamb: 4.18192e-01  sse_vamb: 3.58582e-02  kld_vamb: 1.16003e-02  loss_labels: 5.38546e-03  ce_labels_labels: 7.60903e-04  kld_labels: 2.95972e+01  correct_labels_labels: 0.00000e+00  loss_joint: 4.61033e-01  ce_joint: 6.82597e-01  sse_joint: 2.26234e+01  ce_labels_joint: 4.45293e-04  kld_vamb_joint: 4.67736e+00  kld_labels_joint: 8.13902e+00  correct_labels_joint: 0.00000e+00  loss: 9.41852e-01
2026-07-29 04:09:25.802 | INFO    | 		Epoch: 130  loss_vamb: 4.75386e-01  ab_vamb: 1.00400e-02  ce_vamb: 4.18129e-01  sse_vamb: 3.58064e-02  kld_vamb: 1.14954e-02  loss_labels: 5.22754e-03  ce_labels_labels: 5.07903e-04  kld_labels: 3.02057e+01  correct_labels_labels: 0.00000e+00  loss_joint: 4.61014e-01  ce_joint: 6.82411e-01  sse_joint: 2.26947e+01  ce_labels_joint: 5.87369e-04  kld_vamb_joint: 4.70111e+00  kld_labels_joint: 8.15097e+00  correct_labels_joint: 0.00000e+00  loss: 9.41627e-01
2026-07-29 04:09:30.096 | INFO    | 		Epoch: 131  loss_vamb: 4.74153e-01  ab_vamb: 9.28006e-03  ce_vamb: 4.18167e-01  sse_vamb: 3.60348e-02  kld_vamb: 1.15171e-02  loss_labels: 5.58232e-03  ce_labels_labels: 8.73261e-04  kld_labels: 3.01380e+01  correct_labels_labels: 0.00000e+00  loss_joint: 4.60336e-01  ce_joint: 6.82559e-01  sse_joint: 2.26603e+01  ce_labels_joint: 7.44292e-04  kld_vamb_joint: 4.71093e+00  kld_labels_joint: 8.15918e+00  correct_labels_joint: 0.00000e+00  loss: 9.40071e-01
2026-07-29 04:09:34.342 | INFO    | 		Epoch: 132  loss_vamb: 4.75484e-01  ab_vamb: 9.67204e-03  ce_vamb: 4.18189e-01  sse_vamb: 3.60338e-02  kld_vamb: 1.15399e-02  loss_labels: 5.24362e-03  ce_labels_labels: 4.25465e-04  kld_labels: 3.08362e+01  correct_labels_labels: 0.00000e+00  loss_joint: 4.60952e-01  ce_joint: 6.82346e-01  sse_joint: 2.27717e+01  ce_labels_joint: 3.99219e-04  kld_vamb_joint: 4.73525e+00  kld_labels_joint: 8.17873e+00  correct_labels_joint: 0.00000e+00  loss: 9.41679e-01
2026-07-29 04:09:38.704 | INFO    | 		Epoch: 133  loss_vamb: 4.75641e-01  ab_vamb: 1.03266e-02  ce_vamb: 4.18197e-01  sse_vamb: 3.60117e-02  kld_vamb: 1.14959e-02  loss_labels: 5.27746e-03  ce_labels_labels: 5.07284e-04  kld_labels: 3.05292e+01  correct_labels_labels: 0.00000e+00  loss_joint: 4.61705e-01  ce_joint: 6.82495e-01  sse_joint: 2.27872e+01  ce_labels_joint: 5.78025e-04  kld_vamb_joint: 4.73224e+00  kld_labels_joint: 8.18465e+00  correct_labels_joint: 0.00000e+00  loss: 9.42623e-01
2026-07-29 04:09:43.173 | INFO    | 		Epoch: 134  loss_vamb: 4.75559e-01  ab_vamb: 1.05847e-02  ce_vamb: 4.18139e-01  sse_vamb: 3.58564e-02  kld_vamb: 1.14728e-02  loss_labels: 5.71881e-03  ce_labels_labels: 9.19157e-04  kld_labels: 3.07178e+01  correct_labels_labels: 0.00000e+00  loss_joint: 4.61359e-01  ce_joint: 6.82344e-01  sse_joint: 2.26732e+01  ce_labels_joint: 8.44941e-04  kld_vamb_joint: 4.73606e+00  kld_labels_joint: 8.19976e+00  correct_labels_joint: 0.00000e+00  loss: 9.42637e-01
2026-07-29 04:09:47.498 | INFO    | 		Epoch: 135  loss_vamb: 4.76182e-01  ab_vamb: 1.00555e-02  ce_vamb: 4.18163e-01  sse_vamb: 3.58816e-02  kld_vamb: 1.15557e-02  loss_labels: 5.66183e-03  ce_labels_labels: 8.04412e-04  kld_labels: 3.10875e+01  correct_labels_labels: 0.00000e+00  loss_joint: 4.61450e-01  ce_joint: 6.82541e-01  sse_joint: 2.26198e+01  ce_labels_joint: 4.81186e-04  kld_vamb_joint: 4.70157e+00  kld_labels_joint: 8.19845e+00  correct_labels_joint: 0.00000e+00  loss: 9.43293e-01
2026-07-29 04:09:52.105 | INFO    | 		Epoch: 136  loss_vamb: 4.76973e-01  ab_vamb: 1.06516e-02  ce_vamb: 4.18282e-01  sse_vamb: 3.58086e-02  kld_vamb: 1.16183e-02  loss_labels: 5.72333e-03  ce_labels_labels: 7.64911e-04  kld_labels: 3.17339e+01  correct_labels_labels: 0.00000e+00  loss_joint: 4.62573e-01  ce_joint: 6.82482e-01  sse_joint: 2.25906e+01  ce_labels_joint: 5.48913e-04  kld_vamb_joint: 4.68964e+00  kld_labels_joint: 8.18297e+00  correct_labels_joint: 0.00000e+00  loss: 9.45269e-01
2026-07-29 04:09:56.319 | INFO    | 		Epoch: 137  loss_vamb: 4.75787e-01  ab_vamb: 9.79132e-03  ce_vamb: 4.18211e-01  sse_vamb: 3.58113e-02  kld_vamb: 1.16126e-02  loss_labels: 5.52255e-03  ce_labels_labels: 6.46765e-04  kld_labels: 3.12051e+01  correct_labels_labels: 0.00000e+00  loss_joint: 4.61323e-01  ce_joint: 6.82482e-01  sse_joint: 2.26486e+01  ce_labels_joint: 6.41285e-04  kld_vamb_joint: 4.69961e+00  kld_labels_joint: 8.19619e+00  correct_labels_joint: 0.00000e+00  loss: 9.42632e-01
2026-07-29 04:10:01.353 | INFO    | 		Epoch: 138  loss_vamb: 4.74560e-01  ab_vamb: 9.52687e-03  ce_vamb: 4.18147e-01  sse_vamb: 3.57633e-02  kld_vamb: 1.14993e-02  loss_labels: 5.11844e-03  ce_labels_labels: 3.72397e-04  kld_labels: 3.03747e+01  correct_labels_labels: 0.00000e+00  loss_joint: 4.60576e-01  ce_joint: 6.82361e-01  sse_joint: 2.25846e+01  ce_labels_joint: 4.06640e-04  kld_vamb_joint: 4.72179e+00  kld_labels_joint: 8.21021e+00  correct_labels_joint: 0.00000e+00  loss: 9.40254e-01
2026-07-29 04:10:05.696 | INFO    | 		Epoch: 139  loss_vamb: 4.75047e-01  ab_vamb: 9.50468e-03  ce_vamb: 4.18171e-01  sse_vamb: 3.58444e-02  kld_vamb: 1.14307e-02  loss_labels: 4.96535e-03  ce_labels_labels: 3.64456e-04  kld_labels: 2.94457e+01  correct_labels_labels: 0.00000e+00  loss_joint: 4.60506e-01  ce_joint: 6.82411e-01  sse_joint: 2.25467e+01  ce_labels_joint: 2.84972e-04  kld_vamb_joint: 4.75766e+00  kld_labels_joint: 8.27520e+00  correct_labels_joint: 0.00000e+00  loss: 9.40519e-01
2026-07-29 04:10:09.841 | INFO    | 		Epoch: 140  loss_vamb: 4.74900e-01  ab_vamb: 1.02719e-02  ce_vamb: 4.18125e-01  sse_vamb: 3.58111e-02  kld_vamb: 1.14830e-02  loss_labels: 4.85022e-03  ce_labels_labels: 3.99556e-04  kld_labels: 2.84842e+01  correct_labels_labels: 0.00000e+00  loss_joint: 4.60002e-01  ce_joint: 6.82393e-01  sse_joint: 2.24791e+01  ce_labels_joint: 4.06140e-04  kld_vamb_joint: 4.71771e+00  kld_labels_joint: 8.29887e+00  correct_labels_joint: 0.00000e+00  loss: 9.39752e-01
2026-07-29 04:10:13.731 | INFO    | 		Epoch: 141  loss_vamb: 4.75350e-01  ab_vamb: 1.01861e-02  ce_vamb: 4.18235e-01  sse_vamb: 3.56604e-02  kld_vamb: 1.15425e-02  loss_labels: 4.94822e-03  ce_labels_labels: 6.16709e-04  kld_labels: 2.77217e+01  correct_labels_labels: 0.00000e+00  loss_joint: 4.60834e-01  ce_joint: 6.82443e-01  sse_joint: 2.25003e+01  ce_labels_joint: 4.34849e-04  kld_vamb_joint: 4.68115e+00  kld_labels_joint: 8.31161e+00  correct_labels_joint: 0.00000e+00  loss: 9.41132e-01
2026-07-29 04:10:18.007 | INFO    | 		Epoch: 142  loss_vamb: 4.75831e-01  ab_vamb: 1.04867e-02  ce_vamb: 4.18245e-01  sse_vamb: 3.57204e-02  kld_vamb: 1.15183e-02  loss_labels: 4.83458e-03  ce_labels_labels: 3.90163e-04  kld_labels: 2.84443e+01  correct_labels_labels: 0.00000e+00  loss_joint: 4.61268e-01  ce_joint: 6.82450e-01  sse_joint: 2.24781e+01  ce_labels_joint: 5.23355e-04  kld_vamb_joint: 4.70413e+00  kld_labels_joint: 8.30886e+00  correct_labels_joint: 0.00000e+00  loss: 9.41933e-01
2026-07-29 04:10:22.878 | INFO    | 		Epoch: 143  loss_vamb: 4.76279e-01  ab_vamb: 1.05125e-02  ce_vamb: 4.18216e-01  sse_vamb: 3.55424e-02  kld_vamb: 1.14901e-02  loss_labels: 5.58401e-03  ce_labels_labels: 1.03534e-03  kld_labels: 2.91115e+01  correct_labels_labels: 0.00000e+00  loss_joint: 4.61151e-01  ce_joint: 6.82525e-01  sse_joint: 2.23060e+01  ce_labels_joint: 2.74057e-04  kld_vamb_joint: 4.73081e+00  kld_labels_joint: 8.28672e+00  correct_labels_joint: 0.00000e+00  loss: 9.43014e-01
2026-07-29 04:10:27.485 | INFO    | 		Epoch: 144  loss_vamb: 4.75507e-01  ab_vamb: 9.75166e-03  ce_vamb: 4.18229e-01  sse_vamb: 3.55519e-02  kld_vamb: 1.14727e-02  loss_labels: 6.02336e-03  ce_labels_labels: 1.28652e-03  kld_labels: 3.03158e+01  correct_labels_labels: 0.00000e+00  loss_joint: 4.60625e-01  ce_joint: 6.82390e-01  sse_joint: 2.23585e+01  ce_labels_joint: 3.78100e-04  kld_vamb_joint: 4.71961e+00  kld_labels_joint: 8.24458e+00  correct_labels_joint: 0.00000e+00  loss: 9.42155e-01
2026-07-29 04:10:32.233 | INFO    | 		Epoch: 145  loss_vamb: 4.76720e-01  ab_vamb: 1.05981e-02  ce_vamb: 4.18133e-01  sse_vamb: 3.56337e-02  kld_vamb: 1.15451e-02  loss_labels: 5.55423e-03  ce_labels_labels: 6.07834e-04  kld_labels: 3.16569e+01  correct_labels_labels: 0.00000e+00  loss_joint: 4.61516e-01  ce_joint: 6.82189e-01  sse_joint: 2.23685e+01  ce_labels_joint: 3.81592e-04  kld_vamb_joint: 4.69386e+00  kld_labels_joint: 8.24046e+00  correct_labels_joint: 0.00000e+00  loss: 9.43790e-01
2026-07-29 04:10:36.806 | INFO    | 		Epoch: 146  loss_vamb: 4.74800e-01  ab_vamb: 9.68433e-03  ce_vamb: 4.18163e-01  sse_vamb: 3.57598e-02  kld_vamb: 1.15417e-02  loss_labels: 5.87003e-03  ce_labels_labels: 7.98598e-04  kld_labels: 3.24572e+01  correct_labels_labels: 0.00000e+00  loss_joint: 4.60376e-01  ce_joint: 6.82224e-01  sse_joint: 2.23330e+01  ce_labels_joint: 1.06136e-03  kld_vamb_joint: 4.67531e+00  kld_labels_joint: 8.19777e+00  correct_labels_joint: 0.00000e+00  loss: 9.41045e-01
2026-07-29 04:10:41.252 | INFO    | 		Epoch: 147  loss_vamb: 4.74690e-01  ab_vamb: 9.23605e-03  ce_vamb: 4.18162e-01  sse_vamb: 3.55595e-02  kld_vamb: 1.15412e-02  loss_labels: 5.81998e-03  ce_labels_labels: 7.38822e-04  kld_labels: 3.25194e+01  correct_labels_labels: 0.00000e+00  loss_joint: 4.60176e-01  ce_joint: 6.82184e-01  sse_joint: 2.22642e+01  ce_labels_joint: 5.79487e-04  kld_vamb_joint: 4.68105e+00  kld_labels_joint: 8.18460e+00  correct_labels_joint: 0.00000e+00  loss: 9.40685e-01
2026-07-29 04:10:45.673 | INFO    | 		Epoch: 148  loss_vamb: 4.73841e-01  ab_vamb: 9.13900e-03  ce_vamb: 4.18208e-01  sse_vamb: 3.57696e-02  kld_vamb: 1.14544e-02  loss_labels: 5.54518e-03  ce_labels_labels: 6.22319e-04  kld_labels: 3.15063e+01  correct_labels_labels: 0.00000e+00  loss_joint: 4.59472e-01  ce_joint: 6.82233e-01  sse_joint: 2.24031e+01  ce_labels_joint: 9.72536e-04  kld_vamb_joint: 4.70382e+00  kld_labels_joint: 8.23693e+00  correct_labels_joint: 0.00000e+00  loss: 9.38858e-01
2026-07-29 04:10:50.100 | INFO    | 		Epoch: 149  loss_vamb: 4.73717e-01  ab_vamb: 9.72755e-03  ce_vamb: 4.18099e-01  sse_vamb: 3.56302e-02  kld_vamb: 1.14547e-02  loss_labels: 5.51971e-03  ce_labels_labels: 6.72004e-04  kld_labels: 3.10253e+01  correct_labels_labels: 0.00000e+00  loss_joint: 4.59656e-01  ce_joint: 6.82179e-01  sse_joint: 2.23699e+01  ce_labels_joint: 9.48802e-04  kld_vamb_joint: 4.70592e+00  kld_labels_joint: 8.22305e+00  correct_labels_joint: 0.00000e+00  loss: 9.38893e-01
2026-07-29 04:10:54.237 | INFO    | 		Epoch: 150  loss_vamb: 4.75421e-01  ab_vamb: 9.38016e-03  ce_vamb: 4.18142e-01  sse_vamb: 3.52864e-02  kld_vamb: 1.15103e-02  loss_labels: 5.67613e-03  ce_labels_labels: 7.90163e-04  kld_labels: 3.12702e+01  correct_labels_labels: 0.00000e+00  loss_joint: 4.61420e-01  ce_joint: 6.82274e-01  sse_joint: 2.22105e+01  ce_labels_joint: 6.92215e-04  kld_vamb_joint: 4.67965e+00  kld_labels_joint: 8.19824e+00  correct_labels_joint: 0.00000e+00  loss: 9.42517e-01
2026-07-29 04:10:58.700 | INFO    | 		Epoch: 151  loss_vamb: 4.74724e-01  ab_vamb: 8.90251e-03  ce_vamb: 4.18137e-01  sse_vamb: 3.54038e-02  kld_vamb: 1.14971e-02  loss_labels: 5.19992e-03  ce_labels_labels: 3.32872e-04  kld_labels: 3.11491e+01  correct_labels_labels: 0.00000e+00  loss_joint: 4.60527e-01  ce_joint: 6.82335e-01  sse_joint: 2.21327e+01  ce_labels_joint: 8.94596e-04  kld_vamb_joint: 4.69874e+00  kld_labels_joint: 8.20728e+00  correct_labels_joint: 0.00000e+00  loss: 9.40451e-01
2026-07-29 04:11:03.157 | INFO    | 		Epoch: 152  loss_vamb: 4.73720e-01  ab_vamb: 8.77689e-03  ce_vamb: 4.18076e-01  sse_vamb: 3.54213e-02  kld_vamb: 1.14373e-02  loss_labels: 5.58767e-03  ce_labels_labels: 7.18725e-04  kld_labels: 3.11613e+01  correct_labels_labels: 0.00000e+00  loss_joint: 4.59448e-01  ce_joint: 6.82198e-01  sse_joint: 2.22098e+01  ce_labels_joint: 3.78606e-04  kld_vamb_joint: 4.71345e+00  kld_labels_joint: 8.17206e+00  correct_labels_joint: 0.00000e+00  loss: 9.38756e-01
2026-07-29 04:11:07.621 | INFO    | 		Epoch: 153  loss_vamb: 4.73314e-01  ab_vamb: 9.21421e-03  ce_vamb: 4.18085e-01  sse_vamb: 3.53681e-02  kld_vamb: 1.14253e-02  loss_labels: 5.24464e-03  ce_labels_labels: 3.72193e-04  kld_labels: 3.11837e+01  correct_labels_labels: 0.00000e+00  loss_joint: 4.59038e-01  ce_joint: 6.82196e-01  sse_joint: 2.22110e+01  ce_labels_joint: 6.93786e-04  kld_vamb_joint: 4.71033e+00  kld_labels_joint: 8.18094e+00  correct_labels_joint: 0.00000e+00  loss: 9.37597e-01
2026-07-29 04:11:11.882 | INFO    | 		Epoch: 154  loss_vamb: 4.73195e-01  ab_vamb: 8.89284e-03  ce_vamb: 4.18230e-01  sse_vamb: 3.52838e-02  kld_vamb: 1.14604e-02  loss_labels: 5.80251e-03  ce_labels_labels: 9.20909e-04  kld_labels: 3.12422e+01  correct_labels_labels: 0.00000e+00  loss_joint: 4.58363e-01  ce_joint: 6.82359e-01  sse_joint: 2.20649e+01  ce_labels_joint: 4.40956e-04  kld_vamb_joint: 4.70513e+00  kld_labels_joint: 8.18893e+00  correct_labels_joint: 0.00000e+00  loss: 9.37360e-01
2026-07-29 04:11:16.305 | INFO    | 		Epoch: 155  loss_vamb: 4.73640e-01  ab_vamb: 8.61218e-03  ce_vamb: 4.18085e-01  sse_vamb: 3.51352e-02  kld_vamb: 1.14775e-02  loss_labels: 5.33420e-03  ce_labels_labels: 4.48244e-04  kld_labels: 3.12701e+01  correct_labels_labels: 0.00000e+00  loss_joint: 4.59051e-01  ce_joint: 6.82164e-01  sse_joint: 2.20679e+01  ce_labels_joint: 2.36677e-04  kld_vamb_joint: 4.70220e+00  kld_labels_joint: 8.18852e+00  correct_labels_joint: 0.00000e+00  loss: 9.38025e-01
2026-07-29 04:11:20.844 | INFO    | 		Epoch: 156  loss_vamb: 4.74006e-01  ab_vamb: 8.74956e-03  ce_vamb: 4.18088e-01  sse_vamb: 3.50218e-02  kld_vamb: 1.15212e-02  loss_labels: 5.34798e-03  ce_labels_labels: 4.71902e-04  kld_labels: 3.12069e+01  correct_labels_labels: 0.00000e+00  loss_joint: 4.59648e-01  ce_joint: 6.82229e-01  sse_joint: 2.20406e+01  ce_labels_joint: 5.07144e-04  kld_vamb_joint: 4.70691e+00  kld_labels_joint: 8.20663e+00  correct_labels_joint: 0.00000e+00  loss: 9.39002e-01
2026-07-29 04:11:25.331 | INFO    | 		Epoch: 157  loss_vamb: 4.72660e-01  ab_vamb: 8.91052e-03  ce_vamb: 4.18229e-01  sse_vamb: 3.50713e-02  kld_vamb: 1.15101e-02  loss_labels: 5.28800e-03  ce_labels_labels: 4.26707e-04  kld_labels: 3.11123e+01  correct_labels_labels: 0.00000e+00  loss_joint: 4.58398e-01  ce_joint: 6.82297e-01  sse_joint: 2.21120e+01  ce_labels_joint: 4.76240e-04  kld_vamb_joint: 4.69988e+00  kld_labels_joint: 8.19900e+00  correct_labels_joint: 0.00000e+00  loss: 9.36345e-01
2026-07-29 04:11:29.718 | INFO    | 		Epoch: 158  loss_vamb: 4.73518e-01  ab_vamb: 8.29427e-03  ce_vamb: 4.18124e-01  sse_vamb: 3.50677e-02  kld_vamb: 1.15107e-02  loss_labels: 5.07323e-03  ce_labels_labels: 2.44014e-04  kld_labels: 3.09070e+01  correct_labels_labels: 0.00000e+00  loss_joint: 4.59595e-01  ce_joint: 6.82238e-01  sse_joint: 2.19945e+01  ce_labels_joint: 6.49199e-04  kld_vamb_joint: 4.70524e+00  kld_labels_joint: 8.22132e+00  correct_labels_joint: 0.00000e+00  loss: 9.38186e-01
2026-07-29 04:11:33.997 | INFO    | 		Epoch: 159  loss_vamb: 4.74473e-01  ab_vamb: 9.03131e-03  ce_vamb: 4.18134e-01  sse_vamb: 3.53163e-02  kld_vamb: 1.15162e-02  loss_labels: 4.98557e-03  ce_labels_labels: 2.51988e-04  kld_labels: 3.02949e+01  correct_labels_labels: 0.00000e+00  loss_joint: 4.59502e-01  ce_joint: 6.82270e-01  sse_joint: 2.20504e+01  ce_labels_joint: 2.11554e-04  kld_vamb_joint: 4.69335e+00  kld_labels_joint: 8.28413e+00  correct_labels_joint: 0.00000e+00  loss: 9.38960e-01
2026-07-29 04:11:38.408 | INFO    | 		Epoch: 160  loss_vamb: 4.74224e-01  ab_vamb: 8.51748e-03  ce_vamb: 4.18166e-01  sse_vamb: 3.52745e-02  kld_vamb: 1.14548e-02  loss_labels: 5.07668e-03  ce_labels_labels: 4.59117e-04  kld_labels: 2.95524e+01  correct_labels_labels: 0.00000e+00  loss_joint: 4.60778e-01  ce_joint: 6.82177e-01  sse_joint: 2.19908e+01  ce_labels_joint: 1.82677e-03  kld_vamb_joint: 4.69894e+00  kld_labels_joint: 8.29869e+00  correct_labels_joint: 0.00000e+00  loss: 9.40079e-01
2026-07-29 04:11:42.812 | INFO    | 		Epoch: 161  loss_vamb: 4.74452e-01  ab_vamb: 9.20135e-03  ce_vamb: 4.18133e-01  sse_vamb: 3.49479e-02  kld_vamb: 1.14444e-02  loss_labels: 5.08963e-03  ce_labels_labels: 5.67597e-04  kld_labels: 2.89410e+01  correct_labels_labels: 0.00000e+00  loss_joint: 4.59367e-01  ce_joint: 6.82033e-01  sse_joint: 2.19256e+01  ce_labels_joint: 2.39434e-04  kld_vamb_joint: 4.71961e+00  kld_labels_joint: 8.35075e+00  correct_labels_joint: 0.00000e+00  loss: 9.38908e-01
2026-07-29 04:11:47.153 | INFO    | 		Epoch: 162  loss_vamb: 4.75748e-01  ab_vamb: 9.85046e-03  ce_vamb: 4.18295e-01  sse_vamb: 3.51768e-02  kld_vamb: 1.14784e-02  loss_labels: 4.94401e-03  ce_labels_labels: 4.81308e-04  kld_labels: 2.85613e+01  correct_labels_labels: 0.00000e+00  loss_joint: 4.61007e-01  ce_joint: 6.82235e-01  sse_joint: 2.20065e+01  ce_labels_joint: 7.50864e-04  kld_vamb_joint: 4.70789e+00  kld_labels_joint: 8.36955e+00  correct_labels_joint: 0.00000e+00  loss: 9.41698e-01
2026-07-29 04:11:51.607 | INFO    | 		Epoch: 163  loss_vamb: 4.73493e-01  ab_vamb: 8.42342e-03  ce_vamb: 4.18209e-01  sse_vamb: 3.52286e-02  kld_vamb: 1.14366e-02  loss_labels: 5.41278e-03  ce_labels_labels: 9.17813e-04  kld_labels: 2.87678e+01  correct_labels_labels: 0.00000e+00  loss_joint: 4.58607e-01  ce_joint: 6.82220e-01  sse_joint: 2.20246e+01  ce_labels_joint: 3.15306e-04  kld_vamb_joint: 4.71412e+00  kld_labels_joint: 8.35468e+00  correct_labels_joint: 0.00000e+00  loss: 9.37512e-01
2026-07-29 04:11:55.990 | INFO    | 		Epoch: 164  loss_vamb: 4.73308e-01  ab_vamb: 9.30602e-03  ce_vamb: 4.17958e-01  sse_vamb: 3.49239e-02  kld_vamb: 1.14273e-02  loss_labels: 4.82540e-03  ce_labels_labels: 2.61260e-04  kld_labels: 2.92105e+01  correct_labels_labels: 0.00000e+00  loss_joint: 4.58645e-01  ce_joint: 6.81821e-01  sse_joint: 2.19090e+01  ce_labels_joint: 1.84642e-04  kld_vamb_joint: 4.71520e+00  kld_labels_joint: 8.33312e+00  correct_labels_joint: 0.00000e+00  loss: 9.36778e-01
2026-07-29 04:12:00.214 | INFO    | 		Epoch: 165  loss_vamb: 4.74033e-01  ab_vamb: 9.53285e-03  ce_vamb: 4.18102e-01  sse_vamb: 3.53602e-02  kld_vamb: 1.14077e-02  loss_labels: 5.57051e-03  ce_labels_labels: 9.92675e-04  kld_labels: 2.92982e+01  correct_labels_labels: 0.00000e+00  loss_joint: 4.58584e-01  ce_joint: 6.81972e-01  sse_joint: 2.20867e+01  ce_labels_joint: 4.57430e-04  kld_vamb_joint: 4.71975e+00  kld_labels_joint: 8.32783e+00  correct_labels_joint: 0.00000e+00  loss: 9.38188e-01
2026-07-29 04:12:04.412 | INFO    | 		Epoch: 166  loss_vamb: 4.73097e-01  ab_vamb: 8.41549e-03  ce_vamb: 4.18028e-01  sse_vamb: 3.50211e-02  kld_vamb: 1.14510e-02  loss_labels: 5.20365e-03  ce_labels_labels: 5.78291e-04  kld_labels: 2.96023e+01  correct_labels_labels: 0.00000e+00  loss_joint: 4.59346e-01  ce_joint: 6.81924e-01  sse_joint: 2.19993e+01  ce_labels_joint: 9.50188e-04  kld_vamb_joint: 4.70733e+00  kld_labels_joint: 8.32413e+00  correct_labels_joint: 0.00000e+00  loss: 9.37647e-01
2026-07-29 04:12:08.588 | INFO    | 		Epoch: 167  loss_vamb: 4.73479e-01  ab_vamb: 8.29636e-03  ce_vamb: 4.18101e-01  sse_vamb: 3.51723e-02  kld_vamb: 1.14648e-02  loss_labels: 5.09701e-03  ce_labels_labels: 4.27831e-04  kld_labels: 2.98827e+01  correct_labels_labels: 0.00000e+00  loss_joint: 4.58644e-01  ce_joint: 6.82093e-01  sse_joint: 2.19186e+01  ce_labels_joint: 3.51143e-04  kld_vamb_joint: 4.70147e+00  kld_labels_joint: 8.30148e+00  correct_labels_joint: 0.00000e+00  loss: 9.37220e-01
2026-07-29 04:12:12.805 | INFO    | 		Epoch: 168  loss_vamb: 4.72700e-01  ab_vamb: 9.27151e-03  ce_vamb: 4.18111e-01  sse_vamb: 3.52705e-02  kld_vamb: 1.14509e-02  loss_labels: 4.89928e-03  ce_labels_labels: 2.51096e-04  kld_labels: 2.97484e+01  correct_labels_labels: 0.00000e+00  loss_joint: 4.57853e-01  ce_joint: 6.82135e-01  sse_joint: 2.20413e+01  ce_labels_joint: 4.68480e-04  kld_vamb_joint: 4.70437e+00  kld_labels_joint: 8.30225e+00  correct_labels_joint: 0.00000e+00  loss: 9.35451e-01
2026-07-29 04:12:16.996 | INFO    | 		Epoch: 169  loss_vamb: 4.74755e-01  ab_vamb: 8.51503e-03  ce_vamb: 4.18190e-01  sse_vamb: 3.49721e-02  kld_vamb: 1.15129e-02  loss_labels: 4.89851e-03  ce_labels_labels: 3.20145e-04  kld_labels: 2.93015e+01  correct_labels_labels: 0.00000e+00  loss_joint: 4.60029e-01  ce_joint: 6.82112e-01  sse_joint: 2.17801e+01  ce_labels_joint: 5.06058e-04  kld_vamb_joint: 4.70166e+00  kld_labels_joint: 8.34688e+00  correct_labels_joint: 0.00000e+00  loss: 9.39683e-01
2026-07-29 04:12:21.617 | INFO    | 		Epoch: 170  loss_vamb: 4.73648e-01  ab_vamb: 8.77466e-03  ce_vamb: 4.18149e-01  sse_vamb: 3.50445e-02  kld_vamb: 1.14946e-02  loss_labels: 6.25546e-03  ce_labels_labels: 1.78138e-03  kld_labels: 2.86341e+01  correct_labels_labels: 0.00000e+00  loss_joint: 4.59038e-01  ce_joint: 6.82144e-01  sse_joint: 2.19491e+01  ce_labels_joint: 3.66334e-04  kld_vamb_joint: 4.69609e+00  kld_labels_joint: 8.33187e+00  correct_labels_joint: 0.00000e+00  loss: 9.38942e-01
2026-07-29 04:12:26.219 | INFO    | 		Epoch: 171  loss_vamb: 4.73610e-01  ab_vamb: 8.72296e-03  ce_vamb: 4.18066e-01  sse_vamb: 3.52334e-02  kld_vamb: 1.14861e-02  loss_labels: 5.70904e-03  ce_labels_labels: 1.13411e-03  kld_labels: 2.92796e+01  correct_labels_labels: 0.00000e+00  loss_joint: 4.58773e-01  ce_joint: 6.81998e-01  sse_joint: 2.19875e+01  ce_labels_joint: 2.77271e-04  kld_vamb_joint: 4.70625e+00  kld_labels_joint: 8.31597e+00  correct_labels_joint: 0.00000e+00  loss: 9.38092e-01
2026-07-29 04:12:30.110 | INFO    | 		Epoch: 172  loss_vamb: 4.74048e-01  ab_vamb: 9.61207e-03  ce_vamb: 4.18154e-01  sse_vamb: 3.49867e-02  kld_vamb: 1.14886e-02  loss_labels: 5.76136e-03  ce_labels_labels: 9.53260e-04  kld_labels: 3.07718e+01  correct_labels_labels: 0.00000e+00  loss_joint: 4.58968e-01  ce_joint: 6.81972e-01  sse_joint: 2.19043e+01  ce_labels_joint: 2.99167e-04  kld_vamb_joint: 4.70097e+00  kld_labels_joint: 8.25367e+00  correct_labels_joint: 0.00000e+00  loss: 9.38778e-01
2026-07-29 04:12:34.718 | INFO    | 		Epoch: 173  loss_vamb: 4.72997e-01  ab_vamb: 8.73094e-03  ce_vamb: 4.18005e-01  sse_vamb: 3.49409e-02  kld_vamb: 1.14204e-02  loss_labels: 5.39433e-03  ce_labels_labels: 4.61752e-04  kld_labels: 3.15685e+01  correct_labels_labels: 0.00000e+00  loss_joint: 4.58082e-01  ce_joint: 6.81892e-01  sse_joint: 2.18624e+01  ce_labels_joint: 3.61350e-04  kld_vamb_joint: 4.70950e+00  kld_labels_joint: 8.21562e+00  correct_labels_joint: 0.00000e+00  loss: 9.36472e-01
2026-07-29 04:12:39.231 | INFO    | 		Epoch: 174  loss_vamb: 4.73221e-01  ab_vamb: 8.60458e-03  ce_vamb: 4.18051e-01  sse_vamb: 3.50916e-02  kld_vamb: 1.14161e-02  loss_labels: 5.37153e-03  ce_labels_labels: 4.27616e-04  kld_labels: 3.16411e+01  correct_labels_labels: 0.00000e+00  loss_joint: 4.58337e-01  ce_joint: 6.81923e-01  sse_joint: 2.19601e+01  ce_labels_joint: 2.94371e-04  kld_vamb_joint: 4.72801e+00  kld_labels_joint: 8.25159e+00  correct_labels_joint: 0.00000e+00  loss: 9.36929e-01
2026-07-29 04:12:43.800 | INFO    | 		Epoch: 175  loss_vamb: 4.74407e-01  ab_vamb: 8.65580e-03  ce_vamb: 4.17953e-01  sse_vamb: 3.51577e-02  kld_vamb: 1.14138e-02  loss_labels: 5.31012e-03  ce_labels_labels: 4.19232e-04  kld_labels: 3.13017e+01  correct_labels_labels: 0.00000e+00  loss_joint: 4.59731e-01  ce_joint: 6.81883e-01  sse_joint: 2.19226e+01  ce_labels_joint: 4.13408e-04  kld_vamb_joint: 4.72183e+00  kld_labels_joint: 8.26788e+00  correct_labels_joint: 0.00000e+00  loss: 9.39449e-01
2026-07-29 04:12:48.133 | INFO    | 		Epoch: 176  loss_vamb: 4.72584e-01  ab_vamb: 8.53434e-03  ce_vamb: 4.17925e-01  sse_vamb: 3.52734e-02  kld_vamb: 1.14236e-02  loss_labels: 5.29845e-03  ce_labels_labels: 5.11133e-04  kld_labels: 3.06388e+01  correct_labels_labels: 0.00000e+00  loss_joint: 4.57379e-01  ce_joint: 6.81786e-01  sse_joint: 2.19283e+01  ce_labels_joint: 3.63559e-04  kld_vamb_joint: 4.70639e+00  kld_labels_joint: 8.27361e+00  correct_labels_joint: 0.00000e+00  loss: 9.35261e-01
2026-07-29 04:12:53.055 | INFO    | 		Epoch: 177  loss_vamb: 4.73139e-01  ab_vamb: 8.18759e-03  ce_vamb: 4.18140e-01  sse_vamb: 3.48378e-02  kld_vamb: 1.14593e-02  loss_labels: 5.21086e-03  ce_labels_labels: 5.20678e-04  kld_labels: 3.00171e+01  correct_labels_labels: 0.00000e+00  loss_joint: 4.58358e-01  ce_joint: 6.81993e-01  sse_joint: 2.16948e+01  ce_labels_joint: 5.49052e-04  kld_vamb_joint: 4.69787e+00  kld_labels_joint: 8.31451e+00  correct_labels_joint: 0.00000e+00  loss: 9.36708e-01
2026-07-29 04:12:57.062 | INFO    | 		Epoch: 178  loss_vamb: 4.73468e-01  ab_vamb: 8.57227e-03  ce_vamb: 4.18119e-01  sse_vamb: 3.49601e-02  kld_vamb: 1.14763e-02  loss_labels: 5.13942e-03  ce_labels_labels: 5.35686e-04  kld_labels: 2.94639e+01  correct_labels_labels: 0.00000e+00  loss_joint: 4.58313e-01  ce_joint: 6.81949e-01  sse_joint: 2.18890e+01  ce_labels_joint: 1.91409e-04  kld_vamb_joint: 4.69197e+00  kld_labels_joint: 8.34875e+00  correct_labels_joint: 0.00000e+00  loss: 9.36920e-01
2026-07-29 04:13:01.539 | INFO    | 		Epoch: 179  loss_vamb: 4.74464e-01  ab_vamb: 8.73720e-03  ce_vamb: 4.18139e-01  sse_vamb: 3.47424e-02  kld_vamb: 1.14613e-02  loss_labels: 4.92903e-03  ce_labels_labels: 4.35339e-04  kld_labels: 2.87596e+01  correct_labels_labels: 0.00000e+00  loss_joint: 4.59337e-01  ce_joint: 6.82076e-01  sse_joint: 2.17689e+01  ce_labels_joint: 2.01036e-04  kld_vamb_joint: 4.70355e+00  kld_labels_joint: 8.35854e+00  correct_labels_joint: 0.00000e+00  loss: 9.38729e-01
2026-07-29 04:13:05.899 | INFO    | 		Epoch: 180  loss_vamb: 4.72470e-01  ab_vamb: 9.16076e-03  ce_vamb: 4.18139e-01  sse_vamb: 3.50581e-02  kld_vamb: 1.14242e-02  loss_labels: 5.09892e-03  ce_labels_labels: 6.58542e-04  kld_labels: 2.84184e+01  correct_labels_labels: 0.00000e+00  loss_joint: 4.56907e-01  ce_joint: 6.82046e-01  sse_joint: 2.18518e+01  ce_labels_joint: 3.39500e-04  kld_vamb_joint: 4.69466e+00  kld_labels_joint: 8.36558e+00  correct_labels_joint: 0.00000e+00  loss: 9.34476e-01
2026-07-29 04:13:10.099 | INFO    | 		Epoch: 181  loss_vamb: 4.74356e-01  ab_vamb: 8.53976e-03  ce_vamb: 4.18056e-01  sse_vamb: 3.49843e-02  kld_vamb: 1.14281e-02  loss_labels: 4.76526e-03  ce_labels_labels: 3.35582e-04  kld_labels: 2.83500e+01  correct_labels_labels: 0.00000e+00  loss_joint: 4.59455e-01  ce_joint: 6.81937e-01  sse_joint: 2.16277e+01  ce_labels_joint: 1.05245e-03  kld_vamb_joint: 4.70854e+00  kld_labels_joint: 8.39960e+00  correct_labels_joint: 0.00000e+00  loss: 9.38577e-01
2026-07-29 04:13:14.351 | INFO    | 		Epoch: 182  loss_vamb: 4.72799e-01  ab_vamb: 8.53815e-03  ce_vamb: 4.18021e-01  sse_vamb: 3.49154e-02  kld_vamb: 1.13949e-02  loss_labels: 4.71640e-03  ce_labels_labels: 3.31095e-04  kld_labels: 2.80659e+01  correct_labels_labels: 0.00000e+00  loss_joint: 4.57582e-01  ce_joint: 6.81862e-01  sse_joint: 2.17089e+01  ce_labels_joint: 2.14492e-04  kld_vamb_joint: 4.70937e+00  kld_labels_joint: 8.41274e+00  correct_labels_joint: 0.00000e+00  loss: 9.35097e-01
2026-07-29 04:13:18.716 | INFO    | 		Epoch: 183  loss_vamb: 4.72592e-01  ab_vamb: 8.63712e-03  ce_vamb: 4.18115e-01  sse_vamb: 3.49981e-02  kld_vamb: 1.14262e-02  loss_labels: 4.64823e-03  ce_labels_labels: 3.17688e-04  kld_labels: 2.77155e+01  correct_labels_labels: 0.00000e+00  loss_joint: 4.58041e-01  ce_joint: 6.82033e-01  sse_joint: 2.19283e+01  ce_labels_joint: 6.49438e-04  kld_vamb_joint: 4.71001e+00  kld_labels_joint: 8.42583e+00  correct_labels_joint: 0.00000e+00  loss: 9.35282e-01
2026-07-29 04:13:23.029 | INFO    | 		Epoch: 184  loss_vamb: 4.74194e-01  ab_vamb: 8.67000e-03  ce_vamb: 4.18156e-01  sse_vamb: 3.51701e-02  kld_vamb: 1.14427e-02  loss_labels: 5.87074e-03  ce_labels_labels: 1.49042e-03  kld_labels: 2.80341e+01  correct_labels_labels: 0.00000e+00  loss_joint: 4.59051e-01  ce_joint: 6.82018e-01  sse_joint: 2.18429e+01  ce_labels_joint: 3.14393e-04  kld_vamb_joint: 4.69227e+00  kld_labels_joint: 8.40940e+00  correct_labels_joint: 0.00000e+00  loss: 9.39116e-01
2026-07-29 04:13:27.456 | INFO    | 		Epoch: 185  loss_vamb: 4.71812e-01  ab_vamb: 8.24109e-03  ce_vamb: 4.18101e-01  sse_vamb: 3.50406e-02  kld_vamb: 1.14529e-02  loss_labels: 4.81829e-03  ce_labels_labels: 2.58777e-04  kld_labels: 2.91809e+01  correct_labels_labels: 0.00000e+00  loss_joint: 4.56987e-01  ce_joint: 6.81933e-01  sse_joint: 2.18506e+01  ce_labels_joint: 2.29244e-04  kld_vamb_joint: 4.67908e+00  kld_labels_joint: 8.33503e+00  correct_labels_joint: 0.00000e+00  loss: 9.33617e-01
2026-07-29 04:13:31.977 | INFO    | 		Epoch: 186  loss_vamb: 4.73307e-01  ab_vamb: 8.55945e-03  ce_vamb: 4.18024e-01  sse_vamb: 3.49926e-02  kld_vamb: 1.14519e-02  loss_labels: 4.97061e-03  ce_labels_labels: 3.49059e-04  kld_labels: 2.95779e+01  correct_labels_labels: 0.00000e+00  loss_joint: 4.58596e-01  ce_joint: 6.81955e-01  sse_joint: 2.17669e+01  ce_labels_joint: 4.60495e-04  kld_vamb_joint: 4.67697e+00  kld_labels_joint: 8.33631e+00  correct_labels_joint: 0.00000e+00  loss: 9.36873e-01
2026-07-29 04:13:36.451 | INFO    | 		Epoch: 187  loss_vamb: 4.72926e-01  ab_vamb: 8.65958e-03  ce_vamb: 4.18067e-01  sse_vamb: 3.50545e-02  kld_vamb: 1.14090e-02  loss_labels: 4.86876e-03  ce_labels_labels: 2.55076e-04  kld_labels: 2.95276e+01  correct_labels_labels: 0.00000e+00  loss_joint: 4.57346e-01  ce_joint: 6.81906e-01  sse_joint: 2.16659e+01  ce_labels_joint: 2.08341e-04  kld_vamb_joint: 4.69291e+00  kld_labels_joint: 8.34241e+00  correct_labels_joint: 0.00000e+00  loss: 9.35141e-01
2026-07-29 04:13:41.075 | INFO    | 		Epoch: 188  loss_vamb: 4.73589e-01  ab_vamb: 8.96388e-03  ce_vamb: 4.18097e-01  sse_vamb: 3.48999e-02  kld_vamb: 1.14383e-02  loss_labels: 4.96533e-03  ce_labels_labels: 4.32202e-04  kld_labels: 2.90120e+01  correct_labels_labels: 0.00000e+00  loss_joint: 4.58286e-01  ce_joint: 6.81863e-01  sse_joint: 2.17478e+01  ce_labels_joint: 2.41928e-04  kld_vamb_joint: 4.68210e+00  kld_labels_joint: 8.37864e+00  correct_labels_joint: 0.00000e+00  loss: 9.36841e-01
2026-07-29 04:13:45.500 | INFO    | 		Epoch: 189  loss_vamb: 4.72091e-01  ab_vamb: 8.42961e-03  ce_vamb: 4.18054e-01  sse_vamb: 3.50128e-02  kld_vamb: 1.14400e-02  loss_labels: 5.06094e-03  ce_labels_labels: 5.97442e-04  kld_labels: 2.85664e+01  correct_labels_labels: 0.00000e+00  loss_joint: 4.56749e-01  ce_joint: 6.81861e-01  sse_joint: 2.17007e+01  ce_labels_joint: 2.83053e-04  kld_vamb_joint: 4.66378e+00  kld_labels_joint: 8.36565e+00  correct_labels_joint: 0.00000e+00  loss: 9.33901e-01
2026-07-29 04:13:50.086 | INFO    | 		Epoch: 190  loss_vamb: 4.73370e-01  ab_vamb: 8.36564e-03  ce_vamb: 4.18024e-01  sse_vamb: 3.48112e-02  kld_vamb: 1.14792e-02  loss_labels: 4.83986e-03  ce_labels_labels: 4.52976e-04  kld_labels: 2.80761e+01  correct_labels_labels: 0.00000e+00  loss_joint: 4.58193e-01  ce_joint: 6.81747e-01  sse_joint: 2.16699e+01  ce_labels_joint: 3.08461e-04  kld_vamb_joint: 4.67107e+00  kld_labels_joint: 8.40317e+00  correct_labels_joint: 0.00000e+00  loss: 9.36403e-01
2026-07-29 04:13:54.533 | INFO    | 		Epoch: 191  loss_vamb: 4.74201e-01  ab_vamb: 9.10355e-03  ce_vamb: 4.18176e-01  sse_vamb: 3.49302e-02  kld_vamb: 1.15083e-02  loss_labels: 4.98740e-03  ce_labels_labels: 6.77718e-04  kld_labels: 2.75820e+01  correct_labels_labels: 0.00000e+00  loss_joint: 4.58860e-01  ce_joint: 6.81981e-01  sse_joint: 2.17100e+01  ce_labels_joint: 2.28410e-04  kld_vamb_joint: 4.66096e+00  kld_labels_joint: 8.43198e+00  correct_labels_joint: 0.00000e+00  loss: 9.38049e-01
2026-07-29 04:13:59.001 | INFO    | 		Epoch: 192  loss_vamb: 4.72617e-01  ab_vamb: 8.20053e-03  ce_vamb: 4.18111e-01  sse_vamb: 3.49506e-02  kld_vamb: 1.14896e-02  loss_labels: 5.12680e-03  ce_labels_labels: 8.56904e-04  kld_labels: 2.73273e+01  correct_labels_labels: 0.00000e+00  loss_joint: 4.57838e-01  ce_joint: 6.81771e-01  sse_joint: 2.18520e+01  ce_labels_joint: 3.79873e-04  kld_vamb_joint: 4.65729e+00  kld_labels_joint: 8.42947e+00  correct_labels_joint: 0.00000e+00  loss: 9.35583e-01
2026-07-29 04:14:03.561 | INFO    | 		Epoch: 193  loss_vamb: 4.72577e-01  ab_vamb: 8.26493e-03  ce_vamb: 4.18048e-01  sse_vamb: 3.47671e-02  kld_vamb: 1.14685e-02  loss_labels: 4.85466e-03  ce_labels_labels: 5.81825e-04  kld_labels: 2.73461e+01  correct_labels_labels: 0.00000e+00  loss_joint: 4.57538e-01  ce_joint: 6.81831e-01  sse_joint: 2.16807e+01  ce_labels_joint: 2.52556e-04  kld_vamb_joint: 4.66315e+00  kld_labels_joint: 8.42998e+00  correct_labels_joint: 0.00000e+00  loss: 9.34970e-01
2026-07-29 04:14:08.098 | INFO    | 		Epoch: 194  loss_vamb: 4.72642e-01  ab_vamb: 8.24126e-03  ce_vamb: 4.18008e-01  sse_vamb: 3.50732e-02  kld_vamb: 1.14352e-02  loss_labels: 4.94482e-03  ce_labels_labels: 6.38011e-04  kld_labels: 2.75636e+01  correct_labels_labels: 0.00000e+00  loss_joint: 4.57766e-01  ce_joint: 6.81768e-01  sse_joint: 2.17200e+01  ce_labels_joint: 2.47099e-04  kld_vamb_joint: 4.65853e+00  kld_labels_joint: 8.42103e+00  correct_labels_joint: 0.00000e+00  loss: 9.35353e-01
2026-07-29 04:14:12.612 | INFO    | 		Epoch: 195  loss_vamb: 4.72466e-01  ab_vamb: 8.64118e-03  ce_vamb: 4.17934e-01  sse_vamb: 3.49574e-02  kld_vamb: 1.14086e-02  loss_labels: 4.69336e-03  ce_labels_labels: 2.79984e-04  kld_labels: 2.82456e+01  correct_labels_labels: 0.00000e+00  loss_joint: 4.57141e-01  ce_joint: 6.81732e-01  sse_joint: 2.17056e+01  ce_labels_joint: 2.19974e-04  kld_vamb_joint: 4.66409e+00  kld_labels_joint: 8.38785e+00  correct_labels_joint: 0.00000e+00  loss: 9.34301e-01
2026-07-29 04:14:16.864 | INFO    | 		Epoch: 196  loss_vamb: 4.73024e-01  ab_vamb: 8.45618e-03  ce_vamb: 4.18080e-01  sse_vamb: 3.48222e-02  kld_vamb: 1.14032e-02  loss_labels: 5.38493e-03  ce_labels_labels: 9.01156e-04  kld_labels: 2.86961e+01  correct_labels_labels: 0.00000e+00  loss_joint: 4.58037e-01  ce_joint: 6.81872e-01  sse_joint: 2.16461e+01  ce_labels_joint: 3.49687e-04  kld_vamb_joint: 4.67280e+00  kld_labels_joint: 8.40826e+00  correct_labels_joint: 0.00000e+00  loss: 9.36446e-01
2026-07-29 04:14:21.391 | INFO    | 		Epoch: 197  loss_vamb: 4.72926e-01  ab_vamb: 8.16107e-03  ce_vamb: 4.18114e-01  sse_vamb: 3.50053e-02  kld_vamb: 1.14079e-02  loss_labels: 5.07738e-03  ce_labels_labels: 5.33582e-04  kld_labels: 2.90803e+01  correct_labels_labels: 0.00000e+00  loss_joint: 4.58251e-01  ce_joint: 6.81894e-01  sse_joint: 2.17498e+01  ce_labels_joint: 4.67738e-04  kld_vamb_joint: 4.66903e+00  kld_labels_joint: 8.38831e+00  correct_labels_joint: 0.00000e+00  loss: 9.36255e-01
2026-07-29 04:14:25.932 | INFO    | 		Epoch: 198  loss_vamb: 4.73724e-01  ab_vamb: 8.47827e-03  ce_vamb: 4.18092e-01  sse_vamb: 3.49174e-02  kld_vamb: 1.13979e-02  loss_labels: 4.90563e-03  ce_labels_labels: 3.25812e-04  kld_labels: 2.93109e+01  correct_labels_labels: 0.00000e+00  loss_joint: 4.58746e-01  ce_joint: 6.81878e-01  sse_joint: 2.16012e+01  ce_labels_joint: 4.72657e-04  kld_vamb_joint: 4.65895e+00  kld_labels_joint: 8.35087e+00  correct_labels_joint: 0.00000e+00  loss: 9.37376e-01
2026-07-29 04:14:30.448 | INFO    | 		Epoch: 199  loss_vamb: 4.72910e-01  ab_vamb: 8.71255e-03  ce_vamb: 4.17932e-01  sse_vamb: 3.45772e-02  kld_vamb: 1.13997e-02  loss_labels: 5.19558e-03  ce_labels_labels: 6.52840e-04  kld_labels: 2.90736e+01  correct_labels_labels: 0.00000e+00  loss_joint: 4.57709e-01  ce_joint: 6.81635e-01  sse_joint: 2.14585e+01  ce_labels_joint: 2.55136e-04  kld_vamb_joint: 4.64804e+00  kld_labels_joint: 8.34293e+00  correct_labels_joint: 0.00000e+00  loss: 9.35815e-01
2026-07-29 04:14:34.981 | INFO    | 		Epoch: 200  loss_vamb: 4.72490e-01  ab_vamb: 8.46891e-03  ce_vamb: 4.17958e-01  sse_vamb: 3.49663e-02  kld_vamb: 1.13720e-02  loss_labels: 4.76184e-03  ce_labels_labels: 2.48464e-04  kld_labels: 2.88856e+01  correct_labels_labels: 0.00000e+00  loss_joint: 4.57582e-01  ce_joint: 6.81735e-01  sse_joint: 2.16945e+01  ce_labels_joint: 3.88541e-04  kld_vamb_joint: 4.64815e+00  kld_labels_joint: 8.34962e+00  correct_labels_joint: 0.00000e+00  loss: 9.34834e-01
2026-07-29 04:14:39.869 | INFO    | 		Epoch: 201  loss_vamb: 4.73725e-01  ab_vamb: 9.08236e-03  ce_vamb: 4.18098e-01  sse_vamb: 3.49260e-02  kld_vamb: 1.14028e-02  loss_labels: 5.08096e-03  ce_labels_labels: 6.19704e-04  kld_labels: 2.85520e+01  correct_labels_labels: 0.00000e+00  loss_joint: 4.58524e-01  ce_joint: 6.81948e-01  sse_joint: 2.16459e+01  ce_labels_joint: 2.91121e-04  kld_vamb_joint: 4.64670e+00  kld_labels_joint: 8.37805e+00  correct_labels_joint: 0.00000e+00  loss: 9.37330e-01
2026-07-29 04:14:44.126 | INFO    | 		Epoch: 202  loss_vamb: 4.72928e-01  ab_vamb: 8.77169e-03  ce_vamb: 4.18004e-01  sse_vamb: 3.49699e-02  kld_vamb: 1.13771e-02  loss_labels: 4.79473e-03  ce_labels_labels: 4.02255e-04  kld_labels: 2.81118e+01  correct_labels_labels: 0.00000e+00  loss_joint: 4.57770e-01  ce_joint: 6.81615e-01  sse_joint: 2.16385e+01  ce_labels_joint: 2.87857e-04  kld_vamb_joint: 4.64235e+00  kld_labels_joint: 8.37613e+00  correct_labels_joint: 0.00000e+00  loss: 9.35494e-01
2026-07-29 04:14:48.519 | INFO    | 		Epoch: 203  loss_vamb: 4.71045e-01  ab_vamb: 8.58253e-03  ce_vamb: 4.18053e-01  sse_vamb: 3.49641e-02  kld_vamb: 1.13568e-02  loss_labels: 4.75240e-03  ce_labels_labels: 4.41700e-04  kld_labels: 2.75885e+01  correct_labels_labels: 0.00000e+00  loss_joint: 4.55759e-01  ce_joint: 6.81820e-01  sse_joint: 2.17068e+01  ce_labels_joint: 2.80165e-04  kld_vamb_joint: 4.63665e+00  kld_labels_joint: 8.39857e+00  correct_labels_joint: 0.00000e+00  loss: 9.31557e-01
2026-07-29 04:14:53.330 | INFO    | 		Epoch: 204  loss_vamb: 4.72616e-01  ab_vamb: 8.72147e-03  ce_vamb: 4.18070e-01  sse_vamb: 3.47417e-02  kld_vamb: 1.13647e-02  loss_labels: 5.32834e-03  ce_labels_labels: 1.07065e-03  kld_labels: 2.72493e+01  correct_labels_labels: 0.00000e+00  loss_joint: 4.57467e-01  ce_joint: 6.81830e-01  sse_joint: 2.16380e+01  ce_labels_joint: 3.09587e-04  kld_vamb_joint: 4.62427e+00  kld_labels_joint: 8.38248e+00  correct_labels_joint: 0.00000e+00  loss: 9.35412e-01
2026-07-29 04:14:57.814 | INFO    | 		Epoch: 205  loss_vamb: 4.72222e-01  ab_vamb: 8.92950e-03  ce_vamb: 4.18083e-01  sse_vamb: 3.49596e-02  kld_vamb: 1.13723e-02  loss_labels: 4.78453e-03  ce_labels_labels: 4.45313e-04  kld_labels: 2.77710e+01  correct_labels_labels: 0.00000e+00  loss_joint: 4.57010e-01  ce_joint: 6.81899e-01  sse_joint: 2.17384e+01  ce_labels_joint: 2.90180e-04  kld_vamb_joint: 4.62600e+00  kld_labels_joint: 8.35976e+00  correct_labels_joint: 0.00000e+00  loss: 9.34017e-01
2026-07-29 04:15:02.500 | INFO    | 		Epoch: 206  loss_vamb: 4.71957e-01  ab_vamb: 8.89085e-03  ce_vamb: 4.18062e-01  sse_vamb: 3.49535e-02  kld_vamb: 1.13868e-02  loss_labels: 5.19508e-03  ce_labels_labels: 7.59109e-04  kld_labels: 2.83902e+01  correct_labels_labels: 0.00000e+00  loss_joint: 4.56662e-01  ce_joint: 6.81681e-01  sse_joint: 2.17673e+01  ce_labels_joint: 3.82694e-04  kld_vamb_joint: 4.61734e+00  kld_labels_joint: 8.35205e+00  correct_labels_joint: 0.00000e+00  loss: 9.33814e-01
2026-07-29 04:15:06.991 | INFO    | 		Epoch: 207  loss_vamb: 4.73219e-01  ab_vamb: 8.70633e-03  ce_vamb: 4.17993e-01  sse_vamb: 3.49155e-02  kld_vamb: 1.13640e-02  loss_labels: 5.02627e-03  ce_labels_labels: 5.02229e-04  kld_labels: 2.89538e+01  correct_labels_labels: 0.00000e+00  loss_joint: 4.57754e-01  ce_joint: 6.81659e-01  sse_joint: 2.15410e+01  ce_labels_joint: 2.63694e-04  kld_vamb_joint: 4.62419e+00  kld_labels_joint: 8.32075e+00  correct_labels_joint: 0.00000e+00  loss: 9.36000e-01
2026-07-29 04:15:11.101 | INFO    | 		Epoch: 208  loss_vamb: 4.72754e-01  ab_vamb: 8.83151e-03  ce_vamb: 4.17973e-01  sse_vamb: 3.47481e-02  kld_vamb: 1.13717e-02  loss_labels: 4.87878e-03  ce_labels_labels: 2.84915e-04  kld_labels: 2.94007e+01  correct_labels_labels: 0.00000e+00  loss_joint: 4.57536e-01  ce_joint: 6.81762e-01  sse_joint: 2.16031e+01  ce_labels_joint: 2.12486e-04  kld_vamb_joint: 4.62154e+00  kld_labels_joint: 8.30502e+00  correct_labels_joint: 0.00000e+00  loss: 9.35169e-01
2026-07-29 04:15:15.228 | INFO    | 		Epoch: 209  loss_vamb: 4.73790e-01  ab_vamb: 8.52607e-03  ce_vamb: 4.18007e-01  sse_vamb: 3.48356e-02  kld_vamb: 1.13615e-02  loss_labels: 5.28372e-03  ce_labels_labels: 7.04752e-04  kld_labels: 2.93054e+01  correct_labels_labels: 0.00000e+00  loss_joint: 4.58275e-01  ce_joint: 6.81673e-01  sse_joint: 2.15871e+01  ce_labels_joint: 2.68854e-04  kld_vamb_joint: 4.61834e+00  kld_labels_joint: 8.31687e+00  correct_labels_joint: 0.00000e+00  loss: 9.37348e-01
2026-07-29 04:15:19.462 | INFO    | 		Epoch: 210  loss_vamb: 4.72709e-01  ab_vamb: 8.89714e-03  ce_vamb: 4.18036e-01  sse_vamb: 3.50064e-02  kld_vamb: 1.13519e-02  loss_labels: 5.24888e-03  ce_labels_labels: 7.27188e-04  kld_labels: 2.89388e+01  correct_labels_labels: 0.00000e+00  loss_joint: 4.57557e-01  ce_joint: 6.81698e-01  sse_joint: 2.16876e+01  ce_labels_joint: 5.37685e-04  kld_vamb_joint: 4.61648e+00  kld_labels_joint: 8.33483e+00  correct_labels_joint: 0.00000e+00  loss: 9.35515e-01
2026-07-29 04:15:23.896 | INFO    | 		Epoch: 211  loss_vamb: 4.72045e-01  ab_vamb: 8.65182e-03  ce_vamb: 4.17915e-01  sse_vamb: 3.47153e-02  kld_vamb: 1.13990e-02  loss_labels: 5.26132e-03  ce_labels_labels: 7.90353e-04  kld_labels: 2.86142e+01  correct_labels_labels: 0.00000e+00  loss_joint: 4.56952e-01  ce_joint: 6.81611e-01  sse_joint: 2.15887e+01  ce_labels_joint: 3.46536e-04  kld_vamb_joint: 4.59882e+00  kld_labels_joint: 8.33229e+00  correct_labels_joint: 0.00000e+00  loss: 9.34258e-01
2026-07-29 04:15:27.891 | INFO    | 		Epoch: 212  loss_vamb: 4.73209e-01  ab_vamb: 8.41935e-03  ce_vamb: 4.18139e-01  sse_vamb: 3.46473e-02  kld_vamb: 1.13847e-02  loss_labels: 5.23794e-03  ce_labels_labels: 7.90436e-04  kld_labels: 2.84640e+01  correct_labels_labels: 0.00000e+00  loss_joint: 4.58366e-01  ce_joint: 6.81841e-01  sse_joint: 2.15382e+01  ce_labels_joint: 6.29296e-04  kld_vamb_joint: 4.58805e+00  kld_labels_joint: 8.34052e+00  correct_labels_joint: 0.00000e+00  loss: 9.36813e-01
2026-07-29 04:15:32.218 | INFO    | 		Epoch: 213  loss_vamb: 4.73407e-01  ab_vamb: 8.49108e-03  ce_vamb: 4.18094e-01  sse_vamb: 3.48047e-02  kld_vamb: 1.13778e-02  loss_labels: 4.93251e-03  ce_labels_labels: 4.40505e-04  kld_labels: 2.87488e+01  correct_labels_labels: 0.00000e+00  loss_joint: 4.58407e-01  ce_joint: 6.81655e-01  sse_joint: 2.15083e+01  ce_labels_joint: 4.93712e-04  kld_vamb_joint: 4.59265e+00  kld_labels_joint: 8.34209e+00  correct_labels_joint: 0.00000e+00  loss: 9.36746e-01
2026-07-29 04:15:36.741 | INFO    | 		Epoch: 214  loss_vamb: 4.73038e-01  ab_vamb: 8.87974e-03  ce_vamb: 4.17991e-01  sse_vamb: 3.47833e-02  kld_vamb: 1.13371e-02  loss_labels: 5.02858e-03  ce_labels_labels: 4.37071e-04  kld_labels: 2.93856e+01  correct_labels_labels: 0.00000e+00  loss_joint: 4.57628e-01  ce_joint: 6.81642e-01  sse_joint: 2.15131e+01  ce_labels_joint: 4.13846e-04  kld_vamb_joint: 4.60838e+00  kld_labels_joint: 8.31573e+00  correct_labels_joint: 0.00000e+00  loss: 9.35694e-01
2026-07-29 04:15:40.700 | INFO    | 		Epoch: 215  loss_vamb: 4.72464e-01  ab_vamb: 8.45681e-03  ce_vamb: 4.18075e-01  sse_vamb: 3.47426e-02  kld_vamb: 1.13510e-02  loss_labels: 4.78299e-03  ce_labels_labels: 1.97664e-04  kld_labels: 2.93461e+01  correct_labels_labels: 0.00000e+00  loss_joint: 4.57950e-01  ce_joint: 6.81829e-01  sse_joint: 2.15012e+01  ce_labels_joint: 1.01870e-03  kld_vamb_joint: 4.61950e+00  kld_labels_joint: 8.30099e+00  correct_labels_joint: 0.00000e+00  loss: 9.35197e-01
2026-07-29 04:15:44.999 | INFO    | 		Epoch: 216  loss_vamb: 4.72585e-01  ab_vamb: 8.31721e-03  ce_vamb: 4.18129e-01  sse_vamb: 3.49253e-02  kld_vamb: 1.13879e-02  loss_labels: 5.03510e-03  ce_labels_labels: 4.84468e-04  kld_labels: 2.91241e+01  correct_labels_labels: 0.00000e+00  loss_joint: 4.57445e-01  ce_joint: 6.81886e-01  sse_joint: 2.14918e+01  ce_labels_joint: 5.40875e-04  kld_vamb_joint: 4.60381e+00  kld_labels_joint: 8.31067e+00  correct_labels_joint: 0.00000e+00  loss: 9.35065e-01
2026-07-29 04:15:49.295 | INFO    | 		Epoch: 217  loss_vamb: 4.72188e-01  ab_vamb: 8.08559e-03  ce_vamb: 4.18001e-01  sse_vamb: 3.47463e-02  kld_vamb: 1.13925e-02  loss_labels: 5.08741e-03  ce_labels_labels: 5.91512e-04  kld_labels: 2.87738e+01  correct_labels_labels: 0.00000e+00  loss_joint: 4.57812e-01  ce_joint: 6.81692e-01  sse_joint: 2.15865e+01  ce_labels_joint: 5.69686e-04  kld_vamb_joint: 4.63338e+00  kld_labels_joint: 8.33026e+00  correct_labels_joint: 0.00000e+00  loss: 9.35088e-01
2026-07-29 04:15:53.817 | INFO    | 		Epoch: 218  loss_vamb: 4.73935e-01  ab_vamb: 9.45378e-03  ce_vamb: 4.18093e-01  sse_vamb: 3.48634e-02  kld_vamb: 1.13989e-02  loss_labels: 5.05095e-03  ce_labels_labels: 5.84719e-04  kld_labels: 2.85839e+01  correct_labels_labels: 0.00000e+00  loss_joint: 4.58553e-01  ce_joint: 6.81967e-01  sse_joint: 2.15375e+01  ce_labels_joint: 4.82862e-04  kld_vamb_joint: 4.62297e+00  kld_labels_joint: 8.35198e+00  correct_labels_joint: 0.00000e+00  loss: 9.37539e-01
2026-07-29 04:15:58.238 | INFO    | 		Epoch: 219  loss_vamb: 4.74363e-01  ab_vamb: 8.31888e-03  ce_vamb: 4.18161e-01  sse_vamb: 3.46266e-02  kld_vamb: 1.13746e-02  loss_labels: 5.14720e-03  ce_labels_labels: 6.86754e-04  kld_labels: 2.85469e+01  correct_labels_labels: 0.00000e+00  loss_joint: 4.59273e-01  ce_joint: 6.81950e-01  sse_joint: 2.14612e+01  ce_labels_joint: 6.09172e-04  kld_vamb_joint: 4.63411e+00  kld_labels_joint: 8.35110e+00  correct_labels_joint: 0.00000e+00  loss: 9.38783e-01
2026-07-29 04:16:02.678 | INFO    | 		Epoch: 220  loss_vamb: 4.73322e-01  ab_vamb: 9.17315e-03  ce_vamb: 4.18110e-01  sse_vamb: 3.47096e-02  kld_vamb: 1.13353e-02  loss_labels: 4.85068e-03  ce_labels_labels: 3.93619e-04  kld_labels: 2.85252e+01  correct_labels_labels: 0.00000e+00  loss_joint: 4.57857e-01  ce_joint: 6.81758e-01  sse_joint: 2.14846e+01  ce_labels_joint: 4.29932e-04  kld_vamb_joint: 4.62446e+00  kld_labels_joint: 8.35675e+00  correct_labels_joint: 0.00000e+00  loss: 9.36030e-01
2026-07-29 04:16:07.017 | INFO    | 		Epoch: 221  loss_vamb: 4.72335e-01  ab_vamb: 8.41581e-03  ce_vamb: 4.18066e-01  sse_vamb: 3.45955e-02  kld_vamb: 1.13618e-02  loss_labels: 4.67627e-03  ce_labels_labels: 2.39958e-04  kld_labels: 2.83924e+01  correct_labels_labels: 0.00000e+00  loss_joint: 4.57144e-01  ce_joint: 6.81783e-01  sse_joint: 2.13994e+01  ce_labels_joint: 2.69279e-04  kld_vamb_joint: 4.62203e+00  kld_labels_joint: 8.35875e+00  correct_labels_joint: 0.00000e+00  loss: 9.34155e-01
2026-07-29 04:16:11.479 | INFO    | 		Epoch: 222  loss_vamb: 4.72715e-01  ab_vamb: 8.90893e-03  ce_vamb: 4.18006e-01  sse_vamb: 3.47709e-02  kld_vamb: 1.13507e-02  loss_labels: 4.65116e-03  ce_labels_labels: 2.73787e-04  kld_labels: 2.80152e+01  correct_labels_labels: 0.00000e+00  loss_joint: 4.57099e-01  ce_joint: 6.81561e-01  sse_joint: 2.14976e+01  ce_labels_joint: 4.54971e-04  kld_vamb_joint: 4.60352e+00  kld_labels_joint: 8.35548e+00  correct_labels_joint: 0.00000e+00  loss: 9.34465e-01
2026-07-29 04:16:15.809 | INFO    | 		Epoch: 223  loss_vamb: 4.72621e-01  ab_vamb: 8.76716e-03  ce_vamb: 4.18055e-01  sse_vamb: 3.48742e-02  kld_vamb: 1.13541e-02  loss_labels: 4.99136e-03  ce_labels_labels: 6.62746e-04  kld_labels: 2.77032e+01  correct_labels_labels: 0.00000e+00  loss_joint: 4.57298e-01  ce_joint: 6.81762e-01  sse_joint: 2.15700e+01  ce_labels_joint: 2.83782e-04  kld_vamb_joint: 4.60382e+00  kld_labels_joint: 8.37616e+00  correct_labels_joint: 0.00000e+00  loss: 9.34910e-01
2026-07-29 04:16:20.176 | INFO    | 		Epoch: 224  loss_vamb: 4.72263e-01  ab_vamb: 8.49813e-03  ce_vamb: 4.17986e-01  sse_vamb: 3.46436e-02  kld_vamb: 1.13698e-02  loss_labels: 4.81218e-03  ce_labels_labels: 4.64950e-04  kld_labels: 2.78222e+01  correct_labels_labels: 0.00000e+00  loss_joint: 4.57198e-01  ce_joint: 6.81540e-01  sse_joint: 2.15385e+01  ce_labels_joint: 3.31197e-04  kld_vamb_joint: 4.61595e+00  kld_labels_joint: 8.37031e+00  correct_labels_joint: 0.00000e+00  loss: 9.34273e-01
2026-07-29 04:16:24.585 | INFO    | 		Epoch: 225  loss_vamb: 4.73287e-01  ab_vamb: 8.56266e-03  ce_vamb: 4.18059e-01  sse_vamb: 3.45096e-02  kld_vamb: 1.13650e-02  loss_labels: 4.61285e-03  ce_labels_labels: 2.63675e-04  kld_labels: 2.78347e+01  correct_labels_labels: 0.00000e+00  loss_joint: 4.57835e-01  ce_joint: 6.81880e-01  sse_joint: 2.14335e+01  ce_labels_joint: 4.68622e-04  kld_vamb_joint: 4.59453e+00  kld_labels_joint: 8.37289e+00  correct_labels_joint: 0.00000e+00  loss: 9.35734e-01
2026-07-29 04:16:29.413 | INFO    | 		Epoch: 226  loss_vamb: 4.73482e-01  ab_vamb: 8.75184e-03  ce_vamb: 4.17979e-01  sse_vamb: 3.46206e-02  kld_vamb: 1.13927e-02  loss_labels: 4.74812e-03  ce_labels_labels: 4.12367e-04  kld_labels: 2.77488e+01  correct_labels_labels: 0.00000e+00  loss_joint: 4.58341e-01  ce_joint: 6.81707e-01  sse_joint: 2.13947e+01  ce_labels_joint: 6.04987e-04  kld_vamb_joint: 4.59702e+00  kld_labels_joint: 8.39131e+00  correct_labels_joint: 0.00000e+00  loss: 9.36571e-01
2026-07-29 04:16:34.180 | INFO    | 		Epoch: 227  loss_vamb: 4.71716e-01  ab_vamb: 8.35288e-03  ce_vamb: 4.18013e-01  sse_vamb: 3.48483e-02  kld_vamb: 1.13874e-02  loss_labels: 5.23538e-03  ce_labels_labels: 9.08141e-04  kld_labels: 2.76943e+01  correct_labels_labels: 0.00000e+00  loss_joint: 4.56164e-01  ce_joint: 6.81653e-01  sse_joint: 2.14520e+01  ce_labels_joint: 2.58610e-04  kld_vamb_joint: 4.59499e+00  kld_labels_joint: 8.39003e+00  correct_labels_joint: 0.00000e+00  loss: 9.33116e-01
2026-07-29 04:16:38.815 | INFO    | 		Epoch: 228  loss_vamb: 4.73463e-01  ab_vamb: 8.02119e-03  ce_vamb: 4.18197e-01  sse_vamb: 3.45521e-02  kld_vamb: 1.13616e-02  loss_labels: 4.93891e-03  ce_labels_labels: 6.29937e-04  kld_labels: 2.75774e+01  correct_labels_labels: 0.00000e+00  loss_joint: 4.58024e-01  ce_joint: 6.81901e-01  sse_joint: 2.12978e+01  ce_labels_joint: 2.38788e-04  kld_vamb_joint: 4.59815e+00  kld_labels_joint: 8.39670e+00  correct_labels_joint: 0.00000e+00  loss: 9.36426e-01
2026-07-29 04:16:43.616 | INFO    | 		Epoch: 229  loss_vamb: 4.72121e-01  ab_vamb: 8.42128e-03  ce_vamb: 4.18062e-01  sse_vamb: 3.46223e-02  kld_vamb: 1.13606e-02  loss_labels: 4.98234e-03  ce_labels_labels: 6.64201e-04  kld_labels: 2.76361e+01  correct_labels_labels: 0.00000e+00  loss_joint: 4.57211e-01  ce_joint: 6.81766e-01  sse_joint: 2.14401e+01  ce_labels_joint: 3.25254e-04  kld_vamb_joint: 4.59429e+00  kld_labels_joint: 8.37996e+00  correct_labels_joint: 0.00000e+00  loss: 9.34314e-01
2026-07-29 04:16:48.772 | INFO    | 		Epoch: 230  loss_vamb: 4.72328e-01  ab_vamb: 7.95371e-03  ce_vamb: 4.18073e-01  sse_vamb: 3.45780e-02  kld_vamb: 1.13497e-02  loss_labels: 5.07276e-03  ce_labels_labels: 7.59723e-04  kld_labels: 2.76034e+01  correct_labels_labels: 0.00000e+00  loss_joint: 4.57168e-01  ce_joint: 6.81580e-01  sse_joint: 2.14372e+01  ce_labels_joint: 2.46276e-04  kld_vamb_joint: 4.59862e+00  kld_labels_joint: 8.37861e+00  correct_labels_joint: 0.00000e+00  loss: 9.34569e-01
2026-07-29 04:16:53.369 | INFO    | 		Epoch: 231  loss_vamb: 4.71472e-01  ab_vamb: 8.07382e-03  ce_vamb: 4.18027e-01  sse_vamb: 3.48083e-02  kld_vamb: 1.13635e-02  loss_labels: 5.49194e-03  ce_labels_labels: 1.18588e-03  kld_labels: 2.75588e+01  correct_labels_labels: 0.00000e+00  loss_joint: 4.55997e-01  ce_joint: 6.81644e-01  sse_joint: 2.14447e+01  ce_labels_joint: 4.58837e-04  kld_vamb_joint: 4.59142e+00  kld_labels_joint: 8.37882e+00  correct_labels_joint: 0.00000e+00  loss: 9.32961e-01
2026-07-29 04:16:58.065 | INFO    | 		Epoch: 232  loss_vamb: 4.72315e-01  ab_vamb: 8.24992e-03  ce_vamb: 4.18014e-01  sse_vamb: 3.48509e-02  kld_vamb: 1.13781e-02  loss_labels: 5.05499e-03  ce_labels_labels: 7.07963e-04  kld_labels: 2.78210e+01  correct_labels_labels: 0.00000e+00  loss_joint: 4.56818e-01  ce_joint: 6.81547e-01  sse_joint: 2.14721e+01  ce_labels_joint: 3.05951e-04  kld_vamb_joint: 4.59598e+00  kld_labels_joint: 8.37697e+00  correct_labels_joint: 0.00000e+00  loss: 9.34188e-01
2026-07-29 04:17:02.940 | INFO    | 		Epoch: 233  loss_vamb: 4.72921e-01  ab_vamb: 8.47599e-03  ce_vamb: 4.17934e-01  sse_vamb: 3.46095e-02  kld_vamb: 1.13868e-02  loss_labels: 4.63121e-03  ce_labels_labels: 2.36702e-04  kld_labels: 2.81249e+01  correct_labels_labels: 0.00000e+00  loss_joint: 4.57715e-01  ce_joint: 6.81497e-01  sse_joint: 2.13561e+01  ce_labels_joint: 1.06715e-03  kld_vamb_joint: 4.59354e+00  kld_labels_joint: 8.34919e+00  correct_labels_joint: 0.00000e+00  loss: 9.35267e-01
2026-07-29 04:17:08.021 | INFO    | 		Epoch: 234  loss_vamb: 4.71876e-01  ab_vamb: 8.18996e-03  ce_vamb: 4.17934e-01  sse_vamb: 3.45911e-02  kld_vamb: 1.13676e-02  loss_labels: 5.11107e-03  ce_labels_labels: 6.76516e-04  kld_labels: 2.83811e+01  correct_labels_labels: 0.00000e+00  loss_joint: 4.56880e-01  ce_joint: 6.81533e-01  sse_joint: 2.14181e+01  ce_labels_joint: 3.39161e-04  kld_vamb_joint: 4.58431e+00  kld_labels_joint: 8.33369e+00  correct_labels_joint: 0.00000e+00  loss: 9.33866e-01
2026-07-29 04:17:12.583 | INFO    | 		Epoch: 235  loss_vamb: 4.70341e-01  ab_vamb: 7.92408e-03  ce_vamb: 4.17789e-01  sse_vamb: 3.44776e-02  kld_vamb: 1.13765e-02  loss_labels: 5.31203e-03  ce_labels_labels: 8.76435e-04  kld_labels: 2.83878e+01  correct_labels_labels: 0.00000e+00  loss_joint: 4.55678e-01  ce_joint: 6.81325e-01  sse_joint: 2.14616e+01  ce_labels_joint: 5.15437e-04  kld_vamb_joint: 4.58680e+00  kld_labels_joint: 8.34211e+00  correct_labels_joint: 0.00000e+00  loss: 9.31331e-01
2026-07-29 04:17:17.767 | INFO    | 		Epoch: 236  loss_vamb: 4.72220e-01  ab_vamb: 7.93800e-03  ce_vamb: 4.17995e-01  sse_vamb: 3.45767e-02  kld_vamb: 1.14013e-02  loss_labels: 4.61635e-03  ce_labels_labels: 1.78281e-04  kld_labels: 2.84036e+01  correct_labels_labels: 0.00000e+00  loss_joint: 4.57052e-01  ce_joint: 6.81738e-01  sse_joint: 2.13635e+01  ce_labels_joint: 2.83095e-04  kld_vamb_joint: 4.58941e+00  kld_labels_joint: 8.33959e+00  correct_labels_joint: 0.00000e+00  loss: 9.33888e-01
2026-07-29 04:17:23.164 | INFO    | 		Epoch: 237  loss_vamb: 4.71021e-01  ab_vamb: 7.96810e-03  ce_vamb: 4.17908e-01  sse_vamb: 3.45965e-02  kld_vamb: 1.14188e-02  loss_labels: 4.82444e-03  ce_labels_labels: 4.02773e-04  kld_labels: 2.82987e+01  correct_labels_labels: 0.00000e+00  loss_joint: 4.55865e-01  ce_joint: 6.81441e-01  sse_joint: 2.14372e+01  ce_labels_joint: 2.46600e-04  kld_vamb_joint: 4.57427e+00  kld_labels_joint: 8.34525e+00  correct_labels_joint: 0.00000e+00  loss: 9.31711e-01
2026-07-29 04:17:28.520 | INFO    | 		Epoch: 238  loss_vamb: 4.72374e-01  ab_vamb: 8.13554e-03  ce_vamb: 4.18099e-01  sse_vamb: 3.45038e-02  kld_vamb: 1.14079e-02  loss_labels: 4.62049e-03  ce_labels_labels: 2.17749e-04  kld_labels: 2.81776e+01  correct_labels_labels: 0.00000e+00  loss_joint: 4.57024e-01  ce_joint: 6.81720e-01  sse_joint: 2.12786e+01  ce_labels_joint: 3.84926e-04  kld_vamb_joint: 4.57311e+00  kld_labels_joint: 8.33254e+00  correct_labels_joint: 0.00000e+00  loss: 9.34019e-01
2026-07-29 04:17:33.620 | INFO    | 		Epoch: 239  loss_vamb: 4.72037e-01  ab_vamb: 8.11832e-03  ce_vamb: 4.18025e-01  sse_vamb: 3.46837e-02  kld_vamb: 1.13765e-02  loss_labels: 5.01787e-03  ce_labels_labels: 6.29995e-04  kld_labels: 2.80824e+01  correct_labels_labels: 0.00000e+00  loss_joint: 4.56482e-01  ce_joint: 6.81548e-01  sse_joint: 2.14058e+01  ce_labels_joint: 3.18752e-04  kld_vamb_joint: 4.58701e+00  kld_labels_joint: 8.34641e+00  correct_labels_joint: 0.00000e+00  loss: 9.33537e-01
2026-07-29 04:17:38.086 | INFO    | 		Epoch: 240  loss_vamb: 4.72351e-01  ab_vamb: 7.87801e-03  ce_vamb: 4.17970e-01  sse_vamb: 3.42639e-02  kld_vamb: 1.14094e-02  loss_labels: 5.01983e-03  ce_labels_labels: 6.59804e-04  kld_labels: 2.79042e+01  correct_labels_labels: 0.00000e+00  loss_joint: 4.56932e-01  ce_joint: 6.81661e-01  sse_joint: 2.11398e+01  ce_labels_joint: 2.23305e-04  kld_vamb_joint: 4.57491e+00  kld_labels_joint: 8.34019e+00  correct_labels_joint: 0.00000e+00  loss: 9.34303e-01
2026-07-29 04:17:42.694 | INFO    | 		Epoch: 241  loss_vamb: 4.71945e-01  ab_vamb: 7.77244e-03  ce_vamb: 4.18140e-01  sse_vamb: 3.44493e-02  kld_vamb: 1.13922e-02  loss_labels: 4.57457e-03  ce_labels_labels: 2.35467e-04  kld_labels: 2.77703e+01  correct_labels_labels: 0.00000e+00  loss_joint: 4.56802e-01  ce_joint: 6.81909e-01  sse_joint: 2.13008e+01  ce_labels_joint: 2.45565e-04  kld_vamb_joint: 4.58010e+00  kld_labels_joint: 8.33999e+00  correct_labels_joint: 0.00000e+00  loss: 9.33321e-01
2026-07-29 04:17:47.631 | INFO    | 		Epoch: 242  loss_vamb: 4.71181e-01  ab_vamb: 7.77000e-03  ce_vamb: 4.17934e-01  sse_vamb: 3.47960e-02  kld_vamb: 1.13790e-02  loss_labels: 4.61939e-03  ce_labels_labels: 2.91311e-04  kld_labels: 2.76997e+01  correct_labels_labels: 0.00000e+00  loss_joint: 4.55943e-01  ce_joint: 6.81523e-01  sse_joint: 2.14021e+01  ce_labels_joint: 2.76137e-04  kld_vamb_joint: 4.57430e+00  kld_labels_joint: 8.35959e+00  correct_labels_joint: 0.00000e+00  loss: 9.31744e-01
2026-07-29 04:17:52.131 | INFO    | 		Epoch: 243  loss_vamb: 4.71975e-01  ab_vamb: 8.06733e-03  ce_vamb: 4.18086e-01  sse_vamb: 3.47428e-02  kld_vamb: 1.13719e-02  loss_labels: 4.52202e-03  ce_labels_labels: 2.24660e-04  kld_labels: 2.75031e+01  correct_labels_labels: 0.00000e+00  loss_joint: 4.56571e-01  ce_joint: 6.81796e-01  sse_joint: 2.14433e+01  ce_labels_joint: 5.47714e-04  kld_vamb_joint: 4.58617e+00  kld_labels_joint: 8.35509e+00  correct_labels_joint: 0.00000e+00  loss: 9.33068e-01
2026-07-29 04:17:56.922 | INFO    | 		Epoch: 244  loss_vamb: 4.72633e-01  ab_vamb: 8.10694e-03  ce_vamb: 4.17871e-01  sse_vamb: 3.45735e-02  kld_vamb: 1.13720e-02  loss_labels: 4.48872e-03  ce_labels_labels: 2.22464e-04  kld_labels: 2.73041e+01  correct_labels_labels: 0.00000e+00  loss_joint: 4.57582e-01  ce_joint: 6.81409e-01  sse_joint: 2.12806e+01  ce_labels_joint: 8.41541e-04  kld_vamb_joint: 4.59034e+00  kld_labels_joint: 8.36461e+00  correct_labels_joint: 0.00000e+00  loss: 9.34704e-01
2026-07-29 04:18:02.512 | INFO    | 		Epoch: 245  loss_vamb: 4.70869e-01  ab_vamb: 8.17427e-03  ce_vamb: 4.18039e-01  sse_vamb: 3.47188e-02  kld_vamb: 1.13652e-02  loss_labels: 4.36831e-03  ce_labels_labels: 1.46008e-04  kld_labels: 2.70227e+01  correct_labels_labels: 0.00000e+00  loss_joint: 4.55473e-01  ce_joint: 6.81826e-01  sse_joint: 2.14835e+01  ce_labels_joint: 2.07436e-04  kld_vamb_joint: 4.58419e+00  kld_labels_joint: 8.36559e+00  correct_labels_joint: 0.00000e+00  loss: 9.30710e-01
2026-07-29 04:18:08.165 | INFO    | 		Epoch: 246  loss_vamb: 4.71934e-01  ab_vamb: 7.96377e-03  ce_vamb: 4.18035e-01  sse_vamb: 3.42701e-02  kld_vamb: 1.13653e-02  loss_labels: 4.34249e-03  ce_labels_labels: 1.78014e-04  kld_labels: 2.66526e+01  correct_labels_labels: 0.00000e+00  loss_joint: 4.56866e-01  ce_joint: 6.81694e-01  sse_joint: 2.12783e+01  ce_labels_joint: 2.29825e-04  kld_vamb_joint: 4.58957e+00  kld_labels_joint: 8.39293e+00  correct_labels_joint: 0.00000e+00  loss: 9.33143e-01
2026-07-29 04:18:13.084 | INFO    | 		Epoch: 247  loss_vamb: 4.71940e-01  ab_vamb: 7.93085e-03  ce_vamb: 4.17957e-01  sse_vamb: 3.44403e-02  kld_vamb: 1.13879e-02  loss_labels: 4.34059e-03  ce_labels_labels: 2.34793e-04  kld_labels: 2.62771e+01  correct_labels_labels: 0.00000e+00  loss_joint: 4.57054e-01  ce_joint: 6.81568e-01  sse_joint: 2.13646e+01  ce_labels_joint: 4.89633e-04  kld_vamb_joint: 4.59909e+00  kld_labels_joint: 8.42169e+00  correct_labels_joint: 0.00000e+00  loss: 9.33335e-01
2026-07-29 04:18:17.554 | INFO    | 		Epoch: 248  loss_vamb: 4.70030e-01  ab_vamb: 7.80260e-03  ce_vamb: 4.17912e-01  sse_vamb: 3.44824e-02  kld_vamb: 1.13957e-02  loss_labels: 4.73011e-03  ce_labels_labels: 6.76560e-04  kld_labels: 2.59427e+01  correct_labels_labels: 0.00000e+00  loss_joint: 4.54878e-01  ce_joint: 6.81506e-01  sse_joint: 2.13284e+01  ce_labels_joint: 1.89508e-04  kld_vamb_joint: 4.59642e+00  kld_labels_joint: 8.43893e+00  correct_labels_joint: 0.00000e+00  loss: 9.29638e-01
2026-07-29 04:18:22.012 | INFO    | 		Epoch: 249  loss_vamb: 4.72511e-01  ab_vamb: 8.05925e-03  ce_vamb: 4.17912e-01  sse_vamb: 3.42340e-02  kld_vamb: 1.14039e-02  loss_labels: 4.91055e-03  ce_labels_labels: 8.67456e-04  kld_labels: 2.58758e+01  correct_labels_labels: 0.00000e+00  loss_joint: 4.57162e-01  ce_joint: 6.81397e-01  sse_joint: 2.11652e+01  ce_labels_joint: 1.57843e-04  kld_vamb_joint: 4.58397e+00  kld_labels_joint: 8.40915e+00  correct_labels_joint: 0.00000e+00  loss: 9.34583e-01
2026-07-29 04:18:27.239 | INFO    | 		Epoch: 250  loss_vamb: 4.71845e-01  ab_vamb: 8.29283e-03  ce_vamb: 4.17923e-01  sse_vamb: 3.45736e-02  kld_vamb: 1.13778e-02  loss_labels: 5.19961e-03  ce_labels_labels: 1.13796e-03  kld_labels: 2.59946e+01  correct_labels_labels: 0.00000e+00  loss_joint: 4.56108e-01  ce_joint: 6.81379e-01  sse_joint: 2.12694e+01  ce_labels_joint: 4.14017e-04  kld_vamb_joint: 4.59622e+00  kld_labels_joint: 8.43426e+00  correct_labels_joint: 0.00000e+00  loss: 9.33153e-01
2026-07-29 04:18:32.609 | INFO    | 		Epoch: 251  loss_vamb: 4.72426e-01  ab_vamb: 7.91758e-03  ce_vamb: 4.18037e-01  sse_vamb: 3.44009e-02  kld_vamb: 1.13941e-02  loss_labels: 4.23379e-03  ce_labels_labels: 1.36130e-04  kld_labels: 2.62250e+01  correct_labels_labels: 0.00000e+00  loss_joint: 4.57653e-01  ce_joint: 6.81641e-01  sse_joint: 2.12665e+01  ce_labels_joint: 7.81915e-04  kld_vamb_joint: 4.58353e+00  kld_labels_joint: 8.40371e+00  correct_labels_joint: 0.00000e+00  loss: 9.34313e-01
2026-07-29 04:18:37.970 | INFO    | 		Epoch: 252  loss_vamb: 4.70964e-01  ab_vamb: 7.59238e-03  ce_vamb: 4.18018e-01  sse_vamb: 3.44825e-02  kld_vamb: 1.13835e-02  loss_labels: 4.64146e-03  ce_labels_labels: 5.39573e-04  kld_labels: 2.62521e+01  correct_labels_labels: 0.00000e+00  loss_joint: 4.55805e-01  ce_joint: 6.81629e-01  sse_joint: 2.13571e+01  ce_labels_joint: 2.64772e-04  kld_vamb_joint: 4.58814e+00  kld_labels_joint: 8.39197e+00  correct_labels_joint: 0.00000e+00  loss: 9.31410e-01
2026-07-29 04:18:42.491 | INFO    | 		Epoch: 253  loss_vamb: 4.71751e-01  ab_vamb: 7.65213e-03  ce_vamb: 4.17976e-01  sse_vamb: 3.43650e-02  kld_vamb: 1.13845e-02  loss_labels: 4.83005e-03  ce_labels_labels: 7.25502e-04  kld_labels: 2.62691e+01  correct_labels_labels: 0.00000e+00  loss_joint: 4.56760e-01  ce_joint: 6.81524e-01  sse_joint: 2.12830e+01  ce_labels_joint: 1.41147e-04  kld_vamb_joint: 4.58605e+00  kld_labels_joint: 8.41176e+00  correct_labels_joint: 0.00000e+00  loss: 9.33342e-01
2026-07-29 04:18:47.019 | INFO    | 		Epoch: 254  loss_vamb: 4.71348e-01  ab_vamb: 7.84015e-03  ce_vamb: 4.17952e-01  sse_vamb: 3.43637e-02  kld_vamb: 1.13806e-02  loss_labels: 4.57799e-03  ce_labels_labels: 4.44428e-04  kld_labels: 2.64548e+01  correct_labels_labels: 0.00000e+00  loss_joint: 4.55927e-01  ce_joint: 6.81537e-01  sse_joint: 2.12150e+01  ce_labels_joint: 1.86616e-04  kld_vamb_joint: 4.58941e+00  kld_labels_joint: 8.39425e+00  correct_labels_joint: 0.00000e+00  loss: 9.31853e-01
2026-07-29 04:18:51.878 | INFO    | 		Epoch: 255  loss_vamb: 4.71701e-01  ab_vamb: 7.77021e-03  ce_vamb: 4.17960e-01  sse_vamb: 3.45282e-02  kld_vamb: 1.13526e-02  loss_labels: 4.32943e-03  ce_labels_labels: 1.75787e-04  kld_labels: 2.65833e+01  correct_labels_labels: 0.00000e+00  loss_joint: 4.56336e-01  ce_joint: 6.81598e-01  sse_joint: 2.13158e+01  ce_labels_joint: 2.66371e-04  kld_vamb_joint: 4.59523e+00  kld_labels_joint: 8.40052e+00  correct_labels_joint: 0.00000e+00  loss: 9.32366e-01
2026-07-29 04:18:56.935 | INFO    | 		Epoch: 256  loss_vamb: 4.72180e-01  ab_vamb: 7.80795e-03  ce_vamb: 4.17932e-01  sse_vamb: 3.45638e-02  kld_vamb: 1.13548e-02  loss_labels: 4.32343e-03  ce_labels_labels: 1.69421e-04  kld_labels: 2.65856e+01  correct_labels_labels: 0.00000e+00  loss_joint: 4.57014e-01  ce_joint: 6.81455e-01  sse_joint: 2.12953e+01  ce_labels_joint: 4.66797e-04  kld_vamb_joint: 4.59635e+00  kld_labels_joint: 8.40189e+00  correct_labels_joint: 0.00000e+00  loss: 9.33517e-01
2026-07-29 04:19:02.171 | INFO    | 		Epoch: 257  loss_vamb: 4.72693e-01  ab_vamb: 8.10450e-03  ce_vamb: 4.18034e-01  sse_vamb: 3.45720e-02  kld_vamb: 1.13757e-02  loss_labels: 4.41665e-03  ce_labels_labels: 2.72938e-04  kld_labels: 2.65198e+01  correct_labels_labels: 0.00000e+00  loss_joint: 4.56877e-01  ce_joint: 6.81595e-01  sse_joint: 2.13033e+01  ce_labels_joint: 2.47594e-04  kld_vamb_joint: 4.58335e+00  kld_labels_joint: 8.40978e+00  correct_labels_joint: 0.00000e+00  loss: 9.33986e-01
2026-07-29 04:19:07.434 | INFO    | 		Epoch: 258  loss_vamb: 4.72794e-01  ab_vamb: 8.15244e-03  ce_vamb: 4.18067e-01  sse_vamb: 3.43179e-02  kld_vamb: 1.13706e-02  loss_labels: 4.92808e-03  ce_labels_labels: 8.16768e-04  kld_labels: 2.63124e+01  correct_labels_labels: 0.00000e+00  loss_joint: 4.57282e-01  ce_joint: 6.81680e-01  sse_joint: 2.12398e+01  ce_labels_joint: 2.27179e-04  kld_vamb_joint: 4.58002e+00  kld_labels_joint: 8.41491e+00  correct_labels_joint: 0.00000e+00  loss: 9.35004e-01
2026-07-29 04:19:12.656 | INFO    | 		Epoch: 259  loss_vamb: 4.71211e-01  ab_vamb: 8.06230e-03  ce_vamb: 4.17861e-01  sse_vamb: 3.44901e-02  kld_vamb: 1.13600e-02  loss_labels: 4.74194e-03  ce_labels_labels: 6.66577e-04  kld_labels: 2.60823e+01  correct_labels_labels: 0.00000e+00  loss_joint: 4.56018e-01  ce_joint: 6.81361e-01  sse_joint: 2.13022e+01  ce_labels_joint: 2.75080e-04  kld_vamb_joint: 4.58860e+00  kld_labels_joint: 8.43946e+00  correct_labels_joint: 0.00000e+00  loss: 9.31972e-01
2026-07-29 04:19:17.901 | INFO    | 		Epoch: 260  loss_vamb: 4.71639e-01  ab_vamb: 7.57764e-03  ce_vamb: 4.18067e-01  sse_vamb: 3.43517e-02  kld_vamb: 1.13595e-02  loss_labels: 4.33831e-03  ce_labels_labels: 2.84463e-04  kld_labels: 2.59446e+01  correct_labels_labels: 0.00000e+00  loss_joint: 4.56360e-01  ce_joint: 6.81617e-01  sse_joint: 2.11420e+01  ce_labels_joint: 1.97940e-04  kld_vamb_joint: 4.57358e+00  kld_labels_joint: 8.42668e+00  correct_labels_joint: 0.00000e+00  loss: 9.32337e-01
2026-07-29 04:19:23.086 | INFO    | 		Epoch: 261  loss_vamb: 4.71294e-01  ab_vamb: 7.89531e-03  ce_vamb: 4.18094e-01  sse_vamb: 3.43314e-02  kld_vamb: 1.13654e-02  loss_labels: 4.83423e-03  ce_labels_labels: 8.15967e-04  kld_labels: 2.57169e+01  correct_labels_labels: 0.00000e+00  loss_joint: 4.56202e-01  ce_joint: 6.81676e-01  sse_joint: 2.12363e+01  ce_labels_joint: 5.34101e-04  kld_vamb_joint: 4.56577e+00  kld_labels_joint: 8.41755e+00  correct_labels_joint: 0.00000e+00  loss: 9.32330e-01
2026-07-29 04:19:28.206 | INFO    | 		Epoch: 262  loss_vamb: 4.71205e-01  ab_vamb: 7.84357e-03  ce_vamb: 4.17863e-01  sse_vamb: 3.46245e-02  kld_vamb: 1.13601e-02  loss_labels: 4.22998e-03  ce_labels_labels: 2.19800e-04  kld_labels: 2.56651e+01  correct_labels_labels: 0.00000e+00  loss_joint: 4.55742e-01  ce_joint: 6.81365e-01  sse_joint: 2.12893e+01  ce_labels_joint: 2.99956e-04  kld_vamb_joint: 4.57891e+00  kld_labels_joint: 8.44892e+00  correct_labels_joint: 0.00000e+00  loss: 9.31176e-01
2026-07-29 04:19:32.710 | INFO    | 		Epoch: 263  loss_vamb: 4.71202e-01  ab_vamb: 7.95953e-03  ce_vamb: 4.17867e-01  sse_vamb: 3.44319e-02  kld_vamb: 1.13748e-02  loss_labels: 4.62489e-03  ce_labels_labels: 6.18020e-04  kld_labels: 2.56439e+01  correct_labels_labels: 0.00000e+00  loss_joint: 4.55955e-01  ce_joint: 6.81477e-01  sse_joint: 2.12281e+01  ce_labels_joint: 3.95756e-04  kld_vamb_joint: 4.56119e+00  kld_labels_joint: 8.44289e+00  correct_labels_joint: 0.00000e+00  loss: 9.31782e-01
2026-07-29 04:19:38.013 | INFO    | 		Epoch: 264  loss_vamb: 4.71115e-01  ab_vamb: 7.66763e-03  ce_vamb: 4.17954e-01  sse_vamb: 3.43903e-02  kld_vamb: 1.13749e-02  loss_labels: 4.52297e-03  ce_labels_labels: 5.26199e-04  kld_labels: 2.55793e+01  correct_labels_labels: 0.00000e+00  loss_joint: 4.55970e-01  ce_joint: 6.81446e-01  sse_joint: 2.11799e+01  ce_labels_joint: 2.58196e-04  kld_vamb_joint: 4.56651e+00  kld_labels_joint: 8.43436e+00  correct_labels_joint: 0.00000e+00  loss: 9.31607e-01
2026-07-29 04:19:43.104 | INFO    | 		Epoch: 265  loss_vamb: 4.71051e-01  ab_vamb: 7.67415e-03  ce_vamb: 4.18108e-01  sse_vamb: 3.42721e-02  kld_vamb: 1.13599e-02  loss_labels: 4.79383e-03  ce_labels_labels: 7.91389e-04  kld_labels: 2.56156e+01  correct_labels_labels: 0.00000e+00  loss_joint: 4.55806e-01  ce_joint: 6.81750e-01  sse_joint: 2.11796e+01  ce_labels_joint: 2.98829e-04  kld_vamb_joint: 4.57380e+00  kld_labels_joint: 8.41119e+00  correct_labels_joint: 0.00000e+00  loss: 9.31651e-01
2026-07-29 04:19:47.865 | INFO    | 		Epoch: 266  loss_vamb: 4.71832e-01  ab_vamb: 8.31126e-03  ce_vamb: 4.17891e-01  sse_vamb: 3.43123e-02  kld_vamb: 1.13485e-02  loss_labels: 4.35735e-03  ce_labels_labels: 3.44220e-04  kld_labels: 2.56841e+01  correct_labels_labels: 0.00000e+00  loss_joint: 4.56459e-01  ce_joint: 6.81386e-01  sse_joint: 2.12021e+01  ce_labels_joint: 5.25020e-04  kld_vamb_joint: 4.57608e+00  kld_labels_joint: 8.41763e+00  correct_labels_joint: 0.00000e+00  loss: 9.32648e-01
2026-07-29 04:19:52.490 | INFO    | 		Epoch: 267  loss_vamb: 4.72134e-01  ab_vamb: 7.91541e-03  ce_vamb: 4.18055e-01  sse_vamb: 3.45730e-02  kld_vamb: 1.13333e-02  loss_labels: 4.23124e-03  ce_labels_labels: 2.04419e-04  kld_labels: 2.57716e+01  correct_labels_labels: 0.00000e+00  loss_joint: 4.56772e-01  ce_joint: 6.81673e-01  sse_joint: 2.12856e+01  ce_labels_joint: 2.50097e-04  kld_vamb_joint: 4.57954e+00  kld_labels_joint: 8.40989e+00  correct_labels_joint: 0.00000e+00  loss: 9.33138e-01
2026-07-29 04:19:57.440 | INFO    | 		Epoch: 268  loss_vamb: 4.71566e-01  ab_vamb: 8.05718e-03  ce_vamb: 4.17983e-01  sse_vamb: 3.46694e-02  kld_vamb: 1.13421e-02  loss_labels: 4.40111e-03  ce_labels_labels: 3.81606e-04  kld_labels: 2.57248e+01  correct_labels_labels: 0.00000e+00  loss_joint: 4.55876e-01  ce_joint: 6.81492e-01  sse_joint: 2.13101e+01  ce_labels_joint: 2.08845e-04  kld_vamb_joint: 4.57045e+00  kld_labels_joint: 8.42753e+00  correct_labels_joint: 0.00000e+00  loss: 9.31843e-01
2026-07-29 04:20:02.443 | INFO    | 		Epoch: 269  loss_vamb: 4.71400e-01  ab_vamb: 7.97476e-03  ce_vamb: 4.17879e-01  sse_vamb: 3.45442e-02  kld_vamb: 1.13660e-02  loss_labels: 4.73417e-03  ce_labels_labels: 7.33272e-04  kld_labels: 2.56058e+01  correct_labels_labels: 0.00000e+00  loss_joint: 4.56316e-01  ce_joint: 6.81298e-01  sse_joint: 2.13007e+01  ce_labels_joint: 5.26108e-04  kld_vamb_joint: 4.57902e+00  kld_labels_joint: 8.43539e+00  correct_labels_joint: 0.00000e+00  loss: 9.32450e-01
2026-07-29 04:20:07.305 | INFO    | 		Epoch: 270  loss_vamb: 4.70799e-01  ab_vamb: 7.64065e-03  ce_vamb: 4.17909e-01  sse_vamb: 3.44955e-02  kld_vamb: 1.13567e-02  loss_labels: 4.44421e-03  ce_labels_labels: 4.23730e-04  kld_labels: 2.57311e+01  correct_labels_labels: 0.00000e+00  loss_joint: 4.55535e-01  ce_joint: 6.81439e-01  sse_joint: 2.12394e+01  ce_labels_joint: 2.81341e-04  kld_vamb_joint: 4.57422e+00  kld_labels_joint: 8.42819e+00  correct_labels_joint: 0.00000e+00  loss: 9.30778e-01
2026-07-29 04:20:12.326 | INFO    | 		Epoch: 271  loss_vamb: 4.71679e-01  ab_vamb: 8.12161e-03  ce_vamb: 4.18105e-01  sse_vamb: 3.43033e-02  kld_vamb: 1.13393e-02  loss_labels: 4.20266e-03  ce_labels_labels: 1.70439e-04  kld_labels: 2.58062e+01  correct_labels_labels: 0.00000e+00  loss_joint: 4.56611e-01  ce_joint: 6.81823e-01  sse_joint: 2.12290e+01  ce_labels_joint: 3.66980e-04  kld_vamb_joint: 4.58342e+00  kld_labels_joint: 8.43560e+00  correct_labels_joint: 0.00000e+00  loss: 9.32493e-01
2026-07-29 04:20:17.384 | INFO    | 		Epoch: 272  loss_vamb: 4.71091e-01  ab_vamb: 7.98868e-03  ce_vamb: 4.17975e-01  sse_vamb: 3.44034e-02  kld_vamb: 1.13594e-02  loss_labels: 4.20234e-03  ce_labels_labels: 1.59756e-04  kld_labels: 2.58725e+01  correct_labels_labels: 0.00000e+00  loss_joint: 4.55791e-01  ce_joint: 6.81460e-01  sse_joint: 2.12468e+01  ce_labels_joint: 2.98835e-04  kld_vamb_joint: 4.57813e+00  kld_labels_joint: 8.42979e+00  correct_labels_joint: 0.00000e+00  loss: 9.31085e-01
2026-07-29 04:20:22.817 | INFO    | 		Epoch: 273  loss_vamb: 4.71428e-01  ab_vamb: 7.85387e-03  ce_vamb: 4.17898e-01  sse_vamb: 3.41733e-02  kld_vamb: 1.13711e-02  loss_labels: 4.26046e-03  ce_labels_labels: 2.31215e-04  kld_labels: 2.57871e+01  correct_labels_labels: 0.00000e+00  loss_joint: 4.56032e-01  ce_joint: 6.81468e-01  sse_joint: 2.10829e+01  ce_labels_joint: 3.60701e-04  kld_vamb_joint: 4.55981e+00  kld_labels_joint: 8.39642e+00  correct_labels_joint: 0.00000e+00  loss: 9.31721e-01
2026-07-29 04:20:28.011 | INFO    | 		Epoch: 274  loss_vamb: 4.70675e-01  ab_vamb: 7.75028e-03  ce_vamb: 4.17868e-01  sse_vamb: 3.45425e-02  kld_vamb: 1.13674e-02  loss_labels: 4.70260e-03  ce_labels_labels: 7.07787e-04  kld_labels: 2.55668e+01  correct_labels_labels: 0.00000e+00  loss_joint: 4.55624e-01  ce_joint: 6.81403e-01  sse_joint: 2.13134e+01  ce_labels_joint: 3.65510e-04  kld_vamb_joint: 4.55861e+00  kld_labels_joint: 8.43363e+00  correct_labels_joint: 0.00000e+00  loss: 9.31001e-01
2026-07-29 04:20:33.244 | INFO    | 		Epoch: 275  loss_vamb: 4.71703e-01  ab_vamb: 7.92395e-03  ce_vamb: 4.17958e-01  sse_vamb: 3.42328e-02  kld_vamb: 1.13465e-02  loss_labels: 4.77593e-03  ce_labels_labels: 8.02101e-04  kld_labels: 2.54325e+01  correct_labels_labels: 0.00000e+00  loss_joint: 4.56765e-01  ce_joint: 6.81551e-01  sse_joint: 2.11673e+01  ce_labels_joint: 3.71040e-04  kld_vamb_joint: 4.56797e+00  kld_labels_joint: 8.44329e+00  correct_labels_joint: 0.00000e+00  loss: 9.33244e-01
2026-07-29 04:20:38.345 | INFO    | 		Epoch: 276  loss_vamb: 4.72531e-01  ab_vamb: 8.16284e-03  ce_vamb: 4.18117e-01  sse_vamb: 3.44423e-02  kld_vamb: 1.13358e-02  loss_labels: 4.84540e-03  ce_labels_labels: 8.94521e-04  kld_labels: 2.52856e+01  correct_labels_labels: 0.00000e+00  loss_joint: 4.56774e-01  ce_joint: 6.81707e-01  sse_joint: 2.11760e+01  ce_labels_joint: 2.68104e-04  kld_vamb_joint: 4.57724e+00  kld_labels_joint: 8.45810e+00  correct_labels_joint: 0.00000e+00  loss: 9.34151e-01
2026-07-29 04:20:43.516 | INFO    | 		Epoch: 277  loss_vamb: 4.72192e-01  ab_vamb: 7.81515e-03  ce_vamb: 4.18028e-01  sse_vamb: 3.43201e-02  kld_vamb: 1.13465e-02  loss_labels: 4.23490e-03  ce_labels_labels: 2.87279e-04  kld_labels: 2.52648e+01  correct_labels_labels: 0.00000e+00  loss_joint: 4.56482e-01  ce_joint: 6.81606e-01  sse_joint: 2.11669e+01  ce_labels_joint: 2.07868e-04  kld_vamb_joint: 4.57246e+00  kld_labels_joint: 8.44801e+00  correct_labels_joint: 0.00000e+00  loss: 9.32909e-01
2026-07-29 04:20:48.796 | INFO    | 		Epoch: 278  loss_vamb: 4.71988e-01  ab_vamb: 8.22061e-03  ce_vamb: 4.17924e-01  sse_vamb: 3.43379e-02  kld_vamb: 1.13364e-02  loss_labels: 4.19483e-03  ce_labels_labels: 2.44923e-04  kld_labels: 2.52794e+01  correct_labels_labels: 0.00000e+00  loss_joint: 4.56452e-01  ce_joint: 6.81405e-01  sse_joint: 2.10633e+01  ce_labels_joint: 2.32497e-04  kld_vamb_joint: 4.56289e+00  kld_labels_joint: 8.43760e+00  correct_labels_joint: 0.00000e+00  loss: 9.32635e-01
2026-07-29 04:20:53.640 | INFO    | 		Epoch: 279  loss_vamb: 4.70767e-01  ab_vamb: 7.70951e-03  ce_vamb: 4.17907e-01  sse_vamb: 3.45111e-02  kld_vamb: 1.13211e-02  loss_labels: 4.32651e-03  ce_labels_labels: 3.84708e-04  kld_labels: 2.52275e+01  correct_labels_labels: 0.00000e+00  loss_joint: 4.55284e-01  ce_joint: 6.81374e-01  sse_joint: 2.11805e+01  ce_labels_joint: 1.89988e-04  kld_vamb_joint: 4.56825e+00  kld_labels_joint: 8.44279e+00  correct_labels_joint: 0.00000e+00  loss: 9.30378e-01
2026-07-29 04:20:58.198 | INFO    | 		Epoch: 280  loss_vamb: 4.71158e-01  ab_vamb: 7.90086e-03  ce_vamb: 4.17898e-01  sse_vamb: 3.44135e-02  kld_vamb: 1.13454e-02  loss_labels: 4.25876e-03  ce_labels_labels: 3.26063e-04  kld_labels: 2.51693e+01  correct_labels_labels: 0.00000e+00  loss_joint: 4.55683e-01  ce_joint: 6.81399e-01  sse_joint: 2.11554e+01  ce_labels_joint: 2.64495e-04  kld_vamb_joint: 4.57491e+00  kld_labels_joint: 8.46399e+00  correct_labels_joint: 0.00000e+00  loss: 9.31099e-01
2026-07-29 04:21:02.914 | INFO    | 		Epoch: 281  loss_vamb: 4.72132e-01  ab_vamb: 7.83380e-03  ce_vamb: 4.17960e-01  sse_vamb: 3.44338e-02  kld_vamb: 1.13569e-02  loss_labels: 5.13533e-03  ce_labels_labels: 1.21313e-03  kld_labels: 2.51021e+01  correct_labels_labels: 0.00000e+00  loss_joint: 4.57237e-01  ce_joint: 6.81484e-01  sse_joint: 2.12040e+01  ce_labels_joint: 6.18774e-04  kld_vamb_joint: 4.57252e+00  kld_labels_joint: 8.46553e+00  correct_labels_joint: 0.00000e+00  loss: 9.34504e-01
2026-07-29 04:21:07.973 | INFO    | 		Epoch: 282  loss_vamb: 4.71985e-01  ab_vamb: 7.68861e-03  ce_vamb: 4.18101e-01  sse_vamb: 3.43261e-02  kld_vamb: 1.13677e-02  loss_labels: 4.22755e-03  ce_labels_labels: 2.99880e-04  kld_labels: 2.51371e+01  correct_labels_labels: 0.00000e+00  loss_joint: 4.56853e-01  ce_joint: 6.81730e-01  sse_joint: 2.11766e+01  ce_labels_joint: 2.58251e-04  kld_vamb_joint: 4.55773e+00  kld_labels_joint: 8.45011e+00  correct_labels_joint: 0.00000e+00  loss: 9.33066e-01
2026-07-29 04:21:12.908 | INFO    | 		Epoch: 283  loss_vamb: 4.71136e-01  ab_vamb: 7.80000e-03  ce_vamb: 4.18002e-01  sse_vamb: 3.44055e-02  kld_vamb: 1.13594e-02  loss_labels: 5.47514e-03  ce_labels_labels: 1.53146e-03  kld_labels: 2.52395e+01  correct_labels_labels: 0.00000e+00  loss_joint: 4.55749e-01  ce_joint: 6.81462e-01  sse_joint: 2.12035e+01  ce_labels_joint: 2.93160e-04  kld_vamb_joint: 4.54388e+00  kld_labels_joint: 8.44379e+00  correct_labels_joint: 0.00000e+00  loss: 9.32361e-01
2026-07-29 04:21:18.083 | INFO    | 		Epoch: 284  loss_vamb: 4.71170e-01  ab_vamb: 8.00678e-03  ce_vamb: 4.18019e-01  sse_vamb: 3.45686e-02  kld_vamb: 1.13535e-02  loss_labels: 4.52531e-03  ce_labels_labels: 5.26903e-04  kld_labels: 2.55898e+01  correct_labels_labels: 0.00000e+00  loss_joint: 4.55961e-01  ce_joint: 6.81683e-01  sse_joint: 2.11941e+01  ce_labels_joint: 3.77777e-04  kld_vamb_joint: 4.57432e+00  kld_labels_joint: 8.43393e+00  correct_labels_joint: 0.00000e+00  loss: 9.31657e-01
2026-07-29 04:21:23.334 | INFO    | 		Epoch: 285  loss_vamb: 4.70898e-01  ab_vamb: 8.05034e-03  ce_vamb: 4.17948e-01  sse_vamb: 3.43956e-02  kld_vamb: 1.13494e-02  loss_labels: 4.51321e-03  ce_labels_labels: 4.68582e-04  kld_labels: 2.58856e+01  correct_labels_labels: 0.00000e+00  loss_joint: 4.55740e-01  ce_joint: 6.81542e-01  sse_joint: 2.12305e+01  ce_labels_joint: 4.16398e-04  kld_vamb_joint: 4.57132e+00  kld_labels_joint: 8.42395e+00  correct_labels_joint: 0.00000e+00  loss: 9.31151e-01
2026-07-29 04:21:28.573 | INFO    | 		Epoch: 286  loss_vamb: 4.71664e-01  ab_vamb: 7.54451e-03  ce_vamb: 4.17969e-01  sse_vamb: 3.43439e-02  kld_vamb: 1.13687e-02  loss_labels: 4.80076e-03  ce_labels_labels: 7.38461e-04  kld_labels: 2.59987e+01  correct_labels_labels: 0.00000e+00  loss_joint: 4.56443e-01  ce_joint: 6.81450e-01  sse_joint: 2.11599e+01  ce_labels_joint: 2.31817e-04  kld_vamb_joint: 4.55960e+00  kld_labels_joint: 8.41738e+00  correct_labels_joint: 0.00000e+00  loss: 9.32908e-01
2026-07-29 04:21:33.713 | INFO    | 		Epoch: 287  loss_vamb: 4.70879e-01  ab_vamb: 7.93925e-03  ce_vamb: 4.18088e-01  sse_vamb: 3.44630e-02  kld_vamb: 1.13526e-02  loss_labels: 4.31898e-03  ce_labels_labels: 2.53111e-04  kld_labels: 2.60215e+01  correct_labels_labels: 0.00000e+00  loss_joint: 4.55317e-01  ce_joint: 6.81648e-01  sse_joint: 2.11894e+01  ce_labels_joint: 2.94495e-04  kld_vamb_joint: 4.55417e+00  kld_labels_joint: 8.40755e+00  correct_labels_joint: 0.00000e+00  loss: 9.30514e-01
2026-07-29 04:21:38.747 | INFO    | 		Epoch: 288  loss_vamb: 4.71783e-01  ab_vamb: 7.99328e-03  ce_vamb: 4.18019e-01  sse_vamb: 3.43950e-02  kld_vamb: 1.13609e-02  loss_labels: 4.88147e-03  ce_labels_labels: 8.15358e-04  kld_labels: 2.60231e+01  correct_labels_labels: 0.00000e+00  loss_joint: 4.56736e-01  ce_joint: 6.81530e-01  sse_joint: 2.12075e+01  ce_labels_joint: 3.19013e-04  kld_vamb_joint: 4.56670e+00  kld_labels_joint: 8.42253e+00  correct_labels_joint: 0.00000e+00  loss: 9.33401e-01
2026-07-29 04:21:43.334 | INFO    | 		Epoch: 289  loss_vamb: 4.71424e-01  ab_vamb: 7.69262e-03  ce_vamb: 4.17994e-01  sse_vamb: 3.45800e-02  kld_vamb: 1.13285e-02  loss_labels: 4.23354e-03  ce_labels_labels: 1.75451e-04  kld_labels: 2.59717e+01  correct_labels_labels: 0.00000e+00  loss_joint: 4.56228e-01  ce_joint: 6.81611e-01  sse_joint: 2.11930e+01  ce_labels_joint: 3.02274e-04  kld_vamb_joint: 4.57097e+00  kld_labels_joint: 8.41917e+00  correct_labels_joint: 0.00000e+00  loss: 9.31886e-01
2026-07-29 04:21:48.005 | INFO    | 		Epoch: 290  loss_vamb: 4.72436e-01  ab_vamb: 8.19419e-03  ce_vamb: 4.18011e-01  sse_vamb: 3.42195e-02  kld_vamb: 1.13553e-02  loss_labels: 4.50662e-03  ce_labels_labels: 4.80598e-04  kld_labels: 2.57666e+01  correct_labels_labels: 0.00000e+00  loss_joint: 4.56568e-01  ce_joint: 6.81539e-01  sse_joint: 2.10797e+01  ce_labels_joint: 2.01372e-04  kld_vamb_joint: 4.57448e+00  kld_labels_joint: 8.43215e+00  correct_labels_joint: 0.00000e+00  loss: 9.33511e-01
2026-07-29 04:21:52.697 | INFO    | 		Epoch: 291  loss_vamb: 4.71522e-01  ab_vamb: 7.93546e-03  ce_vamb: 4.17886e-01  sse_vamb: 3.42432e-02  kld_vamb: 1.13301e-02  loss_labels: 4.82682e-03  ce_labels_labels: 8.11634e-04  kld_labels: 2.56972e+01  correct_labels_labels: 0.00000e+00  loss_joint: 4.56282e-01  ce_joint: 6.81305e-01  sse_joint: 2.11030e+01  ce_labels_joint: 4.98275e-04  kld_vamb_joint: 4.55366e+00  kld_labels_joint: 8.40643e+00  correct_labels_joint: 0.00000e+00  loss: 9.32631e-01
2026-07-29 04:21:57.366 | INFO    | 		Epoch: 292  loss_vamb: 4.72175e-01  ab_vamb: 7.60488e-03  ce_vamb: 4.18001e-01  sse_vamb: 3.41859e-02  kld_vamb: 1.13211e-02  loss_labels: 4.49328e-03  ce_labels_labels: 4.82717e-04  kld_labels: 2.56676e+01  correct_labels_labels: 0.00000e+00  loss_joint: 4.56860e-01  ce_joint: 6.81561e-01  sse_joint: 2.09554e+01  ce_labels_joint: 3.27548e-04  kld_vamb_joint: 4.56136e+00  kld_labels_joint: 8.42100e+00  correct_labels_joint: 0.00000e+00  loss: 9.33528e-01
2026-07-29 04:22:02.110 | INFO    | 		Epoch: 293  loss_vamb: 4.72855e-01  ab_vamb: 8.07161e-03  ce_vamb: 4.18052e-01  sse_vamb: 3.41997e-02  kld_vamb: 1.13297e-02  loss_labels: 4.67898e-03  ce_labels_labels: 6.71089e-04  kld_labels: 2.56505e+01  correct_labels_labels: 0.00000e+00  loss_joint: 4.57352e-01  ce_joint: 6.81652e-01  sse_joint: 2.10287e+01  ce_labels_joint: 4.09323e-04  kld_vamb_joint: 4.56100e+00  kld_labels_joint: 8.43157e+00  correct_labels_joint: 0.00000e+00  loss: 9.34886e-01
2026-07-29 04:22:06.691 | INFO    | 		Epoch: 294  loss_vamb: 4.71741e-01  ab_vamb: 7.80710e-03  ce_vamb: 4.17947e-01  sse_vamb: 3.44870e-02  kld_vamb: 1.13399e-02  loss_labels: 5.02498e-03  ce_labels_labels: 9.91873e-04  kld_labels: 2.58119e+01  correct_labels_labels: 0.00000e+00  loss_joint: 4.56536e-01  ce_joint: 6.81523e-01  sse_joint: 2.11819e+01  ce_labels_joint: 4.40635e-04  kld_vamb_joint: 4.55985e+00  kld_labels_joint: 8.42334e+00  correct_labels_joint: 0.00000e+00  loss: 9.33302e-01
2026-07-29 04:22:11.087 | INFO    | 		Epoch: 295  loss_vamb: 4.72391e-01  ab_vamb: 8.14831e-03  ce_vamb: 4.17950e-01  sse_vamb: 3.43292e-02  kld_vamb: 1.13661e-02  loss_labels: 4.24767e-03  ce_labels_labels: 1.97659e-04  kld_labels: 2.59201e+01  correct_labels_labels: 0.00000e+00  loss_joint: 4.56504e-01  ce_joint: 6.81392e-01  sse_joint: 2.10375e+01  ce_labels_joint: 2.29969e-04  kld_vamb_joint: 4.55558e+00  kld_labels_joint: 8.41924e+00  correct_labels_joint: 0.00000e+00  loss: 9.33143e-01
2026-07-29 04:22:15.332 | INFO    | 		Epoch: 296  loss_vamb: 4.70945e-01  ab_vamb: 7.72541e-03  ce_vamb: 4.18027e-01  sse_vamb: 3.45134e-02  kld_vamb: 1.13507e-02  loss_labels: 4.33673e-03  ce_labels_labels: 2.50980e-04  kld_labels: 2.61488e+01  correct_labels_labels: 0.00000e+00  loss_joint: 4.55550e-01  ce_joint: 6.81642e-01  sse_joint: 2.12175e+01  ce_labels_joint: 3.42156e-04  kld_vamb_joint: 4.55021e+00  kld_labels_joint: 8.38453e+00  correct_labels_joint: 0.00000e+00  loss: 9.30832e-01
2026-07-29 04:22:19.708 | INFO    | 		Epoch: 297  loss_vamb: 4.71468e-01  ab_vamb: 7.67574e-03  ce_vamb: 4.18031e-01  sse_vamb: 3.43365e-02  kld_vamb: 1.13335e-02  loss_labels: 4.97005e-03  ce_labels_labels: 8.76382e-04  kld_labels: 2.61995e+01  correct_labels_labels: 0.00000e+00  loss_joint: 4.56384e-01  ce_joint: 6.81634e-01  sse_joint: 2.10961e+01  ce_labels_joint: 2.38694e-04  kld_vamb_joint: 4.54383e+00  kld_labels_joint: 8.39182e+00  correct_labels_joint: 0.00000e+00  loss: 9.32823e-01
2026-07-29 04:22:23.968 | INFO    | 		Epoch: 298  loss_vamb: 4.69786e-01  ab_vamb: 7.58481e-03  ce_vamb: 4.17911e-01  sse_vamb: 3.43548e-02  kld_vamb: 1.13460e-02  loss_labels: 5.08439e-03  ce_labels_labels: 9.77156e-04  kld_labels: 2.62863e+01  correct_labels_labels: 0.00000e+00  loss_joint: 4.54570e-01  ce_joint: 6.81372e-01  sse_joint: 2.11738e+01  ce_labels_joint: 2.03797e-04  kld_vamb_joint: 4.55162e+00  kld_labels_joint: 8.38838e+00  correct_labels_joint: 0.00000e+00  loss: 9.29441e-01
2026-07-29 04:22:28.432 | INFO    | 		Epoch: 299  loss_vamb: 4.71537e-01  ab_vamb: 7.77851e-03  ce_vamb: 4.17930e-01  sse_vamb: 3.42198e-02  kld_vamb: 1.13470e-02  loss_labels: 4.62916e-03  ce_labels_labels: 4.98530e-04  kld_labels: 2.64360e+01  correct_labels_labels: 0.00000e+00  loss_joint: 4.56888e-01  ce_joint: 6.81466e-01  sse_joint: 2.10305e+01  ce_labels_joint: 7.24100e-04  kld_vamb_joint: 4.55848e+00  kld_labels_joint: 8.39280e+00  correct_labels_joint: 0.00000e+00  loss: 9.33055e-01
2026-07-29 04:22:29.026 | INFO    | (10203, 32) embedding shape
2026-07-29 04:22:29.399 | INFO    | Clustering
2026-07-29 04:22:29.399 | INFO    | 	Windowsize: 300
2026-07-29 04:22:29.399 | INFO    | 	Min successful thresholds detected: 15
2026-07-29 04:22:29.399 | INFO    | 	Max clusters: None
2026-07-29 04:22:29.399 | INFO    | 	Use CUDA for clustering: False
2026-07-29 04:22:29.399 | INFO    | 	Binsplitter: Explicitly passed as empty (no binsplitting)
2026-07-29 04:22:45.496 | INFO    | 	Clustered 10203 contigs in 2965 unsplit bins
2026-07-29 04:22:45.497 | INFO    | 	Wrote cluster file(s) in 0.01 seconds.
2026-07-29 04:22:48.493 | INFO    | 	Wrote 35 bins with 6608 sequences in 3.0 seconds.
2026-07-29 04:22:48.493 | INFO    | 	Clustered contigs in 16.09 seconds.

2026-07-29 04:22:48.538 | INFO    | Completed Vamb in 1516.4 seconds.
