Gene ID	EC#	dbCAN_hmm	dbCAN_sub	DIAMOND	#ofTools	Recommend Results	Substrate
megahit-co__c000002_1	-	GH38(95-332)	GH38_e13(96-335)	GH38	3	GH38_e13	-
megahit-co__c000017_3	-	AA6(13-190)	-	-	1	-	-
megahit-co__c000048_1	-	-	-	GH50	1	-	-
megahit-co__c000092_2	-	-	GT4_e1946(204-347)	GT4	2	GT4_e1946	-
megahit-co__c000092_7	-	-	-	GT2	1	-	-
megahit-co__c000097_13	-	GT4(193-323)	GT4_e3191(195-322)	GT4	3	GT4_e3191	-
megahit-co__c000097_6	-	GH16_24(23-264)	GH16_e785(23-264)	GH16_24	3	GH16_24	-
megahit-co__c000097_8	-	GT4(198-351)	GT4_e1914(201-351)	GT4	3	GT4_e1914	-
megahit-co__c000101_1	-	CBM32(147-266)	CBM32_e372(150-253)	CBM32	3	CBM32_e372	host glycan
megahit-co__c000114_1	-	-	-	GH13_30	1	-	-
megahit-co__c000127_1	-	-	-	CBM0	1	-	-
megahit-co__c000132_1	-	-	-	GT2	1	-	-
megahit-co__c000151_1	-	-	CBM32_e372(63-163)	AAO77299.1+GH29	2	CBM32_e372	host glycan
megahit-co__c000151_2	-	-	CBM13_e174(34-173)	-	1	-	xylan
megahit-co__c000194_1	-	-	-	GT1	1	-	-
megahit-co__c000209_1	-	-	-	CBM13	1	-	-
megahit-co__c000240_15	-	GH31_4(203-664)	GH31_e0(203-663)	GH31_4	3	GH31_4	-
megahit-co__c000240_32	-	-	-	GH36	1	-	-
megahit-co__c000248_1	-	-	-	CBM3	1	-	-
megahit-co__c000252_1	-	-	-	GH89	1	-	-
megahit-co__c000255_5	-	-	-	GT119	1	-	-
megahit-co__c000262_16	-	-	-	GH1	1	-	-
megahit-co__c000276_3	-|-	GT2(4-175)	GT2(4-175)+GT2(123-233)	GT2	3	GT2|GT2	-
megahit-co__c000281_2	-	-	-	GH2_1	1	-	-
megahit-co__c000284_13	-	-	-	GH24	1	-	-
megahit-co__c000286_6	-	GT4(198-348)	GT4_e2825(200-349)	GT4	3	GT4_e2825	-
megahit-co__c000286_7	-	CE4(84-224)	CE4_e662(87-214)	-	2	CE4_e662	-
megahit-co__c000299_3	-	-	-	GH130_3	1	-	-
megahit-co__c000306_11	-	GH63(422-869)	-	GH0	2	GH63	-
megahit-co__c000316_3	-	GH2_6(60-611)	GH2_e49(62-611)	GH2_6	3	GH2_6	-
megahit-co__c000316_4	-	-	-	GH3	1	-	-
megahit-co__c000319_1	-	-	-	GT0	1	-	-
megahit-co__c000347_1	-|-	-	CBM50_e1795(47-91)+CBM50_e1795(100-132)	CBM50	2	CBM50_e1795|CBM50_e1795	chitin
megahit-co__c000349_2	-	GT4(198-344)	GT4_e2566(199-342)	AAM71790.1+GT4	3	GT4_e2566	-
megahit-co__c000350_1	-	-	-	GH3	1	-	-
megahit-co__c000355_27	-	-	-	GT1	1	-	-
megahit-co__c000367_10	-	-	-	CBM47	1	-	-
megahit-co__c000368_10	-	-	-	GH92	1	-	-
megahit-co__c000387_4	-	GH33(38-367)	GH33_e86(45-365)	GH33	3	GH33_e86	host glycan
megahit-co__c000389_1	-	-	-	GT1	1	-	-
megahit-co__c000394_3	-	-	-	CBM13	1	-	-
megahit-co__c000402_14	-	-	-	CBM47	1	-	-
megahit-co__c000402_25	-	-	-	GH39	1	-	-
megahit-co__c000406_1	-	GH43_19(1-92)+GH43_34(122-420)	GH43_e617(122-419)	GH43_19+GH43_34	3	GH43_19|GH43_34	-
megahit-co__c000421_1	-	-	-	GH108	1	-	-
megahit-co__c000443_11	-	GT2(8-170)	GT2(7-168)	GT2	3	GT2	-
megahit-co__c000455_3	-	CE1(92-344)	-	-	1	-	-
megahit-co__c000459_4	-	-	-	GT119	1	-	-
megahit-co__c000482_28	-	-	-	CBM50+GH25	1	-	-
megahit-co__c000482_3	-	-	-	GT4	1	-	-
megahit-co__c000482_4	-	-	-	GT0	1	-	-
megahit-co__c000482_56	-	-	-	GT4	1	-	-
megahit-co__c000482_75	-	-	-	GT2	1	-	-
megahit-co__c000489_102	-	-	-	GH5_11	1	-	-
megahit-co__c000489_11	-	GH15(245-606)	GH15_e61(245-606)	GH15	3	GH15_e61	-
megahit-co__c000489_13	3.2.1.25:9	GH2_13(5-669)	GH2_e111(5-668)	GH2_13	3	GH2_13	beta-mannan
megahit-co__c000489_146	-	-	-	GH13_31	1	-	-
megahit-co__c000489_154	-	GH23(44-176)	GH23_e73(47-176)	GH23	3	GH23_e73	-
megahit-co__c000489_3	3.2.1.78:4	GH5_36(9-295)	GH5_e83(9-295)	GH5_36	3	GH5_36	beta-mannan
megahit-co__c000489_76	-	-	-	GH13_48	1	-	-
megahit-co__c000489_79	-	-	-	GH13_11	1	-	-
megahit-co__c000489_85	-	-	-	GT0	1	-	-
megahit-co__c000493_1	-	-	-	CBM5	1	-	-
megahit-co__c000493_16	3.2.1.49:6;3.2.1.52:2	GH109(51-450)	GH109_e0(51-450)	GH109	3	GH109_e0	host glycan
megahit-co__c000509_2	-	-	-	GT4	1	-	-
megahit-co__c000517_1	3.2.1.1:3;3.2.1.41:25;3.2.1.68:3	GH13_13(2-214)	GH13_e248(2-216)	CBM48+GH13_13+GH13_32	3	GH13_13	alpha-glucan
megahit-co__c000527_1	-	GT4(97-247)	GT4_e4267(100-246)	GT4	3	GT4_e4267	-
megahit-co__c000534_51	-	GT66(13-622)	GT66_e14(18-619)	GT66	3	GT66_e14	-
megahit-co__c000540_12	-	-	GT2(4-129)	GT2	2	GT2	-
megahit-co__c000545_1	-	GT2(10-109)	GT2(10-110)	-	2	GT2	-
megahit-co__c000545_2	-|-	GT2(3-173)	GT2(3-173)+GT2(123-223)	GT2	3	GT2	-
megahit-co__c000570_1	-	-	-	GH36	1	-	-
megahit-co__c000575_1	-	-	-	GH13_3	1	-	-
megahit-co__c000597_20	-	GT2(5-135)	GT2(5-113)	AAR39026.1+GT2	3	GT2	-
megahit-co__c000611_107	-	GT2(7-137)	GT2(7-136)	GT2	3	GT2	-
megahit-co__c000611_125	-	-	-	GT2	1	-	-
megahit-co__c000611_155	-	GT51(54-219)	GT51_e103(54-219)	GT51	3	GT51_e103	-
megahit-co__c000611_164	-	-	-	GH13_31	1	-	-
megahit-co__c000611_221	-	GT26(87-248)	GT26_e173(87-248)	AAD35900.1+GT26	3	GT26_e173	-
megahit-co__c000611_224	-	CBM66(106-227)	-	CBM66	2	CBM66	-
megahit-co__c000611_231	3.2.1.52:5	GH3(60-275)	GH3_e5(59-275)	GH3	3	GH3_e5	chitin
megahit-co__c000611_259	-	GH130_12(45-329)	GH130_e71(45-328)	GH130_12	3	GH130_12	beta-mannan
megahit-co__c000611_33	-	GH23(84-193)	GH23_e695(82-193)	GH23	3	GH23_e695	-
megahit-co__c000611_65	-	-	-	GH101	1	-	-
megahit-co__c000611_70	-	-	-	GH13_11	1	-	-
megahit-co__c000611_90	-	-	-	GH28	1	-	-
megahit-co__c000628_1	-	-	-	GH36	1	-	-
megahit-co__c000633_1	-	-	-	CBM51	1	-	-
megahit-co__c000636_2	-	-	-	GT1	1	-	-
megahit-co__c000650_12	-	-	GT4_e1795(287-399)	GT4	2	GT4_e1795	-
megahit-co__c000650_13	-	GT2(53-153)	GT2(53-180)	GT2	3	GT2	-
megahit-co__c000650_26	2.4.1.157:4	GT4(191-342)	GT4_e4921(195-337)	GT4	3	GT4_e4921	-
megahit-co__c000650_55	-	-	-	GH101	1	-	-
megahit-co__c000650_7	-	-	GT4_e611(221-363)	GT4	2	GT4_e611	-
megahit-co__c000650_87	-	GH23(82-193)	GH23_e695(82-193)	GH23	3	GH23_e695	-
megahit-co__c000654_2	-	-	-	GT1	1	-	-
megahit-co__c000664_17	-	GT2(7-173)	GT2(8-173)	GT2	3	GT2	-
megahit-co__c000664_56	3.2.1.23:9	GH42(14-387)	GH42_e17(14-387)	GH42	3	GH42_e17	arabinogalactan
megahit-co__c000672_6	-	-	-	GT50	1	-	-
megahit-co__c000689_38	-	-	-	GT2	1	-	-
megahit-co__c000697_5	-	GT2(15-167)	GT2(15-167)	GT2	3	GT2	-
megahit-co__c000697_7	-	GT4(229-351)	GT4_e4676(211-351)	GT4	3	GT4_e4676	-
megahit-co__c000697_8	-	GT4(199-348)	GT4_e2275(206-348)	GT4	3	GT4_e2275	-
megahit-co__c000706_3	-	-	-	CBM20	1	-	-
megahit-co__c000726_1	-	-	GH39_e75(2-270)	GH39	2	GH39_e75	-
megahit-co__c000742_1	2.4.1.-:6	-	GT41_e0(5-347)	GT41	2	GT41_e0	-
megahit-co__c000749_1	-	GH65(201-373)	GH65_e52(201-373)	GH65	3	GH65_e52	-
megahit-co__c000771_1	-	-	GT4_e2489(177-229)	GT4	2	GT4_e2489	-
megahit-co__c000792_15	-	-	-	CBM38	1	-	-
megahit-co__c000801_1	-	CE1(7-215)	-	-	1	-	-
megahit-co__c000802_13	-	GT2(7-159)	GT2(6-213)	GT2	3	GT2	-
megahit-co__c000802_17	-	-	-	GT4	1	-	-
megahit-co__c000802_19	-	GT9(111-333)	GT9_e223(112-327)	GT9	3	GT9_e223	-
megahit-co__c000802_21	-	GT4(185-337)	GT4_e2902(185-335)	GT4	3	GT4_e2902	-
megahit-co__c000802_22	-	GT4(179-324)	GT4_e3165(177-325)	GT4	3	GT4_e3165	-
megahit-co__c000802_24	-	GT4(173-323)	GT4_e3165(173-320)	GT4	3	GT4_e3165	-
megahit-co__c000802_8	-	-	-	GT0	1	-	-
megahit-co__c000804_36	-	-	-	GT2	1	-	-
megahit-co__c000804_37	-	GT2(5-132)	GT2(5-136)	-	2	GT2	-
megahit-co__c000804_38	-	GT2(5-134)	GT2(5-136)	-	2	GT2	-
megahit-co__c000809_7	-	GH133(290-631)	GH133_e1(289-631)	GH133	3	GH133_e1	alpha-glucan
megahit-co__c000809_8	-	GT4(239-383)	GT4_e4120(239-382)	GT4	3	GT4_e4120	-
megahit-co__c000809_9	-	GH57_3(6-319)	GH57_e10(6-320)	GH57_3	3	GH57_3	-
megahit-co__c000818_2	-	PL43(334-768)	PL43_e8(334-768)	GH0+PL43	3	PL43_e8	fucoidan
megahit-co__c000818_3	-	GH174(659-1138)	GH174_e0(659-1136)	GH174	3	GH174_e0	fucoidan
megahit-co__c000818_4	-	-	-	GH187	1	-	-
megahit-co__c000846_11	-	-	-	GH13_31	1	-	-
megahit-co__c000847_1	-	GT2(10-170)	GT2(10-177)	GT2	3	GT2	-
megahit-co__c000855_1	-	GT2(1-118)	GT2(1-156)	GT2	3	GT2	-
megahit-co__c000857_1	-	-	-	GH23	1	-	-
megahit-co__c000876_10	-	GT4(232-383)	GT4_e4722(231-383)	GT4	3	GT4_e4722	-
megahit-co__c000900_3	-	GT119(22-201)+GT119(286-477)	GT119_e135(22-480)	GT119	3	GT119_e135	peptidoglycan
megahit-co__c000908_13	-	-	-	GT0	1	-	-
megahit-co__c000908_60	-	-	-	GH13_48	1	-	-
megahit-co__c000926_20	-	GT4(231-380)	GT4_e7328(233-380)	GT4	3	GT4_e7328	-
megahit-co__c000926_21	-	GT4(214-366)	GT4_e2476(216-368)	GT4	3	GT4_e2476	-
megahit-co__c000931_1	-	-	-	GH79	1	-	-
megahit-co__c000932_1	-	GT4(216-378)	GT4_e2917(217-377)	GT4	3	GT4_e2917	-
megahit-co__c000932_18	-|-	-	CBM50_e152(27-70)+CBM50_e970(77-119)	CBM50	2	CBM50_e152|CBM50_e970	chitin
megahit-co__c000945_103	-	CE9(7-377)	CE9_e92(7-377)	CE9	3	CE9_e92	host glycan
megahit-co__c000945_13	-	-	-	CBM50	1	-	-
megahit-co__c000945_18	-	GH1(4-461)	GH1_e194(5-461)	GH1	3	GH1_e194	-
megahit-co__c000945_19	-	GH4(7-186)	GH4_e47(7-184)	GH4	3	GH4_e47	-
megahit-co__c000945_75	-	GT5(87-380)	GT4_e1800(206-355)	GT4	3	GT4_e1800	-
megahit-co__c000947_19	-	GH65(571-985)	GH65_e15(571-984)	GH65	3	GH65_e15	-
megahit-co__c000949_42	-	GT66(22-794)	GT66_e12(22-778)	GT66	3	GT66_e12	-
megahit-co__c000952_10	-	-	-	GT0	1	-	-
megahit-co__c000952_15	-	-	-	GT32	1	-	-
megahit-co__c000968_1	-	-	-	GH0	1	-	-
megahit-co__c000987_2	-	GH188(14-270)	GH188_e1(15-270)	-	2	GH188_e1	glycolipid
megahit-co__c001001_3	-	GT2(4-166)	GT2(4-168)	GT2	3	GT2	-
megahit-co__c001001_4	-	-	GT66_e28(35-259)	GT66	2	GT66_e28	-
megahit-co__c001005_1	-	-	-	GT1	1	-	-
megahit-co__c001006_8	-	CE19(60-398)	CE19_e8(63-391)	-	2	CE19_e8	pectin
megahit-co__c001013_2	-	GH186(65-541)	GH186_e1(67-541)	GH186	3	GH186_e1	beta-glucan
megahit-co__c001020_3	-	-	-	GT121	1	-	-
megahit-co__c001022_2	-	GT2(9-153)	GT2(9-142)	GT2	3	GT2	-
megahit-co__c001024_2	-	-	GT4_e4653(194-272)	GT4	2	GT4_e4653	-
megahit-co__c001026_1	-	GT119(6-216)	GT119_e70(1-216)	AAM71283.1+GT119	3	GT119_e70	peptidoglycan
megahit-co__c001026_2	-	GT28(192-306)	GT28_e119(193-306)	AAM71282.1+GT28	3	GT28_e119	-
megahit-co__c001027_6	-	-	-	CBM47	1	-	-
megahit-co__c001028_1	-	-	-	GH6	1	-	-
megahit-co__c001032_10	-	-	-	GH13	1	-	-
megahit-co__c001033_1	-	-	-	GH0	1	-	-
megahit-co__c001050_1	-	-	-	GH23	1	-	-
megahit-co__c001051_1	-	GH188(3-159)	GH177_e4(4-259)	-	2	GH177_e4	host glycan
megahit-co__c001067_4	-	CBM13(217-308)	CBM13_e530(171-305)	CBM13	3	CBM13_e530	xylan
megahit-co__c001070_2	-	GH171(47-400)	GH171_e8(47-400)	GH171	3	GH171_e8	peptidoglycan
megahit-co__c001072_3	-	-	-	GH39	1	-	-
megahit-co__c001074_2	-	-	GT41_e93(1-179)	AAR35973.1+GT41	2	GT41_e93	-
megahit-co__c001079_10	-	-	-	GH89	1	-	-
megahit-co__c001079_3	-	-	-	GH13	1	-	-
megahit-co__c001079_7	-	-	-	GT33	1	-	-
megahit-co__c001086_16	-	GT2(4-126)	GT2(4-228)	GT2	3	GT2	-
megahit-co__c001086_17	-	GT2(4-176)	GT2(4-176)	GT2	3	GT2	-
megahit-co__c001086_22	-	-	-	GT2	1	-	-
megahit-co__c001099_2	-	AA6(6-194)	AA6_e2(6-193)	-	2	AA6_e2	lignin
megahit-co__c001116_1	-	-	-	GT0	1	-	-
megahit-co__c001119_9	-	GT51(83-246)	GT51_e54(82-246)	GT51	3	GT51_e54	-
megahit-co__c001124_2	3.2.1.26:13	GH32(7-291)	GH32_e0(7-290)	GH32	3	GH32_e0	fructan
megahit-co__c001133_1	-	-	GT121_e70(160-278)	GT121	2	GT121_e70	bacterial outer membrane (OM) polysaccharides
megahit-co__c001152_1	-	GH116(1-351)	GH116_e15(1-351)	AAC38131.1+GH116	3	GH116_e15	-
megahit-co__c001169_1	-	-	-	GT0	1	-	-
megahit-co__c001187_28	-	-	-	CBM2	1	-	-
megahit-co__c001187_49	-	-	-	GT1	1	-	-
megahit-co__c001187_8	-	GT21(35-265)	GT2(49-264)	GT2	3	GT2	-
megahit-co__c001187_9	-	GT21(44-270)	GT2(54-272)	GT2	3	GT2	-
megahit-co__c001190_1	-	-	-	GT4	1	-	-
megahit-co__c001202_1	2.4.1.1:156	GT35(129-840)	GT35_e0(129-840)	GT35	3	GT35_e0	-
megahit-co__c001202_4	2.4.1.18:4|2.4.1.18:14	CBM48(131-217)+GH13_9(285-585)	CBM48_e134(131-221)+GH13_e200(285-585)	CBM48+GH13_9	3	CBM48_e134|GH13_9	alpha-glucan
megahit-co__c001206_1	-	-	-	GT2	1	-	-
megahit-co__c001209_1	-	-	-	GH23	1	-	-
megahit-co__c001219_3	-	-	-	CBM47	1	-	-
megahit-co__c001221_1	-	GH13_4(1-171)	GH13_e129(1-171)	GH13_4	3	GH13_4	-
megahit-co__c001238_11	-	-	-	GH47	1	-	-
megahit-co__c001239_20	-	-	-	GT33	1	-	-
megahit-co__c001240_2	-	-	-	GT1	1	-	-
megahit-co__c001242_5	-	-	-	GH73	1	-	-
megahit-co__c001242_6	-	GH73(230-367)	GH73_e121(230-366)	GH73	3	GH73_e121	-
megahit-co__c001248_1	-	GT4(197-286)	GT4_e7602(198-285)	GT4	3	GT4_e7602	-
megahit-co__c001255_7	-	GH177(58-413)	GH177_e10(58-350)	-	2	GH177_e10	host glycan
megahit-co__c001256_2	-	GT19(6-274)	GT19_e2(6-274)	GT19	3	GT19_e2	-
megahit-co__c001259_2	-	GT28(125-252)	GT1_e356(1-274)	GT1	3	GT1_e356	-
megahit-co__c001263_33	-	-	-	GT119	1	-	-
megahit-co__c001270_38	-	-	-	GH13_31	1	-	-
megahit-co__c001307_1	-	GT19(1-237)	GT19_e66(1-228)	GT19	3	GT19_e66	-
megahit-co__c001307_7	-	-	-	CBM38	1	-	-
megahit-co__c001308_2	-	CE14(12-122)	CE14_e25(12-118)	CE14	3	CE14_e25	-
megahit-co__c001314_10	-	-	-	CE8	1	-	-
megahit-co__c001318_7	-	CE9(6-379)	CE9_e13(6-379)	CE9	3	CE9_e13	host glycan
megahit-co__c001319_1	-	GT2(6-131)	GT2(6-233)	GT2	3	GT2	-
megahit-co__c001323_1	-	GH2_2(11-370)	GH2_e122(7-370)	GH2_2	3	GH2_2	-
megahit-co__c001337_2	-	GT2(25-147)	GT2(100-285)	GT2	3	GT2|GT2	-
megahit-co__c001364_24	-	-	-	GH13	1	-	-
megahit-co__c001364_29	-	GT4(191-338)	GT4_e3781(193-338)	GT4	3	GT4_e3781	-
megahit-co__c001364_3	-	-	GT4_e450(276-385)	GT0	2	GT4_e450	-
megahit-co__c001380_1	3.2.1.4:19;3.2.1.73:3;3.2.1.91:5;3.2.1.-:2	GH9(54-414)	GH9_e1(54-415)	CBM3+CBM4+GH9	3	GH9_e1	beta-glucan;cellulose
megahit-co__c001381_2	3.2.1.52:18	GH20(2-174)	GH20_e12(1-174)	GH20	3	GH20_e12	host glycan
megahit-co__c001385_4	-	GH13_23(29-377)	GH13_e140(29-377)	GH13_23	3	GH13_23	-
megahit-co__c001385_7	-	GH13_46(202-549)	GH13_e217(202-548)	GH13_46	3	GH13_46	-
megahit-co__c001385_8	3.2.1.20:2	GH13_38(124-547)	GH13_e113(124-546)	GH13_38	3	GH13_38	alpha-glucan
megahit-co__c001388_1	-	-	-	GH39	1	-	-
megahit-co__c001403_1	-	GT19(14-354)	GT19_e2(14-354)	AAM71526.1+GT19	3	GT19_e2	-
megahit-co__c001404_1	-	-	-	GH28	1	-	-
megahit-co__c001410_14	-	-	-	GH101	1	-	-
megahit-co__c001419_3	-	-	-	CBM5	1	-	-
megahit-co__c001419_7	-	-	-	GH1	1	-	-
megahit-co__c001440_1	-	-	-	GT2	1	-	-
megahit-co__c001442_2	-	GH109(1-153)	GH109_e7(3-153)	-	2	GH109_e7	host glycan
megahit-co__c001446_8	-	-	-	CE4	1	-	-
megahit-co__c001447_6	-	GT2(5-124)	GT2(5-137)	GT2	3	GT2	-
megahit-co__c001451_16	-	-	-	GT2	1	-	-
megahit-co__c001451_2	-	GT9(108-323)	GT9_e223(104-319)	GT9	3	GT9_e223	-
megahit-co__c001451_35	-	-	-	GT4	1	-	-
megahit-co__c001451_42	-	GT51(53-122)	GT51_e181(53-122)	-	2	GT51_e181	-
megahit-co__c001452_26	-	GH3(164-384)	GH3_e120(164-384)	GH3	3	GH3_e120	-
megahit-co__c001452_28	-	-	-	GH28	1	-	-
megahit-co__c001452_38	-	GT9(67-310)	GT9_e298(68-310)	GT9	3	GT9_e298	-
megahit-co__c001453_2	-	-	-	CBM50	1	-	-
megahit-co__c001458_2	-	GT2(18-151)	GT2(18-138)	-	2	GT2	-
megahit-co__c001465_15	-	PL29(364-621)	CBM12_e59(29-61)	CBM12	3	CBM12_e59|PL29	chitin
megahit-co__c001466_2	-	-	-	GT2	1	-	-
megahit-co__c001502_22	-	-	-	GT1	1	-	-
megahit-co__c001507_2	1.14.99.53:2|-	AA10(34-200)+CBM73(425-479)	AA10_e66(34-199)+CBM73_e37(429-478)	AA10+CBM73	3	AA10_e66|CBM73_e37	chitin
megahit-co__c001519_111	3.2.1.99:8	GH43_4(30-355)	GH43_e38(30-355)	GH43_4	3	GH43_4	arabinan
megahit-co__c001519_115	-	GH51_2(194-632)	GH51_e8(194-631)	GH51_2	3	GH51_2	-
megahit-co__c001519_116	-|-|-	-	GH39_e7(109-349)+CBM35_e35(434-553)+CBM35_e35(669-807)	CBM35+GH39	2	GH39_e7|CBM35_e35|CBM35_e35	xylan
megahit-co__c001519_118	-	-	-	GH43_26	1	-	-
megahit-co__c001519_21	-	-	-	GT4	1	-	-
megahit-co__c001519_52	-	-	-	GH16	1	-	-
megahit-co__c001519_56	-	GT28(182-327)	GT28_e27(182-321)	GT28	3	GT28_e27	-
megahit-co__c001524_1	-	-	-	GH189+GH94+GT84	1	-	-
megahit-co__c001533_1	-	-	-	CBM13	1	-	-
megahit-co__c001556_103	-	-	-	GT47	1	-	-
megahit-co__c001556_147	-	GT2(5-220)	GT2(7-176)	GT2	3	GT2	-
megahit-co__c001556_148	-	GT94(118-359)	GT4_e558(211-354)	GT4	3	GT4_e558	-
megahit-co__c001556_93	-	GT117(15-230)	GT117_e5(18-213)	-	2	GT117_e5	-
megahit-co__c001556_96	-	GT5(7-484)	GT5_e4(7-484)	GT5	3	GT5_e4	-
megahit-co__c001574_1	-	GT2(10-174)	GT2(10-179)	GT2	3	GT2	-
megahit-co__c001577_2	-	-	-	GT33	1	-	-
megahit-co__c001589_28	-	-	-	GT50	1	-	-
megahit-co__c001589_9	-	CE4(99-223)	CE4_e320(100-222)	CE4	3	CE4_e320	-
megahit-co__c001602_1	-	GH65(151-391)	GH65_e15(151-391)	GH65	3	GH65_e15	-
megahit-co__c001607_3	3.2.1.199:4	GH188(5-132)	GH188_e0(6-134)	-	2	GH188_e0	glycolipid
megahit-co__c001621_1	-	GH3(98-321)	GH3_e120(100-321)	AAM73340.1+GH3	3	GH3_e120	-
megahit-co__c001623_3	-	CBM51(49-171)	CBM51_e36(47-171)	CBM51+GH110	3	CBM51_e36	host glycan
megahit-co__c001646_9	-	GH109(35-186)	-	-	1	-	-
megahit-co__c001652_3	-	-	-	CBM6	1	-	-
megahit-co__c001657_26	-	GT83(10-464)	GT83_e131(15-472)	GT83	3	GT83_e131	-
megahit-co__c001657_44	-	-	-	GT2	1	-	-
megahit-co__c001657_63	-	-	-	GH13_48	1	-	-
megahit-co__c001657_65	-	-	-	GH1	1	-	-
megahit-co__c001666_1	-	GT5(2-359)	GT5_e46(7-359)	GT5	3	GT5_e46	-
megahit-co__c001670_1	-	GH147(2-726)	GH147_e2(2-726)	GH147	3	GH147_e2	-
megahit-co__c001701_4	-	GT2(63-186)	GT2(63-265)	GT2	3	GT2	-
megahit-co__c001707_2	-	GT2(13-125)	GT2(12-252)	GT2	3	GT2	-
megahit-co__c001716_7	-	GT28(185-346)	GT28_e253(185-347)	GT28	3	GT28_e253	-
megahit-co__c001716_8	-	GT119(40-389)	GT119_e39(43-388)	GT119	3	GT119_e39	peptidoglycan
megahit-co__c001727_43	-	GT4(200-346)	GT4_e2566(200-344)	GT4	3	GT4_e2566	-
megahit-co__c001727_6	-	-	GT1_e6(2-297)	GT1	2	GT1_e6	-
megahit-co__c001727_8	-	GT30(53-216)	GT30_e58(54-216)	GT30	3	GT30_e58	-
megahit-co__c001727_97	-	-	-	GT1	1	-	-
megahit-co__c001735_1	-	-	-	GH26	1	-	-
megahit-co__c001743_2	2.4.99.-:11	GT9(70-319)	GT9_e84(69-318)	GT9	3	GT9_e84	-
megahit-co__c001743_3	-	GT9(76-313)	GT9_e371(77-298)	GT9	3	GT9_e371	-
megahit-co__c001746_6	-	-	-	GH28	1	-	-
megahit-co__c001766_11	-	-	-	GT51	1	-	-
megahit-co__c001767_3	-	-	-	GH47	1	-	-
megahit-co__c001777_1	-	-	-	GH28	1	-	-
megahit-co__c001780_3	2.4.1.1:9	GT35(161-509)	GT35_e7(17-489)	GT35	3	GT35_e7	-
megahit-co__c001804_2	-	-	-	GT4	1	-	-
megahit-co__c001805_3	-	GH177(72-426)	GH177_e7(72-426)	GH177	3	GH177_e7	host glycan
megahit-co__c001815_5	-	GH23(423-536)	GH23_e502(424-537)	GH23	3	GH23_e502	-
megahit-co__c001817_1	-	GT4(24-174)	GT4_e2902(24-171)	GT4	3	GT4_e2902	-
megahit-co__c001817_2	-	GT4(199-349)	GT4_e3210(202-349)	GT4	3	GT4_e3210	-
megahit-co__c001817_3	-	-	-	GT4	1	-	-
megahit-co__c001819_1	-	GT2(9-182)	GT2(9-182)	AAM71688.1+GT2	3	GT2	-
megahit-co__c001825_27	-	GT2(9-146)	GT2(9-276)	GT2	3	GT2	-
megahit-co__c001843_3	-	-	-	GH92	1	-	-
megahit-co__c001844_3	-	-	-	GT4	1	-	-
megahit-co__c001846_2	2.4.1.230:11	GH65(308-697)	GH65_e4(308-696)	GH65	3	GH65_e4	alpha-glucan
megahit-co__c001846_7	2.4.1.64:4	GH65(336-711)	GH65_e2(336-710)	GH65	3	GH65_e2	alpha-glucan
megahit-co__c001846_9	-	-	-	CE12	1	-	-
megahit-co__c001849_1	-	-	-	GT50	1	-	-
megahit-co__c001867_1	-	GH23(262-354)	GH23_e1229(260-354)	GH23	3	GH23_e1229	-
megahit-co__c001875_22	-	-	-	GT1	1	-	-
megahit-co__c001879_10	-	GT30(28-203)	GT30_e16(31-203)	GT30	3	GT30_e16	-
megahit-co__c001888_3	-	-	-	GT119	1	-	-
megahit-co__c001896_11	-	-	-	GH43_26+GH43_26	1	-	-
megahit-co__c001924_1	3.2.1.22:2	GH36(1-334)	GH36_e24(1-334)	GH36	3	GH36_e24	alpha-galactan
megahit-co__c001941_3	-	-	GT4_e1675(1-61)	-	1	-	-
megahit-co__c001962_5	-	-	-	GH43_31	1	-	-
megahit-co__c001965_2	-	CBM48(32-113)	CBM48_e169(33-111)	CBM48+GH13_9	3	CBM48_e169	alpha-glucan
megahit-co__c001977_1	-	-	-	GH28	1	-	-
megahit-co__c001984_1	-	-	GT83_e84(2-278)	-	1	-	-
megahit-co__c001988_2	-	-	-	GH76	1	-	-
megahit-co__c001999_3	3.2.1.-:8	GH92(258-748)	GH92_e0(259-748)	GH92	3	GH92_e0	host glycan
megahit-co__c001999_8	-	GH13_38(35-398)	GH13_e269(35-398)	GH13_38	3	GH13_38	-
megahit-co__c002006_22	-	-	-	GT2	1	-	-
megahit-co__c002011_10	-	PL39(352-740)	-	-	1	-	-
megahit-co__c002011_19	-	GH88(50-370)	GH88_e25(51-370)	GH88	3	GH88_e25	host glycan
megahit-co__c002011_21	-	GH39(12-301)	GH39_e6(15-301)	GH39	3	GH39_e6	-
megahit-co__c002011_26	-	GH109(4-148)	GH109_e8(4-154)	-	2	GH109_e8	host glycan
megahit-co__c002011_27	3.2.1.199:4	GH188(3-200)	GH188_e0(3-202)	-	2	GH188_e0	glycolipid
megahit-co__c002012_3	-	-	-	GH102	1	-	-
megahit-co__c002017_3	-	GT4(241-393)	GT4_e3436(241-387)	GT4	3	GT4_e3436	-
megahit-co__c002017_4	-	GT2(4-142)	GT2(4-160)	GT2	3	GT2	-
megahit-co__c002018_1	-	-	-	GT0	1	-	-
megahit-co__c002035_55	2.4.1.-:2	GT87(82-322)	GT87_e4(81-322)	-	2	GT87_e4	-
megahit-co__c002039_32	-	AA3(2-368)	-	-	1	-	-
megahit-co__c002055_3	-	-	-	GT31	1	-	-
megahit-co__c002056_1	-	PL10_1(7-265)	PL10_e14(1-265)	PL10_1	3	PL10_1	pectin
megahit-co__c002060_8	-	-	-	GT51	1	-	-
megahit-co__c002080_1	-	GH77(461-802)	GH77_e19(299-801)	GH77	3	GH77_e19	alpha-glucan
megahit-co__c002083_2	-	-	-	CE9	1	-	-
megahit-co__c002087_1	-	GT26(55-191)	GT26_e22(55-192)	GT26	3	GT26_e22	-
megahit-co__c002088_3	-	GH23(288-443)	GH23_e1217(289-440)	GH23	3	GH23_e1217	-
megahit-co__c002088_4	-	-	-	GT1	1	-	-
megahit-co__c002108_16	-	-	-	GH5_11	1	-	-
megahit-co__c002108_5	-	GT122(29-328)	GT122_e169(29-328)	GT122	3	GT122_e169	bacterial outer membrane (OM) polysaccharides
megahit-co__c002108_7	-	GT4(205-346)	GT4_e5037(204-345)	GT4	3	GT4_e5037	-
megahit-co__c002108_8	-	-	GT2(12-232)	GT2	2	GT2	-
megahit-co__c002112_1	-	GH43_26(40-186)	GH43_e702(40-191)	CBM13+GH43_26	3	GH43_26	-
megahit-co__c002112_2	-	GH43_5(37-331)	GH43_e503(37-331)	GH43_5	3	GH43_5	-
megahit-co__c002112_4	3.2.1.-:5	GH43_26(6-306)	GH43_e105(6-306)	GH43_26	3	GH43_26	arabinan
megahit-co__c002112_5	-	GH146(27-281)	GH146_e0(27-280)	GH146	3	GH146_e0	arabinan
megahit-co__c002116_1	-	-	-	CBM20	1	-	-
megahit-co__c002147_1	-	GT66(5-394)	GT66_e11(1-394)	GT66	3	GT66_e11	-
megahit-co__c002160_3	-	-	-	CE8	1	-	-
megahit-co__c002165_9	-	-	-	GH13_31	1	-	-
megahit-co__c002188_1	-	-	-	GT2	1	-	-
megahit-co__c002194_6	-	-	-	GH71	1	-	-
megahit-co__c002221_4	-	-	GT2(1-82)	-	1	-	-
megahit-co__c002223_1	-	-	-	GH130_3	1	-	-
megahit-co__c002228_1	-	-	-	GT1	1	-	-
megahit-co__c002234_1	-	GH50(1-335)	GH50_e19(1-335)	GH50	3	GH50_e19	-
megahit-co__c002253_3	-	-	-	CE12	1	-	-
megahit-co__c002262_1	-	-	-	GT4	1	-	-
megahit-co__c002265_9	-	CE1(31-322)	-	-	1	-	-
megahit-co__c002267_1	-|-	CBM4(3-98)+CBM4(126-246)	CBM4_e34(2-98)+CBM4_e34(126-246)	CBM4+CBM54+GH16_3	3	CBM4_e34|CBM4_e34	xylan
megahit-co__c002280_1	-	-	-	GT1	1	-	-
megahit-co__c002282_5	-	GH39(110-297)	GH39_e122(111-309)	GH39	3	GH39_e122	-
megahit-co__c002286_26	-	AA4(6-514)	AA4_e2(7-513)	AA4	3	AA4_e2	lignin
megahit-co__c002289_1	-	-	CBM50_e821(287-329)	-	1	-	chitin
megahit-co__c002305_1	2.4.1.19:2|-	GH13_2(2-215)+CBM20(346-433)	GH13_e445(2-215)+CBM20_e37(346-428)	CBM20+GH13_2	3	GH13_2|CBM20_e37	alpha-glucan
megahit-co__c002310_1	-	-	-	GH13_31	1	-	-
megahit-co__c002332_1	-	GT2(5-157)	GT2(5-156)	GT2	3	GT2	-
megahit-co__c002348_2	-	-	-	GT0	1	-	-
megahit-co__c002362_2	-	GH188(2-114)	-	-	1	-	-
megahit-co__c002393_36	-	GT28(192-350)	GT28_e119(193-349)	GT28	3	GT28_e119	-
megahit-co__c002399_12	-	GT2(9-176)	GT2(9-178)	GT2	3	GT2	-
megahit-co__c002414_1	-	-	-	GH28	1	-	-
megahit-co__c002418_2	-	GT4(215-371)	GT4_e598(220-371)	GT4	3	GT4_e598	-
megahit-co__c002422_5	-	-	-	GH33	1	-	-
megahit-co__c002423_11	-	-	-	CBM0	1	-	-
megahit-co__c002425_1	-	GH23(77-211)	GH23_e731(77-211)	AAM72214.1+GH23	3	GH23_e731	-
megahit-co__c002432_1	-	GH95(1-332)	GH95_e5(1-334)	GH95	3	GH95_e5	-
megahit-co__c002435_1	-	GT4(207-356)	GT4_e6862(212-354)	GT4	3	GT4_e6862	-
megahit-co__c002440_15	-	-	-	GH131	1	-	-
megahit-co__c002453_4	-	-	-	GH26	1	-	-
megahit-co__c002456_2	-	-	-	GH13_16	1	-	-
megahit-co__c002471_5	-	-	-	CBM47	1	-	-
megahit-co__c002510_195	-	GT2(27-142)	GT2(27-142)	GT2	3	GT2	-
megahit-co__c002510_199	-	GT2(20-183)	GT2(20-183)	GT2	3	GT2	-
megahit-co__c002510_220	-	GT19(5-352)	GT19_e14(4-352)	GT19	3	GT19_e14	-
megahit-co__c002510_221	-	GH188(17-145)	-	-	1	-	-
megahit-co__c002510_223	-	CE11(24-291)	CE11_e57(24-290)	CE11	3	CE11_e57	exo-polysaccharide
megahit-co__c002510_227	-	-	-	GT4	1	-	-
megahit-co__c002523_20	-	-	-	GH75	1	-	-
megahit-co__c002523_21	-	-	-	GT1	1	-	-
megahit-co__c002523_22	-	-	-	GT1	1	-	-
megahit-co__c002523_24	-	-	-	GT2	1	-	-
megahit-co__c002523_26	-	-	-	GT1	1	-	-
megahit-co__c002529_104	-	-	-	GH13_31	1	-	-
megahit-co__c002529_173	-	-	-	CBM48+GH13	1	-	-
megahit-co__c002529_41	-	GT81(2-249)	GT81_e10(1-243)	GT81	3	GT81_e10	-
megahit-co__c002529_43	-	GH179(25-275)	GH179_e0(26-241)	-	2	GH179_e0	chitin
megahit-co__c002529_435	-	-	-	GH5_11	1	-	-
megahit-co__c002529_517	-	GT2(6-126)	GT2(6-225)	GT2	3	GT2	-
megahit-co__c002529_560	-	-	GT2(4-206)	GT2	2	GT2	-
megahit-co__c002529_562	-	GT4(214-373)	GT4_e1206(214-375)	GT4	3	GT4_e1206	-
megahit-co__c002529_566	-	-	GT4_e773(219-350)	GT4	2	GT4_e773	-
megahit-co__c002529_587	-	GT2(40-201)	GT2(39-201)	GT2	3	GT2	-
megahit-co__c002529_626	3.5.1.136:4	CE14(35-150)	CE14_e11(35-150)	CE14	3	CE14_e11	chitin
megahit-co__c002529_629	3.2.1.21:7;3.2.1.23:10;3.2.1.25:9	GH1(2-479)	GH1_e109(2-479)	GH1	3	GH1_e109	beta-galactan;beta-glucan;beta-mannan
megahit-co__c002532_118	-	-	-	GT2	1	-	-
megahit-co__c002532_144	-	-	-	CBM50	1	-	-
megahit-co__c002532_161	-	-	-	GT0	1	-	-
megahit-co__c002532_195	-	-	-	GH3	1	-	-
megahit-co__c002532_198	-	-	-	GH171	1	-	-
megahit-co__c002532_201	-	-	-	GH0	1	-	-
megahit-co__c002533_1	-	GT35(82-318)	GT35_e5(68-314)	GT35	3	GT35_e5	-
megahit-co__c002542_8	-|-	-	CBM50_e1064(85-126)+CBM50_e1064(135-175)	CBM50	2	CBM50_e1064|CBM50_e1064	chitin
megahit-co__c002550_1	3.2.1.68:15	GH13_11(107-384)	GH13_e48(106-384)	CBM48+GH13_11	3	GH13_11	alpha-glucan
megahit-co__c002553_7	-	GT1(1-212)	GT1_e6(2-295)	GT1	3	GT1_e6	-
megahit-co__c002558_4	3.2.1.52:4	GH20(377-629)	GH20_e61(376-629)	GH20	3	GH20_e61	host glycan
megahit-co__c002567_1	-	-	-	GH1	1	-	-
megahit-co__c002584_2	-	-	-	GT2	1	-	-
megahit-co__c002589_10	-	-	-	GT34	1	-	-
megahit-co__c002612_3	-	GT4(61-223)	GT4_e345(61-223)	GT4	3	GT4_e345	-
megahit-co__c002617_5	-	-	-	CBM5+GH18	1	-	-
megahit-co__c002622_14	-	-	-	GH5_11	1	-	-
megahit-co__c002636_1	-	GH163(170-354)	GH163_e20(170-354)	GH163	3	GH163_e20	host glycan
megahit-co__c002660_1	-	-	-	GH13_33	1	-	-
megahit-co__c002667_5	-	-	-	GH6	1	-	-
megahit-co__c002668_1	-	-	-	GT2	1	-	-
megahit-co__c002682_8	-	GH141(14-284)	GH141_e20(14-298)	GH141	3	GH141_e20	-
megahit-co__c002688_1	-	-	-	GT2	1	-	-
megahit-co__c002689_7	-	-	GT2(5-125)	GT2	2	GT2	-
megahit-co__c002692_1	-	GT41(1-353)	GT41_e8(1-356)	GT41	3	GT41_e8	-
megahit-co__c002715_5	-	GT83(18-392)	GT83_e5(20-384)	-	2	GT83_e5	-
megahit-co__c002715_6	-	GT2(12-175)	GT2(12-172)	GT2	3	GT2	-
megahit-co__c002736_2	-	-	-	CBM0	1	-	-
megahit-co__c002749_3	3.2.1.52:4|3.2.1.52:4	GH20(352-811)	GH20_e61(352-495)+GH20_e61(498-811)	GH20	3	GH20_e61|GH20_e61	host glycan
megahit-co__c002752_2	-	-	GT4_e3992(196-297)	GT4	2	GT4_e3992	-
megahit-co__c002763_4	-	-	-	GT2	1	-	-
megahit-co__c002763_5	-	-	-	GT51	1	-	-
megahit-co__c002780_4	-	-	GT4_e2954(89-179)	AAM73423.1+GT4	2	GT4_e2954	-
megahit-co__c002799_13	-	-	-	GT0	1	-	-
megahit-co__c002799_43	-	-	-	GH38	1	-	-
megahit-co__c002805_33	-	-	GT4_e6375(897-1004)	GT4	2	GT4_e6375	-
megahit-co__c002805_49	-	-	GT2(57-216)	GT2	2	GT2	-
megahit-co__c002805_52	-	-	-	GT4	1	-	-
megahit-co__c002805_62	-	-	-	GH0	1	-	-
megahit-co__c002821_1	-	AA3_2(2-519)	AA3_e57(2-519)	AA3_2	3	AA3_2	-
megahit-co__c002825_1	-	-	GT41_e8(1-217)	GT41	2	GT41_e8	-
megahit-co__c002828_1	-	-	-	GH28	1	-	-
megahit-co__c002844_1	-	-	-	CBM47	1	-	-
megahit-co__c002849_1	-	-	-	PL26	1	-	-
megahit-co__c002859_9	-	-	-	GH0	1	-	-
megahit-co__c002871_17	-	GT5(65-382)	GT4_e585(206-351)	AAB99629.1+GT4	3	GT4_e585	-
megahit-co__c002873_1	-	GT51(23-172)	GT51_e249(24-170)	GT51	3	GT51_e249	-
megahit-co__c002874_1	-	-	-	GT4	1	-	-
megahit-co__c002875_1	-|-	CBM34(6-114)+GH13_20(156-364)	CBM34_e4(6-114)+GH13_e350(156-366)	CBM34+GH13_20	3	CBM34_e4|GH13_20	alpha-glucan
megahit-co__c002883_1	-	-	-	CBM54	1	-	-
megahit-co__c002898_3	-	-	-	GT0	1	-	-
megahit-co__c002904_2	-	GT119(4-217)	GT119_e95(2-217)	GT119	3	GT119_e95	peptidoglycan
megahit-co__c002927_4	-	-	-	CBM60	1	-	-
megahit-co__c002929_2	-	GH97(39-439)	GH97_e9(44-439)	GH97	3	GH97_e9	-
megahit-co__c002930_18	-	GH188(10-260)	GH179_e0(31-293)	-	2	GH179_e0	chitin
megahit-co__c002946_1	-	GH103(68-218)	GH103_e85(68-218)	GH103	3	GH103_e85	peptidoglycan
megahit-co__c002954_4	-	GT30(34-209)	GT30_e102(34-209)	GT30	3	GT30_e102	-
megahit-co__c002954_6	-	GT9(75-302)	GT9_e54(75-302)	GT9	3	GT9_e54	-
megahit-co__c002970_2	-	-	-	CBM48+GH13_9	1	-	-
megahit-co__c002974_1	-	GH28(73-342)	GH28_e12(92-342)	GH28	3	GH28_e12	pectin
megahit-co__c002975_4	-	-	CBM51_e43(413-499)	CBM51	2	CBM51_e43	host glycan
megahit-co__c002975_5	-	-	-	CBM51	1	-	-
megahit-co__c002975_6	-	GH109(48-199)	-	-	1	-	-
megahit-co__c002977_10	-	-	-	GH1	1	-	-
megahit-co__c002980_2	-	-	-	GT51	1	-	-
megahit-co__c002993_3	-	-	-	GH13_23	1	-	-
megahit-co__c002995_2	-	-	-	PL9_3+PL9_3	1	-	-
megahit-co__c003007_6	-	-	-	CBM50+GH25	1	-	-
megahit-co__c003015_11	-	CBM8(33-169)+GH51_14(223-374)	CBM8_e4(33-168)	CBM8+GH51_14	3	CBM8_e4|GH51_14	cellulose
megahit-co__c003015_4	-	GH20(110-427)	GH20_e244(112-426)	GH20	3	GH20_e244	-
megahit-co__c003015_6	-	CE9(7-365)	CE9_e68(8-365)	CE9	3	CE9_e68	host glycan
megahit-co__c003017_1	4.2.2.23:2|4.2.2.23:15;4.2.2.24:5	CBM2(32-132)+PL11(195-582)	CBM2_e68(32-132)+PL11_e0(195-580)	CBM2+PL11_1	3	CBM2_e68|PL11_e0	cellulose;pectin
megahit-co__c003017_32	-	GT9(107-350)	GT9_e278(108-347)	GT9	3	GT9_e278	-
megahit-co__c003049_1	-	GH43_24(30-166)	GH43_e236(19-166)	GH43_24	3	GH43_24	-
megahit-co__c003049_2	-	GH43_24(53-300)	GH43_e236(53-300)	GH43_24	3	GH43_24	-
megahit-co__c003056_3	-	-	-	CBM50	1	-	-
megahit-co__c003063_13	-	-	CBM32_e358(452-567)	CBM0	2	CBM32_e358	host glycan
megahit-co__c003063_17	-	-	-	GH75	1	-	-
megahit-co__c003077_29	-	-	-	GH5_11	1	-	-
megahit-co__c003077_3	-	-	-	GT2	1	-	-
megahit-co__c003097_109	-	GT117(20-253)	GT117_e2(20-249)	GT117	3	GT117_e2	-
megahit-co__c003097_12	-	-	-	GT0	1	-	-
megahit-co__c003097_120	-	-	-	GH39	1	-	-
megahit-co__c003097_127	-	GT2(53-223)	GT2(53-315)	GT2	3	GT2	-
megahit-co__c003097_139	2.4.1.1:9	GT35(289-653)	GT35_e7(144-662)	GT35	3	GT35_e7	-
megahit-co__c003097_141	-	GH57_6(36-327)	GH57_e36(36-327)	GH57_6	3	GH57_6	-
megahit-co__c003097_157	-	-	-	GH0	1	-	-
megahit-co__c003097_184	-	AA1(89-282)	AA1_e112(85-281)	-	2	AA1_e112	lignin
megahit-co__c003097_221	-	-	-	GH28	1	-	-
megahit-co__c003097_223	-	-	-	GH5_11	1	-	-
megahit-co__c003097_227	-	-	-	GH13_23	1	-	-
megahit-co__c003103_1	-	GT51(48-224)	GT51_e248(50-223)	GT51	3	GT51_e248	-
megahit-co__c003107_2	-	-	-	GH13_30	1	-	-
megahit-co__c003109_1	3.2.1.78:15	GH5_8(53-297)	GH5_e22(53-295)	AAA72861.1+GH5_8	3	GH5_8	beta-mannan
megahit-co__c003109_2	3.2.1.4:2;3.2.1.8:2|3.2.1.4:3;3.2.1.151:2;3.2.1.176:20;3.2.1.-:3	CBM3(105-185)+GH48(308-929)	CBM3_e16(106-184)+GH48_e1(308-928)	CBM3+GH48+GH9	3	CBM3_e16|GH48_e1	-;cellulose;chitin
megahit-co__c003119_1	-	GH144(8-336)	GH144_e19(4-336)	-	2	GH144_e19	beta-glucan
megahit-co__c003146_8	-	CE12(29-217)	CE12_e58(29-217)	CE12	3	CE12_e58	-
megahit-co__c003149_4	-	-	-	GH0	1	-	-
megahit-co__c003158_2	-	GH171(21-386)	GH171_e23(21-386)	GH171	3	GH171_e23	peptidoglycan
megahit-co__c003171_14	-	-	-	GT1	1	-	-
megahit-co__c003171_16	-	GT2(14-162)	GT2(14-163)	GT2	3	GT2	-
megahit-co__c003183_1	-	-	-	GT0	1	-	-
megahit-co__c003185_1	-	GT2(25-149)	GT2(25-185)	GT2	3	GT2	-
megahit-co__c003190_2	-	GH88(72-262)	GH88_e24(75-262)	GH88	3	GH88_e24	host glycan
megahit-co__c003193_11	-	-	-	CBM50	1	-	-
megahit-co__c003193_15	-	-	-	GT2	1	-	-
megahit-co__c003202_2	-	-	-	GT4	1	-	-
megahit-co__c003204_12	-	GT122(29-361)	GT122_e155(29-361)	GT122	3	GT122_e155	bacterial outer membrane (OM) polysaccharides
megahit-co__c003204_13	-	-	GT4_e1427(95-235)	GT4	2	GT4_e1427	-
megahit-co__c003204_3	-	GT4(223-357)	GT4_e4679(223-363)	GT4	3	GT4_e4679	-
megahit-co__c003204_7	-	GT2(4-180)	-	-	1	-	-
megahit-co__c003206_1	-	CE1(365-590)	-	-	1	-	-
megahit-co__c003221_1	-	-	-	GH3	1	-	-
megahit-co__c003221_9	-	GT9(112-300)	-	GT0	2	GT9	-
megahit-co__c003230_10	-	-	-	GT2	1	-	-
megahit-co__c003230_11	-	GT4(191-323)	GT4_e1550(191-323)	GT4	3	GT4_e1550	-
megahit-co__c003230_5	-	-	GT121_e192(205-335)	GT121	2	GT121_e192	bacterial outer membrane (OM) polysaccharides
megahit-co__c003230_8	-	GT2(4-85)	GT2(4-257)	GT2	3	GT2	-
megahit-co__c003230_9	-	GT2(21-129)	GT2(21-248)	GT2	3	GT2	-
megahit-co__c003234_5	2.4.1.1:9	GT35(256-651)	GT35_e7(111-645)	AAM72821.1+GT35	3	GT35_e7	-
megahit-co__c003247_2	-	GH177(43-281)	GH179_e0(13-188)	-	2	GH179_e0	chitin
megahit-co__c003252_11	-	GT2(3-236)	GT2(4-238)	GT2	3	GT2	-
megahit-co__c003252_45	-	GT4(242-386)	GT4_e1189(242-388)	GT4	3	GT4_e1189	-
megahit-co__c003263_5	-	-	GT2(38-244)	GT2	2	GT2	-
megahit-co__c003268_1	-	-	-	GH13_48	1	-	-
megahit-co__c003268_2	-	-	-	GT4	1	-	-
megahit-co__c003272_30	-	-	-	GH28	1	-	-
megahit-co__c003272_71	-	-	-	GH84	1	-	-
megahit-co__c003272_81	-	-	-	GT2	1	-	-
megahit-co__c003279_1	-	-	-	GH0	1	-	-
megahit-co__c003280_1	-	PL38(82-357)	PL38_e2(82-357)	PL38	3	PL38_e2	-
megahit-co__c003290_7	-	-	-	CE8	1	-	-
megahit-co__c003290_8	-	PL1_2(78-265)	PL1_e38(78-265)	PL1_2	3	PL1_2	-
megahit-co__c003290_9	3.2.1.-:2	GH127(59-253)	GH127_e5(59-253)	GH127	3	GH127_e5	pectin
megahit-co__c003300_2	-	-	-	GH47	1	-	-
megahit-co__c003306_8	-	GT4(29-163)	GT4_e2792(27-163)	GT4	3	GT4_e2792	-
megahit-co__c003316_1	-	GH31_1(213-662)	GH31_e34(213-662)	GH31_1	3	GH31_1	-
megahit-co__c003330_16	-	-	-	CBM50	1	-	-
megahit-co__c003333_1	-	GT39(39-275)	-	-	1	-	-
megahit-co__c003334_11	-	GH140(149-529)	GH140_e15(150-532)	-	2	GH140_e15	pectin
megahit-co__c003334_29	-|-	GT2(29-156)+GT83(280-752)	GT2(29-186)+GT83_e60(278-751)	GT2+GT83	3	GT2|GT83_e60	-
megahit-co__c003334_7	-	-	-	GH1	1	-	-
megahit-co__c003334_8	-	-	-	GH27	1	-	-
megahit-co__c003335_1	-	-	-	GH0	1	-	-
megahit-co__c003336_13	-	GT4(207-334)	GT4_e4742(206-335)	GT4	3	GT4_e4742	-
megahit-co__c003336_16	-	CE4(68-272)	CE4_e371(172-270)	-	2	CE4_e371	-
megahit-co__c003369_1	-	GT9(77-285)	GT9_e371(77-286)	GT9	3	GT9_e371	-
megahit-co__c003369_2	2.4.99.-:11	GT9(70-319)	GT9_e84(69-318)	GT9	3	GT9_e84	-
megahit-co__c003376_26	2.4.1.25:4|2.4.1.25:4	CBM20(3-83)+CBM20(133-221)	CBM20_e2(2-85)+CBM20_e2(133-221)	CBM20+GH77	3	CBM20_e2|CBM20_e2	alpha-glucan
megahit-co__c003376_3	-	GT51(60-244)	GT51_e160(60-243)	GT51	3	GT51_e160	-
megahit-co__c003384_21	-	-	-	GT1	1	-	-
megahit-co__c003384_36	-	-	-	GT57	1	-	-
megahit-co__c003384_4	-	-	-	GH71	1	-	-
megahit-co__c003384_55	-	-	-	GT87	1	-	-
megahit-co__c003384_82	-	GT30(32-214)	GT30_e51(34-213)	GT30	3	GT30_e51	-
megahit-co__c003404_4	3.2.1.40:2	CE15(48-445)	CE15_e10(48-444)	CE15	3	CE15_e10	lignin
megahit-co__c003404_9	-	CE1(55-209)	CE1_e22(65-196)	-	2	CE1_e22	-
megahit-co__c003423_12	-	CE1(418-640)	-	-	1	-	-
megahit-co__c003431_11	-	-	-	CBM50	1	-	-
megahit-co__c003436_1	-	CE19(66-436)	CE19_e1(68-437)	CE19	3	CE19_e1	pectin
megahit-co__c003439_1	-	-	-	AA3_2+AA3_2	1	-	-
megahit-co__c003441_5	-	-	-	GH1	1	-	-
megahit-co__c003444_3	-	-	-	GT1	1	-	-
megahit-co__c003445_1	2.4.1.25:4;2.4.1.-:5	GH13_48(59-172)	GH13_e458(58-440)	AAM72212.1+GH13	3	GH13_48	alpha-glucan
megahit-co__c003468_3	-	GH141(24-520)	GH141_e24(24-520)	GH141	3	GH141_e24	-
megahit-co__c003470_1	-	GH78(4-245)	GH78_e2(2-244)	GH33+GH78	3	GH78_e2	-
megahit-co__c003472_3	-	-	GT119_e2(17-133)	-	1	-	peptidoglycan
megahit-co__c003479_1	-	-	-	GT51	1	-	-
megahit-co__c003484_44	-	-	-	CE8	1	-	-
megahit-co__c003493_3	-	GH23(117-223)	GH23_e1028(117-242)	CBM50+GH23	3	GH23_e1028	-
megahit-co__c003494_3	-	-	GT4_e1535(1-57)	-	1	-	-
megahit-co__c003499_1	-	GH50(30-363)	GH50_e15(33-364)	GH50	3	GH50_e15	-
megahit-co__c003527_1	-	GH104(76-218)	GH104_e4(76-217)	GH104	3	GH104_e4	peptidoglycan
megahit-co__c003530_1	-	-	-	GT1	1	-	-
megahit-co__c003548_9	-	-	-	GT2	1	-	-
megahit-co__c003570_2	-	CE14(13-118)	CE14_e33(13-118)	AAM72647.1+CE14	3	CE14_e33	-
megahit-co__c003592_5	-	-	-	GH13_11	1	-	-
megahit-co__c003593_1	-	GT35(153-349)	GT35_e11(153-356)	GT35	3	GT35_e11	-
megahit-co__c003598_24	-	-	-	GT2	1	-	-
megahit-co__c003598_25	-	-	-	GT2	1	-	-
megahit-co__c003598_4	-	GH35(10-195)	GH35_e7(10-199)	GH35	3	GH35_e7	-
megahit-co__c003646_119	3.2.1.4:8	GH12(103-272)	GH12_e2(103-268)	GH12	3	GH12_e2	cellulose
megahit-co__c003646_120	3.2.1.4:8	GH12(156-323)	GH12_e13(156-323)	GH12	3	GH12_e13	cellulose
megahit-co__c003646_34	-	-	-	GT22	1	-	-
megahit-co__c003646_96	-	-	-	GT4	1	-	-
megahit-co__c003659_1	-	GT23(5-250)	GT23_e14(15-249)	GT0	3	GT23_e14	-
megahit-co__c003663_8	-	CE4(86-288)	CE4_e70(86-289)	-	2	CE4_e70	-
megahit-co__c003663_9	-	-	GT2(2-199)	GT2	2	GT2	-
megahit-co__c003683_2	-	GH19_1(45-145)	GH19_e101(35-184)	GH19_1	3	GH19_1	-
megahit-co__c003692_2	-	-	-	GH23	1	-	-
megahit-co__c003699_10	-	GT104(1-349)	GT104_e2(1-349)	GT104	3	GT104_e2	-
megahit-co__c003703_1	-	-	-	GH13_23	1	-	-
megahit-co__c003707_2	-	-	-	GH152	1	-	-
megahit-co__c003709_2	-	GT2(14-181)	GT2(14-244)	GT2	3	GT2	-
megahit-co__c003710_2	-	-	-	GH47	1	-	-
megahit-co__c003715_3	-	AA3(3-604)	-	-	1	-	-
megahit-co__c003722_8	-|3.2.1.78:2	GH26(38-331)+CBM59(362-505)	GH26_e47(38-331)+CBM59_e2(362-504)	CBM59+GH26	3	GH26_e47|CBM59_e2	beta-mannan
megahit-co__c003724_6	-	-	-	GH13_31	1	-	-
megahit-co__c003725_9	-	-	-	CE4	1	-	-
megahit-co__c003729_2	-|-	CBM41(90-213)	CBM41_e4(91-211)+CBM48_e94(349-430)	CED95594.1+CBM41+CBM48+GH13_13	3	CBM41_e4|CBM48_e94	alpha-glucan;beta-glucan
megahit-co__c003736_13	-	-	-	GH0	1	-	-
megahit-co__c003736_40	-	-	-	GH38	1	-	-
megahit-co__c003741_1	-	-	-	GH24	1	-	-
megahit-co__c003746_1	-	-	-	GT0	1	-	-
megahit-co__c003754_1	-	GH78(267-560)	GH78_e82(270-561)	GH78	3	GH78_e82	-
megahit-co__c003761_1	-	-	-	GT2	1	-	-
megahit-co__c003774_1	-	GT51(65-233)	GT51_e136(66-233)	GT51	3	GT51_e136	-
megahit-co__c003780_44	-	GT51(59-232)	GT51_e248(59-231)	GT51	3	GT51_e248	-
megahit-co__c003780_47	-	GH3(49-282)	GH3_e78(57-281)	GH3	3	GH3_e78	-
megahit-co__c003787_10	-	-	-	GT50	1	-	-
megahit-co__c003787_15	-	CE14(9-142)	CE14_e37(9-142)	CE14	3	CE14_e37	-
megahit-co__c003789_140	-	-	-	CBM50	1	-	-
megahit-co__c003789_16	-	-	-	CBM50	1	-	-
megahit-co__c003789_193	-	-	-	GH1	1	-	-
megahit-co__c003789_229	-	GT2(9-167)	GT2(9-169)	GT2	3	GT2	-
megahit-co__c003789_270	-	-	-	GT4	1	-	-
megahit-co__c003789_68	-|-	AA2(68-184)	AA2_e20(66-179)+AA2_e20(452-724)	AA0	3	AA2_e20|AA2_e20	lignin
megahit-co__c003789_71	-	-	-	GH84	1	-	-
megahit-co__c003796_2	-	-	-	GT1	1	-	-
megahit-co__c003799_2	5.4.99.15:10	GH13_26(27-373)	GH13_e468(27-373)	GH13_26	3	GH13_26	alpha-glucan
megahit-co__c003808_1	-	-	-	GT49	1	-	-
megahit-co__c003823_1	-	-	GT4_e1568(294-437)	GT4	2	GT4_e1568	-
megahit-co__c003859_8	-	-	-	CBM47	1	-	-
megahit-co__c003863_1	-	-	-	GH13_11	1	-	-
megahit-co__c003865_39	-	-	-	GH0	1	-	-
megahit-co__c003889_1	-|-	GT27(327-570)	GT2(327-540)+GT4_e483(802-923)	GT0+GT2	3	GT2|GT4_e483	-
megahit-co__c003901_18	-	-	-	CBM48+GH13_8+GH13_8	1	-	-
megahit-co__c003903_10	-	-	-	CBM50	1	-	-
megahit-co__c003918_1	-	-	-	GT4	1	-	-
megahit-co__c003918_2	-	GT4(587-727)	GT4_e2062(590-730)	GT4	3	GT4_e2062	-
megahit-co__c003928_5	-	CE1(42-336)	-	-	1	-	-
megahit-co__c003941_197	-	-	-	CBM5	1	-	-
megahit-co__c003941_33	-	PL17_4(411-521)	PL17_e18(411-523)	PL17_1	3	PL17_4	-
megahit-co__c003941_37	-	GH38(14-280)	GH38_e46(14-192)	GH38	3	GH38_e46	-
megahit-co__c003941_76	-	-	-	GH13_1+GH13_1	1	-	-
megahit-co__c003955_3	-	GT4(199-301)	GT4_e4883(198-301)	GT4	3	GT4_e4883	-
megahit-co__c003959_24	-	-	-	GH13	1	-	-
megahit-co__c003959_31	-	-	-	CBM50+GH25	1	-	-
megahit-co__c003967_1	-	-	-	GT0	1	-	-
megahit-co__c003968_1	-	CE9(1-131)	CE9_e18(1-131)	-	2	CE9_e18	host glycan
megahit-co__c003970_14	-	-	CBM91_e40(40-234)	-	1	-	xylan
megahit-co__c003970_15	-	-	CBM91_e50(47-241)	-	1	-	xylan
megahit-co__c003978_8	3.2.1.113:6	GH92(253-754)	GH92_e18(257-754)	GH92	3	GH92_e18	host glycan
megahit-co__c003978_9	-	GH92(228-748)	GH92_e59(228-748)	GH92	3	GH92_e59	host glycan
megahit-co__c003982_37	3.2.1.17:11	GH23(79-181)	GH23_e335(67-183)	GH23	3	GH23_e335	peptidoglycan
megahit-co__c003982_42	-	GH23(49-178)	GH23_e842(49-177)	GH23	3	GH23_e842	-
megahit-co__c003982_80	-	-	CBM50_e84(62-104)	CBM50	2	CBM50_e84	chitin
megahit-co__c003984_1	-	-	GH191_e21(1-86)	-	1	-	-
megahit-co__c003987_1	-|-	GT2(274-502)	GH17_e78(1-155)+GT2(274-502)	GH17+GT2	3	GH17_e78|GT2	-
megahit-co__c003988_1	-	AA3_2(1-339)	AA3_e57(1-339)	AA3_2	3	AA3_2	-
megahit-co__c004021_2	-	-	CE14_e61(43-158)	-	1	-	-
megahit-co__c004021_4	-	-	GT2(2-202)	GT2	2	GT2	-
megahit-co__c004022_7	-	-	-	GT1	1	-	-
megahit-co__c004039_2	-	AA3(6-587)	-	-	1	-	-
megahit-co__c004045_1	-	-	-	GT4	1	-	-
megahit-co__c004045_2	-	GT4(203-350)	GT4_e8260(203-350)	GT4	3	GT4_e8260	-
megahit-co__c004059_2	-	GT51(61-225)	GT51_e185(63-226)	GT51	3	GT51_e185	-
megahit-co__c004062_18	-	-	-	GH71	1	-	-
megahit-co__c004080_2	-	CE9(4-301)	CE9_e103(3-300)	CE9	3	CE9_e103	host glycan
megahit-co__c004080_4	-	-	-	GH13_11	1	-	-
megahit-co__c004084_4	-	GT2(365-471)	GT2(364-538)	GT2	3	GT2	-
megahit-co__c004101_9	-	CE1(394-618)	-	-	1	-	-
megahit-co__c004124_1	-	-	-	GH5_11	1	-	-
megahit-co__c004135_5	-	GH95(148-737)	GH95_e9(144-735)	GH95	3	GH95_e9	-
megahit-co__c004157_19	-	-	-	GT1	1	-	-
megahit-co__c004157_7	-	GT2(5-168)	GT2(5-166)	GT2	3	GT2	-
megahit-co__c004161_3	-	-	-	CBM35	1	-	-
megahit-co__c004161_7	-	-	CBM91_e67(54-253)	-	1	-	xylan
megahit-co__c004166_1	-	GT51(112-287)	GT51_e260(112-287)	GT51	3	GT51_e260	-
megahit-co__c004192_5	-	-	-	GT50	1	-	-
megahit-co__c004202_3	-	-	CBM50_e196(52-94)	CBM50	2	CBM50_e196	chitin
megahit-co__c004211_1	-	GT4(195-336)	GT4_e1665(195-336)	GT4	3	GT4_e1665	-
megahit-co__c004213_1	-	GT4(411-564)	GT4_e595(411-564)	GT4	3	GT4_e595	-
megahit-co__c004220_1	-	-	-	GH13_48	1	-	-
megahit-co__c004222_11	-	-	-	GH27	1	-	-
megahit-co__c004222_17	-	-	-	GT2	1	-	-
megahit-co__c004222_6	-	-	-	CE8	1	-	-
megahit-co__c004231_2	-	GT30(51-213)	GT30_e58(50-213)	GT30	3	GT30_e58	-
megahit-co__c004232_2	-	CE1(15-179)	-	-	1	-	-
megahit-co__c004233_1	-	-	-	GH39	1	-	-
megahit-co__c004235_3	-	-	-	GH27	1	-	-
megahit-co__c004235_42	-	GT4(174-318)	GT4_e2695(175-318)	GT4	3	GT4_e2695	-
megahit-co__c004240_3	-	GT19(2-142)	GT19_e69(2-142)	-	2	GT19_e69	-
megahit-co__c004276_1	-	GT51(1-89)	GT51_e15(1-89)	GT51	3	GT51_e15	-
megahit-co__c004277_2	-	-	-	GH13	1	-	-
megahit-co__c004290_1	-	-	-	GH13_30	1	-	-
megahit-co__c004290_2	-	-	-	GT4	1	-	-
megahit-co__c004322_1	-	GH10(30-271)	GH10_e190(31-275)	GH10	3	GH10_e190	-
megahit-co__c004327_5	-	GT26(52-217)	GT26_e4(53-217)	GT26	3	GT26_e4	-
megahit-co__c004327_6	-	-	-	GT0	1	-	-
megahit-co__c004329_1	-	-	-	GH13_29	1	-	-
megahit-co__c004340_18	-	-	-	PL10_1	1	-	-
megahit-co__c004340_20	-	CE1(68-256)	-	-	1	-	-
megahit-co__c004345_47	-	GT2(5-137)	GT2(5-186)	-	2	GT2	-
megahit-co__c004373_2	-	CE4(36-165)	CE4_e449(42-152)	-	2	CE4_e449	-
megahit-co__c004402_1	-	-	GT4_e2954(235-323)	GT4	2	GT4_e2954	-
megahit-co__c004441_1	-	GT4(77-208)	GT4_e1516(77-208)	GT4	3	GT4_e1516	-
megahit-co__c004451_12	-	-	-	GT2	1	-	-
megahit-co__c004451_133	-	GT5(2-479)	GT5_e43(2-478)	GT5	3	GT5_e43	-
megahit-co__c004451_39	-	-	-	GT33	1	-	-
megahit-co__c004451_42	-	-	GT121_e370(254-371)	GT121	2	GT121_e370	bacterial outer membrane (OM) polysaccharides
megahit-co__c004451_50	-	CE9(17-357)	CE9_e6(27-354)	CE9	3	CE9_e6	host glycan
megahit-co__c004451_76	-	GT119(14-347)	GT119_e117(21-346)	GT119	3	GT119_e117	peptidoglycan
megahit-co__c004464_2	-	-	-	GH1	1	-	-
megahit-co__c004469_1	2.4.1.18:112	GH13_8(2-144)	GH13_e277(2-144)	CBM48+GH13_8	3	GH13_8	alpha-glucan
megahit-co__c004473_1	-	-	-	GT33	1	-	-
megahit-co__c004486_1	-	-	GH8_e48(1-129)	GH8	2	GH8_e48	-
megahit-co__c004512_23	-	-	-	CE4	1	-	-
megahit-co__c004512_54	-	-	-	GH101	1	-	-
megahit-co__c004512_57	-	-	-	GH24	1	-	-
megahit-co__c004512_59	-	-	-	GT50	1	-	-
megahit-co__c004512_79	-	-	-	CBM50	1	-	-
megahit-co__c004516_18	-	GH177(54-237)	GH177_e1(54-211)	-	2	GH177_e1	host glycan
megahit-co__c004520_43	-	-	-	CBM50+GH25	1	-	-
megahit-co__c004543_2	-	-	-	CBM47	1	-	-
megahit-co__c004558_1	-	GT2(11-118)	GT2(10-139)	AAM72154.1+GT2	3	GT2	-
megahit-co__c004559_13	-	-	-	GH13_48	1	-	-
megahit-co__c004566_1	-	-	-	CBM48+GH13_8+GH13_8	1	-	-
megahit-co__c004569_1	-	-	-	GT1	1	-	-
megahit-co__c004571_2	-	-	-	GH13_3	1	-	-
megahit-co__c004573_1	3.2.1.55:26	GH51_1(19-384)	GH51_e19(21-384)	GH51_1	3	GH51_1	arabinan
megahit-co__c004574_13	-	GH29(3-354)	GH29_e128(15-352)	GH29	3	GH29_e128	host glycan
megahit-co__c004574_15	3.2.1.177:12	GH31_3(248-676)	GH31_e31(248-677)	GH31_3	3	GH31_3	xyloglucan
megahit-co__c004575_1	-	-	-	GT1	1	-	-
megahit-co__c004603_3	-	GH33(2-182)	GH33_e97(1-180)	AAS10966.1+GH33	3	GH33_e97	host glycan
megahit-co__c004640_7	-	GT4(5-93)	GT4_e4980(1-93)	-	2	GT4_e4980	-
megahit-co__c004641_1	-	-	-	CBM48+GH13_10	1	-	-
megahit-co__c004641_2	-	GH77(158-353)	GH77_e21(158-353)	GH77	3	GH77_e21	alpha-glucan
megahit-co__c004675_7	-	-	-	GT4	1	-	-
megahit-co__c004680_2	-	-	-	GH103	1	-	-
megahit-co__c004687_1	-	-	-	GT51	1	-	-
megahit-co__c004690_1	3.2.1.31:87	GH2_3(3-500)	GH2_e29(2-500)	GH2_3	3	GH2_3	beta-glucuronan
megahit-co__c004699_1	-	-	-	CE19	1	-	-
megahit-co__c004712_1	-	GT39(13-119)	GT39_e32(13-120)	-	2	GT39_e32	-
megahit-co__c004714_1	-	-	-	GH0	1	-	-
megahit-co__c004717_30	-	-	-	GT0	1	-	-
megahit-co__c004717_6	-	-	-	CBM2+GH5_1	1	-	-
megahit-co__c004747_3	-	GT9(5-149)	GT9_e229(3-146)	GT9	3	GT9_e229	-
megahit-co__c004752_5	-	-	-	CBM0	1	-	-
megahit-co__c004766_3	-	GT83(22-558)	-	-	1	-	-
megahit-co__c004766_4	-	-	-	AA4	1	-	-
megahit-co__c004767_2	-	GT2(8-175)	GT2(8-166)	GT2	3	GT2	-
megahit-co__c004800_2	3.2.1.14:47|3.2.1.14:17;3.2.1.-:4	GH18(49-350)	GH18_e428(1-350)+CBM5_e19(575-613)	CBM5+GH18	3	GH18_e428|CBM5_e19	-;chitin
megahit-co__c004804_16	-	-	-	CBM38	1	-	-
megahit-co__c004823_24	-	GH177(19-239)	GH179_e0(15-223)	-	2	GH179_e0	chitin
megahit-co__c004823_26	-	-	-	GT0	1	-	-
megahit-co__c004829_14	-	-	-	CE4	1	-	-
megahit-co__c004829_47	-	-	-	GT2	1	-	-
megahit-co__c004829_59	-	GT117(14-232)	GT117_e5(17-227)	-	2	GT117_e5	-
megahit-co__c004829_77	-	GT2(42-252)	GT2(45-275)	GT2	3	GT2	-
megahit-co__c004868_2	-	-	-	GT9	1	-	-
megahit-co__c004872_2	-	GT117(15-249)	GT117_e5(17-208)	-	2	GT117_e5	-
megahit-co__c004879_1	-	-	-	GT2	1	-	-
megahit-co__c004879_2	-	-	-	GT2	1	-	-
megahit-co__c004895_1	-	-	-	GH30_2	1	-	-
megahit-co__c004907_1	-	-	-	GT7	1	-	-
megahit-co__c004940_8	-	-	-	PL0	1	-	-
megahit-co__c004945_1	-	-	-	GT0	1	-	-
megahit-co__c004948_2	-	CE4(1-92)	CE4_e340(1-91)	CE4	3	CE4_e340	-
megahit-co__c004960_48	-	GT119(2-324)	GT119_e82(2-324)	GT119	3	GT119_e82	peptidoglycan
megahit-co__c004964_2	-	GT2(12-137)	GT2(12-136)	GT2	3	GT2	-
megahit-co__c004971_2	-	-	-	GT1	1	-	-
megahit-co__c004972_10	-	GT19(4-356)	GT19_e2(4-355)	GT19	3	GT19_e2	-
megahit-co__c004973_10	-	-	-	GH13_23	1	-	-
megahit-co__c004983_1	-	-	-	GT83	1	-	-
megahit-co__c004983_3	-	GT83(2-355)	GT83_e107(3-356)	GT83	3	GT83_e107	-
megahit-co__c004989_1	-	-	-	GT1	1	-	-
megahit-co__c004999_5	-	-	-	GT57	1	-	-
megahit-co__c005011_10	-	GT121(500-628)	GT121_e300(498-627)	GT121	3	GT121_e300	bacterial outer membrane (OM) polysaccharides
megahit-co__c005011_4	-	CBM2(37-136)	CBM2_e31(37-136)	CBM2	3	CBM2_e31	cellulose
megahit-co__c005025_8	-	-	-	GT4	1	-	-
megahit-co__c005097_13	-	-	-	GT33	1	-	-
megahit-co__c005108_6	-	-	-	GH18	1	-	-
megahit-co__c005112_185	-	-	-	GH28	1	-	-
megahit-co__c005112_226	-	-	GH74_e15(164-320)	GH0	2	GH74_e15	-
megahit-co__c005112_67	-	-	CBM50_e848(181-227)	-	1	-	chitin
megahit-co__c005112_96	-	CE19(20-257)	CE19_e8(20-253)	-	2	CE19_e8	pectin
megahit-co__c005122_15	-	GH133(301-649)	GH133_e2(302-649)	GH133	3	GH133_e2	alpha-glucan
megahit-co__c005122_29	-|-	GH13_47(148-435)	CBM48_e31(30-99)+GH13_e336(149-435)	CBM48+GH13	3	CBM48_e31|GH13_47	alpha-glucan
megahit-co__c005122_45	-	AA1(209-408)	AA1_e90(198-406)	-	2	AA1_e90	lignin
megahit-co__c005132_14	-	GH2_10(65-960)	GH2_e182(65-959)	GH2_10	3	GH2_10	-
megahit-co__c005145_2	-	-	-	GH13	1	-	-
megahit-co__c005152_3	-	-	-	GH130_3	1	-	-
megahit-co__c005156_115	-	-	-	GT7	1	-	-
megahit-co__c005156_19	-	-	-	GT1	1	-	-
megahit-co__c005169_2	-	-	-	GH1	1	-	-
megahit-co__c005175_14	-	GH29(3-354)	GH29_e128(15-352)	GH29	3	GH29_e128	host glycan
megahit-co__c005175_18	3.2.1.23:9	GH42(14-388)	GH42_e17(14-388)	GH42	3	GH42_e17	arabinogalactan
megahit-co__c005192_1	-	-	-	GH13_22+GH13_22+GT5	1	-	-
megahit-co__c005201_2	-	-	-	GH0	1	-	-
megahit-co__c005209_3	-	-	-	CBM48+GH13_8+GH13_8	1	-	-
megahit-co__c005240_38	-	-	-	CE4	1	-	-
megahit-co__c005249_1	-	GH148(270-432)	GH148_e0(271-432)	GH148	3	GH148_e0	-
megahit-co__c005252_1	-	-	-	GT51	1	-	-
megahit-co__c005259_43	-|-	CBM50(35-79)+CBM50(94-138)	CBM50_e546(35-79)+CBM50_e546(94-138)	-	2	CBM50_e546|CBM50_e546	chitin
megahit-co__c005259_78	-	GT81(2-193)	GT2(6-138)	GT2	3	GT2	-
megahit-co__c005286_10	-	-	-	CBM62	1	-	-
megahit-co__c005286_6	-	-	-	CBM35	1	-	-
megahit-co__c005294_1	-	-	-	AAS12799.1+GH23	1	-	-
megahit-co__c005317_1	2.4.1.18:4|2.4.1.18:14	CBM48(129-215)+GH13_9(284-584)	CBM48_e134(129-221)+GH13_e200(284-584)	CBM48+GH13_9	3	CBM48_e134|GH13_9	alpha-glucan
megahit-co__c005322_2	-	-	-	GH13_23	1	-	-
megahit-co__c005348_1	-	-	-	GH13_3	1	-	-
megahit-co__c005364_1	-	-	-	AA3_2+AA3_2	1	-	-
megahit-co__c005393_1	-	GT5(3-326)	GT5_e33(3-328)	GT5	3	GT5_e33	-
megahit-co__c005397_1	-	GH13_46(44-365)	GH13_e102(44-365)	GH13_46	3	GH13_46	-
megahit-co__c005399_2	2.4.1.25:21	GH77(12-484)	GH77_e26(12-492)	GH77	3	GH77_e26	alpha-glucan
megahit-co__c005402_1	-	-	GT1_e42(7-294)	GT1	2	GT1_e42	-
megahit-co__c005410_2	-	-	-	CE4	1	-	-
megahit-co__c005410_6	-	-	-	GH1	1	-	-
megahit-co__c005419_2	-	GH130_12(62-346)	GH130_e52(62-346)	GH130_12	3	GH130_12	beta-mannan
megahit-co__c005425_1	3.2.1.41:2|-	GH13_13(85-475)	GH13_e108(85-476)+CBM69_e2(685-787)	CBM41+CBM48+GH13_13	3	GH13_13|CBM69_e2	alpha-glucan
megahit-co__c005436_10	-	-	-	CBM47	1	-	-
megahit-co__c005436_14	-	GH13_18(84-425)	GH13_e237(85-425)	GH13_18	3	GH13_18	-
megahit-co__c005436_7	-	GH32(46-331)	GH32_e212(46-333)	GH32	3	GH32_e212	fructan
megahit-co__c005438_4	-	-	-	GT83	1	-	-
megahit-co__c005446_1	-	-	-	AAB99063.1+GT4	1	-	-
megahit-co__c005458_1	2.4.1.15:67	GT20(1-346)	GT20_e1(2-346)	GT20	3	GT20_e1	-
megahit-co__c005469_7	-	GH30_1(32-442)	GH30_e1(33-442)	GH30_1	3	GH30_1	-
megahit-co__c005474_2	-	-	-	GH20	1	-	-
megahit-co__c005478_1	-	-	-	GT2	1	-	-
megahit-co__c005493_20	-	-	-	GH0	1	-	-
megahit-co__c005493_40	-	-	CBM50_e135(286-330)	CBM50	2	CBM50_e135	chitin
megahit-co__c005493_52	-	-	-	GT50	1	-	-
megahit-co__c005498_7	-	-	-	GT2	1	-	-
megahit-co__c005501_3	-	-	-	GH43_29	1	-	-
megahit-co__c005501_5	-	-	-	CBM4	1	-	-
megahit-co__c005512_1	-	GT9(12-131)	-	-	1	-	-
megahit-co__c005512_2	-	-	GT4_e1311(194-318)	GT4	2	GT4_e1311	-
megahit-co__c005532_8	-	-	-	GT32	1	-	-
megahit-co__c005538_1	-	-	-	GH13_30	1	-	-
megahit-co__c005539_124	-	CE14(4-121)	CE14_e65(5-122)	-	2	CE14_e65	-
megahit-co__c005539_140	-	-	-	GT2	1	-	-
megahit-co__c005539_40	-	GT4(198-351)	GT4_e2464(200-348)	GT4	3	GT4_e2464	-
megahit-co__c005539_42	-	GT4(199-352)	GT4_e468(201-351)	GT4	3	GT4_e468	-
megahit-co__c005539_43	-	GT4(196-359)	GT4_e6778(202-358)	GT4	3	GT4_e6778	-
megahit-co__c005539_46	-	GT4(179-323)	GT4_e2902(179-326)	GT4	3	GT4_e2902	-
megahit-co__c005539_75	-	-	-	GT4	1	-	-
megahit-co__c005539_88	-	GT51(59-234)	GT51_e181(58-233)	GT51	3	GT51_e181	-
megahit-co__c005552_4	-	-	-	GH0	1	-	-
megahit-co__c005563_2	-	GT4(172-268)	GT4_e4818(172-268)	GT4	3	GT4_e4818	-
megahit-co__c005583_13	-	-	-	GT1	1	-	-
megahit-co__c005596_2	-	-	-	GT4	1	-	-
megahit-co__c005611_1	-	-	-	GH39	1	-	-
megahit-co__c005626_2	-	GH57_3(5-318)	GH57_e37(5-317)	GH57_3	3	GH57_3	-
megahit-co__c005632_1	-	-	GT121_e65(173-298)	GT121	2	GT121_e65	bacterial outer membrane (OM) polysaccharides
megahit-co__c005634_2	-	GH23(107-236)	GH23_e311(106-235)	GH23	3	GH23_e311	-
megahit-co__c005639_1	-	-	-	GT2	1	-	-
megahit-co__c005639_2	-	GT2(13-116)	GT2(13-127)	-	2	GT2	-
megahit-co__c005639_3	-	-	GT2(2-72)	GT2	2	GT2	-
megahit-co__c005648_1	2.4.1.18:4|2.4.1.18:14	CBM48(13-92)+GH13_9(188-378)	CBM48_e134(13-101)+GH13_e200(188-378)	CBM48+GH13_9	3	CBM48_e134|GH13_9	alpha-glucan
megahit-co__c005649_1	-	-	GT2(12-76)	-	1	-	-
megahit-co__c005652_3	-	AA1(3-232)	AA1_e136(3-221)	-	2	AA1_e136	lignin
megahit-co__c005659_8	-	-	-	GH5_11	1	-	-
megahit-co__c005662_40	-	-	-	GH13	1	-	-
megahit-co__c005662_41	-	-	-	GH31_1+GH31_1	1	-	-
megahit-co__c005662_42	-	-	-	GH131	1	-	-
megahit-co__c005686_3	-	-	GT2(1-121)	AAM73205.1+GT2	2	GT2	-
megahit-co__c005688_1	-	GH109(3-186)	GH179_e0(26-188)	-	2	GH179_e0	chitin
megahit-co__c005690_13	-	-	-	GT2	1	-	-
megahit-co__c005690_16	-	-	-	GH13_31	1	-	-
megahit-co__c005690_63	-	GH188(5-153)	-	-	1	-	-
megahit-co__c005708_1	-	GH3(93-310)	GH3_e300(94-310)	GH3	3	GH3_e300	-
megahit-co__c005711_2	-	-	CBM50_e685(237-279)	CBM50+GH23	2	CBM50_e685	chitin
megahit-co__c005714_1	-	GH57_1(1-267)	GH57_e55(1-259)	GH57_1	3	GH57_1	-
megahit-co__c005736_1	-	-	-	GT1	1	-	-
megahit-co__c005756_3	-	-	-	GT7	1	-	-
megahit-co__c005771_3	-	-	-	CE4	1	-	-
megahit-co__c005775_3	-	GT4(202-344)	GT4_e2534(202-344)	GT4	3	GT4_e2534	-
megahit-co__c005777_2	-	-	-	GH182	1	-	-
megahit-co__c005782_1	-	-	-	GT4	1	-	-
megahit-co__c005782_2	-	GT4(10-150)	GT4_e4265(9-150)	GT4	3	GT4_e4265	-
megahit-co__c005790_2	-	-	-	GH5_12	1	-	-
megahit-co__c005790_4	-	-	-	GH13_25+GH133+GH13_25	1	-	-
megahit-co__c005794_13	-|-	-	AA2_e20(84-180)+AA2_e20(460-726)	AA0	2	AA2_e20|AA2_e20	lignin
megahit-co__c005821_2	-	GT2(4-102)	GT2(4-110)	GT2	3	GT2	-
megahit-co__c005823_3	-	GT2(4-170)	GT2(4-169)	GT2	3	GT2	-
megahit-co__c005839_1	-	GT4(158-304)	GT4_e1292(158-304)	GT4	3	GT4_e1292	-
megahit-co__c005848_6	-	GT66(109-607)	GT66_e29(113-607)	GT66	3	GT66_e29	-
megahit-co__c005856_1	-	GH2_10(9-413)	GH2_e173(1-425)	GH2_10	3	GH2_10	-
megahit-co__c005862_2	-	-	-	GH131	1	-	-
megahit-co__c005867_5	-	-	-	CE8	1	-	-
megahit-co__c005873_1	-	-	GT41_e8(219-470)	GT41	2	GT41_e8	-
megahit-co__c005873_2	-	-	GT41_e11(1-189)	GT41	2	GT41_e11	-
megahit-co__c005874_2	-	GT4(176-322)	GT4_e955(180-323)	GT4	3	GT4_e955	-
megahit-co__c005883_1	-	-	-	GT2	1	-	-
megahit-co__c005895_17	-	AA3(7-528)	AA3_e214(9-347)	AA3	3	AA3_e214	-
megahit-co__c005895_29	-	GT81(6-191)	GT2(9-150)	GT2	3	GT2	-
megahit-co__c005895_3	-	-	GT4_e2749(195-324)	GT4	2	GT4_e2749	-
megahit-co__c005895_35	-	GT4(215-368)	GT4_e7815(217-366)	GT4	3	GT4_e7815	-
megahit-co__c005895_37	-	GT2(8-169)	GT2(8-171)	GT2	3	GT2	-
megahit-co__c005895_4	-	GH179(25-152)	-	-	1	-	-
megahit-co__c005896_2	-	-	-	GT4	1	-	-
megahit-co__c005916_11	-	-	-	GT2	1	-	-
megahit-co__c005916_3	-	-	-	GT4	1	-	-
megahit-co__c005916_4	-	-	GT4_e4218(199-337)	GT4	2	GT4_e4218	-
megahit-co__c005916_5	-	GT122(35-353)	-	-	1	-	-
megahit-co__c005916_6	-	-	GT4_e8017(207-304)	GT0	2	GT4_e8017	-
megahit-co__c005929_7	2.4.1.18:14	GH13_9(1-227)	GH13_e200(1-227)	CBM48+GH13_9	3	GH13_9	alpha-glucan
megahit-co__c005944_2	-	GH179(25-181)	GH179_e0(26-181)	-	2	GH179_e0	chitin
megahit-co__c005945_3	-	CBM85(720-840)+GH10(909-1230)	GH10_e150(930-1225)	GH10	3	CBM85|GH10_e150	-
megahit-co__c005954_2	-	-	-	GT2	1	-	-
megahit-co__c005959_16	-	GH5(53-378)	GH39_e1(98-388)	GH0	3	GH39_e1	-
megahit-co__c005959_17	-	-	-	GT2	1	-	-
megahit-co__c005959_54	-	GT4(207-362)	GT4_e2146(222-360)	GT4	3	GT4_e2146	-
megahit-co__c005959_61	-	-	-	CBM50	1	-	-
megahit-co__c005961_2	-	CBM67(160-325)	CBM67_e28(161-326)	GH78	3	CBM67_e28	rhamnose
megahit-co__c005961_3	3.1.1.73:2;3.2.1.40:8	GH78(61-594)	GH78_e80(63-594)	GH78	3	GH78_e80	-;alpha-rhamnoside
megahit-co__c005961_4	-	-	-	CE20	1	-	-
megahit-co__c005976_3	-	GT9(69-277)	GT9_e74(68-281)	GT9	3	GT9_e74	-
megahit-co__c005979_18	-	-	-	GT22	1	-	-
megahit-co__c005984_2	-	-	-	GT2	1	-	-
megahit-co__c005986_4	-	GH177(71-437)	GH177_e11(71-437)	GH177	3	GH177_e11	host glycan
megahit-co__c005991_1	-	GT51(1-80)	GT51_e106(1-79)	GT51	3	GT51_e106	-
megahit-co__c006009_1	-	-	GH23_e1281(1-103)	-	1	-	-
megahit-co__c006010_1	-	-	-	GT0	1	-	-
megahit-co__c006018_1	-	-	GT2(7-127)	-	1	-	-
megahit-co__c006021_2	-	-	GH32_e229(166-287)	CBM0	2	GH32_e229	fructan
megahit-co__c006024_2	-	GT26(60-232)	GT26_e105(61-232)	GT26	3	GT26_e105	-
megahit-co__c006025_1	-	GT2(87-339)	GT2(87-339)	AAN66911.1+GT2	3	GT2	-
megahit-co__c006037_1	-	-	-	GH38	1	-	-
megahit-co__c006051_2	-	-	-	GT4	1	-	-
megahit-co__c006054_1	-	-	-	GH5_11	1	-	-
megahit-co__c006080_2	-	-	-	GT0	1	-	-
megahit-co__c006084_4	-|-	GT4(649-779)	GT4_e1037(252-379)+GT4_e1037(653-787)	GT4	3	GT4_e1037|GT4_e1037	-
megahit-co__c006092_1	3.2.1.52:18	GH20(93-419)	GH20_e12(91-419)	GH20	3	GH20_e12	host glycan
megahit-co__c006093_1	3.2.1.52:18	GH20(14-264)	GH20_e12(11-264)	GH20	3	GH20_e12	host glycan
megahit-co__c006111_2	-	GH66(2-557)	GH66_e4(1-557)	GH66	3	GH66_e4	alpha-glucan
megahit-co__c006111_3	-	GH15(8-349)	GH15_e23(9-350)	GH15	3	GH15_e23	-
megahit-co__c006115_27	-	-	-	GT106	1	-	-
megahit-co__c006137_1	-	GT5(3-450)	GT5_e4(2-450)	AAM73230.1+GT5	3	GT5_e4	-
megahit-co__c006137_4	-	GT117(15-230)	GT117_e5(17-218)	-	2	GT117_e5	-
megahit-co__c006138_132	-	GH38(6-261)	GH38_e13(7-258)	GH38	3	GH38_e13	-
megahit-co__c006138_45	-	-	-	GT4	1	-	-
megahit-co__c006139_1	-	-	-	GT51	1	-	-
megahit-co__c006146_1	-	-	-	GT2	1	-	-
megahit-co__c006169_9	-	-	-	GT50	1	-	-
megahit-co__c006174_48	-	-	-	GT33	1	-	-
megahit-co__c006178_1	-	-	-	GH23	1	-	-
megahit-co__c006179_15	-	AA1(143-340)	AA1_e90(120-340)	-	2	AA1_e90	lignin
megahit-co__c006179_5	-	-	-	CBM50+CE4	1	-	-
megahit-co__c006189_14	-	GH179(17-266)	GH179_e1(17-213)	-	2	GH179_e1	chitin
megahit-co__c006189_8	-	-	-	GH13_11	1	-	-
megahit-co__c006195_27	-	GH13_48(40-347)	GH13_e116(38-347)	GH13	3	GH13_48	-
megahit-co__c006195_4	-	-	-	GH13_23	1	-	-
megahit-co__c006195_58	-	-	-	GT2	1	-	-
megahit-co__c006207_3	-	-	GT4_e7206(191-316)	GT0	2	GT4_e7206	-
megahit-co__c006213_6	-	-	-	GT1	1	-	-
megahit-co__c006214_1	-	-	GT1_e6(1-260)	GT1	2	GT1_e6	-
megahit-co__c006229_9	-	-	GT2(1-142)	GT2	2	GT2	-
megahit-co__c006231_1	-	CBM2(1-84)	CBM2_e244(2-84)	-	2	CBM2_e244	cellulose
megahit-co__c006231_2	-|3.2.1.4:3;3.2.1.151:2;3.2.1.176:20;3.2.1.-:3	CBM2(37-136)+GH48(228-852)	CBM2_e244(37-136)+GH48_e1(228-852)	CBM2+GH48	3	CBM2_e244|GH48_e1	-;cellulose
megahit-co__c006231_3	-|-	GH8(54-415)+CBM2(506-605)	GH8_e61(54-414)+CBM2_e6(506-605)	CBM2+GH8	3	GH8_e61|CBM2_e6	cellulose
megahit-co__c006231_4	-	GH8(54-415)	GH8_e61(54-414)	GH8	3	GH8_e61	-
megahit-co__c006238_1	-	-	-	GT4	1	-	-
megahit-co__c006274_3	-	GH179(24-174)	GH179_e0(24-173)	-	2	GH179_e0	chitin
megahit-co__c006289_5	-	-	-	GH28	1	-	-
megahit-co__c006303_3	-	-	GT2(1-108)	GT2	2	GT2	-
megahit-co__c006318_1	-	-	-	GT1	1	-	-
megahit-co__c006325_36	-	-	-	GT119	1	-	-
megahit-co__c006327_3	-	GT2(4-119)	GT2(4-123)	GT2	3	GT2	-
megahit-co__c006345_3	-	GT2(16-152)	GT2(16-171)	GT2	3	GT2	-
megahit-co__c006349_1	-	-	-	GH1	1	-	-
megahit-co__c006377_3	-	GT4(195-342)	GT4_e7117(195-342)	AAM73101.1+GT4	3	GT4_e7117	-
megahit-co__c006379_1	-	-	-	GT2	1	-	-
megahit-co__c006381_2	-	GT4(193-329)	GT4_e1943(195-329)	GT4	3	GT4_e1943	-
megahit-co__c006388_20	-	GT2(45-161)	GT2(43-326)	GT2	3	GT2	-
megahit-co__c006388_7	-	GT2(20-185)	GT2(20-184)	GT2	3	GT2	-
megahit-co__c006404_1	-	-	-	GT0	1	-	-
megahit-co__c006406_2	-	-	-	GT50	1	-	-
megahit-co__c006415_3	-	GH130_8(125-241)	GH130_e14(125-241)	GH130_8	3	GH130_8	beta-mannan
megahit-co__c006417_1	5.4.99.16:7	GH13_16(39-394)	GH13_e0(39-394)	GH13_16	3	GH13_16	alpha-glucan
megahit-co__c006437_1	-	PL5_1(24-336)	PL5_e12(24-335)	PL5_1	3	PL5_1	-
megahit-co__c006440_7	-	GT105(92-221)	GT105_e10(92-221)	GT105	3	GT105_e10	-
megahit-co__c006440_8	-	-	-	CBM35+CBM47	1	-	-
megahit-co__c006444_10	-	-	-	GT2	1	-	-
megahit-co__c006444_11	-	-	-	GT22	1	-	-
megahit-co__c006446_22	-	-	-	GT2	1	-	-
megahit-co__c006446_44	-	-	-	GH1	1	-	-
megahit-co__c006458_103	-	GH127(2-504)	GH127_e8(2-504)	GH127	3	GH127_e8	-
megahit-co__c006458_104	-	GH51_1(25-501)	GH51_e79(26-499)	GH51_1	3	GH51_1	-
megahit-co__c006458_105	-	-	-	GH43_26	1	-	-
megahit-co__c006458_21	-	-	-	GT4	1	-	-
megahit-co__c006458_95	-	-	-	GT1	1	-	-
megahit-co__c006463_1	-	GH109(63-213)	GH109_e10(64-214)	-	2	GH109_e10	host glycan
megahit-co__c006480_8	-	GT4(196-335)	GT4_e7921(198-334)	GT4	3	GT4_e7921	-
megahit-co__c006491_1	-	-	GH63_e18(37-317)	GH63	2	GH63_e18	-
megahit-co__c006521_2	-	-	-	GT30	1	-	-
megahit-co__c006537_48	-	GH171(23-388)	GH171_e17(23-388)	GH171	3	GH171_e17	peptidoglycan
megahit-co__c006542_1	-	GT2(16-138)	GT2(16-240)	GT2	3	GT2	-
megahit-co__c006556_2	-	GH13_4(153-547)	GH13_e129(153-547)	GH13_4	3	GH13_4	-
megahit-co__c006556_3	-	GT4(257-427)	GT4_e1540(258-424)	GT4	3	GT4_e1540	-
megahit-co__c006556_5	3.2.1.1:4;3.2.1.141:34|3.2.1.141:4	GH13_10(443-764)	CBM48_e0(308-416)+GH13_e92(443-764)	CBM48+GH13_10	3	CBM48_e0|GH13_10	alpha-glucan
megahit-co__c006566_2	-	GH179(59-185)	GH177_e4(39-187)	-	2	GH177_e4	host glycan
megahit-co__c006570_1	-	-	-	GH1	1	-	-
megahit-co__c006575_15	-	-	-	GT33	1	-	-
megahit-co__c006575_16	-	CE1(11-257)	-	-	1	-	-
megahit-co__c006579_2	-	GH103(66-359)	GH103_e54(66-359)	GH103	3	GH103_e54	peptidoglycan
megahit-co__c006615_5	-	-	-	GT2	1	-	-
megahit-co__c006618_1	-	GH57_3(6-225)	GH57_e4(6-225)	GH57_3	3	GH57_3	-
megahit-co__c006618_2	-	GT4(308-452)	GT4_e4120(308-450)	GT4	3	GT4_e4120	-
megahit-co__c006618_3	-	GH133(25-381)	GH133_e2(26-381)	GH133	3	GH133_e2	alpha-glucan
megahit-co__c006619_18	-	-	-	CBM13	1	-	-
megahit-co__c006625_1	-	-	-	GH1	1	-	-
megahit-co__c006626_2	-	-	-	GH65	1	-	-
megahit-co__c006643_5	-	-	CBM40_e8(1256-1415)	-	1	-	host glycan
megahit-co__c006648_1	-	AA3_2(9-375)	-	-	1	-	-
megahit-co__c006667_12	-	-	-	GH1	1	-	-
megahit-co__c006674_10	-	-	-	CBM35	1	-	-
megahit-co__c006674_5	-	-	-	CE4	1	-	-
megahit-co__c006676_42	-	-	-	GH0	1	-	-
megahit-co__c006679_1	-	-	-	GT2	1	-	-
megahit-co__c006693_1	-	GT30(59-237)	GT30_e10(59-237)	GT30	3	GT30_e10	-
megahit-co__c006703_1	-	-	-	GT1	1	-	-
megahit-co__c006706_1	-	GH24(9-150)	GH24_e238(9-150)	GH24	3	GH24_e238	peptidoglycan
megahit-co__c006712_12	-	CE1(39-250)	-	-	1	-	-
megahit-co__c006719_1	-	CE13(67-250)	-	-	1	-	-
megahit-co__c006721_3	-	GH179(19-344)	GH179_e0(19-274)	-	2	GH179_e0	chitin
megahit-co__c006722_1	-	-	-	GT4	1	-	-
megahit-co__c006723_4	-	GH103(66-361)	GH103_e85(66-361)	GH103	3	GH103_e85	peptidoglycan
megahit-co__c006732_1	-	-	CBM35_e177(126-225)	CBM35+PL1_5+PL9_1	2	CBM35_e177	xylan
megahit-co__c006748_5	-	-	-	GT30	1	-	-
megahit-co__c006805_1	-	-	-	GT4	1	-	-
megahit-co__c006806_2	-	GT2(2-218)	GT2(1-218)	GT2	3	GT2	-
megahit-co__c006810_1	-	-	-	GH39	1	-	-
megahit-co__c006814_2	-	-	GH17_e51(1-230)	GH17	2	GH17_e51	-
megahit-co__c006822_5	-	GT115(4-250)	GT115_e1(4-250)	GT115	3	GT115_e1	-
megahit-co__c006825_7	-	-	-	GT31	1	-	-
megahit-co__c006835_2	3.2.1.177:4	GH31_4(1-210)	GH31_e94(1-210)	GH31_4	3	GH31_4	xyloglucan
megahit-co__c006837_1	-	-	-	GH3	1	-	-
megahit-co__c006853_9	-	-	-	GT2	1	-	-
megahit-co__c006861_1	-	-	GH33_e127(1-150)	GH33	2	GH33_e127	host glycan
megahit-co__c006862_1	-	-	-	GH3	1	-	-
megahit-co__c006867_4	-	-	-	GT1	1	-	-
megahit-co__c006867_5	-	GT2(7-167)	GT2(7-125)	GT2	3	GT2	-
megahit-co__c006870_5	-	-	-	GT2	1	-	-
megahit-co__c006880_11	-	-	-	GH1	1	-	-
megahit-co__c006880_16	-	-	-	CBM50	1	-	-
megahit-co__c006880_7	-	-	CE14_e91(20-111)	-	1	-	-
megahit-co__c006880_9	-|-	CBM50(30-72)	CBM50_e2038(30-72)+CBM50_e2038(78-120)	CBM50	3	CBM50_e2038|CBM50_e2038	chitin
megahit-co__c006901_20	-	AA3_2(19-639)	AA3_e86(13-643)	AA3	3	AA3_2	-
megahit-co__c006923_1	-	GT66(11-513)	GT66_e38(2-554)	GT66	3	GT66_e38	-
megahit-co__c006924_13	-	-	-	GT4	1	-	-
megahit-co__c006935_2	-	AA1(43-240)	AA1_e65(52-259)	-	2	AA1_e65	lignin
megahit-co__c006942_1	-	-	-	GT1	1	-	-
megahit-co__c006944_1	-	-	-	GH23	1	-	-
megahit-co__c006957_109	2.4.1.1:9	GT35(114-610)	GT35_e7(114-632)	GT35	3	GT35_e7	-
megahit-co__c006957_129	-	GH36(50-449)	GH36_e80(94-438)	GH36	3	GH36_e80	-
megahit-co__c006957_130	-	-	-	GH2_10	1	-	-
megahit-co__c006957_32	-	-	-	GH84	1	-	-
megahit-co__c006957_8	-|-	CBM67(115-292)+GH78(319-835)	CBM67_e35(134-294)+GH78_e58(319-835)	GH78	3	CBM67_e35|GH78_e58	rhamnose
megahit-co__c006967_1	-	CE3(36-223)	CE3_e24(36-223)	CE3	3	CE3_e24	-
megahit-co__c006972_16	3.2.1.18:6	GH33(34-381)	GH33_e121(41-381)	GH33	3	GH33_e121	host glycan
megahit-co__c006972_17	-	-	-	CBM47	1	-	-
megahit-co__c006972_7	-	-	-	GT4	1	-	-
megahit-co__c006974_4	-	-	-	GT119	1	-	-
megahit-co__c006985_2	-	GT4(2-71)	GT4_e907(2-82)	-	2	GT4_e907	-
megahit-co__c006996_1	-	GH78(1-228)	GH78_e82(1-226)	GH78	3	GH78_e82	-
megahit-co__c006996_2	-	CBM67(270-419)	CBM67_e9(270-419)	CBM67	3	CBM67_e9	rhamnose
megahit-co__c006999_9	-	-	-	GH23	1	-	-
megahit-co__c007031_11	-	-	CBM50_e135(286-330)	CBM50	2	CBM50_e135	chitin
megahit-co__c007032_1	-	-	-	AAM73306.1+GH13_3	1	-	-
megahit-co__c007032_2	5.4.99.16:7	GH13_16(39-392)	GH13_e0(39-392)	AAM73305.1+GH13_16	3	GH13_16	alpha-glucan
megahit-co__c007033_1	-	-	-	GH57	1	-	-
megahit-co__c007033_2	-	-	-	CBM38	1	-	-
megahit-co__c007033_4	-	CE6(112-218)	CE20_e8(45-284)	CE0	3	CE20_e8	xyloglucan
megahit-co__c007046_11	-	-	-	GH28	1	-	-
megahit-co__c007067_3	-	-	-	GH29	1	-	-
megahit-co__c007070_1	-	-	-	GH13	1	-	-
megahit-co__c007076_2	-	-	-	GH0	1	-	-
megahit-co__c007089_9	-	GH3(100-323)	GH3_e195(101-324)	GH3	3	GH3_e195	-
megahit-co__c007097_1	-	GH103(45-183)	GH103_e29(46-183)	GH103	3	GH103_e29	peptidoglycan
megahit-co__c007097_2	2.4.1.129:2	GT119(34-375)	GT119_e146(37-374)	GT119	3	GT119_e146	peptidoglycan
megahit-co__c007100_2	-	-	-	GT2	1	-	-
megahit-co__c007119_1	-	-	-	GT22	1	-	-
megahit-co__c007121_13	-	GH191(71-337)	GH191_e19(71-337)	AAB99489.1+GH191	3	GH191_e19	-
megahit-co__c007121_66	-	GT66(36-845)	GT66_e24(37-829)	AAB99543.1+GT66	3	GT66_e24	-
megahit-co__c007128_14	-	GT28(205-355)	GT28_e14(205-355)	GT28	3	GT28_e14	-
megahit-co__c007128_27	-	GT81(3-121)	GT2(7-127)	GT0	3	GT2	-
megahit-co__c007128_48	-	CE4(112-218)	CE4_e220(112-218)	CE4	3	CE4_e220	-
megahit-co__c007128_50	-	-	-	CE4	1	-	-
megahit-co__c007132_2	-	-	-	GT1	1	-	-
megahit-co__c007148_2	-	-	-	GT51	1	-	-
megahit-co__c007163_3	-	CE4(37-165)	-	-	1	-	-
megahit-co__c007163_31	-	PL31(51-192)	-	-	1	-	-
megahit-co__c007163_7	-	CBM57(45-153)	CBM57_e31(49-153)	-	2	CBM57_e31	host glycan
megahit-co__c007177_1	-	-	-	GT51	1	-	-
megahit-co__c007181_37	-	-	-	GH23	1	-	-
megahit-co__c007181_64	-	-	-	GT121	1	-	-
megahit-co__c007187_1	3.2.1.18:2	GH181(27-382)	GH181_e0(28-382)	GH181	3	GH181_e0	host glycan
megahit-co__c007190_2	-	-	-	GH28	1	-	-
megahit-co__c007194_2	-	GH177(24-223)	-	-	1	-	-
megahit-co__c007199_42	3.1.1.72:4	CE7(1-314)	CE7_e23(1-313)	CE7	3	CE7_e23	xylan
megahit-co__c007199_44	3.2.1.32:2	GH26(100-252)	GH26_e74(100-254)	AAB70868.1+GH26	3	GH26_e74	xylan
megahit-co__c007201_1	-	GT2(12-192)	GT2(13-235)	GT2	3	GT2	-
megahit-co__c007214_5	-	CE1(39-242)	CE1_e69(46-240)	-	2	CE1_e69	-
megahit-co__c007244_2	-	CE11(4-275)	CE11_e43(4-274)	CE11	3	CE11_e43	exo-polysaccharide
megahit-co__c007272_3	-	-	-	GH13	1	-	-
megahit-co__c007274_2	-	GT4(52-200)	GT4_e1515(52-197)	GT4	3	GT4_e1515	-
megahit-co__c007276_2	3.2.1.68:15	GH13_11(1-190)	GH13_e48(1-191)	CBM48+GH13_11	3	GH13_11	alpha-glucan
megahit-co__c007289_19	-	-	-	CBM50	1	-	-
megahit-co__c007290_5	-	-	GT4_e655(188-305)	GT4	2	GT4_e655	-
megahit-co__c007292_2	-	GT4(14-119)	GT4_e1818(1-120)	GT4	3	GT4_e1818	-
megahit-co__c007294_8	-	GT4(249-383)	GT4_e3993(248-381)	GT4	3	GT4_e3993	-
megahit-co__c007294_9	-	-	GT4_e3951(202-337)	GT4	2	GT4_e3951	-
megahit-co__c007306_25	3.2.1.1:2|-	GH13_32(66-336)+CBM20(502-589)	GH13_e23(66-336)+CBM20_e66(503-588)	CBM20+GH13_32	3	GH13_32|CBM20_e66	alpha-glucan
megahit-co__c007306_42	-	GH188(4-180)	GH179_e0(35-193)	-	2	GH179_e0	chitin
megahit-co__c007306_50	-	GT119(22-372)	GT119_e171(22-371)	GT119	3	GT119_e171	peptidoglycan
megahit-co__c007306_6	-	GT4(209-360)	GT4_e1648(210-359)	GT4	3	GT4_e1648	-
megahit-co__c007306_64	-	-	-	CBM50	1	-	-
megahit-co__c007307_19	-	GH77(9-492)	GH77_e5(9-493)	GH77	3	GH77_e5	alpha-glucan
megahit-co__c007307_20	2.4.1.1:156	GT35(117-809)	GT35_e0(117-809)	GT35	3	GT35_e0	-
megahit-co__c007307_21	-|2.4.1.18:42	CBM48(22-102)+GH13_9(169-329)	CBM48_e169(23-101)+GH13_e442(169-328)	CBM48+GH13_9	3	CBM48_e169|GH13_9	alpha-glucan
megahit-co__c007314_1	-	-	GH33_e127(58-179)	GH33	2	GH33_e127	host glycan
megahit-co__c007317_3	-	-	-	CBM73	1	-	-
megahit-co__c007321_1	-	GT119(60-313)	GT119_e44(33-315)	GT119	3	GT119_e44	peptidoglycan
megahit-co__c007327_2	-	-	-	GT2	1	-	-
megahit-co__c007343_2	-	GH105(77-296)	GH105_e22(71-296)	GH105	3	GH105_e22	-
megahit-co__c007344_2	-	-	-	GT4	1	-	-
megahit-co__c007345_2	-	GT4(190-341)	GT4_e1968(190-340)	GT4	3	GT4_e1968	-
megahit-co__c007348_10	-	-	-	GT4	1	-	-
megahit-co__c007348_8	-	-	-	GT9	1	-	-
megahit-co__c007406_18	-	-	GT4_e7521(229-355)	GT4	2	GT4_e7521	-
megahit-co__c007411_13	-	GT4(193-339)	GT4_e596(196-339)	GT4	3	GT4_e596	-
megahit-co__c007411_2	-	-	GT4_e3818(163-311)	GT4	2	GT4_e3818	-
megahit-co__c007411_3	-	GT2(3-185)	GT2(24-170)	-	2	GT2	-
megahit-co__c007411_4	-	GT4(243-328)	GT4_e245(244-328)	GT4	3	GT4_e245	-
megahit-co__c007411_7	-	GT2(6-153)	GT2(6-153)	GT2	3	GT2	-
megahit-co__c007447_21	-	GH13(338-705)	GH13_e270(343-705)	GH13	3	GH13_e270	-
megahit-co__c007447_26	-	-	-	GT50	1	-	-
megahit-co__c007447_33	-	GT119(3-363)	GT119_e135(5-359)	GT119	3	GT119_e135	peptidoglycan
megahit-co__c007463_5	-	GT25(9-178)	GT25_e28(10-179)	GT25	3	GT25_e28	-
megahit-co__c007463_8	-	GH5(48-343)	GH5_e110(73-341)	GH5	3	GH5_e110	-
megahit-co__c007463_9	-	CE6(105-203)	CE6_e10(105-202)	CE6	3	CE6_e10	xylan
megahit-co__c007473_85	-	-	-	CBM13	1	-	-
megahit-co__c007480_1	-	GH23(101-207)	GH23_e732(101-205)	GH23	3	GH23_e732	-
megahit-co__c007494_2	-	-	-	GT4	1	-	-
megahit-co__c007505_4	-	-	-	CE12	1	-	-
megahit-co__c007505_5	3.2.1.132:15	GH8(74-418)	GH8_e23(74-418)	CBM12+GH8	3	GH8_e23	chitosan
megahit-co__c007511_2	-	-	GT4_e6210(236-379)	GT4	2	GT4_e6210	-
megahit-co__c007525_1	-	GH20(2-232)	GH20_e44(1-232)	GH20	3	GH20_e44	-
megahit-co__c007561_2	-	-	-	GH6	1	-	-
megahit-co__c007571_1	3.2.1.23:35	GH2_10(38-840)	GH2_e1(39-840)	GH2_10	3	GH2_10	beta-galactan
megahit-co__c007571_3	3.2.1.23:13	GH42(5-390)	GH42_e1(5-389)	AAC24217.1+GH42	3	GH42_e1	arabinogalactan
megahit-co__c007571_36	2.4.1.319:4;2.4.1.320:2	GH130_2(26-324)	GH130_e13(26-324)	GH130_2	3	GH130_2	beta-mannan
megahit-co__c007571_37	3.2.1.78:15|3.2.1.78:14	GH5_7(54-351)+CBM27(504-661)	GH5_e4(54-351)+CBM27_e4(504-661)	CBM27+GH5_7	3	GH5_7|CBM27_e4	beta-mannan
megahit-co__c007571_39	-	GT81(2-244)	GT81_e37(2-244)	GT81	3	GT81_e37	-
megahit-co__c007571_41	-	GH38(5-220)	GH38_e2(4-239)	GH38	3	GH38_e2	-
megahit-co__c007571_79	3.2.1.4:5;3.2.1.8:29|-|-	GH10(1-246)+CBM9(284-422)+CBM9(437-612)	GH10_e141(1-245)+CBM9_e31(268-422)+CBM9_e31(437-612)	CBM22+CBM9+GH10	3	GH10_e141|CBM9_e31|CBM9_e31	beta-glucan;cellulose;xylan
megahit-co__c007574_3	-	-	-	GH57_6	1	-	-
megahit-co__c007575_1	-	-	-	GH15	1	-	-
megahit-co__c007581_2	-	GT83(30-362)	GT83_e5(67-225)	-	2	GT83_e5	-
megahit-co__c007593_26	-	-	-	CE8	1	-	-
megahit-co__c007593_39	-	GT5(2-454)	GT5_e58(2-454)	GT5	3	GT5_e58	-
megahit-co__c007597_1	-	GH13_38(2-239)	GH13_e269(2-239)	GH13_38	3	GH13_38	-
megahit-co__c007624_1	-	-	-	GH13_30	1	-	-
megahit-co__c007624_9	-|-	GH16_13(42-285)+CBM16(298-408)	GH16_e203(42-285)+CBM16_e23(298-408)	CBM16+GH16_13	3	GH16_13|CBM16_e23	cellulose
megahit-co__c007632_1	-	-	-	GH13_16	1	-	-
megahit-co__c007634_2	-	GT5(1-529)	GT5_e62(1-529)	GT5	3	GT5_e62	-
megahit-co__c007634_3	-	-	-	GH13_11	1	-	-
megahit-co__c007635_1	-	GT119(21-363)	GT119_e82(23-361)	GT119	3	GT119_e82	peptidoglycan
megahit-co__c007636_30	-	-	GT4_e2185(228-369)	GT4	2	GT4_e2185	-
megahit-co__c007636_36	-	-	-	GT4	1	-	-
megahit-co__c007661_1	-	GT4(1-140)	GT4_e3800(1-142)	GT4	3	GT4_e3800	-
megahit-co__c007661_3	-	-	GT2(8-128)	GT2	2	GT2	-
megahit-co__c007702_1	-	GT119(33-258)	GT119_e47(36-261)	GT119	3	GT119_e47	peptidoglycan
megahit-co__c007705_6	-	-	GT2(3-224)	GT2	2	GT2	-
megahit-co__c007713_30	-	-	-	CE4	1	-	-
megahit-co__c007713_41	-	-	-	CE8	1	-	-
megahit-co__c007715_1	-	-	-	GH71	1	-	-
megahit-co__c007722_1	-	GT83(94-416)	-	-	1	-	-
megahit-co__c007755_15	-	-	-	GT66	1	-	-
megahit-co__c007758_1	-	CE1(62-300)	CE1_e74(64-227)	-	2	CE1_e74	-
megahit-co__c007763_3	-	-	-	GT57	1	-	-
megahit-co__c007775_5	-	-	-	GT2	1	-	-
megahit-co__c007777_1	-	GT119(18-246)	GT119_e64(19-246)	GT119	3	GT119_e64	peptidoglycan
megahit-co__c007810_25	-	-	-	GH36	1	-	-
megahit-co__c007827_7	-	GH191(70-195)	GH191_e21(68-197)	GH191	3	GH191_e21	-
megahit-co__c007831_2	-	-	-	CBM50	1	-	-
megahit-co__c007846_1	-	GT4(189-337)	GT4_e5612(188-335)	GT4	3	GT4_e5612	-
megahit-co__c007849_1	-	GT9(67-281)	GT9_e48(66-286)	GT9	3	GT9_e48	-
megahit-co__c007850_159	-	GT30(33-202)	GT30_e106(33-201)	GT30	3	GT30_e106	-
megahit-co__c007850_161	-	GT19(5-361)	GT19_e29(5-360)	GT19	3	GT19_e29	-
megahit-co__c007850_166	-|-	GH166(44-256)+CE21(480-734)	GH166_e2(44-256)+CE21_e1(480-734)	CE21+GH166	3	GH166_e2|CE21_e1	galactosaminogalactan
megahit-co__c007850_168	-	GT4(310-469)	GT4_e324(313-470)	GT4	3	GT4_e324	-
megahit-co__c007850_279	-	-	-	GH27	1	-	-
megahit-co__c007850_387	2.4.1.266:2	GT81(119-318)	GT81_e4(115-317)	GT81	3	GT81_e4	-
megahit-co__c007850_441	-	-	-	GH13_31	1	-	-
megahit-co__c007850_47	-	-	-	GH28	1	-	-
megahit-co__c007850_471	-	-	-	GT2	1	-	-
megahit-co__c007850_474	-	-	-	GH39	1	-	-
megahit-co__c007850_483	-	-	-	GH28	1	-	-
megahit-co__c007850_541	-	-	-	GT4	1	-	-
megahit-co__c007850_566	-	AA4(20-242)	AA4_e3(20-251)	-	2	AA4_e3	lignin
megahit-co__c007850_704	-	GH23(459-585)	GH23_e420(461-585)	GH23	3	GH23_e420	-
megahit-co__c007861_1	-|-	-	GT4_e3112(173-295)+GT4_e3112(572-716)	GT4	2	GT4_e3112|GT4_e3112	-
megahit-co__c007864_2	-	-	-	AA3_2+AA3_2	1	-	-
megahit-co__c007869_4	-	CBM50(468-509)	CBM50_e794(468-509)	CBM50	3	CBM50_e794	chitin
megahit-co__c007875_1	-	GT2(64-251)	GT2(1-203)	GH17+GT2	3	GT2	-
megahit-co__c007878_25	-	-	-	GH131	1	-	-
megahit-co__c007881_2	-	GH109(5-370)	GH109_e7(5-370)	-	2	GH109_e7	host glycan
megahit-co__c007883_10	-	GT51(51-213)	GT51_e249(53-200)	GT51	3	GT51_e249	-
megahit-co__c007888_2	-	-	-	GT4	1	-	-
megahit-co__c007905_1	-	-	-	GT1	1	-	-
megahit-co__c007906_10	-	-	-	GT51	1	-	-
megahit-co__c007909_1	-	-	-	CE8	1	-	-
megahit-co__c007938_4	-	-	-	GT2	1	-	-
megahit-co__c007938_5	-	-	-	GT2	1	-	-
megahit-co__c007979_4	-	GT9(5-142)	GT9_e521(1-142)	GT9	3	GT9_e521	-
megahit-co__c007981_4	-	AA6(55-148)	-	-	1	-	-
megahit-co__c007984_1	-	-	-	GH1	1	-	-
megahit-co__c007990_29	-	-	-	GH13	1	-	-
megahit-co__c007997_10	-	PL7_3(27-235)	PL7_e31(27-235)	PL7_3	3	PL7_3	-
megahit-co__c007997_3	-	GT4(171-308)	GT4_e3636(171-306)	GT4	3	GT4_e3636	-
megahit-co__c007997_4	-	CE4(2-115)	-	-	1	-	-
megahit-co__c008002_6	-	-	-	GH39	1	-	-
megahit-co__c008013_4	3.2.1.14:18	GH18(405-864)	GH18_e224(405-866)	CBM5+GH18	3	GH18_e224	chitin
megahit-co__c008015_2	-	CE4(81-186)	CE4_e372(81-180)	CE4	3	CE4_e372	-
megahit-co__c008019_14	-	-	-	GT4	1	-	-
megahit-co__c008019_27	-	-	-	GH13_11	1	-	-
megahit-co__c008019_37	2.4.1.25:4;3.2.1.68:71|3.2.1.68:15	GH13_11(167-522)	CBM48_e3(14-107)+GH13_e48(166-522)	CBM48+GH13_11	3	CBM48_e3|GH13_11	alpha-glucan
megahit-co__c008032_2	-	GT119(32-380)	GT119_e64(32-379)	GT119	3	GT119_e64	peptidoglycan
megahit-co__c008048_1	-	GH13(326-694)	GH13_e270(331-693)	AAM71550.1+GH13	3	GH13_e270	-
megahit-co__c008063_3	-	GH186(37-325)	GH186_e11(34-325)	GH186	3	GH186_e11	beta-glucan
megahit-co__c008086_11	-	-	-	GH3	1	-	-
megahit-co__c008086_2	-	GH13_20(52-355)	GH13_e157(52-355)	GH13_20	3	GH13_20	-
megahit-co__c008086_45	-	-	-	CBM50	1	-	-
megahit-co__c008086_5	-	GH23(680-808)	GH23_e934(680-807)	GH23	3	GH23_e934	-
megahit-co__c008086_52	-	AA12(71-413)	AA12_e7(75-413)	-	2	AA12_e7	polyphenol
megahit-co__c008086_59	-	-	-	GT2	1	-	-
megahit-co__c008086_66	-	GT2(22-172)	GT2(22-172)	GT2	3	GT2	-
megahit-co__c008089_2	-	-	CBM13_e294(2-111)	-	1	-	xylan
megahit-co__c008098_15	-	-	-	GT22	1	-	-
megahit-co__c008119_3	-	GT2(4-170)	GT2(1-337)	GT2	3	GT2	-
megahit-co__c008128_46	-	-	-	CBM50	1	-	-
megahit-co__c008128_50	-	-	-	GH92	1	-	-
megahit-co__c008128_53	-	CBM9(805-1032)	-	-	1	-	-
megahit-co__c008128_6	-	GH177(49-434)	GH179_e0(63-208)	-	2	GH179_e0	chitin
megahit-co__c008131_2	-	GT2(54-225)	GT2(54-339)	GT2	3	GT2	-
megahit-co__c008145_1	-	-	GT1_e1061(5-357)	GT1	2	GT1_e1061	-
megahit-co__c008146_19	-	-	-	GH152	1	-	-
megahit-co__c008152_1	-	-	-	GT4	1	-	-
megahit-co__c008155_16	-	GT119(114-457)	GT119_e65(113-456)	GT119	3	GT119_e65	peptidoglycan
megahit-co__c008160_10	-	GH179(58-189)	GH179_e1(54-186)	-	2	GH179_e1	chitin
megahit-co__c008165_1	-	CE13(69-232)	-	-	1	-	-
megahit-co__c008167_2	-	GT5(2-456)	GT5_e15(2-456)	GT5	3	GT5_e15	-
megahit-co__c008169_2	-	GH103(56-341)	GH103_e29(56-341)	AAN70374.1+GH103	3	GH103_e29	peptidoglycan
megahit-co__c008180_5	-	-	-	GH24	1	-	-
megahit-co__c008182_1	-	-	GH36_e18(131-361)	GH36	2	GH36_e18	-
megahit-co__c008222_1	-	-	-	GT0	1	-	-
megahit-co__c008228_1	-	GT2(4-166)	GT2(4-166)	GT2	3	GT2	-
megahit-co__c008231_1	-	GH186(38-377)	GH186_e0(41-378)	GH186	3	GH186_e0	beta-glucan
megahit-co__c008237_1	-	-	-	GT2	1	-	-
megahit-co__c008242_9	-	GT66(22-556)	GT66_e28(22-556)	GT66	3	GT66_e28	-
megahit-co__c008252_42	-	CE13(67-246)	-	-	1	-	-
megahit-co__c008263_2	-	GT2(5-141)	GT2(5-173)	GT2	3	GT2	-
megahit-co__c008265_2	-	GT2(5-125)	GT2(5-127)	GT2	3	GT2	-
megahit-co__c008268_1	3.2.1.52:2	GH20(106-351)	GH20_e22(106-355)	GH20	3	GH20_e22	host glycan
megahit-co__c008280_2	-	GT51(49-156)	GT51_e277(49-156)	-	2	GT51_e277	-
megahit-co__c008286_1	3.2.1.68:3|2.4.1.25:4;3.2.1.68:65	CBM48(25-116)+GH13_11(196-366)	CBM48_e98(24-117)+GH13_e328(195-366)	CBM48+GH13_11	3	CBM48_e98|GH13_11	alpha-glucan
megahit-co__c008287_1	-	-	GT4_e3830(198-283)	GT4	2	GT4_e3830	-
megahit-co__c008289_1	-	-	-	GT28	1	-	-
megahit-co__c008300_1	-	-	-	GT2	1	-	-
megahit-co__c008309_3	-	-	GT2(18-243)	GT2	2	GT2	-
megahit-co__c008315_1	-	GT51(55-218)	GT51_e271(55-218)	GT51	3	GT51_e271	-
megahit-co__c008328_1	2.4.1.25:5	GH77(2-644)	GH77_e22(2-644)	CBM20+GH77	3	GH77_e22	alpha-glucan
megahit-co__c008359_1	-	-	-	GT2	1	-	-
megahit-co__c008380_20	3.2.1.4:2	GH5_25(213-491)	GH5_e211(213-491)	GH5_25	3	GH5_25	beta-glucan
megahit-co__c008380_3	-	GH109(43-187)	GH177_e10(45-191)	-	2	GH177_e10	host glycan
megahit-co__c008388_2	-	-	-	GH29	1	-	-
megahit-co__c008397_1	-	-	-	GT4	1	-	-
megahit-co__c008418_27	-	-	-	GT50	1	-	-
megahit-co__c008430_2	-	GH97(19-654)	GH97_e69(24-653)	GH97	3	GH97_e69	-
megahit-co__c008432_1	-	-	-	GH84	1	-	-
megahit-co__c008442_2	-	CE4(88-206)	CE4_e369(90-206)	CE4	3	CE4_e369	-
megahit-co__c008447_1	-	-	-	GT1	1	-	-
megahit-co__c008447_16	-	-	-	GH101	1	-	-
megahit-co__c008447_26	-	-	-	GT2	1	-	-
megahit-co__c008471_1	-	-	-	GT2	1	-	-
megahit-co__c008480_39	-	CE4(28-134)	CE4_e420(32-137)	CE4	3	CE4_e420	-
megahit-co__c008484_12	-	-	-	CE20	1	-	-
megahit-co__c008488_1	-	-	GT2(5-108)	AAM71563.1+GT2	2	GT2	-
megahit-co__c008490_1	-	GT30(35-124)	GT30_e35(35-125)	-	2	GT30_e35	-
megahit-co__c008506_1	3.2.1.199:4	GH188(14-204)	GH188_e0(14-204)	-	2	GH188_e0	glycolipid
megahit-co__c008510_1	-	-	-	GH43_4	1	-	-
megahit-co__c008527_2	-	-	GT4_e2698(231-293)	GT4	2	GT4_e2698	-
megahit-co__c008542_1	-	GH146(1-326)	GH146_e41(1-326)	GH146	3	GH146_e41	arabinan
megahit-co__c008551_1	-	GT21(46-280)	GT21_e73(46-264)	GT0	3	GT21_e73	-
megahit-co__c008551_4	-	GT21(42-257)	GT21_e73(42-255)	GT0	3	GT21_e73	-
megahit-co__c008557_7	-	-	GT2(33-257)	GT2	2	GT2	-
megahit-co__c008557_9	-	-	GT2(35-164)	GT2	2	GT2	-
megahit-co__c008579_2	-	-	-	GT119	1	-	-
megahit-co__c008581_6	-	-	-	GH57_3	1	-	-
megahit-co__c008582_3	3.2.1.83:7	GH16_17(44-303)	GH16_e175(44-303)	GH16_17	3	GH16_17	carrageenan
megahit-co__c008588_20	-	AA7(65-252)	AA7_e9(65-250)	-	2	AA7_e9	-
megahit-co__c008609_4	-	-	GT2(258-434)	GT2	2	GT2	-
megahit-co__c008631_2	-	GT8(4-254)	GT8_e125(6-253)	GT8	3	GT8_e125	-
megahit-co__c008653_4	-	GH179(27-248)	GH179_e0(27-195)	-	2	GH179_e0	chitin
megahit-co__c008664_19	-	GT28(186-347)	GT28_e19(186-347)	GT28	3	GT28_e19	-
megahit-co__c008681_26	-	GH10(58-362)	GH10_e165(59-371)	GH10	3	GH10_e165	-
megahit-co__c008685_1	-	-	-	GT2	1	-	-
megahit-co__c008686_1	-	-	-	AA3_2+AA3_2	1	-	-
megahit-co__c008705_2	-	GT83(7-389)	GT83_e139(8-389)	GT83	3	GT83_e139	-
megahit-co__c008728_1	-	-	AA2_e20(77-173)	AA0	2	AA2_e20	lignin
megahit-co__c008729_2	-	GH13_20(183-452)	GH13_e38(183-452)	GH13	3	GH13_20	-
megahit-co__c008737_10	-	GT2(5-143)	GT2(5-169)	GT2	3	GT2	-
megahit-co__c008762_2	3.2.1.199:4	GH188(6-234)	GH188_e0(6-232)	-	2	GH188_e0	glycolipid
megahit-co__c008770_13	-	GT1(42-420)	GT1_e493(10-420)	GT1	3	GT1_e493	-
megahit-co__c008770_28	-	CE1(318-452)	-	-	1	-	-
megahit-co__c008771_1	-	GT4(53-195)	GT4_e6385(54-194)	GT4	3	GT4_e6385	-
megahit-co__c008777_1	-	-	GT2(6-79)	-	1	-	-
megahit-co__c008788_1	-	-	-	GH0	1	-	-
megahit-co__c008793_1	2.4.1.18:4|2.4.1.18:14	CBM48(38-118)+GH13_9(192-320)	CBM48_e134(34-125)+GH13_e200(192-320)	CBM48+GH13_9	3	CBM48_e134|GH13_9	alpha-glucan
megahit-co__c008823_1	-	GH23(491-623)	GH23_e1295(492-618)	GH23	3	GH23_e1295	-
megahit-co__c008839_1	-	GH188(12-237)	-	-	1	-	-
megahit-co__c008841_4	-	GH57_5(15-362)	GH57_e25(14-363)	GH57_5	3	GH57_5	-
megahit-co__c008848_3	-	AA12(4-364)	AA12_e12(3-364)	-	2	AA12_e12	polyphenol
megahit-co__c008889_36	-	AA4(11-542)	AA4_e3(12-541)	-	2	AA4_e3	lignin
megahit-co__c008889_4	-	GT4(192-336)	GT4_e8565(192-333)	GT4	3	GT4_e8565	-
megahit-co__c008889_6	-	GT4(196-332)	GT4_e26(195-332)	GT4	3	GT4_e26	-
megahit-co__c008889_7	-	GT4(177-316)	GT4_e1141(175-325)	GT4	3	GT4_e1141	-
megahit-co__c008889_9	-	GT5(11-490)	GT5_e46(11-489)	GT5	3	GT5_e46	-
megahit-co__c008896_4	-	-	-	GT1	1	-	-
megahit-co__c008911_1	-	-	-	CBM48+GH13_9	1	-	-
megahit-co__c008914_10	-	GT2(7-173)	GT2(8-173)	GT2	3	GT2	-
megahit-co__c008914_19	-	GH130_6(5-294)	GH130_e43(5-293)	GH130_6	3	GH130_6	beta-mannan
megahit-co__c008914_20	-	GH130_6(15-311)	GH130_e37(15-311)	GH130_6	3	GH130_6	beta-mannan
megahit-co__c008914_52	-	-	-	CBM50	1	-	-
megahit-co__c008914_72	-	CE20(82-198)+CE20(383-515)	CE20_e27(82-519)	CE20	3	CE20_e27	xyloglucan
megahit-co__c008914_73	-	CE4(12-134)	CE4_e17(12-126)	-	2	CE4_e17	-
megahit-co__c008914_74	3.2.1.8:2	GH10(76-353)	GH10_e191(33-352)	GH10	3	GH10_e191	xylan
megahit-co__c008914_75	2.4.1.25:4;2.4.1.-:5	GH13_48(133-242)	GH13_e458(131-532)	GH13	3	GH13_48	alpha-glucan
megahit-co__c008914_84	-	GT4(226-378)	GT4_e1544(229-377)	GT4	3	GT4_e1544	-
megahit-co__c008914_88	-	CE14(82-241)	CE14_e91(82-241)	-	2	CE14_e91	-
megahit-co__c008931_2	-	-	-	GH92	1	-	-
megahit-co__c008935_1	-	PL1_4(2-98)	PL1_e12(2-97)	PL1_4	3	PL1_4	-
megahit-co__c008935_2	-	PL4_1(18-463)	PL4_e0(19-464)	PL4_1	3	PL4_1	pectin
megahit-co__c008941_1	-	-	-	GH13_48	1	-	-
megahit-co__c008955_2	-	-	-	GT2	1	-	-
megahit-co__c008984_7	-	GT94(53-345)	GT94_e18(53-319)	GT4	3	GT94_e18	-
megahit-co__c008984_8	-	GT2(7-176)	GT2(7-194)	GT2	3	GT2	-
megahit-co__c008987_11	-	-	-	CBM0	1	-	-
megahit-co__c008987_13	-|-	CBM48(45-125)+GH13_9(183-479)	CBM48_e87(45-125)+GH13_e489(183-479)	CBM48+GH13	3	CBM48_e87|GH13_9	alpha-glucan
megahit-co__c008987_3	-	-	-	GH10	1	-	-
megahit-co__c008999_2	-	-	GT83_e58(1-147)	GT83	2	GT83_e58	-
megahit-co__c009008_1	-	GT9(1-127)	-	-	1	-	-
megahit-co__c009023_11	3.2.1.37:15;3.2.1.55:3	GH3(80-306)	GH3_e88(80-306)	GH3	3	GH3_e88	arabinan;xylan
megahit-co__c009024_1	-	-	-	GT2	1	-	-
megahit-co__c009024_2	-	-	-	GH75	1	-	-
megahit-co__c009043_4	-	-	-	GH13_26	1	-	-
megahit-co__c009047_1	-	-	-	GT4	1	-	-
megahit-co__c009047_2	-	GT4(190-313)	GT4_e1078(192-311)	GT4	3	GT4_e1078	-
megahit-co__c009053_4	-	-	-	PL8_4+PL8_4	1	-	-
megahit-co__c009054_1	-	-	-	GT4	1	-	-
megahit-co__c009060_1	-	GT2(39-247)	GT2(42-277)	GT2	3	GT2	-
megahit-co__c009071_2	-	CE4(45-148)	CE4_e44(43-135)	-	2	CE4_e44	-
megahit-co__c009074_2	3.2.1.99:8	GH43_4(55-421)	GH43_e38(55-421)	GH43_4	3	GH43_4	arabinan
megahit-co__c009077_2	-	-	-	GT30	1	-	-
megahit-co__c009079_3	-	GH20(161-368)	GH20_e38(160-371)	GH20	3	GH20_e38	-
megahit-co__c009081_1	-	-	GH94_e17(1-333)	GH94	2	GH94_e17	-
megahit-co__c009087_238	-	GT2(67-202)	GT2(67-189)	GT2	3	GT2	-
megahit-co__c009087_272	-	-	-	GT31	1	-	-
megahit-co__c009087_304	2.4.1.1:9	GT35(273-622)	GT35_e7(125-643)	GT35	3	GT35_e7	-
megahit-co__c009087_412	-	GH57_5(7-421)	GH57_e52(7-421)	GH57_5	3	GH57_5	-
megahit-co__c009087_444	-	-	-	CBM13	1	-	-
megahit-co__c009087_46	-	-	-	GT33	1	-	-
megahit-co__c009087_515	-	-	-	GH101	1	-	-
megahit-co__c009098_7	-	GT83(4-323)	GT83_e69(17-318)	-	2	GT83_e69	-
megahit-co__c009116_5	-	-	CBM50_e27(294-336)	CBM50	2	CBM50_e27	chitin
megahit-co__c009123_1	-|-	-	CBM60_e4(205-326)+CBM60_e4(335-455)	CBM60	2	CBM60_e4|CBM60_e4	xylan
megahit-co__c009143_1	-	-	GT2(6-72)	GT2	2	GT2	-
megahit-co__c009150_6	-	-	-	GT57	1	-	-
megahit-co__c009160_21	-	-	-	GH101	1	-	-
megahit-co__c009160_24	-	-	-	CBM50	1	-	-
megahit-co__c009160_30	-	-	-	CBM6	1	-	-
megahit-co__c009163_2	-	GH177(43-280)	GH179_e0(13-186)	-	2	GH179_e0	chitin
megahit-co__c009171_1	-	GT122(1-316)	GT122_e76(3-314)	GT122	3	GT122_e76	bacterial outer membrane (OM) polysaccharides
megahit-co__c009174_1	-	-	-	GH165	1	-	-
megahit-co__c009175_1	-	-	-	GT2	1	-	-
megahit-co__c009177_2	-	GT119(8-147)	GT119_e22(7-145)	-	2	GT119_e22	peptidoglycan
megahit-co__c009184_3	-	GT2(8-182)	GT2(8-190)	AAM73425.1+GT2	3	GT2	-
megahit-co__c009184_4	-	GT4(122-271)	GT4_e558(123-270)	AAM73426.1+GT4	3	GT4_e558	-
megahit-co__c009184_7	-	-	-	GT4	1	-	-
megahit-co__c009185_1	2.4.1.230:11	GH65(1-368)	GH65_e4(1-367)	GH65	3	GH65_e4	alpha-glucan
megahit-co__c009208_1	-	CE21(255-463)	CE21_e1(255-463)	CE21+GH166	3	CE21_e1	-
megahit-co__c009212_2	-	GT4(175-319)	GT4_e307(176-319)	AAM71472.1+GT4	3	GT4_e307	-
megahit-co__c009228_3	-	GH177(42-198)	GH177_e4(44-189)	-	2	GH177_e4	host glycan
megahit-co__c009229_4	-	-	-	GH18	1	-	-
megahit-co__c009242_1	-	GT4(77-223)	GT4_e5612(74-221)	GT4	3	GT4_e5612	-
megahit-co__c009242_2	-	-	-	GT4	1	-	-
megahit-co__c009246_2	-	-	-	GH31_4+GH31_4	1	-	-
megahit-co__c009255_1	-	GT117(19-217)	GT117_e7(38-217)	GT117	3	GT117_e7	-
megahit-co__c009263_1	-	GH13_3(188-364)	GH13_e41(187-365)	AAM73306.1+GH13_3	3	GH13_3	-
megahit-co__c009266_2	-	GT2(4-140)	GT2(4-202)	GT2	3	GT2	-
megahit-co__c009267_2	-|-	CE4(409-547)	GT4_e5524(167-275)+CE4_e371(409-548)	CE4+GT4	3	GT4_e5524|CE4_e371	-
megahit-co__c009268_2	-	AA3_2(10-534)	AA3_e57(10-532)	AA3_2	3	AA3_2	-
megahit-co__c009278_1	-	-	-	CE0	1	-	-
megahit-co__c009278_2	-	-	-	CE0	1	-	-
megahit-co__c009278_3	-	GH177(53-404)	GH177_e3(54-404)	GH177	3	GH177_e3	host glycan
megahit-co__c009278_4	3.2.1.199:4	GH188(12-211)	GH188_e0(15-214)	-	2	GH188_e0	glycolipid
megahit-co__c009282_1	-	-	-	GT2	1	-	-
megahit-co__c009290_14	-	-	-	CBM50	1	-	-
megahit-co__c009293_17	-	GH43_26(43-342)	GH43_e98(43-342)	GH43_26	3	GH43_26	-
megahit-co__c009293_20	-	-	-	GH33	1	-	-
megahit-co__c009295_1	-	-	GH18_e13(1-93)	GH18	2	GH18_e13	-
megahit-co__c009309_3	-	GH19_1(48-144)	GH19_e144(46-144)	GH19_1	3	GH19_1	-
megahit-co__c009348_2	3.2.1.3:2	GH15(394-838)	GH15_e5(395-837)	GH15	3	GH15_e5	alpha-glucan
megahit-co__c009355_108	2.4.1.25:21	GH77(11-481)	GH77_e26(11-491)	GH77	3	GH77_e26	alpha-glucan
megahit-co__c009355_16	-	-	-	CE14	1	-	-
megahit-co__c009355_20	-	-	-	GT2	1	-	-
megahit-co__c009355_46	-	-	-	GT1	1	-	-
megahit-co__c009355_60	-	GT4(238-389)	GT4_e2964(238-389)	GT4	3	GT4_e2964	-
megahit-co__c009355_8	-	GH99(58-302)	GH99_e12(33-305)	GH99	3	GH99_e12	host glycan
megahit-co__c009372_9	-	-	-	GT2	1	-	-
megahit-co__c009383_2	-	GT4(200-342)	GT4_e323(205-342)	GT4	3	GT4_e323	-
megahit-co__c009403_10	-	-	-	GT1	1	-	-
megahit-co__c009403_4	-	-	-	GT34	1	-	-
megahit-co__c009413_2	-	AA4(5-220)	-	-	1	-	-
megahit-co__c009417_1	-	-	-	GH1	1	-	-
megahit-co__c009425_1	-	-	AA4_e3(4-241)	-	1	-	lignin
megahit-co__c009429_10	-	-	-	GT0	1	-	-
megahit-co__c009444_1	-	-	-	GH13_40+GH13_40	1	-	-
megahit-co__c009475_4	-	-	-	GT47	1	-	-
megahit-co__c009478_2	-	GT2(7-115)	GT2(6-122)	GT2	3	GT2	-
megahit-co__c009479_2	-	-	-	CBM50	1	-	-
megahit-co__c009493_3	-	GH186(37-422)	GH186_e11(35-423)	GH186	3	GH186_e11	beta-glucan
megahit-co__c009514_1	-	GT2(6-119)	GT2(6-124)	-	2	GT2	-
megahit-co__c009519_2	-	-	-	GT7	1	-	-
megahit-co__c009551_2	-	-	-	GH0	1	-	-
megahit-co__c009561_2	-	-	-	GT1	1	-	-
megahit-co__c009571_2	-	-	GT4_e7411(1-98)	-	1	-	-
megahit-co__c009576_18	-	GT2(63-329)	GT2(62-329)	GT2	3	GT2	-
megahit-co__c009584_1	-	GT28(220-351)	GT28_e150(222-351)	GT28	3	GT28_e150	-
megahit-co__c009587_6	-	-	-	CBM47	1	-	-
megahit-co__c009592_1	-	-	GH23_e1281(1-122)	GH23	2	GH23_e1281	-
megahit-co__c009612_2	-	GT2(12-191)	GT2(13-235)	GT2	3	GT2	-
megahit-co__c009612_29	-	-	-	GT1	1	-	-
megahit-co__c009612_6	2.4.1.-:10	GT4(199-347)	GT4_e4078(198-347)	GT4	3	GT4_e4078	-
megahit-co__c009613_1	-	-	-	GH101	1	-	-
megahit-co__c009615_1	-	-	-	GH31_9	1	-	-
megahit-co__c009618_1	-	-	GT2(1-80)	GT2	2	GT2	-
megahit-co__c009620_17	-	GH24(2-117)	GH24_e377(1-115)	-	2	GH24_e377	peptidoglycan
megahit-co__c009621_5	-	-	-	GT2	1	-	-
megahit-co__c009630_1	-	-	-	GT35	1	-	-
megahit-co__c009645_1	-	GH141(28-255)	GH141_e20(1-255)	GH141	3	GH141_e20	-
megahit-co__c009646_5	-	-	-	GT2	1	-	-
megahit-co__c009647_6	-	-	-	GH76	1	-	-
megahit-co__c009647_8	-	GH3(62-283)	GH3_e420(62-283)	GH3	3	GH3_e420	-
megahit-co__c009647_9	-	-	PL11_e5(8-176)	CBM2+PL11_1	2	PL11_e5	pectin
megahit-co__c009651_1	-	-	-	GT2	1	-	-
megahit-co__c009656_2	-	-	-	GH36	1	-	-
megahit-co__c009658_5	-	-	-	GT1	1	-	-
megahit-co__c009661_4	-	GH33(41-346)	GH33_e27(45-344)	GH33	3	GH33_e27	host glycan
megahit-co__c009662_2	-	GT51(115-287)	GT51_e125(116-287)	GT51	3	GT51_e125	-
megahit-co__c009662_8	-	GT2(5-122)	GT2(5-244)	GT2	3	GT2	-
megahit-co__c009674_1	-	-	-	GT1	1	-	-
megahit-co__c009675_2	-	-	GT76_e12(56-179)	GT0	2	GT76_e12	-
megahit-co__c009687_35	-	-	GT121_e393(295-431)	GT121	2	GT121_e393	bacterial outer membrane (OM) polysaccharides
megahit-co__c009687_4	3.2.1.41:4|3.2.1.1:3;3.2.1.41:25;3.2.1.68:3	GH13_13(306-701)	CBM48_e99(139-237)+GH13_e248(304-702)	CBM48+GH13_13	3	CBM48_e99|GH13_13	alpha-glucan
megahit-co__c009706_2	-	AA6(11-165)	AA6_e12(45-150)	-	2	AA6_e12	lignin
megahit-co__c009709_3	-	-	GT4_e2254(227-373)	GT4	2	GT4_e2254	-
megahit-co__c009735_5	-	GT2(9-177)	GT2(9-176)	GT2	3	GT2	-
megahit-co__c009740_1	-	-	-	GT2	1	-	-
megahit-co__c009745_61	-	GT102(52-287)	GT102_e12(51-285)	-	2	GT102_e12	-
megahit-co__c009749_1	-	GT2(157-325)	GT2(157-335)	GT2+GT4	3	GT2	-
megahit-co__c009752_1	-	-	-	GH13_23	1	-	-
megahit-co__c009752_4	-	GT2(5-159)	GT2(5-171)	GT2	3	GT2	-
megahit-co__c009752_9	-	-	-	GT1	1	-	-
megahit-co__c009753_5	-	GH23(89-227)	GH23_e1046(90-228)	GH23	3	GH23_e1046	-
megahit-co__c009754_1	-	-	-	GH1	1	-	-
megahit-co__c009760_12	3.2.1.21:3	GH1(14-442)	GH1_e139(14-441)	GH1	3	GH1_e139	beta-glucan
megahit-co__c009760_9	-	GH3(163-383)	GH3_e356(163-382)	GH3	3	GH3_e356	-
megahit-co__c009762_8	-	GT4(285-441)	GT4_e3297(286-442)	GT4	3	GT4_e3297	-
megahit-co__c009767_1	-	-	-	GH0	1	-	-
megahit-co__c009772_8	-	CE3(71-245)	-	-	1	-	-
megahit-co__c009776_15	-	-	-	GH29	1	-	-
megahit-co__c009776_21	-	CE1(76-304)	-	-	1	-	-
megahit-co__c009778_2	-|-	-	CBM60_e11(52-168)+CBM60_e11(177-290)	-	1	-	xylan
megahit-co__c009778_4	-	-	-	GH78	1	-	-
megahit-co__c009797_1	-	GT119(30-224)	GT119_e127(32-224)	GT119	3	GT119_e127	peptidoglycan
megahit-co__c009800_11	-	GT2(45-269)	GT2(45-269)	GT2	3	GT2	-
megahit-co__c009800_2	2.4.1.1:9	GT35(272-653)	GT35_e7(126-659)	GT35	3	GT35_e7	-
megahit-co__c009801_2	-	-	GT2(9-167)	GT2	2	GT2	-
megahit-co__c009804_50	-	GT2(6-136)	GT2(6-137)	GT2	3	GT2	-
megahit-co__c009804_51	-	-	-	GT4	1	-	-
megahit-co__c009810_1	-	GH57_3(5-239)	GH57_e71(5-239)	GH57_3	3	GH57_3	-
megahit-co__c009810_2	-	GH15(9-145)	GH15_e12(1-144)	GH15	3	GH15_e12	-
megahit-co__c009821_6	3.2.1.51:3	GH29(9-343)	GH29_e81(11-343)	GH29	3	GH29_e81	host glycan
megahit-co__c009830_15	-	-	-	GH0	1	-	-
megahit-co__c009832_2	-	GH171(47-331)	GH171_e26(47-331)	AAM72205.1+GH171	3	GH171_e26	peptidoglycan
megahit-co__c009855_65	-|-	-	AA2_e20(51-166)+AA2_e20(436-714)	AA0	2	AA2_e20|AA2_e20	lignin
megahit-co__c009860_2	-	GT2(4-92)	GT2(4-92)	-	2	GT2	-
megahit-co__c009864_6	-	GT28(210-337)	GT1_e356(7-359)	GT1	3	GT1_e356	-
megahit-co__c009873_1	-	-	-	GH1	1	-	-
megahit-co__c009874_1	-	GT21(58-289)	GT21_e36(58-289)	GT21	3	GT21_e36	-
megahit-co__c009879_2	-	-	-	AA9	1	-	-
megahit-co__c009914_13	-	-	-	GT4	1	-	-
megahit-co__c009915_2	-	GH108(10-127)	GH108_e74(10-127)	GH108	3	GH108_e74	peptidoglycan
megahit-co__c009928_2	-	-	-	GH28	1	-	-
megahit-co__c009930_13	2.4.1.25:4;3.2.1.68:71|3.2.1.68:15	GH13_11(172-523)	CBM48_e3(16-113)+GH13_e48(171-523)	CBM48+GH13_11	3	CBM48_e3|GH13_11	alpha-glucan
megahit-co__c009936_24	-	GH108(9-99)	GH108_e40(9-99)	GH108	3	GH108_e40	peptidoglycan
megahit-co__c009936_6	3.2.1.111:5;3.2.1.-:5|-	GH29(57-374)	GH29_e124(56-371)+CBM32_e344(506-601)	GH29	3	GH29_e124|CBM32_e344	host glycan
megahit-co__c009966_24	-	-	-	GT1	1	-	-
megahit-co__c009973_26	-	-	-	CE8	1	-	-
megahit-co__c009973_59	-	-	-	GH5_11	1	-	-
megahit-co__c009992_2	-	CE1(45-264)	-	-	1	-	-
megahit-co__c010006_1	-	-	-	GT4	1	-	-
megahit-co__c010007_2	-|3.2.1.141:2	GH13_10(124-333)	CBM48_e189(9-106)+GH13_e258(124-335)	CBM48+GH13_10	3	CBM48_e189|GH13_10	alpha-glucan
megahit-co__c010014_1	-	-	-	GT31	1	-	-
megahit-co__c010022_2	-	GT4(172-299)	GT4_e907(175-310)	AAM72075.1+GT4	3	GT4_e907	-
megahit-co__c010022_3	2.4.1.230:11	GH65(333-718)	GH65_e4(333-717)	AAM72074.1+GH65	3	GH65_e4	alpha-glucan
megahit-co__c010032_1	-	-	-	GT1	1	-	-
megahit-co__c010047_2	-	-	-	GH2_6	1	-	-
megahit-co__c010082_110	-	-	-	CBM50	1	-	-
megahit-co__c010082_39	-	GT66(5-569)	GT66_e35(19-563)	GT66	3	GT66_e35	-
megahit-co__c010082_67	-	-	-	GT31	1	-	-
megahit-co__c010082_68	-	-	-	GT7	1	-	-
megahit-co__c010082_99	-	GT4(186-333)	GT4_e2864(188-332)	GT4	3	GT4_e2864	-
megahit-co__c010094_1	-	-	-	CE8	1	-	-
megahit-co__c010095_1	-	-	GT2(1-206)	GT2	2	GT2	-
megahit-co__c010095_2	-	-	-	GT1	1	-	-
megahit-co__c010095_3	-	-	GT1_e545(2-120)	-	1	-	-
megahit-co__c010096_1	-	-	GT2(10-54)	-	1	-	-
megahit-co__c010103_2	-	-	-	GH63	1	-	-
megahit-co__c010110_1	2.4.1.-:2;3.2.1.-:2	GH39(19-240)	GH39_e0(1-280)	GH39	3	GH39_e0	-;ulvan
megahit-co__c010132_5	-	-	CBM61_e25(440-565)	-	1	-	beta-galactan
megahit-co__c010148_7	-	-	-	CBM50	1	-	-
megahit-co__c010154_1	-	-	GT4_e2003(79-211)	GT4	2	GT4_e2003	-
megahit-co__c010154_3	-	-	-	GT4	1	-	-
megahit-co__c010165_1	3.2.1.21:2	GH3(113-343)	GH3_e161(114-343)	GH3	3	GH3_e161	beta-glucan
megahit-co__c010170_3	-	-	-	GH13_26	1	-	-
megahit-co__c010175_2	-	GH73(116-230)	GH73_e225(116-230)	GH73	3	GH73_e225	-
megahit-co__c010178_14	-	-	-	GT33	1	-	-
megahit-co__c010178_3	-	GH179(37-369)	GH179_e0(39-365)	-	2	GH179_e0	chitin
megahit-co__c010178_4	-	AA7(37-226)	-	-	1	-	-
megahit-co__c010208_2	-	-	-	GH1	1	-	-
megahit-co__c010218_1	-	GT51(66-240)	GT51_e280(66-240)	GT51	3	GT51_e280	-
megahit-co__c010220_2	-	GT4(179-326)	GT4_e461(182-320)	GT4	3	GT4_e461	-
megahit-co__c010222_1	-	-	-	CBM13	1	-	-
megahit-co__c010235_1	-	-	-	GH26	1	-	-
megahit-co__c010260_1	-	-	-	GH6	1	-	-
megahit-co__c010264_2	-	GT35(152-476)	GT35_e2(160-459)	GT35	3	GT35_e2	-
megahit-co__c010267_1	-	-	-	GT2	1	-	-
megahit-co__c010276_4	-	-	-	GH28	1	-	-
megahit-co__c010300_16	-	CE1(75-287)	-	-	1	-	-
megahit-co__c010300_3	-	-	-	GH33	1	-	-
megahit-co__c010300_8	-	GH177(65-295)	GH109_e10(65-206)	-	2	GH109_e10	host glycan
megahit-co__c010301_2	-	-	GH23_e1102(42-163)	GH23	2	GH23_e1102	-
megahit-co__c010307_19	2.4.1.1:156	GT35(134-850)	GT35_e0(134-850)	GT35	3	GT35_e0	-
megahit-co__c010322_1	-	GH171(1-168)	GH171_e23(1-168)	AAM73274.1+GH171	3	GH171_e23	peptidoglycan
megahit-co__c010329_37	2.4.1.18:164|2.4.1.18:49	GH13_8(191-511)	CBM48_e32(49-129)+GH13_e20(191-511)	GH13_8	3	CBM48_e32|GH13_8	alpha-glucan
megahit-co__c010329_4	-	GT5(5-236)	GT5_e28(5-229)	GT5	3	GT5_e28	-
megahit-co__c010329_43	3.2.1.25:4	GH2_13(36-705)	GH2_e80(36-717)	GH2_13	3	GH2_13	beta-mannan
megahit-co__c010332_6	2.4.1.182:13	GT19(10-364)	GT19_e17(10-364)	GT19	3	GT19_e17	-
megahit-co__c010376_1	-	-	-	PL14	1	-	-
megahit-co__c010398_3	-	-	-	GH55_2	1	-	-
megahit-co__c010402_19	-	-	-	GT22	1	-	-
megahit-co__c010402_77	-	-	-	GT50	1	-	-
megahit-co__c010402_95	-	-	-	GT33	1	-	-
megahit-co__c010410_2	-	-	GT4_e3028(227-379)	GT4	2	GT4_e3028	-
megahit-co__c010424_34	-	-	-	GH13	1	-	-
megahit-co__c010434_40	-	GH63(431-875)	-	GH0	2	GH63	-
megahit-co__c010447_13	-	-	-	GT2	1	-	-
megahit-co__c010447_20	-	-	-	GH13_23	1	-	-
megahit-co__c010447_49	-	CE4(66-274)	CE4_e70(75-272)	-	2	CE4_e70	-
megahit-co__c010447_6	-	-	-	GH13_31	1	-	-
megahit-co__c010449_2	-	GT2(3-224)	GT2(89-265)	AAB89136.1+GT2	3	GT2	-
megahit-co__c010450_1	-	AA4(3-234)	AA4_e3(5-223)	-	2	AA4_e3	lignin
megahit-co__c010450_4	-	-	-	GT51	1	-	-
megahit-co__c010452_1	-	-	-	GH92	1	-	-
megahit-co__c010456_1	-	GH65(329-705)	GH65_e35(329-703)	GH65	3	GH65_e35	-
megahit-co__c010469_3	-	-	-	GT66	1	-	-
megahit-co__c010472_1	-	-	-	GT22	1	-	-
megahit-co__c010481_1	-	GH3(59-277)	GH3_e266(60-277)	GH3	3	GH3_e266	-
megahit-co__c010489_50	-	GT119(30-328)	GT119_e46(1-328)	GT119	3	GT119_e46	peptidoglycan
megahit-co__c010494_1	-	-	-	GH13_11	1	-	-
megahit-co__c010497_2	-	-	-	GT0	1	-	-
megahit-co__c010497_3	-	-	GT2(9-105)	GT0	2	GT2	-
megahit-co__c010502_1	-	AA3_2(8-532)	AA3_e57(8-530)	AA3	3	AA3_2	-
megahit-co__c010512_3	-	-	-	GT4	1	-	-
megahit-co__c010532_4	-	-	-	GH13_30	1	-	-
megahit-co__c010539_1	-	-	-	GH57_6	1	-	-
megahit-co__c010543_1	-	CE4(64-177)	CE4_e289(67-169)	-	2	CE4_e289	-
megahit-co__c010558_24	-	-	-	GH0	1	-	-
megahit-co__c010572_1	-	-	-	GT2	1	-	-
megahit-co__c010574_5	-	-	-	CE9	1	-	-
megahit-co__c010574_9	-	-	-	GH75	1	-	-
megahit-co__c010577_17	-	GT9(70-301)	GT9_e112(72-302)	GT9	3	GT9_e112	-
megahit-co__c010584_15	-	-	-	GH13_48	1	-	-
megahit-co__c010584_27	-	GT2(3-130)	GT2(3-120)	GT0	3	GT2	-
megahit-co__c010584_97	-	-	-	GT57	1	-	-
megahit-co__c010598_1	-	GT83(23-361)	GT83_e8(29-373)	GT83	3	GT83_e8	-
megahit-co__c010613_1	-	-	-	GH43	1	-	-
megahit-co__c010625_1	-	GT9(161-331)	-	-	1	-	-
megahit-co__c010627_2	-	CE19(68-403)	CE19_e8(70-402)	CE0	3	CE19_e8	pectin
megahit-co__c010629_1	-	GH33(169-467)	GH33_e226(143-458)	GH0	3	GH33_e226	host glycan
megahit-co__c010652_1	-	-	-	GH0	1	-	-
megahit-co__c010658_1	-	-	-	GT2	1	-	-
megahit-co__c010661_2	-	AA7(55-245)	-	-	1	-	-
megahit-co__c010672_4	-	-	-	GH65	1	-	-
megahit-co__c010688_2	-	CE1(30-328)	CE1_e22(35-170)	-	2	CE1_e22	-
megahit-co__c010694_1	-	-	-	GH24	1	-	-
megahit-co__c010699_32	-	GH188(3-200)	-	-	1	-	-
megahit-co__c010699_52	-	GT117(17-246)	GT117_e5(20-224)	-	2	GT117_e5	-
megahit-co__c010699_53	-	CE4(31-135)	CE4_e140(31-138)	CE4	3	CE4_e140	-
megahit-co__c010700_1	3.2.1.52:6	GH20(2-208)	GH20_e114(1-208)	GH20	3	GH20_e114	host glycan
megahit-co__c010701_1	-	GH108(2-98)	GH108_e41(1-98)	GH108	3	GH108_e41	peptidoglycan
megahit-co__c010719_2	-	GH23(170-279)	GH23_e526(170-276)	GH23	3	GH23_e526	-
megahit-co__c010735_1	-	-	-	GT4	1	-	-
megahit-co__c010740_10	-	-	-	GH3	1	-	-
megahit-co__c010740_4	-	-	-	GH43_28	1	-	-
megahit-co__c010746_4	-	-	-	GT1	1	-	-
megahit-co__c010746_7	-	-	-	GH0	1	-	-
megahit-co__c010759_57	-	-	GT4_e2764(227-361)	GT4	2	GT4_e2764	-
megahit-co__c010759_68	-	GT2(6-132)	GT2(6-254)	GT2	3	GT2	-
megahit-co__c010759_69	-	CE1(184-403)	-	-	1	-	-
megahit-co__c010759_70	-	CE4(360-488)	CE4_e233(361-488)	CE4	3	CE4_e233	-
megahit-co__c010765_1	-	-	-	CBM47	1	-	-
megahit-co__c010786_1	-	-	-	CBM13	1	-	-
megahit-co__c010819_1	-|-	GT2(154-314)+GT2(411-590)	GT2(154-349)+GT2(411-629)	GT2	3	GT2|GT2	-
megahit-co__c010819_2	-	GT2(5-113)	GT2(5-125)	-	2	GT2	-
megahit-co__c010827_32	-	-	-	GT0	1	-	-
megahit-co__c010832_29	-	GH23(486-609)	GH23_e952(484-610)	GH23	3	GH23_e952	-
megahit-co__c010845_1	-	GT4(170-331)	GT4_e57(172-331)	GT4	3	GT4_e57	-
megahit-co__c010847_2	-	GT5(57-385)	GT4_e585(208-354)	GT4	3	GT4_e585	-
megahit-co__c010847_3	-	GH15(279-461)	GH15_e94(274-463)	GH15	3	GH15_e94	-
megahit-co__c010859_6	-	-	-	GT47	1	-	-
megahit-co__c010874_1	-	-	-	GT2	1	-	-
megahit-co__c010885_2	-	CE19(30-173)	-	-	1	-	-
megahit-co__c010900_1	-	GT2(4-164)	GT2(4-164)	GT2	3	GT2	-
megahit-co__c010908_1	-	GH110(1-322)	GH110_e23(1-322)	GH110	3	GH110_e23	host glycan
megahit-co__c010917_15	-	-	-	GH1	1	-	-
megahit-co__c010944_1	-	-	-	CBM38	1	-	-
megahit-co__c010944_2	-	-	-	GH117	1	-	-
megahit-co__c010944_3	-|-	GH117(52-195)	GH117_e24(52-195)+GH117_e10(167-272)	GH117	3	GH117_e24|GH117_e10	agarose
megahit-co__c010944_4	-	-	-	GH117	1	-	-
megahit-co__c010944_9	-	-	-	CBM38+CBM84	1	-	-
megahit-co__c010950_7	-	CE14(5-109)	CE14_e75(5-114)	-	2	CE14_e75	-
megahit-co__c010989_1	-	-	GH17_e51(93-331)	GH17	2	GH17_e51	-
megahit-co__c011001_1	-	GH27(7-120)	GH27_e0(1-120)	-	2	GH27_e0	-
megahit-co__c011004_2	-	GH188(2-130)	-	-	1	-	-
megahit-co__c011007_16	-	GT4(223-373)	GT4_e6206(224-371)	GT4	3	GT4_e6206	-
megahit-co__c011007_19	-	GT89(267-578)	GT89_e5(266-578)	GT89	3	GT89_e5	-
megahit-co__c011007_22	-	GT4(49-200)	GT4_e3203(50-199)	GT4	3	GT4_e3203	-
megahit-co__c011009_1	-	GH18(3-362)	GH18_e708(4-362)	CBM5+GH18	3	GH18_e708	-
megahit-co__c011009_2	-|-	GH18(174-560)	CBM5_e103(33-73)+GH18_e708(174-560)	CBM5+GH18	3	CBM5_e103|GH18_e708	chitin
megahit-co__c011015_7	-	GT2(3-125)	GT2(3-125)	GT2	3	GT2	-
megahit-co__c011029_28	-	-	-	GH0	1	-	-
megahit-co__c011029_9	-	GT83(7-457)	-	-	1	-	-
megahit-co__c011036_3	-	-	-	PL10_1	1	-	-
megahit-co__c011049_10	-	-	-	GT4	1	-	-
megahit-co__c011059_1	-	GH130_8(1-107)	GH130_e14(1-107)	-	2	GH130_8	beta-mannan
megahit-co__c011059_2	3.2.1.10:7;3.2.1.20:6;3.2.1.28:2	GH13_23(74-411)	GH13_e347(74-409)	GH13_23	3	GH13_23	alpha-glucan;trehalose
megahit-co__c011073_1	-	-	-	GT1	1	-	-
megahit-co__c011075_1	-	AA1_1(56-160)	-	-	1	-	-
megahit-co__c011088_1	-	AA3_2(3-429)	AA3_e57(4-430)	AA3_2	3	AA3_2	-
megahit-co__c011097_21	-	-	-	GT47	1	-	-
megahit-co__c011097_27	-	GT4(198-333)	GT4_e4011(198-326)	GT4	3	GT4_e4011	-
megahit-co__c011097_29	-	GT4(189-339)	GT4_e3137(192-339)	GT4	3	GT4_e3137	-
megahit-co__c011097_30	-	GT4(171-326)	GT4_e6112(178-324)	GT4	3	GT4_e6112	-
megahit-co__c011097_31	-	GT4(198-330)	GT4_e5388(198-329)	GT4	3	GT4_e5388	-
megahit-co__c011097_32	-	-	GT2(7-124)	GT2	2	GT2	-
megahit-co__c011097_40	-	-	-	GT33	1	-	-
megahit-co__c011097_53	-|-|3.2.1.6:2;3.2.1.73:2|-|-|-|-	GH16_3(2-142)+CBM4(174-317)+CBM4(349-483)+CBM4(612-734)+CBM4(791-921)+CBM4(963-1095)	GH16_e450(1-142)+CBM4_e34(174-317)+CBM4_e24(349-483)+CBM6_e83(511-610)+CBM4_e34(612-734)+CBM4_e34(791-921)+CBM4_e34(964-1095)	CBM4+CBM6+GH16	3	GH16_3|CBM4_e34|CBM4_e24|CBM6_e83|CBM4_e34|CBM4_e34|CBM4_e34	beta-glucan;xylan
megahit-co__c011097_54	-	GH161(8-1084)	GH161_e1(6-1084)	GH161	3	GH161_e1	beta-glucan
megahit-co__c011097_62	-	GH20(91-400)	GH20_e133(92-388)	GH20	3	GH20_e133	-
megahit-co__c011097_63	-	CE9(8-231)	CE9_e58(8-233)	CE9	3	CE9_e58	host glycan
megahit-co__c011103_2	-	-	-	GH73	1	-	-
megahit-co__c011111_29	-	GH5_39(27-332)	GH5_e134(28-332)	GH5_39	3	GH5_39	-
megahit-co__c011111_45	-	GT1(18-395)	GT1_e1168(12-395)	GT1	3	GT1_e1168	-
megahit-co__c011126_2	-	GT4(2-120)	GT4_e3521(3-120)	GT4	3	GT4_e3521	-
megahit-co__c011130_1	-	-	-	GH28	1	-	-
megahit-co__c011132_1	-	GH32(29-339)	GH32_e40(29-337)	GH32	3	GH32_e40	fructan
megahit-co__c011132_14	-	-	-	GH38	1	-	-
megahit-co__c011132_18	-	GH38(244-507)	GH38_e18(244-505)	GH38	3	GH38_e18	-
megahit-co__c011132_32	-	-	-	GT30	1	-	-
megahit-co__c011136_8	-	-	-	GT51	1	-	-
megahit-co__c011140_2	-	CE1(81-313)	-	-	1	-	-
megahit-co__c011172_3	-	-	-	CBM48+GH13_9	1	-	-
megahit-co__c011187_40	-	-	-	GT4	1	-	-
megahit-co__c011187_46	-	-	-	GH5_11	1	-	-
megahit-co__c011204_5	-	-	-	GH13	1	-	-
megahit-co__c011222_1	-	-	GT2(5-63)	-	1	-	-
megahit-co__c011240_12	-	-	-	GT4	1	-	-
megahit-co__c011240_136	-	-	-	GH13_11	1	-	-
megahit-co__c011240_151	-	GH179(46-217)	GH179_e0(46-217)	-	2	GH179_e0	chitin
megahit-co__c011240_159	-	-	-	GT2	1	-	-
megahit-co__c011240_19	-	GT4(197-343)	GT4_e7117(198-338)	GT4	3	GT4_e7117	-
megahit-co__c011247_17	-	GH13_3(235-455)	GH13_e41(233-459)	GH13_3	3	GH13_3	-
megahit-co__c011247_18	5.4.99.16:7	GH13_16(31-384)	GH13_e0(31-384)	GH13_16	3	GH13_16	alpha-glucan
megahit-co__c011261_132	-	-	-	CBM13	1	-	-
megahit-co__c011261_46	-	-	-	GT2	1	-	-
megahit-co__c011261_71	-	-	-	GT33	1	-	-
megahit-co__c011262_1	-	-	-	GH1	1	-	-
megahit-co__c011286_1	-	GH95(1-327)	GH95_e51(1-322)	GH95	3	GH95_e51	-
megahit-co__c011294_6	-	-	-	GT0	1	-	-
megahit-co__c011298_1	-	GH43_34(30-164)	GH43_e617(30-165)	GH43_34	3	GH43_34	-
megahit-co__c011333_2	-	-	-	CE4	1	-	-
megahit-co__c011341_1	-	GH3(96-205)	GH3_e361(97-206)	AAM71338.1+GH3	3	GH3_e361	-
megahit-co__c011354_17	-	-	-	GH2	1	-	-
megahit-co__c011361_13	-	-	-	GH152	1	-	-
megahit-co__c011361_23	-	-	-	GT1	1	-	-
megahit-co__c011361_34	-	GH116(403-763)	GH116_e2(403-763)	GH116	3	GH116_e2	-
megahit-co__c011361_39	3.2.1.4:5;3.2.1.73:2|3.2.1.4:55;3.2.1.78:4;3.2.1.151:3;3.2.1.176:4;3.2.1.-:3	GH9(45-484)+CBM3(508-591)	GH9_e42(45-484)+CBM3_e0(509-591)	CBM2+CBM3+GH9	3	GH9_e42|CBM3_e0	beta-glucan;cellulose;chitin
megahit-co__c011366_5	-	-	-	GH38	1	-	-
megahit-co__c011371_1	-	-	-	GT1	1	-	-
megahit-co__c011381_14	2.4.1.25:2	GH13_36(19-321)	GH13_e8(19-320)	GH13	3	GH13_36	alpha-glucan
megahit-co__c011387_1	-	-	-	GH38	1	-	-
megahit-co__c011391_8	-	-	-	GH130_3	1	-	-
megahit-co__c011419_1	-	CBM67(117-294)	CBM67_e56(119-293)	GH78	3	CBM67_e56	rhamnose
megahit-co__c011419_16	2.4.1.20:14	GH94(2-808)	GH94_e12(2-808)	GH94	3	GH94_e12	cellulose
megahit-co__c011430_4	-	-	-	GT4	1	-	-
megahit-co__c011430_8	-	-	-	GH18	1	-	-
megahit-co__c011432_33	-	-	-	GT2	1	-	-
megahit-co__c011436_1	-	GH3(101-324)	GH3_e195(101-324)	GH3	3	GH3_e195	-
megahit-co__c011447_2	-	CE11(5-223)	CE11_e42(5-302)	AAM72887.1+CE11	3	CE11_e42	exo-polysaccharide
megahit-co__c011458_1	-	GT104(3-375)	GT104_e8(3-376)	GT104	3	GT104_e8	-
megahit-co__c011462_1	-	GT83(2-340)	GT83_e74(1-341)	GT83	3	GT83_e74	-
megahit-co__c011469_1	-	-	-	GH103+GT119	1	-	-
megahit-co__c011474_2	-	-	-	GH95	1	-	-
megahit-co__c011495_64	-	PL9_3(145-261)	PL9_e73(142-261)	PL0	3	PL9_3	-
megahit-co__c011495_67	-|-|-|3.2.1.39:2;3.2.1.58:2;3.2.1.-:25	CBM92(55-167)+GH55_1(419-702)	CBM92_e8(49-167)+CBM56_e15(175-274)+GH55_e4(235-370)+GH55_e0(419-701)	CBM92+GH55_1	3	CBM92_e8|CBM56_e15|GH55_e4|GH55_1	beta-glucan
megahit-co__c011500_1	-	-	-	GH0	1	-	-
megahit-co__c011525_5	-	CE1(36-191)	CE1_e74(42-206)	-	2	CE1_e74	-
megahit-co__c011561_1	-	-	-	GT1	1	-	-
megahit-co__c011571_2	-	-	-	GT0	1	-	-
megahit-co__c011572_1	-	-	-	CBM6	1	-	-
megahit-co__c011575_1	-	GH57_1(10-342)	GH57_e78(10-343)	GH57_1	3	GH57_1	-
megahit-co__c011595_1	-	GH51_14(1-294)	GH51_e16(1-294)	CBM8+GH51_14	3	GH51_14	-
megahit-co__c011595_23	2.4.1.1:9	GT35(247-645)	GT35_e7(124-649)	GT35	3	GT35_e7	-
megahit-co__c011595_31	-|-	CBM63(148-220)	CBM63_e13(42-117)+CBM63_e44(149-220)	CBM63	3	CBM63_e13|CBM63_e44	cellulose
megahit-co__c011595_4	-	GH18(151-394)	GH18_e281(142-391)	GH18	3	GH18_e281	-
megahit-co__c011617_2	-	-	-	CBM38	1	-	-
megahit-co__c011627_10	-	-	-	CBM2	1	-	-
megahit-co__c011643_1	-	-	-	CBM50	1	-	-
megahit-co__c011650_25	-	-	-	CBM35	1	-	-
megahit-co__c011653_2	-	-	-	GT87	1	-	-
megahit-co__c011657_1	-	-	-	GT9	1	-	-
megahit-co__c011675_23	-	-	-	GT1	1	-	-
megahit-co__c011675_51	-	-	-	GT2	1	-	-
megahit-co__c011708_1	-	-	-	GT1	1	-	-
megahit-co__c011729_2	-	-	-	GT2	1	-	-
megahit-co__c011733_1	-	GT4(155-310)	GT4_e1511(157-308)	GT4	3	GT4_e1511	-
megahit-co__c011733_2	-	-	-	GT4	1	-	-
megahit-co__c011760_1	-	-	-	GH23	1	-	-
megahit-co__c011765_10	-	-	-	GT2	1	-	-
megahit-co__c011773_2	-	-	-	CBM48+GH13_8+GH13_8	1	-	-
megahit-co__c011784_1	-	GT119(17-251)	GT119_e48(17-252)	GT119	3	GT119_e48	peptidoglycan
megahit-co__c011784_2	-	-	GH23_e1111(30-135)	GH23	2	GH23_e1111	-
megahit-co__c011788_2	-	GT2(6-169)	GT2(6-128)	GT2	3	GT2	-
megahit-co__c011794_1	-	-	-	GT2	1	-	-
megahit-co__c011801_6	-	-	-	CE0	1	-	-
megahit-co__c011805_1	-	-	-	AAM02519.1+GT4	1	-	-
megahit-co__c011813_3	3.2.1.14:18|-	GH18(76-532)	GH18_e224(76-535)+CBM12_e34(861-892)	CBM12+CBM5+GH18	3	GH18_e224|CBM12_e34	chitin
megahit-co__c011829_1	-	GT51(56-231)	GT51_e248(57-230)	GT51	3	GT51_e248	-
megahit-co__c011833_1	-	-	-	CBM32	1	-	-
megahit-co__c011847_2	-	GT2(17-184)	GT2(17-182)	AAM71464.1+GT2	3	GT2	-
megahit-co__c011877_14	3.2.1.8:20|3.2.1.8:20|3.2.1.4:5;3.2.1.8:29|-|-	CBM22(56-174)+CBM22(206-335)+GH10(370-691)+CBM9(729-867)+CBM9(882-1057)	CBM22_e1(55-178)+CBM22_e1(206-334)+GH10_e141(370-690)+CBM9_e31(713-867)+CBM9_e31(882-1057)	CBM22+CBM9+GH10	3	CBM22_e1|CBM22_e1|GH10_e141|CBM9_e31|CBM9_e31	beta-glucan;cellulose;xylan
megahit-co__c011877_5	-	GH10(28-337)	GH10_e215(29-337)	GH10	3	GH10_e215	-
megahit-co__c011887_2	-	-	GT4_e2631(5-73)	-	1	-	-
megahit-co__c011901_1	-	-	-	GH1	1	-	-
megahit-co__c011908_11	-	GT4(195-339)	GT4_e2684(193-339)	GT4	3	GT4_e2684	-
megahit-co__c011914_2	-	GH23(93-199)	GH23_e822(93-199)	-	2	GH23_e822	-
megahit-co__c011925_25	-	AA4(3-232)	AA4_e3(3-236)	-	2	AA4_e3	lignin
megahit-co__c011930_1	-	-	-	GT83	1	-	-
megahit-co__c011932_6	-	-	-	GH130_1	1	-	-
megahit-co__c011935_4	-	GT2(6-131)	GT2(4-212)	GT2	3	GT2	-
megahit-co__c011935_8	-	GT32(20-100)	GT32_e63(20-100)	GT32	3	GT32_e63	-
megahit-co__c011981_11	-|-|-	GH73(39-167)	GH73_e16(39-167)+CBM50_e762(217-255)+CBM50_e762(273-310)	CBM50+GH73	3	GH73_e16|CBM50_e762|CBM50_e762	chitin
megahit-co__c011981_16	-	CE11(4-221)	CE11_e18(4-297)	CE11	3	CE11_e18	exo-polysaccharide
megahit-co__c011981_4	-	GH27(220-442)	GH27_e35(220-443)	GH27	3	GH27_e35	-
megahit-co__c011990_121	-	-	-	CBM48	1	-	-
megahit-co__c011990_141	-	-	-	CBM5	1	-	-
megahit-co__c011990_151	-	CBM9(77-242)	-	-	1	-	-
megahit-co__c011990_19	-	-	-	GH1	1	-	-
megahit-co__c011990_212	3.2.1.52:8	GH3(140-378)	GH3_e28(144-377)	GH3	3	GH3_e28	chitin
megahit-co__c011990_222	-	-	-	GT2	1	-	-
megahit-co__c011990_248	3.2.1.52:5	GH20(172-525)	GH20_e51(170-526)	GH20	3	GH20_e51	host glycan
megahit-co__c011990_302	-	CE14(10-115)	CE14_e49(10-115)	CE14	3	CE14_e49	-
megahit-co__c011990_31	-	-	-	GT0	1	-	-
megahit-co__c011990_88	-	-	-	GH92	1	-	-
megahit-co__c011990_96	-	-	-	GH0	1	-	-
megahit-co__c012004_150	-	-	-	GT22	1	-	-
megahit-co__c012004_154	-	-	CBM48_e52(172-223)	CBM48	2	CBM48_e52	alpha-glucan
megahit-co__c012004_237	-	-	-	GH0	1	-	-
megahit-co__c012004_275	-	-	-	GT51	1	-	-
megahit-co__c012004_315	-	AA18(16-116)	AA18_e0(23-116)	-	2	AA18_e0	-
megahit-co__c012004_321	-	GT83(6-361)	-	-	1	-	-
megahit-co__c012004_370	-	GT83(18-393)	GT83_e13(21-422)	-	2	GT83_e13	-
megahit-co__c012004_70	-	GT117(85-347)	GT117_e5(87-347)	GT117	3	GT117_e5	-
megahit-co__c012024_2	-	-	GT4_e7206(193-325)	GT0	2	GT4_e7206	-
megahit-co__c012035_7	-	-	-	GT28	1	-	-
megahit-co__c012037_2	-	GT51(166-267)	GT51_e259(166-267)	GT51	3	GT51_e259	-
megahit-co__c012044_2	-	GT4(229-369)	GT4_e3732(229-369)	GT4	3	GT4_e3732	-
megahit-co__c012075_1	-	GT4(175-283)	GT4_e545(176-284)	GT4	3	GT4_e545	-
megahit-co__c012078_37	-	GT4(250-419)	GT4_e1540(251-417)	GT4	3	GT4_e1540	-
megahit-co__c012078_38	2.4.1.13:82	GT4(554-722)	GT4_e6893(555-722)	GT4	3	GT4_e6893	-
megahit-co__c012078_40	-	-	-	CBM50	1	-	-
megahit-co__c012085_2	-	GT2(5-165)	GT2(5-167)	GT2	3	GT2	-
megahit-co__c012090_3	-	-	-	GH13_11	1	-	-
megahit-co__c012093_34	3.2.1.21:71;3.2.1.23:2;3.2.1.38:3;3.2.1.-:11	GH1(2-441)	GH1_e113(2-440)	GH1	3	GH1_e113	beta-fucosides;beta-galactan;beta-glucan;polyphenol
megahit-co__c012093_35	-	GH13_2(59-387)	GH13_e77(59-387)	GH13	3	GH13_2	-
megahit-co__c012094_1	-	GT4(210-357)	GT4_e5620(210-357)	GT4	3	GT4_e5620	-
megahit-co__c012099_9	2.4.1.7:2	GH13_18(34-377)	GH13_e144(34-377)	GH13_18	3	GH13_18	sucrose
megahit-co__c012102_1	-	-	GT4_e8262(198-307)	AAM71466.1+GT0	2	GT4_e8262	-
megahit-co__c012102_3	-	GT9(114-338)	GT9_e192(116-337)	AAM71468.1+GT9	3	GT9_e192	-
megahit-co__c012102_5	-	GT4(36-191)	GT4_e2902(36-188)	AAM71471.1+GT4	3	GT4_e2902	-
megahit-co__c012117_1	-	GT2(8-118)	GT2(8-123)	-	2	GT2	-
megahit-co__c012117_2	-	-	GT2(1-68)	GT2	2	GT2	-
megahit-co__c012126_3	-	GH86(193-785)	GH86_e9(195-784)	GH86	3	GH86_e9	agarose
megahit-co__c012131_1	-	PL7_1(2-144)	PL7_e52(2-145)	-	2	PL7_1	-
megahit-co__c012147_1	3.2.1.8:20|3.2.1.8:20|3.2.1.4:5;3.2.1.8:29	CBM22(51-176)+CBM22(200-331)+GH10(366-488)	CBM22_e1(51-173)+CBM22_e1(201-330)+GH10_e141(366-488)	CBM22+CBM9+GH10	3	CBM22_e1|CBM22_e1|GH10_e141	beta-glucan;xylan
megahit-co__c012147_8	3.2.1.131:10;3.2.1.139:12	GH67(2-666)	GH67_e1(2-666)	GH67	3	GH67_e1	xylan
megahit-co__c012192_1	-	-	-	GH1	1	-	-
megahit-co__c012192_19	-	GT51(60-224)	GT51_e94(61-224)	GT51	3	GT51_e94	-
megahit-co__c012208_9	-	-	-	CBM50+GH25	1	-	-
megahit-co__c012211_1	-	-	GT4_e1009(30-144)	GT0	2	GT4_e1009	-
megahit-co__c012223_4	-	GT9(53-220)	GT9_e231(53-220)	GT9	3	GT9_e231	-
megahit-co__c012228_1	-	-	-	GT2	1	-	-
megahit-co__c012235_3	-	GT51(66-242)	GT51_e181(66-241)	GT51	3	GT51_e181	-
megahit-co__c012238_1	5.4.99.16:7	GH13_16(31-318)	GH13_e0(31-318)	GH13_16	3	GH13_16	alpha-glucan
megahit-co__c012238_2	-	GH13_3(236-455)	GH13_e41(234-457)	GH13_3	3	GH13_3	-
megahit-co__c012253_10	-	-	CE4_e683(46-134)	-	1	-	-
megahit-co__c012257_62	-	GH176(195-568)	GH176_e0(196-568)	GH176	3	GH176_e0	alpha-glucan
megahit-co__c012262_1	-	GH20(3-343)	GH20_e142(1-343)	GH20	3	GH20_e142	-
megahit-co__c012266_6	3.2.1.199:4	GH188(2-248)	GH188_e0(2-248)	-	2	GH188_e0	glycolipid
megahit-co__c012279_1	-	GH57_2(2-265)	GH57_e7(1-264)	GH57_2	3	GH57_2	-
megahit-co__c012292_1	-	GH15(1-343)	GH15_e73(1-343)	GH15	3	GH15_e73	-
megahit-co__c012308_12	-	-	-	GH1	1	-	-
megahit-co__c012319_23	-	-	-	GT1	1	-	-
megahit-co__c012328_2	-	GT4(200-340)	GT4_e4127(200-340)	GT4	3	GT4_e4127	-
megahit-co__c012328_3	-	-	GT4_e1535(243-324)	GT4	2	GT4_e1535	-
megahit-co__c012336_2	-	GT19(1-258)	GT19_e47(1-259)	GT19	3	GT19_e47	-
megahit-co__c012339_15	-	-	-	GT4	1	-	-
megahit-co__c012339_16	-	GH3(119-344)	GH3_e57(119-344)	GH3	3	GH3_e57	-
megahit-co__c012339_4	-	GT27(5-233)	GT2(3-292)	GT2	3	GT2	-
megahit-co__c012348_2	-	-	-	GH130_3	1	-	-
megahit-co__c012354_1	-	-	GT4_e1563(85-229)	GT4	2	GT4_e1563	-
megahit-co__c012361_1	-	-	-	GT31	1	-	-
megahit-co__c012364_2	-	GT4(200-337)	GT4_e774(201-338)	GT4	3	GT4_e774	-
megahit-co__c012369_6	-	GT32(18-99)	GT32_e5(18-99)	GT32	3	GT32_e5	-
megahit-co__c012369_9	-	GT121(182-330)	GT121_e4(182-329)	GT121	3	GT121_e4	bacterial outer membrane (OM) polysaccharides
megahit-co__c012373_12	-	-	-	GH1	1	-	-
megahit-co__c012373_48	-	GH33(182-514)	GH33_e172(182-516)	GH33	3	GH33_e172	host glycan
megahit-co__c012375_4	-	GT66(30-736)	GT66_e24(30-741)	GT66	3	GT66_e24	-
megahit-co__c012379_1	-	GT4(45-201)	GT4_e5585(46-202)	GT4	3	GT4_e5585	-
megahit-co__c012388_2	-	-	-	GH1	1	-	-
megahit-co__c012390_7	-|-|-	GH23(100-242)	GH23_e418(103-241)+CBM50_e54(405-447)+CBM50_e2160(464-505)	CBM50+GH23	3	GH23_e418|CBM50_e54|CBM50_e2160	chitin
megahit-co__c012393_1	-	GT51(44-210)	GT51_e94(46-210)	GT51	3	GT51_e94	-
megahit-co__c012393_4	-	-	-	CE8	1	-	-
megahit-co__c012401_1	-	-	-	CE12	1	-	-
megahit-co__c012403_1	-	-	-	GH13_11	1	-	-
megahit-co__c012414_1	-	GT2(18-205)	GT2(6-317)	GT2	3	GT2	-
megahit-co__c012424_3	-	-	-	CBM35+CBM47	1	-	-
megahit-co__c012433_1	-	-	-	GT1	1	-	-
megahit-co__c012459_40	-	GT4(185-349)	GT4_e2996(186-347)	GT4	3	GT4_e2996	-
megahit-co__c012459_57	-	-	-	GH31_1+GH31_1	1	-	-
megahit-co__c012475_8	-	-	GT4_e2572(221-366)	GT0	2	GT4_e2572	-
megahit-co__c012479_1	3.2.1.8:20|-|3.2.1.4:5;3.2.1.8:29	CBM22(25-147)+CBM22(174-304)+GH10(332-455)	CBM22_e1(25-144)+CBM22_e45(175-304)+GH10_e141(333-455)	CBM22+CBM9+GH10	3	CBM22_e1|CBM22_e45|GH10_e141	beta-glucan;xylan
megahit-co__c012480_2	-	-	-	GT34	1	-	-
megahit-co__c012488_25	-	CE1(27-279)	-	-	1	-	-
megahit-co__c012489_2	-	GT4(230-344)	GT4_e7231(230-346)	AAS10869.1+GT4	3	GT4_e7231	-
megahit-co__c012495_1	-	GT5(7-250)	GT5_e4(7-251)	GT5	3	GT5_e4	-
megahit-co__c012496_4	-	-	-	GT1	1	-	-
megahit-co__c012521_1	-	-	-	GH39	1	-	-
megahit-co__c012522_1	-	-	-	GT2	1	-	-
megahit-co__c012530_2	-	GH33(48-344)	GH33_e249(48-348)	GH33	3	GH33_e249	host glycan
megahit-co__c012530_3	-	GH109(59-245)	-	-	1	-	-
megahit-co__c012532_2	-	GT2(5-103)	GT2(5-104)	GT2	3	GT2	-
megahit-co__c012557_1	-	-	-	GT1	1	-	-
megahit-co__c012558_4	-	GH2_18(209-525)	GH2_e14(209-525)	GH2_18	3	GH2_18	-
megahit-co__c012571_4	-	GH19_1(9-73)	GH19_e6(1-70)	-	2	GH19_1	-
megahit-co__c012576_7	-	-	GT9_e521(82-167)	GT9	2	GT9_e521	-
megahit-co__c012582_4	-	-	-	GT2	1	-	-
megahit-co__c012585_2	-	-	-	GH13	1	-	-
megahit-co__c012587_1	-	-	-	AA3_2+AA3_2	1	-	-
megahit-co__c012587_2	-	-	-	GH36	1	-	-
megahit-co__c012588_1	-	-	GT2(1-265)	GT2	2	GT2	-
megahit-co__c012613_6	-	-	-	GT2	1	-	-
megahit-co__c012621_1	-	GH28(176-532)	GH28_e199(176-537)	GH28	3	GH28_e199	pectin
megahit-co__c012646_7	-	-	-	GH84	1	-	-
megahit-co__c012653_1	-	-	-	GH18	1	-	-
megahit-co__c012658_6	3.2.1.22:25	GH36(12-710)	GH36_e0(12-709)	GH36	3	GH36_e0	alpha-galactan
megahit-co__c012668_51	-	-	-	GH0	1	-	-
megahit-co__c012668_62	-	-	-	GT2	1	-	-
megahit-co__c012677_1	-	GT2(3-174)	GT2(3-173)	GT2	3	GT2	-
megahit-co__c012683_2	5.4.99.15:10	GH13_26(25-190)	GH13_e468(26-253)	GH13_26	3	GH13_26	alpha-glucan
megahit-co__c012695_1	-	-	-	GH33	1	-	-
megahit-co__c012695_3	-	-	-	CBM35	1	-	-
megahit-co__c012703_1	-	-	-	GT2	1	-	-
megahit-co__c012745_1	-	GH57_6(24-317)	GH57_e36(24-317)	GH57_6	3	GH57_6	-
megahit-co__c012749_1	-	-	-	GT2	1	-	-
megahit-co__c012756_8	-	GH177(56-401)	GH177_e8(56-401)	GH177	3	GH177_e8	host glycan
megahit-co__c012763_1	-	GT4(148-279)	GT4_e2206(148-279)	GT4	3	GT4_e2206	-
megahit-co__c012773_13	-	-	-	GH13_26	1	-	-
megahit-co__c012784_5	-	-	-	GH2_1	1	-	-
megahit-co__c012796_1	-	-	-	GT1	1	-	-
megahit-co__c012797_4	-	GT5(2-494)	GT5_e40(2-493)	GT5	3	GT5_e40	-
megahit-co__c012804_10	-	-	-	GH171	1	-	-
megahit-co__c012804_12	-	-	-	GH2_18	1	-	-
megahit-co__c012811_24	-	GT1(18-415)	GT1_e129(9-413)	GT1	3	GT1_e129	-
megahit-co__c012812_4	-	GT9(1-114)	GT9_e298(1-114)	-	2	GT9_e298	-
megahit-co__c012835_158	2.4.1.1:9	GT35(261-610)	GT35_e7(114-631)	GT35	3	GT35_e7	-
megahit-co__c012835_180	-	GH36(53-437)	GH36_e80(94-437)	AAC38607.1+GH36	3	GH36_e80	-
megahit-co__c012835_181	-	-	-	GH2_10	1	-	-
megahit-co__c012835_59	-	GH154(4-331)	GH154_e34(1-331)	GH154	3	GH154_e34	arabinogalactan
megahit-co__c012835_60	3.2.1.31:87	GH2_3(24-560)	GH2_e29(25-560)	GH2_3	3	GH2_3	beta-glucuronan
megahit-co__c012835_61	-	GH140(16-353)	GH140_e38(11-352)	GH140	3	GH140_e38	pectin
megahit-co__c012838_1	-	-	-	GT1	1	-	-
megahit-co__c012838_3	3.2.1.68:15	GH13_11(2-251)	GH13_e48(4-251)	AAL94995.1+CBM48+GH13_11	3	GH13_11	alpha-glucan
megahit-co__c012843_1	-	AA3_4(72-370)	-	-	1	-	-
megahit-co__c012847_34	-	GH29(6-378)	GH29_e64(6-378)	GH29	3	GH29_e64	host glycan
megahit-co__c012847_40	-	GT4(194-341)	GT4_e3462(195-342)	GT4	3	GT4_e3462	-
megahit-co__c012847_49	3.2.1.177:12	GH31_3(239-668)	GH31_e31(239-668)	GH31_3	3	GH31_3	xyloglucan
megahit-co__c012849_6	2.4.1.1:9	GT35(257-638)	GT35_e7(111-644)	GT35	3	GT35_e7	-
megahit-co__c012870_53	-	GT4(226-385)	GT4_e8504(225-385)	GT4	3	GT4_e8504	-
megahit-co__c012877_7	-	-	-	GT4	1	-	-
megahit-co__c012882_1	-	-	-	GT0	1	-	-
megahit-co__c012906_14	-	CE4(24-143)	CE4_e52(28-138)	-	2	CE4_e52	-
megahit-co__c012906_15	-	-	GH75_e25(147-240)	-	1	-	chitosan
megahit-co__c012920_19	-	GT26(59-236)	GT26_e282(59-236)	GT26	3	GT26_e282	-
megahit-co__c012934_11	-	-	-	GT4	1	-	-
megahit-co__c012955_1	-	GH92(266-768)	GH92_e13(266-765)	GH92	3	GH92_e13	host glycan
megahit-co__c012969_1	-	-	-	GT121	1	-	-
megahit-co__c012970_3	-	CE11(5-227)	CE11_e42(5-279)	CE11	3	CE11_e42	exo-polysaccharide
megahit-co__c012973_12	-|-	GH130_6(9-269)+GH130_6(280-577)	GH130_e15(10-265)+GH130_e37(280-577)	GH130_6+GH130	3	GH130_6|GH130_6	beta-mannan
megahit-co__c012974_1	-	-	-	GT2	1	-	-
megahit-co__c012976_6	-	CE1(404-628)	-	-	1	-	-
megahit-co__c012976_8	-	CE4(70-206)	CE4_e95(70-205)	-	2	CE4_e95	-
megahit-co__c012979_1	-	-	-	GH3	1	-	-
megahit-co__c012986_7	-	CE11(4-273)	CE11_e61(4-273)	CE11	3	CE11_e61	exo-polysaccharide
megahit-co__c012990_4	-	-	-	GH16	1	-	-
megahit-co__c013011_3	-	-	-	CBM48+GH13_8+GH13_8	1	-	-
megahit-co__c013014_2	-	-	-	GH1	1	-	-
megahit-co__c013019_1	-	-	-	GT2	1	-	-
megahit-co__c013036_1	-	-	-	CBM50	1	-	-
megahit-co__c013046_17	-	-	-	CBM50	1	-	-
megahit-co__c013046_37	-	-	-	GH5_11	1	-	-
megahit-co__c013046_48	2.4.1.230:11	GH65(326-715)	GH65_e4(326-714)	GH65	3	GH65_e4	alpha-glucan
megahit-co__c013046_6	-	-	-	CBM13	1	-	-
megahit-co__c013063_2	-	-	GT2(1-142)	GT2	2	GT2	-
megahit-co__c013076_1	-|-	GT2(198-341)	GT2(3-136)+GT2(197-397)	GT2	3	GT2|GT2	-
megahit-co__c013082_2	-	CE9(7-371)	CE9_e159(8-371)	CE9	3	CE9_e159	host glycan
megahit-co__c013086_15	-	GT51(58-232)	GT51_e33(58-232)	GT51	3	GT51_e33	-
megahit-co__c013114_2	-	GT2(208-390)	GT2(206-435)	GT2	3	GT2	-
megahit-co__c013115_89	-	AA6(55-152)	-	-	1	-	-
megahit-co__c013119_1	-|-	-	GH36_e4(249-448)+GH36_e118(386-560)	GH36	2	GH36_e4|GH36_e118	-
megahit-co__c013129_2	-	GT51(3-179)	GT51_e181(4-179)	AAM71424.1+GT51	3	GT51_e181	-
megahit-co__c013150_11	-	GT2(7-144)	GT2(7-144)	GT2	3	GT2	-
megahit-co__c013154_4	-	GT2(43-169)	GT2(43-168)	GT2	3	GT2	-
megahit-co__c013157_5	-	-	-	CBM32	1	-	-
megahit-co__c013176_4	3.2.1.49:3	GH109(45-195)	GH109_e1(46-195)	-	2	GH109_e1	host glycan
megahit-co__c013183_104	-	-	CBM50_e464(182-224)	CBM50	2	CBM50_e464	chitin
megahit-co__c013183_15	3.2.1.21:71;3.2.1.23:2;3.2.1.38:3;3.2.1.-:11	GH1(2-441)	GH1_e113(2-440)	GH1	3	GH1_e113	beta-fucosides;beta-galactan;beta-glucan;polyphenol
megahit-co__c013183_16	2.4.1.20:14	GH94(2-810)	GH94_e12(2-810)	GH94	3	GH94_e12	cellulose
megahit-co__c013183_217	-	-	-	CE4	1	-	-
megahit-co__c013183_293	-	-	-	GH47	1	-	-
megahit-co__c013183_307	3.2.1.26:13	GH32(7-290)	GH32_e0(7-290)	GH32	3	GH32_e0	fructan
megahit-co__c013183_37	-	-	-	GT4	1	-	-
megahit-co__c013183_4	-|-|-	-	CBM48_e59(27-92)+CBM48_e59(146-210)+CBM48_e59(270-337)	CBM48	2	CBM48_e59|CBM48_e59|CBM48_e59	alpha-glucan
megahit-co__c013183_5	3.2.1.41:14|3.2.1.41:14|3.2.1.41:12	CBM41(22-120)+GH13_14(383-701)	CBM41_e6(22-118)+CBM48_e41(223-306)+GH13_e300(383-701)	CBM41+CBM48+GH13_14	3	CBM41_e6|CBM48_e41|GH13_14	alpha-glucan;beta-glucan
megahit-co__c013183_66	-	-	-	GH28	1	-	-
megahit-co__c013189_45	2.4.1.1:9	GT35(267-637)	GT35_e7(121-654)	GT35	3	GT35_e7	-
megahit-co__c013189_5	-	-	-	GH1	1	-	-
megahit-co__c013189_50	-	-	-	GH13_11	1	-	-
megahit-co__c013189_6	-	-	-	GT4	1	-	-
megahit-co__c013189_7	-	-	-	GH13_48	1	-	-
megahit-co__c013197_3	-	-	-	GH23	1	-	-
megahit-co__c013204_11	-|-	GH23(97-231)	GH23_e731(97-231)+CBM50_e623(417-459)	GH23	3	GH23_e731|CBM50_e623	chitin
megahit-co__c013204_21	-	GH171(143-490)	GH171_e26(143-490)	GH171	3	GH171_e26	peptidoglycan
megahit-co__c013226_8	-	-	-	GT2	1	-	-
megahit-co__c013227_3	-	-	-	GT1	1	-	-
megahit-co__c013231_2	-	-	-	GH13_16	1	-	-
megahit-co__c013236_7	-	-	-	GT4	1	-	-
megahit-co__c013247_6	-	GH168(33-278)	GH168_e4(33-279)	GH141+GH168	3	GH168_e4	fucoidan
megahit-co__c013248_2	-	GH13(5-177)	GH13_e148(1-176)	GH13	3	GH13_e148	-
megahit-co__c013263_2	-	GT11(1-133)	GT11_e10(1-133)	-	2	GT11_e10	-
megahit-co__c013278_15	-	-	-	CE4	1	-	-
megahit-co__c013298_2	-	-	GT4_e7432(213-342)	GT4	2	GT4_e7432	-
megahit-co__c013298_5	-	-	-	GT4	1	-	-
megahit-co__c013301_2	-	GT4(205-355)	GT4_e5582(206-353)	GT4	3	GT4_e5582	-
megahit-co__c013301_6	-	GT9(75-322)	GT9_e65(75-319)	GT9	3	GT9_e65	-
megahit-co__c013306_2	-	-	-	GH13_23	1	-	-
megahit-co__c013313_1	-	GT2(153-335)	GT2(151-432)	GT2	3	GT2	-
megahit-co__c013317_6	-	PL1(86-256)	PL1_e6(88-254)	PL1	3	PL1_e6	-
megahit-co__c013317_7	3.2.1.-:2	GH127(9-344)	GH127_e5(1-344)	GH127	3	GH127_e5	pectin
megahit-co__c013322_3	-	-	-	GH13_48	1	-	-
megahit-co__c013323_2	-	GH126(2-116)	GH126_e10(1-114)	-	2	GH126_e10	alpha-glucan
megahit-co__c013337_1	3.2.1.199:4	GH188(5-226)	GH188_e0(6-203)	-	2	GH188_e0	glycolipid
megahit-co__c013344_17	-	GT83(65-424)	-	-	1	-	-
megahit-co__c013344_58	-	-	-	CBM50	1	-	-
megahit-co__c013344_65	-	-	-	GT2	1	-	-
megahit-co__c013344_94	-	AA3(2-400)	-	-	1	-	-
megahit-co__c013349_5	-	GH13_48(43-350)	GH13_e116(40-347)	GH13	3	GH13_48	-
megahit-co__c013356_1	-	GH23(5-168)	GH23_e23(5-168)	GH23	3	GH23_e23	-
megahit-co__c013358_1	-	-	CBM67_e56(137-235)	GH78	2	CBM67_e56	rhamnose
megahit-co__c013364_1	-	-	-	GT1	1	-	-
megahit-co__c013365_1	-	-	-	GT1	1	-	-
megahit-co__c013370_20	-	-	-	GT4	1	-	-
megahit-co__c013370_3	-	-	-	GH13_26	1	-	-
megahit-co__c013374_3	-	-	-	CE4	1	-	-
megahit-co__c013375_2	-	-	-	GT4	1	-	-
megahit-co__c013395_6	-	-	-	GH13_22+GH13_22+GT5	1	-	-
megahit-co__c013402_1	-	GT66(10-307)	GT66_e9(1-309)	GT66	3	GT66_e9	-
megahit-co__c013432_2	-	-	-	CE4	1	-	-
megahit-co__c013433_5	-|-	GH13_21(181-496)	CBM34_e19(26-105)+GH13_e88(181-496)	GH13_21	3	CBM34_e19|GH13_21	alpha-glucan
megahit-co__c013448_4	-	-	GT4_e8262(216-325)	AAM71444.1+GT0	2	GT4_e8262	-
megahit-co__c013450_1	-	GH179(23-195)	GH179_e0(23-195)	-	2	GH179_e0	chitin
megahit-co__c013455_11	-	GT2(12-151)	GT2(12-132)	GT2	3	GT2	-
megahit-co__c013455_12	-	GT26(51-217)	GT26_e4(53-217)	GT26	3	GT26_e4	-
megahit-co__c013455_13	-	-	-	GT0	1	-	-
megahit-co__c013455_21	-	GT4(200-346)	GT4_e2089(200-345)	GT4	3	GT4_e2089	-
megahit-co__c013455_6	-	GT4(178-314)	GT4_e5054(178-314)	GT4	3	GT4_e5054	-
megahit-co__c013463_1	-	GH13_48(56-364)	GH13_e116(55-364)	GH13	3	GH13_48	-
megahit-co__c013470_15	2.4.1.319:4;2.4.1.320:2	GH130_2(26-321)	GH130_e13(26-321)	GH130_2	3	GH130_2	beta-mannan
megahit-co__c013470_17	-	-	-	GH130_1	1	-	-
megahit-co__c013478_2	-	CE16(27-293)	CE16_e57(29-292)	CE0	3	CE16_e57	xylan
megahit-co__c013518_3	-	-	-	GT4	1	-	-
megahit-co__c013521_2	-	GT2(4-119)	GT2(4-165)	GT2	3	GT2	-
megahit-co__c013529_2	-	GT2(1-107)	GT2(1-107)	AAS11939.1+GT2	3	GT2	-
megahit-co__c013551_2	-	-	-	GT4	1	-	-
megahit-co__c013551_3	-	-	-	GH1	1	-	-
megahit-co__c013567_2	-	-	-	GH23	1	-	-
megahit-co__c013605_2	-	GH31_4(217-411)	GH31_e121(217-411)	GH31_4	3	GH31_4	-
megahit-co__c013608_3	-	-	-	GT66	1	-	-
megahit-co__c013611_6	-	-	-	GT31	1	-	-
megahit-co__c013613_2	-	-	-	AAS11950.1+GT2	1	-	-
megahit-co__c013613_3	-	GT2(4-111)	GT2(4-114)	-	2	GT2	-
megahit-co__c013622_1	-	-	-	GT2	1	-	-
megahit-co__c013629_1	2.4.1.25:21	GH77(11-375)	GH77_e26(11-377)	GH77	3	GH77_e26	alpha-glucan
megahit-co__c013630_1	-	-	-	PL10_1	1	-	-
megahit-co__c013666_1	-	-	-	GH92	1	-	-
megahit-co__c013671_3	-	-	-	GT51	1	-	-
megahit-co__c013677_1	3.2.1.21:20;3.2.1.-:4	GH3(3-92)	GH3_e1(2-92)	GH3	3	GH3_e1	beta-glucan;xyloglucan
megahit-co__c013680_1	-	GH3(3-171)	GH3_e120(2-171)	GH3	3	GH3_e120	-
megahit-co__c013687_3	-	-	-	GH24	1	-	-
megahit-co__c013697_27	-	GT2(6-171)	GT2(6-170)	GT2	3	GT2	-
megahit-co__c013697_28	-	GT2(6-176)	GT2(6-176)	GT2	3	GT2	-
megahit-co__c013697_48	-	-	-	CBM5	1	-	-
megahit-co__c013697_81	-	AA10(30-208)	AA10_e64(30-208)	AA10+CBM12	3	AA10_e64	-
megahit-co__c013699_2	-	-	-	GT1	1	-	-
megahit-co__c013710_1	5.4.99.16:7	GH13_16(39-397)	GH13_e0(39-397)	GH13_16	3	GH13_16	alpha-glucan
megahit-co__c013710_2	-	-	-	GH13_3	1	-	-
megahit-co__c013711_2	-	-	-	GT2	1	-	-
megahit-co__c013720_6	-	-	GT4_e15(270-384)	GT4	2	GT4_e15	-
megahit-co__c013720_7	-	GT2(3-105)	GT2(1-98)	GT2	3	GT2	-
megahit-co__c013746_1	-	-	-	GT32	1	-	-
megahit-co__c013771_3	-	GT2(14-77)	GT2(7-77)	-	2	GT2	-
megahit-co__c013790_4	-	-	GT4_e4657(204-314)	GT0	2	GT4_e4657	-
megahit-co__c013790_6	-	GT4(204-327)	GT4_e3299(204-328)	GT4	3	GT4_e3299	-
megahit-co__c013809_24	-	-	-	GT50	1	-	-
megahit-co__c013834_2	-	-	-	GH36	1	-	-
megahit-co__c013874_3	-	GH179(4-175)	GH179_e0(4-173)	-	2	GH179_e0	chitin
megahit-co__c013900_2	-	-	-	GT4	1	-	-
megahit-co__c013903_1	-	-	-	GT2	1	-	-
megahit-co__c013911_1	-	-	-	CBM47	1	-	-
megahit-co__c013921_1	-	GT119(27-202)	GT119_e127(29-206)	GT119	3	GT119_e127	peptidoglycan
megahit-co__c013944_1	-	-	-	GT2	1	-	-
megahit-co__c013944_2	-	-	-	GT2	1	-	-
megahit-co__c013947_2	-	GH3(5-93)	GH3_e300(1-93)	GH3	3	GH3_e300	-
megahit-co__c013950_2	2.4.1.129:2	GT119(27-363)	GT119_e146(27-363)	GT119	3	GT119_e146	peptidoglycan
megahit-co__c013950_30	-|-	GT41(133-613)+GT4(935-1078)	GT41_e59(58-608)+GT4_e5561(939-1066)	GT41+GT4	3	GT41_e59|GT4_e5561	-
megahit-co__c013959_9	-	-	-	AAG19276.1+CBM5	1	-	-
megahit-co__c013971_1	-	-	-	GT2	1	-	-
megahit-co__c013991_3	-	GT4(7-139)	GT4_e367(1-139)	GT4	3	GT4_e367	-
megahit-co__c013996_1	-	-	-	GH13_31	1	-	-
megahit-co__c013997_5	-	GT12(9-163)	GT12_e1(9-165)	GT12	3	GT12_e1	-
megahit-co__c013998_2	-	GT4(197-328)	GT4_e7898(195-330)	GT4	3	GT4_e7898	-
megahit-co__c014014_1	-	-	-	GT0	1	-	-
megahit-co__c014019_4	-	-	-	GT0	1	-	-
megahit-co__c014024_2	-	GT4(71-226)	GT4_e1613(71-226)	GT4	3	GT4_e1613	-
megahit-co__c014035_4	-	-	-	GH4	1	-	-
megahit-co__c014061_1	3.2.1.41:4	-	CBM48_e99(258-354)	CBM48+GH13_13	2	CBM48_e99	alpha-glucan
megahit-co__c014070_2	-	-	-	GH131	1	-	-
megahit-co__c014076_1	-	-	-	GH2_1	1	-	-
megahit-co__c014095_1	3.2.1.4:2;3.2.1.151:5	-	GH74_e19(74-211)	GH0	2	GH74_e19	cellulose;xyloglucan
megahit-co__c014098_1	-	GH20(145-420)	GH20_e181(146-420)	GH20	3	GH20_e181	-
megahit-co__c014110_2	-	GH20(148-447)	GH20_e111(150-447)	GH20	3	GH20_e111	-
megahit-co__c014117_1	-	GT35(14-358)	GT35_e2(21-320)	GT35	3	GT35_e2	-
megahit-co__c014121_2	-	CE19(52-192)	-	-	1	-	-
megahit-co__c014152_1	-	-	-	CBM50	1	-	-
megahit-co__c014168_1	-	GT4(186-338)	GT4_e5609(186-338)	GT4	3	GT4_e5609	-
megahit-co__c014170_1	-	-	-	GT2	1	-	-
megahit-co__c014180_2	-	GT2(7-111)	GT2(7-124)	GT2	3	GT2	-
megahit-co__c014183_1	-	-	-	GH26	1	-	-
megahit-co__c014186_1	-	AA4(7-198)	-	-	1	-	-
megahit-co__c014194_2	3.2.1.52:4	GH3(65-283)	GH3_e199(65-283)	GH3	3	GH3_e199	chitin
megahit-co__c014203_3	-	-	-	GH0	1	-	-
megahit-co__c014212_1	2.4.1.99:3;3.2.1.26:7;3.2.1.64:3;3.2.1.65:10;3.2.1.80:10;3.2.1.153:5	GH32(162-272)	GH32_e16(160-272)	GH32	3	GH32_e16	fructan
megahit-co__c014213_23	-	-	-	GH71	1	-	-
megahit-co__c014219_1	-	GT2(6-166)	GT2(6-166)	GT2	3	GT2	-
megahit-co__c014223_110	-	-	-	CBM57	1	-	-
megahit-co__c014223_123	-	GT4(186-336)	GT4_e1968(188-336)	GT4	3	GT4_e1968	-
megahit-co__c014223_131	-	-	-	GT4	1	-	-
megahit-co__c014223_148	-	GT51(92-257)	GT51_e125(102-257)	GT51	3	GT51_e125	-
megahit-co__c014223_22	-	-	-	GT2	1	-	-
megahit-co__c014223_29	-|3.2.1.39:5	CBM13(396-487)+CBM13(489-623)+CBM13(580-671)	CBM13_e429(394-534)+CBM13_e183(489-671)	CBM13	3	CBM13_e429|CBM13_e183	xylan
megahit-co__c014223_48	-	GT2(4-162)	GT2(4-165)	GT2	3	GT2	-
megahit-co__c014223_49	-	-	-	GT47	1	-	-
megahit-co__c014223_59	-	GT4(190-336)	GT4_e1377(190-336)	GT4	3	GT4_e1377	-
megahit-co__c014223_62	-	GH39(86-411)	GH39_e69(86-392)	GH39	3	GH39_e69	-
megahit-co__c014225_3	-	-	-	GH5_11	1	-	-
megahit-co__c014239_1	-	-	-	GH13_26	1	-	-
megahit-co__c014239_3	3.2.1.68:3	CBM48(24-116)	CBM48_e98(23-116)	CBM48+GH13_11	3	CBM48_e98	alpha-glucan
megahit-co__c014278_1	-	-	-	GT4	1	-	-
megahit-co__c014290_1	-	-	-	GH97	1	-	-
megahit-co__c014296_11	-	-	-	GT2	1	-	-
megahit-co__c014296_22	-	-	-	CBM0	1	-	-
megahit-co__c014296_3	-	-	-	CE6	1	-	-
megahit-co__c014296_49	-	-	-	GH13	1	-	-
megahit-co__c014296_51	-	-	-	GH13	1	-	-
megahit-co__c014298_112	2.4.1.1:9	GT35(272-647)	GT35_e7(125-651)	GT35	3	GT35_e7	-
megahit-co__c014298_126	-	-	-	GH13_31	1	-	-
megahit-co__c014298_144	-	-	-	GH0	1	-	-
megahit-co__c014298_57	-	-	-	GT1	1	-	-
megahit-co__c014298_71	-	-	-	GH71	1	-	-
megahit-co__c014298_81	-	-	-	GH27	1	-	-
megahit-co__c014324_2	-	-	-	GH13_30	1	-	-
megahit-co__c014324_5	3.2.1.52:18	GH20(166-505)	GH20_e12(164-505)	GH20	3	GH20_e12	host glycan
megahit-co__c014324_8	-	-	-	GT50	1	-	-
megahit-co__c014335_2	-	GH68(5-403)	GH68_e12(8-402)	GH68_2	3	GH68_e12	fructan
megahit-co__c014335_3	4.2.2.10:7	PL1_8(1-75)	PL1_e8(1-75)	PL1_8	3	PL1_8	pectin
megahit-co__c014343_1	-	GT51(216-362)	GT51_e270(212-376)	GT51	3	GT51_e270	-
megahit-co__c014344_1	-	GT119(20-264)	GT119_e120(26-266)	GT119	3	GT119_e120	peptidoglycan
megahit-co__c014351_11	-	CE4(40-150)	CE4_e56(39-132)	-	2	CE4_e56	-
megahit-co__c014351_6	-	-	-	GT4	1	-	-
megahit-co__c014351_7	-	GT4(196-342)	GT4_e1179(198-343)	GT4	3	GT4_e1179	-
megahit-co__c014351_9	-	-	GT4_e4541(229-366)	GT0	2	GT4_e4541	-
megahit-co__c014356_12	-	CBM67(31-181)	CBM67_e85(31-181)	CBM67	3	CBM67_e85	rhamnose
megahit-co__c014356_18	-|-	GH10(240-528)	CBM85_e12(65-181)+GH10_e226(241-528)	GH10	3	CBM85_e12|GH10_e226	beta-glucan
megahit-co__c014356_2	-	-	-	GT1	1	-	-
megahit-co__c014356_21	-	GH140(139-541)	GH140_e30(140-526)	GH140	3	GH140_e30	pectin
megahit-co__c014356_25	-	-	-	CBM48	1	-	-
megahit-co__c014358_2	-	CBM50(114-156)	CBM50_e58(114-156)	-	2	CBM50_e58	chitin
megahit-co__c014363_1	-	-	-	GT4	1	-	-
megahit-co__c014369_5	-	-	-	GH13_1+GH13_1	1	-	-
megahit-co__c014380_2	-	GT2(26-191)	GT2(26-190)	GT2	3	GT2	-
megahit-co__c014414_3	-	-	-	GT2	1	-	-
megahit-co__c014416_1	-	GT4(2-125)	GT4_e149(2-119)	GT4	3	GT4_e149	-
megahit-co__c014418_1	-	GH19(41-163)	GH19_e48(28-174)	GH19_1	3	GH19_e48	-
megahit-co__c014430_38	-	-	-	GT2	1	-	-
megahit-co__c014430_4	-	-	-	GH13	1	-	-
megahit-co__c014430_78	-	GT83(14-461)	GT83_e131(15-472)	GT83	3	GT83_e131	-
megahit-co__c014430_79	-	GT2(4-163)	GT2(4-162)	GT2	3	GT2	-
megahit-co__c014456_1	-	GT107(41-261)	GT107_e0(13-261)	GT107	3	GT107_e0	-
megahit-co__c014457_10	3.2.1.25:3	GH2_13(6-699)	GH2_e138(6-690)	GH2_13	3	GH2_13	beta-mannan
megahit-co__c014457_3	2.4.1.319:4;2.4.1.320:2	GH130_2(32-327)	GH130_e13(32-327)	GH130_2	3	GH130_2	beta-mannan
megahit-co__c014457_5	-	GH5(163-444)	-	GH0	2	GH5	-
megahit-co__c014457_6	-	GH5_36(5-294)	GH5_e585(5-294)	GH5_36	3	GH5_36	-
megahit-co__c014484_2	-	-	GT2(6-193)	GT2	2	GT2	-
megahit-co__c014515_1	-	GH146(1-242)	GH146_e41(1-242)	GH146	3	GH146_e41	arabinan
megahit-co__c014518_2	-	-	GT2(1-162)	GT2	2	GT2	-
megahit-co__c014524_8	-	GT51(82-257)	GT51_e59(85-257)	GT51	3	GT51_e59	-
megahit-co__c014539_1	-	-	-	GT2	1	-	-
megahit-co__c014544_1	-	-	-	GT2	1	-	-
megahit-co__c014549_2	-	GT19(5-335)	GT19_e13(5-335)	GT19	3	GT19_e13	-
megahit-co__c014559_4	-	-	-	GT0	1	-	-
megahit-co__c014572_1	-	GH186(53-523)	GH186_e1(54-523)	GH186	3	GH186_e1	beta-glucan
megahit-co__c014579_3	-	-	-	GT47	1	-	-
megahit-co__c014584_2	-	CE4(44-162)	CE4_e648(56-148)	-	2	CE4_e648	-
megahit-co__c014595_9	-	GT2(9-178)	GT2(9-191)	GT2	3	GT2	-
megahit-co__c014600_5	-	-	-	GT32	1	-	-
megahit-co__c014609_3	-	CE4(58-284)	-	-	1	-	-
megahit-co__c014612_1	-	GH18(11-247)	GH18_e732(2-245)	GH18	3	GH18_e732	-
megahit-co__c014658_3	-	GT83(8-254)	GT83_e53(4-233)	GT83	3	GT83_e53	-
megahit-co__c014672_3	-	-	-	GH2_1	1	-	-
megahit-co__c014682_8	-	-	-	GH29	1	-	-
megahit-co__c014727_2	-	PL10_2(121-404)	PL10_e4(121-403)	PL10_2	3	PL10_2	pectin
megahit-co__c014731_2	-	-	-	GT5	1	-	-
megahit-co__c014736_1	-	GT4(122-246)	GT4_e3572(122-250)	GT4	3	GT4_e3572	-
megahit-co__c014749_1	-	GT2(7-124)	GT2(7-248)	GT2	3	GT2	-
megahit-co__c014750_2	3.2.1.78:15	GH5_8(53-228)	GH5_e22(53-228)	AAA72861.1+GH5_8	3	GH5_8	beta-mannan
megahit-co__c014764_18	-	GH18(147-512)	GH18_e777(148-512)	CBM12+GH18	3	GH18_e777	-
megahit-co__c014764_22	-	-	-	GH13_23	1	-	-
megahit-co__c014766_1	-	GT2(6-145)	GT2(6-136)	GT2	3	GT2	-
megahit-co__c014777_18	-	GT4(190-343)	GT4_e3025(193-342)	GT4	3	GT4_e3025	-
megahit-co__c014797_1	-	-	-	GT2	1	-	-
megahit-co__c014797_4	-	-	-	GH5_11	1	-	-
megahit-co__c014799_2	-	-	GT2(21-144)	GT2	2	GT2	-
megahit-co__c014801_3	-|-	GH191(180-313)	GH191_e21(20-134)+GH191_e21(174-312)	GH191	3	GH191_e21|GH191_e21	-
megahit-co__c014801_4	-	-	-	GH26	1	-	-
megahit-co__c014826_1	-	-	-	CE7	1	-	-
megahit-co__c014845_2	-	GT119(19-325)	GT119_e82(19-326)	AAM71536.1+GT119	3	GT119_e82	peptidoglycan
megahit-co__c014848_1	-	GH97(2-265)	GH97_e36(2-265)	GH97	3	GH97_e36	-
megahit-co__c014906_23	-	-	-	GT2	1	-	-
megahit-co__c014914_4	-	GH24(8-157)	GH24_e403(8-157)	GH24	3	GH24_e403	peptidoglycan
megahit-co__c014923_1	-	GH130_1(2-116)	GH130_e60(2-116)	GH130_1	3	GH130_1	beta-mannan
megahit-co__c014935_1	-	GT2(6-166)	GT2(6-164)	GT2	3	GT2	-
megahit-co__c014935_2	-	GT83(1-419)	GT83_e131(1-428)	GT83	3	GT83_e131	-
megahit-co__c014948_10	-	-	-	CBM12	1	-	-
megahit-co__c014972_2	3.2.1.49:3	-	CBM32_e89(2-57)	CBM32+GH31_18	2	CBM32_e89	host glycan
megahit-co__c014973_11	-	-	-	GH0	1	-	-
megahit-co__c014973_45	-	-	-	GH0	1	-	-
megahit-co__c014973_54	2.4.1.18:4|2.4.1.18:14	CBM48(35-121)+GH13_9(191-491)	CBM48_e134(35-125)+GH13_e200(191-491)	CBM48+GH13_9	3	CBM48_e134|GH13_9	alpha-glucan
megahit-co__c014987_3	-	GT4(199-342)	GT4_e8100(200-338)	GT4	3	GT4_e8100	-
megahit-co__c014987_4	-	GT4(286-430)	GT4_e303(289-430)	GT4	3	GT4_e303	-
megahit-co__c015002_18	-	-	-	GT4	1	-	-
megahit-co__c015028_15	-	-	-	GH28	1	-	-
megahit-co__c015028_4	-	GT9(69-310)	GT9_e298(68-310)	GT9	3	GT9_e298	-
megahit-co__c015035_1	-	-	-	GH3	1	-	-
megahit-co__c015047_2	-	GH57_6(37-291)	GH57_e14(37-291)	GH57_6	3	GH57_6	-
megahit-co__c015054_109	-	-	-	GH131	1	-	-
megahit-co__c015054_119	-	-	-	GH130_3	1	-	-
megahit-co__c015054_12	-	GH23(45-166)	GH23_e302(45-166)	GH23	3	GH23_e302	-
megahit-co__c015054_124	-	GT9(66-312)	GT9_e222(67-311)	GT9	3	GT9_e222	-
megahit-co__c015054_13	-	GH23(239-387)	GH23_e527(238-388)	GH23	3	GH23_e527	-
megahit-co__c015054_133	-	GT119(32-353)	GT119_e68(26-354)	GT119	3	GT119_e68	peptidoglycan
megahit-co__c015054_279	-	-	-	GH0	1	-	-
megahit-co__c015054_335	-	-	-	GT47	1	-	-
megahit-co__c015054_469	-	-	-	GT50	1	-	-
megahit-co__c015054_50	-	-	-	GT9	1	-	-
megahit-co__c015054_55	-	-	GT121_e248(194-362)	-	1	-	bacterial outer membrane (OM) polysaccharides
megahit-co__c015054_554	-	GH23(51-172)	GH23_e584(51-163)	GH23	3	GH23_e584	-
megahit-co__c015054_57	-	-	-	GT2	1	-	-
megahit-co__c015054_58	-	GT4(197-331)	GT4_e774(198-330)	GT4	3	GT4_e774	-
megahit-co__c015054_589	-	GT83(5-467)	GT83_e70(7-474)	GT83	3	GT83_e70	-
megahit-co__c015054_59	-	-	-	GT4	1	-	-
megahit-co__c015054_602	-	GT9(72-300)	GT9_e241(71-300)	GT9	3	GT9_e241	-
megahit-co__c015054_634	-	-	-	GH0	1	-	-
megahit-co__c015054_698	-	GT28(190-325)	GT28_e77(191-326)	GT28	3	GT28_e77	-
megahit-co__c015054_81	-	-	-	GH13	1	-	-
megahit-co__c015054_88	-	-	-	GT4	1	-	-
megahit-co__c015054_91	-	GH63(30-436)	GH63_e36(32-432)	GH63	3	GH63_e36	-
megahit-co__c015058_14	-|-|-	CBM2(433-531)+CBM32(550-660)	GH16_e167(70-299)+CBM2_e121(432-531)+CBM32_e118(549-659)	CBM2+CBM32+GH16	3	GH16_e167|CBM2_e121|CBM32_e118	cellulose;host glycan
megahit-co__c015058_20	3.2.1.55:2|3.2.1.37:5;3.2.1.55:7	GH43_12(7-292)+CBM91(321-514)	GH43_e259(7-292)+CBM91_e19(321-512)	CBM91+GH43_12	3	GH43_12|CBM91_e19	xylan
megahit-co__c015058_22	-	GH2_1(7-584)	GH2_e20(8-584)	GH2_1	3	GH2_1	-
megahit-co__c015058_24	-	-	-	GH72	1	-	-
megahit-co__c015065_1	-	GH2_6(1-380)	GH2_e50(1-380)	GH2_6	3	GH2_6	-
megahit-co__c015068_2	-	-	-	GT1	1	-	-
megahit-co__c015080_2	-	GT9(5-121)	GT9_e298(2-121)	-	2	GT9_e298	-
megahit-co__c015090_5	-	-	-	GH5_11	1	-	-
megahit-co__c015103_7	-	-	-	GH13_48	1	-	-
megahit-co__c015107_2	-	-	-	CBM50	1	-	-
megahit-co__c015110_1	3.2.1.68:15	GH13_11(1-189)	GH13_e48(1-190)	CBM48+GH13_11	3	GH13_11	alpha-glucan
megahit-co__c015126_1	-	-	-	GH159	1	-	-
megahit-co__c015126_2	-	-	-	GH117	1	-	-
megahit-co__c015127_3	-	-	-	GT4	1	-	-
megahit-co__c015144_1	-	GT107(31-351)	GT107_e0(38-350)	GT107	3	GT107_e0	-
megahit-co__c015150_1	-	-	-	CBM35	1	-	-
megahit-co__c015185_1	-	-	-	GH0	1	-	-
megahit-co__c015189_14	-	-	-	GT4	1	-	-
megahit-co__c015190_7	-|-	-	AA2_e20(76-172)+AA2_e20(456-715)	AA0	2	AA2_e20|AA2_e20	lignin
megahit-co__c015212_1	-	GT2(11-126)	GT2(11-162)	GT2	3	GT2	-
megahit-co__c015212_2	-	-	-	GT2	1	-	-
megahit-co__c015230_1	-	-	-	GT51	1	-	-
megahit-co__c015235_2	-	GT119(3-234)	GT119_e70(2-234)	GT119	3	GT119_e70	peptidoglycan
megahit-co__c015265_1	-	GT81(140-347)	GT81_e12(148-347)	GT81	3	GT81_e12	-
megahit-co__c015277_1	-	GT2(100-262)	GT2(100-272)	GT2	3	GT2	-
megahit-co__c015279_1	-	-	-	GH13	1	-	-
megahit-co__c015302_36	-	-	-	GT47	1	-	-
megahit-co__c015302_72	-	-	-	GH101	1	-	-
megahit-co__c015302_81	-	GT4(217-371)	GT4_e255(217-370)	GT4	3	GT4_e255	-
megahit-co__c015302_93	-	-	GT25_e251(19-154)	-	1	-	-
megahit-co__c015307_2	-	-	-	CBM50	1	-	-
megahit-co__c015313_1	-	-	-	GH13_3	1	-	-
megahit-co__c015317_15	-	-	-	GH152	1	-	-
megahit-co__c015317_20	-	-	-	GH1	1	-	-
megahit-co__c015317_38	-	GH65(571-985)	GH65_e15(571-984)	GH65	3	GH65_e15	-
megahit-co__c015317_4	-	-	-	GH13_30	1	-	-
megahit-co__c015317_5	-	GT4(179-314)	GT4_e907(182-317)	GT4	3	GT4_e907	-
megahit-co__c015340_6	-	GT4(208-353)	GT4_e1731(210-352)	GT4	3	GT4_e1731	-
megahit-co__c015344_1	-	-	-	GT2	1	-	-
megahit-co__c015344_2	-	-	-	GT2	1	-	-
megahit-co__c015358_23	-	GT66(22-781)	GT66_e12(22-756)	GT66	3	GT66_e12	-
megahit-co__c015366_2	-	-	-	CBM50	1	-	-
megahit-co__c015369_2	-	-	-	GT26	1	-	-
megahit-co__c015386_1	-	GT5(3-230)	GT5_e32(3-274)	GT5	3	GT5_e32	-
megahit-co__c015386_2	-	GT5(55-383)	GT4_e585(207-352)	GT4	3	GT4_e585	-
megahit-co__c015390_1	-	-	-	GT2	1	-	-
megahit-co__c015400_3	-	-	-	GH0	1	-	-
megahit-co__c015413_4	-	-	-	GT1	1	-	-
megahit-co__c015424_9	-	GT19(29-384)	GT19_e2(29-383)	GT19	3	GT19_e2	-
megahit-co__c015434_4	-	-	-	CE4	1	-	-
megahit-co__c015458_1	-	GH43_34(31-167)	GH43_e650(31-167)	GH43_34	3	GH43_34	-
megahit-co__c015458_2	-	-	-	GH97	1	-	-
megahit-co__c015461_3	-	GT4(207-352)	GT4_e7117(209-353)	GT4	3	GT4_e7117	-
megahit-co__c015466_8	-	-	-	GT22	1	-	-
megahit-co__c015469_1	-	-	-	GH0	1	-	-
megahit-co__c015494_2	-	GH29(111-493)	GH29_e0(116-493)	GH29	3	GH29_e0	host glycan
megahit-co__c015509_11	-	-	-	GH0	1	-	-
megahit-co__c015509_21	-	-	-	CE14	1	-	-
megahit-co__c015509_26	-	-	-	CBM6	1	-	-
megahit-co__c015509_35	-|3.2.1.4:3	CBM2(39-138)+GH5_1(230-572)	CBM2_e6(39-138)+GH5_e650(230-572)	CBM2+GH5_1	3	CBM2_e6|GH5_1	beta-glucan;cellulose
megahit-co__c015509_43	5.4.99.16:7	GH13_16(28-379)	GH13_e0(28-379)	GH13_16	3	GH13_16	alpha-glucan
megahit-co__c015509_47	-|-	GH37(163-385)	GH37_e9(6-159)+GH37_e9(163-385)	GH37	3	GH37_e9|GH37_e9	trehalose
megahit-co__c015509_66	-	-	-	GH28	1	-	-
megahit-co__c015509_71	-	-	-	GH5_11	1	-	-
megahit-co__c015516_1	-	GH43(843-1135)	GH43_e168(842-1114)	GH43	3	GH43_e168	-
megahit-co__c015516_2	-	-	-	CBM50	1	-	-
megahit-co__c015524_6	-	-	-	GT4	1	-	-
megahit-co__c015532_1	-	-	-	GT22	1	-	-
megahit-co__c015534_58	-	-	GT4_e8673(222-362)	GT0	2	GT4_e8673	-
megahit-co__c015534_59	-	-	GT4_e8262(223-332)	GT0	2	GT4_e8262	-
megahit-co__c015537_4	-	-	-	AAS12663.1+GT51	1	-	-
megahit-co__c015542_1	-	-	-	GH36	1	-	-
megahit-co__c015563_18	-	-	-	GT4	1	-	-
megahit-co__c015588_10	-	GH130_9(12-307)	GH130_e3(12-307)	GH130_9	3	GH130_9	beta-mannan
megahit-co__c015592_1	-	-	-	CBM50	1	-	-
megahit-co__c015613_5	-	-	-	GH0	1	-	-
megahit-co__c015625_2	-	GH23(422-552)	GH23_e1323(424-550)	GH23	3	GH23_e1323	-
megahit-co__c015635_1	-	GT2(6-181)	GT2(6-182)	GT2	3	GT2	-
megahit-co__c015656_2	-	GT2(10-132)	GT2(10-235)	GT2	3	GT2	-
megahit-co__c015667_4	-	-	CBM50_e281(86-128)	CBM50	2	CBM50_e281	chitin
megahit-co__c015670_2	-	-	-	GT2	1	-	-
megahit-co__c015692_1	-	-	-	CE4	1	-	-
megahit-co__c015694_2	-	GT4(205-351)	GT4_e7395(213-353)	GT4	3	GT4_e7395	-
megahit-co__c015720_14	-	-	-	GH38	1	-	-
megahit-co__c015720_18	-	-	-	GT4	1	-	-
megahit-co__c015720_3	-	-	GT2(46-200)	GT2	2	GT2	-
megahit-co__c015720_4	-	GT4(196-337)	GT4_e1594(196-337)	GT4	3	GT4_e1594	-
megahit-co__c015731_1	-	GT83(34-327)	-	-	1	-	-
megahit-co__c015741_1	-	-	-	GH47	1	-	-
megahit-co__c015769_1	-	GT4(205-343)	GT4_e3489(205-344)	GT4	3	GT4_e3489	-
megahit-co__c015770_2	-	-	GT4_e452(154-209)	GT4	2	GT4_e452	-
megahit-co__c015784_2	-	GH177(43-346)	GH177_e4(44-207)	-	2	GH177_e4	host glycan
megahit-co__c015798_2	-	AA4(29-243)	AA4_e3(4-250)	-	2	AA4_e3	lignin
megahit-co__c015803_3	-	-	GT2(6-121)	GT2	2	GT2	-
megahit-co__c015813_6	-	-	-	GH5_11	1	-	-
megahit-co__c015825_2	-|-	GT2(178-372)+GT2(460-611)	GT2(178-407)+GT2(460-615)	GT2	3	GT2|GT2	-
megahit-co__c015831_1	-	GT2(8-148)	GT2(8-165)	GT2	3	GT2	-
megahit-co__c015840_1	-	-	-	GT35	1	-	-
megahit-co__c015847_1	-	AA7(40-251)	AA4_e3(9-248)	-	2	AA4_e3	lignin
megahit-co__c015858_2	-	GT4(193-337)	GT4_e3715(196-332)	GT4	3	GT4_e3715	-
megahit-co__c015858_29	-	GH177(67-417)	GH177_e3(67-417)	GH177	3	GH177_e3	host glycan
megahit-co__c015858_30	-	GH97(17-607)	GH97_e4(26-607)	GH97	3	GH97_e4	-
megahit-co__c015861_1	-	GH3(1-112)	GH3_e361(1-113)	AAM71338.1+GH3	3	GH3_e361	-
megahit-co__c015862_1	-	GT8(3-170)	GT8_e112(1-170)	GT8	3	GT8_e112	-
megahit-co__c015864_1	-	-	-	GT2	1	-	-
megahit-co__c015865_3	-	-	-	GH13_23	1	-	-
megahit-co__c015874_3	-	-	-	GT0	1	-	-
megahit-co__c015874_4	-	-	-	GT0	1	-	-
megahit-co__c015886_1	-	GH3(73-295)	GH3_e252(73-294)	GH3	3	GH3_e252	-
megahit-co__c015898_5	-	GH127(18-564)	GH127_e14(18-564)	GH127	3	GH127_e14	-
megahit-co__c015898_7	-	CE4(93-227)	CE4_e371(95-228)	-	2	CE4_e371	-
megahit-co__c015898_71	2.4.1.1:156	GT35(101-814)	GT35_e0(101-814)	GT35	3	GT35_e0	-
megahit-co__c015898_72	2.4.1.21:9	GT5(2-474)	GT5_e9(2-473)	GT5	3	GT5_e9	-
megahit-co__c015898_74	-	-	-	CBM48+GH13_9	1	-	-
megahit-co__c015898_75	2.4.1.18:51|2.4.1.18:14	CBM48(30-113)+GH13_9(187-481)	CBM48_e2(29-121)+GH13_e200(187-481)	CBM48+GH13_9	3	CBM48_e2|GH13_9	alpha-glucan
megahit-co__c015898_79	-|-	-	CBM50_e479(157-198)+CBM50_e479(298-341)	CBM50	2	CBM50_e479|CBM50_e479	chitin
megahit-co__c015914_5	-	GH188(3-181)	GH188_e1(4-182)	-	2	GH188_e1	glycolipid
megahit-co__c015917_5	-	-	-	GH1	1	-	-
megahit-co__c015920_3	-	-	-	GH5_11	1	-	-
megahit-co__c015931_1	-	-	-	GT9	1	-	-
megahit-co__c015947_1	-	-	CE14_e61(43-120)	-	1	-	-
megahit-co__c015947_2	-	-	GT2(2-202)	GT2	2	GT2	-
megahit-co__c015955_3	-	GT83(7-401)	GT83_e115(11-362)	-	2	GT83_e115	-
megahit-co__c015959_2	-|3.2.1.141:2	GH13_10(117-362)	CBM48_e189(3-96)+GH13_e258(117-362)	CBM48+GH13_10	3	CBM48_e189|GH13_10	alpha-glucan
megahit-co__c015964_1	-	GT2(202-326)	GT2(202-327)	GT2	3	GT2	-
megahit-co__c015979_2	-	-	GH13_e7(142-255)	GH13_33	2	GH13_e7	-
megahit-co__c015985_2	-	GT83(13-319)	GT83_e131(17-318)	-	2	GT83_e131	-
megahit-co__c015991_1	-	-	-	CE20	1	-	-
megahit-co__c015993_15	-	-	-	GT1	1	-	-
megahit-co__c016018_12	-	CE14(11-116)	CE14_e33(11-116)	CE14	3	CE14_e33	-
megahit-co__c016035_1	-	-	-	GH13_11	1	-	-
megahit-co__c016041_1	-|-	GH13_47(104-391)	CBM48_e97(1-45)+GH13_e84(103-391)	CBM48+GH13	3	CBM48_e97|GH13_47	alpha-glucan
megahit-co__c016050_3	-	-	-	GT4	1	-	-
megahit-co__c016054_24	-	-	-	GT1	1	-	-
megahit-co__c016054_26	-	-	-	GT1	1	-	-
megahit-co__c016054_3	-	-	-	GT2	1	-	-
megahit-co__c016054_4	-	-	-	GT1	1	-	-
megahit-co__c016054_5	-	-	-	GT2	1	-	-
megahit-co__c016054_7	-	-	-	GT2	1	-	-
megahit-co__c016072_2	-	-	-	GH1	1	-	-
megahit-co__c016076_1	-	-	-	GH0	1	-	-
megahit-co__c016081_12	-	-	-	GH101	1	-	-
megahit-co__c016081_22	-	-	-	CBM50	1	-	-
megahit-co__c016081_29	-	-	-	AA3_2+AA3_2	1	-	-
megahit-co__c016082_14	-	GT2(211-327)	GT2(211-327)	GT2	3	GT2	-
megahit-co__c016095_13	-	-	-	GT33	1	-	-
megahit-co__c016104_9	-	-	-	GH28	1	-	-
megahit-co__c016112_2	-	-	-	GH47	1	-	-
megahit-co__c016113_1	-	GH13_3(230-452)	GH13_e41(228-454)	GH13_3	3	GH13_3	-
megahit-co__c016123_2	-	-	-	CBM50	1	-	-
megahit-co__c016136_2	-	-	-	GH36	1	-	-
megahit-co__c016137_1	-	GT2(46-270)	GT2(46-270)	GT2	3	GT2	-
megahit-co__c016137_2	-	GT4(150-296)	GT4_e3304(148-297)	GT4	3	GT4_e3304	-
megahit-co__c016144_1	-	-	-	GT2	1	-	-
megahit-co__c016152_2	-	-	-	GH13	1	-	-
megahit-co__c016167_23	-	-	-	GH0	1	-	-
megahit-co__c016167_38	-	-	-	GT4	1	-	-
megahit-co__c016167_61	-	-	-	GH0	1	-	-
megahit-co__c016182_24	3.2.1.41:14|3.2.1.1:4;3.2.1.41:14;3.2.1.68:2;3.2.1.-:2|3.2.1.41:4|-	CBM41(37-135)+GH13_14(536-848)+CBM20(1026-1120)	CBM41_e6(37-133)+CBM48_e14(368-459)+GH13_e130(536-848)+CBM20_e33(1026-1120)	CBM20+CBM41+CBM48+GH13_14	3	CBM41_e6|CBM48_e14|GH13_14|CBM20_e33	-;alpha-glucan;beta-glucan
megahit-co__c016182_35	3.2.1.4:33|3.2.1.4:2	GH5_2(111-359)+CBM28(393-612)	GH5_e90(112-359)+CBM28_e1(393-612)	CBM28+GH5_2	3	GH5_2|CBM28_e1	beta-glucan;cellulose
megahit-co__c016188_2	-	-	-	CBM48+GH13_9	1	-	-
megahit-co__c016201_11	-	-	-	CBM47	1	-	-
megahit-co__c016201_5	-	-	-	GH29	1	-	-
megahit-co__c016201_6	-	-	-	GH29	1	-	-
megahit-co__c016207_3	-	-	-	GH13_26	1	-	-
megahit-co__c016210_1	-	CE14(9-116)	CE14_e24(10-116)	CE14	3	CE14_e24	-
megahit-co__c016237_1	-	-	-	CBM5	1	-	-
megahit-co__c016237_32	-	GT5(7-481)	GT5_e43(7-481)	GT5	3	GT5_e43	-
megahit-co__c016237_51	-	-	-	GT2	1	-	-
megahit-co__c016237_8	-|-|-	CBM63(148-223)+CBM32(271-386)	CBM63_e11(43-115)+CBM63_e11(148-222)+CBM32_e217(271-384)	CBM12+CBM32+CBM63	3	CBM63_e11|CBM63_e11|CBM32_e217	cellulose;host glycan
megahit-co__c016256_2	-	-	-	CE11	1	-	-
megahit-co__c016267_40	-	CE7(46-303)	-	-	1	-	-
megahit-co__c016281_1	-	CBM20(202-288)	CBM20_e28(202-286)	CBM20+GH13_32	3	CBM20_e28	alpha-glucan
megahit-co__c016298_1	-	-	-	GT2	1	-	-
megahit-co__c016314_2	-|-	CE4(21-99)	CE4_e457(21-99)+CBM12_e50(329-362)	CBM12+CE4	3	CE4_e457|CBM12_e50	chitin
megahit-co__c016326_4	-	-	GT121_e409(324-450)	-	1	-	bacterial outer membrane (OM) polysaccharides
megahit-co__c016350_1	-	-	-	GT4	1	-	-
megahit-co__c016371_16	-|-	CBM57(1885-2043)+CBM57(2231-2383)	CBM57_e46(1886-2043)+CBM57_e46(2231-2383)	CBM0	3	CBM57_e46|CBM57_e46	host glycan
megahit-co__c016371_17	-	CBM57(779-942)	CBM57_e19(781-942)	CBM57	3	CBM57_e19	host glycan
megahit-co__c016371_2	3.2.1.177:12	GH31_3(239-668)	GH31_e31(239-668)	GH31_3	3	GH31_3	xyloglucan
megahit-co__c016371_37	-	-	GT4_e4416(213-354)	GT4	2	GT4_e4416	-
megahit-co__c016384_2	-	-	GT121_e160(268-411)	GT121	2	GT121_e160	bacterial outer membrane (OM) polysaccharides
megahit-co__c016384_4	-	GT26(115-286)	GT26_e168(116-286)	GT26	3	GT26_e168	-
megahit-co__c016396_2	-	-	-	GH13_11	1	-	-
megahit-co__c016401_2	-|-	-	CBM50_e382(26-69)+CBM50_e382(91-134)	AAS11814.1+CBM50	2	CBM50_e382|CBM50_e382	chitin
megahit-co__c016402_1	-	GH50(4-406)	GH50_e15(2-406)	GH50	3	GH50_e15	-
megahit-co__c016416_11	-	-	-	GT1	1	-	-
megahit-co__c016416_19	-	CBM51(500-630)	CBM51_e34(500-630)	CBM0	3	CBM51_e34	host glycan
megahit-co__c016416_2	-	-	-	CBM60	1	-	-
megahit-co__c016419_29	-	-	-	GH9	1	-	-
megahit-co__c016434_1	-	-	-	GH28	1	-	-
megahit-co__c016490_2	-	-	GT2(20-238)	GT2	2	GT2	-
megahit-co__c016492_1	-	-	-	GT35	1	-	-
megahit-co__c016506_70	-	GT28(194-356)	GT28_e1(194-356)	GT28	3	GT28_e1	-
megahit-co__c016506_79	-	-	-	GT32	1	-	-
megahit-co__c016510_8	-|-	GH23(136-275)	GH23_e209(136-275)+CBM50_e21(386-427)	CBM50+GH23	3	GH23_e209|CBM50_e21	chitin
megahit-co__c016519_5	2.4.1.25:4;3.2.1.68:71|3.2.1.68:15	GH13_11(211-561)	CBM48_e3(40-142)+GH13_e48(210-561)	CBM48+GH13_11	3	CBM48_e3|GH13_11	alpha-glucan
megahit-co__c016525_5	-	AA3(26-473)	-	-	1	-	-
megahit-co__c016531_1	-	-	CBM50_e1783(101-148)	CBM50	2	CBM50_e1783	chitin
megahit-co__c016536_3	-	-	-	GH1	1	-	-
megahit-co__c016540_26	-	-	-	GT51	1	-	-
megahit-co__c016540_29	-	-	-	GT2	1	-	-
megahit-co__c016540_3	-	-	-	GH1	1	-	-
megahit-co__c016540_58	-	-	-	GT0	1	-	-
megahit-co__c016552_3	-	-	-	GT2	1	-	-
megahit-co__c016554_1	-	-	-	GT0	1	-	-
megahit-co__c016570_1	-	CE4(37-146)	-	-	1	-	-
megahit-co__c016570_2	-	CBM9(80-277)	-	-	1	-	-
megahit-co__c016572_2	-	GT4(77-231)	GT4_e4173(78-231)	GT4	3	GT4_e4173	-
megahit-co__c016573_1	-	-	-	GT2	1	-	-
megahit-co__c016593_1	-	-	-	GH13_26	1	-	-
megahit-co__c016597_1	-	-	-	GT9	1	-	-
megahit-co__c016616_1	-	-	-	GH13_16	1	-	-
megahit-co__c016630_10	-	-	-	GH28	1	-	-
megahit-co__c016630_18	-	-	-	GT2	1	-	-
megahit-co__c016634_5	-	-	-	GT9	1	-	-
megahit-co__c016636_2	-	-	-	GT51	1	-	-
megahit-co__c016637_2	-	-	-	GT4	1	-	-
megahit-co__c016642_1	-	-	-	GT2	1	-	-
megahit-co__c016686_2	4.2.2.29:3	GH104(12-154)	GH104_e26(12-154)	GH104	3	GH104_e26	peptidoglycan
megahit-co__c016690_3	-	AA7(367-567)	AA7_e9(367-565)	-	2	AA7_e9	-
megahit-co__c016697_2	-	-	-	GH28	1	-	-
megahit-co__c016701_1	-	-	PL42_e7(142-388)	GH105	2	PL42_e7	arabinogalactan
megahit-co__c016703_1	3.2.1.23:35	GH2_10(38-839)	GH2_e1(37-839)	GH2_10	3	GH2_10	beta-galactan
megahit-co__c016703_17	3.2.1.78:15|3.2.1.78:14	GH5_7(49-347)+CBM27(500-657)	GH5_e4(49-347)+CBM27_e4(500-657)	CBM27+GH5_7	3	GH5_7|CBM27_e4	beta-mannan
megahit-co__c016703_19	-	GT81(2-246)	GT81_e37(2-244)	GT81	3	GT81_e37	-
megahit-co__c016703_3	3.2.1.23:13	GH42(5-390)	GH42_e1(5-389)	GH42	3	GH42_e1	arabinogalactan
megahit-co__c016703_5	3.2.1.89:4|3.2.1.89:4	GH53(36-381)+CBM61(469-608)	GH53_e16(36-381)+CBM61_e0(469-608)	CBM61+GH53	3	GH53_e16|CBM61_e0	arabinogalactan;beta-galactan
megahit-co__c016715_2	-	GH13_48(296-392)	GH13_e150(293-445)	GH13	3	GH13_48	-
megahit-co__c016724_1	-	-	-	GT14	1	-	-
megahit-co__c016753_2	-	GT9(115-324)	GT9_e176(115-340)	GT9	3	GT9_e176	-
megahit-co__c016764_2	-	GT28(8-137)	GT28_e248(1-137)	-	2	GT28_e248	-
megahit-co__c016769_2	-	GH13(102-484)	GH13_e148(101-484)	AAM71992.1+GH13	3	GH13_e148	-
megahit-co__c016781_11	3.2.1.21:5	GH1(5-450)	GH1_e131(5-449)	GH1	3	GH1_e131	beta-glucan
megahit-co__c016781_3	-	-	-	GT2	1	-	-
megahit-co__c016781_4	-	-	-	GT2	1	-	-
megahit-co__c016796_2	-	-	-	GH38	1	-	-
megahit-co__c016805_3	-	GH177(42-200)	GH177_e4(43-189)	-	2	GH177_e4	host glycan
megahit-co__c016805_4	-	-	-	GH33	1	-	-
megahit-co__c016815_1	-	-	-	CE11	1	-	-
megahit-co__c016815_10	-	GT28(149-320)	GT28_e36(149-320)	GT28	3	GT28_e36	-
megahit-co__c016829_1	-	CBM51(437-525)	CBM51_e0(437-525)	CBM0	3	CBM51_e0	host glycan
megahit-co__c016840_1	-	-	-	GH131	1	-	-
megahit-co__c016840_10	-	GT119(17-382)	GT119_e145(19-382)	GT119	3	GT119_e145	peptidoglycan
megahit-co__c016840_8	-	-	-	GT28	1	-	-
megahit-co__c016840_9	-	GT28(201-360)	GT28_e43(201-360)	GT28	3	GT28_e43	-
megahit-co__c016845_2	-	-	-	GT22	1	-	-
megahit-co__c016871_1	-	-	-	GT4	1	-	-
megahit-co__c016872_9	-	PL10_3(124-420)	PL10_e12(124-420)	PL10_3	3	PL10_3	pectin
megahit-co__c016874_3	-	GT30(44-216)	GT30_e58(53-216)	AAM71835.1+GT30	3	GT30_e58	-
megahit-co__c016876_1	-	GT2(4-171)	GT2(5-171)	GT2	3	GT2	-
megahit-co__c016876_2	-	-	-	GT4	1	-	-
megahit-co__c016891_1	-	-	-	GT14	1	-	-
megahit-co__c016895_1	-	GT9(105-346)	GT9_e278(105-346)	GT9	3	GT9_e278	-
megahit-co__c016896_2	-	-	-	GT2	1	-	-
megahit-co__c016903_4	-	GT4(161-300)	GT4_e5256(160-300)	GT4	3	GT4_e5256	-
megahit-co__c016917_2	-	-	GT4_e2967(161-317)	GT0	2	GT4_e2967	-
megahit-co__c016931_15	-	GT2(7-176)	GT2(7-174)	GT2	3	GT2	-
megahit-co__c016931_7	-	-	-	GT4	1	-	-
megahit-co__c016956_1	-	-	GT1_e269(3-192)	AAM02190.1+GT1	2	GT1_e269	-
megahit-co__c016966_1	-	-	-	PL4_2	1	-	-
megahit-co__c016975_1	-	GH105(56-369)	GH105_e47(57-369)	GH105	3	GH105_e47	-
megahit-co__c016997_2	-	-	-	GT1	1	-	-
megahit-co__c017004_35	-	-	-	GH1	1	-	-
megahit-co__c017012_130	-	-	-	GT4	1	-	-
megahit-co__c017012_152	-	-	-	GH13_22+GH13_22+GT5	1	-	-
megahit-co__c017012_174	2.4.1.18:3	GH57_5(9-532)	GH57_e46(9-532)	GH57_5	3	GH57_5	beta-glucan
megahit-co__c017012_35	-	-	-	CBM50	1	-	-
megahit-co__c017012_37	-	GT4(195-347)	GT4_e8133(196-332)	GT4	3	GT4_e8133	-
megahit-co__c017012_4	-	GH39(97-458)	GH39_e269(95-385)	GH39	3	GH39_e269	-
megahit-co__c017012_43	-	GH31_20(227-614)	GH31_e57(227-614)	GH31_20	3	GH31_20	-
megahit-co__c017012_44	-|-|-	CBM34(493-618)+GH13_39(700-1051)	CBM34_e12(493-615)+GH13_e426(700-1051)+CBM20_e6(1517-1605)	CBM20+CBM34+GH13_39	3	CBM34_e12|GH13_39|CBM20_e6	alpha-glucan
megahit-co__c017012_73	-	-	-	CBM50	1	-	-
megahit-co__c017012_95	-	GT4(194-350)	GT4_e1555(197-349)	GT4	3	GT4_e1555	-
megahit-co__c017018_1	-	GT14(1-192)	GT14_e6(1-196)	GT14	3	GT14_e6	-
megahit-co__c017018_2	-	-	-	GT4	1	-	-
megahit-co__c017032_6	-	GT66(31-375)	-	-	1	-	-
megahit-co__c017043_1	2.4.1.1:7	GT35(5-307)	GT35_e9(2-307)	GT35	3	GT35_e9	-
megahit-co__c017058_1	-	GH146(1-205)	GH146_e15(1-205)	GH146	3	GH146_e15	arabinan
megahit-co__c017077_166	-	-	GT2(40-233)	GT0	2	GT2	-
megahit-co__c017077_20	-	GH109(115-280)	GH109_e2(117-278)	-	2	GH109_e2	host glycan
megahit-co__c017077_231	-	-	-	GT4	1	-	-
megahit-co__c017077_232	-	GH188(11-152)	GH109_e2(9-156)	-	2	GH109_e2	host glycan
megahit-co__c017094_1	-	-	-	GH39	1	-	-
megahit-co__c017097_1	-	GT4(2-108)	GT4_e5933(1-106)	-	2	GT4_e5933	-
megahit-co__c017109_1	-	CBM32(30-157)	CBM32_e361(33-157)	CBM32	3	CBM32_e361	host glycan
megahit-co__c017124_1	-	GT83(5-333)	GT83_e68(5-333)	GT83	3	GT83_e68	-
megahit-co__c017133_1	-	-	-	GT1	1	-	-
megahit-co__c017135_2	-	-	CBM50_e1959(183-220)	CBM50	2	CBM50_e1959	chitin
megahit-co__c017138_11	3.2.1.40:5	GH106(6-659)	GH106_e1(6-666)	GH106	3	GH106_e1	pectin
megahit-co__c017138_15	-	GH179(23-271)	GH179_e0(19-265)	-	2	GH179_e0	chitin
megahit-co__c017138_27	3.2.1.1:8	GH13_36(58-370)	GH13_e389(58-370)	GH13_36	3	GH13_36	alpha-glucan
megahit-co__c017142_1	-	-	-	GT2	1	-	-
megahit-co__c017146_1	-	-	-	GH1	1	-	-
megahit-co__c017152_7	-	-	-	GT0	1	-	-
megahit-co__c017153_1	4.2.2.2:22	PL1_6(53-264)	PL1_e68(53-264)	PL1_6	3	PL1_6	pectin
megahit-co__c017166_1	-	GT2(12-121)	GT2(13-199)	AAM71778.1+GT2	3	GT2	-
megahit-co__c017171_16	-	GT35(123-628)	GT35_e13(124-650)	GT35	3	GT35_e13	-
megahit-co__c017180_107	-	CBM9(67-238)	-	-	1	-	-
megahit-co__c017180_203	-	-	-	GT34	1	-	-
megahit-co__c017180_233	-	-	CBM48_e109(125-184)	CBM48	2	CBM48_e109	alpha-glucan
megahit-co__c017180_268	-	-	-	GH43_29	1	-	-
megahit-co__c017180_27	-	-	-	GH1	1	-	-
megahit-co__c017180_278	-	GH171(52-425)	GH171_e12(52-425)	GH171	3	GH171_e12	peptidoglycan
megahit-co__c017180_294	-	-	-	CE8	1	-	-
megahit-co__c017180_313	2.4.1.18:4|2.4.1.18:4|2.4.1.18:14	CBM48(143-228)+GH13_9(297-595)	CBM48_e134(43-130)+CBM48_e134(143-234)+GH13_e200(297-595)	CBM48+GH13_9	3	CBM48_e134|CBM48_e134|GH13_9	alpha-glucan
megahit-co__c017180_380	-	-	-	GH71	1	-	-
megahit-co__c017180_431	-	CBM9(60-222)	-	-	1	-	-
megahit-co__c017180_521	-	-	-	GH16_1+GH16_1	1	-	-
megahit-co__c017180_600	-	-	-	CBM6	1	-	-
megahit-co__c017180_678	-	-	-	GH5_29	1	-	-
megahit-co__c017180_722	-	-	GT2(18-146)	GT2	2	GT2	-
megahit-co__c017180_743	-|-|-	GH18(138-406)+CE4(487-603)+GT2(759-982)	GH18_e379(184-405)+CE4_e36(489-597)+GT2(758-1062)	CE4+GH18+GT2	3	GH18_e379|CE4_e36|GT2	-
megahit-co__c017180_759	-	CE1(199-357)	-	-	1	-	-
megahit-co__c017180_807	-	GT5(2-472)	GT5_e43(2-472)	GT5	3	GT5_e43	-
megahit-co__c017180_808	-	-	-	GH13_11	1	-	-
megahit-co__c017180_822	-	-	-	GH4	1	-	-
megahit-co__c017180_87	3.2.1.49:6;3.2.1.52:2	GH109(60-453)	GH109_e0(61-453)	GH109	3	GH109_e0	host glycan
megahit-co__c017183_1	-	GT2(25-157)	GT2(25-156)	GT2	3	GT2	-
megahit-co__c017183_3	-	-	-	GH0	1	-	-
megahit-co__c017192_2	-	GH179(23-196)	GH179_e0(23-189)	-	2	GH179_e0	chitin
megahit-co__c017211_1	-	GH57_3(5-114)	GH57_e71(5-115)	-	2	GH57_3	-
megahit-co__c017211_2	-	GH15(1-226)	GH15_e94(1-226)	GH15	3	GH15_e94	-
megahit-co__c017220_1	-	GT119(20-205)	GT119_e135(20-198)	GT119	3	GT119_e135	peptidoglycan
megahit-co__c017230_3	-	-	-	GH0	1	-	-
megahit-co__c017248_1	-	-	-	GT1	1	-	-
megahit-co__c017264_18	-	GT30(48-214)	GT30_e94(45-213)	GT30	3	GT30_e94	-
megahit-co__c017264_2	-	-	-	CBM0	1	-	-
megahit-co__c017265_3	-	GT2(2-226)	GT2(3-229)	GT2	3	GT2	-
megahit-co__c017265_9	-	GT26(395-564)	GT26_e91(395-564)	GT26	3	GT26_e91	-
megahit-co__c017294_1	3.2.1.1:2	GH13_24(1-128)	GH13_e23(1-127)	CBM48+GH13_13+GH13_32	3	GH13_24	alpha-glucan
megahit-co__c017296_1	-	SLH(51-92)	-	-	1	-	-
megahit-co__c017298_1	-	-	-	GH39	1	-	-
megahit-co__c017303_3	-	-	-	CBM50	1	-	-
megahit-co__c017317_1	-	-	-	CBM66+GH43_26	1	-	-
megahit-co__c017325_2	-	GT51(66-209)	GT51_e71(67-210)	GT51	3	GT51_e71	-
megahit-co__c017335_1	-	-	-	GT2	1	-	-
megahit-co__c017337_2	-	-	-	CE8	1	-	-
megahit-co__c017337_3	-	-	-	CBM2+CBM57	1	-	-
megahit-co__c017338_1	-	-	-	GT2	1	-	-
megahit-co__c017347_2	-	GH77(11-328)	GH77_e3(11-362)	GH77	3	GH77_e3	alpha-glucan
megahit-co__c017353_1	-	-	GT2(1-137)	GT2	2	GT2	-
megahit-co__c017353_4	-	-	GT4_e7689(209-334)	GT0	2	GT4_e7689	-
megahit-co__c017389_2	-	AA3(3-385)	-	-	1	-	-
megahit-co__c017395_1	-	-	GT66_e28(2-325)	GT66	2	GT66_e28	-
megahit-co__c017406_5	-	-	GH23_e671(83-141)	-	1	-	-
megahit-co__c017406_6	-	-	GH23_e1419(1-59)	-	1	-	-
megahit-co__c017410_12	-	-	CBM50_e507(195-236)	CBM50	2	CBM50_e507	chitin
megahit-co__c017414_1	-	-	-	CBM50	1	-	-
megahit-co__c017439_3	-	GT26(3-168)	GT26_e242(2-168)	GT26	3	GT26_e242	-
megahit-co__c017446_1	-	GT2(8-127)	GT2(8-137)	-	2	GT2	-
megahit-co__c017446_15	3.2.1.23:13	GH42(6-373)	GH42_e1(6-372)	GH42	3	GH42_e1	arabinogalactan
megahit-co__c017446_8	-	GH114(48-238)	GH114_e29(48-238)	GH114	3	GH114_e29	galactosaminogalactan
megahit-co__c017449_4	-	GH24(19-163)	GH24_e48(19-163)	GH24	3	GH24_e48	peptidoglycan
megahit-co__c017455_1	-	GH31_1(78-354)	GH31_e47(78-354)	GH31_1	3	GH31_1	-
megahit-co__c017475_3	-|-|-	GH18(39-308)+CBM32(335-450)+CBM32(458-576)	GH18_e788(41-307)+CBM32_e118(337-449)+CBM32_e3(460-576)	CBM32+GH18	3	GH18_e788|CBM32_e118|CBM32_e3	host glycan
megahit-co__c017475_35	-	-	-	CBM50	1	-	-
megahit-co__c017475_46	-|3.2.1.4:2;3.2.1.151:5|-|-|-	GH74(84-207)+GH74(223-316)+GH74(569-687)+CBM2(838-938)	GH74_e11(62-199)+GH74_e19(205-371)+GH74_e8(372-626)+GH74_e15(589-739)+CBM2_e141(838-938)	CBM2+GH74	3	GH74_e11|GH74_e19|GH74_e8|GH74_e15|CBM2_e141	cellulose;xyloglucan
megahit-co__c017475_48	-|3.2.1.4:7;3.2.1.91:10	CBM2(37-136)+GH6(248-457)	CBM2_e244(37-136)+GH6_e0(260-457)	CBM2+GH6	3	CBM2_e244|GH6_e0	cellulose
megahit-co__c017475_5	-	GH19(231-431)	GH19_e276(233-431)	CBM12+GH19_2	3	GH19_e276	-
megahit-co__c017498_1	-	GH3(68-313)	GH3_e232(68-313)	GH3	3	GH3_e232	-
megahit-co__c017503_10	-	-	-	GT22	1	-	-
megahit-co__c017503_101	-	-	-	GH101	1	-	-
megahit-co__c017503_105	-	GT81(2-194)	GT2(5-125)	GT2	3	GT2	-
megahit-co__c017503_109	-	GT119(21-362)	GT119_e82(23-361)	GT119	3	GT119_e82	peptidoglycan
megahit-co__c017503_2	-	-	-	GH131	1	-	-
megahit-co__c017503_38	-	-	-	CBM50	1	-	-
megahit-co__c017503_68	-	-	-	GT1	1	-	-
megahit-co__c017506_1	-	-	-	GH13_26	1	-	-
megahit-co__c017508_10	-|-|-	GH33(58-362)+CE19(833-1148)	GH33_e108(57-362)+GH33_e108(507-715)+CE15_e29(820-1145)	GH33	3	GH33_e108|GH33_e108|CE15_e29	host glycan;lignin
megahit-co__c017508_19	-	GH130_4(5-348)	GH130_e30(8-348)	GH130_4	3	GH130_4	beta-mannan
megahit-co__c017508_20	-	GT4(192-355)	GT4_e3610(192-355)	GT4	3	GT4_e3610	-
megahit-co__c017508_9	-	-	AA2_e20(131-246)	AA0	2	AA2_e20	lignin
megahit-co__c017511_1	-	-	-	GT0	1	-	-
megahit-co__c017516_3	3.2.1.39:2|-	GH81(65-690)+CBM13(822-916)+CBM13(896-970)	GH81_e12(67-704)+CBM13_e843(829-968)	CBM13+GH81	3	GH81_e12|CBM13_e843	beta-glucan;xylan
megahit-co__c017537_2	-	GH33(50-386)	GH33_e90(53-386)	GH33	3	GH33_e90	host glycan
megahit-co__c017542_1	-	-	-	GT1	1	-	-
megahit-co__c017542_2	-	-	-	GT2	1	-	-
megahit-co__c017555_40	-	-	-	GH13_48	1	-	-
megahit-co__c017555_52	-	GH13_48(294-593)	GH13_e150(294-591)	GH0	3	GH13_48	-
megahit-co__c017555_55	-	GT83(22-224)	-	-	1	-	-
megahit-co__c017574_3	-	-	-	GT2	1	-	-
megahit-co__c017575_1	-	GT4(165-309)	GT4_e7909(170-312)	GT4	3	GT4_e7909	-
megahit-co__c017580_2	-	-	AA12_e8(150-395)	-	1	-	polyphenol
megahit-co__c017582_1	-	-	-	CBM50	1	-	-
megahit-co__c017583_7	-|-	GT2(7-117)	GT2(6-227)+GT4_e2967(584-745)	GT2	3	GT2|GT4_e2967	-
megahit-co__c017589_1	-	-	-	GT1	1	-	-
megahit-co__c017595_7	-	-	-	GH130_3	1	-	-
megahit-co__c017610_1	-	-	-	GT0	1	-	-
megahit-co__c017612_7	-	-	GH10_e164(207-502)	GH0	2	GH10_e164	-
megahit-co__c017618_18	-	GT4(190-350)	GT4_e2996(191-351)	GT4	3	GT4_e2996	-
megahit-co__c017618_21	-	GH130_6(6-300)	GH130_e61(6-300)	GH130_6	3	GH130_6	beta-mannan
megahit-co__c017618_22	-	GH5_19(12-289)	GH5_e461(12-289)	GH5_19	3	GH5_19	-
megahit-co__c017631_5	-	GT4(191-352)	GT4_e3610(191-352)	GT4	3	GT4_e3610	-
megahit-co__c017631_6	-	GH130_9(12-306)	GH130_e10(12-306)	GH130_9	3	GH130_9	beta-mannan
megahit-co__c017632_2	-	-	-	CBM0	1	-	-
megahit-co__c017649_10	-	GT19(35-387)	GT19_e2(35-389)	GT19	3	GT19_e2	-
megahit-co__c017671_39	-	GH24(39-164)	GH24_e203(40-164)	GH24	3	GH24_e203	peptidoglycan
megahit-co__c017671_8	-	-	-	GH23	1	-	-
megahit-co__c017675_29	-|-	GT2(437-562)+GT2(696-914)	GT2(436-649)+GT2(696-934)	GT2	3	GT2|GT2	-
megahit-co__c017675_30	-|-	GT2(256-368)	GT2(255-483)+GT2(533-690)	GT2	3	GT2|GT2	-
megahit-co__c017678_1	-	GT4(142-297)	GT4_e3441(140-294)	GT4	3	GT4_e3441	-
megahit-co__c017691_3	-	-	GH23_e1361(41-163)	GH0	2	GH23_e1361	-
megahit-co__c017704_2	-	GH2_1(40-294)	GH2_e208(41-294)	GH2_1	3	GH2_1	-
megahit-co__c017715_4	-	GH186(39-395)	GH186_e7(39-395)	GH186	3	GH186_e7	beta-glucan
megahit-co__c017715_8	-	GT2(189-384)	GT2(90-392)	GT2	3	GT2	-
megahit-co__c017730_10	-	GT35(151-458)	GT35_e2(160-459)	AAB99652.1+GT35	3	GT35_e2	-
megahit-co__c017733_2	-	-	-	GH18	1	-	-
megahit-co__c017734_2	-	GT26(2-131)	GT26_e151(1-131)	GT26	3	GT26_e151	-
megahit-co__c017757_2	-	GT102(92-289)	GT102_e12(54-286)	-	2	GT102_e12	-
megahit-co__c017758_3	-	-	GT2(5-152)	GT2	2	GT2	-
megahit-co__c017766_1	2.4.1.1:7	GT35(33-364)	GT35_e9(33-364)	GT35	3	GT35_e9	-
megahit-co__c017773_1	-	GH13(313-682)	GH13_e270(320-681)	GH13	3	GH13_e270	-
megahit-co__c017780_2	-	-	-	GH23	1	-	-
megahit-co__c017807_5	-	CE1(486-654)	-	-	1	-	-
megahit-co__c017823_1	-|3.2.1.23:2	CBM32(17-133)+GH2_1(153-479)	CBM32_e298(18-132)+GH2_e127(153-479)	GH2_1	3	CBM32_e298|GH2_1	beta-galactan;host glycan
megahit-co__c017839_2	-	-	-	CBM96+CBM99	1	-	-
megahit-co__c017843_1	-	-	-	PL26	1	-	-
megahit-co__c017848_4	-	-	-	GT2	1	-	-
megahit-co__c017864_2	-	-	-	GH71	1	-	-
megahit-co__c017879_2	-	GT2(22-167)	GT2(22-169)	GT2	3	GT2	-
megahit-co__c017881_2	-	-	-	GH1	1	-	-
megahit-co__c017892_5	2.4.1.11:46|-	GT3(13-350)	GT3_e0(13-328)+GT3_e2(374-545)	GT3	3	GT3_e0|GT3_e2	-
megahit-co__c017894_2	-	GH179(22-198)	GH179_e0(23-194)	-	2	GH179_e0	chitin
megahit-co__c017905_1	-	-	-	GT4	1	-	-
megahit-co__c017913_35	-	-	-	GH13_11	1	-	-
megahit-co__c017913_4	-	-	-	GT2	1	-	-
megahit-co__c017913_41	-	CE11(6-270)	CE11_e39(7-270)	CE11	3	CE11_e39	exo-polysaccharide
megahit-co__c017913_50	-|-|-	GH23(118-231)	GH23_e450(95-228)+CBM50_e2038(322-364)+CBM50_e654(471-512)	CBM50+GH23	3	GH23_e450|CBM50_e2038|CBM50_e654	chitin
megahit-co__c017913_53	-	AA6(3-159)	-	-	1	-	-
megahit-co__c017918_7	-	-	-	CBM67	1	-	-
megahit-co__c017923_2	-	GH33(1-133)	GH33_e52(1-131)	GH33	3	GH33_e52	host glycan
megahit-co__c017939_1	-	-	-	GT1	1	-	-
megahit-co__c017960_4	-	-	-	GT0	1	-	-
megahit-co__c017973_2	-	GT81(2-180)	GT2(7-159)	GT2	3	GT2	-
megahit-co__c017993_2	-	-	-	GH28	1	-	-
megahit-co__c017994_25	-	-	-	GH13_22+GH13_22+GT5	1	-	-
megahit-co__c017994_33	-	-	-	GT2	1	-	-
megahit-co__c017994_9	-	-	-	GH0	1	-	-
megahit-co__c017994_92	-	-	-	CBM50	1	-	-
megahit-co__c018015_101	-	-	-	GH13_30	1	-	-
megahit-co__c018015_104	-	-	-	GH84	1	-	-
megahit-co__c018015_122	-	-	-	GT22	1	-	-
megahit-co__c018015_147	-	GH171(79-442)	GH171_e43(79-442)	GH171	3	GH171_e43	peptidoglycan
megahit-co__c018015_152	-	GT4(235-373)	GT4_e1864(237-373)	GT4	3	GT4_e1864	-
megahit-co__c018015_246	-	-	GT2(31-224)	GT2	2	GT2	-
megahit-co__c018015_257	-	-	-	GT0	1	-	-
megahit-co__c018015_277	-	GT4(188-325)	GT4_e1289(188-326)	GT4	3	GT4_e1289	-
megahit-co__c018015_278	-	-	GT4_e115(229-369)	GT4	2	GT4_e115	-
megahit-co__c018015_281	-	-	-	GH39	1	-	-
megahit-co__c018015_284	-	-	GT2(96-350)	GT0	2	GT2	-
megahit-co__c018015_85	-	GT2(145-311)	GT2(145-307)	GT2	3	GT2	-
megahit-co__c018039_13	-	-	-	CBM50	1	-	-
megahit-co__c018040_28	-	-	-	GT4	1	-	-
megahit-co__c018040_30	-	GT4(201-349)	GT4_e564(205-348)	GT4	3	GT4_e564	-
megahit-co__c018040_31	-	GT4(191-339)	GT4_e3178(194-339)	GT4	3	GT4_e3178	-
megahit-co__c018040_33	-	GT121(272-414)	GT121_e152(271-413)	GT121	3	GT121_e152	bacterial outer membrane (OM) polysaccharides
megahit-co__c018040_35	-	GT4(203-341)	GT4_e7242(204-340)	GT4	3	GT4_e7242	-
megahit-co__c018040_36	-	GT4(220-372)	GT4_e629(220-373)	GT4	3	GT4_e629	-
megahit-co__c018041_1	-	GT4(104-251)	GT4_e4565(106-250)	GT4	3	GT4_e4565	-
megahit-co__c018041_2	-	GH57_3(6-317)	GH57_e2(6-317)	GH57_3	3	GH57_3	-
megahit-co__c018047_1	4.2.2.23:15;4.2.2.24:5	PL11(15-246)	PL11_e0(17-246)	CBM66+PL0	3	PL11_e0	pectin
megahit-co__c018057_1	-	GT35(269-594)	GT35_e13(123-594)	GT35	3	GT35_e13	-
megahit-co__c018079_2	-	-	-	GH13_31	1	-	-
megahit-co__c018092_3	-	-	-	GT50	1	-	-
megahit-co__c018101_2	-	GT10(94-263)	GT10_e0(109-263)	GT10	3	GT10_e0	-
megahit-co__c018102_1	-	-	-	GT2	1	-	-
megahit-co__c018114_2	-	-	-	GT2	1	-	-
megahit-co__c018117_1	-	GT2(3-148)	GT2(3-202)	-	2	GT2	-
megahit-co__c018118_3	-	GT2(4-106)	GT2(4-109)	-	2	GT2	-
megahit-co__c018123_1	-	-	-	GH23	1	-	-
megahit-co__c018130_10	-	-	-	GT9	1	-	-
megahit-co__c018130_38	-|-	GH23(119-252)	GH23_e731(119-253)+CBM50_e225(525-567)	CBM50+GH23	3	GH23_e731|CBM50_e225	chitin
megahit-co__c018149_2	-	-	-	GT2	1	-	-
megahit-co__c018155_3	-	-	-	GH0	1	-	-
megahit-co__c018162_1	-	-	-	GT2	1	-	-
megahit-co__c018170_27	-	-	-	GH13_25+GH133+GH13_25	1	-	-
megahit-co__c018170_3	-	GH109(40-246)	GH109_e2(41-198)	-	2	GH109_e2	host glycan
megahit-co__c018170_5	-	CE9(7-392)	CE9_e184(9-392)	CE9	3	CE9_e184	host glycan
megahit-co__c018171_1	-	-	GH36_e127(1-141)	GH36	2	GH36_e127	-
megahit-co__c018175_1	-	-	-	GT1	1	-	-
megahit-co__c018189_1	-	GT4(111-241)	GT4_e2591(111-241)	GT4	3	GT4_e2591	-
megahit-co__c018189_2	-	-	-	GT4	1	-	-
megahit-co__c018215_1	-	GH103(5-237)	GH103_e37(37-239)	GH103	3	GH103_e37	peptidoglycan
megahit-co__c018225_1	3.2.1.23:2	GH35(2-189)	GH35_e28(2-189)	GH35	3	GH35_e28	beta-galactan
megahit-co__c018230_35	3.2.1.4:11;3.2.1.91:3;3.2.1.-:3|3.2.1.91:3|3.2.1.91:3	CBM4(55-175)+CBM4(201-319)+GH9(429-909)	CBM4_e0(56-175)+CBM4_e28(201-319)+GH9_e52(429-908)	CBM4+GH9	3	CBM4_e0|CBM4_e28|GH9_e52	beta-glucan;cellulose;xylan
megahit-co__c018239_2	-	-	-	GT4	1	-	-
megahit-co__c018264_1	-	-	-	GH1	1	-	-
megahit-co__c018268_4	-	GH23(9-136)	GH23_e393(10-135)	-	2	GH23_e393	-
megahit-co__c018292_2	-	GT9(3-222)	GT9_e156(3-230)	GT9	3	GT9_e156	-
megahit-co__c018304_2	-	-	-	GT1	1	-	-
megahit-co__c018321_1	-	AA3_2(3-349)	AA3_e110(2-350)	-	2	AA3_2	-
megahit-co__c018329_5	-	-	-	GT119	1	-	-
megahit-co__c018329_53	2.4.1.-:10	GT4(198-346)	GT4_e4078(198-347)	GT4	3	GT4_e4078	-
megahit-co__c018332_2	-	-	-	GT33	1	-	-
megahit-co__c018336_18	-	-	-	GT2	1	-	-
megahit-co__c018337_5	-	GT12(14-161)	GT12_e3(14-161)	GT12	3	GT12_e3	-
megahit-co__c018337_6	-	GT25(2-150)	GT25_e29(1-137)	GT25	3	GT25_e29	-
megahit-co__c018349_137	-	-	-	GH13_30	1	-	-
megahit-co__c018349_7	-	GT28(190-351)	GT28_e1(190-352)	GT28	3	GT28_e1	-
megahit-co__c018349_8	-	GT119(15-361)	GT119_e62(15-361)	GT119	3	GT119_e62	peptidoglycan
megahit-co__c018349_94	-	-	-	GT4	1	-	-
megahit-co__c018353_1	-	-	GT1_e86(99-381)	GT1	2	GT1_e86	-
megahit-m1__c000037_3	-	GT2(10-149)	GT2(10-123)	GT2	3	GT2	-
megahit-m1__c000058_2	-	CE4(71-207)	CE4_e274(73-208)	-	2	CE4_e274	-
megahit-m1__c000158_2	-	GT121(249-400)	GT121_e325(249-400)	GT121	3	GT121_e325	bacterial outer membrane (OM) polysaccharides
megahit-m1__c000163_1	-	GH109(56-219)	GH177_e4(59-222)	-	2	GH177_e4	host glycan
megahit-m1__c000216_2	-	-	-	GT4	1	-	-
megahit-m1__c000221_23	-	-	-	GT4	1	-	-
megahit-m1__c000240_31	-	-	-	GH71	1	-	-
megahit-m1__c000336_5	-	-	-	GT1	1	-	-
megahit-m1__c000351_3	-	-	-	GH13_25+GH133+GH13_25	1	-	-
megahit-m1__c000359_2	-	GH154(6-344)	GH154_e17(3-343)	GH154	3	GH154_e17	arabinogalactan
megahit-m1__c000359_28	-	-	-	GT0	1	-	-
megahit-m1__c000393_4	-	GH13_3(236-455)	GH13_e41(235-458)	GH13_3	3	GH13_3	-
megahit-m1__c000444_2	-	GT117(33-274)	GT117_e8(50-265)	GT117	3	GT117_e8	-
megahit-m1__c000476_3	-	-	-	GH5_11	1	-	-
megahit-m1__c000594_1	-	cohesin(21-152)+cohesin(186-317)	-	CBM3	2	cohesin|cohesin	-
megahit-m1__c000613_27	-	-	-	GT7	1	-	-
megahit-m1__c000613_28	-	-	-	GT31	1	-	-
megahit-m1__c000620_12	-	-	-	GH131	1	-	-
megahit-m1__c000643_4	-	-	-	GT2	1	-	-
megahit-m1__c000663_18	-	-	-	GT51	1	-	-
megahit-m1__c000761_1	-	-	-	GH26	1	-	-
megahit-m1__c000830_1	3.2.1.4:7;3.2.1.91:10	GH6(7-353)	GH6_e0(18-352)	CBM2+GH6	3	GH6_e0	cellulose
megahit-m1__c000899_7	-	-	-	GH101	1	-	-
megahit-m1__c000979_2	-	-	-	GH13_22+GH13_22+GT5	1	-	-
megahit-m1__c001006_1	-	-	-	GH103	1	-	-
megahit-m1__c001025_2	3.2.1.21:22;3.2.1.-:4	GH3(35-253)	GH3_e197(35-253)	GH3	3	GH3_e197	beta-glucan;xyloglucan
megahit-m1__c001084_3	-	-	GT2(6-161)	-	1	-	-
megahit-m1__c001124_44	-	GT26(423-593)	GT26_e36(424-593)	GT26	3	GT26_e36	-
megahit-m1__c001130_2	-	-	-	GH13	1	-	-
megahit-m1__c001164_11	-	GT2(8-153)	GT2(7-250)	GT2	3	GT2	-
megahit-m1__c001164_15	-	GT2(15-164)	GT2(15-243)	GT2	3	GT2	-
megahit-m1__c001176_16	-	GT2(4-167)	GT2(4-167)	GT2	3	GT2	-
megahit-m1__c001191_5	-	GT4(224-365)	GT4_e4679(225-365)	GT4	3	GT4_e4679	-
megahit-m1__c001200_2	-	GT39(161-371)	GT39_e6(164-371)	GT39	3	GT39_e6	-
megahit-m1__c001200_6	-|3.2.1.4:2;3.2.1.151:5|-|-|3.2.1.4:2;3.2.1.8:2	GH74(84-199)+GH74(226-343)+GH74(492-597)+GH74(595-699)	GH74_e15(62-200)+GH74_e19(203-379)+GH74_e8(404-637)+GH74_e15(599-748)+CBM3_e16(836-882)	CBM3+GH74	3	GH74_e15|GH74_e19|GH74_e8|GH74_e15|CBM3_e16	cellulose;chitin;xyloglucan
megahit-m1__c001207_1	3.2.1.4:2;3.2.1.8:2|3.2.1.4:3;3.2.1.151:2;3.2.1.176:20;3.2.1.-:3	CBM3(99-179)+GH48(302-923)	CBM3_e16(100-178)+GH48_e1(302-922)	CBM3+GH48+GH9	3	CBM3_e16|GH48_e1	-;cellulose;chitin
megahit-m1__c001207_2	3.2.1.78:15	GH5_8(89-217)	GH5_e22(89-217)	AAA72861.1+GH5_8	3	GH5_8	beta-mannan
megahit-m1__c001217_4	3.2.1.22:25	GH36(12-710)	GH36_e0(12-709)	GH36	3	GH36_e0	alpha-galactan
megahit-m1__c001217_5	3.2.1.23:6	GH2_5(6-535)	GH2_e64(7-535)	GH2_5	3	GH2_5	beta-galactan
megahit-m1__c001229_2	-	-	CBM50_e1566(36-82)	CBM50	2	CBM50_e1566	chitin
megahit-m1__c001236_8	2.4.1.-:3;3.2.1.78:21	GH5(211-483)	GH5_e239(229-430)	GH0	3	GH5_e239	-;beta-mannan
megahit-m1__c001236_9	-	GH130_5(4-328)	GH130_e18(4-328)	GH130_5	3	GH130_5	beta-mannan
megahit-m1__c001243_2	-	GH171(83-427)	GH171_e3(83-427)	GH171	3	GH171_e3	peptidoglycan
megahit-m1__c001249_93	-	-	-	GH84	1	-	-
megahit-m1__c001265_3	-	GH19(42-165)	GH19_e48(32-184)	GH19_1	3	GH19_e48	-
megahit-m1__c001278_2	-	GT9(74-316)	GT9_e99(74-316)	GT9	3	GT9_e99	-
megahit-m1__c001319_20	-|-	GH23(122-251)	GH23_e450(117-249)+CBM50_e933(342-384)	CBM50+GH23	3	GH23_e450|CBM50_e933	chitin
megahit-m1__c001321_2	-	GT9(67-260)	GT9_e298(68-262)	GT9	3	GT9_e298	-
megahit-m1__c001332_89	-	-	-	GH84	1	-	-
megahit-m1__c001347_4	-	-	-	CE6+GH33	1	-	-
megahit-m1__c001350_14	-	CE4(45-169)	CE4_e269(45-169)	CE4	3	CE4_e269	-
megahit-m1__c001350_7	-	-	-	GT2	1	-	-
megahit-m1__c001362_6	-	-	-	CBM50+GH25	1	-	-
megahit-m1__c001428_1	-	CE14(32-129)	CE14_e37(33-129)	CE14	3	CE14_e37	-
megahit-m1__c001449_3	-	GT2(6-134)	GT2(6-134)	GT2	3	GT2	-
megahit-m1__c001454_2	-	GT4(177-325)	GT4_e307(177-321)	GT4	3	GT4_e307	-
megahit-m1__c001456_1	-	CE9(2-173)	CE9_e58(1-173)	CE9	3	CE9_e58	host glycan
megahit-m1__c001461_2	-	-	-	GH13_23	1	-	-
megahit-m1__c001562_4	-	GT30(52-214)	GT30_e58(54-216)	GT30	3	GT30_e58	-
megahit-m1__c001605_1	-	-	CBM50_e27(53-95)	-	1	-	chitin
megahit-m1__c001682_8	-	-	-	CBM5	1	-	-
megahit-m1__c001682_9	-|-|-	GH18(141-396)+CE4(476-603)+GT2(751-972)	GH18_e379(174-396)+CE4_e36(477-585)+GT2(751-1035)	CE4+GH18+GT2	3	GH18_e379|CE4_e36|GT2	-
megahit-m1__c001688_25	3.2.1.1:3	GH57_5(8-415)	GH57_e30(8-416)	GH57_5	3	GH57_5	alpha-glucan
megahit-m1__c001688_89	-	-	-	CE4	1	-	-
megahit-m1__c001719_123	-	-	-	GT119	1	-	-
megahit-m1__c001719_284	3.2.1.1:3	GH57_5(8-415)	GH57_e30(8-416)	GH57_5	3	GH57_5	alpha-glucan
megahit-m1__c001744_2	-	-	-	GT4	1	-	-
megahit-m1__c001744_4	-	-	-	GT2	1	-	-
megahit-m1__c001755_2	-	-	-	GH13_31	1	-	-
megahit-m1__c001789_13	2.4.1.217:3	GT55(4-383)	GT55_e1(4-383)	GT55	3	GT55_e1	-
megahit-m1__c001798_2	2.4.1.230:11	GH65(330-715)	GH65_e4(330-714)	GH65	3	GH65_e4	alpha-glucan
megahit-m1__c001798_3	-	-	-	GH13_30	1	-	-
megahit-m1__c001807_1	-	CE14(27-157)	CE14_e34(27-157)	CE14	3	CE14_e34	-
megahit-m1__c001834_28	-	GH188(3-251)	GH188_e1(4-201)	-	2	GH188_e1	glycolipid
megahit-m1__c001869_4	-	-	-	GT2	1	-	-
megahit-m1__c001876_2	-	-	-	CBM50	1	-	-
megahit-m1__c001921_10	-	-	-	GT4	1	-	-
megahit-m1__c001921_29	-	GH130_6(6-291)	GH130_e15(6-291)	GH130_6	3	GH130_6	beta-mannan
megahit-m1__c001921_30	-	GH38(241-492)	GH38_e18(241-491)	GH38	3	GH38_e18	-
megahit-m1__c001921_33	2.4.1.20:14	GH94(2-810)	GH94_e12(2-810)	GH94	3	GH94_e12	cellulose
megahit-m1__c001921_41	3.2.1.41:14|3.2.1.41:14|3.2.1.41:12	CBM41(22-120)+GH13_14(383-701)	CBM41_e6(22-118)+CBM48_e41(223-306)+GH13_e300(383-701)	CBM41+CBM48+GH13_14	3	CBM41_e6|CBM48_e41|GH13_14	alpha-glucan;beta-glucan
megahit-m1__c001921_42	-|-|-	-	CBM48_e59(27-92)+CBM48_e59(146-210)+CBM48_e59(284-351)	CBM48	2	CBM48_e59|CBM48_e59|CBM48_e59	alpha-glucan
megahit-m1__c001933_2	-	-	-	GH13_48	1	-	-
megahit-m1__c001951_2	-	GT2(12-174)	GT2(12-172)	GT2	3	GT2	-
megahit-m1__c001969_1	-	-	-	CE4	1	-	-
megahit-m1__c001970_1	-	-	-	GT2	1	-	-
megahit-m1__c002004_5	-	-	-	GH101	1	-	-
megahit-m1__c002008_2	-	-	GT4_e8214(216-361)	GT4	2	GT4_e8214	-
megahit-m1__c002008_3	-	-	-	GT1	1	-	-
megahit-m1__c002019_1	-	GT4(127-274)	GT4_e2382(132-273)	GT4	3	GT4_e2382	-
megahit-m1__c002029_1	-	GT1(24-433)	GT1_e493(28-432)	GT1	3	GT1_e493	-
megahit-m1__c002131_2	-	GT4(219-382)	GT4_e1818(221-382)	GT4	3	GT4_e1818	-
megahit-m1__c002159_3	-	-	-	GH130_3	1	-	-
megahit-m1__c002184_11	-	GT2(8-174)	GT2(5-228)	GT2	3	GT2	-
megahit-m1__c002217_11	-	GH102(231-387)	GH102_e57(231-387)	GH102	3	GH102_e57	peptidoglycan
megahit-m1__c002217_6	-	-	-	GH92	1	-	-
megahit-m1__c002267_4	2.4.1.25:4;2.4.1.-:5	GH13(118-511)	GH13_e458(117-510)	GH13	3	GH13_e458	alpha-glucan
megahit-m1__c002313_1	3.2.1.4:9;3.2.1.78:5;3.2.1.151:8	GH44(159-675)	GH44_e1(160-675)	CBM3+GH44+GH5_8	3	GH44_e1	-;beta-glucan;xyloglucan
megahit-m1__c002356_10	-	-	-	GH39	1	-	-
megahit-m1__c002394_9	-	-	-	GT2	1	-	-
megahit-m1__c002412_20	2.4.1.64:4	GH65(335-710)	GH65_e2(335-709)	GH65	3	GH65_e2	alpha-glucan
megahit-m1__c002422_2	-	GH23(133-239)	GH23_e1453(135-239)	GH23	3	GH23_e1453	-
megahit-m1__c002431_4	-	AA4(4-237)	AA4_e3(5-248)	-	2	AA4_e3	lignin
megahit-m1__c002439_3	-	-	-	GT2	1	-	-
megahit-m1__c002451_1	-	-	AA3_e241(13-269)	-	1	-	-
megahit-m1__c002469_1	-	CE11(5-228)	CE11_e42(5-302)	CE11	3	CE11_e42	exo-polysaccharide
megahit-m1__c002477_4	-	-	-	CBM50	1	-	-
megahit-m1__c002495_11	-	-	GT4_e4196(210-359)	GT4	2	GT4_e4196	-
megahit-m1__c002495_12	-	GT4(198-347)	GT4_e838(198-345)	GT4	3	GT4_e838	-
megahit-m1__c002495_13	-	-	GT1_e385(2-110)	GT1	2	GT1_e385	-
megahit-m1__c002524_4	-	-	-	GH3	1	-	-
megahit-m1__c002531_43	-	-	-	GT32	1	-	-
megahit-m1__c002531_6	-	-	GT28_e129(191-275)	GT28	2	GT28_e129	-
megahit-m1__c002540_1	-	-	-	GH1	1	-	-
megahit-m1__c002569_2	-	-	-	GT34	1	-	-
megahit-m1__c002577_64	-	-	-	CBM48+GH13_9	1	-	-
megahit-m1__c002610_10	-	-	-	GT1	1	-	-
megahit-m1__c002681_1	3.2.1.4:52;3.2.1.73:6;3.2.1.176:2|3.2.1.4:55;3.2.1.78:4;3.2.1.151:3;3.2.1.176:4;3.2.1.-:3|3.2.1.4:2;3.2.1.8:2	GH9(61-491)+CBM3(516-601)+CBM3(745-823)	GH9_e22(61-491)+CBM3_e0(517-601)+CBM3_e16(746-823)	CBM3+GH48+GH9	3	GH9_e22|CBM3_e0|CBM3_e16	-;beta-glucan;cellulose;chitin
megahit-m1__c002761_1	-	-	-	CBM50	1	-	-
megahit-m1__c002765_5	-	-	-	GH28	1	-	-
megahit-m1__c002801_5	-	GT2(64-163)	GT2(64-288)	GT2	3	GT2	-
megahit-m1__c002825_23	-	-	-	GH1	1	-	-
megahit-m1__c002841_11	-	-	-	GH28	1	-	-
megahit-m1__c002841_66	-	GT2(37-198)	GT2(37-334)	GT2	3	GT2	-
megahit-m1__c002841_79	2.4.1.1:4	GT35(164-486)	GT35_e8(24-484)	GT35	3	GT35_e8	-
megahit-m1__c002900_4	3.2.1.-:2	GH13_20(39-326)	GH13_e141(40-326)	GH13	3	GH13_20	alpha-glucan
megahit-m1__c002974_19	3.2.1.1:12;3.2.1.41:11|3.2.1.1:2;3.2.1.41:2|3.2.1.1:9;3.2.1.41:8|-	CBM34(258-375)+GH13_39(450-796)	CBM20_e9(136-216)+CBM34_e22(255-381)+GH13_e172(450-795)+CBM20_e34(1257-1338)	CBM20+CBM34+GH13_39	3	CBM20_e9|CBM34_e22|GH13_39|CBM20_e34	alpha-glucan
megahit-m1__c002987_40	-	-	-	GT2	1	-	-
megahit-m1__c003019_12	3.2.1.89:4|3.2.1.89:4	GH53(36-381)+CBM61(469-608)	GH53_e16(36-381)+CBM61_e0(469-608)	CBM61+GH53	3	GH53_e16|CBM61_e0	arabinogalactan;beta-galactan
megahit-m1__c003019_40	-	-	GT4_e8493(216-390)	GT4	2	GT4_e8493	-
megahit-m1__c003099_5	-	GT122(34-330)	GT122_e103(35-328)	GT122	3	GT122_e103	bacterial outer membrane (OM) polysaccharides
megahit-m1__c003134_8	-	-	-	GH71	1	-	-
megahit-m1__c003148_3	-	-	-	GT0	1	-	-
megahit-m1__c003159_1	-	GT1(6-395)	GT1_e483(13-394)	GT1	3	GT1_e483	-
megahit-m1__c003170_12	-	-	-	GT33	1	-	-
megahit-m1__c003170_13	-	-	-	GH1	1	-	-
megahit-m1__c003221_2	-	GH57_10(9-270)	GH57_e50(9-268)	GH57_10	3	GH57_10	-
megahit-m1__c003223_13	-	-	-	GH47	1	-	-
megahit-m1__c003223_3	-	-	CE14_e91(49-208)	-	1	-	-
megahit-m1__c003272_3	-	GT122(26-324)	GT122_e12(25-323)	GT122	3	GT122_e12	bacterial outer membrane (OM) polysaccharides
megahit-m1__c003272_4	-	GT2(4-154)	GT2(5-154)	AAL93807.1+GT2	3	GT2	-
megahit-m1__c003412_6	-	-	-	GT119	1	-	-
megahit-m1__c003422_10	-|-	-	AA2_e20(73-185)+AA2_e20(462-730)	AA0	2	AA2_e20|AA2_e20	lignin
megahit-m1__c003462_1	-	-	-	GH32	1	-	-
megahit-m1__c003464_42	-	GT28(219-350)	GT1_e356(7-366)	AAB99267.1+GT1	3	GT1_e356	-
megahit-m1__c003497_46	-	-	-	GH13_31	1	-	-
megahit-m1__c003497_48	-	-	-	GH13_23	1	-	-
megahit-m1__c003500_4	-	-	-	CE4	1	-	-
megahit-m1__c003517_2	-	GT30(44-207)	GT30_e38(49-207)	GT30	3	GT30_e38	-
megahit-m1__c003535_1	-	GH3(119-340)	GH3_e120(120-340)	GH3	3	GH3_e120	-
megahit-m1__c003550_2	3.2.1.4:52;3.2.1.73:6;3.2.1.176:2|3.2.1.4:55;3.2.1.78:4;3.2.1.151:3;3.2.1.176:4;3.2.1.-:3|3.2.1.4:2;3.2.1.8:2	GH9(42-460)+CBM3(489-571)+CBM3(696-776)	GH9_e22(42-460)+CBM3_e0(493-571)+CBM3_e16(697-775)	CBM3+GH9	3	GH9_e22|CBM3_e0|CBM3_e16	-;beta-glucan;cellulose;chitin
megahit-m1__c003600_3	-	GT4(218-368)	GT4_e3982(223-367)	GT4	3	GT4_e3982	-
megahit-m1__c003629_59	-	-	-	GH13_48	1	-	-
megahit-m1__c003673_24	-	-	-	GT33	1	-	-
megahit-m1__c003739_7	-	GH179(20-332)	GH179_e0(20-204)	-	2	GH179_e0	chitin
megahit-m1__c003750_1	-	-	-	GT2	1	-	-
megahit-m1__c003773_6	-	-	-	GH6	1	-	-
megahit-m1__c003797_3	3.2.1.199:4	GH188(12-261)	GH188_e0(12-261)	-	2	GH188_e0	glycolipid
megahit-m1__c003815_11	-	GT83(9-348)	GT83_e13(10-344)	-	2	GT83_e13	-
megahit-m1__c003830_2	-	-	-	GT4	1	-	-
megahit-m1__c003853_5	-	-	-	GH0	1	-	-
megahit-m1__c003877_1	3.1.1.73:2;3.2.1.40:8	GH78(1-365)	GH78_e80(1-365)	GH78	3	GH78_e80	-;alpha-rhamnoside
megahit-m1__c003886_2	-	GH130_12(54-343)	GH130_e52(54-343)	GH130_12	3	GH130_12	beta-mannan
megahit-m1__c004008_45	-	GT4(177-320)	GT4_e5199(175-320)	AAB99181.1+GT4	3	GT4_e5199	-
megahit-m1__c004010_7	2.4.1.129:11	GT51(176-345)	GT51_e28(176-345)	GT51	3	GT51_e28	-
megahit-m1__c004015_2	-	CE14(25-125)	CE14_e58(25-121)	-	2	CE14_e58	-
megahit-m1__c004035_2	-	-	-	GT119	1	-	-
megahit-m1__c004054_4	-	GH179(49-180)	GH179_e0(49-182)	-	2	GH179_e0	chitin
megahit-m1__c004126_6	-	-	-	GT121	1	-	-
megahit-m1__c004136_7	-	-	-	CE8	1	-	-
megahit-m1__c004170_31	-	-	-	CBM50+GH25	1	-	-
megahit-m1__c004182_51	-	GH130_6(36-325)	GH130_e43(36-325)	GH130_6	3	GH130_6	beta-mannan
megahit-m1__c004182_94	-	-	-	CBM50+GH25	1	-	-
megahit-m1__c004231_2	-	GT4(245-394)	GT4_e8402(245-394)	GT4	3	GT4_e8402	-
megahit-m1__c004247_35	-	GT4(188-333)	GT4_e1675(188-335)	GT4	3	GT4_e1675	-
megahit-m1__c004259_2	-	-	-	GH43	1	-	-
megahit-m1__c004363_2	3.2.1.4:4	GH5_1(57-388)	GH5_e60(58-388)	GH5_1	3	GH5_1	beta-glucan
megahit-m1__c004376_1	-	-	CBM50_e820(315-358)	CBM50	2	CBM50_e820	chitin
megahit-m1__c004388_32	-|-	GT2(4-102)	GT2(4-153)+GT1_e384(286-620)	GT1+GT2	3	GT2|GT1_e384	-
megahit-m1__c004391_2	-	GT2(15-180)	GT2(15-179)	GT2	3	GT2	-
megahit-m1__c004410_5	-	GT2(19-149)	GT2(19-178)	GT2	3	GT2	-
megahit-m1__c004513_1	-	GT4(201-349)	GT4_e8485(201-349)	GT4	3	GT4_e8485	-
megahit-m1__c004543_1	-	GT83(7-349)	GT83_e85(62-345)	GT83	3	GT83_e85	-
megahit-m1__c004562_31	-	-	-	CBM50	1	-	-
megahit-m1__c004629_2	-	-	GT4_e5783(199-359)	GT4	2	GT4_e5783	-
megahit-m1__c004638_2	-	-	-	GT2	1	-	-
megahit-m1__c004653_16	-	-	-	GT1	1	-	-
megahit-m1__c004653_20	-	-	-	GH28	1	-	-
megahit-m1__c004653_23	-	GT4(190-342)	GT4_e4091(195-340)	GT4	3	GT4_e4091	-
megahit-m1__c004653_49	-	GH23(108-214)	GH23_e70(109-216)	GH23	3	GH23_e70	-
megahit-m1__c004668_22	-	GH23(27-145)	GH23_e43(36-147)	GH23	3	GH23_e43	-
megahit-m1__c004697_3	-	GH5_42(231-483)	GH5_e241(232-483)	GH5_42	3	GH5_42	-
megahit-m1__c004719_14	-	-	-	GT0	1	-	-
megahit-m1__c004734_1	-	GT4(216-378)	GT4_e2917(217-377)	GT4	3	GT4_e2917	-
megahit-m1__c004734_18	-|-	-	CBM50_e687(29-72)+CBM50_e152(79-121)	CBM50	2	CBM50_e687|CBM50_e152	chitin
megahit-m1__c004762_19	-	-	-	GT50	1	-	-
megahit-m1__c004769_3	-	-	-	GT119	1	-	-
megahit-m1__c004770_4	-	-	-	GH16	1	-	-
megahit-m1__c004779_8	-	-	-	GH28	1	-	-
megahit-m1__c004781_7	-	GT121(184-337)	GT121_e319(185-337)	GT121	3	GT121_e319	bacterial outer membrane (OM) polysaccharides
megahit-m1__c004880_11	-	GH130_6(107-280)	GH130_e37(108-279)	GH130	3	GH130_6	beta-mannan
megahit-m1__c004880_21	-	CE14(41-192)	CE14_e91(41-192)	-	2	CE14_e91	-
megahit-m1__c004882_14	-	-	AA2_e20(301-571)	AA0	2	AA2_e20	lignin
megahit-m1__c004892_2	-	GT28(186-344)	GT28_e160(186-344)	GT28	3	GT28_e160	-
megahit-m1__c004949_1	-|-	-	CBM13_e294(3-138)+CBM13_e294(98-227)	CBM13+GH43_26	2	CBM13_e294|CBM13_e294	xylan
megahit-m1__c004951_2	-	GH159(9-226)	GH159_e6(9-225)	GH159	3	GH159_e6	-
megahit-m1__c004960_3	-	GH24(4-147)	GH24_e157(4-147)	GH24	3	GH24_e157	peptidoglycan
megahit-m1__c004968_3	3.1.1.72:4	CE7(3-317)	CE7_e23(3-317)	CE7	3	CE7_e23	xylan
megahit-m1__c004982_7	-	-	-	GT57	1	-	-
megahit-m1__c004997_2	-	GT4(183-321)	GT4_e2464(184-320)	GT4	3	GT4_e2464	-
megahit-m1__c005011_4	-	-	-	GH27	1	-	-
megahit-m1__c005034_117	2.4.1.25:4;2.4.1.-:5	GH13(124-511)	GH13_e458(117-510)	GH13	3	GH13_e458	alpha-glucan
megahit-m1__c005034_146	-	GT5(2-479)	GT5_e43(2-478)	GT5	3	GT5_e43	-
megahit-m1__c005034_94	-	GT4(191-342)	GT4_e1293(194-341)	GT4	3	GT4_e1293	-
megahit-m1__c005036_11	-	GH122(8-336)	GH122_e3(9-336)	GH122	3	GH122_e3	alpha-glucan
megahit-m1__c005063_2	-	-	-	GH20	1	-	-
megahit-m1__c005073_34	-	-	-	GH6	1	-	-
megahit-m1__c005079_2	-	-	-	GH92	1	-	-
megahit-m1__c005159_1	-	-	GT2(4-213)	GT0	2	GT2	-
megahit-m1__c005184_11	-	GT2(7-127)	GT2(7-136)	GT2	3	GT2	-
megahit-m1__c005184_17	3.2.1.20:6;3.2.1.139:8	GH4(2-193)	GH4_e6(2-191)	GH4	3	GH4_e6	alpha-glucan;xylan
megahit-m1__c005184_50	-	-	-	GH13_11	1	-	-
megahit-m1__c005194_3	-	GT4(213-343)	GT4_e1538(211-342)	GT4	3	GT4_e1538	-
megahit-m1__c005265_8	-	-	-	GT31	1	-	-
megahit-m1__c005294_1	-	-	-	GH43_26	1	-	-
megahit-m1__c005374_4	-	GT20(6-472)	GT20_e26(6-471)	GT20	3	GT20_e26	-
megahit-m1__c005440_5	3.2.1.67:2	GH4(13-192)	GH4_e34(13-191)	GH4	3	GH4_e34	pectin
megahit-m1__c005455_22	-	GH23(38-144)	GH23_e43(36-146)	GH23	3	GH23_e43	-
megahit-m1__c005469_3	-	-	-	GH16	1	-	-
megahit-m1__c005526_1	-	-	GT4_e3524(1-84)	-	1	-	-
megahit-m1__c005526_2	-	GT9(84-292)	GT9_e172(82-286)	GT9	3	GT9_e172	-
megahit-m1__c005530_1	-|-|-	CBM32(86-199)+GH5_54(223-490)+CBM92(508-620)	CBM32_e374(87-198)+GH5_e228(223-490)+CBM92_e12(552-666)	CBM32+CBM92+GH5	3	CBM32_e374|GH5_54|CBM92_e12	beta-glucan;host glycan
megahit-m1__c005534_7	-	GH29(26-341)	GH29_e10(30-341)	GH29	3	GH29_e10	host glycan
megahit-m1__c005537_7	2.4.1.129:2	GT119(16-366)	GT119_e146(22-365)	GT119	3	GT119_e146	peptidoglycan
megahit-m1__c005543_58	-	SLH(37-78)	-	-	1	-	-
megahit-m1__c005558_2	-	GT51(1-110)	GT51_e213(1-109)	GT51	3	GT51_e213	-
megahit-m1__c005603_1	-	CBM57(240-355)	CBM57_e31(243-355)	CBM57	3	CBM57_e31	host glycan
megahit-m1__c005739_3	-	-	GT4_e2874(208-315)	GT0	2	GT4_e2874	-
megahit-m1__c005758_2	-	GT83(16-512)	GT83_e141(16-513)	GT83	3	GT83_e141	-
megahit-m1__c005804_3	2.4.1.129:11	GT51(54-230)	GT51_e130(54-229)	GT51	3	GT51_e130	-
megahit-m1__c005859_1	-	GT2(4-169)	GT2(4-170)	GT2	3	GT2	-
megahit-m1__c005859_2	-	GT4(201-347)	GT4_e673(201-346)	GT4	3	GT4_e673	-
megahit-m1__c005889_2	-	-	-	GH28	1	-	-
megahit-m1__c005891_22	-|-|-|-	CBM50(125-168)+CBM50(258-302)	CBM50_e530(8-51)+CBM50_e530(57-100)+CBM50_e530(125-168)+CBM50_e208(258-302)	CBM50	3	CBM50_e530|CBM50_e530|CBM50_e530|CBM50_e208	chitin
megahit-m1__c005892_11	-	GT66(25-779)	GT66_e30(34-776)	GT66	3	GT66_e30	-
megahit-m1__c005902_14	-	-	-	GH3	1	-	-
megahit-m1__c005970_2	-	-	GT4_e5585(218-364)	GT4	2	GT4_e5585	-
megahit-m1__c005970_3	-	GT4(201-348)	GT4_e3320(202-347)	GT4	3	GT4_e3320	-
megahit-m1__c005977_7	-	-	-	CE8	1	-	-
megahit-m1__c005977_8	-	-	-	GT119	1	-	-
megahit-m1__c006001_3	-	-	-	CBM50+GH25	1	-	-
megahit-m1__c006044_5	-	-	-	CBM48+GH13_8+GH13_8	1	-	-
megahit-m1__c006069_1	-	-	-	CBM5	1	-	-
megahit-m1__c006082_5	-	-	-	GT4	1	-	-
megahit-m1__c006090_3	-	-	-	GH2_18	1	-	-
megahit-m1__c006152_3	-	-	-	AAQ66248.1+GT4	1	-	-
megahit-m1__c006176_1	-	-	-	GT2	1	-	-
megahit-m1__c006202_1	-	GT4(251-364)	GT4_e2566(251-364)	GT4	3	GT4_e2566	-
megahit-m1__c006298_2	3.2.1.68:3|3.2.1.68:15	CBM48(34-125)+GH13_11(215-564)	CBM48_e98(33-126)+GH13_e48(214-565)	CBM48+GH13_11	3	CBM48_e98|GH13_11	alpha-glucan
megahit-m1__c006323_22	-	-	-	GH55_2	1	-	-
megahit-m1__c006327_1	-	-	GT4_e2954(226-315)	GT4	2	GT4_e2954	-
megahit-m1__c006344_2	-	-	-	GT2	1	-	-
megahit-m1__c006362_1	-	-	-	GT2	1	-	-
megahit-m1__c006369_2	-	-	-	GH13_31	1	-	-
megahit-m1__c006393_38	3.2.1.21:33;3.2.1.37:3;3.2.1.-:3	GH3(48-264)	GH3_e165(49-264)	GH3	3	GH3_e165	beta-glucan;xylan;xyloglucan
megahit-m1__c006393_39	3.2.1.39:5|3.2.1.39:5|-	CBM4(19-171)+GH16_3(220-460)+CBM4(491-629)	CBM4_e10(20-171)+GH16_e327(220-460)+CBM4_e23(493-629)	CBM4+GH16_3	3	CBM4_e10|GH16_3|CBM4_e23	beta-glucan;xylan
megahit-m1__c006441_2	-	GT2(6-123)	GT2(6-263)	GT2	3	GT2	-
megahit-m1__c006441_3	-	-	GT121_e191(223-375)	GT121	2	GT121_e191	bacterial outer membrane (OM) polysaccharides
megahit-m1__c006479_3	-	-	-	CE4	1	-	-
megahit-m1__c006496_2	-	GH13_36(72-383)	GH13_e30(72-383)	GH13_36	3	GH13_36	-
megahit-m1__c006496_6	3.2.1.54:9	GH13_20(66-342)	GH13_e477(66-342)	GH13_20	3	GH13_20	alpha-glucan
megahit-m1__c006497_33	-	GT51(66-226)	GT51_e326(68-224)	GT51	3	GT51_e326	-
megahit-m1__c006521_29	-	GH13_48(23-294)	GH13_e39(23-293)	GH13_48	3	GH13_48	-
megahit-m1__c006565_3	-	-	GT4_e2954(228-317)	GT4	2	GT4_e2954	-
megahit-m1__c006565_5	-	GT2(8-178)	GT2(9-192)	GT2	3	GT2	-
megahit-m1__c006565_6	-	GT94(100-358)	GT4_e558(199-345)	GT4	3	GT4_e558	-
megahit-m1__c006661_26	-	-	-	GH24	1	-	-
megahit-m1__c006661_79	-	-	-	GT119	1	-	-
megahit-m1__c006661_98	-	-	CBM50_e464(199-241)	CBM50	2	CBM50_e464	chitin
megahit-m1__c006666_6	-	-	-	GH6	1	-	-
megahit-m1__c006669_3	-	GH73(120-248)	GH73_e350(123-249)	GH0	3	GH73_e350	-
megahit-m1__c006676_12	-	GH57_3(5-317)	GH57_e71(5-317)	AAB99631.1+GH57_3	3	GH57_3	-
megahit-m1__c006676_13	-	GH15(269-601)	GH15_e12(269-601)	AAB99630.1+GH15	3	GH15_e12	-
megahit-m1__c006676_17	-	GT5(2-509)	GT5_e32(2-510)	AAB99625.1+GT5	3	GT5_e32	-
megahit-m1__c006676_44	-	GT2(3-122)	GT2(3-129)	AAB98538.1+GT2	3	GT2	-
megahit-m1__c006691_6	3.2.1.54:9	GH13_20(66-342)	GH13_e477(66-342)	GH13_20	3	GH13_20	alpha-glucan
megahit-m1__c006691_7	-	GH4(27-208)	GH4_e52(27-205)	GH4	3	GH4_e52	-
megahit-m1__c006695_9	-	CE1(78-279)	CE1_e22(79-238)	CE1	3	CE1_e22	-
megahit-m1__c006774_2	-	GT2(28-181)	GT2(28-184)	GT2	3	GT2	-
megahit-m1__c006849_3	-	GT4(198-336)	GT4_e5984(195-334)	GT4	3	GT4_e5984	-
megahit-m1__c006864_1	-	GT4(213-364)	GT4_e1274(215-362)	GT4	3	GT4_e1274	-
megahit-m1__c006872_3	-	-	-	GT50	1	-	-
megahit-m1__c006874_3	-	CE1(79-241)	-	-	1	-	-
megahit-m1__c006920_73	-	-	-	CBM50	1	-	-
megahit-m1__c006967_3	-	-	-	GT2	1	-	-
megahit-m1__c006975_1	-	-	-	CE11	1	-	-
megahit-m1__c007028_3	-	-	-	GT22	1	-	-
megahit-m1__c007031_10	-	GT119(15-360)	GT119_e19(39-359)	GT119	3	GT119_e19	peptidoglycan
megahit-m1__c007146_41	-	GT2(5-144)	GT2(5-165)	GT2	3	GT2	-
megahit-m1__c007146_44	-	GT2(7-164)	GT2(7-166)	GT2	3	GT2	-
megahit-m1__c007193_3	-	GH13_48(38-346)	GH13_e116(38-347)	GH13	3	GH13_48	-
megahit-m1__c007193_6	-	-	GT1_e6(2-298)	GT1	2	GT1_e6	-
megahit-m1__c007221_3	-	CE4(58-192)	CE4_e274(59-195)	-	2	CE4_e274	-
megahit-m1__c007221_6	-|3.2.1.4:2;3.2.1.151:5	-	GH74_e4(79-184)+GH74_e19(186-342)	GH0	2	GH74_e4|GH74_e19	cellulose;xyloglucan
megahit-m1__c007257_9	-	-	-	CBM50	1	-	-
megahit-m1__c007307_2	-	GT4(200-346)	GT4_e1592(201-345)	GT4	3	GT4_e1592	-
megahit-m1__c007393_7	-	GH39(93-367)	GH39_e107(93-363)	GH39	3	GH39_e107	-
megahit-m1__c007495_1	-	-	CBM50_e1400(49-91)	CBM50	2	CBM50_e1400	chitin
megahit-m1__c007519_2	-	-	-	GT2	1	-	-
megahit-m1__c007544_14	-	GH23(171-268)	GH23_e20(171-271)	GH23	3	GH23_e20	-
megahit-m1__c007544_15	-|-	GH23(139-282)	GH23_e783(139-277)+CBM50_e1545(451-492)	CBM50+GH23	3	GH23_e783|CBM50_e1545	chitin
megahit-m1__c007558_2	2.4.1.25:4;2.4.1.-:5	GH13_48(108-215)	GH13_e458(107-489)	GH13	3	GH13_48	alpha-glucan
megahit-m1__c007588_3	-	AA3(26-526)	-	-	1	-	-
megahit-m1__c007617_2	-	-	-	GH0	1	-	-
megahit-m1__c007623_8	-	-	-	GH13_30	1	-	-
megahit-m1__c007641_2	-	GH188(1-134)	-	-	1	-	-
megahit-m1__c007685_7	-	CE1(72-249)	-	-	1	-	-
megahit-m1__c007685_8	-	CE4(40-144)	CE4_e222(43-161)	CE4	3	CE4_e222	-
megahit-m1__c007754_1	-	GH109(54-197)	-	-	1	-	-
megahit-m1__c007772_8	-	-	-	GT2	1	-	-
megahit-m1__c007798_2	-	-	-	GH101	1	-	-
megahit-m1__c007890_2	-	-	-	GT30	1	-	-
megahit-m1__c007894_8	-	-	-	GH131	1	-	-
megahit-m1__c007927_63	-	-	-	CBM48+GH13_9	1	-	-
megahit-m1__c007953_3	-	-	-	GH38	1	-	-
megahit-m1__c007980_3	-	-	-	GH36	1	-	-
megahit-m1__c007980_7	-	-	-	CBM50	1	-	-
megahit-m1__c007989_2	-	-	-	GH5_11	1	-	-
megahit-m1__c008010_2	-	-	-	GH1	1	-	-
megahit-m1__c008017_4	-	-	-	GH0	1	-	-
megahit-m1__c008022_1	-	-	-	GH2_18	1	-	-
megahit-m1__c008031_2	-	-	-	GT2	1	-	-
megahit-m1__c008081_2	-	-	-	GT33	1	-	-
megahit-m1__c008091_12	4.2.2.23:15;4.2.2.24:5	PL11(30-624)	PL11_e0(30-624)	PL11_1	3	PL11_e0	pectin
megahit-m1__c008091_14	-	GH4(4-186)	GH4_e52(4-186)	GH4	3	GH4_e52	-
megahit-m1__c008091_20	3.2.1.40:5	GH106(5-518)	GH106_e1(5-652)	GH106	3	GH106_e1	pectin
megahit-m1__c008139_3	-	-	GT121_e84(275-394)	GT121	2	GT121_e84	bacterial outer membrane (OM) polysaccharides
megahit-m1__c008154_15	-	-	AA4_e3(25-230)	-	1	-	lignin
megahit-m1__c008172_2	-	GT83(9-439)	-	-	1	-	-
megahit-m1__c008284_10	-	GH4(3-181)	GH4_e21(3-180)	GH4	3	GH4_e21	-
megahit-m1__c008303_3	-|-|-	GH13_39(465-796)	CBM34_e12(66-165)+CBM34_e12(263-381)+GH13_e426(465-795)	CBM34+GH13	3	CBM34_e12|CBM34_e12|GH13_39	alpha-glucan
megahit-m1__c008344_20	3.2.1.131:10;3.2.1.139:12	GH67(36-701)	GH67_e1(37-701)	GH67	3	GH67_e1	xylan
megahit-m1__c008355_1	-	-	-	GT2	1	-	-
megahit-m1__c008450_2	-	-	-	GH13_31	1	-	-
megahit-m1__c008450_8	2.4.1.15:67	GT20(3-462)	GT20_e1(3-462)	GT20	3	GT20_e1	-
megahit-m1__c008459_2	-	GT4(206-354)	GT4_e1435(207-356)	GT4	3	GT4_e1435	-
megahit-m1__c008468_2	-	CE4(155-297)	CE4_e292(155-297)	CE4	3	CE4_e292	-
megahit-m1__c008512_1	-	-	GT2(1-88)	GT2	2	GT2	-
megahit-m1__c008519_1	-	GT51(71-247)	GT51_e155(71-247)	GT51	3	GT51_e155	-
megahit-m1__c008519_2	-	GT51(70-233)	GT51_e71(70-233)	GT51	3	GT51_e71	-
megahit-m1__c008527_14	-	CE1(162-358)	-	-	1	-	-
megahit-m1__c008534_2	-	GH39(293-585)	GH39_e122(293-546)	GH39	3	GH39_e122	-
megahit-m1__c008556_2	-	-	-	GH73	1	-	-
megahit-m1__c008572_1	-	GH33(255-571)	-	GH0	2	GH33	-
megahit-m1__c008643_17	-	-	-	GH13_48	1	-	-
megahit-m1__c008643_2	-	GT2(4-132)	GT2(4-192)	GT2	3	GT2	-
megahit-m1__c008697_1	-	-	-	GH13_48	1	-	-
megahit-m1__c008697_12	-	-	-	GT2	1	-	-
megahit-m1__c008697_15	-	-	-	GH131	1	-	-
megahit-m1__c008724_26	-	GH186(67-553)	GH186_e11(64-553)	GH186	3	GH186_e11	beta-glucan
megahit-m1__c008724_27	-	GT2(246-428)	GT2(244-576)	GT2	3	GT2	-
megahit-m1__c008814_2	-	GT28(192-350)	GT28_e119(193-349)	GT28	3	GT28_e119	-
megahit-m1__c008855_11	-	GT2(8-158)	GT2(8-159)	GT2	3	GT2	-
megahit-m1__c008855_15	-	-	-	CE8	1	-	-
megahit-m1__c008886_1	-	-	-	GH28	1	-	-
megahit-m1__c008887_3	-	-	-	GH10	1	-	-
megahit-m1__c008893_15	-	-	-	GH13	1	-	-
megahit-m1__c008894_5	-	GT9(78-331)	GT9_e283(80-333)	GT9	3	GT9_e283	-
megahit-m1__c008926_2	2.4.1.-:4	GT104(7-391)	GT104_e0(7-391)	GT104	3	GT104_e0	-
megahit-m1__c008938_3	-	-	-	GH32	1	-	-
megahit-m1__c008949_66	3.2.1.4:8	GH12(103-272)	GH12_e2(103-270)	AAC95060.1+GH12	3	GH12_e2	cellulose
megahit-m1__c008949_67	3.2.1.4:8	GH12(86-252)	GH12_e13(85-252)	GH12	3	GH12_e13	cellulose
megahit-m1__c008963_2	-	-	-	GH131	1	-	-
megahit-m1__c009011_16	3.2.1.199:9	GH31_13(189-618)	GH31_e85(189-618)	GH31_13	3	GH31_13	glycolipid
megahit-m1__c009011_81	-	-	-	GH84	1	-	-
megahit-m1__c009122_1	-	GT2(63-233)	GT2(63-226)	AAM73235.1+GT2	3	GT2	-
megahit-m1__c009126_3	-	GT4(198-349)	GT4_e3269(199-347)	GT4	3	GT4_e3269	-
megahit-m1__c009145_23	3.2.1.20:2	GH31_1(193-635)	GH31_e41(193-635)	GH31_1	3	GH31_1	alpha-glucan
megahit-m1__c009145_35	-	-	-	GH0	1	-	-
megahit-m1__c009150_1	-	-	-	GH13_3	1	-	-
megahit-m1__c009171_2	-	-	-	GH13	1	-	-
megahit-m1__c009186_3	-	GT2(5-156)	GT2(5-129)	-	2	GT2	-
megahit-m1__c009186_4	-	GT2(5-132)	GT2(5-135)	GT2	3	GT2	-
megahit-m1__c009217_5	-|-	GT116(57-250)+GT2(317-429)	GT116_e2(56-255)+GT2(317-485)	GT2	3	GT116_e2|GT2	-
megahit-m1__c009263_1	-	-	-	GT1	1	-	-
megahit-m1__c009270_11	-	GH105(29-372)	GH105_e41(30-370)	GH105	3	GH105_e41	-
megahit-m1__c009270_12	-|3.2.1.37:2;3.2.1.55:2	GH43_10(16-284)+CBM91(319-520)	GH43_e329(16-284)+CBM91_e12(319-521)	CBM91+GH43_10	3	GH43_10|CBM91_e12	xylan
megahit-m1__c009286_2	-	CE20(113-411)	CE20_e29(113-411)	CE20	3	CE20_e29	xyloglucan
megahit-m1__c009311_2	-	-	-	CBM35	1	-	-
megahit-m1__c009315_4	-	GH3(98-320)	GH3_e195(98-321)	GH3	3	GH3_e195	-
megahit-m1__c009345_3	-	GH171(21-386)	GH171_e23(21-386)	GH171	3	GH171_e23	peptidoglycan
megahit-m1__c009364_1	-	-	-	GH39	1	-	-
megahit-m1__c009410_4	-	GT2(111-273)	GT2(111-271)	GT2	3	GT2	-
megahit-m1__c009444_3	-	GT119(14-362)	GT119_e42(20-361)	GT119	3	GT119_e42	peptidoglycan
megahit-m1__c009452_2	-	-	-	GH1	1	-	-
megahit-m1__c009491_4	-	GH130_3(8-286)	GH130_e17(8-286)	GH130_3	3	GH130_3	beta-mannan
megahit-m1__c009613_2	-	GH171(7-309)	GH171_e26(2-309)	GH171	3	GH171_e26	peptidoglycan
megahit-m1__c009628_3	-	-	GT4_e3077(191-269)	GT4	2	GT4_e3077	-
megahit-m1__c009640_4	-	GT2(62-291)	GT2(62-291)	GT2	3	GT2	-
megahit-m1__c009640_6	-	GT4(252-408)	GT4_e1214(254-402)	GT4	3	GT4_e1214	-
megahit-m1__c009713_22	-	PL22(277-396)	-	-	1	-	-
megahit-m1__c009715_1	-	-	-	CBM48+GH13_9	1	-	-
megahit-m1__c009743_1	-	GH24(36-168)	GH24_e155(36-167)	GH24	3	GH24_e155	peptidoglycan
megahit-m1__c009753_4	-	CE1(31-326)	-	-	1	-	-
megahit-m1__c009807_2	-|-	GH10(39-345)+CBM2(524-624)	GH10_e215(39-345)+CBM2_e65(524-624)	CBM2+GH10	3	GH10_e215|CBM2_e65	cellulose
megahit-m1__c009808_3	-	-	-	GT2	1	-	-
megahit-m1__c009820_3	-	-	-	GH0	1	-	-
megahit-m1__c009822_3	-	GT1(9-417)	GT1_e129(9-417)	GT1	3	GT1_e129	-
megahit-m1__c009938_10	-	-	-	GH6	1	-	-
megahit-m1__c009938_20	-	-	-	GT2	1	-	-
megahit-m1__c009938_50	-	-	-	GT119	1	-	-
megahit-m1__c009938_74	-	-	-	GT4	1	-	-
megahit-m1__c009950_14	-	-	-	GH13_31	1	-	-
megahit-m1__c009974_1	-	GT2(45-216)	GT2(45-275)	GT2	3	GT2	-
megahit-m1__c010003_2	-	-	-	CBM50	1	-	-
megahit-m1__c010022_2	-	GT2(2-232)	GT2(10-233)	GT2	3	GT2	-
megahit-m1__c010023_4	-	GH188(7-149)	-	-	1	-	-
megahit-m1__c010023_5	-	GH177(47-324)	-	-	1	-	-
megahit-m1__c010062_3	-	GT4(198-348)	GT4_e4370(198-307)	GT4	3	GT4_e4370	-
megahit-m1__c010095_4	-	GH103(70-365)	GH103_e28(70-365)	GH103	3	GH103_e28	peptidoglycan
megahit-m1__c010125_3	-	GT2(10-118)	GT2(10-139)	GT2	3	GT2	-
megahit-m1__c010167_2	-	-	GT4_e1731(246-385)	GT4	2	GT4_e1731	-
megahit-m1__c010169_7	-	GT2(6-164)	GT2(6-164)	GT2	3	GT2	-
megahit-m1__c010178_2	-	-	-	GT2	1	-	-
megahit-m1__c010260_3	-	-	-	GH4	1	-	-
megahit-m1__c010261_2	-	-	GT4_e3199(301-444)	-	1	-	-
megahit-m1__c010289_1	-	-	-	GT2	1	-	-
megahit-m1__c010356_2	-	-	GT4_e3818(171-324)	GT0	2	GT4_e3818	-
megahit-m1__c010356_3	-	-	GT4_e7056(231-365)	GT4	2	GT4_e7056	-
megahit-m1__c010360_2	-	-	-	GH13_48	1	-	-
megahit-m1__c010384_5	-	-	-	GH27	1	-	-
megahit-m1__c010397_8	-	GT2(7-150)	GT2(7-198)	GT2	3	GT2	-
megahit-m1__c010407_2	-	-	-	GT2	1	-	-
megahit-m1__c010409_1	-	-	-	GH152	1	-	-
megahit-m1__c010424_2	3.2.1.37:15;3.2.1.55:3	GH3(89-315)	GH3_e88(89-315)	GH3	3	GH3_e88	arabinan;xylan
megahit-m1__c010424_3	3.1.1.72:4	CE7(3-319)	CE7_e23(4-318)	CE7	3	CE7_e23	xylan
megahit-m1__c010442_4	-	GT2(74-196)	GT2(75-283)	-	2	GT2	-
megahit-m1__c010461_19	-	-	CBM50_e976(26-70)	CBM50	2	CBM50_e976	chitin
megahit-m1__c010468_7	-	-	-	GH0	1	-	-
megahit-m1__c010507_2	-	GT119(28-379)	GT119_e159(29-378)	GT119	3	GT119_e159	peptidoglycan
megahit-m1__c010515_4	-	-	-	GT4	1	-	-
megahit-m1__c010520_3	-	GT75(73-371)	GT75_e4(73-371)	GT75	3	GT75_e4	-
megahit-m1__c010534_42	-	GT4(192-345)	GT4_e460(194-344)	GT4	3	GT4_e460	-
megahit-m1__c010534_44	-	GT2(7-166)	GT2(7-145)	GT2	3	GT2	-
megahit-m1__c010534_45	-	AA6(14-191)	-	-	1	-	-
megahit-m1__c010573_3	-	GT4(246-393)	GT4_e248(245-394)	GT4	3	GT4_e248	-
megahit-m1__c010584_3	-	-	-	GH28	1	-	-
megahit-m1__c010595_2	-	GT4(208-368)	GT4_e2148(214-368)	GT4	3	GT4_e2148	-
megahit-m1__c010661_21	-	GT41(62-581)	GT41_e128(57-581)	GT41	3	GT41_e128	-
megahit-m1__c010661_64	-	-	-	GH5_29	1	-	-
megahit-m1__c010684_15	-	-	-	CE8	1	-	-
megahit-m1__c010803_2	-	GT2(13-164)	GT2(12-166)	GT2	3	GT2	-
megahit-m1__c010818_5	-	GT2(3-225)	GT2(7-218)	GT2	3	GT2	-
megahit-m1__c010818_6	-	GT2(4-170)	GT2(5-215)	GT2	3	GT2	-
megahit-m1__c010901_5	-	GT2(12-195)	GT2(13-234)	GT2	3	GT2	-
megahit-m1__c010901_9	-	-	-	GH13	1	-	-
megahit-m1__c010979_2	-	-	-	CBM48+GH13_8+GH13_8	1	-	-
megahit-m1__c011092_15	-	GH9(328-792)	-	-	1	-	-
megahit-m1__c011115_1	-	GT4(182-317)	GT4_e3869(185-320)	GT4	3	GT4_e3869	-
megahit-m1__c011153_3	-	GH13(104-484)	GH13_e148(103-483)	GH13	3	GH13_e148	-
megahit-m1__c011203_4	-	-	-	GT2	1	-	-
megahit-m1__c011233_1	-	CE20(110-400)	CE20_e29(110-400)	CE20	3	CE20_e29	xyloglucan
megahit-m1__c011235_9	-	-	-	CBM50	1	-	-
megahit-m1__c011260_131	-	CE4(50-171)	CE4_e310(49-171)	CE4	3	CE4_e310	-
megahit-m1__c011260_148	-	-	-	GH13_23	1	-	-
megahit-m1__c011260_6	-	GT4(206-356)	GT4_e4997(206-354)	GT4	3	GT4_e4997	-
megahit-m1__c011260_70	-	-	-	GT2	1	-	-
megahit-m1__c011320_2	-	GT4(215-358)	GT4_e2790(214-357)	GT4	3	GT4_e2790	-
megahit-m1__c011401_3	-	-	-	CBM47	1	-	-
megahit-m1__c011446_3	-	CE20(117-406)	CE20_e7(117-405)	CE20	3	CE20_e7	xyloglucan
megahit-m1__c011448_10	-	GT4(208-361)	GT4_e3478(209-359)	AAB99071.1+GT4	3	GT4_e3478	-
megahit-m1__c011448_25	-	AA6(14-189)	-	-	1	-	-
megahit-m1__c011448_4	-	-	-	AAB99065.1+GT0	1	-	-
megahit-m1__c011452_2	-|-|-|-	GH23(137-272)	GH23_e669(137-273)+CBM50_e670(376-417)+CBM50_e670(449-491)+CBM50_e670(588-629)	CBM50+GH23	3	GH23_e669|CBM50_e670|CBM50_e670|CBM50_e670	chitin
megahit-m1__c011462_4	-	GT5(26-494)	GT5_e6(26-494)	GT5	3	GT5_e6	-
megahit-m1__c011546_3	3.2.1.52:16	GH3(51-279)	GH3_e19(55-278)	GH3	3	GH3_e19	chitin
megahit-m1__c011555_2	2.4.1.173:23;2.4.1.-:3	GT1(7-415)	GT1_e153(9-415)	GT1	3	GT1_e153	-
megahit-m1__c011635_1	-	-	-	GH131	1	-	-
megahit-m1__c011657_6	-	AA7(34-227)	-	-	1	-	-
megahit-m1__c011704_3	-	GT4(251-413)	GT4_e538(254-410)	GT4	3	GT4_e538	-
megahit-m1__c011731_10	-	-	-	CBM5	1	-	-
megahit-m1__c011734_3	-	-	-	GH13_31	1	-	-
megahit-m1__c011738_3	-	GT2(6-151)	GT2(6-242)	GT2	3	GT2	-
megahit-m1__c011741_1	-	GH97(13-254)	GH97_e9(2-254)	GH97	3	GH97_e9	-
megahit-m1__c011767_2	-	-	-	GT2	1	-	-
megahit-m1__c011814_2	-	GH130_12(3-113)	GH130_e52(6-113)	-	2	GH130_12	beta-mannan
megahit-m1__c011845_4	-	-	-	GT119	1	-	-
megahit-m1__c011990_5	-	-	-	PL4_2	1	-	-
megahit-m1__c012004_4	-	CE1(26-216)	-	-	1	-	-
megahit-m1__c012031_2	-	CE14(78-187)	CE14_e22(78-185)	CE14	3	CE14_e22	-
megahit-m1__c012041_3	-	-	-	GT47	1	-	-
megahit-m1__c012100_10	3.2.1.37:3	GH39(12-435)	GH39_e57(13-435)	AAA23063.1+GH39	3	GH39_e57	xylan
megahit-m1__c012100_11	-	GH10(18-300)	GH10_e46(1-300)	GH10	3	GH10_e46	-
megahit-m1__c012100_13	-	CE1(10-262)	-	-	1	-	-
megahit-m1__c012100_14	3.2.1.8:5	GH10(12-335)	GH10_e10(11-335)	GH10	3	GH10_e10	xylan
megahit-m1__c012100_15	3.2.1.37:10	GH39(19-442)	GH39_e74(20-441)	GH39	3	GH39_e74	xylan
megahit-m1__c012100_43	-	CE7(3-313)	CE7_e45(3-315)	CE7	3	CE7_e45	-
megahit-m1__c012100_9	-	-	CBM50_e931(318-359)	CBM50	2	CBM50_e931	chitin
megahit-m1__c012115_2	-	CE1(112-315)	-	-	1	-	-
megahit-m1__c012129_10	-	CE1(34-268)	-	-	1	-	-
megahit-m1__c012168_3	-	-	-	CE4	1	-	-
megahit-m1__c012172_4	-	CE1(41-214)	CE1_e74(41-210)	-	2	CE1_e74	-
megahit-m1__c012193_7	-	GT2(5-134)	GT2(5-152)	GT2	3	GT2	-
megahit-m1__c012215_3	-	-	-	GT57	1	-	-
megahit-m1__c012251_2	-	-	-	GT1	1	-	-
megahit-m1__c012270_1	-	-	GT4_e5810(234-349)	GT4	2	GT4_e5810	-
megahit-m1__c012315_2	-	GT2(12-133)	GT2(12-172)	GT2	3	GT2	-
megahit-m1__c012317_5	-	-	-	GH33	1	-	-
megahit-m1__c012327_7	-	-	-	GH130_3	1	-	-
megahit-m1__c012357_57	-	GH179(4-137)	GH179_e0(5-136)	-	2	GH179_e0	chitin
megahit-m1__c012357_83	-	GT81(18-240)	GT81_e40(20-240)	GT81	3	GT81_e40	-
megahit-m1__c012403_4	-	-	-	CBM91	1	-	-
megahit-m1__c012405_1	-	-	-	CBM5	1	-	-
megahit-m1__c012489_1	3.2.1.23:35	GH2_10(89-951)	GH2_e1(88-951)	GH2_10	3	GH2_10	beta-galactan
megahit-m1__c012492_2	-|-|-|-	CBM32(48-161)+CBM32(176-290)+CBM32(346-459)+GH16_3(485-732)	CBM32_e68(49-161)+CBM32_e68(179-290)+CBM32_e337(345-459)+GH16_e309(485-731)	CBM32+GH16_3	3	CBM32_e68|CBM32_e68|CBM32_e337|GH16_3	host glycan
megahit-m1__c012582_2	-	-	GT4_e3333(212-347)	GT4	2	GT4_e3333	-
megahit-m1__c012601_28	-	CBM9(57-223)	-	-	1	-	-
megahit-m1__c012649_14	-	GT83(24-391)	GT83_e13(34-254)	-	2	GT83_e13	-
megahit-m1__c012649_25	-	GT51(114-287)	GT51_e132(114-288)	GT51	3	GT51_e132	-
megahit-m1__c012666_3	-	-	-	GT4	1	-	-
megahit-m1__c012683_10	-	GT4(166-296)	GT4_e2056(167-299)	GT4	3	GT4_e2056	-
megahit-m1__c012683_11	-	GT81(6-204)	GT2(11-165)	GT2	3	GT2	-
megahit-m1__c012683_14	-	GT2(7-110)	GT2(7-228)	GT2	3	GT2	-
megahit-m1__c012733_2	4.2.2.23:2|-	CBM2(36-136)+PL1(241-427)	CBM2_e68(36-136)+PL1_e45(249-427)	CBM2+PL1	3	CBM2_e68|PL1_e45	cellulose
megahit-m1__c012850_16	3.2.1.37:15;3.2.1.55:3	GH3(89-315)	GH3_e88(89-315)	AAB70867.1+GH3	3	GH3_e88	arabinan;xylan
megahit-m1__c012850_53	-	CE4(6-112)	CE4_e420(6-112)	CE4	3	CE4_e420	-
megahit-m1__c012850_9	-	GH10(28-337)	GH10_e215(29-337)	GH10	3	GH10_e215	-
megahit-m1__c012943_4	-	GT83(6-371)	GT83_e127(12-375)	GT83	3	GT83_e127	-
megahit-m1__c012959_43	-	-	-	CBM5	1	-	-
megahit-m1__c013014_6	-	-	-	GT57	1	-	-
megahit-m1__c013023_8	-	AA1(137-329)	-	-	1	-	-
megahit-m1__c013112_3	-	GT4(202-364)	GT4_e3370(201-364)	GT4	3	GT4_e3370	-
megahit-m1__c013112_7	-	-	GT4_e8381(126-255)	GT4	2	GT4_e8381	-
megahit-m1__c013142_2	-	GT9(71-311)	GT9_e362(72-311)	GT9	3	GT9_e362	-
megahit-m1__c013150_2	-	GT4(172-323)	GT4_e664(176-316)	GT4	3	GT4_e664	-
megahit-m1__c013289_2	-	GT4(2-142)	GT4_e6933(2-141)	GT4	3	GT4_e6933	-
megahit-m1__c013315_3	-	-	-	GH152	1	-	-
megahit-m1__c013348_75	-	GT2(5-158)	GT2(5-158)	GT2	3	GT2	-
megahit-m1__c013354_5	-	GT2(6-184)	GT2(4-241)	GT2	3	GT2	-
megahit-m1__c013355_8	-	-	-	GT4	1	-	-
megahit-m1__c013401_2	-	-	-	GT1	1	-	-
megahit-m1__c013425_1	-	-	-	AAM72545.1+GH65	1	-	-
megahit-m1__c013442_2	-	GT28(185-341)	GT28_e198(185-340)	GT28	3	GT28_e198	-
megahit-m1__c013532_3	-	GH177(71-387)	GH177_e10(70-437)	-	2	GH177_e10	host glycan
megahit-m1__c013545_2	-	GT51(74-238)	GT51_e94(74-238)	GT51	3	GT51_e94	-
megahit-m1__c013638_10	-	AA7(38-239)	-	-	1	-	-
megahit-m1__c013683_18	-	GT19(12-374)	GT19_e19(12-373)	GT19	3	GT19_e19	-
megahit-m1__c013717_2	-	GT26(65-232)	GT26_e187(64-232)	GT26	3	GT26_e187	-
megahit-m1__c013853_2	-	GT2(8-133)	GT2(8-124)	AAM72644.1+GT2	3	GT2	-
megahit-m1__c013854_23	-	GH73(197-332)	GH73_e358(197-331)	GH73	3	GH73_e358	-
megahit-m1__c013952_39	-	-	-	CBM50	1	-	-
megahit-m1__c013954_3	-	GH23(313-443)	GH23_e642(310-465)	GH23	3	GH23_e642	-
megahit-m1__c014008_10	2.4.1.19:17	GH13_2(75-394)	GH13_e167(75-394)	GH13_2	3	GH13_2	alpha-glucan
megahit-m1__c014008_14	3.2.1.116:2|3.2.1.116:2	GH13_2(86-435)+CBM20(658-746)	GH13_e169(86-434)+CBM20_e7(658-745)	CBM20+GH13_2	3	GH13_2|CBM20_e7	alpha-glucan
megahit-m1__c014038_1	-	-	-	AAM73305.1+GH13_16	1	-	-
megahit-m1__c014203_2	-	GT4(226-375)	GT4_e3304(226-375)	GT4	3	GT4_e3304	-
megahit-m1__c014205_8	-	-	GT121_e312(241-377)	GT121	2	GT121_e312	bacterial outer membrane (OM) polysaccharides
megahit-m1__c014216_7	-	AA3(3-561)	-	-	1	-	-
megahit-m1__c014332_2	-	-	-	GH28	1	-	-
megahit-m1__c014351_2	-	-	-	GT49	1	-	-
megahit-m1__c014361_58	-	-	-	GH13_31	1	-	-
megahit-m1__c014379_3	-	-	-	GH28	1	-	-
megahit-m1__c014388_2	-	-	-	CBM50	1	-	-
megahit-m1__c014393_2	-	GT4(178-328)	GT4_e3533(178-327)	GT4	3	GT4_e3533	-
megahit-m1__c014424_2	-|-|-	GH26(43-337)+CBM59(371-510)+CBM2(592-693)	GH26_e47(43-337)+CBM59_e5(371-508)+CBM2_e20(592-679)	CBM2+CBM59+GH26	3	GH26_e47|CBM59_e5|CBM2_e20	beta-mannan;cellulose
megahit-m1__c014450_3	-	-	-	GT2	1	-	-
megahit-m1__c014472_15	-	-	-	GH13_48	1	-	-
megahit-m1__c014534_1	-	-	-	GT1	1	-	-
megahit-m1__c014537_2	-	GT81(24-271)	GT81_e37(25-272)	GT81	3	GT81_e37	-
megahit-m1__c014658_2	-	-	-	CBM13	1	-	-
megahit-m1__c014686_23	-	GT5(11-538)	GT5_e34(12-538)	GT5	3	GT5_e34	-
megahit-m1__c014686_7	-	-	-	GH13	1	-	-
megahit-m1__c014751_2	-	-	-	GT32	1	-	-
megahit-m1__c014760_1	-	GT51(61-224)	GT51_e94(61-224)	GT51	3	GT51_e94	-
megahit-m1__c014766_1	-	GT119(15-399)	GT119_e82(19-399)	GT119	3	GT119_e82	peptidoglycan
megahit-m1__c014789_2	-	-	-	CE4	1	-	-
megahit-m1__c014790_2	-	-	-	GT1	1	-	-
megahit-m1__c014792_9	-	GT117(39-306)	GT117_e5(39-299)	GT117	3	GT117_e5	-
megahit-m2__c000049_1	-	-	-	GT2	1	-	-
megahit-m2__c000119_1	3.2.1.86:16	GH4(2-175)	GH4_e24(2-174)	GH4	3	GH4_e24	beta-glucan
megahit-m2__c000194_2	-|-|-	-	GH23_e919(115-220)+CBM50_e946(343-384)+CBM50_e946(439-481)	CBM50+GH23	2	GH23_e919|CBM50_e946|CBM50_e946	chitin
megahit-m2__c000234_42	-	-	-	GH13_31	1	-	-
megahit-m2__c000337_2	-	GT2(9-176)	GT2(10-221)	GT2	3	GT2	-
megahit-m2__c000351_2	-	-	-	GH103+GT119	1	-	-
megahit-m2__c000352_2	-	-	CBM50_e1290(463-504)	CBM50	2	CBM50_e1290	chitin
megahit-m2__c000355_5	-	-	-	GH13_30	1	-	-
megahit-m2__c000363_4	-	-	-	GH28	1	-	-
megahit-m2__c000402_17	-	-	-	GH47	1	-	-
megahit-m2__c000409_2	-	-	CBM5_e103(33-73)	CBM5+GH18	2	CBM5_e103	chitin
megahit-m2__c000492_1	-	CBM2(37-136)	CBM2_e65(37-136)	CBM2	3	CBM2_e65	cellulose
megahit-m2__c000495_5	-	GH57_8(47-341)	GH57_e64(47-341)	GH57_8	3	GH57_8	-
megahit-m2__c000681_37	-	GT4(184-331)	GT4_e6682(190-331)	GT4	3	GT4_e6682	-
megahit-m2__c000713_2	-	GT4(199-351)	GT4_e683(199-350)	GT4	3	GT4_e683	-
megahit-m2__c000713_62	-	-	-	GT2	1	-	-
megahit-m2__c000729_23	3.2.1.21:33;3.2.1.37:3;3.2.1.-:3	GH3(46-262)	GH3_e165(47-262)	GH3	3	GH3_e165	beta-glucan;xylan;xyloglucan
megahit-m2__c000729_24	3.2.1.39:5|3.2.1.39:5|-	CBM4(19-171)+GH16_3(215-455)+CBM4(488-624)	CBM4_e10(20-171)+GH16_e327(215-455)+CBM4_e23(488-624)	CBM4+GH16_3	3	CBM4_e10|GH16_3|CBM4_e23	beta-glucan;xylan
megahit-m2__c000734_2	-	GT4(190-333)	GT4_e8455(191-333)	GT4	3	GT4_e8455	-
megahit-m2__c000747_8	-	-	-	GH28	1	-	-
megahit-m2__c000766_1	-	GH13_4(111-514)	GH13_e83(111-514)	GH13_4	3	GH13_4	-
megahit-m2__c000766_2	-	-	-	CBM13	1	-	-
megahit-m2__c000899_2	-	GH33(402-692)	GH33_e148(393-694)	GH33	3	GH33_e148	host glycan
megahit-m2__c000953_25	-	-	-	GH13_31	1	-	-
megahit-m2__c000959_9	-	-	-	CBM2	1	-	-
megahit-m2__c000978_1	-	GH144(57-454)	GH144_e11(58-454)	GH144	3	GH144_e11	beta-glucan
megahit-m2__c001008_16	3.2.1.21:22;3.2.1.-:4	GH3(30-247)	GH3_e197(32-247)	GH3	3	GH3_e197	beta-glucan;xyloglucan
megahit-m2__c001008_3	3.2.1.21:71;3.2.1.23:2;3.2.1.38:3;3.2.1.-:11	GH1(2-452)	GH1_e113(2-452)	GH1	3	GH1_e113	beta-fucosides;beta-galactan;beta-glucan;polyphenol
megahit-m2__c001008_4	-	GH94(2-786)	GH94_e6(2-786)	GH94	3	GH94_e6	-
megahit-m2__c001008_6	-	-	GT4_e4484(233-381)	GT4	2	GT4_e4484	-
megahit-m2__c001016_1	-|-	GH173(91-338)+CBM32(512-625)	GH173_e3(91-338)+CBM32_e111(513-625)	CBM32+GH173	3	GH173_e3|CBM32_e111	host glycan;pectin
megahit-m2__c001031_27	-	CE1(150-353)	-	-	1	-	-
megahit-m2__c001033_3	-	GT4(210-361)	GT4_e673(216-361)	GT4	3	GT4_e673	-
megahit-m2__c001055_2	-	-	-	GT4	1	-	-
megahit-m2__c001055_7	-	GT11(7-282)	GT11_e10(7-266)	-	2	GT11_e10	-
megahit-m2__c001061_1	-	GH179(67-192)	-	-	1	-	-
megahit-m2__c001106_7	-	-	-	GH36	1	-	-
megahit-m2__c001123_10	-	GT2(18-136)	GT2(18-145)	GT2	3	GT2	-
megahit-m2__c001150_1	-	-	-	GH65	1	-	-
megahit-m2__c001151_23	-	-	-	GT2	1	-	-
megahit-m2__c001211_3	-	-	-	CE3	1	-	-
megahit-m2__c001246_10	-	-	-	GH13_26	1	-	-
megahit-m2__c001254_16	-	AA3(3-558)	-	-	1	-	-
megahit-m2__c001259_11	-	GH179(17-150)	GH179_e0(17-148)	-	2	GH179_e0	chitin
megahit-m2__c001295_2	-	CE14(11-116)	CE14_e33(11-116)	CE14	3	CE14_e33	-
megahit-m2__c001327_35	-	-	-	GT2	1	-	-
megahit-m2__c001333_28	-	GT66(9-306)	-	-	1	-	-
megahit-m2__c001377_1	-	-	-	GT1	1	-	-
megahit-m2__c001378_2	-	-	-	CBM47	1	-	-
megahit-m2__c001417_2	-	-	-	GH13_26	1	-	-
megahit-m2__c001417_6	-	GT2(8-114)	GT2(7-122)	GT2	3	GT2	-
megahit-m2__c001435_5	-	GT30(50-222)	GT30_e105(54-222)	GT30	3	GT30_e105	-
megahit-m2__c001451_2	-	-	-	GT2	1	-	-
megahit-m2__c001455_3	-	-	-	GH13_11	1	-	-
megahit-m2__c001466_1	-	GT2(30-179)	GT2(30-250)	GT2	3	GT2	-
megahit-m2__c001491_3	-	GH171(75-450)	GH171_e9(75-450)	GH171	3	GH171_e9	peptidoglycan
megahit-m2__c001515_2	-	-	-	GH43	1	-	-
megahit-m2__c001557_2	-	GT4(200-356)	GT4_e57(200-356)	GT4	3	GT4_e57	-
megahit-m2__c001563_10	-	GT2(49-207)	GT2(48-243)	GT2	3	GT2	-
megahit-m2__c001585_4	-	GT119(21-411)	GT119_e82(22-409)	GT119	3	GT119_e82	peptidoglycan
megahit-m2__c001619_2	-	GT2(10-118)	GT2(10-124)	GT2	3	GT2	-
megahit-m2__c001619_4	-	GT4(208-349)	GT4_e459(210-348)	GT4	3	GT4_e459	-
megahit-m2__c001637_2	-	-	GT2(6-163)	GT2	2	GT2	-
megahit-m2__c001722_29	-	-	-	GT50	1	-	-
megahit-m2__c001722_43	-	-	-	GH24	1	-	-
megahit-m2__c001746_1	-	GT51(29-201)	GT51_e125(30-201)	GT51	3	GT51_e125	-
megahit-m2__c001757_2	-	-	-	CBM50	1	-	-
megahit-m2__c001775_5	-	-	-	CBM48+GH13_8+GH13_8	1	-	-
megahit-m2__c001884_14	-	-	-	GT1	1	-	-
megahit-m2__c001932_3	-	-	-	CBM50+GH25	1	-	-
megahit-m2__c001941_2	-	-	GT2(134-464)	GT2	2	GT2	-
megahit-m2__c001951_10	-	-	-	GT1	1	-	-
megahit-m2__c001969_1	-	-	-	GH131	1	-	-
megahit-m2__c001971_2	-	-	-	GH39	1	-	-
megahit-m2__c001974_14	-	GT4(186-331)	GT4_e7411(187-331)	GT4	3	GT4_e7411	-
megahit-m2__c001974_15	-	-	GT121_e309(206-353)	GT121	2	GT121_e309	bacterial outer membrane (OM) polysaccharides
megahit-m2__c001974_18	-	GH177(4-321)	GH179_e0(17-216)	-	2	GH179_e0	chitin
megahit-m2__c001974_19	-	-	-	GT0	1	-	-
megahit-m2__c001980_3	-	GH179(22-272)	GH179_e0(23-261)	-	2	GH179_e0	chitin
megahit-m2__c002028_2	-	-	GT4_e3220(281-353)	GT4	2	GT4_e3220	-
megahit-m2__c002035_15	-	GT83(5-416)	GT83_e68(5-458)	GT83	3	GT83_e68	-
megahit-m2__c002096_2	-	GT2(10-116)	GT2(12-246)	GT2	3	GT2	-
megahit-m2__c002096_3	-	GT11(37-316)	GT11_e51(38-314)	GT11	3	GT11_e51	-
megahit-m2__c002146_12	3.2.1.55:10	GH51_1(12-504)	GH51_e65(12-503)	GH51_1	3	GH51_1	arabinan
megahit-m2__c002146_13	-	GH43_4(65-370)	GH43_e651(65-370)	GH43_4	3	GH43_4	-
megahit-m2__c002151_12	2.4.1.25:21	GH77(11-477)	GH77_e26(11-483)	GH77	3	GH77_e26	alpha-glucan
megahit-m2__c002239_6	-	-	-	GT4	1	-	-
megahit-m2__c002263_2	-	GT2(6-171)	GT2(6-170)	GT2	3	GT2	-
megahit-m2__c002268_10	-	GH171(21-386)	GH171_e23(21-386)	GH171	3	GH171_e23	peptidoglycan
megahit-m2__c002321_2	-	GT51(76-250)	GT51_e163(77-250)	GT51	3	GT51_e163	-
megahit-m2__c002333_3	-	-	-	GT4	1	-	-
megahit-m2__c002343_1	-	-	-	CBM48+GH13_8+GH13_8	1	-	-
megahit-m2__c002377_1	-	-	-	GH92	1	-	-
megahit-m2__c002398_6	-	GT2(3-174)	GT2(3-174)	GT2	3	GT2	-
megahit-m2__c002398_7	-	GT2(4-166)	GT2(4-164)	GT2	3	GT2	-
megahit-m2__c002407_7	-	-	-	GT0	1	-	-
megahit-m2__c002412_5	-	-	-	GT2	1	-	-
megahit-m2__c002445_1	-	-	-	CBM50	1	-	-
megahit-m2__c002490_4	-	GT4(203-357)	GT4_e8476(205-357)	GT4	3	GT4_e8476	-
megahit-m2__c002490_6	-	-	GT1_e262(50-363)	GT1	2	GT1_e262	-
megahit-m2__c002498_3	-	-	-	GT1	1	-	-
megahit-m2__c002600_5	-	-	-	GH13_11	1	-	-
megahit-m2__c002633_11	-	GT2(53-279)	GT2(53-279)	GT2	3	GT2	-
megahit-m2__c002633_15	-	-	-	CE4	1	-	-
megahit-m2__c002633_9	-	-	GT2(6-170)	GT2	2	GT2	-
megahit-m2__c002719_20	-	GH103(90-376)	GH103_e41(92-376)	GH103	3	GH103_e41	peptidoglycan
megahit-m2__c002747_38	-	-	-	CBM13	1	-	-
megahit-m2__c002747_69	-	-	-	GT0	1	-	-
megahit-m2__c002756_10	-	-	-	GT1	1	-	-
megahit-m2__c002807_2	-	GT9(104-322)	GT9_e223(106-322)	GT9	3	GT9_e223	-
megahit-m2__c002807_4	-	GT4(195-348)	GT4_e1836(199-350)	GT4	3	GT4_e1836	-
megahit-m2__c002853_2	-	GT83(20-402)	-	-	1	-	-
megahit-m2__c002862_2	-	-	-	GH28	1	-	-
megahit-m2__c002900_11	-	-	-	GH92	1	-	-
megahit-m2__c002940_2	-	GT83(13-347)	-	-	1	-	-
megahit-m2__c002969_3	-	-	GT9_e298(77-199)	AAM73353.1+GT9	2	GT9_e298	-
megahit-m2__c002974_15	-	-	-	GT57	1	-	-
megahit-m2__c002974_17	-|-	GT2(4-163)+GT83(368-767)	GT2(4-149)+GT83_e13(372-670)	GT2	3	GT2|GT83_e13	-
megahit-m2__c002989_2	-	-	-	GT4	1	-	-
megahit-m2__c003011_12	-	-	GH23_e665(463-594)	GH23	2	GH23_e665	-
megahit-m2__c003016_6	3.2.1.67:6	GH28(53-411)	GH28_e67(54-410)	GH28	3	GH28_e67	pectin
megahit-m2__c003016_7	-	-	-	GT30	1	-	-
megahit-m2__c003029_1	-	-	-	GH28	1	-	-
megahit-m2__c003090_18	-|-|2.4.1.333:2;2.4.1.-:2	GH189(1011-1576)+GH94(1803-2884)	GH189_e1(1011-1576)+GH94_e7(1606-1888)+GH94_e1(1800-2882)	GH189+GH94+GT84	3	GH189_e1|GH94_e7|GH94_e1	beta-glucan;chitin
megahit-m2__c003090_20	-	GH177(58-296)	GH179_e0(59-282)	-	2	GH179_e0	chitin
megahit-m2__c003121_1	-	-	-	GT2	1	-	-
megahit-m2__c003121_2	-	-	-	GT2	1	-	-
megahit-m2__c003121_3	-	-	-	GT51	1	-	-
megahit-m2__c003191_2	-	AA6(6-193)	AA6_e2(6-193)	-	2	AA6_e2	lignin
megahit-m2__c003227_60	-	-	-	CBM50	1	-	-
megahit-m2__c003230_12	-	-	-	GT4	1	-	-
megahit-m2__c003246_2	-	-	-	CBM50	1	-	-
megahit-m2__c003308_2	-	-	-	GH1	1	-	-
megahit-m2__c003308_5	-	-	-	CE4	1	-	-
megahit-m2__c003314_2	3.2.1.4:5;3.2.1.8:29|3.2.1.4:2;3.2.1.8:2|3.2.1.4:3	GH10(45-372)+CBM3(426-506)+GH5_1(637-976)	GH10_e141(45-371)+CBM3_e16(427-505)+GH5_e650(637-976)	CBM3+GH10+GH5_1	3	GH10_e141|CBM3_e16|GH5_1	beta-glucan;cellulose;chitin;xylan
megahit-m2__c003317_21	-	GH2_10(41-897)	GH2_e230(39-898)	GH2_10	3	GH2_10	-
megahit-m2__c003317_9	-	SLH(2409-2449)	-	-	1	-	-
megahit-m2__c003318_13	-	-	-	GT51	1	-	-
megahit-m2__c003353_14	-	-	-	GH71	1	-	-
megahit-m2__c003389_12	-	-	-	GH16	1	-	-
megahit-m2__c003397_1	3.2.1.-:2	GH43_29(20-297)	GH43_e22(20-297)	GH43_29	3	GH43_29	arabinan
megahit-m2__c003445_2	-	CE17(123-293)	CE17_e0(121-293)	CE0	3	CE17_e0	beta-mannan
megahit-m2__c003473_1	-	-	-	GT11	1	-	-
megahit-m2__c003488_10	-	AA1(65-557)	AA1_e83(67-557)	-	2	AA1_e83	lignin
megahit-m2__c003510_5	-	GH171(27-401)	GH171_e8(27-401)	GH171	3	GH171_e8	peptidoglycan
megahit-m2__c003544_3	-	GT119(21-367)	GT119_e70(23-365)	GT119	3	GT119_e70	peptidoglycan
megahit-m2__c003546_21	-	-	-	GT4	1	-	-
megahit-m2__c003578_1	-	GT21(26-252)	GT2(42-252)	GT2	3	GT2	-
megahit-m2__c003662_8	3.2.1.-:4	GH73(13-132)	GH73_e213(13-132)	-	2	GH73_e213	peptidoglycan
megahit-m2__c003715_2	-	CE1(156-436)	CBM20_e34(40-118)	-	2	CBM20_e34|CE1	alpha-glucan
megahit-m2__c003724_3	-	GH179(23-196)	GH179_e0(24-193)	-	2	GH179_e0	chitin
megahit-m2__c003816_2	3.2.1.4:19;3.2.1.73:3;3.2.1.91:5;3.2.1.-:2|-	GH9(151-626)+CBM2(709-808)	GH9_e1(151-626)+CBM2_e6(709-808)	CBM2+GH9	3	GH9_e1|CBM2_e6	beta-glucan;cellulose
megahit-m2__c003821_7	-	GH188(15-281)	GH179_e0(29-159)	-	2	GH179_e0	chitin
megahit-m2__c003822_2	-	-	-	GH92	1	-	-
megahit-m2__c003834_14	-	GH13_2(59-387)	GH13_e77(59-387)	GH13	3	GH13_2	-
megahit-m2__c003834_151	-	-	-	GH130_3	1	-	-
megahit-m2__c003834_184	-	-	-	GH24	1	-	-
megahit-m2__c003834_19	-	GH38(241-492)	GH38_e18(241-491)	GH38	3	GH38_e18	-
megahit-m2__c003834_311	-	GT4(18-174)	GT4_e6200(19-174)	GT4	3	GT4_e6200	-
megahit-m2__c003834_312	-	-	-	GT4	1	-	-
megahit-m2__c003834_313	-	GH191(12-277)	GH191_e14(13-279)	GH191	3	GH191_e14	-
megahit-m2__c003834_318	-	GT4(277-432)	GT4_e6200(278-432)	GT4	3	GT4_e6200	-
megahit-m2__c003834_56	-	-	-	GT2	1	-	-
megahit-m2__c003834_65	3.2.1.25:9	GH2_13(17-686)	GH2_e111(17-682)	GH2_13	3	GH2_13	beta-mannan
megahit-m2__c003850_6	-	-	-	GH0	1	-	-
megahit-m2__c003856_2	-	GT19(4-336)	GT19_e39(4-336)	GT19	3	GT19_e39	-
megahit-m2__c003875_2	-	-	-	GH13_11	1	-	-
megahit-m2__c003889_2	-	GH186(108-591)	GH186_e0(112-591)	GH186	3	GH186_e0	beta-glucan
megahit-m2__c003918_20	-	GH130_6(5-294)	GH130_e43(5-294)	GH130_6	3	GH130_6	beta-mannan
megahit-m2__c003949_1	-	-	-	GT2	1	-	-
megahit-m2__c003974_2	3.2.1.1:2	GH13_1(114-410)	GH13_e206(114-410)	GH13	3	GH13_1	alpha-glucan
megahit-m2__c003989_9	-	-	-	GT0	1	-	-
megahit-m2__c003993_4	-	-	-	GT4	1	-	-
megahit-m2__c003993_5	-	GT2(19-142)	GT2(19-137)	GT2	3	GT2	-
megahit-m2__c003993_8	-	-	-	GT2	1	-	-
megahit-m2__c003994_2	2.4.1.18:4|2.4.1.18:14	CBM48(80-165)+GH13_9(233-533)	CBM48_e134(79-169)+GH13_e200(233-533)	CBM48+GH13_9	3	CBM48_e134|GH13_9	alpha-glucan
megahit-m2__c003994_3	-	-	-	GT5	1	-	-
megahit-m2__c003994_4	-	GH57_2(11-482)	GH57_e28(11-481)	GH57_2	3	GH57_2	-
megahit-m2__c003994_5	-	GH57_1(10-340)	GH57_e16(10-362)	GH57_1	3	GH57_1	-
megahit-m2__c004118_3	-	-	-	GH13_31	1	-	-
megahit-m2__c004121_3	-	GT2(5-168)	GT2(5-168)	GT2	3	GT2	-
megahit-m2__c004168_6	-	-	-	GH0	1	-	-
megahit-m2__c004168_9	-	-	-	GT2	1	-	-
megahit-m2__c004186_2	-	-	-	GH13_48	1	-	-
megahit-m2__c004209_7	-	-	-	GH13_23	1	-	-
megahit-m2__c004214_13	-	CE1(40-326)	CE1_e22(48-202)	-	2	CE1_e22	-
megahit-m2__c004214_8	-	-	-	AA9	1	-	-
megahit-m2__c004273_1	-	GT2(14-175)	GT2(14-222)	-	2	GT2	-
megahit-m2__c004305_4	-	CE1(62-236)	-	-	1	-	-
megahit-m2__c004336_12	-	GH23(87-179)	GH23_e653(88-182)	GH23	3	GH23_e653	-
megahit-m2__c004385_38	-	-	GT4_e6356(215-347)	GT4	2	GT4_e6356	-
megahit-m2__c004385_41	-	-	GT121_e374(248-372)	GT121	2	GT121_e374	bacterial outer membrane (OM) polysaccharides
megahit-m2__c004385_44	-	-	-	GT4	1	-	-
megahit-m2__c004418_2	-	-	-	GT2	1	-	-
megahit-m2__c004457_2	-	GH103(56-348)	GH103_e12(64-348)	GH103	3	GH103_e12	peptidoglycan
megahit-m2__c004457_3	2.4.1.129:2	GT119(21-363)	GT119_e146(26-362)	GT119	3	GT119_e146	peptidoglycan
megahit-m2__c004512_1	-	-	-	GT121	1	-	-
megahit-m2__c004532_37	-	-	-	GH24	1	-	-
megahit-m2__c004532_77	-|2.4.1.333:2;2.4.1.-:2	GH189(1158-1430)+GH94(1661-2767)	GH189_e1(1160-1430)+GH94_e1(1659-2767)	GH189+GH94+GT84	3	GH189_e1|GH94_e1	beta-glucan;chitin
megahit-m2__c004541_1	-	-	-	CBM51	1	-	-
megahit-m2__c004547_5	-	GT2(18-175)	GT2(18-175)	AAB99226.1+GT2	3	GT2	-
megahit-m2__c004547_65	-	-	-	GH0	1	-	-
megahit-m2__c004638_16	3.2.1.8:20|3.2.1.8:20|3.2.1.4:5;3.2.1.8:29	CBM22(45-157)+CBM22(194-326)+GH10(354-677)	CBM22_e1(44-165)+CBM22_e1(195-324)+GH10_e141(355-677)	CBM22+GH10	3	CBM22_e1|CBM22_e1|GH10_e141	beta-glucan;xylan
megahit-m2__c004638_17	-|3.2.1.8:4;3.2.1.55:3|3.2.1.55:4|-|3.2.1.8:3;3.2.1.55:13;3.2.1.-:2	GH43_10(56-321)+CBM22(378-503)+CBM91(541-722)+GH43_16(889-1197)+CBM6(1220-1347)	GH43_e383(56-321)+CBM22_e12(378-502)+CBM91_e72(541-719)+GH43_e522(889-1197)+CBM6_e6(1221-1345)	CBM22+CBM6+CBM91+GH43_10+GH43_16	3	GH43_10|CBM22_e12|CBM91_e72|GH43_16|CBM6_e6	beta-glucan;cellulose;xylan
megahit-m2__c004638_33	-	GT2(38-201)	GT2(38-336)	GT2	3	GT2	-
megahit-m2__c004638_35	2.4.1.161:3;2.4.1.-:2;3.2.1.1:3;3.2.1.10:26;3.2.1.20:21;3.2.1.70:2;3.2.1.-:8;5.4.99.11:31	GH13_31(37-384)	GH13_e486(35-384)	GH13_31	3	GH13_31	alpha-glucan;sucrose
megahit-m2__c004639_1	-	-	-	GT2	1	-	-
megahit-m2__c004649_3	-	GH73(166-282)	GH73_e142(164-282)	GH73	3	GH73_e142	-
megahit-m2__c004649_4	-	CE4(26-160)	CE4_e708(27-158)	-	2	CE4_e708	-
megahit-m2__c004668_2	-	-	-	GH28	1	-	-
megahit-m2__c004668_3	-	GT9(68-326)	GT9_e138(68-326)	GT9	3	GT9_e138	-
megahit-m2__c004718_6	-	GT35(160-480)	GT35_e13(22-481)	GT35	3	GT35_e13	-
megahit-m2__c004718_9	3.2.1.54:2	GH13_20(167-461)	GH13_e32(167-461)	GH13_20	3	GH13_20	alpha-glucan
megahit-m2__c004789_1	-	GH177(34-413)	GH177_e7(34-415)	-	2	GH177_e7	host glycan
megahit-m2__c004835_2	-	GT2(24-172)	GT2(100-276)	GT2	3	GT2|GT2	-
megahit-m2__c004852_52	3.2.1.6:2;3.2.1.73:2	CBM54(201-315)	CBM54_e1(201-315)	CBM54	3	CBM54_e1	beta-glucan;xylan
megahit-m2__c004920_2	-	GT83(3-339)	GT83_e119(11-338)	-	2	GT83_e119	-
megahit-m2__c004970_1	3.2.1.52:4	GH20(256-665)	GH20_e61(255-665)	GH20	3	GH20_e61	host glycan
megahit-m2__c004971_3	-	GT12(9-165)	GT12_e1(9-165)	GT12	3	GT12_e1	-
megahit-m2__c004996_5	-|-	GT2(1044-1202)+GT2(1270-1448)	GT2(1039-1245)+GT2(1269-1507)	GT2	3	GT2|GT2	-
megahit-m2__c005038_4	-	-	-	GH13_31	1	-	-
megahit-m2__c005071_2	-	GT28(205-361)	GT28_e68(205-359)	GT28	3	GT28_e68	-
megahit-m2__c005080_1	-	-	-	GH76	1	-	-
megahit-m2__c005101_4	-	-	-	CE8	1	-	-
megahit-m2__c005143_1	-	-	-	GT2	1	-	-
megahit-m2__c005188_7	-	GT4(181-319)	GT4_e1316(182-324)	GT4	3	GT4_e1316	-
megahit-m2__c005274_2	-	GT2(5-168)	GT2(5-166)	GT2	3	GT2	-
megahit-m2__c005300_3	-	GT2(5-149)	GT2(5-155)	-	2	GT2	-
megahit-m2__c005336_11	-	-	-	GT2	1	-	-
megahit-m2__c005336_12	-	-	-	GT2	1	-	-
megahit-m2__c005336_9	-	GT2(11-185)	GT2(9-246)	GT2	3	GT2	-
megahit-m2__c005374_2	-	GT2(6-149)	GT2(6-120)	GT2	3	GT2	-
megahit-m2__c005384_2	-	CE11(2-267)	CE11_e43(2-267)	CE11	3	CE11_e43	exo-polysaccharide
megahit-m2__c005478_1	-	CE14(5-123)	CE14_e65(7-123)	-	2	CE14_e65	-
megahit-m2__c005494_1	-	GT4(180-318)	GT4_e2418(180-318)	GT4	3	GT4_e2418	-
megahit-m2__c005547_2	-	-	-	GH131	1	-	-
megahit-m2__c005612_11	-	GH3(67-291)	GH3_e193(70-290)	GH3	3	GH3_e193	-
megahit-m2__c005626_5	-	GT1(5-437)	GT1_e812(6-436)	GT1	3	GT1_e812	-
megahit-m2__c005627_10	-	-	-	GT2	1	-	-
megahit-m2__c005627_7	-	GT35(273-630)	GT35_e13(127-645)	GT35	3	GT35_e13	-
megahit-m2__c005644_78	-	AA3(2-389)	-	-	1	-	-
megahit-m2__c005653_3	-	-	-	CBM5+CBM73	1	-	-
megahit-m2__c005668_3	-	GT25(44-216)	GT25_e214(44-209)	GT25	3	GT25_e214	-
megahit-m2__c005680_2	-	-	-	GT2	1	-	-
megahit-m2__c005683_54	-	GT2(11-143)	GT2(12-141)	-	2	GT2	-
megahit-m2__c005688_2	-	GT2(4-190)	GT2(3-240)	GT2	3	GT2	-
megahit-m2__c005705_1	-	GH177(11-328)	GH109_e10(10-283)	-	2	GH109_e10	host glycan
megahit-m2__c005753_2	-	GT2(42-257)	GT2(42-258)	GT2	3	GT2	-
megahit-m2__c005859_1	-	-	-	GH13_48	1	-	-
megahit-m2__c005897_2	-	-	-	GT1	1	-	-
megahit-m2__c005900_5	-	GT119(26-377)	GT119_e2(27-376)	GT119	3	GT119_e2	peptidoglycan
megahit-m2__c005905_1	-	-	-	GH13_11	1	-	-
megahit-m2__c005924_6	-	GH88(57-361)	GH88_e48(56-360)	GH88	3	GH88_e48	host glycan
megahit-m2__c005950_5	-	GT4(193-338)	GT4_e7117(196-339)	GT4	3	GT4_e7117	-
megahit-m2__c005986_4	-	GT4(216-366)	GT4_e3378(217-367)	GT4	3	GT4_e3378	-
megahit-m2__c006056_1	-	-	-	CE9	1	-	-
megahit-m2__c006077_3	3.2.1.54:37;3.2.1.133:20;3.2.1.135:9|3.2.1.54:2	CBM34(6-122)+GH13_20(169-466)	CBM34_e0(6-122)+GH13_e32(169-466)	CBM34+GH13_20	3	CBM34_e0|GH13_20	alpha-glucan
megahit-m2__c006182_10	-	GH28(30-368)	GH28_e10(31-368)	GH28	3	GH28_e10	pectin
megahit-m2__c006182_2	-	-	-	CBM50	1	-	-
megahit-m2__c006182_9	-	GH2_10(41-899)	GH2_e230(39-900)	GH2_10	3	GH2_10	-
megahit-m2__c006248_20	-	-	GT4_e8493(217-392)	GT4	2	GT4_e8493	-
megahit-m2__c006248_21	-	GH38(2-220)	GH38_e2(4-239)	GH38	3	GH38_e2	-
megahit-m2__c006317_10	-	-	-	GT4	1	-	-
megahit-m2__c006326_4	-	-	-	GT2	1	-	-
megahit-m2__c006332_2	-	-	-	GT14	1	-	-
megahit-m2__c006341_1	-	-	-	GH36	1	-	-
megahit-m2__c006343_120	-	-	-	GT4	1	-	-
megahit-m2__c006352_5	-	GT4(171-300)	GT4_e907(175-310)	GT4	3	GT4_e907	-
megahit-m2__c006376_1	-	-	-	CE6	1	-	-
megahit-m2__c006377_7	-	AA1(67-598)	AA1_e136(68-330)	-	2	AA1_e136	lignin
megahit-m2__c006382_1	-	-	-	GT2	1	-	-
megahit-m2__c006410_1	-	-	-	GT2	1	-	-
megahit-m2__c006452_2	-	GH43_26(82-378)	GH43_e154(82-378)	GH43_26	3	GH43_26	-
megahit-m2__c006459_1	-	-	-	GT2	1	-	-
megahit-m2__c006472_1	-	GH39(122-430)	GH39_e84(123-354)	GH39	3	GH39_e84	-
megahit-m2__c006487_2	-	-	-	GH0	1	-	-
megahit-m2__c006492_4	-	GT121(189-336)	GT121_e68(193-336)	GT121	3	GT121_e68	bacterial outer membrane (OM) polysaccharides
megahit-m2__c006492_5	-	GT9(86-330)	GT9_e315(87-329)	GT9	3	GT9_e315	-
megahit-m2__c006539_2	-	-	-	GH29	1	-	-
megahit-m2__c006617_2	-	GH103(62-347)	GH103_e29(62-346)	AAN70374.1+GH103	3	GH103_e29	peptidoglycan
megahit-m2__c006624_2	-	GT2(5-164)	GT2(5-147)	GT2	3	GT2	-
megahit-m2__c006628_2	-	GT2(14-111)	GT2(14-115)	-	2	GT2	-
megahit-m2__c006717_8	-	GT2(7-152)	GT2(7-133)	GT2	3	GT2	-
megahit-m2__c006739_2	-	-	GT4_e8262(219-325)	GT0	2	GT4_e8262	-
megahit-m2__c006770_7	3.2.1.165:4	GH35(12-207)	GH35_e35(12-417)	GH35	3	GH35_e35	chitin
megahit-m2__c006779_16	-	-	-	GT2	1	-	-
megahit-m2__c006807_2	-	GT119(20-363)	GT119_e111(20-364)	GT119	3	GT119_e111	peptidoglycan
megahit-m2__c006831_10	-	-	-	GT2	1	-	-
megahit-m2__c006831_17	-	-	-	GH39	1	-	-
megahit-m2__c006839_18	-	GT119(86-400)	GT119_e118(87-400)	GT119	3	GT119_e118	peptidoglycan
megahit-m2__c006870_2	-	GT30(40-216)	GT30_e22(40-216)	GT30	3	GT30_e22	-
megahit-m2__c006901_1	-	-	-	GT2	1	-	-
megahit-m2__c006913_3	-	GT1(10-393)	GT1_e1168(12-393)	GT1	3	GT1_e1168	-
megahit-m2__c006947_3	-	GT2(10-140)	GT2(10-120)	GT2	3	GT2	-
megahit-m2__c006958_1	-	GT2(11-173)	GT2(11-174)	GT2	3	GT2	-
megahit-m2__c007029_1	-	-	-	GT2	1	-	-
megahit-m2__c007033_7	-	GT83(58-415)	-	-	1	-	-
megahit-m2__c007047_2	-	-	-	GT2	1	-	-
megahit-m2__c007218_18	-	-	-	GH0	1	-	-
megahit-m2__c007287_18	-	GH177(26-255)	GH188_e1(28-224)	-	2	GH188_e1	glycolipid
megahit-m2__c007299_1	-	-	-	GT1	1	-	-
megahit-m2__c007329_1	-	-	-	GH23	1	-	-
megahit-m2__c007348_5	-	GH13(335-703)	GH13_e270(340-702)	GH13	3	GH13_e270	-
megahit-m2__c007352_3	-	GT2(6-112)	GT2(6-139)	GT2	3	GT2	-
megahit-m2__c007352_4	-	CE4(66-207)	CE4_e345(67-207)	CE4	3	CE4_e345	-
megahit-m2__c007352_5	-	GT4(214-350)	GT4_e4723(214-350)	AAL95441.1+GT4	3	GT4_e4723	-
megahit-m2__c007540_105	-	GH127(26-532)	GH127_e8(26-532)	GH127	3	GH127_e8	-
megahit-m2__c007540_109	3.2.1.99:8	GH43_4(33-363)	GH43_e38(33-363)	GH43_4	3	GH43_4	arabinan
megahit-m2__c007540_57	-	GT119(11-356)	GT119_e124(12-354)	GT119	3	GT119_e124	peptidoglycan
megahit-m2__c007567_2	-	-	GT4_e8230(222-385)	GT4	2	GT4_e8230	-
megahit-m2__c007598_1	-	GH17(32-274)	GH17_e78(32-274)	GH17+GT2	3	GH17_e78	-
megahit-m2__c007650_1	-	-	-	GH23	1	-	-
megahit-m2__c007691_2	-	GH38(8-261)	GH38_e5(8-257)	GH38	3	GH38_e5	-
megahit-m2__c007691_4	2.4.1.217:3	GT55(4-370)	GT55_e1(4-370)	GT55	3	GT55_e1	-
megahit-m2__c007719_14	3.2.1.17:11	GH23(172-282)	GH23_e335(160-281)	GH23	3	GH23_e335	peptidoglycan
megahit-m2__c007744_4	-	GT2(7-128)	GT2(6-228)	GT2	3	GT2	-
megahit-m2__c007851_2	-	GT9(77-310)	GT9_e72(77-309)	GT9	3	GT9_e72	-
megahit-m2__c007859_4	-	GH179(20-358)	GH179_e0(20-356)	-	2	GH179_e0	chitin
megahit-m2__c007859_5	-	GH179(18-346)	GH179_e0(18-346)	-	2	GH179_e0	chitin
megahit-m2__c007868_10	-	-	-	CBM50+GH25	1	-	-
megahit-m2__c007868_6	-	-	-	GH27	1	-	-
megahit-m2__c007875_2	-	-	-	GT4	1	-	-
megahit-m2__c007890_2	-	GT2(6-121)	GT2(6-136)	GT2	3	GT2	-
megahit-m2__c007891_2	-	-	-	GH38	1	-	-
megahit-m2__c007899_3	2.4.1.25:4;2.4.1.-:5	GH13_48(118-230)	GH13_e458(117-499)	GH13	3	GH13_48	alpha-glucan
megahit-m2__c007911_3	-	-	-	GT22	1	-	-
megahit-m2__c007980_3	-	GT5(7-485)	GT5_e4(7-484)	GT5	3	GT5_e4	-
megahit-m2__c008089_3	-	-	-	CBM5	1	-	-
megahit-m2__c008129_2	-	GH27(108-364)	GH27_e88(110-363)	GH27	3	GH27_e88	-
megahit-m2__c008164_3	-	-	-	GH2_1	1	-	-
megahit-m2__c008164_4	-	CE20(129-397)	CE20_e27(128-400)	CE20	3	CE20_e27	xyloglucan
megahit-m2__c008186_2	-	GT2(5-123)	GT2(5-132)	GT2	3	GT2	-
megahit-m2__c008218_3	-	-	-	GT2	1	-	-
megahit-m2__c008227_2	-	-	-	GH13	1	-	-
megahit-m2__c008232_4	-	GT4(225-377)	GT4_e1041(224-375)	GT4	3	GT4_e1041	-
megahit-m2__c008289_11	-	-	-	GH43_29	1	-	-
megahit-m2__c008289_9	-	-	-	AA3_2+AA3_2	1	-	-
megahit-m2__c008337_4	-	GH23(40-158)	GH23_e648(38-155)	GH23	3	GH23_e648	-
megahit-m2__c008372_2	-	GT4(175-320)	GT4_e2489(177-321)	GT4	3	GT4_e2489	-
megahit-m2__c008426_2	-	GT119(50-393)	GT119_e70(51-393)	GT119	3	GT119_e70	peptidoglycan
megahit-m2__c008525_4	-	-	-	GH0	1	-	-
megahit-m2__c008536_2	-	CE14(69-184)	-	-	1	-	-
megahit-m2__c008537_11	-	-	-	GH3	1	-	-
megahit-m2__c008538_13	-	GH3(64-286)	GH3_e110(64-286)	GH3	3	GH3_e110	-
megahit-m2__c008543_5	-	GT2(11-119)	GT2(11-144)	GT2	3	GT2	-
megahit-m2__c008574_2	-	GH188(1-133)	-	-	1	-	-
megahit-m2__c008588_1	-	GH147(31-525)	GH147_e2(31-525)	GH147	3	GH147_e2	-
megahit-m2__c008667_3	-	-	-	GT2	1	-	-
megahit-m2__c008687_1	-	-	-	GT2	1	-	-
megahit-m2__c008711_14	-	GH154(27-379)	GH154_e28(26-379)	GH154	3	GH154_e28	arabinogalactan
megahit-m2__c008711_19	-	-	-	GT2	1	-	-
megahit-m2__c008711_25	-	GT2(7-132)	GT2(7-111)	GT2	3	GT2	-
megahit-m2__c008711_5	-	GT81(18-243)	GT81_e40(20-243)	GT81	3	GT81_e40	-
megahit-m2__c008734_7	-	GH65(285-667)	GH65_e21(285-667)	GH65	3	GH65_e21	-
megahit-m2__c008769_10	-	-	-	CBM6	1	-	-
megahit-m2__c008799_3	-	-	GH74_e7(247-366)	GH0	2	GH74_e7	-
megahit-m2__c008821_16	-	-	-	PL4_2	1	-	-
megahit-m2__c008867_9	3.5.1.108:18	CE11(55-326)	CE11_e22(55-326)	CE11	3	CE11_e22	exo-polysaccharide
megahit-m2__c008892_6	-	-	-	GT4	1	-	-
megahit-m2__c008904_1	-	-	-	GT33	1	-	-
megahit-m2__c008925_1	-	AA6(6-165)	-	-	1	-	-
megahit-m2__c008934_1	-	-	-	GT0	1	-	-
megahit-m2__c008990_3	-	-	-	GH13	1	-	-
megahit-m2__c008994_3	-	CE1(31-261)	-	-	1	-	-
megahit-m2__c008997_3	-	GT4(195-337)	GT4_e3043(195-328)	GT4	3	GT4_e3043	-
megahit-m2__c009001_5	-	-	-	CBM50	1	-	-
megahit-m2__c009025_3	-	GT81(101-292)	GT81_e38(101-287)	AAG18863.1+GT81	3	GT81_e38	-
megahit-m2__c009118_1	-	-	-	GT47	1	-	-
megahit-m2__c009131_5	-	-	-	GT51	1	-	-
megahit-m2__c009158_14	-	CBM22(33-126)	CBM22_e3(33-126)	CBM22	3	CBM22_e3	xylan
megahit-m2__c009159_1	3.2.1.21:71;3.2.1.23:2;3.2.1.38:3;3.2.1.-:11	GH1(3-204)	GH1_e113(3-204)	GH1	3	GH1_e113	beta-fucosides;beta-galactan;beta-glucan;polyphenol
megahit-m2__c009159_2	3.2.1.25:9	GH2_13(7-674)	GH2_e111(7-675)	GH2_13	3	GH2_13	beta-mannan
megahit-m2__c009159_31	-	-	-	GT4	1	-	-
megahit-m2__c009159_52	-	GT51(80-260)	GT51_e59(84-260)	GT51	3	GT51_e59	-
megahit-m2__c009353_3	-	CE4(73-185)	CE4_e477(74-189)	CE4	3	CE4_e477	-
megahit-m2__c009406_35	-	-	-	GT30	1	-	-
megahit-m2__c009406_44	3.2.1.37:15;3.2.1.55:3	GH3(89-315)	GH3_e88(89-315)	GH3	3	GH3_e88	arabinan;xylan
megahit-m2__c009406_45	3.2.1.21:71;3.2.1.23:2;3.2.1.38:3;3.2.1.-:11	GH1(2-204)	GH1_e113(2-204)	GH1	3	GH1_e113	beta-fucosides;beta-galactan;beta-glucan;polyphenol
megahit-m2__c009411_155	-	-	-	GH13_30	1	-	-
megahit-m2__c009411_25	-	-	-	GT1	1	-	-
megahit-m2__c009411_30	-	-	-	GH13_31	1	-	-
megahit-m2__c009420_53	-	-	-	GT4	1	-	-
megahit-m2__c009420_62	-	-	GT28_e129(195-281)	GT28	2	GT28_e129	-
megahit-m2__c009430_5	2.4.1.25:21	GH77(17-501)	GH77_e26(17-504)	GH77	3	GH77_e26	alpha-glucan
megahit-m2__c009434_1	-	GT41(241-672)	GT41_e8(245-672)	GT41	3	GT41_e8	-
megahit-m2__c009459_4	-	GT4(156-303)	GT4_e6920(156-304)	GT4	3	GT4_e6920	-
megahit-m2__c009509_1	-	-	-	CE8	1	-	-
megahit-m2__c009557_1	-	GH179(47-343)	-	-	1	-	-
megahit-m2__c009562_7	-	-	GH24_e48(19-77)	-	1	-	peptidoglycan
megahit-m2__c009593_2	-	GH13_36(76-387)	GH13_e30(76-387)	GH13_36	3	GH13_36	-
megahit-m2__c009619_11	-	-	-	GH103	1	-	-
megahit-m2__c009620_7	-	GT19(5-341)	GT19_e14(4-345)	GT19	3	GT19_e14	-
megahit-m2__c009644_3	-|-	-	CBM50_e677(132-181)+CBM50_e677(193-241)	CBM50	2	CBM50_e677|CBM50_e677	chitin
megahit-m2__c009652_15	2.4.1.25:2	GH13_36(19-320)	GH13_e8(19-320)	GH13	3	GH13_36	alpha-glucan
megahit-m2__c009666_4	-	-	-	GT33	1	-	-
megahit-m2__c009674_2	-	GH23(127-261)	GH23_e731(127-261)	GH23	3	GH23_e731	-
megahit-m2__c009712_4	-	-	-	GT22	1	-	-
megahit-m2__c009718_3	-	-	-	GT1	1	-	-
megahit-m2__c009755_4	3.2.1.22:2	GH57_4(3-318)	GH57_e39(3-318)	GH57_4	3	GH57_4	alpha-galactan
megahit-m2__c009755_6	-	GH1(4-407)	GH1_e199(4-406)	GH1	3	GH1_e199	-
megahit-m2__c009787_2	-	GT4(195-344)	GT4_e7052(196-342)	GT4	3	GT4_e7052	-
megahit-m2__c009797_2	-	-	-	GH0	1	-	-
megahit-m2__c009832_23	-	GT66(5-686)	GT66_e42(11-684)	GT66	3	GT66_e42	-
megahit-m2__c009841_5	-	GT2(10-145)	GT2(10-139)	GT2	3	GT2	-
megahit-m2__c009885_2	-	GT116(7-205)	GT116_e2(5-203)	-	2	GT116_e2	-
megahit-m2__c009942_4	-	-	-	GT2	1	-	-
megahit-m2__c009954_2	2.4.1.230:11	GH65(344-729)	GH65_e4(344-728)	GH65	3	GH65_e4	alpha-glucan
megahit-m2__c009960_3	-	-	-	GT119	1	-	-
megahit-m2__c009981_5	-	-	-	GT51	1	-	-
megahit-m2__c009990_2	5.4.99.16:7	GH13_16(31-384)	GH13_e0(31-384)	GH13_16	3	GH13_16	alpha-glucan
megahit-m2__c009999_33	-	-	-	GT0	1	-	-
megahit-m2__c009999_64	-	GH4(4-186)	GH4_e52(4-186)	GH4	3	GH4_e52	-
megahit-m2__c009999_70	3.2.1.40:5	GH106(15-543)	GH106_e1(15-658)	GH106	3	GH106_e1	pectin
megahit-m2__c010030_3	-	GT5(163-339)	GT4_e558(174-321)	GT4	3	GT4_e558	-
megahit-m2__c010075_22	-	-	-	GT2	1	-	-
megahit-m2__c010077_3	2.4.1.-:4|-	GT2(421-650)	GH17_e66(56-300)+GT2(421-650)	GH17+GT2	3	GH17_e66|GT2	beta-glucan
megahit-m2__c010077_7	-	-	-	GT0	1	-	-
megahit-m2__c010081_6	-	-	-	GT1	1	-	-
megahit-m2__c010208_3	-	-	-	GT2	1	-	-
megahit-m2__c010353_2	-	CE1(27-265)	-	-	1	-	-
megahit-m2__c010373_3	-	-	-	GH0	1	-	-
megahit-m2__c010435_2	-	GH140(15-366)	GH140_e38(15-366)	GH140	3	GH140_e38	pectin
megahit-m2__c010525_15	-	GT39(190-320)	GT39_e17(191-312)	GT0	3	GT39_e17	-
megahit-m2__c010555_18	-	GT2(4-144)	GT2(4-146)	GT2	3	GT2	-
megahit-m2__c010596_69	-	GT119(10-355)	GT119_e62(11-355)	GT119	3	GT119_e62	peptidoglycan
megahit-m2__c010603_3	-	CE14(26-131)	CE14_e90(26-131)	CE14	3	CE14_e90	-
megahit-m2__c010620_4	-	GT51(65-243)	GT51_e244(66-243)	GT51	3	GT51_e244	-
megahit-m2__c010656_15	-	-	-	GT4	1	-	-
megahit-m2__c010661_16	3.2.1.177:12	GH31_3(234-663)	GH31_e31(234-663)	GH31_3	3	GH31_3	xyloglucan
megahit-m2__c010726_5	-|-	-	GT4_e4211(185-320)+GT4_e1596(566-702)	GT4	2	GT4_e4211|GT4_e1596	-
megahit-m2__c010726_6	-	-	GT4_e3317(181-318)	GT4	2	GT4_e3317	-
megahit-m2__c010740_9	-	-	-	GT2	1	-	-
megahit-m2__c010826_26	-	GH13_48(23-294)	GH13_e39(23-293)	GH13_48	3	GH13_48	-
megahit-m2__c010840_12	-	GH57_1(9-338)	GH57_e55(9-339)	GH57_1	3	GH57_1	-
megahit-m2__c010875_2	-	-	-	GH1	1	-	-
megahit-m2__c010893_7	-	AA1(89-532)	AA1_e136(91-532)	-	2	AA1_e136	lignin
megahit-m2__c010899_2	-	GT4(205-351)	GT4_e4011(205-350)	GT4	3	GT4_e4011	-
megahit-m2__c010912_3	-|-	-	CBM50_e26(37-79)+CBM50_e26(98-141)	CBM50	2	CBM50_e26|CBM50_e26	chitin
megahit-m2__c010946_2	-	-	-	GT0	1	-	-
megahit-m2__c010953_2	-	GT51(53-228)	GT51_e163(55-228)	GT51	3	GT51_e163	-
megahit-m2__c010973_102	3.2.1.20:6;3.2.1.139:8	GH4(2-193)	GH4_e6(2-191)	GH4	3	GH4_e6	alpha-glucan;xylan
megahit-m2__c010973_106	-|-	GT4(287-399)+GT2(746-854)	GT4_e1795(287-399)+GT2(746-852)	GT2+GT4	3	GT4_e1795|GT2	-
megahit-m2__c010973_110	-	-	GT4_e611(221-364)	GT4	2	GT4_e611	-
megahit-m2__c010973_168	-	-	-	GT4	1	-	-
megahit-m2__c010973_201	-	GT119(7-325)	GT119_e117(1-324)	GT119	3	GT119_e117	peptidoglycan
megahit-m2__c010973_226	-	CE9(17-357)	CE9_e6(27-354)	CE9	3	CE9_e6	host glycan
megahit-m2__c010973_234	-	-	GT121_e370(254-371)	GT121	2	GT121_e370	bacterial outer membrane (OM) polysaccharides
megahit-m2__c010973_237	-	-	-	GT33	1	-	-
megahit-m2__c011033_6	-	-	-	GH1	1	-	-
megahit-m2__c011064_26	-	-	-	GT4	1	-	-
megahit-m2__c011109_4	-	GT4(199-346)	GT4_e6934(199-346)	GT4	3	GT4_e6934	-
megahit-m2__c011125_1	-	-	-	GH13_11	1	-	-
megahit-m2__c011141_3	-	GT2(11-176)	GT2(11-175)	AAB99061.1+GT2	3	GT2	-
megahit-m2__c011203_16	-	-	-	GT7	1	-	-
megahit-m2__c011221_1	-	-	-	GT0	1	-	-
megahit-m2__c011221_2	-	-	GT2(155-268)	GT2	2	GT2	-
megahit-m2__c011308_1	3.2.1.4:7;3.2.1.91:10|3.2.1.4:7;3.2.1.91:10	GH6(3-253)+GH6(378-509)	GH6_e0(1-253)+GH6_e0(390-510)	CBM2+GH6	3	GH6_e0|GH6_e0	cellulose
megahit-m2__c011360_20	-	GT51(68-246)	GT51_e77(69-246)	GT51	3	GT51_e77	-
megahit-m2__c011360_21	-	-	-	GH12	1	-	-
megahit-m2__c011422_1	-	CE1(72-303)+CE1(352-582)	-	-	1	-	-
megahit-m2__c011469_1	-	GT2(9-169)	GT2(9-169)	GT2	3	GT2	-
megahit-m2__c011530_1	-	CE1(2-210)	-	-	1	-	-
megahit-m2__c011543_3	-	-	-	GT4	1	-	-
megahit-m2__c011553_2	-	-	GT82_e5(13-160)	-	1	-	-
megahit-m2__c011586_3	-	-	-	GT4	1	-	-
megahit-m2__c011673_2	-	GT2(6-172)	GT2(6-171)	GT2	3	GT2	-
megahit-m2__c011740_2	-	GT4(178-327)	GT4_e999(184-327)	GT4	3	GT4_e999	-
megahit-m2__c011754_51	-	-	-	GH16	1	-	-
megahit-m2__c011754_55	-	GT28(182-327)	GT28_e27(182-321)	GT28	3	GT28_e27	-
megahit-m2__c011754_56	-	GT119(5-349)	GT119_e124(6-347)	GT119	3	GT119_e124	peptidoglycan
megahit-m2__c011762_4	-	-	-	GH28	1	-	-
megahit-m2__c011794_27	-	AA1(45-221)	-	-	1	-	-
megahit-m2__c011794_30	-	AA1(56-275)	AA1_e1(33-315)	-	2	AA1_e1	lignin
megahit-m2__c011812_2	-	GH171(49-406)	GH171_e26(49-406)	GH171	3	GH171_e26	peptidoglycan
megahit-m2__c011856_6	-	GT2(6-111)	GT2(6-143)	GT2	3	GT2	-
megahit-m2__c011923_4	-	CBM9(76-252)	-	-	1	-	-
megahit-m2__c011946_9	-	-	-	GH75	1	-	-
megahit-m2__c012015_10	-	-	-	GT2	1	-	-
megahit-m2__c012015_19	3.2.1.25:9	GH2_13(6-668)	GH2_e111(6-671)	GH2_13	3	GH2_13	beta-mannan
megahit-m2__c012015_20	-	-	-	GH28	1	-	-
megahit-m2__c012034_2	-	GT4(219-368)	GT4_e371(220-368)	GT4	3	GT4_e371	-
megahit-m2__c012049_11	-	-	-	GT4	1	-	-
megahit-m2__c012050_6	-	-	-	GH38	1	-	-
megahit-m2__c012078_77	-	-	-	GH130_3	1	-	-
megahit-m2__c012097_2	-	-	-	GT50	1	-	-
megahit-m2__c012142_3	-	-	-	CBM13	1	-	-
megahit-m2__c012155_30	-	-	-	GH28	1	-	-
megahit-m2__c012180_2	-	-	-	GH33	1	-	-
megahit-m2__c012190_1	-	CE1(584-787)	-	-	1	-	-
megahit-m2__c012210_5	-	PL14(27-232)	PL14_e16(27-232)	PL14	3	PL14_e16	-
megahit-m2__c012244_5	-	GT4(261-400)	GT4_e2046(262-402)	GT4	3	GT4_e2046	-
megahit-m2__c012379_1	-	GH177(47-344)	GH177_e4(48-196)	-	2	GH177_e4	host glycan
megahit-m2__c012424_3	-	-	-	GH154	1	-	-
megahit-m2__c012450_1	-	-	-	GT1	1	-	-
megahit-m2__c012485_31	-	-	-	GH0	1	-	-
megahit-m2__c012532_1	-	-	GT4_e4170(182-289)	GT4	2	GT4_e4170	-
megahit-m2__c012579_16	3.2.1.131:10;3.2.1.139:12	GH67(16-692)	GH67_e1(17-692)	GH67	3	GH67_e1	xylan
megahit-m2__c012579_19	-	GH2_1(3-592)	GH2_e31(4-592)	GH2_1	3	GH2_1	-
megahit-m2__c012579_87	-	-	GH23_e665(449-580)	GH23	2	GH23_e665	-
megahit-m2__c012618_18	2.4.1.11:2;2.4.1.21:2	GT5(2-435)	GT5_e41(2-435)	GT5	3	GT5_e41	-
megahit-m2__c012632_2	-	GT4(174-318)	GT4_e3165(174-321)	GT4	3	GT4_e3165	-
megahit-m2__c012726_4	-	GT4(166-304)	GT4_e3077(166-303)	GT4	3	GT4_e3077	-
megahit-m2__c012771_7	-	-	-	GT2	1	-	-
megahit-m2__c012826_2	-	GH19(23-126)	GH19_e102(1-125)	-	2	GH19_e102	-
megahit-m2__c012863_1	-	GH179(44-283)	GH179_e1(44-240)	-	2	GH179_e1	chitin
megahit-m2__c012891_1	-	CE1(23-276)	-	-	1	-	-
megahit-m2__c012906_4	-	-	-	CBM50	1	-	-
megahit-m2__c012907_39	-	GH18(68-296)	GH18_e488(57-295)	GH18	3	GH18_e488	-
megahit-m2__c012907_7	-	GT119(17-359)	GT119_e82(20-358)	GT119	3	GT119_e82	peptidoglycan
megahit-m2__c012917_15	-	-	-	GT1	1	-	-
megahit-m2__c012920_4	-	CE3(63-196)	-	-	1	-	-
megahit-m2__c013027_1	-	GH97(1-374)	GH97_e9(1-374)	GH97	3	GH97_e9	-
megahit-m2__c013061_21	-	GH179(27-344)	GH109_e10(3-317)	-	2	GH109_e10	host glycan
megahit-m2__c013064_27	-	-	-	GT47	1	-	-
megahit-m2__c013074_2	2.4.1.1:156	GT35(112-826)	GT35_e0(112-826)	GT35	3	GT35_e0	-
megahit-m2__c013085_10	-	-	-	GT2	1	-	-
megahit-m2__c013085_17	3.2.1.-:4	GH73(11-133)	GH73_e213(13-132)	-	2	GH73_e213	peptidoglycan
megahit-m2__c013085_8	-	-	-	GT2	1	-	-
megahit-m2__c013134_1	-	GT2(21-181)	GT2(21-185)	GT2	3	GT2	-
megahit-m2__c013134_2	-	GT94(107-337)	GT4_e1406(205-349)	GT0	3	GT4_e1406	-
megahit-m2__c013142_5	-	-	-	GH9	1	-	-
megahit-m2__c013163_4	-	GT2(31-194)	GT2(31-194)	GT2	3	GT2	-
megahit-m2__c013165_2	-	GT4(227-387)	GT4_e966(227-384)	GT4	3	GT4_e966	-
megahit-m2__c013175_4	3.2.1.11:4	GH66(25-588)	GH66_e8(25-587)	GH66	3	GH66_e8	alpha-glucan
megahit-m2__c013189_1	-	-	-	GT2	1	-	-
megahit-m2__c013255_9	-	GH15(270-626)	GH15_e52(272-627)	GH15	3	GH15_e52	-
megahit-m2__c013268_24	-|-|-	CBM50(30-73)+CBM50(217-260)	CBM50_e334(30-73)+CBM50_e1153(142-183)+CBM50_e1149(217-259)	CBM50	3	CBM50_e334|CBM50_e1153|CBM50_e1149	chitin
megahit-m2__c013309_26	-|-	GT2(5-125)	GT2(5-139)+GT1_e384(257-594)	GT1+GT2	3	GT2|GT1_e384	-
megahit-m2__c013401_5	-	-	-	GH130_3	1	-	-
megahit-m2__c013415_6	-	-	-	GT119	1	-	-
megahit-m2__c013454_2	-	-	-	CBM50	1	-	-
megahit-m2__c013480_1	-	-	-	GT4	1	-	-
megahit-m2__c013507_1	-	-	GT41_e130(2-170)	GT41	2	GT41_e130	-
megahit-m2__c013513_4	-	GT2(4-132)	GT2(4-162)	GT2	3	GT2	-
megahit-m2__c013579_3	-	-	-	GT2	1	-	-
megahit-m2__c013579_6	-	-	-	GT47	1	-	-
megahit-m2__c013580_15	-	-	-	GH16_18+GH16_18	1	-	-
megahit-m2__c013580_2	-	GT4(178-323)	GT4_e7723(179-318)	GT4	3	GT4_e7723	-
megahit-m2__c013583_1	-	-	-	GT47	1	-	-
megahit-m2__c013583_4	3.2.1.4:2;3.2.1.151:5	-	GH74_e19(225-380)	GH0	2	GH74_e19	cellulose;xyloglucan
megahit-m2__c013622_17	-	-	CBM50_e830(36-83)	CBM50	2	CBM50_e830	chitin
megahit-m2__c013622_9	-	-	-	GH13_30	1	-	-
megahit-m2__c013648_7	-	GT83(157-445)	-	-	1	-	-
megahit-m2__c013699_3	-	-	-	GH0	1	-	-
megahit-m2__c013744_111	-	-	-	GT4	1	-	-
megahit-m2__c013744_124	-	GT51(55-219)	GT51_e103(54-219)	GT51	3	GT51_e103	-
megahit-m2__c013744_13	-	CBM66(109-225)	-	CBM66	2	CBM66	-
megahit-m2__c013744_17	-	GH130_12(50-334)	GH130_e71(50-333)	GH130_12	3	GH130_12	beta-mannan
megahit-m2__c013744_45	3.2.1.52:5	GH3(71-286)	GH3_e5(69-286)	GH3	3	GH3_e5	chitin
megahit-m2__c013744_54	-	GT26(86-248)	GT26_e173(87-248)	GT26	3	GT26_e173	-
megahit-m2__c013754_7	-	-	CBM50_e214(219-260)	CBM50	2	CBM50_e214	chitin
megahit-m2__c013846_1	-	-	-	GT51	1	-	-
megahit-m2__c013852_2	-	-	-	GH71	1	-	-
megahit-m2__c013887_1	3.2.1.86:16	GH4(2-175)	GH4_e24(2-175)	GH4	3	GH4_e24	beta-glucan
megahit-m2__c013925_3	-	-	-	GH0	1	-	-
megahit-m2__c013929_11	-	GH23(162-274)	GH23_e766(163-278)	CBM50+GH23	3	GH23_e766	-
megahit-m2__c013936_10	-	-	-	GT119	1	-	-
megahit-m2__c013945_2	-	CE11(5-225)	CE11_e42(5-302)	CE11	3	CE11_e42	exo-polysaccharide
megahit-m2__c013946_9	-	GH23(41-181)	GH23_e1182(41-182)	GH23	3	GH23_e1182	-
megahit-m2__c013993_7	-	-	-	GT4	1	-	-
megahit-m2__c013993_8	-	-	-	GT0	1	-	-
megahit-m2__c014028_18	-	-	-	GT4	1	-	-
megahit-m2__c014048_3	-	-	-	GT2	1	-	-
megahit-m2__c014128_2	-	-	-	GH71	1	-	-
megahit-m2__c014128_9	-	GT9(89-310)	GT9_e511(88-313)	GT9	3	GT9_e511	-
megahit-m2__c014149_1	-	CE19(47-194)	-	-	1	-	-
megahit-m2__c014233_22	-	-	CBM50_e517(116-159)	CBM50	2	CBM50_e517	chitin
megahit-m2__c014319_23	-	-	-	GH1	1	-	-
megahit-m2__c014319_9	-	-	-	CBM13	1	-	-
megahit-m2__c014347_5	-	-	-	GT1	1	-	-
megahit-m2__c014353_1	-	GT51(66-240)	GT51_e59(69-240)	GT51	3	GT51_e59	-
megahit-m2__c014392_1	-	GH109(81-484)	GH109_e5(81-485)	GH109	3	GH109_e5	host glycan
megahit-m2__c014399_14	-	-	-	GT50	1	-	-
megahit-m2__c014399_8	-	-	-	GT1	1	-	-
megahit-m2__c014404_17	-|-|3.2.1.4:5;3.2.1.8:29	CBM22(47-173)+CBM22(197-326)+GH10(357-679)	CBM22_e45(46-173)+CBM22_e45(196-326)+GH10_e141(357-679)	CBM22+GH10	3	CBM22_e45|CBM22_e45|GH10_e141	beta-glucan;xylan
megahit-m2__c014404_42	3.2.1.1:4;3.2.1.41:14;3.2.1.68:2;3.2.1.-:2|3.2.1.41:4	GH13_14(376-685)	CBM48_e14(207-297)+GH13_e130(376-685)	CBM48+GH13_14	3	CBM48_e14|GH13_14	-;alpha-glucan
megahit-m2__c014404_44	-	-	-	CBM50	1	-	-
megahit-m2__c014404_50	-	GH28(38-377)	GH28_e106(38-386)	GH28	3	GH28_e106	pectin
megahit-m2__c014404_51	-	GH26(137-445)	GH26_e44(138-445)	GH26	3	GH26_e44	-
megahit-m2__c014412_2	-	GT83(6-314)	GT83_e107(2-316)	GT83	3	GT83_e107	-
megahit-m2__c014428_3	-	-	-	GH24	1	-	-
megahit-m2__c014437_2	2.4.1.-:4	GT104(3-379)	GT104_e0(2-379)	GT104	3	GT104_e0	-
megahit-m2__c014547_19	-	GT4(196-347)	GT4_e8483(200-347)	GT4	3	GT4_e8483	-
megahit-m2__c014547_20	-	GT4(214-358)	GT4_e6111(217-358)	GT4	3	GT4_e6111	-
megahit-m2__c014572_11	-	-	-	AA3_2+AA3_2	1	-	-
megahit-m2__c014598_2	-	GH117(10-89)+GH117(90-247)	GH117_e7(89-246)	GH117	3	GH117|GH117_e7	agarose
megahit-m2__c014626_4	-	-	GT2(4-121)	GT2	2	GT2	-
megahit-m2__c014672_6	-	-	-	GH13_26	1	-	-
megahit-m2__c014673_1	3.2.1.21:5	GH1(3-444)	GH1_e131(3-443)	GH1	3	GH1_e131	beta-glucan
megahit-m2__c014694_49	-	-	-	GT0	1	-	-
megahit-m2__c014694_51	-	GH177(2-274)	GH179_e0(22-257)	-	2	GH179_e0	chitin
