Term	GenesWithTerm	FractionalGeneEquivalent	MOCK1FractionalRawReads	MOCK2FractionalRawReads
GO:0008150	7259	198.67364484013382	5588.407188242623	5587.079256189436
GO:0003674	7181	247.00431137837325	7650.013114766854	7650.241807372422
GO:0005575	6276	258.1658418764602	7463.657006792854	7434.2602358108015
GO:0009987	6156	144.41180538236972	4188.271747435516	4196.030252070445
GO:0005623	6128	244.64880368193087	6896.997686513027	6863.405051910605
GO:0044464	6128	244.64880368193087	6896.997686513027	6863.405051910605
GO:0008152	5918	142.62031760775056	4292.89070392134	4292.633014982194
GO:0044237	5472	118.82906508448045	3535.7888228667507	3530.465345510173
GO:0071704	5423	113.91116808870825	3433.067811046143	3428.2655694203017
GO:0003824	5167	169.3697914485215	5581.359865703094	5579.400854102004
GO:0044238	4849	99.15197588321342	3043.6355009948234	3034.7056108894985
GO:0006807	4811	96.93479081883869	2945.8263574501552	2940.064009506339
GO:0005622	4763	155.97135326278496	4779.342929361424	4742.765733557468
GO:0044424	4734	155.02657353416322	4764.1747684608745	4728.483860857733
GO:0005737	4352	138.5805963090559	3892.932374995572	3884.0552959053102
GO:0034641	3773	71.55902354245502	2280.632013571896	2268.7909643335906
GO:0009058	3484	66.45447118187964	1996.330878301436	1984.1323095307175
GO:0044249	3448	65.33282579671537	1959.4806292505532	1949.5730270808128
GO:1901564	3433	66.08300685404828	1931.0946675047242	1932.7931374190468
GO:1901576	3422	63.69013118187563	1911.5718993928815	1902.0289520076337
GO:0005488	3170	89.78098248678162	2641.813232657582	2621.715408973591
GO:0044444	3158	83.31731559842741	1849.2164768422206	1849.0776679899288
GO:0043170	3152	65.43316435948995	1928.139934670495	1926.6118607429348
GO:1901360	3150	60.37157485832617	1988.902112868364	1979.7383377867861
GO:0046483	3052	58.18393408369821	1938.6721484205618	1929.1368697006826
GO:0006725	3020	58.261828096241935	1927.0883188808243	1920.042432604961
GO:0005829	2978	79.7249092300665	1724.0475215410481	1720.6154197918488
GO:1901566	2593	45.79758437422967	1420.4703520316975	1414.1914707902686
GO:0006139	2518	47.32488274837646	1648.9571302116765	1639.6709785433072
GO:0044281	2497	48.71664911536026	1678.1942526273	1668.9445270137799
GO:0044260	2492	47.89621532956017	1391.8927871909343	1388.367754137572
GO:0044271	2265	38.01524189707315	1157.4413104542728	1152.0464988768053
GO:0010467	1833	34.565653647966926	962.6975300784139	954.3575329184462
GO:0032991	1793	43.506981168452924	1439.7441690686003	1422.8092385181421
GO:0097159	1793	35.799386305820484	911.3401181571846	913.9855710940925
GO:1901363	1793	35.799386305820484	911.3401181571846	913.9855710940925
GO:0090304	1781	36.56875159407706	1288.80946471946	1281.5949356674994
GO:0016740	1746	57.32177146868956	1867.5167638468433	1855.63578382176
GO:0019538	1605	31.117376140540635	824.8930098212918	827.1918704594086
GO:0006082	1588	31.327564520549394	1121.5800402827904	1124.397669288565
GO:0043436	1574	30.90765422013279	1115.8781832153722	1118.0922078576748
GO:0019752	1569	30.784545473087878	1112.7054290782564	1114.0872433186678
GO:0016787	1510	45.23765759586907	1403.9916166200267	1431.49120862667
GO:0009059	1506	26.510946276829426	780.6098389176742	776.1114833586755
GO:0034645	1497	26.207133535516682	771.8141825470177	767.3133655980577
GO:0016020	1455	81.64864080312091	2021.9376004020494	2034.4158986361906
GO:0044267	1427	26.24317587044044	704.2255760332428	701.3702591699873
GO:0016070	1376	27.617193505325748	954.0227161848819	944.7345960343267
GO:1901362	1360	23.1189372069169	671.5280920737961	673.1984709173021
GO:0071944	1357	75.77159946268941	1861.9897280060932	1883.638002207833
GO:0043167	1353	29.92222338894915	770.4199737993779	770.4171534991034
GO:0044283	1325	26.19809953050008	807.6581015816881	810.2188031882196
GO:0018130	1300	21.81422640827666	635.7126452507478	636.4165648807092
GO:0043603	1254	21.38192603251815	677.8903777279198	675.5331437570849
GO:0050896	1231	34.18878786349374	877.664662550033	868.1790763472384
GO:0005886	1211	68.05179398784207	1641.0164176962298	1653.3195455701116
GO:0019438	1178	19.403295890574867	584.9397699497714	591.3798076517085
GO:0043604	1177	19.66536988114989	613.5020469833166	607.5198364519636
GO:0071840	1120	22.15967548722382	524.8028918175922	515.2614380410519
GO:0006520	1118	21.52476307073545	849.7017986593031	846.9249547979209
GO:0006793	1106	21.055894994153782	621.7222421803283	631.9556466989749
GO:0006796	1083	20.296632803604854	601.2459579994703	607.3272854398704
GO:0006518	1048	17.89573595507591	536.1405797712391	535.9958542016767
GO:0003676	1039	19.50394411723308	437.2251758080136	442.10418620989435
GO:0034660	1037	20.70208915903983	737.6663924601921	734.1540105801549
GO:0043043	1011	16.831946674615104	487.5498293200005	483.8993062815569
GO:0006412	997	16.586790421249898	483.293171591328	479.8922307285859
GO:0065007	988	22.57238837799792	472.1522724754425	467.93533256845296
GO:0043226	976	25.8531968349472	436.4241721984939	436.09344938594325
GO:0005515	963	39.646607176963	1411.5891798660589	1405.9502654866749
GO:0043228	946	25.216883221368015	411.6526452062902	410.8513532829741
GO:0044085	944	17.85130833516489	397.70994968629117	388.01917061533265
GO:0043229	922	20.95769060331971	332.6170591081774	331.1179449132995
GO:0016053	906	17.695749955046452	597.5771659447867	600.4097573679812
GO:0055114	903	31.415011292737333	967.9211413427448	960.7119797131021
GO:0046394	901	17.539879509702324	594.1905262686734	596.5514577728394
GO:0043412	897	20.226761131734204	571.6434605890618	570.2684521309022
GO:0043232	892	20.321376989740532	307.84553211597387	305.87584881033024
GO:0044422	878	20.034507119491792	324.26143790808715	326.15906440740764
GO:1990904	865	17.79869486236038	262.5795019544898	262.1429517818579
GO:0140098	860	19.343355090903287	725.8377612627748	707.2433323870872
GO:0006950	849	23.072510556507446	615.2703425077079	617.4066727059312
GO:0044446	849	18.539048491859244	280.0899943218609	282.11986654212296
GO:1901135	843	13.489085224506281	428.92095360238596	431.2999521160288
GO:0036094	842	16.766021264592343	502.69231774945985	499.9069148527318
GO:0005840	817	16.996181961476076	247.1840457454017	247.63943131404878
GO:0019637	798	12.05339754630939	362.9865437886497	365.23727426174486
GO:0044445	794	16.76371595412218	255.02545523371947	259.2108566256493
GO:0044391	789	16.46260484547762	234.903469436166	235.7706688179948
GO:0016491	786	27.465341214701954	885.0766250385152	878.5113610828271
GO:0043168	784	15.422557956755	457.52361585804283	452.7936573745803
GO:0042802	777	30.889199063416243	1043.6201572689042	1025.5201053464766
GO:0055086	759	11.095022292221048	371.8748340811299	369.31442911954395
GO:0006396	749	15.432244608105943	446.58632433489163	443.0425533536916
GO:1901605	749	14.585594009129133	493.5643845548971	493.22946379528025
GO:0034654	746	10.787705819045206	331.2485297543387	335.76469298854937
GO:0005198	744	22.581998874282206	350.76130104830105	354.20993140452634
GO:0016043	741	14.335803538026546	318.6280180524945	314.5449021677193
GO:0043169	738	17.160554365417724	393.6821124830594	397.1136681331342
GO:0022626	736	15.381324597426415	216.4354007575216	216.60635590243027
GO:0003735	724	19.344734344902548	263.5672267246272	266.5093056222988
GO:0050789	720	15.326507458689795	321.5830109121551	317.56837349878793
GO:0051179	716	19.5881905944707	527.2965529589632	538.486366330472
GO:0034470	710	14.497507039082597	423.02470769974104	419.03193408097155
GO:0051186	710	14.030150737599744	360.712220569472	367.1894567092729
GO:0006399	704	14.594586761769227	595.4928002003567	592.9586195684011
GO:0046872	702	16.445769594862476	369.1146744901784	373.0084491790095
GO:0044425	691	19.034587324764676	443.15795630426277	452.86632187150036
GO:0051716	686	16.51091085953988	502.7257842454271	504.68953549465436
GO:0003723	676	11.916855361624256	230.8330537459155	233.20717421538194
GO:0051234	662	17.381065397516277	417.7203448588971	422.48546397104434
GO:0050794	657	13.764779973528084	298.6781312321463	293.650039112668
GO:0009056	653	13.810684434965875	411.67868843900914	414.9370374775472
GO:0006810	639	16.90430111863497	411.13564746672967	417.0551500977083
GO:0048037	632	14.568140122280115	391.1209741020346	378.23828614246236
GO:0090407	631	9.136681638157802	274.5052132861056	276.02657724081917
GO:0016772	630	17.84984345980932	491.878299699883	497.5204216031688
GO:0022613	630	11.097313980273524	245.03846981594722	239.30535269113028
GO:0016817	629	16.189690925731025	536.5701811058774	537.3557761610069
GO:0016818	629	16.189690925731025	536.5701811058774	537.3557761610069
GO:1901575	619	12.359936690083225	394.87005510021123	397.5996558748448
GO:0042254	616	10.90873238148113	242.1119524376025	236.53323031224647
GO:0016462	615	14.073024259064363	502.93684777254396	501.0224428276736
GO:0008652	613	12.400502746377207	444.6867287260186	442.29782663853365
GO:0016874	611	15.049198291051338	655.6567199947098	643.4545904769219
GO:0017144	611	10.87941254897937	294.4150057238005	292.7936178055973
GO:0000166	610	11.91025100019764	343.89461093198156	343.25909487801044
GO:1901265	610	11.91025100019764	343.89461093198156	343.25909487801044
GO:0006753	604	8.092873267570496	249.83542576614585	252.90384230605744
GO:0009117	589	7.825920657708538	242.8405061338422	245.94641929725105
GO:1901137	585	8.86764303232145	267.2188285674575	266.4678757239361
GO:0051188	571	11.450692074266486	290.39359864934175	296.53575628417707
GO:0031224	563	16.636812362601535	405.40179452623954	411.5609107075488
GO:1901607	561	11.30503841333427	415.01189376523183	412.63461478376956
GO:0033554	559	13.733142018376961	397.0651484880758	399.8069851630671
GO:0044248	554	10.820146202349202	253.98662822095628	256.6435778055972
GO:0019222	552	10.164475632655915	200.5017830385941	200.39675167403288
GO:0044459	545	14.579846512185304	343.274970821472	351.5236860330861
GO:0022607	544	9.743488973078136	177.0019585304086	171.9887289451032
GO:0009451	541	12.035850432788163	386.20293185957047	383.76787738813897
GO:1902494	538	17.433246878340643	884.1151575978407	857.8359652341951
GO:0016788	534	15.809567522027669	402.8151157407349	414.5759717193707
GO:0017111	534	11.671754233394209	455.40462133967713	450.2755757959816
GO:0006732	526	9.968603172108992	262.09770631741054	267.99420363775437
GO:0140101	518	11.491174800349459	474.82533638411235	457.81069737764284
GO:0016021	516	15.598369206922145	383.00393389536055	389.30212465585595
GO:0060255	508	9.31076674271969	177.55928306537345	177.0609709888378
GO:0006259	504	10.635473567475854	374.86531096404246	374.5118174603912
GO:0031323	501	9.271284398017192	188.15887637133892	188.3629781646477
GO:0043933	495	8.320201813801118	156.88274481010373	155.04505844014167
GO:0080090	480	8.962190584254968	174.04355855460793	173.16291132240505
GO:0055085	479	11.082438589415641	311.71589401544	311.81011796449843
GO:0051171	469	8.69673112144531	168.50241650124855	168.18403942697012
GO:0005215	455	10.978581929248111	321.7352886846475	323.57231811292417
GO:0015934	453	9.9672286849447	134.06364103490455	137.11073220250688
GO:0022625	453	9.9672286849447	134.06364103490455	137.11073220250688
GO:0009165	452	5.673597982461815	189.57182444713942	192.73539707300367
GO:1901293	452	5.673597982461815	189.57182444713942	192.73539707300367
GO:0006974	451	11.638666010938358	367.5714562578322	369.2095232477367
GO:0065003	450	7.565579115733091	137.87645926342807	134.33721648120198
GO:0010468	441	7.754354941492541	148.98751309296378	150.0954582313993
GO:0016829	439	16.415167406952012	488.85783223572946	478.32438898080846
GO:0016887	437	8.404788569902678	362.9675577789857	364.1342747273474
GO:0031226	432	12.228805026639337	309.056839106911	313.8749233530563
GO:0009108	431	8.441415643439292	218.57550684853769	225.4090266880869
GO:0046914	428	10.242198529301199	213.50396078993137	213.29897903059498
GO:0097367	428	7.815675211495773	207.3929801136441	209.8372538165275
GO:0009889	421	7.849697416672778	154.88978451929972	154.73482308124028
GO:0019693	420	5.213044535658558	155.7439342470156	155.61352350711772
GO:0031326	420	7.794141861117223	154.2786734081886	154.4570453034625
GO:0032553	419	7.560876654366077	203.93490388783488	205.86804657284327
GO:0008144	418	8.23618230133392	245.6139663567906	249.5912300412366
GO:0022857	417	9.090927895219895	249.9950923616544	247.99345718928055
GO:0010556	414	7.735402617351128	152.29828979535023	152.88514341287777
GO:0005887	410	11.772905593859338	304.27079660946436	308.9429704994689
GO:0016741	410	9.21923995559465	260.58051978415955	258.8065554961912
GO:0042221	406	10.518771966959852	277.65603192807384	265.1767883036475
GO:0008033	404	8.92746819313565	293.1250086089032	289.6261110438353
GO:0016310	401	8.823054875998434	257.51257331862564	257.13088337265
GO:0072521	401	5.155680105576534	177.8000014413064	178.64395852420603
GO:0006996	396	6.466717649413947	146.38936661805297	142.8095194458985
GO:0009259	395	4.812295472427457	144.29304536422785	145.00797960111365
GO:2000112	395	7.187317513402165	144.01369357934342	145.22934671276727
GO:0009628	383	10.232065023274583	164.66024161691814	165.5869937562036
GO:0032259	377	8.496644297483321	249.35389086535335	248.03855336172705
GO:0032787	374	6.900270344325381	183.0618544282736	185.7562881081107
GO:0003677	371	7.886921430425612	209.0247823437806	210.65137098232438
GO:0017076	371	6.81799459836373	192.3038208251624	196.19258242627743
GO:0006464	370	8.389158368052186	192.08175985436333	194.0151818779758
GO:0036211	370	8.389158368052186	192.08175985436333	194.0151818779758
GO:0006811	369	8.520421477345785	213.98962776233753	214.47365584234632
GO:0032555	359	6.33170985319832	180.7593954694512	183.07444005369473
GO:0050662	358	7.932804534913102	256.7256425968702	250.56095930862966
GO:0042623	356	6.564508222689705	304.0863533063717	302.0487250015922
GO:0140096	355	8.218129649890967	207.05946252070717	207.12092048293584
GO:0006790	354	8.061297904650617	221.92814018914527	230.16523083782866
GO:0016072	354	6.511305808754682	154.7906269479112	154.38321325035864
GO:0005975	353	8.158278302922334	305.72720511664045	300.98548727077474
GO:0016853	350	11.05957738514042	431.3085370681455	447.0832550556186
GO:0006163	349	4.245876150182279	133.4391989138479	134.99831184713472
GO:0019219	347	6.76424022300132	134.47004676150846	131.6079961769798
GO:0008168	344	7.862736734458119	212.55128582333663	210.8422088239119
GO:0006400	343	7.704962233480894	270.71030881834326	269.7346957381963
GO:0006629	343	8.008554103828372	173.92552386018886	177.0230155036606
GO:0044255	336	7.6310395431500755	168.98386899947758	171.41383844883137
GO:0015935	334	6.377729101709377	100.54571075420252	98.42464249784078
GO:0034622	334	5.196818339070321	79.83257899781805	77.50076972331746
GO:0035639	329	5.833812317388895	169.48616836874587	173.58817852613777
GO:0009150	326	3.8862401378710487	116.97976000781881	116.9816612670188
GO:0016301	325	7.9095413307001055	235.73621487724765	234.84854146521664
GO:0006364	324	5.903135186723908	142.7349155970954	143.04819073028702
GO:0051252	322	6.32718311813386	123.47360964110138	121.68454433791365
GO:0071702	319	8.681341834981326	174.55353127037947	177.19535422265153
GO:0071826	319	4.733338030907386	69.22883314272195	68.58789553781129
GO:0140097	317	6.319432414368449	202.922034784429	200.75488886891463
GO:0043038	309	5.462957384608973	317.1208835947166	315.77269073819696
GO:0043039	309	5.462957384608973	317.1208835947166	315.77269073819696
GO:0046390	309	3.6412220718088744	113.66002827899725	113.89004634800084
GO:0009260	308	3.6273331829199855	113.59058383455282	113.7928241257786
GO:1901361	307	4.921560211698341	112.02197064349595	111.57591270988132
GO:1903506	307	6.15448498548748	120.39490868559601	119.1817693595723
GO:2001141	307	6.15448498548748	120.39490868559601	119.1817693595723
GO:0034220	303	5.963394496036737	170.8939189476842	171.36755531585953
GO:0022618	302	4.495023033577334	63.75964894457295	62.11798461860645
GO:0019439	301	5.523103633521314	114.023296581472	115.04389543303773
GO:0065008	301	6.751192263023148	151.42634019093597	149.05202049372286
GO:0043414	299	5.877168249839617	179.6308793886084	177.94919691016358
GO:0008757	292	6.892391651291564	179.5971020037678	178.86145658612494
GO:0031975	290	12.43604006324682	278.53132406075724	280.21968419944864
GO:0006355	289	5.661955437094072	112.7214235807003	111.80375043723957
GO:0030313	289	12.425287375074776	277.43454986720883	279.18742613493254
GO:0006281	285	5.669457934566132	237.05445956211443	233.83872795330367
GO:0030554	284	5.2836934013458485	147.30337862450557	153.52924759025493
GO:0048519	283	4.415779383422136	74.13014805623197	71.51848510223873
GO:0070925	282	4.218363524631479	58.754645666370415	57.49883768206898
GO:0042255	280	4.174885263761913	57.73290653593563	56.06405507337334
GO:0006418	278	4.596386365957618	264.13881759758584	262.97713837090873
GO:0008610	278	6.147649415480788	139.65146954278632	141.60590652403195
GO:0016879	277	6.8027603933731555	267.90340816129543	261.523902983147
GO:0044270	277	4.354646412897616	108.04721152958535	107.19677821021905
GO:0090305	277	5.206791595120986	108.54128641882184	107.54818959246732
GO:0022627	275	5.257233167383661	76.56783815398948	74.45640801364884
GO:0046700	275	4.270480108313935	105.80672933856488	104.98064523945789
GO:0032559	272	4.79740865618044	135.75895326879436	140.4111052176722
GO:0005524	267	4.726594901109669	134.31849729809394	138.88413613705492
GO:0072522	266	3.0312628372961132	109.25608311845187	109.85170391710534
GO:0004812	264	5.178267261561472	281.526543107235	274.5627924529825
GO:0016875	264	5.178267261561472	281.526543107235	274.5627924529825
GO:0015075	263	5.054169572373301	145.00341584072098	143.3378698046413
GO:0009123	259	2.838065240859902	87.60628431814936	87.09629044474298
GO:0044282	259	4.902696748844506	128.06133352372245	125.07323314617902
GO:0004518	258	4.9019448854174446	96.96118330011775	95.48403591359816
GO:0006091	257	6.1282235261057005	186.70170156165128	179.70589726892322
GO:0006164	256	2.9013970616317284	100.48447297982607	100.92854683316618
GO:0001510	254	5.011853947188988	155.50595078748353	154.8001925908875
GO:0009152	250	2.807279414572905	89.29623768570842	89.21384095081328
GO:0015318	250	4.61047173168907	124.8730870760555	127.18993736708569
GO:1901565	250	4.827582282817011	137.03270623559573	140.07511931342734
GO:0009892	249	3.628431682434857	59.62443055556698	58.19980314248502
GO:0006812	248	4.801893815311223	131.60185194584156	130.4050262050092
GO:0000287	247	5.438961247402575	141.54470885138352	142.60430606147887
GO:0071705	247	6.449073752257245	139.74143523998342	141.72513133013226
GO:0034655	234	3.4576796308896047	79.50377969116211	80.27594801161422
GO:0048523	233	3.6654889540777362	63.851010573498975	60.97788419700329
GO:0016779	232	7.269305308287988	202.74959952672066	208.4375622364537
GO:0044272	231	4.238814678441165	128.22991875015222	128.01898728179472
GO:0006766	230	4.557415572140761	105.08203562961945	105.8720520521472
GO:0006767	226	4.428073506160763	104.06523461454258	104.9809283769718
GO:0009064	226	4.635180383979182	171.53906589176827	169.54082135346965
GO:0010605	225	3.152336375192009	43.18255876615419	42.82581674636745
GO:0022804	225	3.884726452821545	114.32997302760333	113.85739995461441
GO:0009110	224	4.382563285219508	103.87687233824927	104.87841669644288
GO:0009066	223	4.174510448083084	121.57748551068498	121.38316227829424
GO:0008173	221	4.377946384163782	118.70334574546673	117.60384805307234
GO:0098660	221	3.877227166054952	111.11218129908659	113.22626330058924
GO:0042364	220	4.253221219239512	102.86007132317236	103.98729302126749
GO:0008270	219	5.27988983110149	106.22333305386633	103.56027322375095
GO:0042597	217	12.42418808690681	238.79091877561424	235.07893570333943
GO:0009161	216	2.2976127877810004	74.66873353592261	73.4215667316115
GO:0043648	215	4.399457973228357	134.62999929529477	133.25614961112834
GO:0098655	211	3.4538095587023476	100.77355680909885	101.0825817439363
GO:0031324	210	3.1239305944680322	51.78699744689127	50.51738474102033
GO:0034404	208	2.7447967345010307	90.0605792209106	89.14557650163923
GO:0009057	207	4.083067905019451	128.61629929185983	127.84724829369175
GO:1901657	207	3.159165575124002	133.14059592628973	133.84949741571734
GO:0010629	206	2.8498535044249453	36.424351048866185	35.67944221668937
GO:0098796	205	4.065949546146949	72.67800651091743	74.28277011582067
GO:0009141	203	2.170746450412681	56.05175616400754	56.72823978551314
GO:0072527	203	3.483227471535331	97.59305572672832	94.82068088116401
GO:0016757	202	12.866131672236397	544.9317503683242	509.6630174150397
GO:0044262	202	4.441368366730979	168.1338177882793	165.17908987685988
GO:0006508	200	5.463838145613106	151.17826049951984	155.2501926950886
GO:0009116	199	2.9414731226489415	96.50035500778795	95.4083342310759
GO:0019843	197	3.4790486143432178	53.746016637905505	56.608663289497855
GO:0042273	197	2.9249659042537752	47.87382613259519	46.060985993033334
GO:0009124	196	2.0352516818088406	68.08865084064355	66.79746195671476
GO:0009126	196	2.0787999591244595	69.92340257555959	68.66351219547342
GO:0009167	196	2.0787999591244595	69.92340257555959	68.66351219547342
GO:0016765	196	6.391072648153491	191.22021159432902	185.2657318563391
GO:0072330	196	3.2065254857040952	81.30203139007494	85.63495816076015
GO:0030312	192	9.124175138288141	267.57870395263325	275.0896899413512
GO:0006733	190	3.098136542077762	77.18630855764809	81.89820069413202
GO:0051540	190	4.9600530379072	113.66754344460462	105.14113228230805
GO:0009119	189	2.7776478040173114	92.44601339053385	91.41185581709391
GO:0051536	189	4.924338752192915	112.6675434446046	104.67684656802233
GO:1990234	189	9.185884619555289	629.7477539741831	610.2366073603856
GO:0016614	188	4.579703883529954	148.99577744671336	150.1458254131966
GO:0033036	188	4.96993458094043	117.87100557488468	121.75058757159
GO:0008324	187	3.0816501233868503	95.991549325826	95.57520856400369
GO:0016830	187	8.927391837171937	296.64350387097284	291.0190879529551
GO:0015980	186	4.943457688332326	145.3316361860492	141.11346007172665
GO:0009314	185	5.168657519495542	89.78412127300376	91.08648930439945
GO:0016773	184	4.824842611031986	156.211183014624	157.34748456723625
GO:0042274	184	2.997689652940051	49.09323252833012	47.32783897676202
GO:0009084	183	3.8698004303342475	156.80062843344115	154.08035119600868
GO:0072524	183	2.4385567556292433	72.28969005117702	73.99131207484437
GO:0008233	182	4.571525951423569	134.7039038256638	137.78383024825055
GO:0098662	182	2.796120247791215	90.25807439232737	90.96640443140909
GO:0051172	180	2.573944064069255	34.19058550808536	33.68182038038365
GO:0009156	179	1.8226785061454955	62.490074120665916	61.21111451502674
GO:0006260	175	3.3968568070898852	122.00764432008333	117.71905534283438
GO:0016051	173	3.4769709892875986	77.10829893212298	77.66241017795868
GO:0018193	173	3.7446381715498687	65.55357161021489	69.94211850239476
GO:0140110	172	3.072123701071174	51.07272519827665	49.93597334591719
GO:0000154	171	3.297542058795684	87.2598495688719	88.73818985144162
GO:0016054	171	3.3710494722916136	69.18269710948255	71.73772755107362
GO:0016616	171	4.153860015186926	143.4843642768703	143.86483727188696
GO:0009890	170	2.4075957226385216	32.34372615300583	30.794097589744908
GO:0031327	170	2.4075957226385216	32.34372615300583	30.794097589744908
GO:1901615	170	3.6869749670054337	111.92505480641991	109.42744988658497
GO:0030288	169	6.996997878314168	136.857416696188	142.5112941838802
GO:0009144	168	1.7140516840696658	44.86341675841418	46.10549431700273
GO:0022890	166	2.591163742040742	88.25356730211794	88.66931644852137
GO:0072528	166	2.81723236929678	87.21585156742148	84.66707470996575
GO:0009127	165	1.6683586048445034	58.91005123990012	57.653731280734696
GO:0009168	165	1.6683586048445034	58.91005123990012	57.653731280734696
GO:0010558	165	2.325628509523767	30.37651303825172	29.499015622531793
GO:2000113	165	2.325628509523767	30.37651303825172	29.499015622531793
GO:0046395	164	3.1939661389582805	67.43269710948255	69.85578310662919
GO:0042493	163	3.480032383419578	115.29280273719127	110.33772350467727
GO:0009199	162	1.6070073286733475	42.47378458688064	42.69533554004847
GO:0016835	162	5.138580882727396	132.16832075503328	128.0151275118791
GO:0015399	161	2.6220688086139514	75.67338488279879	76.11766004114824
GO:0044265	161	2.916420018222902	67.64888686137121	66.54321445385273
GO:0042578	158	5.3787600927099515	141.17696665313537	157.11432026139028
GO:0003690	157	2.7315709135581687	93.3289791819973	93.75915550667897
GO:0007154	157	3.2247141390104312	63.7970636875254	65.28539056368426
GO:0016746	156	5.403151342374197	179.81798435886083	179.2410835639211
GO:0048518	156	2.4162088220934224	39.311395225641846	40.99268454933751
GO:0009266	154	3.8223355020330407	59.96475159453411	58.20721340775359
GO:0015672	154	2.4916695442963266	82.78443079961454	83.54855972009412
GO:0043565	153	2.823678442804117	61.07461672499632	66.22421400271143
GO:0070011	153	3.6397558438364492	113.51031125293717	118.4292517340117
GO:0090501	153	2.6550231816643235	50.279758958311966	48.27093360319111
GO:0009205	152	1.506514120382045	39.1639563459217	38.906362075995624
GO:0009605	151	3.994400698700585	102.34669066799269	95.85141514589382
GO:0045333	151	4.23610186511783	131.9347918658176	126.72936409884147
GO:0015405	150	2.4706462585612647	73.19269468258804	73.75905449144679
GO:0008104	149	3.9402291215242817	88.29847690643412	90.98631687844663
GO:0016810	149	5.592297552511555	188.91310295143026	195.0490309531668
GO:0019842	149	3.5276534357113807	109.12490370426725	108.53178398194667
GO:0004519	148	2.8382753639070746	59.552916792675894	58.00113280140518
GO:0006979	148	5.3858372733402105	156.751649706683	155.12704911354228
GO:0072525	148	1.8869147102376063	56.930642579284594	59.19203564906967
GO:0006525	147	3.2224293814915392	135.74038058446067	134.4858468595556
GO:0009072	147	2.6654173193191495	89.81801680063168	93.52719874245848
GO:0000027	145	2.1522939959727263	33.022138751607585	31.866243176470388
GO:0002181	144	2.5490443167254377	46.42037058012142	46.53234446527406
GO:0019362	144	1.7992623963131635	58.31967429951431	59.73632144186353
GO:0044877	144	3.408450576821872	71.70646543395624	69.14631440612524
GO:0046496	144	1.7992623963131635	58.31967429951431	59.73632144186353
GO:0051539	143	3.1326025136086737	74.536231700654	72.17387652050948
GO:0006261	142	2.69833906235455	106.31134474387756	101.6147593929583
GO:0032774	142	2.4360571385162095	53.194806751918215	53.415886533354445
GO:0048522	142	2.029201035616032	35.86410948329285	36.91556307424581
GO:0003700	141	2.424764022495187	40.15817512165341	40.363210076380405
GO:0006575	141	2.6353275958802196	102.68003569314614	108.70129086623999
GO:0004540	140	2.512338634122944	47.83479097474304	46.20677992432195
GO:0015833	140	3.8931009670593495	78.72588158128467	84.57032509390994
GO:0031167	140	2.6198982740090404	70.07673268575505	72.4980228755604
GO:0042886	140	3.8931009670593495	78.72588158128467	84.57032509390994
GO:0009893	139	1.9918666294890204	33.74947562324508	35.013497173541374
GO:0042626	138	2.248126249834359	70.43900239786129	71.49295737017725
GO:0043021	138	3.1777727291628914	61.51806571348108	62.257635160842256
GO:0043492	138	2.248126249834359	70.43900239786129	71.49295737017725
GO:0008649	137	2.546626384608119	64.6329538839117	67.03811504145902
GO:0140102	137	2.546626384608119	64.6329538839117	67.03811504145902
GO:0006820	136	3.6752229953904987	82.5869529145852	84.39259981602049
GO:0010604	136	1.8992740368964283	31.80503117880063	32.189423099467305
GO:0016747	136	4.628064255934299	154.24834778836907	156.49392562066447
GO:0070887	136	2.8796809148297284	91.03522113304489	90.13686605367022
GO:0031325	133	1.8204626673873843	31.826607406190814	32.6752112131624
GO:0045184	133	3.4259578664635537	76.35178324921417	78.69917112945875
GO:0051173	132	1.7852534321781492	30.732018661602066	31.621387259338444
GO:0006526	131	2.855649786693216	127.88406999272922	125.6311568001672
GO:0009142	131	1.1765065351234907	31.406941517289617	31.65556679850049
GO:0009073	130	2.3795194690534447	85.21462557973354	88.37574709519465
GO:0006631	129	2.6022498455823637	49.66329594238684	52.07162649774149
GO:0009067	129	2.589866615466249	79.68227703042339	80.8769526803315
GO:0016866	129	4.348132096315406	184.3504301981994	190.77903885531927
GO:0000096	128	2.5071805900299466	77.36822111135695	78.09937007971808
GO:0000028	127	1.9150167223841397	23.289740302607854	22.696913877764068
GO:0030488	127	2.6016229921623375	93.70859187863657	92.5068663885169
GO:0016836	126	4.39961008454265	105.49518989212335	104.8009739128347
GO:0061695	126	7.7863090687922805	600.0322781960804	578.2204479455972
GO:0045934	125	1.7927137273589753	25.95246843038216	24.283409009474504
GO:0046983	125	4.29473183994766	183.9191645041366	183.13731793038946
GO:0006310	124	2.6676682115857506	70.0810195401643	68.02449020894326
GO:0019867	124	5.5313370747053865	141.62071554436827	137.78886202192407
GO:0006081	123	2.0937716823119867	71.89656184703065	67.27760948092974
GO:0015077	123	1.7193902441019282	67.78142525016847	70.11113991685745
GO:0016052	123	2.4715221873369453	134.51501517884552	130.48230728364967
GO:0051246	123	1.9179490523310427	33.48755953422081	34.918341738487776
GO:0006351	122	2.033138771960805	41.195693519482255	41.21512189257235
GO:0010628	122	1.6267395026611273	27.838883171508133	29.126431058118488
GO:0097659	122	2.033138771960805	41.195693519482255	41.21512189257235
GO:0009891	120	1.6420529392292242	27.72751591738116	28.77920079595096
GO:0010557	120	1.6420529392292242	27.72751591738116	28.77920079595096
GO:0043650	120	2.535219592347847	89.27968218946175	89.24461596932703
GO:0051253	120	1.7257258983168866	22.854487029081664	21.191634109443143
GO:0009201	119	1.0393417841656365	28.01537063606356	28.44598825443919
GO:0016831	119	6.85738693476417	233.6855755065284	228.07168106720903
GO:0031328	119	1.5864973836736689	27.116404806270058	28.50142301817318
GO:0042278	119	1.6577341180119782	55.437474668682775	55.9870819388551
GO:0065009	119	3.193208272108276	52.31858336138981	54.789208394418935
GO:0009408	118	2.9620698859982015	40.77707759235545	42.66775342779608
GO:0032268	118	1.7179490523310426	31.337559534220805	33.49056396071001
GO:0004386	117	2.2820415607003195	116.67475486138933	112.1032258538272
GO:0006457	117	5.003558042746158	106.79562679487914	115.13558871438542
GO:0009308	117	2.4268854964929796	92.00370038191286	93.40594671416842
GO:0009991	117	2.3931974528683706	38.465790487579774	38.63663789414769
GO:0030001	117	2.834465731452998	87.22247383941816	86.22699312934158
GO:0044106	117	2.4268854964929796	92.00370038191286	93.40594671416842
GO:0009279	116	5.230400593717972	133.51704912024348	130.2306641077839
GO:0044462	116	5.230400593717972	133.51704912024348	130.2306641077839
GO:0046034	116	1.0252407108905504	22.74341923192962	23.206699044925543
GO:0046128	116	1.6092492695271297	54.831414062622166	55.23859709037024
GO:0006576	115	2.3843323050036176	86.53561527552989	87.06552118225355
GO:0006644	115	2.32659394004489	62.16655232359583	61.52090141973921
GO:0045892	115	1.6713704616676874	21.640278702197282	20.268516650108385
GO:1902679	115	1.6713704616676874	21.640278702197282	20.268516650108385
GO:1903507	115	1.6713704616676874	21.640278702197282	20.268516650108385
GO:0008170	114	2.1932082396715944	51.731785437482266	52.80010311737634
GO:0008654	114	2.310200497421939	62.100978553104035	61.43893420662446
GO:0009145	114	0.9803572147281052	26.559173523072023	26.903678647669658
GO:0009206	114	0.9803572147281052	26.559173523072023	26.903678647669658
GO:0098797	113	2.3909273393966526	31.960214988153954	33.69271320824669
GO:0015031	112	2.9764663148549837	70.41254040250122	73.96885725612272
GO:0016999	112	2.5766046710354433	69.0649877404847	68.78829248421339
GO:0031406	112	1.9228000861571326	57.91662277899656	57.28172801805553
GO:0043177	112	1.9228000861571326	57.91662277899656	57.28172801805553
GO:0098656	112	2.634209563619621	70.3801452972806	70.67460031626321
GO:1901659	112	1.7018483526966823	65.12336589047297	62.576196531296205
GO:1902600	112	1.4695238289443406	42.76623771273627	43.428812208942404
GO:0005976	111	2.564198330348031	80.81936646151043	82.5785277298304
GO:0010608	111	1.5154578028292827	26.881837252960885	28.972424432673044
GO:0033013	111	2.5797843108616214	56.32224229555565	55.86524191389456
GO:0009163	110	1.6542293050776347	57.885270652377734	55.504767959867635
GO:0019359	110	1.2753981286993046	43.12729349428851	45.1037116827555
GO:0019363	110	1.2753981286993046	43.12729349428851	45.1037116827555
GO:0042455	110	1.6542293050776347	57.885270652377734	55.504767959867635
GO:0016311	109	2.576029103097007	57.83466940233919	62.8607712150328
GO:0046434	109	1.3739100875733092	40.95695335012039	42.585792561755646
GO:0051259	109	2.271160651993923	55.18553524457219	53.98065744823816
GO:0005996	108	2.057987609283986	66.99905958020342	61.793572256566414
GO:0016791	107	2.5070635858556276	57.4208762988909	62.55042638744659
GO:0033014	107	2.419383308355356	53.730763598813795	53.4767707359497
GO:0034248	107	1.450097647986687	26.446781535497227	28.479884435730217
GO:0003729	105	1.3974530502928215	24.554716799282673	24.489967868865865
GO:0004527	105	1.9113778925870735	35.70393758212152	37.28492550382538
GO:0006220	105	1.4453214208891265	38.00972443912955	39.05584800361226
GO:0006555	105	2.051714901257703	69.60987869390684	70.20134682496159
GO:0010035	105	2.6197041840694952	103.06634338580112	97.09862879291073
GO:0051128	105	2.0569290763957815	36.006059327144925	34.82233672136856
GO:0004536	104	1.9979363110620862	39.34846205128814	39.61061180373036
GO:0016860	104	2.891556561085547	92.90092009375172	95.92024875841949
GO:0070475	104	1.9511649612859585	47.979537085106706	50.1311011570402
GO:0006417	103	1.4244566223456614	26.216012304727997	28.293986999832786
GO:0009636	103	2.32514281518364	83.45788647921688	80.39490310855733
GO:0009069	102	1.7956974981859422	57.57757168762993	56.42931735742836
GO:0044264	102	2.2219768566403317	49.34665319685635	51.15981084244117
GO:0098552	102	2.4817733225600485	46.5764664768635	46.149367043022146
GO:1990837	102	1.5810510910300233	32.17548008542788	32.693245783441974
GO:0042592	101	3.0127325176613717	58.198456659592956	55.90219514851137
GO:0051301	101	2.925405828949133	70.12320494229044	68.50126715362084
GO:0031668	100	2.0996281659781197	33.8462034858295	33.575581796805636
GO:0050790	100	2.587347466247472	46.758092871487555	49.15951260001726
GO:0071496	100	2.0996281659781197	33.8462034858295	33.575581796805636
GO:0008094	99	1.5999056047621285	103.37721241597139	100.63506192031365
GO:0009309	99	2.0440632223026967	80.89464959598943	81.22349279984897
GO:0034637	99	2.115485551011094	46.854642685018256	49.45832739613013
GO:0042401	99	2.0440632223026967	80.89464959598943	81.22349279984897
GO:0006754	98	0.787015800372198	18.271514188311244	19.198295329967507
GO:0016651	98	3.450681829882853	77.25662488244296	74.49252436285647
GO:0046677	98	1.9942298826549334	78.6571538314316	76.87342690051815
GO:1901292	98	1.0905674294233982	32.175308568532884	33.640808541771555
GO:0000097	97	1.8235599385588583	57.031730692849926	57.4884116351473
GO:0000271	97	2.1763371993627425	48.21975257512815	50.42220102250376
GO:0006022	97	2.092552192023191	44.85412883183986	44.891911147375225
GO:0016763	97	4.704131835671248	116.64721712254435	112.43991122746738
GO:0019725	97	2.9076310543256128	56.62157089679887	54.347825353054986
GO:0008175	96	2.024858286279986	61.59170112233399	59.9962361364161
GO:0042803	96	2.639148070323935	126.81011544902756	134.32514552187968
GO:0051704	96	3.668896604057625	60.6474561980927	60.18300055848322
GO:0001067	95	1.5083922627269386	20.210470963856693	20.875254007127676
GO:0006401	95	1.5555780276153865	32.32071155148933	29.797335332312535
GO:0015078	95	1.2279458601018165	40.52591760362559	41.09230613148955
GO:0033692	95	2.0424086279341718	45.16618114655672	47.6275581653609
GO:0044212	95	1.5083922627269386	20.210470963856693	20.875254007127676
GO:0090502	95	1.7048157205210799	34.26675417459926	32.217978496025374
GO:0000270	94	2.0004726989356336	42.30297675810715	41.986842022951265
GO:0019001	94	1.6404899342848414	46.6719778531651	44.35783800726991
GO:0030203	94	2.0004726989356336	42.30297675810715	41.986842022951265
GO:0030880	94	7.121603940156152	582.7374729600326	560.4115058231644
GO:0001882	93	1.6050403249016745	45.90822647470327	43.940862815752354
GO:0008509	93	2.059369626342566	48.37404124679651	47.05120158425218
GO:0009060	93	2.1757620474291923	70.91706790146601	68.74222090181244
GO:0032561	93	1.6288620273080974	46.04407087642092	43.671791495642005
GO:0045935	93	1.254611846521363	17.97240896858579	18.93799999163546
GO:0042440	92	1.9679841070264945	51.66271581416538	49.86761626586929
GO:0000428	91	7.066658885211097	581.9078026303622	559.5447475814062
GO:0006090	91	1.1365443009741436	43.779999916680765	43.617568432034666
GO:0032549	91	1.5833011944668918	45.734313431225004	43.712601946187135
GO:0046148	91	1.9504402473773716	51.45218949837591	49.62200223078157
GO:0051254	91	1.2129451798546962	17.618242301919125	18.66716665830213
GO:0051604	91	2.1637759568712296	44.93319998353445	41.94137608586735
GO:1901700	91	2.278403160008514	78.61973515110988	76.26342488388555
GO:1903509	91	1.7854568939378168	35.72386591907303	37.57107556934385
GO:0005506	90	1.9500376979835499	37.5739979400529	40.1925024592593
GO:0005576	90	8.294090138527519	369.4115406766414	364.71511807420467
GO:0042737	90	1.6450199539892139	33.48744311985636	34.363857703941996
GO:0046906	90	2.21061939445513	38.059144049114224	36.25692174528348
GO:0000976	89	1.3480475524529678	17.836048237817522	18.05584289891027
GO:0051276	89	1.6410319746844408	69.581341255003	68.19303922024459
GO:1901068	89	1.183522391910934	38.42984417709942	38.49831971871155
GO:0004521	88	1.6295469033167789	32.41729180900786	30.895397850864075
GO:0006221	88	1.1977092342546636	34.61019816406634	35.43160862278282
GO:0071554	88	1.8952743136972459	72.24308250007736	71.73274001099952
GO:0006720	87	2.1702696471195235	63.70977004951165	61.563161327473274
GO:0008026	87	1.7843007458998292	107.3472970583621	104.22244914701744
GO:0008299	87	2.1702696471195235	63.70977004951165	61.563161327473274
GO:0022900	87	2.4744888962987472	92.40310183667181	85.47767737448152
GO:0052689	87	2.8889689508936	141.30886903924213	139.75851832564118
GO:0070035	87	1.7843007458998292	107.3472970583621	104.22244914701744
GO:0002097	86	1.791842028766393	50.12523868380328	50.865631764718124
GO:0006547	86	1.8384191284937907	56.45347145079031	56.067092899785486
GO:0009063	86	1.5483038597977161	27.976331342090575	29.86764747039137
GO:0032993	86	1.4819943863395846	34.19747076136864	39.720716737360505
GO:0045893	86	1.156145685863552	17.15612971494885	18.337122382527305
GO:0051260	86	1.781157690771196	46.53406902597545	46.587237639978845
GO:0052803	86	1.8384191284937907	56.45347145079031	56.067092899785486
GO:1902680	86	1.156145685863552	17.15612971494885	18.337122382527305
GO:1903508	86	1.156145685863552	17.15612971494885	18.337122382527305
GO:0006778	85	1.887443584453304	44.271368961838505	42.63604423413392
GO:0009132	85	0.9697245356410547	21.74557675414361	21.735229053056795
GO:0048878	85	2.701434970023256	51.19368120984397	49.78190207025555
GO:0051641	85	1.7713778313118664	23.921037618206526	24.676057237903567
GO:0070279	85	2.2224768483824726	89.75519044490399	88.6234955759835
GO:1901606	85	1.5361087378464966	27.53730695184667	29.306671860635277
GO:0006779	84	1.869899724804181	44.06084264604903	42.3904301990462
GO:0030170	84	2.1930650836765904	88.60813162137458	86.79996616421877
GO:0043022	84	2.1808261479224003	42.756380515742215	43.72073970859127
GO:0001522	83	2.358606063580085	74.9046614174554	76.53320576567009
GO:0001883	83	1.469788731138027	44.07218329969463	41.751241179930396
GO:0006568	83	1.4450795219457477	60.087488318412284	61.66834094815289
GO:0006586	83	1.4450795219457477	60.087488318412284	61.66834094815289
GO:0009166	83	0.8236148195614447	25.18038893622917	26.683385532965193
GO:0016881	83	2.515986250726366	63.22703944653831	58.89757337803246
GO:0032550	83	1.469788731138027	44.07218329969463	41.751241179930396
GO:0042430	83	1.4450795219457477	60.087488318412284	61.66834094815289
GO:0046873	83	1.5449456170600784	55.74143497589426	55.86226262001653
GO:0050660	83	1.8568141903482844	63.27544202831466	59.21085448669183
GO:1901617	83	1.7095370058943615	39.49980391410403	39.52711664165148
GO:0000105	82	1.7536204898097296	54.69680667484022	54.79029199224152
GO:0009081	82	1.5173527775733688	58.417356139159644	56.859303977748674
GO:0015711	82	2.0824694007308557	46.93386488427669	45.51415131996775
GO:0016627	82	1.955314332413533	48.74407285772663	47.89129470703645
GO:0016861	81	2.285573755377668	81.79788393447804	86.25172416224316
GO:0016884	81	1.5157072508475746	105.84755905673923	100.26251755063768
GO:0042180	81	2.224500921098163	34.78123778428237	35.209280632842045
GO:0055082	81	2.5963335066874964	49.61679544704989	48.22753227479916
GO:0061077	81	3.2183610153778033	85.3367015920155	96.60970343916384
GO:0098754	81	1.9498098070768635	75.19644785700152	72.45869035342905
GO:0006066	80	1.7899526142429163	69.66940070079514	68.65947558427258
GO:0009086	80	1.5621504398534438	53.46268275259324	53.705333743341484
GO:0016893	80	1.469267069531241	30.68871661464633	30.398863519210806
GO:0042398	80	1.4236624398417574	47.639289757008775	51.52284566843155
GO:0072329	80	1.5966076683172976	29.075916482667143	29.64996630659641
GO:0009112	79	1.4150781016807796	52.30715908091631	48.79810705686029
GO:0009982	79	2.3038115430321393	74.13753812978418	75.82087699854681
GO:0016796	79	1.3639545002378504	23.955846469088286	24.77885507901994
GO:0042168	79	1.7308254278351478	40.93110562157517	39.38171297980267
GO:0006783	78	1.7132815681860252	40.72057930578569	39.13609894471496
GO:0022853	78	1.054234742548708	34.27920634912571	34.798830844089395
GO:0042625	78	1.054234742548708	34.27920634912571	34.798830844089395
GO:0090662	78	1.054234742548708	34.27920634912571	34.798830844089395
GO:0098772	78	2.3637486176439504	38.77761305005553	39.80893196443975
GO:0099131	78	1.054234742548708	34.27920634912571	34.798830844089395
GO:0000162	77	1.3553511983221713	59.408271134766665	61.1593545024488
GO:0016798	77	2.8256539247803287	169.5351012588999	173.19764550004436
GO:0034613	77	1.6249464848805204	22.070499267668175	22.77866574051207
GO:0042435	77	1.3553511983221713	59.408271134766665	61.1593545024488
GO:0042546	77	1.5876071455827512	41.72136318138876	40.79233138239767
GO:0046219	77	1.3553511983221713	59.408271134766665	61.1593545024488
GO:0070727	77	1.6249464848805204	22.070499267668175	22.77866574051207
GO:0003924	76	1.9428930949480727	74.07612973105027	71.47750258034787
GO:0005618	76	3.893774544570166	134.06165483238996	144.85902583356742
GO:0006450	76	1.2555967394674308	32.66612347906301	34.089529462683544
GO:0008135	76	1.4602387685322757	32.0427382354285	32.235000379078784
GO:0009311	76	1.5308155332940747	44.12700951896363	46.092163678900455
GO:0030145	76	1.5724336551437614	40.3846776771219	40.40432501543926
GO:0072350	76	1.7018156592422693	54.998658001551604	55.090149024724276
GO:0006633	75	1.4867678674201732	23.44957880190096	24.42518852467636
GO:0015893	75	1.7741555114598098	40.141803119086056	38.15007616989931
GO:0019205	75	1.1612745163350395	29.317255308903277	29.82969425456792
GO:0019682	75	1.1340346808961534	42.87242613949878	41.12733871353755
GO:0009273	74	1.5414869270035163	37.91764733439422	36.86052810370914
GO:0016071	74	1.290375095800714	31.57435991639693	30.297676032962297
GO:0016891	74	1.347871914480665	28.04603577036052	27.576787653161805
GO:0032153	74	2.491565239383873	49.14525399093062	47.459958549881584
GO:0033218	74	2.029445766754769	37.09535723501016	36.451937187681615
GO:0044036	74	1.4124167480341205	63.26988542244326	63.56025632600996
GO:1901136	74	1.3969251056363658	65.9842933286037	70.83816381992845
GO:0030490	73	1.1758466257221556	26.715654288960426	25.872357920141752
GO:0004175	72	1.7601856189640588	39.90852419880352	41.65043826952329
GO:0016597	72	1.1507352560418573	46.476596440901076	44.24819000196897
GO:0071103	72	1.3376799146657146	60.952142929138	58.71564434618303
GO:0016769	71	2.1517267274174907	102.98825562304218	115.99752638820121
GO:0019829	71	0.866970393994037	31.176148117035215	32.92409267902865
GO:0099132	71	0.866970393994037	31.176148117035215	32.92409267902865
GO:0006468	70	1.291583369471785	35.67182254376985	35.59934535182259
GO:0009312	70	1.3295472675096807	25.243607258142028	27.27675149252055
GO:0015291	70	1.3337569721659939	40.234615876692835	39.340400297559796
GO:0016903	70	3.2798646048542586	131.42332083460377	131.8032591555996
GO:0020037	70	1.6501994318612543	29.34723729481618	28.740939995606077
GO:0005525	68	1.2017782465694447	36.21129974641599	35.712499048702284
GO:0042181	68	1.9131695231538914	31.007086257173494	32.293820615307894
GO:0046939	68	0.7667930551714253	17.079446696743588	17.93427164139993
GO:0061024	68	1.605987348489814	49.94259555275587	49.10475648743064
GO:1990204	68	1.3577568837035436	28.202757287585943	27.822948195637192
GO:0001130	67	0.747475794010083	10.930748196247334	11.43781719960598
GO:0009218	67	0.9027995206029159	26.673750472688106	27.16585321781568
GO:0030234	67	1.8657094019576772	34.41005511779171	35.84280005713138
GO:0031667	67	1.1805583253864604	20.22621088923687	21.018177776134955
GO:0033865	67	0.9182912171561057	23.62858278977837	24.940068692268394
GO:0033875	67	0.9182912171561057	23.62858278977837	24.940068692268394
GO:0034032	67	0.9182912171561057	23.62858278977837	24.940068692268394
GO:0044038	67	1.2541128135851856	34.429367654142276	34.8184911082608
GO:0070589	67	1.2541128135851856	34.429367654142276	34.8184911082608
GO:0015849	66	1.5656816563115328	23.5566017964873	24.05134249136945
GO:0016811	66	2.5783521708437074	33.624627190975524	38.28711639616137
GO:0071941	66	1.372714392367969	81.54938145471088	78.48391526977933
GO:0003724	65	1.418984947939083	80.77234241427244	79.82129163171085
GO:0019318	65	1.0941659458844528	28.212136686169767	27.660940926315963
GO:0042995	65	6.121462899073547	165.88753940159413	159.1063399492242
GO:0046942	65	1.538654629284506	23.286331526217026	23.672964112991075
GO:1901661	65	1.824763726052442	28.00128915572422	30.021356847191946
GO:1901663	65	1.824763726052442	28.00128915572422	30.021356847191946
GO:0000050	64	1.306475076128653	80.94681735214678	78.01382979969385
GO:0006023	64	1.2079925950059502	30.625651807147737	30.886687829572296
GO:0006024	64	1.2079925950059502	30.625651807147737	30.886687829572296
GO:0009252	64	1.2079925950059502	30.625651807147737	30.886687829572296
GO:0019627	64	1.306475076128653	80.94681735214678	78.01382979969385
GO:0051082	64	2.8541890699237062	83.01447899099136	97.60348868488944
GO:0008483	63	1.9931709974331902	100.49649738128393	113.39273831912743
GO:0043094	63	1.108168037719701	29.320753150623954	33.48217252442859
GO:0051262	63	1.2503286231713802	30.651837501675296	30.572437939109477
GO:0097237	63	1.514462063846524	66.47335130077683	65.33481772330542
GO:0016782	62	1.7041411291651596	45.45882053283031	45.86449587065217
GO:0040007	62	3.3691520982493817	59.63439586851396	59.65325279683964
GO:0006591	61	1.4381402063776072	48.1936677734473	49.06400429611849
GO:0009185	61	0.5200743026855232	14.729122016936133	14.971614504349738
GO:0016776	61	1.016952813125225	18.895485312718645	19.43115488040058
GO:0019899	61	1.5665704612646214	21.48145337440173	20.653994143637863
GO:0023052	61	1.1775551088347793	32.33048983132549	34.140364322434145
GO:0000041	60	1.4805000071170966	37.732342681739226	36.25778446575045
GO:0002098	60	1.2478208313918997	37.69800686214418	38.981494198304965
GO:0004529	60	1.0914391055957968	19.275710017489004	19.682483737618284
GO:0009135	60	0.5092047374681319	14.642165495197002	14.754223200001912
GO:0009179	60	0.5092047374681319	14.642165495197002	14.754223200001912
GO:0010033	60	1.345249494360327	24.66615213451299	26.12451644255383
GO:0016407	60	1.8570943985520278	63.96683702227085	62.98424582507566
GO:0042594	60	1.0506172365647062	16.797128885825547	17.97418878640129
GO:0050661	60	1.2573866498806427	36.854756412189424	36.10448337617531
GO:0000049	59	1.024394207968477	23.597401075962647	23.203908899623933
GO:0006099	59	1.3493496728477115	38.89236548454482	38.54720684785353
GO:0006101	59	1.3493496728477115	38.89236548454482	38.54720684785353
GO:0009435	59	0.8728162104331083	29.400940571355328	30.862042798573093
GO:0019674	59	0.8728162104331083	29.400940571355328	30.862042798573093
GO:0040011	59	3.0564907972048285	157.15153981286153	156.04068690325278
GO:0042558	59	0.9496959886978327	26.291920083753062	25.90372965087411
GO:0051289	59	1.0858124941391223	27.698611695223683	28.48534116491593
GO:0004004	58	1.330377353002374	79.4052538066775	78.4035701127235
GO:0006165	58	0.6501263885047587	14.230240347537242	14.177128784257073
GO:0008186	58	1.330377353002374	79.4052538066775	78.4035701127235
GO:0009220	58	0.8200537683470828	24.294346148844404	24.578983174965344
GO:0016667	58	2.411650332802999	40.330087719731246	39.68088488438545
GO:0016895	58	1.0358835500402415	17.720154461933443	18.626928182062727
GO:0022884	58	0.9179657281716093	34.55833232649701	35.23542717062451
GO:0000302	57	1.2003855707837472	62.681114576880084	60.430704742043616
GO:0007165	57	1.1165097842124845	31.29271931274648	33.119743660939655
GO:0010212	57	1.8937480400023783	34.59112007804217	35.58403675267415
GO:0016209	57	1.4389323304220538	65.54341281820675	64.20050466793974
GO:0032269	57	0.8001892871969497	8.360419235976579	9.635144337477062
GO:0051248	57	0.8001892871969497	8.360419235976579	9.635144337477062
GO:0070566	57	1.2080955854098883	23.02964078384613	25.067200687964807
GO:0098869	57	1.4389323304220538	65.54341281820675	64.20050466793974
GO:1901681	57	1.0507868757568397	22.52272822308737	23.246283768436314
GO:1990748	57	1.4389323304220538	65.54341281820675	64.20050466793974
GO:0006206	56	0.9655429141890212	24.47505090571388	22.00357043056553
GO:0006772	56	1.1921007156532284	37.65330527491512	36.81122038502372
GO:0008653	56	1.1538749910979096	24.360991807331263	26.214744061102067
GO:0010181	56	1.162165965745869	22.792448054295065	22.553175985449847
GO:0042723	56	1.1921007156532284	37.65330527491512	36.81122038502372
GO:0045229	56	1.4547869035333387	38.315156135977105	39.30030054880069
GO:0050801	56	0.9126156922860673	20.024491581064787	20.199082862100504
GO:0071806	56	1.1025716694168177	31.074747591273844	31.559816468931317
GO:0072657	56	1.2258826973517725	17.462467505214835	18.102898880379254
GO:0098771	56	0.9126156922860673	20.024491581064787	20.199082862100504
GO:0006006	55	0.8484388709353667	18.996405058531124	17.686841559522097
GO:0006970	55	1.354230902050918	17.829506485787547	19.834429980184886
GO:0008514	55	1.103911245502527	34.66170936639054	32.88390635453568
GO:0009082	55	1.1069618678710198	46.898267400685306	43.827306872923174
GO:0015698	55	1.4667931561992051	27.75767475989519	30.05579686090105
GO:0016620	55	2.838214774106512	112.13842749259817	114.54120291955184
GO:0016774	55	1.2189454102307207	42.608707193956185	41.8446609831994
GO:0016814	55	2.1080147327507763	111.36475261847329	112.81047868325791
GO:0030163	55	1.1424884366752532	51.578753178363264	52.00503663264723
GO:0044419	55	2.0478605919416317	35.88701633772346	35.50807121920922
GO:0044769	55	0.6028101797332643	24.976429931715398	26.272571811742615
GO:0051287	55	1.164219490391177	40.20909828528331	39.49785378542675
GO:0003697	54	1.0676095357955164	33.424379335353095	33.47000908950178
GO:0006271	54	1.015870406547175	32.25502496230594	30.024132494525144
GO:0006298	54	0.9399816189910358	64.97711854612551	65.36747980102572
GO:0008408	54	0.9292319859664601	17.209164371744897	18.455375565824976
GO:0009055	54	1.5062424875958866	59.7167742638667	54.88621339606494
GO:0009103	54	1.0937512068361945	23.025890127402004	24.95656545809588
GO:0009288	54	4.8955062316275155	103.80711309031676	104.97550447264409
GO:0022616	54	1.015870406547175	32.25502496230594	30.024132494525144
GO:1903825	54	1.0202854727894826	18.12579186570673	17.911136835195503
GO:1904949	54	1.2113725538518902	21.269391635202986	21.677125069114815
GO:1905039	54	1.0202854727894826	18.12579186570673	17.911136835195503
GO:0000462	53	0.7883959274862365	20.976620971347227	20.958871935245174
GO:0009228	53	1.0781406016931143	36.745897867507715	36.16022323402657
GO:0010038	53	1.5047329573957435	40.82886686168949	36.92300394681661
GO:0015985	53	0.4604860049762278	8.455046585644304	8.997424772578405
GO:0015986	53	0.4604860049762278	8.455046585644304	8.997424772578405
GO:0042724	53	1.0781406016931143	36.745897867507715	36.16022323402657
GO:0044087	53	0.8979026179972078	11.154568013855789	11.123964192919086
GO:0046364	53	0.8323936181252484	15.738152336779482	14.536401522171849
GO:0046417	53	1.393460308722221	52.831287081252306	52.76250840598988
GO:0004520	52	1.0473236597174096	23.326559699070817	22.764431986365768
GO:0006284	52	1.2859474510712285	55.37120815086706	57.81272720047578
GO:0006553	52	1.0634625262021526	26.309085293310837	27.45718741235425
GO:0006873	52	0.8075142289503088	18.447605818270702	18.64471306664412
GO:0009262	52	0.6834407714015248	24.218265820115594	24.128120373724844
GO:0016645	52	1.544932288050606	39.68203432887357	40.71113479348211
GO:0019751	52	1.0614741639066796	53.25498070365753	52.287666681962875
GO:0031123	52	0.860907412926012	20.221528786807514	18.77740292719936
GO:0046451	52	1.11883186203747	34.363636894876976	34.102429750996656
GO:0055080	52	0.8790022469079162	19.646340320560586	19.476393786470254
GO:0003954	51	1.7029075802338214	35.39051089968206	33.228664966901476
GO:0015949	51	0.7809447045071803	11.861488809369293	13.405856161965417
GO:0016854	51	2.310349108311421	105.47368803351917	111.46738447452151
GO:1905348	51	1.3441487854547634	57.870357855224164	58.39147139866361
GO:1990391	51	1.4557211799508498	106.09065869334226	107.88827431877641
GO:0002161	50	0.8428120144920264	23.702199487094965	23.89082061358732
GO:0009432	50	1.2126391274819106	18.23957959834287	17.618460118012724
GO:0010501	50	1.1155836118928426	74.93725949657794	74.42063981400372
GO:0016646	50	1.4892180023363202	38.646320043159285	39.09970622205354
GO:0031669	50	0.8869890384962106	15.606623887486617	15.957121678792902
GO:0042451	50	0.6184541814165959	23.408404276203555	22.68993018884959
GO:0046031	50	0.37250883103538346	11.229884793442615	11.12045127017735
GO:0046129	50	0.6184541814165959	23.408404276203555	22.68993018884959
GO:0106074	50	0.8428120144920264	23.702199487094965	23.89082061358732
GO:0006573	49	0.8406743943336612	27.69438536214051	29.502444230163924
GO:0006760	49	0.7768137831840479	19.80382484565783	18.831148197240022
GO:0008565	49	0.8573174834649574	27.021136409174286	27.801823406868493
GO:0016410	49	1.6742927113237471	45.141643365259874	47.37003664530632
GO:0022411	49	0.7928608826476747	19.39197302992412	21.030454305942264
GO:0032984	49	0.7928608826476747	19.39197302992412	21.030454305942264
GO:0006458	48	2.230364030285614	71.07833159546867	84.24771352379149
GO:0006479	48	0.8697614326732062	22.660768890417838	22.482748920795622
GO:0008213	48	0.8697614326732062	22.660768890417838	22.482748920795622
GO:0009061	48	1.8486709073191887	60.202456188747206	57.80145898691149
GO:0009423	48	1.2350997422734196	51.34667379149196	51.166784005118416
GO:0030003	48	0.7739007835721576	18.069454557766502	17.92202399101387
GO:0044092	48	1.0157304060123382	13.296495473952714	14.576456542802658
GO:0071897	48	0.889898473030777	31.800750719245674	33.184853749109024
GO:0000725	47	0.7907004310110706	19.638354772521172	19.42989628250644
GO:0001217	47	0.4779924220610781	6.3333996256220395	6.438456295248852
GO:0009986	47	1.8432527008767707	45.67566298655054	42.27325030507093
GO:0017148	47	0.6062291693006616	5.76055509302733	6.375457038959976
GO:0034249	47	0.6062291693006616	5.76055509302733	6.375457038959976
GO:0042887	47	0.7974858549096262	25.310161440555568	25.920701404357988
GO:0046184	47	0.6121014186719369	15.165907540213661	14.654284196560102
GO:1904680	47	0.7974858549096262	25.310161440555568	25.920701404357988
GO:0004672	46	0.7935126206893894	15.92991877955369	16.85569535713997
GO:0006432	46	0.8220809585178361	48.79826853054263	49.360106590508266
GO:0006743	46	1.2988741457646005	18.866634258133768	22.161879252268438
GO:0006744	46	1.2988741457646005	18.866634258133768	22.161879252268438
GO:0006757	46	0.33764090650708156	10.605356491555824	10.623092779611312
GO:0006865	46	0.8938612315006859	15.577582307949802	14.60968376798964
GO:0007049	46	1.2747091865181592	18.866149499999693	20.455626950113608
GO:0008276	46	0.8508935081449043	22.453221720606518	22.331805524569205
GO:0016886	46	2.1252838704325163	86.99322210001233	84.3886568238625
GO:0022402	46	1.2747091865181592	18.866149499999693	20.455626950113608
GO:0022904	46	1.1276469438199999	37.74538247425645	34.933992957699346
GO:0032392	46	0.8188283267528281	33.604515746231726	30.698697015549378
GO:0032508	46	0.8188283267528281	33.604515746231726	30.698697015549378
GO:0042726	46	1.0221436608879364	17.825043235265806	17.606965095841517
GO:0042727	46	1.0221436608879364	17.825043235265806	17.606965095841517
GO:0043023	46	0.8610616685699288	14.493368309177304	14.729183245466796
GO:0090150	46	0.9437302007255913	14.392292066618346	13.80630643773418
GO:0005342	45	0.8399751815664633	14.791579496260681	15.135704556333884
GO:0006096	45	0.3265297953959705	9.816467602666936	10.20087055738909
GO:0006413	45	0.7498592707647325	22.429148515131203	22.84178105400181
GO:0008238	45	0.9053941007095485	32.98658666020046	35.365406148105215
GO:0009085	45	0.9343861606800042	24.811431012524025	25.840608484028337
GO:0009267	45	0.7823219664378344	12.646529633914104	13.453042424713647
GO:0016469	45	0.41349626591553046	5.258912826883393	6.272867400126727
GO:0018205	45	0.8732109450235903	16.7820307079188	16.65561157644708
GO:0042450	45	0.9632738962171801	27.678543681852606	27.89851684239573
GO:0042866	45	0.3265297953959705	9.816467602666936	10.20087055738909
GO:0045259	45	0.41349626591553046	5.258912826883393	6.272867400126727
GO:0046943	45	0.8399751815664633	14.791579496260681	15.135704556333884
GO:0051649	45	0.8539084972518297	11.928757750035492	12.11842609119766
GO:1901070	45	0.5515014516067233	22.359159552673116	21.415180494099893
GO:0006414	44	0.8991355173184294	21.50983786674514	21.646836521602456
GO:0006771	44	0.9988878469344481	17.185508351544872	16.746499979562447
GO:0008237	44	0.9761146576244029	41.76730650738169	42.26969660981944
GO:0009070	44	0.7516399177981791	20.529346915124705	20.392738588125454
GO:0009231	44	0.9988878469344481	17.185508351544872	16.746499979562447
GO:0016758	44	0.9338196960369802	22.832320054975515	22.165774460896046
GO:0016840	44	1.1464471062664856	36.380242352802625	34.16029165773925
GO:0018202	44	0.736125990953416	20.12824204778467	21.74614743137384
GO:0070181	44	0.7440003782972608	9.606290430907766	9.740418733794593
GO:0003333	43	0.7693401587037512	14.525858170018768	13.751446220096922
GO:0006886	43	0.8266357699791025	11.283303204580946	11.418426091197661
GO:0016655	43	1.1942507121904493	19.00263709702346	19.29492523477148
GO:0016780	43	2.340904950531149	84.96441625425841	80.07177683969925
GO:0019202	43	0.9860870483463967	36.35565563418379	33.92753458636965
GO:0043628	43	0.720199245728347	18.63494428178052	16.20966726892056
GO:0046112	43	0.7655425426874354	27.622180645289554	25.226203712265242
GO:0046907	43	0.8266357699791025	11.283303204580946	11.418426091197661
GO:1902495	43	1.0647462287390623	19.732035778212904	19.77315589913642
GO:1990351	43	1.0647462287390623	19.732035778212904	19.77315589913642
GO:0002949	42	1.0922659206001522	35.31606407027868	34.9080894043439
GO:0006094	42	0.6353180487670704	13.724209531396458	12.60084251596067
GO:0006302	42	0.7349892363837158	45.113394162005335	43.93038682001165
GO:0008080	42	1.5190378645445106	42.56656206444686	44.091439084330716
GO:0010876	42	1.1086528278371983	29.80937077371368	31.106375956301225
GO:0015103	42	1.0169979423796012	15.441918609992701	16.03214359456486
GO:0016684	42	1.099358103835632	62.33125359531582	61.19541940767155
GO:0016743	42	0.8636685921102021	35.085384989666814	34.83850697878051
GO:0016799	42	1.1587663201615788	29.602916269597603	31.88259845550073
GO:0019319	42	0.6353180487670704	13.724209531396458	12.60084251596067
GO:0032940	42	1.385983386542449	25.78529657001744	27.651977440449045
GO:0033866	42	0.5377038432735038	15.091289582558796	16.176309004169433
GO:0034030	42	0.5377038432735038	15.091289582558796	16.176309004169433
GO:0034033	42	0.5377038432735038	15.091289582558796	16.176309004169433
GO:0044183	42	2.001342727154188	69.49103808391904	82.03310743790482
GO:0046903	42	1.385983386542449	25.78529657001744	27.651977440449045
GO:0051537	42	1.1738556086326781	13.977381040225914	12.817528298604241
GO:0070525	42	1.0922659206001522	35.31606407027868	34.9080894043439
GO:0000160	41	0.7229514174947852	17.276672970003286	18.462265756596654
GO:0000966	41	0.706993036272788	14.140235338992218	13.49138444489785
GO:0002790	41	1.3766375921499256	25.607726476559495	27.39029519745839
GO:0003678	41	0.7222116542728841	32.707061961788064	29.68334996288109
GO:0006213	41	0.4872894320833566	11.981917751154782	12.271983515096988
GO:0008320	41	0.6286160773441963	23.50812289938659	23.64520636799339
GO:0009089	41	0.835498528704137	23.034470228210296	23.67742975099666
GO:0009306	41	1.3766375921499256	25.607726476559495	27.39029519745839
GO:0016423	41	0.890017667942485	32.236756519137174	30.861463689092993
GO:0016435	41	0.7524837993197411	14.786214161877623	14.920947139409288
GO:0019238	41	1.4461410530627172	53.84704516051518	55.69273224825857
GO:0034471	41	0.706993036272788	14.140235338992218	13.49138444489785
GO:0035556	41	0.7229514174947852	17.276672970003286	18.462265756596654
GO:0042542	41	0.9231329614216173	59.65965945971415	57.31262194221392
GO:0046777	41	0.6234889851963605	12.35656451564443	11.37939464528095
GO:0046915	41	0.7986043009991267	19.629373873935354	17.609352297593755
GO:0098533	41	1.0367728328079198	19.023115590419476	18.994595648745186
GO:0000470	40	0.5615568964381313	12.260747990953405	12.0522856221569
GO:0001505	40	0.7011815311257181	23.877837839816102	24.674372990501364
GO:0004176	40	0.9509772250414305	41.78936237501646	43.25057193135599
GO:0006855	40	0.7085588029104094	27.584351341296532	25.44936249601159
GO:0008198	40	0.8749534965374244	14.305881128081205	16.447412698476068
GO:0008616	40	0.8116010877051243	29.353689860677708	27.497753625608638
GO:0016783	40	1.1357757445497751	19.136929507189286	18.60754074244704
GO:0042559	40	0.6041129502736622	17.290720421829107	16.590128091790625
GO:0043086	40	0.907908815837807	12.103562916314273	12.912892655709362
GO:0046116	40	0.8116010877051243	29.353689860677708	27.497753625608638
GO:0047429	40	1.104399852888869	16.9573384135049	18.281727232930006
GO:0050793	40	1.0188819022266853	19.53256308556584	18.329919585246895
GO:0090503	40	0.5969846854382976	9.503181023366423	10.089288274174212
GO:0004601	39	0.9998495043270322	60.8005410646033	59.67207788433004
GO:0004659	39	1.2344335264531288	30.689437960985067	28.974738953123428
GO:0004832	39	0.7029836326516554	54.14007940347298	54.92325616495143
GO:0006438	39	0.7029836326516554	54.14007940347298	54.92325616495143
GO:0006534	39	0.6329690724589666	18.73390262927629	18.95314810774523
GO:0006730	39	0.8710741710138401	23.572450093478707	22.122792404079085
GO:0006869	39	1.0297054594161459	29.57252866845052	30.764270693143335
GO:0009240	39	0.711954157544774	32.00937270973285	30.53232670145049
GO:0042133	39	0.6901925201367072	23.30640926838753	23.916131232259605
GO:0042816	39	0.6392943593160801	13.970015751662746	14.254990632980824
GO:0044275	39	0.6151456844832421	35.72131263408914	34.23838356917273
GO:0044764	39	1.5446983680070883	23.843412492168866	25.19187782252744
GO:0046037	39	0.4948559436835647	17.483780919666724	17.343569106222297
GO:0046490	39	0.711954157544774	32.00937270973285	30.53232670145049
GO:0051247	39	0.5306415856567879	12.759609693016293	12.683387267702981
GO:0055065	39	0.7370396125576739	14.147724541618519	14.188788615133133
GO:0070567	39	1.8870309195809745	43.071845332318766	49.78330151803457
GO:0072511	39	0.9175046620165825	22.599077881973802	21.371749986724875
GO:0003887	38	0.658756936971208	15.381246725971192	15.90426766852295
GO:0006531	38	0.5144012299148883	11.226717248507269	10.980879132873127
GO:0006566	38	0.7751764284774335	25.47276741112772	22.915628487526334
GO:0009394	38	0.44194086779635827	11.808343578614407	12.352803877355718
GO:0009898	38	0.8469295256564031	10.694827806590368	10.622253409624157
GO:0016661	38	1.379189993636527	81.51237837619195	79.41656825967472
GO:0019692	38	0.44194086779635827	11.808343578614407	12.352803877355718
GO:0034061	38	0.658756936971208	15.381246725971192	15.90426766852295
GO:0034627	38	0.5131744869175463	10.776502568482735	10.497133477587909
GO:0042819	38	0.6115165815383022	13.80334908499608	14.088323966314157
GO:0046653	38	0.5427995993534628	17.309124523540127	16.045068779581662
GO:0046940	38	0.4805751838483043	10.951254764003439	11.842148201268019
GO:0050145	38	0.4805751838483043	10.951254764003439	11.842148201268019
GO:0098562	38	0.8469295256564031	10.694827806590368	10.622253409624157
GO:0003899	37	0.7467214402703903	24.111139334674498	25.9952969876848
GO:0006643	37	0.6643687880858097	12.002218374036849	12.044856098405733
GO:0006664	37	0.6643687880858097	12.002218374036849	12.044856098405733
GO:0008360	37	0.957657412430767	16.22644063658625	15.738082850553019
GO:0009247	37	0.6643687880858097	12.002218374036849	12.044856098405733
GO:0015238	37	0.6460588029104094	26.980184674629864	25.178529162678263
GO:0017001	37	0.6513438680647974	12.872300010085013	12.96142093954287
GO:0019355	37	0.49947585678055995	10.749105308208764	10.428640326902977
GO:0019400	37	0.8186054421768707	44.23445578231293	43.2267006802721
GO:0022603	37	0.957657412430767	16.22644063658625	15.738082850553019
GO:0022604	37	0.957657412430767	16.22644063658625	15.738082850553019
GO:0030983	37	0.8101045296167253	51.459847353575555	51.763646922183504
GO:0032270	37	0.49730825232345466	12.609609693016292	12.366720601036313
GO:0032879	37	1.0751193001093657	24.77391840625599	26.281818453823455
GO:0034062	37	0.7467214402703903	24.111139334674498	25.9952969876848
GO:0034628	37	0.49947585678055995	10.749105308208764	10.428640326902977
GO:0043163	37	0.8385888980992546	24.35868709684102	22.848391088900076
GO:0043165	37	0.8385888980992546	24.35868709684102	22.848391088900076
GO:0043227	37	0.627157887847288	23.201458020811028	23.743928525921067
GO:0043231	37	0.627157887847288	23.201458020811028	23.743928525921067
GO:0044042	37	0.871623577748923	20.29362380618512	19.877988495034874
GO:0044091	37	0.8385888980992546	24.35868709684102	22.848391088900076
GO:0046365	37	0.8735215695146504	44.47479959346589	40.89672436396646
GO:0046467	37	0.6643687880858097	12.002218374036849	12.044856098405733
GO:0055076	37	0.7133502377328913	12.497318037553478	12.121365009862599
GO:0071709	37	0.8385888980992546	24.35868709684102	22.848391088900076
GO:0097747	37	0.7467214402703903	24.111139334674498	25.9952969876848
GO:0098661	37	0.9420256502450867	19.953039167835662	21.844553645905304
GO:1901616	37	0.5584061414212933	13.271014977151776	12.550509059743334
GO:0006071	36	0.776938775510204	42.35945578231293	41.89336734693877
GO:0006739	36	0.5649194336977178	17.50838298489555	16.844436692109525
GO:0006875	36	0.6480671814799799	13.651483940114762	13.586031722902558
GO:0006928	36	1.6405421695818927	97.83767388100536	103.54113988782305
GO:0008236	36	0.6570036618848409	15.455542720668019	16.761774523939447
GO:0008289	36	0.7006652232386693	10.132542735140923	10.610912572365637
GO:0016725	36	2.3628042402220424	152.90923331324294	153.50898784232783
GO:0016833	36	0.8848748852321574	26.177386900676257	26.265481736345002
GO:0017171	36	0.6570036618848409	15.455542720668019	16.761774523939447
GO:0019898	36	0.7294063730421394	10.623192320121847	12.528832364486595
GO:0034661	36	0.6837681705496721	12.699398786975225	11.761141008324925
GO:0043545	36	0.6355867397380837	11.825214122897943	11.189852180104355
GO:0046039	36	0.4812734094914952	16.420537113992072	15.699663031070083
GO:0046933	36	0.30855873869883543	4.006509383343381	4.694550313066803
GO:0048870	36	1.6405421695818927	97.83767388100536	103.54113988782305
GO:0051189	36	0.6355867397380837	11.825214122897943	11.189852180104355
GO:0051674	36	1.6405421695818927	97.83767388100536	103.54113988782305
GO:0072523	36	0.5992272335062676	28.568053609609162	28.948549451114644
GO:0004553	35	1.6668876046187502	139.9321849893023	141.3150470445437
GO:0005507	35	1.2171048301401624	18.115306809096538	21.08774829075558
GO:0006040	35	0.7007148306007616	41.896983749315794	43.61747262692127
GO:0006402	35	0.43954382300956063	7.371834818077413	7.118956863003128
GO:0008614	35	0.5703439860178806	13.415338544811627	13.431209341808227
GO:0009409	35	0.8481332630936635	18.983874982570804	15.073283509369267
GO:0015171	35	0.6212879319968609	11.385194187669489	11.13730426381595
GO:0015267	35	0.9677417749039303	14.926134141710868	15.801548621541803
GO:0019856	35	0.6654307246808804	19.13018141644822	16.707586014173867
GO:0022803	35	0.9677417749039303	14.926134141710868	15.801548621541803
GO:0030964	35	0.9312641920172914	12.568634238331725	12.456482030728598
GO:0034599	35	0.8286737592762451	8.513068695919419	8.578327973899365
GO:0044257	35	0.673855832187398	22.487047839511302	22.145400465361337
GO:0044403	35	0.6477392100555442	9.259658728012901	8.995064683261514
GO:1901698	35	0.6612102786790043	14.022525852179706	14.35326099039596
GO:0000984	34	0.5840263519660878	7.95900648154175	7.055329401369689
GO:0001017	34	0.5840263519660878	7.95900648154175	7.055329401369689
GO:0004532	34	0.529568955101219	8.907675405388895	9.347715240466346
GO:0006073	34	0.774849384200536	19.583946386830284	18.490891720841326
GO:0008081	34	2.6025231329090763	77.05089468583132	86.3701791200351
GO:0008172	34	0.6908461695902611	20.973985889656774	20.847084398625203
GO:0009143	34	0.4680830096352518	12.040031823868265	13.069989558686686
GO:0009245	34	0.6057949340959963	10.788296472508835	10.650968152735105
GO:0009416	34	0.6757646390229837	10.506453141390967	11.403962065130102
GO:0016775	34	0.5705927646012239	16.42243695249682	16.931173150386627
GO:0016896	34	0.529568955101219	8.907675405388895	9.347715240466346
GO:0019897	34	0.7149136194189509	10.326090870846485	12.188252654341667
GO:0043190	34	0.9333472728606208	15.7773975403536	15.854279443211587
GO:0046493	34	0.6057949340959963	10.788296472508835	10.650968152735105
GO:0046916	34	0.6243778066551973	12.00107743604972	11.518608117632024
GO:0050136	34	0.870371695066358	12.969989900213701	13.01960063941609
GO:0051205	34	0.6794699065869259	9.282713265183382	8.765054133076267
GO:0070469	34	0.747173249081588	7.586154646003398	8.112951355356067
GO:0070470	34	0.747173249081588	7.586154646003398	8.112951355356067
GO:0070838	34	0.7450908689131343	17.357698571628976	15.888991366035224
GO:1901269	34	0.6057949340959963	10.788296472508835	10.650968152735105
GO:1901271	34	0.6057949340959963	10.788296472508835	10.650968152735105
GO:0003746	33	0.7701115181151682	19.701500050337255	19.277282031391874
GO:0004549	33	0.55751362700929	8.503055126350036	8.16092596477977
GO:0006273	33	0.5537444632736909	19.560977343258315	17.181945401108557
GO:0006541	33	0.5647947259786883	15.913859511380007	15.931127922404345
GO:0009897	33	0.8688730435183907	13.672931587010634	13.965419000431108
GO:0010165	33	1.0421193570847205	13.28239000594765	13.791853277570748
GO:0016042	33	0.6837488333183338	15.012459427139868	15.646899147002948
GO:0016744	33	1.1776585125719157	29.45051094735534	31.837262541895193
GO:0019220	33	0.5613221210643065	16.99202623898891	17.30478480635857
GO:0019288	33	0.6249976358056437	28.893430680747347	27.98160206376933
GO:0043952	33	0.5275246400458623	21.308002043231244	22.246966389580994
GO:0046040	33	0.4428725070349415	17.03419441835989	15.538909924754028
GO:0046131	33	0.3567974467850584	8.260909467234013	8.675505101114991
GO:0051174	33	0.5613221210643065	16.99202623898891	17.30478480635857
GO:0098803	33	0.7381642400725789	7.568136627985381	8.076915319320031
GO:1901264	33	0.7483898778746532	21.64535760389508	22.315271568441688
GO:0000910	32	0.9875632765940158	11.028552400575968	11.975700072182905
GO:0003909	32	0.6858280881195911	36.828596249672174	35.330153422501965
GO:0006266	32	0.6858280881195911	36.828596249672174	35.330153422501965
GO:0007059	32	0.6566118943698976	28.68157598069197	29.8196471433752
GO:0008137	32	0.8190896437843066	12.482810413034212	12.352933972749424
GO:0008171	32	0.6673820516334683	17.927632202312378	16.791180893034095
GO:0009062	32	0.6624722375736529	14.948629639905826	15.646899147002948
GO:0016868	32	1.6014961146359847	94.99686717392196	100.49475265782043
GO:0036442	32	0.4144313150397342	22.417019354738066	23.478813110081646
GO:0042891	32	0.9061852337072324	9.416890792769168	9.967055072727684
GO:0043254	32	0.47714594364977225	7.2843211293941295	7.678734895786622
GO:0044242	32	0.6624722375736529	14.948629639905826	15.646899147002948
GO:0046961	32	0.4144313150397342	22.417019354738066	23.478813110081646
GO:0051052	32	0.5314233967234843	11.581437644593237	10.381808887422409
GO:0051103	32	0.6858280881195911	36.828596249672174	35.330153422501965
GO:0097164	32	0.7699603231386376	19.407161269583604	19.15067664577909
GO:0001539	31	1.5170782838599424	94.8710807618316	100.99060001792833
GO:0004003	31	0.46457714592409016	27.458750273476383	25.785464990710402
GO:0006308	31	0.6869861584201189	12.84112747037057	14.600478656178797
GO:0006549	31	0.6110998111619231	19.18713335836006	18.841875696767
GO:0006768	31	0.5121027822866986	12.761325057387086	11.847440381738975
GO:0009065	31	0.6246593480880615	10.693274727870538	11.800568739540786
GO:0009097	31	0.6110998111619231	19.18713335836006	18.841875696767
GO:0009102	31	0.5121027822866986	12.761325057387086	11.847440381738975
GO:0009200	31	0.33829515073115185	8.436683072790606	9.322145093941625
GO:0009263	31	0.3880391457780544	14.033118225357745	13.185889336285298
GO:0015450	31	0.46530438903250776	21.942430258693946	21.94379944158646
GO:0016226	31	0.6517378599377368	5.657027357867456	5.977177788033038
GO:0016638	31	0.6042644706718494	11.699054533030042	11.833389740443476
GO:0016838	31	0.648952972872803	24.79256045292773	21.505597449311725
GO:0018106	31	0.4803330243414836	12.965726995786865	13.43290475211823
GO:0019321	31	0.7668642566057176	38.57263569368646	33.55507306313758
GO:0019904	31	2.029365337587969	190.54144568542526	200.2970556851844
GO:0023014	31	0.4861771801856395	12.639752969812838	12.947190466403946
GO:0031119	31	0.8533862783562925	25.489574867726503	29.649091199277432
GO:0031163	31	0.6517378599377368	5.657027357867456	5.977177788033038
GO:0031233	31	0.8006912253365726	11.309295223374269	11.669964454976565
GO:0031522	31	0.5489532114744338	21.325859186088387	22.021966389580996
GO:0034250	31	0.3886850311434521	9.606108424654543	9.89346730231254
GO:0042277	31	1.291857327346425	27.81137890292883	26.19482945158842
GO:0045727	31	0.3886850311434521	9.606108424654543	9.89346730231254
GO:0046164	31	0.38688419931111584	12.547438880046267	11.823618303440814
GO:0070085	31	0.6588322740621527	31.786038013836514	31.4633796192771
GO:0071973	31	1.5170782838599424	94.8710807618316	100.99060001792833
GO:0097588	31	1.5170782838599424	94.8710807618316	100.99060001792833
GO:1905368	31	1.2069568341019594	32.56349995562444	29.591768945967097
GO:0000175	30	0.45444723349434685	7.342335541011037	7.247182754403656
GO:0000502	30	1.193623500768626	32.49683328895777	29.538435612633762
GO:0004673	30	0.4576057516142109	12.011181541241408	12.43290475211823
GO:0004813	30	0.3773236178291182	25.87251159730206	25.062234633999957
GO:0006415	30	0.5382857227159972	13.800837612262852	14.446722248525997
GO:0006419	30	0.3773236178291182	25.87251159730206	25.062234633999957
GO:0006536	30	0.5527263779736369	9.961645567636005	10.559256833439607
GO:0006595	30	0.8858339796390667	23.1105201195108	21.50615459307496
GO:0006814	30	0.6639244762786963	31.357901742163428	32.2848747990778
GO:0009147	30	0.31432690433915483	7.328762986390973	7.620352722020144
GO:0009396	30	0.4687487822779151	14.858902240010925	13.607012727622628
GO:0015036	30	1.2369338252572184	15.197813188126052	12.578093756572887
GO:0015936	30	0.43983433472657607	11.766793800069662	12.334983175349556
GO:0015937	30	0.43983433472657607	11.766793800069662	12.334983175349556
GO:0016628	30	0.8574648362068487	22.47176793402929	24.220680967358724
GO:0019104	30	0.6908009659053302	19.37064961801679	19.508210682949773
GO:0019541	30	0.6067672728074013	15.080307607416408	15.717619630243771
GO:0019748	30	0.8506267008191664	16.7741255994222	14.661925482621296
GO:0043624	30	0.5382857227159972	13.800837612262852	14.446722248525997
GO:0046459	30	0.6067672728074013	15.080307607416408	15.717619630243771
GO:0051213	30	1.0807864948502257	11.063155814911699	10.875676756943758
GO:0051603	30	0.603648261979828	21.828928181391646	21.27848959845047
GO:0140104	30	0.5684478309334825	4.617614008276977	4.399547089662261
GO:1901701	30	0.5311216308631769	11.219753950364288	11.571556548440793
GO:1905369	30	1.193623500768626	32.49683328895777	29.538435612633762
GO:0000155	29	0.4485148425233018	11.529363359423227	11.89654111575459
GO:0003684	29	0.7931814526936478	44.9821916759199	45.40857976711634
GO:0003743	29	0.474541378977381	8.679151814606845	8.852201813287298
GO:0006177	29	0.35816003725081624	14.07150021791234	13.709797176397737
GO:0006207	29	0.5910105100737498	17.731600592633754	15.021189337122989
GO:0006813	29	0.6501303411860719	19.606486778901626	19.343586221095414
GO:0009219	29	0.3089543478886367	7.996754185087745	8.208887271094763
GO:0009250	29	0.6554049397560914	16.738576016459916	16.21681764676725
GO:0010243	29	0.5796732541172492	12.872355919796712	12.961112749769597
GO:0016075	29	0.5981706220307752	10.885711350815882	9.965022520071608
GO:0016790	29	1.3756148609859946	9.492520711373281	11.92929830797489
GO:0031118	29	0.6205009276437848	12.440259740259739	11.011595547309833
GO:0031241	29	0.6730414604559611	20.75550843006383	19.923984195256423
GO:0042575	29	0.5701157566554546	16.055481564550192	16.652806856732443
GO:0046165	29	0.6758671570701646	15.94743351886209	16.05572101248793
GO:0001216	28	0.3199554603259037	5.400912377767089	5.748945215847251
GO:0004814	28	0.4894439488551888	23.236990782039847	22.331251858459705
GO:0004826	28	0.48245831700840186	22.515249662618082	22.66199338296112
GO:0005950	28	0.44084593725641924	25.790972599049073	26.34739046306804
GO:0006420	28	0.4894439488551888	23.236990782039847	22.331251858459705
GO:0006605	28	0.523163380299816	8.33199187223513	8.961852779451933
GO:0008705	28	0.4511449117286257	18.19143871984545	18.55864100239879
GO:0009129	28	0.30202844897054054	6.690681585869706	6.4240438134187
GO:0015939	28	0.4203909097023503	12.329088738474333	13.611997104825491
GO:0015940	28	0.4203909097023503	12.329088738474333	13.611997104825491
GO:0016832	28	1.2286288463887245	33.49159892482556	34.54063918668657
GO:0016859	28	0.7630323113845685	7.433950089571187	7.556170799642983
GO:0016882	28	0.6468546878944113	9.826677870685836	8.193213985120494
GO:0031230	28	0.6798575202131975	19.748692370306596	19.358904830177057
GO:0033293	28	0.43144858361667693	9.422379279271942	9.67807583121262
GO:0042084	28	0.4511449117286257	18.19143871984545	18.55864100239879
GO:0043024	28	0.40448265222612073	8.17651214197116	8.12444835643814
GO:0044463	28	1.5157860979600108	48.47423923902186	48.22387539996235
GO:0046033	28	0.4029808547891731	25.435281369931936	24.563730386669437
GO:0046174	28	0.32110999591093264	11.989829188506004	11.469551317794881
GO:0048027	28	0.32025736411578065	4.120307950059034	4.278723262222968
GO:0051049	28	0.6609953562745547	18.62762364131716	19.0334903248373
GO:0055072	28	0.5920091041604756	9.398846697421652	9.365374586525993
GO:0065002	28	0.500271021155337	6.809784310980083	6.583479470103498
GO:0070180	28	0.6583958397129388	7.044345996506501	7.007692957046849
GO:0072529	28	0.35508464412629087	5.529943424443373	5.7188228517112085
GO:0000988	27	0.5860010175094228	10.421641841928075	9.000409954021947
GO:0001682	27	0.4146564841521472	6.169721793016701	6.184735488589293
GO:0004526	27	0.4146564841521472	6.169721793016701	6.184735488589293
GO:0006486	27	0.5690084200723394	30.478366112308503	29.97574167360648
GO:0006560	27	0.4912355256454106	16.008263591188797	15.75638543539695
GO:0006650	27	0.6115394695419514	11.876119775621138	12.776315938095598
GO:0006777	27	0.49702464823481557	7.724397129433894	7.223185513437688
GO:0006829	27	0.6011970251946195	9.534201337920264	8.186333482093305
GO:0008409	27	0.5035899120019458	11.01340951737943	11.934168187876342
GO:0009100	27	0.5690084200723394	30.478366112308503	29.97574167360648
GO:0009101	27	0.5690084200723394	30.478366112308503	29.97574167360648
GO:0009225	27	0.46970730356855867	29.350900047594962	29.000316604530006
GO:0009264	27	0.3482610469039446	10.645844792297154	11.33784127515505
GO:0015807	27	0.46321901935416965	8.78684945745786	9.04768862438725
GO:0016433	27	0.5000196420978683	14.435428336383636	15.104142402898711
GO:0016434	27	0.5236496843180906	13.38511733148425	13.965526501465881
GO:0018065	27	0.4760735773030854	7.1508732918568985	7.425865997997144
GO:0019720	27	0.49702464823481557	7.724397129433894	7.223185513437688
GO:0030677	27	0.4282940398825432	6.853435404346363	6.522002732229471
GO:0032300	27	0.5398664343786295	55.073736242464456	56.018805652342245
GO:0033317	27	0.4103909097023503	11.51908873847433	13.031997104825493
GO:0036265	27	0.4775779574327669	13.67381070230435	14.11391409558379
GO:0042537	27	0.6002946930305488	12.81192690092459	11.654063718466285
GO:0042822	27	0.42325788125697117	10.301689853138829	10.483535897240372
GO:0042823	27	0.42325788125697117	10.301689853138829	10.483535897240372
GO:0043413	27	0.5690084200723394	30.478366112308503	29.97574167360648
GO:0045017	27	0.6115394695419514	11.876119775621138	12.776315938095598
GO:0046474	27	0.6115394695419514	11.876119775621138	12.776315938095598
GO:0046486	27	0.6115394695419514	11.876119775621138	12.776315938095598
GO:0046501	27	0.5641002124873092	10.2964066810841	7.272503085406311
GO:0048583	27	0.611960942563823	17.848012127809653	16.775194657844708
GO:0050667	27	0.41657044364351936	18.290729499987297	18.978853768356238
GO:0051336	27	0.5682466879572349	7.212626209810205	7.741483863859305
GO:0062012	27	0.33062930402552027	6.162267112963313	5.539720217080486
GO:0071310	27	0.3891959501145242	10.164863364648062	10.2263740645344
GO:0099116	27	0.4146564841521472	6.169721793016701	6.184735488589293
GO:1902555	27	0.4282940398825432	6.853435404346363	6.522002732229471
GO:0000003	26	0.7467544385103424	13.480779781310058	14.109142203533706
GO:0003916	26	0.5392951696011432	27.353684407618353	28.375520381081333
GO:0003921	26	0.3272322021992698	13.690056918943268	13.43144666093382
GO:0003922	26	0.3272322021992698	13.690056918943268	13.43144666093382
GO:0008097	26	0.5470763082832049	9.783723064757547	10.266073597108079
GO:0009411	26	0.4849276981860429	8.291806676744502	8.96420737537541
GO:0015293	26	0.43999244882667243	10.206304550882782	8.835343742559694
GO:0016842	26	0.5830429732868758	22.27526132404181	21.26751838946961
GO:0016894	26	0.5093402973837755	12.023216115607422	11.234061630800761
GO:0031246	26	0.6227146630703402	18.005835227449452	17.501761973034203
GO:0033178	26	0.2587635125889436	3.2300047892720305	4.2556145662287905
GO:0043102	26	0.5692352068644666	18.332212591751674	19.558216961700325
GO:0044461	26	1.3943575265314394	43.39566781045043	43.14530397139092
GO:0045261	26	0.2587635125889436	3.2300047892720305	4.2556145662287905
GO:0046858	26	2.171428571428572	20.285714285714285	18.542857142857144
GO:0071949	26	0.5151597682419268	11.917281660797432	9.747762755556726
GO:2000142	26	0.37442265721915635	5.688749572631043	5.345040652482411
GO:0000408	25	0.7025235822466082	24.66190992187272	23.687539303744348
GO:0000413	25	0.6215757287515152	6.2168632548372935	6.208831864068754
GO:0000724	25	0.3966747855622756	13.08194548674756	13.021298695540738
GO:0001131	25	0.24567032448892892	3.5874567759275675	3.3192146669279126
GO:0003755	25	0.6215757287515152	6.2168632548372935	6.208831864068754
GO:0004177	25	0.5992228723782913	21.29660529360126	24.360509102348296
GO:0004312	25	0.7148603473906799	21.841809524898892	20.626426186068414
GO:0004721	25	0.4406304196380382	9.887476791331915	10.054332186433385
GO:0005385	25	0.5102879342855285	8.806928610647535	7.459060754820578
GO:0006167	25	0.3674603174603175	22.30611577964519	21.196125116713358
GO:0006265	25	0.5049626990239984	27.23651607179512	27.933613997300334
GO:0006470	25	0.4406304196380382	9.887476791331915	10.054332186433385
GO:0006487	25	0.5065084200723392	30.322116112308503	29.78824167360648
GO:0006637	25	0.2943196576471439	7.626960520686695	7.3825560750345645
GO:0006835	25	0.7178354578474772	11.109695330325975	11.554215252400255
GO:0006857	25	0.8055235410932562	7.9059337713760485	9.897764134083475
GO:0006879	25	0.5030366730827813	8.902606095917893	8.762617694295416
GO:0008296	25	0.4632110600778769	8.204920813959909	8.814148069442759
GO:0009211	25	0.2553423349016236	5.8725658733994335	6.0780431152506065
GO:0009265	25	0.29366988930353477	7.22392858458916	6.635847565190897
GO:0018208	25	0.6215757287515152	6.2168632548372935	6.208831864068754
GO:0035383	25	0.2943196576471439	7.626960520686695	7.3825560750345645
GO:0042135	25	0.43370954962934627	12.186835775033549	12.313104290818027
GO:0044208	25	0.3674603174603175	22.30611577964519	21.196125116713358
GO:0045271	25	0.6046063015103261	4.545621323330301	4.810895077458545
GO:0045272	25	0.6046063015103261	4.545621323330301	4.810895077458545
GO:0046385	25	0.29366988930353477	7.22392858458916	6.635847565190897
GO:0046500	25	0.4058971636793401	17.112245796912937	17.22619235944867
GO:0051156	25	0.3946121123267069	11.427956066250248	10.508321683781825
GO:0051701	25	0.5112882346634752	7.512812495703837	7.470071270876799
GO:0052592	25	2.009673659673659	141.91013986013985	143.89329836829836
GO:0071236	25	0.366611246627729	8.436806122403672	7.992379654717862
GO:0071265	25	0.5465079341371939	17.491303500842584	18.262762416245778
GO:0071267	25	0.5465079341371939	17.491303500842584	18.262762416245778
GO:0071577	25	0.5102879342855285	8.806928610647535	7.459060754820578
GO:0071804	25	0.43960402539659815	15.817013094691099	16.238323063200678
GO:0071805	25	0.43960402539659815	15.817013094691099	16.238323063200678
GO:0072348	25	0.5643761647034781	7.933659039911063	9.07650451721988
GO:0072509	25	0.5102879342855285	8.806928610647535	7.459060754820578
GO:1901658	25	0.37736717254255076	33.94818210501957	36.19393013741447
GO:0000107	24	3.1104977375565603	83.2826395173454	79.29140271493215
GO:0003725	24	0.4783321652816021	10.168915418424458	11.01785933056928
GO:0004829	24	0.3643724696356276	23.017004048582994	22.395681511470983
GO:0006098	24	0.38686017434221076	11.381444438343271	10.508321683781825
GO:0006435	24	0.3643724696356276	23.017004048582994	22.395681511470983
GO:0006551	24	0.4958620567090968	27.71113404232525	24.985431176156172
GO:0006561	24	0.46581179683185125	15.864195794578627	15.561470181159661
GO:0006782	24	0.495918394305491	9.182770317447737	6.522503085406311
GO:0009092	24	0.49904351133807145	17.80711725598716	17.0452523625878
GO:0009098	24	0.4958620567090968	27.71113404232525	24.985431176156172
GO:0009130	24	0.2607913355684787	6.164908389993418	6.083837627851691
GO:0009244	24	0.4665972162175833	7.663667054440281	8.899345577487026
GO:0009380	24	0.9158547455722205	51.0169224508778	51.86946866643413
GO:0009894	24	0.3113666562230902	4.07286393865685	4.043906212930662
GO:0010563	24	0.4419401333101024	15.606321116963533	15.712322249473953
GO:0015079	24	0.41999618225934326	15.209169957436197	16.00302894555362
GO:0015804	24	0.38655387943908576	4.940383945945001	5.7375240861638055
GO:0016742	24	0.4928346290263198	12.943848971156216	13.125839693498737
GO:0019954	24	0.7226169598274093	12.610518729230824	13.255410077074307
GO:0022414	24	0.7059381119797301	8.705269577228426	9.292815672921462
GO:0045936	24	0.4419401333101024	15.606321116963533	15.712322249473953
GO:0046401	24	0.4665972162175833	7.663667054440281	8.899345577487026
GO:0046874	24	0.3109644014971625	9.716572710138852	9.333592589739737
GO:0048476	24	0.4322150239064132	7.632336492119947	7.837734261460035
GO:0050518	24	1.6174347158218119	37.33894009216589	42.87247823860727
GO:1902475	24	0.4086735648087152	8.532304002912404	8.811324988023612
GO:1905347	24	0.9158547455722205	51.0169224508778	51.86946866643413
GO:1990063	24	0.5518398014978041	17.603841871967727	16.818484010686472
GO:2000765	24	0.38501609217652116	9.002984790028524	9.895582335985512
GO:0000455	23	0.49805194805194797	6.440259740259739	6.39935064935065
GO:0000460	23	0.36700320582230217	14.114255195308967	14.2753696117832
GO:0000986	23	0.4868834948232305	6.292339814875082	5.689138925179213
GO:0000987	23	0.4868834948232305	6.292339814875082	5.689138925179213
GO:0004857	23	0.48193142871896516	7.1186128478970865	7.700240464853207
GO:0006113	23	0.449366136548212	7.807254864858585	9.945463293353479
GO:0006144	23	0.4495351874917588	27.83210817520243	26.794536626294754
GO:0006563	23	0.40179695900565926	6.395729567433526	6.091956750698725
GO:0006721	23	0.48347746259543567	13.61343474521911	12.982295619226914
GO:0008615	23	0.35724874792264266	5.61414806862115	5.3264474370463235
GO:0009235	23	0.5494835835511748	9.669920952764755	11.086340536903494
GO:0009236	23	0.5494835835511748	9.669920952764755	11.086340536903494
GO:0009405	23	1.4293110343716728	25.12283368887528	24.259961499326238
GO:0016114	23	0.48347746259543567	13.61343474521911	12.982295619226914
GO:0016705	23	0.6561515122962	8.063557639831998	9.536028752852282
GO:0016846	23	0.492792196505343	7.575145489001567	8.27209736220436
GO:0019206	23	0.29678527906048724	8.84825954606129	8.326367191511284
GO:0019509	23	0.5210291934685797	16.994062345373578	17.930727362691737
GO:0034762	23	0.4375105077897064	15.67307818677171	15.669853961200936
GO:0034765	23	0.4375105077897064	15.67307818677171	15.669853961200936
GO:0043269	23	0.4375105077897064	15.67307818677171	15.669853961200936
GO:0045005	23	0.38855320495785994	7.062665951549169	7.6869354406614505
GO:0045903	23	0.3221209050996285	8.492333671057075	9.057210401891252
GO:0046439	23	0.3772926663248427	15.981954791621934	15.817379528760846
GO:0051302	23	0.5972410726180561	6.011393840529742	5.729600405672942
GO:0072341	23	0.42198496536994595	2.618603498501852	3.413991652043315
GO:0097428	23	0.4608128642778118	5.261292682606138	5.487931850582938
GO:0004042	22	0.5226015489173385	19.59842433526644	20.807216123005595
GO:0004088	22	0.410713212206412	37.45939596849899	34.23227605469671
GO:0004803	22	0.5088495575221241	11.06805731142014	11.27960387694901
GO:0005509	22	0.6391729468797318	29.130333003413487	32.4490867024951
GO:0006047	22	0.38828499857186694	27.678784969299574	27.585250561939283
GO:0006313	22	0.5088495575221241	11.06805731142014	11.27960387694901
GO:0006596	22	0.6887120239805254	21.486378461222802	20.064138297400127
GO:0006826	22	0.4766455216250297	6.567329419583519	6.388340334344433
GO:0008169	22	0.45545954275687167	8.769124727921422	10.460162940611253
GO:0008297	22	0.3911796102834463	5.225990209823403	5.5575553344953335
GO:0008374	22	1.1580206144065133	48.931629696962425	47.89748440583904
GO:0008643	22	0.5877163656705006	5.753504549618947	4.638345930456505
GO:0009068	22	0.35965962277916746	6.041110105255599	6.169132198284371
GO:0009099	22	0.43028348463131055	16.175296623666185	16.470447125338428
GO:0009221	22	0.24363618522534122	5.976456390453668	5.73603293762096
GO:0009249	22	0.3748831011126093	5.930635196618803	6.52705647418762
GO:0009328	22	0.4019055199213446	28.13686502177068	28.576773257174953
GO:0015294	22	0.36422918862494874	7.643828678876693	6.485803193936689
GO:0015297	22	0.41719710264492776	16.91798214857736	17.440898318384903
GO:0016812	22	0.7357587732119121	40.78431184491182	40.17954211660916
GO:0016855	22	1.130680700373795	71.78737130303627	70.74168797953965
GO:0019323	22	0.5438573575907542	34.05343171218408	29.314496704012832
GO:0019405	22	0.19360544217687073	4.401122448979592	3.8517006802721094
GO:0019563	22	0.19360544217687073	4.401122448979592	3.8517006802721094
GO:0031329	22	0.27803332288975685	3.9228639386568496	3.727239546263996
GO:0031365	22	0.7467266332237792	10.007975552095948	11.283378884852677
GO:0032196	22	0.5088495575221241	11.06805731142014	11.27960387694901
GO:0032505	22	0.681800633296797	7.835008525149191	8.439083546462063
GO:0033353	22	0.3587741478063242	15.352325161992304	15.46552767690899
GO:0033567	22	0.32457779660702435	7.76931067659165	7.452778734441892
GO:0034227	22	0.49137700606697404	4.477372207934562	4.959729750155293
GO:0043093	22	0.681800633296797	7.835008525149191	8.439083546462063
GO:0044070	22	0.4266409425723151	15.542643404163014	15.615506135113979
GO:0045260	22	0.17490612247099258	2.290340964440632	2.6673762369176828
GO:0046113	22	0.495215657692353	21.10495555486095	20.014520110303003
GO:0046498	22	0.3587741478063242	15.352325161992304	15.46552767690899
GO:0050567	22	0.6470588235294118	42.32352941176472	40.08823529411765
GO:0050897	22	0.5606537022292679	13.952887479917695	12.72349130801875
GO:0051051	22	0.4559619302266361	15.808075502928446	15.843901196842374
GO:0070681	22	0.6470588235294118	42.32352941176472	40.08823529411765
GO:0071575	22	0.6211951982506019	9.651821798432605	9.604855562054604
GO:0072593	22	0.397853811033574	6.595954000713783	6.3918035529381765
GO:1901505	22	0.41526432061116486	14.72386226171008	15.28522956943417
GO:1903959	22	0.4266409425723151	15.542643404163014	15.615506135113979
GO:0003911	21	0.4566614214529242	25.03692958300551	25.6009867558353
GO:0004070	21	0.3735362997658079	14.10802107728337	13.907201405152223
GO:0004087	21	0.3990853052296678	37.110558759196664	33.790415589580434
GO:0004523	21	0.31049328956477085	7.614381099126862	7.157004086554568
GO:0004592	21	0.3112792574656982	9.653080441216034	10.623668280871671
GO:0006276	21	0.38508808392219185	8.975770907196889	9.779586693691009
GO:0006288	21	0.4566614214529242	25.03692958300551	25.6009867558353
GO:0006354	21	0.40609947848854155	11.593618302941472	12.642919989849617
GO:0006448	21	0.40008580698751894	9.008979253875745	10.672837749678145
GO:0006544	21	0.3711953178947319	15.381396978218518	14.703134349987828
GO:0006612	21	0.4168192942783106	5.5784972485792155	5.710401166548708
GO:0006935	21	1.3477133335052895	58.80445416715029	52.08778230954745
GO:0009360	21	0.44347634668271113	8.786670437405732	9.033330345589265
GO:0009404	21	0.7015510235181268	12.809259867832768	10.605551779982916
GO:0010966	21	0.41429526355996943	15.308075502928446	15.343901196842374
GO:0015081	21	0.3633573038535506	22.992533123293512	24.52451834883581
GO:0015179	21	0.3461735648087152	7.928137336245738	8.540491654690278
GO:0016801	21	0.3542037077620351	15.237415873439346	15.633461011964316
GO:0019200	21	0.5096475274557016	20.300096380887695	19.077206599755147
GO:0030258	21	0.5202895951200823	8.100167672152198	8.03232883333017
GO:0030976	21	0.3856605568319925	9.412156158340037	9.552924850744962
GO:0032135	21	0.5000000000000002	11.023809523809522	11.261904761904763
GO:0034763	21	0.41429526355996943	15.308075502928446	15.343901196842374
GO:0034766	21	0.41429526355996943	15.308075502928446	15.343901196842374
GO:0035725	21	0.3633573038535506	22.992533123293512	24.52451834883581
GO:0042330	21	1.3477133335052895	58.80445416715029	52.08778230954745
GO:0043137	21	0.31049328956477085	7.614381099126862	7.157004086554568
GO:0043271	21	0.41429526355996943	15.308075502928446	15.343901196842374
GO:0046654	21	0.29566409487551853	12.379877931519333	11.63941135336632
GO:0046835	21	0.5096475274557016	20.300096380887695	19.077206599755147
GO:0051087	21	1.0371389915990195	11.683310200785655	12.11701460608894
GO:0070402	21	0.3931301633441117	9.825184702303346	10.011435563602832
GO:1903792	21	0.41429526355996943	15.308075502928446	15.343901196842374
GO:1903795	21	0.41429526355996943	15.308075502928446	15.343901196842374
GO:1903796	21	0.41429526355996943	15.308075502928446	15.343901196842374
GO:1903960	21	0.41429526355996943	15.308075502928446	15.343901196842374
GO:2000185	21	0.41429526355996943	15.308075502928446	15.343901196842374
GO:2000186	21	0.41429526355996943	15.308075502928446	15.343901196842374
GO:0003871	20	0.34129642688014095	16.25583265923939	16.873034941792728
GO:0003918	20	0.35410998441595815	23.298128852062796	22.801446307007257
GO:0004056	20	0.48780487804878064	12.560975609756099	11.902439024390242
GO:0004107	20	0.34310344827586203	11.755172413793103	11.483908045977012
GO:0004141	20	0.49222130115747137	7.347048601516686	6.2244026895090725
GO:0004399	20	0.4187801932367149	16.966384863123995	17.214271336553942
GO:0004823	20	0.3524144547489607	32.79053405820275	32.55964182922929
GO:0006002	20	0.3659263724780965	27.665997106341937	27.509193794711038
GO:0006397	20	0.38223540872490647	5.465606384048875	6.173055263598408
GO:0006429	20	0.3524144547489607	32.79053405820275	32.55964182922929
GO:0006558	20	0.36089508768147754	7.628283037799295	8.381066246770471
GO:0006884	20	0.606225782414307	6.451051912568306	6.5956271733730745
GO:0008361	20	0.606225782414307	6.451051912568306	6.5956271733730745
GO:0009088	20	0.4292731821136607	13.531234244611003	12.313858169637596
GO:0010565	20	0.26970513334525203	5.792600194515908	5.252302350394327
GO:0015035	20	0.8204099864980721	11.73338297154536	9.35406095452535
GO:0032324	20	0.2879319951355882	8.132877779231286	7.994279713367926
GO:0032535	20	0.606225782414307	6.451051912568306	6.5956271733730745
GO:0035821	20	0.457605716433371	8.052748214760424	7.824145880886249
GO:0042085	20	0.34129642688014095	16.25583265923939	16.873034941792728
GO:0043174	20	0.23822000218194683	4.343250585804995	4.450898584920785
GO:0046132	20	0.22417403595591423	5.12317651549647	5.317084145409396
GO:0046134	20	0.22417403595591423	5.12317651549647	5.317084145409396
GO:0051084	20	0.5198776222836772	6.892415648062018	7.376744741021472
GO:0051085	20	0.5198776222836772	6.892415648062018	7.376744741021472
GO:0061505	20	0.35410998441595815	23.298128852062796	22.801446307007257
GO:0061783	20	0.5950703109526639	9.574274679568797	9.182548736666382
GO:0090066	20	0.606225782414307	6.451051912568306	6.5956271733730745
GO:1902221	20	0.36089508768147754	7.628283037799295	8.381066246770471
GO:0002094	19	0.560728079110432	14.028520499108732	14.49773469994058
GO:0004019	19	0.2722222222222222	12.591830065359478	11.831045751633987
GO:0004350	19	1.5670487493242915	76.06534104870018	72.86380166101529
GO:0004820	19	1.134180790960452	53.53538777606575	45.029481253210065
GO:0006084	19	0.19524269695272495	6.648771144807974	6.527467133167701
GO:0006613	19	0.38403240903240893	4.644071019071019	4.628433953433954
GO:0006972	19	0.4164763157320999	6.349794728876216	5.360815236300347
GO:0008252	19	0.509795682968696	4.541397856460626	6.621279689422772
GO:0008655	19	0.2260830817598244	4.417476087784227	4.497043815256962
GO:0008658	19	0.3057044841394079	7.144364732569371	7.250287801221593
GO:0008987	19	0.24874754858263515	7.813975307541451	7.476147709039043
GO:0009164	19	0.20729376768653712	4.546036424613012	4.824195524201591
GO:0009204	19	0.2011303997732975	5.045112191564552	6.112566549880322
GO:0009233	19	0.5474142246283368	9.717169972585971	8.725803263121815
GO:0009234	19	0.5474142246283368	9.717169972585971	8.725803263121815
GO:0009295	19	0.40434150361180776	24.648716324739304	24.2773270684294
GO:0015440	19	0.24278438030560262	19.188737973967175	19.677702320316925
GO:0015462	19	0.24278438030560262	19.188737973967175	19.677702320316925
GO:0015920	19	0.4623296864676174	9.282301202990858	9.487417956383474
GO:0016289	19	0.603810349707799	5.8620695835537315	5.838320864365869
GO:0016485	19	0.5943288364296768	14.10405339758281	13.465948813091671
GO:0016668	19	0.41521722101190106	10.556838524009471	9.279243531595627
GO:0016671	19	0.5570392685924515	3.812335130399192	5.012374234459246
GO:0016701	19	0.7270690424044572	6.857142106930584	6.7753716071957415
GO:0016702	19	0.7270690424044572	6.857142106930584	6.7753716071957415
GO:0016778	19	0.5127517280237549	7.862251957639536	8.44258070074151
GO:0019213	19	0.42989327324083476	19.56596028740534	22.42372526507212
GO:0019805	19	0.24874754858263515	7.813975307541451	7.476147709039043
GO:0019877	19	0.4449659863945579	12.861819727891154	12.162551020408163
GO:0031554	19	0.29319078234135243	6.338099806586287	5.929614523344056
GO:0031564	19	0.29319078234135243	6.338099806586287	5.929614523344056
GO:0032299	19	0.27536231884057977	7.333333333333333	6.73913043478261
GO:0032790	19	0.2545751599316776	5.591135417661266	6.583732057416268
GO:0032988	19	0.2545751599316776	5.591135417661266	6.583732057416268
GO:0033220	19	0.24278438030560262	19.188737973967175	19.677702320316925
GO:0034656	19	0.20729376768653712	4.546036424613012	4.824195524201591
GO:0034755	19	0.39054054054054055	5.058108108108109	5.270945945945946
GO:0043175	19	0.24095901334413564	5.812931501721187	4.941137383615357
GO:0043244	19	0.29319078234135243	6.338099806586287	5.929614523344056
GO:0043543	19	0.4797935488805238	6.424590008448449	6.79444308929265
GO:0046386	19	0.2011303997732975	5.045112191564552	6.112566549880322
GO:0046523	19	0.4359228104898563	15.738743196437408	16.611578426521522
GO:0051181	19	0.5869607620432208	7.524598382626869	7.65098852089107
GO:0070043	19	0.3321234119782214	7.237447065940715	7.513914095583788
GO:0070063	19	0.24095901334413564	5.812931501721187	4.941137383615357
GO:0070069	19	0.44604217101805854	6.582283049811188	6.174457416287351
GO:0070476	19	0.3321234119782214	7.237447065940715	7.513914095583788
GO:1903008	19	0.2545751599316776	5.591135417661266	6.583732057416268
GO:0000178	18	0.3208395029468977	4.701448770432309	4.4724257468861595
GO:0000469	18	0.21973768763799806	4.182890688882935	3.14627928273389
GO:0000702	18	0.3535724185724186	11.993788981288983	13.20544871794872
GO:0000731	18	0.3391516024029686	18.635129792233617	19.157398499065167
GO:0000989	18	0.4768852115626309	8.0032537355118	6.936755806917097
GO:0003933	18	0.8422160198475989	29.42255892255892	32.06348573453837
GO:0003984	18	0.3836000955566172	6.546464405160058	6.422300525561396
GO:0004048	18	0.3486956521739131	9.605217391304347	8.426086956521738
GO:0004370	18	0.6547619047619047	39.76190476190476	39.25595238095238
GO:0004477	18	0.5069164862065717	22.062306750776767	21.293562753036436
GO:0004488	18	0.5069164862065717	22.062306750776767	21.293562753036436
GO:0004807	18	0.12217687074829928	2.5975510204081638	2.637414965986395
GO:0004831	18	0.37977609837241205	16.16758437568191	17.997902875445604
GO:0005694	18	0.29732886444611994	21.05594129764386	20.338552992752785
GO:0006270	18	0.31969217465924765	27.961018225841965	25.854986136121514
GO:0009019	18	0.39359413023987705	11.929462650215399	11.746153611573625
GO:0009052	18	0.2732556862636695	6.428429010573287	5.6759233668112765
GO:0009173	18	0.19555701470305362	4.105796076642091	3.8975894198590435
GO:0016074	18	0.26678778685199234	8.685249207721117	7.571766649615764
GO:0016093	18	0.51288394145537	12.848948670377242	13.303081838796123
GO:0016094	18	0.51288394145537	12.848948670377242	13.303081838796123
GO:0016465	18	0.645915678524374	25.55862977602108	28.67687747035573
GO:0016556	18	0.4564007421150278	18.675943104514534	16.969078540507116
GO:0016635	18	0.362600689370949	10.208707991457795	9.147911280956128
GO:0016857	18	0.6398026704478317	24.09253909173264	29.663203552719676
GO:0019003	18	0.28002161490464517	5.354001474726476	4.791549534458545
GO:0019632	18	0.4232368778017006	12.616338948320326	12.336399970440844
GO:0030337	18	0.4070818070818071	7.161355311355312	7.1661782661782665
GO:0031126	18	0.26678778685199234	8.685249207721117	7.571766649615764
GO:0031974	18	0.241977935683753	6.381922677126358	6.949683480357766
GO:0033177	18	0.14398006515454384	1.996649973095235	1.9742420812097665
GO:0034214	18	0.28844979515343194	3.9204626343673628	4.15817488591762
GO:0035966	18	0.505006222790603	7.021619297510638	8.3618184635587
GO:0036361	18	0.6306807003737951	11.287371303036265	12.991687979539643
GO:0042780	18	0.37814264167205347	8.100232708468	7.315319974143503
GO:0043144	18	0.26678778685199234	8.685249207721117	7.571766649615764
GO:0043233	18	0.241977935683753	6.381922677126358	6.949683480357766
GO:0043531	18	0.25298954330101164	5.029754838971304	5.590556487028138
GO:0045263	18	0.14398006515454384	1.996649973095235	1.9742420812097665
GO:0046049	18	0.19555701470305362	4.105796076642091	3.8975894198590435
GO:0046166	18	0.12217687074829928	2.5975510204081638	2.637414965986395
GO:0047661	18	0.6306807003737951	11.287371303036265	12.991687979539643
GO:0070013	18	0.241977935683753	6.381922677126358	6.949683480357766
GO:0070403	18	0.3085135438100933	9.658378876373312	9.643459873905545
GO:0101031	18	0.645915678524374	25.55862977602108	28.67687747035573
GO:1905354	18	0.3208395029468977	4.701448770432309	4.4724257468861595
GO:1990220	18	0.645915678524374	25.55862977602108	28.67687747035573
GO:1990481	18	0.4564007421150278	18.675943104514534	16.969078540507116
GO:0000150	17	0.31405156245095267	11.958831359669773	11.367538237279092
GO:0000466	17	0.2537956586524908	11.472745761346703	11.369709234424711
GO:0003862	17	0.3684636354541817	15.203836534613846	14.922443977591037
GO:0003949	17	0.28633795582948135	9.0808936825886	9.666153055983566
GO:0004013	17	0.29800128949065124	13.996260477111537	14.5217279174726
GO:0004140	17	0.265625	7.25	7.671875
GO:0004180	17	0.23798941014943908	8.78089045750829	7.823078863938726
GO:0004252	17	0.4016413261535212	7.260233100233102	8.588241636412368
GO:0004360	17	0.30823406478578885	26.06984326018809	25.816886102403345
GO:0004424	17	0.4168518518518519	9.724501424501424	9.730327635327635
GO:0004585	17	0.3522012578616352	13.529088050314467	14.586477987421382
GO:0004817	17	0.22450213371266003	10.174591038406827	10.330761024182078
GO:0005839	17	1.0000000000000002	26.595238095238095	23.36904761904762
GO:0005951	17	0.3217383572741104	16.145566181264943	15.163610677520698
GO:0006026	17	0.4544977937411525	7.954279991566519	8.22000843348092
GO:0006244	17	0.1594146973458312	3.0067681880496693	3.2086707567563133
GO:0006423	17	0.22450213371266003	10.174591038406827	10.330761024182078
GO:0006473	17	0.4636645166224593	5.255235169738771	5.342830186066845
GO:0006537	17	0.3527889012592329	6.340650934421583	7.1169589439164564
GO:0006824	17	0.42062220747781154	13.33693536758295	12.892756768323254
GO:0006986	17	0.4871490799334602	6.521619297510638	7.665389892130129
GO:0008990	17	0.3249178981937602	7.334564860426928	7.1592775041050905
GO:0009148	17	0.1961493203953855	4.847767994217592	4.7518881508308395
GO:0009157	17	0.212573175663346	5.5985767199776495	5.586347441687998
GO:0009162	17	0.212573175663346	5.5985767199776495	5.586347441687998
GO:0009992	17	0.5570454545454546	4.664166666666666	4.792348484848484
GO:0015695	17	0.45060468005058757	7.623446199455843	6.114156432882401
GO:0015696	17	0.45060468005058757	7.623446199455843	6.114156432882401
GO:0015988	17	0.2690346175099557	3.2623258183788737	2.9659146882799283
GO:0015990	17	0.2690346175099557	3.2623258183788737	2.9659146882799283
GO:0016032	17	0.29367177675609324	3.3049536491888607	3.2503813066728666
GO:0016802	17	0.29800128949065124	13.996260477111537	14.5217279174726
GO:0016889	17	0.33387445887445877	9.396404521404524	8.95352332852333
GO:0030104	17	0.5570454545454546	4.664166666666666	4.792348484848484
GO:0032502	17	0.29068890164116745	9.039227252835602	8.368850066970918
GO:0034614	17	0.3056127924652782	5.132697123047847	5.3278463721677625
GO:0034618	17	0.32754470383756934	12.258206086771597	12.178161574060395
GO:0035999	17	0.24713550447794413	4.929246592020789	4.405657426215342
GO:0042454	17	0.17396043435320385	4.212703091279678	4.424195524201592
GO:0042710	17	0.8002096569603172	6.701195288153177	8.096538405557808
GO:0046075	17	0.17867338981162595	5.245202009193465	5.45624240134463
GO:0051187	17	0.28364915496277315	6.222515211528487	5.843792312853837
GO:0070548	17	0.30823406478578885	26.06984326018809	25.816886102403345
GO:0071214	17	0.34628336181339125	4.950621812161364	6.068306274165309
GO:0104004	17	0.34628336181339125	4.950621812161364	6.068306274165309
GO:1901699	17	0.2555840263678236	6.335177128068322	6.514386868002353
GO:0000179	16	0.29554655870445334	10.665991902834008	10.685222672064778
GO:0003938	16	0.1933414143559071	8.287659334760786	7.705383317702157
GO:0004185	16	0.19952787168790065	5.511659688277522	5.976925017784879
GO:0004222	16	0.2908685045465144	6.885747106614668	6.2720580135605175
GO:0004358	16	0.4144144144144145	18.79140679140679	19.805266805266804
GO:0005634	16	0.19330730017122139	6.414882942618882	6.56523691643795
GO:0005977	16	0.3264597130167468	7.298622722830155	6.7309169351312494
GO:0006083	16	0.2833812028750798	9.565556212473215	9.122223327872302
GO:0006112	16	0.3264597130167468	7.298622722830155	6.7309169351312494
GO:0006183	16	0.1933414143559071	8.287659334760786	7.705383317702157
GO:0006285	16	0.39765235824059353	12.26822337042925	12.923774509803923
GO:0006527	16	0.37940270179217916	7.625991614036919	8.538252360232631
GO:0008202	16	0.46101826337240553	12.540514521789841	11.163456733171875
GO:0009041	16	0.21121261074888906	4.489767713042704	4.331233414300602
GO:0009146	16	0.20753756368762116	5.699460412492487	7.199132241007124
GO:0009410	16	0.30052128861742433	3.1402473689815578	3.1396145809812
GO:0010340	16	0.3670807990569659	13.220679609954686	12.583759245129652
GO:0015298	16	0.28131655806873096	10.816752460391148	11.608926425543444
GO:0015491	16	0.28131655806873096	10.816752460391148	11.608926425543444
GO:0015616	16	0.19481813793057273	6.434501760339438	6.2473813602629695
GO:0015740	16	0.4443635658312182	8.004319151171131	8.217410282693992
GO:0016125	16	0.46101826337240553	12.540514521789841	11.163456733171875
GO:0016841	16	0.4901440597195363	9.965786889566672	8.013652389148769
GO:0019646	16	0.30901247080050254	8.876443095963642	8.194885438612909
GO:0031234	16	0.39769862345811713	3.8558574828827994	4.549753165259495
GO:0031297	16	0.27087100663050023	5.164816489183577	5.629587770410556
GO:0031647	16	0.38854483960205694	7.213894886573108	5.857017792333341
GO:0032506	16	0.44924090416678397	5.46528300586156	5.896399134416495
GO:0033365	16	0.24145176387111866	3.607511879286073	3.8140253512834157
GO:0034219	16	0.42850548014382556	4.436750953917983	3.0475546607178674
GO:0043085	16	0.3350585776387418	7.77943145733468	7.951208728946795
GO:0043171	16	0.3247835057358867	9.962076459695506	9.77670724337391
GO:0043335	16	0.28011100047574217	7.623511124271002	8.443466580244698
GO:0044093	16	0.3350585776387418	7.77943145733468	7.951208728946795
GO:0044427	16	0.2680553601726157	20.94483018653275	20.25521965941945
GO:0046688	16	0.39399496305295206	7.935058009614222	7.299969718441182
GO:0051129	16	0.2583228791366966	6.405864939245927	5.613171485719654
GO:0060089	16	0.34655022305586974	5.781804283822158	6.381009503059562
GO:0060589	16	0.7286965148378193	15.372713940648726	16.427096273291927
GO:0070008	16	0.19952787168790065	5.511659688277522	5.976925017784879
GO:0071241	16	0.31002690810799055	7.64821528227223	7.061281439004053
GO:0071555	16	0.31619800543408444	7.9564690391360715	9.251909459900629
GO:0072594	16	0.24145176387111866	3.607511879286073	3.8140253512834157
GO:0099516	16	0.28131655806873096	10.816752460391148	11.608926425543444
GO:1901682	16	0.2723354367712447	3.4153369266141813	3.8849055565082176
GO:1903424	16	0.48484848484848464	6.848484848484849	7.242424242424241
GO:1903425	16	0.48484848484848464	6.848484848484849	7.242424242424241
GO:0000217	15	0.22333454481807938	7.48683344730216	7.620941509930423
GO:0000451	15	0.30084033613445377	8.902100840336136	8.459173669467786
GO:0000453	15	0.30084033613445377	8.902100840336136	8.459173669467786
GO:0002143	15	0.35289920479847514	2.093298916884527	2.7296381363427487
GO:0003991	15	0.3135011441647596	11.734553775743706	11.675057208237984
GO:0004049	15	0.23346565978268385	15.085809492016805	14.937396356812254
GO:0004072	15	0.4369481500154152	13.319952284129364	12.343839191707358
GO:0004349	15	0.2826332622601279	11.657281449893391	11.182729211087421
GO:0004525	15	0.3638285833407785	7.92173679978558	8.836028470174812
GO:0005381	15	0.30720720720720723	3.745608108108108	3.500112612612612
GO:0006119	15	0.2082458748789394	3.2584878528426913	3.2088230021697766
GO:0006145	15	0.34942336948520397	19.34010894636109	18.27591892820337
GO:0006289	15	0.2777301384896322	12.30939125875835	13.13710340292619
GO:0006431	15	0.2612583494936435	15.465395388924797	15.42225813402284
GO:0006446	15	0.17747087392384311	1.9117087203571554	1.7393810206694655
GO:0006817	15	0.3872928039487731	11.071453084546794	12.642045400517803
GO:0006825	15	0.3484930455069366	13.143348833378885	12.876473519363179
GO:0009071	15	0.25653682823624224	6.356324828146366	5.693814965668444
GO:0009095	15	0.2869259651487436	9.522231314784507	10.476043772664548
GO:0009106	15	0.22380952380952382	2.806746031746032	3.2488095238095225
GO:0009107	15	0.22380952380952382	2.806746031746032	3.2488095238095225
GO:0009133	15	0.1640343161752457	3.6785274029651838	3.546969848409129
GO:0009254	15	0.36152217297175276	5.06386618750064	4.870306263531054
GO:0009407	15	0.3909449629120663	6.0175932011660995	5.192672992104127
GO:0009607	15	0.28766113272765276	5.542019783754455	5.768962155313431
GO:0009719	15	0.22481479559859288	5.812100204991399	5.452848406463891
GO:0009975	15	1.5343481654957063	52.67330210772833	54.68735362997657
GO:0016880	15	0.2877849460006071	16.726263490705083	18.514451649239838
GO:0018198	15	0.3361971639163647	6.2673780252304105	6.903852252076447
GO:0018206	15	0.5822222222222222	8.12888888888889	9.591111111111111
GO:0019239	15	0.9118736796880589	60.26770745795812	59.61774643499937
GO:0019344	15	0.24268939314711088	2.6480517337582503	2.953950397166204
GO:0019543	15	0.3171626249781202	6.517977684775708	6.970355985980096
GO:0019626	15	0.3171626249781202	6.517977684775708	6.970355985980096
GO:0019629	15	0.3171626249781202	6.517977684775708	6.970355985980096
GO:0022836	15	0.42738025415444764	5.318731671554251	5.759491691104594
GO:0030162	15	0.4220168041619296	6.345657901429574	5.553340245901375
GO:0031177	15	0.21470205220467986	1.6676231063449898	1.7585294671693659
GO:0031420	15	0.21807416825173898	7.071403895185723	7.008913450900444
GO:0032296	15	0.3638285833407785	7.92173679978558	8.836028470174812
GO:0033105	15	1.0714285714285712	3.785714285714285	4.142857142857142
GO:0034646	15	1.0714285714285712	3.785714285714285	4.142857142857142
GO:0042586	15	0.5822222222222222	8.12888888888889	9.591111111111111
GO:0043207	15	0.28766113272765276	5.542019783754455	5.768962155313431
GO:0043686	15	0.5822222222222222	8.12888888888889	9.591111111111111
GO:0044550	15	0.45968173790710004	10.7565323982561	9.469252490517169
GO:0045047	15	0.23069907569907566	2.510737685737686	2.7817672867672867
GO:0050418	15	0.4884057971014492	53.1463768115942	51.26521739130435
GO:0051273	15	0.35508901758901756	7.137121049621049	7.903112040612039
GO:0051274	15	0.35508901758901756	7.137121049621049	7.903112040612039
GO:0051707	15	0.28766113272765276	5.542019783754455	5.768962155313431
GO:0051817	15	0.31871682754448205	3.691637103649313	3.18525699199736
GO:0052381	15	0.4215053763440859	15.130107526881721	12.681182795698923
GO:0070283	15	0.2574590269712221	4.818376564718028	5.420331655697508
GO:0070972	15	0.23069907569907566	2.510737685737686	2.7817672867672867
GO:0071417	15	0.22481479559859288	5.812100204991399	5.452848406463891
GO:0071495	15	0.22481479559859288	5.812100204991399	5.452848406463891
GO:0071978	15	0.7612280701754385	59.27956937799043	65.1890749601276
GO:0072599	15	0.23069907569907566	2.510737685737686	2.7817672867672867
GO:0000103	14	0.5125668449197861	5.191023682200153	7.022090654443596
GO:0000278	14	0.33159384534325453	4.5829300646850895	4.661105016769436
GO:0000281	14	0.33159384534325453	4.5829300646850895	4.661105016769436
GO:0000400	14	0.20205794907339852	6.50811004304684	6.5358351269517
GO:0000906	14	0.3520105471324984	6.5372445616348065	6.6321687541199745
GO:0000917	14	0.33159384534325453	4.5829300646850895	4.661105016769436
GO:0000967	14	0.29233655212064086	7.970513545975518	7.306648956308556
GO:0001000	14	0.17602394840907062	3.929814618604303	3.5255529680309396
GO:0002099	14	0.22613519091847264	8.691047471620227	8.32017543859649
GO:0003994	14	0.3221267499315842	11.441566529845028	9.781003273174628
GO:0004038	14	0.32085194091377534	18.99725180350395	18.075918928203368
GO:0004045	14	1.0463485746019991	27.400268419104034	24.465915401703075
GO:0004418	14	0.32857142857142857	6.707142857142858	7.082142857142857
GO:0004425	14	2.185185185185185	78.53703703703704	73.5925925925926
GO:0004849	14	0.15431990130099177	3.580022880765802	3.5573832342920335
GO:0006027	14	0.36241830065359487	5.4031279178338005	5.314939309056956
GO:0006188	14	0.1706502848127191	4.442364353000413	3.7078641731200412
GO:0006195	14	0.15998199201215535	7.54691391764533	8.858371105930429
GO:0006222	14	0.15431990130099177	3.580022880765802	3.5573832342920335
GO:0006272	14	0.3301587301587302	5.219047619047618	5.050793650793651
GO:0006515	14	0.27957771778667306	10.032971421478884	10.573060546194874
GO:0006614	14	0.21736574236574235	2.444071019071019	2.7284339534339535
GO:0006749	14	0.39621489621489614	22.196275946275946	23.223504273504275
GO:0006805	14	0.26348425158038724	2.7883955171297057	2.584059025425644
GO:0006885	14	0.15415775630146183	5.815688949673776	5.860775903044437
GO:0008380	14	0.35143734913320157	9.532060566161949	7.567259161729208
GO:0008381	14	0.40654692082111427	3.9853983382209193	4.280325024437928
GO:0008839	14	0.3425	11.9375	10.7225
GO:0009002	14	0.15932290519203934	4.1427199957272665	4.426274643326858
GO:0009174	14	0.15431990130099177	3.580022880765802	3.5573832342920335
GO:0009253	14	0.36241830065359487	5.4031279178338005	5.314939309056956
GO:0009651	14	0.19586065134873187	3.8714661145358606	4.507699261101864
GO:0009966	14	0.3827767004237592	13.518817783523666	12.768440709617177
GO:0010646	14	0.3827767004237592	13.518817783523666	12.768440709617177
GO:0015144	14	0.3639893511115675	4.049654179724435	2.692715951040448
GO:0015299	14	0.2548969320608394	8.856553455416023	9.234076537054854
GO:0015662	14	0.21606016616072454	6.395966381568011	6.2174179331831025
GO:0015846	14	0.38476227230709087	6.128157330732311	4.759483111648281
GO:0015847	14	0.38476227230709087	6.128157330732311	4.759483111648281
GO:0016300	14	0.2922633506844033	4.429217273954116	3.8500327742433007
GO:0016426	14	0.2913561153660041	4.809914044861068	4.157319295355114
GO:0016639	14	0.31373221326637474	7.098611059402984	7.129271099845633
GO:0016989	14	0.41974235441977376	7.060396592654658	6.051041521202811
GO:0018131	14	0.24347376583096403	9.63504781597312	10.07081933316102
GO:0019184	14	0.2451562533652086	4.256657728672654	4.0070755529710755
GO:0019395	14	0.2734525505856693	7.06714641709147	7.200724582318025
GO:0023051	14	0.3827767004237592	13.518817783523666	12.768440709617177
GO:0030030	14	0.5816499530270258	13.80554187461181	12.403627999013722
GO:0030604	14	0.23562100583495418	9.203389830508474	8.893303695470964
GO:0030955	14	0.20168072562878814	6.727141600103756	6.74661836893323
GO:0034440	14	0.2734525505856693	7.06714641709147	7.200724582318025
GO:0035435	14	0.36229280394877306	10.821453084546794	12.192045400517802
GO:0040008	14	0.208077411947381	1.7760050425685103	2.4714165335682363
GO:0042743	14	0.2544432723484359	4.074763296279372	3.631839836361187
GO:0042773	14	0.1992368658699304	3.2404698348246734	3.172786966133741
GO:0042938	14	0.44473184653094705	3.7330730239275964	5.2065295191232215
GO:0043097	14	0.15431990130099177	3.580022880765802	3.5573832342920335
GO:0043626	14	0.3301587301587302	5.219047619047618	5.050793650793651
GO:0044010	14	0.7268806498220952	5.4876975594056105	6.761690903935484
GO:0044273	14	0.30628234016300626	5.067374829747632	4.984173086031897
GO:0044796	14	0.3301587301587302	5.219047619047618	5.050793650793651
GO:0045239	14	0.28846117166337465	8.131603971690518	8.098261376703547
GO:0046484	14	0.24347376583096403	9.63504781597312	10.07081933316102
GO:0046912	14	0.5340182674844421	31.980663365354754	26.63347131427297
GO:0048038	14	0.2793637265232753	3.261572553151925	3.981154569309283
GO:0050545	14	1.4058704453441297	76.13663967611336	69.77496626180837
GO:0051180	14	0.38211788211788206	21.4504329004329	20.06335331335331
GO:0051346	14	0.3021319563353413	2.580341459397789	3.3759422836826563
GO:0051483	14	0.23562100583495418	9.203389830508474	8.893303695470964
GO:0051484	14	0.23562100583495418	9.203389830508474	8.893303695470964
GO:0055067	14	0.15415775630146183	5.815688949673776	5.860775903044437
GO:0060590	14	0.586335403726708	11.254658385093169	12.864596273291927
GO:0061640	14	0.33159384534325453	4.5829300646850895	4.661105016769436
GO:0070568	14	0.4917103802229676	8.664108809933833	7.861955610441403
GO:0071111	14	1.9999999999999993	59.42857142857143	66.14285714285714
GO:0071248	14	0.2792576773387598	7.125138359195307	5.9997429774655915
GO:0071466	14	0.26348425158038724	2.7883955171297057	2.584059025425644
GO:0090529	14	0.33159384534325453	4.5829300646850895	4.661105016769436
GO:1901678	14	0.5034458827372664	4.951383109056625	4.675325120734769
GO:1902410	14	0.33159384534325453	4.5829300646850895	4.661105016769436
GO:1902531	14	0.3827767004237592	13.518817783523666	12.768440709617177
GO:1902626	14	0.23168438996172258	3.2862827542492825	3.5581799468301143
GO:1903047	14	0.33159384534325453	4.5829300646850895	4.661105016769436
GO:0000036	13	0.2035187910214187	0.8584600471819308	0.9197848784247776
GO:0000053	13	0.2708333333333333	15.208333333333332	15.604166666666666
GO:0001121	13	0.131973472812995	2.9285026329965076	2.538976684231424
GO:0003866	13	0.5104166666666667	26.343749999999996	27.239583333333332
GO:0003998	13	1.9166666666666667	30.833333333333332	34.33333333333333
GO:0004055	13	0.2708333333333333	15.208333333333332	15.604166666666666
GO:0004152	13	0.27093402270428235	8.50037465812446	7.414577947622794
GO:0004413	13	0.2665056360708534	11.37842190016103	10.40096618357488
GO:0004478	13	0.8045248868778279	31.55113122171946	30.68868778280543
GO:0004830	13	0.22747546833184656	12.507285162057686	11.561700862325303
GO:0005310	13	0.24610275876477275	6.181328525695425	6.195176804548689
GO:0005319	13	0.2887159137159137	9.623852998853	9.2271571021571
GO:0005451	13	0.23528908892358452	8.836945612278768	9.17525300764309
GO:0005543	13	0.29353231814188824	4.937738896014053	5.316811615111348
GO:0005657	13	0.24805536017261579	20.86483018653275	20.17521965941945
GO:0005978	13	0.2709041574611913	6.483807908015339	5.990176194390509
GO:0006436	13	0.22747546833184656	12.507285162057686	11.561700862325303
GO:0006546	13	0.22503129673071073	5.622799094620632	5.16014493199841
GO:0006592	13	0.33333333333333337	16.358974358974358	17.102564102564102
GO:0006655	13	0.24647349313645195	4.7637545991272345	5.644797638401642
GO:0008235	13	0.31659250031910424	18.39776020733077	19.843652409106273
GO:0008854	13	0.16781449144462843	4.742791074982856	4.799791342599562
GO:0008933	13	0.381914381914382	5.955339105339105	6.402212602212601
GO:0009138	13	0.14803431617524568	3.478527402965184	3.426969848409129
GO:0009139	13	0.14803431617524568	3.478527402965184	3.426969848409129
GO:0009149	13	0.11817758394376932	2.4809949921733803	2.868464571189303
GO:0009213	13	0.11817758394376932	2.4809949921733803	2.868464571189303
GO:0009223	13	0.11817758394376932	2.4809949921733803	2.868464571189303
GO:0009310	13	0.2920876939432448	5.527361522714761	5.721811093788596
GO:0009338	13	0.16781449144462843	4.742791074982856	4.799791342599562
GO:0009424	13	0.5855810855810856	10.615884115884118	10.58907758907759
GO:0015175	13	0.1976413014995041	2.4781351949364874	2.560611950889249
GO:0015288	13	0.37413533314398495	6.001481724235869	5.7951234041933395
GO:0015684	13	0.25485064983015804	3.0548294195835175	2.5905839240880226
GO:0015976	13	0.3563521102220793	6.265704367871551	7.217106938469167
GO:0016436	13	0.2566791730093684	4.541073708356182	4.85426292341458
GO:0017000	13	0.41107070818758124	11.506122320339617	9.931946761958372
GO:0017182	13	0.25579296661193207	7.16251505199781	8.31324267925561
GO:0017183	13	0.25579296661193207	7.16251505199781	8.31324267925561
GO:0018364	13	0.22485629440073332	4.097625913477453	4.198460138008301
GO:0019320	13	0.28811570782159013	10.971023486317604	11.565228399051929
GO:0022829	13	0.37413533314398495	6.001481724235869	5.7951234041933395
GO:0030004	13	0.1380287240433973	4.735043788383453	4.909162999818631
GO:0030641	13	0.1380287240433973	4.735043788383453	4.909162999818631
GO:0031125	13	0.1426845475413797	2.444967983568926	2.0641536788691552
GO:0031333	13	0.17712251886485514	2.146952305167485	2.2324050892568685
GO:0031981	13	0.15414111497021996	4.937394602461295	5.342879325608406
GO:0033194	13	0.6559686888454012	6.274559686888454	5.934703196347032
GO:0034040	13	0.2887159137159137	9.623852998853	9.2271571021571
GO:0034414	13	0.2668605903900021	6.5945916828269775	5.620448179271708
GO:0035312	13	0.25419773441209387	3.231426166428054	3.6198315071152396
GO:0035596	13	0.3669230769230769	21.610352564102563	22.68099358974359
GO:0035672	13	0.34784329030955713	3.5658083795265205	4.557638742233945
GO:0036009	13	0.22485629440073332	4.097625913477453	4.198460138008301
GO:0042178	13	0.2473552193223227	2.6432342268071256	2.342123541554676
GO:0042402	13	0.2920876939432448	5.527361522714761	5.721811093788596
GO:0042779	13	0.2668605903900021	6.5945916828269775	5.620448179271708
GO:0042781	13	0.2668605903900021	6.5945916828269775	5.620448179271708
GO:0043711	13	0.5149832863603592	7.00554187461181	5.870294665680389
GO:0044428	13	0.15414111497021996	4.937394602461295	5.342879325608406
GO:0044620	13	0.2035187910214187	0.8584600471819308	0.9197848784247776
GO:0045262	13	0.10205853174603174	1.40625	1.8954613095238093
GO:0045454	13	0.26211721976926367	5.217890203847333	4.317014389731239
GO:0045947	13	0.1612107113222171	1.7897575008449604	1.6255598824580835
GO:0046133	13	0.1326234108291442	3.1377329517375454	3.3584209557055975
GO:0046135	13	0.1326234108291442	3.1377329517375454	3.3584209557055975
GO:0046471	13	0.24647349313645195	4.7637545991272345	5.644797638401642
GO:0050497	13	0.3669230769230769	21.610352564102563	22.68099358974359
GO:0050515	13	0.7404181184668988	24.667247386759577	27.2595818815331
GO:0051192	13	0.2035187910214187	0.8584600471819308	0.9197848784247776
GO:0051499	13	0.34003771213073536	3.8818353236957894	4.764927718416091
GO:0051500	13	0.34003771213073536	3.8818353236957894	4.764927718416091
GO:0070569	13	0.5009911926376336	17.96599300654726	16.966302489218513
GO:0071424	13	0.24391080617495708	7.077186963979418	8.584562607204116
GO:0072337	13	0.24330199945473915	3.632956963379889	4.342081808917737
GO:0090069	13	0.22540067519545126	2.115044420753376	1.942635039090263
GO:1900247	13	0.25579296661193207	7.16251505199781	8.31324267925561
GO:1905267	13	0.2668605903900021	6.5945916828269775	5.620448179271708
GO:0000035	12	0.17574101324364091	0.7195711582930419	0.8364515450914443
GO:0000101	12	0.21645745022129612	2.913620868170105	3.4600201578562624
GO:0000394	12	0.32993197278911557	9.317006802721089	7.448979591836735
GO:0000956	12	0.14058646204439573	2.924773910660455	2.9610852288298166
GO:0001101	12	0.2080289999884307	4.49782828990986	5.178837058315762
GO:0001731	12	0.1697136742640929	2.822743793439097	2.743820492091333
GO:0002183	12	0.1697136742640929	2.822743793439097	2.743820492091333
GO:0002184	12	0.25996376811594196	5.696557971014492	5.843297101449275
GO:0003688	12	0.22300353857705535	13.169431847610355	13.267402884531714
GO:0003727	12	0.23004543338206523	5.697670580944865	5.288053144208216
GO:0003747	12	0.1911956275372875	3.6255010046307383	4.032345802692297
GO:0003879	12	0.3033278777959629	9.737588652482268	9.960174577195852
GO:0003906	12	0.3169541841982234	14.260045582047686	15.846780037400656
GO:0004029	12	0.49353272265754333	12.933859397417503	18.483136519147997
GO:0004096	12	0.21189008085907418	3.8194441473432015	3.3339674959356547
GO:0004550	12	0.3124854819976772	3.6248838559814174	3.5540360046457606
GO:0004611	12	0.4161674347158218	12.061482334869432	10.544815668202764
GO:0004798	12	0.13716475095785438	3.3915708812260537	3.2095785440613027
GO:0004825	12	0.2184012066365007	14.793966817496226	14.75082956259427
GO:0004844	12	0.33722854733291174	7.37686063672781	6.302761965001054
GO:0005948	12	0.2558528428093645	5.387123745819397	5.464882943143813
GO:0006085	12	0.09786950854692786	3.3244957824891337	3.841325828819876
GO:0006227	12	0.13716475095785438	3.3915708812260537	3.2095785440613027
GO:0006233	12	0.13716475095785438	3.3915708812260537	3.2095785440613027
GO:0006235	12	0.13716475095785438	3.3915708812260537	3.2095785440613027
GO:0006564	12	0.23348861283643887	3.667888995062908	3.0258958432871474
GO:0006570	12	0.2013359189829778	6.8041909071320825	7.578485240249947
GO:0006635	12	0.2559086909365465	6.768900803056382	6.832303529686446
GO:0008079	12	0.1911956275372875	3.6255010046307383	4.032345802692297
GO:0008556	12	0.19008614018669856	5.4219404075420385	5.633002348767518
GO:0008728	12	0.1841372247823861	4.234828469022017	5.22252944188428
GO:0008821	12	0.2202380952380952	3.873677248677249	3.908068783068783
GO:0008893	12	0.1841372247823861	4.234828469022017	5.22252944188428
GO:0008955	12	0.24739167995746944	6.355180090377459	5.654821238702818
GO:0009074	12	0.19998061245142473	2.6595983848271687	3.182177754874285
GO:0009094	12	0.22810243573697891	6.149682295176663	6.279965341292
GO:0009186	12	0.13716475095785438	3.3915708812260537	3.2095785440613027
GO:0009189	12	0.13716475095785438	3.3915708812260537	3.2095785440613027
GO:0009196	12	0.13716475095785438	3.3915708812260537	3.2095785440613027
GO:0009197	12	0.13716475095785438	3.3915708812260537	3.2095785440613027
GO:0009202	12	0.13716475095785438	3.3915708812260537	3.2095785440613027
GO:0009212	12	0.13716475095785438	3.3915708812260537	3.2095785440613027
GO:0009261	12	0.11826628958468904	5.508569914130447	5.95447531280642
GO:0009268	12	0.13694677871148458	2.0886274509803924	2.5164985994397755
GO:0009274	12	0.4062191839413582	9.660103611277037	9.116238726281868
GO:0009297	12	0.3483166196936925	4.338875207945144	4.536961332347057
GO:0009319	12	0.16755158231075154	2.658109555049458	2.5037668400240207
GO:0009330	12	0.4850692643418313	36.47288241802062	37.82540548697914
GO:0009445	12	0.28444991009612997	3.364056228767354	3.1207063763582683
GO:0009850	12	0.21878379075089419	2.1860913696642683	1.8849806844118193
GO:0009852	12	0.21878379075089419	2.1860913696642683	1.8849806844118193
GO:0009977	12	0.2225200087269053	2.7536922847267675	2.2660971212695347
GO:0010039	12	0.42535452984490757	6.354081825357661	6.104365840859068
GO:0010124	12	0.21878379075089419	2.1860913696642683	1.8849806844118193
GO:0010817	12	0.21878379075089419	2.1860913696642683	1.8849806844118193
GO:0015002	12	0.16043155906169604	2.4987082182287663	2.3946415857374763
GO:0015086	12	0.22360064983015804	2.7423294195835175	2.2468339240880226
GO:0015295	12	0.17646459408069315	3.7432673986543956	2.757006749886007
GO:0015562	12	0.2707108536741238	5.318024809556825	4.756815306943198
GO:0015691	12	0.22360064983015804	2.7423294195835175	2.2468339240880226
GO:0015969	12	0.1841372247823861	4.234828469022017	5.22252944188428
GO:0016073	12	0.18986470992891535	6.595505617977527	5.353817931667048
GO:0016151	12	0.19717665114084554	2.794590107249954	2.7328649611258307
GO:0016421	12	0.6664528480637903	12.318444979539201	15.543148594060447
GO:0016722	12	0.2207988203677859	2.7319190620914755	2.9542444378651274
GO:0016794	12	0.1841372247823861	4.234828469022017	5.22252944188428
GO:0016885	12	0.6664528480637903	12.318444979539201	15.543148594060447
GO:0017004	12	0.25283869748746446	4.958593873120936	4.993983776208609
GO:0018958	12	0.2611226399198304	2.1191227146670517	2.1950774203847074
GO:0019058	12	0.23791908858405028	2.8558676276834842	2.8370479733395335
GO:0019216	12	0.1978779836307878	3.7185264943569516	3.0743699307116046
GO:0019464	12	0.2128361747794912	5.122799094620632	4.684535175900849
GO:0019679	12	0.28809320992078424	7.7112780435557315	7.683170507008773
GO:0022610	12	1.1165254266255362	17.916615853998135	17.639845833995505
GO:0022611	12	0.20755327824580386	2.5025469057656458	1.8624277735356392
GO:0030031	12	0.3483166196936925	4.338875207945144	4.536961332347057
GO:0030091	12	0.28668993251791713	2.889774880660631	2.6938228794454724
GO:0030151	12	0.3331021403776821	5.368792971734147	5.883394984788174
GO:0031419	12	0.31069389547650417	5.060726833552921	4.138021519543258
GO:0032978	12	0.19609857355758992	2.090282804627067	2.045669221488893
GO:0033281	12	0.2225200087269053	2.7536922847267675	2.2660971212695347
GO:0034035	12	0.1841372247823861	4.234828469022017	5.22252944188428
GO:0034458	12	0.1584712755598832	2.2728821811100293	2.5153359298928923
GO:0034605	12	0.19623970800441387	2.4973431796961205	2.541375944317121
GO:0035384	12	0.09786950854692786	3.3244957824891337	3.841325828819876
GO:0035690	12	0.19359588425271787	4.062648813869103	3.7103946813465063
GO:0042445	12	0.21878379075089419	2.1860913696642683	1.8849806844118193
GO:0042447	12	0.21878379075089419	2.1860913696642683	1.8849806844118193
GO:0042744	12	0.21189008085907418	3.8194441473432015	3.3339674959356547
GO:0043142	12	0.15635410397902874	2.95963239119126	3.1236140719509584
GO:0043225	12	0.26459505762377544	3.3556594325570517	3.8697570498253744
GO:0043687	12	0.24558661677305746	4.142717734243158	3.847384254163915
GO:0043953	12	0.2225200087269053	2.7536922847267675	2.2660971212695347
GO:0045240	12	0.227855111057314	6.889179729266276	7.158867437309609
GO:0045252	12	0.227855111057314	6.889179729266276	7.158867437309609
GO:0046072	12	0.13716475095785438	3.3915708812260537	3.2095785440613027
GO:0046077	12	0.13716475095785438	3.3915708812260537	3.2095785440613027
GO:0046487	12	0.2833613237471581	14.163907354104095	12.63448845415023
GO:0051453	12	0.12537049619529603	4.557828598510036	4.668656670704706
GO:0070301	12	0.19359588425271787	4.062648813869103	3.7103946813465063
GO:0070401	12	0.3016687016687017	4.65005698005698	4.2474196174196175
GO:0070574	12	0.22360064983015804	2.7423294195835175	2.2468339240880226
GO:0071616	12	0.09786950854692786	3.3244957824891337	3.841325828819876
GO:0071932	12	0.2202380952380952	3.873677248677249	3.908068783068783
GO:0097163	12	0.25646944395246773	3.017866082307166	2.6781207970960703
GO:0097506	12	0.33722854733291174	7.37686063672781	6.302761965001054
GO:0099133	12	0.26459505762377544	3.3556594325570517	3.8697570498253744
GO:1902223	12	0.22810243573697891	6.149682295176663	6.279965341292
GO:1903600	12	0.21309523809523803	7.801190476190476	8.104761904761904
GO:2000143	12	0.16741378100077747	1.9430688100218538	2.067356545567548
GO:0000104	11	0.23548101548532954	6.3205922277320035	7.204481780323024
GO:0000177	11	0.23953488372093024	3.8837209302325575	3.564186046511628
GO:0000309	11	0.16819852941176472	1.6231617647058822	1.6011029411764703
GO:0000703	11	0.2638288288288288	10.147635135135136	11.320833333333335
GO:0000738	11	0.17561516807418445	2.728841419661092	3.1724027156814043
GO:0000774	11	0.47919254658385085	11.111801242236027	12.614596273291927
GO:0001906	11	0.32389837655492304	6.471168037107313	6.179685852835758
GO:0003910	11	0.22916666666666669	11.791666666666666	9.729166666666668
GO:0004479	11	0.19380053908355793	8.105390835579515	8.180862533692723
GO:0004515	11	0.16819852941176472	1.6231617647058822	1.6011029411764703
GO:0004789	11	0.24444444444444446	5.311111111111111	5.911111111111111
GO:0004809	11	0.25096899224806196	7.970930232558141	7.11531007751938
GO:0005085	11	0.4980392156862744	4.367557932263814	3.966131907308378
GO:0006109	11	0.20002950978560738	3.521518770299258	3.753555432823725
GO:0006120	11	0.16387706438109664	2.611127403062887	2.719933368118852
GO:0006189	11	0.13972244976117273	4.060921054031341	3.4295136576561243
GO:0006203	11	0.12446145468329976	4.417748327358583	5.490765835974345
GO:0006268	11	0.1967223936435759	18.248785314302555	15.825797009048241
GO:0006269	11	0.2170341966712348	6.05702829035101	6.077289737307178
GO:0006275	11	0.16884429245125113	1.9421130699862803	1.6843002511328986
GO:0006388	11	0.30952380952380953	6.133333333333333	5.142857142857143
GO:0006542	11	0.19554994554994556	6.711711711711712	5.770765270765271
GO:0006952	11	0.16128633777569948	6.964064894915959	7.274687735432417
GO:0008216	11	0.31014475330362035	10.856150500430056	9.753325709594183
GO:0008272	11	0.3016609182243857	4.730537132239919	5.065029057908315
GO:0008295	11	0.31014475330362035	10.856150500430056	9.753325709594183
GO:0008310	11	0.16923994038748136	2.3332737208147045	2.5667560854446103
GO:0008795	11	0.1822849807445443	14.435387248609327	15.989088575096275
GO:0009120	11	0.15109668578413002	3.4783019286469	3.520712057228443
GO:0009151	11	0.12446145468329976	4.417748327358583	5.490765835974345
GO:0009155	11	0.12446145468329976	4.417748327358583	5.490765835974345
GO:0009215	11	0.12446145468329976	4.417748327358583	5.490765835974345
GO:0009217	11	0.12446145468329976	4.417748327358583	5.490765835974345
GO:0009226	11	0.16852045513231179	4.365623383601382	4.208448120167542
GO:0009376	11	0.15107030927926451	1.6462760447835074	2.2119411850755135
GO:0009381	11	0.20474363446110916	4.133589117544471	4.236135333100802
GO:0009486	11	0.15142255005268704	2.480690200210748	2.35860554970144
GO:0009579	11	0.8446908446908448	5.250134750134751	4.991329791329792
GO:0010498	11	0.23366904081416626	9.882042674167158	9.514660738858897
GO:0015087	11	0.23181497175141244	7.898834745762713	7.213276836158192
GO:0015093	11	0.20720720720720723	2.545608108108108	2.0501126126126126
GO:0015453	11	0.15142255005268704	2.480690200210748	2.35860554970144
GO:0016272	11	0.42325281803542675	6.415265700483091	7.03330112721417
GO:0016408	11	0.2459081572308544	18.75091085717081	15.953155219517347
GO:0016877	11	0.2364339176203583	4.99510164662707	5.116089622869284
GO:0016878	11	0.2364339176203583	4.99510164662707	5.116089622869284
GO:0016992	11	0.16825396825396827	2.4317460317460315	2.734920634920635
GO:0019203	11	0.282287674660556	11.345626407490814	15.308940776737387
GO:0019294	11	0.19707556935817805	2.0139428053830226	1.93555900621118
GO:0019988	11	0.19380053908355793	8.105390835579515	8.180862533692723
GO:0022838	11	0.23780738418669453	5.97931818181818	6.892232671543016
GO:0030428	11	0.45891133451978267	3.7427316228033987	4.762903815102479
GO:0031597	11	0.15107030927926451	1.6462760447835074	2.2119411850755135
GO:0031640	11	0.32389837655492304	6.471168037107313	6.179685852835758
GO:0033238	11	0.14821603860335317	3.59490703349229	3.900154641904945
GO:0042775	11	0.16387706438109664	2.611127403062887	2.719933368118852
GO:0043487	11	0.11154696791700897	1.205904934322266	1.0125491474269812
GO:0043649	11	0.21969548539315978	3.435930735930736	3.212786761042575
GO:0043774	11	0.9166666666666667	15.416666666666668	11.499999999999998
GO:0044003	11	0.26074581305172845	2.5756950746638063	2.1417787311277947
GO:0044089	11	0.1208527281597047	1.4399317333460084	1.592826691207989
GO:0044364	11	0.32389837655492304	6.471168037107313	6.179685852835758
GO:0044436	11	0.8446908446908448	5.250134750134751	4.991329791329792
GO:0045145	11	0.22193966989596486	2.8927164890086994	2.990799249050723
GO:0045182	11	0.08788450131453376	1.1295030926513283	1.2415486252063364
GO:0046070	11	0.12446145468329976	4.417748327358583	5.490765835974345
GO:0046080	11	0.09436806013424551	2.3143283255067137	2.642274094998827
GO:0046081	11	0.09436806013424551	2.3143283255067137	2.642274094998827
GO:0046400	11	0.19707556935817805	2.0139428053830226	1.93555900621118
GO:0046429	11	0.25967365967365963	12.660139860139859	12.768298368298368
GO:0051020	11	0.4980392156862744	4.367557932263814	3.966131907308378
GO:0051075	11	0.184468524251806	8.232714138286893	7.820175438596491
GO:0051998	11	0.28771571969188653	12.093695482970556	11.726616387986795
GO:0052646	11	0.23388063099496137	5.041558375421632	4.904655475073541
GO:0055129	11	0.20163886450102425	3.235586772022242	3.028387474392742
GO:0070037	11	0.19687100893997445	4.235376756066411	3.875287356321839
GO:0071951	11	0.19380053908355793	8.105390835579515	8.180862533692723
GO:0075136	11	0.19381497888149898	4.049712091446763	4.224346770698046
GO:0080134	11	0.18305629601211776	1.8103391254307692	1.6185384600120385
GO:0097216	11	0.17507457564478232	2.962830970671313	2.583155143739606
GO:1903874	11	0.20720720720720723	2.545608108108108	2.0501126126126126
GO:0000478	10	0.107877512856475	2.1429406264609634	1.626928471248247
GO:0001141	10	0.08314378653361705	1.0964487489911219	0.8695184288404627
GO:0001884	10	0.1352515937636474	1.8360431750086372	2.1896216358219447
GO:0002188	10	0.1534535116624669	2.700792573926902	2.6299993538799504
GO:0002943	10	0.23813671810187484	3.321511531441845	2.8964659034345446
GO:0003730	10	0.1653794838151505	5.460009011146784	4.702104292073334
GO:0003896	10	0.2055399437976716	5.965074267362504	6.031312725812925
GO:0004124	10	0.15611322421800078	2.227840572370619	2.590451151314017
GO:0004127	10	0.11666666666666667	2.849206349206349	3.7571428571428567
GO:0004315	10	0.39195398545992766	12.680683252797005	10.77993121762222
GO:0004325	10	0.2761322906484197	6.247165200391008	5.411844248941023
GO:0004385	10	0.13669590643274854	3.4122807017543852	3.6337719298245608
GO:0004590	10	0.23555855481727572	8.067597591362127	6.072892441860465
GO:0004719	10	0.26884779516358465	11.603129445234709	11.311522048364154
GO:0005216	10	0.21780738418669454	5.919318181818181	6.792232671543016
GO:0006097	10	0.22170124469577476	14.004223559637692	12.152275015415052
GO:0006301	10	0.16515292348625682	3.9870543703877037	3.333955275621942
GO:0006521	10	0.12738270527001982	3.240740366825623	3.483487975238278
GO:0006522	10	0.17644112954885469	1.8586373039034225	2.5051409993542055
GO:0006535	10	0.15611322421800078	2.227840572370619	2.590451151314017
GO:0006616	10	0.1633116883116883	1.5656926406926408	1.7014069264069263
GO:0007155	10	1.0377140571164922	17.68922567311958	17.170853585933493
GO:0008234	10	0.29447847076936556	8.999281572892139	9.843385417193064
GO:0008253	10	0.2190148911798396	2.6998472699503626	3.358724704085528
GO:0008534	10	0.14974358974358976	2.5461538461538464	2.684615384615384
GO:0008694	10	0.29136730715678083	5.109022556390978	5.1495683653578395
GO:0009078	10	0.17644112954885469	1.8586373039034225	2.5051409993542055
GO:0009176	10	0.1064714342674869	2.5848855092276146	2.526454393559657
GO:0009177	10	0.1064714342674869	2.5848855092276146	2.526454393559657
GO:0009208	10	0.1004932082913027	3.3098282409589492	3.788973464052863
GO:0009289	10	1.2188644688644688	61.6478021978022	53.62728937728937
GO:0009401	10	0.2803285359921516	1.6590848152060966	1.271379522066021
GO:0009425	10	0.6783416583416584	7.692827172827172	6.99100899100899
GO:0010564	10	0.21710109172006603	1.6562119721184678	1.647745970486126
GO:0010675	10	0.17780728756338515	3.2770743258548136	3.575777655045947
GO:0015385	10	0.18610876105473206	7.050060366377131	7.371974319118499
GO:0015886	10	0.35930489300804136	3.293119803734496	2.890077688428513
GO:0016679	10	0.3270607652186599	5.418699468699469	4.848015525647105
GO:0016785	10	0.2555984555984556	6.9706563706563704	7.089189189189188
GO:0016849	10	0.3518832943013271	9.554156908665105	11.315505464480873
GO:0016863	10	0.24404692215878418	3.9947338011358013	4.161521853166789
GO:0017150	10	0.23813671810187484	3.321511531441845	2.8964659034345446
GO:0019217	10	0.1423224280752322	2.551859827690285	1.7688143751560492
GO:0019520	10	0.22683763308763308	4.497225634725635	4.173459254709254
GO:0019773	10	0.6547619047619048	20.63095238095238	17.178571428571427
GO:0030246	10	0.3904286943427281	4.40915529053423	4.168791372609336
GO:0030371	10	0.07757522296401831	1.0161010307956582	1.1178372850001508
GO:0030497	10	0.20594405594405596	6.800815850815852	7.603146853146854
GO:0030551	10	0.15907329617007035	1.971887576726287	1.9205503157116062
GO:0032465	10	0.21710109172006603	1.6562119721184678	1.647745970486126
GO:0034357	10	0.7446908446908447	4.85013475013475	4.491329791329792
GO:0034708	10	0.29930069930069936	12.359440559440559	14.753846153846153
GO:0035438	10	0.15907329617007035	1.971887576726287	1.9205503157116062
GO:0035600	10	0.29000000000000004	20.04625	21.091250000000002
GO:0042895	10	0.17636387066432813	1.6444659352637272	2.1886455331107904
GO:0043173	10	0.12712862135276312	1.679860448533998	1.3714256612650315
GO:0043213	10	0.2555239213541583	3.524982082888757	3.410712019745461
GO:0043527	10	0.29930069930069936	12.359440559440559	14.753846153846153
GO:0044872	10	0.2821524966261808	3.070175438596491	4.296592442645074
GO:0044873	10	0.2821524966261808	3.070175438596491	4.296592442645074
GO:0044874	10	0.2821524966261808	3.070175438596491	4.296592442645074
GO:0045851	10	0.09888965995836224	4.169326856349757	4.024057367568818
GO:0046710	10	0.13669590643274854	3.4122807017543852	3.6337719298245608
GO:0048039	10	0.14603039318994193	2.194905886485258	2.281154569309283
GO:0050308	10	0.2669030592759406	11.253318715183122	15.170479238275849
GO:0050821	10	0.20798928404650133	3.995144886573107	3.346601125666675
GO:0051117	10	0.10169382097147847	3.6802495157798796	3.7161197827655617
GO:0051452	10	0.09888965995836224	4.169326856349757	4.024057367568818
GO:0051726	10	0.21710109172006603	1.6562119721184678	1.647745970486126
GO:0051920	10	0.28744510744510743	2.9748395148395157	3.3303256503256504
GO:0051989	10	0.20833333333333334	4.083333333333333	2.75
GO:0052837	10	0.18867924528301885	8.867924528301886	9.358490566037734
GO:0052838	10	0.18867924528301885	8.867924528301886	9.358490566037734
GO:0070006	10	0.2326764164030203	13.060347619918186	16.11113492658879
GO:0080146	10	0.16636727992660194	2.526891689603554	2.628253416389009
GO:0090071	10	0.1896863894811656	1.9602825159914716	1.835492181947406
GO:0090079	10	0.08069025671021722	1.0072009343779469	1.040109776285473
GO:0097501	10	0.2020127142439967	4.226293967954457	3.9420791094252916
GO:0098809	10	0.3952076407958761	7.389754962181433	8.322458688635159
GO:1990169	10	0.2020127142439967	4.226293967954457	3.9420791094252916
GO:0000018	9	0.13297567807610847	3.8995412311265967	3.0414760538361687
GO:0000099	9	0.1692093170816575	1.684433494007962	2.0599863887097927
GO:0000272	9	0.24351748856754418	23.921427100070034	23.224389239072217
GO:0000730	9	0.140625	6.015625	6.015625
GO:0000900	9	0.07038097835970175	0.8937988725222767	0.9163984360792872
GO:0000990	9	0.10911580594679186	2.4183881064162756	2.0636541471048515
GO:0001047	9	0.09054865424430641	1.20463768115942	0.8503933747412009
GO:0001140	9	0.07980190964244827	1.4422523708278492	1.337996173446209
GO:0002940	9	0.20930232558139533	6.720930232558139	5.906976744186046
GO:0003756	9	0.26891262773514146	5.7129535209285764	4.251188789521161
GO:0003934	9	0.11536416799574693	1.4318181818181817	1.4431153641679957
GO:0003963	9	1.2857142857142854	43.71428571428571	44.28571428571428
GO:0003989	9	0.1664528480637903	0.6517783128725377	0.7098152607271148
GO:0004300	9	0.17733125491588092	4.75654548245884	5.132295519754129
GO:0004311	9	0.19625603864734298	3.6452898550724635	3.78725845410628
GO:0004365	9	0.3547505126452495	15.923444976076553	15.872180451127821
GO:0004497	9	0.49592041123151953	11.101860070903863	12.421990799897777
GO:0004615	9	0.8227272727272728	32.40151515151515	38.56060606060606
GO:0004664	9	0.18330605564648123	5.144026186579378	5.454173486088379
GO:0004743	9	0.07293111761939206	4.795414033381948	5.3186664809039925
GO:0004764	9	0.23259360294789944	11.349672281653659	10.736399970440845
GO:0004765	9	0.1906432748538012	1.2666666666666666	1.5999999999999999
GO:0005384	9	0.18306010928961747	2.1342213114754096	1.8008879781420764
GO:0005739	9	0.1480518744769739	6.277323773589792	6.32400845582463
GO:0005856	9	0.1663583102065988	3.9682392846130123	3.794326241134751
GO:0005984	9	0.21878963330576234	19.29408602150538	18.868403639371383
GO:0006304	9	0.16133778500153403	4.4105679383081915	3.810862667859491
GO:0006312	9	0.140625	6.015625	6.015625
GO:0006325	9	0.11395010395010394	4.435419265419266	4.858218988218988
GO:0006352	9	0.10911580594679186	2.4183881064162756	2.0636541471048515
GO:0006353	9	0.17349352030546977	2.451717234623251	2.201910685131601
GO:0006378	9	0.14070816719766488	1.5865845050269956	2.5677356582788033
GO:0006465	9	0.22856714713857568	5.969060939060938	6.004410351553209
GO:0006545	9	0.15835914311524066	10.258597883597885	10.018599174086978
GO:0006567	9	0.12488472784525416	3.4613479813315338	3.7415851327035536
GO:0006729	9	0.11536416799574693	1.4318181818181817	1.4431153641679957
GO:0006734	9	0.11552396483267156	1.3963432359614294	1.5095292115711856
GO:0006828	9	0.18306010928961747	2.1342213114754096	1.8008879781420764
GO:0008194	9	0.21585721337698016	4.740258624310776	5.527924433039368
GO:0009222	9	0.08274575225583344	2.3794043238437	2.586870042850337
GO:0009438	9	0.25311779641170534	4.558538500288943	3.0322464160015903
GO:0015628	9	0.3185185185185185	5.8	5.712169312169312
GO:0015647	9	0.16014552162328347	8.689403566304572	9.132844845255175
GO:0015648	9	0.16014552162328347	8.689403566304572	9.132844845255175
GO:0015835	9	0.16014552162328347	8.689403566304572	9.132844845255175
GO:0015836	9	0.16014552162328347	8.689403566304572	9.132844845255175
GO:0015930	9	0.18865451318867466	4.492599015890942	4.803581511656046
GO:0016259	9	0.11257241222916281	2.505122971942194	3.0411724081060463
GO:0016298	9	0.38961038961038963	4.151515151515151	4.992424242424242
GO:0016413	9	0.34077380952380953	4.504464285714286	4.87797619047619
GO:0016662	9	0.4317736185383244	10.621869429590019	12.4448752228164
GO:0016748	9	0.3992521367521367	33.53333333333333	33.42638888888889
GO:0016755	9	0.30489860618950093	5.291100864711428	4.773261097068743
GO:0016864	9	0.26891262773514146	5.7129535209285764	4.251188789521161
GO:0016892	9	0.17546583850931677	2.626811594202899	2.280538302277433
GO:0016987	9	0.10911580594679186	2.4183881064162756	2.0636541471048515
GO:0017169	9	0.3238866396761133	6.099190283400809	6.786549707602338
GO:0019103	9	0.12514037030560898	2.2900371082745625	2.6474072778846343
GO:0019419	9	0.41423160173160173	13.409361471861471	14.86715367965368
GO:0031124	9	0.14070816719766488	1.5865845050269956	2.5677356582788033
GO:0032886	9	0.8181818181818183	37.36363636363637	33.36363636363637
GO:0033202	9	0.13028706089523637	2.290732995817742	2.3358754904118815
GO:0034308	9	0.19431791313618518	3.5016415395263456	3.0687270635135575
GO:0034311	9	0.11536416799574693	1.4318181818181817	1.4431153641679957
GO:0034312	9	0.11536416799574693	1.4318181818181817	1.4431153641679957
GO:0034335	9	0.11639954670552047	3.0679941719281203	2.824510280071232
GO:0042026	9	0.2701400399506992	4.299002029410514	3.613842226613966
GO:0042136	9	0.15835914311524066	10.258597883597885	10.018599174086978
GO:0042148	9	0.140625	6.015625	6.015625
GO:0042301	9	0.12471193988502405	2.3022284688846835	2.2405825016573795
GO:0042884	9	0.33793380532510964	3.065624592798506	3.413152065325978
GO:0043200	9	0.15345024540967614	3.4271323192138894	3.5934890729677766
GO:0043631	9	0.14070816719766488	1.5865845050269956	2.5677356582788033
GO:0043891	9	0.3547505126452495	15.923444976076553	15.872180451127821
GO:0044689	9	0.6	25.4	25.333333333333332
GO:0044728	9	0.16133778500153403	4.4105679383081915	3.810862667859491
GO:0045003	9	0.140625	6.015625	6.015625
GO:0045226	9	0.20774414119931625	4.615540625207805	5.411697507955684
GO:0045833	9	0.1214890947418989	2.364359827690285	1.6854810418227157
GO:0045861	9	0.184869208805379	2.1180459611310676	2.723323662153449
GO:0046125	9	0.12784087183064163	3.187604254228295	3.2881539176935592
GO:0046146	9	0.11536416799574693	1.4318181818181817	1.4431153641679957
GO:0046173	9	0.11536416799574693	1.4318181818181817	1.4431153641679957
GO:0046349	9	0.13775122436308102	3.904084922062921	3.793063504782927
GO:0046379	9	0.20774414119931625	4.615540625207805	5.411697507955684
GO:0046416	9	0.15716388288539712	1.558077867181128	1.6270398418215135
GO:0047456	9	0.15303380480280482	5.225441109912216	4.4304993538017285
GO:0051538	9	0.18834586466165412	7.494310776942356	7.237919799498748
GO:0060187	9	0.1992834000718666	2.569204501770471	2.0316201193988883
GO:0065004	9	0.140625	6.015625	6.015625
GO:0070992	9	0.12209462664504529	1.3306803013756054	1.1723919206627615
GO:0071421	9	0.18306010928961747	2.1342213114754096	1.8008879781420764
GO:0071824	9	0.140625	6.015625	6.015625
GO:0072349	9	0.16512801826351658	1.198852992637987	1.9303785696282896
GO:0090735	9	0.140625	6.015625	6.015625
GO:0098776	9	0.3185185185185185	5.8	5.712169312169312
GO:1901652	9	0.2217003919423936	4.633206483760215	4.291376507762889
GO:0000156	8	0.2115769610237842	3.7680431430021937	4.539262622489152
GO:0000463	8	0.10666666666666667	2.0533333333333337	2.12
GO:0000819	8	0.1430235266713254	4.361751688795715	4.254484043792219
GO:0000820	8	0.09512464075389078	2.902030689406269	2.854455717173762
GO:0000985	8	0.0688095238095238	0.8133333333333334	0.5895238095238096
GO:0001046	8	0.0688095238095238	0.8133333333333334	0.5895238095238096
GO:0003988	8	0.1863843477070449	13.996942603202559	11.306329822691952
GO:0004123	8	0.2398822398461908	3.703526796443163	4.288644556596973
GO:0004139	8	0.21538461538461534	6.126923076923077	5.353846153846154
GO:0004160	8	1.0416666666666665	27.89583333333333	30.520833333333332
GO:0004164	8	0.1531143951833607	3.7756102900930486	4.497022441160372
GO:0004197	8	0.25427350427350426	7.630341880341881	8.292735042735043
GO:0004355	8	0.16592724046140195	4.06078083407276	4.576308784383318
GO:0004420	8	0.2758620689655173	8.206896551724137	7.689655172413794
GO:0004642	8	0.09411764705882353	11.728235294117647	11.644705882352941
GO:0004654	8	0.11376344086021507	1.5615053763440863	1.478494623655914
GO:0004655	8	0.1624489795918367	6.775510204081632	6.024897959183673
GO:0004750	8	0.12679900744416872	2.6895781637717118	2.241439205955335
GO:0004791	8	0.1818361313483265	1.5097782705099778	1.079490022172949
GO:0004866	8	0.1545661785023487	1.875621718706825	2.5718085106382977
GO:0005283	8	0.12227602905569007	2.522182901843919	2.7017694170236544
GO:0005315	8	0.20824915824915824	9.87087542087542	10.694612794612794
GO:0005343	8	0.12227602905569007	2.522182901843919	2.7017694170236544
GO:0005416	8	0.12227602905569007	2.522182901843919	2.7017694170236544
GO:0005542	8	0.20728291316526612	0.9509803921568628	1.6554621848739495
GO:0006089	8	0.13481796494872184	1.619232379517784	1.3166201571122904
GO:0006108	8	0.1760483301440935	4.6630518871891	4.256648864350315
GO:0006282	8	0.14196040560115886	1.0432158377595364	0.9336069531627231
GO:0006426	8	0.13418079096045196	7.171751412429378	7.211299435028249
GO:0006559	8	0.13279265194449874	1.4786007426226302	2.1011009054784706
GO:0006598	8	0.19712195565854101	1.624141658288	1.4420162956748324
GO:0006694	8	0.2758620689655173	8.206896551724137	7.689655172413794
GO:0006750	8	0.15555555555555556	2.861111111111111	2.5388888888888888
GO:0007062	8	0.1430235266713254	4.361751688795715	4.254484043792219
GO:0007346	8	0.18811558447368923	1.5692554503793372	1.4303546661383
GO:0008176	8	0.14545454545454548	6.436363636363636	6.599999999999999
GO:0008219	8	0.1754602022297122	4.7254558810820155	3.8792131190044077
GO:0008312	8	0.19759450171821305	3.2824742268041236	2.78659793814433
GO:0008713	8	0.16745468873128447	2.337273443656422	2.770291568163908
GO:0008820	8	0.2496147919876734	3.4869029275808936	3.2380585516178733
GO:0008920	8	0.16745468873128447	2.337273443656422	2.770291568163908
GO:0008932	8	0.23905723905723908	3.9267676767676765	4.316498316498316
GO:0008939	8	0.21052631578947367	4.2631578947368425	4.973684210526315
GO:0008967	8	0.1701923076923077	2.3685897435897436	2.18525641025641
GO:0008988	8	0.16337719298245615	3.2214912280701755	3.5285087719298245
GO:0009113	8	0.10011181800655486	8.491999228841333	8.518617698091383
GO:0009256	8	0.0998858592263792	8.310792644261255	8.246296766011413
GO:0009257	8	0.0998858592263792	8.310792644261255	8.246296766011413
GO:0009276	8	0.2951080728302471	7.965659166832593	7.227349837392978
GO:0009305	8	0.14244897959183672	0.8077551020408162	0.7997959183673468
GO:0009378	8	0.1072868308162426	1.5761268143621086	1.5150878533231475
GO:0009383	8	0.15473887814313347	3.307930367504835	2.922630560928433
GO:0009447	8	0.19712195565854101	1.624141658288	1.4420162956748324
GO:0009712	8	0.14842422722141774	1.748487794032131	1.9093631346704218
GO:0009927	8	0.13497326203208557	2.0137611408199643	1.84174688057041
GO:0010043	8	0.2673076923076923	20.47094017094017	18.495512820512822
GO:0010272	8	0.10677461900590145	3.4643892060496952	2.894460061806244
GO:0010273	8	0.10677461900590145	3.4643892060496952	2.894460061806244
GO:0010466	8	0.1545661785023487	1.875621718706825	2.5718085106382977
GO:0010951	8	0.1545661785023487	1.875621718706825	2.5718085106382977
GO:0012501	8	0.1754602022297122	4.7254558810820155	3.8792131190044077
GO:0015221	8	0.12920412920412921	2.360805860805861	2.4573759573759575
GO:0015370	8	0.12227602905569007	2.522182901843919	2.7017694170236544
GO:0015437	8	0.12920412920412921	2.360805860805861	2.4573759573759575
GO:0015473	8	0.21498328636035918	1.9674466365165717	1.5655327609184855
GO:0015682	8	0.18333333333333335	2.5125	3.2208333333333337
GO:0015749	8	0.21715868219113696	1.7333904048351332	1.3168774970112498
GO:0015926	8	0.4491662459404395	36.697900307577726	38.31037349747027
GO:0016049	8	0.14889526058357225	1.6092427053466012	1.6402091415078428
GO:0016126	8	0.2758620689655173	8.206896551724137	7.689655172413794
GO:0016137	8	0.21769245247506117	36.64024091850178	38.44116318464145
GO:0016150	8	0.11494290422574065	2.0982678891623294	2.411430770012559
GO:0016405	8	0.12389830508474578	2.026440677966102	1.9508474576271189
GO:0016427	8	0.17056444852500896	4.307015687996486	4.244331962795895
GO:0016569	8	0.10395010395010394	3.2654192654192657	3.4882189882189882
GO:0016570	8	0.10395010395010394	3.2654192654192657	3.4882189882189882
GO:0016571	8	0.10395010395010394	3.2654192654192657	3.4882189882189882
GO:0016634	8	0.12742054693274205	2.4754619364375463	2.5734663710273464
GO:0016706	8	0.30805955770892657	2.9424610764021697	2.7867525181690675
GO:0017038	8	0.15516549841509023	4.214348869029736	3.739266380557886
GO:0017091	8	0.19374999999999998	2.625	2.60125
GO:0018209	8	0.09715490665089781	1.217812952994925	1.4557893109917122
GO:0019427	8	0.06514830508474576	1.3348781779661016	1.4570974576271185
GO:0019645	8	0.26035622179239204	3.517629754996776	2.811129916183108
GO:0019676	8	0.16440702154987866	5.166512059369202	5.428999571856715
GO:0019695	8	0.16373775276214303	4.698582447362935	5.9510631644778
GO:0019740	8	0.16440702154987866	5.166512059369202	5.428999571856715
GO:0019835	8	0.23566308243727596	5.941756272401432	5.767921146953405
GO:0019985	8	0.10801006634339969	2.2156257989591324	1.8768124184790853
GO:0030366	8	0.11454018227009112	1.652029826014913	1.369718309859155
GO:0030414	8	0.1545661785023487	1.875621718706825	2.5718085106382977
GO:0030684	8	0.15765199161425575	4.085953878406708	3.6834381551362676
GO:0031334	8	0.08513844244541899	1.2851698285841038	1.4856838340651315
GO:0032217	8	0.1912087912087912	18.992857142857144	17.302747252747253
GO:0032218	8	0.1912087912087912	18.992857142857144	17.302747252747253
GO:0032551	8	0.1135124633288648	1.6621301315303763	1.961360766256727
GO:0032557	8	0.1135124633288648	1.6621301315303763	1.961360766256727
GO:0032954	8	0.18811558447368923	1.5692554503793372	1.4303546661383
GO:0032955	8	0.18811558447368923	1.5692554503793372	1.4303546661383
GO:0033856	8	0.1585557299843014	2.491758241758242	2.6047880690737832
GO:0034204	8	0.10895281189398837	7.672786037491919	7.7123141564318045
GO:0035434	8	0.10677461900590145	3.4643892060496952	2.894460061806244
GO:0035461	8	0.1912087912087912	18.992857142857144	17.302747252747253
GO:0035598	8	0.25	18.40625	20.03125
GO:0042054	8	0.10395010395010394	3.2654192654192657	3.4882189882189882
GO:0042150	8	0.11220676352707046	2.289987752160079	1.8767869915375566
GO:0042157	8	0.19590967440774887	2.2684385575913177	2.7800210059516868
GO:0042304	8	0.12034440609721025	2.452958728789186	1.746836353178027
GO:0042651	8	0.6706167706167707	4.479764379764379	4.083922383922384
GO:0043138	8	0.12140739584958654	14.840848806366047	12.850429084100483
GO:0043140	8	0.12140739584958654	14.840848806366047	12.850429084100483
GO:0043462	8	0.17140402552773684	1.3753313696612666	1.4532646048109965
GO:0043488	8	0.07625285026995016	0.9588461107928544	0.8007844415446284
GO:0044179	8	0.23566308243727596	5.941756272401432	5.767921146953405
GO:0044355	8	0.1141941391941392	6.131440781440781	6.211141636141637
GO:0044429	8	0.11471854114364058	3.7106571069231253	4.090675122491295
GO:0045181	8	0.16592724046140195	4.06078083407276	4.576308784383318
GO:0045264	8	0.062094902552917816	0.851832899924503	0.7289041747057013
GO:0045273	8	0.13355793856225262	3.02251530465508	3.2660202418614843
GO:0045274	8	0.13355793856225262	3.02251530465508	3.2660202418614843
GO:0045281	8	0.13355793856225262	3.02251530465508	3.2660202418614843
GO:0045282	8	0.13355793856225262	3.02251530465508	3.2660202418614843
GO:0045733	8	0.06514830508474576	1.3348781779661016	1.4570974576271185
GO:0045900	8	0.14429284037558687	1.846464201877934	2.359595070422535
GO:0046144	8	0.14417686989838413	1.4541817632850242	1.4452216600033316
GO:0046185	8	0.20463294792685685	2.3645991063495497	1.589822173577348
GO:0046436	8	0.14417686989838413	1.4541817632850242	1.4452216600033316
GO:0046890	8	0.12034440609721025	2.452958728789186	1.746836353178027
GO:0047617	8	0.16977553601873022	1.1772361939331089	1.245791594974898
GO:0051130	8	0.08513844244541899	1.2851698285841038	1.4856838340651315
GO:0051270	8	0.21412394383481123	2.946294764938833	3.048328128986155
GO:0051715	8	0.23566308243727596	5.941756272401432	5.767921146953405
GO:0051782	8	0.14510156776491673	2.236682884924426	1.7005176512408078
GO:0052173	8	0.15252368759020765	2.135297677032348	2.1879353592866355
GO:0052200	8	0.15252368759020765	2.135297677032348	2.1879353592866355
GO:0052547	8	0.1545661785023487	1.875621718706825	2.5718085106382977
GO:0052548	8	0.1545661785023487	1.875621718706825	2.5718085106382977
GO:0060003	8	0.10677461900590145	3.4643892060496952	2.894460061806244
GO:0061013	8	0.07625285026995016	0.9588461107928544	0.8007844415446284
GO:0061134	8	0.1545661785023487	1.875621718706825	2.5718085106382977
GO:0061135	8	0.1545661785023487	1.875621718706825	2.5718085106382977
GO:0061598	8	0.1067251461988304	3.380847953216374	3.4912280701754383
GO:0061687	8	0.10677461900590145	3.4643892060496952	2.894460061806244
GO:0062014	8	0.1140462451937862	2.0661142136551973	1.3170599891911368
GO:0070206	8	0.16824367782852356	1.633320910033705	1.6447306096807006
GO:0070207	8	0.16824367782852356	1.633320910033705	1.6447306096807006
GO:0070417	8	0.10446009389671361	1.5079812206572771	1.6704225352112676
GO:0070482	8	0.1755840670734288	2.3577167385678024	2.5880094587541396
GO:0071229	8	0.13991955756661636	3.7047762694821516	4.301407742584214
GO:0072344	8	0.09744505183484012	0.9662325532499879	1.2748176481053193
GO:0072512	8	0.18333333333333335	2.5125	3.2208333333333337
GO:0080135	8	0.14196040560115886	1.0432158377595364	0.9336069531627231
GO:0090482	8	0.1912087912087912	18.992857142857144	17.302747252747253
GO:0097035	8	0.10895281189398837	7.672786037491919	7.7123141564318045
GO:0097347	8	0.25069124423963135	5.291244239631336	5.147465437788019
GO:0097718	8	0.13649466475553432	4.789831183309444	4.697121356903967
GO:0098657	8	0.1328330045345186	2.1511754557626945	2.835254924719597
GO:0098739	8	0.1328330045345186	2.1511754557626945	2.835254924719597
GO:0098813	8	0.1430235266713254	4.361751688795715	4.254484043792219
GO:0099046	8	0.1141941391941392	6.131440781440781	6.211141636141637
GO:0106004	8	0.14545454545454548	6.436363636363636	6.599999999999999
GO:0120009	8	0.3066034842350631	5.470877806404122	6.5881640289535035
GO:1901891	8	0.18811558447368923	1.5692554503793372	1.4303546661383
GO:1902222	8	0.13279265194449874	1.4786007426226302	2.1011009054784706
GO:1902412	8	0.18811558447368923	1.5692554503793372	1.4303546661383
GO:1903311	8	0.07625285026995016	0.9588461107928544	0.8007844415446284
GO:1903436	8	0.18811558447368923	1.5692554503793372	1.4303546661383
GO:1990228	8	0.18578100674623768	0.5116761805915931	0.6943435391800727
GO:1990230	8	0.1987179487179487	1.694871794871795	1.8692307692307693
GO:2001020	8	0.14196040560115886	1.0432158377595364	0.9336069531627231
GO:0000447	7	0.07526881720430109	1.849462365591398	1.3225806451612903
GO:0000461	7	0.07526881720430109	1.849462365591398	1.3225806451612903
GO:0000479	7	0.07526881720430109	1.849462365591398	1.3225806451612903
GO:0001558	7	0.06932773109243696	0.5329131652661064	0.8298319327731092
GO:0001666	7	0.13012952161888333	1.4486258294768932	1.4971003678450487
GO:0002190	7	0.10583446404341927	1.2087290818634102	1.0585707824513795
GO:0002192	7	0.10583446404341927	1.2087290818634102	1.0585707824513795
GO:0003844	7	0.16659997332266238	5.19984660530879	4.771375216753368
GO:0003849	7	0.16959727736812252	2.177538287010777	2.8428814520703347
GO:0004112	7	0.19706632653061223	2.9381377551020407	3.728528911564626
GO:0004125	7	0.16988416988416988	5.742084942084942	6.003474903474903
GO:0004170	7	0.13619275461380725	0.5440305308726361	0.39561023771550086
GO:0004316	7	0.13927738927738928	5.9341491841491845	6.603146853146853
GO:0004332	7	0.37662013958125623	16.177218344965105	18.471709870388835
GO:0004448	7	0.18377768128528008	8.4795831524099	8.72790273556231
GO:0004450	7	0.18377768128528008	8.4795831524099	8.72790273556231
GO:0004591	7	0.16172607879924952	4.986491557223265	4.87392120075047
GO:0004605	7	0.11735261401557286	3.956062291434928	4.9332591768631815
GO:0004620	7	0.22294372294372294	2.4848484848484844	2.9090909090909087
GO:0004645	7	0.11546633678685017	4.651297478272294	4.644931376550483
GO:0004652	7	0.17157190635451502	2.9720178372352284	3.5629877369007805
GO:0004674	7	0.1469682840043821	0.9565274470570128	1.363004644677634
GO:0004731	7	0.2565891472868217	1.6906976744186046	1.4992248062015503
GO:0004766	7	0.22291666666666668	7.43449074074074	6.260648148148148
GO:0004779	7	0.24656593406593408	5.664835164835164	7.173763736263736
GO:0004781	7	0.24656593406593408	5.664835164835164	7.173763736263736
GO:0004794	7	0.14	2.42	1.8000000000000003
GO:0004795	7	0.20528455284552843	9.685975609756097	7.67479674796748
GO:0004797	7	0.10610174139585905	3.0136912107500344	3.0598930481283415
GO:0004808	7	0.11768219832735961	2.267622461170848	1.9940262843488648
GO:0004827	7	0.10967098703888335	2.3953140578265204	2.436191425722831
GO:0004853	7	0.14141035258814705	3.5933983495873965	3.7989497374343584
GO:0005048	7	0.6809907834101383	18.853917050691244	16.56082949308756
GO:0005504	7	0.10574409947726912	1.8580145467025713	2.117788029991024
GO:0005663	7	0.15555555555555556	16.288888888888888	15.844444444444443
GO:0005730	7	0.08726507930960452	2.673305190947172	2.9128052184072177
GO:0005759	7	0.10396585297159756	2.6138829133747383	3.058417057975167
GO:0006048	7	0.1103539640891084	2.972578072747852	3.0259402171116943
GO:0006105	7	0.10704252770290507	1.2892902066486973	1.0501362683438156
GO:0006152	7	0.08982187200890812	1.6810307456027398	1.8142594169808421
GO:0006208	7	0.1457922882071489	1.764846608499859	1.738601182099634
GO:0006226	7	0.0658464342674869	0.7723855092276146	0.5514543935596568
GO:0006433	7	0.10967098703888335	2.3953140578265204	2.436191425722831
GO:0006476	7	0.09084745762711866	1.1033898305084746	1.1447457627118645
GO:0006524	7	0.12296890732663243	1.0131511927923114	1.8110437771319834
GO:0006528	7	0.11789365136298421	1.5211322333811572	1.3719437470109996
GO:0006554	7	0.12907636552214866	1.497654280786811	1.6165789283259162
GO:0006577	7	0.12194685632008379	1.8493477027793537	2.385618918800995
GO:0006578	7	0.12194685632008379	1.8493477027793537	2.385618918800995
GO:0006836	7	0.122541740188799	2.573813309107427	2.242707841972548
GO:0007035	7	0.05343511450381679	3.351145038167939	3.1755725190839694
GO:0008199	7	0.1681100761983115	1.658265019294431	1.659245901157666
GO:0008612	7	0.21875	7.6875	6.28125
GO:0008837	7	0.15217391304347827	4.08695652173913	5.065217391304347
GO:0008940	7	0.28787878787878785	4.126262626262625	4.101010101010101
GO:0008997	7	0.08860759493670886	1.3670886075949367	1.4177215189873418
GO:0009009	7	0.12580751483190508	2.086063502526917	1.8281037134695672
GO:0009080	7	0.12296890732663243	1.0131511927923114	1.8110437771319834
GO:0009125	7	0.07675765073091745	3.6549387861630365	3.707811455523094
GO:0009158	7	0.07675765073091745	3.6549387861630365	3.707811455523094
GO:0009242	7	0.13703189033868765	1.3455320552074992	1.6957993782090537
GO:0009251	7	0.17455197132616487	1.6800477897252089	2.3278375149342887
GO:0009379	7	0.10675764913053049	1.6907329958177417	1.8652872551177637
GO:0015184	7	0.13537093324327368	1.0112011707756388	1.536249014972419
GO:0015205	7	0.16684491978609625	2.1478609625668446	2.285650623885918
GO:0015556	7	0.14910145498380795	4.487717052422935	4.623077717195364
GO:0015677	7	0.2417184265010352	9.678959627329192	9.982013457556935
GO:0015718	7	0.1406320978901624	0.913761044809432	1.3284453897357122
GO:0015803	7	0.09939512994589637	1.1724507860334321	1.2113896559399835
GO:0015811	7	0.13537093324327368	1.0112011707756388	1.536249014972419
GO:0015818	7	0.09939512994589637	1.1724507860334321	1.2113896559399835
GO:0015829	7	0.09939512994589637	1.1724507860334321	1.2113896559399835
GO:0015851	7	0.16684491978609625	2.1478609625668446	2.285650623885918
GO:0016024	7	0.11735261401557286	3.956062291434928	4.9332591768631815
GO:0016278	7	0.1554403043764746	1.1827179912286296	1.4429967195924642
GO:0016279	7	0.1554403043764746	1.1827179912286296	1.4429967195924642
GO:0016624	7	0.16172607879924952	4.986491557223265	4.87392120075047
GO:0016728	7	0.10511997046880767	7.090605389442598	6.8106496862310815
GO:0018022	7	0.1554403043764746	1.1827179912286296	1.4429967195924642
GO:0018195	7	0.2037947037947038	3.6605241605241607	4.598553098553098
GO:0018197	7	0.1769230769230769	3.1141025641025646	3.9647435897435894
GO:0018339	7	0.1769230769230769	3.1141025641025646	3.9647435897435894
GO:0019136	7	0.10610174139585905	3.0136912107500344	3.0598930481283415
GO:0019297	7	0.24137931034482762	14.448275862068964	17.24137931034483
GO:0019298	7	0.24137931034482762	14.448275862068964	17.24137931034483
GO:0019413	7	0.1368649732620321	6.204587232620321	6.006517379679145
GO:0019774	7	0.3452380952380952	5.964285714285713	6.19047619047619
GO:0022821	7	0.10580034105804942	3.8961350678096887	4.1367391899030315
GO:0022883	7	0.13356379635449403	2.1429918290383405	1.3994343180389692
GO:0030541	7	0.13067784765897972	4.2753319357092945	4.0569531795946885
GO:0031004	7	0.10342555994729907	3.245718050065876	3.1403162055335967
GO:0031225	7	0.10467032967032966	1.46510989010989	1.801923076923077
GO:0033558	7	0.09084745762711866	1.1033898305084746	1.1447457627118645
GO:0034038	7	0.21875	7.6875	6.28125
GO:0034200	7	0.27385513592410143	4.288907133734719	3.9716292647327123
GO:0034212	7	0.15703893881044073	2.1142490372272142	2.019255455712452
GO:0035601	7	0.09084745762711866	1.1033898305084746	1.1447457627118645
GO:0036293	7	0.13012952161888333	1.4486258294768932	1.4971003678450487
GO:0040012	7	0.19717479129243837	2.556464256464257	2.8110399933929346
GO:0042132	7	0.12548891786179922	1.9351368970013039	2.200782268578879
GO:0042182	7	0.18645112974503866	2.291871833622277	1.498913082668257
GO:0042279	7	0.314126559714795	6.092457664884136	7.268404634581105
GO:0042732	7	0.2583132593213239	21.633889296187682	17.956535400083787
GO:0042851	7	0.12243773946360154	1.3454861111111112	1.314786877394636
GO:0043101	7	0.0850041370317202	1.119369227068565	1.2925602309820445
GO:0043199	7	0.18406593406593408	2.1565934065934065	2.3846153846153846
GO:0045004	7	0.11768219832735961	1.8978494623655913	2.0573476702508957
GO:0045922	7	0.10394523509277609	2.0661142136551973	1.3170599891911368
GO:0045926	7	0.13874968085494405	1.2430918773024038	1.6415846007951274
GO:0046078	7	0.0658464342674869	0.7723855092276146	0.5514543935596568
GO:0046104	7	0.10610174139585905	3.0136912107500344	3.0598930481283415
GO:0046341	7	0.11735261401557286	3.956062291434928	4.9332591768631815
GO:0046377	7	0.13703189033868765	1.3455320552074992	1.6957993782090537
GO:0046583	7	0.13356379635449403	2.1429918290383405	1.3994343180389692
GO:0046836	7	0.17316017316017318	2.586147186147186	2.512987012987013
GO:0047134	7	0.15744588744588744	1.0463636363636364	0.7136363636363635
GO:0051053	7	0.09639959374797118	3.2450402248299115	3.1358925470901835
GO:0051055	7	0.09951107276387691	2.265458728789186	1.6635030198446938
GO:0051345	7	0.16140640876546908	3.007127596779025	2.6630899834957327
GO:0051596	7	0.18645112974503866	2.291871833622277	1.498913082668257
GO:0052564	7	0.13466654473306483	1.7245833913180622	1.7950782164294923
GO:0052572	7	0.13466654473306483	1.7245833913180622	1.7950782164294923
GO:0052621	7	0.7376698732630935	12.570010688654756	12.674225072530156
GO:0052907	7	0.14583333333333331	2.625	3.125
GO:0071470	7	0.18732295602697413	3.156947898147672	3.544270473076359
GO:0090533	7	0.10342555994729907	3.245718050065876	3.1403162055335967
GO:0097056	7	0.16988416988416988	5.742084942084942	6.003474903474903
GO:0097172	7	0.1429530786673644	1.7855398569684284	1.9600296528867958
GO:0098732	7	0.09084745762711866	1.1033898305084746	1.1447457627118645
GO:0110017	7	0.10583446404341927	1.2087290818634102	1.0585707824513795
GO:1903785	7	0.09939512994589637	1.1724507860334321	1.2113896559399835
GO:2000145	7	0.19717479129243837	2.556464256464257	2.8110399933929346
GO:2000374	7	0.17948717948717946	3.4615384615384617	3.846153846153846
GO:0000014	6	0.14066193853427894	4.172576832151299	3.7789598108747042
GO:0000213	6	0.14285714285714285	2.3333333333333335	1.976190476190476
GO:0000288	6	0.06741573033707865	0.5955056179775281	0.7415730337078652
GO:0000291	6	0.06741573033707865	0.5955056179775281	0.7415730337078652
GO:0000379	6	0.14285714285714285	2.3333333333333335	1.976190476190476
GO:0000459	6	0.06741573033707865	0.5955056179775281	0.7415730337078652
GO:0000467	6	0.06741573033707865	0.5955056179775281	0.7415730337078652
GO:0000494	6	0.07692307692307691	2.08974358974359	2.217948717948718
GO:0000495	6	0.12244897959183672	5.999999999999999	4.612244897959183
GO:0000920	6	0.1224084552151169	3.537802925162805	3.1247571260809224
GO:0001887	6	0.1418737060041408	2.6850931677018637	2.530460662525879
GO:0001907	6	0.18500948766603414	2.1100569259962048	1.5407969639468693
GO:0002134	6	0.09025664937537643	1.0225952478094462	1.1008956499776574
GO:0002196	6	0.047619047619047616	0.9523809523809523	0.6746031746031746
GO:0003681	6	0.20542254637704138	1.2222609798636435	1.3867052481369906
GO:0003857	6	0.1290802602209207	4.12233626495221	4.663553808878799
GO:0003861	6	0.4184397163120567	11.879432624113473	9.51063829787234
GO:0003882	6	0.2449392712550607	5.23076923076923	5.654970760233917
GO:0003917	6	0.18518518518518517	4.055555555555555	5.5740740740740735
GO:0003951	6	0.07605212287022586	3.9098853202662234	4.0407983267933565
GO:0004018	6	0.09523809523809523	9.714285714285715	9.365079365079366
GO:0004022	6	0.4064425770308123	7.131372549019608	8.962464985994398
GO:0004067	6	0.1056985294117647	1.0821078431372548	0.810968137254902
GO:0004068	6	0.38562770562770565	6.732640692640691	9.806406926406927
GO:0004318	6	0.13484848484848486	2.275757575757576	2.3409090909090913
GO:0004322	6	0.0931970806970807	0.8560453435453437	0.7579684204684205
GO:0004329	6	0.07578947368421053	8.033684210526316	7.908947368421052
GO:0004333	6	0.16198877305533277	3.3608660785886126	2.7385725741780274
GO:0004414	6	0.14285714285714285	3.6190476190476186	3.857142857142857
GO:0004416	6	0.22894736842105265	2.644736842105263	2.9052631578947374
GO:0004489	6	0.1465201465201465	3.0274725274725274	2.9395604395604393
GO:0004496	6	0.08695652173913043	3.1159420289855073	2.550724637681159
GO:0004551	6	0.14066193853427894	1.4408983451536643	1.1140661938534278
GO:0004612	6	0.1935483870967742	5.548387096774193	4.548387096774193
GO:0004614	6	0.10357142857142856	3.4702380952380953	3.208333333333333
GO:0004619	6	0.04067861962598804	0.6894158473105841	0.5693560825139772
GO:0004639	6	0.08972244976117276	2.42092105403134	2.0495136576561244
GO:0004822	6	0.09662618083670715	3.6472334682861	3.8118758434547906
GO:0005304	6	0.08828401883478526	0.7946730082556545	0.755834100384428
GO:0005375	6	0.08080059303187546	2.490363232023721	2.31004447739066
GO:0005777	6	0.10085705540250994	9.571319253137435	9.517753290480561
GO:0005971	6	0.09436925647451963	6.8091896407685875	6.550041771094404
GO:0006012	6	0.12189722042663217	4.001233570351217	4.014668174962293
GO:0006014	6	0.12074592074592075	3.652214452214452	2.915034965034965
GO:0006020	6	0.12750455373406194	7.588706739526412	7.6178506375227695
GO:0006072	6	0.15054729766162803	3.3248917087549654	3.121322141740209
GO:0006103	6	0.07996045518604994	2.598385604004964	2.293690709072169
GO:0006296	6	0.16216216216216217	9.135135135135137	10.0
GO:0006428	6	0.09662618083670715	3.6472334682861	3.8118758434547906
GO:0006530	6	0.1056985294117647	1.0821078431372548	0.810968137254902
GO:0006571	6	0.11266968325791855	5.314856711915536	5.715309200603318
GO:0006572	6	0.08866623572505924	1.4893341952165482	1.8631760396466277
GO:0006740	6	0.10200713648528098	2.2170532262860534	2.295316681534344
GO:0006741	6	0.07605212287022586	3.9098853202662234	4.0407983267933565
GO:0006791	6	0.11661191448425492	0.9246210841955522	1.3847338634572677
GO:0006878	6	0.08080059303187546	2.490363232023721	2.31004447739066
GO:0006880	6	0.11915861915861917	1.205083805083805	1.1973914973914974
GO:0007010	6	0.2743614517527561	4.387209215904869	4.047546141459185
GO:0008156	6	0.08770394157405813	0.6537358770038242	0.4924142862206183
GO:0008379	6	0.15936507936507935	1.3298412698412696	1.606984126984127
GO:0008477	6	0.12530191599959042	1.401031784752715	1.774775181751926
GO:0008743	6	0.3492877492877493	5.239031339031339	6.231339031339031
GO:0008808	6	0.49999999999999994	5.2142857142857135	5.2142857142857135
GO:0008832	6	0.08295281582952815	2.564117199391172	3.2441019786910195
GO:0008882	6	0.08108108108108109	2.3783783783783785	2.3513513513513513
GO:0008934	6	0.12750455373406194	7.588706739526412	7.6178506375227695
GO:0008963	6	0.3124786324786325	9.11042735042735	7.670769230769231
GO:0008964	6	0.2226190476190476	6.513095238095238	5.996428571428571
GO:0008966	6	0.4026315789473684	31.850877192982452	34.85438596491228
GO:0009000	6	0.09646118721461186	1.6004566210045663	1.6498287671232876
GO:0009187	6	0.10639009702241553	1.8628303780528603	2.3502843760455003
GO:0009237	6	0.08960069780965305	1.395546617561543	1.4681866640821863
GO:0009238	6	0.08960069780965305	1.395546617561543	1.4681866640821863
GO:0009239	6	0.08960069780965305	1.395546617561543	1.4681866640821863
GO:0009355	6	0.07663940997274331	0.7938111271444606	0.8444765111431779
GO:0009372	6	0.1410453246222948	3.1977705185790115	3.420620661494487
GO:0009403	6	0.3106060606060606	6.791666666666666	5.412878787878788
GO:0009713	6	0.08960069780965305	1.395546617561543	1.4681866640821863
GO:0009895	6	0.06351294580670838	1.1592632719393283	0.8168903531076569
GO:0009896	6	0.08161446396740514	0.47498090145148963	0.5933664374840846
GO:0009970	6	0.11692428730099962	1.0513775762063433	1.2839149080587435
GO:0010487	6	0.20582264957264956	6.334063390313391	5.286289173789174
GO:0010738	6	0.23076923076923078	7.730769230769232	7.000000000000001
GO:0015080	6	0.0786056049213944	3.210868079289132	2.781784005468216
GO:0015098	6	0.124244180430793	2.2767120641359995	1.9837921375446728
GO:0015116	6	0.08389535045881795	1.7116726633754498	1.6518422447215015
GO:0015145	6	0.1599006176750079	1.2648420177383592	0.9233291099144758
GO:0015188	6	0.08828401883478526	0.7946730082556545	0.755834100384428
GO:0015386	6	0.0943060881844862	2.5628017344763556	2.6424863163398133
GO:0015412	6	0.124244180430793	2.2767120641359995	1.9837921375446728
GO:0015658	6	0.08828401883478526	0.7946730082556545	0.755834100384428
GO:0015679	6	0.08080059303187546	2.490363232023721	2.31004447739066
GO:0015689	6	0.124244180430793	2.2767120641359995	1.9837921375446728
GO:0015744	6	0.12474452388245491	3.7791883093607233	3.17130732734181
GO:0015801	6	0.08740682585232913	1.078883534571444	0.9725007670510946
GO:0015889	6	0.1909090909090909	2.457575757575757	2.7606060606060607
GO:0016036	6	0.06139122315592903	2.1281512605042012	2.0421335200746964
GO:0016139	6	0.17007340485601355	29.40214568040655	31.369734613212874
GO:0016180	6	0.06741573033707865	0.5955056179775281	0.7415730337078652
GO:0016208	6	0.058021786137535974	1.1409271216624841	1.3186233115529105
GO:0016260	6	0.08099346486074174	1.6630177087842992	1.9464355660007833
GO:0016417	6	0.10812628219740142	2.1424967707621	2.371286376415166
GO:0016429	6	0.1452070334656835	2.559841179807147	1.7731140102098695
GO:0016453	6	0.12335359675785207	16.456095913542722	13.306399864910501
GO:0016615	6	0.10708281290271417	2.6975346458097897	2.7738902436606594
GO:0016641	6	0.08275773065123221	0.9809189112693995	0.9527241851030708
GO:0016669	6	0.43921568627450974	6.3921568627450975	7.2941176470588225
GO:0016723	6	0.12760173967070518	1.8758737185461325	2.196276017396707
GO:0016724	6	0.0931970806970807	0.8560453435453437	0.7579684204684205
GO:0016781	6	0.1364439731353835	2.9890420643336872	2.11700247437257
GO:0016793	6	0.08295281582952815	2.564117199391172	3.2441019786910195
GO:0016813	6	0.17017187570515557	3.1394112970696773	3.7718937571383444
GO:0016888	6	0.12139515505057594	2.642680844285823	2.8220758660490075
GO:0016901	6	0.16723163841807911	1.6937853107344631	2.2932203389830508
GO:0017006	6	0.1567049808429119	2.1053639846743297	2.7137931034482756
GO:0017116	6	0.07416232315711094	1.891139240506329	2.1921072226358898
GO:0017153	6	0.09700130378096479	1.6936114732724903	1.5720990873533247
GO:0018105	6	0.05411461361060477	0.6820986672806395	0.8523094575118586
GO:0018196	6	0.1357743552865504	1.596022852120413	1.315105571203132
GO:0018212	6	0.10980166714573152	1.165564817476286	1.1500431158378843
GO:0018279	6	0.1357743552865504	1.596022852120413	1.315105571203132
GO:0018315	6	0.07894736842105263	3.144736842105263	3.407894736842105
GO:0018394	6	0.06898602438299137	1.581177520071365	1.8140053523639605
GO:0019144	6	0.24682539682539684	1.6777777777777778	2.2187830687830687
GO:0019285	6	0.11031894934333959	1.3609756097560979	2.0600375234521575
GO:0019287	6	0.08695652173913043	3.1159420289855073	2.550724637681159
GO:0019290	6	0.08960069780965305	1.395546617561543	1.4681866640821863
GO:0019336	6	0.1715219421101774	0.723576097105509	0.726890756302521
GO:0019353	6	0.10293255131964808	1.855131964809384	1.485630498533724
GO:0019365	6	0.08321377331420374	0.986728837876614	0.9372309899569584
GO:0019379	6	0.24999999999999994	3.964285714285714	5.059523809523809
GO:0019388	6	0.12189722042663217	4.001233570351217	4.014668174962293
GO:0019417	6	0.16971214017521902	1.8957029620358783	3.2161034626616605
GO:0019478	6	0.10369166066317491	0.712591756070017	0.9329426195992913
GO:0019540	6	0.08960069780965305	1.395546617561543	1.4681866640821863
GO:0030174	6	0.09547230315597903	0.8045127131620162	0.7293493144692058
GO:0030572	6	0.49999999999999994	5.2142857142857135	5.2142857142857135
GO:0030687	6	0.11320754716981131	2.641509433962264	2.9056603773584904
GO:0030696	6	0.11779448621553884	3.1228070175438596	2.3684210526315788
GO:0030697	6	0.11779448621553884	3.1228070175438596	2.3684210526315788
GO:0030973	6	0.36176470588235293	11.31078431372549	9.873529411764707
GO:0031071	6	0.09646118721461186	1.6004566210045663	1.6498287671232876
GO:0031120	6	0.12244897959183672	5.999999999999999	4.612244897959183
GO:0031330	6	0.06351294580670838	1.1592632719393283	0.8168903531076569
GO:0031404	6	0.09546703296703296	1.521062271062271	1.2797619047619049
GO:0031405	6	0.09324409947726912	1.4455145467025714	1.655288029991024
GO:0031421	6	0.045	0.6466666666666666	0.44666666666666666
GO:0031455	6	0.11031894934333959	1.3609756097560979	2.0600375234521575
GO:0031456	6	0.11031894934333959	1.3609756097560979	2.0600375234521575
GO:0032843	6	0.10878614916286149	1.054996194824962	1.5327587519025876
GO:0032880	6	0.42348484848484846	6.154545454545455	7.563636363636364
GO:0032947	6	0.11931581143095536	3.208176887776387	3.167292448894451
GO:0033204	6	0.08793617509542906	1.5412793009636627	1.2156293411673613
GO:0033526	6	0.10293255131964808	1.855131964809384	1.485630498533724
GO:0033592	6	0.06762858194082355	1.8878036186388791	1.6505808603944683
GO:0033677	6	0.09608745684695053	2.325373993095512	1.9315304948216339
GO:0033683	6	0.16216216216216217	9.135135135135137	10.0
GO:0033819	6	0.12962962962962962	2.3009259259259256	2.587962962962963
GO:0033967	6	0.07692307692307691	2.08974358974359	2.217948717948718
GO:0033979	6	0.12244897959183672	5.999999999999999	4.612244897959183
GO:0034198	6	0.1377840909090909	1.9943181818181819	2.085227272727273
GO:0034237	6	0.23076923076923078	7.730769230769232	7.000000000000001
GO:0034355	6	0.08321377331420374	0.986728837876614	0.9372309899569584
GO:0034472	6	0.06741573033707865	0.5955056179775281	0.7415730337078652
GO:0034475	6	0.06741573033707865	0.5955056179775281	0.7415730337078652
GO:0034963	6	0.07692307692307691	2.08974358974359	2.217948717948718
GO:0034964	6	0.12244897959183672	5.999999999999999	4.612244897959183
GO:0035442	6	0.16886977756542976	1.8020385411689759	2.2754950363646014
GO:0035673	6	0.16886977756542976	1.8020385411689759	2.2754950363646014
GO:0036440	6	0.28062804068996017	16.404909332153913	14.668951791242812
GO:0036455	6	0.1076923076923077	2.4615384615384617	2.388461538461539
GO:0040031	6	0.12244897959183672	5.999999999999999	4.612244897959183
GO:0042040	6	0.07894736842105263	3.144736842105263	3.407894736842105
GO:0042579	6	0.10085705540250994	9.571319253137435	9.517753290480561
GO:0042908	6	0.11437160732935381	1.2502527291259686	0.8559618277928137
GO:0043164	6	0.13927256556346032	3.168473492084056	2.874076947884595
GO:0043467	6	0.07890618866228623	0.4600210088014966	0.2981016273699201
GO:0043470	6	0.11005661005661008	1.8086913086913088	1.9651182151182152
GO:0043471	6	0.11005661005661008	1.8086913086913088	1.9651182151182152
GO:0043546	6	0.2270622207693146	5.049171842650104	4.656450909883404
GO:0043555	6	0.09105691056910568	1.0699186991869918	0.6898373983739838
GO:0043590	6	0.1375162244950937	3.622065313327449	2.881626083796272
GO:0043647	6	0.12750455373406194	7.588706739526412	7.6178506375227695
GO:0043846	6	0.11858974358974358	2.296474358974359	2.386217948717949
GO:0043906	6	0.10427807486631016	1.3302139037433154	1.3475935828877004
GO:0043928	6	0.06741573033707865	0.5955056179775281	0.7415730337078652
GO:0044004	6	0.18500948766603414	2.1100569259962048	1.5407969639468693
GO:0044452	6	0.07113604705154002	1.9152406748181396	2.1386116700201208
GO:0045152	6	0.22380952380952382	4.192857142857142	3.802380952380952
GO:0046189	6	0.08960069780965305	1.395546617561543	1.4681866640821863
GO:0046527	6	0.12776356789203036	3.1575607424824605	2.8101875322589893
GO:0046820	6	0.09485902906955539	2.2610059452164717	2.005161031476821
GO:0046838	6	0.12750455373406194	7.588706739526412	7.6178506375227695
GO:0046855	6	0.12750455373406194	7.588706739526412	7.6178506375227695
GO:0046982	6	0.7249299719887956	41.154061624649856	43.8750700280112
GO:0048029	6	0.15818140946386422	1.4062313139260425	1.2214229515567043
GO:0050314	6	0.20582264957264956	6.334063390313391	5.286289173789174
GO:0051018	6	0.23076923076923078	7.730769230769232	7.000000000000001
GO:0051119	6	0.1599006176750079	1.2648420177383592	0.9233291099144758
GO:0051235	6	0.11915861915861917	1.205083805083805	1.1973914973914974
GO:0051238	6	0.11915861915861917	1.205083805083805	1.1973914973914974
GO:0051651	6	0.11915861915861917	1.205083805083805	1.1973914973914974
GO:0051818	6	0.18500948766603414	2.1100569259962048	1.5407969639468693
GO:0051883	6	0.18500948766603414	2.1100569259962048	1.5407969639468693
GO:0052745	6	0.12750455373406194	7.588706739526412	7.6178506375227695
GO:0052834	6	0.12750455373406194	7.588706739526412	7.6178506375227695
GO:0052851	6	0.12760173967070518	1.8758737185461325	2.196276017396707
GO:0052913	6	0.12499999999999999	3.3125	2.9791666666666665
GO:0055070	6	0.08080059303187546	2.490363232023721	2.31004447739066
GO:0061599	6	0.07894736842105263	3.144736842105263	3.407894736842105
GO:0070626	6	0.09523809523809523	9.714285714285715	9.365079365079366
GO:0070651	6	0.07317073170731707	2.3292682926829267	2.2195121951219514
GO:0070677	6	0.12499999999999999	3.0	2.4583333333333335
GO:0070966	6	0.07317073170731707	2.3292682926829267	2.2195121951219514
GO:0071034	6	0.06741573033707865	0.5955056179775281	0.7415730337078652
GO:0071043	6	0.06741573033707865	0.5955056179775281	0.7415730337078652
GO:0071051	6	0.06741573033707865	0.5955056179775281	0.7415730337078652
GO:0071230	6	0.10915032679738562	3.1816993464052286	3.2398692810457517
GO:0071478	6	0.12534696040826585	1.4155226535094907	1.8013467254586981
GO:0071545	6	0.12750455373406194	7.588706739526412	7.6178506375227695
GO:0071916	6	0.16886977756542976	1.8020385411689759	2.2754950363646014
GO:0071972	6	0.08514878672058035	2.1442205914266608	2.5731222845703807
GO:0072526	6	0.08999463069230512	2.0692640692640696	2.0241115473673617
GO:0090329	6	0.09547230315597903	0.8045127131620162	0.7293493144692058
GO:0097577	6	0.11915861915861917	1.205083805083805	1.1973914973914974
GO:0097617	6	0.06762858194082355	1.8878036186388791	1.6505808603944683
GO:0098567	6	0.1583921309820744	2.7175383600066	2.7355634383765057
GO:1902021	6	0.1854100854100854	2.556464256464257	2.7757458757458755
GO:1902358	6	0.08389535045881795	1.7116726633754498	1.6518422447215015
GO:1902601	6	0.0786056049213944	3.210868079289132	2.781784005468216
GO:1903714	6	0.08185127029677357	0.8566613123492218	0.8780563226066502
GO:1990258	6	0.07692307692307691	2.08974358974359	2.217948717948718
GO:1990259	6	0.07692307692307691	2.08974358974359	2.217948717948718
GO:1990928	6	0.1377840909090909	1.9943181818181819	2.085227272727273
GO:2000144	6	0.06887827984379297	1.1632186090719085	1.3718626958537494
GO:2001057	6	0.108688316462916	2.604524037767745	2.6835748276881004
GO:0000303	5	0.09964961161769671	1.051080715974333	1.1180977710233029
GO:0000305	5	0.09964961161769671	1.051080715974333	1.1180977710233029
GO:0000715	5	0.06493506493506494	1.8831168831168832	1.4155844155844155
GO:0000716	5	0.06493506493506494	1.8831168831168832	1.4155844155844155
GO:0000918	5	0.09134139092530215	0.40796512779869226	0.4303546661382999
GO:0001073	5	0.059691994399898175	0.9529082346951763	0.7656866488481608
GO:0002100	5	0.1661129568106312	1.378737541528239	1.6287375415282392
GO:0002128	5	0.10145299145299147	0.9841880341880341	0.9514529914529914
GO:0002376	5	0.06664207460673671	1.7346840028514885	2.233391607587557
GO:0003883	5	0.05898456943753111	1.4561971129915383	1.5423096067695372
GO:0003919	5	0.19972640218878251	3.6983584131326945	3.566347469220246
GO:0003977	5	0.3184449958643507	13.052936311000828	12.734491315136477
GO:0003992	5	0.06771220475120823	1.2551466884487101	1.0392294602137364
GO:0004016	5	0.23224043715846993	8.89344262295082	10.319672131147541
GO:0004033	5	0.16539184952978056	1.9956112852664576	1.7996238244514107
GO:0004069	5	0.07302758391492191	1.413722166832835	1.0346227982718512
GO:0004075	5	0.0819672131147541	1.9672131147540983	1.2950819672131149
GO:0004108	5	0.13777089783281732	2.1191950464396285	3.0975232198142413
GO:0004146	5	0.11904761904761904	0.3333333333333333	0.7142857142857143
GO:0004151	5	0.07164727495407226	1.6646254337619921	1.6832006531945296
GO:0004309	5	0.1048384148570593	2.287645316955473	3.5111501060174013
GO:0004353	5	0.10235042735042735	0.6287393162393162	0.7802350427350427
GO:0004354	5	0.10235042735042735	0.6287393162393162	0.7802350427350427
GO:0004359	5	0.1002454991816694	1.5077741407528642	1.936988543371522
GO:0004375	5	0.09169149288315126	2.346242965905329	2.0009930486593843
GO:0004474	5	0.18956043956043958	3.8736263736263736	3.304945054945055
GO:0004514	5	0.062216852914527346	1.9025974025974028	1.8574448807006947
GO:0004596	5	0.12195121951219512	1.2195121951219514	0.7560975609756099
GO:0004635	5	0.09700854700854702	2.3621794871794872	2.335683760683761
GO:0004636	5	0.09700854700854702	2.512179487179487	2.4106837606837606
GO:0004638	5	0.06971153846153845	0.8068910256410255	1.0729166666666665
GO:0004644	5	0.1746031746031746	1.8730158730158728	1.7936507936507935
GO:0004648	5	0.11343366778149386	1.6176142697881826	1.601170568561873
GO:0004748	5	0.07682539682539682	6.212698412698412	6.041269841269842
GO:0004751	5	0.0951048951048951	2.7034965034965035	2.376573426573427
GO:0004760	5	0.09259259259259259	9.24074074074074	9.203703703703702
GO:0004821	5	0.0847457627118644	0.9661016949152542	0.8305084745762712
GO:0004852	5	0.12653562653562656	3.0939803439803444	3.22972972972973
GO:0005337	5	0.1259146697837522	3.6736528345996495	3.6950087668030394
GO:0005654	5	0.05538178278705222	2.172135388525619	2.3840970957069345
GO:0005655	5	0.061136047051540014	0.7452406748181396	0.7686116700201209
GO:0005732	5	0.07331776598160708	1.3955992928983334	1.0203475587296156
GO:0005960	5	0.09169149288315126	2.346242965905329	2.0009930486593843
GO:0005985	5	0.12220843672456576	14.273573200992555	14.563275434243176
GO:0006000	5	0.09856532356532356	2.217979242979243	2.4482600732600734
GO:0006140	5	0.03574203574203574	0.23076923076923078	0.1858974358974359
GO:0006166	5	0.06466933165018585	0.5901507819622694	0.7012076583210604
GO:0006241	5	0.05898456943753111	1.4561971129915383	1.5423096067695372
GO:0006283	5	0.06493506493506494	1.8831168831168832	1.4155844155844155
GO:0006305	5	0.11021179595710309	4.025601413658162	3.4502418522782374
GO:0006306	5	0.11021179595710309	4.025601413658162	3.4502418522782374
GO:0006382	5	0.1661129568106312	1.378737541528239	1.6287375415282392
GO:0006427	5	0.0847457627118644	0.9661016949152542	0.8305084745762712
GO:0006474	5	0.12195121951219512	1.2195121951219514	0.7560975609756099
GO:0006543	5	0.1002454991816694	1.5077741407528642	1.936988543371522
GO:0006780	5	0.093841642228739	2.6414956011730206	3.1129032258064515
GO:0006808	5	0.20345881595881596	1.7828667953667954	2.367889317889318
GO:0007163	5	0.1665024630541872	3.0068965517241377	2.852216748768473
GO:0007584	5	0.048001289490651196	0.6280786589297228	0.7747582205029013
GO:0008028	5	0.09408831908831908	0.46306980056980057	0.7957264957264957
GO:0008047	5	0.08909275331961167	1.5012716070745522	1.3044787435565837
GO:0008239	5	0.12790542790542792	5.523776223776224	5.534082584082584
GO:0008301	5	0.04439024390243903	1.250731707317073	1.1531707317073172
GO:0008422	5	0.2785923753665689	29.80058651026393	30.659824046920825
GO:0008441	5	0.2272727272727273	0.9090909090909092	1.7272727272727275
GO:0008452	5	0.15374149659863945	6.450340136054422	4.772789115646258
GO:0008453	5	0.09259259259259259	9.24074074074074	9.203703703703702
GO:0008519	5	0.07857304557457047	2.5663731047715155	2.0450518722594873
GO:0008677	5	0.08323863636363636	1.659659090909091	1.9480113636363636
GO:0008692	5	0.1102123356926188	3.5940343781597575	3.9277047522750252
GO:0008764	5	0.10869565217391304	1.6086956521739129	2.0869565217391304
GO:0008777	5	0.12195121951219512	0.5853658536585367	0.7073170731707318
GO:0008881	5	0.1282051282051282	2.5641025641025643	2.692307692307692
GO:0008946	5	0.0819672131147541	0.9672131147540983	1.0491803278688525
GO:0008986	5	0.12195121951219512	2.3658536585365857	1.6097560975609757
GO:0009030	5	0.07616487455197132	0.8261648745519713	1.0367383512544803
GO:0009090	5	0.08968073241007526	2.8096477367785107	2.7871433218700616
GO:0009203	5	0.041508638853771596	1.8536311279674114	2.246663857283326
GO:0009209	5	0.05898456943753111	1.4561971129915383	1.5423096067695372
GO:0009210	5	0.041508638853771596	1.8536311279674114	2.246663857283326
GO:0009229	5	0.07616487455197132	0.8261648745519713	1.0367383512544803
GO:0009243	5	0.11666666666666665	3.7222222222222223	3.5388888888888888
GO:0009313	5	0.14571271022883925	17.60562448304384	17.037634408602152
GO:0009420	5	0.20735785953177258	26.663879598662206	26.872909698996654
GO:0009421	5	0.20735785953177258	26.663879598662206	26.872909698996654
GO:0009448	5	0.07434891079469393	0.9552391383716684	0.8561366678836559
GO:0009450	5	0.07434891079469393	0.9552391383716684	0.8561366678836559
GO:0009967	5	0.09803921568627451	2.803921568627451	2.784313725490196
GO:0010041	5	0.21980676328502413	2.154589371980676	2.043478260869565
GO:0010647	5	0.09803921568627451	2.803921568627451	2.784313725490196
GO:0015101	5	0.07857304557457047	2.5663731047715155	2.0450518722594873
GO:0015173	5	0.07291407222914072	0.93395599833956	0.8565587380655875
GO:0015654	5	0.08703703703703702	1.3018518518518518	1.3444444444444446
GO:0015710	5	0.08703703703703702	1.3018518518518518	1.3444444444444446
GO:0015800	5	0.08700252450252449	2.148568211068211	1.691237253737254
GO:0015823	5	0.07074015918566245	0.47888353457144406	0.42250076705109463
GO:0015858	5	0.1259146697837522	3.6736528345996495	3.6950087668030394
GO:0015931	5	0.1259146697837522	3.6736528345996495	3.6950087668030394
GO:0015932	5	0.1259146697837522	3.6736528345996495	3.6950087668030394
GO:0015942	5	0.0841988655171376	1.2097555746140651	1.194204583070025
GO:0016002	5	0.22483766233766234	10.111742424242424	10.595508658008658
GO:0016530	5	0.10845959595959598	0.7412878787878788	0.8016414141414141
GO:0016553	5	0.1661129568106312	1.378737541528239	1.6287375415282392
GO:0016642	5	0.09169149288315126	2.346242965905329	2.0009930486593843
GO:0016657	5	0.12673106436760856	5.4054346844813566	5.031127561614156
GO:0016682	5	0.18336707152496626	3.801282051282051	3.454622132253711
GO:0016730	5	0.20554163185742133	7.601503759398496	5.973739905318853
GO:0016852	5	0.1302166121240455	2.277138849929874	1.7619760012466883
GO:0016856	5	0.1102123356926188	3.5940343781597575	3.9277047522750252
GO:0017003	5	0.10114942528735632	1.9942528735632186	2.547126436781609
GO:0017110	5	0.20867208672086718	1.7831978319783197	1.5880758807588076
GO:0018063	5	0.10114942528735632	1.9942528735632186	2.547126436781609
GO:0019068	5	0.08069828722002635	1.297760210803689	1.1116600790513833
GO:0019134	5	0.3184449958643507	13.052936311000828	12.734491315136477
GO:0019146	5	0.25362318840579706	1.1739130434782608	2.072463768115942
GO:0019243	5	0.10941409270800163	1.1881681299185733	0.9196538234089979
GO:0019265	5	0.09259259259259259	9.24074074074074	9.203703703703702
GO:0019295	5	0.15587044534412955	3.38663967611336	3.8582995951417
GO:0019296	5	0.15587044534412955	3.38663967611336	3.8582995951417
GO:0019354	5	0.12535885167464114	4.216507177033493	4.910287081339713
GO:0019477	5	0.09203932848511162	1.0161727993053296	1.1165789283259162
GO:0019566	5	0.10337301587301588	1.8696428571428572	2.0670634920634923
GO:0019568	5	0.10337301587301588	1.8696428571428572	2.0670634920634923
GO:0019569	5	0.10337301587301588	1.8696428571428572	2.0670634920634923
GO:0019572	5	0.10337301587301588	1.8696428571428572	2.0670634920634923
GO:0019577	5	0.14358974358974358	1.2	1.035897435897436
GO:0019579	5	0.14358974358974358	1.2	1.035897435897436
GO:0019634	5	0.17582868821999256	0.9552638424377555	1.0711352657004831
GO:0022417	5	0.07626514611546686	0.8289379900213829	0.7355666429080542
GO:0022898	5	0.04448301059554256	0.5085860431128972	0.7770369017172085
GO:0023056	5	0.09803921568627451	2.803921568627451	2.784313725490196
GO:0030272	5	0.10290924880590532	1.5141120277898392	1.0377768128528007
GO:0030681	5	0.061136047051540014	0.7452406748181396	0.7686116700201209
GO:0030894	5	0.08380415244314715	1.9846369498177738	1.6872969541054437
GO:0030961	5	0.17676767676767677	2.484848484848485	3.328282828282828
GO:0031249	5	0.08771929824561403	2.1754385964912277	2.596491228070175
GO:0031362	5	0.08928571428571427	1.3035714285714284	1.625
GO:0032006	5	0.09803921568627451	2.803921568627451	2.784313725490196
GO:0032008	5	0.09803921568627451	2.803921568627451	2.784313725490196
GO:0032409	5	0.04448301059554256	0.5085860431128972	0.7770369017172085
GO:0032412	5	0.04448301059554256	0.5085860431128972	0.7770369017172085
GO:0032881	5	0.08073769049378805	1.5463050950855828	1.6755945048627976
GO:0033212	5	0.07638467133034918	0.8549647224659034	0.7581295783941036
GO:0033817	5	0.2540322580645161	9.737903225806452	7.790322580645161
GO:0034213	5	0.062216852914527346	1.9025974025974028	1.8574448807006947
GO:0034337	5	0.08272986614000438	1.1334211103796357	1.444810182137371
GO:0034459	5	0.0698636806231743	0.9057935735150925	1.0976144109055501
GO:0034611	5	0.0819672131147541	0.9672131147540983	1.0491803278688525
GO:0034644	5	0.10839780786589295	1.3985735009671179	1.7674484203739522
GO:0035870	5	0.08307610900432137	1.2817120851339037	1.7083664050327776
GO:0035967	5	0.06122631848438301	2.188172043010753	2.6971454173067078
GO:0036222	5	0.08307610900432137	1.2817120851339037	1.7083664050327776
GO:0036355	5	0.1020408163265306	2.0	1.7959183673469385
GO:0042158	5	0.11696230598669624	2.0315964523281598	2.4379157427937916
GO:0042357	5	0.07616487455197132	0.8261648745519713	1.0367383512544803
GO:0042380	5	0.1	6.02	5.32
GO:0042538	5	0.07947576838672502	0.8935549916019958	0.9266198340014956
GO:0042777	5	0.03852576335877862	0.7170801526717557	0.5947638358778626
GO:0042910	5	0.08734458030232678	0.9799824588556983	0.47758344941443537
GO:0043139	5	0.16869565217391305	5.151304347826088	4.283478260869565
GO:0043621	5	0.1665024630541872	3.0068965517241377	2.852216748768473
GO:0043726	5	0.12339181286549708	1.5818713450292397	1.4690058479532162
GO:0044682	5	0.625	26.75	29.75
GO:0044776	5	0.09586056644880174	2.666666666666666	3.248366013071896
GO:0045203	5	0.11269841269841269	2.2984126984126982	2.208994708994709
GO:0045254	5	0.048105818846797474	3.5126945275999555	3.599612986577373
GO:0045717	5	0.0819672131147541	1.9672131147540983	1.2950819672131149
GO:0046036	5	0.05898456943753111	1.4561971129915383	1.5423096067695372
GO:0046046	5	0.041508638853771596	1.8536311279674114	2.246663857283326
GO:0046047	5	0.041508638853771596	1.8536311279674114	2.246663857283326
GO:0046051	5	0.041508638853771596	1.8536311279674114	2.246663857283326
GO:0046052	5	0.041508638853771596	1.8536311279674114	2.246663857283326
GO:0046060	5	0.041508638853771596	1.8536311279674114	2.246663857283326
GO:0046061	5	0.041508638853771596	1.8536311279674114	2.246663857283326
GO:0046076	5	0.041508638853771596	1.8536311279674114	2.246663857283326
GO:0046156	5	0.12535885167464114	4.216507177033493	4.910287081339713
GO:0046176	5	0.14350429975429976	2.780558968058968	2.3901259213759216
GO:0046209	5	0.08091053868513823	2.2711907044344115	2.4057970499103227
GO:0046210	5	0.08091053868513823	2.2711907044344115	2.4057970499103227
GO:0046352	5	0.14571271022883925	17.60562448304384	17.037634408602152
GO:0046373	5	0.10337301587301588	1.8696428571428572	2.0670634920634923
GO:0046402	5	0.11666666666666665	3.7222222222222223	3.5388888888888888
GO:0046440	5	0.09203932848511162	1.0161727993053296	1.1165789283259162
GO:0046502	5	0.093841642228739	2.6414956011730206	3.1129032258064515
GO:0046658	5	0.08928571428571427	1.3035714285714284	1.625
GO:0046678	5	0.08558928083128246	2.3822805578342905	1.942302433688816
GO:0046689	5	0.0923076923076923	1.7807692307692307	1.4602564102564102
GO:0046857	5	0.11761827660445172	1.4832749141504902	1.4184385175168586
GO:0048584	5	0.09803921568627451	2.803921568627451	2.784313725490196
GO:0048856	5	0.08313562339536365	6.536680347069956	6.506422293435279
GO:0051054	5	0.06166666666666667	0.43416666666666665	0.35083333333333333
GO:0051167	5	0.10337301587301588	1.8696428571428572	2.0670634920634923
GO:0051193	5	0.03713527851458885	0.6675508399646332	0.6571618037135278
GO:0051223	5	0.22348484848484848	2.954545454545455	3.3636363636363638
GO:0051271	5	0.16624130183452218	1.9509630696071374	1.9361298344349192
GO:0051409	5	0.07757936507936508	1.5540873015873016	1.657420634920635
GO:0051781	5	0.12273550724637682	0.9307065217391304	1.4361413043478262
GO:0051870	5	0.11904761904761904	0.3333333333333333	0.7142857142857143
GO:0051871	5	0.11904761904761904	0.3333333333333333	0.7142857142857143
GO:0052645	5	0.08333333333333333	1.7166666666666668	1.7833333333333332
GO:0052647	5	0.08333333333333333	1.7166666666666668	1.7833333333333332
GO:0052648	5	0.08333333333333333	1.7166666666666668	1.7833333333333332
GO:0052693	5	0.11363636363636365	0.8863636363636364	1.0909090909090908
GO:0055130	5	0.09070464767616192	0.6086956521739131	0.7511244377811095
GO:0061727	5	0.10941409270800163	1.1881681299185733	0.9196538234089979
GO:0061731	5	0.07682539682539682	6.212698412698412	6.041269841269842
GO:0070039	5	0.08928571428571427	0.8928571428571429	1.0357142857142856
GO:0070041	5	0.09866220735785954	1.970735785953177	2.3436454849498327
GO:0070042	5	0.10638297872340426	1.4468085106382977	1.297872340425532
GO:0070201	5	0.22348484848484848	2.954545454545455	3.3636363636363638
GO:0070778	5	0.08700252450252449	2.148568211068211	1.691237253737254
GO:0070988	5	0.07195932237776424	0.7182998579833638	0.7981208155812538
GO:0071237	5	0.08558928083128246	2.3822805578342905	1.942302433688816
GO:0071281	5	0.13411919513131204	3.9137781676627004	3.703744722846647
GO:0071288	5	0.0923076923076923	1.7807692307692307	1.4602564102564102
GO:0071482	5	0.10839780786589295	1.3985735009671179	1.7674484203739522
GO:0071963	5	0.1665024630541872	3.0068965517241377	2.852216748768473
GO:0072488	5	0.07857304557457047	2.5663731047715155	2.0450518722594873
GO:0072530	5	0.1396764252696456	1.7154083204930666	1.8816127375449407
GO:0072531	5	0.08029756883196565	1.1818007515913798	0.9353286294961269
GO:0090087	5	0.22348484848484848	2.954545454545455	3.3636363636363638
GO:0090563	5	0.13843366778149385	1.097742474916388	0.6005016722408026
GO:0090605	5	0.104984042033536	2.250387060751555	2.263312107803779
GO:0097510	5	0.13382352941176473	2.120588235294117	1.6029411764705883
GO:0098659	5	0.09761904761904762	1.3839285714285714	1.8422619047619044
GO:0099587	5	0.09761904761904762	1.3839285714285714	1.8422619047619044
GO:1901159	5	0.10337301587301588	1.8696428571428572	2.0670634920634923
GO:1901642	5	0.1259146697837522	3.6736528345996495	3.6950087668030394
GO:1901653	5	0.08558928083128246	2.3822805578342905	1.942302433688816
GO:1901654	5	0.046204220227989326	1.3287654620422023	1.2222895949551296
GO:1902533	5	0.09803921568627451	2.803921568627451	2.784313725490196
GO:1990145	5	0.050395655860147756	0.7082744559731923	0.5663396449863405
GO:2000766	5	0.046296296296296294	0.6851851851851851	0.8518518518518519
GO:0001098	4	0.08888888888888888	1.0507936507936506	0.8158730158730159
GO:0001108	4	0.08888888888888888	1.0507936507936506	0.8158730158730159
GO:0001530	4	0.0868409392999557	1.173238812583075	1.0199379707576428
GO:0001676	4	0.06964489411297922	1.0332539800624907	1.2713013936418194
GO:0001871	4	0.2322472848788638	3.002923976608187	2.9473684210526314
GO:0003935	4	0.10185185185185185	1.2407407407407407	0.8703703703703703
GO:0003955	4	0.17523809523809525	4.504761904761905	4.337142857142857
GO:0003962	4	0.1850877192982456	2.93640350877193	3.5763157894736843
GO:0003987	4	0.03389830508474576	0.6864406779661016	0.5508474576271186
GO:0004047	4	0.08	2.16	2.2
GO:0004106	4	0.11634615384615385	2.0048076923076925	1.8317307692307694
GO:0004165	4	0.08695652173913043	2.1521739130434785	2.369565217391304
GO:0004326	4	0.07017543859649122	0.9649122807017543	0.9298245614035088
GO:0004337	4	0.10765349032800672	1.253994953742641	1.0260723296888141
GO:0004347	4	0.6666666666666666	25.333333333333332	30.0
GO:0004357	4	0.06666666666666667	1.5499999999999998	1.3833333333333333
GO:0004362	4	0.09523809523809523	1.4523809523809523	1.5714285714285712
GO:0004363	4	0.08888888888888889	1.3111111111111111	1.1555555555555554
GO:0004366	4	0.09302325581395349	2.5813953488372094	3.069767441860465
GO:0004367	4	0.1166489925768823	2.6977730646871687	2.528101802757158
GO:0004397	4	0.21052631578947367	4.368421052631579	3.4210526315789473
GO:0004401	4	0.08081632653061224	4.414285714285714	3.950612244897959
GO:0004411	4	0.0392156862745098	0.4215686274509804	0.6470588235294118
GO:0004412	4	0.0708128078817734	1.960591133004926	2.277709359605911
GO:0004427	4	0.11490683229813664	12.51552795031056	13.456521739130434
GO:0004457	4	0.03395088078772874	0.45670527524023635	0.3969663337032926
GO:0004470	4	0.06100438153016515	1.343613077182339	1.7591843613077183
GO:0004568	4	0.24285714285714285	9.014285714285714	8.27142857142857
GO:0004595	4	0.06204906204906205	0.7012987012987013	0.7546897546897547
GO:0004622	4	0.15151515151515152	1.9848484848484849	2.4090909090909087
GO:0004632	4	0.04597701149425287	0.735632183908046	0.6436781609195402
GO:0004633	4	0.04597701149425287	0.735632183908046	0.6436781609195402
GO:0004637	4	0.05128205128205128	0.8974358974358974	0.8846153846153846
GO:0004643	4	0.06896551724137931	1.3275862068965518	1.4482758620689655
GO:0004647	4	0.0805984555984556	0.680019305019305	0.5555019305019304
GO:0004725	4	0.10062111801242235	3.7515527950310554	3.354037267080745
GO:0004729	4	0.06666666666666667	1.3333333333333335	1.3333333333333335
GO:0004735	4	0.0784313725490196	1.2745098039215685	1.4117647058823528
GO:0004746	4	0.0975609756097561	1.2439024390243905	1.2195121951219514
GO:0004792	4	0.3269230769230769	2.083333333333333	2.1153846153846154
GO:0004799	4	0.0623641304347826	2.182065217391304	2.105434782608696
GO:0004802	4	0.03007518796992481	0.24812030075187969	0.2706766917293233
GO:0004815	4	0.06779661016949153	1.5762711864406782	1.4915254237288136
GO:0005086	4	0.36363636363636365	0.9090909090909092	0.5454545454545455
GO:0005345	4	0.12272727272727274	1.4272727272727275	1.712121212121212
GO:0005844	4	0.051129497915226786	0.47882938131311215	0.6300703393560115
GO:0006015	4	0.05866500829187397	0.7261608623548922	0.44050580431177444
GO:0006063	4	0.09869136124516326	4.2217729663927654	5.0169992609017005
GO:0006067	4	0.0664869721473495	2.091194968553459	1.686882300089847
GO:0006086	4	0.03272120346218208	1.9896176045230325	2.3842283711927577
GO:0006171	4	0.06557377049180328	1.3934426229508197	1.819672131147541
GO:0006307	4	0.051125989044430914	0.3849665246500304	0.3606208155812538
GO:0006366	4	0.06401249024199844	0.8914910226385636	0.8110850897736144
GO:0006422	4	0.06779661016949153	1.5762711864406782	1.4915254237288136
GO:0006548	4	0.08479863868406126	1.7566647759500853	1.2768009075439593
GO:0006761	4	0.07017543859649122	0.9649122807017543	0.9298245614035088
GO:0006797	4	0.09533096926713948	2.8394208037825064	3.7271867612293144
GO:0006863	4	0.12272727272727274	1.4272727272727275	1.712121212121212
GO:0006995	4	0.09523809523809523	1.8571428571428572	1.5714285714285714
GO:0007267	4	0.06104532462229481	1.0377705185790118	1.0206206614944875
GO:0008138	4	0.0851063829787234	0.8297872340425532	0.8085106382978723
GO:0008254	4	0.051868556701030924	0.8308634020618557	1.1124355670103092
GO:0008413	4	0.0975609756097561	0.5609756097560976	0.36585365853658536
GO:0008495	4	0.08514492753623187	1.3786231884057971	1.365036231884058
GO:0008686	4	0.09544159544159544	2.668091168091168	2.601139601139601
GO:0008690	4	0.0625	0.578125	0.625
GO:0008703	4	0.07017543859649122	0.6491228070175439	0.5263157894736842
GO:0008710	4	0.0656443368307775	3.777508743610438	3.2631154156577886
GO:0008716	4	0.08222222222222222	0.9688888888888889	0.74
GO:0008718	4	0.06896551724137931	0.5	0.6206896551724138
GO:0008745	4	0.1249206349206349	3.0895238095238096	2.3685714285714283
GO:0008760	4	0.09090909090909091	1.3181818181818181	1.0
GO:0008766	4	0.08695652173913043	1.847826086956522	1.3695652173913044
GO:0008770	4	0.14047984785311973	1.9583790505449492	2.3858898398068904
GO:0008773	4	0.09523809523809523	3.333333333333333	2.3809523809523805
GO:0008796	4	0.0851063829787234	0.8297872340425532	0.8085106382978723
GO:0008802	4	0.06153846153846154	0.8	1.2307692307692308
GO:0008803	4	0.0851063829787234	0.8297872340425532	0.8085106382978723
GO:0008813	4	0.11512605042016806	1.4134453781512604	1.580672268907563
GO:0008818	4	0.09449760765550239	1.8708133971291865	2.138755980861244
GO:0008819	4	0.18181818181818182	2.1818181818181817	2.1363636363636362
GO:0008823	4	0.08333333333333333	1.3125	1.770833333333333
GO:0008835	4	0.07017543859649122	0.6491228070175439	0.5263157894736842
GO:0008840	4	0.08163265306122448	0.6326530612244897	0.8775510204081631
GO:0008841	4	0.07017543859649122	0.9649122807017543	0.9298245614035088
GO:0008852	4	0.06060606060606061	0.9393939393939394	1.090909090909091
GO:0008855	4	0.07923169267707082	0.8743497398959582	0.750300120048019
GO:0008897	4	0.10186382245205775	1.7710084033613445	1.8387739711269124
GO:0008907	4	0.10080751483190509	1.5193968358602505	1.4614370468029005
GO:0008914	4	0.2019230769230769	3.16025641025641	2.5256410256410255
GO:0008948	4	0.203030303030303	1.893939393939394	2.0393939393939395
GO:0008959	4	0.03125	0.6484375	0.90625
GO:0008962	4	0.07102564102564103	0.6810256410256411	0.5048717948717949
GO:0008965	4	0.11298701298701297	4.411255411255411	4.498268398268398
GO:0008973	4	0.1746031746031746	27.595238095238095	24.142857142857142
GO:0008977	4	0.07420814479638009	3.8340874811463044	4.580693815987933
GO:0008989	4	0.07512229210342417	0.7868623340321452	0.9189378057302584
GO:0008996	4	0.08695652173913043	1.9130434782608696	2.0434782608695654
GO:0009008	4	0.08164036738567453	1.568458556515305	1.107384709421094
GO:0009045	4	0.1720779220779221	21.06818181818182	17.467532467532468
GO:0009131	4	0.041237113402061855	0.5257731958762886	0.3402061855670103
GO:0009175	4	0.041237113402061855	0.5257731958762886	0.3402061855670103
GO:0009190	4	0.06557377049180328	1.3934426229508197	1.819672131147541
GO:0009316	4	0.0851063829787234	1.2127659574468084	1.5106382978723405
GO:0009318	4	0.07923169267707082	0.8743497398959582	0.750300120048019
GO:0009321	4	0.0862207896857373	2.6426269137792104	1.8896051571313457
GO:0009324	4	0.06896551724137931	0.5	0.6206896551724138
GO:0009326	4	0.20687229437229437	1.2959415584415583	1.2083874458874457
GO:0009446	4	0.08732795443758898	1.7399145704793546	1.6786900806834362
GO:0009507	4	0.12066839874326506	1.9049518514759158	2.2971710404865484
GO:0009536	4	0.12066839874326506	1.9049518514759158	2.2971710404865484
GO:0009615	4	0.09384615384615386	1.4923076923076923	1.5446153846153847
GO:0009635	4	0.03007518796992481	0.24812030075187969	0.2706766917293233
GO:0010106	4	0.058823529411764705	0.6176470588235294	0.7205882352941176
GO:0010383	4	0.11151870873074102	27.70946441672781	27.236977256052825
GO:0010410	4	0.11151870873074102	27.70946441672781	27.236977256052825
GO:0010438	4	0.09368082897494662	0.9032927856457268	0.6146990264637324
GO:0010699	4	0.06104532462229481	1.0377705185790118	1.0206206614944875
GO:0010962	4	0.06775067750677506	1.4683830171635048	1.6106594399277325
GO:0015037	4	0.09523809523809523	1.4523809523809523	1.5714285714285712
GO:0015038	4	0.09523809523809523	1.4523809523809523	1.5714285714285712
GO:0015074	4	0.10080751483190509	1.5193968358602505	1.4614370468029005
GO:0015091	4	0.1	1.2000000000000002	1.4500000000000002
GO:0015104	4	0.12072072072072071	2.0738738738738736	1.91981981981982
GO:0015105	4	0.12072072072072071	2.0738738738738736	1.91981981981982
GO:0015114	4	0.10526315789473684	0.6578947368421053	1.131578947368421
GO:0015192	4	0.056247405562474054	0.33395599833955997	0.30655873806558737
GO:0015203	4	0.06804672978509678	2.3979520521399365	1.82399924068054
GO:0015415	4	0.10526315789473684	0.6578947368421053	1.131578947368421
GO:0015489	4	0.06804672978509678	2.3979520521399365	1.82399924068054
GO:0015673	4	0.05263157894736842	2.236842105263158	2.197368421052632
GO:0015675	4	0.13839285714285715	1.7991071428571428	2.3482142857142856
GO:0015688	4	0.144140989729225	1.658263305322129	1.7852474323062557
GO:0015699	4	0.12072072072072071	2.0738738738738736	1.91981981981982
GO:0015700	4	0.12072072072072071	2.0738738738738736	1.91981981981982
GO:0015994	4	0.10256410256410256	2.2051282051282053	1.7948717948717947
GO:0015995	4	0.10256410256410256	2.2051282051282053	1.7948717948717947
GO:0016149	4	0.07625272331154684	1.5272331154684096	1.6209150326797386
GO:0016415	4	0.05555555555555555	0.375	0.5138888888888888
GO:0016428	4	0.09133367929423974	3.833938764919564	3.7151011935651272
GO:0016731	4	0.1529100529100529	6.285714285714286	4.71058201058201
GO:0016803	4	0.056202418271383794	1.24115539632781	1.1117330944917152
GO:0016862	4	0.09302325581395349	1.3953488372093021	1.255813953488372
GO:0016869	4	0.08773584905660378	2.930188679245283	2.674056603773585
GO:0016979	4	0.05555555555555555	0.375	0.5138888888888888
GO:0017089	4	0.1303030303030303	1.7575757575757576	1.6272727272727272
GO:0018023	4	0.06453121346738368	0.7584755669862052	0.9581482347439794
GO:0018169	4	0.09047619047619049	2.3047619047619046	2.0238095238095237
GO:0018189	4	0.08163265306122448	0.8979591836734693	0.9387755102040816
GO:0018194	4	0.09133367929423974	1.0498183705241306	1.2532433834976646
GO:0018410	4	0.09047619047619049	2.3047619047619046	2.0238095238095237
GO:0018918	4	0.11269841269841269	0.3706349206349206	0.2857142857142857
GO:0019042	4	0.045000000000000005	0.10500000000000001	0.08
GO:0019045	4	0.045000000000000005	0.10500000000000001	0.08
GO:0019046	4	0.045000000000000005	0.10500000000000001	0.08
GO:0019168	4	0.15384615384615385	1.7692307692307696	2.076923076923077
GO:0019396	4	0.11269841269841269	0.3706349206349206	0.2857142857142857
GO:0019480	4	0.06896551724137931	0.5	0.6206896551724138
GO:0019521	4	0.12077702702702703	2.3260135135135136	2.1173986486486487
GO:0019694	4	0.09375	0.8333333333333333	0.8541666666666666
GO:0030002	4	0.03361344537815126	0.37815126050420167	0.7226890756302521
GO:0030154	4	0.06726260752234778	5.996997807387417	5.96673975375274
GO:0030247	4	0.2322472848788638	3.002923976608187	2.9473684210526314
GO:0030260	4	0.06898550724637681	1.028695652173913	1.3136231884057972
GO:0030320	4	0.03361344537815126	0.37815126050420167	0.7226890756302521
GO:0030493	4	0.10256410256410256	2.2051282051282053	1.7948717948717947
GO:0030494	4	0.10256410256410256	2.2051282051282053	1.7948717948717947
GO:0030515	4	0.07549148099606814	5.2015727391874185	5.6047182175622545
GO:0030643	4	0.03361344537815126	0.37815126050420167	0.7226890756302521
GO:0030674	4	0.12698412698412698	2.0555555555555554	2.4232804232804233
GO:0031237	4	0.09021031280025621	0.3539019963702359	0.4401088929219601
GO:0031331	4	0.048281130634071814	0.32498090145148967	0.27669977081741787
GO:0031386	4	0.21052631578947367	0.6842105263157894	0.736842105263158
GO:0031411	4	0.3076923076923077	6.230769230769231	6.923076923076923
GO:0031589	4	0.09027815968059481	1.603328237222143	1.5721356372155435
GO:0032297	4	0.05380563648931237	0.4503460464953496	0.45851598113587244
GO:0032329	4	0.060859728506787336	0.8755656108597285	0.8841628959276018
GO:0032359	4	0.045000000000000005	0.10500000000000001	0.08
GO:0032386	4	0.18181818181818182	2.454545454545455	2.8636363636363638
GO:0032410	4	0.03361344537815126	0.37815126050420167	0.7226890756302521
GO:0032413	4	0.03361344537815126	0.37815126050420167	0.7226890756302521
GO:0032446	4	0.21052631578947367	0.6842105263157894	0.736842105263158
GO:0032794	4	0.06557377049180328	0.9016393442622952	0.9672131147540985
GO:0032885	4	0.06775067750677506	1.4683830171635048	1.6106594399277325
GO:0033157	4	0.18181818181818182	2.454545454545455	2.8636363636363638
GO:0033172	4	0.3076923076923077	6.230769230769231	6.923076923076923
GO:0033214	4	0.059143292020004345	0.5618612741900413	0.6029571646010001
GO:0033216	4	0.08333333333333333	1.3125	1.770833333333333
GO:0033359	4	0.054485384426430854	1.000039302382707	0.886924588553181
GO:0034421	4	0.03389830508474576	0.6864406779661016	0.5508474576271186
GO:0034620	4	0.043369175627240145	1.6881720430107527	2.000716845878136
GO:0034986	4	0.08068181818181819	0.40795454545454546	0.5238636363636364
GO:0035251	4	0.08776356789203035	3.0975607424824605	2.7901875322589893
GO:0035303	4	0.08287139689578715	1.02450110864745	1.3522172949002218
GO:0035335	4	0.10062111801242235	3.7515527950310554	3.354037267080745
GO:0035443	4	0.05460392098323133	1.8691409165547097	1.7860190575707817
GO:0035510	4	0.051125989044430914	0.3849665246500304	0.3606208155812538
GO:0035539	4	0.0975609756097561	0.5609756097560976	0.36585365853658536
GO:0035770	4	0.08003398134977083	2.649675991781255	2.4198672356567092
GO:0036067	4	0.10256410256410256	2.2051282051282053	1.7948717948717947
GO:0036069	4	0.10256410256410256	2.2051282051282053	1.7948717948717947
GO:0036220	4	0.06346826586706647	1.222888555722139	1.629935032483758
GO:0036245	4	0.03007518796992481	0.24812030075187969	0.2706766917293233
GO:0036289	4	0.03164270349824522	0.5922110268312013	0.6500622665006226
GO:0036464	4	0.08003398134977083	2.649675991781255	2.4198672356567092
GO:0036506	4	0.125	1.46875	1.34375
GO:0040013	4	0.1492921492921493	1.561132561132561	1.698841698841699
GO:0042083	4	0.0623641304347826	2.182065217391304	2.105434782608696
GO:0042245	4	0.08354011579818031	1.203060380479735	1.0045492142266335
GO:0042602	4	0.32564102564102565	7.523076923076923	8.464102564102564
GO:0042759	4	0.06964489411297922	1.0332539800624907	1.2713013936418194
GO:0042788	4	0.051129497915226786	0.47882938131311215	0.6300703393560115
GO:0042843	4	0.1720779220779221	21.06818181818182	17.467532467532468
GO:0042853	4	0.06896551724137931	0.5	0.6206896551724138
GO:0042883	4	0.06576665165815712	1.4328910778658468	1.751885620998321
GO:0042906	4	0.12272727272727274	1.4272727272727275	1.712121212121212
GO:0042907	4	0.12272727272727274	1.4272727272727275	1.712121212121212
GO:0042939	4	0.05460392098323133	1.8691409165547097	1.7860190575707817
GO:0043255	4	0.06775067750677506	1.4683830171635048	1.6106594399277325
GO:0043273	4	0.07240393775801841	5.538901238488409	5.40520800254049
GO:0043433	4	0.07420814479638009	0.8147812971342383	0.9408748114630467
GO:0043455	4	0.02564102564102564	0.23076923076923078	0.1858974358974359
GO:0043456	4	0.02564102564102564	0.23076923076923078	0.1858974358974359
GO:0043562	4	0.09523809523809523	1.8571428571428572	1.5714285714285714
GO:0043708	4	0.09027815968059481	1.603328237222143	1.5721356372155435
GO:0043856	4	0.05714285714285714	0.9428571428571427	0.8857142857142857
GO:0043874	4	0.0851063829787234	1.2553191489361701	1.3191489361702127
GO:0044247	4	0.07777777777777778	0.9703703703703703	0.9407407407407407
GO:0044409	4	0.06898550724637681	1.028695652173913	1.3136231884057972
GO:0044715	4	0.0975609756097561	0.5609756097560976	0.36585365853658536
GO:0044716	4	0.0975609756097561	0.5609756097560976	0.36585365853658536
GO:0044786	4	0.07004830917874397	2.1425120772946857	1.818035426731079
GO:0044787	4	0.07004830917874397	2.1425120772946857	1.818035426731079
GO:0045491	4	0.11151870873074102	27.70946441672781	27.236977256052825
GO:0045834	4	0.07309941520467836	1.4649122807017543	1.6739766081871346
GO:0046050	4	0.041237113402061855	0.5257731958762886	0.3402061855670103
GO:0046058	4	0.06557377049180328	1.3934426229508197	1.819672131147541
GO:0046121	4	0.04499494438827098	0.46461071789686553	0.4608190091001011
GO:0046130	4	0.04133702352405964	1.0749701395421336	1.0657745684959936
GO:0046306	4	0.09375	0.8333333333333333	0.8541666666666666
GO:0046348	4	0.1420794930875576	11.50115207373272	13.305069124423964
GO:0046351	4	0.07307692307692308	1.6884615384615387	1.830769230769231
GO:0046391	4	0.05866500829187397	0.7261608623548922	0.44050580431177444
GO:0046452	4	0.07017543859649122	0.9649122807017543	0.9298245614035088
GO:0046538	4	0.02564102564102564	0.23076923076923078	0.1858974358974359
GO:0046685	4	0.06666666666666667	1.5499999999999998	1.3833333333333333
GO:0046718	4	0.06898550724637681	1.028695652173913	1.3136231884057972
GO:0046870	4	0.126007326007326	1.1157509157509158	1.2937728937728938
GO:0046900	4	0.07017543859649122	0.9649122807017543	0.9298245614035088
GO:0046901	4	0.07017543859649122	0.9649122807017543	0.9298245614035088
GO:0046944	4	0.13793103448275862	7.448275862068966	6.344827586206897
GO:0047075	4	0.25	1.1875	2.0625
GO:0047405	4	0.22943722943722944	7.12987012987013	8.99134199134199
GO:0047480	4	0.08695652173913043	1.847826086956522	1.3695652173913044
GO:0047589	4	0.07815043959622273	0.6828394659719961	0.7971344838814719
GO:0047631	4	0.1468253968253968	1.0277777777777777	1.5687830687830686
GO:0047693	4	0.1	1.55	2.375
GO:0047808	4	0.09302325581395349	1.3953488372093021	1.255813953488372
GO:0048869	4	0.06726260752234778	5.996997807387417	5.96673975375274
GO:0050163	4	0.09302325581395349	1.3953488372093021	1.255813953488372
GO:0050218	4	0.03389830508474576	0.6864406779661016	0.5508474576271186
GO:0050355	4	0.3051948051948052	6.961038961038961	6.2142857142857135
GO:0050570	4	0.05714285714285714	0.5428571428571429	0.5
GO:0051083	4	0.08163265306122448	0.9795918367346939	1.4693877551020407
GO:0051090	4	0.07420814479638009	0.8147812971342383	0.9408748114630467
GO:0051131	4	0.1547342995169082	2.526376811594203	1.7925603864734299
GO:0051196	4	0.02564102564102564	0.23076923076923078	0.1858974358974359
GO:0051575	4	0.06060606060606061	0.9393939393939394	1.090909090909091
GO:0051806	4	0.06898550724637681	1.028695652173913	1.3136231884057972
GO:0051828	4	0.06898550724637681	1.028695652173913	1.3136231884057972
GO:0052047	4	0.057971014492753624	1.1159420289855073	1.0434782608695652
GO:0052126	4	0.10823529411764707	0.5494117647058823	0.4117647058823529
GO:0052192	4	0.10823529411764707	0.5494117647058823	0.4117647058823529
GO:0052212	4	0.057971014492753624	1.1159420289855073	1.0434782608695652
GO:0052652	4	0.06557377049180328	1.3934426229508197	1.819672131147541
GO:0052665	4	0.07923076923076924	0.47307692307692306	0.5292307692307693
GO:0052666	4	0.07923076923076924	0.47307692307692306	0.5292307692307693
GO:0052805	4	0.08479863868406126	1.7566647759500853	1.2768009075439593
GO:0055062	4	0.03361344537815126	0.37815126050420167	0.7226890756302521
GO:0055081	4	0.03361344537815126	0.37815126050420167	0.7226890756302521
GO:0055083	4	0.03361344537815126	0.37815126050420167	0.7226890756302521
GO:0060090	4	0.12698412698412698	2.0555555555555554	2.4232804232804233
GO:0060341	4	0.18181818181818182	2.454545454545455	2.8636363636363638
GO:0061475	4	0.0380952380952381	1.6095238095238096	1.2571428571428573
GO:0070329	4	0.10020703933747412	1.8517598343685298	1.5929606625258796
GO:0070404	4	0.057329462989840346	0.7129898403483309	0.7812046444121916
GO:0070581	4	0.05063291139240506	1.2911392405063291	1.721518987341772
GO:0070647	4	0.21052631578947367	0.6842105263157894	0.736842105263158
GO:0070689	4	0.03125	0.6484375	0.90625
GO:0070739	4	0.09047619047619049	2.3047619047619046	2.0238095238095237
GO:0070818	4	0.06666666666666667	1.3333333333333335	1.3333333333333335
GO:0070819	4	0.06666666666666667	1.3333333333333335	1.3333333333333335
GO:0070968	4	0.13333333333333333	1.0666666666666667	1.7000000000000002
GO:0071243	4	0.06666666666666667	1.5499999999999998	1.3833333333333333
GO:0071422	4	0.06526176526176526	2.6610848610848614	2.1376866376866377
GO:0071467	4	0.03361344537815126	0.37815126050420167	0.7226890756302521
GO:0071723	4	0.08904837852206272	1.135832004253057	1.0592769803296118
GO:0072321	4	0.10128205128205128	0.9134615384615385	1.366025641025641
GO:0072351	4	0.08163265306122448	0.8979591836734693	0.9387755102040816
GO:0072501	4	0.03361344537815126	0.37815126050420167	0.7226890756302521
GO:0072502	4	0.03361344537815126	0.37815126050420167	0.7226890756302521
GO:0072503	4	0.05203479341410376	1.9414414414414414	1.9401988195091642
GO:0072505	4	0.03361344537815126	0.37815126050420167	0.7226890756302521
GO:0072506	4	0.03361344537815126	0.37815126050420167	0.7226890756302521
GO:0072507	4	0.05203479341410376	1.9414414414414414	1.9401988195091642
GO:0072510	4	0.1	1.2000000000000002	1.4500000000000002
GO:0072747	4	0.03007518796992481	0.24812030075187969	0.2706766917293233
GO:0072756	4	0.03007518796992481	0.24812030075187969	0.2706766917293233
GO:0080111	4	0.051125989044430914	0.3849665246500304	0.3606208155812538
GO:0090313	4	0.18181818181818182	2.454545454545455	2.8636363636363638
GO:0097286	4	0.08333333333333333	1.3125	1.770833333333333
GO:0097697	4	0.09523809523809523	0.8333333333333333	0.9523809523809524
GO:0098561	4	0.06500857632933105	1.4945111492281302	1.5490566037735847
GO:0098609	4	0.28076923076923077	13.419230769230769	10.265384615384617
GO:0098706	4	0.08333333333333333	1.3125	1.770833333333333
GO:0098711	4	0.08333333333333333	1.3125	1.770833333333333
GO:1901071	4	0.1420794930875576	11.50115207373272	13.305069124423964
GO:1901072	4	0.1420794930875576	11.50115207373272	13.305069124423964
GO:1901322	4	0.03007518796992481	0.24812030075187969	0.2706766917293233
GO:1901359	4	0.0784313725490196	1.6274509803921569	1.4901960784313726
GO:1901562	4	0.03007518796992481	0.24812030075187969	0.2706766917293233
GO:1901611	4	0.06879889553612517	0.8076392084675563	1.0071329958582604
GO:1901655	4	0.03007518796992481	0.24812030075187969	0.2706766917293233
GO:1902031	4	0.02564102564102564	0.23076923076923078	0.1858974358974359
GO:1902047	4	0.06804672978509678	2.3979520521399365	1.82399924068054
GO:1902201	4	0.1492921492921493	1.561132561132561	1.698841698841699
GO:1902369	4	0.0415349238286864	1.0603621730382295	0.7949123311296349
GO:1903533	4	0.18181818181818182	2.454545454545455	2.8636363636363638
GO:1903712	4	0.06576665165815712	1.4328910778658468	1.751885620998321
GO:1903827	4	0.18181818181818182	2.454545454545455	2.8636363636363638
GO:1904823	4	0.12272727272727274	1.4272727272727275	1.712121212121212
GO:1905475	4	0.18181818181818182	2.454545454545455	2.8636363636363638
GO:1990497	4	0.06666666666666667	1.0333333333333332	0.6166666666666667
GO:2000104	4	0.05380563648931237	0.4503460464953496	0.45851598113587244
GO:2000146	4	0.1492921492921493	1.561132561132561	1.698841698841699
GO:0000006	3	0.07500000000000001	0.55	0.675
GO:0000030	3	0.05857385398981324	1.2139219015280136	1.3938879456706281
GO:0000172	3	0.05496914212839607	0.9368836965680581	0.6442007697387898
GO:0000229	3	0.02	0.08	0.08
GO:0000785	3	0.02	0.08	0.08
GO:0000786	3	0.02	0.08	0.08
GO:0000787	3	0.02	0.08	0.08
GO:0000789	3	0.02	0.08	0.08
GO:0001514	3	0.031578947368421054	0.8421052631578947	1.094736842105263
GO:0001716	3	0.03488372093023256	0.6046511627906976	0.6046511627906976
GO:0001727	3	0.15789473684210525	0.631578947368421	0.5263157894736842
GO:0001896	3	0.08711433756805807	2.0907441016333936	1.618874773139746
GO:0001897	3	0.0967741935483871	1.5806451612903225	1.129032258064516
GO:0002020	3	0.038461538461538464	0.4358974358974359	0.6923076923076923
GO:0002101	3	0.06666666666666667	1.4	0.9777777777777779
GO:0002130	3	0.06	0.30000000000000004	0.26
GO:0002131	3	0.06	0.30000000000000004	0.26
GO:0002132	3	0.06	0.30000000000000004	0.26
GO:0002136	3	0.06666666666666667	1.4	0.9777777777777779
GO:0002252	3	0.049345794392523366	0.577570093457944	0.8216822429906543
GO:0002935	3	0.0410958904109589	0.547945205479452	0.8904109589041095
GO:0002937	3	0.045454545454545456	1.1515151515151514	1.4393939393939394
GO:0002939	3	0.04838709677419355	0.4032258064516129	0.5161290322580645
GO:0003796	3	0.08823529411764705	0.5294117647058824	0.4117647058823529
GO:0003842	3	0.025423728813559324	0.1440677966101695	0.19491525423728814
GO:0003848	3	0.2727272727272727	2.1818181818181817	2.4545454545454546
GO:0003850	3	0.1414141414141414	9.318181818181818	12.969696969696969
GO:0003852	3	0.06382978723404255	11.702127659574469	8.659574468085106
GO:0003942	3	0.08823529411764705	1.6764705882352942	2.1176470588235294
GO:0003960	3	0.09375	0.625	0.78125
GO:0003985	3	0.06382978723404255	11.702127659574469	8.659574468085106
GO:0003986	3	0.09375	2.25	2.1875
GO:0004014	3	0.10344827586206896	0.4482758620689655	0.3793103448275862
GO:0004021	3	0.05347222222222223	0.8454861111111112	0.6940972222222223
GO:0004044	3	0.05	1.1	1.45
GO:0004114	3	0.125	1.875	2.2916666666666665
GO:0004115	3	0.125	1.875	2.2916666666666665
GO:0004143	3	0.1661129568106312	2.799003322259136	3.4684385382059797
GO:0004148	3	0.02337540906965872	1.5316736792893877	1.7487143525011688
GO:0004149	3	0.05	0.7333333333333334	0.8333333333333334
GO:0004150	3	0.3333333333333333	1.6666666666666665	1.222222222222222
GO:0004155	3	0.04886363636363636	0.9579545454545455	0.9534090909090909
GO:0004156	3	0.049637155297532654	0.5901306240928883	0.7341074020319304
GO:0004161	3	0.07317073170731708	1.2195121951219512	0.8536585365853658
GO:0004198	3	0.11538461538461539	3.269230769230769	3.653846153846154
GO:0004345	3	0.04838709677419355	0.8225806451612903	0.9193548387096774
GO:0004346	3	0.1414141414141414	9.318181818181818	12.969696969696969
GO:0004364	3	0.18614718614718614	0.5238095238095237	0.5238095238095237
GO:0004396	3	0.07226806701675419	1.4981245311327833	1.4838709677419355
GO:0004422	3	0.030927835051546393	0.38144329896907214	0.27835051546391754
GO:0004455	3	0.043478260869565216	0.7971014492753622	1.0144927536231885
GO:0004456	3	0.09375	1.8125	1.46875
GO:0004463	3	0.03896103896103896	0.9480519480519481	0.9220779220779222
GO:0004505	3	0.06976744186046512	0.6046511627906976	0.9302325581395349
GO:0004534	3	0.0555138784696174	1.4084771192798198	1.8848462115528881
GO:0004566	3	0.05454545454545454	9.963636363636363	10.018181818181818
GO:0004604	3	0.14285714285714285	0.857142857142857	1.380952380952381
GO:0004618	3	0.024193548387096774	0.5564516129032258	0.47580645161290325
GO:0004630	3	0.07142857142857142	0.5	0.5
GO:0004641	3	0.05172413793103448	0.9655172413793104	0.9310344827586208
GO:0004657	3	0.025423728813559324	0.1440677966101695	0.19491525423728814
GO:0004658	3	0.5	11.666666666666666	14.833333333333332
GO:0004722	3	0.04949893713938658	0.25204980261160037	0.4184634072274522
GO:0004749	3	0.04477611940298507	0.6567164179104478	0.34328358208955223
GO:0004774	3	0.11253561253561253	2.9686609686609686	3.1652421652421654
GO:0004777	3	0.05025252525252525	0.5696969696969696	0.41035353535353536
GO:0004784	3	0.0625	0.25	0.35416666666666663
GO:0004801	3	0.4212765957446809	3.5872340425531917	4.3872340425531915
GO:0004810	3	0.08461538461538462	1.5589743589743588	1.128205128205128
GO:0004819	3	0.05084745762711865	0.9661016949152542	1.3898305084745761
GO:0004828	3	0.039473684210526314	0.5263157894736843	0.75
GO:0004837	3	0.03896103896103896	2.025974025974026	2.25974025974026
GO:0004851	3	0.07272727272727272	2.2954545454545454	3.0681818181818183
GO:0004867	3	0.06528046421663443	0.5720502901353965	0.9468085106382979
GO:0005261	3	0.05050940438871473	3.5575757575757576	4.155237722048066
GO:0005295	3	0.046153846153846156	0.8461538461538461	0.7076923076923076
GO:0005326	3	0.03920840685546568	1.573813309107427	1.5968745086392144
GO:0005350	3	0.044117647058823525	0.7205882352941175	0.5735294117647058
GO:0005527	3	0.07317073170731708	0.4878048780487805	0.8048780487804879
GO:0005528	3	0.07317073170731708	0.4878048780487805	0.8048780487804879
GO:0005980	3	0.05555555555555555	0.8148148148148148	0.7407407407407407
GO:0005986	3	0.057692307692307696	1.5961538461538463	1.6923076923076925
GO:0005991	3	0.06324786324786325	0.8205128205128205	1.0717948717948718
GO:0006030	3	0.0920794930875576	2.551152073732719	2.9050691244239633
GO:0006032	3	0.0920794930875576	2.551152073732719	2.9050691244239633
GO:0006196	3	0.03552053732885559	3.129165590286748	3.3676052699560834
GO:0006212	3	0.044117647058823525	0.7205882352941175	0.5735294117647058
GO:0006231	3	0.040625	1.8125	1.975
GO:0006357	3	0.047619047619047616	0.8095238095238095	0.7619047619047619
GO:0006368	3	0.047619047619047616	0.8095238095238095	0.7619047619047619
GO:0006425	3	0.05084745762711865	0.9661016949152542	1.3898305084745761
GO:0006430	3	0.054367201426024955	0.13725490196078433	0.4812834224598931
GO:0006434	3	0.039473684210526314	0.5263157894736843	0.75
GO:0006437	3	0.05084745762711865	0.8983050847457628	0.9152542372881356
GO:0006451	3	0.031578947368421054	0.8421052631578947	1.094736842105263
GO:0006511	3	0.05714285714285714	0.780952380952381	0.7142857142857143
GO:0006523	3	0.05347222222222223	0.8454861111111112	0.6940972222222223
GO:0006556	3	0.03529411764705882	0.8588235294117648	0.6117647058823529
GO:0006562	3	0.025423728813559324	0.1440677966101695	0.19491525423728814
GO:0006569	3	0.04154693486590038	0.5656130268199233	0.3887691570881226
GO:0006775	3	0.09485930735930735	0.9478354978354978	0.7531926406926406
GO:0006798	3	0.08421985815602837	2.050531914893617	3.304964539007092
GO:0006801	3	0.0625	0.25	0.35416666666666663
GO:0006846	3	0.05242165242165242	0.40056980056980057	0.629059829059829
GO:0006876	3	0.04054054054054054	0.6081081081081081	0.44594594594594594
GO:0006882	3	0.04054054054054054	0.6081081081081081	0.44594594594594594
GO:0008073	3	0.04464285714285714	0.4375	0.4642857142857143
GO:0008110	3	0.5	40.666666666666664	49.5
GO:0008119	3	0.1875	2.375	1.9375
GO:0008134	3	0.058823529411764705	0.5686274509803921	0.7254901960784313
GO:0008184	3	0.05555555555555555	0.8148148148148148	0.7407407407407407
GO:0008271	3	0.03529411764705882	0.3176470588235294	0.23529411764705882
GO:0008375	3	0.09476031215161648	1.1426978818283164	1.987736900780379
GO:0008410	3	0.09375	2.25	2.1875
GO:0008412	3	0.08823529411764705	1.5588235294117645	1.4705882352941175
GO:0008425	3	0.08823529411764705	0.6470588235294117	1.2352941176470587
GO:0008428	3	0.04042292069013549	0.5618625978338209	0.5541337730443588
GO:0008444	3	0.07894736842105263	0.868421052631579	1.131578947368421
GO:0008479	3	0.041666666666666664	0.45833333333333326	0.49999999999999994
GO:0008512	3	0.03529411764705882	0.3176470588235294	0.23529411764705882
GO:0008531	3	0.1764705882352941	3.0588235294117645	2.7058823529411766
GO:0008559	3	0.0360625290202755	0.41587989475313425	0.22117319300417893
GO:0008645	3	0.08214285714285714	0.875	0.6571428571428571
GO:0008657	3	0.10714285714285714	0.14285714285714285	0.25
GO:0008661	3	0.0297029702970297	1.00990099009901	1.0
GO:0008675	3	0.13636363636363635	1.2272727272727273	1.772727272727273
GO:0008676	3	0.047619047619047616	0.7619047619047619	0.5714285714285714
GO:0008681	3	0.09090909090909091	0.8787878787878788	1.5151515151515151
GO:0008683	3	0.063003663003663	2.808791208791209	2.3820512820512825
GO:0008689	3	0.05660377358490566	0.490566037735849	0.4339622641509434
GO:0008693	3	0.07325581395348837	0.6901162790697675	0.6825581395348838
GO:0008696	3	0.07692307692307693	0.38461538461538464	0.5128205128205128
GO:0008700	3	0.13636363636363635	1.2272727272727273	1.772727272727273
GO:0008733	3	0.06666666666666667	1.3111111111111113	1.5333333333333332
GO:0008734	3	0.03488372093023256	0.6046511627906976	0.6046511627906976
GO:0008746	3	0.05115967885816235	2.1323074635741897	2.024130240856378
GO:0008752	3	0.0625	0.5208333333333333	0.6041666666666666
GO:0008761	3	0.3571428571428571	18.047619047619047	22.952380952380953
GO:0008763	3	0.05263157894736842	1.5964912280701753	1.280701754385965
GO:0008765	3	0.06666666666666667	1.4	1.8222222222222224
GO:0008774	3	0.15873015873015872	2.111111111111111	1.865079365079365
GO:0008775	3	0.09375	2.25	2.1875
GO:0008776	3	0.046451914098972924	1.3295985060690945	1.5324463118580764
GO:0008783	3	0.0809943865276664	1.5541299117882919	1.450681635926223
GO:0008784	3	0.07088989441930618	0.8642533936651583	0.6606334841628959
GO:0008800	3	0.30000000000000004	3.8	3.1000000000000005
GO:0008801	3	0.09655344655344655	0.6962037962037962	0.6222277722277723
GO:0008804	3	0.06521739130434782	1.2608695652173914	1.4347826086956523
GO:0008843	3	0.21428571428571427	7.785714285714286	6.785714285714286
GO:0008853	3	0.07142857142857142	0.6666666666666666	0.6428571428571428
GO:0008872	3	0.07692307692307693	0.6666666666666666	0.7692307692307692
GO:0008883	3	0.05454545454545454	1.1454545454545455	0.8727272727272727
GO:0008894	3	0.07033096926713948	1.0088652482269502	1.4994089834515365
GO:0008899	3	0.2472222222222222	31.230555555555554	30.252777777777776
GO:0008908	3	0.03896103896103896	0.9480519480519481	0.9220779220779222
GO:0008911	3	0.30000000000000004	10.9	15.700000000000001
GO:0008941	3	0.045657894736842106	1.2635526315789474	1.3135526315789474
GO:0008942	3	0.08108108108108109	1.2972972972972974	1.0540540540540542
GO:0008961	3	0.06818181818181818	0.5681818181818181	0.6818181818181819
GO:0008984	3	0.15416666666666667	4.0	2.1708333333333334
GO:0008995	3	0.030927835051546393	1.0824742268041239	0.8865979381443299
GO:0009007	3	0.05222860267979218	0.8919879682800109	0.7544435329505059
GO:0009011	3	0.05886792452830189	0.7203773584905659	0.6992452830188679
GO:0009013	3	0.05025252525252525	0.5696969696969696	0.41035353535353536
GO:0009014	3	0.06481481481481481	0.7407407407407407	0.8333333333333334
GO:0009016	3	0.04361581920903955	0.8696045197740114	0.5934463276836158
GO:0009022	3	0.05	0.7666666666666667	0.9333333333333333
GO:0009037	3	0.07580751483190508	1.4943968358602504	1.4614370468029005
GO:0009051	3	0.06521739130434782	4.130434782608695	3.913043478260869
GO:0009079	3	0.05347222222222223	0.8454861111111112	0.6940972222222223
GO:0009109	3	0.04712301587301587	1.7599206349206349	1.7606646825396826
GO:0009128	3	0.03552053732885559	3.129165590286748	3.3676052699560834
GO:0009154	3	0.03552053732885559	3.129165590286748	3.3676052699560834
GO:0009169	3	0.03552053732885559	3.129165590286748	3.3676052699560834
GO:0009188	3	0.026869565217391304	0.28695652173913044	0.3373913043478261
GO:0009224	3	0.03214367421642645	0.6651795927705332	0.6004346831388698
GO:0009317	3	0.044003868471953575	0.2640232108317215	0.2200193423597679
GO:0009325	3	0.16666666666666666	2.2777777777777777	1.5555555555555554
GO:0009329	3	0.044003868471953575	0.2640232108317215	0.2200193423597679
GO:0009333	3	0.046153846153846156	0.676923076923077	0.6153846153846154
GO:0009344	3	0.08108108108108109	1.2972972972972974	1.0540540540540542
GO:0009350	3	0.14251207729468598	2.0917874396135265	1.1690821256038646
GO:0009382	3	0.05921568627450981	1.083921568627451	0.7529411764705882
GO:0009392	3	0.08492063492063491	1.4095238095238094	0.9285714285714286
GO:0009443	3	0.042067736185383245	0.375222816399287	0.504812834224599
GO:0009453	3	0.125	3.5416666666666665	3.916666666666666
GO:0009454	3	0.125	3.5416666666666665	3.916666666666666
GO:0009521	3	0.1011011011011011	0.7757757757757757	0.8938938938938938
GO:0009532	3	0.04374532182018813	1.674182620706685	1.912555655871164
GO:0009570	3	0.04374532182018813	1.674182620706685	1.912555655871164
GO:0009653	3	0.0490807893405296	5.106088716478326	5.130376117389104
GO:0009675	3	0.03529411764705882	0.3176470588235294	0.23529411764705882
GO:0009698	3	0.05947497949138637	2.5693191140278917	2.5881870385561934
GO:0009699	3	0.05947497949138637	2.5693191140278917	2.5881870385561934
GO:0010133	3	0.025423728813559324	0.1440677966101695	0.19491525423728814
GO:0010134	3	0.10714285714285714	3.107142857142857	3.6785714285714284
GO:0010226	3	0.045454545454545456	0.8181818181818181	0.8484848484848485
GO:0010309	3	0.11538461538461539	1.0384615384615385	1.1923076923076925
GO:0010350	3	0.04108480064764218	0.6952034001214329	1.1930783242258651
GO:0010528	3	0.07894736842105263	2.1052631578947367	2.078947368421052
GO:0010639	3	0.08120036027184148	4.258912634078441	3.380766396462785
GO:0010911	3	0.10714285714285714	0.14285714285714285	0.25
GO:0010921	3	0.07378048780487806	0.5426829268292683	0.8158536585365854
GO:0012505	3	0.032202937249666226	0.26328437917222963	0.36263462394303514
GO:0014070	3	0.11388888888888889	1.2666666666666666	1.472222222222222
GO:0015095	3	0.06514830508474576	5.961334745762712	5.609110169491526
GO:0015123	3	0.05242165242165242	0.40056980056980057	0.629059829059829
GO:0015138	3	0.049877149877149876	2.445700245700246	1.953071253071253
GO:0015141	3	0.049877149877149876	2.445700245700246	1.953071253071253
GO:0015174	3	0.05454545454545454	0.2545454545454545	0.23636363636363636
GO:0015181	3	0.05454545454545454	0.2545454545454545	0.23636363636363636
GO:0015210	3	0.044117647058823525	0.7205882352941175	0.5735294117647058
GO:0015232	3	0.06	0.76	0.5
GO:0015296	3	0.03529411764705882	0.3176470588235294	0.23529411764705882
GO:0015341	3	0.04054054054054054	0.6081081081081081	0.44594594594594594
GO:0015501	3	0.05084745762711865	0.847457627118644	0.864406779661017
GO:0015693	3	0.06514830508474576	5.961334745762712	5.609110169491526
GO:0015697	3	0.06584240774349667	1.495288868723533	1.3546733212341198
GO:0015741	3	0.049877149877149876	2.445700245700246	1.953071253071253
GO:0015748	3	0.1437246963562753	2.459514170040486	2.5161943319838054
GO:0015802	3	0.05454545454545454	0.2545454545454545	0.23636363636363636
GO:0015809	3	0.05454545454545454	0.2545454545454545	0.23636363636363636
GO:0015813	3	0.0625	0.6041666666666666	0.2708333333333333
GO:0015820	3	0.04235360089722022	0.7209645117359609	0.8025875190258751
GO:0015838	3	0.06584240774349667	1.495288868723533	1.3546733212341198
GO:0015850	3	0.06517094017094016	1.1282051282051282	1.02991452991453
GO:0015855	3	0.044117647058823525	0.7205882352941175	0.5735294117647058
GO:0015857	3	0.044117647058823525	0.7205882352941175	0.5735294117647058
GO:0015914	3	0.1437246963562753	2.459514170040486	2.5161943319838054
GO:0015922	3	0.03488372093023256	0.6046511627906976	0.6046511627906976
GO:0015925	3	0.12028985507246376	22.895652173913042	23.84202898550725
GO:0015944	3	0.06533094098883571	0.7852272727272727	0.8168460925039871
GO:0015979	3	0.08437761069340016	1.5380116959064325	1.4377610693400167
GO:0016153	3	0.07317073170731708	1.2682926829268295	0.951219512195122
GO:0016154	3	0.2	1.0666666666666667	0.8666666666666667
GO:0016430	3	0.0625	1.0	0.7916666666666666
GO:0016595	3	0.0625	0.6041666666666666	0.2708333333333333
GO:0016652	3	0.05115967885816235	2.1323074635741897	2.024130240856378
GO:0016673	3	0.16423160173160173	9.445075757575758	9.807629870129869
GO:0016708	3	0.045657894736842106	1.2635526315789474	1.3135526315789474
GO:0016714	3	0.06976744186046512	0.6046511627906976	0.9302325581395349
GO:0016721	3	0.0625	0.25	0.35416666666666663
GO:0016750	3	0.2472222222222222	31.230555555555554	30.252777777777776
GO:0016751	3	0.05	0.7333333333333334	0.8333333333333334
GO:0016872	3	0.06401249024199844	7.3036690085870415	7.153395784543324
GO:0017057	3	0.06521739130434782	4.130434782608695	3.913043478260869
GO:0017101	3	0.05084745762711865	1.542372881355932	1.4067796610169492
GO:0017151	3	0.030927835051546393	1.0824742268041239	0.8865979381443299
GO:0018117	3	0.0625	0.4583333333333333	0.5624999999999999
GO:0018160	3	0.05357142857142857	0.9821428571428571	0.7321428571428572
GO:0018175	3	0.0625	0.4583333333333333	0.5624999999999999
GO:0018282	3	0.06189024390243903	0.8984756097560976	0.9734756097560977
GO:0018307	3	0.06360593017694882	1.4084170253467243	1.6924916307986608
GO:0018973	3	0.05249266862170088	0.690615835777126	0.7328445747800587
GO:0018974	3	0.05249266862170088	0.690615835777126	0.7328445747800587
GO:0019048	3	0.08823529411764705	0.5294117647058824	0.4117647058823529
GO:0019076	3	0.08823529411764705	0.5294117647058824	0.4117647058823529
GO:0019145	3	0.07317073170731708	0.29268292682926833	0.3170731707317073
GO:0019159	3	0.5	0.6666666666666666	1.3333333333333333
GO:0019171	3	0.07325581395348837	0.6901162790697675	0.6825581395348838
GO:0019251	3	0.06570048309178744	0.3739130434782609	0.37487922705314014
GO:0019272	3	0.05347222222222223	0.8454861111111112	0.6940972222222223
GO:0019299	3	0.0988095238095238	6.021428571428571	6.375
GO:0019301	3	0.0988095238095238	6.021428571428571	6.375
GO:0019326	3	0.05249266862170088	0.690615835777126	0.7328445747800587
GO:0019389	3	0.05454545454545454	9.963636363636363	10.018181818181818
GO:0019391	3	0.05454545454545454	9.963636363636363	10.018181818181818
GO:0019392	3	0.07692307692307693	0.6666666666666666	0.7692307692307692
GO:0019394	3	0.07692307692307693	0.6666666666666666	0.7692307692307692
GO:0019430	3	0.0625	0.25	0.35416666666666663
GO:0019441	3	0.04154693486590038	0.5656130268199233	0.3887691570881226
GO:0019546	3	0.06521739130434782	1.2608695652173914	1.4347826086956523
GO:0019700	3	0.12193979933110369	0.565819397993311	0.7339130434782609
GO:0019836	3	0.0967741935483871	1.5806451612903225	1.129032258064516
GO:0019860	3	0.044117647058823525	0.7205882352941175	0.5735294117647058
GO:0019878	3	0.07805429864253394	1.4852941176470589	1.6006787330316743
GO:0019941	3	0.05714285714285714	0.780952380952381	0.7142857142857143
GO:0030075	3	0.1011011011011011	0.7757757757757757	0.8938938938938938
GO:0030164	3	0.038461538461538464	0.4358974358974359	0.6923076923076923
GO:0030388	3	0.057692307692307696	1.5961538461538463	1.6923076923076925
GO:0030580	3	0.08823529411764705	0.6470588235294117	1.2352941176470587
GO:0030632	3	0.05347222222222223	0.8454861111111112	0.6940972222222223
GO:0031235	3	0.10513833992094862	0.6901185770750988	0.7407114624505929
GO:0031240	3	0.1111111111111111	1.9259259259259258	2.0740740740740744
GO:0031248	3	0.07317073170731708	0.8292682926829269	0.4390243902439025
GO:0031399	3	0.03814229249011858	0.7758893280632412	0.7543478260869565
GO:0031401	3	0.03814229249011858	0.7758893280632412	0.7543478260869565
GO:0031460	3	0.06584240774349667	1.495288868723533	1.3546733212341198
GO:0031670	3	0.022727272727272728	0.15909090909090912	0.23484848484848486
GO:0032026	3	0.057692307692307696	0.3076923076923077	0.21153846153846154
GO:0032048	3	0.07142857142857142	0.5	0.5
GO:0032049	3	0.07142857142857142	0.5	0.5
GO:0032069	3	0.04042292069013549	0.5618625978338209	0.5541337730443588
GO:0032074	3	0.04042292069013549	0.5618625978338209	0.5541337730443588
GO:0032261	3	0.030927835051546393	0.38144329896907214	0.27835051546391754
GO:0032263	3	0.030927835051546393	0.38144329896907214	0.27835051546391754
GO:0032264	3	0.030927835051546393	0.38144329896907214	0.27835051546391754
GO:0032267	3	0.06666666666666667	1.4	0.9777777777777779
GO:0032775	3	0.05222860267979218	0.8919879682800109	0.7544435329505059
GO:0032780	3	0.10714285714285714	0.14285714285714285	0.25
GO:0032950	3	0.05555555555555555	1.4074074074074074	1.574074074074074
GO:0032951	3	0.05555555555555555	1.4074074074074074	1.574074074074074
GO:0032973	3	0.047248133139638604	1.229187374162143	1.4000337691464688
GO:0032977	3	0.06666666666666667	1.7777777777777777	2.3333333333333335
GO:0033043	3	0.08120036027184148	4.258912634078441	3.380766396462785
GO:0033228	3	0.047248133139638604	1.229187374162143	1.4000337691464688
GO:0033345	3	0.058823529411764705	1.0196078431372548	0.6078431372549019
GO:0033383	3	0.07317073170731708	1.2195121951219512	0.8536585365853658
GO:0033384	3	0.07317073170731708	1.2195121951219512	0.8536585365853658
GO:0033499	3	0.06832579185520363	2.4476621417797886	2.639668174962293
GO:0033676	3	0.03529411764705882	1.4470588235294115	1.5058823529411764
GO:0033711	3	0.04225352112676056	0.6338028169014085	0.36619718309859156
GO:0033719	3	0.10714285714285714	1.8928571428571428	1.8214285714285712
GO:0033737	3	0.07317073170731708	0.29268292682926833	0.3170731707317073
GO:0033785	3	0.05263157894736842	1.4561403508771928	1.4210526315789473
GO:0033786	3	0.05263157894736842	1.4561403508771928	1.4210526315789473
GO:0033890	3	0.07894736842105263	1.6315789473684208	1.1842105263157894
GO:0034028	3	0.038461538461538464	0.5256410256410255	0.6666666666666666
GO:0034203	3	0.04285714285714286	0.8285714285714285	0.8857142857142857
GO:0034353	3	0.03529411764705882	0.24705882352941175	0.21176470588235294
GO:0034979	3	0.056949152542372886	0.4169491525423729	0.5938983050847457
GO:0035368	3	0.031578947368421054	0.8421052631578947	1.094736842105263
GO:0035433	3	0.05242165242165242	0.40056980056980057	0.629059829059829
GO:0035599	3	0.07692307692307693	1.564102564102564	1.5897435897435896
GO:0035890	3	0.08823529411764705	0.5294117647058824	0.4117647058823529
GO:0035891	3	0.08823529411764705	0.5294117647058824	0.4117647058823529
GO:0036001	3	0.04225352112676056	0.6338028169014085	0.36619718309859156
GO:0036218	3	0.1764705882352941	2.8823529411764706	1.9411764705882355
GO:0036221	3	0.1764705882352941	2.8823529411764706	1.9411764705882355
GO:0039633	3	0.08823529411764705	0.5294117647058824	0.4117647058823529
GO:0042030	3	0.10714285714285714	0.14285714285714285	0.25
GO:0042256	3	0.03571428571428571	0.15476190476190477	0.10714285714285714
GO:0042362	3	0.09485930735930735	0.9478354978354978	0.7531926406926406
GO:0042399	3	0.09053509154315606	0.8712129468177855	0.9470629904097646
GO:0042436	3	0.04154693486590038	0.5656130268199233	0.3887691570881226
GO:0042545	3	0.125	1.875	2.2916666666666665
GO:0042577	3	0.057692307692307696	0.3076923076923077	0.21153846153846154
GO:0042601	3	0.24081632653061225	14.175510204081633	14.016326530612245
GO:0042763	3	0.24081632653061225	14.175510204081633	14.016326530612245
GO:0042836	3	0.07692307692307693	0.6666666666666666	0.7692307692307692
GO:0042838	3	0.07692307692307693	0.6666666666666666	0.7692307692307692
GO:0042852	3	0.05347222222222223	0.8454861111111112	0.6940972222222223
GO:0042979	3	0.04464285714285714	0.4375	0.4642857142857143
GO:0043090	3	0.035213956915470974	0.767246884334123	0.992993019957692
GO:0043333	3	0.08823529411764705	0.6470588235294117	1.2352941176470587
GO:0043431	3	0.05660377358490566	0.490566037735849	0.4339622641509434
GO:0043489	3	0.02112676056338028	0.7746478873239437	0.5704225352112676
GO:0043632	3	0.05714285714285714	0.780952380952381	0.7142857142857143
GO:0043743	3	0.1875	7.4375	6.75
GO:0043771	3	0.03214367421642645	0.6651795927705332	0.6004346831388698
GO:0043814	3	0.1764705882352941	4.76470588235294	4.117647058823529
GO:0043821	3	0.09375	2.25	2.1875
GO:0043828	3	0.08571428571428572	1.2285714285714284	1.0857142857142856
GO:0043900	3	0.1979015334947538	1.2660209846650523	0.6944309927360774
GO:0043937	3	0.061224489795918366	3.3061224489795915	2.591836734693877
GO:0043963	3	0.043478260869565216	0.30434782608695654	0.391304347826087
GO:0044068	3	0.043478260869565216	0.30434782608695654	0.391304347826087
GO:0044318	3	0.03488372093023256	0.6046511627906976	0.6046511627906976
GO:0044374	3	0.02	0.08	0.08
GO:0044413	3	0.0443483709273183	0.7417669172932331	0.7772431077694235
GO:0044415	3	0.0443483709273183	0.7417669172932331	0.7772431077694235
GO:0044434	3	0.04374532182018813	1.674182620706685	1.912555655871164
GO:0044435	3	0.04374532182018813	1.674182620706685	1.912555655871164
GO:0044501	3	0.043478260869565216	0.30434782608695654	0.391304347826087
GO:0044659	3	0.08823529411764705	0.5294117647058824	0.4117647058823529
GO:0044661	3	0.08823529411764705	0.5294117647058824	0.4117647058823529
GO:0044815	3	0.02	0.08	0.08
GO:0045013	3	0.022727272727272728	0.15909090909090912	0.23484848484848486
GO:0045232	3	0.30000000000000004	6.000000000000001	7.200000000000001
GO:0045337	3	0.07317073170731708	1.2195121951219512	0.8536585365853658
GO:0045338	3	0.07317073170731708	1.2195121951219512	0.8536585365853658
GO:0045862	3	0.07048092868988391	2.2276119402985075	1.7189054726368158
GO:0045911	3	0.02	0.08	0.08
GO:0045927	3	0.06754385964912281	0.33508771929824566	0.2600877192982456
GO:0045990	3	0.022727272727272728	0.15909090909090912	0.23484848484848486
GO:0046035	3	0.03214367421642645	0.6651795927705332	0.6004346831388698
GO:0046073	3	0.040625	1.8125	1.975
GO:0046085	3	0.03321123321123321	0.8405372405372405	0.851892551892552
GO:0046102	3	0.03424482494249936	0.6423460260669563	0.5622284692052134
GO:0046145	3	0.05347222222222223	0.8454861111111112	0.6940972222222223
GO:0046177	3	0.09375	1.8125	1.46875
GO:0046218	3	0.04154693486590038	0.5656130268199233	0.3887691570881226
GO:0046256	3	0.05249266862170088	0.690615835777126	0.7328445747800587
GO:0046260	3	0.05249266862170088	0.690615835777126	0.7328445747800587
GO:0046263	3	0.05249266862170088	0.690615835777126	0.7328445747800587
GO:0046437	3	0.05347222222222223	0.8454861111111112	0.6940972222222223
GO:0046618	3	0.040631623779243675	0.886135377666845	1.0190665795051603
GO:0046686	3	0.10350255804801259	1.092483274301456	1.361668634395907
GO:0046690	3	0.1875	2.375	1.9375
GO:0046810	3	0.23076923076923078	10.76923076923077	7.615384615384615
GO:0046812	3	0.26495726495726496	6.538461538461538	6.444444444444445
GO:0046834	3	0.15789473684210525	0.631578947368421	0.5263157894736842
GO:0046839	3	0.057692307692307696	0.3076923076923077	0.21153846153846154
GO:0047451	3	0.07325581395348837	0.6901162790697675	0.6825581395348838
GO:0047484	3	0.0410958904109589	0.7671232876712328	0.684931506849315
GO:0047527	3	0.03896103896103896	0.9480519480519481	0.9220779220779222
GO:0047635	3	0.05347222222222223	0.8454861111111112	0.6940972222222223
GO:0047952	3	0.07317073170731708	1.2195121951219514	1.6585365853658538
GO:0048001	3	0.03896103896103896	0.8181818181818182	0.7142857142857144
GO:0048255	3	0.02112676056338028	0.7746478873239437	0.5704225352112676
GO:0048585	3	0.06878306878306878	5.0211640211640205	4.835978835978835
GO:0050089	3	0.08333333333333333	0.9166666666666666	1.0277777777777777
GO:0050270	3	0.42857142857142855	56.0	55.71428571428571
GO:0050309	3	0.1414141414141414	9.318181818181818	12.969696969696969
GO:0050311	3	0.16423160173160173	9.445075757575758	9.807629870129869
GO:0050338	3	0.3333333333333333	4.666666666666666	4.333333333333332
GO:0050343	3	0.06818181818181818	1.4090909090909092	1.340909090909091
GO:0050380	3	0.08229885057471265	0.7871264367816092	0.6036781609195403
GO:0050486	3	0.09674502712477395	6.684448462929476	5.322784810126583
GO:0050779	3	0.03529411764705882	0.24705882352941175	0.21176470588235294
GO:0050840	3	0.23076923076923078	10.76923076923077	7.615384615384615
GO:0050843	3	0.04712301587301587	1.7599206349206349	1.7606646825396826
GO:0051095	3	0.030927835051546393	1.0824742268041239	0.8865979381443299
GO:0051184	3	0.06	0.76	0.5
GO:0051258	3	0.0625	1.3124999999999998	0.9791666666666666
GO:0051266	3	0.08673835125448029	2.103225806451613	1.6315412186379927
GO:0051341	3	0.05901505901505902	0.8766788766788766	1.5404965404965403
GO:0051668	3	0.07894736842105263	0.23684210526315788	0.3421052631578947
GO:0051723	3	0.15416666666666667	4.0	2.1708333333333334
GO:0051801	3	0.0967741935483871	1.5806451612903225	1.129032258064516
GO:0051832	3	0.0443483709273183	0.7417669172932331	0.7772431077694235
GO:0051834	3	0.0443483709273183	0.7417669172932331	0.7772431077694235
GO:0051983	3	0.06521739130434782	1.2608695652173911	0.9565217391304347
GO:0052027	3	0.043478260869565216	0.30434782608695654	0.391304347826087
GO:0052250	3	0.043478260869565216	0.30434782608695654	0.391304347826087
GO:0052331	3	0.0967741935483871	1.5806451612903225	1.129032258064516
GO:0052738	3	0.05394052464947987	0.9195556309362279	0.9994855269109
GO:0052855	3	0.30000000000000004	4.2	6.000000000000001
GO:0052856	3	0.30000000000000004	4.2	6.000000000000001
GO:0052857	3	0.30000000000000004	4.2	6.000000000000001
GO:0052875	3	0.30000000000000004	5.6000000000000005	6.9
GO:0052906	3	0.04838709677419355	0.4032258064516129	0.5161290322580645
GO:0052916	3	0.05357142857142857	1.125	0.9642857142857142
GO:0055069	3	0.04054054054054054	0.6081081081081081	0.44594594594594594
GO:0055073	3	0.04054054054054054	0.6081081081081081	0.44594594594594594
GO:0060274	3	0.05172413793103448	1.0862068965517242	0.9310344827586207
GO:0060699	3	0.04042292069013549	0.5618625978338209	0.5541337730443588
GO:0060700	3	0.04042292069013549	0.5618625978338209	0.5541337730443588
GO:0060701	3	0.04042292069013549	0.5618625978338209	0.5541337730443588
GO:0060702	3	0.04042292069013549	0.5618625978338209	0.5541337730443588
GO:0061542	3	0.05660377358490566	0.490566037735849	0.4339622641509434
GO:0061593	3	0.08333333333333333	0.9166666666666666	1.0277777777777777
GO:0061605	3	0.05704594511255011	0.6962688868331792	0.582176996608079
GO:0061710	3	0.046875	0.359375	0.53125
GO:0061720	3	0.08333333333333333	0.9166666666666666	1.0277777777777777
GO:0061799	3	0.0625	0.375	0.39583333333333337
GO:0061984	3	0.022727272727272728	0.15909090909090912	0.23484848484848486
GO:0061985	3	0.022727272727272728	0.15909090909090912	0.23484848484848486
GO:0062013	3	0.030530872636135794	0.3761676919571656	0.43335611756664383
GO:0070038	3	0.05	0.43333333333333335	0.44999999999999996
GO:0070040	3	0.0410958904109589	0.547945205479452	0.8904109589041095
GO:0070084	3	0.06611947104423165	1.3684450524395804	1.5581395348837208
GO:0070189	3	0.04154693486590038	0.5656130268199233	0.3887691570881226
GO:0070297	3	0.05396825396825397	2.9841269841269837	2.984126984126984
GO:0070335	3	0.0625	0.6041666666666666	0.2708333333333333
GO:0070733	3	0.0625	0.4583333333333333	0.5624999999999999
GO:0070894	3	0.07894736842105263	2.1052631578947367	2.078947368421052
GO:0071139	3	0.07580751483190508	1.4943968358602504	1.4614370468029005
GO:0071450	3	0.0625	0.25	0.35416666666666663
GO:0071451	3	0.0625	0.25	0.35416666666666663
GO:0071474	3	0.04509421702404159	1.0029889538661467	1.0926575698505523
GO:0071731	3	0.03760989905568219	0.4560403777271247	0.15955714750895475
GO:0072490	3	0.05249266862170088	0.690615835777126	0.7328445747800587
GO:0072491	3	0.05249266862170088	0.690615835777126	0.7328445747800587
GO:0072586	3	0.10714285714285714	0.14285714285714285	0.25
GO:0089705	3	0.075	1.3333333333333333	2.275
GO:0089718	3	0.035213956915470974	0.767246884334123	0.992993019957692
GO:0090070	3	0.03571428571428571	0.15476190476190477	0.10714285714285714
GO:0097366	3	0.03760989905568219	0.4560403777271247	0.15955714750895475
GO:0097502	3	0.05857385398981324	1.2139219015280136	1.3938879456706281
GO:0102043	3	0.1	2.5666666666666664	2.433333333333333
GO:0106009	3	0.13636363636363635	1.2272727272727273	1.772727272727273
GO:0106026	3	0.06976744186046512	0.3953488372093023	0.11627906976744186
GO:0120010	3	0.1437246963562753	2.459514170040486	2.5161943319838054
GO:0140115	3	0.047248133139638604	1.229187374162143	1.4000337691464688
GO:1900190	3	0.1979015334947538	1.2660209846650523	0.6944309927360774
GO:1901973	3	0.04477611940298507	0.6865671641791045	0.5970149253731343
GO:1901998	3	0.15714285714285714	5.7857142857142865	4.542857142857144
GO:1902023	3	0.05454545454545454	0.2545454545454545	0.23636363636363636
GO:1902280	3	0.030927835051546393	1.0824742268041239	0.8865979381443299
GO:1902373	3	0.02112676056338028	0.7746478873239437	0.5704225352112676
GO:1902493	3	0.07317073170731708	0.8292682926829269	0.4390243902439025
GO:1902776	3	0.08333333333333333	0.9166666666666666	1.0277777777777777
GO:1902777	3	0.08333333333333333	0.9166666666666666	1.0277777777777777
GO:1903312	3	0.02112676056338028	0.7746478873239437	0.5704225352112676
GO:1903791	3	0.044117647058823525	0.7205882352941175	0.5735294117647058
GO:1903826	3	0.05454545454545454	0.2545454545454545	0.23636363636363636
GO:1903830	3	0.06514830508474576	5.961334745762712	5.609110169491526
GO:1904082	3	0.044117647058823525	0.7205882352941175	0.5735294117647058
GO:1904176	3	0.12193979933110369	0.565819397993311	0.7339130434782609
GO:1990238	3	0.0768321513002364	3.619385342789598	3.140661938534279
GO:1990778	3	0.075	1.3333333333333333	2.275
GO:1990817	3	0.08461538461538462	1.5589743589743588	1.128205128205128
GO:1990822	3	0.05454545454545454	0.2545454545454545	0.23636363636363636
GO:2000371	3	0.10714285714285714	0.14285714285714285	0.25
GO:2000372	3	0.10714285714285714	0.14285714285714285	0.25
GO:2001119	3	0.03896103896103896	2.025974025974026	2.25974025974026
GO:2001120	3	0.03896103896103896	2.025974025974026	2.25974025974026
GO:0000015	2	0.014184397163120567	0.7943262411347518	0.7943262411347518
GO:0000098	2	0.03150553150553151	0.7335257335257335	0.5336700336700337
GO:0000372	2	0.021505376344086023	0.21505376344086022	0.11827956989247312
GO:0000375	2	0.021505376344086023	0.21505376344086022	0.11827956989247312
GO:0000376	2	0.021505376344086023	0.21505376344086022	0.11827956989247312
GO:0000491	2	0.01834862385321101	0.45871559633027525	0.3761467889908257
GO:0000492	2	0.01834862385321101	0.45871559633027525	0.3761467889908257
GO:0000821	2	0.014043559672809697	0.52365231102789	0.5031043658224106
GO:0000921	2	0.043478260869565216	1.0217391304347827	1.434782608695652
GO:0001072	2	0.02666666666666667	0.10666666666666667	0.17333333333333334
GO:0001123	2	0.027777777777777776	0.5277777777777777	0.5138888888888888
GO:0001680	2	0.05128205128205128	1.0256410256410255	0.7948717948717948
GO:0001775	2	0.019549876025176424	0.9020598893763112	1.1698455082967765
GO:0002135	2	0.023255813953488372	0.6395348837209301	0.8604651162790697
GO:0002927	2	0.07692307692307693	7.923076923076924	9.153846153846155
GO:0003006	2	0.024137478682933228	0.8702610520792339	0.8537321264593991
GO:0003841	2	0.05263157894736842	0.8421052631578947	0.9210526315789473
GO:0003855	2	0.08	0.48	0.56
GO:0003856	2	0.03389830508474576	1.0847457627118644	0.8135593220338984
GO:0003867	2	0.024096385542168676	0.3855421686746988	0.44578313253012053
GO:0003904	2	0.05555555555555555	1.6944444444444444	1.6944444444444444
GO:0003908	2	0.018867924528301886	0.20754716981132074	0.1509433962264151
GO:0003913	2	0.05555555555555555	1.6944444444444444	1.6944444444444444
GO:0003952	2	0.024390243902439025	0.20731707317073172	0.3048780487804878
GO:0003995	2	0.04193410355156183	2.0222507488232777	1.4535729567821996
GO:0003999	2	0.022679127725856698	0.2842367601246106	0.5416822429906543
GO:0004000	2	0.03424482494249936	0.44467160746230516	0.4226935854842832
GO:0004017	2	0.016	0.2	0.12
GO:0004020	2	0.13025210084033612	1.495798319327731	1.1554621848739495
GO:0004057	2	0.047619047619047616	0.7619047619047619	0.6666666666666666
GO:0004060	2	0.16666666666666666	0.6666666666666666	0.8333333333333333
GO:0004073	2	0.04081632653061224	0.5918367346938775	0.5714285714285714
GO:0004076	2	0.037037037037037035	0.9814814814814814	1.037037037037037
GO:0004077	2	0.02	0.42000000000000004	0.31
GO:0004089	2	0.09090909090909091	1.1818181818181819	1.0909090909090908
GO:0004109	2	0.03636363636363636	0.6909090909090909	0.6181818181818182
GO:0004121	2	0.04351851851851852	0.7546296296296295	0.6518518518518519
GO:0004126	2	0.021739130434782608	0.17391304347826086	0.2282608695652174
GO:0004130	2	0.0425531914893617	0.2553191489361702	0.2978723404255319
GO:0004158	2	0.024390243902439025	0.451219512195122	0.6219512195121952
GO:0004298	2	0.023809523809523808	0.17857142857142855	0.15476190476190477
GO:0004314	2	0.04878048780487805	0.951219512195122	0.902439024390244
GO:0004352	2	0.038461538461538464	0.28846153846153844	0.40384615384615385
GO:0004368	2	0.03389830508474576	0.6271186440677966	0.5932203389830508
GO:0004373	2	0.04014452027298274	2.788036932958651	2.1473303894018465
GO:0004451	2	0.08	2.48	1.3599999999999999
GO:0004460	2	0.01508295625942685	0.032176973353443945	0.0196078431372549
GO:0004471	2	0.046511627906976744	1.0465116279069768	1.4186046511627908
GO:0004473	2	0.046511627906976744	1.0465116279069768	1.4186046511627908
GO:0004475	2	0.05	0.1	0.225
GO:0004486	2	0.046511627906976744	0.7209302325581395	1.0
GO:0004512	2	0.047619047619047616	7.238095238095237	7.071428571428571
GO:0004516	2	0.03125	0.296875	0.1875
GO:0004557	2	0.08695652173913043	18.695652173913043	20.608695652173914
GO:0004563	2	0.0625	1.3125	1.09375
GO:0004564	2	0.06451612903225806	12.677419354838708	12.870967741935484
GO:0004582	2	0.03225806451612903	0.16129032258064516	0.20967741935483872
GO:0004588	2	0.029411764705882353	0.22058823529411764	0.3382352941176471
GO:0004602	2	0.06666666666666667	0.23333333333333334	0.43333333333333335
GO:0004617	2	0.03571428571428571	1.1785714285714284	0.8392857142857142
GO:0004634	2	0.014184397163120567	0.7943262411347518	0.7943262411347518
GO:0004713	2	0.028169014084507043	0.2676056338028169	0.2112676056338028
GO:0004733	2	0.030632630410654827	0.11764705882352941	0.1411764705882353
GO:0004738	2	0.07692307692307693	4.153846153846154	4.538461538461538
GO:0004775	2	0.07407407407407407	1.8148148148148147	1.7037037037037037
GO:0004783	2	0.055944055944055944	3.6806526806526803	3.2913752913752914
GO:0004793	2	0.03508771929824561	0.7368421052631579	0.5614035087719298
GO:0004824	2	0.0392156862745098	0.13725490196078433	0.45098039215686275
GO:0004833	2	0.024305555555555552	0.5138888888888888	0.3715277777777778
GO:0004834	2	0.031130268199233715	0.7504789272030651	0.7576628352490422
GO:0004838	2	0.029411764705882353	0.5441176470588235	0.4411764705882353
GO:0004845	2	0.021052631578947368	0.2631578947368421	0.30526315789473685
GO:0005267	2	0.03901515151515152	2.224242424242424	2.660984848484848
GO:0005469	2	0.03636363636363636	1.4727272727272727	1.290909090909091
GO:0005534	2	0.05714285714285714	0.6	0.45714285714285713
GO:0005539	2	0.11764705882352941	0.8823529411764706	1.2352941176470589
GO:0005783	2	0.02285714285714286	0.08571428571428572	0.10095238095238096
GO:0005789	2	0.02285714285714286	0.08571428571428572	0.10095238095238096
GO:0005987	2	0.06451612903225806	12.677419354838708	12.870967741935484
GO:0005993	2	0.04786324786324786	0.7282051282051282	0.9333333333333333
GO:0006001	2	0.040873015873015874	0.6218253968253968	0.7559523809523809
GO:0006064	2	0.04878048780487805	3.1219512195121952	3.804878048780488
GO:0006102	2	0.0425531914893617	7.829787234042554	7.8936170212765955
GO:0006106	2	0.06896551724137931	1.9655172413793103	1.4827586206896552
GO:0006107	2	0.08166666666666667	2.368333333333333	1.505
GO:0006115	2	0.047619047619047616	1.6666666666666665	1.3095238095238093
GO:0006124	2	0.05714285714285714	0.19999999999999998	0.3142857142857143
GO:0006148	2	0.023255813953488372	0.29069767441860467	0.23255813953488372
GO:0006149	2	0.023255813953488372	0.29069767441860467	0.23255813953488372
GO:0006161	2	0.023255813953488372	0.29069767441860467	0.23255813953488372
GO:0006172	2	0.016	0.2	0.12
GO:0006216	2	0.021739130434782608	0.17391304347826086	0.2282608695652174
GO:0006217	2	0.021739130434782608	0.17391304347826086	0.2282608695652174
GO:0006253	2	0.023809523809523808	0.16666666666666666	0.2261904761904762
GO:0006475	2	0.03508771929824561	0.894736842105263	1.263157894736842
GO:0006480	2	0.0425531914893617	0.6595744680851063	0.9361702127659575
GO:0006593	2	0.02666666666666667	0.29333333333333333	0.18666666666666668
GO:0006747	2	0.023255813953488372	0.6395348837209301	0.8604651162790697
GO:0006816	2	0.03110209601081812	1.352941176470588	1.553076402974983
GO:0006847	2	0.037037037037037035	0.18518518518518517	0.4444444444444444
GO:0006955	2	0.016437992974083646	0.6101942069331212	0.7652283422814343
GO:0007231	2	0.02287199480181936	0.40298895386614686	0.4926575698505523
GO:0007623	2	0.029314420803782507	0.4326241134751773	0.5035460992907801
GO:0008127	2	0.2	2.7	1.3000000000000003
GO:0008460	2	0.03076923076923077	0.46153846153846156	0.4153846153846154
GO:0008469	2	0.02702702702702703	1.1756756756756759	1.2702702702702704
GO:0008478	2	0.030303030303030304	0.25757575757575757	0.36363636363636365
GO:0008490	2	0.05405405405405406	0.5405405405405406	0.4864864864864865
GO:0008617	2	0.023255813953488372	0.29069767441860467	0.23255813953488372
GO:0008650	2	0.029411764705882353	0.3235294117647059	0.27941176470588236
GO:0008663	2	0.03125	0.59375	0.90625
GO:0008666	2	0.046474358974358976	0.29166666666666663	0.5625
GO:0008685	2	0.05714285714285714	0.2857142857142857	0.6
GO:0008706	2	0.18181818181818182	29.090909090909093	29.272727272727273
GO:0008720	2	0.018867924528301886	0.4245283018867924	0.3773584905660377
GO:0008732	2	0.03508771929824561	0.7368421052631579	0.5614035087719298
GO:0008738	2	0.058823529411764705	2.705882352941176	2.0
GO:0008750	2	0.03421052631578947	1.8780701754385962	1.7868421052631578
GO:0008756	2	0.05	1.2000000000000002	1.3
GO:0008758	2	0.03571428571428571	0.4464285714285714	0.6964285714285714
GO:0008759	2	0.03773584905660377	0.7924528301886792	0.8867924528301887
GO:0008762	2	0.028985507246376812	0.5652173913043478	0.5942028985507246
GO:0008768	2	0.06666666666666667	1.2666666666666666	1.5
GO:0008772	2	0.02247191011235955	0.0898876404494382	0.20224719101123595
GO:0008781	2	0.038461538461538464	0.17307692307692307	0.5576923076923077
GO:0008785	2	0.058823529411764705	2.3823529411764706	1.5882352941176472
GO:0008792	2	0.04081632653061224	1.530612244897959	1.4693877551020407
GO:0008807	2	0.10526315789473684	0.9473684210526315	0.42105263157894735
GO:0008812	2	0.04878048780487805	0.5609756097560976	0.8292682926829269
GO:0008829	2	0.023809523809523808	0.16666666666666666	0.2261904761904762
GO:0008830	2	0.03571428571428571	0.2678571428571428	0.3392857142857143
GO:0008836	2	0.05555555555555555	1.1666666666666667	1.4444444444444444
GO:0008851	2	0.08695652173913043	0.8695652173913043	0.3913043478260869
GO:0008864	2	0.024096385542168676	0.27710843373493976	0.3373493975903615
GO:0008867	2	0.06666666666666667	0.5333333333333333	0.26666666666666666
GO:0008879	2	0.045454545454545456	0.36363636363636365	0.20454545454545456
GO:0008887	2	0.05405405405405406	9.64864864864865	8.972972972972974
GO:0008890	2	0.031746031746031744	3.0317460317460316	2.619047619047619
GO:0008905	2	0.05	0.1	0.225
GO:0008906	2	0.03636363636363636	2.2545454545454544	1.709090909090909
GO:0008909	2	0.02531645569620253	0.8987341772151899	0.8227848101265822
GO:0008915	2	0.03333333333333333	0.5	0.75
GO:0008919	2	0.047619047619047616	0.30952380952380953	0.6428571428571428
GO:0008923	2	0.037037037037037035	0.4814814814814814	0.5
GO:0008927	2	0.04878048780487805	3.1219512195121952	3.804878048780488
GO:0008928	2	0.05	0.1	0.225
GO:0008929	2	0.06666666666666667	2.2666666666666666	1.5333333333333334
GO:0008951	2	0.03278688524590164	0.16393442622950818	0.09836065573770492
GO:0008994	2	0.05714285714285714	4.771428571428571	5.0
GO:0008998	2	0.028294573643410852	0.877906976744186	0.7693798449612403
GO:0008999	2	0.04878048780487805	0.3902439024390244	0.3170731707317074
GO:0009015	2	0.06060606060606061	1.2424242424242424	2.1212121212121215
GO:0009017	2	0.06060606060606061	1.0	0.5151515151515151
GO:0009027	2	0.04607843137254902	1.353921568627451	1.0147058823529411
GO:0009029	2	0.03278688524590164	0.639344262295082	0.6885245901639344
GO:0009039	2	0.2222222222222222	0.4444444444444444	0.2222222222222222
GO:0009093	2	0.03150553150553151	0.7335257335257335	0.5336700336700337
GO:0009136	2	0.016	0.2	0.12
GO:0009180	2	0.016	0.2	0.12
GO:0009214	2	0.04081632653061224	0.4693877551020408	0.5306122448979591
GO:0009246	2	0.037142857142857144	0.6409523809523809	0.559047619047619
GO:0009292	2	0.0510989010989011	0.378021978021978	0.5313186813186813
GO:0009294	2	0.0510989010989011	0.378021978021978	0.5313186813186813
GO:0009331	2	0.03389830508474576	0.6271186440677966	0.5932203389830508
GO:0009337	2	0.055944055944055944	3.6806526806526803	3.2913752913752914
GO:0009361	2	0.06060606060606061	1.2424242424242427	0.9393939393939393
GO:0009374	2	0.02	0.42000000000000004	0.31
GO:0009439	2	0.08695652173913043	0.5652173913043478	0.5652173913043479
GO:0009440	2	0.08695652173913043	0.5652173913043478	0.5652173913043479
GO:0009441	2	0.04449760765550239	0.4937799043062201	0.354066985645933
GO:0009512	2	0.17692307692307693	0.7076923076923077	0.7307692307692308
GO:0009522	2	0.06406406406406406	0.5905905905905906	0.5605605605605606
GO:0009642	2	0.031746031746031744	0.2222222222222222	0.1746031746031746
GO:0009644	2	0.031746031746031744	0.2222222222222222	0.1746031746031746
GO:0009765	2	0.031746031746031744	0.2222222222222222	0.1746031746031746
GO:0009800	2	0.03773584905660377	1.8301886792452828	1.849056603773585
GO:0009803	2	0.03773584905660377	1.8301886792452828	1.849056603773585
GO:0009968	2	0.031746031746031744	2.9841269841269837	2.984126984126984
GO:0009972	2	0.021739130434782608	0.17391304347826086	0.2282608695652174
GO:0010109	2	0.031746031746031744	0.2222222222222222	0.1746031746031746
GO:0010125	2	0.047619047619047616	7.238095238095237	7.071428571428571
GO:0010126	2	0.047619047619047616	7.238095238095237	7.071428571428571
GO:0010167	2	0.03076923076923077	0.5230769230769231	1.0615384615384615
GO:0010205	2	0.031746031746031744	0.2222222222222222	0.1746031746031746
GO:0010206	2	0.031746031746031744	0.2222222222222222	0.1746031746031746
GO:0010285	2	0.04081632653061224	3.7551020408163263	3.897959183673469
GO:0010304	2	0.031746031746031744	0.2222222222222222	0.1746031746031746
GO:0010332	2	0.03076923076923077	0.8615384615384616	1.1384615384615384
GO:0010413	2	0.06896551724137931	22.241379310344826	20.89655172413793
GO:0010562	2	0.019960474308300395	0.6122529644268775	0.5907114624505929
GO:0010648	2	0.031746031746031744	2.9841269841269837	2.984126984126984
GO:0010906	2	0.0251821349382325	0.13889768767817548	0.10152043078872348
GO:0015046	2	0.1	1.0	0.7000000000000001
GO:0015085	2	0.03110209601081812	1.352941176470588	1.553076402974983
GO:0015166	2	0.05128205128205128	0.4615384615384615	0.3076923076923077
GO:0015172	2	0.024502524502524506	1.5444015444015444	1.4204039204039205
GO:0015183	2	0.024502524502524506	1.5444015444015444	1.4204039204039205
GO:0015190	2	0.031242489786109107	0.3431867339581831	0.3470319634703196
GO:0015333	2	0.031746031746031744	0.7619047619047619	0.5079365079365079
GO:0015368	2	0.03110209601081812	1.352941176470588	1.553076402974983
GO:0015407	2	0.04878048780487805	0.29268292682926833	0.17073170731707318
GO:0015419	2	0.03508771929824561	0.42105263157894735	0.7543859649122806
GO:0015471	2	0.04	0.42000000000000004	0.56
GO:0015499	2	0.041666666666666664	0.0625	0.16666666666666666
GO:0015643	2	0.038856304985337244	1.6488269794721409	1.4288856304985336
GO:0015724	2	0.041666666666666664	0.0625	0.16666666666666666
GO:0015750	2	0.05498533724340176	0.5344574780058651	0.48900293255131966
GO:0015753	2	0.05498533724340176	0.5344574780058651	0.48900293255131966
GO:0015757	2	0.05714285714285714	0.6	0.45714285714285713
GO:0015772	2	0.030303030303030304	0.8333333333333334	0.9848484848484849
GO:0015791	2	0.05128205128205128	0.4615384615384615	0.3076923076923077
GO:0015824	2	0.02481203007518797	0.42556390977443603	0.5924812030075188
GO:0015927	2	0.04786324786324786	0.7282051282051282	0.9333333333333333
GO:0015929	2	0.0625	1.3125	1.09375
GO:0015950	2	0.016	0.2	0.12
GO:0015951	2	0.016	0.2	0.12
GO:0015968	2	0.02197802197802198	0.26373626373626374	0.2087912087912088
GO:0015975	2	0.04900900900900901	12.05801801801802	10.196036036036036
GO:0015977	2	0.08166666666666667	2.368333333333333	1.505
GO:0016101	2	0.04020296643247463	0.589383294301327	0.6295862607338016
GO:0016102	2	0.04020296643247463	0.589383294301327	0.6295862607338016
GO:0016138	2	0.047619047619047616	7.238095238095237	7.071428571428571
GO:0016211	2	0.03142589118198874	1.4390243902439024	1.5994371482176362
GO:0016246	2	0.018867924528301886	0.10377358490566038	0.02830188679245283
GO:0016273	2	0.02702702702702703	1.1756756756756759	1.2702702702702704
GO:0016274	2	0.02702702702702703	1.1756756756756759	1.2702702702702704
GO:0016290	2	0.06060606060606061	0.6666666666666666	0.5454545454545454
GO:0016411	2	0.05263157894736842	0.8421052631578947	0.9210526315789473
GO:0016419	2	0.04878048780487805	0.951219512195122	0.902439024390244
GO:0016420	2	0.04878048780487805	0.951219512195122	0.902439024390244
GO:0016437	2	0.05128205128205128	1.0256410256410255	0.7948717948717948
GO:0016441	2	0.018867924528301886	0.10377358490566038	0.02830188679245283
GO:0016458	2	0.018867924528301886	0.10377358490566038	0.02830188679245283
GO:0016598	2	0.047619047619047616	0.7619047619047619	0.6666666666666666
GO:0016618	2	0.07828282828282829	4.232323232323232	2.9393939393939394
GO:0016675	2	0.032818532818532815	0.5656370656370656	0.5598455598455597
GO:0016695	2	0.2222222222222222	0.7777777777777777	0.9999999999999999
GO:0016749	2	0.046474358974358976	0.29166666666666663	0.5625
GO:0016805	2	0.045454545454545456	2.0681818181818183	1.8863636363636365
GO:0016807	2	0.04020496649586125	1.3689396925502562	1.5506503744580211
GO:0016898	2	0.01508295625942685	0.032176973353443945	0.0196078431372549
GO:0016984	2	0.25	4.25	7.166666666666667
GO:0016998	2	0.023529411764705882	0.27058823529411763	0.411764705882353
GO:0017013	2	0.047619047619047616	0.23809523809523808	0.16666666666666666
GO:0017053	2	0.02	0.42000000000000004	0.31
GO:0017117	2	0.023529411764705882	0.6000000000000001	0.47058823529411764
GO:0017168	2	0.07142857142857142	17.39285714285714	18.25
GO:0017189	2	0.04878048780487805	0.3902439024390244	0.3170731707317074
GO:0018011	2	0.0425531914893617	0.6595744680851063	0.9361702127659575
GO:0018012	2	0.0425531914893617	0.6595744680851063	0.9361702127659575
GO:0018070	2	0.04304029304029304	0.5357142857142857	0.6034798534798536
GO:0018108	2	0.028169014084507043	0.2676056338028169	0.2112676056338028
GO:0018125	2	0.018867924528301886	0.20754716981132074	0.1509433962264151
GO:0018192	2	0.0392156862745098	0.7254901960784315	0.9607843137254901
GO:0018215	2	0.04304029304029304	0.5357142857142857	0.6034798534798536
GO:0018216	2	0.02702702702702703	1.1756756756756759	1.2702702702702704
GO:0018271	2	0.02	0.42000000000000004	0.31
GO:0018283	2	0.03689024390243903	0.6734756097560977	0.6984756097560976
GO:0018293	2	0.047619047619047616	0.23809523809523808	0.16666666666666666
GO:0018298	2	0.05555555555555555	1.6944444444444444	1.6944444444444444
GO:0018335	2	0.016129032258064516	1.1693548387096775	1.4516129032258065
GO:0018393	2	0.03508771929824561	0.894736842105263	1.263157894736842
GO:0018545	2	0.03636363636363636	0.5454545454545454	0.4909090909090909
GO:0018576	2	0.058823529411764705	0.3529411764705882	0.4411764705882353
GO:0019012	2	0.05064102564102564	0.07628205128205129	0.1794871794871795
GO:0019015	2	0.05064102564102564	0.07628205128205129	0.1794871794871795
GO:0019038	2	0.05064102564102564	0.07628205128205129	0.1794871794871795
GO:0019114	2	0.058823529411764705	0.3529411764705882	0.4411764705882353
GO:0019143	2	0.038461538461538464	0.17307692307692307	0.5576923076923077
GO:0019178	2	0.02531645569620253	2.9873417721518987	3.0632911392405062
GO:0019242	2	0.06666666666666667	2.2666666666666666	1.5333333333333334
GO:0019284	2	0.025478740668614087	0.4972411554690036	0.3320350535540409
GO:0019324	2	0.057539682539682536	1.3293650793650793	1.5337301587301586
GO:0019545	2	0.02666666666666667	0.29333333333333333	0.18666666666666668
GO:0019580	2	0.06666666666666667	0.5333333333333333	0.26666666666666666
GO:0019585	2	0.04878048780487805	3.1219512195121952	3.804878048780488
GO:0019586	2	0.049910873440285206	1.0998217468805704	1.2121212121212122
GO:0019614	2	0.058823529411764705	0.3529411764705882	0.4411764705882353
GO:0019660	2	0.018867924528301886	0.4245283018867924	0.3773584905660377
GO:0019664	2	0.018867924528301886	0.4245283018867924	0.3773584905660377
GO:0019666	2	0.018867924528301886	0.4245283018867924	0.3773584905660377
GO:0019684	2	0.031746031746031744	0.2222222222222222	0.1746031746031746
GO:0019686	2	0.03333333333333333	0.33333333333333337	0.4
GO:0019698	2	0.049910873440285206	1.0998217468805704	1.2121212121212122
GO:0019747	2	0.05555555555555555	1.1666666666666665	1.3055555555555554
GO:0019825	2	0.02216690374585111	0.18907064959696537	0.20708866761498337
GO:0019859	2	0.037037037037037035	0.3518518518518518	0.5555555555555556
GO:0019919	2	0.02702702702702703	1.1756756756756759	1.2702702702702704
GO:0020012	2	0.02649122807017544	0.3310526315789474	0.3843859649122807
GO:0022623	2	0.0425531914893617	4.25531914893617	3.9574468085106385
GO:0022624	2	0.0425531914893617	4.25531914893617	3.9574468085106385
GO:0023057	2	0.031746031746031744	2.9841269841269837	2.984126984126984
GO:0030094	2	0.06406406406406406	0.5905905905905906	0.5605605605605606
GO:0030243	2	0.05714285714285714	0.7999999999999999	0.4
GO:0030244	2	0.05714285714285714	0.7999999999999999	0.4
GO:0030267	2	0.07828282828282829	4.232323232323232	2.9393939393939394
GO:0030423	2	0.018867924528301886	0.10377358490566038	0.02830188679245283
GO:0030435	2	0.04081632653061224	4.775510204081632	4.816326530612244
GO:0030436	2	0.04081632653061224	4.775510204081632	4.816326530612244
GO:0030611	2	0.09523809523809523	0.5238095238095237	0.5238095238095237
GO:0030653	2	0.0425531914893617	5.468085106382979	6.340425531914893
GO:0030682	2	0.02649122807017544	0.3310526315789474	0.3843859649122807
GO:0030688	2	0.044444444444444446	1.4444444444444446	0.7777777777777778
GO:0030695	2	0.1423611111111111	4.118055555555555	3.5625
GO:0031047	2	0.018867924528301886	0.10377358490566038	0.02830188679245283
GO:0031090	2	0.019017150981960367	1.4273527059450815	1.3463076512929886
GO:0031106	2	0.043478260869565216	1.0217391304347827	1.434782608695652
GO:0031160	2	0.04081632653061224	4.775510204081632	4.816326530612244
GO:0031162	2	0.041666666666666664	0.8333333333333334	0.9374999999999999
GO:0031232	2	0.06818181818181818	2.3636363636363638	2.2954545454545454
GO:0031236	2	0.06818181818181818	2.3636363636363638	2.2954545454545454
GO:0031250	2	0.028294573643410852	0.877906976744186	0.7693798449612403
GO:0031402	2	0.03649425287356322	2.208333333333333	1.9942528735632183
GO:0031515	2	0.15384615384615385	5.923076923076923	8.153846153846155
GO:0031648	2	0.05555555555555555	1.75	1.1666666666666665
GO:0031984	2	0.02285714285714286	0.08571428571428572	0.10095238095238096
GO:0031998	2	0.02197802197802198	0.09890109890109891	0.02197802197802198
GO:0031999	2	0.02197802197802198	0.09890109890109891	0.02197802197802198
GO:0032055	2	0.024390243902439025	0.03658536585365854	0.07317073170731708
GO:0032136	2	0.024390243902439025	1.170731707317073	1.0731707317073171
GO:0032185	2	0.043478260869565216	1.0217391304347827	1.434782608695652
GO:0032194	2	0.0494047619047619	0.9023809523809523	0.7077380952380952
GO:0032298	2	0.041666666666666664	0.35416666666666663	0.2708333333333333
GO:0032451	2	0.03225806451612903	0.1774193548387097	0.2096774193548387
GO:0032459	2	0.03508771929824561	0.894736842105263	1.263157894736842
GO:0032462	2	0.03508771929824561	0.894736842105263	1.263157894736842
GO:0032467	2	0.028985507246376812	0.08695652173913043	0.21739130434782608
GO:0032501	2	0.024137478682933228	0.8702610520792339	0.8537321264593991
GO:0032776	2	0.05798319327731093	3.133613445378151	2.6957983193277313
GO:0032781	2	0.03333333333333333	0.15	0.31666666666666665
GO:0032784	2	0.031746031746031744	0.2222222222222222	0.30158730158730157
GO:0033044	2	0.0642512077294686	3.8690821256038648	3.143478260869565
GO:0033120	2	0.021505376344086023	0.21505376344086022	0.11827956989247312
GO:0033195	2	0.0273972602739726	0.2602739726027397	0.3013698630136986
GO:0033241	2	0.014043559672809697	0.52365231102789	0.5031043658224106
GO:0033319	2	0.0273972602739726	0.9315068493150684	0.7671232876712328
GO:0033320	2	0.0273972602739726	0.9315068493150684	0.7671232876712328
GO:0033362	2	0.04081632653061224	3.7551020408163263	3.897959183673469
GO:0033585	2	0.029411764705882353	0.5441176470588235	0.4411764705882353
GO:0033680	2	0.045454545454545456	1.4772727272727273	1.0454545454545454
GO:0033739	2	0.03773584905660377	0.7547169811320755	0.6981132075471698
GO:0033745	2	0.11764705882352941	0.8235294117647058	1.2941176470588234
GO:0033818	2	0.07564102564102565	1.0410256410256409	1.1948717948717948
GO:0033862	2	0.02753623188405797	0.47028985507246374	0.4007246376811594
GO:0033939	2	0.06896551724137931	22.241379310344826	20.89655172413793
GO:0034023	2	0.03125	0.28125	0.40625
GO:0034024	2	0.07407407407407407	0.8518518518518519	0.9259259259259259
GO:0034057	2	0.03157644824311491	0.2922602089268756	0.4831433998100665
GO:0034301	2	0.04081632653061224	4.775510204081632	4.816326530612244
GO:0034309	2	0.047619047619047616	1.6666666666666665	1.3095238095238093
GO:0034310	2	0.04449760765550239	0.4937799043062201	0.354066985645933
GO:0034336	2	0.021505376344086023	0.21505376344086022	0.11827956989247312
GO:0034512	2	0.01834862385321101	0.45871559633027525	0.3761467889908257
GO:0034552	2	0.047619047619047616	0.23809523809523808	0.16666666666666666
GO:0034635	2	0.022857889237199582	1.1072361546499478	1.2780825496342738
GO:0034775	2	0.022857889237199582	1.1072361546499478	1.2780825496342738
GO:0034969	2	0.02702702702702703	1.1756756756756759	1.2702702702702704
GO:0034983	2	0.04	0.4	0.56
GO:0035194	2	0.018867924528301886	0.10377358490566038	0.02830188679245283
GO:0035242	2	0.02702702702702703	1.1756756756756759	1.2702702702702704
GO:0035246	2	0.02702702702702703	1.1756756756756759	1.2702702702702704
GO:0035247	2	0.02702702702702703	1.1756756756756759	1.2702702702702704
GO:0035440	2	0.04020296643247463	0.589383294301327	0.6295862607338016
GO:0035511	2	0.03225806451612903	0.1774193548387097	0.2096774193548387
GO:0035513	2	0.03225806451612903	0.1774193548387097	0.2096774193548387
GO:0035515	2	0.03225806451612903	0.1774193548387097	0.2096774193548387
GO:0035529	2	0.05555555555555555	0.611111111111111	0.3055555555555555
GO:0035552	2	0.03225806451612903	0.1774193548387097	0.2096774193548387
GO:0035553	2	0.03225806451612903	0.1774193548387097	0.2096774193548387
GO:0035597	2	0.04	1.6400000000000001	1.06
GO:0036048	2	0.04	0.4	0.56
GO:0036049	2	0.04	0.4	0.56
GO:0036055	2	0.04	0.4	0.56
GO:0036103	2	0.03278688524590164	0.16393442622950818	0.09836065573770492
GO:0036104	2	0.03278688524590164	0.16393442622950818	0.09836065573770492
GO:0036308	2	0.041666666666666664	0.7708333333333333	0.5625
GO:0036397	2	0.03901515151515152	0.7852272727272727	0.790530303030303
GO:0036460	2	0.05405405405405406	0.5135135135135136	0.2702702702702703
GO:0038083	2	0.028169014084507043	0.2676056338028169	0.2112676056338028
GO:0040029	2	0.018867924528301886	0.10377358490566038	0.02830188679245283
GO:0040033	2	0.018867924528301886	0.10377358490566038	0.02830188679245283
GO:0042120	2	0.03333333333333333	1.25	1.0666666666666667
GO:0042121	2	0.03333333333333333	1.25	1.0666666666666667
GO:0042171	2	0.05263157894736842	0.8421052631578947	0.9210526315789473
GO:0042175	2	0.02285714285714286	0.08571428571428572	0.10095238095238096
GO:0042176	2	0.03333333333333333	0.15	0.31666666666666665
GO:0042286	2	0.05	1.1	0.8250000000000001
GO:0042371	2	0.0494047619047619	0.9023809523809523	0.7077380952380952
GO:0042373	2	0.0494047619047619	0.9023809523809523	0.7077380952380952
GO:0042400	2	0.05827702702702703	0.4518581081081081	0.5599662162162162
GO:0042426	2	0.053418803418803416	3.3376068376068377	3.891025641025641
GO:0042453	2	0.023255813953488372	0.29069767441860467	0.23255813953488372
GO:0042548	2	0.031746031746031744	0.2222222222222222	0.1746031746031746
GO:0042709	2	0.06060606060606061	1.2424242424242427	0.9393939393939393
GO:0042817	2	0.030303030303030304	0.25757575757575757	0.36363636363636365
GO:0042834	2	0.11764705882352941	0.8823529411764706	1.2352941176470589
GO:0042839	2	0.04878048780487805	3.1219512195121952	3.804878048780488
GO:0042840	2	0.04878048780487805	3.1219512195121952	3.804878048780488
GO:0042918	2	0.05128205128205128	0.5641025641025641	0.2564102564102564
GO:0042937	2	0.031746031746031744	0.7619047619047619	0.5079365079365079
GO:0042953	2	0.05128205128205128	0.5384615384615384	0.641025641025641
GO:0042954	2	0.05128205128205128	0.5384615384615384	0.641025641025641
GO:0042959	2	0.05128205128205128	0.5641025641025641	0.2564102564102564
GO:0042960	2	0.05405405405405406	0.5405405405405406	0.4864864864864865
GO:0043087	2	0.040958737864077666	0.7663834951456311	0.7275485436893203
GO:0043096	2	0.024322344322344324	0.45831501831501836	0.6096703296703297
GO:0043100	2	0.037037037037037035	0.3518518518518518	0.5555555555555556
GO:0043115	2	0.05263157894736842	1.9210526315789471	1.8421052631578947
GO:0043155	2	0.031746031746031744	0.2222222222222222	0.1746031746031746
GO:0043186	2	0.05263157894736842	1.6842105263157894	1.631578947368421
GO:0043211	2	0.04878048780487805	0.29268292682926833	0.17073170731707318
GO:0043364	2	0.0521680216802168	1.405149051490515	1.6483739837398375
GO:0043484	2	0.021505376344086023	0.21505376344086022	0.11827956989247312
GO:0043547	2	0.040958737864077666	0.7663834951456311	0.7275485436893203
GO:0043645	2	0.0425531914893617	5.468085106382979	6.340425531914893
GO:0043734	2	0.03225806451612903	0.1774193548387097	0.2096774193548387
GO:0043765	2	0.04151404151404151	0.5409035409035409	0.45787545787545786
GO:0043798	2	0.11764705882352941	4.529411764705882	5.1764705882352935
GO:0043825	2	0.02666666666666667	0.29333333333333333	0.18666666666666668
GO:0043847	2	0.041666666666666664	0.35416666666666663	0.2708333333333333
GO:0043907	2	0.045454545454545456	0.4772727272727273	0.31818181818181823
GO:0043918	2	0.05625	4.94375	4.612500000000001
GO:0043919	2	0.05625	4.94375	4.612500000000001
GO:0043934	2	0.04081632653061224	4.775510204081632	4.816326530612244
GO:0043936	2	0.04081632653061224	4.775510204081632	4.816326530612244
GO:0043957	2	0.2222222222222222	1.9999999999999998	4.0
GO:0044423	2	0.05064102564102564	0.07628205128205129	0.1794871794871795
GO:0044432	2	0.02285714285714286	0.08571428571428572	0.10095238095238096
GO:0044443	2	0.12142857142857143	5.078571428571429	5.078571428571429
GO:0044451	2	0.029906956136464335	0.8252104563579974	0.6708019494904742
GO:0044569	2	0.05397727272727273	1.4119318181818183	1.9517045454545454
GO:0045312	2	0.04	0.46	0.6799999999999999
GO:0045321	2	0.019549876025176424	0.9020598893763112	1.1698455082967765
GO:0045493	2	0.06896551724137931	22.241379310344826	20.89655172413793
GO:0045495	2	0.05263157894736842	1.6842105263157894	1.631578947368421
GO:0045548	2	0.03773584905660377	1.8301886792452828	1.849056603773585
GO:0045723	2	0.017543859649122806	0.2982456140350877	0.3684210526315789
GO:0045732	2	0.03333333333333333	0.15	0.31666666666666665
GO:0045740	2	0.041666666666666664	0.35416666666666663	0.2708333333333333
GO:0045787	2	0.028985507246376812	0.08695652173913043	0.21739130434782608
GO:0045828	2	0.05555555555555555	1.1666666666666665	1.3055555555555554
GO:0045912	2	0.034417344173441736	0.305420054200542	0.21436314363143633
GO:0045923	2	0.017543859649122806	0.2982456140350877	0.3684210526315789
GO:0045937	2	0.019960474308300395	0.6122529644268775	0.5907114624505929
GO:0045948	2	0.016260162601626018	0.12195121951219513	0.11382113821138212
GO:0045974	2	0.018867924528301886	0.10377358490566038	0.02830188679245283
GO:0045975	2	0.018867924528301886	0.10377358490566038	0.02830188679245283
GO:0046065	2	0.023809523809523808	0.16666666666666666	0.2261904761904762
GO:0046086	2	0.022222222222222223	0.4888888888888889	0.5222222222222223
GO:0046087	2	0.021739130434782608	0.17391304347826086	0.2282608695652174
GO:0046092	2	0.021739130434782608	0.17391304347826086	0.2282608695652174
GO:0046094	2	0.023255813953488372	0.29069767441860467	0.23255813953488372
GO:0046115	2	0.023255813953488372	0.29069767441860467	0.23255813953488372
GO:0046122	2	0.023255813953488372	0.29069767441860467	0.23255813953488372
GO:0046124	2	0.023255813953488372	0.29069767441860467	0.23255813953488372
GO:0046127	2	0.021739130434782608	0.17391304347826086	0.2282608695652174
GO:0046168	2	0.03389830508474576	0.6271186440677966	0.5932203389830508
GO:0046204	2	0.04	0.46	0.6799999999999999
GO:0046296	2	0.04449760765550239	0.4937799043062201	0.354066985645933
GO:0046316	2	0.09845559845559845	0.7277992277992279	0.7915057915057915
GO:0046320	2	0.02197802197802198	0.09890109890109891	0.02197802197802198
GO:0046322	2	0.02197802197802198	0.09890109890109891	0.02197802197802198
GO:0046378	2	0.037142857142857144	0.6409523809523809	0.559047619047619
GO:0046392	2	0.06666666666666667	0.5333333333333333	0.26666666666666666
GO:0046396	2	0.049910873440285206	1.0998217468805704	1.2121212121212122
GO:0046397	2	0.049910873440285206	1.0998217468805704	1.2121212121212122
GO:0046421	2	0.041666666666666664	0.6875	1.0208333333333333
GO:0046443	2	0.023255813953488372	0.6395348837209301	0.8604651162790697
GO:0046444	2	0.023255813953488372	0.6395348837209301	0.8604651162790697
GO:0046537	2	0.015037593984962405	0.45864661654135336	0.38345864661654133
GO:0046553	2	0.04607843137254902	1.353921568627451	1.0147058823529411
GO:0046555	2	0.0425531914893617	5.468085106382979	6.340425531914893
GO:0046655	2	0.03076923076923077	0.47692307692307695	0.5076923076923077
GO:0046656	2	0.03076923076923077	0.47692307692307695	0.5076923076923077
GO:0046790	2	0.028985507246376812	0.6086956521739131	0.7536231884057971
GO:0046889	2	0.017543859649122806	0.2982456140350877	0.3684210526315789
GO:0046930	2	0.04	0.42000000000000004	0.56
GO:0046990	2	0.16666666666666666	0.6666666666666666	0.8333333333333333
GO:0046995	2	0.2222222222222222	0.7777777777777777	0.9999999999999999
GO:0047475	2	0.04	0.14	0.1
GO:0047545	2	0.03571428571428571	1.1785714285714284	0.8392857142857142
GO:0047547	2	0.044444444444444446	0.4444444444444444	0.5333333333333333
GO:0047580	2	0.25	2.625	2.75
GO:0047584	2	0.05555555555555555	0.027777777777777776	0.0
GO:0047724	2	0.023255813953488372	0.29069767441860467	0.23255813953488372
GO:0047739	2	0.0425531914893617	5.468085106382979	6.340425531914893
GO:0047844	2	0.021739130434782608	0.17391304347826086	0.2282608695652174
GO:0047975	2	0.023255813953488372	0.29069767441860467	0.23255813953488372
GO:0048033	2	0.041666666666666664	0.7916666666666666	0.6041666666666666
GO:0048034	2	0.041666666666666664	0.7916666666666666	0.6041666666666666
GO:0048040	2	0.0273972602739726	0.9315068493150684	0.7671232876712328
GO:0048468	2	0.026446280991735537	1.221487603305785	1.1504132231404958
GO:0048500	2	0.03278688524590164	0.9344262295081968	1.0819672131147542
GO:0048511	2	0.029314420803782507	0.4326241134751773	0.5035460992907801
GO:0048588	2	0.026446280991735537	1.221487603305785	1.1504132231404958
GO:0048589	2	0.026446280991735537	1.221487603305785	1.1504132231404958
GO:0048646	2	0.04081632653061224	4.775510204081632	4.816326530612244
GO:0050076	2	0.11764705882352941	0.7647058823529411	0.8235294117647058
GO:0050179	2	0.03508771929824561	0.7368421052631579	0.5614035087719298
GO:0050368	2	0.03773584905660377	1.8301886792452828	1.849056603773585
GO:0050440	2	0.058823529411764705	1.3823529411764706	2.176470588235294
GO:0050483	2	0.07407407407407407	0.5555555555555556	0.962962962962963
GO:0050484	2	0.07407407407407407	0.5555555555555556	0.962962962962963
GO:0050511	2	0.05128205128205128	0.7948717948717948	1.205128205128205
GO:0050526	2	0.14285714285714285	3.3571428571428568	2.5
GO:0050918	2	0.25	32.0	30.5
GO:0050994	2	0.02197802197802198	0.09890109890109891	0.02197802197802198
GO:0050995	2	0.02197802197802198	0.09890109890109891	0.02197802197802198
GO:0051304	2	0.07407407407407407	1.3333333333333333	2.4074074074074074
GO:0051338	2	0.019565217391304346	2.721739130434783	2.6978260869565216
GO:0051354	2	0.02197802197802198	0.09890109890109891	0.02197802197802198
GO:0051607	2	0.04	0.4	0.56
GO:0051731	2	0.07142857142857142	5.892857142857142	6.107142857142856
GO:0051805	2	0.02649122807017544	0.3310526315789474	0.3843859649122807
GO:0051807	2	0.02649122807017544	0.3310526315789474	0.3843859649122807
GO:0051911	2	0.2222222222222222	0.7777777777777777	0.9999999999999999
GO:0052031	2	0.03225806451612903	0.16129032258064516	0.20967741935483872
GO:0052060	2	0.02649122807017544	0.3310526315789474	0.3843859649122807
GO:0052255	2	0.03225806451612903	0.16129032258064516	0.20967741935483872
GO:0052376	2	0.02649122807017544	0.3310526315789474	0.3843859649122807
GO:0052551	2	0.02649122807017544	0.3310526315789474	0.3843859649122807
GO:0052552	2	0.03225806451612903	0.16129032258064516	0.20967741935483872
GO:0052553	2	0.03225806451612903	0.16129032258064516	0.20967741935483872
GO:0052565	2	0.02649122807017544	0.3310526315789474	0.3843859649122807
GO:0052590	2	0.03389830508474576	0.6271186440677966	0.5932203389830508
GO:0052618	2	0.3333333333333333	17.166666666666668	18.166666666666664
GO:0052858	2	0.03508771929824561	0.894736842105263	1.263157894736842
GO:0052914	2	0.03571428571428571	0.6607142857142857	0.9464285714285714
GO:0052922	2	0.10526315789473684	1.1578947368421053	1.0
GO:0055029	2	0.02788769549651404	0.17392123610325985	0.09515733936310533
GO:0060293	2	0.05263157894736842	1.6842105263157894	1.631578947368421
GO:0060698	2	0.020014757424829367	0.27614831211953517	0.3296439771259915
GO:0061522	2	0.07407407407407407	0.37037037037037035	0.25925925925925924
GO:0061694	2	0.08347826086956522	0.4504347826086956	0.7339130434782609
GO:0061732	2	0.016129032258064516	1.1693548387096775	1.4516129032258065
GO:0061733	2	0.03508771929824561	0.894736842105263	1.263157894736842
GO:0070003	2	0.023809523809523808	0.17857142857142855	0.15476190476190477
GO:0070004	2	0.04020496649586125	1.3689396925502562	1.5506503744580211
GO:0070204	2	0.047619047619047616	1.2857142857142856	1.1666666666666665
GO:0070262	2	0.02247191011235955	0.0898876404494382	0.20224719101123595
GO:0070298	2	0.031746031746031744	2.9841269841269837	2.984126984126984
GO:0070547	2	0.029411764705882353	0.5441176470588235	0.4411764705882353
GO:0070573	2	0.045454545454545456	2.0681818181818183	1.8863636363636365
GO:0070579	2	0.03225806451612903	0.1774193548387097	0.2096774193548387
GO:0070588	2	0.03110209601081812	1.352941176470588	1.553076402974983
GO:0070813	2	0.06060606060606061	0.6666666666666666	0.787878787878788
GO:0070814	2	0.06060606060606061	0.6666666666666666	0.787878787878788
GO:0070873	2	0.0251821349382325	0.13889768767817548	0.10152043078872348
GO:0070905	2	0.03571428571428571	1.1785714285714284	0.8392857142857142
GO:0070930	2	0.06666666666666667	0.5	0.5333333333333333
GO:0070989	2	0.03225806451612903	0.1774193548387097	0.2096774193548387
GO:0071071	2	0.017543859649122806	0.2982456140350877	0.3684210526315789
GO:0071072	2	0.017543859649122806	0.2982456140350877	0.3684210526315789
GO:0071249	2	0.03076923076923077	0.5230769230769231	1.0615384615384615
GO:0071250	2	0.03076923076923077	0.5230769230769231	1.0615384615384615
GO:0071280	2	0.025974025974025976	0.974025974025974	0.5844155844155845
GO:0071292	2	0.025974025974025976	0.974025974025974	0.5844155844155845
GO:0071472	2	0.02287199480181936	0.40298895386614686	0.4926575698505523
GO:0071475	2	0.02287199480181936	0.40298895386614686	0.4926575698505523
GO:0071500	2	0.0325	1.0925	1.1425
GO:0071502	2	0.0392156862745098	2.372549019607843	1.9411764705882353
GO:0071617	2	0.05263157894736842	0.8421052631578947	0.9210526315789473
GO:0071766	2	0.05115089514066496	1.2097186700767262	1.0626598465473145
GO:0071770	2	0.05115089514066496	1.2097186700767262	1.0626598465473145
GO:0071976	2	0.0707196029776675	1.1687344913151365	1.1885856079404467
GO:0072322	2	0.05128205128205128	0.5384615384615384	0.641025641025641
GO:0072323	2	0.05128205128205128	0.5384615384615384	0.641025641025641
GO:0072338	2	0.0425531914893617	5.468085106382979	6.340425531914893
GO:0072387	2	0.023255813953488372	0.6395348837209301	0.8604651162790697
GO:0072388	2	0.023255813953488372	0.6395348837209301	0.8604651162790697
GO:0075139	2	0.027777777777777776	1.8333333333333333	1.8472222222222223
GO:0080033	2	0.03076923076923077	0.5230769230769231	1.0615384615384615
GO:0089715	2	0.0425531914893617	0.7021276595744681	0.7021276595744681
GO:0090068	2	0.028985507246376812	0.08695652173913043	0.21739130434782608
GO:0090357	2	0.03225806451612903	0.3387096774193548	0.6290322580645161
GO:0090540	2	0.05714285714285714	0.7999999999999999	0.4
GO:0090582	2	0.07692307692307693	0.46153846153846156	0.11538461538461539
GO:0090609	2	0.03165503489531406	1.036889332003988	0.9284646061814557
GO:0098542	2	0.04	0.4	0.56
GO:0098588	2	0.019017150981960367	1.4273527059450815	1.3463076512929886
GO:0098630	2	0.17142857142857143	4.6000000000000005	2.7
GO:0098743	2	0.17142857142857143	4.6000000000000005	2.7
GO:0098805	2	0.019017150981960367	1.4273527059450815	1.3463076512929886
GO:0098822	2	0.0392156862745098	0.7254901960784315	0.9607843137254901
GO:0098827	2	0.02285714285714286	0.08571428571428572	0.10095238095238096
GO:0099618	2	0.0273972602739726	0.9315068493150684	0.7671232876712328
GO:0099619	2	0.0273972602739726	0.9315068493150684	0.7671232876712328
GO:0106077	2	0.016129032258064516	1.1693548387096775	1.4516129032258065
GO:0120100	2	0.06545454545454546	0.8381818181818183	0.7727272727272727
GO:0120101	2	0.06545454545454546	0.8381818181818183	0.7727272727272727
GO:0140030	2	0.03389830508474576	0.288135593220339	0.38983050847457623
GO:0140032	2	0.03389830508474576	0.288135593220339	0.38983050847457623
GO:1900079	2	0.014043559672809697	0.52365231102789	0.5031043658224106
GO:1900081	2	0.014043559672809697	0.52365231102789	0.5031043658224106
GO:1900231	2	0.03123486682808717	0.932687651331719	0.6944309927360774
GO:1901069	2	0.023255813953488372	0.29069767441860467	0.23255813953488372
GO:1901193	2	0.016260162601626018	0.12195121951219513	0.11382113821138212
GO:1901195	2	0.016260162601626018	0.12195121951219513	0.11382113821138212
GO:1901266	2	0.0425531914893617	5.468085106382979	6.340425531914893
GO:1901618	2	0.05128205128205128	0.4615384615384615	0.3076923076923077
GO:1901873	2	0.02727272727272727	0.6454545454545455	0.7
GO:1901875	2	0.02727272727272727	0.6454545454545455	0.7
GO:1902170	2	0.03076923076923077	0.5230769230769231	1.0615384615384615
GO:1902444	2	0.03350383631713555	0.7915601023017903	0.7933503836317135
GO:1902532	2	0.031746031746031744	2.9841269841269837	2.984126984126984
GO:1903136	2	0.06060606060606061	0.6666666666666666	0.787878787878788
GO:1903227	2	0.023255813953488372	0.29069767441860467	0.23255813953488372
GO:1903228	2	0.023255813953488372	0.29069767441860467	0.23255813953488372
GO:1903725	2	0.017543859649122806	0.2982456140350877	0.3684210526315789
GO:1903726	2	0.017543859649122806	0.2982456140350877	0.3684210526315789
GO:1904047	2	0.062111801242236024	1.9440993788819876	2.093167701863354
GO:1904688	2	0.016260162601626018	0.12195121951219513	0.11382113821138212
GO:1904690	2	0.016260162601626018	0.12195121951219513	0.11382113821138212
GO:1904732	2	0.02197802197802198	0.09890109890109891	0.02197802197802198
GO:1904733	2	0.02197802197802198	0.09890109890109891	0.02197802197802198
GO:1904735	2	0.02197802197802198	0.09890109890109891	0.02197802197802198
GO:1904736	2	0.02197802197802198	0.09890109890109891	0.02197802197802198
GO:1905156	2	0.031746031746031744	0.2222222222222222	0.1746031746031746
GO:1990170	2	0.09523809523809523	0.7619047619047619	1.0476190476190474
GO:1990195	2	0.02797339593114241	0.7089201877934272	0.7785602503912363
GO:1990196	2	0.02797339593114241	0.7089201877934272	0.7785602503912363
GO:1990507	2	0.1	0.6	0.75
GO:1990856	2	0.016260162601626018	0.12195121951219513	0.11382113821138212
GO:2000105	2	0.041666666666666664	0.35416666666666663	0.2708333333333333
GO:2000282	2	0.014043559672809697	0.52365231102789	0.5031043658224106
GO:2000767	2	0.016260162601626018	0.12195121951219513	0.11382113821138212
GO:2000886	2	0.06896551724137931	22.241379310344826	20.89655172413793
GO:2001065	2	0.12698412698412698	0.05555555555555555	0.0
GO:2001251	2	0.0642512077294686	3.8690821256038648	3.143478260869565
GO:2001313	2	0.0273972602739726	0.9315068493150684	0.7671232876712328
GO:2001315	2	0.0273972602739726	0.9315068493150684	0.7671232876712328
GO:0000009	1	0.02631578947368421	1.0526315789473684	1.1842105263157894
GO:0000064	1	0.014925373134328358	0.6268656716417911	0.8805970149253731
GO:0000100	1	0.019230769230769232	0.019230769230769232	0.17307692307692307
GO:0000102	1	0.011111111111111112	0.37777777777777777	0.45555555555555555
GO:0000120	1	0.01	1.17	1.37
GO:0000151	1	0.009523809523809525	0.01904761904761905	0.04761904761904762
GO:0000153	1	0.009523809523809525	0.01904761904761905	0.04761904761904762
GO:0000182	1	0.01	1.17	1.37
GO:0000228	1	0.011494252873563218	0.09195402298850575	0.04597701149425287
GO:0000286	1	0.024390243902439025	0.34146341463414637	0.9024390243902439
GO:0000293	1	0.02702702702702703	0.2702702702702703	0.2702702702702703
GO:0000334	1	0.0136986301369863	0.0273972602739726	0.0684931506849315
GO:0000403	1	0.02127659574468085	0.9787234042553191	1.0851063829787233
GO:0000500	1	0.01	1.17	1.37
GO:0000726	1	0.01694915254237288	0.01694915254237288	0.03389830508474576
GO:0000835	1	0.009523809523809525	0.01904761904761905	0.04761904761904762
GO:0000836	1	0.009523809523809525	0.01904761904761905	0.04761904761904762
GO:0000839	1	0.009523809523809525	0.01904761904761905	0.04761904761904762
GO:0000902	1	0.008264462809917356	0.3305785123966942	0.3140495867768595
GO:0000904	1	0.008264462809917356	0.3305785123966942	0.3140495867768595
GO:0000907	1	0.043478260869565216	0.3913043478260869	0.30434782608695654
GO:0000908	1	0.043478260869565216	0.3913043478260869	0.30434782608695654
GO:0000932	1	0.013888888888888888	0.2222222222222222	0.16666666666666666
GO:0001124	1	0.010309278350515464	0.1134020618556701	0.12371134020618557
GO:0001125	1	0.014084507042253521	0.8450704225352113	0.5633802816901409
GO:0001167	1	0.01	1.17	1.37
GO:0001168	1	0.01	1.17	1.37
GO:0001199	1	0.009615384615384616	0.16346153846153846	0.09615384615384616
GO:0001204	1	0.009615384615384616	0.16346153846153846	0.09615384615384616
GO:0001504	1	0.01098901098901099	0.5714285714285715	0.7582417582417583
GO:0001761	1	0.014705882352941176	0.029411764705882353	0.1764705882352941
GO:0001762	1	0.014705882352941176	0.029411764705882353	0.1764705882352941
GO:0001932	1	0.010869565217391304	0.13043478260869565	0.05434782608695652
GO:0001934	1	0.010869565217391304	0.13043478260869565	0.05434782608695652
GO:0001968	1	0.1	4.6000000000000005	2.7
GO:0002054	1	0.010101010101010102	0.0	0.0
GO:0002057	1	0.010101010101010102	0.0	0.0
GO:0002060	1	0.010101010101010102	0.0	0.0
GO:0002263	1	0.009345794392523364	0.17757009345794392	0.2616822429906542
GO:0002274	1	0.009345794392523364	0.17757009345794392	0.2616822429906542
GO:0002275	1	0.009345794392523364	0.17757009345794392	0.2616822429906542
GO:0002283	1	0.009345794392523364	0.17757009345794392	0.2616822429906542
GO:0002366	1	0.009345794392523364	0.17757009345794392	0.2616822429906542
GO:0002437	1	0.0070921985815602835	0.4326241134751773	0.5035460992907801
GO:0002439	1	0.0070921985815602835	0.4326241134751773	0.5035460992907801
GO:0002443	1	0.009345794392523364	0.17757009345794392	0.2616822429906542
GO:0002444	1	0.009345794392523364	0.17757009345794392	0.2616822429906542
GO:0002446	1	0.009345794392523364	0.17757009345794392	0.2616822429906542
GO:0002544	1	0.0070921985815602835	0.4326241134751773	0.5035460992907801
GO:0002682	1	0.037037037037037035	2.0370370370370368	1.8518518518518516
GO:0002683	1	0.037037037037037035	2.0370370370370368	1.8518518518518516
GO:0002694	1	0.037037037037037035	2.0370370370370368	1.8518518518518516
GO:0002695	1	0.037037037037037035	2.0370370370370368	1.8518518518518516
GO:0002953	1	0.012987012987012988	0.3116883116883117	0.15584415584415584
GO:0003779	1	0.037037037037037035	1.7777777777777777	1.1481481481481481
GO:0003864	1	0.015873015873015872	0.20634920634920634	0.4603174603174603
GO:0003868	1	0.02564102564102564	0.6153846153846154	0.6923076923076923
GO:0003886	1	0.029411764705882353	0.6764705882352942	0.3529411764705882
GO:0003953	1	0.01694915254237288	0.01694915254237288	0.03389830508474576
GO:0003957	1	0.01694915254237288	0.2542372881355932	0.23728813559322035
GO:0003972	1	0.02040816326530612	3.1836734693877546	2.3061224489795915
GO:0003973	1	0.03333333333333333	0.3	0.3333333333333333
GO:0003978	1	0.015384615384615385	0.36923076923076925	0.47692307692307695
GO:0003983	1	0.023255813953488372	0.27906976744186046	0.23255813953488372
GO:0004015	1	0.01694915254237288	0.6949152542372882	0.7796610169491526
GO:0004034	1	0.03333333333333333	1.3333333333333333	1.3
GO:0004037	1	0.02857142857142857	0.34285714285714286	0.19999999999999998
GO:0004061	1	0.017241379310344827	0.05172413793103448	0.017241379310344827
GO:0004066	1	0.012195121951219513	0.43902439024390244	0.5609756097560976
GO:0004071	1	0.012195121951219513	0.43902439024390244	0.5609756097560976
GO:0004099	1	0.03125	1.0	1.0
GO:0004129	1	0.009009009009009009	0.018018018018018018	0.036036036036036036
GO:0004181	1	0.038461538461538464	3.2692307692307696	1.8461538461538463
GO:0004324	1	0.015873015873015872	0.3968253968253968	0.38095238095238093
GO:0004335	1	0.0196078431372549	0.7450980392156863	0.8627450980392157
GO:0004339	1	0.022222222222222223	0.15555555555555556	0.2
GO:0004340	1	0.007751937984496124	0.046511627906976744	0.0
GO:0004344	1	0.02	0.32	0.4
GO:0004351	1	0.013333333333333334	0.7066666666666667	0.5466666666666667
GO:0004356	1	0.019230769230769232	1.0	1.0384615384615385
GO:0004372	1	0.012195121951219513	0.5	0.475609756097561
GO:0004376	1	0.02631578947368421	1.0526315789473684	1.1842105263157894
GO:0004392	1	0.017543859649122806	0.21052631578947367	0.24561403508771928
GO:0004400	1	0.02	0.66	0.54
GO:0004459	1	0.006535947712418301	0.006535947712418301	0.0196078431372549
GO:0004462	1	0.019230769230769232	0.19230769230769232	0.13461538461538464
GO:0004493	1	0.024390243902439025	0.5365853658536586	0.29268292682926833
GO:0004555	1	0.022222222222222223	0.6	0.6
GO:0004558	1	0.022222222222222223	0.15555555555555556	0.2
GO:0004565	1	0.03333333333333333	4.2	3.2333333333333334
GO:0004586	1	0.02040816326530612	2.020408163265306	1.673469387755102
GO:0004594	1	0.013888888888888888	0.3472222222222222	0.4583333333333333
GO:0004609	1	0.041666666666666664	1.2083333333333333	1.2916666666666665
GO:0004640	1	0.018518518518518517	0.537037037037037	1.0925925925925926
GO:0004742	1	0.009345794392523364	0.4579439252336448	0.6355140186915887
GO:0004747	1	0.02564102564102564	0.9487179487179487	0.5384615384615384
GO:0004756	1	0.014492753623188406	0.6231884057971014	0.5072463768115942
GO:0004776	1	0.038461538461538464	1.153846153846154	1.4615384615384617
GO:0004787	1	0.1111111111111111	1.222222222222222	1.222222222222222
GO:0004805	1	0.015384615384615385	0.09230769230769231	0.13846153846153847
GO:0004816	1	0.013513513513513514	0.35135135135135137	0.4864864864864865
GO:0004818	1	0.015384615384615385	0.6615384615384616	0.5846153846153846
GO:0004850	1	0.012987012987012988	0.3116883116883117	0.19480519480519481
GO:0005096	1	0.03125	0.5625	0.5625
GO:0005244	1	0.020833333333333332	1.3333333333333333	1.4791666666666665
GO:0005249	1	0.020833333333333332	1.3333333333333333	1.4791666666666665
GO:0005262	1	0.011494252873563218	1.3333333333333333	1.4942528735632183
GO:0005275	1	0.020833333333333332	0.3958333333333333	0.375
GO:0005294	1	0.011111111111111112	0.37777777777777777	0.45555555555555555
GO:0005298	1	0.014285714285714285	0.2571428571428571	0.37142857142857144
GO:0005300	1	0.016666666666666666	0.6	0.55
GO:0005372	1	0.02	0.06	0.1
GO:0005402	1	0.02702702702702703	1.3783783783783785	1.0270270270270272
GO:0005536	1	0.02	0.32	0.4
GO:0005615	1	0.022727272727272728	0.29545454545454547	0.5
GO:0005658	1	0.011494252873563218	0.09195402298850575	0.04597701149425287
GO:0005665	1	0.01639344262295082	0.0819672131147541	0.04918032786885246
GO:0005667	1	0.01	1.17	1.37
GO:0005740	1	0.010752688172043012	1.0967741935483872	1.032258064516129
GO:0005741	1	0.010752688172043012	1.0967741935483872	1.032258064516129
GO:0005742	1	0.010752688172043012	1.0967741935483872	1.032258064516129
GO:0005773	1	0.008264462809917356	0.3305785123966942	0.3140495867768595
GO:0005774	1	0.008264462809917356	0.3305785123966942	0.3140495867768595
GO:0005787	1	0.013333333333333334	0.06666666666666667	0.05333333333333334
GO:0005979	1	0.012195121951219513	0.06097560975609756	0.03658536585365854
GO:0005981	1	0.012987012987012988	0.07792207792207792	0.06493506493506494
GO:0005982	1	0.022222222222222223	0.15555555555555556	0.2
GO:0005983	1	0.022222222222222223	0.15555555555555556	0.2
GO:0005988	1	0.03333333333333333	4.2	3.2333333333333334
GO:0005990	1	0.03333333333333333	4.2	3.2333333333333334
GO:0005992	1	0.015384615384615385	0.09230769230769231	0.13846153846153847
GO:0006004	1	0.006535947712418301	0.006535947712418301	0.0196078431372549
GO:0006007	1	0.02	0.32	0.4
GO:0006011	1	0.023255813953488372	0.27906976744186046	0.23255813953488372
GO:0006044	1	0.05	8.950000000000001	10.4
GO:0006046	1	0.05	8.950000000000001	10.4
GO:0006154	1	0.01098901098901099	0.3516483516483517	0.3296703296703297
GO:0006168	1	0.013333333333333334	0.10666666666666667	0.28
GO:0006218	1	0.012987012987012988	0.3116883116883117	0.19480519480519481
GO:0006225	1	0.010869565217391304	0.08695652173913043	0.21739130434782608
GO:0006303	1	0.01694915254237288	0.01694915254237288	0.03389830508474576
GO:0006323	1	0.013888888888888888	0.1111111111111111	0.08333333333333333
GO:0006356	1	0.01	1.17	1.37
GO:0006360	1	0.01	1.17	1.37
GO:0006369	1	0.01639344262295082	0.0819672131147541	0.04918032786885246
GO:0006421	1	0.013513513513513514	0.35135135135135137	0.4864864864864865
GO:0006424	1	0.015384615384615385	0.6615384615384616	0.5846153846153846
GO:0006471	1	0.01694915254237288	0.01694915254237288	0.03389830508474576
GO:0006482	1	0.020833333333333332	0.3333333333333333	0.4375
GO:0006490	1	0.038461538461538464	0.6153846153846154	0.7692307692307693
GO:0006529	1	0.012195121951219513	0.43902439024390244	0.5609756097560976
GO:0006538	1	0.013888888888888888	0.3333333333333333	0.3194444444444444
GO:0006540	1	0.013888888888888888	0.3333333333333333	0.3194444444444444
GO:0006565	1	0.012195121951219513	0.5	0.475609756097561
GO:0006626	1	0.010752688172043012	1.0967741935483872	1.032258064516129
GO:0006654	1	0.023255813953488372	0.4418604651162791	0.32558139534883723
GO:0006706	1	0.02127659574468085	0.06382978723404255	0.0
GO:0006707	1	0.02127659574468085	0.06382978723404255	0.0
GO:0006787	1	0.017543859649122806	0.21052631578947367	0.24561403508771928
GO:0006788	1	0.017543859649122806	0.21052631578947367	0.24561403508771928
GO:0006799	1	0.011111111111111112	0.788888888888889	0.4222222222222222
GO:0006821	1	0.01098901098901099	0.5714285714285715	0.7582417582417583
GO:0006833	1	0.02	0.06	0.1
GO:0006839	1	0.010752688172043012	1.0967741935483872	1.032258064516129
GO:0006874	1	0.011494252873563218	1.3333333333333333	1.4942528735632183
GO:0006883	1	0.012195121951219513	0.3170731707317073	0.5731707317073171
GO:0006887	1	0.009345794392523364	0.17757009345794392	0.2616822429906542
GO:0006954	1	0.0070921985815602835	0.4326241134751773	0.5035460992907801
GO:0007005	1	0.010752688172043012	1.0967741935483872	1.032258064516129
GO:0007006	1	0.010752688172043012	1.0967741935483872	1.032258064516129
GO:0007007	1	0.010752688172043012	1.0967741935483872	1.032258064516129
GO:0007015	1	0.037037037037037035	1.7777777777777777	1.1481481481481481
GO:0007275	1	0.015873015873015872	0.5396825396825397	0.5396825396825397
GO:0007568	1	0.008264462809917356	0.3305785123966942	0.3140495867768595
GO:0007610	1	0.0070921985815602835	0.4326241134751773	0.5035460992907801
GO:0007622	1	0.0070921985815602835	0.4326241134751773	0.5035460992907801
GO:0008022	1	0.018867924528301886	0.49056603773584906	0.4150943396226415
GO:0008061	1	0.02857142857142857	1.2285714285714284	1.4857142857142858
GO:0008092	1	0.037037037037037035	1.7777777777777777	1.1481481481481481
GO:0008106	1	0.034482758620689655	0.41379310344827586	0.20689655172413793
GO:0008108	1	0.0196078431372549	0.7450980392156863	0.8627450980392157
GO:0008113	1	0.030303030303030304	0.030303030303030304	0.09090909090909091
GO:0008143	1	0.014925373134328358	0.8208955223880597	0.5970149253731343
GO:0008177	1	0.025	0.375	0.4
GO:0008203	1	0.02127659574468085	0.06382978723404255	0.0
GO:0008214	1	0.020833333333333332	0.3333333333333333	0.4375
GO:0008242	1	0.022727272727272728	0.8409090909090909	1.2954545454545454
GO:0008251	1	0.023255813953488372	0.09302325581395349	0.09302325581395349
GO:0008273	1	0.011494252873563218	1.3333333333333333	1.4942528735632183
GO:0008283	1	0.01020408163265306	0.7244897959183673	0.9081632653061223
GO:0008309	1	0.021739130434782608	1.0217391304347825	0.9130434782608695
GO:0008311	1	0.021739130434782608	1.0217391304347825	0.9130434782608695
GO:0008327	1	0.09090909090909091	0.5454545454545454	0.8181818181818182
GO:0008395	1	0.02127659574468085	0.06382978723404255	0.0
GO:0008443	1	0.025	0.225	0.375
GO:0008446	1	0.02857142857142857	0.6571428571428571	0.2857142857142857
GO:0008448	1	0.05	8.950000000000001	10.4
GO:0008463	1	0.022222222222222223	0.08888888888888889	0.5111111111111112
GO:0008470	1	0.017543859649122806	0.19298245614035087	0.08771929824561403
GO:0008494	1	0.010309278350515464	0.1134020618556701	0.12371134020618557
GO:0008662	1	0.025	0.225	0.375
GO:0008667	1	0.014925373134328358	0.3582089552238806	0.4925373134328358
GO:0008682	1	0.037037037037037035	1.0	1.4074074074074074
GO:0008714	1	0.07142857142857142	1.357142857142857	1.6428571428571428
GO:0008719	1	0.030303030303030304	0.24242424242424243	0.24242424242424243
GO:0008726	1	0.03125	0.3125	0.25
GO:0008740	1	0.041666666666666664	1.25	1.375
GO:0008741	1	0.020833333333333332	0.47916666666666663	0.375
GO:0008742	1	0.015873015873015872	0.07936507936507936	0.15873015873015872
GO:0008748	1	0.016129032258064516	0.14516129032258063	0.24193548387096775
GO:0008780	1	0.0196078431372549	0.39215686274509803	0.49019607843137253
GO:0008782	1	0.01282051282051282	0.28205128205128205	0.23076923076923075
GO:0008788	1	0.02564102564102564	0.1282051282051282	0.3333333333333333
GO:0008789	1	0.030303030303030304	1.0606060606060606	1.2121212121212122
GO:0008797	1	0.014925373134328358	0.47761194029850745	0.5522388059701493
GO:0008817	1	0.022727272727272728	0.38636363636363635	0.4090909090909091
GO:0008834	1	0.015151515151515152	0.30303030303030304	0.4090909090909091
GO:0008861	1	0.027777777777777776	1.722222222222222	2.0277777777777777
GO:0008873	1	0.022727272727272728	0.4545454545454546	0.2727272727272727
GO:0008875	1	0.022727272727272728	0.4545454545454546	0.2727272727272727
GO:0008898	1	0.03333333333333333	0.2	0.2
GO:0008903	1	0.043478260869565216	0.08695652173913043	0.3913043478260869
GO:0008925	1	0.03125	0.21875	0.1875
GO:0008930	1	0.01282051282051282	0.28205128205128205	0.23076923076923075
GO:0008935	1	0.02631578947368421	0.8421052631578947	0.6578947368421052
GO:0008960	1	0.038461538461538464	0.6153846153846154	0.7692307692307693
GO:0008976	1	0.011111111111111112	0.788888888888889	0.4222222222222222
GO:0008979	1	0.025	0.025	0.0
GO:0008982	1	0.012987012987012988	0.07792207792207792	0.06493506493506494
GO:0008983	1	0.018867924528301886	0.49056603773584906	0.4150943396226415
GO:0009026	1	0.0196078431372549	0.0392156862745098	0.0
GO:0009028	1	0.01818181818181818	0.07272727272727272	0.09090909090909091
GO:0009032	1	0.024390243902439025	0.7073170731707318	0.5365853658536586
GO:0009033	1	0.05263157894736842	4.105263157894736	3.8421052631578947
GO:0009036	1	0.015873015873015872	0.4126984126984127	0.38095238095238093
GO:0009111	1	0.027777777777777776	0.16666666666666666	0.16666666666666666
GO:0009193	1	0.010869565217391304	0.08695652173913043	0.21739130434782608
GO:0009194	1	0.010869565217391304	0.08695652173913043	0.21739130434782608
GO:0009271	1	0.015384615384615385	0.24615384615384617	0.2153846153846154
GO:0009303	1	0.01	1.17	1.37
GO:0009307	1	0.02857142857142857	2.457142857142857	2.342857142857143
GO:0009322	1	0.05263157894736842	4.105263157894736	3.8421052631578947
GO:0009341	1	0.03333333333333333	4.2	3.2333333333333334
GO:0009358	1	0.011111111111111112	0.788888888888889	0.4222222222222222
GO:0009399	1	0.038461538461538464	0.2692307692307693	0.19230769230769232
GO:0009418	1	0.05	2.6500000000000004	2.6500000000000004
GO:0009419	1	0.07142857142857142	2.4285714285714284	2.4285714285714284
GO:0009436	1	0.01818181818181818	0.07272727272727272	0.09090909090909091
GO:0009523	1	0.037037037037037035	0.18518518518518517	0.3333333333333333
GO:0009566	1	0.008264462809917356	0.3305785123966942	0.3140495867768595
GO:0009567	1	0.008264462809917356	0.3305785123966942	0.3140495867768595
GO:0009649	1	0.022222222222222223	0.0	0.0
GO:0009657	1	0.1111111111111111	8.0	6.888888888888888
GO:0009668	1	0.1111111111111111	8.0	6.888888888888888
GO:0009714	1	0.021739130434782608	0.7391304347826086	0.7391304347826086
GO:0009715	1	0.021739130434782608	0.7391304347826086	0.7391304347826086
GO:0009790	1	0.015873015873015872	0.5396825396825397	0.5396825396825397
GO:0009791	1	0.015873015873015872	0.5396825396825397	0.5396825396825397
GO:0009793	1	0.015873015873015872	0.5396825396825397	0.5396825396825397
GO:0009826	1	0.008264462809917356	0.3305785123966942	0.3140495867768595
GO:0009853	1	0.08333333333333333	3.9166666666666665	6.5
GO:0009856	1	0.008264462809917356	0.3305785123966942	0.3140495867768595
GO:0009860	1	0.008264462809917356	0.3305785123966942	0.3140495867768595
GO:0009932	1	0.008264462809917356	0.3305785123966942	0.3140495867768595
GO:0010027	1	0.1111111111111111	8.0	6.888888888888888
GO:0010045	1	0.017241379310344827	0.29310344827586204	0.15517241379310345
GO:0010130	1	0.037037037037037035	0.9259259259259258	1.5555555555555554
GO:0010139	1	0.012987012987012988	0.3116883116883117	0.15584415584415584
GO:0010154	1	0.015873015873015872	0.5396825396825397	0.5396825396825397
GO:0010189	1	0.045454545454545456	0.045454545454545456	0.045454545454545456
GO:0010385	1	0.012345679012345678	0.08641975308641975	0.19753086419753085
GO:0010447	1	0.02	0.02	0.02
GO:0010521	1	0.008695652173913044	2.591304347826087	2.643478260869565
GO:0010676	1	0.012987012987012988	0.07792207792207792	0.06493506493506494
GO:0010677	1	0.012195121951219513	0.06097560975609756	0.03658536585365854
GO:0010755	1	0.014925373134328358	0.47761194029850745	0.5522388059701493
GO:0010756	1	0.014925373134328358	0.47761194029850745	0.5522388059701493
GO:0010810	1	0.015873015873015872	0.20634920634920634	0.4126984126984127
GO:0010907	1	0.012987012987012988	0.07792207792207792	0.06493506493506494
GO:0010948	1	0.009708737864077669	0.20388349514563106	0.16504854368932037
GO:0010954	1	0.014925373134328358	0.47761194029850745	0.5522388059701493
GO:0010958	1	0.012345679012345678	0.2345679012345679	0.2716049382716049
GO:0010967	1	0.020833333333333332	0.35416666666666663	0.41666666666666663
GO:0010974	1	0.009708737864077669	0.20388349514563106	0.16504854368932037
GO:0015044	1	0.037037037037037035	4.888888888888888	3.6296296296296293
GO:0015099	1	0.03125	0.65625	0.8125
GO:0015106	1	0.05	0.65	0.4
GO:0015108	1	0.01098901098901099	0.5714285714285715	0.7582417582417583
GO:0015143	1	0.022727272727272728	0.2272727272727273	0.045454545454545456
GO:0015146	1	0.022727272727272728	0.34090909090909094	0.29545454545454547
GO:0015148	1	0.022727272727272728	0.34090909090909094	0.29545454545454547
GO:0015168	1	0.02564102564102564	0.23076923076923075	0.07692307692307693
GO:0015180	1	0.014705882352941176	0.029411764705882353	0.1764705882352941
GO:0015187	1	0.014705882352941176	0.029411764705882353	0.1764705882352941
GO:0015191	1	0.011111111111111112	0.37777777777777777	0.45555555555555555
GO:0015195	1	0.018867924528301886	0.22641509433962265	0.11320754716981132
GO:0015196	1	0.016666666666666666	0.6	0.55
GO:0015199	1	0.010526315789473684	0.16842105263157894	0.22105263157894736
GO:0015211	1	0.01694915254237288	0.288135593220339	0.1694915254237288
GO:0015212	1	0.01694915254237288	0.288135593220339	0.1694915254237288
GO:0015213	1	0.01694915254237288	0.288135593220339	0.1694915254237288
GO:0015214	1	0.01694915254237288	0.288135593220339	0.1694915254237288
GO:0015250	1	0.02	0.06	0.1
GO:0015254	1	0.02564102564102564	0.23076923076923075	0.07692307692307693
GO:0015292	1	0.01639344262295082	0.19672131147540983	0.19672131147540983
GO:0015307	1	0.012658227848101266	0.17721518987341772	0.24050632911392406
GO:0015355	1	0.015384615384615385	0.2153846153846154	0.18461538461538463
GO:0015360	1	0.015384615384615385	0.2153846153846154	0.18461538461538463
GO:0015369	1	0.0196078431372549	0.0196078431372549	0.058823529411764705
GO:0015496	1	0.014925373134328358	0.6268656716417911	0.8805970149253731
GO:0015503	1	0.016129032258064516	1.0806451612903225	0.9516129032258064
GO:0015553	1	0.01694915254237288	0.288135593220339	0.1694915254237288
GO:0015565	1	0.018867924528301886	0.22641509433962265	0.11320754716981132
GO:0015575	1	0.02564102564102564	0.23076923076923075	0.23076923076923075
GO:0015603	1	0.058823529411764705	0.7058823529411764	0.7058823529411764
GO:0015651	1	0.010526315789473684	0.16842105263157894	0.22105263157894736
GO:0015652	1	0.010526315789473684	0.16842105263157894	0.22105263157894736
GO:0015653	1	0.010526315789473684	0.16842105263157894	0.22105263157894736
GO:0015666	1	0.015873015873015872	0.4126984126984127	0.38095238095238093
GO:0015701	1	0.05	0.65	0.4
GO:0015709	1	0.03571428571428571	0.8214285714285714	0.9285714285714285
GO:0015734	1	0.02702702702702703	0.2702702702702703	0.3783783783783784
GO:0015747	1	0.022727272727272728	0.2272727272727273	0.045454545454545456
GO:0015793	1	0.02564102564102564	0.23076923076923075	0.07692307692307693
GO:0015797	1	0.02564102564102564	0.23076923076923075	0.23076923076923075
GO:0015806	1	0.019230769230769232	0.019230769230769232	0.17307692307692307
GO:0015808	1	0.014705882352941176	0.029411764705882353	0.1764705882352941
GO:0015810	1	0.013513513513513514	0.972972972972973	0.6621621621621622
GO:0015816	1	0.014705882352941176	0.029411764705882353	0.1764705882352941
GO:0015821	1	0.011111111111111112	0.37777777777777777	0.45555555555555555
GO:0015822	1	0.014925373134328358	0.6268656716417911	0.8805970149253731
GO:0015826	1	0.018867924528301886	0.22641509433962265	0.11320754716981132
GO:0015827	1	0.016666666666666666	0.6	0.55
GO:0015837	1	0.020833333333333332	0.3958333333333333	0.375
GO:0015860	1	0.01694915254237288	0.288135593220339	0.1694915254237288
GO:0015861	1	0.01694915254237288	0.288135593220339	0.1694915254237288
GO:0015862	1	0.01694915254237288	0.288135593220339	0.1694915254237288
GO:0015863	1	0.01694915254237288	0.288135593220339	0.1694915254237288
GO:0015864	1	0.01694915254237288	0.288135593220339	0.1694915254237288
GO:0015871	1	0.020833333333333332	0.3958333333333333	0.375
GO:0015891	1	0.013888888888888888	0.6666666666666666	0.7222222222222222
GO:0015908	1	0.014285714285714285	0.2571428571428571	0.37142857142857144
GO:0015912	1	0.014285714285714285	0.2571428571428571	0.37142857142857144
GO:0016034	1	0.023809523809523808	0.45238095238095233	0.5238095238095237
GO:0016108	1	0.034482758620689655	0.034482758620689655	0.1724137931034483
GO:0016109	1	0.034482758620689655	0.034482758620689655	0.1724137931034483
GO:0016116	1	0.034482758620689655	0.034482758620689655	0.1724137931034483
GO:0016117	1	0.034482758620689655	0.034482758620689655	0.1724137931034483
GO:0016127	1	0.02127659574468085	0.06382978723404255	0.0
GO:0016168	1	0.02702702702702703	0.40540540540540543	0.4864864864864865
GO:0016192	1	0.009345794392523364	0.17757009345794392	0.2616822429906542
GO:0016213	1	0.02564102564102564	0.7692307692307692	1.0512820512820513
GO:0016215	1	0.02564102564102564	0.7692307692307692	1.0512820512820513
GO:0016418	1	0.009345794392523364	0.4579439252336448	0.6355140186915887
GO:0016591	1	0.01639344262295082	0.0819672131147541	0.04918032786885246
GO:0016604	1	0.013513513513513514	0.7432432432432433	0.6216216216216217
GO:0016607	1	0.013513513513513514	0.7432432432432433	0.6216216216216217
GO:0016622	1	0.025	0.225	0.275
GO:0016625	1	0.07142857142857142	8.0	5.785714285714286
GO:0016663	1	0.04	12.040000000000001	10.16
GO:0016672	1	0.023809523809523808	0.5476190476190476	0.5238095238095237
GO:0016676	1	0.009009009009009009	0.018018018018018018	0.036036036036036036
GO:0016692	1	0.041666666666666664	1.875	2.6666666666666665
GO:0016709	1	0.02127659574468085	0.06382978723404255	0.0
GO:0016712	1	0.03125	0.3125	0.25
GO:0016717	1	0.02564102564102564	0.7692307692307692	1.0512820512820513
GO:0016726	1	0.017241379310344827	0.29310344827586204	0.1896551724137931
GO:0016767	1	0.034482758620689655	0.034482758620689655	0.1724137931034483
GO:0016822	1	0.017241379310344827	0.29310344827586204	0.1896551724137931
GO:0016823	1	0.017241379310344827	0.29310344827586204	0.1896551724137931
GO:0016848	1	0.012987012987012988	0.1038961038961039	0.18181818181818182
GO:0016899	1	0.03333333333333333	0.3	0.3333333333333333
GO:0017007	1	0.05555555555555555	0.1111111111111111	0.16666666666666666
GO:0017009	1	0.05555555555555555	0.1111111111111111	0.16666666666666666
GO:0017108	1	0.014084507042253521	0.15492957746478875	0.29577464788732394
GO:0018104	1	0.01694915254237288	0.5084745762711864	0.4576271186440678
GO:0018249	1	0.047619047619047616	1.2380952380952381	1.0952380952380951
GO:0018277	1	0.020833333333333332	0.3333333333333333	0.4375
GO:0018289	1	0.025	0.225	0.275
GO:0018291	1	0.025	0.225	0.275
GO:0018835	1	0.038461538461538464	0.11538461538461539	0.0
GO:0018913	1	0.037037037037037035	0.9259259259259258	1.5555555555555554
GO:0018915	1	0.037037037037037035	0.9259259259259258	1.5555555555555554
GO:0018937	1	0.016129032258064516	0.14516129032258063	0.24193548387096775
GO:0018962	1	0.02857142857142857	0.45714285714285713	0.45714285714285713
GO:0019002	1	0.02040816326530612	3.1836734693877546	2.3061224489795915
GO:0019043	1	0.025	0.025	0.0
GO:0019148	1	0.012987012987012988	0.1038961038961039	0.18181818181818182
GO:0019149	1	0.012987012987012988	0.1038961038961039	0.18181818181818182
GO:0019150	1	0.02702702702702703	0.0	0.02702702702702703
GO:0019154	1	0.02631578947368421	0.42105263157894735	0.2631578947368421
GO:0019172	1	0.011235955056179775	0.10112359550561797	0.1797752808988764
GO:0019197	1	0.012987012987012988	0.07792207792207792	0.06493506493506494
GO:0019207	1	0.010869565217391304	0.13043478260869565	0.05434782608695652
GO:0019209	1	0.010869565217391304	0.13043478260869565	0.05434782608695652
GO:0019249	1	0.011235955056179775	0.10112359550561797	0.1797752808988764
GO:0019250	1	0.022727272727272728	0.38636363636363635	0.4090909090909091
GO:0019264	1	0.012195121951219513	0.5	0.475609756097561
GO:0019303	1	0.02564102564102564	0.9487179487179487	0.5384615384615384
GO:0019317	1	0.006535947712418301	0.006535947712418301	0.0196078431372549
GO:0019329	1	0.04	12.040000000000001	10.16
GO:0019331	1	0.04	12.040000000000001	10.16
GO:0019380	1	0.02857142857142857	0.45714285714285713	0.45714285714285713
GO:0019411	1	0.009009009009009009	0.018018018018018018	0.036036036036036036
GO:0019442	1	0.010416666666666666	0.20833333333333331	0.13541666666666666
GO:0019447	1	0.012987012987012988	0.1038961038961039	0.18181818181818182
GO:0019448	1	0.018518518518518517	0.6296296296296295	0.35185185185185186
GO:0019450	1	0.018518518518518517	0.6296296296296295	0.35185185185185186
GO:0019491	1	0.03225806451612903	0.4193548387096774	0.3870967741935484
GO:0019510	1	0.0070921985815602835	0.4326241134751773	0.5035460992907801
GO:0019516	1	0.006535947712418301	0.006535947712418301	0.0196078431372549
GO:0019522	1	0.022727272727272728	0.4545454545454546	0.2727272727272727
GO:0019523	1	0.02702702702702703	0.5135135135135136	0.6486486486486487
GO:0019534	1	0.1	5.300000000000001	4.4
GO:0019542	1	0.014705882352941176	0.6470588235294118	0.6911764705882353
GO:0019595	1	0.02	0.32	0.4
GO:0019852	1	0.015873015873015872	0.07936507936507936	0.15873015873015872
GO:0019862	1	0.037037037037037035	2.0370370370370368	1.8518518518518516
GO:0019865	1	0.037037037037037035	2.0370370370370368	1.8518518518518516
GO:0019887	1	0.010869565217391304	0.13043478260869565	0.05434782608695652
GO:0019953	1	0.008264462809917356	0.3305785123966942	0.3140495867768595
GO:0022832	1	0.020833333333333332	1.3333333333333333	1.4791666666666665
GO:0022839	1	0.020833333333333332	1.3333333333333333	1.4791666666666665
GO:0022843	1	0.020833333333333332	1.3333333333333333	1.4791666666666665
GO:0022858	1	0.014705882352941176	0.029411764705882353	0.1764705882352941
GO:0022889	1	0.014705882352941176	0.029411764705882353	0.1764705882352941
GO:0030029	1	0.037037037037037035	1.7777777777777777	1.1481481481481481
GO:0030036	1	0.037037037037037035	1.7777777777777777	1.1481481481481481
GO:0030096	1	0.037037037037037035	0.18518518518518517	0.3333333333333333
GO:0030141	1	0.009345794392523364	0.17757009345794392	0.2616822429906542
GO:0030150	1	0.010752688172043012	1.0967741935483872	1.032258064516129
GO:0030155	1	0.015873015873015872	0.20634920634920634	0.4126984126984127
GO:0030176	1	0.009523809523809525	0.01904761904761905	0.04761904761904762
GO:0030259	1	0.03125	0.09375	0.09375
GO:0030295	1	0.010869565217391304	0.13043478260869565	0.05434782608695652
GO:0030385	1	0.05263157894736842	1.3157894736842104	1.263157894736842
GO:0030433	1	0.009523809523809525	0.01904761904761905	0.04761904761904762
GO:0030523	1	0.009345794392523364	0.4579439252336448	0.6355140186915887
GO:0030647	1	0.02857142857142857	0.7428571428571429	0.7428571428571429
GO:0030649	1	0.02857142857142857	0.7428571428571429	0.7428571428571429
GO:0030769	1	0.058823529411764705	1.0	0.8823529411764706
GO:0030798	1	0.05555555555555555	0.7777777777777777	0.2222222222222222
GO:0030808	1	0.010101010101010102	0.0	0.0
GO:0030809	1	0.010101010101010102	0.0	0.0
GO:0030943	1	0.010752688172043012	1.0967741935483872	1.032258064516129
GO:0030970	1	0.009523809523809525	0.01904761904761905	0.04761904761904762
GO:0030978	1	0.029411764705882353	3.1176470588235294	2.323529411764706
GO:0030979	1	0.029411764705882353	3.1176470588235294	2.323529411764706
GO:0031073	1	0.02127659574468085	0.06382978723404255	0.0
GO:0031216	1	0.08333333333333333	1.3333333333333333	0.6666666666666666
GO:0031227	1	0.009523809523809525	0.01904761904761905	0.04761904761904762
GO:0031300	1	0.010752688172043012	1.0967741935483872	1.032258064516129
GO:0031301	1	0.010752688172043012	1.0967741935483872	1.032258064516129
GO:0031306	1	0.010752688172043012	1.0967741935483872	1.032258064516129
GO:0031307	1	0.010752688172043012	1.0967741935483872	1.032258064516129
GO:0031344	1	0.01694915254237288	0.3898305084745763	0.23728813559322035
GO:0031345	1	0.01694915254237288	0.3898305084745763	0.23728813559322035
GO:0031400	1	0.00909090909090909	0.4818181818181818	0.5363636363636364
GO:0031403	1	0.01639344262295082	0.3442622950819672	0.26229508196721313
GO:0031410	1	0.009345794392523364	0.17757009345794392	0.2616822429906542
GO:0031966	1	0.010752688172043012	1.0967741935483872	1.032258064516129
GO:0031967	1	0.010752688172043012	1.0967741935483872	1.032258064516129
GO:0031968	1	0.010752688172043012	1.0967741935483872	1.032258064516129
GO:0031982	1	0.009345794392523364	0.17757009345794392	0.2616822429906542
GO:0031983	1	0.009345794392523364	0.17757009345794392	0.2616822429906542
GO:0032101	1	0.00909090909090909	0.4818181818181818	0.5363636363636364
GO:0032147	1	0.010869565217391304	0.13043478260869565	0.05434782608695652
GO:0032150	1	0.037037037037037035	0.4074074074074074	0.5185185185185185
GO:0032182	1	0.009523809523809525	0.01904761904761905	0.04761904761904762
GO:0032204	1	0.008695652173913044	2.591304347826087	2.643478260869565
GO:0032205	1	0.008695652173913044	2.591304347826087	2.643478260869565
GO:0032210	1	0.008695652173913044	2.591304347826087	2.643478260869565
GO:0032211	1	0.008695652173913044	2.591304347826087	2.643478260869565
GO:0032238	1	0.01694915254237288	0.288135593220339	0.1694915254237288
GO:0032262	1	0.012987012987012988	0.3116883116883117	0.15584415584415584
GO:0032271	1	0.009708737864077669	0.20388349514563106	0.16504854368932037
GO:0032272	1	0.009708737864077669	0.20388349514563106	0.16504854368932037
GO:0032328	1	0.014705882352941176	0.029411764705882353	0.1764705882352941
GO:0032466	1	0.009708737864077669	0.20388349514563106	0.16504854368932037
GO:0032527	1	0.009523809523809525	0.01904761904761905	0.04761904761904762
GO:0032552	1	0.011627906976744186	0.627906976744186	0.686046511627907
GO:0032554	1	0.011627906976744186	0.627906976744186	0.686046511627907
GO:0032556	1	0.011627906976744186	0.627906976744186	0.686046511627907
GO:0032558	1	0.011627906976744186	0.627906976744186	0.686046511627907
GO:0032560	1	0.011627906976744186	0.627906976744186	0.686046511627907
GO:0032564	1	0.011627906976744186	0.627906976744186	0.686046511627907
GO:0032567	1	0.011627906976744186	0.627906976744186	0.686046511627907
GO:0032574	1	0.019230769230769232	0.057692307692307696	0.21153846153846156
GO:0032575	1	0.019230769230769232	0.057692307692307696	0.21153846153846156
GO:0032592	1	0.010752688172043012	1.0967741935483872	1.032258064516129
GO:0032890	1	0.012345679012345678	0.2345679012345679	0.2716049382716049
GO:0032892	1	0.012345679012345678	0.2345679012345679	0.2716049382716049
GO:0032943	1	0.01020408163265306	0.7244897959183673	0.9081632653061223
GO:0032989	1	0.008264462809917356	0.3305785123966942	0.3140495867768595
GO:0033015	1	0.017543859649122806	0.21052631578947367	0.24561403508771928
GO:0033051	1	0.04	0.32	0.24
GO:0033164	1	0.02631578947368421	1.0526315789473684	1.1842105263157894
GO:0033229	1	0.018518518518518517	0.2037037037037037	0.35185185185185186
GO:0033265	1	0.02564102564102564	2.6153846153846154	2.9743589743589745
GO:0033385	1	0.01639344262295082	0.06557377049180328	0.0819672131147541
GO:0033477	1	0.03333333333333333	0.2	0.2
GO:0033539	1	0.024390243902439025	1.829268292682927	1.3658536585365855
GO:0033542	1	0.018867924528301886	0.5283018867924528	0.7358490566037735
GO:0033609	1	0.037037037037037035	3.148148148148148	3.259259259259259
GO:0033674	1	0.010869565217391304	0.13043478260869565	0.05434782608695652
GO:0033708	1	0.05263157894736842	2.6842105263157894	2.9473684210526314
GO:0033744	1	0.030303030303030304	0.030303030303030304	0.09090909090909091
GO:0033812	1	0.019230769230769232	0.2692307692307693	0.25
GO:0033863	1	0.013888888888888888	0.06944444444444445	0.09722222222222221
GO:0033973	1	0.08333333333333333	0.08333333333333333	0.0
GO:0034017	1	0.023255813953488372	0.46511627906976744	0.23255813953488372
GO:0034022	1	0.07142857142857142	5.785714285714286	4.5
GO:0034069	1	0.02857142857142857	0.7428571428571429	0.7428571428571429
GO:0034081	1	0.021739130434782608	0.7391304347826086	0.7391304347826086
GO:0034354	1	0.0136986301369863	0.0273972602739726	0.0684931506849315
GO:0034419	1	0.03333333333333333	0.3	0.3333333333333333
GO:0034567	1	0.016129032258064516	0.14516129032258063	0.24193548387096775
GO:0034639	1	0.018867924528301886	0.22641509433962265	0.11320754716981132
GO:0034722	1	0.022727272727272728	0.8409090909090909	1.2954545454545454
GO:0034764	1	0.012345679012345678	0.2345679012345679	0.2716049382716049
GO:0034767	1	0.012345679012345678	0.2345679012345679	0.2716049382716049
GO:0034774	1	0.009345794392523364	0.17757009345794392	0.2616822429906542
GO:0034976	1	0.009523809523809525	0.01904761904761905	0.04761904761904762
GO:0035304	1	0.00909090909090909	0.4818181818181818	0.5363636363636364
GO:0035306	1	0.00909090909090909	0.4818181818181818	0.5363636363636364
GO:0035307	1	0.00909090909090909	0.4818181818181818	0.5363636363636364
GO:0035439	1	0.01639344262295082	0.06557377049180328	0.0819672131147541
GO:0035444	1	0.03125	0.65625	0.8125
GO:0035524	1	0.010526315789473684	0.16842105263157894	0.22105263157894736
GO:0035551	1	0.0196078431372549	0.0196078431372549	0.0
GO:0036173	1	0.03571428571428571	0.8214285714285714	0.9285714285714285
GO:0036199	1	0.02127659574468085	0.06382978723404255	0.0
GO:0036230	1	0.009345794392523364	0.17757009345794392	0.2616822429906542
GO:0036307	1	0.017543859649122806	0.5964912280701754	0.40350877192982454
GO:0036311	1	0.05555555555555555	1.6666666666666665	1.9444444444444444
GO:0036374	1	0.022727272727272728	0.8409090909090909	1.2954545454545454
GO:0036456	1	0.030303030303030304	0.030303030303030304	0.09090909090909091
GO:0036503	1	0.009523809523809525	0.01904761904761905	0.04761904761904762
GO:0042044	1	0.02	0.06	0.1
GO:0042098	1	0.01020408163265306	0.7244897959183673	0.9081632653061223
GO:0042100	1	0.01020408163265306	0.7244897959183673	0.9081632653061223
GO:0042110	1	0.01020408163265306	0.7244897959183673	0.9081632653061223
GO:0042113	1	0.01020408163265306	0.7244897959183673	0.9081632653061223
GO:0042119	1	0.009345794392523364	0.17757009345794392	0.2616822429906542
GO:0042126	1	0.027777777777777776	0.3333333333333333	0.2777777777777778
GO:0042128	1	0.027777777777777776	0.3333333333333333	0.2777777777777778
GO:0042165	1	0.02564102564102564	2.6153846153846154	2.9743589743589745
GO:0042167	1	0.017543859649122806	0.21052631578947367	0.24561403508771928
GO:0042219	1	0.0070921985815602835	0.4326241134751773	0.5035460992907801
GO:0042276	1	0.013513513513513514	0.7432432432432433	0.6216216216216217
GO:0042325	1	0.010869565217391304	0.13043478260869565	0.05434782608695652
GO:0042327	1	0.010869565217391304	0.13043478260869565	0.05434782608695652
GO:0042354	1	0.006535947712418301	0.006535947712418301	0.0196078431372549
GO:0042355	1	0.006535947712418301	0.006535947712418301	0.0196078431372549
GO:0042360	1	0.045454545454545456	0.045454545454545456	0.045454545454545456
GO:0042365	1	0.027777777777777776	0.16666666666666666	0.16666666666666666
GO:0042372	1	0.034482758620689655	0.06896551724137931	0.13793103448275862
GO:0042374	1	0.034482758620689655	0.06896551724137931	0.13793103448275862
GO:0042745	1	0.0070921985815602835	0.4326241134751773	0.5035460992907801
GO:0042752	1	0.022222222222222223	0.0	0.0
GO:0042754	1	0.022222222222222223	0.0	0.0
GO:0042790	1	0.01	1.17	1.37
GO:0042820	1	0.027777777777777776	0.16666666666666666	0.16666666666666666
GO:0042867	1	0.014925373134328358	0.13432835820895522	0.208955223880597
GO:0042873	1	0.03225806451612903	0.1935483870967742	0.16129032258064516
GO:0042930	1	0.013888888888888888	0.6666666666666666	0.7222222222222222
GO:0042940	1	0.014705882352941176	0.029411764705882353	0.1764705882352941
GO:0042941	1	0.014705882352941176	0.029411764705882353	0.1764705882352941
GO:0042942	1	0.014705882352941176	0.029411764705882353	0.1764705882352941
GO:0042943	1	0.014705882352941176	0.029411764705882353	0.1764705882352941
GO:0042944	1	0.014705882352941176	0.029411764705882353	0.1764705882352941
GO:0042945	1	0.014705882352941176	0.029411764705882353	0.1764705882352941
GO:0043005	1	0.0070921985815602835	0.4326241134751773	0.5035460992907801
GO:0043103	1	0.01098901098901099	0.3516483516483517	0.3296703296703297
GO:0043130	1	0.009523809523809525	0.01904761904761905	0.04761904761904762
GO:0043141	1	0.008695652173913044	2.591304347826087	2.643478260869565
GO:0043157	1	0.012195121951219513	0.3170731707317073	0.5731707317073171
GO:0043161	1	0.009523809523809525	0.01904761904761905	0.04761904761904762
GO:0043201	1	0.007874015748031496	0.06299212598425197	0.15748031496062992
GO:0043270	1	0.012345679012345678	0.2345679012345679	0.2716049382716049
GO:0043299	1	0.009345794392523364	0.17757009345794392	0.2616822429906542
GO:0043312	1	0.009345794392523364	0.17757009345794392	0.2616822429906542
GO:0043365	1	0.024390243902439025	0.6829268292682927	0.7317073170731707
GO:0043420	1	0.017241379310344827	0.05172413793103448	0.017241379310344827
GO:0043427	1	0.04	1.16	0.88
GO:0043530	1	0.021739130434782608	0.10869565217391304	0.13043478260869565
GO:0043549	1	0.010869565217391304	0.13043478260869565	0.05434782608695652
GO:0043570	1	0.045454545454545456	1.0909090909090908	2.272727272727273
GO:0043571	1	0.045454545454545456	1.0909090909090908	2.272727272727273
GO:0043596	1	0.011494252873563218	0.09195402298850575	0.04597701149425287
GO:0043601	1	0.011494252873563218	0.09195402298850575	0.04597701149425287
GO:0043709	1	0.01694915254237288	0.3898305084745763	0.23728813559322035
GO:0043750	1	0.02631578947368421	1.0526315789473684	1.1842105263157894
GO:0043751	1	0.011111111111111112	0.788888888888889	0.4222222222222222
GO:0043768	1	0.012658227848101266	0.21518987341772153	0.10126582278481013
GO:0043797	1	0.07142857142857142	8.0	5.785714285714286
GO:0043799	1	0.017241379310344827	0.25862068965517243	0.20689655172413793
GO:0043822	1	0.025	0.35000000000000003	0.35000000000000003
GO:0043865	1	0.011111111111111112	0.37777777777777777	0.45555555555555555
GO:0043893	1	0.015384615384615385	0.2153846153846154	0.18461538461538463
GO:0043901	1	0.014285714285714285	0.5428571428571428	0.45714285714285713
GO:0043902	1	0.01694915254237288	0.3898305084745763	0.23728813559322035
GO:0044011	1	0.014705882352941176	0.6470588235294118	0.6911764705882353
GO:0044421	1	0.022727272727272728	0.29545454545454547	0.5
GO:0044433	1	0.009345794392523364	0.17757009345794392	0.2616822429906542
GO:0044437	1	0.008264462809917356	0.3305785123966942	0.3140495867768595
GO:0044454	1	0.011494252873563218	0.09195402298850575	0.04597701149425287
GO:0044455	1	0.010752688172043012	1.0967741935483872	1.032258064516129
GO:0044703	1	0.008264462809917356	0.3305785123966942	0.3140495867768595
GO:0044706	1	0.008264462809917356	0.3305785123966942	0.3140495867768595
GO:0044729	1	0.012345679012345678	0.08641975308641975	0.19753086419753085
GO:0044743	1	0.010752688172043012	1.0967741935483872	1.032258064516129
GO:0044798	1	0.01	1.17	1.37
GO:0044806	1	0.008695652173913044	2.591304347826087	2.643478260869565
GO:0045027	1	0.02127659574468085	0.9787234042553191	1.0851063829787233
GO:0045039	1	0.010752688172043012	1.0967741935483872	1.032258064516129
GO:0045055	1	0.009345794392523364	0.17757009345794392	0.2616822429906542
GO:0045154	1	0.009009009009009009	0.018018018018018018	0.036036036036036036
GO:0045250	1	0.007246376811594203	0.36231884057971014	0.2971014492753623
GO:0045303	1	0.03125	0.34375	0.34375
GO:0045437	1	0.015151515151515152	0.2727272727272727	0.3484848484848485
GO:0045719	1	0.012195121951219513	0.06097560975609756	0.03658536585365854
GO:0045786	1	0.009708737864077669	0.20388349514563106	0.16504854368932037
GO:0045819	1	0.012987012987012988	0.07792207792207792	0.06493506493506494
GO:0045848	1	0.1	0.8	1.1
GO:0045859	1	0.010869565217391304	0.13043478260869565	0.05434782608695652
GO:0045860	1	0.010869565217391304	0.13043478260869565	0.05434782608695652
GO:0045913	1	0.012987012987012988	0.07792207792207792	0.06493506493506494
GO:0045930	1	0.009708737864077669	0.20388349514563106	0.16504854368932037
GO:0045980	1	0.010101010101010102	0.0	0.0
GO:0046048	1	0.010869565217391304	0.08695652173913043	0.21739130434782608
GO:0046083	1	0.013333333333333334	0.10666666666666667	0.28
GO:0046084	1	0.013333333333333334	0.10666666666666667	0.28
GO:0046100	1	0.01098901098901099	0.3516483516483517	0.3296703296703297
GO:0046101	1	0.01098901098901099	0.3516483516483517	0.3296703296703297
GO:0046103	1	0.01098901098901099	0.3516483516483517	0.3296703296703297
GO:0046108	1	0.012987012987012988	0.3116883116883117	0.19480519480519481
GO:0046149	1	0.017543859649122806	0.21052631578947367	0.24561403508771928
GO:0046167	1	0.043478260869565216	1.4782608695652173	0.8695652173913043
GO:0046181	1	0.022727272727272728	0.4545454545454546	0.2727272727272727
GO:0046183	1	0.02702702702702703	0.5135135135135136	0.6486486486486487
GO:0046428	1	0.020833333333333332	0.41666666666666663	0.47916666666666663
GO:0046430	1	0.02	0.32	0.4
GO:0046438	1	0.012987012987012988	0.1038961038961039	0.18181818181818182
GO:0046473	1	0.023255813953488372	0.4418604651162791	0.32558139534883723
GO:0046491	1	0.024390243902439025	0.5365853658536586	0.29268292682926833
GO:0046564	1	0.037037037037037035	3.148148148148148	3.259259259259259
GO:0046649	1	0.01020408163265306	0.7244897959183673	0.9081632653061223
GO:0046651	1	0.01020408163265306	0.7244897959183673	0.9081632653061223
GO:0046892	1	0.047619047619047616	1.2380952380952381	1.0952380952380951
GO:0047111	1	0.025	0.225	0.275
GO:0047485	1	0.013888888888888888	0.6666666666666666	0.7222222222222222
GO:0047530	1	0.045454545454545456	2.409090909090909	1.7727272727272727
GO:0047681	1	0.04	0.4	0.32
GO:0047761	1	0.05	2.75	3.2
GO:0047777	1	0.04	1.16	0.88
GO:0047917	1	0.07142857142857142	0.3571428571428571	0.14285714285714285
GO:0047921	1	0.02857142857142857	0.7428571428571429	0.7428571428571429
GO:0047931	1	0.07142857142857142	1.5	2.0
GO:0047936	1	0.02	0.32	0.4
GO:0047949	1	0.013888888888888888	0.3333333333333333	0.3194444444444444
GO:0047954	1	0.01639344262295082	0.3442622950819672	0.26229508196721313
GO:0047991	1	0.04	12.040000000000001	10.16
GO:0048046	1	0.008264462809917356	0.3305785123966942	0.3140495867768595
GO:0048256	1	0.014084507042253521	0.15492957746478875	0.29577464788732394
GO:0048316	1	0.015873015873015872	0.5396825396825397	0.5396825396825397
GO:0048512	1	0.0070921985815602835	0.4326241134751773	0.5035460992907801
GO:0048608	1	0.015873015873015872	0.5396825396825397	0.5396825396825397
GO:0048731	1	0.015873015873015872	0.5396825396825397	0.5396825396825397
GO:0048868	1	0.008264462809917356	0.3305785123966942	0.3140495867768595
GO:0050023	1	0.05263157894736842	0.2631578947368421	0.3684210526315789
GO:0050083	1	0.04	1.16	0.88
GO:0050084	1	0.030303030303030304	0.8181818181818182	0.6363636363636364
GO:0050152	1	0.07692307692307693	0.3076923076923077	0.7692307692307693
GO:0050157	1	0.029411764705882353	1.1470588235294117	1.8235294117647058
GO:0050235	1	0.027777777777777776	0.16666666666666666	0.16666666666666666
GO:0050263	1	0.015151515151515152	0.2727272727272727	0.3484848484848485
GO:0050286	1	0.030303030303030304	0.8181818181818182	0.6363636363636364
GO:0050439	1	0.015384615384615385	1.5230769230769232	1.2153846153846155
GO:0050446	1	0.02040816326530612	0.04081632653061224	0.12244897959183673
GO:0050450	1	0.14285714285714285	14.285714285714285	11.571428571428571
GO:0050520	1	0.041666666666666664	0.3333333333333333	0.375
GO:0050664	1	0.045454545454545456	0.4545454545454546	0.3181818181818182
GO:0050776	1	0.037037037037037035	2.0370370370370368	1.8518518518518516
GO:0050777	1	0.037037037037037035	2.0370370370370368	1.8518518518518516
GO:0050865	1	0.037037037037037035	2.0370370370370368	1.8518518518518516
GO:0050866	1	0.037037037037037035	2.0370370370370368	1.8518518518518516
GO:0050919	1	0.03571428571428571	1.0	0.46428571428571425
GO:0050920	1	0.00909090909090909	0.4818181818181818	0.5363636363636364
GO:0050997	1	0.034482758620689655	0.9310344827586207	0.7586206896551724
GO:0051015	1	0.037037037037037035	1.7777777777777777	1.1481481481481481
GO:0051050	1	0.012345679012345678	0.2345679012345679	0.2716049382716049
GO:0051065	1	0.011627906976744186	0.627906976744186	0.686046511627907
GO:0051139	1	0.0196078431372549	0.0196078431372549	0.058823529411764705
GO:0051224	1	0.041666666666666664	0.5	0.5
GO:0051347	1	0.010869565217391304	0.13043478260869565	0.05434782608695652
GO:0051348	1	0.008695652173913044	2.591304347826087	2.643478260869565
GO:0051353	1	0.037037037037037035	0.7777777777777777	1.5185185185185184
GO:0051410	1	0.013157894736842105	0.17105263157894735	0.17105263157894735
GO:0051472	1	0.041666666666666664	1.875	1.3333333333333333
GO:0051595	1	0.016129032258064516	1.0806451612903225	0.9516129032258064
GO:0051703	1	0.014705882352941176	0.6470588235294118	0.6911764705882353
GO:0051748	1	0.023255813953488372	0.27906976744186046	0.23255813953488372
GO:0051788	1	0.017857142857142856	0.5	0.6964285714285714
GO:0051790	1	0.014705882352941176	0.6470588235294118	0.6911764705882353
GO:0051952	1	0.012345679012345678	0.2345679012345679	0.2716049382716049
GO:0051954	1	0.012345679012345678	0.2345679012345679	0.2716049382716049
GO:0051955	1	0.012345679012345678	0.2345679012345679	0.2716049382716049
GO:0051957	1	0.012345679012345678	0.2345679012345679	0.2716049382716049
GO:0051972	1	0.008695652173913044	2.591304347826087	2.643478260869565
GO:0051974	1	0.008695652173913044	2.591304347826087	2.643478260869565
GO:0052116	1	0.02	0.02	0.0
GO:0052127	1	0.02	0.02	0.0
GO:0052143	1	0.02	0.02	0.0
GO:0052195	1	0.02	0.02	0.0
GO:0052216	1	0.02	0.02	0.0
GO:0052243	1	0.02	0.02	0.0
GO:0052698	1	0.011627906976744186	0.4883720930232558	0.32558139534883723
GO:0052699	1	0.011627906976744186	0.4883720930232558	0.32558139534883723
GO:0052701	1	0.011627906976744186	0.4883720930232558	0.32558139534883723
GO:0052703	1	0.011627906976744186	0.4883720930232558	0.32558139534883723
GO:0052704	1	0.011627906976744186	0.4883720930232558	0.32558139534883723
GO:0052707	1	0.011627906976744186	0.4883720930232558	0.32558139534883723
GO:0052708	1	0.011627906976744186	0.4883720930232558	0.32558139534883723
GO:0052709	1	0.011627906976744186	0.4883720930232558	0.32558139534883723
GO:0052717	1	0.023255813953488372	0.09302325581395349	0.09302325581395349
GO:0052737	1	0.014925373134328358	0.13432835820895522	0.208955223880597
GO:0052751	1	0.03571428571428571	0.25	0.6428571428571428
GO:0052777	1	0.05555555555555555	1.6666666666666665	1.9444444444444444
GO:0052778	1	0.05555555555555555	1.6666666666666665	1.9444444444444444
GO:0052779	1	0.05555555555555555	1.6666666666666665	1.9444444444444444
GO:0052782	1	0.05555555555555555	1.6666666666666665	1.9444444444444444
GO:0052868	1	0.015151515151515152	0.0	0.030303030303030304
GO:0052873	1	0.02702702702702703	0.2702702702702703	0.2702702702702703
GO:0052912	1	0.018518518518518517	0.2962962962962963	0.2962962962962963
GO:0055040	1	0.1111111111111111	0.8888888888888888	0.6666666666666666
GO:0055074	1	0.011494252873563218	1.3333333333333333	1.4942528735632183
GO:0055078	1	0.012195121951219513	0.3170731707317073	0.5731707317073171
GO:0055106	1	0.009523809523809525	0.01904761904761905	0.04761904761904762
GO:0060205	1	0.009345794392523364	0.17757009345794392	0.2616822429906542
GO:0060491	1	0.01694915254237288	0.3898305084745763	0.23728813559322035
GO:0060560	1	0.008264462809917356	0.3305785123966942	0.3140495867768595
GO:0061458	1	0.015873015873015872	0.5396825396825397	0.5396825396825397
GO:0061503	1	0.025	0.875	0.5
GO:0061504	1	0.025	0.875	0.5
GO:0061603	1	0.015625	0.3125	0.28125
GO:0061693	1	0.04	0.32	0.56
GO:0061798	1	0.023809523809523808	0.6666666666666666	0.7619047619047619
GO:0070012	1	0.038461538461538464	2.3461538461538463	3.730769230769231
GO:0070051	1	0.1	4.6000000000000005	2.7
GO:0070205	1	0.029411764705882353	0.9411764705882353	0.6176470588235294
GO:0070213	1	0.01694915254237288	0.01694915254237288	0.03389830508474576
GO:0070280	1	0.029411764705882353	1.1470588235294117	1.8235294117647058
GO:0070405	1	0.02564102564102564	2.6153846153846154	2.9743589743589745
GO:0070453	1	0.011494252873563218	0.4367816091954023	0.47126436781609193
GO:0070585	1	0.010752688172043012	1.0967741935483872	1.032258064516129
GO:0070613	1	0.014925373134328358	0.47761194029850745	0.5522388059701493
GO:0070661	1	0.01020408163265306	0.7244897959183673	0.9081632653061223
GO:0070678	1	0.03571428571428571	0.03571428571428571	0.10714285714285714
GO:0070717	1	0.014925373134328358	0.8208955223880597	0.5970149253731343
GO:0070874	1	0.012195121951219513	0.06097560975609756	0.03658536585365854
GO:0070875	1	0.012987012987012988	0.07792207792207792	0.06493506493506494
GO:0070881	1	0.012345679012345678	0.2345679012345679	0.2716049382716049
GO:0071172	1	0.1111111111111111	1.7777777777777777	1.5555555555555554
GO:0071218	1	0.017857142857142856	0.5	0.6964285714285714
GO:0071268	1	0.0070921985815602835	0.4326241134751773	0.5035460992907801
GO:0071289	1	0.017241379310344827	0.29310344827586204	0.15517241379310345
GO:0071453	1	0.045454545454545456	0.9090909090909092	1.0909090909090908
GO:0071479	1	0.01694915254237288	0.01694915254237288	0.03389830508474576
GO:0071524	1	0.02564102564102564	2.1025641025641026	2.717948717948718
GO:0071525	1	0.02564102564102564	2.1025641025641026	2.717948717948718
GO:0071890	1	0.02631578947368421	0.8421052631578947	0.6578947368421052
GO:0071915	1	0.015151515151515152	0.0	0.030303030303030304
GO:0071945	1	0.02702702702702703	0.5135135135135136	0.5405405405405406
GO:0071975	1	0.018867924528301886	0.3584905660377358	0.43396226415094336
GO:0071977	1	0.018867924528301886	0.3584905660377358	0.43396226415094336
GO:0072580	1	0.015151515151515152	0.0	0.030303030303030304
GO:0072581	1	0.015151515151515152	0.0	0.030303030303030304
GO:0072592	1	0.037037037037037035	4.888888888888888	3.6296296296296293
GO:0072655	1	0.010752688172043012	1.0967741935483872	1.032258064516129
GO:0075713	1	0.025	0.025	0.0
GO:0090116	1	0.029411764705882353	0.6764705882352942	0.3529411764705882
GO:0090143	1	0.012345679012345678	0.08641975308641975	0.19753086419753085
GO:0090151	1	0.010752688172043012	1.0967741935483872	1.032258064516129
GO:0090499	1	0.02127659574468085	0.5531914893617021	0.425531914893617
GO:0090549	1	0.03571428571428571	0.2857142857142857	0.10714285714285714
GO:0090564	1	0.025	0.275	0.2
GO:0090565	1	0.02564102564102564	0.23076923076923075	0.23076923076923075
GO:0090599	1	0.022222222222222223	0.15555555555555556	0.2
GO:0097027	1	0.009523809523809525	0.01904761904761905	0.04761904761904762
GO:0097264	1	0.022727272727272728	0.8409090909090909	1.2954545454545454
GO:0097435	1	0.037037037037037035	1.7777777777777777	1.1481481481481481
GO:0097458	1	0.0070921985815602835	0.4326241134751773	0.5035460992907801
GO:0097657	1	0.05	1.85	1.75
GO:0097708	1	0.009345794392523364	0.17757009345794392	0.2616822429906542
GO:0098573	1	0.010752688172043012	1.0967741935483872	1.032258064516129
GO:0098586	1	0.015384615384615385	0.24615384615384617	0.2153846153846154
GO:0098604	1	0.0070921985815602835	0.4326241134751773	0.5035460992907801
GO:0098713	1	0.0136986301369863	0.0273972602739726	0.0136986301369863
GO:0098719	1	0.014285714285714285	0.07142857142857142	0.07142857142857142
GO:0098781	1	0.01	1.17	1.37
GO:0098798	1	0.010752688172043012	1.0967741935483872	1.032258064516129
GO:0098799	1	0.010752688172043012	1.0967741935483872	1.032258064516129
GO:0098848	1	0.038461538461538464	0.11538461538461539	0.0
GO:0099503	1	0.009345794392523364	0.17757009345794392	0.2616822429906542
GO:0099620	1	0.041666666666666664	1.625	1.5416666666666665
GO:0099621	1	0.08333333333333333	0.75	0.5833333333333333
GO:0106008	1	0.07692307692307693	0.3076923076923077	0.7692307692307693
GO:0120025	1	0.0070921985815602835	0.4326241134751773	0.5035460992907801
GO:0140009	1	0.01098901098901099	0.5714285714285715	0.7582417582417583
GO:1900191	1	0.014285714285714285	0.5428571428571428	0.45714285714285713
GO:1900192	1	0.01694915254237288	0.3898305084745763	0.23728813559322035
GO:1900232	1	0.014285714285714285	0.5428571428571428	0.45714285714285713
GO:1900233	1	0.01694915254237288	0.3898305084745763	0.23728813559322035
GO:1900371	1	0.010101010101010102	0.0	0.0
GO:1900372	1	0.010101010101010102	0.0	0.0
GO:1900542	1	0.010101010101010102	0.0	0.0
GO:1900543	1	0.010101010101010102	0.0	0.0
GO:1901283	1	0.02	1.0	1.54
GO:1901285	1	0.02	1.0	1.54
GO:1901401	1	0.011494252873563218	0.4367816091954023	0.47126436781609193
GO:1901463	1	0.011494252873563218	0.4367816091954023	0.47126436781609193
GO:1901530	1	0.023809523809523808	0.5476190476190476	0.5238095238095237
GO:1901612	1	0.012195121951219513	0.3170731707317073	0.5731707317073171
GO:1901680	1	0.011111111111111112	0.37777777777777777	0.45555555555555555
GO:1901702	1	0.022727272727272728	0.2272727272727273	0.045454545454545456
GO:1901892	1	0.009708737864077669	0.20388349514563106	0.16504854368932037
GO:1902115	1	0.01694915254237288	0.3898305084745763	0.23728813559322035
GO:1902116	1	0.01694915254237288	0.3898305084745763	0.23728813559322035
GO:1902208	1	0.01694915254237288	0.3898305084745763	0.23728813559322035
GO:1902209	1	0.01694915254237288	0.3898305084745763	0.23728813559322035
GO:1902292	1	0.014492753623188406	0.42028985507246375	0.18840579710144928
GO:1902328	1	0.014492753623188406	0.42028985507246375	0.18840579710144928
GO:1902413	1	0.009708737864077669	0.20388349514563106	0.16504854368932037
GO:1902476	1	0.01098901098901099	0.5714285714285715	0.7582417582417583
GO:1902563	1	0.037037037037037035	2.0370370370370368	1.8518518518518516
GO:1902564	1	0.037037037037037035	2.0370370370370368	1.8518518518518516
GO:1902652	1	0.02127659574468085	0.06382978723404255	0.0
GO:1902757	1	0.015625	0.3125	0.28125
GO:1902758	1	0.015625	0.3125	0.28125
GO:1902834	1	0.012345679012345678	0.2345679012345679	0.2716049382716049
GO:1902836	1	0.012345679012345678	0.2345679012345679	0.2716049382716049
GO:1903317	1	0.014925373134328358	0.47761194029850745	0.5522388059701493
GO:1903319	1	0.014925373134328358	0.47761194029850745	0.5522388059701493
GO:1903352	1	0.014925373134328358	0.6268656716417911	0.8805970149253731
GO:1903437	1	0.009708737864077669	0.20388349514563106	0.16504854368932037
GO:1903513	1	0.009523809523809525	0.01904761904761905	0.04761904761904762
GO:1903789	1	0.012345679012345678	0.2345679012345679	0.2716049382716049
GO:1903793	1	0.012345679012345678	0.2345679012345679	0.2716049382716049
GO:1903961	1	0.012345679012345678	0.2345679012345679	0.2716049382716049
GO:1904062	1	0.012345679012345678	0.2345679012345679	0.2716049382716049
GO:1904064	1	0.012345679012345678	0.2345679012345679	0.2716049382716049
GO:1904356	1	0.008695652173913044	2.591304347826087	2.643478260869565
GO:1904357	1	0.008695652173913044	2.591304347826087	2.643478260869565
GO:1904659	1	0.025	0.275	0.2
GO:1904950	1	0.041666666666666664	0.5	0.5
GO:1905647	1	0.010526315789473684	0.16842105263157894	0.22105263157894736
GO:1990002	1	0.04	0.4	0.32
GO:1990077	1	0.011494252873563218	0.09195402298850575	0.04597701149425287
GO:1990097	1	0.012345679012345678	0.08641975308641975	0.19753086419753085
GO:1990099	1	0.011494252873563218	0.09195402298850575	0.04597701149425287
GO:1990275	1	0.01818181818181818	0.07272727272727272	0.05454545454545454
GO:1990281	1	0.013888888888888888	0.6666666666666666	0.7222222222222222
GO:1990397	1	0.019230769230769232	0.17307692307692307	0.19230769230769232
GO:1990542	1	0.010752688172043012	1.0967741935483872	1.032258064516129
GO:1990827	1	0.020833333333333332	0.3333333333333333	0.4375
GO:2000278	1	0.008695652173913044	2.591304347826087	2.643478260869565
GO:2000279	1	0.008695652173913044	2.591304347826087	2.643478260869565
GO:2001115	1	0.02	1.0	1.54
GO:2001116	1	0.02	1.0	1.54
GO:2001117	1	0.02	1.0	1.54
GO:2001118	1	0.02	1.0	1.54
