EvaluationSet	Reference	GenBankAssembly	ExpectedAbundancePct	AbundanceBin	Branch	EvidenceClass	GenomeFractionPct	RecoveredGe90Pct	FullGenomeGe99Pct	MismatchesPer100Kbp	IndelsPer100Kbp	ReferenceReportPresent	BranchReportPresent
MOCK1	Halobacterium_salinarum_NRC-1	GCA_000006805.1	2.53229319151	>=1%	sr-megahit-m1	biological	57.518	no	no	185.38	3.51	yes	yes
MOCK1	Halobacterium_salinarum_NRC-1	GCA_000006805.1	2.53229319151	>=1%	sr-metaspades-m1	biological	63.709	no	no	190.52	8.91	yes	yes
MOCK1	Halobacterium_salinarum_NRC-1	GCA_000006805.1	2.53229319151	>=1%	lr-flye-ont	biological	93.986	yes	no	100.14	306.88	yes	yes
MOCK1	Halobacterium_salinarum_NRC-1	GCA_000006805.1	2.53229319151	>=1%	lr-flye-hifi	biological	95.38	yes	no	1.85	2.01	yes	yes
MOCK1	Halobacterium_salinarum_NRC-1	GCA_000006805.1	2.53229319151	>=1%	lr-hifiasm-hifi	biological	87.228	no	no	1.16	0.31	yes	yes
MOCK1	Halobacterium_salinarum_NRC-1	GCA_000006805.1	2.53229319151	>=1%	lr-metamdbg-hifi	biological	92.112	yes	no	1.31	0.34	yes	yes
MOCK1	Halobacterium_salinarum_NRC-1	GCA_000006805.1	2.53229319151	>=1%	sr-spades-10m	biological	91.094	yes	no	5.63	0.38	yes	yes
MOCK1	Halobacterium_salinarum_NRC-1	GCA_000006805.1	2.53229319151	>=1%	hybrid-illumina-ont	biological	92.461	yes	no	11	0.63	yes	yes
MOCK1	Halobacterium_salinarum_NRC-1	GCA_000006805.1	2.53229319151	>=1%	hybrid-illumina-hifi	biological	92.436	yes	no	8.77	0.92	yes	yes
MOCK1	Halobacterium_salinarum_NRC-1	GCA_000006805.1	2.53229319151	>=1%	lr-ont-polypolish	biological	94.259	yes	no	43.02	65.99	yes	yes
MOCK1	Halobacterium_salinarum_NRC-1	GCA_000006805.1	2.53229319151	>=1%	lr-ont-careful	biological	94.258	yes	no	46.17	79.3	yes	yes
MOCK1	Halobacterium_salinarum_NRC-1	GCA_000006805.1	2.53229319151	>=1%	diagnostic-fragmented-50kb	diagnostic	95.375	yes	no	1.85	2.01	yes	yes
MOCK1	Halobacterium_salinarum_NRC-1	GCA_000006805.1	2.53229319151	>=1%	diagnostic-chimeric-rotation	diagnostic	95.38	yes	no	1.85	2.01	yes	yes
MOCK1	Chlorobaculum_tepidum_TLS	GCA_000006985.1	0.243282052687	0.1-<1%	sr-megahit-m1	biological	17.044	no	no	185.37	2.45	yes	yes
MOCK1	Chlorobaculum_tepidum_TLS	GCA_000006985.1	0.243282052687	0.1-<1%	sr-metaspades-m1	biological	22.034	no	no	187.35	6.95	yes	yes
MOCK1	Chlorobaculum_tepidum_TLS	GCA_000006985.1	0.243282052687	0.1-<1%	lr-flye-ont	biological	100	yes	yes	88.05	526.09	yes	yes
MOCK1	Chlorobaculum_tepidum_TLS	GCA_000006985.1	0.243282052687	0.1-<1%	lr-flye-hifi	biological	100	yes	yes	0.28	0.37	yes	yes
MOCK1	Chlorobaculum_tepidum_TLS	GCA_000006985.1	0.243282052687	0.1-<1%	lr-hifiasm-hifi	biological	100	yes	yes	0.28	0.32	yes	yes
MOCK1	Chlorobaculum_tepidum_TLS	GCA_000006985.1	0.243282052687	0.1-<1%	lr-metamdbg-hifi	biological	99.836	yes	yes	0.28	0.37	yes	yes
MOCK1	Chlorobaculum_tepidum_TLS	GCA_000006985.1	0.243282052687	0.1-<1%	sr-spades-10m	biological	98.822	yes	no	12.44	1.27	yes	yes
MOCK1	Chlorobaculum_tepidum_TLS	GCA_000006985.1	0.243282052687	0.1-<1%	hybrid-illumina-ont	biological	99.57	yes	yes	25.86	4.61	yes	yes
MOCK1	Chlorobaculum_tepidum_TLS	GCA_000006985.1	0.243282052687	0.1-<1%	hybrid-illumina-hifi	biological	99.769	yes	yes	31.01	7.02	yes	yes
MOCK1	Chlorobaculum_tepidum_TLS	GCA_000006985.1	0.243282052687	0.1-<1%	lr-ont-polypolish	biological	100	yes	yes	5.85	59.61	yes	yes
MOCK1	Chlorobaculum_tepidum_TLS	GCA_000006985.1	0.243282052687	0.1-<1%	lr-ont-careful	biological	100	yes	yes	8.45	71.83	yes	yes
MOCK1	Chlorobaculum_tepidum_TLS	GCA_000006985.1	0.243282052687	0.1-<1%	diagnostic-fragmented-50kb	diagnostic	100	yes	yes	0.28	0.37	yes	yes
MOCK1	Chlorobaculum_tepidum_TLS	GCA_000006985.1	0.243282052687	0.1-<1%	diagnostic-chimeric-rotation	diagnostic	100	yes	yes	0.28	0.37	yes	yes
MOCK1	Methanopyrus_kandleri_AV19	GCA_000007185.1	0.210206465038	0.1-<1%	sr-megahit-m1	biological	0.753	no	no	156.8	0	yes	yes
MOCK1	Methanopyrus_kandleri_AV19	GCA_000007185.1	0.210206465038	0.1-<1%	sr-metaspades-m1	biological	1.36	no	no	229.9	0	yes	yes
MOCK1	Methanopyrus_kandleri_AV19	GCA_000007185.1	0.210206465038	0.1-<1%	lr-flye-ont	biological	57.211	no	no	754.15	1795.43	yes	yes
MOCK1	Methanopyrus_kandleri_AV19	GCA_000007185.1	0.210206465038	0.1-<1%	lr-flye-hifi	biological	99.861	yes	yes	1.89	5.49	yes	yes
MOCK1	Methanopyrus_kandleri_AV19	GCA_000007185.1	0.210206465038	0.1-<1%	lr-hifiasm-hifi	biological	99.746	yes	yes	3	7.93	yes	yes
MOCK1	Methanopyrus_kandleri_AV19	GCA_000007185.1	0.210206465038	0.1-<1%	lr-metamdbg-hifi	biological	99.699	yes	yes	1.89	1.89	yes	yes
MOCK1	Methanopyrus_kandleri_AV19	GCA_000007185.1	0.210206465038	0.1-<1%	sr-spades-10m	biological	95.067	yes	no	103.46	12.75	yes	yes
MOCK1	Methanopyrus_kandleri_AV19	GCA_000007185.1	0.210206465038	0.1-<1%	hybrid-illumina-ont	biological	98.741	yes	no	143.05	73.04	yes	yes
MOCK1	Methanopyrus_kandleri_AV19	GCA_000007185.1	0.210206465038	0.1-<1%	hybrid-illumina-hifi	biological	99.717	yes	yes	107.33	6.48	yes	yes
MOCK1	Methanopyrus_kandleri_AV19	GCA_000007185.1	0.210206465038	0.1-<1%	lr-ont-polypolish	biological	71.822	no	no	657.68	1427.26	yes	yes
MOCK1	Methanopyrus_kandleri_AV19	GCA_000007185.1	0.210206465038	0.1-<1%	lr-ont-careful	biological	71.822	no	no	661.4	1435.67	yes	yes
MOCK1	Methanopyrus_kandleri_AV19	GCA_000007185.1	0.210206465038	0.1-<1%	diagnostic-fragmented-50kb	diagnostic	99.861	yes	yes	1.89	5.49	yes	yes
MOCK1	Methanopyrus_kandleri_AV19	GCA_000007185.1	0.210206465038	0.1-<1%	diagnostic-chimeric-rotation	diagnostic	99.861	yes	yes	1.89	5.49	yes	yes
MOCK1	Pyrobaculum_aerophilum_IM2	GCA_000007225.1	0.229024505381	0.1-<1%	sr-megahit-m1	biological	0	no	no	NA	NA	yes	no
MOCK1	Pyrobaculum_aerophilum_IM2	GCA_000007225.1	0.229024505381	0.1-<1%	sr-metaspades-m1	biological	0	no	no	NA	NA	yes	no
MOCK1	Pyrobaculum_aerophilum_IM2	GCA_000007225.1	0.229024505381	0.1-<1%	lr-flye-ont	biological	1.216	no	no	946.5	2369.95	yes	yes
MOCK1	Pyrobaculum_aerophilum_IM2	GCA_000007225.1	0.229024505381	0.1-<1%	lr-flye-hifi	biological	42.403	no	no	10.29	68.52	yes	yes
MOCK1	Pyrobaculum_aerophilum_IM2	GCA_000007225.1	0.229024505381	0.1-<1%	lr-hifiasm-hifi	biological	69.885	no	no	14.74	133.82	yes	yes
MOCK1	Pyrobaculum_aerophilum_IM2	GCA_000007225.1	0.229024505381	0.1-<1%	lr-metamdbg-hifi	biological	70.744	no	no	22.95	50.87	yes	yes
MOCK1	Pyrobaculum_aerophilum_IM2	GCA_000007225.1	0.229024505381	0.1-<1%	sr-spades-10m	biological	0.834	no	no	259.47	32.43	yes	yes
MOCK1	Pyrobaculum_aerophilum_IM2	GCA_000007225.1	0.229024505381	0.1-<1%	hybrid-illumina-ont	biological	2.086	no	no	685.98	849.41	yes	yes
MOCK1	Pyrobaculum_aerophilum_IM2	GCA_000007225.1	0.229024505381	0.1-<1%	hybrid-illumina-hifi	biological	22.292	no	no	179.14	68.19	yes	yes
MOCK1	Pyrobaculum_aerophilum_IM2	GCA_000007225.1	0.229024505381	0.1-<1%	lr-ont-polypolish	biological	1.216	no	no	946.5	2369.95	yes	yes
MOCK1	Pyrobaculum_aerophilum_IM2	GCA_000007225.1	0.229024505381	0.1-<1%	lr-ont-careful	biological	1.216	no	no	946.5	2369.95	yes	yes
MOCK1	Pyrobaculum_aerophilum_IM2	GCA_000007225.1	0.229024505381	0.1-<1%	diagnostic-fragmented-50kb	diagnostic	42.403	no	no	10.29	68.52	yes	yes
MOCK1	Pyrobaculum_aerophilum_IM2	GCA_000007225.1	0.229024505381	0.1-<1%	diagnostic-chimeric-rotation	diagnostic	42.403	no	no	10.29	68.52	yes	yes
MOCK1	Pyrococcus_furiosus_DSM_3638	GCA_000007305.1	0.401834945916	0.1-<1%	sr-megahit-m1	biological	0	no	no	NA	NA	yes	no
MOCK1	Pyrococcus_furiosus_DSM_3638	GCA_000007305.1	0.401834945916	0.1-<1%	sr-metaspades-m1	biological	0.079	no	no	200.27	66.76	yes	yes
MOCK1	Pyrococcus_furiosus_DSM_3638	GCA_000007305.1	0.401834945916	0.1-<1%	lr-flye-ont	biological	0	no	no	NA	NA	yes	no
MOCK1	Pyrococcus_furiosus_DSM_3638	GCA_000007305.1	0.401834945916	0.1-<1%	lr-flye-hifi	biological	0.707	no	no	0	29.65	yes	yes
MOCK1	Pyrococcus_furiosus_DSM_3638	GCA_000007305.1	0.401834945916	0.1-<1%	lr-hifiasm-hifi	biological	3.433	no	no	113.51	93.84	yes	yes
MOCK1	Pyrococcus_furiosus_DSM_3638	GCA_000007305.1	0.401834945916	0.1-<1%	lr-metamdbg-hifi	biological	5.929	no	no	70.34	73.86	yes	yes
MOCK1	Pyrococcus_furiosus_DSM_3638	GCA_000007305.1	0.401834945916	0.1-<1%	sr-spades-10m	biological	0.35	no	no	29.96	59.92	yes	yes
MOCK1	Pyrococcus_furiosus_DSM_3638	GCA_000007305.1	0.401834945916	0.1-<1%	hybrid-illumina-ont	biological	0.491	no	no	298.16	585.67	yes	yes
MOCK1	Pyrococcus_furiosus_DSM_3638	GCA_000007305.1	0.401834945916	0.1-<1%	hybrid-illumina-hifi	biological	0.927	no	no	322.16	90.43	yes	yes
MOCK1	Pyrococcus_furiosus_DSM_3638	GCA_000007305.1	0.401834945916	0.1-<1%	lr-ont-polypolish	biological	0	no	no	NA	NA	yes	no
MOCK1	Pyrococcus_furiosus_DSM_3638	GCA_000007305.1	0.401834945916	0.1-<1%	lr-ont-careful	biological	0	no	no	NA	NA	yes	no
MOCK1	Pyrococcus_furiosus_DSM_3638	GCA_000007305.1	0.401834945916	0.1-<1%	diagnostic-fragmented-50kb	diagnostic	0.707	no	no	0	29.65	yes	yes
MOCK1	Pyrococcus_furiosus_DSM_3638	GCA_000007305.1	0.401834945916	0.1-<1%	diagnostic-chimeric-rotation	diagnostic	0.707	no	no	0	29.65	yes	yes
MOCK1	Methanosarcina_acetivorans_C2A	GCA_000007345.1	0.176994459347	0.1-<1%	sr-megahit-m1	biological	0	no	no	NA	NA	yes	no
MOCK1	Methanosarcina_acetivorans_C2A	GCA_000007345.1	0.176994459347	0.1-<1%	sr-metaspades-m1	biological	0	no	no	NA	NA	yes	no
MOCK1	Methanosarcina_acetivorans_C2A	GCA_000007345.1	0.176994459347	0.1-<1%	lr-flye-ont	biological	0	no	no	NA	NA	yes	no
MOCK1	Methanosarcina_acetivorans_C2A	GCA_000007345.1	0.176994459347	0.1-<1%	lr-flye-hifi	biological	0	no	no	NA	NA	yes	no
MOCK1	Methanosarcina_acetivorans_C2A	GCA_000007345.1	0.176994459347	0.1-<1%	lr-hifiasm-hifi	biological	0	no	no	NA	NA	yes	no
MOCK1	Methanosarcina_acetivorans_C2A	GCA_000007345.1	0.176994459347	0.1-<1%	lr-metamdbg-hifi	biological	0	no	no	NA	NA	yes	no
MOCK1	Methanosarcina_acetivorans_C2A	GCA_000007345.1	0.176994459347	0.1-<1%	sr-spades-10m	biological	0.023	no	no	827.69	0	yes	yes
MOCK1	Methanosarcina_acetivorans_C2A	GCA_000007345.1	0.176994459347	0.1-<1%	hybrid-illumina-ont	biological	0.023	no	no	827.69	0	yes	yes
MOCK1	Methanosarcina_acetivorans_C2A	GCA_000007345.1	0.176994459347	0.1-<1%	hybrid-illumina-hifi	biological	0.023	no	no	827.69	0	yes	yes
MOCK1	Methanosarcina_acetivorans_C2A	GCA_000007345.1	0.176994459347	0.1-<1%	lr-ont-polypolish	biological	0	no	no	NA	NA	yes	no
MOCK1	Methanosarcina_acetivorans_C2A	GCA_000007345.1	0.176994459347	0.1-<1%	lr-ont-careful	biological	0	no	no	NA	NA	yes	no
MOCK1	Methanosarcina_acetivorans_C2A	GCA_000007345.1	0.176994459347	0.1-<1%	diagnostic-fragmented-50kb	diagnostic	0	no	no	NA	NA	yes	no
MOCK1	Methanosarcina_acetivorans_C2A	GCA_000007345.1	0.176994459347	0.1-<1%	diagnostic-chimeric-rotation	diagnostic	0	no	no	NA	NA	yes	no
MOCK1	Pseudomonas_putida_KT2440	GCA_000007565.2	1.48249785872	>=1%	sr-megahit-m1	biological	5.057	no	no	300.94	7.36	yes	yes
MOCK1	Pseudomonas_putida_KT2440	GCA_000007565.2	1.48249785872	>=1%	sr-metaspades-m1	biological	7.52	no	no	261.21	12.06	yes	yes
MOCK1	Pseudomonas_putida_KT2440	GCA_000007565.2	1.48249785872	>=1%	lr-flye-ont	biological	99.636	yes	yes	255.87	617.25	yes	yes
MOCK1	Pseudomonas_putida_KT2440	GCA_000007565.2	1.48249785872	>=1%	lr-flye-hifi	biological	99.999	yes	yes	2.41	0.52	yes	yes
MOCK1	Pseudomonas_putida_KT2440	GCA_000007565.2	1.48249785872	>=1%	lr-hifiasm-hifi	biological	99.999	yes	yes	2.41	0.52	yes	yes
MOCK1	Pseudomonas_putida_KT2440	GCA_000007565.2	1.48249785872	>=1%	lr-metamdbg-hifi	biological	99.967	yes	yes	0.95	0.4	yes	yes
MOCK1	Pseudomonas_putida_KT2440	GCA_000007565.2	1.48249785872	>=1%	sr-spades-10m	biological	97.692	yes	no	35.77	3.39	yes	yes
MOCK1	Pseudomonas_putida_KT2440	GCA_000007565.2	1.48249785872	>=1%	hybrid-illumina-ont	biological	98.628	yes	no	43.2	5.83	yes	yes
MOCK1	Pseudomonas_putida_KT2440	GCA_000007565.2	1.48249785872	>=1%	hybrid-illumina-hifi	biological	98.843	yes	no	40.96	1.85	yes	yes
MOCK1	Pseudomonas_putida_KT2440	GCA_000007565.2	1.48249785872	>=1%	lr-ont-polypolish	biological	99.636	yes	yes	88.66	198.78	yes	yes
MOCK1	Pseudomonas_putida_KT2440	GCA_000007565.2	1.48249785872	>=1%	lr-ont-careful	biological	99.636	yes	yes	101.21	226.74	yes	yes
MOCK1	Pseudomonas_putida_KT2440	GCA_000007565.2	1.48249785872	>=1%	diagnostic-fragmented-50kb	diagnostic	99.999	yes	yes	2.41	0.52	yes	yes
MOCK1	Pseudomonas_putida_KT2440	GCA_000007565.2	1.48249785872	>=1%	diagnostic-chimeric-rotation	diagnostic	99.999	yes	yes	2.41	0.52	yes	yes
MOCK1	Geobacter_sulfurreducens_PCA	GCA_000007985.2	0.587173172916	0.1-<1%	sr-megahit-m1	biological	0.218	no	no	144.33	0	yes	yes
MOCK1	Geobacter_sulfurreducens_PCA	GCA_000007985.2	0.587173172916	0.1-<1%	sr-metaspades-m1	biological	0.31	no	no	186	8.45	yes	yes
MOCK1	Geobacter_sulfurreducens_PCA	GCA_000007985.2	0.587173172916	0.1-<1%	lr-flye-ont	biological	31.932	no	no	721.16	1857.26	yes	yes
MOCK1	Geobacter_sulfurreducens_PCA	GCA_000007985.2	0.587173172916	0.1-<1%	lr-flye-hifi	biological	86.749	no	no	1.98	47.13	yes	yes
MOCK1	Geobacter_sulfurreducens_PCA	GCA_000007985.2	0.587173172916	0.1-<1%	lr-hifiasm-hifi	biological	83.302	no	no	6.81	83.96	yes	yes
MOCK1	Geobacter_sulfurreducens_PCA	GCA_000007985.2	0.587173172916	0.1-<1%	lr-metamdbg-hifi	biological	90.673	yes	no	1.18	24.07	yes	yes
MOCK1	Geobacter_sulfurreducens_PCA	GCA_000007985.2	0.587173172916	0.1-<1%	sr-spades-10m	biological	78.881	no	no	117.85	16.69	yes	yes
MOCK1	Geobacter_sulfurreducens_PCA	GCA_000007985.2	0.587173172916	0.1-<1%	hybrid-illumina-ont	biological	92.446	yes	no	237.46	189.94	yes	yes
MOCK1	Geobacter_sulfurreducens_PCA	GCA_000007985.2	0.587173172916	0.1-<1%	hybrid-illumina-hifi	biological	96.35	yes	no	135.68	15.34	yes	yes
MOCK1	Geobacter_sulfurreducens_PCA	GCA_000007985.2	0.587173172916	0.1-<1%	lr-ont-polypolish	biological	35.274	no	no	666.02	1616.99	yes	yes
MOCK1	Geobacter_sulfurreducens_PCA	GCA_000007985.2	0.587173172916	0.1-<1%	lr-ont-careful	biological	35.274	no	no	667.04	1619.76	yes	yes
MOCK1	Geobacter_sulfurreducens_PCA	GCA_000007985.2	0.587173172916	0.1-<1%	diagnostic-fragmented-50kb	diagnostic	86.749	no	no	1.98	47.13	yes	yes
MOCK1	Geobacter_sulfurreducens_PCA	GCA_000007985.2	0.587173172916	0.1-<1%	diagnostic-chimeric-rotation	diagnostic	86.749	no	no	1.98	47.13	yes	yes
MOCK1	Nanoarchaeum_equitans_Kin4-M	GCA_000008085.1	0.955656442804	0.1-<1%	sr-megahit-m1	biological	67.958	no	no	42.25	0.6	yes	yes
MOCK1	Nanoarchaeum_equitans_Kin4-M	GCA_000008085.1	0.955656442804	0.1-<1%	sr-metaspades-m1	biological	73.974	no	no	47.65	3.31	yes	yes
MOCK1	Nanoarchaeum_equitans_Kin4-M	GCA_000008085.1	0.955656442804	0.1-<1%	lr-flye-ont	biological	2.283	no	no	26.85	590.71	yes	yes
MOCK1	Nanoarchaeum_equitans_Kin4-M	GCA_000008085.1	0.955656442804	0.1-<1%	lr-flye-hifi	biological	0	no	no	NA	NA	yes	no
MOCK1	Nanoarchaeum_equitans_Kin4-M	GCA_000008085.1	0.955656442804	0.1-<1%	lr-hifiasm-hifi	biological	0	no	no	NA	NA	yes	no
MOCK1	Nanoarchaeum_equitans_Kin4-M	GCA_000008085.1	0.955656442804	0.1-<1%	lr-metamdbg-hifi	biological	0	no	no	NA	NA	yes	no
MOCK1	Nanoarchaeum_equitans_Kin4-M	GCA_000008085.1	0.955656442804	0.1-<1%	sr-spades-10m	biological	99.263	yes	yes	8	0.62	yes	yes
MOCK1	Nanoarchaeum_equitans_Kin4-M	GCA_000008085.1	0.955656442804	0.1-<1%	hybrid-illumina-ont	biological	99.271	yes	yes	9.23	1.03	yes	yes
MOCK1	Nanoarchaeum_equitans_Kin4-M	GCA_000008085.1	0.955656442804	0.1-<1%	hybrid-illumina-hifi	biological	99.263	yes	yes	8	0.62	yes	yes
MOCK1	Nanoarchaeum_equitans_Kin4-M	GCA_000008085.1	0.955656442804	0.1-<1%	lr-ont-polypolish	biological	2.283	no	no	0	62.48	yes	yes
MOCK1	Nanoarchaeum_equitans_Kin4-M	GCA_000008085.1	0.955656442804	0.1-<1%	lr-ont-careful	biological	2.283	no	no	0	62.48	yes	yes
MOCK1	Nanoarchaeum_equitans_Kin4-M	GCA_000008085.1	0.955656442804	0.1-<1%	diagnostic-fragmented-50kb	diagnostic	0	no	no	NA	NA	yes	no
MOCK1	Nanoarchaeum_equitans_Kin4-M	GCA_000008085.1	0.955656442804	0.1-<1%	diagnostic-chimeric-rotation	diagnostic	0	no	no	NA	NA	yes	no
MOCK1	Treponema_denticola_ATCC_35405	GCA_000008185.1	1.26746475625	>=1%	sr-megahit-m1	biological	1.139	no	no	333.4	0	yes	yes
MOCK1	Treponema_denticola_ATCC_35405	GCA_000008185.1	1.26746475625	>=1%	sr-metaspades-m1	biological	1.909	no	no	265.42	16.59	yes	yes
MOCK1	Treponema_denticola_ATCC_35405	GCA_000008185.1	1.26746475625	>=1%	lr-flye-ont	biological	62.12	no	no	862.93	2240.87	yes	yes
MOCK1	Treponema_denticola_ATCC_35405	GCA_000008185.1	1.26746475625	>=1%	lr-flye-hifi	biological	79.779	no	no	6.68	37.81	yes	yes
MOCK1	Treponema_denticola_ATCC_35405	GCA_000008185.1	1.26746475625	>=1%	lr-hifiasm-hifi	biological	92.928	yes	no	8.19	57.61	yes	yes
MOCK1	Treponema_denticola_ATCC_35405	GCA_000008185.1	1.26746475625	>=1%	lr-metamdbg-hifi	biological	85.099	no	no	2.44	22.6	yes	yes
MOCK1	Treponema_denticola_ATCC_35405	GCA_000008185.1	1.26746475625	>=1%	sr-spades-10m	biological	96.024	yes	no	84.28	11.76	yes	yes
MOCK1	Treponema_denticola_ATCC_35405	GCA_000008185.1	1.26746475625	>=1%	hybrid-illumina-ont	biological	98.466	yes	no	112.28	57.71	yes	yes
MOCK1	Treponema_denticola_ATCC_35405	GCA_000008185.1	1.26746475625	>=1%	hybrid-illumina-hifi	biological	98.241	yes	no	87.64	7.71	yes	yes
MOCK1	Treponema_denticola_ATCC_35405	GCA_000008185.1	1.26746475625	>=1%	lr-ont-polypolish	biological	76.131	no	no	722.76	1699	yes	yes
MOCK1	Treponema_denticola_ATCC_35405	GCA_000008185.1	1.26746475625	>=1%	lr-ont-careful	biological	76.131	no	no	728.03	1716.91	yes	yes
MOCK1	Treponema_denticola_ATCC_35405	GCA_000008185.1	1.26746475625	>=1%	diagnostic-fragmented-50kb	diagnostic	79.779	no	no	6.68	37.81	yes	yes
MOCK1	Treponema_denticola_ATCC_35405	GCA_000008185.1	1.26746475625	>=1%	diagnostic-chimeric-rotation	diagnostic	79.779	no	no	6.68	37.81	yes	yes
MOCK1	Deinococcus_radiodurans_R1	GCA_000008565.1	0.619843795964	0.1-<1%	sr-megahit-m1	biological	0.066	no	no	276.75	92.25	yes	yes
MOCK1	Deinococcus_radiodurans_R1	GCA_000008565.1	0.619843795964	0.1-<1%	sr-metaspades-m1	biological	0	no	no	NA	NA	yes	no
MOCK1	Deinococcus_radiodurans_R1	GCA_000008565.1	0.619843795964	0.1-<1%	lr-flye-ont	biological	7.775	no	no	879.15	2009.49	yes	yes
MOCK1	Deinococcus_radiodurans_R1	GCA_000008565.1	0.619843795964	0.1-<1%	lr-flye-hifi	biological	98.628	yes	no	2.4	32.55	yes	yes
MOCK1	Deinococcus_radiodurans_R1	GCA_000008565.1	0.619843795964	0.1-<1%	lr-hifiasm-hifi	biological	92.908	yes	no	9.01	54.3	yes	yes
MOCK1	Deinococcus_radiodurans_R1	GCA_000008565.1	0.619843795964	0.1-<1%	lr-metamdbg-hifi	biological	97.018	yes	no	2.35	18.29	yes	yes
MOCK1	Deinococcus_radiodurans_R1	GCA_000008565.1	0.619843795964	0.1-<1%	sr-spades-10m	biological	14.219	no	no	196.11	35.11	yes	yes
MOCK1	Deinococcus_radiodurans_R1	GCA_000008565.1	0.619843795964	0.1-<1%	hybrid-illumina-ont	biological	30.129	no	no	604.91	736.95	yes	yes
MOCK1	Deinococcus_radiodurans_R1	GCA_000008565.1	0.619843795964	0.1-<1%	hybrid-illumina-hifi	biological	77.226	no	no	269.81	52.09	yes	yes
MOCK1	Deinococcus_radiodurans_R1	GCA_000008565.1	0.619843795964	0.1-<1%	lr-ont-polypolish	biological	7.775	no	no	835.87	1913.29	yes	yes
MOCK1	Deinococcus_radiodurans_R1	GCA_000008565.1	0.619843795964	0.1-<1%	lr-ont-careful	biological	7.775	no	no	839.34	1924.89	yes	yes
MOCK1	Deinococcus_radiodurans_R1	GCA_000008565.1	0.619843795964	0.1-<1%	diagnostic-fragmented-50kb	diagnostic	98.628	yes	no	2.4	32.55	yes	yes
MOCK1	Deinococcus_radiodurans_R1	GCA_000008565.1	0.619843795964	0.1-<1%	diagnostic-chimeric-rotation	diagnostic	98.628	yes	no	2.4	32.55	yes	yes
MOCK1	Archaeoglobus_fulgidus_DSM_4304	GCA_000008665.1	1.16826783762	>=1%	sr-megahit-m1	biological	0.355	no	no	401.03	12.94	yes	yes
MOCK1	Archaeoglobus_fulgidus_DSM_4304	GCA_000008665.1	1.16826783762	>=1%	sr-metaspades-m1	biological	0.813	no	no	243.25	22.63	yes	yes
MOCK1	Archaeoglobus_fulgidus_DSM_4304	GCA_000008665.1	1.16826783762	>=1%	lr-flye-ont	biological	88.284	no	no	617.1	1784.62	yes	yes
MOCK1	Archaeoglobus_fulgidus_DSM_4304	GCA_000008665.1	1.16826783762	>=1%	lr-flye-hifi	biological	99.855	yes	yes	1.33	12.33	yes	yes
MOCK1	Archaeoglobus_fulgidus_DSM_4304	GCA_000008665.1	1.16826783762	>=1%	lr-hifiasm-hifi	biological	99.821	yes	yes	2.35	12.88	yes	yes
MOCK1	Archaeoglobus_fulgidus_DSM_4304	GCA_000008665.1	1.16826783762	>=1%	lr-metamdbg-hifi	biological	99.414	yes	yes	1.62	8.13	yes	yes
MOCK1	Archaeoglobus_fulgidus_DSM_4304	GCA_000008665.1	1.16826783762	>=1%	sr-spades-10m	biological	92.387	yes	no	85.23	19.14	yes	yes
MOCK1	Archaeoglobus_fulgidus_DSM_4304	GCA_000008665.1	1.16826783762	>=1%	hybrid-illumina-ont	biological	98.752	yes	no	129.91	91.73	yes	yes
MOCK1	Archaeoglobus_fulgidus_DSM_4304	GCA_000008665.1	1.16826783762	>=1%	hybrid-illumina-hifi	biological	99.043	yes	yes	94.98	7.95	yes	yes
MOCK1	Archaeoglobus_fulgidus_DSM_4304	GCA_000008665.1	1.16826783762	>=1%	lr-ont-polypolish	biological	90.249	yes	no	520.74	1383	yes	yes
MOCK1	Archaeoglobus_fulgidus_DSM_4304	GCA_000008665.1	1.16826783762	>=1%	lr-ont-careful	biological	90.249	yes	no	522.69	1392.42	yes	yes
MOCK1	Archaeoglobus_fulgidus_DSM_4304	GCA_000008665.1	1.16826783762	>=1%	diagnostic-fragmented-50kb	diagnostic	99.855	yes	yes	1.33	12.33	yes	yes
MOCK1	Archaeoglobus_fulgidus_DSM_4304	GCA_000008665.1	1.16826783762	>=1%	diagnostic-chimeric-rotation	diagnostic	99.855	yes	yes	1.33	12.33	yes	yes
MOCK1	Nitrosomonas_europaea_ATCC_19718	GCA_000009145.1	5.68342949511	>=1%	sr-megahit-m1	biological	95.733	yes	no	19.52	0.71	yes	yes
MOCK1	Nitrosomonas_europaea_ATCC_19718	GCA_000009145.1	5.68342949511	>=1%	sr-metaspades-m1	biological	95.601	yes	no	31.73	1.37	yes	yes
MOCK1	Nitrosomonas_europaea_ATCC_19718	GCA_000009145.1	5.68342949511	>=1%	lr-flye-ont	biological	99.125	yes	yes	20.74	239.76	yes	yes
MOCK1	Nitrosomonas_europaea_ATCC_19718	GCA_000009145.1	5.68342949511	>=1%	lr-flye-hifi	biological	99.127	yes	yes	11.95	1.11	yes	yes
MOCK1	Nitrosomonas_europaea_ATCC_19718	GCA_000009145.1	5.68342949511	>=1%	lr-hifiasm-hifi	biological	99.266	yes	yes	1.2	1.06	yes	yes
MOCK1	Nitrosomonas_europaea_ATCC_19718	GCA_000009145.1	5.68342949511	>=1%	lr-metamdbg-hifi	biological	99.174	yes	yes	1.18	1.07	yes	yes
MOCK1	Nitrosomonas_europaea_ATCC_19718	GCA_000009145.1	5.68342949511	>=1%	sr-spades-10m	biological	96.055	yes	no	3.33	0.81	yes	yes
MOCK1	Nitrosomonas_europaea_ATCC_19718	GCA_000009145.1	5.68342949511	>=1%	hybrid-illumina-ont	biological	98.946	yes	no	18.34	1.36	yes	yes
MOCK1	Nitrosomonas_europaea_ATCC_19718	GCA_000009145.1	5.68342949511	>=1%	hybrid-illumina-hifi	biological	99.069	yes	yes	18.76	1.36	yes	yes
MOCK1	Nitrosomonas_europaea_ATCC_19718	GCA_000009145.1	5.68342949511	>=1%	lr-ont-polypolish	biological	99.126	yes	yes	11.79	3.68	yes	yes
MOCK1	Nitrosomonas_europaea_ATCC_19718	GCA_000009145.1	5.68342949511	>=1%	lr-ont-careful	biological	99.126	yes	yes	12.62	11.94	yes	yes
MOCK1	Nitrosomonas_europaea_ATCC_19718	GCA_000009145.1	5.68342949511	>=1%	diagnostic-fragmented-50kb	diagnostic	99.114	yes	yes	23.35	1.14	yes	yes
MOCK1	Nitrosomonas_europaea_ATCC_19718	GCA_000009145.1	5.68342949511	>=1%	diagnostic-chimeric-rotation	diagnostic	99.127	yes	yes	11.95	1.11	yes	yes
MOCK1	Pseudomonas_fluorescens_SBW25	GCA_000009225.1	1.06930867961	>=1%	sr-megahit-m1	biological	8.08	no	no	273.29	4.78	yes	yes
MOCK1	Pseudomonas_fluorescens_SBW25	GCA_000009225.1	1.06930867961	>=1%	sr-metaspades-m1	biological	11.328	no	no	248.63	14.59	yes	yes
MOCK1	Pseudomonas_fluorescens_SBW25	GCA_000009225.1	1.06930867961	>=1%	lr-flye-ont	biological	99.822	yes	yes	129.97	468.47	yes	yes
MOCK1	Pseudomonas_fluorescens_SBW25	GCA_000009225.1	1.06930867961	>=1%	lr-flye-hifi	biological	99.995	yes	yes	0.4	0.1	yes	yes
MOCK1	Pseudomonas_fluorescens_SBW25	GCA_000009225.1	1.06930867961	>=1%	lr-hifiasm-hifi	biological	99.995	yes	yes	0.4	0.09	yes	yes
MOCK1	Pseudomonas_fluorescens_SBW25	GCA_000009225.1	1.06930867961	>=1%	lr-metamdbg-hifi	biological	99.995	yes	yes	1.28	0.09	yes	yes
MOCK1	Pseudomonas_fluorescens_SBW25	GCA_000009225.1	1.06930867961	>=1%	sr-spades-10m	biological	98.972	yes	no	27.68	2.87	yes	yes
MOCK1	Pseudomonas_fluorescens_SBW25	GCA_000009225.1	1.06930867961	>=1%	hybrid-illumina-ont	biological	99.635	yes	yes	46.04	12.47	yes	yes
MOCK1	Pseudomonas_fluorescens_SBW25	GCA_000009225.1	1.06930867961	>=1%	hybrid-illumina-hifi	biological	99.708	yes	yes	39	4.74	yes	yes
MOCK1	Pseudomonas_fluorescens_SBW25	GCA_000009225.1	1.06930867961	>=1%	lr-ont-polypolish	biological	99.822	yes	yes	26	107.24	yes	yes
MOCK1	Pseudomonas_fluorescens_SBW25	GCA_000009225.1	1.06930867961	>=1%	lr-ont-careful	biological	99.822	yes	yes	32.12	126.41	yes	yes
MOCK1	Pseudomonas_fluorescens_SBW25	GCA_000009225.1	1.06930867961	>=1%	diagnostic-fragmented-50kb	diagnostic	99.995	yes	yes	0.22	0.09	yes	yes
MOCK1	Pseudomonas_fluorescens_SBW25	GCA_000009225.1	1.06930867961	>=1%	diagnostic-chimeric-rotation	diagnostic	99.995	yes	yes	0.4	0.1	yes	yes
MOCK1	Trichormus_sp._PCC_7120	GCA_000009705.1	1.37146302611	>=1%	sr-megahit-m1	biological	7.215	no	no	73.33	4.22	yes	yes
MOCK1	Trichormus_sp._PCC_7120	GCA_000009705.1	1.37146302611	>=1%	sr-metaspades-m1	biological	8.393	no	no	83.6	6.77	yes	yes
MOCK1	Trichormus_sp._PCC_7120	GCA_000009705.1	1.37146302611	>=1%	lr-flye-ont	biological	63.914	no	no	739.31	1701.4	yes	yes
MOCK1	Trichormus_sp._PCC_7120	GCA_000009705.1	1.37146302611	>=1%	lr-flye-hifi	biological	99.632	yes	yes	1.81	2.81	yes	yes
MOCK1	Trichormus_sp._PCC_7120	GCA_000009705.1	1.37146302611	>=1%	lr-hifiasm-hifi	biological	99.823	yes	yes	1.98	3.44	yes	yes
MOCK1	Trichormus_sp._PCC_7120	GCA_000009705.1	1.37146302611	>=1%	lr-metamdbg-hifi	biological	99.267	yes	yes	1.8	1.68	yes	yes
MOCK1	Trichormus_sp._PCC_7120	GCA_000009705.1	1.37146302611	>=1%	sr-spades-10m	biological	96.817	yes	no	45.61	8.63	yes	yes
MOCK1	Trichormus_sp._PCC_7120	GCA_000009705.1	1.37146302611	>=1%	hybrid-illumina-ont	biological	98.743	yes	no	65.3	33.02	yes	yes
MOCK1	Trichormus_sp._PCC_7120	GCA_000009705.1	1.37146302611	>=1%	hybrid-illumina-hifi	biological	99.151	yes	yes	49.94	2.65	yes	yes
MOCK1	Trichormus_sp._PCC_7120	GCA_000009705.1	1.37146302611	>=1%	lr-ont-polypolish	biological	73.862	no	no	600.92	1197.9	yes	yes
MOCK1	Trichormus_sp._PCC_7120	GCA_000009705.1	1.37146302611	>=1%	lr-ont-careful	biological	73.622	no	no	607.75	1218.47	yes	yes
MOCK1	Trichormus_sp._PCC_7120	GCA_000009705.1	1.37146302611	>=1%	diagnostic-fragmented-50kb	diagnostic	99.632	yes	yes	1.81	2.81	yes	yes
MOCK1	Trichormus_sp._PCC_7120	GCA_000009705.1	1.37146302611	>=1%	diagnostic-chimeric-rotation	diagnostic	99.632	yes	yes	1.81	2.81	yes	yes
MOCK1	Gemmatimonas_aurantiaca_T-27	GCA_000010305.1	2.41490124842	>=1%	sr-megahit-m1	biological	99.21	yes	yes	43.25	0.74	yes	yes
MOCK1	Gemmatimonas_aurantiaca_T-27	GCA_000010305.1	2.41490124842	>=1%	sr-metaspades-m1	biological	99.389	yes	yes	40.72	1.11	yes	yes
MOCK1	Gemmatimonas_aurantiaca_T-27	GCA_000010305.1	2.41490124842	>=1%	lr-flye-ont	biological	100	yes	yes	16.71	152.35	yes	yes
MOCK1	Gemmatimonas_aurantiaca_T-27	GCA_000010305.1	2.41490124842	>=1%	lr-flye-hifi	biological	100	yes	yes	0.32	0.13	yes	yes
MOCK1	Gemmatimonas_aurantiaca_T-27	GCA_000010305.1	2.41490124842	>=1%	lr-hifiasm-hifi	biological	13.252	no	no	0.49	0.16	yes	yes
MOCK1	Gemmatimonas_aurantiaca_T-27	GCA_000010305.1	2.41490124842	>=1%	lr-metamdbg-hifi	biological	100	yes	yes	0.32	0.13	yes	yes
MOCK1	Gemmatimonas_aurantiaca_T-27	GCA_000010305.1	2.41490124842	>=1%	sr-spades-10m	biological	99.957	yes	yes	0.35	0.13	yes	yes
MOCK1	Gemmatimonas_aurantiaca_T-27	GCA_000010305.1	2.41490124842	>=1%	hybrid-illumina-ont	biological	100	yes	yes	0.35	0.13	yes	yes
MOCK1	Gemmatimonas_aurantiaca_T-27	GCA_000010305.1	2.41490124842	>=1%	hybrid-illumina-hifi	biological	100	yes	yes	0.35	0.11	yes	yes
MOCK1	Gemmatimonas_aurantiaca_T-27	GCA_000010305.1	2.41490124842	>=1%	lr-ont-polypolish	biological	100	yes	yes	0.32	0.39	yes	yes
MOCK1	Gemmatimonas_aurantiaca_T-27	GCA_000010305.1	2.41490124842	>=1%	lr-ont-careful	biological	100	yes	yes	0.32	0.91	yes	yes
MOCK1	Gemmatimonas_aurantiaca_T-27	GCA_000010305.1	2.41490124842	>=1%	diagnostic-fragmented-50kb	diagnostic	100	yes	yes	0.32	0.13	yes	yes
MOCK1	Gemmatimonas_aurantiaca_T-27	GCA_000010305.1	2.41490124842	>=1%	diagnostic-chimeric-rotation	diagnostic	100	yes	yes	0.32	0.13	yes	yes
MOCK1	Porphyromonas_gingivalis_ATCC_33277	GCA_000010505.1	2.17006694673	>=1%	sr-megahit-m1	biological	79.589	no	no	80.23	1.92	yes	yes
MOCK1	Porphyromonas_gingivalis_ATCC_33277	GCA_000010505.1	2.17006694673	>=1%	sr-metaspades-m1	biological	82.41	no	no	80.38	3.97	yes	yes
MOCK1	Porphyromonas_gingivalis_ATCC_33277	GCA_000010505.1	2.17006694673	>=1%	lr-flye-ont	biological	95.852	yes	no	136.46	555.63	yes	yes
MOCK1	Porphyromonas_gingivalis_ATCC_33277	GCA_000010505.1	2.17006694673	>=1%	lr-flye-hifi	biological	65.161	no	no	13.72	48.17	yes	yes
MOCK1	Porphyromonas_gingivalis_ATCC_33277	GCA_000010505.1	2.17006694673	>=1%	lr-hifiasm-hifi	biological	81.012	no	no	11.74	74.31	yes	yes
MOCK1	Porphyromonas_gingivalis_ATCC_33277	GCA_000010505.1	2.17006694673	>=1%	lr-metamdbg-hifi	biological	77.182	no	no	1.32	23.16	yes	yes
MOCK1	Porphyromonas_gingivalis_ATCC_33277	GCA_000010505.1	2.17006694673	>=1%	sr-spades-10m	biological	93.925	yes	no	7.96	0.72	yes	yes
MOCK1	Porphyromonas_gingivalis_ATCC_33277	GCA_000010505.1	2.17006694673	>=1%	hybrid-illumina-ont	biological	94.491	yes	no	27.92	0.9	yes	yes
MOCK1	Porphyromonas_gingivalis_ATCC_33277	GCA_000010505.1	2.17006694673	>=1%	hybrid-illumina-hifi	biological	95.097	yes	no	48.15	0.67	yes	yes
MOCK1	Porphyromonas_gingivalis_ATCC_33277	GCA_000010505.1	2.17006694673	>=1%	lr-ont-polypolish	biological	96.84	yes	no	80.7	138.13	yes	yes
MOCK1	Porphyromonas_gingivalis_ATCC_33277	GCA_000010505.1	2.17006694673	>=1%	lr-ont-careful	biological	97.013	yes	no	97.22	186.63	yes	yes
MOCK1	Porphyromonas_gingivalis_ATCC_33277	GCA_000010505.1	2.17006694673	>=1%	diagnostic-fragmented-50kb	diagnostic	65.16	no	no	13.27	48.17	yes	yes
MOCK1	Porphyromonas_gingivalis_ATCC_33277	GCA_000010505.1	2.17006694673	>=1%	diagnostic-chimeric-rotation	diagnostic	65.161	no	no	13.72	48.17	yes	yes
MOCK1	Bacteroides_thetaiotaomicron_VPI-5482	GCA_000011065.1	0.323509814467	0.1-<1%	sr-megahit-m1	biological	0.033	no	no	880.2	440.1	yes	yes
MOCK1	Bacteroides_thetaiotaomicron_VPI-5482	GCA_000011065.1	0.323509814467	0.1-<1%	sr-metaspades-m1	biological	0.053	no	no	272.73	30.3	yes	yes
MOCK1	Bacteroides_thetaiotaomicron_VPI-5482	GCA_000011065.1	0.323509814467	0.1-<1%	lr-flye-ont	biological	13.919	no	no	943.58	2001.36	yes	yes
MOCK1	Bacteroides_thetaiotaomicron_VPI-5482	GCA_000011065.1	0.323509814467	0.1-<1%	lr-flye-hifi	biological	97.323	yes	no	13.2	15.19	yes	yes
MOCK1	Bacteroides_thetaiotaomicron_VPI-5482	GCA_000011065.1	0.323509814467	0.1-<1%	lr-hifiasm-hifi	biological	97.52	yes	no	26.46	28.6	yes	yes
MOCK1	Bacteroides_thetaiotaomicron_VPI-5482	GCA_000011065.1	0.323509814467	0.1-<1%	lr-metamdbg-hifi	biological	96.316	yes	no	22.52	10.85	yes	yes
MOCK1	Bacteroides_thetaiotaomicron_VPI-5482	GCA_000011065.1	0.323509814467	0.1-<1%	sr-spades-10m	biological	22.793	no	no	131.34	27.36	yes	yes
MOCK1	Bacteroides_thetaiotaomicron_VPI-5482	GCA_000011065.1	0.323509814467	0.1-<1%	hybrid-illumina-ont	biological	56.29	no	no	545.78	730.77	yes	yes
MOCK1	Bacteroides_thetaiotaomicron_VPI-5482	GCA_000011065.1	0.323509814467	0.1-<1%	hybrid-illumina-hifi	biological	85.901	no	no	145.73	14.72	yes	yes
MOCK1	Bacteroides_thetaiotaomicron_VPI-5482	GCA_000011065.1	0.323509814467	0.1-<1%	lr-ont-polypolish	biological	15.595	no	no	942.85	1975.48	yes	yes
MOCK1	Bacteroides_thetaiotaomicron_VPI-5482	GCA_000011065.1	0.323509814467	0.1-<1%	lr-ont-careful	biological	15.595	no	no	943.65	1981.64	yes	yes
MOCK1	Bacteroides_thetaiotaomicron_VPI-5482	GCA_000011065.1	0.323509814467	0.1-<1%	diagnostic-fragmented-50kb	diagnostic	97.316	yes	no	17.58	15.4	yes	yes
MOCK1	Bacteroides_thetaiotaomicron_VPI-5482	GCA_000011065.1	0.323509814467	0.1-<1%	diagnostic-chimeric-rotation	diagnostic	97.323	yes	no	13.2	15.19	yes	yes
MOCK1	Pyrococcus_horikoshii_OT3	GCA_000011105.1	5.85551833757	>=1%	sr-megahit-m1	biological	98.856	yes	no	20.69	0.87	yes	yes
MOCK1	Pyrococcus_horikoshii_OT3	GCA_000011105.1	5.85551833757	>=1%	sr-metaspades-m1	biological	99.353	yes	yes	25.29	1.68	yes	yes
MOCK1	Pyrococcus_horikoshii_OT3	GCA_000011105.1	5.85551833757	>=1%	lr-flye-ont	biological	99.921	yes	yes	207.6	363.41	yes	yes
MOCK1	Pyrococcus_horikoshii_OT3	GCA_000011105.1	5.85551833757	>=1%	lr-flye-hifi	biological	99.921	yes	yes	0.91	1.54	yes	yes
MOCK1	Pyrococcus_horikoshii_OT3	GCA_000011105.1	5.85551833757	>=1%	lr-hifiasm-hifi	biological	99.921	yes	yes	4.01	1.17	yes	yes
MOCK1	Pyrococcus_horikoshii_OT3	GCA_000011105.1	5.85551833757	>=1%	lr-metamdbg-hifi	biological	99.488	yes	yes	0.87	0.75	yes	yes
MOCK1	Pyrococcus_horikoshii_OT3	GCA_000011105.1	5.85551833757	>=1%	sr-spades-10m	biological	99.724	yes	yes	18.05	1.33	yes	yes
MOCK1	Pyrococcus_horikoshii_OT3	GCA_000011105.1	5.85551833757	>=1%	hybrid-illumina-ont	biological	99.906	yes	yes	19.69	1.61	yes	yes
MOCK1	Pyrococcus_horikoshii_OT3	GCA_000011105.1	5.85551833757	>=1%	hybrid-illumina-hifi	biological	99.906	yes	yes	19.69	1.73	yes	yes
MOCK1	Pyrococcus_horikoshii_OT3	GCA_000011105.1	5.85551833757	>=1%	lr-ont-polypolish	biological	99.921	yes	yes	4.83	4.37	yes	yes
MOCK1	Pyrococcus_horikoshii_OT3	GCA_000011105.1	5.85551833757	>=1%	lr-ont-careful	biological	99.921	yes	yes	4.32	5.35	yes	yes
MOCK1	Pyrococcus_horikoshii_OT3	GCA_000011105.1	5.85551833757	>=1%	diagnostic-fragmented-50kb	diagnostic	99.921	yes	yes	0.91	1.54	yes	yes
MOCK1	Pyrococcus_horikoshii_OT3	GCA_000011105.1	5.85551833757	>=1%	diagnostic-chimeric-rotation	diagnostic	99.921	yes	yes	0.91	1.54	yes	yes
MOCK1	Sulfurisphaera_tokodaii_str._7	GCA_000011205.1	0.075406063925	<0.1%	sr-megahit-m1	biological	0	no	no	NA	NA	yes	no
MOCK1	Sulfurisphaera_tokodaii_str._7	GCA_000011205.1	0.075406063925	<0.1%	sr-metaspades-m1	biological	0.041	no	no	275.74	183.82	yes	yes
MOCK1	Sulfurisphaera_tokodaii_str._7	GCA_000011205.1	0.075406063925	<0.1%	lr-flye-ont	biological	0.099	no	no	1044.39	2312.57	yes	yes
MOCK1	Sulfurisphaera_tokodaii_str._7	GCA_000011205.1	0.075406063925	<0.1%	lr-flye-hifi	biological	0	no	no	NA	NA	yes	no
MOCK1	Sulfurisphaera_tokodaii_str._7	GCA_000011205.1	0.075406063925	<0.1%	lr-hifiasm-hifi	biological	1.083	no	no	10.3	120.14	yes	yes
MOCK1	Sulfurisphaera_tokodaii_str._7	GCA_000011205.1	0.075406063925	<0.1%	lr-metamdbg-hifi	biological	1.471	no	no	2.52	5.05	yes	yes
MOCK1	Sulfurisphaera_tokodaii_str._7	GCA_000011205.1	0.075406063925	<0.1%	sr-spades-10m	biological	0.033	no	no	0	0	yes	yes
MOCK1	Sulfurisphaera_tokodaii_str._7	GCA_000011205.1	0.075406063925	<0.1%	hybrid-illumina-ont	biological	0.29	no	no	664.71	639.14	yes	yes
MOCK1	Sulfurisphaera_tokodaii_str._7	GCA_000011205.1	0.075406063925	<0.1%	hybrid-illumina-hifi	biological	0.998	no	no	198.01	18.68	yes	yes
MOCK1	Sulfurisphaera_tokodaii_str._7	GCA_000011205.1	0.075406063925	<0.1%	lr-ont-polypolish	biological	0.099	no	no	1044.39	2312.57	yes	yes
MOCK1	Sulfurisphaera_tokodaii_str._7	GCA_000011205.1	0.075406063925	<0.1%	lr-ont-careful	biological	0.099	no	no	1044.39	2312.57	yes	yes
MOCK1	Sulfurisphaera_tokodaii_str._7	GCA_000011205.1	0.075406063925	<0.1%	diagnostic-fragmented-50kb	diagnostic	0	no	no	NA	NA	yes	no
MOCK1	Sulfurisphaera_tokodaii_str._7	GCA_000011205.1	0.075406063925	<0.1%	diagnostic-chimeric-rotation	diagnostic	0	no	no	NA	NA	yes	no
MOCK1	Methanococcus_maripaludis_S2	GCA_000011585.1	0.459615924751	0.1-<1%	sr-megahit-m1	biological	1.609	no	no	1088.58	29.93	yes	yes
MOCK1	Methanococcus_maripaludis_S2	GCA_000011585.1	0.459615924751	0.1-<1%	sr-metaspades-m1	biological	1.892	no	no	881.94	15.92	yes	yes
MOCK1	Methanococcus_maripaludis_S2	GCA_000011585.1	0.459615924751	0.1-<1%	lr-flye-ont	biological	54.018	no	no	1083.65	1442.95	yes	yes
MOCK1	Methanococcus_maripaludis_S2	GCA_000011585.1	0.459615924751	0.1-<1%	lr-flye-hifi	biological	99.394	yes	yes	0.06	0.61	yes	yes
MOCK1	Methanococcus_maripaludis_S2	GCA_000011585.1	0.459615924751	0.1-<1%	lr-hifiasm-hifi	biological	100	yes	yes	0.06	0.6	yes	yes
MOCK1	Methanococcus_maripaludis_S2	GCA_000011585.1	0.459615924751	0.1-<1%	lr-metamdbg-hifi	biological	100	yes	yes	0.06	0.42	yes	yes
MOCK1	Methanococcus_maripaludis_S2	GCA_000011585.1	0.459615924751	0.1-<1%	sr-spades-10m	biological	87.552	no	no	78.5	10.23	yes	yes
MOCK1	Methanococcus_maripaludis_S2	GCA_000011585.1	0.459615924751	0.1-<1%	hybrid-illumina-ont	biological	86.463	no	no	98.35	47.96	yes	yes
MOCK1	Methanococcus_maripaludis_S2	GCA_000011585.1	0.459615924751	0.1-<1%	hybrid-illumina-hifi	biological	89.199	no	no	146.45	11.19	yes	yes
MOCK1	Methanococcus_maripaludis_S2	GCA_000011585.1	0.459615924751	0.1-<1%	lr-ont-polypolish	biological	58.123	no	no	1067.94	970.91	yes	yes
MOCK1	Methanococcus_maripaludis_S2	GCA_000011585.1	0.459615924751	0.1-<1%	lr-ont-careful	biological	54.949	no	no	1074.72	1107.3	yes	yes
MOCK1	Methanococcus_maripaludis_S2	GCA_000011585.1	0.459615924751	0.1-<1%	diagnostic-fragmented-50kb	diagnostic	100	yes	yes	0.06	0.6	yes	yes
MOCK1	Methanococcus_maripaludis_S2	GCA_000011585.1	0.459615924751	0.1-<1%	diagnostic-chimeric-rotation	diagnostic	99.394	yes	yes	0.06	0.61	yes	yes
MOCK1	Ruegeria_pomeroyi_DSS-3	GCA_000011965.2	0.0665347622868	<0.1%	sr-megahit-m1	biological	0	no	no	NA	NA	yes	no
MOCK1	Ruegeria_pomeroyi_DSS-3	GCA_000011965.2	0.0665347622868	<0.1%	sr-metaspades-m1	biological	0	no	no	NA	NA	yes	no
MOCK1	Ruegeria_pomeroyi_DSS-3	GCA_000011965.2	0.0665347622868	<0.1%	lr-flye-ont	biological	0	no	no	NA	NA	yes	no
MOCK1	Ruegeria_pomeroyi_DSS-3	GCA_000011965.2	0.0665347622868	<0.1%	lr-flye-hifi	biological	0	no	no	NA	NA	yes	no
MOCK1	Ruegeria_pomeroyi_DSS-3	GCA_000011965.2	0.0665347622868	<0.1%	lr-hifiasm-hifi	biological	0	no	no	NA	NA	yes	no
MOCK1	Ruegeria_pomeroyi_DSS-3	GCA_000011965.2	0.0665347622868	<0.1%	lr-metamdbg-hifi	biological	0	no	no	NA	NA	yes	no
MOCK1	Ruegeria_pomeroyi_DSS-3	GCA_000011965.2	0.0665347622868	<0.1%	sr-spades-10m	biological	0.023	no	no	469.48	0	yes	yes
MOCK1	Ruegeria_pomeroyi_DSS-3	GCA_000011965.2	0.0665347622868	<0.1%	hybrid-illumina-ont	biological	0.023	no	no	469.48	0	yes	yes
MOCK1	Ruegeria_pomeroyi_DSS-3	GCA_000011965.2	0.0665347622868	<0.1%	hybrid-illumina-hifi	biological	0.023	no	no	469.48	0	yes	yes
MOCK1	Ruegeria_pomeroyi_DSS-3	GCA_000011965.2	0.0665347622868	<0.1%	lr-ont-polypolish	biological	0	no	no	NA	NA	yes	no
MOCK1	Ruegeria_pomeroyi_DSS-3	GCA_000011965.2	0.0665347622868	<0.1%	lr-ont-careful	biological	0	no	no	NA	NA	yes	no
MOCK1	Ruegeria_pomeroyi_DSS-3	GCA_000011965.2	0.0665347622868	<0.1%	diagnostic-fragmented-50kb	diagnostic	0	no	no	NA	NA	yes	no
MOCK1	Ruegeria_pomeroyi_DSS-3	GCA_000011965.2	0.0665347622868	<0.1%	diagnostic-chimeric-rotation	diagnostic	0	no	no	NA	NA	yes	no
MOCK1	Phocaeicola_vulgatus_ATCC_8482	GCA_000012825.1	0.469244175386	0.1-<1%	sr-megahit-m1	biological	1.011	no	no	342.77	7.66	yes	yes
MOCK1	Phocaeicola_vulgatus_ATCC_8482	GCA_000012825.1	0.469244175386	0.1-<1%	sr-metaspades-m1	biological	1.279	no	no	325.28	31.77	yes	yes
MOCK1	Phocaeicola_vulgatus_ATCC_8482	GCA_000012825.1	0.469244175386	0.1-<1%	lr-flye-ont	biological	94.149	yes	no	451.8	1282.78	yes	yes
MOCK1	Phocaeicola_vulgatus_ATCC_8482	GCA_000012825.1	0.469244175386	0.1-<1%	lr-flye-hifi	biological	99.55	yes	yes	25.46	6.75	yes	yes
MOCK1	Phocaeicola_vulgatus_ATCC_8482	GCA_000012825.1	0.469244175386	0.1-<1%	lr-hifiasm-hifi	biological	84.204	no	no	29.84	4.16	yes	yes
MOCK1	Phocaeicola_vulgatus_ATCC_8482	GCA_000012825.1	0.469244175386	0.1-<1%	lr-metamdbg-hifi	biological	98.568	yes	no	37.23	1.27	yes	yes
MOCK1	Phocaeicola_vulgatus_ATCC_8482	GCA_000012825.1	0.469244175386	0.1-<1%	sr-spades-10m	biological	89.957	no	no	93.09	14.08	yes	yes
MOCK1	Phocaeicola_vulgatus_ATCC_8482	GCA_000012825.1	0.469244175386	0.1-<1%	hybrid-illumina-ont	biological	96.202	yes	no	130.44	65.33	yes	yes
MOCK1	Phocaeicola_vulgatus_ATCC_8482	GCA_000012825.1	0.469244175386	0.1-<1%	hybrid-illumina-hifi	biological	96.07	yes	no	100.66	4.94	yes	yes
MOCK1	Phocaeicola_vulgatus_ATCC_8482	GCA_000012825.1	0.469244175386	0.1-<1%	lr-ont-polypolish	biological	95.425	yes	no	375.84	934.72	yes	yes
MOCK1	Phocaeicola_vulgatus_ATCC_8482	GCA_000012825.1	0.469244175386	0.1-<1%	lr-ont-careful	biological	95.18	yes	no	378.67	946.88	yes	yes
MOCK1	Phocaeicola_vulgatus_ATCC_8482	GCA_000012825.1	0.469244175386	0.1-<1%	diagnostic-fragmented-50kb	diagnostic	99.55	yes	yes	25.66	6.79	yes	yes
MOCK1	Phocaeicola_vulgatus_ATCC_8482	GCA_000012825.1	0.469244175386	0.1-<1%	diagnostic-chimeric-rotation	diagnostic	99.55	yes	yes	25.46	6.75	yes	yes
MOCK1	Paraburkholderia_xenovorans_LB400	GCA_000013645.1	0.575113272979	0.1-<1%	sr-megahit-m1	biological	0.304	no	no	266.75	3.38	yes	yes
MOCK1	Paraburkholderia_xenovorans_LB400	GCA_000013645.1	0.575113272979	0.1-<1%	sr-metaspades-m1	biological	0.446	no	no	196.08	16.15	yes	yes
MOCK1	Paraburkholderia_xenovorans_LB400	GCA_000013645.1	0.575113272979	0.1-<1%	lr-flye-ont	biological	41.678	no	no	908.18	1705.88	yes	yes
MOCK1	Paraburkholderia_xenovorans_LB400	GCA_000013645.1	0.575113272979	0.1-<1%	lr-flye-hifi	biological	99.609	yes	yes	4.51	0.41	yes	yes
MOCK1	Paraburkholderia_xenovorans_LB400	GCA_000013645.1	0.575113272979	0.1-<1%	lr-hifiasm-hifi	biological	99.609	yes	yes	4.55	0.72	yes	yes
MOCK1	Paraburkholderia_xenovorans_LB400	GCA_000013645.1	0.575113272979	0.1-<1%	lr-metamdbg-hifi	biological	99.6	yes	yes	4.49	0.16	yes	yes
MOCK1	Paraburkholderia_xenovorans_LB400	GCA_000013645.1	0.575113272979	0.1-<1%	sr-spades-10m	biological	60.285	no	no	167.11	21.35	yes	yes
MOCK1	Paraburkholderia_xenovorans_LB400	GCA_000013645.1	0.575113272979	0.1-<1%	hybrid-illumina-ont	biological	88.503	no	no	450.16	376.72	yes	yes
MOCK1	Paraburkholderia_xenovorans_LB400	GCA_000013645.1	0.575113272979	0.1-<1%	hybrid-illumina-hifi	biological	94.692	yes	no	207.75	11.55	yes	yes
MOCK1	Paraburkholderia_xenovorans_LB400	GCA_000013645.1	0.575113272979	0.1-<1%	lr-ont-polypolish	biological	51.279	no	no	859.12	1611.55	yes	yes
MOCK1	Paraburkholderia_xenovorans_LB400	GCA_000013645.1	0.575113272979	0.1-<1%	lr-ont-careful	biological	51.235	no	no	862.59	1616.68	yes	yes
MOCK1	Paraburkholderia_xenovorans_LB400	GCA_000013645.1	0.575113272979	0.1-<1%	diagnostic-fragmented-50kb	diagnostic	99.609	yes	yes	4.49	0.41	yes	yes
MOCK1	Paraburkholderia_xenovorans_LB400	GCA_000013645.1	0.575113272979	0.1-<1%	diagnostic-chimeric-rotation	diagnostic	99.609	yes	yes	4.51	0.41	yes	yes
MOCK1	Chlorobium_phaeobacteroides_DSM_266	GCA_000015125.1	0.690261801222	0.1-<1%	sr-megahit-m1	biological	10.706	no	no	225.57	6.85	yes	yes
MOCK1	Chlorobium_phaeobacteroides_DSM_266	GCA_000015125.1	0.690261801222	0.1-<1%	sr-metaspades-m1	biological	14.224	no	no	211.62	10.55	yes	yes
MOCK1	Chlorobium_phaeobacteroides_DSM_266	GCA_000015125.1	0.690261801222	0.1-<1%	lr-flye-ont	biological	99.763	yes	yes	267.14	805.46	yes	yes
MOCK1	Chlorobium_phaeobacteroides_DSM_266	GCA_000015125.1	0.690261801222	0.1-<1%	lr-flye-hifi	biological	100	yes	yes	2.19	0.54	yes	yes
MOCK1	Chlorobium_phaeobacteroides_DSM_266	GCA_000015125.1	0.690261801222	0.1-<1%	lr-hifiasm-hifi	biological	100	yes	yes	2.83	0.98	yes	yes
MOCK1	Chlorobium_phaeobacteroides_DSM_266	GCA_000015125.1	0.690261801222	0.1-<1%	lr-metamdbg-hifi	biological	99.891	yes	yes	2.52	0.7	yes	yes
MOCK1	Chlorobium_phaeobacteroides_DSM_266	GCA_000015125.1	0.690261801222	0.1-<1%	sr-spades-10m	biological	93.311	yes	no	50.57	3.83	yes	yes
MOCK1	Chlorobium_phaeobacteroides_DSM_266	GCA_000015125.1	0.690261801222	0.1-<1%	hybrid-illumina-ont	biological	97.152	yes	no	98.62	14.72	yes	yes
MOCK1	Chlorobium_phaeobacteroides_DSM_266	GCA_000015125.1	0.690261801222	0.1-<1%	hybrid-illumina-hifi	biological	97.369	yes	no	98.79	7.7	yes	yes
MOCK1	Chlorobium_phaeobacteroides_DSM_266	GCA_000015125.1	0.690261801222	0.1-<1%	lr-ont-polypolish	biological	99.763	yes	yes	45.9	172.76	yes	yes
MOCK1	Chlorobium_phaeobacteroides_DSM_266	GCA_000015125.1	0.690261801222	0.1-<1%	lr-ont-careful	biological	99.763	yes	yes	69.88	230.58	yes	yes
MOCK1	Chlorobium_phaeobacteroides_DSM_266	GCA_000015125.1	0.690261801222	0.1-<1%	diagnostic-fragmented-50kb	diagnostic	100	yes	yes	2.16	0.54	yes	yes
MOCK1	Chlorobium_phaeobacteroides_DSM_266	GCA_000015125.1	0.690261801222	0.1-<1%	diagnostic-chimeric-rotation	diagnostic	100	yes	yes	2.19	0.54	yes	yes
MOCK1	Pyrobaculum_calidifontis_JCM_11548	GCA_000015805.1	2.54495465747	>=1%	sr-megahit-m1	biological	1.138	no	no	271.17	17.49	yes	yes
MOCK1	Pyrobaculum_calidifontis_JCM_11548	GCA_000015805.1	2.54495465747	>=1%	sr-metaspades-m1	biological	2.745	no	no	210.52	18.15	yes	yes
MOCK1	Pyrobaculum_calidifontis_JCM_11548	GCA_000015805.1	2.54495465747	>=1%	lr-flye-ont	biological	98.29	yes	no	576.46	1606.72	yes	yes
MOCK1	Pyrobaculum_calidifontis_JCM_11548	GCA_000015805.1	2.54495465747	>=1%	lr-flye-hifi	biological	100	yes	yes	2.29	3.18	yes	yes
MOCK1	Pyrobaculum_calidifontis_JCM_11548	GCA_000015805.1	2.54495465747	>=1%	lr-hifiasm-hifi	biological	99.054	yes	yes	2.51	5.58	yes	yes
MOCK1	Pyrobaculum_calidifontis_JCM_11548	GCA_000015805.1	2.54495465747	>=1%	lr-metamdbg-hifi	biological	99.883	yes	yes	2.29	1.99	yes	yes
MOCK1	Pyrobaculum_calidifontis_JCM_11548	GCA_000015805.1	2.54495465747	>=1%	sr-spades-10m	biological	98.796	yes	no	66.29	7.24	yes	yes
MOCK1	Pyrobaculum_calidifontis_JCM_11548	GCA_000015805.1	2.54495465747	>=1%	hybrid-illumina-ont	biological	99.825	yes	yes	75.67	17.75	yes	yes
MOCK1	Pyrobaculum_calidifontis_JCM_11548	GCA_000015805.1	2.54495465747	>=1%	hybrid-illumina-hifi	biological	99.627	yes	yes	107.87	3.98	yes	yes
MOCK1	Pyrobaculum_calidifontis_JCM_11548	GCA_000015805.1	2.54495465747	>=1%	lr-ont-polypolish	biological	98.341	yes	no	386.97	936.83	yes	yes
MOCK1	Pyrobaculum_calidifontis_JCM_11548	GCA_000015805.1	2.54495465747	>=1%	lr-ont-careful	biological	98.341	yes	no	390.46	948.02	yes	yes
MOCK1	Pyrobaculum_calidifontis_JCM_11548	GCA_000015805.1	2.54495465747	>=1%	diagnostic-fragmented-50kb	diagnostic	100	yes	yes	2.29	3.18	yes	yes
MOCK1	Pyrobaculum_calidifontis_JCM_11548	GCA_000015805.1	2.54495465747	>=1%	diagnostic-chimeric-rotation	diagnostic	100	yes	yes	2.29	3.18	yes	yes
MOCK1	Ruminiclostridium_thermocellum_ATCC_27405	GCA_000015865.1	0.268844896556	0.1-<1%	sr-megahit-m1	biological	0.508	no	no	748.33	71.76	yes	yes
MOCK1	Ruminiclostridium_thermocellum_ATCC_27405	GCA_000015865.1	0.268844896556	0.1-<1%	sr-metaspades-m1	biological	0.573	no	no	517.92	36.35	yes	yes
MOCK1	Ruminiclostridium_thermocellum_ATCC_27405	GCA_000015865.1	0.268844896556	0.1-<1%	lr-flye-ont	biological	15.171	no	no	1063.23	1999.87	yes	yes
MOCK1	Ruminiclostridium_thermocellum_ATCC_27405	GCA_000015865.1	0.268844896556	0.1-<1%	lr-flye-hifi	biological	2.806	no	no	127.02	53.77	yes	yes
MOCK1	Ruminiclostridium_thermocellum_ATCC_27405	GCA_000015865.1	0.268844896556	0.1-<1%	lr-hifiasm-hifi	biological	10.254	no	no	11.67	96.87	yes	yes
MOCK1	Ruminiclostridium_thermocellum_ATCC_27405	GCA_000015865.1	0.268844896556	0.1-<1%	lr-metamdbg-hifi	biological	10.546	no	no	5.42	38.96	yes	yes
MOCK1	Ruminiclostridium_thermocellum_ATCC_27405	GCA_000015865.1	0.268844896556	0.1-<1%	sr-spades-10m	biological	70.66	no	no	131.83	19.14	yes	yes
MOCK1	Ruminiclostridium_thermocellum_ATCC_27405	GCA_000015865.1	0.268844896556	0.1-<1%	hybrid-illumina-ont	biological	86.328	no	no	285.99	261.82	yes	yes
MOCK1	Ruminiclostridium_thermocellum_ATCC_27405	GCA_000015865.1	0.268844896556	0.1-<1%	hybrid-illumina-hifi	biological	75.368	no	no	135.42	21.46	yes	yes
MOCK1	Ruminiclostridium_thermocellum_ATCC_27405	GCA_000015865.1	0.268844896556	0.1-<1%	lr-ont-polypolish	biological	20.392	no	no	991.64	1851.19	yes	yes
MOCK1	Ruminiclostridium_thermocellum_ATCC_27405	GCA_000015865.1	0.268844896556	0.1-<1%	lr-ont-careful	biological	20.188	no	no	1011.53	1879.68	yes	yes
MOCK1	Ruminiclostridium_thermocellum_ATCC_27405	GCA_000015865.1	0.268844896556	0.1-<1%	diagnostic-fragmented-50kb	diagnostic	2.806	no	no	127.02	53.77	yes	yes
MOCK1	Ruminiclostridium_thermocellum_ATCC_27405	GCA_000015865.1	0.268844896556	0.1-<1%	diagnostic-chimeric-rotation	diagnostic	2.806	no	no	127.02	53.77	yes	yes
MOCK1	Shewanella_loihica_PV-4	GCA_000016065.1	0.553251012493	0.1-<1%	sr-megahit-m1	biological	0.21	no	no	196.73	20.71	yes	yes
MOCK1	Shewanella_loihica_PV-4	GCA_000016065.1	0.553251012493	0.1-<1%	sr-metaspades-m1	biological	0.204	no	no	149.32	32	yes	yes
MOCK1	Shewanella_loihica_PV-4	GCA_000016065.1	0.553251012493	0.1-<1%	lr-flye-ont	biological	13.54	no	no	874.89	1769.47	yes	yes
MOCK1	Shewanella_loihica_PV-4	GCA_000016065.1	0.553251012493	0.1-<1%	lr-flye-hifi	biological	86.374	no	no	2.05	37.67	yes	yes
MOCK1	Shewanella_loihica_PV-4	GCA_000016065.1	0.553251012493	0.1-<1%	lr-hifiasm-hifi	biological	94.888	yes	no	7.2	61.33	yes	yes
MOCK1	Shewanella_loihica_PV-4	GCA_000016065.1	0.553251012493	0.1-<1%	lr-metamdbg-hifi	biological	92.531	yes	no	1.57	18.21	yes	yes
MOCK1	Shewanella_loihica_PV-4	GCA_000016065.1	0.553251012493	0.1-<1%	sr-spades-10m	biological	55.802	no	no	120.86	20.47	yes	yes
MOCK1	Shewanella_loihica_PV-4	GCA_000016065.1	0.553251012493	0.1-<1%	hybrid-illumina-ont	biological	73.977	no	no	331.54	330.66	yes	yes
MOCK1	Shewanella_loihica_PV-4	GCA_000016065.1	0.553251012493	0.1-<1%	hybrid-illumina-hifi	biological	88.562	no	no	124.83	18.93	yes	yes
MOCK1	Shewanella_loihica_PV-4	GCA_000016065.1	0.553251012493	0.1-<1%	lr-ont-polypolish	biological	17.31	no	no	827.16	1589.55	yes	yes
MOCK1	Shewanella_loihica_PV-4	GCA_000016065.1	0.553251012493	0.1-<1%	lr-ont-careful	biological	17.006	no	no	825.55	1591.23	yes	yes
MOCK1	Shewanella_loihica_PV-4	GCA_000016065.1	0.553251012493	0.1-<1%	diagnostic-fragmented-50kb	diagnostic	86.374	no	no	2.05	37.67	yes	yes
MOCK1	Shewanella_loihica_PV-4	GCA_000016065.1	0.553251012493	0.1-<1%	diagnostic-chimeric-rotation	diagnostic	86.374	no	no	2.05	37.67	yes	yes
MOCK1	Chlorobium_phaeovibrioides_DSM_265	GCA_000016085.1	1.29391754241	>=1%	sr-megahit-m1	biological	88.483	no	no	92.15	2.01	yes	yes
MOCK1	Chlorobium_phaeovibrioides_DSM_265	GCA_000016085.1	1.29391754241	>=1%	sr-metaspades-m1	biological	91.693	yes	no	103.23	5.37	yes	yes
MOCK1	Chlorobium_phaeovibrioides_DSM_265	GCA_000016085.1	1.29391754241	>=1%	lr-flye-ont	biological	100	yes	yes	101.36	479.18	yes	yes
MOCK1	Chlorobium_phaeovibrioides_DSM_265	GCA_000016085.1	1.29391754241	>=1%	lr-flye-hifi	biological	100	yes	yes	0.36	0.41	yes	yes
MOCK1	Chlorobium_phaeovibrioides_DSM_265	GCA_000016085.1	1.29391754241	>=1%	lr-hifiasm-hifi	biological	100	yes	yes	1.06	0.86	yes	yes
MOCK1	Chlorobium_phaeovibrioides_DSM_265	GCA_000016085.1	1.29391754241	>=1%	lr-metamdbg-hifi	biological	99.983	yes	yes	1.01	0.86	yes	yes
MOCK1	Chlorobium_phaeovibrioides_DSM_265	GCA_000016085.1	1.29391754241	>=1%	sr-spades-10m	biological	99.432	yes	yes	8.39	1.59	yes	yes
MOCK1	Chlorobium_phaeovibrioides_DSM_265	GCA_000016085.1	1.29391754241	>=1%	hybrid-illumina-ont	biological	99.969	yes	yes	14.66	3.09	yes	yes
MOCK1	Chlorobium_phaeovibrioides_DSM_265	GCA_000016085.1	1.29391754241	>=1%	hybrid-illumina-hifi	biological	100	yes	yes	11.12	1.63	yes	yes
MOCK1	Chlorobium_phaeovibrioides_DSM_265	GCA_000016085.1	1.29391754241	>=1%	lr-ont-polypolish	biological	100	yes	yes	0.81	4.71	yes	yes
MOCK1	Chlorobium_phaeovibrioides_DSM_265	GCA_000016085.1	1.29391754241	>=1%	lr-ont-careful	biological	100	yes	yes	5.12	11.8	yes	yes
MOCK1	Chlorobium_phaeovibrioides_DSM_265	GCA_000016085.1	1.29391754241	>=1%	diagnostic-fragmented-50kb	diagnostic	100	yes	yes	0.36	0.41	yes	yes
MOCK1	Chlorobium_phaeovibrioides_DSM_265	GCA_000016085.1	1.29391754241	>=1%	diagnostic-chimeric-rotation	diagnostic	100	yes	yes	0.36	0.41	yes	yes
MOCK1	Methanococcus_maripaludis_C5	GCA_000016125.1	1.15404679485	>=1%	sr-megahit-m1	biological	27.141	no	no	494.3	15.58	yes	yes
MOCK1	Methanococcus_maripaludis_C5	GCA_000016125.1	1.15404679485	>=1%	sr-metaspades-m1	biological	31.966	no	no	362.71	16.08	yes	yes
MOCK1	Methanococcus_maripaludis_C5	GCA_000016125.1	1.15404679485	>=1%	lr-flye-ont	biological	90.103	yes	no	906.64	1073.15	yes	yes
MOCK1	Methanococcus_maripaludis_C5	GCA_000016125.1	1.15404679485	>=1%	lr-flye-hifi	biological	100	yes	yes	0.11	0.5	yes	yes
MOCK1	Methanococcus_maripaludis_C5	GCA_000016125.1	1.15404679485	>=1%	lr-hifiasm-hifi	biological	100	yes	yes	0.28	1.67	yes	yes
MOCK1	Methanococcus_maripaludis_C5	GCA_000016125.1	1.15404679485	>=1%	lr-metamdbg-hifi	biological	99.661	yes	yes	0.11	0.34	yes	yes
MOCK1	Methanococcus_maripaludis_C5	GCA_000016125.1	1.15404679485	>=1%	sr-spades-10m	biological	98.948	yes	no	42.38	2.63	yes	yes
MOCK1	Methanococcus_maripaludis_C5	GCA_000016125.1	1.15404679485	>=1%	hybrid-illumina-ont	biological	99.137	yes	yes	101.73	9.32	yes	yes
MOCK1	Methanococcus_maripaludis_C5	GCA_000016125.1	1.15404679485	>=1%	hybrid-illumina-hifi	biological	99.039	yes	yes	63.3	3.76	yes	yes
MOCK1	Methanococcus_maripaludis_C5	GCA_000016125.1	1.15404679485	>=1%	lr-ont-polypolish	biological	91.795	yes	no	874.42	347.5	yes	yes
MOCK1	Methanococcus_maripaludis_C5	GCA_000016125.1	1.15404679485	>=1%	lr-ont-careful	biological	91.795	yes	no	897.58	500.12	yes	yes
MOCK1	Methanococcus_maripaludis_C5	GCA_000016125.1	1.15404679485	>=1%	diagnostic-fragmented-50kb	diagnostic	100	yes	yes	0.11	0.5	yes	yes
MOCK1	Methanococcus_maripaludis_C5	GCA_000016125.1	1.15404679485	>=1%	diagnostic-chimeric-rotation	diagnostic	100	yes	yes	0.11	0.5	yes	yes
MOCK1	Pyrobaculum_arsenaticum_DSM_13514	GCA_000016385.1	0.0479935628542	<0.1%	sr-megahit-m1	biological	0	no	no	NA	NA	no	no
MOCK1	Pyrobaculum_arsenaticum_DSM_13514	GCA_000016385.1	0.0479935628542	<0.1%	sr-metaspades-m1	biological	0	no	no	NA	NA	no	no
MOCK1	Pyrobaculum_arsenaticum_DSM_13514	GCA_000016385.1	0.0479935628542	<0.1%	lr-flye-ont	biological	0	no	no	NA	NA	no	no
MOCK1	Pyrobaculum_arsenaticum_DSM_13514	GCA_000016385.1	0.0479935628542	<0.1%	lr-flye-hifi	biological	0	no	no	NA	NA	no	no
MOCK1	Pyrobaculum_arsenaticum_DSM_13514	GCA_000016385.1	0.0479935628542	<0.1%	lr-hifiasm-hifi	biological	0	no	no	NA	NA	no	no
MOCK1	Pyrobaculum_arsenaticum_DSM_13514	GCA_000016385.1	0.0479935628542	<0.1%	lr-metamdbg-hifi	biological	0	no	no	NA	NA	no	no
MOCK1	Pyrobaculum_arsenaticum_DSM_13514	GCA_000016385.1	0.0479935628542	<0.1%	sr-spades-10m	biological	0	no	no	NA	NA	no	no
MOCK1	Pyrobaculum_arsenaticum_DSM_13514	GCA_000016385.1	0.0479935628542	<0.1%	hybrid-illumina-ont	biological	0	no	no	NA	NA	no	no
MOCK1	Pyrobaculum_arsenaticum_DSM_13514	GCA_000016385.1	0.0479935628542	<0.1%	hybrid-illumina-hifi	biological	0	no	no	NA	NA	no	no
MOCK1	Pyrobaculum_arsenaticum_DSM_13514	GCA_000016385.1	0.0479935628542	<0.1%	lr-ont-polypolish	biological	0	no	no	NA	NA	no	no
MOCK1	Pyrobaculum_arsenaticum_DSM_13514	GCA_000016385.1	0.0479935628542	<0.1%	lr-ont-careful	biological	0	no	no	NA	NA	no	no
MOCK1	Pyrobaculum_arsenaticum_DSM_13514	GCA_000016385.1	0.0479935628542	<0.1%	diagnostic-fragmented-50kb	diagnostic	0	no	no	NA	NA	no	no
MOCK1	Pyrobaculum_arsenaticum_DSM_13514	GCA_000016385.1	0.0479935628542	<0.1%	diagnostic-chimeric-rotation	diagnostic	0	no	no	NA	NA	no	no
MOCK1	Micromonospora_tropica_CNB-440	GCA_000016425.1	0.49099119431	0.1-<1%	sr-megahit-m1	biological	0	no	no	NA	NA	yes	no
MOCK1	Micromonospora_tropica_CNB-440	GCA_000016425.1	0.49099119431	0.1-<1%	sr-metaspades-m1	biological	0	no	no	NA	NA	yes	no
MOCK1	Micromonospora_tropica_CNB-440	GCA_000016425.1	0.49099119431	0.1-<1%	lr-flye-ont	biological	2.113	no	no	1195.18	1770.57	yes	yes
MOCK1	Micromonospora_tropica_CNB-440	GCA_000016425.1	0.49099119431	0.1-<1%	lr-flye-hifi	biological	94.877	yes	no	2.94	27.83	yes	yes
MOCK1	Micromonospora_tropica_CNB-440	GCA_000016425.1	0.49099119431	0.1-<1%	lr-hifiasm-hifi	biological	96.649	yes	no	6.39	58.72	yes	yes
MOCK1	Micromonospora_tropica_CNB-440	GCA_000016425.1	0.49099119431	0.1-<1%	lr-metamdbg-hifi	biological	92.792	yes	no	26.16	14.76	yes	yes
MOCK1	Micromonospora_tropica_CNB-440	GCA_000016425.1	0.49099119431	0.1-<1%	sr-spades-10m	biological	3.567	no	no	544.48	31.87	yes	yes
MOCK1	Micromonospora_tropica_CNB-440	GCA_000016425.1	0.49099119431	0.1-<1%	hybrid-illumina-ont	biological	6.16	no	no	809.21	561.4	yes	yes
MOCK1	Micromonospora_tropica_CNB-440	GCA_000016425.1	0.49099119431	0.1-<1%	hybrid-illumina-hifi	biological	19.896	no	no	541.96	59.91	yes	yes
MOCK1	Micromonospora_tropica_CNB-440	GCA_000016425.1	0.49099119431	0.1-<1%	lr-ont-polypolish	biological	2.113	no	no	1186.97	1745.12	yes	yes
MOCK1	Micromonospora_tropica_CNB-440	GCA_000016425.1	0.49099119431	0.1-<1%	lr-ont-careful	biological	2.113	no	no	1190.62	1752.4	yes	yes
MOCK1	Micromonospora_tropica_CNB-440	GCA_000016425.1	0.49099119431	0.1-<1%	diagnostic-fragmented-50kb	diagnostic	94.872	yes	no	2.94	27.81	yes	yes
MOCK1	Micromonospora_tropica_CNB-440	GCA_000016425.1	0.49099119431	0.1-<1%	diagnostic-chimeric-rotation	diagnostic	94.877	yes	no	2.94	27.83	yes	yes
MOCK1	Caldicellulosiruptor_saccharolyticus_DSM_8903	GCA_000016545.1	0.891081566244	0.1-<1%	sr-megahit-m1	biological	95.32	yes	no	19.79	2.01	yes	yes
MOCK1	Caldicellulosiruptor_saccharolyticus_DSM_8903	GCA_000016545.1	0.891081566244	0.1-<1%	sr-metaspades-m1	biological	94.525	yes	no	30.15	2.85	yes	yes
MOCK1	Caldicellulosiruptor_saccharolyticus_DSM_8903	GCA_000016545.1	0.891081566244	0.1-<1%	lr-flye-ont	biological	99.665	yes	yes	28.86	424	yes	yes
MOCK1	Caldicellulosiruptor_saccharolyticus_DSM_8903	GCA_000016545.1	0.891081566244	0.1-<1%	lr-flye-hifi	biological	99.826	yes	yes	11.91	2.04	yes	yes
MOCK1	Caldicellulosiruptor_saccharolyticus_DSM_8903	GCA_000016545.1	0.891081566244	0.1-<1%	lr-hifiasm-hifi	biological	11.527	no	no	0.88	0.29	yes	yes
MOCK1	Caldicellulosiruptor_saccharolyticus_DSM_8903	GCA_000016545.1	0.891081566244	0.1-<1%	lr-metamdbg-hifi	biological	99.584	yes	yes	12.18	1.15	yes	yes
MOCK1	Caldicellulosiruptor_saccharolyticus_DSM_8903	GCA_000016545.1	0.891081566244	0.1-<1%	sr-spades-10m	biological	95.235	yes	no	23.59	2.37	yes	yes
MOCK1	Caldicellulosiruptor_saccharolyticus_DSM_8903	GCA_000016545.1	0.891081566244	0.1-<1%	hybrid-illumina-ont	biological	98.612	yes	no	26.77	3.24	yes	yes
MOCK1	Caldicellulosiruptor_saccharolyticus_DSM_8903	GCA_000016545.1	0.891081566244	0.1-<1%	hybrid-illumina-hifi	biological	99.44	yes	yes	30.33	4.15	yes	yes
MOCK1	Caldicellulosiruptor_saccharolyticus_DSM_8903	GCA_000016545.1	0.891081566244	0.1-<1%	lr-ont-polypolish	biological	99.665	yes	yes	13.31	15.39	yes	yes
MOCK1	Caldicellulosiruptor_saccharolyticus_DSM_8903	GCA_000016545.1	0.891081566244	0.1-<1%	lr-ont-careful	biological	99.665	yes	yes	13.67	38.63	yes	yes
MOCK1	Caldicellulosiruptor_saccharolyticus_DSM_8903	GCA_000016545.1	0.891081566244	0.1-<1%	diagnostic-fragmented-50kb	diagnostic	99.741	yes	yes	8.8	1.88	yes	yes
MOCK1	Caldicellulosiruptor_saccharolyticus_DSM_8903	GCA_000016545.1	0.891081566244	0.1-<1%	diagnostic-chimeric-rotation	diagnostic	99.826	yes	yes	11.91	2.04	yes	yes
MOCK1	Thermotoga_petrophila_RKU-1	GCA_000016785.1	6.95026306091	>=1%	sr-megahit-m1	biological	98.12	yes	no	20.12	0.78	yes	yes
MOCK1	Thermotoga_petrophila_RKU-1	GCA_000016785.1	6.95026306091	>=1%	sr-metaspades-m1	biological	97.991	yes	no	38.87	1.34	yes	yes
MOCK1	Thermotoga_petrophila_RKU-1	GCA_000016785.1	6.95026306091	>=1%	lr-flye-ont	biological	99.726	yes	yes	38.68	357.54	yes	yes
MOCK1	Thermotoga_petrophila_RKU-1	GCA_000016785.1	6.95026306091	>=1%	lr-flye-hifi	biological	100	yes	yes	0.99	0.16	yes	yes
MOCK1	Thermotoga_petrophila_RKU-1	GCA_000016785.1	6.95026306091	>=1%	lr-hifiasm-hifi	biological	32.289	no	no	1.19	0	yes	yes
MOCK1	Thermotoga_petrophila_RKU-1	GCA_000016785.1	6.95026306091	>=1%	lr-metamdbg-hifi	biological	99.796	yes	yes	0.93	0.16	yes	yes
MOCK1	Thermotoga_petrophila_RKU-1	GCA_000016785.1	6.95026306091	>=1%	sr-spades-10m	biological	99.001	yes	yes	40.08	1.38	yes	yes
MOCK1	Thermotoga_petrophila_RKU-1	GCA_000016785.1	6.95026306091	>=1%	hybrid-illumina-ont	biological	99.447	yes	yes	56.06	2.42	yes	yes
MOCK1	Thermotoga_petrophila_RKU-1	GCA_000016785.1	6.95026306091	>=1%	hybrid-illumina-hifi	biological	97.116	yes	no	44.44	2.91	yes	yes
MOCK1	Thermotoga_petrophila_RKU-1	GCA_000016785.1	6.95026306091	>=1%	lr-ont-polypolish	biological	99.726	yes	yes	25.82	21.69	yes	yes
MOCK1	Thermotoga_petrophila_RKU-1	GCA_000016785.1	6.95026306091	>=1%	lr-ont-careful	biological	99.726	yes	yes	28.71	47.85	yes	yes
MOCK1	Thermotoga_petrophila_RKU-1	GCA_000016785.1	6.95026306091	>=1%	diagnostic-fragmented-50kb	diagnostic	100	yes	yes	0.99	0.16	yes	yes
MOCK1	Thermotoga_petrophila_RKU-1	GCA_000016785.1	6.95026306091	>=1%	diagnostic-chimeric-rotation	diagnostic	100	yes	yes	0.99	0.16	yes	yes
MOCK1	Shewanella_baltica_OS185	GCA_000017325.1	1.35662189775	>=1%	sr-megahit-m1	biological	45.085	no	no	1120.39	19.88	yes	yes
MOCK1	Shewanella_baltica_OS185	GCA_000017325.1	1.35662189775	>=1%	sr-metaspades-m1	biological	45.472	no	no	1083.83	24.59	yes	yes
MOCK1	Shewanella_baltica_OS185	GCA_000017325.1	1.35662189775	>=1%	lr-flye-ont	biological	91.769	yes	no	1490.71	455.26	yes	yes
MOCK1	Shewanella_baltica_OS185	GCA_000017325.1	1.35662189775	>=1%	lr-flye-hifi	biological	100	yes	yes	10.43	0.48	yes	yes
MOCK1	Shewanella_baltica_OS185	GCA_000017325.1	1.35662189775	>=1%	lr-hifiasm-hifi	biological	98.434	yes	no	2.81	0.06	yes	yes
MOCK1	Shewanella_baltica_OS185	GCA_000017325.1	1.35662189775	>=1%	lr-metamdbg-hifi	biological	98.141	yes	no	0.69	0.02	yes	yes
MOCK1	Shewanella_baltica_OS185	GCA_000017325.1	1.35662189775	>=1%	sr-spades-10m	biological	53.29	no	no	553.29	10.64	yes	yes
MOCK1	Shewanella_baltica_OS185	GCA_000017325.1	1.35662189775	>=1%	hybrid-illumina-ont	biological	70.359	no	no	906.02	24.41	yes	yes
MOCK1	Shewanella_baltica_OS185	GCA_000017325.1	1.35662189775	>=1%	hybrid-illumina-hifi	biological	80.367	no	no	1137.66	29.46	yes	yes
MOCK1	Shewanella_baltica_OS185	GCA_000017325.1	1.35662189775	>=1%	lr-ont-polypolish	biological	93.189	yes	no	1503.89	191.66	yes	yes
MOCK1	Shewanella_baltica_OS185	GCA_000017325.1	1.35662189775	>=1%	lr-ont-careful	biological	93.043	yes	no	1512.28	243.65	yes	yes
MOCK1	Shewanella_baltica_OS185	GCA_000017325.1	1.35662189775	>=1%	diagnostic-fragmented-50kb	diagnostic	100	yes	yes	28.54	0.92	yes	yes
MOCK1	Shewanella_baltica_OS185	GCA_000017325.1	1.35662189775	>=1%	diagnostic-chimeric-rotation	diagnostic	100	yes	yes	845.39	25.9	yes	yes
MOCK1	Ignicoccus_hospitalis_KIN4_I	GCA_000017945.1	2.83860327179	>=1%	sr-megahit-m1	biological	55.195	no	no	140.34	1.26	yes	yes
MOCK1	Ignicoccus_hospitalis_KIN4_I	GCA_000017945.1	2.83860327179	>=1%	sr-metaspades-m1	biological	64.826	no	no	143.77	7.49	yes	yes
MOCK1	Ignicoccus_hospitalis_KIN4_I	GCA_000017945.1	2.83860327179	>=1%	lr-flye-ont	biological	99.578	yes	yes	93.8	590.96	yes	yes
MOCK1	Ignicoccus_hospitalis_KIN4_I	GCA_000017945.1	2.83860327179	>=1%	lr-flye-hifi	biological	99.969	yes	yes	0.38	2.31	yes	yes
MOCK1	Ignicoccus_hospitalis_KIN4_I	GCA_000017945.1	2.83860327179	>=1%	lr-hifiasm-hifi	biological	100	yes	yes	1.08	4.16	yes	yes
MOCK1	Ignicoccus_hospitalis_KIN4_I	GCA_000017945.1	2.83860327179	>=1%	lr-metamdbg-hifi	biological	99.891	yes	yes	0.15	1.31	yes	yes
MOCK1	Ignicoccus_hospitalis_KIN4_I	GCA_000017945.1	2.83860327179	>=1%	sr-spades-10m	biological	99.92	yes	yes	2.78	0.31	yes	yes
MOCK1	Ignicoccus_hospitalis_KIN4_I	GCA_000017945.1	2.83860327179	>=1%	hybrid-illumina-ont	biological	100	yes	yes	4.16	0.39	yes	yes
MOCK1	Ignicoccus_hospitalis_KIN4_I	GCA_000017945.1	2.83860327179	>=1%	hybrid-illumina-hifi	biological	100	yes	yes	4.16	0.39	yes	yes
MOCK1	Ignicoccus_hospitalis_KIN4_I	GCA_000017945.1	2.83860327179	>=1%	lr-ont-polypolish	biological	99.578	yes	yes	9.85	34.86	yes	yes
MOCK1	Ignicoccus_hospitalis_KIN4_I	GCA_000017945.1	2.83860327179	>=1%	lr-ont-careful	biological	99.578	yes	yes	14.85	51.64	yes	yes
MOCK1	Ignicoccus_hospitalis_KIN4_I	GCA_000017945.1	2.83860327179	>=1%	diagnostic-fragmented-50kb	diagnostic	99.969	yes	yes	0.38	2.31	yes	yes
MOCK1	Ignicoccus_hospitalis_KIN4_I	GCA_000017945.1	2.83860327179	>=1%	diagnostic-chimeric-rotation	diagnostic	99.969	yes	yes	0.38	2.31	yes	yes
MOCK1	Micromonospora_arenicola_CNS-205	GCA_000018265.1	0.390563872567	0.1-<1%	sr-megahit-m1	biological	0.036	no	no	873.36	0	yes	yes
MOCK1	Micromonospora_arenicola_CNS-205	GCA_000018265.1	0.390563872567	0.1-<1%	sr-metaspades-m1	biological	0.017	no	no	513.35	0	yes	yes
MOCK1	Micromonospora_arenicola_CNS-205	GCA_000018265.1	0.390563872567	0.1-<1%	lr-flye-ont	biological	12.694	no	no	1069.35	1671.04	yes	yes
MOCK1	Micromonospora_arenicola_CNS-205	GCA_000018265.1	0.390563872567	0.1-<1%	lr-flye-hifi	biological	98.785	yes	no	2.86	8.58	yes	yes
MOCK1	Micromonospora_arenicola_CNS-205	GCA_000018265.1	0.390563872567	0.1-<1%	lr-hifiasm-hifi	biological	90.999	yes	no	3.46	16.39	yes	yes
MOCK1	Micromonospora_arenicola_CNS-205	GCA_000018265.1	0.390563872567	0.1-<1%	lr-metamdbg-hifi	biological	98.215	yes	no	7.81	3.54	yes	yes
MOCK1	Micromonospora_arenicola_CNS-205	GCA_000018265.1	0.390563872567	0.1-<1%	sr-spades-10m	biological	25.732	no	no	371.61	25.65	yes	yes
MOCK1	Micromonospora_arenicola_CNS-205	GCA_000018265.1	0.390563872567	0.1-<1%	hybrid-illumina-ont	biological	43.775	no	no	956.73	481.11	yes	yes
MOCK1	Micromonospora_arenicola_CNS-205	GCA_000018265.1	0.390563872567	0.1-<1%	hybrid-illumina-hifi	biological	68.461	no	no	942.54	62.99	yes	yes
MOCK1	Micromonospora_arenicola_CNS-205	GCA_000018265.1	0.390563872567	0.1-<1%	lr-ont-polypolish	biological	15.12	no	no	1072.3	1617.06	yes	yes
MOCK1	Micromonospora_arenicola_CNS-205	GCA_000018265.1	0.390563872567	0.1-<1%	lr-ont-careful	biological	15.12	no	no	1074.52	1625.13	yes	yes
MOCK1	Micromonospora_arenicola_CNS-205	GCA_000018265.1	0.390563872567	0.1-<1%	diagnostic-fragmented-50kb	diagnostic	98.785	yes	no	4.73	8.9	yes	yes
MOCK1	Micromonospora_arenicola_CNS-205	GCA_000018265.1	0.390563872567	0.1-<1%	diagnostic-chimeric-rotation	diagnostic	98.785	yes	no	2.86	8.58	yes	yes
MOCK1	Herpetosiphon_aurantiacus_DSM_785	GCA_000018565.1	1.6502324032	>=1%	sr-megahit-m1	biological	81.393	no	no	88.36	1.7	yes	yes
MOCK1	Herpetosiphon_aurantiacus_DSM_785	GCA_000018565.1	1.6502324032	>=1%	sr-metaspades-m1	biological	86.313	no	no	87.43	5.29	yes	yes
MOCK1	Herpetosiphon_aurantiacus_DSM_785	GCA_000018565.1	1.6502324032	>=1%	lr-flye-ont	biological	99.671	yes	yes	117.94	355.3	yes	yes
MOCK1	Herpetosiphon_aurantiacus_DSM_785	GCA_000018565.1	1.6502324032	>=1%	lr-flye-hifi	biological	99.998	yes	yes	0	0.03	yes	yes
MOCK1	Herpetosiphon_aurantiacus_DSM_785	GCA_000018565.1	1.6502324032	>=1%	lr-hifiasm-hifi	biological	100	yes	yes	0	0.03	yes	yes
MOCK1	Herpetosiphon_aurantiacus_DSM_785	GCA_000018565.1	1.6502324032	>=1%	lr-metamdbg-hifi	biological	99.637	yes	yes	0.47	0.15	yes	yes
MOCK1	Herpetosiphon_aurantiacus_DSM_785	GCA_000018565.1	1.6502324032	>=1%	sr-spades-10m	biological	98.719	yes	no	3.41	0.52	yes	yes
MOCK1	Herpetosiphon_aurantiacus_DSM_785	GCA_000018565.1	1.6502324032	>=1%	hybrid-illumina-ont	biological	99.819	yes	yes	9.76	1.43	yes	yes
MOCK1	Herpetosiphon_aurantiacus_DSM_785	GCA_000018565.1	1.6502324032	>=1%	hybrid-illumina-hifi	biological	99.923	yes	yes	12.21	1.86	yes	yes
MOCK1	Herpetosiphon_aurantiacus_DSM_785	GCA_000018565.1	1.6502324032	>=1%	lr-ont-polypolish	biological	99.671	yes	yes	7.25	7.57	yes	yes
MOCK1	Herpetosiphon_aurantiacus_DSM_785	GCA_000018565.1	1.6502324032	>=1%	lr-ont-careful	biological	99.671	yes	yes	11.55	18.48	yes	yes
MOCK1	Herpetosiphon_aurantiacus_DSM_785	GCA_000018565.1	1.6502324032	>=1%	diagnostic-fragmented-50kb	diagnostic	99.998	yes	yes	0	0.03	yes	yes
MOCK1	Herpetosiphon_aurantiacus_DSM_785	GCA_000018565.1	1.6502324032	>=1%	diagnostic-chimeric-rotation	diagnostic	99.998	yes	yes	0	0.03	yes	yes
MOCK1	Chloroflexus_aurantiacus_J-10-fl	GCA_000018865.1	0.203265727015	0.1-<1%	sr-megahit-m1	biological	0.894	no	no	221.15	6.38	yes	yes
MOCK1	Chloroflexus_aurantiacus_J-10-fl	GCA_000018865.1	0.203265727015	0.1-<1%	sr-metaspades-m1	biological	1.576	no	no	204.09	15.7	yes	yes
MOCK1	Chloroflexus_aurantiacus_J-10-fl	GCA_000018865.1	0.203265727015	0.1-<1%	lr-flye-ont	biological	88.64	no	no	787.44	1519.95	yes	yes
MOCK1	Chloroflexus_aurantiacus_J-10-fl	GCA_000018865.1	0.203265727015	0.1-<1%	lr-flye-hifi	biological	99.71	yes	yes	0.55	2.21	yes	yes
MOCK1	Chloroflexus_aurantiacus_J-10-fl	GCA_000018865.1	0.203265727015	0.1-<1%	lr-hifiasm-hifi	biological	99.899	yes	yes	3.16	4.56	yes	yes
MOCK1	Chloroflexus_aurantiacus_J-10-fl	GCA_000018865.1	0.203265727015	0.1-<1%	lr-metamdbg-hifi	biological	99.661	yes	yes	0.59	1.13	yes	yes
MOCK1	Chloroflexus_aurantiacus_J-10-fl	GCA_000018865.1	0.203265727015	0.1-<1%	sr-spades-10m	biological	94.872	yes	no	71.7	10.42	yes	yes
MOCK1	Chloroflexus_aurantiacus_J-10-fl	GCA_000018865.1	0.203265727015	0.1-<1%	hybrid-illumina-ont	biological	97.964	yes	no	126.3	53.63	yes	yes
MOCK1	Chloroflexus_aurantiacus_J-10-fl	GCA_000018865.1	0.203265727015	0.1-<1%	hybrid-illumina-hifi	biological	98.244	yes	no	93.58	7.25	yes	yes
MOCK1	Chloroflexus_aurantiacus_J-10-fl	GCA_000018865.1	0.203265727015	0.1-<1%	lr-ont-polypolish	biological	94.218	yes	no	573.42	1057.97	yes	yes
MOCK1	Chloroflexus_aurantiacus_J-10-fl	GCA_000018865.1	0.203265727015	0.1-<1%	lr-ont-careful	biological	93.558	yes	no	581.5	1075.95	yes	yes
MOCK1	Chloroflexus_aurantiacus_J-10-fl	GCA_000018865.1	0.203265727015	0.1-<1%	diagnostic-fragmented-50kb	diagnostic	99.707	yes	yes	0.67	2.19	yes	yes
MOCK1	Chloroflexus_aurantiacus_J-10-fl	GCA_000018865.1	0.203265727015	0.1-<1%	diagnostic-chimeric-rotation	diagnostic	99.71	yes	yes	0.55	2.21	yes	yes
MOCK1	Thermotoga_neapolitana_DSM_4359	GCA_000018945.1	1.60748197579	>=1%	sr-megahit-m1	biological	99.485	yes	yes	8.94	2.77	yes	yes
MOCK1	Thermotoga_neapolitana_DSM_4359	GCA_000018945.1	1.60748197579	>=1%	sr-metaspades-m1	biological	99.412	yes	yes	19.52	3.47	yes	yes
MOCK1	Thermotoga_neapolitana_DSM_4359	GCA_000018945.1	1.60748197579	>=1%	lr-flye-ont	biological	99.929	yes	yes	63.48	376.14	yes	yes
MOCK1	Thermotoga_neapolitana_DSM_4359	GCA_000018945.1	1.60748197579	>=1%	lr-flye-hifi	biological	100	yes	yes	1.38	2.65	yes	yes
MOCK1	Thermotoga_neapolitana_DSM_4359	GCA_000018945.1	1.60748197579	>=1%	lr-hifiasm-hifi	biological	0.065	no	no	0	0	yes	yes
MOCK1	Thermotoga_neapolitana_DSM_4359	GCA_000018945.1	1.60748197579	>=1%	lr-metamdbg-hifi	biological	99.806	yes	yes	1.44	2.66	yes	yes
MOCK1	Thermotoga_neapolitana_DSM_4359	GCA_000018945.1	1.60748197579	>=1%	sr-spades-10m	biological	99.671	yes	yes	5.85	2.98	yes	yes
MOCK1	Thermotoga_neapolitana_DSM_4359	GCA_000018945.1	1.60748197579	>=1%	hybrid-illumina-ont	biological	99.506	yes	yes	7.99	3.41	yes	yes
MOCK1	Thermotoga_neapolitana_DSM_4359	GCA_000018945.1	1.60748197579	>=1%	hybrid-illumina-hifi	biological	100	yes	yes	24.88	4.57	yes	yes
MOCK1	Thermotoga_neapolitana_DSM_4359	GCA_000018945.1	1.60748197579	>=1%	lr-ont-polypolish	biological	99.929	yes	yes	51.07	47.97	yes	yes
MOCK1	Thermotoga_neapolitana_DSM_4359	GCA_000018945.1	1.60748197579	>=1%	lr-ont-careful	biological	99.929	yes	yes	54.66	77.3	yes	yes
MOCK1	Thermotoga_neapolitana_DSM_4359	GCA_000018945.1	1.60748197579	>=1%	diagnostic-fragmented-50kb	diagnostic	100	yes	yes	1.38	2.65	yes	yes
MOCK1	Thermotoga_neapolitana_DSM_4359	GCA_000018945.1	1.60748197579	>=1%	diagnostic-chimeric-rotation	diagnostic	100	yes	yes	1.38	2.65	yes	yes
MOCK1	Thermoanaerobacter_pseudethanolicus_ATCC_33223	GCA_000019085.1	2.48160060047	>=1%	sr-megahit-m1	biological	94.647	yes	no	21.74	0.94	yes	yes
MOCK1	Thermoanaerobacter_pseudethanolicus_ATCC_33223	GCA_000019085.1	2.48160060047	>=1%	sr-metaspades-m1	biological	93.964	yes	no	23.1	1.08	yes	yes
MOCK1	Thermoanaerobacter_pseudethanolicus_ATCC_33223	GCA_000019085.1	2.48160060047	>=1%	lr-flye-ont	biological	100	yes	yes	23.07	445.55	yes	yes
MOCK1	Thermoanaerobacter_pseudethanolicus_ATCC_33223	GCA_000019085.1	2.48160060047	>=1%	lr-flye-hifi	biological	100	yes	yes	0.55	0.63	yes	yes
MOCK1	Thermoanaerobacter_pseudethanolicus_ATCC_33223	GCA_000019085.1	2.48160060047	>=1%	lr-hifiasm-hifi	biological	100	yes	yes	0.55	0.51	yes	yes
MOCK1	Thermoanaerobacter_pseudethanolicus_ATCC_33223	GCA_000019085.1	2.48160060047	>=1%	lr-metamdbg-hifi	biological	99.25	yes	yes	0.55	0.55	yes	yes
MOCK1	Thermoanaerobacter_pseudethanolicus_ATCC_33223	GCA_000019085.1	2.48160060047	>=1%	sr-spades-10m	biological	94.766	yes	no	8.39	0.89	yes	yes
MOCK1	Thermoanaerobacter_pseudethanolicus_ATCC_33223	GCA_000019085.1	2.48160060047	>=1%	hybrid-illumina-ont	biological	98.525	yes	no	23.97	1.29	yes	yes
MOCK1	Thermoanaerobacter_pseudethanolicus_ATCC_33223	GCA_000019085.1	2.48160060047	>=1%	hybrid-illumina-hifi	biological	99.254	yes	yes	29.12	1.58	yes	yes
MOCK1	Thermoanaerobacter_pseudethanolicus_ATCC_33223	GCA_000019085.1	2.48160060047	>=1%	lr-ont-polypolish	biological	100	yes	yes	10.05	26.04	yes	yes
MOCK1	Thermoanaerobacter_pseudethanolicus_ATCC_33223	GCA_000019085.1	2.48160060047	>=1%	lr-ont-careful	biological	100	yes	yes	12.23	58.87	yes	yes
MOCK1	Thermoanaerobacter_pseudethanolicus_ATCC_33223	GCA_000019085.1	2.48160060047	>=1%	diagnostic-fragmented-50kb	diagnostic	100	yes	yes	0.55	0.63	yes	yes
MOCK1	Thermoanaerobacter_pseudethanolicus_ATCC_33223	GCA_000019085.1	2.48160060047	>=1%	diagnostic-chimeric-rotation	diagnostic	100	yes	yes	0.55	0.63	yes	yes
MOCK1	Leptothrix_cholodnii_SP-6	GCA_000019785.1	0.049764838437	<0.1%	sr-megahit-m1	biological	0	no	no	NA	NA	yes	no
MOCK1	Leptothrix_cholodnii_SP-6	GCA_000019785.1	0.049764838437	<0.1%	sr-metaspades-m1	biological	0	no	no	NA	NA	yes	no
MOCK1	Leptothrix_cholodnii_SP-6	GCA_000019785.1	0.049764838437	<0.1%	lr-flye-ont	biological	0	no	no	NA	NA	yes	no
MOCK1	Leptothrix_cholodnii_SP-6	GCA_000019785.1	0.049764838437	<0.1%	lr-flye-hifi	biological	0.979	no	no	0	145.34	yes	yes
MOCK1	Leptothrix_cholodnii_SP-6	GCA_000019785.1	0.049764838437	<0.1%	lr-hifiasm-hifi	biological	7.911	no	no	17.23	207.33	yes	yes
MOCK1	Leptothrix_cholodnii_SP-6	GCA_000019785.1	0.049764838437	<0.1%	lr-metamdbg-hifi	biological	6.521	no	no	3.43	71.82	yes	yes
MOCK1	Leptothrix_cholodnii_SP-6	GCA_000019785.1	0.049764838437	<0.1%	sr-spades-10m	biological	0.026	no	no	692.31	0	yes	yes
MOCK1	Leptothrix_cholodnii_SP-6	GCA_000019785.1	0.049764838437	<0.1%	hybrid-illumina-ont	biological	0.037	no	no	602.41	0	yes	yes
MOCK1	Leptothrix_cholodnii_SP-6	GCA_000019785.1	0.049764838437	<0.1%	hybrid-illumina-hifi	biological	0.105	no	no	330.03	38.83	yes	yes
MOCK1	Leptothrix_cholodnii_SP-6	GCA_000019785.1	0.049764838437	<0.1%	lr-ont-polypolish	biological	0	no	no	NA	NA	yes	no
MOCK1	Leptothrix_cholodnii_SP-6	GCA_000019785.1	0.049764838437	<0.1%	lr-ont-careful	biological	0	no	no	NA	NA	yes	no
MOCK1	Leptothrix_cholodnii_SP-6	GCA_000019785.1	0.049764838437	<0.1%	diagnostic-fragmented-50kb	diagnostic	0.979	no	no	0	145.34	yes	yes
MOCK1	Leptothrix_cholodnii_SP-6	GCA_000019785.1	0.049764838437	<0.1%	diagnostic-chimeric-rotation	diagnostic	0.979	no	no	0	145.34	yes	yes
MOCK1	Akkermansia_muciniphila_ATCC_BAA-835	GCA_000020225.1	0.907513578542	0.1-<1%	sr-megahit-m1	biological	2.406	no	no	193.44	0	yes	yes
MOCK1	Akkermansia_muciniphila_ATCC_BAA-835	GCA_000020225.1	0.907513578542	0.1-<1%	sr-metaspades-m1	biological	4.208	no	no	186.5	4.46	yes	yes
MOCK1	Akkermansia_muciniphila_ATCC_BAA-835	GCA_000020225.1	0.907513578542	0.1-<1%	lr-flye-ont	biological	99.438	yes	yes	394.93	1166.77	yes	yes
MOCK1	Akkermansia_muciniphila_ATCC_BAA-835	GCA_000020225.1	0.907513578542	0.1-<1%	lr-flye-hifi	biological	99.971	yes	yes	33.53	2.97	yes	yes
MOCK1	Akkermansia_muciniphila_ATCC_BAA-835	GCA_000020225.1	0.907513578542	0.1-<1%	lr-hifiasm-hifi	biological	99.959	yes	yes	41.72	1.2	yes	yes
MOCK1	Akkermansia_muciniphila_ATCC_BAA-835	GCA_000020225.1	0.907513578542	0.1-<1%	lr-metamdbg-hifi	biological	99.971	yes	yes	29.62	0.86	yes	yes
MOCK1	Akkermansia_muciniphila_ATCC_BAA-835	GCA_000020225.1	0.907513578542	0.1-<1%	sr-spades-10m	biological	98.092	yes	no	60.12	5.62	yes	yes
MOCK1	Akkermansia_muciniphila_ATCC_BAA-835	GCA_000020225.1	0.907513578542	0.1-<1%	hybrid-illumina-ont	biological	99.091	yes	yes	87.84	14.03	yes	yes
MOCK1	Akkermansia_muciniphila_ATCC_BAA-835	GCA_000020225.1	0.907513578542	0.1-<1%	hybrid-illumina-hifi	biological	99.08	yes	yes	76.57	1.59	yes	yes
MOCK1	Akkermansia_muciniphila_ATCC_BAA-835	GCA_000020225.1	0.907513578542	0.1-<1%	lr-ont-polypolish	biological	99.438	yes	yes	223.01	568.26	yes	yes
MOCK1	Akkermansia_muciniphila_ATCC_BAA-835	GCA_000020225.1	0.907513578542	0.1-<1%	lr-ont-careful	biological	99.438	yes	yes	226.89	579.41	yes	yes
MOCK1	Akkermansia_muciniphila_ATCC_BAA-835	GCA_000020225.1	0.907513578542	0.1-<1%	diagnostic-fragmented-50kb	diagnostic	99.97	yes	yes	25.42	2.97	yes	yes
MOCK1	Akkermansia_muciniphila_ATCC_BAA-835	GCA_000020225.1	0.907513578542	0.1-<1%	diagnostic-chimeric-rotation	diagnostic	99.971	yes	yes	27.6	2.97	yes	yes
MOCK1	Sulfurihydrogenibium_sp._YO3AOP1	GCA_000020325.1	0.692150588942	0.1-<1%	sr-megahit-m1	biological	0.764	no	no	234.94	7.12	yes	yes
MOCK1	Sulfurihydrogenibium_sp._YO3AOP1	GCA_000020325.1	0.692150588942	0.1-<1%	sr-metaspades-m1	biological	0.741	no	no	198.73	29.44	yes	yes
MOCK1	Sulfurihydrogenibium_sp._YO3AOP1	GCA_000020325.1	0.692150588942	0.1-<1%	lr-flye-ont	biological	62.889	no	no	681.01	2020.82	yes	yes
MOCK1	Sulfurihydrogenibium_sp._YO3AOP1	GCA_000020325.1	0.692150588942	0.1-<1%	lr-flye-hifi	biological	98.014	yes	no	2.44	11.19	yes	yes
MOCK1	Sulfurihydrogenibium_sp._YO3AOP1	GCA_000020325.1	0.692150588942	0.1-<1%	lr-hifiasm-hifi	biological	98.506	yes	no	1.82	14.96	yes	yes
MOCK1	Sulfurihydrogenibium_sp._YO3AOP1	GCA_000020325.1	0.692150588942	0.1-<1%	lr-metamdbg-hifi	biological	96.059	yes	no	0.11	2.66	yes	yes
MOCK1	Sulfurihydrogenibium_sp._YO3AOP1	GCA_000020325.1	0.692150588942	0.1-<1%	sr-spades-10m	biological	88.991	no	no	83.23	12.69	yes	yes
MOCK1	Sulfurihydrogenibium_sp._YO3AOP1	GCA_000020325.1	0.692150588942	0.1-<1%	hybrid-illumina-ont	biological	94.912	yes	no	153.58	97.32	yes	yes
MOCK1	Sulfurihydrogenibium_sp._YO3AOP1	GCA_000020325.1	0.692150588942	0.1-<1%	hybrid-illumina-hifi	biological	95.779	yes	no	122.24	11.36	yes	yes
MOCK1	Sulfurihydrogenibium_sp._YO3AOP1	GCA_000020325.1	0.692150588942	0.1-<1%	lr-ont-polypolish	biological	71.224	no	no	581.77	1570.17	yes	yes
MOCK1	Sulfurihydrogenibium_sp._YO3AOP1	GCA_000020325.1	0.692150588942	0.1-<1%	lr-ont-careful	biological	70.539	no	no	590.03	1592.91	yes	yes
MOCK1	Sulfurihydrogenibium_sp._YO3AOP1	GCA_000020325.1	0.692150588942	0.1-<1%	diagnostic-fragmented-50kb	diagnostic	98.014	yes	no	2.44	11.19	yes	yes
MOCK1	Sulfurihydrogenibium_sp._YO3AOP1	GCA_000020325.1	0.692150588942	0.1-<1%	diagnostic-chimeric-rotation	diagnostic	98.014	yes	no	2.44	11.19	yes	yes
MOCK1	Chlorobium_limicola_DSM_245	GCA_000020465.1	2.32098007977	>=1%	sr-megahit-m1	biological	86.774	no	no	126.29	3.53	yes	yes
MOCK1	Chlorobium_limicola_DSM_245	GCA_000020465.1	2.32098007977	>=1%	sr-metaspades-m1	biological	89.32	no	no	108.64	7.97	yes	yes
MOCK1	Chlorobium_limicola_DSM_245	GCA_000020465.1	2.32098007977	>=1%	lr-flye-ont	biological	99.918	yes	yes	44.71	415.75	yes	yes
MOCK1	Chlorobium_limicola_DSM_245	GCA_000020465.1	2.32098007977	>=1%	lr-flye-hifi	biological	99.918	yes	yes	13.35	2.52	yes	yes
MOCK1	Chlorobium_limicola_DSM_245	GCA_000020465.1	2.32098007977	>=1%	lr-hifiasm-hifi	biological	99.937	yes	yes	13.15	2.52	yes	yes
MOCK1	Chlorobium_limicola_DSM_245	GCA_000020465.1	2.32098007977	>=1%	lr-metamdbg-hifi	biological	99.449	yes	yes	4.62	2.36	yes	yes
MOCK1	Chlorobium_limicola_DSM_245	GCA_000020465.1	2.32098007977	>=1%	sr-spades-10m	biological	97.515	yes	no	13.65	2.63	yes	yes
MOCK1	Chlorobium_limicola_DSM_245	GCA_000020465.1	2.32098007977	>=1%	hybrid-illumina-ont	biological	99.112	yes	yes	21.09	4.63	yes	yes
MOCK1	Chlorobium_limicola_DSM_245	GCA_000020465.1	2.32098007977	>=1%	hybrid-illumina-hifi	biological	99.281	yes	yes	23.26	4.18	yes	yes
MOCK1	Chlorobium_limicola_DSM_245	GCA_000020465.1	2.32098007977	>=1%	lr-ont-polypolish	biological	99.918	yes	yes	12.19	9.11	yes	yes
MOCK1	Chlorobium_limicola_DSM_245	GCA_000020465.1	2.32098007977	>=1%	lr-ont-careful	biological	99.918	yes	yes	14.65	26.59	yes	yes
MOCK1	Chlorobium_limicola_DSM_245	GCA_000020465.1	2.32098007977	>=1%	diagnostic-fragmented-50kb	diagnostic	99.917	yes	yes	13.35	2.52	yes	yes
MOCK1	Chlorobium_limicola_DSM_245	GCA_000020465.1	2.32098007977	>=1%	diagnostic-chimeric-rotation	diagnostic	99.918	yes	yes	13.35	2.52	yes	yes
MOCK1	Geobacter_bemidjiensis_Bem	GCA_000020725.1	0.00331230541102	<0.1%	sr-megahit-m1	biological	0	no	no	NA	NA	no	no
MOCK1	Geobacter_bemidjiensis_Bem	GCA_000020725.1	0.00331230541102	<0.1%	sr-metaspades-m1	biological	0	no	no	NA	NA	no	no
MOCK1	Geobacter_bemidjiensis_Bem	GCA_000020725.1	0.00331230541102	<0.1%	lr-flye-ont	biological	0	no	no	NA	NA	no	no
MOCK1	Geobacter_bemidjiensis_Bem	GCA_000020725.1	0.00331230541102	<0.1%	lr-flye-hifi	biological	0	no	no	NA	NA	no	no
MOCK1	Geobacter_bemidjiensis_Bem	GCA_000020725.1	0.00331230541102	<0.1%	lr-hifiasm-hifi	biological	0	no	no	NA	NA	no	no
MOCK1	Geobacter_bemidjiensis_Bem	GCA_000020725.1	0.00331230541102	<0.1%	lr-metamdbg-hifi	biological	0	no	no	NA	NA	no	no
MOCK1	Geobacter_bemidjiensis_Bem	GCA_000020725.1	0.00331230541102	<0.1%	sr-spades-10m	biological	0	no	no	NA	NA	no	no
MOCK1	Geobacter_bemidjiensis_Bem	GCA_000020725.1	0.00331230541102	<0.1%	hybrid-illumina-ont	biological	0	no	no	NA	NA	no	no
MOCK1	Geobacter_bemidjiensis_Bem	GCA_000020725.1	0.00331230541102	<0.1%	hybrid-illumina-hifi	biological	0	no	no	NA	NA	no	no
MOCK1	Geobacter_bemidjiensis_Bem	GCA_000020725.1	0.00331230541102	<0.1%	lr-ont-polypolish	biological	0	no	no	NA	NA	no	no
MOCK1	Geobacter_bemidjiensis_Bem	GCA_000020725.1	0.00331230541102	<0.1%	lr-ont-careful	biological	0	no	no	NA	NA	no	no
MOCK1	Geobacter_bemidjiensis_Bem	GCA_000020725.1	0.00331230541102	<0.1%	diagnostic-fragmented-50kb	diagnostic	0	no	no	NA	NA	no	no
MOCK1	Geobacter_bemidjiensis_Bem	GCA_000020725.1	0.00331230541102	<0.1%	diagnostic-chimeric-rotation	diagnostic	0	no	no	NA	NA	no	no
MOCK1	Hydrogenobaculum_sp._Y04AAS1	GCA_000020785.1	1.6318937727	>=1%	sr-megahit-m1	biological	27.192	no	no	168.12	1.89	yes	yes
MOCK1	Hydrogenobaculum_sp._Y04AAS1	GCA_000020785.1	1.6318937727	>=1%	sr-metaspades-m1	biological	34.895	no	no	170.03	7.9	yes	yes
MOCK1	Hydrogenobaculum_sp._Y04AAS1	GCA_000020785.1	1.6318937727	>=1%	lr-flye-ont	biological	85.823	no	no	139.64	910.59	yes	yes
MOCK1	Hydrogenobaculum_sp._Y04AAS1	GCA_000020785.1	1.6318937727	>=1%	lr-flye-hifi	biological	17.236	no	no	18.18	22.63	yes	yes
MOCK1	Hydrogenobaculum_sp._Y04AAS1	GCA_000020785.1	1.6318937727	>=1%	lr-hifiasm-hifi	biological	46.112	no	no	22.23	78.93	yes	yes
MOCK1	Hydrogenobaculum_sp._Y04AAS1	GCA_000020785.1	1.6318937727	>=1%	lr-metamdbg-hifi	biological	17.609	no	no	5.1	24.03	yes	yes
MOCK1	Hydrogenobaculum_sp._Y04AAS1	GCA_000020785.1	1.6318937727	>=1%	sr-spades-10m	biological	99.269	yes	yes	11.24	0.9	yes	yes
MOCK1	Hydrogenobaculum_sp._Y04AAS1	GCA_000020785.1	1.6318937727	>=1%	hybrid-illumina-ont	biological	99.351	yes	yes	11.23	1.23	yes	yes
MOCK1	Hydrogenobaculum_sp._Y04AAS1	GCA_000020785.1	1.6318937727	>=1%	hybrid-illumina-hifi	biological	99.325	yes	yes	18.46	1.55	yes	yes
MOCK1	Hydrogenobaculum_sp._Y04AAS1	GCA_000020785.1	1.6318937727	>=1%	lr-ont-polypolish	biological	85.825	no	no	79.86	195.89	yes	yes
MOCK1	Hydrogenobaculum_sp._Y04AAS1	GCA_000020785.1	1.6318937727	>=1%	lr-ont-careful	biological	85.823	no	no	88.54	243.75	yes	yes
MOCK1	Hydrogenobaculum_sp._Y04AAS1	GCA_000020785.1	1.6318937727	>=1%	diagnostic-fragmented-50kb	diagnostic	17.236	no	no	18.18	22.63	yes	yes
MOCK1	Hydrogenobaculum_sp._Y04AAS1	GCA_000020785.1	1.6318937727	>=1%	diagnostic-chimeric-rotation	diagnostic	17.236	no	no	18.18	22.63	yes	yes
MOCK1	Persephonella_marina_EX-H1	GCA_000021565.1	2.8062374214	>=1%	sr-megahit-m1	biological	99.132	yes	yes	22.15	0.61	yes	yes
MOCK1	Persephonella_marina_EX-H1	GCA_000021565.1	2.8062374214	>=1%	sr-metaspades-m1	biological	99.248	yes	yes	25.39	1.32	yes	yes
MOCK1	Persephonella_marina_EX-H1	GCA_000021565.1	2.8062374214	>=1%	lr-flye-ont	biological	99.696	yes	yes	38.4	346.47	yes	yes
MOCK1	Persephonella_marina_EX-H1	GCA_000021565.1	2.8062374214	>=1%	lr-flye-hifi	biological	99.697	yes	yes	0.2	0.05	yes	yes
MOCK1	Persephonella_marina_EX-H1	GCA_000021565.1	2.8062374214	>=1%	lr-hifiasm-hifi	biological	97.027	yes	no	0.21	0.05	yes	yes
MOCK1	Persephonella_marina_EX-H1	GCA_000021565.1	2.8062374214	>=1%	lr-metamdbg-hifi	biological	99.583	yes	yes	0.2	0.05	yes	yes
MOCK1	Persephonella_marina_EX-H1	GCA_000021565.1	2.8062374214	>=1%	sr-spades-10m	biological	99.691	yes	yes	4.75	0.76	yes	yes
MOCK1	Persephonella_marina_EX-H1	GCA_000021565.1	2.8062374214	>=1%	hybrid-illumina-ont	biological	99.7	yes	yes	1.21	0.15	yes	yes
MOCK1	Persephonella_marina_EX-H1	GCA_000021565.1	2.8062374214	>=1%	hybrid-illumina-hifi	biological	99.7	yes	yes	1.21	0.15	yes	yes
MOCK1	Persephonella_marina_EX-H1	GCA_000021565.1	2.8062374214	>=1%	lr-ont-polypolish	biological	99.696	yes	yes	0.2	0.45	yes	yes
MOCK1	Persephonella_marina_EX-H1	GCA_000021565.1	2.8062374214	>=1%	lr-ont-careful	biological	99.696	yes	yes	1.21	3.28	yes	yes
MOCK1	Persephonella_marina_EX-H1	GCA_000021565.1	2.8062374214	>=1%	diagnostic-fragmented-50kb	diagnostic	99.697	yes	yes	0.2	0.05	yes	yes
MOCK1	Persephonella_marina_EX-H1	GCA_000021565.1	2.8062374214	>=1%	diagnostic-chimeric-rotation	diagnostic	99.697	yes	yes	0.2	0.05	yes	yes
MOCK1	Dictyoglomus_turgidum_DSM_6724	GCA_000021645.1	0.685764582516	0.1-<1%	sr-megahit-m1	biological	0.055	no	no	0	0	yes	yes
MOCK1	Dictyoglomus_turgidum_DSM_6724	GCA_000021645.1	0.685764582516	0.1-<1%	sr-metaspades-m1	biological	0.055	no	no	0	0	yes	yes
MOCK1	Dictyoglomus_turgidum_DSM_6724	GCA_000021645.1	0.685764582516	0.1-<1%	lr-flye-ont	biological	0.209	no	no	900.9	2007.72	yes	yes
MOCK1	Dictyoglomus_turgidum_DSM_6724	GCA_000021645.1	0.685764582516	0.1-<1%	lr-flye-hifi	biological	16.237	no	no	1.66	46.45	yes	yes
MOCK1	Dictyoglomus_turgidum_DSM_6724	GCA_000021645.1	0.685764582516	0.1-<1%	lr-hifiasm-hifi	biological	53.662	no	no	9.54	90.17	yes	yes
MOCK1	Dictyoglomus_turgidum_DSM_6724	GCA_000021645.1	0.685764582516	0.1-<1%	lr-metamdbg-hifi	biological	44.672	no	no	1.57	28.95	yes	yes
MOCK1	Dictyoglomus_turgidum_DSM_6724	GCA_000021645.1	0.685764582516	0.1-<1%	sr-spades-10m	biological	3.87	no	no	147.82	32.07	yes	yes
MOCK1	Dictyoglomus_turgidum_DSM_6724	GCA_000021645.1	0.685764582516	0.1-<1%	hybrid-illumina-ont	biological	10.562	no	no	462.92	882.23	yes	yes
MOCK1	Dictyoglomus_turgidum_DSM_6724	GCA_000021645.1	0.685764582516	0.1-<1%	hybrid-illumina-hifi	biological	36.61	no	no	93.42	47.08	yes	yes
MOCK1	Dictyoglomus_turgidum_DSM_6724	GCA_000021645.1	0.685764582516	0.1-<1%	lr-ont-polypolish	biological	0.209	no	no	849.42	1904.76	yes	yes
MOCK1	Dictyoglomus_turgidum_DSM_6724	GCA_000021645.1	0.685764582516	0.1-<1%	lr-ont-careful	biological	0.209	no	no	849.42	1904.76	yes	yes
MOCK1	Dictyoglomus_turgidum_DSM_6724	GCA_000021645.1	0.685764582516	0.1-<1%	diagnostic-fragmented-50kb	diagnostic	16.237	no	no	1.66	46.45	yes	yes
MOCK1	Dictyoglomus_turgidum_DSM_6724	GCA_000021645.1	0.685764582516	0.1-<1%	diagnostic-chimeric-rotation	diagnostic	16.237	no	no	1.66	46.45	yes	yes
MOCK1	Shewanella_baltica_OS223	GCA_000021665.1	2.5364523173	>=1%	sr-megahit-m1	biological	69.243	no	no	805.2	17.38	yes	yes
MOCK1	Shewanella_baltica_OS223	GCA_000021665.1	2.5364523173	>=1%	sr-metaspades-m1	biological	69.349	no	no	758.41	18.45	yes	yes
MOCK1	Shewanella_baltica_OS223	GCA_000021665.1	2.5364523173	>=1%	lr-flye-ont	biological	97.789	yes	no	626.93	380.72	yes	yes
MOCK1	Shewanella_baltica_OS223	GCA_000021665.1	2.5364523173	>=1%	lr-flye-hifi	biological	99.976	yes	yes	841.5	25.7	yes	yes
MOCK1	Shewanella_baltica_OS223	GCA_000021665.1	2.5364523173	>=1%	lr-hifiasm-hifi	biological	97.157	yes	no	10.15	0.25	yes	yes
MOCK1	Shewanella_baltica_OS223	GCA_000021665.1	2.5364523173	>=1%	lr-metamdbg-hifi	biological	97.973	yes	no	746.41	23.01	yes	yes
MOCK1	Shewanella_baltica_OS223	GCA_000021665.1	2.5364523173	>=1%	sr-spades-10m	biological	86.847	no	no	252.66	7.43	yes	yes
MOCK1	Shewanella_baltica_OS223	GCA_000021665.1	2.5364523173	>=1%	hybrid-illumina-ont	biological	88.065	no	no	361.31	13.78	yes	yes
MOCK1	Shewanella_baltica_OS223	GCA_000021665.1	2.5364523173	>=1%	hybrid-illumina-hifi	biological	91.494	yes	no	492.47	18.8	yes	yes
MOCK1	Shewanella_baltica_OS223	GCA_000021665.1	2.5364523173	>=1%	lr-ont-polypolish	biological	98.213	yes	no	606.84	120.81	yes	yes
MOCK1	Shewanella_baltica_OS223	GCA_000021665.1	2.5364523173	>=1%	lr-ont-careful	biological	98.326	yes	no	609.48	156.45	yes	yes
MOCK1	Shewanella_baltica_OS223	GCA_000021665.1	2.5364523173	>=1%	diagnostic-fragmented-50kb	diagnostic	99.976	yes	yes	28.9	0.97	yes	yes
MOCK1	Shewanella_baltica_OS223	GCA_000021665.1	2.5364523173	>=1%	diagnostic-chimeric-rotation	diagnostic	99.976	yes	yes	836.96	25.66	yes	yes
MOCK1	Caldicellulosiruptor_bescii_DSM_6725	GCA_000022325.1	0.214992735487	0.1-<1%	sr-megahit-m1	biological	1.183	no	no	249.84	48.27	yes	yes
MOCK1	Caldicellulosiruptor_bescii_DSM_6725	GCA_000022325.1	0.214992735487	0.1-<1%	sr-metaspades-m1	biological	1.291	no	no	269.08	31.66	yes	yes
MOCK1	Caldicellulosiruptor_bescii_DSM_6725	GCA_000022325.1	0.214992735487	0.1-<1%	lr-flye-ont	biological	26.077	no	no	695.56	2003.83	yes	yes
MOCK1	Caldicellulosiruptor_bescii_DSM_6725	GCA_000022325.1	0.214992735487	0.1-<1%	lr-flye-hifi	biological	24.715	no	no	21.8	36.61	yes	yes
MOCK1	Caldicellulosiruptor_bescii_DSM_6725	GCA_000022325.1	0.214992735487	0.1-<1%	lr-hifiasm-hifi	biological	52.1	no	no	16.04	89.21	yes	yes
MOCK1	Caldicellulosiruptor_bescii_DSM_6725	GCA_000022325.1	0.214992735487	0.1-<1%	lr-metamdbg-hifi	biological	39.362	no	no	2.08	32.06	yes	yes
MOCK1	Caldicellulosiruptor_bescii_DSM_6725	GCA_000022325.1	0.214992735487	0.1-<1%	sr-spades-10m	biological	69.431	no	no	128.93	15.61	yes	yes
MOCK1	Caldicellulosiruptor_bescii_DSM_6725	GCA_000022325.1	0.214992735487	0.1-<1%	hybrid-illumina-ont	biological	79.375	no	no	236.89	177.25	yes	yes
MOCK1	Caldicellulosiruptor_bescii_DSM_6725	GCA_000022325.1	0.214992735487	0.1-<1%	hybrid-illumina-hifi	biological	75.946	no	no	145.03	17.24	yes	yes
MOCK1	Caldicellulosiruptor_bescii_DSM_6725	GCA_000022325.1	0.214992735487	0.1-<1%	lr-ont-polypolish	biological	29.349	no	no	637.74	1670.21	yes	yes
MOCK1	Caldicellulosiruptor_bescii_DSM_6725	GCA_000022325.1	0.214992735487	0.1-<1%	lr-ont-careful	biological	28.777	no	no	651.85	1728.57	yes	yes
MOCK1	Caldicellulosiruptor_bescii_DSM_6725	GCA_000022325.1	0.214992735487	0.1-<1%	diagnostic-fragmented-50kb	diagnostic	25.011	no	no	54.06	37.26	yes	yes
MOCK1	Caldicellulosiruptor_bescii_DSM_6725	GCA_000022325.1	0.214992735487	0.1-<1%	diagnostic-chimeric-rotation	diagnostic	24.715	no	no	21.8	36.61	yes	yes
MOCK1	Acidobacterium_capsulatum_ATCC_51196	GCA_000022565.1	0.199780321809	0.1-<1%	sr-megahit-m1	biological	0.055	no	no	132.28	0	yes	yes
MOCK1	Acidobacterium_capsulatum_ATCC_51196	GCA_000022565.1	0.199780321809	0.1-<1%	sr-metaspades-m1	biological	0.057	no	no	84.93	0	yes	yes
MOCK1	Acidobacterium_capsulatum_ATCC_51196	GCA_000022565.1	0.199780321809	0.1-<1%	lr-flye-ont	biological	3.077	no	no	909.02	1864.98	yes	yes
MOCK1	Acidobacterium_capsulatum_ATCC_51196	GCA_000022565.1	0.199780321809	0.1-<1%	lr-flye-hifi	biological	62.759	no	no	1.23	69.01	yes	yes
MOCK1	Acidobacterium_capsulatum_ATCC_51196	GCA_000022565.1	0.199780321809	0.1-<1%	lr-hifiasm-hifi	biological	82.417	no	no	6.7	108.71	yes	yes
MOCK1	Acidobacterium_capsulatum_ATCC_51196	GCA_000022565.1	0.199780321809	0.1-<1%	lr-metamdbg-hifi	biological	82.823	no	no	0.53	41.11	yes	yes
MOCK1	Acidobacterium_capsulatum_ATCC_51196	GCA_000022565.1	0.199780321809	0.1-<1%	sr-spades-10m	biological	45.02	no	no	163.41	22.61	yes	yes
MOCK1	Acidobacterium_capsulatum_ATCC_51196	GCA_000022565.1	0.199780321809	0.1-<1%	hybrid-illumina-ont	biological	66.093	no	no	459.17	419.9	yes	yes
MOCK1	Acidobacterium_capsulatum_ATCC_51196	GCA_000022565.1	0.199780321809	0.1-<1%	hybrid-illumina-hifi	biological	84.493	no	no	165.02	33.55	yes	yes
MOCK1	Acidobacterium_capsulatum_ATCC_51196	GCA_000022565.1	0.199780321809	0.1-<1%	lr-ont-polypolish	biological	4.213	no	no	899.16	1818.89	yes	yes
MOCK1	Acidobacterium_capsulatum_ATCC_51196	GCA_000022565.1	0.199780321809	0.1-<1%	lr-ont-careful	biological	4.213	no	no	900.83	1826.24	yes	yes
MOCK1	Acidobacterium_capsulatum_ATCC_51196	GCA_000022565.1	0.199780321809	0.1-<1%	diagnostic-fragmented-50kb	diagnostic	62.759	no	no	1.23	68.97	yes	yes
MOCK1	Acidobacterium_capsulatum_ATCC_51196	GCA_000022565.1	0.199780321809	0.1-<1%	diagnostic-chimeric-rotation	diagnostic	62.759	no	no	1.23	69.01	yes	yes
MOCK1	Aciduliprofundum_boonei_T469	GCA_000025665.1	0.0342524180009	<0.1%	sr-megahit-m1	biological	0	no	no	NA	NA	no	no
MOCK1	Aciduliprofundum_boonei_T469	GCA_000025665.1	0.0342524180009	<0.1%	sr-metaspades-m1	biological	0	no	no	NA	NA	no	no
MOCK1	Aciduliprofundum_boonei_T469	GCA_000025665.1	0.0342524180009	<0.1%	lr-flye-ont	biological	0	no	no	NA	NA	no	no
MOCK1	Aciduliprofundum_boonei_T469	GCA_000025665.1	0.0342524180009	<0.1%	lr-flye-hifi	biological	0	no	no	NA	NA	no	no
MOCK1	Aciduliprofundum_boonei_T469	GCA_000025665.1	0.0342524180009	<0.1%	lr-hifiasm-hifi	biological	0	no	no	NA	NA	no	no
MOCK1	Aciduliprofundum_boonei_T469	GCA_000025665.1	0.0342524180009	<0.1%	lr-metamdbg-hifi	biological	0	no	no	NA	NA	no	no
MOCK1	Aciduliprofundum_boonei_T469	GCA_000025665.1	0.0342524180009	<0.1%	sr-spades-10m	biological	0	no	no	NA	NA	no	no
MOCK1	Aciduliprofundum_boonei_T469	GCA_000025665.1	0.0342524180009	<0.1%	hybrid-illumina-ont	biological	0	no	no	NA	NA	no	no
MOCK1	Aciduliprofundum_boonei_T469	GCA_000025665.1	0.0342524180009	<0.1%	hybrid-illumina-hifi	biological	0	no	no	NA	NA	no	no
MOCK1	Aciduliprofundum_boonei_T469	GCA_000025665.1	0.0342524180009	<0.1%	lr-ont-polypolish	biological	0	no	no	NA	NA	no	no
MOCK1	Aciduliprofundum_boonei_T469	GCA_000025665.1	0.0342524180009	<0.1%	lr-ont-careful	biological	0	no	no	NA	NA	no	no
MOCK1	Aciduliprofundum_boonei_T469	GCA_000025665.1	0.0342524180009	<0.1%	diagnostic-fragmented-50kb	diagnostic	0	no	no	NA	NA	no	no
MOCK1	Aciduliprofundum_boonei_T469	GCA_000025665.1	0.0342524180009	<0.1%	diagnostic-chimeric-rotation	diagnostic	0	no	no	NA	NA	no	no
MOCK1	Haloferax_volcanii_DS2	GCA_000025685.1	0.0482710050942	<0.1%	sr-megahit-m1	biological	0	no	no	NA	NA	no	no
MOCK1	Haloferax_volcanii_DS2	GCA_000025685.1	0.0482710050942	<0.1%	sr-metaspades-m1	biological	0	no	no	NA	NA	no	no
MOCK1	Haloferax_volcanii_DS2	GCA_000025685.1	0.0482710050942	<0.1%	lr-flye-ont	biological	0	no	no	NA	NA	no	no
MOCK1	Haloferax_volcanii_DS2	GCA_000025685.1	0.0482710050942	<0.1%	lr-flye-hifi	biological	0	no	no	NA	NA	no	no
MOCK1	Haloferax_volcanii_DS2	GCA_000025685.1	0.0482710050942	<0.1%	lr-hifiasm-hifi	biological	0	no	no	NA	NA	no	no
MOCK1	Haloferax_volcanii_DS2	GCA_000025685.1	0.0482710050942	<0.1%	lr-metamdbg-hifi	biological	0	no	no	NA	NA	no	no
MOCK1	Haloferax_volcanii_DS2	GCA_000025685.1	0.0482710050942	<0.1%	sr-spades-10m	biological	0	no	no	NA	NA	no	no
MOCK1	Haloferax_volcanii_DS2	GCA_000025685.1	0.0482710050942	<0.1%	hybrid-illumina-ont	biological	0	no	no	NA	NA	no	no
MOCK1	Haloferax_volcanii_DS2	GCA_000025685.1	0.0482710050942	<0.1%	hybrid-illumina-hifi	biological	0	no	no	NA	NA	no	no
MOCK1	Haloferax_volcanii_DS2	GCA_000025685.1	0.0482710050942	<0.1%	lr-ont-polypolish	biological	0	no	no	NA	NA	no	no
MOCK1	Haloferax_volcanii_DS2	GCA_000025685.1	0.0482710050942	<0.1%	lr-ont-careful	biological	0	no	no	NA	NA	no	no
MOCK1	Haloferax_volcanii_DS2	GCA_000025685.1	0.0482710050942	<0.1%	diagnostic-fragmented-50kb	diagnostic	0	no	no	NA	NA	no	no
MOCK1	Haloferax_volcanii_DS2	GCA_000025685.1	0.0482710050942	<0.1%	diagnostic-chimeric-rotation	diagnostic	0	no	no	NA	NA	no	no
MOCK1	Methanocaldococcus_jannaschii_DSM_2661	GCA_000091665.1	5.64580135165	>=1%	sr-megahit-m1	biological	99.346	yes	yes	6.82	4.51	yes	yes
MOCK1	Methanocaldococcus_jannaschii_DSM_2661	GCA_000091665.1	5.64580135165	>=1%	sr-metaspades-m1	biological	99.472	yes	yes	8.6	4.27	yes	yes
MOCK1	Methanocaldococcus_jannaschii_DSM_2661	GCA_000091665.1	5.64580135165	>=1%	lr-flye-ont	biological	99.982	yes	yes	17.07	407.02	yes	yes
MOCK1	Methanocaldococcus_jannaschii_DSM_2661	GCA_000091665.1	5.64580135165	>=1%	lr-flye-hifi	biological	100	yes	yes	3.22	4.31	yes	yes
MOCK1	Methanocaldococcus_jannaschii_DSM_2661	GCA_000091665.1	5.64580135165	>=1%	lr-hifiasm-hifi	biological	99.982	yes	yes	3.1	4.31	yes	yes
MOCK1	Methanocaldococcus_jannaschii_DSM_2661	GCA_000091665.1	5.64580135165	>=1%	lr-metamdbg-hifi	biological	99.226	yes	yes	3.24	4.28	yes	yes
MOCK1	Methanocaldococcus_jannaschii_DSM_2661	GCA_000091665.1	5.64580135165	>=1%	sr-spades-10m	biological	99.583	yes	yes	6.86	4.44	yes	yes
MOCK1	Methanocaldococcus_jannaschii_DSM_2661	GCA_000091665.1	5.64580135165	>=1%	hybrid-illumina-ont	biological	99.959	yes	yes	7.42	4.71	yes	yes
MOCK1	Methanocaldococcus_jannaschii_DSM_2661	GCA_000091665.1	5.64580135165	>=1%	hybrid-illumina-hifi	biological	99.984	yes	yes	7.64	4.6	yes	yes
MOCK1	Methanocaldococcus_jannaschii_DSM_2661	GCA_000091665.1	5.64580135165	>=1%	lr-ont-polypolish	biological	99.982	yes	yes	3.1	4.77	yes	yes
MOCK1	Methanocaldococcus_jannaschii_DSM_2661	GCA_000091665.1	5.64580135165	>=1%	lr-ont-careful	biological	99.982	yes	yes	5.63	13.56	yes	yes
MOCK1	Methanocaldococcus_jannaschii_DSM_2661	GCA_000091665.1	5.64580135165	>=1%	diagnostic-fragmented-50kb	diagnostic	100	yes	yes	3.22	4.31	yes	yes
MOCK1	Methanocaldococcus_jannaschii_DSM_2661	GCA_000091665.1	5.64580135165	>=1%	diagnostic-chimeric-rotation	diagnostic	100	yes	yes	3.22	4.31	yes	yes
MOCK1	Acidilobus_saccharovorans_345-15	GCA_000144915.1	0.0341604652009	<0.1%	sr-megahit-m1	biological	0	no	no	NA	NA	yes	no
MOCK1	Acidilobus_saccharovorans_345-15	GCA_000144915.1	0.0341604652009	<0.1%	sr-metaspades-m1	biological	0	no	no	NA	NA	yes	no
MOCK1	Acidilobus_saccharovorans_345-15	GCA_000144915.1	0.0341604652009	<0.1%	lr-flye-ont	biological	0	no	no	NA	NA	yes	no
MOCK1	Acidilobus_saccharovorans_345-15	GCA_000144915.1	0.0341604652009	<0.1%	lr-flye-hifi	biological	0	no	no	NA	NA	yes	no
MOCK1	Acidilobus_saccharovorans_345-15	GCA_000144915.1	0.0341604652009	<0.1%	lr-hifiasm-hifi	biological	0	no	no	NA	NA	yes	no
MOCK1	Acidilobus_saccharovorans_345-15	GCA_000144915.1	0.0341604652009	<0.1%	lr-metamdbg-hifi	biological	0.689	no	no	0	0	yes	yes
MOCK1	Acidilobus_saccharovorans_345-15	GCA_000144915.1	0.0341604652009	<0.1%	sr-spades-10m	biological	0	no	no	NA	NA	yes	no
MOCK1	Acidilobus_saccharovorans_345-15	GCA_000144915.1	0.0341604652009	<0.1%	hybrid-illumina-ont	biological	0	no	no	NA	NA	yes	no
MOCK1	Acidilobus_saccharovorans_345-15	GCA_000144915.1	0.0341604652009	<0.1%	hybrid-illumina-hifi	biological	0	no	no	NA	NA	yes	no
MOCK1	Acidilobus_saccharovorans_345-15	GCA_000144915.1	0.0341604652009	<0.1%	lr-ont-polypolish	biological	0	no	no	NA	NA	yes	no
MOCK1	Acidilobus_saccharovorans_345-15	GCA_000144915.1	0.0341604652009	<0.1%	lr-ont-careful	biological	0	no	no	NA	NA	yes	no
MOCK1	Acidilobus_saccharovorans_345-15	GCA_000144915.1	0.0341604652009	<0.1%	diagnostic-fragmented-50kb	diagnostic	0	no	no	NA	NA	yes	no
MOCK1	Acidilobus_saccharovorans_345-15	GCA_000144915.1	0.0341604652009	<0.1%	diagnostic-chimeric-rotation	diagnostic	0	no	no	NA	NA	yes	no
MOCK1	Desulfovibrio_piger_ATCC_29098	GCA_000156375.1	4.3878528577	>=1%	sr-megahit-m1	biological	2.342	no	no	255.35	13.6	yes	yes
MOCK1	Desulfovibrio_piger_ATCC_29098	GCA_000156375.1	4.3878528577	>=1%	sr-metaspades-m1	biological	4.089	no	no	309.17	22.52	yes	yes
MOCK1	Desulfovibrio_piger_ATCC_29098	GCA_000156375.1	4.3878528577	>=1%	lr-flye-ont	biological	90.8	yes	no	609.4	1460.69	yes	yes
MOCK1	Desulfovibrio_piger_ATCC_29098	GCA_000156375.1	4.3878528577	>=1%	lr-flye-hifi	biological	99.711	yes	yes	87.69	3.66	yes	yes
MOCK1	Desulfovibrio_piger_ATCC_29098	GCA_000156375.1	4.3878528577	>=1%	lr-hifiasm-hifi	biological	99.711	yes	yes	87.61	3.52	yes	yes
MOCK1	Desulfovibrio_piger_ATCC_29098	GCA_000156375.1	4.3878528577	>=1%	lr-metamdbg-hifi	biological	99.711	yes	yes	88.41	3.51	yes	yes
MOCK1	Desulfovibrio_piger_ATCC_29098	GCA_000156375.1	4.3878528577	>=1%	sr-spades-10m	biological	98.021	yes	no	90.57	8.36	yes	yes
MOCK1	Desulfovibrio_piger_ATCC_29098	GCA_000156375.1	4.3878528577	>=1%	hybrid-illumina-ont	biological	99.038	yes	yes	122.4	24.66	yes	yes
MOCK1	Desulfovibrio_piger_ATCC_29098	GCA_000156375.1	4.3878528577	>=1%	hybrid-illumina-hifi	biological	99.033	yes	yes	120.81	6.26	yes	yes
MOCK1	Desulfovibrio_piger_ATCC_29098	GCA_000156375.1	4.3878528577	>=1%	lr-ont-polypolish	biological	94.931	yes	no	453.41	884.27	yes	yes
MOCK1	Desulfovibrio_piger_ATCC_29098	GCA_000156375.1	4.3878528577	>=1%	lr-ont-careful	biological	94.587	yes	no	454.16	891.93	yes	yes
MOCK1	Desulfovibrio_piger_ATCC_29098	GCA_000156375.1	4.3878528577	>=1%	diagnostic-fragmented-50kb	diagnostic	99.661	yes	yes	87.69	3.66	yes	yes
MOCK1	Desulfovibrio_piger_ATCC_29098	GCA_000156375.1	4.3878528577	>=1%	diagnostic-chimeric-rotation	diagnostic	99.711	yes	yes	87.69	3.66	yes	yes
MOCK1	Methanothermus_fervidus_DSM_2088	GCA_000166095.1	7.18333975898	>=1%	sr-megahit-m1	biological	98.881	yes	no	1.54	0.97	yes	yes
MOCK1	Methanothermus_fervidus_DSM_2088	GCA_000166095.1	7.18333975898	>=1%	sr-metaspades-m1	biological	98.736	yes	no	7.08	1.3	yes	yes
MOCK1	Methanothermus_fervidus_DSM_2088	GCA_000166095.1	7.18333975898	>=1%	lr-flye-ont	biological	100	yes	yes	5.95	421.68	yes	yes
MOCK1	Methanothermus_fervidus_DSM_2088	GCA_000166095.1	7.18333975898	>=1%	lr-flye-hifi	biological	100	yes	yes	1.93	1.53	yes	yes
MOCK1	Methanothermus_fervidus_DSM_2088	GCA_000166095.1	7.18333975898	>=1%	lr-hifiasm-hifi	biological	100	yes	yes	1.93	1.53	yes	yes
MOCK1	Methanothermus_fervidus_DSM_2088	GCA_000166095.1	7.18333975898	>=1%	lr-metamdbg-hifi	biological	100	yes	yes	1.93	1.53	yes	yes
MOCK1	Methanothermus_fervidus_DSM_2088	GCA_000166095.1	7.18333975898	>=1%	sr-spades-10m	biological	99.072	yes	yes	3.89	1.3	yes	yes
MOCK1	Methanothermus_fervidus_DSM_2088	GCA_000166095.1	7.18333975898	>=1%	hybrid-illumina-ont	biological	99.955	yes	yes	4.99	2.09	yes	yes
MOCK1	Methanothermus_fervidus_DSM_2088	GCA_000166095.1	7.18333975898	>=1%	hybrid-illumina-hifi	biological	99.955	yes	yes	4.99	2.01	yes	yes
MOCK1	Methanothermus_fervidus_DSM_2088	GCA_000166095.1	7.18333975898	>=1%	lr-ont-polypolish	biological	100	yes	yes	2.16	2.56	yes	yes
MOCK1	Methanothermus_fervidus_DSM_2088	GCA_000166095.1	7.18333975898	>=1%	lr-ont-careful	biological	100	yes	yes	3.92	14.02	yes	yes
MOCK1	Methanothermus_fervidus_DSM_2088	GCA_000166095.1	7.18333975898	>=1%	diagnostic-fragmented-50kb	diagnostic	100	yes	yes	1.93	1.53	yes	yes
MOCK1	Methanothermus_fervidus_DSM_2088	GCA_000166095.1	7.18333975898	>=1%	diagnostic-chimeric-rotation	diagnostic	100	yes	yes	1.93	1.53	yes	yes
MOCK1	Enterococcus_faecalis_OG1RF	GCA_000172575.2	0.152304030441	0.1-<1%	sr-megahit-m1	biological	0	no	no	NA	NA	yes	no
MOCK1	Enterococcus_faecalis_OG1RF	GCA_000172575.2	0.152304030441	0.1-<1%	sr-metaspades-m1	biological	0	no	no	NA	NA	yes	no
MOCK1	Enterococcus_faecalis_OG1RF	GCA_000172575.2	0.152304030441	0.1-<1%	lr-flye-ont	biological	0.041	no	no	531.44	1682.91	yes	yes
MOCK1	Enterococcus_faecalis_OG1RF	GCA_000172575.2	0.152304030441	0.1-<1%	lr-flye-hifi	biological	34.677	no	no	12.2	55.44	yes	yes
MOCK1	Enterococcus_faecalis_OG1RF	GCA_000172575.2	0.152304030441	0.1-<1%	lr-hifiasm-hifi	biological	67.262	no	no	8.9	88.05	yes	yes
MOCK1	Enterococcus_faecalis_OG1RF	GCA_000172575.2	0.152304030441	0.1-<1%	lr-metamdbg-hifi	biological	58.031	no	no	0.44	28.93	yes	yes
MOCK1	Enterococcus_faecalis_OG1RF	GCA_000172575.2	0.152304030441	0.1-<1%	sr-spades-10m	biological	0.721	no	no	217.18	45.46	yes	yes
MOCK1	Enterococcus_faecalis_OG1RF	GCA_000172575.2	0.152304030441	0.1-<1%	hybrid-illumina-ont	biological	3.454	no	no	557.78	935.23	yes	yes
MOCK1	Enterococcus_faecalis_OG1RF	GCA_000172575.2	0.152304030441	0.1-<1%	hybrid-illumina-hifi	biological	32.812	no	no	92.14	76.47	yes	yes
MOCK1	Enterococcus_faecalis_OG1RF	GCA_000172575.2	0.152304030441	0.1-<1%	lr-ont-polypolish	biological	0.041	no	no	443.66	1597.16	yes	yes
MOCK1	Enterococcus_faecalis_OG1RF	GCA_000172575.2	0.152304030441	0.1-<1%	lr-ont-careful	biological	0.041	no	no	443.66	1597.16	yes	yes
MOCK1	Enterococcus_faecalis_OG1RF	GCA_000172575.2	0.152304030441	0.1-<1%	diagnostic-fragmented-50kb	diagnostic	34.677	no	no	12.2	55.44	yes	yes
MOCK1	Enterococcus_faecalis_OG1RF	GCA_000172575.2	0.152304030441	0.1-<1%	diagnostic-chimeric-rotation	diagnostic	34.677	no	no	12.2	55.44	yes	yes
MOCK1	Desulfovibrio_mercurii_ND_132	GCA_000189295.2	0.0528821747006	<0.1%	sr-megahit-m1	biological	0	no	no	NA	NA	no	no
MOCK1	Desulfovibrio_mercurii_ND_132	GCA_000189295.2	0.0528821747006	<0.1%	sr-metaspades-m1	biological	0	no	no	NA	NA	no	no
MOCK1	Desulfovibrio_mercurii_ND_132	GCA_000189295.2	0.0528821747006	<0.1%	lr-flye-ont	biological	0	no	no	NA	NA	no	no
MOCK1	Desulfovibrio_mercurii_ND_132	GCA_000189295.2	0.0528821747006	<0.1%	lr-flye-hifi	biological	0	no	no	NA	NA	no	no
MOCK1	Desulfovibrio_mercurii_ND_132	GCA_000189295.2	0.0528821747006	<0.1%	lr-hifiasm-hifi	biological	0	no	no	NA	NA	no	no
MOCK1	Desulfovibrio_mercurii_ND_132	GCA_000189295.2	0.0528821747006	<0.1%	lr-metamdbg-hifi	biological	0	no	no	NA	NA	no	no
MOCK1	Desulfovibrio_mercurii_ND_132	GCA_000189295.2	0.0528821747006	<0.1%	sr-spades-10m	biological	0	no	no	NA	NA	no	no
MOCK1	Desulfovibrio_mercurii_ND_132	GCA_000189295.2	0.0528821747006	<0.1%	hybrid-illumina-ont	biological	0	no	no	NA	NA	no	no
MOCK1	Desulfovibrio_mercurii_ND_132	GCA_000189295.2	0.0528821747006	<0.1%	hybrid-illumina-hifi	biological	0	no	no	NA	NA	no	no
MOCK1	Desulfovibrio_mercurii_ND_132	GCA_000189295.2	0.0528821747006	<0.1%	lr-ont-polypolish	biological	0	no	no	NA	NA	no	no
MOCK1	Desulfovibrio_mercurii_ND_132	GCA_000189295.2	0.0528821747006	<0.1%	lr-ont-careful	biological	0	no	no	NA	NA	no	no
MOCK1	Desulfovibrio_mercurii_ND_132	GCA_000189295.2	0.0528821747006	<0.1%	diagnostic-fragmented-50kb	diagnostic	0	no	no	NA	NA	no	no
MOCK1	Desulfovibrio_mercurii_ND_132	GCA_000189295.2	0.0528821747006	<0.1%	diagnostic-chimeric-rotation	diagnostic	0	no	no	NA	NA	no	no
MOCK1	Bordetella_pertussis_RB50	GCA_000195675.1	0.476656463627	0.1-<1%	sr-megahit-m1	biological	0	no	no	NA	NA	yes	no
MOCK1	Bordetella_pertussis_RB50	GCA_000195675.1	0.476656463627	0.1-<1%	sr-metaspades-m1	biological	0	no	no	NA	NA	yes	no
MOCK1	Bordetella_pertussis_RB50	GCA_000195675.1	0.476656463627	0.1-<1%	lr-flye-ont	biological	0.211	no	no	1222.21	2072.45	yes	yes
MOCK1	Bordetella_pertussis_RB50	GCA_000195675.1	0.476656463627	0.1-<1%	lr-flye-hifi	biological	29.138	no	no	8.46	54.62	yes	yes
MOCK1	Bordetella_pertussis_RB50	GCA_000195675.1	0.476656463627	0.1-<1%	lr-hifiasm-hifi	biological	62.433	no	no	16.8	122.52	yes	yes
MOCK1	Bordetella_pertussis_RB50	GCA_000195675.1	0.476656463627	0.1-<1%	lr-metamdbg-hifi	biological	59.856	no	no	5.41	43.41	yes	yes
MOCK1	Bordetella_pertussis_RB50	GCA_000195675.1	0.476656463627	0.1-<1%	sr-spades-10m	biological	1.11	no	no	260	37.14	yes	yes
MOCK1	Bordetella_pertussis_RB50	GCA_000195675.1	0.476656463627	0.1-<1%	hybrid-illumina-ont	biological	2.422	no	no	597.68	693.71	yes	yes
MOCK1	Bordetella_pertussis_RB50	GCA_000195675.1	0.476656463627	0.1-<1%	hybrid-illumina-hifi	biological	23.603	no	no	330.96	99.11	yes	yes
MOCK1	Bordetella_pertussis_RB50	GCA_000195675.1	0.476656463627	0.1-<1%	lr-ont-polypolish	biological	0.211	no	no	1222.54	2046.42	yes	yes
MOCK1	Bordetella_pertussis_RB50	GCA_000195675.1	0.476656463627	0.1-<1%	lr-ont-careful	biological	0.211	no	no	1222.54	2046.42	yes	yes
MOCK1	Bordetella_pertussis_RB50	GCA_000195675.1	0.476656463627	0.1-<1%	diagnostic-fragmented-50kb	diagnostic	29.138	no	no	8.46	54.62	yes	yes
MOCK1	Bordetella_pertussis_RB50	GCA_000195675.1	0.476656463627	0.1-<1%	diagnostic-chimeric-rotation	diagnostic	29.138	no	no	8.46	54.62	yes	yes
MOCK1	Nitratidesulfovibrio_vulgaris_Hildenborough	GCA_000195755.1	0.027146183013	<0.1%	sr-megahit-m1	biological	0	no	no	NA	NA	no	no
MOCK1	Nitratidesulfovibrio_vulgaris_Hildenborough	GCA_000195755.1	0.027146183013	<0.1%	sr-metaspades-m1	biological	0	no	no	NA	NA	no	no
MOCK1	Nitratidesulfovibrio_vulgaris_Hildenborough	GCA_000195755.1	0.027146183013	<0.1%	lr-flye-ont	biological	0	no	no	NA	NA	no	no
MOCK1	Nitratidesulfovibrio_vulgaris_Hildenborough	GCA_000195755.1	0.027146183013	<0.1%	lr-flye-hifi	biological	0	no	no	NA	NA	no	no
MOCK1	Nitratidesulfovibrio_vulgaris_Hildenborough	GCA_000195755.1	0.027146183013	<0.1%	lr-hifiasm-hifi	biological	0	no	no	NA	NA	no	no
MOCK1	Nitratidesulfovibrio_vulgaris_Hildenborough	GCA_000195755.1	0.027146183013	<0.1%	lr-metamdbg-hifi	biological	0	no	no	NA	NA	no	no
MOCK1	Nitratidesulfovibrio_vulgaris_Hildenborough	GCA_000195755.1	0.027146183013	<0.1%	sr-spades-10m	biological	0	no	no	NA	NA	no	no
MOCK1	Nitratidesulfovibrio_vulgaris_Hildenborough	GCA_000195755.1	0.027146183013	<0.1%	hybrid-illumina-ont	biological	0	no	no	NA	NA	no	no
MOCK1	Nitratidesulfovibrio_vulgaris_Hildenborough	GCA_000195755.1	0.027146183013	<0.1%	hybrid-illumina-hifi	biological	0	no	no	NA	NA	no	no
MOCK1	Nitratidesulfovibrio_vulgaris_Hildenborough	GCA_000195755.1	0.027146183013	<0.1%	lr-ont-polypolish	biological	0	no	no	NA	NA	no	no
MOCK1	Nitratidesulfovibrio_vulgaris_Hildenborough	GCA_000195755.1	0.027146183013	<0.1%	lr-ont-careful	biological	0	no	no	NA	NA	no	no
MOCK1	Nitratidesulfovibrio_vulgaris_Hildenborough	GCA_000195755.1	0.027146183013	<0.1%	diagnostic-fragmented-50kb	diagnostic	0	no	no	NA	NA	no	no
MOCK1	Nitratidesulfovibrio_vulgaris_Hildenborough	GCA_000195755.1	0.027146183013	<0.1%	diagnostic-chimeric-rotation	diagnostic	0	no	no	NA	NA	no	no
MOCK1	Rhodopirellula_baltica_SH_1	GCA_000196115.1	1.31778417324	>=1%	sr-megahit-m1	biological	62.969	no	no	124.57	1.22	yes	yes
MOCK1	Rhodopirellula_baltica_SH_1	GCA_000196115.1	1.31778417324	>=1%	sr-metaspades-m1	biological	70.724	no	no	128.77	5.8	yes	yes
MOCK1	Rhodopirellula_baltica_SH_1	GCA_000196115.1	1.31778417324	>=1%	lr-flye-ont	biological	99.967	yes	yes	49.2	257.53	yes	yes
MOCK1	Rhodopirellula_baltica_SH_1	GCA_000196115.1	1.31778417324	>=1%	lr-flye-hifi	biological	99.967	yes	yes	2.04	0.1	yes	yes
MOCK1	Rhodopirellula_baltica_SH_1	GCA_000196115.1	1.31778417324	>=1%	lr-hifiasm-hifi	biological	99.967	yes	yes	2.04	0.1	yes	yes
MOCK1	Rhodopirellula_baltica_SH_1	GCA_000196115.1	1.31778417324	>=1%	lr-metamdbg-hifi	biological	99.921	yes	yes	2.04	0.1	yes	yes
MOCK1	Rhodopirellula_baltica_SH_1	GCA_000196115.1	1.31778417324	>=1%	sr-spades-10m	biological	98.862	yes	no	5.12	0.27	yes	yes
MOCK1	Rhodopirellula_baltica_SH_1	GCA_000196115.1	1.31778417324	>=1%	hybrid-illumina-ont	biological	99.924	yes	yes	9	0.34	yes	yes
MOCK1	Rhodopirellula_baltica_SH_1	GCA_000196115.1	1.31778417324	>=1%	hybrid-illumina-hifi	biological	99.914	yes	yes	9.4	0.31	yes	yes
MOCK1	Rhodopirellula_baltica_SH_1	GCA_000196115.1	1.31778417324	>=1%	lr-ont-polypolish	biological	99.967	yes	yes	2.23	4.98	yes	yes
MOCK1	Rhodopirellula_baltica_SH_1	GCA_000196115.1	1.31778417324	>=1%	lr-ont-careful	biological	99.967	yes	yes	3.57	11.41	yes	yes
MOCK1	Rhodopirellula_baltica_SH_1	GCA_000196115.1	1.31778417324	>=1%	diagnostic-fragmented-50kb	diagnostic	99.967	yes	yes	2.04	0.1	yes	yes
MOCK1	Rhodopirellula_baltica_SH_1	GCA_000196115.1	1.31778417324	>=1%	diagnostic-chimeric-rotation	diagnostic	99.967	yes	yes	2.04	0.1	yes	yes
MOCK1	Wolinella_succinogenes_DSM_1740	GCA_000196135.1	0.65604669178	0.1-<1%	sr-megahit-m1	biological	1.765	no	no	158.42	5.37	yes	yes
MOCK1	Wolinella_succinogenes_DSM_1740	GCA_000196135.1	0.65604669178	0.1-<1%	sr-metaspades-m1	biological	2.639	no	no	208.09	7.18	yes	yes
MOCK1	Wolinella_succinogenes_DSM_1740	GCA_000196135.1	0.65604669178	0.1-<1%	lr-flye-ont	biological	32.846	no	no	786.81	2253.65	yes	yes
MOCK1	Wolinella_succinogenes_DSM_1740	GCA_000196135.1	0.65604669178	0.1-<1%	lr-flye-hifi	biological	94.316	yes	no	1.69	35.45	yes	yes
MOCK1	Wolinella_succinogenes_DSM_1740	GCA_000196135.1	0.65604669178	0.1-<1%	lr-hifiasm-hifi	biological	93.159	yes	no	5.47	49.76	yes	yes
MOCK1	Wolinella_succinogenes_DSM_1740	GCA_000196135.1	0.65604669178	0.1-<1%	lr-metamdbg-hifi	biological	93.525	yes	no	1.31	12.33	yes	yes
MOCK1	Wolinella_succinogenes_DSM_1740	GCA_000196135.1	0.65604669178	0.1-<1%	sr-spades-10m	biological	96.126	yes	no	65.37	8.56	yes	yes
MOCK1	Wolinella_succinogenes_DSM_1740	GCA_000196135.1	0.65604669178	0.1-<1%	hybrid-illumina-ont	biological	97.976	yes	no	82.43	39.12	yes	yes
MOCK1	Wolinella_succinogenes_DSM_1740	GCA_000196135.1	0.65604669178	0.1-<1%	hybrid-illumina-hifi	biological	98.615	yes	no	65.71	5.32	yes	yes
MOCK1	Wolinella_succinogenes_DSM_1740	GCA_000196135.1	0.65604669178	0.1-<1%	lr-ont-polypolish	biological	43.009	no	no	672.68	1637.3	yes	yes
MOCK1	Wolinella_succinogenes_DSM_1740	GCA_000196135.1	0.65604669178	0.1-<1%	lr-ont-careful	biological	42.367	no	no	678.82	1656.42	yes	yes
MOCK1	Wolinella_succinogenes_DSM_1740	GCA_000196135.1	0.65604669178	0.1-<1%	diagnostic-fragmented-50kb	diagnostic	94.316	yes	no	1.69	35.45	yes	yes
MOCK1	Wolinella_succinogenes_DSM_1740	GCA_000196135.1	0.65604669178	0.1-<1%	diagnostic-chimeric-rotation	diagnostic	94.316	yes	no	1.69	35.45	yes	yes
MOCK1	Desulfitobacterium_dehalogenans_ATCC_51507	GCA_000243155.3	0.00353465924648	<0.1%	sr-megahit-m1	biological	0	no	no	NA	NA	no	no
MOCK1	Desulfitobacterium_dehalogenans_ATCC_51507	GCA_000243155.3	0.00353465924648	<0.1%	sr-metaspades-m1	biological	0	no	no	NA	NA	no	no
MOCK1	Desulfitobacterium_dehalogenans_ATCC_51507	GCA_000243155.3	0.00353465924648	<0.1%	lr-flye-ont	biological	0	no	no	NA	NA	no	no
MOCK1	Desulfitobacterium_dehalogenans_ATCC_51507	GCA_000243155.3	0.00353465924648	<0.1%	lr-flye-hifi	biological	0	no	no	NA	NA	no	no
MOCK1	Desulfitobacterium_dehalogenans_ATCC_51507	GCA_000243155.3	0.00353465924648	<0.1%	lr-hifiasm-hifi	biological	0	no	no	NA	NA	no	no
MOCK1	Desulfitobacterium_dehalogenans_ATCC_51507	GCA_000243155.3	0.00353465924648	<0.1%	lr-metamdbg-hifi	biological	0	no	no	NA	NA	no	no
MOCK1	Desulfitobacterium_dehalogenans_ATCC_51507	GCA_000243155.3	0.00353465924648	<0.1%	sr-spades-10m	biological	0	no	no	NA	NA	no	no
MOCK1	Desulfitobacterium_dehalogenans_ATCC_51507	GCA_000243155.3	0.00353465924648	<0.1%	hybrid-illumina-ont	biological	0	no	no	NA	NA	no	no
MOCK1	Desulfitobacterium_dehalogenans_ATCC_51507	GCA_000243155.3	0.00353465924648	<0.1%	hybrid-illumina-hifi	biological	0	no	no	NA	NA	no	no
MOCK1	Desulfitobacterium_dehalogenans_ATCC_51507	GCA_000243155.3	0.00353465924648	<0.1%	lr-ont-polypolish	biological	0	no	no	NA	NA	no	no
MOCK1	Desulfitobacterium_dehalogenans_ATCC_51507	GCA_000243155.3	0.00353465924648	<0.1%	lr-ont-careful	biological	0	no	no	NA	NA	no	no
MOCK1	Desulfitobacterium_dehalogenans_ATCC_51507	GCA_000243155.3	0.00353465924648	<0.1%	diagnostic-fragmented-50kb	diagnostic	0	no	no	NA	NA	no	no
MOCK1	Desulfitobacterium_dehalogenans_ATCC_51507	GCA_000243155.3	0.00353465924648	<0.1%	diagnostic-chimeric-rotation	diagnostic	0	no	no	NA	NA	no	no
MOCK1	Methanomassiliicoccus_luminyensis_B10	GCA_000308215.1	0.0582814043695	<0.1%	sr-megahit-m1	biological	0	no	no	NA	NA	yes	no
MOCK1	Methanomassiliicoccus_luminyensis_B10	GCA_000308215.1	0.0582814043695	<0.1%	sr-metaspades-m1	biological	0	no	no	NA	NA	yes	no
MOCK1	Methanomassiliicoccus_luminyensis_B10	GCA_000308215.1	0.0582814043695	<0.1%	lr-flye-ont	biological	0.193	no	no	860	2160	yes	yes
MOCK1	Methanomassiliicoccus_luminyensis_B10	GCA_000308215.1	0.0582814043695	<0.1%	lr-flye-hifi	biological	13.234	no	no	26.22	85.3	yes	yes
MOCK1	Methanomassiliicoccus_luminyensis_B10	GCA_000308215.1	0.0582814043695	<0.1%	lr-hifiasm-hifi	biological	31.131	no	no	12.62	187.14	yes	yes
MOCK1	Methanomassiliicoccus_luminyensis_B10	GCA_000308215.1	0.0582814043695	<0.1%	lr-metamdbg-hifi	biological	29.472	no	no	2.98	70.17	yes	yes
MOCK1	Methanomassiliicoccus_luminyensis_B10	GCA_000308215.1	0.0582814043695	<0.1%	sr-spades-10m	biological	0	no	no	NA	NA	yes	no
MOCK1	Methanomassiliicoccus_luminyensis_B10	GCA_000308215.1	0.0582814043695	<0.1%	hybrid-illumina-ont	biological	0.069	no	no	770.5	770.5	yes	yes
MOCK1	Methanomassiliicoccus_luminyensis_B10	GCA_000308215.1	0.0582814043695	<0.1%	hybrid-illumina-hifi	biological	1.922	no	no	127	67.47	yes	yes
MOCK1	Methanomassiliicoccus_luminyensis_B10	GCA_000308215.1	0.0582814043695	<0.1%	lr-ont-polypolish	biological	0.193	no	no	860	2160	yes	yes
MOCK1	Methanomassiliicoccus_luminyensis_B10	GCA_000308215.1	0.0582814043695	<0.1%	lr-ont-careful	biological	0.193	no	no	860	2160	yes	yes
MOCK1	Methanomassiliicoccus_luminyensis_B10	GCA_000308215.1	0.0582814043695	<0.1%	diagnostic-fragmented-50kb	diagnostic	13.234	no	no	26.22	85.3	yes	yes
MOCK1	Methanomassiliicoccus_luminyensis_B10	GCA_000308215.1	0.0582814043695	<0.1%	diagnostic-chimeric-rotation	diagnostic	13.234	no	no	26.22	85.3	yes	yes
MOCK1	Methanomethylovorans_hollandica_DSM_15978	GCA_000328665.1	0.0469548829791	<0.1%	sr-megahit-m1	biological	0	no	no	NA	NA	yes	no
MOCK1	Methanomethylovorans_hollandica_DSM_15978	GCA_000328665.1	0.0469548829791	<0.1%	sr-metaspades-m1	biological	0	no	no	NA	NA	yes	no
MOCK1	Methanomethylovorans_hollandica_DSM_15978	GCA_000328665.1	0.0469548829791	<0.1%	lr-flye-ont	biological	0	no	no	NA	NA	yes	no
MOCK1	Methanomethylovorans_hollandica_DSM_15978	GCA_000328665.1	0.0469548829791	<0.1%	lr-flye-hifi	biological	0	no	no	NA	NA	yes	no
MOCK1	Methanomethylovorans_hollandica_DSM_15978	GCA_000328665.1	0.0469548829791	<0.1%	lr-hifiasm-hifi	biological	1.038	no	no	21.29	53.23	yes	yes
MOCK1	Methanomethylovorans_hollandica_DSM_15978	GCA_000328665.1	0.0469548829791	<0.1%	lr-metamdbg-hifi	biological	0.304	no	no	0	0	yes	yes
MOCK1	Methanomethylovorans_hollandica_DSM_15978	GCA_000328665.1	0.0469548829791	<0.1%	sr-spades-10m	biological	0	no	no	NA	NA	yes	no
MOCK1	Methanomethylovorans_hollandica_DSM_15978	GCA_000328665.1	0.0469548829791	<0.1%	hybrid-illumina-ont	biological	0	no	no	NA	NA	yes	no
MOCK1	Methanomethylovorans_hollandica_DSM_15978	GCA_000328665.1	0.0469548829791	<0.1%	hybrid-illumina-hifi	biological	0.052	no	no	424.63	0	yes	yes
MOCK1	Methanomethylovorans_hollandica_DSM_15978	GCA_000328665.1	0.0469548829791	<0.1%	lr-ont-polypolish	biological	0	no	no	NA	NA	yes	no
MOCK1	Methanomethylovorans_hollandica_DSM_15978	GCA_000328665.1	0.0469548829791	<0.1%	lr-ont-careful	biological	0	no	no	NA	NA	yes	no
MOCK1	Methanomethylovorans_hollandica_DSM_15978	GCA_000328665.1	0.0469548829791	<0.1%	diagnostic-fragmented-50kb	diagnostic	0	no	no	NA	NA	yes	no
MOCK1	Methanomethylovorans_hollandica_DSM_15978	GCA_000328665.1	0.0469548829791	<0.1%	diagnostic-chimeric-rotation	diagnostic	0	no	no	NA	NA	yes	no
MOCK1	Ignicoccus_islandicus_DSM_13165	GCA_001481685.1	1.09538937911	>=1%	sr-megahit-m1	biological	16.011	no	no	134.33	0.9	yes	yes
MOCK1	Ignicoccus_islandicus_DSM_13165	GCA_001481685.1	1.09538937911	>=1%	sr-metaspades-m1	biological	23.446	no	no	133.8	9.19	yes	yes
MOCK1	Ignicoccus_islandicus_DSM_13165	GCA_001481685.1	1.09538937911	>=1%	lr-flye-ont	biological	100	yes	yes	103.44	556.87	yes	yes
MOCK1	Ignicoccus_islandicus_DSM_13165	GCA_001481685.1	1.09538937911	>=1%	lr-flye-hifi	biological	99.954	yes	yes	0.72	0.36	yes	yes
MOCK1	Ignicoccus_islandicus_DSM_13165	GCA_001481685.1	1.09538937911	>=1%	lr-hifiasm-hifi	biological	100	yes	yes	0.72	0.29	yes	yes
MOCK1	Ignicoccus_islandicus_DSM_13165	GCA_001481685.1	1.09538937911	>=1%	lr-metamdbg-hifi	biological	99.851	yes	yes	0.72	0.29	yes	yes
MOCK1	Ignicoccus_islandicus_DSM_13165	GCA_001481685.1	1.09538937911	>=1%	sr-spades-10m	biological	99.553	yes	yes	7.27	0.5	yes	yes
MOCK1	Ignicoccus_islandicus_DSM_13165	GCA_001481685.1	1.09538937911	>=1%	hybrid-illumina-ont	biological	99.73	yes	yes	21.49	1.08	yes	yes
MOCK1	Ignicoccus_islandicus_DSM_13165	GCA_001481685.1	1.09538937911	>=1%	hybrid-illumina-hifi	biological	99.742	yes	yes	13.44	0.86	yes	yes
MOCK1	Ignicoccus_islandicus_DSM_13165	GCA_001481685.1	1.09538937911	>=1%	lr-ont-polypolish	biological	100	yes	yes	11.18	54.27	yes	yes
MOCK1	Ignicoccus_islandicus_DSM_13165	GCA_001481685.1	1.09538937911	>=1%	lr-ont-careful	biological	100	yes	yes	14.05	63.16	yes	yes
MOCK1	Ignicoccus_islandicus_DSM_13165	GCA_001481685.1	1.09538937911	>=1%	diagnostic-fragmented-50kb	diagnostic	99.954	yes	yes	0.72	0.36	yes	yes
MOCK1	Ignicoccus_islandicus_DSM_13165	GCA_001481685.1	1.09538937911	>=1%	diagnostic-chimeric-rotation	diagnostic	99.954	yes	yes	0.72	0.36	yes	yes
MOCK1	Methanobrevibacter_oralis_DSM_7256	GCA_001639275.1	0.761107934944	0.1-<1%	sr-megahit-m1	biological	96.587	yes	no	29.24	4.35	yes	yes
MOCK1	Methanobrevibacter_oralis_DSM_7256	GCA_001639275.1	0.761107934944	0.1-<1%	sr-metaspades-m1	biological	94.148	yes	no	26.3	2.43	yes	yes
MOCK1	Methanobrevibacter_oralis_DSM_7256	GCA_001639275.1	0.761107934944	0.1-<1%	lr-flye-ont	biological	99.305	yes	yes	99.26	459.52	yes	yes
MOCK1	Methanobrevibacter_oralis_DSM_7256	GCA_001639275.1	0.761107934944	0.1-<1%	lr-flye-hifi	biological	99.391	yes	yes	52.68	9.85	yes	yes
MOCK1	Methanobrevibacter_oralis_DSM_7256	GCA_001639275.1	0.761107934944	0.1-<1%	lr-hifiasm-hifi	biological	99.364	yes	yes	52.71	9.81	yes	yes
MOCK1	Methanobrevibacter_oralis_DSM_7256	GCA_001639275.1	0.761107934944	0.1-<1%	lr-metamdbg-hifi	biological	99.392	yes	yes	52.86	9.98	yes	yes
MOCK1	Methanobrevibacter_oralis_DSM_7256	GCA_001639275.1	0.761107934944	0.1-<1%	sr-spades-10m	biological	96.672	yes	no	32.39	6.08	yes	yes
MOCK1	Methanobrevibacter_oralis_DSM_7256	GCA_001639275.1	0.761107934944	0.1-<1%	hybrid-illumina-ont	biological	97.469	yes	no	120.38	12.87	yes	yes
MOCK1	Methanobrevibacter_oralis_DSM_7256	GCA_001639275.1	0.761107934944	0.1-<1%	hybrid-illumina-hifi	biological	97.977	yes	no	65.8	14.03	yes	yes
MOCK1	Methanobrevibacter_oralis_DSM_7256	GCA_001639275.1	0.761107934944	0.1-<1%	lr-ont-polypolish	biological	99.299	yes	yes	52.93	34.6	yes	yes
MOCK1	Methanobrevibacter_oralis_DSM_7256	GCA_001639275.1	0.761107934944	0.1-<1%	lr-ont-careful	biological	99.345	yes	yes	81.93	76.04	yes	yes
MOCK1	Methanobrevibacter_oralis_DSM_7256	GCA_001639275.1	0.761107934944	0.1-<1%	diagnostic-fragmented-50kb	diagnostic	99.392	yes	yes	52.83	9.89	yes	yes
MOCK1	Methanobrevibacter_oralis_DSM_7256	GCA_001639275.1	0.761107934944	0.1-<1%	diagnostic-chimeric-rotation	diagnostic	99.447	yes	yes	52.61	9.57	yes	yes
MOCK1	Desulfobulbus_oralis_sp._ONRL	GCA_002952055.1	7.35004955226	>=1%	sr-megahit-m1	biological	93.147	yes	no	75.7	2.32	yes	yes
MOCK1	Desulfobulbus_oralis_sp._ONRL	GCA_002952055.1	7.35004955226	>=1%	sr-metaspades-m1	biological	93.608	yes	no	90.51	4.85	yes	yes
MOCK1	Desulfobulbus_oralis_sp._ONRL	GCA_002952055.1	7.35004955226	>=1%	lr-flye-ont	biological	100	yes	yes	39.2	363.93	yes	yes
MOCK1	Desulfobulbus_oralis_sp._ONRL	GCA_002952055.1	7.35004955226	>=1%	lr-flye-hifi	biological	100	yes	yes	0.04	1.44	yes	yes
MOCK1	Desulfobulbus_oralis_sp._ONRL	GCA_002952055.1	7.35004955226	>=1%	lr-hifiasm-hifi	biological	100	yes	yes	0.04	1.44	yes	yes
MOCK1	Desulfobulbus_oralis_sp._ONRL	GCA_002952055.1	7.35004955226	>=1%	lr-metamdbg-hifi	biological	99.795	yes	yes	0.04	1.41	yes	yes
MOCK1	Desulfobulbus_oralis_sp._ONRL	GCA_002952055.1	7.35004955226	>=1%	sr-spades-10m	biological	97.533	yes	no	13.02	2.07	yes	yes
MOCK1	Desulfobulbus_oralis_sp._ONRL	GCA_002952055.1	7.35004955226	>=1%	hybrid-illumina-ont	biological	98.886	yes	no	22.25	3.9	yes	yes
MOCK1	Desulfobulbus_oralis_sp._ONRL	GCA_002952055.1	7.35004955226	>=1%	hybrid-illumina-hifi	biological	99.033	yes	yes	21.87	3.13	yes	yes
MOCK1	Desulfobulbus_oralis_sp._ONRL	GCA_002952055.1	7.35004955226	>=1%	lr-ont-polypolish	biological	100	yes	yes	7.36	19.34	yes	yes
MOCK1	Desulfobulbus_oralis_sp._ONRL	GCA_002952055.1	7.35004955226	>=1%	lr-ont-careful	biological	100	yes	yes	9.51	38.01	yes	yes
MOCK1	Desulfobulbus_oralis_sp._ONRL	GCA_002952055.1	7.35004955226	>=1%	diagnostic-fragmented-50kb	diagnostic	100	yes	yes	0.04	1.44	yes	yes
MOCK1	Desulfobulbus_oralis_sp._ONRL	GCA_002952055.1	7.35004955226	>=1%	diagnostic-chimeric-rotation	diagnostic	100	yes	yes	0.04	1.44	yes	yes
MOCK1	Fusobacterium_nucleatum_subsp._nucleatum_ATCC_25586	GCA_003019295.1	2.80887154653	>=1%	sr-megahit-m1	biological	56.893	no	no	108.79	1.45	yes	yes
MOCK1	Fusobacterium_nucleatum_subsp._nucleatum_ATCC_25586	GCA_003019295.1	2.80887154653	>=1%	sr-metaspades-m1	biological	65.699	no	no	116.81	8.8	yes	yes
MOCK1	Fusobacterium_nucleatum_subsp._nucleatum_ATCC_25586	GCA_003019295.1	2.80887154653	>=1%	lr-flye-ont	biological	99.999	yes	yes	42.08	572.87	yes	yes
MOCK1	Fusobacterium_nucleatum_subsp._nucleatum_ATCC_25586	GCA_003019295.1	2.80887154653	>=1%	lr-flye-hifi	biological	100	yes	yes	5.14	0.69	yes	yes
MOCK1	Fusobacterium_nucleatum_subsp._nucleatum_ATCC_25586	GCA_003019295.1	2.80887154653	>=1%	lr-hifiasm-hifi	biological	100	yes	yes	5.14	0.69	yes	yes
MOCK1	Fusobacterium_nucleatum_subsp._nucleatum_ATCC_25586	GCA_003019295.1	2.80887154653	>=1%	lr-metamdbg-hifi	biological	100	yes	yes	5.14	0.69	yes	yes
MOCK1	Fusobacterium_nucleatum_subsp._nucleatum_ATCC_25586	GCA_003019295.1	2.80887154653	>=1%	sr-spades-10m	biological	97.532	yes	no	3.53	0.52	yes	yes
MOCK1	Fusobacterium_nucleatum_subsp._nucleatum_ATCC_25586	GCA_003019295.1	2.80887154653	>=1%	hybrid-illumina-ont	biological	99.499	yes	yes	10.93	0.97	yes	yes
MOCK1	Fusobacterium_nucleatum_subsp._nucleatum_ATCC_25586	GCA_003019295.1	2.80887154653	>=1%	hybrid-illumina-hifi	biological	99.759	yes	yes	10.25	0.87	yes	yes
MOCK1	Fusobacterium_nucleatum_subsp._nucleatum_ATCC_25586	GCA_003019295.1	2.80887154653	>=1%	lr-ont-polypolish	biological	99.999	yes	yes	12.8	26.61	yes	yes
MOCK1	Fusobacterium_nucleatum_subsp._nucleatum_ATCC_25586	GCA_003019295.1	2.80887154653	>=1%	lr-ont-careful	biological	99.999	yes	yes	14.82	43.44	yes	yes
MOCK1	Fusobacterium_nucleatum_subsp._nucleatum_ATCC_25586	GCA_003019295.1	2.80887154653	>=1%	diagnostic-fragmented-50kb	diagnostic	100	yes	yes	5.14	0.69	yes	yes
MOCK1	Fusobacterium_nucleatum_subsp._nucleatum_ATCC_25586	GCA_003019295.1	2.80887154653	>=1%	diagnostic-chimeric-rotation	diagnostic	100	yes	yes	5.14	0.69	yes	yes
MOCK2	Escherichia_coli_K-12_MG1655	GCA_000005845.2	0.043258161089	<0.1%	sr-megahit-m2	biological	0	no	no	NA	NA	no	no
MOCK2	Escherichia_coli_K-12_MG1655	GCA_000005845.2	0.043258161089	<0.1%	sr-metaspades-m2	biological	0	no	no	NA	NA	no	no
MOCK2	Halobacterium_salinarum_NRC-1	GCA_000006805.1	2.49649088872	>=1%	sr-megahit-m2	biological	61.178	no	no	195.33	1.9	yes	yes
MOCK2	Halobacterium_salinarum_NRC-1	GCA_000006805.1	2.49649088872	>=1%	sr-metaspades-m2	biological	67.308	no	no	194.22	5.94	yes	yes
MOCK2	Chlorobaculum_tepidum_TLS	GCA_000006985.1	0.239842459775	0.1-<1%	sr-megahit-m2	biological	18.315	no	no	188.22	0.51	yes	yes
MOCK2	Chlorobaculum_tepidum_TLS	GCA_000006985.1	0.239842459775	0.1-<1%	sr-metaspades-m2	biological	24.436	no	no	203.65	7.22	yes	yes
MOCK2	Methanopyrus_kandleri_AV19	GCA_000007185.1	0.207234504471	0.1-<1%	sr-megahit-m2	biological	0.369	no	no	127.86	0	yes	yes
MOCK2	Methanopyrus_kandleri_AV19	GCA_000007185.1	0.207234504471	0.1-<1%	sr-metaspades-m2	biological	0.699	no	no	160.46	8.45	yes	yes
MOCK2	Pyrobaculum_aerophilum_IM2	GCA_000007225.1	0.225786489848	0.1-<1%	sr-megahit-m2	biological	0	no	no	NA	NA	no	no
MOCK2	Pyrobaculum_aerophilum_IM2	GCA_000007225.1	0.225786489848	0.1-<1%	sr-metaspades-m2	biological	0	no	no	NA	NA	no	no
MOCK2	Streptococcus_agalactiae_sv._V_V_2603V_R	GCA_000007265.1	0.0929249386356	<0.1%	sr-megahit-m2	biological	0	no	no	NA	NA	no	no
MOCK2	Streptococcus_agalactiae_sv._V_V_2603V_R	GCA_000007265.1	0.0929249386356	<0.1%	sr-metaspades-m2	biological	0	no	no	NA	NA	no	no
MOCK2	Pyrococcus_furiosus_DSM_3638	GCA_000007305.1	0.396153685762	0.1-<1%	sr-megahit-m2	biological	0	no	no	NA	NA	no	no
MOCK2	Pyrococcus_furiosus_DSM_3638	GCA_000007305.1	0.396153685762	0.1-<1%	sr-metaspades-m2	biological	0	no	no	NA	NA	no	no
MOCK2	Methanosarcina_acetivorans_C2A	GCA_000007345.1	0.174492059843	0.1-<1%	sr-megahit-m2	biological	0	no	no	NA	NA	no	no
MOCK2	Methanosarcina_acetivorans_C2A	GCA_000007345.1	0.174492059843	0.1-<1%	sr-metaspades-m2	biological	0	no	no	NA	NA	no	no
MOCK2	Pseudomonas_putida_KT2440	GCA_000007565.2	1.4615378698	>=1%	sr-megahit-m2	biological	5.067	no	no	323.56	10.53	yes	yes
MOCK2	Pseudomonas_putida_KT2440	GCA_000007565.2	1.4615378698	>=1%	sr-metaspades-m2	biological	7.868	no	no	259.87	14.81	yes	yes
MOCK2	Staphylococcus_epidermidis_ATCC_12228	GCA_000007645.1	0.0784054169738	<0.1%	sr-megahit-m2	biological	0	no	no	NA	NA	no	no
MOCK2	Staphylococcus_epidermidis_ATCC_12228	GCA_000007645.1	0.0784054169738	<0.1%	sr-metaspades-m2	biological	0	no	no	NA	NA	no	no
MOCK2	Geobacter_sulfurreducens_PCA	GCA_000007985.2	0.578871546628	0.1-<1%	sr-megahit-m2	biological	0.186	no	no	407.7	0	yes	yes
MOCK2	Geobacter_sulfurreducens_PCA	GCA_000007985.2	0.578871546628	0.1-<1%	sr-metaspades-m2	biological	0.273	no	no	346.09	0	yes	yes
MOCK2	Bacillus_cereus_ATCC_10987	GCA_000008005.1	0.0371012693998	<0.1%	sr-megahit-m2	biological	0	no	no	NA	NA	no	no
MOCK2	Bacillus_cereus_ATCC_10987	GCA_000008005.1	0.0371012693998	<0.1%	sr-metaspades-m2	biological	0	no	no	NA	NA	no	no
MOCK2	Nanoarchaeum_equitans_Kin4-M	GCA_000008085.1	0.942145092126	0.1-<1%	sr-megahit-m2	biological	45.118	no	no	85.73	0	yes	yes
MOCK2	Nanoarchaeum_equitans_Kin4-M	GCA_000008085.1	0.942145092126	0.1-<1%	sr-metaspades-m2	biological	50.166	no	no	88.1	1.22	yes	yes
MOCK2	Treponema_denticola_ATCC_35405	GCA_000008185.1	1.24954496832	>=1%	sr-megahit-m2	biological	0.925	no	no	353.6	15.21	yes	yes
MOCK2	Treponema_denticola_ATCC_35405	GCA_000008185.1	1.24954496832	>=1%	sr-metaspades-m2	biological	1.8	no	no	321.26	31.34	yes	yes
MOCK2	Helicobacter_pylori_ATCC_700392	GCA_000008525.1	0.120914377984	0.1-<1%	sr-megahit-m2	biological	0	no	no	NA	NA	no	no
MOCK2	Helicobacter_pylori_ATCC_700392	GCA_000008525.1	0.120914377984	0.1-<1%	sr-metaspades-m2	biological	0	no	no	NA	NA	no	no
MOCK2	Deinococcus_radiodurans_R1	GCA_000008565.1	0.671262409936	0.1-<1%	sr-megahit-m2	biological	0.071	no	no	987.12	0	yes	yes
MOCK2	Deinococcus_radiodurans_R1	GCA_000008565.1	0.671262409936	0.1-<1%	sr-metaspades-m2	biological	0.043	no	no	351.37	0	yes	yes
MOCK2	Archaeoglobus_fulgidus_DSM_4304	GCA_000008665.1	1.15175052477	>=1%	sr-megahit-m2	biological	0.395	no	no	244.02	0	yes	yes
MOCK2	Archaeoglobus_fulgidus_DSM_4304	GCA_000008665.1	1.15175052477	>=1%	sr-metaspades-m2	biological	0.65	no	no	219.11	7.07	yes	yes
MOCK2	Neisseria_meningitidis_MC58	GCA_000008805.1	0.0884219680409	<0.1%	sr-megahit-m2	biological	0	no	no	NA	NA	no	no
MOCK2	Neisseria_meningitidis_MC58	GCA_000008805.1	0.0884219680409	<0.1%	sr-metaspades-m2	biological	0	no	no	NA	NA	no	no
MOCK2	Nitrosomonas_europaea_ATCC_19718	GCA_000009145.1	5.60307550436	>=1%	sr-megahit-m2	biological	95.539	yes	no	29.39	0.56	yes	yes
MOCK2	Nitrosomonas_europaea_ATCC_19718	GCA_000009145.1	5.60307550436	>=1%	sr-metaspades-m2	biological	95.259	yes	no	28.6	1.08	yes	yes
MOCK2	Pseudomonas_fluorescens_SBW25	GCA_000009225.1	1.05419048032	>=1%	sr-megahit-m2	biological	8.373	no	no	260.43	3.02	yes	yes
MOCK2	Pseudomonas_fluorescens_SBW25	GCA_000009225.1	1.05419048032	>=1%	sr-metaspades-m2	biological	11.907	no	no	257.94	11.5	yes	yes
MOCK2	Trichormus_sp._PCC_7120	GCA_000009705.1	1.35207288018	>=1%	sr-megahit-m2	biological	7.049	no	no	78.37	5.5	yes	yes
MOCK2	Trichormus_sp._PCC_7120	GCA_000009705.1	1.35207288018	>=1%	sr-metaspades-m2	biological	7.936	no	no	104.47	7.34	yes	yes
MOCK2	Gemmatimonas_aurantiaca_T-27	GCA_000010305.1	2.3807586673	>=1%	sr-megahit-m2	biological	99.427	yes	yes	47.26	0.87	yes	yes
MOCK2	Gemmatimonas_aurantiaca_T-27	GCA_000010305.1	2.3807586673	>=1%	sr-metaspades-m2	biological	99.612	yes	yes	40.59	1.17	yes	yes
MOCK2	Bifidobacterium_adolescentis_ATCC_15703	GCA_000010425.1	0.0960372571545	<0.1%	sr-megahit-m2	biological	0	no	no	NA	NA	no	no
MOCK2	Bifidobacterium_adolescentis_ATCC_15703	GCA_000010425.1	0.0960372571545	<0.1%	sr-metaspades-m2	biological	0	no	no	NA	NA	no	no
MOCK2	Porphyromonas_gingivalis_ATCC_33277	GCA_000010505.1	2.22771983917	>=1%	sr-megahit-m2	biological	74.279	no	no	114.71	2.4	yes	yes
MOCK2	Porphyromonas_gingivalis_ATCC_33277	GCA_000010505.1	2.22771983917	>=1%	sr-metaspades-m2	biological	78.44	no	no	114.78	4.43	yes	yes
MOCK2	Bacteroides_thetaiotaomicron_VPI-5482	GCA_000011065.1	0.318935937962	0.1-<1%	sr-megahit-m2	biological	0.037	no	no	128.87	0	yes	yes
MOCK2	Bacteroides_thetaiotaomicron_VPI-5482	GCA_000011065.1	0.318935937962	0.1-<1%	sr-metaspades-m2	biological	0.075	no	no	297.49	21.25	yes	yes
MOCK2	Pyrococcus_horikoshii_OT3	GCA_000011105.1	5.77273130437	>=1%	sr-megahit-m2	biological	99.011	yes	yes	28.5	1.28	yes	yes
MOCK2	Pyrococcus_horikoshii_OT3	GCA_000011105.1	5.77273130437	>=1%	sr-metaspades-m2	biological	99.243	yes	yes	31.16	2.43	yes	yes
MOCK2	Sulfurisphaera_tokodaii_str._7	GCA_000011205.1	0.0743399509085	<0.1%	sr-megahit-m2	biological	0	no	no	NA	NA	no	no
MOCK2	Sulfurisphaera_tokodaii_str._7	GCA_000011205.1	0.0743399509085	<0.1%	sr-metaspades-m2	biological	0	no	no	NA	NA	no	no
MOCK2	Methanococcus_maripaludis_S2	GCA_000011585.1	0.453117740196	0.1-<1%	sr-megahit-m2	biological	2.007	no	no	1157.49	23.99	yes	yes
MOCK2	Methanococcus_maripaludis_S2	GCA_000011585.1	0.453117740196	0.1-<1%	sr-metaspades-m2	biological	1.996	no	no	835.42	15.08	yes	yes
MOCK2	Ruegeria_pomeroyi_DSS-3	GCA_000011965.2	0.065594074331	<0.1%	sr-megahit-m2	biological	0	no	no	NA	NA	no	no
MOCK2	Ruegeria_pomeroyi_DSS-3	GCA_000011965.2	0.065594074331	<0.1%	sr-metaspades-m2	biological	0	no	no	NA	NA	no	no
MOCK2	Phocaeicola_vulgatus_ATCC_8482	GCA_000012825.1	0.500660025761	0.1-<1%	sr-megahit-m2	biological	0.989	no	no	250.95	9.8	yes	yes
MOCK2	Phocaeicola_vulgatus_ATCC_8482	GCA_000012825.1	0.500660025761	0.1-<1%	sr-metaspades-m2	biological	1.388	no	no	249.91	9.77	yes	yes
MOCK2	Staphylococcus_aureus_USA300_FPR3757	GCA_000013465.1	0.0692130577424	<0.1%	sr-megahit-m2	biological	0	no	no	NA	NA	no	no
MOCK2	Staphylococcus_aureus_USA300_FPR3757	GCA_000013465.1	0.0692130577424	<0.1%	sr-metaspades-m2	biological	0	no	no	NA	NA	no	no
MOCK2	Paraburkholderia_xenovorans_LB400	GCA_000013645.1	0.566982153088	0.1-<1%	sr-megahit-m2	biological	0.233	no	no	418.28	22.01	yes	yes
MOCK2	Paraburkholderia_xenovorans_LB400	GCA_000013645.1	0.566982153088	0.1-<1%	sr-metaspades-m2	biological	0.33	no	no	277.67	15.6	yes	yes
MOCK2	Lactobacillus_gasseri_ATCC_33323	GCA_000014425.1	0.106199929869	0.1-<1%	sr-megahit-m2	biological	0	no	no	NA	NA	no	no
MOCK2	Lactobacillus_gasseri_ATCC_33323	GCA_000014425.1	0.106199929869	0.1-<1%	sr-metaspades-m2	biological	0	no	no	NA	NA	no	no
MOCK2	Chlorobium_phaeobacteroides_DSM_266	GCA_000015125.1	0.680502677714	0.1-<1%	sr-megahit-m2	biological	11.729	no	no	227.89	3.54	yes	yes
MOCK2	Chlorobium_phaeobacteroides_DSM_266	GCA_000015125.1	0.680502677714	0.1-<1%	sr-metaspades-m2	biological	15.384	no	no	220.01	11.83	yes	yes
MOCK2	Acinetobacter_baumannii_ATCC_17978	GCA_000015425.1	0.046248356556	<0.1%	sr-megahit-m2	biological	0	no	no	NA	NA	no	no
MOCK2	Acinetobacter_baumannii_ATCC_17978	GCA_000015425.1	0.046248356556	<0.1%	sr-metaspades-m2	biological	0	no	no	NA	NA	no	no
MOCK2	Pyrobaculum_calidifontis_JCM_11548	GCA_000015805.1	2.50897334316	>=1%	sr-megahit-m2	biological	1.945	no	no	207.27	12.79	yes	yes
MOCK2	Pyrobaculum_calidifontis_JCM_11548	GCA_000015805.1	2.50897334316	>=1%	sr-metaspades-m2	biological	3.583	no	no	264.21	8.34	yes	yes
MOCK2	Ruminiclostridium_thermocellum_ATCC_27405	GCA_000015865.1	0.26504388867	0.1-<1%	sr-megahit-m2	biological	0.462	no	no	389.11	11.28	yes	yes
MOCK2	Ruminiclostridium_thermocellum_ATCC_27405	GCA_000015865.1	0.26504388867	0.1-<1%	sr-metaspades-m2	biological	0.412	no	no	297.11	18.96	yes	yes
MOCK2	Cereibacter_A_sphaeroides_ATCC_17029	GCA_000015985.1	0.0447033112367	<0.1%	sr-megahit-m2	biological	0	no	no	NA	NA	no	no
MOCK2	Cereibacter_A_sphaeroides_ATCC_17029	GCA_000015985.1	0.0447033112367	<0.1%	sr-metaspades-m2	biological	0	no	no	NA	NA	no	no
MOCK2	Shewanella_loihica_PV-4	GCA_000016065.1	0.545428987644	0.1-<1%	sr-megahit-m2	biological	0.144	no	no	132.63	0	yes	yes
MOCK2	Shewanella_loihica_PV-4	GCA_000016065.1	0.545428987644	0.1-<1%	sr-metaspades-m2	biological	0.237	no	no	201.67	9.17	yes	yes
MOCK2	Chlorobium_phaeovibrioides_DSM_265	GCA_000016085.1	1.27562375724	>=1%	sr-megahit-m2	biological	86.991	no	no	101.35	0.58	yes	yes
MOCK2	Chlorobium_phaeovibrioides_DSM_265	GCA_000016085.1	1.27562375724	>=1%	sr-metaspades-m2	biological	90.8	yes	no	102	3.8	yes	yes
MOCK2	Methanococcus_maripaludis_C5	GCA_000016125.1	1.13773054327	>=1%	sr-megahit-m2	biological	32.925	no	no	473.19	11.68	yes	yes
MOCK2	Methanococcus_maripaludis_C5	GCA_000016125.1	1.13773054327	>=1%	sr-metaspades-m2	biological	36.885	no	no	410.19	13.78	yes	yes
MOCK2	Pyrobaculum_arsenaticum_DSM_13514	GCA_000016385.1	0.0473150158063	<0.1%	sr-megahit-m2	biological	0	no	no	NA	NA	no	no
MOCK2	Pyrobaculum_arsenaticum_DSM_13514	GCA_000016385.1	0.0473150158063	<0.1%	sr-metaspades-m2	biological	0	no	no	NA	NA	no	no
MOCK2	Micromonospora_tropica_CNB-440	GCA_000016425.1	0.484049417005	0.1-<1%	sr-megahit-m2	biological	0.033	no	no	815.38	232.96	yes	yes
MOCK2	Micromonospora_tropica_CNB-440	GCA_000016425.1	0.484049417005	0.1-<1%	sr-metaspades-m2	biological	0.033	no	no	757.13	232.96	yes	yes
MOCK2	Caldicellulosiruptor_saccharolyticus_DSM_8903	GCA_000016545.1	0.878483194083	0.1-<1%	sr-megahit-m2	biological	95.183	yes	no	23.34	2.22	yes	yes
MOCK2	Caldicellulosiruptor_saccharolyticus_DSM_8903	GCA_000016545.1	0.878483194083	0.1-<1%	sr-metaspades-m2	biological	94.53	yes	no	26.7	1.82	yes	yes
MOCK2	Thermotoga_petrophila_RKU-1	GCA_000016785.1	6.85199820618	>=1%	sr-megahit-m2	biological	97.978	yes	no	21.27	0.34	yes	yes
MOCK2	Thermotoga_petrophila_RKU-1	GCA_000016785.1	6.85199820618	>=1%	sr-metaspades-m2	biological	98.623	yes	no	51.8	2.11	yes	yes
MOCK2	Shewanella_baltica_OS185	GCA_000017325.1	1.33744158003	>=1%	sr-megahit-m2	biological	44.024	no	no	1077.74	18.69	yes	yes
MOCK2	Shewanella_baltica_OS185	GCA_000017325.1	1.33744158003	>=1%	sr-metaspades-m2	biological	42.39	no	no	1051.85	20.13	yes	yes
MOCK2	Ignicoccus_hospitalis_KIN4_I	GCA_000017945.1	2.79847026737	>=1%	sr-megahit-m2	biological	10.341	no	no	197.5	1.49	yes	yes
MOCK2	Ignicoccus_hospitalis_KIN4_I	GCA_000017945.1	2.79847026737	>=1%	sr-metaspades-m2	biological	13.948	no	no	191.97	12.72	yes	yes
MOCK2	Micromonospora_arenicola_CNS-205	GCA_000018265.1	0.385041966149	0.1-<1%	sr-megahit-m2	biological	0.03	no	no	116.48	58.24	yes	yes
MOCK2	Micromonospora_arenicola_CNS-205	GCA_000018265.1	0.385041966149	0.1-<1%	sr-metaspades-m2	biological	0.042	no	no	327.6	40.95	yes	yes
MOCK2	Herpetosiphon_aurantiacus_DSM_785	GCA_000018565.1	1.62690093417	>=1%	sr-megahit-m2	biological	76.064	no	no	113.34	2.19	yes	yes
MOCK2	Herpetosiphon_aurantiacus_DSM_785	GCA_000018565.1	1.62690093417	>=1%	sr-metaspades-m2	biological	81.317	no	no	111.32	4.55	yes	yes
MOCK2	Chloroflexus_aurantiacus_J-10-fl	GCA_000018865.1	0.200391896634	0.1-<1%	sr-megahit-m2	biological	1.065	no	no	266.1	1.79	yes	yes
MOCK2	Chloroflexus_aurantiacus_J-10-fl	GCA_000018865.1	0.200391896634	0.1-<1%	sr-metaspades-m2	biological	1.76	no	no	197.81	3.24	yes	yes
MOCK2	Thermotoga_neapolitana_DSM_4359	GCA_000018945.1	1.58475492482	>=1%	sr-megahit-m2	biological	99.593	yes	yes	16.79	3.4	yes	yes
MOCK2	Thermotoga_neapolitana_DSM_4359	GCA_000018945.1	1.58475492482	>=1%	sr-metaspades-m2	biological	99.517	yes	yes	15.03	3.36	yes	yes
MOCK2	Thermoanaerobacter_pseudethanolicus_ATCC_33223	GCA_000019085.1	2.44651500438	>=1%	sr-megahit-m2	biological	94.688	yes	no	21.55	0.71	yes	yes
MOCK2	Thermoanaerobacter_pseudethanolicus_ATCC_33223	GCA_000019085.1	2.44651500438	>=1%	sr-metaspades-m2	biological	93.841	yes	no	22.36	0.95	yes	yes
MOCK2	Leptothrix_cholodnii_SP-6	GCA_000019785.1	0.0490612485762	<0.1%	sr-megahit-m2	biological	0	no	no	NA	NA	no	no
MOCK2	Leptothrix_cholodnii_SP-6	GCA_000019785.1	0.0490612485762	<0.1%	sr-metaspades-m2	biological	0	no	no	NA	NA	no	no
MOCK2	Akkermansia_muciniphila_ATCC_BAA-835	GCA_000020225.1	0.894682885779	0.1-<1%	sr-megahit-m2	biological	1.924	no	no	280.92	1.95	yes	yes
MOCK2	Akkermansia_muciniphila_ATCC_BAA-835	GCA_000020225.1	0.894682885779	0.1-<1%	sr-metaspades-m2	biological	3.179	no	no	242.47	11.83	yes	yes
MOCK2	Sulfurihydrogenibium_sp._YO3AOP1	GCA_000020325.1	0.6823647612	0.1-<1%	sr-megahit-m2	biological	0.414	no	no	866.82	13.13	yes	yes
MOCK2	Sulfurihydrogenibium_sp._YO3AOP1	GCA_000020325.1	0.6823647612	0.1-<1%	sr-metaspades-m2	biological	0.803	no	no	447.37	27.11	yes	yes
MOCK2	Chlorobium_limicola_DSM_245	GCA_000020465.1	2.28816538364	>=1%	sr-megahit-m2	biological	87.521	no	no	127.43	4.21	yes	yes
MOCK2	Chlorobium_limicola_DSM_245	GCA_000020465.1	2.28816538364	>=1%	sr-metaspades-m2	biological	90.112	yes	no	130.12	5.85	yes	yes
MOCK2	Geobacter_bemidjiensis_Bem	GCA_000020725.1	0.00326547506702	<0.1%	sr-megahit-m2	biological	0	no	no	NA	NA	no	no
MOCK2	Geobacter_bemidjiensis_Bem	GCA_000020725.1	0.00326547506702	<0.1%	sr-metaspades-m2	biological	0	no	no	NA	NA	no	no
MOCK2	Hydrogenobaculum_sp._Y04AAS1	GCA_000020785.1	1.6088215806	>=1%	sr-megahit-m2	biological	15.598	no	no	195.27	4.93	yes	yes
MOCK2	Hydrogenobaculum_sp._Y04AAS1	GCA_000020785.1	1.6088215806	>=1%	sr-metaspades-m2	biological	22.196	no	no	178.03	8.09	yes	yes
MOCK2	Persephonella_marina_EX-H1	GCA_000021565.1	2.76656201486	>=1%	sr-megahit-m2	biological	98.706	yes	no	29.19	0.2	yes	yes
MOCK2	Persephonella_marina_EX-H1	GCA_000021565.1	2.76656201486	>=1%	sr-metaspades-m2	biological	99.015	yes	yes	33.69	1.22	yes	yes
MOCK2	Dictyoglomus_turgidum_DSM_6724	GCA_000021645.1	0.676069042004	0.1-<1%	sr-megahit-m2	biological	0	no	no	NA	NA	no	no
MOCK2	Dictyoglomus_turgidum_DSM_6724	GCA_000021645.1	0.676069042004	0.1-<1%	sr-metaspades-m2	biological	0	no	no	NA	NA	no	no
MOCK2	Shewanella_baltica_OS223	GCA_000021665.1	2.50059121157	>=1%	sr-megahit-m2	biological	68.081	no	no	785.29	17.64	yes	yes
MOCK2	Shewanella_baltica_OS223	GCA_000021665.1	2.50059121157	>=1%	sr-metaspades-m2	biological	70.212	no	no	748.13	17.84	yes	yes
MOCK2	Caldicellulosiruptor_bescii_DSM_6725	GCA_000022325.1	0.211953105226	0.1-<1%	sr-megahit-m2	biological	1.264	no	no	279.27	39.9	yes	yes
MOCK2	Caldicellulosiruptor_bescii_DSM_6725	GCA_000022325.1	0.211953105226	0.1-<1%	sr-metaspades-m2	biological	1.374	no	no	202.91	22.27	yes	yes
MOCK2	Acidobacterium_capsulatum_ATCC_51196	GCA_000022565.1	0.196955769108	0.1-<1%	sr-megahit-m2	biological	0.028	no	no	0	0	yes	yes
MOCK2	Acidobacterium_capsulatum_ATCC_51196	GCA_000022565.1	0.196955769108	0.1-<1%	sr-metaspades-m2	biological	0.054	no	no	355.71	0	yes	yes
MOCK2	Aciduliprofundum_boonei_T469	GCA_000025665.1	0.0337681472835	<0.1%	sr-megahit-m2	biological	0	no	no	NA	NA	no	no
MOCK2	Aciduliprofundum_boonei_T469	GCA_000025665.1	0.0337681472835	<0.1%	sr-metaspades-m2	biological	0	no	no	NA	NA	no	no
MOCK2	Haloferax_volcanii_DS2	GCA_000025685.1	0.0475885354867	<0.1%	sr-megahit-m2	biological	0	no	no	NA	NA	no	no
MOCK2	Haloferax_volcanii_DS2	GCA_000025685.1	0.0475885354867	<0.1%	sr-metaspades-m2	biological	0	no	no	NA	NA	no	no
MOCK2	Methanocaldococcus_jannaschii_DSM_2661	GCA_000091665.1	5.56597935861	>=1%	sr-megahit-m2	biological	99.374	yes	yes	5.84	4.22	yes	yes
MOCK2	Methanocaldococcus_jannaschii_DSM_2661	GCA_000091665.1	5.56597935861	>=1%	sr-metaspades-m2	biological	99.452	yes	yes	10.4	4.56	yes	yes
MOCK2	Acidilobus_saccharovorans_345-15	GCA_000144915.1	0.0336774945391	<0.1%	sr-megahit-m2	biological	0	no	no	NA	NA	no	no
MOCK2	Acidilobus_saccharovorans_345-15	GCA_000144915.1	0.0336774945391	<0.1%	sr-metaspades-m2	biological	0	no	no	NA	NA	no	no
MOCK2	Pauljensenia_odontolyticus_ATCC_17982	GCA_000154225.1	0.0839823713192	<0.1%	sr-megahit-m2	biological	0	no	no	NA	NA	no	no
MOCK2	Pauljensenia_odontolyticus_ATCC_17982	GCA_000154225.1	0.0839823713192	<0.1%	sr-metaspades-m2	biological	0	no	no	NA	NA	no	no
MOCK2	Desulfovibrio_piger_ATCC_29098	GCA_000156375.1	4.3258161089	>=1%	sr-megahit-m2	biological	2.632	no	no	444.92	13.44	yes	yes
MOCK2	Desulfovibrio_piger_ATCC_29098	GCA_000156375.1	4.3258161089	>=1%	sr-metaspades-m2	biological	3.439	no	no	307.74	16.47	yes	yes
MOCK2	Methanothermus_fervidus_DSM_2088	GCA_000166095.1	7.08177959763	>=1%	sr-megahit-m2	biological	98.896	yes	no	2.84	1.06	yes	yes
MOCK2	Methanothermus_fervidus_DSM_2088	GCA_000166095.1	7.08177959763	>=1%	sr-metaspades-m2	biological	98.789	yes	no	9.77	1.55	yes	yes
MOCK2	Enterococcus_faecalis_OG1RF	GCA_000172575.2	0.209300991722	0.1-<1%	sr-megahit-m2	biological	0	no	no	NA	NA	no	no
MOCK2	Enterococcus_faecalis_OG1RF	GCA_000172575.2	0.209300991722	0.1-<1%	sr-metaspades-m2	biological	0	no	no	NA	NA	no	no
MOCK2	Desulfovibrio_mercurii_ND_132	GCA_000189295.2	0.0521345110267	<0.1%	sr-megahit-m2	biological	0	no	no	NA	NA	no	no
MOCK2	Desulfovibrio_mercurii_ND_132	GCA_000189295.2	0.0521345110267	<0.1%	sr-metaspades-m2	biological	0	no	no	NA	NA	no	no
MOCK2	Bordetella_pertussis_RB50	GCA_000195675.1	0.469917354942	0.1-<1%	sr-megahit-m2	biological	0	no	no	NA	NA	no	no
MOCK2	Bordetella_pertussis_RB50	GCA_000195675.1	0.469917354942	0.1-<1%	sr-metaspades-m2	biological	0	no	no	NA	NA	no	no
MOCK2	Nitratidesulfovibrio_vulgaris_Hildenborough	GCA_000195755.1	0.0267623823271	<0.1%	sr-megahit-m2	biological	0	no	no	NA	NA	no	no
MOCK2	Nitratidesulfovibrio_vulgaris_Hildenborough	GCA_000195755.1	0.0267623823271	<0.1%	sr-metaspades-m2	biological	0	no	no	NA	NA	no	no
MOCK2	Rhodopirellula_baltica_SH_1	GCA_000196115.1	1.29915295465	>=1%	sr-megahit-m2	biological	62.734	no	no	136.17	0.8	yes	yes
MOCK2	Rhodopirellula_baltica_SH_1	GCA_000196115.1	1.29915295465	>=1%	sr-metaspades-m2	biological	70.282	no	no	142.81	5.73	yes	yes
MOCK2	Wolinella_succinogenes_DSM_1740	GCA_000196135.1	0.64677131151	0.1-<1%	sr-megahit-m2	biological	1.657	no	no	223.04	0	yes	yes
MOCK2	Wolinella_succinogenes_DSM_1740	GCA_000196135.1	0.64677131151	0.1-<1%	sr-metaspades-m2	biological	2.149	no	no	196.71	11.05	yes	yes
MOCK2	Cutibacterium_acnes_ATCC_11828	GCA_000231215.1	0.080934623973	<0.1%	sr-megahit-m2	biological	0	no	no	NA	NA	no	no
MOCK2	Cutibacterium_acnes_ATCC_11828	GCA_000231215.1	0.080934623973	<0.1%	sr-metaspades-m2	biological	0	no	no	NA	NA	no	no
MOCK2	Desulfitobacterium_dehalogenans_ATCC_51507	GCA_000243155.3	0.00348468519884	<0.1%	sr-megahit-m2	biological	0	no	no	NA	NA	no	no
MOCK2	Desulfitobacterium_dehalogenans_ATCC_51507	GCA_000243155.3	0.00348468519884	<0.1%	sr-metaspades-m2	biological	0	no	no	NA	NA	no	no
MOCK2	Methanomassiliicoccus_luminyensis_B10	GCA_000308215.1	0.0574574048052	<0.1%	sr-megahit-m2	biological	0	no	no	NA	NA	no	no
MOCK2	Methanomassiliicoccus_luminyensis_B10	GCA_000308215.1	0.0574574048052	<0.1%	sr-metaspades-m2	biological	0	no	no	NA	NA	no	no
MOCK2	Methanomethylovorans_hollandica_DSM_15978	GCA_000328665.1	0.0462910210915	<0.1%	sr-megahit-m2	biological	0	no	no	NA	NA	no	no
MOCK2	Methanomethylovorans_hollandica_DSM_15978	GCA_000328665.1	0.0462910210915	<0.1%	sr-metaspades-m2	biological	0	no	no	NA	NA	no	no
MOCK2	Clostridium_beijerinckii_ATCC_35702	GCA_000767745.1	0.0341356917437	<0.1%	sr-megahit-m2	biological	0	no	no	NA	NA	no	no
MOCK2	Clostridium_beijerinckii_ATCC_35702	GCA_000767745.1	0.0341356917437	<0.1%	sr-metaspades-m2	biological	0	no	no	NA	NA	no	no
MOCK2	Streptococcus_mutans_UA159-FR	GCA_000817065.1	0.0988757967748	<0.1%	sr-megahit-m2	biological	0	no	no	NA	NA	no	no
MOCK2	Streptococcus_mutans_UA159-FR	GCA_000817065.1	0.0988757967748	<0.1%	sr-metaspades-m2	biological	0	no	no	NA	NA	no	no
MOCK2	Ignicoccus_islandicus_DSM_13165	GCA_001481685.1	1.07990244325	>=1%	sr-megahit-m2	biological	18.151	no	no	135.04	1.18	yes	yes
MOCK2	Ignicoccus_islandicus_DSM_13165	GCA_001481685.1	1.07990244325	>=1%	sr-metaspades-m2	biological	23.864	no	no	149.47	5.71	yes	yes
MOCK2	Methanobrevibacter_oralis_DSM_7256	GCA_001639275.1	0.750347168048	0.1-<1%	sr-megahit-m2	biological	96.664	yes	no	36.02	3.72	yes	yes
MOCK2	Methanobrevibacter_oralis_DSM_7256	GCA_001639275.1	0.750347168048	0.1-<1%	sr-metaspades-m2	biological	94.439	yes	no	32.6	4.25	yes	yes
MOCK2	Pseudomonas_aeruginosa_ATCC_9027	GCA_002563335.1	0.0318599789608	<0.1%	sr-megahit-m2	biological	0	no	no	NA	NA	no	no
MOCK2	Pseudomonas_aeruginosa_ATCC_9027	GCA_002563335.1	0.0318599789608	<0.1%	sr-metaspades-m2	biological	0	no	no	NA	NA	no	no
MOCK2	Desulfobulbus_oralis_sp._ONRL	GCA_002952055.1	7.24613239902	>=1%	sr-megahit-m2	biological	93.569	yes	no	89.54	2.11	yes	yes
MOCK2	Desulfobulbus_oralis_sp._ONRL	GCA_002952055.1	7.24613239902	>=1%	sr-metaspades-m2	biological	93.972	yes	no	81.77	5.52	yes	yes
MOCK2	Fusobacterium_nucleatum_subsp._nucleatum_ATCC_25586	GCA_003019295.1	2.76915889795	>=1%	sr-megahit-m2	biological	60.067	no	no	108.37	1.45	yes	yes
MOCK2	Fusobacterium_nucleatum_subsp._nucleatum_ATCC_25586	GCA_003019295.1	2.76915889795	>=1%	sr-metaspades-m2	biological	67.428	no	no	116.01	6.87	yes	yes
MOCK1+MOCK2	Escherichia_coli_K-12_MG1655	GCA_000005845.2	0.0216290805445	<0.1%	sr-megahit-co	biological	0	no	no	NA	NA	no	no
MOCK1+MOCK2	Escherichia_coli_K-12_MG1655	GCA_000005845.2	0.0216290805445	<0.1%	sr-metaspades-co	biological	0	no	no	NA	NA	no	no
MOCK1+MOCK2	Halobacterium_salinarum_NRC-1	GCA_000006805.1	2.51439204011	>=1%	sr-megahit-co	biological	90.616	yes	no	82.23	1.33	yes	yes
MOCK1+MOCK2	Halobacterium_salinarum_NRC-1	GCA_000006805.1	2.51439204011	>=1%	sr-metaspades-co	biological	90.107	yes	no	67.19	2.07	yes	yes
MOCK1+MOCK2	Chlorobaculum_tepidum_TLS	GCA_000006985.1	0.241562256231	0.1-<1%	sr-megahit-co	biological	81.219	no	no	117.71	1.6	yes	yes
MOCK1+MOCK2	Chlorobaculum_tepidum_TLS	GCA_000006985.1	0.241562256231	0.1-<1%	sr-metaspades-co	biological	85.692	no	no	121.63	5.09	yes	yes
MOCK1+MOCK2	Methanopyrus_kandleri_AV19	GCA_000007185.1	0.208720484754	0.1-<1%	sr-megahit-co	biological	16.498	no	no	199.84	1.79	yes	yes
MOCK1+MOCK2	Methanopyrus_kandleri_AV19	GCA_000007185.1	0.208720484754	0.1-<1%	sr-metaspades-co	biological	22.541	no	no	225.96	9.96	yes	yes
MOCK1+MOCK2	Pyrobaculum_aerophilum_IM2	GCA_000007225.1	0.227405497614	0.1-<1%	sr-megahit-co	biological	0.046	no	no	1548.89	193.61	yes	yes
MOCK1+MOCK2	Pyrobaculum_aerophilum_IM2	GCA_000007225.1	0.227405497614	0.1-<1%	sr-metaspades-co	biological	0	no	no	NA	NA	yes	no
MOCK1+MOCK2	Streptococcus_agalactiae_sv._V_V_2603V_R	GCA_000007265.1	0.0464624693178	<0.1%	sr-megahit-co	biological	0	no	no	NA	NA	no	no
MOCK1+MOCK2	Streptococcus_agalactiae_sv._V_V_2603V_R	GCA_000007265.1	0.0464624693178	<0.1%	sr-metaspades-co	biological	0	no	no	NA	NA	no	no
MOCK1+MOCK2	Pyrococcus_furiosus_DSM_3638	GCA_000007305.1	0.398994315839	0.1-<1%	sr-megahit-co	biological	0.052	no	no	101.73	0	yes	yes
MOCK1+MOCK2	Pyrococcus_furiosus_DSM_3638	GCA_000007305.1	0.398994315839	0.1-<1%	sr-metaspades-co	biological	0.052	no	no	0	0	yes	yes
MOCK1+MOCK2	Methanosarcina_acetivorans_C2A	GCA_000007345.1	0.175743259595	0.1-<1%	sr-megahit-co	biological	0	no	no	NA	NA	no	no
MOCK1+MOCK2	Methanosarcina_acetivorans_C2A	GCA_000007345.1	0.175743259595	0.1-<1%	sr-metaspades-co	biological	0	no	no	NA	NA	no	no
MOCK1+MOCK2	Pseudomonas_putida_KT2440	GCA_000007565.2	1.47201786426	>=1%	sr-megahit-co	biological	48.981	no	no	189.98	2.7	yes	yes
MOCK1+MOCK2	Pseudomonas_putida_KT2440	GCA_000007565.2	1.47201786426	>=1%	sr-metaspades-co	biological	56.635	no	no	173.65	9.2	yes	yes
MOCK1+MOCK2	Staphylococcus_epidermidis_ATCC_12228	GCA_000007645.1	0.0392027084869	<0.1%	sr-megahit-co	biological	0	no	no	NA	NA	no	no
MOCK1+MOCK2	Staphylococcus_epidermidis_ATCC_12228	GCA_000007645.1	0.0392027084869	<0.1%	sr-metaspades-co	biological	0	no	no	NA	NA	no	no
MOCK1+MOCK2	Geobacter_sulfurreducens_PCA	GCA_000007985.2	0.583022359772	0.1-<1%	sr-megahit-co	biological	4.176	no	no	222.88	0.63	yes	yes
MOCK1+MOCK2	Geobacter_sulfurreducens_PCA	GCA_000007985.2	0.583022359772	0.1-<1%	sr-metaspades-co	biological	5.571	no	no	196.97	8.48	yes	yes
MOCK1+MOCK2	Bacillus_cereus_ATCC_10987	GCA_000008005.1	0.0185506346999	<0.1%	sr-megahit-co	biological	0	no	no	NA	NA	no	no
MOCK1+MOCK2	Bacillus_cereus_ATCC_10987	GCA_000008005.1	0.0185506346999	<0.1%	sr-metaspades-co	biological	0	no	no	NA	NA	no	no
MOCK1+MOCK2	Nanoarchaeum_equitans_Kin4-M	GCA_000008085.1	0.948900767465	0.1-<1%	sr-megahit-co	biological	89.523	no	no	34.12	0.45	yes	yes
MOCK1+MOCK2	Nanoarchaeum_equitans_Kin4-M	GCA_000008085.1	0.948900767465	0.1-<1%	sr-metaspades-co	biological	91.386	yes	no	30.54	2.01	yes	yes
MOCK1+MOCK2	Treponema_denticola_ATCC_35405	GCA_000008185.1	1.25850486228	>=1%	sr-megahit-co	biological	19.794	no	no	185.38	1.24	yes	yes
MOCK1+MOCK2	Treponema_denticola_ATCC_35405	GCA_000008185.1	1.25850486228	>=1%	sr-metaspades-co	biological	25.939	no	no	187.45	8.82	yes	yes
MOCK1+MOCK2	Helicobacter_pylori_ATCC_700392	GCA_000008525.1	0.0604571889919	<0.1%	sr-megahit-co	biological	0	no	no	NA	NA	no	no
MOCK1+MOCK2	Helicobacter_pylori_ATCC_700392	GCA_000008525.1	0.0604571889919	<0.1%	sr-metaspades-co	biological	0	no	no	NA	NA	no	no
MOCK1+MOCK2	Deinococcus_radiodurans_R1	GCA_000008565.1	0.64555310295	0.1-<1%	sr-megahit-co	biological	0.515	no	no	277.63	0	yes	yes
MOCK1+MOCK2	Deinococcus_radiodurans_R1	GCA_000008565.1	0.64555310295	0.1-<1%	sr-metaspades-co	biological	0.705	no	no	258.75	8.63	yes	yes
MOCK1+MOCK2	Archaeoglobus_fulgidus_DSM_4304	GCA_000008665.1	1.16000918119	>=1%	sr-megahit-co	biological	9.811	no	no	191.79	8.89	yes	yes
MOCK1+MOCK2	Archaeoglobus_fulgidus_DSM_4304	GCA_000008665.1	1.16000918119	>=1%	sr-metaspades-co	biological	14.072	no	no	176.38	16.98	yes	yes
MOCK1+MOCK2	Neisseria_meningitidis_MC58	GCA_000008805.1	0.0442109840205	<0.1%	sr-megahit-co	biological	0	no	no	NA	NA	no	no
MOCK1+MOCK2	Neisseria_meningitidis_MC58	GCA_000008805.1	0.0442109840205	<0.1%	sr-metaspades-co	biological	0	no	no	NA	NA	no	no
MOCK1+MOCK2	Nitrosomonas_europaea_ATCC_19718	GCA_000009145.1	5.64325249973	>=1%	sr-megahit-co	biological	96.124	yes	no	3.18	0.59	yes	yes
MOCK1+MOCK2	Nitrosomonas_europaea_ATCC_19718	GCA_000009145.1	5.64325249973	>=1%	sr-metaspades-co	biological	95.902	yes	no	4.48	0.93	yes	yes
MOCK1+MOCK2	Pseudomonas_fluorescens_SBW25	GCA_000009225.1	1.06174957996	>=1%	sr-megahit-co	biological	62.344	no	no	168.88	2.19	yes	yes
MOCK1+MOCK2	Pseudomonas_fluorescens_SBW25	GCA_000009225.1	1.06174957996	>=1%	sr-metaspades-co	biological	69.095	no	no	175.63	7.55	yes	yes
MOCK1+MOCK2	Trichormus_sp._PCC_7120	GCA_000009705.1	1.36176795315	>=1%	sr-megahit-co	biological	29.7	no	no	119.04	3.31	yes	yes
MOCK1+MOCK2	Trichormus_sp._PCC_7120	GCA_000009705.1	1.36176795315	>=1%	sr-metaspades-co	biological	37.453	no	no	135.35	7.04	yes	yes
MOCK1+MOCK2	Gemmatimonas_aurantiaca_T-27	GCA_000010305.1	2.39782995786	>=1%	sr-megahit-co	biological	99.94	yes	yes	4.96	0.37	yes	yes
MOCK1+MOCK2	Gemmatimonas_aurantiaca_T-27	GCA_000010305.1	2.39782995786	>=1%	sr-metaspades-co	biological	99.906	yes	yes	2.63	0.17	yes	yes
MOCK1+MOCK2	Bifidobacterium_adolescentis_ATCC_15703	GCA_000010425.1	0.0480186285773	<0.1%	sr-megahit-co	biological	0	no	no	NA	NA	no	no
MOCK1+MOCK2	Bifidobacterium_adolescentis_ATCC_15703	GCA_000010425.1	0.0480186285773	<0.1%	sr-metaspades-co	biological	0	no	no	NA	NA	no	no
MOCK1+MOCK2	Porphyromonas_gingivalis_ATCC_33277	GCA_000010505.1	2.19889339295	>=1%	sr-megahit-co	biological	93.498	yes	no	25.31	2.54	yes	yes
MOCK1+MOCK2	Porphyromonas_gingivalis_ATCC_33277	GCA_000010505.1	2.19889339295	>=1%	sr-metaspades-co	biological	92.586	yes	no	22.93	1.28	yes	yes
MOCK1+MOCK2	Bacteroides_thetaiotaomicron_VPI-5482	GCA_000011065.1	0.321222876214	0.1-<1%	sr-megahit-co	biological	0.534	no	no	443.4	65.47	yes	yes
MOCK1+MOCK2	Bacteroides_thetaiotaomicron_VPI-5482	GCA_000011065.1	0.321222876214	0.1-<1%	sr-metaspades-co	biological	0.651	no	no	295.24	24.4	yes	yes
MOCK1+MOCK2	Pyrococcus_horikoshii_OT3	GCA_000011105.1	5.81412482097	>=1%	sr-megahit-co	biological	99.628	yes	yes	2.48	0.69	yes	yes
MOCK1+MOCK2	Pyrococcus_horikoshii_OT3	GCA_000011105.1	5.81412482097	>=1%	sr-metaspades-co	biological	99.617	yes	yes	4.04	1.21	yes	yes
MOCK1+MOCK2	Sulfurisphaera_tokodaii_str._7	GCA_000011205.1	0.0748730074167	<0.1%	sr-megahit-co	biological	0.048	no	no	1413.98	157.11	yes	yes
MOCK1+MOCK2	Sulfurisphaera_tokodaii_str._7	GCA_000011205.1	0.0748730074167	<0.1%	sr-metaspades-co	biological	0	no	no	NA	NA	yes	no
MOCK1+MOCK2	Methanococcus_maripaludis_S2	GCA_000011585.1	0.456366832473	0.1-<1%	sr-megahit-co	biological	16.229	no	no	368.13	4.82	yes	yes
MOCK1+MOCK2	Methanococcus_maripaludis_S2	GCA_000011585.1	0.456366832473	0.1-<1%	sr-metaspades-co	biological	17.91	no	no	289.46	14.12	yes	yes
MOCK1+MOCK2	Ruegeria_pomeroyi_DSS-3	GCA_000011965.2	0.0660644183089	<0.1%	sr-megahit-co	biological	0	no	no	NA	NA	no	no
MOCK1+MOCK2	Ruegeria_pomeroyi_DSS-3	GCA_000011965.2	0.0660644183089	<0.1%	sr-metaspades-co	biological	0	no	no	NA	NA	no	no
MOCK1+MOCK2	Phocaeicola_vulgatus_ATCC_8482	GCA_000012825.1	0.484952100573	0.1-<1%	sr-megahit-co	biological	12.712	no	no	186.67	4.26	yes	yes
MOCK1+MOCK2	Phocaeicola_vulgatus_ATCC_8482	GCA_000012825.1	0.484952100573	0.1-<1%	sr-metaspades-co	biological	17.706	no	no	238.97	10.27	yes	yes
MOCK1+MOCK2	Staphylococcus_aureus_USA300_FPR3757	GCA_000013465.1	0.0346065288712	<0.1%	sr-megahit-co	biological	0	no	no	NA	NA	no	no
MOCK1+MOCK2	Staphylococcus_aureus_USA300_FPR3757	GCA_000013465.1	0.0346065288712	<0.1%	sr-metaspades-co	biological	0	no	no	NA	NA	no	no
MOCK1+MOCK2	Paraburkholderia_xenovorans_LB400	GCA_000013645.1	0.571047713033	0.1-<1%	sr-megahit-co	biological	3.196	no	no	252.99	8.68	yes	yes
MOCK1+MOCK2	Paraburkholderia_xenovorans_LB400	GCA_000013645.1	0.571047713033	0.1-<1%	sr-metaspades-co	biological	4.256	no	no	254.71	11.12	yes	yes
MOCK1+MOCK2	Lactobacillus_gasseri_ATCC_33323	GCA_000014425.1	0.0530999649346	<0.1%	sr-megahit-co	biological	0	no	no	NA	NA	no	no
MOCK1+MOCK2	Lactobacillus_gasseri_ATCC_33323	GCA_000014425.1	0.0530999649346	<0.1%	sr-metaspades-co	biological	0	no	no	NA	NA	no	no
MOCK1+MOCK2	Chlorobium_phaeobacteroides_DSM_266	GCA_000015125.1	0.685382239468	0.1-<1%	sr-megahit-co	biological	65.079	no	no	153.33	4.55	yes	yes
MOCK1+MOCK2	Chlorobium_phaeobacteroides_DSM_266	GCA_000015125.1	0.685382239468	0.1-<1%	sr-metaspades-co	biological	69.32	no	no	136.44	7.09	yes	yes
MOCK1+MOCK2	Acinetobacter_baumannii_ATCC_17978	GCA_000015425.1	0.023124178278	<0.1%	sr-megahit-co	biological	0	no	no	NA	NA	no	no
MOCK1+MOCK2	Acinetobacter_baumannii_ATCC_17978	GCA_000015425.1	0.023124178278	<0.1%	sr-metaspades-co	biological	0	no	no	NA	NA	no	no
MOCK1+MOCK2	Pyrobaculum_calidifontis_JCM_11548	GCA_000015805.1	2.52696400032	>=1%	sr-megahit-co	biological	30.282	no	no	188.67	1.48	yes	yes
MOCK1+MOCK2	Pyrobaculum_calidifontis_JCM_11548	GCA_000015805.1	2.52696400032	>=1%	sr-metaspades-co	biological	39.062	no	no	193.91	7.26	yes	yes
MOCK1+MOCK2	Ruminiclostridium_thermocellum_ATCC_27405	GCA_000015865.1	0.266944392613	0.1-<1%	sr-megahit-co	biological	3.284	no	no	320.17	8.67	yes	yes
MOCK1+MOCK2	Ruminiclostridium_thermocellum_ATCC_27405	GCA_000015865.1	0.266944392613	0.1-<1%	sr-metaspades-co	biological	4.602	no	no	324.08	18.66	yes	yes
MOCK1+MOCK2	Cereibacter_A_sphaeroides_ATCC_17029	GCA_000015985.1	0.0223516556184	<0.1%	sr-megahit-co	biological	0	no	no	NA	NA	no	no
MOCK1+MOCK2	Cereibacter_A_sphaeroides_ATCC_17029	GCA_000015985.1	0.0223516556184	<0.1%	sr-metaspades-co	biological	0	no	no	NA	NA	no	no
MOCK1+MOCK2	Shewanella_loihica_PV-4	GCA_000016065.1	0.549340000068	0.1-<1%	sr-megahit-co	biological	3.644	no	no	183.07	3.58	yes	yes
MOCK1+MOCK2	Shewanella_loihica_PV-4	GCA_000016065.1	0.549340000068	0.1-<1%	sr-metaspades-co	biological	4.783	no	no	182.25	8.18	yes	yes
MOCK1+MOCK2	Chlorobium_phaeovibrioides_DSM_265	GCA_000016085.1	1.28477064983	>=1%	sr-megahit-co	biological	99.178	yes	yes	16.08	1.38	yes	yes
MOCK1+MOCK2	Chlorobium_phaeovibrioides_DSM_265	GCA_000016085.1	1.28477064983	>=1%	sr-metaspades-co	biological	98.914	yes	no	15.83	0.67	yes	yes
MOCK1+MOCK2	Methanococcus_maripaludis_C5	GCA_000016125.1	1.14588866906	>=1%	sr-megahit-co	biological	88.894	no	no	372.99	9.38	yes	yes
MOCK1+MOCK2	Methanococcus_maripaludis_C5	GCA_000016125.1	1.14588866906	>=1%	sr-metaspades-co	biological	88.57	no	no	280.17	9.75	yes	yes
MOCK1+MOCK2	Pyrobaculum_arsenaticum_DSM_13514	GCA_000016385.1	0.0476542893302	<0.1%	sr-megahit-co	biological	0	no	no	NA	NA	no	no
MOCK1+MOCK2	Pyrobaculum_arsenaticum_DSM_13514	GCA_000016385.1	0.0476542893302	<0.1%	sr-metaspades-co	biological	0	no	no	NA	NA	no	no
MOCK1+MOCK2	Micromonospora_tropica_CNB-440	GCA_000016425.1	0.487520305658	0.1-<1%	sr-megahit-co	biological	0.041	no	no	661.63	0	yes	yes
MOCK1+MOCK2	Micromonospora_tropica_CNB-440	GCA_000016425.1	0.487520305658	0.1-<1%	sr-metaspades-co	biological	0.079	no	no	460.72	121.24	yes	yes
MOCK1+MOCK2	Caldicellulosiruptor_saccharolyticus_DSM_8903	GCA_000016545.1	0.884782380163	0.1-<1%	sr-megahit-co	biological	95.295	yes	no	19.58	2.19	yes	yes
MOCK1+MOCK2	Caldicellulosiruptor_saccharolyticus_DSM_8903	GCA_000016545.1	0.884782380163	0.1-<1%	sr-metaspades-co	biological	94.83	yes	no	31.55	2.06	yes	yes
MOCK1+MOCK2	Thermotoga_petrophila_RKU-1	GCA_000016785.1	6.90113063354	>=1%	sr-megahit-co	biological	98.233	yes	no	22.99	0.39	yes	yes
MOCK1+MOCK2	Thermotoga_petrophila_RKU-1	GCA_000016785.1	6.90113063354	>=1%	sr-metaspades-co	biological	98.241	yes	no	48.54	1.67	yes	yes
MOCK1+MOCK2	Shewanella_baltica_OS185	GCA_000017325.1	1.34703173889	>=1%	sr-megahit-co	biological	51.123	no	no	930.82	20.29	yes	yes
MOCK1+MOCK2	Shewanella_baltica_OS185	GCA_000017325.1	1.34703173889	>=1%	sr-metaspades-co	biological	50.228	no	no	952.99	19.41	yes	yes
MOCK1+MOCK2	Ignicoccus_hospitalis_KIN4_I	GCA_000017945.1	2.81853676958	>=1%	sr-megahit-co	biological	90.964	yes	no	95.97	0.76	yes	yes
MOCK1+MOCK2	Ignicoccus_hospitalis_KIN4_I	GCA_000017945.1	2.81853676958	>=1%	sr-metaspades-co	biological	94.312	yes	no	92.02	3.84	yes	yes
MOCK1+MOCK2	Micromonospora_arenicola_CNS-205	GCA_000018265.1	0.387802919358	0.1-<1%	sr-megahit-co	biological	0.448	no	no	397.48	7.72	yes	yes
MOCK1+MOCK2	Micromonospora_arenicola_CNS-205	GCA_000018265.1	0.387802919358	0.1-<1%	sr-metaspades-co	biological	0.662	no	no	389.99	20.94	yes	yes
MOCK1+MOCK2	Herpetosiphon_aurantiacus_DSM_785	GCA_000018565.1	1.63856666869	>=1%	sr-megahit-co	biological	98.094	yes	no	22.27	1.38	yes	yes
MOCK1+MOCK2	Herpetosiphon_aurantiacus_DSM_785	GCA_000018565.1	1.63856666869	>=1%	sr-metaspades-co	biological	97.762	yes	no	23.05	1.39	yes	yes
MOCK1+MOCK2	Chloroflexus_aurantiacus_J-10-fl	GCA_000018865.1	0.201828811825	0.1-<1%	sr-megahit-co	biological	20.841	no	no	194.3	1.73	yes	yes
MOCK1+MOCK2	Chloroflexus_aurantiacus_J-10-fl	GCA_000018865.1	0.201828811825	0.1-<1%	sr-metaspades-co	biological	27.258	no	no	178.27	7.61	yes	yes
MOCK1+MOCK2	Thermotoga_neapolitana_DSM_4359	GCA_000018945.1	1.59611845031	>=1%	sr-megahit-co	biological	99.464	yes	yes	7.45	2.71	yes	yes
MOCK1+MOCK2	Thermotoga_neapolitana_DSM_4359	GCA_000018945.1	1.59611845031	>=1%	sr-metaspades-co	biological	99.576	yes	yes	15.92	3.36	yes	yes
MOCK1+MOCK2	Thermoanaerobacter_pseudethanolicus_ATCC_33223	GCA_000019085.1	2.46405780243	>=1%	sr-megahit-co	biological	95.041	yes	no	5.47	0.93	yes	yes
MOCK1+MOCK2	Thermoanaerobacter_pseudethanolicus_ATCC_33223	GCA_000019085.1	2.46405780243	>=1%	sr-metaspades-co	biological	94.351	yes	no	13.27	1.35	yes	yes
MOCK1+MOCK2	Leptothrix_cholodnii_SP-6	GCA_000019785.1	0.0494130435066	<0.1%	sr-megahit-co	biological	0	no	no	NA	NA	no	no
MOCK1+MOCK2	Leptothrix_cholodnii_SP-6	GCA_000019785.1	0.0494130435066	<0.1%	sr-metaspades-co	biological	0	no	no	NA	NA	no	no
MOCK1+MOCK2	Akkermansia_muciniphila_ATCC_BAA-835	GCA_000020225.1	0.901098232161	0.1-<1%	sr-megahit-co	biological	32.909	no	no	188.14	1.03	yes	yes
MOCK1+MOCK2	Akkermansia_muciniphila_ATCC_BAA-835	GCA_000020225.1	0.901098232161	0.1-<1%	sr-metaspades-co	biological	41.157	no	no	184.24	8.4	yes	yes
MOCK1+MOCK2	Sulfurihydrogenibium_sp._YO3AOP1	GCA_000020325.1	0.687257675071	0.1-<1%	sr-megahit-co	biological	11.587	no	no	201.37	3.29	yes	yes
MOCK1+MOCK2	Sulfurihydrogenibium_sp._YO3AOP1	GCA_000020325.1	0.687257675071	0.1-<1%	sr-metaspades-co	biological	16.676	no	no	194.52	8.49	yes	yes
MOCK1+MOCK2	Chlorobium_limicola_DSM_245	GCA_000020465.1	2.30457273171	>=1%	sr-megahit-co	biological	97.171	yes	no	21.1	2.9	yes	yes
MOCK1+MOCK2	Chlorobium_limicola_DSM_245	GCA_000020465.1	2.30457273171	>=1%	sr-metaspades-co	biological	96.525	yes	no	21.84	2.96	yes	yes
MOCK1+MOCK2	Geobacter_bemidjiensis_Bem	GCA_000020725.1	0.00328889023902	<0.1%	sr-megahit-co	biological	0	no	no	NA	NA	no	no
MOCK1+MOCK2	Geobacter_bemidjiensis_Bem	GCA_000020725.1	0.00328889023902	<0.1%	sr-metaspades-co	biological	0	no	no	NA	NA	no	no
MOCK1+MOCK2	Hydrogenobaculum_sp._Y04AAS1	GCA_000020785.1	1.62035767665	>=1%	sr-megahit-co	biological	82.263	no	no	89	1.48	yes	yes
MOCK1+MOCK2	Hydrogenobaculum_sp._Y04AAS1	GCA_000020785.1	1.62035767665	>=1%	sr-metaspades-co	biological	87.029	no	no	94.43	5.3	yes	yes
MOCK1+MOCK2	Persephonella_marina_EX-H1	GCA_000021565.1	2.78639971813	>=1%	sr-megahit-co	biological	99.653	yes	yes	1.52	0.15	yes	yes
MOCK1+MOCK2	Persephonella_marina_EX-H1	GCA_000021565.1	2.78639971813	>=1%	sr-metaspades-co	biological	99.617	yes	yes	2.53	0.1	yes	yes
MOCK1+MOCK2	Dictyoglomus_turgidum_DSM_6724	GCA_000021645.1	0.68091681226	0.1-<1%	sr-megahit-co	biological	0.055	no	no	0	0	yes	yes
MOCK1+MOCK2	Dictyoglomus_turgidum_DSM_6724	GCA_000021645.1	0.68091681226	0.1-<1%	sr-metaspades-co	biological	0.117	no	no	0	0	yes	yes
MOCK1+MOCK2	Shewanella_baltica_OS223	GCA_000021665.1	2.51852176444	>=1%	sr-megahit-co	biological	85.933	no	no	620.28	16.98	yes	yes
MOCK1+MOCK2	Shewanella_baltica_OS223	GCA_000021665.1	2.51852176444	>=1%	sr-metaspades-co	biological	84.006	no	no	548.98	14.26	yes	yes
MOCK1+MOCK2	Caldicellulosiruptor_bescii_DSM_6725	GCA_000022325.1	0.213472920356	0.1-<1%	sr-megahit-co	biological	5.841	no	no	268.56	15.73	yes	yes
MOCK1+MOCK2	Caldicellulosiruptor_bescii_DSM_6725	GCA_000022325.1	0.213472920356	0.1-<1%	sr-metaspades-co	biological	7.598	no	no	189.32	9.94	yes	yes
MOCK1+MOCK2	Acidobacterium_capsulatum_ATCC_51196	GCA_000022565.1	0.198368045458	0.1-<1%	sr-megahit-co	biological	0.783	no	no	315.68	3.09	yes	yes
MOCK1+MOCK2	Acidobacterium_capsulatum_ATCC_51196	GCA_000022565.1	0.198368045458	0.1-<1%	sr-metaspades-co	biological	1.362	no	no	309.49	3.56	yes	yes
MOCK1+MOCK2	Aciduliprofundum_boonei_T469	GCA_000025665.1	0.0340102826422	<0.1%	sr-megahit-co	biological	0	no	no	NA	NA	no	no
MOCK1+MOCK2	Aciduliprofundum_boonei_T469	GCA_000025665.1	0.0340102826422	<0.1%	sr-metaspades-co	biological	0	no	no	NA	NA	no	no
MOCK1+MOCK2	Haloferax_volcanii_DS2	GCA_000025685.1	0.0479297702905	<0.1%	sr-megahit-co	biological	0	no	no	NA	NA	no	no
MOCK1+MOCK2	Haloferax_volcanii_DS2	GCA_000025685.1	0.0479297702905	<0.1%	sr-metaspades-co	biological	0	no	no	NA	NA	no	no
MOCK1+MOCK2	Methanocaldococcus_jannaschii_DSM_2661	GCA_000091665.1	5.60589035513	>=1%	sr-megahit-co	biological	99.367	yes	yes	4.56	4.1	yes	yes
MOCK1+MOCK2	Methanocaldococcus_jannaschii_DSM_2661	GCA_000091665.1	5.60589035513	>=1%	sr-metaspades-co	biological	99.551	yes	yes	9.58	4.16	yes	yes
MOCK1+MOCK2	Acidilobus_saccharovorans_345-15	GCA_000144915.1	0.03391897987	<0.1%	sr-megahit-co	biological	0	no	no	NA	NA	no	no
MOCK1+MOCK2	Acidilobus_saccharovorans_345-15	GCA_000144915.1	0.03391897987	<0.1%	sr-metaspades-co	biological	0	no	no	NA	NA	no	no
MOCK1+MOCK2	Pauljensenia_odontolyticus_ATCC_17982	GCA_000154225.1	0.0419911856596	<0.1%	sr-megahit-co	biological	0	no	no	NA	NA	no	no
MOCK1+MOCK2	Pauljensenia_odontolyticus_ATCC_17982	GCA_000154225.1	0.0419911856596	<0.1%	sr-metaspades-co	biological	0	no	no	NA	NA	no	no
MOCK1+MOCK2	Desulfovibrio_piger_ATCC_29098	GCA_000156375.1	4.3568344833	>=1%	sr-megahit-co	biological	31.721	no	no	205.93	3.01	yes	yes
MOCK1+MOCK2	Desulfovibrio_piger_ATCC_29098	GCA_000156375.1	4.3568344833	>=1%	sr-metaspades-co	biological	38.771	no	no	233.89	9.86	yes	yes
MOCK1+MOCK2	Methanothermus_fervidus_DSM_2088	GCA_000166095.1	7.13255967831	>=1%	sr-megahit-co	biological	98.855	yes	no	1.87	0.98	yes	yes
MOCK1+MOCK2	Methanothermus_fervidus_DSM_2088	GCA_000166095.1	7.13255967831	>=1%	sr-metaspades-co	biological	98.828	yes	no	8.05	1.63	yes	yes
MOCK1+MOCK2	Enterococcus_faecalis_OG1RF	GCA_000172575.2	0.180802511082	0.1-<1%	sr-megahit-co	biological	0	no	no	NA	NA	no	no
MOCK1+MOCK2	Enterococcus_faecalis_OG1RF	GCA_000172575.2	0.180802511082	0.1-<1%	sr-metaspades-co	biological	0	no	no	NA	NA	no	no
MOCK1+MOCK2	Desulfovibrio_mercurii_ND_132	GCA_000189295.2	0.0525083428637	<0.1%	sr-megahit-co	biological	0	no	no	NA	NA	no	no
MOCK1+MOCK2	Desulfovibrio_mercurii_ND_132	GCA_000189295.2	0.0525083428637	<0.1%	sr-metaspades-co	biological	0	no	no	NA	NA	no	no
MOCK1+MOCK2	Bordetella_pertussis_RB50	GCA_000195675.1	0.473286909285	0.1-<1%	sr-megahit-co	biological	0	no	no	NA	NA	no	no
MOCK1+MOCK2	Bordetella_pertussis_RB50	GCA_000195675.1	0.473286909285	0.1-<1%	sr-metaspades-co	biological	0	no	no	NA	NA	no	no
MOCK1+MOCK2	Nitratidesulfovibrio_vulgaris_Hildenborough	GCA_000195755.1	0.02695428267	<0.1%	sr-megahit-co	biological	0	no	no	NA	NA	no	no
MOCK1+MOCK2	Nitratidesulfovibrio_vulgaris_Hildenborough	GCA_000195755.1	0.02695428267	<0.1%	sr-metaspades-co	biological	0	no	no	NA	NA	no	no
MOCK1+MOCK2	Rhodopirellula_baltica_SH_1	GCA_000196115.1	1.30846856395	>=1%	sr-megahit-co	biological	97.754	yes	no	40.1	0.66	yes	yes
MOCK1+MOCK2	Rhodopirellula_baltica_SH_1	GCA_000196115.1	1.30846856395	>=1%	sr-metaspades-co	biological	98.029	yes	no	39.81	1.45	yes	yes
MOCK1+MOCK2	Wolinella_succinogenes_DSM_1740	GCA_000196135.1	0.651409001645	0.1-<1%	sr-megahit-co	biological	21.482	no	no	165.77	1.1	yes	yes
MOCK1+MOCK2	Wolinella_succinogenes_DSM_1740	GCA_000196135.1	0.651409001645	0.1-<1%	sr-metaspades-co	biological	28.773	no	no	181.37	8.24	yes	yes
MOCK1+MOCK2	Cutibacterium_acnes_ATCC_11828	GCA_000231215.1	0.0404673119865	<0.1%	sr-megahit-co	biological	0	no	no	NA	NA	no	no
MOCK1+MOCK2	Cutibacterium_acnes_ATCC_11828	GCA_000231215.1	0.0404673119865	<0.1%	sr-metaspades-co	biological	0	no	no	NA	NA	no	no
MOCK1+MOCK2	Desulfitobacterium_dehalogenans_ATCC_51507	GCA_000243155.3	0.00350967222266	<0.1%	sr-megahit-co	biological	0	no	no	NA	NA	no	no
MOCK1+MOCK2	Desulfitobacterium_dehalogenans_ATCC_51507	GCA_000243155.3	0.00350967222266	<0.1%	sr-metaspades-co	biological	0	no	no	NA	NA	no	no
MOCK1+MOCK2	Methanomassiliicoccus_luminyensis_B10	GCA_000308215.1	0.0578694045874	<0.1%	sr-megahit-co	biological	0	no	no	NA	NA	no	no
MOCK1+MOCK2	Methanomassiliicoccus_luminyensis_B10	GCA_000308215.1	0.0578694045874	<0.1%	sr-metaspades-co	biological	0	no	no	NA	NA	no	no
MOCK1+MOCK2	Methanomethylovorans_hollandica_DSM_15978	GCA_000328665.1	0.0466229520353	<0.1%	sr-megahit-co	biological	0	no	no	NA	NA	no	no
MOCK1+MOCK2	Methanomethylovorans_hollandica_DSM_15978	GCA_000328665.1	0.0466229520353	<0.1%	sr-metaspades-co	biological	0	no	no	NA	NA	no	no
MOCK1+MOCK2	Clostridium_beijerinckii_ATCC_35702	GCA_000767745.1	0.0170678458718	<0.1%	sr-megahit-co	biological	0	no	no	NA	NA	no	no
MOCK1+MOCK2	Clostridium_beijerinckii_ATCC_35702	GCA_000767745.1	0.0170678458718	<0.1%	sr-metaspades-co	biological	0	no	no	NA	NA	no	no
MOCK1+MOCK2	Streptococcus_mutans_UA159-FR	GCA_000817065.1	0.0494378983874	<0.1%	sr-megahit-co	biological	0	no	no	NA	NA	no	no
MOCK1+MOCK2	Streptococcus_mutans_UA159-FR	GCA_000817065.1	0.0494378983874	<0.1%	sr-metaspades-co	biological	0	no	no	NA	NA	no	no
MOCK1+MOCK2	Ignicoccus_islandicus_DSM_13165	GCA_001481685.1	1.08764591118	>=1%	sr-megahit-co	biological	78.924	no	no	83.54	1.27	yes	yes
MOCK1+MOCK2	Ignicoccus_islandicus_DSM_13165	GCA_001481685.1	1.08764591118	>=1%	sr-metaspades-co	biological	86.012	no	no	84.78	5.59	yes	yes
MOCK1+MOCK2	Methanobrevibacter_oralis_DSM_7256	GCA_001639275.1	0.755727551496	0.1-<1%	sr-megahit-co	biological	97.159	yes	no	18.77	8.35	yes	yes
MOCK1+MOCK2	Methanobrevibacter_oralis_DSM_7256	GCA_001639275.1	0.755727551496	0.1-<1%	sr-metaspades-co	biological	95.425	yes	no	22.71	5.14	yes	yes
MOCK1+MOCK2	Pseudomonas_aeruginosa_ATCC_9027	GCA_002563335.1	0.0159299894804	<0.1%	sr-megahit-co	biological	0	no	no	NA	NA	no	no
MOCK1+MOCK2	Pseudomonas_aeruginosa_ATCC_9027	GCA_002563335.1	0.0159299894804	<0.1%	sr-metaspades-co	biological	0	no	no	NA	NA	no	no
MOCK1+MOCK2	Desulfobulbus_oralis_sp._ONRL	GCA_002952055.1	7.29809097564	>=1%	sr-megahit-co	biological	96.838	yes	no	19.89	2.42	yes	yes
MOCK1+MOCK2	Desulfobulbus_oralis_sp._ONRL	GCA_002952055.1	7.29809097564	>=1%	sr-metaspades-co	biological	96.457	yes	no	33.7	2.88	yes	yes
MOCK1+MOCK2	Fusobacterium_nucleatum_subsp._nucleatum_ATCC_25586	GCA_003019295.1	2.78901522224	>=1%	sr-megahit-co	biological	96.223	yes	no	35.28	0.57	yes	yes
MOCK1+MOCK2	Fusobacterium_nucleatum_subsp._nucleatum_ATCC_25586	GCA_003019295.1	2.78901522224	>=1%	sr-metaspades-co	biological	96.293	yes	no	43.3	1.95	yes	yes
