Habitat	Units	FeatureID	Label	BootstrapReplicates	CoreInclusionFrequency
Anterior nares	74	SP0001	Parabacteroides merdae	1000	0
Anterior nares	74	SP0002	Bacteroides vulgatus	1000	0
Anterior nares	74	SP0003	Bacteroides cellulosilyticus	1000	0
Anterior nares	74	SP0004	Parabacteroides distasonis	1000	0
Anterior nares	74	SP0005	Bacteroides sp CAG 927	1000	0
Anterior nares	74	SP0006	Bacteroides ovatus	1000	0
Anterior nares	74	SP0007	Bacteroides caccae	1000	0
Anterior nares	74	SP0008	Alistipes putredinis	1000	0
Anterior nares	74	SP0009	Parasutterella excrementihominis	1000	0
Anterior nares	74	SP0010	Faecalibacterium prausnitzii	1000	0
Anterior nares	74	SP0011	Alistipes shahii	1000	0
Anterior nares	74	SP0012	Ruminococcus bicirculans	1000	0
Anterior nares	74	SP0013	Roseburia intestinalis	1000	0
Anterior nares	74	SP0014	Lachnospira pectinoschiza	1000	0
Anterior nares	74	SP0015	Eubacterium sp CAG 38	1000	0
Anterior nares	74	SP0016	Proteobacteria bacterium CAG 139	1000	0
Anterior nares	74	SP0017	Odoribacter splanchnicus	1000	0
Anterior nares	74	SP0018	Oscillibacter sp 57 20	1000	0
Anterior nares	74	SP0019	Turicimonas muris	1000	0
Anterior nares	74	SP0020	Akkermansia muciniphila	1000	0
Anterior nares	74	SP0021	Roseburia hominis	1000	0
Anterior nares	74	SP0022	Coprococcus eutactus	1000	0
Anterior nares	74	SP0023	Eubacterium rectale	1000	0
Anterior nares	74	SP0024	Bacteroides fragilis	1000	0
Anterior nares	74	SP0025	Ruthenibacterium lactatiformans	1000	0
Anterior nares	74	SP0026	Alistipes indistinctus	1000	0
Anterior nares	74	SP0027	Eubacterium ventriosum	1000	0
Anterior nares	74	SP0028	Fusicatenibacter saccharivorans	1000	0
Anterior nares	74	SP0029	Gemmiger formicilis	1000	0
Anterior nares	74	SP0030	Eubacterium eligens	1000	0
Anterior nares	74	SP0031	Butyricimonas synergistica	1000	0
Anterior nares	74	SP0032	Agathobaculum butyriciproducens	1000	0
Anterior nares	74	SP0033	Butyricimonas virosa	1000	0
Anterior nares	74	SP0034	Anaerostipes hadrus	1000	0
Anterior nares	74	SP0035	Dorea formicigenerans	1000	0
Anterior nares	74	SP0036	Streptococcus parasanguinis	1000	0
Anterior nares	74	SP0037	Eubacterium ramulus	1000	0
Anterior nares	74	SP0038	Oscillibacter sp CAG 241	1000	0
Anterior nares	74	SP0039	Firmicutes bacterium CAG 145	1000	0
Anterior nares	74	SP0040	Veillonella dispar	1000	0
Anterior nares	74	SP0041	Intestinimonas butyriciproducens	1000	0
Anterior nares	74	SP0042	Blautia obeum	1000	0
Anterior nares	74	SP0043	Bacteroides galacturonicus	1000	0
Anterior nares	74	SP0044	Veillonella atypica	1000	0
Anterior nares	74	SP0045	Veillonella parvula	1000	0
Anterior nares	74	SP0046	Alistipes inops	1000	0
Anterior nares	74	SP0047	Haemophilus parainfluenzae	1000	0
Anterior nares	74	SP0048	Lactobacillus rogosae	1000	0
Anterior nares	74	SP0049	Victivallis vadensis	1000	0
Anterior nares	74	SP0050	Dielma fastidiosa	1000	0
Anterior nares	74	SP0051	Prevotella disiens	1000	0
Anterior nares	74	SP0052	Parabacteroides goldsteinii	1000	0
Anterior nares	74	SP0053	Oxalobacter formigenes	1000	0
Anterior nares	74	SP0054	Collinsella aerofaciens	1000	0
Anterior nares	74	SP0055	Lawsonibacter asaccharolyticus	1000	0
Anterior nares	74	SP0056	Flavonifractor plautii	1000	0
Anterior nares	74	SP0057	Streptococcus salivarius	1000	0
Anterior nares	74	SP0058	Dialister invisus	1000	0
Anterior nares	74	SP0059	Veillonella sp T11011 6	1000	0
Anterior nares	74	SP0060	Veillonella infantium	1000	0
Anterior nares	74	SP0061	Bacteroides stercoris	1000	0
Anterior nares	74	SP0062	Bacteroides uniformis	1000	0
Anterior nares	74	SP0063	Barnesiella intestinihominis	1000	0
Anterior nares	74	SP0064	Ruminococcus bromii	1000	0
Anterior nares	74	SP0065	Bacteroides thetaiotaomicron	1000	0
Anterior nares	74	SP0066	Parabacteroides johnsonii	1000	0
Anterior nares	74	SP0067	Phascolarctobacterium faecium	1000	0
Anterior nares	74	SP0068	Roseburia inulinivorans	1000	0
Anterior nares	74	SP0069	Bacteroides clarus	1000	0
Anterior nares	74	SP0070	Roseburia faecis	1000	0
Anterior nares	74	SP0071	Firmicutes bacterium CAG 110	1000	0
Anterior nares	74	SP0072	Bacteroides xylanisolvens	1000	0
Anterior nares	74	SP0073	Firmicutes bacterium CAG 95	1000	0
Anterior nares	74	SP0074	Monoglobus pectinilyticus	1000	0
Anterior nares	74	SP0075	Bacteroides dorei	1000	0
Anterior nares	74	SP0076	Ruminococcus torques	1000	0
Anterior nares	74	SP0077	Clostridium sp CAG 58	1000	0
Anterior nares	74	SP0078	Alistipes timonensis	1000	0
Anterior nares	74	SP0079	Firmicutes bacterium CAG 83	1000	0
Anterior nares	74	SP0080	Alistipes finegoldii	1000	0
Anterior nares	74	SP0081	Dorea longicatena	1000	0
Anterior nares	74	SP0082	Eubacterium hallii	1000	0
Anterior nares	74	SP0083	Gordonibacter pamelaeae	1000	0
Anterior nares	74	SP0084	Clostridium spiroforme	1000	0
Anterior nares	74	SP0085	Collinsella stercoris	1000	0
Anterior nares	74	SP0086	Coprococcus comes	1000	0
Anterior nares	74	SP0087	Oscillibacter sp PC13	1000	0
Anterior nares	74	SP0088	Holdemania filiformis	1000	0
Anterior nares	74	SP0089	Adlercreutzia equolifaciens	1000	0
Anterior nares	74	SP0090	Christensenella minuta	1000	0
Anterior nares	74	SP0091	Asaccharobacter celatus	1000	0
Anterior nares	74	SP0092	[Collinsella] massiliensis	1000	0
Anterior nares	74	SP0093	Clostridium leptum	1000	0
Anterior nares	74	SP0094	Eggerthella lenta	1000	0
Anterior nares	74	SP0095	Collinsella intestinalis	1000	0
Anterior nares	74	SP0096	Bilophila wadsworthia	1000	0
Anterior nares	74	SP0097	Blautia wexlerae	1000	0
Anterior nares	74	SP0098	Streptococcus mitis	1000	0
Anterior nares	74	SP0099	Clostridium citroniae	1000	0
Anterior nares	74	SP0100	Streptococcus infantis	1000	0
Anterior nares	74	SP0101	Enorma massiliensis	1000	0
Anterior nares	74	SP0102	Gemella sanguinis	1000	0
Anterior nares	74	SP0103	Clostridium innocuum	1000	0
Anterior nares	74	SP0104	Enterorhabdus caecimuris	1000	0
Anterior nares	74	SP0105	Olsenella scatoligenes	1000	0
Anterior nares	74	SP0106	Fretibacterium fastidiosum	1000	0
Anterior nares	74	SP0107	Rothia mucilaginosa	1000	0
Anterior nares	74	SP0108	Actinomyces sp ICM47	1000	0
Anterior nares	74	SP0109	Prevotella melaninogenica	1000	0
Anterior nares	74	SP0110	Actinomyces sp oral taxon 181	1000	0
Anterior nares	74	SP0111	Actinomyces graevenitzii	1000	0
Anterior nares	74	SP0112	Prevotella salivae	1000	0
Anterior nares	74	SP0113	Prevotella histicola	1000	0
Anterior nares	74	SP0114	Oribacterium sinus	1000	0
Anterior nares	74	SP0115	Actinomyces sp HMSC035G02	1000	0
Anterior nares	74	SP0116	Veillonella rogosae	1000	0
Anterior nares	74	SP0117	Campylobacter concisus	1000	0
Anterior nares	74	SP0118	Megasphaera micronuciformis	1000	0
Anterior nares	74	SP0119	Fusobacterium periodonticum	1000	0
Anterior nares	74	SP0120	Actinomyces odontolyticus	1000	0
Anterior nares	74	SP0121	Atopobium parvulum	1000	0
Anterior nares	74	SP0122	Prevotella pallens	1000	0
Anterior nares	74	SP0123	Granulicatella elegans	1000	0
Anterior nares	74	SP0124	Stomatobaculum longum	1000	0
Anterior nares	74	SP0125	Leptotrichia wadei	1000	0
Anterior nares	74	SP0126	Actinomyces sp S6 Spd3	1000	0
Anterior nares	74	SP0127	Streptococcus thermophilus	1000	0
Anterior nares	74	SP0128	Neisseria flavescens	1000	0
Anterior nares	74	SP0129	Streptococcus oralis	1000	0
Anterior nares	74	SP0130	Neisseria subflava	1000	0
Anterior nares	74	SP0131	Lachnoanaerobaculum saburreum	1000	0
Anterior nares	74	SP0132	Streptococcus sanguinis	1000	0
Anterior nares	74	SP0133	Streptococcus australis	1000	0
Anterior nares	74	SP0134	Streptococcus gordonii	1000	0
Anterior nares	74	SP0135	Leptotrichia sp oral taxon 215	1000	0
Anterior nares	74	SP0136	Streptococcus sp F0442	1000	0
Anterior nares	74	SP0137	Porphyromonas somerae	1000	0
Anterior nares	74	SP0138	Kingella oralis	1000	0
Anterior nares	74	SP0139	Prevotella sp oral taxon 299	1000	0
Anterior nares	74	SP0140	Oribacterium asaccharolyticum	1000	0
Anterior nares	74	SP0141	Rothia dentocariosa	1000	0
Anterior nares	74	SP0142	Solobacterium moorei	1000	0
Anterior nares	74	SP0143	Haemophilus sputorum	1000	0
Anterior nares	74	SP0144	Staphylococcus aureus	1000	0
Anterior nares	74	SP0145	Streptococcus sp HPH0090	1000	0
Anterior nares	74	SP0146	Gemella haemolysans	1000	0
Anterior nares	74	SP0147	Streptococcus sp A12	1000	0
Anterior nares	74	SP0148	Lactobacillus helveticus	1000	0
Anterior nares	74	SP0149	Leptotrichia sp oral taxon 212	1000	0
Anterior nares	74	SP0150	Fusobacterium nucleatum	1000	0
Anterior nares	74	SP0151	Capnocytophaga leadbetteri	1000	0
Anterior nares	74	SP0152	Granulicatella adiacens	1000	0
Anterior nares	74	SP0153	Prevotella nigrescens	1000	0
Anterior nares	74	SP0154	Streptococcus vestibularis	1000	0
Anterior nares	74	SP0155	Streptococcus sp HMSC034E03	1000	0
Anterior nares	74	SP0156	Actinomyces sp HPA0247	1000	0
Anterior nares	74	SP0157	Capnocytophaga gingivalis	1000	0
Anterior nares	74	SP0158	Actinomyces oris	1000	0
Anterior nares	74	SP0159	Rothia aeria	1000	0
Anterior nares	74	SP0160	Haemophilus influenzae	1000	0
Anterior nares	74	SP0161	Haemophilus quentini	1000	0
Anterior nares	74	SP0162	Streptococcus cristatus	1000	0
Anterior nares	74	SP0163	Streptococcus mutans	1000	0
Anterior nares	74	SP0164	Streptococcus sp HMSC067H01	1000	0
Anterior nares	74	SP0165	Atopobium rimae	1000	0
Anterior nares	74	SP0166	Haemophilus haemolyticus	1000	0
Anterior nares	74	SP0167	Capnocytophaga granulosa	1000	0
Anterior nares	74	SP0168	Neisseria sicca	1000	0
Anterior nares	74	SP0169	Leptotrichia hofstadii	1000	0
Anterior nares	74	SP0170	Cardiobacterium hominis	1000	0
Anterior nares	74	SP0171	Capnocytophaga sputigena	1000	0
Anterior nares	74	SP0172	Streptococcus sp HMSC071D03	1000	0
Anterior nares	74	SP0173	Streptococcus pseudopneumoniae	1000	0
Anterior nares	74	SP0174	Corynebacterium durum	1000	0
Anterior nares	74	SP0175	Prevotella pleuritidis	1000	0
Anterior nares	74	SP0176	Gemella morbillorum	1000	0
Anterior nares	74	SP0177	Lautropia mirabilis	1000	0
Anterior nares	74	SP0178	Prevotella sp oral taxon 473	1000	0
Anterior nares	74	SP0179	Aggregatibacter sp oral taxon 458	1000	0
Anterior nares	74	SP0180	Bulleidia extructa	1000	0
Anterior nares	74	SP0181	Leptotrichia sp oral taxon 225	1000	0
Anterior nares	74	SP0182	Leptotrichia sp oral taxon 498	1000	0
Anterior nares	74	SP0183	Actinomyces naeslundii	1000	0
Anterior nares	74	SP0184	Haemophilus parahaemolyticus	1000	0
Anterior nares	74	SP0185	Bifidobacterium longum	1000	0
Anterior nares	74	SP0186	Prevotella oris	1000	0
Anterior nares	74	SP0187	Parvimonas micra	1000	0
Anterior nares	74	SP0188	Streptococcus pneumoniae	1000	0
Anterior nares	74	SP0189	Haemophilus paraphrohaemolyticus	1000	0
Anterior nares	74	SP0190	Corynebacterium matruchotii	1000	0
Anterior nares	74	SP0191	Actinomyces sp oral taxon 170	1000	0
Anterior nares	74	SP0192	Actinobaculum sp oral taxon 183	1000	0
Anterior nares	74	SP0193	Actinomyces massiliensis	1000	0
Anterior nares	74	SP0194	Campylobacter gracilis	1000	0
Anterior nares	74	SP0195	Capnocytophaga sp oral taxon 863	1000	0
Anterior nares	74	SP0196	Eikenella corrodens	1000	0
Anterior nares	74	SP0197	Cardiobacterium valvarum	1000	0
Anterior nares	74	SP0198	Pseudopropionibacterium propionicum	1000	0
Anterior nares	74	SP0199	Actinomyces viscosus	1000	0
Anterior nares	74	SP0200	Campylobacter showae	1000	0
Anterior nares	74	SP0201	Actinomyces johnsonii	1000	0
Anterior nares	74	SP0202	Prevotella loescheii	1000	0
Anterior nares	74	SP0203	Streptococcus sp oral taxon 056	1000	0
Anterior nares	74	SP0204	Eubacterium brachy	1000	0
Anterior nares	74	SP0205	Abiotrophia defectiva	1000	0
Anterior nares	74	SP0206	Capnocytophaga ochracea	1000	0
Anterior nares	74	SP0207	Streptococcus anginosus group	1000	0
Anterior nares	74	SP0208	Actinomyces meyeri	1000	0
Anterior nares	74	SP0209	Actinomyces sp oral taxon 448	1000	0
Anterior nares	74	SP0210	Eikenella sp NML130454	1000	0
Anterior nares	74	SP0211	Selenomonas noxia	1000	0
Anterior nares	74	SP0212	Oribacterium sp oral taxon 078	1000	0
Anterior nares	74	SP0213	Abiotrophia sp HMSC24B09	1000	0
Anterior nares	74	SP0214	Leptotrichia sp oral taxon 879	1000	0
Anterior nares	74	SP0215	Aggregatibacter actinomycetemcomitans	1000	0
Anterior nares	74	SP0216	Actinomyces sp oral taxon 180	1000	0
Anterior nares	74	SP0217	Aggregatibacter segnis	1000	0
Anterior nares	74	SP0218	Actinomyces denticolens	1000	0
Anterior nares	74	SP0219	Selenomonas infelix	1000	0
Anterior nares	74	SP0220	Kingella denitrificans	1000	0
Anterior nares	74	SP0221	Capnocytophaga sp oral taxon 338	1000	0
Anterior nares	74	SP0222	Staphylococcus argenteus	1000	0
Anterior nares	74	SP0223	Staphylococcus epidermidis	1000	0.933
Anterior nares	74	SP0224	Cutibacterium acnes	1000	1
Anterior nares	74	SP0225	Corynebacterium accolens	1000	0.077
Anterior nares	74	SP0226	Escherichia coli	1000	0
Anterior nares	74	SP0227	Haemophilus sp HMSC71H05	1000	0
Anterior nares	74	SP0228	Propionibacterium namnetense	1000	0
Anterior nares	74	SP0229	Klebsiella pneumoniae	1000	0
Anterior nares	74	SP0230	Gardnerella vaginalis	1000	0
Anterior nares	74	SP0231	Lactobacillus iners	1000	0
Anterior nares	74	SP0232	Atopobium vaginae	1000	0
Anterior nares	74	SP0233	Sneathia amnii	1000	0
Anterior nares	74	SP0234	Veillonellaceae bacterium DNF00626	1000	0
Anterior nares	74	SP0235	Prevotella timonensis	1000	0
Anterior nares	74	SP0236	Prevotella buccalis	1000	0
Anterior nares	74	SP0237	Anaerococcus tetradius	1000	0
Anterior nares	74	SP0238	Dialister micraerophilus	1000	0
Anterior nares	74	SP0239	Peptoniphilus lacrimalis	1000	0
Anterior nares	74	SP0240	Aerococcus christensenii	1000	0
Anterior nares	74	SP0241	Mobiluncus curtisii	1000	0
Anterior nares	74	SP0242	Tissierellia bacterium KA00581	1000	0
Anterior nares	74	SP0243	Prevotella bivia	1000	0
Anterior nares	74	SP0244	Lactobacillus jensenii	1000	0
Anterior nares	74	SP0245	Mageeibacillus indolicus	1000	0
Anterior nares	74	SP0246	Gemella asaccharolytica	1000	0
Anterior nares	74	SP0247	Prevotella colorans	1000	0
Anterior nares	74	SP0248	Lactobacillus coleohominis	1000	0
Anterior nares	74	SP0249	Prevotella sp S7 1 8	1000	0
Anterior nares	74	SP0250	Lactobacillus gasseri	1000	0
Anterior nares	74	SP0251	Mycoplasma hominis	1000	0
Anterior nares	74	SP0252	Porphyromonas uenonis	1000	0
Anterior nares	74	SP0253	Peptococcus niger	1000	0
Anterior nares	74	SP0254	Peptoniphilus sp BV3C26	1000	0
Anterior nares	74	SP0255	Bacteroides coagulans	1000	0
Anterior nares	74	SP0256	Porphyromonas asaccharolytica	1000	0
Anterior nares	74	SP0257	Peptoniphilus duerdenii	1000	0
Anterior nares	74	SP0258	Mobiluncus mulieris	1000	0
Anterior nares	74	SP0259	Peptoniphilus harei	1000	0
Anterior nares	74	SP0260	Actinomyces neuii	1000	0
Anterior nares	74	SP0261	Anaerococcus lactolyticus	1000	0
Anterior nares	74	SP0262	Atopobium deltae	1000	0
Anterior nares	74	SP0263	Ureaplasma parvum	1000	0
Anterior nares	74	SP0264	Varibaculum cambriense	1000	0
Anterior nares	74	SP0265	Atopobium minutum	1000	0
Anterior nares	74	SP0266	Lactobacillus paragasseri	1000	0
Anterior nares	74	SP0267	Prevotella bergensis	1000	0
Anterior nares	74	SP0268	Peptoniphilus coxii	1000	0
Anterior nares	74	SP0269	Neisseria perflava	1000	0
Anterior nares	74	SP0270	Prevotella shahii	1000	0
Anterior nares	74	SP0271	Lachnospiraceae bacterium oral taxon 096	1000	0
Anterior nares	74	SP0272	Eubacterium sulci	1000	0
Anterior nares	74	SP0273	Oribacterium parvum	1000	0
Anterior nares	74	SP0274	Tannerella sp oral taxon HOT 286	1000	0
Anterior nares	74	SP0275	Mogibacterium diversum	1000	0
Anterior nares	74	SP0276	Alloprevotella tannerae	1000	0
Anterior nares	74	SP0277	Prevotella jejuni	1000	0
Anterior nares	74	SP0278	Lachnoanaerobaculum umeaense	1000	0
Anterior nares	74	SP0279	Veillonella tobetsuensis	1000	0
Anterior nares	74	SP0280	Gemella bergeri	1000	0
Anterior nares	74	SP0281	Treponema sp OMZ 838	1000	0
Anterior nares	74	SP0282	Neisseria sp oral taxon 014	1000	0
Anterior nares	74	SP0283	Treponema socranskii	1000	0
Anterior nares	74	SP0284	Peptostreptococcus stomatis	1000	0
Anterior nares	74	SP0285	Alloscardovia omnicolens	1000	0
Anterior nares	74	SP0286	Campylobacter mucosalis	1000	0
Anterior nares	74	SP0287	Streptococcus peroris	1000	0
Anterior nares	74	SP0288	Neisseria elongata	1000	0
Anterior nares	74	SP0289	Alloprevotella rava	1000	0
Anterior nares	74	SP0290	Treponema denticola	1000	0
Anterior nares	74	SP0291	Mogibacterium pumilum	1000	0
Anterior nares	74	SP0292	Porphyromonas endodontalis	1000	0
Anterior nares	74	SP0293	Bacteroidetes oral taxon 274	1000	0
Anterior nares	74	SP0294	Prevotella oulorum	1000	0
Anterior nares	74	SP0295	Capnocytophaga sp oral taxon 332	1000	0
Anterior nares	74	SP0296	Prevotella denticola	1000	0
Anterior nares	74	SP0297	Prevotella scopos	1000	0
Anterior nares	74	SP0298	Leptotrichia buccalis	1000	0
Anterior nares	74	SP0299	Selenomonas sputigena	1000	0
Anterior nares	74	SP0300	Porphyromonas catoniae	1000	0
Anterior nares	74	SP0301	Streptococcus sp M334	1000	0
Anterior nares	74	SP0302	Prevotella veroralis	1000	0
Anterior nares	74	SP0303	Slackia exigua	1000	0
Anterior nares	74	SP0304	Parvimonas sp oral taxon 110	1000	0
Anterior nares	74	SP0305	Leptotrichia goodfellowii	1000	0
Anterior nares	74	SP0306	Treponema medium	1000	0
Anterior nares	74	SP0307	Haemophilus pittmaniae	1000	0
Anterior nares	74	SP0308	Fusobacterium hwasookii	1000	0
Anterior nares	74	SP0309	Porphyromonas canoris	1000	0
Anterior nares	74	SP0310	Olsenella uli	1000	0
Anterior nares	74	SP0311	Prevotella sp oral taxon 306	1000	0
Anterior nares	74	SP0312	Selenomonas flueggei	1000	0
Anterior nares	74	SP0313	Porphyromonas sp oral taxon 278	1000	0
Anterior nares	74	SP0314	Aggregatibacter aphrophilus	1000	0
Anterior nares	74	SP0315	Eubacterium yurii	1000	0
Anterior nares	74	SP0316	Prevotella buccae	1000	0
Anterior nares	74	SP0317	Anaeroglobus geminatus	1000	0
Anterior nares	74	SP0318	Parvimonas sp oral taxon 393	1000	0
Anterior nares	74	SP0319	Tannerella forsythia	1000	0
Anterior nares	74	SP0320	Eubacterium infirmum	1000	0
Anterior nares	74	SP0321	Actinomyces sp oral taxon 414	1000	0
Anterior nares	74	SP0322	Ottowia sp oral taxon 894	1000	0
Anterior nares	74	SP0323	Treponema maltophilum	1000	0
Anterior nares	74	SP0324	Selenomonas sp oral taxon 892	1000	0
Anterior nares	74	SP0325	Prevotella saccharolytica	1000	0
Anterior nares	74	SP0326	Johnsonella ignava	1000	0
Anterior nares	74	SP0327	Catonella morbi	1000	0
Anterior nares	74	SP0328	Actinomyces hongkongensis	1000	0
Anterior nares	74	SP0329	Prevotella micans	1000	0
Anterior nares	74	SP0330	Actinomyces georgiae	1000	0
Anterior nares	74	SP0331	Selenomonas artemidis	1000	0
Anterior nares	74	SP0332	Prevotella maculosa	1000	0
Anterior nares	74	SP0333	Prevotella enoeca	1000	0
Anterior nares	74	SP0334	Centipeda periodontii	1000	0
Anterior nares	74	SP0335	Campylobacter curvus	1000	0
Anterior nares	74	SP0336	Selenomonas sp FOBRC6	1000	0
Anterior nares	74	SP0337	Neisseria gonorrhoeae	1000	0
Anterior nares	74	SP0338	Selenomonas sp oral taxon 920	1000	0
Anterior nares	74	SP0339	Selenomonas sp oral taxon 138	1000	0
Anterior nares	74	SP0340	Sutterella parvirubra	1000	0
Anterior nares	74	SP0341	Treponema vincentii	1000	0
Anterior nares	74	SP0342	Neisseria mucosa	1000	0
Anterior nares	74	SP0343	Campylobacter rectus	1000	0
Anterior nares	74	SP0344	Selenomonas sp oral taxon 126	1000	0
Anterior nares	74	SP0345	Prevotella copri	1000	0
Anterior nares	74	SP0346	Butyrivibrio crossotus	1000	0
Anterior nares	74	SP0347	Bacteroides massiliensis	1000	0
Anterior nares	74	SP0348	Catenibacterium mitsuokai	1000	0
Anterior nares	74	SP0349	Eubacterium sp CAG 180	1000	0
Anterior nares	74	SP0350	Eubacterium siraeum	1000	0
Anterior nares	74	SP0351	Bacteroides finegoldii	1000	0
Anterior nares	74	SP0352	Bacteroides eggerthii	1000	0
Anterior nares	74	SP0353	Bacteroides faecichinchillae	1000	0
Anterior nares	74	SP0354	Coprobacter fastidiosus	1000	0
Anterior nares	74	SP0355	Desulfovibrionaceae bacterium	1000	0
Anterior nares	74	SP0356	Methanobrevibacter smithii	1000	0
Anterior nares	74	SP0357	Bacteroides salyersiae	1000	0
Anterior nares	74	SP0358	Ruminococcus lactaris	1000	0
Anterior nares	74	SP0359	Roseburia sp CAG 471	1000	0
Anterior nares	74	SP0360	Clostridium sp CAG 167	1000	0
Anterior nares	74	SP0361	Bacteroides nordii	1000	0
Anterior nares	74	SP0362	Bifidobacterium adolescentis	1000	0
Anterior nares	74	SP0363	Alistipes onderdonkii	1000	0
Anterior nares	74	SP0364	Roseburia sp CAG 182	1000	0
Anterior nares	74	SP0365	Coprococcus catus	1000	0
Anterior nares	74	SP0366	Bacteroides intestinalis	1000	0
Anterior nares	74	SP0367	Sharpea azabuensis	1000	0
Anterior nares	74	SP0368	Slackia isoflavoniconvertens	1000	0
Anterior nares	74	SP0369	Turicibacter sanguinis	1000	0
Anterior nares	74	SP0370	Firmicutes bacterium CAG 238	1000	0
Anterior nares	74	SP0371	Ruminococcaceae bacterium D5	1000	0
Anterior nares	74	SP0372	Firmicutes bacterium CAG 170	1000	0
Anterior nares	74	SP0373	Morococcus cerebrosus	1000	0
Anterior nares	74	SP0374	Neisseria cinerea	1000	0
Anterior nares	74	SP0375	Fusobacterium sp oral taxon 370	1000	0
Anterior nares	74	SP0376	Tannerella sp oral taxon 808	1000	0
Anterior nares	74	SP0377	Prevotella sp F0091	1000	0
Anterior nares	74	SP0378	Streptococcus sp SK643	1000	0
Anterior nares	74	SP0379	Neisseria meningitidis	1000	0
Anterior nares	74	SP0380	Neisseria macacae	1000	0
Anterior nares	74	SP0381	Streptococcus sp oral taxon 058	1000	0
Anterior nares	74	SP0382	Candida albicans	1000	0
Anterior nares	74	SP0383	Neisseria bacilliformis	1000	0
Anterior nares	74	SP0384	Neisseria sp HMSC064E01	1000	0
Anterior nares	74	SP0385	Selenomonas sp F0473	1000	0
Anterior nares	74	SP0386	Bacteroides coprocola	1000	0
Anterior nares	74	SP0387	Acidaminococcus intestini	1000	0
Anterior nares	74	SP0388	Ruminococcus sp CAG 330	1000	0
Anterior nares	74	SP0389	Anaeromassilibacillus sp An250	1000	0
Anterior nares	74	SP0390	Anaerotruncus colihominis	1000	0
Anterior nares	74	SP0391	Harryflintia acetispora	1000	0
Anterior nares	74	SP0392	Firmicutes bacterium CAG 94	1000	0
Anterior nares	74	SP0393	Lachnoclostridium sp An138	1000	0
Anterior nares	74	SP0394	Massiliomicrobiota timonensis	1000	0
Anterior nares	74	SP0395	Ruminococcaceae bacterium D16	1000	0
Anterior nares	74	SP0396	Neisseria lactamica	1000	0
Anterior nares	74	SP0397	Streptococcus milleri	1000	0
Anterior nares	74	SP0398	Filifactor alocis	1000	0
Anterior nares	74	SP0399	Prevotella fusca	1000	0
Anterior nares	74	SP0400	Prevotella oralis	1000	0
Anterior nares	74	SP0401	Actinomyces sp oral taxon 897	1000	0
Anterior nares	74	SP0402	Veillonella rodentium	1000	0
Anterior nares	74	SP0403	Shuttleworthia satelles	1000	0
Anterior nares	74	SP0404	Olsenella profusa	1000	0
Anterior nares	74	SP0405	Corynebacterium pseudodiphtheriticum	1000	0
Anterior nares	74	SP0406	Anaerococcus octavius	1000	0
Anterior nares	74	SP0407	Lactobacillus vaginalis	1000	0
Anterior nares	74	SP0408	Finegoldia magna	1000	0
Anterior nares	74	SP0409	Campylobacter ureolyticus	1000	0
Anterior nares	74	SP0410	Faecalitalea cylindroides	1000	0
Anterior nares	74	SP0411	Clostridium bolteae	1000	0
Anterior nares	74	SP0412	Blautia sp CAG 257	1000	0
Anterior nares	74	SP0413	Eubacterium dolichum CAG 375	1000	0
Anterior nares	74	SP0414	Absiella dolichum	1000	0
Anterior nares	74	SP0415	Clostridium bolteae CAG 59	1000	0
Anterior nares	74	SP0416	Bacteroides faecis	1000	0
Anterior nares	74	SP0417	Clostridium lavalense	1000	0
Anterior nares	74	SP0418	Clostridium saccharolyticum	1000	0
Anterior nares	74	SP0419	Clostridium clostridioforme	1000	0
Anterior nares	74	SP0420	Clostridium symbiosum	1000	0
Anterior nares	74	SP0421	Bacteroides plebeius	1000	0
Anterior nares	74	SP0422	Blautia hydrogenotrophica	1000	0
Anterior nares	74	SP0423	Ruminococcus sp CAG 403	1000	0
Anterior nares	74	SP0424	Ruminococcus gnavus	1000	0
Anterior nares	74	SP0425	Lactococcus lactis	1000	0
Anterior nares	74	SP0426	Roseburia sp CAG 309	1000	0
Anterior nares	74	SP0427	Romboutsia ilealis	1000	0
Anterior nares	74	SP0428	Peptoanaerobacter stomatis	1000	0
Anterior nares	74	SP0429	Streptococcus sp NLAE zl C503	1000	0
Anterior nares	74	SP0430	Treponema lecithinolyticum	1000	0
Anterior nares	74	SP0431	Prevotella marshii	1000	0
Anterior nares	74	SP0432	Limnochorda pilosa	1000	0
Anterior nares	74	SP0433	Lactobacillus crispatus	1000	0
Anterior nares	74	SP0434	Moraxella nonliquefaciens	1000	0
Anterior nares	74	SP0435	Dolosigranulum pigrum	1000	0
Anterior nares	74	SP0436	Cutibacterium granulosum	1000	0
Anterior nares	74	SP0437	Corynebacterium pseudogenitalium	1000	0
Anterior nares	74	SP0438	Cutibacterium avidum	1000	0
Anterior nares	74	SP0439	Cloacibacterium normanense	1000	0
Anterior nares	74	SP0440	Anaerotignum lactatifermentans	1000	0
Anterior nares	74	SP0441	Lachnoclostridium sp An14	1000	0
Anterior nares	74	SP0442	Intestinibacter bartlettii	1000	0
Anterior nares	74	SP0443	Erysipelatoclostridium ramosum	1000	0
Anterior nares	74	SP0444	Eisenbergiella tayi	1000	0
Anterior nares	74	SP0445	Eubacterium sp CAG 274	1000	0
Anterior nares	74	SP0446	Clostridiales bacterium 1 7 47FAA	1000	0
Anterior nares	74	SP0447	Blautia sp An249	1000	0
Anterior nares	74	SP0448	Cloacibacillus evryensis	1000	0
Anterior nares	74	SP0449	Dorea sp CAG 317	1000	0
Anterior nares	74	SP0450	Aerococcus urinaeequi	1000	0
Anterior nares	74	SP0451	Prevotella stercorea	1000	0
Anterior nares	74	SP0452	Prevotella sp CAG 279	1000	0
Anterior nares	74	SP0453	Paraprevotella xylaniphila	1000	0
Anterior nares	74	SP0454	Bacteroides coprophilus	1000	0
Anterior nares	74	SP0455	Eubacterium sp CAG 251	1000	0
Anterior nares	74	SP0456	Bacteroides pectinophilus	1000	0
Anterior nares	74	SP0457	Clostridium sp CAG 253	1000	0
Anterior nares	74	SP0458	Bacteroides sp CAG 144	1000	0
Anterior nares	74	SP0459	Lactobacillus ruminis	1000	0
Anterior nares	74	SP0460	Coprobacter secundus	1000	0
Anterior nares	74	SP0461	Clostridium disporicum	1000	0
Anterior nares	74	SP0462	Paraprevotella clara	1000	0
Anterior nares	74	SP0463	Ruminococcus sp CAG 563	1000	0
Anterior nares	74	SP0464	Clostridium perfringens	1000	0
Anterior nares	74	SP0465	Ruminococcus callidus	1000	0
Anterior nares	74	SP0466	Clostridium sp CAG 413	1000	0
Anterior nares	74	SP0467	Holdemanella biformis	1000	0
Anterior nares	74	SP0468	Ruminococcus champanellensis	1000	0
Anterior nares	74	SP0469	Clostridium paraputrificum	1000	0
Anterior nares	74	SP0470	Prevotella sp CAG 520	1000	0
Anterior nares	74	SP0471	Clostridium sp CAG 964	1000	0
Anterior nares	74	SP0472	Ruminococcus sp CAG 488	1000	0
Anterior nares	74	SP0473	Sanguibacteroides justesenii	1000	0
Anterior nares	74	SP0474	Coprobacillus cateniformis	1000	0
Anterior nares	74	SP0475	Eisenbergiella massiliensis	1000	0
Anterior nares	74	SP0476	Bifidobacterium pseudocatenulatum	1000	0
Anterior nares	74	SP0477	Hungatella hathewayi	1000	0
Anterior nares	74	SP0478	Clostridium sp CAG 411	1000	0
Anterior nares	74	SP0479	Pseudoflavonifractor capillosus	1000	0
Anterior nares	74	SP0480	Prevotella sp CAG 1031	1000	0
Anterior nares	74	SP0481	Desulfovibrio piger	1000	0
Anterior nares	74	SP0482	Prevotella corporis	1000	0
Anterior nares	74	SP0483	Campylobacter hominis	1000	0
Anterior nares	74	SP0484	Ruminococcus obeum CAG 39	1000	0
Anterior nares	74	SP0485	Klebsiella variicola	1000	0
Anterior nares	74	SP0486	Lachnoclostridium sp An131	1000	0
Anterior nares	74	SP0487	Anaerofustis stercorihominis	1000	0
Anterior nares	74	SP0488	Sellimonas intestinalis	1000	0
Anterior nares	74	SP0489	Pseudoflavonifractor sp An184	1000	0
Anterior nares	74	SP0490	Eubacterium limosum	1000	0
Anterior nares	74	SP0491	Clostridium aldenense	1000	0
Anterior nares	74	SP0492	Streptococcus sinensis	1000	0
Anterior nares	74	SP0493	Clostridium methylpentosum	1000	0
Anterior nares	74	SP0494	Mogibacterium timidum	1000	0
Anterior nares	74	SP0495	Malassezia restricta	1000	0.004
Anterior nares	74	SP0496	Staphylococcus capitis	1000	0
Anterior nares	74	SP0497	Megamonas hypermegale	1000	0
Anterior nares	74	SP0498	Megamonas funiformis	1000	0
Anterior nares	74	SP0499	Clostridium sp CAG 299	1000	0
Anterior nares	74	SP0500	Tyzzerella nexilis	1000	0
Anterior nares	74	SP0501	Blautia hansenii	1000	0
Anterior nares	74	SP0502	Bifidobacterium bifidum	1000	0
Anterior nares	74	SP0503	Bacillus aerius	1000	0
Anterior nares	74	SP0504	Candidatus Stoquefichus sp KLE1796	1000	0
Anterior nares	74	SP0505	Scardovia wiggsiae	1000	0
Anterior nares	74	SP0506	Prevotella intermedia	1000	0
Anterior nares	74	SP0507	Parvimonas sp KA00067	1000	0
Anterior nares	74	SP0508	Capnocytophaga sp oral taxon 878	1000	0
Anterior nares	74	SP0509	Streptococcus viridans	1000	0
Anterior nares	74	SP0510	Blautia sp N6H1 15	1000	0
Anterior nares	74	SP0511	Clostridium scindens	1000	0
Anterior nares	74	SP0512	Fusobacterium ulcerans	1000	0
Anterior nares	74	SP0513	Malassezia globosa	1000	0
Anterior nares	74	SP0514	Micrococcus luteus	1000	0
Anterior nares	74	SP0515	Kocuria palustris	1000	0
Anterior nares	74	SP0516	Moraxella osloensis	1000	0
Anterior nares	74	SP0517	Anaerococcus nagyae	1000	0
Anterior nares	74	SP0518	Acinetobacter radioresistens	1000	0
Anterior nares	74	SP0519	Enhydrobacter aerosaccus	1000	0
Anterior nares	74	SP0520	Propionibacterium humerusii	1000	0
Anterior nares	74	SP0521	Odoribacter laneus	1000	0
Anterior nares	74	SP0522	Candidatus Methanomassiliicoccus intestinalis	1000	0
Anterior nares	74	SP0523	Roseburia sp CAG 303	1000	0
Anterior nares	74	SP0524	Ruminococcus sp CAG 624	1000	0
Anterior nares	74	SP0525	Lactobacillus acidophilus	1000	0
Anterior nares	74	SP0526	Desulfovibrio fairfieldensis	1000	0
Anterior nares	74	SP0527	Allisonella histaminiformans	1000	0
Anterior nares	74	SP0528	Haemophilus aegyptius	1000	0
Anterior nares	74	SP0529	Candida tropicalis	1000	0
Anterior nares	74	SP0530	Prevotella sp AM42 24	1000	0
Anterior nares	74	SP0531	Bacteroides faecis CAG 32	1000	0
Anterior nares	74	SP0532	Dialister sp CAG 357	1000	0
Anterior nares	74	SP0533	Enterococcus faecium	1000	0
Anterior nares	74	SP0534	Bifidobacterium catenulatum	1000	0
Anterior nares	74	SP0535	Eubacterium saphenum	1000	0
Anterior nares	74	SP0536	Bacteroidetes bacterium oral taxon 272	1000	0
Anterior nares	74	SP0537	Dialister pneumosintes	1000	0
Anterior nares	74	SP0538	Anaerolineaceae bacterium oral taxon 439	1000	0
Anterior nares	74	SP0539	Streptococcus massiliensis	1000	0
Anterior nares	74	SP0540	Capnocytophaga haemolytica	1000	0
Anterior nares	74	SP0541	Prevotella dentalis	1000	0
Anterior nares	74	SP0542	Pseudoramibacter alactolyticus	1000	0
Anterior nares	74	SP0543	Treponema putidum	1000	0
Anterior nares	74	SP0544	Prevotella sp oral taxon 820	1000	0
Anterior nares	74	SP0545	Prevotella amnii	1000	0
Anterior nares	74	SP0546	Moraxella lincolnii	1000	0
Anterior nares	74	SP0547	Prevotella sp 885	1000	0
Anterior nares	74	SP0548	Butyrivibrio sp CAG 318	1000	0
Anterior nares	74	SP0549	Bacteroides sartorii	1000	0
Anterior nares	74	SP0550	Clostridium sp CAG 590	1000	0
Anterior nares	74	SP0551	Clostridiales bacterium CHKCI006	1000	0
Anterior nares	74	SP0552	Clostridium sp CAG 242	1000	0
Anterior nares	74	SP0553	Clostridium sp chh4 2	1000	0
Anterior nares	74	SP0554	Flavonifractor sp An10	1000	0
Anterior nares	74	SP0555	Methanosphaera stadtmanae	1000	0
Anterior nares	74	SP0556	Blautia producta	1000	0
Anterior nares	74	SP0557	Clostridium asparagiforme	1000	0
Anterior nares	74	SP0558	Lactonifactor longoviformis	1000	0
Anterior nares	74	SP0559	Simonsiella muelleri	1000	0
Anterior nares	74	SP0560	Chlamydia ibidis	1000	0
Anterior nares	74	SP0561	Megamonas funiformis CAG 377	1000	0
Anterior nares	74	SP0562	Porphyromonas gingivalis	1000	0
Anterior nares	74	SP0563	Prevotella multiformis	1000	0
Anterior nares	74	SP0564	Eubacterium nodatum	1000	0
Anterior nares	74	SP0565	Leptotrichia sp oral taxon 847	1000	0
Anterior nares	74	SP0566	Streptococcus sp HMSC070B10	1000	0
Anterior nares	74	SP0567	Desulfobulbus oralis	1000	0
Anterior nares	74	SP0568	Prevotella sp oral taxon 376	1000	0
Anterior nares	74	SP0569	Eggerthia catenaformis	1000	0
Anterior nares	74	SP0570	Prevotella baroniae	1000	0
Anterior nares	74	SP0571	Propionibacterium acidifaciens	1000	0
Anterior nares	74	SP0572	Peptostreptococcaceae bacterium oral taxon 113	1000	0
Anterior nares	74	SP0573	Corynebacterium tuberculostearicum	1000	0
Anterior nares	74	SP0574	Kingella kingae	1000	0
Anterior nares	74	SP0575	Faecalicoccus pleomorphus	1000	0
Anterior nares	74	SP0576	Corynebacterium kroppenstedtii	1000	0
Anterior nares	74	SP0577	Paracoccus versutus	1000	0
Anterior nares	74	SP0578	Streptococcus salivarius CAG 79	1000	0
Anterior nares	74	SP0579	Paracoccus pantotrophus	1000	0
Anterior nares	74	SP0580	Coprobacter sp	1000	0
Anterior nares	74	SP0581	Phascolarctobacterium succinatutens	1000	0
Anterior nares	74	SP0582	Catabacter hongkongensis	1000	0
Anterior nares	74	SP0583	Clostridium sp D5	1000	0
Anterior nares	74	SP0584	Peptoniphilus sp HMSC062D09	1000	0
Anterior nares	74	SP0585	Eubacterium sp OM08 24	1000	0
Anterior nares	74	SP0586	Anaerofilum sp An201	1000	0
Anterior nares	74	SP0587	Mycobacteroides chelonae	1000	0
Anterior nares	74	SP0588	Neisseria polysaccharea	1000	0
Anterior nares	74	SP0589	Haemophilus sp C1	1000	0
Anterior nares	74	SP0590	Bifidobacterium angulatum	1000	0
Anterior nares	74	SP0591	Mitsuokella multacida	1000	0
Anterior nares	74	SP0592	Megasphaera elsdenii	1000	0
Anterior nares	74	SP0593	Porphyromonas sp HMSC065F10	1000	0
Anterior nares	74	SP0594	Clostridium ventriculi	1000	0
Anterior nares	74	SP0595	Mitsuokella jalaludinii	1000	0
Anterior nares	74	SP0596	Actinomyces cardiffensis	1000	0
Anterior nares	74	SP0597	Flavonifractor sp An100	1000	0
Anterior nares	74	SP0598	Pseudomonas fluorescens group	1000	0
Anterior nares	74	SP0599	Brochothrix thermosphacta	1000	0
Anterior nares	74	SP0600	Carnobacterium divergens	1000	0
Anterior nares	74	SP0601	Pseudomonas fragi	1000	0
Anterior nares	74	SP0602	Carnobacterium maltaromaticum	1000	0
Anterior nares	74	SP0603	Psychrobacter sp 1501 2011	1000	0
Anterior nares	74	SP0604	Serratia proteamaculans	1000	0
Anterior nares	74	SP0605	Bacteroides sp CAG 443	1000	0
Anterior nares	74	SP0606	Aeriscardovia aeriphila	1000	0
Anterior nares	74	SP0607	Subdoligranulum variabile	1000	0
Anterior nares	74	SP0608	Sphingomonas koreensis	1000	0
Anterior nares	74	SP0609	Anaerostipes caccae	1000	0
Anterior nares	74	SP0610	Firmicutes bacterium CAG 424	1000	0
Anterior nares	74	SP0611	Fusobacterium naviforme	1000	0
Anterior nares	74	SP0612	Clostridium hylemonae	1000	0
Anterior nares	74	SP0613	Megasphaera sp DISK 18	1000	0
Anterior nares	74	SP0614	Megasphaera sp MJR8396C	1000	0
Anterior nares	74	SP0615	Moraxella catarrhalis	1000	0
Anterior nares	74	SP0616	Klebsiella aerogenes	1000	0
Anterior nares	74	SP0617	Proteus mirabilis	1000	0
Anterior nares	74	SP0618	Staphylococcus lugdunensis	1000	0
Anterior nares	74	SP0619	Butyricicoccus pullicaecorum	1000	0
Anterior nares	74	SP0620	Malassezia sympodialis	1000	0
Anterior nares	74	SP0621	Corynebacterium argentoratense	1000	0
Anterior nares	74	SP0622	Leuconostoc mesenteroides	1000	0
Anterior nares	74	SP0623	Propionibacterium sp oral taxon 192	1000	0
Anterior nares	74	SP0624	Prevotella sp CAG 617	1000	0
Anterior nares	74	SP0625	Prevotella sp CAG 1185	1000	0
Anterior nares	74	SP0626	Lawsonella clevelandensis	1000	0
Anterior nares	74	SP0627	Citrobacter portucalensis	1000	0
Anterior nares	74	SP0628	Citrobacter youngae	1000	0
Anterior nares	74	SP0629	Klebsiella quasipneumoniae	1000	0
Anterior nares	74	SP0630	Clostridium sp 7 2 43FAA	1000	0
Anterior nares	74	SP0631	Staphylococcus pseudintermedius	1000	0
Anterior nares	74	SP0632	Tepidiphilus thermophilus	1000	0
Anterior nares	74	SP0633	Fusobacterium necrophorum	1000	0
Anterior nares	74	SP0634	Brachyspira sp CAG 700	1000	0
Anterior nares	74	SP0635	Elizabethkingia miricola	1000	0
Anterior nares	74	SP0636	Parabacteroides gordonii	1000	0
Anterior nares	74	SP0637	Phascolarctobacterium sp CAG 266	1000	0
Anterior nares	74	SP0638	Corynebacterium kefirresidentii	1000	0
Anterior nares	74	SP0639	Anaerotruncus sp CAG 528	1000	0
Anterior nares	74	SP0640	Enterococcus faecalis	1000	0
Anterior nares	74	SP0641	Citrobacter europaeus	1000	0
Anterior nares	74	SP0642	Lachnoclostridium sp An118	1000	0
Anterior nares	74	SP0643	Enterococcus gallinarum	1000	0
Anterior nares	74	SP0644	Klebsiella oxytoca	1000	0
Anterior nares	74	SP0645	Negativicoccus succinicivorans	1000	0
Anterior nares	74	SP0646	Kingella potus	1000	0
Anterior nares	74	SP0647	Corynebacterium singulare	1000	0
Anterior nares	74	SP0648	Bacteroides sp OM05 12	1000	0
Anterior nares	74	SP0649	Bifidobacterium animalis	1000	0
Anterior nares	74	SP0650	Stenotrophomonas maltophilia	1000	0
Anterior nares	74	SP0651	Staphylococcus saprophyticus	1000	0
Anterior nares	74	SP0652	Bacteroides sp D2	1000	0
Anterior nares	74	SP0653	Eubacterium coprostanoligenes	1000	0
Anterior nares	74	SP0654	Anaerobiospirillum thomasii	1000	0
Anterior nares	74	SP0655	Fusobacterium mortiferum	1000	0
Anterior nares	74	SP0656	Helicobacter pylori	1000	0
Anterior nares	74	SP0657	Clostridium hiranonis	1000	0
Anterior nares	74	SP0658	Veillonella denticariosi	1000	0
Anterior nares	74	SP0659	Peptostreptococcus anaerobius	1000	0
Anterior nares	74	SP0660	Peptostreptococcus sp MV1	1000	0
Anterior nares	74	SP0661	Criibacterium bergeronii	1000	0
Anterior nares	74	SP0662	Blautia coccoides	1000	0
Anterior nares	74	SP0663	Anaerococcus vaginalis	1000	0
Anterior nares	74	SP0664	Bifidobacterium dentium	1000	0
Anterior nares	74	SP0665	Lactobacillus delbrueckii	1000	0
Anterior nares	74	SP0666	Blastocystis sp subtype 1	1000	0
Anterior nares	74	SP0667	Staphylococcus hominis	1000	0
Anterior nares	74	SP0668	Corynebacterium amycolatum	1000	0
Anterior nares	74	SP0669	Agitococcus lubricus	1000	0
Anterior nares	74	SP0670	Listeria monocytogenes	1000	0
Anterior nares	74	SP0671	Bacteroides caecimuris	1000	0
Anterior nares	74	SP0672	Acinetobacter junii	1000	0
Anterior nares	74	SP0673	Acinetobacter lwoffii	1000	0
Anterior nares	74	SP0674	Dermabacter hominis	1000	0
Anterior nares	74	SP0675	Micrococcus lylae	1000	0
Anterior nares	74	SP0676	Corynebacterium sp HMSC08A12	1000	0
Anterior nares	74	SP0677	Corynebacterium hadale	1000	0
Anterior nares	74	SP0678	Pyramidobacter piscolens	1000	0
Anterior nares	74	SP0679	Corynebacterium simulans	1000	0
Anterior nares	74	SP0680	Comamonas kerstersii	1000	0
Anterior nares	74	SP0681	Bifidobacterium breve	1000	0
Anterior nares	74	SP0682	Enterobacter cloacae complex	1000	0
Anterior nares	74	SP0683	Enterobacter bugandensis	1000	0
Anterior nares	74	SP0684	Actinomyces turicensis	1000	0
Anterior nares	74	SP0685	Staphylococcus haemolyticus	1000	0
Anterior nares	74	SP0686	Burkholderia cenocepacia	1000	0
Anterior nares	74	SP0687	Burkholderia pyrrocinia	1000	0
Anterior nares	74	SP0688	Jonquetella anthropi	1000	0
Anterior nares	74	SP0689	Bacteroides stercorirosoris	1000	0
Anterior nares	74	SP0690	Bacteroides oleiciplenus	1000	0
Anterior nares	74	SP0691	Corynebacterium afermentans	1000	0
Anterior nares	74	SP0692	Lactobacillus curvatus	1000	0
Anterior nares	74	SP0693	Clostridioides difficile	1000	0
Anterior nares	74	SP0694	Lactobacillus plantarum	1000	0
Anterior nares	74	SP0695	Candida dubliniensis	1000	0
Anterior nares	74	SP0696	Lactobacillus fermentum	1000	0
Anterior nares	74	SP0697	Hafnia paralvei	1000	0
Anterior nares	74	SP0698	Candidatus Gastranaerophilales bacterium	1000	0
Anterior nares	74	SP0699	Kocuria indica	1000	0
Anterior nares	74	SP0700	Streptococcus agalactiae	1000	0
Anterior nares	74	SP0701	Enterococcus dispar	1000	0
Anterior nares	74	SP0702	Firmicutes bacterium CAG 646	1000	0
Anterior nares	74	SP0703	Peptoniphilus sp DNF00840	1000	0
Anterior nares	74	SP0704	Bacteroidales bacterium KA00251	1000	0
Anterior nares	74	SP0705	Ureaplasma urealyticum	1000	0
Anterior nares	74	SP0706	Veillonella montpellierensis	1000	0
Anterior nares	74	SP0707	Actinomyces urogenitalis	1000	0
Anterior nares	74	SP0708	Actinomyces radingae	1000	0
Anterior nares	74	SP0709	Megasphaera sp BV3C16 1	1000	0
Anterior nares	74	SP0710	Bifidobacterium scardovii	1000	0
Anterior nares	74	SP0711	Staphylococcus warneri	1000	0
Anterior nares	74	SP0712	Veillonella sp CAG 933	1000	0
Anterior nares	74	SP0713	Lachnospiraceae bacterium 2 1 46FAA	1000	0
Anterior nares	74	SP0714	Clostridium neonatale	1000	0
Anterior nares	74	SP0715	Lactobacillus algidus	1000	0
Anterior nares	74	SP0716	Lactobacillus reuteri	1000	0
Anterior nares	74	SP0717	Moraxella lacunata	1000	0
Anterior nares	74	SP0718	Staphylococcus pasteuri	1000	0
Anterior nares	74	SP0719	Pantoea ananatis	1000	0
Anterior nares	74	SP0720	Parascardovia denticolens	1000	0
Anterior nares	74	SP0721	Brevundimonas diminuta	1000	0
Anterior nares	74	SP0722	Mixta calida	1000	0
Anterior nares	74	SP0723	Acinetobacter ursingii	1000	0
Anterior nares	74	SP0724	Corynebacterium striatum	1000	0
Anterior nares	74	SP0725	Acinetobacter parvus	1000	0
Anterior nares	74	SP0726	Roseomonas mucosa	1000	0
Anterior nares	74	SP0727	Acinetobacter bereziniae	1000	0
Anterior nares	74	SP0728	Paracoccus sanguinis	1000	0
Anterior nares	74	SP0729	Lactobacillus mucosae	1000	0
Anterior nares	74	SP0730	Acidovorax caeni	1000	0
Anterior nares	74	SP0731	Porphyromonas cangingivalis	1000	0
Anterior nares	74	SP0732	Porphyromonas gulae	1000	0
Anterior nares	74	SP0733	Porphyromonas gingivicanis	1000	0
Anterior nares	74	SP0734	Staphylococcus cohnii	1000	0
Anterior nares	74	SP0735	Neisseria dumasiana	1000	0
Anterior nares	74	SP0736	Lactobacillus rhamnosus	1000	0
Anterior nares	74	SP0737	Fusobacterium gonidiaformans	1000	0
Anterior nares	74	SP0738	Bacteroides zoogleoformans	1000	0
Anterior nares	74	SP0739	Cloacibacillus porcorum	1000	0
Anterior nares	74	SP0740	Leuconostoc garlicum	1000	0
Anterior nares	74	SP0741	Dialister succinatiphilus	1000	0
Anterior nares	74	SP0742	Gemmiger sp An194	1000	0
Anterior nares	74	SP0743	Mycolicibacterium mucogenicum	1000	0
Anterior nares	74	SP0744	Massilia timonae	1000	0
Anterior nares	74	SP0745	Sphingobium yanoikuyae	1000	0
Anterior nares	74	SP0746	Herbaspirillum sp	1000	0
Anterior nares	74	SP0747	Synechococcus sp JA 2 3B a 2 13	1000	0
Anterior nares	74	SP0748	Roseiflexus sp RS 1	1000	0
Anterior nares	74	SP0749	Streptococcus lutetiensis	1000	0
Retroauricular crease	17	SP0001	Parabacteroides merdae	1000	0
Retroauricular crease	17	SP0002	Bacteroides vulgatus	1000	0
Retroauricular crease	17	SP0003	Bacteroides cellulosilyticus	1000	0
Retroauricular crease	17	SP0004	Parabacteroides distasonis	1000	0
Retroauricular crease	17	SP0005	Bacteroides sp CAG 927	1000	0
Retroauricular crease	17	SP0006	Bacteroides ovatus	1000	0
Retroauricular crease	17	SP0007	Bacteroides caccae	1000	0
Retroauricular crease	17	SP0008	Alistipes putredinis	1000	0
Retroauricular crease	17	SP0009	Parasutterella excrementihominis	1000	0
Retroauricular crease	17	SP0010	Faecalibacterium prausnitzii	1000	0
Retroauricular crease	17	SP0011	Alistipes shahii	1000	0
Retroauricular crease	17	SP0012	Ruminococcus bicirculans	1000	0
Retroauricular crease	17	SP0013	Roseburia intestinalis	1000	0
Retroauricular crease	17	SP0014	Lachnospira pectinoschiza	1000	0
Retroauricular crease	17	SP0015	Eubacterium sp CAG 38	1000	0
Retroauricular crease	17	SP0016	Proteobacteria bacterium CAG 139	1000	0
Retroauricular crease	17	SP0017	Odoribacter splanchnicus	1000	0
Retroauricular crease	17	SP0018	Oscillibacter sp 57 20	1000	0
Retroauricular crease	17	SP0019	Turicimonas muris	1000	0
Retroauricular crease	17	SP0020	Akkermansia muciniphila	1000	0
Retroauricular crease	17	SP0021	Roseburia hominis	1000	0
Retroauricular crease	17	SP0022	Coprococcus eutactus	1000	0
Retroauricular crease	17	SP0023	Eubacterium rectale	1000	0
Retroauricular crease	17	SP0024	Bacteroides fragilis	1000	0
Retroauricular crease	17	SP0025	Ruthenibacterium lactatiformans	1000	0
Retroauricular crease	17	SP0026	Alistipes indistinctus	1000	0
Retroauricular crease	17	SP0027	Eubacterium ventriosum	1000	0
Retroauricular crease	17	SP0028	Fusicatenibacter saccharivorans	1000	0
Retroauricular crease	17	SP0029	Gemmiger formicilis	1000	0
Retroauricular crease	17	SP0030	Eubacterium eligens	1000	0
Retroauricular crease	17	SP0031	Butyricimonas synergistica	1000	0
Retroauricular crease	17	SP0032	Agathobaculum butyriciproducens	1000	0
Retroauricular crease	17	SP0033	Butyricimonas virosa	1000	0
Retroauricular crease	17	SP0034	Anaerostipes hadrus	1000	0
Retroauricular crease	17	SP0035	Dorea formicigenerans	1000	0
Retroauricular crease	17	SP0036	Streptococcus parasanguinis	1000	0
Retroauricular crease	17	SP0037	Eubacterium ramulus	1000	0
Retroauricular crease	17	SP0038	Oscillibacter sp CAG 241	1000	0
Retroauricular crease	17	SP0039	Firmicutes bacterium CAG 145	1000	0
Retroauricular crease	17	SP0040	Veillonella dispar	1000	0
Retroauricular crease	17	SP0041	Intestinimonas butyriciproducens	1000	0
Retroauricular crease	17	SP0042	Blautia obeum	1000	0
Retroauricular crease	17	SP0043	Bacteroides galacturonicus	1000	0
Retroauricular crease	17	SP0044	Veillonella atypica	1000	0
Retroauricular crease	17	SP0045	Veillonella parvula	1000	0
Retroauricular crease	17	SP0046	Alistipes inops	1000	0
Retroauricular crease	17	SP0047	Haemophilus parainfluenzae	1000	0
Retroauricular crease	17	SP0048	Lactobacillus rogosae	1000	0
Retroauricular crease	17	SP0049	Victivallis vadensis	1000	0
Retroauricular crease	17	SP0050	Dielma fastidiosa	1000	0
Retroauricular crease	17	SP0051	Prevotella disiens	1000	0
Retroauricular crease	17	SP0052	Parabacteroides goldsteinii	1000	0
Retroauricular crease	17	SP0053	Oxalobacter formigenes	1000	0
Retroauricular crease	17	SP0054	Collinsella aerofaciens	1000	0
Retroauricular crease	17	SP0055	Lawsonibacter asaccharolyticus	1000	0
Retroauricular crease	17	SP0056	Flavonifractor plautii	1000	0
Retroauricular crease	17	SP0057	Streptococcus salivarius	1000	0
Retroauricular crease	17	SP0058	Dialister invisus	1000	0
Retroauricular crease	17	SP0059	Veillonella sp T11011 6	1000	0
Retroauricular crease	17	SP0060	Veillonella infantium	1000	0
Retroauricular crease	17	SP0061	Bacteroides stercoris	1000	0
Retroauricular crease	17	SP0062	Bacteroides uniformis	1000	0
Retroauricular crease	17	SP0063	Barnesiella intestinihominis	1000	0
Retroauricular crease	17	SP0064	Ruminococcus bromii	1000	0
Retroauricular crease	17	SP0065	Bacteroides thetaiotaomicron	1000	0
Retroauricular crease	17	SP0066	Parabacteroides johnsonii	1000	0
Retroauricular crease	17	SP0067	Phascolarctobacterium faecium	1000	0
Retroauricular crease	17	SP0068	Roseburia inulinivorans	1000	0
Retroauricular crease	17	SP0069	Bacteroides clarus	1000	0
Retroauricular crease	17	SP0070	Roseburia faecis	1000	0
Retroauricular crease	17	SP0071	Firmicutes bacterium CAG 110	1000	0
Retroauricular crease	17	SP0072	Bacteroides xylanisolvens	1000	0
Retroauricular crease	17	SP0073	Firmicutes bacterium CAG 95	1000	0
Retroauricular crease	17	SP0074	Monoglobus pectinilyticus	1000	0
Retroauricular crease	17	SP0075	Bacteroides dorei	1000	0
Retroauricular crease	17	SP0076	Ruminococcus torques	1000	0
Retroauricular crease	17	SP0077	Clostridium sp CAG 58	1000	0
Retroauricular crease	17	SP0078	Alistipes timonensis	1000	0
Retroauricular crease	17	SP0079	Firmicutes bacterium CAG 83	1000	0
Retroauricular crease	17	SP0080	Alistipes finegoldii	1000	0
Retroauricular crease	17	SP0081	Dorea longicatena	1000	0
Retroauricular crease	17	SP0082	Eubacterium hallii	1000	0
Retroauricular crease	17	SP0083	Gordonibacter pamelaeae	1000	0
Retroauricular crease	17	SP0084	Clostridium spiroforme	1000	0
Retroauricular crease	17	SP0085	Collinsella stercoris	1000	0
Retroauricular crease	17	SP0086	Coprococcus comes	1000	0
Retroauricular crease	17	SP0087	Oscillibacter sp PC13	1000	0
Retroauricular crease	17	SP0088	Holdemania filiformis	1000	0
Retroauricular crease	17	SP0089	Adlercreutzia equolifaciens	1000	0
Retroauricular crease	17	SP0090	Christensenella minuta	1000	0
Retroauricular crease	17	SP0091	Asaccharobacter celatus	1000	0
Retroauricular crease	17	SP0092	[Collinsella] massiliensis	1000	0
Retroauricular crease	17	SP0093	Clostridium leptum	1000	0
Retroauricular crease	17	SP0094	Eggerthella lenta	1000	0
Retroauricular crease	17	SP0095	Collinsella intestinalis	1000	0
Retroauricular crease	17	SP0096	Bilophila wadsworthia	1000	0
Retroauricular crease	17	SP0097	Blautia wexlerae	1000	0
Retroauricular crease	17	SP0098	Streptococcus mitis	1000	0.002
Retroauricular crease	17	SP0099	Clostridium citroniae	1000	0
Retroauricular crease	17	SP0100	Streptococcus infantis	1000	0
Retroauricular crease	17	SP0101	Enorma massiliensis	1000	0
Retroauricular crease	17	SP0102	Gemella sanguinis	1000	0
Retroauricular crease	17	SP0103	Clostridium innocuum	1000	0
Retroauricular crease	17	SP0104	Enterorhabdus caecimuris	1000	0
Retroauricular crease	17	SP0105	Olsenella scatoligenes	1000	0
Retroauricular crease	17	SP0106	Fretibacterium fastidiosum	1000	0
Retroauricular crease	17	SP0107	Rothia mucilaginosa	1000	0
Retroauricular crease	17	SP0108	Actinomyces sp ICM47	1000	0
Retroauricular crease	17	SP0109	Prevotella melaninogenica	1000	0
Retroauricular crease	17	SP0110	Actinomyces sp oral taxon 181	1000	0
Retroauricular crease	17	SP0111	Actinomyces graevenitzii	1000	0
Retroauricular crease	17	SP0112	Prevotella salivae	1000	0
Retroauricular crease	17	SP0113	Prevotella histicola	1000	0
Retroauricular crease	17	SP0114	Oribacterium sinus	1000	0
Retroauricular crease	17	SP0115	Actinomyces sp HMSC035G02	1000	0
Retroauricular crease	17	SP0116	Veillonella rogosae	1000	0
Retroauricular crease	17	SP0117	Campylobacter concisus	1000	0
Retroauricular crease	17	SP0118	Megasphaera micronuciformis	1000	0
Retroauricular crease	17	SP0119	Fusobacterium periodonticum	1000	0
Retroauricular crease	17	SP0120	Actinomyces odontolyticus	1000	0
Retroauricular crease	17	SP0121	Atopobium parvulum	1000	0
Retroauricular crease	17	SP0122	Prevotella pallens	1000	0
Retroauricular crease	17	SP0123	Granulicatella elegans	1000	0
Retroauricular crease	17	SP0124	Stomatobaculum longum	1000	0
Retroauricular crease	17	SP0125	Leptotrichia wadei	1000	0
Retroauricular crease	17	SP0126	Actinomyces sp S6 Spd3	1000	0
Retroauricular crease	17	SP0127	Streptococcus thermophilus	1000	0
Retroauricular crease	17	SP0128	Neisseria flavescens	1000	0
Retroauricular crease	17	SP0129	Streptococcus oralis	1000	0
Retroauricular crease	17	SP0130	Neisseria subflava	1000	0
Retroauricular crease	17	SP0131	Lachnoanaerobaculum saburreum	1000	0
Retroauricular crease	17	SP0132	Streptococcus sanguinis	1000	0
Retroauricular crease	17	SP0133	Streptococcus australis	1000	0
Retroauricular crease	17	SP0134	Streptococcus gordonii	1000	0
Retroauricular crease	17	SP0135	Leptotrichia sp oral taxon 215	1000	0
Retroauricular crease	17	SP0136	Streptococcus sp F0442	1000	0
Retroauricular crease	17	SP0137	Porphyromonas somerae	1000	0
Retroauricular crease	17	SP0138	Kingella oralis	1000	0
Retroauricular crease	17	SP0139	Prevotella sp oral taxon 299	1000	0
Retroauricular crease	17	SP0140	Oribacterium asaccharolyticum	1000	0
Retroauricular crease	17	SP0141	Rothia dentocariosa	1000	0
Retroauricular crease	17	SP0142	Solobacterium moorei	1000	0
Retroauricular crease	17	SP0143	Haemophilus sputorum	1000	0
Retroauricular crease	17	SP0144	Staphylococcus aureus	1000	0
Retroauricular crease	17	SP0145	Streptococcus sp HPH0090	1000	0
Retroauricular crease	17	SP0146	Gemella haemolysans	1000	0
Retroauricular crease	17	SP0147	Streptococcus sp A12	1000	0
Retroauricular crease	17	SP0148	Lactobacillus helveticus	1000	0
Retroauricular crease	17	SP0149	Leptotrichia sp oral taxon 212	1000	0
Retroauricular crease	17	SP0150	Fusobacterium nucleatum	1000	0
Retroauricular crease	17	SP0151	Capnocytophaga leadbetteri	1000	0
Retroauricular crease	17	SP0152	Granulicatella adiacens	1000	0
Retroauricular crease	17	SP0153	Prevotella nigrescens	1000	0
Retroauricular crease	17	SP0154	Streptococcus vestibularis	1000	0
Retroauricular crease	17	SP0155	Streptococcus sp HMSC034E03	1000	0
Retroauricular crease	17	SP0156	Actinomyces sp HPA0247	1000	0
Retroauricular crease	17	SP0157	Capnocytophaga gingivalis	1000	0
Retroauricular crease	17	SP0158	Actinomyces oris	1000	0
Retroauricular crease	17	SP0159	Rothia aeria	1000	0
Retroauricular crease	17	SP0160	Haemophilus influenzae	1000	0
Retroauricular crease	17	SP0161	Haemophilus quentini	1000	0
Retroauricular crease	17	SP0162	Streptococcus cristatus	1000	0
Retroauricular crease	17	SP0163	Streptococcus mutans	1000	0
Retroauricular crease	17	SP0164	Streptococcus sp HMSC067H01	1000	0
Retroauricular crease	17	SP0165	Atopobium rimae	1000	0
Retroauricular crease	17	SP0166	Haemophilus haemolyticus	1000	0
Retroauricular crease	17	SP0167	Capnocytophaga granulosa	1000	0
Retroauricular crease	17	SP0168	Neisseria sicca	1000	0
Retroauricular crease	17	SP0169	Leptotrichia hofstadii	1000	0
Retroauricular crease	17	SP0170	Cardiobacterium hominis	1000	0
Retroauricular crease	17	SP0171	Capnocytophaga sputigena	1000	0
Retroauricular crease	17	SP0172	Streptococcus sp HMSC071D03	1000	0
Retroauricular crease	17	SP0173	Streptococcus pseudopneumoniae	1000	0
Retroauricular crease	17	SP0174	Corynebacterium durum	1000	0
Retroauricular crease	17	SP0175	Prevotella pleuritidis	1000	0
Retroauricular crease	17	SP0176	Gemella morbillorum	1000	0
Retroauricular crease	17	SP0177	Lautropia mirabilis	1000	0
Retroauricular crease	17	SP0178	Prevotella sp oral taxon 473	1000	0
Retroauricular crease	17	SP0179	Aggregatibacter sp oral taxon 458	1000	0
Retroauricular crease	17	SP0180	Bulleidia extructa	1000	0
Retroauricular crease	17	SP0181	Leptotrichia sp oral taxon 225	1000	0
Retroauricular crease	17	SP0182	Leptotrichia sp oral taxon 498	1000	0
Retroauricular crease	17	SP0183	Actinomyces naeslundii	1000	0
Retroauricular crease	17	SP0184	Haemophilus parahaemolyticus	1000	0
Retroauricular crease	17	SP0185	Bifidobacterium longum	1000	0
Retroauricular crease	17	SP0186	Prevotella oris	1000	0
Retroauricular crease	17	SP0187	Parvimonas micra	1000	0
Retroauricular crease	17	SP0188	Streptococcus pneumoniae	1000	0
Retroauricular crease	17	SP0189	Haemophilus paraphrohaemolyticus	1000	0
Retroauricular crease	17	SP0190	Corynebacterium matruchotii	1000	0
Retroauricular crease	17	SP0191	Actinomyces sp oral taxon 170	1000	0
Retroauricular crease	17	SP0192	Actinobaculum sp oral taxon 183	1000	0
Retroauricular crease	17	SP0193	Actinomyces massiliensis	1000	0
Retroauricular crease	17	SP0194	Campylobacter gracilis	1000	0
Retroauricular crease	17	SP0195	Capnocytophaga sp oral taxon 863	1000	0
Retroauricular crease	17	SP0196	Eikenella corrodens	1000	0
Retroauricular crease	17	SP0197	Cardiobacterium valvarum	1000	0
Retroauricular crease	17	SP0198	Pseudopropionibacterium propionicum	1000	0
Retroauricular crease	17	SP0199	Actinomyces viscosus	1000	0
Retroauricular crease	17	SP0200	Campylobacter showae	1000	0
Retroauricular crease	17	SP0201	Actinomyces johnsonii	1000	0
Retroauricular crease	17	SP0202	Prevotella loescheii	1000	0
Retroauricular crease	17	SP0203	Streptococcus sp oral taxon 056	1000	0
Retroauricular crease	17	SP0204	Eubacterium brachy	1000	0
Retroauricular crease	17	SP0205	Abiotrophia defectiva	1000	0
Retroauricular crease	17	SP0206	Capnocytophaga ochracea	1000	0
Retroauricular crease	17	SP0207	Streptococcus anginosus group	1000	0
Retroauricular crease	17	SP0208	Actinomyces meyeri	1000	0
Retroauricular crease	17	SP0209	Actinomyces sp oral taxon 448	1000	0
Retroauricular crease	17	SP0210	Eikenella sp NML130454	1000	0
Retroauricular crease	17	SP0211	Selenomonas noxia	1000	0
Retroauricular crease	17	SP0212	Oribacterium sp oral taxon 078	1000	0
Retroauricular crease	17	SP0213	Abiotrophia sp HMSC24B09	1000	0
Retroauricular crease	17	SP0214	Leptotrichia sp oral taxon 879	1000	0
Retroauricular crease	17	SP0215	Aggregatibacter actinomycetemcomitans	1000	0
Retroauricular crease	17	SP0216	Actinomyces sp oral taxon 180	1000	0
Retroauricular crease	17	SP0217	Aggregatibacter segnis	1000	0
Retroauricular crease	17	SP0218	Actinomyces denticolens	1000	0
Retroauricular crease	17	SP0219	Selenomonas infelix	1000	0
Retroauricular crease	17	SP0220	Kingella denitrificans	1000	0
Retroauricular crease	17	SP0221	Capnocytophaga sp oral taxon 338	1000	0
Retroauricular crease	17	SP0222	Staphylococcus argenteus	1000	0
Retroauricular crease	17	SP0223	Staphylococcus epidermidis	1000	1
Retroauricular crease	17	SP0224	Cutibacterium acnes	1000	1
Retroauricular crease	17	SP0225	Corynebacterium accolens	1000	0
Retroauricular crease	17	SP0226	Escherichia coli	1000	0
Retroauricular crease	17	SP0227	Haemophilus sp HMSC71H05	1000	0
Retroauricular crease	17	SP0228	Propionibacterium namnetense	1000	0.098
Retroauricular crease	17	SP0229	Klebsiella pneumoniae	1000	0
Retroauricular crease	17	SP0230	Gardnerella vaginalis	1000	0
Retroauricular crease	17	SP0231	Lactobacillus iners	1000	0
Retroauricular crease	17	SP0232	Atopobium vaginae	1000	0
Retroauricular crease	17	SP0233	Sneathia amnii	1000	0
Retroauricular crease	17	SP0234	Veillonellaceae bacterium DNF00626	1000	0
Retroauricular crease	17	SP0235	Prevotella timonensis	1000	0
Retroauricular crease	17	SP0236	Prevotella buccalis	1000	0
Retroauricular crease	17	SP0237	Anaerococcus tetradius	1000	0
Retroauricular crease	17	SP0238	Dialister micraerophilus	1000	0
Retroauricular crease	17	SP0239	Peptoniphilus lacrimalis	1000	0
Retroauricular crease	17	SP0240	Aerococcus christensenii	1000	0
Retroauricular crease	17	SP0241	Mobiluncus curtisii	1000	0
Retroauricular crease	17	SP0242	Tissierellia bacterium KA00581	1000	0
Retroauricular crease	17	SP0243	Prevotella bivia	1000	0
Retroauricular crease	17	SP0244	Lactobacillus jensenii	1000	0
Retroauricular crease	17	SP0245	Mageeibacillus indolicus	1000	0
Retroauricular crease	17	SP0246	Gemella asaccharolytica	1000	0
Retroauricular crease	17	SP0247	Prevotella colorans	1000	0
Retroauricular crease	17	SP0248	Lactobacillus coleohominis	1000	0
Retroauricular crease	17	SP0249	Prevotella sp S7 1 8	1000	0
Retroauricular crease	17	SP0250	Lactobacillus gasseri	1000	0
Retroauricular crease	17	SP0251	Mycoplasma hominis	1000	0
Retroauricular crease	17	SP0252	Porphyromonas uenonis	1000	0
Retroauricular crease	17	SP0253	Peptococcus niger	1000	0
Retroauricular crease	17	SP0254	Peptoniphilus sp BV3C26	1000	0
Retroauricular crease	17	SP0255	Bacteroides coagulans	1000	0
Retroauricular crease	17	SP0256	Porphyromonas asaccharolytica	1000	0
Retroauricular crease	17	SP0257	Peptoniphilus duerdenii	1000	0
Retroauricular crease	17	SP0258	Mobiluncus mulieris	1000	0
Retroauricular crease	17	SP0259	Peptoniphilus harei	1000	0
Retroauricular crease	17	SP0260	Actinomyces neuii	1000	0
Retroauricular crease	17	SP0261	Anaerococcus lactolyticus	1000	0
Retroauricular crease	17	SP0262	Atopobium deltae	1000	0
Retroauricular crease	17	SP0263	Ureaplasma parvum	1000	0
Retroauricular crease	17	SP0264	Varibaculum cambriense	1000	0
Retroauricular crease	17	SP0265	Atopobium minutum	1000	0
Retroauricular crease	17	SP0266	Lactobacillus paragasseri	1000	0
Retroauricular crease	17	SP0267	Prevotella bergensis	1000	0
Retroauricular crease	17	SP0268	Peptoniphilus coxii	1000	0
Retroauricular crease	17	SP0269	Neisseria perflava	1000	0
Retroauricular crease	17	SP0270	Prevotella shahii	1000	0
Retroauricular crease	17	SP0271	Lachnospiraceae bacterium oral taxon 096	1000	0
Retroauricular crease	17	SP0272	Eubacterium sulci	1000	0
Retroauricular crease	17	SP0273	Oribacterium parvum	1000	0
Retroauricular crease	17	SP0274	Tannerella sp oral taxon HOT 286	1000	0
Retroauricular crease	17	SP0275	Mogibacterium diversum	1000	0
Retroauricular crease	17	SP0276	Alloprevotella tannerae	1000	0
Retroauricular crease	17	SP0277	Prevotella jejuni	1000	0
Retroauricular crease	17	SP0278	Lachnoanaerobaculum umeaense	1000	0
Retroauricular crease	17	SP0279	Veillonella tobetsuensis	1000	0
Retroauricular crease	17	SP0280	Gemella bergeri	1000	0
Retroauricular crease	17	SP0281	Treponema sp OMZ 838	1000	0
Retroauricular crease	17	SP0282	Neisseria sp oral taxon 014	1000	0
Retroauricular crease	17	SP0283	Treponema socranskii	1000	0
Retroauricular crease	17	SP0284	Peptostreptococcus stomatis	1000	0
Retroauricular crease	17	SP0285	Alloscardovia omnicolens	1000	0
Retroauricular crease	17	SP0286	Campylobacter mucosalis	1000	0
Retroauricular crease	17	SP0287	Streptococcus peroris	1000	0
Retroauricular crease	17	SP0288	Neisseria elongata	1000	0
Retroauricular crease	17	SP0289	Alloprevotella rava	1000	0
Retroauricular crease	17	SP0290	Treponema denticola	1000	0
Retroauricular crease	17	SP0291	Mogibacterium pumilum	1000	0
Retroauricular crease	17	SP0292	Porphyromonas endodontalis	1000	0
Retroauricular crease	17	SP0293	Bacteroidetes oral taxon 274	1000	0
Retroauricular crease	17	SP0294	Prevotella oulorum	1000	0
Retroauricular crease	17	SP0295	Capnocytophaga sp oral taxon 332	1000	0
Retroauricular crease	17	SP0296	Prevotella denticola	1000	0
Retroauricular crease	17	SP0297	Prevotella scopos	1000	0
Retroauricular crease	17	SP0298	Leptotrichia buccalis	1000	0
Retroauricular crease	17	SP0299	Selenomonas sputigena	1000	0
Retroauricular crease	17	SP0300	Porphyromonas catoniae	1000	0
Retroauricular crease	17	SP0301	Streptococcus sp M334	1000	0
Retroauricular crease	17	SP0302	Prevotella veroralis	1000	0
Retroauricular crease	17	SP0303	Slackia exigua	1000	0
Retroauricular crease	17	SP0304	Parvimonas sp oral taxon 110	1000	0
Retroauricular crease	17	SP0305	Leptotrichia goodfellowii	1000	0
Retroauricular crease	17	SP0306	Treponema medium	1000	0
Retroauricular crease	17	SP0307	Haemophilus pittmaniae	1000	0
Retroauricular crease	17	SP0308	Fusobacterium hwasookii	1000	0
Retroauricular crease	17	SP0309	Porphyromonas canoris	1000	0
Retroauricular crease	17	SP0310	Olsenella uli	1000	0
Retroauricular crease	17	SP0311	Prevotella sp oral taxon 306	1000	0
Retroauricular crease	17	SP0312	Selenomonas flueggei	1000	0
Retroauricular crease	17	SP0313	Porphyromonas sp oral taxon 278	1000	0
Retroauricular crease	17	SP0314	Aggregatibacter aphrophilus	1000	0
Retroauricular crease	17	SP0315	Eubacterium yurii	1000	0
Retroauricular crease	17	SP0316	Prevotella buccae	1000	0
Retroauricular crease	17	SP0317	Anaeroglobus geminatus	1000	0
Retroauricular crease	17	SP0318	Parvimonas sp oral taxon 393	1000	0
Retroauricular crease	17	SP0319	Tannerella forsythia	1000	0
Retroauricular crease	17	SP0320	Eubacterium infirmum	1000	0
Retroauricular crease	17	SP0321	Actinomyces sp oral taxon 414	1000	0
Retroauricular crease	17	SP0322	Ottowia sp oral taxon 894	1000	0
Retroauricular crease	17	SP0323	Treponema maltophilum	1000	0
Retroauricular crease	17	SP0324	Selenomonas sp oral taxon 892	1000	0
Retroauricular crease	17	SP0325	Prevotella saccharolytica	1000	0
Retroauricular crease	17	SP0326	Johnsonella ignava	1000	0
Retroauricular crease	17	SP0327	Catonella morbi	1000	0
Retroauricular crease	17	SP0328	Actinomyces hongkongensis	1000	0
Retroauricular crease	17	SP0329	Prevotella micans	1000	0
Retroauricular crease	17	SP0330	Actinomyces georgiae	1000	0
Retroauricular crease	17	SP0331	Selenomonas artemidis	1000	0
Retroauricular crease	17	SP0332	Prevotella maculosa	1000	0
Retroauricular crease	17	SP0333	Prevotella enoeca	1000	0
Retroauricular crease	17	SP0334	Centipeda periodontii	1000	0
Retroauricular crease	17	SP0335	Campylobacter curvus	1000	0
Retroauricular crease	17	SP0336	Selenomonas sp FOBRC6	1000	0
Retroauricular crease	17	SP0337	Neisseria gonorrhoeae	1000	0
Retroauricular crease	17	SP0338	Selenomonas sp oral taxon 920	1000	0
Retroauricular crease	17	SP0339	Selenomonas sp oral taxon 138	1000	0
Retroauricular crease	17	SP0340	Sutterella parvirubra	1000	0
Retroauricular crease	17	SP0341	Treponema vincentii	1000	0
Retroauricular crease	17	SP0342	Neisseria mucosa	1000	0
Retroauricular crease	17	SP0343	Campylobacter rectus	1000	0
Retroauricular crease	17	SP0344	Selenomonas sp oral taxon 126	1000	0
Retroauricular crease	17	SP0345	Prevotella copri	1000	0
Retroauricular crease	17	SP0346	Butyrivibrio crossotus	1000	0
Retroauricular crease	17	SP0347	Bacteroides massiliensis	1000	0
Retroauricular crease	17	SP0348	Catenibacterium mitsuokai	1000	0
Retroauricular crease	17	SP0349	Eubacterium sp CAG 180	1000	0
Retroauricular crease	17	SP0350	Eubacterium siraeum	1000	0
Retroauricular crease	17	SP0351	Bacteroides finegoldii	1000	0
Retroauricular crease	17	SP0352	Bacteroides eggerthii	1000	0
Retroauricular crease	17	SP0353	Bacteroides faecichinchillae	1000	0
Retroauricular crease	17	SP0354	Coprobacter fastidiosus	1000	0
Retroauricular crease	17	SP0355	Desulfovibrionaceae bacterium	1000	0
Retroauricular crease	17	SP0356	Methanobrevibacter smithii	1000	0
Retroauricular crease	17	SP0357	Bacteroides salyersiae	1000	0
Retroauricular crease	17	SP0358	Ruminococcus lactaris	1000	0
Retroauricular crease	17	SP0359	Roseburia sp CAG 471	1000	0
Retroauricular crease	17	SP0360	Clostridium sp CAG 167	1000	0
Retroauricular crease	17	SP0361	Bacteroides nordii	1000	0
Retroauricular crease	17	SP0362	Bifidobacterium adolescentis	1000	0
Retroauricular crease	17	SP0363	Alistipes onderdonkii	1000	0
Retroauricular crease	17	SP0364	Roseburia sp CAG 182	1000	0
Retroauricular crease	17	SP0365	Coprococcus catus	1000	0
Retroauricular crease	17	SP0366	Bacteroides intestinalis	1000	0
Retroauricular crease	17	SP0367	Sharpea azabuensis	1000	0
Retroauricular crease	17	SP0368	Slackia isoflavoniconvertens	1000	0
Retroauricular crease	17	SP0369	Turicibacter sanguinis	1000	0
Retroauricular crease	17	SP0370	Firmicutes bacterium CAG 238	1000	0
Retroauricular crease	17	SP0371	Ruminococcaceae bacterium D5	1000	0
Retroauricular crease	17	SP0372	Firmicutes bacterium CAG 170	1000	0
Retroauricular crease	17	SP0373	Morococcus cerebrosus	1000	0
Retroauricular crease	17	SP0374	Neisseria cinerea	1000	0
Retroauricular crease	17	SP0375	Fusobacterium sp oral taxon 370	1000	0
Retroauricular crease	17	SP0376	Tannerella sp oral taxon 808	1000	0
Retroauricular crease	17	SP0377	Prevotella sp F0091	1000	0
Retroauricular crease	17	SP0378	Streptococcus sp SK643	1000	0
Retroauricular crease	17	SP0379	Neisseria meningitidis	1000	0
Retroauricular crease	17	SP0380	Neisseria macacae	1000	0
Retroauricular crease	17	SP0381	Streptococcus sp oral taxon 058	1000	0
Retroauricular crease	17	SP0382	Candida albicans	1000	0
Retroauricular crease	17	SP0383	Neisseria bacilliformis	1000	0
Retroauricular crease	17	SP0384	Neisseria sp HMSC064E01	1000	0
Retroauricular crease	17	SP0385	Selenomonas sp F0473	1000	0
Retroauricular crease	17	SP0386	Bacteroides coprocola	1000	0
Retroauricular crease	17	SP0387	Acidaminococcus intestini	1000	0
Retroauricular crease	17	SP0388	Ruminococcus sp CAG 330	1000	0
Retroauricular crease	17	SP0389	Anaeromassilibacillus sp An250	1000	0
Retroauricular crease	17	SP0390	Anaerotruncus colihominis	1000	0
Retroauricular crease	17	SP0391	Harryflintia acetispora	1000	0
Retroauricular crease	17	SP0392	Firmicutes bacterium CAG 94	1000	0
Retroauricular crease	17	SP0393	Lachnoclostridium sp An138	1000	0
Retroauricular crease	17	SP0394	Massiliomicrobiota timonensis	1000	0
Retroauricular crease	17	SP0395	Ruminococcaceae bacterium D16	1000	0
Retroauricular crease	17	SP0396	Neisseria lactamica	1000	0
Retroauricular crease	17	SP0397	Streptococcus milleri	1000	0
Retroauricular crease	17	SP0398	Filifactor alocis	1000	0
Retroauricular crease	17	SP0399	Prevotella fusca	1000	0
Retroauricular crease	17	SP0400	Prevotella oralis	1000	0
Retroauricular crease	17	SP0401	Actinomyces sp oral taxon 897	1000	0
Retroauricular crease	17	SP0402	Veillonella rodentium	1000	0
Retroauricular crease	17	SP0403	Shuttleworthia satelles	1000	0
Retroauricular crease	17	SP0404	Olsenella profusa	1000	0
Retroauricular crease	17	SP0405	Corynebacterium pseudodiphtheriticum	1000	0
Retroauricular crease	17	SP0406	Anaerococcus octavius	1000	0
Retroauricular crease	17	SP0407	Lactobacillus vaginalis	1000	0
Retroauricular crease	17	SP0408	Finegoldia magna	1000	0
Retroauricular crease	17	SP0409	Campylobacter ureolyticus	1000	0
Retroauricular crease	17	SP0410	Faecalitalea cylindroides	1000	0
Retroauricular crease	17	SP0411	Clostridium bolteae	1000	0
Retroauricular crease	17	SP0412	Blautia sp CAG 257	1000	0
Retroauricular crease	17	SP0413	Eubacterium dolichum CAG 375	1000	0
Retroauricular crease	17	SP0414	Absiella dolichum	1000	0
Retroauricular crease	17	SP0415	Clostridium bolteae CAG 59	1000	0
Retroauricular crease	17	SP0416	Bacteroides faecis	1000	0
Retroauricular crease	17	SP0417	Clostridium lavalense	1000	0
Retroauricular crease	17	SP0418	Clostridium saccharolyticum	1000	0
Retroauricular crease	17	SP0419	Clostridium clostridioforme	1000	0
Retroauricular crease	17	SP0420	Clostridium symbiosum	1000	0
Retroauricular crease	17	SP0421	Bacteroides plebeius	1000	0
Retroauricular crease	17	SP0422	Blautia hydrogenotrophica	1000	0
Retroauricular crease	17	SP0423	Ruminococcus sp CAG 403	1000	0
Retroauricular crease	17	SP0424	Ruminococcus gnavus	1000	0
Retroauricular crease	17	SP0425	Lactococcus lactis	1000	0
Retroauricular crease	17	SP0426	Roseburia sp CAG 309	1000	0
Retroauricular crease	17	SP0427	Romboutsia ilealis	1000	0
Retroauricular crease	17	SP0428	Peptoanaerobacter stomatis	1000	0
Retroauricular crease	17	SP0429	Streptococcus sp NLAE zl C503	1000	0
Retroauricular crease	17	SP0430	Treponema lecithinolyticum	1000	0
Retroauricular crease	17	SP0431	Prevotella marshii	1000	0
Retroauricular crease	17	SP0432	Limnochorda pilosa	1000	0
Retroauricular crease	17	SP0433	Lactobacillus crispatus	1000	0
Retroauricular crease	17	SP0434	Moraxella nonliquefaciens	1000	0
Retroauricular crease	17	SP0435	Dolosigranulum pigrum	1000	0
Retroauricular crease	17	SP0436	Cutibacterium granulosum	1000	0.98
Retroauricular crease	17	SP0437	Corynebacterium pseudogenitalium	1000	0
Retroauricular crease	17	SP0438	Cutibacterium avidum	1000	0
Retroauricular crease	17	SP0439	Cloacibacterium normanense	1000	0
Retroauricular crease	17	SP0440	Anaerotignum lactatifermentans	1000	0
Retroauricular crease	17	SP0441	Lachnoclostridium sp An14	1000	0
Retroauricular crease	17	SP0442	Intestinibacter bartlettii	1000	0
Retroauricular crease	17	SP0443	Erysipelatoclostridium ramosum	1000	0
Retroauricular crease	17	SP0444	Eisenbergiella tayi	1000	0
Retroauricular crease	17	SP0445	Eubacterium sp CAG 274	1000	0
Retroauricular crease	17	SP0446	Clostridiales bacterium 1 7 47FAA	1000	0
Retroauricular crease	17	SP0447	Blautia sp An249	1000	0
Retroauricular crease	17	SP0448	Cloacibacillus evryensis	1000	0
Retroauricular crease	17	SP0449	Dorea sp CAG 317	1000	0
Retroauricular crease	17	SP0450	Aerococcus urinaeequi	1000	0
Retroauricular crease	17	SP0451	Prevotella stercorea	1000	0
Retroauricular crease	17	SP0452	Prevotella sp CAG 279	1000	0
Retroauricular crease	17	SP0453	Paraprevotella xylaniphila	1000	0
Retroauricular crease	17	SP0454	Bacteroides coprophilus	1000	0
Retroauricular crease	17	SP0455	Eubacterium sp CAG 251	1000	0
Retroauricular crease	17	SP0456	Bacteroides pectinophilus	1000	0
Retroauricular crease	17	SP0457	Clostridium sp CAG 253	1000	0
Retroauricular crease	17	SP0458	Bacteroides sp CAG 144	1000	0
Retroauricular crease	17	SP0459	Lactobacillus ruminis	1000	0
Retroauricular crease	17	SP0460	Coprobacter secundus	1000	0
Retroauricular crease	17	SP0461	Clostridium disporicum	1000	0
Retroauricular crease	17	SP0462	Paraprevotella clara	1000	0
Retroauricular crease	17	SP0463	Ruminococcus sp CAG 563	1000	0
Retroauricular crease	17	SP0464	Clostridium perfringens	1000	0
Retroauricular crease	17	SP0465	Ruminococcus callidus	1000	0
Retroauricular crease	17	SP0466	Clostridium sp CAG 413	1000	0
Retroauricular crease	17	SP0467	Holdemanella biformis	1000	0
Retroauricular crease	17	SP0468	Ruminococcus champanellensis	1000	0
Retroauricular crease	17	SP0469	Clostridium paraputrificum	1000	0
Retroauricular crease	17	SP0470	Prevotella sp CAG 520	1000	0
Retroauricular crease	17	SP0471	Clostridium sp CAG 964	1000	0
Retroauricular crease	17	SP0472	Ruminococcus sp CAG 488	1000	0
Retroauricular crease	17	SP0473	Sanguibacteroides justesenii	1000	0
Retroauricular crease	17	SP0474	Coprobacillus cateniformis	1000	0
Retroauricular crease	17	SP0475	Eisenbergiella massiliensis	1000	0
Retroauricular crease	17	SP0476	Bifidobacterium pseudocatenulatum	1000	0
Retroauricular crease	17	SP0477	Hungatella hathewayi	1000	0
Retroauricular crease	17	SP0478	Clostridium sp CAG 411	1000	0
Retroauricular crease	17	SP0479	Pseudoflavonifractor capillosus	1000	0
Retroauricular crease	17	SP0480	Prevotella sp CAG 1031	1000	0
Retroauricular crease	17	SP0481	Desulfovibrio piger	1000	0
Retroauricular crease	17	SP0482	Prevotella corporis	1000	0
Retroauricular crease	17	SP0483	Campylobacter hominis	1000	0
Retroauricular crease	17	SP0484	Ruminococcus obeum CAG 39	1000	0
Retroauricular crease	17	SP0485	Klebsiella variicola	1000	0
Retroauricular crease	17	SP0486	Lachnoclostridium sp An131	1000	0
Retroauricular crease	17	SP0487	Anaerofustis stercorihominis	1000	0
Retroauricular crease	17	SP0488	Sellimonas intestinalis	1000	0
Retroauricular crease	17	SP0489	Pseudoflavonifractor sp An184	1000	0
Retroauricular crease	17	SP0490	Eubacterium limosum	1000	0
Retroauricular crease	17	SP0491	Clostridium aldenense	1000	0
Retroauricular crease	17	SP0492	Streptococcus sinensis	1000	0
Retroauricular crease	17	SP0493	Clostridium methylpentosum	1000	0
Retroauricular crease	17	SP0494	Mogibacterium timidum	1000	0
Retroauricular crease	17	SP0495	Malassezia restricta	1000	0.979
Retroauricular crease	17	SP0496	Staphylococcus capitis	1000	0.4
Retroauricular crease	17	SP0497	Megamonas hypermegale	1000	0
Retroauricular crease	17	SP0498	Megamonas funiformis	1000	0
Retroauricular crease	17	SP0499	Clostridium sp CAG 299	1000	0
Retroauricular crease	17	SP0500	Tyzzerella nexilis	1000	0
Retroauricular crease	17	SP0501	Blautia hansenii	1000	0
Retroauricular crease	17	SP0502	Bifidobacterium bifidum	1000	0
Retroauricular crease	17	SP0503	Bacillus aerius	1000	0
Retroauricular crease	17	SP0504	Candidatus Stoquefichus sp KLE1796	1000	0
Retroauricular crease	17	SP0505	Scardovia wiggsiae	1000	0
Retroauricular crease	17	SP0506	Prevotella intermedia	1000	0
Retroauricular crease	17	SP0507	Parvimonas sp KA00067	1000	0
Retroauricular crease	17	SP0508	Capnocytophaga sp oral taxon 878	1000	0
Retroauricular crease	17	SP0509	Streptococcus viridans	1000	0
Retroauricular crease	17	SP0510	Blautia sp N6H1 15	1000	0
Retroauricular crease	17	SP0511	Clostridium scindens	1000	0
Retroauricular crease	17	SP0512	Fusobacterium ulcerans	1000	0
Retroauricular crease	17	SP0513	Malassezia globosa	1000	0.645
Retroauricular crease	17	SP0514	Micrococcus luteus	1000	0
Retroauricular crease	17	SP0515	Kocuria palustris	1000	0
Retroauricular crease	17	SP0516	Moraxella osloensis	1000	0
Retroauricular crease	17	SP0517	Anaerococcus nagyae	1000	0
Retroauricular crease	17	SP0518	Acinetobacter radioresistens	1000	0
Retroauricular crease	17	SP0519	Enhydrobacter aerosaccus	1000	0
Retroauricular crease	17	SP0520	Propionibacterium humerusii	1000	0
Retroauricular crease	17	SP0521	Odoribacter laneus	1000	0
Retroauricular crease	17	SP0522	Candidatus Methanomassiliicoccus intestinalis	1000	0
Retroauricular crease	17	SP0523	Roseburia sp CAG 303	1000	0
Retroauricular crease	17	SP0524	Ruminococcus sp CAG 624	1000	0
Retroauricular crease	17	SP0525	Lactobacillus acidophilus	1000	0
Retroauricular crease	17	SP0526	Desulfovibrio fairfieldensis	1000	0
Retroauricular crease	17	SP0527	Allisonella histaminiformans	1000	0
Retroauricular crease	17	SP0528	Haemophilus aegyptius	1000	0
Retroauricular crease	17	SP0529	Candida tropicalis	1000	0
Retroauricular crease	17	SP0530	Prevotella sp AM42 24	1000	0
Retroauricular crease	17	SP0531	Bacteroides faecis CAG 32	1000	0
Retroauricular crease	17	SP0532	Dialister sp CAG 357	1000	0
Retroauricular crease	17	SP0533	Enterococcus faecium	1000	0
Retroauricular crease	17	SP0534	Bifidobacterium catenulatum	1000	0
Retroauricular crease	17	SP0535	Eubacterium saphenum	1000	0
Retroauricular crease	17	SP0536	Bacteroidetes bacterium oral taxon 272	1000	0
Retroauricular crease	17	SP0537	Dialister pneumosintes	1000	0
Retroauricular crease	17	SP0538	Anaerolineaceae bacterium oral taxon 439	1000	0
Retroauricular crease	17	SP0539	Streptococcus massiliensis	1000	0
Retroauricular crease	17	SP0540	Capnocytophaga haemolytica	1000	0
Retroauricular crease	17	SP0541	Prevotella dentalis	1000	0
Retroauricular crease	17	SP0542	Pseudoramibacter alactolyticus	1000	0
Retroauricular crease	17	SP0543	Treponema putidum	1000	0
Retroauricular crease	17	SP0544	Prevotella sp oral taxon 820	1000	0
Retroauricular crease	17	SP0545	Prevotella amnii	1000	0
Retroauricular crease	17	SP0546	Moraxella lincolnii	1000	0
Retroauricular crease	17	SP0547	Prevotella sp 885	1000	0
Retroauricular crease	17	SP0548	Butyrivibrio sp CAG 318	1000	0
Retroauricular crease	17	SP0549	Bacteroides sartorii	1000	0
Retroauricular crease	17	SP0550	Clostridium sp CAG 590	1000	0
Retroauricular crease	17	SP0551	Clostridiales bacterium CHKCI006	1000	0
Retroauricular crease	17	SP0552	Clostridium sp CAG 242	1000	0
Retroauricular crease	17	SP0553	Clostridium sp chh4 2	1000	0
Retroauricular crease	17	SP0554	Flavonifractor sp An10	1000	0
Retroauricular crease	17	SP0555	Methanosphaera stadtmanae	1000	0
Retroauricular crease	17	SP0556	Blautia producta	1000	0
Retroauricular crease	17	SP0557	Clostridium asparagiforme	1000	0
Retroauricular crease	17	SP0558	Lactonifactor longoviformis	1000	0
Retroauricular crease	17	SP0559	Simonsiella muelleri	1000	0
Retroauricular crease	17	SP0560	Chlamydia ibidis	1000	0
Retroauricular crease	17	SP0561	Megamonas funiformis CAG 377	1000	0
Retroauricular crease	17	SP0562	Porphyromonas gingivalis	1000	0
Retroauricular crease	17	SP0563	Prevotella multiformis	1000	0
Retroauricular crease	17	SP0564	Eubacterium nodatum	1000	0
Retroauricular crease	17	SP0565	Leptotrichia sp oral taxon 847	1000	0
Retroauricular crease	17	SP0566	Streptococcus sp HMSC070B10	1000	0
Retroauricular crease	17	SP0567	Desulfobulbus oralis	1000	0
Retroauricular crease	17	SP0568	Prevotella sp oral taxon 376	1000	0
Retroauricular crease	17	SP0569	Eggerthia catenaformis	1000	0
Retroauricular crease	17	SP0570	Prevotella baroniae	1000	0
Retroauricular crease	17	SP0571	Propionibacterium acidifaciens	1000	0
Retroauricular crease	17	SP0572	Peptostreptococcaceae bacterium oral taxon 113	1000	0
Retroauricular crease	17	SP0573	Corynebacterium tuberculostearicum	1000	0
Retroauricular crease	17	SP0574	Kingella kingae	1000	0
Retroauricular crease	17	SP0575	Faecalicoccus pleomorphus	1000	0
Retroauricular crease	17	SP0576	Corynebacterium kroppenstedtii	1000	0
Retroauricular crease	17	SP0577	Paracoccus versutus	1000	0
Retroauricular crease	17	SP0578	Streptococcus salivarius CAG 79	1000	0
Retroauricular crease	17	SP0579	Paracoccus pantotrophus	1000	0
Retroauricular crease	17	SP0580	Coprobacter sp	1000	0
Retroauricular crease	17	SP0581	Phascolarctobacterium succinatutens	1000	0
Retroauricular crease	17	SP0582	Catabacter hongkongensis	1000	0
Retroauricular crease	17	SP0583	Clostridium sp D5	1000	0
Retroauricular crease	17	SP0584	Peptoniphilus sp HMSC062D09	1000	0
Retroauricular crease	17	SP0585	Eubacterium sp OM08 24	1000	0
Retroauricular crease	17	SP0586	Anaerofilum sp An201	1000	0
Retroauricular crease	17	SP0587	Mycobacteroides chelonae	1000	0
Retroauricular crease	17	SP0588	Neisseria polysaccharea	1000	0
Retroauricular crease	17	SP0589	Haemophilus sp C1	1000	0
Retroauricular crease	17	SP0590	Bifidobacterium angulatum	1000	0
Retroauricular crease	17	SP0591	Mitsuokella multacida	1000	0
Retroauricular crease	17	SP0592	Megasphaera elsdenii	1000	0
Retroauricular crease	17	SP0593	Porphyromonas sp HMSC065F10	1000	0
Retroauricular crease	17	SP0594	Clostridium ventriculi	1000	0
Retroauricular crease	17	SP0595	Mitsuokella jalaludinii	1000	0
Retroauricular crease	17	SP0596	Actinomyces cardiffensis	1000	0
Retroauricular crease	17	SP0597	Flavonifractor sp An100	1000	0
Retroauricular crease	17	SP0598	Pseudomonas fluorescens group	1000	0
Retroauricular crease	17	SP0599	Brochothrix thermosphacta	1000	0
Retroauricular crease	17	SP0600	Carnobacterium divergens	1000	0
Retroauricular crease	17	SP0601	Pseudomonas fragi	1000	0
Retroauricular crease	17	SP0602	Carnobacterium maltaromaticum	1000	0
Retroauricular crease	17	SP0603	Psychrobacter sp 1501 2011	1000	0
Retroauricular crease	17	SP0604	Serratia proteamaculans	1000	0
Retroauricular crease	17	SP0605	Bacteroides sp CAG 443	1000	0
Retroauricular crease	17	SP0606	Aeriscardovia aeriphila	1000	0
Retroauricular crease	17	SP0607	Subdoligranulum variabile	1000	0
Retroauricular crease	17	SP0608	Sphingomonas koreensis	1000	0
Retroauricular crease	17	SP0609	Anaerostipes caccae	1000	0
Retroauricular crease	17	SP0610	Firmicutes bacterium CAG 424	1000	0
Retroauricular crease	17	SP0611	Fusobacterium naviforme	1000	0
Retroauricular crease	17	SP0612	Clostridium hylemonae	1000	0
Retroauricular crease	17	SP0613	Megasphaera sp DISK 18	1000	0
Retroauricular crease	17	SP0614	Megasphaera sp MJR8396C	1000	0
Retroauricular crease	17	SP0615	Moraxella catarrhalis	1000	0
Retroauricular crease	17	SP0616	Klebsiella aerogenes	1000	0
Retroauricular crease	17	SP0617	Proteus mirabilis	1000	0
Retroauricular crease	17	SP0618	Staphylococcus lugdunensis	1000	0
Retroauricular crease	17	SP0619	Butyricicoccus pullicaecorum	1000	0
Retroauricular crease	17	SP0620	Malassezia sympodialis	1000	0
Retroauricular crease	17	SP0621	Corynebacterium argentoratense	1000	0
Retroauricular crease	17	SP0622	Leuconostoc mesenteroides	1000	0
Retroauricular crease	17	SP0623	Propionibacterium sp oral taxon 192	1000	0
Retroauricular crease	17	SP0624	Prevotella sp CAG 617	1000	0
Retroauricular crease	17	SP0625	Prevotella sp CAG 1185	1000	0
Retroauricular crease	17	SP0626	Lawsonella clevelandensis	1000	0
Retroauricular crease	17	SP0627	Citrobacter portucalensis	1000	0
Retroauricular crease	17	SP0628	Citrobacter youngae	1000	0
Retroauricular crease	17	SP0629	Klebsiella quasipneumoniae	1000	0
Retroauricular crease	17	SP0630	Clostridium sp 7 2 43FAA	1000	0
Retroauricular crease	17	SP0631	Staphylococcus pseudintermedius	1000	0
Retroauricular crease	17	SP0632	Tepidiphilus thermophilus	1000	0
Retroauricular crease	17	SP0633	Fusobacterium necrophorum	1000	0
Retroauricular crease	17	SP0634	Brachyspira sp CAG 700	1000	0
Retroauricular crease	17	SP0635	Elizabethkingia miricola	1000	0
Retroauricular crease	17	SP0636	Parabacteroides gordonii	1000	0
Retroauricular crease	17	SP0637	Phascolarctobacterium sp CAG 266	1000	0
Retroauricular crease	17	SP0638	Corynebacterium kefirresidentii	1000	0
Retroauricular crease	17	SP0639	Anaerotruncus sp CAG 528	1000	0
Retroauricular crease	17	SP0640	Enterococcus faecalis	1000	0
Retroauricular crease	17	SP0641	Citrobacter europaeus	1000	0
Retroauricular crease	17	SP0642	Lachnoclostridium sp An118	1000	0
Retroauricular crease	17	SP0643	Enterococcus gallinarum	1000	0
Retroauricular crease	17	SP0644	Klebsiella oxytoca	1000	0
Retroauricular crease	17	SP0645	Negativicoccus succinicivorans	1000	0
Retroauricular crease	17	SP0646	Kingella potus	1000	0
Retroauricular crease	17	SP0647	Corynebacterium singulare	1000	0
Retroauricular crease	17	SP0648	Bacteroides sp OM05 12	1000	0
Retroauricular crease	17	SP0649	Bifidobacterium animalis	1000	0
Retroauricular crease	17	SP0650	Stenotrophomonas maltophilia	1000	0
Retroauricular crease	17	SP0651	Staphylococcus saprophyticus	1000	0
Retroauricular crease	17	SP0652	Bacteroides sp D2	1000	0
Retroauricular crease	17	SP0653	Eubacterium coprostanoligenes	1000	0
Retroauricular crease	17	SP0654	Anaerobiospirillum thomasii	1000	0
Retroauricular crease	17	SP0655	Fusobacterium mortiferum	1000	0
Retroauricular crease	17	SP0656	Helicobacter pylori	1000	0
Retroauricular crease	17	SP0657	Clostridium hiranonis	1000	0
Retroauricular crease	17	SP0658	Veillonella denticariosi	1000	0
Retroauricular crease	17	SP0659	Peptostreptococcus anaerobius	1000	0
Retroauricular crease	17	SP0660	Peptostreptococcus sp MV1	1000	0
Retroauricular crease	17	SP0661	Criibacterium bergeronii	1000	0
Retroauricular crease	17	SP0662	Blautia coccoides	1000	0
Retroauricular crease	17	SP0663	Anaerococcus vaginalis	1000	0
Retroauricular crease	17	SP0664	Bifidobacterium dentium	1000	0
Retroauricular crease	17	SP0665	Lactobacillus delbrueckii	1000	0
Retroauricular crease	17	SP0666	Blastocystis sp subtype 1	1000	0
Retroauricular crease	17	SP0667	Staphylococcus hominis	1000	0
Retroauricular crease	17	SP0668	Corynebacterium amycolatum	1000	0
Retroauricular crease	17	SP0669	Agitococcus lubricus	1000	0
Retroauricular crease	17	SP0670	Listeria monocytogenes	1000	0
Retroauricular crease	17	SP0671	Bacteroides caecimuris	1000	0
Retroauricular crease	17	SP0672	Acinetobacter junii	1000	0
Retroauricular crease	17	SP0673	Acinetobacter lwoffii	1000	0
Retroauricular crease	17	SP0674	Dermabacter hominis	1000	0
Retroauricular crease	17	SP0675	Micrococcus lylae	1000	0
Retroauricular crease	17	SP0676	Corynebacterium sp HMSC08A12	1000	0
Retroauricular crease	17	SP0677	Corynebacterium hadale	1000	0
Retroauricular crease	17	SP0678	Pyramidobacter piscolens	1000	0
Retroauricular crease	17	SP0679	Corynebacterium simulans	1000	0
Retroauricular crease	17	SP0680	Comamonas kerstersii	1000	0
Retroauricular crease	17	SP0681	Bifidobacterium breve	1000	0
Retroauricular crease	17	SP0682	Enterobacter cloacae complex	1000	0
Retroauricular crease	17	SP0683	Enterobacter bugandensis	1000	0
Retroauricular crease	17	SP0684	Actinomyces turicensis	1000	0
Retroauricular crease	17	SP0685	Staphylococcus haemolyticus	1000	0
Retroauricular crease	17	SP0686	Burkholderia cenocepacia	1000	0
Retroauricular crease	17	SP0687	Burkholderia pyrrocinia	1000	0
Retroauricular crease	17	SP0688	Jonquetella anthropi	1000	0
Retroauricular crease	17	SP0689	Bacteroides stercorirosoris	1000	0
Retroauricular crease	17	SP0690	Bacteroides oleiciplenus	1000	0
Retroauricular crease	17	SP0691	Corynebacterium afermentans	1000	0
Retroauricular crease	17	SP0692	Lactobacillus curvatus	1000	0
Retroauricular crease	17	SP0693	Clostridioides difficile	1000	0
Retroauricular crease	17	SP0694	Lactobacillus plantarum	1000	0
Retroauricular crease	17	SP0695	Candida dubliniensis	1000	0
Retroauricular crease	17	SP0696	Lactobacillus fermentum	1000	0
Retroauricular crease	17	SP0697	Hafnia paralvei	1000	0
Retroauricular crease	17	SP0698	Candidatus Gastranaerophilales bacterium	1000	0
Retroauricular crease	17	SP0699	Kocuria indica	1000	0
Retroauricular crease	17	SP0700	Streptococcus agalactiae	1000	0
Retroauricular crease	17	SP0701	Enterococcus dispar	1000	0
Retroauricular crease	17	SP0702	Firmicutes bacterium CAG 646	1000	0
Retroauricular crease	17	SP0703	Peptoniphilus sp DNF00840	1000	0
Retroauricular crease	17	SP0704	Bacteroidales bacterium KA00251	1000	0
Retroauricular crease	17	SP0705	Ureaplasma urealyticum	1000	0
Retroauricular crease	17	SP0706	Veillonella montpellierensis	1000	0
Retroauricular crease	17	SP0707	Actinomyces urogenitalis	1000	0
Retroauricular crease	17	SP0708	Actinomyces radingae	1000	0
Retroauricular crease	17	SP0709	Megasphaera sp BV3C16 1	1000	0
Retroauricular crease	17	SP0710	Bifidobacterium scardovii	1000	0
Retroauricular crease	17	SP0711	Staphylococcus warneri	1000	0
Retroauricular crease	17	SP0712	Veillonella sp CAG 933	1000	0
Retroauricular crease	17	SP0713	Lachnospiraceae bacterium 2 1 46FAA	1000	0
Retroauricular crease	17	SP0714	Clostridium neonatale	1000	0
Retroauricular crease	17	SP0715	Lactobacillus algidus	1000	0
Retroauricular crease	17	SP0716	Lactobacillus reuteri	1000	0
Retroauricular crease	17	SP0717	Moraxella lacunata	1000	0
Retroauricular crease	17	SP0718	Staphylococcus pasteuri	1000	0
Retroauricular crease	17	SP0719	Pantoea ananatis	1000	0
Retroauricular crease	17	SP0720	Parascardovia denticolens	1000	0
Retroauricular crease	17	SP0721	Brevundimonas diminuta	1000	0
Retroauricular crease	17	SP0722	Mixta calida	1000	0
Retroauricular crease	17	SP0723	Acinetobacter ursingii	1000	0
Retroauricular crease	17	SP0724	Corynebacterium striatum	1000	0
Retroauricular crease	17	SP0725	Acinetobacter parvus	1000	0
Retroauricular crease	17	SP0726	Roseomonas mucosa	1000	0
Retroauricular crease	17	SP0727	Acinetobacter bereziniae	1000	0
Retroauricular crease	17	SP0728	Paracoccus sanguinis	1000	0
Retroauricular crease	17	SP0729	Lactobacillus mucosae	1000	0
Retroauricular crease	17	SP0730	Acidovorax caeni	1000	0
Retroauricular crease	17	SP0731	Porphyromonas cangingivalis	1000	0
Retroauricular crease	17	SP0732	Porphyromonas gulae	1000	0
Retroauricular crease	17	SP0733	Porphyromonas gingivicanis	1000	0
Retroauricular crease	17	SP0734	Staphylococcus cohnii	1000	0
Retroauricular crease	17	SP0735	Neisseria dumasiana	1000	0
Retroauricular crease	17	SP0736	Lactobacillus rhamnosus	1000	0
Retroauricular crease	17	SP0737	Fusobacterium gonidiaformans	1000	0
Retroauricular crease	17	SP0738	Bacteroides zoogleoformans	1000	0
Retroauricular crease	17	SP0739	Cloacibacillus porcorum	1000	0
Retroauricular crease	17	SP0740	Leuconostoc garlicum	1000	0
Retroauricular crease	17	SP0741	Dialister succinatiphilus	1000	0
Retroauricular crease	17	SP0742	Gemmiger sp An194	1000	0
Retroauricular crease	17	SP0743	Mycolicibacterium mucogenicum	1000	0
Retroauricular crease	17	SP0744	Massilia timonae	1000	0
Retroauricular crease	17	SP0745	Sphingobium yanoikuyae	1000	0
Retroauricular crease	17	SP0746	Herbaspirillum sp	1000	0
Retroauricular crease	17	SP0747	Synechococcus sp JA 2 3B a 2 13	1000	0
Retroauricular crease	17	SP0748	Roseiflexus sp RS 1	1000	0
Retroauricular crease	17	SP0749	Streptococcus lutetiensis	1000	0
Buccal mucosa	84	SP0001	Parabacteroides merdae	1000	0
Buccal mucosa	84	SP0002	Bacteroides vulgatus	1000	0
Buccal mucosa	84	SP0003	Bacteroides cellulosilyticus	1000	0
Buccal mucosa	84	SP0004	Parabacteroides distasonis	1000	0
Buccal mucosa	84	SP0005	Bacteroides sp CAG 927	1000	0
Buccal mucosa	84	SP0006	Bacteroides ovatus	1000	0
Buccal mucosa	84	SP0007	Bacteroides caccae	1000	0
Buccal mucosa	84	SP0008	Alistipes putredinis	1000	0
Buccal mucosa	84	SP0009	Parasutterella excrementihominis	1000	0
Buccal mucosa	84	SP0010	Faecalibacterium prausnitzii	1000	0
Buccal mucosa	84	SP0011	Alistipes shahii	1000	0
Buccal mucosa	84	SP0012	Ruminococcus bicirculans	1000	0
Buccal mucosa	84	SP0013	Roseburia intestinalis	1000	0
Buccal mucosa	84	SP0014	Lachnospira pectinoschiza	1000	0
Buccal mucosa	84	SP0015	Eubacterium sp CAG 38	1000	0
Buccal mucosa	84	SP0016	Proteobacteria bacterium CAG 139	1000	0
Buccal mucosa	84	SP0017	Odoribacter splanchnicus	1000	0
Buccal mucosa	84	SP0018	Oscillibacter sp 57 20	1000	0
Buccal mucosa	84	SP0019	Turicimonas muris	1000	0
Buccal mucosa	84	SP0020	Akkermansia muciniphila	1000	0
Buccal mucosa	84	SP0021	Roseburia hominis	1000	0
Buccal mucosa	84	SP0022	Coprococcus eutactus	1000	0
Buccal mucosa	84	SP0023	Eubacterium rectale	1000	0
Buccal mucosa	84	SP0024	Bacteroides fragilis	1000	0
Buccal mucosa	84	SP0025	Ruthenibacterium lactatiformans	1000	0
Buccal mucosa	84	SP0026	Alistipes indistinctus	1000	0
Buccal mucosa	84	SP0027	Eubacterium ventriosum	1000	0
Buccal mucosa	84	SP0028	Fusicatenibacter saccharivorans	1000	0
Buccal mucosa	84	SP0029	Gemmiger formicilis	1000	0
Buccal mucosa	84	SP0030	Eubacterium eligens	1000	0
Buccal mucosa	84	SP0031	Butyricimonas synergistica	1000	0
Buccal mucosa	84	SP0032	Agathobaculum butyriciproducens	1000	0
Buccal mucosa	84	SP0033	Butyricimonas virosa	1000	0
Buccal mucosa	84	SP0034	Anaerostipes hadrus	1000	0
Buccal mucosa	84	SP0035	Dorea formicigenerans	1000	0
Buccal mucosa	84	SP0036	Streptococcus parasanguinis	1000	0.366
Buccal mucosa	84	SP0037	Eubacterium ramulus	1000	0
Buccal mucosa	84	SP0038	Oscillibacter sp CAG 241	1000	0
Buccal mucosa	84	SP0039	Firmicutes bacterium CAG 145	1000	0
Buccal mucosa	84	SP0040	Veillonella dispar	1000	0.848
Buccal mucosa	84	SP0041	Intestinimonas butyriciproducens	1000	0
Buccal mucosa	84	SP0042	Blautia obeum	1000	0
Buccal mucosa	84	SP0043	Bacteroides galacturonicus	1000	0
Buccal mucosa	84	SP0044	Veillonella atypica	1000	0
Buccal mucosa	84	SP0045	Veillonella parvula	1000	1
Buccal mucosa	84	SP0046	Alistipes inops	1000	0
Buccal mucosa	84	SP0047	Haemophilus parainfluenzae	1000	1
Buccal mucosa	84	SP0048	Lactobacillus rogosae	1000	0
Buccal mucosa	84	SP0049	Victivallis vadensis	1000	0
Buccal mucosa	84	SP0050	Dielma fastidiosa	1000	0
Buccal mucosa	84	SP0051	Prevotella disiens	1000	0
Buccal mucosa	84	SP0052	Parabacteroides goldsteinii	1000	0
Buccal mucosa	84	SP0053	Oxalobacter formigenes	1000	0
Buccal mucosa	84	SP0054	Collinsella aerofaciens	1000	0
Buccal mucosa	84	SP0055	Lawsonibacter asaccharolyticus	1000	0
Buccal mucosa	84	SP0056	Flavonifractor plautii	1000	0
Buccal mucosa	84	SP0057	Streptococcus salivarius	1000	0.022
Buccal mucosa	84	SP0058	Dialister invisus	1000	0
Buccal mucosa	84	SP0059	Veillonella sp T11011 6	1000	0
Buccal mucosa	84	SP0060	Veillonella infantium	1000	0.197
Buccal mucosa	84	SP0061	Bacteroides stercoris	1000	0
Buccal mucosa	84	SP0062	Bacteroides uniformis	1000	0
Buccal mucosa	84	SP0063	Barnesiella intestinihominis	1000	0
Buccal mucosa	84	SP0064	Ruminococcus bromii	1000	0
Buccal mucosa	84	SP0065	Bacteroides thetaiotaomicron	1000	0
Buccal mucosa	84	SP0066	Parabacteroides johnsonii	1000	0
Buccal mucosa	84	SP0067	Phascolarctobacterium faecium	1000	0
Buccal mucosa	84	SP0068	Roseburia inulinivorans	1000	0
Buccal mucosa	84	SP0069	Bacteroides clarus	1000	0
Buccal mucosa	84	SP0070	Roseburia faecis	1000	0
Buccal mucosa	84	SP0071	Firmicutes bacterium CAG 110	1000	0
Buccal mucosa	84	SP0072	Bacteroides xylanisolvens	1000	0
Buccal mucosa	84	SP0073	Firmicutes bacterium CAG 95	1000	0
Buccal mucosa	84	SP0074	Monoglobus pectinilyticus	1000	0
Buccal mucosa	84	SP0075	Bacteroides dorei	1000	0
Buccal mucosa	84	SP0076	Ruminococcus torques	1000	0
Buccal mucosa	84	SP0077	Clostridium sp CAG 58	1000	0
Buccal mucosa	84	SP0078	Alistipes timonensis	1000	0
Buccal mucosa	84	SP0079	Firmicutes bacterium CAG 83	1000	0
Buccal mucosa	84	SP0080	Alistipes finegoldii	1000	0
Buccal mucosa	84	SP0081	Dorea longicatena	1000	0
Buccal mucosa	84	SP0082	Eubacterium hallii	1000	0
Buccal mucosa	84	SP0083	Gordonibacter pamelaeae	1000	0
Buccal mucosa	84	SP0084	Clostridium spiroforme	1000	0
Buccal mucosa	84	SP0085	Collinsella stercoris	1000	0
Buccal mucosa	84	SP0086	Coprococcus comes	1000	0
Buccal mucosa	84	SP0087	Oscillibacter sp PC13	1000	0
Buccal mucosa	84	SP0088	Holdemania filiformis	1000	0
Buccal mucosa	84	SP0089	Adlercreutzia equolifaciens	1000	0
Buccal mucosa	84	SP0090	Christensenella minuta	1000	0
Buccal mucosa	84	SP0091	Asaccharobacter celatus	1000	0
Buccal mucosa	84	SP0092	[Collinsella] massiliensis	1000	0
Buccal mucosa	84	SP0093	Clostridium leptum	1000	0
Buccal mucosa	84	SP0094	Eggerthella lenta	1000	0
Buccal mucosa	84	SP0095	Collinsella intestinalis	1000	0
Buccal mucosa	84	SP0096	Bilophila wadsworthia	1000	0
Buccal mucosa	84	SP0097	Blautia wexlerae	1000	0
Buccal mucosa	84	SP0098	Streptococcus mitis	1000	1
Buccal mucosa	84	SP0099	Clostridium citroniae	1000	0
Buccal mucosa	84	SP0100	Streptococcus infantis	1000	0.999
Buccal mucosa	84	SP0101	Enorma massiliensis	1000	0
Buccal mucosa	84	SP0102	Gemella sanguinis	1000	1
Buccal mucosa	84	SP0103	Clostridium innocuum	1000	0
Buccal mucosa	84	SP0104	Enterorhabdus caecimuris	1000	0
Buccal mucosa	84	SP0105	Olsenella scatoligenes	1000	0
Buccal mucosa	84	SP0106	Fretibacterium fastidiosum	1000	0
Buccal mucosa	84	SP0107	Rothia mucilaginosa	1000	1
Buccal mucosa	84	SP0108	Actinomyces sp ICM47	1000	0.001
Buccal mucosa	84	SP0109	Prevotella melaninogenica	1000	0.99
Buccal mucosa	84	SP0110	Actinomyces sp oral taxon 181	1000	0
Buccal mucosa	84	SP0111	Actinomyces graevenitzii	1000	0
Buccal mucosa	84	SP0112	Prevotella salivae	1000	0
Buccal mucosa	84	SP0113	Prevotella histicola	1000	0
Buccal mucosa	84	SP0114	Oribacterium sinus	1000	0
Buccal mucosa	84	SP0115	Actinomyces sp HMSC035G02	1000	0
Buccal mucosa	84	SP0116	Veillonella rogosae	1000	0
Buccal mucosa	84	SP0117	Campylobacter concisus	1000	0.254
Buccal mucosa	84	SP0118	Megasphaera micronuciformis	1000	0
Buccal mucosa	84	SP0119	Fusobacterium periodonticum	1000	0.882
Buccal mucosa	84	SP0120	Actinomyces odontolyticus	1000	0.019
Buccal mucosa	84	SP0121	Atopobium parvulum	1000	0
Buccal mucosa	84	SP0122	Prevotella pallens	1000	0
Buccal mucosa	84	SP0123	Granulicatella elegans	1000	0.97
Buccal mucosa	84	SP0124	Stomatobaculum longum	1000	0
Buccal mucosa	84	SP0125	Leptotrichia wadei	1000	0
Buccal mucosa	84	SP0126	Actinomyces sp S6 Spd3	1000	0
Buccal mucosa	84	SP0127	Streptococcus thermophilus	1000	0
Buccal mucosa	84	SP0128	Neisseria flavescens	1000	0.67
Buccal mucosa	84	SP0129	Streptococcus oralis	1000	1
Buccal mucosa	84	SP0130	Neisseria subflava	1000	0.001
Buccal mucosa	84	SP0131	Lachnoanaerobaculum saburreum	1000	0
Buccal mucosa	84	SP0132	Streptococcus sanguinis	1000	1
Buccal mucosa	84	SP0133	Streptococcus australis	1000	0.012
Buccal mucosa	84	SP0134	Streptococcus gordonii	1000	0.93
Buccal mucosa	84	SP0135	Leptotrichia sp oral taxon 215	1000	0
Buccal mucosa	84	SP0136	Streptococcus sp F0442	1000	0
Buccal mucosa	84	SP0137	Porphyromonas somerae	1000	0.921
Buccal mucosa	84	SP0138	Kingella oralis	1000	0
Buccal mucosa	84	SP0139	Prevotella sp oral taxon 299	1000	0
Buccal mucosa	84	SP0140	Oribacterium asaccharolyticum	1000	0
Buccal mucosa	84	SP0141	Rothia dentocariosa	1000	1
Buccal mucosa	84	SP0142	Solobacterium moorei	1000	0
Buccal mucosa	84	SP0143	Haemophilus sputorum	1000	0.004
Buccal mucosa	84	SP0144	Staphylococcus aureus	1000	0
Buccal mucosa	84	SP0145	Streptococcus sp HPH0090	1000	0
Buccal mucosa	84	SP0146	Gemella haemolysans	1000	1
Buccal mucosa	84	SP0147	Streptococcus sp A12	1000	0
Buccal mucosa	84	SP0148	Lactobacillus helveticus	1000	0
Buccal mucosa	84	SP0149	Leptotrichia sp oral taxon 212	1000	0
Buccal mucosa	84	SP0150	Fusobacterium nucleatum	1000	0.356
Buccal mucosa	84	SP0151	Capnocytophaga leadbetteri	1000	0.271
Buccal mucosa	84	SP0152	Granulicatella adiacens	1000	0
Buccal mucosa	84	SP0153	Prevotella nigrescens	1000	0
Buccal mucosa	84	SP0154	Streptococcus vestibularis	1000	0.001
Buccal mucosa	84	SP0155	Streptococcus sp HMSC034E03	1000	0.001
Buccal mucosa	84	SP0156	Actinomyces sp HPA0247	1000	0
Buccal mucosa	84	SP0157	Capnocytophaga gingivalis	1000	0.088
Buccal mucosa	84	SP0158	Actinomyces oris	1000	1
Buccal mucosa	84	SP0159	Rothia aeria	1000	0.449
Buccal mucosa	84	SP0160	Haemophilus influenzae	1000	0
Buccal mucosa	84	SP0161	Haemophilus quentini	1000	0.045
Buccal mucosa	84	SP0162	Streptococcus cristatus	1000	0
Buccal mucosa	84	SP0163	Streptococcus mutans	1000	0
Buccal mucosa	84	SP0164	Streptococcus sp HMSC067H01	1000	0
Buccal mucosa	84	SP0165	Atopobium rimae	1000	0
Buccal mucosa	84	SP0166	Haemophilus haemolyticus	1000	1
Buccal mucosa	84	SP0167	Capnocytophaga granulosa	1000	0
Buccal mucosa	84	SP0168	Neisseria sicca	1000	0.992
Buccal mucosa	84	SP0169	Leptotrichia hofstadii	1000	0
Buccal mucosa	84	SP0170	Cardiobacterium hominis	1000	0
Buccal mucosa	84	SP0171	Capnocytophaga sputigena	1000	0.006
Buccal mucosa	84	SP0172	Streptococcus sp HMSC071D03	1000	0
Buccal mucosa	84	SP0173	Streptococcus pseudopneumoniae	1000	0.118
Buccal mucosa	84	SP0174	Corynebacterium durum	1000	0
Buccal mucosa	84	SP0175	Prevotella pleuritidis	1000	0
Buccal mucosa	84	SP0176	Gemella morbillorum	1000	1
Buccal mucosa	84	SP0177	Lautropia mirabilis	1000	0.255
Buccal mucosa	84	SP0178	Prevotella sp oral taxon 473	1000	0
Buccal mucosa	84	SP0179	Aggregatibacter sp oral taxon 458	1000	0.006
Buccal mucosa	84	SP0180	Bulleidia extructa	1000	0
Buccal mucosa	84	SP0181	Leptotrichia sp oral taxon 225	1000	0
Buccal mucosa	84	SP0182	Leptotrichia sp oral taxon 498	1000	0
Buccal mucosa	84	SP0183	Actinomyces naeslundii	1000	0
Buccal mucosa	84	SP0184	Haemophilus parahaemolyticus	1000	0
Buccal mucosa	84	SP0185	Bifidobacterium longum	1000	0
Buccal mucosa	84	SP0186	Prevotella oris	1000	0
Buccal mucosa	84	SP0187	Parvimonas micra	1000	0
Buccal mucosa	84	SP0188	Streptococcus pneumoniae	1000	0
Buccal mucosa	84	SP0189	Haemophilus paraphrohaemolyticus	1000	0
Buccal mucosa	84	SP0190	Corynebacterium matruchotii	1000	0.004
Buccal mucosa	84	SP0191	Actinomyces sp oral taxon 170	1000	0
Buccal mucosa	84	SP0192	Actinobaculum sp oral taxon 183	1000	0
Buccal mucosa	84	SP0193	Actinomyces massiliensis	1000	0
Buccal mucosa	84	SP0194	Campylobacter gracilis	1000	0
Buccal mucosa	84	SP0195	Capnocytophaga sp oral taxon 863	1000	0
Buccal mucosa	84	SP0196	Eikenella corrodens	1000	0
Buccal mucosa	84	SP0197	Cardiobacterium valvarum	1000	0
Buccal mucosa	84	SP0198	Pseudopropionibacterium propionicum	1000	0
Buccal mucosa	84	SP0199	Actinomyces viscosus	1000	0
Buccal mucosa	84	SP0200	Campylobacter showae	1000	0
Buccal mucosa	84	SP0201	Actinomyces johnsonii	1000	0
Buccal mucosa	84	SP0202	Prevotella loescheii	1000	0
Buccal mucosa	84	SP0203	Streptococcus sp oral taxon 056	1000	0
Buccal mucosa	84	SP0204	Eubacterium brachy	1000	0
Buccal mucosa	84	SP0205	Abiotrophia defectiva	1000	0
Buccal mucosa	84	SP0206	Capnocytophaga ochracea	1000	0
Buccal mucosa	84	SP0207	Streptococcus anginosus group	1000	0
Buccal mucosa	84	SP0208	Actinomyces meyeri	1000	0
Buccal mucosa	84	SP0209	Actinomyces sp oral taxon 448	1000	0
Buccal mucosa	84	SP0210	Eikenella sp NML130454	1000	0
Buccal mucosa	84	SP0211	Selenomonas noxia	1000	0
Buccal mucosa	84	SP0212	Oribacterium sp oral taxon 078	1000	0
Buccal mucosa	84	SP0213	Abiotrophia sp HMSC24B09	1000	0
Buccal mucosa	84	SP0214	Leptotrichia sp oral taxon 879	1000	0
Buccal mucosa	84	SP0215	Aggregatibacter actinomycetemcomitans	1000	0
Buccal mucosa	84	SP0216	Actinomyces sp oral taxon 180	1000	0
Buccal mucosa	84	SP0217	Aggregatibacter segnis	1000	0
Buccal mucosa	84	SP0218	Actinomyces denticolens	1000	0
Buccal mucosa	84	SP0219	Selenomonas infelix	1000	0
Buccal mucosa	84	SP0220	Kingella denitrificans	1000	0
Buccal mucosa	84	SP0221	Capnocytophaga sp oral taxon 338	1000	0
Buccal mucosa	84	SP0222	Staphylococcus argenteus	1000	0
Buccal mucosa	84	SP0223	Staphylococcus epidermidis	1000	0
Buccal mucosa	84	SP0224	Cutibacterium acnes	1000	0
Buccal mucosa	84	SP0225	Corynebacterium accolens	1000	0
Buccal mucosa	84	SP0226	Escherichia coli	1000	0
Buccal mucosa	84	SP0227	Haemophilus sp HMSC71H05	1000	0
Buccal mucosa	84	SP0228	Propionibacterium namnetense	1000	0
Buccal mucosa	84	SP0229	Klebsiella pneumoniae	1000	0
Buccal mucosa	84	SP0230	Gardnerella vaginalis	1000	0
Buccal mucosa	84	SP0231	Lactobacillus iners	1000	0
Buccal mucosa	84	SP0232	Atopobium vaginae	1000	0
Buccal mucosa	84	SP0233	Sneathia amnii	1000	0
Buccal mucosa	84	SP0234	Veillonellaceae bacterium DNF00626	1000	0
Buccal mucosa	84	SP0235	Prevotella timonensis	1000	0
Buccal mucosa	84	SP0236	Prevotella buccalis	1000	0
Buccal mucosa	84	SP0237	Anaerococcus tetradius	1000	0
Buccal mucosa	84	SP0238	Dialister micraerophilus	1000	0
Buccal mucosa	84	SP0239	Peptoniphilus lacrimalis	1000	0
Buccal mucosa	84	SP0240	Aerococcus christensenii	1000	0
Buccal mucosa	84	SP0241	Mobiluncus curtisii	1000	0
Buccal mucosa	84	SP0242	Tissierellia bacterium KA00581	1000	0
Buccal mucosa	84	SP0243	Prevotella bivia	1000	0
Buccal mucosa	84	SP0244	Lactobacillus jensenii	1000	0
Buccal mucosa	84	SP0245	Mageeibacillus indolicus	1000	0
Buccal mucosa	84	SP0246	Gemella asaccharolytica	1000	0
Buccal mucosa	84	SP0247	Prevotella colorans	1000	0
Buccal mucosa	84	SP0248	Lactobacillus coleohominis	1000	0
Buccal mucosa	84	SP0249	Prevotella sp S7 1 8	1000	0
Buccal mucosa	84	SP0250	Lactobacillus gasseri	1000	0
Buccal mucosa	84	SP0251	Mycoplasma hominis	1000	0
Buccal mucosa	84	SP0252	Porphyromonas uenonis	1000	0
Buccal mucosa	84	SP0253	Peptococcus niger	1000	0
Buccal mucosa	84	SP0254	Peptoniphilus sp BV3C26	1000	0
Buccal mucosa	84	SP0255	Bacteroides coagulans	1000	0
Buccal mucosa	84	SP0256	Porphyromonas asaccharolytica	1000	0
Buccal mucosa	84	SP0257	Peptoniphilus duerdenii	1000	0
Buccal mucosa	84	SP0258	Mobiluncus mulieris	1000	0
Buccal mucosa	84	SP0259	Peptoniphilus harei	1000	0
Buccal mucosa	84	SP0260	Actinomyces neuii	1000	0
Buccal mucosa	84	SP0261	Anaerococcus lactolyticus	1000	0
Buccal mucosa	84	SP0262	Atopobium deltae	1000	0
Buccal mucosa	84	SP0263	Ureaplasma parvum	1000	0
Buccal mucosa	84	SP0264	Varibaculum cambriense	1000	0
Buccal mucosa	84	SP0265	Atopobium minutum	1000	0
Buccal mucosa	84	SP0266	Lactobacillus paragasseri	1000	0
Buccal mucosa	84	SP0267	Prevotella bergensis	1000	0
Buccal mucosa	84	SP0268	Peptoniphilus coxii	1000	0
Buccal mucosa	84	SP0269	Neisseria perflava	1000	0
Buccal mucosa	84	SP0270	Prevotella shahii	1000	0
Buccal mucosa	84	SP0271	Lachnospiraceae bacterium oral taxon 096	1000	0
Buccal mucosa	84	SP0272	Eubacterium sulci	1000	0
Buccal mucosa	84	SP0273	Oribacterium parvum	1000	0
Buccal mucosa	84	SP0274	Tannerella sp oral taxon HOT 286	1000	0
Buccal mucosa	84	SP0275	Mogibacterium diversum	1000	0
Buccal mucosa	84	SP0276	Alloprevotella tannerae	1000	0
Buccal mucosa	84	SP0277	Prevotella jejuni	1000	0
Buccal mucosa	84	SP0278	Lachnoanaerobaculum umeaense	1000	0
Buccal mucosa	84	SP0279	Veillonella tobetsuensis	1000	0
Buccal mucosa	84	SP0280	Gemella bergeri	1000	0
Buccal mucosa	84	SP0281	Treponema sp OMZ 838	1000	0
Buccal mucosa	84	SP0282	Neisseria sp oral taxon 014	1000	0
Buccal mucosa	84	SP0283	Treponema socranskii	1000	0
Buccal mucosa	84	SP0284	Peptostreptococcus stomatis	1000	0
Buccal mucosa	84	SP0285	Alloscardovia omnicolens	1000	0
Buccal mucosa	84	SP0286	Campylobacter mucosalis	1000	0
Buccal mucosa	84	SP0287	Streptococcus peroris	1000	0
Buccal mucosa	84	SP0288	Neisseria elongata	1000	0
Buccal mucosa	84	SP0289	Alloprevotella rava	1000	0
Buccal mucosa	84	SP0290	Treponema denticola	1000	0
Buccal mucosa	84	SP0291	Mogibacterium pumilum	1000	0
Buccal mucosa	84	SP0292	Porphyromonas endodontalis	1000	0
Buccal mucosa	84	SP0293	Bacteroidetes oral taxon 274	1000	0
Buccal mucosa	84	SP0294	Prevotella oulorum	1000	0
Buccal mucosa	84	SP0295	Capnocytophaga sp oral taxon 332	1000	0
Buccal mucosa	84	SP0296	Prevotella denticola	1000	0
Buccal mucosa	84	SP0297	Prevotella scopos	1000	0
Buccal mucosa	84	SP0298	Leptotrichia buccalis	1000	0
Buccal mucosa	84	SP0299	Selenomonas sputigena	1000	0
Buccal mucosa	84	SP0300	Porphyromonas catoniae	1000	0
Buccal mucosa	84	SP0301	Streptococcus sp M334	1000	0
Buccal mucosa	84	SP0302	Prevotella veroralis	1000	0
Buccal mucosa	84	SP0303	Slackia exigua	1000	0
Buccal mucosa	84	SP0304	Parvimonas sp oral taxon 110	1000	0
Buccal mucosa	84	SP0305	Leptotrichia goodfellowii	1000	0
Buccal mucosa	84	SP0306	Treponema medium	1000	0
Buccal mucosa	84	SP0307	Haemophilus pittmaniae	1000	0
Buccal mucosa	84	SP0308	Fusobacterium hwasookii	1000	0
Buccal mucosa	84	SP0309	Porphyromonas canoris	1000	0
Buccal mucosa	84	SP0310	Olsenella uli	1000	0
Buccal mucosa	84	SP0311	Prevotella sp oral taxon 306	1000	0
Buccal mucosa	84	SP0312	Selenomonas flueggei	1000	0
Buccal mucosa	84	SP0313	Porphyromonas sp oral taxon 278	1000	0
Buccal mucosa	84	SP0314	Aggregatibacter aphrophilus	1000	0
Buccal mucosa	84	SP0315	Eubacterium yurii	1000	0
Buccal mucosa	84	SP0316	Prevotella buccae	1000	0
Buccal mucosa	84	SP0317	Anaeroglobus geminatus	1000	0
Buccal mucosa	84	SP0318	Parvimonas sp oral taxon 393	1000	0
Buccal mucosa	84	SP0319	Tannerella forsythia	1000	0
Buccal mucosa	84	SP0320	Eubacterium infirmum	1000	0
Buccal mucosa	84	SP0321	Actinomyces sp oral taxon 414	1000	0
Buccal mucosa	84	SP0322	Ottowia sp oral taxon 894	1000	0
Buccal mucosa	84	SP0323	Treponema maltophilum	1000	0
Buccal mucosa	84	SP0324	Selenomonas sp oral taxon 892	1000	0
Buccal mucosa	84	SP0325	Prevotella saccharolytica	1000	0
Buccal mucosa	84	SP0326	Johnsonella ignava	1000	0
Buccal mucosa	84	SP0327	Catonella morbi	1000	0
Buccal mucosa	84	SP0328	Actinomyces hongkongensis	1000	0
Buccal mucosa	84	SP0329	Prevotella micans	1000	0
Buccal mucosa	84	SP0330	Actinomyces georgiae	1000	0
Buccal mucosa	84	SP0331	Selenomonas artemidis	1000	0
Buccal mucosa	84	SP0332	Prevotella maculosa	1000	0
Buccal mucosa	84	SP0333	Prevotella enoeca	1000	0
Buccal mucosa	84	SP0334	Centipeda periodontii	1000	0
Buccal mucosa	84	SP0335	Campylobacter curvus	1000	0
Buccal mucosa	84	SP0336	Selenomonas sp FOBRC6	1000	0
Buccal mucosa	84	SP0337	Neisseria gonorrhoeae	1000	0
Buccal mucosa	84	SP0338	Selenomonas sp oral taxon 920	1000	0
Buccal mucosa	84	SP0339	Selenomonas sp oral taxon 138	1000	0
Buccal mucosa	84	SP0340	Sutterella parvirubra	1000	0
Buccal mucosa	84	SP0341	Treponema vincentii	1000	0
Buccal mucosa	84	SP0342	Neisseria mucosa	1000	0
Buccal mucosa	84	SP0343	Campylobacter rectus	1000	0
Buccal mucosa	84	SP0344	Selenomonas sp oral taxon 126	1000	0
Buccal mucosa	84	SP0345	Prevotella copri	1000	0
Buccal mucosa	84	SP0346	Butyrivibrio crossotus	1000	0
Buccal mucosa	84	SP0347	Bacteroides massiliensis	1000	0
Buccal mucosa	84	SP0348	Catenibacterium mitsuokai	1000	0
Buccal mucosa	84	SP0349	Eubacterium sp CAG 180	1000	0
Buccal mucosa	84	SP0350	Eubacterium siraeum	1000	0
Buccal mucosa	84	SP0351	Bacteroides finegoldii	1000	0
Buccal mucosa	84	SP0352	Bacteroides eggerthii	1000	0
Buccal mucosa	84	SP0353	Bacteroides faecichinchillae	1000	0
Buccal mucosa	84	SP0354	Coprobacter fastidiosus	1000	0
Buccal mucosa	84	SP0355	Desulfovibrionaceae bacterium	1000	0
Buccal mucosa	84	SP0356	Methanobrevibacter smithii	1000	0
Buccal mucosa	84	SP0357	Bacteroides salyersiae	1000	0
Buccal mucosa	84	SP0358	Ruminococcus lactaris	1000	0
Buccal mucosa	84	SP0359	Roseburia sp CAG 471	1000	0
Buccal mucosa	84	SP0360	Clostridium sp CAG 167	1000	0
Buccal mucosa	84	SP0361	Bacteroides nordii	1000	0
Buccal mucosa	84	SP0362	Bifidobacterium adolescentis	1000	0
Buccal mucosa	84	SP0363	Alistipes onderdonkii	1000	0
Buccal mucosa	84	SP0364	Roseburia sp CAG 182	1000	0
Buccal mucosa	84	SP0365	Coprococcus catus	1000	0
Buccal mucosa	84	SP0366	Bacteroides intestinalis	1000	0
Buccal mucosa	84	SP0367	Sharpea azabuensis	1000	0
Buccal mucosa	84	SP0368	Slackia isoflavoniconvertens	1000	0
Buccal mucosa	84	SP0369	Turicibacter sanguinis	1000	0
Buccal mucosa	84	SP0370	Firmicutes bacterium CAG 238	1000	0
Buccal mucosa	84	SP0371	Ruminococcaceae bacterium D5	1000	0
Buccal mucosa	84	SP0372	Firmicutes bacterium CAG 170	1000	0
Buccal mucosa	84	SP0373	Morococcus cerebrosus	1000	0
Buccal mucosa	84	SP0374	Neisseria cinerea	1000	0
Buccal mucosa	84	SP0375	Fusobacterium sp oral taxon 370	1000	0
Buccal mucosa	84	SP0376	Tannerella sp oral taxon 808	1000	0
Buccal mucosa	84	SP0377	Prevotella sp F0091	1000	0
Buccal mucosa	84	SP0378	Streptococcus sp SK643	1000	0
Buccal mucosa	84	SP0379	Neisseria meningitidis	1000	0
Buccal mucosa	84	SP0380	Neisseria macacae	1000	0
Buccal mucosa	84	SP0381	Streptococcus sp oral taxon 058	1000	0
Buccal mucosa	84	SP0382	Candida albicans	1000	0
Buccal mucosa	84	SP0383	Neisseria bacilliformis	1000	0
Buccal mucosa	84	SP0384	Neisseria sp HMSC064E01	1000	0
Buccal mucosa	84	SP0385	Selenomonas sp F0473	1000	0
Buccal mucosa	84	SP0386	Bacteroides coprocola	1000	0
Buccal mucosa	84	SP0387	Acidaminococcus intestini	1000	0
Buccal mucosa	84	SP0388	Ruminococcus sp CAG 330	1000	0
Buccal mucosa	84	SP0389	Anaeromassilibacillus sp An250	1000	0
Buccal mucosa	84	SP0390	Anaerotruncus colihominis	1000	0
Buccal mucosa	84	SP0391	Harryflintia acetispora	1000	0
Buccal mucosa	84	SP0392	Firmicutes bacterium CAG 94	1000	0
Buccal mucosa	84	SP0393	Lachnoclostridium sp An138	1000	0
Buccal mucosa	84	SP0394	Massiliomicrobiota timonensis	1000	0
Buccal mucosa	84	SP0395	Ruminococcaceae bacterium D16	1000	0
Buccal mucosa	84	SP0396	Neisseria lactamica	1000	0
Buccal mucosa	84	SP0397	Streptococcus milleri	1000	0
Buccal mucosa	84	SP0398	Filifactor alocis	1000	0
Buccal mucosa	84	SP0399	Prevotella fusca	1000	0
Buccal mucosa	84	SP0400	Prevotella oralis	1000	0
Buccal mucosa	84	SP0401	Actinomyces sp oral taxon 897	1000	0
Buccal mucosa	84	SP0402	Veillonella rodentium	1000	0
Buccal mucosa	84	SP0403	Shuttleworthia satelles	1000	0
Buccal mucosa	84	SP0404	Olsenella profusa	1000	0
Buccal mucosa	84	SP0405	Corynebacterium pseudodiphtheriticum	1000	0
Buccal mucosa	84	SP0406	Anaerococcus octavius	1000	0
Buccal mucosa	84	SP0407	Lactobacillus vaginalis	1000	0
Buccal mucosa	84	SP0408	Finegoldia magna	1000	0
Buccal mucosa	84	SP0409	Campylobacter ureolyticus	1000	0
Buccal mucosa	84	SP0410	Faecalitalea cylindroides	1000	0
Buccal mucosa	84	SP0411	Clostridium bolteae	1000	0
Buccal mucosa	84	SP0412	Blautia sp CAG 257	1000	0
Buccal mucosa	84	SP0413	Eubacterium dolichum CAG 375	1000	0
Buccal mucosa	84	SP0414	Absiella dolichum	1000	0
Buccal mucosa	84	SP0415	Clostridium bolteae CAG 59	1000	0
Buccal mucosa	84	SP0416	Bacteroides faecis	1000	0
Buccal mucosa	84	SP0417	Clostridium lavalense	1000	0
Buccal mucosa	84	SP0418	Clostridium saccharolyticum	1000	0
Buccal mucosa	84	SP0419	Clostridium clostridioforme	1000	0
Buccal mucosa	84	SP0420	Clostridium symbiosum	1000	0
Buccal mucosa	84	SP0421	Bacteroides plebeius	1000	0
Buccal mucosa	84	SP0422	Blautia hydrogenotrophica	1000	0
Buccal mucosa	84	SP0423	Ruminococcus sp CAG 403	1000	0
Buccal mucosa	84	SP0424	Ruminococcus gnavus	1000	0
Buccal mucosa	84	SP0425	Lactococcus lactis	1000	0
Buccal mucosa	84	SP0426	Roseburia sp CAG 309	1000	0
Buccal mucosa	84	SP0427	Romboutsia ilealis	1000	0
Buccal mucosa	84	SP0428	Peptoanaerobacter stomatis	1000	0
Buccal mucosa	84	SP0429	Streptococcus sp NLAE zl C503	1000	0
Buccal mucosa	84	SP0430	Treponema lecithinolyticum	1000	0
Buccal mucosa	84	SP0431	Prevotella marshii	1000	0
Buccal mucosa	84	SP0432	Limnochorda pilosa	1000	0
Buccal mucosa	84	SP0433	Lactobacillus crispatus	1000	0
Buccal mucosa	84	SP0434	Moraxella nonliquefaciens	1000	0
Buccal mucosa	84	SP0435	Dolosigranulum pigrum	1000	0
Buccal mucosa	84	SP0436	Cutibacterium granulosum	1000	0
Buccal mucosa	84	SP0437	Corynebacterium pseudogenitalium	1000	0
Buccal mucosa	84	SP0438	Cutibacterium avidum	1000	0
Buccal mucosa	84	SP0439	Cloacibacterium normanense	1000	0
Buccal mucosa	84	SP0440	Anaerotignum lactatifermentans	1000	0
Buccal mucosa	84	SP0441	Lachnoclostridium sp An14	1000	0
Buccal mucosa	84	SP0442	Intestinibacter bartlettii	1000	0
Buccal mucosa	84	SP0443	Erysipelatoclostridium ramosum	1000	0
Buccal mucosa	84	SP0444	Eisenbergiella tayi	1000	0
Buccal mucosa	84	SP0445	Eubacterium sp CAG 274	1000	0
Buccal mucosa	84	SP0446	Clostridiales bacterium 1 7 47FAA	1000	0
Buccal mucosa	84	SP0447	Blautia sp An249	1000	0
Buccal mucosa	84	SP0448	Cloacibacillus evryensis	1000	0
Buccal mucosa	84	SP0449	Dorea sp CAG 317	1000	0
Buccal mucosa	84	SP0450	Aerococcus urinaeequi	1000	0
Buccal mucosa	84	SP0451	Prevotella stercorea	1000	0
Buccal mucosa	84	SP0452	Prevotella sp CAG 279	1000	0
Buccal mucosa	84	SP0453	Paraprevotella xylaniphila	1000	0
Buccal mucosa	84	SP0454	Bacteroides coprophilus	1000	0
Buccal mucosa	84	SP0455	Eubacterium sp CAG 251	1000	0
Buccal mucosa	84	SP0456	Bacteroides pectinophilus	1000	0
Buccal mucosa	84	SP0457	Clostridium sp CAG 253	1000	0
Buccal mucosa	84	SP0458	Bacteroides sp CAG 144	1000	0
Buccal mucosa	84	SP0459	Lactobacillus ruminis	1000	0
Buccal mucosa	84	SP0460	Coprobacter secundus	1000	0
Buccal mucosa	84	SP0461	Clostridium disporicum	1000	0
Buccal mucosa	84	SP0462	Paraprevotella clara	1000	0
Buccal mucosa	84	SP0463	Ruminococcus sp CAG 563	1000	0
Buccal mucosa	84	SP0464	Clostridium perfringens	1000	0
Buccal mucosa	84	SP0465	Ruminococcus callidus	1000	0
Buccal mucosa	84	SP0466	Clostridium sp CAG 413	1000	0
Buccal mucosa	84	SP0467	Holdemanella biformis	1000	0
Buccal mucosa	84	SP0468	Ruminococcus champanellensis	1000	0
Buccal mucosa	84	SP0469	Clostridium paraputrificum	1000	0
Buccal mucosa	84	SP0470	Prevotella sp CAG 520	1000	0
Buccal mucosa	84	SP0471	Clostridium sp CAG 964	1000	0
Buccal mucosa	84	SP0472	Ruminococcus sp CAG 488	1000	0
Buccal mucosa	84	SP0473	Sanguibacteroides justesenii	1000	0
Buccal mucosa	84	SP0474	Coprobacillus cateniformis	1000	0
Buccal mucosa	84	SP0475	Eisenbergiella massiliensis	1000	0
Buccal mucosa	84	SP0476	Bifidobacterium pseudocatenulatum	1000	0
Buccal mucosa	84	SP0477	Hungatella hathewayi	1000	0
Buccal mucosa	84	SP0478	Clostridium sp CAG 411	1000	0
Buccal mucosa	84	SP0479	Pseudoflavonifractor capillosus	1000	0
Buccal mucosa	84	SP0480	Prevotella sp CAG 1031	1000	0
Buccal mucosa	84	SP0481	Desulfovibrio piger	1000	0
Buccal mucosa	84	SP0482	Prevotella corporis	1000	0
Buccal mucosa	84	SP0483	Campylobacter hominis	1000	0
Buccal mucosa	84	SP0484	Ruminococcus obeum CAG 39	1000	0
Buccal mucosa	84	SP0485	Klebsiella variicola	1000	0
Buccal mucosa	84	SP0486	Lachnoclostridium sp An131	1000	0
Buccal mucosa	84	SP0487	Anaerofustis stercorihominis	1000	0
Buccal mucosa	84	SP0488	Sellimonas intestinalis	1000	0
Buccal mucosa	84	SP0489	Pseudoflavonifractor sp An184	1000	0
Buccal mucosa	84	SP0490	Eubacterium limosum	1000	0
Buccal mucosa	84	SP0491	Clostridium aldenense	1000	0
Buccal mucosa	84	SP0492	Streptococcus sinensis	1000	0
Buccal mucosa	84	SP0493	Clostridium methylpentosum	1000	0
Buccal mucosa	84	SP0494	Mogibacterium timidum	1000	0
Buccal mucosa	84	SP0495	Malassezia restricta	1000	0
Buccal mucosa	84	SP0496	Staphylococcus capitis	1000	0
Buccal mucosa	84	SP0497	Megamonas hypermegale	1000	0
Buccal mucosa	84	SP0498	Megamonas funiformis	1000	0
Buccal mucosa	84	SP0499	Clostridium sp CAG 299	1000	0
Buccal mucosa	84	SP0500	Tyzzerella nexilis	1000	0
Buccal mucosa	84	SP0501	Blautia hansenii	1000	0
Buccal mucosa	84	SP0502	Bifidobacterium bifidum	1000	0
Buccal mucosa	84	SP0503	Bacillus aerius	1000	0
Buccal mucosa	84	SP0504	Candidatus Stoquefichus sp KLE1796	1000	0
Buccal mucosa	84	SP0505	Scardovia wiggsiae	1000	0
Buccal mucosa	84	SP0506	Prevotella intermedia	1000	0
Buccal mucosa	84	SP0507	Parvimonas sp KA00067	1000	0
Buccal mucosa	84	SP0508	Capnocytophaga sp oral taxon 878	1000	0
Buccal mucosa	84	SP0509	Streptococcus viridans	1000	0
Buccal mucosa	84	SP0510	Blautia sp N6H1 15	1000	0
Buccal mucosa	84	SP0511	Clostridium scindens	1000	0
Buccal mucosa	84	SP0512	Fusobacterium ulcerans	1000	0
Buccal mucosa	84	SP0513	Malassezia globosa	1000	0
Buccal mucosa	84	SP0514	Micrococcus luteus	1000	0
Buccal mucosa	84	SP0515	Kocuria palustris	1000	0
Buccal mucosa	84	SP0516	Moraxella osloensis	1000	0
Buccal mucosa	84	SP0517	Anaerococcus nagyae	1000	0
Buccal mucosa	84	SP0518	Acinetobacter radioresistens	1000	0
Buccal mucosa	84	SP0519	Enhydrobacter aerosaccus	1000	0
Buccal mucosa	84	SP0520	Propionibacterium humerusii	1000	0
Buccal mucosa	84	SP0521	Odoribacter laneus	1000	0
Buccal mucosa	84	SP0522	Candidatus Methanomassiliicoccus intestinalis	1000	0
Buccal mucosa	84	SP0523	Roseburia sp CAG 303	1000	0
Buccal mucosa	84	SP0524	Ruminococcus sp CAG 624	1000	0
Buccal mucosa	84	SP0525	Lactobacillus acidophilus	1000	0
Buccal mucosa	84	SP0526	Desulfovibrio fairfieldensis	1000	0
Buccal mucosa	84	SP0527	Allisonella histaminiformans	1000	0
Buccal mucosa	84	SP0528	Haemophilus aegyptius	1000	0
Buccal mucosa	84	SP0529	Candida tropicalis	1000	0
Buccal mucosa	84	SP0530	Prevotella sp AM42 24	1000	0
Buccal mucosa	84	SP0531	Bacteroides faecis CAG 32	1000	0
Buccal mucosa	84	SP0532	Dialister sp CAG 357	1000	0
Buccal mucosa	84	SP0533	Enterococcus faecium	1000	0
Buccal mucosa	84	SP0534	Bifidobacterium catenulatum	1000	0
Buccal mucosa	84	SP0535	Eubacterium saphenum	1000	0
Buccal mucosa	84	SP0536	Bacteroidetes bacterium oral taxon 272	1000	0
Buccal mucosa	84	SP0537	Dialister pneumosintes	1000	0
Buccal mucosa	84	SP0538	Anaerolineaceae bacterium oral taxon 439	1000	0
Buccal mucosa	84	SP0539	Streptococcus massiliensis	1000	0
Buccal mucosa	84	SP0540	Capnocytophaga haemolytica	1000	0
Buccal mucosa	84	SP0541	Prevotella dentalis	1000	0
Buccal mucosa	84	SP0542	Pseudoramibacter alactolyticus	1000	0
Buccal mucosa	84	SP0543	Treponema putidum	1000	0
Buccal mucosa	84	SP0544	Prevotella sp oral taxon 820	1000	0
Buccal mucosa	84	SP0545	Prevotella amnii	1000	0
Buccal mucosa	84	SP0546	Moraxella lincolnii	1000	0
Buccal mucosa	84	SP0547	Prevotella sp 885	1000	0
Buccal mucosa	84	SP0548	Butyrivibrio sp CAG 318	1000	0
Buccal mucosa	84	SP0549	Bacteroides sartorii	1000	0
Buccal mucosa	84	SP0550	Clostridium sp CAG 590	1000	0
Buccal mucosa	84	SP0551	Clostridiales bacterium CHKCI006	1000	0
Buccal mucosa	84	SP0552	Clostridium sp CAG 242	1000	0
Buccal mucosa	84	SP0553	Clostridium sp chh4 2	1000	0
Buccal mucosa	84	SP0554	Flavonifractor sp An10	1000	0
Buccal mucosa	84	SP0555	Methanosphaera stadtmanae	1000	0
Buccal mucosa	84	SP0556	Blautia producta	1000	0
Buccal mucosa	84	SP0557	Clostridium asparagiforme	1000	0
Buccal mucosa	84	SP0558	Lactonifactor longoviformis	1000	0
Buccal mucosa	84	SP0559	Simonsiella muelleri	1000	0
Buccal mucosa	84	SP0560	Chlamydia ibidis	1000	0
Buccal mucosa	84	SP0561	Megamonas funiformis CAG 377	1000	0
Buccal mucosa	84	SP0562	Porphyromonas gingivalis	1000	0
Buccal mucosa	84	SP0563	Prevotella multiformis	1000	0
Buccal mucosa	84	SP0564	Eubacterium nodatum	1000	0
Buccal mucosa	84	SP0565	Leptotrichia sp oral taxon 847	1000	0
Buccal mucosa	84	SP0566	Streptococcus sp HMSC070B10	1000	0
Buccal mucosa	84	SP0567	Desulfobulbus oralis	1000	0
Buccal mucosa	84	SP0568	Prevotella sp oral taxon 376	1000	0
Buccal mucosa	84	SP0569	Eggerthia catenaformis	1000	0
Buccal mucosa	84	SP0570	Prevotella baroniae	1000	0
Buccal mucosa	84	SP0571	Propionibacterium acidifaciens	1000	0
Buccal mucosa	84	SP0572	Peptostreptococcaceae bacterium oral taxon 113	1000	0
Buccal mucosa	84	SP0573	Corynebacterium tuberculostearicum	1000	0
Buccal mucosa	84	SP0574	Kingella kingae	1000	0
Buccal mucosa	84	SP0575	Faecalicoccus pleomorphus	1000	0
Buccal mucosa	84	SP0576	Corynebacterium kroppenstedtii	1000	0
Buccal mucosa	84	SP0577	Paracoccus versutus	1000	0
Buccal mucosa	84	SP0578	Streptococcus salivarius CAG 79	1000	0
Buccal mucosa	84	SP0579	Paracoccus pantotrophus	1000	0
Buccal mucosa	84	SP0580	Coprobacter sp	1000	0
Buccal mucosa	84	SP0581	Phascolarctobacterium succinatutens	1000	0
Buccal mucosa	84	SP0582	Catabacter hongkongensis	1000	0
Buccal mucosa	84	SP0583	Clostridium sp D5	1000	0
Buccal mucosa	84	SP0584	Peptoniphilus sp HMSC062D09	1000	0
Buccal mucosa	84	SP0585	Eubacterium sp OM08 24	1000	0
Buccal mucosa	84	SP0586	Anaerofilum sp An201	1000	0
Buccal mucosa	84	SP0587	Mycobacteroides chelonae	1000	0
Buccal mucosa	84	SP0588	Neisseria polysaccharea	1000	0
Buccal mucosa	84	SP0589	Haemophilus sp C1	1000	0
Buccal mucosa	84	SP0590	Bifidobacterium angulatum	1000	0
Buccal mucosa	84	SP0591	Mitsuokella multacida	1000	0
Buccal mucosa	84	SP0592	Megasphaera elsdenii	1000	0
Buccal mucosa	84	SP0593	Porphyromonas sp HMSC065F10	1000	0
Buccal mucosa	84	SP0594	Clostridium ventriculi	1000	0
Buccal mucosa	84	SP0595	Mitsuokella jalaludinii	1000	0
Buccal mucosa	84	SP0596	Actinomyces cardiffensis	1000	0
Buccal mucosa	84	SP0597	Flavonifractor sp An100	1000	0
Buccal mucosa	84	SP0598	Pseudomonas fluorescens group	1000	0
Buccal mucosa	84	SP0599	Brochothrix thermosphacta	1000	0
Buccal mucosa	84	SP0600	Carnobacterium divergens	1000	0
Buccal mucosa	84	SP0601	Pseudomonas fragi	1000	0
Buccal mucosa	84	SP0602	Carnobacterium maltaromaticum	1000	0
Buccal mucosa	84	SP0603	Psychrobacter sp 1501 2011	1000	0
Buccal mucosa	84	SP0604	Serratia proteamaculans	1000	0
Buccal mucosa	84	SP0605	Bacteroides sp CAG 443	1000	0
Buccal mucosa	84	SP0606	Aeriscardovia aeriphila	1000	0
Buccal mucosa	84	SP0607	Subdoligranulum variabile	1000	0
Buccal mucosa	84	SP0608	Sphingomonas koreensis	1000	0
Buccal mucosa	84	SP0609	Anaerostipes caccae	1000	0
Buccal mucosa	84	SP0610	Firmicutes bacterium CAG 424	1000	0
Buccal mucosa	84	SP0611	Fusobacterium naviforme	1000	0
Buccal mucosa	84	SP0612	Clostridium hylemonae	1000	0
Buccal mucosa	84	SP0613	Megasphaera sp DISK 18	1000	0
Buccal mucosa	84	SP0614	Megasphaera sp MJR8396C	1000	0
Buccal mucosa	84	SP0615	Moraxella catarrhalis	1000	0
Buccal mucosa	84	SP0616	Klebsiella aerogenes	1000	0
Buccal mucosa	84	SP0617	Proteus mirabilis	1000	0
Buccal mucosa	84	SP0618	Staphylococcus lugdunensis	1000	0
Buccal mucosa	84	SP0619	Butyricicoccus pullicaecorum	1000	0
Buccal mucosa	84	SP0620	Malassezia sympodialis	1000	0
Buccal mucosa	84	SP0621	Corynebacterium argentoratense	1000	0
Buccal mucosa	84	SP0622	Leuconostoc mesenteroides	1000	0
Buccal mucosa	84	SP0623	Propionibacterium sp oral taxon 192	1000	0
Buccal mucosa	84	SP0624	Prevotella sp CAG 617	1000	0
Buccal mucosa	84	SP0625	Prevotella sp CAG 1185	1000	0
Buccal mucosa	84	SP0626	Lawsonella clevelandensis	1000	0
Buccal mucosa	84	SP0627	Citrobacter portucalensis	1000	0
Buccal mucosa	84	SP0628	Citrobacter youngae	1000	0
Buccal mucosa	84	SP0629	Klebsiella quasipneumoniae	1000	0
Buccal mucosa	84	SP0630	Clostridium sp 7 2 43FAA	1000	0
Buccal mucosa	84	SP0631	Staphylococcus pseudintermedius	1000	0
Buccal mucosa	84	SP0632	Tepidiphilus thermophilus	1000	0
Buccal mucosa	84	SP0633	Fusobacterium necrophorum	1000	0
Buccal mucosa	84	SP0634	Brachyspira sp CAG 700	1000	0
Buccal mucosa	84	SP0635	Elizabethkingia miricola	1000	0
Buccal mucosa	84	SP0636	Parabacteroides gordonii	1000	0
Buccal mucosa	84	SP0637	Phascolarctobacterium sp CAG 266	1000	0
Buccal mucosa	84	SP0638	Corynebacterium kefirresidentii	1000	0
Buccal mucosa	84	SP0639	Anaerotruncus sp CAG 528	1000	0
Buccal mucosa	84	SP0640	Enterococcus faecalis	1000	0
Buccal mucosa	84	SP0641	Citrobacter europaeus	1000	0
Buccal mucosa	84	SP0642	Lachnoclostridium sp An118	1000	0
Buccal mucosa	84	SP0643	Enterococcus gallinarum	1000	0
Buccal mucosa	84	SP0644	Klebsiella oxytoca	1000	0
Buccal mucosa	84	SP0645	Negativicoccus succinicivorans	1000	0
Buccal mucosa	84	SP0646	Kingella potus	1000	0
Buccal mucosa	84	SP0647	Corynebacterium singulare	1000	0
Buccal mucosa	84	SP0648	Bacteroides sp OM05 12	1000	0
Buccal mucosa	84	SP0649	Bifidobacterium animalis	1000	0
Buccal mucosa	84	SP0650	Stenotrophomonas maltophilia	1000	0
Buccal mucosa	84	SP0651	Staphylococcus saprophyticus	1000	0
Buccal mucosa	84	SP0652	Bacteroides sp D2	1000	0
Buccal mucosa	84	SP0653	Eubacterium coprostanoligenes	1000	0
Buccal mucosa	84	SP0654	Anaerobiospirillum thomasii	1000	0
Buccal mucosa	84	SP0655	Fusobacterium mortiferum	1000	0
Buccal mucosa	84	SP0656	Helicobacter pylori	1000	0
Buccal mucosa	84	SP0657	Clostridium hiranonis	1000	0
Buccal mucosa	84	SP0658	Veillonella denticariosi	1000	0
Buccal mucosa	84	SP0659	Peptostreptococcus anaerobius	1000	0
Buccal mucosa	84	SP0660	Peptostreptococcus sp MV1	1000	0
Buccal mucosa	84	SP0661	Criibacterium bergeronii	1000	0
Buccal mucosa	84	SP0662	Blautia coccoides	1000	0
Buccal mucosa	84	SP0663	Anaerococcus vaginalis	1000	0
Buccal mucosa	84	SP0664	Bifidobacterium dentium	1000	0
Buccal mucosa	84	SP0665	Lactobacillus delbrueckii	1000	0
Buccal mucosa	84	SP0666	Blastocystis sp subtype 1	1000	0
Buccal mucosa	84	SP0667	Staphylococcus hominis	1000	0
Buccal mucosa	84	SP0668	Corynebacterium amycolatum	1000	0
Buccal mucosa	84	SP0669	Agitococcus lubricus	1000	0
Buccal mucosa	84	SP0670	Listeria monocytogenes	1000	0
Buccal mucosa	84	SP0671	Bacteroides caecimuris	1000	0
Buccal mucosa	84	SP0672	Acinetobacter junii	1000	0
Buccal mucosa	84	SP0673	Acinetobacter lwoffii	1000	0
Buccal mucosa	84	SP0674	Dermabacter hominis	1000	0
Buccal mucosa	84	SP0675	Micrococcus lylae	1000	0
Buccal mucosa	84	SP0676	Corynebacterium sp HMSC08A12	1000	0
Buccal mucosa	84	SP0677	Corynebacterium hadale	1000	0
Buccal mucosa	84	SP0678	Pyramidobacter piscolens	1000	0
Buccal mucosa	84	SP0679	Corynebacterium simulans	1000	0
Buccal mucosa	84	SP0680	Comamonas kerstersii	1000	0
Buccal mucosa	84	SP0681	Bifidobacterium breve	1000	0
Buccal mucosa	84	SP0682	Enterobacter cloacae complex	1000	0
Buccal mucosa	84	SP0683	Enterobacter bugandensis	1000	0
Buccal mucosa	84	SP0684	Actinomyces turicensis	1000	0
Buccal mucosa	84	SP0685	Staphylococcus haemolyticus	1000	0
Buccal mucosa	84	SP0686	Burkholderia cenocepacia	1000	0
Buccal mucosa	84	SP0687	Burkholderia pyrrocinia	1000	0
Buccal mucosa	84	SP0688	Jonquetella anthropi	1000	0
Buccal mucosa	84	SP0689	Bacteroides stercorirosoris	1000	0
Buccal mucosa	84	SP0690	Bacteroides oleiciplenus	1000	0
Buccal mucosa	84	SP0691	Corynebacterium afermentans	1000	0
Buccal mucosa	84	SP0692	Lactobacillus curvatus	1000	0
Buccal mucosa	84	SP0693	Clostridioides difficile	1000	0
Buccal mucosa	84	SP0694	Lactobacillus plantarum	1000	0
Buccal mucosa	84	SP0695	Candida dubliniensis	1000	0
Buccal mucosa	84	SP0696	Lactobacillus fermentum	1000	0
Buccal mucosa	84	SP0697	Hafnia paralvei	1000	0
Buccal mucosa	84	SP0698	Candidatus Gastranaerophilales bacterium	1000	0
Buccal mucosa	84	SP0699	Kocuria indica	1000	0
Buccal mucosa	84	SP0700	Streptococcus agalactiae	1000	0
Buccal mucosa	84	SP0701	Enterococcus dispar	1000	0
Buccal mucosa	84	SP0702	Firmicutes bacterium CAG 646	1000	0
Buccal mucosa	84	SP0703	Peptoniphilus sp DNF00840	1000	0
Buccal mucosa	84	SP0704	Bacteroidales bacterium KA00251	1000	0
Buccal mucosa	84	SP0705	Ureaplasma urealyticum	1000	0
Buccal mucosa	84	SP0706	Veillonella montpellierensis	1000	0
Buccal mucosa	84	SP0707	Actinomyces urogenitalis	1000	0
Buccal mucosa	84	SP0708	Actinomyces radingae	1000	0
Buccal mucosa	84	SP0709	Megasphaera sp BV3C16 1	1000	0
Buccal mucosa	84	SP0710	Bifidobacterium scardovii	1000	0
Buccal mucosa	84	SP0711	Staphylococcus warneri	1000	0
Buccal mucosa	84	SP0712	Veillonella sp CAG 933	1000	0
Buccal mucosa	84	SP0713	Lachnospiraceae bacterium 2 1 46FAA	1000	0
Buccal mucosa	84	SP0714	Clostridium neonatale	1000	0
Buccal mucosa	84	SP0715	Lactobacillus algidus	1000	0
Buccal mucosa	84	SP0716	Lactobacillus reuteri	1000	0
Buccal mucosa	84	SP0717	Moraxella lacunata	1000	0
Buccal mucosa	84	SP0718	Staphylococcus pasteuri	1000	0
Buccal mucosa	84	SP0719	Pantoea ananatis	1000	0
Buccal mucosa	84	SP0720	Parascardovia denticolens	1000	0
Buccal mucosa	84	SP0721	Brevundimonas diminuta	1000	0
Buccal mucosa	84	SP0722	Mixta calida	1000	0
Buccal mucosa	84	SP0723	Acinetobacter ursingii	1000	0
Buccal mucosa	84	SP0724	Corynebacterium striatum	1000	0
Buccal mucosa	84	SP0725	Acinetobacter parvus	1000	0
Buccal mucosa	84	SP0726	Roseomonas mucosa	1000	0
Buccal mucosa	84	SP0727	Acinetobacter bereziniae	1000	0
Buccal mucosa	84	SP0728	Paracoccus sanguinis	1000	0
Buccal mucosa	84	SP0729	Lactobacillus mucosae	1000	0
Buccal mucosa	84	SP0730	Acidovorax caeni	1000	0
Buccal mucosa	84	SP0731	Porphyromonas cangingivalis	1000	0
Buccal mucosa	84	SP0732	Porphyromonas gulae	1000	0
Buccal mucosa	84	SP0733	Porphyromonas gingivicanis	1000	0
Buccal mucosa	84	SP0734	Staphylococcus cohnii	1000	0
Buccal mucosa	84	SP0735	Neisseria dumasiana	1000	0
Buccal mucosa	84	SP0736	Lactobacillus rhamnosus	1000	0
Buccal mucosa	84	SP0737	Fusobacterium gonidiaformans	1000	0
Buccal mucosa	84	SP0738	Bacteroides zoogleoformans	1000	0
Buccal mucosa	84	SP0739	Cloacibacillus porcorum	1000	0
Buccal mucosa	84	SP0740	Leuconostoc garlicum	1000	0
Buccal mucosa	84	SP0741	Dialister succinatiphilus	1000	0
Buccal mucosa	84	SP0742	Gemmiger sp An194	1000	0
Buccal mucosa	84	SP0743	Mycolicibacterium mucogenicum	1000	0
Buccal mucosa	84	SP0744	Massilia timonae	1000	0
Buccal mucosa	84	SP0745	Sphingobium yanoikuyae	1000	0
Buccal mucosa	84	SP0746	Herbaspirillum sp	1000	0
Buccal mucosa	84	SP0747	Synechococcus sp JA 2 3B a 2 13	1000	0
Buccal mucosa	84	SP0748	Roseiflexus sp RS 1	1000	0
Buccal mucosa	84	SP0749	Streptococcus lutetiensis	1000	0
Tongue dorsum	90	SP0001	Parabacteroides merdae	1000	0
Tongue dorsum	90	SP0002	Bacteroides vulgatus	1000	0
Tongue dorsum	90	SP0003	Bacteroides cellulosilyticus	1000	0
Tongue dorsum	90	SP0004	Parabacteroides distasonis	1000	0
Tongue dorsum	90	SP0005	Bacteroides sp CAG 927	1000	0
Tongue dorsum	90	SP0006	Bacteroides ovatus	1000	0
Tongue dorsum	90	SP0007	Bacteroides caccae	1000	0
Tongue dorsum	90	SP0008	Alistipes putredinis	1000	0
Tongue dorsum	90	SP0009	Parasutterella excrementihominis	1000	0
Tongue dorsum	90	SP0010	Faecalibacterium prausnitzii	1000	0
Tongue dorsum	90	SP0011	Alistipes shahii	1000	0
Tongue dorsum	90	SP0012	Ruminococcus bicirculans	1000	0
Tongue dorsum	90	SP0013	Roseburia intestinalis	1000	0
Tongue dorsum	90	SP0014	Lachnospira pectinoschiza	1000	0
Tongue dorsum	90	SP0015	Eubacterium sp CAG 38	1000	0
Tongue dorsum	90	SP0016	Proteobacteria bacterium CAG 139	1000	0
Tongue dorsum	90	SP0017	Odoribacter splanchnicus	1000	0
Tongue dorsum	90	SP0018	Oscillibacter sp 57 20	1000	0
Tongue dorsum	90	SP0019	Turicimonas muris	1000	0
Tongue dorsum	90	SP0020	Akkermansia muciniphila	1000	0
Tongue dorsum	90	SP0021	Roseburia hominis	1000	0
Tongue dorsum	90	SP0022	Coprococcus eutactus	1000	0
Tongue dorsum	90	SP0023	Eubacterium rectale	1000	0
Tongue dorsum	90	SP0024	Bacteroides fragilis	1000	0
Tongue dorsum	90	SP0025	Ruthenibacterium lactatiformans	1000	0
Tongue dorsum	90	SP0026	Alistipes indistinctus	1000	0
Tongue dorsum	90	SP0027	Eubacterium ventriosum	1000	0
Tongue dorsum	90	SP0028	Fusicatenibacter saccharivorans	1000	0
Tongue dorsum	90	SP0029	Gemmiger formicilis	1000	0
Tongue dorsum	90	SP0030	Eubacterium eligens	1000	0
Tongue dorsum	90	SP0031	Butyricimonas synergistica	1000	0
Tongue dorsum	90	SP0032	Agathobaculum butyriciproducens	1000	0
Tongue dorsum	90	SP0033	Butyricimonas virosa	1000	0
Tongue dorsum	90	SP0034	Anaerostipes hadrus	1000	0
Tongue dorsum	90	SP0035	Dorea formicigenerans	1000	0
Tongue dorsum	90	SP0036	Streptococcus parasanguinis	1000	1
Tongue dorsum	90	SP0037	Eubacterium ramulus	1000	0
Tongue dorsum	90	SP0038	Oscillibacter sp CAG 241	1000	0
Tongue dorsum	90	SP0039	Firmicutes bacterium CAG 145	1000	0
Tongue dorsum	90	SP0040	Veillonella dispar	1000	1
Tongue dorsum	90	SP0041	Intestinimonas butyriciproducens	1000	0
Tongue dorsum	90	SP0042	Blautia obeum	1000	0
Tongue dorsum	90	SP0043	Bacteroides galacturonicus	1000	0
Tongue dorsum	90	SP0044	Veillonella atypica	1000	1
Tongue dorsum	90	SP0045	Veillonella parvula	1000	1
Tongue dorsum	90	SP0046	Alistipes inops	1000	0
Tongue dorsum	90	SP0047	Haemophilus parainfluenzae	1000	1
Tongue dorsum	90	SP0048	Lactobacillus rogosae	1000	0
Tongue dorsum	90	SP0049	Victivallis vadensis	1000	0
Tongue dorsum	90	SP0050	Dielma fastidiosa	1000	0
Tongue dorsum	90	SP0051	Prevotella disiens	1000	0
Tongue dorsum	90	SP0052	Parabacteroides goldsteinii	1000	0
Tongue dorsum	90	SP0053	Oxalobacter formigenes	1000	0
Tongue dorsum	90	SP0054	Collinsella aerofaciens	1000	0
Tongue dorsum	90	SP0055	Lawsonibacter asaccharolyticus	1000	0
Tongue dorsum	90	SP0056	Flavonifractor plautii	1000	0
Tongue dorsum	90	SP0057	Streptococcus salivarius	1000	1
Tongue dorsum	90	SP0058	Dialister invisus	1000	0
Tongue dorsum	90	SP0059	Veillonella sp T11011 6	1000	1
Tongue dorsum	90	SP0060	Veillonella infantium	1000	1
Tongue dorsum	90	SP0061	Bacteroides stercoris	1000	0
Tongue dorsum	90	SP0062	Bacteroides uniformis	1000	0
Tongue dorsum	90	SP0063	Barnesiella intestinihominis	1000	0
Tongue dorsum	90	SP0064	Ruminococcus bromii	1000	0
Tongue dorsum	90	SP0065	Bacteroides thetaiotaomicron	1000	0
Tongue dorsum	90	SP0066	Parabacteroides johnsonii	1000	0
Tongue dorsum	90	SP0067	Phascolarctobacterium faecium	1000	0
Tongue dorsum	90	SP0068	Roseburia inulinivorans	1000	0
Tongue dorsum	90	SP0069	Bacteroides clarus	1000	0
Tongue dorsum	90	SP0070	Roseburia faecis	1000	0
Tongue dorsum	90	SP0071	Firmicutes bacterium CAG 110	1000	0
Tongue dorsum	90	SP0072	Bacteroides xylanisolvens	1000	0
Tongue dorsum	90	SP0073	Firmicutes bacterium CAG 95	1000	0
Tongue dorsum	90	SP0074	Monoglobus pectinilyticus	1000	0
Tongue dorsum	90	SP0075	Bacteroides dorei	1000	0
Tongue dorsum	90	SP0076	Ruminococcus torques	1000	0
Tongue dorsum	90	SP0077	Clostridium sp CAG 58	1000	0
Tongue dorsum	90	SP0078	Alistipes timonensis	1000	0
Tongue dorsum	90	SP0079	Firmicutes bacterium CAG 83	1000	0
Tongue dorsum	90	SP0080	Alistipes finegoldii	1000	0
Tongue dorsum	90	SP0081	Dorea longicatena	1000	0
Tongue dorsum	90	SP0082	Eubacterium hallii	1000	0
Tongue dorsum	90	SP0083	Gordonibacter pamelaeae	1000	0
Tongue dorsum	90	SP0084	Clostridium spiroforme	1000	0
Tongue dorsum	90	SP0085	Collinsella stercoris	1000	0
Tongue dorsum	90	SP0086	Coprococcus comes	1000	0
Tongue dorsum	90	SP0087	Oscillibacter sp PC13	1000	0
Tongue dorsum	90	SP0088	Holdemania filiformis	1000	0
Tongue dorsum	90	SP0089	Adlercreutzia equolifaciens	1000	0
Tongue dorsum	90	SP0090	Christensenella minuta	1000	0
Tongue dorsum	90	SP0091	Asaccharobacter celatus	1000	0
Tongue dorsum	90	SP0092	[Collinsella] massiliensis	1000	0
Tongue dorsum	90	SP0093	Clostridium leptum	1000	0
Tongue dorsum	90	SP0094	Eggerthella lenta	1000	0
Tongue dorsum	90	SP0095	Collinsella intestinalis	1000	0
Tongue dorsum	90	SP0096	Bilophila wadsworthia	1000	0
Tongue dorsum	90	SP0097	Blautia wexlerae	1000	0
Tongue dorsum	90	SP0098	Streptococcus mitis	1000	1
Tongue dorsum	90	SP0099	Clostridium citroniae	1000	0
Tongue dorsum	90	SP0100	Streptococcus infantis	1000	1
Tongue dorsum	90	SP0101	Enorma massiliensis	1000	0
Tongue dorsum	90	SP0102	Gemella sanguinis	1000	1
Tongue dorsum	90	SP0103	Clostridium innocuum	1000	0
Tongue dorsum	90	SP0104	Enterorhabdus caecimuris	1000	0
Tongue dorsum	90	SP0105	Olsenella scatoligenes	1000	0
Tongue dorsum	90	SP0106	Fretibacterium fastidiosum	1000	0
Tongue dorsum	90	SP0107	Rothia mucilaginosa	1000	1
Tongue dorsum	90	SP0108	Actinomyces sp ICM47	1000	1
Tongue dorsum	90	SP0109	Prevotella melaninogenica	1000	1
Tongue dorsum	90	SP0110	Actinomyces sp oral taxon 181	1000	1
Tongue dorsum	90	SP0111	Actinomyces graevenitzii	1000	1
Tongue dorsum	90	SP0112	Prevotella salivae	1000	1
Tongue dorsum	90	SP0113	Prevotella histicola	1000	0.68
Tongue dorsum	90	SP0114	Oribacterium sinus	1000	1
Tongue dorsum	90	SP0115	Actinomyces sp HMSC035G02	1000	1
Tongue dorsum	90	SP0116	Veillonella rogosae	1000	0
Tongue dorsum	90	SP0117	Campylobacter concisus	1000	1
Tongue dorsum	90	SP0118	Megasphaera micronuciformis	1000	1
Tongue dorsum	90	SP0119	Fusobacterium periodonticum	1000	1
Tongue dorsum	90	SP0120	Actinomyces odontolyticus	1000	1
Tongue dorsum	90	SP0121	Atopobium parvulum	1000	1
Tongue dorsum	90	SP0122	Prevotella pallens	1000	1
Tongue dorsum	90	SP0123	Granulicatella elegans	1000	1
Tongue dorsum	90	SP0124	Stomatobaculum longum	1000	1
Tongue dorsum	90	SP0125	Leptotrichia wadei	1000	0.988
Tongue dorsum	90	SP0126	Actinomyces sp S6 Spd3	1000	1
Tongue dorsum	90	SP0127	Streptococcus thermophilus	1000	0
Tongue dorsum	90	SP0128	Neisseria flavescens	1000	1
Tongue dorsum	90	SP0129	Streptococcus oralis	1000	1
Tongue dorsum	90	SP0130	Neisseria subflava	1000	0.947
Tongue dorsum	90	SP0131	Lachnoanaerobaculum saburreum	1000	0.995
Tongue dorsum	90	SP0132	Streptococcus sanguinis	1000	0.072
Tongue dorsum	90	SP0133	Streptococcus australis	1000	0.998
Tongue dorsum	90	SP0134	Streptococcus gordonii	1000	0
Tongue dorsum	90	SP0135	Leptotrichia sp oral taxon 215	1000	0.999
Tongue dorsum	90	SP0136	Streptococcus sp F0442	1000	0.989
Tongue dorsum	90	SP0137	Porphyromonas somerae	1000	0.989
Tongue dorsum	90	SP0138	Kingella oralis	1000	0
Tongue dorsum	90	SP0139	Prevotella sp oral taxon 299	1000	0.672
Tongue dorsum	90	SP0140	Oribacterium asaccharolyticum	1000	1
Tongue dorsum	90	SP0141	Rothia dentocariosa	1000	0
Tongue dorsum	90	SP0142	Solobacterium moorei	1000	1
Tongue dorsum	90	SP0143	Haemophilus sputorum	1000	0
Tongue dorsum	90	SP0144	Staphylococcus aureus	1000	0
Tongue dorsum	90	SP0145	Streptococcus sp HPH0090	1000	0
Tongue dorsum	90	SP0146	Gemella haemolysans	1000	1
Tongue dorsum	90	SP0147	Streptococcus sp A12	1000	0.074
Tongue dorsum	90	SP0148	Lactobacillus helveticus	1000	0
Tongue dorsum	90	SP0149	Leptotrichia sp oral taxon 212	1000	0
Tongue dorsum	90	SP0150	Fusobacterium nucleatum	1000	1
Tongue dorsum	90	SP0151	Capnocytophaga leadbetteri	1000	0.074
Tongue dorsum	90	SP0152	Granulicatella adiacens	1000	0.013
Tongue dorsum	90	SP0153	Prevotella nigrescens	1000	0
Tongue dorsum	90	SP0154	Streptococcus vestibularis	1000	0
Tongue dorsum	90	SP0155	Streptococcus sp HMSC034E03	1000	0.997
Tongue dorsum	90	SP0156	Actinomyces sp HPA0247	1000	0.569
Tongue dorsum	90	SP0157	Capnocytophaga gingivalis	1000	0.77
Tongue dorsum	90	SP0158	Actinomyces oris	1000	0
Tongue dorsum	90	SP0159	Rothia aeria	1000	0
Tongue dorsum	90	SP0160	Haemophilus influenzae	1000	0
Tongue dorsum	90	SP0161	Haemophilus quentini	1000	0
Tongue dorsum	90	SP0162	Streptococcus cristatus	1000	0
Tongue dorsum	90	SP0163	Streptococcus mutans	1000	0
Tongue dorsum	90	SP0164	Streptococcus sp HMSC067H01	1000	0.977
Tongue dorsum	90	SP0165	Atopobium rimae	1000	0.007
Tongue dorsum	90	SP0166	Haemophilus haemolyticus	1000	0
Tongue dorsum	90	SP0167	Capnocytophaga granulosa	1000	0
Tongue dorsum	90	SP0168	Neisseria sicca	1000	0.007
Tongue dorsum	90	SP0169	Leptotrichia hofstadii	1000	0
Tongue dorsum	90	SP0170	Cardiobacterium hominis	1000	0
Tongue dorsum	90	SP0171	Capnocytophaga sputigena	1000	0.255
Tongue dorsum	90	SP0172	Streptococcus sp HMSC071D03	1000	0
Tongue dorsum	90	SP0173	Streptococcus pseudopneumoniae	1000	0
Tongue dorsum	90	SP0174	Corynebacterium durum	1000	0
Tongue dorsum	90	SP0175	Prevotella pleuritidis	1000	0
Tongue dorsum	90	SP0176	Gemella morbillorum	1000	0.354
Tongue dorsum	90	SP0177	Lautropia mirabilis	1000	0
Tongue dorsum	90	SP0178	Prevotella sp oral taxon 473	1000	0
Tongue dorsum	90	SP0179	Aggregatibacter sp oral taxon 458	1000	0
Tongue dorsum	90	SP0180	Bulleidia extructa	1000	0
Tongue dorsum	90	SP0181	Leptotrichia sp oral taxon 225	1000	0
Tongue dorsum	90	SP0182	Leptotrichia sp oral taxon 498	1000	0
Tongue dorsum	90	SP0183	Actinomyces naeslundii	1000	0
Tongue dorsum	90	SP0184	Haemophilus parahaemolyticus	1000	0
Tongue dorsum	90	SP0185	Bifidobacterium longum	1000	0
Tongue dorsum	90	SP0186	Prevotella oris	1000	0
Tongue dorsum	90	SP0187	Parvimonas micra	1000	0
Tongue dorsum	90	SP0188	Streptococcus pneumoniae	1000	0
Tongue dorsum	90	SP0189	Haemophilus paraphrohaemolyticus	1000	0
Tongue dorsum	90	SP0190	Corynebacterium matruchotii	1000	0
Tongue dorsum	90	SP0191	Actinomyces sp oral taxon 170	1000	0
Tongue dorsum	90	SP0192	Actinobaculum sp oral taxon 183	1000	0
Tongue dorsum	90	SP0193	Actinomyces massiliensis	1000	0
Tongue dorsum	90	SP0194	Campylobacter gracilis	1000	0
Tongue dorsum	90	SP0195	Capnocytophaga sp oral taxon 863	1000	0
Tongue dorsum	90	SP0196	Eikenella corrodens	1000	0
Tongue dorsum	90	SP0197	Cardiobacterium valvarum	1000	0
Tongue dorsum	90	SP0198	Pseudopropionibacterium propionicum	1000	0
Tongue dorsum	90	SP0199	Actinomyces viscosus	1000	0
Tongue dorsum	90	SP0200	Campylobacter showae	1000	0
Tongue dorsum	90	SP0201	Actinomyces johnsonii	1000	0
Tongue dorsum	90	SP0202	Prevotella loescheii	1000	0
Tongue dorsum	90	SP0203	Streptococcus sp oral taxon 056	1000	0
Tongue dorsum	90	SP0204	Eubacterium brachy	1000	0
Tongue dorsum	90	SP0205	Abiotrophia defectiva	1000	0
Tongue dorsum	90	SP0206	Capnocytophaga ochracea	1000	0
Tongue dorsum	90	SP0207	Streptococcus anginosus group	1000	0
Tongue dorsum	90	SP0208	Actinomyces meyeri	1000	0
Tongue dorsum	90	SP0209	Actinomyces sp oral taxon 448	1000	0
Tongue dorsum	90	SP0210	Eikenella sp NML130454	1000	0
Tongue dorsum	90	SP0211	Selenomonas noxia	1000	0
Tongue dorsum	90	SP0212	Oribacterium sp oral taxon 078	1000	0
Tongue dorsum	90	SP0213	Abiotrophia sp HMSC24B09	1000	0
Tongue dorsum	90	SP0214	Leptotrichia sp oral taxon 879	1000	0
Tongue dorsum	90	SP0215	Aggregatibacter actinomycetemcomitans	1000	0
Tongue dorsum	90	SP0216	Actinomyces sp oral taxon 180	1000	0
Tongue dorsum	90	SP0217	Aggregatibacter segnis	1000	0
Tongue dorsum	90	SP0218	Actinomyces denticolens	1000	0
Tongue dorsum	90	SP0219	Selenomonas infelix	1000	0
Tongue dorsum	90	SP0220	Kingella denitrificans	1000	0
Tongue dorsum	90	SP0221	Capnocytophaga sp oral taxon 338	1000	0
Tongue dorsum	90	SP0222	Staphylococcus argenteus	1000	0
Tongue dorsum	90	SP0223	Staphylococcus epidermidis	1000	0
Tongue dorsum	90	SP0224	Cutibacterium acnes	1000	0
Tongue dorsum	90	SP0225	Corynebacterium accolens	1000	0
Tongue dorsum	90	SP0226	Escherichia coli	1000	0
Tongue dorsum	90	SP0227	Haemophilus sp HMSC71H05	1000	0
Tongue dorsum	90	SP0228	Propionibacterium namnetense	1000	0
Tongue dorsum	90	SP0229	Klebsiella pneumoniae	1000	0
Tongue dorsum	90	SP0230	Gardnerella vaginalis	1000	0
Tongue dorsum	90	SP0231	Lactobacillus iners	1000	0
Tongue dorsum	90	SP0232	Atopobium vaginae	1000	0
Tongue dorsum	90	SP0233	Sneathia amnii	1000	0
Tongue dorsum	90	SP0234	Veillonellaceae bacterium DNF00626	1000	0
Tongue dorsum	90	SP0235	Prevotella timonensis	1000	0
Tongue dorsum	90	SP0236	Prevotella buccalis	1000	0
Tongue dorsum	90	SP0237	Anaerococcus tetradius	1000	0
Tongue dorsum	90	SP0238	Dialister micraerophilus	1000	0
Tongue dorsum	90	SP0239	Peptoniphilus lacrimalis	1000	0
Tongue dorsum	90	SP0240	Aerococcus christensenii	1000	0
Tongue dorsum	90	SP0241	Mobiluncus curtisii	1000	0
Tongue dorsum	90	SP0242	Tissierellia bacterium KA00581	1000	0
Tongue dorsum	90	SP0243	Prevotella bivia	1000	0
Tongue dorsum	90	SP0244	Lactobacillus jensenii	1000	0
Tongue dorsum	90	SP0245	Mageeibacillus indolicus	1000	0
Tongue dorsum	90	SP0246	Gemella asaccharolytica	1000	0
Tongue dorsum	90	SP0247	Prevotella colorans	1000	0
Tongue dorsum	90	SP0248	Lactobacillus coleohominis	1000	0
Tongue dorsum	90	SP0249	Prevotella sp S7 1 8	1000	0
Tongue dorsum	90	SP0250	Lactobacillus gasseri	1000	0
Tongue dorsum	90	SP0251	Mycoplasma hominis	1000	0
Tongue dorsum	90	SP0252	Porphyromonas uenonis	1000	0
Tongue dorsum	90	SP0253	Peptococcus niger	1000	0
Tongue dorsum	90	SP0254	Peptoniphilus sp BV3C26	1000	0
Tongue dorsum	90	SP0255	Bacteroides coagulans	1000	0
Tongue dorsum	90	SP0256	Porphyromonas asaccharolytica	1000	0
Tongue dorsum	90	SP0257	Peptoniphilus duerdenii	1000	0
Tongue dorsum	90	SP0258	Mobiluncus mulieris	1000	0
Tongue dorsum	90	SP0259	Peptoniphilus harei	1000	0
Tongue dorsum	90	SP0260	Actinomyces neuii	1000	0
Tongue dorsum	90	SP0261	Anaerococcus lactolyticus	1000	0
Tongue dorsum	90	SP0262	Atopobium deltae	1000	0
Tongue dorsum	90	SP0263	Ureaplasma parvum	1000	0
Tongue dorsum	90	SP0264	Varibaculum cambriense	1000	0
Tongue dorsum	90	SP0265	Atopobium minutum	1000	0
Tongue dorsum	90	SP0266	Lactobacillus paragasseri	1000	0
Tongue dorsum	90	SP0267	Prevotella bergensis	1000	0
Tongue dorsum	90	SP0268	Peptoniphilus coxii	1000	0
Tongue dorsum	90	SP0269	Neisseria perflava	1000	0
Tongue dorsum	90	SP0270	Prevotella shahii	1000	0
Tongue dorsum	90	SP0271	Lachnospiraceae bacterium oral taxon 096	1000	0.196
Tongue dorsum	90	SP0272	Eubacterium sulci	1000	1
Tongue dorsum	90	SP0273	Oribacterium parvum	1000	0.548
Tongue dorsum	90	SP0274	Tannerella sp oral taxon HOT 286	1000	0
Tongue dorsum	90	SP0275	Mogibacterium diversum	1000	1
Tongue dorsum	90	SP0276	Alloprevotella tannerae	1000	0
Tongue dorsum	90	SP0277	Prevotella jejuni	1000	0.366
Tongue dorsum	90	SP0278	Lachnoanaerobaculum umeaense	1000	0
Tongue dorsum	90	SP0279	Veillonella tobetsuensis	1000	0.004
Tongue dorsum	90	SP0280	Gemella bergeri	1000	0
Tongue dorsum	90	SP0281	Treponema sp OMZ 838	1000	0
Tongue dorsum	90	SP0282	Neisseria sp oral taxon 014	1000	0
Tongue dorsum	90	SP0283	Treponema socranskii	1000	0
Tongue dorsum	90	SP0284	Peptostreptococcus stomatis	1000	0
Tongue dorsum	90	SP0285	Alloscardovia omnicolens	1000	0
Tongue dorsum	90	SP0286	Campylobacter mucosalis	1000	0
Tongue dorsum	90	SP0287	Streptococcus peroris	1000	0
Tongue dorsum	90	SP0288	Neisseria elongata	1000	0
Tongue dorsum	90	SP0289	Alloprevotella rava	1000	0
Tongue dorsum	90	SP0290	Treponema denticola	1000	0
Tongue dorsum	90	SP0291	Mogibacterium pumilum	1000	0
Tongue dorsum	90	SP0292	Porphyromonas endodontalis	1000	0
Tongue dorsum	90	SP0293	Bacteroidetes oral taxon 274	1000	0
Tongue dorsum	90	SP0294	Prevotella oulorum	1000	0
Tongue dorsum	90	SP0295	Capnocytophaga sp oral taxon 332	1000	0
Tongue dorsum	90	SP0296	Prevotella denticola	1000	0
Tongue dorsum	90	SP0297	Prevotella scopos	1000	0
Tongue dorsum	90	SP0298	Leptotrichia buccalis	1000	0
Tongue dorsum	90	SP0299	Selenomonas sputigena	1000	0
Tongue dorsum	90	SP0300	Porphyromonas catoniae	1000	0
Tongue dorsum	90	SP0301	Streptococcus sp M334	1000	0
Tongue dorsum	90	SP0302	Prevotella veroralis	1000	0
Tongue dorsum	90	SP0303	Slackia exigua	1000	0
Tongue dorsum	90	SP0304	Parvimonas sp oral taxon 110	1000	0
Tongue dorsum	90	SP0305	Leptotrichia goodfellowii	1000	0
Tongue dorsum	90	SP0306	Treponema medium	1000	0
Tongue dorsum	90	SP0307	Haemophilus pittmaniae	1000	0
Tongue dorsum	90	SP0308	Fusobacterium hwasookii	1000	0
Tongue dorsum	90	SP0309	Porphyromonas canoris	1000	0
Tongue dorsum	90	SP0310	Olsenella uli	1000	0
Tongue dorsum	90	SP0311	Prevotella sp oral taxon 306	1000	0.003
Tongue dorsum	90	SP0312	Selenomonas flueggei	1000	0
Tongue dorsum	90	SP0313	Porphyromonas sp oral taxon 278	1000	0
Tongue dorsum	90	SP0314	Aggregatibacter aphrophilus	1000	0
Tongue dorsum	90	SP0315	Eubacterium yurii	1000	0
Tongue dorsum	90	SP0316	Prevotella buccae	1000	0
Tongue dorsum	90	SP0317	Anaeroglobus geminatus	1000	0
Tongue dorsum	90	SP0318	Parvimonas sp oral taxon 393	1000	0
Tongue dorsum	90	SP0319	Tannerella forsythia	1000	0
Tongue dorsum	90	SP0320	Eubacterium infirmum	1000	0
Tongue dorsum	90	SP0321	Actinomyces sp oral taxon 414	1000	0
Tongue dorsum	90	SP0322	Ottowia sp oral taxon 894	1000	0
Tongue dorsum	90	SP0323	Treponema maltophilum	1000	0
Tongue dorsum	90	SP0324	Selenomonas sp oral taxon 892	1000	0
Tongue dorsum	90	SP0325	Prevotella saccharolytica	1000	0
Tongue dorsum	90	SP0326	Johnsonella ignava	1000	0
Tongue dorsum	90	SP0327	Catonella morbi	1000	0
Tongue dorsum	90	SP0328	Actinomyces hongkongensis	1000	0
Tongue dorsum	90	SP0329	Prevotella micans	1000	0
Tongue dorsum	90	SP0330	Actinomyces georgiae	1000	0
Tongue dorsum	90	SP0331	Selenomonas artemidis	1000	0
Tongue dorsum	90	SP0332	Prevotella maculosa	1000	0
Tongue dorsum	90	SP0333	Prevotella enoeca	1000	0
Tongue dorsum	90	SP0334	Centipeda periodontii	1000	0
Tongue dorsum	90	SP0335	Campylobacter curvus	1000	0
Tongue dorsum	90	SP0336	Selenomonas sp FOBRC6	1000	0
Tongue dorsum	90	SP0337	Neisseria gonorrhoeae	1000	0
Tongue dorsum	90	SP0338	Selenomonas sp oral taxon 920	1000	0
Tongue dorsum	90	SP0339	Selenomonas sp oral taxon 138	1000	0
Tongue dorsum	90	SP0340	Sutterella parvirubra	1000	0
Tongue dorsum	90	SP0341	Treponema vincentii	1000	0
Tongue dorsum	90	SP0342	Neisseria mucosa	1000	0
Tongue dorsum	90	SP0343	Campylobacter rectus	1000	0
Tongue dorsum	90	SP0344	Selenomonas sp oral taxon 126	1000	0
Tongue dorsum	90	SP0345	Prevotella copri	1000	0
Tongue dorsum	90	SP0346	Butyrivibrio crossotus	1000	0
Tongue dorsum	90	SP0347	Bacteroides massiliensis	1000	0
Tongue dorsum	90	SP0348	Catenibacterium mitsuokai	1000	0
Tongue dorsum	90	SP0349	Eubacterium sp CAG 180	1000	0
Tongue dorsum	90	SP0350	Eubacterium siraeum	1000	0
Tongue dorsum	90	SP0351	Bacteroides finegoldii	1000	0
Tongue dorsum	90	SP0352	Bacteroides eggerthii	1000	0
Tongue dorsum	90	SP0353	Bacteroides faecichinchillae	1000	0
Tongue dorsum	90	SP0354	Coprobacter fastidiosus	1000	0
Tongue dorsum	90	SP0355	Desulfovibrionaceae bacterium	1000	0
Tongue dorsum	90	SP0356	Methanobrevibacter smithii	1000	0
Tongue dorsum	90	SP0357	Bacteroides salyersiae	1000	0
Tongue dorsum	90	SP0358	Ruminococcus lactaris	1000	0
Tongue dorsum	90	SP0359	Roseburia sp CAG 471	1000	0
Tongue dorsum	90	SP0360	Clostridium sp CAG 167	1000	0
Tongue dorsum	90	SP0361	Bacteroides nordii	1000	0
Tongue dorsum	90	SP0362	Bifidobacterium adolescentis	1000	0
Tongue dorsum	90	SP0363	Alistipes onderdonkii	1000	0
Tongue dorsum	90	SP0364	Roseburia sp CAG 182	1000	0
Tongue dorsum	90	SP0365	Coprococcus catus	1000	0
Tongue dorsum	90	SP0366	Bacteroides intestinalis	1000	0
Tongue dorsum	90	SP0367	Sharpea azabuensis	1000	0
Tongue dorsum	90	SP0368	Slackia isoflavoniconvertens	1000	0
Tongue dorsum	90	SP0369	Turicibacter sanguinis	1000	0
Tongue dorsum	90	SP0370	Firmicutes bacterium CAG 238	1000	0
Tongue dorsum	90	SP0371	Ruminococcaceae bacterium D5	1000	0
Tongue dorsum	90	SP0372	Firmicutes bacterium CAG 170	1000	0
Tongue dorsum	90	SP0373	Morococcus cerebrosus	1000	0
Tongue dorsum	90	SP0374	Neisseria cinerea	1000	0
Tongue dorsum	90	SP0375	Fusobacterium sp oral taxon 370	1000	0
Tongue dorsum	90	SP0376	Tannerella sp oral taxon 808	1000	0
Tongue dorsum	90	SP0377	Prevotella sp F0091	1000	0
Tongue dorsum	90	SP0378	Streptococcus sp SK643	1000	0
Tongue dorsum	90	SP0379	Neisseria meningitidis	1000	0
Tongue dorsum	90	SP0380	Neisseria macacae	1000	0
Tongue dorsum	90	SP0381	Streptococcus sp oral taxon 058	1000	0
Tongue dorsum	90	SP0382	Candida albicans	1000	0
Tongue dorsum	90	SP0383	Neisseria bacilliformis	1000	0
Tongue dorsum	90	SP0384	Neisseria sp HMSC064E01	1000	0
Tongue dorsum	90	SP0385	Selenomonas sp F0473	1000	0
Tongue dorsum	90	SP0386	Bacteroides coprocola	1000	0
Tongue dorsum	90	SP0387	Acidaminococcus intestini	1000	0
Tongue dorsum	90	SP0388	Ruminococcus sp CAG 330	1000	0
Tongue dorsum	90	SP0389	Anaeromassilibacillus sp An250	1000	0
Tongue dorsum	90	SP0390	Anaerotruncus colihominis	1000	0
Tongue dorsum	90	SP0391	Harryflintia acetispora	1000	0
Tongue dorsum	90	SP0392	Firmicutes bacterium CAG 94	1000	0
Tongue dorsum	90	SP0393	Lachnoclostridium sp An138	1000	0
Tongue dorsum	90	SP0394	Massiliomicrobiota timonensis	1000	0
Tongue dorsum	90	SP0395	Ruminococcaceae bacterium D16	1000	0
Tongue dorsum	90	SP0396	Neisseria lactamica	1000	0
Tongue dorsum	90	SP0397	Streptococcus milleri	1000	0
Tongue dorsum	90	SP0398	Filifactor alocis	1000	0
Tongue dorsum	90	SP0399	Prevotella fusca	1000	0
Tongue dorsum	90	SP0400	Prevotella oralis	1000	0
Tongue dorsum	90	SP0401	Actinomyces sp oral taxon 897	1000	0
Tongue dorsum	90	SP0402	Veillonella rodentium	1000	0
Tongue dorsum	90	SP0403	Shuttleworthia satelles	1000	0
Tongue dorsum	90	SP0404	Olsenella profusa	1000	0
Tongue dorsum	90	SP0405	Corynebacterium pseudodiphtheriticum	1000	0
Tongue dorsum	90	SP0406	Anaerococcus octavius	1000	0
Tongue dorsum	90	SP0407	Lactobacillus vaginalis	1000	0
Tongue dorsum	90	SP0408	Finegoldia magna	1000	0
Tongue dorsum	90	SP0409	Campylobacter ureolyticus	1000	0
Tongue dorsum	90	SP0410	Faecalitalea cylindroides	1000	0
Tongue dorsum	90	SP0411	Clostridium bolteae	1000	0
Tongue dorsum	90	SP0412	Blautia sp CAG 257	1000	0
Tongue dorsum	90	SP0413	Eubacterium dolichum CAG 375	1000	0
Tongue dorsum	90	SP0414	Absiella dolichum	1000	0
Tongue dorsum	90	SP0415	Clostridium bolteae CAG 59	1000	0
Tongue dorsum	90	SP0416	Bacteroides faecis	1000	0
Tongue dorsum	90	SP0417	Clostridium lavalense	1000	0
Tongue dorsum	90	SP0418	Clostridium saccharolyticum	1000	0
Tongue dorsum	90	SP0419	Clostridium clostridioforme	1000	0
Tongue dorsum	90	SP0420	Clostridium symbiosum	1000	0
Tongue dorsum	90	SP0421	Bacteroides plebeius	1000	0
Tongue dorsum	90	SP0422	Blautia hydrogenotrophica	1000	0
Tongue dorsum	90	SP0423	Ruminococcus sp CAG 403	1000	0
Tongue dorsum	90	SP0424	Ruminococcus gnavus	1000	0
Tongue dorsum	90	SP0425	Lactococcus lactis	1000	0
Tongue dorsum	90	SP0426	Roseburia sp CAG 309	1000	0
Tongue dorsum	90	SP0427	Romboutsia ilealis	1000	0
Tongue dorsum	90	SP0428	Peptoanaerobacter stomatis	1000	0
Tongue dorsum	90	SP0429	Streptococcus sp NLAE zl C503	1000	0
Tongue dorsum	90	SP0430	Treponema lecithinolyticum	1000	0
Tongue dorsum	90	SP0431	Prevotella marshii	1000	0
Tongue dorsum	90	SP0432	Limnochorda pilosa	1000	0
Tongue dorsum	90	SP0433	Lactobacillus crispatus	1000	0
Tongue dorsum	90	SP0434	Moraxella nonliquefaciens	1000	0
Tongue dorsum	90	SP0435	Dolosigranulum pigrum	1000	0
Tongue dorsum	90	SP0436	Cutibacterium granulosum	1000	0
Tongue dorsum	90	SP0437	Corynebacterium pseudogenitalium	1000	0
Tongue dorsum	90	SP0438	Cutibacterium avidum	1000	0
Tongue dorsum	90	SP0439	Cloacibacterium normanense	1000	0
Tongue dorsum	90	SP0440	Anaerotignum lactatifermentans	1000	0
Tongue dorsum	90	SP0441	Lachnoclostridium sp An14	1000	0
Tongue dorsum	90	SP0442	Intestinibacter bartlettii	1000	0
Tongue dorsum	90	SP0443	Erysipelatoclostridium ramosum	1000	0
Tongue dorsum	90	SP0444	Eisenbergiella tayi	1000	0
Tongue dorsum	90	SP0445	Eubacterium sp CAG 274	1000	0
Tongue dorsum	90	SP0446	Clostridiales bacterium 1 7 47FAA	1000	0
Tongue dorsum	90	SP0447	Blautia sp An249	1000	0
Tongue dorsum	90	SP0448	Cloacibacillus evryensis	1000	0
Tongue dorsum	90	SP0449	Dorea sp CAG 317	1000	0
Tongue dorsum	90	SP0450	Aerococcus urinaeequi	1000	0
Tongue dorsum	90	SP0451	Prevotella stercorea	1000	0
Tongue dorsum	90	SP0452	Prevotella sp CAG 279	1000	0
Tongue dorsum	90	SP0453	Paraprevotella xylaniphila	1000	0
Tongue dorsum	90	SP0454	Bacteroides coprophilus	1000	0
Tongue dorsum	90	SP0455	Eubacterium sp CAG 251	1000	0
Tongue dorsum	90	SP0456	Bacteroides pectinophilus	1000	0
Tongue dorsum	90	SP0457	Clostridium sp CAG 253	1000	0
Tongue dorsum	90	SP0458	Bacteroides sp CAG 144	1000	0
Tongue dorsum	90	SP0459	Lactobacillus ruminis	1000	0
Tongue dorsum	90	SP0460	Coprobacter secundus	1000	0
Tongue dorsum	90	SP0461	Clostridium disporicum	1000	0
Tongue dorsum	90	SP0462	Paraprevotella clara	1000	0
Tongue dorsum	90	SP0463	Ruminococcus sp CAG 563	1000	0
Tongue dorsum	90	SP0464	Clostridium perfringens	1000	0
Tongue dorsum	90	SP0465	Ruminococcus callidus	1000	0
Tongue dorsum	90	SP0466	Clostridium sp CAG 413	1000	0
Tongue dorsum	90	SP0467	Holdemanella biformis	1000	0
Tongue dorsum	90	SP0468	Ruminococcus champanellensis	1000	0
Tongue dorsum	90	SP0469	Clostridium paraputrificum	1000	0
Tongue dorsum	90	SP0470	Prevotella sp CAG 520	1000	0
Tongue dorsum	90	SP0471	Clostridium sp CAG 964	1000	0
Tongue dorsum	90	SP0472	Ruminococcus sp CAG 488	1000	0
Tongue dorsum	90	SP0473	Sanguibacteroides justesenii	1000	0
Tongue dorsum	90	SP0474	Coprobacillus cateniformis	1000	0
Tongue dorsum	90	SP0475	Eisenbergiella massiliensis	1000	0
Tongue dorsum	90	SP0476	Bifidobacterium pseudocatenulatum	1000	0
Tongue dorsum	90	SP0477	Hungatella hathewayi	1000	0
Tongue dorsum	90	SP0478	Clostridium sp CAG 411	1000	0
Tongue dorsum	90	SP0479	Pseudoflavonifractor capillosus	1000	0
Tongue dorsum	90	SP0480	Prevotella sp CAG 1031	1000	0
Tongue dorsum	90	SP0481	Desulfovibrio piger	1000	0
Tongue dorsum	90	SP0482	Prevotella corporis	1000	0
Tongue dorsum	90	SP0483	Campylobacter hominis	1000	0
Tongue dorsum	90	SP0484	Ruminococcus obeum CAG 39	1000	0
Tongue dorsum	90	SP0485	Klebsiella variicola	1000	0
Tongue dorsum	90	SP0486	Lachnoclostridium sp An131	1000	0
Tongue dorsum	90	SP0487	Anaerofustis stercorihominis	1000	0
Tongue dorsum	90	SP0488	Sellimonas intestinalis	1000	0
Tongue dorsum	90	SP0489	Pseudoflavonifractor sp An184	1000	0
Tongue dorsum	90	SP0490	Eubacterium limosum	1000	0
Tongue dorsum	90	SP0491	Clostridium aldenense	1000	0
Tongue dorsum	90	SP0492	Streptococcus sinensis	1000	0
Tongue dorsum	90	SP0493	Clostridium methylpentosum	1000	0
Tongue dorsum	90	SP0494	Mogibacterium timidum	1000	0
Tongue dorsum	90	SP0495	Malassezia restricta	1000	0
Tongue dorsum	90	SP0496	Staphylococcus capitis	1000	0
Tongue dorsum	90	SP0497	Megamonas hypermegale	1000	0
Tongue dorsum	90	SP0498	Megamonas funiformis	1000	0
Tongue dorsum	90	SP0499	Clostridium sp CAG 299	1000	0
Tongue dorsum	90	SP0500	Tyzzerella nexilis	1000	0
Tongue dorsum	90	SP0501	Blautia hansenii	1000	0
Tongue dorsum	90	SP0502	Bifidobacterium bifidum	1000	0
Tongue dorsum	90	SP0503	Bacillus aerius	1000	0
Tongue dorsum	90	SP0504	Candidatus Stoquefichus sp KLE1796	1000	0
Tongue dorsum	90	SP0505	Scardovia wiggsiae	1000	0
Tongue dorsum	90	SP0506	Prevotella intermedia	1000	0
Tongue dorsum	90	SP0507	Parvimonas sp KA00067	1000	0
Tongue dorsum	90	SP0508	Capnocytophaga sp oral taxon 878	1000	0
Tongue dorsum	90	SP0509	Streptococcus viridans	1000	0
Tongue dorsum	90	SP0510	Blautia sp N6H1 15	1000	0
Tongue dorsum	90	SP0511	Clostridium scindens	1000	0
Tongue dorsum	90	SP0512	Fusobacterium ulcerans	1000	0
Tongue dorsum	90	SP0513	Malassezia globosa	1000	0
Tongue dorsum	90	SP0514	Micrococcus luteus	1000	0
Tongue dorsum	90	SP0515	Kocuria palustris	1000	0
Tongue dorsum	90	SP0516	Moraxella osloensis	1000	0
Tongue dorsum	90	SP0517	Anaerococcus nagyae	1000	0
Tongue dorsum	90	SP0518	Acinetobacter radioresistens	1000	0
Tongue dorsum	90	SP0519	Enhydrobacter aerosaccus	1000	0
Tongue dorsum	90	SP0520	Propionibacterium humerusii	1000	0
Tongue dorsum	90	SP0521	Odoribacter laneus	1000	0
Tongue dorsum	90	SP0522	Candidatus Methanomassiliicoccus intestinalis	1000	0
Tongue dorsum	90	SP0523	Roseburia sp CAG 303	1000	0
Tongue dorsum	90	SP0524	Ruminococcus sp CAG 624	1000	0
Tongue dorsum	90	SP0525	Lactobacillus acidophilus	1000	0
Tongue dorsum	90	SP0526	Desulfovibrio fairfieldensis	1000	0
Tongue dorsum	90	SP0527	Allisonella histaminiformans	1000	0
Tongue dorsum	90	SP0528	Haemophilus aegyptius	1000	0
Tongue dorsum	90	SP0529	Candida tropicalis	1000	0
Tongue dorsum	90	SP0530	Prevotella sp AM42 24	1000	0
Tongue dorsum	90	SP0531	Bacteroides faecis CAG 32	1000	0
Tongue dorsum	90	SP0532	Dialister sp CAG 357	1000	0
Tongue dorsum	90	SP0533	Enterococcus faecium	1000	0
Tongue dorsum	90	SP0534	Bifidobacterium catenulatum	1000	0
Tongue dorsum	90	SP0535	Eubacterium saphenum	1000	0
Tongue dorsum	90	SP0536	Bacteroidetes bacterium oral taxon 272	1000	0
Tongue dorsum	90	SP0537	Dialister pneumosintes	1000	0
Tongue dorsum	90	SP0538	Anaerolineaceae bacterium oral taxon 439	1000	0
Tongue dorsum	90	SP0539	Streptococcus massiliensis	1000	0
Tongue dorsum	90	SP0540	Capnocytophaga haemolytica	1000	0
Tongue dorsum	90	SP0541	Prevotella dentalis	1000	0
Tongue dorsum	90	SP0542	Pseudoramibacter alactolyticus	1000	0
Tongue dorsum	90	SP0543	Treponema putidum	1000	0
Tongue dorsum	90	SP0544	Prevotella sp oral taxon 820	1000	0
Tongue dorsum	90	SP0545	Prevotella amnii	1000	0
Tongue dorsum	90	SP0546	Moraxella lincolnii	1000	0
Tongue dorsum	90	SP0547	Prevotella sp 885	1000	0
Tongue dorsum	90	SP0548	Butyrivibrio sp CAG 318	1000	0
Tongue dorsum	90	SP0549	Bacteroides sartorii	1000	0
Tongue dorsum	90	SP0550	Clostridium sp CAG 590	1000	0
Tongue dorsum	90	SP0551	Clostridiales bacterium CHKCI006	1000	0
Tongue dorsum	90	SP0552	Clostridium sp CAG 242	1000	0
Tongue dorsum	90	SP0553	Clostridium sp chh4 2	1000	0
Tongue dorsum	90	SP0554	Flavonifractor sp An10	1000	0
Tongue dorsum	90	SP0555	Methanosphaera stadtmanae	1000	0
Tongue dorsum	90	SP0556	Blautia producta	1000	0
Tongue dorsum	90	SP0557	Clostridium asparagiforme	1000	0
Tongue dorsum	90	SP0558	Lactonifactor longoviformis	1000	0
Tongue dorsum	90	SP0559	Simonsiella muelleri	1000	0
Tongue dorsum	90	SP0560	Chlamydia ibidis	1000	0
Tongue dorsum	90	SP0561	Megamonas funiformis CAG 377	1000	0
Tongue dorsum	90	SP0562	Porphyromonas gingivalis	1000	0
Tongue dorsum	90	SP0563	Prevotella multiformis	1000	0
Tongue dorsum	90	SP0564	Eubacterium nodatum	1000	0
Tongue dorsum	90	SP0565	Leptotrichia sp oral taxon 847	1000	0
Tongue dorsum	90	SP0566	Streptococcus sp HMSC070B10	1000	0
Tongue dorsum	90	SP0567	Desulfobulbus oralis	1000	0
Tongue dorsum	90	SP0568	Prevotella sp oral taxon 376	1000	0
Tongue dorsum	90	SP0569	Eggerthia catenaformis	1000	0
Tongue dorsum	90	SP0570	Prevotella baroniae	1000	0
Tongue dorsum	90	SP0571	Propionibacterium acidifaciens	1000	0
Tongue dorsum	90	SP0572	Peptostreptococcaceae bacterium oral taxon 113	1000	0
Tongue dorsum	90	SP0573	Corynebacterium tuberculostearicum	1000	0
Tongue dorsum	90	SP0574	Kingella kingae	1000	0
Tongue dorsum	90	SP0575	Faecalicoccus pleomorphus	1000	0
Tongue dorsum	90	SP0576	Corynebacterium kroppenstedtii	1000	0
Tongue dorsum	90	SP0577	Paracoccus versutus	1000	0
Tongue dorsum	90	SP0578	Streptococcus salivarius CAG 79	1000	0
Tongue dorsum	90	SP0579	Paracoccus pantotrophus	1000	0
Tongue dorsum	90	SP0580	Coprobacter sp	1000	0
Tongue dorsum	90	SP0581	Phascolarctobacterium succinatutens	1000	0
Tongue dorsum	90	SP0582	Catabacter hongkongensis	1000	0
Tongue dorsum	90	SP0583	Clostridium sp D5	1000	0
Tongue dorsum	90	SP0584	Peptoniphilus sp HMSC062D09	1000	0
Tongue dorsum	90	SP0585	Eubacterium sp OM08 24	1000	0
Tongue dorsum	90	SP0586	Anaerofilum sp An201	1000	0
Tongue dorsum	90	SP0587	Mycobacteroides chelonae	1000	0
Tongue dorsum	90	SP0588	Neisseria polysaccharea	1000	0
Tongue dorsum	90	SP0589	Haemophilus sp C1	1000	0
Tongue dorsum	90	SP0590	Bifidobacterium angulatum	1000	0
Tongue dorsum	90	SP0591	Mitsuokella multacida	1000	0
Tongue dorsum	90	SP0592	Megasphaera elsdenii	1000	0
Tongue dorsum	90	SP0593	Porphyromonas sp HMSC065F10	1000	0
Tongue dorsum	90	SP0594	Clostridium ventriculi	1000	0
Tongue dorsum	90	SP0595	Mitsuokella jalaludinii	1000	0
Tongue dorsum	90	SP0596	Actinomyces cardiffensis	1000	0
Tongue dorsum	90	SP0597	Flavonifractor sp An100	1000	0
Tongue dorsum	90	SP0598	Pseudomonas fluorescens group	1000	0
Tongue dorsum	90	SP0599	Brochothrix thermosphacta	1000	0
Tongue dorsum	90	SP0600	Carnobacterium divergens	1000	0
Tongue dorsum	90	SP0601	Pseudomonas fragi	1000	0
Tongue dorsum	90	SP0602	Carnobacterium maltaromaticum	1000	0
Tongue dorsum	90	SP0603	Psychrobacter sp 1501 2011	1000	0
Tongue dorsum	90	SP0604	Serratia proteamaculans	1000	0
Tongue dorsum	90	SP0605	Bacteroides sp CAG 443	1000	0
Tongue dorsum	90	SP0606	Aeriscardovia aeriphila	1000	0
Tongue dorsum	90	SP0607	Subdoligranulum variabile	1000	0
Tongue dorsum	90	SP0608	Sphingomonas koreensis	1000	0
Tongue dorsum	90	SP0609	Anaerostipes caccae	1000	0
Tongue dorsum	90	SP0610	Firmicutes bacterium CAG 424	1000	0
Tongue dorsum	90	SP0611	Fusobacterium naviforme	1000	0
Tongue dorsum	90	SP0612	Clostridium hylemonae	1000	0
Tongue dorsum	90	SP0613	Megasphaera sp DISK 18	1000	0
Tongue dorsum	90	SP0614	Megasphaera sp MJR8396C	1000	0
Tongue dorsum	90	SP0615	Moraxella catarrhalis	1000	0
Tongue dorsum	90	SP0616	Klebsiella aerogenes	1000	0
Tongue dorsum	90	SP0617	Proteus mirabilis	1000	0
Tongue dorsum	90	SP0618	Staphylococcus lugdunensis	1000	0
Tongue dorsum	90	SP0619	Butyricicoccus pullicaecorum	1000	0
Tongue dorsum	90	SP0620	Malassezia sympodialis	1000	0
Tongue dorsum	90	SP0621	Corynebacterium argentoratense	1000	0
Tongue dorsum	90	SP0622	Leuconostoc mesenteroides	1000	0
Tongue dorsum	90	SP0623	Propionibacterium sp oral taxon 192	1000	0
Tongue dorsum	90	SP0624	Prevotella sp CAG 617	1000	0
Tongue dorsum	90	SP0625	Prevotella sp CAG 1185	1000	0
Tongue dorsum	90	SP0626	Lawsonella clevelandensis	1000	0
Tongue dorsum	90	SP0627	Citrobacter portucalensis	1000	0
Tongue dorsum	90	SP0628	Citrobacter youngae	1000	0
Tongue dorsum	90	SP0629	Klebsiella quasipneumoniae	1000	0
Tongue dorsum	90	SP0630	Clostridium sp 7 2 43FAA	1000	0
Tongue dorsum	90	SP0631	Staphylococcus pseudintermedius	1000	0
Tongue dorsum	90	SP0632	Tepidiphilus thermophilus	1000	0
Tongue dorsum	90	SP0633	Fusobacterium necrophorum	1000	0
Tongue dorsum	90	SP0634	Brachyspira sp CAG 700	1000	0
Tongue dorsum	90	SP0635	Elizabethkingia miricola	1000	0
Tongue dorsum	90	SP0636	Parabacteroides gordonii	1000	0
Tongue dorsum	90	SP0637	Phascolarctobacterium sp CAG 266	1000	0
Tongue dorsum	90	SP0638	Corynebacterium kefirresidentii	1000	0
Tongue dorsum	90	SP0639	Anaerotruncus sp CAG 528	1000	0
Tongue dorsum	90	SP0640	Enterococcus faecalis	1000	0
Tongue dorsum	90	SP0641	Citrobacter europaeus	1000	0
Tongue dorsum	90	SP0642	Lachnoclostridium sp An118	1000	0
Tongue dorsum	90	SP0643	Enterococcus gallinarum	1000	0
Tongue dorsum	90	SP0644	Klebsiella oxytoca	1000	0
Tongue dorsum	90	SP0645	Negativicoccus succinicivorans	1000	0
Tongue dorsum	90	SP0646	Kingella potus	1000	0
Tongue dorsum	90	SP0647	Corynebacterium singulare	1000	0
Tongue dorsum	90	SP0648	Bacteroides sp OM05 12	1000	0
Tongue dorsum	90	SP0649	Bifidobacterium animalis	1000	0
Tongue dorsum	90	SP0650	Stenotrophomonas maltophilia	1000	0
Tongue dorsum	90	SP0651	Staphylococcus saprophyticus	1000	0
Tongue dorsum	90	SP0652	Bacteroides sp D2	1000	0
Tongue dorsum	90	SP0653	Eubacterium coprostanoligenes	1000	0
Tongue dorsum	90	SP0654	Anaerobiospirillum thomasii	1000	0
Tongue dorsum	90	SP0655	Fusobacterium mortiferum	1000	0
Tongue dorsum	90	SP0656	Helicobacter pylori	1000	0
Tongue dorsum	90	SP0657	Clostridium hiranonis	1000	0
Tongue dorsum	90	SP0658	Veillonella denticariosi	1000	0
Tongue dorsum	90	SP0659	Peptostreptococcus anaerobius	1000	0
Tongue dorsum	90	SP0660	Peptostreptococcus sp MV1	1000	0
Tongue dorsum	90	SP0661	Criibacterium bergeronii	1000	0
Tongue dorsum	90	SP0662	Blautia coccoides	1000	0
Tongue dorsum	90	SP0663	Anaerococcus vaginalis	1000	0
Tongue dorsum	90	SP0664	Bifidobacterium dentium	1000	0
Tongue dorsum	90	SP0665	Lactobacillus delbrueckii	1000	0
Tongue dorsum	90	SP0666	Blastocystis sp subtype 1	1000	0
Tongue dorsum	90	SP0667	Staphylococcus hominis	1000	0
Tongue dorsum	90	SP0668	Corynebacterium amycolatum	1000	0
Tongue dorsum	90	SP0669	Agitococcus lubricus	1000	0
Tongue dorsum	90	SP0670	Listeria monocytogenes	1000	0
Tongue dorsum	90	SP0671	Bacteroides caecimuris	1000	0
Tongue dorsum	90	SP0672	Acinetobacter junii	1000	0
Tongue dorsum	90	SP0673	Acinetobacter lwoffii	1000	0
Tongue dorsum	90	SP0674	Dermabacter hominis	1000	0
Tongue dorsum	90	SP0675	Micrococcus lylae	1000	0
Tongue dorsum	90	SP0676	Corynebacterium sp HMSC08A12	1000	0
Tongue dorsum	90	SP0677	Corynebacterium hadale	1000	0
Tongue dorsum	90	SP0678	Pyramidobacter piscolens	1000	0
Tongue dorsum	90	SP0679	Corynebacterium simulans	1000	0
Tongue dorsum	90	SP0680	Comamonas kerstersii	1000	0
Tongue dorsum	90	SP0681	Bifidobacterium breve	1000	0
Tongue dorsum	90	SP0682	Enterobacter cloacae complex	1000	0
Tongue dorsum	90	SP0683	Enterobacter bugandensis	1000	0
Tongue dorsum	90	SP0684	Actinomyces turicensis	1000	0
Tongue dorsum	90	SP0685	Staphylococcus haemolyticus	1000	0
Tongue dorsum	90	SP0686	Burkholderia cenocepacia	1000	0
Tongue dorsum	90	SP0687	Burkholderia pyrrocinia	1000	0
Tongue dorsum	90	SP0688	Jonquetella anthropi	1000	0
Tongue dorsum	90	SP0689	Bacteroides stercorirosoris	1000	0
Tongue dorsum	90	SP0690	Bacteroides oleiciplenus	1000	0
Tongue dorsum	90	SP0691	Corynebacterium afermentans	1000	0
Tongue dorsum	90	SP0692	Lactobacillus curvatus	1000	0
Tongue dorsum	90	SP0693	Clostridioides difficile	1000	0
Tongue dorsum	90	SP0694	Lactobacillus plantarum	1000	0
Tongue dorsum	90	SP0695	Candida dubliniensis	1000	0
Tongue dorsum	90	SP0696	Lactobacillus fermentum	1000	0
Tongue dorsum	90	SP0697	Hafnia paralvei	1000	0
Tongue dorsum	90	SP0698	Candidatus Gastranaerophilales bacterium	1000	0
Tongue dorsum	90	SP0699	Kocuria indica	1000	0
Tongue dorsum	90	SP0700	Streptococcus agalactiae	1000	0
Tongue dorsum	90	SP0701	Enterococcus dispar	1000	0
Tongue dorsum	90	SP0702	Firmicutes bacterium CAG 646	1000	0
Tongue dorsum	90	SP0703	Peptoniphilus sp DNF00840	1000	0
Tongue dorsum	90	SP0704	Bacteroidales bacterium KA00251	1000	0
Tongue dorsum	90	SP0705	Ureaplasma urealyticum	1000	0
Tongue dorsum	90	SP0706	Veillonella montpellierensis	1000	0
Tongue dorsum	90	SP0707	Actinomyces urogenitalis	1000	0
Tongue dorsum	90	SP0708	Actinomyces radingae	1000	0
Tongue dorsum	90	SP0709	Megasphaera sp BV3C16 1	1000	0
Tongue dorsum	90	SP0710	Bifidobacterium scardovii	1000	0
Tongue dorsum	90	SP0711	Staphylococcus warneri	1000	0
Tongue dorsum	90	SP0712	Veillonella sp CAG 933	1000	0
Tongue dorsum	90	SP0713	Lachnospiraceae bacterium 2 1 46FAA	1000	0
Tongue dorsum	90	SP0714	Clostridium neonatale	1000	0
Tongue dorsum	90	SP0715	Lactobacillus algidus	1000	0
Tongue dorsum	90	SP0716	Lactobacillus reuteri	1000	0
Tongue dorsum	90	SP0717	Moraxella lacunata	1000	0
Tongue dorsum	90	SP0718	Staphylococcus pasteuri	1000	0
Tongue dorsum	90	SP0719	Pantoea ananatis	1000	0
Tongue dorsum	90	SP0720	Parascardovia denticolens	1000	0
Tongue dorsum	90	SP0721	Brevundimonas diminuta	1000	0
Tongue dorsum	90	SP0722	Mixta calida	1000	0
Tongue dorsum	90	SP0723	Acinetobacter ursingii	1000	0
Tongue dorsum	90	SP0724	Corynebacterium striatum	1000	0
Tongue dorsum	90	SP0725	Acinetobacter parvus	1000	0
Tongue dorsum	90	SP0726	Roseomonas mucosa	1000	0
Tongue dorsum	90	SP0727	Acinetobacter bereziniae	1000	0
Tongue dorsum	90	SP0728	Paracoccus sanguinis	1000	0
Tongue dorsum	90	SP0729	Lactobacillus mucosae	1000	0
Tongue dorsum	90	SP0730	Acidovorax caeni	1000	0
Tongue dorsum	90	SP0731	Porphyromonas cangingivalis	1000	0
Tongue dorsum	90	SP0732	Porphyromonas gulae	1000	0
Tongue dorsum	90	SP0733	Porphyromonas gingivicanis	1000	0
Tongue dorsum	90	SP0734	Staphylococcus cohnii	1000	0
Tongue dorsum	90	SP0735	Neisseria dumasiana	1000	0
Tongue dorsum	90	SP0736	Lactobacillus rhamnosus	1000	0
Tongue dorsum	90	SP0737	Fusobacterium gonidiaformans	1000	0
Tongue dorsum	90	SP0738	Bacteroides zoogleoformans	1000	0
Tongue dorsum	90	SP0739	Cloacibacillus porcorum	1000	0
Tongue dorsum	90	SP0740	Leuconostoc garlicum	1000	0
Tongue dorsum	90	SP0741	Dialister succinatiphilus	1000	0
Tongue dorsum	90	SP0742	Gemmiger sp An194	1000	0
Tongue dorsum	90	SP0743	Mycolicibacterium mucogenicum	1000	0
Tongue dorsum	90	SP0744	Massilia timonae	1000	0
Tongue dorsum	90	SP0745	Sphingobium yanoikuyae	1000	0
Tongue dorsum	90	SP0746	Herbaspirillum sp	1000	0
Tongue dorsum	90	SP0747	Synechococcus sp JA 2 3B a 2 13	1000	0
Tongue dorsum	90	SP0748	Roseiflexus sp RS 1	1000	0
Tongue dorsum	90	SP0749	Streptococcus lutetiensis	1000	0
Supragingival plaque	88	SP0001	Parabacteroides merdae	1000	0
Supragingival plaque	88	SP0002	Bacteroides vulgatus	1000	0
Supragingival plaque	88	SP0003	Bacteroides cellulosilyticus	1000	0
Supragingival plaque	88	SP0004	Parabacteroides distasonis	1000	0
Supragingival plaque	88	SP0005	Bacteroides sp CAG 927	1000	0
Supragingival plaque	88	SP0006	Bacteroides ovatus	1000	0
Supragingival plaque	88	SP0007	Bacteroides caccae	1000	0
Supragingival plaque	88	SP0008	Alistipes putredinis	1000	0
Supragingival plaque	88	SP0009	Parasutterella excrementihominis	1000	0
Supragingival plaque	88	SP0010	Faecalibacterium prausnitzii	1000	0
Supragingival plaque	88	SP0011	Alistipes shahii	1000	0
Supragingival plaque	88	SP0012	Ruminococcus bicirculans	1000	0
Supragingival plaque	88	SP0013	Roseburia intestinalis	1000	0
Supragingival plaque	88	SP0014	Lachnospira pectinoschiza	1000	0
Supragingival plaque	88	SP0015	Eubacterium sp CAG 38	1000	0
Supragingival plaque	88	SP0016	Proteobacteria bacterium CAG 139	1000	0
Supragingival plaque	88	SP0017	Odoribacter splanchnicus	1000	0
Supragingival plaque	88	SP0018	Oscillibacter sp 57 20	1000	0
Supragingival plaque	88	SP0019	Turicimonas muris	1000	0
Supragingival plaque	88	SP0020	Akkermansia muciniphila	1000	0
Supragingival plaque	88	SP0021	Roseburia hominis	1000	0
Supragingival plaque	88	SP0022	Coprococcus eutactus	1000	0
Supragingival plaque	88	SP0023	Eubacterium rectale	1000	0
Supragingival plaque	88	SP0024	Bacteroides fragilis	1000	0
Supragingival plaque	88	SP0025	Ruthenibacterium lactatiformans	1000	0
Supragingival plaque	88	SP0026	Alistipes indistinctus	1000	0
Supragingival plaque	88	SP0027	Eubacterium ventriosum	1000	0
Supragingival plaque	88	SP0028	Fusicatenibacter saccharivorans	1000	0
Supragingival plaque	88	SP0029	Gemmiger formicilis	1000	0
Supragingival plaque	88	SP0030	Eubacterium eligens	1000	0
Supragingival plaque	88	SP0031	Butyricimonas synergistica	1000	0
Supragingival plaque	88	SP0032	Agathobaculum butyriciproducens	1000	0
Supragingival plaque	88	SP0033	Butyricimonas virosa	1000	0
Supragingival plaque	88	SP0034	Anaerostipes hadrus	1000	0
Supragingival plaque	88	SP0035	Dorea formicigenerans	1000	0
Supragingival plaque	88	SP0036	Streptococcus parasanguinis	1000	0
Supragingival plaque	88	SP0037	Eubacterium ramulus	1000	0
Supragingival plaque	88	SP0038	Oscillibacter sp CAG 241	1000	0
Supragingival plaque	88	SP0039	Firmicutes bacterium CAG 145	1000	0
Supragingival plaque	88	SP0040	Veillonella dispar	1000	0
Supragingival plaque	88	SP0041	Intestinimonas butyriciproducens	1000	0
Supragingival plaque	88	SP0042	Blautia obeum	1000	0
Supragingival plaque	88	SP0043	Bacteroides galacturonicus	1000	0
Supragingival plaque	88	SP0044	Veillonella atypica	1000	0
Supragingival plaque	88	SP0045	Veillonella parvula	1000	1
Supragingival plaque	88	SP0046	Alistipes inops	1000	0
Supragingival plaque	88	SP0047	Haemophilus parainfluenzae	1000	1
Supragingival plaque	88	SP0048	Lactobacillus rogosae	1000	0
Supragingival plaque	88	SP0049	Victivallis vadensis	1000	0
Supragingival plaque	88	SP0050	Dielma fastidiosa	1000	0
Supragingival plaque	88	SP0051	Prevotella disiens	1000	0
Supragingival plaque	88	SP0052	Parabacteroides goldsteinii	1000	0
Supragingival plaque	88	SP0053	Oxalobacter formigenes	1000	0
Supragingival plaque	88	SP0054	Collinsella aerofaciens	1000	0
Supragingival plaque	88	SP0055	Lawsonibacter asaccharolyticus	1000	0
Supragingival plaque	88	SP0056	Flavonifractor plautii	1000	0
Supragingival plaque	88	SP0057	Streptococcus salivarius	1000	0
Supragingival plaque	88	SP0058	Dialister invisus	1000	0
Supragingival plaque	88	SP0059	Veillonella sp T11011 6	1000	0
Supragingival plaque	88	SP0060	Veillonella infantium	1000	0
Supragingival plaque	88	SP0061	Bacteroides stercoris	1000	0
Supragingival plaque	88	SP0062	Bacteroides uniformis	1000	0
Supragingival plaque	88	SP0063	Barnesiella intestinihominis	1000	0
Supragingival plaque	88	SP0064	Ruminococcus bromii	1000	0
Supragingival plaque	88	SP0065	Bacteroides thetaiotaomicron	1000	0
Supragingival plaque	88	SP0066	Parabacteroides johnsonii	1000	0
Supragingival plaque	88	SP0067	Phascolarctobacterium faecium	1000	0
Supragingival plaque	88	SP0068	Roseburia inulinivorans	1000	0
Supragingival plaque	88	SP0069	Bacteroides clarus	1000	0
Supragingival plaque	88	SP0070	Roseburia faecis	1000	0
Supragingival plaque	88	SP0071	Firmicutes bacterium CAG 110	1000	0
Supragingival plaque	88	SP0072	Bacteroides xylanisolvens	1000	0
Supragingival plaque	88	SP0073	Firmicutes bacterium CAG 95	1000	0
Supragingival plaque	88	SP0074	Monoglobus pectinilyticus	1000	0
Supragingival plaque	88	SP0075	Bacteroides dorei	1000	0
Supragingival plaque	88	SP0076	Ruminococcus torques	1000	0
Supragingival plaque	88	SP0077	Clostridium sp CAG 58	1000	0
Supragingival plaque	88	SP0078	Alistipes timonensis	1000	0
Supragingival plaque	88	SP0079	Firmicutes bacterium CAG 83	1000	0
Supragingival plaque	88	SP0080	Alistipes finegoldii	1000	0
Supragingival plaque	88	SP0081	Dorea longicatena	1000	0
Supragingival plaque	88	SP0082	Eubacterium hallii	1000	0
Supragingival plaque	88	SP0083	Gordonibacter pamelaeae	1000	0
Supragingival plaque	88	SP0084	Clostridium spiroforme	1000	0
Supragingival plaque	88	SP0085	Collinsella stercoris	1000	0
Supragingival plaque	88	SP0086	Coprococcus comes	1000	0
Supragingival plaque	88	SP0087	Oscillibacter sp PC13	1000	0
Supragingival plaque	88	SP0088	Holdemania filiformis	1000	0
Supragingival plaque	88	SP0089	Adlercreutzia equolifaciens	1000	0
Supragingival plaque	88	SP0090	Christensenella minuta	1000	0
Supragingival plaque	88	SP0091	Asaccharobacter celatus	1000	0
Supragingival plaque	88	SP0092	[Collinsella] massiliensis	1000	0
Supragingival plaque	88	SP0093	Clostridium leptum	1000	0
Supragingival plaque	88	SP0094	Eggerthella lenta	1000	0
Supragingival plaque	88	SP0095	Collinsella intestinalis	1000	0
Supragingival plaque	88	SP0096	Bilophila wadsworthia	1000	0
Supragingival plaque	88	SP0097	Blautia wexlerae	1000	0
Supragingival plaque	88	SP0098	Streptococcus mitis	1000	1
Supragingival plaque	88	SP0099	Clostridium citroniae	1000	0
Supragingival plaque	88	SP0100	Streptococcus infantis	1000	0
Supragingival plaque	88	SP0101	Enorma massiliensis	1000	0
Supragingival plaque	88	SP0102	Gemella sanguinis	1000	0
Supragingival plaque	88	SP0103	Clostridium innocuum	1000	0
Supragingival plaque	88	SP0104	Enterorhabdus caecimuris	1000	0
Supragingival plaque	88	SP0105	Olsenella scatoligenes	1000	0
Supragingival plaque	88	SP0106	Fretibacterium fastidiosum	1000	0
Supragingival plaque	88	SP0107	Rothia mucilaginosa	1000	0
Supragingival plaque	88	SP0108	Actinomyces sp ICM47	1000	0
Supragingival plaque	88	SP0109	Prevotella melaninogenica	1000	0
Supragingival plaque	88	SP0110	Actinomyces sp oral taxon 181	1000	0
Supragingival plaque	88	SP0111	Actinomyces graevenitzii	1000	0
Supragingival plaque	88	SP0112	Prevotella salivae	1000	0
Supragingival plaque	88	SP0113	Prevotella histicola	1000	0
Supragingival plaque	88	SP0114	Oribacterium sinus	1000	0
Supragingival plaque	88	SP0115	Actinomyces sp HMSC035G02	1000	0
Supragingival plaque	88	SP0116	Veillonella rogosae	1000	0
Supragingival plaque	88	SP0117	Campylobacter concisus	1000	0.957
Supragingival plaque	88	SP0118	Megasphaera micronuciformis	1000	0
Supragingival plaque	88	SP0119	Fusobacterium periodonticum	1000	0.276
Supragingival plaque	88	SP0120	Actinomyces odontolyticus	1000	0.021
Supragingival plaque	88	SP0121	Atopobium parvulum	1000	0
Supragingival plaque	88	SP0122	Prevotella pallens	1000	0
Supragingival plaque	88	SP0123	Granulicatella elegans	1000	0.004
Supragingival plaque	88	SP0124	Stomatobaculum longum	1000	0
Supragingival plaque	88	SP0125	Leptotrichia wadei	1000	0.002
Supragingival plaque	88	SP0126	Actinomyces sp S6 Spd3	1000	0
Supragingival plaque	88	SP0127	Streptococcus thermophilus	1000	0
Supragingival plaque	88	SP0128	Neisseria flavescens	1000	0.366
Supragingival plaque	88	SP0129	Streptococcus oralis	1000	1
Supragingival plaque	88	SP0130	Neisseria subflava	1000	0
Supragingival plaque	88	SP0131	Lachnoanaerobaculum saburreum	1000	0
Supragingival plaque	88	SP0132	Streptococcus sanguinis	1000	1
Supragingival plaque	88	SP0133	Streptococcus australis	1000	0
Supragingival plaque	88	SP0134	Streptococcus gordonii	1000	0.992
Supragingival plaque	88	SP0135	Leptotrichia sp oral taxon 215	1000	0.107
Supragingival plaque	88	SP0136	Streptococcus sp F0442	1000	0
Supragingival plaque	88	SP0137	Porphyromonas somerae	1000	0.133
Supragingival plaque	88	SP0138	Kingella oralis	1000	1
Supragingival plaque	88	SP0139	Prevotella sp oral taxon 299	1000	0
Supragingival plaque	88	SP0140	Oribacterium asaccharolyticum	1000	0
Supragingival plaque	88	SP0141	Rothia dentocariosa	1000	1
Supragingival plaque	88	SP0142	Solobacterium moorei	1000	0
Supragingival plaque	88	SP0143	Haemophilus sputorum	1000	0
Supragingival plaque	88	SP0144	Staphylococcus aureus	1000	0
Supragingival plaque	88	SP0145	Streptococcus sp HPH0090	1000	0
Supragingival plaque	88	SP0146	Gemella haemolysans	1000	0.45
Supragingival plaque	88	SP0147	Streptococcus sp A12	1000	0
Supragingival plaque	88	SP0148	Lactobacillus helveticus	1000	0
Supragingival plaque	88	SP0149	Leptotrichia sp oral taxon 212	1000	0.995
Supragingival plaque	88	SP0150	Fusobacterium nucleatum	1000	1
Supragingival plaque	88	SP0151	Capnocytophaga leadbetteri	1000	1
Supragingival plaque	88	SP0152	Granulicatella adiacens	1000	0
Supragingival plaque	88	SP0153	Prevotella nigrescens	1000	0
Supragingival plaque	88	SP0154	Streptococcus vestibularis	1000	0
Supragingival plaque	88	SP0155	Streptococcus sp HMSC034E03	1000	0
Supragingival plaque	88	SP0156	Actinomyces sp HPA0247	1000	0
Supragingival plaque	88	SP0157	Capnocytophaga gingivalis	1000	1
Supragingival plaque	88	SP0158	Actinomyces oris	1000	1
Supragingival plaque	88	SP0159	Rothia aeria	1000	1
Supragingival plaque	88	SP0160	Haemophilus influenzae	1000	0
Supragingival plaque	88	SP0161	Haemophilus quentini	1000	0
Supragingival plaque	88	SP0162	Streptococcus cristatus	1000	0.28
Supragingival plaque	88	SP0163	Streptococcus mutans	1000	0
Supragingival plaque	88	SP0164	Streptococcus sp HMSC067H01	1000	0
Supragingival plaque	88	SP0165	Atopobium rimae	1000	0
Supragingival plaque	88	SP0166	Haemophilus haemolyticus	1000	0.078
Supragingival plaque	88	SP0167	Capnocytophaga granulosa	1000	0.663
Supragingival plaque	88	SP0168	Neisseria sicca	1000	1
Supragingival plaque	88	SP0169	Leptotrichia hofstadii	1000	0.776
Supragingival plaque	88	SP0170	Cardiobacterium hominis	1000	1
Supragingival plaque	88	SP0171	Capnocytophaga sputigena	1000	1
Supragingival plaque	88	SP0172	Streptococcus sp HMSC071D03	1000	0
Supragingival plaque	88	SP0173	Streptococcus pseudopneumoniae	1000	0
Supragingival plaque	88	SP0174	Corynebacterium durum	1000	1
Supragingival plaque	88	SP0175	Prevotella pleuritidis	1000	0
Supragingival plaque	88	SP0176	Gemella morbillorum	1000	1
Supragingival plaque	88	SP0177	Lautropia mirabilis	1000	1
Supragingival plaque	88	SP0178	Prevotella sp oral taxon 473	1000	0
Supragingival plaque	88	SP0179	Aggregatibacter sp oral taxon 458	1000	0.085
Supragingival plaque	88	SP0180	Bulleidia extructa	1000	0
Supragingival plaque	88	SP0181	Leptotrichia sp oral taxon 225	1000	0.001
Supragingival plaque	88	SP0182	Leptotrichia sp oral taxon 498	1000	0
Supragingival plaque	88	SP0183	Actinomyces naeslundii	1000	1
Supragingival plaque	88	SP0184	Haemophilus parahaemolyticus	1000	0
Supragingival plaque	88	SP0185	Bifidobacterium longum	1000	0
Supragingival plaque	88	SP0186	Prevotella oris	1000	0.003
Supragingival plaque	88	SP0187	Parvimonas micra	1000	0
Supragingival plaque	88	SP0188	Streptococcus pneumoniae	1000	0
Supragingival plaque	88	SP0189	Haemophilus paraphrohaemolyticus	1000	0
Supragingival plaque	88	SP0190	Corynebacterium matruchotii	1000	1
Supragingival plaque	88	SP0191	Actinomyces sp oral taxon 170	1000	0.001
Supragingival plaque	88	SP0192	Actinobaculum sp oral taxon 183	1000	0.569
Supragingival plaque	88	SP0193	Actinomyces massiliensis	1000	1
Supragingival plaque	88	SP0194	Campylobacter gracilis	1000	0.764
Supragingival plaque	88	SP0195	Capnocytophaga sp oral taxon 863	1000	0
Supragingival plaque	88	SP0196	Eikenella corrodens	1000	1
Supragingival plaque	88	SP0197	Cardiobacterium valvarum	1000	1
Supragingival plaque	88	SP0198	Pseudopropionibacterium propionicum	1000	1
Supragingival plaque	88	SP0199	Actinomyces viscosus	1000	0
Supragingival plaque	88	SP0200	Campylobacter showae	1000	1
Supragingival plaque	88	SP0201	Actinomyces johnsonii	1000	0.282
Supragingival plaque	88	SP0202	Prevotella loescheii	1000	0.004
Supragingival plaque	88	SP0203	Streptococcus sp oral taxon 056	1000	0
Supragingival plaque	88	SP0204	Eubacterium brachy	1000	0
Supragingival plaque	88	SP0205	Abiotrophia defectiva	1000	0.003
Supragingival plaque	88	SP0206	Capnocytophaga ochracea	1000	0.988
Supragingival plaque	88	SP0207	Streptococcus anginosus group	1000	0
Supragingival plaque	88	SP0208	Actinomyces meyeri	1000	0
Supragingival plaque	88	SP0209	Actinomyces sp oral taxon 448	1000	0
Supragingival plaque	88	SP0210	Eikenella sp NML130454	1000	0
Supragingival plaque	88	SP0211	Selenomonas noxia	1000	0.255
Supragingival plaque	88	SP0212	Oribacterium sp oral taxon 078	1000	0
Supragingival plaque	88	SP0213	Abiotrophia sp HMSC24B09	1000	0.09
Supragingival plaque	88	SP0214	Leptotrichia sp oral taxon 879	1000	0.023
Supragingival plaque	88	SP0215	Aggregatibacter actinomycetemcomitans	1000	0
Supragingival plaque	88	SP0216	Actinomyces sp oral taxon 180	1000	0
Supragingival plaque	88	SP0217	Aggregatibacter segnis	1000	0.444
Supragingival plaque	88	SP0218	Actinomyces denticolens	1000	0
Supragingival plaque	88	SP0219	Selenomonas infelix	1000	0
Supragingival plaque	88	SP0220	Kingella denitrificans	1000	0
Supragingival plaque	88	SP0221	Capnocytophaga sp oral taxon 338	1000	0
Supragingival plaque	88	SP0222	Staphylococcus argenteus	1000	0
Supragingival plaque	88	SP0223	Staphylococcus epidermidis	1000	0
Supragingival plaque	88	SP0224	Cutibacterium acnes	1000	0
Supragingival plaque	88	SP0225	Corynebacterium accolens	1000	0
Supragingival plaque	88	SP0226	Escherichia coli	1000	0
Supragingival plaque	88	SP0227	Haemophilus sp HMSC71H05	1000	0
Supragingival plaque	88	SP0228	Propionibacterium namnetense	1000	0
Supragingival plaque	88	SP0229	Klebsiella pneumoniae	1000	0
Supragingival plaque	88	SP0230	Gardnerella vaginalis	1000	0
Supragingival plaque	88	SP0231	Lactobacillus iners	1000	0
Supragingival plaque	88	SP0232	Atopobium vaginae	1000	0
Supragingival plaque	88	SP0233	Sneathia amnii	1000	0
Supragingival plaque	88	SP0234	Veillonellaceae bacterium DNF00626	1000	0
Supragingival plaque	88	SP0235	Prevotella timonensis	1000	0
Supragingival plaque	88	SP0236	Prevotella buccalis	1000	0
Supragingival plaque	88	SP0237	Anaerococcus tetradius	1000	0
Supragingival plaque	88	SP0238	Dialister micraerophilus	1000	0
Supragingival plaque	88	SP0239	Peptoniphilus lacrimalis	1000	0
Supragingival plaque	88	SP0240	Aerococcus christensenii	1000	0
Supragingival plaque	88	SP0241	Mobiluncus curtisii	1000	0
Supragingival plaque	88	SP0242	Tissierellia bacterium KA00581	1000	0
Supragingival plaque	88	SP0243	Prevotella bivia	1000	0
Supragingival plaque	88	SP0244	Lactobacillus jensenii	1000	0
Supragingival plaque	88	SP0245	Mageeibacillus indolicus	1000	0
Supragingival plaque	88	SP0246	Gemella asaccharolytica	1000	0
Supragingival plaque	88	SP0247	Prevotella colorans	1000	0
Supragingival plaque	88	SP0248	Lactobacillus coleohominis	1000	0
Supragingival plaque	88	SP0249	Prevotella sp S7 1 8	1000	0
Supragingival plaque	88	SP0250	Lactobacillus gasseri	1000	0
Supragingival plaque	88	SP0251	Mycoplasma hominis	1000	0
Supragingival plaque	88	SP0252	Porphyromonas uenonis	1000	0
Supragingival plaque	88	SP0253	Peptococcus niger	1000	0
Supragingival plaque	88	SP0254	Peptoniphilus sp BV3C26	1000	0
Supragingival plaque	88	SP0255	Bacteroides coagulans	1000	0
Supragingival plaque	88	SP0256	Porphyromonas asaccharolytica	1000	0
Supragingival plaque	88	SP0257	Peptoniphilus duerdenii	1000	0
Supragingival plaque	88	SP0258	Mobiluncus mulieris	1000	0
Supragingival plaque	88	SP0259	Peptoniphilus harei	1000	0
Supragingival plaque	88	SP0260	Actinomyces neuii	1000	0
Supragingival plaque	88	SP0261	Anaerococcus lactolyticus	1000	0
Supragingival plaque	88	SP0262	Atopobium deltae	1000	0
Supragingival plaque	88	SP0263	Ureaplasma parvum	1000	0
Supragingival plaque	88	SP0264	Varibaculum cambriense	1000	0
Supragingival plaque	88	SP0265	Atopobium minutum	1000	0
Supragingival plaque	88	SP0266	Lactobacillus paragasseri	1000	0
Supragingival plaque	88	SP0267	Prevotella bergensis	1000	0
Supragingival plaque	88	SP0268	Peptoniphilus coxii	1000	0
Supragingival plaque	88	SP0269	Neisseria perflava	1000	0
Supragingival plaque	88	SP0270	Prevotella shahii	1000	0
Supragingival plaque	88	SP0271	Lachnospiraceae bacterium oral taxon 096	1000	0
Supragingival plaque	88	SP0272	Eubacterium sulci	1000	0
Supragingival plaque	88	SP0273	Oribacterium parvum	1000	0
Supragingival plaque	88	SP0274	Tannerella sp oral taxon HOT 286	1000	0
Supragingival plaque	88	SP0275	Mogibacterium diversum	1000	0
Supragingival plaque	88	SP0276	Alloprevotella tannerae	1000	0
Supragingival plaque	88	SP0277	Prevotella jejuni	1000	0
Supragingival plaque	88	SP0278	Lachnoanaerobaculum umeaense	1000	0
Supragingival plaque	88	SP0279	Veillonella tobetsuensis	1000	0
Supragingival plaque	88	SP0280	Gemella bergeri	1000	0
Supragingival plaque	88	SP0281	Treponema sp OMZ 838	1000	0
Supragingival plaque	88	SP0282	Neisseria sp oral taxon 014	1000	0
Supragingival plaque	88	SP0283	Treponema socranskii	1000	0
Supragingival plaque	88	SP0284	Peptostreptococcus stomatis	1000	0
Supragingival plaque	88	SP0285	Alloscardovia omnicolens	1000	0
Supragingival plaque	88	SP0286	Campylobacter mucosalis	1000	0
Supragingival plaque	88	SP0287	Streptococcus peroris	1000	0
Supragingival plaque	88	SP0288	Neisseria elongata	1000	1
Supragingival plaque	88	SP0289	Alloprevotella rava	1000	0
Supragingival plaque	88	SP0290	Treponema denticola	1000	0
Supragingival plaque	88	SP0291	Mogibacterium pumilum	1000	0
Supragingival plaque	88	SP0292	Porphyromonas endodontalis	1000	0
Supragingival plaque	88	SP0293	Bacteroidetes oral taxon 274	1000	0
Supragingival plaque	88	SP0294	Prevotella oulorum	1000	0
Supragingival plaque	88	SP0295	Capnocytophaga sp oral taxon 332	1000	0
Supragingival plaque	88	SP0296	Prevotella denticola	1000	0
Supragingival plaque	88	SP0297	Prevotella scopos	1000	0
Supragingival plaque	88	SP0298	Leptotrichia buccalis	1000	0
Supragingival plaque	88	SP0299	Selenomonas sputigena	1000	0
Supragingival plaque	88	SP0300	Porphyromonas catoniae	1000	0.13
Supragingival plaque	88	SP0301	Streptococcus sp M334	1000	0
Supragingival plaque	88	SP0302	Prevotella veroralis	1000	0
Supragingival plaque	88	SP0303	Slackia exigua	1000	0
Supragingival plaque	88	SP0304	Parvimonas sp oral taxon 110	1000	0
Supragingival plaque	88	SP0305	Leptotrichia goodfellowii	1000	0
Supragingival plaque	88	SP0306	Treponema medium	1000	0
Supragingival plaque	88	SP0307	Haemophilus pittmaniae	1000	0
Supragingival plaque	88	SP0308	Fusobacterium hwasookii	1000	0
Supragingival plaque	88	SP0309	Porphyromonas canoris	1000	0
Supragingival plaque	88	SP0310	Olsenella uli	1000	0
Supragingival plaque	88	SP0311	Prevotella sp oral taxon 306	1000	0
Supragingival plaque	88	SP0312	Selenomonas flueggei	1000	0
Supragingival plaque	88	SP0313	Porphyromonas sp oral taxon 278	1000	0
Supragingival plaque	88	SP0314	Aggregatibacter aphrophilus	1000	0
Supragingival plaque	88	SP0315	Eubacterium yurii	1000	0.081
Supragingival plaque	88	SP0316	Prevotella buccae	1000	0
Supragingival plaque	88	SP0317	Anaeroglobus geminatus	1000	0
Supragingival plaque	88	SP0318	Parvimonas sp oral taxon 393	1000	0
Supragingival plaque	88	SP0319	Tannerella forsythia	1000	0
Supragingival plaque	88	SP0320	Eubacterium infirmum	1000	0
Supragingival plaque	88	SP0321	Actinomyces sp oral taxon 414	1000	0
Supragingival plaque	88	SP0322	Ottowia sp oral taxon 894	1000	0
Supragingival plaque	88	SP0323	Treponema maltophilum	1000	0
Supragingival plaque	88	SP0324	Selenomonas sp oral taxon 892	1000	0
Supragingival plaque	88	SP0325	Prevotella saccharolytica	1000	0
Supragingival plaque	88	SP0326	Johnsonella ignava	1000	0
Supragingival plaque	88	SP0327	Catonella morbi	1000	0.011
Supragingival plaque	88	SP0328	Actinomyces hongkongensis	1000	0
Supragingival plaque	88	SP0329	Prevotella micans	1000	0
Supragingival plaque	88	SP0330	Actinomyces georgiae	1000	0
Supragingival plaque	88	SP0331	Selenomonas artemidis	1000	0
Supragingival plaque	88	SP0332	Prevotella maculosa	1000	0
Supragingival plaque	88	SP0333	Prevotella enoeca	1000	0
Supragingival plaque	88	SP0334	Centipeda periodontii	1000	0
Supragingival plaque	88	SP0335	Campylobacter curvus	1000	0
Supragingival plaque	88	SP0336	Selenomonas sp FOBRC6	1000	0
Supragingival plaque	88	SP0337	Neisseria gonorrhoeae	1000	0
Supragingival plaque	88	SP0338	Selenomonas sp oral taxon 920	1000	0
Supragingival plaque	88	SP0339	Selenomonas sp oral taxon 138	1000	0
Supragingival plaque	88	SP0340	Sutterella parvirubra	1000	0
Supragingival plaque	88	SP0341	Treponema vincentii	1000	0
Supragingival plaque	88	SP0342	Neisseria mucosa	1000	0
Supragingival plaque	88	SP0343	Campylobacter rectus	1000	0
Supragingival plaque	88	SP0344	Selenomonas sp oral taxon 126	1000	0
Supragingival plaque	88	SP0345	Prevotella copri	1000	0
Supragingival plaque	88	SP0346	Butyrivibrio crossotus	1000	0
Supragingival plaque	88	SP0347	Bacteroides massiliensis	1000	0
Supragingival plaque	88	SP0348	Catenibacterium mitsuokai	1000	0
Supragingival plaque	88	SP0349	Eubacterium sp CAG 180	1000	0
Supragingival plaque	88	SP0350	Eubacterium siraeum	1000	0
Supragingival plaque	88	SP0351	Bacteroides finegoldii	1000	0
Supragingival plaque	88	SP0352	Bacteroides eggerthii	1000	0
Supragingival plaque	88	SP0353	Bacteroides faecichinchillae	1000	0
Supragingival plaque	88	SP0354	Coprobacter fastidiosus	1000	0
Supragingival plaque	88	SP0355	Desulfovibrionaceae bacterium	1000	0
Supragingival plaque	88	SP0356	Methanobrevibacter smithii	1000	0
Supragingival plaque	88	SP0357	Bacteroides salyersiae	1000	0
Supragingival plaque	88	SP0358	Ruminococcus lactaris	1000	0
Supragingival plaque	88	SP0359	Roseburia sp CAG 471	1000	0
Supragingival plaque	88	SP0360	Clostridium sp CAG 167	1000	0
Supragingival plaque	88	SP0361	Bacteroides nordii	1000	0
Supragingival plaque	88	SP0362	Bifidobacterium adolescentis	1000	0
Supragingival plaque	88	SP0363	Alistipes onderdonkii	1000	0
Supragingival plaque	88	SP0364	Roseburia sp CAG 182	1000	0
Supragingival plaque	88	SP0365	Coprococcus catus	1000	0
Supragingival plaque	88	SP0366	Bacteroides intestinalis	1000	0
Supragingival plaque	88	SP0367	Sharpea azabuensis	1000	0
Supragingival plaque	88	SP0368	Slackia isoflavoniconvertens	1000	0
Supragingival plaque	88	SP0369	Turicibacter sanguinis	1000	0
Supragingival plaque	88	SP0370	Firmicutes bacterium CAG 238	1000	0
Supragingival plaque	88	SP0371	Ruminococcaceae bacterium D5	1000	0
Supragingival plaque	88	SP0372	Firmicutes bacterium CAG 170	1000	0
Supragingival plaque	88	SP0373	Morococcus cerebrosus	1000	0
Supragingival plaque	88	SP0374	Neisseria cinerea	1000	0
Supragingival plaque	88	SP0375	Fusobacterium sp oral taxon 370	1000	0
Supragingival plaque	88	SP0376	Tannerella sp oral taxon 808	1000	0
Supragingival plaque	88	SP0377	Prevotella sp F0091	1000	0
Supragingival plaque	88	SP0378	Streptococcus sp SK643	1000	0
Supragingival plaque	88	SP0379	Neisseria meningitidis	1000	0
Supragingival plaque	88	SP0380	Neisseria macacae	1000	0
Supragingival plaque	88	SP0381	Streptococcus sp oral taxon 058	1000	0
Supragingival plaque	88	SP0382	Candida albicans	1000	0
Supragingival plaque	88	SP0383	Neisseria bacilliformis	1000	0
Supragingival plaque	88	SP0384	Neisseria sp HMSC064E01	1000	0
Supragingival plaque	88	SP0385	Selenomonas sp F0473	1000	0
Supragingival plaque	88	SP0386	Bacteroides coprocola	1000	0
Supragingival plaque	88	SP0387	Acidaminococcus intestini	1000	0
Supragingival plaque	88	SP0388	Ruminococcus sp CAG 330	1000	0
Supragingival plaque	88	SP0389	Anaeromassilibacillus sp An250	1000	0
Supragingival plaque	88	SP0390	Anaerotruncus colihominis	1000	0
Supragingival plaque	88	SP0391	Harryflintia acetispora	1000	0
Supragingival plaque	88	SP0392	Firmicutes bacterium CAG 94	1000	0
Supragingival plaque	88	SP0393	Lachnoclostridium sp An138	1000	0
Supragingival plaque	88	SP0394	Massiliomicrobiota timonensis	1000	0
Supragingival plaque	88	SP0395	Ruminococcaceae bacterium D16	1000	0
Supragingival plaque	88	SP0396	Neisseria lactamica	1000	0
Supragingival plaque	88	SP0397	Streptococcus milleri	1000	0
Supragingival plaque	88	SP0398	Filifactor alocis	1000	0
Supragingival plaque	88	SP0399	Prevotella fusca	1000	0
Supragingival plaque	88	SP0400	Prevotella oralis	1000	0
Supragingival plaque	88	SP0401	Actinomyces sp oral taxon 897	1000	0
Supragingival plaque	88	SP0402	Veillonella rodentium	1000	0
Supragingival plaque	88	SP0403	Shuttleworthia satelles	1000	0
Supragingival plaque	88	SP0404	Olsenella profusa	1000	0
Supragingival plaque	88	SP0405	Corynebacterium pseudodiphtheriticum	1000	0
Supragingival plaque	88	SP0406	Anaerococcus octavius	1000	0
Supragingival plaque	88	SP0407	Lactobacillus vaginalis	1000	0
Supragingival plaque	88	SP0408	Finegoldia magna	1000	0
Supragingival plaque	88	SP0409	Campylobacter ureolyticus	1000	0
Supragingival plaque	88	SP0410	Faecalitalea cylindroides	1000	0
Supragingival plaque	88	SP0411	Clostridium bolteae	1000	0
Supragingival plaque	88	SP0412	Blautia sp CAG 257	1000	0
Supragingival plaque	88	SP0413	Eubacterium dolichum CAG 375	1000	0
Supragingival plaque	88	SP0414	Absiella dolichum	1000	0
Supragingival plaque	88	SP0415	Clostridium bolteae CAG 59	1000	0
Supragingival plaque	88	SP0416	Bacteroides faecis	1000	0
Supragingival plaque	88	SP0417	Clostridium lavalense	1000	0
Supragingival plaque	88	SP0418	Clostridium saccharolyticum	1000	0
Supragingival plaque	88	SP0419	Clostridium clostridioforme	1000	0
Supragingival plaque	88	SP0420	Clostridium symbiosum	1000	0
Supragingival plaque	88	SP0421	Bacteroides plebeius	1000	0
Supragingival plaque	88	SP0422	Blautia hydrogenotrophica	1000	0
Supragingival plaque	88	SP0423	Ruminococcus sp CAG 403	1000	0
Supragingival plaque	88	SP0424	Ruminococcus gnavus	1000	0
Supragingival plaque	88	SP0425	Lactococcus lactis	1000	0
Supragingival plaque	88	SP0426	Roseburia sp CAG 309	1000	0
Supragingival plaque	88	SP0427	Romboutsia ilealis	1000	0
Supragingival plaque	88	SP0428	Peptoanaerobacter stomatis	1000	0
Supragingival plaque	88	SP0429	Streptococcus sp NLAE zl C503	1000	0
Supragingival plaque	88	SP0430	Treponema lecithinolyticum	1000	0
Supragingival plaque	88	SP0431	Prevotella marshii	1000	0
Supragingival plaque	88	SP0432	Limnochorda pilosa	1000	0
Supragingival plaque	88	SP0433	Lactobacillus crispatus	1000	0
Supragingival plaque	88	SP0434	Moraxella nonliquefaciens	1000	0
Supragingival plaque	88	SP0435	Dolosigranulum pigrum	1000	0
Supragingival plaque	88	SP0436	Cutibacterium granulosum	1000	0
Supragingival plaque	88	SP0437	Corynebacterium pseudogenitalium	1000	0
Supragingival plaque	88	SP0438	Cutibacterium avidum	1000	0
Supragingival plaque	88	SP0439	Cloacibacterium normanense	1000	0
Supragingival plaque	88	SP0440	Anaerotignum lactatifermentans	1000	0
Supragingival plaque	88	SP0441	Lachnoclostridium sp An14	1000	0
Supragingival plaque	88	SP0442	Intestinibacter bartlettii	1000	0
Supragingival plaque	88	SP0443	Erysipelatoclostridium ramosum	1000	0
Supragingival plaque	88	SP0444	Eisenbergiella tayi	1000	0
Supragingival plaque	88	SP0445	Eubacterium sp CAG 274	1000	0
Supragingival plaque	88	SP0446	Clostridiales bacterium 1 7 47FAA	1000	0
Supragingival plaque	88	SP0447	Blautia sp An249	1000	0
Supragingival plaque	88	SP0448	Cloacibacillus evryensis	1000	0
Supragingival plaque	88	SP0449	Dorea sp CAG 317	1000	0
Supragingival plaque	88	SP0450	Aerococcus urinaeequi	1000	0
Supragingival plaque	88	SP0451	Prevotella stercorea	1000	0
Supragingival plaque	88	SP0452	Prevotella sp CAG 279	1000	0
Supragingival plaque	88	SP0453	Paraprevotella xylaniphila	1000	0
Supragingival plaque	88	SP0454	Bacteroides coprophilus	1000	0
Supragingival plaque	88	SP0455	Eubacterium sp CAG 251	1000	0
Supragingival plaque	88	SP0456	Bacteroides pectinophilus	1000	0
Supragingival plaque	88	SP0457	Clostridium sp CAG 253	1000	0
Supragingival plaque	88	SP0458	Bacteroides sp CAG 144	1000	0
Supragingival plaque	88	SP0459	Lactobacillus ruminis	1000	0
Supragingival plaque	88	SP0460	Coprobacter secundus	1000	0
Supragingival plaque	88	SP0461	Clostridium disporicum	1000	0
Supragingival plaque	88	SP0462	Paraprevotella clara	1000	0
Supragingival plaque	88	SP0463	Ruminococcus sp CAG 563	1000	0
Supragingival plaque	88	SP0464	Clostridium perfringens	1000	0
Supragingival plaque	88	SP0465	Ruminococcus callidus	1000	0
Supragingival plaque	88	SP0466	Clostridium sp CAG 413	1000	0
Supragingival plaque	88	SP0467	Holdemanella biformis	1000	0
Supragingival plaque	88	SP0468	Ruminococcus champanellensis	1000	0
Supragingival plaque	88	SP0469	Clostridium paraputrificum	1000	0
Supragingival plaque	88	SP0470	Prevotella sp CAG 520	1000	0
Supragingival plaque	88	SP0471	Clostridium sp CAG 964	1000	0
Supragingival plaque	88	SP0472	Ruminococcus sp CAG 488	1000	0
Supragingival plaque	88	SP0473	Sanguibacteroides justesenii	1000	0
Supragingival plaque	88	SP0474	Coprobacillus cateniformis	1000	0
Supragingival plaque	88	SP0475	Eisenbergiella massiliensis	1000	0
Supragingival plaque	88	SP0476	Bifidobacterium pseudocatenulatum	1000	0
Supragingival plaque	88	SP0477	Hungatella hathewayi	1000	0
Supragingival plaque	88	SP0478	Clostridium sp CAG 411	1000	0
Supragingival plaque	88	SP0479	Pseudoflavonifractor capillosus	1000	0
Supragingival plaque	88	SP0480	Prevotella sp CAG 1031	1000	0
Supragingival plaque	88	SP0481	Desulfovibrio piger	1000	0
Supragingival plaque	88	SP0482	Prevotella corporis	1000	0
Supragingival plaque	88	SP0483	Campylobacter hominis	1000	0
Supragingival plaque	88	SP0484	Ruminococcus obeum CAG 39	1000	0
Supragingival plaque	88	SP0485	Klebsiella variicola	1000	0
Supragingival plaque	88	SP0486	Lachnoclostridium sp An131	1000	0
Supragingival plaque	88	SP0487	Anaerofustis stercorihominis	1000	0
Supragingival plaque	88	SP0488	Sellimonas intestinalis	1000	0
Supragingival plaque	88	SP0489	Pseudoflavonifractor sp An184	1000	0
Supragingival plaque	88	SP0490	Eubacterium limosum	1000	0
Supragingival plaque	88	SP0491	Clostridium aldenense	1000	0
Supragingival plaque	88	SP0492	Streptococcus sinensis	1000	0
Supragingival plaque	88	SP0493	Clostridium methylpentosum	1000	0
Supragingival plaque	88	SP0494	Mogibacterium timidum	1000	0
Supragingival plaque	88	SP0495	Malassezia restricta	1000	0
Supragingival plaque	88	SP0496	Staphylococcus capitis	1000	0
Supragingival plaque	88	SP0497	Megamonas hypermegale	1000	0
Supragingival plaque	88	SP0498	Megamonas funiformis	1000	0
Supragingival plaque	88	SP0499	Clostridium sp CAG 299	1000	0
Supragingival plaque	88	SP0500	Tyzzerella nexilis	1000	0
Supragingival plaque	88	SP0501	Blautia hansenii	1000	0
Supragingival plaque	88	SP0502	Bifidobacterium bifidum	1000	0
Supragingival plaque	88	SP0503	Bacillus aerius	1000	0
Supragingival plaque	88	SP0504	Candidatus Stoquefichus sp KLE1796	1000	0
Supragingival plaque	88	SP0505	Scardovia wiggsiae	1000	0
Supragingival plaque	88	SP0506	Prevotella intermedia	1000	0
Supragingival plaque	88	SP0507	Parvimonas sp KA00067	1000	0
Supragingival plaque	88	SP0508	Capnocytophaga sp oral taxon 878	1000	0
Supragingival plaque	88	SP0509	Streptococcus viridans	1000	0
Supragingival plaque	88	SP0510	Blautia sp N6H1 15	1000	0
Supragingival plaque	88	SP0511	Clostridium scindens	1000	0
Supragingival plaque	88	SP0512	Fusobacterium ulcerans	1000	0
Supragingival plaque	88	SP0513	Malassezia globosa	1000	0
Supragingival plaque	88	SP0514	Micrococcus luteus	1000	0
Supragingival plaque	88	SP0515	Kocuria palustris	1000	0
Supragingival plaque	88	SP0516	Moraxella osloensis	1000	0
Supragingival plaque	88	SP0517	Anaerococcus nagyae	1000	0
Supragingival plaque	88	SP0518	Acinetobacter radioresistens	1000	0
Supragingival plaque	88	SP0519	Enhydrobacter aerosaccus	1000	0
Supragingival plaque	88	SP0520	Propionibacterium humerusii	1000	0
Supragingival plaque	88	SP0521	Odoribacter laneus	1000	0
Supragingival plaque	88	SP0522	Candidatus Methanomassiliicoccus intestinalis	1000	0
Supragingival plaque	88	SP0523	Roseburia sp CAG 303	1000	0
Supragingival plaque	88	SP0524	Ruminococcus sp CAG 624	1000	0
Supragingival plaque	88	SP0525	Lactobacillus acidophilus	1000	0
Supragingival plaque	88	SP0526	Desulfovibrio fairfieldensis	1000	0
Supragingival plaque	88	SP0527	Allisonella histaminiformans	1000	0
Supragingival plaque	88	SP0528	Haemophilus aegyptius	1000	0
Supragingival plaque	88	SP0529	Candida tropicalis	1000	0
Supragingival plaque	88	SP0530	Prevotella sp AM42 24	1000	0
Supragingival plaque	88	SP0531	Bacteroides faecis CAG 32	1000	0
Supragingival plaque	88	SP0532	Dialister sp CAG 357	1000	0
Supragingival plaque	88	SP0533	Enterococcus faecium	1000	0
Supragingival plaque	88	SP0534	Bifidobacterium catenulatum	1000	0
Supragingival plaque	88	SP0535	Eubacterium saphenum	1000	0
Supragingival plaque	88	SP0536	Bacteroidetes bacterium oral taxon 272	1000	0
Supragingival plaque	88	SP0537	Dialister pneumosintes	1000	0
Supragingival plaque	88	SP0538	Anaerolineaceae bacterium oral taxon 439	1000	0
Supragingival plaque	88	SP0539	Streptococcus massiliensis	1000	0
Supragingival plaque	88	SP0540	Capnocytophaga haemolytica	1000	0
Supragingival plaque	88	SP0541	Prevotella dentalis	1000	0
Supragingival plaque	88	SP0542	Pseudoramibacter alactolyticus	1000	0
Supragingival plaque	88	SP0543	Treponema putidum	1000	0
Supragingival plaque	88	SP0544	Prevotella sp oral taxon 820	1000	0
Supragingival plaque	88	SP0545	Prevotella amnii	1000	0
Supragingival plaque	88	SP0546	Moraxella lincolnii	1000	0
Supragingival plaque	88	SP0547	Prevotella sp 885	1000	0
Supragingival plaque	88	SP0548	Butyrivibrio sp CAG 318	1000	0
Supragingival plaque	88	SP0549	Bacteroides sartorii	1000	0
Supragingival plaque	88	SP0550	Clostridium sp CAG 590	1000	0
Supragingival plaque	88	SP0551	Clostridiales bacterium CHKCI006	1000	0
Supragingival plaque	88	SP0552	Clostridium sp CAG 242	1000	0
Supragingival plaque	88	SP0553	Clostridium sp chh4 2	1000	0
Supragingival plaque	88	SP0554	Flavonifractor sp An10	1000	0
Supragingival plaque	88	SP0555	Methanosphaera stadtmanae	1000	0
Supragingival plaque	88	SP0556	Blautia producta	1000	0
Supragingival plaque	88	SP0557	Clostridium asparagiforme	1000	0
Supragingival plaque	88	SP0558	Lactonifactor longoviformis	1000	0
Supragingival plaque	88	SP0559	Simonsiella muelleri	1000	0
Supragingival plaque	88	SP0560	Chlamydia ibidis	1000	0
Supragingival plaque	88	SP0561	Megamonas funiformis CAG 377	1000	0
Supragingival plaque	88	SP0562	Porphyromonas gingivalis	1000	0
Supragingival plaque	88	SP0563	Prevotella multiformis	1000	0
Supragingival plaque	88	SP0564	Eubacterium nodatum	1000	0
Supragingival plaque	88	SP0565	Leptotrichia sp oral taxon 847	1000	0
Supragingival plaque	88	SP0566	Streptococcus sp HMSC070B10	1000	0
Supragingival plaque	88	SP0567	Desulfobulbus oralis	1000	0
Supragingival plaque	88	SP0568	Prevotella sp oral taxon 376	1000	0
Supragingival plaque	88	SP0569	Eggerthia catenaformis	1000	0
Supragingival plaque	88	SP0570	Prevotella baroniae	1000	0
Supragingival plaque	88	SP0571	Propionibacterium acidifaciens	1000	0
Supragingival plaque	88	SP0572	Peptostreptococcaceae bacterium oral taxon 113	1000	0
Supragingival plaque	88	SP0573	Corynebacterium tuberculostearicum	1000	0
Supragingival plaque	88	SP0574	Kingella kingae	1000	0
Supragingival plaque	88	SP0575	Faecalicoccus pleomorphus	1000	0
Supragingival plaque	88	SP0576	Corynebacterium kroppenstedtii	1000	0
Supragingival plaque	88	SP0577	Paracoccus versutus	1000	0
Supragingival plaque	88	SP0578	Streptococcus salivarius CAG 79	1000	0
Supragingival plaque	88	SP0579	Paracoccus pantotrophus	1000	0
Supragingival plaque	88	SP0580	Coprobacter sp	1000	0
Supragingival plaque	88	SP0581	Phascolarctobacterium succinatutens	1000	0
Supragingival plaque	88	SP0582	Catabacter hongkongensis	1000	0
Supragingival plaque	88	SP0583	Clostridium sp D5	1000	0
Supragingival plaque	88	SP0584	Peptoniphilus sp HMSC062D09	1000	0
Supragingival plaque	88	SP0585	Eubacterium sp OM08 24	1000	0
Supragingival plaque	88	SP0586	Anaerofilum sp An201	1000	0
Supragingival plaque	88	SP0587	Mycobacteroides chelonae	1000	0
Supragingival plaque	88	SP0588	Neisseria polysaccharea	1000	0
Supragingival plaque	88	SP0589	Haemophilus sp C1	1000	0
Supragingival plaque	88	SP0590	Bifidobacterium angulatum	1000	0
Supragingival plaque	88	SP0591	Mitsuokella multacida	1000	0
Supragingival plaque	88	SP0592	Megasphaera elsdenii	1000	0
Supragingival plaque	88	SP0593	Porphyromonas sp HMSC065F10	1000	0
Supragingival plaque	88	SP0594	Clostridium ventriculi	1000	0
Supragingival plaque	88	SP0595	Mitsuokella jalaludinii	1000	0
Supragingival plaque	88	SP0596	Actinomyces cardiffensis	1000	0
Supragingival plaque	88	SP0597	Flavonifractor sp An100	1000	0
Supragingival plaque	88	SP0598	Pseudomonas fluorescens group	1000	0
Supragingival plaque	88	SP0599	Brochothrix thermosphacta	1000	0
Supragingival plaque	88	SP0600	Carnobacterium divergens	1000	0
Supragingival plaque	88	SP0601	Pseudomonas fragi	1000	0
Supragingival plaque	88	SP0602	Carnobacterium maltaromaticum	1000	0
Supragingival plaque	88	SP0603	Psychrobacter sp 1501 2011	1000	0
Supragingival plaque	88	SP0604	Serratia proteamaculans	1000	0
Supragingival plaque	88	SP0605	Bacteroides sp CAG 443	1000	0
Supragingival plaque	88	SP0606	Aeriscardovia aeriphila	1000	0
Supragingival plaque	88	SP0607	Subdoligranulum variabile	1000	0
Supragingival plaque	88	SP0608	Sphingomonas koreensis	1000	0
Supragingival plaque	88	SP0609	Anaerostipes caccae	1000	0
Supragingival plaque	88	SP0610	Firmicutes bacterium CAG 424	1000	0
Supragingival plaque	88	SP0611	Fusobacterium naviforme	1000	0
Supragingival plaque	88	SP0612	Clostridium hylemonae	1000	0
Supragingival plaque	88	SP0613	Megasphaera sp DISK 18	1000	0
Supragingival plaque	88	SP0614	Megasphaera sp MJR8396C	1000	0
Supragingival plaque	88	SP0615	Moraxella catarrhalis	1000	0
Supragingival plaque	88	SP0616	Klebsiella aerogenes	1000	0
Supragingival plaque	88	SP0617	Proteus mirabilis	1000	0
Supragingival plaque	88	SP0618	Staphylococcus lugdunensis	1000	0
Supragingival plaque	88	SP0619	Butyricicoccus pullicaecorum	1000	0
Supragingival plaque	88	SP0620	Malassezia sympodialis	1000	0
Supragingival plaque	88	SP0621	Corynebacterium argentoratense	1000	0
Supragingival plaque	88	SP0622	Leuconostoc mesenteroides	1000	0
Supragingival plaque	88	SP0623	Propionibacterium sp oral taxon 192	1000	0
Supragingival plaque	88	SP0624	Prevotella sp CAG 617	1000	0
Supragingival plaque	88	SP0625	Prevotella sp CAG 1185	1000	0
Supragingival plaque	88	SP0626	Lawsonella clevelandensis	1000	0
Supragingival plaque	88	SP0627	Citrobacter portucalensis	1000	0
Supragingival plaque	88	SP0628	Citrobacter youngae	1000	0
Supragingival plaque	88	SP0629	Klebsiella quasipneumoniae	1000	0
Supragingival plaque	88	SP0630	Clostridium sp 7 2 43FAA	1000	0
Supragingival plaque	88	SP0631	Staphylococcus pseudintermedius	1000	0
Supragingival plaque	88	SP0632	Tepidiphilus thermophilus	1000	0
Supragingival plaque	88	SP0633	Fusobacterium necrophorum	1000	0
Supragingival plaque	88	SP0634	Brachyspira sp CAG 700	1000	0
Supragingival plaque	88	SP0635	Elizabethkingia miricola	1000	0
Supragingival plaque	88	SP0636	Parabacteroides gordonii	1000	0
Supragingival plaque	88	SP0637	Phascolarctobacterium sp CAG 266	1000	0
Supragingival plaque	88	SP0638	Corynebacterium kefirresidentii	1000	0
Supragingival plaque	88	SP0639	Anaerotruncus sp CAG 528	1000	0
Supragingival plaque	88	SP0640	Enterococcus faecalis	1000	0
Supragingival plaque	88	SP0641	Citrobacter europaeus	1000	0
Supragingival plaque	88	SP0642	Lachnoclostridium sp An118	1000	0
Supragingival plaque	88	SP0643	Enterococcus gallinarum	1000	0
Supragingival plaque	88	SP0644	Klebsiella oxytoca	1000	0
Supragingival plaque	88	SP0645	Negativicoccus succinicivorans	1000	0
Supragingival plaque	88	SP0646	Kingella potus	1000	0
Supragingival plaque	88	SP0647	Corynebacterium singulare	1000	0
Supragingival plaque	88	SP0648	Bacteroides sp OM05 12	1000	0
Supragingival plaque	88	SP0649	Bifidobacterium animalis	1000	0
Supragingival plaque	88	SP0650	Stenotrophomonas maltophilia	1000	0
Supragingival plaque	88	SP0651	Staphylococcus saprophyticus	1000	0
Supragingival plaque	88	SP0652	Bacteroides sp D2	1000	0
Supragingival plaque	88	SP0653	Eubacterium coprostanoligenes	1000	0
Supragingival plaque	88	SP0654	Anaerobiospirillum thomasii	1000	0
Supragingival plaque	88	SP0655	Fusobacterium mortiferum	1000	0
Supragingival plaque	88	SP0656	Helicobacter pylori	1000	0
Supragingival plaque	88	SP0657	Clostridium hiranonis	1000	0
Supragingival plaque	88	SP0658	Veillonella denticariosi	1000	0
Supragingival plaque	88	SP0659	Peptostreptococcus anaerobius	1000	0
Supragingival plaque	88	SP0660	Peptostreptococcus sp MV1	1000	0
Supragingival plaque	88	SP0661	Criibacterium bergeronii	1000	0
Supragingival plaque	88	SP0662	Blautia coccoides	1000	0
Supragingival plaque	88	SP0663	Anaerococcus vaginalis	1000	0
Supragingival plaque	88	SP0664	Bifidobacterium dentium	1000	0
Supragingival plaque	88	SP0665	Lactobacillus delbrueckii	1000	0
Supragingival plaque	88	SP0666	Blastocystis sp subtype 1	1000	0
Supragingival plaque	88	SP0667	Staphylococcus hominis	1000	0
Supragingival plaque	88	SP0668	Corynebacterium amycolatum	1000	0
Supragingival plaque	88	SP0669	Agitococcus lubricus	1000	0
Supragingival plaque	88	SP0670	Listeria monocytogenes	1000	0
Supragingival plaque	88	SP0671	Bacteroides caecimuris	1000	0
Supragingival plaque	88	SP0672	Acinetobacter junii	1000	0
Supragingival plaque	88	SP0673	Acinetobacter lwoffii	1000	0
Supragingival plaque	88	SP0674	Dermabacter hominis	1000	0
Supragingival plaque	88	SP0675	Micrococcus lylae	1000	0
Supragingival plaque	88	SP0676	Corynebacterium sp HMSC08A12	1000	0
Supragingival plaque	88	SP0677	Corynebacterium hadale	1000	0
Supragingival plaque	88	SP0678	Pyramidobacter piscolens	1000	0
Supragingival plaque	88	SP0679	Corynebacterium simulans	1000	0
Supragingival plaque	88	SP0680	Comamonas kerstersii	1000	0
Supragingival plaque	88	SP0681	Bifidobacterium breve	1000	0
Supragingival plaque	88	SP0682	Enterobacter cloacae complex	1000	0
Supragingival plaque	88	SP0683	Enterobacter bugandensis	1000	0
Supragingival plaque	88	SP0684	Actinomyces turicensis	1000	0
Supragingival plaque	88	SP0685	Staphylococcus haemolyticus	1000	0
Supragingival plaque	88	SP0686	Burkholderia cenocepacia	1000	0
Supragingival plaque	88	SP0687	Burkholderia pyrrocinia	1000	0
Supragingival plaque	88	SP0688	Jonquetella anthropi	1000	0
Supragingival plaque	88	SP0689	Bacteroides stercorirosoris	1000	0
Supragingival plaque	88	SP0690	Bacteroides oleiciplenus	1000	0
Supragingival plaque	88	SP0691	Corynebacterium afermentans	1000	0
Supragingival plaque	88	SP0692	Lactobacillus curvatus	1000	0
Supragingival plaque	88	SP0693	Clostridioides difficile	1000	0
Supragingival plaque	88	SP0694	Lactobacillus plantarum	1000	0
Supragingival plaque	88	SP0695	Candida dubliniensis	1000	0
Supragingival plaque	88	SP0696	Lactobacillus fermentum	1000	0
Supragingival plaque	88	SP0697	Hafnia paralvei	1000	0
Supragingival plaque	88	SP0698	Candidatus Gastranaerophilales bacterium	1000	0
Supragingival plaque	88	SP0699	Kocuria indica	1000	0
Supragingival plaque	88	SP0700	Streptococcus agalactiae	1000	0
Supragingival plaque	88	SP0701	Enterococcus dispar	1000	0
Supragingival plaque	88	SP0702	Firmicutes bacterium CAG 646	1000	0
Supragingival plaque	88	SP0703	Peptoniphilus sp DNF00840	1000	0
Supragingival plaque	88	SP0704	Bacteroidales bacterium KA00251	1000	0
Supragingival plaque	88	SP0705	Ureaplasma urealyticum	1000	0
Supragingival plaque	88	SP0706	Veillonella montpellierensis	1000	0
Supragingival plaque	88	SP0707	Actinomyces urogenitalis	1000	0
Supragingival plaque	88	SP0708	Actinomyces radingae	1000	0
Supragingival plaque	88	SP0709	Megasphaera sp BV3C16 1	1000	0
Supragingival plaque	88	SP0710	Bifidobacterium scardovii	1000	0
Supragingival plaque	88	SP0711	Staphylococcus warneri	1000	0
Supragingival plaque	88	SP0712	Veillonella sp CAG 933	1000	0
Supragingival plaque	88	SP0713	Lachnospiraceae bacterium 2 1 46FAA	1000	0
Supragingival plaque	88	SP0714	Clostridium neonatale	1000	0
Supragingival plaque	88	SP0715	Lactobacillus algidus	1000	0
Supragingival plaque	88	SP0716	Lactobacillus reuteri	1000	0
Supragingival plaque	88	SP0717	Moraxella lacunata	1000	0
Supragingival plaque	88	SP0718	Staphylococcus pasteuri	1000	0
Supragingival plaque	88	SP0719	Pantoea ananatis	1000	0
Supragingival plaque	88	SP0720	Parascardovia denticolens	1000	0
Supragingival plaque	88	SP0721	Brevundimonas diminuta	1000	0
Supragingival plaque	88	SP0722	Mixta calida	1000	0
Supragingival plaque	88	SP0723	Acinetobacter ursingii	1000	0
Supragingival plaque	88	SP0724	Corynebacterium striatum	1000	0
Supragingival plaque	88	SP0725	Acinetobacter parvus	1000	0
Supragingival plaque	88	SP0726	Roseomonas mucosa	1000	0
Supragingival plaque	88	SP0727	Acinetobacter bereziniae	1000	0
Supragingival plaque	88	SP0728	Paracoccus sanguinis	1000	0
Supragingival plaque	88	SP0729	Lactobacillus mucosae	1000	0
Supragingival plaque	88	SP0730	Acidovorax caeni	1000	0
Supragingival plaque	88	SP0731	Porphyromonas cangingivalis	1000	0
Supragingival plaque	88	SP0732	Porphyromonas gulae	1000	0
Supragingival plaque	88	SP0733	Porphyromonas gingivicanis	1000	0
Supragingival plaque	88	SP0734	Staphylococcus cohnii	1000	0
Supragingival plaque	88	SP0735	Neisseria dumasiana	1000	0
Supragingival plaque	88	SP0736	Lactobacillus rhamnosus	1000	0
Supragingival plaque	88	SP0737	Fusobacterium gonidiaformans	1000	0
Supragingival plaque	88	SP0738	Bacteroides zoogleoformans	1000	0
Supragingival plaque	88	SP0739	Cloacibacillus porcorum	1000	0
Supragingival plaque	88	SP0740	Leuconostoc garlicum	1000	0
Supragingival plaque	88	SP0741	Dialister succinatiphilus	1000	0
Supragingival plaque	88	SP0742	Gemmiger sp An194	1000	0
Supragingival plaque	88	SP0743	Mycolicibacterium mucogenicum	1000	0
Supragingival plaque	88	SP0744	Massilia timonae	1000	0
Supragingival plaque	88	SP0745	Sphingobium yanoikuyae	1000	0
Supragingival plaque	88	SP0746	Herbaspirillum sp	1000	0
Supragingival plaque	88	SP0747	Synechococcus sp JA 2 3B a 2 13	1000	0
Supragingival plaque	88	SP0748	Roseiflexus sp RS 1	1000	0
Supragingival plaque	88	SP0749	Streptococcus lutetiensis	1000	0
Stool	95	SP0001	Parabacteroides merdae	1000	0
Stool	95	SP0002	Bacteroides vulgatus	1000	0.908
Stool	95	SP0003	Bacteroides cellulosilyticus	1000	0
Stool	95	SP0004	Parabacteroides distasonis	1000	0.42
Stool	95	SP0005	Bacteroides sp CAG 927	1000	0
Stool	95	SP0006	Bacteroides ovatus	1000	0.969
Stool	95	SP0007	Bacteroides caccae	1000	0
Stool	95	SP0008	Alistipes putredinis	1000	0.081
Stool	95	SP0009	Parasutterella excrementihominis	1000	0.001
Stool	95	SP0010	Faecalibacterium prausnitzii	1000	1
Stool	95	SP0011	Alistipes shahii	1000	0.001
Stool	95	SP0012	Ruminococcus bicirculans	1000	0.018
Stool	95	SP0013	Roseburia intestinalis	1000	0.015
Stool	95	SP0014	Lachnospira pectinoschiza	1000	0
Stool	95	SP0015	Eubacterium sp CAG 38	1000	0
Stool	95	SP0016	Proteobacteria bacterium CAG 139	1000	0
Stool	95	SP0017	Odoribacter splanchnicus	1000	0.011
Stool	95	SP0018	Oscillibacter sp 57 20	1000	0.089
Stool	95	SP0019	Turicimonas muris	1000	0
Stool	95	SP0020	Akkermansia muciniphila	1000	0
Stool	95	SP0021	Roseburia hominis	1000	0.094
Stool	95	SP0022	Coprococcus eutactus	1000	0
Stool	95	SP0023	Eubacterium rectale	1000	0.832
Stool	95	SP0024	Bacteroides fragilis	1000	0
Stool	95	SP0025	Ruthenibacterium lactatiformans	1000	0.936
Stool	95	SP0026	Alistipes indistinctus	1000	0
Stool	95	SP0027	Eubacterium ventriosum	1000	0
Stool	95	SP0028	Fusicatenibacter saccharivorans	1000	0.34
Stool	95	SP0029	Gemmiger formicilis	1000	0.006
Stool	95	SP0030	Eubacterium eligens	1000	0.286
Stool	95	SP0031	Butyricimonas synergistica	1000	0
Stool	95	SP0032	Agathobaculum butyriciproducens	1000	0
Stool	95	SP0033	Butyricimonas virosa	1000	0
Stool	95	SP0034	Anaerostipes hadrus	1000	0.135
Stool	95	SP0035	Dorea formicigenerans	1000	0.746
Stool	95	SP0036	Streptococcus parasanguinis	1000	0
Stool	95	SP0037	Eubacterium ramulus	1000	0
Stool	95	SP0038	Oscillibacter sp CAG 241	1000	0
Stool	95	SP0039	Firmicutes bacterium CAG 145	1000	0
Stool	95	SP0040	Veillonella dispar	1000	0
Stool	95	SP0041	Intestinimonas butyriciproducens	1000	0
Stool	95	SP0042	Blautia obeum	1000	0.001
Stool	95	SP0043	Bacteroides galacturonicus	1000	0
Stool	95	SP0044	Veillonella atypica	1000	0
Stool	95	SP0045	Veillonella parvula	1000	0
Stool	95	SP0046	Alistipes inops	1000	0
Stool	95	SP0047	Haemophilus parainfluenzae	1000	0
Stool	95	SP0048	Lactobacillus rogosae	1000	0
Stool	95	SP0049	Victivallis vadensis	1000	0
Stool	95	SP0050	Dielma fastidiosa	1000	0
Stool	95	SP0051	Prevotella disiens	1000	0
Stool	95	SP0052	Parabacteroides goldsteinii	1000	0
Stool	95	SP0053	Oxalobacter formigenes	1000	0
Stool	95	SP0054	Collinsella aerofaciens	1000	0.047
Stool	95	SP0055	Lawsonibacter asaccharolyticus	1000	0
Stool	95	SP0056	Flavonifractor plautii	1000	0.002
Stool	95	SP0057	Streptococcus salivarius	1000	0
Stool	95	SP0058	Dialister invisus	1000	0
Stool	95	SP0059	Veillonella sp T11011 6	1000	0
Stool	95	SP0060	Veillonella infantium	1000	0
Stool	95	SP0061	Bacteroides stercoris	1000	0
Stool	95	SP0062	Bacteroides uniformis	1000	0.994
Stool	95	SP0063	Barnesiella intestinihominis	1000	0
Stool	95	SP0064	Ruminococcus bromii	1000	0
Stool	95	SP0065	Bacteroides thetaiotaomicron	1000	0.196
Stool	95	SP0066	Parabacteroides johnsonii	1000	0
Stool	95	SP0067	Phascolarctobacterium faecium	1000	0
Stool	95	SP0068	Roseburia inulinivorans	1000	0.742
Stool	95	SP0069	Bacteroides clarus	1000	0
Stool	95	SP0070	Roseburia faecis	1000	0
Stool	95	SP0071	Firmicutes bacterium CAG 110	1000	0
Stool	95	SP0072	Bacteroides xylanisolvens	1000	0
Stool	95	SP0073	Firmicutes bacterium CAG 95	1000	0
Stool	95	SP0074	Monoglobus pectinilyticus	1000	0
Stool	95	SP0075	Bacteroides dorei	1000	0
Stool	95	SP0076	Ruminococcus torques	1000	0.261
Stool	95	SP0077	Clostridium sp CAG 58	1000	0
Stool	95	SP0078	Alistipes timonensis	1000	0
Stool	95	SP0079	Firmicutes bacterium CAG 83	1000	0
Stool	95	SP0080	Alistipes finegoldii	1000	0.214
Stool	95	SP0081	Dorea longicatena	1000	0.725
Stool	95	SP0082	Eubacterium hallii	1000	0
Stool	95	SP0083	Gordonibacter pamelaeae	1000	0
Stool	95	SP0084	Clostridium spiroforme	1000	0
Stool	95	SP0085	Collinsella stercoris	1000	0
Stool	95	SP0086	Coprococcus comes	1000	0.191
Stool	95	SP0087	Oscillibacter sp PC13	1000	0
Stool	95	SP0088	Holdemania filiformis	1000	0
Stool	95	SP0089	Adlercreutzia equolifaciens	1000	0
Stool	95	SP0090	Christensenella minuta	1000	0
Stool	95	SP0091	Asaccharobacter celatus	1000	0
Stool	95	SP0092	[Collinsella] massiliensis	1000	0
Stool	95	SP0093	Clostridium leptum	1000	0
Stool	95	SP0094	Eggerthella lenta	1000	0
Stool	95	SP0095	Collinsella intestinalis	1000	0
Stool	95	SP0096	Bilophila wadsworthia	1000	0
Stool	95	SP0097	Blautia wexlerae	1000	0.004
Stool	95	SP0098	Streptococcus mitis	1000	0
Stool	95	SP0099	Clostridium citroniae	1000	0
Stool	95	SP0100	Streptococcus infantis	1000	0
Stool	95	SP0101	Enorma massiliensis	1000	0
Stool	95	SP0102	Gemella sanguinis	1000	0
Stool	95	SP0103	Clostridium innocuum	1000	0
Stool	95	SP0104	Enterorhabdus caecimuris	1000	0
Stool	95	SP0105	Olsenella scatoligenes	1000	0
Stool	95	SP0106	Fretibacterium fastidiosum	1000	0
Stool	95	SP0107	Rothia mucilaginosa	1000	0
Stool	95	SP0108	Actinomyces sp ICM47	1000	0
Stool	95	SP0109	Prevotella melaninogenica	1000	0
Stool	95	SP0110	Actinomyces sp oral taxon 181	1000	0
Stool	95	SP0111	Actinomyces graevenitzii	1000	0
Stool	95	SP0112	Prevotella salivae	1000	0
Stool	95	SP0113	Prevotella histicola	1000	0
Stool	95	SP0114	Oribacterium sinus	1000	0
Stool	95	SP0115	Actinomyces sp HMSC035G02	1000	0
Stool	95	SP0116	Veillonella rogosae	1000	0
Stool	95	SP0117	Campylobacter concisus	1000	0
Stool	95	SP0118	Megasphaera micronuciformis	1000	0
Stool	95	SP0119	Fusobacterium periodonticum	1000	0
Stool	95	SP0120	Actinomyces odontolyticus	1000	0
Stool	95	SP0121	Atopobium parvulum	1000	0
Stool	95	SP0122	Prevotella pallens	1000	0
Stool	95	SP0123	Granulicatella elegans	1000	0
Stool	95	SP0124	Stomatobaculum longum	1000	0
Stool	95	SP0125	Leptotrichia wadei	1000	0
Stool	95	SP0126	Actinomyces sp S6 Spd3	1000	0
Stool	95	SP0127	Streptococcus thermophilus	1000	0
Stool	95	SP0128	Neisseria flavescens	1000	0
Stool	95	SP0129	Streptococcus oralis	1000	0
Stool	95	SP0130	Neisseria subflava	1000	0
Stool	95	SP0131	Lachnoanaerobaculum saburreum	1000	0
Stool	95	SP0132	Streptococcus sanguinis	1000	0
Stool	95	SP0133	Streptococcus australis	1000	0
Stool	95	SP0134	Streptococcus gordonii	1000	0
Stool	95	SP0135	Leptotrichia sp oral taxon 215	1000	0
Stool	95	SP0136	Streptococcus sp F0442	1000	0
Stool	95	SP0137	Porphyromonas somerae	1000	0
Stool	95	SP0138	Kingella oralis	1000	0
Stool	95	SP0139	Prevotella sp oral taxon 299	1000	0
Stool	95	SP0140	Oribacterium asaccharolyticum	1000	0
Stool	95	SP0141	Rothia dentocariosa	1000	0
Stool	95	SP0142	Solobacterium moorei	1000	0
Stool	95	SP0143	Haemophilus sputorum	1000	0
Stool	95	SP0144	Staphylococcus aureus	1000	0
Stool	95	SP0145	Streptococcus sp HPH0090	1000	0
Stool	95	SP0146	Gemella haemolysans	1000	0
Stool	95	SP0147	Streptococcus sp A12	1000	0
Stool	95	SP0148	Lactobacillus helveticus	1000	0
Stool	95	SP0149	Leptotrichia sp oral taxon 212	1000	0
Stool	95	SP0150	Fusobacterium nucleatum	1000	0
Stool	95	SP0151	Capnocytophaga leadbetteri	1000	0
Stool	95	SP0152	Granulicatella adiacens	1000	0
Stool	95	SP0153	Prevotella nigrescens	1000	0
Stool	95	SP0154	Streptococcus vestibularis	1000	0
Stool	95	SP0155	Streptococcus sp HMSC034E03	1000	0
Stool	95	SP0156	Actinomyces sp HPA0247	1000	0
Stool	95	SP0157	Capnocytophaga gingivalis	1000	0
Stool	95	SP0158	Actinomyces oris	1000	0
Stool	95	SP0159	Rothia aeria	1000	0
Stool	95	SP0160	Haemophilus influenzae	1000	0
Stool	95	SP0161	Haemophilus quentini	1000	0
Stool	95	SP0162	Streptococcus cristatus	1000	0
Stool	95	SP0163	Streptococcus mutans	1000	0
Stool	95	SP0164	Streptococcus sp HMSC067H01	1000	0
Stool	95	SP0165	Atopobium rimae	1000	0
Stool	95	SP0166	Haemophilus haemolyticus	1000	0
Stool	95	SP0167	Capnocytophaga granulosa	1000	0
Stool	95	SP0168	Neisseria sicca	1000	0
Stool	95	SP0169	Leptotrichia hofstadii	1000	0
Stool	95	SP0170	Cardiobacterium hominis	1000	0
Stool	95	SP0171	Capnocytophaga sputigena	1000	0
Stool	95	SP0172	Streptococcus sp HMSC071D03	1000	0
Stool	95	SP0173	Streptococcus pseudopneumoniae	1000	0
Stool	95	SP0174	Corynebacterium durum	1000	0
Stool	95	SP0175	Prevotella pleuritidis	1000	0
Stool	95	SP0176	Gemella morbillorum	1000	0
Stool	95	SP0177	Lautropia mirabilis	1000	0
Stool	95	SP0178	Prevotella sp oral taxon 473	1000	0
Stool	95	SP0179	Aggregatibacter sp oral taxon 458	1000	0
Stool	95	SP0180	Bulleidia extructa	1000	0
Stool	95	SP0181	Leptotrichia sp oral taxon 225	1000	0
Stool	95	SP0182	Leptotrichia sp oral taxon 498	1000	0
Stool	95	SP0183	Actinomyces naeslundii	1000	0
Stool	95	SP0184	Haemophilus parahaemolyticus	1000	0
Stool	95	SP0185	Bifidobacterium longum	1000	0
Stool	95	SP0186	Prevotella oris	1000	0
Stool	95	SP0187	Parvimonas micra	1000	0
Stool	95	SP0188	Streptococcus pneumoniae	1000	0
Stool	95	SP0189	Haemophilus paraphrohaemolyticus	1000	0
Stool	95	SP0190	Corynebacterium matruchotii	1000	0
Stool	95	SP0191	Actinomyces sp oral taxon 170	1000	0
Stool	95	SP0192	Actinobaculum sp oral taxon 183	1000	0
Stool	95	SP0193	Actinomyces massiliensis	1000	0
Stool	95	SP0194	Campylobacter gracilis	1000	0
Stool	95	SP0195	Capnocytophaga sp oral taxon 863	1000	0
Stool	95	SP0196	Eikenella corrodens	1000	0
Stool	95	SP0197	Cardiobacterium valvarum	1000	0
Stool	95	SP0198	Pseudopropionibacterium propionicum	1000	0
Stool	95	SP0199	Actinomyces viscosus	1000	0
Stool	95	SP0200	Campylobacter showae	1000	0
Stool	95	SP0201	Actinomyces johnsonii	1000	0
Stool	95	SP0202	Prevotella loescheii	1000	0
Stool	95	SP0203	Streptococcus sp oral taxon 056	1000	0
Stool	95	SP0204	Eubacterium brachy	1000	0
Stool	95	SP0205	Abiotrophia defectiva	1000	0
Stool	95	SP0206	Capnocytophaga ochracea	1000	0
Stool	95	SP0207	Streptococcus anginosus group	1000	0
Stool	95	SP0208	Actinomyces meyeri	1000	0
Stool	95	SP0209	Actinomyces sp oral taxon 448	1000	0
Stool	95	SP0210	Eikenella sp NML130454	1000	0
Stool	95	SP0211	Selenomonas noxia	1000	0
Stool	95	SP0212	Oribacterium sp oral taxon 078	1000	0
Stool	95	SP0213	Abiotrophia sp HMSC24B09	1000	0
Stool	95	SP0214	Leptotrichia sp oral taxon 879	1000	0
Stool	95	SP0215	Aggregatibacter actinomycetemcomitans	1000	0
Stool	95	SP0216	Actinomyces sp oral taxon 180	1000	0
Stool	95	SP0217	Aggregatibacter segnis	1000	0
Stool	95	SP0218	Actinomyces denticolens	1000	0
Stool	95	SP0219	Selenomonas infelix	1000	0
Stool	95	SP0220	Kingella denitrificans	1000	0
Stool	95	SP0221	Capnocytophaga sp oral taxon 338	1000	0
Stool	95	SP0222	Staphylococcus argenteus	1000	0
Stool	95	SP0223	Staphylococcus epidermidis	1000	0
Stool	95	SP0224	Cutibacterium acnes	1000	0
Stool	95	SP0225	Corynebacterium accolens	1000	0
Stool	95	SP0226	Escherichia coli	1000	0
Stool	95	SP0227	Haemophilus sp HMSC71H05	1000	0
Stool	95	SP0228	Propionibacterium namnetense	1000	0
Stool	95	SP0229	Klebsiella pneumoniae	1000	0
Stool	95	SP0230	Gardnerella vaginalis	1000	0
Stool	95	SP0231	Lactobacillus iners	1000	0
Stool	95	SP0232	Atopobium vaginae	1000	0
Stool	95	SP0233	Sneathia amnii	1000	0
Stool	95	SP0234	Veillonellaceae bacterium DNF00626	1000	0
Stool	95	SP0235	Prevotella timonensis	1000	0
Stool	95	SP0236	Prevotella buccalis	1000	0
Stool	95	SP0237	Anaerococcus tetradius	1000	0
Stool	95	SP0238	Dialister micraerophilus	1000	0
Stool	95	SP0239	Peptoniphilus lacrimalis	1000	0
Stool	95	SP0240	Aerococcus christensenii	1000	0
Stool	95	SP0241	Mobiluncus curtisii	1000	0
Stool	95	SP0242	Tissierellia bacterium KA00581	1000	0
Stool	95	SP0243	Prevotella bivia	1000	0
Stool	95	SP0244	Lactobacillus jensenii	1000	0
Stool	95	SP0245	Mageeibacillus indolicus	1000	0
Stool	95	SP0246	Gemella asaccharolytica	1000	0
Stool	95	SP0247	Prevotella colorans	1000	0
Stool	95	SP0248	Lactobacillus coleohominis	1000	0
Stool	95	SP0249	Prevotella sp S7 1 8	1000	0
Stool	95	SP0250	Lactobacillus gasseri	1000	0
Stool	95	SP0251	Mycoplasma hominis	1000	0
Stool	95	SP0252	Porphyromonas uenonis	1000	0
Stool	95	SP0253	Peptococcus niger	1000	0
Stool	95	SP0254	Peptoniphilus sp BV3C26	1000	0
Stool	95	SP0255	Bacteroides coagulans	1000	0
Stool	95	SP0256	Porphyromonas asaccharolytica	1000	0
Stool	95	SP0257	Peptoniphilus duerdenii	1000	0
Stool	95	SP0258	Mobiluncus mulieris	1000	0
Stool	95	SP0259	Peptoniphilus harei	1000	0
Stool	95	SP0260	Actinomyces neuii	1000	0
Stool	95	SP0261	Anaerococcus lactolyticus	1000	0
Stool	95	SP0262	Atopobium deltae	1000	0
Stool	95	SP0263	Ureaplasma parvum	1000	0
Stool	95	SP0264	Varibaculum cambriense	1000	0
Stool	95	SP0265	Atopobium minutum	1000	0
Stool	95	SP0266	Lactobacillus paragasseri	1000	0
Stool	95	SP0267	Prevotella bergensis	1000	0
Stool	95	SP0268	Peptoniphilus coxii	1000	0
Stool	95	SP0269	Neisseria perflava	1000	0
Stool	95	SP0270	Prevotella shahii	1000	0
Stool	95	SP0271	Lachnospiraceae bacterium oral taxon 096	1000	0
Stool	95	SP0272	Eubacterium sulci	1000	0
Stool	95	SP0273	Oribacterium parvum	1000	0
Stool	95	SP0274	Tannerella sp oral taxon HOT 286	1000	0
Stool	95	SP0275	Mogibacterium diversum	1000	0
Stool	95	SP0276	Alloprevotella tannerae	1000	0
Stool	95	SP0277	Prevotella jejuni	1000	0
Stool	95	SP0278	Lachnoanaerobaculum umeaense	1000	0
Stool	95	SP0279	Veillonella tobetsuensis	1000	0
Stool	95	SP0280	Gemella bergeri	1000	0
Stool	95	SP0281	Treponema sp OMZ 838	1000	0
Stool	95	SP0282	Neisseria sp oral taxon 014	1000	0
Stool	95	SP0283	Treponema socranskii	1000	0
Stool	95	SP0284	Peptostreptococcus stomatis	1000	0
Stool	95	SP0285	Alloscardovia omnicolens	1000	0
Stool	95	SP0286	Campylobacter mucosalis	1000	0
Stool	95	SP0287	Streptococcus peroris	1000	0
Stool	95	SP0288	Neisseria elongata	1000	0
Stool	95	SP0289	Alloprevotella rava	1000	0
Stool	95	SP0290	Treponema denticola	1000	0
Stool	95	SP0291	Mogibacterium pumilum	1000	0
Stool	95	SP0292	Porphyromonas endodontalis	1000	0
Stool	95	SP0293	Bacteroidetes oral taxon 274	1000	0
Stool	95	SP0294	Prevotella oulorum	1000	0
Stool	95	SP0295	Capnocytophaga sp oral taxon 332	1000	0
Stool	95	SP0296	Prevotella denticola	1000	0
Stool	95	SP0297	Prevotella scopos	1000	0
Stool	95	SP0298	Leptotrichia buccalis	1000	0
Stool	95	SP0299	Selenomonas sputigena	1000	0
Stool	95	SP0300	Porphyromonas catoniae	1000	0
Stool	95	SP0301	Streptococcus sp M334	1000	0
Stool	95	SP0302	Prevotella veroralis	1000	0
Stool	95	SP0303	Slackia exigua	1000	0
Stool	95	SP0304	Parvimonas sp oral taxon 110	1000	0
Stool	95	SP0305	Leptotrichia goodfellowii	1000	0
Stool	95	SP0306	Treponema medium	1000	0
Stool	95	SP0307	Haemophilus pittmaniae	1000	0
Stool	95	SP0308	Fusobacterium hwasookii	1000	0
Stool	95	SP0309	Porphyromonas canoris	1000	0
Stool	95	SP0310	Olsenella uli	1000	0
Stool	95	SP0311	Prevotella sp oral taxon 306	1000	0
Stool	95	SP0312	Selenomonas flueggei	1000	0
Stool	95	SP0313	Porphyromonas sp oral taxon 278	1000	0
Stool	95	SP0314	Aggregatibacter aphrophilus	1000	0
Stool	95	SP0315	Eubacterium yurii	1000	0
Stool	95	SP0316	Prevotella buccae	1000	0
Stool	95	SP0317	Anaeroglobus geminatus	1000	0
Stool	95	SP0318	Parvimonas sp oral taxon 393	1000	0
Stool	95	SP0319	Tannerella forsythia	1000	0
Stool	95	SP0320	Eubacterium infirmum	1000	0
Stool	95	SP0321	Actinomyces sp oral taxon 414	1000	0
Stool	95	SP0322	Ottowia sp oral taxon 894	1000	0
Stool	95	SP0323	Treponema maltophilum	1000	0
Stool	95	SP0324	Selenomonas sp oral taxon 892	1000	0
Stool	95	SP0325	Prevotella saccharolytica	1000	0
Stool	95	SP0326	Johnsonella ignava	1000	0
Stool	95	SP0327	Catonella morbi	1000	0
Stool	95	SP0328	Actinomyces hongkongensis	1000	0
Stool	95	SP0329	Prevotella micans	1000	0
Stool	95	SP0330	Actinomyces georgiae	1000	0
Stool	95	SP0331	Selenomonas artemidis	1000	0
Stool	95	SP0332	Prevotella maculosa	1000	0
Stool	95	SP0333	Prevotella enoeca	1000	0
Stool	95	SP0334	Centipeda periodontii	1000	0
Stool	95	SP0335	Campylobacter curvus	1000	0
Stool	95	SP0336	Selenomonas sp FOBRC6	1000	0
Stool	95	SP0337	Neisseria gonorrhoeae	1000	0
Stool	95	SP0338	Selenomonas sp oral taxon 920	1000	0
Stool	95	SP0339	Selenomonas sp oral taxon 138	1000	0
Stool	95	SP0340	Sutterella parvirubra	1000	0
Stool	95	SP0341	Treponema vincentii	1000	0
Stool	95	SP0342	Neisseria mucosa	1000	0
Stool	95	SP0343	Campylobacter rectus	1000	0
Stool	95	SP0344	Selenomonas sp oral taxon 126	1000	0
Stool	95	SP0345	Prevotella copri	1000	0
Stool	95	SP0346	Butyrivibrio crossotus	1000	0
Stool	95	SP0347	Bacteroides massiliensis	1000	0
Stool	95	SP0348	Catenibacterium mitsuokai	1000	0
Stool	95	SP0349	Eubacterium sp CAG 180	1000	0
Stool	95	SP0350	Eubacterium siraeum	1000	0
Stool	95	SP0351	Bacteroides finegoldii	1000	0
Stool	95	SP0352	Bacteroides eggerthii	1000	0
Stool	95	SP0353	Bacteroides faecichinchillae	1000	0
Stool	95	SP0354	Coprobacter fastidiosus	1000	0
Stool	95	SP0355	Desulfovibrionaceae bacterium	1000	0
Stool	95	SP0356	Methanobrevibacter smithii	1000	0
Stool	95	SP0357	Bacteroides salyersiae	1000	0
Stool	95	SP0358	Ruminococcus lactaris	1000	0
Stool	95	SP0359	Roseburia sp CAG 471	1000	0
Stool	95	SP0360	Clostridium sp CAG 167	1000	0
Stool	95	SP0361	Bacteroides nordii	1000	0
Stool	95	SP0362	Bifidobacterium adolescentis	1000	0
Stool	95	SP0363	Alistipes onderdonkii	1000	0
Stool	95	SP0364	Roseburia sp CAG 182	1000	0
Stool	95	SP0365	Coprococcus catus	1000	0
Stool	95	SP0366	Bacteroides intestinalis	1000	0
Stool	95	SP0367	Sharpea azabuensis	1000	0
Stool	95	SP0368	Slackia isoflavoniconvertens	1000	0
Stool	95	SP0369	Turicibacter sanguinis	1000	0
Stool	95	SP0370	Firmicutes bacterium CAG 238	1000	0
Stool	95	SP0371	Ruminococcaceae bacterium D5	1000	0
Stool	95	SP0372	Firmicutes bacterium CAG 170	1000	0
Stool	95	SP0373	Morococcus cerebrosus	1000	0
Stool	95	SP0374	Neisseria cinerea	1000	0
Stool	95	SP0375	Fusobacterium sp oral taxon 370	1000	0
Stool	95	SP0376	Tannerella sp oral taxon 808	1000	0
Stool	95	SP0377	Prevotella sp F0091	1000	0
Stool	95	SP0378	Streptococcus sp SK643	1000	0
Stool	95	SP0379	Neisseria meningitidis	1000	0
Stool	95	SP0380	Neisseria macacae	1000	0
Stool	95	SP0381	Streptococcus sp oral taxon 058	1000	0
Stool	95	SP0382	Candida albicans	1000	0
Stool	95	SP0383	Neisseria bacilliformis	1000	0
Stool	95	SP0384	Neisseria sp HMSC064E01	1000	0
Stool	95	SP0385	Selenomonas sp F0473	1000	0
Stool	95	SP0386	Bacteroides coprocola	1000	0
Stool	95	SP0387	Acidaminococcus intestini	1000	0
Stool	95	SP0388	Ruminococcus sp CAG 330	1000	0
Stool	95	SP0389	Anaeromassilibacillus sp An250	1000	0
Stool	95	SP0390	Anaerotruncus colihominis	1000	0
Stool	95	SP0391	Harryflintia acetispora	1000	0
Stool	95	SP0392	Firmicutes bacterium CAG 94	1000	0
Stool	95	SP0393	Lachnoclostridium sp An138	1000	0
Stool	95	SP0394	Massiliomicrobiota timonensis	1000	0
Stool	95	SP0395	Ruminococcaceae bacterium D16	1000	0
Stool	95	SP0396	Neisseria lactamica	1000	0
Stool	95	SP0397	Streptococcus milleri	1000	0
Stool	95	SP0398	Filifactor alocis	1000	0
Stool	95	SP0399	Prevotella fusca	1000	0
Stool	95	SP0400	Prevotella oralis	1000	0
Stool	95	SP0401	Actinomyces sp oral taxon 897	1000	0
Stool	95	SP0402	Veillonella rodentium	1000	0
Stool	95	SP0403	Shuttleworthia satelles	1000	0
Stool	95	SP0404	Olsenella profusa	1000	0
Stool	95	SP0405	Corynebacterium pseudodiphtheriticum	1000	0
Stool	95	SP0406	Anaerococcus octavius	1000	0
Stool	95	SP0407	Lactobacillus vaginalis	1000	0
Stool	95	SP0408	Finegoldia magna	1000	0
Stool	95	SP0409	Campylobacter ureolyticus	1000	0
Stool	95	SP0410	Faecalitalea cylindroides	1000	0
Stool	95	SP0411	Clostridium bolteae	1000	0
Stool	95	SP0412	Blautia sp CAG 257	1000	0
Stool	95	SP0413	Eubacterium dolichum CAG 375	1000	0
Stool	95	SP0414	Absiella dolichum	1000	0
Stool	95	SP0415	Clostridium bolteae CAG 59	1000	0
Stool	95	SP0416	Bacteroides faecis	1000	0
Stool	95	SP0417	Clostridium lavalense	1000	0
Stool	95	SP0418	Clostridium saccharolyticum	1000	0
Stool	95	SP0419	Clostridium clostridioforme	1000	0
Stool	95	SP0420	Clostridium symbiosum	1000	0
Stool	95	SP0421	Bacteroides plebeius	1000	0
Stool	95	SP0422	Blautia hydrogenotrophica	1000	0
Stool	95	SP0423	Ruminococcus sp CAG 403	1000	0
Stool	95	SP0424	Ruminococcus gnavus	1000	0
Stool	95	SP0425	Lactococcus lactis	1000	0
Stool	95	SP0426	Roseburia sp CAG 309	1000	0
Stool	95	SP0427	Romboutsia ilealis	1000	0
Stool	95	SP0428	Peptoanaerobacter stomatis	1000	0
Stool	95	SP0429	Streptococcus sp NLAE zl C503	1000	0
Stool	95	SP0430	Treponema lecithinolyticum	1000	0
Stool	95	SP0431	Prevotella marshii	1000	0
Stool	95	SP0432	Limnochorda pilosa	1000	0
Stool	95	SP0433	Lactobacillus crispatus	1000	0
Stool	95	SP0434	Moraxella nonliquefaciens	1000	0
Stool	95	SP0435	Dolosigranulum pigrum	1000	0
Stool	95	SP0436	Cutibacterium granulosum	1000	0
Stool	95	SP0437	Corynebacterium pseudogenitalium	1000	0
Stool	95	SP0438	Cutibacterium avidum	1000	0
Stool	95	SP0439	Cloacibacterium normanense	1000	0
Stool	95	SP0440	Anaerotignum lactatifermentans	1000	0
Stool	95	SP0441	Lachnoclostridium sp An14	1000	0
Stool	95	SP0442	Intestinibacter bartlettii	1000	0
Stool	95	SP0443	Erysipelatoclostridium ramosum	1000	0
Stool	95	SP0444	Eisenbergiella tayi	1000	0
Stool	95	SP0445	Eubacterium sp CAG 274	1000	0
Stool	95	SP0446	Clostridiales bacterium 1 7 47FAA	1000	0
Stool	95	SP0447	Blautia sp An249	1000	0
Stool	95	SP0448	Cloacibacillus evryensis	1000	0
Stool	95	SP0449	Dorea sp CAG 317	1000	0
Stool	95	SP0450	Aerococcus urinaeequi	1000	0
Stool	95	SP0451	Prevotella stercorea	1000	0
Stool	95	SP0452	Prevotella sp CAG 279	1000	0
Stool	95	SP0453	Paraprevotella xylaniphila	1000	0
Stool	95	SP0454	Bacteroides coprophilus	1000	0
Stool	95	SP0455	Eubacterium sp CAG 251	1000	0
Stool	95	SP0456	Bacteroides pectinophilus	1000	0
Stool	95	SP0457	Clostridium sp CAG 253	1000	0
Stool	95	SP0458	Bacteroides sp CAG 144	1000	0
Stool	95	SP0459	Lactobacillus ruminis	1000	0
Stool	95	SP0460	Coprobacter secundus	1000	0
Stool	95	SP0461	Clostridium disporicum	1000	0
Stool	95	SP0462	Paraprevotella clara	1000	0
Stool	95	SP0463	Ruminococcus sp CAG 563	1000	0
Stool	95	SP0464	Clostridium perfringens	1000	0
Stool	95	SP0465	Ruminococcus callidus	1000	0
Stool	95	SP0466	Clostridium sp CAG 413	1000	0
Stool	95	SP0467	Holdemanella biformis	1000	0
Stool	95	SP0468	Ruminococcus champanellensis	1000	0
Stool	95	SP0469	Clostridium paraputrificum	1000	0
Stool	95	SP0470	Prevotella sp CAG 520	1000	0
Stool	95	SP0471	Clostridium sp CAG 964	1000	0
Stool	95	SP0472	Ruminococcus sp CAG 488	1000	0
Stool	95	SP0473	Sanguibacteroides justesenii	1000	0
Stool	95	SP0474	Coprobacillus cateniformis	1000	0
Stool	95	SP0475	Eisenbergiella massiliensis	1000	0
Stool	95	SP0476	Bifidobacterium pseudocatenulatum	1000	0
Stool	95	SP0477	Hungatella hathewayi	1000	0
Stool	95	SP0478	Clostridium sp CAG 411	1000	0
Stool	95	SP0479	Pseudoflavonifractor capillosus	1000	0
Stool	95	SP0480	Prevotella sp CAG 1031	1000	0
Stool	95	SP0481	Desulfovibrio piger	1000	0
Stool	95	SP0482	Prevotella corporis	1000	0
Stool	95	SP0483	Campylobacter hominis	1000	0
Stool	95	SP0484	Ruminococcus obeum CAG 39	1000	0
Stool	95	SP0485	Klebsiella variicola	1000	0
Stool	95	SP0486	Lachnoclostridium sp An131	1000	0
Stool	95	SP0487	Anaerofustis stercorihominis	1000	0
Stool	95	SP0488	Sellimonas intestinalis	1000	0
Stool	95	SP0489	Pseudoflavonifractor sp An184	1000	0
Stool	95	SP0490	Eubacterium limosum	1000	0
Stool	95	SP0491	Clostridium aldenense	1000	0
Stool	95	SP0492	Streptococcus sinensis	1000	0
Stool	95	SP0493	Clostridium methylpentosum	1000	0
Stool	95	SP0494	Mogibacterium timidum	1000	0
Stool	95	SP0495	Malassezia restricta	1000	0
Stool	95	SP0496	Staphylococcus capitis	1000	0
Stool	95	SP0497	Megamonas hypermegale	1000	0
Stool	95	SP0498	Megamonas funiformis	1000	0
Stool	95	SP0499	Clostridium sp CAG 299	1000	0
Stool	95	SP0500	Tyzzerella nexilis	1000	0
Stool	95	SP0501	Blautia hansenii	1000	0
Stool	95	SP0502	Bifidobacterium bifidum	1000	0
Stool	95	SP0503	Bacillus aerius	1000	0
Stool	95	SP0504	Candidatus Stoquefichus sp KLE1796	1000	0
Stool	95	SP0505	Scardovia wiggsiae	1000	0
Stool	95	SP0506	Prevotella intermedia	1000	0
Stool	95	SP0507	Parvimonas sp KA00067	1000	0
Stool	95	SP0508	Capnocytophaga sp oral taxon 878	1000	0
Stool	95	SP0509	Streptococcus viridans	1000	0
Stool	95	SP0510	Blautia sp N6H1 15	1000	0
Stool	95	SP0511	Clostridium scindens	1000	0
Stool	95	SP0512	Fusobacterium ulcerans	1000	0
Stool	95	SP0513	Malassezia globosa	1000	0
Stool	95	SP0514	Micrococcus luteus	1000	0
Stool	95	SP0515	Kocuria palustris	1000	0
Stool	95	SP0516	Moraxella osloensis	1000	0
Stool	95	SP0517	Anaerococcus nagyae	1000	0
Stool	95	SP0518	Acinetobacter radioresistens	1000	0
Stool	95	SP0519	Enhydrobacter aerosaccus	1000	0
Stool	95	SP0520	Propionibacterium humerusii	1000	0
Stool	95	SP0521	Odoribacter laneus	1000	0
Stool	95	SP0522	Candidatus Methanomassiliicoccus intestinalis	1000	0
Stool	95	SP0523	Roseburia sp CAG 303	1000	0
Stool	95	SP0524	Ruminococcus sp CAG 624	1000	0
Stool	95	SP0525	Lactobacillus acidophilus	1000	0
Stool	95	SP0526	Desulfovibrio fairfieldensis	1000	0
Stool	95	SP0527	Allisonella histaminiformans	1000	0
Stool	95	SP0528	Haemophilus aegyptius	1000	0
Stool	95	SP0529	Candida tropicalis	1000	0
Stool	95	SP0530	Prevotella sp AM42 24	1000	0
Stool	95	SP0531	Bacteroides faecis CAG 32	1000	0
Stool	95	SP0532	Dialister sp CAG 357	1000	0
Stool	95	SP0533	Enterococcus faecium	1000	0
Stool	95	SP0534	Bifidobacterium catenulatum	1000	0
Stool	95	SP0535	Eubacterium saphenum	1000	0
Stool	95	SP0536	Bacteroidetes bacterium oral taxon 272	1000	0
Stool	95	SP0537	Dialister pneumosintes	1000	0
Stool	95	SP0538	Anaerolineaceae bacterium oral taxon 439	1000	0
Stool	95	SP0539	Streptococcus massiliensis	1000	0
Stool	95	SP0540	Capnocytophaga haemolytica	1000	0
Stool	95	SP0541	Prevotella dentalis	1000	0
Stool	95	SP0542	Pseudoramibacter alactolyticus	1000	0
Stool	95	SP0543	Treponema putidum	1000	0
Stool	95	SP0544	Prevotella sp oral taxon 820	1000	0
Stool	95	SP0545	Prevotella amnii	1000	0
Stool	95	SP0546	Moraxella lincolnii	1000	0
Stool	95	SP0547	Prevotella sp 885	1000	0
Stool	95	SP0548	Butyrivibrio sp CAG 318	1000	0
Stool	95	SP0549	Bacteroides sartorii	1000	0
Stool	95	SP0550	Clostridium sp CAG 590	1000	0
Stool	95	SP0551	Clostridiales bacterium CHKCI006	1000	0
Stool	95	SP0552	Clostridium sp CAG 242	1000	0
Stool	95	SP0553	Clostridium sp chh4 2	1000	0
Stool	95	SP0554	Flavonifractor sp An10	1000	0
Stool	95	SP0555	Methanosphaera stadtmanae	1000	0
Stool	95	SP0556	Blautia producta	1000	0
Stool	95	SP0557	Clostridium asparagiforme	1000	0
Stool	95	SP0558	Lactonifactor longoviformis	1000	0
Stool	95	SP0559	Simonsiella muelleri	1000	0
Stool	95	SP0560	Chlamydia ibidis	1000	0
Stool	95	SP0561	Megamonas funiformis CAG 377	1000	0
Stool	95	SP0562	Porphyromonas gingivalis	1000	0
Stool	95	SP0563	Prevotella multiformis	1000	0
Stool	95	SP0564	Eubacterium nodatum	1000	0
Stool	95	SP0565	Leptotrichia sp oral taxon 847	1000	0
Stool	95	SP0566	Streptococcus sp HMSC070B10	1000	0
Stool	95	SP0567	Desulfobulbus oralis	1000	0
Stool	95	SP0568	Prevotella sp oral taxon 376	1000	0
Stool	95	SP0569	Eggerthia catenaformis	1000	0
Stool	95	SP0570	Prevotella baroniae	1000	0
Stool	95	SP0571	Propionibacterium acidifaciens	1000	0
Stool	95	SP0572	Peptostreptococcaceae bacterium oral taxon 113	1000	0
Stool	95	SP0573	Corynebacterium tuberculostearicum	1000	0
Stool	95	SP0574	Kingella kingae	1000	0
Stool	95	SP0575	Faecalicoccus pleomorphus	1000	0
Stool	95	SP0576	Corynebacterium kroppenstedtii	1000	0
Stool	95	SP0577	Paracoccus versutus	1000	0
Stool	95	SP0578	Streptococcus salivarius CAG 79	1000	0
Stool	95	SP0579	Paracoccus pantotrophus	1000	0
Stool	95	SP0580	Coprobacter sp	1000	0
Stool	95	SP0581	Phascolarctobacterium succinatutens	1000	0
Stool	95	SP0582	Catabacter hongkongensis	1000	0
Stool	95	SP0583	Clostridium sp D5	1000	0
Stool	95	SP0584	Peptoniphilus sp HMSC062D09	1000	0
Stool	95	SP0585	Eubacterium sp OM08 24	1000	0
Stool	95	SP0586	Anaerofilum sp An201	1000	0
Stool	95	SP0587	Mycobacteroides chelonae	1000	0
Stool	95	SP0588	Neisseria polysaccharea	1000	0
Stool	95	SP0589	Haemophilus sp C1	1000	0
Stool	95	SP0590	Bifidobacterium angulatum	1000	0
Stool	95	SP0591	Mitsuokella multacida	1000	0
Stool	95	SP0592	Megasphaera elsdenii	1000	0
Stool	95	SP0593	Porphyromonas sp HMSC065F10	1000	0
Stool	95	SP0594	Clostridium ventriculi	1000	0
Stool	95	SP0595	Mitsuokella jalaludinii	1000	0
Stool	95	SP0596	Actinomyces cardiffensis	1000	0
Stool	95	SP0597	Flavonifractor sp An100	1000	0
Stool	95	SP0598	Pseudomonas fluorescens group	1000	0
Stool	95	SP0599	Brochothrix thermosphacta	1000	0
Stool	95	SP0600	Carnobacterium divergens	1000	0
Stool	95	SP0601	Pseudomonas fragi	1000	0
Stool	95	SP0602	Carnobacterium maltaromaticum	1000	0
Stool	95	SP0603	Psychrobacter sp 1501 2011	1000	0
Stool	95	SP0604	Serratia proteamaculans	1000	0
Stool	95	SP0605	Bacteroides sp CAG 443	1000	0
Stool	95	SP0606	Aeriscardovia aeriphila	1000	0
Stool	95	SP0607	Subdoligranulum variabile	1000	0
Stool	95	SP0608	Sphingomonas koreensis	1000	0
Stool	95	SP0609	Anaerostipes caccae	1000	0
Stool	95	SP0610	Firmicutes bacterium CAG 424	1000	0
Stool	95	SP0611	Fusobacterium naviforme	1000	0
Stool	95	SP0612	Clostridium hylemonae	1000	0
Stool	95	SP0613	Megasphaera sp DISK 18	1000	0
Stool	95	SP0614	Megasphaera sp MJR8396C	1000	0
Stool	95	SP0615	Moraxella catarrhalis	1000	0
Stool	95	SP0616	Klebsiella aerogenes	1000	0
Stool	95	SP0617	Proteus mirabilis	1000	0
Stool	95	SP0618	Staphylococcus lugdunensis	1000	0
Stool	95	SP0619	Butyricicoccus pullicaecorum	1000	0
Stool	95	SP0620	Malassezia sympodialis	1000	0
Stool	95	SP0621	Corynebacterium argentoratense	1000	0
Stool	95	SP0622	Leuconostoc mesenteroides	1000	0
Stool	95	SP0623	Propionibacterium sp oral taxon 192	1000	0
Stool	95	SP0624	Prevotella sp CAG 617	1000	0
Stool	95	SP0625	Prevotella sp CAG 1185	1000	0
Stool	95	SP0626	Lawsonella clevelandensis	1000	0
Stool	95	SP0627	Citrobacter portucalensis	1000	0
Stool	95	SP0628	Citrobacter youngae	1000	0
Stool	95	SP0629	Klebsiella quasipneumoniae	1000	0
Stool	95	SP0630	Clostridium sp 7 2 43FAA	1000	0
Stool	95	SP0631	Staphylococcus pseudintermedius	1000	0
Stool	95	SP0632	Tepidiphilus thermophilus	1000	0
Stool	95	SP0633	Fusobacterium necrophorum	1000	0
Stool	95	SP0634	Brachyspira sp CAG 700	1000	0
Stool	95	SP0635	Elizabethkingia miricola	1000	0
Stool	95	SP0636	Parabacteroides gordonii	1000	0
Stool	95	SP0637	Phascolarctobacterium sp CAG 266	1000	0
Stool	95	SP0638	Corynebacterium kefirresidentii	1000	0
Stool	95	SP0639	Anaerotruncus sp CAG 528	1000	0
Stool	95	SP0640	Enterococcus faecalis	1000	0
Stool	95	SP0641	Citrobacter europaeus	1000	0
Stool	95	SP0642	Lachnoclostridium sp An118	1000	0
Stool	95	SP0643	Enterococcus gallinarum	1000	0
Stool	95	SP0644	Klebsiella oxytoca	1000	0
Stool	95	SP0645	Negativicoccus succinicivorans	1000	0
Stool	95	SP0646	Kingella potus	1000	0
Stool	95	SP0647	Corynebacterium singulare	1000	0
Stool	95	SP0648	Bacteroides sp OM05 12	1000	0
Stool	95	SP0649	Bifidobacterium animalis	1000	0
Stool	95	SP0650	Stenotrophomonas maltophilia	1000	0
Stool	95	SP0651	Staphylococcus saprophyticus	1000	0
Stool	95	SP0652	Bacteroides sp D2	1000	0
Stool	95	SP0653	Eubacterium coprostanoligenes	1000	0
Stool	95	SP0654	Anaerobiospirillum thomasii	1000	0
Stool	95	SP0655	Fusobacterium mortiferum	1000	0
Stool	95	SP0656	Helicobacter pylori	1000	0
Stool	95	SP0657	Clostridium hiranonis	1000	0
Stool	95	SP0658	Veillonella denticariosi	1000	0
Stool	95	SP0659	Peptostreptococcus anaerobius	1000	0
Stool	95	SP0660	Peptostreptococcus sp MV1	1000	0
Stool	95	SP0661	Criibacterium bergeronii	1000	0
Stool	95	SP0662	Blautia coccoides	1000	0
Stool	95	SP0663	Anaerococcus vaginalis	1000	0
Stool	95	SP0664	Bifidobacterium dentium	1000	0
Stool	95	SP0665	Lactobacillus delbrueckii	1000	0
Stool	95	SP0666	Blastocystis sp subtype 1	1000	0
Stool	95	SP0667	Staphylococcus hominis	1000	0
Stool	95	SP0668	Corynebacterium amycolatum	1000	0
Stool	95	SP0669	Agitococcus lubricus	1000	0
Stool	95	SP0670	Listeria monocytogenes	1000	0
Stool	95	SP0671	Bacteroides caecimuris	1000	0
Stool	95	SP0672	Acinetobacter junii	1000	0
Stool	95	SP0673	Acinetobacter lwoffii	1000	0
Stool	95	SP0674	Dermabacter hominis	1000	0
Stool	95	SP0675	Micrococcus lylae	1000	0
Stool	95	SP0676	Corynebacterium sp HMSC08A12	1000	0
Stool	95	SP0677	Corynebacterium hadale	1000	0
Stool	95	SP0678	Pyramidobacter piscolens	1000	0
Stool	95	SP0679	Corynebacterium simulans	1000	0
Stool	95	SP0680	Comamonas kerstersii	1000	0
Stool	95	SP0681	Bifidobacterium breve	1000	0
Stool	95	SP0682	Enterobacter cloacae complex	1000	0
Stool	95	SP0683	Enterobacter bugandensis	1000	0
Stool	95	SP0684	Actinomyces turicensis	1000	0
Stool	95	SP0685	Staphylococcus haemolyticus	1000	0
Stool	95	SP0686	Burkholderia cenocepacia	1000	0
Stool	95	SP0687	Burkholderia pyrrocinia	1000	0
Stool	95	SP0688	Jonquetella anthropi	1000	0
Stool	95	SP0689	Bacteroides stercorirosoris	1000	0
Stool	95	SP0690	Bacteroides oleiciplenus	1000	0
Stool	95	SP0691	Corynebacterium afermentans	1000	0
Stool	95	SP0692	Lactobacillus curvatus	1000	0
Stool	95	SP0693	Clostridioides difficile	1000	0
Stool	95	SP0694	Lactobacillus plantarum	1000	0
Stool	95	SP0695	Candida dubliniensis	1000	0
Stool	95	SP0696	Lactobacillus fermentum	1000	0
Stool	95	SP0697	Hafnia paralvei	1000	0
Stool	95	SP0698	Candidatus Gastranaerophilales bacterium	1000	0
Stool	95	SP0699	Kocuria indica	1000	0
Stool	95	SP0700	Streptococcus agalactiae	1000	0
Stool	95	SP0701	Enterococcus dispar	1000	0
Stool	95	SP0702	Firmicutes bacterium CAG 646	1000	0
Stool	95	SP0703	Peptoniphilus sp DNF00840	1000	0
Stool	95	SP0704	Bacteroidales bacterium KA00251	1000	0
Stool	95	SP0705	Ureaplasma urealyticum	1000	0
Stool	95	SP0706	Veillonella montpellierensis	1000	0
Stool	95	SP0707	Actinomyces urogenitalis	1000	0
Stool	95	SP0708	Actinomyces radingae	1000	0
Stool	95	SP0709	Megasphaera sp BV3C16 1	1000	0
Stool	95	SP0710	Bifidobacterium scardovii	1000	0
Stool	95	SP0711	Staphylococcus warneri	1000	0
Stool	95	SP0712	Veillonella sp CAG 933	1000	0
Stool	95	SP0713	Lachnospiraceae bacterium 2 1 46FAA	1000	0
Stool	95	SP0714	Clostridium neonatale	1000	0
Stool	95	SP0715	Lactobacillus algidus	1000	0
Stool	95	SP0716	Lactobacillus reuteri	1000	0
Stool	95	SP0717	Moraxella lacunata	1000	0
Stool	95	SP0718	Staphylococcus pasteuri	1000	0
Stool	95	SP0719	Pantoea ananatis	1000	0
Stool	95	SP0720	Parascardovia denticolens	1000	0
Stool	95	SP0721	Brevundimonas diminuta	1000	0
Stool	95	SP0722	Mixta calida	1000	0
Stool	95	SP0723	Acinetobacter ursingii	1000	0
Stool	95	SP0724	Corynebacterium striatum	1000	0
Stool	95	SP0725	Acinetobacter parvus	1000	0
Stool	95	SP0726	Roseomonas mucosa	1000	0
Stool	95	SP0727	Acinetobacter bereziniae	1000	0
Stool	95	SP0728	Paracoccus sanguinis	1000	0
Stool	95	SP0729	Lactobacillus mucosae	1000	0
Stool	95	SP0730	Acidovorax caeni	1000	0
Stool	95	SP0731	Porphyromonas cangingivalis	1000	0
Stool	95	SP0732	Porphyromonas gulae	1000	0
Stool	95	SP0733	Porphyromonas gingivicanis	1000	0
Stool	95	SP0734	Staphylococcus cohnii	1000	0
Stool	95	SP0735	Neisseria dumasiana	1000	0
Stool	95	SP0736	Lactobacillus rhamnosus	1000	0
Stool	95	SP0737	Fusobacterium gonidiaformans	1000	0
Stool	95	SP0738	Bacteroides zoogleoformans	1000	0
Stool	95	SP0739	Cloacibacillus porcorum	1000	0
Stool	95	SP0740	Leuconostoc garlicum	1000	0
Stool	95	SP0741	Dialister succinatiphilus	1000	0
Stool	95	SP0742	Gemmiger sp An194	1000	0
Stool	95	SP0743	Mycolicibacterium mucogenicum	1000	0
Stool	95	SP0744	Massilia timonae	1000	0
Stool	95	SP0745	Sphingobium yanoikuyae	1000	0
Stool	95	SP0746	Herbaspirillum sp	1000	0
Stool	95	SP0747	Synechococcus sp JA 2 3B a 2 13	1000	0
Stool	95	SP0748	Roseiflexus sp RS 1	1000	0
Stool	95	SP0749	Streptococcus lutetiensis	1000	0
Posterior fornix	42	SP0001	Parabacteroides merdae	1000	0
Posterior fornix	42	SP0002	Bacteroides vulgatus	1000	0
Posterior fornix	42	SP0003	Bacteroides cellulosilyticus	1000	0
Posterior fornix	42	SP0004	Parabacteroides distasonis	1000	0
Posterior fornix	42	SP0005	Bacteroides sp CAG 927	1000	0
Posterior fornix	42	SP0006	Bacteroides ovatus	1000	0
Posterior fornix	42	SP0007	Bacteroides caccae	1000	0
Posterior fornix	42	SP0008	Alistipes putredinis	1000	0
Posterior fornix	42	SP0009	Parasutterella excrementihominis	1000	0
Posterior fornix	42	SP0010	Faecalibacterium prausnitzii	1000	0
Posterior fornix	42	SP0011	Alistipes shahii	1000	0
Posterior fornix	42	SP0012	Ruminococcus bicirculans	1000	0
Posterior fornix	42	SP0013	Roseburia intestinalis	1000	0
Posterior fornix	42	SP0014	Lachnospira pectinoschiza	1000	0
Posterior fornix	42	SP0015	Eubacterium sp CAG 38	1000	0
Posterior fornix	42	SP0016	Proteobacteria bacterium CAG 139	1000	0
Posterior fornix	42	SP0017	Odoribacter splanchnicus	1000	0
Posterior fornix	42	SP0018	Oscillibacter sp 57 20	1000	0
Posterior fornix	42	SP0019	Turicimonas muris	1000	0
Posterior fornix	42	SP0020	Akkermansia muciniphila	1000	0
Posterior fornix	42	SP0021	Roseburia hominis	1000	0
Posterior fornix	42	SP0022	Coprococcus eutactus	1000	0
Posterior fornix	42	SP0023	Eubacterium rectale	1000	0
Posterior fornix	42	SP0024	Bacteroides fragilis	1000	0
Posterior fornix	42	SP0025	Ruthenibacterium lactatiformans	1000	0
Posterior fornix	42	SP0026	Alistipes indistinctus	1000	0
Posterior fornix	42	SP0027	Eubacterium ventriosum	1000	0
Posterior fornix	42	SP0028	Fusicatenibacter saccharivorans	1000	0
Posterior fornix	42	SP0029	Gemmiger formicilis	1000	0
Posterior fornix	42	SP0030	Eubacterium eligens	1000	0
Posterior fornix	42	SP0031	Butyricimonas synergistica	1000	0
Posterior fornix	42	SP0032	Agathobaculum butyriciproducens	1000	0
Posterior fornix	42	SP0033	Butyricimonas virosa	1000	0
Posterior fornix	42	SP0034	Anaerostipes hadrus	1000	0
Posterior fornix	42	SP0035	Dorea formicigenerans	1000	0
Posterior fornix	42	SP0036	Streptococcus parasanguinis	1000	0
Posterior fornix	42	SP0037	Eubacterium ramulus	1000	0
Posterior fornix	42	SP0038	Oscillibacter sp CAG 241	1000	0
Posterior fornix	42	SP0039	Firmicutes bacterium CAG 145	1000	0
Posterior fornix	42	SP0040	Veillonella dispar	1000	0
Posterior fornix	42	SP0041	Intestinimonas butyriciproducens	1000	0
Posterior fornix	42	SP0042	Blautia obeum	1000	0
Posterior fornix	42	SP0043	Bacteroides galacturonicus	1000	0
Posterior fornix	42	SP0044	Veillonella atypica	1000	0
Posterior fornix	42	SP0045	Veillonella parvula	1000	0
Posterior fornix	42	SP0046	Alistipes inops	1000	0
Posterior fornix	42	SP0047	Haemophilus parainfluenzae	1000	0
Posterior fornix	42	SP0048	Lactobacillus rogosae	1000	0
Posterior fornix	42	SP0049	Victivallis vadensis	1000	0
Posterior fornix	42	SP0050	Dielma fastidiosa	1000	0
Posterior fornix	42	SP0051	Prevotella disiens	1000	0
Posterior fornix	42	SP0052	Parabacteroides goldsteinii	1000	0
Posterior fornix	42	SP0053	Oxalobacter formigenes	1000	0
Posterior fornix	42	SP0054	Collinsella aerofaciens	1000	0
Posterior fornix	42	SP0055	Lawsonibacter asaccharolyticus	1000	0
Posterior fornix	42	SP0056	Flavonifractor plautii	1000	0
Posterior fornix	42	SP0057	Streptococcus salivarius	1000	0
Posterior fornix	42	SP0058	Dialister invisus	1000	0
Posterior fornix	42	SP0059	Veillonella sp T11011 6	1000	0
Posterior fornix	42	SP0060	Veillonella infantium	1000	0
Posterior fornix	42	SP0061	Bacteroides stercoris	1000	0
Posterior fornix	42	SP0062	Bacteroides uniformis	1000	0
Posterior fornix	42	SP0063	Barnesiella intestinihominis	1000	0
Posterior fornix	42	SP0064	Ruminococcus bromii	1000	0
Posterior fornix	42	SP0065	Bacteroides thetaiotaomicron	1000	0
Posterior fornix	42	SP0066	Parabacteroides johnsonii	1000	0
Posterior fornix	42	SP0067	Phascolarctobacterium faecium	1000	0
Posterior fornix	42	SP0068	Roseburia inulinivorans	1000	0
Posterior fornix	42	SP0069	Bacteroides clarus	1000	0
Posterior fornix	42	SP0070	Roseburia faecis	1000	0
Posterior fornix	42	SP0071	Firmicutes bacterium CAG 110	1000	0
Posterior fornix	42	SP0072	Bacteroides xylanisolvens	1000	0
Posterior fornix	42	SP0073	Firmicutes bacterium CAG 95	1000	0
Posterior fornix	42	SP0074	Monoglobus pectinilyticus	1000	0
Posterior fornix	42	SP0075	Bacteroides dorei	1000	0
Posterior fornix	42	SP0076	Ruminococcus torques	1000	0
Posterior fornix	42	SP0077	Clostridium sp CAG 58	1000	0
Posterior fornix	42	SP0078	Alistipes timonensis	1000	0
Posterior fornix	42	SP0079	Firmicutes bacterium CAG 83	1000	0
Posterior fornix	42	SP0080	Alistipes finegoldii	1000	0
Posterior fornix	42	SP0081	Dorea longicatena	1000	0
Posterior fornix	42	SP0082	Eubacterium hallii	1000	0
Posterior fornix	42	SP0083	Gordonibacter pamelaeae	1000	0
Posterior fornix	42	SP0084	Clostridium spiroforme	1000	0
Posterior fornix	42	SP0085	Collinsella stercoris	1000	0
Posterior fornix	42	SP0086	Coprococcus comes	1000	0
Posterior fornix	42	SP0087	Oscillibacter sp PC13	1000	0
Posterior fornix	42	SP0088	Holdemania filiformis	1000	0
Posterior fornix	42	SP0089	Adlercreutzia equolifaciens	1000	0
Posterior fornix	42	SP0090	Christensenella minuta	1000	0
Posterior fornix	42	SP0091	Asaccharobacter celatus	1000	0
Posterior fornix	42	SP0092	[Collinsella] massiliensis	1000	0
Posterior fornix	42	SP0093	Clostridium leptum	1000	0
Posterior fornix	42	SP0094	Eggerthella lenta	1000	0
Posterior fornix	42	SP0095	Collinsella intestinalis	1000	0
Posterior fornix	42	SP0096	Bilophila wadsworthia	1000	0
Posterior fornix	42	SP0097	Blautia wexlerae	1000	0
Posterior fornix	42	SP0098	Streptococcus mitis	1000	0
Posterior fornix	42	SP0099	Clostridium citroniae	1000	0
Posterior fornix	42	SP0100	Streptococcus infantis	1000	0
Posterior fornix	42	SP0101	Enorma massiliensis	1000	0
Posterior fornix	42	SP0102	Gemella sanguinis	1000	0
Posterior fornix	42	SP0103	Clostridium innocuum	1000	0
Posterior fornix	42	SP0104	Enterorhabdus caecimuris	1000	0
Posterior fornix	42	SP0105	Olsenella scatoligenes	1000	0
Posterior fornix	42	SP0106	Fretibacterium fastidiosum	1000	0
Posterior fornix	42	SP0107	Rothia mucilaginosa	1000	0
Posterior fornix	42	SP0108	Actinomyces sp ICM47	1000	0
Posterior fornix	42	SP0109	Prevotella melaninogenica	1000	0
Posterior fornix	42	SP0110	Actinomyces sp oral taxon 181	1000	0
Posterior fornix	42	SP0111	Actinomyces graevenitzii	1000	0
Posterior fornix	42	SP0112	Prevotella salivae	1000	0
Posterior fornix	42	SP0113	Prevotella histicola	1000	0
Posterior fornix	42	SP0114	Oribacterium sinus	1000	0
Posterior fornix	42	SP0115	Actinomyces sp HMSC035G02	1000	0
Posterior fornix	42	SP0116	Veillonella rogosae	1000	0
Posterior fornix	42	SP0117	Campylobacter concisus	1000	0
Posterior fornix	42	SP0118	Megasphaera micronuciformis	1000	0
Posterior fornix	42	SP0119	Fusobacterium periodonticum	1000	0
Posterior fornix	42	SP0120	Actinomyces odontolyticus	1000	0
Posterior fornix	42	SP0121	Atopobium parvulum	1000	0
Posterior fornix	42	SP0122	Prevotella pallens	1000	0
Posterior fornix	42	SP0123	Granulicatella elegans	1000	0
Posterior fornix	42	SP0124	Stomatobaculum longum	1000	0
Posterior fornix	42	SP0125	Leptotrichia wadei	1000	0
Posterior fornix	42	SP0126	Actinomyces sp S6 Spd3	1000	0
Posterior fornix	42	SP0127	Streptococcus thermophilus	1000	0
Posterior fornix	42	SP0128	Neisseria flavescens	1000	0
Posterior fornix	42	SP0129	Streptococcus oralis	1000	0
Posterior fornix	42	SP0130	Neisseria subflava	1000	0
Posterior fornix	42	SP0131	Lachnoanaerobaculum saburreum	1000	0
Posterior fornix	42	SP0132	Streptococcus sanguinis	1000	0
Posterior fornix	42	SP0133	Streptococcus australis	1000	0
Posterior fornix	42	SP0134	Streptococcus gordonii	1000	0
Posterior fornix	42	SP0135	Leptotrichia sp oral taxon 215	1000	0
Posterior fornix	42	SP0136	Streptococcus sp F0442	1000	0
Posterior fornix	42	SP0137	Porphyromonas somerae	1000	0
Posterior fornix	42	SP0138	Kingella oralis	1000	0
Posterior fornix	42	SP0139	Prevotella sp oral taxon 299	1000	0
Posterior fornix	42	SP0140	Oribacterium asaccharolyticum	1000	0
Posterior fornix	42	SP0141	Rothia dentocariosa	1000	0
Posterior fornix	42	SP0142	Solobacterium moorei	1000	0
Posterior fornix	42	SP0143	Haemophilus sputorum	1000	0
Posterior fornix	42	SP0144	Staphylococcus aureus	1000	0
Posterior fornix	42	SP0145	Streptococcus sp HPH0090	1000	0
Posterior fornix	42	SP0146	Gemella haemolysans	1000	0
Posterior fornix	42	SP0147	Streptococcus sp A12	1000	0
Posterior fornix	42	SP0148	Lactobacillus helveticus	1000	0
Posterior fornix	42	SP0149	Leptotrichia sp oral taxon 212	1000	0
Posterior fornix	42	SP0150	Fusobacterium nucleatum	1000	0
Posterior fornix	42	SP0151	Capnocytophaga leadbetteri	1000	0
Posterior fornix	42	SP0152	Granulicatella adiacens	1000	0
Posterior fornix	42	SP0153	Prevotella nigrescens	1000	0
Posterior fornix	42	SP0154	Streptococcus vestibularis	1000	0
Posterior fornix	42	SP0155	Streptococcus sp HMSC034E03	1000	0
Posterior fornix	42	SP0156	Actinomyces sp HPA0247	1000	0
Posterior fornix	42	SP0157	Capnocytophaga gingivalis	1000	0
Posterior fornix	42	SP0158	Actinomyces oris	1000	0
Posterior fornix	42	SP0159	Rothia aeria	1000	0
Posterior fornix	42	SP0160	Haemophilus influenzae	1000	0
Posterior fornix	42	SP0161	Haemophilus quentini	1000	0
Posterior fornix	42	SP0162	Streptococcus cristatus	1000	0
Posterior fornix	42	SP0163	Streptococcus mutans	1000	0
Posterior fornix	42	SP0164	Streptococcus sp HMSC067H01	1000	0
Posterior fornix	42	SP0165	Atopobium rimae	1000	0
Posterior fornix	42	SP0166	Haemophilus haemolyticus	1000	0
Posterior fornix	42	SP0167	Capnocytophaga granulosa	1000	0
Posterior fornix	42	SP0168	Neisseria sicca	1000	0
Posterior fornix	42	SP0169	Leptotrichia hofstadii	1000	0
Posterior fornix	42	SP0170	Cardiobacterium hominis	1000	0
Posterior fornix	42	SP0171	Capnocytophaga sputigena	1000	0
Posterior fornix	42	SP0172	Streptococcus sp HMSC071D03	1000	0
Posterior fornix	42	SP0173	Streptococcus pseudopneumoniae	1000	0
Posterior fornix	42	SP0174	Corynebacterium durum	1000	0
Posterior fornix	42	SP0175	Prevotella pleuritidis	1000	0
Posterior fornix	42	SP0176	Gemella morbillorum	1000	0
Posterior fornix	42	SP0177	Lautropia mirabilis	1000	0
Posterior fornix	42	SP0178	Prevotella sp oral taxon 473	1000	0
Posterior fornix	42	SP0179	Aggregatibacter sp oral taxon 458	1000	0
Posterior fornix	42	SP0180	Bulleidia extructa	1000	0
Posterior fornix	42	SP0181	Leptotrichia sp oral taxon 225	1000	0
Posterior fornix	42	SP0182	Leptotrichia sp oral taxon 498	1000	0
Posterior fornix	42	SP0183	Actinomyces naeslundii	1000	0
Posterior fornix	42	SP0184	Haemophilus parahaemolyticus	1000	0
Posterior fornix	42	SP0185	Bifidobacterium longum	1000	0
Posterior fornix	42	SP0186	Prevotella oris	1000	0
Posterior fornix	42	SP0187	Parvimonas micra	1000	0
Posterior fornix	42	SP0188	Streptococcus pneumoniae	1000	0
Posterior fornix	42	SP0189	Haemophilus paraphrohaemolyticus	1000	0
Posterior fornix	42	SP0190	Corynebacterium matruchotii	1000	0
Posterior fornix	42	SP0191	Actinomyces sp oral taxon 170	1000	0
Posterior fornix	42	SP0192	Actinobaculum sp oral taxon 183	1000	0
Posterior fornix	42	SP0193	Actinomyces massiliensis	1000	0
Posterior fornix	42	SP0194	Campylobacter gracilis	1000	0
Posterior fornix	42	SP0195	Capnocytophaga sp oral taxon 863	1000	0
Posterior fornix	42	SP0196	Eikenella corrodens	1000	0
Posterior fornix	42	SP0197	Cardiobacterium valvarum	1000	0
Posterior fornix	42	SP0198	Pseudopropionibacterium propionicum	1000	0
Posterior fornix	42	SP0199	Actinomyces viscosus	1000	0
Posterior fornix	42	SP0200	Campylobacter showae	1000	0
Posterior fornix	42	SP0201	Actinomyces johnsonii	1000	0
Posterior fornix	42	SP0202	Prevotella loescheii	1000	0
Posterior fornix	42	SP0203	Streptococcus sp oral taxon 056	1000	0
Posterior fornix	42	SP0204	Eubacterium brachy	1000	0
Posterior fornix	42	SP0205	Abiotrophia defectiva	1000	0
Posterior fornix	42	SP0206	Capnocytophaga ochracea	1000	0
Posterior fornix	42	SP0207	Streptococcus anginosus group	1000	0
Posterior fornix	42	SP0208	Actinomyces meyeri	1000	0
Posterior fornix	42	SP0209	Actinomyces sp oral taxon 448	1000	0
Posterior fornix	42	SP0210	Eikenella sp NML130454	1000	0
Posterior fornix	42	SP0211	Selenomonas noxia	1000	0
Posterior fornix	42	SP0212	Oribacterium sp oral taxon 078	1000	0
Posterior fornix	42	SP0213	Abiotrophia sp HMSC24B09	1000	0
Posterior fornix	42	SP0214	Leptotrichia sp oral taxon 879	1000	0
Posterior fornix	42	SP0215	Aggregatibacter actinomycetemcomitans	1000	0
Posterior fornix	42	SP0216	Actinomyces sp oral taxon 180	1000	0
Posterior fornix	42	SP0217	Aggregatibacter segnis	1000	0
Posterior fornix	42	SP0218	Actinomyces denticolens	1000	0
Posterior fornix	42	SP0219	Selenomonas infelix	1000	0
Posterior fornix	42	SP0220	Kingella denitrificans	1000	0
Posterior fornix	42	SP0221	Capnocytophaga sp oral taxon 338	1000	0
Posterior fornix	42	SP0222	Staphylococcus argenteus	1000	0
Posterior fornix	42	SP0223	Staphylococcus epidermidis	1000	0
Posterior fornix	42	SP0224	Cutibacterium acnes	1000	0
Posterior fornix	42	SP0225	Corynebacterium accolens	1000	0
Posterior fornix	42	SP0226	Escherichia coli	1000	0
Posterior fornix	42	SP0227	Haemophilus sp HMSC71H05	1000	0
Posterior fornix	42	SP0228	Propionibacterium namnetense	1000	0
Posterior fornix	42	SP0229	Klebsiella pneumoniae	1000	0
Posterior fornix	42	SP0230	Gardnerella vaginalis	1000	0
Posterior fornix	42	SP0231	Lactobacillus iners	1000	0
Posterior fornix	42	SP0232	Atopobium vaginae	1000	0
Posterior fornix	42	SP0233	Sneathia amnii	1000	0
Posterior fornix	42	SP0234	Veillonellaceae bacterium DNF00626	1000	0
Posterior fornix	42	SP0235	Prevotella timonensis	1000	0
Posterior fornix	42	SP0236	Prevotella buccalis	1000	0
Posterior fornix	42	SP0237	Anaerococcus tetradius	1000	0
Posterior fornix	42	SP0238	Dialister micraerophilus	1000	0
Posterior fornix	42	SP0239	Peptoniphilus lacrimalis	1000	0
Posterior fornix	42	SP0240	Aerococcus christensenii	1000	0
Posterior fornix	42	SP0241	Mobiluncus curtisii	1000	0
Posterior fornix	42	SP0242	Tissierellia bacterium KA00581	1000	0
Posterior fornix	42	SP0243	Prevotella bivia	1000	0
Posterior fornix	42	SP0244	Lactobacillus jensenii	1000	0.006
Posterior fornix	42	SP0245	Mageeibacillus indolicus	1000	0
Posterior fornix	42	SP0246	Gemella asaccharolytica	1000	0
Posterior fornix	42	SP0247	Prevotella colorans	1000	0
Posterior fornix	42	SP0248	Lactobacillus coleohominis	1000	0
Posterior fornix	42	SP0249	Prevotella sp S7 1 8	1000	0
Posterior fornix	42	SP0250	Lactobacillus gasseri	1000	0
Posterior fornix	42	SP0251	Mycoplasma hominis	1000	0
Posterior fornix	42	SP0252	Porphyromonas uenonis	1000	0
Posterior fornix	42	SP0253	Peptococcus niger	1000	0
Posterior fornix	42	SP0254	Peptoniphilus sp BV3C26	1000	0
Posterior fornix	42	SP0255	Bacteroides coagulans	1000	0
Posterior fornix	42	SP0256	Porphyromonas asaccharolytica	1000	0
Posterior fornix	42	SP0257	Peptoniphilus duerdenii	1000	0
Posterior fornix	42	SP0258	Mobiluncus mulieris	1000	0
Posterior fornix	42	SP0259	Peptoniphilus harei	1000	0
Posterior fornix	42	SP0260	Actinomyces neuii	1000	0
Posterior fornix	42	SP0261	Anaerococcus lactolyticus	1000	0
Posterior fornix	42	SP0262	Atopobium deltae	1000	0
Posterior fornix	42	SP0263	Ureaplasma parvum	1000	0
Posterior fornix	42	SP0264	Varibaculum cambriense	1000	0
Posterior fornix	42	SP0265	Atopobium minutum	1000	0
Posterior fornix	42	SP0266	Lactobacillus paragasseri	1000	0
Posterior fornix	42	SP0267	Prevotella bergensis	1000	0
Posterior fornix	42	SP0268	Peptoniphilus coxii	1000	0
Posterior fornix	42	SP0269	Neisseria perflava	1000	0
Posterior fornix	42	SP0270	Prevotella shahii	1000	0
Posterior fornix	42	SP0271	Lachnospiraceae bacterium oral taxon 096	1000	0
Posterior fornix	42	SP0272	Eubacterium sulci	1000	0
Posterior fornix	42	SP0273	Oribacterium parvum	1000	0
Posterior fornix	42	SP0274	Tannerella sp oral taxon HOT 286	1000	0
Posterior fornix	42	SP0275	Mogibacterium diversum	1000	0
Posterior fornix	42	SP0276	Alloprevotella tannerae	1000	0
Posterior fornix	42	SP0277	Prevotella jejuni	1000	0
Posterior fornix	42	SP0278	Lachnoanaerobaculum umeaense	1000	0
Posterior fornix	42	SP0279	Veillonella tobetsuensis	1000	0
Posterior fornix	42	SP0280	Gemella bergeri	1000	0
Posterior fornix	42	SP0281	Treponema sp OMZ 838	1000	0
Posterior fornix	42	SP0282	Neisseria sp oral taxon 014	1000	0
Posterior fornix	42	SP0283	Treponema socranskii	1000	0
Posterior fornix	42	SP0284	Peptostreptococcus stomatis	1000	0
Posterior fornix	42	SP0285	Alloscardovia omnicolens	1000	0
Posterior fornix	42	SP0286	Campylobacter mucosalis	1000	0
Posterior fornix	42	SP0287	Streptococcus peroris	1000	0
Posterior fornix	42	SP0288	Neisseria elongata	1000	0
Posterior fornix	42	SP0289	Alloprevotella rava	1000	0
Posterior fornix	42	SP0290	Treponema denticola	1000	0
Posterior fornix	42	SP0291	Mogibacterium pumilum	1000	0
Posterior fornix	42	SP0292	Porphyromonas endodontalis	1000	0
Posterior fornix	42	SP0293	Bacteroidetes oral taxon 274	1000	0
Posterior fornix	42	SP0294	Prevotella oulorum	1000	0
Posterior fornix	42	SP0295	Capnocytophaga sp oral taxon 332	1000	0
Posterior fornix	42	SP0296	Prevotella denticola	1000	0
Posterior fornix	42	SP0297	Prevotella scopos	1000	0
Posterior fornix	42	SP0298	Leptotrichia buccalis	1000	0
Posterior fornix	42	SP0299	Selenomonas sputigena	1000	0
Posterior fornix	42	SP0300	Porphyromonas catoniae	1000	0
Posterior fornix	42	SP0301	Streptococcus sp M334	1000	0
Posterior fornix	42	SP0302	Prevotella veroralis	1000	0
Posterior fornix	42	SP0303	Slackia exigua	1000	0
Posterior fornix	42	SP0304	Parvimonas sp oral taxon 110	1000	0
Posterior fornix	42	SP0305	Leptotrichia goodfellowii	1000	0
Posterior fornix	42	SP0306	Treponema medium	1000	0
Posterior fornix	42	SP0307	Haemophilus pittmaniae	1000	0
Posterior fornix	42	SP0308	Fusobacterium hwasookii	1000	0
Posterior fornix	42	SP0309	Porphyromonas canoris	1000	0
Posterior fornix	42	SP0310	Olsenella uli	1000	0
Posterior fornix	42	SP0311	Prevotella sp oral taxon 306	1000	0
Posterior fornix	42	SP0312	Selenomonas flueggei	1000	0
Posterior fornix	42	SP0313	Porphyromonas sp oral taxon 278	1000	0
Posterior fornix	42	SP0314	Aggregatibacter aphrophilus	1000	0
Posterior fornix	42	SP0315	Eubacterium yurii	1000	0
Posterior fornix	42	SP0316	Prevotella buccae	1000	0
Posterior fornix	42	SP0317	Anaeroglobus geminatus	1000	0
Posterior fornix	42	SP0318	Parvimonas sp oral taxon 393	1000	0
Posterior fornix	42	SP0319	Tannerella forsythia	1000	0
Posterior fornix	42	SP0320	Eubacterium infirmum	1000	0
Posterior fornix	42	SP0321	Actinomyces sp oral taxon 414	1000	0
Posterior fornix	42	SP0322	Ottowia sp oral taxon 894	1000	0
Posterior fornix	42	SP0323	Treponema maltophilum	1000	0
Posterior fornix	42	SP0324	Selenomonas sp oral taxon 892	1000	0
Posterior fornix	42	SP0325	Prevotella saccharolytica	1000	0
Posterior fornix	42	SP0326	Johnsonella ignava	1000	0
Posterior fornix	42	SP0327	Catonella morbi	1000	0
Posterior fornix	42	SP0328	Actinomyces hongkongensis	1000	0
Posterior fornix	42	SP0329	Prevotella micans	1000	0
Posterior fornix	42	SP0330	Actinomyces georgiae	1000	0
Posterior fornix	42	SP0331	Selenomonas artemidis	1000	0
Posterior fornix	42	SP0332	Prevotella maculosa	1000	0
Posterior fornix	42	SP0333	Prevotella enoeca	1000	0
Posterior fornix	42	SP0334	Centipeda periodontii	1000	0
Posterior fornix	42	SP0335	Campylobacter curvus	1000	0
Posterior fornix	42	SP0336	Selenomonas sp FOBRC6	1000	0
Posterior fornix	42	SP0337	Neisseria gonorrhoeae	1000	0
Posterior fornix	42	SP0338	Selenomonas sp oral taxon 920	1000	0
Posterior fornix	42	SP0339	Selenomonas sp oral taxon 138	1000	0
Posterior fornix	42	SP0340	Sutterella parvirubra	1000	0
Posterior fornix	42	SP0341	Treponema vincentii	1000	0
Posterior fornix	42	SP0342	Neisseria mucosa	1000	0
Posterior fornix	42	SP0343	Campylobacter rectus	1000	0
Posterior fornix	42	SP0344	Selenomonas sp oral taxon 126	1000	0
Posterior fornix	42	SP0345	Prevotella copri	1000	0
Posterior fornix	42	SP0346	Butyrivibrio crossotus	1000	0
Posterior fornix	42	SP0347	Bacteroides massiliensis	1000	0
Posterior fornix	42	SP0348	Catenibacterium mitsuokai	1000	0
Posterior fornix	42	SP0349	Eubacterium sp CAG 180	1000	0
Posterior fornix	42	SP0350	Eubacterium siraeum	1000	0
Posterior fornix	42	SP0351	Bacteroides finegoldii	1000	0
Posterior fornix	42	SP0352	Bacteroides eggerthii	1000	0
Posterior fornix	42	SP0353	Bacteroides faecichinchillae	1000	0
Posterior fornix	42	SP0354	Coprobacter fastidiosus	1000	0
Posterior fornix	42	SP0355	Desulfovibrionaceae bacterium	1000	0
Posterior fornix	42	SP0356	Methanobrevibacter smithii	1000	0
Posterior fornix	42	SP0357	Bacteroides salyersiae	1000	0
Posterior fornix	42	SP0358	Ruminococcus lactaris	1000	0
Posterior fornix	42	SP0359	Roseburia sp CAG 471	1000	0
Posterior fornix	42	SP0360	Clostridium sp CAG 167	1000	0
Posterior fornix	42	SP0361	Bacteroides nordii	1000	0
Posterior fornix	42	SP0362	Bifidobacterium adolescentis	1000	0
Posterior fornix	42	SP0363	Alistipes onderdonkii	1000	0
Posterior fornix	42	SP0364	Roseburia sp CAG 182	1000	0
Posterior fornix	42	SP0365	Coprococcus catus	1000	0
Posterior fornix	42	SP0366	Bacteroides intestinalis	1000	0
Posterior fornix	42	SP0367	Sharpea azabuensis	1000	0
Posterior fornix	42	SP0368	Slackia isoflavoniconvertens	1000	0
Posterior fornix	42	SP0369	Turicibacter sanguinis	1000	0
Posterior fornix	42	SP0370	Firmicutes bacterium CAG 238	1000	0
Posterior fornix	42	SP0371	Ruminococcaceae bacterium D5	1000	0
Posterior fornix	42	SP0372	Firmicutes bacterium CAG 170	1000	0
Posterior fornix	42	SP0373	Morococcus cerebrosus	1000	0
Posterior fornix	42	SP0374	Neisseria cinerea	1000	0
Posterior fornix	42	SP0375	Fusobacterium sp oral taxon 370	1000	0
Posterior fornix	42	SP0376	Tannerella sp oral taxon 808	1000	0
Posterior fornix	42	SP0377	Prevotella sp F0091	1000	0
Posterior fornix	42	SP0378	Streptococcus sp SK643	1000	0
Posterior fornix	42	SP0379	Neisseria meningitidis	1000	0
Posterior fornix	42	SP0380	Neisseria macacae	1000	0
Posterior fornix	42	SP0381	Streptococcus sp oral taxon 058	1000	0
Posterior fornix	42	SP0382	Candida albicans	1000	0
Posterior fornix	42	SP0383	Neisseria bacilliformis	1000	0
Posterior fornix	42	SP0384	Neisseria sp HMSC064E01	1000	0
Posterior fornix	42	SP0385	Selenomonas sp F0473	1000	0
Posterior fornix	42	SP0386	Bacteroides coprocola	1000	0
Posterior fornix	42	SP0387	Acidaminococcus intestini	1000	0
Posterior fornix	42	SP0388	Ruminococcus sp CAG 330	1000	0
Posterior fornix	42	SP0389	Anaeromassilibacillus sp An250	1000	0
Posterior fornix	42	SP0390	Anaerotruncus colihominis	1000	0
Posterior fornix	42	SP0391	Harryflintia acetispora	1000	0
Posterior fornix	42	SP0392	Firmicutes bacterium CAG 94	1000	0
Posterior fornix	42	SP0393	Lachnoclostridium sp An138	1000	0
Posterior fornix	42	SP0394	Massiliomicrobiota timonensis	1000	0
Posterior fornix	42	SP0395	Ruminococcaceae bacterium D16	1000	0
Posterior fornix	42	SP0396	Neisseria lactamica	1000	0
Posterior fornix	42	SP0397	Streptococcus milleri	1000	0
Posterior fornix	42	SP0398	Filifactor alocis	1000	0
Posterior fornix	42	SP0399	Prevotella fusca	1000	0
Posterior fornix	42	SP0400	Prevotella oralis	1000	0
Posterior fornix	42	SP0401	Actinomyces sp oral taxon 897	1000	0
Posterior fornix	42	SP0402	Veillonella rodentium	1000	0
Posterior fornix	42	SP0403	Shuttleworthia satelles	1000	0
Posterior fornix	42	SP0404	Olsenella profusa	1000	0
Posterior fornix	42	SP0405	Corynebacterium pseudodiphtheriticum	1000	0
Posterior fornix	42	SP0406	Anaerococcus octavius	1000	0
Posterior fornix	42	SP0407	Lactobacillus vaginalis	1000	0
Posterior fornix	42	SP0408	Finegoldia magna	1000	0
Posterior fornix	42	SP0409	Campylobacter ureolyticus	1000	0
Posterior fornix	42	SP0410	Faecalitalea cylindroides	1000	0
Posterior fornix	42	SP0411	Clostridium bolteae	1000	0
Posterior fornix	42	SP0412	Blautia sp CAG 257	1000	0
Posterior fornix	42	SP0413	Eubacterium dolichum CAG 375	1000	0
Posterior fornix	42	SP0414	Absiella dolichum	1000	0
Posterior fornix	42	SP0415	Clostridium bolteae CAG 59	1000	0
Posterior fornix	42	SP0416	Bacteroides faecis	1000	0
Posterior fornix	42	SP0417	Clostridium lavalense	1000	0
Posterior fornix	42	SP0418	Clostridium saccharolyticum	1000	0
Posterior fornix	42	SP0419	Clostridium clostridioforme	1000	0
Posterior fornix	42	SP0420	Clostridium symbiosum	1000	0
Posterior fornix	42	SP0421	Bacteroides plebeius	1000	0
Posterior fornix	42	SP0422	Blautia hydrogenotrophica	1000	0
Posterior fornix	42	SP0423	Ruminococcus sp CAG 403	1000	0
Posterior fornix	42	SP0424	Ruminococcus gnavus	1000	0
Posterior fornix	42	SP0425	Lactococcus lactis	1000	0
Posterior fornix	42	SP0426	Roseburia sp CAG 309	1000	0
Posterior fornix	42	SP0427	Romboutsia ilealis	1000	0
Posterior fornix	42	SP0428	Peptoanaerobacter stomatis	1000	0
Posterior fornix	42	SP0429	Streptococcus sp NLAE zl C503	1000	0
Posterior fornix	42	SP0430	Treponema lecithinolyticum	1000	0
Posterior fornix	42	SP0431	Prevotella marshii	1000	0
Posterior fornix	42	SP0432	Limnochorda pilosa	1000	0
Posterior fornix	42	SP0433	Lactobacillus crispatus	1000	0
Posterior fornix	42	SP0434	Moraxella nonliquefaciens	1000	0
Posterior fornix	42	SP0435	Dolosigranulum pigrum	1000	0
Posterior fornix	42	SP0436	Cutibacterium granulosum	1000	0
Posterior fornix	42	SP0437	Corynebacterium pseudogenitalium	1000	0
Posterior fornix	42	SP0438	Cutibacterium avidum	1000	0
Posterior fornix	42	SP0439	Cloacibacterium normanense	1000	0
Posterior fornix	42	SP0440	Anaerotignum lactatifermentans	1000	0
Posterior fornix	42	SP0441	Lachnoclostridium sp An14	1000	0
Posterior fornix	42	SP0442	Intestinibacter bartlettii	1000	0
Posterior fornix	42	SP0443	Erysipelatoclostridium ramosum	1000	0
Posterior fornix	42	SP0444	Eisenbergiella tayi	1000	0
Posterior fornix	42	SP0445	Eubacterium sp CAG 274	1000	0
Posterior fornix	42	SP0446	Clostridiales bacterium 1 7 47FAA	1000	0
Posterior fornix	42	SP0447	Blautia sp An249	1000	0
Posterior fornix	42	SP0448	Cloacibacillus evryensis	1000	0
Posterior fornix	42	SP0449	Dorea sp CAG 317	1000	0
Posterior fornix	42	SP0450	Aerococcus urinaeequi	1000	0
Posterior fornix	42	SP0451	Prevotella stercorea	1000	0
Posterior fornix	42	SP0452	Prevotella sp CAG 279	1000	0
Posterior fornix	42	SP0453	Paraprevotella xylaniphila	1000	0
Posterior fornix	42	SP0454	Bacteroides coprophilus	1000	0
Posterior fornix	42	SP0455	Eubacterium sp CAG 251	1000	0
Posterior fornix	42	SP0456	Bacteroides pectinophilus	1000	0
Posterior fornix	42	SP0457	Clostridium sp CAG 253	1000	0
Posterior fornix	42	SP0458	Bacteroides sp CAG 144	1000	0
Posterior fornix	42	SP0459	Lactobacillus ruminis	1000	0
Posterior fornix	42	SP0460	Coprobacter secundus	1000	0
Posterior fornix	42	SP0461	Clostridium disporicum	1000	0
Posterior fornix	42	SP0462	Paraprevotella clara	1000	0
Posterior fornix	42	SP0463	Ruminococcus sp CAG 563	1000	0
Posterior fornix	42	SP0464	Clostridium perfringens	1000	0
Posterior fornix	42	SP0465	Ruminococcus callidus	1000	0
Posterior fornix	42	SP0466	Clostridium sp CAG 413	1000	0
Posterior fornix	42	SP0467	Holdemanella biformis	1000	0
Posterior fornix	42	SP0468	Ruminococcus champanellensis	1000	0
Posterior fornix	42	SP0469	Clostridium paraputrificum	1000	0
Posterior fornix	42	SP0470	Prevotella sp CAG 520	1000	0
Posterior fornix	42	SP0471	Clostridium sp CAG 964	1000	0
Posterior fornix	42	SP0472	Ruminococcus sp CAG 488	1000	0
Posterior fornix	42	SP0473	Sanguibacteroides justesenii	1000	0
Posterior fornix	42	SP0474	Coprobacillus cateniformis	1000	0
Posterior fornix	42	SP0475	Eisenbergiella massiliensis	1000	0
Posterior fornix	42	SP0476	Bifidobacterium pseudocatenulatum	1000	0
Posterior fornix	42	SP0477	Hungatella hathewayi	1000	0
Posterior fornix	42	SP0478	Clostridium sp CAG 411	1000	0
Posterior fornix	42	SP0479	Pseudoflavonifractor capillosus	1000	0
Posterior fornix	42	SP0480	Prevotella sp CAG 1031	1000	0
Posterior fornix	42	SP0481	Desulfovibrio piger	1000	0
Posterior fornix	42	SP0482	Prevotella corporis	1000	0
Posterior fornix	42	SP0483	Campylobacter hominis	1000	0
Posterior fornix	42	SP0484	Ruminococcus obeum CAG 39	1000	0
Posterior fornix	42	SP0485	Klebsiella variicola	1000	0
Posterior fornix	42	SP0486	Lachnoclostridium sp An131	1000	0
Posterior fornix	42	SP0487	Anaerofustis stercorihominis	1000	0
Posterior fornix	42	SP0488	Sellimonas intestinalis	1000	0
Posterior fornix	42	SP0489	Pseudoflavonifractor sp An184	1000	0
Posterior fornix	42	SP0490	Eubacterium limosum	1000	0
Posterior fornix	42	SP0491	Clostridium aldenense	1000	0
Posterior fornix	42	SP0492	Streptococcus sinensis	1000	0
Posterior fornix	42	SP0493	Clostridium methylpentosum	1000	0
Posterior fornix	42	SP0494	Mogibacterium timidum	1000	0
Posterior fornix	42	SP0495	Malassezia restricta	1000	0
Posterior fornix	42	SP0496	Staphylococcus capitis	1000	0
Posterior fornix	42	SP0497	Megamonas hypermegale	1000	0
Posterior fornix	42	SP0498	Megamonas funiformis	1000	0
Posterior fornix	42	SP0499	Clostridium sp CAG 299	1000	0
Posterior fornix	42	SP0500	Tyzzerella nexilis	1000	0
Posterior fornix	42	SP0501	Blautia hansenii	1000	0
Posterior fornix	42	SP0502	Bifidobacterium bifidum	1000	0
Posterior fornix	42	SP0503	Bacillus aerius	1000	0
Posterior fornix	42	SP0504	Candidatus Stoquefichus sp KLE1796	1000	0
Posterior fornix	42	SP0505	Scardovia wiggsiae	1000	0
Posterior fornix	42	SP0506	Prevotella intermedia	1000	0
Posterior fornix	42	SP0507	Parvimonas sp KA00067	1000	0
Posterior fornix	42	SP0508	Capnocytophaga sp oral taxon 878	1000	0
Posterior fornix	42	SP0509	Streptococcus viridans	1000	0
Posterior fornix	42	SP0510	Blautia sp N6H1 15	1000	0
Posterior fornix	42	SP0511	Clostridium scindens	1000	0
Posterior fornix	42	SP0512	Fusobacterium ulcerans	1000	0
Posterior fornix	42	SP0513	Malassezia globosa	1000	0
Posterior fornix	42	SP0514	Micrococcus luteus	1000	0
Posterior fornix	42	SP0515	Kocuria palustris	1000	0
Posterior fornix	42	SP0516	Moraxella osloensis	1000	0
Posterior fornix	42	SP0517	Anaerococcus nagyae	1000	0
Posterior fornix	42	SP0518	Acinetobacter radioresistens	1000	0
Posterior fornix	42	SP0519	Enhydrobacter aerosaccus	1000	0
Posterior fornix	42	SP0520	Propionibacterium humerusii	1000	0
Posterior fornix	42	SP0521	Odoribacter laneus	1000	0
Posterior fornix	42	SP0522	Candidatus Methanomassiliicoccus intestinalis	1000	0
Posterior fornix	42	SP0523	Roseburia sp CAG 303	1000	0
Posterior fornix	42	SP0524	Ruminococcus sp CAG 624	1000	0
Posterior fornix	42	SP0525	Lactobacillus acidophilus	1000	0
Posterior fornix	42	SP0526	Desulfovibrio fairfieldensis	1000	0
Posterior fornix	42	SP0527	Allisonella histaminiformans	1000	0
Posterior fornix	42	SP0528	Haemophilus aegyptius	1000	0
Posterior fornix	42	SP0529	Candida tropicalis	1000	0
Posterior fornix	42	SP0530	Prevotella sp AM42 24	1000	0
Posterior fornix	42	SP0531	Bacteroides faecis CAG 32	1000	0
Posterior fornix	42	SP0532	Dialister sp CAG 357	1000	0
Posterior fornix	42	SP0533	Enterococcus faecium	1000	0
Posterior fornix	42	SP0534	Bifidobacterium catenulatum	1000	0
Posterior fornix	42	SP0535	Eubacterium saphenum	1000	0
Posterior fornix	42	SP0536	Bacteroidetes bacterium oral taxon 272	1000	0
Posterior fornix	42	SP0537	Dialister pneumosintes	1000	0
Posterior fornix	42	SP0538	Anaerolineaceae bacterium oral taxon 439	1000	0
Posterior fornix	42	SP0539	Streptococcus massiliensis	1000	0
Posterior fornix	42	SP0540	Capnocytophaga haemolytica	1000	0
Posterior fornix	42	SP0541	Prevotella dentalis	1000	0
Posterior fornix	42	SP0542	Pseudoramibacter alactolyticus	1000	0
Posterior fornix	42	SP0543	Treponema putidum	1000	0
Posterior fornix	42	SP0544	Prevotella sp oral taxon 820	1000	0
Posterior fornix	42	SP0545	Prevotella amnii	1000	0
Posterior fornix	42	SP0546	Moraxella lincolnii	1000	0
Posterior fornix	42	SP0547	Prevotella sp 885	1000	0
Posterior fornix	42	SP0548	Butyrivibrio sp CAG 318	1000	0
Posterior fornix	42	SP0549	Bacteroides sartorii	1000	0
Posterior fornix	42	SP0550	Clostridium sp CAG 590	1000	0
Posterior fornix	42	SP0551	Clostridiales bacterium CHKCI006	1000	0
Posterior fornix	42	SP0552	Clostridium sp CAG 242	1000	0
Posterior fornix	42	SP0553	Clostridium sp chh4 2	1000	0
Posterior fornix	42	SP0554	Flavonifractor sp An10	1000	0
Posterior fornix	42	SP0555	Methanosphaera stadtmanae	1000	0
Posterior fornix	42	SP0556	Blautia producta	1000	0
Posterior fornix	42	SP0557	Clostridium asparagiforme	1000	0
Posterior fornix	42	SP0558	Lactonifactor longoviformis	1000	0
Posterior fornix	42	SP0559	Simonsiella muelleri	1000	0
Posterior fornix	42	SP0560	Chlamydia ibidis	1000	0
Posterior fornix	42	SP0561	Megamonas funiformis CAG 377	1000	0
Posterior fornix	42	SP0562	Porphyromonas gingivalis	1000	0
Posterior fornix	42	SP0563	Prevotella multiformis	1000	0
Posterior fornix	42	SP0564	Eubacterium nodatum	1000	0
Posterior fornix	42	SP0565	Leptotrichia sp oral taxon 847	1000	0
Posterior fornix	42	SP0566	Streptococcus sp HMSC070B10	1000	0
Posterior fornix	42	SP0567	Desulfobulbus oralis	1000	0
Posterior fornix	42	SP0568	Prevotella sp oral taxon 376	1000	0
Posterior fornix	42	SP0569	Eggerthia catenaformis	1000	0
Posterior fornix	42	SP0570	Prevotella baroniae	1000	0
Posterior fornix	42	SP0571	Propionibacterium acidifaciens	1000	0
Posterior fornix	42	SP0572	Peptostreptococcaceae bacterium oral taxon 113	1000	0
Posterior fornix	42	SP0573	Corynebacterium tuberculostearicum	1000	0
Posterior fornix	42	SP0574	Kingella kingae	1000	0
Posterior fornix	42	SP0575	Faecalicoccus pleomorphus	1000	0
Posterior fornix	42	SP0576	Corynebacterium kroppenstedtii	1000	0
Posterior fornix	42	SP0577	Paracoccus versutus	1000	0
Posterior fornix	42	SP0578	Streptococcus salivarius CAG 79	1000	0
Posterior fornix	42	SP0579	Paracoccus pantotrophus	1000	0
Posterior fornix	42	SP0580	Coprobacter sp	1000	0
Posterior fornix	42	SP0581	Phascolarctobacterium succinatutens	1000	0
Posterior fornix	42	SP0582	Catabacter hongkongensis	1000	0
Posterior fornix	42	SP0583	Clostridium sp D5	1000	0
Posterior fornix	42	SP0584	Peptoniphilus sp HMSC062D09	1000	0
Posterior fornix	42	SP0585	Eubacterium sp OM08 24	1000	0
Posterior fornix	42	SP0586	Anaerofilum sp An201	1000	0
Posterior fornix	42	SP0587	Mycobacteroides chelonae	1000	0
Posterior fornix	42	SP0588	Neisseria polysaccharea	1000	0
Posterior fornix	42	SP0589	Haemophilus sp C1	1000	0
Posterior fornix	42	SP0590	Bifidobacterium angulatum	1000	0
Posterior fornix	42	SP0591	Mitsuokella multacida	1000	0
Posterior fornix	42	SP0592	Megasphaera elsdenii	1000	0
Posterior fornix	42	SP0593	Porphyromonas sp HMSC065F10	1000	0
Posterior fornix	42	SP0594	Clostridium ventriculi	1000	0
Posterior fornix	42	SP0595	Mitsuokella jalaludinii	1000	0
Posterior fornix	42	SP0596	Actinomyces cardiffensis	1000	0
Posterior fornix	42	SP0597	Flavonifractor sp An100	1000	0
Posterior fornix	42	SP0598	Pseudomonas fluorescens group	1000	0
Posterior fornix	42	SP0599	Brochothrix thermosphacta	1000	0
Posterior fornix	42	SP0600	Carnobacterium divergens	1000	0
Posterior fornix	42	SP0601	Pseudomonas fragi	1000	0
Posterior fornix	42	SP0602	Carnobacterium maltaromaticum	1000	0
Posterior fornix	42	SP0603	Psychrobacter sp 1501 2011	1000	0
Posterior fornix	42	SP0604	Serratia proteamaculans	1000	0
Posterior fornix	42	SP0605	Bacteroides sp CAG 443	1000	0
Posterior fornix	42	SP0606	Aeriscardovia aeriphila	1000	0
Posterior fornix	42	SP0607	Subdoligranulum variabile	1000	0
Posterior fornix	42	SP0608	Sphingomonas koreensis	1000	0
Posterior fornix	42	SP0609	Anaerostipes caccae	1000	0
Posterior fornix	42	SP0610	Firmicutes bacterium CAG 424	1000	0
Posterior fornix	42	SP0611	Fusobacterium naviforme	1000	0
Posterior fornix	42	SP0612	Clostridium hylemonae	1000	0
Posterior fornix	42	SP0613	Megasphaera sp DISK 18	1000	0
Posterior fornix	42	SP0614	Megasphaera sp MJR8396C	1000	0
Posterior fornix	42	SP0615	Moraxella catarrhalis	1000	0
Posterior fornix	42	SP0616	Klebsiella aerogenes	1000	0
Posterior fornix	42	SP0617	Proteus mirabilis	1000	0
Posterior fornix	42	SP0618	Staphylococcus lugdunensis	1000	0
Posterior fornix	42	SP0619	Butyricicoccus pullicaecorum	1000	0
Posterior fornix	42	SP0620	Malassezia sympodialis	1000	0
Posterior fornix	42	SP0621	Corynebacterium argentoratense	1000	0
Posterior fornix	42	SP0622	Leuconostoc mesenteroides	1000	0
Posterior fornix	42	SP0623	Propionibacterium sp oral taxon 192	1000	0
Posterior fornix	42	SP0624	Prevotella sp CAG 617	1000	0
Posterior fornix	42	SP0625	Prevotella sp CAG 1185	1000	0
Posterior fornix	42	SP0626	Lawsonella clevelandensis	1000	0
Posterior fornix	42	SP0627	Citrobacter portucalensis	1000	0
Posterior fornix	42	SP0628	Citrobacter youngae	1000	0
Posterior fornix	42	SP0629	Klebsiella quasipneumoniae	1000	0
Posterior fornix	42	SP0630	Clostridium sp 7 2 43FAA	1000	0
Posterior fornix	42	SP0631	Staphylococcus pseudintermedius	1000	0
Posterior fornix	42	SP0632	Tepidiphilus thermophilus	1000	0
Posterior fornix	42	SP0633	Fusobacterium necrophorum	1000	0
Posterior fornix	42	SP0634	Brachyspira sp CAG 700	1000	0
Posterior fornix	42	SP0635	Elizabethkingia miricola	1000	0
Posterior fornix	42	SP0636	Parabacteroides gordonii	1000	0
Posterior fornix	42	SP0637	Phascolarctobacterium sp CAG 266	1000	0
Posterior fornix	42	SP0638	Corynebacterium kefirresidentii	1000	0
Posterior fornix	42	SP0639	Anaerotruncus sp CAG 528	1000	0
Posterior fornix	42	SP0640	Enterococcus faecalis	1000	0
Posterior fornix	42	SP0641	Citrobacter europaeus	1000	0
Posterior fornix	42	SP0642	Lachnoclostridium sp An118	1000	0
Posterior fornix	42	SP0643	Enterococcus gallinarum	1000	0
Posterior fornix	42	SP0644	Klebsiella oxytoca	1000	0
Posterior fornix	42	SP0645	Negativicoccus succinicivorans	1000	0
Posterior fornix	42	SP0646	Kingella potus	1000	0
Posterior fornix	42	SP0647	Corynebacterium singulare	1000	0
Posterior fornix	42	SP0648	Bacteroides sp OM05 12	1000	0
Posterior fornix	42	SP0649	Bifidobacterium animalis	1000	0
Posterior fornix	42	SP0650	Stenotrophomonas maltophilia	1000	0
Posterior fornix	42	SP0651	Staphylococcus saprophyticus	1000	0
Posterior fornix	42	SP0652	Bacteroides sp D2	1000	0
Posterior fornix	42	SP0653	Eubacterium coprostanoligenes	1000	0
Posterior fornix	42	SP0654	Anaerobiospirillum thomasii	1000	0
Posterior fornix	42	SP0655	Fusobacterium mortiferum	1000	0
Posterior fornix	42	SP0656	Helicobacter pylori	1000	0
Posterior fornix	42	SP0657	Clostridium hiranonis	1000	0
Posterior fornix	42	SP0658	Veillonella denticariosi	1000	0
Posterior fornix	42	SP0659	Peptostreptococcus anaerobius	1000	0
Posterior fornix	42	SP0660	Peptostreptococcus sp MV1	1000	0
Posterior fornix	42	SP0661	Criibacterium bergeronii	1000	0
Posterior fornix	42	SP0662	Blautia coccoides	1000	0
Posterior fornix	42	SP0663	Anaerococcus vaginalis	1000	0
Posterior fornix	42	SP0664	Bifidobacterium dentium	1000	0
Posterior fornix	42	SP0665	Lactobacillus delbrueckii	1000	0
Posterior fornix	42	SP0666	Blastocystis sp subtype 1	1000	0
Posterior fornix	42	SP0667	Staphylococcus hominis	1000	0
Posterior fornix	42	SP0668	Corynebacterium amycolatum	1000	0
Posterior fornix	42	SP0669	Agitococcus lubricus	1000	0
Posterior fornix	42	SP0670	Listeria monocytogenes	1000	0
Posterior fornix	42	SP0671	Bacteroides caecimuris	1000	0
Posterior fornix	42	SP0672	Acinetobacter junii	1000	0
Posterior fornix	42	SP0673	Acinetobacter lwoffii	1000	0
Posterior fornix	42	SP0674	Dermabacter hominis	1000	0
Posterior fornix	42	SP0675	Micrococcus lylae	1000	0
Posterior fornix	42	SP0676	Corynebacterium sp HMSC08A12	1000	0
Posterior fornix	42	SP0677	Corynebacterium hadale	1000	0
Posterior fornix	42	SP0678	Pyramidobacter piscolens	1000	0
Posterior fornix	42	SP0679	Corynebacterium simulans	1000	0
Posterior fornix	42	SP0680	Comamonas kerstersii	1000	0
Posterior fornix	42	SP0681	Bifidobacterium breve	1000	0
Posterior fornix	42	SP0682	Enterobacter cloacae complex	1000	0
Posterior fornix	42	SP0683	Enterobacter bugandensis	1000	0
Posterior fornix	42	SP0684	Actinomyces turicensis	1000	0
Posterior fornix	42	SP0685	Staphylococcus haemolyticus	1000	0
Posterior fornix	42	SP0686	Burkholderia cenocepacia	1000	0
Posterior fornix	42	SP0687	Burkholderia pyrrocinia	1000	0
Posterior fornix	42	SP0688	Jonquetella anthropi	1000	0
Posterior fornix	42	SP0689	Bacteroides stercorirosoris	1000	0
Posterior fornix	42	SP0690	Bacteroides oleiciplenus	1000	0
Posterior fornix	42	SP0691	Corynebacterium afermentans	1000	0
Posterior fornix	42	SP0692	Lactobacillus curvatus	1000	0
Posterior fornix	42	SP0693	Clostridioides difficile	1000	0
Posterior fornix	42	SP0694	Lactobacillus plantarum	1000	0
Posterior fornix	42	SP0695	Candida dubliniensis	1000	0
Posterior fornix	42	SP0696	Lactobacillus fermentum	1000	0
Posterior fornix	42	SP0697	Hafnia paralvei	1000	0
Posterior fornix	42	SP0698	Candidatus Gastranaerophilales bacterium	1000	0
Posterior fornix	42	SP0699	Kocuria indica	1000	0
Posterior fornix	42	SP0700	Streptococcus agalactiae	1000	0
Posterior fornix	42	SP0701	Enterococcus dispar	1000	0
Posterior fornix	42	SP0702	Firmicutes bacterium CAG 646	1000	0
Posterior fornix	42	SP0703	Peptoniphilus sp DNF00840	1000	0
Posterior fornix	42	SP0704	Bacteroidales bacterium KA00251	1000	0
Posterior fornix	42	SP0705	Ureaplasma urealyticum	1000	0
Posterior fornix	42	SP0706	Veillonella montpellierensis	1000	0
Posterior fornix	42	SP0707	Actinomyces urogenitalis	1000	0
Posterior fornix	42	SP0708	Actinomyces radingae	1000	0
Posterior fornix	42	SP0709	Megasphaera sp BV3C16 1	1000	0
Posterior fornix	42	SP0710	Bifidobacterium scardovii	1000	0
Posterior fornix	42	SP0711	Staphylococcus warneri	1000	0
Posterior fornix	42	SP0712	Veillonella sp CAG 933	1000	0
Posterior fornix	42	SP0713	Lachnospiraceae bacterium 2 1 46FAA	1000	0
Posterior fornix	42	SP0714	Clostridium neonatale	1000	0
Posterior fornix	42	SP0715	Lactobacillus algidus	1000	0
Posterior fornix	42	SP0716	Lactobacillus reuteri	1000	0
Posterior fornix	42	SP0717	Moraxella lacunata	1000	0
Posterior fornix	42	SP0718	Staphylococcus pasteuri	1000	0
Posterior fornix	42	SP0719	Pantoea ananatis	1000	0
Posterior fornix	42	SP0720	Parascardovia denticolens	1000	0
Posterior fornix	42	SP0721	Brevundimonas diminuta	1000	0
Posterior fornix	42	SP0722	Mixta calida	1000	0
Posterior fornix	42	SP0723	Acinetobacter ursingii	1000	0
Posterior fornix	42	SP0724	Corynebacterium striatum	1000	0
Posterior fornix	42	SP0725	Acinetobacter parvus	1000	0
Posterior fornix	42	SP0726	Roseomonas mucosa	1000	0
Posterior fornix	42	SP0727	Acinetobacter bereziniae	1000	0
Posterior fornix	42	SP0728	Paracoccus sanguinis	1000	0
Posterior fornix	42	SP0729	Lactobacillus mucosae	1000	0
Posterior fornix	42	SP0730	Acidovorax caeni	1000	0
Posterior fornix	42	SP0731	Porphyromonas cangingivalis	1000	0
Posterior fornix	42	SP0732	Porphyromonas gulae	1000	0
Posterior fornix	42	SP0733	Porphyromonas gingivicanis	1000	0
Posterior fornix	42	SP0734	Staphylococcus cohnii	1000	0
Posterior fornix	42	SP0735	Neisseria dumasiana	1000	0
Posterior fornix	42	SP0736	Lactobacillus rhamnosus	1000	0
Posterior fornix	42	SP0737	Fusobacterium gonidiaformans	1000	0
Posterior fornix	42	SP0738	Bacteroides zoogleoformans	1000	0
Posterior fornix	42	SP0739	Cloacibacillus porcorum	1000	0
Posterior fornix	42	SP0740	Leuconostoc garlicum	1000	0
Posterior fornix	42	SP0741	Dialister succinatiphilus	1000	0
Posterior fornix	42	SP0742	Gemmiger sp An194	1000	0
Posterior fornix	42	SP0743	Mycolicibacterium mucogenicum	1000	0
Posterior fornix	42	SP0744	Massilia timonae	1000	0
Posterior fornix	42	SP0745	Sphingobium yanoikuyae	1000	0
Posterior fornix	42	SP0746	Herbaspirillum sp	1000	0
Posterior fornix	42	SP0747	Synechococcus sp JA 2 3B a 2 13	1000	0
Posterior fornix	42	SP0748	Roseiflexus sp RS 1	1000	0
Posterior fornix	42	SP0749	Streptococcus lutetiensis	1000	0
